1.574180
1.610397
1.585380
1.647978
1.613024
1.600503
1.629140
1.579614
1.620489
1.651870
1.686944
1.734881
1.794257
1.601783
1.678379
1.602249
1.675207
1.604544
1.670013
1.621055
1.655243
1.686013
1.850897
1.604780
1.698366
1.600216
1.625151
1.607982
1.668391
1.595891
1.691753
1.671966
1.732288
1.823405
1.720474
1.589445
1.617941
1.639267
1.594196
1.661658
1.709891
2.035500
1.679847
1.629222
1.700538
1.630702
1.627418
1.587753
1.616892
1.656738
1.686358
1.680045
1.660799
1.605140
1.672124
2.248976
1.597572
1.626482
1.711659
1.701758
2.006897
1.606787
1.658663
1.635210
1.678505
1.661575
1.620212
2.745686
1.676252
1.661086
1.677742
1.656368
1.614394
1.704666
1.667217
1.624115
1.610011
1.596890
1.670750
1.690456
1.703309
1.659725
1.606710
1.664789
1.598233
1.604863
1.637316
1.608302
1.614396
1.653335
1.763527
1.683867
1.605977
1.664378
1.615746
1.615024
1.643073
1.620606
1.627487
1.659346
1.647893
1.687417
1.872715
1.674456
1.757570
1.611310
1.611463
1.611941
1.634030
1.660745
1.775543
1.682495
1.613257
1.682196
1.642566
1.642145
1.592651
1.685747
1.658309
1.752605
1.658698
1.723703
1.657013
1.682670
1.601674
1.599023
1.621753
1.644258
1.661218
1.666101
1.672387
1.823331
1.641767
1.695413
1.677542
1.594567
1.623900
1.596955
1.652314
1.736902
1.656700
1.775438
1.655266
1.681985
1.630067
1.604215
1.656027
1.594768
1.652245
1.644715
1.726790
1.728059
1.703044
1.654538
1.607019
1.611220
1.611323
1.639589
1.632786
1.686992
1.693020
1.796115
1.682015
1.718804
1.615025
1.620375
1.613559
1.629055
1.632590
1.715409
1.648959
1.882532
1.612610
1.659234
1.605455
1.622156
1.607537
1.607011
1.624724
1.656923
1.813411
1.691212
2.236693
1.664378
1.620226
1.661333
1.657674
1.613006
1.619851
1.757571
1.671891
1.667568
1.623126
1.659452
1.616074
1.616218
1.607344
1.744620
1.628867
1.655229
1.644857
1.691135
1.619858
1.662091
1.615011
1.605188
1.614154
1.617001
1.623669
1.658989
1.654722
1.682115
1.610655
1.686417
1.604026
1.604796
1.615376
1.600701
1.620395
1.597930
1.674732
1.615292
2.035844
2.002592
1.606911
1.636652
1.618404
1.639965
1.663405
1.685327
1.653048
1.718136
1.595429
1.702658
1.683895
1.634677
1.624332
1.645050
1.661349
1.715567
1.684458
1.690497
1.655918
1.687873
1.600699
1.593469
1.619765
1.626591
1.688795
1.675373
2.784431
1.644001
1.587879
1.635810
1.604128
1.589298
1.593690
1.624571
1.769386
1.667801
1.609039
1.658115
1.617076
1.664627
1.609006
1.611998
1.621617
1.594992
1.621596
1.650858
1.762857
1.682942
1.612808
1.661297
1.600234
1.616233
1.607664
1.627198
1.655112
1.700470
1.746610
2.896021
1.752691
1.657263
1.626057
1.612227
1.661351
1.639846
1.794822
1.653403
1.701203
1.598516
1.677858
1.613059
1.700840
1.654847
1.639748
1.703101
1.677967
1.681775
1.680904
1.652569
1.675645
1.675835
2.504736
1.658623
1.713953
1.670344
1.775499
1.845081
1.925844
1.640430
1.663770
1.595004
1.610634
1.613330
1.620379
1.700654
2.129363
1.703490
1.602623
1.661286
1.609971
1.585589
1.626522
1.613187
1.646303
1.661590
1.636615
1.679216
1.616336
1.666997
1.604975
1.621551
1.603116
1.604633
1.627794
1.676985
1.744089
1.794786
1.623285
1.651600
1.646409
1.622454
1.599412
1.606736
1.625782
1.657412
1.659122
1.727019
1.878644
1.678626
1.597663
1.658403
1.679865
1.638851
1.696270
1.678938
1.644998
1.685686
1.733008
1.657575
1.706437
1.637106
1.679871
1.848386
1.638908
1.664062
1.682729
1.663454
1.610871
1.941473
1.625110
1.603037
1.744083
1.614777
1.653944
1.724371
1.691405
1.689005
1.644306
1.666448
1.633150
1.608094
2.627114
1.629767
1.654023
1.642595
1.611844
1.690425
1.603531
1.648403
1.611037
1.637143
1.604906
1.628100
1.653153
1.685821
1.623274
1.660388
1.607115
1.660742
1.601861
1.606362
1.603385
1.611192
1.632687
1.668339
1.836467
1.668590
1.625141
1.651480
1.625896
1.622461
1.609103
1.598318
1.620139
1.694471
1.681163
1.673055
1.625215
1.654418
1.614882
1.604740
1.602687
1.610619
1.631267
1.655439
1.661284
1.643129
1.612508
1.664764
1.975958
1.603010
1.651554
2.953292
1.673581
1.638497
1.655964
1.636335
1.685724
1.595365
1.620202
1.611367
1.599770
1.621566
1.647847
1.816175
1.768343
1.587232
1.650033
1.611098
1.632512
1.608060
1.614047
1.620233
1.647978
1.658220
1.742537
1.968406
1.679101
1.612092
1.622474
1.591088
1.595624
1.638236
1.699334
1.653563
1.682268
2.002443
1.660235
1.849065
1.638710
1.635452
1.591958
1.696122
1.658127
1.640400
1.733917
1.744462
1.653446
1.623914
1.603088
1.609078
1.605173
1.691371
1.644835
1.628693
1.685512
1.612851
1.651969
1.608735
1.614151
1.607217
1.600024
1.733029
1.733249
1.960174
1.749069
1.587555
1.670468
1.598401
1.587226
1.606001
1.597520
2.133248
1.660313
1.770601
1.650631
1.609093
1.657253
1.626120
1.607239
1.601149
1.603975
1.768190
1.893763
1.587410
1.692133
1.778115
1.659458
2.486550
1.600274
1.606048
1.625188
1.759385
1.671370
1.623581
1.659941
1.756468
1.597516
1.608702
1.597758
1.620487
1.645607
1.636846
1.656728
1.612339
1.668364
1.590764
1.668867
1.593699
1.622234
1.588339
1.655218
1.634685
1.651870
1.600640
1.682904
1.581537
1.631556
1.583172
1.592338
1.606720
1.652889
1.903370
1.657216
1.586954
1.680079
1.584150
1.649654
1.604555
1.621443
1.609021
1.587787
1.662760
1.776332
1.581433
1.688440
1.604885
1.661233
1.604696
1.626529
1.588271
1.593957
1.698400
1.643762
1.627739
2.061880
1.625838
1.646551
1.655969
1.584783
1.592920
1.769098
1.679649
1.739892
1.651439
1.676848
1.595803
1.656932
1.625469
1.602712
1.605794
1.609231
1.675932
1.654405
1.634889
1.703730
1.634689
1.657453
1.619256
1.590907
1.590675
1.619069
1.675916
1.639755
1.661559
1.668004
1.704092
1.664765
1.655822
1.587219
1.595415
1.611164
1.668201
1.585074
1.668464
1.590188
1.656709
1.639371
1.650450
1.595904
1.609075
1.587596
1.609347
1.636955
1.670645
1.662447
1.640740
1.600624
1.644187
1.587405
1.594623
1.589511
1.601064
1.660385
1.844092
1.589353
1.714312
1.590141
1.678730
1.599623
1.611087
1.613197
1.632725
1.671049
1.666482
1.587836
1.671707
1.650084
1.649600
1.586705
1.615088
1.600942
1.624489
1.679161
1.645910
1.630561
1.656705
1.606668
1.657603
1.619051
1.604224
1.628620
1.614372
1.723446
1.689624
1.642937
1.650006
1.611774
1.665426
1.592980
1.600002
1.606976
1.621360
1.616546
1.944934
1.627682
1.602796
1.730533
1.669212
1.627347
1.605726
1.587102
1.589253
1.613166
1.642867
1.665351
1.611929
1.636641
1.589597
1.650003
1.600405
1.602784
1.603403
1.613883
1.664931
1.671015
1.646592
1.652321
1.602366
1.670617
1.619112
1.587536
1.590444
1.637796
1.697187
1.645102
1.588558
1.666506
1.594546
1.670029
1.599157
1.616281
1.581436
1.593686
1.726209
1.670370
1.742860
1.646418
1.595331
1.657262
1.608827
1.577199
1.584483
1.582508
1.815175
1.796464
1.682537
1.682581
1.613951
1.712969
1.603246
1.578578
1.598800
1.583701
1.640898
1.664544
1.677868
1.680775
1.579835
1.691516
1.579284
1.621444
1.703722
1.659846
1.583198
2.236900
1.764531
1.626636
1.597697
1.639041
1.582008
1.625507
1.589229
1.578062
1.685242
1.653888
1.639688
1.648288
1.592387
1.665269
1.592339
1.585420
1.937391
1.611809
1.638727
1.662732
1.861623
1.673446
1.614502
1.664401
1.596616
1.603779
1.616016
1.632808
1.794544
1.673265
1.630720
1.642024
1.619014
1.651823
1.629109
1.626615
1.641580
1.578402
1.677664
1.669873
1.651929
1.633732
1.653951
1.622428
1.814182
1.604861
1.630468
1.613623
1.599694
1.665303
1.641309
1.598906
1.645422
1.616677
1.653462
1.614479
1.611810
1.608009
1.607114
1.691979
1.657015
1.593607
1.649573
1.594811
1.656123
1.597609
1.600661
1.591568
1.587559
1.650221
1.702363
1.614098
1.642609
1.600677
1.648924
1.611897
1.592640
1.597789
1.613201
1.657545
1.633956
1.637838
1.634307
1.625104
1.646185
1.609537
1.606224
1.586387
1.593488
1.778158
1.656176
1.633240
1.596339
1.646073
1.598437
1.668804
1.587467
1.592436
1.600815
1.613411
1.649616
1.666195
1.599535
1.642015
1.604843
1.646246
1.595716
1.625485
1.595688
1.602949
1.742176
1.677976
1.669465
1.640944
1.579186
1.637997
1.597668
1.581567
1.586150
1.591692
1.774951
1.741316
1.650430
1.712179
1.597381
1.654504
1.595152
1.606942
1.604861
1.600948
1.643004
1.669867
1.667599
1.642250
1.604244
1.644126
1.588413
1.605863
1.618331
1.601953
1.752733
1.748070
1.634586
1.663453
1.589867
1.633000
1.626808
1.599209
1.591403
1.595825
1.605082
1.643764
1.669111
1.619380
1.697954
1.573929
1.694419
1.587147
1.592255
1.596743
1.654762
1.663931
1.696363
1.758038
1.681661
1.704262
1.638650
1.596361
1.595810
1.591203
1.648965
1.670735
1.657628
1.674289
1.679168
1.581340
1.638377
1.590777
1.589323
1.595755
1.588683
1.692790
1.923805
1.567721
1.637275
1.586387
1.631807
1.584192
1.617530
1.575015
1.581507
1.649849
1.617767
1.667037
1.638196
1.655956
1.639998
1.616255
1.592826
1.590785
1.633591
1.664548
1.911050
1.648211
1.646608
1.594077
1.693930
1.597013
1.582069
1.587510
1.595778
1.618120
2.536685
1.593719
1.671826
1.595522
1.661682
1.599228
1.608120
1.604019
1.623940
1.660255
2.159666
1.610600
1.660196
1.657088
1.667976
1.597369
1.631470
1.594789
1.596844
1.678386
1.754926
1.587067
1.632654
1.598202
1.671006
1.608851
1.614308
1.595726
1.586745
1.659473
1.725875
1.658526
1.632223
1.583132
1.681321
1.590539
1.622836
1.600483
1.671597
1.721499
1.736651
2.015534
1.644161
1.615352
2.270334
1.589334
1.588626
1.857604
1.601770
1.644145
1.916175
1.595296
1.649931
1.592585
1.652275
1.615095
1.591410
1.604865
1.615301
1.686406
2.266388
1.590269
1.634888
2.045264
1.592475
1.618266
1.638825
1.591715
1.660105
1.782924
2.289650
1.678097
1.588186
1.670792
1.605376
1.615133
1.593451
1.592680
1.696583
1.640129
1.640434
1.638853
1.591708
1.659082
1.616665
1.590615
1.608147
1.585352
1.700395
1.665196
1.658826
1.668632
1.628421
1.652412
1.628157
1.622119
1.626447
1.605292
1.658156
1.698965
1.645360
1.585600
1.634631
2.312391
1.598653
1.601209
1.611309
1.594544
1.668054
1.643291
1.641695
1.649951
1.594287
1.645210
1.623336
1.592427
1.634757
1.589924
1.657817
1.644962
1.629389
1.616477
1.650484
1.611645
1.643979
1.607265
1.603316
1.604823
1.648815
1.672908
1.687511
1.838853
1.650694
1.607897
1.637978
1.623161
1.618448
1.623423
1.643936
1.752855
1.633417
1.851771
1.647625
1.626804
1.647041
1.620213
1.591249
1.593617
1.769309
1.941562
1.627257
1.606868
1.665354
1.613541
1.658195
1.612139
1.605794
2.178702
1.710735
1.661088
1.678047
1.657789
1.618222
1.653460
1.600789
2.679131
1.626432
1.669387
1.695770
1.654736
1.658085
1.664068
1.634545
1.660350
1.607012
1.608041
1.655043
1.654855
1.671905
1.657620
1.659414
1.686689
1.605878
1.656453
1.601793
1.607119
1.611169
1.698417
1.776722
1.652549
1.652256
1.669011
1.609453
1.650031
1.615741
1.604704
1.629838
1.612379
1.698702
1.706720
1.666468
1.658778
1.609641
1.659384
1.597651
1.614295
1.610719
1.606029
1.670845
1.975686
1.662712
1.647656
1.618719
1.644600
1.603639
1.617207
1.599800
1.604132
1.709162
1.638295
1.647892
1.649954
1.617147
1.665608
1.606661
1.631554
1.605142
1.610987
1.714076
1.919113
1.663239
1.671918
1.626884
1.646283
1.598236
1.632310
1.638241
1.627842
1.698027
1.935073
1.656504
1.637459
1.615274
1.646849
1.590869
1.603786
1.593716
1.609292
1.731417
1.658862
1.630942
1.669951
1.589715
1.662961
1.638777
1.575008
1.587331
1.606689
1.655392
1.750632
1.644444
1.590103
1.640789
1.618981
1.644037
1.606945
1.599031
1.600936
1.663344
1.783590
1.700060
1.603839
1.692251
1.610902
1.665676
1.614905
1.625414
1.605286
2.031228
1.768722
1.736798
1.599514
1.652068
1.592456
1.737558
1.630321
1.599729
1.704515
1.662138
1.665481
1.646927
1.577876
1.633713
1.609305
1.637386
1.599645
1.592408
1.595990
1.691174
1.658318
1.688356
1.843183
1.637124
1.612779
1.673065
1.660388
1.576312
1.611090
1.604852
1.709867
1.720013
1.832701
1.668345
1.613637
1.643690
1.600789
1.607911
1.611988
1.600004
1.684037
1.656457
1.951442
1.642362
1.624511
1.644750
1.598610
1.606008
1.592755
1.598854
1.694618
1.628372
1.651767
1.640753
1.595378
1.725031
1.604789
1.604872
1.597922
1.645901
1.663949
1.660131
1.624280
1.843782
1.614378
1.659197
1.602709
1.632848
1.590239
1.605796
1.751784
1.882510
1.626168
1.650291
1.611689
1.652446
1.604677
1.609973
1.618178
1.618406
1.693456
1.659091
1.636647
1.647545
1.600936
1.654697
1.606796
1.625536
1.609168
1.627437
1.666126
1.644398
1.638915
1.640102
1.607458
1.659145
1.596520
1.617250
1.587395
1.605171
1.688776
1.943074
1.699100
1.644975
1.601110
1.677810
1.647190
1.580991
1.607995
1.619394
1.651668
1.694696
1.661740
1.580545
1.640248
1.716046
1.596085
1.631407
1.608986
1.600910
1.775274
1.758883
1.642125
1.597655
1.700648
1.720405
1.596361
1.618084
1.601345
1.605787
1.672644
1.969392
1.642779
1.610602
1.701156
1.653232
1.621005
1.606924
1.626631
1.620192
1.813176
1.767769
1.670657
1.676255
1.601253
1.665040
1.625366
1.629491
1.634034
1.593631
1.691559
2.081937
1.642417
1.646828
1.648096
1.653413
1.608398
2.243026
1.603804
1.606036
1.694287
1.655720
1.649211
1.671418
1.612423
1.662891
1.607835
1.613711
1.661353
1.983718
1.686491
1.643261
1.663645
1.638216
1.610312
1.648426
1.628703
1.609902
1.620390
1.604508
1.644174
1.656760
1.641693
1.679406
1.585090
1.649383
1.620492
1.610118
1.606870
1.630061
1.671910
1.859606
1.786138
1.845014
1.606861
1.667644
1.607866
1.605030
1.638872
1.601906
1.667570
1.652731
1.656911
2.274679
1.613596
1.645080
1.607779
1.603883
1.606188
1.614101
1.663819
1.713178
1.680386
1.650465
1.640323
1.651798
1.606849
1.609912
1.616424
1.601940
1.668771
1.648611
1.644073
1.669487
1.604302
1.653641
1.607927
1.620363
1.646750
1.582631
1.644886
1.928287
1.635625
1.638893
1.586513
1.629912
1.613260
1.597393
1.605546
1.643585
1.650267
1.737494
1.644577
1.640385
1.607721
1.655482
1.605489
1.596756
2.195664
1.623117
1.631362
1.677306
1.643273
1.688033
1.635366
1.658072
1.622181
1.615873
1.626517
1.607305
1.639472
1.658753
1.644865
1.678032
1.582895
1.644391
1.616284
1.603599
1.605947
1.615208
1.643951
1.727237
1.659144
1.605211
1.649366
1.766648
1.612435
1.612278
1.599873
1.620076
1.602127
1.649913
1.645994
1.585669
1.632383
1.604719
1.681392
1.590410
1.583364
1.574036
1.599774
1.661526
1.659046
1.631718
1.610966
1.604567
1.667890
1.585424
1.604889
1.581222
1.582582
1.664800
1.630848
1.626467
1.626220
1.584235
1.636744
1.583015
1.577109
1.575440
1.573541
1.596689
1.626902
1.649801
1.594300
1.654604
1.580952
1.644324
1.848989
1.585337
1.740960
1.706715
1.645557
1.619363
1.591161
1.637621
1.600640
1.630799
1.582286
1.611113
1.587419
1.601928
1.647992
1.618966
1.620296
1.638411
1.592980
1.643840
1.596343
1.617944
1.589834
1.599435
1.655375
1.641304
1.649964
1.644983
1.590387
1.654092
1.594809
1.620377
1.602956
1.576450
1.649863
1.642982
1.637242
1.701656
1.610176
1.668995
1.593338
1.595834
1.592846
1.594636
1.609061
1.642762
1.641896
1.584604
1.767607
1.602240
1.647972
1.615895
1.595374
1.609835
1.597525
1.643343
1.670298
1.828352
1.633219
1.597568
1.659547
1.599753
1.602045
1.588505
1.592117
1.780362
1.632331
1.629828
1.673443
1.606515
1.667228
1.607309
1.616137
1.605919
1.607787
1.656498
1.641996
1.640796
2.174829
1.605308
1.681096
1.659720
1.605994
1.589637
1.625622
1.690307
1.645993
1.626704
1.644411
1.599594
1.644834
1.617175
1.609851
1.584564
1.591656
1.653281
1.643115
1.637689
1.655751
1.597609
1.649482
1.594333
1.586410
1.600646
1.618310
1.687631
1.693017
1.669430
1.649188
1.636455
1.670943
1.622396
1.631559
1.593514
1.597965
1.717553
1.655626
1.638116
1.590299
1.658374
1.604739
1.759322
1.610716
1.605055
1.609576
1.595173
1.662171
1.674905
1.590064
1.664207
1.623060
1.639818
1.601610
1.630917
1.601440
1.623508
1.692343
1.634805
1.694872
1.661951
1.604718
1.667864
1.619885
1.602864
1.619369
1.613337
1.661579
1.654395
1.669298
1.657698
1.611661
1.667398
1.611680
1.628623
1.612899
1.627615
1.646226
1.658810
1.629146
1.665046
1.605597
1.644866
1.595126
1.610013
1.680497
1.632716
1.686254
1.662945
1.639093
1.657989
1.607466
1.656331
1.630359
1.596647
1.604340
1.606344
1.701818
1.644431
1.635946
1.593367
1.663802
1.608911
1.668689
1.648575
1.632234
1.601903
1.619679
1.972749
1.650013
1.593735
1.653041
1.601481
1.667906
1.612911
1.607836
1.625544
1.619303
1.663074
1.631343
1.610761
1.643173
1.616439
1.658217
1.603550
1.605872
1.616227
1.614995
1.658593
1.648610
1.640914
1.654348
1.612392
1.659894
1.622024
1.611203
1.612279
1.630413
1.680108
1.637343
1.664128
1.648795
1.592243
1.642825
1.600291
1.594433
1.619650
1.610094
1.629509
1.641430
1.659868
1.629530
1.611762
1.660157
1.605353
1.634316
1.615344
1.628488
1.613141
1.674920
1.641565
1.593243
1.650899
1.598489
1.650239
1.618201
1.595770
1.699389
1.616079
1.686051
1.650385
1.587830
1.648651
1.764932
1.658083
1.603394
1.624490
1.608608
1.617186
1.687286
1.693949
1.719980
1.668976
1.608474
1.689176
1.612590
1.610844
1.608983
1.600617
1.672780
1.647547
1.669542
1.765195
1.599515
1.672730
1.617789
1.605789
1.607057
1.607120
1.685247
1.673056
1.651932
1.651794
1.629556
1.658493
1.631485
1.602747
1.613045
1.609293
1.670414
1.652438
1.638880
1.642592
1.619721
1.666477
1.610585
1.630702
1.614815
1.606747
1.650279
1.675248
1.651204
1.654918
1.624216
1.650323
1.605599
1.598749
1.603082
1.611109
1.671602
1.754358
1.641931
1.595131
1.703535
1.653131
1.602738
1.608079
1.635877
1.601272
1.638608
1.676749
1.659065
1.745033
1.648758
1.604972
2.248495
1.603992
1.592697
1.622491
1.661587
1.770756
1.638785
1.632695
1.594256
1.662832
1.617223
1.593306
1.615173
1.617266
1.603598
1.685632
1.628378
1.626014
1.675423
1.609758
1.667394
1.612020
1.618293
1.595936
2.760408
1.653402
1.668464
1.657376
1.604828
1.661549
1.605924
1.606923
1.653235
1.602857
1.695464
1.666975
1.651963
1.653110
1.631368
1.660509
1.633092
1.613286
1.609162
1.606093
1.636060
1.617817
1.654149
1.644446
1.591401
1.647987
1.614963
1.602836
1.603894
1.613156
1.621425
1.665568
1.671071
1.585629
1.653953
1.612934
1.645740
1.604666
1.614418
1.606958
1.613420
1.652069
1.696975
1.747315
1.647902
1.591513
1.636962
1.597602
1.595983
1.582425
1.616333
1.692226
1.634731
1.641318
1.649228
1.595181
1.656109
1.599240
1.597661
1.612070
1.597775
1.672756
1.640389
1.651296
1.663371
1.638036
1.638958
1.704537
1.638230
1.608046
1.600491
1.679067
1.657572
1.653626
1.674244
1.607693
1.652667
1.616944
1.603929
1.610211
1.609195
2.416778
1.661914
1.650101
1.651001
2.588836
1.626301
1.603022
1.636881
1.589630
1.615807
1.656763
1.651408
1.700053
1.661439
1.613647
1.664391
1.613950
1.602941
1.610120
1.612176
1.664381
1.676607
1.713596
1.643433
1.635838
1.651776
1.600504
1.618304
1.594469
1.606566
1.674017
1.654480
2.177310
1.653982
1.628205
1.650255
1.606583
1.597835
1.617241
1.627485
1.673677
1.689955
1.597943
1.650755
1.638969
1.657639
1.624587
1.625081
1.989474
1.613442
1.646698
1.659114
1.622964
1.660601
1.607846
1.651176
1.635278
1.609198
1.606040
1.617757
1.658536
1.653376
1.777534
1.690046
1.606797
1.658393
1.608954
1.616257
1.609154
1.631767
1.656492
1.654837
1.653281
1.650852
1.620775
1.666823
1.614588
1.614959
1.628360
1.611087
1.787699
1.670478
1.844917
1.644595
1.602096
1.654843
1.992389
1.589530
1.658068
1.610265
1.664534
1.658641
1.875200
1.675902
1.608728
1.660905
1.590064
1.585307
1.602612
1.599420
1.650971
1.648717
1.636690
1.655783
1.636749
1.656094
1.624279
1.615288
1.606215
1.598664
1.631859
1.586336
1.667567
1.676177
1.645834
1.636406
1.604149
1.601608
1.602799
1.655738
1.632577
1.747382
1.658814
1.700860
1.683956
1.652290
1.608566
1.639594
1.615237
1.606797
1.655161
1.667180
1.643104
1.866469
1.649861
1.679881
1.593765
1.630394
2.312326
1.650982
1.650867
1.584315
1.670126
1.655861
1.659579
1.650792
1.614667
1.587854
1.613889
1.596605
1.660295
1.666093
1.653513
1.675704
1.650880
1.658874
1.612997
1.615266
1.621478
1.597899
1.653307
1.740037
1.648397
1.655675
1.655729
2.848435
1.938850
1.607940
1.913057
1.670516
1.604980
1.656668
1.688023
1.639329
1.670929
1.623920
1.611330
1.641781
1.599934
1.640936
1.642827
1.649481
1.692230
1.616761
1.655178
1.607764
1.603748
1.596926
1.615319
1.676701
1.648850
1.670718
1.589542
1.879737
1.678924
1.973152
1.604810
1.637632
1.623348
1.663377
1.642723
1.653446
1.644885
1.608100
1.634033
1.592570
1.617584
1.612041
1.580538
1.662103
1.631005
1.642589
1.596224
1.640895
1.664696
1.674715
1.599426
1.624549
1.614789
1.602754
1.981215
1.779118
2.057496
1.625921
1.726099
2.304400
1.648782
1.635370
1.758819
1.684939
1.695293
1.755146
1.691584
1.754005
1.924162
1.673415
1.709384
1.595883
1.676306
1.801303
1.650392
1.730987
1.769964
1.696913
1.603906
1.627177
1.605157
1.611301
1.658356
1.662162
1.668491
1.641107
2.051501
1.654882
1.620444
1.606858
1.602972
1.607202
1.640022
1.659723
1.644005
1.929541
1.608873
1.668483
1.613159
1.613228
1.588525
1.597881
1.672754
1.665197
1.670382
1.742169
1.612715
1.665909
1.607590
1.604653
1.602074
1.611148
1.669697
1.648704
1.643127
1.617220
1.662117
1.599923
1.655441
1.639394
1.633413
1.594945
1.609222
1.650133
1.664338
1.708195
1.651208
1.604584
1.667800
1.638634
1.605128
1.616189
1.632685
1.651524
1.679959
1.844467
1.684939
1.621013
1.668348
1.632484
1.614610
1.601743
1.609846
1.665480
1.657703
1.648035
1.666876
1.609294
1.671577
1.608771
1.600824
1.603824
1.626491
1.674455
1.652388
1.675820
1.641526
1.601296
1.649173
1.619071
1.586455
1.584536
1.585470
1.661986
1.655005
1.637034
1.655011
1.605482
1.641111
1.592186
1.602858
1.611131
1.593424
1.613936
1.671386
1.667852
1.654479
1.796615
1.640484
1.638375
1.591657
1.597695
1.609725
1.648998
1.679251
1.628419
1.579351
1.662314
1.591612
1.653433
1.590807
1.594354
1.590639
1.764926
1.644527
1.732089
1.680761
1.618267
1.571174
1.616180
1.586430
1.586686
1.581852
1.613117
1.619519
1.627228
1.625925
1.630940
1.582977
1.639403
1.575940
1.593850
1.613109
1.586585
1.681772
1.632552
1.643593
1.670122
1.599505
1.660531
1.602063
1.605610
1.576170
1.617361
1.613707
1.646978
1.649157
1.615544
1.902101
1.667784
1.598606
1.619118
1.591878
1.596031
1.679846
1.585433
1.663086
1.596322
1.666270
1.602791
1.671633
1.588880
1.621649
1.592939
1.600033
1.719776
1.604824
1.645706
1.654167
1.592612
1.669885
1.597551
1.617024
1.592701
1.608011
1.662347
1.641046
1.644665
1.640469
1.595188
1.673857
1.591666
1.616207
1.596904
1.596903
1.679782
1.643880
1.636037
1.639655
2.082028
1.641194
1.597335
1.634731
1.593775
1.582449
1.657193
1.635699
1.645760
1.653645
1.625925
1.641370
1.630247
1.593374
1.580123
1.606862
1.600577
1.644530
1.662124
1.878191
1.594174
1.682628
1.649577
1.596747
1.605185
1.638606
1.609276
1.677718
1.675938
1.694731
1.790988
1.655588
1.593168
1.608991
1.612374
1.600989
1.604795
1.689965
1.669033
2.186491
1.582140
1.644030
1.602747
1.629649
1.589567
1.597749
1.664517
1.644738
1.642185
1.683980
1.820353
1.637721
1.593615
1.590747
1.595424
1.582392
1.675930
1.630211
1.626794
1.591232
1.651028
1.582331
1.637784
1.586263
1.579635
1.594633
1.573354
1.625197
1.638002
1.645263
1.638406
1.586174
1.640144
1.582323
1.606979
1.589625
1.607128
1.658551
1.672533
1.633968
1.706726
1.696063
1.638908
1.603544
1.618165
1.604541
1.624192
1.684820
1.685636
1.662772
1.645278
1.583972
1.654571
1.638390
1.597485
1.633600
1.617343
1.615146
1.596221
1.638718
1.647842
1.864733
1.683198
1.595874
1.589049
1.600047
1.611023
1.619491
1.654660
1.741990
1.593783
1.655345
1.603112
1.645661
1.633259
1.598864
1.642737
1.619283
1.669652
1.717021
1.734999
1.642505
1.607027
1.675870
1.605693
1.609845
1.602927
1.662188
1.642700
1.657508
1.956246
1.662118
1.604377
1.674648
1.603717
1.597786
1.613379
1.668090
1.653654
1.641200
1.970756
1.649474
1.616094
1.657549
1.614967
1.584704
1.594546
1.595886
1.653694
1.636500
1.649017
1.661108
1.596633
1.669771
1.579238
1.600424
1.609106
1.587706
1.654498
1.653530
1.646438
1.639821
1.602018
1.669909
1.599193
1.626584
1.647560
1.612418
1.682219
1.758963
1.745358
1.636641
1.597775
1.798635
1.593569
1.649286
1.568078
1.602168
1.665909
1.638045
1.648352
1.628292
1.588273
1.637201
1.593687
1.594541
1.615188
1.585702
1.611407
1.938565
1.621819
1.682219
1.600266
1.662025
1.593917
1.611783
1.565558
1.576940
1.600214
1.647072
1.666606
1.576699
1.645645
1.582786
1.654976
1.589646
1.581538
1.685700
1.600180
1.668517
1.645466
1.620367
1.636982
1.611657
1.631583
1.592125
1.596878
1.594737
1.587472
1.691121
1.635713
1.753331
1.649469
1.593085
1.641550
1.619512
1.601063
1.594842
1.620353
1.639958
1.707736
1.942547
2.140163
1.595989
1.646752
1.593391
1.607884
1.600739
1.594663
1.680933
1.642192
1.642955
1.639831
1.601802
1.646491
1.610683
1.598678
1.606077
1.628669
1.667575
1.759146
1.638616
1.648998
1.596495
1.657320
1.608820
1.603008
1.600586
1.598653
1.684690
1.659083
1.650663
1.671201
1.611486
1.679983
1.607880
1.635482
1.604099
1.620326
1.697397
1.633065
1.666781
1.658290
1.637833
1.591111
1.637178
1.595594
1.628485
1.599584
1.602942
1.656381
1.689086
1.690394
1.655179
1.672201
1.668941
1.590979
1.607729
1.607967
1.633857
1.656310
1.648790
1.653400
1.667759
1.670304
1.646934
1.613159
1.615586
1.625516
1.613778
1.664729
1.671020
1.644382
1.653207
1.622129
1.677843
1.599335
1.632935
1.612103
1.627149
1.834416
1.673896
1.640542
1.663002
1.622470
1.668290
1.596372
1.594931
1.594489
1.600822
1.702282
1.667434
1.628446
1.647561
1.590486
1.647241
1.606833
1.623044
1.595741
1.599801
1.690348
1.637969
1.992379
1.648408
1.607619
1.667407
1.589358
1.606884
1.611503
1.600922
1.700274
1.655529
1.638014
1.646153
1.611658
1.690611
1.607307
1.601288
1.594777
1.602902
1.661142
1.648591
1.656436
1.608566
1.648743
1.634662
1.647917
1.627141
1.607029
1.634485
1.610370
1.645701
1.683938
1.686743
1.648719
1.634884
1.652259
1.629167
1.616267
1.626385
1.608911
1.623088
1.634378
1.629551
1.672123
1.593006
1.664558
1.604509
1.622042
1.596107
1.626403
1.671213
1.642171
1.670570
1.633147
1.599282
1.657412
1.605281
1.597874
1.608028
1.601102
1.670546
1.653597
1.650130
1.653646
1.602242
1.676891
1.593317
1.631721
1.599625
1.594727
1.818199
1.745372
1.651563
1.649888
1.590270
1.649301
1.598552
1.598031
1.612095
1.601256
1.604257
1.656773
1.649887
1.600723
1.707555
1.601778
1.642239
1.590775
1.597593
1.597769
1.612175
1.684272
1.585730
1.842245
1.692161
1.601402
1.652036
1.620157
1.598792
1.589768
1.620248
1.647276
1.645145
1.646101
1.638754
1.597458
1.672186
1.585335
1.572330
1.586037
1.606892
1.676697
1.652926
1.644782
1.638557
1.602810
1.648533
1.592719
1.594800
1.589813
1.609984
1.619858
1.671665
1.632024
1.607637
1.699551
1.701772
1.600587
1.587567
1.593545
1.600651
1.612181
1.656133
1.656343
1.597138
1.641698
1.606449
1.637745
1.623262
1.583887
1.592852
1.602343
2.272465
1.646771
1.600848
1.646451
1.605976
1.652289
1.595827
1.610944
1.635743
1.607103
1.662362
1.726121
1.590339
2.696045
1.653586
1.637769
1.617239
1.606053
1.607180
1.671754
1.652115
1.682340
1.659553
1.611883
1.646022
1.617180
1.601551
1.592454
1.593728
1.791881
1.746572
1.645862
1.643755
1.589353
1.678145
1.599379
1.598861
1.608144
1.594704
1.603097
1.653121
1.630635
1.608489
1.653919
1.617870
1.643820
1.614666
1.849296
1.607087
1.637797
1.626076
1.651784
1.645660
1.785673
1.646065
1.653216
1.587211
1.613389
1.633363
1.622366
2.557779
1.654763
1.698098
1.605418
1.642030
1.604660
1.615339
1.616046
1.600922
1.612125
1.653461
1.630575
1.781730
1.599592
1.650601
1.600203
1.593762
1.595048
1.631540
1.717500
1.645772
1.665510
1.617306
1.645418
1.632820
1.778180
1.599307
1.592914
1.601651
1.626467
1.665559
2.227553
1.656717
1.619381
1.657638
1.627264
1.589566
1.597993
1.621341
2.083441
1.634501
1.657644
1.646491
1.620838
1.652929
1.594286
1.599697
1.617930
1.621408
1.673863
1.643208
1.678767
1.679547
1.617650
1.674745
1.608142
1.632529
1.598244
1.598603
1.641880
1.680670
1.651605
1.631527
1.636359
1.615905
1.664878
1.603785
1.594780
1.597995
1.649016
1.634858
1.670493
1.696142
1.644648
1.628995
1.625510
1.589205
1.612494
1.605409
1.589577
2.605799
1.622252
1.682714
2.034373
1.649240
1.610434
1.575144
1.581425
1.589512
1.700337
1.748591
1.655882
1.635568
1.581284
1.643300
1.585902
1.571544
1.614767
1.582452
1.585767
1.667607
1.624330
1.599675
1.667595
1.594537
1.643872
1.587380
1.593480
1.593302
1.609976
1.663620
1.637200
1.650873
1.652724
1.643029
1.674543
2.002016
1.604751
1.618245
1.629616
1.662585
1.698264
1.728756
1.658370
1.610280
1.645692
1.631327
1.602841
1.625420
1.606185
1.648290
1.654414
1.635196
1.684807
1.605559
1.672194
1.604932
1.625621
1.611062
1.893784
1.629316
1.643295
1.651962
1.647878
1.613929
1.641256
1.615133
1.574293
1.596881
1.618415
1.635730
1.639606
1.646253
1.639803
1.595596
1.664769
1.590817
1.602174
1.596715
1.802512
1.663391
1.646783
1.662592
1.653223
1.600650
1.655597
1.605773
1.607065
1.623569
1.607118
1.671881
1.650677
1.665604
1.610119
1.656396
1.721311
1.630996
1.612250
1.608119
1.605279
1.665389
1.612176
1.784164
1.674554
1.668475
1.605712
1.742705
1.603811
1.595801
1.620392
1.614390
1.674019
1.629076
1.589874
1.627241
1.589429
1.640843
1.582057
1.585537
1.588661
1.587669
1.618930
1.644153
1.675067
1.636003
1.600637
1.634887
1.597615
1.581555
1.596322
1.629879
1.668958
1.630211
1.642229
1.655873
1.599227
1.650202
1.610224
1.600264
1.601966
1.608164
1.626660
1.659019
1.648008
1.626227
1.641452
1.601942
1.752459
1.635803
1.610688
1.597151
1.623522
1.697729
1.755440
1.602481
1.666183
1.617901
1.708343
1.633251
1.610089
1.603949
1.639913
1.667576
1.649695
1.603885
1.653650
1.597718
1.650279
1.634491
1.625594
1.602021
1.619618
1.682986
1.670824
1.636644
1.652861
1.636151
1.664198
1.607519
1.610009
1.624724
1.609926
1.647030
1.651098
1.629236
1.688457
1.598081
1.643832
1.610904
1.598723
1.606848
1.641716
1.638943
1.630197
1.634916
1.638510
1.596268
1.658247
1.598301
1.619044
1.991716
1.597852
1.642963
1.689874
1.638458
1.644396
1.631359
1.654565
1.629233
1.604191
1.604690
1.593946
1.649218
1.649211
1.631243
1.596749
1.632707
1.603437
1.730660
1.586877
1.594745
1.600203
1.594950
1.636555
1.669574
1.593737
1.653946
1.604937
1.664628
1.607559
1.607993
1.591762
1.603241
1.660598
1.667183
1.639086
1.654104
1.618367
1.644144
1.623463
1.603461
1.598293
1.622368
1.625429
1.641235
1.635776
1.634708
1.593198
1.668235
1.598151
1.582880
1.585672
1.610555
1.632745
1.820611
1.649801
1.644421
1.614284
1.658131
1.604937
1.609337
1.604792
1.602026
2.502549
1.658283
1.663495
1.656178
1.610014
1.666489
1.629505
1.605114
1.606955
1.606332
1.717721
1.673466
1.639386
1.637733
1.603748
1.699744
1.605407
1.595469
1.592051
1.638005
1.878459
1.676248
1.679918
1.658706
1.620762
1.700557
1.646265
1.697899
1.602394
1.606731
1.721624
1.671455
1.649207
1.654535
1.600246
1.681831
1.670266
1.603137
1.616420
1.646911
1.661063
1.662559
1.866633
1.636953
1.622866
1.647511
1.635363
1.584134
1.871006
1.607044
1.720787
1.634994
1.652160
1.668042
1.594540
1.648206
1.608322
1.624440
1.610314
1.601825
1.639778
1.602608
1.741500
1.649853
1.653022
1.678609
1.596259
1.650947
1.602701
1.584674
1.622122
1.672359
1.639890
1.583809
1.913432
1.633423
1.593282
1.613183
1.588622
1.590471
1.610820
1.773643
1.634034
1.630854
1.640647
1.596343
1.645365
1.592033
1.591938
1.615889
1.680020
1.648660
1.717536
1.816067
1.671669
1.642107
1.666086
1.598145
1.613986
1.608118
1.624577
1.778710
1.764484
1.581021
1.652806
1.594928
1.651050
1.588927
1.584585
1.584731
1.608336
1.683588
1.864604
2.130848
1.643393
1.605525
1.662069
1.604705
1.660344
1.636744
1.622680
1.657946
1.655930
1.620289
1.651909
1.650163
1.652113
1.635307
1.620903
1.629555
1.611103
1.638818
1.651761
1.737945
1.658560
2.563947
1.615432
1.757345
1.630551
1.617313
1.682320
1.683352
1.667179
1.667211
1.628239
1.661550
1.608747
1.604100
1.642990
1.614150
1.647179
1.682030
1.662185
1.658072
1.604731
1.660898
1.602288
1.625545
1.600899
2.282694
1.658732
2.454277
1.579862
1.644510
2.127597
1.602463
1.585440
1.597743
1.600414
1.642239
1.669641
1.665762
1.595209
1.663356
1.621599
1.643526
1.610890
1.604051
1.607109
1.617068
1.658587
1.642212
1.785564
1.649717
1.615588
2.800522
1.609684
1.620377
1.610613
1.633753
2.803380
1.603043
1.645788
1.604647
1.679541
1.598506
1.653134
1.617123
1.752115
1.687072
1.662313
1.607059
1.652421
1.618940
1.653266
1.613216
1.606781
1.646051
1.618540
1.682942
1.727118
1.715527
1.654099
1.612980
1.659602
1.600396
1.607956
1.628127
1.609690
1.652953
1.637060
1.632221
1.855741
1.589590
1.652186
1.599399
1.590666
1.605713
1.650633
1.635253
1.651412
1.664758
1.650090
1.623127
1.667821
1.620869
1.606413
1.638403
1.600793
1.658515
1.649830
1.649375
1.650718
1.613199
1.680998
1.604354
1.746513
1.594485
1.609301
1.655226
1.647402
1.651319
1.667041
1.627623
1.658660
1.634382
1.605146
1.601886
1.608068
2.034579
1.645498
1.656113
1.652037
1.624971
1.645693
1.593036
1.641513
1.621646
1.622073
1.682829
1.665584
1.674567
1.655382
1.610973
1.656887
1.605520
1.602197
1.595744
1.604784
1.627605
1.699850
1.655451
1.602607
1.645555
1.595801
1.668811
1.592822
1.597659
1.641528
1.610334
1.688885
1.705316
1.729961
1.657618
1.622015
1.661507
1.602550
1.623456
1.622375
1.614920
1.630663
1.672568
1.754718
1.650626
1.616101
1.655115
1.614027
1.607170
1.619357
1.620254
1.633641
1.647722
1.648727
1.647862
1.614205
1.664407
1.616724
1.604014
1.620431
1.627579
1.664072
1.657724
1.631649
1.663028
1.608361
1.647714
1.602012
1.600688
1.618292
1.596836
1.666884
1.633112
1.644780
1.666552
1.605672
1.650978
1.616776
1.626288
1.595305
1.604019
1.647459
1.671372
1.649487
1.611549
1.650623
1.614160
1.661345
1.594580
1.645504
1.605434
1.615221
1.676810
1.693853
1.695614
1.660088
1.624131
1.644021
1.608055
1.608242
1.625559
1.619484
1.682256
1.657180
1.777279
1.644838
1.591560
1.649782
1.605819
1.628214
1.627560
1.632497
1.642996
1.704678
1.709985
1.651117
1.609090
1.700072
1.611574
1.642788
1.602294
1.669451
1.698232
1.670040
1.710351
1.660889
1.608614
1.652114
1.637634
1.607085
1.632003
1.611043
1.738301
1.723369
1.653351
1.655531
1.607715
1.668262
1.600243
1.601711
1.610366
1.599801
1.693606
1.659810
1.662447
1.643493
1.622891
1.649160
1.603646
1.709067
1.596606
1.608840
1.697021
1.759384
1.642753
1.661289
1.620220
1.749551
2.668047
1.602731
1.603772
1.622404
1.681920
1.674743
1.602692
1.665111
1.603111
1.668404
1.595383
1.669074
1.590930
2.190848
1.756012
1.641814
1.590546
1.653782
1.620413
1.760427
1.603780
1.605970
1.604727
1.626126
1.673443
1.733008
1.604795
1.651911
1.605911
1.881586
1.595371
1.602952
1.596375
1.599919
1.679049
1.638814
1.614082
1.662043
1.602519
1.669667
1.592427
1.624524
1.584569
1.602522
1.686133
1.645326
1.638770
1.642779
1.585582
1.645322
1.617753
1.589680
1.589680
1.644165
1.674929
1.744086
1.661645
1.653679
1.591253
1.682007
1.590910
1.621349
1.605065
1.592566
1.673120
1.631880
1.655063
1.654815
1.603861
1.643987
1.592720
1.604602
1.588364
1.592870
1.607083
1.636892
1.629534
1.595143
1.641174
1.603568
1.725752
1.594500
1.595458
1.599843
1.617118
1.645321
1.692100
1.718193
1.638474
1.599002
1.640879
1.593332
1.634734
1.583176
1.587466
1.628806
1.652226
1.635160
1.632443
1.588075
1.674152
1.609881
1.599524
1.616166
1.597646
1.611345
1.826513
2.038505
1.643077
1.616127
1.747694
1.589456
1.593820
1.618482
1.596568
1.648355
1.639481
1.626517
1.638297
1.621799
1.642739
1.612566
1.602247
1.590886
1.620289
1.660488
1.626669
1.724101
1.652287
1.605112
1.901094
1.596416
1.586442
1.601787
1.600749
1.663650
1.636268
1.639161
1.642927
1.586319
1.667791
1.593368
1.628551
1.587472
1.591057
1.785385
1.764465
1.635813
1.576137
1.653920
1.590560
1.773168
1.591596
1.589004
1.583217
1.599689
1.649148
1.629690
1.600123
1.637532
1.625308
1.656483
1.612772
1.585527
1.601981
1.581300
1.655603
1.647816
1.626940
1.651323
1.604259
1.644709
1.582084
1.613062
1.587753
1.588701
1.639708
1.641442
1.641052
1.686977
1.601660
1.665782
1.611235
1.624104
1.610986
1.651982
1.677151
1.638277
1.702366
1.635440
1.604775
1.657305
1.724474
1.601170
1.609263
1.606078
1.791581
1.792144
1.641545
1.650360
1.622088
1.681692
1.650623
1.603827
1.586234
1.581556
1.705229
1.940058
1.649336
1.647590
1.590466
1.946919
1.626595
1.601349
1.612740
1.628332
1.780841
1.764127
1.690676
1.645766
1.603530
1.665624
1.660103
1.579229
1.593628
1.600168
1.688384
1.640598
1.648004
1.659856
1.594577
1.678218
1.612423
1.598306
1.573815
1.579184
1.666520
1.623305
1.675954
1.575315
1.626353
1.583735
1.674768
1.583189
1.615267
1.598753
1.609252
1.629977
1.635967
1.630650
1.633388
1.606771
1.649835
1.601114
1.612091
1.603063
1.613309
1.692868
1.654505
1.645224
1.665825
1.639209
1.656506
1.641095
1.607649
1.625539
1.610886
1.657589
1.648614
1.656252
1.678897
1.609659
1.665695
1.606944
1.627624
1.608957
1.621481
1.729275
1.668425
1.640514
1.955127
1.601654
1.661524
1.627120
1.602845
1.602765
1.619683
1.671486
1.657975
1.665166
1.657818
1.597698
1.661942
1.615839
1.589270
1.592844
1.612682
1.751526
1.647218
1.654016
1.597565
1.648717
1.739165
1.602183
1.611108
1.627583
1.607008
1.732088
1.771453
1.668009
1.608636
1.662263
1.747419
1.602664
1.614028
1.600737
1.626440
1.622678
1.621118
1.652366
1.629294
1.652509
1.630696
1.650051
1.911941
1.598891
1.605043
1.711410
1.760604
1.678653
1.611746
1.656878
1.608739
1.710584
1.600571
1.606645
1.635981
1.601665
1.941554
1.665383
1.618871
1.667842
1.601419
1.652322
1.612859
1.633619
1.806515
1.786442
1.742875
1.649869
1.610283
1.647724
1.710600
1.612859
1.587472
1.598299
1.600522
1.603951
1.643141
1.676870
1.633898
1.646787
1.644523
1.650302
1.627254
1.609963
1.597750
1.613163
1.646055
1.653745
1.762049
1.642690
1.607862
1.646288
1.607755
1.590448
1.612518
1.661355
1.678179
1.663154
1.656728
1.637396
1.597902
2.638303
1.586146
1.595028
1.606478
1.606752
1.654836
1.652571
2.598769
1.615862
1.679333
1.612939
1.601866
1.608034
1.606138
1.660588
1.648545
1.643360
1.646379
1.600390
1.662649
1.601451
1.605885
1.625509
1.603686
1.669552
1.655776
1.657223
1.678737
1.640520
2.571907
1.593280
1.982741
1.618929
1.622803
1.764531
1.653556
1.607698
1.653026
1.621218
1.650354
1.626358
1.605159
1.607005
1.608048
1.657558
1.654733
1.641028
1.644633
1.599413
1.638753
1.599766
1.616794
1.600455
1.677308
1.670385
1.645657
1.618344
1.655774
1.599354
1.644015
1.631141
1.592573
1.593838
1.605726
1.727166
2.137369
1.640269
1.642737
1.600682
2.433688
1.582851
1.588465
1.618548
1.605210
1.642170
1.660586
1.790075
1.648264
1.594292
1.655276
1.608628
1.599605
1.589826
1.586651
1.674880
1.650174
1.638077
1.658965
1.594702
1.646057
1.576061
1.600753
1.596969
1.604893
1.674822
1.632053
1.651017
1.649482
1.608474
1.647148
1.609843
1.592592
1.628497
1.615266
1.681997
1.641651
1.659271
1.676277
1.607672
1.684926
1.602365
1.624623
1.608215
1.654773
1.609161
1.695163
1.643806
1.680676
1.711624
1.653276
2.128925
1.606869
1.628573
1.605593
1.609286
1.656528
1.642562
1.653422
1.614304
1.667687
1.604745
1.602038
1.614140
1.600845
1.933066
1.647431
1.651210
1.651355
1.613645
1.652652
1.602381
1.591463
1.602982
1.605063
1.636774
1.815843
1.654275
1.637825
2.403711
1.658228
1.578034
1.607696
1.601639
1.627534
1.705425
1.657545
1.673531
1.661601
1.594687
1.647177
1.600040
1.632278
1.599884
1.600574
1.665582
1.639145
1.630791
1.647624
1.585034
1.642688
1.602992
1.616131
1.590523
1.606063
1.775213
1.744185
1.652010
1.611910
1.644860
1.764986
1.604615
1.599787
1.615396
1.604094
1.624893
1.659375
1.700713
1.601869
1.661375
1.601735
1.646086
1.612119
1.601962
1.617279
1.606267
1.689245
1.742106
1.734066
1.654472
1.628934
1.637794
1.609566
1.615714
1.608883
1.690034
1.640191
1.662215
1.666723
1.643892
1.954620
1.672498
1.599394
1.630801
1.602431
1.618220
1.660855
1.647074
1.932066
1.663550
1.611980
1.653175
1.609670
1.601956
1.601986
1.609100
1.640877
1.801908
1.637993
1.649823
1.604700
1.654259
1.610003
1.599673
1.778098
1.603415
1.659770
1.676187
1.672846
1.653930
1.612993
1.656000
1.602264
1.615198
1.633625
1.602058
1.687956
1.647515
1.644835
1.667173
1.604845
1.655339
1.606873
1.622382
1.605146
1.606152
1.668690
1.650711
1.666484
1.660567
1.604756
1.680234
1.598470
1.607063
1.608976
1.598848
1.731280
1.667385
1.640881
1.636219
1.606846
1.675480
1.576873
1.641347
1.598090
1.591621
1.645012
1.642619
1.634118
1.593636
1.640221
1.595315
1.655318
1.617123
1.597560
1.591626
1.739078
1.711549
1.691118
1.681968
1.638183
1.607650
1.701063
1.591639
1.617544
1.629529
1.613470
1.648549
1.654853
1.736878
1.656138
1.609402
1.649237
1.620875
1.605844
1.628529
1.602960
1.664972
1.657675
1.680954
1.649032
1.603772
1.669878
1.616936
1.639976
1.599818
1.626724
1.669224
1.646278
1.640011
1.732964
1.605325
1.653409
1.594390
1.615223
1.618316
1.600814
1.669867
1.638298
1.649930
1.648631
1.596398
1.640099
1.601089
1.588478
1.588754
1.601128
1.610196
1.653760
1.631585
1.594241
1.647137
1.765348
1.660298
1.620362
1.604771
1.589020
1.736569
1.648172
1.672605
1.605647
1.684689
1.603754
1.643782
1.622360
1.774689
1.603981
1.635774
1.691095
1.920974
1.598264
1.655757
1.601000
1.671523
1.602717
1.609080
1.617289
1.705494
1.613209
2.447837
1.644592
1.615752
1.650326
1.609172
1.620311
1.633340
1.596767
1.681108
1.650549
1.662436
1.702678
1.605714
1.671574
1.596180
1.624127
1.599450
1.591535
1.677278
1.678211
1.664390
1.607942
1.647946
1.620731
1.652292
1.602729
1.605674
1.610004
1.617250
1.653909
1.704896
1.676865
1.655014
1.605636
1.660281
1.605649
1.600611
1.601908
1.644904
1.691638
1.651665
1.656346
1.643526
1.617189
1.679838
1.599298
1.606933
1.615181
1.819042
1.654845
1.663971
1.660425
1.660231
1.608917
1.680225
1.586745
1.611893
1.648742
1.604674
1.669923
1.737302
1.651808
1.665351
1.601679
2.347943
1.589196
1.613942
1.598719
1.603823
1.681950
1.731501
1.763489
1.633295
1.611539
1.666547
1.595064
1.606232
1.608410
1.619893
1.702618
1.667241
1.961452
1.657370
2.458982
1.591795
1.594526
1.602564
1.613869
1.717353
1.761227
1.658154
1.650380
1.620950
1.658228
1.598038
2.231561
1.641745
1.602682
1.681960
1.654151
1.633618
1.655632
1.607839
1.656478
1.613970
1.639631
1.604742
1.622242
1.668780
1.639364
1.652079
1.681084
1.623577
1.661655
1.613998
1.581836
1.601405
1.618653
1.750001
1.674284
1.644026
1.666302
1.603417
1.669932
1.594386
1.623230
1.741655
1.595643
1.620627
1.638361
1.643628
1.604329
1.668185
1.728885
1.604338
1.605988
1.613103
1.611291
1.705650
1.595767
1.661554
1.764822
1.681258
1.634521
1.762462
1.825148
1.609005
1.603817
1.668734
1.663871
1.682063
2.195603
1.605001
1.655440
1.609673
1.614240
1.607917
1.639050
1.674686
1.662581
1.641692
1.669275
1.611013
1.679313
1.633202
1.603000
1.608119
1.603119
1.667761
1.662823
1.659098
1.622139
1.853577
1.666416
1.605480
1.634381
1.603167
1.599899
1.718904
1.632703
1.642821
1.622722
1.676310
1.716169
1.614842
1.622179
1.603802
2.049491
1.670957
1.659876
1.641865
1.661721
1.610635
1.690282
1.605294
1.616255
1.614174
1.627530
1.683068
1.664863
1.676122
1.579074
1.652390
1.731233
1.593466
1.606757
1.620056
1.609657
1.862894
1.655654
1.663766
1.640375
1.656190
1.902044
1.591244
1.600766
1.609137
1.610079
1.665573
1.657129
1.754634
1.576241
1.648019
1.750931
1.616811
1.600671
1.604916
1.629637
1.666715
1.593302
1.640092
1.592414
1.668812
1.607657
1.667562
1.601359
1.597753
1.605768
1.701440
1.701583
1.694483
1.735274
1.637293
1.594518
1.645440
1.595642
1.615203
1.611059
1.656600
1.697363
1.638808
1.625570
1.634174
1.598711
1.633927
1.589389
1.600940
1.600150
1.575071
1.687819
1.637076
1.639289
1.649293
1.598565
1.657035
1.586026
1.590546
1.596522
1.616740
1.664289
1.636667
1.691812
1.647820
1.604016
1.649216
1.592871
1.599807
1.607106
1.602013
1.643000
1.654857
1.656357
1.617342
1.655329
1.586242
1.642353
1.616174
1.606090
1.607939
1.611421
1.647037
1.658737
1.788968
1.653400
1.606162
1.681757
1.614809
1.605131
1.635781
1.610138
1.681894
1.675120
1.634387
1.651413
1.693884
1.697102
1.606956
1.602501
1.623364
1.609642
1.683958
1.663099
1.659740
1.653844
1.619177
1.665641
1.734635
1.606067
1.606070
1.636869
1.668224
1.649669
1.656544
1.914626
1.611126
1.658016
1.594568
1.625082
1.610787
1.636525
1.670470
1.657434
1.643332
1.647634
1.618435
1.653023
1.608710
1.613169
1.609506
1.610261
1.696168
1.664242
1.642990
1.887932
1.604440
1.658428
1.604782
1.596716
1.607346
1.708069
1.714165
1.681456
1.645370
1.647098
1.684304
1.685162
1.602406
1.673535
1.617209
1.638793
1.689921
1.679707
1.641350
1.671994
1.954493
2.762573
1.633125
1.613175
1.607074
1.713543
1.661026
1.648835
1.617006
1.686269
1.703132
1.618971
1.640932
1.584447
1.616736
1.718634
1.827854
1.659825
1.596947
1.640710
1.731934
1.631728
1.603942
1.603279
1.615151
1.721101
2.504083
1.645623
1.646304
1.610440
1.655454
1.615936
1.597839
1.605084
1.608119
1.661646
1.662134
1.677181
1.675609
1.609459
1.644815
1.615075
1.607700
1.636406
1.613130
1.692789
1.657977
1.648192
1.663418
1.613436
1.655174
1.720096
1.602779
1.619333
1.604933
1.698435
1.646287
1.645873
1.610977
1.667821
1.726384
1.616131
1.603618
1.602777
1.612187
1.663560
1.808576
1.755122
1.594322
1.652440
1.601939
1.763701
1.605312
1.608375
1.600892
1.696519
1.675106
1.649581
1.599346
1.660614
1.612054
1.643972
2.164518
1.602918
1.610299
1.683070
1.653085
1.661214
1.608891
1.715545
1.654019
1.609723
1.599171
1.614217
1.633598
1.609990
1.654232
1.651976
1.615025
1.656291
1.620864
1.747588
1.602138
1.608373
1.597799
1.604964
1.670772
1.650546
1.735718
1.653310
1.598921
1.653897
1.610836
1.609002
1.626276
1.607461
1.657694
1.643140
1.651073
1.650610
1.608501
1.660420
1.608772
1.606882
1.609213
1.603283
1.682392
1.657676
1.657294
1.654180
1.609944
1.654678
1.601066
1.639591
1.599501
1.632558
1.629783
1.608775
1.938279
1.676431
1.606469
1.659545
1.615550
1.624465
1.606957
1.656386
1.704195
1.654212
1.669141
1.682545
1.608317
1.658550
1.609877
1.600608
1.617136
1.603959
1.669691
1.647519
1.656309
1.659282
1.600017
1.658435
1.610665
1.606037
1.641798
1.601535
1.693530
1.637930
1.649844
1.609719
1.660556
1.625504
1.648996
2.129646
1.630240
1.599103
1.673107
1.795427
1.655040
1.658240
1.631290
1.657268
1.629845
1.638204
1.624617
1.597528
1.706701
1.672756
1.660489
1.711472
1.630439
1.652611
2.068446
1.605039
1.630470
1.614888
1.680098
1.646200
1.676860
1.750259
1.602594
1.658434
1.587310
2.609882
1.608562
1.731659
1.641695
1.707445
1.605124
1.660059
1.639504
1.670711
1.606484
1.651058
1.604107
1.636776
1.651385
1.655840
1.899175
1.650006
1.603599
1.663505
1.626468
1.598431
1.613982
1.611054
1.657700
2.117128
1.609807
1.650859
1.636637
1.665761
1.598647
1.621558
1.623469
1.610473
1.832651
1.694731
1.612370
1.657859
1.609687
1.659431
1.608781
1.598703
1.608932
1.790762
1.734588
1.681831
1.622451
1.650027
1.607729
1.660535
1.623135
1.605663
1.626554
1.660527
1.711605
1.664816
1.859117
1.667546
1.612868
1.639125
1.593408
1.603497
1.607052
1.631313
1.669520
1.637897
1.643784
1.653728
1.606442
1.651437
1.612709
1.602996
1.629539
1.620409
1.660306
1.668540
1.646133
1.681458
2.901717
1.628054
1.601497
1.610085
1.602025
1.700283
1.684357
1.647485
1.601787
1.743019
1.650277
1.627865
1.598989
1.608699
1.603339
1.699410
1.647958
1.645907
1.608282
1.644885
1.626606
1.705528
1.612103
1.591382
1.610552
1.708872
1.769304
1.700342
1.585785
1.636386
1.585125
1.626575
1.638575
1.598740
1.592644
1.607017
1.675184
1.654276
1.762086
1.664585
1.878188
1.644484
1.647464
1.620235
1.598750
1.748000
1.593895
1.669912
1.696048
1.681748
1.605612
1.679058
1.608827
1.597757
1.614476
1.689169
1.607494
1.670438
1.755734
1.662471
1.611600
1.660053
1.600271
1.608745
1.607139
1.599810
1.672367
1.873014
1.849773
1.641439
1.609893
1.660001
1.595227
1.607111
1.623554
1.638704
2.136715
1.640633
1.599888
1.678704
1.593126
1.648796
1.596203
1.617028
1.594663
1.624569
1.943126
1.665779
1.597794
1.645680
1.599498
1.636830
1.613884
1.595647
1.592581
1.609081
1.629754
1.666787
1.671080
1.648254
1.606781
1.659469
1.611380
1.628340
1.611133
1.611887
1.682540
1.668112
1.645550
1.678969
2.070427
1.650572
1.601347
1.621500
1.607084
1.637837
1.630870
1.643358
1.643764
1.651610
1.596543
1.649048
1.597051
1.608378
1.587039
1.603302
1.672749
1.646170
1.659380
1.649889
1.589568
1.650241
1.594304
1.596785
1.618354
1.578971
1.645506
1.955150
1.662847
1.674314
1.611799
1.681830
1.597473
1.618405
1.658607
1.583361
1.635954
1.678173
1.651755
1.641352
1.681917
1.653881
1.633899
1.612520
1.622817
1.619946
1.717898
1.646458
1.643000
1.594841
1.664274
1.633381
1.739969
1.602729
1.611106
1.597601
1.691170
1.653778
1.654045
1.620906
1.672428
1.619319
1.657750
1.616363
1.598586
1.621173
1.672387
1.648298
1.683488
1.859180
1.659960
1.609487
1.664600
1.603079
1.607573
1.630522
1.609836
1.659333
1.721722
1.841461
1.679537
1.643797
1.661521
1.583231
1.623262
1.595955
1.597634
1.682785
1.595116
1.946044
1.659877
1.615240
1.635762
1.607721
1.606097
1.616148
1.606325
1.634009
1.635970
1.648271
1.654392
1.595327
1.678835
1.593126
1.595909
1.632519
1.600005
1.629574
1.737341
1.632350
1.629334
1.611294
1.646059
1.594124
1.600702
1.622418
1.662416
1.646403
1.939596
1.642471
1.654745
1.594276
1.635981
1.604558
1.595513
1.622364
1.598829
1.656727
1.639365
1.642992
1.667614
1.594482
1.673727
1.591266
1.620594
1.603730
1.587864
1.741470
1.740924
1.627403
1.612317
1.652719
1.690234
1.591216
1.656177
1.595629
1.942459
1.616805
1.954597
1.634601
1.644490
1.593375
1.663520
1.609627
1.611116
1.602572
1.581326
1.610619
1.658744
1.646576
1.594525
1.673846
1.606335
1.748521
1.607732
1.611250
1.606982
1.793671
1.787095
1.653928
1.586543
1.652604
1.607458
2.440909
1.624091
1.603569
1.607435
1.628310
1.656670
1.653865
1.645733
1.637139
1.651591
1.598183
1.604957
1.601967
1.601824
1.676007
1.656053
2.562320
1.666254
1.624305
1.644154
1.638646
1.602288
1.629595
1.610153
1.658333
1.652864
1.672657
1.666899
1.603483
1.658458
1.602486
1.604870
1.629889
1.612729
1.679938
1.664195
1.655467
1.676603
1.608781
1.666594
1.604839
1.630863
1.602745
1.597929
1.679663
1.654904
1.650870
1.656221
1.602618
1.660921
1.611896
1.606623
1.606344
1.616178
1.698617
1.648804
1.647162
1.604902
1.671029
1.759288
1.580816
1.599324
1.613205
1.619364
1.695205
1.764315
1.655630
1.602032
1.681512
1.593162
1.667667
1.604868
1.636674
1.590554
1.603979
1.633835
1.690886
1.725495
1.630376
1.593066
1.658989
1.591103
1.596684
1.598632
1.593893
1.645859
1.651809
2.067274
1.634308
1.618089
1.657069
1.592601
1.993038
1.591375
1.637686
1.655600
1.637547
1.593533
1.640562
1.599925
1.643864
1.604436
1.706556
1.595610
1.711528
1.638694
1.751319
1.647435
1.648742
1.593247
1.668657
1.591575
1.610184
1.599918
1.650177
1.639895
1.650291
1.632457
1.629077
1.604973
1.631346
2.025967
1.600008
2.166008
1.614263
1.834178
2.816678
1.662349
1.615241
1.640086
1.607450
1.597812
1.597424
1.590381
1.660303
1.641504
1.627199
1.639101
1.766139
1.653767
1.592215
1.592972
1.589811
1.595628
1.667674
1.625814
1.630913
1.652671
1.594931
1.650319
1.768280
1.623367
1.592419
1.605228
1.634807
1.657519
1.642453
1.633340
1.600617
1.646309
1.602789
1.603626
1.631526
1.599668
1.705405
1.642368
1.652218
1.607601
1.651622
1.598353
1.647075
1.733768
1.599233
1.598499
1.667970
1.757976
1.646025
1.602286
1.662746
1.611685
1.666145
1.601261
1.610990
1.668921
1.698845
1.699773
1.673607
1.593357
1.668744
1.594133
1.668729
1.599201
1.619971
1.594773
1.611015
1.919347
1.669148
1.723064
1.660293
1.592094
1.657904
1.609770
1.684792
1.647067
1.672282
1.606375
1.662073
1.868229
1.646046
1.607224
1.667744
1.606853
1.610155
1.606995
1.613140
1.673960
1.660091
2.077614
1.646214
1.618927
1.647825
1.625412
1.617074
1.596886
1.631993
1.643478
1.725382
1.645568
1.659216
1.607942
1.646999
1.613966
1.605085
1.602807
1.657240
1.650255
1.655918
1.662087
1.659152
1.620089
1.647891
1.603282
1.605892
1.622021
1.609024
1.692340
1.685413
1.656319
1.666521
1.611440
1.653185
1.609538
1.616301
1.607009
1.624457
1.676770
1.651856
1.647317
1.656917
1.612314
1.657558
1.611707
1.612912
1.604826
1.614250
1.670883
1.653389
1.663042
1.691079
1.609148
1.667475
1.625803
1.607846
1.615336
1.596693
1.672854
1.662681
1.644902
1.595910
1.671484
1.612865
1.648951
1.609539
1.624280
1.594791
1.702580
1.648941
1.733139
1.613261
1.671584
1.607356
1.648213
1.619216
1.584940
1.608306
1.615067
1.618471
1.646916
1.657039
1.646865
1.619777
1.661031
1.612635
1.649543
1.599258
1.644844
1.670023
1.667781
1.660309
1.664492
1.607815
1.657672
1.628571
1.607270
1.625074
1.611789
1.662054
1.645749
1.686772
1.651342
1.599415
1.683989
1.604878
1.597759
1.632599
1.597071
1.629983
1.662133
1.652292
1.652940
1.610247
1.660711
1.612591
1.612191
1.605637
1.605053
1.696296
1.588353
1.663385
1.627523
1.650675
1.623234
1.672184
1.622933
1.585968
1.602324
1.606144
1.634108
1.690971
1.701884
1.631936
1.599539
1.796816
1.624040
1.582958
1.602752
1.669448
1.646909
1.676318
1.882468
1.640767
1.586929
1.641984
1.642900
1.579454
1.605946
1.646927
1.670286
1.649323
1.650438
1.642906
1.593252
1.700528
1.609796
1.623561
1.611823
1.611544
1.672933
1.697454
1.635537
1.649827
1.605378
1.659407
1.604699
1.613551
1.616308
1.604742
1.739392
1.651327
1.672385
1.697960
1.602863
1.641811
1.602131
1.932262
1.602484
1.616110
1.746280
1.651826
1.663511
1.645610
1.608462
1.659398
1.619097
1.607440
1.625462
1.607047
1.677541
1.646216
1.638592
1.636084
1.604944
1.657738
1.596127
1.595936
1.595440
1.606124
1.682101
1.582720
1.773847
1.586578
1.644298
1.593953
1.640879
1.580212
1.587364
1.602527
1.714011
1.651181
1.652353
1.594004
1.648481
1.617613
1.660460
1.628749
1.619960
1.619459
1.628636
1.673417
1.664841
1.874542
1.670238
1.604437
1.672255
1.613394
1.610045
1.601665
1.822350
1.622668
1.684819
2.299970
1.590940
1.659922
1.621454
1.594556
1.601552
1.588570
1.599003
1.648818
1.632713
1.582390
1.650737
1.616123
1.634284
1.601336
1.642015
1.585638
1.744411
1.696284
1.678895
1.731552
1.976615
1.595162
1.649422
1.981443
1.626987
1.604952
1.673879
1.653577
1.694235
1.593788
1.648844
1.689854
1.596982
1.619986
1.637665
1.605957
1.684162
1.766689
1.651020
1.608827
1.680966
1.604483
1.668595
1.606581
1.631330
1.597602
1.626702
1.651690
1.653210
1.621174
1.653415
1.604276
1.656220
1.600021
1.610135
1.614144
1.608167
1.660633
1.688446
1.765607
1.652022
1.653526
1.662612
1.641471
1.615095
1.622182
1.607025
1.649642
1.651718
1.627746
1.637834
1.601617
1.642388
1.615682
1.614111
1.596524
1.616103
1.679165
1.663178
1.674485
1.639562
1.595195
2.315745
1.604345
1.595317
1.601928
1.695463
1.661949
1.640320
1.631904
1.642870
1.614600
1.632574
1.578051
1.580319
1.616618
1.603427
1.646279
1.631391
1.671514
1.637421
1.600754
1.647124
1.616845
1.590670
1.607101
1.607386
1.657467
1.639701
1.646085
1.596899
1.644605
1.705222
1.573917
1.597465
1.610640
1.589625
1.668691
1.721373
1.646535
1.599288
1.659251
1.591180
1.658396
1.590726
1.585212
1.599480
1.601027
1.835330
1.757485
1.611914
2.268556
1.644710
1.594020
1.649952
1.600832
1.601774
1.628631
1.596467
1.632687
1.644739
1.638982
1.604534
1.636918
1.615895
1.591747
1.598934
1.935717
1.765024
1.638551
1.597335
1.651002
1.581046
1.635866
1.606032
1.600575
1.594015
1.596521
1.652332
1.811167
1.745109
1.641618
1.611051
1.643940
1.594680
1.594837
1.585546
1.597990
1.633697
1.640620
1.654556
1.637339
1.593321
1.677041
1.593468
1.623445
1.606117
1.589520
1.685064
1.634293
1.637029
1.633335
1.600473
1.729331
1.601775
1.599033
1.592679
1.612149
1.678011
1.635265
1.644325
1.645419
1.634431
1.642826
1.620893
1.586592
1.593934
1.630643
1.611272
1.737888
1.660269
1.609217
1.636530
1.605557
1.629231
1.592340
1.601599
1.598737
1.598923
1.624690
1.637740
1.720421
1.631427
1.586436
1.643178
1.599329
1.567013
1.577879
1.590958
1.664202
1.645031
1.626515
1.627894
1.595362
1.685131
1.591413
1.615113
1.597827
1.592837
1.628938
1.935530
1.636115
1.639137
1.620659
1.651787
1.609672
1.612382
1.595394
1.591634
1.662525
1.631926
1.652263
1.696246
1.628299
1.681773
1.581971
1.598383
1.596292
1.602718
1.663424
1.584832
1.689698
1.609187
1.633962
1.619911
1.640947
1.594447
1.623837
1.604579
1.665206
1.692792
1.666167
1.816173
1.645032
1.585863
1.631920
1.590218
1.582013
1.577444
1.594720
1.642122
1.623632
1.628273
1.628478
1.581959
1.619732
1.611300
1.582656
1.599689
1.591284
1.630040
1.639936
1.632368
1.629358
1.641682
1.648724
1.584509
1.599758
1.591300
1.595528
1.673812
1.632263
1.640389
1.599852
1.642434
1.596479
1.655397
1.594243
1.594820
1.594554
1.601771
1.628743
1.642635
1.845868
1.640495
1.604473
1.644969
1.584148
1.600258
1.582567
1.594507
1.691239
1.644432
1.633967
1.641510
1.588401
1.639677
1.601794
1.580379
1.597656
1.589719
1.645158
1.628772
1.636721
1.627051
1.588755
1.638979
1.583103
1.598806
1.599838
1.590083
1.655201
1.967911
1.753479
1.732162
1.635859
1.683797
1.639848
1.650278
1.656511
1.685003
1.767545
1.739223
1.693722
1.779892
1.742716
1.713088
1.646382
1.645829
1.637989
1.604934
1.700446
1.816189
1.654942
1.641503
1.645182
1.648037
1.587751
1.596603
1.620358
2.433891
1.637918
2.129589
1.646231
1.603238
1.647137
1.590699
1.625448
1.592794
1.601921
1.648293
1.634833
1.635537
1.598841
1.653099
1.615163
1.644636
1.595714
1.617837
1.586615
1.600699
1.637224
1.650420
1.626757
1.658814
1.607201
1.662292
1.591234
1.620524
1.595938
1.598892
1.673701
1.643054
1.650961
1.636172
1.585454
1.628841
1.608599
1.584191
1.588057
1.601756
1.682013
1.650250
1.642912
1.634654
1.586444
1.651615
1.602537
1.592755
1.597764
1.611186
1.602874
1.658586
1.639414
1.578205
1.644251
1.625228
1.643012
1.615277
1.598191
1.588311
1.641162
1.627432
1.634209
1.643719
1.649274
1.603235
1.646112
1.591561
1.592527
1.601888
1.619389
1.607204
1.658277
1.629728
1.623993
1.600318
1.634024
1.591244
1.616061
1.579211
1.572093
1.605119
1.632892
1.619775
1.589350
1.626436
1.579813
1.647975
1.608682
1.584986
1.595782
1.618173
1.668323
1.639828
1.708317
1.634267
1.582211
1.634599
1.596143
1.617983
1.596453
1.606822
1.705594
1.653549
1.630896
1.629842
1.593336
1.648237
1.618918
1.605009
1.603090
1.612095
1.681002
1.639238
1.661590
1.658458
1.611499
1.654158
1.599638
1.606013
1.596736
1.602071
1.619561
1.634665
1.648164
1.628552
1.679532
1.645748
1.598520
1.627019
1.582303
1.600887
1.629467
1.674500
1.627743
1.588807
1.655139
1.603360
1.650737
1.638432
1.580306
1.606277
1.611922
1.702981
1.589775
1.641099
1.654507
1.612954
1.661683
1.593545
1.641990
1.589505
1.605676
1.698444
1.650675
1.625487
1.692133
1.596363
1.643916
1.608258
1.635528
2.455858
2.422255
1.655495
1.633709
1.637860
1.582929
1.649940
1.626197
1.610236
1.746856
1.762097
1.788285
1.774916
1.774874
1.646314
1.591226
1.643624
1.599729
1.644163
1.594631
1.602966
1.651204
1.603680
1.642117
1.633295
1.585570
1.647092
1.603659
1.618285
1.593585
1.598870
1.618391
1.652006
1.634406
1.584172
1.640740
1.605938
1.664510
1.596547
1.636032
1.640983
1.776273
1.674427
1.649947
1.595075
1.651944
1.617015
1.638947
1.614407
1.588875
1.596895
1.627472
1.630433
1.632554
1.646916
1.642851
1.587111
1.644162
1.583378
1.593739
1.597469
1.592809
1.668867
1.636204
1.632815
1.635360
1.588287
1.648414
1.590201
1.623562
1.594843
1.596908
1.641749
1.636701
1.623618
1.618720
1.636989
1.591297
1.665877
1.598686
1.615980
1.603017
1.620223
1.662371
1.750989
1.587435
1.641651
1.599349
1.632589
1.620221
1.583243
1.593147
1.582237
1.685286
1.679983
1.638030
1.644900
1.587781
1.659563
1.603680
1.638807
1.584417
1.589366
1.659763
1.660873
1.656358
1.644076
1.600341
1.658176
1.624554
1.598910
1.609954
1.598041
1.643911
1.686872
1.635176
1.629563
1.602703
1.639461
1.584358
1.624816
1.598695
1.599490
1.648976
1.647143
1.634604
1.614211
1.669373
1.612001
1.652351
1.599455
1.605973
1.622369
1.617009
1.684079
1.684646
1.722512
1.657381
1.604532
1.643026
1.603643
1.609150
1.615772
1.600881
1.634638
1.637928
1.638532
1.636574
1.625731
1.628243
1.607927
1.615845
1.592751
1.599596
1.652466
1.662639
1.648312
1.660322
1.596662
1.681018
1.594534
1.620482
1.601926
1.594705
1.669028
1.648897
1.633044
1.642097
1.595644
1.668028
1.599313
1.617039
1.610920
1.591776
1.628604
1.604091
1.644053
1.644912
1.653915
1.587394
1.670743
1.594544
1.617404
1.591642
1.603289
1.669525
1.658085
1.756686
1.633258
1.604044
1.659537
1.600671
1.621992
1.580289
1.592940
1.693444
1.646294
1.626656
1.647780
1.593859
1.641021
1.610267
1.595287
1.592721
1.603843
1.653418
1.653203
1.641382
1.646169
1.598561
1.657710
1.590015
1.591678
1.601867
1.600781
1.624720
1.849356
1.676997
1.653745
1.632705
1.680690
1.610332
1.610022
1.607224
1.631568
1.645017
1.648959
1.636079
1.626998
1.655338
1.600747
1.669606
1.606000
1.606868
1.616345
1.645980
1.619399
1.640342
1.631260
1.636972
1.590431
1.654181
1.583803
1.597805
1.588618
1.599827
1.634676
1.655659
1.617338
1.641978
1.573837
1.655753
1.588742
1.637615
1.590462
1.592543
1.684066
1.650696
1.639686
1.632325
1.598728
1.648902
1.588736
1.622384
1.603997
1.601118
1.611083
1.631643
1.639753
1.627451
1.644735
1.592443
1.648172
1.604966
1.592647
1.597846
1.626067
1.672226
1.730282
1.637329
1.680935
1.625882
1.637021
1.619111
1.587550
1.628378
1.802582
1.840765
1.693706
1.671608
1.651464
1.591638
1.635828
1.583096
1.591732
1.592631
1.596722
1.669355
1.649448
1.636022
1.657232
1.615991
1.647066
1.629383
1.596852
1.571105
1.598104
1.688199
1.634985
1.654199
1.645398
1.584328
1.653536
1.591366
1.625637
1.599145
1.591972
1.676774
1.660957
1.641067
1.638459
1.605052
1.699406
1.794284
1.606660
1.591725
1.598875
1.722863
1.645461
1.655687
1.723181
1.618178
1.721046
1.592298
1.635569
1.613353
1.607259
1.723131
1.647965
1.669878
1.610516
1.661285
1.637639
1.698403
1.586388
1.592842
1.597851
1.627604
1.676630
1.639471
1.610033
1.697345
1.671027
1.635476
1.600949
1.579256
1.635604
1.612609
1.654057
1.646803
1.819443
1.627386
1.576156
1.667764
1.581545
1.648257
1.611935
1.635595
1.637234
1.636450
1.621566
1.617074
1.609430
1.632967
1.580128
1.613073
1.582522
1.583694
1.679829
1.635107
1.660442
1.619063
1.595834
1.629241
1.598664
1.591827
1.588525
1.600721
1.752069
1.751760
1.722963
1.648116
1.592306
1.696470
1.595396
1.601074
1.614230
1.604361
1.655897
1.577919
1.665437
1.598277
1.676445
1.596656
1.654235
1.596441
1.593666
1.600763
1.659410
1.703596
1.682654
1.770762
1.641014
1.611173
1.651276
1.589380
1.608021
1.609107
1.611116
1.848838
1.698831
1.736881
1.642349
1.593380
1.669289
1.605341
1.633675
1.600884
1.608095
1.691278
1.639899
1.627968
1.646279
1.622306
1.657621
1.600751
1.599961
1.617274
1.991019
1.648940
1.647664
2.187640
1.649779
1.630681
1.647419
1.632534
1.614242
1.607132
1.699183
1.763898
1.643874
1.630473
1.654427
1.624376
1.640891
1.628349
1.597904
1.607037
1.619651
1.649983
1.653845
1.889178
1.655061
1.617140
1.664625
1.619285
1.631767
1.591002
1.603753
1.658663
1.665310
1.655828
1.654903
1.611060
1.678990
1.604655
1.612211
1.609107
1.600214
1.674037
1.670613
1.649105
1.664220
1.594577
1.650536
1.632677
1.607167
1.606132
1.606118
1.640852
1.655053
1.648927
1.662011
1.607075
1.678797
1.602172
1.604958
1.607953
1.599818
1.681110
1.670010
1.660500
1.653935
1.618875
1.668603
1.601903
1.608124
1.607189
1.609982
1.699602
1.644581
1.644142
1.598658
1.654979
1.602591
1.647282
1.611887
1.598847
1.612031
1.777079
1.763828
1.652196
1.590477
1.636710
1.642640
1.694343
1.578017
1.610678
1.619084
1.623968
1.678292
1.721238
1.637481
1.655060
1.617533
1.643249
1.626017
1.576252
1.591718
1.611594
1.651340
1.626909
1.640954
1.641055
1.576645
1.644247
1.615303
1.608161
1.606777
1.596684
1.658805
1.648206
1.699613
1.661292
1.610850
1.671961
1.597431
1.617321
1.598706
1.605069
1.710646
1.646188
1.636809
1.657243
1.621030
1.645983
1.626539
1.599558
1.600002
1.634587
1.649204
1.653003
1.750983
1.585513
1.637126
1.603071
1.642470
1.598789
1.896675
1.598638
1.681498
1.757432
1.662970
1.599860
1.673900
1.591928
1.664786
2.414753
1.598873
1.585927
1.714294
1.652219
1.699491
1.651406
1.617961
1.660478
1.616834
1.601928
1.648993
1.578761
1.672564
1.639597
1.644921
2.445522
2.338311
1.605430
1.586424
1.651570
1.590944
1.610071
1.728024
1.638353
1.591135
1.642346
1.608740
1.625213
1.577128
1.578278
1.580242
1.661687
1.646685
1.646817
1.660487
1.664684
1.602913
1.673419
1.621160
1.603799
1.619410
1.638381
1.666305
1.940307
1.889559
1.772437
1.656978
1.672726
1.672565
1.682100
1.647133
1.635185
1.614741
1.681181
1.638118
1.630200
1.609137
1.643919
1.599388
1.596503
1.618202
1.671167
1.715483
1.642226
1.911859
1.644531
1.618012
1.647279
1.627086
1.592916
1.585422
1.656631
1.589227
1.616466
1.624574
1.610348
1.566149
1.648732
1.576695
1.635307
1.583902
1.601688
1.638360
1.636950
1.632770
1.616868
1.617332
1.636215
1.576940
1.608035
1.735390
1.589292
1.664673
1.615848
1.650731
1.590624
1.642781
1.716664
1.604754
1.617396
1.592560
1.596764
1.662617
1.646680
1.673799
1.593137
1.631768
1.613331
1.672244
1.589073
1.618226
1.600763
1.656581
1.617608
1.638478
1.626611
1.650744
1.616559
1.661854
1.624324
1.584838
1.594848
1.618073
1.635501
1.770944
1.637612
1.667363
1.591830
1.653003
1.598065
1.589252
1.613024
1.598157
1.690489
1.634947
1.635988
1.647911
1.590792
1.673216
1.625780
1.635801
1.604613
1.604663
1.684173
1.655609
1.651133
1.679749
1.606080
1.655504
1.615704
1.607714
2.137425
1.742141
1.646180
1.656932
1.645760
1.649719
1.604742
1.664286
1.601961
1.610036
1.608121
1.606087
1.677027
1.670866
1.652603
1.661166
1.635512
1.642836
1.601435
1.607960
1.602614
1.592554
1.662290
1.640465
1.626661
1.597933
1.642958
1.591482
1.637740
1.649845
1.583962
1.574801
1.623463
1.637358
1.652280
1.627466
1.694149
1.595428
1.684942
1.581298
1.627357
1.593475
1.592624
1.648997
1.640524
1.624242
1.646817
1.581163
1.637887
1.769050
1.603566
1.598510
1.602849
1.663630
1.697963
1.676571
1.640293
1.599326
1.658613
1.614577
1.589429
1.597892
1.619655
1.659572
1.672858
1.652648
1.645322
1.627438
1.619511
1.621609
1.609084
1.596655
1.621550
1.726715
1.769216
1.636524
1.603999
1.659115
1.743194
1.620933
1.600901
1.624333
1.605116
1.818941
1.791297
1.651704
1.718926
1.605669
1.660202
1.603507
1.600801
1.642910
1.604823
1.636527
1.675355
1.637706
1.599490
1.653172
1.630414
1.655951
1.617004
1.609254
1.628418
1.620440
1.654753
1.667868
1.734242
1.644845
1.581243
1.647158
1.600527
1.601396
1.599622
1.598633
1.667373
1.672895
1.659091
1.646345
1.600019
1.641113
1.610378
1.629719
1.601414
1.597874
1.671728
1.629179
1.666393
1.695925
1.606822
1.649232
1.619106
1.596685
1.599833
1.616310
1.668690
1.649656
1.669623
1.668552
1.701597
1.654304
1.632159
1.606894
1.601897
1.600832
1.675328
1.648405
1.630956
1.616104
1.691703
1.675166
1.592832
1.626214
1.604002
1.601660
1.774139
1.742145
1.646592
1.637248
1.661608
1.706725
1.603405
1.604109
1.630941
1.608308
1.620083
1.683804
1.652144
1.589106
1.634007
1.620733
1.642925
1.603402
1.635707
1.602814
1.655755
1.637112
1.658231
1.933750
1.659485
1.597686
1.653025
1.623092
1.598696
1.606159
1.639895
1.650869
1.653049
1.746509
1.651413
1.610681
1.665718
1.607903
1.599503
1.608099
1.616246
1.658461
1.662811
1.640856
1.679936
1.628376
1.652435
1.606634
1.608049
1.614189
1.601763
1.697634
1.679146
1.634515
1.678218
1.604329
1.657388
1.633105
1.601833
1.592711
1.603807
1.783576
1.759607
1.677184
1.657767
1.609610
1.658711
1.608148
1.603859
1.631629
1.608982
1.668634
1.647037
1.643245
1.648447
1.598858
1.652699
1.631309
1.617174
1.600486
1.604865
1.680088
1.666138
1.688745
1.615602
1.649803
1.729825
1.609598
1.625314
1.605162
1.613026
1.681284
1.647873
1.655275
1.599294
1.684559
1.605424
1.642571
1.603657
1.614194
1.604061
1.627469
1.683229
1.747871
1.707884
1.664586
1.671711
1.634415
1.615249
1.618721
1.608488
1.678806
1.670686
1.968809
2.011523
1.650209
1.717198
1.695245
1.669154
1.666001
1.652386
1.794539
1.739316
1.720037
1.740650
1.739629
1.824176
1.591645
1.794010
1.603839
1.713980
1.717007
1.807869
1.837971
1.648675
1.601485
1.632474
1.606530
1.617315
1.604240
1.658315
1.745009
1.708290
1.757350
1.760793
1.610399
1.659999
1.644364
1.604558
1.610896
1.672593
1.686398
1.747495
1.659694
1.666222
1.573334
1.647736
1.598878
1.608543
1.619460
1.664931
1.661298
1.739882
1.847428
1.671755
1.575888
1.647642
1.726207
1.616593
1.603521
1.662297
1.691407
1.701197
1.608246
1.731895
1.639768
1.685136
1.618095
1.670511
1.608495
1.698235
1.739064
1.668018
1.705987
1.703704
1.615168
1.669091
1.636399
1.612994
1.639766
1.648842
1.754383
1.734686
1.875683
1.669195
1.597275
1.666659
1.608985
1.641494
1.605735
1.746010
1.745595
1.650942
1.606567
1.650867
1.592336
1.639810
1.612608
1.607922
1.613753
1.724654
1.937088
1.713294
1.597651
1.647737
1.589000
1.653152
1.606916
1.591455
1.632389
1.653402
1.678445
1.688604
1.652183
1.631280
1.606677
1.677689
1.597301
1.606870
1.616928
1.636710
1.689211
1.667351
1.632449
1.662075
1.632018
1.680688
1.607197
1.609610
1.626394
1.619192
1.665027
1.648194
1.672298
1.675110
1.597243
1.689064
1.593848
1.593632
1.609629
1.628092
1.632315
1.669116
1.767659
1.651124
1.594222
1.669224
1.604023
1.640535
1.605389
1.604037
1.639686
1.674219
1.672893
1.676520
1.633915
1.667145
1.612597
1.632429
1.607117
1.617864
1.699044
1.680398
1.657506
1.590082
1.705767
1.660051
1.635078
1.602755
1.610064
1.622313
1.693361
1.685193
1.655893
1.739512
1.659523
1.692147
1.784734
1.635684
1.640603
1.623283
1.664939
1.699456
1.653357
1.729591
1.598131
1.656198
1.605676
1.633834
1.594211
1.623502
1.735524
1.655544
1.692353
1.596403
1.646357
1.615125
1.652115
1.633503
1.627681
1.587651
1.641542
1.680092
1.638225
1.603084
1.651847
1.598380
1.622311
1.638083
1.591395
1.598689
1.621797
1.666117
1.666536
1.656425
1.632158
1.610310
1.666845
1.606137
1.623294
1.610922
1.622384
1.692456
1.702297
1.633205
1.631278
1.606375
1.634062
1.591330
1.594555
1.586259
1.596635
1.707956
2.246222
1.742646
1.665878
1.626035
1.689275
1.644498
1.598659
1.635822
1.633071
1.680181
1.718697
1.680402
1.650677
1.627415
1.721925
1.599363
1.642691
1.605099
1.656343
1.739474
1.658827
1.628246
1.654612
1.600724
1.648001
1.601439
1.647992
1.620364
1.658236
1.667868
1.713979
1.659024
1.744520
1.616123
1.653292
1.616187
1.736148
1.607708
1.653894
2.366001
1.693815
1.600409
1.678306
1.604990
1.653567
1.641352
1.633495
1.605235
1.655162
1.667554
2.484714
1.648205
1.608960
1.689033
1.639307
1.601802
1.617216
1.618870
1.618714
1.676987
1.657293
1.600023
1.660982
1.700348
1.596285
1.603963
1.622433
1.600045
1.702896
1.682290
1.632847
1.626833
1.640690
1.601555
1.673689
1.632139
1.605668
1.601554
1.632539
1.647461
1.685122
1.603645
1.646188
1.651877
1.648098
1.608747
1.616209
1.600786
1.628582
1.699335
1.658270
1.592544
1.657151
1.633406
1.688141
1.607218
1.608741
1.594639
1.628653
1.693057
1.724408
1.589438
1.646055
1.648923
1.675788
1.695944
1.604043
1.608990
1.628292
1.716765
1.734812
1.627383
1.651166
1.606475
1.654966
1.627974
1.612113
1.649154
1.632322
1.795536
1.893820
1.683165
1.697656
1.658517
1.699927
1.610052
1.586735
1.609499
1.668490
1.650711
1.780311
1.590428
1.629778
1.613608
1.661683
1.610561
1.596357
1.609779
1.609905
1.703095
1.847398
1.810653
1.639590
1.601013
1.662769
1.612172
1.626410
1.587348
1.625371
1.697903
1.691990
1.630754
1.639040
1.626555
1.633461
1.605550
1.588163
1.646843
1.627293
1.814876
1.809174
1.633432
1.660286
1.583661
1.652029
1.594217
1.620481
1.609965
1.620181
1.705670
1.667937
2.015788
1.679426
1.607801
1.678663
1.611635
1.787891
1.624328
1.603920
1.666642
1.659860
1.695459
1.673573
1.600431
1.649569
1.605813
1.583904
1.597784
1.593746
1.628624
1.641646
1.639933
1.681526
1.613240
1.663919
1.603630
1.597719
1.628550
1.597864
1.650050
1.614489
1.664733
2.010410
1.593888
1.656783
1.601614
1.638361
1.613184
1.627189
1.741536
1.680315
1.657295
1.605319
1.663360
1.767436
1.616425
1.608694
1.604694
1.632935
1.627276
1.808048
1.672272
1.631858
1.641406
1.610927
1.755652
1.599406
1.973512
1.606974
1.665346
1.766164
1.664170
1.628123
1.622837
1.671005
1.616632
1.619864
1.601751
1.601891
1.764054
1.664188
1.651571
1.633743
1.705433
1.650362
1.611618
1.604736
1.604066
1.635577
1.726240
1.769513
1.658045
1.606351
1.652933
1.748458
1.600667
1.595783
1.615129
1.604834
1.687053
1.669822
1.635273
1.603795
1.641757
1.601412
1.653116
1.611109
1.608935
1.622385
1.608443
2.382884
1.655956
1.666482
1.698717
1.658812
1.607823
1.604241
2.651293
1.611887
1.701271
1.645886
1.601075
1.674186
1.617398
1.667188
1.613970
1.604557
1.618433
1.685892
1.663439
1.741760
1.589193
1.652396
1.603999
1.806977
1.599519
2.292892
1.598742
1.675613
1.669162
1.652813
1.602812
1.660028
1.608766
1.660597
1.609766
1.603979
1.617207
1.657372
1.668725
1.647973
1.625586
1.656886
1.615610
1.655691
1.649437
1.637602
1.607966
1.656320
1.653456
1.787906
1.618171
1.659997
1.613061
1.689353
1.607578
1.716637
1.609713
1.658773
1.968813
1.658433
1.587201
2.360764
1.649341
1.597196
1.614272
1.590039
1.619415
1.679093
1.841401
1.644212
1.587188
1.667838
1.746548
1.597010
1.617915
1.600585
1.597194
1.660378
1.747923
1.633164
1.595241
1.668279
1.587220
1.671771
1.600597
1.615152
1.599358
1.671538
1.641396
1.639540
1.614973
1.645997
1.596782
1.657577
1.608592
1.594385
1.608876
1.597666
1.679366
1.657391
1.586997
1.650997
1.611976
1.655528
1.591191
1.627564
1.596738
1.592636
1.684134
1.643570
1.937945
1.647578
1.617510
1.643795
1.598768
1.587275
1.821958
1.601882
1.654215
1.675803
1.832258
1.863877
1.588419
1.651337
1.594477
1.590909
1.614266
1.588603
1.691681
1.662625
1.633837
1.626895
1.599220
1.643397
1.598161
1.624402
1.592625
1.599851
1.719214
1.660244
1.631684
1.642212
1.589964
1.636934
1.601554
1.615243
1.599622
1.594614
1.756029
1.734708
1.663027
1.573425
1.624433
1.584258
1.650416
1.568775
1.647653
1.605315
1.636418
1.646245
1.623393
1.575909
1.626403
1.584503
1.676654
1.588443
1.616620
1.578118
1.620059
1.743929
1.632340
1.650776
1.614825
1.582342
1.623834
1.564258
1.576981
1.579264
1.688079
1.653493
1.664521
1.701446
1.616738
1.590818
1.682669
1.601063
1.570585
1.566009
1.618239
1.695333
1.911001
1.628130
1.629381
1.604691
1.679694
1.593743
1.577638
1.578300
1.584475
1.724598
1.932675
1.632575
1.656232
1.600736
1.669776
1.589193
1.590456
1.625493
1.587295
1.609358
1.685807
1.631129
1.609376
1.682214
1.590108
1.664358
1.609845
1.624458
1.592502
1.597739
1.677495
1.624718
1.590272
1.630494
1.585254
1.636811
1.601747
1.579798
1.596698
1.610224
1.659378
1.658909
1.625225
1.979541
1.600758
1.659486
1.625078
1.594841
1.617010
1.604508
1.671365
1.631182
1.649037
1.635388
1.587225
1.638670
1.612182
1.619171
1.598850
1.596929
1.663909
1.763444
1.633705
1.641253
1.684810
1.673677
1.591459
1.624406
1.603894
1.590600
1.684707
1.668935
1.634533
1.602803
1.642863
1.586170
1.647150
1.612976
1.597859
1.595727
1.686073
1.651428
1.633206
1.608108
1.641525
1.590160
1.654426
1.589267
1.618270
1.589507
1.641426
1.679985
1.673455
1.581991
1.631620
1.595339
1.634489
1.593501
1.651239
1.582078
1.585268
1.672796
1.678268
1.973212
1.654372
1.576212
1.635018
1.584982
1.584235
1.609122
1.567437
1.625841
1.632597
1.624030
1.603644
1.573728
1.645170
1.568964
1.602283
1.611478
1.578004
1.610846
1.652222
1.619164
1.571798
1.637584
1.589050
1.657053
1.589830
1.583399
1.615428
1.583780
1.631138
1.625249
1.577089
1.632414
1.602745
1.625741
1.578480
1.605643
1.596425
1.633116
1.804043
2.460994
2.448373
2.391129
1.638559
1.587466
1.572499
1.582219
1.576121
1.730239
1.716978
1.573887
1.614811
1.580514
1.644944
1.581135
1.627807
1.587390
1.583397
1.756543
1.667475
1.631596
1.639726
1.596364
1.626014
1.584071
1.575260
1.569218
1.595571
1.691778
1.658749
1.655917
1.575437
1.618097
1.585789
1.636788
1.598370
1.657272
1.762173
1.776650
1.898831
1.744000
1.757018
1.710036
1.796752
1.713932
1.728753
1.733982
1.826579
1.872508
1.802668
1.733280
1.766519
1.697913
1.752101
1.699845
1.758469
1.731891
1.803071
1.743609
1.740312
1.754236
1.695899
1.752546
1.712296
1.711404
1.696850
1.805499
1.752765
1.864449
1.767677
1.750924
1.706035
1.894698
1.701749
1.694525
1.716576
1.839625
1.751306
1.756349
1.741856
1.698015
1.749742
1.695278
1.735946
1.703050
1.753459
1.761054
1.762739
1.696417
1.763484
1.702209
1.751284
1.705191
1.696966
1.705490
1.733373
1.783582
1.752029
1.697608
1.837337
1.746329
1.701227
1.748292
1.702042
1.708338
1.772921
1.751012
1.744536
1.767555
1.699965
1.780220
1.724434
1.713597
1.768322
1.783248
1.898438
1.755308
1.807471
1.747887
1.827220
1.717049
1.752429
1.713188
1.713476
1.765019
1.776712
1.953066
1.747331
1.722474
1.764025
1.724240
1.708515
1.698012
1.765898
1.773748
1.785969
1.758306
1.712181
1.750776
1.699735
1.743093
1.732993
1.750253
1.767061
1.767365
1.748501
1.806441
1.750977
1.761577
1.712204
1.768740
1.726680
1.765835
1.769747
1.768791
1.766655
1.704902
1.763959
1.704950
1.707122
1.708302
1.708146
1.762575
1.780033
1.754522
1.753285
1.707171
1.765681
1.743090
1.754235
1.701049
1.859008
1.889626
1.747181
1.749231
1.708770
1.755769
1.697794
1.730488
1.707079
1.704086
1.764934
1.751293
1.709026
1.756685
1.714527
1.749446
1.712217
1.702154
1.699198
1.840642
1.743124
1.782277
1.717462
1.759526
1.747278
1.599434
1.632850
1.587680
1.621151
1.652782
1.676608
1.644079
1.566714
1.614308
1.593573
1.628845
1.595479
1.613112
1.574379
1.765099
1.752504
1.625280
1.573044
1.660780
1.602804
1.642976
1.584014
1.575985
1.582466
1.648003
1.897339
1.753573
1.580144
1.626077
1.593727
1.642971
1.587492
1.615309
1.591296
1.600950
1.638190
1.709518
1.574711
1.643055
1.594183
1.642030
1.588403
1.619884
1.598819
1.592945
1.647956
1.649519
1.645203
1.648738
1.597828
1.670956
1.597567
1.592589
1.611184
1.597834
1.673145
1.644034
1.639571
1.592898
1.634340
1.598466
1.639095
1.600299
1.604195
1.635210
1.699840
1.771734
1.640734
1.586484
1.642064
1.606829
1.664058
1.605993
1.633232
1.607521
1.793822
1.639894
1.638625
1.628598
1.658199
1.600354
1.658275
1.624889
1.602892
1.609326
1.625424
1.657452
1.664456
1.590751
1.646938
1.646003
1.645954
1.616263
1.609019
1.594752
1.598745
1.668801
1.648259
1.626774
1.638957
1.593275
1.651363
1.617566
1.593718
1.596093
1.630354
1.806898
1.634371
1.653391
1.606016
1.710170
1.663689
1.648530
1.604195
1.633335
1.605108
1.674553
1.675333
1.657376
1.615235
1.658889
1.599627
1.645166
1.598588
1.628294
1.602754
1.758754
1.657079
1.631517
1.579182
1.812442
1.595541
1.650444
1.598503
1.590405
1.617326
1.604996
1.642803
1.638670
1.585430
1.650198
1.617552
1.666212
1.601305
1.600770
1.603824
1.601837
1.702854
1.666729
1.633141
1.734947
1.593526
1.656545
1.622024
1.589129
1.588976
1.627352
1.667981
1.617228
1.734386
1.667157
1.579237
1.632247
1.569718
1.583351
1.599751
1.575949
1.639096
1.615844
1.636140
1.561692
1.630385
1.593097
1.640197
1.604058
1.587915
1.593795
1.667281
1.737233
1.637993
1.599531
1.641218
1.601651
1.645747
1.594330
1.587580
1.615187
1.601068
1.636625
1.654145
1.618704
1.627568
1.598243
1.641949
1.597647
1.594753
1.594635
1.614398
1.714697
1.657449
1.737047
1.664056
1.604171
1.651962
1.596570
1.623535
1.610077
1.609900
1.663616
1.755240
1.644915
1.650760
1.607398
1.656810
1.628668
1.600745
2.280687
1.603805
1.664508
1.651524
1.624352
1.671562
1.599923
1.677908
1.609798
1.630383
1.603979
1.609764
1.668946
1.646063
1.651105
1.645796
1.594617
1.670821
1.601653
1.625556
1.600026
1.593350
1.735318
1.645621
1.665371
1.620417
1.707552
1.658439
1.603285
1.610035
1.605014
1.598310
1.707034
1.642244
1.658439
1.600562
1.673076
1.605430
1.660466
1.601383
1.594329
1.605799
1.638784
1.622285
1.637642
1.664226
1.638308
1.599851
1.645779
1.591210
1.602339
1.619202
1.599422
1.970636
1.741062
1.638810
1.646570
1.598550
1.649861
1.615161
1.606726
1.604955
1.605093
1.665625
1.646395
1.596208
1.647873
1.602990
1.663793
1.628058
2.085101
1.603854
1.739361
1.642298
1.637078
1.591400
1.664473
1.607265
1.651993
1.630284
1.601929
1.594995
1.937821
1.712155
1.666366
1.613674
1.652499
1.609993
1.649910
1.601368
1.596736
1.600853
1.602652
1.644539
2.199329
1.585140
1.638711
1.614149
1.656415
1.620621
1.598560
1.628180
1.593883
1.637080
1.634942
1.600945
1.653297
1.620525
1.652624
1.827416
1.598789
1.611449
1.616590
1.642022
1.670932
2.157697
1.645892
1.612714
1.661711
1.604375
1.612150
1.610978
1.621221
1.668560
1.646624
1.752594
1.658474
1.604219
1.710099
1.618986
1.601960
1.626937
2.249457
1.663684
1.662790
1.599127
1.645910
1.613449
1.640571
1.611625
1.627600
1.619925
1.754020
1.758642
1.640500
1.595781
1.652682
1.604419
1.659502
1.818654
1.603922
1.668613
1.652102
1.758426
1.640586
1.599576
1.648862
1.621372
1.646764
1.599761
1.600635
1.655940
1.608349
1.886438
1.671483
1.587608
1.667176
1.609023
1.693321
1.599188
1.636823
1.606222
1.604572
1.671515
1.647606
1.581326
1.629354
1.595128
1.680378
1.598065
1.600823
1.592492
1.593917
1.683991
1.633459
1.659518
1.648651
1.598557
1.687255
1.621080
1.584186
1.599568
1.575051
1.645196
1.662292
1.649770
1.586438
2.397668
1.675485
1.598593
1.632382
1.599082
1.623436
1.656391
1.754308
1.680173
1.651378
1.613883
1.653201
1.603558
1.599833
1.632689
1.603027
1.672790
1.659905
1.645699
1.642672
1.605001
1.655573
1.607768
1.608799
1.635883
1.630471
1.684923
1.790005
1.657002
1.715446
1.623317
1.738200
1.615926
1.597628
1.599855
1.609429
2.039156
1.661181
1.808767
1.636471
1.588317
1.665480
1.612067
1.588741
1.602900
1.602055
1.666307
1.665550
1.641801
1.598976
1.712075
1.656326
1.605577
1.616104
1.600952
1.601192
1.679580
1.690428
1.651447
1.600784
1.725728
1.624508
1.661106
1.599416
1.605857
1.612675
1.648954
1.686224
1.859517
1.669290
1.650922
1.638423
1.650210
1.601741
1.609803
1.600932
1.667540
1.658119
1.649083
1.588485
1.641923
1.600025
1.652993
1.607734
1.601830
1.600879
2.207402
1.866244
1.649122
1.606682
1.654250
1.597957
1.728811
1.603780
1.603957
1.618029
1.668560
1.602344
1.776114
1.595511
1.656646
1.602034
1.660798
1.736795
1.591520
1.617335
1.652344
1.847570
1.650652
1.619364
1.623785
1.603795
1.656715
1.595135
1.605080
1.657993
1.665413
1.600622
1.671501
1.593464
1.643894
1.612382
1.645825
1.614920
1.608688
1.628649
1.752329
1.748132
1.644381
1.592396
1.646322
1.597101
2.471163
1.625613
1.603784
1.603969
1.690954
1.647306
1.648784
1.592375
1.671394
1.618291
1.630866
1.592370
1.622272
1.613119
1.685548
1.622480
1.651632
1.598535
1.662022
1.599647
1.661421
1.611122
1.605929
1.607047
1.610177
1.665694
1.657512
1.750790
1.678348
1.610164
1.682940
1.601810
1.605881
1.611010
1.609051
1.653106
1.667661
1.702763
1.651927
1.609973
1.661697
1.591196
1.617255
1.600914
1.600896
1.661636
1.640387
1.641747
1.652604
1.607806
1.655205
1.609734
1.603882
1.625369
1.638730
1.670975
1.635545
1.663898
1.606673
1.671302
1.613585
1.770956
1.615529
1.608507
1.607926
1.664549
1.664349
1.675422
1.595094
1.648528
1.603101
1.685867
1.604417
1.603919
1.603754
1.627335
1.627880
1.648745
1.643652
1.645667
1.608191
1.667251
1.611118
1.608829
1.626522
1.596711
1.664100
1.664819
1.636487
1.647715
1.611927
1.654442
1.623069
1.616764
1.607426
1.597930
1.680972
1.711952
1.590555
1.654271
1.589299
1.644230
1.683586
1.593631
1.585642
1.604051
1.650391
1.627480
1.653420
1.640999
1.595353
1.656330
1.592495
1.586520
1.599854
1.589631
1.644705
1.692160
1.628274
1.570095
1.630518
1.621221
1.626580
1.591666
1.613123
1.594684
1.591703
1.648208
1.662944
1.584594
1.629377
1.596645
1.663335
1.591849
1.597667
1.622229
1.597073
1.646453
1.791029
1.599332
1.623954
1.621380
1.642987
1.589155
1.603032
1.604940
1.591454
1.631865
1.637434
1.625678
1.595502
1.698561
1.680054
1.600595
1.593621
1.595557
1.597786
1.828328
1.651813
1.658455
1.645851
1.675663
1.750800
1.587243
1.618226
1.606038
1.607209
1.652355
1.650909
1.633783
1.587982
1.671447
1.589421
1.661488
1.603701
1.615286
1.592792
1.787550
1.639612
1.641454
1.596460
1.640821
1.595563
1.666767
1.589342
1.589533
1.624556
1.592669
1.639978
1.637607
1.582410
1.657136
1.604358
1.645772
1.593270
1.593810
1.622397
1.593720
1.661526
1.639247
1.644294
1.652035
1.613947
1.637692
1.600258
1.595341
1.593573
1.592744
1.691164
1.665902
1.632939
1.594846
1.625538
1.608115
1.640465
1.589973
1.604913
1.611105
1.598788
1.656957
1.644622
1.621247
1.649541
1.601507
1.661376
1.610110
1.578011
1.580512
1.592224
1.629268
1.652903
1.655473
1.641958
1.593092
1.656312
1.623233
1.591534
1.597960
1.621282
1.623441
1.652861
1.624489
1.656042
1.631993
1.670154
1.600694
1.620932
1.614122
1.607161
1.692019
1.675825
1.637628
1.614131
1.656362
1.603406
1.668941
1.601167
1.608914
1.609228
1.640901
1.711720
1.730017
1.586155
1.642691
1.613715
2.681039
1.619915
1.600018
1.739817
1.711481
1.653655
1.656236
1.651384
1.606007
1.653353
1.602645
1.604785
1.600187
1.601346
1.670699
1.643578
1.675912
1.641785
1.634113
1.646657
1.614588
1.592460
1.595732
1.596749
1.612167
1.653973
1.626642
1.584757
1.655665
1.626637
1.646025
1.622755
1.612395
1.577901
1.605392
1.647048
1.780673
1.637160
1.762617
1.616013
1.659279
1.612949
1.596063
1.599811
1.624716
1.635690
1.650391
1.577876
1.635597
1.634017
1.652237
1.601493
1.606898
1.604014
1.612809
1.728885
1.768265
1.591607
1.660645
1.628242
1.653206
1.631086
1.600817
1.594565
1.627332
1.638533
1.633302
1.731816
1.623068
1.587932
1.635689
1.578638
1.584358
1.596199
1.582311
1.717941
1.629750
1.670271
1.569849
1.648775
1.710644
1.583059
1.599029
1.615169
1.595657
1.605214
1.647298
1.634435
1.591642
1.681522
1.593003
1.670242
1.604944
1.585023
1.612918
1.599230
1.598353
1.653650
1.642843
1.634418
1.596095
1.640640
1.584983
1.608821
1.587510
1.620340
1.631515
1.637681
1.722684
1.648457
1.872622
1.644838
1.604462
1.591656
1.587415
1.594840
1.665739
1.630376
1.653712
1.671415
1.604420
1.673162
1.604285
1.592717
1.600946
1.587431
1.654098
1.659639
1.629481
1.587170
1.652827
1.616740
1.637558
1.644824
1.596355
1.577378
1.603289
1.652010
1.635321
1.586194
1.638423
1.598603
1.644139
1.614643
1.589768
1.621290
1.599848
1.637490
1.639608
1.592401
1.658926
1.598379
1.665373
1.593427
1.619994
1.597814
1.574294
1.643314
1.637848
1.615918
1.637132
1.586262
1.656416
1.593185
1.602108
1.592080
1.628314
1.647799
1.742360
1.636738
1.605544
1.626916
1.604159
1.647468
1.602868
1.623516
1.590483
1.602614
1.667527
1.660472
1.600739
1.662433
1.607481
1.652215
1.611727
1.603916
1.618342
1.620344
1.634323
1.649439
1.631945
1.656030
1.596118
1.675992
1.607207
1.619273
1.607711
1.607103
1.660943
1.665714
1.732247
1.641623
1.595292
1.642072
1.585193
1.598891
1.596068
1.629329
1.673086
1.641334
1.629679
1.653684
1.652366
1.629578
1.587832
1.574158
1.577079
1.586489
1.627612
1.655567
1.734774
1.574321
1.629634
1.601615
1.678777
1.587493
1.609069
1.581355
1.600132
1.661860
1.627847
1.571759
1.636937
1.591141
1.646584
1.641716
1.597778
1.591755
1.615062
1.667806
1.721402
1.594612
1.657206
1.612493
1.675099
1.598833
1.599026
1.612965
1.593640
1.663521
1.731231
1.630104
1.637560
1.600680
1.643286
1.593265
1.603929
1.619428
1.590668
1.672856
1.634293
1.636845
1.629159
1.644011
1.608632
1.653407
1.603435
1.593620
1.614999
1.636765
1.651589
1.679790
1.605800
1.653951
1.647927
1.634223
1.593426
1.596683
1.639014
1.605331
1.642350
1.654455
1.644236
1.689694
1.602045
1.657122
1.636186
1.603836
1.607102
1.613074
1.695481
1.647564
1.591566
1.630284
1.586415
1.643566
1.590699
1.601860
1.612200
1.593423
1.694624
1.684864
1.632440
1.632747
1.605923
1.643068
1.593792
1.618980
1.588618
1.587561
1.645924
1.665904
1.833282
1.595710
1.634172
1.594126
1.672493
1.619303
1.615219
1.600303
1.666580
1.741623
1.647989
1.594603
1.632125
1.600953
1.635835
1.695651
1.598452
1.607014
1.639674
1.645202
1.699749
1.627893
1.696447
1.604492
1.646888
1.669441
1.590578
1.608035
1.617335
1.652008
1.660156
1.668208
1.639203
1.597301
1.672747
1.593283
1.616153
1.607981
1.594563
1.769142
1.684498
1.586608
1.646626
1.613538
1.667323
1.601678
1.615972
1.622423
1.606976
1.747649
1.886708
1.600436
1.657128
1.601049
1.664751
1.596164
1.628491
1.601748
1.598720
1.641886
1.640330
1.652939
1.624851
1.590634
1.655823
1.593916
1.622336
1.607844
1.594692
1.616382
1.653202
1.636658
1.603017
1.659036
1.622923
1.645394
1.605867
1.606753
1.605867
1.680503
1.756508
1.652190
1.606464
1.643941
1.589196
1.667583
1.605955
1.603936
1.613905
1.615546
1.636080
1.649541
1.633434
1.643559
1.611836
1.658310
1.593582
1.607859
1.608360
1.609578
1.662759
1.709725
1.735263
1.656731
1.600882
1.678631
1.607540
1.620329
1.601483
1.609607
1.664651
1.649602
1.650088
1.644009
1.603098
1.680813
1.609649
1.604782
1.602921
1.607836
1.669816
1.652219
1.634698
1.613454
1.656581
1.788321
1.603661
1.631673
1.608515
1.601371
1.678987
1.645290
1.639916
1.597565
1.652669
1.607678
1.652189
1.610854
1.596816
1.615328
1.666886
1.646394
1.680564
1.604336
1.978808
1.612294
1.648878
1.605780
1.613141
1.603909
1.661578
1.672085
1.643549
1.594731
1.647822
1.605278
1.648248
1.607748
1.598905
1.606056
1.621441
1.635572
1.654689
1.632982
1.663099
1.599010
1.688295
1.601575
1.642927
1.610820
1.620009
1.681160
1.680064
1.706365
1.654307
1.587178
1.637581
1.596270
1.611965
1.596952
1.598772
1.667648
1.648947
1.650007
1.634394
1.595264
1.644282
1.600476
1.631575
1.592587
1.604807
1.661576
1.636917
1.649181
1.603785
1.647018
1.615714
1.640951
1.592532
1.610914
1.631290
1.674824
1.650401
1.632643
1.585471
1.680396
1.593373
1.646230
1.605402
1.604899
1.595772
1.600747
1.663221
1.646832
1.600545
1.652226
1.597439
1.748705
1.597365
1.623459
1.607204
1.608776
1.685112
1.639273
1.835778
1.629286
1.603704
1.649137
1.593085
1.608085
1.589569
1.595781
1.667340
1.633686
1.651922
1.644111
1.597532
1.662953
1.598191
1.614225
1.587712
1.630438
1.715816
1.957849
1.643180
1.654837
1.600931
1.683469
1.610147
1.623420
1.607945
1.601869
1.672451
1.664653
1.654610
1.605860
1.655239
2.054683
1.609545
1.631596
1.610865
1.599466
1.675030
1.649074
1.636037
1.607016
1.648907
1.733843
1.615780
1.602478
1.599975
1.698617
1.670704
1.682332
1.659139
1.609954
1.651252
1.611885
1.663413
1.605883
1.619295
1.625594
1.668553
1.764720
1.639647
1.586694
1.653163
1.606257
1.644486
1.612949
1.605422
1.596622
1.760084
1.656943
1.674464
1.586728
1.636804
1.621691
1.646097
1.592490
1.604864
2.025783
1.936549
1.595839
1.679882
1.601599
1.680919
1.637848
1.640723
1.626902
1.600738
1.618280
1.625696
1.652859
2.090640
1.698846
1.761206
1.647478
1.609206
1.601858
1.601890
1.641551
1.665504
1.601229
1.656460
1.604906
1.664418
1.665828
1.640735
1.623797
1.609230
1.587185
1.622744
1.655949
1.649940
1.631295
1.657471
1.674600
1.639797
1.613973
1.606106
1.600700
1.668779
1.600100
1.646716
1.604878
2.068887
1.690769
1.729873
1.603376
1.619283
1.624421
1.657326
1.634738
1.884159
1.604648
1.665586
1.681612
1.638947
1.601666
1.601884
1.625187
1.677900
1.605889
1.657480
1.615873
1.653298
1.654399
1.666560
1.600843
1.601125
1.618144
1.624606
1.615123
1.705290
1.595654
1.653503
1.674800
1.657171
1.607511
1.604956
1.606195
1.607181
1.678548
1.607531
1.693101
1.724642
1.676138
1.654784
1.635680
1.600837
1.629685
1.608997
1.655163
1.590028
1.660127
1.662004
1.657286
1.647522
1.593648
1.626126
1.622450
1.602485
1.667386
1.745706
1.634714
1.640760
1.766482
1.652783
2.477737
1.609718
1.618230
1.611976
1.664555
1.636206
1.618313
1.661879
1.651216
1.660902
1.603478
1.629574
1.605280
1.658820
1.652044
1.653099
1.741334
1.633589
1.667841
1.677780
1.603763
1.628402
1.601841
1.600928
1.723760
1.660619
1.883775
1.651396
1.606917
1.650409
1.613630
1.600877
1.593796
1.639763
1.663264
1.741911
1.890703
1.664017
1.606736
1.658938
1.601545
1.603715
1.995116
1.640734
1.683842
1.654895
1.595488
1.661690
1.617524
1.663077
1.605301
1.616117
1.627388
1.598651
1.705595
1.678289
1.635894
1.664091
1.615071
1.643872
1.600690
1.600893
1.595643
1.618316
1.670533
1.640701
1.684592
1.678228
1.594310
1.656104
1.590882
1.604051
1.618057
1.593599
1.598552
1.776663
1.627356
1.590261
1.778100
1.765802
1.613602
2.162267
1.590573
1.614896
1.707997
1.638469
1.752802
1.648326
1.589713
1.642597
1.597795
1.597613
1.609949
1.595565
1.671950
1.648751
1.648010
1.756422
1.590060
1.646945
1.631874
1.593736
1.626770
1.605554
1.686573
1.703066
1.643821
1.674689
1.801546
1.640891
1.587300
1.600909
1.584486
1.606139
1.657485
1.686644
1.633836
1.630512
1.666682
1.627854
1.662164
1.610545
1.603890
1.611820
1.678869
1.652290
1.659141
1.602850
1.658199
1.611038
1.644177
1.610797
1.604780
1.615211
1.608125
1.658370
1.753064
1.582032
1.634821
2.060487
1.633723
1.585984
1.583775
1.578185
1.601974
1.639789
1.641903
1.627347
1.638823
1.576374
1.637878
1.576807
1.600923
1.591596
1.583524
2.414083
1.620295
1.574105
1.644957
1.629500
1.649809
1.601074
1.596131
1.583172
1.600927
1.638670
1.669941
1.616307
1.667572
1.592240
1.681170
1.586993
1.613864
1.599616
1.587660
1.652146
1.650711
2.378204
1.646382
1.593989
1.648139
1.600177
1.596809
1.587163
1.598960
1.678653
1.658550
1.691086
1.669210
1.594381
1.669166
1.594938
1.592873
1.593792
1.591480
1.679008
2.255966
1.697237
1.696034
1.630712
1.898212
1.862213
1.816444
2.153654
1.884397
1.872274
1.623276
1.670027
1.652376
1.805101
1.756938
1.633267
1.647386
1.657903
1.677057
1.651289
1.616988
1.650968
1.621724
1.749260
1.672153
1.629764
1.618558
1.612669
1.695647
1.741763
1.730747
1.629695
1.588190
1.637910
1.596997
1.598477
1.670443
1.606714
1.660061
1.649101
1.696528
1.692015
1.597569
1.671361
1.599269
1.628267
1.613277
1.606714
1.673419
1.738311
1.634169
1.663102
1.636084
1.643268
1.606901
1.603951
1.584448
1.598913
1.676962
1.648906
1.633192
1.732604
1.609296
1.634239
1.605545
1.582400
1.610959
1.628470
1.679838
1.674191
1.650186
1.582603
1.652075
1.600892
1.643872
1.612021
1.602936
1.586407
1.680777
1.667593
1.672566
1.591713
1.695224
1.591370
1.687157
1.599551
1.588833
1.571193
1.718633
1.680783
1.642941
1.607183
1.655116
1.590596
1.699376
1.585317
1.597049
1.573334
1.589765
1.688085
1.637056
1.759411
1.642989
1.570254
1.621308
1.580902
1.637571
1.579068
1.577271
1.683050
1.633965
1.629720
1.703359
1.608655
1.626926
1.596488
1.611219
1.605894
1.626612
1.646933
1.634616
1.662691
1.569187
1.645457
1.584149
1.618309
1.602651
1.585798
1.583371
1.650301
1.617689
1.730821
1.579944
1.673517
1.612311
1.610552
1.607197
1.679459
1.580293
1.568953
1.635088
1.653545
1.582442
1.630649
1.604336
1.642833
1.602642
1.577344
1.583612
1.573885
1.678459
1.630495
1.616355
1.816191
1.582405
1.635327
1.582992
1.612071
2.022593
1.595863
1.664316
1.628252
1.613395
1.695230
1.572483
1.636219
1.606397
1.563974
1.574803
1.577779
1.646913
1.620636
1.662481
1.583152
1.671024
1.587416
1.670311
1.580826
1.592786
1.580218
1.584847
1.635757
1.636768
1.573204
1.628785
1.630576
1.635712
1.622777
1.584452
1.581599
1.588655
1.648974
1.638760
1.649384
1.645154
1.584038
1.644436
1.586310
1.587758
1.606055
1.591544
1.591653
1.650020
1.630874
1.590130
1.663088
1.583069
1.632799
1.608750
1.600119
1.587988
1.636857
1.607898
1.721731
1.587771
1.637947
1.584622
1.638968
1.578510
1.585385
1.588276
1.601079
1.630703
1.642227
1.703984
1.632017
1.613596
1.622435
1.581024
1.624149
1.578919
1.582391
1.677806
1.622858
1.632452
1.646027
1.783990
1.648182
1.621707
1.592784
1.596828
1.628516
1.661447
1.668066
1.673958
1.714804
1.774704
1.652853
1.601906
1.590837
1.604733
1.596039
1.669286
1.660965
1.641040
1.597578
1.684300
1.629115
1.673575
1.633581
1.600388
1.605964
1.618026
1.644616
1.655358
1.620179
1.658306
1.609808
1.671565
1.600640
1.603968
1.615450
1.650638
1.653981
1.636910
1.594852
1.636582
1.606570
1.645883
1.593086
1.605000
1.590534
1.599771
1.647179
1.637489
1.851940
1.657055
1.597192
1.642056
1.623184
1.596675
1.591516
1.599754
1.661083
1.667706
1.634266
1.667234
1.604893
1.676989
1.595355
1.611173
1.610721
1.596440
1.665435
1.681463
1.633628
1.586504
1.778172
1.768283
1.612726
1.598772
1.593631
1.596874
1.614379
1.657763
1.623882
1.627210
1.633216
1.577964
1.641572
1.579265
1.600763
1.581420
1.635623
1.611993
1.633821
1.561667
1.640501
1.582938
1.705452
1.580808
1.616653
1.559370
1.589307
1.639035
1.630468
1.619424
1.652790
1.605362
1.638477
1.601093
1.585205
1.581203
1.588743
1.645100
1.622015
1.618525
1.576061
1.632858
1.623391
1.627466
1.607329
1.601304
1.580378
1.633845
1.707463
1.645758
1.596632
1.665822
1.598211
1.648142
1.599240
1.592604
1.615357
1.597948
1.665104
1.658124
1.712885
1.643540
1.596869
1.644094
1.598047
1.616412
1.604996
1.594765
1.653531
1.645322
1.658519
1.648077
1.609907
1.670744
1.596724
1.619589
1.596632
1.605183
1.680898
1.641652
1.661177
1.725052
1.684755
1.679665
1.615914
1.624162
1.616970
1.597785
1.667262
1.655670
1.647596
1.598628
1.913252
1.662914
1.604657
1.598879
1.633413
1.601794
1.691272
1.667113
1.643948
1.612721
1.929940
1.656092
1.606847
1.608224
1.956020
1.603951
1.683092
1.676015
2.591285
1.661879
1.608882
2.476233
1.627166
1.604973
1.610090
1.655423
1.658917
1.626546
1.656148
1.764728
1.645234
1.595253
1.599906
1.612115
1.594606
1.667550
1.863530
1.754410
1.768283
1.714930
1.787346
1.703240
1.701461
1.710508
1.749440
1.763162
1.786312
1.742049
1.763482
1.700139
1.749306
1.703020
1.612569
1.636388
1.686794
1.572390
1.626282
1.578065
1.669928
1.597300
1.652712
1.582763
1.585084
1.606669
1.640533
1.631575
1.651917
1.576142
1.624032
1.624095
1.628818
1.588654
1.602563
1.592459
1.643967
1.644440
1.632436
1.647257
1.670894
1.594259
1.670874
1.680978
1.626441
1.592123
1.592698
1.686956
1.642337
1.645126
1.605389
1.804571
1.591331
1.755392
1.618179
1.594761
1.620184
1.615497
1.692759
1.626058
1.573372
1.656471
1.591283
1.662564
1.575203
1.586685
1.612706
1.588455
1.791343
1.657328
1.576170
1.673162
1.585630
1.630515
1.590424
1.584448
1.572935
1.613019
2.134543
1.634848
1.621584
1.634246
1.588418
1.635711
1.572505
1.594782
1.627671
1.573460
1.620019
1.621144
1.617118
1.626092
1.579221
1.610955
1.571979
1.601267
1.584907
1.589402
1.665621
1.632126
1.632702
1.747261
1.760649
1.661517
1.590422
1.577413
1.601819
1.597914
1.600725
1.640223
1.660424
1.569770
1.636991
1.592658
1.634104
1.587070
1.588762
1.593753
1.608110
1.649959
1.764879
1.592598
1.645170
1.589203
1.634054
1.588079
1.590711
1.582233
1.599780
1.635541
1.698081
1.762793
1.665298
1.617469
1.629611
1.598300
1.587487
1.591374
1.607060
1.659454
1.634436
1.623559
1.686446
1.612644
1.633358
1.630002
1.595719
1.586529
1.604754
1.654245
2.061283
1.618333
1.643393
1.589937
1.632487
1.802146
1.582255
1.582440
1.604023
1.646602
1.625308
1.631363
1.591840
1.764818
1.593327
1.624326
1.606947
1.587929
1.585652
1.663209
1.637627
1.628364
1.586781
1.642693
1.583783
1.667914
1.761965
1.581397
1.726850
1.676705
1.633387
1.662342
1.582212
1.622805
1.590063
1.642882
1.606582
1.581295
1.591614
1.606077
1.693299
1.639105
1.578911
1.639666
1.592548
1.655211
1.575441
1.583124
1.600827
1.584385
1.631483
1.628213
1.618808
1.653241
1.831017
1.637395
1.587923
1.610945
1.584579
1.590572
1.636796
1.704693
1.629329
1.564731
1.657221
1.597339
1.634680
1.579634
1.590689
1.581326
1.652045
1.647903
1.650481
1.600676
1.642804
1.615119
1.647233
1.624156
1.602823
1.630562
1.621320
1.851729
1.660433
1.612244
1.645495
1.599607
1.648102
1.595680
1.617135
1.608866
1.593700
1.702188
1.673170
1.728096
1.650481
1.615805
1.645377
1.617736
1.604888
1.627698
1.595950
1.661355
1.637331
1.641188
1.652714
1.593837
1.644868
1.617793
1.590964
1.596882
1.619097
1.658496
1.660926
1.659118
1.598495
1.766958
1.599784
1.746548
1.613229
1.609394
1.576351
1.662185
1.662752
1.638499
1.594083
1.663844
1.620636
1.671289
1.614799
1.599943
1.605020
1.674933
1.666000
1.650084
1.596654
1.661554
1.604617
1.675593
1.606699
1.602930
1.612055
1.658839
1.645646
1.674515
1.610320
1.686163
1.605427
1.655029
1.601923
1.629476
2.050483
1.680652
1.659192
1.647066
1.610449
1.666804
1.605722
1.658371
1.620165
1.605069
1.604928
1.696176
1.678628
1.641967
1.613190
1.682993
1.607462
1.693271
1.601299
1.605146
1.615133
1.623369
1.702161
1.666831
1.716448
1.659516
1.615378
1.654286
1.599442
1.612012
1.601127
1.632746
1.668976
1.643546
1.672814
1.667774
1.609702
1.658030
1.618428
2.038988
1.601678
1.612262
1.700865
2.138538
1.597943
1.655443
1.623570
1.641622
1.596891
1.596644
1.604001
1.600687
1.723345
1.659312
1.592941
1.671633
1.629136
1.658020
1.635734
1.606848
1.633331
1.618772
1.658478
1.645243
1.871231
1.657467
1.603405
1.664651
1.603507
1.603877
1.614266
1.605725
1.684885
1.667227
1.653131
1.654275
1.624232
1.685808
1.609034
1.632454
1.608928
1.620304
1.671491
1.687034
1.659789
1.739287
1.603715
1.655570
1.608569
1.612038
1.626530
1.616282
1.689090
1.674685
1.642887
1.716504
1.779222
1.666319
1.623434
1.602966
1.609139
1.595912
1.648677
1.631638
1.657379
1.880417
1.783526
1.645824
2.167286
1.592741
1.618237
1.602887
1.638505
1.728895
2.403406
1.649928
1.619101
1.652058
1.627713
1.611902
1.611049
2.309530
1.668259
1.645661
1.658936
1.782682
1.674629
1.611325
1.604774
1.622337
1.605954
1.662374
1.649722
2.275221
1.660413
1.610983
1.654238
1.604356
1.613099
1.621345
1.602061
1.669673
1.651567
1.649276
1.689429
1.604747
1.672161
1.613749
1.629446
1.614257
1.651741
1.663089
1.656931
1.673589
1.647405
1.791457
1.653151
1.610387
1.608167
1.604996
1.608275
1.656807
1.666388
1.666821
1.589963
1.813287
1.743438
1.633877
1.610914
1.593830
1.595729
1.664853
1.667776
1.641395
1.613651
1.654998
1.605407
1.659290
1.604741
1.605045
1.610624
1.694175
1.646670
1.693908
1.596268
1.647327
1.612357
1.647619
1.604737
1.617022
1.606960
1.715621
1.666957
1.649153
1.599907
1.663876
1.606134
1.650159
1.611794
1.640798
1.584602
1.621676
1.693393
1.681687
1.612087
1.664951
1.613007
1.656014
1.606730
1.620330
1.609174
1.607011
1.654260
1.648027
1.643903
1.664657
1.623869
1.653330
1.606644
1.615108
1.601978
1.608084
1.667519
1.655018
1.649070
1.695330
1.764702
1.653353
1.610510
1.599658
1.600765
1.615237
1.662284
1.651183
1.656013
1.602143
1.909506
1.663118
1.603747
1.604829
1.792417
1.611154
1.663457
1.664277
1.656519
1.687856
1.774027
1.658302
1.605757
1.613111
1.606141
1.608021
1.677647
1.647901
1.659340
1.725930
1.782269
2.031019
1.598584
1.630574
1.619285
1.603930
1.655727
1.652920
1.658508
1.663965
1.607592
1.645090
1.857308
1.617696
1.603773
1.608303
1.690919
1.638990
1.679643
1.672861
1.614954
1.682805
1.613804
1.624656
1.606095
1.779105
1.670852
1.661550
1.647020
1.710738
1.600140
1.660381
1.607596
1.601788
1.630578
1.611162
1.674500
1.667794
1.646137
1.733390
1.761092
1.678427
1.609493
1.630018
1.607539
1.604840
1.779086
1.661032
1.665436
1.685594
1.765766
1.648557
1.607243
1.603739
1.604793
1.615002
1.753446
1.659966
1.638735
1.685165
1.836857
1.643441
1.595997
1.624076
1.604540
1.600895
1.691886
1.983645
1.638755
1.657826
1.626010
2.142021
1.596402
1.605321
1.616035
1.601786
1.683473
1.692100
1.626198
1.675701
1.609832
1.631774
1.638185
1.598872
1.592231
1.623422
1.620834
1.678505
1.638826
1.670143
1.722766
1.659456
1.598221
1.644858
1.615027
1.586890
1.649777
1.659208
1.686501
1.651625
1.645114
1.781187
1.588270
1.615338
1.613772
1.604273
1.730184
1.660238
1.649049
1.605364
1.783972
1.601884
1.657454
1.606677
1.619382
1.608131
1.628730
1.829740
1.634205
1.602002
1.649925
1.607899
1.641744
1.598720
1.605888
1.616206
1.608032
1.644338
1.655654
1.591658
1.655128
1.596698
1.649234
1.614135
1.631248
1.601372
1.638845
1.643720
1.726154
1.601923
1.667299
1.602360
1.684365
1.592581
1.576375
1.585337
1.576383
1.628349
1.644554
1.635848
1.633669
1.607791
1.789361
1.584037
1.591876
1.601402
1.614044
1.629690
1.655766
1.636995
1.678215
1.809793
1.657355
1.580298
1.598455
1.617895
1.591280
1.700034
1.664562
1.680655
1.735160
1.739078
1.685214
1.606460
1.579177
1.591806
1.616052
1.833392
1.635496
1.636944
1.688100
1.630286
1.606269
1.606670
1.603624
1.583247
1.583344
1.655863
1.636369
1.662776
1.581209
1.666233
1.576312
1.655235
1.602023
1.597646
1.591866
1.608618
1.803868
1.682896
1.603643
1.692603
1.611717
1.632355
1.594637
1.599833
1.603498
1.596250
1.659446
1.668388
1.685563
1.681774
1.627268
1.655690
1.689249
1.602441
1.622726
1.848167
1.647179
1.642794
1.583468
1.667931
1.592292
1.638375
1.566811
1.570396
1.624905
1.573200
1.605768
2.087259
1.893142
1.642938
1.612126
1.632083
1.609382
1.599831
1.591553
1.594784
1.643898
1.640395
1.872222
1.644805
1.590649
1.653261
1.590709
1.608087
1.625527
1.602566
1.635998
1.656747
1.639022
1.707512
1.620313
1.642952
1.606665
1.598821
1.597723
1.617237
1.660240
1.633617
1.657539
1.602494
1.669971
1.597644
1.641889
1.599756
1.597607
1.633557
1.651228
1.703159
1.644072
1.603644
1.641577
1.600262
1.677103
1.597735
1.622454
1.597814
1.672195
1.662029
1.634248
1.588319
1.654746
1.619607
1.647880
1.617103
1.602268
1.594263
1.615938
1.821441
1.635948
1.634495
1.635528
1.574098
1.645513
1.602548
1.584730
1.579315
1.586658
1.637866
1.634390
1.652209
1.657414
1.691868
1.645003
1.575474
1.581284
1.601130
1.563630
1.601157
1.646677
1.771428
1.580157
1.615470
1.572981
1.628057
1.572985
1.584481
1.590764
1.695178
1.552841
1.644733
1.582648
1.623221
1.575071
1.643951
1.573967
1.575267
1.596972
1.579186
1.634109
1.636444
1.632761
1.643953
1.588516
1.652437
1.591276
1.585772
1.587669
1.603929
1.640997
1.626977
1.634935
1.584645
1.633133
1.590171
1.641024
1.583151
1.585508
1.578390
1.579430
1.645155
1.633430
1.580791
1.644675
1.584177
1.646066
1.605554
1.588558
1.591807
1.600842
1.653360
1.634178
1.666765
1.641507
1.604953
1.655082
1.608660
1.596867
1.603053
1.622701
1.645666
1.654018
1.635507
1.660637
1.642844
1.763251
1.643861
1.669200
1.591354
1.595885
1.597609
1.659880
1.636681
1.587258
1.653739
1.589605
1.633775
1.604051
1.591322
1.604173
1.618223
1.624783
1.665215
1.589422
1.677541
1.597751
1.675834
1.603699
1.588641
1.584565
1.586462
1.661958
1.657853
1.690371
1.656288
1.595571
1.641735
1.594518
1.594849
1.614246
1.604289
1.649229
1.622863
1.648080
2.890411
1.606554
1.663270
1.592415
1.601386
1.594541
1.601150
1.642349
1.636760
1.602300
1.656438
1.599465
1.657022
1.607817
1.604930
1.630679
1.616706
1.638877
1.666220
1.610635
1.659120
1.608688
1.664748
1.602447
1.608142
1.629530
1.606908
1.657092
1.652514
1.792263
1.664943
1.623256
1.648181
1.611979
1.612217
1.602287
1.718152
1.655962
1.641433
1.644957
1.668036
1.595067
1.659656
1.621840
1.601750
1.596746
1.628423
1.655333
1.639281
1.643651
1.704651
1.772121
1.659305
1.621781
1.596851
1.606433
1.594552
1.668353
1.651650
1.669657
1.598406
1.669057
1.612087
1.660493
1.607693
1.626446
1.605907
1.713794
1.666592
1.659238
1.800024
1.637881
1.595511
1.645184
1.594373
1.587357
1.630463
1.725516
1.651577
1.684059
1.598670
1.666429
1.602655
1.669430
1.584447
1.591500
1.608267
1.624881
1.640253
1.633906
1.590495
1.643773
1.595549
1.640291
1.635579
1.588594
1.598064
1.611913
1.645989
1.666644
1.735700
1.639970
1.595554
1.651303
1.632129
1.588585
1.584592
1.592287
1.659989
1.660630
1.630754
1.637239
1.771649
1.666045
1.598489
1.618435
1.594801
1.587399
1.680278
1.626164
1.620186
1.593117
1.640788
1.591107
1.636381
1.585245
1.598605
1.604284
1.664527
1.638749
1.685757
1.597283
1.666376
1.612826
1.665528
1.602629
1.645168
1.578078
1.583585
1.660341
1.646007
1.589370
1.665134
1.599886
1.670625
1.607989
1.612925
1.606169
1.609044
1.651024
1.632275
1.671193
1.649562
1.590367
1.657347
1.597482
1.603901
1.602948
1.592347
1.676965
1.656692
1.629725
1.607567
1.774311
1.600726
1.738133
1.621821
1.609956
1.605901
1.666434
1.660739
1.719629
1.602846
1.644884
1.620150
1.654749
1.618756
1.602978
1.609584
1.632568
1.654605
1.798367
1.601386
1.655443
1.616152
1.648999
1.599658
1.617272
1.619289
1.667421
1.703436
1.644156
1.595588
1.667244
1.602980
1.653307
1.614908
1.670503
1.599959
1.654160
1.762722
1.637865
1.596642
1.637901
1.738886
1.633016
1.596604
1.594410
1.602179
1.602098
1.636563
1.627095
1.716870
2.327329
1.617129
1.656080
1.602493
1.594436
1.594930
1.602520
1.656181
1.641798
1.599276
1.650720
1.621197
1.659386
1.610863
1.595851
1.619401
1.612939
1.675335
1.639439
1.724024
1.651633
1.607489
1.653275
1.601503
1.608072
1.601844
1.597858
1.692021
1.669972
1.703398
1.741145
1.615958
1.654739
1.625013
1.617471
1.633025
1.749182
1.635488
1.728814
2.370478
1.864667
1.805432
1.717511
1.664129
1.713043
1.775728
1.847924
1.817047
1.923241
1.905588
1.763132
1.844210
1.747523
1.726581
1.743817
1.806774
1.945741
1.776750
1.765847
1.706826
1.784441
1.604046
1.599227
1.632692
1.632102
1.736065
1.808643
1.957231
1.873617
1.773993
1.890321
1.746902
2.082079
1.983138
1.748311
1.787850
1.675675
1.726018
1.646628
1.683889
1.594206
1.630379
1.604202
1.607161
1.681697
1.662376
1.725920
1.649938
1.650018
1.654217
1.602573
1.687781
1.605747
1.638040
1.668767
1.659402
1.736975
1.655403
1.639225
1.656467
1.681671
1.598777
1.621387
1.611710
2.228999
1.676322
1.591696
1.651049
1.598286
1.676295
1.594542
1.601547
1.610173
1.593866
1.751888
1.736721
1.600392
1.806205
1.595437
1.642020
1.592604
1.607746
1.600845
1.617162
1.671975
1.645112
1.681679
1.722062
1.578685
1.656839
1.577890
1.586388
1.587611
1.578188
1.691891
2.095682
1.712308
1.643783
1.620292
1.642469
1.593047
1.636511
1.590494
1.619813
1.654219
1.657970
1.772804
1.649877
1.595155
1.652363
1.597747
1.601728
1.615172
1.599762
1.671593
1.630516
1.656445
1.687822
1.621334
1.664701
1.580841
1.599441
1.604568
1.626261
1.678619
1.653399
1.631540
1.584520
1.661406
1.582231
1.640150
1.589575
1.595801
1.592865
1.651209
1.638926
1.745406
1.600292
1.668982
1.588372
1.645102
1.600662
1.594846
1.625457
1.586337
1.715361
2.228616
1.581640
1.641413
1.623682
1.651148
1.603439
1.595705
1.594407
1.595897
1.651326
1.740266
1.619052
1.663505
1.601579
1.624754
1.600897
1.618320
1.589746
1.602925
1.767847
1.677462
1.597988
1.671669
1.625705
1.696144
2.404711
1.623146
1.601937
1.730100
1.660561
1.702995
1.592830
1.687745
1.644681
1.643586
1.620135
1.600922
1.629539
1.680609
1.698132
1.696097
1.610569
1.697882
1.602695
1.650212
1.602776
1.603546
1.614987
1.615242
1.655899
1.781276
1.592716
1.669573
1.611029
1.649245
1.615720
1.616351
1.608078
1.615226
1.802945
1.676195
1.598781
1.661725
1.609075
1.686159
1.887162
1.605730
1.604080
1.699291
1.695595
1.665061
1.644555
1.658356
1.599269
1.678279
1.604906
1.606835
1.612108
1.806865
1.679630
1.669454
1.607101
1.643448
1.621233
1.637003
1.589513
1.597015
1.585529
1.620453
1.673110
1.772130
1.743675
1.692738
1.615415
1.667606
1.625338
1.651886
1.614139
1.656283
1.630730
1.873103
1.614275
1.806689
1.614982
1.674889
1.584237
1.589812
1.627839
1.677752
1.634387
1.832836
1.576264
1.703309
1.644347
1.700254
1.583998
1.594904
1.634954
1.644881
1.697509
1.786633
1.746162
1.712436
1.610967
1.639795
1.616820
1.598359
1.586307
1.651216
1.726701
1.790061
1.630522
1.724997
1.607570
1.668665
1.606875
1.633632
1.611605
1.654203
1.642580
1.645393
1.637431
1.644453
1.605423
1.647041
1.591951
1.626568
1.595790
1.602775
1.715618
1.644018
1.645372
1.670915
1.623237
1.643900
1.624287
1.604133
1.610188
1.617125
1.712572
1.713206
1.665651
1.642551
1.755659
1.670477
1.596612
1.617151
1.908182
1.601844
1.728994
1.705204
1.685057
1.647842
1.630357
1.649761
1.623830
1.603660
1.600662
1.604589
1.759527
1.720359
1.652000
1.762368
1.601891
1.726195
1.599446
1.620585
1.610289
1.612955
1.767337
1.654047
1.663920
1.700379
1.582770
1.718614
1.603760
1.678792
1.616295
1.583263
1.647093
1.646613
1.673745
1.692888
1.743924
1.655030
1.586646
1.615218
1.597914
1.582922
1.824816
1.686790
1.669357
1.695075
1.791056
1.696134
1.602825
1.609144
1.621591
1.637097
1.742128
1.748377
1.687023
1.705385
1.649757
1.668319
1.633598
1.589328
1.622696
1.617358
1.749136
1.664038
1.682790
1.740198
1.610248
1.646939
1.596579
1.604050
1.592710
1.650860
1.807102
1.661081
1.673755
1.766364
1.606381
1.686101
1.610432
1.759376
1.595792
1.601633
2.436648
1.709905
1.613837
1.738657
1.653161
1.646581
1.629174
1.635301
1.624141
1.715425
1.649870
2.050228
1.599837
1.718867
1.601400
1.656436
1.617639
1.593910
1.621501
1.639897
1.662517
1.729001
1.587572
1.723436
1.616067
1.703617
1.619225
1.595707
1.653986
1.667600
1.779188
1.718570
1.580079
1.689963
1.591262
1.650198
1.585340
1.618287
1.643085
1.645837
1.704530
1.686603
1.570998
1.692592
1.579636
1.689090
1.587030
1.599204
1.590902
1.582004
1.760543
1.708991
1.768300
1.673969
1.563711
1.690294
1.584137
1.574865
1.589016
1.575570
1.748447
1.716076
1.767662
1.686988
1.568513
1.632244
1.566787
1.606185
1.597802
1.602048
1.660457
1.640318
1.631961
1.624069
1.629207
1.568128
1.619435
1.574609
1.576378
1.569170
1.686685
1.686765
1.723210
1.577445
1.727680
1.596923
1.650262
1.623213
1.647159
1.608031
1.646523
1.604106
1.680868
1.582697
1.660679
1.600777
1.644765
1.628015
1.585776
1.612153
1.595220
1.646148
1.680280
1.693273
1.659263
1.601026
1.667253
1.612984
1.600767
1.626156
1.601955
1.643995
1.713688
1.891268
1.630201
1.604996
1.639631
1.601795
1.602911
1.634185
1.645574
1.741957
1.727486
2.131986
1.608540
1.575865
1.626698
1.585379
2.220816
1.582011
1.642087
1.585613
1.612523
1.738299
1.791739
1.574748
1.640348
1.626331
1.576402
1.579998
1.665472
2.212895
1.607560
1.567383
1.650933
1.596055
1.647357
1.586078
1.590351
1.615296
1.600134
1.606545
1.632167
1.612613
1.657551
1.598787
1.667842
1.597233
1.615829
1.599843
1.597802
1.656440
1.663481
1.820287
1.643130
1.598533
1.660940
1.614981
1.591678
1.599516
1.618365
1.654092
1.645498
1.626113
1.641071
1.614606
1.647483
1.601510
1.586586
1.598485
1.587635
1.645896
1.644958
1.632460
1.580733
1.640642
1.617952
1.647888
1.595464
1.588687
1.625420
1.754324
1.654600
1.684501
1.595828
1.666386
1.592515
1.659359
1.595534
1.626721
1.583540
1.658808
1.686581
1.674122
1.577218
1.649637
1.615185
1.643804
1.620907
1.594863
1.598963
1.626910
1.665180
1.662982
1.832718
1.634775
1.604447
1.658988
1.617381
1.591272
1.605845
1.619024
1.680731
1.673484
1.729983
1.636605
1.630570
1.653482
1.589095
1.599496
1.598837
1.594868
1.718899
1.700700
1.654896
1.669359
1.591687
1.651440
1.605107
1.597990
1.615203
1.603758
1.645792
1.645987
1.646399
1.597754
1.641480
1.604525
1.640981
1.621345
1.602538
1.581253
1.605158
1.637513
1.631477
1.594615
1.643474
1.582676
1.653274
1.603587
1.593089
1.587692
1.606226
1.678739
1.626023
1.586243
1.644660
1.585451
1.639759
1.583998
1.590730
1.585391
1.600927
1.617398
1.648213
1.605453
1.577929
1.629140
1.574438
1.737478
1.589510
1.585578
1.600006
1.646266
1.634061
1.624729
1.578373
1.649749
1.579647
1.678092
1.585019
1.593306
1.588409
1.601230
1.618997
1.646394
1.593693
1.634761
1.600429
1.630910
1.614615
1.598543
1.597196
1.607010
1.671442
1.699394
1.739826
1.666875
1.585090
1.627555
1.588836
1.605211
1.578267
1.602579
1.682464
1.826821
1.657163
1.626333
1.618452
1.641719
1.619413
1.585031
1.592007
1.595679
1.700231
1.666976
1.762149
1.579189
1.710103
1.692923
1.589393
1.615996
1.614052
1.599671
1.724201
1.721719
1.643962
1.589413
1.643682
1.595760
1.683870
1.595176
1.623396
1.609878
1.678592
1.635440
1.636844
1.595204
1.646161
1.593999
1.646310
1.592005
1.636340
1.587285
1.599002
1.668242
1.627536
1.836506
1.629181
1.580931
1.627628
1.581986
1.785162
1.584707
1.607838
1.623038
1.633987
1.623724
1.621385
1.593655
1.656531
1.614791
1.596739
1.600435
1.615547
1.737013
1.862979
1.709184
1.639498
1.616161
1.643238
1.600277
1.623400
1.595655
1.597661
1.691336
1.642008
1.630278
1.650741
1.591522
1.631078
1.591132
1.584292
1.591620
1.597678
1.599936
1.623127
1.626700
1.667355
1.625367
1.608282
1.642238
1.584277
1.605918
1.587544
1.591798
1.647085
1.657758
1.608856
1.629935
1.603449
1.664137
1.590327
1.602899
1.580009
1.596056
1.662475
1.707177
1.715393
1.624997
1.573078
1.660426
1.581181
1.585433
1.586279
1.576256
1.602050
1.675744
1.705555
1.556610
1.639462
1.572283
1.640772
1.585102
1.592559
1.601473
1.799647
1.620070
1.638917
1.721658
1.642417
1.569770
1.649924
1.576864
1.584426
1.588547
1.633810
1.662475
1.649655
1.571186
1.836916
1.588729
1.643701
1.579059
1.622412
1.596031
1.636627
1.779520
1.713433
1.592320
1.696751
1.582895
1.685680
1.607243
1.568952
1.578313
1.620401
1.644912
1.616228
1.712422
1.667517
1.586936
1.713609
1.571596
1.603077
1.572828
1.587861
1.631554
1.653064
1.652144
1.654857
1.587485
1.661427
1.585207
1.613096
1.566680
1.595938
1.663724
1.704242
1.643603
1.551352
2.100217
1.634394
1.593152
1.619409
1.569225
1.600665
1.752837
1.641291
1.674466
1.584397
1.626506
1.586420
1.630605
1.584607
1.597413
1.577055
1.622394
1.705582
1.652886
1.605163
1.671339
1.618055
1.652377
1.595328
1.613153
1.621324
1.676773
1.725051
1.759816
1.595250
1.645637
1.588677
1.657166
1.592405
1.596049
1.599861
1.610037
1.633669
1.648693
1.786251
1.700909
1.611484
1.653662
1.597422
1.644693
1.569118
1.587459
1.697306
1.635081
1.750144
1.636501
1.579829
1.647992
1.593448
1.599552
1.585379
1.611317
1.689013
1.653620
1.657300
1.731023
1.589203
1.660490
1.601119
1.600417
1.611930
1.614333
1.675316
1.665125
1.642027
1.760544
1.654359
1.600629
1.637526
1.607172
1.598811
1.629394
1.729742
1.639491
1.641095
1.718076
1.876180
1.613850
1.769415
1.677850
1.583962
1.594447
1.661282
1.666094
1.640267
1.677389
1.642581
1.600881
1.653443
1.609463
1.609092
1.597813
1.698100
1.699549
1.638122
1.693443
1.788454
1.581861
1.668336
1.589974
1.590216
1.602763
1.671423
1.692883
1.629990
1.702412
1.633134
1.583977
1.649982
1.616841
1.596716
1.593572
1.683821
1.639748
1.659182
1.582093
1.641296
1.589946
1.662119
1.583752
1.583996
1.591261
1.644031
1.645736
1.668681
1.874600
1.650996
1.585590
1.638623
1.643662
1.588254
1.587994
1.660632
1.760005
1.674647
1.628408
1.644726
1.569826
1.651244
1.595203
1.589007
1.600639
1.643029
1.671773
1.637857
1.626105
1.663908
1.660137
1.644690
1.586633
1.618092
1.593733
1.604831
1.688034
1.629309
1.631036
1.632024
1.643864
1.595655
1.655570
1.603148
1.596379
1.597480
1.675849
1.638268
1.726508
1.855738
1.663505
1.607687
1.669497
1.579857
1.594588
1.598971
1.765027
1.757277
1.746031
1.591947
1.649299
1.593852
1.638751
1.625701
1.590736
1.597873
1.607057
1.637400
1.659561
1.638684
1.633275
1.581034
1.638971
1.582279
1.589487
1.596732
1.604833
1.660497
1.678739
1.622211
1.653499
1.600424
1.666797
1.589174
1.662537
1.611780
1.641754
1.673495
1.642439
1.664994
1.670728
1.613517
1.663631
1.599927
1.575348
1.639647
1.596427
1.614870
1.869194
1.657087
3.110371
1.650936
1.653184
1.669432
1.601143
1.600951
1.701719
1.654677
1.653297
1.587305
1.645483
1.594148
1.668313
1.594512
1.612080
1.580453
1.647478
1.647582
1.609803
1.684851
1.634116
1.590731
1.637353
1.629198
1.598608
1.658044
1.655716
1.677862
1.635911
1.666276
1.642819
1.625357
1.647303
1.639279
1.606897
1.594730
1.635658
1.727804
1.650531
1.655145
1.696577
1.623470
1.663127
1.611880
1.597501
1.677576
1.641333
1.729011
1.647233
1.658164
1.654206
1.601290
1.668175
1.601163
1.597727
1.605044
1.608916
1.639813
1.681586
1.647988
1.590424
1.643800
1.699096
1.596834
1.600660
1.616851
1.587359
1.721430
1.653077
1.664312
1.599951
1.640291
1.594761
1.662317
1.661329
1.637522
1.595849
1.653318
1.659330
1.680420
1.793255
1.666646
1.602865
1.645228
1.642754
1.646477
1.658132
1.619421
1.660250
1.644645
1.754758
1.663826
1.623687
1.671589
1.632019
1.649109
1.611896
1.643771
1.699136
1.640474
1.865193
1.652180
1.633246
1.692087
1.676515
1.597708
1.624476
1.685835
1.732765
1.685686
1.630214
1.634422
1.592051
1.638038
1.588064
1.637974
1.611868
1.735122
1.696762
1.673730
1.747672
1.629324
1.601956
1.637571
1.605630
1.601031
1.590395
1.654427
1.686802
1.647419
2.197367
1.648577
1.607489
1.659864
1.609384
1.612779
1.630538
1.671495
1.677131
1.652121
1.691965
1.660749
1.622805
1.680824
1.617865
1.609692
1.627136
1.691330
1.663132
1.651881
1.757698
1.643903
1.601573
1.657741
1.597584
1.605714
1.604805
1.597716
1.650136
1.640249
1.655320
1.647619
1.600459
1.651266
1.597234
1.605003
1.590598
1.610276
1.654372
1.639649
1.643396
1.654963
1.618167
1.649552
1.620935
1.594850
1.601703
1.626516
1.652490
1.681063
1.713485
1.681923
1.606900
1.658447
1.610029
1.657132
1.615984
1.599054
1.674909
1.651491
1.669606
1.610799
1.672138
1.745852
1.590365
1.680732
1.628512
1.598817
1.699424
1.737644
1.687199
1.598532
1.710802
1.701579
1.599642
1.628538
1.638118
1.608329
1.668232
2.234294
1.644574
1.663477
1.626104
1.689854
1.614870
1.628687
1.632117
1.675545
1.770901
1.667988
1.656104
1.736982
1.595359
1.695721
1.608804
1.602717
1.634940
1.638490
1.690350
1.684603
1.691234
1.664334
1.602238
1.680868
1.613328
1.597406
1.636789
1.605763
1.777887
1.711219
1.689990
1.656022
1.742384
1.669356
1.605355
1.627296
1.601491
1.632401
1.699714
1.671159
1.657510
1.665572
1.632701
1.672996
1.623694
1.625494
1.623361
1.609878
1.766946
1.654005
1.654563
1.666659
1.633487
1.665455
1.601841
1.612976
1.626514
1.629684
1.761129
1.729165
1.732938
1.645378
1.606329
1.665579
1.602230
1.613569
1.618070
1.605045
1.680296
1.670937
1.652045
1.628340
1.650764
1.608001
1.656056
1.627279
1.604695
1.614209
1.683860
1.651306
1.656463
1.749860
1.642598
1.617260
1.648816
1.602575
1.616078
1.607784
1.658502
1.673914
1.660089
1.842927
1.654830
1.640610
1.646959
1.633065
1.613480
1.627474
1.674584
1.592812
1.708253
1.965635
1.656680
1.607507
1.661488
1.608755
1.608396
1.640281
1.683457
1.693354
1.694156
1.722000
1.654899
1.612628
1.906645
1.609631
1.615221
1.609260
1.700236
1.667105
1.646335
1.633981
1.650142
1.591486
1.668991
1.615722
1.602778
1.616512
1.737503
1.676873
1.683845
1.660175
1.676252
1.588117
1.659177
1.628763
1.611954
1.606862
1.616096
1.802088
1.719059
1.673361
1.631863
2.420376
1.604083
1.601465
1.608977
1.604046
1.701515
1.651787
1.668726
1.721121
1.944756
1.651732
1.617793
2.120574
1.598770
1.678696
1.990141
1.740599
1.682071
1.638922
2.194560
1.600011
1.633597
1.615758
1.607071
1.688998
1.678705
1.726980
1.740657
1.692194
1.653602
1.601192
1.603556
1.617304
1.596492
1.687355
1.792119
1.640815
1.674683
1.643176
1.609432
1.923854
1.596114
1.604406
1.623525
1.680002
1.650235
1.653703
1.716281
1.729058
1.693103
1.593512
1.607667
1.648352
1.607936
1.704717
1.660039
1.640081
1.687574
1.653028
1.744090
1.621755
1.604994
1.614207
1.585336
1.667541
1.654170
1.639937
1.676083
1.616973
1.598100
1.658151
1.596313
1.599621
1.595856
1.657177
1.942982
1.653565
1.752981
1.650932
1.610462
1.634611
1.603118
1.596592
1.619402
1.689763
1.816349
1.635920
1.595341
1.684697
1.588404
1.658141
1.613648
1.583837
1.588479
1.661548
1.612471
1.760894
1.583132
1.641530
1.600023
1.699377
1.585352
1.586444
1.601070
1.660209
1.707800
1.703369
1.850908
1.662261
1.583373
1.688791
1.598097
1.596601
1.590496
1.610372
1.662976
1.642692
1.656261
1.643457
1.581227
1.895224
1.594396
1.597856
1.599951
1.646910
1.747679
1.638813
1.661689
1.646665
1.633168
1.676807
1.595254
1.603900
1.598807
1.627521
1.615517
1.755937
1.745609
1.622796
1.621673
1.661762
1.599622
1.623552
1.587529
1.647405
1.686568
1.646839
1.658408
1.643513
1.615828
1.660397
1.609860
1.609066
1.609914
1.615140
1.684994
1.658883
1.648233
1.617599
1.647540
1.626442
1.647349
1.612891
1.598052
1.596730
1.678177
1.593603
1.736556
1.595062
1.652963
1.612030
1.651304
1.613727
1.592484
1.591415
1.738488
1.658502
1.643185
1.608119
1.648028
1.592569
1.648227
1.586601
1.618187
1.597857
1.603529
1.635980
1.680378
1.712974
1.623744
1.624006
1.628839
1.581359
1.629309
1.581034
1.613753
1.642558
1.671758
1.668178
1.644973
1.591403
1.639923
1.597573
1.593589
1.592517
1.593884
1.622420
1.596690
1.702813
1.654583
1.639845
1.600520
1.648800
1.597592
1.615497
1.579249
1.660872
1.602400
1.695234
1.593977
1.626810
1.572395
1.681847
1.584137
1.585520
1.573412
1.731131
1.743251
1.696197
1.581099
1.656373
1.581129
1.679847
1.602805
1.618658
1.584574
1.591716
1.678974
1.634220
1.844050
1.642910
1.602711
1.669535
1.594252
1.603948
1.596845
1.575134
1.637031
1.634451
1.639777
1.648082
1.586503
1.639998
1.602794
1.636997
1.590655
1.593822
1.660617
1.638456
1.640270
1.580230
1.645576
1.602482
1.632814
1.587304
1.593805
1.597873
1.655432
1.653777
1.630568
1.598244
1.659252
1.592091
1.638020
1.633396
1.613142
1.594887
1.622405
1.592842
1.675057
1.824530
1.635664
1.590285
1.681513
1.590996
1.616904
1.593575
1.589665
1.672738
1.636308
1.633587
1.653170
1.606549
1.674013
1.608659
1.602883
1.601048
1.592719
1.667745
1.632460
1.635621
1.603225
1.650929
1.615013
1.763794
1.616616
1.589241
1.600030
1.645079
1.737041
1.665981
1.596757
1.654009
1.630520
1.660348
1.593488
1.612035
1.617364
1.621476
1.644914
1.642943
1.599032
1.677587
1.608808
1.672636
1.613549
1.597608
1.612328
1.596905
1.646206
1.642830
1.591551
1.654111
1.601137
1.683999
1.595427
1.628542
1.607592
1.605232
1.645750
1.653890
1.650263
1.643505
1.598164
1.649279
1.613919
1.598541
1.632404
1.583525
1.621573
1.578933
1.645811
1.782594
1.675680
1.655989
1.600936
1.591640
1.619366
1.586574
1.721243
1.641047
1.641735
1.580605
1.639026
1.602143
1.641193
1.592187
1.630282
1.581282
2.502293
1.640035
1.644902
1.629251
1.594283
1.661499
1.608030
1.595839
1.596436
1.622285
1.706455
1.736431
1.652643
1.612758
1.639625
1.657785
1.719438
1.586350
1.594675
1.599286
1.666289
1.646521
1.631269
1.588939
1.653445
1.599509
1.658222
1.632532
1.635099
1.590317
1.775304
1.751228
1.640083
1.612588
1.651095
1.597534
1.664250
1.598650
1.599846
1.624453
1.663069
1.934856
1.734094
1.579861
1.634452
1.618453
1.650131
1.616166
1.602059
1.590590
1.650030
1.672896
1.629568
1.584148
1.643359
1.604002
1.650247
1.596203
1.602813
1.621026
1.645833
1.666630
1.710530
1.997829
1.638408
1.601958
1.674045
1.596128
1.620077
1.599829
1.595721
1.720053
1.770556
1.826678
1.639886
1.609627
1.632755
1.590943
1.596414
1.613236
1.599658
1.652381
1.690184
2.322550
1.626819
1.568802
1.665080
1.597801
1.609673
1.600446
1.603259
1.779842
1.654721
1.624647
1.665911
1.603453
1.701103
1.582430
1.589614
1.576834
1.636527
1.665573
1.646900
1.633507
1.724466
1.581420
1.647987
1.622986
1.598866
1.599948
1.718075
1.679403
1.691666
2.012672
1.676798
1.586994
1.646556
1.593210
1.636673
1.621202
2.101763
1.760458
1.657478
1.708841
1.640815
1.605697
1.641138
1.634029
1.595146
1.591542
1.671767
1.751386
1.746890
1.648652
1.765839
1.597127
1.625727
1.596053
1.610176
1.590955
1.644899
1.581924
1.630606
1.666447
1.656863
1.576413
1.617174
1.570746
1.575306
1.572296
1.662377
1.653359
1.639419
1.642292
1.657785
1.566627
1.631654
1.596244
1.577301
1.611060
1.593226
1.658421
1.632441
1.645783
1.685792
1.933291
1.652477
1.568507
1.578661
1.606112
1.577240
1.675427
1.627067
1.638833
1.684359
1.899152
1.700484
1.603626
1.594385
1.585467
1.599535
2.687037
1.693944
1.990097
1.606082
1.590638
1.640171
1.607767
1.581006
1.595416
1.699676
1.726041
1.750723
1.588496
1.642597
1.593306
1.628776
1.601662
1.584025
1.584621
1.623506
1.630673
1.630569
1.620587
1.683492
1.565681
1.627231
1.580129
1.575101
1.579224
1.588513
1.685942
1.662940
1.822736
1.574040
1.676666
1.650137
1.585995
1.588596
1.589470
1.586547
1.681065
1.629229
1.621452
1.616615
1.642246
1.586909
1.635820
1.581772
1.603887
1.581435
1.659505
1.571737
1.625497
1.621144
1.623923
1.585478
1.638950
1.571710
1.579430
1.590096
1.571207
1.617677
1.629153
1.616607
1.661019
1.579104
1.625504
1.569822
1.577635
1.599784
1.604101
1.611827
1.692604
1.626334
1.561959
1.614119
1.602455
1.630228
1.578669
1.575052
1.597902
1.656907
1.737121
1.704809
1.586937
1.627370
1.616515
1.642024
1.616242
1.597672
1.591787
1.645751
1.610898
1.614040
1.640054
1.628296
1.590552
1.718762
1.625678
1.614045
1.586602
1.656959
1.711954
1.645445
1.634811
1.648867
1.615054
1.656134
1.617944
1.591648
1.592577
1.592783
1.762878
1.642892
1.691593
1.588991
1.634709
1.598467
1.624839
1.601349
1.583867
1.574134
1.725825
1.640679
1.670412
1.588772
1.630140
1.605840
1.634642
1.588378
1.581236
1.585612
1.813053
1.651277
1.631091
1.570309
1.625429
1.611927
1.623877
1.578920
1.578411
1.595049
1.577235
1.662533
1.623729
1.624729
1.647920
1.609809
1.644490
1.615731
1.596293
1.588420
1.621445
1.659672
1.636414
1.629788
1.748987
1.708783
1.643965
1.617907
1.599176
1.605517
1.593663
1.608110
1.614825
1.639543
1.624061
1.640287
1.599840
1.657505
1.601674
1.587484
1.589539
1.611371
1.643853
1.633745
1.597772
1.622031
1.614721
1.631798
1.730587
1.585422
1.618281
1.627620
1.689318
1.654683
1.694047
1.619763
1.612206
1.621678
1.584820
1.592754
1.579337
1.579294
1.813533
1.625153
1.633320
1.642701
1.590420
1.643336
1.631150
1.591029
1.590847
1.621690
1.710675
1.886510
1.712744
1.776815
1.642366
1.700365
1.655763
1.648474
1.670312
1.654598
1.696238
1.699229
1.673071
1.766034
1.738788
1.690868
1.730445
1.651042
1.638717
1.647968
1.693207
1.686474
1.758253
1.633748
1.599313
1.644777
1.602639
1.601380
1.597760
1.678991
1.686122
1.679669
1.866973
1.657493
1.626154
1.668614
1.608636
1.616063
1.610038
1.593586
1.620973
1.678413
1.733142
1.641349
1.630104
1.648112
1.618178
1.609636
1.596330
1.610001
1.689057
1.633366
1.639847
1.862489
1.612776
1.636730
1.604513
1.619940
1.797331
1.604825
1.685747
1.650784
1.661316
1.734051
1.600588
1.691999
1.603733
1.599738
1.651189
1.597953
1.676738
1.708937
1.675901
1.651750
1.603730
1.675753
1.591068
1.609961
1.621302
1.651895
1.736357
1.687378
1.671247
1.668199
1.639362
1.778156
1.601588
1.734977
1.615586
1.684812
1.711417
1.671186
1.945379
1.642690
1.610194
1.661964
1.597708
1.599596
1.613325
1.596549
1.671164
1.694830
1.718324
1.662157
1.628110
1.671421
1.623073
1.614463
1.602100
1.946596
1.630780
1.603488
1.709391
1.628413
1.600290
1.653467
1.612520
1.626469
1.702395
1.687896
1.733433
1.673173
1.674707
1.735198
1.760271
1.744154
1.591495
1.629416
1.630376
1.616270
1.680132
1.672062
1.651188
1.657225
1.622682
2.109958
1.594801
1.629098
1.613270
1.661310
1.756280
1.680093
1.606110
1.691524
1.622648
1.695085
1.657091
1.610966
1.649660
1.683885
1.974916
1.674212
1.593986
1.665215
1.729506
1.686801
1.628868
1.617339
1.597698
1.702315
1.798595
1.771115
1.589131
1.661778
1.637309
1.648156
1.625098
1.638744
1.604620
1.712657
1.711302
1.696374
1.597131
1.709332
1.596730
1.669782
1.621944
1.605057
1.622231
1.608809
1.688470
1.650874
1.598960
1.672435
1.611648
1.658265
1.605521
1.623406
1.619299
1.627455
1.678703
1.661067
1.948008
1.669908
1.604642
1.670445
1.599717
1.632792
1.611002
1.995070
1.703490
1.642737
1.605294
1.661960
1.721123
1.667347
1.609582
1.642891
2.169190
1.746373
1.939939
1.712250
1.686524
1.641175
1.658938
1.601436
1.612171
1.607071
1.596199
1.768106
1.972238
1.647745
1.644923
1.616030
1.649613
1.623300
1.617610
1.610988
1.610730
1.717336
2.573667
1.608133
1.649488
1.608111
1.661945
1.601518
1.605821
1.615256
1.602951
1.665543
1.814351
1.608536
1.660230
1.690686
1.662560
1.606405
1.615133
1.606094
1.664527
1.925753
1.780357
1.734441
1.737467
1.642887
1.654830
1.642444
1.614089
1.606011
1.765073
1.719054
1.655071
1.606503
1.653519
1.627655
1.648854
1.603740
1.601825
1.614170
1.707807
1.959688
1.663455
1.604848
1.655074
2.723293
1.602382
1.648032
1.607636
1.661184
1.759133
1.654816
1.644421
1.653801
1.631862
1.650058
1.639930
1.611144
1.628431
1.613958
1.682284
1.824083
1.682799
1.690827
1.608476
1.656440
1.607540
1.610059
1.617212
1.597608
1.713831
1.660753
1.637881
1.663990
1.609950
1.655594
1.613883
1.616443
1.609988
1.605916
1.673167
1.652228
1.642050
1.598066
1.656532
1.608627
1.673488
1.599600
1.607022
1.614968
1.681832
1.937765
1.677804
1.664957
1.636712
1.600307
1.638889
1.597454
1.602812
1.598852
1.651082
1.657543
1.648132
1.593275
1.659077
1.632965
1.651577
1.612923
1.612992
1.626641
1.667403
1.752857
1.648350
2.334565
1.706037
1.679649
1.636328
1.607948
1.629284
1.614140
1.673945
1.696012
1.657109
1.619655
1.659638
1.606370
1.656735
1.648437
1.601470
1.607998
1.753828
2.016462
1.634439
1.694871
1.608384
1.658745
1.605803
1.606558
1.605833
1.707798
1.660237
1.636901
1.658371
1.603795
1.717081
1.614477
1.651752
1.620842
1.611941
1.603909
1.728196
1.656423
1.646637
1.608453
1.672020
1.611775
1.655147
1.615047
1.600766
1.608850
1.698700
1.652472
2.223634
1.602185
1.688175
1.722493
1.606832
1.637517
1.612009
1.605078
1.679122
1.680452
1.652183
1.652722
1.663366
1.608571
1.649381
1.617113
1.602060
1.598455
1.731099
1.757443
1.653131
1.614000
1.654379
1.607583
1.664645
1.605855
1.607876
1.640665
1.715561
1.735478
1.643024
1.612432
1.676764
1.611055
1.674953
1.600292
1.613114
1.608038
1.680192
1.789833
1.644650
1.634992
1.654039
1.635695
1.660958
2.117500
1.601830
1.609250
1.758907
1.647403
1.724089
1.644103
1.676560
1.605480
1.660518
1.606529
1.604632
1.617618
1.671185
1.946198
1.658931
1.602106
1.661765
1.640121
1.648123
1.628229
1.615246
1.842257
1.646144
1.649063
1.671540
1.609249
1.681437
1.604651
1.648257
1.611850
1.609440
1.627081
1.694205
1.662792
1.650802
1.616117
1.657244
1.606725
1.660081
1.605910
1.604996
1.639481
1.660808
1.942721
2.744765
1.652768
1.609750
1.674911
1.606704
1.636869
1.606151
1.607948
1.676036
1.723024
1.826909
1.652072
1.607921
1.679031
1.610425
1.631521
1.734598
1.682585
2.168312
1.654266
1.607174
1.658873
1.621000
1.659340
2.035602
1.618175
1.629198
1.659634
1.652431
1.657391
1.614989
1.689844
1.607484
1.673825
1.619791
1.625562
1.803579
1.681467
1.656777
1.643933
1.609997
1.661010
1.613020
1.746858
1.604443
