0.766015
0.396317
0.685945
0.402546
0.458013
0.723158
0.403765
0.480854
0.736943
0.402481
0.487240
0.499882
0.740862
0.402356
0.490714
0.656917
0.875263
0.549852
0.552582
0.570223
0.694825
0.545789
0.559274
0.550786
0.673400
0.570958
0.577268
0.554061
0.673384
0.602458
0.567314
0.568639
0.687814
0.552726
0.555257
0.559297
0.680289
0.569396
0.563769
0.543263
0.649873
0.575504
0.553375
0.558463
0.666227
0.543110
0.546334
0.650939
0.556624
0.592134
0.579349
0.656981
0.549857
0.552954
0.551474
0.672349
0.562640
0.544497
0.558037
0.672902
0.563594
0.558588
0.561310
0.661624
0.546533
0.576605
0.567767
0.672498
0.563431
0.559141
0.558198
0.673448
0.564245
0.568758
0.577534
0.656772
0.548674
0.550615
0.575140
0.662950
0.561767
0.567032
0.562363
0.661819
0.557776
0.555975
0.563884
0.657677
0.590337
0.551682
0.556303
0.674472
0.593148
0.586399
0.560442
0.703161
0.572676
0.586395
0.595697
0.543524
0.662307
0.551901
0.552629
0.556690
0.701704
0.545459
0.549643
0.555649
0.669015
0.569611
0.565930
0.543433
0.656036
0.549766
0.551603
0.555785
0.672607
0.543233
0.564674
0.563547
0.710818
0.577559
0.585161
0.547510
0.671267
0.561419
0.576304
0.679295
0.571615
0.553771
0.568497
0.736558
0.578934
0.562795
0.569152
0.657815
0.568569
0.553345
0.555569
0.666775
0.594740
0.581746
0.555747
0.560933
0.676418
0.557827
0.561759
0.548955
0.656739
0.550015
0.553098
0.562756
0.676334
0.544586
0.545074
0.547291
0.659503
0.562743
0.564370
0.542745
0.655861
0.553957
0.552962
0.564755
0.683197
0.555340
0.559149
0.559055
0.674386
0.566139
0.572598
0.542867
0.657418
0.554501
0.561860
0.595180
0.692959
0.555016
0.556097
0.568446
0.682432
0.568001
0.578232
0.654078
0.547676
0.548525
0.700546
0.568118
0.573994
0.561084
0.675920
0.562997
0.555492
0.557268
0.720185
0.566683
0.558628
0.673343
0.565420
0.593001
0.575707
0.670917
0.579212
0.566840
0.589048
0.705190
0.600897
0.575236
0.577248
0.686540
0.578995
0.585983
0.582866
0.679043
0.571144
0.573853
0.570192
0.698663
0.602087
0.575606
0.572577
0.692729
0.577340
0.619230
0.598450
0.685353
0.585017
0.572832
0.690031
0.583335
0.592440
0.682980
0.571982
0.574129
0.730584
0.589947
0.585746
0.568525
0.687573
0.576219
0.581886
0.580277
0.699111
0.570842
0.567684
0.582119
0.699528
0.593718
0.580499
0.559713
0.684732
0.565811
0.577870
0.574653
0.699805
0.555460
0.557773
0.555545
0.674248
0.563742
0.579175
0.559406
0.701617
0.559297
0.572831
0.574915
0.714897
0.568028
0.574602
0.570074
0.691111
0.585400
0.583413
0.560238
0.682684
0.559584
0.563033
0.566287
0.699971
0.556002
0.556089
0.557213
0.668903
0.592761
0.584468
0.675104
0.566932
0.570824
0.598067
0.755802
0.584583
0.564521
0.557063
0.672308
0.567390
0.573969
0.573258
0.676985
0.561318
0.562666
0.562008
0.684634
0.572411
0.555511
0.553020
0.674649
0.567510
0.593860
0.705121
0.557014
0.561126
0.674519
0.573637
0.570228
0.567281
0.657060
0.550654
0.552326
0.555298
0.562925
0.701256
0.552387
0.552991
0.660528
0.555246
0.558060
0.567904
0.544727
0.650620
0.553236
0.551845
0.562085
0.713214
0.543444
0.550582
0.581146
0.566652
0.687738
0.578159
0.564404
0.562408
0.681776
0.564417
0.575356
0.567649
0.694857
0.556917
0.555319
0.556977
0.679149
0.571471
0.550447
0.549117
0.661872
0.555694
0.562132
0.564902
0.544879
0.664215
0.561049
0.549916
0.581537
0.669196
0.583232
0.557786
0.561292
0.662892
0.558827
0.560234
0.656319
0.548342
0.550593
0.552535
0.673506
0.562406
0.544796
0.660818
0.551067
0.552455
0.668999
0.566427
0.556969
0.664735
0.562111
0.562960
0.561562
0.679203
0.554116
0.557647
0.675860
0.562949
0.566614
0.572060
0.668558
0.556214
0.559971
0.566024
0.678874
0.572444
0.556400
0.556294
0.674565
0.562467
0.567781
0.578059
0.688356
0.565498
0.568922
0.567882
0.685062
0.577389
0.561547
0.551156
0.677725
0.556448
0.607295
0.565264
0.660713
0.549322
0.551352
0.552436
0.668372
0.565854
0.545557
0.598958
0.709587
0.593103
0.590717
0.586383
0.566529
0.690542
0.577329
0.577060
0.584535
0.699307
0.569763
0.569960
0.570652
0.686206
0.567271
0.593030
0.687549
0.573200
0.565558
0.566530
0.695856
0.572576
0.598389
0.558822
0.663685
0.561588
0.585805
0.588489
0.677807
0.566069
0.592093
0.566162
0.682887
0.576737
0.556849
0.557812
0.678106
0.565095
0.574599
0.572352
0.656642
0.550562
0.553328
0.567677
0.678243
0.579735
0.551379
0.545644
0.660189
0.567197
0.575333
0.587907
0.655561
0.579490
0.551349
0.571775
0.664987
0.562282
0.543313
0.546926
0.664099
0.551417
0.558336
0.563179
0.653469
0.548572
0.549956
0.551137
0.674196
0.562032
0.543421
0.547652
0.671004
0.586252
0.572250
0.690245
0.544524
0.557756
0.564361
0.676198
0.561059
0.563725
0.544019
0.660040
0.550640
0.563058
0.674064
0.563094
0.553106
0.550889
0.667892
0.611156
0.569817
0.577606
0.666135
0.559558
0.560936
0.554082
0.666429
0.562584
0.568670
0.665469
0.561349
0.556418
0.670704
0.565303
0.548422
0.549944
0.687585
0.580567
0.566383
0.573907
0.682879
0.573086
0.569042
0.568318
0.678271
0.569223
0.547732
0.547579
0.659248
0.553626
0.564090
0.562015
0.659074
0.549672
0.550657
0.551629
0.670592
0.563058
0.543791
0.548363
0.656831
0.564511
0.591631
0.572209
0.658010
0.566261
0.608627
0.570542
0.688180
0.581599
0.553035
0.553107
0.670162
0.559488
0.564504
0.567634
0.662735
0.563816
0.558901
0.556088
0.676529
0.572418
0.550308
0.581173
0.677131
0.568104
0.569467
0.572815
0.654902
0.550701
0.560649
0.664830
0.559408
0.565463
0.547562
0.657514
0.578410
0.553966
0.563020
0.672270
0.574531
0.547428
0.556452
0.709995
0.565992
0.571845
0.689792
0.549066
0.564581
0.551960
0.661816
0.573728
0.558289
0.557313
0.675892
0.592119
0.580597
0.685479
0.545281
0.545889
0.548874
0.663183
0.555757
0.573633
0.555343
0.691339
0.556748
0.571832
0.564337
0.672547
0.563929
0.551698
0.555021
0.665819
0.556603
0.564073
0.545847
0.655679
0.584526
0.584520
0.566093
0.703424
0.546352
0.555462
0.609308
0.668730
0.578032
0.611042
0.561952
0.678946
0.568508
0.571014
0.573766
0.686272
0.553615
0.558424
0.569473
0.664123
0.564308
0.565311
0.614662
0.677851
0.576587
0.587931
0.562861
0.709364
0.548854
0.594524
0.556104
0.561294
0.689008
0.577212
0.551719
0.569435
0.687534
0.568074
0.577657
0.567198
0.655837
0.551729
0.560252
0.556388
0.706301
0.565172
0.551430
0.548647
0.669379
0.557037
0.563382
0.674167
0.578560
0.551983
0.552781
0.666673
0.561837
0.565973
0.546104
0.653543
0.550714
0.555022
0.555852
0.562792
0.659639
0.572505
0.548796
0.550650
0.671437
0.578009
0.543792
0.546613
0.663248
0.551872
0.572808
0.565001
0.650634
0.557873
0.564565
0.564107
0.681884
0.576455
0.557070
0.581898
0.675103
0.557317
0.559158
0.563365
0.661078
0.550166
0.551572
0.552970
0.668831
0.562732
0.545976
0.550151
0.656707
0.553426
0.557752
0.579454
0.660267
0.547895
0.552534
0.557007
0.671110
0.564768
0.556719
0.653311
0.550785
0.559012
0.674907
0.567678
0.576216
0.549823
0.679793
0.555281
0.565745
0.690290
0.549885
0.551307
0.565136
0.688082
0.579410
0.584082
0.558883
0.669253
0.575346
0.566562
0.674631
0.564522
0.572701
0.551185
0.669934
0.554695
0.560763
0.673083
0.544333
0.550869
0.549662
0.692543
0.569428
0.574957
0.555128
0.671378
0.550117
0.627503
0.571970
0.697673
0.552914
0.569104
0.555751
0.675862
0.564573
0.595802
0.550042
0.665771
0.557849
0.560323
0.580992
0.681936
0.550267
0.581755
0.551015
0.666350
0.564367
0.569104
0.545534
0.657899
0.552492
0.554932
0.559024
0.563415
0.658510
0.550291
0.573977
0.553389
0.665690
0.561940
0.543348
0.546835
0.659910
0.552838
0.559177
0.568874
0.665613
0.548963
0.548566
0.659593
0.560303
0.574012
0.665297
0.558214
0.561329
0.565412
0.681306
0.577367
0.554538
0.556830
0.585064
0.665200
0.558009
0.563070
0.648176
0.580939
0.564378
0.668469
0.572073
0.565654
0.650403
0.560318
0.553589
0.556511
0.669656
0.565164
0.548689
0.549502
0.664987
0.553939
0.560372
0.669324
0.548799
0.606380
0.674457
0.575474
0.575682
0.588883
0.720666
0.565922
0.569364
0.573289
0.694512
0.585396
0.565691
0.567008
0.697239
0.561626
0.619289
0.574204
0.665066
0.553634
0.557222
0.557091
0.682071
0.567424
0.582040
0.582210
0.565071
0.683909
0.594957
0.569257
0.551243
0.679721
0.552993
0.586299
0.560416
0.689048
0.546424
0.546856
0.548921
0.662583
0.620388
0.572816
0.542696
0.655951
0.551175
0.554754
0.558044
0.671318
0.543941
0.545979
0.560764
0.678319
0.570096
0.572650
0.552446
0.668937
0.561002
0.563747
0.559958
0.671563
0.544575
0.546426
0.548987
0.660768
0.560856
0.561488
0.542636
0.659509
0.549644
0.550683
0.560516
0.719728
0.568874
0.557043
0.587007
0.714512
0.571532
0.580341
0.553864
0.674045
0.583237
0.563965
0.568472
0.689630
0.562535
0.547432
0.654464
0.554120
0.556366
0.668802
0.544200
0.546618
0.551644
0.657686
0.560102
0.588138
0.560138
0.551836
0.670628
0.563297
0.568628
0.573189
0.552960
0.674354
0.559003
0.553089
0.569673
0.677847
0.550709
0.553565
0.662844
0.567006
0.573667
0.566510
0.657601
0.566488
0.590181
0.565296
0.690240
0.576732
0.557546
0.666788
0.555849
0.564901
0.700696
0.565960
0.548974
0.557335
0.662190
0.554064
0.564160
0.570386
0.660006
0.549060
0.553249
0.588418
0.665200
0.566001
0.546138
0.551547
0.692831
0.593081
0.578714
0.579658
0.673920
0.562703
0.570536
0.679507
0.570504
0.568940
0.663411
0.557973
0.558549
0.670087
0.619529
0.581012
0.558625
0.671879
0.566202
0.581609
0.569764
0.681073
0.551702
0.553804
0.551224
0.670296
0.564498
0.564182
0.544935
0.665763
0.552586
0.554333
0.559223
0.708648
0.547697
0.574285
0.677397
0.552546
0.558178
0.569648
0.657432
0.558551
0.550573
0.562609
0.675006
0.573417
0.555051
0.562866
0.668492
0.565545
0.571729
0.677721
0.561232
0.555231
0.560779
0.673568
0.578328
0.575344
0.660344
0.553675
0.574451
0.667074
0.567536
0.565023
0.547320
0.667524
0.553213
0.560198
0.570456
0.681152
0.577635
0.548817
0.565826
0.716898
0.576081
0.626428
0.560293
0.729182
0.586845
0.562900
0.600586
0.678958
0.556047
0.559307
0.557224
0.673062
0.567777
0.578555
0.563034
0.663541
0.557180
0.561943
0.672472
0.568588
0.553188
0.567539
0.670678
0.565363
0.572886
0.571744
0.686313
0.558436
0.593104
0.556675
0.686836
0.591902
0.546869
0.546925
0.694610
0.556816
0.557791
0.590215
0.657168
0.564983
0.556712
0.562623
0.670035
0.565796
0.549608
0.573065
0.663483
0.567352
0.572783
0.572618
0.663420
0.559391
0.550114
0.661131
0.561601
0.564013
0.545196
0.546591
0.656806
0.566529
0.554333
0.669124
0.549853
0.547144
0.654232
0.554524
0.560543
0.574872
0.687563
0.558188
0.561239
0.553647
0.702248
0.563890
0.547439
0.562687
0.662204
0.553646
0.562443
0.563066
0.664601
0.547002
0.557155
0.560556
0.674373
0.567980
0.569405
0.572186
0.687406
0.556758
0.560356
0.561745
0.654498
0.548572
0.558169
0.665917
0.564314
0.568195
0.551641
0.662223
0.553739
0.594917
0.562568
0.563468
0.655943
0.584376
0.570812
0.554599
0.687269
0.564162
0.550513
0.548867
0.660536
0.557477
0.602282
0.563386
0.663727
0.549470
0.557987
0.551182
0.677264
0.564203
0.556669
0.546664
0.671464
0.553981
0.569599
0.562046
0.649849
0.548171
0.552541
0.554015
0.685691
0.567525
0.554564
0.600103
0.688111
0.562011
0.567983
0.574118
0.663924
0.558650
0.559289
0.556747
0.686026
0.577459
0.570402
0.555610
0.669273
0.560702
0.565760
0.567991
0.678789
0.549202
0.556512
0.578785
0.683351
0.582451
0.547625
0.553056
0.665662
0.558302
0.558820
0.563389
0.655452
0.549032
0.559606
0.552133
0.669416
0.563301
0.545531
0.546863
0.690342
0.552837
0.561502
0.728033
0.566302
0.573053
0.661448
0.555090
0.561189
0.562858
0.666524
0.558321
0.561213
0.565701
0.690183
0.583165
0.557549
0.558896
0.675669
0.563133
0.569690
0.561680
0.662283
0.558029
0.559500
0.562693
0.688801
0.573398
0.563078
0.559631
0.671264
0.564667
0.572225
0.562788
0.655432
0.559656
0.552143
0.556707
0.677453
0.573922
0.546634
0.559458
0.673251
0.554654
0.556380
0.562819
0.688346
0.571246
0.600096
0.667564
0.568559
0.604094
0.561409
0.682349
0.576386
0.574164
0.598447
0.704147
0.573635
0.577144
0.579594
0.686057
0.595898
0.585269
0.561657
0.676079
0.577348
0.573921
0.578876
0.699265
0.563271
0.566519
0.603122
0.682711
0.567830
0.571569
0.587791
0.661937
0.555676
0.563028
0.560313
0.697368
0.546619
0.551795
0.553730
0.670165
0.562826
0.581370
0.543957
0.663468
0.562537
0.553388
0.564171
0.702061
0.545923
0.549584
0.549794
0.668574
0.592926
0.562322
0.543310
0.657476
0.554071
0.553193
0.586952
0.676301
0.544467
0.547727
0.550815
0.663144
0.559997
0.592099
0.542415
0.663135
0.550172
0.552291
0.571924
0.668401
0.546927
0.547912
0.549022
0.670337
0.559481
0.568073
0.544770
0.656869
0.581372
0.553954
0.558428
0.674888
0.545454
0.547569
0.550137
0.749983
0.574935
0.577869
0.578372
0.671193
0.562371
0.555268
0.563101
0.680481
0.556312
0.560251
0.557810
0.672599
0.569125
0.569184
0.548405
0.661283
0.557976
0.558572
0.560118
0.709332
0.553578
0.551606
0.563006
0.686935
0.570923
0.576356
0.554359
0.667233
0.569491
0.556468
0.557235
0.671879
0.548428
0.550887
0.550582
0.666338
0.564314
0.571130
0.545607
0.661483
0.550136
0.554211
0.556455
0.672625
0.554165
0.590429
0.567131
0.676336
0.596796
0.574009
0.593548
0.667311
0.555911
0.557193
0.563918
0.676199
0.565197
0.582917
0.550713
0.684236
0.577943
0.580081
0.667125
0.560030
0.557962
0.566733
0.673413
0.567092
0.578363
0.551164
0.660972
0.558136
0.563733
0.566299
0.660986
0.553438
0.579689
0.552289
0.672800
0.563386
0.545250
0.548873
0.657505
0.554054
0.559239
0.561491
0.654672
0.547160
0.571729
0.558263
0.681959
0.568423
0.544057
0.548818
0.686579
0.553174
0.560048
0.576700
0.653600
0.558375
0.563581
0.577109
0.680395
0.596029
0.583068
0.555533
0.665273
0.575404
0.559720
0.563099
0.671399
0.555186
0.552625
0.557111
0.669405
0.566349
0.550234
0.692991
0.552897
0.555740
0.563836
0.680567
0.547275
0.550676
0.553042
0.670297
0.574870
0.567847
0.584611
0.684063
0.569169
0.572461
0.620335
0.688474
0.556101
0.560643
0.555546
0.674580
0.571546
0.573536
0.551629
0.669732
0.571477
0.589606
0.565685
0.675684
0.550314
0.556578
0.594136
0.665885
0.565084
0.566866
0.549128
0.655041
0.566178
0.572673
0.679444
0.577018
0.548483
0.761887
0.551646
0.555907
0.676396
0.565203
0.546750
0.549793
0.661187
0.575572
0.562071
0.564750
0.650371
0.552750
0.554659
0.561689
0.686260
0.577434
0.579509
0.555822
0.559715
0.680190
0.569859
0.573031
0.576701
0.662947
0.560327
0.562761
0.568376
0.686754
0.555017
0.546282
0.657462
0.552724
0.558047
0.561813
0.656545
0.555880
0.562508
0.563471
0.703518
0.599789
0.553959
0.562907
0.670995
0.589980
0.574555
0.572523
0.654226
0.554027
0.551832
0.552493
0.672179
0.565321
0.545328
0.547218
0.661692
0.580113
0.572027
0.573960
0.668603
0.556080
0.575789
0.585962
0.666968
0.563080
0.545228
0.561897
0.699007
0.566970
0.566318
0.568554
0.655943
0.550884
0.554185
0.556133
0.711342
0.567751
0.560615
0.551450
0.662864
0.554253
0.556873
0.566494
0.657060
0.548314
0.550760
0.553141
0.669987
0.566225
0.545190
0.546364
0.658595
0.555069
0.562166
0.565525
0.664336
0.548236
0.551930
0.552594
0.667661
0.574536
0.558061
0.547057
0.664950
0.603275
0.567908
0.565854
0.684115
0.554183
0.559368
0.667705
0.567935
0.570363
0.571836
0.661378
0.580877
0.584442
0.572580
0.749084
0.589078
0.590147
0.556436
0.675378
0.564455
0.567873
0.577209
0.662812
0.554469
0.587708
0.557597
0.680964
0.550553
0.553062
0.563297
0.671123
0.556110
0.567046
0.543624
0.659281
0.582353
0.555375
0.583981
0.677678
0.605560
0.559420
0.562103
0.685665
0.579058
0.578451
0.669424
0.560546
0.567254
0.568017
0.680452
0.581519
0.558194
0.551665
0.703023
0.595991
0.574328
0.613477
0.674174
0.567056
0.574612
0.566325
0.679147
0.568305
0.554447
0.549508
0.682820
0.555980
0.564455
0.565093
0.675425
0.553546
0.559488
0.670923
0.599144
0.581630
0.684755
0.562120
0.554365
0.671102
0.569192
0.569972
0.551047
0.672749
0.575989
0.563473
0.671261
0.625872
0.555596
0.663099
0.559493
0.558477
0.565766
0.681916
0.553561
0.553184
0.566985
0.559075
0.685178
0.579765
0.567673
0.550856
0.574500
0.703759
0.557957
0.564062
0.544690
0.559975
0.665644
0.552386
0.555197
0.569107
0.668955
0.551817
0.550953
0.553973
0.681614
0.566369
0.544101
0.563885
0.704317
0.562655
0.592540
0.561476
0.654658
0.547706
0.550963
0.658323
0.556580
0.565014
0.544234
0.661929
0.551322
0.557014
0.560049
0.678780
0.555887
0.559250
0.675621
0.564053
0.568734
0.592719
0.653089
0.558060
0.592184
0.681804
0.572700
0.577653
0.547928
0.666001
0.561818
0.571391
0.561782
0.677903
0.547383
0.549419
0.550475
0.672066
0.573598
0.576230
0.555870
0.677093
0.562142
0.562432
0.567385
0.672121
0.544024
0.547646
0.588114
0.671015
0.566665
0.567389
0.661080
0.591685
0.557086
0.556396
0.675312
0.591656
0.559218
0.694276
0.565029
0.590802
0.561535
0.695706
0.546928
0.547124
0.555195
0.710940
0.564781
0.564191
0.545427
0.662278
0.551690
0.554571
0.667929
0.579557
0.555778
0.667318
0.583445
0.587277
0.561272
0.677411
0.547032
0.578374
0.556472
0.673156
0.580313
0.593886
0.549848
0.657805
0.556280
0.558266
0.561600
0.672276
0.547647
0.552639
0.552735
0.664403
0.563084
0.563305
0.545289
0.656948
0.550493
0.579294
0.569864
0.704721
0.562107
0.589578
0.550219
0.683448
0.563461
0.569256
0.546507
0.670347
0.553476
0.554653
0.555170
0.675327
0.544775
0.546560
0.549607
0.684080
0.560844
0.562307
0.566092
0.680000
0.559426
0.550861
0.670844
0.565376
0.544790
0.546702
0.661610
0.564654
0.570680
0.572415
0.667651
0.557252
0.559694
0.563329
0.707467
0.573259
0.558355
0.548981
0.659511
0.554266
0.560510
0.566708
0.656869
0.559416
0.561621
0.562056
0.694686
0.576551
0.547073
0.548698
0.659679
0.565395
0.560270
0.563396
0.656596
0.548679
0.552718
0.555209
0.669474
0.567939
0.582306
0.547538
0.698166
0.622040
0.575409
0.576602
0.700548
0.587469
0.557579
0.558613
0.672285
0.567651
0.551024
0.576982
0.691120
0.560406
0.566932
0.580003
0.708436
0.555806
0.585186
0.557168
0.682020
0.585591
0.560520
0.680223
0.569537
0.568825
0.585266
0.700151
0.548586
0.552740
0.555641
0.694312
0.593860
0.565742
0.553698
0.699201
0.554778
0.555549
0.558579
0.676665
0.549424
0.549516
0.551396
0.659240
0.585796
0.565594
0.543480
0.655714
0.563220
0.576994
0.567300
0.700171
0.544802
0.547541
0.547983
0.667079
0.574434
0.562160
0.543205
0.657270
0.578937
0.552190
0.556730
0.671947
0.547708
0.547822
0.660791
0.553065
0.577418
0.563026
0.655244
0.572579
0.558317
0.555503
0.670570
0.565231
0.545859
0.550665
0.662300
0.553741
0.559746
0.595515
0.662749
0.554024
0.558529
0.558388
0.674850
0.565468
0.546080
0.548566
0.659139
0.569600
0.589581
0.576676
0.670445
0.558233
0.551234
0.554756
0.677958
0.562889
0.545950
0.576241
0.664703
0.556991
0.564162
0.579024
0.662997
0.551002
0.556695
0.665711
0.561132
0.568451
0.588192
0.671882
0.552866
0.569564
0.593102
0.676973
0.546799
0.547067
0.560788
0.661627
0.559029
0.564770
0.560339
0.753399
0.551934
0.553488
0.571695
0.671291
0.548218
0.549379
0.549611
0.663710
0.562030
0.562930
0.560963
0.660223
0.551457
0.552368
0.576069
0.709018
0.548008
0.566965
0.550590
0.666212
0.559194
0.564861
0.546142
0.755335
0.555343
0.557192
0.564646
0.676117
0.555913
0.548835
0.585390
0.672742
0.587132
0.578707
0.545331
0.688888
0.559047
0.558592
0.561681
0.674969
0.549141
0.550738
0.552378
0.662143
0.566382
0.565725
0.545760
0.658771
0.552339
0.554306
0.557251
0.672141
0.545253
0.566747
0.559765
0.675067
0.570455
0.574292
0.558365
0.660493
0.549401
0.563970
0.568814
0.689781
0.552897
0.557205
0.559583
0.672845
0.566492
0.573041
0.552314
0.668830
0.561046
0.563267
0.571110
0.690037
0.578746
0.594309
0.666184
0.589071
0.565584
0.564003
0.651776
0.551870
0.552929
0.579924
0.672242
0.565966
0.545181
0.549178
0.655972
0.554788
0.559322
0.563418
0.660031
0.548774
0.552432
0.581483
0.685755
0.579082
0.558294
0.559333
0.679592
0.568524
0.563774
0.676964
0.550158
0.623053
0.682217
0.571178
0.571767
0.576400
0.692652
0.552958
0.586144
0.560206
0.567099
0.678004
0.550366
0.565083
0.565409
0.672442
0.583812
0.566807
0.547296
0.677327
0.553606
0.554658
0.556954
0.673534
0.547702
0.550354
0.550576
0.557672
0.678581
0.566743
0.545152
0.656260
0.551179
0.576143
0.561100
0.726023
0.554348
0.558582
0.564068
0.672219
0.559383
0.562120
0.544331
0.656431
0.551134
0.553675
0.555565
0.678080
0.543602
0.546567
0.679162
0.553148
0.569974
0.567848
0.693686
0.559323
0.561509
0.682054
0.603385
0.576314
0.670433
0.560087
0.587436
0.553939
0.670699
0.564560
0.546019
0.550116
0.661810
0.554229
0.564846
0.562681
0.677985
0.547421
0.579377
0.560808
0.685410
0.594630
0.556026
0.548106
0.664709
0.571674
0.572415
0.560698
0.660555
0.554935
0.560182
0.669209
0.569531
0.569845
0.549262
0.661525
0.558946
0.558465
0.676436
0.579365
0.590566
0.579216
0.663786
0.563772
0.559595
0.590866
0.653282
0.550107
0.550294
0.552041
0.664697
0.561840
0.543576
0.546667
0.665225
0.555088
0.563504
0.563282
0.654151
0.548219
0.551716
0.552622
0.683575
0.597094
0.597876
0.658497
0.550995
0.600526
0.569213
0.706486
0.551127
0.550660
0.555225
0.664685
0.565398
0.567781
0.549053
0.663973
0.589372
0.560587
0.586352
0.679043
0.546296
0.554790
0.550052
0.703861
0.579206
0.564010
0.546904
0.545907
0.666905
0.559111
0.563764
0.568748
0.664697
0.553110
0.551802
0.555007
0.678541
0.566396
0.545808
0.690548
0.555164
0.558361
0.565160
0.677210
0.546492
0.585719
0.573132
0.705621
0.585570
0.564801
0.545258
0.657861
0.562625
0.563535
0.570241
0.716222
0.557254
0.558955
0.593275
0.563428
0.717288
0.576287
0.584742
0.551738
0.673604
0.557086
0.578384
0.676023
0.556665
0.554342
0.551553
0.667387
0.581416
0.578814
0.667928
0.569856
0.562897
0.686160
0.566245
0.565498
0.547812
0.660915
0.577429
0.553027
0.563279
0.687331
0.551837
0.550584
0.568495
0.712804
0.577519
0.580669
0.679634
0.564356
0.568598
0.560120
0.690915
0.569546
0.550763
0.554865
0.668411
0.558679
0.578763
0.564830
0.667364
0.561222
0.568314
0.563640
0.724009
0.578463
0.559445
0.571083
0.704359
0.567687
0.576797
0.577354
0.694927
0.593707
0.565553
0.578619
0.684196
0.578094
0.559626
0.558211
0.663706
0.560031
0.592529
0.572549
0.664766
0.572413
0.555890
0.573155
0.685036
0.582990
0.555851
0.584149
0.674719
0.555664
0.560844
0.561116
0.653289
0.551281
0.549685
0.551938
0.672996
0.563126
0.545537
0.546491
0.664156
0.552352
0.557666
0.561287
0.658547
0.547307
0.591528
0.562746
0.680381
0.561577
0.550551
0.554455
0.667679
0.554657
0.560644
0.676184
0.546629
0.549680
0.552462
0.664892
0.561823
0.564698
0.661168
0.603472
0.556761
0.667162
0.563349
0.562184
0.543961
0.656701
0.549084
0.556331
0.566090
0.683305
0.550151
0.553355
0.554837
0.682980
0.590913
0.567189
0.548296
0.662332
0.580358
0.557212
0.570217
0.689655
0.560682
0.564050
0.561110
0.677969
0.589949
0.579398
0.544243
0.656278
0.551339
0.565115
0.562246
0.676259
0.545561
0.547628
0.569517
0.669511
0.556625
0.628307
0.563022
0.662063
0.562995
0.564817
0.594781
0.720835
0.569487
0.554596
0.581647
0.695257
0.567710
0.568460
0.548172
0.660358
0.555917
0.560228
0.561979
0.677560
0.549792
0.555600
0.555914
0.664769
0.565606
0.565249
0.548347
0.674768
0.558361
0.579747
0.574857
0.674689
0.565591
0.547910
0.664562
0.556792
0.644856
0.566164
0.657966
0.550879
0.553844
0.556551
0.674121
0.565820
0.548622
0.581364
0.732568
0.564968
0.586610
0.702159
0.563279
0.549378
0.560176
0.680583
0.569892
0.574859
0.557176
0.668723
0.559275
0.564456
0.567363
0.708024
0.547119
0.554585
0.549619
0.710353
0.600618
0.573900
0.552093
0.586719
0.680645
0.569571
0.566189
0.564450
0.654921
0.550402
0.551717
0.551834
0.676727
0.574375
0.544814
0.656150
0.551995
0.557611
0.571246
0.702310
0.560891
0.563959
0.595265
0.680950
0.578233
0.574812
0.655784
0.552721
0.555972
0.557080
0.675795
0.568695
0.577995
0.564914
0.673837
0.556970
0.585276
0.570783
0.655443
0.553069
0.560841
0.563447
0.702792
0.586766
0.565450
0.583672
0.712961
0.568615
0.572549
0.581313
0.667423
0.554819
0.554277
0.556671
0.676932
0.568044
0.550432
0.548249
0.666677
0.558712
0.563100
0.562757
0.669297
0.552425
0.567782
0.563760
0.699531
0.564791
0.566754
0.652483
0.554764
0.565134
0.562926
0.672442
0.543872
0.548956
0.556411
0.664919
0.562720
0.563220
0.658481
0.546770
0.557068
0.689136
0.569324
0.571728
0.662697
0.574068
0.552427
0.576116
0.690847
0.576902
0.556374
0.558640
0.675731
0.576249
0.567599
0.574871
0.656907
0.548145
0.551629
0.553055
0.667466
0.563575
0.543972
0.552904
0.679177
0.565577
0.571617
0.685161
0.557987
0.558452
0.560355
0.667292
0.571054
0.569280
0.554074
0.666961
0.554683
0.558367
0.594995
0.680765
0.547852
0.550536
0.552181
0.672352
0.571390
0.580496
0.564407
0.582646
0.678412
0.554199
0.560833
0.563249
0.657704
0.548469
0.550521
0.553469
0.682577
0.562132
0.545512
0.547324
0.674947
0.553843
0.558213
0.564966
0.688090
0.548306
0.554997
0.565457
0.690256
0.578593
0.555275
0.557466
0.704581
0.581955
0.577208
0.581719
0.698644
0.553650
0.584434
0.552207
0.676288
0.575045
0.546436
0.548313
0.659232
0.555936
0.559773
0.562910
0.650886
0.553510
0.558412
0.554224
0.685676
0.572172
0.547540
0.558090
0.659982
0.554093
0.572854
0.560148
0.655554
0.547495
0.574214
0.576381
0.690903
0.571452
0.547658
0.548029
0.665637
0.557484
0.590705
0.673360
0.551688
0.551895
0.555407
0.667164
0.566829
0.591264
0.546918
0.656813
0.551023
0.554953
0.562289
0.699321
0.555153
0.558253
0.670791
0.551928
0.559344
0.564449
0.654073
0.575165
0.552250
0.586266
0.668695
0.589694
0.579444
0.720260
0.592370
0.555634
0.662541
0.566025
0.558260
0.548729
0.662863
0.555180
0.609229
0.564718
0.675206
0.548496
0.561566
0.555773
0.718909
0.594681
0.569318
0.568181
0.686458
0.574708
0.587085
0.604424
0.686712
0.577358
0.574352
0.574451
0.736435
0.587348
0.570011
0.564059
0.696878
0.568672
0.576027
0.578602
0.679172
0.570046
0.567414
0.565313
0.760420
0.579095
0.555423
0.567712
0.724534
0.589087
0.596829
0.709172
0.571411
0.583088
0.688288
0.581138
0.576799
0.601751
0.679525
0.568381
0.572420
0.574222
0.723942
0.575089
0.565802
0.569617
0.730130
0.576763
0.579913
0.576279
0.666771
0.554846
0.556472
0.556113
0.702667
0.598196
0.558202
0.667476
0.558485
0.575550
0.592758
0.698233
0.615332
0.567088
0.569064
0.681401
0.577430
0.582845
0.565368
0.680437
0.573356
0.583434
0.583032
0.709142
0.576065
0.574912
0.572788
0.684027
0.581760
0.585284
0.563800
0.710749
0.572072
0.588053
0.576446
0.714605
0.563409
0.568617
0.582472
0.577175
0.691306
0.579549
0.561514
0.563510
0.679049
0.595878
0.586203
0.578230
0.697884
0.571592
0.565980
0.569748
0.696226
0.580073
0.555307
0.666815
0.603310
0.570142
0.568479
0.684878
0.564068
0.559755
0.668523
0.561470
0.566564
0.684939
0.553389
0.551919
0.669515
0.559975
0.564167
0.567856
0.659772
0.549806
0.550781
0.666671
0.564037
0.566915
0.662226
0.554793
0.552983
0.575495
0.677330
0.569258
0.551652
0.550829
0.664696
0.563024
0.565967
0.569712
0.655389
0.551798
0.557191
0.557900
0.671797
0.593114
0.548423
0.549199
0.668458
0.558977
0.561134
0.566824
0.656133
0.549019
0.551557
0.552327
0.672672
0.590142
0.559711
0.547336
0.678905
0.556611
0.564638
0.568180
0.662933
0.549931
0.558285
0.658758
0.561874
0.586827
0.574937
0.686138
0.558684
0.564348
0.562701
0.716519
0.556626
0.561596
0.562467
0.673525
0.560962
0.566780
0.655289
0.549505
0.559637
0.692314
0.629995
0.582797
0.679662
0.572254
0.644277
0.571133
0.682857
0.578108
0.559096
0.576797
0.677144
0.562868
0.573418
0.679370
0.570136
0.575247
0.671279
0.589783
0.606246
0.581888
0.705389
0.552939
0.557961
0.560788
0.676037
0.568619
0.567735
0.555362
0.664092
0.559679
0.570127
0.573567
0.680162
0.556196
0.554693
0.657573
0.620070
0.567850
0.554746
0.664578
0.576959
0.565298
0.567623
0.681836
0.550221
0.551943
0.557710
0.664551
0.561288
0.574393
0.547445
0.657169
0.555994
0.558678
0.565347
0.679328
0.547205
0.550511
0.569758
0.658693
0.565607
0.568312
0.547046
0.661250
0.564780
0.552989
0.587577
0.668685
0.545437
0.548349
0.656235
0.551516
0.558746
0.666849
0.543890
0.548934
0.549771
0.658020
0.557725
0.562914
0.556057
0.675650
0.559500
0.587414
0.576484
0.676494
0.569749
0.565320
0.675740
0.564124
0.562591
0.668085
0.547592
0.547573
0.550743
0.670784
0.560380
0.565406
0.572092
0.666441
0.562892
0.563269
0.571753
0.672510
0.549767
0.549267
0.549657
0.665706
0.584926
0.571118
0.550027
0.662777
0.555846
0.558263
0.561000
0.680960
0.550583
0.551657
0.555471
0.664328
0.565428
0.576825
0.552832
0.697415
0.568503
0.554167
0.557453
0.675515
0.546334
0.560940
0.548968
0.658767
0.561034
0.563356
0.548300
0.655912
0.551636
0.553665
0.560291
0.681285
0.543907
0.557601
0.579064
0.677451
0.572428
0.576304
0.566761
0.694727
0.559531
0.561128
0.573870
0.679556
0.565708
0.553521
0.555992
0.555885
0.676080
0.565858
0.546518
0.550894
0.662249
0.556371
0.560113
0.585335
0.663694
0.559739
0.559861
0.553604
0.685745
0.563873
0.544894
0.548054
0.661154
0.554298
0.567447
0.566898
0.684546
0.568372
0.561674
0.671468
0.569796
0.572839
0.687019
0.572174
0.594549
0.677171
0.577486
0.573281
0.669021
0.581139
0.555317
0.661808
0.575083
0.575830
0.673380
0.559285
0.656562
0.596666
0.565523
0.701746
0.545016
0.550851
0.557344
0.682657
0.571838
0.565142
0.570559
0.554369
0.677736
0.558678
0.593451
0.564475
0.661695
0.568347
0.551161
0.555225
0.677782
0.564323
0.545846
0.550231
0.660592
0.553373
0.563885
0.562561
0.661944
0.563287
0.610945
0.566755
0.687045
0.570950
0.549881
0.576719
0.667816
0.556951
0.565666
0.684284
0.551963
0.554740
0.587803
0.674154
0.571836
0.576615
0.556440
0.661090
0.563796
0.556432
0.605194
0.716264
0.554932
0.558743
0.565037
0.674166
0.566266
0.602646
0.545798
0.685496
0.569590
0.570011
0.689450
0.606019
0.561200
0.569397
0.666035
0.555601
0.555985
0.567188
0.684507
0.562195
0.566245
0.569529
0.681093
0.575599
0.570206
0.546879
0.662640
0.551635
0.559979
0.666539
0.544088
0.547539
0.549902
0.658363
0.555058
0.567181
0.555096
0.662934
0.551136
0.563884
0.569789
0.700823
0.554142
0.556375
0.553716
0.665315
0.561808
0.566227
0.543511
0.657792
0.555706
0.556934
0.561230
0.563548
0.652241
0.548415
0.549482
0.552667
0.554085
0.676936
0.545110
0.555975
0.549244
0.663113
0.557670
0.568472
0.553164
0.673785
0.552702
0.558327
0.558637
0.680734
0.543344
0.546043
0.550349
0.551692
0.675238
0.566272
0.554045
0.552064
0.657997
0.558281
0.560936
0.564961
0.659058
0.551512
0.578209
0.707564
0.564636
0.567402
0.660472
0.547230
0.558086
0.552528
0.669483
0.562705
0.545038
0.547684
0.666478
0.555148
0.573030
0.564403
0.653582
0.546939
0.550035
0.563674
0.703035
0.577686
0.571550
0.595051
0.672372
0.608272
0.568821
0.596992
0.667289
0.556606
0.560091
0.558513
0.677165
0.573460
0.554365
0.551023
0.668886
0.555677
0.561876
0.565232
0.654738
0.560953
0.592844
0.582064
0.669563
0.567362
0.548428
0.549176
0.669496
0.556999
0.563792
0.563230
0.660341
0.547324
0.551837
0.552664
0.672443
0.570034
0.549855
0.551080
0.671927
0.574656
0.570837
0.673250
0.595508
0.556987
0.563387
0.681294
0.603501
0.576061
0.558799
0.716632
0.564448
0.574715
0.679823
0.574380
0.555232
0.669339
0.569376
0.578145
0.571670
0.700516
0.558919
0.572990
0.565195
0.678601
0.590367
0.567943
0.566442
0.660314
0.555182
0.554730
0.565132
0.675487
0.547459
0.548370
0.659489
0.560937
0.567460
0.587808
0.678911
0.565066
0.572790
0.571668
0.699622
0.577096
0.560720
0.555786
0.670455
0.562425
0.565479
0.679339
0.559093
0.555375
0.556190
0.697440
0.565334
0.565692
0.548185
0.659970
0.566055
0.580795
0.577035
0.694719
0.570676
0.567716
0.566002
0.680538
0.577345
0.578574
0.557072
0.674729
0.565370
0.566958
0.703058
0.573423
0.553162
0.553455
0.666298
0.566987
0.574477
0.577781
0.696310
0.559283
0.585262
0.557531
0.673594
0.590932
0.552140
0.546456
0.659466
0.554235
0.558664
0.560950
0.656615
0.554644
0.550910
0.659206
0.557474
0.563978
0.654131
0.547287
0.549380
0.583784
0.674261
0.576161
0.545947
0.550141
0.667798
0.555770
0.560083
0.565201
0.660388
0.549601
0.556878
0.553954
0.672702
0.589670
0.546459
0.547636
0.656754
0.563367
0.569842
0.686448
0.554370
0.557660
0.549640
0.668866
0.565414
0.584534
0.548372
0.657830
0.554746
0.556793
0.667550
0.594807
0.549586
0.657713
0.582399
0.567295
0.608186
0.724521
0.559195
0.546735
0.563945
0.667271
0.582610
0.563953
0.559428
0.659808
0.557059
0.555133
0.558547
0.680229
0.547521
0.548196
0.552083
0.659699
0.560284
0.561821
0.656723
0.558738
0.560215
0.562885
0.680692
0.602363
0.585942
0.564522
0.664681
0.597479
0.566960
0.569504
0.671903
0.553620
0.555315
0.592452
0.691180
0.604833
0.561378
0.561583
0.680385
0.565072
0.602495
0.683701
0.556310
0.559374
0.552580
0.669788
0.562992
0.570861
0.546818
0.661378
0.551745
0.554524
0.561423
0.677779
0.548910
0.548696
0.549546
0.733987
0.570578
0.574212
0.691663
0.581748
0.555397
0.604968
0.689043
0.575416
0.557913
0.560914
0.691601
0.576992
0.573484
0.579250
0.663181
0.559782
0.564222
0.564434
0.663462
0.565004
0.547047
0.553454
0.665711
0.563919
0.566679
0.573750
0.688198
0.579440
0.553475
0.566808
0.685644
0.567369
0.546771
0.547763
0.664340
0.555422
0.566818
0.669072
0.552786
0.549310
0.581280
0.667875
0.577152
0.576076
0.561523
0.696202
0.555312
0.568428
0.577787
0.676078
0.549108
0.551171
0.554191
0.666278
0.567742
0.573925
0.557949
0.659116
0.552970
0.556794
0.561685
0.680363
0.547001
0.574980
0.566687
0.678148
0.624810
0.580543
0.557553
0.679589
0.577293
0.561948
0.560438
0.676439
0.559958
0.559316
0.562979
0.683462
0.576834
0.581921
0.558162
0.674170
0.566461
0.568626
0.684667
0.576110
0.556353
0.560996
0.697342
0.554608
0.577497
0.563021
0.652923
0.548812
0.555083
0.560401
0.672831
0.562337
0.545009
0.544605
0.656139
0.551913
0.559801
0.590661
0.663115
0.554161
0.576311
0.565100
0.680400
0.575896
0.559904
0.587465
0.673341
0.561094
0.570095
0.567594
0.678970
0.569348
0.581483
0.553499
0.691189
0.569478
0.547247
0.546363
0.659120
0.553628
0.560539
0.562788
0.657854
0.557614
0.575298
0.674318
0.575379
0.600207
0.555207
0.671616
0.549738
0.560480
0.560154
0.674856
0.547146
0.550174
0.554249
0.667864
0.560181
0.565701
0.651927
0.550593
0.554180
0.556591
0.707215
0.578360
0.556758
0.564025
0.672179
0.568829
0.565847
0.666910
0.543866
0.548203
0.549871
0.660494
0.561065
0.565561
0.655463
0.548706
0.550623
0.677740
0.572620
0.562650
0.554269
0.650892
0.550287
0.553047
0.582076
0.742858
0.569988
0.551321
0.555115
0.665723
0.565506
0.572934
0.547363
0.662606
0.556640
0.559912
0.593803
0.680574
0.550662
0.550639
0.559003
0.663693
0.565642
0.572834
0.551425
0.658908
0.570688
0.555597
0.586360
0.672242
0.545456
0.549841
0.551118
0.660503
0.561021
0.563959
0.544896
0.664248
0.552140
0.579192
0.558655
0.678665
0.543812
0.584720
0.562595
0.674641
0.576377
0.589109
0.589143
0.693583
0.555541
0.557416
0.573031
0.685722
0.588568
0.560841
0.562298
0.674118
0.573376
0.583696
0.555884
0.697583
0.553206
0.553223
0.689514
0.564994
0.572438
0.604197
0.703629
0.568209
0.564813
0.672955
0.550675
0.552925
0.664581
0.564132
0.565709
0.566378
0.661575
0.578524
0.555437
0.564473
0.780469
0.581226
0.560359
0.561654
0.681643
0.586130
0.582623
0.566075
0.665274
0.555961
0.554935
0.580629
0.695278
0.575612
0.554410
0.556747
0.667318
0.559308
0.564586
0.564178
0.670047
0.553085
0.571647
0.585164
0.682274
0.579345
0.593380
0.562025
0.666512
0.601144
0.566743
0.571282
0.702412
0.551794
0.554677
0.566394
0.671877
0.572418
0.549640
0.575712
0.669221
0.568068
0.572532
0.573069
0.697026
0.559091
0.563852
0.551522
0.673817
0.567694
0.559818
0.649955
0.549380
0.574418
0.671341
0.562965
0.545447
0.548810
0.663298
0.562437
0.561014
0.563850
0.680323
0.557982
0.559939
0.672525
0.559163
0.572689
0.733615
0.560364
0.561656
0.566250
0.678873
0.592755
0.545608
0.553234
0.662420
0.555336
0.566965
0.563911
0.656139
0.549127
0.562487
0.568686
0.559971
0.683836
0.576077
0.565700
0.549708
0.667607
0.560978
0.568874
0.550917
0.666069
0.555718
0.554700
0.561021
0.679709
0.549753
0.550272
0.554367
0.658768
0.563111
0.580712
0.547252
0.657386
0.551344
0.576577
0.592751
0.676465
0.549579
0.553807
0.548477
0.662551
0.557888
0.561145
0.542402
0.654612
0.564316
0.553221
0.583014
0.671482
0.544580
0.545805
0.661137
0.553585
0.583590
0.572242
0.683260
0.557325
0.565357
0.590255
0.699825
0.601681
0.555484
0.578614
0.689912
0.563522
0.567765
0.565433
0.589789
0.670398
0.561705
0.557696
0.677775
0.569943
0.549658
0.655215
0.581643
0.559771
0.671323
0.561678
0.545906
0.549611
0.570744
0.692857
0.559500
0.562609
0.546842
0.560112
0.667329
0.553215
0.559684
0.560567
0.661856
0.547395
0.549729
0.562873
0.698021
0.571487
0.543651
0.547265
0.663866
0.560558
0.574366
0.561159
0.653469
0.546745
0.552756
0.589453
0.715034
0.566830
0.548742
0.682393
0.577467
0.567261
0.575040
0.700951
0.560744
0.561363
0.565124
0.678729
0.561714
0.566698
0.555969
0.677116
0.562340
0.561913
0.567875
0.579334
0.682371
0.564427
0.563581
0.575919
0.675103
0.567939
0.546584
0.549399
0.672959
0.568172
0.558846
0.564617
0.657833
0.551581
0.619924
0.711365
0.573032
0.577177
0.559554
0.679153
0.559091
0.561110
0.566419
0.679257
0.578421
0.554679
0.554648
0.667216
0.563991
0.622101
0.547529
0.666347
0.554985
0.558438
0.675113
0.566686
0.555637
0.551535
0.695752
0.566692
0.570227
0.598072
0.664522
0.565946
0.569533
0.570702
0.693574
0.579360
0.561800
0.666624
0.556387
0.561944
0.566057
0.675510
0.552195
0.555088
0.568057
0.679887
0.572779
0.574661
0.555869
0.667503
0.567635
0.566129
0.597080
0.693452
0.554064
0.557160
0.549150
0.668113
0.558891
0.590137
0.543336
0.660639
0.550195
0.552555
0.558007
0.681152
0.550508
0.572615
0.717182
0.579917
0.585388
0.641104
0.691851
0.575960
0.588426
0.593469
0.732122
0.589004
0.565453
0.563533
0.677024
0.569709
0.576874
0.573850
0.674194
0.583766
0.565880
0.573621
0.695890
0.587711
0.571654
0.606083
0.698833
0.604109
0.592877
0.607404
0.688707
0.584768
0.579322
0.574951
0.727832
0.611682
0.562744
0.670853
0.563604
0.566462
0.573270
0.685364
0.557751
0.569016
0.592409
0.707385
0.606998
0.581255
0.554123
0.680382
0.561881
0.562060
0.561247
0.695609
0.547777
0.551608
0.549343
0.677334
0.562105
0.566711
0.545220
0.659989
0.552847
0.565717
0.563130
0.676325
0.545391
0.573275
0.550428
0.695372
0.563241
0.574913
0.546371
0.710490
0.555633
0.557380
0.672441
0.570239
0.547606
0.550816
0.668434
0.583263
0.591657
0.566089
0.681062
0.553405
0.553156
0.555400
0.668951
0.570281
0.551101
0.547452
0.659867
0.562830
0.579025
0.670366
0.545589
0.548459
0.570395
0.666817
0.561266
0.562888
0.546705
0.655950
0.550553
0.552273
0.566028
0.693817
0.544555
0.552102
0.548064
0.677345
0.556755
0.560562
0.555656
0.546617
0.733358
0.566048
0.583988
0.566379
0.676587
0.562249
0.563604
0.570125
0.672035
0.572206
0.573906
0.549227
0.681017
0.572006
0.577499
0.575304
0.704317
0.567693
0.567955
0.567191
0.688755
0.569556
0.550740
0.620407
0.665939
0.558278
0.558759
0.565118
0.659949
0.551398
0.553353
0.552935
0.674795
0.564774
0.552693
0.593242
0.684511
0.571621
0.581290
0.566147
0.659618
0.561880
0.558181
0.555252
0.674095
0.567420
0.552515
0.549971
0.665599
0.558389
0.566641
0.564810
0.660168
0.549409
0.554017
0.551780
0.708863
0.574252
0.564123
0.556571
0.681791
0.568502
0.572348
0.595687
0.663774
0.574420
0.564392
0.566530
0.681349
0.571082
0.561134
0.552962
0.671793
0.560547
0.595123
0.569683
0.683884
0.570409
0.572537
0.581839
0.731326
0.565813
0.552088
0.578249
0.659138
0.559214
0.576044
0.609074
0.688757
0.568688
0.599788
0.573920
0.686145
0.594366
0.567250
0.557738
0.704918
0.570412
0.608982
0.701723
0.570324
0.570766
0.574791
0.705027
0.582686
0.607670
0.572044
0.711002
0.634005
0.576710
0.692124
0.586387
0.567543
0.571626
0.685269
0.601728
0.581260
0.597797
0.677336
0.569023
0.573665
0.577174
0.604624
0.693530
0.569245
0.568621
0.570474
0.689723
0.582268
0.578808
0.569329
0.695737
0.590492
0.574960
0.589055
0.709404
0.574363
0.577712
0.590388
0.701978
0.583006
0.588240
0.566012
0.682091
0.573998
0.576676
0.577833
0.702742
0.570401
0.574994
0.572535
0.689950
0.582252
0.589572
0.564339
0.687561
0.573145
0.575975
0.585489
0.704319
0.571925
0.573763
0.578424
0.698028
0.589684
0.594310
0.563829
0.689608
0.576569
0.581311
0.587814
0.700016
0.567054
0.571819
0.568640
0.690200
0.583507
0.585872
0.561503
0.686490
0.579331
0.606271
0.575624
0.696431
0.589873
0.564580
0.576077
0.569431
0.692887
0.581794
0.560298
0.559852
0.674589
0.576323
0.571224
0.687604
0.566001
0.562121
0.567661
0.698521
0.570881
0.578720
0.704134
0.577803
0.562496
0.713151
0.584877
0.575317
0.567417
0.673005
0.566427
0.572738
0.577783
0.700446
0.567207
0.577545
0.590799
0.692878
0.590927
0.586419
0.564166
0.715093
0.571240
0.577913
0.586865
0.697921
0.570682
0.611448
0.685361
0.577457
0.580490
0.583910
0.670486
0.564383
0.569755
0.570263
0.731985
0.582995
0.564695
0.572132
0.685981
0.576809
0.584455
0.583544
0.681350
0.597295
0.586679
0.570702
0.691147
0.584750
0.562754
0.560944
0.688308
0.569909
0.593678
0.609329
0.715342
0.586100
0.585352
0.714374
0.590839
0.589109
0.570568
0.688103
0.582330
0.578522
0.587528
0.589585
0.699281
0.577085
0.582941
0.577777
0.700398
0.590661
0.566459
0.570235
0.693973
0.582230
0.580297
0.584951
0.687470
0.576750
0.574709
0.574378
0.694581
0.588315
0.569018
0.573325
0.696500
0.579416
0.588564
0.584290
0.693823
0.572243
0.574136
0.574674
0.708140
0.591464
0.580753
0.566700
0.685617
0.588361
0.584514
0.582692
0.681375
0.574363
0.577685
0.586802
0.716320
0.594643
0.570326
0.565787
0.689965
0.576313
0.588326
0.585959
0.680681
0.572997
0.578969
0.689611
0.587818
0.590301
0.572927
0.687006
0.575479
0.581569
0.589272
0.712616
0.574582
0.575367
0.577810
0.696177
0.585139
0.588016
0.566370
0.572146
0.695121
0.580369
0.584564
0.587598
0.682407
0.574455
0.572850
0.696305
0.585402
0.601559
0.565777
0.683218
0.592575
0.575788
0.583653
0.697176
0.561448
0.569143
0.570761
0.684402
0.578195
0.577602
0.554346
0.673530
0.564173
0.579817
0.595187
0.680722
0.557759
0.559564
0.550777
0.663868
0.559349
0.571993
0.553085
0.670906
0.560058
0.604557
0.568606
0.693331
0.557663
0.562295
0.563693
0.698098
0.611085
0.581740
0.576151
0.692348
0.571553
0.574415
0.695276
0.591508
0.564228
0.566820
0.683309
0.572927
0.579705
0.579624
0.687696
0.570202
0.568690
0.574869
0.688943
0.585352
0.569158
0.568729
0.685477
0.576232
0.583480
0.586944
0.685939
0.572298
0.577491
0.572220
0.702832
0.593142
0.570218
0.569604
0.688220
0.580035
0.584051
0.581285
0.693434
0.578250
0.577019
0.577828
0.714102
0.592404
0.572447
0.571771
0.691952
0.582799
0.586203
0.588537
0.682120
0.578850
0.578904
0.578871
0.706246
0.595357
0.573283
0.570442
0.684000
0.576658
0.583190
0.583532
0.696842
0.570938
0.586297
0.562127
0.675747
0.584996
0.554204
0.555677
0.670355
0.634384
0.572139
0.577898
0.681169
0.569900
0.575527
0.560021
0.677291
0.578738
0.554784
0.562548
0.672402
0.561077
0.570899
0.563527
0.657976
0.550728
0.563211
0.559400
0.681214
0.600839
0.550993
0.665197
0.555830
0.569711
0.577384
0.696813
0.563250
0.573600
0.571163
0.681751
0.568678
0.568683
0.590347
0.663107
0.576417
0.565630
0.573116
0.677461
0.555775
0.561035
0.599445
0.689689
0.577565
0.579482
0.600400
0.695498
0.578784
0.615758
0.581900
0.749223
0.572284
0.571652
0.582090
0.707598
0.604424
0.604721
0.568749
0.687520
0.577825
0.578662
0.581051
0.702820
0.572801
0.573926
0.569584
0.699963
0.584335
0.586228
0.564448
0.678693
0.575130
0.579522
0.577390
0.702554
0.571304
0.571007
0.570262
0.692279
0.597048
0.617805
0.579856
0.699437
0.582938
0.578197
0.586312
0.696831
0.570265
0.575549
0.566542
0.716638
0.587446
0.602087
0.563488
0.684479
0.570091
0.572655
0.601322
0.705687
0.587318
0.570024
0.595884
0.686058
0.581047
0.579890
0.588894
0.679660
0.600530
0.571868
0.582662
0.689740
0.564073
0.571103
0.728956
0.569054
0.617147
0.581086
0.674016
0.562909
0.590341
0.567086
0.696767
0.580805
0.559544
0.702855
0.566400
0.567596
0.575069
0.683903
0.577282
0.574869
0.563576
0.676953
0.572751
0.579757
0.596381
0.684580
0.569183
0.594451
0.691312
0.592407
0.568568
0.571410
0.718383
0.589381
0.606991
0.700569
0.570402
0.578200
0.573323
0.706984
0.583126
0.581353
0.560627
0.679900
0.566926
0.572980
0.592268
0.692646
0.567873
0.566901
0.681262
0.561341
0.570722
0.678241
0.548636
0.554911
0.669655
0.559275
0.567113
0.583172
0.695048
0.579468
0.713812
0.580198
0.590709
0.739250
0.564268
0.577661
0.582204
0.725733
0.621106
0.589191
0.619240
0.684470
0.569635
0.569081
0.589011
0.707564
0.568760
0.568594
0.577180
0.720530
0.586980
0.576953
0.563140
0.710507
0.579689
0.578201
0.680934
0.622058
0.556661
0.586351
0.672103
0.564577
0.584033
0.589112
0.684548
0.572794
0.577027
0.587225
0.692072
0.588640
0.568424
0.565591
0.680302
0.572646
0.583008
0.579179
0.669542
0.569150
0.568356
0.572702
0.701294
0.586477
0.566148
0.561230
0.689624
0.570724
0.575684
0.580319
0.714674
0.568173
0.575610
0.683797
0.580925
0.585252
0.563621
0.757868
0.570637
0.575739
0.577128
0.690625
0.609813
0.598725
0.573549
0.688632
0.582987
0.581628
0.589385
0.693099
0.584844
0.576811
0.697203
0.590541
0.573679
0.673589
0.582229
0.569715
0.576355
0.691141
0.564353
0.563323
0.568315
0.682643
0.565756
0.567900
0.552493
0.663625
0.552264
0.593823
0.573965
0.709087
0.549245
0.556264
0.582868
0.664668
0.588096
0.595501
0.542998
0.655864
0.551050
0.552952
0.601176
0.682806
0.605489
0.550173
0.550819
0.672842
0.565368
0.597990
0.559172
0.686307
0.578297
0.579645
0.578333
0.703558
0.568869
0.590020
0.583170
0.687292
0.580128
0.583810
0.583056
0.692496
0.574202
0.613756
0.583963
0.701004
0.594432
0.575882
0.583973
0.736715
0.590995
0.588809
0.567557
0.744500
0.579860
0.575857
0.606300
0.703875
0.579357
0.573624
0.582636
0.729467
0.594796
0.586629
0.563164
0.685186
0.572214
0.576934
0.577205
0.696751
0.565465
0.569526
0.623041
0.701153
0.581273
0.582761
0.559865
0.700678
0.568205
0.579632
0.580687
0.752254
0.570652
0.570182
0.687587
0.573808
0.579142
0.735735
0.595910
0.574177
0.585883
0.703638
0.582065
0.592354
0.579330
0.690875
0.576396
0.574420
0.587647
0.706276
0.573015
0.575066
0.703410
0.582647
0.593935
0.704334
0.571538
0.574463
0.695862
0.582727
0.586274
0.593471
0.690297
0.575791
0.578867
0.697538
0.590555
0.590482
0.572750
0.695049
0.573113
0.577167
0.700059
0.581349
0.566022
0.677704
0.579076
0.579393
0.586233
0.722158
0.567978
0.572243
0.578778
0.692565
0.585025
0.588495
0.678512
0.574303
0.574213
0.689697
0.584967
0.587421
0.568744
0.688308
0.573396
0.574285
0.584029
0.705703
0.567149
0.568620
0.572118
0.684927
0.583913
0.596297
0.573023
0.713896
0.565470
0.587727
0.573419
0.682037
0.554902
0.554383
0.572323
0.679562
0.591154
0.571989
0.550273
0.696711
0.569660
0.598852
0.573059
0.722617
0.563352
0.565755
0.563263
0.684973
0.577676
0.584906
0.560782
0.697135
0.572695
0.577231
0.725901
0.583032
0.589622
0.571000
0.686222
0.574425
0.586639
0.699247
0.594407
0.572601
0.574358
0.688935
0.583083
0.586204
0.677549
0.572834
0.604889
0.698115
0.611348
0.617435
0.564350
0.685989
0.556509
0.588614
0.567878
0.694635
0.573933
0.567976
0.568567
0.679160
0.624239
0.583188
0.560604
0.676956
0.568548
0.571424
0.573363
0.689023
0.562607
0.600649
0.567126
0.674221
0.576126
0.582922
0.560866
0.691157
0.566139
0.570577
0.682187
0.578907
0.559976
0.673751
0.582101
0.569538
0.576922
0.697466
0.567556
0.576779
0.571926
0.719000
0.624686
0.582403
0.580574
0.677749
0.570080
0.569900
0.601107
0.702672
0.565197
0.564852
0.566333
0.676327
0.578205
0.581522
0.557307
0.697615
0.567492
0.567267
0.573922
0.691045
0.547279
0.551174
0.552976
0.665766
0.567587
0.563653
0.546642
0.655167
0.552991
0.551903
0.568561
0.686324
0.554334
0.556721
0.558904
0.736172
0.578392
0.582269
0.559016
0.681723
0.570686
0.567057
0.672251
0.570003
0.605360
0.557439
0.673031
0.576279
0.580583
0.588470
0.674883
0.565692
0.566987
0.568382
0.720746
0.580159
0.583259
0.673465
0.592051
0.575460
0.689709
0.588334
0.565650
0.566185
0.685610
0.578147
0.584173
0.697998
0.569480
0.565611
0.567773
0.686053
0.585909
0.582349
0.563090
0.675811
0.564770
0.570719
0.572271
0.701867
0.559090
0.561074
0.563605
0.677585
0.574823
0.576924
0.555995
0.671464
0.593149
0.566474
0.570813
0.682555
0.579849
0.567207
0.567580
0.685749
0.583083
0.588312
0.565423
0.674410
0.571097
0.569736
0.576371
0.692400
0.563669
0.564485
0.566165
0.677488
0.575950
0.578831
0.555861
0.701451
0.564215
0.571403
0.689409
0.585528
0.591788
0.697276
0.580826
0.574732
0.580101
0.693336
0.620003
0.568077
0.716223
0.590605
0.582692
0.590197
0.676319
0.569359
0.574357
0.575697
0.719814
0.581862
0.576688
0.568211
0.694117
0.586199
0.580146
0.575763
0.678247
0.675189
0.597171
0.567076
0.693833
0.582709
0.592499
0.569020
0.682040
0.573575
0.579705
0.576620
0.713888
0.580490
0.582579
0.568544
0.702743
0.583873
0.571212
0.563825
0.686866
0.570958
0.580448
0.576214
0.669528
0.564738
0.570199
0.572524
0.727485
0.585229
0.564474
0.596260
0.702431
0.573169
0.575928
0.687089
0.574851
0.564165
0.567936
0.716874
0.577886
0.578599
0.591360
0.703153
0.569457
0.598707
0.576058
0.688654
0.566042
0.607258
0.569485
0.694650
0.583725
0.583182
0.559892
0.662170
0.557396
0.565645
0.581262
0.692195
0.569148
0.563445
0.671726
0.567095
0.573392
0.565932
0.664566
0.557468
0.552910
0.600763
0.688319
0.610748
0.563378
0.679910
0.568305
0.604121
0.573208
0.575981
0.673881
0.564564
0.566210
0.569721
0.694081
0.587454
0.560681
0.561302
0.684060
0.571856
0.572481
0.583233
0.677840
0.565151
0.569130
0.566310
0.694099
0.581011
0.562017
0.562932
0.677878
0.568964
0.575061
0.578200
0.672160
0.564026
0.566430
0.564077
0.682804
0.579969
0.590212
0.561934
0.716602
0.572366
0.581866
0.581859
0.681879
0.592944
0.570231
0.569452
0.695270
0.583360
0.564944
0.563624
0.744760
0.572772
0.578694
0.577152
0.677665
0.567286
0.568380
0.571709
0.685873
0.578182
0.559330
0.561373
0.685928
0.590391
0.631995
0.577383
0.670109
0.561770
0.558012
0.584305
0.692079
0.595555
0.603987
0.676344
0.565880
0.567105
0.579473
0.691133
0.561783
0.565338
0.565121
0.700389
0.576160
0.576804
0.563481
0.677035
0.569257
0.573608
0.590799
0.700344
0.560896
0.564173
0.566455
0.693728
0.579410
0.578125
0.596642
0.693917
0.579747
0.578342
0.612541
0.712562
0.568289
0.569615
0.579174
0.691186
0.583053
0.584013
0.677900
0.602007
0.573594
0.683764
0.589020
0.587412
0.597511
0.698470
0.583915
0.577955
0.585388
0.734957
0.566843
0.568648
0.570548
0.689001
0.581062
0.582741
0.565952
0.671673
0.587968
0.564829
0.564458
0.683457
0.552109
0.567191
0.554131
0.669007
0.566942
0.596363
0.669070
0.556085
0.572203
0.686551
0.583144
0.584847
0.681596
0.585578
0.573878
0.690802
0.603679
0.587434
0.721973
0.573028
0.574811
0.680068
0.609263
0.616949
0.564678
0.670617
0.606390
0.562390
0.572170
0.688981
0.554778
0.557256
0.566199
0.666648
0.566473
0.588370
0.659467
0.554997
0.555592
0.587379
0.676029
0.574159
0.550784
0.683841
0.551611
0.560622
0.675127
0.566718
0.549693
0.656860
0.562296
0.557861
0.554751
0.674717
0.557470
0.555282
0.549452
0.695483
0.559194
0.580781
0.551905
0.658131
0.554918
0.555698
0.561605
0.691596
0.550623
0.552939
0.552355
0.669289
0.564895
0.568655
0.556037
0.668189
0.552839
0.554183
0.565522
0.683556
0.552539
0.552447
0.552870
0.705879
0.561932
0.570193
0.547522
0.665801
0.554960
0.560891
0.566814
0.681854
0.552653
0.566832
0.564792
0.684021
0.581571
0.577590
0.558326
0.706120
0.620994
0.567235
0.569541
0.683740
0.553979
0.560368
0.664776
0.558665
0.570492
0.569096
0.664755
0.581164
0.576103
0.579993
0.723211
0.591007
0.572875
0.578024
0.712840
0.582841
0.601915
0.611971
0.693875
0.588070
0.590085
0.592714
0.714895
0.590823
0.571040
0.571809
0.671532
0.585146
0.574541
0.578457
0.669634
0.561062
0.573344
0.573117
0.698474
0.579475
0.568448
0.587187
0.667805
0.570969
0.576480
0.573655
0.671576
0.551600
0.564297
0.565820
0.676326
0.573587
0.557071
0.555216
0.683078
0.564531
0.569550
0.571793
0.674214
0.560203
0.562018
0.573932
0.687833
0.588346
0.566016
0.560044
0.567813
0.689444
0.577341
0.578285
0.557267
0.679602
0.568623
0.559304
0.565324
0.685039
0.585573
0.555725
0.555579
0.738773
0.609269
0.595759
0.573003
0.686996
0.576974
0.579899
0.590177
0.703947
0.574508
0.564017
0.560276
0.697558
0.576126
0.607462
0.556674
0.666216
0.562294
0.581900
0.574638
0.690748
0.558479
0.567407
0.553021
0.676690
0.568458
0.583208
0.557404
0.679664
0.567832
0.575793
0.577695
0.712920
0.562403
0.616692
0.600313
0.715205
0.585580
0.621397
0.558889
0.679117
0.571996
0.573932
0.694363
0.637900
0.571525
0.698628
0.573360
0.573476
0.582314
0.739717
0.569433
0.570181
0.712971
0.579415
0.579441
0.705518
0.570204
0.595790
0.583632
0.721681
0.629569
0.592611
0.573596
0.681710
0.580864
0.579955
0.581576
0.702702
0.567782
0.577253
0.570389
0.571699
0.702540
0.587433
0.560137
0.567371
0.697980
0.580255
0.579244
0.698891
0.608118
0.576896
0.615961
0.696565
0.588203
0.587555
0.567657
0.679591
0.572161
0.577013
0.577362
0.692759
0.566228
0.574150
0.571697
0.692421
0.585041
0.587041
0.563563
0.685623
0.572280
0.574140
0.579487
0.696082
0.578647
0.578882
0.692972
0.578829
0.587517
0.589743
0.688626
0.572745
0.575128
0.578925
0.699405
0.586854
0.572983
0.589450
0.698383
0.574636
0.600086
0.580646
0.693358
0.565666
0.568844
0.566355
0.683532
0.578394
0.573163
0.569262
0.685864
0.577792
0.651450
0.585056
0.714534
0.575034
0.598497
0.577200
0.705250
0.621523
0.572193
0.572574
0.690567
0.605376
0.587751
0.611070
0.683162
0.592955
0.578534
0.572030
0.706548
0.590244
0.572928
0.570383
0.701590
0.578470
0.584153
0.709973
0.571427
0.572427
0.575871
0.693031
0.582687
0.588861
0.567903
0.684950
0.576228
0.578605
0.586251
0.704924
0.567762
0.570155
0.572692
0.684470
0.580680
0.582037
0.560165
0.680452
0.571774
0.573478
0.691703
0.607512
0.573305
0.684813
0.586668
0.577728
0.583542
0.701125
0.567413
0.576393
0.573897
0.580681
0.699900
0.588770
0.573122
0.574275
0.690874
0.579190
0.580947
0.589535
0.674806
0.570503
0.571836
0.578152
0.693410
0.589504
0.576193
0.570540
0.700295
0.586534
0.580787
0.583583
0.691137
0.573427
0.578707
0.573221
0.700562
0.591277
0.570849
0.576807
0.697634
0.578225
0.592986
0.695737
0.566675
0.576807
0.578591
0.688348
0.580781
0.587080
0.571902
0.684958
0.573939
0.576361
0.582660
0.701519
0.568481
0.570874
0.576599
0.695775
0.584239
0.597586
0.680724
0.570789
0.584037
0.579354
0.700347
0.586531
0.568342
0.571511
0.694593
0.576746
0.586445
0.588306
0.681824
0.578695
0.575759
0.575559
0.697595
0.586068
0.569293
0.566936
0.678145
0.576268
0.582333
0.585130
0.670698
0.563866
0.575173
0.568331
0.689974
0.581231
0.604294
0.560936
0.715216
0.573098
0.594528
0.580243
0.681418
0.580496
0.574535
0.571998
0.695256
0.592051
0.574429
0.568273
0.711890
0.582177
0.585612
0.709620
0.571068
0.577841
0.697438
0.581466
0.587871
0.591282
0.694713
0.579650
0.579343
0.580277
0.707323
0.593395
0.573290
0.583967
0.705194
0.584650
0.592311
0.704019
0.571457
0.572437
0.577707
0.703358
0.589887
0.591857
0.573794
0.689205
0.574767
0.578551
0.697740
0.588740
0.572542
0.575088
0.682677
0.578131
0.581852
0.586310
0.676856
0.572920
0.573292
0.576762
0.693779
0.582058
0.592803
0.576225
0.683509
0.600678
0.617776
0.576512
0.560194
0.678538
0.566151
0.565259
0.598374
0.726361
0.565604
0.585107
0.571221
0.685021
0.576921
0.577351
0.560467
0.731765
0.577222
0.582420
0.584484
0.720407
0.574953
0.575167
0.720191
0.594838
0.607227
0.598329
0.676371
0.581264
0.564975
0.570312
0.686768
0.620193
0.561215
0.582178
0.679401
0.593379
0.603311
0.611634
0.731048
0.586013
0.592453
0.581125
0.714590
0.584015
0.575908
0.570725
0.677440
0.571850
0.584950
0.574657
0.698996
0.564944
0.576438
0.574260
0.696413
0.592356
0.591051
0.679826
0.568149
0.595181
0.577756
0.694770
0.557815
0.565217
0.565499
0.681365
0.576781
0.583051
0.562685
0.672025
0.566348
0.599041
0.571043
0.703168
0.571149
0.572074
0.596168
0.687107
0.576367
0.577894
0.554079
0.666657
0.580842
0.603824
0.614952
0.706648
0.588580
0.572702
0.568543
0.680417
0.584698
0.589045
0.562363
0.683912
0.569684
0.562928
0.579918
0.682935
0.553549
0.555292
0.568700
0.675083
0.571135
0.573120
0.557210
0.670515
0.599822
0.560625
0.561586
0.682743
0.550830
0.562004
0.557725
0.676310
0.577135
0.597693
0.566495
0.693948
0.568673
0.571144
0.574249
0.690198
0.566086
0.567393
0.568598
0.687211
0.579764
0.581438
0.561610
0.680665
0.569393
0.571266
0.572842
0.692195
0.562906
0.564541
0.563838
0.689623
0.580569
0.582269
0.566086
0.673990
0.570624
0.573348
0.576970
0.708638
0.564459
0.569472
0.568223
0.687328
0.581515
0.587805
0.671935
0.571155
0.572975
0.690627
0.583734
0.586108
0.684905
0.572040
0.568720
0.574610
0.574663
0.702136
0.574722
0.578320
0.569107
0.684038
0.595177
0.581744
0.562115
0.687671
0.573608
0.603409
0.595289
0.715014
0.580418
0.579359
0.576789
0.715021
0.587910
0.590542
0.570067
0.705958
0.580904
0.582041
0.708614
0.599671
0.572463
0.573734
0.691536
0.585150
0.589896
0.590075
0.696136
0.577478
0.577942
0.583351
0.697584
0.593189
0.571282
0.572147
0.689360
0.577246
0.584608
0.703183
0.570176
0.575417
0.573758
0.688774
0.587673
0.593700
0.569706
0.693884
0.574575
0.577053
0.586776
0.711295
0.591411
0.585633
0.596809
0.706559
0.604912
0.600206
0.574105
0.695855
0.597892
0.592467
0.585505
0.709322
0.578162
0.582309
0.580651
0.697708
0.580098
0.589149
0.565680
0.679225
0.570958
0.571681
0.572930
0.705651
0.570681
0.573260
0.568293
0.690496
0.586081
0.593453
0.560714
0.564974
0.685238
0.577558
0.579834
0.581033
0.672953
0.569757
0.570405
0.692083
0.582423
0.591310
0.561689
0.672336
0.572746
0.573896
0.579736
0.689988
0.564025
0.566985
0.688070
0.578212
0.582576
0.585218
0.682306
0.571066
0.571271
0.575166
0.690477
0.586485
0.568890
0.577664
0.685717
0.575870
0.588224
0.699049
0.567709
0.572397
0.575028
0.688099
0.583449
0.586745
0.567111
0.685670
0.589371
0.582149
0.587647
0.704508
0.574889
0.579156
0.587603
0.710733
0.590976
0.591566
0.567796
0.690779
0.577145
0.580002
0.580257
0.707179
0.569650
0.579040
0.569707
0.699602
0.586550
0.587640
0.575269
0.692036
0.577151
0.577377
0.581057
0.706776
0.569490
0.573334
0.571471
0.693334
0.581186
0.593163
0.563423
0.686629
0.574180
0.576551
0.581083
0.706010
0.569929
0.569712
0.568319
0.688024
0.582539
0.587753
0.560936
0.686143
0.571831
0.585166
0.581215
0.697106
0.565763
0.568110
0.565636
0.684307
0.585438
0.598451
0.562881
0.679155
0.571668
0.574726
0.576331
0.704900
0.562557
0.568909
0.567004
0.694217
0.588103
0.584452
0.562619
0.677363
0.572951
0.573261
0.574534
0.697319
0.568198
0.573289
0.570184
0.698488
0.582820
0.585095
0.567571
0.693675
0.573712
0.578921
0.579918
0.706176
0.572067
0.572920
0.573412
0.691161
0.584444
0.588283
0.676066
0.569448
0.571209
0.573812
0.695719
0.592244
0.574053
0.574492
0.683425
0.575872
0.585013
0.586919
0.562281
0.683829
0.574406
0.570058
0.578493
0.702073
0.566838
0.565453
0.567089
0.689639
0.581037
0.578812
0.559442
0.674213
0.572626
0.574936
0.577912
0.706523
0.570991
0.570188
0.567191
0.690745
0.578599
0.583122
0.561376
0.676510
0.571693
0.571360
0.577795
0.694595
0.566849
0.581841
0.582789
0.696642
0.585957
0.593338
0.570839
0.695381
0.576281
0.577361
0.582621
0.697481
0.571434
0.574299
0.686481
0.579477
0.586850
0.699420
0.568130
0.567970
0.571086
0.696084
0.577589
0.582991
0.571565
0.690457
0.575731
0.581308
0.584559
0.703408
0.575700
0.569872
0.576142
0.687696
0.577220
0.582208
0.562600
0.565176
0.684554
0.574039
0.579687
0.583857
0.677600
0.573433
0.570511
0.695459
0.583079
0.589298
0.677467
0.568671
0.570636
0.691592
0.586826
0.581579
0.562688
0.709394
0.581890
0.570708
0.581017
0.706499
0.566265
0.570689
0.570316
0.685820
0.584692
0.588223
0.567423
0.713646
0.582550
0.584564
0.581906
0.702633
0.573405
0.573292
0.572384
0.695290
0.589060
0.605225
0.569499
0.699958
0.579542
0.592935
0.597789
0.721616
0.573520
0.579554
0.572226
0.688521
0.584046
0.588912
0.605265
0.709463
0.575485
0.632765
0.615144
0.746834
0.574474
0.580846
0.589967
0.731593
0.594487
0.607650
0.578946
0.705770
0.581392
0.586037
0.580925
0.708089
0.576247
0.588870
0.576669
0.691506
0.590007
0.591987
0.679580
0.574434
0.577470
0.579345
0.698693
0.588466
0.576145
0.579680
0.682678
0.588573
0.591569
0.590270
0.684456
0.574414
0.573541
0.576119
0.695875
0.585203
0.568735
0.566752
0.682677
0.577266
0.585345
0.582075
0.684467
0.573562
0.578368
0.575311
0.705013
0.588323
0.569266
0.570881
0.688144
0.576502
0.587347
0.584872
0.690025
0.572565
0.576459
0.573963
0.703306
0.588543
0.570453
0.569510
0.693076
0.584510
0.599612
0.696479
0.580783
0.575640
0.687593
0.576978
0.585516
0.591101
0.685648
0.577226
0.576056
0.579277
0.703095
0.589100
0.567703
0.571480
0.688111
0.575478
0.579543
0.581280
0.686504
0.574400
0.577178
0.575667
0.689731
0.588007
0.573900
0.568259
0.699883
0.579072
0.582976
0.583891
0.681373
0.579426
0.576657
0.570141
0.690652
0.585979
0.568476
0.565333
0.685774
0.575419
0.584919
0.582646
0.674954
0.569373
0.570623
0.571673
0.695788
0.592104
0.570699
0.566965
0.685002
0.575731
0.585220
0.584779
0.565169
0.692450
0.580984
0.578710
0.584689
0.711042
0.573477
0.570080
0.573649
0.694306
0.589058
0.599529
0.690304
0.578808
0.576330
0.577730
0.696304
0.587037
0.588497
0.571931
0.691736
0.579194
0.585712
0.583608
0.679784
0.567086
0.569538
0.577709
0.685457
0.585410
0.567923
0.565771
0.679730
0.574353
0.633066
0.606855
0.696449
0.569917
0.619981
0.583577
0.686489
0.584672
0.568023
0.564347
0.684461
0.569998
0.579175
0.576819
0.677090
0.566457
0.571485
0.567721
0.694600
0.581584
0.561309
0.563200
0.684943
0.570950
0.577617
0.581764
0.677046
0.569485
0.572754
0.679799
0.581075
0.590669
0.683009
0.571450
0.577264
0.686674
0.587557
0.583522
0.673407
0.568678
0.571200
0.684263
0.582491
0.597895
0.689652
0.581543
0.587377
0.581281
0.719679
0.593114
0.575093
0.582537
0.720656
0.583213
0.588977
0.772884
0.580149
0.579440
0.722161
0.587353
0.595836
0.742704
0.606015
0.575957
0.710993
0.581533
0.596037
0.725047
0.618321
0.609898
0.583183
0.721029
0.635841
0.612562
0.602018
0.717786
0.575739
0.574625
0.577679
0.579596
0.678287
0.577060
0.568788
0.711202
0.587885
0.591665
0.678992
0.607351
0.574958
0.578501
0.694935
0.588279
0.568100
0.596538
0.694061
0.570648
0.582497
0.632234
0.684051
0.570163
0.574399
0.569656
0.690984
0.590129
0.574411
0.683660
0.570806
0.580465
0.696206
0.583905
0.567104
0.684580
0.597888
0.574427
0.581605
0.741163
0.569735
0.571463
0.570946
0.695853
0.580927
0.587466
0.569370
0.684640
0.573661
0.577813
0.578984
0.708876
0.571998
0.573127
0.571099
0.688328
0.584419
0.587388
0.566944
0.680765
0.572940
0.573283
0.580435
0.705264
0.568083
0.570266
0.568988
0.685656
0.576500
0.582594
0.560627
0.677767
0.571730
0.572704
0.576094
0.696545
0.567473
0.566846
0.572730
0.727998
0.583063
0.581932
0.594900
0.678151
0.569431
0.571317
0.575169
0.694789
0.574062
0.571569
0.574456
0.697894
0.584442
0.588966
0.565469
0.683585
0.572470
0.576896
0.611753
0.708830
0.586276
0.595365
0.577931
0.722039
0.586341
0.591482
0.573848
0.706173
0.577707
0.584465
0.584260
0.717022
0.579458
0.581731
0.578889
0.710079
0.591284
0.591354
0.568471
0.699339
0.579534
0.582741
0.580997
0.702976
0.573154
0.577315
0.576180
0.694728
0.586786
0.595947
0.565873
0.682686
0.575682
0.578155
0.580641
0.702782
0.567636
0.567568
0.566000
0.685134
0.582625
0.598241
0.558251
0.673124
0.575812
0.571153
0.572916
0.685457
0.560151
0.567632
0.562579
0.699566
0.584908
0.578858
0.673381
0.566199
0.571849
0.680075
0.578461
0.581440
0.565982
0.690707
0.566445
0.567284
0.577531
0.726768
0.566403
0.575599
0.606040
0.687080
0.576936
0.575521
0.564789
0.682650
0.591682
0.566345
0.582587
0.689834
0.625825
0.572968
0.560153
0.674520
0.571043
0.576579
0.553718
0.664830
0.568763
0.567783
0.568732
0.708370
0.551997
0.553952
0.552729
0.669578
0.577092
0.569358
0.547258
0.710324
0.552859
0.557148
0.571606
0.697005
0.549803
0.550527
0.550717
0.666848
0.563445
0.580134
0.544252
0.660682
0.572375
0.562778
0.570576
0.694950
0.558557
0.562146
0.561647
0.700373
0.573818
0.575451
0.553556
0.673910
0.562239
0.568548
0.571176
0.685507
0.556298
0.560844
0.694916
0.566159
0.570869
0.594116
0.665166
0.559552
0.562107
0.565047
0.677642
0.586221
0.584043
0.549860
0.709293
0.566649
0.582334
0.571151
0.671632
0.559626
0.592269
0.713690
0.574453
0.577713
0.665851
0.561129
0.564071
0.672718
0.573812
0.579335
0.678652
0.570438
0.569157
0.683807
0.579297
0.581482
0.562327
0.676644
0.573146
0.571236
0.690698
0.614432
0.566690
0.685152
0.576376
0.573401
0.572560
0.694059
0.558259
0.564348
0.687920
0.570809
0.574282
0.577552
0.671224
0.559347
0.563166
0.579081
0.670926
0.568798
0.571970
0.562753
0.681267
0.568443
0.570537
0.574165
0.668186
0.560467
0.565534
0.569150
0.692218
0.576495
0.559253
0.561360
0.681861
0.568023
0.575077
0.576156
0.668862
0.568706
0.563586
0.564663
0.683296
0.575520
0.559263
0.560565
0.678339
0.566982
0.573971
0.574044
0.667207
0.561054
0.591601
0.564434
0.687999
0.578350
0.565786
0.595361
0.671122
0.585675
0.576119
0.580765
0.681194
0.559467
0.564238
0.680882
0.570848
0.577757
0.670816
0.560069
0.563935
0.678531
0.579700
0.573048
0.557026
0.674656
0.564559
0.569529
0.575745
0.702593
0.560820
0.563727
0.565648
0.687858
0.578655
0.580105
0.566740
0.687174
0.579121
0.576005
0.576375
0.697740
0.566902
0.567421
0.565681
0.682284
0.577686
0.577615
0.558394
0.668908
0.565786
0.566535
0.606519
0.699778
0.565257
0.568265
0.568899
0.707915
0.587289
0.590634
0.566900
0.718725
0.583851
0.568936
0.731703
0.605595
0.568350
0.577768
0.689724
0.573108
0.584339
0.585076
0.682400
0.568255
0.569721
0.576945
0.691832
0.599995
0.564668
0.565881
0.688558
0.573427
0.580752
0.600588
0.669168
0.564933
0.562877
0.563229
0.696920
0.567323
0.550675
0.562184
0.690546
0.570466
0.573877
0.578764
0.591344
0.660056
0.578565
0.569003
0.578378
0.691599
0.561313
0.559166
0.566348
0.688022
0.582423
0.579791
0.563492
0.687914
0.573505
0.578737
0.594412
0.729049
0.578679
0.575474
0.574809
0.693022
0.587027
0.588333
0.568980
0.689638
0.582706
0.582253
0.582733
0.709812
0.576549
0.594688
0.579107
0.712351
0.588357
0.593118
0.567107
0.700870
0.581095
0.577689
0.705139
0.593087
0.572054
0.573940
0.700930
0.584135
0.583464
0.596083
0.687113
0.577086
0.575146
0.691802
0.585033
0.589756
0.573565
0.684854
0.585431
0.577120
0.591260
0.715871
0.572902
0.571401
0.577535
0.687091
0.585938
0.586996
0.673052
0.572525
0.573468
0.575133
0.680842
0.581286
0.564730
0.578477
0.689102
0.581325
0.581004
0.688521
0.568489
0.565704
0.568582
0.673942
0.578212
0.579202
0.564207
0.679173
0.570558
0.571194
0.692399
0.578042
0.564342
0.574161
0.689295
0.578675
0.580830
0.585110
0.684546
0.587974
0.585750
0.710233
0.596405
0.592358
0.572153
0.689586
0.578998
0.595234
0.588194
0.699304
0.571105
0.575683
0.575860
0.697428
0.586695
0.588631
0.565533
0.683371
0.579880
0.577160
0.577567
0.693614
0.565751
0.570304
0.566295
0.687928
0.584284
0.580726
0.561047
0.674307
0.568974
0.572046
0.573406
0.695304
0.563886
0.565996
0.565093
0.677462
0.578558
0.583230
0.561103
0.682066
0.568202
0.568787
0.570257
0.689488
0.564376
0.567068
0.567176
0.683747
0.580823
0.584295
0.558988
0.676085
0.572624
0.573503
0.592698
0.697056
0.567145
0.567363
0.569309
0.687301
0.583469
0.583034
0.561496
0.683331
0.570639
0.572331
0.573900
0.687445
0.562361
0.572231
0.569626
0.702365
0.595938
0.585257
0.565310
0.680431
0.572701
0.575075
0.576349
0.702986
0.569383
0.600490
0.570271
0.689400
0.582054
0.583365
0.561620
0.568108
0.714988
0.579266
0.601421
0.582159
0.676237
0.567579
0.566168
0.571381
0.710406
0.592791
0.558135
0.565135
0.717161
0.613718
0.603027
0.627884
0.701791
0.570232
0.571851
0.584354
0.681008
0.582840
0.558845
0.561304
0.675074
0.569864
0.576328
0.574515
0.559937
0.682173
0.566531
0.567752
0.572183
0.575193
0.673542
0.561895
0.561433
0.566088
0.687959
0.573959
0.557121
0.559282
0.558568
0.703271
0.570470
0.587775
0.571342
0.677838
0.573525
0.597152
0.570293
0.689326
0.561419
0.561596
0.565798
0.682686
0.579101
0.587550
0.559396
0.679729
0.570985
0.573257
0.576654
0.693399
0.565685
0.567759
0.568009
0.688402
0.580282
0.581433
0.663873
0.567257
0.557510
0.560295
0.720701
0.570389
0.547192
0.550441
0.662161
0.556506
0.566113
0.565083
0.657717
0.550148
0.551628
0.553202
0.672611
0.586036
0.561393
0.560062
0.675230
0.566203
0.569342
0.563965
0.661155
0.552853
0.554021
0.554933
0.671617
0.567318
0.548281
0.547809
0.660681
0.554950
0.557964
0.567195
0.662554
0.547316
0.576024
0.552291
0.665674
0.570941
0.563449
0.549020
0.667305
0.558409
0.570906
0.564653
0.691109
0.551388
0.553918
0.555385
0.667571
0.566122
0.580870
0.563290
0.663702
0.612453
0.596927
0.590518
0.708649
0.585523
0.578612
0.577255
0.713117
0.591166
0.579909
0.571954
0.694467
0.581631
0.586775
0.587376
0.684499
0.572221
0.579124
0.573741
0.709169
0.584894
0.572409
0.569911
0.687807
0.575216
0.581088
0.583567
0.679537
0.567667
0.571652
0.567731
0.692242
0.584382
0.564791
0.560560
0.567071
0.683337
0.575384
0.584484
0.565365
0.682145
0.573676
0.568633
0.578634
0.701804
0.566404
0.563799
0.568053
0.688852
0.579234
0.582311
0.559479
0.696887
0.570099
0.572644
0.576595
0.688842
0.569009
0.565141
0.567539
0.677537
0.575094
0.577574
0.558558
0.678327
0.569053
0.575226
0.576851
0.700960
0.564227
0.574113
0.570073
0.698026
0.577967
0.590108
0.557543
0.670301
0.565450
0.567573
0.571170
0.681543
0.559930
0.566212
0.596531
0.681648
0.579680
0.588886
0.669023
0.564879
0.569543
0.570230
0.693010
0.578018
0.576488
0.588270
0.689310
0.598175
0.582441
0.583319
0.688742
0.598935
0.573610
0.682985
0.581696
0.583389
0.564116
0.689754
0.570353
0.572079
0.589727
0.692523
0.564300
0.568807
0.596827
0.717652
0.572491
0.577211
0.625664
0.676985
0.563743
0.561709
0.558751
0.673839
0.547447
0.552425
0.562855
0.686031
0.578696
0.578456
0.558459
0.677103
0.587801
0.564969
0.707022
0.573524
0.557979
0.560078
0.676936
0.563940
0.573397
0.695090
0.561343
0.561549
0.565267
0.676376
0.570342
0.585817
0.562444
0.672872
0.566575
0.569160
0.689458
0.579510
0.566301
0.562356
0.568283
0.683738
0.583661
0.581296
0.561311
0.674627
0.565675
0.569595
0.570632
0.585324
0.685397
0.566884
0.572592
0.582300
0.704756
0.589774
0.574403
0.565754
0.692644
0.584862
0.587254
0.589572
0.695781
0.576044
0.577150
0.575713
0.690418
0.586301
0.571013
0.565989
0.689756
0.578965
0.579949
0.579003
0.682803
0.569823
0.569526
0.569877
0.693414
0.581426
0.564144
0.560591
0.685290
0.571622
0.585437
0.576773
0.676018
0.565616
0.565795
0.575151
0.729430
0.577570
0.557366
0.558906
0.674978
0.564620
0.571245
0.579357
0.684740
0.559521
0.563576
0.591464
0.570153
0.690439
0.595663
0.560696
0.679985
0.572794
0.578555
0.575606
0.673912
0.561380
0.564717
0.566225
0.670813
0.565279
0.549244
0.557978
0.661426
0.554249
0.563420
0.577416
0.665330
0.572963
0.557170
0.552811
0.678620
0.592163
0.554120
0.555588
0.672571
0.556903
0.571406
0.573798
0.662485
0.564987
0.558613
0.695084
0.594175
0.573410
0.669448
0.560350
0.559797
0.562066
0.685364
0.569991
0.550020
0.556907
0.672310
0.559421
0.574451
0.581718
0.674969
0.570839
0.568270
0.567736
0.690273
0.581341
0.569294
0.561253
0.690800
0.576525
0.582127
0.580333
0.683391
0.570246
0.572533
0.569267
0.689977
0.593494
0.563815
0.572190
0.684185
0.573696
0.582734
0.574542
0.681030
0.577849
0.578690
0.572029
0.717791
0.589778
0.573430
0.568605
0.700322
0.581376
0.591621
0.586669
0.704465
0.579666
0.580808
0.578659
0.710763
0.593790
0.577271
0.694093
0.617835
0.579512
0.587065
0.711846
0.572614
0.579937
0.689876
0.580100
0.587011
0.585103
0.688260
0.572851
0.577025
0.576798
0.713012
0.590398
0.572851
0.696217
0.578172
0.578320
0.587483
0.707113
0.579223
0.576015
0.573351
0.686998
0.581867
0.586786
0.565695
0.681581
0.570916
0.573380
0.579270
0.697708
0.570521
0.571154
0.569636
0.685025
0.577194
0.588884
0.568927
0.680312
0.576390
0.576509
0.689971
0.587263
0.567576
0.689042
0.574541
0.581836
0.580640
0.701564
0.572848
0.575800
0.571555
0.690386
0.580042
0.592348
0.567802
0.683551
0.570067
0.574544
0.577630
0.699643
0.581550
0.636349
0.720849
0.595514
0.597859
0.752041
0.588468
0.624375
0.596050
0.724259
0.608189
0.601980
0.583211
0.719315
0.588421
0.589608
0.577860
0.720242
0.560421
0.569536
0.677479
0.569358
0.572945
0.579167
0.667977
0.562020
0.571304
0.569997
0.688732
0.576015
0.556302
0.559005
0.675403
0.553290
0.561192
0.566857
0.657260
0.547163
0.553826
0.551853
0.751505
0.571106
0.557940
0.560500
0.683904
0.562665
0.608865
0.568439
0.659669
0.559459
0.558918
0.559133
0.678846
0.589635
0.572440
0.549542
0.668184
0.582331
0.567069
0.562742
0.660229
0.564777
0.588857
0.554054
0.559276
0.694835
0.551847
0.582052
0.566607
0.713706
0.574507
0.575570
0.558613
0.674634
0.615144
0.566919
0.573654
0.698557
0.568083
0.572047
0.569832
0.699966
0.581558
0.585845
0.564227
0.682154
0.582385
0.573233
0.584335
0.706951
0.569356
0.573431
0.571507
0.692044
0.585040
0.588621
0.564253
0.698576
0.573863
0.578434
0.578910
0.703070
0.575228
0.577805
0.684661
0.576356
0.583465
0.589468
0.676612
0.571377
0.571817
0.580509
0.691387
0.586197
0.570810
0.569711
0.687217
0.577292
0.586617
0.582741
0.730715
0.570876
0.605136
0.584103
0.696582
0.608796
0.579288
0.691334
0.577397
0.578729
0.583500
0.704523
0.572643
0.578161
0.576696
0.698535
0.582092
0.588316
0.568342
0.683541
0.571573
0.576119
0.706938
0.597696
0.566888
0.679166
0.570970
0.573166
0.696387
0.611827
0.566008
0.674163
0.571161
0.572298
0.575038
0.692117
0.562233
0.565473
0.597425
0.681595
0.573726
0.602485
0.557206
0.700793
0.567551
0.576278
0.573146
0.689406
0.560344
0.562793
0.670870
0.569781
0.575009
0.610886
0.664238
0.600115
0.565620
0.680774
0.574038
0.578268
0.721641
0.562353
0.561822
0.563916
0.692616
0.584130
0.563932
0.682668
0.570688
0.572938
0.700972
0.584174
0.562042
0.691244
0.572625
0.599883
0.692171
0.584181
0.564397
0.700528
0.589372
0.605801
0.580024
0.710066
0.604222
0.566863
0.570908
0.685014
0.579472
0.584333
0.592801
0.682973
0.592649
0.598970
0.605946
0.695491
0.564755
0.567540
0.566026
0.689296
0.577985
0.578639
0.558672
0.709502
0.566865
0.598351
0.690401
0.585870
0.561891
0.671266
0.565478
0.568435
0.686433
0.583708
0.549608
0.705677
0.575800
0.597809
0.583997
0.688235
0.587847
0.564793
0.574776
0.671208
0.577429
0.573987
0.553684
0.671906
0.559156
0.562392
0.571540
0.679130
0.588144
0.556753
0.659611
0.579679
0.566185
0.569215
0.668515
0.589664
0.561597
0.566007
0.712644
0.570446
0.561098
0.556199
0.665563
0.558684
0.565597
0.572577
0.661280
0.588829
0.556073
0.555719
0.675379
0.577085
0.569923
0.551163
0.567790
0.673947
0.614078
0.576963
0.557038
0.699353
0.568372
0.569393
0.719166
0.606832
0.558980
0.681593
0.564669
0.569778
0.576427
0.692488
0.558645
0.561756
0.571532
0.685657
0.574182
0.607812
0.557529
0.680269
0.569757
0.570093
0.687667
0.599194
0.560775
0.564363
0.685270
0.565579
0.577046
0.693899
0.560461
0.573074
0.697232
0.578452
0.578302
0.691770
0.568160
0.574134
0.671614
0.563508
0.575781
0.570660
0.704814
0.564607
0.558511
0.571018
0.734996
0.577893
0.566980
0.685471
0.594192
0.564850
0.689208
0.573052
0.585257
0.563405
0.706743
0.589246
0.570237
0.676368
0.559026
0.556606
0.674296
0.562268
0.562257
0.595655
0.678763
0.561564
0.570380
0.569060
0.724420
0.579566
0.563615
0.563043
0.664543
0.564303
0.572458
0.567223
0.660714
0.555944
0.594472
0.672326
0.576999
0.573263
0.665070
0.549450
0.575284
0.666205
0.562383
0.566779
0.545115
0.667121
0.552835
0.556513
0.717869
0.566231
0.547227
0.655116
0.553974
0.583003
0.606800
0.674483
0.550742
0.551993
0.553662
0.694242
0.566973
0.600201
0.669097
0.550597
0.557344
0.569078
0.686564
0.601978
0.561547
0.561867
0.693977
0.570468
0.573607
0.695095
0.554860
0.565674
0.559805
0.688426
0.573476
0.575069
0.569213
0.668357
0.563121
0.563880
0.570536
0.571507
0.665856
0.556279
0.551920
0.562811
0.682482
0.566305
0.546354
0.548351
0.672188
0.555698
0.560625
0.568173
0.654713
0.572951
0.551972
0.571503
0.687059
0.561395
0.567226
0.546339
0.655296
0.557696
0.557668
0.561204
0.651137
0.545179
0.549888
0.550569
0.674527
0.562151
0.559317
0.682514
0.557724
0.560990
0.700049
0.584021
0.559010
0.687133
0.556942
0.556640
0.674911
0.597382
0.550251
0.552778
0.676070
0.557960
0.561772
0.563956
0.652680
0.546792
0.551950
0.659014
0.559003
0.564017
0.544235
0.661330
0.550335
0.556184
0.566335
0.678738
0.544184
0.547250
0.551895
0.661251
0.558808
0.561107
0.655085
0.547740
0.551876
0.578060
0.675416
0.567536
0.544151
0.570918
0.660225
0.580693
0.570901
0.562204
0.658889
0.547201
0.550922
0.564498
0.700600
0.575260
0.553696
0.547925
0.728867
0.592515
0.568575
0.565794
0.675134
0.554346
0.554444
0.555854
0.681937
0.569628
0.549909
0.548844
0.665437
0.555654
0.563040
0.564010
0.658818
0.548525
0.552072
0.687250
0.576684
0.580263
0.548392
0.663041
0.553320
0.560232
0.581933
0.563984
0.668454
0.555908
0.567388
0.564297
0.746820
0.567868
0.544054
0.547834
0.583155
0.663214
0.598958
0.597856
0.584100
0.712514
0.582654
0.581831
0.592938
0.743028
0.582014
0.584875
0.566701
0.681244
0.606219
0.610359
0.589426
0.674503
0.564425
0.566631
0.568908
0.687400
0.583983
0.561225
0.561714
0.679879
0.594999
0.579905
0.667742
0.558419
0.587148
0.563564
0.679290
0.575641
0.555643
0.559492
0.679851
0.565130
0.571193
0.574240
0.670857
0.558350
0.561908
0.562581
0.681064
0.572237
0.554510
0.663596
0.560635
0.564253
0.565790
0.682862
0.554497
0.556469
0.667715
0.553887
0.572138
0.583777
0.671938
0.559376
0.561265
0.676747
0.570419
0.573419
0.555020
0.672019
0.552279
0.553881
0.561854
0.676571
0.548661
0.547581
0.550385
0.671833
0.560777
0.571027
0.543421
0.686996
0.589819
0.567594
0.668192
0.569070
0.562444
0.588055
0.667820
0.561807
0.571613
0.598392
0.664055
0.555676
0.557756
0.598784
0.673558
0.568053
0.547980
0.553341
0.696003
0.564376
0.573805
0.569556
0.659295
0.548907
0.552146
0.555705
0.668929
0.579841
0.546098
0.566540
0.657643
0.552174
0.557083
0.561564
0.653261
0.547087
0.549929
0.559501
0.667332
0.561612
0.542233
0.682068
0.554419
0.591852
0.712991
0.566369
0.547190
0.553098
0.664618
0.554786
0.561168
0.565380
0.653885
0.550125
0.569809
0.556036
0.667593
0.566587
0.545096
0.546252
0.656909
0.552522
0.574236
0.562495
0.654421
0.550839
0.550498
0.581144
0.692631
0.561799
0.564644
0.672313
0.549439
0.552215
0.560056
0.667745
0.543778
0.546038
0.572485
0.668324
0.561099
0.572706
0.553882
0.658187
0.552900
0.555610
0.662893
0.587540
0.545526
0.657419
0.553373
0.552458
0.587387
0.684282
0.545389
0.548345
0.559750
0.674568
0.575797
0.574973
0.546615
0.656505
0.590765
0.569670
0.559724
0.676728
0.570399
0.605291
0.671159
0.575713
0.594242
0.621965
0.689798
0.571818
0.576781
0.566981
0.710327
0.576570
0.558719
0.561615
0.673977
0.609655
0.572439
0.588806
0.678253
0.570000
0.561169
0.574650
0.708823
0.574332
0.557440
0.554610
0.676984
0.601544
0.571564
0.605700
0.670362
0.578149
0.567996
0.562051
0.679918
0.581727
0.556812
0.556655
0.686784
0.585376
0.578813
0.592804
0.699863
0.559759
0.558868
0.557189
0.679173
0.573648
0.592594
0.567893
0.694338
0.569230
0.573762
0.566405
0.660220
0.557821
0.569136
0.568887
0.678608
0.570548
0.552929
0.549103
0.660936
0.557083
0.561187
0.562843
0.654037
0.552699
0.552925
0.552250
0.673168
0.562468
0.544223
0.547545
0.657154
0.588371
0.567781
0.562760
0.657923
0.550132
0.550827
0.556861
0.673035
0.563724
0.546768
0.573765
0.662106
0.584573
0.572955
0.565871
0.658488
0.546724
0.569401
0.584300
0.668328
0.618513
0.546349
0.553779
0.711092
0.584059
0.559499
0.572660
0.656330
0.546700
0.550215
0.554740
0.673330
0.596616
0.550140
0.550009
0.666594
0.566277
0.565922
0.564955
0.658871
0.549687
0.575115
0.554851
0.663064
0.567413
0.546902
0.549485
0.661751
0.553000
0.559295
0.562536
0.652374
0.547910
0.556600
0.551518
0.663179
0.566282
0.543482
0.544859
0.681045
0.554099
0.560234
0.747556
0.544880
0.547192
0.550821
0.664078
0.560221
0.562155
0.543087
0.668327
0.556874
0.556508
0.566264
0.681059
0.548437
0.551875
0.581883
0.694515
0.564580
0.566445
0.652237
0.577378
0.555348
0.556352
0.674971
0.566188
0.544112
0.547145
0.657778
0.552104
0.560669
0.564045
0.675925
0.547478
0.550686
0.658284
0.558865
0.564261
0.656038
0.546044
0.552637
0.662574
0.559547
0.561763
0.543791
0.658035
0.549363
0.551600
0.589145
0.684586
0.546248
0.547929
0.553427
0.686112
0.587535
0.562360
0.548389
0.656266
0.560446
0.565033
0.571569
0.684528
0.556009
0.559399
0.559881
0.676542
0.560226
0.563158
0.592516
0.661594
0.555551
0.556455
0.559841
0.697034
0.548735
0.553818
0.554301
0.666470
0.559089
0.565858
0.545956
0.660748
0.563389
0.600575
0.570274
0.696618
0.561028
0.560865
0.565600
0.678573
0.574124
0.571501
0.565760
0.661351
0.573485
0.581685
0.603489
0.670794
0.598585
0.551705
0.571025
0.691312
0.567540
0.567791
0.556272
0.671307
0.559169
0.570545
0.598937
0.703540
0.572205
0.573011
0.561844
0.675183
0.572960
0.606826
0.562411
0.688968
0.563064
0.561485
0.598659
0.694521
0.551720
0.552976
0.554824
0.662769
0.579204
0.571714
0.546252
0.662397
0.557985
0.557918
0.571796
0.681462
0.546618
0.547380
0.548661
0.666493
0.561305
0.588674
0.542300
0.655651
0.550257
0.552090
0.558890
0.686349
0.544506
0.547058
0.549403
0.674380
0.560563
0.562246
0.543191
0.661537
0.552339
0.553039
0.561986
0.691048
0.556449
0.561227
0.667876
0.575339
0.563179
0.565478
0.648912
0.558615
0.564286
0.556286
0.666572
0.565728
0.546467
0.561219
0.695143
0.553768
0.561081
0.667923
0.547663
0.577937
0.552600
0.717505
0.600960
0.569673
0.550361
0.659205
0.554823
0.565477
0.671030
0.564961
0.546128
0.564733
0.669817
0.555883
0.562842
0.565650
0.658855
0.552663
0.552361
0.553362
0.672659
0.564994
0.569738
0.545979
0.662528
0.552270
0.572341
0.561660
0.651063
0.547820
0.552960
0.552487
0.665586
0.564257
0.543543
0.653126
0.549073
0.563248
0.564217
0.673102
0.552551
0.550560
0.553573
0.663715
0.564710
0.564599
0.549800
0.655541
0.552862
0.554971
0.562342
0.671933
0.545218
0.548362
0.567901
0.668826
0.559166
0.563740
0.544318
0.657349
0.551516
0.553900
0.559155
0.677224
0.545661
0.547198
0.550891
0.661508
0.561190
0.564228
0.543143
0.654121
0.566853
0.552111
0.559194
0.673666
0.545127
0.546755
0.550796
0.660046
0.562204
0.561204
0.546593
0.657053
0.551439
0.554313
0.666498
0.572978
0.545503
0.549153
0.664135
0.554709
0.561633
0.573324
0.694607
0.557767
0.561054
0.556703
0.684340
0.596540
0.554562
0.660657
0.554918
0.556680
0.576494
0.677800
0.548695
0.551165
0.553338
0.663730
0.563782
0.566051
0.545926
0.653888
0.553646
0.553270
0.559782
0.670438
0.558052
0.559196
0.554777
0.669654
0.561888
0.567465
0.545839
0.658730
0.554410
0.557717
0.561893
0.701566
0.554079
0.553309
0.567867
0.672832
0.587285
0.567279
0.572019
0.660324
0.568176
0.562616
0.600150
0.682747
0.566009
0.556160
0.584678
0.668701
0.569789
0.598099
0.670240
0.556884
0.556380
0.567134
0.676948
0.568405
0.551411
0.552762
0.661714
0.557269
0.565641
0.582091
0.661398
0.553949
0.565378
0.556627
0.688256
0.599068
0.546045
0.548036
0.663872
0.554684
0.561741
0.562265
0.658761
0.548722
0.551749
0.662739
0.577775
0.563222
0.546674
0.654629
0.550193
0.570641
0.558096
0.687203
0.547235
0.566173
0.550730
0.693473
0.565793
0.571974
0.545370
0.673501
0.560003
0.590754
0.559229
0.680167
0.549320
0.549182
0.555471
0.664812
0.559213
0.565482
0.547990
0.660954
0.550736
0.559413
0.561377
0.562197
0.661322
0.548428
0.550427
0.551851
0.698586
0.571495
0.543850
0.547108
0.681377
0.553747
0.576099
0.577426
0.670941
0.563154
0.602514
0.564767
0.688250
0.577823
0.556959
0.558205
0.658240
0.555503
0.560895
0.592730
0.549188
0.657441
0.559147
0.551883
0.559223
0.575552
0.665917
0.547616
0.576421
0.552721
0.699915
0.565000
0.544853
0.548412
0.666407
0.553268
0.562386
0.563540
0.662885
0.546426
0.550183
0.552922
0.670755
0.561930
0.544446
0.545389
0.660186
0.551669
0.572225
0.560910
0.661854
0.553808
0.564890
0.553445
0.672274
0.569682
0.574329
0.549020
0.665671
0.556694
0.564883
0.564441
0.659768
0.550589
0.552362
0.555989
0.685842
0.565657
0.543998
0.547040
0.690621
0.554346
0.558076
0.668657
0.547205
0.548998
0.548901
0.665572
0.556648
0.562109
0.654007
0.547794
0.550547
0.552564
0.664721
0.563517
0.542957
0.546989
0.657699
0.569958
0.559766
0.570113
0.656850
0.547889
0.552439
0.555743
0.675444
0.590327
0.544016
0.553351
0.657722
0.582104
0.569563
0.572381
0.667195
0.558287
0.567850
0.562856
0.689843
0.577518
0.560209
0.670234
0.564967
0.566222
0.577594
0.694813
0.589669
0.563372
0.591008
0.679026
0.574576
0.578598
0.558760
0.667973
0.562948
0.563212
0.683681
0.570270
0.557272
0.555400
0.663387
0.565584
0.568449
0.582898
0.664432
0.569870
0.578933
0.578418
0.697174
0.620329
0.569607
0.593283
0.691930
0.578430
0.583004
0.572097
0.669604
0.561251
0.564858
0.560177
0.674903
0.606469
0.583897
0.550791
0.674573
0.561959
0.589055
0.616176
0.721414
0.561006
0.561727
0.560691
0.679429
0.577452
0.559866
0.557113
0.674041
0.564737
0.570755
0.604102
0.692565
0.567723
0.670241
0.574247
0.690867
0.576870
0.556579
0.552500
0.676277
0.563877
0.568202
0.570666
0.663504
0.556984
0.559050
0.559155
0.672351
0.566759
0.551258
0.549996
0.665895
0.555370
0.562253
0.599544
0.680954
0.566484
0.558676
0.555697
0.687350
0.596906
0.560275
0.559488
0.680918
0.570544
0.576984
0.576804
0.656788
0.589392
0.556881
0.553291
0.670710
0.620318
0.565563
0.564748
0.688278
0.573376
0.575863
0.686461
0.564179
0.599364
0.566617
0.697116
0.582304
0.585791
0.568285
0.692976
0.577828
0.575860
0.582008
0.695671
0.594529
0.595986
0.593214
0.684960
0.576407
0.585186
0.566973
0.703574
0.571848
0.588125
0.578900
0.696255
0.569495
0.571068
0.564560
0.679472
0.576657
0.568370
0.548077
0.677784
0.555241
0.562995
0.560737
0.680471
0.545262
0.547269
0.658571
0.552878
0.560059
0.673428
0.590744
0.553199
0.556623
0.706323
0.592424
0.576912
0.549408
0.679355
0.554583
0.554561
0.566269
0.563023
0.658071
0.555766
0.552255
0.556115
0.675322
0.562883
0.569141
0.547286
0.654759
0.552888
0.556919
0.565645
0.674585
0.548027
0.549209
0.578531
0.684396
0.562120
0.543524
0.548050
0.667419
0.553086
0.557352
0.562382
0.657931
0.546939
0.549361
0.552153
0.668523
0.562838
0.545230
0.549845
0.659951
0.550810
0.559973
0.677170
0.544361
0.545815
0.564384
0.665143
0.560416
0.560809
0.665547
0.556426
0.560282
0.562959
0.678783
0.586783
0.547749
0.557357
0.654620
0.562459
0.569102
0.693051
0.550274
0.552037
0.567158
0.677761
0.564535
0.564558
0.548543
0.659055
0.557054
0.572711
0.577718
0.676913
0.551744
0.558602
0.663407
0.555673
0.563888
0.684222
0.564769
0.554730
0.660343
0.567936
0.591278
0.585263
0.686963
0.555857
0.572212
0.571009
0.692744
0.580948
0.560610
0.678221
0.553678
0.556117
0.558802
0.675523
0.550713
0.557478
0.553852
0.670492
0.561341
0.567942
0.708584
0.565051
0.558081
0.667719
0.581721
0.583731
0.657694
0.557222
0.555895
0.558869
0.677304
0.571778
0.549724
0.553862
0.663544
0.553900
0.560994
0.594384
0.656842
0.578967
0.551133
0.669515
0.559253
0.564003
0.559246
0.669529
0.550285
0.553333
0.560730
0.669157
0.544701
0.548006
0.565641
0.658630
0.558604
0.567970
0.561703
0.666907
0.557605
0.558584
0.690761
0.567625
0.555293
0.558153
0.679563
0.560622
0.569027
0.684897
0.589945
0.568312
0.672847
0.565689
0.602945
0.688217
0.592315
0.563361
0.690951
0.567000
0.576273
0.683276
0.556644
0.559455
0.666403
0.565164
0.575045
0.675344
0.551702
0.553072
0.567728
0.698269
0.571349
0.582666
0.569402
0.661125
0.553552
0.556966
0.561227
0.679609
0.550983
0.550738
0.552646
0.667004
0.562028
0.564369
0.544079
0.661146
0.552684
0.554058
0.569346
0.686004
0.549668
0.556729
0.660327
0.558365
0.562196
0.675440
0.550925
0.552534
0.554871
0.666600
0.565727
0.566990
0.548270
0.660576
0.550376
0.555027
0.559681
0.670969
0.543058
0.549485
0.555055
0.659797
0.572261
0.562394
0.566598
0.654986
0.555161
0.551917
0.556626
0.676497
0.545139
0.560512
0.549276
0.660342
0.559647
0.562701
0.544829
0.655154
0.549269
0.550788
0.678061
0.562646
0.543618
0.546304
0.657113
0.557366
0.558654
0.565044
0.652926
0.551311
0.549878
0.561927
0.670163
0.561084
0.549501
0.557223
0.666444
0.575633
0.571617
0.575197
0.674630
0.549438
0.551714
0.553444
0.564966
0.687641
0.553029
0.552092
0.726615
0.562303
0.562143
0.566766
0.664924
0.553221
0.554379
0.678015
0.567369
0.576984
0.558140
0.681868
0.559047
0.586539
0.564774
0.565340
0.663722
0.550055
0.559751
0.555577
0.673266
0.567301
0.558638
0.560347
0.679282
0.570540
0.573769
0.576741
0.680873
0.566522
0.567412
0.570177
0.688638
0.578722
0.561779
0.561200
0.664019
0.596296
0.568282
0.582685
0.673241
0.566623
0.564910
0.594877
0.680578
0.601943
0.553052
0.563421
0.727253
0.563270
0.602353
0.568849
0.668243
0.558211
0.564555
0.557594
0.682815
0.570505
0.551368
0.554915
0.664362
0.560745
0.566946
0.565328
0.693175
0.560277
0.558054
0.553507
0.676147
0.567356
0.549567
0.551928
0.661992
0.574007
0.566181
0.563543
0.655100
0.566575
0.552910
0.551135
0.664931
0.562213
0.544973
0.546653
0.653852
0.562661
0.573208
0.572164
0.662098
0.579268
0.562234
0.552404
0.675730
0.566985
0.560119
0.551730
0.666486
0.555112
0.560575
0.564315
0.657792
0.563625
0.562643
0.562441
0.672807
0.586820
0.556446
0.553978
0.686860
0.617142
0.584935
0.713364
0.591991
0.574214
0.698643
0.600192
0.584569
0.708708
0.568630
0.575699
0.569829
0.694063
0.580075
0.601138
0.551255
0.680489
0.552214
0.553042
0.563284
0.704738
0.550121
0.584823
0.550458
0.662207
0.557459
0.564982
0.545275
0.656137
0.551875
0.551947
0.553552
0.560105
0.660314
0.547260
0.550502
0.555612
0.672412
0.580263
0.552351
0.549149
0.663199
0.585123
0.588536
0.566981
0.659843
0.567482
0.553136
0.554295
0.673992
0.565347
0.548131
0.546958
0.654068
0.553443
0.561262
0.562233
0.652135
0.547072
0.550455
0.551500
0.675426
0.564475
0.548015
0.547793
0.685222
0.553643
0.558158
0.671992
0.545435
0.546861
0.549947
0.661277
0.560120
0.564560
0.652360
0.547053
0.549913
0.552907
0.670700
0.575234
0.543561
0.563438
0.689169
0.552333
0.559316
0.577566
0.656016
0.557959
0.564106
0.565261
0.677631
0.575032
0.560073
0.561067
0.562175
0.676915
0.580955
0.572194
0.549547
0.667824
0.569066
0.560538
0.563661
0.671355
0.551907
0.562268
0.568822
0.676980
0.570069
0.577668
0.661948
0.653603
0.583812
0.684707
0.603089
0.572613
0.555586
0.671154
0.562370
0.565057
0.569098
0.698184
0.555256
0.560035
0.561578
0.710706
0.568442
0.575108
0.551155
0.669281
0.558095
0.560770
0.666949
0.569983
0.550423
0.552114
0.672434
0.559425
0.588502
0.571996
0.673384
0.552342
0.554583
0.568845
0.681406
0.567993
0.553471
0.547819
0.667565
0.577869
0.585482
0.604446
0.698140
0.556834
0.556329
0.556470
0.672273
0.570068
0.553790
0.549578
0.552104
0.665694
0.569082
0.563769
0.575708
0.730050
0.552930
0.552186
0.560260
0.704595
0.561527
0.549643
0.549118
0.663709
0.557417
0.575050
0.792746
0.581313
0.590525
0.556154
0.712916
0.566658
0.553831
0.552946
0.667473
0.589037
0.560696
0.570080
0.662147
0.553109
0.553931
0.554248
0.681683
0.567492
0.549032
0.551040
0.657689
0.568540
0.562273
0.563357
0.545526
0.682500
0.554784
0.554654
0.559797
0.677020
0.553377
0.574899
0.743372
0.593040
0.562844
0.671534
0.548519
0.551825
0.553058
0.665846
0.565277
0.572418
0.548427
0.661812
0.555247
0.556212
0.558766
0.678134
0.548785
0.548412
0.550462
0.667396
0.575604
0.592135
0.569358
0.653602
0.553051
0.553519
0.559194
0.688157
0.544987
0.547106
0.550478
0.661775
0.556945
0.561415
0.543004
0.653597
0.549598
0.575850
0.561698
0.681051
0.548526
0.550673
0.555007
0.662820
0.564182
0.565820
0.656835
0.566447
0.562119
0.554479
0.669523
0.564118
0.560510
0.566109
0.715658
0.560632
0.584309
0.574613
0.664109
0.554129
0.556494
0.555792
0.672244
0.597168
0.553941
0.661647
0.564846
0.575100
0.560378
0.680549
0.551224
0.553623
0.554829
0.664278
0.564952
0.569034
0.546637
0.656153
0.550717
0.555772
0.559994
0.672006
0.549306
0.574871
0.576517
0.676930
0.559543
0.563194
0.546313
0.656400
0.562597
0.579843
0.573820
0.685004
0.555272
0.558513
0.550671
0.685474
0.570147
0.574768
0.665484
0.554675
0.561606
0.665658
0.568038
0.568359
0.664789
0.557353
0.557700
0.669490
0.562773
0.586950
0.547484
0.675557
0.558707
0.558023
0.567670
0.700779
0.562435
0.555048
0.557474
0.687446
0.593895
0.572499
0.551688
0.683136
0.570168
0.574748
0.612196
0.711051
0.561230
0.562077
0.588187
0.682327
0.564460
0.571381
0.546264
0.682782
0.582121
0.558592
0.562512
0.691128
0.548438
0.556449
0.661996
0.560983
0.557832
0.563594
0.655305
0.552601
0.553720
0.552298
0.669982
0.575613
0.562826
0.562724
0.683229
0.559424
0.599609
0.566567
0.550069
0.664402
0.554741
0.555659
0.578138
0.674149
0.548448
0.551070
0.663149
0.556714
0.561106
0.682367
0.547122
0.548621
0.550704
0.662025
0.560834
0.564275
0.545767
0.657704
0.550785
0.582802
0.560976
0.683249
0.570817
0.557178
0.562260
0.676988
0.569571
0.565838
0.649253
0.550399
0.548695
0.612321
0.671085
0.565526
0.550038
0.576745
0.663474
0.564933
0.590214
0.681118
0.549142
0.562205
0.672410
0.562749
0.588027
0.572950
0.662663
0.560618
0.558425
0.557636
0.672260
0.566399
0.547375
0.551338
0.656682
0.554992
0.561282
0.562336
0.652280
0.547778
0.552001
0.551930
0.667240
0.563588
0.544256
0.659313
0.549990
0.578607
0.564627
0.668229
0.551147
0.548883
0.565691
0.551600
0.667923
0.562879
0.542896
0.545896
0.661009
0.552799
0.559006
0.561395
0.650007
0.547466
0.549271
0.565545
0.666689
0.599056
0.549844
0.548105
0.660076
0.556745
0.559906
0.565253
0.656686
0.549809
0.552002
0.553662
0.560530
0.675872
0.547525
0.549363
0.552068
0.658515
0.555341
0.562259
0.542517
0.659874
0.549159
0.551780
0.558775
0.671952
0.542866
0.546332
0.555032
0.660852
0.557023
0.561754
0.543402
0.654133
0.550388
0.554414
0.558578
0.686317
0.544609
0.547261
0.549725
0.659995
0.573668
0.567310
0.661037
0.552145
0.553044
0.555119
0.673612
0.565209
0.546223
0.689492
0.550840
0.551959
0.593801
0.678318
0.545261
0.548577
0.550361
0.663574
0.559825
0.575112
0.555428
0.671685
0.561639
0.563088
0.563169
0.701838
0.549164
0.551563
0.692960
0.556555
0.571998
0.678753
0.554021
0.549611
0.555793
0.667149
0.567555
0.602915
0.672207
0.559115
0.563272
0.671943
0.567327
0.569740
0.666035
0.553587
0.554362
0.666487
0.591380
0.565976
0.664320
0.557448
0.562597
0.560543
0.705046
0.568496
0.548699
0.551748
0.695123
0.555746
0.563080
0.568454
0.658176
0.550225
0.554508
0.553575
0.676545
0.565141
0.546695
0.545180
0.665063
0.577117
0.591205
0.561925
0.659227
0.555107
0.552864
0.662701
0.559392
0.566442
0.557404
0.687913
0.559866
0.571620
0.568171
0.682589
0.552938
0.551742
0.556359
0.674101
0.560608
0.565357
0.652970
0.567566
0.554273
0.662309
0.568899
0.566831
0.549835
0.663443
0.589227
0.557549
0.580102
0.678526
0.546282
0.548118
0.563853
0.668570
0.585486
0.562453
0.544951
0.654756
0.566891
0.575019
0.567761
0.689624
0.543834
0.548470
0.549011
0.660186
0.570288
0.563277
0.544171
0.665519
0.553500
0.556238
0.684601
0.568653
0.549727
0.661238
0.606779
0.561917
0.569201
0.683451
0.579861
0.569970
0.560398
0.674368
0.561288
0.567500
0.548863
0.695234
0.553176
0.555199
0.557675
0.672017
0.548861
0.553657
0.658846
0.555530
0.562353
0.565462
0.657127
0.573599
0.552080
0.556270
0.680894
0.589181
0.566219
0.546784
0.661077
0.563956
0.562021
0.673288
0.544273
0.547812
0.657750
0.560139
0.567614
0.676503
0.549120
0.559168
0.554450
0.666016
0.562948
0.566209
0.546722
0.658592
0.553989
0.557139
0.561396
0.670917
0.547916
0.550539
0.551372
0.668586
0.559755
0.563901
0.653245
0.549512
0.549268
0.658709
0.562502
0.575326
0.544876
0.656773
0.549696
0.551335
0.559757
0.700312
0.544908
0.547209
0.550912
0.662397
0.559936
0.563268
0.543345
0.653178
0.551401
0.552506
0.664613
0.577678
0.557302
0.653040
0.550987
0.553876
0.587397
0.673503
0.555407
0.558265
0.674416
0.568617
0.571411
0.681532
0.564864
0.567678
0.591129
0.679793
0.571093
0.593204
0.672591
0.560703
0.570738
0.665314
0.566710
0.568572
0.550147
0.679627
0.555433
0.566943
0.570358
0.686526
0.550004
0.557313
0.663096
0.565299
0.580200
0.569542
0.660221
0.553616
0.555665
0.558125
0.669548
0.606642
0.550023
0.678291
0.562945
0.556484
0.564461
0.677537
0.551294
0.551273
0.667389
0.566769
0.577707
0.691712
0.549087
0.564664
0.552027
0.684442
0.559419
0.564104
0.548639
0.666791
0.550603
0.565982
0.557815
0.702715
0.545615
0.548711
0.580577
0.663107
0.557745
0.563553
0.567246
0.681194
0.567176
0.558451
0.574512
0.680377
0.547189
0.555199
0.679425
0.562594
0.563868
0.677591
0.549714
0.550270
0.553283
0.666902
0.562729
0.563814
0.547063
0.662094
0.560828
0.562844
0.558407
0.689732
0.548001
0.551762
0.673216
0.557895
0.560422
0.563314
0.659858
0.549004
0.566705
0.559400
0.669849
0.563063
0.573976
0.580827
0.665573
0.566173
0.564011
0.570179
0.661447
0.565764
0.573965
0.572275
0.695867
0.581933
0.564677
0.562599
0.678071
0.569221
0.564808
0.569480
0.658510
0.551958
0.551138
0.662209
0.573393
0.575655
0.664820
0.547527
0.552782
0.668751
0.586249
0.566531
0.660897
0.556742
0.551548
0.664913
0.567164
0.563644
0.544897
0.654731
0.562997
0.563926
0.570908
0.690541
0.555784
0.558288
0.564171
0.685937
0.564830
0.565809
0.554943
0.664450
0.553417
0.556274
0.563640
0.670457
0.546302
0.551953
0.659615
0.582792
0.566018
0.698123
0.571278
0.548435
0.550921
0.664774
0.555026
0.563861
0.681766
0.579951
0.549368
0.694878
0.561153
0.568887
0.547150
0.659050
0.568965
0.553224
0.588583
0.674500
0.545421
0.550090
0.550996
0.668956
0.577485
0.562439
0.542972
0.652228
0.559175
0.573921
0.563919
0.676482
0.580154
0.548267
0.549228
0.661845
0.572244
0.573330
0.553810
0.670046
0.560354
0.563204
0.574725
0.702027
0.566422
0.566198
0.565759
0.681728
0.571423
0.577149
0.672545
0.581450
0.553453
0.554078
0.668435
0.567572
0.549750
0.549192
0.669404
0.583032
0.562065
0.569962
0.664551
0.557122
0.560120
0.556991
0.671868
0.584848
0.550784
0.550247
0.552001
0.666392
0.565677
0.563898
0.550492
0.571847
0.670182
0.598778
0.576997
0.569365
0.671673
0.553064
0.555220
0.557357
0.679181
0.570608
0.554778
0.551801
0.665484
0.562744
0.582980
0.567094
0.666343
0.550132
0.553366
0.658811
0.564085
0.581174
0.565572
0.660878
0.567364
0.556454
0.564031
0.679499
0.550245
0.561488
0.553594
0.675331
0.571212
0.583617
0.669986
0.558264
0.560651
0.565266
0.673171
0.586565
0.552250
0.549952
0.666830
0.562899
0.564940
0.568567
0.658689
0.552668
0.554718
0.556003
0.670071
0.564896
0.546501
0.548822
0.658455
0.553269
0.554603
0.564592
0.659157
0.547816
0.549806
0.553242
0.671926
0.561888
0.543464
0.545480
0.665021
0.553120
0.559058
0.561404
0.653245
0.548118
0.550241
0.661755
0.560105
0.560994
0.651690
0.549020
0.553499
0.569406
0.670648
0.566734
0.553613
0.616379
0.698391
0.573408
0.571365
0.680240
0.567539
0.551447
0.555428
0.673691
0.564200
0.564741
0.545802
0.662153
0.551965
0.570785
0.561625
0.671221
0.554081
0.549345
0.549867
0.662586
0.555835
0.590646
0.546780
0.655394
0.548632
0.550954
0.565075
0.676587
0.544692
0.548701
0.550537
0.662530
0.561052
0.565995
0.542633
0.663922
0.550385
0.557718
0.688202
0.574732
0.548540
0.551126
0.668474
0.556831
0.585519
0.563684
0.682400
0.549305
0.552752
0.660512
0.559104
0.564048
0.544387
0.686158
0.551687
0.578654
0.561768
0.667045
0.544024
0.547389
0.549936
0.659285
0.559820
0.561719
0.543593
0.657728
0.548989
0.550773
0.558025
0.706109
0.546025
0.547287
0.653848
0.552949
0.555196
0.563612
0.661777
0.548576
0.569855
0.551813
0.672257
0.562330
0.544962
0.657103
0.588106
0.580855
0.559346
0.673847
0.548018
0.546964
0.548773
0.710545
0.570291
0.572640
0.663087
0.560171
0.561138
0.574703
0.718975
0.569545
0.567017
0.553087
0.671179
0.563067
0.565996
0.576556
0.689015
0.557164
0.555372
0.555595
0.680599
0.571143
0.549517
0.554499
0.666262
0.558653
0.565848
0.568763
0.660940
0.553587
0.557443
0.557624
0.678526
0.571884
0.554947
0.549262
0.658546
0.554299
0.564277
0.567453
0.669039
0.551587
0.556379
0.553182
0.676010
0.569254
0.547965
0.549098
0.658638
0.555400
0.564834
0.563739
0.651207
0.547348
0.575717
0.553122
0.675898
0.561539
0.543947
0.545859
0.669794
0.557250
0.555621
0.666991
0.548969
0.548379
0.662061
0.558410
0.561100
0.560986
0.657684
0.548805
0.550528
0.556413
0.693486
0.563934
0.550552
0.552178
0.670257
0.584269
0.560714
0.675421
0.552456
0.550431
0.555270
0.663311
0.563901
0.565706
0.547145
0.693363
0.551612
0.556548
0.560691
0.679978
0.565059
0.557691
0.671942
0.563518
0.559837
0.587001
0.666760
0.548928
0.553730
0.664626
0.559919
0.566014
0.544602
0.656880
0.550803
0.553106
0.562732
0.667879
0.545537
0.591526
0.566841
0.669298
0.559474
0.565357
0.551644
0.670709
0.557222
0.557185
0.562524
0.686647
0.552497
0.553428
0.582686
0.664899
0.562872
0.567806
0.547209
0.690958
0.554283
0.554165
0.560011
0.669126
0.553695
0.548458
0.549481
0.665295
0.572401
0.590943
0.570796
0.667126
0.547982
0.582604
0.560093
0.675657
0.544106
0.553056
0.549143
0.551462
0.699878
0.562441
0.544672
0.547707
0.662071
0.551339
0.556609
0.615043
0.688146
0.550599
0.553017
0.575073
0.668274
0.563286
0.546374
0.547115
0.667493
0.556384
0.596503
0.587378
0.686967
0.573586
0.583257
0.690353
0.604989
0.586571
0.558613
0.705663
0.563270
0.566759
0.573103
0.722330
0.559183
0.569671
0.604332
0.694878
0.578939
0.585932
0.577797
0.700976
0.584631
0.585979
0.584882
0.712673
0.573891
0.577954
0.572225
0.695398
0.589347
0.592647
0.567903
0.688839
0.604572
0.578283
0.578787
0.725078
0.567787
0.574115
0.581926
0.685789
0.581146
0.581361
0.555772
0.678077
0.576452
0.611548
0.575573
0.698619
0.565448
0.597696
0.715929
0.568993
0.575953
0.630842
0.703590
0.588889
0.595771
0.582791
0.726399
0.593534
0.575788
0.579070
0.702959
0.578212
0.587420
0.710405
0.575415
0.576521
0.577709
0.701665
0.585621
0.585690
0.572803
0.685077
0.607353
0.584185
0.585621
0.704937
0.575149
0.579696
0.574147
0.708834
0.583483
0.589560
0.684074
0.569761
0.571272
0.571951
0.702017
0.581805
0.566219
0.695684
0.573431
0.575558
0.584516
0.738350
0.582521
0.567904
0.689256
0.578123
0.582106
0.589919
0.685782
0.571650
0.601433
0.574853
0.694170
0.587825
0.567563
0.571856
0.685588
0.568858
0.575891
0.580663
0.678480
0.623942
0.565897
0.599426
0.739851
0.581518
0.566334
0.564071
0.686223
0.572878
0.584122
0.580255
0.677154
0.569552
0.569808
0.607136
0.682798
0.613453
0.559914
0.674993
0.601706
0.568009
0.574907
0.694439
0.559687
0.598920
0.567795
0.687180
0.582392
0.609874
0.560666
0.697972
0.564806
0.568266
0.627594
0.690092
0.563702
0.560786
0.569477
0.690818
0.582277
0.591904
0.562498
0.691165
0.580446
0.608117
0.609309
0.776101
0.593615
0.580556
0.578713
0.717834
0.586514
0.591727
0.567168
0.698719
0.583368
0.583189
0.574513
0.704087
0.562246
0.567386
0.573198
0.697552
0.588450
0.591249
0.685345
0.578932
0.581642
0.582526
0.713662
0.593038
0.574437
0.563909
0.709224
0.569758
0.579844
0.575103
0.675297
0.579341
0.563533
0.590837
0.710207
0.580708
0.560108
0.564445
0.739494
0.568066
0.572453
0.596779
0.671199
0.562090
0.584824
0.562470
0.732602
0.578084
0.559622
0.585275
0.678829
0.579725
0.589481
0.584640
0.694904
0.572605
0.577780
0.574856
0.694681
0.606103
0.572456
0.596987
0.693805
0.598599
0.587450
0.584884
0.693685
0.575616
0.580597
0.577073
0.737582
0.589760
0.572258
0.602252
0.692648
0.576252
0.585824
0.616607
0.718621
0.576076
0.581780
0.727250
0.593889
0.617127
0.581988
0.728288
0.580295
0.584271
0.615073
0.741783
0.595980
0.590217
0.726670
0.595939
0.595824
0.600831
0.717032
0.601915
0.591211
0.581570
0.731196
0.601261
0.576354
0.581472
0.708884
0.582108
0.590831
0.587674
0.694991
0.572868
0.576624
0.580028
0.731655
0.605266
0.580293
0.577154
0.711953
0.583933
0.584666
0.720387
0.566350
0.565346
0.617570
0.754387
0.586455
0.620923
0.596331
0.686525
0.581492
0.585043
0.591474
0.716882
0.576637
0.576376
0.701144
0.583438
0.584018
0.697261
0.581893
0.575800
0.582589
0.704670
0.589373
0.593120
0.587750
0.713571
0.570507
0.569176
0.576627
0.695140
0.558799
0.573112
0.561391
0.683454
0.585131
0.589509
0.568545
0.692942
0.589452
0.579187
0.723411
0.592013
0.571368
0.692372
0.577522
0.607664
0.638360
0.715478
0.574170
0.579577
0.577262
0.702054
0.591601
0.576790
0.580408
0.679701
0.577247
0.571909
0.713317
0.600942
0.596717
0.729448
0.598905
0.601334
0.604432
0.731694
0.579556
0.583099
0.717911
0.594571
0.605941
0.606329
0.720974
0.585526
0.589979
0.728396
0.600941
0.602133
0.576950
0.725120
0.587132
0.590345
0.596573
0.727471
0.576917
0.579479
0.581638
0.708881
0.591133
0.595772
0.567866
0.704084
0.584861
0.580401
0.705920
0.597032
0.574701
0.696880
0.580317
0.584895
0.708940
0.593572
0.576895
0.691719
0.588918
0.586937
0.588010
0.714289
0.574314
0.570849
0.691268
0.582164
0.610581
0.592047
0.703693
0.573998
0.604859
0.584710
0.702497
0.601741
0.570070
0.575039
0.710185
0.578289
0.611604
0.597334
0.688817
0.576871
0.578962
0.694021
0.592463
0.587257
0.687830
0.572693
0.574723
0.692255
0.587427
0.590131
0.680648
0.573725
0.573855
0.572537
0.698036
0.590655
0.571275
0.678056
0.572000
0.568124
0.602539
0.698566
0.560200
0.589845
0.571144
0.692000
0.606507
0.605627
0.570826
0.688711
0.567068
0.595331
0.685185
0.576227
0.561510
0.585826
0.675950
0.567250
0.572287
0.605158
0.672966
0.560827
0.561999
0.565667
0.688736
0.573996
0.557648
0.697684
0.561422
0.564775
0.691514
0.590668
0.602506
0.683800
0.574859
0.577683
0.585411
0.706052
0.570899
0.573594
0.575393
0.698779
0.590483
0.600071
0.572500
0.688889
0.577948
0.618999
0.580046
0.739748
0.612866
0.573588
0.695494
0.638562
0.623160
0.589904
0.690417
0.575656
0.579890
0.595360
0.718414
0.592517
0.577481
0.578065
0.694758
0.578322
0.592919
0.610203
0.686031
0.572656
0.574900
0.573860
0.703197
0.590258
0.569609
0.569521
0.696403
0.578011
0.601656
0.585221
0.691010
0.574895
0.575109
0.573770
0.701835
0.587886
0.577368
0.570498
0.719021
0.584203
0.586247
0.585496
0.695987
0.576711
0.576864
0.574700
0.726830
0.594376
0.573741
0.572996
0.700344
0.577585
0.588463
0.588055
0.706225
0.578106
0.577193
0.576768
0.727934
0.594173
0.578726
0.571162
0.689006
0.577763
0.580100
0.587611
0.689552
0.577759
0.586164
0.570131
0.690247
0.580593
0.567987
0.681771
0.561579
0.592868
0.686905
0.605457
0.568302
0.701964
0.573276
0.590657
0.691174
0.583903
0.563219
0.552778
0.668419
0.563834
0.559122
0.567861
0.659987
0.556074
0.585947
0.666371
0.585746
0.595778
0.676291
0.567084
0.570750
0.590399
0.686486
0.573418
0.571042
0.666143
0.563976
0.559897
0.682085
0.572518
0.576762
0.670487
0.554673
0.556669
0.564618
0.672941
0.571802
0.548083
0.554800
0.691087
0.560755
0.565028
0.577158
0.661530
0.551370
0.556753
0.559121
0.693944
0.546036
0.546895
0.550810
0.671392
0.563139
0.564757
0.555589
0.667509
0.556114
0.565067
0.692143
0.577548
0.556501
0.574981
0.693418
0.562637
0.569917
0.572533
0.661488
0.566955
0.559740
0.562580
0.667516
0.567091
0.547815
0.545275
0.660235
0.553190
0.556000
0.670950
0.546587
0.548849
0.551729
0.684539
0.584662
0.572198
0.550243
0.660012
0.551914
0.551357
0.560667
0.669760
0.547169
0.547744
0.548528
0.660250
0.557045
0.562136
0.542918
0.654646
0.548879
0.566932
0.559523
0.562425
0.686876
0.550480
0.550181
0.552029
0.694544
0.562558
0.544749
0.549611
0.664384
0.554038
0.561458
0.565114
0.671954
0.550016
0.552999
0.584753
0.732436
0.566632
0.549604
0.661824
0.576323
0.558250
0.680874
0.584990
0.550267
0.672787
0.590967
0.595409
0.568438
0.687044
0.554057
0.555945
0.666214
0.561646
0.566024
0.687633
0.552337
0.553287
0.582438
0.686843
0.595309
0.569089
0.555121
0.675679
0.556138
0.560229
0.565385
0.683279
0.548834
0.555543
0.552813
0.665914
0.567581
0.573045
0.547453
0.682571
0.550699
0.581517
0.559036
0.669205
0.544712
0.579967
0.558512
0.662443
0.556945
0.564159
0.543825
0.660268
0.549951
0.553095
0.678417
0.563565
0.544398
0.651599
0.575399
0.551628
0.582192
0.678569
0.572916
0.548658
0.550147
0.661165
0.560446
0.566960
0.552851
0.671435
0.559076
0.561281
0.564257
0.686073
0.553439
0.550396
0.551282
0.666054
0.568499
0.569906
0.547741
0.666860
0.562899
0.556865
0.566523
0.679767
0.552491
0.549079
0.550595
0.711179
0.576304
0.584107
0.671057
0.563972
0.566467
0.683945
0.578798
0.698889
0.571343
0.724513
0.574873
0.581873
0.592321
0.710670
0.575413
0.572628
0.576517
0.693921
0.590528
0.585341
0.681018
0.577116
0.590932
0.578921
0.708853
0.588440
0.571320
0.571194
0.683361
0.579445
0.585776
0.585000
0.672150
0.566534
0.569711
0.569041
0.716856
0.591932
0.573391
0.676084
0.572938
0.573230
0.600679
0.740706
0.572437
0.572073
0.688816
0.576722
0.584169
0.596064
0.688093
0.575676
0.575718
0.685021
0.584115
0.587658
0.566363
0.677532
0.569375
0.570383
0.696441
0.591759
0.585920
0.686245
0.572665
0.575109
0.709290
0.584705
0.569406
0.569814
0.686587
0.575933
0.592880
0.622403
0.688760
0.608871
0.574957
0.684825
0.581168
0.585278
0.565097
0.673487
0.618124
0.571609
0.576781
0.693618
0.587220
0.569705
0.705432
0.569273
0.576822
0.578777
0.670106
0.575494
0.566366
0.568901
0.702169
0.579530
0.561005
0.562146
0.675784
0.568017
0.573056
0.568509
0.689925
0.554934
0.557005
0.556044
0.719166
0.578466
0.563161
0.612743
0.677519
0.569321
0.622263
0.698419
0.603914
0.575527
0.609377
0.692979
0.619057
0.585496
0.567474
0.682491
0.574618
0.576153
0.586640
0.720104
0.565088
0.568628
0.629163
0.690199
0.585288
0.583926
0.676286
0.590472
0.570049
0.691863
0.578127
0.584618
0.678654
0.570976
0.589970
0.627572
0.696592
0.593008
0.570942
0.684289
0.602887
0.569134
0.595720
0.691157
0.562186
0.563944
0.566070
0.679554
0.578060
0.581296
0.590022
0.672668
0.563868
0.567486
0.571476
0.695151
0.558835
0.568817
0.564329
0.677314
0.575738
0.578443
0.554528
0.683107
0.608846
0.571726
0.595617
0.724827
0.562090
0.591427
0.605941
0.705270
0.566373
0.585065
0.556981
0.680779
0.565121
0.596712
0.569763
0.693639
0.557626
0.560792
0.561934
0.669633
0.561177
0.563984
0.545073
0.660301
0.551700
0.554261
0.557357
0.682834
0.568928
0.548090
0.550269
0.668247
0.664764
0.578583
0.659808
0.553995
0.587071
0.699972
0.563854
0.589005
0.550548
0.669247
0.555415
0.584661
0.567717
0.681444
0.548832
0.548946
0.550638
0.662350
0.558989
0.563448
0.545973
0.657927
0.549990
0.552164
0.558904
0.671116
0.571891
0.549366
0.548695
0.667685
0.558563
0.590564
0.542301
0.660503
0.548968
0.551909
0.558510
0.676249
0.570657
0.548978
0.580504
0.672170
0.561005
0.565403
0.544983
0.655367
0.562758
0.553216
0.559898
0.676162
0.545689
0.551915
0.549882
0.669049
0.568243
0.566064
0.577086
0.688120
0.550144
0.553365
0.556660
0.680255
0.548626
0.547632
0.549038
0.660287
0.558895
0.565149
0.651851
0.546675
0.552238
0.555448
0.690980
0.562640
0.542771
0.660006
0.549722
0.583364
0.667062
0.565772
0.542296
0.545807
0.660355
0.572264
0.559040
0.562288
0.656432
0.548153
0.550213
0.572232
0.666729
0.561824
0.542442
0.546616
0.660532
0.556833
0.559770
0.561468
0.653370
0.546082
0.549363
0.558101
0.685003
0.569928
0.574908
0.567207
0.664472
0.556143
0.565893
0.566845
0.548145
0.665802
0.557158
0.567945
0.592107
0.680046
0.548957
0.574201
0.559996
0.689229
0.603554
0.570946
0.563622
0.704045
0.561880
0.596555
0.565100
0.690026
0.557005
0.561091
0.558801
0.679439
0.565848
0.573915
0.674351
0.586334
0.555406
0.577633
0.669791
0.567895
0.548906
0.553535
0.669216
0.562284
0.565871
0.567176
0.545118
0.665209
0.553346
0.580231
0.588141
0.564957
0.659857
0.547206
0.550300
0.553483
0.687472
0.563595
0.574855
0.554984
0.668237
0.556761
0.559832
0.563852
0.692279
0.548134
0.559238
0.558086
0.683116
0.573585
0.544448
0.546470
0.662872
0.553118
0.585991
0.560022
0.542831
0.656077
0.550063
0.551482
0.554302
0.561127
0.660626
0.547244
0.549576
0.566393
0.670752
0.561865
0.543021
0.654752
0.555359
0.555834
0.562374
0.677908
0.550101
0.552053
0.662893
0.558195
0.569477
0.600416
0.675462
0.554287
0.554190
0.558342
0.699012
0.565792
0.547855
0.656853
0.555050
0.555941
0.566327
0.674723
0.546223
0.548998
0.749370
0.557915
0.571984
0.578873
0.662510
0.555101
0.583371
0.560653
0.712514
0.570425
0.559421
0.661986
0.560005
0.559284
0.568844
0.678471
0.551633
0.554805
0.554239
0.670421
0.564958
0.597313
0.545354
0.670135
0.550396
0.556353
0.560972
0.673033
0.545283
0.548672
0.658135
0.553498
0.555365
0.562268
0.652147
0.546925
0.553228
0.666693
0.567068
0.565202
0.547596
0.658930
0.553677
0.558591
0.561590
0.676345
0.545889
0.548908
0.553908
0.666863
0.561568
0.561472
0.542727
0.661927
0.550816
0.551866
0.668669
0.562202
0.544594
0.546383
0.655578
0.553094
0.560270
0.563796
0.652591
0.578608
0.550595
0.552175
0.676712
0.563137
0.544221
0.655702
0.549686
0.552065
0.560881
0.670093
0.544106
0.547065
0.548519
0.662169
0.561004
0.561858
0.653834
0.546563
0.552495
0.683110
0.559828
0.592420
0.544944
0.654229
0.575988
0.556154
0.561500
0.666537
0.544512
0.556534
0.555740
0.665733
0.564051
0.565681
0.573998
0.657966
0.553369
0.556125
0.558827
0.683626
0.548551
0.550491
0.552503
0.707664
0.602537
0.605107
0.578438
0.706805
0.578997
0.579279
0.583248
0.705842
0.561720
0.587049
0.562589
0.673990
0.601461
0.580138
0.558001
0.669726
0.561884
0.590754
0.595780
0.694455
0.585096
0.558447
0.579124
0.696841
0.570480
0.600200
0.665861
0.557731
0.561791
0.563248
0.674276
0.569981
0.552118
0.581972
0.673740
0.560130
0.562187
0.567777
0.659104
0.573000
0.556219
0.583942
0.708447
0.573082
0.554150
0.553991
0.663354
0.561520
0.569516
0.567315
0.668244
0.550936
0.578427
0.554471
0.675020
0.564233
0.546309
0.652836
0.550180
0.552701
0.560367
0.673408
0.544311
0.563729
0.550393
0.685223
0.558855
0.563192
0.676148
0.548088
0.548156
0.559713
0.703419
0.565916
0.545272
0.659835
0.551729
0.562367
0.564394
0.679699
0.574984
0.579534
0.559210
0.674664
0.567720
0.571813
0.548898
0.661186
0.553020
0.556680
0.560596
0.674952
0.549097
0.580733
0.552097
0.696436
0.572722
0.569535
0.666179
0.583267
0.555203
0.555217
0.677949
0.567650
0.569201
0.553498
0.664943
0.557028
0.563469
0.567855
0.660966
0.549173
0.551898
0.553906
0.669269
0.562512
0.544469
0.658363
0.568741
0.553803
0.562409
0.670785
0.543510
0.545880
0.584925
0.667678
0.556235
0.563220
0.543365
0.654983
0.549269
0.552262
0.559658
0.697128
0.546965
0.551575
0.665661
0.557052
0.558499
0.563604
0.654576
0.548758
0.553070
0.553533
0.681189
0.563482
0.544294
0.548397
0.662134
0.552824
0.555074
0.561262
0.650633
0.545866
0.549525
0.553797
0.702299
0.561666
0.544632
0.557395
0.658425
0.552969
0.558373
0.677835
0.544004
0.549551
0.654056
0.552947
0.556568
0.565232
0.661084
0.548259
0.549084
0.550968
0.670754
0.561610
0.544227
0.652901
0.569277
0.552944
0.558416
0.670414
0.543294
0.546092
0.548975
0.661478
0.557751
0.562996
0.546615
0.657969
0.550386
0.552198
0.561876
0.680881
0.547929
0.549405
0.663508
0.556838
0.589206
0.684074
0.578407
0.577911
0.665492
0.578596
0.593443
0.586420
0.746234
0.566486
0.567868
0.569155
0.690609
0.577418
0.560063
0.568577
0.698746
0.594332
0.582554
0.575534
0.665799
0.558854
0.588632
0.588714
0.677859
0.568584
0.554404
0.552999
0.676045
0.575390
0.591099
0.568331
0.669418
0.558268
0.560827
0.697819
0.567290
0.569916
0.552654
0.667997
0.551491
0.557929
0.562332
0.681930
0.546686
0.549339
0.552375
0.670640
0.563545
0.566004
0.545087
0.659750
0.551976
0.555270
0.559291
0.676917
0.547395
0.549260
0.549318
0.667272
0.559413
0.567212
0.542087
0.686778
0.548932
0.553496
0.665026
0.561714
0.543016
0.561386
0.657083
0.551963
0.571935
0.561372
0.651687
0.545749
0.547775
0.550791
0.668193
0.570707
0.547520
0.552005
0.662755
0.557306
0.583945
0.581741
0.662173
0.549035
0.552609
0.659907
0.594315
0.568821
0.547158
0.662015
0.552498
0.554399
0.693046
0.567257
0.545726
0.558361
0.666610
0.584668
0.585702
0.568581
0.688328
0.552640
0.553764
0.564943
0.558033
0.674369
0.549140
0.565381
0.687062
0.558412
0.578025
0.565858
0.660147
0.552807
0.558574
0.675403
0.571823
0.570751
0.553957
0.672299
0.583033
0.567512
0.567964
0.677438
0.554913
0.555567
0.663780
0.560192
0.566819
0.569035
0.685181
0.576295
0.550517
0.553676
0.712331
0.571249
0.552663
0.552627
0.663472
0.558931
0.560190
0.566294
0.682644
0.551544
0.553891
0.585177
0.666438
0.563415
0.544062
0.547484
0.676134
0.552574
0.563085
0.561182
0.649625
0.547034
0.549017
0.552406
0.672027
0.562607
0.543973
0.545507
0.662364
0.557178
0.559900
0.586881
0.650232
0.551006
0.551034
0.574456
0.666419
0.571792
0.543282
0.545934
0.660843
0.551911
0.559014
0.666385
0.543899
0.547117
0.578795
0.665164
0.560908
0.562636
0.542327
0.657609
0.549245
0.551173
0.560836
0.669212
0.567107
0.545290
0.561375
0.665112
0.555004
0.562282
0.543373
0.658250
0.554916
0.555781
0.559222
0.679578
0.547250
0.562538
0.550154
0.674417
0.582446
0.567415
0.657701
0.549907
0.552316
0.560812
0.686920
0.571871
0.554199
0.583699
0.674452
0.585789
0.569587
0.571105
0.686619
0.555528
0.560489
0.557779
0.563503
0.687938
0.551494
0.555122
0.555301
0.559550
0.670387
0.565469
0.547875
0.549818
0.664203
0.556635
0.563805
0.676659
0.549555
0.553110
0.553011
0.664204
0.568663
0.569067
0.549898
0.547982
0.664103
0.579428
0.561383
0.562843
0.659626
0.553575
0.583946
0.556207
0.684565
0.573150
0.548240
0.555657
0.682402
0.562241
0.564876
0.572976
0.661995
0.555445
0.557973
0.555316
0.673275
0.565020
0.546941
0.546579
0.664185
0.579992
0.557649
0.562043
0.678867
0.548159
0.550314
0.550162
0.666917
0.563630
0.546330
0.546561
0.662735
0.552882
0.566381
0.562091
0.650232
0.547628
0.549438
0.551123
0.685591
0.562187
0.578381
0.676651
0.552569
0.556095
0.590780
0.694466
0.545820
0.548419
0.553494
0.668695
0.581449
0.566231
0.656501
0.552311
0.553399
0.557845
0.668217
0.563146
0.545768
0.549892
0.676994
0.561753
0.572740
0.568385
0.661294
0.555564
0.552701
0.556033
0.559255
0.707778
0.548210
0.549810
0.552783
0.700038
0.578017
0.563905
0.545201
0.657352
0.550874
0.556836
0.553888
0.704640
0.545361
0.555585
0.549250
0.668996
0.586239
0.563830
0.543675
0.656170
0.549274
0.579046
0.691024
0.562804
0.553608
0.667036
0.582127
0.556563
0.667945
0.599646
0.549059
0.551217
0.665388
0.558565
0.563952
0.680397
0.549266
0.552296
0.659777
0.551232
0.558045
0.562281
0.662499
0.556749
0.549593
0.553822
0.667382
0.566832
0.544292
0.550144
0.689695
0.558338
0.562441
0.563990
0.658592
0.548374
0.582228
0.662298
0.561527
0.589937
0.547106
0.665124
0.553514
0.555067
0.595250
0.674404
0.546318
0.547470
0.549845
0.662541
0.554742
0.564382
0.549296
0.546806
0.660105
0.553803
0.554200
0.562389
0.656638
0.549021
0.549948
0.552634
0.671588
0.571766
0.572921
0.548598
0.668277
0.563703
0.566558
0.565129
0.662893
0.549889
0.552641
0.556502
0.673091
0.593874
0.545429
0.660073
0.551374
0.564395
0.603503
0.744128
0.560727
0.558576
0.560931
0.679840
0.569354
0.573943
0.554040
0.668849
0.562538
0.564211
0.591997
0.736885
0.556775
0.559234
0.554277
0.695638
0.571412
0.568189
0.547246
0.662399
0.565789
0.561051
0.564316
0.680934
0.552561
0.552760
0.554094
0.678098
0.556470
0.565438
0.544243
0.674064
0.580987
0.565963
0.585749
0.678986
0.548973
0.566146
0.551976
0.669206
0.577995
0.565134
0.546000
0.693854
0.551718
0.555880
0.559126
0.685780
0.544362
0.548099
0.549255
0.668072
0.554579
0.561695
0.544023
0.658350
0.549518
0.552238
0.559731
0.673484
0.544488
0.552497
0.548954
0.666380
0.558641
0.562863
0.543864
0.658198
0.549422
0.552322
0.556671
0.675396
0.544024
0.546054
0.664565
0.572334
0.563100
0.565241
0.660480
0.549618
0.551622
0.554838
0.698665
0.597272
0.546004
0.552454
0.667794
0.556178
0.567707
0.564264
0.657263
0.551839
0.552413
0.570445
0.680698
0.623568
0.552441
0.667817
0.556645
0.561792
0.563448
0.685441
0.551728
0.557948
0.557228
0.674030
0.566860
0.569716
0.551562
0.719678
0.554346
0.555756
0.561096
0.674103
0.553669
0.551049
0.550231
0.667918
0.562734
0.571272
0.570721
0.653873
0.552182
0.566473
0.558231
0.699993
0.543960
0.547079
0.551239
0.670092
0.556778
0.588565
0.543778
0.671080
0.555726
0.563232
0.563123
0.566035
0.658999
0.552501
0.553348
0.690711
0.560789
0.563638
0.546238
0.658376
0.550618
0.553312
0.555290
0.679197
0.554067
0.552471
0.552504
0.553631
0.674076
0.565533
0.550349
0.545749
0.658244
0.552643
0.559667
0.563355
0.656800
0.547777
0.549546
0.658387
0.558611
0.564235
0.655674
0.546373
0.550789
0.552165
0.667940
0.562503
0.545859
0.658402
0.551968
0.551937
0.560214
0.678302
0.551494
0.547083
0.549718
0.659858
0.559975
0.562444
0.547352
0.653840
0.548303
0.551680
0.559566
0.671615
0.544320
0.550469
0.658360
0.555766
0.559465
0.564307
0.653947
0.548396
0.578139
0.554502
0.675122
0.565992
0.547388
0.547343
0.658428
0.552897
0.604476
0.565945
0.681342
0.569488
0.567194
0.670051
0.596224
0.604053
0.565206
0.554722
0.671859
0.565547
0.577780
0.575968
0.697854
0.557787
0.559623
0.553225
0.695416
0.570231
0.558642
0.552596
0.668406
0.557552
0.593753
0.669775
0.559134
0.554027
0.556143
0.662168
0.565876
0.600596
0.548290
0.662561
0.554764
0.556367
0.560189
0.672906
0.546529
0.549668
0.658879
0.555693
0.564733
0.567129
0.660319
0.549640
0.552628
0.581068
0.681302
0.572636
0.556712
0.558760
0.691405
0.562665
0.568156
0.597324
0.551196
0.666842
0.555934
0.573460
0.566843
0.567300
0.665149
0.551031
0.554975
0.558932
0.671015
0.586861
0.546177
0.690566
0.554214
0.556167
0.562043
0.681139
0.549148
0.555171
0.551292
0.668039
0.563360
0.562854
0.545983
0.687347
0.575919
0.555717
0.573756
0.724388
0.551487
0.559529
0.556518
0.659380
0.561152
0.566444
0.556849
0.659706
0.553593
0.590615
0.562802
0.680001
0.547545
0.551041
0.592372
0.673152
0.570830
0.569438
0.556601
0.668280
0.586173
0.560080
0.568966
0.682791
0.550475
0.563480
0.553243
0.668216
0.564838
0.565755
0.596890
0.668305
0.554444
0.555519
0.559910
0.677369
0.546758
0.550109
0.550270
0.658658
0.583500
0.564169
0.544432
0.659291
0.551228
0.562873
0.560227
0.669279
0.546930
0.546567
0.553240
0.668221
0.560481
0.567597
0.544650
0.664909
0.560309
0.555084
0.560229
0.677337
0.548306
0.550671
0.551838
0.665432
0.561687
0.584462
0.545842
0.666389
0.551310
0.553305
0.553438
0.670603
0.546443
0.547117
0.548839
0.673550
0.559538
0.562628
0.650917
0.551100
0.548948
0.551740
0.665139
0.560358
0.568512
0.546967
0.655982
0.551080
0.555146
0.672080
0.552546
0.546045
0.549164
0.665056
0.557992
0.560387
0.544371
0.659583
0.550090
0.552660
0.584934
0.673348
0.544265
0.552648
0.658395
0.561719
0.557693
0.562424
0.652354
0.548238
0.549987
0.559042
0.675037
0.573908
0.567878
0.613711
0.687464
0.571438
0.575747
0.688089
0.560157
0.586272
0.687754
0.567024
0.584655
0.693410
0.569070
0.565236
0.690246
0.568521
0.578188
0.577243
0.751238
0.563219
0.561376
0.567803
0.674043
0.572317
0.552907
0.558785
0.666634
0.563755
0.595402
0.594043
0.699691
0.554768
0.557040
0.553628
0.675778
0.602980
0.551349
0.550467
0.663854
0.556823
0.563851
0.585128
0.662430
0.552537
0.553252
0.552530
0.671317
0.561990
0.552587
0.547331
0.658295
0.553399
0.563605
0.688018
0.569581
0.547916
0.551926
0.659835
0.556656
0.562668
0.550211
0.654380
0.549790
0.553268
0.674246
0.564303
0.546657
0.551250
0.665819
0.552883
0.563544
0.562386
0.651686
0.547664
0.548959
0.553130
0.665829
0.562366
0.571745
0.546424
0.663441
0.566690
0.557765
0.561039
0.657571
0.554307
0.549765
0.550499
0.690924
0.563507
0.553604
0.546336
0.673861
0.552783
0.556244
0.569477
0.654437
0.573153
0.550883
0.551983
0.665499
0.567739
0.549033
0.550718
0.662460
0.555436
0.563422
0.571272
0.654598
0.553962
0.553608
0.557104
0.672070
0.568300
0.572602
0.580049
0.678528
0.563352
0.576831
0.567658
0.659157
0.561095
0.557936
0.555301
0.683325
0.567877
0.549367
0.551025
0.664431
0.558074
0.562503
0.601817
0.658550
0.549750
0.553890
0.551585
0.690617
0.564563
0.545534
0.546110
0.671145
0.553967
0.561952
0.561521
0.658185
0.548865
0.550503
0.551133
0.670011
0.564974
0.547268
0.575426
0.661412
0.576776
0.578168
0.564189
0.659984
0.552993
0.552318
0.658234
0.571928
0.563742
0.551227
0.658778
0.551811
0.578145
0.558969
0.680647
0.568209
0.556387
0.666678
0.552501
0.559417
0.562958
0.651890
0.545987
0.550711
0.552638
0.663779
0.562458
0.543446
0.546667
0.664379
0.552806
0.576837
0.560959
0.658912
0.544215
0.548632
0.551034
0.663690
0.561647
0.544666
0.545079
0.661577
0.578964
0.567829
0.561836
0.652619
0.546968
0.549112
0.552662
0.665294
0.561532
0.541899
0.547552
0.658170
0.581759
0.560290
0.564214
0.665877
0.546567
0.550452
0.550951
0.669745
0.606382
0.561634
0.559576
0.676524
0.556810
0.561286
0.563519
0.655543
0.548900
0.555145
0.578361
0.724382
0.564098
0.546340
0.547665
0.697495
0.592500
0.565030
0.679003
0.558817
0.556135
0.671320
0.571844
0.573603
0.680843
0.558015
0.558115
0.559047
0.671736
0.569667
0.574162
0.554157
0.669060
0.612529
0.589433
0.680306
0.584048
0.549853
0.552069
0.668863
0.557258
0.561436
0.566808
0.661734
0.551338
0.556615
0.560171
0.673785
0.590753
0.545730
0.547236
0.654385
0.558101
0.573295
0.572304
0.652770
0.561086
0.552135
0.554173
0.700973
0.577628
0.548670
0.547247
0.671651
0.558382
0.563557
0.563563
0.657143
0.552759
0.550262
0.554221
0.678848
0.589835
0.560219
0.546522
0.662966
0.552159
0.570832
0.573310
0.656740
0.547031
0.549055
0.580327
0.671277
0.561324
0.543181
0.544932
0.664499
0.552250
0.556361
0.560180
0.653802
0.547484
0.548743
0.551191
0.666228
0.563465
0.542756
0.545898
0.679710
0.568721
0.559859
0.679835
0.546921
0.552941
0.676982
0.574869
0.576506
0.713005
0.570445
0.571511
0.685920
0.576528
0.613261
0.571958
0.658787
0.553766
0.563635
0.560452
0.673367
0.593505
0.568056
0.550831
0.686399
0.554897
0.567489
0.569068
0.660941
0.549680
0.554138
0.551316
0.665975
0.564680
0.544386
0.548930
0.678533
0.553606
0.584805
0.562091
0.654727
0.546624
0.583922
0.550430
0.674191
0.583340
0.555497
0.553614
0.670788
0.562571
0.568282
0.567478
0.709411
0.553864
0.555820
0.556212
0.671967
0.598480
0.573257
0.674147
0.552768
0.581791
0.680586
0.562822
0.545716
0.662092
0.550571
0.555214
0.672613
0.563436
0.544994
0.547822
0.658621
0.553662
0.562111
0.566839
0.655978
0.546050
0.564584
0.663531
0.559356
0.561375
0.652678
0.546705
0.548676
0.669827
0.559153
0.561745
0.542720
0.657394
0.550574
0.554349
0.673526
0.599294
0.577162
0.552259
0.667991
0.560614
0.552672
0.676757
0.544098
0.565107
0.675291
0.568558
0.606823
0.688645
0.560097
0.563953
0.559304
0.684956
0.567958
0.566571
0.547628
0.668264
0.558154
0.570992
0.568716
0.678926
0.550613
0.554376
0.693991
0.560020
0.567193
0.569435
0.665639
0.564930
0.557502
0.679955
0.563900
0.579835
0.668815
0.559848
0.557749
0.680671
0.580313
0.578433
0.554746
0.668553
0.587463
0.576527
0.700429
0.571297
0.550969
0.676797
0.556750
0.559729
0.695437
0.567349
0.578362
0.550635
0.662703
0.565527
0.560472
0.565172
0.666432
0.553449
0.559206
0.572557
0.674353
0.568447
0.545038
0.553024
0.681626
0.553842
0.561561
0.586862
0.658552
0.550022
0.549517
0.551584
0.676417
0.564953
0.544432
0.562267
0.666648
0.550851
0.581284
0.676107
0.560304
0.546382
0.658180
0.555743
0.572081
0.575061
0.649830
0.551959
0.561057
0.589579
0.689669
0.571800
0.553412
0.550584
0.682938
0.577962
0.560026
0.561914
0.656079
0.548242
0.554218
0.549637
0.690471
0.580837
0.563494
0.661354
0.557869
0.559258
0.675760
0.637269
0.558607
0.576936
0.690544
0.602291
0.575638
0.579156
0.675344
0.574617
0.557747
0.597794
0.683676
0.569868
0.553059
0.691324
0.563804
0.585024
0.673182
0.567209
0.553261
0.689052
0.554181
0.569713
0.690773
0.570077
0.550905
0.546913
0.665070
0.553852
0.556935
0.673801
0.543252
0.546468
0.549787
0.661266
0.559439
0.563109
0.544723
0.655895
0.549707
0.569842
0.593575
0.686607
0.547504
0.578659
0.553208
0.666119
0.556521
0.575798
0.560901
0.665737
0.553585
0.556803
0.560871
0.688375
0.544666
0.548179
0.553122
0.673550
0.578356
0.563754
0.649095
0.547692
0.552752
0.667477
0.582915
0.566638
0.655356
0.547754
0.577538
0.664570
0.559449
0.561958
0.542655
0.667443
0.552162
0.556002
0.662831
0.572415
0.543985
0.650867
0.554368
0.566914
0.559697
0.679606
0.547402
0.546200
0.551753
0.671241
0.560963
0.562680
0.542565
0.655399
0.567979
0.554382
0.554688
0.672725
0.554729
0.556926
0.558950
0.675993
0.575148
0.565224
0.546844
0.673247
0.580280
0.557661
0.568309
0.673701
0.550063
0.555558
0.553025
0.666355
0.561820
0.574620
0.554386
0.709555
0.561069
0.561424
0.595151
0.681406
0.556450
0.559236
0.674697
0.561964
0.570574
0.573256
0.665901
0.568788
0.561371
0.566801
0.677638
0.570553
0.550942
0.576368
0.663936
0.560276
0.570289
0.692706
0.557365
0.555122
0.582947
0.668297
0.568316
0.568616
0.550149
0.684154
0.554398
0.566223
0.674725
0.568948
0.664061
0.554289
0.561465
0.663928
0.564174
0.571248
0.550568
0.688597
0.554903
0.558399
0.563695
0.673588
0.549500
0.551728
0.660795
0.555035
0.592426
0.562994
0.659321
0.546502
0.553206
0.659139
0.558149
0.561628
0.549805
0.661080
0.549234
0.553286
0.558383
0.665272
0.545844
0.546185
0.550911
0.661974
0.559124
0.561351
0.542847
0.656695
0.548967
0.551343
0.664325
0.560284
0.543042
0.571669
0.656318
0.555619
0.568152
0.585774
0.661774
0.582614
0.553994
0.567632
0.687190
0.608107
0.559450
0.566822
0.732073
0.566278
0.569942
0.690305
0.556066
0.555200
0.554574
0.675771
0.565041
0.592320
0.547644
0.661347
0.555519
0.563437
0.591188
0.670608
0.563787
0.555529
0.555461
0.665221
0.576466
0.581196
0.559598
0.677765
0.566150
0.563300
0.562352
0.675958
0.578919
0.566392
0.567035
0.678501
0.575954
0.590124
0.563144
0.698359
0.590792
0.570576
0.577195
0.692848
0.554778
0.560027
0.574473
0.689331
0.561102
0.587742
0.564488
0.720960
0.570391
0.572010
0.576628
0.678403
0.554729
0.555257
0.555763
0.671448
0.565342
0.570534
0.570780
0.706553
0.573533
0.608872
0.576561
0.697014
0.597278
0.558537
0.558965
0.705768
0.569683
0.571597
0.549788
0.663798
0.567319
0.580397
0.557948
0.710534
0.547652
0.571771
0.683432
0.572061
0.578393
0.585248
0.703239
0.569311
0.568996
0.572090
0.704367
0.587926
0.568162
0.570929
0.692485
0.581651
0.584417
0.583159
0.682510
0.573680
0.576150
0.709039
0.587777
0.588724
0.680970
0.570699
0.596506
0.566719
0.681954
0.570841
0.574657
0.573024
0.706149
0.581489
0.583990
0.589215
0.682133
0.571323
0.575013
0.576625
0.698049
0.586758
0.570196
0.720769
0.575859
0.614783
0.582342
0.730364
0.570081
0.570172
0.576018
0.677161
0.573830
0.574433
0.554012
0.674364
0.565890
0.573970
0.684199
0.591972
0.557897
0.556656
0.676002
0.567739
0.562573
0.685662
0.545884
0.579931
0.659032
0.560502
0.572709
0.698553
0.547932
0.548166
0.664176
0.558101
0.576782
0.564486
0.655735
0.552874
0.581368
0.554395
0.559278
0.689930
0.545695
0.550113
0.552543
0.552867
0.670579
0.597515
0.546988
0.660451
0.554634
0.552370
0.565136
0.679877
0.550007
0.553314
0.550497
0.669114
0.558258
0.566864
0.552052
0.654142
0.561531
0.564892
0.673140
0.566510
0.550247
0.655993
0.550691
0.553317
0.674492
0.562455
0.543904
0.549895
0.660124
0.565623
0.555171
0.674512
0.545721
0.570602
0.572770
0.684185
0.571003
0.608796
0.556077
0.671684
0.563501
0.564834
0.678274
0.575056
0.556246
0.576329
0.677267
0.567178
0.576113
0.566502
0.664226
0.555070
0.556076
0.558686
0.676639
0.593429
0.564127
0.573491
0.686776
0.554995
0.567198
0.563335
0.679831
0.584127
0.589855
0.552286
0.663853
0.567173
0.544144
0.661049
0.550459
0.552420
0.559974
0.671083
0.547303
0.555092
0.662872
0.560872
0.588359
0.566898
0.660041
0.550892
0.595243
0.589506
0.699093
0.565908
0.550109
0.655754
0.552829
0.559211
0.671053
0.587531
0.570717
0.653202
0.550975
0.553010
0.672112
0.564601
0.543897
0.651013
0.551286
0.551144
0.667756
0.563793
0.544517
0.547339
0.657673
0.551862
0.558910
0.672211
0.543141
0.546945
0.555808
0.661319
0.560579
0.564945
0.654166
0.546582
0.567426
0.676604
0.568886
0.569511
0.555399
0.666680
0.556881
0.561839
0.567544
0.683854
0.569573
0.563668
0.563313
0.674394
0.571609
0.575472
0.553784
0.663030
0.552922
0.554045
0.555066
0.670154
0.557458
0.556129
0.590064
0.669071
0.564832
0.567667
0.547739
0.664079
0.556940
0.598825
0.565540
0.680560
0.554123
0.566976
0.665155
0.559673
0.563181
0.680844
0.574547
0.551169
0.557906
0.666793
0.570378
0.626860
0.672967
0.557073
0.556292
0.558408
0.678828
0.568495
0.556147
0.553253
0.663934
0.562309
0.569625
0.568129
0.661374
0.553777
0.557631
0.557042
0.683488
0.565618
0.546948
0.568244
0.661702
0.557679
0.575231
0.562950
0.654394
0.561789
0.552300
0.585729
0.678105
0.567225
0.549679
0.548145
0.669535
0.564535
0.562956
0.563633
0.658645
0.551647
0.554499
0.554684
0.670728
0.564431
0.553126
0.661664
0.549532
0.554316
0.561827
0.672742
0.573514
0.546402
0.550008
0.666693
0.555727
0.578237
0.543932
0.665900
0.549194
0.552266
0.556083
0.673089
0.543528
0.553092
0.669452
0.554557
0.562026
0.564517
0.653580
0.548909
0.550856
0.663320
0.560220
0.563864
0.545296
0.659783
0.551474
0.555563
0.560916
0.671098
0.543837
0.546025
0.722730
0.577325
0.564019
0.573513
0.786847
0.571841
0.564439
0.563287
