timestamp,angular_velocity.x,angular_velocity.y,angular_velocity.z,linear_acceleration.x,linear_acceleration.y,linear_acceleration.z
1785982569.9327943,0.0006895116530358791,-0.0005398718058131635,-0.0001883752411231398,0.11758929491043091,-0.12046894431114077,9.792115211486816
1785982569.9485688,0.0011292989365756512,-0.00026439310749992777,-0.004056203179061413,0.0985545665025711,-0.12368865311145662,9.823342323303223
1785982569.9694064,0.0003727097064256668,0.0012820898555219167,-0.004703469108790159,0.10201109945774078,-0.09187234938144563,9.81496524810791
1785982569.990618,0.0017010783776640892,0.001780495047569275,-7.266225293278716e-05,0.09909431636333466,-0.12351091206073642,9.792516708374023
1785982570.0091622,0.0015261564403772354,0.000411754532251507,-0.0006203013472259045,0.1038893610239029,-0.1270827353000629,9.80578899383545
1785982570.031675,0.0007435553707182407,-0.0008118070545606317,-0.0020890086889266968,0.1111142486333847,-0.14309757947921634,9.785576820373535
1785982570.0507264,-0.00281622726470232,0.001059033442288637,-0.0020558550022542477,0.1357678323984146,-0.1158384233713138,9.817523002624512
1785982570.0685842,-0.0034544593654572964,0.0009456914267502722,-0.0029790177941322327,0.10184527933597565,-0.06787383556365847,9.794718742370605
1785982570.089733,0.0008506444282829762,0.004172947723418474,-0.0008465794962830847,0.09051699936389923,-0.09248775988817094,9.838166236877441
1785982570.1095083,-0.0025651054456830025,-0.00021962187020108085,0.0015556736616417766,0.11009030044078827,-0.13608792424201846,9.818771362304688
1785982570.13042,0.002266367431730032,-0.002830365207046271,-0.003981371410191059,0.12331502139568329,-0.0840160921215999,9.826637268066406
1785982570.1494658,0.0018027680926024914,0.0014331855345517395,-0.00105397729203105,0.10242299735546112,-0.10602781921625017,9.823593139648438
1785982570.169207,-0.0008572123479098082,0.0012478008866310115,-0.0030737346969544888,0.10437585413455963,-0.0945930853486049,9.815275192260742
1785982570.190513,-0.00013116607442498207,0.0011018302757292988,0.001537132426165044,0.11711688339710236,-0.08418775349855302,9.808138847351074
1785982570.2086546,0.0023480476811528206,-0.0009260996594093742,-0.0014017033390700815,0.1411498636007309,-0.10074883699416994,9.80441951751709
1785982570.2314792,0.00022530928254127502,0.0013251821510493755,-0.0002799513167701663,0.1460115760564804,-0.10959885269403337,9.810917854309082
1785982570.2494383,-0.001244603656232357,0.0007924867677502333,-0.0004827808006666602,0.10067005455493927,-0.10107194632291673,9.837626457214355
1785982570.2684112,-0.002790616825222969,-0.0006764518911950293,-0.0024784663692116737,0.11008809506893158,-0.1208183392882335,9.808222770690918
1785982570.2918339,-0.0008332591969519854,0.0003264677361585198,-0.0014318992616608739,0.10901303589344025,-0.08710858970880388,9.804961204528809
1785982570.3104868,-0.002090614754706621,-0.001239897683262825,-0.0007909800042398273,0.10830022394657135,-0.11597663909196734,9.759422302246094
1785982570.3313413,0.000916358083486557,-0.000637490476947278,-0.00181616994086653,0.0972975492477417,-0.12307904660701632,9.788723945617676
1785982570.3496501,0.002095575910061598,0.0030986093915998936,0.00096553994808346,0.09505033493041992,-0.11834727227687716,9.793638229370117
1785982570.3707643,-0.0020259052980691195,0.0034148436971008778,-0.00012414675438776653,0.12463264167308807,-0.11979258805513261,9.842665672302246
1785982570.388586,-0.0014144291635602713,0.001276512397453189,0.0005957897519692778,0.08891703188419342,-0.1294921487569797,9.823822021484375
1785982570.4094727,-0.0038174502551555634,-4.996213829144861e-05,-0.002091999165713787,0.13204093277454376,-0.09351571649312854,9.796734809875488
1785982570.4310873,0.0006737476214766502,-0.0002935546799562874,-0.002000821754336357,0.10470204055309296,-0.11126533150672792,9.82406997680664
1785982570.4484966,0.005225807894021273,-0.001813760027289391,-0.0032288711518049236,0.10595713555812836,-0.1178169772028911,9.807107925415039
1785982570.469481,-0.0017943952698260546,0.0003738059313036502,0.0005906127626076341,0.09053488075733185,-0.12583424150943637,9.772993087768555
1785982570.490514,0.0028602429665625095,-0.0004947007982991637,-0.0008352594450116156,0.1322367638349533,-0.09830434620380281,9.842615127563477
1785982570.5085917,-0.004394890274852514,0.00020841188961639976,-0.0020877239294350147,0.12804745137691498,-0.09590457379817843,9.790745735168457
1785982570.5312078,0.0008249427191913128,-0.0017818906344473366,-0.0033271075226366516,0.10003404319286346,-0.15785744786262393,9.802437782287598
1785982570.5496776,-0.0014310211408883333,0.002053971868008375,-0.0011676494032144549,0.11511854827404022,-0.09446972608566165,9.769576072692871
1785982570.5687006,0.00039571570232510567,0.0004712804802693425,-0.0013506151735782623,0.1463613063097,-0.13470405340194583,9.811959266662598
1785982570.5904865,0.0012080790475010872,0.00039416627259924997,-0.001061564194969833,0.10541693866252899,-0.11315914988517642,9.792928695678711
1785982570.6095765,0.0013794731348752975,-0.000868317612912506,-0.0011420083465054631,0.11277849972248077,-0.12892025709152102,9.815409660339355
1785982570.6310437,6.183283403515816e-05,-0.00037499604513868717,-0.0022147782146930695,0.11044736206531525,-0.10865409672260164,9.813394546508789
1785982570.6496036,0.003102866467088461,0.0014787188265472648,-0.0020309598185122013,0.12876789271831512,-0.10325706750154375,9.815910339355469
1785982570.6691823,-0.0033156084828078747,0.0025020241737365723,-0.0016209173481911423,0.1170525997877121,-0.11386140435933946,9.80958366394043
1785982570.6907291,-0.0017267016228288412,-0.0010010993573814635,-0.0028246184810996056,0.11583100259304047,-0.09860023111104844,9.825068473815918
1785982570.7095144,0.00034251390025019646,-0.0017155250534415247,-0.002056350465863943,0.11152498424053192,-0.08153532445430635,9.810165405273438
1785982570.7307696,-0.0006598492618650198,0.0026248109061270952,-0.0005178200663067404,0.10990779101848602,-0.0957309827208507,9.76634407043457
1785982570.7486813,0.0011998782865703106,0.002014690078794956,-0.0011058610398322346,0.13522805273532867,-0.1289493739604938,9.826680183410645
1785982570.7704291,-0.002785895951092243,-0.0013626459985971453,-0.0018362873233854768,0.1327657550573349,-0.08580259978771089,9.817436218261719
1785982570.7886708,0.0008884109556674957,0.00077242188854143,-0.0021176105365157127,0.14133189618587494,-0.1188977211713779,9.774962425231934
1785982570.808573,0.0022113830782473087,0.0011283671483397482,-0.0015209371922537687,0.10775338113307953,-0.10865586251020311,9.824532508850098
1785982570.8317444,0.0019656792283058167,0.0038437694311141968,-0.0016457960009574894,0.1226591020822525,-0.11521004140376925,9.767143249511719
1785982570.848903,-0.0005626631900668144,0.0022423902992159124,-0.0037367553450167183,0.10987038910388947,-0.0851331427693355,9.815415382385254
1785982570.8708227,-0.00201363954693079,0.002354351570829749,-0.0015101750614121558,0.11580942571163177,-0.10374615341424821,9.824239730834961
1785982570.8897905,-0.003229754976928234,-0.00026897893985733417,-0.002134737093001604,0.10486836731433868,-0.10946219414472459,9.815267562866211
1785982570.9096653,-0.0021241740323603153,0.0002477099769748746,-0.0007596731302328408,0.08943894505500793,-0.07059272378682971,9.801183700561523
1785982570.931817,-0.0003404589369893074,-0.0010751283261924984,-0.0012571812840178607,0.13245908915996552,-0.12071576714515565,9.808902740478516
1785982570.9494615,0.0005829883739352226,0.0014365853276103735,0.00015075411647558196,0.10650311410427094,-0.08800770342349885,9.815545082092285
1785982570.9685104,-0.0007967851124703884,-0.000717537826858461,-0.0008297134772874414,0.11981137096881866,-0.08531802892684817,9.789155960083008
1785982570.9895504,0.0008165673352777958,-0.00029472692403942385,-0.003263911698013544,0.1187945157289505,-0.13168486952781558,9.819562911987305
1785982571.0084932,-0.002103622769936919,-0.001483425730839372,-0.0015219716588035224,0.1122628003358841,-0.14514641463756442,9.823058128356934
1785982571.0302603,-7.804343476891518e-05,-0.0006332773482427004,-0.0026529058814048767,0.10420297086238861,-0.09072319418191789,9.814082145690918
1785982571.048517,-0.0014822743833065033,0.0004325589397922156,-0.001840323442593217,0.1415519267320633,-0.12932755053043246,9.840121269226074
1785982571.0694368,-0.0064259604550898075,0.00274928449653089,-0.0032119131647050385,0.12071622908115387,-0.10239072144031405,9.787691116333008
1785982571.090546,0.0009611309505999088,-7.624027784913781e-05,-0.00022477563470602036,0.14675624668598175,-0.12196989357471345,9.802412986755371
1785982571.1104627,0.0007337369024753571,-0.0017650213558226826,-0.002604534849524498,0.10818241536617279,-0.1282723993062961,9.821084022521973
1785982571.1311572,-0.0012841252610087395,0.0016999798826873298,-0.003957891371101141,0.1275276392698288,-0.0911741629242885,9.820283889770508
1785982571.1494317,-0.0020951968617737293,0.0016433051787316797,-0.0018755426863208415,0.11025784909725189,-0.1155019998550403,9.804925918579102
1785982571.1683943,-0.0009209434501826763,0.0007412076229229566,-0.002496824599802494,0.11334080994129181,-0.10114655643701434,9.786970138549805
1785982571.1893678,-0.0006646341644227505,-0.0001382896443828939,0.0010028831893578172,0.11100904643535614,-0.11352364718913911,9.810657501220703
1785982571.252,-2.7756206691265106e-05,0.002540706656873226,0.00014204031322151393,0.13988159596920013,-0.07801610976457476,9.795486450195312
1785982571.2667773,-1.7624814063310623e-05,-0.001370813930407167,-0.0030330964364111423,0.12326903641223907,-0.10719174146652101,9.819069862365723
1785982571.2862947,-0.005066090263426304,0.004869652912020683,-0.0014065394643694169,0.09844394028186798,-0.11029746383428453,9.826833724975586
1785982571.306742,8.430518209934235e-05,0.0012138548772782085,-0.0025231074541807175,0.12215639650821686,-0.13684625923633456,9.81350326538086
1785982571.3278496,0.0010951156727969646,0.001089149736799299,-0.005427312571555376,0.12623970210552216,-0.04178649187087891,9.90052318572998
1785982571.349626,0.00012343190610408783,-0.001462652115151287,-0.007070114370435476,-0.016805842518806458,-0.13996121287345764,9.908196449279785
1785982571.3657043,-0.008030712604522705,0.0006382019491866243,0.00981274712830782,0.4062907099723816,-0.09626992046832919,9.713068962097168
1785982571.387616,0.0015615131705999374,0.00010630965698510247,-0.013205932453274727,0.43622487783432007,-0.013518899679182756,9.833931922912598
1785982571.4079866,0.0001345979981124401,-0.0033845684956759253,-0.030762212350964546,0.2272673100233078,-0.13982230424880862,9.784675598144531
1785982571.425969,-0.011405464261770248,0.002407532650977377,0.03128320723772049,0.2261475771665573,-0.0008303225040423857,9.744783401489258
1785982571.4513152,0.0019620279781520367,-0.004191634245216849,-0.02387695200741291,0.06844383478164673,-0.170488193631171,9.788819313049316
1785982571.467284,0.007177362684160471,-0.004292037338018418,-0.006560116074979304,0.07559163868427277,-0.05138789862394212,9.843683242797852
1785982571.4890873,-3.9177946746349335e-05,-0.00021215307060628907,0.018192172050476074,0.20631371438503265,-0.1140206679701793,9.841349601745605
1785982571.5054398,0.0039070225320756435,-0.0036830275785177963,-0.01482308842241764,0.16449670493602753,-0.11334866285323977,9.796142578125
1785982571.5256588,-0.0008257047738879919,-0.001510461559519172,-0.002605368383228779,0.05873633921146393,-0.07881850749254107,9.770237922668457
1785982571.5524535,-0.0042541855946183205,0.0020030615851283078,0.005041156895458698,0.004532545804977417,-0.03378629684448122,9.790311813354492
1785982571.5681949,0.006882032845169306,-0.00039719033520668886,-0.011318374425172806,0.0824103057384491,-0.1192401647567737,9.805168151855469
1785982571.5866218,-0.003668971359729767,0.003906332887709141,0.0030426317825913425,0.06815741956233978,-0.09976620227098346,9.73162841796875
1785982571.608501,-0.0013375268317759037,-0.0011381845688447356,-0.00011099822586402283,0.18940313160419464,-0.06663793325424074,9.852363586425781
1785982571.629038,0.0025183199904859066,-0.00326768052764237,-0.007487033028155565,0.210893914103508,-0.05465514212846636,9.82801628112793
1785982571.6513789,-0.0030372082255780697,-0.002116329269483685,0.003484703600406647,0.06305697560310364,-0.07111514359712481,9.710050582885742
1785982571.6654575,0.0038667037151753902,0.0007270702626556159,0.0007434285944327711,-0.006327807903289795,-0.03539006412029148,9.716010093688965
1785982571.6865847,-0.0036555142141878605,0.0034154553432017556,-0.005318883806467056,-0.06143905222415924,-0.08179628849029422,9.749517440795898
1785982571.7054322,0.0015315776690840721,0.0033314798492938284,0.0026792623102664943,0.3467346429824829,-0.06239686906337616,9.950160026550293
1785982571.728479,0.002956399228423834,-0.005386411212384701,-0.002689027227461337,0.014696583151817322,-0.056269034743307834,9.663667678833008
1785982571.7514534,0.0005332613363862038,0.004153259564191103,-0.0013090738793835048,-0.059098802506923676,-0.07908499240875126,9.68646240234375
1785982571.7664754,-0.0016980036161839962,0.005325136706233025,0.0005460497923195356,-0.08366380631923676,-0.08873984217643618,9.731549263000488
1785982571.787805,-0.0030892500653862953,-0.0018660009372979405,-0.0018164566718041895,0.29723840951919556,-0.07201594114303468,9.882987022399902
1785982571.8064096,-0.002190492581576109,-0.004355225712060928,-0.0015191551065072413,0.24781785905361176,-0.06572422385215639,9.818554878234863
1785982571.8259037,-0.00031009921804070473,-0.0034126045648008585,-0.00034996017348021225,0.22930394113063812,-0.038651883602141134,9.800251007080078
1785982571.849741,0.004833912942558527,0.0012998982565477486,-0.0030516767874360085,-0.001751720905303955,-0.11319477856159091,9.797117233276367
1785982571.8675501,-0.004286174196749926,0.003759826300665736,0.0001560376258566971,0.03408345580101013,-0.07952825725078463,9.70486068725586
1785982571.8866417,-0.003687615040689707,0.0037081544287502766,-0.0015485147014260296,0.18713463842868805,-0.07854823768138765,9.915497779846191
1785982571.908269,-0.0008393395692110062,-0.0008616143604740504,-0.002410651184618473,0.23952166736125946,-0.07259195297956346,9.871155738830566
1785982571.9278328,0.0029730494134128094,0.0007766494527459144,-0.000810168858151883,0.013139843940734863,-0.10625551640987276,9.859984397888184
1785982571.9498072,-0.0025985317770391703,0.0037416967097669836,-0.0022970139980316166,0.036361128091812134,-0.08019576221704364,9.781049728393555
1785982571.9660103,-0.001904096221551299,0.0031543888617306943,-0.0021469844505190854,0.11021973192691803,-0.13834786415099978,9.776178359985352
1785982571.9863355,-0.001613063970580697,-0.0008527745376341045,0.00016064458759501587,0.19265645742416382,-0.11822603642940399,9.959919929504395
1785982572.0073497,0.0038619674742221832,-0.005157435312867165,-0.0027610976248979564,0.20010456442832947,-0.09217145293950914,9.804933547973633
1785982572.0275714,-0.002470750594511628,0.0027080094441771507,0.0003319660900160667,0.06859132647514343,-0.059787258505820035,9.740816116333008
1785982572.0499315,0.0006752172484993935,0.0009122203919105232,-0.00031831942033022653,0.017978832125663757,-0.05151998251676441,9.669189453125
1785982572.0658317,-0.0029784194193780422,0.0023934904020279646,-0.000984573503956199,0.01758769154548645,-0.10210011899471164,9.741329193115234
1785982572.0874324,-0.0008078943938016891,-0.004364057444036007,-0.003457885235548019,0.20908483862876892,-0.10476499050855516,9.886741638183594
1785982572.1060014,0.0012534181587398052,-0.0024049067869782448,0.00010443595238029987,0.19721928238868713,0.029489398002625702,9.7290678024292
1785982572.126404,-0.0014889107551425695,-0.0006992173730395734,-0.00017039256636053316,0.1078471839427948,-0.07725776731967807,9.74749755859375
1785982572.1491566,-0.004331419710069895,0.0029069632291793823,0.00042852305341511927,0.08359794318675995,-0.05068472027778506,9.753643989562988
1785982572.1662312,0.004132794216275215,0.0002697909367270768,0.00033472827635705466,0.19883692264556885,-0.11608025431632875,9.863968849182129
1785982572.1879625,0.0012605693191289902,-0.0026912493631243706,-0.001516449148766696,0.1968880295753479,-0.10429844260215639,9.81314754486084
1785982572.2060254,0.0026087211444973946,-0.005803626496344805,0.00026014423929154943,0.2860223054885864,-0.04560872912406801,9.800811767578125
1785982572.2260327,-0.00228606048040092,0.0018064666073769329,-0.0010569017613306644,-0.08218645304441452,-0.0963640809059131,9.805063247680664
1785982572.2514267,0.00040658609941601753,0.003858191892504692,-0.0002073081559501593,0.32036092877388,-0.04342100024223207,9.885379791259766
1785982572.2665656,0.0026888311840593815,-9.718880755826843e-05,-0.001024864730425179,0.2926781177520752,-0.016649082303045966,9.9139404296875
1785982572.287917,0.0015302770771086216,-0.005481448490172625,-0.0014334362931549543,-0.07460149377584457,-0.10759535431861758,9.72587776184082
1785982572.3065407,0.002309087198227644,-0.0023123840801417828,0.00036662491038441685,-0.10920380055904388,-0.04876436293125035,9.59596061706543
1785982572.327806,0.000926037784665823,0.0016460916958749294,-0.00013254425721243043,0.01988336443901062,-0.14452236890792727,9.740880012512207
1785982572.3503585,0.00441118236631155,-0.004973826929926872,-0.001299953670240938,0.23008990287780762,-0.1037524864077556,9.915177345275879
1785982572.365965,0.006488025188446045,-0.005529356654733419,0.0019354454707354314,0.06756208837032318,0.06862883269786953,9.599593162536621
1785982572.3885164,-0.0029751406982541084,-0.003423783462494612,-0.004520519636571407,0.34329724311828613,0.07189944386482358,9.800073623657227
1785982572.4064345,0.004910796880722046,-0.006266093347221613,0.0033102640882134446,0.14729052782058716,-0.12532484531402466,9.925028800964355
1785982572.4258296,0.005304710939526558,-0.0011802532244473698,-0.0017893465701490638,-0.02459394931793213,-0.07438074797391774,9.671483993530273
1785982572.4512956,-0.0003381846472620964,0.0013836764264851809,-0.00026560889091342704,0.09197555482387543,0.01003411412239193,9.655800819396973
1785982572.4667404,-0.004622273612767458,-0.0018276977352797992,-0.004649496637284756,0.31841447949409485,-0.20036061108112213,9.936043739318848
1785982572.4865732,0.0004883818328380585,0.0008367456612177189,-0.0033760296646505594,-0.0313640832901001,-0.22758322954177734,9.971198081970215
1785982572.5076408,0.00936987902969122,-0.0015459740534424782,0.00022227829322218914,0.0858798623085022,0.27156293392181513,9.640565872192383
1785982572.52791,0.004950658418238163,-0.0031402381137013435,0.0008325469680130486,0.10954144597053528,0.1960950195789349,9.701690673828125
1785982572.550422,-0.0033882614225149155,-9.770569158718017e-05,-0.0022530921269208193,0.019422605633735657,-0.2678214609622943,9.969701766967773
1785982572.5659785,-0.004552172962576151,0.0029306649230420585,-0.00297554093413055,0.17076441645622253,0.053796336054803134,9.745896339416504
1785982572.5859628,-0.0019133794121444225,0.004333703778684139,-0.0006583092035725718,-0.019045069813728333,-0.24617731571197388,9.883316993713379
1785982572.606049,0.001819321420043707,0.0007587686995975672,-0.0011523327557370067,0.17423859238624573,0.06906276941299558,9.795892715454102
1785982572.6265726,0.0006518261507153511,-0.006624039728194475,-0.002744958968833088,-0.010505810379981995,-0.3230001926422107,9.821621894836426
1785982572.6507196,-0.0063029141165316105,-0.007863340899348259,-0.0053962804377079,0.10704940557479858,0.058924168348313564,9.685859680175781
1785982572.6659653,-0.005036855116486549,-0.004576683975756168,-0.003443470690399408,0.11243224143981934,0.1101786494255078,9.850671768188477
1785982572.6873567,0.0009302170947194099,-0.002739139832556248,-0.002104100072756409,0.24621835350990295,-0.12227259576320527,9.80617618560791
1785982572.7058132,0.005641312338411808,-0.0024572145193815227,0.002124129561707378,0.10634779930114746,-0.10366160422563435,9.620162010192871
1785982572.725414,0.004283314570784569,-0.0011803023517131805,0.0005068874452263118,0.22751417756080627,0.2456192076206219,9.545050621032715
1785982572.7503915,-0.005348438862711191,-0.006093102041631937,-0.0005977413966320447,0.1693529188632965,-0.14429652690887332,9.814840316772461
1785982572.7663808,-0.0014625780750066042,-0.0049547767266631135,-0.004498975351452827,0.22513708472251892,0.003218144178391683,9.637293815612793
1785982572.7875655,0.00036679860204458237,-0.00867176428437233,0.000838612555526198,0.20916488766670227,-0.130217522382735,9.723273277282715
1785982572.8075945,-0.002139514312148094,-0.008758964017033577,-0.0011962404241785396,-0.024921268224716187,-0.16055704653262973,9.832925796508789
1785982572.8278067,0.0021787043660879135,-0.008087691850960255,-0.0002459221868775775,0.2816287577152252,-0.011117145419119592,9.773829460144043
1785982572.8512154,0.004340196028351784,-0.007931019179522991,-0.0007626514998264601,0.24044090509414673,0.14770454168319824,9.931913375854492
1785982572.8664057,-0.003926470875740051,-0.005130148492753506,0.0006822433788329369,0.4338074326515198,-0.15939000248908877,9.831085205078125
1785982572.8856091,0.0036335019394755363,-0.01079622469842434,-0.0034635132178664194,0.16486293077468872,0.13485491275787476,9.918778419494629
1785982572.9065442,-0.003965086303651333,-0.009399586357176304,-0.0008785479003563511,0.2059192955493927,0.044798687100411655,9.718928337097168
1785982572.9277527,0.002814960666000843,-0.017135104164481163,-0.000329847796820102,-0.16814815998077393,-0.021311596035956146,9.710189819335938
1785982572.9493294,0.000984666869044304,-0.01814519800245762,-0.0022869794629514196,0.03787665069103241,-0.22077016532420993,9.848017692565918
1785982572.9673545,-0.0015402613207697868,-0.013487073592841625,-0.0023705817293375713,0.18784454464912415,0.06677743792533994,9.764049530029297
1785982572.9853854,-0.001428848598152399,-0.012606614269316196,-0.00325288833118975,0.1929115355014801,-0.002086564898489691,9.91837215423584
1785982573.006473,-0.00017598876729607582,-0.012356739491224289,-0.004074077121913431,0.14428141713142395,-0.13810765743255496,9.808160781860352
1785982573.0254514,0.001593629363924265,-0.01770702749490738,-0.001883898628875611,0.17178106307983398,-0.01844935119151948,9.896390914916992
1785982573.0497146,0.0052025774493813515,-0.03045879676938057,-0.003490653354674574,0.17106372117996216,-0.17554010450839874,9.989534378051758
1785982573.0663621,-0.012790501117706299,-0.03532348945736885,-0.0027303891256451563,0.28935471177101135,-0.044423609971998915,9.840409278869629
1785982573.0877972,-0.013283085078001022,-0.035229768604040146,-0.006396944634616371,0.12032943964004517,-0.19733551144599795,9.837226867675781
1785982573.106354,-0.01891004480421543,-0.03819264471530914,0.00017764099175110928,0.2473694384098053,-0.13293497264385107,9.618898391723633
1785982573.127826,-0.014269387349486351,-0.04369894787669182,-0.007614920847117896,0.18973061442375183,-0.1835135817527759,9.770712852478027
1785982573.1517317,-0.022008512169122696,-0.05101785808801651,-0.0018539307639002737,0.24073320627212524,-0.03858813643455387,9.674901008605957
1785982573.1679888,-0.028845198452472687,-0.05094742029905319,-0.006881703156977886,0.2140185534954071,-0.14527548849582553,9.798327445983887
1785982573.187005,-0.03667071834206581,-0.05497223138809204,0.0016565341502428122,0.170026957988739,0.004496008157731327,9.999205589294434
1785982573.2056,-0.042103882879018784,-0.060334205627441406,0.0007998100481927469,0.07305628061294556,-0.28212058544158813,9.750714302062988
1785982573.2272618,-0.042945507913827896,-0.06280437111854553,-0.004980486351996652,0.20366764068603516,-0.06358272582292439,9.655234336853027
1785982573.2492852,-0.044802289456129074,-0.08165856450796127,-0.0019087421242147584,0.4854930341243744,0.041136890649796726,9.742416381835938
1785982573.26737,-0.06178437918424606,-0.09035715460777283,-0.0013638713862746843,0.14013779163360596,-0.23697358369827148,10.02341079711914
1785982573.285332,-0.07032833993434906,-0.10627152025699615,-0.0020728432573377956,0.23816043138504028,-0.24406662583351016,9.765451431274414
1785982573.3069644,-0.09454187750816345,-0.13757723569869995,-0.011420316994190199,0.33381059765815735,0.40250387787819025,9.492417335510254
1785982573.3264225,-0.09783070534467697,-0.15991389751434326,-0.004249787889420966,0.03408394753932953,0.092166602611543,10.246889114379883
1785982573.3515337,-0.09059097617864609,-0.18618501722812653,-0.016152950003743147,0.4115683138370514,0.22349178791046267,10.181567192077637
1785982573.3663077,-0.09366880357265472,-0.20783869922161102,-0.003618528135120843,0.4281556308269501,0.044123843312264766,10.447174072265625
1785982573.3878791,-0.08801019191741943,-0.2269536256790161,-0.008317511528730365,0.6591540575027466,-0.624151825904845,9.950254440307617
1785982573.4064333,-0.09716136753559113,-0.2405259609222412,-0.0059802029281854335,0.7505815029144287,-0.6867135763168323,10.106229782104492
1785982573.4263825,-0.06981420516967773,-0.18085993826389313,-0.02039145492017267,-0.20606526732444763,-0.6050451993942249,9.896469116210938
1785982573.466437,0.00929522980004549,0.030932493507862088,-0.022014649584889415,-0.258737176656723,-0.14570981264114247,10.893547058105469
1785982573.4854605,0.024763137102127075,0.038007233291864395,-0.012538255192339426,-0.031007476150989532,0.3745159804821028,11.002963066101074
1785982573.5065453,0.039065513759851456,-0.002872420242056251,-0.0038984995335340496,0.25760865211486816,-0.335178732872008,10.62907600402832
1785982573.5285206,0.04327504336833954,-0.039902463555336,0.02140779979526997,-0.20127354562282562,0.3506987392902388,11.330537796020508
1785982573.5510905,0.0192037895321846,-0.11132034659385681,0.013476596213877215,0.11066442728042603,0.45906403660774364,10.73342227935791
1785982573.5674212,-0.0017719082534313202,-0.14583046734333038,0.011589447036385554,0.25796887278556824,-0.6301031112670886,10.134310722351074
1785982573.5855389,0.019787631928920746,-0.0871402770280838,0.011886520311236392,0.31583109498023987,-0.5146747827529894,10.74889087677002
1785982573.607373,0.059954214841127396,-0.05611327663064003,0.0187218226492405,-0.045500338077545166,-0.6287703514099109,9.93515396118164
1785982573.627631,0.06310471147298813,-0.02643769048154354,0.010461810976266864,-0.045500338077545166,-0.6287703514099109,9.93515396118164
1785982573.6504781,0.055026814341545105,-0.01034776121377945,0.006323155481368304,-0.045500338077545166,-0.6287703514099109,9.93515396118164
1785982573.665426,0.045335013419389725,0.02654924616217613,-0.015497675165534023,0.06737193465232849,-0.61432909965515,10.491897583007812
1785982573.6874294,0.0131987938657403,0.07833267748355865,0.0034874035045504475,-0.4367459714412689,-0.711012244224547,10.60177230834961
1785982573.7053907,0.008869760669767857,0.14441820979118347,-0.022789992392063158,-1.2404201030731201,0.9325242042541517,10.741701126098633
1785982573.750869,-0.05370926111936569,0.29702621698379517,-0.029682343825697934,-0.21172235906124115,0.12179762125015378,9.708244323730469
1785982573.7666242,-0.10300838947296143,0.34762856364250183,-0.03994186967611317,-0.5179694890975952,-0.39757078886031977,10.622145652770996
1785982573.7855153,-0.03153395280241966,0.43858009576797485,-0.036499314010143336,-0.6218470335006714,0.36973133683204784,10.984781265258789
1785982573.8078501,0.07661757618188858,0.46845078468322754,-0.04578653723001486,-0.6471577882766724,0.6003686189651503,10.754415512084961
1785982573.8255923,0.08944133669137955,0.5194404721260071,-0.02922579087316996,0.04971468448638916,-0.09852755814790597,10.496033668518066
1785982573.8874474,0.12779106199741364,0.5148695111274719,-0.0315233543515206,0.6314519643783569,0.34870889782905706,10.554014205932617
1785982573.9073384,0.13540203869342804,0.35503873229026794,-0.013531075790524526,0.6314519643783569,0.34870889782905706,10.554014205932617
1785982573.9263318,0.0968923345208168,0.20331114530563354,-0.02955187484622004,0.9549623727798462,0.42872533202171453,10.567218780517578
1785982573.9509225,0.06697782874107361,0.12267275154590607,-0.02349120564758779,0.9549623727798462,0.42872533202171453,10.567218780517578
1785982573.9662843,0.015004546381533146,0.10707396268844604,-0.031219206750392928,-0.06151067465543747,0.2733007669448865,9.992514610290527
1785982574.0064523,-0.005177143029868603,0.1059248149394989,-0.03390860557556154,-1.1803789138793945,0.19705648720264562,10.499201774597168
1785982574.051115,-0.02739591896533966,0.18025541305541992,-0.03294372931122782,-0.30180418491363525,-0.2933018207550036,10.540390014648438
1785982574.0876048,0.02356903627514839,0.2516336143016815,-0.028439514338970216,-0.30180418491363525,-0.2933018207550036,10.540390014648438
1785982574.1263921,0.10711080580949783,0.2790129780769348,-0.019800014793872868,-0.5258045196533203,-0.7650609612464891,10.590825080871582
1785982574.1501846,0.14468443393707275,0.3147670030593872,-0.006554931402206459,-0.5258045196533203,-0.7650609612464891,10.590825080871582
1785982574.1665187,0.167398601770401,0.30403128266334534,-0.010744692757725752,0.6035780906677246,-0.527828752994536,10.699664115905762
1785982574.2253637,0.1875767707824707,0.13325633108615875,-0.004446612205356376,-0.31867432594299316,0.3428766727447522,10.05679988861084
1785982574.2500627,0.1567825973033905,0.0778183862566948,-0.002185769379138956,-0.3090929388999939,0.3179706931114209,9.854814529418945
1785982574.2652318,0.11077259480953217,0.05802684277296066,0.0038373363204300334,-0.3090929388999939,0.3179706931114209,9.854814529418945
1785982574.2865722,0.054579392075538635,-0.00212713424116373,0.0051970588974654675,0.12805069983005524,-0.07345814257860066,9.653496742248535
1785982574.3266258,-0.0077806273475289345,-0.05288885161280632,0.008526535704731948,-1.8096684217453003,0.5037788748741162,9.627485275268555
1785982574.3489237,-0.02606697380542755,-0.04338572174310684,0.01658844947814942,-1.8096684217453003,0.5037788748741162,9.627485275268555
1785982574.3674564,-0.016004279255867004,-0.0169068556278944,0.007771638222038748,-0.27705469727516174,0.09928719699382896,9.34450912475586
1785982574.3863726,-0.026528097689151764,0.001100650988519195,0.02634451910853386,-0.27705469727516174,0.09928719699382896,9.34450912475586
1785982574.405452,-0.011494284495711327,0.02880632877349854,0.01689154095947742,-0.18873780965805054,0.06569510698318595,9.25304889678955
1785982574.426957,-0.01568160206079483,0.0293551329523325,0.031002521514892575,-0.07342903316020966,0.08213083446025964,9.419052124023438
1785982574.450216,-0.03315526992082596,0.041707273572683334,0.013780224137008185,-0.4491937756538391,0.10815121233463404,9.565690040588379
1785982574.4872818,-0.03281986713409424,0.02188119851052761,0.0067906077019870255,-0.12879812717437744,0.08848811686039088,9.509835243225098
1785982574.5276744,-0.02204565331339836,-0.028693921864032745,0.005073763430118564,-0.4492555260658264,-0.5523886680603016,9.330790519714355
1785982574.5666127,0.022715095430612564,-0.025811228901147842,-0.0016521306242793766,-0.6196137070655823,-0.2621444165706623,9.586684226989746
1785982574.58563,0.018302176147699356,-0.017967410385608673,0.004867908544838431,-0.8536986708641052,0.1388123482465756,9.65451717376709
1785982574.6080291,0.005212469957768917,0.02113463170826435,-0.0016173403710126903,-0.6676660776138306,-0.34944850206375005,9.614750862121582
1785982574.6277544,-0.04005549103021622,0.004496581852436067,0.012552731670439243,-0.9550914168357849,1.0787050724029552,8.85009765625
1785982574.650205,-0.06148791313171387,0.015458337031304836,0.0003859153948724251,-0.9550914168357849,1.0787050724029552,8.85009765625
1785982574.6652603,-0.058373019099235535,0.00327305658720434,0.024989834055304527,-2.5231740474700928,0.2128102928400051,9.24392318725586
1785982574.7053843,-0.09717673808336258,-0.015313007868826388,0.01635072007775307,-0.3993304371833801,0.20796008408069727,9.627840995788574
1785982574.7527049,-0.10249876230955124,-0.03833701089024544,0.010068651288747793,-2.3376383781433105,-0.4531429409980762,9.302605628967285
1785982574.7858787,-0.11120814830064774,-0.023507267236709595,0.0013569456059485702,-0.4378827214241028,-0.04680933058261751,9.815973281860352
1785982574.807376,-0.08813708275556564,-0.011825950816273688,0.013547902926802637,-0.34250009059906006,0.5514159202575695,9.359992980957031
1785982574.8265293,-0.05851396545767784,-0.021168479695916176,-0.0023876733612269137,-0.876227617263794,0.13074995577335474,9.57965087890625
1785982574.8492107,-0.030949994921684265,-0.04995725303888321,0.0038978480733931125,-0.6282480359077454,0.15247724950313687,9.739825248718262
1785982574.8682442,-0.012628649361431599,-0.039487700909376144,-0.007983730174601073,-0.270913690328598,-0.075570300221442,9.655609130859375
1785982574.9072196,-0.00891430489718914,-0.03180721774697304,0.00697727827355266,-0.270913690328598,-0.075570300221442,9.655609130859375
1785982574.926252,0.00671024527400732,-0.07384281605482101,0.020469123497605334,1.047607660293579,-0.24099344015121338,9.871400833129883
1785982574.949612,0.004043221473693848,-0.07659274339675903,0.012678020633757123,-1.8060072660446167,-0.6998643279075611,9.493639945983887
1785982574.967489,0.017818905413150787,-0.08328371495008469,0.0273631475865841,-0.16307249665260315,0.030616804957391004,9.570549964904785
1785982574.9854705,0.046747639775276184,-0.0660371407866478,0.02699669264256955,-0.22063547372817993,0.36077308654785273,9.38769817352295
1785982575.0075226,0.07195958495140076,-0.03614262118935584,0.033357582986354835,0.23954515159130096,-0.16351230442523831,10.173160552978516
1785982575.027655,0.08343147486448288,-0.04011746495962143,0.023995772004127506,0.32349199056625366,1.47255039215088,9.410682678222656
1785982575.0492938,0.07003835588693619,-0.009145635180175301,0.027582669630646706,-0.26999253034591675,-0.04809914529323457,9.856368064880371
1785982575.0665503,0.060968067497015,0.002947603119537237,0.020359115675091743,-0.6158513426780701,-0.04724116623401522,9.777151107788086
1785982575.0854664,0.06165562942624092,-0.01679044403135776,0.02604577131569386,-0.7315870523452759,0.23567448556423307,9.737013816833496
1785982575.1074216,0.055777549743652344,-0.014198884367942807,0.024764543399214748,-0.7982543706893921,0.21107743680477262,9.825447082519531
1785982575.127564,0.041548147797584534,-0.03520493581891059,0.029054647311568264,-0.7982543706893921,0.21107743680477262,9.825447082519531
1785982575.1501734,0.027731724083423615,0.009951311163604263,0.02382112853229046,-0.7982543706893921,0.21107743680477262,9.825447082519531
1785982575.1872811,0.01945953071117401,-0.020804226398468014,0.02251502685248852,-0.5458887815475464,-0.22457398474216342,9.834901809692383
1785982575.225765,0.015290307812392712,-0.024305010214447975,0.0107793752104044,-0.17814591526985168,0.2526711225509655,9.481806755065918
1785982575.2665083,-0.011758011765778065,-0.033047910779714584,0.00303070456720889,-2.724822998046875,0.3083055019378673,9.025702476501465
1785982575.30558,-0.04156281054019928,-0.01989373378455639,-0.007228875532746312,-0.3737334609031677,-0.08425230532884478,9.692750930786133
1785982575.3489978,-0.07791132479906082,-0.03619185462594032,-0.02113883569836616,-0.7165265083312988,0.3084657192230236,9.618884086608887
1785982575.3654509,-0.07733864337205887,-0.0581342838704586,-0.02759867534041404,-0.48074769973754883,0.4400103688240063,9.657429695129395
1785982575.4065876,-0.04737389087677002,-0.07466401904821396,-0.03486764430999755,-1.0563546419143677,0.08177186548709985,9.399813652038574
1785982575.4276142,-0.03684884309768677,-0.02892468683421612,-0.033780094236135476,0.05295313894748688,0.14582337439060328,9.443769454956055
1785982575.4499664,-0.016714228317141533,-0.046983245760202415,-0.03904268890619277,-0.06700599938631058,0.4567193984985363,9.317179679870605
1785982575.4655278,-0.007390161510556936,-0.053180690854787833,-0.03343983367085456,-0.06700599938631058,0.4567193984985363,9.317179679870605
1785982575.4872694,0.006390783470124006,-0.031206278130412105,-0.038676202297210686,-0.3173397481441498,-1.0400069952011097,9.570914268493652
1785982575.505254,0.02591679058969021,-0.028217690065503124,-0.028351685032248494,-0.6401121020317078,0.8714898824691785,9.641621589660645
1785982575.527525,0.04071502014994621,-0.016436373814940456,-0.029172465205192562,-1.6786702871322632,0.4913638830184949,9.830683708190918
1785982575.5503156,0.07537870109081268,-0.0319531075656414,-0.02551823668181896,-1.6786702871322632,0.4913638830184949,9.830683708190918
1785982575.5655966,0.08529236912727356,-0.03338978439569473,-0.003737061982974406,-0.6798591613769531,0.2310235649347317,9.55175495147705
1785982575.587402,0.059366337954998016,0.021867187693715092,-0.016748214140534404,-1.3187159299850464,-0.1430104672908771,9.749625205993652
1785982575.666345,0.037666693329811096,0.005687863100320099,-0.01085209846496582,-0.6040853261947632,0.17803891003131986,9.758784294128418
1785982575.685361,0.02173214964568615,0.01045133452862501,-0.014723468571901323,-1.1453440189361572,0.12934197485447047,9.600571632385254
1785982575.7063813,0.039271280169487,0.028940755873918533,-0.01088046841323376,-0.2006392925977707,-0.17168015241622808,9.562020301818848
1785982575.7262564,0.0445832684636116,0.03786161541938782,-0.013497037813067441,0.1541370153427124,0.4070339202880871,9.603775024414062
1785982575.767827,0.03693190589547157,0.04717779904603958,-0.027014605700969703,-0.1182265505194664,0.15283539891243095,9.294867515563965
1785982575.8061962,0.006930465344339609,0.022863015532493588,-0.028697516769170765,-0.1182265505194664,0.15283539891243095,9.294867515563965
1785982575.8500717,-0.03480667248368263,-0.029261257499456406,-0.006887351162731644,1.1314067840576172,0.8404061794281017,9.052545547485352
1785982575.865532,-0.04881131276488304,-0.03112754598259926,-0.006874146871268746,-0.7368283867835999,-0.1066006869077671,9.436691284179688
1785982575.9255428,-0.004473039880394936,-0.07606054842472076,0.0009369447943754587,0.31487947702407837,-1.182764172554015,9.426859855651855
1785982575.9663796,0.0359489805996418,-0.04909685626626015,0.004864110611379153,-0.4125448167324066,0.5789183378219616,9.495267868041992
1785982575.9852123,0.042819831520318985,-0.036149948835372925,0.01495543215423823,-0.11822207272052765,-0.36241275072097656,10.05894947052002
1785982576.0063076,0.06086346507072449,-0.008562187664210795,0.0074800699949264535,-1.0059161186218262,0.36877399682998774,9.714030265808105
1785982576.0263524,0.0700472742319107,-0.02172496914863586,0.017710382118821148,-1.0059161186218262,0.36877399682998774,9.714030265808105
1785982576.0502033,0.07030679285526276,-0.023742826655507088,0.013195090927183632,0.5106024742126465,0.5423658490180981,9.599925994873047
1785982576.066341,0.06664227694272995,-0.012524567544460295,0.017635827884078026,0.5106024742126465,0.5423658490180981,9.599925994873047
1785982576.085213,0.06415916234254837,0.0025996814947575357,0.02292710542678833,1.5042006969451904,-0.4455696940422046,9.891220092773438
1785982576.1062376,0.06989378482103348,0.017866078764200214,0.02327189594507217,-0.9400787353515625,0.8766869306564343,9.540014266967773
1785982576.1260197,0.0810026153922081,0.0220948550850153,0.031018160283565518,-0.61196368932724,-0.05653505027294039,9.811586380004883
1785982576.1519713,0.0638539269566536,0.023019015789031986,0.02962081134319305,-0.61196368932724,-0.05653505027294039,9.811586380004883
1785982576.1674852,0.05756792798638344,0.020729513838887218,0.03066742047667503,-0.61196368932724,-0.05653505027294039,9.811586380004883
1785982576.1874948,0.04128343239426613,0.02240323089063168,0.028101388365030285,-2.5720508098602295,0.245787873864175,9.10970687866211
1785982576.22536,0.025442160665988922,-0.004338638391345736,0.027552850544452667,-0.5842299461364746,0.3299496769905102,9.60396671295166
1785982576.2850833,-0.006067012436687946,-0.019565859809517857,0.03039428032934666,-0.6013417840003967,0.15146850049495816,9.63834285736084
1785982576.306654,-0.033193040639162064,0.04807984083890915,0.027016285806894295,-2.1171727180480957,-0.18751205503940466,9.538628578186035
1785982576.3262327,-0.008086840622127056,0.05041658505797386,0.012519384734332555,-0.8965549468994141,0.8530807495117199,9.475885391235352
1785982576.3514762,-0.051196083426475525,0.04516342654824257,0.013488400727510447,-0.34710949659347534,0.3876017928123486,9.489447593688965
1785982576.367397,-0.08588796854019165,0.04838050901889801,-0.0013585223350673973,-0.34710949659347534,0.3876017928123486,9.489447593688965
1785982576.3875203,-0.08783132582902908,0.01610364392399788,0.005009724292904137,-1.1213432550430298,-0.5394277572631824,9.784026145935059
1785982576.4065816,-0.12423348426818848,0.01979796774685383,-0.0045905741862952735,0.3549802303314209,1.180790662765504,9.705942153930664
1785982576.4491184,-0.11496754735708237,0.002032245043665169,-0.01584010198712349,-0.5353343486785889,0.5717059969902051,9.577555656433105
1785982576.4863222,-0.086885966360569,-0.01840265654027462,-0.005443727131932971,0.5140526294708252,-0.6692612767219531,9.71235179901123
1785982576.5073514,-0.06822321563959122,-0.01925964467227459,-0.006677619181573388,-0.5595794320106506,0.06780073046684382,9.552154541015625
1785982576.5276017,-0.0332634262740612,0.0007551701273769137,-0.0030507524497807026,-1.8453596830368042,-0.43677681684493896,9.864303588867188
1785982576.551169,-0.02242749184370041,-0.026773029938340187,-0.0033747083507478202,-0.13840582966804504,0.37344127893448,9.866454124450684
1785982576.5664933,-0.012149494141340256,-0.02914222702383995,0.002644782885909084,-0.750838041305542,-0.08979152888059494,9.927582740783691
1785982576.5851843,-0.002411225810647011,-0.011022803373634817,-0.019008202478289604,-0.43651431798934937,-0.12485535442829011,9.90279483795166
1785982576.6061628,0.010446332395076752,-0.052877336740493774,-0.0033218043390661413,-1.0415183305740356,0.15051569044590113,9.417495727539062
1785982576.6262875,0.030953846871852875,-0.05657617375254631,-0.016103420406579964,-1.0135095119476318,-0.03556311130523563,9.706673622131348
1785982576.6514971,0.06304918229579926,-0.06762916594743729,-0.010246686637401572,1.9525015354156494,0.69573211669922,9.839712142944336
1785982576.6661518,0.05105429142713547,-0.08147837966680527,-0.012733121402561654,-0.6015191078186035,0.23697926104068875,9.767327308654785
1785982576.68738,0.041528765112161636,-0.04474114626646042,-0.011056685820221896,-0.6015191078186035,0.23697926104068875,9.767327308654785
1785982576.7065775,0.046031009405851364,-0.05122191458940506,-0.0024949642829596936,-0.626176655292511,0.7734995484352123,9.410234451293945
1785982576.7657616,0.03207773715257645,0.022272400557994843,-0.009075214155018333,0.8485934734344482,0.7383909821510327,9.569961547851562
1785982576.8063443,0.021484656259417534,0.02102089487016201,-0.001880160532891753,0.03836147487163544,0.18553681671619532,9.420909881591797
1785982576.8251944,0.037945784628391266,0.013830234296619892,-0.0025356812402606028,-0.15828105807304382,0.319086015224458,9.95499324798584
1785982576.8504329,0.055972859263420105,0.016398841515183445,-0.014239893294870855,-0.15828105807304382,0.319086015224458,9.95499324798584
1785982576.86509,0.03272440284490585,0.013030340895056723,-0.016288936138153076,-0.15828105807304382,0.319086015224458,9.95499324798584
1785982576.8862054,0.01754825934767723,0.01785863935947418,-0.022650368511676792,-1.2646901607513428,-0.44341373443603394,9.982043266296387
1785982576.9055345,0.008738785050809383,0.041534654796123505,-0.014868300408124929,-1.2646901607513428,-0.44341373443603394,9.982043266296387
1785982576.9261215,-0.02284400910139084,0.051278539001941674,-0.032718867063522346,0.20258212089538574,0.028420403599740244,9.536595344543457
1785982576.9517062,-0.03312768042087555,0.04266134649515152,-0.020926516503095634,-1.600419044494629,-0.08993603289127232,9.63316535949707
1785982576.9675193,-0.03670508787035942,0.02483321167528629,-0.03417600318789482,-0.09286272525787354,-0.01307438313960915,9.306060791015625
1785982576.9876008,-0.037136297672986984,-0.014349511824548248,-0.028724553063511845,-0.21446433663368225,0.8373409509658826,9.810395240783691
1785982577.007423,-0.03789729252457619,-0.010785352438688282,-0.030848510563373566,-1.4464099407196045,-0.10476586222648503,9.631328582763672
1785982577.025366,-0.04806765168905258,0.010188860818743702,-0.02889862470328808,-0.22576801478862762,0.12647150456905482,9.41405200958252
1785982577.0498772,-0.07412972301244736,0.011323194950819012,-0.026721874251961708,1.818361520767212,0.5439713001251232,9.092272758483887
1785982577.0862675,-0.07109502702951431,-0.0332140251994133,-0.027684634551405903,-2.3365237712860107,-0.4492492675781238,9.952021598815918
1785982577.1271331,-0.039930038154125214,-0.029041320085525516,-0.030299145728349682,-0.2613106071949005,0.5580823421478284,9.607988357543945
1785982577.186234,0.001953669125214219,-0.07628899067640305,-0.023339269682764997,0.265300989151001,-0.19246576726436498,9.465547561645508
1785982577.207473,0.004994443617761135,-0.03062810376286507,-0.02881081774830818,0.13713319599628448,0.5721204876899731,9.64095401763916
1785982577.2274756,-0.01658443547785282,-0.04264121502637863,-0.025845676660537713,1.0949294567108154,0.22577781975269434,9.613585472106934
1785982577.250125,-0.0012037442065775394,-0.04241551458835602,-0.023904524743556973,1.0949294567108154,0.22577781975269434,9.613585472106934
1785982577.266033,0.03185971826314926,-0.052507366985082626,-0.024293001741170876,-2.2002580165863037,0.10218970477581144,9.760149955749512
1785982577.2853832,0.016867078840732574,-0.048101406544446945,-0.014769159257411952,-0.38349390029907227,0.10639150440693021,9.708505630493164
1785982577.326338,0.041522614657878876,-0.021556247025728226,-0.008560341782867905,-0.4015202522277832,0.5611525774002087,9.865239143371582
1785982577.340895,0.06096776947379112,-0.009367547929286959,-0.016428286209702492,-1.4267624616622925,0.06990052759647492,9.933050155639648
1785982577.363895,0.06430873274803162,-0.0122979199513793,0.006404339335858824,-1.0282243490219116,0.5425671339035046,10.10245418548584
1785982577.381895,0.07751531898975372,-0.031001590192317963,-0.0029435206670314035,-0.4635804295539856,-0.5780107378959644,9.624719619750977
1785982577.404895,0.07385915517807007,-0.00763830868527293,0.01299885753542185,-0.37609463930130005,-0.2063079476356494,9.993680000305176
1785982577.421895,0.08168421685695648,0.03600383922457695,0.0102432956919074,-0.37609463930130005,-0.2063079476356494,9.993680000305176
1785982577.4458897,0.07674401998519897,0.04918313026428223,0.016171259805560105,-1.1945191621780396,0.45909890532493713,10.026044845581055
1785982577.5038896,0.10840598493814468,0.05802827328443527,0.015036887489259236,-0.6501482129096985,0.624120354652406,9.625502586364746
1785982577.5218897,0.08617742359638214,0.035955265164375305,0.024204626679420468,-0.6452957391738892,-0.02221068739890931,9.895028114318848
1785982577.5628896,0.07555729895830154,-0.021931285038590428,0.023019580170512203,-0.5840478539466858,1.1727142333984386,9.887075424194336
1785982577.6028898,0.055659905076026917,-0.05145017057657242,0.023597426712512977,-0.5840478539466858,1.1727142333984386,9.887075424194336
1785982577.6438897,0.028636105358600616,-0.014199303463101385,0.018995124846696857,-0.5840478539466858,1.1727142333984386,9.887075424194336
1785982577.6608896,0.029533203691244125,-0.007021361961960788,0.03210160508751869,-0.5058532953262329,0.26374059915542725,9.751843452453613
1785982577.6838896,0.021410364657640457,0.015443796291947367,0.01746176369488239,-0.6051125526428223,0.7023548483848584,9.622014999389648
1785982577.7018898,0.016636110842227936,0.02700738608837128,0.03252244368195534,-0.6615617871284485,0.3517864942550671,9.694731712341309
1785982577.7248898,0.025865811854600906,0.053928907960653305,0.01815207675099372,0.19247807562351227,0.07498845458030821,9.906635284423828
1785982577.7428849,0.01680672913789749,0.02924965508282185,0.031339488923549645,-1.481552004814148,-0.3213008344173419,9.978368759155273
1785982577.7838848,-0.0015472730156034231,0.025334024801850322,0.019359743222594258,-1.481552004814148,-0.3213008344173419,9.978368759155273
1785982577.8828847,-0.04599077254533768,0.027603825554251674,0.014580432325601574,-1.5274418592453003,0.7669489383697522,9.7278470993042
1785982577.9058847,-0.0603095181286335,0.049346089363098145,-0.0003069725644309134,-0.40490323305130005,0.25916746258735773,9.435418128967285
1785982577.9228847,-0.049048472195863724,0.0025575719773769396,0.015679556876420975,0.19420063495635986,0.03744274377822996,9.826899528503418
1785982577.9468784,-0.046995438635349274,0.005973344203084707,0.0025803553871810428,-0.9703363180160522,-0.10378904640674472,9.705709457397461
1785982577.9638784,-0.054629892110824585,-0.007366712205111979,0.017402468249201775,-0.2472608983516693,-0.5577387809753406,9.880437850952148
1785982577.9818785,-0.05248640477657318,-0.021213922649621964,-0.0009041874436661575,-0.2472608983516693,-0.5577387809753406,9.880437850952148
1785982578.0048783,-0.04859137907624245,-0.01263583544641733,0.010677611455321314,-1.7149485349655151,0.2854927182197583,9.771614074707031
1785982578.0458784,-0.008463198319077492,0.008508658036589622,0.0027688590344041577,-0.6457971334457397,0.46962124109268305,9.690633773803711
1785982578.0628784,-0.007286368403583765,0.0301103163510561,0.008365855552256104,-0.30748480558395386,0.17683489620685694,9.579575538635254
1785982578.0808785,0.02812349610030651,0.05308138206601143,-0.002418473362922675,0.21537794172763824,0.0661729276180279,9.565300941467285
1785982578.1038785,0.05460713058710098,0.06851697713136673,0.00919857155531644,0.21537794172763824,0.0661729276180279,9.565300941467285
1785982578.1218784,0.058821577578783035,0.03429635614156723,0.006371716037392612,-0.09469957649707794,0.6664789319038403,9.723363876342773
1785982578.1618736,0.012213347479701042,-0.016638360917568203,0.01501284632831812,-0.2886110842227936,0.8214221596717846,9.365538597106934
1785982578.1798735,0.005905480589717627,-0.004231427330523727,0.020715780556201935,-0.8501797318458557,-0.2937418818473804,9.66088581085205
1785982578.2028735,-0.002398334676399827,-0.028603784739971157,0.02379180118441582,-0.156539186835289,-0.21044903993606448,9.832338333129883
1785982578.2208736,-0.032468996942043304,-0.04044941067695618,0.02130348421633244,0.9066507816314697,0.7559475898742687,9.435717582702637
1785982578.2438667,-0.05248251557350159,-0.027023172006011006,0.02101388387382031,0.33453118801116943,-0.5056385993957507,9.758398056030273
1785982578.2608666,-0.02835644595324993,-0.02371043339371681,0.022612553089857105,-0.47749608755111694,-0.029465630650519117,9.856107711791992
1785982578.2838666,-0.0399235300719738,-0.010833193548023699,0.015390731394290926,-0.4934367537498474,0.09436546266079067,9.629918098449707
1785982578.3018665,-0.035495419055223465,0.004471771419048311,0.01712895929813385,-0.44565093517303467,0.20470954477787134,9.492452621459961
1785982578.3248665,-0.03375368192791939,0.03477564826607704,0.013612560927867886,-0.6885992884635925,0.4803792834281933,9.491884231567383
1785982578.3428607,-0.030290918424725533,0.0737677738070488,0.011883018538355819,-0.5473940372467041,0.03574575483799096,9.401345252990723
1785982578.3598607,-0.04422789067029953,0.0752451941370964,0.01640767604112624,-0.6899423599243164,0.9069165587425243,9.304423332214355
1785982578.3828607,-0.058945026248693466,0.07321648299694061,0.011295367032289496,-0.4829835295677185,0.0917752832174313,9.583389282226562
1785982578.4008608,-0.06840570271015167,0.07792297005653381,0.008523879572749127,-1.8326542377471924,0.7163819074630748,9.451971054077148
1785982578.4248607,-0.10828352719545364,0.07328451424837112,0.0018950670491903931,0.4031198024749756,-0.39160722494125244,10.180644989013672
1785982578.4468546,-0.11101614683866501,0.03574454411864281,0.011787368915975089,0.4031198024749756,-0.39160722494125244,10.180644989013672
1785982578.4588547,-0.11399735510349274,-0.005796579178422689,0.004147223662585021,0.734032392501831,1.2105976343154918,9.397723197937012
1785982578.4818547,-0.11830105632543564,-0.0014450823655351975,0.01682964526116848,-0.40877825021743774,0.43857586383819697,9.719897270202637
1785982578.4998546,-0.0949086844921112,-0.005074788350611923,0.013747022487223148,-0.2911960482597351,0.005066812038422827,9.768074035644531
1785982578.52285,-0.06389735639095306,-0.00089314521756023,0.014051813632249832,-1.6260701417922974,-0.09365818649530294,9.52765941619873
1785982578.54585,-0.018122395500540733,-0.006801544222980737,0.006832845974713565,-0.4796610474586487,0.08703757822513702,9.925271987915039
1785982578.56385,-0.020608343183994293,-0.009963182732462881,0.009118255227804186,-0.4796610474586487,0.08703757822513702,9.925271987915039
1785982578.58085,-0.015569876879453659,-0.024529512971639633,0.013710945844650272,-0.43684059381484985,0.30082142353057983,9.835162162780762
1785982578.60485,0.012042989023029804,0.0028514955192804337,-0.0011716808658093218,-1.440273642539978,0.6823849678039562,9.295802116394043
1785982578.62185,0.012511995621025562,0.012786485254764557,0.0020442740060389025,-0.07036224752664566,0.38460099697113154,9.551416397094727
1785982578.6458437,0.013410680927336216,0.015765171498060226,0.0035789399407803995,-0.511753499507904,0.08994196355342986,9.819998741149902
1785982578.662844,0.005582558922469616,0.023288998752832413,0.007303664926439521,-0.3037163019180298,0.21549235284328583,9.943720817565918
1785982578.6808438,-0.01435508020222187,0.028482675552368164,0.00873018708080053,-0.5083197355270386,0.23205997049808622,9.676545143127441
1785982578.7208438,-0.04205096885561943,0.010598647408187391,0.009418732486665247,-0.3428831994533539,0.24810510873794675,9.741501808166504
1785982578.7448378,-0.018396204337477684,0.0059474497102200985,0.0021709969732910386,0.46068885922431946,0.7185260057449352,9.515631675720215
1785982578.7618377,-0.0028410092927515507,-0.00963142141699791,0.002360458951443435,-0.9697121381759644,-0.13998648524284243,9.717634201049805
1785982578.8028376,0.01619005762040615,-0.007507885806262495,-0.01157847326248884,0.4136447012424469,0.2230829298496258,9.573346138000488
1785982578.8438315,-0.005472686141729355,0.028787454590201374,-0.021686464548110965,-0.9192006587982178,0.7558304071426403,9.052754402160645
1785982578.8608315,-0.02944730408489704,0.021330878138542175,-0.0140429986640811,1.1704914569854736,-1.076242685317992,9.656499862670898
1785982578.8838315,-0.045201197266578674,0.00893519818782806,-0.025379212573170662,-1.3719139099121094,0.07032892107963679,9.516392707824707
1785982578.9248316,-0.06014147773385048,0.022488074377179142,-0.02801694162189961,0.06884285807609558,0.20483916997909665,9.655824661254883
1785982578.9658267,-0.037158459424972534,0.00396126369014382,-0.02888709306716919,-0.6424473524093628,-0.6350779533386218,9.63718032836914
1785982578.9838266,-0.037922389805316925,-0.02663369476795197,-0.020834455266594883,-0.006009578704833984,0.8608298301696788,9.16500186920166
1785982579.0058267,-0.02404898591339588,-0.05559086054563523,-0.0322417989373207,-0.8144403696060181,0.2779478132724774,9.7771635055542
1785982579.0238266,-0.01623886078596115,-0.05403023958206177,-0.019907265901565545,-0.8144403696060181,0.2779478132724774,9.7771635055542
1785982579.0468206,-0.0005208319053053856,-0.05572080239653587,-0.02213726192712783,-0.5321570038795471,0.1954061686992657,9.474811553955078
1785982579.0818205,0.007820827886462212,-0.04746377095580101,-0.017583670094609254,0.06451387703418732,0.18160557746887324,9.610321998596191
1785982579.0998206,0.014858461916446686,-0.057736944407224655,-0.005088297650218003,-1.5056980848312378,-0.32815489172935364,10.037609100341797
1785982579.1228206,-0.00417874613776803,-0.041271939873695374,-0.014061773195862765,-0.6227606534957886,-0.5693203210830676,9.73165512084961
1785982579.1398149,0.011542861349880695,-0.01571235992014408,-0.008519749157130716,-0.545028567314148,0.5303722620010388,9.975324630737305
1785982579.163815,0.024681294336915016,0.03438185527920722,-0.028366258367896083,-0.3171258568763733,-0.17035254836082342,9.622720718383789
1785982579.180815,0.03116639144718647,0.03428543731570244,-0.01476202625781298,0.5289746522903442,-0.3139678239822376,9.6649808883667
1785982579.204815,0.03333297371864319,0.03741488233208656,-0.027511660009622577,0.5289746522903442,-0.3139678239822376,9.6649808883667
1785982579.2218149,0.01986865885555744,0.06586077809333801,-0.01275652740150691,0.5289746522903442,-0.3139678239822376,9.6649808883667
1785982579.2618084,-0.036132968962192535,0.03098344802856445,-0.014572751708328727,0.16642633080482483,0.030107557773591274,9.68726634979248
1785982579.2798085,-0.03869067505002022,0.02696183323860168,-0.026689067482948307,-0.47090086340904236,0.8455088734626782,9.603882789611816
1785982579.3038085,-0.02585529163479805,0.027142241597175598,-0.008158206939697269,-0.09584353119134903,0.3270828127861035,9.817164421081543
1785982579.3208084,-0.022744618356227875,0.04235409200191498,-0.020284768193960193,-0.09584353119134903,0.3270828127861035,9.817164421081543
1785982579.3438017,-0.029550310224294662,0.03865313157439232,-0.004111347720026974,0.24227064847946167,-0.3839915394783008,9.9976224899292
1785982579.3618019,-0.03267902135848999,0.01865730993449688,-0.012301303446292879,0.7637850046157837,0.8692982792854321,9.599137306213379
1785982579.3848019,-0.01666831038892269,0.027332955971360207,-0.007211247459053997,-0.3019544780254364,0.0012602359056484386,9.478300094604492
1785982579.4018018,-0.019327081739902496,0.0040686936117708674,-0.006653636693954469,-0.7103443145751953,-0.10554854571819185,9.897783279418945
1785982579.419802,0.0031956173479557037,-0.017015159130096436,-0.00415944494307041,-0.677499532699585,0.285039544105531,9.96467113494873
1785982579.4607954,-0.046697355806827545,-0.007878275588154793,-0.00030243294895626507,-0.2931245267391205,0.03264369070530054,9.525328636169434
1785982579.4837954,-0.04268672689795494,0.00878588855266571,0.002541610272601246,-0.2504637837409973,0.12523858249187586,9.576231956481934
1785982579.5007954,-0.02154633030295372,0.008768977597355843,-2.321755164302993e-05,-0.46367618441581726,-0.3980273008346546,9.714649200439453
1785982579.5417955,0.006684041582047939,0.017967581748962402,0.009718832559883593,-0.9940663576126099,0.27332800626754883,9.831409454345703
1785982579.5647955,0.01664029061794281,0.02650514803826809,0.005167686846107241,0.04976212978363037,-0.047581538558005114,9.549723625183105
1785982579.5827954,0.008343731053173542,0.018266392871737484,0.015228792093694208,0.06933528184890747,0.18348003923893094,9.66671371459961
1785982579.6057954,0.0029323166236281395,0.023220771923661232,0.005856935400515792,-1.5560755729675293,0.29737728834152344,10.101055145263672
1785982579.6227953,0.01542122382670641,0.020749062299728394,0.008033705875277517,-0.7204097509384155,-0.3666558265686023,9.831881523132324
1785982579.6407897,0.03890087082982063,0.010334133170545101,0.003590784268453716,-2.6249144077301025,0.3555601239204419,9.879510879516602
1785982579.6637897,0.06760270893573761,-0.0035276676062494486,0.023980600759387016,-2.6249144077301025,0.3555601239204419,9.879510879516602
1785982579.6817899,0.06308901309967041,-0.008763215504586693,0.022799894213676453,-0.24856841564178467,-0.10800616443157074,10.007246971130371
1785982579.7047899,0.08963993191719055,0.009072843007743362,0.028101643547415733,-1.356494665145874,0.4550263285636914,9.824214935302734
1785982579.7227848,0.09052255749702454,-0.004779381211847064,0.02064269408583641,2.3547587394714355,-0.09334921836852902,10.152989387512207
1785982579.8037846,-0.04748089239001274,0.028314605355262756,0.0005408528959378565,-0.8608259558677673,0.20432184636592984,9.69657039642334
1785982579.844778,-0.07150253653526306,-0.014440543949604036,-0.007109357975423334,-1.5800855159759521,0.02839887142181515,9.691285133361816
1785982579.861778,-0.08883894234895706,-0.03207391873002052,0.0002305461675860027,-0.376664936542511,0.20896337926387903,9.59527587890625
1785982579.885778,-0.09660849720239639,-0.05403050035238266,-0.005431475117802613,1.278136134147644,0.4779959917068493,9.480718612670898
1785982579.920778,-0.08245961368083954,-0.017514312639832497,-0.014148454181849955,-0.1336449831724167,0.0010850131511699905,9.53089714050293
1785982579.9617717,-0.04518204927444458,0.03301673009991646,-0.012732959352433685,-0.6732719540596008,1.4112327098846449,10.145390510559082
1785982580.0017717,0.007333745714277029,0.06167629733681679,-0.01566405966877938,-1.0744500160217285,0.3017964363098157,9.76247501373291
1785982580.0427716,0.021669568493962288,0.06896889954805374,-0.016777725890278823,0.6030865907669067,-0.136226326227187,9.140925407409668
1785982580.0607717,0.011660279706120491,0.0524982251226902,-0.010624566115438945,-1.3704079389572144,0.20989324152469752,9.487103462219238
1785982580.0827715,0.008661635220050812,0.03926246613264084,-0.014525295235216623,-1.3704079389572144,0.20989324152469752,9.487103462219238
1785982580.1007717,-0.01077122613787651,0.04338925704360008,-0.010965731926262384,0.0987524539232254,0.2902143001556408,9.516419410705566
1785982580.1237717,-0.0002858005464076996,0.04768926650285721,-0.01478076539933682,0.1464439481496811,0.5873721241951,9.39140796661377
1785982580.1417649,-0.008249787613749504,0.03143422678112984,-0.0201373714953661,-2.7485616207122803,0.26187503337860235,10.26098346710205
1785982580.181765,-0.016934653744101524,-0.03253987058997154,-0.014602134004235264,0.14411596953868866,-0.06215266883373147,9.274441719055176
1785982580.199765,-0.021796436980366707,-0.0503394640982151,-0.011911863461136811,-0.2522500157356262,0.03284648060798766,9.870332717895508
1785982580.222765,0.009332617744803429,-0.05323782190680504,-0.022066971287131303,-1.5204020738601685,0.32114732265472534,9.914443969726562
1785982580.2407584,0.05845078453421593,-0.07420562207698822,0.0007858034223318191,-1.5204020738601685,0.32114732265472534,9.914443969726562
1785982580.2637584,0.07016007602214813,-0.05000578239560127,-0.012730808928608887,0.06041203439235687,-0.24391210079193,9.462779998779297
1785982580.2817583,0.10535731911659241,-0.038384340703487396,0.0014163253363221931,0.06041203439235687,-0.24391210079193,9.462779998779297
1785982580.3447516,0.09466663002967834,-0.05593999847769737,-0.008356136269867413,1.6371290683746338,0.08503253757953759,9.454673767089844
1785982580.3627517,0.07308712601661682,-0.026916172355413437,-0.01157859060913324,0.12132929265499115,0.05711959302425501,9.535636901855469
1785982580.3797517,0.04831692576408386,-0.013831151649355888,5.9464597143234516e-05,-1.578794240951538,-0.1537182629108417,9.79320240020752
1785982580.4037516,0.044859085232019424,0.016794810071587563,-0.0011613030219450613,-0.7689161896705627,-0.7166822552680957,9.724747657775879
1785982580.4207516,0.02010766603052616,0.04578904062509537,0.0022420771420001927,1.3575165271759033,-0.23987403512000924,9.219822883605957
1785982580.4617453,0.029130637645721436,0.05088616907596588,0.004044234752655023,-0.09265048801898956,-0.21652138233184692,9.945515632629395
1785982580.4847453,0.03275951370596886,0.04918587580323219,0.005149301607161754,-0.2899269461631775,-0.1599532663822162,9.666204452514648
1785982580.5027454,0.026405494660139084,0.05275752767920494,0.00801116041839122,-0.18377253413200378,0.47794938087463495,9.609053611755371
1785982580.5197453,0.018889106810092926,0.05006036162376404,0.0021878033876419007,-0.31577569246292114,-0.2214895784854877,9.790102005004883
1785982580.5437384,0.050163157284259796,0.0651777982711792,0.004438156727701418,-0.3409561216831207,0.004327878355981071,9.402379989624023
1785982580.5607383,0.07425490766763687,0.05507643148303032,-0.008237699046731002,-0.7932506203651428,-0.1107291579246509,9.747458457946777
1785982580.6007383,0.08361386507749557,0.0008039565291255708,-0.003170740557834506,-0.4908025860786438,-0.08629379421472429,9.810779571533203
1785982580.6427317,0.07457102835178375,-0.06855497509241104,-0.002749809296801678,-0.6280080080032349,-0.03327304124832032,9.893738746643066
1785982580.6827316,0.03112008422613144,-0.07570338994264603,0.005183784756809483,-1.210911512374878,-0.4284756779670703,9.93358039855957
1785982580.7007318,-0.009596819058060646,-0.08524174988269806,0.027628619223833095,-0.6842050552368164,0.6905879974365247,10.0867338180542
1785982580.7237318,-0.06962259858846664,-0.0920155867934227,0.013450485654175292,-0.436005175113678,0.0626440942287457,9.775505065917969
1785982580.7467253,-0.08561036735773087,-0.1131654754281044,0.030559226870536818,-0.42983466386795044,-0.061180070042608975,9.764026641845703
1785982580.7647252,-0.08727362751960754,-0.1014893651008606,0.01262535620480777,-0.42983466386795044,-0.061180070042608975,9.764026641845703
1785982580.7827253,-0.06727535277605057,-0.10977816581726074,0.029632639139890685,-0.5733648538589478,-0.5355303287506091,10.028839111328125
1785982580.8227253,-0.06731804460287094,-0.0709095299243927,0.02358069457113744,-1.4508588314056396,-0.3929692506790149,9.921958923339844
1785982580.8407197,-0.06684550642967224,-0.04695930331945419,0.012806586921215063,0.5704425573348999,-0.48807853460311773,9.583194732666016
1785982580.8637197,-0.04851096495985985,-0.020943349227309227,0.00476211775094271,-1.111724615097046,0.8201858401298535,10.29371166229248
1785982580.8867197,-0.005235590506345034,-0.005660340189933776,0.01004321500658989,-1.111724615097046,0.8201858401298535,10.29371166229248
1785982580.9037197,-0.0017247763462364674,-0.004976676777005194,0.010828578844666481,0.3581733703613281,-0.1950705945491779,9.587109565734863
1785982580.9447134,0.028523501008749008,-0.00463950540870428,0.008127864450216293,0.5216175317764282,-0.43844830989837524,9.86119556427002
1785982580.9627132,0.0030717807821929455,-0.00901646353304386,0.007109605241566897,-1.8810900449752808,0.6476331353187573,10.083281517028809
1785982580.9797132,-0.040621668100357056,-0.009453581646084785,-0.00019208542653359356,0.3962467908859253,-1.382992386817931,9.801447868347168
1785982581.0207133,-0.09760259836912155,-0.04703301563858986,0.005695739760994917,-1.0156397819519043,0.03654915094375733,10.003397941589355
1785982581.0437067,-0.09918584674596786,-0.07396949082612991,0.007968363352119931,-0.8695313334465027,-0.5211923122405994,10.213321685791016
1785982581.0617065,-0.09947870671749115,-0.07698783278465271,0.0007747529307380413,-1.282772183418274,0.11666955053806428,10.032458305358887
1785982581.1027067,-0.12288798391819,-0.04422297328710556,0.005711938720196491,-0.7343614101409912,0.005334883928300132,9.650949478149414
1785982581.1197066,-0.12263472378253937,-0.007125688251107929,0.0170449111610651,-0.9829478859901428,-0.34687840938567993,9.993623733520508
1785982581.1437,-0.08186935633420944,0.024650171399116516,0.012590615078806874,-1.2995736598968506,-0.5439433455467212,9.584454536437988
1785982581.1657,-0.06068015471100807,0.060345876961946494,0.02977624908089637,-0.5620090961456299,0.11714549362659574,9.793739318847656
1785982581.1837,-0.011669255793094635,0.08591107279062271,0.03544102981686591,-0.6452456712722778,-0.3230684399604785,9.795700073242188
1785982581.2007,0.022669516503810883,0.10410655289888382,0.03746935725212096,-0.34833580255508423,-0.29246890544891235,9.970223426818848
1785982581.2247,0.058312367647886276,0.11980576068162918,0.0432474836707115,-0.34833580255508423,-0.29246890544891235,9.970223426818848
1785982581.2416935,0.07209339737892151,0.09697509557008743,0.044016156345605836,-0.34833580255508423,-0.29246890544891235,9.970223426818848
1785982581.2826936,0.08317816257476807,0.05758308619260789,0.03283026069402694,-0.1985054314136505,-0.120743006467818,9.824289321899414
1785982581.2996936,0.090387724339962,-0.008532341569662089,0.04192805662751198,-0.9089881181716919,-0.2214728891849506,9.842840194702148
1785982581.3236935,0.06886643916368484,-0.05876196175813675,0.022076444700360305,0.44212639331817627,0.35148769617080805,9.460515975952148
1785982581.3406873,0.038087740540504456,-0.08347175270318985,0.021667584776878367,-0.12279805541038513,-1.0846531391143786,10.370776176452637
1785982581.3636873,-0.0009005831088870764,-0.08439436554908752,0.0219768024981022,0.44581878185272217,-0.6003060936927783,9.781268119812012
1785982581.4046872,-0.08946944028139114,-0.06472814828157425,0.023805294185876853,-1.8578482866287231,0.553129792213441,9.503357887268066
1785982581.422687,-0.10783873498439789,-0.0637478157877922,0.03461362794041634,0.36002373695373535,-0.9222630262374866,9.830484390258789
1785982581.445681,-0.11966369301080704,-0.07598491758108139,0.04047191888093949,-2.441274404525757,0.21978968381881836,9.888296127319336
1785982581.462681,-0.09429469704627991,-0.0783250480890274,0.023284083232283603,-0.6636177897453308,-0.18655548989772675,9.967719078063965
1785982581.485681,-0.06542114168405533,-0.06160851195454597,0.03403302654623986,-0.133668452501297,-0.24979047477245211,9.8124418258667
1785982581.503681,-0.06395483016967773,-0.02486022002995014,0.021887883543968204,-0.2900713086128235,0.03944906592369197,9.585753440856934
1785982581.5206811,-0.06057027727365494,-0.05003643408417701,0.028694586828351028,-0.23384805023670197,-0.3795366287231433,9.963083267211914
1785982581.5446737,-0.04208526015281677,-0.02293994277715683,0.0017261555185541539,-1.1454851627349854,0.029998555779458265,9.564311981201172
1785982581.5616736,0.00010912120342254639,-0.04475131630897522,0.009384269826114183,-0.8636120557785034,-0.1446203440427768,9.940167427062988
1785982581.5786736,0.020998729392886162,-0.047026220709085464,-0.012880443595349783,-0.8636120557785034,-0.1446203440427768,9.940167427062988
1785982581.6026735,0.03918016701936722,-0.06697080284357071,-0.006630282849073402,-0.4845556616783142,-0.6174104213714587,9.856614112854004
1785982581.6196735,0.036972805857658386,-0.06655970960855484,-0.010838525369763366,0.5038641691207886,1.0582864284515392,9.467995643615723
1785982581.6426675,0.033034466207027435,-0.06821256875991821,-0.014089410193264476,-1.051697015762329,0.04461684823036316,9.978528022766113
1785982581.6606674,0.0023074238561093807,-0.08500493317842484,-0.023652367293834676,-1.550553798675537,-0.28285583853721497,10.097014427185059
1785982581.6836674,-0.021365666761994362,-0.10047202557325363,-0.027666971087455736,-0.9702242016792297,0.14234048128128174,10.074111938476562
1785982581.7016675,-0.03057144023478031,-0.07938999682664871,-0.02466209977865218,-0.3025650382041931,-0.0048791468143451365,9.608078956604004
1785982581.724663,-0.05708914250135422,-0.051771879196167,-0.04088961705565452,-0.030490733683109283,0.5513836145401013,9.936514854431152
1785982581.7426631,-0.054523371160030365,-0.08027965575456619,-0.027435459196567525,-1.107107162475586,0.16593331098556643,10.160553932189941
1785982581.7656631,-0.029759304597973824,-0.08482762426137924,-0.04156026616692542,-1.107107162475586,0.16593331098556643,10.160553932189941
1785982581.782663,-0.033743880689144135,-0.0722556933760643,-0.02547403797507285,-0.16753308475017548,0.014322593808175346,9.90760612487793
1785982581.823663,-0.016059517860412598,-0.022503390908241275,-0.02867014147341251,-0.7028354406356812,-0.629445433616637,9.734965324401855
1785982581.8406568,-0.009897362440824509,-0.004413420800119642,-0.0287448950111866,-0.3375212848186493,0.08182892203331114,9.894898414611816
1785982581.8636568,0.015602650120854378,-0.01342495530843735,-0.017652437090873718,-0.5057232975959778,-0.0012009888887393127,10.018071174621582
1785982581.8816566,0.06662778556346893,-0.019171934574842456,-0.024052483960986134,0.05661579966545105,0.32437381148338434,9.643356323242188
1785982581.8986566,0.08673673123121262,-0.023460788652300835,-0.013962723314762112,-0.4135094881057739,-0.07630767673253891,9.92335033416748
1785982581.9226568,0.10815931111574173,-0.0017143992008641384,-0.018285656347870827,-0.9142594337463379,-0.2526273131370532,9.951552391052246
1785982581.945651,0.12825408577919006,-0.019242502748966217,-0.009272968396544455,0.10056351125240326,0.4018405675888074,10.01021671295166
1785982581.9636512,0.15634660422801971,-0.018417201936244965,-0.007998758926987646,-0.5316846966743469,0.6059888005256665,9.955412864685059
1785982581.9806511,0.14335517585277557,-0.003593114903196693,-0.0045602433383464805,-1.4114084243774414,-0.9363568425178516,9.659740447998047
1785982582.0036511,0.12792883813381195,0.03588053956627846,-0.004147688858211045,-0.3133390545845032,-0.33130756020545843,9.547944068908691
1785982582.021651,0.14558669924736023,0.04301571100950241,-0.005068100523203617,-0.6105615496635437,0.4641111493110669,10.041361808776855
1785982582.0446436,0.127131849527359,0.035197317600250244,0.004612519405782218,-1.0778342485427856,-0.734613776206969,10.051836013793945
1785982582.0616436,0.15448130667209625,0.008948756381869316,0.006603793706744908,-0.34179747104644775,-0.022522509098051802,9.596850395202637
1785982582.0796437,0.14017747342586517,0.02349382266402245,0.01681835390627384,-0.8258816599845886,0.1271355748176587,9.980968475341797
1785982582.1026437,0.13539789617061615,0.026273509487509727,0.004861536435782906,-0.02607838809490204,-0.8835438489913928,10.007340431213379
1785982582.1206436,0.14036144316196442,0.023297835141420364,0.008809109218418595,-0.6225060820579529,-0.3196662068366992,9.8639554977417
1785982582.1436372,0.13208326697349548,0.012263207696378231,0.0006318305386230334,-0.6225060820579529,-0.3196662068366992,9.8639554977417
1785982582.1616373,0.11116731911897659,-0.0034558747429400665,0.01574096642434597,1.6038562059402466,0.16187271475792056,10.27462387084961
1785982582.1846373,0.055535562336444855,0.01109039131551981,-0.0008962602587416782,0.008602648973464966,-0.5580388307571399,9.96151065826416
1785982582.2016373,0.06744667142629623,0.02371687814593315,0.009930610656738278,-0.07383090257644653,-0.25377768278121826,9.963376998901367
1785982582.2426302,0.020295308902859688,0.013199799694120886,0.014228648506104944,-2.5539138317108154,-0.3726524114608752,10.439306259155273
1785982582.2656302,-0.01720680668950081,0.008962441235780716,0.0018858256516978134,-0.0929117277264595,-0.00786116719245789,9.924168586730957
1785982582.2826304,-0.000163910910487175,0.00069127476308495,0.01569465734064579,-0.7599097490310669,0.26256328821182373,9.79195785522461
1785982582.3006303,-0.017030417919158936,0.0007131783058866857,-0.0007724714232608677,-0.25536465644836426,-0.24876087903976318,10.078347206115723
1785982582.3176303,-0.015091468580067158,-0.005837819073349237,0.009482231922447681,0.18658070266246796,0.18052449822425962,9.839367866516113
1785982582.3416238,0.014657771214842796,-0.015695180743932724,0.0019366253400221487,-1.1326438188552856,0.1013658940792096,9.920614242553711
1785982582.3586237,0.010617890395224094,-0.031077463179826736,0.006638091988861564,-0.5062094330787659,-0.2868095040321338,9.779573440551758
1785982582.3826237,0.027232641354203224,-0.029234077781438828,-5.612499080594774e-06,-0.5600947141647339,-0.05833531171083326,10.126916885375977
1785982582.3996236,0.02407764084637165,-0.021279169246554375,7.718271808699034e-05,-0.9922735095024109,-0.5385036468505847,9.984795570373535
1785982582.4466171,0.031301554292440414,-0.025228675454854965,0.0013733122032135755,-0.38879019021987915,-0.28755271434783813,9.951187133789062
1785982582.463617,0.023650482296943665,-0.0033238413743674764,-0.008692596107721329,-1.4444655179977417,-0.43084824085235474,9.831769943237305
1785982582.481617,0.014604374766349792,-0.012162107974290848,-0.0042300652712583525,-0.8596694469451904,-0.23138403892516968,10.035773277282715
1785982582.504617,0.03215407207608223,-0.013591626659035684,-0.01659121923148632,-0.8596694469451904,-0.23138403892516968,10.035773277282715
1785982582.5216122,0.02159104496240616,-0.03077032044529915,-0.006706689484417435,-2.2974109649658203,-0.355832517147063,10.00645923614502
1785982582.5446122,0.024313192814588547,-0.04548695310950279,-0.00917847547680139,-0.7446191310882568,-0.006780937314032314,9.751265525817871
1785982582.562612,0.02208191528916359,-0.07471415400505066,-7.772265234961191e-05,-0.030898332595825195,-0.04091764986514925,9.803489685058594
1785982582.585612,0.031202279031276703,-0.09226044267416,-0.007012013345956791,0.16330622136592865,-0.20536735653877142,9.573948860168457
1785982582.6036122,0.030823037028312683,-0.10371466726064682,-0.0006462518358602993,-0.3806007206439972,-0.4246052503585803,9.937274932861328
1785982582.6206121,0.032536737620830536,-0.11162662506103516,-0.0058793844655156,-0.8099889159202576,-0.7695217728614795,9.929911613464355
1785982582.6446052,0.03284678980708122,-0.11586739122867584,0.001885055098682656,-0.8099889159202576,-0.7695217728614795,9.929911613464355
1785982582.6616054,0.0280216783285141,-0.10876993089914322,-0.007039908319711672,0.13214229047298431,-0.5661975741386401,9.971933364868164
1785982582.6796052,0.03230751305818558,-0.10789350420236588,0.003154939739033593,-0.3690107464790344,0.23180849850177884,9.730887413024902
1785982582.7026052,0.04143848642706871,-0.10816476494073868,-0.0045868996530771125,-0.3690107464790344,0.23180849850177884,9.730887413024902
1785982582.7206051,0.03964443504810333,-0.10557636618614197,0.0072743650525808464,-0.3690107464790344,0.23180849850177884,9.730887413024902
1785982582.7435987,0.02676786482334137,-0.09829143434762955,-0.001966042909771192,-0.3690107464790344,0.23180849850177884,9.730887413024902
1785982582.7615986,0.04466554895043373,-0.09880386292934418,0.005002580583095563,-0.9814848899841309,0.4031735062599195,10.276239395141602
1785982582.7845986,0.059940095990896225,-0.10302143543958664,-0.00161461276002227,-0.8189332485198975,-0.13085737824439883,9.727595329284668
1785982582.8015985,0.04645930603146553,-0.09134525805711746,0.0058369971811771506,-0.8189332485198975,-0.13085737824439883,9.727595329284668
1785982582.842592,0.04665651172399521,-0.10025708377361298,0.01311067305505277,-0.8189332485198975,-0.13085737824439883,9.727595329284668
1785982582.865592,0.03212563320994377,-0.08424119651317596,0.002572502009570609,-0.8189332485198975,-0.13085737824439883,9.727595329284668
1785982582.882592,0.029640723019838333,-0.06151716038584709,0.006352759897708901,-0.007163882255554199,-0.3313063979148853,9.659823417663574
1785982582.9005919,0.028668340295553207,-0.05314883589744568,-0.002419251017272466,-0.007163882255554199,-0.3313063979148853,9.659823417663574
1785982582.9235919,0.03343833610415459,-0.04321712628006935,0.009183293208479886,0.7046188712120056,-0.6127966046333301,9.953693389892578
1785982582.9415853,0.027501001954078674,-0.051983967423439026,0.003180492669343955,-1.5991370677947998,0.13096563518047458,10.111448287963867
1785982582.9645853,0.021294686943292618,-0.04926375299692154,0.011922112666070466,-0.34453296661376953,-0.8341275453567493,10.03493881225586
1785982582.9825852,0.027535390108823776,-0.07353851199150085,0.004065018147230157,-0.3455578088760376,0.6766400933265698,10.051413536071777
1785982582.9995854,0.018129896372556686,-0.07687562704086304,0.010719886980950841,-0.1540375053882599,0.05181127786636474,9.926584243774414
1785982583.0235853,0.006167339161038399,-0.053525425493717194,0.0050061168149113724,0.7460435032844543,-0.23492503166198614,9.41479778289795
1785982583.0405786,0.006510036066174507,-0.0491083599627018,0.011853275820612913,0.7460435032844543,-0.23492503166198614,9.41479778289795
1785982583.0645785,0.014835111796855927,-0.058828286826610565,0.009157449007034309,-0.0962001383304596,-0.7486112117767322,9.812440872192383
1785982583.0815787,0.005326434038579464,-0.044120483100414276,0.01837648823857308,-0.3301336467266083,-0.1597346216440189,9.747027397155762
1785982583.1045787,0.012753099203109741,-0.03466586023569107,0.0077601764351129575,-1.2068196535110474,-0.46405714750289795,10.082513809204102
1785982583.1225786,0.02127881348133087,-0.02585066668689251,0.00754810776561499,-1.2068196535110474,-0.46405714750289795,10.082513809204102
1785982583.1455722,0.01903030276298523,-0.046696946024894714,0.010994233191013341,-2.5251336097717285,0.6619558930397046,10.364323616027832
1785982583.1805723,0.001402127556502819,-0.0405748076736927,0.0075248032808303885,-1.6353501081466675,0.676817059516908,9.94259262084961
1785982583.2035723,0.0003223069943487644,-0.02503453940153122,0.011098715476691726,0.311400830745697,0.5591591596603406,9.774492263793945
1785982583.262566,-0.013445019721984863,-0.012421628460288048,0.006314267404377462,-0.720971941947937,-0.17439860105514404,10.044461250305176
1785982583.279566,-0.026605617254972458,-0.0032641380093991735,0.018860427662730217,-0.4715631604194641,-0.14116574823856237,9.58115005493164
1785982583.303566,-0.01596243679523468,-0.002037938218563794,0.011328248307108879,0.11951790750026703,-0.5056231021881091,10.073195457458496
1785982583.3205662,-0.01919643208384514,0.007795727346092463,0.010302636772394179,0.11951790750026703,-0.5056231021881091,10.073195457458496
1785982583.3445597,-0.024343375116586685,-0.000834786682389675,0.012187126092612743,-0.11673295497894287,-0.790968596935271,9.983297348022461
1785982583.3615596,-0.023166604340076447,-0.012123553082346914,0.015821263194084167,-0.8950888514518738,0.31920069456100586,9.866659164428711
1785982583.3795598,-0.01603461056947708,-0.008974283933639525,0.007329846732318402,0.40875911712646484,-0.1300811171531665,9.961541175842285
1785982583.4025598,-0.028014428913593292,-0.018613141030073162,0.0167545210570097,0.40875911712646484,-0.1300811171531665,9.961541175842285
1785982583.4195597,-0.023397177457809448,-0.00997364707291126,0.008056139573454859,-0.2180192768573761,-0.19443655014037964,9.971473693847656
1785982583.442553,-0.031490523368120193,0.006538947112858296,0.008179222233593464,-0.29173362255096436,0.1738935858011258,9.906841278076172
1785982583.460553,-0.003076778259128332,-0.008458893746137617,0.013156523928046228,-0.27162981033325195,-0.5331882834434497,10.0960111618042
1785982583.483553,-0.01653027907013893,-0.004241603426635264,0.012897727079689503,-0.27162981033325195,-0.5331882834434497,10.0960111618042
1785982583.501553,0.0015249610878527164,-0.008693129755556582,0.008836917579174043,-1.2148323059082031,-1.0418195724487291,10.357439994812012
1785982583.524553,-0.01596713811159134,0.01106109004467726,0.016659028828144073,0.07462623715400696,-0.31107676029205206,9.623982429504395
1785982583.541546,-0.006581991445273161,0.009083806537091734,0.01061988156288862,-0.5825636982917786,-0.32949471473693726,9.925559997558594
1785982583.582546,0.013512439094483852,0.008363788016140463,0.015860825777053833,-1.5494388341903687,0.6517037749290479,10.051353454589844
1785982583.605546,0.004403478465974331,0.013580476865172386,0.005767027847468851,-1.0064977407455444,0.12618191540241364,10.031156539916992
1785982583.6225462,0.005364931188523769,0.010479909367859365,0.015940535813570023,-0.3347817063331604,-0.46393728256225464,9.892740249633789
1785982583.6405394,-0.004979779943823814,0.013326709158718588,0.009348697960376738,-0.6333611011505127,0.019087210297585755,9.966010093688965
1785982583.6635394,-0.005312522407621145,0.01383915822952986,0.009375362657010554,-0.16626004874706268,-0.24287131428718445,10.064576148986816
1785982583.6815395,-0.012564428150653839,0.017525428906083107,0.00771495373919606,-0.4275246262550354,0.4283144474029553,9.799779891967773
1785982583.7045395,-0.0263587087392807,-0.004290595185011624,0.004868789110332728,-1.7905853986740112,-0.20219646394252652,10.142328262329102
1785982583.7225394,-0.02950640395283699,0.0005787591217085725,0.004205948207527399,0.3239783048629761,0.19972918927669644,9.729997634887695
1785982583.7455394,-0.016510996967554092,0.021002735942602158,0.005899347830563781,-2.067065954208374,-0.5836623907089221,9.891305923461914
1785982583.7635396,-0.037226367741823196,0.019223125651478767,0.0058751786127686475,0.7997098565101624,-0.3509463071823108,9.934318542480469
1785982583.7805395,-0.025067944079637527,0.013993917964398861,0.0010162739781662804,-0.2646838426589966,-0.4983217716217028,10.30509090423584
1785982583.8035395,-0.021198902279138565,0.009082468226552008,-0.007701999042183162,-0.396098792552948,-0.1873377263545978,9.823103904724121
1785982583.8215394,-0.028749991208314896,-0.0007097022607922551,0.00254808203317225,-0.8216970562934875,-0.3927815556526172,9.911476135253906
1785982583.8445325,-0.017634078860282898,0.01863190531730652,-0.0019041917985305214,-2.213228464126587,0.5368906259536755,10.255096435546875
1785982583.8625326,-0.03460518270730972,0.0015496434643864647,0.011888680048286915,-0.04760094732046127,-0.39843803644180176,9.871835708618164
1785982583.8795326,-0.026529185473918915,0.03206973895430565,-0.004244324285537009,-0.49946582317352295,0.22517330944538239,9.94395637512207
1785982583.9025326,-0.016604408621788025,0.021358685567975044,0.0018569481326267097,0.09590023756027222,-1.1134508848190294,10.180122375488281
1785982583.9205325,-0.010988308116793633,0.03990728780627251,-0.0021218026522547054,-2.191636562347412,0.5610162615776074,9.866806030273438
1785982583.9435258,0.0011174012906849384,0.013440686278045177,0.006271669641137121,-0.14717894792556763,-0.2507079243659961,10.037577629089355
1785982583.960526,-0.0021513106767088175,0.025357650592923164,-0.005158861167728904,-0.32589954137802124,-0.017180144786833506,9.896422386169434
1785982584.0015259,0.0003629373386502266,-0.009577590972185135,-0.006959381978958844,-1.199732780456543,1.1076358556747448,9.804304122924805
1785982584.024526,0.003335075918585062,-0.016154656186699867,0.004902880638837816,-1.199732780456543,1.1076358556747448,9.804304122924805
1785982584.0595188,-0.03584366291761398,-0.012312828563153744,0.0016639964887872353,0.37897998094558716,-0.25070828199386475,9.75495433807373
1785982584.0835187,-0.019472384825348854,-0.0053374506533145905,-0.00013240982661954994,-0.904997706413269,-0.4702862501144397,10.00261116027832
1785982584.1245186,-0.03916884586215019,-0.009325379505753517,-0.0017038151854649175,-1.6102157831192017,0.952110290527345,9.979804039001465
1785982584.165512,-0.03507518768310547,0.01990016549825668,-0.019590761512517933,-0.5652297139167786,-0.2512078285217273,10.073151588439941
1785982584.183512,-0.033341456204652786,0.020835408940911293,-0.004158145748078826,0.7337315678596497,-0.37653103470802185,9.750357627868652
1785982584.2005122,-0.04412634298205376,0.016472967341542244,-0.007479100953787567,-2.494401454925537,0.14455296099186066,9.87928295135498
1785982584.2235122,-0.020348310470581055,-0.003003377933055163,-0.00401556259021163,-0.40551096200942993,-0.10990108549594758,9.855256080627441
1785982584.2405055,-0.009378581307828426,0.014458900317549704,-0.01280774548649788,-0.5593570470809937,0.1417260915040982,10.039228439331055
1785982584.2645054,-0.008237333036959171,0.01880108192563057,-0.010565178468823435,-0.8911085724830627,-0.33859789371490356,9.978180885314941
1785982584.2815053,0.012308725155889988,0.009421876631677149,-0.0135708823800087,-1.0774070024490356,0.48358595371246454,9.66326904296875
1785982584.3045053,0.03021087497472763,-0.002316541504114867,-0.0063738152384757996,-0.5345030426979065,0.10154812037944916,9.942693710327148
1785982584.3225055,0.008999396115541458,0.029238872230052948,-0.010406931862235073,0.3624350428581238,0.2183036059141171,9.858864784240723
1785982584.3454995,-0.005452437326312065,0.02171267382800579,-0.007043024059385064,-0.5702714323997498,-0.3145092725753772,10.030628204345703
1785982584.3634994,0.024452421814203262,0.03200154006481171,-0.012971956282854084,2.3295466899871826,-0.3292633593082416,9.809897422790527
1785982584.3804996,0.032309774309396744,0.03137728571891785,-0.0075761764310300385,-1.7056605815887451,1.0438289642333998,10.396344184875488
1785982584.4034996,0.016297001391649246,0.03015846759080887,-0.011616929434239868,-0.005514681339263916,0.036778807640076905,9.947266578674316
1785982584.4214995,0.0083982078358531,0.058696385473012924,-0.015851270407438285,-1.0740392208099365,0.29438406229019287,10.118550300598145
1785982584.445492,0.01723567396402359,0.042670220136642456,-0.001583875040523713,0.16763441264629364,-0.36478555202484014,9.686192512512207
1785982584.462492,0.011952368542551994,0.034675728529691696,-0.007796814199537043,0.16763441264629364,-0.36478555202484014,9.686192512512207
1785982584.4794922,-0.005159699358046055,0.046171870082616806,-0.009815543889999395,-0.08899374306201935,0.051726594567300097,9.835508346557617
1785982584.520492,0.00604202738031745,0.011888722889125345,-0.018981197848916054,-0.7008191347122192,0.048333138227464,10.043139457702637
1785982584.544485,0.006606751587241888,0.011767266318202017,-0.015304020605981352,-0.8285229802131653,0.3542947769165051,10.10945987701416
1785982584.5614853,0.010970048606395721,0.0358978770673275,-0.02458598278462887,-2.2658209800720215,1.0768711566925062,10.333876609802246
1785982584.6024852,-0.015013769268989563,0.04485068470239639,-0.018132233992218978,-2.2658209800720215,1.0768711566925062,10.333876609802246
1785982584.6194851,-0.032329656183719635,0.031214581802487373,-0.008071439340710643,-0.370741605758667,-0.39687508344650146,9.93865966796875
1785982584.6434786,-0.06562244147062302,0.032856449484825134,-0.011803642846643928,-0.01939752697944641,0.4963428378105176,9.859293937683105
1785982584.6604786,-0.050277501344680786,0.02368215285241604,0.0023457331117242544,-0.39469337463378906,0.2628958821296704,9.82520866394043
1785982584.6834786,-0.07478553056716919,0.015362313017249107,-0.0028474163264036196,0.24613022804260254,0.017212763428689208,9.450953483581543
1785982584.7244785,-0.05840183049440384,0.0046000946313142785,0.0077003943733870974,-0.4866834282875061,0.6763183474540723,9.736115455627441
1785982584.7414722,-0.035186976194381714,-0.002186771016567943,0.020459726452827454,0.6880746483802795,-0.43919944763183477,9.303343772888184
1785982584.7654722,-0.015394393354654312,0.008516634814441206,0.01873195543885231,0.6689707636833191,0.32592320442199824,9.371925354003906
1785982584.7824721,0.0056580486707389355,0.020599596202373508,0.017187751829624173,0.6689707636833191,0.32592320442199824,9.371925354003906
1785982584.8054721,0.05429735779762268,0.016935678198933605,0.022561255842447277,-0.11279941350221634,0.2065992057323468,9.910746574401855
1785982584.823472,0.07703603059053421,0.05137454345822334,0.011261060833930962,-0.32315659523010254,0.6309401988983167,9.57614517211914
1785982584.846465,0.09110197424888611,0.07302802801132202,0.01737891137599944,-1.0258312225341797,0.13049858808517578,9.940692901611328
1785982584.8644652,0.11383052915334702,0.06800512224435806,0.02545762993395328,-1.0133349895477295,0.4607900977134717,10.121420860290527
1785982584.8814652,0.1308782398700714,0.06587399542331696,0.027112929150462144,0.08185377717018127,0.4343090653419507,9.754310607910156
1785982584.8994653,0.1195133700966835,0.08033668249845505,0.022120948880910863,-0.5076823234558105,0.007972881197930564,9.642139434814453
1785982584.9224653,0.1277557760477066,0.08670338243246078,0.02468515560030936,0.9734582901000977,-0.5860431194305408,10.182361602783203
1785982584.9454594,0.1425960659980774,0.08044776320457458,0.013782448135316362,-0.4344642162322998,-0.09569374471902727,9.912677764892578
1785982584.9634593,0.11476943641901016,0.058112986385822296,0.010731121525168412,-0.061837442219257355,0.06924344599247101,10.007932662963867
1785982584.9804592,0.09698060899972916,0.0357464961707592,0.014639442786574359,-0.2452763319015503,0.3639596700668347,9.888587951660156
1785982585.0034592,0.09854630380868912,0.020995972678065303,0.019715961068868634,-0.31496661901474,-0.2221095263957965,9.96401309967041
1785982585.0214593,0.061234280467033386,0.020212754607200623,0.008954332210123537,-0.1424359232187271,-0.13850034773349643,9.654415130615234
1785982585.0444522,0.06199704110622406,0.011216362006962301,0.020192580297589302,1.2120552062988281,0.042883709073067905,9.7722806930542
1785982585.0794523,0.08516380190849304,0.05226587876677513,0.013252975419163697,-0.3708072900772095,0.3283330798149121,10.117293357849121
1785982585.1024523,0.05714801326394081,0.06663009524345398,0.013102767989039412,-0.03683168441057205,-0.0396428406238544,9.74452018737793
1785982585.1204522,0.026814328506588936,0.04922220855951309,0.01665391214191913,0.05906754732131958,0.10667434334755065,9.881950378417969
1785982585.161452,-0.03643298149108887,-0.016268374398350712,0.014397572726011278,-0.8047105073928833,-0.0957614332437503,9.971556663513184
1785982585.184452,-0.06243538483977318,0.0036451150663197062,0.01615850254893303,-0.007591143250465393,0.6343762278556836,9.546503067016602
1785982585.2194521,0.023597123101353645,0.03682396560907364,0.019235240295529362,-0.38212400674819946,-0.15908217430114627,9.729141235351562
1785982585.2834454,0.11645762622356415,0.05701209232211113,0.01541520003229379,0.09463730454444885,-0.23892943561076996,9.871469497680664
1785982585.3004453,0.1310804933309555,0.07370395958423615,0.007190358825027934,-0.3191455602645874,0.5764982104301464,9.415619850158691
1785982585.3244452,0.12206164747476578,0.0823018029332161,0.01442220527678727,-0.7542579174041748,0.3269222974777234,9.925617218017578
1785982585.3414383,0.07939174026250839,0.08849360793828964,0.004407963249832381,0.015433058142662048,-0.2585611343383777,9.875306129455566
1785982585.3654382,0.05034850910305977,0.05243874341249466,0.011436654254794114,0.5361725091934204,-0.45434978604316584,10.317723274230957
1785982585.3824384,0.02010398544371128,0.044555794447660446,0.007307969499379391,0.42052900791168213,-0.10210320353507875,9.901313781738281
1785982585.4234383,-0.05141804367303848,0.01953079178929329,0.006404296960681674,-0.5679711699485779,-0.2539221942424762,9.8175630569458
1785982585.441432,-0.053424179553985596,0.009969677776098251,-0.0004360401653684688,1.075278401374817,-0.6777357459068286,10.214741706848145
1785982585.4634318,-0.06652005016803741,0.013702498748898506,-0.000817488471511753,0.09715928137302399,0.08809347450733306,9.81082534790039
1785982585.481432,-0.08404902368783951,-0.006918247323483227,0.011780890636146069,-0.2554854154586792,0.20878361165523648,9.812296867370605
1785982585.504432,-0.08607592433691025,-0.029812272638082504,0.0013489807024598159,1.5530662536621094,-0.5743049383163439,10.466065406799316
1785982585.5224319,-0.08625508844852448,-0.047408558428287506,0.005776835605502135,-0.19962266087532043,-0.2969781160354602,9.998414993286133
1785982585.5404248,-0.08920298516750336,-0.05050224810838699,0.009023432619869716,-2.0714147090911865,0.25388789176941035,9.647788047790527
1785982585.5624247,-0.08556364476680756,-0.05118400976061821,0.012699190527200706,-0.14212185144424438,0.3582150936126721,9.766797065734863
1785982585.5804248,-0.08267215639352798,-0.044310156255960464,0.007132277823984628,1.004058599472046,-0.24193070828914515,10.514129638671875
1785982585.6034248,-0.07661121338605881,-0.03882388025522232,0.011538303457200532,-0.07150130718946457,-0.14128942787647125,9.877077102661133
1785982585.6214247,-0.048957694321870804,-0.04899238049983978,0.006244341842830187,-0.21843722462654114,-0.1240967512130725,10.043147087097168
1785982585.6444175,-0.038966573774814606,-0.04319442808628082,0.0028574999887496285,-0.46228647232055664,0.05852091312408568,9.878305435180664
1785982585.6624177,-0.00852780882269144,-0.00853086356073618,0.0037512113340199002,-0.3807849884033203,-0.3157439827918994,9.941254615783691
1785982585.6794176,1.180032268166542e-05,0.007988992147147655,0.003111035330221056,-0.4976406693458557,0.560806214809419,9.85388469696045
1785982585.7024176,0.014728742651641369,0.008182881399989128,0.001317579997703432,-0.14877896010875702,-0.014915481209753709,10.091658592224121
1785982585.7434113,0.005407153628766537,-0.012682770378887653,0.0014396763872355238,0.5353848934173584,0.9638150334358226,9.286125183105469
1785982585.7834113,-0.03204738348722458,-0.023551130667328835,-0.003575901500880715,0.6855428218841553,0.10109420120716216,9.901484489440918
1785982585.8014112,-0.039927009493112564,0.00647068116813898,-0.008157572709023952,0.5564317107200623,-0.1939797699451434,10.109946250915527
1785982585.818411,-0.04447133094072342,-0.0026448511052876733,-0.01763087324798107,0.5564317107200623,-0.1939797699451434,10.109946250915527
1785982585.8424044,-0.06799906492233276,-0.0016390162054449335,-0.011970729567110538,-1.3219876289367676,-0.4790799021720874,10.105385780334473
1785982585.8594043,-0.07234042137861252,-0.0020959905814379467,-0.009957087226212025,-1.400065302848816,0.7607103586196912,9.786502838134766
1785982585.9004042,-0.07877860963344574,-0.013039954937994482,-0.011199588887393473,0.007197186350822449,-0.20215821266174194,9.961577415466309
1785982585.9234042,-0.06927751004695892,-0.018038127571344376,-0.003037669928744433,-0.053533993661403656,0.19261153042316556,9.791566848754883
1785982585.9464042,-0.08659166842699051,-0.03297922760248184,-0.005420637782663103,-0.12491701543331146,0.3062705397605908,9.899782180786133
1785982585.9644043,-0.1089954674243927,-0.0372411385178566,-0.0032087152358144474,-0.08070895820856094,0.3461439013481152,9.741921424865723
1785982585.9814043,-0.09405753761529922,-0.06877698749303818,-0.008274343796074382,-1.1882325410842896,-0.020533040165899994,9.727313995361328
1785982586.0044043,-0.09320824593305588,-0.029302988201379776,-0.01089233439415693,-0.23000508546829224,0.08316163718700528,9.712952613830566
1785982586.0224042,-0.08778943121433258,-0.014799518510699274,-0.00826769135892391,0.16808129847049713,-0.139321908354758,10.035177230834961
1785982586.0393977,-0.06433476507663727,-0.011310233734548092,-0.00695473328232765,0.445656955242157,0.85328906774521,9.780557632446289
1785982586.0633976,-0.04360659420490265,-0.013827558606863024,-0.008353165350854395,0.014458835124969482,1.0922324657440197,9.89828109741211
1785982586.0803976,-0.020711127668619156,-0.010102423839271069,0.0007306315819732857,1.8608371019363403,-0.675586402416228,9.987166404724121
1785982586.1033976,-0.004452080465853214,-0.022025074809789658,-0.002628791378810999,0.9091421365737915,0.31022626161575434,9.720063209533691
1785982586.1253977,0.003912265412509441,-0.029802177101373672,0.006560637615621093,0.5878689289093018,0.1837625652551663,9.7996187210083
1785982586.1433911,0.009244768880307674,-0.05518817529082298,0.009076622314751155,-0.3828091621398926,0.1407221108675015,9.804595947265625
1785982586.1613913,0.02061121165752411,-0.03595592454075813,0.014067423529922967,0.33379626274108887,-0.0007303208112704443,9.987955093383789
1785982586.1793911,-0.0004820111207664013,-0.03129139542579651,0.004903348162770275,0.10445491969585419,-0.19141466915607327,10.130424499511719
1785982586.2033913,0.01337288599461317,-0.011932752095162867,0.01143910735845566,-0.393004447221756,0.048248901963235176,10.042052268981934
1785982586.2203913,0.0030105318874120712,-0.010636156424880028,0.0064499475993216055,-0.33819687366485596,-0.09535086899995684,9.726775169372559
1785982586.2623847,0.012163982726633549,0.0022560090292245163,0.010477490723133087,-0.6193269491195679,-0.3602600395679462,9.735634803771973
1785982586.2783847,0.014445197768509388,0.0025963385123759534,0.01974903605878353,-0.02956121414899826,0.31831628084182856,9.709456443786621
1785982586.3023846,0.03137359395623207,0.0051796673797071,0.011490212753415108,-0.020071133971214294,-0.7946001887321459,10.530264854431152
1785982586.3203845,0.05737762525677681,0.020730074495077137,0.017111212015151974,-0.8811723589897156,0.45899105072021606,9.750815391540527
1785982586.3433778,0.058689795434474945,0.0384594202041626,0.010773415677249426,-0.8811723589897156,0.45899105072021606,9.750815391540527
1785982586.360378,0.07756926119327545,0.058129213750362396,0.011749677360057824,-0.8873960971832275,-0.14096555113792297,9.884340286254883
1785982586.383378,0.07218483090400696,0.0737614557147026,0.021971391513943662,0.2378513664007187,0.3645758032798779,9.528197288513184
1785982586.401378,0.07982844114303589,0.06534811109304428,0.02359549514949321,0.042095527052879333,-0.13689805567264435,9.95620346069336
1785982586.4183779,0.09181351959705353,0.07425754517316818,0.02707502618432044,0.042095527052879333,-0.13689805567264435,9.95620346069336
1785982586.442371,0.07098044455051422,0.09523288160562515,0.018481623381376256,0.3722571134567261,-0.624897241592406,10.287152290344238
1785982586.459371,0.07043075561523438,0.1120695024728775,0.019403774291276918,0.3722571134567261,-0.624897241592406,10.287152290344238
1785982586.483371,0.0734023004770279,0.09626715630292892,0.02336810901761054,0.41727179288864136,0.4710131883621228,9.78730583190918
1785982586.506371,0.05667131021618843,0.0751347616314888,0.01993095315992831,-0.31787461042404175,0.6631100177764905,9.884870529174805
1785982586.523371,0.08764947205781937,0.06193480268120766,0.017229571938514703,0.18521727621555328,1.0057611465454113,9.522629737854004
1785982586.5473638,0.12122774869203568,0.04401211813092232,0.0069913440383970685,0.4165242910385132,0.08011461794376493,9.74787425994873
1785982586.558364,0.13164669275283813,0.01994728669524193,0.01710967160761356,0.09203928709030151,0.4630829095840466,9.727204322814941
1785982586.581364,0.15151844918727875,0.04225997254252434,-0.0029744829516857915,-0.2800195813179016,-1.0223249197006212,10.178900718688965
1785982586.604364,0.16384616494178772,0.03627633675932884,-0.0033899722620844884,-0.07215364277362823,-0.10310821980237841,9.800155639648438
1785982586.6223638,0.1787598580121994,0.03267490863800049,-0.0038683055900037328,-0.12157654762268066,0.3769509196281445,9.670188903808594
1785982586.645357,0.19329960644245148,0.03193492442369461,-0.009510523639619354,0.2556830644607544,-0.3685830533504474,9.914591789245605
1785982586.663357,0.1898360550403595,0.032452359795570374,-0.0012387497117742935,-0.16823486983776093,-0.12379471957683442,9.803313255310059
1785982586.680357,0.1606987863779068,0.04920483008027077,-0.007933398708701139,-0.07387889921665192,0.2709481716156018,9.797414779663086
1785982586.6983569,0.1542813777923584,0.04837721958756447,-0.0001324409095104843,0.08985134959220886,-0.15222552418708682,9.802338600158691
1785982586.7213569,0.09812864661216736,0.05483593791723251,-0.0005486963782459565,-0.5558793544769287,0.524081885814668,9.811769485473633
1785982586.745357,0.06876818835735321,0.07919987291097641,-0.005446176510304222,0.7502851486206055,-0.26443532109260437,9.955291748046875
1785982586.762357,0.04049171879887581,0.09353996068239212,-0.0012360918335616704,0.44786280393600464,-0.44712710380554077,9.92477798461914
1785982586.780357,0.011257526464760303,0.07846760004758835,-0.007397807668894539,0.18011607229709625,1.0274111032485973,9.188822746276855
1785982586.8203568,0.0003574974834918976,0.05718652531504631,-0.014566109515726573,0.2772560119628906,-0.032106339931486816,9.943998336791992
1785982586.8433504,0.017470020800828934,0.054565686732530594,-0.024106830358505256,-0.13748252391815186,0.5383256673812878,9.793729782104492
1785982586.8613505,0.02746758610010147,0.038229141384363174,-0.012207239866256719,-0.04584747552871704,0.6509647369384778,9.560357093811035
1785982586.8783505,0.006910444237291813,0.03036563284695148,-0.020573129877448085,-0.3231153190135956,0.5442463755607617,9.803340911865234
1785982586.9023504,0.0035970378667116165,0.03558788076043129,-0.01634817570447922,-0.05462426692247391,0.09509898722171904,9.8239164352417
1785982586.9253504,0.01522947195917368,0.022010395303368565,-0.024240547791123394,-0.1590641289949417,0.6971822381019604,10.173117637634277
1785982586.9433439,0.014361769892275333,0.005309356842190025,-0.022574516013264656,-0.1590641289949417,0.6971822381019604,10.173117637634277
1785982586.9603438,0.019860491156578064,0.026096455752849575,-0.034087274223566055,-0.7812307476997375,1.0390827655792247,9.851418495178223
1785982586.9833438,0.0391981415450573,0.014647942036390301,-0.024957144632935527,-0.7812307476997375,1.0390827655792247,9.851418495178223
1785982587.001344,0.04092610627412796,-0.0016108716372400553,-0.02471558190882206,-0.36594849824905396,0.35561650991439936,9.596391677856445
1785982587.024344,0.03552846238017082,-0.007018956355750564,-0.029461702331900597,0.22779060900211334,0.282619893550874,9.926701545715332
1785982587.0423372,0.05114883929491043,-0.005771243013441566,-0.028112558647990227,0.17849133908748627,0.09258173406124233,9.680560111999512
1785982587.0593371,0.05115677788853645,-0.009546307846903804,-0.03074939362704754,0.5638880133628845,-0.41886126995086553,9.591254234313965
1785982587.0833373,0.056652214378118515,-0.011773627251386644,-0.018296854570508003,0.42881375551223755,1.0298800468444835,9.830543518066406
1785982587.1003373,0.06568101793527603,-0.01310075540095568,-0.03496440500020981,-0.9222277998924255,-0.6274945735931384,10.118426322937012
1785982587.1233373,0.060078151524066925,0.009705449454486367,-0.022153418511152267,-0.13399475812911987,0.1410350054502499,9.67420482635498
1785982587.1403303,0.05250219255685806,0.016436304897069928,-0.024312889203429226,-0.5965047478675842,0.7027546167373669,9.82413387298584
1785982587.1633303,0.08050789684057236,0.028475860133767125,-0.01858971454203129,-0.23255112767219543,-0.004359617829321615,9.796384811401367
1785982587.1813302,0.05945201963186264,0.06677240878343582,-0.012163302861154088,-0.43385225534439087,-0.00295342504978061,9.710426330566406
1785982587.2043302,0.062436237931251526,0.06919968873262405,-0.0053027481772005645,-0.10233745723962784,0.12479780614376189,9.848275184631348
1785982587.2223303,0.0615648478269577,0.08131434768438339,-0.0065446812659502125,-0.2807483673095703,0.182453051209451,9.967769622802734
1785982587.2453234,0.05660838633775711,0.0922100618481636,-0.006156387738883507,-0.3448425829410553,0.4718815684318554,9.624672889709473
1785982587.2633233,0.04712395370006561,0.11924699693918228,-0.0028345549944788365,-0.7283995151519775,0.3170633912086499,9.821598052978516
1785982587.2803235,0.06378144025802612,0.12571527063846588,-0.004637619946151987,-0.34766027331352234,0.6207801699638379,9.68543815612793
1785982587.3043234,0.06874392926692963,0.1070873811841011,-0.0044858031906187664,0.39788931608200073,0.27101850509643677,10.062679290771484
1785982587.3213234,0.06453920155763626,0.08653043210506439,-0.007920573465526114,-0.10539254546165466,-0.881141662597655,10.224016189575195
1785982587.344316,0.05553986504673958,0.06932830065488815,-0.006487374193966397,-0.9705471396446228,0.8319094181060802,9.475654602050781
1785982587.361316,0.04810689389705658,0.05061858147382736,-0.003444639965891844,-0.39455804228782654,0.08694459497928739,9.800732612609863
1785982587.3793159,0.04275668039917946,0.035078179091215134,-0.017417993396520618,-0.22545495629310608,0.32400774955749634,9.767857551574707
1785982587.4023159,0.058496199548244476,0.015188483521342276,-0.01093027275055647,0.35287362337112427,-0.10045570135116454,10.03302001953125
1785982587.420316,0.03246449679136276,0.012253101915121077,-0.018014026805758476,-1.562310814857483,0.44811958074569824,9.881662368774414
1785982587.4433093,0.01314461138099432,0.003669112455099819,-0.016649864614009857,-0.25716304779052734,-0.18730005621909973,9.922477722167969
1785982587.4613092,0.001252898946404457,-0.0109404968097806,-0.013318534940481184,-1.1547491550445557,-0.38615491986274597,10.08873176574707
1785982587.4783094,0.008654098957777023,-0.019628791138529778,-0.003596049733459947,-0.2327728271484375,0.843453109264375,9.702536582946777
1785982587.5023093,0.0028274827636778355,-0.004480513744056226,-0.008562751114368439,-1.7033286094665527,-0.37246936559677,10.101463317871094
1785982587.5253093,-0.0005988585762679577,0.009623583406209944,-0.008590189740061762,0.20890945196151733,0.6405283808708203,9.646136283874512
1785982587.5423021,0.007500238250941038,-0.006966820452362299,0.00020556669915095056,-0.04686359316110611,0.305274009704591,9.703916549682617
1785982587.5833023,-0.01439560204744339,-0.01568363793194294,-0.0006435133400373141,-2.078810453414917,1.26261866092682,9.731142044067383
1785982587.6233022,-0.011422684416174889,-0.01440335437655449,-0.00012741732643917027,-0.4142627716064453,0.11196599900722624,9.907115936279297
1785982587.6412952,-0.017002716660499573,-0.021325992420315742,0.003908909391611817,-0.6218973994255066,0.30294406414032105,10.037158966064453
1785982587.6642952,-0.010195137932896614,-0.01475169323384762,-0.00861717853695154,0.3979068398475647,1.4173480272293102,9.531787872314453
1785982587.7052953,-0.01476115919649601,-0.0342283770442009,-0.006942281499505039,-0.1446532905101776,0.5314909219741834,9.883042335510254
1785982587.7632885,-0.02525443397462368,-0.02870137058198452,-0.005244813393801447,-0.7314561009407043,0.037166371941567675,9.881118774414062
1785982587.7812886,-0.027355512604117393,-0.019485240802168846,-0.010825748555362223,-0.3472694456577301,0.4739481806755078,9.812726974487305
1785982587.8042886,-0.002371224109083414,-0.005763181019574405,-0.009949477389454842,-0.891782820224762,0.7102900743484509,9.679580688476562
1785982587.8452818,0.017169101163744926,0.022675940766930577,-0.01577875949442387,-0.5774285793304443,0.5992917418479932,9.591900825500488
1785982587.862282,0.03292585909366608,0.030460761860013008,-0.013527495786547664,-0.5774285793304443,0.5992917418479932,9.591900825500488
1785982587.8852818,0.023640653118491173,0.018769852817058563,-0.00886447820812464,-0.24817168712615967,-0.10051070153713107,9.743525505065918
1785982587.903282,0.010713180527091026,0.0409201979637146,-0.025887962430715564,0.32921910285949707,-0.08272310346364857,9.661585807800293
1785982587.920282,0.010895175859332085,0.05677225813269615,-0.019884897395968444,-0.3888508677482605,0.19923965632915616,9.76003646850586
1785982587.944275,-0.009085772559046745,0.04174329340457916,-0.019830705597996715,1.2390525341033936,0.2990922927856457,9.482157707214355
1785982587.961275,-0.04442561790347099,0.020863624289631844,-0.011707162484526636,-1.594712734222412,0.637340843677522,10.013504028320312
1785982587.979275,-0.05662471801042557,0.016666093841195103,-0.02016946487128735,1.4661993980407715,-0.7554113268852222,9.564141273498535
1785982588.002275,-0.07044076174497604,0.000772345345467328,-0.007849774323403835,-0.2972235083580017,0.4858173727989209,9.751781463623047
1785982588.019275,-0.06788605451583862,0.011901151388883587,-0.023838073015213013,-0.2592587172985077,0.5823991894721997,9.731691360473633
1785982588.0432682,-0.06242922320961952,-0.008991559967398645,-0.010173315182328222,0.32404670119285583,0.2920879721641552,9.560379028320312
1785982588.0602682,-0.055283304303884506,-0.012707222253084184,-0.017341405153274536,0.32404670119285583,0.2920879721641552,9.560379028320312
1785982588.084268,-0.029207473620772362,-0.04982181265950203,-0.007690885104238981,-2.805156707763672,0.3311353325843824,10.286849021911621
1785982588.101268,-0.0029362814966589212,-0.04324379190802574,-0.005074078217148776,0.6693117022514343,-0.09931240975856666,9.402458190917969
1785982588.125268,-0.004749523941427469,-0.02584877982735634,0.0015565955545753273,0.5545015931129456,0.6043856739997876,10.30514144897461
1785982588.1422617,0.012100445106625557,-0.01719721220433712,-0.0004041167558170834,-0.3350222706794739,-0.0057953447103488214,9.920696258544922
1785982588.1822617,0.040770865976810455,0.00669649662449956,0.005992332939058541,-0.11545906960964203,0.8371416926383984,9.831921577453613
1785982588.2002616,0.049509644508361816,0.012211501598358156,0.007382668089121578,-0.3914482295513153,0.2980478405952466,10.082003593444824
1785982588.2232616,0.043528567999601364,0.025320934131741527,0.01449243817478418,0.9680327773094177,0.12235985696315882,9.538103103637695
1785982588.2412553,0.051344629377126694,0.03750623017549515,0.012424388900399203,-1.7558724880218506,0.07664875686168789,9.68310260772705
1785982588.2582552,0.030225547030568123,0.06173510104417801,0.023099435493350022,-0.3159611225128174,0.8076663017272961,9.70824146270752
1785982588.2822554,0.03826695680618286,0.05986778065562248,0.016980150714516633,-1.4912385940551758,0.9163400530815137,9.559877395629883
1785982588.3222554,-0.0006819441914558411,0.09326855838298798,0.023920347914099683,-0.19205757975578308,-0.12170667946338534,9.788240432739258
1785982588.3402486,0.006147097330540419,0.0873270332813263,0.017342358827590932,-0.1873849332332611,0.3004810214042676,9.949604988098145
1785982588.3632486,6.436975672841072e-05,0.08669339120388031,0.027247754856944074,-0.4769769012928009,0.2976140379905713,9.977252006530762
1785982588.3812487,-0.005179550964385271,0.07902754098176956,0.017674727365374555,-0.4769769012928009,0.2976140379905713,9.977252006530762
1785982588.4212487,-0.012120412662625313,0.04127974063158035,0.017080007120966908,0.07299958169460297,-0.7314802408218372,9.699216842651367
1785982588.444241,-0.024065764620900154,0.006762716919183734,0.023350901901721954,-0.6534750461578369,0.4426833987236035,9.767356872558594
1785982588.462241,-0.05517804995179176,0.02004833705723286,0.015849236398935315,0.7095946669578552,-0.07598818838596222,9.941487312316895
1785982588.479241,-0.04048865661025047,0.01796852983534336,0.007763463538140056,-0.7326932549476624,0.5885685086250317,9.85796070098877
1785982588.503241,-0.04500019550323486,-0.003436208935454486,0.013838359154760838,-0.47777730226516724,0.4489473700523388,9.716326713562012
1785982588.520241,-0.039573851972818375,-0.019471921026706696,0.013141156174242498,-0.9219017624855042,-0.08274805545806764,9.857993125915527
1785982588.5442336,-0.016735203564167023,-0.02026162482798099,0.020781978964805606,-0.37839826941490173,0.5514861941337598,9.623632431030273
1785982588.5612335,-0.0329388752579689,-0.019391061738133427,0.014393093995749952,-0.0995069146156311,0.2976216375827801,9.55265998840332
1785982588.5842335,-0.02304944023489952,-0.024422790855169293,0.01457435451447964,-0.6584932804107666,0.1604340672492993,9.738868713378906
1785982588.6022336,-0.011070004664361477,-0.027383744716644287,0.008446456864476207,-0.05437307059764862,-0.11539173126220584,9.708417892456055
1785982588.6422336,-0.01121105719357729,-0.004192839376628398,0.010469222441315651,0.71929532289505,0.757854223251344,9.721367835998535
1785982588.6602335,-0.0008019823580980301,-0.021825477480888363,0.015019462443888191,0.11761938035488129,0.3454599976539624,9.955438613891602
1785982588.6832335,-0.006997864227741957,-0.019797923043370247,0.0032449855934828546,0.0037433356046676636,0.09992942214012265,9.76266860961914
1785982588.7012336,-0.024775158613920212,-0.03517763316631317,0.006567519158124928,-0.6238746047019958,0.13163775205612302,9.632277488708496
1785982588.7242336,-0.050785645842552185,-0.018392227590084076,0.007510173134505751,0.9321607947349548,0.4052566289901745,9.647173881530762
1785982588.7822266,-0.07295498251914978,-0.014925964176654816,0.005443160422146322,0.1931433528661728,0.8855873942375195,9.606225967407227
1785982588.8052266,-0.057763487100601196,-0.014502206817269325,0.0007928754785098153,-0.5097770690917969,0.5780919194221509,9.52481746673584
1785982588.8232267,-0.05675656720995903,-0.037376768887043,0.001212980598211293,-0.43698209524154663,0.28277730941772583,9.79387378692627
1785982588.8412197,-0.05917029455304146,-0.05968303605914116,0.001792710856534548,-0.5429431796073914,-0.7504195570945728,10.372687339782715
1785982588.8642197,-0.056097596883773804,-0.05501644313335419,-6.135842704679143e-05,-0.5648303627967834,0.6131494045257581,9.693692207336426
1785982588.8812196,-0.05322656407952309,-0.03324062377214432,0.006456147879362111,-0.9458419680595398,0.5537789463996899,9.79128646850586
1785982588.9052198,-0.04502612724900246,-0.02345636859536171,0.006270838435739281,0.4160073399543762,0.8255099654197705,9.541666984558105
1785982588.9222198,-0.05058002471923828,-0.008174908347427845,-0.0027336261700838796,-0.27659621834754944,-0.0006925761699664613,9.717341423034668
1785982588.945213,-0.04124033823609352,-0.003982068970799446,0.0006159014883451168,-0.7568632364273071,0.7521402239799512,9.590283393859863
1785982588.963213,-0.04539705440402031,0.020074179396033287,-0.002741184318438175,-1.4823200702667236,0.5806756019592297,9.721208572387695
1785982588.9802132,-0.03070421889424324,0.0235917828977108,0.003401841502636668,0.7393431663513184,0.18464574217796448,9.901443481445312
1785982589.0032132,-0.027323849499225616,0.0069882250390946865,0.0016346557531505814,0.24432067573070526,1.7851591111439702e-05,9.882129669189453
1785982589.021213,-0.020110998302698135,-0.0325978547334671,0.012450290843844417,-0.08213505893945694,0.39340460300445673,9.489392280578613
1785982589.0442054,-0.03200412541627884,-0.021587861701846123,0.0041103535331785705,-0.4785137176513672,1.6436772346496593,9.370081901550293
1785982589.0792053,-0.04511158913373947,0.013027703389525414,0.005379438400268553,-1.7083967924118042,0.7313696742057813,9.770244598388672
1785982589.1022053,-0.021856915205717087,0.0009849315974861386,0.0021799341775476933,-0.452265202999115,0.29166936874389765,9.698999404907227
1785982589.1202054,-0.0242195725440979,0.014703017659485342,0.00806831195950508,-0.1883322298526764,0.43729525804519775,9.864622116088867
1785982589.1431983,-0.023279819637537003,0.004381738603115081,-0.004628504160791636,-0.16188617050647736,0.4121990799903882,9.8933687210083
1785982589.1611981,-0.014254237525165081,-0.014509901404380798,0.00049831793876365,-0.414883017539978,0.2931589782238018,9.475125312805176
1785982589.1841981,-0.024293705821037292,-0.008679667487740517,-0.004238379187881946,-0.26349076628685,0.018097475171090383,9.890192031860352
1785982589.201198,-0.011104553937911987,-0.011440533213317394,-0.0010218466632068144,-1.260379672050476,0.9083330035209668,9.902311325073242
1785982589.2191982,0.0021836040541529655,-0.0334048755466938,-0.01434659585356712,0.46184414625167847,0.2957970499992383,9.854205131530762
1785982589.259191,-0.029304146766662598,-0.010410703718662262,-0.0024061922449618565,-0.37345990538597107,0.5196347236633313,9.655030250549316
1785982589.283191,-0.01968875713646412,-0.02587646245956421,-0.0018839844269677964,-0.3605644106864929,0.5239848494529736,9.5991849899292
1785982589.300191,-0.014838984236121178,-0.03281006962060928,-0.004548172466456886,-0.3605644106864929,0.5239848494529736,9.5991849899292
1785982589.359184,0.00020316150039434433,-0.008749823085963726,0.003001681761816145,-0.7146206498146057,0.8182539939880383,9.568385124206543
1785982589.382184,-0.004209684673696756,0.015391647815704346,0.0049515273422002775,-1.5354820489883423,-0.6277026534080493,9.723732948303223
1785982589.446177,-0.026432067155838013,-0.029396628960967064,0.010176188312470916,-0.6572708487510681,0.6409142017364514,9.773589134216309
1785982589.463177,-0.0274319127202034,-0.01725940778851509,0.006442313548177482,-1.222226858139038,0.5953789949417126,9.561367988586426
1785982589.4811769,-0.006972865667194128,-0.00588569324463606,-0.004718766547739505,-0.9835762977600098,0.9968294501304638,9.392688751220703
1785982589.5041769,-0.0040777986869215965,0.00441984087228775,0.0034610719885677095,-2.1510887145996094,-0.43108260631561157,9.8829984664917
1785982589.522177,0.022187398746609688,0.014775861985981464,0.005033933557569979,-0.35324785113334656,0.8837614655494701,9.45263385772705
1785982589.5451696,0.03653968870639801,0.017659587785601616,0.006178771611303089,-0.33447691798210144,-0.04575914144515868,10.068521499633789
1785982589.5621696,0.01802588813006878,0.019063858315348625,0.00631659338250756,-1.4223934412002563,0.548218905925752,9.551974296569824
1785982589.5801694,0.004994241986423731,-0.014003698714077471,0.007661445997655393,-0.5751405954360962,0.09296733140945554,9.689934730529785
1785982589.6031694,0.00774355186149478,-0.003968770150095224,-0.0006227432168088849,-2.4930620193481445,1.3786888122558605,9.549373626708984
1785982589.6211696,-0.01740439422428608,-0.0021670991554856283,0.01457586046308279,0.5278798341751099,-0.29558759927749517,9.660423278808594
1785982589.6611624,-0.03673030808568001,-0.021061250939965248,0.0031599698122590806,-0.7538342475891113,0.2535956203937542,9.613456726074219
1785982589.6851623,-0.04716280847787857,-0.003394416533410549,0.0008956734673120086,-1.5677242279052734,0.5846735239028942,9.453910827636719
1785982589.7021623,-0.05353877320885658,-0.004967323038727045,-0.002224091906100511,0.29434484243392944,1.1360747814178478,9.471356391906738
1785982589.7191625,-0.05988189950585365,0.012313458137214184,-0.004567356780171396,-0.9096426963806152,-0.7669076919555652,9.871622085571289
1785982589.7421556,-0.06594599783420563,0.016132531687617302,0.011283939704298971,-0.8711057901382446,0.16914367675781367,9.596637725830078
1785982589.7601554,-0.05826829746365547,0.02055763080716133,-0.003354610642418268,-0.6642451286315918,0.449835777282716,9.510565757751465
1785982589.7831554,-0.06808511167764664,0.01192700769752264,-0.00017636624397710112,-0.832751452922821,0.6394362449646007,9.491360664367676
1785982589.8011556,-0.061663918197155,0.02103123813867569,-0.00796291045844555,-0.6105731129646301,0.2901387214660656,9.721330642700195
1785982589.8241556,-0.08154384791851044,0.019770201295614243,0.002251991303637621,-0.6105731129646301,0.2901387214660656,9.721330642700195
1785982589.8411486,-0.08590096980333328,0.018879549577832222,0.00408175680786371,-0.7934851050376892,0.2998498678207409,9.648528099060059
1785982589.8651485,-0.0883404016494751,0.02441863901913166,0.0054702684283256505,-0.41142672300338745,-0.05581881850957753,9.586613655090332
1785982589.8821485,-0.0768187865614891,0.036447472870349884,0.0027144129853695588,-0.8165642023086548,1.0710511207580578,9.465900421142578
1785982589.9001486,-0.06260781735181808,0.04585444554686546,0.0067540202289819665,0.08948734402656555,-1.182936906814574,9.959315299987793
1785982589.9231486,-0.038420870900154114,0.02852492779493332,-0.0035005358513444697,-0.7088377475738525,-0.13139711320400116,9.96259593963623
1785982589.9461415,-0.014952285215258598,0.038598451763391495,0.00288756331428885,-0.8458130359649658,0.17319130897522092,9.718724250793457
1785982589.9631414,-0.023116497322916985,0.03427455574274063,-0.002600702224299316,-0.4553050398826599,0.45658320188522455,9.725614547729492
1785982589.9811413,0.008975161239504814,0.01384691335260868,0.0018788806628435833,0.8761609792709351,0.8799342513084424,9.716971397399902
1785982589.9981413,0.005450559314340353,0.02265489473938942,-0.0035917886998504426,0.6570271253585815,0.12747576832771423,9.971918106079102
1785982590.0211413,-0.023291023448109627,0.00424326304346323,-0.0007960185757838195,-0.6191349029541016,0.6028241515159619,9.757827758789062
1785982590.0451345,-0.02389240451157093,0.0039501325227320186,-0.0036171462852507834,-0.7878849506378174,0.552950441837312,9.759710311889648
1785982590.0621345,-0.024291738867759705,0.008183219470083714,-0.002751245629042388,-0.2244332730770111,-0.12530645728111145,9.915070533752441
1785982590.0851345,-0.04552300274372101,0.020434461534023285,-0.008722799830138685,-0.49021321535110474,0.2093905061483395,9.794029235839844
1785982590.1201344,-0.07840408384799957,0.07418537884950638,-0.01105655264109374,-0.7257750630378723,0.6153264641761792,9.65188980102539
1785982590.1441276,-0.08228980004787445,0.07841071486473083,-0.011532115750014792,-0.32563742995262146,-0.17915105819702026,10.045695304870605
1785982590.1611276,-0.07952627539634705,0.07190651446580887,-0.013236723840236672,-0.15529106557369232,0.4781057238578808,9.42484188079834
1785982590.1791275,-0.054410263895988464,0.08246582746505737,-0.0029668970964849095,-0.055307209491729736,0.5753014683723462,9.774832725524902
1785982590.2021275,-0.06148580089211464,0.0808335542678833,-0.010076563805341731,-0.0021611154079437256,-0.007633075118063662,9.948957443237305
1785982590.2191277,-0.09527846425771713,0.06920534372329712,-0.009505394846200952,-0.9050729870796204,0.0882807224988949,9.536548614501953
1785982590.2431204,-0.11205197125673294,0.057540930807590485,-0.01812203042209149,-2.1144824028015137,-0.4901369810104358,9.806486129760742
1785982590.2601204,-0.12382838129997253,-0.010897720232605934,-0.005663442425429819,-1.4000611305236816,1.081868052482606,9.568958282470703
1785982590.2831204,-0.1528681218624115,-0.03769049420952797,-0.027621639892458912,-0.5448542833328247,0.476124703884126,9.962370872497559
1785982590.3021204,-0.1904882937669754,-0.04100298881530762,-0.023144148290157315,-2.1636505126953125,1.512481212615968,9.601460456848145
1785982590.3251204,-0.18310478329658508,-0.039944678544998176,-0.03471971303224563,0.9562742114067078,0.19885052740574005,9.96426010131836
1785982590.3421133,-0.20510214567184448,-0.01526472065597773,-0.03164147585630417,-1.8258693218231201,0.07636202871799584,9.458621978759766
1785982590.3651133,-0.19409123063087463,0.01208832766860723,-0.044314976781606674,-0.7680733799934387,0.35751599073410156,9.884422302246094
1785982590.3831131,-0.1865934133529663,0.01585994847118854,-0.04613341763615608,-1.1088863611221313,0.43665486574173096,9.858123779296875
1785982590.400113,-0.131106436252594,0.032917052507400506,-0.05558151751756669,0.5055741667747498,0.056195989251137994,9.928540229797363
1785982590.4241133,-0.11779578775167465,0.0287404004484415,-0.049457687884569175,0.5156013369560242,0.7013058066368115,9.667013168334961
1785982590.4411058,-0.09315938502550125,0.03192377462983131,-0.06196975708007813,-2.036893606185913,0.4991626143455517,9.497001647949219
1785982590.4641058,-0.0813811868429184,0.0335002839565277,-0.040526837110519416,-0.3435346484184265,-0.05292731523513674,9.793267250061035
1785982590.4811058,-0.09605955332517624,0.05175016820430755,-0.04940456524491311,-0.2585950493812561,1.028763294219972,9.980868339538574
1785982590.5051057,-0.058094777166843414,0.030858142301440235,-0.026008728891611103,-1.6394646167755127,0.6540329456329358,10.181498527526855
1785982590.5221057,-0.04070178046822548,0.03354445844888687,-0.02189707197248936,-0.7654045820236206,-0.8005064129829395,9.96329116821289
1785982590.5450983,-0.03988097980618477,0.05613073706626892,-0.008553289808332927,-1.364304780960083,0.7691689729690564,9.842072486877441
1785982590.5630984,-0.05475321412086487,0.04303259402513504,-0.005455558188259607,-0.9124127626419067,0.3759035468101513,9.630414009094238
1785982590.5800984,-0.059539929032325745,0.026821710169315338,-0.006293826736509803,-0.9745631217956543,0.6376689076423657,10.111936569213867
1785982590.6040983,-0.01959485560655594,0.03472834825515747,0.004258250351995225,-0.3700360655784607,0.6420643925666821,9.575044631958008
1785982590.6210983,-0.018287425860762596,0.03637143224477768,-0.0026037921197712465,-0.7706515789031982,0.45183062553405884,10.121331214904785
1785982590.6450913,0.0018590176478028297,0.026097210124135017,0.01079011149704456,-0.28085649013519287,0.09886327385902528,10.031148910522461
1785982590.6620913,0.049925826489925385,0.024110646918416023,0.01391700096428394,-0.19003908336162567,0.46761620044708374,10.027363777160645
1785982590.6860912,0.08687558025121689,0.04034731164574623,0.018828334286808964,-1.4880534410476685,1.4042465686798107,9.640464782714844
1785982590.7210913,0.1076163649559021,0.04918539524078369,0.026926163583993905,-2.2709712982177734,2.120304107666017,10.14407730102539
1785982590.743084,0.12240903079509735,0.06102316826581955,0.027316708117723458,-0.5956388115882874,0.11808666586876033,9.683141708374023
1785982590.761084,0.12100213766098022,0.05923131480813027,0.035045169293880456,-0.3571747839450836,0.38878756761551025,9.792682647705078
1785982590.819084,0.12237913906574249,0.045151267200708396,0.044912084937095635,-2.1131508350372314,0.9163632392883313,9.832503318786621
1785982590.8420768,0.09792658686637878,0.05237694829702378,0.04152682423591613,-0.3378395438194275,0.3561196923255932,9.709672927856445
1785982590.860077,0.08575788140296936,0.03730223327875138,0.0438735969364643,-0.5291647911071777,0.024056583642960806,9.896132469177246
1785982590.883077,0.08251099288463593,0.0670594722032547,0.03446096181869506,0.12841330468654633,-0.5041705369949329,9.892033576965332
1785982590.9010768,0.0950080156326294,0.06359191238880157,0.04058146476745605,-1.003071665763855,1.6835256814956676,9.518033027648926
1785982590.9240768,0.07634914666414261,0.07008913159370422,0.032169871032238,-0.35097283124923706,0.494943827390672,9.933749198913574
1785982590.9410696,0.062112752348184586,0.07120563834905624,0.035427972674369805,-0.6072952747344971,0.04699665307998778,9.884178161621094
1785982590.9590697,0.09214016795158386,0.0668490007519722,0.03248590230941772,-0.11899863183498383,-0.7092009782791125,9.657655715942383
1785982590.9820697,0.10258005559444427,0.0655336081981659,0.02158024534583091,-0.7244882583618164,0.1497447192668927,9.881184577941895
1785982590.9990697,0.08441697806119919,0.06924178451299667,0.01976631768047809,-0.5625314116477966,0.12308725714683649,9.574803352355957
1785982591.0230696,0.08607903122901917,0.07464670389890671,0.003366465214639893,-1.5478023290634155,0.7586174011230481,9.712851524353027
1785982591.0400627,0.07535861432552338,0.05597358196973801,0.004686003550887101,-0.7376987934112549,0.3412199914455425,9.286613464355469
1785982591.0640628,0.07938913255929947,0.04215623065829277,-0.006928703747689729,-2.0628468990325928,0.40467378497123835,9.601968765258789
1785982591.0810628,0.06876049935817719,0.043489985167980194,-0.005446409340947872,-2.0628468990325928,0.40467378497123835,9.601968765258789
1785982591.1040628,0.051974162459373474,0.043005216866731644,-0.01229434553533793,-0.8999142646789551,0.17313486337661863,9.776203155517578
1785982591.1220627,0.003322283271700144,0.013725268654525278,-0.013803561218082907,-0.6480395197868347,0.09849727153778193,9.565411567687988
1785982591.139056,-0.020951848477125168,-0.013564980588853361,-0.019596319645643234,-0.8543559312820435,0.40159055590629694,9.478851318359375
1785982591.163056,-0.05742049962282181,-0.02584522217512131,-0.020565072074532505,0.10299085080623627,0.06942483782768366,9.516143798828125
1785982591.1800559,-0.062190618366003036,-0.014422097243368629,-0.022521203383803364,-0.8711909651756287,0.35415843129158137,9.649529457092285
1785982591.221056,-0.039333879947662354,-0.02445352263748646,-0.02418042346835136,-0.8711909651756287,0.35415843129158137,9.649529457092285
1785982591.2440479,-0.06417309492826462,-0.04006931558251381,-0.019762104377150532,-0.0452289953827858,-1.1951545476913439,10.009648323059082
1785982591.262048,-0.07105671614408493,-0.06629104167222977,-0.01944542303681373,-1.5727688074111938,0.23546314239502075,9.861675262451172
1785982591.285048,-0.058235011994838715,-0.0538196824491024,-0.022749179974198334,-2.4994733333587646,0.5744527578353894,9.96137523651123
1785982591.302048,-0.03506316989660263,-0.026964601129293445,-0.022915115579962727,0.3330702483654022,-0.8944929242134083,9.46644115447998
1785982591.3430407,0.013519469648599625,0.0038240819703787544,-0.016859952360391617,-0.6584916114807129,-0.13915547728538397,9.573773384094238
1785982591.3610408,0.013922756537795067,-0.0029236227273941053,-0.010070553980767727,0.6049131155014038,0.8322535157203687,9.7396879196167
1785982591.3840408,-0.00605645589530468,-0.008684491738677027,-0.010932108387351034,-0.8364554643630981,0.48574024438858154,9.768305778503418
1785982591.4010408,-0.03882627189159393,-0.016650136560201645,-0.0012642017100006322,0.6257486343383789,6.464123726012346e-05,9.899382591247559
1785982591.4190407,-0.05006156861782074,0.009707116521894932,0.0018573044799268235,-1.0899735689163208,0.18854869902134058,9.563992500305176
1785982591.4420333,-0.02920299582183361,0.02245076186954975,0.004926133900880811,-0.03605873882770538,-0.7344616651535023,9.488605499267578
1785982591.4600334,0.0004776264540851116,0.03331489488482475,-0.006525027565658097,-1.062155842781067,0.8874935507774365,9.723908424377441
1785982591.4830334,0.019143881276249886,0.0570228137075901,0.002896289573982351,-1.062155842781067,0.8874935507774365,9.723908424377441
1785982591.5010333,0.02432936616241932,0.03655943274497986,-0.002155099064111714,0.3421185612678528,1.16119945049286,9.748963356018066
1785982591.5230334,0.019874995574355125,0.021854126825928688,0.006679788697510955,-0.47548842430114746,0.6404781937599194,9.785943984985352
1785982591.5410259,-0.0008766651153564453,0.016833418980240822,0.004553734790533779,-1.684861421585083,-0.13363257050514102,9.793976783752441
1785982591.5640259,0.015590401366353035,0.020764976739883423,0.013540521264076231,-1.684861421585083,-0.13363257050514102,9.793976783752441
1785982591.582026,0.014035122469067574,0.015558184124529363,0.015861950814723965,-1.684861421585083,-0.13363257050514102,9.793976783752441
1785982591.599026,0.0016686255112290382,0.0018498038407415182,0.024050019681453705,-0.7443497180938721,0.018406301736832848,9.654130935668945
1785982591.623026,0.01306331716477871,0.010383188724517824,0.01912725530564785,-0.6454483866691589,0.15148761868476984,9.575467109680176
1785982591.6400185,-0.0018894788809120655,0.014135775156319145,0.02819201909005642,-0.7603284120559692,0.3525310456752789,9.53277587890625
1785982591.6810186,-0.008588796481490135,0.016594313085079197,0.0326295830309391,-0.5927002429962158,0.3285301625728619,9.541234970092773
1785982591.7050185,-0.005770358722656965,0.023239053785800937,0.03184900060296059,-0.7979462146759033,0.376528173685075,9.4714937210083
1785982591.7220185,-0.025553740561008453,0.040313806384801865,0.026131091639399525,-0.7558555603027344,0.4088218510150921,9.741074562072754
1785982591.746011,-0.012054907158017159,0.029061157256364826,0.016812572255730625,-0.4762655198574066,0.025807917118073707,9.767814636230469
1785982591.763011,-0.003221777966246009,0.00961830746382475,0.01399983838200569,-2.043982744216919,0.8972244262695324,9.203596115112305
1785982591.8030112,0.02539815753698349,-0.0586947500705719,-0.002430136781185858,-0.49395298957824707,-0.1285436302423465,9.873924255371094
1785982591.821011,0.04282591491937637,-0.052185770124197006,-0.005107618402689689,-0.9835456609725952,0.7683134078979504,9.630209922790527
1785982591.8440037,0.05228316783905029,-0.041557881981134415,-0.009156951680779452,-0.4483058750629425,-1.0488402843475328,10.162510871887207
1785982591.8620036,0.05247018486261368,-0.04782901704311371,-0.016963532194495194,-1.6092151403427124,0.7918199300766002,9.198755264282227
1785982591.8790038,0.03625377267599106,-0.0512782447040081,-0.015357144176959985,-1.3705449104309082,0.5964055061340344,9.569304466247559
1785982591.9200037,-0.0008128387853503227,-0.0845431461930275,-0.01397927850484847,-0.4443131387233734,0.8683849573135388,9.780082702636719
1785982591.9429967,-0.01092570647597313,-0.1269865483045578,-0.02391145564615725,-0.4971810281276703,0.2887522876262677,9.756360054016113
1785982591.9609966,-0.014428438618779182,-0.13746751844882965,-0.0329531393945217,-0.787022590637207,-0.3070441782474506,9.653505325317383
1785982591.9839966,-0.04542243853211403,-0.17375387251377106,-0.04351235181093214,-0.40276390314102173,-0.3759537339210498,9.859395027160645
1785982592.0019968,-0.05663532763719559,-0.20043694972991943,-0.0530685447156429,-0.5356812477111816,0.025159865617753262,9.691061019897461
1785982592.0189967,-0.03789040446281433,-0.22132176160812378,-0.05549572035670278,-0.3853912949562073,-0.16706934571266052,9.926307678222656
1785982592.0419893,-0.04227838292717934,-0.20155425369739532,-0.06780450791120526,-0.7031275033950806,0.26421898603439453,9.96610164642334
1785982592.0599892,-0.04812980443239212,-0.15716910362243652,-0.07061832398176192,-1.373549461364746,0.09283736348152283,9.936639785766602
1785982592.0839894,-0.05372583121061325,-0.09668144583702089,-0.07204511016607283,-0.6996203660964966,-0.24583426117896912,9.959467887878418
1785982592.1009893,-0.06549140065908432,-0.011006363667547713,-0.07987041026353836,-0.35336965322494507,-0.24690589308738592,9.539052963256836
1785982592.1249893,-0.08055291324853897,0.017988590523600568,-0.0711175724864006,1.048223614692688,0.884451985359193,9.450925827026367
1785982592.1419828,-0.08337390422821045,0.05124170705676078,-0.07557746022939682,-2.2826554775238037,0.24465703964233523,10.098974227905273
1785982592.159983,-0.06977470219135284,0.041264481842517846,-0.065233014523983,-0.07429260015487671,-0.4820019602775562,9.362432479858398
1785982592.182983,-0.06352614611387253,0.044386867433786385,-0.0739808902144432,-0.28852999210357666,-0.00587466359138372,9.531254768371582
1785982592.199983,-0.03594187647104263,0.017948763445019715,-0.053550831973552704,-1.6670728921890259,0.011129602789880077,10.057332038879395
1785982592.217983,0.0002983575686812401,0.021849030628800385,-0.06159143149852753,-1.1124882698059082,-0.6406818628311146,9.207921981811523
1785982592.2409759,0.02544880472123623,-0.013711167499423034,-0.05460020899772644,-0.027629204094409943,-0.666433811187743,9.048783302307129
1785982592.2639759,0.0316510833799839,-0.026225408539175994,-0.055070776492357254,0.21900886297225952,-0.2652377188205708,9.156110763549805
1785982592.2809758,0.03286638483405113,-0.026370514184236533,-0.04737090691924095,-0.002016037702560425,0.041118144989014914,10.120244026184082
1785982592.3039758,0.0001633754000067711,-0.04346375539898873,-0.05617262795567512,-0.22867774963378906,-0.42975974082946655,9.767402648925781
1785982592.3219757,-0.028797930106520653,-0.07470960170030594,-0.0484212003648281,-0.22867774963378906,-0.42975974082946655,9.767402648925781
1785982592.3389685,-0.05213902145624161,-0.09369292110204698,-0.06252791732549666,-0.3265761733055115,-0.43677276372909424,9.799283981323242
1785982592.3629687,-0.03983297199010849,-0.12067238986492157,-0.052087865769863115,-0.6109920144081116,-0.07527136802673222,9.680862426757812
1785982592.3799686,-0.0645226240158081,-0.10770269483327866,-0.0499226115643978,-0.27611327171325684,0.7151395678520215,10.276283264160156
1785982592.4029686,-0.05510134622454643,-0.07771351933479309,-0.035168163478374474,-0.44324955344200134,0.0192581564188016,10.16133975982666
1785982592.4209685,-0.03942335769534111,-0.0546843633055687,-0.04345772415399551,-1.924292802810669,-0.054675765335558534,10.729594230651855
1785982592.443961,-0.020677810534834862,-0.06997829675674438,-0.03039665333926677,-0.7947932481765747,0.25736147165298584,10.105293273925781
1785982592.462961,-0.017835363745689392,-0.02041171304881573,-0.021251503378152844,-0.7947932481765747,0.25736147165298584,10.105293273925781
1785982592.479961,0.015208670869469643,0.018254421651363373,-0.008862119168043138,-0.14287301898002625,0.4006729125976575,10.351021766662598
1785982592.502961,0.034501515328884125,0.05741237476468086,-0.0010566598502919147,0.11449816823005676,0.41893434524536255,10.031632423400879
1785982592.5209608,0.054397162050008774,0.06149182841181755,0.004289298783987753,-2.0901386737823486,-0.08379972726106517,10.306424140930176
1785982592.5439534,0.0803079679608345,0.07118400931358337,0.013404224999248973,-2.0901386737823486,-0.08379972726106517,10.306424140930176
1785982592.5619535,0.12991490960121155,0.07246566563844681,0.012759028002619735,0.6132853031158447,0.6158927083015453,9.416536331176758
1785982592.6019535,0.11949209123849869,0.06143959239125252,0.02661709859967231,-1.5707166194915771,-0.7340972423553455,10.048871040344238
1785982592.6199534,0.12757405638694763,0.04982353374361992,0.025538299232721322,0.1333891749382019,-0.13596186041831854,9.616711616516113
1785982592.6429462,0.13223262131214142,0.0345723032951355,0.026199398562312123,-1.668752670288086,0.045072898268700846,9.825373649597168
1785982592.6599462,0.14619947969913483,0.026642059907317165,0.03305766358971596,-0.2748670279979706,0.2488121986389172,9.808063507080078
1785982592.6779463,0.12337373197078705,0.022765889763832096,0.026211380958557125,-0.14410272240638733,-0.2502874135971057,9.848075866699219
1785982592.7009463,0.10491850227117538,0.02445466816425324,0.04183535277843475,-0.6373690366744995,-0.5057435631752002,9.982076644897461
1785982592.7249463,0.05293165147304535,0.038990791887044914,0.04635998606681823,-2.396747350692749,-0.7394999265670764,9.967208862304688
1785982592.741939,0.02177046798169613,0.03345225006341935,0.05432083085179328,1.483313798904419,-0.4968398809432972,9.538928985595703
1785982592.7599392,-0.0288811307400465,0.05213212221860886,0.04473746940493583,-1.5631632804870605,0.5796982645988477,9.879521369934082
1785982592.7829392,-0.0718349739909172,0.050497390329837806,0.04747969284653663,-0.4344281554222107,0.037041455507279636,9.75495719909668
1785982592.8229392,-0.10013961046934128,0.0455295853316784,0.040447313338518136,-0.4429326057434082,0.15976041555404785,10.028899192810059
1785982592.8409312,-0.07270940393209457,0.04402438923716546,0.03146447613835334,-0.6058000326156616,0.19066044688224915,9.872730255126953
1785982592.8579311,-0.04676959291100502,0.030325239524245262,0.0133582130074501,-1.0983543395996094,-0.6338108777999866,9.742210388183594
1785982592.8819313,-0.004599098581820726,-0.007387930061668156,0.012922500260174276,1.3535637855529785,0.1064488887786877,9.653094291687012
1785982592.8989313,-0.017989611253142357,-0.006940619554370642,0.0003431999648455539,-1.8704019784927368,1.1388701200485243,10.067575454711914
1785982592.9219313,-0.0014993678778409958,-0.03890759497880936,-0.006331779994070526,-1.0569449663162231,0.10194757580757262,9.8983736038208
1785982592.9399235,-0.022437643259763718,-0.0345296710729599,-0.017628382891416546,-0.11406565457582474,0.06482927501201749,9.757865905761719
1785982592.9629235,-0.04370620474219322,-0.03157684579491615,-0.019813533872365948,0.833008885383606,0.7686711549758922,9.503372192382812
1785982592.9809234,-0.02509063482284546,-0.01334011368453503,-0.029424592852592468,-1.7844804525375366,1.5163944959640516,10.06938362121582
1785982593.0039234,-0.00077854935079813,-0.005078129470348362,-0.025951126590371132,0.09999127686023712,0.11151108145713924,9.67785358428955
1785982593.0219235,0.009813563898205757,0.004237812012434003,-0.01929299533367157,-0.9889457821846008,0.1412464976310742,9.725369453430176
1785982593.044916,0.03936600685119629,0.008985904976725577,-0.013048616237938406,-0.646847128868103,0.29027625918388483,9.56334400177002
1785982593.0629158,0.0753321647644043,0.030821098014712334,-0.003743155626580123,-0.7364674806594849,0.466955214738847,9.575592994689941
1785982593.0799158,0.123166024684906,0.0253127571195364,-0.008941208943724636,-0.6662625074386597,0.3640973269939434,9.597273826599121
1785982593.1029158,0.16416002810001373,0.0319271944463253,-0.0022613240871578494,-1.9293440580368042,-0.6190032958984363,9.848278045654297
1785982593.120916,0.2089533805847168,0.019776828587055206,-0.003169442759826782,1.1999281644821167,0.36231568455696217,9.1673002243042
1785982593.1439085,0.24104441702365875,-0.005563306156545877,0.006931285839527846,-0.43573564291000366,-0.04218959808349492,9.595455169677734
1785982593.1609085,0.2403777539730072,-0.002987234620377422,-0.0027790146414190526,-0.3766280710697174,-0.05407626181840779,9.572129249572754
1785982593.1849084,0.24026788771152496,-0.06590186804533005,0.0022002910263836466,0.24372746050357819,-0.6408288478851307,9.425148010253906
1785982593.2019083,0.2332993894815445,-0.07563603669404984,-0.010371979326009742,-1.6591466665267944,0.06261797249317287,9.64763355255127
1785982593.2429085,0.15010975301265717,-0.14691966772079468,-0.013133239001035673,0.9317530393600464,-0.5886262059211719,9.64136028289795
1785982593.2609084,0.08760941028594971,-0.13222476840019226,-0.015416223555803283,1.031514048576355,-0.6563201546668995,9.51711654663086
1785982593.2839084,0.022470396012067795,-0.12652696669101715,-0.016102014109492288,0.3059808015823364,0.8201644420623792,9.886402130126953
1785982593.3009083,-0.01899217627942562,-0.10347285866737366,-0.01716750487685202,0.17504750192165375,-0.19617852568626287,9.577374458312988
1785982593.3249085,-0.05332230404019356,-0.07709061354398727,-0.016616366803646077,-0.6492800712585449,0.10649441182613492,9.726015090942383
1785982593.341901,-0.05660035461187363,-0.03940708935260773,-0.021110976114869114,-1.0360921621322632,0.41223710775375483,9.573525428771973
1785982593.359901,-0.05327640473842621,-0.010944571346044544,-0.025655146688222885,-0.323261022567749,0.20742304623127106,9.946231842041016
1785982593.382901,-0.04477942734956741,-0.020175354555249218,-0.021431459113955494,-0.909148097038269,-0.9033891558647144,9.558280944824219
1785982593.422901,0.01892344281077385,-0.035301391035318375,-0.025296583771705624,-0.8451173305511475,0.47111612558364985,9.62312126159668
1785982593.4408937,0.02386084944009781,-0.011784255504608156,-0.017911307513713837,-0.8451173305511475,0.47111612558364985,9.62312126159668
1785982593.4638937,0.046971749514341354,-0.024119989946484566,-0.009663665667176243,0.5470097064971924,-0.21602806448936346,9.553672790527344
1785982593.4818935,0.04610084369778633,-0.007587925996631386,-0.016370106488466263,-1.8458210229873657,0.27862203121185425,9.89989948272705
1785982593.4988935,0.026588087901473045,-0.02678702585399151,-0.004811576101928946,0.37617307901382446,-0.5892471671104419,9.986677169799805
1785982593.5228937,0.007146654184907675,-0.03852078318595886,-0.021886773407459256,-1.3357467651367188,0.7711557745933545,9.765846252441406
1785982593.5398862,-0.004242208786308765,-0.07312992215156555,-0.014445409178733817,-1.4772604703903198,-1.0235004425048815,10.181048393249512
1785982593.5578861,-0.013455267995595932,-0.07330518960952759,-0.020129621028900136,-0.17499439418315887,0.6091410517692578,9.857324600219727
1785982593.5808861,-0.012411603704094887,-0.08315866440534592,-0.021863488480448712,-1.6229246854782104,0.2761313915252697,9.660684585571289
1785982593.6038861,-0.0015625418163836002,-0.09689190983772278,-0.014797881245613086,-1.9129525423049927,0.1891128569841397,9.879134178161621
1785982593.6218863,0.003168292809277773,-0.10165045410394669,-0.011845896951854217,0.16391853988170624,-0.48088437318801763,9.34025764465332
1785982593.638879,0.017113463953137398,-0.07779531925916672,-0.019794348627328862,-0.6384580731391907,0.4264877438545239,9.807703971862793
1785982593.661879,0.0204684529453516,-0.053002920001745224,-0.02144928462803363,-0.6047085523605347,0.0860495418310177,9.486613273620605
1785982593.679879,-0.030301542952656746,-0.02359343506395817,-0.026249404996633526,-0.6047085523605347,0.0860495418310177,9.486613273620605
1785982593.702879,-0.026002062484622,-0.03468777984380723,-0.03353393450379371,-0.6047085523605347,0.0860495418310177,9.486613273620605
1785982593.726879,-0.025904325768351555,-0.039789814502000816,-0.04572090879082679,-0.7175423502922058,0.09801982343196994,10.150857925415039
1785982593.7438734,-0.036662474274635315,-0.03161804378032685,-0.055211476981639855,-1.3981860876083374,-0.32105201482772705,9.795910835266113
1785982593.7608733,-0.05673906207084656,-0.03481444343924523,-0.06489933282136917,-1.1438645124435425,-0.14188663661479828,10.02694320678711
1785982593.7788734,-0.0761507973074913,-0.06131090223789216,-0.05853146314620971,-0.6486208438873291,-0.2969245314598072,9.634528160095215
1785982593.8018734,-0.1074434369802475,-0.1029517948627472,-0.0687875673174858,-0.9199869632720947,-0.3829352557659138,9.281820297241211
1785982593.8198733,-0.1167692169547081,-0.08830185234546663,-0.07130407541990279,-0.9199869632720947,-0.3829352557659138,9.281820297241211
1785982593.8428657,-0.10992000997066498,-0.12456075847148897,-0.06931986659765242,-0.06657283008098602,-0.22608071565627932,9.808887481689453
1785982593.8838656,-0.09907206892967224,-0.09082732349634172,-0.05957308039069174,-1.0131196975708008,-0.19808189570903664,9.374512672424316
1785982593.9008656,-0.0991927832365036,-0.08309561014175416,-0.06770481914281844,0.8574509620666504,-0.0020883828401553578,9.775882720947266
1785982593.9238656,-0.09366081655025482,-0.05820146575570107,-0.06913765519857405,-0.8893413543701172,-0.10443077236413836,9.706194877624512
1785982593.9588583,-0.09686214476823807,-0.04142717644572259,-0.05724796280264854,-0.09943922609090805,-0.2812054157257068,9.774465560913086
1785982593.9998581,-0.0651857778429985,-0.062155179679393775,-0.043512564152479165,0.11424960196018219,-0.17698197066783788,9.485867500305176
1785982594.0238583,-0.07542189210653305,-0.0681256353855133,-0.041466843336820595,-0.952387809753418,-0.03549985587596777,9.52989673614502
1785982594.040851,-0.07632158696651459,-0.07985324412584305,-0.03435732424259185,-1.217768669128418,-0.046902433037756625,10.180750846862793
1785982594.064851,-0.0684751346707344,-0.07610893994569778,-0.026075227186083783,-1.217768669128418,-0.046902433037756625,10.180750846862793
1785982594.081851,-0.08373614400625229,-0.06047844886779785,-0.022802844643592828,-1.0049513578414917,-0.2741905152797686,10.257610321044922
1785982594.104851,-0.08260806649923325,-0.041690267622470856,-0.018495131283998486,-1.0049513578414917,-0.2741905152797686,10.257610321044922
1785982594.121851,-0.04321654140949249,-0.0443151630461216,-0.014101770706474776,-0.35829001665115356,0.012111321091653129,9.901711463928223
1785982594.139844,-0.025042712688446045,-0.04755738005042076,-0.011002524755895133,-0.4859580397605896,0.013039842247964171,9.963698387145996
1785982594.162844,0.015031891874969006,-0.07614719867706299,0.004648958798497925,-1.0874297618865967,0.14396519958973056,10.246601104736328
1785982594.1808438,0.045005518943071365,-0.09151811897754669,0.007919294759631167,-0.4288759231567383,0.0494924336671842,10.441634178161621
1785982594.2038438,0.056309059262275696,-0.11092199385166168,0.022586375474929823,-0.37249094247817993,-0.06707085669040559,9.815825462341309
1785982594.2208438,0.04820141941308975,-0.11097469925880432,0.011579306796193137,-0.37249094247817993,-0.06707085669040559,9.815825462341309
1785982594.2448363,0.04831293597817421,-0.1287139505147934,0.020369011908769625,-1.0892181396484375,0.02953200042247896,10.114094734191895
1785982594.2618363,0.06407871842384338,-0.12120092660188675,0.0294438060373068,-1.9079357385635376,-0.15791055560111877,10.077971458435059
1785982594.3258362,0.02077570930123329,-0.06285160034894943,0.0361977443099022,-2.264557123184204,-0.7429102063179004,9.686055183410645
1785982594.343829,-0.0016290806233882904,-0.06234284490346908,0.04566070809960366,-0.003857657313346863,-0.15342170000076175,9.807621002197266
1785982594.3608289,-0.05957351252436638,-0.06459704041481018,0.043192550539970405,-0.49630463123321533,-0.17449812591075778,9.744651794433594
1785982594.4018288,-0.07892107218503952,-0.07314204424619675,0.047951497137546546,-0.1528964340686798,-0.44702139496803167,9.616253852844238
1785982594.4248288,-0.11850781738758087,-0.07775062322616576,0.06095420941710473,-0.3648683428764343,0.5383266210556042,9.908071517944336
1785982594.4428208,-0.13260020315647125,-0.08470460027456282,0.06564694643020631,1.216552495956421,0.21638613939285395,9.524110794067383
1785982594.4598207,-0.1504829376935959,-0.040610726922750466,0.054275345057249076,-1.5557507276535034,0.9352509975433362,10.072517395019531
1785982594.483821,-0.14795126020908356,-0.040211871266365044,0.06420271098613739,-1.1477473974227905,-0.433795779943465,9.71904182434082
1785982594.5008209,-0.14756682515144348,0.003482203464955098,0.052962493151426315,0.20113782584667206,0.04743230342865111,9.860115051269531
1785982594.5188208,-0.1531701534986496,0.009152108803391464,0.0547444112598896,-0.7890296578407288,0.022844582796098023,9.973465919494629
1785982594.5418131,-0.13599257171154022,0.028296506032347686,0.04885425791144371,-1.3365318775177002,0.014610707759858375,9.766834259033203
1785982594.5598133,-0.13631515204906464,0.03012730367481709,0.042486011981964104,1.4900333881378174,0.061035931110383274,9.748348236083984
1785982594.5828133,-0.09005492180585861,0.030798671767115596,0.04100168123841285,-0.04092007130384445,-0.13167601823806643,9.64936637878418
1785982594.6058133,-0.07373513281345367,0.009904664941132074,0.03799253702163696,-1.6159271001815796,-0.2727096974849689,9.598902702331543
1785982594.6238132,-0.06466922163963318,0.00945717934519053,0.04001910611987114,0.5047115683555603,-0.14210018515586734,9.651966094970703
1785982594.6408057,-0.04076956957578659,-0.012595836073160168,0.0332522913813591,-1.2857214212417603,0.21101504564285398,9.723400115966797
1785982594.6648057,-0.028120439499616623,0.005820502061396839,0.016869554296135902,-1.2857214212417603,0.21101504564285398,9.723400115966797
1785982594.6818058,-0.00044839922338724136,0.006233558990061285,0.016147026792168617,-1.2857214212417603,0.21101504564285398,9.723400115966797
1785982594.6998057,0.013482743874192238,-0.019673900678753853,0.005878641270101073,-0.897174060344696,0.15679433941841248,9.95114803314209
1785982594.7228057,0.024149082601070404,-0.025150990113615986,0.014810036867856983,-0.45607274770736694,-0.07578264176845434,9.470381736755371
1785982594.7457983,-0.002480657072737813,-0.04332300275564194,0.004659698810428386,-0.040438637137413025,-0.0325790345668781,9.555533409118652
1785982594.7637982,-0.009818202815949917,-0.054906461387872696,-0.0007930747233331136,0.9504229426383972,-0.2094994932413089,9.932125091552734
1785982594.7807984,0.0011433814652264118,-0.0806695893406868,0.007394955959171066,-0.051829203963279724,-0.15795820951461673,9.633142471313477
1785982594.8037984,-0.025542989373207092,-0.04083826020359993,0.008772353641688829,-0.9299944043159485,-0.3276962041854847,9.673996925354004
1785982594.8217983,-0.03280993551015854,-0.05141004920005798,0.019082795828580863,0.11238311231136322,-0.3411304652690876,9.471102714538574
1785982594.8447914,-0.050532206892967224,-0.03903598710894585,0.0034704485442489433,-0.7780196070671082,0.022966325283051765,10.018839836120605
1785982594.8617914,-0.05312204360961914,-0.04452075436711311,0.013735194690525537,-1.2580686807632446,-0.04361426830291626,9.995942115783691
1785982594.8787913,-0.06000937148928642,-0.058516085147857666,0.01577881537377835,-0.39529967308044434,-0.28255897760391113,9.94327163696289
1785982594.9027915,-0.05324649438261986,-0.035031069070100784,0.005545478314161305,0.266382098197937,0.2943305075168621,9.561670303344727
1785982594.9207914,-0.04785962030291557,-0.03671344369649887,0.02341338433325291,-0.2777043282985687,-0.2010674923658359,9.765607833862305
1785982594.9437838,-0.06020515039563179,-0.020026670768857,0.01526517327874899,-0.2777043282985687,-0.2010674923658359,9.765607833862305
1785982594.9607837,-0.032108813524246216,-0.018873836845159527,0.017428010702133182,0.0775710791349411,0.3499720394611371,9.857048034667969
1785982594.9787838,-0.0230482816696167,0.001253617461770775,0.017997976392507553,-2.7747819423675537,0.1330860555171979,10.160470008850098
1785982595.0017838,-0.040635813027620316,0.014051196165382864,0.018570465967059135,-0.16508151590824127,0.23704749345779538,9.72280502319336
1785982595.0187838,-0.03183517977595329,0.02865681424736977,0.017739336937665936,-0.8245712518692017,0.20601728558540466,9.958499908447266
1785982595.042776,-0.01848013699054718,0.024818170815706257,0.016328820958733555,-0.8904755115509033,-0.3065720200538623,10.111103057861328
1785982595.059776,-0.0405367910861969,0.020873030647635463,0.017186190932989117,-0.7681959867477417,0.01718057692051056,9.962284088134766
1785982595.083776,-0.03568745404481888,0.02638594433665276,0.015879362821578976,-0.416321337223053,1.199992895126344,10.151301383972168
1785982595.1247761,-0.009254531934857368,0.0339253768324852,0.01629494875669479,0.2822924852371216,0.0317101776599896,9.746759414672852
1785982595.141769,0.006292650941759348,0.03404374420642853,0.021913060918450352,-0.128574401140213,-0.2965382337570179,9.613718032836914
1785982595.1827688,-0.003902616910636425,0.03578894957900047,0.010040921159088606,1.495911955833435,-0.9466861486434924,9.542706489562988
1785982595.1997688,-0.008491981774568558,0.029354121536016464,0.006117480807006356,-0.6798575520515442,0.045219838619233364,9.697181701660156
1785982595.2227688,-0.002594755031168461,0.04031413793563843,0.0013164823176339219,-1.2160305976867676,-0.4310804009437549,9.8950834274292
1785982595.2407613,0.01338476687669754,0.03561436012387276,0.002473855391144748,1.8697110414505005,0.1696797907352459,9.339871406555176
1785982595.2637613,0.027230773121118546,0.02387632429599762,0.000538688327651468,-2.012946367263794,0.2388093471527112,10.127998352050781
1785982595.2807612,0.03586876764893532,0.022946331650018692,0.013902225531637665,-0.17687594890594482,-0.3341434597969043,9.824746131896973
1785982595.3047612,0.04039107635617256,0.04660338908433914,0.005109147634357208,1.108146071434021,-0.26660162210464355,9.87988567352295
1785982595.3217611,0.03047087788581848,0.04937785863876343,0.01355791743844747,-2.02970027923584,-0.11768473684787627,10.067839622497559
1785982595.3387537,0.033491965383291245,0.038706839084625244,0.0029280905146151733,0.23062799870967865,-0.31296187639236334,9.618051528930664
1785982595.3627539,0.02232295647263527,0.024543197825551033,0.012613227590918537,-1.2618634700775146,-0.3281469345092761,10.167145729064941
1785982595.3807538,0.020134903490543365,0.022435739636421207,0.015440279617905613,-0.3017454743385315,-0.9177519083023059,9.61308479309082
1785982595.4037538,0.025889728218317032,0.027473969385027885,0.011850769631564614,0.15914945304393768,0.027497485280038123,9.78506088256836
1785982595.4207537,0.014008892700076103,0.04599740728735924,0.012170751579105849,-2.2459068298339844,-0.26905620098113886,10.255814552307129
1785982595.443746,0.019618283957242966,0.04670439288020134,0.011499403975903983,-0.06761643290519714,-0.0043378174304950605,9.436358451843262
1785982595.4617462,0.019183333963155746,0.012892393395304683,0.02222141996026039,-0.3772180676460266,-0.20658059418201327,9.724596977233887
1785982595.4787462,0.0320696085691452,0.023523466661572456,0.011625956743955609,-0.15095922350883484,-0.22013352811336392,10.200846672058105
1785982595.502746,0.037343330681324005,0.010907319374382498,0.013583753257989882,-0.8202314376831055,-0.21143800020217773,10.042110443115234
1785982595.5207462,0.020660400390625,0.0094467718154192,0.02711324952542782,0.2688595652580261,-0.7682708501815784,9.6158447265625
1785982595.5437381,0.015106018632650375,0.0008182903984561585,0.01877950318157673,-2.3964593410491943,0.529183626174928,9.78940486907959
1785982595.560738,0.01486612856388092,-0.025471452623605725,0.026896839961409572,-0.2981569766998291,0.02623711526394012,9.947250366210938
1785982595.5847383,0.016231194138526917,-0.04267478734254837,0.022874381393194206,-0.38587528467178345,-0.10871993005275604,9.985271453857422
1785982595.6017382,0.0167541541159153,-0.0324832983314991,0.024538582190871242,-1.0451703071594238,-0.4523600637912738,9.978160858154297
1785982595.619738,0.02322661504149437,-0.022693553939461705,0.027323741465806965,0.6033964157104492,-0.012749493122099666,9.511852264404297
1785982595.6417305,0.047688841819763184,-0.01168782357126474,0.02462504431605339,-0.20662567019462585,-0.37496834993362305,9.904240608215332
1785982595.6657305,0.05246972292661667,-6.081163883208922e-05,0.024984154850244522,-0.9071483612060547,0.058492958545686036,9.983206748962402
1785982595.6827304,0.0536419041454792,0.00018100789748132505,0.022578110918402672,1.7431154251098633,0.9251073598861707,9.63221263885498
1785982595.7007306,0.05216461047530174,-0.012444091960787771,0.020344404503703117,-0.9467675089836121,-0.4731693863868701,9.880559921264648
1785982595.7237306,0.044589780271053314,0.010007899254560474,0.02492360770702362,-0.8600929975509644,-0.4357720911502826,10.024654388427734
1785982595.741723,0.05851186811923981,0.017960755154490474,0.02525410801172256,-1.906675934791565,0.08922517299652222,9.97538948059082
1785982595.758723,0.05421906337141991,0.0178645420819521,0.028642864897847172,1.60459303855896,-0.2357827126979816,9.655252456665039
1785982595.7997231,0.03644861280918121,0.0015905167674645818,0.029986975714564323,0.014086514711380005,-0.1138964295387256,9.903124809265137
1785982595.8227232,0.03133998438715935,0.014662129804492,0.02754523046314716,-0.05096958577632904,-0.27027097344398376,10.02151870727539
1785982595.8407156,0.02784983441233635,0.03482573851943016,0.013546757400035855,0.506677508354187,-0.17158430814742923,9.83096981048584
1785982595.8637156,0.028596624732017517,0.024330208078026775,0.01793337799608707,-1.2828037738800049,-0.3100670576095569,10.158968925476074
1785982595.8817155,0.021249257028102875,0.01869837380945683,0.01707803830504417,-0.28273266553878784,-0.2759308815002429,9.809601783752441
1785982595.9047155,0.01941337063908577,0.01737817376852036,0.014688314869999884,-1.3188183307647705,-0.4131164550781238,9.792613983154297
1785982595.9227157,0.018206503242254257,0.04882946237921715,0.011740454472601409,0.34814226627349854,-0.916483402252196,9.692556381225586
1785982595.9457097,0.02140822634100914,0.030303332954645157,0.007987335324287411,-2.453734874725342,0.17982986569404721,9.79535961151123
1785982595.9637098,0.023138396441936493,0.018945010378956798,0.016219411045312878,-0.41523510217666626,-0.22499495744705084,9.584206581115723
1785982595.9807098,0.039357710629701614,0.03746667131781578,0.001655488158576186,-0.41523510217666626,-0.22499495744705084,9.584206581115723
1785982596.0037098,0.045957859605550766,0.013809840194880964,0.009561995975673197,-0.8406602144241333,0.052837640047074544,9.636396408081055
1785982596.0217097,0.025457333773374557,0.03280773386359215,0.008543797768652436,-1.2743088006973267,0.32930943369865534,9.724593162536621
1785982596.0447023,0.04061296209692955,0.015602873638272285,0.00453770440071821,0.43535828590393066,-0.6624964475631702,10.136731147766113
1785982596.0617023,0.024205602705478668,-0.0012567839585244643,0.010182607918977737,-0.8671081066131592,-0.5581083893775928,10.202631950378418
1785982596.0797024,0.01111697033047676,0.016700120642781258,0.005811678245663641,-0.8852293491363525,0.032230839133263814,9.652408599853516
1785982596.1027024,0.021826494485139847,0.00459081493318081,0.009559683501720428,-0.2932182550430298,-0.16417656838893774,9.577607154846191
1785982596.1207023,0.014018326997756958,0.004347294103354216,0.0013272314099594946,-0.12387765198945999,-0.5870964527130115,9.83535385131836
1785982596.1437023,0.024584053084254265,-0.01775714010000229,0.010449568741023542,-0.13395045697689056,-0.216252416372298,9.690988540649414
1785982596.1607022,0.016279125586152077,-0.00908093899488449,0.00892955716699362,-0.695231020450592,-0.36244648694991943,10.04761028289795
1785982596.1787024,0.029918918386101723,0.009221333079040052,0.009154872968792914,0.9728545546531677,1.0284996032714855,9.475870132446289
1785982596.2017024,0.026761310175061226,0.018183916807174683,0.009176513180136679,-0.7769184708595276,-0.03342962265014529,9.763139724731445
1785982596.2247024,0.03518032655119896,0.03565353527665138,0.007696690037846561,-0.5065094828605652,-0.5768096446990955,9.967869758605957
1785982596.2426949,0.02741224505007267,0.045627497136592865,0.015447633340954775,-0.5783389210700989,-0.33751526474952576,10.054561614990234
1785982596.2596948,0.03273125737905502,0.05502498894929886,0.005667878780513995,0.6571972966194153,-0.011452823877333375,9.961381912231445
1785982596.283695,0.038123030215501785,0.03243332356214523,0.00995512772351503,-1.4742577075958252,0.0636933445930493,9.82053279876709
1785982596.300695,0.0442134328186512,0.026734797284007072,0.011623397469520565,1.571770191192627,-0.8933913707733142,9.917604446411133
1785982596.323695,0.02385283075273037,0.050627950578927994,0.0039152828976511895,1.571770191192627,-0.8933913707733142,9.917604446411133
1785982596.3586874,0.04377515986561775,0.045630864799022675,0.00562078040093183,-0.7044431567192078,0.15701970458030823,9.880558967590332
1785982596.3826876,0.019040269777178764,0.036789100617170334,0.0100445682182908,-0.32951757311820984,-0.06575875729322313,9.820090293884277
1785982596.4056876,0.012144971638917923,0.0318567268550396,-0.0008047736482694784,-0.3454148769378662,-0.5203306674957263,9.84988021850586
1785982596.4226875,0.01749616675078869,0.04068473353981972,-0.0056397435255348734,-0.27529215812683105,-1.2397376298904408,9.766830444335938
1785982596.4406798,-0.00763121759518981,0.027205144986510277,-0.0007180166430771384,-0.38214361667633057,0.8724424839019786,9.476665496826172
1785982596.4636798,-0.00438912957906723,0.006691301241517067,-0.003202446037903429,-0.34508413076400757,0.07578235864639403,9.885868072509766
1785982596.4806798,0.002408555243164301,-0.002137653529644012,0.0033618789166212086,-0.6793860197067261,-0.21738915145397064,10.006976127624512
1785982596.50468,-0.008829787373542786,0.014790449291467665,-0.010313624516129495,-0.3981274962425232,-0.1304038166999805,9.814767837524414
1785982596.5216799,-0.020833099260926247,0.005482695531100035,0.0029073918703943482,-0.06215422600507736,0.15328919887542847,10.051514625549316
1785982596.5396721,0.00080483453348279,0.024297265335917473,-0.0016229971079155833,-0.9762566685676575,-0.5668530464172351,9.93879508972168
1785982596.5626721,0.006032733712345362,0.04384941607713699,-0.006878029089421039,0.7697710394859314,-0.7893303632736194,9.870668411254883
1785982596.603672,0.018157383427023888,0.04656107351183891,-0.010888155549764638,-0.00769902765750885,-0.3195249140262592,9.656155586242676
1785982596.6206722,0.02529802732169628,0.04718707874417305,-0.00716685643419624,-0.1123512014746666,-0.150236517190932,9.901025772094727
1785982596.6386647,0.010881183668971062,0.04596106708049774,-0.005912211257964378,-0.9509835839271545,0.49448648095131037,9.688541412353516
1785982596.6616647,0.039648257195949554,0.0541100800037384,-0.008468568325042732,-0.5486266613006592,0.5164163112640393,9.819195747375488
1785982596.6786647,0.03543543443083763,0.04301339015364647,-0.002913955366238957,-2.4755020141601562,-0.5393847823142993,10.395170211791992
1785982596.7016647,0.03182892128825188,0.060277774930000305,-0.00954333413392306,-2.4755020141601562,-0.5393847823142993,10.395170211791992
1785982596.7196648,0.04000177979469299,0.06007513403892517,-0.006009610369801528,-0.6853652596473694,-0.012111157178877563,9.97735595703125
1785982596.7426572,0.022086841985583305,0.06571783870458603,-0.011100949719548234,-0.6853652596473694,-0.012111157178877563,9.97735595703125
1785982596.7606573,0.026491397991776466,0.06889917701482773,-0.01750325597822667,-0.6853652596473694,-0.012111157178877563,9.97735595703125
1785982596.7776573,0.014142168685793877,0.026624143123626706,-0.015277143567800525,-0.17513373494148254,-0.3562213778495777,9.683741569519043
1785982596.8016572,0.0071414136327803135,0.013620064593851563,-0.022177614271640778,-0.7141985297203064,0.3942779898643506,10.17476749420166
1785982596.8196573,-0.0010990160517394543,0.01774300821125507,-0.02172864228487015,0.9765487313270569,-0.30674892663955566,9.833255767822266
1785982596.84265,-0.02540409378707409,0.01743773557245731,-0.029021413996815685,1.569161295890808,-0.3072645664215076,9.380029678344727
1785982596.85965,-0.038889080286026,0.015358185395598408,-0.030094016343355182,0.24500928819179535,-0.8381314277648914,9.701410293579102
1785982596.8836498,-0.05438229814171791,0.025886101648211472,-0.043824151158332825,0.6313870549201965,-0.18843083083629486,9.897236824035645
1785982596.9006498,-0.07780705392360687,0.05083415657281875,-0.0380735956132412,0.6313870549201965,-0.18843083083629486,9.897236824035645
1785982596.9236498,-0.08116987347602844,0.058086715638637536,-0.03763809427618981,-0.13940003514289856,-0.13575661182403445,9.783283233642578
1785982596.9416423,-0.0720553770661354,0.07266432046890259,-0.04938268661499024,-0.16778400540351868,-0.2443383038043964,9.658178329467773
1785982596.9646423,-0.045713771134614944,0.05378190428018569,-0.04543911665678025,-0.6628225445747375,0.5256510376930249,10.16118335723877
1785982596.9826422,-0.024085363373160362,0.049597382545471184,-0.051172971725463874,-1.126542091369629,-0.6304091811180103,9.787247657775879
1785982596.9996421,-0.01355784572660923,0.04249493405222892,-0.04207886382937432,-1.126542091369629,-0.6304091811180103,9.787247657775879
1785982597.0226421,0.0028849211521446705,0.02940668538212776,-0.04029615223407746,-0.45488613843917847,-0.39085423946380493,9.874663352966309
1785982597.039635,0.02859368734061718,0.03223403170704841,-0.032893687486648567,-1.1279476881027222,-0.3058710992336261,9.919775009155273
1785982597.057635,0.05073069408535957,0.01600295305252075,-0.02387202344834805,0.13283778727054596,-0.5175154209136951,9.93436336517334
1785982597.080635,0.0551079623401165,0.021878052502870556,-0.024553956463932994,0.0699252188205719,-0.0787714272737491,9.906865119934082
1785982597.098635,0.04580916464328766,0.022134929895400998,-0.02416310086846352,-0.450897753238678,-0.1335074156522739,9.789839744567871
1785982597.121635,0.0737636610865593,0.041080500930547714,-0.009578045457601552,-1.09619140625,0.38073635101318487,10.45166301727295
1785982597.1396277,0.06652609258890152,0.055626362562179565,-0.014478747732937343,0.33855438232421875,0.12298201024532439,9.803170204162598
1785982597.1626277,0.06359242647886276,0.0693020224571228,-0.0027339051011949864,-0.16976222395896912,0.3943721652030957,9.861919403076172
1785982597.1806276,0.06967885792255402,0.06980064511299133,-0.002874249359592804,-0.46430689096450806,-0.9747145175933826,10.134943962097168
1785982597.1976275,0.08168131113052368,0.061873458325862885,-0.00966308172792197,1.2014200687408447,0.5232104659080518,9.59616756439209
1785982597.2206275,0.04657605662941933,0.04631691798567772,-0.0009304190753027853,1.2014200687408447,0.5232104659080518,9.59616756439209
1785982597.26162,0.049095164984464645,0.0809185802936554,-0.012311818078160296,-0.09427302330732346,0.5633819103240979,10.025789260864258
1785982597.2786202,0.04122939705848694,0.0730120837688446,-0.0055489330552518455,-1.8007091283798218,-0.8551107645034778,10.306344985961914
1785982597.3016202,0.027961278334259987,0.06638658791780472,-0.022361706942319877,-1.6515533924102783,-0.15040929615497464,10.086835861206055
1785982597.3196201,0.015207523480057716,0.04282375797629356,-0.029046980664134033,0.13365165889263153,-0.7341491580009448,10.060730934143066
1785982597.3426125,-0.015134853310883045,0.007926106452941891,-0.030230257660150528,-0.20685237646102905,-0.027816668152807946,9.76570987701416
1785982597.3606124,-0.02866952493786812,-0.003961562644690279,-0.029658321291208267,-0.21764016151428223,-0.3983240723609912,9.96392822265625
1785982597.4016125,-0.07006312161684036,-0.016536796465516094,-0.024766661226749417,0.6703963279724121,-0.16435256600379827,9.409116744995117
1785982597.4246125,-0.07350762188434601,-0.02074295468628407,-0.03416407108306885,1.460087537765503,-0.4375662803649891,9.203402519226074
1785982597.4416049,-0.06091190502047539,-0.02611094899475575,-0.03834950178861618,-0.7980910539627075,-0.11005525290965909,10.149308204650879
1785982597.4826047,-0.04944770410656929,-0.07319177687168121,-0.0444580316543579,-1.2592954635620117,-0.30091291666030767,9.70063304901123
1785982597.5236049,-0.04141727089881897,-0.1115434467792511,-0.03587544336915015,1.1309412717819214,0.19528205692768216,9.676928520202637
1785982597.540597,-0.03527193143963814,-0.10815633833408356,-0.03296550735831259,-0.1091884970664978,0.45953822135925415,10.103623390197754
1785982597.563597,-0.011871271766722202,-0.10102464258670807,-0.03740267455577849,-0.1091884970664978,0.45953822135925415,10.103623390197754
1785982597.5815969,0.004616428166627884,-0.13625597953796387,-0.02796200104057787,-0.42520883679389954,-0.22197882831096524,10.08802604675293
1785982597.6045969,0.01797300949692726,-0.13742461800575256,-0.034141711890697465,-1.3607476949691772,0.04856173694133887,10.500175476074219
1785982597.622597,0.02374447137117386,-0.13082221150398254,-0.03190120309591292,-1.8344265222549438,-0.16498613357543818,10.366077423095703
1785982597.645589,0.04143936559557915,-0.16201911866664886,-0.019398719072341898,-1.5327473878860474,0.221116825938226,10.035037994384766
1785982597.6635892,0.08446051925420761,-0.14990700781345367,-0.024018207564949972,-2.4755704402923584,-0.8468768596649158,9.978575706481934
1785982597.6805892,0.10843680799007416,-0.1282607764005661,-0.0216011945158243,-1.022642731666565,-0.39305168390273937,9.281686782836914
1785982597.7035892,0.16431961953639984,-0.09710772335529327,-0.01693144254386424,-0.01585005223751068,-0.5046824216842639,9.776641845703125
1785982597.7205892,0.19287055730819702,-0.05363127961754799,-0.017081586644053452,-0.4424620568752289,0.11798669397831081,9.666019439697266
1785982597.7445812,0.2217581421136856,0.02048263698816299,-0.018748596310615543,0.7423973083496094,0.1204051226377499,9.6487398147583
1785982597.7615812,0.23759979009628296,0.011305400170385838,-0.00285419635474682,0.9738602638244629,-0.2608313262462604,9.931196212768555
1785982597.7795813,0.2705308794975281,0.0017876225756481288,-0.0009784108260646465,-0.874360203742981,0.21509154140949371,9.890256881713867
1785982597.8025813,0.25277718901634216,0.0007919704075902692,-0.007310142740607262,-0.874360203742981,0.21509154140949371,9.890256881713867
1785982597.8205812,0.23381511867046356,-0.008274441584944725,0.0004377820296213041,-1.5138444900512695,-1.2090084552764881,9.69250202178955
1785982597.8435736,0.20027917623519897,-0.01746406778693199,0.011848428286612036,1.6737698316574097,-0.1622455120086658,9.804587364196777
1785982597.8615735,0.16615335643291473,-0.008830021135509014,0.003799969796091319,0.6489642858505249,0.35818463563919184,9.711181640625
1785982597.8785737,0.1514182835817337,-0.005235838703811166,0.017939936369657516,-0.020129069685935974,-0.5240706801414478,9.8916597366333
1785982597.9195735,0.13186703622341156,-0.012230013497173784,0.00950181018561125,1.8950221538543701,0.42202252149582026,9.31404972076416
1785982597.9425657,0.10675929486751556,-0.023821879178285595,0.015357269905507568,0.39323726296424866,-0.26065459847450134,9.81028938293457
1785982597.9605656,0.10104493051767349,-0.05274020507931709,0.020843699574470527,0.2706758975982666,0.05926682054996609,9.708162307739258
1785982597.9775655,0.07907374203205109,-0.07592947781085968,0.020998680964112292,0.18898609280586243,-0.450568377971648,9.629347801208496
1785982598.0005655,0.07968122512102127,-0.08621179312467575,0.032186575233936324,-0.37357664108276367,0.11718814074993253,9.753802299499512
1785982598.0185657,0.04164210334420204,-0.05723226070404052,0.030545610934495933,-0.21372702717781067,-0.16758917272090787,10.151872634887695
1785982598.0415583,0.03279720991849899,-0.06249157339334487,0.032212764024734504,-0.21372702717781067,-0.16758917272090787,10.151872634887695
1785982598.0645583,0.048547472804784775,-0.08128877729177475,0.03150621429085732,0.08573707938194275,-0.5048959255218494,9.560595512390137
1785982598.0825582,0.04291455075144768,-0.08991129696369171,0.03047698736190797,-1.1511297225952148,0.07969303429126864,10.191754341125488
1785982598.099558,0.03907431289553642,-0.0880354791879654,0.037052746862173094,0.08547618985176086,-0.9076701402664172,9.704215049743652
1785982598.1235583,0.029914386570453644,-0.09391546994447708,0.040951266884803786,0.7717260122299194,-0.6678236722946155,9.631290435791016
1785982598.1405509,0.010188150219619274,-0.10962004959583282,0.03266832977533342,-1.50722074508667,-0.10296076536178468,9.866718292236328
1785982598.1635509,0.010585487820208073,-0.11370941251516342,0.04583431407809259,-0.3178812265396118,-0.5824123620986926,9.757633209228516
1785982598.1815507,0.008054663427174091,-0.11675205081701279,0.039398312568664565,-0.579432487487793,-0.07463254779577137,9.657796859741211
1785982598.1985507,-0.005517169367522001,-0.09895934164524078,0.032699290663003935,-0.5501785278320312,-0.15562209486961243,9.880535125732422
1785982598.2225509,-0.027502506971359253,-0.09277378022670746,0.03740192204713823,-0.2971837520599365,-0.3260427713394153,9.778575897216797
1785982598.2625432,-0.04458494856953621,-0.05393647775053977,0.03688712790608407,-0.9557234048843384,-0.2843258380889881,9.668484687805176
1785982598.280543,-0.035609789192676544,-0.03566078841686248,0.03905560821294785,-0.30790695548057556,-0.16309313476085546,9.577574729919434
1785982598.303543,-0.03444458544254303,-0.04252416267991065,0.03170819953083993,-0.5137468576431274,-0.3373492360115039,9.85036563873291
1785982598.3215432,-0.02547368034720421,-0.04143950715661048,0.03737311065196992,-0.8812702894210815,-0.19805574417114138,9.84804630279541
1785982598.3625357,0.0048643662594258785,-0.008813290856778616,0.036139052361249924,-0.4803866147994995,-0.006664812564848636,9.944533348083496
1785982598.3975356,0.004673813935369253,0.007860363461077217,0.03458360210061073,-0.08439187705516815,-0.12660421431064486,9.727991104125977
1785982598.4205356,0.007818516343832016,0.015340025536715988,0.03287621960043907,-2.3109705448150635,-0.8775910735130298,10.068693161010742
1785982598.443528,-0.018104275688529015,0.025506023317575458,0.03191520646214485,-0.3618307113647461,-0.3787151575088489,9.946639060974121
1785982598.461528,-0.014915701001882553,0.008187521249055866,0.027936968952417374,-0.4149078130722046,-0.2809621691703784,9.943800926208496
1785982598.484528,-0.01322929747402668,0.030035272240638736,0.026539037004113194,-0.4149078130722046,-0.2809621691703784,9.943800926208496
1785982598.501528,-0.004860748071223497,0.026999436318874363,0.025963732972741124,-1.3201082944869995,-0.004165768623350854,9.772262573242188
1785982598.519528,-0.009959140792489052,0.013031515292823318,0.021804990246891975,-0.027312494814395905,-0.20491454005241275,9.810060501098633
1785982598.5425198,-0.01888076774775982,0.03600502386689186,0.02377248182892799,-0.5560973882675171,0.486655652523042,9.912793159484863
1785982598.5605197,-0.04201993718743324,0.023232009261846546,0.01922780834138393,-0.498587429523468,-0.7703510522842394,10.430525779724121
1785982598.57752,-0.044471610337495804,0.03808097168803215,0.013890909962356085,-0.820268988609314,0.08513991534710055,10.17179012298584
1785982598.6015198,-0.05007051303982735,0.041023608297109604,0.018946338444948193,-0.7153615355491638,-0.7224656343460071,9.592378616333008
1785982598.6185198,-0.06131795421242714,0.04161578416824341,0.01922005973756313,0.6013194918632507,0.6239280104637158,9.738740921020508
1785982598.6415122,-0.05439768731594086,0.04296128824353218,0.013593700714409346,1.2218793630599976,-0.04503788053989292,9.6958646774292
1785982598.659512,-0.023381760343909264,0.0029116477817297003,0.01784317009150982,2.073819875717163,0.15619884431362266,9.248963356018066
1785982598.682512,-0.015340123325586319,-0.006706649903208013,0.0329633392393589,-0.09024154394865036,-0.26929879188537476,9.855428695678711
1785982598.7005122,0.00726716173812747,-0.0215778537094593,0.019627543166279796,0.3617756962776184,0.009938105940820017,10.045166015625
1785982598.7235122,0.048813723027706146,-0.04704466089606285,0.020600313320755965,-0.5590755343437195,-0.24998828768730044,9.679110527038574
1785982598.7635045,0.03591269627213478,-0.05393223464488983,0.020125141367316253,-0.3247615098953247,-0.20164756476878998,9.906228065490723
1785982598.7815044,0.04230766370892525,-0.054764710366725915,0.029201528057456023,0.541629433631897,-0.3145503997802722,10.008790016174316
1785982598.7985044,0.028594614937901497,-0.04496486112475395,0.019538976252079017,-0.9062418341636658,-0.059306956827639305,10.027820587158203
1785982598.8225045,0.02059074677526951,-0.024888714775443074,0.025596588850021366,0.0035592764616012573,-0.06843487173318742,9.86641788482666
1785982598.8394969,0.01271914504468441,-0.00713727856054902,0.008707780390977861,-1.6245014667510986,-0.023561105132101762,9.841498374938965
1785982598.8574967,0.004353371914476156,-0.0035039326176047316,0.007375696673989296,-0.24086196720600128,0.18469829857349515,9.78067398071289
1785982598.8804967,0.014245888218283653,-0.005491086747497319,0.008600219152867794,-1.8113723993301392,0.6228244304656995,9.776952743530273
1785982598.8984969,0.014347227290272713,0.0070323627442121514,0.0058971019461750976,-0.2440052032470703,-0.3749192953109729,9.772326469421387
1785982598.9214969,-0.0034118574112653732,-0.007344577927142381,0.007008796092122794,-0.5364541411399841,0.8600777983665479,9.704941749572754
1785982598.944489,-0.0015293178148567677,0.015615139156579971,-0.006597668398171665,-0.7978284955024719,-0.10587894171476242,9.96546745300293
1785982598.9624891,-0.007958739064633846,0.028327006846666336,-0.003347517922520641,0.11829374730587006,0.06616623699665192,9.919405937194824
1785982598.979489,-0.04481733217835426,0.050472866743803024,-0.0047038597986102165,-1.4253439903259277,-0.5136062502861011,9.989956855773926
1785982599.003489,-0.06486818939447403,0.07094959914684296,-0.011667721904814252,0.6281000971794128,-0.07996663451194638,10.163552284240723
1785982599.020489,-0.08746860921382904,0.05287788063287735,-0.0004042937653139298,-1.919112205505371,-0.291636526584624,10.159012794494629
1785982599.0434813,-0.08662018924951553,0.0683138370513916,0.002202642150223247,0.28433680534362793,0.29903769493103144,9.519922256469727
1785982599.0604813,-0.0750274658203125,0.06852583587169647,-0.006887007504701623,-0.3671860098838806,0.1541181951761258,9.923336029052734
1785982599.0784814,-0.0499267615377903,0.07025571912527084,0.005533166695386163,0.49944597482681274,0.25885075330734375,9.874778747558594
1785982599.1014814,-0.02228379435837269,0.05512020364403725,-0.003217537421733148,-1.2948142290115356,0.9847202897071851,9.835840225219727
1785982599.1194813,0.008420418947935104,0.03952925652265549,0.005094699095934624,1.8896145820617676,-0.5444106459617603,9.683877944946289
1785982599.1424737,-0.005871474742889404,0.023555880412459373,-0.0004503772361204057,-0.057387836277484894,0.20483087003231168,9.642135620117188
1785982599.1594737,0.008495567366480827,0.04161660000681877,0.001364765455946321,-0.290385901927948,0.37991410493850825,9.696942329406738
1785982599.1774738,0.02601967193186283,0.003451484255492688,0.0065009258687496185,0.10853339731693268,-0.5259016156196582,9.84658432006836
1785982599.2004738,0.035756323486566544,0.0024128914810717115,0.005827633198350668,0.15911252796649933,0.4177015423774731,9.696934700012207
1785982599.2244737,0.023747699335217476,-0.03128601238131523,0.010531268082559112,-2.0606613159179688,0.8433797955513013,9.625941276550293
1785982599.241466,0.03155770152807236,-0.04690873250365257,0.003581958124414092,1.2223169803619385,-0.20535713434219238,10.038238525390625
1785982599.258466,0.0442025326192379,-0.06787124276161194,0.0074970708228647796,1.2223169803619385,-0.20535713434219238,10.038238525390625
1785982599.281466,0.03922182694077492,-0.03902130946516991,0.014711179770529275,0.0017428100109100342,-0.14198738336562988,9.94772720336914
1785982599.2994661,0.04060295224189758,-0.026500144973397255,0.004495152272284034,0.15914581716060638,0.24004025757312894,9.829504013061523
1785982599.3224661,0.04418938234448433,-0.002431759610772132,0.007825402542948723,-0.5754217505455017,0.10274653136730315,9.880366325378418
1785982599.3404584,0.04965430498123169,0.02637195587158203,0.0003270477172918585,-0.7978149056434631,-0.2569509446620929,10.19369125366211
1785982599.3584583,0.06239969655871391,0.04184660688042641,0.0051364507526159234,-0.2405049204826355,0.4574639797210705,9.533232688903809
1785982599.3814583,0.04578564316034317,0.04056643694639206,0.01082558929920196,-0.3008025884628296,0.0805099755525601,9.910907745361328
1785982599.4224584,0.025186728686094284,0.03518126904964447,0.015096698887646195,-0.3008025884628296,0.0805099755525601,9.910907745361328
1785982599.4454508,0.018561843782663345,0.058284610509872437,0.016596475616097443,-1.5507831573486328,0.43291532993316767,9.745277404785156
1785982599.4624507,0.01979035511612892,0.058790843933820724,0.009480097331106656,-0.2530917227268219,0.06666396558284883,10.0349702835083
1785982599.4804506,0.015668440610170364,0.03900199756026268,0.015260893851518626,0.1985885053873062,0.4501167535781872,9.654300689697266
1785982599.5034506,0.032014671713113785,0.03317146748304367,0.01734223775565624,-0.4438498616218567,0.603637218475343,9.72266960144043
1785982599.5204506,0.020228609442710876,0.017681099474430088,0.02006799168884754,-0.5883945822715759,-0.03999085724353667,10.078367233276367
1785982599.5434427,0.015985921025276184,0.021108746528625492,0.01938102394342422,-0.27034538984298706,-0.47591787576675293,10.086502075195312
1785982599.5614429,-0.0001231892965734005,0.030640097334980968,0.01591064967215061,-0.27034538984298706,-0.47591787576675293,10.086502075195312
1785982599.5794427,-0.028121966868638992,-0.008131470531225201,0.02531430684030056,0.1445484608411789,-0.8923787474632251,10.315624237060547
1785982599.6194427,-0.03313913941383362,-0.011434922926127909,0.01368894334882498,-0.09900062531232834,-0.02966947853565096,9.81245231628418
1785982599.6434352,-0.024545591324567795,-0.00610080314800143,0.01781967282295227,-0.6255019307136536,-0.17118744552135345,9.981684684753418
1785982599.6604354,0.009217051789164543,-0.015830691903829575,0.0031185988336801546,-0.5647109150886536,0.018678486347199694,9.870026588439941
1785982599.6784353,0.024485819041728973,-0.007450946141034365,-0.0027302596718072883,0.3061203956604004,0.25021594762802246,9.791611671447754
1785982599.7014353,0.0057925330474972725,0.020488308742642403,-0.009194390848279001,-1.003605842590332,-0.11286278069019201,9.547375679016113
1785982599.7244353,0.0056637367233633995,0.01683986932039261,0.0033831370528787353,0.08874496817588806,0.11053158342838405,9.684945106506348
1785982599.7414277,0.011570225469768047,0.016599303111433983,-0.014049252495169641,-0.035679444670677185,-0.22759407758712646,10.015405654907227
1785982599.7594275,0.019072111696004868,-0.014207215048372747,-0.009614272043108938,-0.5297048091888428,-0.0719678923487651,10.026658058166504
1785982599.7834277,0.025401394814252853,-0.015033978037536144,-0.003665032330900429,0.6696173548698425,-0.11738760024309038,9.856689453125
1785982599.8004277,0.05177973955869675,-0.02497052401304245,-0.0043367114849388565,0.14796335995197296,-0.1905929297208774,9.856494903564453
1785982599.8414197,0.07967544347047806,-0.019604364410042763,-0.004365850239992139,-0.36595648527145386,0.10703836381435515,9.880035400390625
1785982599.8584197,0.07400219142436981,-0.01918121427297592,-0.007755908183753488,0.04191945493221283,-0.2159591317176807,9.774271011352539
1785982599.8824198,0.07886175066232681,-0.02029832825064659,-0.01372933480888605,0.7525409460067749,-0.282864063978194,9.718827247619629
1785982599.8994198,0.05184449627995491,-0.03352757543325424,-0.014078934676945206,-0.5374563336372375,-0.8885059356689441,10.422685623168945
1785982599.9224198,0.03280675411224365,-0.03395625576376915,-0.027242880314588543,-0.5374563336372375,-0.8885059356689441,10.422685623168945
1785982599.9404118,-0.0005941377021372318,-0.010887551121413711,-0.029476109892129898,-0.5374563336372375,-0.8885059356689441,10.422685623168945
1785982599.9574118,-0.027672238647937775,-0.012254685163497928,-0.021866343915462494,-0.7379422783851624,0.2341672331094754,10.029738426208496
1785982599.9814117,-0.06212746724486351,0.04114801809191703,-0.030081568285822872,0.6410225033760071,-0.17357945442199582,10.088830947875977
1785982599.998412,-0.05826134234666824,0.052780162543058395,-0.028231412172317512,-0.6973868608474731,-0.7732497453689563,10.067018508911133
1785982600.044404,-0.08392456918954849,0.03537030145525932,-0.007751179859042172,0.25436919927597046,0.005399659276009794,9.69957160949707
1785982600.0624042,-0.06544801592826843,0.024817654862999916,-0.005219661630690101,0.7088244557380676,0.9366104006767284,9.283303260803223
1785982600.079404,-0.06260944902896881,0.06750945001840591,-7.159191591200314e-05,0.44772869348526,-0.9469823837280261,9.960082054138184
1785982600.102404,-0.057918984442949295,0.0621679462492466,0.012842794880270951,1.1115224361419678,-0.20606252551078674,9.873608589172363
1785982600.120404,-0.05402328073978424,0.07689495384693146,0.0024405457079410458,-1.1105594635009766,0.05442975461483122,9.794306755065918
1785982600.1433961,-0.050627972930669785,0.07317844033241272,0.009597580879926673,-1.1105594635009766,0.05442975461483122,9.794306755065918
1785982600.1843963,-0.031146254390478134,0.04048584774136543,0.022010343149304386,0.26169461011886597,0.45179790258407715,9.899086952209473
1785982600.2023962,-0.04718879237771034,0.02612780220806599,0.030354648828506466,-0.1871761530637741,0.11471642553806426,9.855058670043945
1785982600.219396,-0.060364238917827606,0.0101273013278842,0.030179789289832115,0.061414554715156555,-0.32615828514098993,10.210908889770508
1785982600.2433884,-0.05045586824417114,0.005774496588855985,0.02771822176873684,-1.6302498579025269,0.5873841047286998,9.441784858703613
1785982600.2603884,-0.05292597413063049,-0.020967274904251095,0.03980211913585663,-0.5095977187156677,0.2152878493070614,9.459569931030273
1785982600.2773886,-0.05761469900608063,-0.03107708506286144,0.034021120518445976,-0.16781418025493622,0.4165985584259045,9.489662170410156
1785982600.3003886,-0.03401816263794899,-0.04103157669305801,0.04299243167042733,-0.5530107021331787,0.049467131495477,10.028533935546875
1785982600.3183885,-0.025914084166288376,-0.03724496811628341,0.03045085817575455,-0.3619822859764099,0.5575655698776257,9.875604629516602
1785982600.3413804,0.003623632714152336,-0.068382628262043,0.029067240655422218,0.4691322445869446,0.436524033546449,9.91151237487793
1785982600.3593802,-0.004819798283278942,-0.0752059668302536,0.029134491458535205,0.4487452208995819,-0.3952013850212085,9.999008178710938
1785982600.3823802,0.003984715323895216,-0.047261234372854226,0.02940627187490464,-1.1000823974609375,0.6308882832527172,9.511704444885254
1785982600.4003804,0.011013941839337349,-0.0005147726042196118,0.030018944293260574,0.760352373123169,-0.47768956422805664,10.163792610168457
1785982600.4233804,-0.007028042338788509,0.011740314774215225,0.03324718400835991,-0.7969194650650024,0.8644943833351146,9.500577926635742
1785982600.440372,-0.008303198963403702,0.025682140141725544,0.01416639797389507,-0.04136723279953003,0.6446423530578624,9.457873344421387
1785982600.4643722,-0.013390559703111649,0.010897031985223295,0.012610377743840216,0.02555517852306366,0.1581932008266461,9.771221160888672
1785982600.481372,-0.021806884557008743,0.017037555575370792,0.016427889466285702,0.4210531413555145,-0.08995116502046463,9.922365188598633
1785982600.499372,-0.019195064902305603,-0.012711943127214907,0.009116425178945066,0.48256751894950867,-0.10625706613063693,9.780095100402832
1785982600.522372,-0.06531233340501785,-0.00514006847515702,0.02046588808298111,0.20690152049064636,0.07672536373138555,10.451570510864258
1785982600.5403638,-0.06715347617864609,-0.006980639882385731,0.0027466444298625,0.5481564998626709,-0.5348839759826647,10.443391799926758
1785982600.5623639,-0.08292430639266968,-0.014462673105299473,0.0006281726527959126,-0.028765685856342316,0.37362378835678217,9.676562309265137
1785982600.580364,-0.11324042826890945,-0.012043236754834652,0.002396242227405311,-0.2215244472026825,-0.32811999320983765,10.050692558288574
1785982600.603364,-0.1137327253818512,-0.01871570199728012,-0.013320075348019598,-0.2556174099445343,-0.3461624681949603,9.880322456359863
1785982600.6213639,-0.08769722282886505,-0.04885662719607353,-0.01014128047972917,-0.7677401304244995,-0.012548685073851342,9.78095817565918
1785982600.6383562,-0.07810062170028687,-0.035928841680288315,-0.014692504890263075,1.7656760215759277,-0.4935755133628833,10.172417640686035
1785982600.6613562,-0.07679606974124908,-0.04486648365855217,-0.007409688550978894,-0.05597978085279465,0.07977244257927062,9.895675659179688
1785982600.6793563,-0.08158498257398605,-0.04366164654493332,-0.013346203602850432,0.7556557655334473,-0.7548649311065662,10.123689651489258
1785982600.7023563,-0.06711842119693756,-0.06300109624862671,-0.023901604115962975,-0.27240580320358276,0.02648730576038481,9.836609840393066
1785982600.7203562,-0.04886673018336296,-0.047725703567266464,-0.012379632331430907,-0.14552858471870422,0.7490490674972546,9.66721248626709
1785982600.761356,-0.04350773245096207,-0.009882897138595583,-0.013917165808379648,-0.32124626636505127,-0.12443679571151614,9.755316734313965
1785982600.784356,-0.02778150700032711,0.014512117020785807,-0.017790967598557476,-0.03039601445198059,-0.2691254615783679,9.8788480758667
1785982600.8023562,-0.009993618354201317,0.013054733164608477,-0.011426020413637163,-1.1581196784973145,1.0341553688049328,9.474244117736816
1785982600.8193562,-0.014864621683955193,0.01695244386792183,-0.012980460189282896,1.3210794925689697,0.9321542382240308,9.770158767700195
1785982600.8423483,-0.004195040091872215,0.023783568292856213,-0.02152674272656441,1.3210794925689697,0.9321542382240308,9.770158767700195
1785982600.8593483,-0.009392356500029564,0.026476809754967686,-0.019016278907656673,0.05204850435256958,0.1556878685951245,9.865239143371582
1785982600.8773482,-0.006842170376330614,0.03501315042376518,-0.012724392116069797,-0.7957744598388672,0.6814047098159802,9.791622161865234
1785982600.9183483,-0.01285131648182869,0.003072216873988507,-0.01945512369275093,0.8326715230941772,-0.5266371965408313,10.108624458312988
1785982600.9413404,-0.008498283103108406,-0.007956313900649551,-0.03454383462667465,-0.2689971327781677,0.7636470198631298,9.307604789733887
1785982600.9593403,-0.010528316721320152,-0.015359707176685337,-0.03376149758696556,1.9330333471298218,-0.19861832261085385,10.136895179748535
1785982600.9823403,-0.018881861120462418,0.0011423418764024934,-0.03269417583942413,1.9330333471298218,-0.19861832261085385,10.136895179748535
1785982600.9993403,0.0018124761991202831,0.0011086616432294226,-0.019997000694274902,0.14642542600631714,0.036907464265824565,9.77510929107666
1785982601.0233405,0.013398716226220131,-0.0017064020503312367,-0.013362410478293896,-0.510147750377655,0.429260313510896,9.78073501586914
1785982601.0403323,0.013082308694720268,-0.011858902871608738,-0.022126013413071632,-0.279402494430542,-0.25477659702300903,9.82405948638916
1785982601.0633323,0.017452968284487724,-0.021216245368123055,-0.011508009396493433,-0.6011700630187988,0.28268432617187617,9.490540504455566
1785982601.0803325,0.0053093708120286465,-0.03022880852222443,-0.02277397736907005,-0.18792396783828735,-0.2510944008827197,9.943629264831543
1785982601.0983324,0.00943305715918541,-0.027207171544432644,-0.01945526339113712,-0.6275066137313843,0.1298500895500195,9.839606285095215
1785982601.1213324,0.003701369743794203,-0.013670588843524458,-0.011490400880575178,-0.23786509037017822,-0.006051450967787501,9.756928443908691
1785982601.139324,0.010229641571640968,-0.004421132151037456,-0.013106313534080982,-0.7416479587554932,-0.4170072078704822,9.77171802520752
1785982601.162324,-0.012075958773493767,0.0035644022282212973,-0.0008286235388368372,-0.277463436126709,0.002757847309113758,9.872379302978516
1785982601.180324,-0.028342949226498604,0.028417665511369705,0.002198200207203623,-0.47317424416542053,0.3481867909431469,9.70065689086914
1785982601.203324,-0.02859455905854702,0.03780089691281319,-0.0020541166886687326,-0.3561168313026428,-0.05959600210189699,9.818089485168457
1785982601.220324,-0.02762131579220295,0.04805677756667137,0.008020221255719657,-0.5967918634414673,0.28527611494064453,9.869949340820312
1785982601.261316,-0.0022697546519339085,0.06903448700904846,0.015241397544741622,-0.051911212503910065,-0.4459559619426715,10.021446228027344
1785982601.278316,0.01708485744893551,0.08187884837388992,0.015411448664963235,-0.8430756330490112,0.46672070026397827,9.877528190612793
1785982601.302316,0.057440586388111115,0.1208677813410759,0.012806726619601234,-0.3514363765716553,0.5102807283401501,9.727686882019043
1785982601.3193161,0.06445470452308655,0.12085558474063873,0.006125485524535164,0.2673313617706299,-0.08375847339630006,9.825233459472656
1785982601.343316,0.08306583017110825,0.10935170948505402,0.020052671432495103,0.2673313617706299,-0.08375847339630006,9.825233459472656
1785982601.360316,0.10664884001016617,0.12909123301506042,0.010577948763966545,0.266404390335083,-0.821941792964934,10.616914749145508
1785982601.383316,0.11365784704685211,0.13875369727611542,0.008470997214317304,1.1164965629577637,-0.589086592197417,10.16260814666748
1785982601.401316,0.10061907023191452,0.14168594777584076,0.0035158172249793833,0.22138582170009613,-0.16404068470001099,10.0117769241333
1785982601.4183161,0.1065153032541275,0.14835332334041595,0.0014664219925179895,-0.28530722856521606,-0.37092059850692627,10.116621017456055
1785982601.4423082,0.09573381394147873,0.1324184089899063,0.013686169870197757,-0.46310335397720337,-0.1278754472732532,9.850708961486816
1785982601.4593081,0.0714513435959816,0.1224386915564537,0.00335621833801268,-0.6831432580947876,-0.02323828637599823,9.97181510925293
1785982601.477308,0.10212904214859009,0.10389135777950287,0.004725305363535868,-0.4052913188934326,0.36664640903473017,9.568608283996582
1785982601.500308,0.07947075366973877,0.10639399290084839,0.002999440301209675,0.6297097206115723,-0.18093168735504028,9.983087539672852
1785982601.517308,0.0785791426897049,0.08752720057964325,-0.0006039487780071902,-0.07867386192083359,-0.4283888936042773,10.344297409057617
1785982601.5412998,0.067265585064888,0.0812860056757927,-0.0053643374703824616,-0.2073972225189209,0.2594859600067151,9.943191528320312
1785982601.5583,0.048555564135313034,0.08543305844068527,-0.005221330095082532,-0.6441901922225952,0.3718205094337475,9.647405624389648
1785982601.5813,0.04658377543091774,0.05308271571993828,-0.010792544111609466,0.1099066287279129,-0.25995868444442627,9.835650444030762
1785982601.5993,0.046641916036605835,0.030276991426944733,-0.0018103043548762835,0.17457576096057892,-0.19797180593013644,9.789419174194336
1785982601.6223,0.043138712644577026,0.008365986868739126,-0.008667320944368841,0.8129815459251404,-0.07928595691919202,10.169637680053711
1785982601.640292,0.046319954097270966,-0.008490408770740032,0.006096723023802043,-1.517529010772705,0.21839825809002042,9.851479530334473
1785982601.663292,0.0706220343708992,-0.009495630860328676,-0.00753090577200055,-0.41319262981414795,-0.6409524679183948,9.922135353088379
1785982601.680292,0.07262938469648361,-0.009392444044351578,-0.0025600823573768126,-0.18800687789916992,0.004464343190194391,9.912276268005371
1785982601.698292,0.06964322924613953,0.012517174705862997,-0.010982273146510126,-0.18800687789916992,0.004464343190194391,9.912276268005371
1785982601.721292,0.06217709928750992,0.03290414437651634,-0.010044223628938202,-0.36488592624664307,0.13496391475200775,9.873699188232422
1785982601.7452843,0.057907380163669586,0.03827736899256706,-0.004797727800905709,-0.36488592624664307,0.13496391475200775,9.873699188232422
1785982601.7622843,0.06399763375520706,0.04162079468369484,-0.0076747280545532755,-0.05079919099807739,0.5185410976409924,9.848684310913086
1785982601.7802844,0.06914414465427399,0.04216606542468071,-0.00735702039673925,1.3681825399398804,-1.21775448322296,10.39884090423584
1785982601.8022842,0.07335173338651657,0.05203307420015335,-0.006733117159456021,-1.3281553983688354,-0.4128336012363422,9.496015548706055
1785982601.8212843,0.07303658872842789,0.05127737298607826,-0.0036431322805583538,-1.3281553983688354,-0.4128336012363422,9.496015548706055
1785982601.8442767,0.06384103745222092,0.03935198113322258,-0.0075952154584229045,-0.09675721824169159,0.020969510078431383,9.865367889404297
1785982601.8612766,0.06786318123340607,0.03325262665748596,-0.005994666833430533,-1.480538249015808,1.1828200817108165,9.55679702758789
1785982601.8842766,0.06653592735528946,0.04943397641181946,-0.0049650841392576755,0.08479525148868561,0.044283255934716464,9.721907615661621
1785982601.9022765,0.072948157787323,0.039225369691848755,8.54020327096757e-05,0.602708637714386,-0.5695593357086169,9.803741455078125
1785982601.9192767,0.07674923539161682,0.0375056266784668,-0.014175667427480226,-0.6977174878120422,-0.19258391857147095,9.941301345825195
1785982601.9432688,0.07480298727750778,0.06383447349071503,-0.01222066208720208,-0.31594330072402954,-0.1534145176410663,9.76305866241455
1785982601.9602687,0.06478047370910645,0.0672733411192894,-0.004364600870758303,0.11002679169178009,0.8863490223884594,9.063621520996094
1785982601.9782686,0.05376933142542839,0.06338562071323395,-0.0100761465728283,0.82387375831604,-0.3610252737998951,9.7425537109375
1785982602.0012686,0.046015664935112,0.04522152990102768,-0.0073787779547274165,-0.06052343547344208,0.04983656108379484,9.796031951904297
1785982602.0182686,0.050844769924879074,0.04429271072149277,-0.013025354593992238,-0.20035739243030548,-0.17008531093597293,9.843507766723633
1785982602.0422606,0.05347442999482155,0.02591441571712494,-0.011372764594852928,-0.06540261209011078,0.24948810040950894,9.810697555541992
1785982602.0642607,0.049450624734163284,0.021201351657509804,-0.00878612417727709,0.11557461321353912,0.3019150495529187,9.908171653747559
1785982602.0822608,0.0520663782954216,0.03481085225939751,-0.006531706545501952,-0.13539548218250275,0.3270553946495068,9.743762969970703
1785982602.0992608,0.05491282790899277,0.017795976251363754,-0.0028842608444392703,-0.004785627126693726,0.19680534303188446,9.924324035644531
1785982602.1232607,0.07232090830802917,0.011487067677080631,-0.006450667977333071,1.4433205127716064,-0.6575444340705859,10.212919235229492
1785982602.1402528,0.0731203556060791,0.017448298633098602,-0.009143009781837465,-1.2753961086273193,0.30820071697235224,9.394283294677734
1785982602.1632528,0.07061944901943207,0.0043195555917918665,-0.012993884272873402,-0.24916937947273254,0.1177918165922177,9.822733879089355
1785982602.1812527,0.055433932691812515,-0.004818669054657223,-0.010916193947196007,-0.159474715590477,0.5103955864906323,9.711179733276367
1785982602.2222528,0.042262617498636246,-0.017170973122119904,-0.011449095793068407,-0.03429197520017624,0.02898915112018704,9.699182510375977
1785982602.239245,0.0342397503554821,-0.02285793051123619,-0.01124919671565294,-0.13291877508163452,-0.1917692422866809,10.01956844329834
1785982602.2572448,0.03399870544672012,-0.008833259344100954,-0.01266506966203451,-0.03337562084197998,0.7203918099403394,9.638178825378418
1785982602.2802448,0.050181690603494644,-0.013254224322736265,-0.01536000147461891,-0.07860055565834045,0.35427093505859497,9.792023658752441
1785982602.3042448,0.053692836314439774,-0.01103797368705273,-0.021299680694937706,0.9107641577720642,-0.1396471560001361,9.87319278717041
1785982602.321245,0.038568492978811264,-0.018800264224410057,-0.01042954623699188,-1.8396753072738647,0.005862519145013124,9.97854232788086
1785982602.3382366,0.018243879079818726,0.010226709768176077,-0.017403556033968925,-0.296444833278656,0.5009273290634167,9.682876586914062
1785982602.3612366,0.02097463421523571,-0.02017076313495636,-0.005385600030422208,0.06767718493938446,-0.21603010594844693,10.186409950256348
1785982602.3792367,0.017667533829808235,-0.023901522159576416,-0.011168752796947953,-0.3121757507324219,0.265651047229768,9.734253883361816
1785982602.4022367,0.020343786105513573,-0.01898780278861523,-0.020294114947319027,-0.08040472865104675,0.18972724676132321,9.75870132446289
1785982602.4202366,0.011928388848900795,0.010046668350696562,-0.009570213034749033,-1.2159523963928223,0.6599085927009595,9.94204044342041
1785982602.4432287,0.022768838331103325,0.012534814886748789,-0.014575330540537836,-0.12794798612594604,0.07202517986297727,9.7390775680542
1785982602.4602287,0.021074602380394936,-0.006854585837572814,-0.0045385188423097125,-0.19961829483509064,-0.5964164733886707,10.015975952148438
1785982602.4782288,0.02581576444208622,0.01125312130898237,-0.007495042867958547,-0.19961829483509064,-0.5964164733886707,10.015975952148438
1785982602.5012288,0.021775590255856514,-0.018453342840075493,-0.0014313719002529957,-0.33247965574264526,0.43455767631530884,9.826873779296875
1785982602.5192287,0.011848915368318558,-0.0025984738022089013,-0.0059125954285264015,-0.19885432720184326,0.12999850511551023,9.827913284301758
1785982602.5422204,0.008137334138154984,-0.011548488400876522,0.0005184382898733034,-1.4185423851013184,0.6409254074096691,9.328465461730957
1785982602.5602202,0.00688812043517828,-0.024464549496769905,-0.0016957925399765342,0.9155791997909546,-0.5402050614356982,9.996607780456543
1785982602.5832202,0.017469564452767372,-0.006171549204736949,-0.004230281803756951,0.10884685814380646,0.02531836926937222,9.680842399597168
1785982602.6012204,0.024088220670819283,-0.020170755684375763,0.00650499248877168,0.3440464735031128,-0.5337942838668811,9.859663009643555
1785982602.6232202,0.026390204206109047,0.01853105239570141,-0.0034468439407646678,-0.11822721362113953,0.25643256306648377,9.787090301513672
1785982602.6412127,-0.0023838700726628304,0.010991490446031095,0.008128397166728972,-0.14124855399131775,0.2944456040859234,9.647610664367676
1785982602.6582127,-0.0013106968253850937,0.02567681297659874,0.0018468201160430876,-0.14124855399131775,0.2944456040859234,9.647610664367676
1785982602.6822126,0.02319612167775631,0.022911440581083298,-0.0024668215773999717,1.086152195930481,0.44287437200546387,9.960700988769531
1785982602.6992126,0.010070325806736946,0.02862168662250042,0.0055163078941404785,1.086152195930481,0.44287437200546387,9.960700988769531
1785982602.7222126,0.01693418063223362,0.03887764737010002,0.006013708189129825,-0.15163108706474304,0.3343129754066479,9.686978340148926
1785982602.7402048,0.012356283143162727,0.04364690184593201,0.0034185037948191114,0.22678060829639435,0.6205635070800792,9.467611312866211
1785982602.7632048,0.0211093258112669,0.03694877028465271,0.006660042796283956,0.027577057480812073,0.16169548034668088,9.707979202270508
1785982602.781205,0.01746491901576519,0.02790130488574505,0.008393296040594574,-0.039841294288635254,0.46102726459503296,10.03087043762207
1785982602.798205,0.01730676181614399,0.028961695730686188,0.010424217209219929,-0.021588608622550964,0.25809916853904846,9.866846084594727
1785982602.8222048,0.0008723493665456772,-0.0007848529494367519,0.016998277977108955,-0.18055975437164307,0.19058421254158137,9.628171920776367
1785982602.839197,-0.000695039052516222,2.5304616428930757e-06,0.015571999363601208,-0.2110089361667633,0.310170114040376,9.749441146850586
1785982602.863197,-0.00047740712761878967,0.016994783654809,0.01794992387294769,-0.4652615189552307,0.18253338336944702,9.945783615112305
1785982602.881197,0.008542443625628948,0.030951410531997684,0.014349217526614663,1.0611505508422852,-1.0188984870910631,10.257649421691895
1785982602.898197,0.00448053702712059,0.014882575720548631,0.014880488626658915,-0.40712690353393555,0.579013526439668,9.522161483764648
1785982602.921197,-0.00013070320710539818,0.028998335823416713,0.02264933474361896,0.6573694944381714,0.018687427043916,9.82893180847168
1785982602.9391887,-0.011042201891541481,0.030844300985336307,0.015481461770832535,0.14257977902889252,-0.8897061347961414,10.1080961227417
1785982602.9621887,-0.007864372804760933,0.04119853302836418,0.018132293596863743,-1.4736878871917725,0.6114267706871044,8.961587905883789
1785982603.0031888,-0.01854197308421135,0.008849878795444967,0.015977559611201286,-0.4376833438873291,0.19528540968895078,9.821365356445312
1785982603.0201888,-0.030069364234805107,0.0024935591500252507,0.018012454733252525,-0.5988661646842957,0.07869815826416135,9.762027740478516
1785982603.044181,-0.030972810462117195,-0.005632732529193161,0.01678897626698017,-0.43234241008758545,0.4300094842910778,9.725817680358887
1785982603.061181,-0.0007784990593791008,-0.012556185014545916,0.009524737484753134,-0.29062768816947937,0.08893686532974365,9.961862564086914
1785982603.101181,-0.01891232281923294,-0.03231135010719299,0.00870049558579922,-0.7825498580932617,1.05630922317505,9.493339538574219
1785982603.1191812,-0.0338326096534729,-0.042778030037879944,0.014467246830463415,0.31059718132019043,0.4737600088119519,10.171740531921387
1785982603.1421733,-0.045141980051994324,-0.043917566537857056,0.01976809464395047,0.31059718132019043,0.4737600088119519,10.171740531921387
1785982603.1601732,-0.04953976720571518,-0.032585710287094116,-8.407662244280402e-05,-0.4503890872001648,0.0006012320518505643,9.790749549865723
1785982603.1771731,-0.022578107193112373,-0.02737290225923061,0.016952024772763256,-0.5161779522895813,0.6248218417167676,9.682562828063965
1785982603.201173,-0.026551460847258568,0.014010504819452764,0.009471409022808073,0.7959194779396057,-0.6428048610687243,10.494784355163574
1785982603.2181733,-0.029948869720101357,0.007637173868715764,0.010543499141931532,-1.652143120765686,0.4165960550308239,9.421174049377441
1785982603.2411652,-0.02548833377659321,0.0013270368799567233,0.008313274011015892,-0.5108771324157715,0.2866888344287884,9.734621047973633
1785982603.2591653,-0.027914850041270256,-0.02209050580859184,0.014652090147137645,-0.48684173822402954,0.8095728158950818,9.79322338104248
1785982603.2821653,-0.02802225761115551,-0.02457253448665142,0.005158198066055777,-0.3825796842575073,0.5885151624679578,9.64864730834961
1785982603.3001652,-0.027775349095463753,-0.04314960166811943,0.011146404780447488,-0.6177515983581543,-0.060341313481329685,9.713639259338379
1785982603.3231652,-0.03957650065422058,-0.028636327013373375,0.005089383572340015,-0.24553023278713226,-0.006983906030653673,10.079360008239746
1785982603.3411582,-0.01691075786948204,0.002608031034469604,-0.002430609660223127,-1.0140550136566162,0.708092749118806,9.46880054473877
1785982603.358158,-0.011177674867212772,0.00021967320935800718,0.0036904849112033844,-1.0140550136566162,0.708092749118806,9.46880054473877
1785982603.404158,-0.015308798290789127,-0.0010169546585530038,0.0035072865430265665,-0.6432934999465942,0.20570978522300837,9.625335693359375
1785982603.422158,-0.005651680752635002,-0.003630787599831819,0.0030853815842419867,-0.49925869703292847,0.4692490696907055,9.702420234680176
1785982603.4451494,0.007008908316493034,0.003753268159925937,-0.005879695061594249,0.17852114140987396,-0.17180673778056976,9.870136260986328
1785982603.4631493,0.006760665215551853,0.008910278789699076,-0.012103159911930563,-0.441145658493042,0.16737473011016968,9.969011306762695
1785982603.4801493,0.00176995899528265,0.0066825388930737955,-0.011597313918173313,-0.47330254316329956,0.6113724112510693,9.680582046508789
1785982603.4981494,-0.027627186849713326,0.01237903907895088,-0.016055986285209656,-0.46292221546173096,0.192261189222337,9.721501350402832
1785982603.5211494,-0.04414364695549011,0.008296865969896315,-0.012891967780888082,-0.46292221546173096,0.192261189222337,9.721501350402832
1785982603.539141,-0.06783178448677063,-0.009143363684415819,-0.012113590724766253,-0.26871755719184875,0.34957575798034785,9.506750106811523
1785982603.562141,-0.0922890305519104,-0.02877179905772209,-0.013777849264442917,-0.3091505169868469,0.26688590645790217,9.537870407104492
1785982603.579141,-0.07550133019685745,-0.049918245524168015,-0.019657533615827553,0.054230451583862305,-0.12993159890174746,9.7706880569458
1785982603.6031408,-0.09337811172008514,-0.04438367113471031,-0.02169420570135116,-0.28101569414138794,0.29767861962318537,9.64858627319336
1785982603.620141,-0.07912182807922363,-0.04953034967184067,-0.015609323047101492,-0.1186867505311966,-0.30158799886703375,9.67916488647461
1785982603.6431327,-0.08107884973287582,-0.05202552676200867,-0.016619792208075516,-0.2229791134595871,0.046250045299531195,9.504816055297852
1785982603.6611328,-0.07665664702653885,-0.07726017385721207,-0.025364382192492475,-0.24398276209831238,0.26567944884300354,9.775827407836914
1785982603.6781328,-0.06162964552640915,-0.08170226961374283,-0.0227647591382265,-0.7737014293670654,0.28076282143592957,9.956777572631836
1785982603.7011328,-0.05112069845199585,-0.09168647229671478,-0.027974357828497876,-0.30372005701065063,0.7836706042289746,9.564875602722168
1785982603.7191327,-0.04259777069091797,-0.04859195277094842,-0.039632543921470635,-0.4953871965408325,0.38098132610321167,9.84367847442627
1785982603.7421248,-0.026731492951512337,-0.06108499690890312,-0.02478708326816558,-0.41785675287246704,0.8598298430442822,9.682929992675781
1785982603.7601247,-0.02836230956017971,-0.0364462323486805,-0.034321151673793786,-0.41785675287246704,0.8598298430442822,9.682929992675781
1785982603.777125,-0.03069879300892353,-0.027025785297155384,-0.029872324317693707,0.055634722113609314,0.2910283803939831,9.736050605773926
1785982603.8011248,-0.04771672934293747,-0.025106251239776615,-0.033809419721364975,-0.532699704170227,0.23264211416244626,9.74123477935791
1785982603.8241248,-0.05310115963220596,-0.01702850498259068,-0.030536331236362454,-1.1412214040756226,0.8241361975669873,9.63611125946045
1785982603.8421166,-0.04479345679283142,-0.012551589868962768,-0.03496509790420532,1.7187899351119995,0.24136635661125302,9.77400016784668
1785982603.8641167,-0.05462717264890671,0.004605423659086223,-0.03790228068828583,-0.48719388246536255,0.04993467032909513,9.758419036865234
1785982603.8821166,-0.07673151046037674,0.009955557994544503,-0.029486296698451042,0.11224167048931122,0.506728529930116,9.904166221618652
1785982603.8991165,-0.04961001127958298,0.012191750109195706,-0.03239838778972626,-0.23019000887870789,0.2839106321334851,9.829717636108398
1785982603.9171166,-0.0437716469168663,0.0014045418938621844,-0.029150433838367462,-0.3280511200428009,0.7066551446914685,9.79998779296875
1785982603.9401083,-0.04366171360015869,0.013607130385935301,-0.039964135736227036,-0.6786068677902222,1.2566692829132091,9.790678024291992
1785982603.9631083,-0.04657165706157684,-0.00029116266523488294,-0.03499418497085571,-0.41445058584213257,0.3639544248580944,9.530525207519531
1785982603.9811084,-0.050230056047439575,0.016350252553820607,-0.03520338237285614,-0.03646126389503479,0.9137336611747754,9.755583763122559
1785982604.0041084,-0.03025295026600361,0.03339568898081779,-0.03648408874869347,-0.04279260337352753,0.7124673128128064,9.972488403320312
1785982604.0221083,-0.05083474516868591,0.020099485293030735,-0.02917076833546162,-0.6868102550506592,0.2671594023704541,9.971406936645508
1785982604.0451005,-0.03835803270339966,0.026727948337793347,-0.02739503420889378,0.24377931654453278,0.5506048202514661,9.776773452758789
1785982604.0631006,-0.035826899111270905,0.017945112660527226,-0.025938721373677257,0.47520607709884644,1.320251464843751,9.660648345947266
1785982604.0801005,-0.017434317618608475,0.03989284485578537,-0.028236651793122295,-2.021125078201294,0.9640927910804761,9.93265151977539
1785982604.1031005,-0.026212094351649284,0.04860047623515129,-0.010756596922874456,-0.8044492602348328,-0.011827573180197492,9.611845016479492
1785982604.1201005,-0.010434546507894993,0.04395252466201782,-0.012058485299348836,-0.4806380867958069,0.37646102905273554,9.536006927490234
1785982604.1440923,-0.006858758628368378,0.02192898839712143,-0.010664489120244983,-0.6320441365242004,0.062043383717538134,9.85214900970459
1785982604.1610923,-0.004288417287170887,0.04302922263741493,-0.010714658536016946,-0.5195110440254211,-0.11308425664901613,9.913304328918457
1785982604.1790922,0.0009630126878619194,0.02746843546628952,-0.011305502615869049,-1.0971059799194336,0.9959989190101636,9.787314414978027
1785982604.2020922,0.02443319745361805,0.028034523129463196,-0.010676272213459018,-1.2153044939041138,0.04494774341583372,9.817492485046387
1785982604.2200923,0.04313734173774719,0.03991679847240448,-0.012055223807692533,0.9175408482551575,0.39665275812149164,9.31867790222168
1785982604.2430844,0.04426945000886917,0.03467313200235367,-0.004141590092331175,-2.467344284057617,1.2212643623352062,9.959680557250977
1785982604.2600844,0.05340368300676346,0.02975352108478546,-0.007196135818958286,0.07904596626758575,0.4731889367103589,9.785514831542969
1785982604.2780843,0.04657755047082901,0.025905923917889595,-0.008527720347046856,-1.0479893684387207,0.9084358811378491,9.541144371032715
1785982604.3010843,0.02425302006304264,0.018900010734796524,0.0013150477316230512,-0.4616156816482544,0.36385673284530756,9.611190795898438
1785982604.3190844,0.018112102523446083,0.009960287250578402,-0.010841306298971178,0.0372917503118515,-0.06494487822055696,9.807602882385254
1785982604.342076,0.029069965705275536,0.013610650785267353,0.004686194472014902,-0.8350736498832703,0.5772690176963818,9.643170356750488
1785982604.3590763,0.014401348307728767,0.018758036196231842,-0.006840601563453677,-0.9619366526603699,0.12450724840164304,9.735674858093262
1785982604.3830762,0.008907575160264969,0.026893548667430878,0.001520790625363585,-0.17944857478141785,-0.03931526839733001,10.007981300354004
1785982604.4000762,0.009904857724905014,0.03763095661997795,0.0001616457593627228,-0.6321735382080078,0.5510312318801892,9.898323059082031
1785982604.4180763,0.01121341809630394,0.031861431896686554,0.0030624810606241187,-0.32499605417251587,-0.12387530505657075,9.903569221496582
1785982604.441068,0.008783489465713501,0.013187941163778305,0.005284495651721953,0.18040506541728973,0.39570885896682856,9.530591011047363
1785982604.458068,0.011832699179649353,0.030847890302538872,-0.004623908549547199,-0.8624060153961182,0.2010270506143582,9.853432655334473
1785982604.482068,0.01253996230661869,0.008547683246433737,0.0073953322134912005,0.13341452181339264,-0.512705862522124,9.529792785644531
1785982604.499068,0.009628679603338242,0.01713438518345356,0.005205006338655947,-1.0352391004562378,0.8171647787094128,9.557897567749023
1785982604.522068,0.010454514995217323,0.00724165141582489,0.0023817727342247954,0.044505417346954346,-0.5589613914489734,9.826096534729004
1785982604.5400603,0.0026103323325514793,0.011035404168069363,0.0033850907348096358,1.5421252250671387,0.7272646427154553,9.988059043884277
1785982604.5630603,-0.012727037072181702,-0.012603423558175566,-0.008490058593451975,-0.6915490031242371,0.6662973165512097,9.643107414245605
1785982604.5810602,-0.018529772758483887,-0.022920411080121994,0.010046417824923996,-0.4247274398803711,0.01732939481735349,9.733150482177734
1785982604.5980604,-0.017812788486480713,0.013119623996317387,0.0018027159385383114,-0.2564278244972229,0.7057365179061902,9.694476127624512
1785982604.6210604,-0.00617129635065794,0.015758275985717773,0.0040982184000313265,-0.4498831629753113,-0.051469780504702314,9.879548072814941
1785982604.6390522,-0.014415845274925232,0.04403840750455856,-0.0004487863625399822,0.21523089706897736,-0.42818462848663214,9.742497444152832
1785982604.6620522,-0.012743586674332619,0.023969346657395363,0.004125296603888271,-0.7763429284095764,0.5323194265365613,9.702765464782715
1785982604.679052,-0.01847803220152855,0.02621462568640709,0.0029174161609262198,-0.8673226237297058,0.03681296110153318,9.775798797607422
1785982604.702052,-0.017099272459745407,0.020489996299147606,0.00035154103534295906,-0.46264922618865967,0.3752440810203564,9.439358711242676
1785982604.720052,-0.026361893862485886,0.014365644194185734,0.002894596662372349,-0.3688558042049408,0.4468894600868237,9.73892593383789
1785982604.7430441,-0.020019900053739548,0.03425275534391403,0.010123205371201035,-0.4042407274246216,-0.4361652731895435,9.630760192871094
1785982604.7610443,0.0038798972964286804,0.02466125413775444,0.0093702208250761,-0.7627369165420532,0.1740791946649563,9.60103702545166
1785982604.7840443,-0.016658414155244827,0.018547998741269115,0.019649419933557507,-1.2521131038665771,0.4726026058197033,9.395773887634277
1785982604.8020442,-0.038194965571165085,0.027457334101200104,0.01307179685682058,-0.016075700521469116,0.28560608625412104,9.696667671203613
1785982604.819044,-0.018500834703445435,0.01835838705301285,0.019753772765398022,-0.38317251205444336,-0.2246323823928821,9.799885749816895
1785982604.8430364,-0.008552844636142254,0.04292329400777817,0.021219978109002106,-0.1554216593503952,0.5756053328514111,9.747904777526855
1785982604.8600364,-0.015917545184493065,0.013471211306750776,0.01984144002199173,-0.6489564180374146,0.6773456931114209,9.56706428527832
1785982604.8770366,-0.002622518688440323,0.017955731600523,0.018555268645286557,-0.7408155798912048,0.02188076078891878,10.11176586151123
1785982604.9010365,0.02335881069302559,0.014126204885542394,0.017472639679908752,-0.7408155798912048,0.02188076078891878,10.11176586151123
1785982604.9180365,0.036639440804719925,0.012960069812834265,0.015993984416127205,0.2170230597257614,-1.0811680555343615,10.199532508850098
1785982604.9410286,0.025639474391937256,0.0036002232227474473,0.019180089235305786,-0.6003285646438599,0.8109357953071606,9.644617080688477
1785982604.9590285,0.009790327399969101,0.014287507161498071,0.017661597579717633,-0.46282434463500977,0.0421583503484738,9.840179443359375
1785982604.9820285,0.001851499080657959,0.008657617494463924,0.023505235090851784,-0.4436548352241516,0.02183827757835507,9.675000190734863
1785982605.0000286,0.0037821214646101,0.020268816500902176,0.00866346340626478,0.43593132495880127,0.08908538520336272,9.890437126159668
1785982605.0170286,-0.027583759278059006,-0.000771649298258123,0.022846246138215065,-1.6062326431274414,0.6671590209007275,9.971644401550293
1785982605.0400207,-0.05123046040534973,0.020016886293888096,0.018577802926301953,-0.5861491560935974,-0.02455270290374638,9.620105743408203
1785982605.0580206,-0.052545785903930664,0.01494967192411423,0.025866141542792317,-0.6583950519561768,-0.027301922440527676,9.739051818847656
1785982605.0810206,-0.0801706612110138,0.03826320171356201,0.010303598828613753,-0.7156562209129333,0.4433346390724194,9.701168060302734
1785982605.0990207,-0.07933036983013153,0.04521695151925087,0.008168700151145453,-0.6509577631950378,0.228926405310632,9.85871410369873
1785982605.1220207,-0.04947229102253914,0.04430937021970749,0.013715340755879874,-0.6476341485977173,0.10338188707828642,9.863518714904785
1785982605.1390123,-0.05810285359621048,0.07877274602651596,0.00406248401850461,-0.0008321106433868408,-0.10210254788398623,9.709653854370117
1785982605.1630125,-0.06509341299533844,0.08009298145771027,0.007857225835323323,-0.08151382207870483,-0.5798085927963245,10.028389930725098
1785982605.1800125,-0.06047140806913376,0.0791533887386322,0.005561904050409784,-2.553515911102295,1.0932106971740734,9.37999439239502
1785982605.1980124,-0.08175826817750931,0.08417445421218872,0.0026041467208415166,0.6183205842971802,-0.5949673056602466,9.751108169555664
1785982605.2210124,-0.11380364745855331,0.08210138231515884,0.0041866055689752,-0.9379324913024902,0.37806305289268616,9.767147064208984
1785982605.244004,-0.12890176475048065,0.09046772122383118,0.0044780834577977545,-0.7724027037620544,0.35327330231666687,9.78863525390625
1785982605.262004,-0.1418142318725586,0.09528135508298874,0.0039305966347455866,-1.2932813167572021,0.7601041793823254,9.527788162231445
1785982605.2790039,-0.13485971093177795,0.09618733078241348,0.004694945644587266,-0.08304982632398605,0.20992368459701657,9.66707992553711
1785982605.303004,-0.1276433765888214,0.10129271447658539,0.003848219988867628,-1.3707983493804932,0.4491789042949688,9.454264640808105
1785982605.320004,-0.12258635461330414,0.09223474562168121,0.002722050296142686,-0.27794739603996277,0.8194282054901134,9.317484855651855
1785982605.3439965,-0.13554751873016357,0.07741513848304749,0.005270087160170069,-0.17260420322418213,-0.32345184683799627,9.612319946289062
1785982605.3599966,-0.12031209468841553,0.06040333956480026,0.005116156302392475,-0.05622659623622894,0.42369517683982966,9.6220064163208
1785982605.3779964,-0.0963454395532608,0.060052428394556046,0.004904640372842543,0.2691282033920288,0.6310535669326794,9.749716758728027
1785982605.4009964,-0.07039504498243332,0.04534429684281349,-0.012612719088792806,-0.7089210152626038,0.69581437110901,9.773162841796875
1785982605.4189966,-0.07554543018341064,0.03981966897845268,-0.004033984150737529,-0.8639236688613892,0.20788973569870112,9.598204612731934
1785982605.4419885,-0.08139634877443314,0.033057890832424164,-0.009683885611593727,1.140890121459961,1.034234404563905,9.802425384521484
1785982605.4599884,-0.0743715688586235,0.03167424723505974,-0.01715338043868542,-0.9868213534355164,-0.4625972509384143,9.767294883728027
1785982605.4769883,-0.08438431471586227,0.04053262248635292,-0.013175940141081815,-0.5682793855667114,0.5386848449707043,10.054717063903809
1785982605.4999883,-0.08085280656814575,0.03671785444021225,-0.015110171400010591,-0.2452526092529297,0.28456932306289795,9.76211929321289
1785982605.5179884,-0.07278462499380112,0.041790921241045,-0.019483752548694614,-0.2452526092529297,0.28456932306289795,9.76211929321289
1785982605.5409803,-0.0845678523182869,0.02373983711004257,-0.01923097111284733,-0.9900246262550354,0.08239367604255797,9.810856819152832
1785982605.5589805,-0.07955960184335709,-0.007489961571991445,-0.01635885238647461,-0.7990190982818604,0.9382050037384044,9.3759765625
1785982605.5819805,-0.0760330855846405,-0.013665238395333294,-0.021927468478679657,-1.0438152551651,0.1786597967147839,9.794975280761719
1785982605.5999804,-0.08516809344291687,-0.019614025950431827,-0.022280041128396984,0.19088828563690186,1.2793254852294933,9.208455085754395
1785982605.6229804,-0.09088455885648727,-0.036283962428569794,-0.02090824209153652,-1.497162103652954,0.5363225936889661,9.7008695602417
1785982605.6399722,-0.06807632744312286,-0.04511235654354096,-0.03422702848911285,-1.0156376361846924,0.3053301274776471,9.857705116271973
1785982605.6629722,-0.06435054540634155,-0.04144884273409844,-0.035086251795291894,-1.2622230052947998,0.7247741222381604,9.815655708312988
1785982605.6809723,-0.06909649074077606,-0.025128949433565143,-0.041740793734788895,0.08880911767482758,0.30425927042961237,9.734176635742188
1785982605.6979723,-0.04378531128168106,-0.024407308548688892,-0.03632647916674614,-0.14572465419769287,0.17560061812400937,9.81817626953125
1785982605.7209723,-0.029037803411483765,-0.016379134729504592,-0.0429428294301033,-0.6324889659881592,0.03398868441581844,9.614297866821289
1785982605.738964,-0.05593615397810936,-0.01524311769753695,-0.046748097985982895,0.404863178730011,-0.736074924468993,9.458927154541016
1785982605.761964,-0.039702340960502625,-0.004614290781319147,-0.04486259073019028,0.404863178730011,-0.736074924468993,9.458927154541016
1785982605.779964,-0.04204624146223068,-0.006242370232939726,-0.051239266991615295,-1.571495771408081,1.217384219169618,10.01435661315918
1785982605.797964,-0.0591403990983963,-0.00522532127797604,-0.038003966212272644,0.08417057991027832,-0.3155579566955555,9.646328926086426
1785982605.820964,-0.05040954053401947,-0.012041442096233373,-0.03874553367495537,-0.17791594564914703,0.16762907803058746,9.869564056396484
1785982605.8379567,-0.03553803637623787,-0.01651481539011002,-0.04110681265592575,-1.1660431623458862,0.3638730645179761,9.838123321533203
1785982605.8619566,-0.03239371255040169,-0.022167412564158443,-0.03843875601887703,-0.7782615423202515,0.18926994502544522,9.65475845336914
1785982605.8789566,-0.020167184993624687,-0.01118558738380671,-0.03995535522699356,-0.22878897190093994,-0.13731154799461243,9.895438194274902
1785982605.9019566,-0.01086324080824852,-0.010067505761981016,-0.039178065955638885,-0.8859584331512451,0.23888824880123258,9.680908203125
1785982605.9199567,-0.024946970865130424,-0.019227433949708942,-0.03043916821479797,-2.0641777515411377,0.14789132773876315,10.12975788116455
1785982605.9429486,-0.007430951576679945,-0.017151098698377613,-0.03677207976579666,-0.253955602645874,0.2766200900077832,9.800615310668945
1785982605.9609487,0.01871168427169323,-0.007747692056000235,-0.023821592330932617,0.6400983333587646,-0.1672224551439273,9.861716270446777
1785982606.0009487,0.013458939269185066,0.013581836596131321,-0.023713333532214165,-1.0789358615875244,-0.029591381549833994,9.875608444213867
1785982606.0189486,0.04095834866166115,0.02449960261583328,-0.020776564255356792,-0.023583903908729553,0.2624996304512036,9.762044906616211
1785982606.0419412,0.04974350333213806,0.00982246175408363,-0.02441396191716194,0.21566110849380493,-0.7382345795631398,9.472408294677734
1785982606.0599413,0.05131939798593521,0.0019630603492259958,-0.017899442464113235,1.1239566802978516,0.9258096218109142,9.33234691619873
1785982606.0829413,0.05602186918258667,-0.007504824548959734,-0.01665409281849861,-0.8537387847900391,0.06512086093425873,10.022079467773438
1785982606.0999413,0.05817008018493652,0.002030080650001762,-0.018015287816524506,-1.0862979888916016,-0.08621165156364323,9.68249797821045
1785982606.1239412,0.019964540377259254,-0.009010602720081808,-0.014881901443004606,-0.6551705598831177,-0.5486149191856372,9.64738941192627
1785982606.140933,-0.0020952639169991016,0.009479490108788012,-0.015074227005243303,0.1793060004711151,0.5171395540237439,9.612078666687012
1785982606.157933,-0.0020537995733320713,0.023629941046237946,-0.003243737155571583,-1.952288031578064,-0.028525114059447035,9.866621017456055
1785982606.180933,-0.010697448626160622,0.05412648245692253,-0.01687456853687764,-0.7964468002319336,-0.5813485980033862,9.575409889221191
1785982606.1989331,-0.022911125794053078,0.03692784160375595,0.000999541138298805,-0.7964468002319336,-0.5813485980033862,9.575409889221191
1785982606.2219331,-0.010711511597037315,0.01001805067062378,0.00420258892700076,0.27969029545783997,1.1628834009170543,9.4447603225708
1785982606.244925,-0.010485054925084114,0.0032617370598018174,0.002544145798310637,-1.5649570226669312,0.016251280903817434,9.880402565002441
1785982606.2629251,0.00024268683046102524,0.003207361325621606,0.006258096545934677,-0.3868633508682251,-0.1324423998594272,9.698250770568848
1785982606.279925,-0.0066348412074148655,0.0005040019750595083,-0.008362551219761372,-0.785617470741272,-0.08761789649724842,9.638458251953125
1785982606.303925,0.0029063192196190357,-0.01880408637225628,0.002865453250706198,-0.8059433698654175,0.2362523823976529,9.869140625
1785982606.3209252,-0.005160980857908726,-0.039396870881319046,0.001966974930837755,-0.6889690160751343,-0.48922157287597534,9.920981407165527
1785982606.338917,0.004742777440696955,-0.0306839719414711,0.0005499156541191079,-0.6445872783660889,0.1824120432138455,9.717907905578613
1785982606.361917,0.010779017582535744,-0.03854828700423241,0.0030624405480921316,-0.5331660509109497,0.04800000786781431,9.796370506286621
1785982606.379917,0.020497335121035576,-0.04657714068889618,0.003061388852074748,-1.2607104778289795,0.2958875298500073,10.052260398864746
1785982606.3969169,0.010406063869595528,-0.047956835478544235,0.012479585595428949,-0.19313259422779083,-0.0715975388884533,9.3091402053833
1785982606.4199169,0.0008094278164207935,-0.053582094609737396,0.005910591222345836,-0.2875576615333557,0.5565489530563367,10.310731887817383
1785982606.4429169,-0.0035167387686669827,-0.040746286511421204,0.015774076804518703,-2.293325662612915,-0.35322168469428894,9.858440399169922
1785982606.460917,-0.029967796057462692,-0.024852955713868138,0.01972007751464844,-0.9462372064590454,-0.06066617369651673,9.908129692077637
1785982606.477917,-0.038346827030181885,-0.020048059523105618,0.01908456161618233,-0.6009193062782288,-0.08001300692558165,10.095704078674316
1785982606.501917,-0.04502561688423157,-0.010970208793878554,0.017923101782798767,0.25521424412727356,0.3635480701923382,9.505343437194824
1785982606.5189168,-0.057275667786598206,0.04273153468966484,0.011506509035825724,-2.1822621822357178,0.8534574508667004,10.100375175476074
1785982606.5419092,-0.044926855713129044,0.05559271201491356,0.020475670695304864,-0.3660793602466583,0.624768376350404,9.541718482971191
1785982606.5599093,-0.004961750004440546,0.07979461550712585,0.02207294851541518,-0.643433690071106,0.5908859968185437,9.585747718811035
1785982606.5769093,0.009150637313723564,0.08347615599632263,0.02369190752506255,-0.19102632999420166,0.10566449165344356,9.642045021057129
1785982606.6009092,-0.0010151807218790054,0.07830099016427994,0.022340262308716764,-1.2118855714797974,0.31364893913269165,9.813218116760254
1785982606.6179092,0.015286799520254135,0.06754828244447708,0.02538445591926574,-0.42978939414024353,0.12781077623367432,9.86124324798584
1785982606.657901,0.038822825998067856,0.034472040832042694,0.02029238827526569,-0.5098758339881897,0.359762877225877,9.708453178405762
1785982606.681901,0.04945323243737221,0.00510366261005402,0.027457943186163902,-0.8718259334564209,0.2414087951183331,9.735448837280273
1785982606.698901,0.04422378167510033,-0.02389770559966564,0.028418734669685367,-0.8049745559692383,0.7836306095123303,10.052594184875488
1785982606.716901,0.05755988135933876,-0.05328335613012314,0.017029706388711936,-1.5039994716644287,-0.627947688102721,10.115424156188965
1785982606.739893,0.06390108168125153,-0.05196983739733696,0.021419204771518714,-0.5613177418708801,0.33190730214119074,9.583065032958984
1785982606.762893,0.05526953935623169,-0.056596409529447556,0.022920396178960807,0.6601282954216003,0.5045387744903577,9.790843963623047
1785982606.7808928,0.04302723705768585,-0.06558811664581299,0.017817527055740363,-0.9270495772361755,-0.04889610409736516,9.560616493225098
1785982606.7978928,0.022848282009363174,-0.04857126995921135,0.011855980381369596,-0.034477509558200836,-0.35824382305145147,9.726219177246094
1785982606.8208928,-0.0024868175387382507,-0.03604493290185928,-5.6120945373545646e-05,-0.20175515115261078,0.10240709781646849,9.832563400268555
1785982606.8388846,-0.010954279452562332,0.004984746687114238,-0.005781236104667188,-1.0916118621826172,0.31978908181190613,10.091465950012207
1785982606.8618846,-0.00808775145560503,0.019462233409285545,0.0015588880050927377,-1.485174536705017,0.8528348207473767,10.24422836303711
1785982606.8798847,-0.01220371201634407,0.014271225780248642,0.003990345168858765,-1.485174536705017,0.8528348207473767,10.24422836303711
1785982606.8968847,0.007640189025551081,0.053776875138282776,-3.7280988181016475e-05,-0.9883240461349487,0.9395536184310925,10.104723930358887
1785982606.9208846,0.012200659140944481,0.05390908941626549,-0.0011762649519369071,-1.1822295188903809,0.2800349295139325,9.884173393249512
1785982606.9428763,0.02219565585255623,0.025561977177858353,0.008254954591393467,-1.3766411542892456,0.05334460735321168,10.035934448242188
1785982606.9838762,0.031035499647259712,-0.011879330500960348,0.01376717258244753,-0.2636306881904602,0.24790886044502375,9.608750343322754
1785982607.001876,0.03173964470624924,0.004473384935408832,0.01072155125439167,-1.6546635627746582,0.285296291112901,9.89234447479248
1785982607.0188763,0.0351063497364521,-0.00796860083937645,0.006539550609886647,-0.779646635055542,0.23065924644470334,9.711930274963379
1785982607.0428681,0.059611428529024124,-0.03774622827768326,0.00267475657165051,-0.9560840129852295,0.0914912819862378,10.028680801391602
1785982607.059868,0.10791676491498947,-0.05389753729104996,-0.006249821279197924,-0.7509893178939819,0.3475219309329998,9.520740509033203
1785982607.082868,0.12195008993148804,-0.0662902295589447,0.0007305280887521885,-0.6902502775192261,0.014323994517327548,9.74199390411377
1785982607.100868,0.10009399801492691,-0.04482928290963173,0.0013142917305231149,-0.6902502775192261,0.014323994517327548,9.74199390411377
1785982607.123868,0.09633763879537582,-0.05230063199996948,0.006144132930785424,-0.8085665702819824,-0.21198631823062783,9.396248817443848
1785982607.141859,0.08564181625843048,-0.04179096594452858,-0.00040037318831309167,-0.6526849269866943,-0.2996296584606159,9.65263557434082
1785982607.158859,0.06080083176493645,-0.07954330742359161,-0.0016985025722533367,-0.19640317559242249,-0.23343202471732977,9.560576438903809
1785982607.181859,0.0414145402610302,-0.07805656641721725,-0.005004287231713524,-0.6522940397262573,0.3783148825168622,9.860734939575195
1785982607.198859,0.04209163039922714,-0.0781373381614685,-0.004617623053491106,-1.507393717765808,-0.13678634166717407,9.870163917541504
1785982607.2228591,0.01283222995698452,-0.06446933001279831,-0.006231351289898149,-0.6324179172515869,-0.6415618658065784,9.554093360900879
1785982607.239851,8.048349991440773e-05,-0.058262892067432404,-0.007869529537856572,0.2986656427383423,0.52789604663849,9.531668663024902
1785982607.263851,0.013941099867224693,-0.0786517783999443,-0.0075940787792205715,-0.28453075885772705,0.43118861317634705,9.999727249145508
1785982607.280851,0.014050690457224846,-0.07357393950223923,-0.009648317471146575,-2.5062997341156006,-0.8252631425857532,10.079853057861328
1785982607.2988508,0.00890134833753109,-0.08077383786439896,-0.0018848590552806755,0.5574959516525269,-1.091491699218749,9.170336723327637
1785982607.3218508,-0.0019192621111869812,-0.06591911613941193,-0.003966560121625654,-0.5759450197219849,-0.09365510940551638,9.711817741394043
1785982607.3388424,-0.00521001685410738,-0.0688934177160263,-0.005649535916745654,-1.2584041357040405,0.2807521224021924,9.956599235534668
1785982607.3568425,-0.012021452188491821,-0.05656649172306061,-0.002681238576769822,-1.2171963453292847,-0.4793175160884845,9.925637245178223
1785982607.3798425,-0.01737307384610176,-0.04629814252257347,-0.002643413143232459,-0.0736936628818512,-0.46054166555404547,9.559340476989746
1785982607.3968425,-0.009209207259118557,-0.023375757038593292,-0.001193852396681902,-0.8366447687149048,0.662023186683656,9.977494239807129
1785982607.4198425,-0.023940348997712135,-0.010464755818247797,-0.011785458773374556,-0.727789044380188,0.17108288407325867,9.916576385498047
1785982607.437834,-0.016331791877746582,0.003303556935861707,0.0020648685749620195,-1.17928147315979,0.012746438384057273,9.64279842376709
1785982607.460834,-0.012619515880942345,0.018205339089035988,-0.0052102766931057,-1.287196397781372,-0.187773674726485,9.779031753540039
1785982607.478834,0.004991970956325531,0.012399502098560333,-0.0011793979210779086,-0.463682621717453,-0.12586371600627783,9.62951946258545
1785982607.501834,0.00322034303098917,0.005807549692690372,-0.006008770316839219,0.22707542777061462,-0.018871411681174045,9.702251434326172
1785982607.519834,-0.03351800516247749,0.003590291133150458,-0.002904774155467749,-2.0985922813415527,-0.27549076080322144,9.76279067993164
1785982607.5428247,-0.012344962917268276,-0.013552471995353699,-0.002904986031353472,-1.8078911304473877,-0.1433913409709918,10.100481033325195
1785982607.5608249,-0.020078882575035095,-0.026525480672717094,-0.009190488606691357,-0.18995214998722076,-0.5454835891723622,9.2648286819458
1785982607.5778248,-0.03332475200295448,-0.009304790757596493,-0.005659715272486209,-1.149035930633545,0.2750158905982983,9.629083633422852
1785982607.6018248,-0.02881046012043953,-0.009892486035823822,-0.002398601500317453,0.09274029731750488,0.9095220565795911,9.982105255126953
1785982607.6418164,-0.013634370639920235,-0.0028241712134331465,0.0011641022283583884,-1.947901725769043,0.08144323527813079,9.859420776367188
1785982607.6598163,0.008390902541577816,-0.0195151474326849,0.0038020659703761365,-0.5831516981124878,-0.015352115035055883,9.668808937072754
1785982607.6828163,0.01777765527367592,-0.0007865229272283604,0.008285743184387684,-1.59708571434021,-0.3518775105476368,9.414162635803223
1785982607.6998162,0.020264126360416412,0.004812658298760653,0.008380493149161339,-0.14885391294956207,0.039246812462807895,9.728174209594727
1785982607.7228162,0.027835998684167862,0.010814372450113298,0.014019391499459742,-0.14885391294956207,0.039246812462807895,9.728174209594727
1785982607.7408087,0.04591813310980797,0.015300225466489794,0.01634402014315128,-0.8083475828170776,0.07037556171417356,9.79334831237793
1785982607.7578087,0.027075108140707016,0.0341484434902668,0.014916135929524895,-0.8083475828170776,0.07037556171417356,9.79334831237793
1785982607.7818086,0.016915980726480484,0.03537164628505707,0.016461670398712155,-2.3473381996154785,-0.025365069508551354,9.780776023864746
1785982607.7988086,0.03237456828355789,0.04263787344098091,0.008769109845161433,1.6130690574645996,0.1851569861173641,9.096528053283691
1785982607.8228087,0.0392809733748436,0.03574220463633537,0.00970771443098783,-0.05695968121290207,0.2001383751630795,9.754451751708984
1785982607.839801,0.015843186527490616,0.05073299631476402,0.004222387447953218,-2.2177064418792725,-0.5479440093040454,9.89388656616211
1785982607.857801,0.02576952427625656,0.0193876288831234,0.0200679637491703,-0.9530254006385803,-0.9329950809478749,9.13979434967041
1785982607.880801,0.03628861531615257,0.02702690288424492,0.01078538782894611,-0.8039435148239136,-0.5687545537948596,9.865121841430664
1785982607.8988008,0.03164460137486458,0.0034776625689119114,0.009754782542586327,-0.8039435148239136,-0.5687545537948596,9.865121841430664
1785982607.920801,0.03073715977370739,0.014174247160553932,0.002362926956266163,-0.8039435148239136,-0.5687545537948596,9.865121841430664
1785982607.9617932,0.05924847349524498,0.012264684773981573,0.014610816724598406,-1.731797695159912,0.12734650075435752,9.267984390258789
1785982607.9797933,0.0664583221077919,0.014587773010134699,0.007552927825599907,0.3762168884277344,-0.17338401079177737,9.681358337402344
1785982608.0027933,0.07425154000520706,0.013882133178412914,-0.0010032402351498621,-1.2666501998901367,0.601934075355531,9.793031692504883
1785982608.0197933,0.060875315219163895,0.010826734825968742,-0.003194935154169799,-0.9804646372795105,-0.19512711465358618,9.609334945678711
1785982608.043785,0.047528281807899475,-0.02305992878973484,0.004924356006085875,-0.9804646372795105,-0.19512711465358618,9.609334945678711
1785982608.060785,0.016114043071866035,-0.01189107820391655,-0.00465742591768503,-0.5874156355857849,0.0029134750366222907,9.772297859191895
1785982608.0787852,0.0013043838553130627,-0.036877479404211044,-0.007516437210142608,-0.8318052887916565,0.05082060396671416,9.850428581237793
1785982608.1017852,-0.004955337382853031,-0.0383724644780159,-0.008582359179854388,-0.6029118895530701,0.13381959497928736,9.419020652770996
1785982608.119785,-0.0035297535359859467,-0.0722639188170433,-0.008205564692616454,-1.7101646661758423,-0.512346565723418,9.72739028930664
1785982608.142777,0.008921965956687927,-0.05996285378932953,-0.005108335521072142,0.17201833426952362,-0.2357112914323795,9.61076545715332
1785982608.1607769,0.01644991524517536,-0.061792246997356415,-0.0033960333094000743,1.4196794033050537,0.03926376998424646,9.4570951461792
1785982608.182777,0.038883376866579056,-0.06790155917406082,-0.001641590381041161,-0.045220449566841125,-0.04706238210201148,9.424827575683594
1785982608.2007768,0.02768521197140217,-0.06794989109039307,0.0022329457569867455,-0.04995821416378021,-0.08290681988000749,9.809473991394043
1785982608.217777,0.038786038756370544,-0.030412452295422554,0.0004785266064573117,-1.291886806488037,0.0006917864084255928,9.923983573913574
1785982608.2417684,0.03906318172812462,0.0026577962562441826,-0.0003498560690786693,-0.8143540024757385,-0.3530412912368763,9.49470329284668
1785982608.2587686,0.04974014312028885,0.01831698603928089,0.0063782315701246236,-0.29310697317123413,-0.05534450709819672,9.89151382446289
1785982608.2817686,0.07396496087312698,0.03327919542789459,0.006105395499616857,-0.558786153793335,0.1792943626642239,9.713224411010742
1785982608.2997684,0.07152680307626724,0.03893187642097473,0.014142324216663832,-1.706329345703125,0.19292737543583036,9.818259239196777
1785982608.3227684,0.06755508482456207,0.04460639879107475,0.008536750450730319,-0.7239375114440918,0.1917107701301587,9.939790725708008
1785982608.3407607,0.056510936468839645,0.03497985750436783,0.019915297627449032,-0.7527287006378174,-0.5893967151641833,9.87061595916748
1785982608.3577607,0.03394026309251785,0.028027443215250972,0.01875044777989387,-0.4501313269138336,0.06927107274532436,9.618417739868164
1785982608.3817608,0.05431707575917244,0.012792215682566168,0.01928737200796604,1.5838218927383423,0.6361087560653698,9.453859329223633
1785982608.3987608,0.06367819011211395,0.023401582613587383,0.020973863080143925,-1.5716923475265503,-0.11743336170911668,9.846016883850098
1785982608.4217608,0.05333702638745308,0.0017850252334028504,0.01828882470726967,-0.5113575458526611,-0.2293902337551105,9.755941390991211
1785982608.4387531,0.02969505451619625,0.005411332007497552,0.023216763511300087,-0.5113575458526611,-0.2293902337551105,9.755941390991211
1785982608.456753,0.041351258754730225,0.011044153012335304,0.026594683527946472,-1.219469666481018,-0.16039443016052127,9.828639030456543
1785982608.479753,0.06738490611314774,0.006649645511060956,0.02372398041188717,0.06506195664405823,-0.26701739430427435,9.67599105834961
1785982608.4977531,0.060236912220716476,-0.008532967418432234,0.017751874402165413,-1.043755054473877,0.8609392642974866,9.663132667541504
1785982608.5207531,0.05528218671679497,0.0119358291849494,0.01801913045346737,0.18595650792121887,-0.6033862233161914,9.817707061767578
1785982608.5437446,0.026016751304268837,0.0033302949741482765,0.026271309703588486,-0.917108416557312,0.050498142838479296,9.879557609558105
1785982608.5617447,0.01735016144812107,0.0006430271896533669,0.0011801106156781316,-1.0087462663650513,-0.20851564407348513,9.680432319641113
1785982608.5787446,0.0204267967492342,-0.014790136367082594,0.008892249315977098,-1.3506520986557007,-0.6861652135848987,9.847509384155273
1785982608.6027446,-0.0063485074788331985,0.03392850235104561,-0.0008144455496221822,0.13808545470237732,-0.7308274507522571,9.581868171691895
1785982608.6197445,-0.020705772563815117,0.026583094149827957,-0.008223168551921848,-1.4865449666976929,0.6699662208557141,9.98183822631836
1785982608.6427372,-0.05303404480218887,0.02285606600344181,-0.00917373597621918,-1.4865449666976929,0.6699662208557141,9.98183822631836
1785982608.6607373,-0.05449113994836807,0.0010203206911683065,-0.014988083392381668,-0.18712951242923737,-0.2748920619487751,9.491849899291992
1785982608.6837373,-0.07979481667280197,-0.032833922654390335,-0.006453108508139844,-0.8317687511444092,-0.06846833974122883,9.666574478149414
1785982608.7007372,-0.11525075882673264,-0.03899237513542175,-0.008192317560315127,-1.0718042850494385,-0.27823194861411926,9.767374038696289
1785982608.7197373,-0.1616738736629486,-0.06673789024353027,-0.0029555321671068586,-0.2652326822280884,1.0811498165130626,9.69534683227539
1785982608.7597294,-0.15456165373325348,-0.04097796604037285,0.01264785416424275,-0.5641458034515381,-1.140431165695189,10.01035213470459
1785982608.7777293,-0.14310581982135773,-0.042616043239831924,0.013656888157129293,0.6759310960769653,0.6688839197158826,9.747502326965332
1785982608.8007293,-0.14145536720752716,-0.0421283021569252,0.02361220866441727,-0.6747580766677856,0.7292464971542371,9.684556007385254
1785982608.8177292,-0.13329705595970154,-0.03498380258679389,0.03397656232118607,-0.5906282663345337,-0.05814471095800281,9.66733455657959
1785982608.8417208,-0.12410027533769608,-0.01283627282828092,0.04893900454044342,-0.5480316877365112,-0.9243364334106434,9.455561637878418
1785982608.8587208,-0.11651449650526047,0.00010393513366580663,0.053286902606487274,-1.4802230596542358,1.243462085723878,9.218790054321289
1785982608.8817208,-0.11784195154905319,0.0008599031716585227,0.05462684482336044,-0.18153119087219238,-0.061736054718493215,9.780959129333496
1785982608.899721,-0.1273050159215927,-0.03053042478859424,0.06352076679468155,-0.5887230634689331,-0.008903697133063057,9.904581069946289
1785982608.9167209,-0.12291080504655838,-0.045039482414722436,0.05835800617933274,-0.4932228624820709,0.19163930416107297,9.747078895568848
1785982608.9407125,-0.14220264554023743,-0.0378764197230339,0.063373863697052,-0.617038369178772,0.03299254179000976,9.92169189453125
1785982608.9637125,-0.14766986668109894,-0.022868124768137925,0.06233686953783035,-2.5794475078582764,-0.4253461360931384,9.846698760986328
1785982608.9807124,-0.11823949962854385,-0.007571407593786709,0.06410574913024902,1.4129325151443481,0.34587612748146174,9.585729598999023
1785982608.9987123,-0.09272466599941254,0.01247294899076224,0.05112394317984581,-0.2414667010307312,-0.11324915289878722,10.035218238830566
1785982609.0217123,-0.05514645203948021,-0.017035998404026025,0.05400808900594711,-0.6663471460342407,0.4204377233982098,9.598838806152344
1785982609.0387042,-0.027622703462839127,-0.04370302706956863,0.040337923914194114,-0.021314993500709534,-0.39146041870117065,10.104395866394043
1785982609.0567043,0.011645425111055374,-0.07726491987705231,0.03392704576253892,-1.305277943611145,0.835663437843324,9.612702369689941
1785982609.0797043,0.028788570314645767,-0.11109844595193863,0.027591587975621237,-0.11690114438533783,-0.9864025115966785,10.3817777633667
1785982609.0977042,0.038967315107584,-0.1406627744436264,0.023124475032091158,-1.3038125038146973,0.36253854632377736,9.038326263427734
1785982609.1207042,0.058535680174827576,-0.14999151229858398,0.008860440924763699,-0.6146291494369507,0.11623725295066953,9.788334846496582
1785982609.137696,0.07511422038078308,-0.19281744956970215,0.003469983115792298,-0.8441715240478516,-0.21607205271720764,10.018834114074707
1785982609.161696,0.07157419621944427,-0.2363424301147461,-0.0049918713048100185,-0.7476295232772827,-0.1259394586086261,9.905477523803711
1785982609.201696,0.06642404198646545,-0.22887074947357178,-0.021064462140202495,-0.47094589471817017,0.2656726241111767,9.697998046875
1785982609.219696,0.05952270328998566,-0.23302428424358368,-0.014935884624719592,-1.2706516981124878,1.3048409223556532,10.052990913391113
1785982609.2426884,0.06194829195737839,-0.225319504737854,-0.018344355747103663,0.01281788945198059,-0.851848244667052,9.882335662841797
1785982609.2596884,0.05984319746494293,-0.17425376176834106,-0.031352557241916636,-0.8284164667129517,0.1130829155445111,9.88985824584961
1785982609.2776883,0.04954100400209427,-0.1542717069387436,-0.026635088026523573,-1.1531641483306885,-0.13984841108322024,9.636761665344238
1785982609.3186884,0.0007200432009994984,-0.1172681376338005,-0.03272766992449759,-0.6062988042831421,0.1764314770698559,9.608834266662598
1785982609.341681,-0.02286846935749054,-0.09768067300319672,-0.03963089361786841,-0.7341586351394653,-1.0723062753677355,10.194498062133789
1785982609.359681,-0.04298196732997894,-0.08858026564121246,-0.03539520129561423,-0.4124765694141388,0.7379102706909191,9.497430801391602
1785982609.3766809,-0.04547816142439842,-0.10568762570619583,-0.04318363964557646,-1.050065040588379,-0.3124250173568714,9.558521270751953
1785982609.4006808,-0.06788671761751175,-0.1019403263926506,-0.04802934825420378,0.849323034286499,-0.29666545987129095,9.525333404541016
1785982609.417681,-0.0641918033361435,-0.07521378248929977,-0.048203673213720315,-0.6224040389060974,0.03604519367218135,9.581632614135742
1785982609.4416728,-0.07615157216787338,-0.03947348520159722,-0.0449765920639038,-0.865017294883728,-0.7668799161910999,9.57060718536377
1785982609.4586728,-0.06724167615175247,-0.041262485086917884,-0.05666291713714599,-0.6353683471679688,0.11074255406856653,9.514644622802734
1785982609.4816728,-0.06965697556734085,-0.027466533705592162,-0.059523437172174454,-0.6353683471679688,0.11074255406856653,9.514644622802734
1785982609.4996727,-0.07156500220298767,-0.019888168200850497,-0.072330541908741,-2.934605360031128,-0.5478173494338977,10.035642623901367
1785982609.5166726,-0.06739287823438644,-0.01902576349675656,-0.06707511097192764,-0.6588433384895325,0.32756716012954834,9.811649322509766
1785982609.5406642,-0.07687141001224518,-0.018910175189375888,-0.07405819743871689,0.2751416265964508,0.6025747656822217,9.70443344116211
1785982609.5636642,-0.0900968387722969,-0.03083086758852006,-0.0808330699801445,-0.38047343492507935,-0.34850901365280035,9.664018630981445
1785982609.5806642,-0.10825655609369278,-0.039928838610649116,-0.08416173607110977,-1.413142204284668,-0.12876597046851992,9.846238136291504
1785982609.5986643,-0.12427486479282379,-0.04865333810448648,-0.09114829450845718,-0.26245659589767456,-0.2941897511482227,9.726888656616211
1785982609.6216643,-0.10808862745761871,-0.06231155991554261,-0.07621718198060988,-0.9113709330558777,-0.3055140376090992,9.439696311950684
1785982609.6396565,-0.09655719250440598,-0.040640302002429976,-0.09200944751501083,0.7216468453407288,-0.09938530623912697,9.309471130371094
1785982609.6626565,-0.08747714012861252,-0.04539776965975762,-0.08300963789224625,-0.7043904662132263,-0.4047191739082324,9.86136531829834
1785982609.6796565,-0.08555369824171066,-0.024531062692403804,-0.09063538163900375,0.5766512155532837,0.10720957815647243,9.68705940246582
1785982609.7036567,-0.07904686778783798,-0.0033716177567839722,-0.08054252713918686,0.9662954211235046,-0.11832275986671333,9.45093822479248
1785982609.7206566,-0.0682782381772995,0.023439710959792127,-0.07495609670877457,0.45249050855636597,0.029598280787469147,9.721297264099121
1785982609.738649,-0.06103035807609558,0.03550206869840621,-0.06595484167337418,-1.093039631843567,0.24282886087894562,10.018671989440918
1785982609.761649,-0.05126463994383812,0.06775689870119093,-0.05865295603871346,-0.028451398015022278,-0.0382129848003375,10.167031288146973
1785982609.7786489,-0.021953213959932327,0.07498173415660858,-0.054699491709470756,-0.8558630347251892,-0.2524356245994555,10.283345222473145
1785982609.819649,0.010752823203802109,0.062342513352632516,-0.0389881543815136,-0.8791111707687378,-0.07110567390918611,9.813836097717285
1785982609.8426406,0.03020155057311058,0.0748685672879219,-0.04399056732654572,-1.6232428550720215,-0.16250586509704468,9.96690559387207
1785982609.8606408,0.036031536757946014,0.059808053076267235,-0.03395697847008706,-0.7711052298545837,-0.39469766616821167,9.764032363891602
1785982609.8776407,0.039230506867170334,0.036738559603691094,-0.029866075143218044,-0.4143466353416443,-0.19072206318378326,9.953158378601074
1785982609.9006407,0.05125584453344345,0.023396184667944905,-0.03472723066806793,-0.948410153388977,-0.3879398107528675,9.673046112060547
1785982609.9186406,0.06324337422847748,0.01734487898647785,-0.021181227639317516,0.04708601534366608,-0.5597444176673877,10.01069450378418
1785982609.9416323,0.06421532481908798,-0.0021027615293860466,-0.02307702787220478,0.19746676087379456,0.14731444418430445,9.567500114440918
1785982609.9596322,0.05243779718875885,-0.012246466241776945,-0.00786386802792549,-1.7140703201293945,-0.17713886499404782,10.186509132385254
1785982609.9776323,0.042592473328113556,-0.00917976535856724,-0.011242933571338652,-0.9196938872337341,-0.7266719937324512,9.767059326171875
1785982610.0006323,0.027040302753448486,0.006066153757274149,-0.011701473034918308,-0.31495559215545654,-0.6216115951538074,9.530743598937988
1785982610.0176322,0.014295615255832672,-0.013306105509400368,-0.005345789249986408,0.6088863015174866,-0.27868264913558843,9.492615699768066
1785982610.0406244,0.0033878940157592297,-0.008042016066610815,-0.007429866585880517,-0.2586216926574707,-0.38469776511192205,9.510412216186523
1785982610.0586243,0.0055376035161316395,-0.009800571948289871,0.0038176393136382116,-0.38752880692481995,-0.2600453495979297,9.902961730957031
1785982610.0816243,0.03212932497262955,-0.01859269291162491,-0.0037864481564611175,-0.9828824996948242,0.4190057516098035,10.301149368286133
1785982610.0996244,0.026515312492847443,-0.00025835522683337174,0.012645541690289974,-0.5996095538139343,-0.551376402378081,9.84499454498291
1785982610.1226244,0.0045782639645040035,0.026129085570573807,0.0031102930661290854,-0.5996095538139343,-0.551376402378081,9.84499454498291
1785982610.139617,0.010661512613296509,0.029679927974939346,0.00724301720038056,-0.4694628417491913,-0.44302928447723267,9.814775466918945
1785982610.1576169,-0.0008953837677836418,0.035272613167762756,0.008002625778317448,-0.3405633568763733,-0.10577215999364734,9.755852699279785
1785982610.1806169,0.010914895683526993,0.03068317100405693,0.009645417332649227,-0.976754903793335,-0.04143562912940856,10.052029609680176
1785982610.198617,0.009919341653585434,0.04096580296754837,0.01570375263690948,-0.6556351184844971,-0.5328957438468921,9.78905963897705
1785982610.221617,0.010584929957985878,0.03488225117325783,0.015462641604244706,-0.7692009210586548,-0.8829516172409045,9.61402416229248
1785982610.2386086,0.006221110466867685,0.059912074357271194,0.013349095359444611,0.8171748518943787,-0.021284624934195313,9.4613618850708
1785982610.2616086,-0.006126532331109047,0.05633276700973511,0.02156135253608226,-0.7459779977798462,-0.015030041337012063,9.6480131149292
1785982610.2796087,-0.010276312939822674,0.042487554252147675,0.015676282346248623,-1.0399422645568848,-0.26069328188896057,10.077363014221191
1785982610.3026087,-0.005698426626622677,0.045563507825136185,0.016994537785649293,-0.2128276526927948,-0.47819942235946533,9.831865310668945
1785982610.3206086,-0.011061357334256172,0.05016035586595535,0.017198249697685235,-0.2128276526927948,-0.47819942235946533,9.831865310668945
1785982610.3436003,0.013874121941626072,0.043490663170814514,0.012177615426480765,-2.601393461227417,-0.3083803951740252,10.254627227783203
1785982610.3606002,0.02064831182360649,0.021996753290295604,0.01896238140761852,0.08514624834060669,-0.05212711542844651,9.900915145874023
1785982610.3786004,0.015515022911131382,0.004971052985638382,0.01473414059728384,-0.9555954337120056,0.3360782265663159,10.029520034790039
1785982610.4016004,0.01278808992356062,0.00028414424741640926,0.01950261741876602,-0.33928245306015015,-0.529936373233794,9.74313735961914
1785982610.4196002,0.013365880586206913,-0.004660315811634062,0.01139011885970831,-0.19329145550727844,0.3832399845123303,9.973474502563477
1785982610.4375918,0.018802739679813385,-0.005259716417640446,0.015894850715994835,-0.4508959650993347,-0.18298152089118838,9.839245796203613
1785982610.4605918,0.023206979036331177,-0.005748837254941463,0.004797007888555528,-1.492025375366211,0.3820099234581006,9.932861328125
1785982610.4775918,0.016974061727523804,-0.0014466915745288116,0.014571131207048893,0.11597993969917297,-1.08354091644287,9.969923973083496
1785982610.5005918,0.009500251151621342,-0.0023767256643623096,0.012880775146186352,-0.03445778787136078,-0.28490436077117803,9.559699058532715
1785982610.518592,-0.003910677507519722,-0.010858049616217611,0.014983289875090124,-1.3492894172668457,0.0765567719936383,9.978691101074219
1785982610.541583,0.012700703926384449,0.01118736155331135,0.01973559893667698,-0.2864478826522827,-0.588163375854491,9.836346626281738
1785982610.5595832,0.021298661828041077,-0.0022762522567063544,0.02223237417638302,-0.31070834398269653,0.011448189616204503,9.756429672241211
1785982610.5825832,0.026723172515630722,0.01767794229090214,0.02369434386491775,-0.34811070561408997,0.40777182579040644,9.586511611938477
1785982610.5995831,0.0166965089738369,0.016918452456593517,0.015466267243027685,-0.6011373400688171,-0.34539145231246826,9.760000228881836
1785982610.640583,0.042312659323215485,-0.00897926930338144,0.0317118838429451,-0.9901902675628662,0.14984533190727353,9.814643859863281
1785982610.6585832,0.037673596292734146,0.008699748665094379,0.02384677715599537,-0.2715141475200653,-0.37237024307250854,9.947171211242676
1785982610.6815832,0.026500049978494644,0.0018954989500343834,0.027960754930973053,-0.38267195224761963,0.46145606040954706,9.674873352050781
1785982610.6985831,0.036571040749549866,0.005567609798163179,0.025414317846298218,-1.4050395488739014,-0.28659158945083496,9.822551727294922
1785982610.7215831,0.025932524353265762,0.00870907306671143,0.034267719835042953,-0.5722414255142212,0.06697653234005095,9.8759126663208
1785982610.7395744,0.019648350775241852,0.009531083516776565,0.02707047015428543,-0.7230375409126282,-0.19206359982490417,9.912687301635742
1785982610.7635744,0.01865377277135849,-0.008713793940842148,0.03469539433717728,-0.18121325969696045,-0.902187108993529,9.809306144714355
1785982610.7805743,0.009159051813185215,-0.010053277015686032,0.022492460906505585,-0.2660897374153137,-0.4634554684162128,9.721367835998535
1785982610.7975743,-0.01192208006978035,-0.03953746333718299,0.03070490248501301,-0.15363699197769165,-0.31557387113571045,10.033708572387695
1785982610.8215744,-0.01318152341991663,-0.03527039662003517,0.025059288367629055,1.5891714096069336,0.49615353345871094,9.92396354675293
1785982610.8385656,-0.025739330798387527,-0.018329368904232975,0.024816824123263363,-0.91557377576828,-1.0857332944869984,9.915715217590332
1785982610.8615656,-0.029900729656219482,-0.0034743926953524316,0.029565196484327316,-0.08822876960039139,-0.6126153469085681,9.997239112854004
1785982610.8795657,-0.022721881046891212,0.007598387543112042,0.024645594879984856,-0.785309374332428,-0.030154511332510677,9.994447708129883
1785982610.8965657,-0.014799435622990131,0.006974326912313703,0.028726395219564438,-0.7046052813529968,-0.5125974416732776,9.863241195678711
1785982610.9205656,-0.01751195266842842,0.01345991622656584,0.019187074154615402,-1.6629645824432373,0.8168015480041516,9.925683975219727
1785982610.9615567,0.021681763231754303,-0.0022439400199800712,0.012921902351081371,0.6949506402015686,-0.7049620151519763,9.820773124694824
1785982610.9835567,0.03528345003724098,0.012693335302174093,0.017807964235544205,-0.7620924711227417,-0.16212783753871798,9.826669692993164
1785982611.0015566,0.04275340959429741,0.021258836612105373,0.02244600653648376,-0.47751525044441223,-1.0920593738555895,10.118160247802734
1785982611.0185568,0.029801804572343826,0.018867060542106632,0.014215501956641672,-0.5935349464416504,-0.14075562357902405,9.87059497833252
1785982611.042549,0.027437306940555573,0.02967605367302895,0.017394609749317166,-0.8927606344223022,-0.40690714120864746,10.008607864379883
1785982611.0595489,0.024622786790132523,0.024672290310263634,0.013529096730053421,-0.018826887011528015,-0.42594188451766846,9.885344505310059
1785982611.0775487,0.00620461069047451,0.04980824142694473,0.017209347337484353,-1.2701172828674316,0.09355804324150203,9.577467918395996
1785982611.1005487,-0.0001597362570464611,0.023249253630638126,0.02454154565930366,-0.5010831952095032,-0.24183201789855835,9.898706436157227
1785982611.1185489,0.030141036957502365,0.01282843202352524,0.014719581231474875,-1.409449577331543,-0.31692042946815374,9.624197959899902
1785982611.1415408,0.025261778384447098,-0.017756238579750058,0.018402263522148136,-0.17413285374641418,-0.8205867409706104,9.8912992477417
1785982611.158541,0.008595705963671207,-0.008963303640484808,0.011097623966634275,-0.05339852720499039,-0.5073800086975085,9.800769805908203
1785982611.182541,0.012628932483494282,-0.008540228940546511,0.013175457715988161,-0.1039443239569664,-0.9971908926963794,9.830642700195312
1785982611.1995409,0.018051743507385254,-0.012697858735918997,0.014010383747518064,-0.71442049741745,0.29399305582046625,9.39289379119873
1785982611.217541,0.01713608205318451,-0.0012386753223836418,0.003679650602862239,0.05794791877269745,-0.5849858522415149,10.109003067016602
1785982611.240533,0.01381575409322977,-0.016458909958600998,0.011374126188457014,0.05794791877269745,-0.5849858522415149,10.109003067016602
1785982611.257533,0.021958615630865097,-0.004631442949175834,0.005148045718669892,-0.9543324112892151,-0.20255780220031616,9.918010711669922
1785982611.280533,0.02167797088623047,-0.025055762380361557,0.0032190028578043014,-0.13238489627838135,-0.27610582113265875,9.672198295593262
1785982611.2985332,0.027153048664331436,-0.030158570036292076,0.002767089521512393,-0.07923973351716995,-0.4698841869831073,9.972712516784668
1785982611.3215332,0.014956340193748474,-0.02477571927011013,-0.0004730588116217374,1.587637186050415,0.18736186623573425,9.942249298095703
1785982611.3445253,-0.002361737657338381,-0.012110534124076366,-0.004665135871618984,-1.0531251430511475,-0.23007471859454987,10.014225006103516
1785982611.3625252,-0.008271491155028343,0.010199667885899544,0.006574208848178386,-0.10128311812877655,-0.36454850435256836,9.949193954467773
1785982611.3795252,-0.012104816734790802,0.014905882999300957,0.003688891883939503,-0.6911762952804565,-0.2514340579509723,10.086459159851074
1785982611.3975253,-0.030431386083364487,-0.0031726893503218876,0.012054082937538624,-0.6295129656791687,-0.1498516798019397,9.875991821289062
1785982611.4205253,-0.013997143134474754,0.002246863441541791,-0.0013758387649431827,-1.4947822093963623,-0.3797666728496539,10.207777976989746
1785982611.444517,-0.010165330022573471,0.015683148056268692,0.005418337881565092,0.2762908935546875,0.04918944835662964,9.964329719543457
1785982611.4615169,-0.01899445243179798,0.011585150845348835,0.005813647527247666,-1.5300605297088623,-0.1565590053796756,10.022302627563477
1785982611.4785168,-0.025542855262756348,-0.004099795594811439,0.0060091917403042325,-0.46312975883483887,-0.37208318710327026,9.894495010375977
1785982611.4965167,0.005928173195570707,-0.01855248399078846,0.007969322614371778,-0.16222064197063446,-0.07568451762199281,9.868090629577637
1785982611.5195167,0.014238648116588593,-0.01535812485963106,0.01089714001864195,0.456071138381958,-1.2815496921539296,9.5914945602417
1785982611.537508,0.020899392664432526,-0.023773442953824997,0.0051923566497862365,0.456071138381958,-1.2815496921539296,9.5914945602417
1785982611.5615082,0.02966941148042679,-0.02426126971840858,0.016434319317340854,0.08510991930961609,-0.1382536292076099,9.722399711608887
1785982611.5785081,0.031349193304777145,-0.014018137007951736,0.00466637732461095,0.40888863801956177,-0.4322254359722126,9.72227954864502
1785982611.6015081,0.028745293617248535,0.0077165206894278535,0.010265557095408438,-0.8966365456581116,0.6815428733825696,9.609054565429688
1785982611.619508,0.06024949252605438,0.007517621852457523,-0.0009361676638945946,0.18909898400306702,-0.5885297060012805,10.0179443359375
1785982611.6425004,0.04739273712038994,0.010131606832146645,0.0005230874521657813,-0.13941721618175507,-0.3222565650939929,9.801545143127441
1785982611.6605005,0.06922125816345215,0.021246952936053276,-0.00652536749839783,-0.13941721618175507,-0.3222565650939929,9.801545143127441
1785982611.6775005,0.05010291934013367,0.040681224316358566,-0.005381928291171794,-0.013766184449195862,-0.5218679904937732,9.710728645324707
1785982611.7005005,0.05177507549524307,0.03201880306005478,-0.0007441764464601913,-0.013766184449195862,-0.5218679904937732,9.710728645324707
1785982611.7195003,0.031464554369449615,0.030552957206964493,-0.001961101545020942,0.18441855907440186,-1.6720694303512562,9.900389671325684
1785982611.7424915,0.018225662410259247,0.04826531559228897,-0.005714063532650477,-0.00017660856246948242,-0.310761362314223,9.945873260498047
1785982611.7594914,0.01377607136964798,0.04748024046421051,-0.0036020060069859084,-0.671959400177002,-0.011635378003119222,9.802876472473145
1785982611.7834914,0.020240318030118942,0.05304400250315666,-0.007933234795928008,1.2376675605773926,-0.7402715682983386,9.58458423614502
1785982611.8004916,-0.005086428951472044,0.045211706310510635,-0.0013774501858279165,-0.14458294212818146,-0.43736588954925415,9.774566650390625
1785982611.8174915,-0.012578684836626053,0.047413285821676254,-0.012036986649036413,0.28538694977760315,0.01759752631187558,9.704565048217773
1785982611.840483,-0.018254799768328667,0.06105148047208786,-0.0028406078927218988,-0.9442425966262817,-0.3333854675292957,9.684161186218262
1785982611.858483,-0.015732981264591217,0.06643824279308319,-0.005494497716426857,-0.19383089244365692,-0.01955449581146119,9.900611877441406
1785982611.881483,-0.027360040694475174,0.038753729313611984,-0.0045001157559454484,-1.1201233863830566,0.16700562834739804,9.668703079223633
1785982611.899483,-0.036392245441675186,0.01470265444368124,-8.077503298409463e-05,-0.6160746216773987,-1.3388915061950672,9.814817428588867
1785982611.922483,-0.025706280022859573,0.028881441801786423,-0.002953272778540853,-0.6426073312759399,-0.4617944061756122,9.95442008972168
1785982611.9394746,-0.041389986872673035,0.042331550270318985,-0.011530741117894655,-0.6426073312759399,-0.4617944061756122,9.95442008972168
1785982611.9634745,-0.027714978903532028,0.025102009996771812,-0.0044704000465571915,0.24769756197929382,-1.5839393138885487,9.786931991577148
1785982611.9804745,-0.02432047575712204,0.05384491756558418,-0.01418329123407603,-0.36648082733154297,-0.4414378702640522,9.672406196594238
1785982611.9984746,-0.025760389864444733,0.05691681057214737,0.0008115752134472062,-0.3451681137084961,-0.017330616712568987,9.842985153198242
1785982612.0214746,-0.009194107726216316,0.05503363162279129,-0.015599615871906287,0.6548801064491272,-0.05792010575532791,9.982123374938965
1785982612.061465,-0.013214830309152603,0.05454980581998825,-0.017548695206642158,-0.4086277186870575,-0.14429265260696292,9.710856437683105
1785982612.0794652,0.006628135684877634,0.037055689841508865,-0.017006300389766697,-0.27237027883529663,0.09427103400230526,9.643404006958008
1785982612.1024652,0.028078068047761917,-0.0008259118767455244,-0.019458290189504623,-0.7781012058258057,-0.09962996840476866,10.055115699768066
1785982612.120465,0.03201015293598175,-0.017591614276170734,-0.02481967210769653,-0.6851754784584045,1.1779673099517833,9.910271644592285
1785982612.1444561,0.0004110126756131649,-0.022280281409621242,-0.0360267199575901,-0.6851754784584045,1.1779673099517833,9.910271644592285
1785982612.161456,-0.011154698207974434,-0.02414239384233952,-0.03130827471613884,-1.097938060760498,-0.5673977136611926,9.748692512512207
1785982612.178456,-0.03063054382801056,-0.030650271102786068,-0.04059909656643867,-0.22175332903862,-0.6020058393478381,9.635568618774414
1785982612.2024562,-0.04652786999940872,-0.03448083996772767,-0.04070600494742393,-1.4928643703460693,0.020444482564927365,9.942315101623535
1785982612.2194562,-0.04734831675887108,-0.016516374424099926,-0.04149564728140831,-0.2624293565750122,-0.22060836851596713,9.799668312072754
1785982612.2424476,-0.05582060664892197,0.05263870581984519,-0.03556977957487107,0.25436273217201233,-0.6092201471328723,9.536306381225586
1785982612.2604477,-0.05636589229106903,0.09485641121864319,-0.039563231170177474,1.2696988582611084,0.17157647013664365,9.742818832397461
1785982612.2774477,-0.034340135753154755,0.10245071351528168,-0.035481698811054244,-0.30992236733436584,0.7335246801376355,10.20211410522461
1785982612.3004477,0.004957588855177164,0.10813446342945099,-0.03171356022357942,-0.6163382530212402,-0.027528837323187554,10.021116256713867
1785982612.3184476,0.02705676667392254,0.10710147023200989,-0.030234485864639296,-0.3236829936504364,-0.3754383921623218,9.785791397094727
1785982612.3414392,0.04147714748978615,0.12107422947883606,-0.027109811082482352,-0.1232629269361496,-0.2966376841068256,9.425954818725586
1785982612.3594391,0.053762298077344894,0.0742584764957428,-0.022596925497055064,-0.9300561547279358,-0.03479534387588379,9.998281478881836
1785982612.3764393,0.0758778378367424,0.06435570120811462,-0.017714750021696098,-0.8125227093696594,-0.8685363531112659,9.659086227416992
1785982612.3994393,0.05982625484466553,0.0673275887966156,-0.023924984037876136,-0.7536240816116333,0.07161296904087186,9.80184268951416
1785982612.4174392,0.10677313804626465,0.051699865609407425,-0.01641064696013928,-0.419524610042572,-0.5956479907035815,9.840004920959473
1785982612.440431,0.1386518031358719,0.053827255964279175,-0.01543017569929362,-0.8038326501846313,-0.030534982681273193,9.958357810974121
1785982612.458431,0.12290334701538086,0.04103640466928482,-0.005864456295967107,0.48974210023880005,-0.5862947702407825,9.726785659790039
1785982612.481431,0.11604336649179459,0.04002732038497925,-0.009390337392687803,1.0823163986206055,-1.7078542709350575,9.777070045471191
1785982612.498431,0.09585199505090714,0.04498441144824028,-0.0053972448222339205,1.0823163986206055,-1.7078542709350575,9.777070045471191
1785982612.521431,0.07635671645402908,0.04097152128815651,-0.001024619210511451,-0.8876999020576477,0.13662099838256955,9.854696273803711
1785982612.5394235,0.06158298999071121,0.01086975634098053,3.671304148156063e-05,0.5177085399627686,-0.2405214160680759,9.750297546386719
1785982612.5624235,0.06073610484600067,-0.007881284691393375,-0.0007425263174809506,0.34310823678970337,0.5003716945648206,9.561346054077148
1785982612.5804234,0.07488802820444107,-0.03525576740503311,0.002155858557671313,-1.6803776025772095,-0.6403708457946765,10.090078353881836
1785982612.5974233,0.0927005335688591,-0.06392941623926163,0.0219541434198618,0.7110375165939331,-0.1117844879627216,9.595877647399902
1785982612.6204233,0.12307403981685638,-0.06014842540025711,0.021690391004085548,-0.6950638294219971,0.3106971085071576,9.8261079788208
1785982612.6384149,0.14858922362327576,-0.0674409568309784,0.036381315439939506,0.08466152846813202,-0.22221390902995947,9.593193054199219
1785982612.6614149,0.15444055199623108,-0.07309658825397491,0.041432652622461326,-0.6258527040481567,-0.0075936764478671545,9.737988471984863
1785982612.679415,0.1729995757341385,-0.053990703076124184,0.04786824062466622,1.3104039430618286,-0.4895108044147479,9.997428894042969
1785982612.702415,0.17471954226493835,-0.07074515521526337,0.04127341508865357,-0.15239837765693665,-0.5237680077552783,9.860956192016602
1785982612.719415,0.1465418040752411,-0.08039006590843199,0.06038190796971322,-0.2224268913269043,-0.44090038537979004,10.08836555480957
1785982612.7434065,0.15635128319263458,-0.08971885591745377,0.04393669217824937,0.26731055974960327,0.021633148193360575,9.802522659301758
1785982612.7614064,0.13969773054122925,-0.09590540081262589,0.04960764199495317,0.08292606472969055,-0.19933041930198547,9.864421844482422
1785982612.8014064,0.11847968399524689,-0.10119713842868805,0.05174471065402032,-0.5719802379608154,0.4597040712833417,9.929170608520508
1785982612.8194065,0.09688523411750793,-0.10568565875291823,0.058567881584167494,1.5532201528549194,-0.5426168441772449,10.237424850463867
1785982612.8423986,0.08836530894041061,-0.11835584789514542,0.048171751201152815,-0.37101802229881287,-0.30845168232917664,9.932458877563477
1785982612.8593986,0.07081922888755798,-0.13352449238300323,0.0401526838541031,0.899760901927948,-0.23894557356834287,10.208122253417969
1785982612.8823986,0.05911362171173096,-0.17157328128814697,0.03763488307595255,-0.31183749437332153,-0.479778856039046,10.040474891662598
1785982612.9003985,0.05860702693462372,-0.1581173986196518,0.031897183507680914,-0.9208821058273315,-0.4753056764602649,10.017843246459961
1785982612.9183986,0.06998983025550842,-0.16296416521072388,0.025877425447106382,1.1950011253356934,0.279781371355058,10.121589660644531
1785982612.9413903,0.06628765165805817,-0.11490583419799805,0.006803123746067299,-0.2687425911426544,-0.5162239074707019,10.087352752685547
1785982612.9583902,0.07298944145441055,-0.11396357417106628,0.013445370830595507,-0.4255028963088989,-0.29366803169250366,9.989707946777344
1785982612.9763904,0.04594649374485016,-0.129051074385643,0.010306272655725495,-1.0174006223678589,0.4114211499691022,10.060412406921387
1785982612.9993904,0.035262588411569595,-0.13259103894233704,0.0074773286469280885,-0.2529556453227997,1.016224741935731,9.506086349487305
1785982613.0223904,0.011456409469246864,-0.11117517948150635,0.0026621548458933965,-0.16860274970531464,-0.06862387061118957,9.93666934967041
1785982613.0393825,0.015641963109374046,-0.08452820032835007,0.0011947125894948944,-0.5778613090515137,-0.19074690341949338,10.110244750976562
1785982613.0633824,0.0006949878297746181,-0.09730994701385498,-0.00246192538179456,-0.769618809223175,-0.7037380933761584,10.263985633850098
1785982613.0803823,-0.007796221878379583,-0.08779573440551758,0.0005557663971558321,-0.12551285326480865,0.22553622722625855,10.028534889221191
1785982613.0983825,-0.014873538166284561,-0.09057509154081345,0.00515278195962311,-1.8046096563339233,-0.921329617500304,10.239603996276855
1785982613.1213825,-0.01803634874522686,-0.07598905265331268,-0.0008484633290208783,1.4299012422561646,0.05254366993904232,9.64232349395752
1785982613.1393733,-0.004725157283246517,-0.06319306790828705,0.008493502624332912,-1.120543360710144,-0.04571321606635926,9.909372329711914
1785982613.1563733,-0.003824882209300995,-0.0692751407623291,0.001220757258124658,-0.4628499746322632,0.417713373899461,9.41806697845459
1785982613.1793733,0.001228576060384512,-0.064451202750206,-0.0021430416963994425,-0.8377991318702698,0.2424554228782666,9.954774856567383
1785982613.1973732,0.00715467007830739,-0.05892021581530571,0.0050686621107161114,-0.23439757525920868,0.3265559971332562,9.813557624816895
1785982613.2203732,0.019783051684498787,-0.026195792481303215,-0.0037177896592766016,-0.2539801299571991,0.04892800748348358,9.954172134399414
1785982613.238365,0.03443857654929161,-0.01587226428091526,0.0038785336073488014,-0.14592182636260986,0.35377183556556824,9.941237449645996
1785982613.261365,0.0325717031955719,-0.03151421993970871,0.0031154502648860255,-0.39565035700798035,-0.5673884749412524,9.849915504455566
1785982613.278365,0.033322274684906006,-0.03302817419171333,0.005481303203850989,0.8706450462341309,0.38087421655655024,9.597600936889648
1785982613.301365,0.018914440646767616,-0.014018803834915161,0.003671907819807531,0.8706450462341309,0.38087421655655024,9.597600936889648
1785982613.319365,0.0012722471728920937,-0.012121984735131262,0.009104036726057531,-0.2287965714931488,0.17032001912593964,9.867929458618164
1785982613.3423562,0.01610633172094822,-0.01866871863603592,0.006746882107108834,-2.538008689880371,0.629547715187074,9.65639591217041
1785982613.3603563,0.0032602185383439064,-0.013247277587652206,0.0032927317079156655,-2.538008689880371,0.629547715187074,9.65639591217041
1785982613.4013562,0.0011131539940834045,-0.018208220601081848,0.011519122868776323,1.0647343397140503,-0.4694318175315844,10.26961612701416
1785982613.4183562,0.026147643104195595,-0.01635521464049816,0.010578807443380358,-2.0306689739227295,0.32602661848068354,9.687154769897461
1785982613.4423482,0.036527663469314575,0.005576410796493293,0.006829583551734685,2.123678684234619,-0.17415694892406344,9.827239036560059
1785982613.4593484,0.02948019467294216,0.0217959675937891,0.013413902372121807,-1.1130821704864502,0.10686369240284088,9.943036079406738
1785982613.4823484,0.038470134139060974,0.008887998759746553,0.011027518659830092,0.20416554808616638,0.10482658445835237,10.032174110412598
1785982613.5173483,0.04818674176931381,0.031121730804443363,0.020071318373084065,-0.8968169093132019,0.47813516855239985,9.67187213897705
1785982613.5633395,0.04674922674894333,0.023130534216761593,0.023561777547001835,-0.24773651361465454,-0.3043406605720508,9.79375171661377
1785982613.5813394,0.0540231317281723,0.021637514233589176,0.01718579418957233,-0.06617139279842377,0.2667910456657422,9.859282493591309
1785982613.5993395,0.025578362867236137,0.014560638926923278,0.023683007806539532,-0.6128989458084106,0.045730367302895786,9.757367134094238
1785982613.6223395,0.010513102635741234,0.005163477268069985,0.024779081344604492,-0.5821210145950317,-0.16655620932578918,9.950149536132812
1785982613.657331,0.0021101506426930428,-0.04401756078004837,0.024586414918303497,-0.27782174944877625,-0.23023818433284637,9.993351936340332
1785982613.680331,0.016297927126288414,-0.028636628761887547,0.022243117913603786,1.3788206577301025,-0.21794854104518765,10.188161849975586
1785982613.6983309,0.034464120864868164,-0.04127863422036171,0.01756229065358639,-1.4318643808364868,-0.38799154758453247,10.017646789550781
1785982613.721331,0.03922329097986221,-0.03269629925489426,0.014442777261137966,-0.014391005039215088,-0.03517720103263731,10.142867088317871
1785982613.7383215,0.023145640268921852,-0.021750058978796002,0.018326196819543842,-0.4787905514240265,0.15529485046863678,9.905776023864746
1785982613.7623215,0.06558139622211456,-0.03348277509212494,0.005119033623486762,-0.10806407034397125,0.20501209795475125,9.714458465576172
1785982613.7793214,0.06265007704496384,-0.019834248349070546,0.019643295556306842,0.01918277144432068,-0.1788114309310901,9.86668586730957
1785982613.7963214,0.045134641230106354,-0.0227642972022295,0.011513766832649711,0.20830756425857544,-0.3178783059120166,10.102395057678223
1785982613.8203216,0.04662550985813141,-0.015836622565984726,0.010880974121391775,-0.03762945532798767,0.3844611644744885,9.92394733428955
1785982613.8433127,0.03156673163175583,-0.01446164958178997,0.006717615295201542,-0.8840621709823608,0.37390661239624146,9.83865737915039
1785982613.8603127,0.010221131145954132,0.002975513692945242,0.0012834663502871986,-0.8840621709823608,0.37390661239624146,9.83865737915039
1785982613.8783128,0.007603325881063938,0.002744285389781,0.014466527849435806,-0.8840621709823608,0.37390661239624146,9.83865737915039
1785982613.9013128,-0.021577611565589905,0.016502510756254196,0.005615249276161192,-0.5151041746139526,-0.08736187219619629,9.918370246887207
1785982613.9193127,-0.033346980810165405,0.01081249024719,0.01265957299619913,-0.4266151487827301,0.47112566232681397,9.907651901245117
1785982613.9423046,-0.03511460870504379,-0.00024051591753959523,0.010782291181385517,-0.11719224601984024,-0.18660682439803955,9.92113208770752
1785982613.9593046,-0.05167016386985779,0.014522245153784754,0.011542691849172114,-1.1987758874893188,0.8430598974227917,9.572443008422852
1785982613.9833045,-0.05536419898271561,0.008694798685610296,0.01184007618576288,1.0677474737167358,0.45187783241272095,9.84439754486084
1785982614.0003045,-0.05269237607717514,0.0342533141374588,0.009847169741988179,1.0677474737167358,0.45187783241272095,9.84439754486084
1785982614.0183046,-0.048976823687553406,0.03770627826452255,0.002805948490276928,-0.15411457419395447,0.34097975492477534,9.52210521697998
1785982614.0412958,-0.04175732284784317,0.029179297387599945,0.009084294550120827,-0.29248636960983276,0.3370141386985791,9.922893524169922
1785982614.058296,-0.04647894948720932,0.03932133689522743,0.0078045614063739725,-0.9255543947219849,0.35167521238327143,9.573521614074707
1785982614.081296,-0.05091480165719986,0.033608902245759964,0.008041729219257828,-0.14841783046722412,0.2999877929687512,9.774109840393066
1785982614.0992959,-0.04547141492366791,0.026889918372035027,0.0049216388724744285,0.16888532042503357,-0.23125046491622805,9.759411811828613
1785982614.1162958,-0.058112189173698425,0.022927263751626015,0.0035039233043789838,1.5681242942810059,0.040516778826714776,9.933813095092773
1785982614.140287,-0.07091130316257477,0.01416148990392685,0.002553360536694525,0.1558375358581543,0.131279841065408,9.697062492370605
1785982614.1812868,-0.06443734467029572,0.002438145224004984,-0.00014833852765150398,-1.3054561614990234,0.1970531493425381,9.496944427490234
1785982614.198287,-0.05977456271648407,0.010057775303721426,-0.007398271467536689,1.209304928779602,0.04209052026271944,10.122271537780762
1785982614.221287,-0.05358554422855377,0.0056462474167346954,-0.0024091089144349107,0.13614946603775024,0.3812271952629101,9.673285484313965
1785982614.2392786,-0.05283067375421524,0.023466210812330246,-0.009418313391506675,0.8354160189628601,-0.7851928472518909,9.958791732788086
1785982614.2562785,-0.05590447783470154,0.009610773995518683,-0.008732091635465624,-0.2032562643289566,-0.2838608920574176,9.7686185836792
1785982614.2792785,-0.06809519976377487,0.01002786960452795,-0.0015309168957173837,-0.777479887008667,0.15971410274505737,9.86121940612793
1785982614.3032784,-0.06494901329278946,0.0033407600130885835,-0.0032765069045126442,0.20219580829143524,1.1312416791915905,9.317947387695312
1785982614.3202784,-0.07638948410749435,0.024971097707748413,-0.010213657282292846,2.3976612091064453,-0.7948441505432117,10.41514778137207
1785982614.3382697,-0.08173036575317383,0.01877644658088684,-0.008812870830297472,0.33182960748672485,-0.25603187084197876,9.922246932983398
1785982614.3612697,-0.055223945528268814,-0.0034009702503681187,-0.002274953061714768,0.29188430309295654,-0.13105072081088898,9.96413803100586
1785982614.3792698,-0.05657413974404335,0.015856869518756866,-0.008557816967368128,-0.12308695912361145,0.362727612257005,9.781747817993164
1785982614.4022698,-0.04717300459742546,0.014631621539592743,0.002257065149024127,-0.7321669459342957,-0.4103337526321399,10.096562385559082
1785982614.4192698,-0.04713389649987221,0.0100736441090703,-0.010975551791489126,-0.2719040811061859,0.2221747040748608,9.85671329498291
1785982614.4372613,-0.04442082345485687,-0.01430323161184788,-0.007859220728278158,-0.17950546741485596,0.01599548757076384,9.868789672851562
1785982614.4602613,-0.0446670725941658,-0.0002352286246605229,-0.009598691947758198,-0.8155584931373596,0.04676634073257564,9.615564346313477
1785982614.4782612,-0.020041657611727715,-0.014711197465658188,-0.00017218300490639925,-0.22830042243003845,-0.41385349631309387,9.917387008666992
1785982614.5012612,-0.019183054566383362,-0.020928626880049706,-0.007282379083335397,-0.09370054304599762,-0.3226072788238513,9.880974769592285
1785982614.5182612,-0.01731850393116474,0.00012682651868090023,-0.0008733195718377829,-0.10237279534339905,-0.4947061836719501,10.124627113342285
1785982614.5412524,-5.043204873800278e-05,-0.00945311412215233,-0.008940820582211016,0.2946508526802063,-0.5719659328460681,10.019194602966309
1785982614.5762525,0.0005723517388105392,-0.019179852679371834,-0.0034013502299785592,0.7350987195968628,0.4073036015033734,9.994269371032715
1785982614.6002524,-0.018386652693152428,0.0018359438981860872,-0.0043362900614738464,-0.722937285900116,-0.11684205383062243,9.784302711486816
1785982614.6172523,-0.00869019329547882,0.007526783738285302,-0.007395535707473756,-0.6879937648773193,0.7415395975112927,9.519110679626465
1785982614.6402435,-0.018968109041452408,0.023654323071241375,-0.01947472803294659,0.09749181568622589,0.40735676884651306,9.807991027832031
1785982614.6582437,-0.021019862964749336,0.029287630692124363,-0.015458681620657447,0.09749181568622589,0.40735676884651306,9.807991027832031
1785982614.6812437,-0.03517661616206169,0.024779342114925385,-0.012347345240414146,1.3418710231781006,-0.6222503781318652,9.950236320495605
1785982614.7162437,-0.04129837080836296,0.014434346929192541,-0.00726019684225321,-0.23979678750038147,-0.06155019253492235,9.792184829711914
1785982614.7402349,-0.051651205867528915,0.024266643449664116,-0.011816577985882763,-0.6225086450576782,-0.8479009866714465,9.862488746643066
1785982614.757235,-0.05453427508473396,0.039591558277606964,-0.008761773817241197,-0.6195684671401978,1.3004589080810558,9.696598052978516
1785982614.780235,-0.037615153938531876,0.04546215385198593,-0.014326018281281,-0.25574010610580444,0.02571284770965694,9.629807472229004
1785982614.797235,-0.033325109630823135,0.046854011714458466,-0.014296923764050012,-0.11778755486011505,-0.547690153121947,10.376473426818848
1785982614.821235,-0.015338975004851818,0.051943227648735046,-0.016731649637222297,-0.15868061780929565,0.2665686905384076,9.807677268981934
1785982614.839226,-0.0019159545190632343,0.04924136772751808,-0.010949660092592245,-1.7125003337860107,-0.29735225439071533,10.081026077270508
1785982614.862226,0.013139181770384312,0.03709540143609047,-0.0033277738839387937,0.6262935996055603,0.3623049557209027,9.908061981201172
1785982614.879226,0.023307189345359802,0.024014199152588844,-0.0034695188514888317,-0.07948271185159683,-0.34799179434776184,9.76660442352295
1785982614.897226,0.03155426308512688,0.03741544112563133,0.000742740230634804,-0.16797968745231628,0.17577421665191773,10.072967529296875
1785982614.920226,0.05317823588848114,0.0328591950237751,-0.008818423375487331,-0.2760426998138428,-0.13664850592613098,9.88593578338623
1785982614.9612172,0.08924000710248947,0.00906316563487053,0.001119726919569074,0.733197033405304,-0.29793304204940674,9.814175605773926
1785982615.0022173,0.08368527144193649,0.006248303689062595,0.0008224184857681386,0.2738457918167114,-0.00700163841247441,9.602248191833496
1785982615.042209,0.11342965811491013,-0.036063067615032196,-0.0034894295968115286,-1.442549467086792,0.09676840901374933,9.468049049377441
1785982615.0602088,0.11158639192581177,-0.02162952721118927,-0.003983613103628156,-0.34772831201553345,0.44048902392387507,9.639817237854004
1785982615.0772088,0.0821748599410057,0.017968637868762016,-0.01120045315474272,0.3163195848464966,0.31407654285431025,9.568470001220703
1785982615.101209,0.04781070351600647,0.03250507265329361,-0.006706020794808869,-0.5339405536651611,-0.273560047149657,10.077407836914062
1785982615.118209,0.016125131398439407,0.042576827108860016,-0.010239619761705404,-0.6605774760246277,0.3069851100444806,9.77560806274414
1785982615.1411998,-0.017108779400587082,0.07350163906812668,-0.005711593665182599,-0.021820828318595886,-0.5627322196960437,10.004054069519043
1785982615.1592,-0.04143395647406578,0.06845446676015854,-0.0024895158130675637,-0.17158378660678864,0.04603609442710995,9.697321891784668
1785982615.1762,-0.09340007603168488,0.10483305156230927,-0.010641081258654607,-0.0825958177447319,-0.4708777368068683,9.840751647949219
1785982615.2001998,-0.13430987298488617,0.08900991082191467,0.0003275290655437748,-0.3481826186180115,1.0693901777267467,9.432110786437988
1785982615.2231998,-0.13294868171215057,0.08598288893699646,-0.00998761784285308,-0.22231586277484894,0.510843873023988,9.985428810119629
1785982615.2401915,-0.12667980790138245,0.05139078572392464,-0.004690514411777264,-0.22231586277484894,0.510843873023988,9.985428810119629
1785982615.2571914,-0.09296225011348724,0.04465976729989052,-0.0029650423675775584,-0.069239541888237,0.39972063899040344,9.856395721435547
1785982615.2811913,-0.06318256258964539,0.05423688143491745,-0.006853192113339908,-0.39024296402931213,-0.2584722638130176,9.917379379272461
1785982615.2981913,-0.047858644276857376,0.028042951598763466,-0.004107228014618162,-1.5912412405014038,1.4439688920974743,9.380681037902832
1785982615.3211913,-0.015226006507873535,0.02818316966295242,-0.025228926911950115,0.6452172994613647,-0.4683292508125293,10.040493965148926
1785982615.3391833,0.022835606709122658,-0.00012981292093172827,-0.012838752008974552,-1.5097109079360962,0.7616493105888378,9.397603988647461
1785982615.3621833,0.012566616758704185,0.006214758846908806,-0.01763451099395752,-1.1093488931655884,0.5612611174583447,9.72834300994873
1785982615.3791833,0.017899638041853905,-0.015164944343268871,0.0007848278619349021,0.07494211196899414,0.280596971511842,9.630970001220703
1785982615.3971832,-0.01363297551870346,0.0013523492962121964,-0.00047494852333329634,0.18024592101573944,-0.3520000874996173,9.886709213256836
1785982615.4201832,-0.013699498027563095,0.002031393116340041,0.0009372384520247576,-0.4354977011680603,-0.28457042574882385,9.804536819458008
1785982615.4381752,-0.031803056597709656,-0.005087202414870261,0.00813028309494257,-0.5872260332107544,0.33545839786529663,9.912312507629395
1785982615.4611752,0.0009975000284612179,-0.00827762112021446,0.01826307363808155,1.9387638568878174,-1.0155497789382921,10.121013641357422
1785982615.4791753,0.02748127095401287,-0.02079840004444122,0.028486793860793117,-0.6366952657699585,-0.8912662267684924,10.40699291229248
1785982615.4961753,0.03962769731879234,-0.004306147340685125,0.03379630297422409,-1.3847317695617676,0.21808890998363611,9.545731544494629
1785982615.5201752,0.06502573937177658,-0.005518718156963582,0.04007437452673912,-0.34468135237693787,0.20674772560596585,9.700682640075684
1785982615.5431664,0.06445042788982391,0.04147357121109963,0.042733903974294656,-0.45512014627456665,-0.2105315178632724,10.057153701782227
1785982615.5601664,0.07228921353816986,0.06523710489273071,0.039633560925722115,-0.22973522543907166,0.2402762621641171,9.843066215515137
1785982615.5781662,0.07991445809602737,0.08570396155118942,0.03810828551650046,-0.7592707872390747,0.265083432197572,9.872886657714844
1785982615.6011662,0.07574830204248428,0.12429067492485046,0.032294139266014085,-0.45299506187438965,0.3937408924102795,9.579177856445312
1785982615.6191664,0.051058799028396606,0.15079639852046967,0.028731597587466223,1.2825748920440674,-0.26536941528320185,10.246831893920898
1785982615.6421578,0.022864142432808876,0.1380275934934616,0.0337923690676689,1.2825748920440674,-0.26536941528320185,10.246831893920898
1785982615.659158,0.007202825043350458,0.09832824766635895,0.039462573826313005,1.2825748920440674,-0.26536941528320185,10.246831893920898
1785982615.6771579,-0.006948647554963827,0.0784105733036995,0.036078143864870064,-0.024981915950775146,0.5336852669715894,9.708693504333496
1785982615.7001579,-0.01330270990729332,0.02066799253225327,0.04179992526769638,-1.6457468271255493,0.18939097225666157,9.122454643249512
1785982615.718158,-0.021457083523273468,-0.0001351358951069377,0.030721161514520645,-0.6032543778419495,0.5536813139915479,9.706499099731445
1785982615.7411492,-0.014368141070008278,-0.007006351370364425,0.02322237379848957,-0.3153674006462097,-0.29599201679229614,9.899795532226562
1785982615.7581491,0.007173726800829172,-0.013153446838259693,0.02693081833422184,-0.5846595168113708,0.4363222718238842,9.743715286254883
1785982615.782149,0.033778540790081024,-0.018008453771471977,0.0063941800035536315,-0.6536912322044373,0.5241085886955273,9.601741790771484
1785982615.7991493,0.044074952602386475,-0.01914646103978157,0.011275918222963812,0.4875946044921875,-0.40142977237701294,10.117534637451172
1785982615.8161492,0.024092255160212517,-0.027638085186481476,0.009779744781553749,-0.10983392596244812,-0.5934801101684558,9.968276023864746
1785982615.8401403,-0.01665746606886387,-0.027308661490678784,0.019449407234787944,-1.0709185600280762,-0.14832890033721807,9.42591381072998
1785982615.8571403,-0.020843293517827988,-0.03719501569867134,0.016421021893620494,-1.187406063079834,0.41184914112091175,8.931938171386719
1785982615.8801403,-0.05159257352352142,-0.028249163180589672,0.0148127805441618,-0.22133460640907288,-0.6901715993881213,10.314058303833008
1785982615.8981402,-0.07004812359809875,-0.018109187483787537,0.005851276684552434,-1.254568338394165,-0.37198740243911627,9.554187774658203
1785982615.9211402,-0.047696638852357864,-0.014980044215917586,0.00822934601455927,-0.3068552315235138,-0.5837193131446826,9.857429504394531
1785982615.9391315,-0.057151805609464645,-0.021710911765694618,0.008788203820586208,-0.3068552315235138,-0.5837193131446826,9.857429504394531
1785982615.9621315,-0.09132114052772522,-0.03254754841327667,0.0022088426630944053,-0.7774248719215393,-0.9035496115684497,10.041640281677246
1785982615.9801316,-0.09431786835193634,-0.07101482152938843,0.0059010791592300025,-2.3531460762023926,-0.2830958962440479,9.458700180053711
1785982615.9971316,-0.09662488102912903,-0.08156152814626694,-0.005047860089689483,0.27347683906555176,0.08266408741474275,10.130168914794922
1785982616.044123,-0.06460866332054138,-0.06980808824300766,-0.015519841574132434,0.2474440187215805,-0.21849519014358396,10.113459587097168
1785982616.061123,-0.03559132292866707,-0.07272691279649734,-0.01503123063594102,-0.6103272438049316,0.028789862990380527,9.755817413330078
1785982616.0791228,-0.027961745858192444,-0.05588564649224281,-0.022920420393347733,-0.7056604623794556,0.1136057227849972,9.552976608276367
1785982616.1021228,-0.03398297727108002,-0.04463765025138855,-0.02584873884916305,0.1989329606294632,0.15645311772823453,9.810264587402344
1785982616.1191227,-0.0115115437656641,-0.04514922574162483,-0.020314462482929223,1.9168779850006104,-0.44518566131591675,10.161164283752441
1785982616.1421142,-0.027248933911323547,-0.027107093483209613,-0.02267789468169212,0.1830773800611496,-0.416518986225127,9.683354377746582
1785982616.160114,-0.04771902784705162,-0.06140269339084625,-0.020639086142182343,-0.07994344085454941,-0.3792188167572009,10.117408752441406
1785982616.183114,-0.06601634621620178,-0.04279180616140366,-0.03622493520379066,-0.29502809047698975,-0.2164861708879459,9.670801162719727
1785982616.2011142,-0.0937262699007988,-0.05679424852132797,-0.02453497610986232,-0.2564851939678192,0.3516924381256115,9.639575004577637
1785982616.2181141,-0.11231835931539536,-0.03671862185001374,-0.034101527184247964,0.13991831243038177,-0.49960964918136475,9.877750396728516
1785982616.2421055,-0.08595716208219528,-0.03708629682660103,-0.027586918324232098,-0.057428620755672455,-0.47102946043014404,9.846015930175781
1785982616.2591054,-0.07465635985136032,-0.006476686801761393,-0.03394055739045143,-1.497513771057129,-0.33814197778701666,9.506248474121094
1785982616.2821054,-0.05596373602747917,0.012340822257101532,-0.025073803961277008,-0.09251542389392853,-0.14272046089172247,9.592724800109863
1785982616.3001053,-0.017564967274665833,0.009798902086913582,-0.02742759697139263,0.45941734313964844,-1.0350825786590563,10.196126937866211
1785982616.3231053,0.021494608372449875,0.03119123727083206,-0.028013335540890697,0.5692631006240845,-0.873968720436095,10.038909912109375
1785982616.3400967,0.03447277098894119,0.03340189531445503,-0.026717113330960277,-0.5035438537597656,0.33163034915924194,9.832332611083984
1785982616.3580966,0.07533839344978333,0.05820390209555625,-0.032287023961544044,-0.7275015711784363,-0.19233989715576053,9.642085075378418
1785982616.3810966,0.08825693279504776,0.0817536935210228,-0.04254445061087609,-0.9836058020591736,0.2522526979446423,9.655611991882324
1785982616.3990967,0.0887891873717308,0.10566345602273941,-0.032449919730424895,0.5733124613761902,0.21530480682850003,9.794036865234375
1785982616.4160967,0.09215255826711655,0.12029120326042175,-0.030466377735137953,0.24014396965503693,0.13604713976383329,9.786431312561035
1785982616.4400883,0.07312306761741638,0.12942995131015778,-0.0229400545358658,-0.384529709815979,0.8973600268363964,9.432990074157715
1785982616.4570882,0.06743957847356796,0.12335366010665894,-0.020404346287250533,1.0667989253997803,-1.2578011751174913,10.188295364379883
1785982616.4800882,0.04740830883383751,0.11830310523509979,-0.010985799133777632,0.6901240348815918,-0.11732897162437317,10.018166542053223
1785982616.4980884,0.019949190318584442,0.11433325707912445,-0.012782027944922461,-0.6769954562187195,0.46536910533905146,9.584440231323242
1785982616.5210884,0.010036906227469444,0.10496105998754501,-0.007768900133669389,-0.4354763627052307,0.5952605009078992,9.68282699584961
1785982616.545079,0.01952958106994629,0.09390552341938019,-0.012249797582626355,-0.015379026532173157,-0.1292198598384845,9.926733016967773
1785982616.562079,0.01914282515645027,0.10018542408943176,-0.002828254830092204,1.42880380153656,-0.033289805054663335,10.413389205932617
1785982616.5790792,0.031757909804582596,0.09546060115098953,-0.005996684543788444,-0.5682591199874878,-0.12014556676149248,9.809138298034668
1785982616.6020792,0.06393621116876602,0.0906849130988121,-0.009173745289444934,0.037223830819129944,0.04472577571869015,9.666858673095703
1785982616.620079,0.05720115825533867,0.07297218590974808,-0.00853653997182847,-0.0844615176320076,-0.38188514113426086,9.936457633972168
1785982616.6370707,0.05446360632777214,0.059321045875549316,0.00592155568301677,0.025505125522613525,0.14975662529468656,9.808324813842773
1785982616.6610706,0.07958704978227615,0.05393731966614723,0.0014848399441689188,0.3759821057319641,0.08289010822773099,9.744355201721191
1785982616.6780705,0.07626514136791229,0.04320594295859337,3.130629193037219e-05,0.3759821057319641,0.08289010822773099,9.744355201721191
1785982616.6960707,0.09051943570375443,0.053688935935497284,0.0013333425158634717,0.3759821057319641,0.08289010822773099,9.744355201721191
1785982616.7190707,0.08585546165704727,0.04477248340845108,0.005081356968730683,-1.615701675415039,0.7262198328971874,9.189538955688477
1785982616.7430618,0.08945928514003754,0.05215553194284439,0.009326276369392865,1.421471357345581,0.2470732480287564,9.897040367126465
1785982616.760062,0.09422617405653,0.035539351403713226,0.012336665764451022,-0.6079735159873962,0.1915704756975186,9.673270225524902
1785982616.7780619,0.09899371862411499,0.04114615172147751,0.00864527933299541,0.1778639703989029,-0.1469569206237781,9.827631950378418
1785982616.8010619,0.10158929228782654,0.028861153870821,0.010096921585500237,-0.8099743127822876,0.20384980738163114,9.761080741882324
1785982616.819062,0.07669153064489365,0.05825952813029289,0.012156487442553036,-0.10562705993652344,-0.23467546701431155,9.783427238464355
1785982616.8420532,0.0802418664097786,0.054631780833005905,0.015101790428161614,-0.1610030084848404,0.25631314516067627,9.759676933288574
1785982616.8770533,0.11478075385093689,0.0634591206908226,0.017308117821812623,-0.20099826157093048,1.1090489625930797,9.418394088745117
1785982616.9000533,0.09451987594366074,0.07825711369514465,0.011005599983036508,-1.6445966958999634,0.3339363336563122,9.499345779418945
1785982616.9180532,0.09635797888040543,0.0588267482817173,0.016240658238530152,-0.4254716634750366,-0.25741970539092895,9.782703399658203
1785982616.9410446,0.08903950452804565,0.03497380390763283,0.019578389823436734,-0.6702223420143127,0.6977685093879711,9.349126815795898
1785982616.9590445,0.08928792923688889,0.015432469546794893,0.010279185138642786,0.7817705869674683,0.7705982923507703,9.612923622131348
1785982616.9760444,0.05046342685818672,0.012823969125747682,0.009104422293603419,0.8005000948905945,-0.08393820375203964,9.921163558959961
1785982616.9990444,0.05819188058376312,0.007752898149192334,0.007407061755657195,-0.6677981019020081,0.10216550529003263,9.711677551269531
1785982617.0230446,0.06642583012580872,0.016343962401151657,0.0017361557111144046,-0.09296786785125732,0.23943357169628265,9.864701271057129
1785982617.0400355,0.05756407976150513,-0.005495669785887001,0.012819848023355007,-0.15432189404964447,0.8982540369033825,9.457321166992188
1785982617.0580356,0.02391071617603302,0.0036247498355805874,-0.0003213891177438204,1.5150309801101685,-0.12825107574462766,10.089696884155273
1785982617.0810356,0.0245005264878273,-0.016023365780711174,0.003779093036428096,0.9746274948120117,-0.9341347813606249,10.667142868041992
1785982617.0980356,0.01901797577738762,-0.02492145262658596,0.006257954053580764,-1.3817846775054932,0.03632627427578086,9.279253005981445
1785982617.1210356,0.01445797085762024,-0.04338404908776283,0.001929583260789519,-0.23655658960342407,-0.07919322699308276,9.721114158630371
1785982617.1390266,0.014089547097682953,-0.05375349149107933,-0.003011961933225387,-0.5088915824890137,0.3485832214355481,9.76435661315918
1785982617.1620266,0.01976517215371132,-0.04525187611579895,-0.002973811235278839,-1.9999619722366333,0.03968971967697255,9.114758491516113
1785982617.1800265,0.010099735110998154,-0.012577798217535019,0.0003355839871801451,0.021559402346611023,0.6475927829742444,9.743629455566406
1785982617.1970265,-0.006783012766391039,-0.00230302126146853,-0.002836080733686685,1.360077142715454,-0.9212867021560657,10.181964874267578
1785982617.2200265,-0.005991037935018539,-0.006571102421730757,0.0015778481028974065,-0.30242031812667847,0.45837664604187134,9.932486534118652
1785982617.2440178,0.0010535563342273235,0.013308975845575331,-0.008690244518220426,-0.3484145402908325,-0.20460820198058957,10.162752151489258
1785982617.2610178,-0.0023329472169280052,0.0032499702647328372,-0.0022526804823428397,-0.7043775916099548,-0.05237480998039122,10.104408264160156
1785982617.279018,-0.013519419357180595,0.011693688109517097,-0.004746965132653715,0.04480260610580444,-0.4228163361549365,10.177132606506348
1785982617.302018,-0.01087779738008976,-0.0026092233601957573,-0.008979439735412598,-0.48530465364456177,0.5272261500358594,9.695622444152832
1785982617.3200178,-0.001741883810609579,0.007867502979934214,-0.007266736589372159,-0.6757037043571472,0.020045161247254615,9.784872055053711
1785982617.3430092,0.016329936683177948,-0.0020753040444105872,-0.0068231429904699326,-0.1964583843946457,-0.24214616417884705,10.036524772644043
1785982617.3600092,0.03342229872941971,-0.010369624942541122,0.0009764547576196505,-0.8583788871765137,0.6807135939598095,9.14931583404541
1785982617.378009,0.025877851992845535,0.02047327533364296,-0.0014614362735301282,1.7431336641311646,0.5699111819267285,9.88041877746582
1785982617.401009,0.03664137423038483,0.03309769928455353,0.0046948585659265475,-0.3431200385093689,-0.006827056407927282,9.676812171936035
1785982617.418009,0.015377633273601532,0.011242231354117393,-0.0068069584667682665,-0.04795706272125244,-0.49506562948226807,9.970368385314941
1785982617.4420004,0.00433308957144618,0.006368468049913646,0.0054297749884426585,-0.4620777368545532,0.35286200046539423,9.695219039916992
1785982617.4590003,0.023500777781009674,0.01955517940223217,-0.008708227425813677,-0.31278687715530396,0.3611824512481701,9.708762168884277
1785982617.4820004,0.03217478096485138,0.014327066950500011,-0.005928640253841879,0.30150729417800903,-0.34873610734939453,10.13896656036377
1785982617.5000005,0.030254870653152466,0.013593500480055809,0.00034187542041763495,-0.571964681148529,0.34668213129043696,9.507304191589355
1785982617.5180004,0.024451598525047302,0.018706806004047394,-0.008132850751280786,0.39485108852386475,-1.3666318655014025,10.71617317199707
1785982617.5409913,0.017381861805915833,0.001240917481482028,-0.0070605091750621796,-1.742269515991211,-0.3042630255222309,9.61168384552002
1785982617.5639913,0.023283708840608597,-0.014432761818170547,-0.0030279350467026216,-0.04002245515584946,0.3829011321067822,9.92801284790039
1785982617.5809913,0.014746896922588348,-0.025852372869849205,-0.005818980745971199,-0.29811564087867737,0.18232397735118985,9.842638969421387
1785982617.6219912,-0.028767317533493042,-0.0033866816665977257,-0.013380324468016624,-0.5698744654655457,0.04200300574302795,9.908095359802246
1785982617.6389823,-0.0255037359893322,-0.00530013768002391,-0.013298374600708485,-0.38304781913757324,0.07112278044223906,9.833358764648438
1785982617.6629822,-0.026769939810037613,-0.004975971300154926,-0.01576363854110241,-1.7045222520828247,0.4560223817825329,9.676202774047852
1785982617.6799822,-0.036744046956300735,-0.01646724715828896,-0.016330398619174954,-0.7847662568092346,0.2237304300069821,9.684433937072754
1785982617.6979823,-0.026532642543315887,-0.007466287817806007,-0.011130396276712416,-0.13067121803760529,-0.13983486592769503,9.857376098632812
1785982617.7209823,-0.0228830948472023,0.014424430206418036,-0.01015857793390751,-0.7712666988372803,0.17059563100338102,9.638880729675293
1785982617.7379732,-0.003398783039301634,0.037197574973106384,-0.0185522735118866,-0.1424322873353958,0.29897576570510986,9.785024642944336
1785982617.7559733,0.0032805888913571835,0.04724077880382538,-0.009484641253948217,-0.2547863721847534,0.03630888462066771,9.852635383605957
1785982617.7789733,0.009186098352074623,0.02067361772060394,-0.02341108396649361,-0.2399241179227829,-0.23361679911613342,9.935912132263184
1785982617.8019733,-0.006041755899786949,-0.006950414273887874,-0.015253644436597824,-0.4564477205276489,-0.14668674767017245,9.762088775634766
1785982617.8199732,-0.0020738644525408745,-0.0022301322314888265,-0.022396845743060112,-0.31175801157951355,0.05902855098247645,9.602693557739258
1785982617.8379645,-0.02838413044810295,-0.01477602776139975,-0.025673247873783108,0.8022215962409973,-0.20701965689659,9.758058547973633
1785982617.8609645,-0.0370047353208065,-0.024033768102526668,-0.024544414132833477,-0.8623450398445129,0.26306015253067133,9.741888046264648
1785982617.8779645,-0.02573316916823387,-0.0360754281282425,-0.02897119894623756,0.52265864610672,0.5932802557945264,9.888240814208984
1785982617.8959646,-0.015425225719809532,-0.01852132380008698,-0.038675688207149506,-0.6176049709320068,-0.158365949988364,9.527009010314941
1785982617.9189646,-0.007011545822024345,-0.0013780992012471006,-0.03734664246439934,1.1556081771850586,0.8182371854782116,9.328619003295898
1785982617.942955,0.00807748083025217,-0.01712809316813946,-0.03527606651186943,0.08961491286754608,-0.04016907513141511,9.85482406616211
1785982617.9599552,0.0030312417075037956,-0.010379749350249773,-0.03579900041222572,-0.35578227043151855,1.1999195814132702,9.158218383789062
1785982617.977955,-0.014578900299966335,0.013110423460602755,-0.03663928806781769,0.2129870355129242,-0.38864034414291265,9.534229278564453
1785982618.000955,-0.006700357422232628,0.0014315866865217647,-0.032303087413311005,-0.5645345449447632,-0.19194813072681308,9.805724143981934
1785982618.017955,-0.019310420379042625,-0.030022315680980686,-0.03404220193624496,-0.35140618681907654,0.24125041067600367,9.515477180480957
1785982618.0419462,-0.03237833455204964,-0.04168870300054551,-0.03146040812134742,-0.12796588242053986,0.35100895166397217,9.773701667785645
1785982618.0589461,-0.021309835836291313,-0.06876569986343384,-0.03684265166521072,0.2144668996334076,0.4069005250930798,9.637126922607422
1785982618.082946,-0.017252091318368912,-0.06682667136192322,-0.03708715364336967,-0.04179125279188156,0.9224058389663709,9.66214370727539
1785982618.0999463,-0.03156518563628197,-0.050459682941436775,-0.03799427300691604,-1.9166216850280762,-0.6555116176605212,9.783669471740723
1785982618.1169462,-0.024691089987754822,-0.05759847536683083,-0.043575558811426156,-0.516603946685791,0.09473688900470853,9.794071197509766
1785982618.1399374,-0.0197549220174551,-0.06493967026472092,-0.04135837405920028,-1.1729774475097656,0.7386075854301465,9.892427444458008
1785982618.1629374,-0.03735129535198212,-0.039182156324386604,-0.03796450048685073,-0.3748665452003479,-0.32636260986328003,9.762507438659668
1785982618.1809375,-0.023958690464496613,-0.015515767037868503,-0.03411639481782913,-0.053432196378707886,0.222182020545007,9.687931060791016
1785982618.1979375,-0.03566917032003403,-0.00679423334077001,-0.025623613968491554,-0.3160601258277893,0.26230454444885376,9.94198989868164
1785982618.2159374,-0.026129908859729767,0.014250048436224457,-0.022456919774413112,-0.7670144438743591,0.5864440202713025,9.740316390991211
1785982618.238929,-0.005639366339892149,0.008109340444207188,-0.02357843890786171,-0.22297349572181702,0.13040651381015897,9.726590156555176
1785982618.256929,0.0011324258521199226,0.03159314766526222,-0.025068823248147968,-0.06549951434135437,0.21074496209621546,9.574830055236816
1785982618.279929,0.008455446921288967,0.017480136826634404,-0.01842265017330647,-0.5632855892181396,0.25621044635772827,9.985410690307617
1785982618.2969291,0.04059060662984848,0.01225189585238695,-0.014278472401201727,-0.8801764249801636,0.22164325416088226,9.933656692504883
1785982618.320929,0.007809248752892017,-0.0028824601322412513,-0.016134830191731453,-0.5006988048553467,0.46213734149932983,9.7933931350708
1785982618.343929,-0.01087522879242897,0.02836883999407291,-0.01773396879434586,-0.3974252939224243,0.07441875338554502,9.742165565490723
1785982618.360929,0.0035422872751951218,0.01826458051800728,-0.012035259976983072,0.06857845187187195,0.4663204550743115,9.750444412231445
1785982618.3789291,0.0037268148735165596,0.007461492903530596,-0.012894898653030397,-0.5572531223297119,0.267901122570039,9.723307609558105
1785982618.4019291,-0.0001691337674856186,-0.0036219307221472276,-0.009847721084952354,-0.7277670502662659,0.736946225166322,9.889071464538574
1785982618.418929,-0.013873828575015068,-0.014084064401686192,-0.0024962257593870146,-0.021267935633659363,0.24835021793842435,9.777305603027344
1785982618.4429202,-0.02585456520318985,-0.006538819056004287,-0.008082432672381401,0.5213286280632019,0.38920646905899164,9.587890625
1785982618.4599204,-0.017298415303230286,0.00469341967254877,-0.00390270259231329,-0.4720163643360138,0.15607662498951083,10.089879989624023
1785982618.4779203,-0.02265355922281742,-0.020435577258467674,0.007829727604985239,-1.2020344734191895,0.37734568119049194,9.92462158203125
1785982618.5009203,-0.008803890086710453,0.006272376049309968,-0.004600097425282002,-1.1781129837036133,0.7008806467056287,9.938697814941406
1785982618.5179203,5.4358504712581635e-05,0.007476528640836478,0.009136799722909926,-0.85771244764328,0.31142818927765015,9.798577308654785
1785982618.5419114,0.010468636639416218,0.0045644245110452175,0.0034645409323275085,-0.8573168516159058,0.31910210847854736,9.861486434936523
1785982618.5589113,0.025968745350837708,0.016241442412137985,-0.002952582668513062,-0.3408302068710327,-0.011648759245871288,9.870674133300781
1785982618.5999115,0.040691737085580826,-0.010899151675403118,0.005358525551855566,-0.3408302068710327,-0.011648759245871288,9.870674133300781
1785982618.6169114,0.0396418496966362,0.009527243673801422,0.006999445147812366,-0.46117913722991943,0.2211630493402493,9.663105010986328
1785982618.6409023,0.03608512878417969,0.006060182116925717,0.005887422244995832,0.48842328786849976,0.18946830928325775,9.889180183410645
1785982618.6579025,0.035169895738363266,-0.008644896559417248,0.005759185180068017,-2.4408187866210938,-0.14000418782234073,9.815328598022461
1785982618.6809025,0.035364117473363876,-0.008418102748692036,0.0005965165910311054,-0.30796971917152405,0.4808346033096325,9.66201400756836
1785982618.6989024,0.039419155567884445,0.0010762668680399671,0.012372436933219433,0.4067543148994446,0.1546958237886441,9.958934783935547
1785982618.7219024,0.02837662771344185,-0.008442558348178862,0.009638240560889246,-2.3708958625793457,0.4853295087814343,9.769594192504883
1785982618.739894,0.028035223484039307,0.005835759453475475,0.0033810981549322596,0.006425738334655762,-1.111683964729308,9.599408149719238
1785982618.762894,0.02476242557168007,-0.013663976453244684,0.00853751413524151,-0.45639416575431824,0.5964868068695081,9.987656593322754
1785982618.7798939,0.026904936879873276,-0.007029825355857611,0.0015038630226627,-0.8653231263160706,0.6374312043190015,9.654336929321289
1785982618.797894,0.01670745760202408,-0.00244738906621933,0.0010413103736937048,-0.1342068314552307,-0.03377495706081271,9.732707977294922
1785982618.818894,0.022852372378110886,0.0028064572252333177,0.009742396883666515,-1.4885501861572266,1.1495500802993786,9.826292991638184
1785982618.8398848,0.02662672847509384,0.010660482570528984,0.002578902058303355,-0.5885087251663208,-0.0007653236389148243,9.727964401245117
1785982618.8578846,0.03527964651584625,0.008796939626336098,0.004114475101232528,-0.19923369586467743,-0.19212093949317813,9.719359397888184
1785982618.8818848,0.012772710993885994,0.037078019231557846,0.004634789656847711,-0.5465195775032043,0.8524599075317394,9.217284202575684
1785982618.8998847,0.01349242590367794,0.022460969164967537,0.008362598717212674,0.30899399518966675,0.4049762189388287,9.437753677368164
1785982618.9178848,0.010641077533364296,0.0342300720512867,0.014672023244202134,-0.4239874482154846,-0.015372350811957116,9.778402328491211
1785982618.959876,0.00017142482101917267,0.03035633079707623,0.01579126343131065,-0.701257050037384,0.1883689463138592,9.527064323425293
1785982618.982876,-0.0057984329760074615,0.023663682863116264,0.010505531914532181,-0.701257050037384,0.1883689463138592,9.527064323425293
1785982619.000876,-0.0018970798701047897,0.01786193624138832,0.011483939364552496,-0.3604244291782379,0.5268819332122815,10.04075813293457
1785982619.0178761,0.01309962011873722,0.012399116531014444,0.016574040055274963,-1.0385825634002686,-0.3698155879974353,10.044999122619629
1785982619.058867,0.0031104525551199913,0.005805221851915123,0.0171549953520298,-0.3390897512435913,0.5835363864898694,9.687237739562988
1785982619.0758672,0.012254597619175911,0.020476952195167545,0.014298873022198675,-0.36053723096847534,-0.24607524275779605,9.74236011505127
1785982619.116867,-0.014508113265037537,-0.0006042625755071607,0.02628355100750923,-0.2185553014278412,0.33282884955406306,9.667008399963379
1785982619.140858,-0.013997086323797703,0.006983582861721518,0.023437533527612686,0.36342138051986694,1.305445432662965,9.152894973754883
1785982619.1628578,0.006162886507809162,-0.003071052487939594,0.01901337504386902,0.36342138051986694,1.305445432662965,9.152894973754883
1785982619.180858,0.011876313015818596,-0.017048843204975125,0.021015001460909847,-0.23670688271522522,0.4207440316677105,9.546136856079102
1785982619.1978579,0.01463502086699009,0.0038761585019528896,0.025591006502509117,0.8451768755912781,0.07712709903717162,9.901195526123047
1785982619.2218578,0.031281664967536926,-0.011214555241167542,0.026402411982417107,-0.5882552862167358,0.11397516727447632,9.915782928466797
1785982619.2568488,-0.004673592280596495,-0.004717170260846613,0.014143693260848522,-0.1074972152709961,1.03362798690796,9.624279975891113
1785982619.2798488,-0.004041395615786314,0.004580770619213583,0.015368497930467129,-0.6242554783821106,-0.0697968751192081,9.783060073852539
1785982619.297849,0.0027957353740930557,0.013334241695702078,0.018312720581889153,-0.4052165746688843,0.20177605748176694,9.758968353271484
1785982619.3218489,-0.0022532278671860695,0.006881545297801496,0.01436753198504448,-0.2565387487411499,0.12501046061515925,9.577195167541504
1785982619.3388405,-0.029999492689967155,0.017643777653574944,0.011278460733592508,-0.4924294948577881,0.3285739123821271,9.81417179107666
1785982619.3558404,-0.03742142766714096,0.00966451968997717,0.010900565423071383,-0.6502246856689453,0.38250735402107355,9.668248176574707
1785982619.3798404,-0.044840723276138306,-0.013607851229608057,0.008339545689523222,1.576097011566162,0.5965267419815076,9.776398658752441
1785982619.3968403,-0.027018403634428978,-0.02503097802400589,0.00807275623083115,-0.4704160690307617,-0.28512838482856634,9.605981826782227
1785982619.4198403,-0.018740259110927582,-0.028459422290325165,0.009827922098338607,0.6021642684936523,-0.1537837386131275,9.423248291015625
1785982619.4428315,-0.0475737601518631,-0.04068195819854736,0.0012426419416442563,-2.2714176177978516,-0.5875322222709644,9.639768600463867
1785982619.4618316,-0.04421316087245941,-0.038788069039583206,-0.00041987607255577564,-0.07125236093997955,0.1572139859199536,9.96892261505127
1785982619.4788315,-0.02842622809112072,-0.029202701523900032,-0.00010239437688141703,-1.446596384048462,0.15238958597183347,9.772635459899902
1785982619.5018315,-0.03804163634777069,-0.02098788507282734,-0.0023247096687555287,2.212336540222168,-0.6446558237075793,9.831762313842773
1785982619.5198314,-0.03066795878112316,-0.027544653043150902,-0.004202174488455054,-1.404375433921814,1.3699185848236097,10.006612777709961
1785982619.5428224,-0.039451420307159424,-0.012605651281774044,-0.004769789054989813,0.14771930873394012,-0.6914891004562366,9.898530960083008
1785982619.5598223,-0.04585682600736618,-0.015335042029619217,-0.000296741258352993,0.13521631062030792,-0.25175952911376837,9.698354721069336
1785982619.5768223,-0.051868222653865814,-0.008681857958436012,-0.0055265799164772025,-0.6325308084487915,0.10358917713165403,9.709121704101562
1785982619.6008222,-0.06701374053955078,-0.015756305307149887,-0.0046238461509346945,-0.8155189156532288,0.7129753828048718,9.772904396057129
1785982619.6178222,-0.09419988095760345,0.002042708452790975,-0.0038894903846085076,-0.8339549899101257,-0.19131483137607455,9.790730476379395
1785982619.6418135,-0.0800602063536644,-0.00024435273371636905,-0.0031602540984749794,-0.4838913679122925,-0.6522761583328235,10.305265426635742
1785982619.6588135,-0.07462634146213531,-0.0022101779468357567,-0.003960969392210245,-0.018840298056602478,0.2757951319217694,9.999249458312988
1785982619.6998136,-0.08374865353107452,0.017744092270731926,-0.0029227407649159453,-0.7074795961380005,0.6844751834869397,9.753273963928223
1785982619.7168136,-0.08029233664274216,0.019645782187581062,-0.0014362524962052727,-0.7074795961380005,0.6844751834869397,9.753273963928223
1785982619.7408051,-0.08428045362234116,0.05761079117655754,-0.00404365127906204,-0.4663829803466797,-0.2509258985519397,9.997798919677734
1785982619.757805,-0.07721244543790817,0.050810761749744415,0.0014851558953523573,-0.7598809599876404,0.2407157719135296,9.53747272491455
1785982619.7758052,-0.0486154779791832,0.03813331946730614,0.0009985868819057894,-0.25971779227256775,0.2550927400589001,9.731622695922852
1785982619.7988052,-0.03130529075860977,0.02854672633111477,-0.0011710583930835163,0.10925938189029694,0.95052468776703,9.647818565368652
1785982619.8218052,-0.039186082780361176,0.023547766730189323,-0.001275309477932754,-1.1016265153884888,0.6027013063430798,9.700891494750977
1785982619.8387961,-0.016224322840571404,0.0227974783629179,0.011184002272784706,-1.5071719884872437,-0.019644260406492975,9.516180992126465
1785982619.8807962,-0.014777055010199547,0.03680167347192764,0.012755624949932093,-0.36716049909591675,0.4454640448093426,9.690771102905273
1785982619.8977962,-0.0015767342410981655,0.026324238628149036,0.01421298366039991,-0.6969519257545471,0.3618230521678937,9.750150680541992
1785982619.9207962,0.01679675653576851,0.025902483612298965,0.0006509572267532317,-0.7654872536659241,0.009782239794732318,9.622343063354492
1785982619.9387875,0.019460484385490417,0.011788463220000267,0.0011946224840357884,1.129925012588501,1.017441749572755,9.454093933105469
1785982619.9617875,-0.004066017456352711,0.02026752009987831,0.0010170429013669467,-0.5012067556381226,0.1569293737411511,9.647241592407227
1785982619.9787874,-0.020988179370760918,0.012022885493934156,0.008447693660855292,0.08052690327167511,0.24905455112457392,9.57456111907959
1785982619.9967875,-0.018677854910492897,0.010082325898110867,-0.00163943273946643,-0.4941166639328003,0.1765599846839917,10.01259708404541
1785982620.0197875,-0.042659446597099304,0.007003366947174072,-0.0018792822957038888,-0.48256921768188477,0.1341819465160382,10.038375854492188
1785982620.0427785,-0.08722493797540665,0.014845925383269787,0.006547715980559586,-0.9864636659622192,0.22240152955055356,9.752068519592285
1785982620.0777786,-0.13008607923984528,0.04299982637166977,0.0065998071804642625,-0.8848944902420044,0.2569638788700116,9.819598197937012
1785982620.1017785,-0.13850222527980804,0.06593211740255356,0.003283961908891789,-1.5732295513153076,0.15656203031540036,9.773896217346191
1785982620.1187785,-0.14739087224006653,0.09316780418157578,0.0036984174512326605,0.759855329990387,0.9521059989929211,9.766702651977539
1785982620.1427696,-0.14693720638751984,0.08510157465934753,0.009138943627476682,-2.510549783706665,1.2900264263153087,9.83903694152832
1785982620.1597695,-0.14918024837970734,0.08472990989685059,0.00639503076672553,0.09073778986930847,-0.15122002363204834,10.06772518157959
1785982620.1997695,-0.11044739186763763,0.10887125879526138,0.011952575296163545,-0.8859772086143494,0.6399784088134778,9.759601593017578
1785982620.2177696,-0.11587592959403992,0.10974996536970139,0.005239022430032479,-0.8044434189796448,0.3204417228698742,9.721207618713379
1785982620.2407606,-0.1039346307516098,0.09592099487781525,0.019778385758399953,-0.3934885859489441,-0.2776626944541919,9.909372329711914
1785982620.2587607,-0.09202400594949722,0.10180208832025528,0.015616177581250655,-0.4151310920715332,0.15313151478767512,9.626877784729004
1785982620.2767606,-0.09634802490472794,0.1066478043794632,0.020684087648987756,-1.6767475605010986,-0.19352810084819677,9.541380882263184
1785982620.2997606,-0.07110676169395447,0.11038179695606232,0.02266399189829825,0.09705598652362823,0.17499658465385556,9.745230674743652
1785982620.3167605,-0.023648887872695923,0.12272630631923676,0.02125821821391581,-1.7470513582229614,0.5079853534698499,9.840551376342773
1785982620.3407516,0.003243071958422661,0.13111652433872223,0.025732534006237966,0.4994170665740967,-0.20524400472640866,10.100656509399414
1785982620.3577516,0.029159240424633026,0.10247504711151123,0.03116012923419474,-2.4500324726104736,1.1261459589004528,9.746673583984375
1785982620.3807516,0.0254504457116127,0.09472472220659256,0.028482990339398374,-0.3915175199508667,-0.15332415699958682,9.790246963500977
1785982620.3977516,0.027975551784038544,0.09452418982982635,0.025242920964956273,-0.5187483429908752,-0.5665173530578601,9.943404197692871
1785982620.4217515,0.018148165196180344,0.06879927963018417,0.025080244988203042,-0.24699625372886658,-0.8100388050079333,10.272664070129395
1785982620.4387426,0.022285841405391693,0.05950754135847092,0.02092884108424186,-0.564446210861206,0.5507422685623181,9.830306053161621
1785982620.4617426,-0.004293725360184908,0.05926556885242462,0.019192602485418313,-1.1906415224075317,0.5058834552764905,9.684432983398438
1785982620.4797428,-0.009755242615938187,0.05150026082992554,0.017685845494270318,-1.1906415224075317,0.5058834552764905,9.684432983398438
1785982620.4977427,-0.007687589153647423,0.0358196496963501,0.022611087188124653,-1.1906415224075317,0.5058834552764905,9.684432983398438
1785982620.5207427,-0.020542308688163757,0.02378512173891068,0.022386655211448666,-0.9173128008842468,0.33807864785194514,9.69539737701416
1785982620.5437346,-0.03686176612973213,0.039282843470573425,0.015190212056040759,-0.0018083900213241577,0.2133700549602521,10.12780475616455
1785982620.5607345,-0.05254167318344116,0.033958159387111664,0.017158253118395802,-0.8271836638450623,0.04123388230800748,9.769405364990234
1785982620.5787344,-0.06141818314790726,0.03818618506193161,0.006228044163435693,-1.431986927986145,1.6631710529327404,9.614014625549316
1785982620.6017344,-0.08591043204069138,0.01950321160256863,0.01634099334478378,-0.5034257173538208,0.059434160590173,9.676517486572266
1785982620.6187344,-0.11176132410764694,0.023640280589461327,0.009816712699830529,-0.39317551255226135,0.3391082584857953,9.862066268920898
1785982620.6427255,-0.11174330115318298,0.024468688294291496,0.012708151713013646,-1.4619989395141602,-1.0892246961593615,10.2516450881958
1785982620.6597254,-0.10165470093488693,0.028337372466921806,0.0021298346109688247,-1.4232429265975952,1.3188011646270763,9.261160850524902
1785982620.6777256,-0.0934266448020935,0.01815950684249401,0.009873746894299982,-0.04151470959186554,-0.3761892318725574,10.157926559448242
1785982620.7187254,-0.08153627067804337,0.034829601645469666,0.00010023455251939168,0.22840650379657745,-0.8959816694259631,9.914436340332031
1785982620.7417169,-0.07355080544948578,0.03678256273269653,0.006602208130061622,0.22840650379657745,-0.8959816694259631,9.914436340332031
1785982620.7587168,-0.06596715748310089,0.04543779790401459,0.00014950826880521517,-0.24061784148216248,-0.08736359328031422,9.65924072265625
1785982620.7827168,-0.06099962443113327,0.02593345008790493,0.005110879894345995,0.24658356606960297,1.5870573520660411,9.654590606689453
1785982620.7997167,-0.055765002965927124,0.030645184218883514,-0.0006002672016620674,-1.7205272912979126,-0.6230978965759265,9.98851203918457
1785982620.8177168,-0.04125044494867325,-0.002275509759783744,0.007548296358436346,-1.405280590057373,0.32776638865471003,9.531259536743164
1785982620.8407075,-0.0418209508061409,0.0006177752511575825,0.00498378137126565,-1.405280590057373,0.32776638865471003,9.531259536743164
1785982620.8577075,-0.031785063445568085,0.025121288374066353,-0.00023187760962173652,-0.8322911858558655,0.8799872398376477,9.660538673400879
1785982620.8807075,-0.026462316513061523,0.02578980103135109,0.0002614710829220681,-0.9096680879592896,0.0004942268133175495,9.834403991699219
1785982620.8987076,-0.03218182176351547,0.033911705017089844,0.00304827187210321,-0.8443901538848877,0.25396898388862726,9.686518669128418
1785982620.9217076,-0.022783614695072174,0.01980721950531006,0.004034082405269143,-0.9634368419647217,0.10537144541740535,9.649035453796387
1785982620.939699,-0.04096635803580284,0.036521065980196,0.006278971210122104,-0.8722665309906006,0.5248842835426343,9.74293041229248
1785982620.956699,-0.027229759842157364,0.02692253701388836,0.0002376587945036557,1.10636568069458,-0.4547217786312091,9.881004333496094
1785982620.979699,-0.03409939259290695,0.029405660927295685,-0.007166867610067133,-0.701294481754303,-0.13338182866573212,9.886917114257812
1785982620.9976988,-0.04940963163971901,0.020413290709257126,-0.00010213901987299572,-0.8130464553833008,0.1525450050830853,9.786296844482422
1785982621.0206988,-0.038869116455316544,0.012198206968605517,-0.012542149983346464,-0.864766538143158,-0.006468564271925679,9.807805061340332
1785982621.038688,-0.04161977767944336,0.009920968674123285,-0.011611426249146463,0.8318760395050049,-0.7350012660026538,10.28056526184082
1785982621.061688,-0.026764284819364548,-0.00953337457031012,-0.023060709238052368,-0.7976632714271545,0.3334442377090466,9.733633041381836
1785982621.078688,-0.007330999709665775,-0.023201173171401024,-0.012705771252512928,-0.6440478563308716,0.15609344840049863,9.769852638244629
1785982621.1026878,0.005938162095844746,-0.035959143191576004,-0.024266969412565228,1.0913493633270264,0.5392815470695508,9.544675827026367
1785982621.1196878,-0.0072755333967506886,-0.054231129586696625,-0.02585425600409507,-1.3879568576812744,-0.5501433610916125,10.02319049835205
1785982621.142679,0.00613709632307291,-0.06588655710220337,-0.02758711948990821,-0.7328256368637085,0.14347037672996638,9.589129447937012
1785982621.1606789,0.028244178742170334,-0.06112293154001236,-0.026347775012254708,-0.8943265676498413,0.5173130631446851,9.813706398010254
1785982621.1776788,0.030747760087251663,-0.05845224484801293,-0.033107440918684,-0.17880463600158691,-0.36278575658798096,10.095257759094238
1785982621.218679,0.026891984045505524,-0.06274932622909546,-0.027116043493151658,-2.511007070541382,0.17441341280937317,9.876121520996094
1785982621.25967,0.01624545454978943,-0.0613599568605423,-0.01911294646561145,-0.8020846247673035,-0.30565324425697205,9.897594451904297
1785982621.27667,0.011929169297218323,-0.0452347993850708,-0.026898138225078576,-1.0966269969940186,0.33942866325378535,9.547857284545898
1785982621.30067,0.01591949164867401,-0.04869170859456062,-0.01808704808354377,-0.4331493675708771,0.2122276723384869,9.654241561889648
1785982621.3176699,0.03354110196232796,-0.017032563686370853,-0.030057126656174656,-0.8673102259635925,0.24750587344169736,9.80160903930664
1785982621.341661,0.05381294712424278,-0.026304284110665325,-0.017973991110920903,0.35555142164230347,0.05767564475536466,9.75289249420166
1785982621.358661,0.04700346291065216,8.837901987135153e-05,-0.021069426089525223,-0.43286237120628357,0.12830492854118464,9.621549606323242
1785982621.376661,0.058284785598516464,0.0016918386099860044,-0.023378144949674606,-0.8778321146965027,0.2579367756843579,9.832502365112305
1785982621.399661,0.05527864024043083,0.009762642905116078,-0.029287010431289673,-0.6036943793296814,-0.009746536612509486,9.758538246154785
1785982621.416661,0.0450177863240242,0.020331498235464093,-0.02806445769965649,-1.5853383541107178,1.2809083461761488,10.030567169189453
1785982621.4396517,0.02682696282863617,0.0036991941742598997,-0.012337718158960342,-0.7577673196792603,0.20507982373237726,9.426209449768066
1785982621.4576519,0.008718229830265045,0.00041631725616752836,-0.021855846047401428,-0.28510183095932007,-0.32687214016914246,9.924042701721191
1785982621.4806519,0.01586148515343666,-0.013551486656069757,-0.0198819637298584,-1.2652196884155273,0.5655283927917493,10.161286354064941
1785982621.4986517,0.0034714024513959885,-0.027762701734900478,-0.020717393606901165,-0.21881255507469177,-0.5654270648956287,9.766871452331543
1785982621.5216517,-0.003114426974207163,-0.008205483667552473,-0.019466176629066467,0.9569396376609802,-0.6320841312408435,9.609929084777832
1785982621.5386436,-0.01531090959906578,-0.0155461123213172,-0.02287036925554275,-0.9792854189872742,-0.429384648799895,9.93451976776123
1785982621.5626435,-0.010578593239188194,-0.01795981824398041,-0.023070547729730603,0.4492869973182678,-0.5987531542778003,9.870562553405762
1785982621.5796435,-0.013280793093144894,-0.01522618066519499,-0.013223449699580668,-0.5437514781951904,-0.19112357497215154,9.47634506225586
1785982621.6036437,-0.017239034175872803,-0.00937953405082226,-0.01924056187272072,-0.5923917889595032,-0.17203795909881472,9.801162719726562
1785982621.6206436,-0.01948922500014305,-0.028977135196328163,-0.012003393843770024,-0.569197416305542,-0.19569963216781497,9.69946575164795
1785982621.6376345,-0.008575767278671265,-0.021103823557496074,-0.020733522251248356,-0.569197416305542,-0.19569963216781497,9.69946575164795
1785982621.6616347,-0.00543567817658186,-0.014414411038160326,-0.01701116934418678,-1.066002368927002,1.0815193653106703,10.043452262878418
1785982621.6786346,0.006246968172490597,-0.014277571812272074,-0.012301024980843065,-0.3383888602256775,-0.6503272056579578,9.997932434082031
1785982621.7196345,0.039451245218515396,-0.0022163446992635736,-0.006760088261216879,-1.4546751976013184,-1.1890147924423204,10.062627792358398
1785982621.7426262,0.056136954575777054,-0.012449110858142378,-0.008985114283859728,0.5683403611183167,-0.21339845657348513,9.771170616149902
1785982621.760626,0.05363298952579498,0.0008767300751060239,-0.006803483236581087,-0.9232722520828247,-0.02353630959987522,9.657861709594727
1785982621.7776263,0.04119141399860382,0.0031074262224137774,-0.008636382408440113,-1.1404218673706055,0.267387628555299,9.612371444702148
1785982621.8186262,0.04606928676366806,-0.014307118952274323,-0.0012863313313573582,-1.1404218673706055,0.267387628555299,9.612371444702148
1785982621.8426178,0.038336627185344696,-0.00030172185506671716,-0.004132846370339394,0.31213676929473877,-1.0863325595855702,9.533766746520996
1785982621.8766177,0.027370406314730644,-0.0342528410255909,-0.0013490181881934363,-1.1116831302642822,-0.24505330622196078,9.726950645446777
1785982621.8996177,0.02792016975581646,-0.029721975326538086,-0.01014982350170612,0.9716516137123108,-0.6836621165275562,9.916885375976562
1785982621.9176178,0.01754305697977543,-0.05610719323158264,-0.004272899590432637,-1.9966537952423096,0.5170145630836499,9.533641815185547
1785982621.940609,0.0201308261603117,-0.05378951132297516,-0.012609913013875478,-0.362021267414093,-0.049101494252680525,9.850482940673828
1785982621.958609,0.02587115205824375,-0.07842538505792618,-0.009589445777237405,0.2550562024116516,1.1112132072448742,9.2481107711792
1785982621.981609,0.011406516656279564,-0.07271872460842133,-0.002648073714226475,-1.3041642904281616,0.18755899369716766,9.927067756652832
1785982621.998609,0.014222973957657814,-0.06030017137527466,-0.01020264066755771,-0.7129848599433899,0.18956847488880277,9.82424259185791
1785982622.022609,0.03314033895730972,-0.04476570338010788,-0.011616105213761324,-0.17222276329994202,0.1332354396581662,9.95316219329834
1785982622.0396006,0.02325349859893322,-0.050561919808387756,-0.012344068847596638,-0.8465949892997742,-0.6741323471069324,9.722674369812012
1785982622.0576005,0.026923006400465965,-0.04189619421958923,-0.010329823009669776,-0.27280402183532715,0.37114888429641846,9.965481758117676
1785982622.0806005,0.029928317293524742,-0.053650274872779846,-0.008627619594335549,-1.602213740348816,0.3943668007850659,9.748489379882812
1785982622.0986006,0.01584848202764988,-0.03487258031964302,-0.01660128682851791,0.10504867136478424,-0.4463801383972156,9.814459800720215
1785982622.1206005,0.02792777679860592,-0.03519117459654808,-0.010670163668692108,-0.01608586311340332,-0.039203599095343364,9.620792388916016
1785982622.1385922,0.014781998470425606,-0.04748498648405075,-0.00905778538435697,-0.05203048884868622,0.256618916988374,9.850269317626953
1785982622.1555922,0.010447502136230469,-0.06330464035272598,-0.009268643334507935,-0.580592691898346,-0.09498549252748369,9.809760093688965
1785982622.1795921,0.013728706166148186,-0.07413426786661148,0.00022830296074972465,-0.313340425491333,0.0358424484729779,9.915345191955566
1785982622.196592,0.023113632574677467,-0.04516351968050003,-0.0051519032567739435,-0.313340425491333,0.0358424484729779,9.915345191955566
1785982622.220592,0.004282631911337376,-0.03952937573194504,-0.005129749886691565,-0.3204842805862427,-0.7575539946556079,9.698875427246094
1785982622.237584,0.012365859001874924,-0.02803681418299675,-0.004950022324919697,-0.8045557141304016,-0.1292220950126636,9.814538955688477
1785982622.260584,0.023489443585276604,-0.0054703601635992544,-0.015795713290572166,-0.7676663398742676,-0.08388854563236117,9.782023429870605
1785982622.2785842,0.025948675349354744,-0.025349019095301628,-0.008010587655007836,-0.2007448971271515,0.1069631129503262,9.791015625
1785982622.2965841,0.02464388497173786,-0.03568285331130028,-0.02059894427657127,-1.8152021169662476,0.4531528949737561,9.862396240234375
1785982622.3195841,0.03492584079504013,-0.04570010304450989,-0.014792653732001776,-1.258054494857788,0.17130796611309174,9.927772521972656
1785982622.3425758,0.042975567281246185,-0.05126523971557617,-0.014830606989562505,-1.258054494857788,0.17130796611309174,9.927772521972656
1785982622.3605757,0.02083692140877247,-0.03994321450591087,-0.0195045992732048,0.1042524129152298,0.4881367683410656,9.563036918640137
1785982622.4015758,0.029643984511494637,-0.046254962682724,-0.024158945307135575,-2.3999698162078857,-0.5509349107742297,10.058430671691895
1785982622.4185758,0.01817878894507885,-0.043014705181121826,-0.025352114811539643,-0.6412854790687561,0.022073671221734283,9.727011680603027
1785982622.4415665,0.01135375164449215,-0.02333265729248524,-0.023319531232118603,-1.1337181329727173,0.32181954383850214,9.620487213134766
1785982622.4595666,-0.0008169906213879585,-0.04376233369112015,-0.02546016499400138,-0.6667377948760986,-0.08137305080890535,9.8756685256958
1785982622.4765666,0.007351571694016457,-0.03127594664692879,-0.026736311614513394,-0.7748582363128662,0.02250273525714992,9.600630760192871
1785982622.5005665,-0.0011141672730445862,-0.03380909934639931,-0.02142737992107868,-0.7541784048080444,-0.8896459341049183,9.329623222351074
1785982622.5175664,0.005687186494469643,-0.003579292446374897,-0.030201584100723267,0.8576122522354126,0.509037733078004,9.472599029541016
1785982622.540557,-0.0027195261791348457,-0.004482023883610967,-0.029607156291604042,-1.5488495826721191,-0.11598062515258668,9.868362426757812
1785982622.5585568,0.014441892504692078,-0.004461357835680249,-0.02449028380215168,-1.1041960716247559,0.23427420854568604,10.007769584655762
1785982622.5755568,0.013593222945928574,0.0012600375339388815,-0.02671835757791996,-1.5266358852386475,-0.37346488237380865,9.571186065673828
1785982622.5995567,0.029923632740974426,0.0027987828943878373,-0.03077179566025734,-1.5266358852386475,-0.37346488237380865,9.571186065673828
1785982622.6215568,0.035156842321157455,-0.020010134205222133,-0.021282773464918133,-0.8426194190979004,-0.077595070004462,9.770755767822266
1785982622.6395483,0.0374571867287159,-0.01227060053497553,-0.017644530162215233,-0.6061556935310364,-0.41091766953468206,9.589362144470215
1785982622.6565483,0.04708290845155716,-0.02282209880650044,-0.014989166520535942,-0.49381303787231445,0.3886289894580853,9.772855758666992
1785982622.6805484,0.04595886170864105,-0.007552615366876127,-0.017435450106859207,0.1722870171070099,0.053821444511414754,9.628400802612305
1785982622.6975484,0.05270591378211975,0.016122970730066296,-0.02393727190792561,-0.12096663564443588,0.524015545845033,9.844106674194336
1785982622.7205484,0.05101587995886803,0.014188191853463648,-0.017779437825083736,-0.7880047559738159,-0.13325139880180242,9.629496574401855
1785982622.738538,0.05319027230143547,0.01103975251317024,-0.009720543399453165,-0.7218227386474609,-0.5790096521377551,9.669705390930176
1785982622.7555382,0.04744066670536995,0.013119837269186972,-0.015038442797958853,-1.3732389211654663,-0.003700703382490868,9.777510643005371
1785982622.7795382,0.055396147072315216,0.0023521448019891964,-0.0102141248062253,-2.4909238815307617,-0.431121766567229,10.05947494506836
1785982622.796538,0.04751383140683174,0.010532864369451998,-0.016228584572672844,0.03179922699928284,-0.8484026193618763,9.343629837036133
1785982622.819538,0.04464750364422798,-0.006004358641803266,-0.012517222203314304,0.12488755583763123,-0.24572294950485113,9.56827449798584
1785982622.843529,0.02572958916425705,0.0030542511958628876,-0.015102974139153957,-0.5086883306503296,0.3748749792575848,9.717635154724121
1785982622.860529,0.026833850890398026,-0.007123745046555997,-0.009287531487643717,-0.6808376312255859,-0.02252167463302493,9.737088203430176
1785982622.877529,0.02494525909423828,0.00502700638025999,-0.009212877601385117,-1.0121383666992188,0.12264880537986876,9.881075859069824
1785982622.9015288,0.011579401791095734,0.023581471294164658,-0.009111057035624984,-1.0121383666992188,0.12264880537986876,9.881075859069824
1785982622.9185288,0.017993077635765076,0.03979978710412979,-0.0027558628935366917,0.38984474539756775,-0.06721655279397848,9.52267837524414
1785982622.9415197,0.006691576912999153,0.03594236075878143,-0.0030733335297554775,-1.1921690702438354,-0.37492930889129517,10.054218292236328
1785982622.9595196,0.009181864559650421,0.038632795214653015,-0.0072751166298985525,-0.19833305478096008,0.06896181404590723,9.537345886230469
1785982622.9765196,-0.007616886869072914,0.021248530596494675,-0.0014655739068985011,0.04618680477142334,-0.5819434523582446,9.64971923828125
1785982623.0005198,0.009491387754678726,0.03579293563961983,-0.005404827650636439,-1.0925582647323608,-0.32731580734252813,9.697636604309082
1785982623.0175197,-0.006420021876692772,0.02382419817149639,-0.001987801166251305,-0.16151434183120728,-0.45483875274658087,9.735507011413574
1785982623.0415108,-0.00635048933327198,0.010253888554871082,0.0035422616638243185,-0.3228868842124939,-0.21363297104835396,9.348466873168945
1785982623.0585108,-0.02071678265929222,0.028200414031744003,-0.0030485659372061526,0.09166239202022552,0.25887909531593445,9.790946006774902
1785982623.0825107,-0.016459660604596138,0.03320154547691345,0.006206477526575323,-0.7958691120147705,0.12210756540298581,9.700033187866211
1785982623.0995107,-0.02649262174963951,0.03058336116373539,0.0026590924244373998,-0.9358627796173096,0.0038496404886257836,9.887496948242188
1785982623.1175108,-0.02275487594306469,0.029847269877791405,0.0085683474317193,-0.5290205478668213,-0.5901842117309558,9.626026153564453
1785982623.1405013,-0.004984620027244091,0.022683514282107357,0.016900079324841496,-0.5290205478668213,-0.5901842117309558,9.626026153564453
1785982623.1575012,0.002084118314087391,-0.002140422118827699,0.01553462166339159,-0.27971476316452026,0.03475831449031947,9.567193031311035
1785982623.1805012,-0.008405711501836777,0.01102147623896599,0.012264511547982691,0.23632150888442993,0.470428913831712,9.403334617614746
1785982623.1985013,-0.031624458730220795,0.004511789884418252,0.017869606614112854,-1.5630663633346558,0.22367468476295593,10.049511909484863
1785982623.2155013,-0.011597800999879837,-0.024576032534241673,0.02129923924803734,-0.454575777053833,-0.2130448967218387,9.771636009216309
1785982623.2394931,-0.01867011748254299,-0.020645391196012493,0.0172862783074379,-1.2361199855804443,-0.991219401359557,9.378617286682129
1785982623.256493,-0.022239606827497482,-0.02528242394328117,0.021948192268610004,-1.0947016477584839,0.2673853635787976,10.158717155456543
1785982623.279493,0.0013857511803507805,-0.031055025756359097,0.018046204000711445,-0.04037972539663315,-0.032602861523627034,9.78449821472168
1785982623.297493,-0.015915334224700928,-0.031952664256095886,0.02721304260194302,-1.0590778589248657,0.14821848273277405,10.00736141204834
1785982623.320493,0.00015058927237987518,-0.00981506239622831,0.02236265130341053,-1.400200366973877,0.6497056484222424,9.828253746032715
1785982623.338484,0.016091763973236084,-0.00852001644670963,0.022590523585677147,-1.4153224229812622,-0.8776248693466174,10.19986629486084
1785982623.3604841,0.033073440194129944,0.008517920970916752,0.022295117378234863,0.19535493850708008,-0.10868494212627293,9.638213157653809
1785982623.378484,0.04250594973564148,-0.015119834803044793,0.03228858485817909,-0.7194927930831909,0.3237687647342694,9.990180015563965
1785982623.4024842,0.03858024999499321,-0.013977030292153355,0.029916565865278244,0.8779381513595581,0.6614964008331311,9.597236633300781
1785982623.4194841,0.015857670456171036,-0.017215957865118977,0.03761044517159462,-1.1441909074783325,-0.4069396853446949,9.641250610351562
1785982623.442475,0.020282313227653503,-0.028249355033040043,0.04082317277789116,-0.5391639471054077,-0.3418111503124225,9.953057289123535
1785982623.459475,0.0065923165529966354,-0.01773742772638797,0.046072885394096375,-0.5707300901412964,0.14360499382019165,9.862577438354492
1785982623.4774752,0.013911270536482334,-0.03436329215764999,0.04345452412962914,-2.1420764923095703,-0.9830176830291735,10.523246765136719
1785982623.5004752,0.023693565279245377,-0.0320955142378807,0.04894841834902764,-2.1420764923095703,-0.9830176830291735,10.523246765136719
1785982623.518475,0.02929409220814705,-0.02507109381258487,0.054740916937589645,-0.6822437047958374,0.05236421525478485,9.951749801635742
1785982623.5414658,0.045209240168333054,-0.005664747208356851,0.046390239149332047,-1.0456280708312988,0.1013314425945294,9.847308158874512
1785982623.5594656,0.06681929528713226,0.016334263607859615,0.040033888071775436,-1.7030237913131714,0.3541792929172528,9.862061500549316
1785982623.5824656,0.07799036800861359,0.03064355254173279,0.03939675167202949,-0.6463412046432495,0.4921045601367962,9.390542984008789
1785982623.6004658,0.06684265285730362,0.027000105008482937,0.040166452527046204,-2.5569348335266113,-1.070630908012389,9.94924545288086
1785982623.6174657,0.024128541350364685,0.04790440201759339,0.028469111770391457,-0.481221467256546,0.3389113843441022,9.995165824890137
1785982623.6414566,0.004206568002700806,0.014613940380513672,0.029574371874332425,-1.720259189605713,1.1010335683822643,9.940962791442871
1785982623.6584568,-0.037786029279232025,-0.00222762860357761,0.03210568055510521,0.2191106677055359,-0.773081839084624,9.958967208862305
1785982623.6754568,-0.047558002173900604,0.0033223833888769184,0.029019776731729507,-1.4216901063919067,0.5815346240997327,9.698798179626465
1785982623.6984568,-0.05289041996002197,-0.013058681972324846,0.019602393731474876,-0.9854310154914856,0.16268494725227475,9.724014282226562
1785982623.7164567,-0.06534978002309799,-0.02784309163689613,0.01736765913665295,0.4013873338699341,0.5050362944602979,9.519777297973633
1785982623.7394476,-0.08631298691034317,-0.02236205898225307,0.015802694484591488,0.4013873338699341,0.5050362944602979,9.519777297973633
1785982623.7624476,-0.0709487721323967,-0.020023319870233532,0.021205713972449306,-0.6899375319480896,0.11485844850540282,9.863053321838379
1785982623.7804475,-0.06318800151348114,-0.032637860625982285,0.014672637917101387,-1.1790688037872314,-0.3328548669815052,9.543747901916504
1785982623.7974474,-0.07125724852085114,-0.04602241888642311,0.01837416738271714,-0.5479542016983032,0.12092569470405697,9.638284683227539
1785982623.8214474,-0.0780719518661499,-0.050973232835531235,0.011297098360955722,0.12523365020751953,0.8200565576553356,9.481252670288086
1785982623.8384387,-0.0839715451002121,-0.0650051087141037,0.011449083685874948,-0.47694501280784607,-0.03298941254615666,9.641096115112305
1785982623.8564389,-0.09750872850418091,-0.05356871336698532,0.013577543199062354,-0.06909297406673431,-0.2094249725341785,9.802509307861328
1785982623.8794389,-0.08479312807321548,-0.046135105192661285,0.016254948452115066,-0.36693644523620605,0.7075193524360669,9.554754257202148
1785982623.8964388,-0.07742234319448471,-0.047197211533784866,0.01104021724313498,-1.2035075426101685,-0.2502759695053089,9.623888969421387
1785982623.9374304,-0.07672054320573807,-0.04961555823683739,0.004777115769684321,-0.5535577535629272,0.2283632755279553,9.784297943115234
1785982623.9544303,-0.074261374771595,-0.04440318048000336,0.013414043001830583,-1.3745415210723877,-0.13040962815284607,10.052326202392578
1785982623.9784303,-0.09902103990316391,-0.05530574545264244,0.01259590312838555,-1.0436673164367676,-0.4235639870166767,9.611211776733398
1785982623.9964304,-0.09632571041584015,-0.057934436947107315,0.008825272321701057,-0.14009910821914673,0.643637239933015,9.50106430053711
1785982624.0194304,-0.08933315426111221,-0.03697863966226578,0.008178933523595338,-0.6398448348045349,0.5814845561981213,9.77253532409668
1785982624.042422,-0.09313078969717026,-0.06308595091104507,0.007084974553436049,-1.8221514225006104,-0.7594053745269763,9.627884864807129
1785982624.0594223,-0.09491009265184402,-0.07043163478374481,0.008570918813347825,-0.37811166048049927,-0.5180687904357898,9.954240798950195
1785982624.0774221,-0.0668063834309578,-0.08987710624933243,0.009692082181572925,-0.41931313276290894,-0.5452610254287708,9.670685768127441
1785982624.1004221,-0.040549397468566895,-0.09128251671791077,-0.004532925784587849,-1.8661288022994995,-0.5638340711593616,9.961821556091309
1785982624.118422,-0.029065662994980812,-0.106876440346241,-0.0028441553004085888,-0.5050399899482727,0.3259324729442608,9.741226196289062
1785982624.141414,-0.024670736864209175,-0.09849334508180618,-0.013929231092333781,1.5829832553863525,0.740922808647157,9.76815128326416
1785982624.158414,-0.03355097770690918,-0.09817105531692505,-0.0033006733283400414,-0.8452593684196472,-0.282542049884795,9.657175064086914
1785982624.176414,-0.02237028256058693,-0.09784010052680969,-0.0025836024433374283,0.011774986982345581,-1.2642829418182362,9.680150985717773
1785982624.199414,-0.006126752123236656,-0.09202301502227783,-0.013737783767282952,-0.17398883402347565,0.19131714105606198,9.685539245605469
1785982624.217414,0.009956719353795052,-0.0960606262087822,-0.009742843918502319,-2.7168164253234863,0.7255629897117627,10.079886436462402
1785982624.240405,0.03391323238611221,-0.07195417582988739,-0.018307266756892194,-0.6109009981155396,-0.32556992769241216,9.70137882232666
1785982624.257405,0.030757607892155647,-0.05891157686710358,-0.01864620111882686,-0.6554887294769287,-0.24262756109237554,9.616503715515137
1785982624.281405,0.023691238835453987,-0.06822109967470169,-0.02556162700057029,-1.1453502178192139,0.06879122555256008,9.630859375
1785982624.298405,0.004288461059331894,-0.07567404210567474,-0.0169572103768587,0.02969236671924591,-0.7032005786895741,9.517494201660156
1785982624.316405,-0.013857006095349789,-0.07970686256885529,-0.01574690267443656,-0.44604402780532837,0.47868758440017817,9.444966316223145
1785982624.3393958,-0.04064290225505829,-0.08878981322050095,-0.016541186720132817,-0.3688201904296875,0.10397124290466428,9.731881141662598
1785982624.3563957,-0.051384828984737396,-0.09409411251544952,-0.008718802593648422,-0.9302315711975098,-0.2534136176109302,9.885453224182129
1785982624.380396,-0.0693579688668251,-0.07396524399518967,-0.012035382911562911,0.3375604450702667,-0.6569895744323718,9.686498641967773
1785982624.3973958,-0.0699150562286377,-0.07905817031860352,-0.011690986342728128,-0.6322034597396851,-0.05642122775316119,9.749518394470215
1785982624.4153957,-0.04950916767120361,-0.052602868527173996,-0.012659859843552106,-0.29341816902160645,-0.14504489302635074,9.755378723144531
1785982624.4383862,-0.03702341020107269,-0.049245383590459824,-0.006269429810345167,0.526186466217041,-0.44341248273849365,9.831493377685547
1785982624.4613862,-0.03290124237537384,-0.05205494910478592,-0.005484578199684614,-0.6325702667236328,-0.1919829994440067,9.529922485351562
1785982624.4783864,-0.028970034793019295,-0.04908529669046402,-0.004414341878145927,-0.7066549062728882,0.02791246771812556,9.53945541381836
1785982624.5023863,-0.01806868612766266,-0.04735930636525154,-0.008308150805532927,-2.028299570083618,-0.47105073928832886,9.856547355651855
1785982624.5193863,-0.008338386192917824,-0.024205932393670082,0.002698030322790149,0.9405180215835571,0.9264845252037059,9.454756736755371
1785982624.5423765,-0.00961684063076973,-0.020361438393592834,-0.0015845900634303665,-1.2963969707489014,0.062112748622895494,9.84537410736084
1785982624.5603766,-0.031310632824897766,-0.04321274906396866,-0.0012208279222249933,-0.10465221852064133,-1.1526360511779772,10.199507713317871
1785982624.5783765,-0.03564128652215004,-0.03475983068346977,-0.016176011413335797,-1.3523948192596436,0.5105603933334363,9.91495418548584
1785982624.6013765,-0.037925370037555695,-0.028879620134830475,-0.001332987798377868,-0.6237261295318604,-0.27644574642181274,10.00845718383789
1785982624.6183765,-0.0535740852355957,-0.02351613156497479,-0.019252425059676167,-0.6237261295318604,-0.27644574642181274,10.00845718383789
1785982624.642368,-0.0402306392788887,-0.036572255194187164,-0.013611348345875735,-1.204374074935913,0.29482418298721436,9.871166229248047
1785982624.659368,-0.04137417674064636,-0.022622961550951007,-0.020216861739754673,-0.9603257775306702,-0.4632766246795642,9.945895195007324
1785982624.682368,-0.048351116478443146,-0.007833901792764665,-0.009375434368848799,-0.209171861410141,-0.3043246269226062,9.832242965698242
1785982624.7003682,-0.031439270824193954,-0.0018228769768029482,-0.025057803839445114,-1.5845390558242798,0.7690354585647595,10.158143997192383
1785982624.7173681,-0.026983041316270828,-0.004439431242644788,-0.008871888741850853,-0.5270180702209473,0.40276271104812744,9.90324878692627
1785982624.7583587,-0.0016245534643530846,-0.014610936865210537,-0.02388655766844749,-0.3920227289199829,-0.11921593546867251,9.72033405303955
1785982624.7813587,-0.0017228079959750175,0.013610593043267725,-0.014471058733761312,-1.0657906532287598,0.2216845452785504,9.679105758666992
1785982624.7993586,-0.017255352810025215,0.013351918198168276,-0.01697266288101673,-0.39250320196151733,0.21533536911010864,10.015677452087402
1785982624.8163586,-0.0059830015525221825,0.0047428859397768966,-0.008394650183618069,-0.9605851769447327,-0.07972329854965088,9.997556686401367
1785982624.8403492,-0.02123355120420456,0.006861193105578421,-0.015317783690989017,-1.7838891744613647,-0.432960122823714,9.80245304107666
1785982624.8573492,-0.01090032048523426,-0.03030173480510712,-0.018379528075456616,1.1270203590393066,0.9252072572708141,9.350115776062012
1785982624.881349,-0.009256372228264809,-0.02397998422384262,-0.006091398186981675,1.1270203590393066,0.9252072572708141,9.350115776062012
1785982624.8983493,-0.03088533505797386,-0.012892454862594606,-0.014665116555988787,0.31836920976638794,-0.3666569292545306,10.317522048950195
1785982624.9213493,-0.00566018745303154,-0.008913278579711914,-0.005888200365006923,-0.3124319911003113,-0.012529626488684432,9.607759475708008
1785982624.9383404,0.00336587056517601,2.25526164285825e-05,-0.01111561618745327,-0.9071236848831177,0.13934764266014218,9.735746383666992
1785982624.9563406,-0.005060628987848759,0.007921140640974043,-0.010308355093002321,-0.17447498440742493,0.4830413460731518,9.551580429077148
1785982624.9793406,0.004340749233961105,0.004265866708010435,0.0024006823077797885,-0.7953807711601257,0.5049916505813611,9.740976333618164
1785982625.0023406,0.011950586922466755,0.020807426422834396,-0.003257663687691095,-0.5704056024551392,0.005967780947686448,9.85245418548584
1785982625.0203404,0.008526268415153027,0.0006219987408258028,0.006259863264858723,-0.7923874258995056,0.6648466587066663,9.692268371582031
1785982625.0373316,0.011354454793035984,-0.003391779726371169,0.000997120165266097,-0.3385932743549347,0.20068037509918335,10.042193412780762
1785982625.0613315,0.013523095287382603,-0.003559130011126399,-0.00010963168460875706,-1.1620662212371826,1.242850184440614,9.861406326293945
1785982625.0783315,0.022193804383277893,0.008813141845166683,-0.0036854760255664596,-0.5455141067504883,-1.0103908777236927,9.689067840576172
1785982625.1013315,0.03492111340165138,-0.006690468639135361,-3.516860306262888e-05,-0.6091704368591309,0.2762583494186413,9.629692077636719
1785982625.1193316,0.04226255416870117,0.010786240920424461,0.002659866120666264,-0.4265240430831909,-0.23815932869911074,9.80121898651123
1785982625.1423316,0.047451067715883255,-0.00785698089748621,0.0014409425202757129,-0.33587050437927246,-0.4346496164798725,9.732892036437988
1785982625.1773314,0.04478771239519119,-0.022934086620807648,-0.009743956848978993,1.1890666484832764,-0.35990884900092956,10.113160133361816
1785982625.2183316,0.06738299131393433,0.009761148132383822,-0.01620941236615181,-0.35309988260269165,-0.0916537493467319,9.795281410217285
1785982625.2413228,0.06284259259700775,-0.01901306211948395,-0.015834724530577656,0.5320039391517639,-1.7576024532318104,9.834135055541992
1785982625.259323,0.03411838784813881,-0.02812317945063114,-0.01099621411412954,-1.043189287185669,0.8875977993011487,9.656384468078613
1785982625.2763228,0.02916848286986351,-0.006851955316960813,-0.013692978769540787,0.07703335583209991,0.02898086607456327,9.77661418914795
1785982625.2993228,-0.0007105004042387009,-0.001227641012519601,-0.024897029623389244,-0.40814995765686035,0.22524258494377256,9.84304428100586
1785982625.3233228,-0.05051244795322418,0.009251141920685766,-0.01318942476063967,-0.7296371459960938,-0.33496040105819586,9.568829536437988
1785982625.3403137,-0.07008842378854752,0.013157353736460207,-0.015800870954990387,0.12327761948108673,-0.056338571012018904,9.884737014770508
1785982625.3583136,-0.061728741973638535,0.007231022231280803,-0.009864409454166891,-0.404265820980072,0.10598221421241882,10.001389503479004
1785982625.3753135,-0.05294821783900261,0.014864017255604265,-0.018286297097802166,-0.8038063645362854,-0.059237018227576044,9.528838157653809
1785982625.3993137,-0.030239097774028778,0.015656113624572754,-0.012512850575149061,-1.773261308670044,0.7650139927864087,10.159055709838867
1785982625.4163136,-0.008647412061691284,0.026498289778828617,-0.023795086890459064,0.589640736579895,-0.9505265355110156,9.597257614135742
1785982625.439304,0.0031379805877804756,0.012264550663530825,-0.012944119051098825,-0.4957205057144165,0.1568795442581189,9.912797927856445
1785982625.4573042,0.02979186177253723,0.02211775444447994,-0.020252430811524395,-2.960242748260498,-0.5212418437004077,10.06680965423584
1785982625.4803042,0.0492449514567852,0.012424143031239508,-0.0133743928745389,-0.9608665108680725,-0.24653077125549192,10.094093322753906
1785982625.4973042,0.037950728088617325,0.027167730033397675,-0.00882805231958628,-0.2165495753288269,0.11449250578880432,9.97515869140625
1785982625.5213041,0.03898029774427414,0.0253420639783144,-0.01352640334516764,-0.7557289600372314,0.664155185222627,9.857361793518066
1785982625.556294,0.0513940304517746,0.04092898592352867,-0.0005872619803994944,-0.07530384510755539,0.04883033037185789,9.805109024047852
1785982625.579294,0.03483935445547104,0.049233097583055496,0.0002682659542187988,-0.8790615200996399,-0.07191954553127165,10.036048889160156
1785982625.5972939,0.02579141966998577,0.037994492799043655,-0.008352873846888547,-1.145321011543274,0.051597133278847934,9.748251914978027
1785982625.6372852,0.024842509999871254,0.062162477523088455,0.005633043590933077,-0.1859472692012787,0.06543909013271453,9.807750701904297
1785982625.6612852,0.028233366087079048,0.03805065527558327,0.0017889714799821331,-0.5420581102371216,-0.6951208114624011,9.914779663085938
1785982625.6782851,0.03224246948957443,0.03880748152732849,0.010833115316927428,-0.7750523090362549,-0.19631366431712982,9.87896728515625
1785982625.695285,0.036160849034786224,0.046517111361026764,0.0002789050340652409,-1.527806282043457,0.398604750633241,10.284936904907227
1785982625.718285,0.04081322252750397,0.05325166508555412,0.015433805994689458,-0.515801191329956,-0.5749811530113208,9.796917915344238
1785982625.7422755,0.039553768932819366,0.05241822823882103,0.005293235648423427,-0.3927246928215027,0.04227367043495299,9.831485748291016
1785982625.7592754,0.04407662898302078,0.02175751887261868,0.01422456186264753,-1.6264222860336304,0.19676208496093872,9.998218536376953
1785982625.7772756,0.07228143513202667,-0.002748308470472693,0.0023721489124000077,0.604947566986084,-0.7973232269287097,9.969441413879395
1785982625.8002756,0.08948454260826111,-0.019189022481441498,0.011077598668634893,-0.6673905253410339,0.6348438858985912,9.336860656738281
1785982625.8172755,0.09670017659664154,-0.0168451014906168,0.011730886064469816,-0.4537067413330078,-0.3034968376159656,10.088889122009277
1785982625.8412662,0.0813588872551918,-0.013955448754131792,0.014018413610756399,-0.24858522415161133,-0.09474817663431047,9.860697746276855
1785982625.8582664,0.068344846367836,0.01714940369129181,0.0061077922582626325,-0.21906650066375732,0.0694217234849942,9.963581085205078
1785982625.8822663,0.052809737622737885,0.02826143056154251,0.0012225433019921149,-0.44648808240890503,0.0633853673934949,10.173697471618652
1785982625.9162662,0.018891101703047752,-0.020107559859752655,0.0008989729685708905,0.036759212613105774,-0.29302540421485784,9.700729370117188
1785982625.9572568,0.0006350968033075333,-0.055897463113069534,-0.0005396762862801484,-0.19542208313941956,-0.522595167160033,9.714868545532227
1785982625.9802568,-0.012302090413868427,-0.06524044275283813,-0.0007021583151072183,-0.19542208313941956,-0.522595167160033,9.714868545532227
1785982625.9982567,-0.02281797304749489,-0.06305142492055893,0.0023778500035405237,-1.5003623962402344,-0.638266324996947,10.201766014099121
1785982626.015257,-0.046283088624477386,-0.05676889419555664,-0.003092121332883828,0.13482247292995453,-0.05176529288291814,9.576019287109375
1785982626.0392473,-0.035832732915878296,-0.03241439536213875,0.005494490731507544,-0.7927252054214478,0.7739586234092725,9.816661834716797
1785982626.0562472,-0.023541394621133804,-0.028531832620501518,-0.001503241946920749,-1.4770596027374268,-0.8405856490135181,10.42129135131836
1785982626.0792472,-0.011601213365793228,-0.02912318892776966,-0.0032718726433813537,0.1977960616350174,-0.2282231003046024,9.538507461547852
1785982626.0972474,-0.020560983568429947,-0.014017055742442608,-0.0005739890038967115,0.11396877467632294,-0.07755395025014758,9.754060745239258
1785982626.1202474,-0.00029378198087215424,0.019494738429784775,-0.0030524036847054984,-0.8324341773986816,-0.14732109010219455,9.81457233428955
1785982626.1382387,0.0302636306732893,0.020002083852887154,0.0070361373946070645,-0.2870052456855774,-0.1456050276756275,9.499480247497559
1785982626.1552386,0.03575816750526428,0.01932535134255886,0.0015618107281625247,-1.628941535949707,-0.11085700988769413,9.623404502868652
1785982626.1782386,0.03284981846809387,0.022557426244020462,0.0035171408671885703,-1.628941535949707,-0.11085700988769413,9.623404502868652
1785982626.1962385,0.04634997993707657,0.04709519445896149,0.001662470167502755,0.2947750687599182,0.48080241680145386,10.07294750213623
1785982626.2192385,0.039586059749126434,0.028745118528604507,0.006412779446691271,-0.9241809844970703,-0.3269989490509021,9.879059791564941
1785982626.2432294,0.03145720809698105,0.03267725184559822,0.0060701319016516165,-0.9241809844970703,-0.3269989490509021,9.879059791564941
1785982626.2602293,0.020462380722165108,0.019359663128852844,0.0038025651592761256,-1.4086594581604004,0.8110705614089978,10.211912155151367
1785982626.2782295,0.03868067264556885,0.02837044931948185,-0.00012017600238323559,0.46322911977767944,-0.6751060485839832,10.040053367614746
1785982626.3012295,0.04009917378425598,0.013047873973846437,0.009286367334425448,-0.6048439741134644,-0.08792323619127157,9.530753135681152
1785982626.3182294,0.03615846484899521,0.022856315597891808,0.004079469479620454,-0.4251025319099426,-0.20023719966411468,9.952764511108398
1785982626.3422198,0.05682791769504547,0.01741030625998974,0.0037433940451592185,0.4437646269798279,-0.4459363818168628,10.183571815490723
1785982626.3822198,0.035320185124874115,0.0497320219874382,-0.0022288025356829227,-0.2081671506166458,-0.1862782537937152,9.893899917602539
1785982626.40022,0.029272383078932762,0.042494308203458786,0.0009680842049419828,-0.0749981626868248,-0.4128646552562702,9.686622619628906
1785982626.4172199,0.0163120124489069,0.047957584261894226,-0.005973290186375386,-0.8480200171470642,0.7163704037666333,9.851494789123535
1785982626.4412198,-0.003938124515116215,0.028034215793013573,-0.0008013653568923508,0.11277805268764496,0.13458904623985413,9.959293365478516
1785982626.45822,-0.009703301824629307,0.032812800258398056,-0.005839080084115271,-0.6221563220024109,-0.13446518778800842,10.018380165100098
1785982626.47522,-0.01463183294981718,0.03115798719227314,-0.010357019491493705,-0.37265437841415405,0.2834126651287091,9.907647132873535
1785982626.49922,-0.03447970002889633,0.02010432817041874,-0.008003644645214083,-1.4755727052688599,0.8777404427528394,10.239310264587402
1785982626.5162199,-0.02307003363966942,-0.005215615499764683,-0.014094473794102669,-1.7566698789596558,-1.1919114589691149,10.437864303588867
1785982626.5392103,-0.00910187978297472,-0.007160132750868799,-0.015213133767247198,-0.3673887252807617,-0.23585867881774783,9.655892372131348
1785982626.5572104,-0.007616662885993719,0.0018907187040895206,-0.014840077608823776,-0.665500283241272,0.06253907084465146,9.757779121398926
1785982626.5802104,0.0007621338590979576,-0.001899082912132145,-0.009531817398965359,-0.7996401786804199,-0.3068864345550525,9.877120018005371
1785982626.5982103,-0.010704027488827705,0.006233139894902705,-0.010553138330578804,0.9843174815177917,-0.09775695949792744,9.660056114196777
1785982626.6382005,0.008132652379572392,0.06591124832630157,-0.0019856542348861777,-0.4474073648452759,-0.6950612068176257,9.918811798095703
1785982626.6562004,0.001549101434648037,0.06945013999938965,-0.0062893899157643405,-0.8567416667938232,0.14436173439026,9.96395206451416
1785982626.6792004,-0.01510202419012785,0.06539336591959,0.0046717501245438975,-0.3608793616294861,-0.24406108260154602,9.928567886352539
1785982626.7371914,-0.010851488448679447,0.0709867775440216,0.003648700658231965,-0.2733960747718811,-0.5856496095657336,10.06381893157959
1785982626.7551916,0.006793428212404251,0.039317987859249115,0.012502146884798998,-0.5190415382385254,-0.0178374350070941,10.115299224853516
1785982626.7781916,0.012410801835358143,0.017117349430918694,0.006854220759123562,-0.33951467275619507,-0.17801615595817447,9.844327926635742
1785982626.7961915,0.0386328250169754,0.008356318809092047,0.00751203903928399,-0.168816477060318,0.28542813658714417,9.772428512573242
1785982626.8191915,0.04144825413823128,0.012509074062108995,0.00822708662599325,-0.14484000205993652,0.07479387521743897,9.983858108520508
1785982626.837182,0.06506103277206421,-0.011895840056240559,-0.0009788876632228479,-0.48790818452835083,-0.17506887018680453,9.81700611114502
1785982626.860182,0.06335443258285522,-0.013612279668450356,0.005293921567499639,-0.449129581451416,-0.25861886143684265,9.771941184997559
1785982626.901182,0.062484826892614365,-0.05115487053990364,-0.0007722551235929069,0.4843505024909973,0.5143197774887097,9.639982223510742
1785982626.919182,0.06030895188450813,-0.05992579832673073,-0.00413750018924474,-0.5637495517730713,-0.9607876539230334,9.795504570007324
1785982626.9411726,0.06057831272482872,-0.053810857236385345,-0.0038161845877766544,-0.1293642520904541,-0.4841125607490528,9.705293655395508
1785982626.9591725,0.06108715757727623,-0.048812106251716614,-0.003702840767800802,-1.2580463886260986,-0.14431478083133575,9.977813720703125
1785982626.9761724,0.04208918660879135,-0.022477824240922928,-0.012681214138865467,-0.38045501708984375,-0.1447499692440021,9.651451110839844
1785982627.0001726,0.029609668999910355,-0.00916873849928379,-0.004775688517838716,-1.4524645805358887,0.13326391577720764,10.000473022460938
1785982627.0171726,0.024634364992380142,0.013028210029006003,-0.01379488315433264,0.36023277044296265,-0.9726308584213245,9.801630973815918
1785982627.041163,0.005450203083455563,0.035770200192928314,-0.008752316236495977,-0.40729379653930664,-0.010044902563093898,9.766079902648926
1785982627.0581632,-0.029795445501804352,0.05264794081449509,-0.013558693230152137,-1.6488986015319824,-0.7864998579025256,10.124940872192383
1785982627.0811632,-0.04157985746860504,0.045826997607946396,-0.009176941588521009,0.17970669269561768,-0.12885643541812775,9.903425216674805
1785982627.099163,-0.04410206899046898,0.0381280891597271,-0.01616456173360348,-0.6401433944702148,-0.06657058000564457,9.61556625366211
1785982627.116163,-0.030443299561738968,0.019229304045438763,-0.014868866652250292,0.1508546769618988,-0.5499663352966296,9.789392471313477
1785982627.140154,-0.040513549000024796,0.009386313147842884,-0.00368982693180442,1.040558099746704,0.04862998425960661,9.782124519348145
1785982627.1571538,-0.03600374609231949,0.012471459805965424,-0.0028652688488364237,-1.0665242671966553,-0.322148948907851,9.68091106414795
1785982627.1801538,-0.0519639328122139,0.01316929794847965,-0.00863324571400881,-0.10436353087425232,-0.3143514096736896,9.855134010314941
1785982627.2201538,-0.05255655199289322,0.014804013073444366,0.0025283321738243086,-0.5637408494949341,-0.0378964990377414,9.9278564453125
1785982627.2381444,-0.0569249726831913,0.01103898696601391,0.0073734046891331655,0.05035039782524109,-0.3879538774490344,10.125199317932129
1785982627.2611444,-0.05475567281246185,0.016464462503790855,0.010408684611320494,0.05035039782524109,-0.3879538774490344,10.125199317932129
1785982627.2791443,-0.050455398857593536,0.02220875583589077,0.012072773650288578,0.5445525050163269,-0.8501753807067859,9.82907485961914
1785982627.3191445,-0.041986096650362015,0.016936708241701126,0.01219755783677101,-0.38965246081352234,0.08780622482299925,9.806987762451172
1785982627.337135,-0.05650147423148155,0.01165085192769766,0.01390921790152788,-0.5578577518463135,-0.28802797198295477,9.717142105102539
1785982627.360135,-0.04825957491993904,0.026968846097588543,0.01494161784648895,-0.4959295690059662,-0.20164881646633023,10.18196964263916
1785982627.3781352,-0.02757067233324051,0.037265196442604065,0.007148438133299346,1.3429186344146729,0.5736527442932141,9.695849418640137
1785982627.419135,0.015348334796726704,0.035542082041502,-0.0008828981081023856,-0.08312840014696121,0.017451122403146054,9.938166618347168
1785982627.4421268,-0.000910474918782711,0.01320039201527834,-0.002835803665220739,-0.6107200384140015,0.5618107318878186,9.999594688415527
1785982627.4601266,0.0029074186459183693,0.0030963781755417577,-0.006855010986328125,-0.9314360022544861,-0.6980553865432727,10.2418794631958
1785982627.4771268,0.003671186976134777,-0.022994015365839005,-0.005536249838769433,-1.4076135158538818,0.19036963582039002,10.051217079162598
1785982627.5001268,0.014239703305065632,-0.023584827780723572,-0.009837443009018895,-0.8083279728889465,-0.5875651836395251,9.719681739807129
1785982627.5181267,0.0033819852396845818,-0.049742404371500015,-0.004647596739232534,-0.3966360092163086,0.6946732997894299,10.011289596557617
1785982627.541117,0.013686602003872395,-0.060780975967645645,-0.015549007803201668,-0.44798290729522705,0.4836049377918255,9.572700500488281
1785982627.558117,0.003944767639040947,-0.07486695051193237,-0.013350965455174437,-0.2989663779735565,-0.2744034528732288,9.616903305053711
1785982627.576117,0.015303174033761024,-0.0816144347190857,-0.0076700123026966945,-0.3872169256210327,-0.5756120681762683,9.996708869934082
1785982627.599117,0.0624847337603569,-0.07433812320232391,-0.015437513589859,-1.484544277191162,0.1375457346439374,10.222574234008789
1785982627.617117,0.07479570060968399,-0.08763474225997925,-0.0055193281732499495,0.3528114855289459,-1.0799102783203114,9.60618782043457
1785982627.6401076,0.0718042403459549,-0.088189996778965,-0.010288416408002366,-0.4856843948364258,-0.3374524116516101,9.98829174041748
1785982627.6571076,0.08423223346471786,-0.0829959362745285,-0.01493074744939803,-0.9259821176528931,0.05154864490032317,9.849719047546387
1785982627.6811075,0.10398442298173904,-0.106852687895298,-0.010125937871634946,-0.0875539779663086,-0.42784222960471985,10.1157865524292
1785982627.6981075,0.08514487743377686,-0.09702365845441818,-0.015350291505455959,-0.7132785320281982,0.2644957005977643,9.757423400878906
1785982627.7211075,0.09715586155653,-0.08672386407852173,-0.01723422110080718,0.7530896663665771,-0.07076833397149919,9.83228874206543
1785982627.739098,0.10297646373510361,-0.09420491009950638,-0.013842534273862827,2.0485920906066895,-0.20148502290248757,9.33267879486084
1785982627.780098,0.1129726767539978,-0.08890791237354279,-0.012532616034150113,-0.5280231237411499,-0.2706640362739551,10.026179313659668
1785982627.7970982,0.11844941228628159,-0.0874185711145401,-0.009791293181478967,-0.0066215842962265015,0.17392989993095517,9.695637702941895
1785982627.821098,0.1038128137588501,-0.06145580857992172,-0.005357475951313965,0.9686652421951294,0.23713758587837339,9.660064697265625
1785982627.8380883,0.09704071283340454,-0.05125678703188896,0.001363937044516212,-1.121636152267456,-0.931262671947478,9.650626182556152
1785982627.8610883,0.10046420246362686,-0.01739807240664959,0.0025381119921803496,-0.06648363173007965,-0.5201892256736743,9.619632720947266
1785982627.8790884,0.11545468121767044,-0.02076973207294941,0.00016811990644783036,0.5243161916732788,0.24703606963157776,9.98430061340332
1785982627.9020884,0.11292171478271484,-0.03133350610733032,0.007587232161313299,0.5243161916732788,0.24703606963157776,9.98430061340332
1785982627.9200883,0.12244374305009842,-0.01736966148018837,0.009284842759370806,1.4689046144485474,-0.39319723844528076,9.746297836303711
1785982627.9430788,0.12327619642019272,-0.02235068939626217,0.012339097447693351,-2.1878819465637207,0.9414671063423169,10.042152404785156
1785982627.960079,0.10368982702493668,-0.03034849651157856,0.013463064096868042,-0.14795058965682983,0.1878029704093945,9.680806159973145
1785982628.0010788,0.10523204505443573,-0.04874878749251366,0.006275401916354901,-1.540888786315918,-0.15482810139655948,9.702424049377441
1785982628.0180788,0.10270026326179504,-0.04568876698613167,0.008528806269168859,-1.540888786315918,-0.15482810139655948,9.702424049377441
1785982628.0410697,0.07559147477149963,-0.055913664400577545,0.012113121338188655,-0.014717310667037964,0.11716187000274778,9.69053840637207
1785982628.0590696,0.11100509762763977,-0.06858644634485245,0.011501409113407144,0.28665387630462646,-0.32179108262061956,9.69371223449707
1785982628.0820696,0.07470831274986267,-0.06666682660579681,0.0045401128008961756,-1.029801607131958,0.3110828697681439,9.906201362609863
1785982628.1000695,0.061951130628585815,-0.09286735206842422,0.013358321040868771,-0.34537220001220703,-0.5085163116455066,9.98822021484375
1785982628.1170697,0.033524759113788605,-0.07767447084188461,0.009490980766713628,-1.2862845659255981,-0.02845734357833738,10.129636764526367
1785982628.1410604,0.02968684397637844,-0.08843386173248291,0.01048909779638053,0.6340820789337158,-0.4137105941772449,9.796090126037598
1785982628.1580603,0.02594827301800251,-0.08387129008769989,0.00845462828874589,0.6340820789337158,-0.4137105941772449,9.796090126037598
1785982628.1990604,0.03787636011838913,-0.08366011083126068,0.014053234830498706,0.030754029750823975,0.39472782611847046,10.010699272155762
1785982628.2170603,0.024088820442557335,-0.06694447249174118,0.009266341105103501,-1.7049232721328735,-0.6642486453056323,10.072460174560547
1785982628.257051,0.055636316537857056,-0.062100887298583984,0.011672306805849082,-0.8844977617263794,0.03356860578060273,10.018163681030273
1785982628.280051,0.047311075031757355,-0.047123439610004425,0.01868178695440293,0.6225444078445435,-0.7341084480285632,9.9202299118042
1785982628.2980509,0.04282834380865097,-0.03286900743842125,0.023794017732143406,-1.7889257669448853,0.5542253255844128,9.565056800842285
1785982628.321051,0.06449632346630096,-0.03653694689273834,0.020652867853641513,-0.42848947644233704,-0.09151124209165451,9.9336576461792
1785982628.3380413,0.08135287463665009,-0.020145099610090256,0.014087199233472349,-0.5961273312568665,0.2396511137485516,9.754868507385254
1785982628.3620412,0.08845245093107224,-0.024571286514401432,0.024885244667530063,0.5928559303283691,-0.04824322462081785,10.155396461486816
1785982628.3790412,0.10838280618190765,-0.03864690661430359,0.016120960935950283,-0.8915454149246216,0.3967202305793774,9.656942367553711
1785982628.3970413,0.0915236547589302,-0.04033544287085533,0.019803941249847416,1.0475505590438843,-0.45380419492721435,9.95467758178711
1785982628.4200413,0.08038472384214401,-0.03422040864825249,0.027449823915958408,-1.150601863861084,0.027646899223328806,9.54270076751709
1785982628.437032,0.09421110898256302,-0.008658610284328459,0.016814297065138817,-0.3663378357887268,0.3849446773529065,9.957950592041016
1785982628.460032,0.06826458126306534,-0.02097002416849136,0.02316616475582123,-1.9839015007019043,0.20395469665527466,9.867786407470703
1785982628.478032,0.04529859870672226,-0.03450606018304825,0.02221310324966908,0.3693629205226898,-0.10832880437373994,9.89372730255127
1785982628.501032,0.03712774068117142,-0.04564881697297096,0.015473169274628168,-0.16954119503498077,-0.16513684391975278,10.120789527893066
1785982628.518032,0.019047455862164497,-0.05200939625501633,0.014056180603802211,-1.0709677934646606,-0.14368191361427185,9.940997123718262
1785982628.5420218,0.010951532050967216,-0.049558043479919434,0.012190798297524457,-0.23815342783927917,-0.8636299967765796,9.904617309570312
1785982628.5590217,-0.005308186635375023,-0.05554122105240822,0.004895004443824298,0.3957694470882416,0.5077918767929088,9.426778793334961
1785982628.5770218,-0.015364190563559532,-0.030807556584477425,0.00633757654577494,0.34037479758262634,-0.6941000223159778,9.989225387573242
1785982628.6000218,-0.03205547481775284,-0.015562992542982101,0.0017577805556356926,0.036809176206588745,-0.1031685620546329,9.728320121765137
1785982628.6170218,-0.06067720800638199,0.00965084321796894,0.002616740763187407,0.5300318002700806,-0.572893977165221,10.056941986083984
1785982628.641012,-0.06311662495136261,0.023067178204655647,-0.005573569331318143,-0.8663469552993774,0.6984196901321423,9.761917114257812
1785982628.658012,-0.05107453465461731,0.019792363047599792,-0.013427318073809149,1.0716168880462646,-0.4519863426685321,9.841584205627441
1785982628.699012,-0.07412457466125488,0.02618333324790001,-0.011473639868199829,-0.08714539557695389,-0.389726400375365,10.187649726867676
1785982628.722012,-0.07161768525838852,0.0023588694166392075,-0.01207001693546772,-1.1812005043029785,0.2973873615264905,9.792109489440918
1785982628.7400026,-0.06577683240175247,-0.006189427804201843,-0.012508310377597809,0.302590012550354,-0.07440964132547259,9.730707168579102
1785982628.7570026,-0.06599435210227966,-0.00609541079029441,-0.008961564861238003,0.05793789029121399,-0.09012001007795217,9.552970886230469
1785982628.7800026,-0.08173265308141708,-0.012683026492595674,-0.010074451565742491,0.45460060238838196,-0.9596670866012561,10.326726913452148
1785982628.7980025,-0.0785444900393486,-0.02258490025997162,-0.0030884491279721234,-0.1641540378332138,0.8217663764953625,9.859905242919922
1785982628.8210025,-0.0943719819188118,-0.011422958225011826,-0.001362877897918223,0.15771347284317017,-0.6031231880187976,9.979327201843262
1785982628.8379917,-0.0809788629412651,-0.016826296225190163,0.012991379015147688,-0.298738569021225,0.4622716605663312,9.768258094787598
1785982628.8559918,-0.06489724665880203,0.02057632990181446,0.003992313519120214,-0.3803084194660187,0.08209124207496762,9.739582061767578
1785982628.8789918,-0.0580669566988945,0.024413127452135086,0.010056928731501099,-0.04003506898880005,0.04939097166061523,9.896692276000977
1785982628.8969917,-0.059979744255542755,0.03613465279340744,0.009604520164430136,0.4348978102207184,-0.5373241901397693,10.201151847839355
1785982628.9199917,-0.03424309939146042,0.024666225537657738,0.0077403839677572224,-0.5182491540908813,0.12106874585151793,9.878539085388184
1785982628.9369829,-0.040587663650512695,0.019667431712150577,0.01429255027323961,-0.2519551217556,-0.4657114744186389,9.861502647399902
1785982628.9599829,-0.03388271480798721,0.020149404183030132,0.016171151772141453,-0.3902047872543335,0.5643075704574597,9.740199089050293
1785982628.9779828,-0.025250306352972984,0.027339791879057884,0.013127794489264485,-0.4763927757740021,-0.9226577281951892,10.199126243591309
1785982629.0009828,-0.04571158438920975,0.023265147581696514,0.020043093711137768,-0.09006229788064957,0.3341716825962079,9.763009071350098
1785982629.017983,-0.05493519455194473,0.024182818830013275,0.008888319134712216,0.3960191309452057,0.07968154549598812,9.655614852905273
1785982629.0359733,-0.042558617889881134,0.03833584487438202,0.019927069544792172,-0.3319249153137207,-0.055172838270663,9.905059814453125
1785982629.0999734,-0.0021475194953382015,0.032480478286743164,0.022499961778521534,0.4767543375492096,-0.9715814590454089,9.894081115722656
1785982629.1179733,0.005569799803197384,0.0314466655254364,0.0226435475051403,-1.9712328910827637,0.9708616733551038,9.523638725280762
1785982629.1409638,0.012128682807087898,0.01711825281381607,0.012219538912177084,-0.021286264061927795,0.1556166112422955,9.807847023010254
1785982629.180964,0.019035829231142998,0.018349979072809223,0.01894610561430454,0.6051503419876099,-0.19942477345466494,9.81700611114502
1785982629.1989639,0.014533309265971184,-0.004006086848676203,0.01714436523616314,-0.03875117003917694,-1.0123882293701159,10.287040710449219
1785982629.2159638,0.01783694513142109,0.00851300172507763,0.019968891516327858,-1.276653528213501,1.3763585090637218,9.45964527130127
1785982629.2389538,0.02230166830122471,0.01183401606976986,0.006738895084708927,-0.06221364438533783,0.10892811417579772,9.873090744018555
1785982629.256954,0.03335943818092346,0.026103924959897995,0.0030759209766983956,-0.6201077699661255,-0.10592518001794693,9.95179271697998
1785982629.279954,0.004748202860355377,0.034465570002794266,0.010457215830683705,2.072831869125366,-0.7746784687042224,10.40096664428711
1785982629.2979538,-0.001988363917917013,0.055057674646377563,0.005876616109162562,-1.7387394905090332,0.5362029075622571,9.77290153503418
1785982629.3209538,-0.028346708044409752,0.05293295532464981,0.0022453835699707205,-0.03344672918319702,-0.1746867001056659,9.927314758300781
1785982629.337943,-0.042587652802467346,0.0321526937186718,0.010847136378288266,-0.2734394371509552,0.22241950035095334,9.846571922302246
1785982629.3559432,-0.05956317484378815,0.03691643103957176,-0.0010502068325877235,-0.2734394371509552,0.22241950035095334,9.846571922302246
1785982629.3789432,-0.06410443782806396,0.02684326283633709,0.003950186539441344,-0.09857580810785294,-1.1300972700119005,10.46951961517334
1785982629.396943,-0.09609398245811462,0.03431455418467522,0.0016741290455684025,-2.1300787925720215,0.7290451526641858,9.624934196472168
1785982629.419943,-0.07571043074131012,0.023988831788301468,-0.0095096854493022,0.9659003019332886,-0.5729310512542712,10.154692649841309
1785982629.4379334,-0.08160373568534851,0.010519621893763542,0.0013185017742216574,-0.08236755430698395,-0.4146488308906543,9.868109703063965
1785982629.4549334,-0.06587695330381393,0.02083975449204445,-0.0021911398507654693,-0.20185445249080658,0.6172912120819104,9.645560264587402
1785982629.4789333,-0.06138334423303604,0.018419431522488594,-0.0026682806201279185,-0.7911416292190552,-0.9322046041488634,10.614627838134766
1785982629.4959335,-0.025743963196873665,0.004574796650558709,-0.004104508552700282,-0.8895986080169678,0.6043897867202771,9.806042671203613
1785982629.5189335,-0.026455452665686607,0.011898789554834366,-0.0016261949203908459,-0.07663986831903458,-0.5267004966735828,9.884970664978027
1785982629.5419245,-0.018035724759101868,-0.008851196616888046,-0.004652877338230609,-0.9042066335678101,0.7266670465469373,9.53634262084961
1785982629.5599244,-0.0053719510324299335,-0.011937316507101059,-0.0009249029681086526,0.007383853197097778,0.3524341881275189,9.822687149047852
1785982629.5769246,-0.00740010803565383,0.0014532557688653476,0.005105063319206238,1.3695321083068848,-0.31688421964645264,9.871355056762695
1785982629.5949244,-0.015596513636410236,0.005939065944403409,-0.005405928939580918,-0.27899855375289917,0.5803028941154492,9.673788070678711
1785982629.6179245,-0.016065260395407677,-0.017675058916211128,0.010363683104515077,-0.6527934074401855,0.28422558307647827,9.820490837097168
1785982629.641915,-0.014419560320675373,0.014044659212231636,0.003357432782649992,-0.36644208431243896,-0.16074159741401553,9.847193717956543
1785982629.658915,-0.005548933520913124,0.02688046544790268,0.006203824188560244,-2.068720579147339,0.256283223628999,10.05734920501709
1785982629.676915,-0.016472037881612778,0.03388018533587456,0.014725207351148125,0.5912685990333557,0.5936089754104626,9.830635070800781
1785982629.699915,0.0074717262759804726,0.025173334404826164,0.00489803962409496,-0.06824891269207001,-0.020063355565069878,10.028291702270508
1785982629.716915,0.022665441036224365,0.02753298357129097,0.009987952187657353,-0.4570854902267456,0.46268033981323364,9.9008207321167
1785982629.7399056,0.0350121445953846,0.033952366560697556,-0.0013459493638947647,-0.5358223915100098,0.08744992315769316,9.876178741455078
1785982629.7809055,0.03343801945447922,0.03092282824218273,-0.0008001514943316617,0.696853518486023,-0.9349353313446033,10.032740592956543
1785982629.7989056,0.009200292639434338,0.03943899646401405,-0.0048840749077498965,-1.0634970664978027,0.12713049352169156,9.726524353027344
1785982629.8219056,-0.0007039103657007217,0.011262130923569202,0.0021979194134473788,0.0013601034879684448,0.3256621360778821,9.765706062316895
1785982629.8399055,-0.009529711678624153,0.017369642853736877,-0.013318941928446295,0.6414032578468323,-0.6723765730857836,10.50308609008789
1785982629.8569055,-0.01827770657837391,0.025283919647336006,-0.014146644622087482,-1.014333963394165,1.3677617311477672,9.408236503601074
1785982629.8799055,-0.029027827084064484,0.016820253804326054,-0.019080450758337978,-0.013238489627838135,-0.32436895370483276,9.839890480041504
1785982629.8979056,-0.019680820405483246,0.02487513609230518,-0.016719397157430652,0.05654114484786987,0.11144040524959684,9.760520935058594
1785982629.9209056,0.003101903013885021,0.018747018650174137,-0.016666932031512264,-0.5326490998268127,-0.7669484615325916,10.007107734680176
1785982629.955896,0.004840730689466,0.023156337440013885,-0.012732856906950477,0.18955890834331512,-0.7422139048576343,9.912086486816406
1785982629.9798958,0.029609311372041702,0.04993734881281853,-0.010371602140367038,-1.0243664979934692,1.3227152824401867,9.647195816040039
1785982629.9968958,0.06854568421840668,0.051341332495212555,-0.007430523633956915,-0.08430422097444534,-0.8330231904983507,10.521018981933594
1785982630.0198958,0.06912761181592941,0.023359701037406918,-0.016725614666938785,-1.197710633277893,-0.5974057316780078,10.07003402709961
1785982630.0368865,0.05010500177741051,0.0010367820505052798,-0.004464953206479549,-1.197710633277893,-0.5974057316780078,10.07003402709961
1785982630.0548863,0.04692813381552696,-0.013264380395412445,0.0010352449025958792,0.2073815017938614,0.09053875505924344,9.788222312927246
1785982630.0778863,0.02749175950884819,-0.012867708690464498,-0.007750512100756167,-0.110200434923172,0.2646083235740674,9.946110725402832
1785982630.0968864,0.015480783767998219,-0.04640531539916992,0.007469312287867075,0.5246548056602478,-0.3595955371856677,9.817245483398438
1785982630.1198864,0.0074867187067866325,-0.031669147312641144,0.014899908564984802,0.9559298157691956,0.7160629630088818,9.80002498626709
1785982630.1368766,0.008023190312087536,0.000871910538990054,0.02860758639872074,0.05768480896949768,-0.34862929582595703,9.9274263381958
1785982630.1598766,0.002592644654214382,0.042665429413318634,0.01728918775916099,-0.030304498970508575,0.03102299571037411,9.692522048950195
1785982630.1778767,0.031468067318201065,0.06970202922821045,0.020212415605783456,-0.16037783026695251,0.4281706213951123,9.849919319152832
1785982630.1948767,0.032692406326532364,0.08548688143491745,0.02472723275423049,-0.6829447746276855,-0.052990883588789665,10.057136535644531
1785982630.2178767,0.02818303182721138,0.06377280503511429,0.029164796695113175,-0.8023530840873718,0.4442096948623669,9.482784271240234
1785982630.241867,0.06254571676254272,0.049247555434703834,0.03030418418347835,0.5287086963653564,-0.1145931705832469,10.049824714660645
1785982630.258867,0.07212209701538086,0.0499095693230629,0.023437568917870515,-1.0863096714019775,-1.1160200834274279,10.590261459350586
1785982630.2758672,0.07394477725028992,0.009957346133887771,0.028245529159903526,1.3454614877700806,-0.46816104650497314,9.983901977539062
1785982630.2998672,0.10038318485021591,0.034312427043914795,0.017998522147536274,-0.28610455989837646,-0.20689697563648105,9.829643249511719
1785982630.316867,0.0856202244758606,0.0596785768866539,0.02515518851578235,-0.28610455989837646,-0.20689697563648105,9.829643249511719
1785982630.3408582,0.07379292696714401,0.07864223420619965,0.02729964070022105,-0.509488582611084,-0.17490777373313784,9.67981243133545
1785982630.3578582,0.06707949936389923,0.05316626653075218,0.022194148972630494,-0.15076100826263428,0.24032153189182404,9.98544692993164
1785982630.398858,0.00035255588591098785,0.014499497599899772,0.025653880089521405,-0.5766936540603638,-0.1337089091539371,9.656418800354004
1785982630.4158583,0.02169223688542843,-0.0013569020666182009,0.026354335248470306,0.51305091381073,0.017951190471650433,10.319906234741211
1785982630.4398582,0.01864769496023655,-0.012836667709052561,0.016652710735797882,0.51305091381073,0.017951190471650433,10.319906234741211
1785982630.4568582,-0.012177754193544388,-0.04445261135697365,0.023204380646348007,0.23453596234321594,-0.08273413032293198,10.008587837219238
1785982630.4798582,-0.02087973803281784,-0.04425400123000145,0.014951520599424844,-0.08329996466636658,0.07141067087650421,9.922870635986328
1785982630.4978583,0.008486287668347359,-0.07487265765666962,0.0067016785033047295,-0.2996688187122345,-0.3799709677696216,10.070968627929688
1785982630.5208583,-0.015180863440036774,-0.07467129081487656,-0.0019885790534317402,0.2305578589439392,-0.08153458684682727,9.751371383666992
1785982630.5388482,-0.024805637076497078,-0.07626433670520782,-0.004266721196472635,0.41585007309913635,-0.3188014030456531,10.077582359313965
1785982630.5558481,-0.0064077069982886314,-0.07885214686393738,-0.005162518005818119,0.18690797686576843,-0.32693606615066406,9.997020721435547
1785982630.5798483,-0.031280577182769775,-0.07104379683732986,-0.017793420702219,-0.8909672498703003,0.5776160955429088,8.986063957214355
1785982630.5968482,-0.0617215633392334,-0.039567962288856506,-0.02734812162816524,1.918612003326416,-0.16775958240032074,9.964035987854004
1785982630.6198483,-0.07070046663284302,-0.027006046846508983,-0.027190266177058216,0.5426149368286133,0.220560595393182,9.622504234313965
1785982630.6378384,-0.09652422368526459,-0.011149548925459388,-0.03389004245400429,-2.5436463356018066,0.742242991924287,9.146014213562012
1785982630.6558385,-0.10233886539936066,-0.008594454266130928,-0.03245283290743828,0.6476309299468994,-0.5510066151618945,10.12380313873291
1785982630.6788385,-0.1164955422282219,-0.021874826401472095,-0.02926831319928169,-0.05411965399980545,-0.08686917275190233,9.898102760314941
1785982630.6958385,-0.1293921023607254,0.007795925252139565,-0.027347369119524956,0.13136282563209534,-0.10959479957818864,9.839611053466797
1785982630.7198384,-0.15267983078956604,0.0073213665746152375,-0.022955821827054024,-0.6572197675704956,-0.07506894320249435,9.933393478393555
1785982630.7368293,-0.15449216961860657,0.05910918489098548,-0.02920870296657086,-0.49067381024360657,0.06417644023895382,9.686439514160156
1785982630.7608292,-0.13783052563667297,0.04901386797428131,-0.010193983092904096,0.5371063947677612,0.029092818498612647,9.761397361755371
1785982630.7778292,-0.1268487274646759,0.06353585422039032,-0.013169028796255595,-0.054624490439891815,0.25365555286407593,9.781867027282715
1785982630.8008292,-0.08959106355905533,0.06286869198083878,0.005125839263200752,-0.3575761914253235,0.10433840751648071,9.933359146118164
1785982630.8188293,-0.05837949737906456,0.05318506062030792,-0.001453174045309431,-0.31822091341018677,-0.23750439286231875,9.737149238586426
1785982630.8358197,-0.042038436979055405,0.0172494575381279,-0.00726226717233658,1.1070537567138672,-0.3943810462951648,10.059613227844238
1785982630.85982,-0.011231666430830956,-0.0046508023515343675,-0.010165567509829998,-1.0300347805023193,-0.4221649169921863,9.960728645324707
1785982630.8768198,-0.02999873459339142,-0.0154128959402442,-0.01301349140703678,-0.9926918745040894,0.5176497697830211,9.405278205871582
1785982630.8998199,-0.05356277525424957,-0.04659830406308174,-0.01615835912525653,-0.2531704306602478,0.24135935306549192,9.696612358093262
1785982630.9178197,-0.07288618385791779,-0.05534251779317856,-0.017667051404714577,0.1755317747592926,0.14822411537170532,9.871170997619629
1785982630.94081,-0.09568220376968384,-0.05225193500518799,-0.02121197991073131,-0.47811293601989746,-0.14463031291961548,9.88619613647461
1785982630.9578102,-0.0915602520108223,-0.041469428688287735,-0.02734058909118175,-0.07677661627531052,0.44817185401916626,9.847761154174805
1785982630.97581,-0.08018729090690613,-0.03704047203063965,-0.022250318899750706,-0.5299290418624878,1.1379555463790905,9.46194839477539
1785982630.99881,-0.0720001757144928,-0.03658680245280266,-0.02599183842539787,-0.2680310308933258,0.11481010913848998,9.821892738342285
1785982631.01581,-0.08171509206295013,-0.025295138359069828,-0.02746019512414932,-0.4185962378978729,-0.02930474281310916,9.728854179382324
1785982631.0398006,-0.07408501952886581,-0.015663692727684975,-0.009709001518785952,-0.7080751657485962,-1.0441974401473986,10.32400131225586
1785982631.0568006,-0.062076013535261154,0.01661734841763973,-0.01979560032486916,0.2766461968421936,-0.11633601039647937,9.802064895629883
1785982631.0738006,-0.04176370054483414,0.040436286479234695,-0.0160787794739008,-1.0456161499023438,0.8407804965972913,9.677225112915039
1785982631.0978005,-0.004950691945850849,0.07162401080131531,-0.006493457593023786,-1.2522207498550415,0.3716663122177136,9.86892318725586
1785982631.1148007,0.02033926546573639,0.0654570609331131,-0.00209386716596783,-0.42284223437309265,0.10978209972381713,9.844625473022461
1785982631.1387913,0.048975080251693726,0.06323464959859848,0.001689379569143049,-1.0443274974822998,-0.6067000627517688,10.044801712036133
1785982631.1557913,0.0489749014377594,0.0743655189871788,0.0022587431594729332,-0.8111387491226196,0.6448433995246899,9.648520469665527
1785982631.1787913,0.0490017905831337,0.09181904792785645,0.004858364351093758,-0.08231791108846664,0.6584777235984814,9.634278297424316
1785982631.1967914,0.02669065073132515,0.1199360266327858,0.005075214430689797,0.5158686637878418,-0.03769627213477966,9.972886085510254
1785982631.2197914,0.02015480026602745,0.10236378759145737,0.011588311754167068,-0.07810153812170029,-0.584880471229552,10.119118690490723
1785982631.2367818,0.012829198502004147,0.10649164766073227,0.013421869836747632,-1.0324968099594116,-0.41961130499839666,9.563370704650879
1785982631.260782,0.019752126187086105,0.0774102509021759,0.024051882326602925,-0.5410811901092529,0.09969943761825684,9.920194625854492
1785982631.277782,0.03275749832391739,0.06435829401016235,0.021434919908642762,0.15165644884109497,0.25790151953697327,9.92353630065918
1785982631.2957819,0.048327501863241196,0.06593138724565506,0.017919389531016343,0.24690085649490356,-0.06441163271665454,9.733292579650879
1785982631.3187819,0.058828435838222504,0.08385932445526123,0.01992277428507804,0.5775876045227051,-0.9862375259399401,10.597975730895996
1785982631.3367727,0.07020166516304016,0.11884801089763641,0.010832061059772954,-0.06297388672828674,-0.0687705948948848,9.995573997497559
1785982631.3597727,0.029531363397836685,0.12094496190547943,0.011784083209931835,-1.3516254425048828,-0.18298536539077642,9.46680736541748
1785982631.3947728,-0.008839827962219715,0.10727422684431076,0.019192771986126886,-0.34586694836616516,0.19671016931533933,9.695075988769531
1785982631.4177728,-0.014338397420942783,0.09870278835296631,0.02498374506831168,-0.13159167766571045,0.22933319211006284,9.72087287902832
1785982631.441763,-0.011076687835156918,0.08779960125684738,0.019257040694355954,-0.06015948951244354,-0.09314378350973007,10.027280807495117
1785982631.458763,0.006146363914012909,0.0824415385723114,0.012806766666471948,-0.6938859820365906,-0.026533067226408753,9.461309432983398
1785982631.476763,0.019943971186876297,0.09442957490682602,0.007892350666224944,0.9094967246055603,-0.07839388400316115,10.090987205505371
1785982631.4987628,0.04074857011437416,0.07806113362312317,0.00014704361092298266,-0.07182316482067108,-0.057948514819143995,9.870150566101074
1785982631.516763,0.09810229390859604,0.06565654277801514,0.003932543098926536,0.023341715335845947,-0.1160113885998714,9.760486602783203
1785982631.5397527,0.12445908784866333,0.07693924754858017,0.0033364892005920315,0.255245566368103,-0.1879783719778049,9.81991958618164
1785982631.5577526,0.11412788182497025,0.05911540240049362,0.008911497890949242,0.11793200671672821,-0.3599961996078479,9.930460929870605
1785982631.5807526,0.0963987484574318,0.06619442254304886,0.003291419707238666,-0.5307380557060242,-0.4055435061454761,9.79924201965332
1785982631.5987527,0.08068612217903137,0.03700625151395798,0.004680856596678491,-1.9410487413406372,0.7761675119400037,9.567601203918457
1785982631.6217527,0.04395786672830582,0.007140783127397298,-0.006101411301642657,-1.048915982246399,-0.7572566270828235,10.049402236938477
1785982631.638743,0.03628510236740112,-0.0012385251466184872,-0.014066836796700954,-0.7211745381355286,0.23100554943084836,9.737143516540527
1785982631.656743,0.01843983307480812,-0.006161779165267945,-0.007747804280370473,-0.45642566680908203,-0.2311938405036914,9.881134986877441
1785982631.679743,-0.0002697315067052841,0.01651333086192608,-0.012856200337409975,0.21763865649700165,-0.10222591459751008,9.80881404876709
1785982631.697743,0.010054606944322586,-0.0033694375306367887,-0.010768137872219086,0.3095816969871521,0.3594487607479107,9.677541732788086
1785982631.720743,0.018953468650579453,0.0049056089483201495,-0.006505560595542193,-1.0038923025131226,0.24970039725303766,9.628314018249512
1785982631.737733,0.05028513818979263,0.03197271749377251,-0.015271513722836975,1.5586634874343872,0.0972534120082867,9.671805381774902
1785982631.760733,0.05947566032409668,0.0512654073536396,-0.009164595976471908,1.5586634874343872,0.0972534120082867,9.671805381774902
1785982631.778733,0.06696277856826782,0.06335493922233582,-0.01742870174348355,-0.3676667809486389,-0.03414747118949772,9.629042625427246
1785982631.795733,0.09243293106555939,0.04408368095755577,-0.014418181963264947,-0.18141157925128937,-0.24820098280906558,9.844785690307617
1785982631.819733,0.08527117967605591,0.03888271003961563,-0.004586757626384501,-1.6618447303771973,0.7446922063827527,9.52352523803711
1785982631.836733,0.10861221700906754,0.006743369624018667,-0.012539559043943882,1.2636750936508179,-0.3839374184608448,9.603713989257812
1785982631.854733,0.13789436221122742,-0.008540938608348371,-0.019101442769169807,0.12159605324268341,-0.08552053570747258,9.616540908813477
1785982631.877733,0.12116540968418121,0.0023026703856885416,-0.01436710823327303,-2.2600979804992676,0.9948253631591809,9.6561279296875
1785982631.8957329,0.09420467913150787,0.03740837797522544,-0.03328781202435494,-0.6275060176849365,0.29911991953849915,9.91430950164795
1785982631.918733,0.07051451504230499,0.035180892795324326,-0.020912416279315952,-0.501494824886322,-0.34442716836929205,9.707183837890625
1785982631.9357235,0.049042459577322006,0.025444099679589268,-0.020325630903244022,-0.12721097469329834,-0.07382665574550508,9.811088562011719
1785982631.9597235,0.04750591516494751,0.03095331415534019,-0.01474228594452143,-0.4946640133857727,-0.1673620492219913,9.828332901000977
1785982631.9767234,0.052816662937402725,0.06483866274356842,-0.005687592551112183,-0.7254838347434998,0.21045556664466977,9.70174503326416
1785982631.9997234,0.06252394616603851,0.08243725448846817,-0.00330569501966239,0.5131956338882446,-0.7291284799575793,10.077716827392578
1785982632.0167236,0.06048392131924629,0.08063080906867981,0.0012914561666548152,0.13301271200180054,0.13151255249977228,9.597065925598145
1785982632.0407138,0.0542755052447319,0.12793263792991638,0.006655433215200885,0.26750266551971436,-0.010476827621458743,9.948531150817871
1785982632.0577137,0.04748508334159851,0.1522613912820816,0.011259710416197758,0.8740746974945068,-0.9067131280899036,10.34394359588623
1785982632.0757139,0.0422833152115345,0.1276305913925171,0.01601003669202326,0.8740746974945068,-0.9067131280899036,10.34394359588623
1785982632.0987139,0.051303379237651825,0.08885263651609421,0.011517870239913453,-0.1865512579679489,-0.6565546989440906,9.964418411254883
1785982632.1157138,0.0690099447965622,0.0660819485783577,0.007409357931464903,-0.8375692367553711,0.1475701630115521,9.73487377166748
1785982632.1567047,0.10016460716724396,0.012866847217082979,0.019005388021469116,-0.4338168203830719,0.2069040536880505,9.831575393676758
1785982632.1747046,0.11784987151622772,-0.004027876537293192,0.027737800031900406,-0.23329967260360718,-0.03440353274345278,9.814440727233887
1785982632.1977046,0.10056953132152557,0.01733176037669182,0.03091996908187866,1.94749915599823,-0.15881632268428678,10.203271865844727
1785982632.2217045,0.07908239960670471,0.008332848548889164,0.034809477627277374,-1.2181862592697144,0.5640363693237317,9.601037979125977
1785982632.238695,0.05892371013760567,0.01065618544816971,0.021082960069179535,-0.6218163371086121,0.45764347910881165,9.837335586547852
1785982632.261695,0.034464672207832336,0.02196690253913403,0.020317193120718,-0.7422666549682617,-0.14481174945831182,9.507757186889648
1785982632.2796948,-0.010944059118628502,0.02586283162236214,0.016755584627389904,-1.0102527141571045,0.4735035002231609,9.015558242797852
1785982632.2966948,-0.02401401847600937,0.02173399925231934,0.021272979676723477,-0.2277851700782776,0.2031172811985028,10.005095481872559
1785982632.3196948,-0.029360372573137283,0.010170856490731241,0.01896791160106659,-0.26639804244041443,-0.2937402129173267,9.72162914276123
1785982632.3606846,-0.08118660748004913,-0.016304580494761464,0.017122156918048862,-0.057824864983558655,-0.0034672021865832644,9.865134239196777
1785982632.3786845,-0.0900365561246872,-0.03622276708483696,0.009519389830529695,-0.6374915838241577,-0.14238379895686987,9.60550308227539
1785982632.3956847,-0.09127937257289886,-0.04170474410057068,0.00642567733302713,-0.16448256373405457,0.4256403744220746,9.880471229553223
1785982632.4196846,-0.09252487123012543,-0.055251047015190125,-0.0018531712703406744,2.2655181884765625,-0.09713336080312605,10.085724830627441
1785982632.4366746,-0.0754723995923996,-0.05321374908089638,-0.0012119032908230955,0.3119822144508362,-0.621527850627898,10.263213157653809
1785982632.4596746,-0.07403163611888885,-0.055425845086574554,-8.641125168650663e-05,0.03918233513832092,-0.24432408809661743,10.04043960571289
1785982632.4766746,-0.06043301150202751,-0.0585995577275753,-0.010045880451798432,0.03918233513832092,-0.24432408809661743,10.04043960571289
1785982632.5006747,-0.06637225300073624,-0.04779509827494621,-0.010270819067955012,0.03918233513832092,-0.24432408809661743,10.04043960571289
1785982632.5176747,-0.03984035924077034,-0.04106999188661575,-0.013141949661076064,-0.7870804071426392,1.3583151102066051,9.12657356262207
1785982632.558664,-0.018785975873470306,-0.03558804467320442,-0.010862865485250945,-0.3006945252418518,0.3524475991725934,10.003426551818848
1785982632.575664,-0.01739981770515442,-0.04186873137950897,-0.011284424923360343,-0.5804786682128906,-0.012651905417441114,9.861326217651367
1785982632.5996642,-0.018180351704359055,-0.05347138270735741,-0.007344359531998627,-0.26645803451538086,0.5073572397232068,9.642032623291016
1785982632.6166642,-0.013097913935780525,-0.05894160270690918,-0.015733625739812844,-1.0042822360992432,-0.36751642823219177,9.830856323242188
1785982632.6406553,-0.01030685193836689,-0.07608337700366974,-0.00982969067990779,-0.18532904982566833,0.535657048225404,9.72898006439209
1785982632.6576552,-0.03294941410422325,-0.0483245775103569,-0.009663156233727927,-0.987881064414978,-1.006998538970946,10.303685188293457
1785982632.6756551,-0.030516665428876877,-0.030927605926990513,-0.014590994454920288,-0.2797803282737732,0.06280910968780638,9.872354507446289
1785982632.715655,-0.02712814137339592,-0.018544677644968033,-0.009450656361877917,1.2694898843765259,-1.1994231939315783,10.371192932128906
1785982632.7386456,-0.028390541672706604,-0.019599581137299538,-0.01079814229160547,-0.06073419749736786,-0.21996827423572424,9.58697509765625
1785982632.7566454,-0.010683786123991013,-0.018009521067142487,-0.012471789494156836,0.12832359969615936,0.24360947310924647,9.55747127532959
1785982632.7806454,-0.017306793481111526,0.003537212265655397,-0.010654759593307972,-0.747674822807312,0.09396128356456877,9.851897239685059
1785982632.7976453,-0.011290684342384338,0.0015397423412650817,-0.005707291420549154,-0.8593632578849792,0.31343066692352417,9.795750617980957
1785982632.8206453,0.005812820978462696,-0.01071024686098099,-0.011624042876064776,-0.5450709462165833,0.3103643059730542,9.878336906433105
1785982632.8386357,0.011066694743931293,-0.010588213801383972,-0.00584846781566739,-0.34989699721336365,-0.2512675821781146,9.866759300231934
1785982632.8556356,0.03251411393284798,-0.020919863134622574,-0.011015839874744414,-0.2626865804195404,0.22834815084934354,9.802395820617676
1785982632.8796358,0.028064966201782227,-0.016879301518201828,-0.00318522425368428,0.6484708189964294,-0.07876198738813277,10.09622859954834
1785982632.8966358,0.02555854246020317,-0.021110963076353073,-0.004981385543942449,0.4740522503852844,-0.46786636114120367,9.71697998046875
1785982632.9196358,0.026775572448968887,-0.01871764473617077,-0.004258708097040651,-0.6359496116638184,0.4430312514305127,9.77731704711914
1785982632.938626,0.022672586143016815,-0.034464336931705475,0.0020632990635931535,-0.7618893980979919,0.203860864043237,9.941133499145508
1785982632.961626,0.03907344117760658,-0.017507033422589302,-0.010905650444328783,-1.001457929611206,0.2036050707101834,9.91588306427002
1785982632.978626,0.051438041031360626,-0.011595840565860271,-0.0026843966916203486,-0.6283701658248901,0.32116281986236694,9.828554153442383
1785982632.996626,0.041383713483810425,-0.01632922887802124,0.0025698472745716593,-0.1537289023399353,-0.3151125609874713,9.896410942077637
1785982633.019626,0.019868895411491394,-0.026637574657797813,0.0034975297749042546,-0.5656149983406067,-0.2112293839454639,9.80340576171875
1785982633.036617,0.0120600750669837,-0.010353568941354752,-5.9834914281963035e-05,-0.10594766587018967,0.253886938095094,9.80436897277832
1785982633.060617,0.005187930539250374,0.008076271042227745,0.00042115582618862293,-0.265586256980896,0.03432789444923521,9.810452461242676
1785982633.077617,-0.020780649036169052,-0.002640608930960297,0.003775923047214747,1.0655314922332764,0.1721130758523953,9.753085136413574
1785982633.100617,-0.014514297246932983,0.013556755147874355,-0.0007786267669871466,-0.4168396592140198,0.6530340909957898,9.71031379699707
1785982633.118617,-0.02957841381430626,0.002132787369191647,0.0022261515259742732,-0.49353134632110596,0.10814763605594753,9.669607162475586
1785982633.1416073,-0.04335189610719681,0.024973558261990547,-0.00897371303290129,0.24439211189746857,0.7357019782066357,9.570500373840332
1785982633.1596074,-0.05261321738362312,0.024671027436852455,-0.004230080638080838,0.15565435588359833,0.3162479400634778,9.805473327636719
1785982633.1826074,-0.05768592655658722,0.05189577490091324,0.001270624925382429,-1.2890784740447998,-0.2080532014369953,9.605887413024902
1785982633.1996074,-0.06844976544380188,0.0637054443359375,-0.002400546334683903,-0.6803579926490784,-0.18129119277000305,9.867765426635742
1785982633.2176073,-0.0641569122672081,0.017633030191063884,0.016324769705533978,-0.5492308139801025,0.29178500175476196,10.047494888305664
1785982633.240598,-0.04909233748912811,-0.01642574556171894,0.0002260875189676901,-0.46752840280532837,0.2548989653587353,9.740751266479492
1785982633.2575982,-0.041175469756126404,0.0009788891766220344,0.009926681406795979,-0.7976022958755493,0.15685652196407435,9.559280395507812
1785982633.275598,-0.03981691598892212,0.008100273087620737,0.013775931671261786,-1.1109315156936646,0.2531127929687512,9.89555835723877
1785982633.298598,-0.009248750284314156,0.0012330799363553537,0.011235368438065052,-0.5681692957878113,-0.24375024437904236,10.079435348510742
1785982633.315598,0.007946754805743694,-0.004101472906768319,0.020511018112301826,-0.35708701610565186,0.45284539461135986,9.826676368713379
1785982633.3395889,0.0019069043919444084,0.010986631736159328,0.0252674613147974,0.1701623946428299,-0.15793916583061096,10.059148788452148
1785982633.3565888,-0.0028190179727971554,0.023755528032779697,0.026050338521599766,-2.8854548931121826,-0.10995069891214253,9.625833511352539
1785982633.3795888,-0.02118491753935814,0.013892154209315779,0.015847617760300636,-0.533395528793335,-0.02822574973106262,9.985196113586426
1785982633.397589,-0.016314275562763214,0.009416152723133566,0.015622191131114958,-0.2694374918937683,0.6005953550338757,9.738153457641602
1785982633.414589,-0.032887764275074005,0.01177443191409111,0.006513118278235195,-0.2694374918937683,0.6005953550338757,9.738153457641602
1785982633.4385793,-0.029355954378843307,0.00881085265427828,0.011729587800800799,0.41665762662887573,-0.39095759391784546,9.853323936462402
1785982633.4785793,-0.02730727195739746,0.008878967724740507,0.012515354901552199,-0.567276120185852,0.5291628241539014,9.565098762512207
1785982633.4965794,-0.03858514130115509,0.020260728895664215,-0.0027240132912993457,-0.47324538230895996,0.2619747519493115,9.810879707336426
1785982633.5195794,-0.017568262293934822,0.011248101480305195,0.0005647839279845343,0.5096492171287537,-0.46356594562530395,9.760563850402832
1785982633.5375695,-0.0049507515504956245,-0.01047258544713259,-0.007640100084245204,-1.5675280094146729,-0.789850592613219,9.88249683380127
1785982633.5545695,0.002909901551902294,-0.008816833607852459,-0.006051759235560893,-0.08922809362411499,0.7398683428764355,9.714240074157715
1785982633.5785694,-0.005706995725631714,-0.02621804177761078,-0.005465367343276736,-1.8529045581817627,-0.6808415651321399,10.010130882263184
1785982633.6005695,-0.0011084605939686298,-0.018417183309793472,-0.00982690881937742,-0.3207661509513855,-0.2053132504224765,9.953701972961426
1785982633.6185694,0.01969938725233078,-0.027312837541103363,-0.008333600126206871,-0.6493149399757385,-0.5769723653793323,9.77593994140625
1785982633.6415596,0.002531447447836399,-0.047366514801979065,-0.0007770267548039497,-0.28837069869041443,0.25734323263168457,9.815900802612305
1785982633.6595597,-0.012940463609993458,-0.02135600708425045,-0.008028322830796238,-0.6934798955917358,-0.23717257380485415,9.851381301879883
1785982633.6775596,-0.009323567152023315,0.0002730315318331122,-0.0006397819961421192,1.1111409664154053,1.2642918825149547,9.351316452026367
1785982633.7005596,-0.007806840352714062,0.003820785554125905,-0.0009122788324020807,-0.7933687567710876,0.6258959770202648,9.494695663452148
1785982633.7175596,-0.0114341014996171,0.006373470649123191,-0.005738818086683751,-1.2110748291015625,0.04644764959812284,9.748041152954102
1785982633.7415502,-0.008873917162418365,0.022292381152510643,-0.005745099391788247,-0.13414496183395386,-0.17328932881355166,9.701067924499512
1785982633.7585502,0.018052250146865845,0.015640204772353172,-0.0035624792799353617,0.5729452967643738,-0.9420329332351672,9.696806907653809
1785982633.7765503,0.018077000975608826,-0.0019579178187996145,0.0018898656126111748,-0.09546873718500137,0.1192765086889279,9.895798683166504
1785982633.7995503,0.022427372634410858,0.001095467247068881,-0.009261468425393105,0.16518020629882812,-0.19342675805091739,9.650568008422852
1785982633.8165503,0.032097622752189636,-0.012988434173166752,-0.0023656738921999914,-1.3918969631195068,0.06297855079174162,9.866446495056152
1785982633.8395412,0.028446145355701447,-0.012119650840759277,0.0030562463216483606,-0.28971564769744873,0.032807677984238864,9.727797508239746
1785982633.8575413,0.041994284838438034,-0.021565163508057594,0.0062082009389996555,-0.6981714367866516,0.04169227182865262,9.747248649597168
1785982633.8805413,0.03825484588742256,-0.04410969838500023,-2.763239899649676e-05,0.5688633322715759,0.12339620292186859,9.977319717407227
1785982633.8985412,0.05553600564599037,-0.03588087856769562,0.004156737588346009,-1.339982509613037,0.3562325835227978,9.636496543884277
1785982633.9155412,0.05927833542227745,-0.025651466101408005,0.003912221640348438,1.1862659454345703,-0.2152550816535938,9.61804485321045
1785982633.9385316,0.04975700005888939,-0.026037782430648804,-0.0012303004041314093,-0.4380653500556946,0.26859879493713495,9.64111042022705
1785982633.9785316,0.04276024177670479,-0.022875813767313957,0.0013983845710754423,-0.4810788929462433,-0.3145891427993763,9.446883201599121
1785982633.9965315,0.03692823275923729,-0.013826333917677402,0.0054957708343863505,-0.12761670351028442,0.509166479110719,9.6524658203125
1785982634.0195315,0.03846259415149689,0.009731550700962543,-0.0036032199859619154,-0.20430687069892883,0.6588950753211986,9.48984432220459
1785982634.0375223,0.036345284432172775,0.04122891277074814,-0.00039873825153336433,-0.41542840003967285,0.08906264603138091,9.895296096801758
1785982634.0605223,0.025890279561281204,0.024734560400247574,0.008684127591550347,-0.5256959199905396,0.013670340180398215,9.644798278808594
1785982634.0775223,-5.390588194131851e-05,0.02354338765144348,0.008973913267254826,-0.34574031829833984,0.11862923204898955,9.811464309692383
1785982634.0955224,-0.02286401577293873,0.014764862135052683,0.007548338733613489,-0.6772414445877075,0.056772217154504055,9.706464767456055
1785982634.1365125,-0.014326933771371841,-0.0066844001412391645,0.013691895641386509,-0.7926297783851624,-0.08066193014383194,9.953906059265137
1785982634.1595125,-0.008416869677603245,0.010349044576287271,0.008036982268095015,0.864459216594696,0.9904883503913892,9.643280029296875
1785982634.1775126,-0.010757509618997574,0.014422082342207434,0.017325673252344128,-0.6026262044906616,-0.16807866096496463,9.655479431152344
1785982634.2005126,-0.009921001270413399,-0.00232935626991093,0.01420729048550129,-0.27150148153305054,0.43680292367935303,9.909021377563477
1785982634.2175126,-0.033136043697595596,0.0218120738863945,0.008537076413631436,0.004393219947814941,0.8194990158081067,9.710763931274414
1785982634.2415037,-0.0279255211353302,0.012692381627857687,0.020528241991996765,-0.3468266725540161,0.2673918008804333,9.598780632019043
1785982634.2585037,-0.006316107697784901,0.02200210653245449,0.011413937434554097,-0.48227155208587646,-0.21588413417339206,9.819845199584961
1785982634.2815037,0.0065500689670443535,0.00421339087188244,0.014492467977106571,-2.54213809967041,0.6860889792442333,9.397317886352539
1785982634.2985036,-0.009462484158575535,0.0032067352440208214,0.012501862831413746,-0.3458773195743561,0.4018804430961621,9.806467056274414
1785982634.3165035,-0.023549718782305717,0.00476572569459677,0.018511028960347176,-0.5551943778991699,0.248013421893121,9.823975563049316
1785982634.340494,-0.030321381986141205,-0.009967255406081675,0.019095679745078087,-0.7964102029800415,-0.05430628359317658,9.916316032409668
1785982634.3574939,-0.040324658155441284,0.00578636769205332,0.016883671283721924,0.09694834053516388,-1.1139632463455187,10.26552677154541
1785982634.375494,-0.027030806988477707,0.006952447816729547,0.017044292762875557,-0.7611852288246155,-0.2783778309822071,9.68348217010498
1785982634.416494,-0.0343666635453701,0.012024112045764925,0.012545813806354998,1.174147605895996,-0.44872778654098383,10.400132179260254
1785982634.4394841,-0.02181144803762436,0.025682402774691585,0.017752425745129582,-0.7506632804870605,-0.039958417415617675,9.945613861083984
1785982634.4804842,-0.024179700762033463,0.01961665041744709,0.01022563874721527,-0.4634457528591156,0.011619403958321827,9.869452476501465
1785982634.4974842,-0.021585911512374878,0.020324841141700745,0.006260287947952745,-0.880085289478302,0.7924734354019177,9.770954132080078
1785982634.515484,-0.01756707951426506,0.015465545468032362,0.011830768547952173,-0.5488932132720947,0.46451121568679926,9.679230690002441
1785982634.5374749,-0.021182285621762276,0.008680375292897226,0.00810512341558933,-0.5043923854827881,-0.6752704977989185,9.994363784790039
1785982634.555475,-0.025329384952783585,0.005246804095804692,0.009759615175426006,-0.6738937497138977,0.33702206611633423,9.78104305267334
1785982634.578475,-0.03173292428255081,-0.009077644906938074,0.014740209095180036,-0.7812262177467346,0.5358694195747388,9.77208423614502
1785982634.596475,-0.043817732483148575,0.00979574304074049,0.0006907509523443866,-0.38293972611427307,0.3745658397674573,9.828564643859863
1785982634.619475,-0.037448517978191376,-0.014384937472641466,0.011961178854107858,-0.4563521146774292,0.38229143619537476,9.81070613861084
1785982634.6374633,-0.050398241728544235,-0.006341935135424136,0.00495176948606968,-0.46581774950027466,0.02532276511192442,9.826909065246582
1785982634.6604633,-0.040860071778297424,-0.008358112536370754,-0.0018528464715927828,0.5664846301078796,0.4057697355747235,9.783891677856445
1785982634.6784635,-0.03352684900164604,-0.029598306864500046,0.000216187676414851,0.11755609512329102,-0.07550889998674269,10.092903137207031
1785982634.7014635,-0.031026087701320648,-0.03823062777519226,-0.007980744354426856,-0.14819860458374023,0.3090557754039776,9.723380088806152
1785982634.7184634,-0.03273793309926987,-0.034626398235559464,-0.00876992009580135,-0.18803854286670685,0.09424245357513548,9.847875595092773
1785982634.7424545,-0.020544905215501785,-0.03995265066623688,0.0005235967691987802,-0.2319541573524475,0.3998673260211957,9.83590316772461
1785982634.7594545,-0.02410668134689331,-0.04900013655424118,-0.005225147120654577,0.449695348739624,0.998147249221803,9.816764831542969
1785982634.7774544,-0.02208888903260231,-0.03878803551197052,-0.006058031227439638,-1.2609009742736816,0.09812912344932677,9.860570907592773
1785982634.7994545,-0.017934691160917282,-0.02454886958003044,-0.009783837944269177,-0.01904807984828949,0.29860341548919794,9.712894439697266
1785982634.8174546,-0.02136971801519394,-0.03182060271501541,-0.007466415874660012,-0.21666297316551208,-0.019668132066725495,9.729220390319824
1785982634.8404448,-0.017077423632144928,-0.01869829557836056,-0.016701256856322285,-0.4401063323020935,0.8075261116027843,9.444798469543457
1785982634.8584447,0.00879823137074709,-0.01485077850520611,-0.012822018936276434,-0.24736696481704712,0.25077572464943054,9.859694480895996
1785982634.8754447,0.007901583798229694,-0.018288908526301384,-0.010110124014317988,-1.314223051071167,0.8561594486236584,9.723978996276855
1785982634.8984447,0.009152109734714031,-0.028644241392612457,-0.013065916486084458,-0.28905951976776123,0.13717874884605527,9.795166015625
1785982634.9164448,0.007570737041532993,-0.040464695543050766,-0.011669660918414588,-0.60817950963974,0.6752024888992322,9.55208969116211
1785982634.9394448,-0.0005057519301772118,-0.04283541440963745,-0.018709572032093995,-0.2944386601448059,0.5268832445144666,9.615042686462402
1785982634.9574447,0.003575044684112072,-0.036089278757572174,-0.016067296266555783,-0.2944386601448059,0.5268832445144666,9.615042686462402
1785982634.9804447,0.007100362330675125,-0.03867122530937195,-0.0272731352597475,-0.8793416619300842,-1.0416717529296862,10.307049751281738
1785982634.9984448,0.02012300118803978,-0.03591982647776604,-0.02643857710063457,-2.931946277618408,0.3518523275852215,9.690911293029785
1785982635.0154448,-0.0021903617307543755,-0.016013566404581073,-0.021356925368309018,-2.931946277618408,0.3518523275852215,9.690911293029785
1785982635.0384347,-0.004027318675071001,0.0007121784728951716,-0.028988691046833992,-0.4755820631980896,0.131621837615968,9.673221588134766
1785982635.0554347,-0.01846587099134922,0.03757879883050918,-0.03044482879340649,-0.3693462014198303,0.6071107387542737,9.566360473632812
1785982635.0794346,-0.018821442499756813,0.04580840468406677,-0.02232960611581803,-0.9673483371734619,0.9448418617248547,9.950591087341309
1785982635.0964348,-0.04419262334704399,0.04462422803044319,-0.026745712384581573,-0.27881839871406555,-0.03755162656307099,9.89058780670166
1785982635.1204348,-0.062425315380096436,0.04804453253746032,-0.031183326616883285,-0.8140278458595276,0.3704033792018902,9.60017204284668
1785982635.1374247,-0.07077781111001968,0.03488653153181076,-0.02535277977585793,-0.7876032590866089,0.5234115123748792,9.741143226623535
1785982635.1554248,-0.06153777241706848,0.05073368176817894,-0.024248665198683746,-0.7667568325996399,0.13781660795211909,9.592330932617188
1785982635.1784248,-0.07954318821430206,0.05258546397089958,-0.02022859454154969,-1.4795877933502197,0.3009538650512707,9.726014137268066
1785982635.2014248,-0.0758168026804924,0.06127311661839485,-0.0036681215278804376,-0.8475473523139954,1.3208140134811412,9.435837745666504
1785982635.2194247,-0.0605233758687973,0.06661868840456009,-0.018305420875549323,-0.4881623387336731,0.1786208152771008,9.746641159057617
1785982635.2364147,-0.06932099908590317,0.07309908419847488,-0.006139877252280721,-0.4232485592365265,0.2876240611076367,9.777817726135254
1785982635.2604148,-0.084740549325943,0.08971002697944641,-0.015408530831336986,-0.36928799748420715,0.47059139609336975,9.751165390014648
1785982635.2774148,-0.08232307434082031,0.09749270230531693,-0.0020838642958551767,-0.1589726358652115,-0.2711699008941638,9.833623886108398
1785982635.3004148,-0.07459516823291779,0.10459209978580475,-0.0038171974010765683,0.20596027374267578,-0.03975684940814851,9.873366355895996
1785982635.3184147,-0.062240827828645706,0.10907404869794846,-0.001647840486839427,-0.6352157592773438,-0.917598485946654,9.852518081665039
1785982635.3354032,-0.061459701508283615,0.10988038033246994,-0.0017563612200319901,-1.2294964790344238,1.586123824119569,9.312137603759766
1785982635.3584032,-0.03897808864712715,0.11858261376619339,-0.0015698706265539076,-0.5874761343002319,0.032975971698762145,9.465921401977539
1785982635.3764033,-0.0474553257226944,0.12452315539121628,-0.0014989881310612115,-0.4953613877296448,0.22752797603607294,9.620329856872559
1785982635.3994033,-0.05113740637898445,0.07638686895370483,0.001983542693778863,-0.4953613877296448,0.22752797603607294,9.620329856872559
1785982635.4174032,-0.026022229343652725,0.08062273263931274,-0.0038943751715123753,-0.22350585460662842,0.8705940246582042,9.396477699279785
1785982635.4403944,-0.028446480631828308,0.05625263974070549,-0.0032877344638109277,0.03562849760055542,-0.3120149970054614,9.798795700073242
1785982635.4573944,-0.047093577682971954,0.05874767154455185,-0.0025109928101301267,-0.5466902256011963,-0.1915862262248981,9.732027053833008
1785982635.4813943,-0.02649814635515213,0.03370615094900131,-0.010532589629292492,-0.059743016958236694,0.9263247251510632,9.682833671569824
1785982635.5153942,-0.03701969236135483,0.014052867889404295,-0.01165275275707245,-0.8706217408180237,0.5775907039642346,9.686559677124023
1785982635.5393848,-0.05233904346823692,0.0021975887939333903,-0.01000549178570509,-0.7147001028060913,0.5912543535232556,9.58593463897705
1785982635.5563848,-0.05211051553487778,0.022220684215426445,-0.009045760147273544,-0.5068199634552002,-0.2333548367023456,9.833658218383789
1785982635.574385,-0.047132160514593124,0.02974340133368969,-0.010253741405904297,-1.4306564331054688,1.018584966659547,9.74685001373291
1785982635.597385,-0.06161912903189659,0.03596988320350647,-0.009629627689719205,-1.780041217803955,-1.0045379400253285,9.797675132751465
1785982635.6153848,-0.051277559250593185,0.0376540832221508,-0.014763629063963895,-0.4284284710884094,1.4951332807540905,9.249272346496582
1785982635.6553743,-0.04768753796815872,0.03817174211144447,-0.012358545325696474,-1.2125523090362549,0.3262718617916119,9.523274421691895
1785982635.6793742,-0.04257845878601074,0.014735229313373564,-0.017510155215859417,-1.8505778312683105,0.23991549015045283,9.45471477508545
1785982635.6963744,-0.06892191618680954,0.014538249000906943,-0.01658938452601433,1.5642611980438232,-1.1593292951583851,9.79935073852539
1785982635.7193744,-0.07104694843292236,-0.01766743697226048,-0.028853794559836384,-0.9869791865348816,-0.03128807246684906,9.98249626159668
1785982635.7373629,-0.06346452236175537,-0.0026400401256978547,-0.02761894464492798,0.4356245994567871,-0.21231141686439392,10.051665306091309
1785982635.7543628,-0.06750224530696869,-0.0037703374400734927,-0.01991155929863453,-1.6611355543136597,1.508170485496522,9.897156715393066
1785982635.7773628,-0.06223180145025253,0.008136256597936152,-0.016060084104537964,-0.47632020711898804,0.2687509655952466,9.797750473022461
1785982635.7953627,-0.053123489022254944,-0.00551037257537246,-0.022615574300289154,-0.47426050901412964,0.16616189479828003,9.883459091186523
1785982635.8193629,-0.04579254239797592,-0.0130328293889761,-0.034420717507600784,-0.888075590133667,0.0973020792007458,9.563990592956543
1785982635.8363504,-0.047192685306072235,0.0026618319097906325,-0.021960772573947906,-0.48190557956695557,0.1548614203929913,9.747367858886719
1785982635.8593504,-0.050640542060136795,0.021636538207530972,-0.024363871663808826,0.8728015422821045,0.5078809261322034,9.60539436340332
1785982635.8773506,-0.031354378908872604,0.03966868296265602,-0.021926587447524074,-1.661004662513733,-0.013682007789610658,9.459362030029297
1785982635.9003506,-0.030271630734205246,0.03491392359137535,-0.019317096099257473,-0.6741610765457153,0.5484454631805432,9.823173522949219
1785982635.9173505,-0.020034659653902054,0.032476868480443954,-0.019092284142971042,-0.6364597678184509,0.38831189274788025,9.880681037902832
1785982635.9353406,-0.023818623274564743,0.05121465399861336,-0.02280444465577603,-1.2362911701202393,0.6134306192398084,9.87850570678711
1785982635.9583406,0.005275229923427105,0.04579244554042816,-0.020321030169725425,0.2689991593360901,-0.22120016813278082,9.626492500305176
1785982635.9993405,-0.017492007464170456,0.04861826449632645,-0.017093749716877944,-1.165679693222046,0.16970297694206357,9.709395408630371
1785982636.0163405,-0.014453154057264328,0.029628481715917584,-0.014683363027870659,1.2945715188980103,0.08677229285240291,9.62830638885498
1785982636.0393302,-0.01874755509197712,0.025380367413163185,-0.011831363663077358,-0.36386263370513916,-0.11980123817920568,9.538619041442871
1785982636.0573304,-0.009366145357489586,0.024413177743554115,-0.01271411590278149,-0.37424784898757935,0.22853875160217405,9.78940486907959
1785982636.0743303,-0.001266169361770153,0.022734170779585835,-0.020711109042167667,-0.34978145360946655,-0.005933746695517294,9.792094230651855
1785982636.0983303,-0.01553701888769865,0.012486074119806288,-0.011360576376318933,0.9283572435379028,0.8203216791152966,9.69737720489502
1785982636.1153302,-0.023520860821008682,0.027549099177122113,-0.021082362160086635,-1.2232743501663208,-0.15753749012946963,9.840614318847656
1785982636.1383224,-0.025141246616840363,0.022285353392362595,-0.01370638702064753,-0.5051409006118774,-0.6119918823242175,9.796977043151855
1785982636.1563225,-0.0018287412822246552,0.037639036774635315,-0.022493219003081325,-0.574455738067627,0.9114660024642955,9.472381591796875
1785982636.1793225,0.0061972783878445625,0.044344887137413025,-0.024182468652725227,-1.553368091583252,0.7574729919433606,9.929295539855957
1785982636.1973224,0.008570834062993526,0.023392980918288227,-0.016897801309823993,-0.00014375150203704834,-0.8061113357543933,9.942641258239746
1785982636.2203224,0.0024064024910330772,0.02766666933894157,-0.01895370520651341,-0.19878682494163513,0.06884767115116237,9.614236831665039
1785982636.2373123,0.018102265894412994,0.008471759036183356,-0.020170630887150764,-0.43289315700531006,-0.06065914779901386,9.716986656188965
1785982636.2553124,0.011629345826804638,0.005139827728271483,-0.014529547654092312,-0.4679769277572632,0.15517875552177549,9.767931938171387
1785982636.2783124,0.0224832184612751,-0.004966153297573331,-0.01792011223733425,0.855012059211731,-0.7780666351318347,9.536650657653809
1785982636.2953124,-0.0015852665528655052,-0.006719913799315693,-0.016086651012301445,0.8292253017425537,0.881030559539796,9.35758113861084
1785982636.3183124,-0.0034039230085909367,-0.013473888859152797,-0.021546995267271996,-0.3687207102775574,-0.7323769330978381,9.856794357299805
1785982636.3363008,0.009080539457499981,-0.006396890152245762,-0.012558093294501305,-0.8262137770652771,-0.24902316927909732,9.768132209777832
1785982636.3593009,0.007926377467811108,0.010975921526551245,-0.019157899543642998,-0.5310246348381042,-0.743747830390929,9.686579704284668
1785982636.377301,0.004991360008716583,0.020464347675442696,-0.013180890120565893,0.0331123024225235,0.4188986122608197,9.964569091796875
1785982636.394301,0.008758078329265118,0.016627775505185127,-0.008289142511785032,-2.684357166290283,-0.3833262026309955,9.792006492614746
1785982636.417301,0.0016802987083792686,0.012064557522535322,-0.009731045924127104,-0.9635525345802307,-0.1382034271955478,10.001811027526855
1785982636.4412909,0.009265855886042118,-0.0032214391976594934,-0.006783605087548494,-0.4005572199821472,0.08984792232513544,9.544081687927246
1785982636.4582908,0.014789803884923458,0.006004849448800085,-0.01308076735585928,-0.09271543473005295,0.6255501508712781,9.916011810302734
1785982636.476291,0.021658115088939667,-0.007344610523432494,-0.010409872047603129,-2.5351040363311768,0.236270457506181,9.7864351272583
1785982636.499291,0.01480537187308073,-0.0009406836470589051,-0.008035972714424133,-1.100623607635498,-0.07271221280097838,10.111411094665527
1785982636.516291,0.011677070520818233,-0.011978378519415857,-0.012791283428668974,-1.5772085189819336,0.3866598904132855,9.911566734313965
1785982636.5402806,0.022117137908935547,-0.0328788235783577,-0.011318086646497246,-0.2501891851425171,0.36293199658393976,9.693775177001953
1785982636.5572805,0.030869685113430023,-0.00983056426048279,-0.01142995525151491,-1.2747081518173218,0.04623840749263888,10.187299728393555
1785982636.5802805,0.03739171102643013,-0.007682059425860646,-0.019412890076637268,-1.3239541053771973,0.5024621486663831,10.005642890930176
1785982636.5982807,0.04652503877878189,-0.018329862505197525,-0.005270286928862331,-0.25192081928253174,-0.4180749654769885,9.998068809509277
1785982636.6152806,0.0418052151799202,-0.026189805939793587,-0.009642408229410645,-0.3884226083755493,0.2991192638874066,9.89126205444336
1785982636.6392705,0.03904435411095619,-0.008919691666960716,-0.004014207981526851,-0.2405470311641693,0.7886788845062268,10.177190780639648
1785982636.6562707,0.04243357107043266,-0.009307909756898882,-0.01080118492245674,-1.8072094917297363,-0.31895262002944824,9.850764274597168
1785982636.6792707,0.056409306824207306,-0.0026742438785731797,-0.0035726232454180713,-0.539974570274353,-0.13361936807632324,9.897202491760254
1785982636.6972706,0.04615141823887825,0.009895029477775097,0.0017260011518374072,0.22366368770599365,0.2785623073577893,9.816401481628418
1785982636.7142706,0.051358357071876526,-0.009375004097819328,-0.0025470843538641917,-1.346656322479248,0.21941156685352445,9.654159545898438
1785982636.7382612,0.046766575425863266,0.02022717148065567,-0.012704685330390932,-2.5463082790374756,0.742911756038667,10.084189414978027
1785982636.7602613,0.04102267697453499,0.0053739300929009914,-0.0021185833029448995,-1.1557177305221558,-0.08538307994603993,9.593179702758789
1785982636.7782612,0.044436585158109665,0.009524437598884106,-0.0016690106131136428,-0.9255048036575317,0.30022037029266474,9.609827995300293
1785982636.796261,0.04669018089771271,0.00411313958466053,0.0005535542732104654,-0.6220199465751648,0.1901087313890469,9.776226997375488
1785982636.819261,0.022342544049024582,0.005801552440971136,0.0018028885824605816,-2.0646889209747314,0.22853903472423673,9.758708000183105
1785982636.8362513,0.018612105399370193,-0.02582738548517227,0.0029777204617857963,-1.131445288658142,-1.1975132226943959,9.632315635681152
1785982636.8592513,0.02604275941848755,-0.021897803992033005,0.006634218618273738,-0.46428272128105164,0.11227156221866727,9.73721694946289
1785982636.8772511,0.010565469041466713,-0.03549596667289734,0.003127818461507563,-0.5260665416717529,0.13762904703617215,9.669230461120605
1785982636.9002512,0.013698894530534744,-0.009479140862822533,-0.002104947110638021,-1.4502437114715576,-0.022436901926993106,9.945537567138672
1785982636.9182513,0.004052547737956047,-0.02250060997903347,0.014088137075304989,-0.3166515827178955,-0.2293472886085498,9.940649032592773
1785982636.9352412,0.0008408995345234871,-0.024388400837779045,0.00229853764176369,-0.3166515827178955,-0.2293472886085498,9.940649032592773
1785982636.9592412,-0.014916942454874516,-0.026474980637431145,0.013813098892569545,-1.3138376474380493,0.4457170963287365,9.666338920593262
1785982636.976241,-0.009492816403508186,-0.025319110602140423,0.016729129478335384,-0.37269437313079834,-0.16739152371883273,9.777572631835938
1785982636.999241,-0.028001077473163605,-0.020714253187179565,0.008739884942770006,-0.2476223111152649,-0.3046965003013599,9.604592323303223
1785982637.0162413,-0.015899289399385452,-0.01770203746855259,0.010743290185928346,-0.7035828828811646,0.0696776360273373,9.669702529907227
1785982637.040232,0.00030507892370224,-0.01964838244020939,0.009642021730542185,-1.5991430282592773,1.1714296340942396,10.100565910339355
1785982637.058232,0.016985125839710236,-0.006668482441455123,0.01776992715895176,-1.0353747606277466,-0.6193156242370593,9.926104545593262
1785982637.075232,0.01454155147075653,0.00948368012905121,0.01496046409010887,-1.242136836051941,0.4286659359931958,10.055842399597168
1785982637.098232,0.035255733877420425,-8.049444295465845e-05,0.008264172822237015,-2.0368587970733643,0.3723932504653943,9.8607177734375
1785982637.121232,0.02732359617948532,-0.008917720057070254,0.015242436900734903,-0.9137448072433472,0.2745636105537426,9.705018997192383
1785982637.1392224,0.0211946964263916,-0.015768209472298622,0.01093324273824692,-0.5862565040588379,0.13867570459842804,10.074097633361816
1785982637.1562223,0.0349104218184948,-0.034118037670850754,0.014350738376379017,-1.513538122177124,0.1631772965192807,10.013622283935547
1785982637.1802223,0.03186102584004402,-0.03778824955224991,0.021980160847306255,-0.42253297567367554,-0.43909919261932256,9.693900108337402
1785982637.1972222,0.02751750499010086,-0.035403911024332047,0.008636415004730228,-0.41401028633117676,-0.1580701470375049,9.827095985412598
1785982637.2152224,0.011862918734550476,-0.04213477298617363,0.020708810538053516,-1.1270859241485596,0.08468852937221645,9.612711906433105
1785982637.2382128,0.00027671828866004944,-0.047439008951187134,0.021537713706493385,-0.3959586024284363,-0.12622596323490026,9.628341674804688
1785982637.2562127,-0.006051337346434593,-0.01633878983557224,0.01577822305262089,-0.2896227240562439,-0.09710886329412341,9.704580307006836
1785982637.2792127,-0.014008729718625546,-0.009943388402462002,0.025149516761302948,-1.042381763458252,1.1358294486999525,10.119194030761719
1785982637.2972128,-0.019625384360551834,0.01166575308889151,0.023302465677261353,-0.2559143602848053,-0.44473314285278204,9.675317764282227
1785982637.3202128,-0.004271800629794598,0.003722405992448332,0.016695020720362663,-0.2451314777135849,0.07046049833297849,9.7093505859375
1785982637.337201,-0.007220531813800335,0.0038445289246737987,0.023471828550100327,-1.317555546760559,0.13723802566528442,10.067133903503418
1785982637.361201,0.004178322851657867,0.013586993329226972,0.018845397979021072,-1.317555546760559,0.13723802566528442,10.067133903503418
1785982637.378201,-0.00045366398990154266,0.01857288368046284,0.021363329142332074,-0.7773040533065796,1.1124701499938978,10.03908634185791
1785982637.395201,-0.011528121307492256,0.005018901079893115,0.02306448295712471,0.38165852427482605,0.11278170347213866,9.869608879089355
1785982637.4192011,-0.00858922116458416,-0.007380800321698186,0.02127942629158497,0.18605905771255493,-0.853172719478606,9.818041801452637
1785982637.4361916,-0.008736491203308105,-0.022269405424594876,0.018713479861617092,0.9115694761276245,0.6573663353919995,9.616514205932617
1785982637.4591916,-0.008429021574556828,-0.009345386177301407,0.005531811621040107,-0.42061010003089905,0.40525841712951777,9.680181503295898
1785982637.4771914,-0.013866071589291096,-0.014977185055613516,0.019649656489491466,-0.1489907205104828,-0.22591015696525454,9.686774253845215
1785982637.5001915,-0.003872133791446686,0.00785340089350939,0.012684701941907404,0.7728933095932007,0.6354234814643872,9.880030632019043
1785982637.5181916,-0.008096521720290184,-0.011431564576923845,0.011042538098990919,-1.5163229703903198,-0.20578280091285586,9.7171630859375
1785982637.5411794,-0.02227230742573738,-0.020971523597836494,0.0100666880607605,-0.5098211169242859,0.033345207571984524,9.68701171875
1785982637.5581796,-0.008218849077820778,-0.008313827216625212,0.007680948358029128,-0.3280513882637024,0.3175459206104291,9.938583374023438
1785982637.5761795,-0.015439472161233425,-0.026746766641736027,0.017293170094490055,-1.7445074319839478,0.3289235830307019,9.94485855102539
1785982637.5991795,-0.0224839448928833,-0.020128479227423668,0.0117168165743351,-0.7547640800476074,-0.21974213421344638,9.821349143981934
1785982637.6161795,-0.03634895756840706,-0.019304994493722916,0.012557343579828741,-0.39858317375183105,0.4077877402305615,9.83045768737793
1785982637.6401696,-0.035727690905332565,-0.020958876237273213,0.01574964448809624,-0.9372701644897461,-0.22766704857349274,9.962332725524902
1785982637.6571696,-0.01839498057961464,-0.021077781915664673,0.00676250131800771,-0.2235596776008606,-0.6737655401229846,9.673575401306152
1785982637.6751695,-0.019735660403966904,-0.017393741756677628,0.007135086227208378,-0.718438982963562,0.23633432388305783,9.789717674255371
1785982637.6981695,-0.021258093416690826,-0.023988837376236916,0.00405065203085542,-0.6036409139633179,-0.02259674668311951,9.939072608947754
1785982637.7151694,-0.007629796862602234,-0.01330486685037613,-0.003092393744736908,-1.1109806299209595,0.005570739507676368,9.773181915283203
1785982637.7391593,-0.00579096470028162,-0.00760662741959095,-0.002471050713211297,-0.41591596603393555,-0.1938215792179096,9.44902229309082
1785982637.7561593,0.0073902541771531105,-0.00018005270976573345,-0.009557067416608334,-0.21692678332328796,-0.1389209032058704,9.80211067199707
1785982637.7791593,0.022925324738025665,0.004949387162923812,-0.009709382429718971,-0.07582902908325195,0.10940554738044858,9.69303035736084
1785982637.7971592,0.027398280799388885,-0.009613998234272003,-0.005159728229045867,-0.8287721276283264,-0.3533031344413745,9.953377723693848
1785982637.8141594,0.009277857840061188,-0.009639145806431772,-0.009757101535797117,0.33167922496795654,0.6953189373016369,9.298864364624023
1785982637.8371494,0.024595193564891815,-0.00856382492929697,-0.006395392585545777,-0.4163826107978821,0.09618200361728788,9.718303680419922
1785982637.8551493,0.011249234899878502,-0.011034173890948297,-0.009780233725905417,-0.679951548576355,-0.21942339837550998,9.684504508972168
1785982637.8781493,0.003458382561802864,-0.02272621914744377,-0.011231286451220509,-0.7208943367004395,-0.023254588246344333,9.693629264831543
1785982637.8961494,0.009349938482046127,-0.015506414696574211,-0.006576943676918743,-1.8520960807800293,0.21407683193683744,9.654946327209473
1785982637.9191494,0.012138903141021729,-0.0213722363114357,-0.005093531683087346,-0.7458938360214233,-0.09272041916847107,10.020696640014648
1785982637.937139,0.01852642372250557,-0.019750213250517845,-0.01259823516011238,-0.8018841743469238,-0.04672949016094089,9.661539077758789
1785982637.960139,0.03378526121377945,-0.03271585702896118,-0.015859648585319516,0.40249836444854736,-0.28261381387710455,9.497119903564453
1785982637.9781392,0.0461546890437603,-0.030561532825231556,-0.017398826777935025,-0.2933574914932251,-0.11122201383113743,9.630583763122559
1785982638.0011392,0.041034433990716934,-0.03183557093143463,-0.018710665404796597,-0.2933574914932251,-0.11122201383113743,9.630583763122559
1785982638.0181391,0.034832630306482315,-0.023157846182584766,-0.01846261881291866,-1.212450623512268,-0.11463318765163304,9.6364164352417
1785982638.0361292,0.024143453687429428,-0.02172009274363518,-0.018278902396559712,-0.24206167459487915,-0.25691580772399786,9.35126781463623
1785982638.0601294,0.012620067223906517,-0.014846409671008589,-0.015215000137686728,-0.03997087478637695,-0.041638001799582276,9.47342586517334
1785982638.0771294,-0.001498923171311617,-0.007716549094766379,-0.010087262839078901,-0.8356291055679321,0.06967781484127165,9.817474365234375
1785982638.0941293,-0.018532712012529373,0.008075113408267496,-0.00974204018712044,0.14294375479221344,-0.26658383011817816,9.62171459197998
1785982638.1181293,-0.01870085671544075,0.01175130996853113,-0.01689583994448185,0.8946774005889893,0.02663238346576809,9.650247573852539
1785982638.1581194,-0.031340379267930984,0.013066286221146582,-0.013355715200304987,-0.3295622766017914,-0.13585215806960943,9.451774597167969
1785982638.1761193,-0.006922646425664425,0.01374267041683197,-0.006816756445914509,-0.46456313133239746,-0.5133574008941638,9.875788688659668
1785982638.1991193,0.012767305597662926,0.005473153665661811,-0.005489842500537635,-0.3736121356487274,-0.13753959536552313,9.513978004455566
1785982638.2171195,-0.0006696083582937717,-0.01166197843849659,-0.0007262335857376442,-0.5581412315368652,0.38409402966499445,9.461177825927734
1785982638.2401097,0.014254031702876091,-0.009398061782121657,0.008330155164003374,-1.1309444904327393,-0.21575477719306824,10.083767890930176
1785982638.2581096,0.0065689124166965485,-0.0009538105805404482,0.0014660786837339403,-0.835928201675415,-0.14943021535873294,9.792252540588379
1785982638.2801096,0.01820250414311886,-0.0005847195279784492,0.007128537632524967,-0.9762241840362549,-0.09290719777345538,9.773467063903809
1785982638.2981095,0.011672364547848701,0.011502109467983248,0.01574147678911686,-0.32048583030700684,0.19261687994003412,9.608048439025879
1785982638.3151097,0.009417122229933739,0.01368256099522114,0.007459096144884823,-0.7212833762168884,-0.1103726401925075,9.724031448364258
1785982638.3561,0.004779968410730362,0.018242456018924713,0.0050646001473069165,1.3214126825332642,0.6397721767425549,9.883471488952637
1785982638.3791,0.013980207964777946,0.021480180323123932,0.005657101515680549,-0.8387869596481323,0.2219458818435681,9.799894332885742
1785982638.3971002,0.011157270520925522,-0.004451196175068615,0.015093970112502575,-0.3891376852989197,-0.5534376502037036,9.877769470214844
1785982638.4201002,0.01781602017581463,-0.021727528423070908,0.011603843420743946,-0.6797556281089783,-1.0392112731933583,9.60102653503418
1785982638.43809,0.02782195247709751,-0.014718205668032168,0.008870585821568968,-0.15223771333694458,0.5521295070648206,9.75585651397705
1785982638.4550903,0.022664139047265053,-0.025867821648716923,0.015206081792712215,-1.2441447973251343,-0.4209142923355091,9.665342330932617
1785982638.4780903,0.031582944095134735,-0.03047807328402996,0.009818176738917831,-0.4254276156425476,-0.540702700614928,9.67671012878418
1785982638.4960902,0.024318167939782143,-0.015058190561830996,0.02071863412857056,-0.8226503133773804,0.7456661462783826,10.055390357971191
1785982638.5190902,0.03328019380569458,-0.011510580778121947,0.010325836017727854,-1.5983809232711792,0.36798253655433777,10.033485412597656
1785982638.5370781,0.01985463686287403,-0.027758011594414708,0.018438912928104404,0.469363808631897,-1.2608534097671498,9.541305541992188
1785982638.5590782,0.0077901240438222885,-0.041731227189302444,0.01499046385288239,-0.6287804841995239,0.0349266529083264,9.849839210510254
1785982638.577078,0.01878122054040432,-0.027730697765946388,0.011213942430913452,-0.8493778109550476,0.11619979143142822,9.992469787597656
1785982638.594078,0.030206134542822838,-0.02592307515442371,0.016433574259281162,-0.3054622709751129,-0.276091933250426,9.827759742736816
1785982638.6180782,0.02333238162100315,-0.027121642604470253,0.00999006070196629,-0.8345345258712769,-0.06949435919523117,9.928141593933105
1785982638.635068,0.05471564829349518,-0.030916469171643257,0.01074357517063618,-1.264704942703247,0.12741157412529108,9.581911087036133
1785982638.6590679,0.04477820545434952,-0.02725854702293873,0.012523906305432323,-0.24181193113327026,-0.1935536861419666,9.559576034545898
1785982638.6760678,0.023718932643532753,-0.019704630598425865,0.012847721576690676,-0.21905401349067688,0.029263600707055328,9.725603103637695
1785982638.695068,0.00978485681116581,-0.028930848464369774,0.012084126472473148,-2.3247199058532715,0.02445569634437679,9.640403747558594
1785982638.717068,0.03563017398118973,-0.01375222485512495,0.004040708765387537,-0.8684351444244385,0.550431013107301,9.722234725952148
1785982638.741058,0.010179618373513222,-0.04745849221944809,0.006261821370571858,-0.7896709442138672,0.5835192799568188,9.841238975524902
1785982638.7990582,-0.00794838834553957,-0.05722035840153694,0.0032694018445909093,-1.3743069171905518,-0.16433367133140445,9.653275489807129
1785982638.8160582,-0.0194108709692955,-0.05551460012793541,0.0001243575243279406,-1.1127568483352661,0.4432713389396679,9.474983215332031
1785982638.8400488,-0.03216899186372757,-0.07211072742938995,0.00033982412423939396,-0.4525707960128784,0.028624027967454183,9.639680862426758
1785982638.8570487,-0.046677976846694946,-0.06806465983390808,-0.007220865692943326,-0.3267739415168762,0.045357897877694404,10.041834831237793
1785982638.8750486,-0.05869070440530777,-0.08473136276006699,0.0023836342152208194,-1.5866459608078003,-0.05665915459394333,9.974987983703613
1785982638.8980486,-0.05542384088039398,-0.10435763746500015,0.005842295940965427,-1.3725316524505615,-0.40124753117561224,9.726247787475586
1785982638.9160488,-0.0436539426445961,-0.10990690439939499,-0.00735958898440002,0.09243011474609375,0.17804551124572876,9.899650573730469
1785982638.939039,-0.06968416273593903,-0.10672954469919205,-0.0015196455642580856,-0.267363965511322,0.02848687767982603,9.795778274536133
1785982638.956039,-0.06867311149835587,-0.10038304328918457,-0.010113751515746104,-1.4801223278045654,-0.2056814283132541,9.963766098022461
1785982638.974039,-0.036707036197185516,-0.09809630364179611,-0.013985514640808093,-0.7942953705787659,0.4370040893554699,9.728917121887207
1785982638.997039,-0.0008898358792066574,-0.11222688108682632,-0.015279848128557191,0.7838194966316223,0.17736670374870417,9.511823654174805
1785982639.015039,-0.039140090346336365,-0.10135553777217865,-0.008962213993072498,0.7838194966316223,0.17736670374870417,9.511823654174805
1785982639.037029,-0.022806189954280853,-0.12030911445617676,-0.003271305933594689,-0.2630084753036499,0.04377287626266601,9.938687324523926
1785982639.055029,-0.033026330173015594,-0.11552315205335617,-0.01365648396313189,-0.8900455832481384,0.12095934152603272,9.986376762390137
1785982639.078029,-0.06020078808069229,-0.11533176153898239,-0.012682786211371408,-0.20433039963245392,-0.32281595468520996,9.885615348815918
1785982639.096029,-0.0861637219786644,-0.09436915814876556,-0.014203501865267741,-1.0138227939605713,-0.1773578226566303,9.577016830444336
1785982639.120029,-0.08527444303035736,-0.07252779603004456,-0.026732893660664548,-1.6017411947250366,-1.1512407064437853,9.975127220153809
1785982639.1370175,-0.08345822989940643,-0.07088790833950043,-0.010204663500189773,-0.05681866407394409,-0.2064705193042743,9.991421699523926
1785982639.1540174,-0.09193510562181473,-0.06868249177932739,-0.02128882519900798,-0.7607757449150085,0.032472327351571344,9.908053398132324
1785982639.1770175,-0.07821837812662125,-0.05499127507209778,-0.022647798061370843,-1.2753931283950806,0.4660574793815625,10.137999534606934
1785982639.1950176,-0.06665095686912537,-0.06325455009937286,-0.01627473905682563,-1.1977159976959229,-0.12108121067285418,9.717676162719727
1785982639.2180176,-0.06066553294658661,-0.037412725389003754,-0.022350490093231198,-0.22881394624710083,-0.5898294448852528,9.414288520812988
1785982639.2360072,-0.056370705366134644,-0.028241425752639774,-0.025192746892571446,-0.8046025633811951,0.49544864892959717,9.818187713623047
1785982639.2590072,-0.049814872443675995,-0.009664781391620638,-0.01970570720732212,-0.9932299256324768,0.24753275513649103,9.555646896362305
1785982639.2770073,-0.04522521048784256,-0.04202190041542053,-0.022298516705632206,-1.4651278257369995,-0.32947406172752264,9.622122764587402
1785982639.3000073,-0.04280877858400345,-0.02567544393241406,-0.022136706858873364,-0.8199498057365417,-0.6334089040756213,9.610819816589355
1785982639.3180072,-0.06171710789203644,-0.03849120810627937,-0.016760976985096928,0.8466054201126099,0.1595803499221813,9.285284042358398
1785982639.3399975,-0.08041557669639587,-0.01924948208034039,-0.02140301465988159,-0.34200477600097656,-0.3257834315299976,9.604727745056152
1785982639.3579974,-0.0806446224451065,-0.043393831700086594,-0.017357137054204934,-0.25701501965522766,0.17241540551185727,9.657244682312012
1785982639.3809974,-0.07517781108617783,-0.027750460430979732,-0.01873245276510715,-1.1504918336868286,-0.15481834113597745,10.158032417297363
1785982639.3989975,-0.07050937414169312,-0.038441263139247894,-0.01999653875827789,-0.48604345321655273,-0.09624700993299369,9.458044052124023
1785982639.4159975,-0.07874544709920883,-0.045343827456235886,-0.015025311149656767,-0.06053313612937927,-0.01908490061759829,9.77863883972168
1785982639.439987,-0.08276417851448059,-0.007743200287222865,-0.02129860781133175,-0.9138926863670349,0.058727324008942816,9.52762508392334
1785982639.456987,-0.0777936801314354,-0.017352737486362457,0.0006862308946438155,-1.2570620775222778,-0.1798306703567493,9.778149604797363
1785982639.474987,-0.07009970396757126,-0.019851073622703552,-0.013866691850125788,-0.39477258920669556,-0.2965130209922779,9.67225170135498
1785982639.497987,-0.07809484750032425,-0.029643652960658073,-0.009865462779998776,-0.508804976940155,0.1253012120723736,9.590831756591797
1785982639.521987,-0.057671528309583664,-0.0024197048041969546,-0.0060064406134188175,-0.2861456871032715,-0.3113461434841144,9.76819896697998
1785982639.5389762,-0.026949536055326462,-0.021967759355902672,-0.012388476170599457,-0.8348508477210999,-0.27648320794105413,9.668680191040039
1785982639.5569763,-0.031358376145362854,-0.027229959145188335,-0.01660663820803165,0.4519229531288147,-0.10634002834558368,9.694868087768555
1785982639.5799763,-0.008806387893855572,-0.02814588136970997,-0.0075125233270227874,0.5820399522781372,-0.3407375514507282,9.449823379516602
1785982639.5979762,-0.004968684632331133,-0.02909433282911778,-0.01939629018306732,-1.3606770038604736,1.1768603324890148,9.971187591552734
1785982639.6199763,0.004149801097810268,-0.04017084091901779,-0.01940902322530746,-0.8177027106285095,0.5851660966873181,9.885794639587402
1785982639.637966,-0.011366309598088264,-0.04374755918979645,-0.008671112358570094,-1.2718758583068848,-0.7029846906661975,10.058773040771484
1785982639.654966,-0.010473974980413914,-0.03246577829122543,-0.0026456662453710994,-1.2718758583068848,-0.7029846906661975,10.058773040771484
1785982639.677966,-0.028198029845952988,-0.025415468961000443,0.003138040192425254,-1.200128197669983,-0.010984107851980882,10.08996295928955
1785982639.695966,-0.04338333383202553,-0.010891796089708807,-0.007391208317130802,-0.40913140773773193,0.04346987605095028,9.669533729553223
1785982639.718966,-0.0434923954308033,0.011897018179297447,0.004291179589927195,-1.1552199125289917,-0.03891968727111691,10.239986419677734
1785982639.7369561,-0.04123992100358009,0.015238131396472454,0.003225290682166813,-0.45081400871276855,-0.11962898820638537,9.79724407196045
1785982639.7599561,-0.06560587137937546,-0.003588907187804579,0.00598231889307499,-0.3341655433177948,-0.31066465377807495,9.994163513183594
1785982639.776956,-0.06018513813614845,-0.008399493992328642,0.012556476518511774,-0.3969883918762207,-0.06689823418855548,9.724848747253418
1785982639.799956,-0.04952610284090042,0.0075328643433749684,0.010164315812289713,-1.09015691280365,-0.4372192323207843,9.786012649536133
1785982639.817956,-0.03510909900069237,0.019404707476496696,0.01055349502712488,-0.8040081858634949,-0.6066900491714465,9.715601921081543
1785982639.8349457,-0.027447059750556946,0.020433126017451286,0.009800590574741362,-0.05572669953107834,0.468615919351579,9.797865867614746
1785982639.8579457,0.0016332073137164116,-0.004840171895921229,0.0120591064915061,-0.15175370872020721,-0.23617886006832,9.90794849395752
1785982639.8759458,-0.007214277051389217,0.002952844137325884,0.011977951973676682,-0.8237898945808411,0.2986301481723797,9.653200149536133
1785982639.8989458,0.01384786982089281,-0.012853251770138739,0.013005749322474005,-0.08288674056529999,-0.06978203356265904,9.576229095458984
1785982639.9169457,0.02667517215013504,0.001282024197280408,0.009643502533435822,-0.15490169823169708,-0.5624886751174915,9.603423118591309
1785982639.939936,0.028720974922180176,-0.013990737497806547,0.015239515341818334,-0.6600489020347595,0.1722786724567425,9.52967357635498
1785982639.9579358,0.024324141442775726,-0.017576534301042557,0.0033728331327438376,-0.4542900323867798,-0.2968731820583332,9.630518913269043
1785982639.9749358,0.01725781336426735,-0.022168904542922974,0.009999761357903484,-0.7412430644035339,0.011542737483979442,9.563531875610352
1785982639.9989357,0.001658494584262371,-0.023786839097738266,0.012957833707332615,-3.0620713233947754,-0.7485805749893176,9.917920112609863
1785982640.0219357,0.009950325824320316,-0.024262214079499245,0.001980791799724105,-0.12766079604625702,0.14576616883278015,10.020689010620117
1785982640.0569258,0.01950782909989357,-0.029448894783854485,0.01260084938257933,-2.2565879821777344,-0.7991136312484729,10.165498733520508
1785982640.0799258,0.029935698956251144,-0.015271035023033617,0.017757454887032512,0.15716181695461273,-0.4955775141715991,9.858831405639648
1785982640.0969257,0.016876988112926483,-0.010785012505948542,0.01879931427538395,-0.40719467401504517,0.33982244133949396,9.732243537902832
1785982640.1149259,0.01977124810218811,0.008655423298478128,0.012537735514342783,-1.0286628007888794,-0.3163168430328357,9.877079010009766
1785982640.1379156,0.004600887186825275,0.029147570952773094,0.012046141549944874,-0.12365406006574631,-0.09588838368654132,9.696154594421387
1785982640.1559155,0.02770361676812172,0.01972136646509171,0.01868326775729656,-1.874886155128479,-0.1156024634838092,9.963240623474121
1785982640.1789155,0.01860332116484642,0.03101312555372715,0.0027139754965901336,-0.6108881831169128,-0.4901512563228595,9.78640079498291
1785982640.1959157,0.0422435961663723,0.0177824217826128,0.01029486861079931,-0.26155316829681396,-0.13324353098869202,9.968993186950684
1785982640.2199156,0.03441188484430313,0.008097665384411814,0.014819835312664507,-1.316827416419983,0.23680374026298648,10.155888557434082
1785982640.2369058,0.04934877157211304,-0.025417959317564964,0.01234645023941994,-0.33025649189949036,-0.28950783610343817,9.681241989135742
1785982640.277906,0.04966774582862854,-0.08013372868299484,0.013881057500839244,-1.260642409324646,-0.6831665039062488,9.656661033630371
1785982640.2959058,0.05295702442526817,-0.07384458184242249,0.004543218296021232,0.6530546545982361,-0.19440631568431738,9.465648651123047
1785982640.3189058,0.06360209733247757,-0.06783419102430344,0.010235806927084931,-0.7127049565315247,0.07766926288604856,9.727341651916504
1785982640.341894,0.049091726541519165,-0.055595073848962784,0.004084979183971889,-0.16682368516921997,-0.424643427133559,9.602324485778809
1785982640.3598938,0.044434066861867905,-0.03457321226596832,0.00010607065632939762,-0.3927691578865051,0.10706180334091307,9.906578063964844
1785982640.3768938,0.030607469379901886,-0.02293587289750576,0.005271140951663258,-0.8764691948890686,-0.01454737782478211,9.933662414550781
1785982640.3938937,0.03866564482450485,-0.02856535278260708,0.008903637528419498,-0.4442533850669861,0.5019896030426038,9.87911319732666
1785982640.417894,0.023341478779911995,-0.015896344557404518,0.0064534158445894736,-1.2189055681228638,0.32996296882629517,9.903617858886719
1785982640.4348838,0.009211709722876549,-0.011226405389606953,-0.0008299150504171834,-0.7771490812301636,-0.6219086647033679,10.00330924987793
1785982640.4578838,0.0021388838067650795,0.009066642262041569,-0.0015351728070527326,0.5111088752746582,0.2504068315029156,9.675628662109375
1785982640.4758837,-0.004415468778461218,0.007908367551863194,-0.001477304147556425,0.5111088752746582,0.2504068315029156,9.675628662109375
1785982640.4988837,0.005086969584226608,-0.004267402458935976,0.0031941588968038563,0.4247688055038452,-0.2736126184463489,10.00949764251709
1785982640.5398712,0.019975850358605385,-0.00679034972563386,0.00048587785568088374,-1.8152965307235718,-0.9874410033226001,9.628897666931152
1785982640.5578713,0.00033051520586013794,0.0247682873159647,-0.004698616452515128,0.37539660930633545,-0.6811892390251147,9.672286987304688
1785982640.5798712,0.020485850051045418,0.007439357694238424,-0.0020178626291453847,-0.14885906875133514,-0.08289548754691956,9.921844482421875
1785982640.5978713,0.018640542402863503,0.017660636454820633,-0.007987271063029768,-0.5339362621307373,0.36876803636551025,10.025819778442383
1785982640.6148713,0.000695996917784214,0.03537275269627571,-0.0012926980853080793,-0.1510619968175888,-0.0009728074073779825,9.536892890930176
1785982640.6388597,-0.019014108926057816,0.014411607757210732,-0.0020894138142466562,-0.46299177408218384,0.7128567099571239,9.416004180908203
1785982640.6558597,-0.001631678082048893,0.011902600526809692,-0.0045685013756155985,-1.244489312171936,-0.4674951732158649,9.554594993591309
1785982640.6788597,-0.00509599456563592,0.02302834950387478,-0.001805123873054984,-0.6137943267822266,-0.2375374585390079,9.763162612915039
1785982640.6968598,-0.0006125494837760925,0.01128007099032402,-0.00025551242288202183,-0.3207337260246277,-0.3655922412872302,9.829045295715332
1785982640.7198598,0.011331120505928993,0.015035726130008698,-0.004414943978190424,-1.1784861087799072,-0.3381480574607837,10.046238899230957
1785982640.737848,0.008607255294919014,0.023145686835050583,-0.008420648053288463,0.5582519769668579,0.2798356413841259,9.643932342529297
1785982640.760848,0.013414198532700539,0.02869667485356331,-0.007565003819763664,-0.44685614109039307,0.9097298383712781,9.562423706054688
1785982640.778848,0.020978866145014763,0.003975335974246262,-0.01430752407759428,-0.5235068202018738,-1.0162131786346424,9.525873184204102
1785982640.795848,0.01586962677538395,0.013219199143350123,-0.017879970371723175,-0.5235068202018738,-1.0162131786346424,9.525873184204102
1785982640.819848,0.013019861653447151,0.005068164784461258,-0.012800400145351887,-1.0308810472488403,0.34474849700927856,9.913350105285645
1785982640.836848,-0.007922670803964138,0.01168335415422916,-0.02570868283510208,-0.589627206325531,-0.619075298309325,9.77611255645752
1785982640.853848,-0.0022016679868102074,0.023054996505379673,-0.014336320571601394,-1.1343603134155273,-0.4113446474075305,10.013993263244629
1785982640.877848,-0.004566376097500324,0.0361032634973526,-0.022586703300476078,-0.3078404366970062,-0.3283790946006763,9.70439338684082
1785982640.894848,-0.004502801224589348,0.03814757615327835,-0.015079901553690439,-0.6301305294036865,0.1125049889087689,9.77574348449707
1785982640.918848,-0.019451510161161423,0.05055698752403259,-0.01817810535430909,-0.21275070309638977,-0.26693791151046636,9.70556926727295
1785982640.9358363,-0.013029324822127819,0.05408914387226105,-0.015762887895107276,-0.4447374939918518,0.13931891322136045,9.837458610534668
1785982640.9598362,-0.01411612518131733,0.06524872779846191,-0.025058988481760032,-0.010270997881889343,0.10556587576866269,9.763612747192383
1785982640.9768362,-0.006700129248201847,0.06823322921991348,-0.017818801105022437,-1.0860395431518555,-0.24422451853752014,9.885022163391113
1785982640.9948363,-0.00492672948166728,0.050006985664367676,-0.010336043313145644,-0.04980148375034332,-0.14709758758544805,9.50662612915039
1785982641.0178363,0.03281682729721069,0.05572415143251419,-0.025874160230159766,-0.24106252193450928,-0.2901627421379077,10.065579414367676
1785982641.040826,0.022946195676922798,0.05007417872548103,-0.02025005221366883,-0.6320075988769531,0.2802727818489087,9.97460651397705
1785982641.057826,0.014853766188025475,0.06343389302492142,-0.019220989197492606,-0.9857736229896545,-0.3072602748870838,9.66585636138916
1785982641.075826,0.03407000005245209,0.07085253298282623,-0.019248828291893016,-0.549304723739624,-0.38795846700668213,9.786735534667969
1785982641.098826,0.03858466446399689,0.055668462067842484,-0.023989096283912666,-0.8717740178108215,-0.3177392482757556,10.105388641357422
1785982641.116826,0.041045449674129486,0.07662899792194366,-0.025114849209785472,-0.5951640605926514,0.32548487186432007,9.836856842041016
1785982641.139814,0.04999995231628418,0.06679847091436386,-0.02359218522906304,-0.6752405166625977,-0.2751863896846759,9.829296112060547
1785982641.157814,0.052051156759262085,0.05235834792256355,-0.022898580878973014,-0.27530667185783386,-0.8527838587760913,9.733799934387207
1785982641.174814,0.03518425673246384,0.0717131569981575,-0.03071020171046258,0.6990684270858765,-0.013515472412108176,9.791358947753906
1785982641.198814,0.0342007577419281,0.06964386254549026,-0.02708715572953225,1.212794542312622,0.40549415349960444,9.715062141418457
1785982641.2158139,0.04452110826969147,0.06835416704416275,-0.018599938601255424,-2.0275747776031494,0.6060704588890088,10.18489933013916
1785982641.238802,0.04624134302139282,0.0393814891576767,-0.022749349474906925,-0.8498210906982422,0.08070856332779053,10.02455997467041
1785982641.2568018,0.043037980794906616,0.03571203351020813,-0.0115979639813304,-0.010386019945144653,0.3834345936775219,9.628633499145508
1785982641.2738018,0.04160304367542267,0.01116026099771261,-0.019734151661396027,-0.11752943694591522,-0.24906346201896548,9.848329544067383
1785982641.297802,0.037664733827114105,0.0160897821187973,-0.02365776523947716,-1.1008706092834473,0.07548402249813199,9.73068618774414
1785982641.314802,0.041689954698085785,0.017530588433146477,-0.011684695258736612,-0.49184703826904297,-0.9669740200042712,9.854647636413574
1785982641.337792,0.044890083372592926,0.006540775764733551,-0.011990975588560104,-0.7839322090148926,-1.155600070953368,9.5609769821167
1785982641.3547919,0.05486266314983368,0.002524961018934844,-0.013728605583310127,0.06879273056983948,-0.13192008435726046,9.661457061767578
1785982641.378792,0.055254437029361725,0.01356680504977703,-0.011646623723208906,-0.3250606656074524,0.2716220617294324,9.962723731994629
1785982641.395792,0.04052961245179176,0.021175354719161987,-0.011839202605187895,-1.3069281578063965,-0.14738298952579376,9.964971542358398
1785982641.413792,0.05441523715853691,0.029301386326551437,-0.009832350537180904,-0.3611361086368561,-0.7967000007629382,9.73245906829834
1785982641.436782,0.05108337104320526,0.018352599814534187,-0.010279420763254167,0.8461424708366394,-1.1317063570022572,9.456297874450684
1785982641.459782,0.04102011024951935,0.02011546865105629,0.008190492168068884,0.3835451602935791,-0.6003555655479419,9.713800430297852
1785982641.477782,0.04352883622050285,0.03413809835910797,-0.008425781503319744,-0.5452614426612854,0.20077963173389554,9.735127449035645
1785982641.494782,0.02523643523454666,0.03680434077978134,0.0003902543685398951,-0.05694999545812607,-0.17602799832820773,9.653236389160156
1785982641.518782,0.040195804089307785,0.02317936345934868,0.01070896256715059,-0.759532630443573,-0.6069768667221057,9.931156158447266
1785982641.5357716,0.031482674181461334,0.020518656820058823,0.0036038113757967923,-0.9286561608314514,-0.36632114648818853,9.60825252532959
1785982641.5597718,0.065007284283638,-0.010283040814101694,0.010816127061843874,-0.6249420642852783,0.2678623199462903,9.750539779663086
1785982641.5767717,0.028853636234998703,0.00930386781692505,0.013875300064682959,-0.6258424520492554,0.4275616407394421,9.717195510864258
1785982641.5937717,0.03543432056903839,0.022600257769227028,0.007671854924410579,-0.6258424520492554,0.4275616407394421,9.717195510864258
1785982641.6177716,0.0394693948328495,0.01844620704650879,0.013309815898537634,-1.2019400596618652,-0.06374042481183881,10.224874496459961
1785982641.6347601,0.046854712069034576,0.018209254369139675,0.025191336870193478,-1.2019400596618652,-0.06374042481183881,10.224874496459961
1785982641.6587603,0.03157072514295578,0.010183486156165603,0.026134023442864418,0.6874766945838928,-0.41792112588882324,9.813615798950195
1785982641.6757603,0.01658179983496666,0.005263921804726126,0.022293809801340103,-0.543201744556427,-0.0907517448067653,9.840591430664062
1785982641.6987603,0.015327736735343933,0.009754670783877376,0.023193031549453735,-0.2502623200416565,-0.2571478486061084,9.757796287536621
1785982641.7167602,0.01271679624915123,-0.006462557241320607,0.030759206041693687,-0.5582855939865112,0.3969203829765332,9.919363021850586
1785982641.7397501,0.01708192005753517,-0.016056241467595097,0.02487534284591675,-0.8370375037193298,-0.6604668498039233,9.732367515563965
1785982641.7577503,-0.00020605139434337616,-0.022950768470764157,0.021311391144990924,1.0569233894348145,-0.21598766744136694,9.49151611328125
1785982641.7807503,-0.0187346450984478,-0.030121078714728352,0.025389960035681728,-0.28866827487945557,-0.15838783979415774,9.731213569641113
1785982641.7977502,-0.020140711218118668,-0.006595056504011151,0.026809612289071083,-0.18461398780345917,-0.142267659306525,9.739239692687988
1785982641.8157501,-0.018297985196113586,-0.014938573352992531,0.02316292002797127,-0.15150879323482513,-0.1442117989063251,9.75551986694336
1785982641.8557403,-0.019446104764938354,-0.012684484012424944,0.019729023799300194,1.0084161758422852,-1.578965425491332,9.863106727600098
1785982641.8787403,-0.011192974634468555,-0.02328883111476898,0.020727926865220073,-0.6837671399116516,-0.7476722002029407,9.908097267150879
1785982641.9197402,-0.012362850829958916,-0.01803353242576122,0.016849981620907787,-0.23937655985355377,0.21894706785678983,9.84619140625
1785982641.9377282,0.003007270395755768,-0.00940216518938541,0.022329458966851234,-0.1068921685218811,-0.25226792693138,9.990967750549316
1785982641.9547281,0.002947394736111164,0.016495110467076305,0.022586112841963765,0.342879980802536,0.19392909109592557,9.66889762878418
1785982641.9787283,0.02673039585351944,-0.011168624274432656,0.024840839207172394,-1.0227900743484497,0.33265125751495483,9.852237701416016
1785982641.9957283,0.04974577575922012,-0.006271942518651483,0.018207022920250893,-0.5373353958129883,-0.10228458046913023,10.044294357299805
1785982642.0187283,0.03584206849336624,-0.014477974735200403,0.018097672611474994,-0.5814439058303833,0.30734932422638056,9.72636890411377
1785982642.0367181,0.017277121543884277,-0.005899325013160702,0.025892265141010284,-1.0436639785766602,-0.12077652662992355,9.964935302734375
1785982642.053718,0.03468526899814606,0.0038946114946156758,0.014822094701230526,-0.09149609506130219,-0.9410387873649585,9.946054458618164
1785982642.0777183,0.02704831212759018,-0.004199759569019076,0.025372451171278954,-0.32875317335128784,-0.18555973470210907,9.859986305236816
1785982642.0947182,0.026538409292697906,0.012954508885741237,0.02645254135131836,-0.018523111939430237,-0.18818646669387695,9.877934455871582
1785982642.1177182,0.04634577035903931,0.0010998728685081014,0.007549933157861233,-0.3450750708580017,-0.4881016016006457,10.22852611541748
1785982642.1357083,0.03568834438920021,-0.006123121827840803,0.01636352576315403,-1.08932626247406,0.10924990475177886,9.854803085327148
1785982642.1587083,-0.009906375780701637,0.0032819213811308146,0.001128706848248839,0.11341258883476257,-0.22402498126029846,9.87143325805664
1785982642.1767082,0.02075112611055374,-0.002982978941872716,0.0006655032630078498,0.37893587350845337,-0.6216248273849475,10.049202919006348
1785982642.217708,0.02100175991654396,0.014228243380784988,-0.0029146138112992066,-0.5533581972122192,0.2197101563215268,9.921859741210938
1785982642.2406983,0.01511535793542862,-0.02296392433345318,-0.00552268326282501,-0.77589350938797,0.0016781389713299455,9.881817817687988
1785982642.2756982,-0.017464563250541687,-0.0007178395171649748,0.0054000248201191425,-0.77589350938797,0.0016781389713299455,9.881817817687988
1785982642.2996984,-0.017273448407649994,0.004069480113685133,0.011108583770692348,-1.7207140922546387,0.9108336567878735,9.628052711486816
1785982642.3176982,-0.04158426821231842,0.011456833221018316,0.00813898630440235,0.23154202103614807,-0.9676384329795825,10.17638111114502
1785982642.3396866,-0.04529082775115967,0.020640932023525238,0.01233958452939987,-0.8169816136360168,-0.09535395354032394,9.950576782226562
1785982642.3576868,-0.0441921167075634,-0.009827963076531885,0.017513716593384743,0.018687859177589417,-0.5023071765899646,9.904434204101562
1785982642.3746867,-0.045119427144527435,-0.005619450472295282,0.018910402432084084,-0.08078647404909134,-0.4458031654357898,10.069229125976562
1785982642.3986866,-0.04064122959971428,-0.025106988847255703,0.02101296186447144,-0.3656519949436188,0.11095836758613707,9.82496452331543
1785982642.4156866,-0.04271823540329933,-0.02464385703206062,0.015715466812253002,-1.640451192855835,0.7409892082214368,10.183454513549805
1785982642.4386733,-0.023237526416778564,-0.016163669526576996,0.008469923399388792,0.019404485821723938,-0.7038141489028918,9.822269439697266
1785982642.4566731,-0.014790474437177181,-0.031917355954647064,0.0053372685797512575,-0.3994913399219513,-0.06332993507385135,9.72470760345459
1785982642.473673,-0.009929170832037926,-0.03889894112944603,0.005505286157131199,-1.2884583473205566,-0.12350691109895584,9.994460105895996
1785982642.497673,0.0019459780305624008,-0.013458003289997578,8.789880666881965e-05,0.057817429304122925,-0.3346253931522358,9.687084197998047
1785982642.520673,0.019120220094919205,-0.0398605652153492,-0.0006127498345449518,-2.0361623764038086,-0.7062565088272083,10.067233085632324
1785982642.538661,0.02429908514022827,-0.05056649073958397,-0.0018042504088953075,1.1027593612670898,-0.3043127059936511,9.864230155944824
1785982642.5556612,0.0040186671540141106,-0.0644131451845169,-0.009821449406445018,-0.36320725083351135,-0.33593702316284063,9.6576509475708
1785982642.5786612,0.001679280772805214,-0.08963383734226227,-0.010977723635733117,-0.7723317742347717,-0.3760513961315143,10.148682594299316
1785982642.5956612,0.016550615429878235,-0.08103513717651367,-0.015863511711359014,-0.9884721040725708,0.20152294635772827,9.997472763061523
1785982642.613661,0.012714286334812641,-0.07975812256336212,-0.01734700985252856,0.35977447032928467,-0.5488474965095508,9.829028129577637
1785982642.6366494,0.0349770113825798,-0.12414965778589249,-0.00559007935225962,-0.6428326368331909,0.19444069266319397,10.069069862365723
1785982642.6606493,0.03590941056609154,-0.12943358719348907,-0.02105359919369219,-1.0193488597869873,0.7802186012268079,10.154458999633789
1785982642.6776493,0.06599953770637512,-0.11605668067932129,-0.010058630257844911,-0.33210206031799316,-0.41986164450645325,9.91176700592041
1785982642.6946495,0.07256127893924713,-0.1158532127737999,-0.012617327272891984,0.08615440130233765,-0.38538283109664795,9.788239479064941
1785982642.7186494,0.09622697532176971,-0.11862099170684814,-0.013060296885669218,-1.26340651512146,-0.4248780012130725,10.038473129272461
1785982642.7356389,0.11244817823171616,-0.1051204651594162,-0.003671200480312096,0.30753612518310547,-0.5858564376831042,9.788122177124023
1785982642.7596388,0.13180658221244812,-0.09530175477266312,-0.003733146004378784,-1.1135375499725342,0.2775886654853833,9.94389820098877
1785982642.7766387,0.13625912368297577,-0.07436361908912659,0.005794687662273654,-0.054467909038066864,-0.7907967567443835,9.852204322814941
1785982642.800639,0.14599789679050446,-0.07537442445755005,0.002031771931797275,0.7259352803230286,0.1750262975692761,9.840540885925293
1785982642.8176389,0.13327135145664215,-0.06368985027074814,0.0013847802765667517,-1.6659636497497559,-0.537910997867583,9.896299362182617
1785982642.8356285,0.13975343108177185,-0.07791583240032196,0.007708785589784393,-0.08996281027793884,-0.6638844013214099,9.850308418273926
1785982642.8586285,0.11357144266366959,-0.05472395941615105,0.0016172849573195048,-0.6942881941795349,-0.007583171129225462,9.988144874572754
1785982642.8756287,0.13883069157600403,-0.044839825481176376,0.0014585668686777407,0.27482491731643677,0.027988985180856015,9.957064628601074
1785982642.8936286,0.125238299369812,-0.06651882082223892,0.008449895307421693,0.0721917450428009,-0.12896785140037417,9.718649864196777
1785982642.9166286,0.11691541969776154,-0.059117525815963745,0.00970054883509875,0.0721917450428009,-0.12896785140037417,9.718649864196777
1785982642.9346166,0.11160261183977127,-0.060047440230846405,0.00462392624467612,0.0721917450428009,-0.12896785140037417,9.718649864196777
1785982642.9576166,0.10490964353084564,-0.07257342338562012,0.012926748953759679,-0.26405495405197144,-0.8103691339492786,9.829174041748047
1785982642.9756167,0.0939246341586113,-0.04289644584059715,0.0012803508434444718,1.025817632675171,0.40394058823585627,9.508865356445312
1785982642.9986165,0.062473900616168976,-0.05542764812707901,0.0020902887918055127,0.05069464445114136,-0.04679878056049224,10.02470874786377
1785982643.0156167,0.035341452807188034,-0.015637436881661415,0.004231428727507593,-0.3438725769519806,0.01268893480301025,9.935481071472168
1785982643.0396166,0.01635189726948738,-0.02278015948832035,0.003615112509578469,-1.1612818241119385,-0.04561880230903508,9.581425666809082
1785982643.0566165,0.00744208786636591,-0.028984690085053444,0.0024121389724314247,1.1159648895263672,0.4769935905933392,9.57333755493164
1785982643.0746167,0.02109026163816452,-0.04269613325595856,0.010720842517912393,-1.4559223651885986,-0.04664689302444338,9.813711166381836
1785982643.0966165,0.026699621230363846,-0.04869849979877472,0.012473714537918573,-0.6463995575904846,-0.3459663391113269,9.924514770507812
1785982643.1146166,0.04135298728942871,-0.014075296930968761,0.006486763246357443,0.9467229247093201,-0.06276538223028065,9.596331596374512
1785982643.137605,0.0321456603705883,-0.026815613731741905,0.01253926753997803,-0.4058018624782562,-0.9712569713592517,10.218059539794922
1785982643.155605,0.018804900348186493,-0.01378097478300333,0.006629677489399912,0.33103299140930176,0.4923917949199689,10.08475399017334
1785982643.178605,0.06357606500387192,-0.034679997712373734,0.02296603657305241,0.15605810284614563,-0.14624878764152405,9.901374816894531
1785982643.219605,0.03924307972192764,-0.017835199832916256,0.022066289559006694,-0.4153398275375366,0.3504154384136212,9.909006118774414
1785982643.236593,0.031676214188337326,-0.039209481328725815,0.02580748498439789,-0.11940444260835648,-0.08597676455974458,9.827807426452637
1785982643.2545931,0.04117036983370781,-0.030691890046000477,0.022747023031115535,-0.07196635007858276,-0.0026812404394137715,9.850452423095703
1785982643.2775931,0.06689602136611938,-0.029737392440438267,0.02888867072761059,-0.09032419323921204,0.3086084425449383,9.724671363830566
1785982643.3005931,0.07267676293849945,-0.04569920152425765,0.0333981141448021,-1.1002192497253418,-0.2694168686866748,9.892577171325684
1785982643.318593,0.07774859666824341,-0.036887381225824356,0.022108234465122226,-0.5568333864212036,0.05606770515442013,9.715863227844238
1785982643.335583,0.07848715782165527,-0.024624051526188847,0.021997284144163135,0.474617063999176,-0.8367811441421497,10.138861656188965
1785982643.3595831,0.0896870493888855,-0.026949401944875714,0.014700227417051796,-1.1042444705963135,0.8940256834030162,9.270242691040039
1785982643.376583,0.09541087597608566,-0.033974871039390564,0.011479726992547516,1.2184123992919922,-1.544559836387633,10.003633499145508
1785982643.393583,0.06389335542917252,-0.010582828894257544,0.02028474770486355,-1.6084282398223877,-0.014697432518004209,9.491512298583984
1785982643.417583,0.06310111284255981,-0.010868950746953487,0.005585301201790573,0.20825722813606262,-0.3532525300979602,10.106633186340332
1785982643.4345715,0.06558680534362793,-0.04037081450223923,0.006039608735591178,-2.3132894039154053,-0.6064772605895984,9.990662574768066
1785982643.4575715,0.0452481172978878,-0.05264350771903992,0.0036284006200730866,-0.6537158489227295,-0.2996322512626636,9.775086402893066
1785982643.4755716,0.019562840461730957,-0.05304427072405815,-0.01398804131895303,-0.05665753036737442,-0.18168103694915652,9.854109764099121
1785982643.4985716,0.004944979213178158,-0.04796953126788139,-0.009254859760403628,1.0923049449920654,0.2867638468742383,9.799062728881836
1785982643.5165715,-0.027253679931163788,-0.0440182201564312,-0.008652050048112864,-0.9566493034362793,-0.08536549657583117,9.707961082458496
1785982643.5395603,-0.04505912587046623,-0.03181948512792587,-0.016049467027187344,-0.22197888791561127,-0.5932606458663928,9.713167190551758
1785982643.5575602,-0.0823250263929367,-0.012312184087932112,-0.00871304329484701,-1.7351734638214111,0.16223420202732208,10.009513854980469
1785982643.5745602,-0.10336458683013916,0.002707228064537047,-0.009578111581504345,0.043228983879089355,0.5026516914367688,10.024189949035645
1785982643.5975602,-0.14354896545410156,0.0372910238802433,-0.011091482825577264,0.09977543354034424,-0.009148970246313826,9.605711936950684
1785982643.6145604,-0.1295379400253296,0.03278516232967377,-0.011039064265787605,0.29505690932273865,-0.13088029623031497,9.839252471923828
1785982643.6385481,-0.134614497423172,0.051044393330812454,-0.011552769690752036,-0.9613348245620728,-0.030173197388647773,9.91831111907959
1785982643.6555483,-0.11176489293575287,0.052100490778684616,-0.002800805959850556,-0.9613348245620728,-0.030173197388647773,9.91831111907959
1785982643.6785483,-0.08238828927278519,0.057848598808050156,-0.0022419937886297772,0.397684782743454,-0.03726740181445954,9.892577171325684
1785982643.6965482,-0.04017648845911026,0.07243429869413376,-0.004107555840164432,-0.6414214372634888,0.3020179867744458,9.858641624450684
1785982643.7195482,0.009743514470756054,0.06529470533132553,-0.0032988134771585543,1.9067249298095703,0.6211234927177441,9.59216594696045
1785982643.737537,0.03786427155137062,0.05289812386035919,0.008406274020671838,0.5784820318222046,-0.1720644384622562,9.655604362487793
1785982643.7775369,0.08416847139596939,0.053231049329042435,0.016092684119939797,-1.0143243074417114,0.36878466606140253,9.544929504394531
1785982643.794537,0.08574127405881882,0.03877905756235123,0.019526626914739605,0.8539136648178101,0.07028888165950894,9.77074909210205
1785982643.817537,0.09082496911287308,0.02534906938672066,0.018408372998237606,-0.5350157618522644,-0.13254474103450656,9.822062492370605
1785982643.8355253,0.10408556461334229,0.018984161317348484,0.029451232403516766,-0.522666335105896,-0.24222654104232666,9.944008827209473
1785982643.8585253,0.09653108566999435,0.028551399707794193,0.03225640952587127,0.6730039119720459,-0.44367498159408447,10.006978988647461
1785982643.8755252,0.056620560586452484,0.0109621174633503,0.029979374259710312,0.28522953391075134,-0.08510889858007309,9.94229507446289
1785982643.8995252,0.04475739970803261,-0.03677337989211082,0.03079403936862946,-0.35834282636642456,0.3369601368904126,9.83297348022461
1785982643.9165251,0.04023294150829315,-0.04713344573974609,0.03842724114656449,-0.15127810835838318,0.11334116756916167,9.803990364074707
1785982643.940514,0.024199753999710083,-0.027716964483261105,0.0252300500869751,-0.15127810835838318,0.11334116756916167,9.803990364074707
1785982643.9575143,0.03351076692342758,-0.026563715189695355,0.03199702128767967,-0.15127810835838318,0.11334116756916167,9.803990364074707
1785982643.9805143,0.035078540444374084,-0.040366392582654946,0.035245843231678016,-0.33676230907440186,0.41925191879272583,9.882688522338867
1785982643.9985142,-0.0003272984176874161,-0.009061305783689019,0.03521738201379776,0.30532145500183105,-0.3266710638999927,10.118241310119629
1785982644.0155141,-0.010875178501009941,-0.022332374006509777,0.029593421146273616,-0.46675270795822144,0.08454306423664215,9.964680671691895
1785982644.0395024,-0.0021774214692413807,-0.006975451484322545,0.022054065018892288,1.7723808288574219,-0.7239789962768541,10.625924110412598
1785982644.0565023,-0.011668773368000984,0.02291553840041161,0.029965873807668682,-0.22843541204929352,-0.30256927013397095,9.815390586853027
1785982644.0745025,-0.003865347243845463,0.04408428072929382,0.024079060181975358,-1.6978073120117188,0.6529411077499402,9.736597061157227
1785982644.1155024,0.00476688239723444,0.09577399492263794,0.018411464989185323,0.37978413701057434,0.0684523582458508,9.746906280517578
1785982644.1374915,-0.01242715585976839,0.06735135614871979,0.017526878044009202,-0.10152426362037659,-0.08200392127036926,9.988120079040527
1785982644.1784914,-0.07345161586999893,0.04953930526971817,0.007373849861323827,-0.055534958839416504,0.00012074410915499359,10.174644470214844
1785982644.1964915,-0.10945006459951401,0.02306198701262474,0.007079001981765029,-0.029235564172267914,-0.11622083187103152,9.754645347595215
1785982644.2134914,-0.15315665304660797,0.021458329632878304,-0.007336005568504336,-0.3271596133708954,0.6777452230453502,9.454338073730469
1785982644.2374804,-0.1440087854862213,-0.0067075658589601525,-0.005909388419240712,-0.058042921125888824,-0.23753817379474518,10.021541595458984
1785982644.2544804,-0.14447589218616486,-0.04271992668509483,-0.017931153997778886,0.2961147725582123,0.07116885483265044,9.810757637023926
1785982644.2784803,-0.10640189796686172,-0.07714803516864777,-0.015859732404351224,-0.8051795959472656,-0.6819024682044971,10.06920051574707
1785982644.2954805,-0.08679493516683578,-0.08479810506105423,-0.004971548449248065,-2.2316620349884033,0.6324633955955516,9.439417839050293
1785982644.3184805,-0.0559108592569828,-0.0993223488330841,-0.008564726449549186,-0.3723280429840088,0.18989931046962857,9.73144817352295
1785982644.3354702,-0.01907777599990368,-0.10286776721477509,-0.006596866995096194,-0.7182331085205078,-0.0056143552064883695,9.744525909423828
1785982644.35347,0.01668091118335724,-0.0882500410079956,0.00020413968013600596,-0.7182331085205078,-0.0056143552064883695,9.744525909423828
1785982644.37647,0.026554305106401443,-0.1048637181520462,0.0030298384372145068,0.39616623520851135,-0.4040263295173633,10.0799560546875
1785982644.39947,0.014197575859725475,-0.09634172916412354,0.0005484652356244742,0.10700613260269165,0.17710123956203577,9.630281448364258
1785982644.4174702,-0.01959226280450821,-0.07298380881547928,0.015446219593286523,0.10700613260269165,0.17710123956203577,9.630281448364258
1785982644.4404602,-0.04109765216708183,-0.05757917836308479,0.018765777349472053,0.22905850410461426,-0.11841186881065247,9.985122680664062
1785982644.45846,-0.0549703985452652,-0.019770840182900425,0.01716350764036179,0.22905850410461426,-0.11841186881065247,9.985122680664062
1785982644.47546,-0.05484694242477417,-0.030189612880349156,0.015410831198096279,-0.608073353767395,0.26114779710769775,9.874261856079102
1785982644.4994602,-0.028779465705156326,-0.005003620870411393,0.021938925608992577,2.0577845573425293,-0.7421733140945421,10.448827743530273
1785982644.5394497,0.011171989142894745,0.018098006024956707,0.02797060832381248,0.34769290685653687,1.1757614612579357,9.437884330749512
1785982644.5574496,0.00029943231493234634,0.035706423223018646,0.018981652334332463,-0.6886812448501587,0.2162763625383389,9.849495887756348
1785982644.5804496,0.023658037185668945,0.04846615344285965,0.01738925836980342,-0.6886812448501587,0.2162763625383389,9.849495887756348
1785982644.5984497,0.05642625316977501,0.07219810038805008,0.017999907955527295,0.3998570740222931,0.45369237661361816,9.755823135375977
1785982644.6204498,0.0369681715965271,0.07753568887710571,0.018248368054628362,0.33356744050979614,0.07293380796909457,10.239263534545898
1785982644.6394393,0.06060775741934776,0.07859906554222107,0.01893991045653819,-0.18873077630996704,-0.7634289264678942,10.435531616210938
1785982644.6564395,0.09497879445552826,0.08797260373830795,0.007845627143979062,-2.237908124923706,-0.039644941687582765,9.4585542678833
1785982644.6794393,0.08608442544937134,0.08445581048727036,0.004673581104725589,0.5982241630554199,-0.14388045668601868,9.994339942932129
1785982644.6964395,0.057489704340696335,0.048458732664585114,0.016158647835254662,-0.5303839445114136,0.3872374892234814,9.454801559448242
1785982644.7144394,0.061943117529153824,0.04925382882356644,0.008048834279179568,0.2634291648864746,0.031253486871720554,9.764763832092285
1785982644.7374291,0.07469600439071655,0.03977435827255249,-0.0026945834979414988,0.28621238470077515,-1.0525990724563585,10.47972583770752
1785982644.7604291,0.08395393192768097,0.022199103608727455,0.0028922595083713505,0.29367682337760925,-0.10533341765403628,9.749566078186035
1785982644.7784293,0.08077603578567505,0.02357593923807144,-0.0015261650551110534,-0.07487606257200241,0.3307950496673596,9.770770072937012
1785982644.7954292,0.07317239046096802,0.015961196273565292,-0.013572521507740022,-0.22394734621047974,0.13031889498233917,9.859171867370605
1785982644.8184292,0.05709538981318474,0.02209167368710041,-0.008975075557827953,-0.5901659727096558,0.6284098625183117,9.512741088867188
1785982644.8364184,-0.005144059658050537,0.022484924644231796,-0.011067049577832225,-1.1186443567276,-0.9497951269149768,9.663169860839844
1785982644.8594184,0.0026863133534789085,0.021142253652215004,-0.01354585960507393,1.2707457542419434,-0.5155245661735522,10.3777437210083
1785982644.8774185,-0.010052110999822617,-0.006349348928779365,-0.015370171517133713,0.48218873143196106,-0.2616135478019702,9.917990684509277
1785982644.8954184,-0.03600858896970749,-0.019349470734596256,-0.024751650169491764,0.48218873143196106,-0.2616135478019702,9.917990684509277
1785982644.9184184,-0.05414456129074097,-0.013060688041150573,-0.022369151934981346,-0.6002367734909058,0.12568555772304654,9.698689460754395
1785982644.9354079,-0.06875339150428772,0.018027927726507183,-0.021240282803773883,0.07082799077033997,-0.32114112377166626,9.817151069641113
1785982644.9584079,-0.10483503341674805,0.050284646451473236,-0.016129797324538238,-0.4402373135089874,0.36775916814804194,9.687905311584473
1785982644.976408,-0.13556119799613953,0.053981900215148926,-0.005856509786099202,0.7056112289428711,0.8032338023185742,9.708128929138184
1785982644.994408,-0.15180610120296478,0.07431648671627045,-0.0002625752240419479,2.0716071128845215,-0.9105759859085071,10.095076560974121
1785982645.017408,-0.15068821609020233,0.10804808139801025,-0.0018805165309459103,-0.3281101882457733,-0.04758946597576023,9.668825149536133
1785982645.035408,-0.14400823414325714,0.09851790219545364,0.01179879344999789,-0.7713679075241089,0.02463825047016262,9.667060852050781
1785982645.058408,-0.11871259659528732,0.08573631942272186,0.004322707653045644,-0.22327235341072083,0.336209148168565,9.67289924621582
1785982645.076408,-0.09556270390748978,0.0743640810251236,-0.006900356151163587,1.0190167427062988,0.1354870498180402,10.256075859069824
1785982645.0934079,-0.08931680768728256,0.08189436048269272,-0.0005498561076819998,1.0190167427062988,0.1354870498180402,10.256075859069824
1785982645.1164079,-0.07330142706632614,0.07790699601173401,-0.0041359821334481335,0.18770018219947815,-0.1767693012952792,10.089229583740234
1785982645.1393974,-0.0879238173365593,0.04018808901309967,0.009329955093562598,-0.9593861699104309,0.2943283319473279,9.782288551330566
1785982645.1573975,-0.09209537506103516,0.04495033249258995,0.000759649788960809,0.6806669235229492,0.09502199292183044,9.925359725952148
1785982645.1743975,-0.08329492062330246,0.029478060081601143,0.005962522700428959,0.6341373324394226,-0.7097830772399889,10.517216682434082
1785982645.1973975,-0.06784644722938538,0.014024334028363228,0.002408823696896432,0.4082595109939575,0.1736670732498181,9.843268394470215
1785982645.2153974,-0.050149932503700256,-0.011199314147233963,-0.005081817042082546,0.8645572662353516,-0.07973299920558807,9.948084831237793
1785982645.2383864,-0.036996789276599884,-0.05979467183351517,0.006014271639287479,0.7986698746681213,-0.12308612465858336,10.052215576171875
1785982645.2563865,-0.02053214982151985,-0.07324143499135971,-0.007268359884619704,0.5569089651107788,-0.06187958270311229,10.289687156677246
1785982645.2733865,-0.010798756033182144,-0.08698960393667221,-0.015116526745259751,0.12965530157089233,0.09827107191085935,9.727449417114258
1785982645.2963865,-0.009393729269504547,-0.11118315905332565,-0.014078014530241476,-0.9132622480392456,0.48197963833809015,9.648289680480957
1785982645.3143864,-0.009144589304924011,-0.08514450490474701,-0.006785642355680455,-0.09217952191829681,0.45843461155891535,9.55069637298584
1785982645.3373764,0.024671562016010284,-0.04626043140888214,-0.01953774690628051,0.9496365785598755,-0.2783893048763263,10.018264770507812
1785982645.3553765,0.04013637825846672,-0.037083178758621216,-0.013948307372629637,-1.6167049407958984,0.44121125340461853,9.747711181640625
1785982645.3773766,0.06241438910365105,-0.03498140722513199,-0.026908595114946362,-0.05519001930952072,-0.25084459781646606,9.889328002929688
1785982645.3953764,0.08059631288051605,-0.05657058954238892,-0.031227227300405495,-0.8227325677871704,0.18817397952079892,9.692889213562012
1785982645.4183764,0.043231625109910965,-0.03545134514570237,-0.03234156966209411,-0.34095415472984314,0.14662310481071592,9.714091300964355
1785982645.4363658,0.040207382291555405,-0.04232925549149514,-0.046422585844993584,0.177962988615036,0.306981682777406,9.764404296875
1785982645.453366,0.007966871373355389,-0.052812803536653526,-0.03576661273837089,0.1926165521144867,-0.07016873359680055,9.848692893981934
1785982645.477366,-0.011493155732750893,-0.013876677490770822,-0.03842775151133537,-0.05884601175785065,-0.8711633682250963,10.523494720458984
1785982645.494366,-0.05135812610387802,-0.009523613378405576,-0.04032806307077408,0.31479111313819885,-0.008410453796385525,9.746424674987793
1785982645.517366,-0.05626072362065315,0.0023349320981651506,-0.030498258769512177,-0.7034651041030884,0.01838573813438538,9.987812042236328
1785982645.5353558,-0.08015593886375427,0.04192014783620834,-0.040516253560781486,0.43957793712615967,-0.4494654834270465,10.015763282775879
1785982645.5583558,-0.06200932338833809,0.02430489286780357,-0.03306327387690544,0.1878151148557663,0.12912890315055967,9.739075660705566
1785982645.5763557,-0.05444784834980965,0.01685981452465057,-0.029638588428497318,0.4875415563583374,0.11804199218750118,9.617622375488281
1785982645.5933557,-0.025795038789510727,0.035571087151765816,-0.043253757059574134,-0.3930554687976837,-0.35123899579048035,9.982595443725586
1785982645.6163557,-0.017514735460281372,0.002255050232633944,-0.0342412106692791,-0.4358599781990051,0.6878918409347545,9.136910438537598
1785982645.6393452,0.008046499453485012,-0.008647028356790548,-0.03691013157367706,-0.4358599781990051,0.6878918409347545,9.136910438537598
1785982645.6573453,-0.0084109827876091,-0.013509288430213933,-0.03999122604727745,-0.07165879756212234,-0.08388093113899112,9.729802131652832
1785982645.6743453,-0.017981871962547302,-0.01633068732917309,-0.03589287027716637,0.6366012096405029,-0.1542489081621158,9.852989196777344
1785982645.6983452,-0.02259414829313755,0.04028335586190223,-0.03151302412152291,-0.760250449180603,0.030000656843186636,9.876465797424316
1785982645.7153451,-0.03897523507475853,0.03613751754164696,-0.025752065703272823,-0.3094712197780609,0.13732564449310422,9.819620132446289
1785982645.7393334,-0.05166792869567871,0.04879409074783325,-0.01766855455935002,0.5681235194206238,-0.08770368993282197,9.909893989562988
1785982645.7563334,-0.05784916505217552,0.061266425997018814,-0.022614501416683204,0.1625484675168991,0.31937679648399475,9.962705612182617
1785982645.7743335,-0.05788199603557587,0.024149429053068158,-0.016079653054475788,-0.4078063368797302,-0.11978548765182374,9.878860473632812
1785982645.7973335,-0.07090029865503311,0.003211363451555369,-0.01657235436141491,-0.181263729929924,0.01681731641292694,9.983637809753418
1785982645.8153334,-0.03777576610445976,-0.01883586868643761,-0.019331799820065495,0.2768651843070984,-0.13042283058166385,9.71456527709961
1785982645.8383224,0.0017375517636537552,-0.027654878795146946,-0.02074048481881618,0.3048228621482849,0.20921725034713864,9.733372688293457
1785982645.8613224,0.005876386538147926,-0.013692045584321024,-0.01576695404946804,-0.956195592880249,-1.0723383426666246,10.14201545715332
1785982645.8783224,0.013066756539046764,-0.014238135889172556,-0.018597591668367382,-0.39344319701194763,-0.256587356328963,9.863537788391113
1785982645.8963225,0.009993224404752254,-0.019474830478429798,-0.017432050779461857,-0.22815269231796265,-0.07390461862087129,9.818375587463379
1785982645.9193225,0.004852897487580776,-0.036173246800899506,-0.015995716676115986,-1.0091055631637573,0.23232096433639646,9.82542896270752
1785982645.9373116,0.006467411294579506,-0.02162285149097443,-0.018148949369788166,0.025148943066596985,0.42253258824348566,9.72301959991455
1785982645.9543116,0.009541102685034275,-0.014202261343598368,-0.014193385839462279,0.3230818510055542,-1.2174814939498888,10.31650161743164
1785982645.9773116,-0.016671940684318542,0.009903453290462492,-0.013342900201678278,0.6845692992210388,-0.7958089113235461,9.928319931030273
1785982645.9953117,-0.03397521749138832,0.030861226841807362,-0.023209324106574062,-0.9891381859779358,0.4043800532817852,9.677629470825195
1785982646.0183117,-0.05605267360806465,0.026473036035895344,-0.020226797088980678,0.07486218214035034,0.05562244355678679,9.83935832977295
1785982646.0593007,-0.07476342469453812,0.03658300265669823,-0.007678716909140353,0.07486218214035034,0.05562244355678679,9.83935832977295
1785982646.0763006,-0.08193762600421906,0.007253808900713921,0.0031933421269059173,-0.44322189688682556,0.14938761293888214,10.009384155273438
1785982646.1003008,-0.10157807171344757,-0.015215533785521984,-0.005248961970210074,-0.44322189688682556,0.14938761293888214,10.009384155273438
1785982646.1173007,-0.08038070052862167,-0.030403539538383484,0.001535222050733868,0.36958709359169006,0.25652807950973633,9.815133094787598
1785982646.1352901,-0.05243788659572601,-0.014655545353889464,0.008467327803373339,0.3212234377861023,0.20470048487186554,9.869813919067383
1785982646.1582901,-0.04756099730730057,0.015922816470265392,0.01656376756727695,0.12190523743629456,0.32841616868972895,9.674327850341797
1785982646.17529,-0.011113479733467102,0.05170501023530961,0.03081191331148147,0.9597418308258057,-0.6952913403511035,10.247896194458008
1785982646.19829,0.03842543810606003,0.05549875274300575,0.021452298387885087,-0.3818482756614685,0.533333480358125,9.645511627197266
1785982646.2162902,0.07768922299146652,0.06672339886426926,0.0087215295061469,-0.08118581771850586,-0.2121829241514194,9.834839820861816
1785982646.23928,0.07897396385669708,0.05126737430691719,0.017920348793268197,-0.7286510467529297,0.15147732198238492,9.695664405822754
1785982646.2572799,0.09503130614757538,0.03312812000513077,0.010988276451826092,-0.37394601106643677,-0.08564525097608443,10.094986915588379
1785982646.2742798,0.08649316430091858,0.049572691321372986,0.0012557045556604801,0.008570417761802673,0.2914537191391003,9.5805082321167
1785982646.29828,0.0793173611164093,0.07054837793111801,-0.00677239755168558,-2.538851261138916,0.9745495915412914,9.379575729370117
1785982646.31528,0.08952940255403519,0.07208329439163208,0.0052393288351595315,0.47706088423728943,0.1451646238565457,9.676604270935059
1785982646.3382685,0.07941307872533798,0.0950065478682518,0.0006661048391833785,-0.42556801438331604,0.10788707435131192,9.720760345458984
1785982646.3562684,0.11777908354997635,0.1322029083967209,0.005465540569275601,-0.8124716281890869,0.8742040991783153,9.11214542388916
1785982646.3742685,0.14638584852218628,0.14980225265026093,0.002514475956559163,0.37038156390190125,0.07765673100948453,9.695207595825195
1785982646.3962684,0.1595478057861328,0.14650997519493103,0.010188254527747614,-0.05644380301237106,0.5384027361869824,9.831844329833984
1785982646.4142685,0.15596303343772888,0.12927307188510895,0.008474577218294128,-0.08261725306510925,0.08417488634586455,9.875067710876465
1785982646.4372566,0.16126061975955963,0.11112266778945923,0.007335919421166168,0.13636514544487,-0.12918722629547,9.690577507019043
1785982646.4552567,0.15910016000270844,0.12802626192569733,-0.00015246344264598267,0.8361961841583252,-0.41394263505935547,10.121918678283691
1785982646.4782567,0.13684126734733582,0.11589901149272919,-0.0002447064034640931,-0.5355620384216309,0.13574431836605197,10.147128105163574
1785982646.4952567,0.09134310483932495,0.10728681832551956,0.008426127955317483,-0.7899682521820068,-0.05582378804683563,9.954710006713867
1785982646.5192566,0.05385010689496994,0.12344823777675629,0.007191290613263831,0.4104427993297577,-0.3756422996520984,10.101043701171875
1785982646.5362458,0.020097358152270317,0.14204925298690796,0.008134646341204626,-1.499941110610962,0.6505299210548412,9.109309196472168
1785982646.554246,-0.011933192610740662,0.14227521419525146,0.011952959932386858,1.1349400281906128,-0.4763450026512133,10.370471954345703
1785982646.600246,-0.029972480610013008,0.1480366736650467,0.015634030103683454,0.558849573135376,-0.7422685623168932,10.886759757995605
1785982646.6182458,-0.029368659481406212,0.11641909927129745,0.021170796826481805,0.24194541573524475,1.0876842737197887,9.512507438659668
1785982646.6352353,-0.01629115268588066,0.12752734124660492,0.022663729265332205,-0.09412109851837158,0.10515426099300505,9.87839126586914
1785982646.6582353,0.019514894112944603,0.09254071861505508,0.01588955894112586,0.08703354001045227,0.2789944410324109,9.954768180847168
1785982646.6762354,0.0382382869720459,0.08172409236431122,0.0031842757016420265,-0.09975705295801163,0.174250587821008,9.931685447692871
1785982646.6932354,0.052211590111255646,0.07010278850793839,0.003575401380658141,0.9437893629074097,-0.06471217423677322,9.987716674804688
1785982646.7162354,0.06703878939151764,0.07140563428401947,-0.004054847173392781,-0.20137694478034973,0.22183533012867093,9.826203346252441
1785982646.7402244,0.06207442283630371,0.06374212354421616,-0.0048450464382767755,-0.2359851598739624,-0.16508190333843112,9.677754402160645
1785982646.7572243,0.07857432961463928,0.05836854502558708,-0.003348487429320819,0.39702463150024414,-0.4218139648437487,10.222298622131348
1785982646.7752244,0.073450468480587,0.05207643657922745,-0.007649390492588288,0.19097372889518738,0.14767308533191803,9.988987922668457
1785982646.7982244,0.0605318546295166,0.059414129704236984,-0.01294219586998225,0.760143518447876,-0.02719302475452302,9.879897117614746
1785982646.8162243,0.04807532951235771,0.0630883052945137,-0.012409514747560031,-1.4642997980117798,-0.3884090185165393,10.004127502441406
1785982646.8392138,0.07812357693910599,0.03031877055764198,-0.014949479140341285,-0.6483184695243835,0.6744428873062145,9.297548294067383
1785982646.8562138,0.07601886987686157,0.03852490335702896,-0.024083372205495838,-1.0590486526489258,0.25334995985031245,9.611370086669922
1785982646.8792138,0.06203221529722214,0.033214371651411057,-0.019889881834387783,0.05190815031528473,0.2164456695318234,9.793464660644531
1785982646.897214,0.0602150559425354,0.027987072244286534,-0.016659859567880634,0.5119755864143372,-0.10347352921962616,9.924142837524414
1785982646.920214,0.04024626687169075,-0.0031699419487267746,-0.011710812337696552,-2.851790428161621,0.34749585390091053,9.275079727172852
1785982646.937203,0.026951264590024948,-0.022070011124014854,-0.00950655527412891,0.0914444625377655,0.11887349188327907,9.580045700073242
1785982646.9552028,0.020296569913625717,-0.022582681849598885,-0.00043133442522957645,-0.4355950653553009,-0.04305137693881868,9.869370460510254
1785982646.9782028,0.017759885638952255,-0.0097328657284379,-0.005415561143308877,1.6918809413909912,0.777647137641908,9.568142890930176
1785982646.996203,0.006024819798767567,-0.012421820312738417,0.00759665993973613,-0.22380459308624268,-0.5651198029518115,9.870205879211426
1785982647.013203,0.0010056700557470322,-0.03749538213014603,0.003448474686592822,-1.1324291229248047,0.9755240082740796,9.539416313171387
1785982647.0371926,0.01688871905207634,-0.04546753689646721,0.008447000756859785,0.11798939108848572,-0.6316990852355945,9.995570182800293
1785982647.0541925,0.0017267558723688126,-0.038769301027059555,0.008241459727287298,-1.6708097457885742,1.0368999242782606,10.01546573638916
1785982647.0771925,0.022354591637849808,-0.03824484348297119,0.003847605315968399,-0.05072028934955597,-0.19963157176971316,9.822518348693848
1785982647.0951927,0.03169585391879082,-0.060684844851493835,0.008329647593200214,-0.5757118463516235,-0.29236480593681213,10.025381088256836
1785982647.1181927,0.0252167247235775,-0.04304695129394531,0.0033642170019447856,0.128648579120636,0.4114308953285229,9.640153884887695
1785982647.1351824,0.021556522697210312,-0.030023852363228798,0.005326868034899238,0.14393934607505798,0.01463587582111479,9.834051132202148
1785982647.1531825,0.023344364017248154,-0.014791554771363735,-0.0026055350899696333,0.4418274164199829,0.285928249359132,9.742775917053223
1785982647.1761825,0.03687283396720886,0.02463018335402012,-0.001730738440528515,-0.24859416484832764,0.42660284042358515,9.609429359436035
1785982647.1941824,0.05222740024328232,0.03058723360300064,0.0011109786573797428,-0.3663675785064697,-0.1101713478565204,9.857766151428223
1785982647.2171824,0.07122530043125153,0.04779608175158501,0.003978641238063568,-0.9359079599380493,1.2312062978744518,9.787338256835938
1785982647.2401721,0.07883396744728088,0.03459995985031128,0.004129442851990457,-0.35890111327171326,0.215640649199487,9.931525230407715
1785982647.2581723,0.08069970458745956,0.026871036738157272,0.011721969582140442,-0.39703279733657837,-0.043683737516401984,9.900359153747559
1785982647.2751722,0.07872290164232254,0.009379896335303785,0.009205676615238188,-0.07062894850969315,0.33199942111969116,9.831473350524902
1785982647.2991722,0.07699465751647949,0.012644778937101366,0.013099673204123972,-1.1600338220596313,0.42532110214233515,9.346878051757812
1785982647.3161721,0.08506079763174057,0.00958209950476885,0.011418075300753115,0.3718208074569702,0.040909811854363716,10.012648582458496
1785982647.3391616,0.0970456674695015,0.030606526881456375,0.008021865040063855,0.3718208074569702,0.040909811854363716,10.012648582458496
1785982647.3571618,0.07429492473602295,0.01149682514369488,0.016904933378100395,-0.5652893781661987,-0.16355961561202884,9.728941917419434
1785982647.3801618,0.07226379215717316,0.023849448189139366,0.012597459368407723,-1.6301041841506958,0.5471450090408337,9.667254447937012
1785982647.3971617,0.08486246317625046,0.01004956290125847,0.0208961870521307,1.4273301362991333,1.2073830366134655,9.808998107910156
1785982647.4151616,0.09676115959882736,0.009348871186375621,0.021855967119336128,-0.18371149897575378,-0.33514279127120855,9.693697929382324
1785982647.4381514,0.09028588235378265,0.015066531486809255,0.01982428319752216,-0.5663591623306274,0.24992333352565885,9.74517822265625
1785982647.4551513,0.07412505894899368,0.013295021839439872,0.023756956681609154,-0.7766157388687134,0.19363202154636502,9.723480224609375
1785982647.4781513,0.05921340733766556,0.010039641521871092,0.01184112951159477,-0.502303421497345,0.29515904188156245,9.73501968383789
1785982647.4961514,0.052939239889383316,0.009502401575446132,0.021429816260933876,-0.7905738353729248,-0.056173145771025404,9.835474967956543
1785982647.5131514,0.04935012757778168,0.015943758189678196,0.020416267216205593,-0.6303532719612122,0.43779784440994385,9.794615745544434
1785982647.5371408,0.021578721702098846,0.0111447311937809,0.007915034890174864,-0.6303532719612122,0.43779784440994385,9.794615745544434
1785982647.554141,0.016490761190652847,-0.002564741065725682,0.018197590485215187,0.8646508455276489,-0.4820547103881824,9.989850044250488
1785982647.578141,-5.315989255905151e-06,-0.0011707390658557402,0.01005430519580841,-1.7969216108322144,1.290039062500001,9.701742172241211
1785982647.595141,0.006319718435406685,-0.01812666468322277,0.008347222581505777,0.9734817743301392,0.696452856063844,9.954805374145508
1785982647.618141,-0.0018923701718449593,-0.03601575270295143,0.011537199839949613,0.42950332164764404,-0.6106447577476489,10.003100395202637
1785982647.6351302,-0.020888395607471466,-0.012698895297944544,0.008173999376595022,-0.7165074348449707,0.05087552964687467,9.719193458557129
1785982647.6531303,0.002628129906952381,-0.02892802655696869,0.005150370765477422,-0.1913774460554123,-0.22400099039077637,9.936991691589355
1785982647.6761303,0.01673467829823494,-0.02637249045073986,-0.00034564296947791847,-0.7136520147323608,-0.1564847230911243,9.773460388183594
1785982647.6941302,-0.0095832459628582,-0.032953131943941116,0.001022133044898514,-0.44841787219047546,0.28828418254852417,9.998230934143066
1785982647.71813,-0.001699183601886034,-0.0376567542552948,0.00969531293958426,-0.7120735049247742,0.32320243120193604,9.768516540527344
1785982647.73612,-0.008010969497263432,-0.020452817901968956,0.0021178601309657123,-0.03406265377998352,1.3853293657302868,9.379451751708984
1785982647.75312,-0.0020740502513945103,-0.0035567653831094503,-0.0006122544873505826,-0.07224204391241074,0.3147683739662182,9.696457862854004
1785982647.77612,-0.029257027432322502,-0.016816141083836555,-0.007949331775307654,0.8305748701095581,0.8564218282699597,9.58521556854248
1785982647.7941198,-0.018898695707321167,0.0058537069708108885,-0.011274904012680054,0.6590721607208252,-0.37460577487945435,9.896288871765137
1785982647.8171198,-0.021188370883464813,-0.018580451607704163,-0.006756296847015617,0.37479791045188904,1.2821409702301036,9.375015258789062
1785982647.8351097,-0.04511547088623047,-0.0273459330201149,-0.007721365895122286,1.789420485496521,-0.7558917999267566,10.05150032043457
1785982647.8571098,-0.04814048111438751,-0.049842286854982376,-0.0024091084487736164,-0.6880426406860352,0.011796891689301717,9.632250785827637
1785982647.8751097,-0.021475546061992645,-0.04424121975898743,-0.012663530185818667,-0.8356097936630249,0.46007138490677,9.813122749328613
1785982647.8981097,-0.028285907581448555,-0.03922302648425102,-0.015107009559869761,0.053133025765419006,0.9991915225982677,9.435434341430664
1785982647.9161098,-0.04064252972602844,-0.04220123589038849,-0.007424764800816769,-0.6783866882324219,-0.09022182971238969,9.88548469543457
1785982647.9390974,-0.020578812807798386,-0.029614418745040894,-0.006567882839590308,-0.19618885219097137,0.3622137904167187,9.691843032836914
1785982647.9570973,-0.01779131218791008,0.0043092481791973105,-0.007545571308583022,-2.3658828735351562,1.5797362327575695,9.566078186035156
1785982647.9740975,-0.005131976678967476,0.016812052577733994,-0.008464744314551355,0.9690579175949097,0.29902905225753906,10.18150520324707
1785982647.9970975,0.007232110947370529,-0.0003328848979435863,-0.001333202701061964,-0.8256816864013672,0.500099301338197,9.652050971984863
1785982648.0150974,-0.0037415623664855957,-0.0195305198431015,-0.0016792917158454633,-0.5547545552253723,-0.05640827864408371,9.951452255249023
1785982648.0380855,-0.002283398061990738,0.0023467296268790956,-0.00225616479292512,0.4400591552257538,0.3702869415283215,9.680211067199707
1785982648.0560853,0.001598181203007698,0.01378917507827282,-0.0010302839800715464,-1.040447473526001,-0.7695691585540759,9.970423698425293
1785982648.0790854,0.0023251017555594444,0.0089535191655159,0.006003307178616523,-0.18109360337257385,0.10909278690815093,9.80827808380127
1785982648.0960853,0.019338669255375862,0.024786097928881645,-0.0006109767127782137,-0.2315768599510193,0.4557904005050671,9.65805435180664
1785982648.1140854,0.01571568287909031,0.025588341057300568,-0.005301456898450855,0.0022313296794891357,0.012533098459244985,9.893350601196289
1785982648.1540747,0.022467901930212975,0.02290484309196472,-0.00531797902658582,0.6156325340270996,0.7909134030342114,9.643540382385254
1785982648.1770747,-0.006033019628375769,-0.0013270389754325143,0.006769049447029829,-0.8595414161682129,0.143265560269357,9.900857925415039
1785982648.1950746,-0.03171027451753616,0.009081922471523285,0.006708131171762942,-0.6464834809303284,0.5447444915771497,9.838682174682617
1785982648.2180746,-0.053237833082675934,-0.006395834498107433,0.0019484146032482394,-1.4644238948822021,0.953156113624574,9.820073127746582
1785982648.2360642,-0.031260713934898376,-0.0010735066607594481,0.00675848638638854,0.6519467830657959,-0.2039595395326602,10.241528511047363
1785982648.2590642,-0.03612162917852402,0.02008562721312046,0.004325276240706441,-0.32283729314804077,0.3464962244033825,9.744317054748535
1785982648.2760642,-0.042885392904281616,0.028377950191497803,0.0013149789301678504,0.21647027134895325,0.9418621063232434,9.85999584197998
1785982648.294064,-0.04279675334692001,0.017577731981873512,0.001154738478362558,-2.3185946941375732,1.0204248428344738,9.325277328491211
1785982648.317064,-0.05497806519269943,0.028807729482650757,-0.002176507376134399,-0.7003047466278076,0.5849094390869153,9.71010971069336
1785982648.3350532,-0.07447606325149536,0.04264255613088608,-0.008487978950142866,-0.7003047466278076,0.5849094390869153,9.71010971069336
1785982648.3580532,-0.05359390377998352,0.03032645210623741,-0.0017789667472243346,-0.36077624559402466,0.4838590025901806,9.692778587341309
1785982648.3940532,-0.022806353867053986,0.015367058105766773,-0.005126215517520906,0.33677685260772705,-0.11888001859187962,9.687714576721191
1785982648.4170532,-0.03370177745819092,-0.003667220706120133,0.0028621510136872534,-0.4298952519893646,0.8566126823425304,9.427716255187988
1785982648.440043,-0.03793184459209442,0.009878085926175117,-0.003191696945577861,0.016642749309539795,-0.39202058315276983,9.612244606018066
1785982648.457043,-0.03488311171531677,-0.00557936541736126,-0.006681000348180532,-0.591407835483551,0.29559189081192133,9.744800567626953
1785982648.4750428,-0.03824815899133682,-0.006538746878504752,0.008144527673721313,-0.7878082990646362,0.09419359266758086,9.836956024169922
1785982648.4980428,-0.007403694558888674,0.016449974849820137,0.005369574297219513,0.5507043600082397,0.7485519647598278,9.518387794494629
1785982648.516043,0.02296292595565319,0.007239835802465677,0.00041418732143938455,-1.5268596410751343,0.37545490264892695,9.67548942565918
1785982648.5390308,0.014030685648322105,0.002903326181694866,0.007915575057268143,0.2946361303329468,-0.8967846632003772,10.005820274353027
1785982648.5560308,0.014315487816929817,0.00811529066413641,0.005557211581617593,0.2850986123085022,-0.24025776982307312,10.017668724060059
1785982648.5740309,0.025002622976899147,-0.0006164097576402119,0.0066470499150455,-0.4597068727016449,0.3129366636276257,9.696032524108887
1785982648.5970309,0.009335765615105629,0.007633572444319726,0.00972851552069187,-0.9719123840332031,0.2977557182312023,9.197091102600098
1785982648.6150308,-0.01725996658205986,0.0196159016340971,0.009470658376812933,-0.7002274990081787,0.2601992487907422,9.788772583007812
1785982648.6380208,-0.02948133833706379,-0.010145979002118109,0.017536193132400513,0.6657238006591797,0.6395429968833936,9.899201393127441
1785982648.6560209,-0.028671806678175926,0.004052194301038981,0.0037527789827436204,-1.5468641519546509,-0.6754992008209216,9.90969467163086
1785982648.678021,-0.01880507916212082,0.011794929392635822,0.00116134330164641,-0.31046533584594727,0.5811578035354626,9.690152168273926
1785982648.6960208,-0.030111556872725487,0.030530346557497978,-0.0021124673075974027,-0.5430214405059814,-0.023970514535902727,9.830316543579102
1785982648.737011,-0.01951434463262558,0.02601846493780613,0.004440524615347382,-2.5168678760528564,0.7630853652954113,9.332038879394531
1785982648.760011,-0.013474710285663605,0.012550001963973045,0.00435766903683543,-0.1387060582637787,0.27598303556442383,9.853289604187012
1785982648.777011,-0.008222151547670364,0.010217040777206421,0.003286464605480431,-0.27829086780548096,0.2740650177001965,9.642391204833984
1785982648.7950108,-0.015521072782576084,0.023185426369309425,0.004617592319846151,-1.2709687948226929,0.9790457487106335,9.696316719055176
1785982648.8180108,-0.01749296486377716,0.010001101531088352,-0.0013578564394265426,-0.8130030632019043,0.5283706188201917,9.683103561401367
1785982648.8360002,-0.017451973631978035,0.005240214522928,0.00417697662487626,-0.5838653445243835,0.0019563883543026526,9.800240516662598
1785982648.8590002,-0.027291789650917053,0.006793138571083548,0.017936386168003082,-1.1498982906341553,1.2385419607162487,9.963957786560059
1785982648.9,-0.006375283934175968,-0.01815740205347538,0.008578020147979261,-0.45117008686065674,-0.03994822502136108,9.951434135437012
1785982648.917,-0.028420045971870422,-0.03098311647772789,0.01095643546432257,-0.3269239366054535,-0.13981057703494906,9.7175931930542
1785982648.939989,-0.035173170268535614,-0.032857246696949005,0.01014622021466494,-0.28840193152427673,0.5337327718734753,9.686884880065918
1785982648.9579892,-0.05716846510767937,-0.036771029233932495,0.007243730127811436,-0.27251625061035156,0.4950763881206524,9.680206298828125
1785982648.9749892,-0.05338534340262413,-0.01586274243891239,0.008427519351243975,-0.5115472078323364,0.2518955767154706,9.762577056884766
1785982648.998989,-0.051269687712192535,-0.026357509195804596,0.004200531635433439,-0.764028787612915,0.10188594460487486,9.868010520935059
1785982649.015989,-0.048848528414964676,-0.013020905666053293,0.008776350878179075,-0.8852136731147766,0.9623836278915416,9.44965934753418
1785982649.033979,-0.04360894858837128,-0.0002635582350194447,0.005676724016666412,-0.4011865258216858,0.4392647445201886,9.811325073242188
1785982649.056979,-0.023090001195669174,-0.010374302975833416,0.0036063429433852447,-0.8030477166175842,0.8904708623886121,9.77569580078125
1785982649.0749788,-0.01573587954044342,-0.011381972581148146,0.01104338187724352,-0.8030477166175842,0.8904708623886121,9.77569580078125
1785982649.0979788,-0.029970381408929825,-0.0044514238834381095,0.007525578141212464,-0.46208375692367554,0.5344678163528455,9.693524360656738
1785982649.1149788,-0.04508191719651222,0.012153385207057001,0.010925321839749811,0.11861111223697662,-0.16409000754356265,9.728260040283203
1785982649.1389685,-0.050646666437387466,0.022364996373653412,0.0027039248961955283,-0.29029911756515503,0.009665414690972571,9.777335166931152
1785982649.1559684,-0.024005230516195297,0.01084514893591404,-0.0017725720535963787,-0.3621212840080261,0.14724627137184262,9.660552978515625
1785982649.1739683,-0.030410319566726685,0.024652475491166115,0.003231438109651205,-0.23973983526229858,0.4988616406917584,9.871347427368164
1785982649.1969683,-0.029520008713006973,0.0427280068397522,0.010148890316486353,-1.9884250164031982,1.4006807804107677,9.467446327209473
1785982649.2139683,-0.031582608819007874,0.013338447548449041,0.007260076701641081,0.24018366634845734,0.3566249310970318,9.625476837158203
1785982649.2369578,-0.02936277911067009,0.005684153176844121,0.003879065625369548,-0.6702039837837219,0.700757145881654,9.694727897644043
1785982649.277958,-0.02193661406636238,-0.01287469547241926,0.009688066318631174,-0.9994978308677673,0.10924458503723262,9.632967948913574
1785982649.2959578,-0.019083239138126373,0.014636087231338024,0.006786296144127844,-0.9994978308677673,0.10924458503723262,9.632967948913574
1785982649.3189578,-0.009480880573391914,0.0085961539298296,0.010320554487407206,-1.1933718919754028,0.03535400331020473,9.644213676452637
1785982649.336947,-0.0041380589827895164,-0.006666899193078279,0.003876043250784279,-0.959825336933136,1.023186206817628,9.401166915893555
1785982649.353947,-0.014345144852995872,-0.0010790745727717876,-0.00035998434759676446,0.6574342846870422,-0.49684491753578064,9.818535804748535
1785982649.376947,-0.016338586807250977,-0.017093222588300705,0.005986000411212446,-0.49254363775253296,0.2553153038024914,9.66793155670166
1785982649.3949468,-0.025751106441020966,-0.028493955731391907,0.007570040412247184,-0.028562583029270172,0.5402706861495984,9.807366371154785
1785982649.4179468,-0.02433883771300316,-0.01996169053018093,0.006276970729231837,-0.10906606912612915,0.5508551597595227,9.81926155090332
1785982649.434936,-0.01027252059429884,-0.023795591667294502,0.009959816932678226,-0.8307870626449585,0.21332132816314817,9.64777946472168
1785982649.4589362,-0.021524742245674133,-0.01104637701064348,0.008841234259307386,-1.971801996231079,1.7939120531082164,9.4758939743042
1785982649.4759362,-0.027475915849208832,-0.024282151833176613,0.00822834484279156,-0.0915907770395279,-0.32541742920875427,10.14607048034668
1785982649.4989362,-0.022100780159235,-0.048333656042814255,0.004316854290664202,0.4682655334472656,-0.10971540212631102,10.115093231201172
1785982649.516936,-0.010808117687702179,-0.04376727715134621,0.006662731990218168,-0.4802629351615906,-0.035087302327154866,9.788674354553223
1785982649.5339253,-0.02177075669169426,-0.04354788735508919,0.005629564635455614,-0.6722195744514465,0.202333450317384,9.66139030456543
1785982649.5579255,-0.02803778275847435,-0.026033010333776474,-0.005167451687157151,0.6802595257759094,0.3569951951503766,9.927895545959473
1785982649.5749254,-0.022674307227134705,-0.007955635897815228,0.0009048739448189745,-0.48345255851745605,-0.3392068445682513,10.39447021484375
1785982649.5989254,-0.029066771268844604,-0.0034399153664708138,-0.0010843796189874406,-0.8666717410087585,1.0266844034194957,9.56138801574707
1785982649.6159253,-0.02087154984474182,-0.008064188063144684,0.00236437562853098,0.23599402606487274,0.009703665971757204,9.98891830444336
1785982649.6339145,-0.012583112344145775,-0.00567792309448123,-0.001383595168590545,-0.4301496744155884,0.03453083336353421,9.687509536743164
1785982649.6569145,-0.005480443127453327,-0.00518763205036521,0.0007900159107521183,-0.016802802681922913,-0.9266369342803943,10.0767240524292
1785982649.6739144,-0.0035425694659352303,-0.012836938723921776,-0.0063350731506943685,-1.7510426044464111,0.9954493045806896,9.451177597045898
1785982649.6969144,-0.01600896567106247,-0.02807520516216755,-0.0031677444931119646,-0.4671770930290222,0.608215928077699,9.593554496765137
1785982649.7149143,-0.019808873534202576,-0.022534770891070366,-0.0010276613757014246,-0.3241555690765381,-0.11417304724454759,9.865586280822754
1785982649.7379038,-0.013516804203391075,-0.028157250955700874,-0.001334631117060777,-0.42605841159820557,0.08712153136730315,9.822087287902832
1785982649.755904,-0.03288008272647858,-0.019619163125753403,0.001313162851147356,0.2878333032131195,-0.031105056405066247,9.787107467651367
1785982649.778904,-0.032044313848018646,-0.01977565698325634,-0.0007269547786563611,-1.3308242559432983,0.4390767216682446,9.42425537109375
1785982649.7969038,-0.022959422320127487,-0.0263633131980896,0.0019115082686767015,-0.8807002305984497,0.4537811279296887,9.778356552124023
1785982649.8139038,-0.025285182520747185,-0.02217317372560501,-0.001903767464682457,-0.7457324266433716,0.16684310138225675,9.815381050109863
1785982649.837893,-0.01719626411795616,-0.025719037279486656,-0.0012144036591052977,-0.7457324266433716,0.16684310138225675,9.815381050109863
1785982649.8548932,-0.007650731131434441,-0.02279648929834366,-0.0015375907532870741,-1.1367478370666504,1.0591084957122814,9.408160209655762
1785982649.8778932,-0.02023567259311676,-0.014457477256655693,-0.0042004873976111395,-1.5293251276016235,-0.6207373142242419,9.665080070495605
1785982649.895893,-0.018968869000673294,-0.013179553672671318,0.0026363562792539614,-0.41473647952079773,0.7247656583786023,9.762723922729492
1785982649.918893,-0.012558706104755402,0.006597548723220824,-0.010060739703476429,-0.2386624813079834,-0.12874725461006042,9.984052658081055
1785982649.9368827,-0.012587609700858593,-0.0013330494984984402,-0.0038542659021914005,-0.3887384533882141,0.8030336499214185,9.835943222045898
1785982649.9588826,-0.020082976669073105,-0.0011798166669905194,-0.006462067365646362,-0.6438049077987671,0.5799148082733167,9.570596694946289
1785982649.9768827,0.005610433407127857,0.00020926987053826487,0.00283938180655241,-0.761075496673584,-0.23622216284274933,9.941488265991211
1785982649.9938827,-0.020069770514965057,-0.01066319178789854,-0.00335271656513214,-0.3285946846008301,-0.2499053478240955,9.83223819732666
1785982650.0178826,-0.02408011071383953,-0.007441602181643248,0.002353452146053315,-0.38446152210235596,-0.04887229204177735,9.940240859985352
1785982650.0408719,-0.03611429035663605,-0.006082260515540839,-0.0071314871311187735,-1.049921989440918,-0.7948895692825305,9.878401756286621
1785982650.0578718,-0.048145145177841187,0.01855950988829136,-0.003903574775904419,-0.2623404860496521,0.4220948815345776,9.676241874694824
1785982650.075872,-0.06944349408149719,0.03157326206564903,-0.0029543368145823518,-0.26046720147132874,-0.04331724345683931,9.886972427368164
1785982650.0938718,-0.07524731755256653,0.04413481801748276,0.0010518636554479545,-1.87144935131073,0.13677106797695276,9.51254653930664
1785982650.1168718,-0.06195039302110672,0.06691509485244751,-0.008783944882452497,-0.6049962639808655,0.20415563881397364,9.61085033416748
1785982650.1398613,-0.0846855416893959,0.08640958368778229,-0.009609739296138297,-0.41049250960350037,0.7915455698966991,9.39616870880127
1785982650.1578615,-0.10458379983901978,0.07861729711294174,-0.004517906811088333,0.46221861243247986,-1.279172062873839,10.461950302124023
1785982650.1748614,-0.09497639536857605,0.07600543648004532,-0.0013645347207784746,-0.4182167053222656,0.3974032402038586,9.651894569396973
1785982650.1988614,-0.10853620618581772,0.08628511428833008,-0.006201836280524741,1.001876950263977,-0.04342959821224089,10.096190452575684
1785982650.2158613,-0.11125145852565765,0.08029818534851074,-0.004890057723969231,-2.109591484069824,0.9563564062118542,9.86484432220459
1785982650.2388494,-0.11498647183179855,0.09372273832559586,0.0013773950049653534,-0.38198453187942505,0.9270949363708508,9.611860275268555
1785982650.2738492,-0.11882026493549347,0.11700635403394699,-0.005889077205210939,-0.4012700319290161,-0.13364878296851992,9.833385467529297
1785982650.2968493,-0.10326500982046127,0.11402871459722519,-0.004212828353047385,-0.43618083000183105,-0.0003462433814990313,9.903660774230957
1785982650.3158493,-0.10069835931062698,0.08702998608350754,-0.0047582364641130075,0.2473996877670288,-0.2673219442367542,9.653472900390625
1785982650.3378384,-0.10601857304573059,0.09567539393901825,-0.004462372045964015,0.03629930317401886,-0.15865242481231567,9.869463920593262
1785982650.3558383,-0.0964885801076889,0.09082043915987015,-0.002811178565025341,-0.5390177369117737,0.19503165781498077,9.86320686340332
1785982650.3798382,-0.08012009412050247,0.0746193528175354,-0.00702685210853816,-1.337438702583313,0.09376691281795618,9.557577133178711
1785982650.3968384,-0.09973552823066711,0.0719192624092102,-0.013519615866243848,-1.337438702583313,0.09376691281795618,9.557577133178711
1785982650.4148383,-0.09178217500448227,0.06648867577314377,-0.008746426552534112,-0.6836650371551514,0.5400695800781262,9.72801685333252
1785982650.4378276,-0.07291632890701294,0.05562286823987961,-0.015664942562580116,1.2454745769500732,0.8389382362365735,9.789297103881836
1785982650.4548275,-0.062395088374614716,0.055138807743787766,-0.013068762607872493,-0.6873033046722412,-0.04145622253417851,9.64909839630127
1785982650.4778275,-0.05721818655729294,0.06447672843933105,-0.006783973425626763,0.11140519380569458,-0.2654125690460193,9.952893257141113
1785982650.4958277,-0.057928651571273804,0.02704572305083275,-0.013448546640574936,-1.0187187194824219,-0.5550001263618457,9.74856185913086
1785982650.5188277,-0.05532975494861603,0.01997062005102634,-0.015333511866629125,0.14460411667823792,0.8315246105194103,9.30290412902832
1785982650.5368168,-0.07480703294277191,0.020323716104030606,-0.015303739346563818,-1.6667485237121582,0.7046924829483043,9.51785945892334
1785982650.5598168,-0.07406088709831238,0.02186491712927818,-0.01654676347970963,0.21902421116828918,0.7793125510215771,9.842695236206055
1785982650.5768168,-0.0558314248919487,0.0264225285500288,-0.010651329532265667,-0.9679559469223022,0.35616499185562256,9.757377624511719
1785982650.594817,-0.05495423823595047,0.0323035754263401,-0.006869497708976273,-0.4554552137851715,0.47185260057449463,10.060317039489746
1785982650.617817,-0.04485011100769043,0.056039486080408096,-0.009943873621523387,-0.8151067495346069,0.47860449552536133,9.91324520111084
1785982650.6358063,-0.03541593998670578,0.026214303448796272,-0.009029549546539787,-0.6036280393600464,-0.018710955977438687,9.75905704498291
1785982650.6588063,-0.04372341185808182,0.04289668798446655,-0.010486842133104806,-1.2457573413848877,0.6752644181251538,9.911518096923828
1785982650.6758063,-0.017869429662823677,0.043930936604738235,-0.009593137539923196,-0.1413474977016449,-0.903374910354613,9.729779243469238
1785982650.6988063,-0.01902029663324356,0.04021412879228592,-0.013151531107723718,-0.2112443447113037,0.062052130699158915,9.789915084838867
1785982650.7168064,-0.011320765130221844,0.028889020904898643,-0.012073911726474765,-0.3750047981739044,-0.25601276755332825,9.849649429321289
1785982650.733796,-0.01210308913141489,0.03463992848992348,-0.012693798169493679,-1.1687088012695312,0.7587881088256848,9.690220832824707
1785982650.7577958,-0.013226740062236786,0.02092151716351509,-0.012145903892815115,-1.5464240312576294,0.1875557005405438,9.693831443786621
1785982650.7747958,-0.006454162299633026,0.008505010977387427,-0.01579461619257927,0.5021647214889526,1.374133586883546,9.613216400146484
1785982650.7977958,-0.010575308464467525,-0.0010149981826543817,-0.007852527312934399,-1.129105806350708,0.21229705214500547,9.739603996276855
1785982650.815796,-0.02244834043085575,-0.012782524339854719,-0.008889490738511084,-0.42745476961135864,0.20591261982917905,9.759305953979492
1785982650.8387854,-0.007894055917859077,-0.005216781049966813,-0.009895077906548977,-0.5879109501838684,-0.0543271303176868,9.703556060791016
1785982650.8567853,0.0015645409002900124,0.01156686246395111,-0.0054311193525791186,0.4190877676010132,-0.37544041872024414,9.797151565551758
1785982650.8797853,-0.007940844632685184,0.004099725745618343,-0.0023676874116063122,-0.5376971364021301,-0.09108668565750005,9.515965461730957
1785982650.8977854,0.009946842677891254,-0.0021607847884297375,-0.0030648848041892047,-1.714172124862671,-1.394387364387511,9.758889198303223
1785982650.9377742,-0.0016997535713016987,0.04610339179635048,0.0010033381404355112,-1.0358877182006836,-0.17528147995471835,9.730620384216309
1785982650.972774,0.01555675733834505,0.045015599578619,0.004506130702793593,-0.8145825862884521,0.23505982756614804,9.805130004882812
1785982650.9967742,0.014492371119558811,0.037647683173418045,0.011682119220495219,-2.587080717086792,0.8346673250198375,9.368768692016602
1785982651.0137742,-0.012347083538770676,0.039868708699941635,-0.0003826601314358462,-0.2985920310020447,-0.4011697173118579,9.855301856994629
1785982651.036764,0.008800850249826908,0.030965331941843033,0.006325465161353346,-0.2985920310020447,-0.4011697173118579,9.855301856994629
1785982651.0547638,0.015429911203682423,0.023751722648739815,0.0008264160715043515,-0.7511333227157593,-0.49209859967231634,9.656627655029297
1785982651.0777638,0.00792256835848093,0.014761695638298988,-0.0011006696149706858,-0.03236176818609238,0.6049320697784435,9.409534454345703
1785982651.095764,0.009197761304676533,0.0053971619345247746,0.0022317441180348388,-0.21393607556819916,-0.13052785396575808,9.71064567565918
1785982651.112764,0.006745730526745319,-0.007330488879233598,0.007779977284371854,-1.042690396308899,-0.025068566203116198,9.571049690246582
1785982651.1357536,0.01540373731404543,-0.008748413063585758,-0.004372225608676671,-0.9130030870437622,0.1599666178226483,9.644258499145508
1785982651.1537535,-0.014396877028048038,-0.028969688341021538,0.0038268759381026064,-0.8447346091270447,0.48569968342781183,9.67681884765625
1785982651.1767535,-0.014199876226484776,-0.021715668961405754,-0.008555988781154152,-2.2478771209716797,0.37299844622612116,9.590686798095703
1785982651.1997535,-0.017216624692082405,-0.020681070163846016,-0.003048254176974294,-0.5764341354370117,0.5956746339797986,9.596156120300293
1785982651.2167535,-0.03929596021771431,-0.025852594524621964,-0.00011256913421675246,-0.6601824760437012,-0.10095098614692567,9.876481056213379
1785982651.234742,-0.04378749430179596,-0.015894483774900436,-0.00881422497332096,-0.31111034750938416,0.37696591019630554,9.805455207824707
1785982651.257742,-0.044514250010252,-0.0068845017813146114,-0.0023128027096390716,-0.9291650056838989,0.47045221924781916,9.568216323852539
1785982651.2757418,-0.047290585935115814,0.0018763977568596597,-0.0038254573009908204,-0.6669163107872009,-0.005010619759558456,9.598381996154785
1785982651.2987418,-0.03842351958155632,0.005191682837903499,-0.008716710843145847,1.4396650791168213,1.081158280372621,10.021833419799805
1785982651.3167417,-0.042032625526189804,-0.011467919684946537,0.00047797540901228926,-0.02106991410255432,-0.3278142213821399,9.836708068847656
1785982651.3397284,-0.021852314472198486,0.00024169078096747293,-0.008568149991333485,-0.4232206344604492,0.21880018711090204,9.475875854492188
1785982651.3567283,-0.02867303416132927,-0.002097823657095433,-0.007753278594464064,-0.638027548789978,0.5325282812118542,9.7080717086792
1785982651.3807282,-0.008954920805990696,0.01677695475518703,-0.0176976565271616,-0.14737717807292938,0.30835995078086975,10.123177528381348
1785982651.4157283,0.01322746742516756,-0.014345828443765642,-0.008952492848038672,-1.0339263677597046,-1.0229370594024645,10.007518768310547
1785982651.4377177,0.017987586557865143,-0.018426628783345226,-0.01710424944758415,-1.1926454305648804,0.636586666107179,9.599883079528809
1785982651.4557178,0.01944730058312416,-0.05498819425702095,-0.01934796199202537,-0.5753694772720337,0.15103857219219333,10.19361400604248
1785982651.4727178,0.0444001667201519,-0.058726225048303604,-0.027965063229203217,-0.5753694772720337,0.15103857219219333,10.19361400604248
1785982651.4967177,0.043137628585100174,-0.05957751348614693,-0.0149334343150258,-0.556046187877655,-0.06632639467716096,9.8054838180542
1785982651.5187178,0.04790106415748596,-0.059307582676410675,-0.022923273965716355,0.9193212985992432,-0.1957608461379993,9.844196319580078
1785982651.5387073,0.05031983181834221,-0.08230089396238327,-0.008467914536595334,0.7261664867401123,-0.4098089933395374,9.742205619812012
1785982651.5547073,0.04066307097673416,-0.08584621548652649,-0.007449136115610589,-0.8991469740867615,0.5879576802253735,9.841926574707031
1785982651.5787072,0.03301694616675377,-0.09378613531589508,-0.005364881362766016,-0.6851654648780823,-0.0018008649349200892,9.599145889282227
1785982651.6147072,0.04491530731320381,-0.02741655521094799,-0.010525866411626335,-0.5371926426887512,0.49932283163070795,9.619009971618652
1785982651.6336958,0.03171635791659355,-0.0016548525309190154,-0.0006330488831736145,-0.643008828163147,0.0972195416688931,9.703415870666504
1785982651.6576958,0.023169832304120064,0.023918554186820984,-0.013263423927128318,-0.0001315474510192871,0.6731799244880688,9.818628311157227
1785982651.6756957,0.05566298961639404,0.021354982629418373,-0.012463585473597053,-0.5664191246032715,-0.29953867197036627,9.693154335021973
1785982651.6936958,0.0623059943318367,0.03776869922876358,-0.013081719167530542,-1.5115429162979126,0.3452897071838391,9.80085563659668
1785982651.7176957,0.07413338124752045,0.040473900735378265,-0.009500286541879182,-0.16299329698085785,-0.5237083435058582,10.009503364562988
1785982651.734684,0.09129989147186279,0.016834152862429615,-0.015722911804914478,-0.6027606725692749,0.3254229426383984,9.630683898925781
1785982651.757684,0.10529465973377228,-0.01016012951731682,-0.009925531223416327,-1.0323760509490967,0.14540854096412778,9.740047454833984
1785982651.7756839,0.07988601177930832,-0.0012400401756167427,-0.012750120833516121,-0.7997024059295654,0.13043028116226316,9.85322380065918
1785982651.793684,0.0563020184636116,-0.032596126198768616,-0.007431177422404285,-0.6029295921325684,-0.3997637033462512,9.814297676086426
1785982651.816684,0.04671921581029892,-0.04943591728806496,-0.008994519710540766,-0.752985954284668,-0.4725418984889972,10.045918464660645
1785982651.8346732,0.02860458381474018,-0.08387468755245209,-0.00385673064738511,-1.4298518896102905,0.7942696809768689,9.756707191467285
1785982651.8576732,0.017803329974412918,-0.08826552331447601,-0.0019834130071103464,-0.9378110766410828,-0.05134037882089494,9.88427448272705
1785982651.8756733,0.031632691621780396,-0.08373826742172241,-0.014380150474607934,-0.30935633182525635,-0.42788338661193726,9.865466117858887
1785982651.8986733,0.03590860962867737,-0.035070691257715225,-0.011977311223745343,-1.0259675979614258,0.00015789270401119824,9.704683303833008
1785982651.9166732,0.044474560767412186,0.01701531372964382,-0.008801009505987169,-1.9537577629089355,-0.5089970827102649,9.712308883666992
1785982651.9396627,0.010572865605354309,0.007365263067185878,-0.00421752454712987,0.39780479669570923,-0.04260924458503608,9.414716720581055
1785982651.9566627,0.0037702415138483047,0.019591163843870163,-0.002250588499009612,0.4226776957511902,0.9658616185188305,9.424558639526367
1785982651.9736626,-0.0145818330347538,-0.0038108665030449633,-0.004068732727319001,-0.8068662285804749,0.33887791633606074,9.64803695678711
1785982651.9976628,-0.035755716264247894,0.010073855519294739,-0.0011022092076018466,-1.3935184478759766,0.22854107618332029,9.725831031799316
1785982652.0196626,-0.03748929500579834,0.025121934711933136,0.003234943840652701,-0.25872915983200073,0.5102625489234937,9.596392631530762
1785982652.0376525,-0.016623742878437042,0.024236304685473442,0.001637267880141732,-0.2205216884613037,0.47686618566513184,10.068056106567383
1785982652.0556524,-0.024752072989940643,0.042758308351039886,0.007543973159044976,-1.0767475366592407,0.23661717772483948,9.894336700439453
1785982652.0786524,-0.01414808351546526,0.033382486552000046,0.002341759391129013,-1.4415504932403564,-0.21488916873931765,9.695340156555176
1785982652.0966525,0.006232710555195808,0.021913783624768257,0.003798333462327716,0.22932487726211548,-0.08450419455766563,9.373525619506836
1785982652.1196525,0.01983068883419037,0.018879061564803123,0.0026663006283342817,-0.5013368129730225,0.3306621909141552,9.662487030029297
1785982652.1376412,0.023302584886550903,0.04012003168463707,-0.0010648943716660192,-0.670126736164093,0.11534506082534908,9.595486640930176
1785982652.1546412,0.019050192087888718,0.04385031759738922,0.007028168998658652,-0.20593850314617157,-0.1279406547546375,9.62109375
1785982652.1776412,0.039788033813238144,0.045408643782138824,0.0004911505384370629,-1.1524453163146973,0.5715485811233533,9.799666404724121
1785982652.1956413,0.02010451629757881,0.07115376740694046,-0.008697053417563447,-0.42445528507232666,-0.7741839885711659,9.426046371459961
1785982652.2196412,0.03232940658926964,0.04100866988301277,0.008934308774769301,0.8459935784339905,1.033953905105592,9.541340827941895
1785982652.236631,0.0037236958742141724,0.027674289420247078,0.008644746616482731,-2.419182777404785,1.2141115665435802,9.899850845336914
1785982652.2536309,-0.00027580559253692627,0.016295723617076874,0.007764384150505064,-0.9369935393333435,-1.066333770751952,9.848280906677246
1785982652.2766309,-0.011341692879796028,0.004328476265072823,-0.0035138493403792386,-1.86806058883667,-0.05188734084367632,9.820348739624023
1785982652.294631,-0.0037903040647506714,0.01187795680016279,-0.007222281768918039,-1.1703686714172363,-0.020416453480719337,9.667986869812012
1785982652.317631,0.004051027819514275,0.0062511181458830825,-0.004086147528141738,-0.6596184372901917,-0.13196113705634954,9.528470039367676
1785982652.33562,0.011703025549650192,0.021353723481297493,-0.0011889493325725224,0.15308094024658203,0.04074950516224026,9.70124626159668
1785982652.35862,0.014993056654930115,0.04822101444005966,-0.00756087806075812,0.42237430810928345,1.1429986953735363,9.57117748260498
1785982652.37662,0.021533478051424026,0.04333183914422989,-0.006399017758667474,-2.3670763969421387,0.5443672537803662,9.985800743103027
1785982652.39962,0.03447410464286804,0.019467303529381752,-0.012464236468076708,0.5234802961349487,-0.005555421113966733,9.491724967956543
1785982652.41662,0.06351733952760696,-0.007429942954331637,-0.007299578748643397,-0.6988887786865234,0.46434471011161926,9.781720161437988
1785982652.440609,0.07412475347518921,-0.03573786839842796,-0.01660516113042831,-0.8684352040290833,-0.1250972151756275,9.622060775756836
1785982652.457609,0.06215886026620865,-0.055495455861091614,-0.015314234420657151,0.16973143815994263,-0.555091857910155,9.766002655029297
1785982652.475609,0.04235532134771347,-0.04921582713723183,-0.010536827147006983,-0.44715702533721924,0.813804626464845,9.52987289428711
1785982652.498609,0.03838861733675003,-0.048997677862644196,-0.012906098738312716,-1.1575676202774048,0.4499218761920941,9.887303352355957
1785982652.515609,0.02740120328962803,-0.058249298483133316,-0.010188086889684193,-1.0865907669067383,0.6899123191833508,9.763596534729004
1785982652.5385983,0.013157786801457405,-0.0580345056951046,-0.013857171870768063,-0.20832772552967072,-0.7171274423599232,9.386174201965332
1785982652.5565982,0.0021335016936063766,-0.06051461398601532,-0.011067589744925492,0.24796807765960693,0.725695848464967,9.68436336517334
1785982652.5735981,-0.014004925265908241,-0.07198988646268845,-0.018586600199341764,-2.438645362854004,0.09894919395446898,9.837148666381836
1785982652.5975983,-0.0008171312510967255,-0.07481494545936584,-0.021057086065411557,-2.2030391693115234,-0.9035235643386829,10.082867622375488
1785982652.6145983,-0.0017210706137120724,-0.05584447830915451,-0.01504694297909736,-0.31064480543136597,-0.22437131404876587,9.927572250366211
1785982652.6375878,0.005141781643033028,-0.050008893013000495,-0.030805280432105057,-0.3821057677268982,0.11462318897247435,9.810340881347656
1785982652.6785877,0.03473316878080368,-0.03670675307512283,-0.022544689476490017,-1.1419086456298828,0.050136759877206054,9.485758781433105
1785982652.6965878,0.029599493369460106,-0.014984220266342167,-0.024466723203659054,-0.2969667613506317,-0.45343923568725464,9.921866416931152
1785982652.7135878,0.04254886507987976,-0.03763052821159363,-0.017029885202646252,-0.41195106506347656,0.3495566546916974,9.921629905700684
1785982652.7365775,0.03203418850898743,-0.03869422897696495,-0.02293593809008598,-0.6437493562698364,0.7494370937347424,9.920083045959473
1785982652.7545774,0.042359307408332825,-0.04513326287269592,-0.011273183859884734,-2.132873058319092,-0.34100741147994873,10.133336067199707
1785982652.7775774,0.02625524438917637,-0.04335138201713562,-0.004860877059400076,-1.1198294162750244,0.015832945704461362,9.944784164428711
1785982652.7945774,0.029541300609707832,-0.03481099382042885,-0.009578954428434368,-0.7594098448753357,0.3097193837165845,9.897603988647461
1785982652.8185775,0.0029358956962823868,-0.03250601887702942,-0.0071491645649075465,-0.030102573335170746,-0.3050383031368244,9.6065092086792
1785982652.8355658,0.038091614842414856,0.0024072616361081605,0.0036715683527290817,-0.22189997136592865,0.1252090334892285,9.687275886535645
1785982652.8595657,0.04491550475358963,0.0029575009830296035,-0.0030288663692772393,-1.2478618621826172,0.07548031210899468,9.455771446228027
1785982652.8765657,0.033025167882442474,0.013087438419461252,0.008106257766485212,-1.3695749044418335,-0.04215963184833408,9.71274185180664
1785982652.8945656,0.03663874417543411,0.01539183035492897,0.0032117194496095163,-0.3185359239578247,0.09110084176063656,9.677339553833008
1785982652.9175656,0.04303968697786331,0.026003461331129074,0.0049484870396554435,0.25879478454589844,0.7848075628280652,9.551473617553711
1785982652.9345555,0.044977009296417236,0.006885351147502661,-0.0012656239559873947,-2.101029872894287,-0.1485617011785495,9.888838768005371
1785982652.9755554,0.03051901049911976,0.0004206836456432944,0.004493166226893663,0.1787642240524292,-0.4144966602325428,9.724742889404297
1785982652.9985554,0.04444001615047455,-0.013518864288926123,0.008005361072719099,0.7081291675567627,0.697440028190614,9.608988761901855
1785982653.0165555,0.046738266944885254,-0.021494783461093903,0.0003425319446250823,-1.3897305727005005,-0.2977167367935169,9.514557838439941
1785982653.033545,0.04030091315507889,-0.025872837752103806,0.007465058937668804,0.09521761536598206,-0.12202017754316212,9.603703498840332
1785982653.057545,0.045835115015506744,-0.057461995631456375,0.0011737642344087432,-0.036695122718811035,-0.3626641631126392,9.686600685119629
1785982653.074545,0.038255780935287476,-0.035412613302469254,0.00607263389974833,-1.4963462352752686,0.410136252641679,9.454573631286621
1785982653.097545,0.022805677726864815,-0.028568904846906662,0.009825498796999458,-0.8655433058738708,0.12698191404342773,9.963376998901367
1785982653.115545,0.002098454162478447,-0.013306742534041403,0.009710567072033884,-1.3094907999038696,0.1311710774898541,9.672648429870605
1785982653.1385326,-0.012398645281791687,-0.0018423083238303635,0.020376238971948624,0.16960734128952026,-0.48307263851165655,9.351640701293945
1785982653.1565328,-0.022137470543384552,-0.0076114260591566545,0.012385217472910883,-0.526265025138855,0.37786069512367365,9.621615409851074
1785982653.1785326,-0.027908066287636757,-0.004695316776633262,0.0043643475510180005,-0.635868489742279,-0.695834159851073,9.797752380371094
1785982653.1965327,-0.028235258534550667,-0.014007262885570524,0.011573573574423792,-1.3043779134750366,0.04423268139362454,9.689706802368164
1785982653.2135327,-0.032925479114055634,-0.025698207318782806,0.004446521401405338,-0.3923267126083374,0.12480384111404536,9.568127632141113
1785982653.2375224,-0.03195565193891525,-0.024852963164448738,0.005127029027789835,1.2139967679977417,0.45326104760170105,9.794408798217773
1785982653.2545223,-0.011555644683539867,-0.01852102391421795,0.006807982921600344,-1.7065353393554688,0.5537546277046216,10.057889938354492
1785982653.2775223,-0.009639443829655647,-0.018494961783289906,0.018538691103458408,-1.0780491828918457,0.09439559280872462,9.464588165283203
1785982653.2955225,-0.0007812385447323322,0.0026470161974430084,-8.269795216620292e-06,-0.6881415843963623,-0.2959483265876758,10.009613990783691
1785982653.3185225,0.010110318660736084,0.0032900460064411176,0.009217239916324615,-0.34191465377807617,0.41372072696685913,9.973795890808105
1785982653.3365119,0.01841779798269272,-0.019193002954125404,0.004313399083912375,-2.1000125408172607,-0.20774592459201693,9.831257820129395
1785982653.3595119,0.02096492052078247,0.001559981959871948,0.001293588546104729,-1.27772855758667,-0.5600572824478138,9.311722755432129
1785982653.377512,0.024766482412815094,-0.01100128423422575,-0.00214689946733415,-0.7361876368522644,-0.13864804804324982,10.034421920776367
1785982653.3955119,0.03969418257474899,-0.022060206159949303,-0.0012146993540227387,-1.9331648349761963,1.0430539846420301,10.465801239013672
1785982653.4185119,0.035188186913728714,-0.03753236308693886,-0.0027970334049314213,-1.1815617084503174,-0.48314124345779297,9.777193069458008
1785982653.4355013,0.041800182312726974,-0.024404462426900864,-0.002498056972399351,-0.26313522458076477,0.13784025609493372,9.535645484924316
1785982653.4585013,0.0400773249566555,-0.04177911579608917,1.0485528037003184e-06,0.903506338596344,-0.730596601963042,9.529618263244629
1785982653.4765015,0.007398812100291252,-0.036771368235349655,0.006910759024322037,-0.2285463511943817,0.7672268152236951,9.591948509216309
1785982653.4935014,0.014497742056846619,-0.012859511189162731,0.00032735767308622756,-2.1271893978118896,-0.1242685392498958,9.8891019821167
1785982653.5165014,0.025341838598251343,-0.020632807165384293,0.0015270655276253845,-2.1271893978118896,-0.1242685392498958,9.8891019821167
1785982653.5344906,0.0186280757188797,-0.017835082486271858,0.0016338302521035097,-0.7544532418251038,0.042077019810677775,9.784557342529297
1785982653.5574906,0.017275504767894745,-0.022634878754615784,0.0039013498462736633,-1.1336171627044678,0.21898509562015653,9.698169708251953
1785982653.5754907,0.018581781536340714,-0.019280456006526947,-0.0015256272163242078,-0.8798418641090393,-0.6548688411712635,9.464847564697266
1785982653.5984907,0.030703794211149216,-0.013260561972856522,0.0067819291725754755,1.118809461593628,-0.5265507102012623,9.461519241333008
1785982653.6164906,0.03561047092080116,0.0008745798841118821,0.007455181330442429,0.3196309506893158,0.9907388091087354,9.689797401428223
1785982653.6334803,0.035653069615364075,0.016983477398753166,-0.002605560002848508,-2.710484743118286,-0.5850291848182666,9.86705207824707
1785982653.6744802,0.018883414566516876,0.014149273745715616,-0.008927605114877226,-1.5226435661315918,-0.05729378014802812,9.841431617736816
1785982653.6974802,0.018872540444135666,-0.005285334773361682,0.007555047050118447,-0.7802045941352844,0.010813638567925679,9.634852409362793
1785982653.71548,-0.005218473728746176,-0.011563693173229694,-0.0003696500789374099,-0.5895347595214844,-0.28636825084686157,9.783660888671875
1785982653.7384691,-0.014186251908540726,-0.01768081821501255,6.446044426411607e-05,-0.4126834273338318,-0.07926953583955645,9.691085815429688
1785982653.7724693,-0.03108297288417816,-0.037669502198696136,0.00041001313365996345,-1.007026195526123,-0.1464933305978763,9.706591606140137
1785982653.8134692,-0.04906725510954857,-0.03888079524040222,0.0031596890185028362,-1.007026195526123,-0.1464933305978763,9.706591606140137
1785982653.8374584,-0.0691039115190506,-0.064518503844738,-0.0016216521617025059,0.17255789041519165,-0.09762804955243946,9.63033676147461
1785982653.8544583,-0.09210848808288574,-0.07003828883171082,-0.00026072422042488195,-3.1430022716522217,0.06649410724640012,9.764278411865234
1785982653.8774583,-0.10928969085216522,-0.07733564078807831,-0.003918746486306181,-1.0372735261917114,0.2871091961860669,9.846840858459473
1785982653.8954585,-0.12477600574493408,-0.06006431207060814,-0.002633097348734729,-0.7447134852409363,0.23911319673061493,9.983911514282227
1785982653.9124584,-0.12288548797369003,-0.08683065325021744,-0.0005577353294938696,-1.0278527736663818,0.23075516521930814,9.635995864868164
1785982653.9364479,-0.10815251618623734,-0.0878642126917839,-0.0032499537337571274,-0.20089146494865417,-0.1331279426813114,9.483048439025879
1785982653.9534478,-0.11633022874593735,-0.09583689272403717,0.004731604829430592,-0.5493427515029907,0.20364852249622467,9.86449146270752
1785982653.9994478,-0.0950627326965332,-0.08335065096616745,0.00021267216652632782,0.002230435609817505,0.2811575531959546,9.882761001586914
1785982654.017448,-0.10058188438415527,-0.08498924970626831,-0.004869546741247167,-1.1480069160461426,-0.05069418251514311,10.091272354125977
1785982654.034437,-0.10289961844682693,-0.0838061273097992,-0.008157240226864804,-1.1120927333831787,-0.10429907590150714,9.69202995300293
1785982654.0754368,-0.09728985279798508,-0.06118353456258774,-0.0039583714678883474,-1.9352550506591797,1.3810038566589369,10.1122465133667
1785982654.0984368,-0.10446614027023315,-0.07751815766096115,0.010673562996089467,-0.7366588115692139,0.42553031444549677,9.477556228637695
1785982654.116437,-0.075270876288414,-0.08593832701444626,-0.004059181548655023,-0.8595263361930847,0.07766421139240384,9.801460266113281
1785982654.1344264,-0.06248321384191513,-0.08838242292404175,0.010927700437605391,-1.1521642208099365,1.0067204236984264,9.619098663330078
1785982654.1574264,-0.08642741292715073,-0.060443103313446045,-0.00027656671591102334,-2.103065252304077,0.013385906815530074,9.837560653686523
1785982654.1754265,-0.06823329627513885,-0.06745600700378418,0.0019898121245205485,-0.4191220700740814,0.2775983214378369,9.960701942443848
1785982654.1924264,-0.05274040997028351,-0.06343962997198105,0.0006473639514297325,-0.8164117932319641,-0.07641371339559434,9.828478813171387
1785982654.2164264,-0.06435203552246094,-0.04781585559248924,-0.004249466583132738,-1.2183136940002441,-0.5134034752845752,9.738836288452148
1785982654.239416,-0.05946040898561478,-0.05058789998292923,-0.00015308300498872375,-0.14159244298934937,-0.8288924694061267,10.230168342590332
1785982654.2564158,-0.04701339453458786,-0.0709499642252922,0.005313619039952764,-0.5800153613090515,0.6501498222351086,10.060405731201172
1785982654.275416,-0.05748477205634117,-0.03232092782855034,-0.003802435938268896,-1.2532495260238647,-0.9102956056594836,9.747273445129395
1785982654.297416,-0.04136347770690918,-0.04989803954958916,0.007703969720751053,-1.1527771949768066,0.7336668968200696,9.70979118347168
1785982654.3154159,-0.022975165396928787,-0.05242108553647995,-0.008078986778855317,-0.17970149219036102,-0.10339753329753758,9.671850204467773
1785982654.3384037,-0.027064219117164612,-0.04741349443793297,0.0013465728843584715,-2.6097042560577393,0.11084684729576234,10.09446907043457
1785982654.3564036,-0.05538289621472359,-0.05834626778960228,0.0015139501774683666,1.506759524345398,-0.6420577764511096,9.932570457458496
1785982654.3794036,-0.027028236538171768,-0.05678195506334305,-0.0036729970015585353,-0.1143728643655777,1.0641070604324352,9.479693412780762
1785982654.3974037,-0.017495745792984962,-0.05576952546834946,-0.005655939690768712,-1.621812343597412,-0.403344154357909,9.739913940429688
1785982654.4144037,-0.037235360592603683,-0.05347437411546707,-0.0035916185006499225,0.2027544230222702,0.3506822288036358,9.650331497192383
1785982654.4373932,-0.04691990464925766,-0.05993156135082245,-0.0016683831345289872,-0.9209368228912354,0.04448679089546324,9.81629753112793
1785982654.472393,-0.05343274399638176,-0.06332996487617493,-0.0030789920128881853,-1.0196744203567505,0.677544951438905,9.889829635620117
1785982654.495393,-0.054615817964076996,-0.06274188309907913,0.0012800493277609424,-1.9374561309814453,-0.3261551558971393,10.048429489135742
1785982654.5133932,-0.05621306225657463,-0.05493256822228432,0.0024704267270863126,-0.4454687237739563,-1.1630654335021962,9.350337028503418
1785982654.5363824,-0.06629358977079391,-0.036335065960884094,-0.0004654433578252748,-1.482791781425476,-0.23383593559265015,10.046928405761719
1785982654.5533824,-0.053488824516534805,-0.036442987620830536,-0.005673730745911594,-1.4155384302139282,0.010583490133286756,10.073112487792969
1785982654.5773823,-0.061432573944330215,-0.055830370634794235,0.005914291366934783,-2.247356414794922,-0.5401730537414539,9.684117317199707
1785982654.5943823,-0.0652899220585823,-0.045580390840768814,0.008526926860213285,-0.46669095754623413,-0.19447720050811648,9.81110668182373
1785982654.6183825,-0.07401323318481445,-0.03911668807268143,-0.0007042454089969349,-1.0636664628982544,0.05040876567363859,9.788070678710938
1785982654.6353703,-0.07043033093214035,-0.03621714189648628,-0.0016612492036074357,-2.4782755374908447,-0.6625517606735217,10.11230754852295
1785982654.6583703,-0.07492557168006897,-0.04625790938735008,0.0008529600454494413,-0.17925089597702026,-0.40677568316459534,9.815942764282227
1785982654.6933703,-0.06100583076477051,-0.006751444190740585,0.003247617511078716,-1.4462147951126099,0.007411286234856876,9.994575500488281
1785982654.7173703,-0.05087041109800339,0.00485922209918499,0.0021295384503901,-0.31665241718292236,-0.6785478591918933,9.786336898803711
1785982654.73436,-0.05774177983403206,0.02629224769771099,-0.004059701226651672,0.16540329158306122,0.6117303371429454,9.467171669006348
1785982654.75736,-0.023019973188638687,0.01452613715082407,0.00018717907369136631,-0.7736592292785645,1.0304225683212294,10.082587242126465
1785982654.7753599,-0.0015969090163707733,0.0017031985335052016,0.0022373967804014683,-1.1188443899154663,-0.813485264778136,9.989688873291016
1785982654.7993598,-0.008842969313263893,0.00042078812839463445,0.007484194822609425,0.667629599571228,-0.06847471743821983,9.444282531738281
1785982654.8393493,0.013135488145053387,-0.008753041736781595,0.008718487806618215,-0.9831696152687073,-1.034827113151549,10.25748348236084
1785982654.8563495,0.0023285923525691032,-0.02054641582071781,0.006222344469279053,-0.6394270062446594,0.26329892873764155,9.654099464416504
1785982654.8743494,0.0036452310159802437,-0.0018267971463501447,0.004606264177709818,-0.6394270062446594,0.26329892873764155,9.654099464416504
1785982654.8973494,0.014731778763234615,0.006634661462157966,0.009703158400952816,-1.8297442197799683,0.8237913846969617,10.040804862976074
1785982654.9153495,0.02475159987807274,0.0023465699050575495,0.001227505039423704,1.0743716955184937,-0.6973716020584094,10.013472557067871
1785982654.938339,0.019463293254375458,0.010512761771678925,0.00026454124599695076,0.1614982634782791,0.7926461696624768,9.620991706848145
1785982654.956339,0.036243412643671036,0.02181403525173664,-0.002273115329444411,-0.9475339651107788,-0.6962248086929309,9.665864944458008
1785982654.9733388,0.017672143876552582,0.018731752410531044,-0.0014061690308153653,1.0744510889053345,0.5611164569854747,9.484491348266602
1785982654.9963388,0.0147521598264575,0.0015779510140419009,0.0023573171347379684,-0.7439234256744385,0.5212554931640637,9.912936210632324
1785982655.0133388,0.023213263601064682,-0.001004674239084125,-0.003389306366443634,-0.03566894680261612,-0.4494007825851428,9.940383911132812
1785982655.0373285,0.009989202953875065,-0.011185666546225548,0.00041943474207073586,0.7389917373657227,-0.6869376897811877,9.768818855285645
1785982655.0543284,0.004815048538148403,-0.020471172407269478,-0.007191106677055356,-1.665634274482727,-0.057828426361082826,9.438980102539062
1785982655.0773284,0.005406524986028671,-0.040737807750701904,-0.0021008020266890474,-1.2321991920471191,-0.0871375799179065,9.958081245422363
1785982655.0953283,0.01312240120023489,-0.03743567317724228,-0.0034745936281979036,-0.1362275332212448,0.2621300816535962,10.098437309265137
1785982655.1123283,0.0076343221589922905,-0.017621502280235294,-0.01756109111011028,-1.4614355564117432,-0.12018957734107849,9.98892879486084
1785982655.1363177,0.000513613224029541,-0.011130768805742266,-0.017293913289904594,-1.63113272190094,0.4799235165119184,10.292760848999023
1785982655.1533177,-0.01777474582195282,0.010948234237730501,-0.012770454399287702,-1.63113272190094,0.4799235165119184,10.292760848999023
1785982655.1773176,-0.012428700923919678,0.013517454266548155,-0.012286844663321974,1.7886945009231567,0.09196612238884089,9.521329879760742
1785982655.1943176,-0.02046329528093338,0.007033048663288352,-0.021843967959284782,-1.3167835474014282,0.22897842526435974,9.98979377746582
1785982655.2173176,-0.03754566237330437,-0.0027066795155406016,-0.015401393175125122,-0.5952156782150269,-0.5312393903732288,9.710183143615723
1785982655.2353072,-0.02388099767267704,-0.0077603422105312365,-0.01489821821451187,0.9011940956115723,-0.3174599707126606,9.500846862792969
1785982655.2583072,-0.018157854676246643,-0.001323816599324347,-0.01309282798320055,0.05596727132797241,0.5575469732284558,9.750717163085938
1785982655.2753072,-0.018443817272782326,0.010432653129100798,-0.007730517070740462,-0.6719341278076172,-0.09446896612644075,9.840620040893555
1785982655.293307,-0.00685509666800499,0.017998816445469853,-0.015247615054249765,-1.1520390510559082,0.18002344667911652,10.073759078979492
1785982655.316307,0.016282612457871437,0.02748383767902851,-0.005110801197588447,0.5765356421470642,-0.1787786185741413,9.431550025939941
1785982655.3342934,0.02542153187096119,0.04839048534631729,-0.013581324368715291,0.15601857006549835,0.7661601901054395,10.113546371459961
1785982655.3572934,0.029496869072318077,0.06085818260908127,-0.009108316153287895,-0.8330783843994141,0.15283815562725186,9.750397682189941
1785982655.3752933,0.02360820211470127,0.05281289666891098,-0.011478461325168617,-1.286997675895691,-0.742747366428374,10.18258285522461
1785982655.3982933,0.03619054704904556,0.058121442794799805,-0.004507905803620822,-0.6233115792274475,0.23157216608524442,9.749018669128418
1785982655.4152932,0.026414791122078896,0.055482059717178345,-0.009466281160712249,-1.134119987487793,-0.03612492978572722,10.072964668273926
1785982655.439283,0.02773921750485897,0.053878188133239746,-0.006142599042505033,-0.7549578547477722,-0.5208613276481616,9.896489143371582
1785982655.4562829,0.026748167350888252,0.05051668360829353,-0.014673870056867606,-0.5969204902648926,-0.4541439414024341,10.083786964416504
1785982655.4732828,0.0361383855342865,0.03874047100543976,-0.01892424747347832,-0.8549672961235046,0.17102356255054593,9.679862022399902
1785982655.4972827,0.03838242590427399,0.03924635052680969,-0.01778693683445454,-0.8307094573974609,-0.2019603699445712,10.122945785522461
1785982655.5142827,0.07528697699308395,0.042129483073949814,-0.010086097754538064,-0.8454722166061401,-0.3109461963176715,9.786588668823242
1785982655.538271,0.0755874291062355,0.04123879224061966,-0.012181544676423078,-0.1297890990972519,0.10479862987995264,9.565316200256348
1785982655.579271,0.0673261508345604,0.03159695491194725,-0.010163677856326107,-0.7234851717948914,-0.30396592617034796,9.665863990783691
1785982655.596271,0.052516452968120575,0.041501954197883606,-0.012105789035558706,0.6199738383293152,-0.049473389983175985,9.79508113861084
1785982655.614271,0.04976490139961243,0.017159363254904747,-0.005623673088848593,-1.3071823120117188,0.0562075674533856,9.78760051727295
1785982655.6372604,0.0657106265425682,0.012812224216759203,-0.011115279048681261,-0.672218918800354,-0.8282787203788745,9.878617286682129
1785982655.6552606,0.046248242259025574,0.000450857216492293,-0.01837412267923355,1.228191614151001,-0.33045518398284796,9.388690948486328
1785982655.6782606,0.05260920524597168,-0.010483086109161377,-0.0036162263713777052,-1.3231545686721802,-0.11163099110126373,9.965360641479492
1785982655.7192605,0.04495131969451904,-0.01840614154934883,-0.0112354913726449,-1.2522557973861694,0.22468648850917938,9.944314956665039
1785982655.7362506,0.032957904040813446,-0.0018242936348542575,-0.002966432366520166,-0.8605762124061584,-0.6756298542022693,9.836055755615234
1785982655.7532506,0.023001721128821373,-0.006690885405987502,-0.009830760769546032,-0.756780743598938,-0.1297516524791705,10.182840347290039
1785982655.7772505,0.009213661774992943,-0.002973473630845548,-0.009684772230684757,-1.015234112739563,-1.0218544006347645,9.68970012664795
1785982655.7942505,0.018707389011979103,-0.006482266355305912,-0.010854660533368587,0.7038448452949524,-0.061937183141707174,9.819477081298828
1785982655.8172505,0.018491266295313835,-0.004738618154078723,-0.004827560391277074,-0.5816122889518738,0.32699286937713745,9.796732902526855
1785982655.8352404,0.0053145186975598335,0.0001057393383234733,-0.0052190725691616535,-0.7972548604011536,-0.6994048357009875,10.027143478393555
1785982655.8582404,0.005243854597210884,-0.005595501977950334,0.004914976190775634,-0.11073756217956543,-0.19277343153953436,9.534294128417969
1785982655.8772404,0.002453705295920372,-0.016810663044452667,0.0058260546065866965,-1.7662192583084106,0.4783239960670484,10.223112106323242
1785982655.8942404,0.003790813498198986,-0.006841013673692942,0.0013629605527967223,0.5126166939735413,-0.9048247933387744,9.978730201721191
1785982655.9172404,0.009334208443760872,0.002250333549454809,0.0074263024143874645,0.5126166939735413,-0.9048247933387744,9.978730201721191
1785982655.93523,0.012983052060008049,0.012093305587768556,0.011394140310585497,-2.5121524333953857,-0.024442926049231217,10.326976776123047
1785982655.95223,0.02911948226392269,0.026114538311958313,0.005658456590026614,-0.39472368359565735,0.18542207777500275,10.005681991577148
1785982655.9992301,0.03758420795202255,0.009112796746194364,0.0172295980155468,-1.0068385601043701,0.5729385018348706,10.055006980895996
1785982656.01623,0.040311604738235474,-0.010609749704599379,0.017558244988322258,1.3328417539596558,-1.3107624053955067,9.791921615600586
1785982656.0342195,0.02299049310386181,0.002685572486370805,0.02356603927910328,-2.6817052364349365,-0.04733160138130068,9.77550983428955
1785982656.0572195,0.010460780933499336,-0.014113219454884526,0.024539530277252197,-0.052029915153980255,0.46419847011566284,9.816898345947266
1785982656.0742195,0.007254226133227348,-0.023234009742736813,0.020269116386771206,-0.69169020652771,-0.16680334508418918,9.846059799194336
1785982656.0922196,-0.013053770177066326,0.0046862261369824436,0.02155146561563015,-0.5247886776924133,-0.9918551445007311,10.47275161743164
1785982656.1152196,-0.021918106824159622,0.009710489772260193,0.031767312437295914,-0.696450412273407,-0.3749328553676593,9.807389259338379
1785982656.139209,-0.027335843071341515,0.012601225636899475,0.02784859389066696,-0.6963105201721191,-0.23082944750785708,9.690719604492188
1785982656.156209,-0.04538758844137192,0.03373122587800026,0.019064214080572125,-0.1001659631729126,-0.679728031158446,9.789216995239258
1785982656.174209,-0.04720652848482132,0.021828025579452518,0.027059825137257573,-0.4393054246902466,-0.26434427499770996,10.02407169342041
1785982656.1972091,-0.0596301406621933,0.017821250483393673,0.02145101688802242,0.5858946442604065,-0.8665767908096301,10.086263656616211
1785982656.214209,-0.050534673035144806,0.00019418261945247973,0.026338651776313782,-1.1200551986694336,0.4490376114845288,9.828069686889648
1785982656.237198,-0.04853210598230362,-0.0029743611812591514,0.031522516161203384,-0.46346980333328247,-0.681334853172301,9.857799530029297
1785982656.255198,-0.035775139927864075,-0.008440253324806687,0.02770763635635376,-0.16081613302230835,-0.22328704595565677,9.746986389160156
1785982656.313198,0.03708101063966751,-0.052224915474653244,0.02549188397824765,-0.2675943076610565,-0.07098667323589206,9.793360710144043
1785982656.3371868,0.02852594293653965,-0.034035008400678635,0.02595668472349644,1.117520809173584,0.4310439229011548,9.854366302490234
1785982656.3541868,0.04917842149734497,-0.03256414458155632,0.022306634113192562,0.25628191232681274,-0.5963724851608264,9.779495239257812
1785982656.3771868,0.05280796438455582,-0.0006764742429368182,0.013588049449026585,-0.49115675687789917,-0.07787537574767946,9.846372604370117
1785982656.395187,0.04578530043363571,-0.02282086387276649,0.023202482610940937,-1.0407730340957642,-0.48704490065574524,9.990089416503906
1785982656.418187,0.044980354607105255,-0.020247828215360638,0.018232088536024097,-0.35713493824005127,-0.9899686574935901,9.921151161193848
1785982656.436176,0.05428675562143326,-0.01889602281153202,0.00885512959212065,-0.015808135271072388,0.7871185541152966,9.534247398376465
1785982656.459176,0.03685206174850464,-0.019898509606719017,0.013778324238955976,-0.7564377784729004,-0.6081984639167773,9.831421852111816
1785982656.476176,0.03596264123916626,-0.027756184339523315,0.012451817281544212,-0.7135553359985352,-0.0560130625963199,9.833695411682129
1785982656.4941761,0.05180468410253525,-0.022654421627521515,0.008948176167905334,-0.8471419215202332,-0.5179151892662036,9.729127883911133
1785982656.5171762,0.035649947822093964,-0.011335510760545729,0.01066920440644026,0.2599965035915375,0.19215288758278012,9.6852445602417
1785982656.5351653,0.0181573573499918,0.01703435368835926,0.008419131860136984,-0.9737241268157959,-0.05305309593677401,9.782191276550293
1785982656.5521653,0.02547372318804264,-0.003354821121320128,0.0046760207042098045,-0.36347734928131104,-0.536957800388335,9.624822616577148
1785982656.5751653,0.017133289948105812,0.001938302302733064,0.0015936954878270624,-0.36347734928131104,-0.536957800388335,9.624822616577148
1785982656.5931654,0.00012722238898277283,0.022346382960677147,-0.001932129613123837,-1.3752537965774536,-0.5049061775207507,10.066768646240234
1785982656.6161654,0.01330120675265789,0.011599104851484299,0.00677909469231963,-0.44938650727272034,-0.5696223974227893,9.93092155456543
1785982656.634155,-0.003833705559372902,0.029846927151083946,0.00243823695927858,-0.27322855591773987,-0.15830315649509308,9.970550537109375
1785982656.657155,-0.006040896754711866,0.013217490166425707,0.011331484653055666,0.033884257078170776,0.9466555118560802,9.466562271118164
1785982656.6751552,0.006887197494506836,0.019982818514108658,0.007867160253226755,0.7288529276847839,-1.4272805452346788,10.044504165649414
1785982656.6981552,0.004242569208145142,0.005330485291779041,0.0018936368869617575,-0.04771898686885834,-0.5874074697494495,9.681863784790039
1785982656.7151551,-0.010105228051543236,0.008360371924936771,0.0030395700596272937,-0.3819330036640167,-0.4676323235034931,9.621182441711426
1785982656.7391446,-0.0034152893349528313,-0.004675835836678745,-0.012669429183006287,-0.6625103950500488,0.10785812139511229,9.841778755187988
1785982656.7561445,0.006162628531455994,-0.01840781420469284,-0.01103432662785053,-0.6712100505828857,-0.5641725063323962,9.731508255004883
1785982656.7731445,-0.011296245269477367,-0.000607229478191585,-0.005407426506280899,0.24166250228881836,0.36424398422241333,9.801986694335938
1785982656.7971447,0.00696633942425251,0.008816207759082316,-0.008429143577814104,-0.839409351348877,0.46262514591217163,9.863844871520996
1785982656.8141446,0.012513445690274239,-0.009664417244493961,-0.006022194866091012,-1.1000642776489258,-0.129786893725394,9.844246864318848
1785982656.8371344,-0.010831648483872414,0.00126416911371052,-0.02145066112279892,0.2928527295589447,0.18270739912986875,9.644363403320312
1785982656.8551342,0.0004328712821006775,0.007046261336654423,-0.012345005758106709,-0.729000449180603,0.10856625437736633,9.946454048156738
1785982656.8781343,0.00011588912457227707,0.03084156662225723,-0.023232029750943187,0.6110748052597046,-0.5223885774612415,9.732627868652344
1785982656.8961344,-0.026487598195672035,0.01748610287904739,-0.023336518555879596,-0.7988013625144958,-0.15635433793067813,9.800898551940918
1785982656.9131343,-0.055793486535549164,0.028060270473361012,-0.017017399892210964,0.03890480101108551,-0.2244997322559345,9.586193084716797
1785982656.9361236,-0.08257904648780823,0.03982541337609291,-0.024193599820137027,-0.09117566794157028,-0.010679587721823447,9.781893730163574
1785982656.9601235,-0.08266785740852356,0.049690037965774536,-0.007964339107275016,-0.8982037901878357,0.5611624121665967,9.798700332641602
1785982656.9771235,-0.051698148250579834,0.051239658147096634,-0.008920847438275821,-0.8982037901878357,0.5611624121665967,9.798700332641602
1785982656.9941237,-0.0073324344120919704,0.060298316180706024,-0.015034255571663387,0.06014898419380188,-0.35275420546531555,9.761665344238281
1785982657.0171237,0.044232189655303955,0.043290235102176666,-0.00913894828408957,-0.9039416909217834,-0.11859281361102936,9.920783042907715
1785982657.0531127,0.07069945335388184,0.050263166427612305,-0.013452323153615005,-0.28024810552597046,0.7825105190277111,9.406855583190918
1785982657.0761127,0.05755987763404846,0.04781724140048027,-0.01937635615468026,-1.0089913606643677,0.044336527585984505,10.045377731323242
1785982657.093113,0.04287462681531906,0.06880245357751846,-0.01740262098610402,0.16588452458381653,-0.44711053371429327,9.670426368713379
1785982657.1341128,0.03179880976676941,0.0841548889875412,-0.022009843960404406,-0.15501722693443298,-0.6537330150604236,10.001396179199219
1785982657.1581128,0.021021144464612007,0.08466216176748276,-0.019811395555734645,1.909440517425537,-0.365102171897887,9.5277681350708
1785982657.1751127,-0.00012537837028503418,0.06328364461660385,-0.011537161655724056,-0.2684040069580078,-0.5077226161956775,9.928729057312012
1785982657.1931129,0.006982581689953804,0.026242760941386223,-0.013645811006426815,0.4196475148200989,-0.14167112112045166,10.078365325927734
1785982657.2161129,0.01705457828938961,0.032093603163957596,-0.0008854671614244619,-0.6580612063407898,-0.21006667613983035,9.734698295593262
1785982657.2401023,-0.004419201053678989,0.03241449221968651,-0.004504091106355195,-0.15546771883964539,-0.5226383805274951,10.03783130645752
1785982657.2571023,-0.009497890248894691,0.033982064574956894,0.0031485627405345397,1.9197825193405151,-0.36484903097152593,9.507071495056152
1785982657.2741024,-0.007370860781520605,0.020023103803396225,0.010870220139622687,-1.0526132583618164,0.4991666078567517,10.04651927947998
1785982657.2971025,-0.002873482648283243,-0.0015118827577680339,0.00886092334985733,0.1927768886089325,-0.49932211637496826,9.778899192810059
1785982657.3151023,0.001053735613822937,-0.006862508598715066,0.007673987187445165,-0.3644472658634186,0.6165372133255016,9.327789306640625
1785982657.338092,-0.003558000549674034,-0.0059916987083852265,0.020714933052659035,-0.18415603041648865,-0.06489605456590532,9.869340896606445
1785982657.3560922,0.0022978903725743294,-0.005519173573702572,0.013861022889614105,-0.18415603041648865,-0.06489605456590532,9.869340896606445
1785982657.379092,0.009172743186354637,-0.0036389462184160926,0.018527241423726082,-0.10501820594072342,0.18941862881183744,9.772425651550293
1785982657.3960922,0.01570514403283596,-0.0063001704402267916,0.015028621070086956,-0.5257722735404968,-0.29184374213218567,9.837716102600098
1785982657.414092,0.012976398691534996,-0.018236679956316944,0.021092295646667484,0.11321738362312317,-0.23200574517249942,9.692419052124023
1785982657.4370809,0.015672875568270683,-0.030292566865682602,0.01131896395236254,0.183493971824646,-0.9745802879333484,10.164239883422852
1785982657.4550807,0.0374491810798645,-0.03577597066760063,0.014323208481073385,-1.080923080444336,-0.028337433934210527,9.828892707824707
1785982657.4770808,0.012237409129738808,-0.03358253836631775,0.020993664860725406,-0.428730845451355,-0.37573719024658087,9.564240455627441
1785982657.495081,0.018147671595215797,-0.02485212869942188,0.02287530899047852,-0.7707746624946594,-0.3860026597976673,9.503130912780762
1785982657.512081,0.01422814093530178,-0.024478401988744732,0.020924126729369167,-0.6397569179534912,-0.6699453592300403,10.037556648254395
1785982657.53607,0.01559295691549778,-0.00982928182929754,0.01401497144252062,-0.6971071362495422,-0.2011398673057544,9.863450050354004
1785982657.55307,0.04210580140352249,-0.01202759053558111,0.01769396662712097,-1.1571449041366577,0.19697077572345856,10.07857894897461
1785982657.57607,0.07631635665893555,-0.00011991808423772335,0.009718358516693115,-0.16224418580532074,-0.9525688886642444,9.766733169555664
1785982657.60007,0.0790238156914711,0.02471126988530159,0.004837885033339259,-0.7896786332130432,0.0396110117435467,9.498496055603027
1785982657.6170702,0.07777157425880432,0.005766988266259434,0.015396739356219769,-0.004056200385093689,-1.0298136472702015,9.90734577178955
1785982657.6350596,0.08713722229003906,-0.0015053881797939526,0.010299398563802242,-0.08173677325248718,-0.21975627541541934,9.749358177185059
1785982657.6580596,0.07791681587696075,0.02227901481091976,0.010974067263305184,-0.6346839666366577,-0.7917443513870227,9.877686500549316
1785982657.6760595,0.07799829542636871,0.017469776794314384,0.01398427505046129,-0.5860192775726318,0.19550184905529144,9.975692749023438
1785982657.6930597,0.08142082393169403,-0.0164677370339632,0.018322102725505832,0.49803709983825684,-0.09820134937763096,9.635704040527344
1785982657.7170596,0.06901858747005463,-0.00255525787360966,0.016987398266792297,0.49803709983825684,-0.09820134937763096,9.635704040527344
1785982657.7340488,0.07484915852546692,-0.0051823975518345815,0.01121329702436924,-0.5524020791053772,0.2311440855264676,9.993184089660645
1785982657.7580488,0.060857243835926056,0.0044030835852026965,0.01860554702579975,0.5907199382781982,-0.8487192988395679,10.037086486816406
1785982657.7930489,0.0773184671998024,-0.008411945775151251,0.010344138368964197,-0.6675726175308228,-0.07626556605100511,9.892693519592285
1785982657.8160489,0.07727397233247757,-0.00698844948783517,-0.010145043022930622,-0.3948900103569031,-0.8002344965934741,9.720357894897461
1785982657.8390384,0.0710541158914566,-0.005190042778849602,-0.0007866564556024962,0.019794583320617676,-0.2738521993160236,9.736004829406738
1785982657.8570383,0.09186847507953644,-0.006700198631733656,0.0010330844670534143,-0.6413818597793579,0.907106935977937,9.78034496307373
1785982657.8800383,0.08921841531991959,0.006295058410614729,-0.0010694512166082868,0.3153704106807709,-0.3657001256942736,10.207840919494629
1785982657.8970382,0.09390626847743988,-0.02052174136042595,0.004453395027667287,-0.1482207477092743,-0.7743290066719043,9.917905807495117
1785982657.9150383,0.09346238523721695,-0.0006407262408174586,-0.010028684511780739,-0.6411511898040771,-0.4072366952896106,9.865387916564941
1785982657.9380267,0.09779730439186096,0.021091356873512268,-0.008445125073194506,-0.4122034013271332,-0.16376836597919342,10.016270637512207
1785982657.9560266,0.10116337239742279,0.0262661911547184,-0.012335174717009071,-0.9662859439849854,-0.7091733217239368,9.956871032714844
1785982657.9790266,0.09324676543474197,0.004829673096537588,-0.01124411728233099,1.5406687259674072,-1.3461177349090565,9.724514961242676
1785982657.9960265,0.07276922464370728,-0.014821431599557401,-0.010968166403472422,-2.185235023498535,0.029716178774834887,9.84554386138916
1785982658.0140266,0.06356149911880493,-0.0077393758110702055,-0.013984372839331625,-0.10741375386714935,-1.0584397315978993,9.618668556213379
1785982658.037016,0.05451209098100662,-0.02251232042908669,-0.01921894401311874,-0.809643030166626,0.2669782042503369,10.052940368652344
1785982658.0540159,0.034145794808864594,-0.005860879551619295,-0.027619870379567146,-0.2567054331302643,-0.4904351234436023,10.004584312438965
1785982658.0720158,0.03893391042947769,0.01319207530468702,-0.02838614583015442,-0.10930497944355011,-0.08842819929122807,9.60010814666748
1785982658.0950158,0.045960113406181335,-0.005951108876615767,-0.033379193395376205,0.6368662714958191,0.734742343425752,10.042187690734863
1785982658.113016,0.02911284752190113,0.003521041711792346,-0.032806169241666794,-0.5658679604530334,-0.7689467072486865,9.663479804992676
1785982658.1360054,0.01815301738679409,-0.006635017227381471,-0.03049849346280098,-0.6104409694671631,-0.3099707365035998,10.260351181030273
1785982658.1590054,0.023785369470715523,-0.0074442992918193375,-0.030440282076597214,0.7238090634346008,-0.16796672344207644,9.669442176818848
1785982658.1770053,0.041781485080718994,-0.03725553676486016,-0.03068415820598602,-2.050058364868164,-0.4112617969512927,10.093283653259277
1785982658.2170053,0.03922317922115326,-0.006309689488261941,-0.0195753276348114,0.1698910892009735,-0.3573269844055164,9.480575561523438
1785982658.2339947,0.026388129219412804,0.0027965442277491075,-0.015846790745854378,-1.237910509109497,0.2811204195022595,10.083837509155273
1785982658.257995,0.0069854045286774635,0.005584032740443943,-0.014193383976817131,-1.051073431968689,-0.6167824268341052,9.607022285461426
1785982658.2749949,-0.0021593263372778893,-0.017715532332658768,-0.006821237970143554,1.0845162868499756,-0.8092056512832629,9.87846565246582
1785982658.2929947,0.00043838098645210266,-0.007398338988423348,-0.007408406119793653,-0.8647899031639099,0.5393469333648694,9.701472282409668
1785982658.3159947,-0.003950768616050482,-0.014878637157380581,-0.001227645203471182,-1.9836699962615967,-0.7882646322250354,10.194974899291992
1785982658.338984,-0.0005714893341064453,-0.016296308487653732,0.0024927936028689168,-1.9836699962615967,-0.7882646322250354,10.194974899291992
1785982658.3569841,0.00935602281242609,-0.022092796862125397,0.005227171350270512,-0.45160770416259766,-0.3654319643974292,9.767956733703613
1785982658.373984,0.02603450044989586,-0.023068515583872795,0.006804758217185738,-1.113518238067627,-0.14899104833602783,9.896723747253418
1785982658.391984,0.017193254083395004,-0.006343462504446505,0.011650750413537025,-0.16657885909080505,0.16326147317886472,9.778168678283691
1785982658.414984,0.037385642528533936,-0.003975546918809413,0.0057394467294216165,-1.3143410682678223,0.3417104184627545,9.766641616821289
1785982658.4389744,0.03731966391205788,0.010565117932856085,0.0103725204244256,-0.006977692246437073,-0.7223519086837756,9.915311813354492
1785982658.4559743,0.040880922228097916,0.015698801726102832,0.023695867508649823,0.6828771233558655,-0.31793886423110845,9.67409896850586
1785982658.4739742,0.04213091731071472,0.032543838024139404,0.016494218260049816,-1.3303039073944092,-0.08772505074739334,9.924334526062012
1785982658.4969742,0.04735301062464714,0.01924480497837067,0.02658734284341335,-0.9939975738525391,-0.09183827042579532,9.769185066223145
1785982658.5139744,0.06935933232307434,0.04074280336499214,0.025643434375524517,-0.11170760542154312,-0.8001135587692249,10.138152122497559
1785982658.5369632,0.07072293758392334,0.05693136528134346,0.028316961601376527,-1.167384386062622,-0.19023519754409665,10.134623527526855
1785982658.5779634,0.08743420988321304,0.04302517697215081,0.034759443253278725,-2.91111421585083,-0.21406593918800232,10.05525016784668
1785982658.5959632,0.08223719149827957,0.047035004943609245,0.03631849214434623,0.720846951007843,-0.16712647676467773,9.866951942443848
1785982658.6129634,0.07413314282894135,0.024738270789384845,0.03743945062160492,-0.5075345635414124,0.38510802388191345,9.909347534179688
1785982658.6359525,0.06102565675973892,0.02599279768764973,0.039947547018527985,0.331163614988327,-0.10166623443364975,9.995322227478027
1785982658.6539526,0.06972883641719818,0.015591599978506569,0.025228811427950856,-0.09961220622062683,-0.44866177439689514,9.873517990112305
1785982658.6769526,0.09240002930164337,-0.007371528074145314,0.029290588572621346,0.7607322335243225,-0.9936646223068225,9.686573028564453
1785982658.6949525,0.06778132170438766,0.004949647933244709,0.029327401891350746,-0.9547947645187378,-0.6781656742095935,9.991354942321777
1785982658.7349417,0.04180685803294182,-0.013678607530891892,0.026030635461211205,-0.042375676333904266,-0.6963105201721179,10.350549697875977
1785982658.758942,0.019176315516233444,-0.01732421666383743,0.021125741302967075,-0.30582720041275024,0.5086414813995374,9.619108200073242
1785982658.7759418,-0.012585585936903954,-0.025426153093576428,0.036882076412439346,0.4471392035484314,-1.0545471906661974,10.560107231140137
1785982658.7929418,-0.0417216494679451,-0.002593443263322111,0.030203627422451973,-2.418165445327759,0.8388975858688367,9.702378273010254
1785982658.8159418,-0.05101247504353523,-0.005132182966917751,0.023865671828389168,-0.4109567403793335,-0.0800566002726543,9.786542892456055
1785982658.833931,-0.05202501267194748,0.01753352209925652,0.027810450643301007,0.5014775991439819,-0.0378790795803058,9.876664161682129
1785982658.856931,-0.04656355455517769,0.02276270464062691,0.019781475886702534,-0.476010799407959,-0.03132809698581576,9.757017135620117
1785982658.874931,-0.034351639449596405,0.009159210138022901,0.01701195351779461,-0.24608206748962402,-0.18327173590659976,9.846973419189453
1785982658.897931,-0.01851867139339447,0.008470225147902967,0.009955889545381067,0.5436566472053528,0.9140001535415662,9.592619895935059
1785982658.915931,0.010312044061720371,0.0005725661176256838,0.0021476976107805967,-0.367389053106308,-0.7839845418930041,9.78852367401123
1785982658.9329202,0.02496030554175377,-0.017378784716129303,0.01401351857930422,-0.367389053106308,-0.7839845418930041,9.78852367401123
1785982658.9569204,0.007748146541416645,-0.01305902376770973,0.011519247666001322,0.20520496368408203,-0.25611597299575684,10.011648178100586
1785982658.9739203,0.010254430584609509,-0.01808849908411503,0.006183084100484851,-0.1201140433549881,-0.5854229927062976,10.260008811950684
1785982658.9979203,0.028696440160274506,-0.04065636545419693,-0.008504712022840972,-0.24300172924995422,0.2520264983177197,9.93665599822998
1785982659.0149202,0.010828840546309948,-0.05989423394203186,0.004087924025952823,0.5985597968101501,-0.8261666297912585,10.41234302520752
1785982659.0379095,0.0010554483160376549,-0.09258323162794113,-0.00853307358920573,0.21683284640312195,0.1949424743652356,9.877800941467285
1785982659.0549095,0.0018054535612463951,-0.11188757419586182,0.004902911838144078,0.09783174097537994,-0.3292439579963672,9.99865436553955
1785982659.0729096,0.001113656908273697,-0.1018691211938858,0.002619746839627636,-0.05857916176319122,0.30609852075576904,9.868452072143555
1785982659.0959096,0.01353056076914072,-0.10024571418762207,0.00036600657040254507,0.2996423840522766,-0.755480885505675,10.356810569763184
1785982659.1139095,-0.008950306102633476,-0.10980990529060364,-2.0891369786100053e-05,-1.7003746032714844,1.1104437112808239,9.808093070983887
1785982659.1368988,-0.015658143907785416,-0.0660630315542221,-0.011835604906082145,1.3598780632019043,-0.8651683330535876,10.271623611450195
1785982659.1538987,-0.01885215751826763,-0.06089102476835251,0.001755981938913472,-0.5364323854446411,-0.3413131833076465,9.88638973236084
1785982659.177899,-0.04218219965696335,-0.04673571139574051,-0.0006154733127914312,-0.660702645778656,-0.16697862744331238,9.911567687988281
1785982659.1948988,-0.05227271467447281,-0.015642760321497917,0.008385502733290197,-0.8521485328674316,-0.02769699692726014,9.88249683380127
1785982659.2128987,-0.03030136600136757,-0.001405859366059303,0.002360868500545621,0.344398558139801,0.37228211760521057,9.973731994628906
1785982659.2358882,-0.026583746075630188,0.0007187903975136586,0.005792366806417704,-1.20454740524292,0.5727531909942639,9.915818214416504
1785982659.2758882,-0.004418912343680859,-0.011130303144454956,0.0014634141698479665,-0.6455891728401184,0.24687211215496185,10.044727325439453
1785982659.2938883,-0.02829347364604473,-0.016999581828713417,0.0014391539152711652,0.37270355224609375,0.05342844128608823,9.740446090698242
1785982659.3168883,-0.0029646926559507847,-0.012408774346113203,0.00939626805484295,-1.710250973701477,-0.003203168511389458,10.029600143432617
1785982659.3348777,0.028074005618691444,-0.019884856417775154,0.002626583911478522,1.1516995429992676,-0.2471906095743167,9.9163179397583
1785982659.351878,0.046834997832775116,-0.030540097504854202,0.006416844204068187,-1.0801565647125244,-0.4369767904281604,10.008831977844238
1785982659.374878,0.02811622805893421,-0.026148222386837006,0.012054530903697017,-0.41685593128204346,-0.3085651397705066,10.029925346374512
1785982659.3928778,0.04151812195777893,-0.010823380202054976,0.009541106410324575,-0.5394946932792664,0.18421511352062345,9.814087867736816
1785982659.4158778,0.04743544012308121,-0.023242080584168434,0.012282445095479492,0.01825714111328125,-0.3147864043712604,9.8137845993042
1785982659.433867,0.03724423795938492,0.012787648476660252,-0.0028564736712723988,-0.18073898553848267,0.1145084947347653,9.862348556518555
1785982659.456867,0.00935450941324234,0.005556619260460138,-0.0006319590029306716,-0.2529022693634033,0.40279418230056885,9.852386474609375
1785982659.474867,-0.00992000661790371,0.018283607438206673,0.005103869363665578,0.06936925649642944,-0.49803948402404663,9.833600044250488
1785982659.491867,-0.028627807274460793,0.04775281623005867,-0.008674903772771364,0.5107195377349854,-0.6126242280006396,10.116826057434082
1785982659.514867,-0.06299279630184174,0.04702247679233551,-0.008944977074861532,-1.1144161224365234,0.35983043909073,9.76310920715332
1785982659.5378551,-0.07386583089828491,0.050890952348709106,-0.007517083082348114,0.14574740827083588,-0.19472423195838806,9.942800521850586
1785982659.555855,-0.09885319322347641,0.0479772612452507,-0.0057159801945090355,-0.09049872308969498,-0.22164539992809174,9.949281692504883
1785982659.573855,-0.11568087339401245,0.02296268381178379,-0.013067376799881462,-0.8412294387817383,0.5997642278671277,9.876290321350098
1785982659.597855,-0.12581954896450043,-0.004950282163918018,-0.0013630015309900039,0.5612233877182007,-1.0287289619445787,10.407020568847656
1785982659.6378443,-0.12919297814369202,0.00875545758754015,-0.0052647995762527,-0.2547731101512909,-0.31740331649780157,9.656105995178223
1785982659.6558442,-0.089434415102005,0.004930771421641112,0.0075798612087965,-1.225287914276123,0.20763333141803864,10.025130271911621
1785982659.6788442,-0.051866695284843445,-0.0025536478497087955,0.0005675235879607502,0.1688356250524521,0.21069158613681915,9.893635749816895
1785982659.6968443,-0.058756500482559204,-0.005690399557352066,0.00225967774167657,-0.4885532855987549,-0.3393309712409961,10.082382202148438
1785982659.7138443,-0.0563218891620636,0.026842135936021805,-0.003717805957421664,0.7268363833427429,-0.637016713619231,9.951152801513672
1785982659.7378337,-0.018178578466176987,-0.0020574145019054413,-0.0006045997724868355,0.3832162618637085,-0.8739423751831042,10.317078590393066
1785982659.7548337,0.020045766606926918,-0.030640404671430588,-0.011468881741166111,0.3832162618637085,-0.8739423751831042,10.317078590393066
1785982659.7778337,0.007319282740354538,-0.03632216528058052,-0.012882645241916174,1.109930157661438,0.2751702666282666,10.014893531799316
1785982659.7958338,0.011398522183299065,-0.03141643479466438,-0.014534927904605862,-0.8203029632568359,-0.07053257524967073,9.901366233825684
1785982659.8128338,0.014259545132517815,-0.0660153180360794,-0.021213809028267853,0.8767358064651489,1.238703727722169,9.778854370117188
1785982659.835823,0.0028532836586236954,-0.05578232556581497,-0.024371886625885957,0.058188408613204956,-0.08917587995529054,9.845508575439453
1785982659.858823,-0.01831113174557686,-0.06829217821359634,-0.012504360638558856,-0.36590731143951416,0.3697020411491406,9.901650428771973
1785982659.876823,-0.030273763462901115,-0.0543372668325901,-0.012545994482934468,-0.13011808693408966,0.2858039140701306,9.795467376708984
1785982659.8938231,-0.02756350301206112,-0.03594090789556503,-0.012747731059789652,0.355222225189209,-0.09746952354907869,9.881632804870605
1785982659.917823,-0.03419092297554016,-0.02305487915873528,-0.015363201498985287,-0.14938616752624512,-0.7264258861541736,9.995980262756348
1785982659.9348125,-0.048031777143478394,-0.026509370654821396,-0.009267896413803097,-0.06689166277647018,-0.31880456209182617,9.86097526550293
1785982659.9588125,-0.03674384951591492,-0.036440830677747726,-0.010154831223189826,-0.8554389476776123,-0.1698164641857135,10.008947372436523
1785982659.9758124,-0.062594935297966,-0.01998867467045784,-0.006637352984398601,-0.7246837615966797,0.6349937319755566,9.584165573120117
1785982659.9938126,-0.02888716198503971,-0.010478184558451176,-0.002219698159024118,0.14002357423305511,-0.19552192091941714,9.785062789916992
1785982660.0168126,-0.01810375228524208,-0.005377741530537606,-0.010006575845181942,-0.6881429553031921,0.10229586064815642,9.913715362548828
1785982660.033802,-0.01343991607427597,-0.009842045605182648,0.002311038784682752,-0.6881429553031921,0.10229586064815642,9.913715362548828
1785982660.056802,0.01977449096739292,-0.027280207723379135,0.00023318285821006035,-0.4587476849555969,-0.3074453473091113,9.995518684387207
1785982660.0748022,0.05257910490036011,-0.013904280960559845,0.0026738662272691744,-0.8847522139549255,-0.16623918712139008,9.932701110839844
1785982660.0918021,0.05342918634414673,0.0005842093378305441,0.0040902625769376755,-0.625356137752533,0.20985232293605924,9.84303092956543
1785982660.115802,0.0447850227355957,0.012650019489228725,0.004871001932770012,-0.3335149884223938,-0.15781316161155579,10.047419548034668
1785982660.1327913,0.028637055307626724,0.013015699572861195,0.004587709438055752,-0.7547857761383057,0.292427718639375,9.927220344543457
1785982660.1567912,0.024772990494966507,0.03065085969865322,0.007356183603405949,-0.7547857761383057,0.292427718639375,9.927220344543457
1785982660.1737914,0.01799831911921501,0.018297145143151283,0.006981759332120416,-0.7592657208442688,-1.0583231449127184,10.154545783996582
1785982660.1967914,0.012193873524665833,0.0010309905046597132,0.0073365867137908936,-0.500478208065033,0.12266795337200286,9.87086296081543
1785982660.2147913,-0.0349767729640007,0.01012394204735756,0.0052920570597052565,-0.11240924894809723,0.4292504191398632,9.714838981628418
1785982660.2377806,-0.019687004387378693,-0.014914457686245441,0.004613507073372604,1.3125933408737183,-0.49224156141281006,10.004342079162598
1785982660.2557805,-0.022821471095085144,-0.039162877947092056,-0.003576204413548107,-0.5707195401191711,-0.2645903527736652,9.60594367980957
1785982660.2727807,-0.03684203699231148,-0.049861110746860504,0.0015733866021037162,0.10240322351455688,0.2715840339660656,9.693573951721191
1785982660.2957807,-0.037587180733680725,-0.03546663373708725,-0.006179970689117904,0.45836198329925537,0.41747444868087885,9.517839431762695
1785982660.3127806,-0.02631005272269249,-0.028778765350580215,-0.01209507510066032,-0.5003658533096313,-0.08748174458742022,9.757585525512695
1785982660.3367698,-0.0173642560839653,-0.04029333218932152,-0.015287272632122035,-0.22698701918125153,-0.3399796485900867,9.61843204498291
1785982660.3537698,-0.04145476967096329,-0.044463858008384705,-0.02623691409826278,-0.17249277234077454,-0.5281673669815051,9.700638771057129
1785982660.3777697,-0.056294996291399,-0.05293561890721322,-0.030034603551030152,2.2904086112976074,-0.20584948360919833,9.736932754516602
1785982660.39477,-0.07678984105587006,-0.046837229281663895,-0.024925444275140755,-0.867156982421875,-0.14990152418613312,9.969456672668457
1785982660.41777,-0.1206171065568924,-0.027588024735450748,-0.03241422772407532,-0.3525158762931824,0.14295284450054288,9.83645248413086
1785982660.435759,-0.12826955318450928,-0.04459439218044282,-0.0378395989537239,-0.48143434524536133,-0.06686063855886343,9.496268272399902
1785982660.452759,-0.14915233850479126,-0.04632797837257386,-0.03347028791904449,-0.21434620022773743,0.4315295815467846,9.549262046813965
1785982660.476759,-0.1638983190059662,-0.05312163382768632,-0.03462953120470046,-0.1881314069032669,0.22293241322040677,9.758686065673828
1785982660.4937592,-0.14506050944328308,-0.04794014990329743,-0.04194607585668563,-0.5000083446502686,-0.18780376017093542,9.551910400390625
1785982660.517759,-0.13914796710014343,-0.03618509694933892,-0.028794482350349423,0.6455054879188538,-0.13019388914108157,9.684720039367676
1785982660.534749,-0.1406935453414917,-0.008089086040854458,-0.02621222846210003,-0.5173504948616028,0.6150671243667615,9.593134880065918
1785982660.557749,-0.11059758067131042,0.014106823131442067,-0.023504721000790596,-0.2558831572532654,0.0624362379312527,9.554508209228516
1785982660.574749,-0.08859306573867798,0.04055619612336158,-0.029708134010434154,-0.47350868582725525,0.22297327220440027,9.601963996887207
1785982660.592749,-0.0765075832605362,0.04526020213961601,-0.026245245710015304,0.6082663536071777,1.0106086730957042,9.49206829071045
1785982660.6157491,-0.061330411583185196,0.06103258207440376,-0.027367077767848975,0.885445237159729,-0.023709088563917912,9.436016082763672
1785982660.6337383,-0.016300171613693237,0.06976845860481262,-0.02349612675607205,-0.6510194540023804,0.1364539712667477,9.629342079162598
1785982660.6567383,0.0008793249726295471,0.07952812314033508,-0.025674551725387584,1.3489346504211426,0.10871921479702112,9.536200523376465
1785982660.6747384,0.04040068760514259,0.050843998789787286,-0.031836811453104026,-1.1252068281173706,-0.22526508569717285,10.06128215789795
1785982660.6977384,0.04858069866895676,0.052558481693267815,-0.028863672167062766,-0.4153822958469391,-0.6853232383728015,10.0833158493042
1785982660.7387383,0.047949813306331635,0.09465029090642929,-0.027260301634669314,-1.3119897842407227,0.1540711075067532,9.75228500366211
1785982660.7567382,0.024474430829286575,0.10727857798337936,-0.030955718830227866,1.48786199092865,-0.47298198938369634,9.490433692932129
1785982660.7737384,-0.017881598323583603,0.11307105422019958,-0.020624190568923964,-0.9973263740539551,1.3183414936065685,9.650487899780273
1785982660.7967384,-0.035378627479076385,0.08960239589214325,-0.010756902396678935,-0.46022218465805054,0.5618444085121167,9.713248252868652
1785982660.8147383,-0.03772513195872307,0.0758499726653099,-0.0009848141344264243,1.0620123147964478,0.30488049983978394,10.011296272277832
1785982660.8547273,0.006014305166900158,0.08690901100635529,0.01786399632692336,0.31783854961395264,-0.0629430338740337,9.663342475891113
1785982660.8787272,0.04060235247015953,0.07224397361278534,0.02916502021253108,-0.12413392215967178,0.5934780240058911,9.864702224731445
1785982660.8957274,0.09276846051216125,0.06971757113933563,0.034923315048217766,-0.05809132754802704,-0.022860690951346154,9.783711433410645
1785982660.9137273,0.12412147969007492,0.08721176534891129,0.04996213689446448,-0.06379231065511703,0.11336691677570461,9.592535018920898
1785982660.9367168,0.16837409138679504,0.08576561510562897,0.05300935730338095,-0.6137803196907043,0.5036838054656995,9.911482810974121
1785982660.9547167,0.1832142323255539,0.0630578175187111,0.06090174987912177,-0.28657805919647217,0.09404532611370206,9.760102272033691
1785982660.9777167,0.2007562518119812,0.04627961665391923,0.06203696131706237,-2.3459224700927734,-0.5576446652412402,9.834981918334961
1785982660.994717,0.20238196849822998,0.05663182213902474,0.05812424048781394,-1.0929172039031982,0.8817139863967907,9.452818870544434
1785982661.017717,0.20015181601047516,0.026235634461045272,0.05818651244044304,-0.7198740839958191,0.29424321651458857,9.63794994354248
1785982661.0357063,0.1802183836698532,0.01599217578768731,0.05497630685567856,-0.7198740839958191,0.29424321651458857,9.63794994354248
1785982661.0527062,0.15407568216323853,0.01200803183019162,0.056999314576387405,-0.9264272451400757,0.18467549979686854,9.621233940124512
1785982661.0767064,0.0895131453871727,0.010240895673632629,0.059222836047410965,0.20773787796497345,0.9410989284515392,9.394784927368164
1785982661.0937064,0.07271124422550201,0.015513078309595592,0.056106530129909515,-1.5380479097366333,0.29978364706039545,9.61889934539795
1785982661.1167064,0.045517176389694214,-0.012430065311491482,0.05718361213803291,-0.23116357624530792,-0.3431148529052722,9.750204086303711
1785982661.1346955,0.01677989959716797,-0.029176903888583176,0.04995784536004067,0.16005589067935944,0.14284141361713532,9.898078918457031
1785982661.1516955,-0.01624547690153122,-0.024169143289327618,0.03817380592226982,-0.10013636946678162,-0.4748423695564258,10.157902717590332
1785982661.1926956,-0.056046389043331146,-0.01826797984540462,0.030181350186467174,-0.7166932225227356,0.49550187587738154,9.698511123657227
1785982661.2166955,-0.078374482691288,0.0006265010451898023,0.0364275723695755,-1.6107299327850342,0.7216316461563121,9.089590072631836
1785982661.2396836,-0.08757620304822922,-0.009309717454016205,0.030200695618987083,-0.08576095104217529,1.0557016134262096,9.629764556884766
1785982661.2566836,-0.07970909774303436,-0.015262220986187455,0.0345870666205883,-0.3419034481048584,0.34890335798263666,9.683844566345215
1785982661.2746835,-0.07626637816429138,-0.018976142629981037,0.03417661413550377,-0.01355530321598053,0.20116843283176541,9.819113731384277
1785982661.2976835,-0.07194983214139938,-0.023694382980465886,0.024726592004299167,-0.8745841383934021,0.3452939391136181,9.456727981567383
1785982661.3146834,-0.045766569674015045,-0.03267553448677063,0.022925667464733127,-0.3870167136192322,0.5025447607040417,9.845041275024414
1785982661.3556736,-0.05512946844100952,-0.049842532724142075,0.013091446831822402,0.3272724151611328,-0.12391833961009859,9.878507614135742
1785982661.3726735,-0.05517491698265076,-0.07495888322591782,0.011871755123138436,0.5499481558799744,-0.5446070432662952,10.106507301330566
1785982661.3966734,-0.07171735912561417,-0.0998547226190567,0.012592331506311906,-0.9087819457054138,0.011416941881180982,9.579647064208984
1785982661.4136736,-0.03715156391263008,-0.10483361035585403,4.051253200861173e-08,-0.653961718082428,0.2592820525169384,9.674519538879395
1785982661.437663,-0.016854893416166306,-0.12375764548778534,-0.0028000269085168687,-0.08303234726190567,-0.20186080038547397,9.825859069824219
1785982661.454663,0.014987056143581867,-0.12095002830028534,-0.0013678915565833302,0.18376325070858002,0.8485321998596204,9.698556900024414
1785982661.472663,-0.008554123342037201,-0.09654383361339569,0.005401659756898892,0.18376325070858002,0.8485321998596204,9.698556900024414
1785982661.495663,-0.011880978010594845,-0.11134833097457886,-0.0005680805770680172,-0.028417490422725677,0.44295930862426874,9.605650901794434
1785982661.5126631,-0.02643464133143425,-0.07691843062639236,0.001749871298670778,-0.042617276310920715,-0.1679725944995868,10.050315856933594
1785982661.5346522,-0.0407886803150177,-0.06101594865322113,-0.0012111485702916906,-1.7857458591461182,-0.20191009342670319,10.035921096801758
1785982661.5766523,-0.02683630958199501,-0.025378340855240825,-0.01692409254610538,0.23089484870433807,-0.29772469401359436,10.005680084228516
1785982661.5936522,-0.05276545137166977,1.559613156132343e-05,-0.004641848616302013,0.029858574271202087,0.30439916253090027,10.140265464782715
1785982661.6116524,-0.07596302032470703,0.04233477637171745,-0.015399564988911157,-0.17196491360664368,0.7993236780166638,10.014425277709961
1785982661.634642,-0.08840258419513702,0.03652358427643776,-0.014702402986586099,-0.1432456076145172,-0.24179282784461856,9.834953308105469
1785982661.6526418,-0.09238261729478836,0.03652971237897873,-0.020842581987380985,-0.7834885716438293,-0.4893461763858783,10.05530071258545
1785982661.6756418,-0.13009247183799744,0.0288312342017889,-0.019864272326231006,-0.598835825920105,-0.13456451892852664,9.681130409240723
1785982661.693642,-0.14626438915729523,0.05163334682583809,-0.021589765325188644,-0.017753392457962036,0.2509790360927594,9.924890518188477
1785982661.716642,-0.16511911153793335,0.08131679892539978,-0.007811155170202265,-0.11973001062870026,0.309250593185426,10.076803207397461
1785982661.7346313,-0.17382623255252838,0.1286177933216095,-0.014592862688004986,-0.11973001062870026,0.309250593185426,10.076803207397461
1785982661.7516313,-0.15064288675785065,0.12362512201070786,-0.010144743137061612,-0.11973001062870026,0.309250593185426,10.076803207397461
1785982661.7756312,-0.11698739230632782,0.09659107774496078,-0.012252490967512143,1.7934751510620117,-0.2756688296794879,9.8369779586792
1785982661.8156314,-0.033882930874824524,0.08571594953536987,0.0010020975023507968,0.3159693479537964,0.3176466524600995,9.764697074890137
1785982661.8326209,-0.014836723916232586,0.07602051645517349,0.005357012152671804,0.49711281061172485,0.4800665378570569,9.833210945129395
1785982661.8566208,0.011775626800954342,0.058692678809165955,0.012468585744500153,-0.10916689038276672,-0.2914575338363635,9.82677936553955
1785982661.8736207,0.03573041036725044,0.0501549169421196,0.015722077339887612,0.29495060443878174,0.6051428914070142,9.584393501281738
1785982661.8966208,0.047309719026088715,0.029802231118083004,0.018675835803151127,-0.25360268354415894,0.1602611541748059,9.993090629577637
1785982661.9146209,0.044882845133543015,0.00921883247792721,0.01680794358253479,-0.3022686839103699,0.0273689925670636,9.97191047668457
1785982661.9376104,0.05952856317162514,0.019044665619730953,0.017786379903554913,-0.09361076354980469,0.3204744458198559,9.667646408081055
1785982661.9556103,0.08687572926282883,0.006795185152441266,0.019718466326594353,-0.37379732728004456,0.5761937499046338,9.727368354797363
1785982661.9786103,0.09941989183425903,-0.018540717661380764,0.023847883567214016,-1.3808906078338623,-0.7782388329505908,10.27774429321289
1785982661.9966104,0.09670393168926239,-0.029370438307523724,0.02146359905600548,-0.8794772028923035,1.2565158605575573,9.584944725036621
1785982662.0126102,0.10226136445999146,-0.07031825184822083,0.016482718288898475,0.457575261592865,0.8984838724136364,9.341742515563965
1785982662.0365994,0.11147688329219818,-0.03612165525555611,0.01802177727222443,-0.67038494348526,0.41898071765899775,9.621309280395508
1785982662.0535994,0.13331599533557892,-0.05038582161068916,0.010880920104682452,-0.2578850984573364,0.006216675043107275,9.769378662109375
1785982662.0715992,0.1677531599998474,-0.037923261523246765,0.0076114395633339925,-0.6989484429359436,0.07222217321395992,9.598224639892578
1785982662.0945992,0.14306479692459106,-0.035754501819610596,-0.0021520424634218173,-0.646553099155426,0.3641006946563733,9.818558692932129
1785982662.1175992,0.13128232955932617,-0.02805924415588379,-0.003551860339939591,-0.7575386166572571,0.42377507686615107,9.726863861083984
1785982662.135589,0.10924997180700302,-0.030594732612371445,0.006373477634042505,-0.6761496067047119,-0.03496769070625184,9.934802055358887
1785982662.1525888,0.07286867499351501,-0.023620467633008957,-0.00013989885337650486,-0.9821598529815674,0.5258501768112195,9.686799049377441
1785982662.1765888,0.049157362431287766,-0.02884351834654808,-0.003500579390674826,-0.25774866342544556,1.0072609186172496,9.644229888916016
1785982662.1935887,0.029024455696344376,-0.017243212088942528,-0.0037931841798126676,-0.02243010699748993,-0.04801137745380282,9.768813133239746
1785982662.217589,-0.0008856123313307762,0.013817393220961094,-0.002757902257144453,-0.5113518834114075,0.6117872595787059,9.368797302246094
1785982662.234578,-0.01772727631032467,0.02847319096326828,-0.011036105453968052,0.0710965245962143,-0.35860446095466497,9.689375877380371
1785982662.257578,-0.0558558888733387,0.02881191484630108,-0.0140041233971715,-0.16750353574752808,0.030437529087067875,10.00290298461914
1785982662.2745779,-0.05905552953481674,0.023491190746426582,-0.010330608114600185,0.1826389878988266,0.07445161044597744,9.64998722076416
1785982662.2925777,-0.05704987421631813,0.0049652773886918996,-0.018063070252537727,-0.17028139531612396,0.7201687097549451,9.52528190612793
1785982662.3155777,-0.05911561846733093,-0.003257350530475379,-0.006255775690078735,-0.5986788868904114,0.7766121029853833,9.654102325439453
1785982662.3335676,-0.07170421630144119,-0.02406744472682476,-0.011421386152505871,-0.25293394923210144,0.3754431009292615,9.873258590698242
1785982662.3565676,-0.09410440176725388,-0.014982637017965319,-0.011940767057240008,-0.837588369846344,0.2328251004219067,9.6458101272583
1785982662.3745675,-0.07510500401258469,-0.023492861539125446,-0.014274296350777146,-0.7387461066246033,0.16703146696090818,9.791577339172363
1785982662.3975675,-0.04699448123574257,-0.01052657049149275,-0.017587054520845413,1.9324179887771606,0.8390724658966076,9.272500991821289
1785982662.4155676,0.001367197372019291,0.004133097827434539,-0.009106690995395184,-0.9957565665245056,0.11317586898803829,9.670090675354004
1785982662.4385571,0.034596167504787445,0.0257144421339035,-0.015152801759541038,0.23645378649234772,0.05958190560340999,9.654301643371582
1785982662.455557,0.08742662519216537,0.031115710735321045,-0.013953379355371002,-1.5454354286193848,0.4526267647743237,9.600147247314453
1785982662.473557,0.108559250831604,0.021958846598863598,-0.016812060028314594,0.1578117311000824,-0.11258674412965654,9.827496528625488
1785982662.496557,0.11879534274339676,0.03631375730037689,-0.018695529550313953,-0.18077561259269714,1.0275353193283092,9.655661582946777
1785982662.5145571,0.1010262593626976,0.01767228171229362,-0.01786940731108189,-0.511960506439209,-0.39362138509750244,9.875301361083984
1785982662.5375464,0.07904216647148132,0.03132464736700058,-0.01599436439573765,-0.8565322160720825,0.17797546088695643,9.61725902557373
1785982662.5545464,0.03789069876074791,0.01599438302218914,-0.011817976832389833,-0.6061493754386902,-0.23128770291805145,9.992764472961426
1785982662.5715463,0.024847708642482758,0.013745377771556376,-0.009891480207443239,-0.6012659072875977,-0.13670362532138702,9.862542152404785
1785982662.5955462,0.021341830492019653,0.009500314481556414,-0.01207845099270344,-0.31190651655197144,0.53346484899521,9.672751426696777
1785982662.6125462,0.027333885431289673,0.02984955161809921,-0.01912391930818558,-0.1714072823524475,0.5851359963417065,9.851073265075684
1785982662.6365356,0.02677588164806366,0.020380977541208267,-0.008726718835532667,0.18712729215621948,0.1659303754568112,9.662484169006348
1785982662.6535356,0.022408392280340195,0.031042035669088364,-0.013890793547034267,-0.5581262707710266,-0.14318981766700625,9.665300369262695
1785982662.6715355,0.0050933947786688805,0.012240868993103502,-0.0111776115372777,0.46781328320503235,0.6137362122535718,9.784383773803711
1785982662.6945355,-0.01624682918190956,0.0064661726355552665,-0.0035455129109323033,-0.3862733840942383,0.814831316471101,9.51501178741455
1785982662.7125356,-0.016113921999931335,-0.008319418877363205,0.004796524532139302,0.47615912556648254,-0.88376086950302,9.653536796569824
1785982662.7355251,-0.021404942497611046,0.020419329404830933,-0.0010430689435452249,-0.4794321358203888,0.2020449787378323,9.802547454833984
1785982662.752525,-0.025627780705690384,0.028928682208061218,0.007725591305643317,-0.4036819338798523,0.5913031101226819,9.596086502075195
1785982662.776525,-0.018197130411863327,0.039480019360780716,0.007339649833738799,-0.878777265548706,-0.8527732491493213,10.18587875366211
1785982662.793525,0.009636071510612965,0.04457977041602135,0.002200796036049718,0.668948769569397,0.5874079465866101,9.77566146850586
1785982662.816525,0.02289721369743347,0.050161730498075485,0.0053804172202944695,-0.44191738963127136,0.09558306634426238,9.812973976135254
1785982662.8335142,0.05913696438074112,0.06713391095399857,-0.0010972060263156973,-1.3120020627975464,0.8915038108825696,9.672493934631348
1785982662.8575144,0.08315030485391617,0.0612746998667717,-0.0018514911644160823,-0.7671726942062378,0.19553343951702237,9.640851974487305
1785982662.8745143,0.10071540623903275,0.07386716455221176,-0.01161705981940032,-0.26651743054389954,0.3641836047172558,9.694418907165527
1785982662.8925142,0.10606580227613449,0.07729567587375641,-0.006567353382706652,-0.3475092053413391,0.0626844912767422,9.508097648620605
1785982662.9155142,0.10929132997989655,0.06318910419940948,-0.00527187669649721,0.03714704513549805,-0.03454184532165408,9.75209903717041
1785982662.9335039,0.11946874111890793,0.03631976991891861,-0.004687395412474875,0.3415386378765106,0.6770493388175977,9.852263450622559
1785982662.9565039,0.12438420206308365,0.004313767421990632,-0.009159361943602562,0.9888367652893066,0.29921454191208,9.692784309387207
1785982662.9745038,0.13773564994335175,-0.022804882377386093,-0.01273123640567064,-0.23949389159679413,0.08477585017681241,9.71058464050293
1785982662.9915037,0.12192114442586899,-0.01889708638191223,-0.007197668775916097,-0.6486018300056458,0.5844275355339063,9.56296443939209
1785982663.015504,0.09206977486610413,-0.01375793293118477,-0.008064834401011465,0.4400213062763214,-0.23502379655837893,9.77233600616455
1785982663.0374925,0.05816645175218582,0.011602483689785004,-0.0009182267240248635,-0.1759081929922104,0.030280381441117506,9.567839622497559
1785982663.0554926,0.006782889366149902,0.03570566326379776,-0.01511921919882298,-0.12879936397075653,0.01567611098289608,9.658552169799805
1785982663.0724926,-0.05700817331671715,0.03581683337688446,-0.00394131895154715,-0.11973707377910614,-0.2140496522188175,9.490676879882812
1785982663.0964925,-0.1004989817738533,0.034706830978393555,0.0015091856475919442,-0.995951771736145,0.06597231328487514,9.64414119720459
1785982663.1134925,-0.1039457768201828,0.02056310325860977,-0.007927912287414076,1.4850242137908936,0.7975834608078015,9.539557456970215
1785982663.136482,-0.09971519559621811,-0.0036272904835641384,0.001198581419885159,-0.4591381847858429,-0.15245403349399447,9.638195037841797
1785982663.1544821,-0.08890437334775925,-0.01355661079287529,0.0009392847423441724,-0.051720187067985535,0.43660652637481806,9.518655776977539
1785982663.171482,-0.07258431613445282,0.0015465030446648587,-0.008254616521298885,-0.3401217460632324,0.3447678685188305,9.512174606323242
1785982663.195482,-0.039246391505002975,0.0025111760478466745,-0.002742698416113854,-1.615930199623108,-0.365045368671416,10.013331413269043
1785982663.218482,-0.01602855883538723,0.0055753644555807105,-0.006642605178058148,0.08329328894615173,0.06261253356933708,9.277005195617676
1785982663.2534716,0.04267583414912224,-0.0019319830462336536,0.002971275476738811,0.5229271650314331,0.36349713802337763,9.714698791503906
1785982663.2764716,0.04451557248830795,-0.01036703772842884,-0.0016337239649146782,-1.2453837394714355,0.28004717826843384,9.830550193786621
1785982663.2934716,0.030021004378795624,-0.02094418555498123,0.007678165100514891,1.0029938220977783,-0.10419987142085906,10.045340538024902
1785982663.3164716,0.04287005215883255,-0.013957329094409944,-0.008168347179889677,-0.6403244733810425,0.0372927039861691,9.760649681091309
1785982663.334461,0.039445385336875916,0.0076779467053711414,0.0001097554923035195,-0.932054877281189,0.44454741477966425,9.602717399597168
1785982663.357461,0.015761975198984146,0.012667386792600155,0.0024460207205265743,0.18479487299919128,0.3915494084358227,9.639119148254395
1785982663.375461,0.02347208932042122,0.030269138514995575,0.002870017196983095,0.20900169014930725,0.1548555940389645,9.657755851745605
1785982663.398461,0.019761264324188232,0.04294969514012337,-0.002823730465024715,0.46671929955482483,0.5061529874801648,9.785667419433594
1785982663.416461,-0.01703030616044998,0.038423627614974976,0.0015158245805650902,-1.4180630445480347,-0.3354040682315814,9.956648826599121
1785982663.4334502,-0.00886206328868866,0.03709893673658371,-0.00971322692930699,0.5167100429534912,0.7718496918678296,9.922724723815918
1785982663.4564502,-0.02791094407439232,0.014125095680356026,-0.0028438479639589804,-0.2176477015018463,0.16711418330669522,9.66804313659668
1785982663.4744503,-0.04845824092626572,-0.005688918754458427,-0.001473487121984362,0.2815604507923126,0.23288841545581937,9.792540550231934
1785982663.4914503,-0.03930790722370148,-0.05464994162321094,-0.28528833389282227,-0.4571267366409302,-0.2833814322948444,9.634753227233887
1785982663.5154502,0.0848868116736412,-0.17031346261501332,-1.5308901071548462,-1.9527502059936523,-0.7849185466766346,9.169129371643066
1785982663.5334394,0.18419010937213898,-0.30330303311347995,-2.6502277851104736,-1.6848734617233276,-0.3435846269130695,9.695457458496094
1785982663.5564394,0.20186211168766022,-0.43860289454460183,-3.354874849319458,-0.7321398854255676,-0.3765469193458544,10.731846809387207
1785982663.5734394,0.17289362847805023,-0.583640038967133,-4.05452823638916,-0.8737332820892334,-0.6790274977684007,11.74338436126709
1785982663.5914392,0.1321152001619339,-0.694070458412171,-4.556738376617432,-1.4970864057540894,-0.33247625827789173,10.973355293273926
1785982663.6144392,0.09701666235923767,-0.7900016903877265,-5.023933410644531,-0.47815901041030884,-0.4217638671398147,13.280838012695312
1785982663.6374288,0.013966868631541729,-0.8911067843437201,-5.267362117767334,-1.1819688081741333,0.0900088101625455,10.255420684814453
1785982663.655429,-0.0670049712061882,-0.8908686637878425,-5.373399257659912,-0.012435555458068848,-0.029576137661932685,9.915916442871094
1785982663.6724288,-0.22443228960037231,-0.7400569319725043,-5.294525623321533,-2.100968360900879,0.4742214679718028,8.440434455871582
1785982663.6964288,-0.48657968640327454,-0.4481017291545874,-5.103146076202393,-2.4669129848480225,-0.03444881737232111,7.923106670379639
1785982663.7134287,-0.6963520646095276,-0.13421094417572083,-4.955592632293701,-0.14261066913604736,0.23783202469349002,7.654329776763916
1785982663.736418,-0.8840008974075317,0.17906354367732943,-4.733460903167725,-0.686501145362854,0.24339534342289068,7.843410015106201
1785982663.7544181,-0.968506932258606,0.32039895653724615,-4.5248332023620605,-0.688316285610199,0.6230484247207652,7.814655303955078
1785982663.7774181,-0.9749888777732849,0.3496172428131098,-4.314828872680664,0.11778472363948822,0.40561646223068326,7.147024631500244
1785982663.795418,-0.938751220703125,0.34310823678970287,-4.109105587005615,-1.112757921218872,0.7843254208564768,7.734332084655762
1785982663.812418,-0.8766708374023438,0.2922031879425044,-3.9189302921295166,0.4779054522514343,0.5561964511871348,7.901752471923828
1785982663.8354075,-0.7701373100280762,0.17586863040924028,-3.674760580062866,-0.3831350803375244,1.0167016983032235,7.247336387634277
1785982663.8524075,-0.6708152890205383,0.08164447546005206,-3.4847068786621094,-0.8416581153869629,0.21427930891513916,7.466150760650635
1785982663.8764076,-0.549974262714386,0.00010981771629263787,-3.258673906326294,-0.1740647703409195,0.897117793560029,7.1678314208984375
1785982663.8934076,-0.4394055902957916,-0.05703203752636947,-3.0641136169433594,0.11042280495166779,0.6329261064529428,7.187065601348877
1785982663.9164076,-0.33359479904174805,-0.09065245091915165,-2.8626365661621094,-0.9765051007270813,0.5720131397247324,8.140422821044922
1785982663.9343967,-0.2328541874885559,-0.12960052490234408,-2.647362232208252,0.20998378098011017,0.5592077374458323,8.06412124633789
1785982663.9573967,-0.15145981311798096,-0.09621245414018662,-2.4504234790802,-1.4003814458847046,0.468022346496583,7.546517848968506
1785982663.9753969,-0.0940810889005661,-0.05494717881083516,-2.24182391166687,0.020245656371116638,0.021434143185616473,7.612337589263916
1785982663.9923968,-0.04144112393260002,0.03364414349198316,-2.0780062675476074,-0.6969403028488159,0.44199049472808927,7.417370796203613
1785982664.0163968,-0.02705971896648407,0.17495799064636208,-1.8866257667541504,-0.8835541605949402,0.4005848169326792,8.02220630645752
1785982664.033386,-0.009296540170907974,0.296034514904022,-1.7186739444732666,-0.1514047384262085,-0.021252825856207736,8.706406593322754
1785982664.056386,0.024112503975629807,0.3817427158355711,-1.5808366537094116,-0.41239190101623535,0.10357643663883312,8.395051002502441
1785982664.0973861,0.09607493132352829,0.493067681789398,-1.2836384773254395,-0.19325163960456848,0.0393216460943233,8.977352142333984
1785982664.116386,0.09980536252260208,0.4990009665489195,-1.1376774311065674,-1.024296522140503,-0.20009422302245986,8.732884407043457
1785982664.1393752,0.13796238601207733,0.4702848494052886,-1.0109610557556152,-0.08789817243814468,0.16146738827228657,9.110150337219238
1785982664.1563754,0.15283754467964172,0.45215898752212513,-0.9065859913825989,-0.8427744507789612,-0.28255450725555314,8.713888168334961
1785982664.1743753,0.16644850373268127,0.39885827898979176,-0.7795596122741699,-0.7682201862335205,-0.021357968449591445,9.33711051940918
1785982664.1973753,0.19546115398406982,0.38120949268341053,-0.6942383050918579,-0.42217034101486206,0.6851000189781201,9.974348068237305
1785982664.2143753,0.21486316621303558,0.3605960607528686,-0.610903799533844,-0.9683697819709778,0.47849899530410883,9.355770111083984
1785982664.2383645,0.21311147511005402,0.3342087268829345,-0.5114933848381042,-1.5517175197601318,0.432549595832826,10.239372253417969
1785982664.2563646,0.20720799267292023,0.28479951620101923,-0.42791652679443365,-0.12004467844963074,-0.6046316027641285,8.915233612060547
1785982664.2793646,0.20912128686904907,0.2531439065933227,-0.35870340466499334,-0.08082380890846252,0.2461998015642177,8.91081428527832
1785982664.2963645,0.22736544907093048,0.20345863699913022,-0.28104516863822937,-0.2627415060997009,-0.49385595321655146,10.565277099609375
1785982664.3133645,0.24595524370670319,0.18033149838447568,-0.20690140128135684,-0.5778095126152039,0.7484073042869579,9.049628257751465
1785982664.3363538,0.22995594143867493,0.15661923587322232,-0.13815988600254062,-1.2919005155563354,0.05956628918647891,10.175318717956543
1785982664.354354,0.25713950395584106,0.11269922554492949,-0.07482264935970308,-0.12467417120933533,-0.21255916357040275,10.752281188964844
1785982664.377354,0.25574401021003723,0.12709298729896545,-0.016773324459791197,-1.0897769927978516,0.44764351844787725,10.547760963439941
1785982664.3953538,0.2579357624053955,0.13870584964752197,0.036260217428207384,-1.0897769927978516,0.44764351844787725,10.547760963439941
1785982664.4123538,0.2772068977355957,0.1599148064851761,0.07798829674720763,0.331396222114563,-0.5661648511886586,9.485281944274902
1785982664.4353418,0.2641063928604126,0.1547699570655823,0.11726912856101988,0.9257831573486328,-0.2789922356605518,9.395883560180664
1785982664.4593418,0.2443491667509079,0.16215652227401736,0.1801798641681671,-0.3572385609149933,0.09111677110195289,10.513142585754395
1785982664.4763417,0.21865509450435638,0.12922121584415439,0.2017910927534103,-0.11552989482879639,-0.28855377435684076,10.57681655883789
1785982664.4943419,0.19811880588531494,0.11874143034219745,0.23993113636970517,0.5398877263069153,-0.6922186613082874,10.064638137817383
1785982664.5173419,0.14042598009109497,0.1101743280887604,0.2688088119029999,-1.047773003578186,-0.17017698287963734,10.765819549560547
1785982664.534331,0.12402960658073425,0.07793517410755162,0.3162982165813446,0.7962127923965454,-0.024601146578787543,9.905135154724121
1785982664.575331,0.1401335597038269,-0.0030999192968010464,0.3576953411102295,-1.050096869468689,0.5575093626976025,10.06297779083252
1785982664.592331,0.13371194899082184,-0.026922056451439812,0.375874400138855,-1.2134225368499756,-0.2879137992858874,10.299140930175781
1785982664.616331,0.1453562080860138,-0.05506483465433116,0.41402050852775574,-2.185126543045044,0.2694959640502942,9.964386940002441
1785982664.63332,0.15045955777168274,-0.06371672451496119,0.4362605810165405,-0.21208542585372925,-0.09118523448705547,10.275029182434082
1785982664.65732,0.1534801721572876,-0.057162132114171926,0.4558175504207611,-0.6139768362045288,-0.06856331974267844,9.436385154724121
1785982664.67432,0.13739609718322754,-0.06403918564319605,0.5004803538322449,-1.8883426189422607,0.6409617066383374,10.397261619567871
1785982664.69832,0.13287967443466187,-0.05690609663724893,0.5051497220993042,0.5392553806304932,-0.6952818632125843,9.236063957214355
1785982664.71532,0.17107701301574707,-0.0813633278012275,0.5282077789306641,-0.0393369123339653,0.18539448082447166,9.294286727905273
1785982664.7383091,0.14896024763584137,-0.0874331668019294,0.5487323999404907,-1.030802607536316,0.1313502639532101,9.549426078796387
1785982664.7563093,0.1443764567375183,-0.10450625419616692,0.5807409286499023,0.13596254587173462,-0.8110215067863452,10.02896785736084
1785982664.7733092,0.13328824937343597,-0.09731274843215935,0.5929611921310425,0.9927785396575928,-0.6014428734779347,9.424930572509766
1785982664.7903092,0.09446053206920624,-0.06864934414625161,0.5951148271560669,-0.40498772263526917,-0.04725608229637032,9.318415641784668
1785982664.8143094,0.05453287810087204,-0.058121960610151215,0.6181284785270691,-1.0827791690826416,0.10647885501384859,10.110053062438965
1785982664.8372984,0.022248733788728714,-0.055149402469396515,0.6267171502113342,-0.2653789520263672,-0.6386173367500293,9.853948593139648
1785982664.8542986,-0.00024136807769536972,-0.07518079131841651,0.6302286982536316,-0.6828122138977051,-0.14195951819419744,9.55289363861084
1785982664.8782985,-0.009987518191337585,-0.06308915466070167,0.6431776881217957,-0.8634525537490845,0.005111277103425338,10.331335067749023
1785982664.8952985,-0.008020680397748947,-0.07692974060773841,0.6697630882263184,-0.27619045972824097,-0.4751866459846484,10.540864944458008
1785982664.9132986,-0.00889563374221325,-0.04708307236433021,0.6742919087409973,0.6094980239868164,-0.8850010633468616,9.805154800415039
1785982664.9362874,-0.021658288314938545,-0.0706688091158866,0.6914462447166443,-1.2900210618972778,-0.16265037655830264,9.649195671081543
1785982664.9532876,-0.04552275314927101,-0.05083968117833129,0.700770378112793,-1.7151203155517578,0.05181346833706023,9.849802017211914
1785982664.9772875,-0.06070566177368164,-0.0334550514817237,0.7076749205589294,0.8207294940948486,-0.6448912024497975,9.505157470703125
1785982664.9942875,-0.046576451510190964,-0.03170466795563689,0.7111513614654541,-0.374835342168808,-0.688081622123717,10.008994102478027
1785982665.0122874,-0.05031965672969818,-0.019780296832322984,0.7284508943557739,0.3869234025478363,-1.0348947048187245,9.917571067810059
1785982665.0342767,-0.05003901198506355,-0.0074727674946188025,0.7389988303184509,-0.7693071365356445,-0.029033139348028886,9.820380210876465
1785982665.0522768,-0.039766330271959305,-0.028881389647722154,0.7390822768211365,-0.047767870128154755,-0.04315653443336369,9.648799896240234
1785982665.0752769,-0.013359207659959793,-0.06077750027179709,0.7466939687728882,-0.5361396670341492,0.3681119680404676,10.35942554473877
1785982665.0982769,0.010759669356048107,-0.10480078309774389,0.7609901428222656,-0.3391893208026886,-0.5074447393417346,9.763855934143066
1785982665.1332657,0.03207014501094818,-0.10883215069770803,0.7675057649612427,-0.09221097081899643,-0.5338349342346179,9.810222625732422
1785982665.1572657,0.016709215939044952,-0.08751380443572988,0.769162118434906,-1.3049458265304565,-0.007968217134474584,9.174838066101074
1785982665.1742656,-0.02683664858341217,-0.043624702841043375,0.7883026003837585,-0.20343582332134247,-0.3400275409221638,9.248831748962402
1785982665.1972656,-0.046379610896110535,-0.05173332989215841,0.780777633190155,-0.6566079258918762,-0.235158324241637,9.74039077758789
1785982665.2152658,-0.06408645212650299,-0.036935325711965464,0.783430278301239,-1.3350790739059448,0.052770301699639546,9.607425689697266
1785982665.238255,-0.08177804201841354,-0.013534206897020243,0.7874899506568909,-0.9827103614807129,0.10311858355999111,9.686260223388672
1785982665.256255,-0.10635507851839066,-0.005935371387749813,0.791581928730011,-1.2988852262496948,-0.12355598807334783,9.473587989807129
1785982665.2732549,-0.09333577752113342,-0.012601533904671572,0.79034823179245,-0.921684980392456,-0.23684096336364632,9.372467041015625
1785982665.297255,-0.11330226808786392,0.0017646327614785203,0.7858712673187256,-2.604329824447632,0.08418455719947943,10.475028991699219
1785982665.314255,-0.1078219935297966,-0.03287389874458303,0.8012875318527222,-2.2777180671691895,0.18967863917350894,10.128434181213379
1785982665.3372445,-0.136318638920784,-0.04193158820271482,0.7973292469978333,-1.1592497825622559,0.051012456417085,10.300211906433105
1785982665.3542445,-0.11888096481561661,-0.05969357490539541,0.795893669128418,-0.3303861618041992,-0.2085974812507617,10.298002243041992
1785982665.3722446,-0.16912193596363068,-0.058681227266788386,0.7990143895149231,-1.6211540699005127,0.3834007382392896,10.220967292785645
1785982665.3952446,-0.18322503566741943,-0.07243432104587545,0.812884509563446,-0.23022326827049255,-0.013344764709471336,10.785089492797852
1785982665.4122446,-0.1662294715642929,-0.12431265413761129,0.8074321746826172,-0.16481302678585052,-0.20952811837196217,10.772591590881348
1785982665.4362338,-0.15786544978618622,-0.21397562325000752,0.8107630610466003,0.13600191473960876,-0.19005572795867784,11.095479965209961
1785982665.4532337,-0.1415642350912094,-0.26078712940216053,0.8119176626205444,0.6481006145477295,-0.24198925495147572,10.93774700164795
1785982665.4772336,-0.09331394731998444,-0.26532381772994984,0.7961215376853943,-1.3231974840164185,0.5960190892219558,12.005928039550781
1785982665.4942338,-0.10932892560958862,-0.24763444066047657,0.8093260526657104,-0.8681835532188416,0.2682487368583694,12.460576057434082
1785982665.5122337,-0.18340767920017242,-0.3086012005805968,0.8391863107681274,0.6754122972488403,-0.5248051881790146,13.023139953613281
1785982665.5352228,-0.14526665210723877,-0.3832755684852599,0.8588590025901794,-0.16407978534698486,0.33492907881736933,14.406014442443848
1785982665.5532227,-0.12032998353242874,-0.4269709587097167,0.8497374057769775,0.8387813568115234,-0.4641110301017745,13.037385940551758
1785982665.5752227,-0.09857714176177979,-0.3585495352745055,0.8775833249092102,-0.7302306890487671,0.5100211501121538,13.515663146972656
1785982665.6162226,1.1830388307571411,1.3768830299377441,0.7152100205421446,0.1473318338394165,1.9030705690383927,13.309004783630371
1785982665.634212,0.5236082077026367,0.530887007713318,0.8363937139511107,-0.14906445145606995,1.2115440368652355,8.762250900268555
1785982665.651212,0.11761303246021271,0.2955352067947389,0.862065315246582,-0.6419665813446045,-1.6790231466293324,9.360034942626953
1785982665.674212,0.3209056556224823,-0.19561927020549763,0.8375586867332458,-0.3587888479232788,0.0542843341827403,8.516818046569824
1785982665.698212,-0.20242153108119965,-0.20342127978801716,0.8552374839782715,-0.13681790232658386,0.4302249550819404,6.071486473083496
1785982665.7152119,-0.22083359956741333,-0.27084529399871815,0.8571814298629761,-0.5211339592933655,-0.07810231298208134,8.34571647644043
1785982665.7332013,-0.22822129726409912,-0.24345071613788594,0.8528997302055359,-0.43411773443222046,-0.21570487320423057,5.584016799926758
1785982665.7562013,-0.265967458486557,-0.17702957987785328,0.8529423475265503,0.17304888367652893,0.04827556014061064,7.353054523468018
1785982665.7742012,-0.25688669085502625,-0.16171862185001362,0.8508901596069336,-0.6736919283866882,-0.08562687784433279,7.013730525970459
1785982665.7972012,-0.25222349166870117,-0.10093242675065983,0.8622415065765381,-0.5923572778701782,-0.0621472224593152,8.586393356323242
1785982665.8152013,-0.22965441644191742,-0.12012983858585347,0.8647282719612122,-0.6355334520339966,0.10465209186077219,8.230215072631836
1785982665.8381906,-0.28807511925697327,-0.15975524485111225,0.8874918818473816,-0.3282407820224762,-0.22835983335971713,9.783227920532227
1785982665.8551905,-0.18986888229846954,-0.17923060059547413,0.8680105805397034,0.061646632850170135,0.13050509989261738,9.07121753692627
1785982665.8731904,0.49456602334976196,-0.5974893569946288,0.6235641837120057,-0.9789155721664429,7.571657657623297,47.16606903076172
1785982665.8961904,0.48948562145233154,0.32239356637001043,0.6492211818695068,0.7194554805755615,-0.003443673253058241,9.359007835388184
1785982665.9131904,0.2576220631599426,0.21911694109439858,0.7316960096359253,-0.29462730884552,-0.27807453274726757,8.998298645019531
1785982665.9371798,0.03412751480937004,0.4244920611381532,0.7729098200798035,-0.15920665860176086,-0.535465776920318,4.883497714996338
1785982665.9541798,0.08211153000593185,0.22511331737041484,0.8067659735679626,0.2892313599586487,0.26188737154007063,8.455546379089355
1785982665.9721797,-0.1513073444366455,0.21078483760356911,0.5703783631324768,-0.31005826592445374,-0.5238647460937496,3.797381639480591
1785982665.9951797,-0.10380025207996368,0.25448048114776617,0.31398084759712214,-0.22031649947166443,-0.13344720005989003,5.962288856506348
1785982666.0121796,-0.6751258373260498,-1.286881923675537,0.46956455707550065,-5.218381881713867,3.5650808811187757,9.751265525817871
1785982666.035169,-1.1431498527526855,-0.8954371213912964,0.3962749540805818,1.072801113128662,3.171295642852785,12.939754486083984
1785982666.053169,-0.14129853248596191,-0.22769078612327573,0.24131740629673007,-0.9179832935333252,-0.3908900618553157,3.591615676879883
1785982666.076169,-0.40563642978668213,-0.023708123713731738,0.22002239525318146,-1.4159101247787476,-1.0384899377822865,8.960036277770996
1785982666.093169,0.16058847308158875,0.34175777435302734,0.16142924129962916,1.2617321014404297,-0.9403645992279043,8.03310775756836
1785982666.117169,0.622622013092041,0.4088100790977478,0.07911870628595347,0.9133538007736206,-1.5974568128585804,8.956216812133789
1785982666.1341581,0.8304115533828735,0.603449821472168,0.03487382829189293,-0.07518371939659119,0.19818137586116905,9.284985542297363
1785982666.1581583,0.6223281621932983,0.6503424644470215,0.06620825082063667,-0.6802181005477905,1.9580675363540665,12.558150291442871
1785982666.1751583,-0.059062518179416656,0.38389354944229126,0.10065344721078869,-0.2719844877719879,0.48127198219299433,9.543375968933105
1785982666.1991582,-0.30562156438827515,-0.19173988699913025,0.03922538831830027,-0.6812112331390381,-0.16963121294975161,9.633866310119629
1785982666.2161582,-0.3453039228916168,-0.6558865308761597,-0.015231210738420407,-0.33401623368263245,-0.30401137471198897,11.168782234191895
1785982666.2341478,-0.1261039525270462,-0.4823147654533386,0.010668995790183603,0.5315765142440796,-0.16009315848350417,8.827896118164062
1785982666.2511477,-0.00633251341059804,-0.08426293730735779,0.02677547186613084,0.9637184143066406,-0.33710539340972784,9.56786823272705
1785982666.2741477,0.09753444790840149,0.3795407712459564,0.009285846725106192,0.5994117856025696,-0.562135100364684,9.041845321655273
1785982666.2971478,0.28931838274002075,0.5036599040031433,-0.0068247383460403105,0.0498480424284935,-0.030776992440222386,10.678380966186523
1785982666.3151476,0.15846574306488037,0.17200730741024017,0.012150297872722128,-0.5609226822853088,-0.11660296469926715,9.757874488830566
1785982666.338137,-0.0858057513833046,-0.23424436151981354,0.013077657669782668,-0.637544572353363,0.27758586406707886,9.848806381225586
1785982666.356137,-0.2543715238571167,-0.32806822657585144,-0.005145627073943575,0.31141602993011475,-0.4142607450485217,10.419221878051758
1785982666.374137,-0.11710311472415924,-0.10507224500179291,0.0013964690733701119,0.5883899927139282,-0.1569983065128315,9.237863540649414
1785982666.397137,0.08566217869520187,0.11764297634363174,0.0035296019632369137,0.49754032492637634,-0.14206966757774236,9.450837135314941
1785982666.414137,0.21595320105552673,0.24387799203395844,-0.0017301326151937546,0.09950212389230728,-0.4776856899261463,9.744034767150879
1785982666.437126,0.06356591731309891,0.11317221820354462,0.012039743363857255,-0.1268455684185028,0.543879032135011,9.829617500305176
1785982666.455126,-0.1147228330373764,-0.11374523490667343,-0.016381178051233278,-0.45003294944763184,-0.21619598567485687,9.974752426147461
1785982666.478126,-0.10939811915159225,-0.16132549941539764,-0.00024294300237668565,0.055064596235752106,-0.5582045316696155,9.876326560974121
1785982666.496126,0.014848736114799976,-0.029163651168346405,0.0015151735860854422,0.4793994128704071,0.04724982380867121,9.517375946044922
1785982666.513126,0.09993566572666168,0.12833034992218018,0.0007668971084058128,0.062147416174411774,-0.30299630761146423,9.9030179977417
1785982666.5361147,0.032390136271715164,0.11383955180644989,-0.0009422642760910234,-0.16481801867485046,-0.19516819715499756,9.988216400146484
1785982666.5531147,-0.05812742933630943,-0.05131949111819267,-0.0022382615134119927,-0.2366466224193573,0.15281073749065519,9.849583625793457
1785982666.5771146,-0.05288393422961235,-0.11365281045436859,-0.00541859911754726,-0.07002657651901245,-0.219286650419234,9.90722370147705
1785982666.5941148,0.013746083714067936,-0.02951713651418686,0.0015652037691324986,0.4162167012691498,-0.17105674743652227,9.508831977844238
1785982666.6121147,0.03770218417048454,0.0834171399474144,0.003710885532200326,0.2531070411205292,0.01900216937065245,9.844623565673828
1785982666.635104,0.010295108892023563,0.053354647010564804,0.0024531201925128633,-0.19369961321353912,-0.07822561264037967,9.781458854675293
1785982666.652104,-0.020795781165361404,-0.046036601066589355,-0.0011804788373410645,0.029838554561138153,0.0751781314611447,9.856378555297852
1785982666.6761038,-0.0157912690192461,-0.05505424737930298,-0.00323661416769027,0.2735973596572876,0.034302487969399706,9.856270790100098
1785982666.694104,-0.002207024022936821,0.006805445533245802,0.0025316202081739894,-0.050256624817848206,-0.4350171089172351,9.837185859680176
1785982666.717104,0.02395561710000038,0.045777056366205215,-0.004001037683337932,-0.13385604321956635,-0.1599583774805057,9.825777053833008
1785982666.735093,0.0049904873594641685,0.00218727020546794,0.0023289644159376617,0.0028898119926452637,0.13642905652523163,9.909095764160156
1785982666.752093,-0.006435529328882694,-0.024948863312602043,-0.00042788486462086136,-0.15381309390068054,-0.21274545788764837,9.600098609924316
1785982666.775093,-0.016164453700184822,-0.011719468049705029,6.743881385773564e-05,-0.059370700269937515,-0.28080576658248785,9.745506286621094
1785982666.7990932,0.012300013564527035,0.023145684972405434,0.0015942840836942168,0.0876215472817421,0.1981457620859158,9.756625175476074
1785982666.8160932,0.013355563394725323,0.012418637983500957,0.0026841675862669927,0.09347216039896011,-0.008250042796133757,9.732872009277344
1785982666.8330824,0.005272888578474522,-0.009306102991104126,-0.0037435037083923804,-0.1111682653427124,-0.02864201366901276,9.951559066772461
1785982666.8560824,-0.017795907333493233,-0.008292602375149727,-0.0010940147330984462,0.08538980036973953,-0.2798197567462909,9.812692642211914
1785982666.8740823,0.01081091072410345,0.0011360896751284601,0.0010215457295998929,-0.05255887657403946,-0.09964199364185214,9.727357864379883
