timestamp,range,from_id,to_id,std
1609060334.784330845,29.042000,2000,100,0.055000
1609060334.784904718,12.750000,2010,101,0.129000
1609060334.810248137,12.530000,2011,102,0.055000
1609060334.834573030,11.832000,2000,102,0.055000
1609060334.835247755,28.268000,2010,100,0.055000
1609060334.859611750,28.129000,2001,100,0.055000
1609060334.860257864,12.852000,2011,101,0.055000
1609060334.884485960,12.936000,2000,101,0.024000
1609060334.885257959,12.467000,2010,102,0.056000
1609060334.909576654,11.646000,2001,102,0.024000
1609060334.910318851,29.139000,2011,100,0.055000
1609060334.959558010,29.013000,2000,100,0.055000
1609060334.959800720,12.778000,2010,101,0.129000
1609060334.984543800,12.542000,2001,101,10.536000
1609060334.985276461,12.576000,2011,102,0.055000
1609060335.009541035,11.790000,2000,102,0.055000
1609060335.010314226,28.270000,2010,100,0.055000
1609060335.034309864,28.083000,2001,100,0.055000
1609060335.035263062,12.840000,2011,101,0.024000
1609060335.059491634,12.939000,2000,101,0.055000
1609060335.060302973,12.497000,2010,102,0.056000
1609060335.084662676,11.654000,2001,102,0.056000
1609060335.134334564,29.011999,2000,100,0.055000
1609060335.134765148,13.124000,2010,101,0.268000
1609060335.160244703,12.575000,2011,102,0.024000
1609060335.184501410,11.821000,2000,102,0.055000
1609060335.185391903,28.271999,2010,100,0.055000
1609060335.209653378,28.129000,2001,100,0.024000
1609060335.210299253,12.844000,2011,101,0.055000
1609060335.234525681,12.939000,2000,101,0.055000
1609060335.235270023,12.459000,2010,102,0.056000
1609060335.259555817,11.572000,2001,102,0.055000
1609060335.259768009,28.631001,2011,100,0.268000
1609060335.309292555,29.006001,2000,100,0.055000
1609060335.309743166,12.746000,2010,101,0.129000
1609060335.335212946,12.567000,2011,102,0.024000
1609060335.359487057,11.822000,2000,102,0.055000
1609060335.360263109,28.275000,2010,100,0.024000
1609060335.384567976,28.129999,2001,100,0.055000
1609060335.385275841,12.808000,2011,101,0.024000
1609060335.409524202,12.935000,2000,101,0.055000
1609060335.410343409,12.426000,2010,102,0.056000
1609060335.434520721,11.676000,2001,102,0.024000
1609060335.435257673,29.129999,2011,100,0.055000
1609060335.484271049,29.040001,2000,100,0.055000
1609060335.484766960,13.146000,2010,101,0.268000
1609060335.509534121,13.406000,2001,101,0.056000
1609060335.510228872,12.567000,2011,102,0.055000
1609060335.534517050,11.784000,2000,102,0.055000
1609060335.535279512,28.268999,2010,100,0.055000
1609060335.559543848,28.127001,2001,100,0.055000
1609060335.560288906,12.844000,2011,101,0.055000
1609060335.584553242,12.935000,2000,101,0.055000
1609060335.585319757,12.461000,2010,102,0.056000
1609060335.609513044,11.687000,2001,102,0.055000
1609060335.609725714,28.632999,2011,100,0.268000
1609060335.659482956,28.976999,2000,100,0.055000
1609060335.659716606,12.701000,2010,101,0.129000
1609060335.684583902,12.613000,2001,101,10.536000
1609060335.685230732,12.604000,2011,102,0.055000
1609060335.709486008,11.889000,2000,102,0.024000
1609060335.710251093,28.228001,2010,100,0.055000
1609060335.734561682,28.128000,2001,100,0.055000
1609060335.735289097,12.847000,2011,101,0.055000
1609060335.759473085,12.937000,2000,101,0.055000
1609060335.760180712,12.405000,2010,102,0.056000
1609060335.784540415,11.685000,2001,102,0.055000
1609060335.834474325,28.980000,2000,100,0.055000
1609060335.834742546,12.690000,2010,101,0.129000
1609060335.860176802,12.579000,2011,102,0.055000
1609060335.884517193,11.823000,2000,102,0.055000
1609060335.885298252,28.193001,2010,100,0.055000
1609060335.909567833,28.125999,2001,100,0.024000
1609060335.910239935,12.845000,2011,101,0.055000
1609060335.934558392,12.937000,2000,101,0.024000
1609060335.935245037,12.459000,2010,102,0.056000
1609060335.959504128,11.681000,2001,102,0.024000
1609060336.009263754,29.042000,2000,100,0.055000
1609060336.009724617,13.155000,2010,101,0.268000
1609060336.035189152,12.577000,2011,102,0.055000
1609060336.059474945,11.821000,2000,102,0.024000
1609060336.060239792,28.268999,2010,100,0.055000
1609060336.084522486,28.132999,2001,100,0.055000
1609060336.085274696,12.842000,2011,101,0.055000
1609060336.109476089,12.938000,2000,101,0.055000
1609060336.110227823,12.460000,2010,102,0.055000
1609060336.134469509,11.650000,2001,102,0.055000
1609060336.184304714,28.971001,2000,100,0.055000
1609060336.184798479,12.748000,2010,101,0.129000
1609060336.209475040,12.815000,2001,101,10.536000
1609060336.210193396,12.547000,2011,102,0.055000
1609060336.234522104,11.790000,2000,102,0.055000
1609060336.235270739,28.268999,2010,100,0.055000
1609060336.259274244,28.042000,2001,100,0.055000
1609060336.260318995,12.843000,2011,101,0.055000
1609060336.284510136,12.939000,2000,101,0.024000
1609060336.285259485,12.423000,2010,102,0.056000
1609060336.309500933,11.686000,2001,102,0.055000
1609060336.309747696,28.636000,2011,100,0.268000
1609060336.359470606,28.974001,2000,100,0.055000
1609060336.359732866,12.684000,2010,101,0.129000
1609060336.384512663,13.297000,2001,101,0.056000
1609060336.385217905,12.536000,2011,102,0.055000
1609060336.409466743,11.783000,2000,102,0.024000
1609060336.410212517,28.308001,2010,100,0.055000
1609060336.434548616,28.129000,2001,100,0.055000
1609060336.435197115,12.850000,2011,101,0.055000
1609060336.459498405,12.938000,2000,101,0.024000
1609060336.460260868,12.501000,2010,102,0.056000
1609060336.484573364,11.654000,2001,102,0.055000
1609060336.534277916,29.014000,2000,100,0.055000
1609060336.534723043,12.753000,2010,101,0.129000
1609060336.560175419,12.540000,2011,102,0.055000
1609060336.584530830,11.928000,2000,102,0.055000
1609060336.585281610,28.308001,2010,100,0.055000
1609060336.609578609,28.132000,2001,100,0.055000
1609060336.610268116,12.844000,2011,101,0.055000
1609060336.634471655,12.942000,2000,101,0.024000
1609060336.635212421,12.463000,2010,102,0.056000
1609060336.659500599,11.650000,2001,102,0.024000
1609060336.659756899,28.593000,2011,100,0.268000
1609060336.709268808,29.018000,2000,100,0.055000
1609060336.709772825,12.733000,2010,101,0.129000
1609060336.735168934,12.568000,2011,102,0.055000
1609060336.759499073,11.753000,2000,102,0.024000
1609060336.760179996,28.309999,2010,100,0.055000
1609060336.784536123,28.129000,2001,100,0.055000
1609060336.785312176,12.844000,2011,101,0.055000
1609060336.809498787,12.939000,2000,101,0.055000
1609060336.810202837,12.459000,2010,102,0.056000
1609060336.834463596,11.683000,2001,102,0.055000
1609060336.884246588,29.014000,2000,100,0.055000
1609060336.884685278,12.677000,2010,101,0.129000
1609060336.910194397,12.571000,2011,102,0.055000
1609060336.934464693,11.860000,2000,102,0.055000
1609060336.935131550,28.268999,2010,100,0.055000
1609060336.959261656,28.041000,2001,100,0.055000
1609060336.960238934,12.845000,2011,101,0.024000
1609060336.984440088,12.936000,2000,101,0.055000
1609060336.985346317,12.459000,2010,102,0.056000
1609060337.009539843,11.587000,2001,102,0.055000
1609060337.009703875,28.681000,2011,100,0.268000
1609060337.059237242,29.013000,2000,100,0.055000
1609060337.059683084,12.664000,2010,101,0.129000
1609060337.085154057,12.538000,2011,102,0.055000
1609060337.109439373,11.755000,2000,102,0.024000
1609060337.110207796,28.308001,2010,100,0.055000
1609060337.134256840,28.045000,2001,100,0.055000
1609060337.135196686,12.840000,2011,101,0.055000
1609060337.159444571,12.935000,2000,101,0.055000
1609060337.160235167,12.403000,2010,102,0.056000
1609060337.184464693,11.678000,2001,102,0.055000
1609060337.234261990,29.038000,2000,100,0.055000
1609060337.234667540,13.082000,2010,101,0.268000
1609060337.259454727,13.372000,2001,101,0.056000
1609060337.260128260,12.577000,2011,102,0.055000
1609060337.284486055,11.788000,2000,102,0.055000
1609060337.285266399,28.304001,2010,100,0.055000
1609060337.309513807,28.162001,2001,100,0.055000
1609060337.310201406,12.885000,2011,101,0.024000
1609060337.334439039,12.938000,2000,101,0.055000
1609060337.335238457,12.457000,2010,102,0.056000
1609060337.359494209,11.652000,2001,102,0.055000
1609060337.360145330,28.662001,2011,100,0.268000
1609060337.409213066,29.014999,2000,100,0.024000
1609060337.409714222,13.130000,2010,101,0.268000
1609060337.435146093,12.575000,2011,102,0.055000
1609060337.459420681,11.790000,2000,102,0.024000
1609060337.460227013,28.274000,2010,100,0.055000
1609060337.484513521,28.129999,2001,100,0.055000
1609060337.485162973,12.846000,2011,101,0.024000
1609060337.509439468,12.938000,2000,101,0.055000
1609060337.510308266,12.420000,2010,102,0.056000
1609060337.534416437,11.675000,2001,102,0.055000
1609060337.534649849,28.596001,2011,100,0.268000
1609060337.584248543,29.014000,2000,100,0.055000
1609060337.584730148,12.742000,2010,101,0.129000
1609060337.609415531,13.329000,2001,101,0.056000
1609060337.610144615,12.582000,2011,102,0.055000
1609060337.634433746,11.885000,2000,102,0.055000
1609060337.635181665,28.266001,2010,100,0.055000
1609060337.659427166,28.122999,2001,100,0.055000
1609060337.660189390,12.880000,2011,101,0.024000
1609060337.684417009,12.934000,2000,101,0.024000
1609060337.685140371,12.379000,2010,102,0.268000
1609060337.709443569,11.652000,2001,102,0.055000
1609060337.710266590,29.135000,2011,100,0.055000
1609060337.759251356,29.014000,2000,100,0.055000
1609060337.759655476,13.150000,2010,101,0.268000
1609060337.784461737,13.406000,2001,101,0.056000
1609060337.785264254,12.572000,2011,102,0.055000
1609060337.809454441,11.822000,2000,102,0.024000
1609060337.810114861,28.305000,2010,100,0.055000
1609060337.834451199,28.124001,2001,100,0.055000
1609060337.835228682,12.847000,2011,101,0.055000
1609060337.859375954,12.939000,2000,101,0.055000
1609060337.860184193,12.497000,2010,102,0.056000
1609060337.884466648,11.685000,2001,102,0.055000
1609060337.934201241,28.975000,2000,100,0.055000
1609060337.934645891,12.744000,2010,101,0.129000
1609060337.959427357,12.492000,2001,101,10.536000
1609060337.960105896,12.543000,2011,102,0.055000
1609060337.984417439,11.889000,2000,102,0.055000
1609060337.985122442,28.266001,2010,100,0.024000
1609060338.009449482,28.165001,2001,100,0.055000
1609060338.010176897,12.884000,2011,101,0.055000
1609060338.034417629,12.934000,2000,101,0.024000
1609060338.035181761,12.432000,2010,102,0.056000
1609060338.059562683,11.607000,2001,102,0.056000
1609060338.109379530,28.979000,2000,100,0.055000
1609060338.109633684,13.167000,2010,101,0.268000
1609060338.135071993,12.570000,2011,102,0.055000
1609060338.159402132,11.858000,2000,102,0.055000
1609060338.160167933,28.309999,2010,100,0.055000
1609060338.184291840,28.046000,2001,100,0.055000
1609060338.185255766,12.844000,2011,101,0.055000
1609060338.209393024,12.940000,2000,101,0.055000
1609060338.210170269,12.461000,2010,102,0.056000
1609060338.234406710,11.677000,2001,102,0.055000
1609060338.234648705,28.559999,2011,100,0.268000
1609060338.284369230,29.000000,2000,100,0.055000
1609060338.284781456,12.672000,2010,101,0.129000
1609060338.310143232,12.537000,2011,102,0.055000
1609060338.334394217,11.790000,2000,102,0.024000
1609060338.335133553,28.264999,2010,100,0.055000
1609060338.359168291,28.077000,2001,100,0.055000
1609060338.360222340,12.846000,2011,101,0.055000
1609060338.384424210,12.938000,2000,101,0.055000
1609060338.385646582,11.924000,2010,102,0.268000
1609060338.409376860,11.547000,2001,102,0.024000
1609060338.459158182,28.968000,2000,100,0.055000
1609060338.459601879,12.706000,2010,101,0.129000
1609060338.484384775,13.473000,2001,101,0.056000
1609060338.485100269,12.546000,2011,102,0.055000
1609060338.509381533,11.885000,2000,102,0.055000
1609060338.510104418,28.308001,2010,100,0.055000
1609060338.534433126,28.132999,2001,100,0.055000
1609060338.535170794,12.845000,2011,101,0.055000
1609060338.559385538,12.938000,2000,101,0.055000
1609060338.560165167,12.458000,2010,102,0.056000
1609060338.584379435,11.648000,2001,102,0.055000
1609060338.585197449,29.093000,2011,100,0.055000
1609060338.634275913,28.969999,2000,100,0.055000
1609060338.634598255,12.676000,2010,101,0.129000
1609060338.659391403,13.394000,2001,101,0.056000
1609060338.660104036,12.546000,2011,102,0.055000
1609060338.684353590,11.784000,2000,102,0.024000
1609060338.709438801,28.135000,2001,100,0.055000
1609060338.710015297,12.842000,2011,101,0.055000
1609060338.734474182,12.938000,2000,101,0.055000
1609060338.735137463,12.459000,2010,102,0.056000
1609060338.759398937,11.653000,2001,102,0.055000
1609060338.809174776,29.038000,2000,100,0.055000
1609060338.809641361,13.139000,2010,101,0.268000
1609060338.835091352,12.572000,2011,102,0.055000
1609060338.859370470,11.880000,2000,102,0.055000
1609060338.860069036,28.264000,2010,100,0.055000
1609060338.884358168,28.129999,2001,100,0.024000
1609060338.885053158,12.846000,2011,101,0.055000
1609060338.909386396,12.945000,2000,101,0.024000
1609060338.910085440,12.419000,2010,102,0.056000
1609060338.934391975,11.673000,2001,102,0.055000
1609060338.984633446,29.040001,2000,100,0.055000
1609060338.984784365,12.767000,2010,101,0.129000
1609060339.010656834,12.571000,2011,102,0.055000
1609060339.034378529,11.924000,2000,102,0.055000
1609060339.035104036,28.268999,2010,100,0.055000
1609060339.059343815,28.076000,2001,100,0.055000
1609060339.060686827,12.844000,2011,101,0.055000
1609060339.084463358,12.938000,2000,101,0.055000
1609060339.085094213,12.463000,2010,102,0.056000
1609060339.109568357,11.651000,2001,102,0.055000
1609060339.161134005,29.011999,2000,100,0.055000
1609060339.161378860,12.663000,2010,101,0.129000
1609060339.184421062,20.084000,2001,101,10.536000
1609060339.185132027,12.570000,2011,102,0.055000
1609060339.209392309,11.788000,2000,102,0.055000
1609060339.210128546,28.232000,2010,100,0.024000
1609060339.234418631,28.165001,2001,100,0.055000
1609060339.235047102,12.851000,2011,101,0.055000
1609060339.259418726,12.938000,2000,101,0.055000
1609060339.260396004,12.423000,2010,102,0.056000
1609060339.287126303,11.683000,2001,102,0.024000
1609060339.287699699,28.570999,2011,100,0.268000
1609060339.334208250,28.968000,2000,100,0.055000
1609060339.334701300,13.179000,2010,101,0.268000
1609060339.359423399,12.435000,2001,101,0.268000
1609060339.360096693,12.579000,2011,102,0.055000
1609060339.384384871,11.788000,2000,102,0.055000
1609060339.385209322,28.229000,2010,100,0.024000
1609060339.409452677,28.131001,2001,100,0.055000
1609060339.434363365,12.939000,2000,101,0.055000
1609060339.435276270,12.500000,2010,102,0.056000
1609060339.459434748,11.618000,2001,102,0.056000
1609060339.460143566,29.138000,2011,100,0.055000
1609060339.509224892,29.042999,2000,100,0.055000
1609060339.509622097,12.694000,2010,101,0.129000
1609060339.535424232,12.537000,2011,102,0.055000
1609060339.559434652,11.830000,2000,102,0.024000
1609060339.560131550,28.223000,2010,100,0.055000
1609060339.584395170,28.131001,2001,100,0.055000
1609060339.585206032,12.850000,2011,101,0.024000
1609060339.609386921,12.942000,2000,101,0.055000
1609060339.610114336,12.432000,2010,102,0.056000
1609060339.634381056,11.573000,2001,102,0.056000
1609060339.635132313,29.090000,2011,100,0.055000
1609060339.684349775,28.972000,2000,100,0.055000
1609060339.684604168,13.143000,2010,101,0.268000
1609060339.709466219,11.818000,2001,101,0.268000
1609060339.710040331,12.576000,2011,102,0.055000
1609060339.734325647,11.789000,2000,102,0.055000
1609060339.735115051,28.225000,2010,100,0.055000
1609060339.759475470,28.132000,2001,100,0.055000
1609060339.760181665,12.846000,2011,101,0.055000
1609060339.784367323,12.936000,2000,101,0.055000
1609060339.785198450,12.460000,2010,102,0.056000
1609060339.809355736,11.610000,2001,102,0.055000
1609060339.810569048,28.684000,2011,100,0.268000
1609060339.859139919,29.042999,2000,100,0.055000
1609060339.859595299,13.180000,2010,101,0.268000
1609060339.884424686,12.668000,2001,101,10.536000
1609060339.885045767,12.576000,2011,102,0.055000
1609060339.909327745,11.826000,2000,102,0.055000
1609060339.910059690,28.264999,2010,100,0.055000
1609060339.934415817,28.129999,2001,100,0.024000
1609060339.935131073,12.854000,2011,101,0.055000
1609060339.959343672,12.941000,2000,101,0.024000
1609060339.960067034,12.458000,2010,102,0.056000
1609060339.984354258,11.650000,2001,102,0.055000
1609060340.034116745,29.048000,2000,100,0.055000
1609060340.034575462,12.692000,2010,101,0.129000
1609060340.059356451,13.330000,2001,101,0.056000
1609060340.060106277,12.545000,2011,102,0.055000
1609060340.084328413,11.785000,2000,102,0.055000
1609060340.085110426,28.270000,2010,100,0.055000
1609060340.109104395,28.045000,2001,100,0.055000
1609060340.110086918,12.842000,2011,101,0.055000
1609060340.134324074,12.933000,2000,101,0.024000
1609060340.135060072,12.293000,2010,102,0.056000
1609060340.159328461,11.647000,2001,102,0.024000
1609060340.209134817,29.051001,2000,100,0.055000
1609060340.209592104,13.132000,2010,101,0.268000
1609060340.234328747,12.675000,2001,101,10.536000
1609060340.235064030,12.503000,2011,102,0.055000
1609060340.259394646,11.861000,2000,102,0.055000
1609060340.260166407,28.267000,2010,100,0.055000
1609060340.284375429,28.160999,2001,100,0.055000
1609060340.285052538,12.844000,2011,101,0.055000
1609060340.309349060,12.937000,2000,101,0.055000
1609060340.310141802,12.428000,2010,102,0.056000
1609060340.334719896,11.681000,2001,102,0.055000
1609060340.384122372,29.040001,2000,100,0.055000
1609060340.384596109,12.635000,2010,101,0.129000
1609060340.409997702,12.570000,2011,102,0.055000
1609060340.434372663,11.786000,2000,102,0.024000
1609060340.435096025,28.305000,2010,100,0.055000
1609060340.459353924,28.129999,2001,100,0.055000
1609060340.460205555,12.849000,2011,101,0.055000
1609060340.484353781,12.936000,2000,101,0.055000
1609060340.485155582,12.459000,2010,102,0.056000
1609060340.509326458,11.611000,2001,102,0.055000
1609060340.559096813,29.038000,2000,100,0.055000
1609060340.559536934,13.178000,2010,101,0.268000
1609060340.585097075,12.506000,2011,102,0.055000
1609060340.609322309,11.922000,2000,102,0.055000
1609060340.610092402,28.266001,2010,100,0.055000
1609060340.634072781,28.090000,2001,100,0.055000
1609060340.636073351,12.846000,2011,101,0.055000
1609060340.659284115,12.943000,2000,101,0.055000
1609060340.660046577,12.422000,2010,102,0.055000
1609060340.684291124,11.682000,2001,102,0.055000
1609060340.684529066,28.618000,2011,100,0.268000
1609060340.734081030,29.013000,2000,100,0.055000
1609060340.734587908,13.203000,2010,101,0.268000
1609060340.759289026,12.537000,2001,101,10.536000
1609060340.759980917,12.507000,2011,102,0.024000
1609060340.785220385,11.825000,2000,102,0.055000
1609060340.785375357,28.261999,2010,100,0.055000
1609060340.809347391,28.132000,2001,100,0.055000
1609060340.810081482,12.838000,2011,101,0.055000
1609060340.834286451,12.938000,2000,101,0.055000
1609060340.835150480,12.462000,2010,102,0.056000
1609060340.859344244,11.647000,2001,102,0.056000
1609060340.859555960,28.649000,2011,100,0.268000
1609060340.909074068,29.051001,2000,100,0.055000
1609060340.909550190,13.178000,2010,101,0.268000
1609060340.935035706,12.540000,2011,102,0.024000
1609060340.959272146,11.828000,2000,102,0.024000
1609060340.960006475,28.268000,2010,100,0.024000
1609060340.984347343,28.131001,2001,100,0.055000
1609060340.985080242,12.839000,2011,101,0.055000
1609060341.009274483,12.934000,2000,101,0.055000
1609060341.010030508,12.499000,2010,102,0.055000
1609060341.034317732,11.646000,2001,102,0.055000
1609060341.084101677,29.039000,2000,100,0.055000
1609060341.084582567,13.127000,2010,101,0.268000
1609060341.110051870,12.576000,2011,102,0.055000
1609060341.134296894,11.828000,2000,102,0.055000
1609060341.135087490,28.230000,2010,100,0.024000
1609060341.159410954,28.125999,2001,100,0.055000
1609060341.160034418,12.845000,2011,101,0.055000
1609060341.184283018,12.939000,2000,101,0.024000
1609060341.185253620,12.464000,2010,102,0.056000
1609060341.209279299,11.690000,2001,102,0.055000
1609060341.209532022,28.674999,2011,100,0.268000
1609060341.263808727,28.979000,2000,100,0.055000
1609060341.264001608,12.742000,2010,101,0.129000
1609060341.284296274,13.292000,2001,101,0.056000
1609060341.285028696,12.571000,2011,102,0.055000
1609060341.309288502,11.892000,2000,102,0.055000
1609060341.310015440,28.268999,2010,100,0.024000
1609060341.334245682,28.084000,2001,100,0.055000
1609060341.335064888,12.847000,2011,101,0.055000
1609060341.359550476,12.935000,2000,101,0.055000
1609060341.360051394,12.374000,2010,102,10.536000
1609060341.384263277,11.687000,2001,102,0.055000
1609060341.385068178,29.099001,2011,100,0.055000
1609060341.434080601,29.042999,2000,100,0.055000
1609060341.434551954,13.131000,2010,101,0.268000
1609060341.459989786,12.576000,2011,102,0.055000
1609060341.484292984,11.896000,2000,102,0.055000
1609060341.485618353,28.268999,2010,100,0.024000
1609060341.509282351,28.044001,2001,100,0.055000
1609060341.510165453,12.844000,2011,101,0.055000
1609060341.534272671,12.931000,2000,101,0.024000
1609060341.535061598,12.460000,2010,102,0.056000
1609060341.559319973,11.680000,2001,102,0.055000
1609060341.560034752,29.135000,2011,100,0.055000
1609060341.609076738,29.049999,2000,100,0.055000
1609060341.609524965,13.127000,2010,101,0.268000
1609060341.634294748,12.815000,2001,101,10.536000
1609060341.635188818,12.539000,2011,102,0.055000
1609060341.659288406,11.786000,2000,102,0.024000
1609060341.660029411,28.270000,2010,100,0.024000
1609060341.684357882,28.132000,2001,100,0.024000
1609060341.685074568,12.877000,2011,101,0.055000
1609060341.709275246,12.944000,2000,101,0.055000
1609060341.710109949,12.463000,2010,102,0.056000
1609060341.734327316,11.608000,2001,102,0.056000
1609060341.784096003,29.014999,2000,100,0.055000
1609060341.784608603,13.164000,2010,101,0.268000
1609060341.809282780,13.405000,2001,101,0.056000
1609060341.809993505,12.586000,2011,102,0.055000
1609060341.834248304,11.927000,2000,102,0.055000
1609060341.835028648,28.306999,2010,100,0.055000
1609060341.859015942,28.045000,2001,100,0.055000
1609060341.859988451,12.849000,2011,101,0.055000
1609060341.884234190,12.939000,2000,101,0.055000
1609060341.885045528,12.400000,2010,102,0.056000
1609060341.909267426,11.651000,2001,102,0.024000
1609060341.910050154,29.091999,2011,100,0.055000
1609060341.959260464,28.980000,2000,100,0.055000
1609060341.959579229,12.663000,2010,101,0.129000
1609060341.984266520,12.813000,2001,101,0.268000
1609060341.985026836,12.576000,2011,102,0.055000
1609060342.009268045,11.790000,2000,102,0.055000
1609060342.010060072,28.229000,2010,100,0.055000
1609060342.034345150,28.128000,2001,100,0.055000
1609060342.035008669,12.850000,2011,101,0.055000
1609060342.059262276,12.935000,2000,101,0.055000
1609060342.060040474,12.397000,2010,102,0.056000
1609060342.084285975,11.647000,2001,102,0.055000
1609060342.134041071,29.042999,2000,100,0.055000
1609060342.134507895,12.612000,2010,101,0.129000
1609060342.159247637,12.801000,2001,101,10.536000
1609060342.159942150,12.583000,2011,102,0.055000
1609060342.184270144,11.821000,2000,102,0.024000
1609060342.184992075,28.268999,2010,100,0.024000
1609060342.209300995,28.170000,2001,100,0.055000
1609060342.210037708,12.880000,2011,101,0.055000
1609060342.234242678,12.938000,2000,101,0.055000
1609060342.235082388,12.461000,2010,102,0.056000
1609060342.259438038,11.652000,2001,102,0.055000
1609060342.259591103,28.608000,2011,100,0.268000
1609060342.309024572,29.051001,2000,100,0.055000
1609060342.309455633,13.211000,2010,101,0.268000
1609060342.334242344,12.744000,2001,101,10.536000
1609060342.334952354,12.581000,2011,102,0.055000
1609060342.359233618,11.826000,2000,102,0.055000
1609060342.360131025,28.229000,2010,100,0.024000
1609060342.384275675,28.132000,2001,100,0.055000
1609060342.385012150,12.848000,2011,101,0.024000
1609060342.409229279,12.941000,2000,101,0.055000
1609060342.410001755,12.428000,2010,102,0.056000
1609060342.434290886,11.675000,2001,102,0.055000
1609060342.434461117,28.657000,2011,100,0.268000
1609060342.484226942,29.040001,2000,100,0.055000
1609060342.484465361,12.757000,2010,101,0.129000
1609060342.509298086,11.156000,2001,101,10.536000
1609060342.509935856,12.569000,2011,102,0.055000
1609060342.534257412,11.793000,2000,102,0.055000
1609060342.534964085,28.268000,2010,100,0.055000
1609060342.559004307,28.080000,2001,100,0.055000
1609060342.559991598,12.858000,2011,101,0.055000
1609060342.584259272,12.939000,2000,101,0.024000
1609060342.585019827,12.429000,2010,102,0.056000
1609060342.609231710,11.680000,2001,102,0.055000
1609060342.659033775,29.002001,2000,100,0.055000
1609060342.659601450,12.720000,2010,101,0.129000
1609060342.684237242,12.774000,2001,101,10.536000
1609060342.684950829,12.612000,2011,102,0.055000
1609060342.709208965,11.827000,2000,102,0.055000
1609060342.710113049,28.270000,2010,100,0.055000
1609060342.734299421,28.129000,2001,100,0.055000
1609060342.735011578,12.840000,2011,101,0.055000
1609060342.759257078,12.935000,2000,101,0.024000
1609060342.759936571,12.437000,2010,102,0.055000
1609060342.784233093,11.648000,2001,102,0.055000
1609060342.785056591,29.093000,2011,100,0.055000
1609060342.834239960,29.011000,2000,100,0.055000
1609060342.834433794,13.129000,2010,101,0.268000
1609060342.859363079,12.808000,2001,101,10.536000
1609060342.860010624,12.572000,2011,102,0.055000
1609060342.884269476,11.792000,2000,102,0.055000
1609060342.884991646,28.274000,2010,100,0.055000
1609060342.909272909,28.197001,2001,100,0.055000
1609060342.910008192,12.844000,2011,101,0.055000
1609060342.934191227,12.938000,2000,101,0.055000
1609060342.934998274,12.457000,2010,102,0.056000
1609060342.959234476,11.682000,2001,102,0.055000
1609060342.960011244,29.135000,2011,100,0.055000
1609060343.008988380,29.014999,2000,100,0.055000
1609060343.009677410,13.133000,2010,101,0.268000
1609060343.034204960,12.723000,2001,101,10.536000
1609060343.034957886,12.575000,2011,102,0.055000
1609060343.059202433,11.786000,2000,102,0.055000
1609060343.060010195,28.306999,2010,100,0.055000
1609060343.084247828,28.132000,2001,100,0.024000
1609060343.085019350,12.843000,2011,101,0.024000
1609060343.109192371,12.935000,2000,101,0.055000
1609060343.110094786,12.456000,2010,102,0.056000
1609060343.134208441,11.682000,2001,102,0.024000
1609060343.134994030,29.091999,2011,100,0.055000
1609060343.184003592,29.042000,2000,100,0.055000
1609060343.184527874,12.727000,2010,101,0.129000
1609060343.209267378,12.663000,2001,101,10.536000
1609060343.210023642,12.577000,2011,102,0.055000
1609060343.234236717,11.788000,2000,102,0.055000
1609060343.234991074,28.230000,2010,100,0.024000
1609060343.258978605,28.042000,2001,100,0.055000
1609060343.260003328,12.838000,2011,101,0.055000
1609060343.284220219,12.937000,2000,101,0.055000
1609060343.284988880,12.433000,2010,102,0.056000
1609060343.309242725,11.610000,2001,102,0.055000
1609060343.359004021,29.042000,2000,100,0.055000
1609060343.359433174,12.735000,2010,101,0.129000
1609060343.384182215,12.815000,2001,101,10.536000
1609060343.384943247,12.574000,2011,102,0.055000
1609060343.409192324,11.788000,2000,102,0.024000
1609060343.409951448,28.268999,2010,100,0.055000
1609060343.433959723,28.080999,2001,100,0.055000
1609060343.434982300,12.886000,2011,101,0.055000
1609060343.459207535,12.933000,2000,101,0.055000
1609060343.459915638,12.425000,2010,102,0.055000
1609060343.484182835,11.653000,2001,102,0.055000
1609060343.484437227,28.659000,2011,100,0.268000
1609060343.534190178,29.011999,2000,100,0.055000
1609060343.534445286,13.119000,2010,101,0.268000
1609060343.559248686,12.947000,2001,101,10.536000
1609060343.561143637,12.540000,2011,102,0.055000
1609060343.584212780,11.891000,2000,102,0.055000
1609060343.609233141,28.160000,2001,100,0.055000
1609060343.610050678,12.845000,2011,101,0.055000
1609060343.634186745,12.937000,2000,101,0.055000
1609060343.634919167,12.321000,2010,102,0.056000
1609060343.659191370,11.684000,2001,102,0.055000
1609060343.659993410,29.094999,2011,100,0.055000
1609060343.709021568,29.047001,2000,100,0.055000
1609060343.709430695,12.676000,2010,101,0.129000
1609060343.734891176,12.580000,2011,102,0.055000
1609060343.759216309,11.784000,2000,102,0.024000
1609060343.784254074,28.127001,2001,100,0.055000
1609060343.784950018,12.844000,2011,101,0.024000
1609060343.809206724,12.939000,2000,101,0.024000
1609060343.809963703,12.465000,2010,102,0.056000
1609060343.834306479,11.681000,2001,102,0.055000
1609060343.884148598,28.969999,2000,100,0.055000
1609060343.884445667,13.180000,2010,101,0.268000
1609060343.909176111,13.415000,2001,101,0.056000
1609060343.910017252,12.570000,2011,102,0.055000
1609060343.934329033,11.791000,2000,102,0.055000
1609060343.934896708,28.271000,2010,100,0.055000
1609060343.959227324,28.129999,2001,100,0.055000
1609060343.959960938,12.883000,2011,101,0.055000
1609060343.984152794,12.946000,2000,101,0.055000
1609060343.984947681,12.461000,2010,102,0.056000
1609060344.009221554,11.672000,2001,102,0.055000
1609060344.009486198,28.656000,2011,100,0.268000
1609060344.058955431,29.040001,2000,100,0.055000
1609060344.059420347,13.189000,2010,101,0.268000
1609060344.084149599,12.648000,2001,101,10.536000
1609060344.084991455,12.538000,2011,102,0.055000
1609060344.109180689,11.826000,2000,102,0.024000
1609060344.134241343,28.129000,2001,100,0.055000
1609060344.134987354,12.885000,2011,101,0.055000
1609060344.159147501,12.939000,2000,101,0.055000
1609060344.159884691,12.398000,2010,102,0.056000
1609060344.184184790,11.670000,2001,102,0.024000
1609060344.233952284,29.014999,2000,100,0.055000
1609060344.234398603,12.726000,2010,101,0.129000
1609060344.259181499,12.457000,2001,101,0.268000
1609060344.259929657,12.565000,2011,102,0.055000
1609060344.284191132,11.896000,2000,102,0.055000
1609060344.284958839,28.231001,2010,100,0.024000
1609060344.309270859,28.132999,2001,100,0.055000
1609060344.309975147,12.842000,2011,101,0.055000
1609060344.334180832,12.941000,2000,101,0.055000
1609060344.334949255,12.506000,2010,102,0.056000
1609060344.359829903,11.649000,2001,102,0.056000
1609060344.360056400,28.660999,2011,100,0.268000
1609060344.409006119,28.966999,2000,100,0.055000
1609060344.409432650,13.173000,2010,101,0.268000
1609060344.434151173,12.961000,2001,101,10.536000
1609060344.434864044,12.584000,2011,102,0.055000
1609060344.459144354,11.819000,2000,102,0.055000
1609060344.459956646,28.273001,2010,100,0.055000
1609060344.484204531,28.132000,2001,100,0.055000
1609060344.484952927,12.860000,2011,101,0.055000
1609060344.509141445,12.937000,2000,101,0.055000
1609060344.510020494,12.462000,2010,102,0.055000
1609060344.534148455,11.679000,2001,102,0.055000
1609060344.534945250,29.096001,2011,100,0.055000
1609060344.584012747,29.049000,2000,100,0.055000
1609060344.584476471,12.738000,2010,101,0.129000
1609060344.609841824,12.612000,2011,102,0.055000
1609060344.634143353,11.889000,2000,102,0.055000
1609060344.634858370,28.302000,2010,100,0.055000
1609060344.659235716,28.129999,2001,100,0.055000
1609060344.663901091,12.844000,2011,101,0.055000
1609060344.684140205,12.934000,2000,101,0.024000
1609060344.685096502,12.433000,2010,102,0.055000
1609060344.709183931,11.678000,2001,102,0.055000
1609060344.709954262,29.093000,2011,100,0.055000
1609060344.758959532,29.040001,2000,100,0.055000
1609060344.759406090,12.670000,2010,101,0.129000
1609060344.784906149,12.578000,2011,102,0.055000
1609060344.809173346,11.919000,2000,102,0.055000
1609060344.809914589,28.226999,2010,100,0.055000
1609060344.834160805,28.128000,2001,100,0.024000
1609060344.834908247,12.838000,2011,101,0.024000
1609060344.859124660,12.934000,2000,101,0.055000
1609060344.859889507,12.364000,2010,102,0.056000
1609060344.884153605,11.682000,2001,102,0.024000
1609060344.884927273,29.091000,2011,100,0.055000
1609060344.933987856,28.968000,2000,100,0.055000
1609060344.934391737,13.145000,2010,101,0.268000
1609060344.959831715,12.543000,2011,102,0.055000
1609060344.984147549,11.786000,2000,102,0.055000
1609060344.984972239,28.229000,2010,100,0.055000
1609060345.009215832,28.120001,2001,100,0.055000
1609060345.009946585,12.842000,2011,101,0.055000
1609060345.034162283,12.937000,2000,101,0.055000
1609060345.034978628,12.421000,2010,102,0.056000
1609060345.059148788,11.650000,2001,102,0.055000
1609060345.108930111,29.010000,2000,100,0.055000
1609060345.109368801,12.712000,2010,101,0.129000
1609060345.134140730,12.822000,2001,101,10.536000
1609060345.134823561,12.606000,2011,102,0.055000
1609060345.159380674,11.922000,2000,102,0.024000
1609060345.159844875,28.231001,2010,100,0.024000
1609060345.184206009,28.132000,2001,100,0.055000
1609060345.184854746,12.847000,2011,101,0.024000
1609060345.209112883,12.942000,2000,101,0.055000
1609060345.210003376,12.464000,2010,102,0.056000
1609060345.234147310,11.648000,2001,102,0.055000
1609060345.283971548,29.040001,2000,100,0.055000
1609060345.284620285,12.712000,2010,101,0.129000
1609060345.309138536,12.389000,2001,101,10.536000
1609060345.309848547,12.572000,2011,102,0.055000
1609060345.334148407,11.921000,2000,102,0.055000
1609060345.334956884,28.229000,2010,100,0.024000
1609060345.358900070,28.046000,2001,100,0.055000
1609060345.359910965,12.887000,2011,101,0.024000
1609060345.384114981,12.939000,2000,101,0.055000
1609060345.384922028,12.459000,2010,102,0.056000
1609060345.409131289,11.685000,2001,102,0.055000
1609060345.458899260,29.041000,2000,100,0.055000
1609060345.459465027,12.747000,2010,101,0.129000
1609060345.485397339,12.617000,2011,102,0.055000
1609060345.509119272,11.888000,2000,102,0.055000
1609060345.510007858,28.306999,2010,100,0.055000
1609060345.534187794,28.134001,2001,100,0.055000
1609060345.534969091,12.846000,2011,101,0.024000
1609060345.559123278,12.938000,2000,101,0.024000
1609060345.559871912,12.464000,2010,102,0.056000
1609060345.584239483,11.682000,2001,102,0.024000
1609060345.633934259,29.014999,2000,100,0.055000
1609060345.634501457,12.742000,2010,101,0.129000
1609060345.659844160,12.571000,2011,102,0.055000
1609060345.684113503,11.922000,2000,102,0.055000
1609060345.684864283,28.309000,2010,100,0.055000
1609060345.708885908,28.052999,2001,100,0.055000
1609060345.734106779,12.934000,2000,101,0.055000
1609060345.734843254,12.382000,2010,102,0.056000
1609060345.762458324,11.647000,2001,102,0.055000
1609060345.762655020,28.677000,2011,100,0.268000
1609060345.809096575,28.976000,2000,100,0.055000
1609060345.809386492,12.714000,2010,101,0.129000
1609060345.834100723,12.856000,2001,101,10.536000
1609060345.834823132,12.540000,2011,102,0.055000
1609060345.859107971,11.826000,2000,102,0.024000
1609060345.859936237,28.230000,2010,100,0.024000
1609060345.884132385,28.132000,2001,100,0.024000
1609060345.884955168,12.879000,2011,101,0.024000
1609060345.909097910,12.934000,2000,101,0.055000
1609060345.909814119,12.461000,2010,102,0.055000
1609060345.934135199,11.611000,2001,102,0.055000
1609060345.983879328,29.042999,2000,100,0.055000
1609060345.984367371,12.652000,2010,101,0.129000
1609060346.009117842,12.615000,2001,101,10.536000
1609060346.009829998,12.606000,2011,102,0.055000
1609060346.034143448,11.792000,2000,102,0.024000
1609060346.035024643,28.270000,2010,100,0.055000
1609060346.059109926,28.114000,2001,100,0.055000
1609060346.059900999,12.839000,2011,101,0.055000
1609060346.084451914,12.940000,2000,101,0.055000
1609060346.085014820,12.496000,2010,102,0.055000
1609060346.109122515,11.613000,2001,102,0.056000
1609060346.109867334,29.091000,2011,100,0.055000
1609060346.158884287,29.010000,2000,100,0.055000
1609060346.159350634,13.182000,2010,101,0.268000
1609060346.184137821,13.372000,2001,101,0.056000
1609060346.184904575,12.576000,2011,102,0.055000
1609060346.209101915,11.889000,2000,102,0.055000
1609060346.209855080,28.271000,2010,100,0.055000
1609060346.234146357,28.132999,2001,100,0.024000
1609060346.234930992,12.847000,2011,101,0.055000
1609060346.259099007,12.937000,2000,101,0.024000
1609060346.259860277,12.429000,2010,102,0.056000
1609060346.284199953,11.613000,2001,102,0.056000
1609060346.334132910,28.980000,2000,100,0.055000
1609060346.334570169,12.704000,2010,101,0.129000
1609060346.359818697,12.568000,2011,102,0.055000
1609060346.384213209,11.892000,2000,102,0.055000
1609060346.384994030,28.305000,2010,100,0.055000
1609060346.409156799,28.129999,2001,100,0.055000
1609060346.409895182,12.840000,2011,101,0.055000
1609060346.434049606,12.943000,2000,101,0.055000
1609060346.434846878,12.404000,2010,102,0.056000
1609060346.459121704,11.654000,2001,102,0.055000
1609060346.459865093,29.091000,2011,100,0.055000
1609060346.508899212,29.049999,2000,100,0.055000
1609060346.509413481,12.583000,2010,101,0.129000
1609060346.534102440,12.433000,2001,101,0.268000
1609060346.534845352,12.569000,2011,102,0.055000
1609060346.559096575,11.827000,2000,102,0.024000
1609060346.559863329,28.264000,2010,100,0.055000
1609060346.584153891,28.159000,2001,100,0.055000
1609060346.584932804,12.848000,2011,101,0.055000
1609060346.609113216,12.938000,2000,101,0.024000
1609060346.609877586,12.424000,2010,102,0.056000
1609060346.634085417,11.672000,2001,102,0.055000
1609060346.634863377,29.139000,2011,100,0.055000
1609060346.683849335,29.044001,2000,100,0.055000
1609060346.684361219,12.754000,2010,101,0.129000
1609060346.709795475,12.566000,2011,102,0.055000
1609060346.734054804,11.889000,2000,102,0.055000
1609060346.734967709,28.264999,2010,100,0.055000
1609060346.759921074,28.128000,2001,100,0.055000
1609060346.760341167,12.887000,2011,101,0.024000
1609060346.784077168,12.939000,2000,101,0.024000
1609060346.784908772,12.456000,2010,102,0.056000
1609060346.809103251,11.681000,2001,102,0.055000
1609060346.809305668,28.677999,2011,100,0.268000
1609060346.858856440,29.011000,2000,100,0.055000
1609060346.864160538,13.157000,2010,101,0.268000
1609060346.884045839,13.473000,2001,101,0.056000
1609060346.884791136,12.572000,2011,102,0.055000
1609060346.909053087,11.924000,2000,102,0.055000
1609060346.909854412,28.261000,2010,100,0.055000
1609060346.934122562,28.132000,2001,100,0.055000
1609060346.934818745,12.846000,2011,101,0.024000
1609060346.959072351,12.937000,2000,101,0.024000
1609060346.959864378,12.400000,2010,102,0.056000
1609060346.984100819,11.646000,2001,102,0.024000
1609060346.984909534,29.096001,2011,100,0.055000
1609060347.033855915,29.054001,2000,100,0.055000
1609060347.034321785,13.131000,2010,101,0.268000
1609060347.059791803,12.575000,2011,102,0.055000
1609060347.084079266,11.786000,2000,102,0.055000
1609060347.084828377,28.302000,2010,100,0.055000
1609060347.109118462,28.131001,2001,100,0.024000
1609060347.109738111,12.841000,2011,101,0.024000
1609060347.134073496,12.932000,2000,101,0.055000
1609060347.134855747,12.429000,2010,102,0.055000
1609060347.159050703,11.612000,2001,102,0.056000
1609060347.159842730,29.138000,2011,100,0.055000
1609060347.209358931,29.042000,2000,100,0.055000
1609060347.209512472,12.719000,2010,101,0.129000
1609060347.234038115,12.850000,2001,101,10.536000
1609060347.235408068,12.568000,2011,102,0.055000
1609060347.259051323,11.926000,2000,102,0.055000
1609060347.259855986,28.308001,2010,100,0.055000
1609060347.284143209,28.129000,2001,100,0.055000
1609060347.284886122,12.842000,2011,101,0.055000
1609060347.309041023,12.939000,2000,101,0.055000
1609060347.310390234,12.457000,2010,102,0.056000
1609060347.334039927,11.682000,2001,102,0.055000
1609060347.334290981,28.687000,2011,100,0.268000
1609060347.383814573,29.014000,2000,100,0.055000
1609060347.384349108,12.711000,2010,101,0.129000
1609060347.409759045,12.580000,2011,102,0.055000
1609060347.434047461,11.920000,2000,102,0.055000
1609060347.434820414,28.266001,2010,100,0.055000
1609060347.459102154,28.132999,2001,100,0.055000
1609060347.459856510,12.844000,2011,101,0.055000
1609060347.484041929,12.938000,2000,101,0.055000
1609060347.484865427,12.500000,2010,102,0.055000
1609060347.509099245,11.684000,2001,102,0.024000
1609060347.510489225,29.094000,2011,100,0.055000
1609060347.558821917,29.041000,2000,100,0.055000
1609060347.559288263,12.719000,2010,101,0.129000
1609060347.584810257,12.583000,2011,102,0.055000
1609060347.609009027,11.863000,2000,102,0.055000
1609060347.609792233,28.228001,2010,100,0.055000
1609060347.634130478,28.128000,2001,100,0.055000
1609060347.634843826,12.882000,2011,101,0.055000
1609060347.659048080,12.934000,2000,101,0.024000
1609060347.659758329,12.433000,2010,102,0.056000
1609060347.684040546,11.604000,2001,102,0.024000
1609060347.684255838,28.551001,2011,100,0.268000
1609060347.733830690,28.974001,2000,100,0.055000
1609060347.734255552,13.117000,2010,101,0.268000
1609060347.759053469,12.691000,2001,101,10.536000
1609060347.759764910,12.571000,2011,102,0.055000
1609060347.784046173,11.858000,2000,102,0.055000
1609060347.790492296,28.305000,2010,100,0.055000
1609060347.809091806,28.129000,2001,100,0.055000
1609060347.809836149,12.843000,2011,101,0.055000
1609060347.834009409,12.934000,2000,101,0.055000
1609060347.834799528,12.435000,2010,102,0.056000
1609060347.859031200,11.684000,2001,102,0.055000
1609060347.859866858,29.090000,2011,100,0.055000
1609060347.909053802,29.041000,2000,100,0.055000
1609060347.909253120,12.714000,2010,101,0.129000
1609060347.934778452,12.571000,2011,102,0.055000
1609060347.959059715,11.924000,2000,102,0.055000
1609060347.960407734,28.268000,2010,100,0.024000
1609060347.984105110,28.134001,2001,100,0.055000
1609060347.984837770,12.842000,2011,101,0.055000
1609060348.009828091,12.433000,2010,102,0.056000
1609060348.009997129,12.940000,2000,101,0.055000
1609060348.034031153,11.678000,2001,102,0.055000
1609060348.034811497,29.094999,2011,100,0.055000
1609060348.083986044,29.039000,2000,100,0.055000
1609060348.084287643,12.706000,2010,101,0.129000
1609060348.109025955,13.364000,2001,101,0.056000
1609060348.109798193,12.571000,2011,102,0.055000
1609060348.134023905,11.789000,2000,102,0.055000
1609060348.159103155,28.132000,2001,100,0.055000
1609060348.159729481,12.843000,2011,101,0.055000
1609060348.184054375,12.937000,2000,101,0.055000
1609060348.184840918,12.428000,2010,102,0.056000
1609060348.209059954,11.647000,2001,102,0.055000
1609060348.258790970,29.048000,2000,100,0.055000
1609060348.259231567,12.656000,2010,101,0.129000
1609060348.284045935,13.328000,2001,101,0.056000
1609060348.284775257,12.540000,2011,102,0.055000
1609060348.309776545,28.304001,2010,100,0.055000
1609060348.333810091,28.080999,2001,100,0.055000
1609060348.334721327,12.852000,2011,101,0.055000
1609060348.358990908,12.939000,2000,101,0.055000
1609060348.359740496,12.464000,2010,102,0.056000
1609060348.384047985,11.673000,2001,102,0.055000
1609060348.433809996,28.993999,2000,100,0.055000
1609060348.434277534,13.182000,2010,101,0.268000
1609060348.459017515,12.740000,2001,101,10.536000
1609060348.459739923,12.574000,2011,102,0.055000
1609060348.484000683,11.751000,2000,102,0.055000
1609060348.484817266,28.230000,2010,100,0.024000
1609060348.508812666,28.042000,2001,100,0.055000
1609060348.509777546,12.844000,2011,101,0.055000
1609060348.534005642,12.936000,2000,101,0.055000
1609060348.534818649,12.460000,2010,102,0.056000
1609060348.559025049,11.645000,2001,102,0.055000
1609060348.560259819,29.086000,2011,100,0.055000
1609060348.608813286,28.968000,2000,100,0.055000
1609060348.609211206,12.659000,2010,101,0.129000
1609060348.634715796,12.547000,2011,102,0.055000
1609060348.659004450,11.826000,2000,102,0.024000
1609060348.659775734,28.261999,2010,100,0.055000
1609060348.683817387,28.082001,2001,100,0.055000
1609060348.684822798,12.879000,2011,101,0.055000
1609060348.708998919,12.939000,2000,101,0.055000
1609060348.709738970,12.507000,2010,102,0.055000
1609060348.734020472,11.647000,2001,102,0.055000
1609060348.783798933,29.051001,2000,100,0.055000
1609060348.784315825,13.158000,2010,101,0.268000
1609060348.809731007,12.573000,2011,102,0.055000
1609060348.842568398,11.926000,2000,102,0.055000
1609060348.842700481,28.232000,2010,100,0.024000
1609060348.861383915,28.125000,2001,100,0.055000
1609060348.861925364,12.840000,2011,101,0.055000
1609060348.883962870,12.938000,2000,101,0.055000
1609060348.884716988,12.356000,2010,102,0.056000
1609060348.909007788,11.615000,2001,102,0.056000
1609060348.909257889,28.680000,2011,100,0.268000
1609060348.958826065,29.006001,2000,100,0.055000
1609060348.959268332,12.524000,2010,101,0.129000
1609060349.008985281,11.789000,2000,102,0.055000
1609060349.009686470,28.231001,2010,100,0.024000
1609060349.034357309,28.077999,2001,100,0.055000
1609060349.035386562,12.843000,2011,101,0.055000
1609060349.058997631,12.933000,2000,101,0.055000
1609060349.059870005,12.398000,2010,102,0.056000
1609060349.084003210,11.646000,2001,102,0.055000
1609060349.133829355,28.966999,2000,100,0.055000
1609060349.134236574,13.166000,2010,101,0.268000
1609060349.158999681,12.800000,2001,101,10.536000
1609060349.159890890,12.606000,2011,102,0.055000
1609060349.184033155,11.888000,2000,102,0.055000
1609060349.184830427,28.275999,2010,100,0.055000
1609060349.208800077,28.046000,2001,100,0.055000
1609060349.209660053,12.851000,2011,101,0.055000
1609060349.233998060,12.940000,2000,101,0.055000
1609060349.234768391,12.403000,2010,102,0.056000
1609060349.258986473,11.690000,2001,102,0.055000
1609060349.308791637,29.011000,2000,100,0.024000
1609060349.309200287,12.712000,2010,101,0.129000
1609060349.334147453,12.812000,2001,101,10.536000
1609060349.334698200,12.543000,2011,102,0.055000
1609060349.358955383,11.789000,2000,102,0.055000
1609060349.359766722,28.270000,2010,100,0.055000
1609060349.383762836,28.044001,2001,100,0.055000
1609060349.385428667,12.856000,2011,101,0.055000
1609060349.408962488,12.942000,2000,101,0.024000
1609060349.409760237,12.465000,2010,102,0.056000
1609060349.434061527,11.676000,2001,102,0.055000
1609060349.435643435,29.138000,2011,100,0.055000
1609060349.484080315,29.004000,2000,100,0.055000
1609060349.484578609,13.175000,2010,101,0.268000
1609060349.509684563,12.554000,2011,102,0.055000
1609060349.533978939,11.826000,2000,102,0.055000
1609060349.534850597,28.229000,2010,100,0.024000
1609060349.559008837,28.129000,2001,100,0.055000
1609060349.559768915,12.885000,2011,101,0.024000
1609060349.584024191,12.940000,2000,101,0.055000
1609060349.585091591,12.493000,2010,102,0.055000
1609060349.608975410,11.648000,2001,102,0.055000
1609060349.609737396,29.093000,2011,100,0.055000
1609060349.658766270,29.049999,2000,100,0.055000
1609060349.659222126,12.676000,2010,101,0.129000
1609060349.684760332,12.578000,2011,102,0.055000
1609060349.708964825,11.823000,2000,102,0.055000
1609060349.709681273,28.264999,2010,100,0.055000
1609060349.734104872,28.159000,2001,100,0.055000
1609060349.734824419,12.885000,2011,101,0.055000
1609060349.758963346,12.936000,2000,101,0.024000
1609060349.759704828,12.397000,2010,102,0.056000
1609060349.783945322,11.684000,2001,102,0.024000
1609060349.784905434,28.677000,2011,100,0.268000
1609060349.843799829,29.042000,2000,100,0.055000
1609060349.843923092,12.705000,2010,101,0.129000
1609060349.858986855,12.976000,2001,101,10.536000
1609060349.859663725,12.602000,2011,102,0.055000
1609060349.883997679,11.787000,2000,102,0.055000
1609060349.884794950,28.232000,2010,100,0.024000
1609060349.909016371,28.132999,2001,100,0.055000
1609060349.909770250,12.843000,2011,101,0.055000
1609060349.933927536,12.935000,2000,101,0.024000
1609060349.934714079,12.430000,2010,102,0.056000
1609060349.959737539,29.135000,2011,100,0.055000
1609060349.959961414,11.646000,2001,102,0.055000
1609060350.008770466,29.052000,2000,100,0.055000
1609060350.009210348,12.715000,2010,101,0.129000
1609060350.033959150,12.893000,2001,101,10.536000
1609060350.034697294,12.574000,2011,102,0.055000
1609060350.059695244,28.308001,2010,100,0.024000
1609060350.083919287,28.094000,2001,100,0.024000
1609060350.084713936,12.852000,2011,101,0.024000
1609060350.108968019,12.939000,2000,101,0.024000
1609060350.109723806,12.459000,2010,102,0.056000
1609060350.134002924,11.658000,2001,102,0.056000
1609060350.134228706,28.660999,2011,100,0.268000
1609060350.183954239,28.976000,2000,100,0.055000
1609060350.184364319,13.180000,2010,101,0.268000
1609060350.209708929,12.540000,2011,102,0.055000
1609060350.234487772,11.926000,2000,102,0.055000
1609060350.234697580,28.270000,2010,100,0.055000
1609060350.259004116,28.127001,2001,100,0.055000
1609060350.259703875,12.847000,2011,101,0.024000
1609060350.283921957,12.937000,2000,101,0.055000
1609060350.284703016,12.426000,2010,102,0.056000
1609060350.308962584,11.670000,2001,102,0.055000
1609060350.309206724,28.612000,2011,100,0.268000
1609060350.358740568,29.041000,2000,100,0.055000
1609060350.359224319,12.699000,2010,101,0.129000
1609060350.384776115,12.571000,2011,102,0.055000
1609060350.408935785,11.860000,2000,102,0.055000
1609060350.409642220,28.270000,2010,100,0.055000
1609060350.433912277,28.080999,2001,100,0.055000
1609060350.436099529,12.879000,2011,101,0.024000
1609060350.458925486,12.938000,2000,101,0.055000
1609060350.459687471,12.458000,2010,102,0.056000
1609060350.483993053,11.647000,2001,102,0.024000
1609060350.484394789,28.679001,2011,100,0.268000
1609060350.533795357,29.011999,2000,100,0.055000
1609060350.534406900,13.081000,2010,101,0.268000
1609060350.558951378,12.606000,2001,101,10.536000
1609060350.559667349,12.582000,2011,102,0.055000
1609060350.584026098,11.863000,2000,102,0.024000
1609060350.584839821,28.304001,2010,100,0.024000
1609060350.609120846,28.129000,2001,100,0.055000
1609060350.610039711,12.847000,2011,101,0.055000
1609060350.634114504,12.935000,2000,101,0.055000
1609060350.634789467,12.425000,2010,102,0.056000
1609060350.658934593,11.682000,2001,102,0.055000
1609060350.659757614,29.094000,2011,100,0.055000
1609060350.708720446,29.046000,2000,100,0.055000
1609060350.709180593,13.135000,2010,101,0.268000
1609060350.733961105,12.910000,2001,101,10.536000
1609060350.734717131,12.543000,2011,102,0.055000
1609060350.758920670,11.824000,2000,102,0.055000
1609060350.759711504,28.302999,2010,100,0.055000
1609060350.783682108,28.077999,2001,100,0.055000
1609060350.784739971,12.843000,2011,101,0.055000
1609060350.808898449,12.938000,2000,101,0.055000
1609060350.809726954,12.498000,2010,102,0.056000
1609060350.833926916,11.656000,2001,102,0.055000
1609060350.883702517,29.042000,2000,100,0.055000
1609060350.884165764,12.756000,2010,101,0.129000
1609060350.909655809,12.513000,2011,102,0.055000
1609060350.933907270,11.928000,2000,102,0.055000
1609060350.934681177,28.271999,2010,100,0.024000
1609060350.958997965,28.167000,2001,100,0.055000
1609060350.959681749,12.839000,2011,101,0.024000
1609060350.983962059,12.937000,2000,101,0.024000
1609060350.984744072,12.463000,2010,102,0.056000
1609060351.008927107,11.681000,2001,102,0.055000
1609060351.009687662,29.093000,2011,100,0.055000
1609060351.058689833,29.037001,2000,100,0.055000
1609060351.059182405,13.169000,2010,101,0.268000
1609060351.084637880,12.545000,2011,102,0.055000
1609060351.108919144,11.891000,2000,102,0.055000
1609060351.109680891,28.268999,2010,100,0.055000
1609060351.133969069,28.205000,2001,100,0.055000
1609060351.134665251,12.846000,2011,101,0.055000
1609060351.158979416,12.941000,2000,101,0.055000
1609060351.159700632,12.362000,2010,102,0.056000
1609060351.183933258,11.546000,2001,102,0.024000
1609060351.184227705,28.193001,2011,100,0.268000
1609060351.233675480,29.014000,2000,100,0.055000
1609060351.234154940,13.150000,2010,101,0.268000
1609060351.258898020,12.872000,2001,101,10.536000
1609060351.259616375,12.547000,2011,102,0.055000
1609060351.283908129,11.890000,2000,102,0.055000
1609060351.284654379,28.267000,2010,100,0.055000
1609060351.308907270,28.080000,2001,100,0.055000
1609060351.309760571,12.846000,2011,101,0.055000
1609060351.333872557,12.930000,2000,101,0.055000
1609060351.334698200,12.434000,2010,102,0.056000
1609060351.358928204,11.677000,2001,102,0.055000
1609060351.359602928,29.098000,2011,100,0.055000
1609060351.408897638,28.975000,2000,100,0.055000
1609060351.409185171,13.133000,2010,101,0.268000
1609060351.433915377,12.682000,2001,101,10.536000
1609060351.434633017,12.539000,2011,102,0.055000
1609060351.458921432,11.892000,2000,102,0.055000
1609060351.459767103,28.268999,2010,100,0.024000
1609060351.483988762,28.132999,2001,100,0.055000
1609060351.484637260,12.848000,2011,101,0.055000
1609060351.508868933,12.935000,2000,101,0.024000
1609060351.509630919,12.463000,2010,102,0.055000
1609060351.533950329,11.681000,2001,102,0.055000
1609060351.534149885,28.679001,2011,100,0.268000
1609060351.583675623,28.968000,2000,100,0.055000
1609060351.584148169,12.698000,2010,101,0.129000
1609060351.609598398,12.586000,2011,102,0.055000
1609060351.633871794,11.829000,2000,102,0.024000
1609060351.634594202,28.264000,2010,100,0.024000
1609060351.658960104,28.128000,2001,100,0.055000
1609060351.659651995,12.848000,2011,101,0.055000
1609060351.683881760,12.935000,2000,101,0.024000
1609060351.684653282,12.461000,2010,102,0.056000
1609060351.708887100,11.681000,2001,102,0.055000
1609060351.709141731,28.622999,2011,100,0.268000
1609060351.758651733,28.969999,2000,100,0.055000
1609060351.759118319,13.122000,2010,101,0.268000
1609060351.783906221,12.743000,2001,101,0.268000
1609060351.784745693,12.574000,2011,102,0.055000
1609060351.808919907,11.824000,2000,102,0.055000
1609060351.809602737,28.302999,2010,100,0.055000
1609060351.833680630,28.082001,2001,100,0.055000
1609060351.834661722,12.839000,2011,101,0.024000
1609060351.858883142,12.938000,2000,101,0.055000
1609060351.859609842,12.468000,2010,102,0.056000
1609060351.883898020,11.608000,2001,102,0.055000
1609060351.933747530,29.004999,2000,100,0.055000
1609060351.934190273,12.764000,2010,101,0.129000
1609060351.959605455,12.500000,2011,102,0.055000
1609060351.983953714,11.788000,2000,102,0.055000
1609060351.984819412,28.309000,2010,100,0.055000
1609060352.008923054,28.129999,2001,100,0.055000
1609060352.009682894,12.843000,2011,101,0.055000
1609060352.033915520,12.936000,2000,101,0.024000
1609060352.034721613,12.436000,2010,102,0.056000
1609060352.058885098,11.681000,2001,102,0.055000
1609060352.059116602,28.597000,2011,100,0.268000
1609060352.108673334,29.045000,2000,100,0.055000
1609060352.109136105,13.176000,2010,101,0.268000
1609060352.133902788,12.801000,2001,101,10.536000
1609060352.134608269,12.577000,2011,102,0.055000
1609060352.164210796,11.894000,2000,102,0.055000
1609060352.164400101,28.270000,2010,100,0.024000
1609060352.183927536,28.128000,2001,100,0.055000
1609060352.184716225,12.841000,2011,101,0.055000
1609060352.208854437,12.934000,2000,101,0.055000
1609060352.209692955,12.459000,2010,102,0.056000
1609060352.234001637,11.686000,2001,102,0.055000
1609060352.234559774,28.643999,2011,100,0.268000
1609060352.283651352,29.042000,2000,100,0.055000
1609060352.284156084,13.173000,2010,101,0.268000
1609060352.309622526,12.578000,2011,102,0.055000
1609060352.333889008,11.860000,2000,102,0.024000
1609060352.334594488,28.308001,2010,100,0.055000
1609060352.358935595,28.132000,2001,100,0.055000
1609060352.359662056,12.847000,2011,101,0.055000
1609060352.384677649,12.495000,2010,102,0.056000
1609060352.408860922,11.650000,2001,102,0.024000
1609060352.409673452,29.090000,2011,100,0.055000
1609060352.458772659,28.971001,2000,100,0.055000
1609060352.459221601,13.131000,2010,101,0.268000
1609060352.483823538,13.329000,2001,101,0.056000
1609060352.484695673,12.574000,2011,102,0.055000
1609060352.508890390,11.761000,2000,102,0.055000
1609060352.509600401,28.271999,2010,100,0.024000
1609060352.533826351,28.080000,2001,100,0.055000
1609060352.534631252,12.847000,2011,101,0.055000
1609060352.558833122,12.935000,2000,101,0.055000
1609060352.559634686,12.401000,2010,102,0.056000
1609060352.583890915,11.646000,2001,102,0.056000
1609060352.633707047,29.051001,2000,100,0.055000
1609060352.634246826,12.699000,2010,101,0.129000
1609060352.658854246,12.885000,2001,101,10.536000
1609060352.659557581,12.544000,2011,102,0.055000
1609060352.683881521,11.965000,2000,102,0.055000
1609060352.684593201,28.261999,2010,100,0.055000
1609060352.708897829,28.129000,2001,100,0.055000
1609060352.709641695,12.851000,2011,101,0.055000
1609060352.733878613,12.938000,2000,101,0.055000
1609060352.734564543,12.461000,2010,102,0.056000
1609060352.758838654,11.679000,2001,102,0.024000
1609060352.759112597,28.679001,2011,100,0.268000
1609060352.808744192,29.041000,2000,100,0.055000
1609060352.809882402,13.137000,2010,101,0.268000
1609060352.833864927,12.724000,2001,101,10.536000
1609060352.834563255,12.570000,2011,102,0.055000
1609060352.858834982,11.889000,2000,102,0.055000
1609060352.859555006,28.274000,2010,100,0.024000
1609060352.883658409,28.044001,2001,100,0.055000
1609060352.884670019,12.846000,2011,101,0.055000
1609060352.908843756,12.934000,2000,101,0.024000
1609060352.909776449,12.460000,2010,102,0.056000
1609060352.933867693,11.682000,2001,102,0.055000
1609060352.934600592,29.135000,2011,100,0.055000
1609060352.983639956,29.045000,2000,100,0.055000
1609060352.984442949,12.700000,2010,101,0.129000
1609060353.009557486,12.575000,2011,102,0.055000
1609060353.033829212,11.889000,2000,102,0.055000
1609060353.034611940,28.302000,2010,100,0.055000
1609060353.058612823,28.080999,2001,100,0.055000
1609060353.059692621,12.850000,2011,101,0.055000
1609060353.083845854,12.942000,2000,101,0.055000
1609060353.084706783,12.463000,2010,102,0.056000
1609060353.108891010,11.641000,2001,102,0.024000
1609060353.109624863,29.134001,2011,100,0.055000
1609060353.158844948,28.979000,2000,100,0.055000
1609060353.159310102,13.129000,2010,101,0.268000
1609060353.184656858,12.611000,2011,102,0.055000
1609060353.208854198,11.790000,2000,102,0.055000
1609060353.209711790,28.264000,2010,100,0.055000
1609060353.233924389,28.125999,2001,100,0.024000
1609060353.234567404,12.848000,2011,101,0.055000
1609060353.258882999,12.936000,2000,101,0.055000
1609060353.259902239,12.461000,2010,102,0.056000
1609060353.283864498,11.685000,2001,102,0.055000
1609060353.284677267,29.134001,2011,100,0.055000
1609060353.333603382,29.006001,2000,100,0.055000
1609060353.334086418,13.151000,2010,101,0.268000
1609060353.358837843,12.953000,2001,101,10.536000
1609060353.359622955,12.544000,2011,102,0.055000
1609060353.383842468,11.828000,2000,102,0.055000
1609060353.384598255,28.266001,2010,100,0.024000
1609060353.408883810,28.128000,2001,100,0.055000
1609060353.409606695,12.848000,2011,101,0.024000
1609060353.433817863,12.942000,2000,101,0.024000
1609060353.438682318,12.419000,2010,102,0.056000
1609060353.458927155,11.674000,2001,102,0.055000
1609060353.459213257,28.677000,2011,100,0.268000
1609060353.508825302,29.014000,2000,100,0.055000
1609060353.509086132,12.766000,2010,101,0.129000
1609060353.534556389,12.580000,2011,102,0.055000
1609060353.558809042,11.830000,2000,102,0.055000
1609060353.560743570,28.264000,2010,100,0.055000
1609060353.583887100,28.129999,2001,100,0.055000
1609060353.584690094,12.844000,2011,101,0.055000
1609060353.608924150,12.938000,2000,101,0.024000
1609060353.609562635,12.438000,2010,102,0.056000
1609060353.633805513,11.686000,2001,102,0.024000
1609060353.683587551,29.042999,2000,100,0.055000
1609060353.684083700,13.169000,2010,101,0.268000
1609060353.709561586,12.586000,2011,102,0.055000
1609060353.733820438,11.608000,2000,102,0.268000
1609060353.734581947,28.306000,2010,100,0.024000
1609060353.758807898,28.080999,2001,100,0.055000
1609060353.759531498,12.857000,2011,101,0.055000
1609060353.784007311,12.939000,2000,101,0.055000
1609060353.784686089,12.496000,2010,102,0.056000
1609060353.808822870,11.677000,2001,102,0.024000
1609060353.809242964,28.549000,2011,100,0.268000
1609060353.858607054,29.044001,2000,100,0.055000
1609060353.859072924,12.711000,2010,101,0.129000
1609060353.885732412,12.383000,2001,101,10.536000
1609060353.885910511,12.605000,2011,102,0.055000
1609060353.908790827,11.793000,2000,102,0.055000
1609060353.909543753,28.268000,2010,100,0.055000
1609060353.933884859,28.131001,2001,100,0.055000
1609060353.934512377,12.844000,2011,101,0.055000
1609060353.958797455,12.942000,2000,101,0.055000
1609060353.959606409,12.457000,2010,102,0.056000
1609060353.983791351,11.685000,2001,102,0.055000
1609060353.984634399,29.087999,2011,100,0.055000
1609060354.033583403,28.969000,2000,100,0.055000
1609060354.034097672,12.714000,2010,101,0.129000
1609060354.059611559,12.597000,2011,102,0.055000
1609060354.083771229,11.889000,2000,102,0.055000
1609060354.084500551,28.229000,2010,100,0.055000
1609060354.108793020,28.082001,2001,100,0.055000
1609060354.109590054,12.883000,2011,101,0.024000
1609060354.133787394,12.934000,2000,101,0.024000
1609060354.134626627,12.456000,2010,102,0.056000
1609060354.158789873,11.683000,2001,102,0.055000
1609060354.208590746,28.966999,2000,100,0.055000
1609060354.209238529,13.170000,2010,101,0.268000
1609060354.233796835,12.848000,2001,101,10.536000
1609060354.234609365,12.544000,2011,102,0.055000
1609060354.258820772,11.786000,2000,102,0.055000
1609060354.259515047,28.270000,2010,100,0.055000
1609060354.283868790,28.127001,2001,100,0.055000
1609060354.284702063,12.852000,2011,101,0.055000
1609060354.308780909,12.939000,2000,101,0.055000
1609060354.309555769,12.467000,2010,102,0.056000
1609060354.333800554,11.675000,2001,102,0.055000
1609060354.384118080,13.067000,2010,101,0.268000
1609060354.384335518,29.042000,2000,100,0.055000
1609060354.409629583,12.575000,2011,102,0.055000
1609060354.433862686,11.828000,2000,102,0.024000
1609060354.434534550,28.277000,2010,100,0.055000
1609060354.458548307,28.042000,2001,100,0.055000
1609060354.459557772,12.842000,2011,101,0.055000
1609060354.483896732,12.934000,2000,101,0.055000
1609060354.484577894,12.393000,2010,102,0.056000
1609060354.508793354,11.612000,2001,102,0.055000
1609060354.509633303,29.054001,2011,100,0.055000
1609060354.558552265,29.044001,2000,100,0.055000
1609060354.559272528,12.697000,2010,101,0.129000
1609060354.584551334,12.579000,2011,102,0.055000
1609060354.608778477,11.823000,2000,102,0.055000
1609060354.609482765,28.230000,2010,100,0.024000
1609060354.633757830,28.045000,2001,100,0.055000
1609060354.658731222,12.935000,2000,101,0.055000
1609060354.659642220,12.424000,2010,102,0.056000
1609060354.683804512,11.670000,2001,102,0.055000
1609060354.684026718,28.665001,2011,100,0.268000
1609060354.734732389,29.044001,2000,100,0.055000
1609060354.734878063,13.155000,2010,101,0.268000
1609060354.759553194,12.540000,2011,102,0.055000
1609060354.783771038,11.791000,2000,102,0.055000
1609060354.784555197,28.267000,2010,100,0.024000
1609060354.808581591,28.083000,2001,100,0.055000
1609060354.809547186,12.848000,2011,101,0.055000
1609060354.833743572,12.938000,2000,101,0.055000
1609060354.834583998,12.460000,2010,102,0.056000
1609060354.858789206,11.684000,2001,102,0.055000
1609060354.909115791,29.007999,2000,100,0.055000
1609060354.909548044,12.690000,2010,101,0.129000
1609060354.934477568,12.580000,2011,102,0.055000
1609060354.958741426,11.827000,2000,102,0.024000
1609060354.959523201,28.270000,2010,100,0.024000
1609060354.986834288,28.051001,2001,100,0.055000
1609060354.987113953,12.846000,2011,101,0.055000
1609060355.008759499,12.935000,2000,101,0.055000
1609060355.009551287,12.463000,2010,102,0.056000
1609060355.033787012,11.682000,2001,102,0.024000
1609060355.033985376,28.676001,2011,100,0.268000
1609060355.083526134,29.042999,2000,100,0.055000
1609060355.084056616,12.708000,2010,101,0.129000
1609060355.109464884,12.572000,2011,102,0.055000
1609060355.133742809,11.824000,2000,102,0.024000
1609060355.134496450,28.309000,2010,100,0.055000
1609060355.158806801,28.169001,2001,100,0.055000
1609060355.159471035,12.846000,2011,101,0.024000
1609060355.183716536,12.944000,2000,101,0.055000
1609060355.208817959,11.681000,2001,102,0.055000
1609060355.209536314,29.094999,2011,100,0.055000
1609060355.258767128,29.004999,2000,100,0.055000
1609060355.258990526,13.184000,2010,101,0.268000
1609060355.308806419,11.860000,2000,102,0.024000
1609060355.309536695,28.275000,2010,100,0.055000
1609060355.333752632,28.124001,2001,100,0.055000
1609060355.334548235,12.844000,2011,101,0.024000
1609060355.358732224,12.945000,2000,101,0.055000
1609060355.359523058,12.424000,2010,102,0.056000
1609060355.383739471,11.683000,2001,102,0.055000
1609060355.433543921,29.010000,2000,100,0.055000
1609060355.433996201,12.739000,2010,101,0.129000
1609060355.459461212,12.564000,2011,102,0.055000
1609060355.484540939,28.260000,2010,100,0.055000
1609060355.508534431,28.084000,2001,100,0.055000
1609060355.509537458,12.841000,2011,101,0.055000
1609060355.533732176,12.939000,2000,101,0.055000
1609060355.534754515,12.457000,2010,102,0.056000
1609060355.560103893,11.613000,2001,102,0.024000
1609060355.560327768,28.657000,2011,100,0.268000
1609060355.608529568,29.039000,2000,100,0.055000
1609060355.609019995,12.768000,2010,101,0.129000
1609060355.634506464,12.609000,2011,102,0.055000
1609060355.658709764,11.787000,2000,102,0.055000
1609060355.659459114,28.268999,2010,100,0.055000
1609060355.683798313,28.125000,2001,100,0.055000
1609060355.684530973,12.847000,2011,101,0.055000
1609060355.708745956,12.935000,2000,101,0.055000
1609060355.709515333,12.461000,2010,102,0.056000
1609060355.734512806,11.674000,2001,102,0.055000
1609060355.734704018,28.549000,2011,100,0.268000
1609060355.783571482,29.051001,2000,100,0.055000
1609060355.784061432,12.770000,2010,101,0.129000
1609060355.809460402,12.543000,2011,102,0.055000
1609060355.833737850,11.887000,2000,102,0.024000
1609060355.834488392,28.271000,2010,100,0.055000
1609060355.858807564,28.129000,2001,100,0.055000
1609060355.859569550,12.845000,2011,101,0.055000
1609060355.883724451,12.939000,2000,101,0.055000
1609060355.884729147,12.460000,2010,102,0.056000
1609060355.908787966,11.681000,2001,102,0.055000
1609060355.909612894,29.135000,2011,100,0.055000
1609060355.958529949,29.051001,2000,100,0.055000
1609060355.958983421,13.169000,2010,101,0.268000
1609060356.008731127,11.888000,2000,102,0.024000
1609060356.009869099,28.267000,2010,100,0.055000
1609060356.033710241,28.044001,2001,100,0.055000
1609060356.034525156,12.886000,2011,101,0.055000
1609060356.058694839,12.938000,2000,101,0.055000
1609060356.059505939,12.457000,2010,102,0.056000
1609060356.083719969,11.685000,2001,102,0.055000
1609060356.133520365,29.045000,2000,100,0.055000
1609060356.134350538,13.166000,2010,101,0.268000
1609060356.159427881,12.574000,2011,102,0.024000
1609060356.183809996,12.264000,2000,102,0.055000
1609060356.185421228,28.306000,2010,100,0.055000
1609060356.208823919,28.132000,2001,100,0.055000
1609060356.209674597,12.884000,2011,101,0.055000
1609060356.233720779,12.939000,2000,101,0.055000
1609060356.234577417,12.437000,2010,102,0.056000
1609060356.258757591,11.641000,2001,102,0.055000
1609060356.259475708,28.586000,2011,100,0.268000
1609060356.308528900,29.041000,2000,100,0.055000
1609060356.309045553,13.201000,2010,101,0.268000
1609060356.334470272,12.540000,2011,102,0.055000
1609060356.358694553,11.823000,2000,102,0.055000
1609060356.359420300,28.304001,2010,100,0.055000
1609060356.383796453,28.129999,2001,100,0.055000
1609060356.384484053,12.849000,2011,101,0.055000
1609060356.408718109,12.941000,2000,101,0.055000
1609060356.409535170,12.495000,2010,102,0.056000
1609060356.433715820,11.681000,2001,102,0.055000
1609060356.483499289,29.047001,2000,100,0.055000
1609060356.484037399,12.726000,2010,101,0.129000
1609060356.508712769,13.465000,2001,101,0.055000
1609060356.509437561,12.576000,2011,102,0.055000
1609060356.533767462,11.827000,2000,102,0.024000
1609060356.534773111,28.230000,2010,100,0.024000
1609060356.558804274,28.132999,2001,100,0.055000
1609060356.560162306,12.843000,2011,101,0.024000
1609060356.583712578,12.933000,2000,101,0.055000
1609060356.584566832,12.396000,2010,102,0.056000
1609060356.608797550,11.614000,2001,102,0.056000
1609060356.609062910,28.653999,2011,100,0.268000
1609060356.658504248,29.016001,2000,100,0.055000
1609060356.659115314,13.142000,2010,101,0.268000
1609060356.683834553,13.255000,2001,101,0.056000
1609060356.684456587,12.567000,2011,102,0.055000
1609060356.708752871,11.932000,2000,102,0.055000
1609060356.709467411,28.270000,2010,100,0.055000
1609060356.733717918,28.056000,2001,100,0.024000
1609060356.734525919,12.843000,2011,101,0.024000
1609060356.758699417,12.939000,2000,101,0.055000
1609060356.759503126,12.434000,2010,102,0.056000
1609060356.783774137,11.639000,2001,102,0.055000
1609060356.784538507,29.131001,2011,100,0.055000
1609060356.833509922,29.038000,2000,100,0.055000
1609060356.834082842,12.763000,2010,101,0.129000
1609060356.859412909,12.547000,2011,102,0.055000
1609060356.883686543,11.824000,2000,102,0.024000
1609060356.884550095,28.226000,2010,100,0.055000
1609060356.908502340,28.080000,2001,100,0.055000
1609060356.909518003,12.844000,2011,101,0.055000
1609060356.933691263,12.935000,2000,101,0.055000
1609060356.934475899,12.398000,2010,102,0.056000
1609060356.958723307,11.582000,2001,102,0.055000
1609060357.008469820,29.045000,2000,100,0.055000
1609060357.008973598,13.118000,2010,101,0.268000
1609060357.033753395,12.746000,2001,101,10.536000
1609060357.034399033,12.547000,2011,102,0.055000
1609060357.058730841,11.789000,2000,102,0.055000
1609060357.059483767,28.268999,2010,100,0.024000
1609060357.083443642,28.042000,2001,100,0.055000
1609060357.084482908,12.844000,2011,101,0.024000
1609060357.108683109,12.937000,2000,101,0.055000
1609060357.109463215,12.423000,2010,102,0.056000
1609060357.133711100,11.684000,2001,102,0.055000
1609060357.134473801,29.056000,2011,100,0.055000
1609060357.183496714,28.969999,2000,100,0.055000
1609060357.184040546,12.674000,2010,101,0.129000
1609060357.208709955,12.836000,2001,101,10.536000
1609060357.209423304,12.574000,2011,102,0.055000
1609060357.233714342,11.785000,2000,102,0.055000
1609060357.234415293,28.306999,2010,100,0.055000
1609060357.258748055,28.129000,2001,100,0.055000
1609060357.259466887,12.845000,2011,101,0.055000
1609060357.283702850,12.938000,2000,101,0.055000
1609060357.284538031,12.458000,2010,102,0.056000
1609060357.308701754,11.685000,2001,102,0.055000
1609060357.309463978,29.090000,2011,100,0.055000
1609060357.358451128,29.044001,2000,100,0.055000
1609060357.358965874,13.133000,2010,101,0.268000
1609060357.384402514,12.571000,2011,102,0.055000
1609060357.408725977,11.784000,2000,102,0.055000
1609060357.433742762,28.128000,2001,100,0.055000
1609060357.434475422,12.847000,2011,101,0.055000
1609060357.459422112,12.495000,2010,102,0.056000
1609060357.483639479,11.682000,2001,102,0.024000
1609060357.533686161,29.038000,2000,100,0.055000
1609060357.533972502,13.130000,2010,101,0.268000
1609060357.558680773,12.722000,2001,101,10.536000
1609060357.559479952,12.578000,2011,102,0.055000
1609060357.583639383,11.794000,2000,102,0.055000
1609060357.584453583,28.302000,2010,100,0.024000
1609060357.608661652,28.084999,2001,100,0.055000
1609060357.609433413,12.843000,2011,101,0.055000
1609060357.633657932,12.943000,2000,101,0.024000
1609060357.634479761,12.397000,2010,102,0.056000
1609060357.658658981,11.646000,2001,102,0.055000
1609060357.708464384,29.014000,2000,100,0.055000
1609060357.708959341,12.738000,2010,101,0.129000
1609060357.734560966,12.570000,2011,102,0.055000
1609060357.758670807,11.787000,2000,102,0.024000
1609060357.759419918,28.268000,2010,100,0.024000
1609060357.783639669,28.082001,2001,100,0.055000
1609060357.784425259,12.848000,2011,101,0.055000
1609060357.808658838,12.941000,2000,101,0.055000
1609060357.809430361,12.501000,2010,102,0.056000
1609060357.833688498,11.645000,2001,102,0.055000
1609060357.883476734,29.013000,2000,100,0.055000
1609060357.883929729,12.696000,2010,101,0.129000
1609060357.908642530,12.722000,2001,101,10.536000
1609060357.909372568,12.576000,2011,102,0.055000
1609060357.933689117,11.790000,2000,102,0.024000
1609060357.958401442,28.042000,2001,100,0.055000
1609060357.959359884,12.847000,2011,101,0.055000
1609060357.983629942,12.939000,2000,101,0.055000
1609060357.984493494,12.438000,2010,102,0.056000
1609060358.008707285,11.574000,2001,102,0.055000
1609060358.009417295,29.090000,2011,100,0.055000
1609060358.058657885,29.006001,2000,100,0.055000
1609060358.058907032,13.155000,2010,101,0.268000
1609060358.083641768,12.928000,2001,101,10.536000
1609060358.084362268,12.537000,2011,102,0.055000
1609060358.108689070,11.792000,2000,102,0.024000
1609060358.109395504,28.267000,2010,100,0.055000
1609060358.133710384,28.127001,2001,100,0.055000
1609060358.134355068,12.852000,2011,101,0.055000
1609060358.158625603,12.931000,2000,101,0.055000
1609060358.159473658,12.459000,2010,102,0.056000
1609060358.183612585,11.683000,2001,102,0.024000
1609060358.183953762,28.452999,2011,100,0.268000
1609060358.233413458,29.056000,2000,100,0.055000
1609060358.233893156,12.744000,2010,101,0.129000
1609060358.259401560,12.536000,2011,102,0.055000
1609060358.283639669,11.793000,2000,102,0.055000
1609060358.284430981,28.268999,2010,100,0.024000
1609060358.308729172,28.125000,2001,100,0.055000
1609060358.309360266,12.851000,2011,101,0.055000
1609060358.333642483,12.939000,2000,101,0.055000
1609060358.334424973,12.464000,2010,102,0.056000
1609060358.358638525,11.685000,2001,102,0.055000
1609060358.408612967,29.035000,2000,100,0.055000
1609060358.408886909,13.124000,2010,101,0.268000
1609060358.434376717,12.577000,2011,102,0.055000
1609060358.458640337,11.922000,2000,102,0.055000
1609060358.459389210,28.268000,2010,100,0.024000
1609060358.483424187,28.047001,2001,100,0.055000
1609060358.484395981,12.843000,2011,101,0.055000
1609060358.508617163,12.935000,2000,101,0.055000
1609060358.509425163,12.426000,2010,102,0.056000
1609060358.533636332,11.682000,2001,102,0.024000
1609060358.583410740,29.042999,2000,100,0.055000
1609060358.583926201,13.182000,2010,101,0.268000
1609060358.608658314,12.650000,2001,101,10.536000
1609060358.609396219,12.574000,2011,102,0.055000
1609060358.633619785,11.897000,2000,102,0.055000
1609060358.634370089,28.267000,2010,100,0.055000
1609060358.658735752,28.160999,2001,100,0.055000
1609060358.659418821,12.845000,2011,101,0.024000
1609060358.683614731,12.939000,2000,101,0.055000
1609060358.684394121,12.431000,2010,102,0.056000
1609060358.708653450,11.649000,2001,102,0.024000
1609060358.708882570,28.667999,2011,100,0.268000
1609060358.758625746,29.007000,2000,100,0.055000
1609060358.759378910,13.167000,2010,101,0.268000
1609060358.783636570,12.521000,2001,101,10.536000
1609060358.784390211,12.544000,2011,102,0.055000
1609060358.808607578,11.929000,2000,102,0.055000
1609060358.809354782,28.268999,2010,100,0.024000
1609060358.834261417,28.129000,2001,100,0.055000
1609060358.834406853,12.850000,2011,101,0.024000
1609060358.858580351,12.943000,2000,101,0.055000
1609060358.859394789,12.455000,2010,102,0.056000
1609060358.883636951,11.654000,2001,102,0.055000
1609060358.933387280,29.047001,2000,100,0.055000
1609060358.933861494,13.156000,2010,101,0.268000
1609060358.959365606,12.587000,2011,102,0.055000
1609060358.983560562,11.791000,2000,102,0.055000
1609060358.984488010,28.313000,2010,100,0.055000
1609060359.008678675,28.131001,2001,100,0.055000
1609060359.009388447,12.848000,2011,101,0.024000
1609060359.033596992,12.942000,2000,101,0.055000
1609060359.034399986,12.495000,2010,102,0.056000
1609060359.058640242,11.649000,2001,102,0.055000
1609060359.059401512,29.138000,2011,100,0.055000
1609060359.108601093,29.037001,2000,100,0.055000
1609060359.108904123,12.721000,2010,101,0.129000
1609060359.133573771,12.627000,2001,101,10.536000
1609060359.134412289,12.535000,2011,102,0.055000
1609060359.158631325,11.891000,2000,102,0.055000
1609060359.159466505,28.270000,2010,100,0.055000
1609060359.183397770,28.044001,2001,100,0.055000
1609060359.184427261,12.852000,2011,101,0.024000
1609060359.209377289,12.456000,2010,102,0.056000
1609060359.233609438,11.650000,2001,102,0.055000
1609060359.234397888,29.134001,2011,100,0.055000
1609060359.283384323,28.972000,2000,100,0.055000
1609060359.283908367,13.121000,2010,101,0.268000
1609060359.309374332,12.577000,2011,102,0.055000
1609060359.333575964,11.786000,2000,102,0.024000
1609060359.334414005,28.312000,2010,100,0.055000
1609060359.358382940,28.080999,2001,100,0.055000
1609060359.359384060,12.846000,2011,101,0.024000
1609060359.383587360,12.939000,2000,101,0.024000
1609060359.384413719,12.399000,2010,102,0.056000
1609060359.408616543,11.615000,2001,102,0.056000
1609060359.408867836,28.677999,2011,100,0.268000
1609060359.458357334,29.000000,2000,100,0.055000
1609060359.458837986,12.663000,2010,101,0.129000
1609060359.483614683,12.762000,2001,101,10.536000
1609060359.484370470,12.572000,2011,102,0.055000
1609060359.508585215,11.926000,2000,102,0.055000
1609060359.509361506,28.306000,2010,100,0.055000
1609060359.533659935,28.128000,2001,100,0.055000
1609060359.534368753,12.846000,2011,101,0.024000
1609060359.558588505,12.937000,2000,101,0.055000
1609060359.559356689,12.392000,2010,102,0.056000
1609060359.583568573,11.676000,2001,102,0.055000
1609060359.633394241,29.044001,2000,100,0.055000
1609060359.633877754,12.758000,2010,101,0.129000
1609060359.659326553,12.575000,2011,102,0.055000
1609060359.683593988,11.796000,2000,102,0.024000
1609060359.684322834,28.304001,2010,100,0.055000
1609060359.708370924,28.049999,2001,100,0.055000
1609060359.709389448,12.848000,2011,101,0.055000
1609060359.733579636,12.936000,2000,101,0.055000
1609060359.734381437,12.499000,2010,102,0.056000
1609060359.758606434,11.682000,2001,102,0.024000
1609060359.808576584,28.976000,2000,100,0.055000
1609060359.808869123,13.146000,2010,101,0.268000
1609060359.834320784,12.572000,2011,102,0.055000
1609060359.858604431,11.786000,2000,102,0.055000
1609060359.859329700,28.308001,2010,100,0.055000
1609060359.883667707,28.132000,2001,100,0.055000
1609060359.884366751,12.849000,2011,101,0.055000
1609060359.908539057,12.938000,2000,101,0.055000
1609060359.909354925,12.464000,2010,102,0.056000
1609060359.933594227,11.612000,2001,102,0.055000
1609060359.983358145,29.017000,2000,100,0.055000
1609060359.983884811,13.154000,2010,101,0.268000
1609060360.033593893,11.751000,2000,102,0.055000
1609060360.034332991,28.268000,2010,100,0.024000
1609060360.058667898,28.132000,2001,100,0.055000
1609060360.059388161,12.846000,2011,101,0.055000
1609060360.083540678,12.939000,2000,101,0.055000
1609060360.084338188,12.432000,2010,102,0.056000
1609060360.108565807,11.678000,2001,102,0.055000
1609060360.109307766,29.093000,2011,100,0.055000
1609060360.158566236,29.040001,2000,100,0.055000
1609060360.158838749,12.638000,2010,101,0.129000
1609060360.184386015,12.604000,2011,102,0.055000
1609060360.208579302,11.801000,2000,102,0.055000
1609060360.209304810,28.268999,2010,100,0.055000
1609060360.233645916,28.164000,2001,100,0.055000
1609060360.234360933,12.851000,2011,101,0.055000
1609060360.258533478,12.939000,2000,101,0.055000
1609060360.259322882,12.424000,2010,102,0.056000
1609060360.283596039,11.685000,2001,102,0.055000
1609060360.333339214,29.042000,2000,100,0.055000
1609060360.333837986,13.161000,2010,101,0.268000
1609060360.359299421,12.544000,2011,102,0.055000
1609060360.383592129,11.822000,2000,102,0.024000
1609060360.408370972,28.041000,2001,100,0.055000
1609060360.409338713,12.851000,2011,101,0.055000
1609060360.433617592,12.938000,2000,101,0.055000
1609060360.434394360,12.422000,2010,102,0.055000
1609060360.458577871,11.670000,2001,102,0.024000
1609060360.508597374,29.010000,2000,100,0.055000
1609060360.509322882,12.695000,2010,101,0.129000
1609060360.533568859,13.405000,2001,101,0.056000
1609060360.534304857,12.534000,2011,102,0.055000
1609060360.558586359,11.782000,2000,102,0.055000
1609060360.559368849,28.270000,2010,100,0.055000
1609060360.583322525,28.054001,2001,100,0.055000
1609060360.584316730,12.843000,2011,101,0.055000
1609060360.608520746,12.942000,2000,101,0.055000
1609060360.609392405,12.430000,2010,102,0.056000
1609060360.633567572,11.647000,2001,102,0.055000
1609060360.683323860,29.011000,2000,100,0.055000
1609060360.683836460,13.122000,2010,101,0.268000
1609060360.708540201,13.371000,2001,101,0.056000
1609060360.709283829,12.569000,2011,102,0.055000
1609060360.733535051,11.893000,2000,102,0.055000
1609060360.734350920,28.261000,2010,100,0.055000
1609060360.758635044,28.135000,2001,100,0.024000
1609060360.759285212,12.846000,2011,101,0.055000
1609060360.783559322,12.933000,2000,101,0.055000
1609060360.784347057,11.933000,2010,102,0.268000
1609060360.808565378,11.647000,2001,102,0.024000
1609060360.809338331,29.136000,2011,100,0.055000
1609060360.858514071,29.042999,2000,100,0.055000
1609060360.859288692,13.187000,2010,101,0.268000
1609060360.884269238,12.549000,2011,102,0.055000
1609060360.908554316,11.824000,2000,102,0.024000
1609060360.909293652,28.266001,2010,100,0.055000
1609060360.933610916,28.132000,2001,100,0.055000
1609060360.934296846,12.846000,2011,101,0.055000
1609060360.958541155,12.937000,2000,101,0.024000
1609060360.959381104,12.495000,2010,102,0.056000
1609060360.983556986,11.681000,2001,102,0.055000
1609060361.033326387,29.014999,2000,100,0.024000
1609060361.034061909,13.129000,2010,101,0.268000
1609060361.059265375,12.570000,2011,102,0.055000
1609060361.083556890,11.887000,2000,102,0.055000
1609060361.108521938,28.045000,2001,100,0.055000
1609060361.109316111,12.885000,2011,101,0.024000
1609060361.133571625,12.940000,2000,101,0.055000
1609060361.134285927,12.461000,2010,102,0.055000
1609060361.158539534,11.645000,2001,102,0.024000
1609060361.159312963,29.132000,2011,100,0.055000
1609060361.208380222,28.999001,2000,100,0.055000
1609060361.208803654,12.786000,2010,101,0.129000
1609060361.258526087,11.957000,2000,102,0.055000
1609060361.259366751,28.231001,2010,100,0.055000
1609060361.283508539,28.042000,2001,100,0.055000
1609060361.284376860,12.844000,2011,101,0.055000
1609060361.308532000,12.939000,2000,101,0.024000
1609060361.309290886,12.388000,2010,102,0.056000
1609060361.333533049,11.681000,2001,102,0.055000
1609060361.334342718,29.132999,2011,100,0.055000
1609060361.383310556,29.011999,2000,100,0.055000
1609060361.383806467,13.159000,2010,101,0.268000
1609060361.409216881,12.584000,2011,102,0.055000
1609060361.433542490,11.925000,2000,102,0.055000
1609060361.434427261,28.273001,2010,100,0.055000
1609060361.458577633,28.125999,2001,100,0.055000
1609060361.459333420,12.840000,2011,101,0.055000
1609060361.483507872,12.934000,2000,101,0.055000
1609060361.484322071,12.499000,2010,102,0.056000
1609060361.508542061,11.672000,2001,102,0.055000
1609060361.558277130,29.011999,2000,100,0.055000
1609060361.558814764,12.813000,2010,101,0.129000
1609060361.584278584,12.572000,2011,102,0.055000
1609060361.608534813,11.789000,2000,102,0.055000
1609060361.609288454,28.271000,2010,100,0.024000
1609060361.633558750,28.128000,2001,100,0.055000
1609060361.634309292,12.848000,2011,101,0.055000
1609060361.658542871,12.931000,2000,101,0.055000
1609060361.659271240,12.459000,2010,102,0.056000
1609060361.683563232,11.612000,2001,102,0.055000
1609060361.733319044,29.049999,2000,100,0.055000
1609060361.733779669,13.179000,2010,101,0.268000
1609060361.759247541,12.543000,2011,102,0.055000
1609060361.783522606,11.886000,2000,102,0.055000
1609060361.784440517,28.264999,2010,100,0.055000
1609060361.808341980,28.049000,2001,100,0.055000
1609060361.809312582,12.852000,2011,101,0.055000
1609060361.833549500,12.938000,2000,101,0.024000
1609060361.834280968,12.494000,2010,102,0.056000
1609060361.858516455,11.647000,2001,102,0.055000
1609060361.859315634,29.055000,2011,100,0.055000
1609060361.908367395,29.014000,2000,100,0.055000
1609060361.908777952,13.175000,2010,101,0.268000
1609060361.933525324,12.826000,2001,101,10.536000
1609060361.934255600,12.566000,2011,102,0.055000
1609060361.958529234,11.930000,2000,102,0.055000
1609060361.959298849,28.268000,2010,100,0.055000
1609060361.983581066,28.127001,2001,100,0.055000
1609060361.984408140,12.882000,2011,101,0.055000
1609060362.008531094,12.936000,2000,101,0.055000
1609060362.009296656,12.497000,2010,102,0.056000
1609060362.033534527,11.682000,2001,102,0.024000
1609060362.034298420,28.608000,2011,100,0.268000
1609060362.083304644,29.045000,2000,100,0.055000
1609060362.083750248,12.696000,2010,101,0.129000
1609060362.109226704,12.572000,2011,102,0.055000
1609060362.133517504,11.818000,2000,102,0.024000
1609060362.134328365,28.270000,2010,100,0.024000
1609060362.158601522,28.128000,2001,100,0.055000
1609060362.159297228,12.881000,2011,101,0.055000
1609060362.183483601,12.940000,2000,101,0.055000
1609060362.184331894,12.433000,2010,102,0.056000
1609060362.208572626,11.646000,2001,102,0.055000
1609060362.209258795,29.139999,2011,100,0.055000
1609060362.258274078,29.046000,2000,100,0.055000
1609060362.258755684,12.742000,2010,101,0.129000
1609060362.283544540,13.406000,2001,101,0.056000
1609060362.284297228,12.572000,2011,102,0.055000
1609060362.308532953,10.624000,2000,102,0.268000
1609060362.309286833,28.308001,2010,100,0.055000
1609060362.333595753,28.132999,2001,100,0.055000
1609060362.334299564,12.848000,2011,101,0.055000
1609060362.358498096,12.937000,2000,101,0.055000
1609060362.359318495,12.463000,2010,102,0.056000
1609060362.383509398,11.672000,2001,102,0.055000
1609060362.433267593,29.042000,2000,100,0.055000
1609060362.433747053,13.162000,2010,101,0.268000
1609060362.458543301,12.946000,2001,101,10.536000
1609060362.459265709,12.614000,2011,102,0.055000
1609060362.483536482,11.926000,2000,102,0.055000
1609060362.484222651,28.230000,2010,100,0.024000
1609060362.508604527,28.132999,2001,100,0.055000
1609060362.509271383,12.854000,2011,101,0.055000
1609060362.533516884,12.934000,2000,101,0.055000
1609060362.534258842,12.432000,2010,102,0.056000
1609060362.558532476,11.683000,2001,102,0.055000
1609060362.559308767,29.139000,2011,100,0.055000
1609060362.608252764,29.014000,2000,100,0.055000
1609060362.608747005,13.161000,2010,101,0.268000
1609060362.634198904,12.573000,2011,102,0.024000
1609060362.658504009,11.785000,2000,102,0.055000
1609060362.659312487,28.306999,2010,100,0.055000
1609060362.683263302,28.046000,2001,100,0.055000
1609060362.684341669,12.892000,2011,101,0.055000
1609060362.708530188,12.937000,2000,101,0.055000
1609060362.709189653,12.463000,2010,102,0.055000
1609060362.733559608,11.647000,2001,102,0.024000
1609060362.783291340,29.006001,2000,100,0.055000
1609060362.783775330,12.702000,2010,101,0.129000
1609060362.809202194,12.572000,2011,102,0.055000
1609060362.833482265,11.928000,2000,102,0.055000
1609060362.834185839,28.233999,2010,100,0.055000
1609060362.858476400,28.080999,2001,100,0.055000
1609060362.859364748,12.800000,2011,101,0.055000
1609060362.883461237,12.935000,2000,101,0.055000
1609060362.884258747,12.429000,2010,102,0.056000
1609060362.908532858,11.684000,2001,102,0.055000
1609060362.909176826,28.479000,2011,100,0.268000
1609060362.958265305,29.010000,2000,100,0.055000
1609060362.958748579,12.692000,2010,101,0.129000
1609060362.983502388,13.430000,2001,101,0.055000
1609060362.984262466,12.568000,2011,102,0.055000
1609060363.008497477,11.827000,2000,102,0.055000
1609060363.009217262,28.261999,2010,100,0.055000
1609060363.033530235,28.166000,2001,100,0.055000
1609060363.034215450,12.851000,2011,101,0.055000
1609060363.058472633,12.939000,2000,101,0.055000
1609060363.059262991,12.460000,2010,102,0.056000
1609060363.083492756,11.680000,2001,102,0.055000
1609060363.084245205,29.132999,2011,100,0.055000
1609060363.133296490,29.014000,2000,100,0.055000
1609060363.133715153,13.203000,2010,101,0.268000
1609060363.158545971,12.805000,2001,101,10.536000
1609060363.159212828,12.567000,2011,102,0.024000
1609060363.183460236,11.829000,2000,102,0.055000
1609060363.208513021,28.132000,2001,100,0.055000
1609060363.209217548,12.844000,2011,101,0.055000
1609060363.233438969,12.941000,2000,101,0.055000
1609060363.234244347,12.457000,2010,102,0.056000
1609060363.258468866,11.539000,2001,102,0.056000
1609060363.259220600,29.097000,2011,100,0.055000
1609060363.308466911,29.037001,2000,100,0.055000
1609060363.308743954,12.752000,2010,101,0.129000
1609060363.333515406,12.963000,2001,101,10.536000
1609060363.334264517,12.572000,2011,102,0.055000
1609060363.358500719,11.888000,2000,102,0.055000
1609060363.359216690,28.268999,2010,100,0.024000
1609060363.383506060,28.125999,2001,100,0.024000
1609060363.384340048,12.808000,2011,101,0.055000
1609060363.408438683,12.935000,2000,101,0.055000
1609060363.409248829,12.364000,2010,102,0.056000
1609060363.433525562,11.681000,2001,102,0.024000
1609060363.434258223,29.094999,2011,100,0.055000
1609060363.483415842,29.016001,2000,100,0.055000
1609060363.483701944,12.698000,2010,101,0.129000
1609060363.508484125,12.796000,2001,101,10.536000
1609060363.509166956,12.573000,2011,102,0.055000
1609060363.533435583,11.928000,2000,102,0.055000
1609060363.534153461,28.228001,2010,100,0.055000
1609060363.558534622,28.129999,2001,100,0.024000
1609060363.559270620,12.804000,2011,101,0.024000
1609060363.583460331,12.942000,2000,101,0.055000
1609060363.584270000,12.503000,2010,102,0.056000
1609060363.608468294,11.681000,2001,102,0.055000
1609060363.609248161,29.096001,2011,100,0.055000
1609060363.658235788,29.042999,2000,100,0.055000
1609060363.658707619,13.202000,2010,101,0.268000
1609060363.684185266,12.572000,2011,102,0.055000
1609060363.708430052,11.750000,2000,102,0.024000
1609060363.709249735,28.264999,2010,100,0.055000
1609060363.733513832,28.125999,2001,100,0.055000
1609060363.734290361,12.860000,2011,101,0.055000
1609060363.758439779,12.940000,2000,101,0.055000
1609060363.759172440,12.470000,2010,102,0.056000
1609060363.783469200,11.677000,2001,102,0.055000
1609060363.784283638,29.135000,2011,100,0.055000
1609060363.833214521,29.051001,2000,100,0.055000
1609060363.833707571,13.110000,2010,101,0.268000
1609060363.859156370,12.572000,2011,102,0.055000
1609060363.883466959,11.895000,2000,102,0.055000
1609060363.884198189,28.273001,2010,100,0.024000
1609060363.908457994,28.056999,2001,100,0.024000
1609060363.909242392,12.847000,2011,101,0.055000
1609060363.933480263,12.936000,2000,101,0.055000
1609060363.934249878,12.467000,2010,102,0.055000
1609060363.958507299,11.683000,2001,102,0.024000
1609060363.958684921,28.615999,2011,100,0.268000
1609060364.008378983,28.978001,2000,100,0.055000
1609060364.008729696,13.131000,2010,101,0.268000
1609060364.034119129,12.608000,2011,102,0.055000
1609060364.058441639,11.918000,2000,102,0.055000
1609060364.059208632,28.312000,2010,100,0.055000
1609060364.083488703,28.129000,2001,100,0.055000
1609060364.084283829,12.886000,2011,101,0.055000
1609060364.108476877,12.941000,2000,101,0.055000
1609060364.109138012,12.433000,2010,102,0.056000
1609060364.133439064,11.648000,2001,102,0.055000
1609060364.134357691,29.094999,2011,100,0.055000
1609060364.183210373,28.969999,2000,100,0.055000
1609060364.183740616,13.165000,2010,101,0.268000
1609060364.209198236,12.546000,2011,102,0.055000
1609060364.233445644,11.789000,2000,102,0.055000
1609060364.234163284,28.275000,2010,100,0.024000
1609060364.258523703,28.136000,2001,100,0.055000
1609060364.259173870,12.843000,2011,101,0.055000
1609060364.283419371,12.941000,2000,101,0.024000
1609060364.284257412,12.499000,2010,102,0.055000
1609060364.308432817,11.613000,2001,102,0.055000
1609060364.358200550,29.049000,2000,100,0.055000
1609060364.358669519,13.087000,2010,101,0.268000
1609060364.384172678,12.570000,2011,102,0.055000
1609060364.408437729,11.957000,2000,102,0.055000
1609060364.409235001,28.261999,2010,100,0.055000
1609060364.433492661,28.129000,2001,100,0.055000
1609060364.434221506,12.879000,2011,101,0.055000
1609060364.459123611,12.457000,2010,102,0.055000
1609060364.483409405,11.682000,2001,102,0.055000
1609060364.533202171,29.054001,2000,100,0.055000
1609060364.533918858,13.171000,2010,101,0.268000
1609060364.559175014,12.603000,2011,102,0.055000
1609060364.583436251,11.824000,2000,102,0.024000
1609060364.584294558,28.306000,2010,100,0.055000
1609060364.608500957,28.131001,2001,100,0.055000
1609060364.609164953,12.852000,2011,101,0.055000
1609060364.633376360,12.938000,2000,101,0.024000
1609060364.634189606,12.395000,2010,102,0.056000
1609060364.658421278,11.574000,2001,102,0.055000
1609060364.658669233,28.628000,2011,100,0.268000
1609060364.708273649,29.052999,2000,100,0.055000
1609060364.708665133,12.689000,2010,101,0.129000
1609060364.734148026,12.575000,2011,102,0.024000
1609060364.758436441,11.792000,2000,102,0.055000
1609060364.759204865,28.271000,2010,100,0.024000
1609060364.783232212,28.049000,2001,100,0.055000
1609060364.784279346,12.856000,2011,101,0.055000
1609060364.808401585,12.938000,2000,101,0.055000
1609060364.809236765,12.425000,2010,102,0.056000
1609060364.833443403,11.686000,2001,102,0.055000
1609060364.883169651,29.042000,2000,100,0.055000
1609060364.883650303,12.708000,2010,101,0.129000
1609060364.908396721,13.336000,2001,101,0.056000
1609060364.909159899,12.545000,2011,102,0.055000
1609060364.933394670,11.895000,2000,102,0.055000
1609060364.934193134,28.271999,2010,100,0.055000
1609060364.958518505,28.132999,2001,100,0.055000
1609060364.959292650,12.848000,2011,101,0.055000
1609060364.983381271,12.934000,2000,101,0.024000
1609060364.984173536,12.312000,2010,102,10.536000
1609060365.008443117,11.681000,2001,102,0.055000
1609060365.009169340,29.136999,2011,100,0.055000
1609060365.058180332,28.964001,2000,100,0.055000
1609060365.058689117,13.147000,2010,101,0.268000
1609060365.084146976,12.540000,2011,102,0.055000
1609060365.108418226,11.699000,2000,102,0.268000
1609060365.109157562,28.312000,2010,100,0.024000
1609060365.133479118,28.131001,2001,100,0.055000
1609060365.134140253,12.846000,2011,101,0.055000
1609060365.158412457,12.939000,2000,101,0.055000
1609060365.159209728,12.429000,2010,102,0.055000
1609060365.183418989,11.618000,2001,102,0.055000
1609060365.233224392,29.011999,2000,100,0.055000
1609060365.233652353,12.701000,2010,101,0.129000
1609060365.259185314,12.576000,2011,102,0.055000
1609060365.283411741,11.886000,2000,102,0.056000
1609060365.308212519,28.042000,2001,100,0.055000
1609060365.309123039,12.848000,2011,101,0.055000
1609060365.333368301,12.939000,2000,101,0.055000
1609060365.334206820,12.470000,2010,102,0.056000
1609060365.358409405,11.683000,2001,102,0.024000
1609060365.359212875,29.134001,2011,100,0.055000
1609060365.408396006,28.978001,2000,100,0.055000
1609060365.408611774,12.776000,2010,101,0.129000
1609060365.434112787,12.569000,2011,102,0.055000
1609060365.458395481,11.790000,2000,102,0.055000
1609060365.459155798,28.306000,2010,100,0.024000
1609060365.483164787,28.045000,2001,100,0.055000
1609060365.484200478,12.799000,2011,101,0.024000
1609060365.508377075,12.940000,2000,101,0.024000
1609060365.509210110,12.437000,2010,102,0.056000
1609060365.533426285,11.682000,2001,102,0.055000
1609060365.583442211,29.086000,2000,100,0.055000
1609060365.583689451,12.767000,2010,101,0.129000
1609060365.609122038,12.570000,2011,102,0.055000
1609060365.633361578,11.792000,2000,102,0.055000
1609060365.634070396,28.267000,2010,100,0.055000
1609060365.658195972,28.079000,2001,100,0.055000
1609060365.659152746,12.883000,2011,101,0.055000
1609060365.683400631,12.937000,2000,101,0.024000
1609060365.684191465,12.437000,2010,102,0.056000
1609060365.708691120,11.653000,2001,102,0.056000
1609060365.758224726,28.969999,2000,100,0.055000
1609060365.758608580,13.165000,2010,101,0.268000
1609060365.783383846,13.004000,2001,101,10.536000
1609060365.784188271,12.544000,2011,102,0.055000
1609060365.833422422,28.125999,2001,100,0.055000
1609060365.834170818,12.847000,2011,101,0.055000
1609060365.858384371,12.938000,2000,101,0.055000
1609060365.859152794,12.401000,2010,102,0.056000
1609060365.883351088,11.599000,2001,102,0.024000
1609060365.884123087,29.138000,2011,100,0.055000
1609060365.933191776,29.051001,2000,100,0.055000
1609060365.933614969,13.155000,2010,101,0.268000
1609060365.959135056,12.572000,2011,102,0.055000
1609060365.983358860,11.785000,2000,102,0.024000
1609060365.984233856,28.311001,2010,100,0.055000
1609060366.008409739,28.132000,2001,100,0.024000
1609060366.009219646,12.886000,2011,101,0.055000
1609060366.033353806,12.933000,2000,101,0.055000
1609060366.034109592,12.467000,2010,102,0.056000
1609060366.058454752,11.613000,2001,102,0.056000
1609060366.108458281,29.075001,2000,100,0.055000
1609060366.108615398,13.114000,2010,101,0.268000
1609060366.134088516,12.570000,2011,102,0.055000
1609060366.158382177,11.749000,2000,102,0.055000
1609060366.159102917,28.230000,2010,100,0.024000
1609060366.183406830,28.129999,2001,100,0.055000
1609060366.184079647,12.882000,2011,101,0.024000
1609060366.208337307,12.943000,2000,101,0.055000
1609060366.209104300,12.583000,2010,102,0.056000
1609060366.233357191,11.602000,2001,102,0.055000
1609060366.234097481,29.051001,2011,100,0.055000
1609060366.283114910,29.040001,2000,100,0.055000
1609060366.283670664,13.145000,2010,101,0.268000
1609060366.309098244,12.575000,2011,102,0.055000
1609060366.333379745,11.748000,2000,102,0.055000
1609060366.334183455,28.271999,2010,100,0.055000
1609060366.358111143,28.046000,2001,100,0.055000
1609060366.359156132,12.878000,2011,101,0.055000
1609060366.383332729,12.935000,2000,101,0.055000
1609060366.384109974,12.425000,2010,102,0.056000
1609060366.408372402,11.643000,2001,102,0.055000
1609060366.408607721,28.608999,2011,100,0.268000
1609060366.458110571,28.969999,2000,100,0.055000
1609060366.460240841,13.106000,2010,101,0.268000
1609060366.484106064,12.574000,2011,102,0.055000
1609060366.508342266,11.826000,2000,102,0.055000
1609060366.533174038,28.086000,2001,100,0.055000
1609060366.534116030,12.843000,2011,101,0.055000
1609060366.558317423,12.939000,2000,101,0.055000
1609060366.559133053,12.323000,2010,102,0.056000
1609060366.583332300,11.638000,2001,102,0.055000
1609060366.584015846,28.683001,2011,100,0.268000
1609060366.633126020,29.040001,2000,100,0.055000
1609060366.633579969,13.122000,2010,101,0.268000
1609060366.659087181,12.506000,2011,102,0.055000
1609060366.683356524,11.750000,2000,102,0.024000
1609060366.684137821,28.266001,2010,100,0.024000
1609060366.708355188,28.054001,2001,100,0.055000
1609060366.709083557,12.850000,2011,101,0.055000
1609060366.733335495,12.933000,2000,101,0.055000
1609060366.734133482,12.431000,2010,102,0.056000
1609060366.758325815,11.647000,2001,102,0.024000
1609060366.759077311,29.094000,2011,100,0.055000
1609060366.808157444,29.051001,2000,100,0.055000
1609060366.808594704,12.696000,2010,101,0.129000
1609060366.834063768,12.570000,2011,102,0.055000
1609060366.858321190,11.898000,2000,102,0.055000
1609060366.859147549,28.261000,2010,100,0.055000
1609060366.883128405,28.079000,2001,100,0.055000
1609060366.884195089,12.845000,2011,101,0.055000
1609060366.908324242,12.939000,2000,101,0.055000
1609060366.909113169,12.447000,2010,102,0.056000
1609060366.933437824,11.651000,2001,102,0.056000
1609060366.983290434,29.042000,2000,100,0.055000
1609060366.983579397,12.696000,2010,101,0.129000
1609060367.009073734,12.547000,2011,102,0.055000
1609060367.034030914,28.268999,2010,100,0.055000
1609060367.058134079,28.080000,2001,100,0.055000
1609060367.059172153,12.878000,2011,101,0.055000
1609060367.083343744,12.943000,2000,101,0.024000
1609060367.084291458,12.384000,2010,102,0.056000
1609060367.109169960,29.138000,2011,100,0.055000
1609060367.158343077,29.038000,2000,100,0.055000
1609060367.158569574,13.211000,2010,101,0.268000
1609060367.208308697,11.861000,2000,102,0.055000
1609060367.209099293,28.306999,2010,100,0.055000
1609060367.233358383,28.163000,2001,100,0.055000
1609060367.234147549,12.882000,2011,101,0.024000
1609060367.258333921,12.944000,2000,101,0.055000
1609060367.259086609,12.392000,2010,102,0.056000
1609060367.283337831,11.650000,2001,102,0.024000
1609060367.333125830,28.972000,2000,100,0.055000
1609060367.333574057,13.117000,2010,101,0.268000
1609060367.358294249,13.293000,2001,101,0.055000
1609060367.359004974,12.570000,2011,102,0.055000
1609060367.383325338,11.820000,2000,102,0.055000
1609060367.384161711,28.222000,2010,100,0.055000
1609060367.408380508,28.124001,2001,100,0.055000
1609060367.409115553,12.883000,2011,101,0.055000
1609060367.433372259,12.939000,2000,101,0.055000
1609060367.434134007,12.268000,2010,102,10.536000
1609060367.458431721,11.654000,2001,102,0.055000
1609060367.508088827,29.042000,2000,100,0.055000
1609060367.508612633,13.141000,2010,101,0.268000
1609060367.534041882,12.580000,2011,102,0.055000
1609060367.558349133,11.914000,2000,102,0.055000
1609060367.559126854,28.309000,2010,100,0.055000
1609060367.583357811,28.131001,2001,100,0.055000
1609060367.584117651,12.886000,2011,101,0.055000
1609060367.608312368,12.938000,2000,101,0.024000
1609060367.609109163,12.421000,2010,102,0.056000
1609060367.633338213,11.685000,2001,102,0.055000
1609060367.683078051,29.016001,2000,100,0.055000
1609060367.683545113,13.110000,2010,101,0.268000
1609060367.708340645,13.382000,2001,101,0.056000
1609060367.709007263,12.570000,2011,102,0.055000
1609060367.733369827,11.869000,2000,102,0.055000
1609060367.734069347,28.266001,2010,100,0.055000
1609060367.758389711,28.164000,2001,100,0.055000
1609060367.759048462,12.849000,2011,101,0.055000
1609060367.783290863,12.934000,2000,101,0.055000
1609060367.784164429,12.468000,2010,102,0.056000
1609060367.808365822,11.644000,2001,102,0.055000
1609060367.809120417,28.659000,2011,100,0.268000
1609060367.858280182,29.018999,2000,100,0.055000
1609060367.858559132,13.074000,2010,101,0.268000
1609060367.884065866,12.584000,2011,102,0.055000
1609060367.908309221,11.823000,2000,102,0.055000
1609060367.909064293,28.271000,2010,100,0.055000
1609060367.933356047,28.132999,2001,100,0.055000
1609060367.934079647,12.842000,2011,101,0.055000
1609060367.958322763,12.942000,2000,101,0.055000
1609060367.959139585,12.385000,2010,102,0.056000
1609060367.983306408,11.683000,2001,102,0.024000
1609060368.033105373,28.969000,2000,100,0.055000
1609060368.033515453,13.089000,2010,101,0.268000
1609060368.059017658,12.577000,2011,102,0.055000
1609060368.083274126,11.892000,2000,102,0.055000
1609060368.084098577,28.273001,2010,100,0.055000
1609060368.108358860,28.129999,2001,100,0.055000
1609060368.133274555,12.938000,2000,101,0.055000
1609060368.134037733,12.497000,2010,102,0.056000
1609060368.158322334,11.645000,2001,102,0.024000
1609060368.158550501,28.659000,2011,100,0.268000
1609060368.208276272,29.041000,2000,100,0.055000
1609060368.208544970,13.205000,2010,101,0.268000
1609060368.234031200,12.560000,2011,102,0.055000
1609060368.258278131,11.825000,2000,102,0.055000
1609060368.259021044,28.298000,2010,100,0.055000
1609060368.283384323,28.162001,2001,100,0.055000
1609060368.284130096,12.887000,2011,101,0.055000
1609060368.308318377,12.934000,2000,101,0.024000
1609060368.309044838,12.421000,2010,102,0.056000
1609060368.333334684,11.641000,2001,102,0.056000
1609060368.334128618,29.093000,2011,100,0.055000
1609060368.383103371,29.004000,2000,100,0.055000
1609060368.383590698,12.750000,2010,101,0.129000
1609060368.408279181,7.444000,2001,101,10.536000
1609060368.409026623,12.565000,2011,102,0.055000
1609060368.433278084,11.898000,2000,102,0.024000
1609060368.434093475,28.305000,2010,100,0.024000
1609060368.458370686,28.129999,2001,100,0.055000
1609060368.459054470,12.851000,2011,101,0.055000
1609060368.483294964,12.934000,2000,101,0.055000
1609060368.484003067,12.293000,2010,102,0.056000
1609060368.508374453,11.644000,2001,102,0.056000
1609060368.508518934,28.614000,2011,100,0.268000
1609060368.558257103,29.039000,2000,100,0.055000
1609060368.558498621,13.186000,2010,101,0.268000
1609060368.583261967,13.324000,2001,101,0.056000
1609060368.584027529,12.541000,2011,102,0.055000
1609060368.608282566,11.791000,2000,102,0.055000
1609060368.609072447,28.268000,2010,100,0.055000
1609060368.633325100,28.120001,2001,100,0.055000
1609060368.634016275,12.851000,2011,101,0.055000
1609060368.658268929,12.937000,2000,101,0.024000
1609060368.659068823,12.327000,2010,102,0.056000
1609060368.683298111,11.650000,2001,102,0.055000
1609060368.733105183,29.044001,2000,100,0.055000
1609060368.733516693,12.715000,2010,101,0.129000
1609060368.759056807,12.553000,2011,102,0.055000
1609060368.784101725,28.222000,2010,100,0.024000
1609060368.808324337,28.158001,2001,100,0.055000
1609060368.809106350,12.844000,2011,101,0.024000
1609060368.833317518,12.997000,2000,101,0.055000
1609060368.833978415,12.363000,2010,102,0.056000
1609060368.858263016,11.735000,2001,102,0.055000
1609060368.908266544,29.042999,2000,100,0.055000
1609060368.908480167,13.178000,2010,101,0.268000
1609060368.933956623,12.591000,2011,102,0.055000
1609060368.958260059,11.986000,2000,102,0.055000
1609060368.959080696,28.225000,2010,100,0.055000
1609060368.983286381,28.122000,2001,100,0.055000
1609060368.984133720,12.808000,2011,101,0.055000
1609060369.008326292,12.957000,2000,101,0.055000
1609060369.008996248,12.433000,2010,102,0.055000
1609060369.033265352,11.706000,2001,102,0.055000
1609060369.033986568,29.023001,2011,100,0.055000
1609060369.083236933,28.976000,2000,100,0.055000
1609060369.108933210,12.543000,2011,102,0.055000
1609060369.133240223,11.901000,2000,102,0.055000
1609060369.133957386,28.191999,2010,100,0.055000
1609060369.158268929,28.027000,2001,100,0.055000
1609060369.159037352,12.865000,2011,101,0.024000
1609060369.183043957,12.943000,2000,101,0.055000
1609060369.184083223,12.323000,2010,102,0.055000
1609060369.208300591,11.762000,2001,102,0.055000
1609060369.209062338,29.129000,2011,100,0.055000
1609060369.258226633,29.010000,2000,100,0.055000
1609060369.258491755,13.150000,2010,101,0.268000
1609060369.282767534,13.181000,2001,101,0.268000
1609060369.284003258,12.575000,2011,102,0.055000
1609060369.308269739,11.891000,2000,102,0.024000
1609060369.309070587,28.292999,2010,100,0.055000
1609060369.333351135,28.162001,2001,100,0.055000
1609060369.334031343,12.860000,2011,101,0.055000
1609060369.358228922,12.907000,2000,101,0.024000
1609060369.359068394,12.339000,2010,102,0.056000
1609060369.383271933,11.629000,2001,102,0.055000
1609060369.384026527,28.590000,2011,100,0.268000
1609060369.433315992,29.070000,2000,100,0.055000
1609060369.433482647,13.147000,2010,101,0.268000
1609060369.457753181,12.896000,2001,101,0.129000
1609060369.459018469,12.586000,2011,102,0.055000
1609060369.483259678,11.925000,2000,102,0.024000
1609060369.508262157,28.073999,2001,100,0.055000
1609060369.509003878,12.727000,2011,101,0.024000
1609060369.533306837,12.921000,2000,101,0.024000
1609060369.534000158,12.364000,2010,102,0.055000
1609060369.558271885,11.657000,2001,102,0.055000
1609060369.558988333,28.944000,2011,100,0.024000
1609060369.608243942,28.900000,2000,100,0.055000
1609060369.608478785,13.161000,2010,101,0.268000
1609060369.633961439,12.566000,2011,102,0.055000
1609060369.658240557,11.848000,2000,102,0.055000
1609060369.659085989,28.212000,2010,100,0.055000
1609060369.683267593,27.996000,2001,100,0.024000
1609060369.684064150,12.748000,2011,101,0.055000
1609060369.708350897,13.180000,2000,101,0.055000
1609060369.708958387,12.371000,2010,102,0.055000
1609060369.733253717,11.627000,2001,102,0.055000
1609060369.733525515,28.542999,2011,100,0.268000
1609060369.783235073,28.948000,2000,100,0.055000
1609060369.783533335,13.178000,2010,101,0.268000
1609060369.807764530,12.874000,2001,101,0.129000
1609060369.809016705,12.517000,2011,102,0.055000
1609060369.834442139,11.821000,2000,102,0.024000
1609060369.834589720,28.084000,2010,100,0.055000
1609060369.858262539,27.982000,2001,100,0.055000
1609060369.859018087,13.039000,2011,101,0.055000
1609060369.883241177,12.970000,2000,101,0.055000
1609060369.884024143,12.379000,2010,102,0.055000
1609060369.908252954,11.608000,2001,102,0.055000
1609060369.908747196,28.948000,2011,100,0.055000
1609060369.958226204,28.941000,2000,100,0.055000
1609060369.958453178,13.151000,2010,101,0.268000
1609060369.984000444,12.451000,2011,102,0.055000
1609060370.008254766,11.791000,2000,102,0.024000
1609060370.008759975,28.132000,2010,100,0.024000
1609060370.033280849,27.997999,2001,100,0.055000
1609060370.034027100,12.770000,2011,101,0.055000
1609060370.058229923,12.986000,2000,101,0.024000
1609060370.059054613,12.288000,2010,102,0.056000
1609060370.083261728,11.550000,2001,102,0.055000
1609060370.083482504,28.396999,2011,100,0.268000
1609060370.133246899,28.934000,2000,100,0.055000
1609060370.133498907,12.873000,2010,101,0.129000
1609060370.158961773,12.432000,2011,102,0.055000
1609060370.184108496,28.173000,2010,100,0.055000
1609060370.208282471,28.056999,2001,100,0.055000
1609060370.209005117,12.780000,2011,101,0.055000
1609060370.233226061,12.946000,2000,101,0.024000
1609060370.234034061,12.316000,2010,102,0.056000
1609060370.258199453,11.558000,2001,102,0.024000
1609060370.259006977,29.142000,2011,100,0.055000
1609060370.308221340,29.038000,2000,100,0.055000
1609060370.308455944,13.104000,2010,101,0.268000
1609060370.333955050,12.460000,2011,102,0.055000
1609060370.358200073,11.661000,2000,102,0.024000
1609060370.358741760,28.202000,2010,100,0.055000
1609060370.383200645,28.122999,2001,100,0.055000
1609060370.384030581,12.706000,2011,101,0.055000
1609060370.408258200,12.909000,2000,101,0.055000
1609060370.409006596,12.307000,2010,102,0.056000
1609060370.433227062,11.550000,2001,102,0.055000
1609060370.433956623,29.105000,2011,100,0.055000
1609060370.483189344,29.073999,2000,100,0.055000
1609060370.483443975,13.059000,2010,101,0.268000
1609060370.508892536,12.448000,2011,102,0.055000
1609060370.533206463,11.827000,2000,102,0.055000
1609060370.533704519,28.278000,2010,100,0.024000
1609060370.558265686,28.194000,2001,100,0.055000
1609060370.558977842,12.678000,2011,101,0.055000
1609060370.582997561,12.880000,2000,101,0.055000
1609060370.584066629,12.418000,2010,102,0.056000
1609060370.608257532,11.525000,2001,102,0.055000
1609060370.608916521,29.205000,2011,100,0.055000
1609060370.658171415,29.142000,2000,100,0.024000
1609060370.658940077,13.082000,2010,101,0.268000
1609060370.683918238,12.429000,2011,102,0.055000
1609060370.708193302,11.723000,2000,102,0.055000
1609060370.708687782,28.365000,2010,100,0.055000
1609060370.733209848,28.250000,2001,100,0.055000
1609060370.734026670,12.740000,2011,101,0.055000
1609060370.758023024,12.873000,2000,101,0.055000
1609060370.783220530,11.481000,2001,102,0.055000
1609060370.784054518,29.334000,2011,100,0.055000
1609060370.833233833,29.205000,2000,100,0.024000
1609060370.833979607,13.479000,2010,101,0.055000
1609060370.857745171,12.775000,2001,101,0.129000
1609060370.858929634,12.413000,2011,102,0.055000
1609060370.883219719,11.816000,2000,102,0.055000
1609060370.883729219,28.375999,2010,100,0.055000
1609060370.908212662,28.274000,2001,100,0.055000
1609060370.908944130,12.701000,2011,101,0.024000
1609060370.933024883,12.909000,2000,101,0.024000
1609060370.958215714,11.496000,2001,102,0.055000
1609060370.958973169,29.261999,2011,100,0.055000
1609060371.008172274,29.214001,2000,100,0.055000
1609060371.008395910,13.071000,2010,101,0.268000
1609060371.032736778,12.615000,2001,101,0.129000
1609060371.033897161,12.404000,2011,102,0.055000
1609060371.058194399,11.778000,2000,102,0.055000
1609060371.058736324,28.412001,2010,100,0.055000
1609060371.083206177,28.357000,2001,100,0.055000
1609060371.084003448,12.741000,2011,101,0.055000
1609060371.108280182,12.937000,2000,101,0.055000
1609060371.108944416,12.223000,2010,102,0.056000
1609060371.133190870,11.473000,2001,102,0.056000
1609060371.133720636,29.295000,2011,100,0.055000
1609060371.183184624,29.302000,2000,100,0.055000
1609060371.183581829,13.102000,2010,101,0.268000
1609060371.207702875,13.151000,2001,101,0.268000
1609060371.208899736,12.333000,2011,102,0.055000
1609060371.233183146,11.741000,2000,102,0.055000
1609060371.258192062,28.403000,2001,100,0.024000
1609060371.258963823,12.713000,2011,101,0.055000
1609060371.283010483,12.849000,2000,101,0.055000
1609060371.284075499,12.203000,2010,102,0.056000
1609060371.308229446,11.418000,2001,102,0.056000
1609060371.308697224,29.354000,2011,100,0.055000
1609060371.358166218,29.395000,2000,100,0.055000
1609060371.358386517,13.078000,2010,101,0.268000
1609060371.383990049,12.440000,2011,102,0.055000
1609060371.408187151,11.761000,2000,102,0.055000
1609060371.409057379,28.499001,2010,100,0.055000
1609060371.433163881,28.448000,2001,100,0.055000
1609060371.434020042,12.749000,2011,101,0.055000
1609060371.458002806,12.833000,2000,101,0.024000
1609060371.458877087,12.173000,2010,102,0.056000
1609060371.483196259,11.754000,2001,102,0.056000
1609060371.483661652,29.385000,2011,100,0.055000
1609060371.533183575,29.429001,2000,100,0.055000
1609060371.533393621,13.116000,2010,101,0.268000
1609060371.558963537,12.397000,2011,102,0.055000
1609060371.583198309,11.793000,2000,102,0.024000
1609060371.583688498,28.497999,2010,100,0.055000
1609060371.608176947,28.488001,2001,100,0.055000
1609060371.608964443,12.752000,2011,101,0.055000
1609060371.633139133,12.823000,2000,101,0.055000
1609060371.633945704,12.211000,2010,102,0.055000
1609060371.658952713,29.386000,2011,100,0.055000
1609060371.708145142,29.468000,2000,100,0.055000
1609060371.708963871,13.522000,2010,101,0.055000
1609060371.733891487,12.412000,2011,102,0.055000
1609060371.758141756,11.805000,2000,102,0.055000
1609060371.758672237,28.537001,2010,100,0.024000
1609060371.783145428,28.533001,2001,100,0.055000
1609060371.784054041,12.742000,2011,101,0.055000
1609060371.808235168,12.903000,2000,101,0.055000
1609060371.808957338,12.147000,2010,102,0.056000
1609060371.833920956,29.421000,2011,100,0.055000
1609060371.883138657,29.473000,2000,100,0.055000
1609060371.883392572,13.099000,2010,101,0.268000
1609060371.908903599,12.411000,2011,102,0.055000
1609060371.933179379,11.781000,2000,102,0.024000
1609060371.933954477,28.577000,2010,100,0.055000
1609060371.958177328,28.531000,2001,100,0.055000
1609060371.958887577,12.733000,2011,101,0.024000
1609060371.983154774,12.798000,2000,101,0.055000
1609060371.984118700,12.113000,2010,102,0.056000
1609060372.058126926,29.517000,2000,100,0.055000
1609060372.058379412,13.067000,2010,101,0.268000
1609060372.083875179,12.468000,2011,102,0.055000
1609060372.108132124,11.835000,2000,102,0.024000
1609060372.108634949,28.648001,2010,100,0.055000
1609060372.133144855,28.563000,2001,100,0.055000
1609060372.133907557,12.735000,2011,101,0.055000
1609060372.157949924,12.773000,2000,101,0.055000
1609060372.158909082,12.203000,2010,102,0.056000
1609060372.233141184,29.561001,2000,100,0.055000
1609060372.233372211,13.044000,2010,101,0.268000
1609060372.258893251,12.487000,2011,102,0.055000
1609060372.283140182,11.815000,2000,102,0.055000
1609060372.283945799,28.724001,2010,100,0.024000
1609060372.308140993,28.652000,2001,100,0.055000
1609060372.308911800,12.703000,2011,101,0.055000
1609060372.333246469,12.848000,2000,101,0.055000
1609060372.333859921,12.186000,2010,102,0.056000
1609060372.408125401,29.594999,2000,100,0.055000
1609060372.408863306,13.097000,2010,101,0.268000
1609060372.433906078,12.427000,2011,102,0.055000
1609060372.458150625,11.846000,2000,102,0.055000
1609060372.458640575,28.730000,2010,100,0.055000
1609060372.483109474,28.639000,2001,100,0.055000
1609060372.483891487,12.735000,2011,101,0.055000
1609060372.507935524,12.816000,2000,101,0.055000
1609060372.508858204,12.211000,2010,102,0.024000
1609060372.533144236,11.645000,2001,102,0.056000
1609060372.533631802,29.576000,2011,100,0.055000
1609060372.583119869,29.618000,2000,100,0.055000
1609060372.583431959,13.090000,2010,101,0.268000
1609060372.607654572,13.115000,2001,101,0.268000
1609060372.608856201,12.465000,2011,102,0.055000
1609060372.633139372,11.790000,2000,102,0.055000
1609060372.633888006,28.794001,2010,100,0.055000
1609060372.658174038,28.701000,2001,100,0.055000
1609060372.658893108,12.726000,2011,101,0.055000
1609060372.682970285,12.812000,2000,101,0.055000
1609060372.683861494,12.175000,2010,102,0.056000
1609060372.758126259,29.681999,2000,100,0.055000
1609060372.758347988,13.041000,2010,101,0.268000
1609060372.783925295,12.393000,2011,102,0.055000
1609060372.808095455,11.774000,2000,102,0.055000
1609060372.808768511,28.788000,2010,100,0.055000
1609060372.833127737,28.736000,2001,100,0.024000
1609060372.833909035,12.648000,2011,101,0.055000
1609060372.857896328,12.791000,2000,101,0.055000
1609060372.858827353,12.109000,2010,102,0.056000
1609060372.883136749,11.591000,2001,102,0.056000
1609060372.883691072,29.593000,2011,100,0.055000
1609060372.933086634,29.681000,2000,100,0.055000
1609060372.933874130,13.089000,2010,101,0.268000
1609060372.958842993,12.272000,2011,102,0.024000
1609060372.983091354,11.663000,2000,102,0.055000
1609060372.983681679,28.813999,2010,100,0.024000
1609060373.008129358,28.761999,2001,100,0.024000
1609060373.008911371,12.747000,2011,101,0.024000
1609060373.032926559,12.810000,2000,101,0.055000
1609060373.033860445,12.063000,2010,102,0.055000
1609060373.058190823,11.965000,2001,102,0.056000
1609060373.058828354,29.618000,2011,100,0.055000
1609060373.108115911,29.729000,2000,100,0.055000
1609060373.108313084,13.106000,2010,101,0.268000
1609060373.133814096,12.225000,2011,102,0.055000
1609060373.158113480,11.533000,2000,102,0.024000
1609060373.158594608,28.836000,2010,100,0.055000
1609060373.183123350,28.792000,2001,100,0.024000
1609060373.183924198,12.754000,2011,101,0.055000
1609060373.207936525,12.834000,2000,101,0.055000
1609060373.208825588,11.880000,2010,102,0.055000
1609060373.283127785,29.760000,2000,100,0.055000
1609060373.283399105,13.099000,2010,101,0.268000
1609060373.308832884,11.859000,2011,102,0.055000
1609060373.333329678,11.379000,2000,102,0.024000
1609060373.333588600,28.823999,2010,100,0.055000
1609060373.358131647,28.791000,2001,100,0.055000
1609060373.358890533,12.755000,2011,101,0.055000
1609060373.383148670,12.941000,2000,101,0.024000
1609060373.384012222,11.660000,2010,102,0.056000
1609060373.408190966,11.485000,2001,102,0.056000
1609060373.408797503,29.660999,2011,100,0.055000
1609060373.458087921,29.764999,2000,100,0.055000
1609060373.458365440,13.096000,2010,101,0.268000
1609060373.483854294,11.866000,2011,102,0.055000
1609060373.508102179,11.203000,2000,102,0.024000
1609060373.508648396,28.888000,2010,100,0.055000
1609060373.533111811,28.858000,2001,100,0.024000
1609060373.533852577,12.823000,2011,101,0.055000
1609060373.558118582,12.946000,2000,101,0.055000
1609060373.558864594,11.430000,2010,102,0.056000
1609060373.583108425,11.400000,2001,102,0.268000
1609060373.583624125,29.730000,2011,100,0.055000
1609060373.633112907,29.840000,2000,100,0.055000
1609060373.633344650,13.196000,2010,101,0.268000
1609060373.657584667,13.317000,2001,101,0.268000
1609060373.658850193,11.655000,2011,102,0.055000
1609060373.683118105,11.035000,2000,102,0.055000
1609060373.683900595,28.955999,2010,100,0.024000
1609060373.708082199,28.864000,2001,100,0.055000
1609060373.708793163,12.870000,2011,101,0.055000
1609060373.733126163,13.046000,2000,101,0.024000
1609060373.733886003,11.284000,2010,102,0.056000
1609060373.757607698,10.502000,2001,102,0.129000
1609060373.758817434,29.729000,2011,100,0.055000
1609060373.808111191,29.875000,2000,100,0.024000
1609060373.808332920,13.255000,2010,101,0.268000
1609060373.832600594,13.379000,2001,101,0.268000
1609060373.833785057,11.466000,2011,102,0.055000
1609060373.858113766,10.861000,2000,102,0.055000
1609060373.858557224,28.915001,2010,100,0.024000
1609060373.883071899,28.903000,2001,100,0.024000
1609060373.883751869,12.882000,2011,101,0.024000
1609060373.907863617,13.118000,2000,101,0.055000
1609060373.908879519,11.102000,2010,102,0.055000
1609060373.933083534,10.681000,2001,102,0.056000
1609060373.933598042,29.785999,2011,100,0.055000
1609060373.983087063,29.871000,2000,100,0.055000
1609060373.983381271,13.290000,2010,101,0.268000
1609060374.008133650,13.939000,2001,101,0.024000
1609060374.008803606,11.323000,2011,102,0.055000
1609060374.033083439,10.697000,2000,102,0.055000
1609060374.033567667,28.983000,2010,100,0.055000
1609060374.058086634,28.979000,2001,100,0.024000
1609060374.058903217,12.930000,2011,101,0.055000
1609060374.083055735,13.142000,2000,101,0.024000
1609060374.083803892,10.883000,2010,102,0.055000
1609060374.108059168,10.624000,2001,102,0.055000
1609060374.108773470,29.784000,2011,100,0.024000
1609060374.158086777,29.896999,2000,100,0.055000
1609060374.158320665,13.344000,2010,101,0.268000
1609060374.183084249,13.989000,2001,101,0.055000
1609060374.183855295,11.168000,2011,102,0.055000
1609060374.208094597,10.550000,2000,102,0.024000
1609060374.208574057,29.010000,2010,100,0.055000
1609060374.233060837,29.006001,2001,100,0.024000
1609060374.233840704,13.053000,2011,101,0.055000
1609060374.257858038,13.188000,2000,101,0.055000
1609060374.258768797,10.791000,2010,102,0.055000
1609060374.283102751,10.413000,2001,102,0.055000
1609060374.283817768,29.808001,2011,100,0.055000
1609060374.333052397,29.971001,2000,100,0.055000
1609060374.333340406,13.390000,2010,101,0.268000
1609060374.358802557,11.036000,2011,102,0.055000
1609060374.383046627,10.427000,2000,102,0.024000
1609060374.383856535,28.995001,2010,100,0.055000
1609060374.408090353,29.032000,2001,100,0.055000
1609060374.408836126,13.032000,2011,101,0.055000
1609060374.432854652,13.291000,2000,101,0.055000
1609060374.433819532,10.625000,2010,102,0.024000
1609060374.458081245,10.101000,2001,102,0.268000
1609060374.458612442,29.905001,2011,100,0.055000
1609060374.508080721,29.955999,2000,100,0.024000
1609060374.508327961,13.420000,2010,101,0.268000
1609060374.533056021,14.091000,2001,101,0.024000
1609060374.533758163,10.914000,2011,102,0.055000
1609060374.558056593,10.310000,2000,102,0.055000
1609060374.558601141,29.023001,2010,100,0.024000
1609060374.583044291,29.056000,2001,100,0.024000
1609060374.583937407,13.081000,2011,101,0.024000
1609060374.607873917,13.338000,2000,101,0.055000
1609060374.608791351,10.531000,2010,102,0.055000
1609060374.683079243,29.969999,2000,100,0.055000
1609060374.683309078,13.408000,2010,101,0.268000
1609060374.707642317,13.133000,2001,101,0.129000
1609060374.708763123,10.813000,2011,102,0.055000
1609060374.733073473,10.209000,2000,102,0.055000
1609060374.733814955,29.042000,2010,100,0.055000
1609060374.758076668,29.082001,2001,100,0.055000
1609060374.758754730,13.117000,2011,101,0.055000
1609060374.783078432,13.305000,2000,101,0.055000
1609060374.783858061,10.425000,2010,102,0.055000
1609060374.807590485,9.728000,2001,102,0.268000
1609060374.808794022,29.910000,2011,100,0.055000
1609060374.858004093,30.000999,2000,100,0.024000
1609060374.858330011,13.515000,2010,101,0.268000
1609060374.882575274,13.641000,2001,101,0.268000
1609060374.883730888,10.731000,2011,102,0.055000
1609060374.908036709,10.122000,2000,102,0.055000
1609060374.908565760,29.101000,2010,100,0.055000
1609060374.933057308,29.106001,2001,100,0.055000
1609060374.933847666,13.229000,2011,101,0.055000
1609060374.957839489,13.345000,2000,101,0.055000
1609060374.958804369,10.329000,2010,102,0.055000
1609060374.982577801,9.708000,2001,102,0.268000
1609060374.983833075,29.930000,2011,100,0.055000
1609060375.033027887,30.073999,2000,100,0.055000
1609060375.033275366,13.569000,2010,101,0.268000
1609060375.058073997,14.209000,2001,101,0.055000
1609060375.058739185,10.634000,2011,102,0.055000
1609060375.083021641,10.029000,2000,102,0.055000
1609060375.083575726,29.091000,2010,100,0.055000
1609060375.108036280,29.134001,2001,100,0.055000
1609060375.108810425,13.185000,2011,101,0.055000
1609060375.132824898,13.461000,2000,101,0.024000
1609060375.133751154,10.166000,2010,102,0.055000
1609060375.158079147,9.590000,2001,102,0.056000
1609060375.158748627,29.993999,2011,100,0.024000
1609060375.208004951,30.101000,2000,100,0.055000
1609060375.208276033,13.590000,2010,101,0.268000
1609060375.233747482,10.570000,2011,102,0.055000
1609060375.258046389,9.930000,2000,102,0.055000
1609060375.258525133,29.118000,2010,100,0.024000
1609060375.283026218,29.166000,2001,100,0.055000
1609060375.283858299,13.270000,2011,101,0.055000
1609060375.308020115,13.466000,2000,101,0.055000
1609060375.308731794,10.118000,2010,102,0.055000
1609060375.333133459,9.463000,2001,102,0.056000
1609060375.333776474,29.988001,2011,100,0.024000
1609060375.383023500,30.101000,2000,100,0.055000
1609060375.383308172,13.622000,2010,101,0.268000
1609060375.407577276,13.788000,2001,101,0.268000
1609060375.408717394,10.444000,2011,102,0.055000
1609060375.433001041,9.845000,2000,102,0.055000
1609060375.433760405,29.146000,2010,100,0.024000
1609060375.458062172,29.224001,2001,100,0.055000
1609060375.458745241,13.300000,2011,101,0.024000
1609060375.483038902,13.514000,2000,101,0.055000
1609060375.483794928,10.058000,2010,102,0.055000
1609060375.558014870,30.131001,2000,100,0.055000
1609060375.558282614,13.665000,2010,101,0.268000
1609060375.582530737,13.828000,2001,101,0.268000
1609060375.583766699,10.346000,2011,102,0.055000
1609060375.608054638,9.751000,2000,102,0.055000
1609060375.608516216,29.209999,2010,100,0.024000
1609060375.633040190,29.235001,2001,100,0.055000
1609060375.633748531,13.344000,2011,101,0.024000
1609060375.658051491,13.525000,2000,101,0.055000
1609060375.658781767,9.888000,2010,102,0.055000
1609060375.733028173,30.115999,2000,100,0.055000
1609060375.733271360,13.668000,2010,101,0.268000
1609060375.757525206,13.905000,2001,101,0.268000
1609060375.758728027,10.251000,2011,102,0.055000
1609060375.782999516,9.657000,2000,102,0.055000
1609060375.783602238,29.268999,2010,100,0.055000
1609060375.808013439,29.261000,2001,100,0.055000
1609060375.808773279,13.382000,2011,101,0.055000
1609060375.832878113,13.649000,2000,101,0.055000
1609060375.833733797,9.824000,2010,102,0.055000
1609060375.858028412,9.122000,2001,102,0.056000
1609060375.858729362,30.063999,2011,100,0.024000
1609060375.908033848,30.224001,2000,100,0.055000
1609060375.908249617,13.752000,2010,101,0.268000
1609060375.933709621,10.120000,2011,102,0.055000
1609060375.957976341,9.563000,2000,102,0.055000
1609060375.958612680,29.230000,2010,100,0.024000
1609060375.983020782,29.323000,2001,100,0.055000
1609060375.983801603,13.426000,2011,101,0.055000
1609060376.008038521,13.660000,2000,101,0.055000
1609060376.008704185,9.683000,2010,102,0.024000
1609060376.033013821,9.065000,2001,102,0.056000
1609060376.033487797,30.129000,2011,100,0.024000
1609060376.083034277,30.257000,2000,100,0.055000
1609060376.083813429,14.153000,2010,101,0.055000
1609060376.108736515,10.025000,2011,102,0.055000
1609060376.132998705,9.473000,2000,102,0.055000
1609060376.133511782,29.285999,2010,100,0.024000
1609060376.157984495,29.313999,2001,100,0.055000
1609060376.158780336,13.468000,2011,101,0.024000
1609060376.183033705,13.698000,2000,101,0.055000
1609060376.183792114,9.623000,2010,102,0.055000
1609060376.208006382,9.021000,2001,102,0.055000
1609060376.208734751,30.115000,2011,100,0.024000
1609060376.258008242,30.283001,2000,100,0.055000
1609060376.258269310,13.817000,2010,101,0.268000
1609060376.283768177,9.960000,2011,102,0.055000
1609060376.308003187,9.385000,2000,102,0.055000
1609060376.308699131,29.274000,2010,100,0.024000
1609060376.333021879,29.382000,2001,100,0.024000
1609060376.333716393,13.461000,2011,101,0.055000
1609060376.358012199,13.747000,2000,101,0.024000
1609060376.358765364,9.489000,2010,102,0.055000
1609060376.382997274,8.897000,2001,102,0.055000
1609060376.383759260,30.108999,2011,100,0.055000
1609060376.432984591,30.273001,2000,100,0.055000
1609060376.457516432,13.991000,2001,101,0.268000
1609060376.458681583,9.872000,2011,102,0.055000
1609060376.483025074,9.300000,2000,102,0.055000
1609060376.483808756,29.334999,2010,100,0.055000
1609060376.507998228,29.400999,2001,100,0.024000
1609060376.508756638,13.543000,2011,101,0.055000
1609060376.532995701,13.792000,2000,101,0.024000
1609060376.533696890,9.397000,2010,102,0.055000
1609060376.557973385,8.800000,2001,102,0.056000
1609060376.558753014,30.164000,2011,100,0.055000
1609060376.607947111,30.332001,2000,100,0.055000
1609060376.608188868,13.900000,2010,101,0.268000
1609060376.633518457,9.792000,2011,102,0.055000
1609060376.657956123,9.227000,2000,102,0.055000
1609060376.658682346,29.322001,2010,100,0.055000
1609060376.682990789,29.398001,2001,100,0.055000
1609060376.683767319,13.578000,2011,101,0.055000
1609060376.707968712,13.824000,2000,101,0.055000
1609060376.708691835,9.353000,2010,102,0.055000
1609060376.732989073,8.718000,2001,102,0.055000
1609060376.733673811,30.122000,2011,100,0.055000
1609060376.782991409,30.351999,2000,100,0.055000
1609060376.783303261,13.936000,2010,101,0.268000
1609060376.807505846,14.091000,2001,101,0.268000
1609060376.808480978,9.723000,2011,102,0.055000
1609060376.832966328,9.171000,2000,102,0.055000
1609060376.833672047,29.349001,2010,100,0.055000
1609060376.858017206,29.414000,2001,100,0.024000
1609060376.858755827,13.596000,2011,101,0.055000
1609060376.882778645,13.889000,2000,101,0.055000
1609060376.883730412,9.243000,2010,102,0.055000
1609060376.907997608,8.690000,2001,102,0.055000
1609060376.908508539,30.209000,2011,100,0.024000
1609060376.957976818,30.375999,2000,100,0.055000
1609060376.958245993,13.960000,2010,101,0.268000
1609060376.982946396,14.564000,2001,101,0.055000
1609060376.983718157,9.636000,2011,102,0.055000
1609060377.007950068,9.114000,2000,102,0.024000
1609060377.008762121,29.374001,2010,100,0.055000
1609060377.032952309,29.445999,2001,100,0.055000
1609060377.033758640,13.605000,2011,101,0.024000
1609060377.057983160,13.871000,2000,101,0.055000
1609060377.058727741,9.190000,2010,102,0.024000
1609060377.082973242,8.639000,2001,102,0.024000
1609060377.083669186,30.245001,2011,100,0.055000
1609060377.133000612,30.400000,2000,100,0.055000
1609060377.133728504,13.926000,2010,101,0.268000
1609060377.157498837,14.101000,2001,101,0.268000
1609060377.158445358,9.624000,2011,102,0.055000
1609060377.182981253,9.070000,2000,102,0.055000
1609060377.183746576,29.391001,2010,100,0.055000
1609060377.207966328,29.499001,2001,100,0.024000
1609060377.208778381,13.580000,2011,101,0.055000
1609060377.232948542,13.891000,2000,101,0.024000
1609060377.233717918,9.149000,2010,102,0.055000
1609060377.257975101,8.552000,2001,102,0.055000
1609060377.258671999,30.221001,2011,100,0.055000
1609060377.307938814,30.420000,2000,100,0.024000
1609060377.308193922,13.997000,2010,101,0.268000
1609060377.332508326,14.125000,2001,101,0.268000
1609060377.333654881,9.591000,2011,102,0.055000
1609060377.357960224,9.034000,2000,102,0.055000
1609060377.358669043,29.419001,2010,100,0.024000
1609060377.382996082,29.493999,2001,100,0.055000
1609060377.383788586,13.657000,2011,101,0.055000
1609060377.407971144,13.888000,2000,101,0.024000
1609060377.408653021,9.110000,2010,102,0.024000
1609060377.432990074,8.515000,2001,102,0.055000
1609060377.433677435,30.236000,2011,100,0.055000
1609060377.482922077,30.412001,2000,100,0.055000
1609060377.483157873,13.969000,2010,101,0.268000
1609060377.507510900,14.058000,2001,101,0.268000
1609060377.508665085,9.556000,2011,102,0.055000
1609060377.532985449,9.004000,2000,102,0.024000
1609060377.533442974,29.466999,2010,100,0.024000
1609060377.557983398,29.485001,2001,100,0.055000
1609060377.558747053,13.666000,2011,101,0.055000
1609060377.582976103,13.888000,2000,101,0.055000
1609060377.583699703,9.113000,2010,102,0.024000
1609060377.607945442,8.491000,2001,102,0.024000
1609060377.608677149,30.284000,2011,100,0.055000
1609060377.657973528,30.440001,2000,100,0.024000
1609060377.658211946,13.956000,2010,101,0.268000
1609060377.682500124,13.809000,2001,101,0.129000
1609060377.683665752,9.495000,2011,102,0.055000
1609060377.707935810,8.989000,2000,102,0.024000
1609060377.708453894,29.518000,2010,100,0.055000
1609060377.732965946,29.573000,2001,100,0.055000
1609060377.733653069,13.624000,2011,101,0.024000
1609060377.757933617,13.862000,2000,101,0.055000
1609060377.758697271,9.034000,2010,102,0.024000
1609060377.782953739,8.498000,2001,102,0.024000
1609060377.783732414,30.261000,2011,100,0.055000
1609060377.832921743,30.490000,2000,100,0.055000
1609060377.833193779,13.964000,2010,101,0.268000
1609060377.857446909,14.093000,2001,101,0.268000
1609060377.858633280,9.469000,2011,102,0.024000
1609060377.882946014,8.980000,2000,102,0.055000
1609060377.883661747,29.459000,2010,100,0.055000
1609060377.907938480,29.580000,2001,100,0.024000
1609060377.908710003,13.582000,2011,101,0.055000
1609060377.932949781,13.834000,2000,101,0.055000
1609060377.933674574,9.038000,2010,102,0.024000
1609060377.957911968,8.440000,2001,102,0.055000
1609060377.958671570,30.275000,2011,100,0.055000
1609060378.007952213,30.521999,2000,100,0.055000
1609060378.008194208,13.941000,2010,101,0.268000
1609060378.032461166,14.130000,2001,101,0.268000
1609060378.033618927,9.494000,2011,102,0.055000
1609060378.057922363,8.977000,2000,102,0.024000
1609060378.058619022,29.482000,2010,100,0.024000
1609060378.082940817,29.656000,2001,100,0.055000
1609060378.083724260,13.564000,2011,101,0.024000
1609060378.107885838,13.821000,2000,101,0.024000
1609060378.108615637,8.965000,2010,102,0.055000
1609060378.132949829,8.416000,2001,102,0.024000
1609060378.133607864,30.273001,2011,100,0.055000
1609060378.183195353,13.929000,2010,101,0.268000
1609060378.207916021,14.617000,2001,101,0.024000
1609060378.208629608,9.479000,2011,102,0.055000
1609060378.232947826,8.979000,2000,102,0.024000
1609060378.233651161,29.520000,2010,100,0.055000
1609060378.257943392,29.672001,2001,100,0.055000
1609060378.258713007,13.585000,2011,101,0.055000
1609060378.282708645,13.827000,2000,101,0.055000
1609060378.283689022,8.993000,2010,102,0.055000
1609060378.308001041,8.366000,2001,102,0.055000
1609060378.308627844,30.299999,2011,100,0.055000
1609060378.357890844,30.827000,2000,100,0.055000
1609060378.358187199,13.901000,2010,101,0.268000
1609060378.382474422,13.945000,2001,101,0.268000
1609060378.383658409,9.481000,2011,102,0.024000
1609060378.407907724,8.986000,2000,102,0.055000
1609060378.408434391,29.615000,2010,100,0.024000
1609060378.432939291,29.732000,2001,100,0.055000
1609060378.433738470,13.530000,2011,101,0.055000
1609060378.457771540,13.783000,2000,101,0.024000
1609060378.458633184,8.960000,2010,102,0.055000
1609060378.482968569,8.415000,2001,102,0.055000
1609060378.483610630,30.403999,2011,100,0.055000
1609060378.532895088,30.750999,2000,100,0.055000
1609060378.533140898,13.859000,2010,101,0.268000
1609060378.558666229,9.500000,2011,102,0.055000
1609060378.582890272,9.009000,2000,102,0.055000
1609060378.583478451,29.693001,2010,100,0.024000
1609060378.607964993,29.809999,2001,100,0.024000
1609060378.608710289,13.480000,2011,101,0.055000
1609060378.632909060,13.648000,2000,101,0.055000
1609060378.633630276,9.014000,2010,102,0.055000
1609060378.657967806,8.451000,2001,102,0.055000
1609060378.658428669,30.496000,2011,100,0.055000
1609060378.707890749,30.851000,2000,100,0.055000
1609060378.708168030,13.776000,2010,101,0.268000
1609060378.733615160,9.531000,2011,102,0.055000
1609060378.757878780,9.057000,2000,102,0.024000
1609060378.758634329,29.753000,2010,100,0.055000
1609060378.782948732,29.915001,2001,100,0.024000
1609060378.783682823,13.362000,2011,101,0.055000
1609060378.807919502,13.594000,2000,101,0.055000
1609060378.808631182,9.004000,2010,102,0.055000
1609060378.832917452,8.489000,2001,102,0.024000
1609060378.833675385,30.599001,2011,100,0.055000
1609060378.882871151,30.959999,2000,100,0.055000
1609060378.883152008,13.692000,2010,101,0.268000
1609060378.907435656,13.783000,2001,101,0.268000
1609060378.908646584,9.593000,2011,102,0.055000
1609060378.932932854,9.130000,2000,102,0.055000
1609060378.933592796,29.861000,2010,100,0.055000
1609060378.957926035,30.059999,2001,100,0.024000
1609060378.958714485,13.313000,2011,101,0.024000
1609060378.982894182,13.523000,2000,101,0.055000
1609060378.983655214,9.070000,2010,102,0.055000
1609060379.007923365,8.507000,2001,102,0.024000
1609060379.008728504,30.716000,2011,100,0.055000
1609060379.082443953,13.731000,2001,101,0.268000
1609060379.083611965,9.663000,2011,102,0.055000
1609060379.107907534,9.199000,2000,102,0.024000
1609060379.108611345,29.988001,2010,100,0.055000
1609060379.132898569,30.150999,2001,100,0.055000
1609060379.133772612,13.221000,2011,101,0.055000
1609060379.157926083,13.436000,2000,101,0.055000
1609060379.158652782,9.165000,2010,102,0.055000
1609060379.182933569,8.585000,2001,102,0.024000
1609060379.183420181,30.878000,2011,100,0.055000
1609060379.232904673,31.216999,2000,100,0.055000
1609060379.233148336,13.505000,2010,101,0.268000
1609060379.257403374,13.643000,2001,101,0.268000
1609060379.258595467,9.743000,2011,102,0.055000
1609060379.282897711,9.290000,2000,102,0.055000
1609060379.283657312,30.112000,2010,100,0.055000
1609060379.307938576,30.275999,2001,100,0.055000
1609060379.308820009,13.130000,2011,101,0.055000
1609060379.332932234,13.344000,2000,101,0.024000
1609060379.333604336,9.207000,2010,102,0.055000
1609060379.357954979,8.698000,2001,102,0.055000
1609060379.358378172,30.964001,2011,100,0.055000
1609060379.408142328,13.432000,2010,101,0.268000
1609060379.432463169,13.561000,2001,101,0.268000
1609060379.433596849,9.821000,2011,102,0.055000
1609060379.457869053,9.391000,2000,102,0.055000
1609060379.458575487,30.236000,2010,100,0.055000
1609060379.482877970,30.451000,2001,100,0.024000
1609060379.483684540,13.046000,2011,101,0.024000
1609060379.507696152,13.274000,2000,101,0.055000
1609060379.508572817,9.269000,2010,102,0.055000
1609060379.532867908,8.753000,2001,102,0.055000
1609060379.533667326,31.110001,2011,100,0.055000
1609060379.582407475,31.112000,2000,100,0.268000
1609060379.583174229,13.340000,2010,101,0.268000
1609060379.607879162,13.944000,2001,101,0.055000
1609060379.608557940,9.914000,2011,102,0.055000
1609060379.632896900,9.512000,2000,102,0.055000
1609060379.633362770,30.424000,2010,100,0.055000
1609060379.657898903,30.568001,2001,100,0.055000
1609060379.658655882,12.934000,2011,101,0.055000
1609060379.682876825,13.108000,2000,101,0.055000
1609060379.683587074,9.336000,2010,102,0.024000
1609060379.707860231,8.836000,2001,102,0.024000
1609060379.708538294,31.251999,2011,100,0.055000
1609060379.757405519,31.190001,2000,100,0.268000
1609060379.758165121,13.229000,2010,101,0.268000
1609060379.782450914,13.323000,2001,101,0.268000
1609060379.783604860,10.002000,2011,102,0.055000
1609060379.807889462,9.638000,2000,102,0.055000
1609060379.808636665,30.507999,2010,100,0.024000
1609060379.832866669,30.771999,2001,100,0.055000
1609060379.833687067,12.848000,2011,101,0.055000
1609060379.857679844,12.965000,2000,101,0.055000
1609060379.858574629,9.412000,2010,102,0.055000
1609060379.882849455,8.929000,2001,102,0.055000
1609060379.883361578,31.270000,2011,100,0.055000
1609060379.932863951,31.754002,2000,100,0.024000
1609060379.933112144,13.055000,2010,101,0.268000
1609060379.957394123,13.223000,2001,101,0.268000
1609060379.958145857,9.808000,2011,102,0.268000
1609060379.982901812,9.763000,2000,102,0.055000
1609060379.983613729,30.591000,2010,100,0.055000
1609060380.007857323,30.893000,2001,100,0.024000
1609060380.008655071,12.627000,2011,101,0.055000
1609060380.032847404,12.822000,2000,101,0.055000
1609060380.033628225,9.466000,2010,102,0.055000
1609060380.057855606,9.029000,2001,102,0.055000
1609060380.058648109,31.407001,2011,100,0.055000
1609060380.107892275,31.817001,2000,100,0.055000
1609060380.108156681,12.990000,2010,101,0.268000
1609060380.132386684,13.082000,2001,101,0.268000
1609060380.133594513,10.171000,2011,102,0.055000
1609060380.157832861,9.896000,2000,102,0.055000
1609060380.158666372,30.750000,2010,100,0.055000
1609060380.182914019,31.084000,2001,100,0.055000
1609060380.183681965,12.600000,2011,101,0.055000
1609060380.207655907,12.701000,2000,101,0.024000
1609060380.208539963,9.545000,2010,102,0.055000
1609060380.232849121,9.143000,2001,102,0.055000
1609060380.233620882,31.730000,2011,100,0.055000
1609060380.282826900,31.782001,2000,100,0.055000
1609060380.283714533,13.350000,2010,101,0.024000
1609060380.307395458,12.935000,2001,101,0.268000
1609060380.308591843,10.311000,2011,102,0.055000
1609060380.332883358,10.020000,2000,102,0.055000
1609060380.333574533,30.833000,2010,100,0.024000
1609060380.357885838,31.190001,2001,100,0.024000
1609060380.358667850,12.487000,2011,101,0.055000
1609060380.382635832,12.558000,2000,101,0.024000
1609060380.383574486,9.608000,2010,102,0.055000
1609060380.407835007,9.260000,2001,102,0.024000
1609060380.408613682,31.924999,2011,100,0.055000
1609060380.458185673,12.759000,2010,101,0.268000
1609060380.482826233,13.394000,2001,101,0.055000
1609060380.483116865,10.092000,2011,102,0.268000
1609060380.507836580,10.154000,2000,102,0.055000
1609060380.508558273,30.962999,2010,100,0.055000
1609060380.532880068,31.367001,2001,100,0.024000
1609060380.533612728,12.365000,2011,101,0.055000
1609060380.557956696,12.419000,2000,101,0.055000
1609060380.558578491,9.712000,2010,102,0.055000
1609060380.582861662,9.382000,2001,102,0.055000
1609060380.583639622,31.990002,2011,100,0.055000
1609060380.632832766,32.249001,2000,100,0.055000
1609060380.633712530,12.670000,2010,101,0.268000
1609060380.657873392,13.217000,2001,101,0.024000
1609060380.658103943,10.142000,2011,102,0.268000
1609060380.682864666,10.302000,2000,102,0.055000
1609060380.683663607,31.093000,2010,100,0.024000
1609060380.707837582,31.512001,2001,100,0.055000
1609060380.708664894,12.196000,2011,101,0.055000
1609060380.732871056,12.314000,2000,101,0.055000
1609060380.733520031,9.821000,2010,102,0.024000
1609060380.757841825,9.519000,2001,102,0.055000
1609060380.758647919,31.851002,2011,100,0.024000
1609060380.808111429,12.576000,2010,101,0.268000
1609060380.832341194,12.516000,2001,101,0.268000
1609060380.833121538,10.256000,2011,102,0.268000
1609060380.857837200,10.446000,2000,102,0.055000
1609060380.858534575,31.223000,2010,100,0.055000
1609060380.882802248,31.650002,2001,100,0.055000
1609060380.883608341,12.108000,2011,101,0.055000
1609060380.907626867,12.125000,2000,101,0.024000
1609060380.908517838,9.936000,2010,102,0.055000
1609060380.932838440,9.664000,2001,102,0.055000
1609060380.933317661,31.943001,2011,100,0.055000
1609060380.982815504,32.613998,2000,100,0.055000
1609060380.983083725,12.445000,2010,101,0.268000
1609060381.007889986,12.954000,2001,101,0.055000
1609060381.008064508,10.457000,2011,102,0.268000
1609060381.032830715,10.607000,2000,102,0.055000
1609060381.033653975,31.389000,2010,100,0.055000
1609060381.057824612,31.771000,2001,100,0.055000
1609060381.058652163,11.969000,2011,101,0.055000
1609060381.082882643,12.038000,2000,101,0.055000
1609060381.083598614,10.053000,2010,102,0.055000
1609060381.107824087,9.804000,2001,102,0.055000
1609060381.108516216,32.090000,2011,100,0.024000
1609060381.157829523,32.750000,2000,100,0.055000
1609060381.158066988,12.295000,2010,101,0.268000
1609060381.182816267,12.769000,2001,101,0.024000
1609060381.183582544,10.541000,2011,102,0.268000
1609060381.207804680,10.772000,2000,102,0.024000
1609060381.208532333,31.480999,2010,100,0.055000
1609060381.232829571,31.953999,2001,100,0.055000
1609060381.233602524,11.845000,2011,101,0.024000
1609060381.257585287,11.768000,2000,101,0.055000
1609060381.258547544,10.187000,2010,102,0.055000
1609060381.282850742,9.963000,2001,102,0.055000
1609060381.283591747,32.193001,2011,100,0.055000
1609060381.332798719,32.730999,2000,100,0.055000
1609060381.333199978,12.177000,2010,101,0.268000
1609060381.357821465,12.600000,2001,101,0.055000
1609060381.358516216,11.030000,2011,102,0.024000
1609060381.382812023,10.937000,2000,102,0.055000
1609060381.383577824,31.639999,2010,100,0.055000
1609060381.407827616,32.104000,2001,100,0.055000
1609060381.408605814,11.747000,2011,101,0.055000
1609060381.432876110,11.672000,2000,101,0.055000
1609060381.433510303,10.312000,2010,102,0.055000
1609060381.457805395,10.123000,2001,102,0.055000
1609060381.458507061,32.299999,2011,100,0.055000
1609060381.507808924,33.011002,2000,100,0.055000
1609060381.532314539,11.924000,2001,101,0.268000
1609060381.533510208,11.178000,2011,102,0.055000
1609060381.557801247,11.104000,2000,102,0.055000
1609060381.558535814,31.757999,2010,100,0.024000
1609060381.582808018,32.250999,2001,100,0.024000
1609060381.583610296,11.582000,2011,101,0.055000
1609060381.607906342,11.530000,2000,101,0.055000
1609060381.608528376,10.424000,2010,102,0.055000
1609060381.632825851,10.283000,2001,102,0.024000
1609060381.633560896,32.362999,2011,100,0.055000
1609060381.682772636,32.689999,2000,100,0.268000
1609060381.707765818,12.285000,2001,101,0.055000
1609060381.708498478,11.268000,2011,102,0.055000
1609060381.732774973,11.264000,2000,102,0.055000
1609060381.733517885,31.874001,2010,100,0.055000
1609060381.757820129,32.382999,2001,100,0.024000
1609060381.758549929,11.495000,2011,101,0.055000
1609060381.782855034,11.368000,2000,101,0.055000
1609060381.783561230,10.566000,2010,102,0.055000
1609060381.807764769,10.442000,2001,102,0.024000
1609060381.808537960,32.490002,2011,100,0.055000
1609060381.857758045,33.040001,2000,100,0.055000
1609060381.858035088,11.762000,2010,101,0.268000
1609060381.882339001,11.606000,2001,101,0.268000
1609060381.883495569,11.394000,2011,102,0.055000
1609060381.907794952,11.429000,2000,102,0.055000
1609060381.908514977,31.963001,2010,100,0.024000
1609060381.932843447,32.523998,2001,100,0.055000
1609060381.933595896,11.420000,2011,101,0.055000
1609060381.957854748,11.200000,2000,101,0.055000
1609060381.958520412,10.683000,2010,102,0.055000
1609060381.982771873,10.606000,2001,102,0.055000
1609060381.983532190,32.528000,2011,100,0.055000
1609060382.032770395,33.167999,2000,100,0.055000
1609060382.033055067,11.679000,2010,101,0.268000
1609060382.057304859,11.509000,2001,101,0.268000
1609060382.058289528,11.543000,2011,102,0.055000
1609060382.082803488,11.587000,2000,102,0.055000
1609060382.083530188,32.097000,2010,100,0.055000
1609060382.107836485,32.659000,2001,100,0.055000
1609060382.108528614,11.262000,2011,101,0.055000
1609060382.132825136,11.053000,2000,101,0.055000
1609060382.133475542,10.793000,2010,102,0.055000
1609060382.157793760,10.753000,2001,102,0.055000
1609060382.158529758,32.641998,2011,100,0.024000
1609060382.207796097,33.230000,2000,100,0.055000
1609060382.207995415,11.538000,2010,101,0.268000
1609060382.232812405,11.884000,2001,101,0.055000
1609060382.233555079,11.531000,2011,102,0.055000
1609060382.258488655,32.179001,2010,100,0.055000
1609060382.282782555,32.752998,2001,100,0.055000
1609060382.283594608,11.155000,2011,101,0.055000
1609060382.307843208,10.835000,2000,101,0.055000
1609060382.308514357,10.884000,2010,102,0.055000
1609060382.332770109,10.915000,2001,102,0.024000
1609060382.333486080,32.673000,2011,100,0.055000
1609060382.382736206,33.306000,2000,100,0.055000
1609060382.407320261,11.171000,2001,101,0.268000
1609060382.408233643,11.741000,2011,102,0.024000
1609060382.433462143,32.273998,2010,100,0.055000
1609060382.457779169,32.901001,2001,100,0.055000
1609060382.458566666,11.004000,2011,101,0.024000
1609060382.482876778,10.687000,2000,101,0.055000
1609060382.483490705,10.988000,2010,102,0.055000
1609060382.507762909,11.066000,2001,102,0.024000
1609060382.508624315,32.731998,2011,100,0.055000
1609060382.557770252,33.383999,2000,100,0.055000
1609060382.582300901,11.092000,2001,101,0.268000
1609060382.583534718,11.892000,2011,102,0.055000
1609060382.607760668,12.025000,2000,102,0.024000
1609060382.608525038,32.353001,2010,100,0.055000
1609060382.632725000,33.008999,2001,100,0.055000
1609060382.633474827,10.937000,2011,101,0.055000
1609060382.657811880,10.593000,2000,101,0.055000
1609060382.658453703,11.133000,2010,102,0.024000
1609060382.682734013,11.211000,2001,102,0.055000
1609060382.683492899,32.771000,2011,100,0.055000
1609060382.732780695,33.398998,2000,100,0.055000
1609060382.757297993,10.877000,2001,101,0.268000
1609060382.758457422,11.989000,2011,102,0.055000
1609060382.782733202,12.197000,2000,102,0.055000
1609060382.783509493,32.431000,2010,100,0.055000
1609060382.807812691,33.098000,2001,100,0.055000
1609060382.808572054,10.799000,2011,101,0.024000
1609060382.832823992,10.504000,2000,101,0.024000
1609060382.833428860,11.252000,2010,102,0.055000
1609060382.857768059,11.351000,2001,102,0.055000
1609060382.858447790,32.820999,2011,100,0.055000
1609060382.907819986,33.487999,2000,100,0.024000
1609060382.932319164,10.820000,2001,101,0.268000
1609060382.933452368,12.102000,2011,102,0.055000
1609060382.958434105,32.533001,2010,100,0.024000
1609060382.982731819,33.172001,2001,100,0.055000
1609060382.983553886,10.752000,2011,101,0.055000
1609060383.007834196,10.385000,2000,101,0.055000
1609060383.008586884,11.359000,2010,102,0.055000
1609060383.032806635,11.490000,2001,102,0.055000
1609060383.033454657,32.884998,2011,100,0.055000
1609060383.082751989,33.487000,2000,100,0.055000
1609060383.107816458,11.119000,2001,101,0.055000
1609060383.108502388,12.211000,2011,102,0.055000
1609060383.133449078,32.554001,2010,100,0.055000
1609060383.157724380,33.484001,2001,100,0.024000
1609060383.158495426,10.668000,2011,101,0.055000
1609060383.182858467,10.262000,2000,101,0.055000
1609060383.183256388,11.446000,2010,102,0.024000
1609060383.208431244,32.914001,2011,100,0.055000
1609060383.257687807,33.558998,2000,100,0.055000
1609060383.282768965,10.994000,2001,101,0.024000
1609060383.283272505,12.274000,2011,102,0.055000
1609060383.307702541,12.624000,2000,102,0.024000
1609060383.308464050,32.599998,2010,100,0.055000
1609060383.332725763,33.237999,2001,100,0.024000
1609060383.333515167,10.615000,2011,101,0.055000
1609060383.357784033,10.114000,2000,101,0.055000
1609060383.358436584,11.609000,2010,102,0.055000
1609060383.383474350,32.891998,2011,100,0.024000
1609060383.432695150,33.615002,2000,100,0.055000
1609060383.457315922,10.430000,2001,101,0.268000
1609060383.458456039,12.417000,2011,102,0.024000
1609060383.483436584,32.971001,2010,100,0.055000
1609060383.507739544,33.342999,2001,100,0.055000
1609060383.532774925,10.003000,2000,101,0.024000
1609060383.533431768,11.720000,2010,102,0.024000
1609060383.557691336,11.925000,2001,102,0.055000
1609060383.558434010,32.896999,2011,100,0.055000
1609060383.607698441,33.587002,2000,100,0.055000
1609060383.632240057,10.302000,2001,101,0.268000
1609060383.633471966,12.591000,2011,102,0.055000
1609060383.658503771,32.666000,2010,100,0.024000
1609060383.682717085,33.380001,2001,100,0.055000
1609060383.707762480,9.901000,2000,101,0.055000
1609060383.708414793,11.848000,2010,102,0.055000
1609060383.733427048,32.896999,2011,100,0.024000
1609060383.782681942,33.585999,2000,100,0.055000
1609060383.807264090,10.189000,2001,101,0.268000
1609060383.808489323,12.736000,2011,102,0.024000
1609060383.833418131,32.695999,2010,100,0.056000
1609060383.857715130,33.375999,2001,100,0.055000
1609060383.882758856,9.797000,2000,101,0.024000
1609060383.883399010,11.979000,2010,102,0.055000
1609060383.907694340,12.209000,2001,102,0.055000
1609060383.908429146,32.886002,2011,100,0.055000
1609060383.957708836,33.623001,2000,100,0.055000
1609060383.982268810,10.016000,2001,101,0.268000
1609060383.983499050,12.856000,2011,102,0.055000
1609060384.008425951,48.076000,2010,100,0.056000
1609060384.032735109,33.389000,2001,100,0.024000
1609060384.057777882,9.700000,2000,101,0.055000
1609060384.058428049,12.077000,2010,102,0.055000
1609060384.083429575,32.875999,2011,100,0.024000
1609060384.132682085,33.575001,2000,100,0.055000
1609060384.157756805,10.344000,2001,101,0.055000
1609060384.158454657,12.972000,2011,102,0.055000
1609060384.183493614,32.741001,2010,100,0.056000
1609060384.207765102,33.438000,2001,100,0.055000
1609060384.232749224,9.599000,2000,101,0.055000
1609060384.233425379,12.167000,2010,102,0.055000
1609060384.257712126,12.510000,2001,102,0.055000
1609060384.258411407,32.848999,2011,100,0.055000
1609060384.307691097,33.602001,2000,100,0.055000
1609060384.308416128,10.751000,2010,101,0.055000
1609060384.332257509,9.898000,2001,101,0.268000
1609060384.333510399,13.100000,2011,102,0.024000
1609060384.358448267,48.278000,2010,100,0.056000
1609060384.382712603,33.417999,2001,100,0.055000
1609060384.407744646,9.525000,2000,101,0.055000
1609060384.408398628,12.359000,2010,102,0.055000
1609060384.432703495,12.650000,2001,102,0.024000
1609060384.433437824,32.834000,2011,100,0.024000
1609060384.482721806,33.526001,2000,100,0.056000
1609060384.483461380,10.589000,2010,101,0.055000
1609060384.507796288,10.112000,2001,101,0.055000
1609060384.508475304,13.217000,2011,102,0.055000
1609060384.533381462,63.917000,2010,100,0.056000
1609060384.557670832,33.430000,2001,100,0.055000
1609060384.582731009,9.444000,2000,101,0.055000
1609060384.583441973,12.500000,2010,102,0.055000
1609060384.608409405,32.810001,2011,100,0.055000
1609060384.657672405,33.622002,2000,100,0.056000
1609060384.682448387,9.877000,2001,101,0.055000
1609060384.683399200,13.334000,2011,102,0.055000
1609060384.708361626,64.073997,2010,100,0.056000
1609060384.732681274,33.387001,2001,100,0.055000
1609060384.757752657,9.412000,2000,101,0.055000
1609060384.758460999,12.627000,2010,102,0.055000
1609060384.782682419,12.961000,2001,102,0.055000
1609060384.783440828,32.771000,2011,100,0.055000
1609060384.833413363,10.430000,2010,101,0.055000
1609060384.857746840,9.858000,2001,101,0.055000
1609060384.858469009,13.444000,2011,102,0.055000
1609060384.883365631,64.127998,2010,100,0.056000
1609060384.907710314,48.868999,2001,100,0.056000
1609060384.932452202,9.290000,2000,101,0.055000
1609060384.933403730,12.750000,2010,102,0.055000
1609060384.958389521,32.737000,2011,100,0.055000
1609060385.007178307,33.171001,2000,100,10.536000
1609060385.008432627,10.352000,2010,101,0.055000
1609060385.032474279,9.678000,2001,101,0.055000
1609060385.033410549,13.558000,2011,102,0.055000
1609060385.058432341,48.637001,2010,100,0.056000
1609060385.082653046,49.018002,2001,100,0.056000
1609060385.107723713,9.244000,2000,101,0.024000
1609060385.108392000,12.878000,2010,102,0.024000
1609060385.182617903,41.679001,2000,100,10.536000
1609060385.183452129,10.287000,2010,101,0.055000
1609060385.207698584,9.714000,2001,101,0.055000
1609060385.208431959,13.699000,2011,102,0.055000
1609060385.234021187,48.612999,2010,100,0.056000
1609060385.257690907,33.363998,2001,100,0.055000
1609060385.282617092,9.247000,2000,101,0.024000
1609060385.283396244,12.989000,2010,102,0.055000
1609060385.357633829,33.398998,2000,100,0.056000
1609060385.358424425,10.230000,2010,101,0.055000
1609060385.382706881,9.606000,2001,101,0.055000
1609060385.383449078,13.790000,2011,102,0.055000
1609060385.432702065,33.342999,2001,100,0.056000
1609060385.457660437,9.223000,2000,101,0.055000
1609060385.458320856,13.093000,2010,102,0.055000
1609060385.532692909,33.179001,2000,100,10.536000
1609060385.533458233,10.149000,2010,101,0.055000
1609060385.557433128,9.500000,2001,101,0.055000
1609060385.558463097,13.843000,2011,102,0.055000
1609060385.583382368,48.751999,2010,100,0.056000
1609060385.607683420,33.341999,2001,100,0.056000
1609060385.632629156,9.174000,2000,101,0.055000
1609060385.633332491,13.157000,2010,102,0.024000
1609060385.658483744,49.076000,2011,100,0.056000
1609060385.707679987,33.271999,2000,100,0.056000
1609060385.732692003,9.523000,2001,101,0.024000
1609060385.733494520,13.921000,2011,102,0.055000
1609060385.758376122,32.632000,2010,100,0.055000
1609060385.782670736,49.382000,2001,100,0.056000
1609060385.807701349,9.209000,2000,101,0.055000
1609060385.808311462,13.285000,2010,102,0.055000
1609060385.833393097,49.122002,2011,100,0.056000
1609060385.882593870,33.139999,2000,100,10.536000
1609060385.883133650,10.038000,2010,101,0.055000
1609060385.907694578,9.436000,2001,101,0.024000
1609060385.908474445,13.975000,2011,102,0.055000
1609060385.933317900,32.551998,2010,100,0.055000
1609060385.957634687,65.337997,2001,100,0.056000
1609060385.982637644,9.209000,2000,101,0.055000
1609060385.983315468,13.352000,2010,102,0.055000
1609060386.008414984,32.609001,2011,100,0.268000
1609060386.057616472,33.271000,2000,100,0.055000
1609060386.058115721,10.033000,2010,101,0.055000
1609060386.082396269,9.318000,2001,101,0.055000
1609060386.083435059,14.083000,2011,102,0.055000
1609060386.108352661,32.487999,2010,100,0.024000
1609060386.132599592,49.348000,2001,100,0.055000
1609060386.157629013,9.183000,2000,101,0.055000
1609060386.158296108,13.475000,2010,102,0.055000
1609060386.183379173,32.591999,2011,100,0.268000
1609060386.232589006,32.985001,2000,100,0.056000
1609060386.233130217,10.047000,2010,101,0.055000
1609060386.257745981,9.393000,2001,101,0.055000
1609060386.258488655,14.090000,2011,102,0.055000
1609060386.283377647,32.523998,2010,100,0.055000
1609060386.307583094,33.200001,2001,100,0.055000
1609060386.333290577,13.568000,2010,102,0.055000
1609060386.407578230,32.876999,2000,100,0.055000
1609060386.408104420,10.029000,2010,101,0.055000
1609060386.432416916,9.299000,2001,101,0.024000
1609060386.433313131,14.163000,2011,102,0.055000
1609060386.458331108,32.473999,2010,100,0.024000
1609060386.482546806,33.125000,2001,100,0.055000
1609060386.507586241,9.367000,2000,101,0.055000
1609060386.508355141,13.628000,2010,102,0.055000
1609060386.533341169,66.011002,2011,100,0.055000
1609060386.582595587,32.837002,2000,100,0.055000
1609060386.583323717,10.023000,2010,101,0.055000
1609060386.607596636,9.284000,2001,101,0.055000
1609060386.608291626,14.228000,2011,102,0.055000
1609060386.633285999,32.393002,2010,100,0.024000
1609060386.657545328,33.064999,2001,100,0.055000
1609060386.682585716,9.333000,2000,101,0.055000
1609060386.683291197,13.763000,2010,102,0.024000
1609060386.707623482,14.290000,2001,102,0.024000
1609060386.708393335,66.101997,2011,100,0.055000
1609060386.757568121,32.744999,2000,100,0.055000
1609060386.758309603,10.023000,2010,101,0.055000
1609060386.782588959,9.319000,2001,101,0.024000
1609060386.783377409,14.275000,2011,102,0.055000
1609060386.808289289,32.341000,2010,100,0.055000
1609060386.832576513,33.007999,2001,100,0.055000
1609060386.857585669,9.409000,2000,101,0.055000
1609060386.858290672,13.816000,2010,102,0.055000
1609060386.883351088,66.216003,2011,100,0.055000
1609060386.932615995,32.638000,2000,100,0.055000
1609060386.933460951,9.875000,2010,101,0.024000
1609060386.957573891,9.281000,2001,101,0.055000
1609060386.958287954,14.409000,2011,102,0.055000
1609060386.983349085,32.325001,2010,100,0.055000
1609060387.007571697,32.908001,2001,100,0.024000
1609060387.032608986,9.469000,2000,101,0.055000
1609060387.033284903,13.897000,2010,102,0.055000
1609060387.058307171,31.952000,2011,100,0.055000
1609060387.107568979,32.585999,2000,100,0.055000
1609060387.108262539,9.926000,2010,101,0.055000
1609060387.132585049,9.329000,2001,101,0.024000
1609060387.133292913,14.447000,2011,102,0.024000
1609060387.158315182,32.219002,2010,100,0.055000
1609060387.182572842,32.828999,2001,100,0.055000
1609060387.183337688,10.131000,2011,101,0.055000
1609060387.207613707,9.505000,2000,101,0.055000
1609060387.208313704,14.025000,2010,102,0.055000
1609060387.233272791,31.884998,2011,100,0.055000
1609060387.282576084,32.466000,2000,100,0.024000
1609060387.307589054,9.327000,2001,101,0.055000
1609060387.333284140,32.143002,2010,100,0.055000
1609060387.357545376,32.780998,2001,100,0.055000
1609060387.358275414,10.209000,2011,101,0.055000
1609060387.382538795,9.603000,2000,101,0.055000
1609060387.383295774,14.103000,2010,102,0.055000
1609060387.408346891,31.771999,2011,100,0.055000
1609060387.457536697,32.347000,2000,100,0.055000
1609060387.482537985,9.352000,2001,101,0.055000
1609060387.483337641,14.596000,2011,102,0.055000
1609060387.507545710,15.198000,2000,102,0.055000
1609060387.508293629,32.109001,2010,100,0.024000
1609060387.532557011,32.731998,2001,100,0.055000
1609060387.533281565,10.258000,2011,101,0.024000
1609060387.557595015,9.706000,2000,101,0.055000
1609060387.558333635,14.195000,2010,102,0.055000
1609060387.583285332,31.597000,2011,100,0.055000
1609060387.632566929,32.214001,2000,100,0.024000
1609060387.633283138,10.322000,2010,101,0.055000
1609060387.657572985,9.416000,2001,101,0.055000
1609060387.658301115,14.609000,2011,102,0.055000
1609060387.683258057,31.980999,2010,100,0.055000
1609060387.707561016,32.589001,2001,100,0.055000
1609060387.708284140,10.400000,2011,101,0.024000
1609060387.758255482,31.498001,2011,100,0.055000
1609060387.807558298,32.071999,2000,100,0.055000
1609060387.833267212,14.646000,2011,102,0.055000
1609060387.858247042,31.872002,2010,100,0.024000
1609060387.882555008,32.514999,2001,100,0.055000
1609060387.883258820,10.525000,2011,101,0.055000
1609060387.907505989,9.974000,2000,101,0.024000
1609060387.908308744,14.314000,2010,102,0.055000
1609060387.933271170,31.401001,2011,100,0.055000
1609060387.982548237,31.943001,2000,100,0.024000
1609060387.983359814,10.310000,2010,101,0.055000
1609060388.007516623,9.811000,2001,101,0.055000
1609060388.008266449,14.665000,2011,102,0.055000
1609060388.033269167,31.757999,2010,100,0.055000
1609060388.057538748,32.305000,2001,100,0.055000
1609060388.058337450,10.688000,2011,101,0.055000
1609060388.082512379,10.086000,2000,101,0.055000
1609060388.083314657,14.345000,2010,102,0.055000
1609060388.108259678,31.214001,2011,100,0.055000
1609060388.157563210,31.733002,2000,100,0.024000
1609060388.182533741,9.687000,2001,101,0.024000
1609060388.183401823,14.682000,2011,102,0.055000
1609060388.207588673,15.278999,2000,102,0.024000
1609060388.208276749,31.669998,2010,100,0.055000
1609060388.232069254,31.754002,2001,100,0.268000
1609060388.233305931,10.839000,2011,101,0.055000
1609060388.257481337,10.256000,2000,101,0.024000
1609060388.258284569,14.357000,2010,102,0.055000
1609060388.283336163,31.093000,2011,100,0.055000
1609060388.332504749,31.550999,2000,100,0.024000
1609060388.333261967,10.447000,2010,101,0.024000
1609060388.358283758,14.641000,2011,102,0.055000
1609060388.382536173,15.341000,2000,102,0.055000
1609060388.383318186,31.501999,2010,100,0.055000
1609060388.407543898,32.049000,2001,100,0.055000
1609060388.408184290,10.955000,2011,101,0.055000
1609060388.432553291,10.422000,2000,101,0.055000
1609060388.433231592,14.374000,2010,102,0.055000
1609060388.458227634,30.934999,2011,100,0.055000
1609060388.507509470,31.369999,2000,100,0.055000
1609060388.508235931,10.585000,2010,101,0.055000
1609060388.533256769,14.606000,2011,102,0.055000
1609060388.557549477,15.253000,2000,102,0.024000
1609060388.558264494,31.389000,2010,100,0.055000
1609060388.582535744,31.860001,2001,100,0.055000
1609060388.583074570,11.099000,2011,101,0.055000
1609060388.607518911,10.569000,2000,101,0.055000
1609060388.608235359,14.377000,2010,102,0.055000
1609060388.633245468,30.778000,2011,100,0.055000
1609060388.682549477,31.221001,2000,100,0.024000
1609060388.683291197,10.657000,2010,101,0.055000
1609060388.707480431,10.123000,2001,101,0.055000
1609060388.708267927,14.585000,2011,102,0.055000
1609060388.733237743,31.291000,2010,100,0.055000
1609060388.757088184,31.471001,2001,100,0.268000
1609060388.758056879,11.246000,2011,101,0.055000
1609060388.782475948,10.809000,2000,101,0.055000
1609060388.783283710,14.371000,2010,102,0.055000
1609060388.808203459,30.625000,2011,100,0.024000
1609060388.857539415,31.013000,2000,100,0.024000
1609060388.858277798,10.785000,2010,101,0.055000
1609060388.882471323,10.259000,2001,101,0.024000
1609060388.883223772,14.586000,2011,102,0.055000
1609060388.907489777,15.234000,2000,102,0.055000
1609060388.908260584,31.157000,2010,100,0.024000
1609060388.932061434,31.174000,2001,100,0.268000
1609060388.933028936,11.434000,2011,101,0.055000
1609060388.957309961,10.982000,2000,101,0.055000
1609060389.032492161,30.841000,2000,100,0.055000
1609060389.033251762,10.899000,2010,101,0.055000
1609060389.057459593,10.406000,2001,101,0.024000
1609060389.058216810,14.515000,2011,102,0.055000
1609060389.082521200,15.244000,2000,102,0.055000
1609060389.083189726,30.990999,2010,100,0.055000
1609060389.107035637,31.139999,2001,100,0.268000
1609060389.108225822,11.542000,2011,101,0.055000
1609060389.132273912,11.147000,2000,101,0.024000
1609060389.207522392,30.673000,2000,100,0.055000
1609060389.208205462,11.021000,2010,101,0.055000
1609060389.232489109,10.512000,2001,101,0.055000
1609060389.233220577,14.511000,2011,102,0.055000
1609060389.257507801,15.213000,2000,102,0.024000
1609060389.258263350,30.862000,2010,100,0.055000
1609060389.282073259,31.025000,2001,100,0.268000
1609060389.283278942,11.675000,2011,101,0.055000
1609060389.307296515,11.269000,2000,101,0.055000
1609060389.308276653,14.315000,2010,102,0.056000
1609060389.332494497,15.019000,2001,102,0.055000
1609060389.333265543,30.171000,2011,100,0.024000
1609060389.382503271,30.503000,2000,100,0.055000
1609060389.383088827,11.176000,2010,101,0.055000
1609060389.407508612,10.684000,2001,101,0.055000
1609060389.408243179,14.437000,2011,102,0.055000
1609060389.432519436,15.135000,2000,102,0.055000
1609060389.433396816,30.775000,2010,100,0.055000
1609060389.457063675,30.882000,2001,100,0.268000
1609060389.458322048,11.884000,2011,101,0.024000
1609060389.482475758,11.474000,2000,101,0.055000
1609060389.483281136,14.345000,2010,102,10.536000
1609060389.508244991,29.995001,2011,100,0.055000
1609060389.557475567,30.336000,2000,100,0.055000
1609060389.558227777,11.263000,2010,101,0.055000
1609060389.582431793,10.834000,2001,101,0.055000
1609060389.583225965,14.394000,2011,102,0.024000
1609060389.607490540,15.036000,2000,102,0.055000
1609060389.607982159,30.606001,2010,100,0.055000
1609060389.632000685,30.641001,2001,100,0.268000
1609060389.633296251,12.011000,2011,101,0.055000
1609060389.657310247,11.648000,2000,101,0.055000
1609060389.657765150,14.347000,2010,102,0.129000
1609060389.682500601,15.018000,2001,102,0.055000
1609060389.683252335,29.881001,2011,100,0.024000
1609060389.732489347,30.162001,2000,100,0.055000
1609060389.732986212,11.392000,2010,101,0.024000
1609060389.757457018,10.984000,2001,101,0.055000
1609060389.758221626,14.387000,2011,102,0.055000
1609060389.782525778,15.140000,2000,102,0.056000
1609060389.783124685,30.507000,2010,100,0.055000
1609060389.807064295,30.513000,2001,100,0.268000
1609060389.808227777,12.118000,2011,101,0.055000
1609060389.832386732,11.781000,2000,101,0.055000
1609060389.857464552,14.964000,2001,102,0.055000
1609060389.858193159,29.725000,2011,100,0.055000
1609060389.907469511,29.983000,2000,100,0.055000
1609060389.908289671,11.572000,2010,101,0.055000
1609060389.932452917,11.106000,2001,101,0.055000
1609060389.933197021,14.338000,2011,102,0.055000
1609060389.957511902,15.169000,2000,102,0.056000
1609060389.957737684,29.988001,2010,100,0.268000
1609060389.982035875,30.343000,2001,100,0.268000
1609060389.982771873,11.966000,2011,101,0.268000
1609060390.007285357,11.957000,2000,101,0.055000
1609060390.008327961,14.234000,2010,102,0.056000
1609060390.032433748,14.964000,2001,102,0.055000
1609060390.032968521,29.530001,2011,100,0.024000
1609060390.082429886,29.797001,2000,100,0.055000
1609060390.083214283,11.693000,2010,101,0.055000
1609060390.107441664,11.294000,2001,101,0.024000
1609060390.108223677,14.250000,2011,102,0.055000
1609060390.132492304,15.309000,2000,102,0.056000
1609060390.132747412,29.895000,2010,100,0.268000
1609060390.157036543,30.191999,2001,100,0.268000
1609060390.157737255,11.902000,2011,101,0.268000
1609060390.182263374,12.134000,2000,101,0.055000
1609060390.183392525,14.196000,2010,102,0.056000
1609060390.207425356,14.941000,2001,102,0.055000
1609060390.208226919,29.445999,2011,100,0.055000
1609060390.257459641,29.632000,2000,100,0.024000
1609060390.258022308,11.794000,2010,101,0.055000
1609060390.282401800,11.425000,2001,101,0.024000
1609060390.283242941,14.226000,2011,102,0.055000
1609060390.307674885,29.680000,2010,100,0.268000
1609060390.332018375,29.993000,2001,100,0.268000
1609060390.332862616,12.186000,2011,101,0.268000
1609060390.357255936,12.348000,2000,101,0.024000
1609060390.358299255,14.239000,2010,102,0.055000
1609060390.382416964,14.868000,2001,102,0.055000
1609060390.383057833,29.219000,2011,100,0.055000
1609060390.432497025,29.445000,2000,100,0.055000
1609060390.433264732,12.005000,2010,101,0.024000
1609060390.457445860,11.618000,2001,101,0.055000
1609060390.458181620,14.164000,2011,102,0.055000
1609060390.482501984,14.836000,2000,102,0.056000
1609060390.483201265,29.885000,2010,100,0.055000
1609060390.507041454,29.554001,2001,100,0.268000
1609060390.508276224,12.251000,2011,101,0.056000
1609060390.532424450,12.501000,2000,101,0.055000
1609060390.533260584,14.151000,2010,102,0.055000
1609060390.557443619,14.807000,2001,102,0.024000
1609060390.558292866,29.142000,2011,100,0.024000
1609060390.607407570,29.299000,2000,100,0.024000
1609060390.608227730,12.136000,2010,101,0.055000
1609060390.632441759,11.739000,2001,101,0.055000
1609060390.657500267,14.776000,2000,102,0.056000
1609060390.657714605,29.400000,2010,100,0.268000
1609060390.682006121,29.612000,2001,100,0.268000
1609060390.682720423,11.901000,2011,101,0.129000
1609060390.707254410,12.661000,2000,101,0.055000
1609060390.708151817,14.134000,2010,102,0.055000
1609060390.732446671,14.729000,2001,102,0.055000
1609060390.733227253,28.981001,2011,100,0.024000
1609060390.782442570,29.079000,2000,100,0.055000
1609060390.783307791,12.271000,2010,101,0.055000
1609060390.807425976,11.901000,2001,101,0.055000
1609060390.808210373,14.070000,2011,102,0.055000
1609060390.832509756,14.846000,2000,102,0.056000
1609060390.833127022,29.612000,2010,100,0.024000
1609060390.857416630,29.863001,2001,100,0.024000
1609060390.858172178,13.058000,2011,101,0.055000
1609060390.882228374,12.875000,2000,101,0.055000
1609060390.883156538,14.019000,2010,102,0.055000
1609060390.907377005,14.749000,2001,102,0.055000
1609060390.908311129,28.826000,2011,100,0.055000
1609060390.957398891,28.908001,2000,100,0.055000
1609060390.958216429,12.332000,2010,101,0.055000
1609060390.982407331,12.061000,2001,101,0.055000
1609060391.007507801,14.592000,2000,102,0.056000
1609060391.008172035,29.424999,2010,100,0.024000
1609060391.031975269,29.235001,2001,100,0.268000
1609060391.032733440,12.890000,2011,101,0.268000
1609060391.057224989,13.050000,2000,101,0.055000
1609060391.058188200,14.009000,2010,102,0.055000
1609060391.082432270,14.708000,2001,102,0.055000
1609060391.083259821,28.707001,2011,100,0.055000
1609060391.132412910,28.715000,2000,100,0.055000
1609060391.133266926,12.555000,2010,101,0.055000
1609060391.157408714,12.272000,2001,101,0.024000
1609060391.158266306,13.830000,2011,102,0.056000
1609060391.206960201,29.136000,2001,100,0.268000
1609060391.208129168,13.356000,2011,101,0.055000
1609060391.232390881,13.191000,2000,101,0.055000
1609060391.233148098,14.007000,2010,102,0.024000
1609060391.257381916,14.634000,2001,102,0.055000
1609060391.258303881,28.513000,2011,100,0.024000
1609060391.307451010,28.538000,2000,100,0.024000
1609060391.308207512,12.685000,2010,101,0.055000
1609060391.332393646,12.431000,2001,101,0.055000
1609060391.333420515,13.998000,2011,102,0.268000
1609060391.357431412,14.411000,2000,102,0.056000
1609060391.357700825,28.785999,2010,100,0.268000
1609060391.381960630,28.972000,2001,100,0.268000
1609060391.383154869,13.534000,2011,101,0.055000
1609060391.407460213,13.395000,2000,101,0.024000
1609060391.408148527,13.875000,2010,102,0.055000
1609060391.432430506,14.507000,2001,102,0.055000
1609060391.433259010,28.402000,2011,100,0.055000
1609060391.482372046,28.365000,2000,100,0.055000
1609060391.483192682,12.743000,2010,101,0.055000
1609060391.507439852,12.564000,2001,101,0.055000
1609060391.532411575,14.300000,2000,102,0.055000
1609060391.533420563,29.107000,2010,100,0.055000
1609060391.557438612,29.216999,2001,100,0.055000
1609060391.557683706,13.304000,2011,101,0.268000
1609060391.582361698,13.535000,2000,101,0.055000
1609060391.583186150,13.850000,2010,102,0.055000
1609060391.607424974,14.436000,2001,102,0.055000
1609060391.608232737,28.257000,2011,100,0.024000
1609060391.657405853,28.181000,2000,100,0.055000
1609060391.658114195,12.931000,2010,101,0.055000
1609060391.682405233,12.740000,2001,101,0.055000
1609060391.707370996,14.199000,2000,102,0.055000
1609060391.708266735,28.957001,2010,100,0.055000
1609060391.732403994,29.047001,2001,100,0.055000
1609060391.732681513,13.442000,2011,101,0.268000
1609060391.757396936,13.746000,2000,101,0.024000
1609060391.758132458,13.819000,2010,102,0.055000
1609060391.782394409,14.401000,2001,102,0.055000
1609060391.783218145,28.066000,2011,100,0.055000
1609060391.832426310,28.004000,2000,100,0.024000
1609060391.833184719,13.076000,2010,101,0.055000
1609060391.857373476,12.907000,2001,101,0.024000
1609060391.858200312,13.668000,2011,102,0.056000
1609060391.882427216,14.160000,2000,102,0.055000
1609060391.883174181,28.848000,2010,100,0.055000
1609060391.907456875,28.832001,2001,100,0.055000
1609060391.908252239,13.950000,2011,101,0.055000
1609060391.933140516,13.700000,2010,102,0.055000
1609060391.957404137,14.258000,2001,102,0.024000
1609060391.958220005,27.923000,2011,100,0.055000
1609060392.007412672,27.820999,2000,100,0.024000
1609060392.008219004,13.227000,2010,101,0.024000
1609060392.032505274,13.067000,2001,101,0.055000
1609060392.057428598,14.054000,2000,102,0.055000
1609060392.057683229,28.212000,2010,100,0.268000
1609060392.081905365,28.165001,2001,100,0.268000
1609060392.082930803,14.095000,2011,101,0.024000
1609060392.106940985,13.612000,2000,101,0.268000
1609060392.108118296,13.673000,2010,102,0.055000
1609060392.132436514,14.232000,2001,102,0.055000
1609060392.133272171,27.781000,2011,100,0.055000
1609060392.182358027,27.639999,2000,100,0.055000
1609060392.183160543,13.365000,2010,101,0.024000
1609060392.207389355,13.261000,2001,101,0.055000
1609060392.208177567,13.289000,2011,102,0.056000
1609060392.232435226,13.968000,2000,102,0.055000
1609060392.233106613,28.452000,2010,100,0.055000
1609060392.256892681,28.035999,2001,100,0.268000
1609060392.257692814,13.844000,2011,101,0.268000
1609060392.282357931,14.279000,2000,101,0.024000
1609060392.283167601,13.555000,2010,102,0.055000
1609060392.307360172,14.163000,2001,102,0.024000
1609060392.308240414,27.645000,2011,100,0.055000
1609060392.357399702,27.459000,2000,100,0.055000
1609060392.358181953,13.457000,2010,101,0.055000
1609060392.382152081,13.435000,2001,101,0.055000
1609060392.383186102,13.222000,2011,102,0.056000
1609060392.407407284,13.812000,2000,102,0.055000
1609060392.407894373,28.322001,2010,100,0.055000
1609060392.432357073,28.302000,2001,100,0.055000
1609060392.433149099,14.338000,2011,101,0.055000
1609060392.457364321,14.410000,2000,101,0.055000
1609060392.458117723,13.516000,2010,102,0.055000
1609060392.482373476,14.071000,2001,102,0.055000
1609060392.483192921,27.549000,2011,100,0.055000
1609060392.532433510,27.290001,2000,100,0.055000
1609060392.533179283,13.671000,2010,101,0.055000
1609060392.557385206,13.599000,2001,101,0.055000
1609060392.558124304,13.100000,2011,102,0.055000
1609060392.582400799,13.737000,2000,102,0.055000
1609060392.583173752,28.188999,2010,100,0.055000
1609060392.607416153,28.160000,2001,100,0.055000
1609060392.607657194,14.069000,2011,101,0.268000
1609060392.632416248,14.611000,2000,101,0.055000
1609060392.633145332,13.407000,2010,102,0.055000
1609060392.657371283,13.964000,2001,102,0.055000
1609060392.658160925,27.389000,2011,100,0.024000
1609060392.707342386,27.131001,2000,100,0.055000
1609060392.708142281,13.764000,2010,101,0.024000
1609060392.732381821,13.771000,2001,101,0.024000
1609060392.733087540,12.994000,2011,102,0.024000
1609060392.757373571,13.608000,2000,102,0.055000
1609060392.757614374,27.688999,2010,100,0.268000
1609060392.782369375,27.993000,2001,100,0.055000
1609060392.782972097,14.590000,2011,101,0.055000
1609060392.807403326,14.774000,2000,101,0.024000
1609060392.808114529,13.375000,2010,102,0.055000
1609060392.832472324,13.914000,2001,102,0.055000
1609060392.833171368,27.273001,2011,100,0.055000
1609060392.882397413,26.986000,2000,100,0.055000
1609060392.883177996,13.928000,2010,101,0.055000
1609060392.907351017,13.931000,2001,101,0.055000
1609060392.908149004,12.887000,2011,102,0.024000
1609060392.932413816,13.484000,2000,102,0.055000
1609060392.933076382,27.979000,2010,100,0.024000
1609060392.957408667,27.797001,2001,100,0.055000
1609060392.958216667,14.716000,2011,101,0.055000
1609060392.982371092,14.926000,2000,101,0.024000
1609060392.983157635,13.267000,2010,102,0.055000
1609060393.007414579,13.794000,2001,102,0.055000
1609060393.008162737,27.162001,2011,100,0.055000
1609060393.057360888,26.840000,2000,100,0.055000
1609060393.058151007,14.061000,2010,101,0.055000
1609060393.082144260,14.135000,2001,101,0.055000
1609060393.083148956,12.741000,2011,102,0.055000
1609060393.107430458,13.369000,2000,102,0.024000
1609060393.108111382,27.851999,2010,100,0.055000
1609060393.132405519,27.636999,2001,100,0.055000
1609060393.133161068,14.872000,2011,101,0.024000
1609060393.157407045,15.069000,2000,101,0.055000
1609060393.158113718,13.232000,2010,102,0.055000
1609060393.182359934,13.704000,2001,102,0.055000
1609060393.182928562,27.028000,2011,100,0.055000
1609060393.232347488,26.701000,2000,100,0.055000
1609060393.233110666,14.138000,2010,101,0.055000
1609060393.257143497,14.290000,2001,101,0.055000
1609060393.258105040,12.687000,2011,102,0.055000
1609060393.282367468,13.233000,2000,102,0.055000
1609060393.283151150,27.778999,2010,100,0.055000
1609060393.307373285,27.490999,2001,100,0.055000
1609060393.308120489,14.977000,2011,101,0.024000
1609060393.331914902,14.698000,2000,101,0.268000
1609060393.333041668,13.123000,2010,102,0.055000
1609060393.357380629,13.517000,2001,102,0.055000
1609060393.357927561,26.936001,2011,100,0.055000
1609060393.407356024,26.572001,2000,100,0.055000
1609060393.408049107,14.246000,2010,101,0.055000
1609060393.432336092,14.401000,2001,101,0.055000
1609060393.433059454,12.581000,2011,102,0.055000
1609060393.457395792,13.114000,2000,102,0.055000
1609060393.457593441,27.290001,2010,100,0.268000
1609060393.482364178,27.344000,2001,100,0.024000
1609060393.483141899,15.103000,2011,101,0.055000
1609060393.507377386,15.378000,2000,101,0.055000
1609060393.508110762,13.064000,2010,102,0.055000
1609060393.532414198,13.490000,2001,102,0.055000
1609060393.533038616,26.858000,2011,100,0.055000
1609060393.582341909,26.458000,2000,100,0.055000
1609060393.583169699,14.392000,2010,101,0.055000
1609060393.607333422,14.566000,2001,101,0.055000
1609060393.608065367,12.479000,2011,102,0.024000
1609060393.632389307,13.007000,2000,102,0.055000
1609060393.633040428,27.275000,2010,100,0.268000
1609060393.657399654,27.212999,2001,100,0.024000
1609060393.657597780,14.724000,2011,101,0.268000
1609060393.681921482,14.962000,2000,101,0.268000
1609060393.683200598,13.069000,2010,102,0.055000
1609060393.707372904,13.379000,2001,102,0.055000
1609060393.708053112,26.790001,2011,100,0.055000
1609060393.757294655,26.362000,2000,100,0.024000
1609060393.758037806,14.445000,2010,101,0.055000
1609060393.782349110,14.706000,2001,101,0.055000
1609060393.783204317,12.349000,2011,102,0.055000
1609060393.807320356,12.881000,2000,102,0.055000
1609060393.807577848,27.184999,2010,100,0.268000
1609060393.832129240,27.099001,2001,100,0.055000
1609060393.833086252,15.185000,2011,101,0.055000
1609060393.856879473,15.201000,2000,101,0.268000
1609060393.858143806,13.048000,2010,102,0.055000
1609060393.882331848,13.441000,2001,102,0.055000
1609060393.883055687,26.736000,2011,100,0.055000
1609060393.932327032,26.268000,2000,100,0.055000
1609060393.933064461,14.573000,2010,101,0.055000
1609060393.958392859,14.784000,2001,101,0.055000
1609060393.958567142,12.326000,2011,102,0.055000
1609060393.982328176,12.760000,2000,102,0.024000
1609060393.983145475,27.452999,2010,100,0.055000
1609060394.007355452,26.982000,2001,100,0.055000
1609060394.008188486,15.287001,2011,101,0.024000
1609060394.032319784,15.636000,2000,101,0.055000
1609060394.033116817,12.987000,2010,102,0.055000
1609060394.056898355,13.088000,2001,102,0.268000
1609060394.058045626,26.650999,2011,100,0.055000
1609060394.107316971,26.191000,2000,100,0.024000
1609060394.108159065,14.622000,2010,101,0.055000
1609060394.133066654,12.232000,2011,102,0.055000
1609060394.157332659,12.635000,2000,102,0.055000
1609060394.157553196,27.017000,2010,100,0.268000
1609060394.182313919,26.874001,2001,100,0.055000
1609060394.183158398,15.393000,2011,101,0.055000
1609060394.207335472,15.775999,2000,101,0.024000
1609060394.207865000,12.796000,2010,102,0.055000
1609060394.231874466,12.895000,2001,102,0.268000
1609060394.233008623,26.639000,2011,100,0.055000
1609060394.282280207,26.108000,2000,100,0.055000
1609060394.283164263,14.668000,2010,101,0.055000
1609060394.307358265,15.092000,2001,101,0.024000
1609060394.308073521,12.106000,2011,102,0.055000
1609060394.332337141,12.513000,2000,102,0.055000
1609060394.332547188,26.959000,2010,100,0.268000
1609060394.357318401,26.749001,2001,100,0.055000
1609060394.358117580,15.417999,2011,101,0.055000
1609060394.382337332,15.870001,2000,101,0.055000
1609060394.383186340,12.845000,2010,102,0.055000
1609060394.407357454,13.113000,2001,102,0.055000
1609060394.408068895,26.584999,2011,100,0.055000
1609060394.457287550,25.983000,2000,100,0.055000
1609060394.458079576,14.758000,2010,101,0.055000
1609060394.482309103,15.176000,2001,101,0.055000
1609060394.483026028,12.046000,2011,102,0.055000
1609060394.507330894,12.389000,2000,102,0.024000
1609060394.508023024,27.139000,2010,100,0.055000
1609060394.532340050,26.641001,2001,100,0.055000
1609060394.533099174,15.528999,2011,101,0.055000
1609060394.557354212,15.917999,2000,101,0.055000
1609060394.558123350,12.763000,2010,102,0.055000
1609060394.582311392,13.058000,2001,102,0.055000
1609060394.583069086,26.528999,2011,100,0.055000
1609060394.632270575,25.938999,2000,100,0.055000
1609060394.633117437,14.845000,2010,101,0.055000
1609060394.657350302,15.290001,2001,101,0.055000
1609060394.658066273,11.905000,2011,102,0.055000
1609060394.682290792,12.252000,2000,102,0.055000
1609060394.683083773,26.905001,2010,100,0.055000
1609060394.707329512,26.535000,2001,100,0.024000
1609060394.708020449,15.554001,2011,101,0.055000
1609060394.732331514,15.900000,2000,101,0.055000
1609060394.733125925,12.671000,2010,102,0.055000
1609060394.757346392,12.951000,2001,102,0.055000
1609060394.758038282,26.488001,2011,100,0.024000
1609060394.807268620,25.879000,2000,100,0.024000
1609060394.808041334,14.973000,2010,101,0.055000
1609060394.832322598,15.393999,2001,101,0.024000
1609060394.833008528,11.801000,2011,102,0.055000
1609060394.857293606,12.122000,2000,102,0.055000
1609060394.858018637,26.948000,2010,100,0.055000
1609060394.882307529,26.427000,2001,100,0.055000
1609060394.883089304,15.650999,2011,101,0.055000
1609060394.907319307,16.132000,2000,101,0.055000
1609060394.908093691,12.588000,2010,102,0.024000
1609060394.931877375,12.429000,2001,102,0.268000
1609060394.933264494,26.482000,2011,100,0.024000
1609060394.982258797,25.820000,2000,100,0.055000
1609060394.983058929,15.058000,2010,101,0.055000
1609060395.007328987,15.500000,2001,101,0.055000
1609060395.008036613,11.685000,2011,102,0.055000
1609060395.032279968,11.971000,2000,102,0.055000
1609060395.033069372,26.905001,2010,100,0.055000
1609060395.057286024,26.326000,2001,100,0.055000
1609060395.058095217,15.708000,2011,101,0.055000
1609060395.082323074,16.177000,2000,101,0.055000
1609060395.083090305,12.490000,2010,102,0.055000
1609060395.106867552,12.098000,2001,102,0.129000
1609060395.108015299,26.399000,2011,100,0.024000
1609060395.157257557,25.716000,2000,100,0.055000
1609060395.157816410,15.066000,2010,101,0.055000
1609060395.182316065,15.615999,2001,101,0.055000
1609060395.183095455,11.539000,2011,102,0.055000
1609060395.207350016,11.827000,2000,102,0.055000
1609060395.208110809,26.825001,2010,100,0.024000
1609060395.232285023,26.215000,2001,100,0.055000
1609060395.233080149,15.728001,2011,101,0.055000
1609060395.257333040,16.257999,2000,101,0.055000
1609060395.258085012,12.350000,2010,102,0.055000
1609060395.282301188,12.571000,2001,102,0.055000
1609060395.283069611,26.364000,2011,100,0.055000
1609060395.332259417,25.697001,2000,100,0.055000
1609060395.333051920,15.190000,2010,101,0.055000
1609060395.357316017,15.724001,2001,101,0.055000
1609060395.358108521,11.484000,2011,102,0.055000
1609060395.383050442,26.700001,2010,100,0.055000
1609060395.407264709,26.115999,2001,100,0.055000
1609060395.407819986,15.716000,2011,101,0.055000
1609060395.432261467,16.334000,2000,101,0.055000
1609060395.433171034,12.228000,2010,102,0.055000
1609060395.456862211,11.986000,2001,102,0.268000
1609060395.458016396,26.327000,2011,100,0.024000
1609060395.507246256,25.643000,2000,100,0.055000
1609060395.507978439,15.281000,2010,101,0.055000
1609060395.532283783,15.841999,2001,101,0.024000
1609060395.533210754,11.360000,2011,102,0.055000
1609060395.557305098,11.510000,2000,102,0.055000
1609060395.557973623,26.600000,2010,100,0.055000
1609060395.582275391,26.025000,2001,100,0.055000
1609060395.583188295,15.848000,2011,101,0.055000
1609060395.607293367,16.365000,2000,101,0.055000
1609060395.608079910,12.085000,2010,102,0.055000
1609060395.631834030,11.511000,2001,102,0.129000
1609060395.633087158,26.232000,2011,100,0.056000
1609060395.682284117,25.597000,2000,100,0.055000
1609060395.682982683,15.372000,2010,101,0.055000
1609060395.707257509,15.945999,2001,101,0.055000
1609060395.707992554,11.224000,2011,102,0.055000
1609060395.732257605,11.344000,2000,102,0.055000
1609060395.732974529,26.551001,2010,100,0.055000
1609060395.757290125,25.919001,2001,100,0.055000
1609060395.758061171,15.903000,2011,101,0.055000
1609060395.782249928,16.525999,2000,101,0.055000
1609060395.783001661,11.945000,2010,102,0.055000
1609060395.806778193,10.960000,2001,102,0.129000
1609060395.808002472,26.264999,2011,100,0.055000
1609060395.857260466,25.556000,2000,100,0.055000
1609060395.857979774,15.462999,2010,101,0.055000
1609060395.882249832,16.059000,2001,101,0.055000
1609060395.883049011,11.100000,2011,102,0.024000
1609060395.907252550,11.183000,2000,102,0.055000
1609060395.907981873,26.437000,2010,100,0.055000
1609060395.932258129,25.834999,2001,100,0.055000
1609060395.933038712,15.917000,2011,101,0.055000
1609060395.957260370,16.511999,2000,101,0.055000
1609060395.957513809,11.876000,2010,102,0.268000
1609060396.032219648,25.492001,2000,100,0.055000
1609060396.033082247,15.552000,2010,101,0.055000
1609060396.057234526,16.170000,2001,101,0.024000
1609060396.058007002,10.929000,2011,102,0.055000
1609060396.082250118,10.999000,2000,102,0.055000
1609060396.082997322,26.447001,2010,100,0.055000
1609060396.107261896,25.750999,2001,100,0.055000
1609060396.108015537,16.002001,2011,101,0.055000
1609060396.132283688,16.533001,2000,101,0.055000
1609060396.133090496,11.721000,2010,102,0.055000
1609060396.157289982,11.403000,2001,102,0.268000
1609060396.157980442,26.434999,2011,100,0.056000
1609060396.207219124,25.509001,2000,100,0.024000
1609060396.207963467,15.636999,2010,101,0.055000
1609060396.232257605,16.264000,2001,101,0.055000
1609060396.232977867,10.864000,2011,102,0.055000
1609060396.257283688,10.821000,2000,102,0.055000
1609060396.257960081,26.346001,2010,100,0.024000
1609060396.282274485,25.671000,2001,100,0.055000
1609060396.307258606,16.625000,2000,101,0.055000
1609060396.382204533,25.374001,2000,100,0.055000
1609060396.382992268,15.714001,2010,101,0.024000
1609060396.407258987,16.368000,2001,101,0.055000
1609060396.407989502,10.700000,2011,102,0.055000
1609060396.432244301,10.635000,2000,102,0.055000
1609060396.432975292,26.292999,2010,100,0.024000
1609060396.457234144,25.611000,2001,100,0.055000
1609060396.457734585,16.091000,2011,101,0.024000
1609060396.482234478,16.725000,2000,101,0.024000
1609060396.507257223,11.449000,2001,102,0.055000
1609060396.507941484,26.315001,2011,100,0.056000
1609060396.557252407,25.389000,2000,100,0.268000
1609060396.557943821,15.789000,2010,101,0.055000
1609060396.582265615,16.461000,2001,101,0.055000
1609060396.583042383,10.551000,2011,102,0.055000
1609060396.607220888,10.463000,2000,102,0.055000
1609060396.607922792,26.247000,2010,100,0.024000
1609060396.632222176,25.566999,2001,100,0.055000
1609060396.632917643,16.098000,2011,101,0.055000
1609060396.657232761,16.775000,2000,101,0.055000
1609060396.657752752,11.840000,2010,102,0.055000
1609060396.682268143,11.266000,2001,102,0.024000
1609060396.682535172,25.723000,2011,100,10.536000
1609060396.732227564,25.503000,2000,100,0.055000
1609060396.757237434,16.524000,2001,101,0.055000
1609060396.758029938,10.443000,2011,102,0.055000
1609060396.781981230,10.282000,2000,102,0.055000
1609060396.783021212,26.254000,2010,100,0.056000
1609060396.807261705,25.530001,2001,100,0.055000
1609060396.807928324,16.108999,2011,101,0.055000
1609060396.832242966,16.759001,2000,101,0.055000
1609060396.832751036,11.663000,2010,102,0.055000
1609060396.857261896,11.070000,2001,102,0.055000
1609060396.858047962,18.862000,2011,100,0.056000
1609060396.907156706,25.667999,2000,100,0.055000
1609060396.932235956,16.546000,2001,101,0.055000
1609060396.932708979,10.215000,2011,102,0.055000
1609060396.957220316,10.102000,2000,102,0.055000
1609060396.958006859,26.215000,2010,100,0.056000
1609060396.982219458,25.518999,2001,100,0.055000
1609060396.982986450,16.125000,2011,101,0.024000
1609060397.007259607,16.853001,2000,101,0.055000
1609060397.032289028,10.899000,2001,102,0.055000
1609060397.033001661,26.296000,2011,100,10.536000
1609060397.082201958,25.639999,2000,100,0.055000
1609060397.083007097,15.943001,2010,101,0.055000
1609060397.107213020,16.672001,2001,101,0.055000
1609060397.108015537,10.154000,2011,102,0.024000
1609060397.132184505,9.912000,2000,102,0.024000
1609060397.132970572,26.493999,2010,100,0.056000
1609060397.157219887,25.533001,2001,100,0.055000
1609060397.157938480,16.122999,2011,101,0.055000
1609060397.182256222,16.830999,2000,101,0.055000
1609060397.207242727,10.716000,2001,102,0.055000
1609060397.207983494,26.167000,2011,100,0.055000
1609060397.257174253,25.683001,2000,100,0.024000
1609060397.257918358,15.952000,2010,101,0.055000
1609060397.282269001,16.669001,2001,101,0.055000
1609060397.283036709,10.005000,2011,102,0.055000
1609060397.307236195,9.730000,2000,102,0.055000
1609060397.307908773,26.212999,2010,100,0.056000
1609060397.332212687,25.542000,2001,100,0.055000
1609060397.332965851,16.117001,2011,101,0.024000
1609060397.357251167,16.798000,2000,101,0.055000
1609060397.382186651,10.520000,2001,102,0.055000
1609060397.382959127,26.398001,2011,100,0.024000
1609060397.432179689,25.808001,2000,100,0.024000
1609060397.457197666,16.695999,2001,101,0.055000
1609060397.457978249,9.871000,2011,102,0.055000
1609060397.482185364,9.543000,2000,102,0.055000
1609060397.482965469,26.283001,2010,100,0.056000
1609060397.507177114,25.587999,2001,100,0.024000
1609060397.507882357,16.094000,2011,101,0.024000
1609060397.532280445,16.795000,2000,101,0.056000
1609060397.557170630,10.313000,2001,102,0.055000
1609060397.557901859,26.487000,2011,100,0.055000
1609060397.607144117,25.896999,2000,100,0.055000
1609060397.632231712,16.723000,2001,101,0.055000
1609060397.632997990,9.764000,2011,102,0.055000
1609060397.657189369,9.363000,2000,102,0.024000
1609060397.658067942,26.287001,2010,100,0.056000
1609060397.682224274,25.628000,2001,100,0.055000
1609060397.682987452,16.070999,2011,101,0.055000
1609060397.707251310,16.702000,2000,101,0.056000
1609060397.731724262,9.694000,2001,102,0.268000
1609060397.732938290,26.563999,2011,100,0.024000
1609060397.782166481,25.969999,2000,100,0.055000
1609060397.807180405,16.660000,2001,101,0.055000
1609060397.832278252,9.180000,2000,102,0.055000
1609060397.832985163,26.406000,2010,100,0.056000
1609060397.857206583,25.687000,2001,100,0.055000
1609060397.857919455,16.055000,2011,101,0.055000
1609060397.882209778,17.327000,2000,101,0.056000
1609060397.907178164,9.923000,2001,102,0.024000
1609060397.907881737,26.677999,2011,100,0.055000
1609060397.957125425,26.055000,2000,100,0.055000
1609060397.982181311,16.733000,2001,101,0.055000
1609060397.983001709,9.447000,2011,102,0.055000
1609060398.007215261,9.000000,2000,102,0.055000
1609060398.007955551,26.441000,2010,100,0.055000
1609060398.057261229,16.735001,2000,101,0.056000
1609060398.082166910,9.711000,2001,102,0.024000
1609060398.082925797,26.797001,2011,100,0.055000
1609060398.132134676,26.230000,2000,100,0.055000
1609060398.132904768,16.014999,2010,101,0.055000
1609060398.157185555,16.697001,2001,101,0.055000
1609060398.182206869,8.832000,2000,102,0.055000
1609060398.183021307,26.497000,2010,100,0.024000
1609060398.232187271,17.191999,2000,101,0.056000
1609060398.256702185,9.042000,2001,102,0.268000
1609060398.257898569,26.912001,2011,100,0.055000
1609060398.307118416,26.372000,2000,100,0.055000
1609060398.307929993,16.013000,2010,101,0.055000
1609060398.332205534,16.725000,2001,101,0.055000
1609060398.357281208,8.615000,2000,102,0.055000
1609060398.357892752,26.605000,2010,100,0.055000
1609060398.382183075,25.990999,2001,100,0.055000
1609060398.407260418,16.393999,2000,101,10.536000
1609060398.407984734,9.755000,2010,102,0.055000
1609060398.432195425,9.300000,2001,102,0.055000
1609060398.432909727,27.051001,2011,100,0.055000
1609060398.482137918,26.530001,2000,100,0.055000
1609060398.507236481,16.632999,2001,101,10.536000
1609060398.532167435,8.509000,2000,102,0.055000
1609060398.532893896,26.695999,2010,100,0.024000
1609060398.557186365,26.073000,2001,100,0.055000
1609060398.557912111,16.082001,2011,101,0.055000
1609060398.582200050,16.520000,2000,101,0.056000
1609060398.582904577,9.393000,2010,102,0.055000
1609060398.607141018,9.102000,2001,102,0.055000
1609060398.607918978,27.183001,2011,100,0.055000
1609060398.657128572,26.705999,2000,100,0.055000
1609060398.657872915,16.034000,2010,101,0.055000
1609060398.681695700,16.680000,2001,101,0.268000
1609060398.707200050,8.352000,2000,102,0.055000
1609060398.707957029,26.836000,2010,100,0.055000
1609060398.732138395,26.197001,2001,100,0.055000
1609060398.757190943,16.500000,2000,101,0.055000
1609060398.757903099,9.442000,2010,102,0.055000
1609060398.782167673,8.914000,2001,102,0.055000
1609060398.782945156,27.323999,2011,100,0.055000
1609060398.832139254,26.846001,2000,100,0.055000
1609060398.832839012,15.941999,2010,101,0.055000
1609060398.857218266,16.583000,2001,101,0.056000
1609060398.882155657,8.208000,2000,102,0.055000
1609060398.882937670,26.891001,2010,100,0.024000
1609060398.907129049,26.320999,2001,100,0.055000
1609060398.932162762,16.440001,2000,101,0.055000
1609060398.932864189,9.227000,2010,102,0.055000
1609060398.957148552,8.705000,2001,102,0.055000
1609060398.957902908,27.507000,2011,100,0.055000
1609060399.007116079,27.063999,2000,100,0.055000
1609060399.007900715,15.986000,2010,101,0.024000
1609060399.032163858,16.612000,2001,101,0.055000
1609060399.057185173,8.075000,2000,102,0.055000
1609060399.057878256,27.002001,2010,100,0.055000
1609060399.082118273,26.461000,2001,100,0.055000
1609060399.107093096,16.368999,2000,101,0.055000
1609060399.132149220,8.516000,2001,102,0.055000
1609060399.132850170,27.653999,2011,100,0.055000
1609060399.182121277,27.246000,2000,100,0.024000
1609060399.182917118,15.922001,2010,101,0.055000
1609060399.207179308,16.628000,2001,101,0.024000
1609060399.232133150,7.944000,2000,102,0.055000
1609060399.232849836,27.069000,2010,100,0.024000
1609060399.257121086,26.608999,2001,100,0.055000
1609060399.257871151,15.698000,2011,101,0.055000
1609060399.282131672,16.256001,2000,101,0.055000
1609060399.283015728,8.959000,2010,102,0.055000
1609060399.307212591,8.308000,2001,102,0.055000
1609060399.307851076,27.839001,2011,100,0.024000
1609060399.357101917,27.447001,2000,100,0.024000
1609060399.357863188,15.936001,2010,101,0.024000
1609060399.382120609,16.548000,2001,101,0.055000
1609060399.407155037,7.855000,2000,102,0.055000
1609060399.407900095,27.195999,2010,100,0.055000
1609060399.432133198,26.771000,2001,100,0.055000
1609060399.433005333,15.591000,2011,101,0.055000
1609060399.457165003,16.250000,2000,101,0.055000
1609060399.457837582,8.815000,2010,102,0.055000
1609060399.482131958,8.190000,2001,102,0.055000
1609060399.482887268,27.997000,2011,100,0.055000
1609060399.532154322,27.639000,2000,100,0.024000
1609060399.532846212,15.903000,2010,101,0.055000
1609060399.557192087,16.438999,2001,101,0.056000
1609060399.557854176,8.474000,2011,102,0.024000
1609060399.582120657,7.779000,2000,102,0.055000
1609060399.582887173,27.320999,2010,100,0.055000
1609060399.607080221,26.929001,2001,100,0.055000
1609060399.632184267,16.129000,2000,101,0.055000
1609060399.632861137,8.630000,2010,102,0.024000
1609060399.657117367,8.041000,2001,102,0.055000
1609060399.657379389,28.048000,2011,100,0.268000
1609060399.707131863,27.839001,2000,100,0.055000
1609060399.707833529,15.906000,2010,101,0.055000
1609060399.757086754,7.724000,2000,102,0.024000
1609060399.757905483,27.507999,2010,100,0.055000
1609060399.782096148,27.091000,2001,100,0.055000
1609060399.782865286,15.450001,2011,101,0.055000
1609060399.807169437,16.069000,2000,101,0.024000
1609060399.808014870,8.554000,2010,102,0.055000
1609060399.832139969,7.917000,2001,102,0.055000
1609060399.832417965,27.976999,2011,100,0.268000
1609060399.882090569,28.034000,2000,100,0.055000
1609060399.882882595,15.872999,2010,101,0.055000
1609060399.907144308,16.233000,2001,101,0.055000
1609060399.907912016,8.376000,2011,102,0.055000
1609060399.932133198,7.694000,2000,102,0.055000
1609060399.932855368,27.594999,2010,100,0.055000
1609060399.957164288,27.264999,2001,100,0.024000
1609060399.957865715,15.416000,2011,101,0.055000
1609060399.982131481,15.961000,2000,101,0.024000
1609060399.982837677,8.467000,2010,102,0.055000
1609060400.007152319,7.812000,2001,102,0.055000
1609060400.007820368,28.379999,2011,100,0.055000
1609060400.057116270,28.222000,2000,100,0.024000
1609060400.057865858,15.829000,2010,101,0.055000
1609060400.082086325,16.333000,2001,101,0.055000
1609060400.082825661,8.274000,2011,102,0.055000
1609060400.107821226,27.714001,2010,100,0.024000
1609060400.132823706,15.299000,2011,101,0.055000
1609060400.157072306,15.822001,2000,101,0.055000
1609060400.157856226,8.358000,2010,102,0.055000
1609060400.182159662,7.723000,2001,102,0.055000
1609060400.182893276,28.601000,2011,100,0.055000
1609060400.232090950,28.403999,2000,100,0.055000
1609060400.232935190,15.775999,2010,101,0.055000
1609060400.257125616,16.171000,2001,101,0.055000
1609060400.257841825,8.328000,2011,102,0.055000
1609060400.282100677,7.884000,2000,102,0.055000
1609060400.282848120,27.834000,2010,100,0.055000
1609060400.307125807,27.597000,2001,100,0.055000
1609060400.307604313,15.211000,2011,101,0.055000
1609060400.332097769,15.701000,2000,101,0.055000
1609060400.332808495,8.296000,2010,102,0.055000
1609060400.357182264,7.666000,2001,102,0.055000
1609060400.407094240,28.587000,2000,100,0.024000
1609060400.407864809,15.764000,2010,101,0.055000
1609060400.432081699,16.224001,2001,101,0.055000
1609060400.432850599,8.367000,2011,102,0.055000
1609060400.457155704,7.781000,2000,102,0.024000
1609060400.457839489,27.910000,2010,100,0.055000
1609060400.482074261,27.724001,2001,100,0.055000
1609060400.482944250,15.223000,2011,101,0.055000
1609060400.507118940,15.587000,2000,101,0.055000
1609060400.507868052,8.291000,2010,102,0.055000
1609060400.532129288,7.617000,2001,102,0.055000
1609060400.532841444,28.809999,2011,100,0.055000
1609060400.582063675,28.782000,2000,100,0.024000
1609060400.582887173,15.705999,2010,101,0.055000
1609060400.607103348,15.896000,2001,101,0.055000
1609060400.607805967,8.418000,2011,102,0.055000
1609060400.632097721,7.769000,2000,102,0.024000
1609060400.632791281,28.030001,2010,100,0.055000
1609060400.657082319,27.889999,2001,100,0.024000
1609060400.657883167,15.112000,2011,101,0.055000
1609060400.682132006,15.516001,2000,101,0.024000
1609060400.682810545,8.228000,2010,102,0.055000
1609060400.707146406,7.584000,2001,102,0.055000
1609060400.707844257,28.886999,2011,100,0.055000
1609060400.757109404,28.858000,2000,100,0.055000
1609060400.757887363,15.649000,2010,101,0.055000
1609060400.782106161,16.101999,2001,101,0.055000
1609060400.782876253,8.453000,2011,102,0.055000
1609060400.807083368,7.845000,2000,102,0.024000
1609060400.807827950,28.038000,2010,100,0.055000
1609060400.832094908,27.969999,2001,100,0.024000
1609060400.832848549,15.061000,2011,101,0.024000
1609060400.857097626,15.427000,2000,101,0.055000
1609060400.857874632,8.216000,2010,102,0.056000
1609060400.882128716,7.581000,2001,102,0.024000
1609060400.882838488,28.871000,2011,100,0.055000
1609060400.932065010,28.954000,2000,100,0.024000
1609060400.932826281,15.684000,2010,101,0.055000
1609060400.957101583,16.035000,2001,101,0.055000
1609060400.957830191,8.454000,2011,102,0.055000
1609060400.982120991,7.853000,2000,102,0.055000
1609060400.982874155,28.038000,2010,100,0.055000
1609060401.007195711,28.049000,2001,100,0.024000
1609060401.007878780,14.990000,2011,101,0.024000
1609060401.032070875,15.351000,2000,101,0.024000
1609060401.057100296,7.541000,2001,102,0.055000
1609060401.057809114,28.854000,2011,100,0.055000
1609060401.107086658,28.986000,2000,100,0.055000
1609060401.107801199,15.707001,2010,101,0.024000
1609060401.131614447,15.544001,2001,101,0.268000
1609060401.132794142,8.522000,2011,102,0.055000
1609060401.157119989,7.900000,2000,102,0.055000
1609060401.157829046,28.056999,2010,100,0.055000
1609060401.182121754,28.086000,2001,100,0.055000
1609060401.182909250,15.020000,2011,101,0.055000
1609060401.207154036,15.291000,2000,101,0.024000
1609060401.207775593,8.363000,2010,102,0.055000
1609060401.232796431,28.841999,2011,100,0.055000
1609060401.282062054,28.976000,2000,100,0.055000
1609060401.282374859,15.325001,2010,101,0.268000
1609060401.306645155,15.546000,2001,101,0.268000
1609060401.307569504,8.556000,2011,102,0.055000
1609060401.332071304,7.943000,2000,102,0.055000
1609060401.332821131,28.021999,2010,100,0.055000
1609060401.357075691,28.080999,2001,100,0.024000
1609060401.357834578,14.934000,2011,101,0.055000
1609060401.382051468,15.237000,2000,101,0.055000
1609060401.383020639,8.245000,2010,102,0.056000
1609060401.407077312,7.286000,2001,102,0.268000
1609060401.407842875,28.893999,2011,100,0.055000
1609060401.457073212,29.013000,2000,100,0.055000
1609060401.457314968,15.292999,2010,101,0.268000
1609060401.481579781,15.556000,2001,101,0.268000
1609060401.482800961,8.601000,2011,102,0.055000
1609060401.507058859,7.999000,2000,102,0.055000
1609060401.507836103,28.054001,2010,100,0.055000
1609060401.532084227,28.143000,2001,100,0.024000
1609060401.532779455,14.929000,2011,101,0.024000
1609060401.557028055,15.196000,2000,101,0.055000
1609060401.557869434,8.216000,2010,102,0.056000
1609060401.582127810,7.658000,2001,102,0.056000
1609060401.582625866,28.931999,2011,100,0.055000
1609060401.632080078,29.083000,2000,100,0.055000
1609060401.632273912,15.245000,2010,101,0.268000
1609060401.656576633,15.440001,2001,101,0.268000
1609060401.657791853,8.624000,2011,102,0.055000
1609060401.682046175,8.055000,2000,102,0.055000
1609060401.682758808,28.129000,2010,100,0.024000
1609060401.707114697,28.170000,2001,100,0.055000
1609060401.707796574,14.837000,2011,101,0.055000
1609060401.732035875,15.145000,2000,101,0.024000
1609060401.732298613,8.220000,2010,102,10.536000
1609060401.757783413,28.934999,2011,100,0.055000
1609060401.807077646,29.089001,2000,100,0.055000
1609060401.807914972,15.783001,2010,101,0.055000
1609060401.831567526,15.267000,2001,101,0.268000
1609060401.832744837,8.731000,2011,102,0.024000
1609060401.857076883,8.173000,2000,102,0.055000
1609060401.857579470,28.194000,2010,100,0.055000
1609060401.882093668,28.205000,2001,100,0.024000
1609060401.882842064,14.786000,2011,101,0.055000
1609060401.907049179,15.099000,2000,101,0.055000
1609060401.907835960,8.340000,2010,102,0.056000
1609060401.982038260,29.086000,2000,100,0.055000
1609060401.982862473,15.514999,2010,101,0.024000
1609060402.007051468,15.823999,2001,101,0.055000
1609060402.007761955,8.758000,2011,102,0.055000
1609060402.032017708,8.191000,2000,102,0.055000
1609060402.032728434,28.105000,2010,100,0.024000
1609060402.057032824,28.155001,2001,100,0.024000
1609060402.057820559,14.770000,2011,101,0.055000
1609060402.082037926,15.084000,2000,101,0.055000
1609060402.107025146,7.923000,2001,102,0.268000
1609060402.107732058,28.910999,2011,100,0.055000
1609060402.157055140,29.035999,2000,100,0.024000
1609060402.157841921,15.474001,2010,101,0.055000
1609060402.181530714,15.197000,2001,101,0.268000
1609060402.182776928,8.788000,2011,102,0.055000
1609060402.207011700,8.226000,2000,102,0.055000
1609060402.207741737,28.045000,2010,100,0.055000
1609060402.232038498,28.108999,2001,100,0.055000
1609060402.232793808,14.829000,2011,101,0.055000
1609060402.257056952,15.109000,2000,101,0.055000
1609060402.257877111,8.434000,2010,102,0.056000
1609060402.282016277,7.865000,2001,102,0.268000
1609060402.282607317,28.822001,2011,100,0.055000
1609060402.332061529,28.919001,2000,100,0.055000
1609060402.332739830,15.579000,2010,101,0.024000
1609060402.356564999,15.358999,2001,101,0.268000
1609060402.357774258,8.817000,2011,102,0.055000
1609060402.382001400,8.246000,2000,102,0.024000
1609060402.382846117,27.924999,2010,100,0.055000
1609060402.407064438,27.981001,2001,100,0.055000
1609060402.407820225,14.886000,2011,101,0.055000
1609060402.432041883,15.128000,2000,101,0.055000
1609060402.432780743,8.604000,2010,102,0.055000
1609060402.457035065,7.870000,2001,102,0.056000
1609060402.457834482,28.770000,2011,100,0.055000
1609060402.507050991,28.791000,2000,100,0.055000
1609060402.507805824,15.618999,2010,101,0.055000
1609060402.531536341,15.631001,2001,101,0.268000
1609060402.532748699,8.877000,2011,102,0.055000
1609060402.557027817,8.250000,2000,102,0.055000
1609060402.557515860,27.822001,2010,100,0.055000
1609060402.582037449,27.839001,2001,100,0.055000
1609060402.582771778,14.926000,2011,101,0.024000
1609060402.607041359,15.219000,2000,101,0.055000
1609060402.607706070,8.771000,2010,102,0.055000
1609060402.632029057,7.897000,2001,102,0.056000
1609060402.632508516,28.627001,2011,100,0.055000
1609060402.681983471,28.676001,2000,100,0.055000
1609060402.682260036,15.364000,2010,101,0.268000
1609060402.706989765,16.030001,2001,101,0.024000
1609060402.707692862,8.857000,2011,102,0.055000
1609060402.732042313,8.262000,2000,102,0.055000
1609060402.732488871,27.674000,2010,100,0.055000
1609060402.757030010,27.693001,2001,100,0.055000
1609060402.757802725,15.044000,2011,101,0.055000
1609060402.782019854,15.284000,2000,101,0.055000
1609060402.782843828,8.729000,2010,102,0.055000
1609060402.807003260,7.884000,2001,102,0.055000
1609060402.807534456,28.483000,2011,100,0.055000
1609060402.857014179,28.490999,2000,100,0.055000
1609060402.857790709,15.867001,2010,101,0.055000
1609060402.881526947,15.554001,2001,101,0.268000
1609060402.882752419,8.884000,2011,102,0.055000
1609060402.906981945,8.290000,2000,102,0.024000
1609060402.907706499,27.509001,2010,100,0.024000
1609060402.932000875,27.518999,2001,100,0.055000
1609060402.932749271,15.097000,2011,101,0.055000
1609060402.957015991,15.365999,2000,101,0.055000
1609060402.957794666,8.732000,2010,102,0.056000
1609060402.981981754,7.933000,2001,102,0.055000
1609060402.982554197,28.273001,2011,100,0.055000
1609060403.032011271,28.358999,2000,100,0.055000
1609060403.032805681,15.896000,2010,101,0.055000
1609060403.056563616,15.709000,2001,101,0.268000
1609060403.057737589,8.783000,2011,102,0.055000
1609060403.081981182,8.272000,2000,102,0.055000
1609060403.082614899,27.382000,2010,100,0.024000
1609060403.107028246,27.391001,2001,100,0.055000
1609060403.107775211,15.196000,2011,101,0.055000
1609060403.131982088,15.473000,2000,101,0.055000
1609060403.132747173,8.695000,2010,102,0.056000
1609060403.157021999,7.944000,2001,102,0.055000
1609060403.157610655,28.218000,2011,100,0.055000
1609060403.206994534,28.271999,2000,100,0.055000
1609060403.207836151,15.999001,2010,101,0.055000
1609060403.231988907,16.325001,2001,101,0.024000
1609060403.232675314,8.786000,2011,102,0.055000
1609060403.257005930,8.190000,2000,102,0.055000
1609060403.257524967,27.288000,2010,100,0.024000
1609060403.282041311,27.299000,2001,100,0.024000
1609060403.282782316,15.344999,2011,101,0.055000
1609060403.306970596,15.580999,2000,101,0.055000
1609060403.332034588,7.898000,2001,102,0.055000
1609060403.332498312,28.097000,2011,100,0.024000
1609060403.381981134,28.152000,2000,100,0.055000
1609060403.382289886,15.761999,2010,101,0.268000
1609060403.406589270,15.987000,2001,101,0.268000
1609060403.407661915,8.681000,2011,102,0.055000
1609060403.432031393,8.151000,2000,102,0.055000
1609060403.432510376,27.201000,2010,100,0.055000
1609060403.457029819,27.148001,2001,100,0.055000
1609060403.457712412,15.433001,2011,101,0.024000
1609060403.482013702,15.707001,2000,101,0.055000
1609060403.482728481,8.824000,2010,102,0.056000
1609060403.506994009,7.821000,2001,102,0.055000
1609060403.507622957,27.969999,2011,100,0.024000
1609060403.557016373,27.999001,2000,100,0.055000
1609060403.557265282,15.891001,2010,101,0.268000
1609060403.582010269,16.538000,2001,101,0.055000
1609060403.582752466,8.659000,2011,102,0.055000
1609060403.606981516,8.055000,2000,102,0.055000
1609060403.607459307,27.052999,2010,100,0.024000
1609060403.631955862,27.079000,2001,100,0.055000
1609060403.632793903,15.555000,2011,101,0.055000
1609060403.656993628,15.798000,2000,101,0.055000
1609060403.657739639,8.532000,2010,102,0.056000
1609060403.682007551,7.737000,2001,102,0.055000
1609060403.682571650,27.834000,2011,100,0.055000
1609060403.732012749,27.934000,2000,100,0.055000
1609060403.732722282,16.374001,2010,101,0.055000
1609060403.756495953,16.316000,2001,101,0.268000
1609060403.757660866,8.583000,2011,102,0.055000
1609060403.781982899,7.984000,2000,102,0.024000
1609060403.782774448,26.906000,2010,100,0.024000
1609060403.806987047,26.943001,2001,100,0.055000
1609060403.807729483,15.731001,2011,101,0.055000
1609060403.831976414,15.989000,2000,101,0.055000
1609060403.832645178,8.745000,2010,102,0.055000
1609060403.906990528,27.801001,2000,100,0.055000
1609060403.907226562,16.160000,2010,101,0.268000
1609060403.931519508,16.246000,2001,101,0.129000
1609060403.932698727,8.468000,2011,102,0.055000
1609060403.956956625,7.834000,2000,102,0.055000
1609060403.957483768,26.794001,2010,100,0.055000
1609060403.981976748,26.833000,2001,100,0.055000
1609060403.982864380,15.867001,2011,101,0.024000
1609060404.006957531,16.124001,2000,101,0.055000
1609060404.007698298,8.575000,2010,102,0.055000
1609060404.031981468,7.536000,2001,102,0.055000
1609060404.032771587,27.650000,2011,100,0.055000
1609060404.081946611,27.735001,2000,100,0.055000
1609060404.082204342,16.275999,2010,101,0.268000
1609060404.106520176,16.563999,2001,101,0.268000
1609060404.107682467,8.370000,2011,102,0.055000
1609060404.131996632,7.738000,2000,102,0.055000
1609060404.132705212,26.702000,2010,100,0.024000
1609060404.156965733,26.733000,2001,100,0.024000
1609060404.157754898,15.951000,2011,101,0.055000
1609060404.181941748,16.243999,2000,101,0.055000
1609060404.182682276,8.410000,2010,102,0.055000
1609060404.206998110,7.470000,2001,102,0.055000
1609060404.207461596,27.516001,2011,100,0.055000
1609060404.256921291,27.632999,2000,100,0.055000
1609060404.257731438,16.767000,2010,101,0.055000
1609060404.281505108,16.743999,2001,101,0.268000
1609060404.282727242,8.276000,2011,102,0.055000
1609060404.306932926,7.612000,2000,102,0.055000
1609060404.307700872,26.591999,2010,100,0.024000
1609060404.332013130,26.625999,2001,100,0.055000
1609060404.332808495,16.089001,2011,101,0.055000
1609060404.356973886,16.381001,2000,101,0.055000
1609060404.357668400,8.301000,2010,102,0.055000
1609060404.381951332,7.367000,2001,102,0.055000
1609060404.382716894,27.408001,2011,100,0.055000
1609060404.431962967,27.514999,2000,100,0.055000
1609060404.432206392,16.535000,2010,101,0.268000
1609060404.456502199,16.778000,2001,101,0.268000
1609060404.457697630,8.183000,2011,102,0.055000
1609060404.481951714,7.565000,2000,102,0.055000
1609060404.482457161,26.514000,2010,100,0.055000
1609060404.506939650,26.518999,2001,100,0.055000
1609060404.507692814,16.257000,2011,101,0.024000
1609060404.531982660,16.509001,2000,101,0.055000
1609060404.532640696,8.327000,2010,102,0.055000
1609060404.556933403,7.337000,2001,102,0.055000
1609060404.557781219,27.363001,2011,100,0.055000
1609060404.606968403,27.358999,2000,100,0.055000
1609060404.607724667,17.263000,2010,101,0.055000
1609060404.631498098,16.948000,2001,101,0.268000
1609060404.632643461,8.128000,2011,102,0.055000
1609060404.656946659,7.530000,2000,102,0.055000
1609060404.657577515,26.395000,2010,100,0.055000
1609060404.681940556,26.437000,2001,100,0.055000
1609060404.682777882,16.340000,2011,101,0.055000
1609060404.706931114,16.591000,2000,101,0.055000
1609060404.707651615,8.244000,2010,102,0.055000
1609060404.731971264,7.259000,2001,102,0.055000
1609060404.732632637,27.171000,2011,100,0.055000
1609060404.781938314,27.215000,2000,100,0.055000
1609060404.782190323,16.747000,2010,101,0.268000
1609060404.806456327,17.096001,2001,101,0.268000
1609060404.807672024,8.116000,2011,102,0.024000
1609060404.831893206,7.493000,2000,102,0.024000
1609060404.832474470,26.285999,2010,100,0.055000
1609060404.856904030,26.295000,2001,100,0.055000
1609060404.857701302,16.481001,2011,101,0.055000
1609060404.881938934,16.728001,2000,101,0.024000
1609060404.882671118,8.203000,2010,102,0.055000
1609060404.906979084,7.244000,2001,102,0.055000
1609060404.907424688,27.093000,2011,100,0.055000
1609060404.956919909,27.174999,2000,100,0.055000
1609060404.957188129,16.868000,2010,101,0.268000
1609060404.981447220,17.062000,2001,101,0.268000
1609060404.982676029,8.060000,2011,102,0.055000
1609060405.006940365,7.470000,2000,102,0.055000
1609060405.007892370,26.164000,2010,100,0.055000
1609060405.031952381,26.209000,2001,100,0.024000
1609060405.032726526,16.547001,2011,101,0.055000
1609060405.056942225,16.827999,2000,101,0.024000
1609060405.057750702,7.942000,2010,102,0.056000
1609060405.081952572,7.238000,2001,102,0.055000
1609060405.082717896,26.979000,2011,100,0.055000
1609060405.131932020,27.021999,2000,100,0.055000
1609060405.132719278,17.573000,2010,101,0.055000
1609060405.156544685,17.260000,2001,101,0.268000
1609060405.157654524,8.046000,2011,102,0.055000
1609060405.181945801,7.455000,2000,102,0.055000
1609060405.182767153,26.083000,2010,100,0.055000
1609060405.206904411,26.055000,2001,100,0.055000
1609060405.207701445,16.677999,2011,101,0.055000
1609060405.231919289,16.924999,2000,101,0.055000
1609060405.306893349,26.933001,2000,100,0.024000
1609060405.307733536,17.674000,2010,101,0.055000
1609060405.331476688,17.240000,2001,101,0.268000
1609060405.332629919,8.016000,2011,102,0.055000
1609060405.356896162,7.414000,2000,102,0.055000
1609060405.357423067,25.884001,2010,100,0.055000
1609060405.381928444,25.923000,2001,100,0.024000
1609060405.382739544,16.775000,2011,101,0.055000
1609060405.406907797,17.011000,2000,101,0.055000
1609060405.407628059,7.916000,2010,102,0.056000
1609060405.431897163,7.253000,2001,102,0.055000
1609060405.432717323,26.770000,2011,100,0.055000
1609060405.481882572,26.763000,2000,100,0.055000
1609060405.482192278,17.209999,2010,101,0.268000
1609060405.506493568,17.502001,2001,101,0.268000
1609060405.507625818,8.019000,2011,102,0.055000
1609060405.531894922,7.414000,2000,102,0.055000
1609060405.532421350,25.799000,2010,100,0.055000
1609060405.556928635,25.798000,2001,100,0.055000
1609060405.557698965,16.920000,2011,101,0.055000
1609060405.581932068,17.073000,2000,101,0.024000
1609060405.582677841,7.820000,2010,102,0.056000
1609060405.606916904,7.267000,2001,102,0.055000
1609060405.607602596,26.594999,2011,100,0.055000
1609060405.656909943,26.666000,2000,100,0.055000
1609060405.657147884,17.322001,2010,101,0.268000
1609060405.681407690,17.430000,2001,101,0.268000
1609060405.682597637,8.067000,2011,102,0.055000
1609060405.706891775,7.425000,2000,102,0.055000
1609060405.707641363,25.655001,2010,100,0.055000
1609060405.731890440,25.653000,2001,100,0.024000
1609060405.732609034,16.979000,2011,101,0.055000
1609060405.756931305,17.219000,2000,101,0.055000
1609060405.757630825,7.913000,2010,102,0.268000
1609060405.781887531,7.286000,2001,102,0.024000
1609060405.782743931,26.457001,2011,100,0.055000
1609060405.831867695,26.524000,2000,100,0.055000
1609060405.832722902,17.792999,2010,101,0.055000
1609060405.856877327,18.107000,2001,101,0.024000
1609060405.857756853,8.077000,2011,102,0.055000
1609060405.882396698,25.513000,2010,100,0.024000
1609060405.906872988,25.511000,2001,100,0.055000
1609060405.907582521,17.100000,2011,101,0.055000
1609060405.931899786,17.288000,2000,101,0.055000
1609060405.932621956,7.949000,2010,102,0.055000
1609060405.956930161,7.311000,2001,102,0.024000
1609060405.957715273,26.264999,2011,100,0.024000
1609060406.006899595,26.368999,2000,100,0.055000
1609060406.007142305,17.530001,2010,101,0.268000
1609060406.031417608,17.812000,2001,101,0.268000
1609060406.032628059,8.068000,2011,102,0.055000
1609060406.056922674,7.399000,2000,102,0.055000
1609060406.057697535,25.362000,2010,100,0.055000
1609060406.081929684,25.353001,2001,100,0.024000
1609060406.082648039,17.228001,2011,101,0.024000
1609060406.106929779,17.413000,2000,101,0.055000
1609060406.107613564,7.954000,2010,102,0.055000
1609060406.131910801,7.306000,2001,102,0.055000
1609060406.132694960,26.115999,2011,100,0.055000
1609060406.181897640,26.205000,2000,100,0.055000
1609060406.182211161,17.656000,2010,101,0.268000
1609060406.206456184,17.792999,2001,101,0.268000
1609060406.207604885,7.982000,2011,102,0.055000
1609060406.231918812,7.371000,2000,102,0.055000
1609060406.232392788,25.170000,2010,100,0.024000
1609060406.256927252,25.200001,2001,100,0.055000
1609060406.257644415,17.325001,2011,101,0.055000
1609060406.281908512,17.586000,2000,101,0.055000
1609060406.282649755,7.891000,2010,102,0.055000
1609060406.306906700,7.254000,2001,102,0.055000
1609060406.307379007,25.924999,2011,100,0.055000
1609060406.356894732,26.066000,2000,100,0.055000
1609060406.357113838,17.773001,2010,101,0.268000
1609060406.381421566,18.035999,2001,101,0.268000
1609060406.382657528,7.951000,2011,102,0.024000
1609060406.406904221,7.430000,2000,102,0.055000
1609060406.407619238,25.065001,2010,100,0.055000
1609060406.431923389,25.061001,2001,100,0.055000
1609060406.432660103,17.462000,2011,101,0.055000
1609060406.456891298,17.716000,2000,101,0.055000
1609060406.457599401,7.895000,2010,102,0.024000
1609060406.481886148,7.253000,2001,102,0.024000
1609060406.482356310,25.797001,2011,100,0.024000
1609060406.531845570,25.938000,2000,100,0.055000
1609060406.532151937,17.902000,2010,101,0.268000
1609060406.556856632,18.576000,2001,101,0.055000
1609060406.557605267,7.900000,2011,102,0.055000
1609060406.581908941,7.370000,2000,102,0.055000
1609060406.582655907,24.893999,2010,100,0.055000
1609060406.606897593,24.937000,2001,100,0.055000
1609060406.607619524,17.622999,2011,101,0.055000
1609060406.631875277,17.899000,2000,101,0.055000
1609060406.632627726,7.838000,2010,102,0.055000
1609060406.656886578,7.153000,2001,102,0.055000
1609060406.657666922,25.697001,2011,100,0.055000
1609060406.706887007,25.809999,2000,100,0.055000
1609060406.707602739,18.447001,2010,101,0.055000
1609060406.731881857,18.767000,2001,101,0.055000
1609060406.732603312,7.813000,2011,102,0.055000
1609060406.756850481,7.161000,2000,102,0.268000
1609060406.757372141,24.737000,2010,100,0.055000
1609060406.781847000,24.785000,2001,100,0.055000
1609060406.782687426,17.799000,2011,101,0.024000
1609060406.806864023,18.024000,2000,101,0.055000
1609060406.807624578,7.765000,2010,102,0.055000
1609060406.831907272,7.054000,2001,102,0.024000
1609060406.832595825,25.584000,2011,100,0.024000
1609060406.882045507,25.695000,2000,100,0.055000
1609060406.882207870,18.233999,2010,101,0.268000
1609060406.906869888,18.955000,2001,101,0.024000
1609060406.907605410,7.820000,2011,102,0.055000
1609060406.931889534,7.075000,2000,102,0.055000
1609060406.932552576,24.608000,2010,100,0.055000
1609060406.956893444,24.709000,2001,100,0.055000
1609060406.957699299,17.903999,2011,101,0.055000
1609060406.981859207,18.177000,2000,101,0.055000
1609060406.982621670,7.708000,2010,102,0.055000
1609060407.006844521,6.968000,2001,102,0.055000
1609060407.007348299,25.386000,2011,100,0.055000
1609060407.056857824,25.552999,2000,100,0.055000
1609060407.057103395,18.385000,2010,101,0.268000
1609060407.081408262,18.379999,2001,101,0.129000
1609060407.082565069,7.725000,2011,102,0.055000
1609060407.106857300,7.023000,2000,102,0.055000
1609060407.107339144,24.584000,2010,100,0.024000
1609060407.131861210,24.604000,2001,100,0.055000
1609060407.132675171,18.087000,2011,101,0.055000
1609060407.156852961,18.327999,2000,101,0.055000
1609060407.157553911,7.630000,2010,102,0.055000
1609060407.181844950,6.919000,2001,102,0.055000
1609060407.182612181,25.354000,2011,100,0.055000
1609060407.231874466,25.455000,2000,100,0.055000
1609060407.232598782,19.118000,2010,101,0.055000
1609060407.256380320,18.752001,2001,101,0.268000
1609060407.257542849,7.636000,2011,102,0.055000
1609060407.281889915,6.975000,2000,102,0.055000
1609060407.282625675,24.434000,2010,100,0.055000
1609060407.306844711,24.499001,2001,100,0.055000
1609060407.307662249,18.466999,2011,101,0.055000
1609060407.331886530,18.455999,2000,101,0.055000
1609060407.332581043,7.529000,2010,102,0.055000
1609060407.356844664,6.871000,2001,102,0.055000
1609060407.357648134,25.295000,2011,100,0.055000
1609060407.406908751,25.349001,2000,100,0.024000
1609060407.407080412,18.622999,2010,101,0.268000
1609060407.431361914,18.340000,2001,101,0.129000
1609060407.432546139,7.465000,2011,102,0.268000
1609060407.456865549,6.860000,2000,102,0.268000
1609060407.457334995,24.379000,2010,100,0.055000
1609060407.481809139,24.407000,2001,100,0.055000
1609060407.482613802,18.559999,2011,101,0.055000
1609060407.506841183,18.620001,2000,101,0.024000
1609060407.507561445,7.508000,2010,102,0.055000
1609060407.531819582,6.847000,2001,102,0.055000
1609060407.532571793,25.152000,2011,100,0.055000
1609060407.581813335,25.254999,2000,100,0.055000
1609060407.582102060,18.806000,2010,101,0.268000
1609060407.606838703,19.334000,2001,101,0.024000
1609060407.607545614,7.400000,2011,102,0.268000
1609060407.632323503,24.233000,2010,100,0.055000
1609060407.656850815,24.301001,2001,100,0.055000
1609060407.657548666,18.459000,2011,101,0.055000
1609060407.681846142,18.722000,2000,101,0.055000
1609060407.682345390,7.441000,2010,102,0.055000
1609060407.706715345,6.743000,2001,102,0.055000
1609060407.707613945,25.090000,2011,100,0.055000
1609060407.756808996,25.150000,2000,100,0.055000
1609060407.757629871,19.242001,2010,101,0.024000
1609060407.781876087,19.461000,2001,101,0.055000
1609060407.782593489,7.477000,2011,102,0.055000
1609060407.806916475,6.705000,2000,102,0.055000
1609060407.807550192,24.177999,2010,100,0.055000
1609060407.831862450,24.158001,2001,100,0.055000
1609060407.832542658,18.615999,2011,101,0.024000
1609060407.856839895,18.839001,2000,101,0.055000
1609060407.857541561,7.365000,2010,102,0.055000
1609060407.881829023,6.712000,2001,102,0.055000
1609060407.882594109,25.021999,2011,100,0.055000
1609060407.931828499,25.041000,2000,100,0.055000
1609060407.932031393,19.080000,2010,101,0.268000
1609060407.956361771,19.374001,2001,101,0.268000
1609060407.957512379,7.469000,2011,102,0.268000
1609060407.981825829,6.578000,2000,102,0.055000
1609060407.982594967,24.023001,2010,100,0.055000
1609060408.006797314,24.087000,2001,100,0.055000
1609060408.007596493,18.759001,2011,101,0.055000
1609060408.031854153,19.021000,2000,101,0.055000
1609060408.032348633,7.311000,2010,102,0.055000
1609060408.056639910,6.662000,2001,102,0.055000
1609060408.057578802,24.830000,2011,100,0.055000
1609060408.106827259,24.933001,2000,100,0.055000
1609060408.107330084,19.514999,2010,101,0.024000
1609060408.157363415,23.902000,2010,100,0.055000
1609060408.181862116,23.972000,2001,100,0.024000
1609060408.182608843,18.908001,2011,101,0.055000
1609060408.206816673,19.132000,2000,101,0.055000
1609060408.207343340,7.279000,2010,102,0.055000
1609060408.231893301,6.691000,2001,102,0.055000
1609060408.232575178,24.745001,2011,100,0.024000
1609060408.281829357,24.806999,2000,100,0.055000
1609060408.282138824,19.330000,2010,101,0.268000
1609060408.306852818,19.840000,2001,101,0.024000
1609060408.307590723,7.904000,2011,102,0.056000
1609060408.332337618,23.791000,2010,100,0.055000
1609060408.356806755,23.856001,2001,100,0.055000
1609060408.357619524,18.976999,2011,101,0.055000
1609060408.381818056,19.323999,2000,101,0.055000
1609060408.382329941,7.227000,2010,102,0.055000
1609060408.406891823,6.652000,2001,102,0.055000
1609060408.407286406,24.549000,2011,100,0.055000
1609060408.456777334,24.691000,2000,100,0.024000
1609060408.457562208,20.100000,2010,101,0.055000
1609060408.506843328,6.408000,2000,102,0.055000
1609060408.507580757,23.666000,2010,100,0.055000
1609060408.531805992,23.752001,2001,100,0.055000
1609060408.532572508,19.204000,2011,101,0.055000
1609060408.556813955,19.436001,2000,101,0.055000
1609060408.557560444,7.280000,2010,102,0.055000
1609060408.581873417,6.603000,2001,102,0.055000
1609060408.582340002,24.483999,2011,100,0.024000
1609060408.631829262,24.587999,2000,100,0.055000
1609060408.632041693,19.660000,2010,101,0.268000
1609060408.656311989,19.976000,2001,101,0.268000
1609060408.681820869,6.352000,2000,102,0.055000
1609060408.682496309,23.608000,2010,100,0.055000
1609060408.706846714,23.660000,2001,100,0.024000
1609060408.707580328,19.291000,2011,101,0.055000
1609060408.731825352,19.559000,2000,101,0.055000
1609060408.732568264,7.229000,2010,102,0.055000
1609060408.756818771,6.577000,2001,102,0.024000
1609060408.757527351,24.344999,2011,100,0.024000
1609060408.806821108,24.539000,2000,100,0.055000
1609060408.807062387,19.768999,2010,101,0.268000
1609060408.831831694,20.160000,2001,101,0.268000
1609060408.832520247,6.934000,2011,102,0.268000
1609060408.856806517,6.260000,2000,102,0.024000
1609060408.857311726,23.495001,2010,100,0.024000
1609060408.881861210,23.577000,2001,100,0.055000
1609060408.882555962,19.454000,2011,101,0.055000
1609060408.906772375,19.726999,2000,101,0.024000
1609060408.907524347,7.142000,2010,102,0.055000
1609060408.931900024,6.547000,2001,102,0.055000
1609060408.932549477,24.268999,2011,100,0.055000
1609060408.981783867,24.437000,2000,100,0.024000
1609060408.982558250,20.237000,2010,101,0.055000
1609060409.006765842,20.549000,2001,101,0.024000
1609060409.007498503,6.930000,2011,102,0.056000
1609060409.031854391,6.241000,2000,102,0.055000
1609060409.032313824,23.458000,2010,100,0.024000
1609060409.056819916,23.510000,2001,100,0.055000
1609060409.057593346,19.520000,2011,101,0.055000
1609060409.081800938,19.783001,2000,101,0.055000
1609060409.082566977,7.151000,2010,102,0.055000
1609060409.106897831,6.487000,2001,102,0.055000
1609060409.107552290,24.129000,2011,100,0.055000
1609060409.156769514,24.372000,2000,100,0.055000
1609060409.157574654,20.365000,2010,101,0.055000
1609060409.181313753,20.334999,2001,101,0.268000
1609060409.182522058,7.155000,2011,102,0.055000
1609060409.206789017,6.225000,2000,102,0.024000
1609060409.207509279,23.351999,2010,100,0.055000
1609060409.231745720,23.454000,2001,100,0.055000
1609060409.232573032,19.660000,2011,101,0.024000
1609060409.256789446,19.877001,2000,101,0.055000
1609060409.257556200,7.097000,2010,102,0.055000
1609060409.281808376,6.463000,2001,102,0.024000
1609060409.282605648,24.268000,2011,100,0.055000
1609060409.331767082,24.320000,2000,100,0.055000
1609060409.332006693,20.061001,2010,101,0.268000
1609060409.356779814,20.711000,2001,101,0.055000
1609060409.357494116,7.190000,2011,102,0.055000
1609060409.382337332,23.297001,2010,100,0.024000
1609060409.406761646,23.386999,2001,100,0.055000
1609060409.407492638,19.733000,2011,101,0.024000
1609060409.431828976,19.983000,2000,101,0.055000
1609060409.432516575,7.068000,2010,102,0.055000
1609060409.456827879,6.434000,2001,102,0.055000
1609060409.457554340,24.115999,2011,100,0.055000
1609060409.506754875,24.243000,2000,100,0.055000
1609060409.507530928,20.542999,2010,101,0.055000
1609060409.531301022,20.509001,2001,101,0.268000
1609060409.557476521,23.246000,2010,100,0.055000
1609060409.581755877,23.297001,2001,100,0.055000
1609060409.582445383,19.785000,2011,101,0.055000
1609060409.606786251,20.162001,2000,101,0.024000
1609060409.607528210,7.033000,2010,102,0.055000
1609060409.631820679,6.399000,2001,102,0.055000
1609060409.632542372,24.103001,2011,100,0.055000
1609060409.681715250,24.044001,2000,100,0.024000
1609060409.682511806,20.773001,2010,101,0.055000
1609060409.706294298,20.642000,2001,101,0.268000
1609060409.731743336,6.134000,2000,102,0.055000
1609060409.732431889,23.103001,2010,100,0.055000
1609060409.756758451,23.223000,2001,100,0.055000
1609060409.757464170,19.987000,2011,101,0.024000
1609060409.781803846,20.330999,2000,101,0.055000
1609060409.782538652,6.985000,2010,102,0.055000
1609060409.806886435,6.365000,2001,102,0.055000
1609060409.807548285,23.948999,2011,100,0.024000
1609060409.856755733,24.066999,2000,100,0.055000
1609060409.857555628,20.870001,2010,101,0.055000
1609060409.881306887,20.886000,2001,101,0.268000
1609060409.906777143,6.025000,2000,102,0.055000
1609060409.907242537,23.013000,2010,100,0.055000
1609060409.931759119,23.076000,2001,100,0.055000
1609060409.932552814,20.204000,2011,101,0.055000
1609060409.956773043,20.492001,2000,101,0.024000
1609060409.957539797,6.941000,2010,102,0.055000
1609060409.981844902,6.365000,2001,102,0.055000
1609060409.982484579,23.785000,2011,100,0.055000
1609060410.031333685,23.372999,2000,100,0.268000
1609060410.032500744,21.070999,2010,101,0.055000
1609060410.056796551,21.396999,2001,101,0.024000
1609060410.057546616,6.711000,2011,102,0.055000
1609060410.081719160,5.955000,2000,102,0.055000
1609060410.082458735,22.896999,2010,100,0.055000
1609060410.106768131,22.962999,2001,100,0.055000
1609060410.107464075,20.395000,2011,101,0.024000
1609060410.131717920,20.683001,2000,101,0.024000
1609060410.132506847,6.959000,2010,102,0.055000
1609060410.156817913,6.285000,2001,102,0.055000
1609060410.157484770,23.660000,2011,100,0.055000
1609060410.206738710,23.740000,2000,100,0.055000
1609060410.207548141,21.302999,2010,101,0.055000
1609060410.231741190,21.308001,2001,101,0.268000
1609060410.256755829,5.899000,2000,102,0.055000
1609060410.257447720,22.737000,2010,100,0.055000
1609060410.281720400,22.836000,2001,100,0.055000
1609060410.282567024,20.586000,2011,101,0.024000
1609060410.306747675,20.865999,2000,101,0.055000
1609060410.307496786,6.913000,2010,102,0.055000
1609060410.331753969,6.307000,2001,102,0.055000
1609060410.332502842,23.518999,2011,100,0.055000
1609060410.381714344,23.690001,2000,100,0.055000
1609060410.382506847,21.516001,2010,101,0.055000
1609060410.406274557,21.478001,2001,101,0.268000
1609060410.407213211,6.516000,2011,102,0.055000
1609060410.431573153,5.817000,2000,102,0.055000
1609060410.432225704,22.611000,2010,100,0.024000
1609060410.456752300,22.726999,2001,100,0.024000
1609060410.457470179,20.822001,2011,101,0.055000
1609060410.481733799,21.070999,2000,101,0.055000
1609060410.482510805,6.880000,2010,102,0.055000
1609060410.506777287,6.281000,2001,102,0.055000
1609060410.507463217,23.434999,2011,100,0.055000
1609060410.556721687,23.406000,2000,100,0.055000
1609060410.556968451,21.270000,2010,101,0.268000
1609060410.581283092,21.660000,2001,101,0.268000
1609060410.582278252,6.503000,2011,102,0.055000
1609060410.606555939,5.773000,2000,102,0.055000
1609060410.607518673,22.482000,2010,100,0.055000
1609060410.631739378,22.601000,2001,100,0.055000
1609060410.632508755,21.249001,2011,101,0.024000
1609060410.656733751,21.267000,2000,101,0.024000
1609060410.657435656,6.882000,2010,102,0.055000
1609060410.681812286,6.219000,2001,102,0.055000
1609060410.682190895,23.313999,2011,100,0.024000
1609060410.731272936,22.591000,2000,100,0.268000
1609060410.732483149,22.018000,2010,101,0.055000
1609060410.756268263,21.865000,2001,101,0.268000
1609060410.757577419,6.499000,2011,102,0.024000
1609060410.781785965,5.825000,2000,102,0.055000
1609060410.782262325,22.357000,2010,100,0.024000
1609060410.806744337,22.474001,2001,100,0.055000
1609060410.807478905,21.205000,2011,101,0.055000
1609060410.831737757,21.503000,2000,101,0.024000
1609060410.832511663,6.840000,2010,102,0.055000
1609060410.856783152,6.271000,2001,102,0.055000
1609060410.857429028,23.094999,2011,100,0.055000
1609060410.906689644,22.868999,2000,100,0.268000
1609060410.907481194,22.146000,2010,101,0.055000
1609060410.931241274,22.014999,2001,101,0.268000
1609060410.932212830,6.448000,2011,102,0.055000
1609060410.956753254,5.846000,2000,102,0.055000
1609060410.957390547,22.237000,2010,100,0.024000
1609060410.981743336,22.358000,2001,100,0.024000
1609060410.982520580,21.615000,2011,101,0.055000
1609060411.006726980,21.709000,2000,101,0.055000
1609060411.007405043,6.858000,2010,102,0.055000
1609060411.031761408,6.304000,2001,102,0.055000
1609060411.032178402,22.976000,2011,100,0.024000
1609060411.081659079,22.698999,2000,100,0.268000
1609060411.082482815,22.288000,2010,101,0.055000
1609060411.106753349,22.625000,2001,101,0.024000
1609060411.107475281,6.480000,2011,102,0.055000
1609060411.131752014,5.865000,2000,102,0.055000
1609060411.132168055,22.073000,2010,100,0.055000
1609060411.156701326,22.156000,2001,100,0.024000
1609060411.157472849,21.785000,2011,101,0.055000
1609060411.181675196,21.923000,2000,101,0.055000
1609060411.182517529,6.906000,2010,102,0.055000
1609060411.206755161,6.317000,2001,102,0.055000
1609060411.207400799,22.768000,2011,100,0.055000
1609060411.256698847,22.523001,2000,100,0.268000
1609060411.257483959,22.420000,2010,101,0.055000
1609060411.281682491,23.106001,2001,101,0.024000
1609060411.282503843,6.538000,2011,102,0.055000
1609060411.306758404,5.930000,2000,102,0.055000
1609060411.307198048,21.872999,2010,100,0.055000
1609060411.331682682,21.992001,2001,100,0.024000
1609060411.332484007,22.000999,2011,101,0.055000
1609060411.356723309,22.086000,2000,101,0.055000
1609060411.357464790,6.945000,2010,102,0.024000
1609060411.381767750,6.464000,2001,102,0.055000
1609060411.382205963,22.636999,2011,100,0.055000
1609060411.431681633,22.337999,2000,100,0.268000
1609060411.432528734,22.622999,2010,101,0.055000
1609060411.456690073,23.011000,2001,101,0.024000
1609060411.457461834,6.524000,2011,102,0.055000
1609060411.481751442,5.932000,2000,102,0.055000
1609060411.482185841,21.750999,2010,100,0.024000
1609060411.506717205,21.848000,2001,100,0.055000
1609060411.507397652,21.962999,2011,101,0.055000
1609060411.531734943,22.326000,2000,101,0.024000
1609060411.532473564,7.041000,2010,102,0.024000
1609060411.557835817,6.449000,2001,102,0.055000
1609060411.557984591,22.436001,2011,100,0.024000
1609060411.606658220,22.118000,2000,100,0.268000
1609060411.607481480,22.780001,2010,101,0.055000
1609060411.631248713,22.879999,2001,101,0.268000
1609060411.632453442,6.748000,2011,102,0.055000
1609060411.656733036,5.975000,2000,102,0.024000
1609060411.657405376,21.558001,2010,100,0.055000
1609060411.681707382,21.737000,2001,100,0.055000
1609060411.682333231,22.194000,2011,101,0.055000
1609060411.706684113,22.483000,2000,101,0.055000
1609060411.707443237,7.050000,2010,102,0.055000
1609060411.731733322,6.475000,2001,102,0.055000
1609060411.732162714,22.280001,2011,100,0.055000
1609060411.781658411,22.049000,2000,100,0.268000
1609060411.782546043,23.318001,2010,101,0.055000
1609060411.806255102,23.055000,2001,101,0.268000
1609060411.807470083,6.563000,2011,102,0.055000
1609060411.831766605,6.028000,2000,102,0.055000
1609060411.832411528,21.414000,2010,100,0.024000
1609060411.856688976,21.551001,2001,100,0.024000
1609060411.857506752,22.617001,2011,101,0.055000
1609060411.881706953,22.698999,2000,101,0.055000
1609060411.882442236,7.115000,2010,102,0.055000
1609060411.906760693,6.549000,2001,102,0.055000
1609060411.907360315,22.180000,2011,100,0.055000
1609060411.956678152,22.615000,2000,100,0.055000
1609060411.957366467,23.191000,2010,101,0.055000
1609060411.981222868,23.222000,2001,101,0.268000
1609060411.982448339,6.655000,2011,102,0.055000
1609060412.006744146,6.093000,2000,102,0.055000
1609060412.007203102,21.266001,2010,100,0.055000
1609060412.031654596,21.408001,2001,100,0.055000
1609060412.032427549,22.792000,2011,101,0.055000
1609060412.056671858,22.884001,2000,101,0.055000
1609060412.057514906,7.134000,2010,102,0.055000
1609060412.081725836,6.718000,2001,102,0.055000
1609060412.082176447,22.030001,2011,100,0.024000
1609060412.131233931,22.041000,2000,100,0.268000
1609060412.132445335,23.670000,2010,101,0.055000
1609060412.156664610,23.754000,2001,101,0.055000
1609060412.157436132,6.719000,2011,102,0.055000
1609060412.181714296,6.171000,2000,102,0.055000
1609060412.182184458,21.146000,2010,100,0.055000
1609060412.206697226,21.252001,2001,100,0.055000
1609060412.207480192,22.974001,2011,101,0.055000
1609060412.231640339,23.063000,2000,101,0.024000
1609060412.232422590,7.161000,2010,102,0.055000
1609060412.256747484,6.772000,2001,102,0.055000
1609060412.257382393,21.875999,2011,100,0.055000
1609060412.306211710,21.230000,2000,100,0.129000
1609060412.307432652,23.612000,2010,101,0.055000
1609060412.331200600,23.593000,2001,101,0.268000
1609060412.332392454,6.796000,2011,102,0.055000
1609060412.356737137,6.252000,2000,102,0.055000
1609060412.357155800,20.982000,2010,100,0.024000
1609060412.381665707,21.096001,2001,100,0.024000
1609060412.382198811,22.943001,2011,101,0.055000
1609060412.406655788,23.250000,2000,101,0.055000
1609060412.407485485,7.297000,2010,102,0.055000
1609060412.431717396,6.886000,2001,102,0.055000
1609060412.432393074,21.652000,2011,100,0.055000
1609060412.481631041,21.406000,2000,100,0.268000
1609060412.482401133,24.035999,2010,101,0.055000
1609060412.506237268,23.761000,2001,101,0.268000
1609060412.507433653,6.887000,2011,102,0.055000
1609060412.531678438,6.313000,2000,102,0.055000
1609060412.532119751,20.771999,2010,100,0.055000
1609060412.556668997,20.957001,2001,100,0.024000
1609060412.557389736,23.125000,2011,101,0.055000
1609060412.581639767,23.381001,2000,101,0.055000
1609060412.582479239,7.403000,2010,102,0.055000
1609060412.606467485,6.896000,2001,102,0.055000
1609060412.607489824,21.747000,2011,100,0.055000
1609060412.656620502,21.761999,2000,100,0.055000
1609060412.657393456,24.225000,2010,101,0.055000
1609060412.681633949,24.591000,2001,101,0.055000
1609060412.682399750,6.999000,2011,102,0.024000
1609060412.706693411,6.452000,2000,102,0.055000
1609060412.707162619,20.606001,2010,100,0.024000
1609060412.731668472,20.857000,2001,100,0.055000
1609060412.732153654,23.275999,2011,101,0.055000
1609060412.756637573,23.584000,2000,101,0.055000
1609060412.757427454,7.567000,2010,102,0.055000
1609060412.781741858,7.067000,2001,102,0.055000
1609060412.782498598,21.384001,2011,100,0.024000
1609060412.831641197,21.099001,2000,100,0.268000
1609060412.832436800,24.445999,2010,101,0.055000
1609060412.856632710,24.759001,2001,101,0.055000
1609060412.857345104,7.088000,2011,102,0.055000
1609060412.881700754,6.504000,2000,102,0.024000
1609060412.882355452,20.462000,2010,100,0.024000
1609060412.906626940,20.714001,2001,100,0.024000
1609060412.907457113,23.445000,2011,101,0.055000
1609060412.931638718,23.737000,2000,101,0.055000
1609060412.932378054,7.702000,2010,102,0.055000
1609060412.956630707,7.151000,2001,102,0.055000
1609060412.957379818,21.226999,2011,100,0.024000
1609060413.006659985,21.426001,2000,100,0.055000
1609060413.007490158,24.356001,2010,101,0.024000
1609060413.031147003,24.393000,2001,101,0.268000
1609060413.032457113,7.175000,2011,102,0.055000
1609060413.056450367,6.484000,2000,102,0.055000
1609060413.057122469,20.370001,2010,100,0.055000
1609060413.081619740,20.542000,2001,100,0.055000
1609060413.082409620,23.642000,2011,101,0.055000
1609060413.106660604,23.886000,2000,101,0.024000
1609060413.107414722,7.762000,2010,102,0.055000
1609060413.131739855,7.327000,2001,102,0.055000
1609060413.132163525,21.055000,2011,100,0.055000
1609060413.181606770,21.301001,2000,100,0.055000
1609060413.182431459,24.749001,2010,101,0.055000
1609060413.206190348,24.452000,2001,101,0.268000
1609060413.207348108,7.250000,2011,102,0.055000
1609060413.231710911,6.674000,2000,102,0.055000
1609060413.232156277,20.202000,2010,100,0.024000
1609060413.256628752,20.462000,2001,100,0.055000
1609060413.257436275,23.988001,2011,101,0.055000
1609060413.281653881,24.018999,2000,101,0.055000
1609060413.282480955,7.851000,2010,102,0.055000
1609060413.306696892,7.413000,2001,102,0.055000
1609060413.307157278,20.948000,2011,100,0.055000
1609060413.356608868,21.226000,2000,100,0.055000
1609060413.357390881,24.865000,2010,101,0.024000
1609060413.381142378,24.518000,2001,101,0.268000
1609060413.382495403,7.361000,2011,102,0.055000
1609060413.406664848,6.791000,2000,102,0.055000
1609060413.407187223,20.174999,2010,100,0.055000
1609060413.431599140,20.358000,2001,100,0.055000
1609060413.432396412,24.139000,2011,101,0.055000
1609060413.456608772,24.125000,2000,101,0.055000
1609060413.457401037,7.919000,2010,102,0.055000
1609060413.481667995,7.412000,2001,102,0.055000
1609060413.482378244,20.848000,2011,100,0.055000
1609060413.531586885,21.136000,2000,100,0.055000
1609060413.532396555,24.926001,2010,101,0.024000
1609060413.556630135,25.318001,2001,101,0.055000
1609060413.557342291,7.380000,2011,102,0.055000
1609060413.581692696,6.816000,2000,102,0.055000
1609060413.582258940,20.084000,2010,100,0.055000
1609060413.606586456,20.245001,2001,100,0.055000
1609060413.607428312,23.951000,2011,101,0.055000
1609060413.631610394,24.228001,2000,101,0.055000
1609060413.632401228,7.952000,2010,102,0.055000
1609060413.656160831,7.173000,2001,102,0.268000
1609060413.657425404,20.885000,2011,100,0.055000
1609060413.706576109,21.033001,2000,100,0.055000
1609060413.707395077,25.076000,2010,101,0.055000
1609060413.731586933,24.766001,2001,101,0.268000
1609060413.732326508,7.432000,2011,102,0.055000
1609060413.756677866,6.924000,2000,102,0.055000
1609060413.757310867,19.930000,2010,100,0.024000
1609060413.781570673,20.200001,2001,100,0.024000
1609060413.782464266,24.341999,2011,101,0.055000
1609060413.806618690,24.294001,2000,101,0.055000
1609060413.807371616,8.013000,2010,102,0.055000
1609060413.831715822,7.609000,2001,102,0.055000
1609060413.832581758,20.766001,2011,100,0.055000
1609060413.881572008,20.917999,2000,100,0.055000
1609060413.882378578,25.163000,2010,101,0.055000
1609060413.906597376,25.156000,2001,101,0.055000
1609060413.907347679,7.524000,2011,102,0.055000
1609060413.931628942,6.968000,2000,102,0.055000
1609060413.932322979,19.858000,2010,100,0.055000
1609060413.956611156,20.098000,2001,100,0.024000
1609060413.957404852,24.392000,2011,101,0.055000
1609060413.981608152,24.406000,2000,101,0.055000
1609060413.982457399,8.021000,2010,102,0.055000
1609060414.006188393,7.294000,2001,102,0.268000
1609060414.007386208,20.698999,2011,100,0.055000
1609060414.056619883,20.895000,2000,100,0.055000
1609060414.057379246,25.200001,2010,101,0.055000
1609060414.081604004,25.246000,2001,101,0.055000
1609060414.082430601,7.482000,2011,102,0.055000
1609060414.106650352,6.972000,2000,102,0.055000
1609060414.107327223,19.797001,2010,100,0.055000
1609060414.131586313,20.072001,2001,100,0.055000
1609060414.132061243,24.208000,2011,101,0.055000
1609060414.156574488,24.452000,2000,101,0.055000
1609060414.157404900,8.134000,2010,102,0.055000
1609060414.181121111,7.333000,2001,102,0.268000
1609060414.182400227,20.521999,2011,100,0.055000
1609060414.231548786,20.895000,2000,100,0.055000
1609060414.232377052,25.066000,2010,101,0.055000
1609060414.256567955,25.273001,2001,101,0.055000
1609060414.257345200,7.565000,2011,102,0.055000
1609060414.281654835,7.058000,2000,102,0.055000
1609060414.282354832,19.743000,2010,100,0.055000
1609060414.306594372,20.021999,2001,100,0.055000
1609060414.307381153,24.572001,2011,101,0.055000
1609060414.331546545,24.525000,2000,101,0.024000
1609060414.332351208,8.173000,2010,102,0.055000
1609060414.356611729,7.729000,2001,102,0.055000
1609060414.357344866,20.555000,2011,100,0.055000
1609060414.406566381,20.856001,2000,100,0.055000
1609060414.407335281,25.340000,2010,101,0.055000
1609060414.432271719,7.598000,2011,102,0.055000
1609060414.456665754,7.096000,2000,102,0.055000
1609060414.457090378,19.698000,2010,100,0.055000
1609060414.481616974,19.941999,2001,100,0.055000
1609060414.482381105,24.381001,2011,101,0.055000
1609060414.506610632,24.608000,2000,101,0.055000
1609060414.507349014,8.166000,2010,102,0.055000
1609060414.531106472,7.389000,2001,102,0.268000
1609060414.532346964,20.507999,2011,100,0.055000
1609060414.581560612,20.820999,2000,100,0.055000
1609060414.582391024,25.433001,2010,101,0.024000
1609060414.606121778,24.986000,2001,101,0.129000
1609060414.607312679,7.625000,2011,102,0.055000
1609060414.631656647,7.086000,2000,102,0.055000
1609060414.632495403,19.656000,2010,100,0.055000
1609060414.656552792,19.948999,2001,100,0.024000
1609060414.657366276,24.433001,2011,101,0.055000
1609060414.681576252,24.632000,2000,101,0.055000
1609060414.682317734,8.238000,2010,102,0.055000
1609060414.706651449,7.752000,2001,102,0.055000
1609060414.707281351,20.476999,2011,100,0.024000
1609060414.756574869,20.753000,2000,100,0.055000
1609060414.757376671,25.482000,2010,101,0.055000
1609060414.781570196,25.825001,2001,101,0.055000
1609060414.782340288,7.650000,2011,102,0.055000
1609060414.806344032,7.037000,2000,102,0.055000
1609060414.807081223,19.627001,2010,100,0.055000
1609060414.831593275,19.910000,2001,100,0.055000
1609060414.832350254,24.482000,2011,101,0.024000
1609060414.856544733,24.719000,2000,101,0.055000
1609060414.857327938,8.258000,2010,102,0.055000
1609060414.881133318,7.298000,2001,102,0.268000
1609060414.882277489,20.416000,2011,100,0.024000
1609060414.931531429,20.756001,2000,100,0.055000
1609060414.932345152,25.514999,2010,101,0.024000
1609060414.956538916,25.613001,2001,101,0.055000
1609060414.957326412,7.666000,2011,102,0.055000
1609060414.981612921,7.141000,2000,102,0.055000
1609060414.982316017,19.608000,2010,100,0.055000
1609060415.006555796,19.882999,2001,100,0.055000
1609060415.007317781,24.445999,2011,101,0.055000
1609060415.031536579,24.767000,2000,101,0.055000
1609060415.032341003,8.276000,2010,102,0.055000
1609060415.056644917,7.850000,2001,102,0.055000
1609060415.057308674,20.398001,2011,100,0.024000
1609060415.106569290,20.666000,2000,100,0.268000
1609060415.107321262,25.555000,2010,101,0.055000
1609060415.131564140,25.659000,2001,101,0.055000
1609060415.132390499,7.678000,2011,102,0.055000
1609060415.156621933,7.157000,2000,102,0.055000
1609060415.157284021,19.577000,2010,100,0.055000
1609060415.182375193,24.750999,2011,101,0.055000
1609060415.206528425,24.813000,2000,101,0.055000
1609060415.207350731,8.304000,2010,102,0.055000
1609060415.231076241,7.506000,2001,102,0.268000
1609060415.232347488,20.407000,2011,100,0.055000
1609060415.281563282,20.676001,2000,100,0.055000
1609060415.282356739,25.566000,2010,101,0.055000
1609060415.306560755,25.735001,2001,101,0.055000
1609060415.307364702,7.706000,2011,102,0.055000
1609060415.331643820,7.221000,2000,102,0.024000
1609060415.332266331,19.555000,2010,100,0.055000
1609060415.356549740,19.806999,2001,100,0.055000
1609060415.357230186,24.600000,2011,101,0.055000
1609060415.381541491,24.851000,2000,101,0.055000
1609060415.382335186,8.286000,2010,102,0.055000
1609060415.406621456,7.979000,2001,102,0.055000
1609060415.407270670,20.341000,2011,100,0.024000
1609060415.456107378,20.282000,2000,100,0.268000
1609060415.457318068,25.618000,2010,101,0.055000
1609060415.481514692,25.986000,2001,101,0.055000
1609060415.482279539,7.727000,2011,102,0.055000
1609060415.506629467,7.205000,2000,102,0.055000
1609060415.507070541,19.577000,2010,100,0.024000
1609060415.531533718,19.837999,2001,100,0.055000
1609060415.532332659,24.864000,2011,101,0.055000
1609060415.556580067,24.865999,2000,101,0.055000
1609060415.557289124,8.387000,2010,102,0.055000
1609060415.581067801,7.541000,2001,102,0.268000
1609060415.582284927,20.346001,2011,100,0.055000
1609060415.631488562,20.635000,2000,100,0.024000
1609060415.632035971,25.365999,2010,101,0.055000
1609060415.656515360,25.950001,2001,101,0.055000
1609060415.657283306,7.756000,2011,102,0.055000
1609060415.681333542,7.143000,2000,102,0.055000
1609060415.682053804,19.561001,2010,100,0.055000
1609060415.706547022,19.795000,2001,100,0.055000
1609060415.707323551,24.615999,2011,101,0.055000
1609060415.731508493,24.884001,2000,101,0.055000
1609060415.732309580,8.372000,2010,102,0.055000
1609060415.756600380,7.915000,2001,102,0.055000
1609060415.757284880,20.327000,2011,100,0.055000
1609060415.806529522,20.601999,2000,100,0.055000
1609060415.807426929,25.430000,2010,101,0.024000
1609060415.831531763,25.986000,2001,101,0.055000
1609060415.832256079,7.772000,2011,102,0.055000
1609060415.856577158,7.234000,2000,102,0.055000
1609060415.857051134,19.520000,2010,100,0.055000
1609060415.881565809,19.837000,2001,100,0.055000
1609060415.882059336,24.631001,2011,101,0.055000
1609060415.906502724,24.843000,2000,101,0.055000
1609060415.907306671,8.362000,2010,102,0.055000
1609060415.931346178,7.876000,2001,102,0.055000
1609060415.932316303,20.381001,2011,100,0.055000
1609060415.981506586,20.608000,2000,100,0.055000
1609060415.982329607,25.434999,2010,101,0.055000
1609060416.006592989,25.784000,2001,101,0.055000
1609060416.007293940,7.769000,2011,102,0.055000
1609060416.031343937,7.157000,2000,102,0.055000
1609060416.032009840,19.535999,2010,100,0.055000
1609060416.056564093,19.834999,2001,100,0.055000
1609060416.057315826,24.868999,2011,101,0.055000
1609060416.081517220,24.854000,2000,101,0.055000
1609060416.082288742,8.263000,2010,102,0.055000
1609060416.106370211,7.800000,2001,102,0.055000
1609060416.107290268,20.381001,2011,100,0.024000
1609060416.156487465,20.657000,2000,100,0.024000
1609060416.157289982,25.653999,2010,101,0.055000
1609060416.181545734,25.780001,2001,101,0.055000
1609060416.182335615,7.775000,2011,102,0.024000
1609060416.206583023,7.227000,2000,102,0.055000
1609060416.207231045,19.539000,2010,100,0.024000
1609060416.231562614,19.846001,2001,100,0.055000
1609060416.232276917,24.839001,2011,101,0.055000
1609060416.256497383,24.864000,2000,101,0.055000
1609060416.257297039,8.291000,2010,102,0.055000
1609060416.281065226,7.554000,2001,102,0.268000
1609060416.282328129,20.357000,2011,100,0.024000
1609060416.331508636,20.639000,2000,100,0.055000
1609060416.332365036,25.624001,2010,101,0.055000
1609060416.356513739,25.747999,2001,101,0.055000
1609060416.357290983,7.772000,2011,102,0.055000
1609060416.381587029,7.265000,2000,102,0.055000
1609060416.382271290,19.544001,2010,100,0.055000
1609060416.406508684,19.864000,2001,100,0.055000
1609060416.407276154,24.841999,2011,101,0.055000
1609060416.431500912,24.902000,2000,101,0.055000
1609060416.432267427,8.298000,2010,102,0.055000
1609060416.456035376,7.530000,2001,102,0.268000
1609060416.457279921,20.372000,2011,100,0.024000
1609060416.506485462,20.583000,2000,100,0.055000
1609060416.507277250,25.639999,2010,101,0.055000
1609060416.531517982,25.712999,2001,101,0.055000
1609060416.532272577,7.779000,2011,102,0.055000
1609060416.556493044,7.187000,2000,102,0.055000
1609060416.557201385,19.558001,2010,100,0.055000
1609060416.581464529,19.875999,2001,100,0.055000
1609060416.582293749,24.889000,2011,101,0.055000
1609060416.606458426,24.903000,2000,101,0.024000
1609060416.607263803,8.257000,2010,102,0.055000
1609060416.631308794,7.835000,2001,102,0.055000
1609060416.632259130,20.414000,2011,100,0.055000
1609060416.681441307,20.691999,2000,100,0.055000
1609060416.682270765,25.711000,2010,101,0.055000
1609060416.706503153,25.724001,2001,101,0.055000
1609060416.707216263,7.763000,2011,102,0.055000
1609060416.731259108,7.144000,2000,102,0.055000
1609060416.732261658,19.565001,2010,100,0.055000
1609060416.756462812,19.881001,2001,100,0.055000
1609060416.757352591,24.899000,2011,101,0.055000
1609060416.781571388,24.927999,2000,101,0.055000
1609060416.782354116,8.355000,2010,102,0.055000
1609060416.806273222,7.866000,2001,102,0.055000
1609060416.807255745,20.391001,2011,100,0.055000
1609060416.855998755,20.364000,2000,100,0.268000
1609060416.857245445,25.506001,2010,101,0.024000
1609060416.880987644,25.173000,2001,101,0.268000
1609060416.882210255,7.752000,2011,102,0.024000
1609060416.906537771,7.213000,2000,102,0.055000
1609060416.907348156,19.587000,2010,100,0.055000
1609060416.931487799,19.907000,2001,100,0.055000
1609060416.932249069,24.917000,2011,101,0.055000
1609060416.956505299,24.885000,2000,101,0.055000
1609060416.957262516,8.350000,2010,102,0.055000
1609060416.981012344,7.419000,2001,102,0.268000
1609060416.982308388,20.450001,2011,100,0.055000
1609060417.031479120,20.764000,2000,100,0.055000
1609060417.031987906,25.476000,2010,101,0.024000
1609060417.056523800,25.790001,2001,101,0.055000
1609060417.057275295,7.726000,2011,102,0.055000
1609060417.081440210,7.141000,2000,102,0.024000
1609060417.082172632,19.625000,2010,100,0.024000
1609060417.106476068,19.948000,2001,100,0.024000
1609060417.107262850,24.952999,2011,101,0.055000
1609060417.131465673,24.934000,2000,101,0.055000
1609060417.132159233,7.964000,2010,102,0.268000
1609060417.156039476,7.489000,2001,102,0.268000
1609060417.157199860,20.486000,2011,100,0.055000
1609060417.206426859,20.761999,2000,100,0.055000
1609060417.207280397,25.469000,2010,101,0.055000
1609060417.231495142,25.785999,2001,101,0.055000
1609060417.232208014,7.698000,2011,102,0.055000
1609060417.256560326,7.196000,2000,102,0.055000
1609060417.257308960,19.665001,2010,100,0.055000
1609060417.281442404,19.972000,2001,100,0.055000
1609060417.282300711,24.951000,2011,101,0.055000
1609060417.306458473,24.902000,2000,101,0.055000
1609060417.307273388,8.212000,2010,102,0.055000
1609060417.331540823,7.816000,2001,102,0.055000
1609060417.332247496,20.516001,2011,100,0.024000
1609060417.381458044,20.837999,2000,100,0.055000
1609060417.382184267,25.473000,2010,101,0.055000
1609060417.406022549,25.370001,2001,101,0.268000
1609060417.407278299,7.673000,2011,102,0.055000
1609060417.431276798,7.068000,2000,102,0.055000
1609060417.432187080,19.719999,2010,100,0.055000
1609060417.456448078,20.099001,2001,100,0.024000
1609060417.457311153,24.768000,2011,101,0.055000
1609060417.481490612,24.808001,2000,101,0.055000
1609060417.481720686,7.908000,2010,102,0.268000
1609060417.506555319,7.767000,2001,102,0.055000
1609060417.507236004,20.552999,2011,100,0.055000
1609060417.556449890,20.945999,2000,100,0.055000
1609060417.557299376,25.524000,2010,101,0.055000
1609060417.581027031,25.111000,2001,101,0.268000
1609060417.582279921,7.659000,2011,102,0.055000
1609060417.606456518,6.990000,2000,102,0.055000
1609060417.607187986,19.785000,2010,100,0.055000
1609060417.631488800,20.207001,2001,100,0.055000
1609060417.632261515,24.702000,2011,101,0.055000
1609060417.656459093,24.739000,2000,101,0.055000
1609060417.657209635,8.130000,2010,102,0.055000
1609060417.681526661,7.639000,2001,102,0.055000
1609060417.682273626,20.598000,2011,100,0.055000
1609060417.731486797,20.983000,2000,100,0.055000
1609060417.731992245,25.415001,2010,101,0.055000
1609060417.756014824,25.174999,2001,101,0.268000
1609060417.756953001,7.590000,2011,102,0.024000
1609060417.781253099,7.009000,2000,102,0.055000
1609060417.782341242,19.858000,2010,100,0.055000
1609060417.806506634,20.302000,2001,100,0.055000
1609060417.807382345,24.855000,2011,101,0.055000
1609060417.831456661,24.662001,2000,101,0.055000
1609060417.831957340,8.028000,2010,102,0.055000
1609060417.856544733,7.633000,2001,102,0.055000
1609060417.857319117,20.700001,2011,100,0.055000
1609060417.906454325,21.066999,2000,100,0.055000
1609060417.907180309,25.365000,2010,101,0.055000
1609060417.931412220,25.587999,2001,101,0.055000
1609060417.932270527,7.481000,2011,102,0.055000
1609060417.956444979,6.908000,2000,102,0.055000
1609060417.957262516,19.951000,2010,100,0.055000
1609060417.981445312,20.393999,2001,100,0.055000
1609060417.982300997,24.791000,2011,101,0.055000
1609060418.006491661,24.636999,2000,101,0.055000
1609060418.007215977,8.027000,2010,102,0.055000
1609060418.031507492,7.529000,2001,102,0.055000
1609060418.032196760,20.785999,2011,100,0.055000
1609060418.081446409,21.153999,2000,100,0.055000
1609060418.082254648,25.415001,2010,101,0.055000
1609060418.105984926,25.056999,2001,101,0.268000
1609060418.107126474,7.426000,2011,102,0.055000
1609060418.131247282,6.880000,2000,102,0.055000
1609060418.132131815,20.033001,2010,100,0.055000
1609060418.156424761,20.479000,2001,100,0.055000
1609060418.157246590,24.473000,2011,101,0.024000
1609060418.181442261,24.554001,2000,101,0.055000
1609060418.182228804,7.959000,2010,102,0.055000
1609060418.206231594,7.369000,2001,102,0.055000
1609060418.207065105,20.724001,2011,100,0.055000
1609060418.256458998,21.240999,2000,100,0.055000
1609060418.257247210,25.330000,2010,101,0.055000
1609060418.281448364,25.306000,2001,101,0.055000
1609060418.282013416,7.359000,2011,102,0.055000
1609060418.306232929,6.771000,2000,102,0.055000
1609060418.307154179,20.129999,2010,100,0.024000
1609060418.331403494,20.577999,2001,100,0.055000
1609060418.332200289,24.389999,2011,101,0.024000
1609060418.356433630,24.462000,2000,101,0.024000
1609060418.357174158,7.882000,2010,102,0.055000
1609060418.381241322,7.290000,2001,102,0.055000
1609060418.382244110,20.934000,2011,100,0.055000
1609060418.431377411,21.346001,2000,100,0.055000
1609060418.432182789,25.225000,2010,101,0.055000
1609060418.456408739,25.326000,2001,101,0.024000
1609060418.457115173,7.288000,2011,102,0.055000
1609060418.481180191,6.696000,2000,102,0.055000
1609060418.482130289,20.230000,2010,100,0.024000
1609060418.506443501,20.648001,2001,100,0.055000
1609060418.507180929,24.319000,2011,101,0.024000
1609060418.531437159,24.322001,2000,101,0.055000
1609060418.532190084,7.806000,2010,102,0.055000
1609060418.556212425,7.203000,2001,102,0.055000
1609060418.557241201,21.045000,2011,100,0.055000
1609060418.606433868,21.452000,2000,100,0.055000
1609060418.606686592,24.635000,2010,101,0.268000
1609060418.631374121,25.174000,2001,101,0.055000
1609060418.632203102,7.211000,2011,102,0.055000
1609060418.656434774,6.590000,2000,102,0.055000
1609060418.657107115,20.343000,2010,100,0.055000
1609060418.681445122,20.760000,2001,100,0.055000
1609060418.682210207,24.242001,2011,101,0.055000
1609060418.706430435,24.232000,2000,101,0.024000
1609060418.707170010,7.724000,2010,102,0.055000
1609060418.731524706,7.192000,2001,102,0.055000
1609060418.732220888,21.191000,2011,100,0.055000
1609060418.781401157,21.566999,2000,100,0.055000
1609060418.781942129,24.877001,2010,101,0.055000
1609060418.806418896,25.049000,2001,101,0.024000
1609060418.807179451,7.147000,2011,102,0.055000
1609060418.831217766,6.547000,2000,102,0.055000
1609060418.832174778,20.448999,2010,100,0.055000
1609060418.856471300,20.872000,2001,100,0.055000
1609060418.857284307,24.319000,2011,101,0.055000
1609060418.881392002,24.021999,2000,101,0.055000
1609060418.882180452,7.637000,2010,102,0.055000
1609060418.906475306,7.138000,2001,102,0.055000
1609060418.906896114,21.145000,2011,100,0.055000
1609060418.956394672,21.676001,2000,100,0.055000
1609060418.957193613,24.861000,2010,101,0.055000
1609060418.981426239,24.909000,2001,101,0.055000
1609060418.982340574,7.204000,2011,102,0.024000
1609060419.006444216,6.475000,2000,102,0.055000
1609060419.007159948,20.568001,2010,100,0.055000
1609060419.031410694,21.030001,2001,100,0.055000
1609060419.032201529,23.938999,2011,101,0.055000
1609060419.056417465,23.952999,2000,101,0.055000
1609060419.057166815,7.552000,2010,102,0.055000
1609060419.081431866,7.033000,2001,102,0.055000
1609060419.082235336,21.415001,2011,100,0.055000
1609060419.131380320,21.808001,2000,100,0.055000
1609060419.132216215,24.648001,2010,101,0.055000
1609060419.156399488,24.757999,2001,101,0.055000
1609060419.157225847,7.144000,2011,102,0.055000
1609060419.181430101,6.408000,2000,102,0.055000
1609060419.182169676,20.688999,2010,100,0.055000
1609060419.206376553,21.128000,2001,100,0.055000
1609060419.207196474,23.681999,2011,101,0.055000
1609060419.231354713,23.768999,2000,101,0.055000
1609060419.232286215,7.433000,2010,102,0.055000
1609060419.256185770,6.788000,2001,102,0.055000
1609060419.257162571,21.452000,2011,100,0.024000
1609060419.306381702,21.922001,2000,100,0.055000
1609060419.307179928,24.547001,2010,101,0.055000
1609060419.331429482,24.608999,2001,101,0.055000
1609060419.332156897,7.010000,2011,102,0.024000
1609060419.356413364,6.325000,2000,102,0.055000
1609060419.357126474,20.820999,2010,100,0.055000
1609060419.381407261,21.292999,2001,100,0.024000
1609060419.382188082,23.674000,2011,101,0.055000
1609060419.406388521,23.600000,2000,101,0.055000
1609060419.407156229,7.356000,2010,102,0.055000
1609060419.431473017,6.810000,2001,102,0.055000
1609060419.432123661,21.480000,2011,100,0.055000
1609060419.481399775,22.042000,2000,100,0.055000
1609060419.482078075,24.381001,2010,101,0.055000
1609060419.505932570,24.045000,2001,101,0.268000
1609060419.507097960,7.017000,2011,102,0.055000
1609060419.531373501,6.302000,2000,102,0.055000
1609060419.532094240,20.940001,2010,100,0.024000
1609060419.556410551,21.420000,2001,100,0.055000
1609060419.557189703,23.539000,2011,101,0.055000
1609060419.581389904,23.462000,2000,101,0.055000
1609060419.582219601,7.283000,2010,102,0.055000
1609060419.606182337,6.577000,2001,102,0.055000
1609060419.607111692,21.601000,2011,100,0.055000
1609060419.655922651,21.905001,2000,100,0.268000
1609060419.656895876,24.254000,2010,101,0.055000
1609060419.681376457,24.238001,2001,101,0.055000
1609060419.682086706,6.930000,2011,102,0.055000
1609060419.706437111,6.296000,2000,102,0.055000
1609060419.707108498,21.049000,2010,100,0.055000
1609060419.731372595,21.562000,2001,100,0.055000
1609060419.732164860,23.367001,2011,101,0.055000
1609060419.756362915,23.315001,2000,101,0.055000
1609060419.757150650,7.218000,2010,102,0.055000
1609060419.781483650,6.650000,2001,102,0.055000
1609060419.782210112,21.700001,2011,100,0.055000
1609060419.831346750,22.291000,2000,100,0.055000
1609060419.832165480,24.160000,2010,101,0.055000
1609060419.856362820,24.136000,2001,101,0.055000
1609060419.857151747,6.930000,2011,102,0.055000
1609060419.881361723,6.212000,2000,102,0.055000
1609060419.882136345,21.169001,2010,100,0.055000
1609060419.906366587,21.677999,2001,100,0.055000
1609060419.906906128,23.198000,2011,101,0.055000
1609060419.931370735,23.177000,2000,101,0.055000
1609060419.932151079,7.193000,2010,102,0.055000
1609060419.956427574,6.577000,2001,102,0.055000
1609060419.956889391,21.850000,2011,100,0.055000
1609060420.006375313,22.275999,2000,100,0.055000
1609060420.006865501,23.959999,2010,101,0.055000
1609060420.031403780,23.999001,2001,101,0.055000
1609060420.032092094,6.803000,2011,102,0.024000
1609060420.056394815,6.210000,2000,102,0.055000
1609060420.057113409,21.290001,2010,100,0.055000
1609060420.081315279,21.820000,2001,100,0.055000
1609060420.082324743,23.150000,2011,101,0.055000
1609060420.106406212,23.031000,2000,101,0.055000
1609060420.106868505,7.047000,2010,102,0.055000
1609060420.131408930,6.523000,2001,102,0.055000
1609060420.132107735,21.914000,2011,100,0.055000
1609060420.181327581,22.476999,2000,100,0.055000
1609060420.182069302,23.830000,2010,101,0.055000
1609060420.231364489,6.166000,2000,102,0.055000
1609060420.232071877,21.408001,2010,100,0.055000
1609060420.256393194,21.950001,2001,100,0.055000
1609060420.257189035,23.223000,2011,101,0.055000
1609060420.281390905,22.875999,2000,101,0.055000
1609060420.282148123,6.970000,2010,102,0.055000
1609060420.306146860,6.321000,2001,102,0.024000
1609060420.306839705,22.055000,2011,100,0.024000
1609060420.357432842,22.566999,2000,100,0.055000
1609060420.357622147,23.709999,2010,101,0.055000
1609060420.381392002,23.729000,2001,101,0.055000
1609060420.406325102,6.130000,2000,102,0.055000
1609060420.407127857,21.530001,2010,100,0.055000
1609060420.432254314,22.056999,2001,100,0.024000
1609060420.432428360,23.056000,2011,101,0.055000
1609060420.456359625,22.732000,2000,101,0.055000
1609060420.457106590,6.891000,2010,102,0.055000
1609060420.481401682,6.366000,2001,102,0.055000
1609060420.482080936,22.113001,2011,100,0.024000
1609060420.531313658,22.721001,2000,100,0.055000
1609060420.556315184,23.590000,2001,101,0.055000
1609060420.557024002,6.671000,2011,102,0.055000
1609060420.581334352,6.173000,2000,102,0.055000
1609060420.582106590,21.660000,2010,100,0.055000
1609060420.606363297,22.194000,2001,100,0.055000
1609060420.607125998,22.980000,2011,101,0.055000
1609060420.631335974,22.583000,2000,101,0.055000
1609060420.632077694,6.800000,2010,102,0.024000
1609060420.656109571,6.180000,2001,102,0.055000
1609060420.657066822,22.219999,2011,100,0.055000
1609060420.706288099,22.712999,2000,100,0.055000
1609060420.707039833,23.455000,2010,101,0.055000
1609060420.731319189,23.423000,2001,101,0.055000
1609060420.756307840,6.128000,2000,102,0.055000
1609060420.757092237,21.778999,2010,100,0.024000
1609060420.781315565,22.327999,2001,100,0.024000
1609060420.781899691,22.575001,2011,101,0.055000
1609060420.806330681,22.438000,2000,101,0.055000
1609060420.807080030,6.719000,2010,102,0.055000
1609060420.831109762,6.142000,2001,102,0.055000
1609060420.832030773,22.327999,2011,100,0.055000
1609060420.881270170,22.809000,2000,100,0.268000
1609060420.881578922,22.978001,2010,101,0.268000
1609060420.906362772,23.284000,2001,101,0.024000
1609060420.907032967,6.642000,2011,102,0.055000
1609060420.931328773,6.101000,2000,102,0.055000
1609060420.932149172,21.893999,2010,100,0.055000
1609060420.956340551,22.458000,2001,100,0.055000
1609060420.957126617,22.563999,2011,101,0.055000
1609060420.981306553,22.285999,2000,101,0.055000
1609060421.006308317,6.034000,2001,102,0.055000
1609060421.007022619,22.459000,2011,100,0.055000
1609060421.056301117,23.087999,2000,100,0.055000
1609060421.057012320,23.238001,2010,101,0.055000
1609060421.081300497,23.118000,2001,101,0.055000
1609060421.082074404,6.587000,2011,102,0.055000
1609060421.106295109,6.049000,2000,102,0.055000
1609060421.107032061,22.013000,2010,100,0.055000
1609060421.131324768,22.627001,2001,100,0.055000
1609060421.132092953,22.353001,2011,101,0.055000
1609060421.156306028,22.110001,2000,101,0.055000
1609060421.157061815,6.607000,2010,102,0.055000
1609060421.181304216,5.990000,2001,102,0.024000
1609060421.182052612,22.517000,2011,100,0.055000
1609060421.231297493,23.030001,2000,100,0.055000
1609060421.231587648,22.712999,2010,101,0.268000
1609060421.256338835,22.972000,2001,101,0.055000
1609060421.257078171,6.609000,2011,102,0.024000
1609060421.281341791,6.001000,2000,102,0.055000
1609060421.282076120,22.122999,2010,100,0.055000
1609060421.306336164,22.740000,2001,100,0.055000
1609060421.307120800,22.264999,2011,101,0.055000
1609060421.331360579,21.982000,2000,101,0.055000
1609060421.356272459,5.949000,2001,102,0.055000
1609060421.357039213,22.608000,2011,100,0.055000
1609060421.405867577,23.011000,2000,100,0.268000
1609060421.407001972,22.955999,2010,101,0.055000
1609060421.431347847,22.775000,2001,101,0.024000
1609060421.432004690,6.585000,2011,102,0.055000
1609060421.456307411,6.018000,2000,102,0.055000
1609060421.457069159,22.221001,2010,100,0.055000
1609060421.481290340,22.822001,2001,100,0.055000
1609060421.481840372,22.042999,2011,101,0.055000
1609060421.506274939,21.792000,2000,101,0.055000
1609060421.507040739,6.728000,2010,102,0.055000
1609060421.531346321,5.956000,2001,102,0.055000
1609060421.532075882,22.698999,2011,100,0.055000
1609060421.581291199,23.228001,2000,100,0.055000
1609060421.582014561,22.795000,2010,101,0.055000
1609060421.606343031,22.605000,2001,101,0.055000
1609060421.607065201,6.638000,2011,102,0.055000
1609060421.631061077,6.055000,2000,102,0.055000
1609060421.632072687,22.329000,2010,100,0.055000
1609060421.656271696,22.968000,2001,100,0.055000
1609060421.656928778,21.906000,2011,101,0.055000
1609060421.681300640,21.655001,2000,101,0.055000
1609060421.681809664,6.645000,2010,102,0.055000
1609060421.706290722,5.930000,2001,102,0.055000
1609060421.707037449,22.782000,2011,100,0.024000
1609060421.756304264,23.471001,2000,100,0.055000
1609060421.781300306,22.424000,2001,101,0.055000
1609060421.782141924,6.732000,2011,102,0.055000
1609060421.806066275,6.125000,2000,102,0.055000
1609060421.807027102,22.430000,2010,100,0.024000
1609060421.831294775,23.040001,2001,100,0.055000
1609060421.832098246,21.834000,2011,101,0.055000
1609060421.856293678,21.490000,2000,101,0.055000
1609060421.881980658,22.843000,2011,100,0.055000
1609060421.931305647,23.400000,2000,100,0.055000
1609060421.956264257,22.285999,2001,101,0.024000
1609060421.957052946,6.774000,2011,102,0.055000
1609060421.981110334,6.101000,2000,102,0.024000
1609060421.982084036,22.521999,2010,100,0.055000
1609060422.006263494,23.134001,2001,100,0.055000
1609060422.007127523,21.695999,2011,101,0.024000
1609060422.031351805,21.327999,2000,101,0.024000
1609060422.032167673,6.579000,2010,102,0.024000
1609060422.056972265,22.931000,2011,100,0.024000
1609060422.106256962,23.482000,2000,100,0.055000
1609060422.131223679,22.059999,2001,101,0.055000
1609060422.132066250,6.819000,2011,102,0.055000
1609060422.156344891,6.266000,2000,102,0.055000
1609060422.157027006,22.613001,2010,100,0.055000
1609060422.181268454,23.246000,2001,100,0.055000
1609060422.182008266,21.502001,2011,101,0.055000
1609060422.231239319,5.765000,2001,102,0.268000
1609060422.232012510,23.004000,2011,100,0.055000
1609060422.281262159,23.541000,2000,100,0.268000
1609060422.306085110,21.927999,2001,101,0.055000
1609060422.307059765,6.860000,2011,102,0.055000
1609060422.331352711,6.334000,2000,102,0.055000
1609060422.356274843,23.336000,2001,100,0.055000
1609060422.356857538,21.323000,2011,101,0.055000
1609060422.381282330,20.995001,2000,101,0.055000
1609060422.382136583,6.859000,2010,102,0.055000
1609060422.406962156,23.070000,2011,100,0.055000
1609060422.456255436,40.207001,2000,100,0.055000
1609060422.456999779,21.791000,2010,101,0.268000
1609060422.481349468,21.785000,2001,101,0.055000
1609060422.482020140,6.901000,2011,102,0.055000
1609060422.506345510,6.354000,2000,102,0.055000
1609060422.507048845,22.785000,2010,100,0.055000
1609060422.531226873,23.465000,2001,100,0.024000
1609060422.531965971,21.212000,2011,101,0.055000
1609060422.556286097,20.827999,2000,101,0.024000
1609060422.557085752,6.670000,2010,102,0.055000
1609060422.582001686,23.129000,2011,100,0.024000
1609060422.631218433,23.816999,2000,100,0.055000
1609060422.631523609,21.080999,2010,101,0.129000
1609060422.656331778,21.610001,2001,101,0.055000
1609060422.657011986,6.930000,2011,102,0.055000
1609060422.681293249,6.425000,2000,102,0.024000
1609060422.681979895,22.871000,2010,100,0.055000
1609060422.706236601,23.559999,2001,100,0.055000
1609060422.731261730,20.625999,2000,101,0.055000
1609060422.732037306,6.608000,2010,102,0.055000
1609060422.756252289,5.970000,2001,102,0.055000
1609060422.757023096,23.193001,2011,100,0.055000
1609060422.806230545,23.878000,2000,100,0.055000
1609060422.831338406,21.438000,2001,101,0.055000
1609060422.832031012,7.014000,2011,102,0.055000
1609060422.856331587,6.542000,2000,102,0.055000
1609060422.856986761,22.976000,2010,100,0.055000
1609060422.881263256,23.646000,2001,100,0.055000
1609060422.906248093,20.502001,2000,101,0.055000
1609060422.907019615,6.702000,2010,102,0.055000
1609060422.931235552,6.013000,2001,102,0.055000
1609060422.932016611,23.246000,2011,100,0.024000
1609060422.981273890,23.938999,2000,100,0.055000
1609060422.982114553,21.559000,2010,101,0.055000
1609060423.006357670,21.267000,2001,101,0.055000
1609060423.007034063,7.093000,2011,102,0.055000
1609060423.031018019,6.535000,2000,102,0.055000
1609060423.031940699,23.010000,2010,100,0.055000
1609060423.056209564,23.653999,2001,100,0.024000
1609060423.081257820,20.353001,2000,101,0.055000
1609060423.082030296,6.713000,2010,102,0.055000
1609060423.106967449,23.294001,2011,100,0.055000
1609060423.156342030,23.989000,2000,100,0.055000
1609060423.181299925,21.096001,2001,101,0.055000
1609060423.182034969,7.221000,2011,102,0.055000
1609060423.206342220,6.752000,2000,102,0.055000
1609060423.231250286,23.750000,2001,100,0.024000
1609060423.256212234,20.156000,2000,101,0.055000
1609060423.257046938,6.696000,2010,102,0.055000
1609060423.281216621,6.149000,2001,102,0.055000
1609060423.282078505,23.365999,2011,100,0.055000
1609060423.331184387,24.037001,2000,100,0.055000
1609060423.356331110,20.937000,2001,101,0.055000
1609060423.357008457,7.249000,2011,102,0.055000
1609060423.406158209,23.787001,2001,100,0.024000
1609060423.431269407,20.070999,2000,101,0.055000
1609060423.432038069,6.846000,2010,102,0.055000
1609060423.456219196,6.251000,2001,102,0.055000
1609060423.456953526,23.355000,2011,100,0.055000
1609060423.506223917,24.106001,2000,100,0.024000
1609060423.531001806,20.705000,2001,101,0.055000
1609060423.532016754,7.432000,2011,102,0.055000
1609060423.556285858,7.049000,2000,102,0.055000
1609060423.556945801,23.197001,2010,100,0.056000
1609060423.581193447,23.872999,2001,100,0.055000
1609060423.581953526,20.457001,2011,101,0.055000
1609060423.606245279,19.902000,2000,101,0.055000
1609060423.607000828,6.891000,2010,102,0.055000
1609060423.631004572,6.350000,2001,102,0.055000
1609060423.631915092,23.389000,2011,100,0.055000
1609060423.681212187,24.139000,2000,100,0.024000
1609060423.706320047,20.594000,2001,101,0.055000
1609060423.707034826,7.498000,2011,102,0.055000
1609060423.731294155,7.200000,2000,102,0.055000
1609060423.732041836,40.348000,2010,100,0.055000
1609060423.756224632,23.927999,2001,100,0.055000
1609060423.781220436,19.823999,2000,101,0.055000
1609060423.782049894,7.048000,2010,102,0.055000
1609060423.805966616,6.468000,2001,102,0.055000
1609060423.806978226,23.412001,2011,100,0.055000
1609060423.856208324,24.204000,2000,100,0.055000
1609060423.881217718,20.427000,2001,101,0.055000
1609060423.881713629,7.510000,2011,102,0.055000
1609060423.906255722,7.327000,2000,102,0.024000
1609060423.906949759,57.452999,2010,100,0.055000
1609060423.931293726,23.975000,2001,100,0.024000
1609060423.956189156,19.680000,2000,101,0.055000
1609060423.956924438,7.143000,2010,102,0.055000
1609060423.981011391,6.587000,2001,102,0.055000
1609060423.981973648,23.429001,2011,100,0.024000
1609060424.031224489,24.128000,2000,100,0.055000
1609060424.056184292,20.285999,2001,101,0.055000
1609060424.057027102,7.734000,2011,102,0.055000
1609060424.106156826,24.013000,2001,100,0.055000
1609060424.131250143,19.558001,2000,101,0.055000
1609060424.132026672,7.201000,2010,102,0.055000
1609060424.156285524,6.768000,2001,102,0.055000
1609060424.156948090,23.436001,2011,100,0.055000
1609060424.206231356,41.356998,2000,100,0.056000
1609060424.231198549,20.150999,2001,101,0.055000
1609060424.231967211,7.865000,2011,102,0.055000
1609060424.256215572,7.590000,2000,102,0.055000
1609060424.256958008,57.764000,2010,100,0.056000
1609060424.281279802,24.018000,2001,100,0.055000
1609060424.306190491,19.499001,2000,101,0.024000
1609060424.306979418,7.308000,2010,102,0.055000
1609060424.330995560,6.807000,2001,102,0.055000
1609060424.331899881,23.441000,2011,100,0.055000
1609060424.381228924,58.763000,2000,100,0.056000
1609060424.406176805,20.038000,2001,101,0.055000
1609060424.406426668,7.376000,2011,102,0.268000
1609060424.431257725,7.739000,2000,102,0.024000
1609060424.431912661,57.890999,2010,100,0.056000
1609060424.456189632,40.897999,2001,100,0.055000
1609060424.481178522,19.406000,2000,101,0.055000
1609060424.481950760,7.413000,2010,102,0.024000
1609060424.506315231,7.040000,2001,102,0.055000
1609060424.506942511,23.443001,2011,100,0.055000
1609060424.556240797,58.898998,2000,100,0.056000
1609060424.581198454,19.912001,2001,101,0.055000
1609060424.581468821,7.511000,2011,102,0.268000
1609060424.606232882,7.936000,2000,102,0.024000
1609060424.607010365,57.967999,2010,100,0.056000
1609060424.631270647,57.985001,2001,100,0.055000
1609060424.656212091,19.316000,2000,101,0.055000
1609060424.656858206,7.530000,2010,102,0.055000
1609060424.730657101,50.090000,2000,100,10.536000
1609060424.756157875,19.760000,2001,101,0.055000
1609060424.756966114,8.282000,2011,102,0.055000
1609060424.781253099,8.008000,2000,102,0.055000
1609060424.781966925,58.212002,2010,100,0.056000
1609060424.806229353,58.061001,2001,100,0.055000
1609060424.831215620,19.228001,2000,101,0.055000
1609060424.831974030,7.644000,2010,102,0.055000
1609060424.856245041,7.310000,2001,102,0.055000
1609060424.856873274,23.445999,2011,100,0.055000
1609060424.906210661,59.340000,2000,100,0.056000
1609060424.906901598,20.099001,2010,101,0.055000
1609060424.931172609,19.671000,2001,101,0.055000
1609060424.931437492,7.667000,2011,102,0.268000
1609060424.956239462,8.207000,2000,102,0.024000
1609060424.981209040,58.346001,2001,100,0.056000
1609060425.006151438,19.136999,2000,101,0.024000
1609060425.006982565,7.803000,2010,102,0.055000
1609060425.031058311,7.360000,2001,102,0.024000
1609060425.031911612,23.458000,2011,100,0.055000
1609060425.080643177,30.798000,2000,100,10.536000
1609060425.081875324,20.174000,2010,101,0.055000
1609060425.106198072,19.531000,2001,101,0.055000
1609060425.106438398,7.902000,2011,102,0.268000
1609060425.131227255,8.334000,2000,102,0.055000
1609060425.156185150,41.348999,2001,100,0.055000
1609060425.181157351,19.066000,2000,101,0.055000
1609060425.181969643,7.890000,2010,102,0.055000
1609060425.206259251,7.574000,2001,102,0.055000
1609060425.206871748,23.382000,2011,100,0.055000
1609060425.256224155,24.416000,2000,100,0.056000
1609060425.256888151,20.048000,2010,101,0.055000
1609060425.281181812,19.455999,2001,101,0.055000
1609060425.281485558,8.306000,2011,102,0.268000
1609060425.306258440,8.505000,2000,102,0.055000
1609060425.306957006,41.078999,2010,100,0.056000
1609060425.331212997,41.441002,2001,100,0.055000
1609060425.356146336,18.990000,2000,101,0.055000
1609060425.356917620,8.021000,2010,102,0.055000
1609060425.381365061,7.769000,2001,102,0.055000
1609060425.381977081,23.424999,2011,100,0.055000
1609060425.430587769,46.134998,2000,100,10.536000
1609060425.431831598,19.968000,2010,101,0.055000
1609060425.456183434,19.358000,2001,101,0.055000
1609060425.456404686,8.274000,2011,102,0.268000
1609060425.481887579,23.389000,2010,100,0.056000
1609060425.506217003,58.983002,2001,100,0.055000
1609060425.531164169,18.931000,2000,101,0.055000
1609060425.531935930,8.120000,2010,102,0.024000
1609060425.556152344,7.897000,2001,102,0.024000
1609060425.556956053,23.445999,2011,100,0.024000
1609060425.606219292,23.868999,2000,100,0.056000
1609060425.631142139,19.216999,2001,101,0.055000
1609060425.631702423,8.299000,2011,102,0.268000
1609060425.655893326,8.767000,2000,102,0.055000
1609060425.656865120,41.228001,2010,100,0.055000
1609060425.681168318,41.613998,2001,100,0.056000
1609060425.706144571,18.877001,2000,101,0.055000
1609060425.706898451,8.254000,2010,102,0.055000
1609060425.781232357,23.964001,2000,100,0.056000
1609060425.781909704,19.771000,2010,101,0.055000
1609060425.806148291,19.132000,2001,101,0.024000
1609060425.806964397,9.136000,2011,102,0.055000
1609060425.831238508,8.977000,2000,102,0.055000
1609060425.831885338,41.273998,2010,100,0.055000
1609060425.856235504,59.310001,2001,100,0.056000
1609060425.881126404,18.757000,2000,101,0.055000
1609060425.881916523,8.398000,2010,102,0.055000
1609060425.906151772,8.156000,2001,102,0.055000
1609060425.906944752,41.738998,2011,100,0.056000
1609060425.956076384,23.964001,2000,100,0.055000
1609060425.956830978,19.700001,2010,101,0.055000
1609060425.981110573,19.051001,2001,101,0.055000
1609060426.006203175,9.188000,2000,102,0.055000
1609060426.006819725,23.410999,2010,100,0.055000
1609060426.031146765,78.257004,2001,100,10.536000
1609060426.031851530,19.511999,2011,101,0.055000
1609060426.056141376,18.781000,2000,101,0.055000
1609060426.056917906,8.545000,2010,102,0.055000
1609060426.081232786,8.383000,2001,102,0.055000
1609060426.081948519,23.339001,2011,100,0.056000
1609060426.131117821,23.854000,2000,100,0.055000
1609060426.131817579,19.704000,2010,101,0.055000
1609060426.156116009,19.013000,2001,101,0.055000
1609060426.181175709,9.360000,2000,102,0.024000
1609060426.181983709,23.362000,2010,100,0.055000
1609060426.206125498,59.751999,2001,100,0.056000
1609060426.206843138,19.516001,2011,101,0.055000
1609060426.256176949,8.603000,2001,102,0.055000
1609060426.256812334,23.259001,2011,100,0.268000
1609060426.306085110,23.895000,2000,100,0.055000
1609060426.306843281,19.572001,2010,101,0.055000
1609060426.331121922,18.912001,2001,101,0.055000
1609060426.355924129,9.491000,2000,102,0.024000
1609060426.356831789,23.377001,2010,100,0.024000
1609060426.381153345,24.023001,2001,100,0.055000
1609060426.406115055,18.716999,2000,101,0.055000
1609060426.406846285,8.824000,2010,102,0.055000
1609060426.430934191,8.680000,2001,102,0.055000
1609060426.431876898,23.471001,2011,100,0.268000
1609060426.481833220,19.532000,2010,101,0.268000
1609060426.506109953,18.886000,2001,101,0.055000
1609060426.531822920,23.389999,2010,100,0.024000
1609060426.556134462,24.072001,2001,100,0.024000
1609060426.581193924,18.671000,2000,101,0.055000
1609060426.581897497,8.922000,2010,102,0.055000
1609060426.606182814,8.922000,2001,102,0.055000
1609060426.606925011,41.985001,2011,100,0.056000
1609060426.656092644,23.789000,2000,100,0.055000
1609060426.681126595,18.829000,2001,101,0.024000
1609060426.705920935,9.867000,2000,102,0.055000
1609060426.706830740,23.318001,2010,100,0.055000
1609060426.731194973,24.007999,2001,100,0.055000
1609060426.731375933,18.907000,2011,101,10.536000
1609060426.756331682,18.603001,2000,101,0.056000
1609060426.756992102,9.110000,2010,102,0.055000
1609060426.781185389,9.056000,2001,102,0.024000
1609060426.781903028,41.942001,2011,100,0.055000
1609060426.831140518,23.740000,2000,100,0.055000
1609060426.831846952,19.388000,2010,101,0.055000
1609060426.856130600,18.791000,2001,101,0.055000
1609060426.881786346,23.287001,2010,100,0.024000
1609060426.906104565,23.965000,2001,100,0.055000
1609060426.931178808,18.669001,2000,101,0.056000
1609060426.931871653,9.252000,2010,102,0.055000
1609060426.956182480,9.173000,2001,102,0.055000
1609060426.956835270,60.849998,2011,100,0.056000
1609060427.006073952,23.671000,2000,100,0.055000
1609060427.006829262,19.332001,2010,101,0.268000
1609060427.031138659,18.711000,2001,101,0.055000
1609060427.031862736,10.124000,2011,102,0.055000
1609060427.056069613,10.150000,2000,102,0.055000
1609060427.056829453,23.254000,2010,100,0.024000
1609060427.081116676,23.959999,2001,100,0.055000
1609060427.081830263,19.392000,2011,101,0.055000
1609060427.106179476,19.136000,2000,101,0.055000
1609060427.106893778,9.391000,2010,102,0.055000
1609060427.181087017,23.606001,2000,100,0.024000
1609060427.181896210,19.327999,2010,101,0.055000
1609060427.206117868,18.679001,2001,101,0.055000
1609060427.230907440,10.318000,2000,102,0.055000
1609060427.231808901,23.211000,2010,100,0.055000
1609060427.256143570,23.910000,2001,100,0.055000
1609060427.256829262,19.507999,2011,101,0.055000
1609060427.281170130,18.754999,2000,101,0.056000
1609060427.281924963,9.530000,2010,102,0.024000
1609060427.305975676,9.509000,2001,102,0.055000
1609060427.306869268,22.948999,2011,100,0.055000
1609060427.356044292,23.534000,2000,100,0.055000
1609060427.356768370,19.292999,2010,101,0.268000
1609060427.381094456,18.688999,2001,101,0.024000
1609060427.406137943,10.509000,2000,102,0.055000
1609060427.406807661,23.153999,2010,100,0.055000
1609060427.431086540,23.782000,2001,100,0.055000
1609060427.431895971,19.580999,2011,101,0.056000
1609060427.480871201,9.663000,2001,102,0.055000
1609060427.481832504,22.879000,2011,100,0.055000
1609060427.531029940,23.448999,2000,100,0.055000
1609060427.531848431,19.362000,2010,101,0.055000
1609060427.556107998,18.634001,2001,101,0.055000
1609060427.581032276,10.630000,2000,102,0.055000
1609060427.556905508,10.529000,2011,102,0.024000
1609060427.581794739,23.110001,2010,100,0.024000
1609060427.606104612,23.760000,2001,100,0.055000
1609060427.606786013,19.384001,2011,101,0.055000
1609060427.631100893,18.829000,2000,101,0.055000
1609060427.631891012,9.804000,2010,102,0.055000
1609060427.655871153,9.826000,2001,102,0.055000
1609060427.656792164,22.799000,2011,100,0.024000
1609060427.706095457,23.365000,2000,100,0.055000
1609060427.706786633,19.263000,2010,101,0.056000
1609060427.731076241,18.617001,2001,101,0.055000
1609060427.756091595,10.781000,2000,102,0.055000
1609060427.756778002,23.056999,2010,100,0.055000
1609060427.781110287,23.702000,2001,100,0.055000
1609060427.781821966,19.302000,2011,101,0.055000
1609060427.806126356,18.851000,2000,101,0.055000
1609060427.806838274,9.935000,2010,102,0.055000
1609060427.831211090,9.979000,2001,102,0.055000
1609060427.831815243,22.719999,2011,100,0.055000
1609060427.881034851,23.306000,2000,100,0.055000
1609060427.881782055,19.242001,2010,101,0.056000
1609060427.906132698,18.618000,2001,101,0.055000
1609060427.906796217,10.840000,2011,102,0.055000
1609060427.931102753,10.947000,2000,102,0.055000
1609060427.931774378,23.028000,2010,100,0.055000
1609060427.956114054,23.563000,2001,100,0.055000
1609060427.956810713,19.318001,2011,101,0.055000
1609060427.981077909,18.820000,2000,101,0.055000
1609060427.981756210,10.073000,2010,102,0.055000
1609060428.006181479,10.183000,2001,102,0.055000
1609060428.006776094,22.600000,2011,100,0.055000
1609060428.057184219,19.306999,2010,101,0.056000
1609060428.057338476,23.211000,2000,100,0.055000
1609060428.081084728,18.707001,2001,101,0.055000
1609060428.106090307,11.132000,2000,102,0.055000
1609060428.106709242,22.931999,2010,100,0.024000
1609060428.131061316,23.594000,2001,100,0.055000
1609060428.131797791,19.409000,2011,101,0.055000
1609060428.156103849,18.917000,2000,101,0.024000
1609060428.156846523,10.211000,2010,102,0.055000
1609060428.181780338,22.547001,2011,100,0.024000
1609060428.231041193,23.104000,2000,100,0.055000
1609060428.231816053,19.615000,2010,101,0.056000
1609060428.256087065,18.657000,2001,101,0.055000
1609060428.281045198,11.247000,2000,102,0.055000
1609060428.281818628,22.899000,2010,100,0.055000
1609060428.306061268,23.483000,2001,100,0.055000
1609060428.306819201,19.513000,2011,101,0.055000
1609060428.331065178,18.945999,2000,101,0.055000
1609060428.331753969,10.353000,2010,102,0.055000
1609060428.356803417,22.382999,2011,100,0.024000
1609060428.406021833,23.004999,2000,100,0.055000
1609060428.406777382,19.400000,2010,101,0.268000
1609060428.431076050,18.679001,2001,101,0.055000
1609060428.431913137,11.241000,2011,102,0.055000
1609060428.456066370,11.449000,2000,102,0.055000
1609060428.456761122,22.823999,2010,100,0.055000
1609060428.481024981,23.322001,2001,100,0.055000
1609060428.506062984,19.014000,2000,101,0.055000
1609060428.506769896,10.496000,2010,102,0.055000
1609060428.531761169,22.284000,2011,100,0.055000
1609060428.581023216,22.893999,2000,100,0.055000
1609060428.581806660,19.712999,2010,101,10.536000
1609060428.606150389,18.789000,2001,101,0.056000
1609060428.606910229,11.342000,2011,102,0.055000
1609060428.631048441,11.591000,2000,102,0.055000
1609060428.631708860,22.753000,2010,100,0.055000
1609060428.656034946,23.274000,2001,100,0.055000
1609060428.656841755,19.624001,2011,101,0.024000
1609060428.681080103,19.091999,2000,101,0.055000
1609060428.681945801,10.594000,2010,102,0.055000
1609060428.705876589,10.791000,2001,102,0.055000
1609060428.706762314,22.253000,2011,100,0.055000
1609060428.756019592,22.782000,2000,100,0.055000
1609060428.781361341,10.969000,2011,102,0.268000
1609060428.806750059,22.642000,2010,100,0.055000
1609060428.831045628,23.231001,2001,100,0.055000
1609060428.831792116,19.642000,2011,101,0.055000
1609060428.856093407,19.181999,2000,101,0.055000
1609060428.856836319,10.724000,2010,102,0.055000
1609060428.881094933,10.955000,2001,102,0.055000
1609060428.881726503,22.160000,2011,100,0.055000
1609060428.931049109,22.667999,2000,100,0.055000
1609060428.931807995,19.497999,2010,101,0.056000
1609060428.956100464,19.009001,2001,101,0.056000
1609060428.956868172,11.599000,2011,102,0.055000
1609060428.981019974,11.934000,2000,102,0.055000
1609060428.981774569,22.606001,2010,100,0.055000
1609060429.006736279,19.820999,2011,101,0.024000
1609060429.031042576,19.264000,2000,101,0.055000
1609060429.031811237,10.874000,2010,102,0.055000
1609060429.056007385,11.119000,2001,102,0.055000
1609060429.056723356,22.063999,2011,100,0.024000
1609060429.106016397,22.566999,2000,100,0.055000
1609060429.106804132,19.577000,2010,101,0.056000
1609060429.131098747,19.544001,2001,101,0.056000
1609060429.131795645,11.691000,2011,102,0.055000
1609060429.156022072,12.075000,2000,102,0.055000
1609060429.156741142,22.459999,2010,100,0.055000
1609060429.181051970,23.021999,2001,100,0.055000
1609060429.181806803,19.917999,2011,101,0.055000
1609060429.206050873,19.309999,2000,101,0.055000
1609060429.206794977,11.052000,2010,102,0.055000
1609060429.232363224,11.285000,2001,102,0.055000
1609060429.232566595,21.975000,2011,100,0.055000
1609060429.280984163,22.458000,2000,100,0.055000
1609060429.281763792,19.600000,2010,101,0.056000
1609060429.306813717,11.863000,2011,102,0.055000
1609060429.331706285,22.378000,2010,100,0.055000
1609060429.356047392,22.978001,2001,100,0.055000
1609060429.356760979,19.992001,2011,101,0.024000
1609060429.381044626,19.392000,2000,101,0.055000
1609060429.381838083,11.202000,2010,102,0.055000
1609060429.406008482,11.451000,2001,102,0.055000
1609060429.406699896,21.879000,2011,100,0.024000
1609060429.455972672,22.350000,2000,100,0.055000
1609060429.456685781,19.655001,2010,101,0.055000
1609060429.481076241,18.987000,2001,101,0.056000
1609060429.481770039,12.005000,2011,102,0.024000
1609060429.506035566,12.397000,2000,102,0.055000
1609060429.506564379,22.378000,2010,100,0.024000
1609060429.530523062,22.424999,2001,100,0.268000
1609060429.531747341,20.079000,2011,101,0.055000
1609060429.555983782,19.521000,2000,101,0.055000
1609060429.556764841,11.389000,2010,102,0.055000
1609060429.581016541,11.625000,2001,102,0.055000
1609060429.581787825,21.771999,2011,100,0.055000
1609060429.631032944,22.230000,2000,100,0.055000
1609060429.631721020,19.716000,2010,101,0.055000
1609060429.656088114,19.021000,2001,101,0.056000
1609060429.656792879,12.160000,2011,102,0.055000
1609060429.680979490,12.569000,2000,102,0.055000
1609060429.681762695,22.245001,2010,100,0.055000
1609060429.705988169,22.738001,2001,100,0.055000
1609060429.706698656,20.167000,2011,101,0.055000
1609060429.731048584,19.613001,2000,101,0.055000
1609060429.731768608,11.489000,2010,102,0.055000
1609060429.755991459,11.809000,2001,102,0.055000
1609060429.756736517,21.650999,2011,100,0.055000
1609060429.805983543,22.086000,2000,100,0.055000
1609060429.806727171,19.761000,2010,101,0.055000
1609060429.831021309,19.174000,2001,101,0.055000
1609060429.831809282,12.317000,2011,102,0.024000
1609060429.856012583,12.739000,2000,102,0.055000
1609060429.856478214,22.113001,2010,100,0.055000
1609060429.880505085,22.047001,2001,100,0.268000
1609060429.881747961,20.319000,2011,101,0.055000
1609060429.905990124,19.774000,2000,101,0.055000
1609060429.906739473,11.711000,2010,102,0.055000
1609060429.931536674,21.518000,2011,100,0.024000
1609060429.980941772,21.941999,2000,100,0.055000
1609060429.981711149,19.927999,2010,101,0.055000
1609060430.006024599,19.295000,2001,101,0.024000
1609060430.006772757,12.459000,2011,102,0.055000
1609060430.031012774,12.929000,2000,102,0.055000
1609060430.031524658,21.959000,2010,100,0.055000
1609060430.056737423,20.409000,2011,101,0.055000
1609060430.081022501,19.910999,2000,101,0.055000
1609060430.081743240,11.905000,2010,102,0.055000
1609060430.105973721,12.224000,2001,102,0.024000
1609060430.106706381,21.336000,2011,100,0.055000
1609060430.155998230,21.775000,2000,100,0.055000
1609060430.156725883,19.992001,2010,101,0.024000
1609060430.180972815,19.464001,2001,101,0.055000
1609060430.181801796,12.692000,2011,102,0.055000
1609060430.206007719,13.147000,2000,102,0.055000
1609060430.206759691,21.840000,2010,100,0.055000
1609060430.231707335,20.558001,2011,101,0.055000
1609060430.256801367,20.084000,2000,101,0.055000
1609060430.256963015,12.155000,2010,102,0.055000
1609060430.281508684,21.197001,2011,100,0.024000
1609060430.330975771,21.584999,2000,100,0.055000
1609060430.331694126,20.112000,2010,101,0.055000
1609060430.355991125,19.587999,2001,101,0.055000
1609060430.356246233,12.485000,2011,102,0.268000
1609060430.380954981,13.281000,2000,102,0.055000
1609060430.381769419,21.687000,2010,100,0.055000
1609060430.405502558,21.670000,2001,100,0.268000
1609060430.406658173,20.816999,2011,101,0.055000
1609060430.430967569,20.297001,2000,101,0.055000
1609060430.431769371,12.371000,2010,102,0.055000
1609060430.456024170,12.696000,2001,102,0.024000
1609060430.456752777,20.999001,2011,100,0.055000
1609060430.505985498,21.386000,2000,100,0.055000
1609060430.506702423,20.330000,2010,101,0.055000
1609060430.531005144,19.740999,2001,101,0.055000
1609060430.531746387,13.129000,2011,102,0.055000
1609060430.555488586,13.088000,2000,102,0.268000
1609060430.556692839,21.497999,2010,100,0.024000
1609060430.580541849,21.478001,2001,100,0.268000
1609060430.581719875,20.976999,2011,101,0.055000
1609060430.606006861,20.509001,2000,101,0.024000
1609060430.606708765,12.574000,2010,102,0.055000
1609060430.630949497,12.896000,2001,102,0.055000
1609060430.631654978,20.840000,2011,100,0.055000
1609060430.680931091,21.197001,2000,100,0.055000
1609060430.681657791,20.530001,2010,101,0.024000
1609060430.705967426,19.966000,2001,101,0.055000
1609060430.706741571,13.404000,2011,102,0.055000
1609060430.730515003,13.369000,2000,102,0.268000
1609060430.731803894,21.351000,2010,100,0.055000
1609060430.755513191,21.261000,2001,100,0.268000
1609060430.756717205,21.004999,2011,101,0.268000
1609060430.780973196,20.705999,2000,101,0.055000
1609060430.781818867,12.678000,2010,102,0.055000
1609060430.806001902,13.039000,2001,102,0.055000
1609060430.806468487,20.584999,2011,100,0.055000
1609060430.855948448,21.021000,2000,100,0.055000
1609060430.856669188,20.672001,2010,101,0.055000
1609060430.880980492,20.143999,2001,101,0.055000
1609060430.881762981,13.522000,2011,102,0.055000
1609060430.906004190,13.885000,2000,102,0.055000
1609060430.906626463,21.167000,2010,100,0.024000
1609060430.930992603,21.614000,2001,100,0.055000
1609060430.931672096,21.304001,2011,101,0.055000
1609060430.955950022,20.889000,2000,101,0.055000
1609060430.956649780,12.893000,2010,102,0.055000
1609060430.981005907,13.203000,2001,102,0.055000
1609060430.981739521,20.415001,2011,100,0.055000
1609060431.030963898,20.848000,2000,100,0.055000
1609060431.031660080,20.854000,2010,101,0.055000
1609060431.055934906,20.313000,2001,101,0.055000
1609060431.056193590,13.265000,2011,102,0.268000
1609060431.080484867,13.691000,2000,102,0.268000
1609060431.081733227,20.999001,2010,100,0.055000
1609060431.105953693,21.413000,2001,100,0.055000
1609060431.106684208,21.490000,2011,101,0.055000
1609060431.130968571,21.083000,2000,101,0.055000
1609060431.131722212,13.067000,2010,102,0.055000
1609060431.155938625,13.341000,2001,102,0.055000
1609060431.156474590,20.277000,2011,100,0.055000
1609060431.205984354,20.666000,2000,100,0.055000
1609060431.206662178,21.055000,2010,101,0.055000
1609060431.230929136,20.458000,2001,101,0.055000
1609060431.231856823,13.826000,2011,102,0.055000
1609060431.255495310,13.768000,2000,102,0.268000
1609060431.256748676,20.829000,2010,100,0.055000
1609060431.280489683,20.889000,2001,100,0.268000
1609060431.281734467,21.615000,2011,101,0.055000
1609060431.305948257,21.260000,2000,101,0.055000
1609060431.306699514,13.152000,2010,102,0.024000
1609060431.330928802,13.492000,2001,102,0.055000
1609060431.331488132,20.072001,2011,100,0.055000
1609060431.380932331,20.490000,2000,100,0.055000
1609060431.381672382,21.146999,2010,101,0.055000
1609060431.405932426,20.641001,2001,101,0.055000
1609060431.406715393,13.879000,2011,102,0.055000
1609060431.430500984,13.772000,2000,102,0.268000
1609060431.431803465,20.632999,2010,100,0.055000
1609060431.455489874,20.611000,2001,100,0.268000
1609060431.456640482,21.823999,2011,101,0.055000
1609060431.480917454,21.444000,2000,101,0.055000
1609060431.481656313,13.225000,2010,102,0.024000
1609060431.506447315,19.922001,2011,100,0.024000
1609060431.555913925,20.306000,2000,100,0.055000
1609060431.556605101,21.327999,2010,101,0.055000
1609060431.580931902,20.868999,2001,101,0.055000
1609060431.581756353,13.915000,2011,102,0.055000
1609060431.605530739,13.849000,2000,102,0.268000
1609060431.606712341,20.443001,2010,100,0.055000
1609060431.630621672,20.521999,2001,100,0.268000
1609060431.631629229,22.027000,2011,101,0.055000
1609060431.655973673,21.650999,2000,101,0.055000
1609060431.656734705,13.277000,2010,102,0.024000
1609060431.680910110,13.608000,2001,102,0.055000
1609060431.681703806,19.760000,2011,100,0.024000
1609060431.730886698,20.080000,2000,100,0.055000
1609060431.731616735,21.445999,2010,101,0.024000
1609060431.755963326,21.044001,2001,101,0.055000
1609060431.756712437,14.007000,2011,102,0.024000
1609060431.780927181,14.364000,2000,102,0.055000
1609060431.781751156,20.285000,2010,100,0.055000
1609060431.805512190,20.103001,2001,100,0.268000
1609060431.806685448,22.344000,2011,101,0.055000
1609060431.830945492,21.874001,2000,101,0.055000
1609060431.831687689,13.332000,2010,102,0.055000
1609060431.855962753,13.593000,2001,102,0.055000
1609060431.856642962,19.551001,2011,100,0.024000
1609060431.905987740,19.854000,2000,100,0.055000
1609060431.906608343,21.740999,2010,101,0.055000
1609060431.930930376,21.247000,2001,101,0.055000
1609060431.931678057,14.031000,2011,102,0.055000
1609060431.955962181,14.407000,2000,102,0.055000
1609060431.956676960,20.146000,2010,100,0.055000
1609060431.980928898,20.462999,2001,100,0.024000
1609060431.981183052,22.243999,2011,101,0.268000
1609060432.005975723,22.094000,2000,101,0.055000
1609060432.006646395,13.358000,2010,102,0.055000
1609060432.030931711,13.655000,2001,102,0.024000
1609060432.031698942,19.379999,2011,100,0.055000
1609060432.080916643,19.665001,2000,100,0.055000
1609060432.081627607,21.976000,2010,101,0.055000
1609060432.105887413,21.452000,2001,101,0.055000
1609060432.106691122,13.968000,2011,102,0.055000
1609060432.130930901,14.434000,2000,102,0.055000
1609060432.131690741,19.959000,2010,100,0.055000
1609060432.155459404,19.891001,2001,100,0.268000
1609060432.156659126,22.625000,2011,101,0.055000
1609060432.180889845,22.301001,2000,101,0.055000
1609060432.181687117,13.390000,2010,102,0.055000
1609060432.205931664,13.664000,2001,102,0.055000
1609060432.255903721,19.483999,2000,100,0.055000
1609060432.256578207,22.044001,2010,101,0.024000
1609060432.280924320,21.542000,2001,101,0.055000
1609060432.281837940,14.029000,2011,102,0.055000
1609060432.305917501,14.478000,2000,102,0.024000
1609060432.306662560,19.867001,2010,100,0.055000
1609060432.330449104,19.657000,2001,100,0.268000
1609060432.331149817,22.552000,2011,101,0.268000
1609060432.355942965,22.447001,2000,101,0.055000
1609060432.356684446,13.437000,2010,102,0.055000
1609060432.380918026,13.726000,2001,102,0.024000
1609060432.381448269,18.989000,2011,100,0.055000
1609060432.430930138,19.326000,2000,100,0.055000
1609060432.431572914,22.191999,2010,101,0.055000
1609060432.455906630,21.764999,2001,101,0.055000
1609060432.456720591,14.151000,2011,102,0.024000
1609060432.480930567,14.466000,2000,102,0.055000
1609060432.481656313,19.731001,2010,100,0.055000
1609060432.505448103,19.532000,2001,100,0.268000
1609060432.506613970,22.983000,2011,101,0.055000
1609060432.530909061,22.615000,2000,101,0.055000
1609060432.531683683,13.503000,2010,102,0.055000
1609060432.555910826,13.855000,2001,102,0.055000
1609060432.605876684,19.150000,2000,100,0.055000
1609060432.606556892,22.285000,2010,101,0.055000
1609060432.630906343,21.910000,2001,101,0.055000
1609060432.631669044,14.166000,2011,102,0.055000
1609060432.655876160,14.574000,2000,102,0.055000
1609060432.656131983,19.209000,2010,100,0.268000
1609060432.680404663,19.320000,2001,100,0.268000
1609060432.705887079,22.809000,2000,101,0.024000
1609060432.706679106,13.583000,2010,102,0.055000
1609060432.730938673,13.953000,2001,102,0.055000
1609060432.731739998,18.789000,2011,100,0.055000
1609060432.780877113,18.987000,2000,100,0.055000
1609060432.781670570,22.413000,2010,101,0.055000
1609060432.805924416,22.024000,2001,101,0.055000
1609060432.806672812,14.195000,2011,102,0.055000
1609060432.830913544,14.697000,2000,102,0.055000
1609060432.831660271,19.448999,2010,100,0.024000
1609060432.855452299,19.249001,2001,100,0.268000
1609060432.856136799,22.646999,2011,101,0.129000
1609060432.880897522,22.976000,2000,101,0.055000
1609060432.881683111,13.671000,2010,102,0.055000
1609060432.905855894,14.026000,2001,102,0.024000
1609060432.906551123,18.601999,2011,100,0.055000
1609060432.955857515,18.816999,2000,100,0.055000
1609060432.956556559,22.533001,2010,101,0.055000
1609060432.980892658,22.218000,2001,101,0.055000
1609060432.981714725,14.312000,2011,102,0.024000
1609060433.005902290,14.758000,2000,102,0.055000
1609060433.006105423,18.931999,2010,100,0.268000
1609060433.030459642,19.172001,2001,100,0.268000
1609060433.031145334,23.055000,2011,101,0.268000
1609060433.055918217,23.118000,2000,101,0.055000
1609060433.056634903,13.736000,2010,102,0.055000
1609060433.080907583,14.194000,2001,102,0.055000
1609060433.081645966,18.496000,2011,100,0.055000
1609060433.130882502,18.638000,2000,100,0.055000
1609060433.131567955,22.702000,2010,101,0.055000
1609060433.155926704,22.375999,2001,101,0.055000
1609060433.156711578,14.351000,2011,102,0.024000
1609060433.180911303,14.829000,2000,102,0.055000
1609060433.181134224,18.732000,2010,100,0.268000
1609060433.205430269,18.910000,2001,100,0.268000
1609060433.206583500,23.569000,2011,101,0.055000
1609060433.230941534,23.282000,2000,101,0.055000
1609060433.231630802,13.851000,2010,102,0.055000
1609060433.255866766,14.290000,2001,102,0.055000
1609060433.256646395,18.341999,2011,100,0.055000
1609060433.305878401,18.459999,2000,100,0.055000
1609060433.306545019,22.799000,2010,101,0.055000
1609060433.330871582,22.549999,2001,101,0.055000
1609060433.331645966,14.449000,2011,102,0.024000
1609060433.355886221,14.978000,2000,102,0.055000
1609060433.356600285,19.002001,2010,100,0.055000
1609060433.380385876,18.683001,2001,100,0.268000
1609060433.381592989,23.715000,2011,101,0.055000
1609060433.405877590,23.525000,2000,101,0.055000
1609060433.406608105,13.967000,2010,102,0.024000
1609060433.430883884,14.426000,2001,102,0.055000
1609060433.431628466,18.191000,2011,100,0.024000
1609060433.480619431,18.312000,2000,100,0.055000
1609060433.481535196,22.945000,2010,101,0.055000
1609060433.505890131,22.726999,2001,101,0.055000
1609060433.506630182,14.590000,2011,102,0.055000
1609060433.530863047,15.087000,2000,102,0.055000
1609060433.531102896,18.431000,2010,100,0.268000
1609060433.555414677,18.490999,2001,100,0.268000
1609060433.556547880,23.875000,2011,101,0.055000
1609060433.580824375,23.716999,2000,101,0.024000
1609060433.581691980,14.096000,2010,102,0.055000
1609060433.605867624,14.567000,2001,102,0.055000
1609060433.606594801,18.041000,2011,100,0.055000
1609060433.655874491,18.099001,2000,100,0.055000
1609060433.656555414,23.120001,2010,101,0.055000
1609060433.680845976,22.900999,2001,101,0.055000
1609060433.681660414,14.687000,2011,102,0.055000
1609060433.705838203,15.184000,2000,102,0.055000
1609060433.706082821,18.323999,2010,100,0.268000
1609060433.730833054,18.884001,2001,100,0.024000
1609060433.731552601,24.028999,2011,101,0.055000
1609060433.755890369,23.912001,2000,101,0.055000
1609060433.756311178,14.179000,2010,102,0.055000
1609060433.780887365,14.746000,2001,102,0.024000
1609060433.781717777,17.834000,2011,100,0.055000
1609060433.830646038,17.910000,2000,100,0.055000
1609060433.831615686,23.242001,2010,101,0.055000
1609060433.855843067,23.087999,2001,101,0.024000
1609060433.856575251,14.749000,2011,102,0.055000
1609060433.880824089,15.334000,2000,102,0.055000
1609060433.881062508,18.100000,2010,100,0.268000
1609060433.905394316,18.080000,2001,100,0.268000
1609060433.906502247,24.195999,2011,101,0.055000
1609060433.930876732,24.039000,2000,101,0.055000
1609060433.931566477,14.298000,2010,102,0.024000
1609060433.955818653,14.888000,2001,102,0.055000
1609060433.956614733,17.743999,2011,100,0.055000
1609060434.005867720,17.743999,2000,100,0.055000
1609060434.006546259,23.445999,2010,101,0.055000
1609060434.030833483,23.287001,2001,101,0.055000
1609060434.031685591,14.845000,2011,102,0.055000
1609060434.055818558,15.348000,2000,102,0.055000
1609060434.056046963,17.982000,2010,100,0.268000
1609060434.080818892,18.541000,2001,100,0.024000
1609060434.081568718,24.379000,2011,101,0.055000
1609060434.105832577,24.287001,2000,101,0.055000
1609060434.106569052,14.393000,2010,102,0.055000
1609060434.130840063,14.987000,2001,102,0.055000
1609060434.131564617,17.534000,2011,100,0.055000
1609060434.180896044,17.535000,2000,100,0.055000
1609060434.181565285,23.608000,2010,101,0.055000
1609060434.205879211,23.487000,2001,101,0.055000
1609060434.206605434,14.946000,2011,102,0.055000
1609060434.230841160,15.365000,2000,102,0.024000
1609060434.231688976,18.261999,2010,100,0.024000
1609060434.255856514,18.305000,2001,100,0.055000
1609060434.256521940,24.552000,2011,101,0.055000
1609060434.280842781,24.417999,2000,101,0.055000
1609060434.281605482,14.474000,2010,102,0.055000
1609060434.305843830,15.086000,2001,102,0.055000
1609060434.306554556,17.365000,2011,100,0.055000
1609060434.355887175,17.337000,2000,100,0.055000
1609060434.356508493,23.789000,2010,101,0.055000
1609060434.380901337,23.697001,2001,101,0.055000
1609060434.381656170,14.934000,2011,102,0.055000
1609060434.405896902,15.473000,2000,102,0.055000
1609060434.406696081,17.628000,2010,100,0.268000
1609060434.430897236,18.143000,2001,100,0.024000
1609060434.431520224,24.726000,2011,101,0.055000
1609060434.455838203,24.635000,2000,101,0.055000
1609060434.456684828,14.530000,2010,102,0.055000
1609060434.480842829,15.152000,2001,102,0.055000
1609060434.481597185,17.195000,2011,100,0.055000
1609060434.530875683,17.070999,2000,100,0.055000
1609060434.531502247,23.931999,2010,101,0.055000
1609060434.555830240,23.916000,2001,101,0.055000
1609060434.556633949,14.985000,2011,102,0.055000
1609060434.580856562,15.502001,2000,102,0.055000
1609060434.581090212,17.469000,2010,100,0.268000
1609060434.605436802,17.378000,2001,100,0.268000
1609060434.606575251,24.900999,2011,101,0.055000
1609060434.630925655,24.933001,2000,101,0.055000
1609060434.631562233,14.562000,2010,102,0.024000
1609060434.655883074,15.151000,2001,102,0.055000
1609060434.656664133,17.021999,2011,100,0.055000
1609060434.705829620,16.909000,2000,100,0.024000
1609060434.706564665,24.180000,2010,101,0.055000
1609060434.730808496,24.122999,2001,101,0.055000
1609060434.731611729,14.976000,2011,102,0.055000
1609060434.755794525,15.441000,2000,102,0.055000
1609060434.756678820,17.750999,2010,100,0.055000
1609060434.780822754,17.684999,2001,100,0.055000
1609060434.781586647,25.080999,2011,101,0.024000
1609060434.805835724,25.134001,2000,101,0.055000
1609060434.806528091,14.605000,2010,102,0.024000
1609060434.830836773,15.202000,2001,102,0.055000
1609060434.831567526,16.819000,2011,100,0.055000
1609060434.880872726,16.664000,2000,100,0.024000
1609060434.881513119,24.271000,2010,101,0.055000
1609060434.905824423,24.315001,2001,101,0.055000
1609060434.906323433,14.867000,2011,102,0.024000
1609060434.930783272,15.481001,2000,102,0.055000
1609060434.931031227,17.135000,2010,100,0.268000
1609060434.955809832,17.476000,2001,100,0.055000
1609060434.956549406,25.211000,2011,101,0.024000
1609060434.980779171,25.358999,2000,101,0.055000
1609060434.981589556,14.551000,2010,102,0.055000
1609060435.005830288,15.204000,2001,102,0.055000
1609060435.006565332,16.683001,2011,100,0.055000
1609060435.055584908,16.445999,2000,100,0.024000
1609060435.056493759,24.430000,2010,101,0.055000
1609060435.080800295,24.523001,2001,101,0.055000
1609060435.081647396,14.808000,2011,102,0.055000
1609060435.105825901,15.420000,2000,102,0.055000
1609060435.106596708,17.452000,2010,100,0.055000
1609060435.130582094,17.291000,2001,100,0.024000
1609060435.131515026,25.396000,2011,101,0.055000
1609060435.155801535,25.462999,2000,101,0.055000
1609060435.156559467,14.555000,2010,102,0.055000
1609060435.180814028,15.173000,2001,102,0.055000
1609060435.181529760,16.594000,2011,100,0.024000
1609060435.230890512,16.382999,2000,100,0.055000
1609060435.231364012,24.622999,2010,101,0.055000
1609060435.255770683,24.702999,2001,101,0.055000
1609060435.256494045,14.733000,2011,102,0.055000
1609060435.280871391,15.304001,2000,102,0.056000
1609060435.281612158,17.323000,2010,100,0.055000
1609060435.305343151,16.607000,2001,100,0.268000
1609060435.306508064,25.448000,2011,101,0.055000
1609060435.330801249,25.718000,2000,101,0.055000
1609060435.331574678,14.493000,2010,102,0.055000
1609060435.355802059,15.141000,2001,102,0.055000
1609060435.356577873,16.481001,2011,100,0.055000
1609060435.405871153,16.191999,2000,100,0.055000
1609060435.406281471,24.681999,2010,101,0.055000
1609060435.430825233,24.881001,2001,101,0.055000
1609060435.431520462,14.651000,2011,102,0.055000
1609060435.455807447,15.281000,2000,102,0.055000
1609060435.456566572,17.202999,2010,100,0.024000
1609060435.480841398,17.016001,2001,100,0.055000
1609060435.481505156,25.579000,2011,101,0.024000
1609060435.505792856,25.879000,2000,101,0.055000
1609060435.506479263,14.458000,2010,102,0.055000
1609060435.530802488,15.142000,2001,102,0.024000
1609060435.531546593,16.386999,2011,100,0.055000
1609060435.580835819,16.035999,2000,100,0.055000
1609060435.581538677,24.858999,2010,101,0.055000
1609060435.605790854,25.037001,2001,101,0.055000
1609060435.606477022,14.566000,2011,102,0.055000
1609060435.630798817,15.244000,2000,102,0.055000
1609060435.655899525,16.851999,2001,100,0.055000
1609060435.656272411,25.701000,2011,101,0.055000
1609060435.680752277,25.618999,2000,101,0.268000
1609060435.681027412,14.405000,2010,102,0.268000
1609060435.705784321,15.079000,2001,102,0.024000
1609060435.706530571,16.294001,2011,100,0.055000
1609060435.755848408,15.910999,2000,100,0.055000
1609060435.756247044,24.992001,2010,101,0.024000
1609060435.780773878,25.208000,2001,101,0.024000
1609060435.781523943,14.527000,2011,102,0.055000
1609060435.805786371,15.147000,2000,102,0.055000
1609060435.830791950,16.688999,2001,100,0.055000
1609060435.831680775,26.091999,2011,101,0.055000
1609060435.855786324,25.969999,2000,101,0.055000
1609060435.856520176,14.423000,2010,102,0.056000
1609060435.880739450,15.124000,2001,102,0.055000
1609060435.881556273,16.191000,2011,100,0.055000
1609060435.930565357,15.657000,2000,100,0.055000
1609060435.931262255,25.122000,2010,101,0.055000
1609060435.955738783,25.416000,2001,101,0.055000
1609060435.956538439,14.474000,2011,102,0.055000
1609060435.980818987,15.511000,2000,102,0.056000
1609060436.005862713,16.544001,2001,100,0.055000
1609060436.006508112,26.229000,2011,101,0.055000
1609060436.030786514,26.313000,2000,101,0.055000
1609060436.055804491,15.103000,2001,102,0.055000
1609060436.056626320,16.062000,2011,100,0.024000
1609060436.105913877,15.631001,2000,100,0.055000
1609060436.106493711,25.256001,2010,101,0.055000
1609060436.130746365,25.554001,2001,101,0.024000
1609060436.131476164,14.437000,2011,102,0.024000
1609060436.180827618,16.385000,2001,100,0.055000
1609060436.181589127,26.344999,2011,101,0.055000
1609060436.205743074,26.496000,2000,101,0.055000
1609060436.206562757,14.393000,2010,102,0.268000
1609060436.230766773,15.109000,2001,102,0.055000
1609060436.280586958,15.423000,2000,100,0.055000
1609060436.281533957,25.433001,2010,101,0.055000
1609060436.305751801,25.774000,2001,101,0.055000
1609060436.306535721,14.405000,2011,102,0.055000
1609060436.330746889,15.123000,2000,102,0.055000
1609060436.355831623,16.125000,2001,100,0.055000
1609060436.356497765,26.466000,2011,101,0.055000
1609060436.381505728,14.479000,2010,102,0.055000
1609060436.405742884,15.125000,2001,102,0.055000
1609060436.455533266,15.327000,2000,100,0.055000
1609060436.456484556,25.547001,2010,101,0.055000
1609060436.480790138,25.924000,2001,101,0.055000
1609060436.530322313,15.627001,2001,100,0.268000
1609060436.531516552,26.612000,2011,101,0.055000
1609060436.555744886,26.618000,2000,101,0.055000
1609060436.556497812,14.404000,2010,102,0.055000
1609060436.580765009,15.076000,2001,102,0.055000
1609060436.630711794,15.196000,2000,100,0.055000
1609060436.631528616,25.700001,2010,101,0.055000
1609060436.656475306,14.402000,2011,102,0.055000
1609060436.680714369,14.975000,2000,102,0.055000
1609060436.681456804,16.284000,2010,100,0.055000
1609060436.705855846,15.850000,2001,100,0.055000
1609060436.706266642,26.423000,2011,101,0.055000
1609060436.730750084,27.254000,2000,101,0.055000
1609060436.731499672,14.375000,2010,102,0.055000
1609060436.755765200,15.044000,2001,102,0.056000
1609060436.756476641,15.665001,2011,100,0.055000
1609060436.805764437,15.062000,2000,100,0.055000
1609060436.806468010,25.879000,2010,101,0.055000
1609060436.855745077,14.921000,2000,102,0.055000
1609060436.856219769,16.145000,2010,100,0.024000
1609060436.880828619,15.650000,2001,100,0.055000
1609060436.881241560,26.597000,2011,101,0.055000
1609060436.906508684,14.365000,2010,102,0.024000
1609060436.930794716,15.040000,2001,102,0.056000
1609060436.980764627,14.952000,2000,100,0.055000
1609060436.981492043,26.063000,2010,101,0.055000
1609060437.005745411,26.483999,2001,101,0.055000
1609060437.006444454,14.406000,2011,102,0.055000
1609060437.030731678,14.872000,2000,102,0.055000
1609060437.031228304,15.964001,2010,100,0.055000
1609060437.055847645,15.492001,2001,100,0.055000
1609060437.056470633,26.686001,2011,101,0.055000
1609060437.080768585,27.099001,2000,101,0.055000
1609060437.081498146,14.377000,2010,102,0.055000
1609060437.105821848,14.977000,2001,102,0.056000
1609060437.155709267,14.844000,2000,100,0.055000
1609060437.156445742,26.181000,2010,101,0.055000
1609060437.180732727,26.665001,2001,101,0.055000
1609060437.181524754,13.855000,2011,102,0.268000
1609060437.205790520,14.880000,2000,102,0.055000
1609060437.206233978,15.848000,2010,100,0.055000
1609060437.230536699,15.296000,2001,100,0.024000
1609060437.231460810,26.781000,2011,101,0.055000
1609060437.255791187,27.393999,2000,101,0.055000
1609060437.256457329,14.361000,2010,102,0.055000
1609060437.280750275,14.988000,2001,102,0.056000
1609060437.330728054,14.743000,2000,100,0.024000
1609060437.331395149,26.322001,2010,101,0.024000
1609060437.380693436,14.784000,2000,102,0.055000
1609060437.381443977,15.729000,2010,100,0.055000
1609060437.405816317,15.155000,2001,100,0.055000
1609060437.406441450,26.927000,2011,101,0.055000
1609060437.430751562,27.504000,2000,101,0.055000
1609060437.431432724,14.329000,2010,102,0.055000
1609060437.455718040,14.930000,2001,102,0.024000
1609060437.505717516,14.661000,2000,100,0.055000
1609060437.506446362,26.462999,2010,101,0.055000
1609060437.530716658,27.039000,2001,101,0.024000
1609060437.530963898,13.979000,2011,102,0.129000
1609060437.555735588,14.713000,2000,102,0.055000
1609060437.556408167,15.622000,2010,100,0.055000
1609060437.580506802,15.011000,2001,100,0.055000
1609060437.581512213,27.028000,2011,101,0.024000
1609060437.605726480,27.666000,2000,101,0.055000
1609060437.606435061,14.298000,2010,102,0.055000
1609060437.630716324,14.925000,2001,102,0.055000
1609060437.631436348,15.275000,2011,100,0.055000
1609060437.680662394,14.587000,2000,100,0.055000
1609060437.681392193,26.594999,2010,101,0.055000
1609060437.705734968,27.155001,2001,101,0.055000
1609060437.706431150,13.985000,2011,102,0.055000
1609060437.730705738,14.637000,2000,102,0.055000
1609060437.731412172,15.552000,2010,100,0.055000
1609060437.755716085,14.894000,2001,100,0.055000
1609060437.756513834,27.174999,2011,101,0.055000
1609060437.780711174,27.671000,2000,101,0.055000
1609060437.781512737,14.272000,2010,102,0.055000
1609060437.805780172,14.845000,2001,102,0.055000
1609060437.806446552,15.224000,2011,100,0.055000
1609060437.855742216,14.532000,2000,100,0.024000
1609060437.856408119,26.714001,2010,101,0.055000
1609060437.880700350,27.337999,2001,101,0.055000
1609060437.881432295,13.912000,2011,102,0.268000
1609060437.905664682,14.594000,2000,102,0.055000
1609060437.906410217,15.396999,2010,100,0.055000
1609060437.930521250,14.756000,2001,100,0.055000
1609060437.931438446,27.231001,2011,101,0.055000
1609060437.955771208,27.818001,2000,101,0.055000
1609060437.956450224,14.158000,2010,102,0.055000
1609060437.980680704,14.784000,2001,102,0.055000
1609060438.030696630,14.473000,2000,100,0.055000
1609060438.031437397,26.809000,2010,101,0.055000
1609060438.055689096,27.445999,2001,101,0.055000
1609060438.056409836,13.919000,2011,102,0.055000
1609060438.080736637,14.511000,2000,102,0.055000
1609060438.081441402,15.306000,2010,100,0.055000
1609060438.105718851,14.688000,2001,100,0.055000
1609060438.106448650,27.316000,2011,101,0.055000
1609060438.130691528,27.955000,2000,101,0.055000
1609060438.131398201,14.182000,2010,102,0.055000
1609060438.155701876,14.744000,2001,102,0.055000
1609060438.156437874,15.268999,2011,100,0.055000
1609060438.205696106,14.438000,2000,100,0.024000
1609060438.206452370,26.952999,2010,101,0.055000
1609060438.230665922,27.611000,2001,101,0.055000
1609060438.255713701,14.416000,2000,102,0.055000
1609060438.256398201,15.259001,2010,100,0.055000
1609060438.280712605,14.612000,2001,100,0.055000
1609060438.305683374,27.861000,2000,101,0.055000
1609060438.306186914,14.170000,2010,102,0.055000
1609060438.330707788,14.641000,2001,102,0.055000
1609060438.331489801,15.167000,2011,100,10.536000
1609060438.380676508,14.383000,2000,100,0.024000
1609060438.381420374,27.035999,2010,101,0.055000
1609060438.405700445,27.742001,2001,101,0.055000
1609060438.406434298,13.715000,2011,102,0.055000
1609060438.430696011,14.320000,2000,102,0.024000
1609060438.431398630,15.132000,2010,100,0.055000
1609060438.455683708,14.524000,2001,100,0.055000
1609060438.480659723,28.136000,2000,101,0.055000
1609060438.481168509,14.088000,2010,102,0.055000
1609060438.505702257,14.589000,2001,102,0.055000
1609060438.506529331,15.357000,2011,100,0.055000
1609060438.555653811,14.402000,2000,100,0.055000
1609060438.556398392,27.180000,2010,101,0.055000
1609060438.580724716,27.822001,2001,101,0.055000
1609060438.581407547,13.636000,2011,102,0.055000
1609060438.606452703,15.101000,2010,100,0.055000
1609060438.630730152,14.454000,2001,100,0.024000
1609060438.631416798,27.521999,2011,101,0.055000
1609060438.655731201,28.177999,2000,101,0.055000
1609060438.656466007,14.110000,2010,102,0.055000
1609060438.680670738,14.554000,2001,102,0.055000
1609060438.681393623,15.080000,2011,100,0.056000
1609060438.755662203,27.947001,2001,101,0.024000
1609060438.756357431,13.559000,2011,102,0.055000
1609060438.781448126,15.032000,2010,100,0.024000
1609060438.805687904,14.392000,2001,100,0.024000
1609060438.830692530,28.329000,2000,101,0.055000
1609060438.831449270,14.047000,2010,102,0.055000
1609060438.855693817,14.483000,2001,102,0.055000
1609060438.856422663,15.008000,2011,100,0.055000
1609060438.905653715,14.558000,2000,100,0.055000
1609060438.906346083,27.419001,2010,101,0.055000
1609060438.930648327,28.052999,2001,101,0.055000
1609060438.955658674,14.034000,2000,102,0.055000
1609060438.956367731,15.044000,2010,100,0.055000
1609060438.980662346,14.346000,2001,100,0.055000
1609060439.005669594,28.330000,2000,101,0.055000
1609060439.006408691,13.998000,2010,102,0.055000
1609060439.030685902,14.350000,2001,102,0.055000
1609060439.031386137,15.076000,2011,100,0.055000
1609060439.080633879,14.489000,2000,100,0.024000
1609060439.105661631,28.169001,2001,101,0.024000
1609060439.106389999,13.350000,2011,102,0.024000
1609060439.130624533,13.929000,2000,102,0.055000
1609060439.131356239,14.966000,2010,100,0.055000
1609060439.155644178,13.716000,2001,100,0.268000
1609060439.156363964,27.729000,2011,101,0.055000
1609060439.180631638,28.469000,2000,101,0.055000
1609060439.205685139,14.350000,2001,102,0.055000
1609060439.206363678,15.076000,2011,100,0.055000
1609060439.255612373,14.477000,2000,100,0.055000
1609060439.256364346,27.615000,2010,101,0.055000
1609060439.280665159,28.277000,2001,101,0.024000
1609060439.281400204,13.304000,2011,102,0.055000
1609060439.305676460,13.800000,2000,102,0.055000
1609060439.330687284,14.220000,2001,100,0.024000
1609060439.331350565,27.778999,2011,101,0.055000
1609060439.355644226,28.535000,2000,101,0.055000
1609060439.356431723,13.880000,2010,102,0.055000
1609060439.380651236,14.299000,2001,102,0.055000
1609060439.381393194,15.091000,2011,100,0.055000
1609060439.430629253,14.431000,2000,100,0.055000
1609060439.455688477,28.416000,2001,101,0.055000
1609060439.456388235,13.217000,2011,102,0.055000
1609060439.480659962,13.734000,2000,102,0.055000
1609060439.481390238,14.894000,2010,100,0.056000
1609060439.505622149,14.230000,2001,100,0.055000
1609060439.530623913,28.580999,2000,101,0.055000
1609060439.531374454,13.812000,2010,102,0.055000
1609060439.555627346,14.128000,2001,102,0.055000
1609060439.556395769,15.082000,2011,100,0.055000
1609060439.605578899,14.499000,2000,100,0.024000
1609060439.630618095,28.459999,2001,101,0.024000
1609060439.631335735,13.129000,2011,102,0.055000
1609060439.655628443,13.621000,2000,102,0.055000
1609060439.656453371,14.903000,2010,100,0.055000
1609060439.705671310,28.572001,2000,101,0.056000
1609060439.706418753,13.707000,2010,102,0.055000
1609060439.730616808,14.108000,2001,102,0.055000
1609060439.731384039,15.113000,2011,100,0.055000
1609060439.780604362,14.539000,2000,100,0.024000
1609060439.805205345,28.514999,2001,101,0.268000
1609060439.806106806,13.041000,2011,102,0.055000
1609060439.830614567,13.517000,2000,102,0.055000
1609060439.831449032,14.874000,2010,100,0.056000
1609060439.855164766,14.121000,2001,100,0.268000
1609060439.856352568,27.962000,2011,101,0.024000
1609060439.880701303,28.674999,2000,101,0.056000
1609060439.881418228,13.643000,2010,102,0.024000
1609060439.905616999,14.050000,2001,102,0.055000
1609060439.906387806,15.177000,2011,100,0.055000
1609060439.955573797,14.561000,2000,100,0.024000
1609060439.956341982,27.934000,2010,101,0.268000
1609060439.980640888,28.622999,2001,101,0.056000
1609060440.005664110,13.408000,2000,102,0.055000
1609060440.006398678,14.896000,2010,100,0.055000
1609060440.030152082,14.148000,2001,100,0.129000
1609060440.031326771,27.930000,2011,101,0.055000
1609060440.056385279,13.577000,2010,102,0.055000
1609060440.080600262,14.016000,2001,102,0.055000
1609060440.081361055,15.210000,2011,100,0.055000
1609060440.130576849,14.642000,2000,100,0.055000
1609060440.155623436,28.718000,2001,101,0.055000
1609060440.156168222,12.838000,2011,102,0.055000
1609060440.180658102,13.308000,2000,102,0.055000
1609060440.181387186,14.864000,2010,100,0.055000
1609060440.205633640,14.179000,2001,100,0.055000
1609060440.230710268,28.929001,2000,101,0.056000
1609060440.231363297,13.565000,2010,102,0.024000
1609060440.255145311,13.465000,2001,102,0.268000
1609060440.256341934,15.235000,2011,100,0.055000
1609060440.305564165,14.699000,2000,100,0.055000
1609060440.305865526,28.011000,2010,101,0.129000
1609060440.330715418,28.768000,2001,101,0.055000
1609060440.331366777,12.869000,2011,102,0.055000
1609060440.355612755,13.204000,2000,102,0.055000
1609060440.356379271,14.834000,2010,100,0.055000
1609060440.380645752,14.212000,2001,100,0.055000
1609060440.381385326,28.181999,2011,101,0.055000
1609060440.405708313,28.808001,2000,101,0.056000
1609060440.406425476,13.512000,2010,102,0.055000
1609060440.430669785,13.853000,2001,102,0.024000
1609060440.431393385,15.264000,2011,100,0.055000
1609060440.480553627,14.762000,2000,100,0.055000
1609060440.481345892,28.076000,2010,101,0.268000
1609060440.505589247,28.809999,2001,101,0.056000
1609060440.506375790,12.795000,2011,102,0.055000
1609060440.530659914,13.089000,2000,102,0.055000
1609060440.531305790,14.837000,2010,100,0.055000
1609060440.555597544,14.225000,2001,100,0.024000
1609060440.556429148,28.166000,2011,101,0.056000
1609060440.580667019,29.160000,2000,101,0.056000
1609060440.581430674,13.531000,2010,102,0.024000
1609060440.605675936,13.778000,2001,102,0.055000
1609060440.606323004,15.301001,2011,100,0.024000
1609060440.655580997,14.791000,2000,100,0.055000
1609060440.656312943,28.240000,2010,101,0.055000
1609060440.680608273,29.179001,2001,101,0.056000
1609060440.681344748,12.720000,2011,102,0.055000
1609060440.705626726,12.999000,2000,102,0.055000
1609060440.706311703,14.794000,2010,100,0.055000
1609060440.730576754,14.243000,2001,100,0.055000
1609060440.731310844,28.594999,2011,101,0.024000
1609060440.755672932,29.084999,2000,101,0.056000
1609060440.756429672,13.405000,2010,102,0.055000
1609060440.780174494,13.253000,2001,102,0.268000
1609060440.781370640,15.337999,2011,100,0.055000
1609060440.830618382,14.932000,2000,100,0.055000
1609060440.831337214,28.277000,2010,101,0.055000
1609060440.855613470,28.941999,2001,101,0.055000
1609060440.856402397,12.660000,2011,102,0.055000
1609060440.880584002,12.899000,2000,102,0.024000
1609060440.881307364,14.787000,2010,100,0.055000
1609060440.905628920,14.256000,2001,100,0.024000
1609060440.930678844,28.764999,2000,101,0.056000
1609060440.931388617,13.322000,2010,102,0.055000
1609060440.955156565,13.154000,2001,102,0.268000
1609060440.956306934,15.364000,2011,100,0.055000
1609060441.005603075,14.956000,2000,100,0.055000
1609060441.006268024,28.346001,2010,101,0.055000
1609060441.030628920,29.004000,2001,101,0.055000
1609060441.031385660,12.611000,2011,102,0.024000
1609060441.055578709,12.817000,2000,102,0.055000
1609060441.056290388,14.777000,2010,100,0.055000
1609060441.080564022,14.281000,2001,100,0.055000
1609060441.081301451,28.173000,2011,101,0.056000
1609060441.105598211,28.815001,2000,101,0.056000
1609060441.106439590,13.340000,2010,102,0.055000
1609060441.130582809,13.572000,2001,102,0.055000
1609060441.131320238,15.427999,2011,100,0.055000
1609060441.180563450,15.009000,2000,100,0.055000
1609060441.181314230,28.450001,2010,101,0.055000
1609060441.205586672,29.099001,2001,101,0.055000
1609060441.206378698,12.560000,2011,102,0.055000
1609060441.230756521,12.729000,2000,102,0.055000
1609060441.231292248,14.760000,2010,100,0.055000
1609060441.255610466,14.275000,2001,100,0.055000
1609060441.256344557,28.201000,2011,101,0.055000
1609060441.280620813,28.790001,2000,101,0.055000
1609060441.281404495,13.349000,2010,102,0.024000
1609060441.305144787,13.042000,2001,102,0.268000
1609060441.306299686,15.384001,2011,100,0.055000
1609060441.355522871,15.041000,2000,100,0.055000
1609060441.356337547,28.518000,2010,101,0.055000
1609060441.380545378,29.187000,2001,101,0.024000
1609060441.381426811,12.523000,2011,102,0.055000
1609060441.405584812,12.661000,2000,102,0.055000
1609060441.406329632,14.793000,2010,100,0.055000
1609060441.430571079,14.306000,2001,100,0.024000
1609060441.455576420,28.827999,2000,101,0.055000
1609060441.480140686,12.386000,2001,102,0.129000
1609060441.481381655,15.468000,2011,100,0.055000
1609060441.530568600,15.143000,2000,100,0.024000
1609060441.531272650,28.504999,2010,101,0.055000
1609060441.555567741,29.162001,2001,101,0.055000
1609060441.556341410,12.483000,2011,102,0.055000
1609060441.580551147,12.581000,2000,102,0.055000
1609060441.581343889,14.797000,2010,100,0.055000
1609060441.605588913,14.350000,2001,100,0.055000
1609060441.606267929,28.201000,2011,101,0.024000
1609060441.630582809,28.750999,2000,101,0.055000
1609060441.630818844,12.768000,2010,102,0.268000
1609060441.655104876,12.499000,2001,102,0.129000
1609060441.656243801,15.502001,2011,100,0.024000
1609060441.705570221,15.185000,2000,100,0.055000
1609060441.706266165,28.556000,2010,101,0.055000
1609060441.730570793,29.230000,2001,101,0.055000
1609060441.731432915,12.351000,2011,102,0.055000
1609060441.755560160,12.491000,2000,102,0.055000
1609060441.756118298,14.820000,2010,100,0.055000
1609060441.780539036,14.439000,2001,100,0.055000
1609060441.781400204,28.231001,2011,101,0.055000
1609060441.805604219,28.775000,2000,101,0.055000
1609060441.805792570,12.674000,2010,102,0.268000
1609060441.830094576,12.500000,2001,102,0.129000
1609060441.831323147,15.575001,2011,100,0.055000
1609060441.880528450,15.296000,2000,100,0.055000
1609060441.881278515,28.624001,2010,101,0.055000
1609060441.905575991,29.214001,2001,101,0.055000
1609060441.906382799,12.365000,2011,102,0.055000
1609060441.930558443,12.353000,2000,102,0.055000
1609060441.931269646,14.821000,2010,100,0.055000
1609060441.955562115,14.531000,2001,100,0.024000
1609060441.956297398,28.188000,2011,101,0.055000
1609060441.980581760,28.802000,2000,101,0.055000
1609060441.981367588,13.069000,2010,102,0.055000
1609060442.005567551,13.223000,2001,102,0.055000
1609060442.006272078,15.643000,2011,100,0.024000
1609060442.055564642,15.414000,2000,100,0.024000
1609060442.056222439,28.684999,2010,101,0.024000
1609060442.080560446,29.150000,2001,101,0.055000
1609060442.081360340,12.264000,2011,102,0.055000
1609060442.105554581,12.253000,2000,102,0.024000
1609060442.106317997,14.930000,2010,100,0.055000
1609060442.130552292,14.607000,2001,100,0.055000
1609060442.131222963,28.167000,2011,101,0.055000
1609060442.155570745,28.728001,2000,101,0.055000
1609060442.156331539,13.045000,2010,102,0.055000
1609060442.180553675,13.074000,2001,102,0.055000
1609060442.180791855,15.400000,2011,100,0.268000
1609060442.230588198,15.539000,2000,100,0.055000
1609060442.231288433,28.646000,2010,101,0.024000
1609060442.255597830,28.868000,2001,101,0.268000
1609060442.256493807,12.131000,2011,102,0.055000
1609060442.280575752,12.073000,2000,102,0.055000
1609060442.281362057,14.998000,2010,100,0.055000
1609060442.305549145,14.770000,2001,100,0.055000
1609060442.306404352,28.138000,2011,101,0.024000
1609060442.330531836,28.679001,2000,101,0.055000
1609060442.331307650,12.889000,2010,102,0.055000
1609060442.355555296,12.890000,2001,102,0.055000
1609060442.356279373,15.867001,2011,100,0.055000
1609060442.405575514,15.812000,2000,100,0.055000
1609060442.406253099,28.605000,2010,101,0.055000
1609060442.430550575,29.371000,2001,101,0.055000
1609060442.431296587,11.962000,2011,102,0.055000
1609060442.455545425,11.857000,2000,102,0.055000
1609060442.456263304,15.157000,2010,100,0.055000
1609060442.480520725,15.015000,2001,100,0.024000
1609060442.481301785,28.024000,2011,101,0.055000
1609060442.505583286,28.532000,2000,101,0.055000
1609060442.506332397,12.703000,2010,102,0.055000
1609060442.530531406,12.671000,2001,102,0.055000
1609060442.531239748,16.042999,2011,100,0.055000
1609060442.580317974,16.027000,2000,100,0.055000
1609060442.581262589,28.566000,2010,101,0.024000
1609060442.605072260,28.570999,2001,101,0.129000
1609060442.606249094,11.753000,2011,102,0.055000
1609060442.630617142,11.582000,2000,102,0.055000
1609060442.631072283,15.347000,2010,100,0.055000
1609060442.655496836,15.252001,2001,100,0.055000
1609060442.656236172,27.941000,2011,101,0.055000
1609060442.680498600,28.385000,2000,101,0.055000
1609060442.705066442,11.974000,2001,102,0.268000
1609060442.706066847,16.281000,2011,100,0.024000
1609060442.755498171,16.334000,2000,100,0.055000
1609060442.756068945,28.459000,2010,101,0.055000
1609060442.780526400,28.589001,2001,101,0.268000
1609060442.781344175,11.485000,2011,102,0.055000
1609060442.805303574,11.322000,2000,102,0.055000
1609060442.806288004,15.650999,2010,100,0.055000
1609060442.830502272,15.482000,2001,100,0.055000
1609060442.831228018,27.813000,2011,101,0.024000
1609060442.855503798,28.278000,2000,101,0.055000
1609060442.880050421,11.704000,2001,102,0.268000
1609060442.881185055,16.489000,2011,100,0.055000
1609060442.930481911,16.506001,2000,100,0.055000
1609060442.931023836,28.362000,2010,101,0.024000
1609060442.955528259,28.818001,2001,101,0.055000
1609060442.956300735,11.264000,2011,102,0.055000
1609060442.980289459,11.059000,2000,102,0.055000
1609060442.981333017,15.877001,2010,100,0.024000
1609060443.005493402,15.747999,2001,100,0.024000
1609060443.006226540,27.642000,2011,101,0.024000
1609060443.030524015,28.108999,2000,101,0.055000
1609060443.031244993,11.930000,2010,102,0.055000
1609060443.055498838,11.877000,2001,102,0.055000
1609060443.056199551,16.726999,2011,100,0.024000
1609060443.105526924,16.884001,2000,100,0.055000
1609060443.106359482,28.252001,2010,101,0.024000
1609060443.130531311,28.632999,2001,101,0.055000
1609060443.131252527,11.085000,2011,102,0.055000
1609060443.155532598,10.812000,2000,102,0.055000
1609060443.156306505,16.101000,2010,100,0.024000
1609060443.180469751,16.018999,2001,100,0.055000
1609060443.181222677,27.520000,2011,101,0.055000
1609060443.205492735,27.926001,2000,101,0.024000
1609060443.206278324,11.703000,2010,102,0.055000
1609060443.230493546,11.624000,2001,102,0.055000
1609060443.231249571,16.940001,2011,100,0.055000
1609060443.280492306,17.138000,2000,100,0.055000
1609060443.281386375,28.152000,2010,101,0.024000
1609060443.305503368,28.409000,2001,101,0.055000
1609060443.306441784,10.843000,2011,102,0.024000
1609060443.330294847,10.594000,2000,102,0.024000
1609060443.331098795,16.237000,2010,100,0.055000
1609060443.355515242,16.271999,2001,100,0.055000
1609060443.356185675,27.420000,2011,101,0.024000
1609060443.380498409,27.721001,2000,101,0.055000
1609060443.381244421,11.497000,2010,102,0.055000
1609060443.405518532,11.351000,2001,102,0.055000
1609060443.406248808,17.150999,2011,100,0.055000
1609060443.455472231,17.339001,2000,100,0.055000
1609060443.456284523,28.264000,2010,101,0.055000
1609060443.480468512,28.375000,2001,101,0.055000
1609060443.481259823,10.698000,2011,102,0.055000
1609060443.505290270,10.384000,2000,102,0.055000
1609060443.506274700,16.488001,2010,100,0.055000
1609060443.530465841,16.584999,2001,100,0.024000
1609060443.531236649,27.295000,2011,101,0.024000
1609060443.555466652,27.614000,2000,101,0.055000
1609060443.556242466,11.304000,2010,102,0.055000
1609060443.580477715,11.124000,2001,102,0.055000
1609060443.581242085,17.344999,2011,100,0.055000
1609060443.630478144,17.579000,2000,100,0.055000
1609060443.631285191,28.188999,2010,101,0.055000
1609060443.655003071,27.805000,2001,101,0.268000
1609060443.656257391,10.529000,2011,102,0.055000
1609060443.680505991,10.246000,2000,102,0.055000
1609060443.681247950,16.683001,2010,100,0.055000
1609060443.705514193,16.784000,2001,100,0.055000
1609060443.706270933,27.125999,2011,101,0.055000
1609060443.730516672,27.458000,2000,101,0.024000
1609060443.730728388,10.755000,2010,102,0.268000
1609060443.755036592,10.487000,2001,102,0.268000
1609060443.756205559,17.517000,2011,100,0.055000
1609060443.805485725,17.792999,2000,100,0.055000
1609060443.806257248,28.047001,2010,101,0.055000
1609060443.830500841,28.139999,2001,101,0.055000
1609060443.831175566,10.332000,2011,102,0.055000
1609060443.855271339,9.986000,2000,102,0.055000
1609060443.856256485,16.870001,2010,100,0.024000
1609060443.880473852,16.973000,2001,100,0.055000
1609060443.880970955,26.996000,2011,101,0.055000
1609060443.905462503,27.302999,2000,101,0.055000
1609060443.905740499,10.259000,2010,102,0.129000
1609060443.930523157,10.723000,2001,102,0.055000
1609060443.930976868,17.740000,2011,100,0.024000
1609060443.980488062,18.027000,2000,100,0.055000
1609060443.981309175,27.892000,2010,101,0.055000
1609060444.005462646,27.757000,2001,101,0.268000
1609060444.006245375,10.232000,2011,102,0.055000
1609060444.030272007,9.813000,2000,102,0.055000
1609060444.030962229,17.004999,2010,100,0.024000
1609060444.055514097,17.202999,2001,100,0.055000
1609060444.055995703,26.907000,2011,101,0.055000
1609060444.080465078,27.153000,2000,101,0.055000
1609060444.080700159,10.518000,2010,102,0.268000
1609060444.105033636,10.181000,2001,102,0.268000
1609060444.106164455,17.933001,2011,100,0.024000
1609060444.155489206,18.170000,2000,100,0.055000
1609060444.156249523,27.819000,2010,101,0.055000
1609060444.180506945,27.913000,2001,101,0.055000
1609060444.181226730,10.061000,2011,102,0.055000
1609060444.205289125,9.701000,2000,102,0.055000
1609060444.206275225,17.208000,2010,100,0.055000
1609060444.230477810,17.393000,2001,100,0.055000
1609060444.231230259,26.829000,2011,101,0.055000
1609060444.255486727,27.044001,2000,101,0.055000
1609060444.256232500,10.786000,2010,102,0.055000
1609060444.280316114,10.344000,2001,102,0.055000
1609060444.281343699,18.118999,2011,100,0.055000
1609060444.330453634,18.368000,2000,100,0.024000
1609060444.331258297,27.521000,2010,101,0.055000
1609060444.355469227,27.766001,2001,101,0.055000
1609060444.356251240,9.991000,2011,102,0.055000
1609060444.380243778,9.525000,2000,102,0.055000
1609060444.381249666,17.389000,2010,100,0.055000
1609060444.405536890,17.559000,2001,100,0.055000
1609060444.406233788,26.674000,2011,101,0.055000
1609060444.430465460,26.864000,2000,101,0.055000
1609060444.431234837,10.622000,2010,102,0.055000
1609060444.454993963,9.864000,2001,102,0.268000
1609060444.456210375,18.238001,2011,100,0.055000
1609060444.505474329,18.510000,2000,100,0.055000
1609060444.506232262,27.639000,2010,101,0.055000
1609060444.530493021,27.643000,2001,101,0.055000
1609060444.531217813,9.902000,2011,102,0.024000
1609060444.555462122,9.396000,2000,102,0.055000
1609060444.555953026,17.441000,2010,100,0.055000
1609060444.580466747,17.756001,2001,100,0.024000
1609060444.581233740,26.535999,2011,101,0.055000
1609060444.605474710,26.768999,2000,101,0.055000
1609060444.606241226,10.523000,2010,102,0.055000
1609060444.630484104,10.091000,2001,102,0.055000
1609060444.631191254,18.351999,2011,100,0.055000
1609060444.680437088,18.552000,2000,100,0.055000
1609060444.681234837,27.504999,2010,101,0.055000
1609060444.705475569,27.511999,2001,101,0.024000
1609060444.706208467,9.810000,2011,102,0.055000
1609060444.730433941,9.244000,2000,102,0.055000
1609060444.731063843,17.559999,2010,100,0.055000
1609060444.755433559,17.889999,2001,100,0.055000
1609060444.756048203,26.430000,2011,101,0.055000
1609060444.780412436,26.608000,2000,101,0.024000
1609060444.781401873,10.380000,2010,102,0.055000
1609060444.805229902,9.972000,2001,102,0.055000
1609060444.806199312,18.455999,2011,100,0.055000
1609060444.855416298,18.731001,2000,100,0.055000
1609060444.856205463,27.250000,2010,101,0.055000
1609060444.880463600,27.412001,2001,101,0.055000
1609060444.881216764,9.736000,2011,102,0.055000
1609060444.905642509,9.208000,2000,102,0.024000
1609060444.905957937,17.664000,2010,100,0.055000
1609060444.930415392,17.973000,2001,100,0.055000
1609060444.930948257,26.341000,2011,101,0.055000
1609060444.955446482,26.513000,2000,101,0.024000
1609060444.956258535,10.294000,2010,102,0.055000
1609060444.980245590,9.890000,2001,102,0.055000
1609060444.981297493,18.514999,2011,100,0.055000
1609060445.030452490,18.816999,2000,100,0.055000
1609060445.030927658,27.091000,2010,101,0.055000
1609060445.054960012,26.912001,2001,101,0.268000
1609060445.056251764,9.670000,2011,102,0.055000
1609060445.080468893,9.137000,2000,102,0.024000
1609060445.080989838,17.753000,2010,100,0.024000
1609060445.105440617,18.087999,2001,100,0.055000
1609060445.105950594,26.256001,2011,101,0.055000
1609060445.130401611,26.469999,2000,101,0.055000
1609060445.131182909,10.158000,2010,102,0.055000
1609060445.155260086,9.795000,2001,102,0.055000
1609060445.156232357,18.587000,2011,100,0.055000
1609060445.205390692,19.799999,2000,100,0.055000
1609060445.206250906,27.066000,2010,101,0.055000
1609060445.230492592,27.254000,2001,101,0.055000
1609060445.231235743,9.626000,2011,102,0.055000
1609060445.255424261,9.089000,2000,102,0.055000
1609060445.256187677,17.889999,2010,100,0.055000
1609060445.280463696,18.110001,2001,100,0.055000
1609060445.280966997,26.224001,2011,101,0.055000
1609060445.305413961,26.410999,2000,101,0.024000
1609060445.305699110,9.744000,2010,102,0.268000
1609060445.330497265,9.898000,2001,102,0.055000
1609060445.331264019,18.652000,2011,100,0.024000
1609060445.380386353,19.061001,2000,100,0.268000
1609060445.381191969,26.979000,2010,101,0.055000
1609060445.405432701,27.221001,2001,101,0.055000
1609060445.406197071,9.600000,2011,102,0.055000
1609060445.430388451,9.066000,2000,102,0.055000
1609060445.431164980,17.929001,2010,100,0.024000
1609060445.455409765,18.176001,2001,100,0.024000
1609060445.456177711,26.160000,2011,101,0.055000
1609060445.480381012,26.371000,2000,101,0.055000
1609060445.481194496,10.077000,2010,102,0.055000
1609060445.505221605,9.706000,2001,102,0.055000
1609060445.506190062,18.636000,2011,100,0.055000
1609060445.554963350,18.181000,2000,100,0.129000
1609060445.556179047,27.214001,2010,101,0.055000
1609060445.580406189,27.204000,2001,101,0.055000
1609060445.581172705,9.584000,2011,102,0.055000
1609060445.605375767,9.093000,2000,102,0.055000
1609060445.606176615,17.916000,2010,100,0.024000
1609060445.630409718,18.146999,2001,100,0.055000
1609060445.631154537,26.174000,2011,101,0.024000
1609060445.655397177,26.385000,2000,101,0.024000
1609060445.656004667,10.094000,2010,102,0.055000
1609060445.680491686,9.767000,2001,102,0.055000
1609060445.680912256,18.532000,2011,100,0.055000
1609060445.729904413,18.135000,2000,100,0.129000
1609060445.731147528,26.974001,2010,101,0.055000
1609060445.755391121,27.247000,2001,101,0.055000
1609060445.756166220,9.700000,2011,102,0.055000
1609060445.780380249,9.145000,2000,102,0.055000
1609060445.781220436,17.802000,2010,100,0.055000
1609060445.805403948,18.021999,2001,100,0.055000
1609060445.806184292,26.309000,2011,101,0.024000
1609060445.830409527,26.427000,2000,101,0.055000
1609060445.831091166,10.197000,2010,102,0.055000
1609060445.854918957,9.459000,2001,102,0.268000
1609060445.856183052,18.546000,2011,100,0.055000
1609060445.904954195,18.844999,2000,100,0.268000
1609060445.906192541,27.110001,2010,101,0.055000
1609060445.930433750,27.409000,2001,101,0.055000
1609060445.931106091,9.785000,2011,102,0.055000
1609060445.955365896,9.210000,2000,102,0.024000
1609060445.955923080,17.649000,2010,100,0.055000
1609060445.980377913,17.926001,2001,100,0.055000
1609060445.981030226,26.414000,2011,101,0.055000
1609060446.005391359,26.582001,2000,101,0.024000
1609060446.006201029,10.413000,2010,102,0.055000
1609060446.029989243,9.616000,2001,102,0.268000
1609060446.031162262,18.410999,2011,100,0.055000
1609060446.080407619,18.714001,2000,100,0.024000
1609060446.081209660,27.601000,2010,101,0.055000
1609060446.104970217,27.110001,2001,101,0.268000
1609060446.106199980,9.827000,2011,102,0.055000
1609060446.130386829,9.274000,2000,102,0.055000
1609060446.131160975,17.565001,2010,100,0.055000
1609060446.155395746,17.812000,2001,100,0.055000
1609060446.156190157,26.698000,2011,101,0.055000
1609060446.180401325,26.840000,2000,101,0.024000
1609060446.180711031,10.180000,2010,102,0.268000
1609060446.204963446,9.704000,2001,102,0.268000
1609060446.206144571,18.275999,2011,100,0.024000
1609060446.255374670,18.546000,2000,100,0.055000
1609060446.256228685,27.737000,2010,101,0.024000
1609060446.279991627,27.482000,2001,101,0.268000
1609060446.281150341,9.838000,2011,102,0.055000
1609060446.305360556,9.400000,2000,102,0.055000
1609060446.306199551,17.441000,2010,100,0.024000
1609060446.330394030,17.705000,2001,100,0.055000
1609060446.331159115,27.125000,2011,101,0.055000
1609060446.355396748,27.096001,2000,101,0.055000
1609060446.355901718,10.489000,2010,102,0.024000
1609060446.380383015,10.182000,2001,102,0.055000
1609060446.381139040,18.177999,2011,100,0.024000
1609060446.430390835,18.443001,2000,100,0.055000
1609060446.431076765,27.811001,2010,101,0.024000
1609060446.454886675,27.688999,2001,101,0.268000
1609060446.456158161,9.977000,2011,102,0.055000
1609060446.480378389,9.498000,2000,102,0.055000
1609060446.481174231,17.330999,2010,100,0.024000
1609060446.505364895,17.611000,2001,100,0.055000
1609060446.506156683,27.399000,2011,101,0.055000
1609060446.530387402,27.341000,2000,101,0.055000
1609060446.530627966,10.301000,2010,102,0.268000
1609060446.555400848,10.302000,2001,102,0.055000
1609060446.556165457,17.983999,2011,100,0.055000
1609060446.605411530,18.337999,2000,100,0.055000
1609060446.606115103,28.014000,2010,101,0.055000
1609060446.630379200,28.330000,2001,101,0.055000
1609060446.631145954,10.050000,2011,102,0.055000
1609060446.655405998,9.589000,2000,102,0.055000
1609060446.655879259,17.181999,2010,100,0.055000
1609060446.680414200,17.540001,2001,100,0.055000
1609060446.681159496,27.576000,2011,101,0.055000
1609060446.705353260,27.535000,2000,101,0.024000
1609060446.706153154,10.755000,2010,102,0.024000
1609060446.730396032,10.414000,2001,102,0.055000
1609060446.731108665,17.952999,2011,100,0.055000
1609060446.780377388,18.211000,2000,100,0.055000
1609060446.781130075,28.202999,2010,101,0.055000
1609060446.805328369,28.583000,2001,101,0.024000
1609060446.806174517,10.045000,2011,102,0.055000
1609060446.830349445,9.685000,2000,102,0.055000
1609060446.831082582,17.124001,2010,100,0.024000
1609060446.855395555,17.445999,2001,100,0.024000
1609060446.856137991,27.789000,2011,101,0.024000
1609060446.880409241,27.773001,2000,101,0.055000
1609060446.880895138,10.799000,2010,102,0.055000
1609060446.904946804,10.113000,2001,102,0.268000
1609060446.906180143,17.809999,2011,100,0.055000
1609060446.955353737,18.156000,2000,100,0.055000
1609060446.956073046,28.354000,2010,101,0.055000
1609060446.980369329,28.730000,2001,101,0.055000
1609060446.981111288,10.130000,2011,102,0.055000
1609060447.005333900,9.723000,2000,102,0.055000
1609060447.006145716,17.035000,2010,100,0.024000
1609060447.030333996,17.323000,2001,100,0.055000
1609060447.031148434,27.917000,2011,101,0.024000
1609060447.055327654,27.934999,2000,101,0.024000
1609060447.055950880,10.897000,2010,102,0.055000
1609060447.080384970,10.607000,2001,102,0.055000
1609060447.081094980,17.754000,2011,100,0.055000
1609060447.130323887,18.063000,2000,100,0.055000
1609060447.130852699,28.502001,2010,101,0.055000
1609060447.155325413,28.530001,2001,101,0.268000
1609060447.155870676,10.244000,2011,102,0.055000
1609060447.180330276,9.863000,2000,102,0.055000
1609060447.180965900,16.895000,2010,100,0.055000
1609060447.205392122,17.270000,2001,100,0.024000
1609060447.206073046,27.837000,2011,101,0.055000
1609060447.230404854,28.055000,2000,101,0.055000
1609060447.230616093,10.635000,2010,102,0.268000
1609060447.255352736,10.739000,2001,102,0.055000
1609060447.256175518,17.621000,2011,100,0.055000
1609060447.305304289,17.973000,2000,100,0.055000
1609060447.306022167,28.702000,2010,101,0.055000
1609060447.330316782,28.993000,2001,101,0.055000
1609060447.331078768,10.276000,2011,102,0.055000
1609060447.355324268,9.964000,2000,102,0.055000
1609060447.356090307,16.872000,2010,100,0.055000
1609060447.380323410,17.174999,2001,100,0.055000
1609060447.380922556,27.955000,2011,101,0.055000
1609060447.405347347,28.177999,2000,101,0.055000
1609060447.406025887,11.091000,2010,102,0.024000
1609060447.430365086,10.799000,2001,102,0.055000
1609060447.431186199,17.589001,2011,100,0.055000
1609060447.480328321,17.863001,2000,100,0.055000
1609060447.480826616,28.858999,2010,101,0.055000
1609060447.504911423,28.600000,2001,101,0.268000
1609060447.506043673,10.399000,2011,102,0.055000
1609060447.530338049,10.006000,2000,102,0.055000
1609060447.530845881,16.688999,2010,100,0.055000
1609060447.555325985,17.059000,2001,100,0.024000
1609060447.555840254,28.106001,2011,101,0.055000
1609060447.580331564,28.299999,2000,101,0.055000
1609060447.580617189,10.840000,2010,102,0.268000
1609060447.605299234,10.932000,2001,102,0.024000
1609060447.606103420,17.447001,2011,100,0.055000
1609060447.655337095,17.750000,2000,100,0.055000
1609060447.655886173,28.915001,2010,101,0.024000
1609060447.680325508,29.134001,2001,101,0.055000
1609060447.681042910,10.513000,2011,102,0.055000
1609060447.705306530,10.160000,2000,102,0.055000
1609060447.706148386,16.618999,2010,100,0.055000
1609060447.730343103,16.952000,2001,100,0.055000
1609060447.730853558,28.159000,2011,101,0.055000
1609060447.755372047,28.375999,2000,101,0.055000
1609060447.756104946,11.258000,2010,102,0.055000
1609060447.780286551,10.991000,2001,102,0.055000
1609060447.781121254,17.340000,2011,100,0.055000
1609060447.830338001,17.611000,2000,100,0.055000
1609060447.831116676,29.034000,2010,101,0.055000
1609060447.854896307,29.114000,2001,101,0.268000
1609060447.856557846,10.610000,2011,102,0.055000
1609060447.880362511,10.206000,2000,102,0.055000
1609060447.881156445,16.516001,2010,100,0.024000
1609060447.905283213,16.844999,2001,100,0.055000
1609060447.905884504,28.236000,2011,101,0.055000
1609060447.931416273,28.427000,2000,101,0.024000
1609060447.931544542,11.358000,2010,102,0.055000
1609060447.955312967,11.117000,2001,102,0.055000
1609060447.956075430,17.247999,2011,100,0.055000
1609060448.004864216,17.194000,2000,100,0.268000
1609060448.006072998,29.070000,2010,101,0.055000
1609060448.030300856,29.378000,2001,101,0.055000
1609060448.030873775,10.760000,2011,102,0.055000
1609060448.055331707,10.352000,2000,102,0.055000
1609060448.056134462,16.448999,2010,100,0.055000
1609060448.080280781,16.728001,2001,100,0.024000
1609060448.080868721,28.337000,2011,101,0.055000
1609060448.105395079,28.516001,2000,101,0.024000
1609060448.106096506,11.532000,2010,102,0.055000
1609060448.129825354,10.853000,2001,102,0.268000
1609060448.131069422,17.167999,2011,100,0.055000
1609060448.179828882,17.035999,2000,100,0.268000
1609060448.181117535,29.215000,2010,101,0.055000
1609060448.205381632,29.441999,2001,101,0.055000
1609060448.205996275,10.833000,2011,102,0.055000
1609060448.230280399,10.469000,2000,102,0.055000
1609060448.231106520,16.322001,2010,100,0.024000
1609060448.255283117,16.613001,2001,100,0.055000
1609060448.255932331,28.482000,2011,101,0.055000
1609060448.280300379,28.658001,2000,101,0.055000
1609060448.281078577,11.614000,2010,102,0.055000
1609060448.305319786,11.270000,2001,102,0.055000
1609060448.306059122,16.934000,2011,100,0.055000
1609060448.355287790,17.291000,2000,100,0.055000
1609060448.356026173,29.603001,2010,101,0.055000
1609060448.380304813,29.495001,2001,101,0.024000
1609060448.381038666,10.961000,2011,102,0.055000
1609060448.405305862,10.550000,2000,102,0.055000
1609060448.406071186,16.205999,2010,100,0.055000
1609060448.430370092,16.448999,2001,100,0.055000
1609060448.431089401,28.573000,2011,101,0.024000
1609060448.455300570,28.790001,2000,101,0.055000
1609060448.455547333,11.429000,2010,102,0.268000
1609060448.480311394,11.427000,2001,102,0.055000
1609060448.481108665,16.848000,2011,100,0.055000
1609060448.530282259,17.184999,2000,100,0.055000
1609060448.530803680,29.393000,2010,101,0.055000
1609060448.554878712,29.226000,2001,101,0.268000
1609060448.556016922,11.072000,2011,102,0.055000
1609060448.580303431,10.711000,2000,102,0.055000
1609060448.581170082,16.099001,2010,100,0.024000
1609060448.605259180,16.386000,2001,100,0.055000
1609060448.606077194,28.750000,2011,101,0.055000
1609060448.630296469,28.934999,2000,101,0.055000
1609060448.631020069,11.762000,2010,102,0.055000
1609060448.654848099,11.164000,2001,102,0.268000
1609060448.656071186,16.740999,2011,100,0.055000
1609060448.705285549,17.121000,2000,100,0.055000
1609060448.705815077,29.589001,2010,101,0.024000
1609060448.729841948,29.422001,2001,101,0.268000
1609060448.730975389,11.174000,2011,102,0.055000
1609060448.755345345,10.775000,2000,102,0.055000
1609060448.755835056,15.921000,2010,100,0.055000
1609060448.780309439,16.301001,2001,100,0.024000
1609060448.780919790,28.848000,2011,101,0.055000
1609060448.805295229,29.087000,2000,101,0.055000
1609060448.805997849,11.960000,2010,102,0.055000
1609060448.830258846,11.699000,2001,102,0.055000
1609060448.831077814,16.650999,2011,100,0.055000
1609060448.880245686,16.997000,2000,100,0.055000
1609060448.880751610,29.781000,2010,101,0.055000
1609060448.904829741,29.584999,2001,101,0.268000
1609060448.905990362,11.270000,2011,102,0.055000
1609060448.930335283,10.923000,2000,102,0.055000
1609060448.930781841,15.812000,2010,100,0.055000
1609060448.955307722,16.222000,2001,100,0.024000
1609060448.956084967,28.996000,2011,101,0.024000
1609060448.980306625,29.198999,2000,101,0.055000
1609060448.980614185,11.653000,2010,102,0.268000
1609060449.005258560,11.816000,2001,102,0.024000
1609060449.006075859,16.523001,2011,100,0.055000
1609060449.055309296,16.952000,2000,100,0.024000
1609060449.056022644,29.886999,2010,101,0.024000
1609060449.079836845,29.778000,2001,101,0.268000
1609060449.081022501,11.363000,2011,102,0.055000
1609060449.105264425,10.983000,2000,102,0.055000
1609060449.106151342,15.843000,2010,100,0.055000
1609060449.130243063,16.148001,2001,100,0.024000
1609060449.131050825,29.225000,2011,101,0.055000
1609060449.155252695,29.343000,2000,101,0.055000
1609060449.155539513,11.765000,2010,102,0.268000
1609060449.180304050,11.912000,2001,102,0.055000
1609060449.181106806,16.450001,2011,100,0.055000
1609060449.230257750,16.855000,2000,100,0.055000
1609060449.230993748,30.032000,2010,101,0.055000
1609060449.254826069,29.801001,2001,101,0.268000
1609060449.255977154,11.438000,2011,102,0.055000
1609060449.280253410,11.136000,2000,102,0.024000
1609060449.281096935,15.784000,2010,100,0.055000
1609060449.305269003,16.105000,2001,100,0.055000
1609060449.306038618,29.320999,2011,101,0.055000
1609060449.330238104,29.510000,2000,101,0.055000
1609060449.330531120,11.841000,2010,102,0.268000
1609060449.355248928,11.992000,2001,102,0.055000
1609060449.356087685,16.471001,2011,100,0.055000
1609060449.405279398,16.808001,2000,100,0.055000
1609060449.405798674,30.021999,2010,101,0.055000
1609060449.429771662,29.945000,2001,101,0.268000
1609060449.430994511,11.509000,2011,102,0.055000
1609060449.455276966,11.162000,2000,102,0.055000
1609060449.456083536,15.740000,2010,100,0.024000
1609060449.480229378,16.070999,2001,100,0.055000
1609060449.481132030,29.690001,2011,101,0.055000
1609060449.505310535,29.634001,2000,101,0.055000
1609060449.505602837,11.926000,2010,102,0.268000
1609060449.530225992,12.058000,2001,102,0.024000
1609060449.531072617,16.389999,2011,100,0.055000
1609060449.580240726,16.773001,2000,100,0.055000
1609060449.580991507,30.278000,2010,101,0.055000
1609060449.604812384,30.118999,2001,101,0.268000
1609060449.606044769,11.566000,2011,102,0.024000
1609060449.630217075,11.239000,2000,102,0.055000
1609060449.630751848,15.598000,2010,100,0.055000
1609060449.655247211,16.037001,2001,100,0.055000
1609060449.656025648,29.601000,2011,101,0.055000
1609060449.680218935,29.763000,2000,101,0.055000
1609060449.680518389,11.605000,2010,102,0.129000
1609060449.705267191,12.133000,2001,102,0.055000
1609060449.706068993,16.393999,2011,100,0.055000
1609060449.755223751,16.747999,2000,100,0.055000
1609060449.755872250,30.392000,2010,101,0.055000
1609060449.779764652,29.879000,2001,101,0.129000
1609060449.781010151,11.549000,2011,102,0.055000
1609060449.805225611,11.284000,2000,102,0.055000
1609060449.806043863,15.688000,2010,100,0.055000
1609060449.830262184,16.025000,2001,100,0.055000
1609060449.831116915,29.924000,2011,101,0.024000
1609060449.855223417,29.844999,2000,101,0.055000
1609060449.855775118,11.927000,2010,102,0.268000
1609060449.880242109,12.181000,2001,102,0.055000
1609060449.881046057,16.330999,2011,100,0.055000
1609060449.930225611,16.726999,2000,100,0.055000
1609060449.930960655,30.434000,2010,101,0.055000
1609060449.954804420,30.191999,2001,101,0.268000
1609060449.955937147,11.653000,2011,102,0.055000
1609060449.980206966,11.340000,2000,102,0.055000
1609060449.980792046,15.599001,2010,100,0.055000
1609060450.005246401,16.021999,2001,100,0.055000
1609060450.005985975,29.816000,2011,101,0.055000
1609060450.030260801,29.981001,2000,101,0.055000
1609060450.030547619,12.058000,2010,102,0.268000
1609060450.054760695,11.848000,2001,102,0.268000
1609060450.056059122,16.323000,2011,100,0.055000
1609060450.105223417,16.731001,2000,100,0.055000
1609060450.105720043,30.566000,2010,101,0.055000
1609060450.129776239,30.403999,2001,101,0.268000
1609060450.130970001,11.637000,2011,102,0.055000
1609060450.155279160,11.331000,2000,102,0.055000
1609060450.156094074,15.645000,2010,100,0.024000
1609060450.180224657,16.038000,2001,100,0.055000
1609060450.181151867,30.120001,2011,101,0.024000
1609060450.205204010,30.066000,2000,101,0.055000
1609060450.205493927,12.109000,2010,102,0.268000
1609060450.230221748,12.210000,2001,102,0.055000
1609060450.231020212,16.304001,2011,100,0.055000
1609060450.280198574,16.750999,2000,100,0.055000
1609060450.280781507,30.648001,2010,101,0.055000
1609060450.304773331,30.562000,2001,101,0.268000
1609060450.305975437,11.692000,2011,102,0.055000
1609060450.330223560,11.379000,2000,102,0.055000
1609060450.331011772,15.695999,2010,100,0.055000
1609060450.355234146,16.059000,2001,100,0.055000
1609060450.356058121,30.214001,2011,101,0.055000
1609060450.380293608,30.152000,2000,101,0.024000
1609060450.380511522,12.088000,2010,102,0.268000
1609060450.404804230,11.878000,2001,102,0.268000
1609060450.406092644,16.402000,2011,100,0.055000
1609060450.455212355,16.791000,2000,100,0.055000
1609060450.455959320,30.775000,2010,101,0.055000
1609060450.479747772,30.521000,2001,101,0.268000
1609060450.480979919,11.694000,2011,102,0.055000
1609060450.505187750,11.431000,2000,102,0.024000
1609060450.505976677,15.698999,2010,100,0.024000
1609060450.530202866,16.107000,2001,100,0.055000
1609060450.531019449,30.093000,2011,101,0.055000
1609060450.555256605,30.253000,2000,101,0.024000
1609060450.555985451,11.789000,2010,102,0.129000
1609060450.579792261,11.869000,2001,102,0.268000
1609060450.581126451,16.474001,2011,100,0.055000
1609060450.630221605,16.827000,2000,100,0.055000
1609060450.631055117,30.862000,2010,101,0.055000
1609060450.654754162,30.653999,2001,101,0.268000
1609060450.655977249,11.706000,2011,102,0.055000
1609060450.680231333,11.426000,2000,102,0.055000
1609060450.681060553,15.766001,2010,100,0.055000
1609060450.705250502,16.142000,2001,100,0.055000
1609060450.706014156,30.188999,2011,101,0.024000
1609060450.730194330,30.358999,2000,101,0.055000
1609060450.730486870,11.755000,2010,102,0.129000
1609060450.755224943,12.285000,2001,102,0.055000
1609060450.756042004,16.497000,2011,100,0.055000
1609060450.804709673,16.577999,2000,100,0.268000
1609060450.806023598,31.041000,2010,101,0.055000
1609060450.829741955,30.855000,2001,101,0.268000
1609060450.830936432,11.733000,2011,102,0.055000
1609060450.855217934,11.457000,2000,102,0.024000
1609060450.856019974,15.792000,2010,100,0.055000
1609060450.880203247,16.172001,2001,100,0.055000
1609060450.880721569,30.275000,2011,101,0.055000
1609060450.905183554,30.478001,2000,101,0.055000
1609060450.905934811,12.408000,2010,102,0.055000
1609060450.930220604,12.323000,2001,102,0.055000
1609060450.930974007,16.434000,2011,100,0.055000
1609060450.980219603,16.886000,2000,100,0.055000
1609060450.980779171,31.086000,2010,101,0.024000
1609060451.004730701,31.021999,2001,101,0.268000
1609060451.005923033,11.793000,2011,102,0.024000
1609060451.030189037,11.539000,2000,102,0.024000
1609060451.031038046,15.789000,2010,100,0.024000
1609060451.055220604,16.177999,2001,100,0.055000
1609060451.055966854,30.434000,2011,101,0.055000
1609060451.080190420,30.635000,2000,101,0.055000
1609060451.080953836,12.579000,2010,102,0.024000
1609060451.105194330,12.412000,2001,102,0.055000
1609060451.105977774,16.459999,2011,100,0.055000
1609060451.154715061,16.556000,2000,100,0.268000
1609060451.156013250,31.375999,2010,101,0.055000
1609060451.179757833,31.070000,2001,101,0.268000
1609060451.180974960,11.892000,2011,102,0.055000
1609060451.205210447,11.687000,2000,102,0.024000
1609060451.205990553,15.753000,2010,100,0.055000
1609060451.230194092,16.135000,2001,100,0.055000
1609060451.230832338,30.622999,2011,101,0.055000
1609060451.255241632,30.849001,2000,101,0.055000
1609060451.255924940,12.678000,2010,102,0.055000
1609060451.280214548,12.565000,2001,102,0.024000
1609060451.281048059,16.393000,2011,100,0.055000
1609060451.330224991,16.747999,2000,100,0.055000
1609060451.330941677,31.528999,2010,101,0.055000
1609060451.355202436,31.294998,2001,101,0.268000
1609060451.355933428,12.024000,2011,102,0.055000
1609060451.380241871,11.843000,2000,102,0.055000
1609060451.380756855,15.610001,2010,100,0.055000
1609060451.405185223,16.075001,2001,100,0.055000
1609060451.405714989,30.851999,2011,101,0.055000
1609060451.430154800,31.094999,2000,101,0.055000
1609060451.430931568,12.863000,2010,102,0.055000
1609060451.454738855,12.385000,2001,102,0.268000
1609060451.456002951,16.259001,2011,100,0.055000
1609060451.505195618,16.684000,2000,100,0.055000
1609060451.505892992,31.714001,2010,101,0.055000
1609060451.529697657,31.557999,2001,101,0.268000
1609060451.530930996,12.149000,2011,102,0.055000
1609060451.555143595,12.008000,2000,102,0.024000
1609060451.555689812,15.528999,2010,100,0.024000
1609060451.580175638,16.000999,2001,100,0.055000
1609060451.580980301,31.084999,2011,101,0.055000
1609060451.605202198,31.327000,2000,101,0.024000
1609060451.605936527,13.015000,2010,102,0.055000
1609060451.629745007,12.477000,2001,102,0.268000
1609060451.630754471,16.083000,2011,100,0.055000
1609060451.680185318,16.605000,2000,100,0.055000
1609060451.680951834,31.962002,2010,101,0.055000
1609060451.704704285,31.313000,2001,101,0.129000
1609060451.705909014,12.305000,2011,102,0.055000
1609060451.730139256,12.128000,2000,102,0.055000
1609060451.730733395,15.469000,2010,100,0.055000
1609060451.755159855,15.952999,2001,100,0.055000
1609060451.755904913,31.299000,2011,101,0.055000
1609060451.780149937,31.528999,2000,101,0.024000
1609060451.780443907,12.747000,2010,102,0.268000
1609060451.804646254,12.264000,2001,102,0.129000
1609060451.805672884,16.021999,2011,100,0.055000
1609060451.855163336,16.552999,2000,100,0.055000
1609060451.855425835,31.338001,2010,101,0.129000
1609060451.879724741,31.558998,2001,101,0.129000
1609060451.880884171,12.445000,2011,102,0.055000
1609060451.905164003,12.230000,2000,102,0.055000
1609060451.905730486,15.466999,2010,100,0.055000
1609060451.930126190,15.921000,2001,100,0.055000
1609060451.930871964,31.408001,2011,101,0.055000
1609060451.955148458,31.640999,2000,101,0.024000
1609060451.955931664,13.230000,2010,102,0.055000
1609060451.980389595,12.746000,2001,102,0.268000
1609060451.980901718,15.990999,2011,100,0.055000
1609060452.030141830,16.497999,2000,100,0.055000
1609060452.030394316,31.910999,2010,101,0.268000
1609060452.054706573,31.669998,2001,101,0.129000
1609060452.055876255,12.457000,2011,102,0.055000
1609060452.080124617,12.351000,2000,102,0.024000
1609060452.080678701,15.407000,2010,100,0.055000
1609060452.105138302,15.905001,2001,100,0.055000
1609060452.105904102,31.513000,2011,101,0.055000
1609060452.130133629,31.733002,2000,101,0.055000
1609060452.130939484,13.276000,2010,102,0.056000
1609060452.155410290,13.171000,2001,102,0.056000
1609060452.155965090,16.058001,2011,100,0.055000
1609060452.205157757,16.495001,2000,100,0.024000
1609060452.205458164,31.543999,2010,101,0.129000
1609060452.229675055,31.612999,2001,101,0.129000
1609060452.230982065,12.539000,2011,102,0.055000
1609060452.255124807,12.374000,2000,102,0.055000
1609060452.255690336,15.399000,2010,100,0.055000
1609060452.280173540,15.898001,2001,100,0.055000
1609060452.280909300,31.631001,2011,101,0.055000
1609060452.305169106,31.805000,2000,101,0.055000
1609060452.305968285,13.306000,2010,102,0.056000
1609060452.330406427,13.251000,2001,102,0.055000
1609060452.331059933,16.093000,2011,100,0.055000
1609060452.380132675,16.528999,2000,100,0.055000
1609060452.380437136,32.015999,2010,101,0.268000
1609060452.405120611,32.339001,2001,101,0.268000
1609060452.405843019,12.582000,2011,102,0.055000
1609060452.430135727,12.370000,2000,102,0.055000
1609060452.430839777,15.405001,2010,100,0.055000
1609060452.455154181,15.896000,2001,100,0.024000
1609060452.455883980,31.699001,2011,101,0.024000
1609060452.480136156,31.908001,2000,101,0.055000
1609060452.505338430,13.256000,2001,102,0.055000
1609060452.506028652,16.066999,2011,100,0.055000
1609060452.555135727,16.528000,2000,100,0.055000
1609060452.555404902,32.112000,2010,101,0.268000
1609060452.579680920,31.838001,2001,101,0.129000
1609060452.580918074,12.617000,2011,102,0.055000
1609060452.605132103,12.412000,2000,102,0.055000
1609060452.605693579,15.408001,2010,100,0.024000
1609060452.630130291,15.903000,2001,100,0.055000
1609060452.630984545,31.721001,2011,101,0.024000
1609060452.655149221,31.930000,2000,101,0.055000
1609060452.655888796,13.417000,2010,102,0.056000
1609060452.679676771,12.921000,2001,102,0.268000
1609060452.680930138,16.065001,2011,100,0.055000
1609060452.730081320,16.541000,2000,100,0.055000
1609060452.730879068,32.574001,2010,101,0.055000
1609060452.754626751,32.188000,2001,101,0.268000
1609060452.755864859,12.655000,2011,102,0.055000
1609060452.780159235,12.477000,2000,102,0.055000
1609060452.780777931,15.451000,2010,100,0.024000
1609060452.805137396,15.910999,2001,100,0.055000
1609060452.805861235,31.819000,2011,101,0.055000
1609060452.830127954,32.023998,2000,101,0.055000
1609060452.830834866,13.443000,2010,102,0.055000
1609060452.854638577,12.788000,2001,102,0.268000
1609060452.855954647,16.115999,2011,100,0.055000
1609060452.905153275,16.552000,2000,100,0.055000
1609060452.905879498,32.633999,2010,101,0.055000
1609060452.930165529,32.847000,2001,101,0.055000
1609060452.930944443,12.706000,2011,102,0.055000
1609060452.955138922,12.572000,2000,102,0.024000
1609060452.955651760,15.427999,2010,100,0.024000
1609060452.980091095,15.882999,2001,100,0.055000
1609060452.980906487,31.862999,2011,101,0.055000
1609060453.005134106,32.101002,2000,101,0.055000
1609060453.005834579,13.522000,2010,102,0.055000
1609060453.029664040,12.998000,2001,102,0.268000
1609060453.030960798,16.087999,2011,100,0.055000
1609060453.080129147,16.565001,2000,100,0.055000
1609060453.080814362,32.729000,2010,101,0.055000
1609060453.105084419,32.848000,2001,101,0.055000
1609060453.105837584,12.748000,2011,102,0.055000
1609060453.130086660,12.586000,2000,102,0.055000
1609060453.130656004,15.441000,2010,100,0.024000
1609060453.155089140,15.938000,2001,100,0.055000
1609060453.155627966,31.987999,2011,101,0.055000
1609060453.180213451,32.171001,2000,101,0.055000
1609060453.180438757,13.285000,2010,102,0.268000
1609060453.205161095,13.318000,2001,102,0.055000
1609060453.205959320,16.011000,2011,100,0.024000
1609060453.255069017,16.577000,2000,100,0.055000
1609060453.255637646,32.445000,2010,101,0.268000
1609060453.280085564,32.988998,2001,101,0.055000
1609060453.280876875,12.710000,2011,102,0.055000
1609060453.305084944,12.630000,2000,102,0.055000
1609060453.305622339,15.445999,2010,100,0.024000
1609060453.330074072,15.914000,2001,100,0.055000
1609060453.330984116,32.096001,2011,101,0.055000
1609060453.355121613,32.328999,2000,101,0.055000
1609060453.355507851,13.305000,2010,102,0.268000
1609060453.379622221,13.162000,2001,102,0.268000
1609060453.380965471,16.124001,2011,100,0.055000
1609060453.430421352,16.535999,2000,100,0.055000
1609060453.430604696,32.585999,2010,101,0.268000
1609060453.455108643,33.084999,2001,101,0.055000
1609060453.455818653,12.929000,2011,102,0.055000
1609060453.480120659,12.773000,2000,102,0.055000
1609060453.480831385,15.451000,2010,100,0.024000
1609060453.505138159,15.922001,2001,100,0.055000
1609060453.505844116,32.223000,2011,101,0.055000
1609060453.530073643,32.452000,2000,101,0.024000
1609060453.530813694,13.881000,2010,102,0.056000
1609060453.555446863,13.662000,2001,102,0.056000
1609060453.555924892,16.080999,2011,100,0.055000
1609060453.605089903,16.530001,2000,100,0.055000
1609060453.605362654,32.696999,2010,101,0.268000
1609060453.629624128,32.657001,2001,101,0.268000
1609060453.630836248,12.914000,2011,102,0.055000
1609060453.655057907,12.840000,2000,102,0.024000
1609060453.655856848,15.451000,2010,100,0.055000
1609060453.680050373,15.972000,2001,100,0.055000
1609060453.680835247,32.354000,2011,101,0.055000
1609060453.705080986,32.577999,2000,101,0.055000
1609060453.729566574,12.818000,2001,102,0.129000
1609060453.730605602,15.997999,2011,100,0.055000
1609060453.780045271,16.535000,2000,100,0.055000
1609060453.780383110,32.825001,2010,101,0.268000
1609060453.804641724,32.490002,2001,101,0.129000
1609060453.805815935,13.026000,2011,102,0.055000
1609060453.830050707,12.959000,2000,102,0.055000
1609060453.830825567,15.455999,2010,100,0.055000
1609060453.855052471,15.982000,2001,100,0.024000
1609060453.855832100,32.452000,2011,101,0.055000
1609060453.880083084,32.680000,2000,101,0.055000
1609060453.880856276,13.935000,2010,102,0.056000
1609060453.904609203,13.099000,2001,102,0.129000
1609060453.905871153,16.039000,2011,100,0.024000
1609060453.955065966,16.546000,2000,100,0.055000
1609060453.955825806,33.298000,2010,101,0.055000
1609060453.979672194,32.730999,2001,101,0.129000
1609060453.980828524,13.046000,2011,102,0.055000
1609060454.005121946,13.022000,2000,102,0.024000
1609060454.005891085,15.468000,2010,100,0.055000
1609060454.030058384,16.002001,2001,100,0.024000
1609060454.030865908,32.536999,2011,101,0.055000
1609060454.055078983,32.729000,2000,101,0.055000
1609060454.055862665,13.955000,2010,102,0.056000
1609060454.079557657,13.203000,2001,102,0.129000
1609060454.080564737,16.049000,2011,100,0.055000
1609060454.130041361,16.594999,2000,100,0.055000
1609060454.130344391,32.898998,2010,101,0.268000
1609060454.154599905,32.790001,2001,101,0.129000
1609060454.155806780,13.175000,2011,102,0.055000
1609060454.180058956,13.048000,2000,102,0.055000
1609060454.180840254,15.503000,2010,100,0.055000
1609060454.205042124,16.031000,2001,100,0.024000
1609060454.205825567,32.604000,2011,101,0.055000
1609060454.230065107,32.827999,2000,101,0.055000
1609060454.230876923,13.955000,2010,102,0.055000
1609060454.254573584,13.567000,2001,102,0.129000
1609060454.255681038,16.038000,2011,100,0.024000
1609060454.305018187,16.631001,2000,100,0.055000
1609060454.305352449,33.011002,2010,101,0.268000
1609060454.329615831,32.785999,2001,101,0.129000
1609060454.330789566,13.159000,2011,102,0.056000
1609060454.355062723,13.064000,2000,102,0.055000
1609060454.355831146,15.538000,2010,100,0.055000
1609060454.380066395,16.073000,2001,100,0.055000
1609060454.380838394,32.644001,2011,101,0.055000
1609060454.405056953,32.855000,2000,101,0.055000
1609060454.405768394,13.988000,2010,102,0.055000
1609060454.429536104,13.021000,2001,102,0.129000
1609060454.430570841,16.077999,2011,100,0.055000
1609060454.480022669,16.688999,2000,100,0.055000
1609060454.480785131,33.400002,2010,101,0.055000
1609060454.504618883,32.832001,2001,101,0.129000
1609060454.505798101,13.158000,2011,102,0.056000
1609060454.530090809,12.990000,2000,102,0.024000
1609060454.530809164,15.591999,2010,100,0.055000
1609060454.555053234,16.131001,2001,100,0.055000
1609060454.555819988,32.610001,2011,101,0.024000
1609060454.580053568,32.866001,2000,101,0.055000
1609060454.604582787,25.004999,2001,102,0.268000
1609060454.605569839,16.141001,2011,100,0.055000
1609060454.655043364,16.737000,2000,100,0.055000
1609060454.655808687,33.360001,2010,101,0.055000
1609060454.679572105,32.837002,2001,101,0.129000
1609060454.680822849,13.069000,2011,102,0.056000
1609060454.705055952,13.013000,2000,102,0.055000
1609060454.705781460,15.639999,2010,100,0.055000
1609060454.730050325,16.181999,2001,100,0.024000
1609060454.730550528,32.648998,2011,101,0.055000
1609060454.755053997,32.825001,2000,101,0.055000
1609060454.755749226,14.060000,2010,102,0.055000
1609060454.780309677,25.441000,2001,102,0.056000
1609060454.783896208,16.187000,2011,100,0.055000
1609060454.830025434,16.792999,2000,100,0.055000
1609060454.830771446,33.393002,2010,101,0.055000
1609060454.854602575,32.837002,2001,101,0.129000
1609060454.855768204,13.139000,2011,102,0.056000
1609060454.880058289,13.005000,2000,102,0.024000
1609060454.880743265,15.690001,2010,100,0.055000
1609060454.905051708,16.202999,2001,100,0.055000
1609060454.905608177,32.591999,2011,101,0.055000
1609060454.930045605,32.845001,2000,101,0.024000
1609060454.930780172,13.876000,2010,102,0.055000
1609060454.955332756,13.875000,2001,102,0.056000
1609060454.955816984,16.247999,2011,100,0.055000
1609060455.005044937,16.847000,2000,100,0.055000
1609060455.005744219,33.366001,2010,101,0.055000
1609060455.029606581,32.785000,2001,101,0.129000
1609060455.030798197,13.029000,2011,102,0.056000
1609060455.055035353,12.927000,2000,102,0.055000
1609060455.055802584,15.761000,2010,100,0.024000
1609060455.080036640,16.305000,2001,100,0.055000
1609060455.080620766,32.544998,2011,101,0.055000
1609060455.105073452,32.799999,2000,101,0.055000
1609060455.105786800,13.925000,2010,102,0.055000
1609060455.130268335,13.865000,2001,102,0.056000
1609060455.130780697,16.320999,2011,100,0.055000
1609060455.180026293,16.923000,2000,100,0.055000
1609060455.180812836,33.271999,2010,101,0.055000
1609060455.204634905,32.582001,2001,101,0.129000
1609060455.205790997,12.961000,2011,102,0.055000
1609060455.230067253,12.874000,2000,102,0.024000
1609060455.230795145,15.841000,2010,100,0.055000
1609060455.255005598,16.349001,2001,100,0.055000
1609060455.255621433,32.511002,2011,101,0.055000
1609060455.280056238,32.728001,2000,101,0.055000
1609060455.280799150,13.809000,2010,102,0.055000
1609060455.305290699,13.376000,2001,102,0.268000
1609060455.305783987,16.398001,2011,100,0.055000
1609060455.355042934,17.013000,2000,100,0.055000
1609060455.355768681,33.222000,2010,101,0.055000
1609060455.379567862,32.657001,2001,101,0.129000
1609060455.380777836,12.896000,2011,102,0.056000
1609060455.405054569,12.739000,2000,102,0.055000
1609060455.405787468,15.929001,2010,100,0.055000
1609060455.430027485,16.490000,2001,100,0.055000
1609060455.430754185,32.429001,2011,101,0.055000
1609060455.455066442,32.620998,2000,101,0.055000
1609060455.455797911,13.706000,2010,102,0.056000
1609060455.479556799,13.219000,2001,102,0.268000
1609060455.480552435,16.483999,2011,100,0.055000
1609060455.529998064,17.114000,2000,100,0.055000
1609060455.530833483,32.713001,2010,101,0.268000
1609060455.554574966,32.537998,2001,101,0.129000
1609060455.555773497,12.796000,2011,102,0.056000
1609060455.580075026,12.656000,2000,102,0.024000
1609060455.580787659,16.028000,2010,100,0.055000
1609060455.605010271,16.605000,2001,100,0.055000
1609060455.605822086,32.348000,2011,101,0.055000
1609060455.630021572,32.449001,2000,101,0.024000
1609060455.632277966,13.687000,2010,102,0.056000
1609060455.655293226,13.422000,2001,102,0.056000
1609060455.655725956,16.575001,2011,100,0.055000
1609060455.705043316,17.174000,2000,100,0.055000
1609060455.705850601,33.014999,2010,101,0.024000
1609060455.729567289,32.846001,2001,101,0.268000
1609060455.730744123,12.650000,2011,102,0.055000
1609060455.755009651,12.475000,2000,102,0.055000
1609060455.755743504,16.138000,2010,100,0.055000
1609060455.779999256,16.729000,2001,100,0.055000
1609060455.780918837,32.237999,2011,101,0.055000
1609060455.805066347,32.299999,2000,101,0.024000
1609060455.805305719,13.093000,2010,102,10.536000
1609060455.829600573,12.693000,2001,102,0.268000
1609060455.830522060,16.704000,2011,100,0.055000
1609060455.880052090,17.284000,2000,100,0.055000
1609060455.880719185,32.917000,2010,101,0.055000
1609060455.905055523,33.083000,2001,101,0.055000
1609060455.905706406,12.564000,2011,102,0.055000
1609060455.930036783,12.331000,2000,102,0.024000
1609060455.930719852,16.256001,2010,100,0.024000
1609060455.955057621,16.858000,2001,100,0.055000
1609060455.955551863,32.042999,2011,101,0.055000
1609060455.980039120,32.178001,2000,101,0.055000
1609060455.980301380,13.043000,2010,102,10.536000
1609060456.004494429,12.316000,2001,102,0.129000
1609060456.005730867,16.750999,2011,100,0.055000
1609060456.054987669,17.382000,2000,100,0.055000
1609060456.055532932,32.834000,2010,101,0.055000
1609060456.079587936,32.432999,2001,101,0.268000
1609060456.080727339,12.536000,2011,102,0.024000
1609060456.105056286,12.148000,2000,102,0.055000
1609060456.105806589,16.370001,2010,100,0.055000
1609060456.130036831,17.007999,2001,100,0.024000
1609060456.130794048,31.962002,2011,101,0.055000
1609060456.155041218,31.979000,2000,101,0.055000
1609060456.155298233,12.819000,2010,102,10.536000
1609060456.180260181,12.844000,2001,102,0.055000
1609060456.180780649,16.820000,2011,100,0.055000
1609060456.229996920,17.481001,2000,100,0.055000
1609060456.230540037,32.733002,2010,101,0.055000
1609060456.255005360,32.826000,2001,101,0.055000
1609060456.255728483,12.273000,2011,102,0.055000
1609060456.280027151,12.005000,2000,102,0.055000
1609060456.280761480,16.493999,2010,100,0.055000
1609060456.305085897,17.106001,2001,100,0.055000
1609060456.305534363,31.849998,2011,101,0.055000
1609060456.330037355,31.823002,2000,101,0.055000
1609060456.330253363,12.715000,2010,102,10.536000
1609060456.355246305,12.622000,2001,102,0.055000
1609060456.355747700,16.903999,2011,100,0.055000
1609060456.404977798,17.569000,2000,100,0.055000
1609060456.405518770,32.606998,2010,101,0.024000
1609060456.430060863,32.676998,2001,101,0.055000
1609060456.430729628,12.207000,2011,102,0.024000
1609060456.455005884,11.855000,2000,102,0.055000
1609060456.455707073,16.608999,2010,100,0.055000
1609060456.480044365,17.273001,2001,100,0.055000
1609060456.480798006,31.723000,2011,101,0.055000
1609060456.505006790,31.666000,2000,101,0.055000
1609060456.505718470,12.899000,2010,102,0.056000
1609060456.530244350,12.639000,2001,102,0.055000
1609060456.530680895,16.995001,2011,100,0.055000
1609060456.580030441,17.707001,2000,100,0.055000
1609060456.580765486,32.469002,2010,101,0.055000
1609060456.605047464,32.470001,2001,101,0.055000
1609060456.605772257,12.150000,2011,102,0.055000
1609060456.629987955,11.717000,2000,102,0.024000
1609060456.630696535,16.724001,2010,100,0.055000
1609060456.655047655,17.389000,2001,100,0.055000
1609060456.655718565,31.553001,2011,101,0.055000
1609060456.680032492,31.505001,2000,101,0.055000
1609060456.680709839,12.758000,2010,102,0.056000
1609060456.705041409,12.477000,2001,102,0.055000
1609060456.705733776,17.131001,2011,100,0.024000
1609060456.754955053,17.768000,2000,100,0.055000
1609060456.780019760,32.353001,2001,101,0.055000
1609060456.780766249,11.892000,2011,102,0.056000
1609060456.805012703,11.550000,2000,102,0.055000
1609060456.805695772,16.836000,2010,100,0.024000
1609060456.829976320,17.517000,2001,100,0.024000
1609060456.830497742,31.429001,2011,101,0.024000
1609060456.854990482,31.333000,2000,101,0.055000
1609060456.855798721,12.572000,2010,102,0.056000
1609060456.879960537,12.265000,2001,102,0.055000
1609060456.880671263,17.177000,2011,100,0.055000
1609060456.929967165,17.868000,2000,100,0.055000
1609060456.955815077,11.777000,2011,102,0.056000
1609060456.979979753,11.401000,2000,102,0.055000
1609060456.980726242,16.948999,2010,100,0.024000
1609060457.005044222,17.642000,2001,100,0.055000
1609060457.005545855,31.273998,2011,101,0.055000
1609060457.030014515,31.152000,2000,101,0.055000
1609060457.030279398,12.259000,2010,102,10.536000
1609060457.055004597,12.155000,2001,102,0.055000
1609060457.055685043,17.275999,2011,100,0.055000
1609060457.104948282,17.966000,2000,100,0.055000
1609060457.129507065,31.424000,2001,101,0.268000
1609060457.130750656,11.595000,2011,102,0.056000
1609060457.155708075,17.062000,2010,100,0.055000
1609060457.179959536,17.754000,2001,100,0.055000
1609060457.180482864,31.072001,2011,101,0.055000
1609060457.204969883,30.955000,2000,101,0.055000
1609060457.230002165,11.966000,2001,102,0.055000
1609060457.230669260,17.350000,2011,100,0.055000
1609060457.279961109,18.052000,2000,100,0.055000
1609060457.305717945,11.326000,2011,102,10.536000
1609060457.330668211,17.177000,2010,100,0.055000
1609060457.354988813,17.812000,2001,100,0.055000
1609060457.380019665,30.768000,2000,101,0.055000
1609060457.380712032,12.013000,2010,102,0.055000
1609060457.405027628,11.790000,2001,102,0.055000
1609060457.405775785,17.416000,2011,100,0.055000
1609060457.454960108,18.083000,2000,100,0.055000
1609060457.480735064,11.507000,2011,102,0.268000
1609060457.504947901,10.922000,2000,102,0.024000
1609060457.505702972,17.290001,2010,100,0.055000
1609060457.529993534,17.898001,2001,100,0.055000
1609060457.530658007,30.768000,2011,101,0.024000
1609060457.554948568,30.599001,2000,101,0.024000
1609060457.555698872,11.906000,2010,102,0.055000
1609060457.579965115,11.627000,2001,102,0.055000
1609060457.580759048,17.468000,2011,100,0.055000
1609060457.629919529,18.177999,2000,100,0.055000
1609060457.654959917,31.342999,2001,101,0.055000
1609060457.680612087,17.326000,2010,100,0.055000
1609060457.704979897,17.974001,2001,100,0.055000
1609060457.705706835,30.597000,2011,101,0.055000
1609060457.729972601,30.370001,2000,101,0.055000
1609060457.730689764,11.807000,2010,102,0.055000
1609060457.754966259,11.439000,2001,102,0.055000
1609060457.755752325,17.511999,2011,100,0.055000
1609060457.804943085,18.108000,2000,100,0.055000
1609060457.829965353,31.171000,2001,101,0.024000
1609060457.830198050,10.551000,2011,102,0.129000
1609060457.854924202,10.638000,2000,102,0.024000
1609060457.855645180,17.381001,2010,100,0.055000
1609060457.879968643,18.027000,2001,100,0.055000
1609060457.880454540,30.420000,2011,101,0.055000
1609060457.904952526,30.160999,2000,101,0.055000
1609060457.905669451,11.751000,2010,102,0.055000
1609060457.930683136,17.539000,2011,100,0.055000
1609060457.979958296,18.250999,2000,100,0.055000
1609060458.004948378,30.945000,2001,101,0.055000
1609060458.005187750,10.833000,2011,102,10.536000
1609060458.029915333,10.476000,2000,102,0.024000
1609060458.030632973,17.461000,2010,100,0.055000
1609060458.054930925,18.115000,2001,100,0.055000
1609060458.079941511,29.976999,2000,101,0.024000
1609060458.080645084,11.501000,2010,102,0.056000
1609060458.104989290,11.128000,2001,102,0.024000
1609060458.105630398,17.561001,2011,100,0.055000
1609060458.154986382,18.344999,2000,100,0.055000
1609060458.179907322,30.719000,2001,101,0.055000
1609060458.229911566,18.149000,2001,100,0.055000
1609060458.230627298,30.083000,2011,101,0.055000
1609060458.254921436,29.785999,2000,101,0.024000
1609060458.279966354,10.986000,2001,102,0.055000
1609060458.280674696,17.620001,2011,100,0.055000
1609060458.354921341,30.483999,2001,101,0.055000
1609060458.355726242,11.012000,2011,102,0.055000
1609060458.404915810,18.180000,2001,100,0.024000
1609060458.405413628,29.931999,2011,101,0.055000
1609060458.429942846,29.587999,2000,101,0.055000
1609060458.430662394,11.234000,2010,102,0.056000
1609060458.455632925,17.586000,2011,100,0.055000
1609060458.505000353,18.311001,2000,100,0.056000
1609060458.529932261,30.304001,2001,101,0.055000
1609060458.530679464,10.917000,2011,102,0.056000
1609060458.555663824,17.353001,2010,100,0.268000
1609060458.579930305,18.202999,2001,100,0.055000
1609060458.604917765,29.382000,2000,101,0.055000
1609060458.605655670,11.242000,2010,102,0.055000
1609060458.629934311,10.736000,2001,102,0.055000
1609060458.630659819,17.577999,2011,100,0.024000
1609060458.680061102,62.591999,2000,100,0.056000
1609060458.704905510,30.152000,2001,101,0.055000
1609060458.705650091,10.805000,2011,102,0.055000
1609060458.730661631,17.579000,2010,100,10.536000
1609060458.754894257,18.224001,2001,100,0.055000
1609060458.779910564,29.264000,2000,101,0.055000
1609060458.780758381,11.073000,2010,102,0.056000
1609060458.804911613,10.554000,2001,102,0.055000
1609060458.805611610,17.566999,2011,100,0.055000
1609060458.854454517,106.525002,2000,100,10.536000
1609060458.879913092,30.023001,2001,101,0.055000
1609060458.880637407,10.796000,2011,102,0.055000
1609060458.904880762,10.087000,2000,102,0.024000
1609060458.905592442,17.591999,2010,100,0.055000
1609060458.929918766,18.240999,2001,100,0.055000
1609060458.930645466,29.504999,2011,101,0.055000
1609060458.954951286,29.091000,2000,101,0.024000
1609060458.955670118,10.980000,2010,102,0.055000
1609060458.980692387,17.589001,2011,100,0.055000
1609060459.054952860,29.787001,2001,101,0.055000
1609060459.055708408,10.785000,2011,102,0.055000
1609060459.104926586,18.225000,2001,100,0.055000
1609060459.130105495,28.937000,2000,101,0.024000
1609060459.130585432,11.009000,2010,102,0.055000
1609060459.154906273,10.345000,2001,102,0.055000
1609060459.155614138,17.458000,2011,100,0.055000
1609060459.229916334,29.612000,2001,101,0.055000
1609060459.230602026,10.696000,2011,102,0.055000
1609060459.279928207,18.278000,2001,100,0.055000
1609060459.304936171,28.775999,2000,101,0.055000
1609060459.305589199,10.919000,2010,102,0.055000
1609060459.329925537,10.148000,2001,102,0.055000
1609060459.330610991,17.579000,2011,100,0.055000
1609060459.380042315,106.230003,2000,100,10.536000
1609060459.405076981,29.483000,2001,101,0.055000
1609060459.405592442,10.658000,2011,102,0.024000
1609060459.429913044,9.966000,2000,102,0.055000
1609060459.430571795,17.591000,2010,100,0.055000
1609060459.454905033,18.264999,2001,100,0.055000
1609060459.479940891,28.597000,2000,101,0.055000
1609060459.480599403,10.843000,2010,102,0.055000
1609060459.505589485,17.535999,2011,100,0.055000
1609060459.555616856,29.664000,2010,101,0.055000
1609060459.579916716,29.297001,2001,101,0.024000
1609060459.580617189,10.589000,2011,102,0.055000
1609060459.605587482,17.584999,2010,100,0.055000
1609060459.629895210,18.290001,2001,100,0.055000
1609060459.654852152,28.443001,2000,101,0.055000
1609060459.655574083,10.727000,2010,102,0.055000
1609060459.679907560,10.075000,2001,102,0.055000
1609060459.680578470,17.565001,2011,100,0.055000
1609060459.729394674,110.488998,2000,100,10.536000
1609060459.754868984,29.082001,2001,101,0.024000
1609060459.755568266,10.542000,2011,102,0.055000
1609060459.779881716,9.976000,2000,102,0.055000
1609060459.780657768,17.312000,2010,100,0.268000
1609060459.804920435,18.306999,2001,100,0.055000
1609060459.829875231,28.280001,2000,101,0.055000
1609060459.830599785,10.674000,2010,102,0.055000
1609060459.904909134,115.707001,2000,100,0.056000
1609060459.929901123,28.909000,2001,101,0.055000
1609060459.930601120,10.500000,2011,102,0.024000
1609060459.955575228,17.608999,2010,100,0.055000
1609060459.979951620,62.296001,2001,100,0.056000
1609060460.004895926,28.163000,2000,101,0.024000
1609060460.005586147,10.622000,2010,102,0.055000
1609060460.079908848,116.641998,2000,100,0.055000
1609060460.080553770,29.152000,2010,101,0.055000
1609060460.104858875,28.754000,2001,101,0.055000
1609060460.105610609,10.509000,2011,102,0.055000
1609060460.130579472,17.660000,2010,100,0.024000
1609060460.154919863,18.292999,2001,100,0.056000
1609060460.179901838,28.009001,2000,101,0.055000
1609060460.180633307,10.484000,2010,102,0.055000
1609060460.204897642,9.715000,2001,102,0.268000
1609060460.205606461,17.430000,2011,100,0.268000
1609060460.255023718,62.015999,2000,100,0.056000
1609060460.255580187,28.801001,2010,101,0.268000
1609060460.279874563,28.545000,2001,101,0.055000
1609060460.280716658,10.460000,2011,102,0.055000
1609060460.305584192,17.660000,2010,100,0.055000
1609060460.330023766,106.268997,2001,100,0.056000
1609060460.354888678,27.867001,2000,101,0.055000
1609060460.355584621,10.501000,2010,102,0.024000
1609060460.380589008,17.667999,2011,100,0.268000
1609060460.429821491,67.177002,2000,100,0.056000
1609060460.454849243,28.382000,2001,101,0.055000
1609060460.455567598,10.486000,2011,102,0.055000
1609060460.480553865,17.673000,2010,100,0.055000
1609060460.504938841,18.723000,2001,100,0.055000
1609060460.529858351,27.712000,2000,101,0.055000
1609060460.530547142,10.426000,2010,102,0.055000
1609060460.555652618,17.756001,2011,100,0.056000
1609060460.604875088,18.171000,2000,100,0.055000
1609060460.605582952,28.653000,2010,101,0.055000
1609060460.629836798,28.232000,2001,101,0.055000
1609060460.630586863,10.457000,2011,102,0.055000
1609060460.655578852,17.684000,2010,100,0.055000
1609060460.679375410,17.968000,2001,100,0.268000
1609060460.704830885,27.570000,2000,101,0.055000
1609060460.705553770,10.418000,2010,102,0.055000
1609060460.779830456,18.148001,2000,100,0.055000
1609060460.780625582,28.568001,2010,101,0.024000
1609060460.804857492,28.025000,2001,101,0.024000
1609060460.805596113,10.493000,2011,102,0.055000
1609060460.829838991,9.863000,2000,102,0.055000
1609060460.830528736,17.655001,2010,100,0.055000
1609060460.855055094,62.069000,2001,100,0.056000
1609060460.879845858,27.382000,2000,101,0.024000
1609060460.880521059,10.416000,2010,102,0.055000
1609060460.905117273,17.860001,2011,100,0.268000
1609060460.954836369,18.096001,2000,100,0.055000
1609060460.955595016,28.445999,2010,101,0.055000
1609060460.979865789,27.848000,2001,101,0.024000
1609060460.980621815,10.520000,2011,102,0.055000
1609060461.004855394,9.892000,2000,102,0.055000
1609060461.005601406,17.697001,2010,100,0.055000
1609060461.029916286,67.316002,2001,100,0.056000
1609060461.054825306,27.281000,2000,101,0.024000
1609060461.055522442,10.352000,2010,102,0.055000
1609060461.080071926,17.360001,2011,100,0.129000
1609060461.129805565,18.076000,2000,100,0.055000
1609060461.130554914,28.297001,2010,101,0.055000
1609060461.154846668,27.666000,2001,101,0.055000
1609060461.155534744,10.548000,2011,102,0.055000
1609060461.179842472,9.939000,2000,102,0.055000
1609060461.180554390,17.691000,2010,100,0.055000
1609060461.204867840,67.141998,2001,100,0.024000
1609060461.229842663,27.143999,2000,101,0.055000
1609060461.230548620,10.339000,2010,102,0.024000
1609060461.304809809,18.052999,2000,100,0.055000
1609060461.305558205,28.152000,2010,101,0.055000
1609060461.329836845,27.482000,2001,101,0.055000
1609060461.330342054,10.589000,2011,102,0.024000
1609060461.355563164,17.650000,2010,100,0.055000
1609060461.379855633,18.289000,2001,100,0.024000
1609060461.404865742,26.992001,2000,101,0.055000
1609060461.479772806,18.052000,2000,100,0.055000
1609060461.480530024,27.941000,2010,101,0.024000
1609060461.504837275,27.348000,2001,101,0.055000
1609060461.505586386,10.657000,2011,102,0.055000
1609060461.529807091,10.055000,2000,102,0.055000
1609060461.530538797,17.697001,2010,100,0.024000
1609060461.554804087,18.212999,2001,100,0.055000
1609060461.579831600,26.903999,2000,101,0.055000
1609060461.654779196,17.974001,2000,100,0.055000
1609060461.655522108,27.854000,2010,101,0.055000
1609060461.679870605,27.211000,2001,101,0.055000
1609060461.680600405,10.759000,2011,102,0.055000
1609060461.704797268,10.131000,2000,102,0.055000
1609060461.705547333,17.641001,2010,100,0.024000
1609060461.729875088,18.225000,2001,100,0.055000
1609060461.754826307,26.806000,2000,101,0.055000
1609060461.829797268,17.882000,2000,100,0.024000
1609060461.830488443,27.716999,2010,101,0.055000
1609060461.854850531,27.077000,2001,101,0.024000
1609060461.855569839,10.855000,2011,102,0.055000
1609060461.879793167,10.223000,2000,102,0.055000
1609060461.880510330,17.622999,2010,100,0.055000
1609060461.904874802,18.254999,2001,100,0.055000
1609060461.905573368,27.393999,2011,101,0.055000
1609060461.929793358,26.704000,2000,101,0.055000
1609060461.954797268,9.809000,2001,102,0.055000
1609060461.955530405,17.264000,2011,100,0.055000
1609060462.004811764,17.898001,2000,100,0.055000
1609060462.005481482,27.591999,2010,101,0.055000
1609060462.029821634,26.947001,2001,101,0.024000
1609060462.030590057,10.864000,2011,102,0.055000
1609060462.054814577,10.308000,2000,102,0.055000
1609060462.055493593,17.577000,2010,100,0.055000
1609060462.079805136,18.611000,2001,100,0.055000
1609060462.080492258,27.378000,2011,101,0.055000
1609060462.104806900,26.605000,2000,101,0.055000
1609060462.179794073,17.820000,2000,100,0.055000
1609060462.180536509,27.517000,2010,101,0.024000
1609060462.204830170,26.865000,2001,101,0.055000
1609060462.205581903,11.012000,2011,102,0.055000
1609060462.229779720,10.448000,2000,102,0.055000
1609060462.230543137,17.559999,2010,100,0.055000
1609060462.254821301,18.502001,2001,100,0.055000
1609060462.255493164,27.341999,2011,101,0.055000
1609060462.279797554,26.547001,2000,101,0.055000
1609060462.305591583,17.162001,2011,100,0.055000
1609060462.354816675,17.701000,2000,100,0.055000
1609060462.355471849,27.375999,2010,101,0.055000
1609060462.379810095,26.677000,2001,101,0.055000
1609060462.380630255,11.119000,2011,102,0.055000
1609060462.404827595,10.603000,2000,102,0.024000
1609060462.405518055,17.492001,2010,100,0.055000
1609060462.429803371,17.995001,2001,100,0.055000
1609060462.430564642,27.072001,2011,101,0.056000
1609060462.454749584,26.481001,2000,101,0.055000
1609060462.479795456,10.082000,2001,102,0.055000
1609060462.480469704,17.066000,2011,100,0.055000
1609060462.529798746,17.638000,2000,100,0.055000
1609060462.530496120,27.261000,2010,101,0.055000
1609060462.554755211,26.586000,2001,101,0.055000
1609060462.579599142,10.727000,2000,102,0.055000
1609060462.580528021,17.417000,2010,100,0.055000
1609060462.604811907,17.885000,2001,100,0.055000
1609060462.605015755,27.115000,2011,101,10.536000
1609060462.629843473,26.427999,2000,101,0.056000
1609060462.654802561,10.201000,2001,102,0.024000
1609060462.655494928,16.968000,2011,100,0.024000
1609060462.704725266,17.528999,2000,100,0.024000
1609060462.705501318,27.209999,2010,101,0.055000
1609060462.729773283,26.490000,2001,101,0.055000
1609060462.754609108,10.963000,2000,102,0.055000
1609060462.755490065,17.288000,2010,100,0.055000
1609060462.779824495,17.530001,2001,100,0.268000
1609060462.780551672,27.179001,2011,101,0.056000
1609060462.830429792,16.865999,2011,100,0.055000
1609060462.879732370,17.365000,2000,100,0.055000
1609060462.880519867,27.184999,2010,101,0.055000
1609060462.904816151,26.420000,2001,101,0.055000
1609060462.929534435,11.106000,2000,102,0.055000
1609060462.930480480,17.186001,2010,100,0.055000
1609060462.954773426,17.594000,2001,100,0.055000
1609060462.955486059,27.101000,2011,101,0.055000
1609060462.979789019,26.658001,2000,101,0.056000
1609060463.004773617,10.492000,2001,102,0.055000
1609060463.005573273,16.749001,2011,100,0.055000
1609060463.054765224,17.271000,2000,100,0.055000
1609060463.055649996,26.947001,2010,101,0.268000
1609060463.079811811,26.413000,2001,101,0.055000
1609060463.104612350,11.300000,2000,102,0.055000
1609060463.105439186,17.087999,2010,100,0.055000
1609060463.129795074,17.598000,2001,100,0.055000
1609060463.130479336,27.136999,2011,101,0.056000
1609060463.154876947,26.393999,2000,101,0.056000
1609060463.180464983,16.625000,2011,100,0.024000
1609060463.229803801,17.139999,2000,100,0.055000
1609060463.230602503,27.023001,2010,101,0.056000
1609060463.254767418,26.334000,2001,101,0.024000
1609060463.279848337,11.562000,2000,102,0.055000
1609060463.280516624,17.004999,2010,100,0.055000
1609060463.304795265,17.511000,2001,100,0.055000
1609060463.304998159,26.830000,2011,101,0.268000
1609060463.329824924,26.514000,2000,101,0.056000
1609060463.354806423,10.824000,2001,102,0.055000
1609060463.355449200,16.496000,2011,100,0.055000
1609060463.404790640,17.002001,2000,100,0.055000
1609060463.405487299,27.031000,2010,101,0.056000
1609060463.429811239,26.350000,2001,101,0.055000
1609060463.454830408,11.757000,2000,102,0.024000
1609060463.455271006,16.898001,2010,100,0.024000
1609060463.479252577,17.479000,2001,100,0.268000
1609060463.480020761,26.931000,2011,101,0.268000
1609060463.504769325,26.496000,2000,101,0.024000
1609060463.529750109,10.994000,2001,102,0.055000
1609060463.530459166,16.357000,2011,100,0.024000
1609060463.579734325,16.853001,2000,100,0.055000
1609060463.580457449,27.107000,2010,101,0.056000
1609060463.604792833,26.278999,2001,101,0.024000
1609060463.629526377,11.888000,2000,102,0.024000
1609060463.630460024,16.732000,2010,100,0.055000
1609060463.654295206,17.273001,2001,100,0.268000
1609060463.655458450,27.431999,2011,101,0.056000
1609060463.679766655,26.489000,2000,101,0.055000
1609060463.704719782,11.168000,2001,102,0.024000
1609060463.705427647,16.205000,2011,100,0.055000
1609060463.754720211,16.691999,2000,100,0.055000
1609060463.755494356,27.027000,2010,101,0.056000
1609060463.779732227,26.375000,2001,101,0.055000
1609060463.804732323,12.071000,2000,102,0.055000
1609060463.805425882,16.589001,2010,100,0.055000
1609060463.829755783,17.577999,2001,100,0.055000
1609060463.830512047,26.955999,2011,101,0.268000
1609060463.854771376,26.566000,2000,101,0.055000
1609060463.879734755,11.355000,2001,102,0.055000
1609060463.880453825,16.028999,2011,100,0.055000
1609060463.929732561,16.518000,2000,100,0.055000
1609060463.954718113,26.372999,2001,101,0.055000
1609060463.979703903,12.271000,2000,102,0.055000
1609060463.980478525,16.441999,2010,100,0.055000
1609060464.004788876,17.474001,2001,100,0.055000
1609060464.005423784,27.254999,2011,101,0.056000
1609060464.029725790,26.629000,2000,101,0.055000
1609060464.054749012,11.541000,2001,102,0.055000
1609060464.055472374,15.900999,2011,100,0.055000
1609060464.104716301,16.361000,2000,100,0.055000
1609060464.105586767,27.013000,2010,101,0.056000
1609060464.129740477,26.457001,2001,101,0.055000
1609060464.154752016,12.475000,2000,102,0.055000
1609060464.155206680,16.306000,2010,100,0.055000
1609060464.179737568,16.844000,2001,100,0.055000
1609060464.180469275,27.617001,2011,101,0.055000
1609060464.204709530,26.726000,2000,101,0.055000
1609060464.229720116,11.730000,2001,102,0.024000
1609060464.230220079,15.655001,2011,100,0.055000
1609060464.279724598,16.183001,2000,100,0.055000
1609060464.304798126,26.478001,2001,101,0.055000
1609060464.329719305,12.675000,2000,102,0.055000
1609060464.330489397,16.183001,2010,100,0.055000
1609060464.354720592,16.534000,2001,100,0.055000
1609060464.355454206,27.350000,2011,101,0.055000
1609060464.379736423,26.798000,2000,101,0.024000
1609060464.404753208,11.925000,2001,102,0.024000
1609060464.405452013,15.521999,2011,100,0.055000
1609060464.454709053,15.986000,2000,100,0.055000
1609060464.454959154,27.521000,2010,101,10.536000
1609060464.504693031,12.891000,2000,102,0.055000
1609060464.505507708,16.063000,2010,100,0.055000
1609060464.529741764,16.427000,2001,100,0.055000
1609060464.530406713,27.525999,2011,101,0.055000
1609060464.554763794,26.951000,2000,101,0.055000
1609060464.579726934,12.132000,2001,102,0.055000
1609060464.580243587,15.372999,2011,100,0.055000
1609060464.629709244,15.775999,2000,100,0.024000
1609060464.654761076,26.686001,2001,101,0.056000
1609060464.679537296,13.115000,2000,102,0.024000
1609060464.680466175,15.849001,2010,100,0.055000
1609060464.704704285,16.275000,2001,100,0.055000
1609060464.705407143,27.908001,2011,101,0.055000
1609060464.729751110,27.059999,2000,101,0.055000
1609060464.754828215,12.353000,2001,102,0.055000
1609060464.755181551,15.094000,2011,100,0.024000
1609060464.804685354,15.573000,2000,100,0.055000
1609060464.805441141,28.157000,2010,101,0.055000
1609060464.829786301,26.907000,2001,101,10.536000
1609060464.854777098,13.496000,2000,102,0.055000
1609060464.855482101,15.702999,2010,100,0.055000
1609060464.879692554,16.104000,2001,100,0.055000
1609060464.880498409,27.746000,2011,101,0.055000
1609060464.904685974,27.219999,2000,101,0.055000
1609060464.929542780,12.577000,2001,102,0.055000
1609060464.930455923,15.008000,2011,100,0.024000
1609060464.979701281,15.341000,2000,100,0.055000
1609060464.980490685,27.789000,2010,101,0.056000
1609060465.030390501,15.469000,2010,100,0.024000
1609060465.054682016,15.892000,2001,100,0.024000
1609060465.055524588,28.004000,2011,101,0.024000
1609060465.079680920,27.382999,2000,101,0.055000
1609060465.104496241,12.810000,2001,102,0.055000
1609060465.105172634,14.709000,2011,100,0.055000
1609060465.154700279,15.105000,2000,100,0.055000
1609060465.155431271,27.857000,2010,101,0.055000
1609060465.204775095,13.974000,2000,102,0.055000
1609060465.205446720,15.263000,2010,100,0.055000
1609060465.229653358,15.674000,2001,100,0.055000
1609060465.230400562,28.135000,2011,101,0.055000
1609060465.254694462,27.520000,2000,101,0.055000
1609060465.279683590,13.044000,2001,102,0.055000
1609060465.280333281,14.453000,2011,100,0.055000
1609060465.329656601,14.865000,2000,100,0.055000
1609060465.330580711,28.000000,2010,101,0.056000
1609060465.354773760,27.966000,2001,101,0.056000
1609060465.355454683,14.207000,2011,102,0.024000
1609060465.379479170,14.074000,2000,102,0.055000
1609060465.380466700,15.016000,2010,100,0.055000
1609060465.404219627,14.894000,2001,100,0.268000
1609060465.405430317,28.340000,2011,101,0.055000
1609060465.429696560,27.746000,2000,101,0.055000
1609060465.454485416,13.285000,2001,102,0.055000
1609060465.455480576,14.348000,2011,100,0.024000
1609060465.504663944,14.629000,2000,100,0.055000
1609060465.505356550,28.023001,2010,101,0.056000
1609060465.529718399,27.365000,2001,101,0.056000
1609060465.529893637,13.822000,2011,102,0.268000
1609060465.554484606,14.313000,2000,102,0.055000
1609060465.555442572,14.888000,2010,100,0.055000
1609060465.579224825,14.722000,2001,100,0.268000
1609060465.580413818,28.457001,2011,101,0.024000
1609060465.604689837,27.950001,2000,101,0.055000
1609060465.629440069,13.521000,2001,102,0.055000
1609060465.630417109,14.051000,2011,100,0.055000
1609060465.679628134,14.394000,2000,100,0.055000
1609060465.680400372,28.177999,2010,101,0.056000
1609060465.704801083,27.540001,2001,101,0.055000
1609060465.729666948,14.552000,2000,102,0.055000
1609060465.730408192,14.673000,2010,100,0.055000
1609060465.754270315,14.430000,2001,100,0.268000
1609060465.755376101,28.712999,2011,101,0.055000
1609060465.779646397,28.157000,2000,101,0.024000
1609060465.780475616,13.928000,2010,102,0.024000
1609060465.804658413,13.766000,2001,102,0.055000
1609060465.805440187,13.904000,2011,100,0.055000
1609060465.854643345,14.140000,2000,100,0.024000
1609060465.855427265,28.374001,2010,101,0.055000
1609060465.879728556,27.732000,2001,101,0.024000
1609060465.880175114,14.821000,2011,102,0.055000
1609060465.904732704,14.788000,2000,102,0.055000
1609060465.905570745,14.541000,2010,100,0.055000
1609060465.929659128,14.764000,2001,100,0.024000
1609060465.930383444,28.886999,2011,101,0.055000
1609060465.954666853,28.355000,2000,101,0.055000
1609060465.979638338,14.012000,2001,102,0.055000
1609060465.980459213,13.674000,2011,100,0.055000
1609060466.029648066,13.901000,2000,100,0.055000
1609060466.030368090,28.464001,2010,101,0.055000
1609060466.054652452,27.837999,2001,101,0.055000
1609060466.055169821,15.016000,2011,102,0.024000
1609060466.079667807,15.040000,2000,102,0.055000
1609060466.080439329,14.288000,2010,100,0.055000
1609060466.104147911,13.917000,2001,100,0.268000
1609060466.105364323,29.058001,2011,101,0.055000
1609060466.129650593,28.545000,2000,101,0.055000
1609060466.130473852,14.335000,2010,102,0.055000
1609060466.154454947,14.242000,2001,102,0.055000
1609060466.155469418,13.444000,2011,100,0.055000
1609060466.204666376,13.647000,2000,100,0.024000
1609060466.205348492,28.674999,2010,101,0.055000
1609060466.229633570,28.101999,2001,101,0.024000
1609060466.254663229,15.285000,2000,102,0.055000
1609060466.255447626,13.980000,2010,100,0.055000
1609060466.279172897,13.791000,2001,100,0.268000
1609060466.280426979,29.325001,2011,101,0.055000
1609060466.304650307,28.811001,2000,101,0.055000
1609060466.305410624,14.593000,2010,102,0.024000
1609060466.329649448,14.493000,2001,102,0.055000
1609060466.330429077,13.127000,2011,100,0.055000
1609060466.379669905,13.391000,2000,100,0.024000
1609060466.380403519,28.825001,2010,101,0.055000
1609060466.404648542,28.312000,2001,101,0.055000
1609060466.429651022,15.540001,2000,102,0.055000
1609060466.430334568,13.387000,2010,100,0.268000
1609060466.454201698,13.544000,2001,100,0.268000
1609060466.455384254,29.305000,2011,101,0.268000
1609060466.479676247,29.073999,2000,101,0.024000
1609060466.480420589,14.833000,2010,102,0.055000
1609060466.504647493,14.733000,2001,102,0.055000
1609060466.505403280,12.893000,2011,100,0.055000
1609060466.554661989,13.131000,2000,100,0.024000
1609060466.555372000,29.094000,2010,101,0.055000
1609060466.579646349,28.528000,2001,101,0.055000
1609060466.579881430,15.275999,2011,102,0.268000
1609060466.604654551,15.792000,2000,102,0.055000
1609060466.605411768,13.611000,2010,100,0.055000
1609060466.629171371,13.301000,2001,100,0.268000
1609060466.630364895,29.733999,2011,101,0.055000
1609060466.654679298,29.287001,2000,101,0.055000
1609060466.655418396,15.044000,2010,102,0.024000
1609060466.679630280,14.992000,2001,102,0.055000
1609060466.680398941,12.693000,2011,100,0.024000
1609060466.729388475,12.828000,2000,100,0.055000
1609060466.730322361,29.225000,2010,101,0.055000
1609060466.754631996,28.750999,2001,101,0.055000
1609060466.779638052,16.065001,2000,102,0.024000
1609060466.779885292,12.972000,2010,100,0.268000
1609060466.804148674,13.036000,2001,100,0.268000
1609060466.805364370,30.042999,2011,101,0.055000
1609060466.829601765,29.554001,2000,101,0.055000
1609060466.830415726,15.240000,2010,102,0.055000
1609060466.854616165,15.241000,2001,102,0.024000
1609060466.855425596,12.405000,2011,100,0.055000
1609060466.904727221,12.641000,2000,100,0.024000
1609060466.905337572,29.457001,2010,101,0.055000
1609060466.929641962,28.983999,2001,101,0.055000
1609060466.929863691,15.701000,2011,102,0.268000
1609060466.954612255,16.274000,2000,102,0.024000
1609060466.955487728,13.115000,2010,100,0.024000
1609060466.979597569,13.308000,2001,100,0.055000
1609060466.980350971,30.202000,2011,101,0.055000
1609060467.004648209,29.844000,2000,101,0.055000
1609060467.005423546,15.423000,2010,102,0.055000
1609060467.029651642,15.496000,2001,102,0.055000
1609060467.030387878,12.245000,2011,100,0.055000
1609060467.079654932,12.373000,2000,100,0.055000
1609060467.080301523,29.686001,2010,101,0.024000
1609060467.104630470,29.209000,2001,101,0.055000
1609060467.129670858,16.525000,2000,102,0.055000
1609060467.129888296,12.449000,2010,100,0.268000
1609060467.154205084,12.548000,2001,100,0.268000
1609060467.155398846,30.670000,2011,101,0.055000
1609060467.179654360,30.066999,2000,101,0.024000
1609060467.180375814,15.688000,2010,102,0.055000
1609060467.204628229,15.743999,2001,102,0.024000
1609060467.205354214,11.998000,2011,100,0.055000
1609060467.254696369,12.111000,2000,100,0.055000
1609060467.255344868,29.856001,2010,101,0.024000
1609060467.279643536,29.458000,2001,101,0.055000
1609060467.280137539,16.579000,2011,102,0.055000
1609060467.304636955,16.754000,2000,102,0.055000
1609060467.304853678,12.219000,2010,100,0.268000
1609060467.329636812,12.792000,2001,100,0.055000
1609060467.330319405,30.670000,2011,101,0.055000
1609060467.354625940,30.322001,2000,101,0.055000
1609060467.355404854,15.910999,2010,102,0.055000
1609060467.379664421,15.985001,2001,102,0.055000
1609060467.380421638,11.709000,2011,100,0.055000
1609060467.429406643,11.790000,2000,100,0.024000
1609060467.430270195,30.136999,2010,101,0.055000
1609060467.454636574,29.707001,2001,101,0.055000
1609060467.479649782,17.024000,2000,102,0.055000
1609060467.479826450,11.936000,2010,100,0.268000
1609060467.504197598,12.039000,2001,100,0.268000
1609060467.505315304,30.914000,2011,101,0.056000
1609060467.529596567,30.594000,2000,101,0.055000
1609060467.530319691,16.135000,2010,102,0.055000
1609060467.554601908,16.212999,2001,102,0.055000
1609060467.555400848,11.425000,2011,100,0.055000
1609060467.604625225,11.555000,2000,100,0.055000
1609060467.605326176,30.362000,2010,101,0.055000
1609060467.629601717,29.962000,2001,101,0.055000
1609060467.629853964,16.504000,2011,102,0.268000
1609060467.654610872,17.231001,2000,102,0.055000
1609060467.655408144,12.075000,2010,100,0.024000
1609060467.679118633,11.750000,2001,100,0.268000
1609060467.679828644,30.881001,2011,101,0.268000
1609060467.704596996,30.872000,2000,101,0.055000
1609060467.705348969,16.389999,2010,102,0.055000
1609060467.729608297,16.455999,2001,102,0.055000
1609060467.730406761,11.251000,2011,100,0.055000
1609060467.779638529,11.273000,2000,100,0.055000
1609060467.780347586,30.614000,2010,101,0.055000
1609060467.804645300,30.223000,2001,101,0.055000
1609060467.829590559,17.465000,2000,102,0.055000
1609060467.829791307,11.488000,2010,100,0.268000
1609060467.854643583,11.967000,2001,100,0.055000
1609060467.854859114,31.077000,2011,101,0.268000
1609060467.879573107,31.179001,2000,101,0.055000
1609060467.880383730,16.600000,2010,102,0.055000
1609060467.904640675,16.735001,2001,102,0.055000
1609060467.905280828,10.989000,2011,100,0.024000
1609060467.954656839,10.918000,2000,100,0.055000
1609060467.955267906,30.823000,2010,101,0.055000
1609060467.979574680,30.496000,2001,101,0.055000
1609060467.980412006,17.450001,2011,102,0.055000
1609060468.004628897,17.705000,2000,102,0.055000
1609060468.004817486,11.268000,2010,100,0.268000
1609060468.029560328,11.664000,2001,100,0.024000
1609060468.030282259,31.661999,2011,101,0.055000
1609060468.054613352,31.514999,2000,101,0.055000
1609060468.055541039,16.746000,2010,102,0.024000
1609060468.079562426,17.003000,2001,102,0.024000
1609060468.080321789,10.784000,2011,100,0.055000
1609060468.129608870,10.630000,2000,100,0.055000
1609060468.130335093,30.990000,2010,101,0.024000
1609060468.154593945,30.797001,2001,101,0.024000
1609060468.155388832,17.632999,2011,102,0.055000
1609060468.179572582,17.924999,2000,102,0.055000
1609060468.179855108,11.106000,2010,100,0.268000
1609060468.204170704,10.857000,2001,100,0.268000
1609060468.205290794,31.898998,2011,101,0.055000
1609060468.229572773,31.831001,2000,101,0.055000
1609060468.230115414,16.907000,2010,102,0.055000
1609060468.254589558,17.283001,2001,102,0.055000
1609060468.255361319,10.634000,2011,100,0.024000
1609060468.304589510,10.352000,2000,100,0.055000
1609060468.305310965,31.188999,2010,101,0.055000
1609060468.329588175,31.082001,2001,101,0.055000
1609060468.330307961,17.691000,2011,102,0.055000
1609060468.354591131,18.054001,2000,102,0.055000
1609060468.354800224,10.881000,2010,100,0.268000
1609060468.379655838,11.128000,2001,100,0.055000
1609060468.380335093,32.063000,2011,101,0.055000
1609060468.404536486,32.143002,2000,101,0.024000
1609060468.405367374,17.093000,2010,102,0.055000
1609060468.429571390,17.573999,2001,102,0.055000
1609060468.430307150,10.434000,2011,100,0.055000
1609060468.479562759,10.095000,2000,100,0.055000
1609060468.480261803,31.351002,2010,101,0.055000
1609060468.504554033,31.381001,2001,101,0.055000
1609060468.505363226,17.840000,2011,102,0.055000
1609060468.529576778,18.242001,2000,102,0.055000
1609060468.529782057,10.739000,2010,100,0.268000
1609060468.554117203,10.313000,2001,100,0.268000
1609060468.555492163,32.291000,2011,101,0.055000
1609060468.579573393,32.423000,2000,101,0.055000
1609060468.580300093,17.271999,2010,102,0.055000
1609060468.604564190,17.775999,2001,102,0.055000
1609060468.605316639,10.283000,2011,100,0.055000
1609060468.654587030,9.875000,2000,100,0.024000
1609060468.655514002,31.544998,2010,101,0.055000
1609060468.679600954,31.664001,2001,101,0.055000
1609060468.680228949,17.840000,2011,102,0.055000
1609060468.704574347,18.400000,2000,102,0.055000
1609060468.704831839,10.504000,2010,100,0.268000
1609060468.729113340,10.092000,2001,100,0.268000
1609060468.730263710,32.478001,2011,101,0.055000
1609060468.754102945,32.244999,2000,101,0.268000
1609060468.755264759,17.440001,2010,102,0.055000
1609060468.779594421,18.033001,2001,102,0.055000
1609060468.780416727,10.095000,2011,100,0.024000
1609060468.829333067,9.587000,2000,100,0.024000
1609060468.830254316,31.778000,2010,101,0.055000
1609060468.854558468,31.942001,2001,101,0.024000
1609060468.855261803,17.912001,2011,102,0.055000
1609060468.879631281,18.525999,2000,102,0.056000
1609060468.880327702,10.722000,2010,100,0.055000
1609060468.904133320,9.866000,2001,100,0.268000
1609060468.905293226,32.610001,2011,101,0.055000
1609060468.930257320,17.566000,2010,102,0.055000
1609060468.954546213,18.177000,2001,102,0.055000
1609060468.955327511,10.045000,2011,100,0.024000
1609060469.004545450,9.468000,2000,100,0.024000
1609060469.005309343,32.002998,2010,101,0.055000
1609060469.029513836,32.222000,2001,101,0.055000
1609060469.030237198,17.979000,2011,102,0.055000
1609060469.055324793,10.517000,2010,100,0.055000
1609060469.079078436,9.743000,2001,100,0.268000
1609060469.080276012,32.837002,2011,101,0.055000
1609060469.104073524,32.877998,2000,101,0.268000
1609060469.105250835,17.782000,2010,102,0.055000
1609060469.129524231,18.399000,2001,102,0.055000
1609060469.130319595,9.878000,2011,100,0.055000
1609060469.179314375,9.306000,2000,100,0.055000
1609060469.180268049,32.206001,2010,101,0.055000
1609060469.204514503,32.492001,2001,101,0.055000
1609060469.205218792,18.094999,2011,102,0.055000
1609060469.229070902,18.798000,2000,102,10.536000
1609060469.230314255,10.309000,2010,100,0.055000
1609060469.254101276,9.512000,2001,100,0.268000
1609060469.255300283,33.272999,2011,101,0.055000
1609060469.279558420,33.473999,2000,101,0.055000
1609060469.280321598,17.854000,2010,102,0.024000
1609060469.304544449,18.514000,2001,102,0.055000
1609060469.305273056,9.736000,2011,100,0.055000
1609060469.354552031,9.146000,2000,100,0.055000
1609060469.355233431,32.422001,2010,101,0.024000
1609060469.379511833,32.761002,2001,101,0.024000
1609060469.380293369,18.191000,2011,102,0.055000
1609060469.404048681,18.726999,2000,102,0.129000
1609060469.405274868,10.182000,2010,100,0.055000
1609060469.429624557,9.658000,2001,100,0.055000
1609060469.430229425,33.160000,2011,101,0.055000
1609060469.454531670,33.576000,2000,101,0.055000
1609060469.455250978,17.966000,2010,102,0.056000
1609060469.479577541,18.648001,2001,102,0.056000
1609060469.529513121,9.032000,2000,100,0.055000
1609060469.530194044,32.641998,2010,101,0.055000
1609060469.554497004,33.021999,2001,101,0.024000
1609060469.555248737,18.207001,2011,102,0.055000
1609060469.579605818,18.926001,2000,102,0.268000
1609060469.580310345,10.027000,2010,100,0.024000
1609060469.604619503,9.466000,2001,100,0.055000
1609060469.605241060,33.370998,2011,101,0.055000
1609060469.654500246,19.153999,2001,102,0.055000
1609060469.704519272,8.939000,2000,100,0.024000
1609060469.705252886,32.853001,2010,101,0.055000
1609060469.729549646,33.279999,2001,101,0.055000
1609060469.730235815,18.233000,2011,102,0.024000
1609060469.754075289,18.628000,2000,102,0.129000
1609060469.755307674,9.920000,2010,100,0.055000
1609060469.779317617,9.216000,2001,100,0.055000
1609060469.780256033,33.511002,2011,101,0.055000
1609060469.829646111,18.809000,2001,102,0.056000
1609060469.879481077,8.876000,2000,100,0.055000
1609060469.880255699,33.039001,2010,101,0.024000
1609060469.905240536,18.290001,2011,102,0.055000
1609060469.929549456,18.847000,2000,102,10.536000
1609060469.930003881,9.729000,2010,100,0.055000
1609060469.954569817,9.142000,2001,100,0.055000
1609060469.955243587,33.726002,2011,101,0.055000
1609060470.004027843,18.740000,2001,102,10.536000
1609060470.005188227,9.708000,2011,100,0.055000
1609060470.054527521,8.842000,2000,100,0.055000
1609060470.055215359,33.243000,2010,101,0.055000
1609060470.080193758,18.259001,2011,102,0.024000
1609060470.104497910,18.882000,2000,102,0.055000
1609060470.105228424,9.622000,2010,100,0.055000
1609060470.129338264,8.982000,2001,100,0.055000
1609060470.130207777,33.820999,2011,101,0.055000
1609060470.179588318,18.974001,2001,102,0.056000
1609060470.230224133,33.446999,2010,101,0.024000
1609060470.254516602,34.060001,2001,101,0.055000
1609060470.255223036,18.292000,2011,102,0.055000
1609060470.279514551,18.979000,2000,102,0.055000
1609060470.280247211,9.540000,2010,100,0.055000
1609060470.304519892,8.879000,2001,100,0.055000
1609060470.305229187,34.001999,2011,101,0.055000
1609060470.354543447,19.017000,2001,102,0.056000
1609060470.355218649,9.467000,2011,100,0.055000
1609060470.404461622,8.972000,2000,100,0.055000
1609060470.405229092,33.675999,2010,101,0.055000
1609060470.429499626,34.296001,2001,101,0.055000
1609060470.454469204,18.919001,2000,102,0.055000
1609060470.455247164,9.440000,2010,100,0.055000
1609060470.479467869,8.807000,2001,100,0.055000
1609060470.480216503,34.158001,2011,101,0.055000
1609060470.504464626,34.730999,2000,101,0.055000
1609060470.505188227,18.323000,2010,102,0.055000
1609060470.529539585,19.017000,2001,102,0.056000
1609060470.579465628,8.994000,2000,100,0.024000
1609060470.580228567,33.826000,2010,101,0.055000
1609060470.605191708,31.964001,2011,102,0.055000
1609060470.629561424,18.923000,2000,102,0.055000
1609060470.630317450,9.420000,2010,100,0.055000
1609060470.654467583,8.773000,2001,100,0.024000
1609060470.655272484,34.276001,2011,101,0.055000
1609060470.679497719,34.901001,2000,101,0.055000
1609060470.704471111,19.007000,2001,102,0.024000
1609060470.705164671,9.576000,2011,100,0.055000
1609060470.754477024,8.986000,2000,100,0.055000
1609060470.755342245,33.990002,2010,101,0.055000
1609060470.779454231,34.688999,2001,101,0.055000
1609060470.780091524,18.035999,2011,102,0.268000
1609060470.804462910,18.881001,2000,102,0.055000
1609060470.829437017,8.751000,2001,100,0.055000
1609060470.854429722,34.984001,2000,101,0.055000
1609060470.879469156,19.093000,2001,102,0.055000
1609060470.880157232,9.675000,2011,100,0.055000
1609060470.929449320,9.108000,2000,100,0.055000
1609060470.930179834,34.146000,2010,101,0.055000
1609060470.954482079,34.856998,2001,101,0.055000
1609060470.955099821,18.135000,2011,102,0.055000
1609060470.979424953,18.834000,2000,102,0.024000
1609060470.980257034,9.495000,2010,100,0.055000
1609060471.004438639,8.671000,2001,100,0.268000
1609060471.005148649,34.471001,2011,101,0.055000
1609060471.029447317,35.148998,2000,101,0.055000
1609060471.030180931,18.379999,2010,102,0.024000
1609060471.054451704,19.049999,2001,102,0.024000
1609060471.055253267,9.774000,2011,100,0.055000
1609060471.104421377,9.176000,2000,100,0.024000
1609060471.105169058,34.244999,2010,101,0.055000
1609060471.129412889,35.008999,2001,101,0.055000
1609060471.130088091,18.058001,2011,102,0.056000
1609060471.180216074,34.542999,2011,101,0.055000
1609060471.204452038,35.244999,2000,101,0.024000
1609060471.229437351,18.995001,2001,102,0.055000
1609060471.230268002,9.866000,2011,100,0.024000
1609060471.279464722,9.300000,2000,100,0.055000
1609060471.304474592,35.132999,2001,101,0.055000
1609060471.305394173,18.046000,2011,102,0.056000
1609060471.329442024,18.599001,2000,102,0.024000
1609060471.330168247,9.460000,2010,100,0.055000
1609060471.355169058,34.436001,2011,101,0.055000
1609060471.379435778,35.365002,2000,101,0.055000
1609060471.404494047,18.923000,2001,102,0.055000
1609060471.405187607,9.973000,2011,100,0.055000
1609060471.454201221,9.415000,2000,100,0.055000
1609060471.479472399,35.238998,2001,101,0.055000
1609060471.480408430,17.950001,2011,102,0.055000
1609060471.504448891,18.528000,2000,102,0.055000
1609060471.505182505,9.484000,2010,100,0.055000
1609060471.530225039,34.596001,2011,101,0.055000
1609060471.554493904,35.257000,2000,101,10.536000
1609060471.579443693,18.954000,2001,102,0.055000
1609060471.580147505,10.015000,2011,100,0.055000
1609060471.629220247,9.629000,2000,100,0.024000
1609060471.654428720,35.286999,2001,101,0.055000
1609060471.679422140,18.403000,2000,102,0.024000
1609060471.680133820,9.591000,2010,100,0.055000
1609060471.704423428,9.084000,2001,100,0.055000
1609060471.705175638,34.613998,2011,101,0.056000
1609060471.729438782,35.297001,2000,101,0.056000
1609060471.754485607,18.797001,2001,102,0.055000
1609060471.755160093,10.158000,2011,100,0.055000
1609060471.804511309,9.867000,2000,100,0.055000
1609060471.854434967,18.316999,2000,102,0.055000
1609060471.854950666,9.654000,2010,100,0.055000
1609060471.879462481,9.244000,2001,100,0.055000
1609060471.904397249,35.310001,2000,101,0.056000
1609060471.929419041,18.604000,2001,102,0.055000
1609060471.930210352,10.324000,2011,100,0.055000
1609060471.979544401,10.103000,2000,100,0.055000
1609060471.980250835,34.623001,2010,101,0.056000
1609060472.004457712,35.338001,2001,101,0.055000
1609060472.029451609,18.084999,2000,102,0.055000
1609060472.030224562,9.844000,2010,100,0.055000
1609060472.054433584,9.439000,2001,100,0.055000
1609060472.104422569,18.459000,2001,102,0.055000
1609060472.105388641,10.670000,2011,100,0.055000
1609060472.154452085,10.360000,2000,100,0.024000
1609060472.155131340,34.596001,2010,101,0.055000
1609060472.179410219,35.268002,2001,101,0.056000
1609060472.204442501,17.875000,2000,102,0.055000
1609060472.205190420,10.013000,2010,100,0.055000
1609060472.229395628,9.669000,2001,100,0.024000
1609060472.278924465,18.080999,2001,102,0.268000
1609060472.280203581,10.908000,2011,100,0.055000
1609060472.329484701,10.646000,2000,100,0.055000
1609060472.330127001,34.549000,2010,101,0.055000
1609060472.354461193,35.201000,2001,101,0.055000
1609060472.355147839,17.105000,2011,102,0.024000
1609060472.379434109,17.603001,2000,102,0.024000
1609060472.380196571,10.302000,2010,100,0.055000
1609060472.404391050,9.928000,2001,100,0.055000
1609060472.429458380,34.889999,2000,101,0.055000
1609060472.453986883,17.837999,2001,102,0.268000
1609060472.454800606,10.517000,2011,100,0.268000
1609060472.504194736,10.925000,2000,100,0.055000
1609060472.529412270,35.129002,2001,101,0.055000
1609060472.530141592,16.899000,2011,102,0.055000
1609060472.554427385,17.320000,2000,102,0.024000
1609060472.555200338,10.533000,2010,100,0.055000
1609060472.579199076,10.170000,2001,100,0.055000
1609060472.604423761,34.758999,2000,101,0.055000
1609060472.605140448,17.490000,2010,102,0.055000
1609060472.629410744,17.864000,2001,102,0.055000
1609060472.629689455,11.021000,2011,100,0.268000
1609060472.679512978,11.309000,2000,100,0.055000
1609060472.680092335,34.339001,2010,101,0.055000
1609060472.704381704,34.974998,2001,101,0.055000
1609060472.705139399,16.677999,2011,102,0.055000
1609060472.729414701,17.032000,2000,102,0.024000
1609060472.730173588,10.692000,2010,100,0.055000
1609060472.754200697,10.494000,2001,100,0.055000
1609060472.804431677,17.650000,2001,102,0.055000
1609060472.804693937,11.010000,2011,100,0.268000
1609060472.854423523,11.606000,2000,100,0.055000
1609060472.855085611,34.250999,2010,101,0.055000
1609060472.879390955,34.734001,2001,101,0.055000
1609060472.880081654,16.410000,2011,102,0.055000
1609060472.904433250,16.747999,2000,102,0.055000
1609060472.905226946,10.975000,2010,100,0.055000
1609060472.929449320,10.812000,2001,100,0.055000
1609060472.930140018,33.838001,2011,101,0.055000
1609060472.954387665,34.375000,2000,101,0.055000
1609060472.955183983,17.044001,2010,102,0.055000
1609060472.979407787,17.367001,2001,102,0.055000
1609060472.980281115,11.873000,2011,100,0.024000
1609060473.029404640,11.894000,2000,100,0.055000
1609060473.030159235,34.125999,2010,101,0.024000
1609060473.054380894,34.631001,2001,101,0.055000
1609060473.055111647,16.153999,2011,102,0.055000
1609060473.079388857,16.492001,2000,102,0.024000
1609060473.080116749,11.227000,2010,100,0.024000
1609060473.104446888,11.088000,2001,100,0.055000
1609060473.105151892,33.612999,2011,101,0.024000
1609060473.129379749,34.250000,2000,101,0.055000
1609060473.130074501,16.816000,2010,102,0.055000
1609060473.153930902,16.754999,2001,102,0.268000
1609060473.154614925,11.729000,2011,100,0.268000
1609060473.204424143,12.181000,2000,100,0.055000
1609060473.205111980,33.970001,2010,101,0.055000
1609060473.229359627,34.547001,2001,101,0.055000
1609060473.231314898,15.933001,2011,102,0.055000
1609060473.254398823,16.232000,2000,102,0.024000
1609060473.255174875,11.476000,2010,100,0.055000
1609060473.279439449,11.374000,2001,100,0.024000
1609060473.280142307,33.502998,2011,101,0.024000
1609060473.304412603,34.084999,2000,101,0.024000
1609060473.305145502,16.604000,2010,102,0.055000
1609060473.329350948,16.915001,2001,102,0.055000
1609060473.329630852,11.943000,2011,100,0.268000
1609060473.379407644,12.395000,2000,100,0.055000
1609060473.380082369,33.896000,2010,101,0.055000
1609060473.404353619,34.368000,2001,101,0.055000
1609060473.405095577,15.672001,2011,102,0.055000
1609060473.429424286,15.969999,2000,102,0.055000
1609060473.430093765,11.667000,2010,100,0.055000
1609060473.454419851,11.643000,2001,100,0.055000
1609060473.455102444,33.387001,2011,101,0.055000
1609060473.479399443,33.959000,2000,101,0.055000
1609060473.480105639,16.386000,2010,102,0.055000
1609060473.503923893,16.325001,2001,102,0.268000
1609060473.504628181,12.139000,2011,100,0.268000
1609060473.554320335,12.632000,2000,100,0.055000
1609060473.555050373,33.742001,2010,101,0.055000
1609060473.579418898,34.301998,2001,101,0.055000
1609060473.580110550,15.500000,2011,102,0.055000
1609060473.604392290,15.742001,2000,102,0.055000
1609060473.605144978,11.920000,2010,100,0.024000
1609060473.629409790,11.891000,2001,100,0.055000
1609060473.630045652,33.219002,2011,101,0.055000
1609060473.654358864,33.799000,2000,101,0.055000
1609060473.655077696,16.214001,2010,102,0.055000
1609060473.678920269,16.056999,2001,102,0.268000
1609060473.679609537,12.296000,2011,100,0.268000
1609060473.729373217,12.901000,2000,100,0.024000
1609060473.730106115,33.671001,2010,101,0.055000
1609060473.754358768,34.195999,2001,101,0.055000
1609060473.755076647,15.344999,2011,102,0.055000
1609060473.779368401,15.524000,2000,102,0.055000
1609060473.780183315,12.124000,2010,100,0.055000
1609060473.804401159,12.121000,2001,100,0.055000
1609060473.805105448,33.133999,2011,101,0.024000
1609060473.829330444,33.613998,2000,101,0.055000
1609060473.830115080,16.055000,2010,102,0.055000
1609060473.853860617,15.594000,2001,102,0.129000
1609060473.855024576,12.942000,2011,100,0.055000
1609060473.904362917,13.135000,2000,100,0.055000
1609060473.905034542,33.619999,2010,101,0.055000
1609060473.928904772,33.742001,2001,101,0.268000
1609060473.930054903,15.201000,2011,102,0.055000
1609060473.954334974,15.339001,2000,102,0.024000
1609060473.955113649,12.241000,2010,100,0.024000
1609060473.979107618,12.275000,2001,100,0.055000
1609060473.980071306,32.995998,2011,101,0.055000
1609060474.004382849,33.428001,2000,101,0.055000
1609060474.005087137,15.934000,2010,102,0.055000
1609060474.028899670,15.628000,2001,102,0.268000
1609060474.029607534,12.679000,2011,100,0.268000
1609060474.079333544,13.253000,2000,100,0.055000
1609060474.080065012,33.569000,2010,101,0.055000
1609060474.103884459,33.751999,2001,101,0.268000
1609060474.105093002,15.054000,2011,102,0.024000
1609060474.129342556,15.176000,2000,102,0.055000
1609060474.130068064,12.317000,2010,100,0.055000
1609060474.154167652,12.395000,2001,100,0.055000
1609060474.155028820,32.924999,2011,101,0.055000
1609060474.179356098,33.374001,2000,101,0.024000
1609060474.180154085,15.841999,2010,102,0.055000
1609060474.203891277,15.516001,2001,102,0.268000
1609060474.204602957,12.702000,2011,100,0.268000
1609060474.254367590,13.408000,2000,100,0.055000
1609060474.255091190,33.507999,2010,101,0.055000
1609060474.278873682,33.556000,2001,101,0.268000
1609060474.280086040,14.938000,2011,102,0.055000
1609060474.304382563,15.037000,2000,102,0.055000
1609060474.305111170,12.447000,2010,100,0.055000
1609060474.329154491,12.574000,2001,100,0.055000
1609060474.330045462,32.792000,2011,101,0.055000
1609060474.354373455,33.209999,2000,101,0.055000
1609060474.355051517,15.770000,2010,102,0.024000
1609060474.379370689,15.858999,2001,102,0.024000
1609060474.379613876,12.830000,2011,100,0.268000
1609060474.429349899,13.512000,2000,100,0.055000
1609060474.430100441,33.476002,2010,101,0.055000
1609060474.454356432,33.866001,2001,101,0.055000
1609060474.455078840,14.890000,2011,102,0.055000
1609060474.479294062,14.913000,2000,102,0.055000
1609060474.480116129,12.516000,2010,100,0.024000
1609060474.504300833,12.680000,2001,100,0.024000
1609060474.505063057,32.752998,2011,101,0.055000
1609060474.529399872,33.131001,2000,101,0.024000
1609060474.530108929,15.712000,2010,102,0.055000
1609060474.554340601,15.746000,2001,102,0.055000
1609060474.555114031,13.371000,2011,100,0.055000
1609060474.604337215,13.588000,2000,100,0.055000
1609060474.604914665,33.433998,2010,101,0.024000
1609060474.628895044,33.226002,2001,101,0.129000
1609060474.630004168,14.880000,2011,102,0.055000
1609060474.654335499,14.822000,2000,102,0.055000
1609060474.655085802,12.575000,2010,100,0.055000
1609060474.679292917,12.775000,2001,100,0.024000
1609060474.680018902,32.689999,2011,101,0.055000
1609060474.704316378,33.008999,2000,101,0.055000
1609060474.704590321,14.931000,2010,102,0.129000
1609060474.729317904,15.657000,2001,102,0.024000
1609060474.730193853,13.282000,2011,100,0.055000
1609060474.779345989,13.649000,2000,100,0.055000
1609060474.780084610,33.355999,2010,101,0.055000
1609060474.803855419,33.159000,2001,101,0.129000
1609060474.805056810,14.806000,2011,102,0.024000
1609060474.829318762,14.737000,2000,102,0.055000
1609060474.830086470,12.616000,2010,100,0.055000
1609060474.854397774,12.854000,2001,100,0.055000
1609060474.855047941,32.629002,2011,101,0.055000
1609060474.879344940,32.897999,2000,101,0.055000
1609060474.880059719,15.580000,2010,102,0.056000
1609060474.904335976,15.587000,2001,102,0.055000
1609060474.905126095,13.312000,2011,100,0.055000
1609060474.954298496,13.694000,2000,100,0.055000
1609060474.955040693,33.324001,2010,101,0.055000
1609060474.978871584,33.298000,2001,101,0.268000
1609060474.980107546,14.798000,2011,102,0.024000
1609060475.004300356,14.633000,2000,102,0.055000
1609060475.005109072,12.623000,2010,100,0.024000
1609060475.029293060,12.911000,2001,100,0.055000
1609060475.030003786,32.576000,2011,101,0.055000
1609060475.054359674,32.852001,2000,101,0.055000
1609060475.079326391,15.511999,2001,102,0.024000
1609060475.080075979,13.413000,2011,100,0.055000
1609060475.129330873,13.741000,2000,100,0.055000
1609060475.130024195,33.312000,2010,101,0.055000
1609060475.153856993,32.500000,2001,101,0.129000
1609060475.155098915,14.722000,2011,102,0.055000
1609060475.179323196,14.585000,2000,102,0.055000
1609060475.180084705,12.706000,2010,100,0.055000
1609060475.204328775,13.015000,2001,100,0.055000
1609060475.205028296,32.504002,2011,101,0.055000
1609060475.229283333,32.765999,2000,101,0.055000
1609060475.229579687,15.166000,2010,102,0.268000
1609060475.253837347,14.971000,2001,102,0.268000
1609060475.255071640,13.316000,2011,100,0.055000
1609060475.304306746,13.773000,2000,100,0.055000
1609060475.304553270,32.938999,2010,101,0.268000
1609060475.328932524,33.074001,2001,101,0.268000
1609060475.330048800,14.686000,2011,102,0.055000
1609060475.354296923,14.490000,2000,102,0.055000
1609060475.355090380,12.738000,2010,100,0.024000
1609060475.379300356,13.082000,2001,100,0.055000
1609060475.380076885,32.446999,2011,101,0.055000
1609060475.404310465,32.657001,2000,101,0.055000
1609060475.405004501,15.525999,2010,102,0.055000
1609060475.429320812,15.358999,2001,102,0.024000
1609060475.430054903,13.382000,2011,100,0.055000
1609060475.479292870,13.825000,2000,100,0.055000
1609060475.479547024,32.887001,2010,101,0.268000
1609060475.503875732,33.040001,2001,101,0.268000
1609060475.504979134,14.680000,2011,102,0.055000
1609060475.529320478,14.461000,2000,102,0.055000
1609060475.530057430,12.745000,2010,100,0.055000
1609060475.554301262,13.141000,2001,100,0.024000
1609060475.554981709,32.416000,2011,101,0.055000
1609060475.579353571,32.613998,2000,101,0.055000
1609060475.580037117,15.471001,2010,102,0.024000
1609060475.604335785,15.283001,2001,102,0.055000
1609060475.605082035,13.452000,2011,100,0.055000
1609060475.654286623,13.871000,2000,100,0.055000
1609060475.654554129,32.796001,2010,101,0.268000
1609060475.679267883,33.435001,2001,101,0.055000
1609060475.680015087,14.619000,2011,102,0.055000
1609060475.704291105,14.346000,2000,102,0.055000
1609060475.705038071,12.823000,2010,100,0.055000
1609060475.729277611,13.192000,2001,100,0.055000
1609060475.729980469,32.314999,2011,101,0.024000
1609060475.754303217,32.532001,2000,101,0.055000
1609060475.754524231,15.030000,2010,102,0.268000
1609060475.779250145,15.220000,2001,102,0.024000
1609060475.780144930,13.504000,2011,100,0.055000
1609060475.829263926,13.915000,2000,100,0.055000
1609060475.829539537,32.742001,2010,101,0.268000
1609060475.853811741,32.865002,2001,101,0.268000
1609060475.854974985,14.545000,2011,102,0.024000
1609060475.879304886,14.318000,2000,102,0.055000
1609060475.880086184,12.878000,2010,100,0.055000
1609060475.904332399,13.209000,2001,100,0.055000
1609060475.904977322,32.247002,2011,101,0.055000
1609060475.929276705,32.436001,2000,101,0.055000
1609060475.929978132,15.299999,2010,102,0.268000
1609060475.954317808,15.155000,2001,102,0.024000
1609060475.955060959,13.517000,2011,100,0.024000
1609060476.004280329,13.975000,2000,100,0.055000
1609060476.005027771,32.987000,2010,101,0.024000
1609060476.028816462,32.289001,2001,101,0.129000
1609060476.029996157,14.473000,2011,102,0.055000
1609060476.054259300,14.209000,2000,102,0.055000
1609060476.055168390,12.936000,2010,100,0.055000
1609060476.079239845,13.294000,2001,100,0.055000
1609060476.079971552,32.191002,2011,101,0.055000
1609060476.104248762,32.369999,2000,101,0.055000
1609060476.104530334,14.816000,2010,102,0.268000
1609060476.129278898,15.071000,2001,102,0.055000
1609060476.130079508,13.611000,2011,100,0.055000
1609060476.179261923,14.035000,2000,100,0.055000
1609060476.179543734,32.523998,2010,101,0.268000
1609060476.205003023,14.383000,2011,102,0.055000
1609060476.229298592,14.106000,2000,102,0.055000
1609060476.230036497,13.001000,2010,100,0.055000
1609060476.254243851,13.361000,2001,100,0.024000
1609060476.254995584,32.083000,2011,101,0.055000
1609060476.279247522,32.259998,2000,101,0.055000
1609060476.280001640,15.171000,2010,102,0.055000
1609060476.304261208,14.921000,2001,102,0.055000
1609060476.305049658,13.693000,2011,100,0.055000
1609060476.354249954,14.108000,2000,100,0.055000
1609060476.354519129,32.457001,2010,101,0.268000
1609060476.404257298,14.002000,2000,102,0.055000
1609060476.404969454,13.087000,2010,100,0.024000
1609060476.429266691,13.408000,2001,100,0.055000
1609060476.430034876,31.930000,2011,101,0.055000
1609060476.454282999,32.105000,2000,101,0.055000
1609060476.454944611,15.054000,2010,102,0.055000
1609060476.479232788,14.848000,2001,102,0.055000
1609060476.480019331,13.781000,2011,100,0.055000
1609060476.529252529,14.204000,2000,100,0.055000
1609060476.529954910,32.681999,2010,101,0.055000
1609060476.553777695,32.435001,2001,101,0.268000
1609060476.554976225,14.160000,2011,102,0.055000
1609060476.579282522,13.917000,2000,102,0.055000
1609060476.580073833,13.179000,2010,100,0.024000
1609060476.604294300,13.533000,2001,100,0.055000
1609060476.604945898,31.791000,2011,101,0.055000
1609060476.629227400,32.007000,2000,101,0.055000
1609060476.629552603,14.461000,2010,102,0.129000
1609060476.654272795,14.720000,2001,102,0.024000
1609060476.655035257,13.802000,2011,100,0.055000
1609060476.704245090,14.303000,2000,100,0.024000
1609060476.704930544,32.509998,2010,101,0.055000
1609060476.728772163,32.308998,2001,101,0.268000
1609060476.729973555,14.043000,2011,102,0.055000
1609060476.754226923,13.748000,2000,102,0.055000
1609060476.755023003,13.286000,2010,100,0.055000
1609060476.779216290,13.594000,2001,100,0.055000
1609060476.779976368,31.640999,2011,101,0.055000
1609060476.804304600,31.849998,2000,101,0.055000
1609060476.804972410,14.391000,2010,102,0.268000
1609060476.829248667,14.589000,2001,102,0.055000
1609060476.829993963,14.002000,2011,100,0.055000
1609060476.879247665,14.417000,2000,100,0.055000
1609060476.879605532,32.021999,2010,101,0.268000
1609060476.903769493,31.846001,2001,101,0.129000
1609060476.904995680,13.910000,2011,102,0.055000
1609060476.929251194,13.656000,2000,102,0.055000
1609060476.930006266,13.396000,2010,100,0.055000
1609060476.954215765,13.736000,2001,100,0.024000
1609060476.954974890,31.487000,2011,101,0.055000
1609060476.979211092,31.702999,2000,101,0.024000
1609060476.980009317,14.627000,2010,102,0.055000
1609060477.004374027,14.451000,2001,102,0.055000
1609060477.005033493,14.152000,2011,100,0.055000
1609060477.054262161,14.525000,2000,100,0.055000
1609060477.054986238,31.872002,2010,101,0.268000
1609060477.079249859,32.465000,2001,101,0.055000
1609060477.080001354,13.742000,2011,102,0.055000
1609060477.104249239,13.482000,2000,102,0.055000
1609060477.105051994,13.460000,2010,100,0.055000
1609060477.129247189,13.849000,2001,100,0.055000
1609060477.129971266,31.339001,2011,101,0.055000
1609060477.154245138,31.507000,2000,101,0.055000
1609060477.154869080,14.107000,2010,102,0.268000
1609060477.179244518,14.297000,2001,102,0.055000
1609060477.179955006,14.235000,2011,100,0.055000
1609060477.229226351,14.651000,2000,100,0.024000
1609060477.229479790,31.716999,2010,101,0.268000
1609060477.253755093,31.855000,2001,101,0.268000
1609060477.254933596,13.641000,2011,102,0.055000
1609060477.279249907,13.284000,2000,102,0.055000
1609060477.280068398,13.616000,2010,100,0.055000
1609060477.304253101,13.947000,2001,100,0.055000
1609060477.304977894,31.216000,2011,101,0.055000
1609060477.329241514,31.393002,2000,101,0.055000
1609060477.329489708,14.002000,2010,102,0.268000
1609060477.354238033,14.158000,2001,102,0.055000
1609060477.354974747,14.386000,2011,100,0.055000
1609060477.404248714,14.756000,2000,100,0.055000
1609060477.404505253,31.518002,2010,101,0.268000
1609060477.428802013,31.334999,2001,101,0.129000
1609060477.429931879,13.520000,2011,102,0.055000
1609060477.454205275,13.239000,2000,102,0.055000
1609060477.454965591,13.721000,2010,100,0.055000
1609060477.479241848,14.051000,2001,100,0.055000
1609060477.479933977,31.035999,2011,101,0.024000
1609060477.504204512,31.246000,2000,101,0.055000
1609060477.504486322,13.832000,2010,102,0.268000
1609060477.529231310,14.003000,2001,102,0.055000
1609060477.529988050,14.538000,2011,100,0.055000
1609060477.579236031,14.856000,2000,100,0.055000
1609060477.579520941,31.365002,2010,101,0.268000
1609060477.603796244,31.588001,2001,101,0.268000
1609060477.604915857,13.397000,2011,102,0.055000
1609060477.629213572,13.095000,2000,102,0.055000
1609060477.630073071,13.826000,2010,100,0.055000
1609060477.654195786,14.146000,2001,100,0.024000
1609060477.654963493,30.899000,2011,101,0.055000
1609060477.679204702,31.080999,2000,101,0.055000
1609060477.679460287,13.392000,2010,102,0.129000
1609060477.704182148,13.921000,2001,102,0.024000
1609060477.704994202,14.627000,2011,100,0.055000
1609060477.754235744,14.955000,2000,100,0.055000
1609060477.754482508,31.261002,2010,101,0.268000
1609060477.778759003,31.303001,2001,101,0.268000
1609060477.779961348,13.294000,2011,102,0.055000
1609060477.804209232,13.026000,2000,102,0.024000
1609060477.804999113,13.911000,2010,100,0.055000
1609060477.829208374,14.234000,2001,100,0.055000
1609060477.830016851,30.806000,2011,101,0.055000
1609060477.854203939,30.961000,2000,101,0.055000
1609060477.854448557,13.669000,2010,102,0.268000
1609060477.879172802,13.817000,2001,102,0.024000
1609060477.879935265,14.713000,2011,100,0.055000
1609060477.929169893,15.036000,2000,100,0.055000
1609060477.929910183,31.533001,2010,101,0.055000
1609060477.953780413,31.028000,2001,101,0.129000
1609060477.954904795,13.193000,2011,102,0.055000
1609060477.979200363,12.895000,2000,102,0.055000
1609060477.980032206,14.027000,2010,100,0.055000
1609060478.004224539,14.303000,2001,100,0.024000
1609060478.004907846,30.691000,2011,101,0.024000
1609060478.029203415,30.879999,2000,101,0.055000
1609060478.029873848,13.227000,2010,102,0.129000
1609060478.054204702,13.651000,2001,102,0.055000
1609060478.054496527,14.388000,2011,100,0.268000
1609060478.104179144,15.104000,2000,100,0.055000
1609060478.104936600,31.070000,2010,101,0.268000
1609060478.128756523,30.966000,2001,101,0.268000
1609060478.129941702,13.109000,2011,102,0.055000
1609060478.154229403,12.844000,2000,102,0.055000
1609060478.155002594,14.056000,2010,100,0.024000
1609060478.179222822,14.370000,2001,100,0.055000
1609060478.180030346,30.589001,2011,101,0.055000
1609060478.204221964,30.773001,2000,101,0.024000
1609060478.229218721,13.640000,2001,102,0.055000
1609060478.229998350,14.778000,2011,100,0.055000
1609060478.279160976,15.161000,2000,100,0.055000
1609060478.279949427,31.306999,2010,101,0.055000
1609060478.303750277,31.084999,2001,101,0.268000
1609060478.304912090,13.035000,2011,102,0.055000
1609060478.329176426,12.770000,2000,102,0.055000
1609060478.329970598,14.112000,2010,100,0.024000
1609060478.354209900,14.417000,2001,100,0.055000
1609060478.354892969,30.472000,2011,101,0.055000
1609060478.379220724,30.672001,2000,101,0.055000
1609060478.379492760,13.392000,2010,102,0.268000
1609060478.404171228,13.568000,2001,102,0.055000
1609060478.404941320,14.905000,2011,100,0.024000
1609060478.454173565,15.208000,2000,100,0.055000
1609060478.454433441,30.809000,2010,101,0.268000
1609060478.478701830,30.891001,2001,101,0.268000
1609060478.479914427,12.982000,2011,102,0.024000
1609060478.504229069,12.670000,2000,102,0.055000
1609060478.505005836,14.115000,2010,100,0.055000
1609060478.529154301,14.455000,2001,100,0.055000
1609060478.529701710,30.374001,2011,101,0.055000
1609060478.554198980,30.563000,2000,101,0.024000
1609060478.578714132,13.053000,2001,102,0.268000
1609060478.580009222,14.866000,2011,100,0.055000
1609060478.629145384,15.240000,2000,100,0.055000
1609060478.629908562,31.104000,2010,101,0.055000
1609060478.653781176,30.837000,2001,101,0.268000
1609060478.654893875,12.931000,2011,102,0.055000
1609060478.679147482,12.618000,2000,102,0.055000
1609060478.679958582,14.184000,2010,100,0.024000
1609060478.704170465,14.489000,2001,100,0.055000
1609060478.704694033,30.275000,2011,101,0.055000
1609060478.729161024,30.452000,2000,101,0.055000
1609060478.729412079,13.277000,2010,102,0.268000
1609060478.754195213,13.454000,2001,102,0.055000
1609060478.754971981,14.974000,2011,100,0.055000
1609060478.804158449,15.266001,2000,100,0.055000
1609060478.804872751,30.976999,2010,101,0.055000
1609060478.828713417,30.496000,2001,101,0.129000
1609060478.829872370,12.914000,2011,102,0.055000
1609060478.854216337,12.568000,2000,102,0.055000
1609060478.854944468,14.205000,2010,100,0.055000
1609060478.879125595,14.509000,2001,100,0.055000
1609060478.879922867,30.174000,2011,101,0.055000
1609060478.904214382,30.340000,2000,101,0.055000
1609060478.904435396,13.260000,2010,102,0.268000
1609060478.929142714,13.397000,2001,102,0.055000
1609060478.929983139,14.893000,2011,100,0.055000
1609060478.979149103,15.278999,2000,100,0.055000
1609060478.979434729,30.545000,2010,101,0.268000
1609060479.003701210,30.274000,2001,101,0.129000
1609060479.004884720,12.899000,2011,102,0.055000
1609060479.029138803,12.535000,2000,102,0.055000
1609060479.029971361,14.212000,2010,100,0.055000
1609060479.054172277,14.539000,2001,100,0.055000
1609060479.054697990,30.052999,2011,101,0.055000
1609060479.079177141,30.187000,2000,101,0.055000
1609060479.079874754,13.637000,2010,102,0.024000
1609060479.104175329,13.308000,2001,102,0.055000
1609060479.104945660,14.855000,2011,100,0.055000
1609060479.154170036,15.287001,2000,100,0.055000
1609060479.154381275,30.448999,2010,101,0.268000
1609060479.178731203,30.483999,2001,101,0.268000
1609060479.179920197,12.897000,2011,102,0.055000
1609060479.204191446,12.472000,2000,102,0.055000
1609060479.204956293,14.216000,2010,100,0.024000
1609060479.229193687,14.560000,2001,100,0.055000
1609060479.229686975,29.976999,2011,101,0.055000
1609060479.254220009,30.121000,2000,101,0.055000
1609060479.254425526,13.286000,2010,102,0.268000
1609060479.279141665,13.274000,2001,102,0.055000
1609060479.279999018,14.835000,2011,100,0.055000
1609060479.329117537,15.281000,2000,100,0.055000
1609060479.329875469,30.768999,2010,101,0.055000
1609060479.353713274,30.408001,2001,101,0.268000
1609060479.354866266,12.862000,2011,102,0.055000
1609060479.379119396,12.454000,2000,102,0.055000
1609060479.379940510,14.218000,2010,100,0.024000
1609060479.404163361,14.601000,2001,100,0.024000
1609060479.404675722,29.964001,2011,101,0.024000
1609060479.429117680,29.997000,2000,101,0.055000
1609060479.429805279,12.910000,2010,102,0.129000
1609060479.454199314,13.243000,2001,102,0.055000
1609060479.454910517,14.829000,2011,100,0.055000
1609060479.504138947,15.267000,2000,100,0.024000
1609060479.504849911,30.725000,2010,101,0.055000
1609060479.528688669,30.420000,2001,101,0.268000
1609060479.529866219,12.968000,2011,102,0.055000
1609060479.554190636,12.466000,2000,102,0.055000
1609060479.554929256,14.221000,2010,100,0.024000
1609060479.579151869,14.641000,2001,100,0.055000
1609060479.579692602,29.912001,2011,101,0.055000
1609060479.604168415,29.889000,2000,101,0.055000
1609060479.604896307,13.248000,2010,102,0.268000
1609060479.629120350,13.149000,2001,102,0.055000
1609060479.629893303,14.744000,2011,100,0.055000
1609060479.679109335,15.232000,2000,100,0.055000
1609060479.679401636,30.312000,2010,101,0.268000
1609060479.704144239,30.726000,2001,101,0.055000
1609060479.704859495,12.991000,2011,102,0.055000
1609060479.729135036,12.457000,2000,102,0.055000
1609060479.729976654,14.152000,2010,100,0.055000
1609060479.754183054,14.691000,2001,100,0.055000
1609060479.754652977,29.851000,2011,101,0.024000
1609060479.779130459,29.778000,2000,101,0.024000
1609060479.779932499,13.405000,2010,102,0.055000
1609060479.804163694,13.115000,2001,102,0.055000
1609060479.804841280,14.682000,2011,100,0.055000
1609060479.854115009,15.281000,2000,100,0.055000
1609060479.854811430,30.608999,2010,101,0.055000
1609060479.879116058,30.539000,2001,101,0.055000
1609060479.879863024,13.005000,2011,102,0.055000
1609060479.904164553,12.391000,2000,102,0.055000
1609060479.904886723,14.175000,2010,100,0.055000
1609060479.929116488,14.744000,2001,100,0.024000
1609060479.929835320,29.777000,2011,101,0.055000
1609060479.954111338,29.615999,2000,101,0.024000
1609060479.954839230,13.500000,2010,102,0.055000
1609060479.979158640,13.016000,2001,102,0.055000
1609060479.979921103,14.666000,2011,100,0.055000
1609060480.029102564,15.295000,2000,100,0.055000
1609060480.054086685,30.468000,2001,101,0.055000
1609060480.054819822,12.938000,2011,102,0.055000
1609060480.079121828,12.389000,2000,102,0.055000
1609060480.079838037,14.211000,2010,100,0.055000
1609060480.104159355,14.814000,2001,100,0.055000
1609060480.104860306,29.694000,2011,101,0.024000
1609060480.129086733,29.474001,2000,101,0.024000
1609060480.129841328,13.451000,2010,102,0.055000
1609060480.154163599,12.965000,2001,102,0.055000
1609060480.154836416,14.641000,2011,100,0.055000
1609060480.204144001,15.291000,2000,100,0.055000
1609060480.204375744,30.018999,2010,101,0.268000
1609060480.229119539,30.308001,2001,101,0.024000
1609060480.229809523,12.851000,2011,102,0.055000
1609060480.254208088,12.323000,2000,102,0.024000
1609060480.254869461,14.278000,2010,100,0.024000
1609060480.279152870,14.887000,2001,100,0.055000
1609060480.279931068,29.589001,2011,101,0.055000
1609060480.304112673,29.315001,2000,101,0.055000
1609060480.304927111,13.408000,2010,102,0.024000
1609060480.329117537,12.796000,2001,102,0.055000
1609060480.329835176,14.711000,2011,100,0.055000
1609060480.379090786,15.341999,2000,100,0.055000
1609060480.404114723,30.089001,2001,101,0.055000
1609060480.404351950,12.628000,2011,102,0.129000
1609060480.429142714,12.264000,2000,102,0.055000
1609060480.429841042,14.353000,2010,100,0.024000
1609060480.454105377,15.001000,2001,100,0.055000
1609060480.454844475,29.424000,2011,101,0.024000
1609060480.479111433,29.181999,2000,101,0.055000
1609060480.479829788,13.260000,2010,102,0.055000
1609060480.504100800,12.692000,2001,102,0.055000
1609060480.504806995,14.757000,2011,100,0.055000
1609060480.554138899,15.416000,2000,100,0.055000
1609060480.579118967,29.889000,2001,101,0.055000
1609060480.579361439,12.586000,2011,102,0.129000
1609060480.604158163,12.244000,2000,102,0.055000
1609060480.604840755,14.451000,2010,100,0.024000
1609060480.629089594,15.108000,2001,100,0.055000
1609060480.629814148,29.312000,2011,101,0.024000
1609060480.654086828,28.962000,2000,101,0.055000
1609060480.654333830,13.700000,2010,102,0.268000
1609060480.679111958,12.575000,2001,102,0.055000
1609060480.679836512,14.830000,2011,100,0.055000
1609060480.729075670,15.364000,2000,100,0.055000
1609060480.729314089,29.194000,2010,101,0.129000
1609060480.754091263,29.700001,2001,101,0.055000
1609060480.754361629,12.480000,2011,102,0.129000
1609060480.779118061,12.179000,2000,102,0.055000
1609060480.779861927,14.555000,2010,100,0.055000
1609060480.804155827,15.239000,2001,100,0.055000
1609060480.804783583,29.150999,2011,101,0.055000
1609060480.829091311,28.761999,2000,101,0.055000
1609060480.829856396,13.064000,2010,102,0.055000
1609060480.854073524,12.404000,2001,102,0.024000
1609060480.854843378,14.908000,2011,100,0.055000
1609060480.904075623,15.589001,2000,100,0.055000
1609060480.929075241,29.430000,2001,101,0.055000
1609060480.929958105,12.719000,2011,102,0.056000
1609060480.954070568,12.110000,2000,102,0.055000
1609060480.954773426,14.666000,2010,100,0.024000
1609060480.979107380,15.363001,2001,100,0.055000
1609060480.979844570,28.995001,2011,101,0.024000
1609060481.004141569,28.552000,2000,101,0.055000
1609060481.004921198,12.952000,2010,102,0.055000
1609060481.029083967,12.267000,2001,102,0.055000
1609060481.029769182,14.988000,2011,100,0.024000
1609060481.079058647,15.634001,2000,100,0.055000
1609060481.079330206,29.018999,2010,101,0.129000
1609060481.104093790,29.225000,2001,101,0.055000
1609060481.104893208,12.700000,2011,102,0.024000
1609060481.154095173,15.489000,2001,100,0.055000
1609060481.154769421,28.833000,2011,101,0.055000
1609060481.179085493,28.330999,2000,101,0.055000
1609060481.179818869,12.852000,2010,102,0.055000
1609060481.204041243,12.184000,2001,102,0.055000
1609060481.204777956,15.073000,2011,100,0.055000
1609060481.254055738,15.774000,2000,100,0.055000
1609060481.254856110,29.497000,2010,101,0.055000
1609060481.279086590,28.995001,2001,101,0.055000
1609060481.279821396,12.608000,2011,102,0.055000
1609060481.304077864,11.992000,2000,102,0.055000
1609060481.304788113,15.361000,2010,100,0.055000
1609060481.329123259,15.622000,2001,100,0.055000
1609060481.329778194,28.683001,2011,101,0.055000
1609060481.354050398,28.150000,2000,101,0.055000
1609060481.354797363,12.736000,2010,102,0.055000
1609060481.379091263,12.020000,2001,102,0.024000
1609060481.379843473,15.152000,2011,100,0.055000
1609060481.429030418,15.862000,2000,100,0.055000
1609060481.454036474,28.791000,2001,101,0.055000
1609060481.454763412,12.604000,2011,102,0.055000
1609060481.479068041,12.047000,2000,102,0.055000
1609060481.479796886,15.018000,2010,100,0.055000
1609060481.504034519,15.747000,2001,100,0.055000
1609060481.504763365,28.542000,2011,101,0.055000
1609060481.529030800,28.006001,2000,101,0.055000
1609060481.529759169,12.664000,2010,102,0.055000
1609060481.554043293,12.006000,2001,102,0.055000
1609060481.554760456,15.220000,2011,100,0.024000
1609060481.604052782,15.969000,2000,100,0.055000
1609060481.629052162,28.573000,2001,101,0.055000
1609060481.629774809,12.643000,2011,102,0.055000
1609060481.654781103,14.973000,2010,100,0.268000
1609060481.679029942,15.857000,2001,100,0.055000
1609060481.679739714,28.406000,2011,101,0.024000
1609060481.704041719,27.801001,2000,101,0.055000
1609060481.729788542,15.282000,2011,100,0.055000
1609060481.779074430,15.957001,2000,100,0.055000
1609060481.779807329,28.653999,2010,101,0.268000
1609060481.804069996,28.386999,2001,101,0.055000
1609060481.804786682,12.586000,2011,102,0.055000
1609060481.829030275,11.957000,2000,102,0.055000
1609060481.854087830,15.924000,2001,100,0.055000
1609060481.854746819,28.285999,2011,101,0.024000
1609060481.879076719,27.697001,2000,101,0.055000
1609060481.879760027,12.472000,2010,102,0.055000
1609060481.904048920,11.822000,2001,102,0.055000
1609060481.904792070,15.337000,2011,100,0.055000
1609060481.954132557,15.964001,2000,100,0.056000
1609060481.979031563,28.205999,2001,101,0.055000
1609060481.979912758,12.571000,2011,102,0.055000
1609060482.004750013,15.330000,2010,100,0.056000
1609060482.028982639,16.011000,2001,100,0.055000
1609060482.054058075,27.547001,2000,101,0.055000
1609060482.054734230,12.473000,2010,102,0.055000
1609060482.079046249,11.772000,2001,102,0.024000
1609060482.079740286,15.382999,2011,100,0.055000
1609060482.129086494,16.014999,2000,100,0.056000
1609060482.154073477,28.024000,2001,101,0.024000
1609060482.154711723,12.520000,2011,102,0.055000
1609060482.179327011,15.726000,2010,100,0.268000
1609060482.204030037,16.139000,2001,100,0.055000
1609060482.229002237,27.395000,2000,101,0.055000
1609060482.229708672,12.411000,2010,102,0.055000
1609060482.304030657,16.167000,2000,100,0.055000
1609060482.304756641,28.466999,2010,101,0.055000
1609060482.329044104,27.875000,2001,101,0.024000
1609060482.329702616,12.532000,2011,102,0.055000
1609060482.378995657,16.170000,2001,100,0.055000
1609060482.404062986,27.313999,2000,101,0.024000
1609060482.404756546,12.373000,2010,102,0.055000
1609060482.429007769,11.613000,2001,102,0.268000
1609060482.429803848,15.466000,2011,100,0.055000
1609060482.478983164,16.202000,2000,100,0.055000
1609060482.479712486,28.341000,2010,101,0.055000
1609060482.504022121,27.729000,2001,101,0.024000
1609060482.504786730,12.527000,2011,102,0.055000
1609060482.553959608,16.246000,2001,100,0.055000
1609060482.579025745,27.205999,2000,101,0.055000
1609060482.579814196,12.284000,2010,102,0.024000
1609060482.603500843,11.687000,2001,102,0.129000
1609060482.653990030,16.204000,2000,100,0.055000
1609060482.679000378,27.590000,2001,101,0.024000
1609060482.679732800,12.557000,2011,102,0.055000
1609060482.703954935,11.959000,2000,102,0.055000
1609060482.704782486,15.594999,2010,100,0.055000
1609060482.729059219,16.305000,2001,100,0.055000
1609060482.753986359,27.122000,2000,101,0.055000
1609060482.754704475,12.243000,2010,102,0.055000
1609060482.779774904,15.248000,2011,100,0.268000
1609060482.828978539,16.195999,2000,100,0.055000
1609060482.829705477,28.117001,2010,101,0.055000
1609060482.853976250,27.478001,2001,101,0.055000
1609060482.854740858,12.583000,2011,102,0.055000
1609060482.903989077,16.357000,2001,100,0.055000
1609060482.929019928,27.023001,2000,101,0.055000
1609060482.929763794,12.250000,2010,102,0.055000
1609060482.954725266,15.555000,2011,100,0.055000
1609060483.003951073,16.274000,2000,100,0.055000
1609060483.004763365,27.945999,2010,101,0.055000
1609060483.029012203,27.375999,2001,101,0.055000
1609060483.029786110,12.568000,2011,102,0.055000
1609060483.053953648,11.940000,2000,102,0.024000
1609060483.054701567,15.698999,2010,100,0.055000
1609060483.078980207,16.408001,2001,100,0.055000
1609060483.103977680,26.931000,2000,101,0.055000
1609060483.129704714,15.548000,2011,100,0.268000
1609060483.178977489,16.344000,2000,100,0.055000
1609060483.179709196,27.931000,2010,101,0.055000
1609060483.204048395,27.283001,2001,101,0.055000
1609060483.204816103,12.487000,2011,102,0.055000
1609060483.228952885,11.921000,2000,102,0.055000
1609060483.229697704,15.791000,2010,100,0.055000
1609060483.254114628,16.426001,2001,100,0.055000
1609060483.254718542,27.531000,2011,101,0.055000
1609060483.279005527,26.840000,2000,101,0.055000
1609060483.279775381,12.129000,2010,102,0.055000
1609060483.304756880,15.709999,2011,100,0.055000
1609060483.353959084,16.400999,2000,100,0.055000
1609060483.354708672,27.766001,2010,101,0.055000
1609060483.378983259,27.215000,2001,101,0.055000
1609060483.379739523,12.455000,2011,102,0.055000
1609060483.429029703,16.500000,2001,100,0.056000
1609060483.453955889,26.738001,2000,101,0.055000
1609060483.454740047,12.093000,2010,102,0.055000
1609060483.479757071,15.825001,2011,100,0.268000
1609060483.529698610,27.662001,2010,101,0.055000
1609060483.578959465,11.882000,2000,102,0.024000
1609060483.579728365,15.910000,2010,100,0.055000
1609060483.603979826,16.549999,2001,100,0.056000
1609060483.628951788,26.608000,2000,101,0.055000
1609060483.629776716,12.032000,2010,102,0.055000
1609060483.654698133,15.886000,2011,100,0.055000
1609060483.703949451,16.589001,2000,100,0.268000
1609060483.728950262,26.959000,2001,101,0.055000
1609060483.729701519,12.365000,2011,102,0.055000
1609060483.753921986,11.778000,2000,102,0.055000
1609060483.754677057,16.021000,2010,100,0.055000
1609060483.779072285,16.628000,2001,100,0.056000
1609060483.803968191,26.481001,2000,101,0.055000
1609060483.879003763,16.636999,2000,100,0.055000
1609060483.903946400,26.813999,2001,101,0.024000
1609060483.928950548,11.671000,2000,102,0.024000
1609060483.929705858,16.162001,2010,100,0.055000
1609060483.954027653,16.799999,2001,100,0.056000
1609060483.978953123,26.329000,2000,101,0.055000
1609060483.979714394,11.833000,2010,102,0.055000
1609060484.004705191,15.884001,2011,100,0.268000
1609060484.053993702,17.035999,2000,100,0.055000
1609060484.054712296,27.240000,2010,101,0.055000
1609060484.078954458,26.646000,2001,101,0.024000
1609060484.079680920,12.187000,2011,102,0.055000
1609060484.103919506,11.547000,2000,102,0.055000
1609060484.104707003,16.346001,2010,100,0.055000
1609060484.128982306,17.007000,2001,100,0.024000
1609060484.153964043,26.198000,2000,101,0.055000
1609060484.154670000,11.697000,2010,102,0.055000
1609060484.179715157,16.285999,2011,100,0.268000
1609060484.228969812,17.079000,2000,100,0.055000
1609060484.229753971,27.136999,2010,101,0.055000
1609060484.253950119,26.469000,2001,101,0.024000
1609060484.254671812,12.010000,2011,102,0.055000
1609060484.278917074,11.429000,2000,102,0.024000
1609060484.279756784,16.051001,2010,100,0.268000
1609060484.303947210,17.198000,2001,100,0.055000
1609060484.304713964,26.694000,2011,101,0.055000
1609060484.328946114,25.982000,2000,101,0.024000
1609060484.329720259,11.582000,2010,102,0.055000
1609060484.403938055,17.086000,2000,100,0.055000
1609060484.428947210,26.308001,2001,101,0.055000
1609060484.429749489,11.949000,2011,102,0.024000
1609060484.453919888,11.299000,2000,102,0.055000
1609060484.454726458,16.534000,2010,100,0.268000
1609060484.478950500,17.375999,2001,100,0.055000
1609060484.479702473,26.771999,2011,101,0.055000
1609060484.503919840,25.844000,2000,101,0.055000
1609060484.504684448,11.470000,2010,102,0.055000
1609060484.529669285,16.698999,2011,100,0.055000
1609060484.579019785,17.319000,2000,100,0.268000
1609060484.579706192,26.777000,2010,101,0.024000
1609060484.603957176,26.125999,2001,101,0.055000
1609060484.604737282,11.852000,2011,102,0.055000
1609060484.628937244,11.166000,2000,102,0.055000
1609060484.629700899,16.837999,2010,100,0.055000
1609060484.653943539,17.541000,2001,100,0.055000
1609060484.654691696,26.326000,2011,101,0.055000
1609060484.678945541,25.625000,2000,101,0.055000
1609060484.679666519,11.316000,2010,102,0.055000
1609060484.704637766,16.849001,2011,100,0.024000
1609060484.778947592,25.959000,2001,101,0.055000
1609060484.779499054,11.619000,2011,102,0.055000
1609060484.803945541,11.062000,2000,102,0.055000
1609060484.828909636,17.694000,2001,100,0.055000
1609060484.829664469,26.400000,2011,101,0.055000
1609060484.853964567,25.427000,2000,101,0.055000
1609060484.854644299,11.235000,2010,102,0.055000
1609060484.953948498,25.783001,2001,101,0.055000
1609060484.954746008,11.647000,2011,102,0.055000
1609060484.978948355,10.996000,2000,102,0.055000
1609060484.979722023,17.094000,2010,100,0.055000
1609060485.003951073,60.995998,2001,100,0.056000
1609060485.004672050,26.072001,2011,101,0.055000
1609060485.028908730,25.287001,2000,101,0.055000
1609060485.029680014,11.174000,2010,102,0.055000
1609060485.054766178,17.152000,2011,100,0.055000
1609060485.103950262,17.664000,2000,100,10.536000
1609060485.104658842,26.222000,2010,101,0.055000
1609060485.128935814,25.642000,2001,101,0.055000
1609060485.129685879,11.479000,2011,102,0.024000
1609060485.153917789,10.945000,2000,102,0.055000
1609060485.154691458,17.226000,2010,100,0.055000
1609060485.178877592,17.952000,2001,100,0.055000
1609060485.179663420,26.101999,2011,101,0.055000
1609060485.203908920,25.132000,2000,101,0.024000
1609060485.204635382,11.068000,2010,102,0.055000
1609060485.278970003,17.662001,2000,100,10.536000
1609060485.279732466,26.055000,2010,101,0.055000
1609060485.303899765,25.388000,2001,101,0.055000
1609060485.304702520,11.559000,2011,102,0.055000
1609060485.328903675,10.927000,2000,102,0.055000
1609060485.353900909,18.059999,2001,100,0.055000
1609060485.354643345,25.783001,2011,101,0.055000
1609060485.378908634,24.933001,2000,101,0.055000
1609060485.379701138,10.966000,2010,102,0.055000
1609060485.404649734,17.386000,2011,100,0.055000
1609060485.478925228,25.225000,2001,101,0.055000
1609060485.479656219,11.550000,2011,102,0.024000
1609060485.503908157,10.931000,2000,102,0.055000
1609060485.504703999,17.427000,2010,100,0.055000
1609060485.528904438,18.163000,2001,100,0.055000
1609060485.529663324,25.784000,2011,101,0.055000
1609060485.553915024,24.809000,2000,101,0.055000
1609060485.579648495,17.448000,2011,100,0.055000
1609060485.628967762,18.364000,2000,100,0.056000
1609060485.629649162,25.735001,2010,101,0.055000
1609060485.653952599,25.097000,2001,101,0.024000
1609060485.654689789,11.558000,2011,102,0.024000
1609060485.678879499,10.955000,2000,102,0.055000
1609060485.679673195,17.541000,2010,100,0.055000
1609060485.703934669,18.236000,2001,100,0.055000
1609060485.704636335,25.594999,2011,101,0.055000
1609060485.728936195,24.641001,2000,101,0.024000
1609060485.754590273,17.528000,2011,100,0.055000
1609060485.803842306,18.136999,2000,100,0.056000
1609060485.804675817,25.597000,2010,101,0.024000
1609060485.828907728,24.952000,2001,101,0.024000
1609060485.829678059,11.600000,2011,102,0.055000
1609060485.853866339,10.994000,2000,102,0.055000
1609060485.854669333,17.587000,2010,100,0.056000
1609060485.878876925,18.306999,2001,100,0.055000
1609060485.903883219,24.516001,2000,101,0.055000
1609060485.928866625,10.425000,2001,102,0.055000
1609060485.929678679,17.570999,2011,100,0.055000
1609060485.978884220,18.289000,2000,100,0.055000
1609060486.003862619,24.805000,2001,101,0.024000
1609060486.004383564,11.559000,2011,102,0.055000
1609060486.028863668,11.037000,2000,102,0.055000
1609060486.029677153,17.545000,2010,100,0.268000
1609060486.053912401,18.365999,2001,100,0.055000
1609060486.078876019,24.413000,2000,101,0.055000
1609060486.104609489,17.679001,2011,100,0.055000
1609060486.153826475,18.393999,2000,100,0.055000
1609060486.154628992,25.316000,2010,101,0.055000
1609060486.178915739,24.659000,2001,101,0.055000
1609060486.179697514,11.636000,2011,102,0.055000
1609060486.203863621,11.082000,2000,102,0.055000
1609060486.204599142,17.632000,2010,100,0.055000
1609060486.228896141,18.468000,2001,100,0.055000
1609060486.253886461,24.271000,2000,101,0.055000
1609060486.279671431,17.729000,2011,100,0.055000
1609060486.328882694,18.478001,2000,100,0.055000
1609060486.329586506,25.107000,2010,101,0.055000
1609060486.353911161,24.518999,2001,101,0.055000
1609060486.354374409,11.617000,2011,102,0.055000
1609060486.378900766,11.110000,2000,102,0.055000
1609060486.379692078,17.825001,2010,100,0.024000
1609060486.403853178,18.547001,2001,100,0.055000
1609060486.428926706,24.132000,2000,101,0.024000
1609060486.453865051,10.501000,2001,102,0.055000
1609060486.454582214,17.818001,2011,100,0.055000
1609060486.503882647,18.530001,2000,100,0.055000
1609060486.504674911,25.039000,2010,101,0.055000
1609060486.528936863,24.368000,2001,101,0.055000
1609060486.578876972,18.598000,2001,100,0.055000
1609060486.603866816,23.905001,2000,101,0.055000
1609060486.629588366,17.914000,2011,100,0.055000
1609060486.678882837,18.603001,2000,100,0.055000
1609060486.679595947,24.858000,2010,101,0.024000
1609060486.703901768,24.167999,2001,101,0.055000
1609060486.728904486,11.231000,2000,102,0.055000
1609060486.729637861,17.952000,2010,100,0.056000
1609060486.753840923,18.750999,2001,100,0.055000
1609060486.778894186,23.785999,2000,101,0.055000
1609060486.804606438,17.893000,2011,100,0.268000
1609060486.853877306,18.768999,2000,100,0.055000
1609060486.878868103,24.042000,2001,101,0.055000
1609060486.903923750,11.119000,2000,102,0.024000
1609060486.928893566,18.844999,2001,100,0.055000
1609060486.929538727,24.320000,2011,101,0.024000
1609060486.953858137,23.629000,2000,101,0.055000
1609060486.978893995,10.415000,2001,102,0.055000
1609060486.979587793,18.229000,2011,100,0.055000
1609060487.028845310,18.922001,2000,100,0.055000
1609060487.053880930,23.862000,2001,101,0.055000
1609060487.054585457,11.531000,2011,102,0.055000
1609060487.078898430,11.117000,2000,102,0.055000
1609060487.079572439,18.264999,2010,100,0.056000
1609060487.103859186,19.035999,2001,100,0.055000
1609060487.128895760,23.469999,2000,101,0.024000
1609060487.153894186,10.355000,2001,102,0.024000
1609060487.154639721,18.347000,2011,100,0.055000
1609060487.203809023,19.114000,2000,100,0.055000
1609060487.228881121,23.687000,2001,101,0.055000
1609060487.253927231,11.013000,2000,102,0.055000
1609060487.254672289,18.447001,2010,100,0.056000
1609060487.278905869,19.164000,2001,100,0.055000
1609060487.303917170,23.257999,2000,101,0.055000
1609060487.329607487,18.511999,2011,100,0.055000
1609060487.378817558,18.872999,2000,100,0.268000
1609060487.379588366,24.149000,2010,101,0.055000
1609060487.403877974,23.500999,2001,101,0.055000
1609060487.428899050,10.985000,2000,102,0.055000
1609060487.453897953,19.327000,2001,100,0.055000
1609060487.478892326,23.077999,2000,101,0.024000
1609060487.503879309,10.206000,2001,102,0.055000
1609060487.504554987,18.676001,2011,100,0.055000
1609060487.553858519,19.412001,2000,100,0.055000
1609060487.554570436,23.969999,2010,101,0.055000
1609060487.578879118,23.330000,2001,101,0.055000
1609060487.603947639,10.922000,2000,102,0.024000
1609060487.628857374,19.495001,2001,100,0.055000
1609060487.629586935,23.620001,2011,101,0.055000
1609060487.653875828,22.937000,2000,101,0.055000
1609060487.678838968,10.122000,2001,102,0.055000
1609060487.679633141,18.837999,2011,100,0.055000
1609060487.728858709,19.579000,2000,100,0.055000
1609060487.729532242,23.820000,2010,101,0.055000
1609060487.753873110,23.143000,2001,101,0.055000
1609060487.754651308,11.295000,2011,102,0.055000
1609060487.778892517,10.850000,2000,102,0.055000
1609060487.779706717,18.950001,2010,100,0.056000
1609060487.803857088,19.674000,2001,100,0.055000
1609060487.828880072,22.764999,2000,101,0.024000
1609060487.854559183,19.002001,2011,100,0.055000
1609060487.903811455,19.724001,2000,100,0.056000
1609060487.928868532,22.959999,2001,101,0.024000
1609060487.929750443,11.247000,2011,102,0.055000
1609060487.953858137,10.789000,2000,102,0.055000
1609060487.954640865,19.129999,2010,100,0.055000
1609060487.978826046,19.851000,2001,100,0.055000
1609060487.979592323,23.263000,2011,101,0.055000
1609060488.003885269,22.569000,2000,101,0.055000
1609060488.028822899,9.963000,2001,102,0.024000
1609060488.029644251,19.188000,2011,100,0.055000
1609060488.078786135,19.858000,2000,100,0.056000
1609060488.103848219,22.768999,2001,101,0.055000
1609060488.128864050,10.733000,2000,102,0.055000
1609060488.129630089,19.306000,2010,100,0.055000
1609060488.153889656,20.016001,2001,100,0.055000
1609060488.154620171,23.113001,2011,101,0.055000
1609060488.178860426,22.365999,2000,101,0.055000
1609060488.203824043,9.888000,2001,102,0.055000
1609060488.204507113,19.344999,2011,100,0.055000
1609060488.253868818,20.035999,2000,100,0.055000
1609060488.254756451,23.257999,2010,101,0.024000
1609060488.278839350,22.607000,2001,101,0.024000
1609060488.303870678,10.705000,2000,102,0.055000
1609060488.304613590,19.427000,2010,100,0.055000
1609060488.328816175,20.176001,2001,100,0.055000
1609060488.329569101,22.917999,2011,101,0.056000
1609060488.353820562,22.249001,2000,101,0.055000
1609060488.378873825,9.804000,2001,102,0.055000
1609060488.379631996,19.455999,2011,100,0.055000
1609060488.428777456,20.139999,2000,100,0.056000
1609060488.429509640,23.070999,2010,101,0.055000
1609060488.453863382,22.457001,2001,101,0.055000
1609060488.478875160,10.565000,2000,102,0.055000
1609060488.479043484,19.596001,2010,100,0.268000
1609060488.503851414,20.320000,2001,100,0.055000
1609060488.528835058,22.094000,2000,101,0.055000
1609060488.553885460,9.764000,2001,102,0.055000
1609060488.554509163,19.642000,2011,100,0.055000
1609060488.603761435,20.329000,2000,100,0.056000
1609060488.604630470,22.996000,2010,101,0.055000
1609060488.628826618,22.302000,2001,101,0.055000
1609060488.653869629,10.450000,2000,102,0.055000
1609060488.654562950,19.721001,2010,100,0.056000
1609060488.678796530,20.461000,2001,100,0.055000
1609060488.679519653,22.679001,2011,101,0.055000
1609060488.703869104,21.940001,2000,101,0.055000
1609060488.728881359,9.712000,2001,102,0.055000
1609060488.729488850,19.771999,2011,100,0.055000
1609060488.778838634,20.469999,2000,100,0.056000
1609060488.803829432,21.978001,2001,101,0.055000
1609060488.828626156,10.392000,2000,102,0.055000
1609060488.853848934,20.612000,2001,100,0.055000
1609060488.854599714,22.535999,2011,101,0.055000
1609060488.878813744,21.799000,2000,101,0.055000
1609060488.879569292,10.218000,2010,102,0.024000
1609060488.903869629,9.652000,2001,102,0.055000
1609060488.904575586,19.945999,2011,100,0.055000
1609060488.953319550,20.400000,2000,100,10.536000
1609060488.978805304,22.027000,2001,101,0.055000
1609060489.003611565,10.357000,2000,102,0.055000
1609060489.028838873,20.729000,2001,100,0.055000
1609060489.029508352,22.405001,2011,101,0.055000
1609060489.053862333,21.635000,2000,101,0.055000
1609060489.078584433,9.571000,2001,102,0.055000
1609060489.079531193,19.993000,2011,100,0.055000
1609060489.153863668,21.886999,2001,101,0.055000
1609060489.178565264,10.299000,2000,102,0.055000
1609060489.203799248,20.844999,2001,100,0.055000
1609060489.303736925,20.848000,2000,100,0.055000
1609060489.304484606,22.441000,2010,101,0.055000
1609060489.328814983,21.750000,2001,101,0.055000
1609060489.353854418,10.389000,2000,102,0.055000
1609060489.378829718,20.976000,2001,100,0.055000
1609060489.379559517,22.070000,2011,101,0.055000
1609060489.403825760,21.349001,2000,101,0.055000
1609060489.404487610,10.018000,2010,102,0.055000
1609060489.428534746,9.481000,2001,102,0.055000
1609060489.429493189,20.295000,2011,100,0.055000
1609060489.478747129,20.990999,2000,100,0.055000
1609060489.479511976,22.268999,2010,101,0.055000
1609060489.503770351,21.570999,2001,101,0.055000
1609060489.528599501,10.254000,2000,102,0.055000
1609060489.553758383,21.117001,2001,100,0.055000
1609060489.578805447,21.207001,2000,101,0.055000
1609060489.579591513,10.024000,2010,102,0.055000
1609060489.603540897,9.491000,2001,102,0.055000
1609060489.653805256,21.094999,2000,100,0.268000
1609060489.654495001,22.105000,2010,101,0.055000
1609060489.678769827,21.416000,2001,101,0.055000
1609060489.678986549,9.941000,2011,102,0.268000
1609060489.703835964,10.307000,2000,102,0.055000
1609060489.704566956,20.558001,2010,100,0.056000
1609060489.728807449,21.226999,2001,100,0.055000
1609060489.731059074,21.847000,2011,101,0.055000
1609060489.753765583,21.045000,2000,101,0.024000
1609060489.754572392,9.961000,2010,102,0.055000
1609060489.778535128,9.476000,2001,102,0.055000
1609060489.779565096,20.573000,2011,100,0.055000
1609060489.853833914,21.263000,2001,101,0.055000
1609060489.878838301,10.348000,2000,102,0.055000
1609060489.903761387,21.396000,2001,100,0.055000
1609060489.928775787,20.938999,2000,101,0.055000
1609060489.929522514,9.945000,2010,102,0.024000
1609060489.953578234,9.481000,2001,102,0.055000
1609060489.954442739,20.705999,2011,100,0.055000
1609060490.003851891,21.517000,2000,100,0.056000
1609060490.028800964,21.115999,2001,101,0.055000
1609060490.029542923,10.724000,2011,102,0.055000
1609060490.053817749,10.337000,2000,102,0.055000
1609060490.054571867,20.809999,2010,100,0.056000
1609060490.078736305,21.507999,2001,100,0.055000
1609060490.079481125,21.801001,2011,101,0.055000
1609060490.103767395,20.754999,2000,101,0.055000
1609060490.104526281,9.928000,2010,102,0.055000
1609060490.128505230,9.509000,2001,102,0.055000
1609060490.129504681,20.780001,2011,100,0.055000
1609060490.178744078,21.702000,2000,100,0.055000
1609060490.179494858,21.625000,2010,101,0.024000
1609060490.203745604,21.009001,2001,101,0.055000
1609060490.204002142,9.991000,2011,102,0.268000
1609060490.228821754,10.381000,2000,102,0.055000
1609060490.253740549,21.622000,2001,100,0.055000
1609060490.278734922,20.613001,2000,101,0.024000
1609060490.279530287,9.958000,2010,102,0.055000
1609060490.303736448,9.527000,2001,102,0.055000
1609060490.304513693,20.934999,2011,100,0.055000
1609060490.353713751,21.907000,2000,100,0.056000
1609060490.354424000,21.480000,2010,101,0.055000
1609060490.378811836,20.865000,2001,101,0.055000
1609060490.403814077,10.445000,2000,102,0.055000
1609060490.404498100,21.025000,2010,100,0.055000
1609060490.428730011,21.715000,2001,100,0.055000
1609060490.453745365,20.448999,2000,101,0.055000
1609060490.454493761,10.045000,2010,102,0.055000
1609060490.478744745,9.675000,2001,102,0.024000
1609060490.528691530,21.725000,2000,100,0.055000
1609060490.553788900,20.726000,2001,101,0.055000
1609060490.578719616,10.513000,2000,102,0.055000
1609060490.579566479,21.087000,2010,100,0.056000
1609060490.603707314,21.809999,2001,100,0.055000
1609060490.628723860,20.378000,2000,101,0.055000
1609060490.629490852,10.126000,2010,102,0.055000
1609060490.653842211,9.730000,2001,102,0.055000
1609060490.703682184,21.861000,2000,100,0.055000
1609060490.704455853,21.277000,2010,101,0.055000
1609060490.728754759,20.582001,2001,101,0.055000
1609060490.753768206,10.569000,2000,102,0.055000
1609060490.754484653,21.181999,2010,100,0.056000
1609060490.778711796,21.903000,2001,100,0.055000
1609060490.803738117,20.202000,2000,101,0.055000
1609060490.828523874,9.702000,2001,102,0.055000
1609060490.829430580,21.243999,2011,100,0.055000
1609060490.878676891,21.941000,2000,100,0.055000
1609060490.879428864,21.108000,2010,101,0.055000
1609060490.903750181,20.441000,2001,101,0.055000
1609060490.928478956,10.537000,2000,102,0.055000
1609060490.929506779,21.327000,2010,100,0.056000
1609060490.953710318,22.051001,2001,100,0.055000
1609060490.954439163,21.156000,2011,101,0.055000
1609060490.978779316,20.066000,2000,101,0.055000
1609060490.979545355,10.201000,2010,102,0.055000
1609060491.003534079,9.701000,2001,102,0.055000
1609060491.004470110,21.347000,2011,100,0.055000
1609060491.053693056,22.108000,2000,100,0.055000
1609060491.078748703,20.285000,2001,101,0.055000
1609060491.103786469,10.675000,2000,102,0.055000
1609060491.104474306,21.392000,2010,100,0.056000
1609060491.128737688,22.152000,2001,100,0.055000
1609060491.129436493,20.187000,2011,101,0.268000
1609060491.153727293,19.906000,2000,101,0.055000
1609060491.178519487,9.707000,2001,102,0.055000
1609060491.179410458,21.462999,2011,100,0.055000
1609060491.228656054,22.226000,2000,100,0.055000
1609060491.253718376,20.112000,2001,101,0.055000
1609060491.278645277,10.640000,2000,102,0.024000
1609060491.303745985,22.361000,2001,100,0.055000
1609060491.328794718,19.757000,2000,101,0.024000
1609060491.329469681,10.150000,2010,102,0.055000
1609060491.353513002,9.698000,2001,102,0.055000
1609060491.354400158,21.660999,2011,100,0.055000
1609060491.403688908,22.412001,2000,100,0.055000
1609060491.404412270,20.587000,2010,101,0.055000
1609060491.453732014,10.584000,2000,102,0.024000
1609060491.454476595,21.761999,2010,100,0.056000
1609060491.478716850,22.523001,2001,100,0.055000
1609060491.503705740,19.521000,2000,101,0.055000
1609060491.528765917,9.759000,2001,102,0.055000
1609060491.529473782,21.868999,2011,100,0.055000
1609060491.578703165,22.615000,2000,100,0.055000
1609060491.579498768,20.417000,2010,101,0.055000
1609060491.603760958,19.724001,2001,101,0.055000
1609060491.628745556,10.614000,2000,102,0.055000
1609060491.629402161,22.021999,2010,100,0.056000
1609060491.653665304,22.732000,2001,100,0.055000
1609060491.654449463,20.103001,2011,101,0.055000
1609060491.678690195,19.304001,2000,101,0.055000
1609060491.679430485,10.072000,2010,102,0.055000
1609060491.703485250,9.652000,2001,102,0.055000
1609060491.704393387,22.073000,2011,100,0.055000
1609060491.753659487,22.796000,2000,100,0.056000
1609060491.754483700,20.205000,2010,101,0.055000
1609060491.778687239,19.500999,2001,101,0.055000
1609060491.803765774,10.588000,2000,102,0.055000
1609060491.853734016,19.105000,2000,101,0.055000
1609060491.854489565,10.065000,2010,102,0.055000
1609060491.878686190,9.667000,2001,102,0.024000
1609060491.879398346,22.298000,2011,100,0.055000
1609060491.928751469,23.277000,2000,100,0.056000
1609060491.929408550,19.971001,2010,101,0.055000
1609060491.953694344,19.302000,2001,101,0.055000
1609060491.978509665,10.522000,2000,102,0.055000
1609060491.978935242,22.388000,2010,100,0.268000
1609060492.003712893,23.422001,2001,100,0.055000
1609060492.004384756,19.986000,2011,101,0.055000
1609060492.028717279,18.917999,2000,101,0.055000
1609060492.029495001,9.981000,2010,102,0.055000
1609060492.053496599,9.637000,2001,102,0.055000
1609060492.054483891,22.492001,2011,100,0.024000
1609060492.103628397,23.299999,2000,100,0.055000
1609060492.128695965,19.070999,2001,101,0.055000
1609060492.153518200,10.460000,2000,102,0.055000
1609060492.154448509,22.673000,2010,100,0.055000
1609060492.178686619,23.368000,2001,100,0.024000
1609060492.179389000,19.775999,2011,101,0.055000
1609060492.203633547,18.695999,2000,101,0.055000
1609060492.228647232,9.603000,2001,102,0.055000
1609060492.229395151,22.693001,2011,100,0.024000
1609060492.278660059,23.785000,2000,100,0.055000
1609060492.279427052,19.510000,2010,101,0.024000
1609060492.303684711,18.912001,2001,101,0.055000
1609060492.328723431,10.490000,2000,102,0.055000
1609060492.329429150,22.996000,2010,100,0.056000
1609060492.353682518,23.542999,2001,100,0.055000
1609060492.354433060,19.212000,2011,101,0.056000
1609060492.378697157,18.503000,2000,101,0.055000
1609060492.379427195,9.950000,2010,102,0.055000
1609060492.403689384,9.651000,2001,102,0.055000
1609060492.404465914,22.830999,2011,100,0.055000
1609060492.453669548,23.549000,2000,100,0.055000
1609060492.454339981,19.436001,2010,101,0.055000
1609060492.478705168,18.742001,2001,101,0.055000
1609060492.503727674,10.613000,2000,102,0.055000
1609060492.528675318,42.113998,2001,100,0.055000
1609060492.529448271,19.082001,2011,101,0.056000
1609060492.553709745,18.348000,2000,101,0.024000
1609060492.578434467,9.688000,2001,102,0.055000
1609060492.579383850,23.023001,2011,100,0.055000
1609060492.653703690,18.545000,2001,101,0.055000
1609060492.678432465,10.592000,2000,102,0.024000
1609060492.679494619,23.539000,2010,100,0.056000
1609060492.703661203,23.850000,2001,100,0.055000
1609060492.728662014,18.174000,2000,101,0.024000
1609060492.729573727,9.997000,2010,102,0.055000
1609060492.753434896,9.755000,2001,102,0.055000
1609060492.754350424,23.176001,2011,100,0.055000
1609060492.803652287,23.951000,2000,100,0.056000
1609060492.828652620,18.414000,2001,101,0.024000
1609060492.853448391,10.719000,2000,102,0.024000
1609060492.854429960,42.473000,2010,100,0.056000
1609060492.878646135,23.978001,2001,100,0.024000
1609060492.903726816,18.068001,2000,101,0.055000
1609060492.929348707,23.266001,2011,100,0.055000
1609060492.979422092,18.917999,2010,101,0.055000
1609060493.003641605,18.225000,2001,101,0.055000
1609060493.028476954,10.788000,2000,102,0.055000
1609060493.029450893,23.427000,2010,100,0.056000
1609060493.053651094,24.091999,2001,100,0.055000
1609060493.054363489,18.646999,2011,101,0.268000
1609060493.078655481,17.875999,2000,101,0.055000
1609060493.079499483,10.129000,2010,102,0.055000
1609060493.103644848,9.958000,2001,102,0.055000
1609060493.104374647,23.388000,2011,100,0.055000
1609060493.178634882,18.075001,2001,101,0.055000
1609060493.203647614,10.911000,2000,102,0.055000
1609060493.204371929,23.933001,2010,100,0.056000
1609060493.228652477,24.065001,2001,100,0.055000
1609060493.229335785,18.544001,2011,101,0.056000
1609060493.253631830,17.735001,2000,101,0.024000
1609060493.254403830,10.278000,2010,102,0.024000
1609060493.278438091,10.046000,2001,102,0.024000
1609060493.279428482,23.542999,2011,100,0.055000
1609060493.353617668,17.965000,2001,101,0.024000
1609060493.378447533,11.017000,2000,102,0.055000
1609060493.403670549,24.311001,2001,100,0.055000
1609060493.404321909,18.320999,2011,101,0.024000
1609060493.453697443,10.227000,2001,102,0.055000
1609060493.454327106,23.672001,2011,100,0.055000
1609060493.503704071,24.431999,2000,100,0.056000
1609060493.504335880,18.481001,2010,101,0.055000
1609060493.528617859,17.812000,2001,101,0.024000
1609060493.554364204,61.428001,2010,100,0.056000
1609060493.578630924,24.476000,2001,100,0.055000
1609060493.603597641,17.476999,2000,101,0.055000
1609060493.604393005,10.415000,2010,102,0.055000
1609060493.628659248,10.254000,2001,102,0.055000
1609060493.678704262,24.514000,2000,100,0.056000
1609060493.679328203,18.302999,2010,101,0.055000
1609060493.703588247,17.632999,2001,101,0.055000
1609060493.728873014,23.980000,2010,100,10.536000
1609060493.753572702,24.641001,2001,100,0.055000
1609060493.778733492,17.283001,2000,101,0.055000
1609060493.779445887,10.442000,2010,102,0.055000
1609060493.804332972,23.999001,2011,100,0.055000
1609060493.878605604,17.461000,2001,101,0.055000
1609060493.903838396,24.591000,2010,100,10.536000
1609060493.928600073,24.849001,2001,100,0.055000
1609060493.929318190,17.799999,2011,101,0.055000
1609060493.953640699,17.020000,2000,101,0.055000
1609060493.954413891,10.582000,2010,102,0.055000
1609060493.978648424,10.397000,2001,102,0.055000
1609060493.979351044,24.239000,2011,100,0.055000
1609060494.028584719,24.889999,2000,100,0.056000
1609060494.029307842,17.834000,2010,101,0.055000
1609060494.053585291,17.150999,2001,101,0.055000
1609060494.079372883,24.789000,2010,100,0.055000
1609060494.103608847,25.069000,2001,100,0.055000
1609060494.128599167,16.792999,2000,101,0.055000
1609060494.130588055,10.634000,2010,102,0.055000
1609060494.153625250,10.453000,2001,102,0.055000
1609060494.154334784,24.441999,2011,100,0.055000
1609060494.204355240,17.621000,2010,101,0.055000
1609060494.228605747,16.934999,2001,101,0.055000
1609060494.253585577,11.764000,2000,102,0.055000
1609060494.254350185,24.926001,2010,100,0.268000
1609060494.278633356,25.312000,2001,100,0.055000
1609060494.279361963,17.410999,2011,101,0.055000
1609060494.303594351,16.577000,2000,101,0.024000
1609060494.304367065,10.634000,2010,102,0.024000
1609060494.328393459,10.512000,2001,102,0.055000
1609060494.329315424,24.690001,2011,100,0.055000
1609060494.378562689,25.475000,2000,100,0.056000
1609060494.403578520,16.672001,2001,101,0.055000
1609060494.453556776,25.559000,2001,100,0.055000
1609060494.478670597,16.302000,2000,101,0.055000
1609060494.479399443,10.708000,2010,102,0.055000
1609060494.503605843,10.584000,2001,102,0.055000
1609060494.504317760,24.885000,2011,100,0.268000
1609060494.553569317,25.261000,2000,100,0.268000
1609060494.554300547,17.107000,2010,101,0.055000
1609060494.578599930,16.389000,2001,101,0.055000
1609060494.604356289,25.128000,2010,100,0.056000
1609060494.653620005,16.039000,2000,101,0.055000
1609060494.654336214,10.736000,2010,102,0.055000
1609060494.678581238,10.658000,2001,102,0.024000
1609060494.679270744,25.240999,2011,100,0.055000
1609060494.728584766,25.783001,2000,100,0.268000
1609060494.729305983,16.789000,2010,101,0.055000
1609060494.753611088,16.077000,2001,101,0.055000
1609060494.778871298,25.316000,2010,100,0.268000
1609060494.803580046,26.143999,2001,100,0.055000
1609060494.828589439,15.726000,2000,101,0.055000
1609060494.829373598,10.786000,2010,102,0.055000
1609060494.853604555,10.782000,2001,102,0.055000
1609060494.854604006,25.517000,2011,100,0.055000
1609060494.903555155,26.510000,2000,100,0.055000
1609060494.904338837,16.524000,2010,101,0.055000
1609060494.928554058,15.777000,2001,101,0.024000
1609060494.954337835,25.760000,2010,100,0.055000
1609060494.978602648,26.518000,2001,100,0.055000
1609060494.978837013,15.914000,2011,101,0.268000
1609060495.003566742,15.478001,2000,101,0.055000
1609060495.004354477,10.861000,2010,102,0.024000
1609060495.028553009,10.866000,2001,102,0.055000
1609060495.029275656,25.719000,2011,100,0.268000
1609060495.078537703,26.511999,2000,100,0.055000
1609060495.079266071,16.237000,2010,101,0.055000
1609060495.103586435,15.504999,2001,101,0.055000
1609060495.153548241,26.698000,2001,100,0.024000
1609060495.154256821,15.896000,2011,101,0.268000
1609060495.178604603,15.113000,2000,101,0.024000
1609060495.179364204,10.972000,2010,102,0.055000
1609060495.204309464,26.111000,2011,100,0.055000
1609060495.253549576,26.801001,2000,100,0.056000
1609060495.254266739,15.944000,2010,101,0.055000
1609060495.278549910,15.200000,2001,101,0.055000
1609060495.328557014,27.027000,2001,100,0.055000
1609060495.329253674,15.709000,2011,101,0.055000
1609060495.353533983,14.858000,2000,101,0.055000
1609060495.354322672,11.048000,2010,102,0.055000
1609060495.378542185,11.080000,2001,102,0.055000
1609060495.379281044,26.410000,2011,100,0.055000
1609060495.428731918,27.434000,2000,100,0.055000
1609060495.429257870,15.608000,2010,101,0.024000
1609060495.453585625,14.901000,2001,101,0.024000
1609060495.479387999,26.573000,2010,100,0.056000
1609060495.503514528,27.337999,2001,100,0.024000
1609060495.528567076,14.596000,2000,101,0.055000
1609060495.529313326,11.169000,2010,102,0.055000
1609060495.553548574,11.146000,2001,102,0.055000
1609060495.554418087,26.679001,2011,100,0.055000
1609060495.603597879,27.430000,2000,100,0.056000
1609060495.604244232,15.341000,2010,101,0.055000
1609060495.628546715,14.606000,2001,101,0.055000
1609060495.654274940,26.908001,2010,100,0.056000
1609060495.678539753,27.646999,2001,100,0.055000
1609060495.703524590,14.256000,2000,101,0.055000
1609060495.704281330,11.218000,2010,102,0.055000
1609060495.729287624,26.773001,2011,100,0.268000
1609060495.779311657,14.975000,2010,101,0.055000
1609060495.803515196,14.263000,2001,101,0.055000
1609060495.829326630,27.219000,2010,100,0.056000
1609060495.853548050,27.945999,2001,100,0.055000
1609060495.879289389,11.278000,2010,102,0.055000
1609060495.903536081,11.406000,2001,102,0.055000
1609060495.904320955,45.598000,2011,100,0.056000
1609060495.978721619,14.030000,2001,101,0.055000
1609060496.028538704,36.028000,2001,100,0.056000
1609060496.053572178,13.731000,2000,101,0.024000
1609060496.054456711,11.370000,2010,102,0.055000
1609060496.078538418,11.481000,2001,102,0.055000
1609060496.129212856,14.482000,2010,101,0.055000
1609060496.153521061,13.707000,2001,101,0.055000
1609060496.154330015,12.278000,2011,102,0.024000
1609060496.203514814,28.520000,2001,100,0.055000
1609060496.228510141,13.403000,2000,101,0.055000
1609060496.229353428,11.502000,2010,102,0.055000
1609060496.254231215,27.848000,2011,100,0.055000
1609060496.303539753,28.631001,2000,100,0.056000
1609060496.304228067,14.137000,2010,101,0.055000
1609060496.328600883,13.444000,2001,101,0.055000
1609060496.354277611,28.000000,2010,100,0.056000
1609060496.378528595,28.806999,2001,100,0.055000
1609060496.379236937,13.932000,2011,101,0.055000
1609060496.403528214,13.176000,2000,101,0.055000
1609060496.404291630,11.561000,2010,102,0.055000
1609060496.428530931,11.712000,2001,102,0.055000
1609060496.429257154,46.138000,2011,100,0.056000
1609060496.478480577,28.934000,2000,100,0.055000
1609060496.479194403,13.861000,2010,101,0.024000
1609060496.503512859,13.239000,2001,101,0.055000
1609060496.529299974,28.247999,2010,100,10.536000
1609060496.553527117,29.063999,2001,100,0.055000
1609060496.578508139,12.929000,2000,101,0.024000
1609060496.579408169,11.611000,2010,102,0.055000
1609060496.603489399,11.824000,2001,102,0.055000
1609060496.604216337,28.409000,2011,100,0.056000
1609060496.653481007,29.184000,2000,100,0.055000
1609060496.654366016,13.711000,2010,101,0.055000
1609060496.678561211,12.970000,2001,101,0.055000
1609060496.728489399,29.288000,2001,100,0.055000
1609060496.753534079,12.676000,2000,101,0.024000
1609060496.754220486,11.731000,2010,102,0.024000
1609060496.778480053,11.909000,2001,102,0.055000
1609060496.779303312,28.591999,2011,100,0.056000
1609060496.828497410,29.389000,2000,100,0.055000
1609060496.829221249,13.412000,2010,101,0.055000
1609060496.853489399,12.811000,2001,101,0.055000
1609060496.853792667,12.061000,2011,102,0.268000
1609060496.878481627,12.822000,2000,102,0.024000
1609060496.879289627,46.220001,2010,100,0.056000
1609060496.903515577,29.487000,2001,100,0.055000
1609060496.928508043,12.403000,2000,101,0.024000
1609060496.929275751,11.818000,2010,102,0.055000
1609060496.954213381,42.361000,2011,100,0.056000
1609060497.003500462,29.597000,2000,100,0.055000
1609060497.028539658,12.632000,2001,101,0.055000
1609060497.029231310,12.652000,2011,102,0.024000
1609060497.054297686,28.898001,2010,100,0.056000
1609060497.078500032,29.653999,2001,100,0.055000
1609060497.079210997,13.065000,2011,101,0.055000
1609060497.103504181,12.317000,2000,101,0.024000
1609060497.104237556,11.890000,2010,102,0.055000
1609060497.128465414,12.068000,2001,102,0.055000
1609060497.129257441,46.333000,2011,100,0.056000
1609060497.178560734,29.215000,2000,100,10.536000
1609060497.179313660,13.100000,2010,101,0.024000
1609060497.203533888,12.442000,2001,101,0.055000
1609060497.203740597,12.207000,2011,102,0.268000
1609060497.229274511,18.080000,2010,100,0.056000
1609060497.253654242,29.773001,2001,100,0.055000
1609060497.254239082,12.879000,2011,101,0.024000
1609060497.278480053,12.159000,2000,101,0.055000
1609060497.279285431,11.918000,2010,102,0.055000
1609060497.304243326,42.507999,2011,100,0.056000
1609060497.378509283,12.316000,2001,101,0.055000
1609060497.378802299,12.181000,2011,102,0.268000
1609060497.428476095,29.971001,2001,100,0.055000
1609060497.453458071,11.997000,2000,101,0.055000
1609060497.454220295,12.020000,2010,102,0.055000
1609060497.479194403,29.268999,2011,100,0.055000
1609060497.528537989,29.971001,2000,100,0.056000
1609060497.529175520,12.873000,2010,101,0.055000
1609060497.553297758,12.167000,2001,101,0.055000
1609060497.554213047,12.804000,2011,102,0.055000
1609060497.579332352,29.419001,2010,100,0.056000
1609060497.603472471,30.121000,2001,100,0.055000
1609060497.628456354,11.888000,2000,101,0.024000
1609060497.629143000,12.086000,2010,102,0.055000
1609060497.654267073,29.415001,2011,100,0.055000
1609060497.703531504,30.112000,2000,100,0.056000
1609060497.704182386,12.660000,2010,101,0.055000
1609060497.728472233,12.027000,2001,101,0.055000
1609060497.729296207,12.899000,2011,102,0.055000
1609060497.754204273,29.584000,2010,100,0.056000
1609060497.778523922,47.264000,2001,100,0.056000
1609060497.878497362,29.846001,2000,100,0.268000
1609060497.879328489,12.509000,2010,101,0.024000
1609060497.903509617,11.952000,2001,101,0.024000
1609060497.904329538,12.966000,2011,102,0.055000
1609060497.929217577,46.865002,2010,100,0.056000
1609060497.953462362,47.375000,2001,100,0.056000
1609060498.004220009,29.705000,2011,100,0.056000
1609060498.053507328,30.530001,2000,100,0.268000
1609060498.054201126,12.407000,2010,101,0.055000
1609060498.078466415,11.708000,2001,101,0.055000
1609060498.078762293,12.532000,2011,102,0.268000
1609060498.128418207,30.523001,2001,100,0.024000
1609060498.153480768,11.393000,2000,101,0.055000
1609060498.154252768,12.239000,2010,102,0.055000
1609060498.179183960,29.940001,2011,100,0.055000
1609060498.228458405,30.743999,2000,100,0.056000
1609060498.229179859,12.198000,2010,101,0.055000
1609060498.253559113,11.571000,2001,101,0.055000
1609060498.253769875,12.643000,2011,102,0.268000
1609060498.278773546,63.803001,2010,100,10.536000
1609060498.303522110,30.830000,2001,100,0.055000
1609060498.328458548,11.232000,2000,101,0.024000
1609060498.329245567,12.345000,2010,102,0.055000
1609060498.354179144,30.063000,2011,100,0.055000
1609060498.403434277,30.789000,2000,100,10.536000
1609060498.428232908,11.376000,2001,101,0.055000
1609060498.429202795,13.199000,2011,102,0.024000
1609060498.454178333,47.251999,2010,100,0.056000
1609060498.478429079,30.877001,2001,100,0.056000
1609060498.503469229,11.104000,2000,101,0.055000
1609060498.504307032,12.441000,2010,102,0.055000
1609060498.578468323,31.208000,2000,100,0.056000
1609060498.579150200,11.914000,2010,101,0.055000
1609060498.603312492,11.244000,2001,101,0.055000
1609060498.629179716,47.402000,2010,100,0.056000
1609060498.653495312,31.035999,2001,100,0.055000
1609060498.679196119,12.532000,2010,102,0.055000
1609060498.704169273,30.351000,2011,100,0.055000
1609060498.753418684,31.084000,2000,100,0.055000
1609060498.754120827,11.792000,2010,101,0.055000
1609060498.778511286,11.124000,2001,101,0.055000
1609060498.779221535,13.381000,2011,102,0.055000
1609060498.828418016,31.197001,2001,100,0.055000
1609060498.853421211,10.781000,2000,101,0.024000
1609060498.854186058,12.642000,2010,102,0.055000
1609060498.879161835,30.552000,2011,100,0.055000
1609060498.928380489,31.289001,2000,100,0.055000
1609060498.929117680,11.548000,2010,101,0.024000
1609060498.953509331,10.920000,2001,101,0.055000
1609060498.953681707,12.941000,2011,102,0.268000
1609060498.979262352,30.671000,2010,100,0.056000
1609060499.028418541,10.608000,2000,101,0.055000
1609060499.029326439,12.728000,2010,102,0.055000
1609060499.054182529,30.733000,2011,100,0.055000
1609060499.103397369,31.443001,2000,100,0.055000
1609060499.104117393,11.405000,2010,101,0.055000
1609060499.128509283,10.764000,2001,101,0.055000
1609060499.129190922,13.567000,2011,102,0.024000
1609060499.178497076,31.511002,2001,100,0.056000
1609060499.179148436,11.068000,2011,101,0.055000
1609060499.203453541,10.414000,2000,101,0.055000
1609060499.204194307,12.867000,2010,102,0.055000
1609060499.229175329,30.926001,2011,100,0.055000
1609060499.303429365,10.574000,2001,101,0.055000
1609060499.304208517,13.640000,2011,102,0.024000
1609060499.353466511,31.812000,2001,100,0.055000
1609060499.378412724,10.165000,2000,101,0.055000
1609060499.404111385,31.072001,2011,100,0.055000
1609060499.453407288,21.600000,2000,100,10.536000
1609060499.478522539,10.333000,2001,101,0.055000
1609060499.479228735,13.713000,2011,102,0.055000
1609060499.528440475,32.202999,2001,100,0.055000
1609060499.553439379,9.994000,2000,101,0.055000
1609060499.554177761,13.098000,2010,102,0.055000
1609060499.579163074,31.373001,2011,100,0.055000
1609060499.628543139,32.202999,2000,100,0.056000
1609060499.653453827,10.125000,2001,101,0.055000
1609060499.654151917,13.905000,2011,102,0.055000
1609060499.679196835,31.539001,2010,100,0.056000
1609060499.703415632,32.223000,2001,100,0.055000
1609060499.728389978,9.791000,2000,101,0.055000
1609060499.728881359,13.139000,2010,102,0.055000
1609060499.754176378,31.549000,2011,100,0.055000
1609060499.803400993,32.338001,2000,100,0.055000
1609060499.804115057,10.542000,2010,101,0.024000
1609060499.828433752,9.925000,2001,101,0.055000
1609060499.829151630,13.978000,2011,102,0.055000
1609060499.854117632,48.452999,2010,100,0.055000
1609060499.878418207,32.436001,2001,100,0.055000
1609060499.903433084,9.552000,2000,101,0.055000
1609060499.903857708,13.269000,2010,102,0.055000
1609060499.929113865,31.798000,2011,100,0.055000
1609060499.978401899,32.582001,2000,100,0.055000
1609060499.979116201,10.392000,2010,101,0.055000
1609060500.003401995,9.780000,2001,101,0.055000
1609060500.004136324,14.036000,2011,102,0.055000
1609060500.029228210,31.976002,2010,100,0.056000
1609060500.053405762,32.632000,2001,100,0.024000
1609060500.078392744,9.376000,2000,101,0.055000
1609060500.078861237,13.365000,2010,102,0.024000
1609060500.104180336,48.486000,2011,100,10.536000
1609060500.153358698,32.737000,2000,100,0.055000
1609060500.154117584,10.187000,2010,101,0.055000
1609060500.178452730,9.571000,2001,101,0.055000
1609060500.179154396,14.139000,2011,102,0.055000
1609060500.203604460,48.585999,2010,100,10.536000
1609060500.228385210,32.814999,2001,100,0.055000
1609060500.253419161,9.206000,2000,101,0.055000
1609060500.254166603,13.464000,2010,102,0.055000
1609060500.279206514,32.113998,2011,100,0.055000
1609060500.328372478,32.855999,2000,100,0.055000
1609060500.328907967,10.061000,2010,101,0.055000
1609060500.353496552,9.438000,2001,101,0.055000
1609060500.354156256,14.259000,2011,102,0.055000
1609060500.379146099,31.966000,2010,100,10.536000
1609060500.403389215,32.956001,2001,100,0.024000
1609060500.428371429,9.053000,2000,101,0.055000
1609060500.428855658,13.509000,2010,102,0.055000
1609060500.454099655,49.187000,2011,100,0.056000
1609060500.503347158,33.063999,2000,100,0.055000
1609060500.504140854,9.892000,2010,101,0.055000
1609060500.528416872,9.332000,2001,101,0.024000
1609060500.529104710,14.366000,2011,102,0.055000
1609060500.554202318,32.362999,2010,100,0.268000
1609060500.578372955,33.049000,2001,100,0.055000
1609060500.603354692,8.967000,2000,101,0.055000
1609060500.603878260,13.578000,2010,102,0.055000
1609060500.628384590,13.969000,2001,102,0.055000
1609060500.629097700,32.301998,2011,100,0.055000
1609060500.678361654,33.181999,2000,100,0.055000
1609060500.679117203,9.774000,2010,101,0.055000
1609060500.703469515,9.213000,2001,101,0.055000
1609060500.704170227,14.384000,2011,102,0.055000
1609060500.729169369,32.438000,2010,100,10.536000
1609060500.753357649,33.174999,2001,100,0.055000
1609060500.778412342,8.822000,2000,101,0.055000
1609060500.803394079,14.026000,2001,102,0.024000
1609060500.804139137,32.445999,2011,100,0.056000
1609060500.853316069,33.212002,2000,100,0.055000
1609060500.878455639,9.116000,2001,101,0.055000
1609060500.879217386,14.409000,2011,102,0.024000
1609060500.903390169,14.474000,2000,102,0.268000
1609060500.904138565,32.445999,2010,100,0.129000
1609060500.928348303,33.241001,2001,100,0.055000
1609060500.953347445,8.736000,2000,101,0.055000
1609060500.954064131,13.717000,2010,102,0.055000
1609060500.979132175,32.498001,2011,100,0.055000
1609060501.029043913,9.636000,2010,101,0.055000
1609060501.053149462,8.990000,2001,101,0.024000
1609060501.054143667,14.450000,2011,102,0.055000
1609060501.079089880,32.631001,2010,100,0.056000
1609060501.103336811,33.259998,2001,100,10.536000
1609060501.128341436,8.645000,2000,101,0.055000
1609060501.129154205,13.756000,2010,102,0.055000
1609060501.154059649,32.609001,2011,100,0.056000
1609060501.203336239,33.285999,2000,100,0.056000
1609060501.204098940,9.516000,2010,101,0.055000
1609060501.228143930,8.876000,2001,101,0.024000
1609060501.229049683,14.518000,2011,102,0.055000
1609060501.278284311,33.388000,2001,100,0.055000
1609060501.303348303,8.567000,2000,101,0.055000
1609060501.304055691,13.790000,2010,102,0.055000
1609060501.329127789,32.674000,2011,100,0.055000
1609060501.378395557,33.653999,2000,100,0.268000
1609060501.379059553,9.437000,2010,101,0.055000
1609060501.403441668,8.876000,2001,101,0.055000
1609060501.404135227,14.540000,2011,102,0.055000
1609060501.428574085,48.785000,2010,100,10.536000
1609060501.453413010,33.474998,2001,100,0.056000
1609060501.478326559,8.483000,2000,101,0.055000
1609060501.479030848,13.830000,2010,102,0.055000
1609060501.504055262,32.758999,2011,100,0.056000
1609060501.553311110,33.748001,2000,100,0.268000
1609060501.553815842,9.365000,2010,101,0.024000
1609060501.578372002,8.796000,2001,101,0.055000
1609060501.579128027,14.582000,2011,102,0.055000
1609060501.653329372,8.394000,2000,101,0.055000
1609060501.654047966,13.829000,2010,102,0.055000
1609060501.679035664,32.742001,2011,100,0.055000
1609060501.728369951,33.805000,2000,100,0.268000
1609060501.729217291,9.274000,2010,101,0.024000
1609060501.753149033,8.590000,2001,101,0.055000
1609060501.754107714,14.578000,2011,102,0.055000
1609060501.779083967,32.907001,2010,100,0.055000
1609060501.803303003,33.629002,2001,100,0.268000
1609060501.828298330,8.324000,2000,101,0.055000
1609060501.829004765,13.915000,2010,102,0.055000
1609060501.854091644,32.929001,2011,100,0.055000
1609060501.903427601,33.847000,2000,100,0.056000
1609060501.903804302,9.207000,2010,101,0.055000
1609060501.928368807,8.555000,2001,101,0.055000
1609060501.929093122,14.645000,2011,102,0.055000
1609060501.954082727,33.321999,2010,100,0.055000
1609060501.978309631,33.778000,2001,100,0.056000
1609060502.003299475,8.182000,2000,101,0.024000
1609060502.004000902,13.969000,2010,102,0.055000
1609060502.029024601,33.040001,2011,100,0.024000
1609060502.078276634,33.854000,2000,100,0.055000
1609060502.103368998,8.463000,2001,101,0.055000
1609060502.103811502,14.648000,2011,102,0.055000
1609060502.128292561,15.095000,2000,102,0.055000
1609060502.129035473,33.188000,2010,100,0.055000
1609060502.153308392,33.853001,2001,100,0.055000
1609060502.178290606,8.078000,2000,101,0.055000
1609060502.179071426,14.025000,2010,102,0.055000
1609060502.204140186,33.139000,2011,100,0.055000
1609060502.253286362,33.973000,2000,100,0.055000
1609060502.254020214,8.973000,2010,101,0.055000
1609060502.278359175,8.372000,2001,101,0.055000
1609060502.279125690,14.734000,2011,102,0.055000
1609060502.304022074,33.241001,2010,100,0.056000
1609060502.328319788,33.970001,2001,100,0.055000
1609060502.353341579,7.996000,2000,101,0.055000
1609060502.354006767,14.064000,2010,102,0.055000
1609060502.379121065,33.208000,2011,100,0.056000
1609060502.428318024,34.026001,2000,100,0.055000
1609060502.453408241,8.251000,2001,101,0.055000
1609060502.453773022,14.736000,2011,102,0.055000
1609060502.478985071,32.974998,2010,100,0.268000
1609060502.503357410,34.001999,2001,100,0.055000
1609060502.528289795,7.960000,2000,101,0.055000
1609060502.529141188,14.102000,2010,102,0.024000
1609060502.554014444,33.270000,2011,100,0.056000
1609060502.603272915,34.036999,2000,100,0.055000
1609060502.628390789,8.230000,2001,101,0.055000
1609060502.628761292,14.772000,2011,102,0.055000
1609060502.678261280,34.051998,2001,100,0.055000
1609060502.703323364,7.901000,2000,101,0.055000
1609060502.703976393,14.100000,2010,102,0.055000
1609060502.729018688,49.923000,2011,100,0.055000
1609060502.778275967,34.076000,2000,100,0.055000
1609060502.778921843,8.778000,2010,101,0.055000
1609060502.803352833,8.151000,2001,101,0.024000
1609060502.804087162,14.835000,2011,102,0.055000
1609060502.829111099,49.544998,2010,100,0.055000
1609060502.853300571,34.084999,2001,100,0.055000
1609060502.878266335,7.818000,2000,101,0.055000
1609060502.878953457,14.162000,2010,102,0.055000
1609060502.904047489,49.939999,2011,100,0.055000
1609060502.953323126,34.109001,2000,100,0.055000
1609060502.978311777,8.186000,2001,101,0.055000
1609060502.979063034,14.824000,2011,102,0.055000
1609060503.003542185,49.492001,2010,100,0.268000
1609060503.028326988,50.132999,2001,100,0.055000
1609060503.053270340,7.780000,2000,101,0.055000
1609060503.054027557,14.178000,2010,102,0.055000
1609060503.078980446,33.363998,2011,100,0.055000
1609060503.128275871,34.112000,2000,100,0.056000
1609060503.129013777,8.779000,2010,101,0.055000
1609060503.153292656,8.118000,2001,101,0.055000
1609060503.153776407,14.845000,2011,102,0.055000
1609060503.178567410,33.097000,2010,100,0.129000
1609060503.203259230,50.112999,2001,100,0.056000
1609060503.228265285,7.753000,2000,101,0.055000
1609060503.228989124,14.207000,2010,102,0.055000
1609060503.253957987,33.403999,2011,100,0.055000
1609060503.328297853,8.077000,2001,101,0.024000
1609060503.329049349,14.926000,2011,102,0.055000
1609060503.353972673,33.451000,2010,100,0.055000
1609060503.378254890,66.166000,2001,100,0.055000
1609060503.403283834,7.744000,2000,101,0.024000
1609060503.403967857,14.230000,2010,102,0.055000
1609060503.428994417,49.983002,2011,100,0.055000
1609060503.479017973,8.701000,2010,101,0.055000
1609060503.503265142,8.037000,2001,101,0.055000
1609060503.503765821,14.898000,2011,102,0.055000
1609060503.528970242,49.716999,2010,100,0.024000
1609060503.553300381,66.198997,2001,100,0.055000
1609060503.578238964,7.668000,2000,101,0.055000
1609060503.579035044,14.225000,2010,102,0.055000
1609060503.603955984,33.418999,2011,100,0.055000
1609060503.653356314,34.136002,2000,100,0.056000
1609060503.653811693,8.575000,2010,101,0.055000
1609060503.678311825,7.988000,2001,101,0.055000
1609060503.678956032,14.894000,2011,102,0.055000
1609060503.703959942,65.867996,2010,100,0.055000
1609060503.728235960,66.202003,2001,100,0.055000
1609060503.753230810,7.602000,2000,101,0.055000
1609060503.753998041,14.298000,2010,102,0.055000
1609060503.779010296,66.688004,2011,100,0.055000
1609060503.828294039,34.213001,2000,100,0.056000
1609060503.829048157,8.549000,2010,101,0.055000
1609060503.853335381,7.877000,2001,101,0.024000
1609060503.853750706,14.941000,2011,102,0.055000
1609060503.903273344,66.278000,2001,100,0.055000
1609060503.928240538,7.538000,2000,101,0.055000
1609060503.928932905,14.344000,2010,102,0.055000
1609060503.953471184,65.997002,2011,100,0.268000
1609060504.003263235,51.063000,2000,100,0.056000
1609060504.004125834,8.488000,2010,101,0.055000
1609060504.028345823,7.849000,2001,101,0.055000
1609060504.028736115,15.054000,2011,102,0.055000
1609060504.053945541,65.915001,2010,100,0.055000
1609060504.078277826,66.318001,2001,100,0.055000
1609060504.103911161,14.386000,2010,102,0.055000
1609060504.128248453,14.775000,2001,102,0.055000
1609060504.128951311,66.744003,2011,100,0.055000
1609060504.178279400,34.368999,2000,100,0.056000
1609060504.179040432,8.396000,2010,101,0.055000
1609060504.203331947,7.755000,2001,101,0.055000
1609060504.203903437,15.061000,2011,102,0.024000
1609060504.228902817,66.067001,2010,100,0.055000
1609060504.253219366,66.345001,2001,100,0.055000
1609060504.278256655,7.425000,2000,101,0.055000
1609060504.279000759,14.420000,2010,102,0.055000
1609060504.303934336,66.863998,2011,100,0.055000
1609060504.353276730,34.410000,2000,100,0.055000
1609060504.378336430,7.780000,2001,101,0.055000
1609060504.378990889,15.017000,2011,102,0.055000
1609060504.403196335,15.078000,2000,102,0.268000
1609060504.403907776,66.123001,2010,100,0.055000
1609060504.428218365,50.382000,2001,100,0.055000
1609060504.453175783,7.368000,2000,101,0.055000
1609060504.453911781,14.451000,2010,102,0.055000
1609060504.478909016,66.830002,2011,100,0.055000
1609060504.528221607,34.508999,2000,100,0.055000
1609060504.553340912,7.661000,2001,101,0.055000
1609060504.553929806,15.095000,2011,102,0.055000
1609060504.578963995,66.094002,2010,100,0.055000
1609060504.603235245,66.412003,2001,100,0.055000
1609060504.628232002,7.329000,2000,101,0.055000
1609060504.628988743,14.458000,2010,102,0.055000
1609060504.653212547,14.893000,2001,102,0.055000
1609060504.653900623,66.839996,2011,100,0.055000
1609060504.703267813,34.499001,2000,100,0.055000
1609060504.703976631,8.332000,2010,101,0.055000
1609060504.728212357,7.706000,2001,101,0.055000
1609060504.728882551,15.119000,2011,102,0.055000
1609060504.753878355,66.107002,2010,100,0.055000
1609060504.778205633,66.389000,2001,100,0.055000
1609060504.803256512,7.299000,2000,101,0.055000
1609060504.803996325,14.486000,2010,102,0.055000
1609060504.828245878,14.869000,2001,102,0.055000
1609060504.828933477,66.847000,2011,100,0.055000
1609060504.878189564,34.567001,2000,100,0.055000
1609060504.878973961,8.303000,2010,101,0.055000
1609060504.903303385,7.634000,2001,101,0.024000
1609060504.903990746,15.129000,2011,102,0.024000
1609060504.928881168,66.084000,2010,100,0.055000
1609060504.953237295,66.360001,2001,100,0.055000
1609060504.978199720,7.301000,2000,101,0.055000
1609060504.978919268,14.462000,2010,102,0.055000
1609060505.003871679,66.759003,2011,100,0.055000
1609060505.053243399,34.543999,2000,100,0.055000
1609060505.078292608,7.624000,2001,101,0.055000
1609060505.078428030,14.813000,2011,102,0.268000
1609060505.103873491,66.008003,2010,100,0.055000
1609060505.128187656,66.291000,2001,100,0.055000
1609060505.153179407,7.245000,2000,101,0.055000
1609060505.153905869,14.500000,2010,102,0.055000
1609060505.178894997,66.811996,2011,100,0.055000
1609060505.228194952,34.523998,2000,100,0.056000
1609060505.228952169,8.235000,2010,101,0.024000
1609060505.253262758,7.575000,2001,101,0.024000
1609060505.253786325,14.849000,2011,102,0.268000
1609060505.278927565,66.056000,2010,100,0.055000
1609060505.303189754,66.338997,2001,100,0.055000
1609060505.328183651,7.261000,2000,101,0.055000
1609060505.328896999,14.451000,2010,102,0.055000
1609060505.353869200,66.863998,2011,100,0.055000
1609060505.403258324,34.566002,2000,100,0.056000
1609060505.403954744,8.236000,2010,101,0.055000
1609060505.428282976,7.625000,2001,101,0.055000
1609060505.428880453,15.099000,2011,102,0.055000
1609060505.453918457,66.014999,2010,100,0.055000
1609060505.478220940,50.435001,2001,100,0.055000
1609060505.503171921,7.250000,2000,101,0.055000
1609060505.503861666,14.445000,2010,102,0.055000
1609060505.528884411,66.813004,2011,100,0.055000
1609060505.578186750,50.889000,2000,100,0.056000
1609060505.603257179,7.681000,2001,101,0.024000
1609060505.603899002,15.028000,2011,102,0.055000
1609060505.628870249,65.938004,2010,100,0.055000
1609060505.653161287,66.209999,2001,100,0.055000
1609060505.678201914,7.302000,2000,101,0.024000
1609060505.678839922,14.374000,2010,102,0.055000
1609060505.703401089,66.415001,2011,100,0.268000
1609060505.753162146,33.955002,2000,100,10.536000
1609060505.778210878,7.644000,2001,101,0.055000
1609060505.778716087,14.981000,2011,102,0.055000
1609060505.803874493,65.934998,2010,100,0.055000
1609060505.828182459,66.250999,2001,100,0.055000
1609060505.853199482,7.271000,2000,101,0.055000
1609060505.853860378,14.378000,2010,102,0.055000
1609060505.878150940,14.882000,2001,102,0.024000
1609060505.878398895,66.196999,2011,100,0.268000
1609060505.953193426,7.616000,2001,101,0.055000
1609060505.953975677,15.207000,2011,102,0.055000
1609060505.978924036,65.990997,2010,100,0.024000
1609060506.003171921,66.276001,2001,100,0.055000
1609060506.028131962,7.275000,2000,101,0.024000
1609060506.028918982,14.371000,2010,102,0.055000
1609060506.053164244,15.041000,2001,102,0.055000
1609060506.103124380,34.641998,2000,100,0.056000
1609060506.127951145,7.562000,2001,101,0.024000
1609060506.128936052,15.195000,2011,102,0.055000
1609060506.153876305,65.956001,2010,100,0.055000
1609060506.178162336,66.128998,2001,100,0.055000
1609060506.203123093,7.284000,2000,101,0.055000
1609060506.203835011,14.366000,2010,102,0.055000
1609060506.228881836,66.612999,2011,100,0.055000
1609060506.303227663,7.646000,2001,101,0.055000
1609060506.303901911,14.992000,2011,102,0.055000
1609060506.328115940,15.608000,2000,102,0.055000
1609060506.353201628,66.055000,2001,100,0.056000
1609060506.378184319,7.251000,2000,101,0.024000
1609060506.378889322,14.360000,2010,102,0.055000
1609060506.403439999,65.586998,2011,100,0.268000
1609060506.453145266,34.712002,2000,100,0.056000
1609060506.453663826,8.210000,2010,101,0.055000
1609060506.478212833,7.628000,2001,101,0.055000
1609060506.478646994,15.004000,2011,102,0.024000
1609060506.528145313,66.198997,2001,100,0.055000
1609060506.553141832,7.240000,2000,101,0.055000
1609060506.553859472,14.348000,2010,102,0.055000
1609060506.578428030,66.336998,2011,100,0.268000
1609060506.628122568,34.757999,2000,100,0.055000
1609060506.653202057,7.624000,2001,101,0.055000
1609060506.653616190,15.008000,2011,102,0.055000
1609060506.678797960,65.889000,2010,100,0.055000
1609060506.703194618,34.713001,2001,100,0.055000
1609060506.728153706,7.260000,2000,101,0.024000
1609060506.728832960,14.352000,2010,102,0.055000
1609060506.753869534,66.615997,2011,100,0.055000
1609060506.803127050,34.771999,2000,100,0.055000
1609060506.828219652,7.800000,2001,101,0.055000
1609060506.828876257,14.986000,2011,102,0.055000
1609060506.853811741,65.964996,2010,100,0.055000
1609060506.878207445,34.696999,2001,100,0.024000
1609060506.903162956,7.210000,2000,101,0.055000
1609060506.904120445,14.405000,2010,102,0.055000
1609060506.928394556,66.334000,2011,100,0.268000
1609060506.978137255,34.743999,2000,100,0.024000
1609060506.978882790,8.190000,2010,101,0.055000
1609060507.003253460,7.590000,2001,101,0.055000
1609060507.003880024,15.207000,2011,102,0.055000
1609060507.028846264,65.978996,2010,100,0.024000
1609060507.053084135,34.756001,2001,100,0.055000
1609060507.078104019,7.185000,2000,101,0.055000
1609060507.078651905,14.402000,2010,102,0.055000
1609060507.103130817,14.869000,2001,102,0.024000
1609060507.103374481,66.309998,2011,100,0.268000
1609060507.153135300,34.733002,2000,100,0.055000
1609060507.178236723,7.601000,2001,101,0.055000
1609060507.178973436,15.129000,2011,102,0.055000
1609060507.203851700,66.027000,2010,100,0.055000
1609060507.228110552,34.785000,2001,100,0.055000
1609060507.253149748,7.195000,2000,101,0.055000
1609060507.253984928,14.435000,2010,102,0.055000
1609060507.278885126,50.368000,2011,100,0.055000
1609060507.328106642,34.757999,2000,100,0.055000
1609060507.328826666,8.142000,2010,101,0.055000
1609060507.353210449,7.581000,2001,101,0.055000
1609060507.353985310,15.181000,2011,102,0.024000
1609060507.378870487,66.002998,2010,100,0.055000
1609060507.403066635,34.790001,2001,100,0.055000
1609060507.428074598,7.170000,2000,101,0.055000
1609060507.428595543,14.446000,2010,102,0.024000
1609060507.453802109,34.088001,2011,100,0.055000
1609060507.503147364,34.799000,2000,100,0.055000
1609060507.528108120,7.519000,2001,101,0.055000
1609060507.528610468,15.055000,2011,102,0.055000
1609060507.553860903,33.993000,2010,100,0.268000
1609060507.578079224,34.819000,2001,100,0.055000
1609060507.603827000,14.466000,2010,102,0.055000
1609060507.628871918,50.448002,2011,100,0.024000
1609060507.678118229,34.787998,2000,100,0.055000
1609060507.703173876,7.454000,2001,101,0.055000
1609060507.703790426,15.080000,2011,102,0.024000
1609060507.728832722,34.060001,2010,100,0.268000
1609060507.753116131,34.841999,2001,100,0.055000
1609060507.778053522,7.090000,2000,101,0.055000
1609060507.778815985,14.485000,2010,102,0.055000
1609060507.803101063,14.890000,2001,102,0.055000
1609060507.803843498,50.476002,2011,100,0.024000
1609060507.853071928,34.860001,2000,100,0.055000
1609060507.853580236,8.120000,2010,101,0.055000
1609060507.878167629,7.482000,2001,101,0.055000
1609060507.878624201,15.111000,2011,102,0.055000
1609060507.903801203,34.138000,2010,100,0.055000
1609060507.928069592,34.874001,2001,100,0.055000
1609060507.953122377,7.102000,2000,101,0.024000
1609060507.953827620,14.490000,2010,102,0.055000
1609060507.978101015,14.912000,2001,102,0.024000
1609060507.978858471,34.174000,2011,100,0.055000
1609060508.028059483,34.846001,2000,100,0.055000
1609060508.053109407,7.465000,2001,101,0.055000
1609060508.053775787,15.045000,2011,102,0.055000
1609060508.078834534,50.006001,2010,100,0.268000
1609060508.103058338,34.859001,2001,100,0.055000
1609060508.128060579,7.062000,2000,101,0.024000
1609060508.128872395,14.502000,2010,102,0.055000
1609060508.153069496,14.894000,2001,102,0.055000
1609060508.153840780,34.188000,2011,100,0.055000
1609060508.203052282,34.903000,2000,100,0.055000
1609060508.228157997,7.649000,2001,101,0.024000
1609060508.228761911,15.069000,2011,102,0.055000
1609060508.278060436,34.912998,2001,100,0.055000
1609060508.303048134,7.083000,2000,101,0.055000
1609060508.303769827,14.454000,2010,102,0.055000
1609060508.328891039,34.210999,2011,100,0.055000
1609060508.378064156,34.915001,2000,100,0.055000
1609060508.403188229,7.653000,2001,101,0.024000
1609060508.403772354,15.105000,2011,102,0.055000
1609060508.428026199,15.296000,2000,102,0.056000
1609060508.453095675,34.930000,2001,100,0.055000
1609060508.478054523,7.051000,2000,101,0.055000
1609060508.478807926,14.450000,2010,102,0.055000
1609060508.503818750,50.410999,2011,100,0.055000
1609060508.553072691,34.970001,2000,100,0.055000
1609060508.578226089,7.649000,2001,101,0.055000
1609060508.578615665,15.099000,2011,102,0.055000
1609060508.603811026,50.153000,2010,100,0.055000
1609060508.628062725,34.895000,2001,100,0.055000
1609060508.653069973,7.060000,2000,101,0.055000
1609060508.653866768,14.473000,2010,102,0.055000
1609060508.678824663,34.203999,2011,100,0.055000
1609060508.728051186,34.908001,2000,100,0.055000
1609060508.753132820,7.476000,2001,101,0.055000
1609060508.753870010,15.089000,2011,102,0.055000
1609060508.777585268,15.220000,2000,102,0.268000
1609060508.802999973,34.901001,2001,100,0.055000
1609060508.828070641,7.055000,2000,101,0.055000
1609060508.828743458,14.471000,2010,102,0.055000
1609060508.853766918,34.193001,2011,100,0.055000
1609060508.928073645,7.461000,2001,101,0.024000
1609060508.928731203,15.061000,2011,102,0.055000
1609060508.952551126,25.058001,2000,102,0.129000
1609060508.953772068,50.025002,2010,100,0.055000
1609060508.978081703,34.902000,2001,100,0.055000
1609060509.002996922,7.086000,2000,101,0.055000
1609060509.003739595,14.523000,2010,102,0.055000
1609060509.028777361,34.231998,2011,100,0.055000
1609060509.103116274,7.656000,2001,101,0.055000
1609060509.103771210,15.089000,2011,102,0.055000
1609060509.127542019,26.320999,2000,102,2.399000
1609060509.177992821,7.085000,2000,101,0.024000
1609060509.178797007,14.499000,2010,102,0.055000
1609060509.253056049,29.358000,2000,100,0.056000
1609060509.278070450,7.416000,2001,101,0.024000
1609060509.278822422,15.101000,2011,102,0.055000
1609060509.353070974,7.050000,2000,101,0.055000
1609060509.353759527,14.443000,2010,102,0.055000
1609060509.453044176,7.416000,2001,101,0.055000
1609060509.453759432,15.128000,2011,102,0.055000
1609060509.503089428,34.897999,2001,100,0.055000
1609060509.528018951,7.063000,2000,101,0.055000
1609060509.528760433,14.510000,2010,102,0.055000
1609060509.603039742,34.956001,2000,100,0.056000
1609060509.628133535,7.666000,2001,101,0.055000
1609060509.628531456,15.167000,2011,102,0.055000
1609060509.653744221,50.183998,2010,100,0.055000
1609060509.678019762,34.928001,2001,100,0.055000
1609060509.703011513,7.097000,2000,101,0.024000
1609060509.703770638,14.505000,2010,102,0.055000
1609060509.728044033,14.994000,2001,102,0.024000
1609060509.728913069,50.365002,2011,100,0.056000
1609060509.778052330,34.950001,2000,100,0.056000
1609060509.778830528,8.217000,2010,101,0.055000
1609060509.803096294,7.674000,2001,101,0.055000
1609060509.803803682,15.193000,2011,102,0.055000
1609060509.828758001,65.920998,2010,100,0.055000
1609060509.853020668,34.928001,2001,100,0.055000
1609060509.878054619,7.069000,2000,101,0.055000
1609060509.878768682,14.492000,2010,102,0.055000
1609060509.903725863,50.511002,2011,100,0.024000
1609060509.953023911,34.919998,2000,100,0.055000
1609060509.953805685,8.265000,2010,101,0.055000
1609060509.978149414,7.676000,2001,101,0.055000
1609060509.978567600,15.069000,2011,102,0.055000
1609060510.003279924,65.245003,2010,100,0.268000
1609060510.028010368,34.936001,2001,100,0.055000
1609060510.053047419,7.087000,2000,101,0.055000
1609060510.053764582,14.493000,2010,102,0.055000
1609060510.078762054,50.464001,2011,100,0.055000
1609060510.127981186,34.924999,2000,100,0.055000
1609060510.128786564,8.294000,2010,101,0.055000
1609060510.153069496,7.460000,2001,101,0.055000
1609060510.153874397,15.107000,2011,102,0.055000
1609060510.178266764,65.574997,2010,100,0.268000
1609060510.202982187,34.925999,2001,100,0.055000
1609060510.227976322,7.132000,2000,101,0.055000
1609060510.228725195,14.482000,2010,102,0.055000
1609060510.253698826,50.174000,2011,100,0.268000
1609060510.302982569,34.912998,2000,100,0.055000
1609060510.303799868,8.266000,2010,101,0.055000
1609060510.328013420,7.562000,2001,101,0.055000
1609060510.328699112,15.092000,2011,102,0.055000
1609060510.352947950,15.731001,2000,102,0.055000
1609060510.353736401,65.985001,2010,100,0.055000
1609060510.377995014,34.935001,2001,100,0.055000
1609060510.402960300,7.118000,2000,101,0.024000
1609060510.403788805,14.473000,2010,102,0.024000
1609060510.428696632,34.217999,2011,100,0.055000
1609060510.477940798,34.916000,2000,100,0.055000
1609060510.478737354,8.312000,2010,101,0.055000
1609060510.503039598,7.616000,2001,101,0.024000
1609060510.503261805,14.798000,2011,102,0.268000
1609060510.527989864,15.523001,2000,102,0.055000
1609060510.528698206,34.178001,2010,100,0.268000
1609060510.553050756,34.933998,2001,100,0.055000
1609060510.577740908,7.170000,2000,101,0.024000
1609060510.578691721,14.379000,2010,102,0.055000
1609060510.603691578,34.212002,2011,100,0.055000
1609060510.653022289,34.966000,2000,100,0.055000
1609060510.677975893,7.516000,2001,101,0.055000
1609060510.678657532,15.027000,2011,102,0.055000
1609060510.702948570,15.525000,2000,102,0.055000
1609060510.703707933,33.884998,2010,100,0.268000
1609060510.728002310,34.933998,2001,100,0.024000
1609060510.752942324,7.178000,2000,101,0.024000
1609060510.753736734,14.410000,2010,102,0.024000
1609060510.778733015,34.188000,2011,100,0.055000
1609060510.827970505,34.919998,2000,100,0.055000
1609060510.828731537,8.309000,2010,101,0.055000
1609060510.853041172,7.484000,2001,101,0.055000
1609060510.853711128,15.019000,2011,102,0.055000
1609060510.877948284,15.587999,2000,102,0.055000
1609060510.878655672,34.167999,2010,100,0.268000
1609060510.903003931,34.931999,2001,100,0.055000
1609060510.927946806,7.154000,2000,101,0.055000
1609060510.928653479,14.414000,2010,102,0.055000
1609060510.953697681,34.206001,2011,100,0.055000
1609060511.003020525,34.958000,2000,100,0.055000
1609060511.027768373,7.487000,2001,101,0.024000
1609060511.028650284,15.073000,2011,102,0.055000
1609060511.052931309,15.551001,2000,102,0.055000
1609060511.053611517,65.519997,2010,100,0.268000
1609060511.077943563,34.923000,2001,100,0.024000
1609060511.102955580,7.145000,2000,101,0.055000
1609060511.103663921,14.415000,2010,102,0.024000
1609060511.128690481,34.182999,2011,100,0.055000
1609060511.177959919,34.952999,2000,100,0.055000
1609060511.178705692,8.214000,2010,101,0.055000
1609060511.203024864,7.488000,2001,101,0.024000
1609060511.203665972,15.075000,2011,102,0.055000
1609060511.227964163,15.587000,2000,102,0.024000
1609060511.228734493,50.056000,2010,100,0.024000
1609060511.252981424,34.918999,2001,100,0.055000
1609060511.277959585,7.177000,2000,101,0.055000
1609060511.278760195,14.414000,2010,102,0.055000
1609060511.303673506,50.430000,2011,100,0.055000
1609060511.352972746,34.952000,2000,100,0.055000
1609060511.378056526,7.491000,2001,101,0.055000
1609060511.378664732,15.076000,2011,102,0.055000
1609060511.402926207,15.587000,2000,102,0.055000
1609060511.427971363,34.922001,2001,100,0.055000
1609060511.453035593,7.106000,2000,101,0.055000
1609060511.453666449,14.413000,2010,102,0.055000
1609060511.478650570,34.181999,2011,100,0.055000
1609060511.527961254,34.965000,2000,100,0.055000
1609060511.553042173,7.484000,2001,101,0.055000
1609060511.553655624,15.076000,2011,102,0.055000
1609060511.578725815,65.953003,2010,100,0.024000
1609060511.602938652,34.916000,2001,100,0.055000
1609060511.627929211,7.138000,2000,101,0.055000
1609060511.628817081,14.415000,2010,102,0.055000
1609060511.652902603,14.864000,2001,102,0.024000
1609060511.653702736,34.157001,2011,100,0.055000
1609060511.702896833,34.990002,2000,100,0.055000
1609060511.728003263,7.486000,2001,101,0.055000
1609060511.728651762,15.075000,2011,102,0.055000
1609060511.752900839,15.584000,2000,102,0.024000
1609060511.753677607,50.030998,2010,100,0.024000
1609060511.777974844,34.919998,2001,100,0.024000
1609060511.802896023,7.145000,2000,101,0.024000
1609060511.803658009,14.417000,2010,102,0.055000
1609060511.828638077,34.213001,2011,100,0.024000
1609060511.877922773,34.907001,2000,100,0.055000
1609060511.878714323,8.178000,2010,101,0.055000
1609060511.903020859,7.497000,2001,101,0.055000
1609060511.903691769,15.070000,2011,102,0.055000
1609060511.927877665,15.485001,2000,102,0.055000
1609060511.928660154,50.088001,2010,100,0.055000
1609060511.952901840,34.923000,2001,100,0.055000
1609060511.977897644,7.143000,2000,101,0.055000
1609060511.978672266,14.412000,2010,102,0.055000
1609060512.003627539,34.168999,2011,100,0.055000
1609060512.052932024,34.943001,2000,100,0.055000
1609060512.053434134,8.222000,2010,101,0.055000
1609060512.077743292,7.488000,2001,101,0.055000
1609060512.078794956,15.036000,2011,102,0.055000
1609060512.102985620,15.551001,2000,102,0.055000
1609060512.103707552,49.932999,2010,100,0.024000
1609060512.127928972,34.923000,2001,100,0.055000
1609060512.177933455,14.864000,2001,102,0.055000
1609060512.178759813,34.185001,2011,100,0.055000
1609060512.227877378,34.907001,2000,100,0.055000
1609060512.228640318,8.167000,2010,101,0.055000
1609060512.252721786,7.490000,2001,101,0.055000
1609060512.253689528,15.073000,2011,102,0.055000
1609060512.302941561,34.925999,2001,100,0.055000
1609060512.327878475,7.146000,2000,101,0.055000
1609060512.328693867,14.411000,2010,102,0.055000
1609060512.353664875,34.176998,2011,100,0.055000
1609060512.402870893,34.963001,2000,100,0.055000
1609060512.403683186,8.214000,2010,101,0.055000
1609060512.427934885,7.491000,2001,101,0.055000
1609060512.428654909,15.078000,2011,102,0.055000
1609060512.452927351,15.548000,2000,102,0.055000
1609060512.453701735,50.085999,2010,100,0.055000
1609060512.477877378,34.930000,2001,100,0.055000
1609060512.528623581,34.180000,2011,100,0.055000
1609060512.577898264,34.963001,2000,100,0.055000
1609060512.578443527,8.204000,2010,101,0.055000
1609060512.602958202,7.489000,2001,101,0.055000
1609060512.603723764,15.037000,2011,102,0.055000
1609060512.627878666,15.584999,2000,102,0.055000
1609060512.628615379,34.194000,2010,100,0.024000
1609060512.652928352,34.922001,2001,100,0.055000
1609060512.677910328,7.140000,2000,101,0.055000
1609060512.678632498,14.350000,2010,102,0.055000
1609060512.702877760,14.826000,2001,102,0.055000
1609060512.703597069,34.176998,2011,100,0.055000
1609060512.752891302,34.962002,2000,100,0.055000
1609060512.778001070,7.489000,2001,101,0.055000
1609060512.778682947,15.072000,2011,102,0.055000
1609060512.802886248,15.547001,2000,102,0.055000
1609060512.803181171,49.384998,2010,100,0.268000
1609060512.827874422,34.916000,2001,100,0.055000
1609060512.852888823,7.183000,2000,101,0.055000
1609060512.853679419,14.379000,2010,102,0.055000
1609060512.878629684,50.366001,2011,100,0.055000
1609060512.927874088,34.960999,2000,100,0.055000
1609060512.928368330,8.213000,2010,101,0.055000
1609060512.952923536,7.489000,2001,101,0.024000
1609060512.953634739,15.071000,2011,102,0.055000
1609060512.977880239,15.545000,2000,102,0.055000
1609060512.978641510,34.144001,2010,100,0.268000
1609060513.002869844,34.918999,2001,100,0.055000
1609060513.027854443,7.148000,2000,101,0.055000
1609060513.028617144,14.442000,2010,102,0.055000
1609060513.052851915,14.824000,2001,102,0.055000
1609060513.053571939,50.327999,2011,100,0.055000
1609060513.102883577,34.910000,2000,100,0.024000
1609060513.103595972,8.180000,2010,101,0.055000
1609060513.127924204,7.492000,2001,101,0.055000
1609060513.128688335,15.073000,2011,102,0.055000
1609060513.153646231,49.993000,2010,100,0.024000
1609060513.177886963,34.955002,2001,100,0.055000
1609060513.202858925,7.183000,2000,101,0.055000
1609060513.203606606,14.417000,2010,102,0.055000
1609060513.227846861,14.850000,2001,102,0.055000
1609060513.228655338,34.181000,2011,100,0.055000
1609060513.277848482,34.964001,2000,100,0.055000
1609060513.278452158,8.214000,2010,101,0.055000
1609060513.302990913,7.494000,2001,101,0.055000
1609060513.303634167,15.069000,2011,102,0.055000
1609060513.328571796,65.950996,2010,100,0.024000
1609060513.352856874,34.924000,2001,100,0.055000
1609060513.377851486,7.155000,2000,101,0.055000
1609060513.378655434,14.416000,2010,102,0.055000
1609060513.403605938,34.180000,2011,100,0.055000
1609060513.452847719,34.922001,2000,100,0.055000
1609060513.453620672,8.221000,2010,101,0.055000
1609060513.477691650,7.525000,2001,101,0.024000
1609060513.478564024,15.068000,2011,102,0.055000
1609060513.503679037,49.847000,2010,100,0.268000
1609060513.527841330,34.914001,2001,100,0.024000
1609060513.552843571,7.142000,2000,101,0.055000
1609060513.553582907,14.371000,2010,102,0.055000
1609060513.578633070,34.165001,2011,100,0.055000
1609060513.627818346,34.910999,2000,100,0.024000
1609060513.628584623,8.183000,2010,101,0.055000
1609060513.652972221,7.485000,2001,101,0.055000
1609060513.653588772,15.073000,2011,102,0.055000
1609060513.677835464,15.586000,2000,102,0.055000
1609060513.678652763,33.877998,2010,100,0.268000
1609060513.702826262,34.916000,2001,100,0.055000
1609060513.727832317,7.180000,2000,101,0.055000
1609060513.728669405,14.415000,2010,102,0.055000
1609060513.752864122,14.854000,2001,102,0.055000
1609060513.753599882,34.212002,2011,100,0.024000
1609060513.802813292,34.963001,2000,100,0.055000
1609060513.827937841,7.486000,2001,101,0.055000
1609060513.828631878,15.026000,2011,102,0.055000
1609060513.853579283,34.140999,2010,100,0.268000
1609060513.902839899,7.151000,2000,101,0.055000
1609060513.903666019,14.447000,2010,102,0.055000
1609060513.928573132,34.167999,2011,100,0.055000
1609060513.977847815,34.907001,2000,100,0.024000
1609060514.002872467,7.492000,2001,101,0.055000
1609060514.003616333,15.107000,2011,102,0.055000
1609060514.027818441,15.548000,2000,102,0.055000
1609060514.028571844,33.839001,2010,100,0.268000
1609060514.052824020,34.912998,2001,100,0.055000
1609060514.077820301,7.193000,2000,101,0.055000
1609060514.078547478,14.372000,2010,102,0.024000
1609060514.103585482,50.330002,2011,100,0.055000
1609060514.152852058,34.950001,2000,100,0.024000
1609060514.153527975,8.182000,2010,101,0.055000
1609060514.177946806,7.529000,2001,101,0.055000
1609060514.178621054,15.076000,2011,102,0.055000
1609060514.203562498,50.085999,2010,100,0.055000
1609060514.227806568,34.914001,2001,100,0.055000
1609060514.252848625,7.187000,2000,101,0.055000
1609060514.253559828,14.414000,2010,102,0.055000
1609060514.277806282,14.852000,2001,102,0.055000
1609060514.278620005,34.172001,2011,100,0.055000
1609060514.327846050,34.958000,2000,100,0.055000
1609060514.352894068,7.706000,2001,101,0.055000
1609060514.353554487,15.072000,2011,102,0.055000
1609060514.377842665,15.583000,2000,102,0.055000
1609060514.378604650,34.202000,2010,100,0.268000
1609060514.402848721,34.915001,2001,100,0.055000
1609060514.427823067,7.152000,2000,101,0.055000
1609060514.428520918,14.413000,2010,102,0.055000
1609060514.452784300,14.860000,2001,102,0.055000
1609060514.453557968,34.171001,2011,100,0.055000
1609060514.502811432,34.952000,2000,100,0.055000
1609060514.527605534,7.484000,2001,101,0.055000
1609060514.528323889,15.071000,2011,102,0.055000
1609060514.553564310,34.094002,2010,100,0.268000
1609060514.577860117,34.916000,2001,100,0.055000
1609060514.602798223,7.151000,2000,101,0.055000
1609060514.603589773,14.410000,2010,102,0.024000
1609060514.627842903,14.859000,2001,102,0.055000
1609060514.628575325,34.140999,2011,100,0.055000
1609060514.677835703,34.910000,2000,100,0.055000
1609060514.702631712,7.530000,2001,101,0.055000
1609060514.703356981,15.066000,2011,102,0.055000
1609060514.728634119,34.141998,2010,100,0.268000
1609060514.752804995,34.910999,2001,100,0.055000
1609060514.777836800,7.148000,2000,101,0.055000
1609060514.778654337,14.409000,2010,102,0.055000
1609060514.803553820,34.138000,2011,100,0.055000
1609060514.852783442,34.959000,2000,100,0.055000
1609060514.877816677,7.486000,2001,101,0.024000
1609060514.878566742,15.106000,2011,102,0.024000
1609060514.902797461,15.539000,2000,102,0.055000
1609060514.903598785,49.855000,2010,100,0.268000
1609060514.927836895,34.917999,2001,100,0.055000
1609060514.952783823,7.180000,2000,101,0.024000
1609060514.953536987,14.402000,2010,102,0.055000
1609060514.977807522,14.821000,2001,102,0.055000
1609060514.978565931,50.293999,2011,100,0.055000
1609060515.027809381,34.956001,2000,100,0.055000
1609060515.052646875,7.523000,2001,101,0.055000
1609060515.053514481,15.075000,2011,102,0.055000
1609060515.078547716,34.062000,2010,100,0.055000
1609060515.102787256,34.915001,2001,100,0.024000
1609060515.127745390,7.148000,2000,101,0.055000
1609060515.128568411,14.374000,2010,102,0.055000
1609060515.152858257,14.849000,2001,102,0.055000
1609060515.153592825,34.102001,2011,100,0.055000
1609060515.202806711,34.959000,2000,100,0.055000
1609060515.203626633,8.322000,2010,101,0.055000
1609060515.227823496,7.490000,2001,101,0.055000
1609060515.228325129,15.073000,2011,102,0.055000
1609060515.252798557,15.554001,2000,102,0.024000
1609060515.253545523,34.132000,2010,100,0.268000
1609060515.277831316,34.919998,2001,100,0.024000
1609060515.302770853,7.149000,2000,101,0.024000
1609060515.303490400,14.407000,2010,102,0.055000
1609060515.328541994,50.332001,2011,100,0.055000
1609060515.377824545,34.914001,2000,100,0.055000
1609060515.402804613,7.481000,2001,101,0.055000
1609060515.403297901,15.073000,2011,102,0.024000
1609060515.428508043,34.147999,2010,100,0.268000
1609060515.452790022,34.921001,2001,100,0.055000
1609060515.478527308,14.447000,2010,102,0.055000
1609060515.502738953,14.858000,2001,102,0.055000
1609060515.503499746,50.334000,2011,100,0.055000
1609060515.552760839,34.921001,2000,100,0.055000
1609060515.553323507,8.218000,2010,101,0.055000
1609060515.577590942,7.528000,2001,101,0.055000
1609060515.578388929,15.073000,2011,102,0.055000
1609060515.603508234,34.182999,2010,100,0.055000
1609060515.627825022,34.882000,2001,100,0.055000
1609060515.652813673,7.119000,2000,101,0.024000
1609060515.653501272,14.415000,2010,102,0.055000
1609060515.678514957,50.403999,2011,100,0.055000
1609060515.727762222,34.952000,2000,100,0.055000
1609060515.728579998,8.324000,2010,101,0.055000
1609060515.752742052,7.480000,2001,101,0.055000
1609060515.753528118,15.076000,2011,102,0.055000
1609060515.777806044,15.544001,2000,102,0.055000
1609060515.778623343,34.147999,2010,100,0.268000
1609060515.802755833,34.912998,2001,100,0.055000
1609060515.827755690,7.189000,2000,101,0.055000
1609060515.828474522,14.411000,2010,102,0.055000
1609060515.852734327,14.858000,2001,102,0.024000
1609060515.853508949,34.171001,2011,100,0.055000
1609060515.902737141,34.953999,2000,100,0.055000
1609060515.903563261,8.320000,2010,101,0.055000
1609060515.927757740,7.481000,2001,101,0.055000
1609060515.928523302,15.069000,2011,102,0.024000
1609060515.953565598,34.185001,2010,100,0.055000
1609060515.977753878,34.884998,2001,100,0.055000
1609060516.002855301,7.181000,2000,101,0.055000
1609060516.003474712,14.408000,2010,102,0.024000
1609060516.027760267,14.853000,2001,102,0.055000
1609060516.028846741,34.112000,2011,100,0.055000
1609060516.081040382,34.950001,2000,100,0.024000
1609060516.081177235,8.242000,2010,101,0.055000
1609060516.102805376,7.660000,2001,101,0.055000
1609060516.103461266,15.072000,2011,102,0.055000
