# time x y z qx qy qz qw
1785983341.799999952 0.168314833 -0.027826299 0.095857199 0.000026604 0.000223948 -0.000564242 0.999999815
1785983341.809999943 0.167826252 -0.028000405 0.094713880 0.000028037 0.000173893 -0.001140576 0.999999334
1785983341.819999933 0.167011514 -0.028278388 0.093124829 0.000098739 -0.000093207 -0.001469993 0.999998910
1785983341.829999924 0.165961841 -0.028633172 0.091178071 -0.000042469 -0.000213732 -0.002080168 0.999997813
1785983341.839999914 0.164775624 -0.029110154 0.089298800 0.000089207 -0.000337936 -0.002683910 0.999996337
1785983341.849999905 0.163531838 -0.029708192 0.087479602 0.000076667 -0.000266009 -0.003345065 0.999994367
1785983341.859999895 0.162115140 -0.030374676 0.085645799 -0.000019619 -0.000250401 -0.003758413 0.999992906
1785983341.869999886 0.160394226 -0.031084591 0.083813234 -0.000175750 -0.000081162 -0.004253473 0.999990935
1785983341.880000114 0.158505775 -0.031780919 0.082043354 -0.000186454 0.000049647 -0.005037199 0.999987295
1785983341.890000105 0.156572168 -0.032452213 0.080387166 -0.000107512 0.000061453 -0.005525335 0.999984728
1785983341.900000095 0.154639965 -0.033138591 0.078778355 -0.000089540 -0.000036568 -0.006025411 0.999981842
1785983341.910000086 0.152682027 -0.033821380 0.077341252 -0.000145428 -0.000084116 -0.006831196 0.999976653
1785983341.920000076 0.150664493 -0.034528325 0.076042938 -0.000069600 -0.000116170 -0.007544469 0.999971531
1785983341.930000067 0.148640601 -0.035309433 0.074722065 -0.000051775 -0.000172637 -0.008077222 0.999967362
1785983341.940000057 0.146646513 -0.036175959 0.073416608 -0.000215462 -0.000164199 -0.008682630 0.999962269
1785983341.950000048 0.144719321 -0.037088840 0.072130403 -0.000189585 -0.000214951 -0.009307112 0.999956647
1785983341.960000038 0.142858580 -0.037955652 0.070834237 0.000057190 -0.000219958 -0.010079485 0.999949175
1785983341.970000029 0.141081632 -0.038768896 0.069804256 -0.000039339 -0.000049998 -0.010812113 0.999941545
1785983341.980000019 0.139350801 -0.039556520 0.069073347 -0.000021168 0.000009365 -0.011379578 0.999935250
1785983341.990000010 0.137622243 -0.040324421 0.068346056 -0.000096764 0.000092180 -0.011996564 0.999928030
1785983342.000000000 0.136043826 -0.041120134 0.067606147 -0.000010591 0.000128943 -0.012588098 0.999920758
1785983342.009999990 0.134597628 -0.041920925 0.066905217 0.000151548 0.000095300 -0.013138241 0.999913674
1785983342.019999981 0.133174381 -0.042686335 0.066260777 0.000241189 0.000124666 -0.013671562 0.999906503
1785983342.029999971 0.131783647 -0.043404794 0.065598530 0.000167724 -0.000022119 -0.014329284 0.999897316
1785983342.039999962 0.130412617 -0.044068111 0.064792088 0.000262784 -0.000014101 -0.014925843 0.999888569
1785983342.049999952 0.129014438 -0.044670436 0.063893247 0.000239613 -0.000099283 -0.015616897 0.999878015
1785983342.059999943 0.127559306 -0.045239421 0.063022002 0.000078235 -0.000154995 -0.016302080 0.999867097
1785983342.069999933 0.126125695 -0.045855658 0.062149850 0.000066920 -0.000187733 -0.016901321 0.999857143
1785983342.079999924 0.124753748 -0.046491914 0.061328877 0.000053197 -0.000315214 -0.017459252 0.999847525
1785983342.089999914 0.123410169 -0.047115186 0.060542279 0.000255471 -0.000215855 -0.018024542 0.999837489
1785983342.099999905 0.122095834 -0.047762584 0.059762816 0.000175454 -0.000242645 -0.018663528 0.999825776
1785983342.109999895 0.120873255 -0.048422343 0.059006755 0.000226767 -0.000330130 -0.019274855 0.999814143
1785983342.119999886 0.119727251 -0.048991466 0.058283994 0.000172243 -0.000390094 -0.019789141 0.999804085
1785983342.130000114 0.118618162 -0.049449901 0.057877880 0.000305906 -0.000409245 -0.020348962 0.999792808
1785983342.140000105 0.117632956 -0.049838097 0.058127763 0.000378941 -0.000348838 -0.021039724 0.999778508
1785983342.150000095 0.116761315 -0.050142869 0.058797542 0.000439641 -0.000334868 -0.021771900 0.999762811
1785983342.160000086 0.115938911 -0.050390322 0.059552823 0.000622656 -0.000420984 -0.022402271 0.999748755
1785983342.170000076 0.115238242 -0.050648972 0.060323895 0.000668413 -0.000419033 -0.023014399 0.999734822
1785983342.180000067 0.114618065 -0.050927806 0.061225278 0.000938838 -0.000640054 -0.023719305 0.999718012
1785983342.190000057 0.114043109 -0.051213641 0.062121984 0.000985627 -0.000712127 -0.024341023 0.999702974
1785983342.200000048 0.113507136 -0.051539328 0.062699860 0.001033572 -0.000709456 -0.024999959 0.999686666
1785983342.210000038 0.112962984 -0.051898239 0.063093132 0.001065482 -0.000708731 -0.025470276 0.999674761
1785983342.220000029 0.112448079 -0.052275847 0.063364231 0.001149122 -0.000730569 -0.026045894 0.999659821
1785983342.230000019 0.111976009 -0.052664690 0.063553251 0.001167317 -0.000674601 -0.026576343 0.999645877
1785983342.240000010 0.111601680 -0.053043715 0.063732635 0.001242917 -0.000776477 -0.027091385 0.999631887
1785983342.250000000 0.111344172 -0.053414447 0.063974005 0.001302123 -0.000760245 -0.027785558 0.999612770
1785983342.259999990 0.111228422 -0.053808838 0.064558633 0.001630847 -0.000805846 -0.028346658 0.999596498
1785983342.269999981 0.111276900 -0.054198288 0.065479946 0.001639134 -0.000925565 -0.028861087 0.999581660
1785983342.279999971 0.111447689 -0.054554065 0.066480347 0.001748060 -0.000891194 -0.029357316 0.999567055
1785983342.289999962 0.111803636 -0.054875439 0.067532043 0.001738871 -0.000877446 -0.029798226 0.999554037
1785983342.299999952 0.112344092 -0.055151575 0.068669557 0.001732096 -0.000838389 -0.030423045 0.999535260
1785983342.309999943 0.112978029 -0.055403313 0.069857411 0.001773517 -0.000916262 -0.030924036 0.999519744
1785983342.319999933 0.113667909 -0.055641639 0.071059408 0.001831292 -0.000786071 -0.031462175 0.999502956
1785983342.329999924 0.114405040 -0.055846789 0.072234195 0.001827891 -0.000761730 -0.031997131 0.999485999
1785983342.339999914 0.115201115 -0.055959744 0.073379397 0.001764762 -0.000804949 -0.032553555 0.999468110
1785983342.349999905 0.116076953 -0.056015603 0.074547587 0.001880019 -0.000893551 -0.033139990 0.999448552
1785983342.359999895 0.117044332 -0.056056283 0.075715591 0.002043487 -0.000954600 -0.033724758 0.999428614
1785983342.369999886 0.118081574 -0.056050906 0.076786443 0.001916096 -0.001095926 -0.034339422 0.999407790
1785983342.380000114 0.119179211 -0.055994911 0.077611867 0.001813930 -0.001203119 -0.034958007 0.999386412
1785983342.390000105 0.120316668 -0.055892691 0.078286783 0.001756623 -0.001209263 -0.035506515 0.999367169
1785983342.400000095 0.121464251 -0.055715288 0.078868296 0.001799427 -0.001226523 -0.036177094 0.999343022
1785983342.410000086 0.122648720 -0.055402916 0.079374914 0.001912461 -0.001380565 -0.036964503 0.999313796
1785983342.420000076 0.123886501 -0.055065481 0.079916506 0.001810855 -0.001350523 -0.037646226 0.999288576
1785983342.430000067 0.125118549 -0.054738307 0.080558025 0.001905805 -0.001433522 -0.038245806 0.999265516
1785983342.440000057 0.126305212 -0.054319169 0.081266733 0.001837396 -0.001641807 -0.038928064 0.999238978
1785983342.450000048 0.127462835 -0.053904893 0.081943381 0.001850482 -0.001703686 -0.039495742 0.999216573
1785983342.460000038 0.128619179 -0.053588023 0.082635472 0.001767516 -0.001576697 -0.039998543 0.999196931
1785983342.470000029 0.129759953 -0.053349672 0.083354710 0.001788027 -0.001760189 -0.040511717 0.999175913
1785983342.480000019 0.130882903 -0.053102503 0.084111831 0.001919032 -0.001761216 -0.041164170 0.999149001
1785983342.490000010 0.131982194 -0.052824960 0.084925905 0.001950753 -0.001798170 -0.041754331 0.999124385
1785983342.500000000 0.133049904 -0.052522356 0.085777858 0.001836228 -0.001872973 -0.042408990 0.999096891
1785983342.509999990 0.134099506 -0.052161068 0.086566554 0.001866371 -0.001901991 -0.043076171 0.999068237
1785983342.519999981 0.135105418 -0.051756916 0.087310080 0.001777372 -0.001877102 -0.043667319 0.999042783
1785983342.529999971 0.136056081 -0.051318654 0.088042179 0.001814058 -0.001782382 -0.044263648 0.999016647
1785983342.539999962 0.136975851 -0.050876175 0.088722883 0.001867348 -0.001769642 -0.044753428 0.998994751
1785983342.549999952 0.137910020 -0.050458925 0.089318463 0.001910254 -0.001686403 -0.045442483 0.998963707
1785983342.559999943 0.138913480 -0.050129429 0.089839259 0.002000851 -0.001824452 -0.046131298 0.998931715
1785983342.569999933 0.139946853 -0.049904619 0.090371165 0.002047203 -0.001743966 -0.046877387 0.998897031
1785983342.579999924 0.140870273 -0.049728659 0.090745604 0.001945761 -0.001839938 -0.047468444 0.998869148
1785983342.589999914 0.141669774 -0.049566663 0.090675654 0.002043313 -0.001755377 -0.048031211 0.998842203
1785983342.599999905 0.142445303 -0.049444166 0.090367965 0.002110809 -0.001657291 -0.048691932 0.998810239
1785983342.609999895 0.143203202 -0.049372035 0.090053988 0.002078419 -0.001666870 -0.049229564 0.998783936
1785983342.619999886 0.143878237 -0.049334511 0.089585876 0.002076115 -0.001581649 -0.049814049 0.998755099
1785983342.630000114 0.144417618 -0.049350108 0.088956422 0.002090686 -0.001501525 -0.050319705 0.998729844
1785983342.640000105 0.144837448 -0.049436708 0.088276947 0.002130244 -0.001542054 -0.050774132 0.998706700
1785983342.650000095 0.145187934 -0.049591263 0.087599327 0.002177388 -0.001550074 -0.051454562 0.998671760
1785983342.660000086 0.145456204 -0.049857175 0.086840244 0.002206856 -0.001370309 -0.052202786 0.998633126
1785983342.670000076 0.145648157 -0.050267262 0.086025583 0.002239952 -0.001460847 -0.052742226 0.998604579
1785983342.680000067 0.145796639 -0.050757827 0.085203527 0.002289872 -0.001312794 -0.053244737 0.998578004
1785983342.690000057 0.145905672 -0.051303292 0.084301021 0.002473842 -0.001282849 -0.053883066 0.998543364
1785983342.700000048 0.145974556 -0.051872021 0.083397597 0.002410410 -0.001243837 -0.054433791 0.998513698
1785983342.710000038 0.146009760 -0.052444611 0.082699722 0.002569431 -0.001291695 -0.055187611 0.998471861
1785983342.720000029 0.146070856 -0.053015384 0.082142596 0.002455984 -0.001223221 -0.055885742 0.998433401
1785983342.730000019 0.146190116 -0.053555258 0.081569215 0.002632267 -0.001350887 -0.056360453 0.998406103
1785983342.740000010 0.146311097 -0.054060488 0.081155589 0.002567344 -0.001266070 -0.056915355 0.998374904
1785983342.750000000 0.146429466 -0.054548800 0.080847338 0.002832295 -0.001368055 -0.057574383 0.998336264
1785983342.759999990 0.146550927 -0.054998703 0.080448831 0.002818824 -0.001365797 -0.058220736 0.998298820
1785983342.769999981 0.146636723 -0.055453879 0.079985730 0.003050064 -0.001350227 -0.058819310 0.998263073
1785983342.779999971 0.146693980 -0.055944056 0.079513705 0.003114189 -0.001299969 -0.059276113 0.998235921
1785983342.789999962 0.146750374 -0.056457107 0.079036112 0.003276329 -0.001375997 -0.060020751 0.998190804
1785983342.799999952 0.146804279 -0.056999219 0.078540280 0.003335300 -0.001417895 -0.060549850 0.998158595
1785983342.809999943 0.146923322 -0.057538806 0.078032601 0.003335952 -0.001580037 -0.061165798 0.998120794
1785983342.819999933 0.147101874 -0.058049176 0.077481892 0.003254386 -0.001667328 -0.061672523 0.998089740
1785983342.829999924 0.147290144 -0.058531440 0.076802078 0.003305449 -0.001626205 -0.062188566 0.998057619
1785983342.839999914 0.147509013 -0.059032744 0.076036855 0.003271121 -0.001619109 -0.062672575 0.998027468
1785983342.849999905 0.147704699 -0.059552227 0.075270366 0.003170807 -0.001644723 -0.063277966 0.997989549
1785983342.859999895 0.147879666 -0.060022425 0.074685722 0.003097184 -0.001503219 -0.064064490 0.997939822
1785983342.869999886 0.148025971 -0.060340507 0.074236570 0.003092187 -0.001568808 -0.064703786 0.997898490
1785983342.880000114 0.148076217 -0.060555905 0.073751290 0.003137464 -0.001557187 -0.065256190 0.997862396
1785983342.890000105 0.148041516 -0.060765094 0.073291055 0.003222537 -0.001562400 -0.065848718 0.997823191
1785983342.900000095 0.147953916 -0.060910850 0.072947284 0.003253959 -0.001672710 -0.066424461 0.997784749
1785983342.910000086 0.147822266 -0.060953716 0.072880127 0.003420015 -0.001661484 -0.066994024 0.997746132
1785983342.920000076 0.147624323 -0.060961616 0.072924398 0.003528303 -0.001756146 -0.067783267 0.997692285
1785983342.930000067 0.147347815 -0.060964426 0.073127608 0.003504074 -0.001768834 -0.068340140 0.997654358
1785983342.940000057 0.147010148 -0.060937236 0.073797184 0.003511861 -0.001783643 -0.068878771 0.997617261
1785983342.950000048 0.146559542 -0.060790293 0.074949009 0.003476687 -0.001778313 -0.069573027 0.997569218
1785983342.960000038 0.145975098 -0.060500166 0.076548814 0.003462412 -0.001758398 -0.070189389 0.997526125
1785983342.970000029 0.145282467 -0.060162882 0.078372267 0.003462555 -0.001828748 -0.070780097 0.997484258
1785983342.980000019 0.144503238 -0.059818983 0.080268977 0.003638918 -0.001909988 -0.071529614 0.997430010
1785983342.990000010 0.143685413 -0.059454324 0.082182527 0.003640996 -0.001900899 -0.072287325 0.997375392
1785983343.000000000 0.142849485 -0.059073773 0.084094188 0.003591979 -0.001831355 -0.072821606 0.997336833
1785983343.009999990 0.142023534 -0.058707279 0.086033867 0.003602525 -0.001760181 -0.073437843 0.997291736
1785983343.019999981 0.141208837 -0.058351505 0.088054325 0.003449764 -0.001729401 -0.074133687 0.997240846
1785983343.029999971 0.140390941 -0.058009664 0.090164212 0.003488733 -0.001621417 -0.074622389 0.997204442
1785983343.039999962 0.139580775 -0.057671813 0.092174509 0.003808151 -0.001447009 -0.075175507 0.997161997
1785983343.049999952 0.138796268 -0.057253031 0.094064046 0.003807815 -0.001576357 -0.075644059 0.997126367
1785983343.059999943 0.138036270 -0.056732447 0.095819455 0.003943618 -0.001584276 -0.076272479 0.997077954
1785983343.069999933 0.137297193 -0.056147356 0.097341477 0.003967679 -0.001643889 -0.076831879 0.997034813
1785983343.079999924 0.136564629 -0.055494410 0.098678843 0.003880241 -0.001700018 -0.077336167 0.996996074
1785983343.089999914 0.135799677 -0.054777852 0.099968094 0.003787927 -0.001858220 -0.077807826 0.996959448
1785983343.099999905 0.135053345 -0.054010431 0.101247940 0.003909981 -0.001921395 -0.078351845 0.996916250
1785983343.109999895 0.134378401 -0.053135840 0.102433839 0.003919777 -0.001953673 -0.079206911 0.996848576
1785983343.119999886 0.133737943 -0.052143250 0.103534866 0.003991133 -0.002027462 -0.080035745 0.996781942
1785983343.130000114 0.133112581 -0.051103485 0.104598939 0.004064889 -0.002055935 -0.080373175 0.996754434
1785983343.140000105 0.132516107 -0.050024814 0.105681995 0.004216413 -0.002136753 -0.080824694 0.996717124
1785983343.150000095 0.131940567 -0.048923507 0.106860177 0.004182615 -0.002202423 -0.081308983 0.996677733
1785983343.160000086 0.131363245 -0.047804189 0.108044413 0.004212417 -0.002227245 -0.081952429 0.996624851
1785983343.170000076 0.130776240 -0.046638594 0.108960208 0.004458357 -0.002079908 -0.082839005 0.996550800
1785983343.180000067 0.130180933 -0.045443761 0.109652713 0.004564368 -0.002167836 -0.083372294 0.996505659
1785983343.190000057 0.129591650 -0.044271009 0.110374794 0.004663082 -0.002143619 -0.083786150 0.996470542
1785983343.200000048 0.129035602 -0.043094804 0.111105894 0.004594276 -0.002069647 -0.084293212 0.996428253
1785983343.210000038 0.128490437 -0.041898636 0.111870292 0.004552485 -0.002062802 -0.084966409 0.996371281
1785983343.220000029 0.127940040 -0.040728525 0.112684241 0.004432763 -0.002164238 -0.085563348 0.996320521
1785983343.230000019 0.127414960 -0.039613152 0.113493432 0.004525672 -0.002140519 -0.086098522 0.996274049
1785983343.240000010 0.126903562 -0.038542712 0.114300426 0.004578174 -0.002257454 -0.086563156 0.996233288
1785983343.250000000 0.126354552 -0.037520541 0.115076458 0.004597644 -0.002302390 -0.087180828 0.996179233
1785983343.259999990 0.125736488 -0.036548346 0.115761104 0.004685618 -0.002368744 -0.087920773 0.996113634
1785983343.269999981 0.125085760 -0.035623686 0.116234238 0.004511918 -0.002239484 -0.088558528 0.996058238
1785983343.279999971 0.124465174 -0.034777068 0.116539655 0.004568888 -0.002183573 -0.089143660 0.996005906
1785983343.289999962 0.123877141 -0.033972676 0.116811958 0.004739333 -0.002303318 -0.089856449 0.995940787
1785983343.299999952 0.123298227 -0.033173396 0.117050173 0.004744252 -0.002298565 -0.090505429 0.995882009
1785983343.309999943 0.122752216 -0.032409692 0.117280237 0.004601438 -0.002367842 -0.091021436 0.995835488
1785983343.319999933 0.122246624 -0.031690053 0.117523161 0.004662605 -0.002522748 -0.091541021 0.995787195
1785983343.329999924 0.121778823 -0.030978034 0.117805859 0.004862207 -0.002623325 -0.092117293 0.995732836
1785983343.339999914 0.121325529 -0.030272340 0.118136670 0.004778014 -0.002730028 -0.092641319 0.995684339
1785983343.349999905 0.120864446 -0.029610858 0.118506907 0.004931650 -0.002777173 -0.093138760 0.995637051
1785983343.359999895 0.120437847 -0.029004760 0.119001121 0.004972518 -0.002798590 -0.093793621 0.995575310
1785983343.369999886 0.120041226 -0.028474107 0.119531040 0.004867052 -0.002874513 -0.094491605 0.995509611
1785983343.380000114 0.119654379 -0.028069965 0.119894259 0.004896822 -0.003023123 -0.095247965 0.995436943
1785983343.390000105 0.119288695 -0.027747591 0.120158655 0.004751594 -0.003047739 -0.095845282 0.995380237
1785983343.400000095 0.118927192 -0.027439057 0.120441250 0.004747631 -0.003117650 -0.096509562 0.995315852
1785983343.410000086 0.118613128 -0.027171546 0.120706802 0.004655802 -0.003238682 -0.097237425 0.995245054
1785983343.420000076 0.118418310 -0.026986823 0.120915929 0.004754852 -0.003186167 -0.097956141 0.995174273
1785983343.430000067 0.118308827 -0.026886111 0.121105611 0.004800308 -0.003195434 -0.098477018 0.995122617
1785983343.440000057 0.118247809 -0.026873182 0.121162611 0.004772526 -0.003252465 -0.099054292 0.995065270
1785983343.450000048 0.118256825 -0.027003668 0.120896007 0.004825264 -0.003473982 -0.099554089 0.995014388
1785983343.460000038 0.118316946 -0.027269556 0.120208390 0.004783014 -0.003310892 -0.100239707 0.994946311
1785983343.470000029 0.118431604 -0.027580817 0.118881213 0.004878954 -0.003383194 -0.101009199 0.994867776
1785983343.480000019 0.118611195 -0.027923573 0.117118058 0.004891617 -0.003524082 -0.101498255 0.994817449
1785983343.490000010 0.118895959 -0.028329198 0.115317527 0.004872767 -0.003618032 -0.102065745 0.994759141
1785983343.500000000 0.119293553 -0.028818258 0.113551752 0.005025086 -0.003613117 -0.102679064 0.994695282
1785983343.509999990 0.119703194 -0.029364028 0.111827787 0.004916467 -0.003607995 -0.103289962 0.994632593
1785983343.519999981 0.120089847 -0.029926152 0.110067924 0.004899695 -0.003686180 -0.103844671 0.994574627
1785983343.529999971 0.120427726 -0.030562579 0.108217252 0.004875344 -0.003618662 -0.104707623 0.994484515
1785983343.539999962 0.120737350 -0.031297735 0.106296775 0.004900239 -0.003564377 -0.105276704 0.994424506
1785983343.549999952 0.121058537 -0.032087277 0.104346695 0.004852239 -0.003612683 -0.105868608 0.994361726
1785983343.559999943 0.121385230 -0.032902113 0.102375542 0.004746659 -0.003509584 -0.106481960 0.994297111
1785983343.569999933 0.121722118 -0.033728673 0.100400413 0.004899786 -0.003565368 -0.106998178 0.994240751
1785983343.579999924 0.122050857 -0.034575398 0.098414855 0.004901310 -0.003619517 -0.107476400 0.994188966
1785983343.589999914 0.122392969 -0.035445350 0.096466004 0.004956614 -0.003629798 -0.108068650 0.994124451
1785983343.599999905 0.122783872 -0.036365979 0.094709809 0.004864274 -0.003761731 -0.108739095 0.994051305
1785983343.609999895 0.123235849 -0.037324174 0.093117969 0.004828247 -0.003699223 -0.109454680 0.993973177
1785983343.619999886 0.123753430 -0.038287223 0.091537300 0.004764225 -0.003722433 -0.110047689 0.993907919
1785983343.630000114 0.124296050 -0.039253530 0.090038624 0.004772461 -0.003798939 -0.110602375 0.993846017
1785983343.640000105 0.124836577 -0.040229742 0.088707078 0.004680978 -0.003870995 -0.111107614 0.993789818
1785983343.650000095 0.125369158 -0.041238610 0.087443496 0.004770668 -0.003948236 -0.111666963 0.993726392
1785983343.660000086 0.125907482 -0.042249331 0.086163009 0.004640206 -0.003954317 -0.112184260 0.993668719
1785983343.670000076 0.126451924 -0.043240915 0.084864023 0.004669049 -0.003835342 -0.112736749 0.993606519
1785983343.680000067 0.127044727 -0.044230901 0.083535638 0.004709799 -0.003819243 -0.113428499 0.993527658
1785983343.690000057 0.127701653 -0.045241835 0.082356751 0.004723731 -0.003869776 -0.114059973 0.993455099
1785983343.700000048 0.128351744 -0.046218419 0.081374798 0.004822147 -0.003972549 -0.114764651 0.993373062
1785983343.710000038 0.129029843 -0.047102529 0.080472628 0.004716079 -0.004042452 -0.115499778 0.993288084
1785983343.720000029 0.129805392 -0.047944493 0.079629618 0.004721187 -0.004090962 -0.116054623 0.993223187
1785983343.730000019 0.130637450 -0.048759372 0.078837680 0.004587188 -0.004323624 -0.116565150 0.993163043
1785983343.740000010 0.131505210 -0.049521981 0.078154007 0.004554716 -0.004143497 -0.117208486 0.993088242
1785983343.750000000 0.132329886 -0.050201464 0.077928468 0.004555433 -0.004120307 -0.117916770 0.993004485
1785983343.759999990 0.133097034 -0.050821047 0.078341328 0.004552270 -0.004152252 -0.118577168 0.992925723
1785983343.769999981 0.133882135 -0.051402572 0.079067280 0.004505978 -0.004060305 -0.119107056 0.992862890
1785983343.779999971 0.134681976 -0.051930272 0.079885537 0.004295473 -0.004124273 -0.119716249 0.992790289
1785983343.789999962 0.135474192 -0.052434543 0.080740918 0.004391703 -0.004071836 -0.120266422 0.992723587
1785983343.799999952 0.136222500 -0.052926862 0.081603760 0.004421397 -0.003983665 -0.120936610 0.992642392
1785983343.809999943 0.136969167 -0.053427283 0.082424732 0.004531411 -0.003938817 -0.121557929 0.992566180
1785983343.819999933 0.137716967 -0.053902706 0.083204980 0.004669332 -0.003872593 -0.122193902 0.992487708
1785983343.829999924 0.138403933 -0.054343865 0.083931278 0.004857333 -0.004142149 -0.122722120 0.992420541
1785983343.839999914 0.139058855 -0.054822063 0.084439586 0.004797922 -0.004151052 -0.123413770 0.992335019
1785983343.849999905 0.139730888 -0.055351729 0.084778373 0.004709984 -0.004088522 -0.124065988 0.992254368
1785983343.859999895 0.140396566 -0.055920354 0.085100541 0.004441796 -0.003982180 -0.124571443 0.992192707
1785983343.869999886 0.141022673 -0.056459203 0.085390208 0.004511627 -0.004024275 -0.125222840 0.992110221
1785983343.880000114 0.141608131 -0.056932704 0.085694533 0.004370602 -0.004021033 -0.125859417 0.992030310
1785983343.890000105 0.142169854 -0.057385681 0.086058629 0.004515436 -0.004162367 -0.126445985 0.991954484
1785983343.900000095 0.142730445 -0.057854641 0.086423944 0.004651032 -0.004132159 -0.127200184 0.991857553
1785983343.910000086 0.143219024 -0.058326111 0.086758166 0.004600810 -0.004222032 -0.127836066 0.991775654
1785983343.920000076 0.143590629 -0.058750722 0.087146728 0.004687728 -0.004237250 -0.128463710 0.991694079
1785983343.930000067 0.143819787 -0.059070171 0.087591279 0.004717073 -0.004242754 -0.128887192 0.991638967
1785983343.940000057 0.143832222 -0.059301950 0.088107547 0.004673154 -0.004374022 -0.129472413 0.991562365
1785983343.950000048 0.143625253 -0.059478195 0.088727142 0.004801132 -0.004333808 -0.129782817 0.991521350
1785983343.960000038 0.143233236 -0.059606093 0.089385099 0.004829215 -0.004185740 -0.130360948 0.991446005
1785983343.970000029 0.142580653 -0.059671980 0.090058198 0.004952365 -0.004063065 -0.130793194 0.991388978
1785983343.980000019 0.141658522 -0.059659469 0.090751717 0.004997104 -0.003971388 -0.131336353 0.991317315
1785983343.990000010 0.140507667 -0.059567144 0.091385766 0.005067810 -0.003957365 -0.132067478 0.991219874
1785983344.000000000 0.139246722 -0.059384900 0.091950313 0.005040554 -0.004028285 -0.132674332 0.991138682
1785983344.009999990 0.138035934 -0.059150231 0.092533522 0.004988631 -0.003977395 -0.133212350 0.991066982
1785983344.019999981 0.136862047 -0.058876828 0.093022482 0.004955785 -0.003980224 -0.133777540 0.990991003
1785983344.029999971 0.135743980 -0.058597302 0.093433808 0.005048117 -0.004077395 -0.134396880 0.990906338
1785983344.039999962 0.134670115 -0.058342066 0.093891563 0.005111151 -0.004207412 -0.135083748 0.990812068
1785983344.049999952 0.133645265 -0.057937916 0.094363185 0.005242887 -0.004315332 -0.135708994 0.990725471
1785983344.059999943 0.132690555 -0.057370883 0.094792728 0.005210886 -0.004260312 -0.136312019 0.990643089
1785983344.069999933 0.131779629 -0.056806213 0.095000959 0.005166055 -0.004154362 -0.136883259 0.990565004
1785983344.079999924 0.130888618 -0.056228057 0.094978884 0.005058196 -0.004182600 -0.137365592 0.990498670
1785983344.089999914 0.130015057 -0.055594034 0.094928312 0.005140145 -0.004163872 -0.137902842 0.990423671
1785983344.099999905 0.129179316 -0.054925005 0.094897819 0.005024299 -0.004261732 -0.138437135 0.990349309
1785983344.109999895 0.128441261 -0.054216506 0.094851811 0.005095860 -0.004284025 -0.138962419 0.990275278
1785983344.119999886 0.127786546 -0.053393412 0.094778318 0.005019492 -0.004247302 -0.139616887 0.990183766
1785983344.130000114 0.127168140 -0.052475300 0.094655685 0.005075714 -0.004222604 -0.140076751 0.990118635
1785983344.140000105 0.126610614 -0.051473559 0.094508442 0.005020687 -0.004193705 -0.140580997 0.990047569
1785983344.150000095 0.126142801 -0.050354105 0.094529312 0.004941679 -0.004291595 -0.141331299 0.989940718
1785983344.160000086 0.125757587 -0.049134324 0.094718394 0.004896122 -0.004163927 -0.141999988 0.989845793
1785983344.170000076 0.125419275 -0.047837904 0.094924774 0.004850736 -0.004217077 -0.142526114 0.989770172
1785983344.180000067 0.125097084 -0.046497391 0.095075025 0.004932256 -0.004205862 -0.143128140 0.989682939
1785983344.190000057 0.124786909 -0.045136792 0.095182208 0.004939470 -0.004210611 -0.143601439 0.989614318
1785983344.200000048 0.124499693 -0.043784936 0.095296250 0.004904737 -0.004186313 -0.144073639 0.989545959
1785983344.210000038 0.124213966 -0.042479606 0.095426591 0.004878136 -0.004269026 -0.144590279 0.989470379
1785983344.220000029 0.123918122 -0.041228921 0.095592667 0.004835348 -0.004241033 -0.145059179 0.989402076
1785983344.230000019 0.123599736 -0.040044048 0.095836324 0.004768109 -0.004130561 -0.145717765 0.989306088
1785983344.240000010 0.123255392 -0.038913334 0.096204071 0.004717092 -0.004315588 -0.146269968 0.989224050
1785983344.250000000 0.122898374 -0.037825329 0.096637989 0.004538256 -0.004411496 -0.146853419 0.989138017
1785983344.259999990 0.122544586 -0.036810404 0.097160274 0.004513824 -0.004521725 -0.147448894 0.989049040
1785983344.269999981 0.122199912 -0.035860770 0.097742955 0.004590161 -0.004490348 -0.147967609 0.988971362
1785983344.279999971 0.121852795 -0.034926972 0.098319462 0.004592413 -0.004604963 -0.148586016 0.988878102
1785983344.289999962 0.121550239 -0.034045564 0.098971182 0.004505666 -0.004625158 -0.149240036 0.988779914
1785983344.299999952 0.121237010 -0.033327980 0.099712343 0.004566260 -0.004762589 -0.149972872 0.988668096
1785983344.309999943 0.120932978 -0.032746083 0.100476658 0.004305755 -0.004603892 -0.150684487 0.988561809
1785983344.319999933 0.120701716 -0.032257553 0.101259717 0.004351704 -0.004593709 -0.151159027 0.988489205
1785983344.329999924 0.120506844 -0.031842349 0.102066261 0.004278691 -0.004546578 -0.151685021 0.988409164
1785983344.339999914 0.120333383 -0.031485121 0.102638341 0.004358429 -0.004713008 -0.152341896 0.988307006
1785983344.349999905 0.120141408 -0.031245308 0.102751073 0.004404027 -0.004795387 -0.152790463 0.988237159
1785983344.359999895 0.119968720 -0.031109763 0.102378573 0.004547285 -0.004825585 -0.153474132 0.988130420
1785983344.369999886 0.119907074 -0.031072718 0.101713646 0.004468767 -0.004756998 -0.154112940 0.988031681
1785983344.380000114 0.119920009 -0.031134799 0.100994506 0.004511934 -0.004899696 -0.154723849 0.987935305
1785983344.390000105 0.119942573 -0.031274434 0.100224811 0.004522639 -0.004973108 -0.155169565 0.987864981
1785983344.400000095 0.119969148 -0.031464295 0.099506484 0.004523537 -0.004892126 -0.155746870 0.987774527
1785983344.410000086 0.119986350 -0.031698789 0.098881798 0.004510494 -0.005032401 -0.156283307 0.987689151
1785983344.420000076 0.120020623 -0.032005289 0.098379890 0.004472787 -0.005044073 -0.156939394 0.987585226
1785983344.430000067 0.120075629 -0.032397102 0.097975430 0.004473325 -0.005080546 -0.157573590 0.987484046
1785983344.440000057 0.120149344 -0.032882191 0.097608191 0.004450862 -0.004902738 -0.158174487 0.987388973
1785983344.450000048 0.120241753 -0.033443479 0.097292744 0.004522441 -0.004965112 -0.158705236 0.987303167
1785983344.460000038 0.120354831 -0.034064280 0.096974004 0.004515176 -0.005021132 -0.159126910 0.987235042
1785983344.470000029 0.120474256 -0.034740397 0.096672987 0.004643377 -0.004896519 -0.159736127 0.987136684
1785983344.480000019 0.120588925 -0.035457918 0.096386636 0.004562043 -0.004997095 -0.160221606 0.987057878
1785983344.490000010 0.120732995 -0.036188769 0.096076937 0.004425590 -0.005093058 -0.160675453 0.986984232
1785983344.500000000 0.120945092 -0.036909419 0.095762513 0.004433795 -0.005116042 -0.161190011 0.986900171
1785983344.509999990 0.121192359 -0.037629331 0.095450046 0.004450680 -0.005252121 -0.161679857 0.986819249
1785983344.519999981 0.121428021 -0.038364784 0.095343495 0.004482201 -0.005245996 -0.162257793 0.986724277
1785983344.529999971 0.121644660 -0.039112429 0.095604366 0.004546351 -0.005325006 -0.162842029 0.986627310
1785983344.539999962 0.121829869 -0.039834103 0.096374705 0.004561196 -0.005313569 -0.163609818 0.986500273
1785983344.549999952 0.122025165 -0.040512333 0.097524392 0.004601584 -0.005486056 -0.164109807 0.986416089
1785983344.559999943 0.122257386 -0.041163700 0.098693099 0.004693268 -0.005688878 -0.164623573 0.986328895
1785983344.569999933 0.122518437 -0.041758366 0.099898388 0.004776945 -0.005811734 -0.165215339 0.986228825
1785983344.579999924 0.122826049 -0.042262403 0.101139696 0.004791103 -0.005914612 -0.165678878 0.986150380
1785983344.589999914 0.123165600 -0.042693896 0.102381358 0.004684968 -0.005889515 -0.166372434 0.986034268
1785983344.599999905 0.123498069 -0.043087870 0.103606551 0.004545909 -0.005903268 -0.166949300 0.985937329
1785983344.609999895 0.123842155 -0.043438737 0.104843031 0.004458739 -0.005927484 -0.167787055 0.985795359
1785983344.619999886 0.124211682 -0.043732258 0.105855101 0.004390834 -0.005914536 -0.168465185 0.985680080
1785983344.630000114 0.124602481 -0.043971404 0.106617370 0.004414367 -0.005995412 -0.168964210 0.985594067
1785983344.640000105 0.125023801 -0.044148342 0.107391815 0.004625651 -0.005908949 -0.169513713 0.985499259
1785983344.650000095 0.125442934 -0.044295717 0.108014616 0.004458196 -0.006034010 -0.170173669 0.985385527
1785983344.660000086 0.125817162 -0.044407454 0.108471528 0.004593279 -0.006305559 -0.170939606 0.985250624
1785983344.670000076 0.126185460 -0.044446681 0.108962196 0.004594428 -0.006404717 -0.171647039 0.985126979
1785983344.680000067 0.126582421 -0.044428854 0.109492288 0.004477448 -0.006588126 -0.172124505 0.985042996
1785983344.690000057 0.126987994 -0.044373080 0.110062992 0.004478449 -0.006813129 -0.172647116 0.984949998
1785983344.700000048 0.127387670 -0.044299484 0.110691043 0.004587818 -0.007038477 -0.173097273 0.984868898
1785983344.710000038 0.127773472 -0.044230179 0.111314203 0.004527692 -0.007039029 -0.173644225 0.984772885
1785983344.720000029 0.128147749 -0.044173516 0.111904828 0.004493159 -0.007167162 -0.174200770 0.984673822
1785983344.730000019 0.128517566 -0.044131992 0.112404108 0.004446379 -0.007263732 -0.174674483 0.984589403
1785983344.740000010 0.128893039 -0.044108433 0.112790931 0.004442711 -0.007403894 -0.175186821 0.984497345
1785983344.750000000 0.129299127 -0.044101488 0.113141245 0.004428556 -0.007465302 -0.175796881 0.984388193
1785983344.759999990 0.129705723 -0.044087992 0.113421716 0.004223517 -0.007808010 -0.176555382 0.984250676
1785983344.769999981 0.130090817 -0.044073825 0.113548912 0.004137775 -0.007986621 -0.177086252 0.984154232
1785983344.779999971 0.130511109 -0.044067519 0.113589824 0.003996576 -0.007993837 -0.177592773 0.984063480
1785983344.789999962 0.130976316 -0.044059556 0.113619339 0.003821121 -0.007915322 -0.178063558 0.983979734
1785983344.799999952 0.131473577 -0.044096646 0.113645718 0.003797005 -0.008173168 -0.178730578 0.983856780
1785983344.809999943 0.131976351 -0.044188850 0.113680242 0.003667161 -0.008315535 -0.179219966 0.983767049
1785983344.819999933 0.132495578 -0.044301726 0.113643367 0.003543759 -0.008474358 -0.179927347 0.983637015
1785983344.829999924 0.133016626 -0.044431489 0.113510149 0.003239785 -0.008683630 -0.180516540 0.983528280
1785983344.839999914 0.133498254 -0.044581967 0.113369267 0.002950979 -0.008796596 -0.181026950 0.983434367
1785983344.849999905 0.133951091 -0.044752935 0.113259957 0.002921165 -0.009039338 -0.181549569 0.983335910
1785983344.859999895 0.134296788 -0.044907862 0.113121659 0.002568370 -0.009378052 -0.182171791 0.983218640
1785983344.869999886 0.134529588 -0.045019339 0.112862318 0.002318863 -0.009683292 -0.182653105 0.983127001
1785983344.880000114 0.134726980 -0.045083802 0.112556719 0.001860944 -0.010029235 -0.183258394 0.983011858
1785983344.890000105 0.134894671 -0.045067580 0.112288485 0.001667393 -0.010437904 -0.183942146 0.982880235
1785983344.900000095 0.135043032 -0.044967149 0.112084015 0.001378218 -0.010751027 -0.184530453 0.982767026
1785983344.910000086 0.135199986 -0.044816799 0.111820233 0.001069388 -0.011117164 -0.185252915 0.982627408
1785983344.920000076 0.135318286 -0.044601722 0.111450426 0.000835877 -0.011265494 -0.185745056 0.982533035
1785983344.930000067 0.135342336 -0.044309191 0.111090493 0.000686536 -0.011465593 -0.186207297 0.982443337
1785983344.940000057 0.135322077 -0.043989589 0.110778107 0.000423513 -0.011852610 -0.186797398 0.982326864
1785983344.950000048 0.135289845 -0.043654946 0.110540345 0.000151178 -0.012251323 -0.187302533 0.982225862
1785983344.960000038 0.135241004 -0.043254828 0.110357342 -0.000184274 -0.012649287 -0.187900488 0.982106597
1785983344.970000029 0.135173408 -0.042808504 0.110141161 -0.000484645 -0.012943820 -0.188382621 0.982010291
1785983344.980000019 0.135093300 -0.042400337 0.109909034 -0.000805853 -0.013241412 -0.189016806 0.981884241
1785983344.990000010 0.134903247 -0.041978496 0.109502236 -0.001196943 -0.013614325 -0.189687409 0.981749410
1785983345.000000000 0.134587050 -0.041493651 0.108778237 -0.001554137 -0.013966993 -0.190197696 0.981645223
1785983345.009999990 0.134248734 -0.040962509 0.107828746 -0.001889266 -0.014156387 -0.190770311 0.981530802
1785983345.019999981 0.133908742 -0.040385546 0.106806197 -0.002290534 -0.014439129 -0.191273606 0.981427874
1785983345.029999971 0.133567719 -0.039791745 0.105886966 -0.002698848 -0.014893153 -0.191731647 0.981330671
1785983345.039999962 0.133248394 -0.039186240 0.104998448 -0.003274657 -0.015254156 -0.192318451 0.981208541
1785983345.049999952 0.132943304 -0.038588155 0.104104162 -0.003806961 -0.015954913 -0.192874424 0.981086339
1785983345.059999943 0.132636793 -0.037992589 0.103475231 -0.004406711 -0.016680810 -0.193424214 0.980963508
1785983345.069999933 0.132386594 -0.037445651 0.103108180 -0.005009854 -0.017534455 -0.194104288 0.980811383
1785983345.079999924 0.132153324 -0.037006343 0.102730012 -0.005449312 -0.018112948 -0.194799825 0.980660621
1785983345.089999914 0.131891621 -0.036622938 0.102318360 -0.006312331 -0.018692577 -0.195340909 0.980536930
1785983345.099999905 0.131600115 -0.036321040 0.101916489 -0.006912462 -0.019320777 -0.195894909 0.980410174
1785983345.109999895 0.131311428 -0.036155689 0.101527981 -0.007636740 -0.020027461 -0.196464298 0.980276676
1785983345.119999886 0.131078344 -0.036050030 0.101109689 -0.008203919 -0.020794397 -0.197059205 0.980136704
1785983345.130000114 0.130868113 -0.035976673 0.100688260 -0.009066223 -0.021483612 -0.197630473 0.979999211
1785983345.140000105 0.130646542 -0.035921425 0.100315276 -0.009683191 -0.022366920 -0.198091004 0.979880560
1785983345.150000095 0.130420430 -0.035853587 0.099978523 -0.010382506 -0.023249556 -0.198480775 0.979773976
1785983345.160000086 0.130234935 -0.035782598 0.099671613 -0.011113510 -0.023817172 -0.199083140 0.979630101
1785983345.170000076 0.130092875 -0.035705073 0.099426389 -0.011386009 -0.024435249 -0.199528726 0.979521090
1785983345.180000067 0.129976994 -0.035614219 0.099203519 -0.011445019 -0.024878326 -0.199988499 0.979415479
1785983345.190000057 0.129886019 -0.035502584 0.098855109 -0.011103852 -0.025071305 -0.200604890 0.979288421
1785983345.200000048 0.129792461 -0.035379485 0.098368036 -0.010549011 -0.025433412 -0.201086602 0.979186417
1785983345.210000038 0.129675918 -0.035258834 0.097834240 -0.010189508 -0.025979649 -0.201449272 0.979101334
1785983345.220000029 0.129536169 -0.035137257 0.097327494 -0.010072843 -0.026675059 -0.201861952 0.978998841
1785983345.230000019 0.129389128 -0.034991959 0.096867859 -0.009739532 -0.027217963 -0.202357310 0.978885000
1785983345.240000010 0.129242396 -0.034801130 0.096434605 -0.009682657 -0.027930980 -0.202868802 0.978759601
1785983345.250000000 0.129096661 -0.034569193 0.096040064 -0.009394940 -0.028481541 -0.203505658 0.978614318
1785983345.259999990 0.128959712 -0.034307733 0.095694756 -0.009300956 -0.029069351 -0.204048199 0.978484950
1785983345.269999981 0.128827438 -0.033984335 0.095404869 -0.009162783 -0.029846445 -0.204726821 0.978321093
1785983345.279999971 0.128762327 -0.033519170 0.095286539 -0.008971692 -0.030451777 -0.205353973 0.978172758
1785983345.289999962 0.128787973 -0.032857946 0.095325364 -0.008708318 -0.030900382 -0.205912319 0.978043684
1785983345.299999952 0.128865034 -0.031938531 0.095398576 -0.008529674 -0.031239438 -0.206441456 0.977922935
1785983345.309999943 0.129010024 -0.030707173 0.095555738 -0.008622348 -0.031500930 -0.207083271 0.977778025
1785983345.319999933 0.129187867 -0.029268647 0.095808822 -0.008584691 -0.031706877 -0.207854332 0.977608078
1785983345.329999924 0.129345964 -0.027686506 0.096135226 -0.008725341 -0.031824250 -0.208626846 0.977438451
1785983345.339999914 0.129530842 -0.026023639 0.096509080 -0.009113791 -0.031876830 -0.209412046 0.977265267
1785983345.349999905 0.129721397 -0.024338833 0.097016938 -0.009481696 -0.031824650 -0.210331944 0.977065895
1785983345.359999895 0.129875693 -0.022662874 0.097656046 -0.010052884 -0.031843658 -0.211314853 0.976847457
1785983345.369999886 0.130010007 -0.021011780 0.098358236 -0.010487268 -0.031854821 -0.211935438 0.976708072
1785983345.380000114 0.130067301 -0.019300069 0.099136802 -0.010610357 -0.032037756 -0.212686634 0.976537454
1785983345.390000105 0.130002954 -0.017469770 0.099996607 -0.011245604 -0.032055662 -0.213343566 0.976386447
1785983345.400000095 0.129814768 -0.015472567 0.100973279 -0.011905625 -0.032130156 -0.214053961 0.976220677
1785983345.410000086 0.129546150 -0.013301193 0.102048591 -0.012781490 -0.032185049 -0.214700279 0.976065851
1785983345.420000076 0.129183781 -0.010964157 0.103222021 -0.013725431 -0.032290943 -0.215249096 0.975928652
1785983345.430000067 0.128723881 -0.008454126 0.104469341 -0.014684602 -0.032500672 -0.215797272 0.975786660
1785983345.440000057 0.128199175 -0.005810724 0.105770471 -0.015494977 -0.032801577 -0.216259121 0.975661803
1785983345.450000048 0.127623649 -0.003036196 0.107162041 -0.016368757 -0.032949976 -0.216716674 0.975541002
1785983345.460000038 0.127012513 -0.000126973 0.108644465 -0.016932431 -0.033136595 -0.217264983 0.975403089
1785983345.470000029 0.126369313 0.002926719 0.110224375 -0.017466175 -0.033124855 -0.217639608 0.975310554
1785983345.480000019 0.125746578 0.006181075 0.111903884 -0.017997099 -0.032945970 -0.217990411 0.975228613
1785983345.490000010 0.125160721 0.009586539 0.113640109 -0.018435616 -0.032693696 -0.218513883 0.975111754
1785983345.500000000 0.124590416 0.013061614 0.115380213 -0.018764317 -0.032357048 -0.219009413 0.975005538
1785983345.509999990 0.124061311 0.016600183 0.117115266 -0.018919215 -0.032072963 -0.219709772 0.974854350
1785983345.519999981 0.123630469 0.020184914 0.118826065 -0.019113534 -0.031658311 -0.220158333 0.974762911
1785983345.529999971 0.123335391 0.023792050 0.120427028 -0.019242319 -0.031012500 -0.220755057 0.974646173
1785983345.539999962 0.123142663 0.027454330 0.121993797 -0.019393425 -0.030186233 -0.221327509 0.974539286
1785983345.549999952 0.122963379 0.031208685 0.123610055 -0.019459737 -0.029190790 -0.221979485 0.974419994
1785983345.559999943 0.122792592 0.035004843 0.125235335 -0.019532392 -0.028220401 -0.222844545 0.974249662
1785983345.569999933 0.122616462 0.038884501 0.126766554 -0.019550564 -0.027032601 -0.223694627 0.974088152
1785983345.579999924 0.122410703 0.042901115 0.128234511 -0.019577791 -0.025765927 -0.224302727 0.973982091
1785983345.589999914 0.122185194 0.047005081 0.129726819 -0.019571808 -0.024324454 -0.225005802 0.973857102
1785983345.599999905 0.121988981 0.051165744 0.131234071 -0.019735791 -0.022918388 -0.225579163 0.973755250
1785983345.609999895 0.121851656 0.055314955 0.132761746 -0.019624686 -0.021435825 -0.226338664 0.973615009
1785983345.619999886 0.121797752 0.059382406 0.134249156 -0.019267543 -0.020147742 -0.227095293 0.973473450
1785983345.630000114 0.121942711 0.063309519 0.135658967 -0.018756301 -0.018800140 -0.227591268 0.973394561
1785983345.640000105 0.122349526 0.067111617 0.136966707 -0.018076594 -0.017432456 -0.228027078 0.973330878
1785983345.650000095 0.122980319 0.070827823 0.138098507 -0.017096763 -0.015896891 -0.228755864 0.973203856
1785983345.660000086 0.123757999 0.074484493 0.139083955 -0.016155762 -0.014489125 -0.229344102 0.973103458
1785983345.670000076 0.124661350 0.078126645 0.140074204 -0.015105917 -0.012972878 -0.230108510 0.972961248
1785983345.680000067 0.125657019 0.081822844 0.141078100 -0.013922565 -0.011509422 -0.230789367 0.972836041
1785983345.690000057 0.126708450 0.085601608 0.142030734 -0.012677337 -0.010006921 -0.231565932 0.972685132
1785983345.700000048 0.127764677 0.089482706 0.142974877 -0.011360282 -0.008276969 -0.232307008 0.972540945
1785983345.710000038 0.128811546 0.093505819 0.144036531 -0.010079522 -0.006565732 -0.233306782 0.972328772
1785983345.720000029 0.129857514 0.097702803 0.145266647 -0.008426894 -0.004803587 -0.233952361 0.972199674
1785983345.730000019 0.130848096 0.102104972 0.146663958 -0.006473088 -0.003132163 -0.234629390 0.972058300
1785983345.740000010 0.131842412 0.106726861 0.148259500 -0.004428061 -0.001435422 -0.235335399 0.971903072
1785983345.750000000 0.132913806 0.111513883 0.149978094 -0.002340662 0.000329380 -0.236253200 0.971688653
1785983345.759999990 0.134120133 0.116357640 0.151951859 -0.000281897 0.001838614 -0.237005069 0.971506633
1785983345.769999981 0.135536393 0.121311022 0.154519234 0.001883949 0.003067941 -0.237782304 0.971311801
1785983345.779999971 0.137122604 0.126340049 0.157619013 0.003801582 0.004329348 -0.238549397 0.971113274
1785983345.789999962 0.138806668 0.131340929 0.161283963 0.005680233 0.005235043 -0.239191927 0.970941580
1785983345.799999952 0.140559550 0.136304027 0.165461492 0.007425997 0.005866609 -0.239898799 0.970751772
1785983345.809999943 0.142381553 0.141187617 0.169814420 0.009075728 0.006410498 -0.240641920 0.970550361
1785983345.819999933 0.144105685 0.145825214 0.173872642 0.010740602 0.007123427 -0.240960189 0.970449424
1785983345.829999924 0.145571916 0.150109737 0.177117530 0.012259802 0.007788826 -0.241146696 0.970379978
1785983345.839999914 0.146814289 0.154111058 0.179520701 0.013674718 0.008582311 -0.241572052 0.970248571
1785983345.849999905 0.147913888 0.157858587 0.181193830 0.014767589 0.009159453 -0.241885124 0.970149272
1785983345.859999895 0.148866070 0.161365262 0.182168738 0.015978520 0.009923349 -0.242251719 0.970031092
1785983345.869999886 0.149638963 0.164687401 0.182403899 0.017063306 0.010650933 -0.242872492 0.969849655
1785983345.880000114 0.150270119 0.167882355 0.182029587 0.017954265 0.011468964 -0.243472468 0.969673793
1785983345.890000105 0.150714609 0.171032104 0.181259544 0.018897457 0.012275338 -0.244040716 0.969503136
1785983345.900000095 0.150881866 0.174161032 0.179947939 0.019490068 0.013082900 -0.244464110 0.969374166
1785983345.910000086 0.150784191 0.177281659 0.178082442 0.020050509 0.014034479 -0.245169936 0.969171147
1785983345.920000076 0.150454352 0.180415127 0.175933831 0.020533107 0.014677391 -0.245664223 0.969026344
1785983345.930000067 0.149908126 0.183588580 0.173563231 0.021045097 0.015414045 -0.246321359 0.968837086
1785983345.940000057 0.149197419 0.186846704 0.171110800 0.021199449 0.016177956 -0.247045547 0.968636854
1785983345.950000048 0.148438841 0.190131970 0.168710240 0.021405540 0.016922737 -0.247597741 0.968478592
1785983345.960000038 0.147703338 0.193406531 0.166328212 0.021582256 0.017525304 -0.248214051 0.968306178
1785983345.970000029 0.146988495 0.196706944 0.163993588 0.021867716 0.018297024 -0.248726205 0.968154067
1785983345.980000019 0.146301802 0.200042146 0.161947380 0.022155850 0.019098891 -0.249469845 0.967940673
1785983345.990000010 0.145611705 0.203445863 0.160509029 0.022479205 0.020045327 -0.250370894 0.967681397
1785983346.000000000 0.145012544 0.206990382 0.159866283 0.022829180 0.020956620 -0.250794445 0.967544208
1785983346.009999990 0.144575787 0.210674061 0.160138740 0.023281944 0.021938424 -0.251345113 0.967368746
1785983346.019999981 0.144313021 0.214482251 0.161558083 0.023893517 0.022987377 -0.251724243 0.967230885
1785983346.029999971 0.144310504 0.218440340 0.164333267 0.024326290 0.024256065 -0.252041758 0.967106420
1785983346.039999962 0.144590620 0.222591343 0.168392520 0.024800806 0.025297720 -0.252275387 0.967006760
1785983346.049999952 0.145141936 0.226878462 0.173729317 0.025274736 0.026438759 -0.252667978 0.966861455
1785983346.059999943 0.145985303 0.231185836 0.180268025 0.025830121 0.027547093 -0.253257908 0.966661469
1785983346.069999933 0.147143905 0.235548525 0.187796847 0.026415387 0.028650375 -0.253588491 0.966526906
1785983346.079999924 0.148608767 0.239988100 0.196088508 0.027079383 0.029803295 -0.254151903 0.966325660
1785983346.089999914 0.150295276 0.244415370 0.205168331 0.027965196 0.030829414 -0.254622648 0.966144297
1785983346.099999905 0.152082640 0.248766361 0.215020606 0.028833330 0.031793971 -0.255123716 0.965955316
1785983346.109999895 0.153863935 0.253030931 0.225148842 0.029670507 0.032725926 -0.255542280 0.965788185
1785983346.119999886 0.155611729 0.257205791 0.235254189 0.030621842 0.033554292 -0.256093812 0.965583954
1785983346.130000114 0.157332652 0.261309451 0.245111725 0.031479049 0.034412611 -0.256703402 0.965364286
1785983346.140000105 0.158972492 0.265320031 0.254344426 0.032436909 0.034892388 -0.257111604 0.965206709
1785983346.150000095 0.160492551 0.269207009 0.262957528 0.033456935 0.035529461 -0.257648978 0.965005334
1785983346.160000086 0.161879030 0.272987612 0.270916880 0.034480059 0.035864074 -0.258217233 0.964805034
1785983346.170000076 0.163157108 0.276737988 0.278074813 0.035606730 0.036264694 -0.258724248 0.964613288
1785983346.180000067 0.164380711 0.280456024 0.284430458 0.036389144 0.036414945 -0.259451916 0.964382956
1785983346.190000057 0.165581400 0.284133834 0.289981233 0.037311436 0.036588512 -0.260017221 0.964188873
1785983346.200000048 0.166805148 0.287842772 0.294919027 0.038115533 0.036799522 -0.260656580 0.963976737
1785983346.210000038 0.168052690 0.291582941 0.299278525 0.038885863 0.036825870 -0.261200295 0.963797775
1785983346.220000029 0.169300773 0.295339486 0.303045705 0.039655664 0.036556470 -0.261712163 0.963637793
1785983346.230000019 0.170488159 0.299061630 0.306283636 0.040195589 0.036349323 -0.262242387 0.963479098
1785983346.240000010 0.171594560 0.302698287 0.309195073 0.040641873 0.036147216 -0.262815085 0.963311916
1785983346.250000000 0.172653485 0.306222632 0.311732119 0.041224101 0.035825154 -0.263458096 0.963123545
1785983346.259999990 0.173627105 0.309642382 0.313745471 0.041690890 0.035182171 -0.264054409 0.962963838
1785983346.269999981 0.174545569 0.312944283 0.315556362 0.042065828 0.034498910 -0.264662022 0.962805435
1785983346.279999971 0.175455686 0.316129809 0.317339576 0.042426827 0.033926590 -0.265246293 0.962649134
1785983346.289999962 0.176330282 0.319185507 0.319118240 0.042508395 0.033254708 -0.265944528 0.962476321
1785983346.299999952 0.177163723 0.322107497 0.320883797 0.042559631 0.032520813 -0.266665061 0.962299756
1785983346.309999943 0.177981441 0.324908808 0.322614892 0.042506487 0.031978689 -0.267233185 0.962162661
1785983346.319999933 0.178803683 0.327566732 0.324347659 0.042369935 0.031341809 -0.267756757 0.962044073
1785983346.329999924 0.179627354 0.330102391 0.326081335 0.042018737 0.030831494 -0.268488858 0.961871913
1785983346.339999914 0.180467830 0.332554099 0.327779421 0.041838634 0.030225573 -0.268970597 0.961764400
1785983346.349999905 0.181368004 0.334944098 0.329427609 0.041575278 0.029590078 -0.269506439 0.961645570
1785983346.359999895 0.182336361 0.337268030 0.331034931 0.041236645 0.029019841 -0.270147628 0.961497606
1785983346.369999886 0.183357882 0.339565354 0.332593134 0.040969491 0.028509749 -0.270667612 0.961378042
1785983346.380000114 0.184466352 0.341931152 0.334080304 0.040626518 0.028074939 -0.271143093 0.961271401
1785983346.390000105 0.185692358 0.344377760 0.335559081 0.040250374 0.027781889 -0.271564966 0.961176645
1785983346.400000095 0.187067003 0.346888829 0.337326212 0.039918726 0.027445117 -0.272028399 0.961069098
1785983346.410000086 0.188579045 0.349509537 0.339635475 0.039466072 0.027116832 -0.272538977 0.960952451
1785983346.420000076 0.190162336 0.352231834 0.342239278 0.039123008 0.026656509 -0.273142102 0.960808104
1785983346.430000067 0.191810061 0.355033579 0.344917375 0.038850890 0.026601127 -0.273607571 0.960688235
1785983346.440000057 0.193508937 0.357936906 0.347950382 0.038591436 0.026572621 -0.274062313 0.960569855
1785983346.450000048 0.195249047 0.360958763 0.351433214 0.038419814 0.026429782 -0.274617329 0.960422151
1785983346.460000038 0.196983376 0.364039168 0.355208377 0.038403097 0.026366534 -0.275151994 0.960271518
1785983346.470000029 0.198653268 0.367098958 0.359178006 0.038330655 0.026303132 -0.275576866 0.960154309
1785983346.480000019 0.200281834 0.370093483 0.363555704 0.038326529 0.026315287 -0.275974020 0.960040063
1785983346.490000010 0.201840659 0.372923517 0.368503452 0.038460364 0.026089680 -0.276374464 0.959925666
1785983346.500000000 0.203288567 0.375493279 0.373658922 0.038742216 0.026113736 -0.276600854 0.959848468
1785983346.509999990 0.204671720 0.377794042 0.378767981 0.038952697 0.026178402 -0.277101879 0.959693663
1785983346.519999981 0.205948126 0.379743977 0.383794732 0.039487609 0.026158270 -0.277265076 0.959625214
1785983346.529999971 0.207039845 0.381312735 0.388776575 0.040044736 0.026164677 -0.277554935 0.959518154
1785983346.539999962 0.207940191 0.382541486 0.393625925 0.040684181 0.026255389 -0.277706340 0.959444965
1785983346.549999952 0.208578656 0.383407110 0.398308668 0.041036611 0.026112416 -0.277808650 0.959404238
1785983346.559999943 0.208963922 0.383923692 0.402919692 0.041662295 0.026100724 -0.278190346 0.959266979
1785983346.569999933 0.209148585 0.384114836 0.407421715 0.042132137 0.026008988 -0.278377490 0.959194656
1785983346.579999924 0.209110947 0.384053786 0.411865053 0.042684791 0.026061676 -0.278707558 0.959072935
1785983346.589999914 0.208899400 0.383743061 0.416290909 0.043384968 0.025956410 -0.279093370 0.958932167
1785983346.599999905 0.208551722 0.383161314 0.420684899 0.043989257 0.025858393 -0.279518619 0.958783412
1785983346.609999895 0.208099750 0.382367715 0.425021321 0.044461572 0.025735445 -0.279876197 0.958660612
1785983346.619999886 0.207558523 0.381354578 0.429278661 0.045085303 0.025636448 -0.280536665 0.958441061
1785983346.630000114 0.206936290 0.380203191 0.433234719 0.045494889 0.025453899 -0.280974980 0.958298166
1785983346.640000105 0.206279050 0.379062926 0.436723053 0.045824238 0.025180728 -0.281429134 0.958156413
1785983346.650000095 0.205580968 0.378031285 0.439653522 0.046155972 0.024874543 -0.281826410 0.958031710
1785983346.660000086 0.204845679 0.377142690 0.441826504 0.046413688 0.024445771 -0.282431536 0.957852077
1785983346.670000076 0.204093594 0.376345154 0.443323821 0.046637227 0.024183214 -0.282898931 0.957709943
1785983346.680000067 0.203375056 0.375621390 0.444495465 0.046621605 0.023756289 -0.283335154 0.957592427
1785983346.690000057 0.202748465 0.375010318 0.445504034 0.046470194 0.023386426 -0.283710259 0.957497825
1785983346.700000048 0.202245956 0.374576544 0.446399496 0.046137321 0.022950300 -0.283973367 0.957446478
1785983346.710000038 0.201911664 0.374329589 0.447334042 0.045993345 0.022479795 -0.284217218 0.957392210
1785983346.720000029 0.201742794 0.374266839 0.448244964 0.045446409 0.022124227 -0.284638668 0.957301400
1785983346.730000019 0.201726656 0.374398769 0.449118780 0.044995369 0.021821938 -0.284805234 0.957280104
1785983346.740000010 0.201857890 0.374753824 0.450339433 0.044257796 0.021458002 -0.285215476 0.957200571
1785983346.750000000 0.202152576 0.375390481 0.452203092 0.043596799 0.021151299 -0.285541328 0.957140581
1785983346.759999990 0.202611788 0.376236832 0.454561292 0.042985676 0.020903210 -0.286130754 0.956997638
1785983346.769999981 0.203174186 0.377140245 0.457234535 0.042354131 0.020604763 -0.286699959 0.956861905
1785983346.779999971 0.203817154 0.378071268 0.460227037 0.041532063 0.020233359 -0.287194026 0.956757697
1785983346.789999962 0.204602707 0.379098313 0.463433230 0.040677149 0.019967909 -0.287648868 0.956663358
1785983346.799999952 0.205556900 0.380253964 0.466809507 0.039986398 0.019716708 -0.288018626 0.956586437
1785983346.809999943 0.206606254 0.381472635 0.470362650 0.039375048 0.019280438 -0.288416800 0.956500716
1785983346.819999933 0.207721817 0.382707358 0.473978950 0.038534102 0.018793336 -0.289034693 0.956358134
1785983346.829999924 0.208911522 0.383945051 0.477864945 0.037890911 0.018559034 -0.289644334 0.956203954
1785983346.839999914 0.210170756 0.385222228 0.482198497 0.037283195 0.018213127 -0.290227776 0.956057573
1785983346.849999905 0.211510004 0.386570592 0.486857701 0.036653107 0.018120428 -0.290921119 0.955872953
1785983346.859999895 0.212959623 0.387964676 0.491607871 0.036117719 0.017911670 -0.291361245 0.955763207
1785983346.869999886 0.214490392 0.389416473 0.496302583 0.035583069 0.017932928 -0.291733783 0.955669219
1785983346.880000114 0.216017719 0.390909248 0.500977469 0.035197336 0.017930949 -0.292281087 0.955516298
1785983346.890000105 0.217557632 0.392403381 0.505669685 0.034751178 0.017899426 -0.292688706 0.955408440
1785983346.900000095 0.219166613 0.393888719 0.510384257 0.034294663 0.017937641 -0.293173991 0.955275420
1785983346.910000086 0.220826911 0.395387825 0.514940812 0.034036857 0.017590218 -0.293782458 0.955104153
1785983346.920000076 0.222496221 0.396890800 0.519069304 0.033789719 0.017344106 -0.294366315 0.954937647
1785983346.930000067 0.224080493 0.398291030 0.522916596 0.033522421 0.017189185 -0.294982100 0.954759834
1785983346.940000057 0.225509373 0.399439319 0.526554267 0.033357286 0.017131260 -0.295342957 0.954655094
1785983346.950000048 0.226740582 0.400287095 0.529715994 0.033158197 0.017127578 -0.295751950 0.954535470
1785983346.960000038 0.227752363 0.400840079 0.532375201 0.032697518 0.016854494 -0.296018017 0.954473746
1785983346.970000029 0.228590871 0.401071064 0.534510914 0.032431613 0.016700555 -0.296318749 0.954392205
1785983346.980000019 0.229203249 0.400928508 0.536307428 0.032244207 0.016358985 -0.296640514 0.954304511
1785983346.990000010 0.229480235 0.400414283 0.537708949 0.031766857 0.016412668 -0.296813440 0.954265829
1785983347.000000000 0.229412610 0.399536234 0.538745305 0.031464279 0.016307100 -0.296895293 0.954252201
1785983347.009999990 0.229045857 0.398260609 0.539473598 0.030928833 0.016237212 -0.297040619 0.954225671
1785983347.019999981 0.228448305 0.396606533 0.539680162 0.030545932 0.016002662 -0.297451320 0.954114025
1785983347.029999971 0.227682885 0.394552769 0.539638551 0.030023751 0.015866323 -0.297794700 0.954025760
1785983347.039999962 0.226831990 0.392127773 0.539535109 0.029493537 0.015744628 -0.298414271 0.953850702
1785983347.049999952 0.225900935 0.389426236 0.539261621 0.028691793 0.015739077 -0.299235619 0.953617904
1785983347.059999943 0.224864104 0.386558946 0.538869072 0.028012993 0.015626042 -0.299637340 0.953513798
1785983347.069999933 0.223743574 0.383663490 0.538490138 0.027462063 0.015466256 -0.299999765 0.953418466
1785983347.079999924 0.222518636 0.380749195 0.538114830 0.026936439 0.015552903 -0.300829437 0.953170596
1785983347.089999914 0.221195649 0.377795275 0.537863139 0.026548518 0.015546328 -0.301294199 0.953034781
1785983347.099999905 0.219814859 0.374805946 0.537999928 0.026296612 0.015543776 -0.301748904 0.952897937
1785983347.109999895 0.218425785 0.371767647 0.538685734 0.026174334 0.015509663 -0.302186466 0.952763189
1785983347.119999886 0.217062654 0.368709348 0.539926255 0.026151760 0.015498398 -0.302591720 0.952635364
1785983347.130000114 0.215752773 0.365616681 0.541833321 0.026055074 0.015531234 -0.303065292 0.952486925
1785983347.140000105 0.214569704 0.362553701 0.544586889 0.025975407 0.015497156 -0.303419761 0.952376798
1785983347.150000095 0.213500605 0.359627668 0.548178443 0.025908381 0.015506428 -0.303919545 0.952219101
1785983347.160000086 0.212513810 0.356864857 0.552525124 0.025862389 0.015669154 -0.304271046 0.952105427
1785983347.170000076 0.211646251 0.354279795 0.557700622 0.025907660 0.015736032 -0.304812100 0.951930015
1785983347.180000067 0.210844587 0.351929818 0.563670003 0.026049937 0.015907621 -0.305191866 0.951801593
1785983347.190000057 0.210006744 0.349907938 0.570334006 0.026306059 0.016090848 -0.305489048 0.951696127
1785983347.200000048 0.209111381 0.348211990 0.577396815 0.026488761 0.016307225 -0.305922230 0.951548217
1785983347.210000038 0.208238346 0.346850731 0.584733151 0.026702480 0.016517360 -0.306150880 0.951465077
1785983347.220000029 0.207501515 0.345798035 0.592332275 0.026909119 0.016800652 -0.306428597 0.951364889
1785983347.230000019 0.207010433 0.345002624 0.599991140 0.027409157 0.016860823 -0.306836984 0.951217912
1785983347.240000010 0.206763487 0.344432527 0.607632226 0.027866812 0.017015132 -0.307214832 0.951079899
1785983347.250000000 0.206773603 0.344078200 0.614942735 0.027939794 0.017142553 -0.307657081 0.950932501
1785983347.259999990 0.207064046 0.343937078 0.621969478 0.028156270 0.017108371 -0.308061866 0.950795675
1785983347.269999981 0.207555345 0.343979243 0.628952442 0.028374455 0.017149415 -0.308375522 0.950686765
1785983347.279999971 0.208157812 0.344184259 0.635787477 0.028740142 0.017148911 -0.308710420 0.950567092
1785983347.289999962 0.208835482 0.344474720 0.642491228 0.028948325 0.017085476 -0.309274272 0.950378612
1785983347.299999952 0.209593554 0.344879666 0.649183010 0.029276040 0.017147306 -0.309843814 0.950181927
1785983347.309999943 0.210400021 0.345442428 0.655617715 0.029633565 0.017336168 -0.310631645 0.949910149
1785983347.319999933 0.211296725 0.346083512 0.661721443 0.029804052 0.017183364 -0.311061221 0.949767007
1785983347.329999924 0.212293647 0.346778478 0.667683440 0.029929755 0.017304893 -0.311648483 0.949568309
1785983347.339999914 0.213391909 0.347463001 0.673242722 0.030059652 0.017505804 -0.312319528 0.949340022
1785983347.349999905 0.214588105 0.348029009 0.678242098 0.029862903 0.017290366 -0.312930921 0.949148823
1785983347.359999895 0.215768707 0.348473370 0.682950183 0.030092926 0.017232895 -0.313501999 0.948954129
1785983347.369999886 0.216912407 0.348791739 0.687560494 0.030284139 0.017280320 -0.313842762 0.948834539
1785983347.380000114 0.218010553 0.348943545 0.691939748 0.030429205 0.017106615 -0.314338762 0.948668841
1785983347.390000105 0.218993951 0.348929883 0.696072256 0.030759002 0.017015746 -0.314786238 0.948511451
1785983347.400000095 0.219787741 0.348741084 0.699971437 0.031144568 0.016807571 -0.315006238 0.948429540
1785983347.410000086 0.220357594 0.348376850 0.703547186 0.031392184 0.016664178 -0.315192841 0.948361908
1785983347.420000076 0.220704457 0.347856950 0.706944163 0.031631943 0.016580356 -0.315507363 0.948250819
1785983347.430000067 0.220799547 0.347206331 0.710397572 0.031984078 0.016408856 -0.316001963 0.948077279
1785983347.440000057 0.220716381 0.346479561 0.713922068 0.032263036 0.016208191 -0.316735130 0.947826592
1785983347.450000048 0.220473737 0.345612871 0.717317191 0.032536183 0.015973922 -0.317212623 0.947661534
1785983347.460000038 0.220072498 0.344534997 0.720552494 0.032741661 0.015781575 -0.317546671 0.947545797
1785983347.470000029 0.219594629 0.343282052 0.723607851 0.033033577 0.015486465 -0.317966727 0.947399658
1785983347.480000019 0.219010693 0.341887156 0.726199723 0.033334565 0.015321197 -0.318412644 0.947242026
1785983347.490000010 0.218287767 0.340403459 0.728454009 0.033447022 0.015160388 -0.318920223 0.947069876
1785983347.500000000 0.217425103 0.338911656 0.730458093 0.033602283 0.014960734 -0.319381200 0.946912199
1785983347.509999990 0.216422707 0.337459230 0.731705041 0.033789457 0.014765303 -0.319853773 0.946749081
1785983347.519999981 0.215275426 0.336017700 0.731679011 0.033879245 0.014508837 -0.320369252 0.946575529
1785983347.529999971 0.213963419 0.334471073 0.730442791 0.033871439 0.014318116 -0.320811083 0.946429060
1785983347.539999962 0.212498042 0.332759526 0.728719825 0.033859742 0.014160388 -0.321286948 0.946270415
1785983347.549999952 0.210900530 0.330950695 0.726939900 0.033868229 0.014012363 -0.321936716 0.946051451
1785983347.559999943 0.209198954 0.329102207 0.725073667 0.033771576 0.013750090 -0.322723386 0.945790691
1785983347.569999933 0.207446621 0.327195419 0.723155345 0.033740282 0.013648194 -0.323185764 0.945635385
1785983347.579999924 0.205666745 0.325196799 0.721264601 0.033525688 0.013479463 -0.323775288 0.945443756
1785983347.589999914 0.203844060 0.323103659 0.719673184 0.033219074 0.013405435 -0.324456733 0.945221993
1785983347.599999905 0.201975938 0.320941848 0.718652788 0.033016150 0.013386917 -0.324954987 0.945058189
1785983347.609999895 0.200102600 0.318723077 0.718082620 0.032723061 0.013433479 -0.325480526 0.944886856
1785983347.619999886 0.198260239 0.316476021 0.717652563 0.032354354 0.013678032 -0.325957702 0.944731540
1785983347.630000114 0.196526088 0.314248189 0.717204105 0.032038512 0.013936365 -0.326331241 0.944609566
1785983347.640000105 0.194958782 0.312044475 0.716769571 0.031645192 0.014105601 -0.326727679 0.944483265
1785983347.650000095 0.193533526 0.309874248 0.716337469 0.031197401 0.014251516 -0.327057532 0.944381802
1785983347.660000086 0.192220846 0.307737677 0.715868941 0.030850238 0.014417118 -0.327384055 0.944277549
1785983347.670000076 0.191036767 0.305672018 0.715396518 0.030570918 0.014727466 -0.327823545 0.944129358
1785983347.680000067 0.190013363 0.303684794 0.714787155 0.030359765 0.015013581 -0.328224586 0.943992319
1785983347.690000057 0.189158753 0.301634761 0.713978311 0.030305761 0.015343663 -0.328702752 0.943822353
1785983347.700000048 0.188401019 0.299542536 0.713148653 0.030107771 0.015579705 -0.329069164 0.943697134
1785983347.710000038 0.187671119 0.297502059 0.712402012 0.029859751 0.015953450 -0.329487613 0.943552752
1785983347.720000029 0.186966863 0.295519705 0.711835739 0.029560276 0.016239710 -0.329997505 0.943379091
1785983347.730000019 0.186275592 0.293662032 0.711379147 0.029270560 0.016517047 -0.330584225 0.943177868
1785983347.740000010 0.185645670 0.291928510 0.711058621 0.028980823 0.016854283 -0.331111603 0.942995839
1785983347.750000000 0.185119818 0.290270211 0.711095136 0.028597417 0.017121654 -0.331832496 0.942749294
1785983347.759999990 0.184690517 0.288709102 0.711377009 0.028348356 0.017365005 -0.332130030 0.942647586
1785983347.769999981 0.184317110 0.287251033 0.711737780 0.028007594 0.017694898 -0.332646959 0.942469345
1785983347.779999971 0.183955942 0.285854163 0.712160674 0.027638269 0.018041647 -0.333154118 0.942294518
1785983347.789999962 0.183625082 0.284469038 0.713099750 0.027245590 0.018341355 -0.333598934 0.942142783
1785983347.799999952 0.183367689 0.283076469 0.715048604 0.026843830 0.018712432 -0.334125787 0.941960303
1785983347.809999943 0.183213639 0.281715764 0.717864301 0.026516788 0.018900179 -0.334627647 0.941787652
1785983347.819999933 0.183143026 0.280437006 0.721525145 0.026199097 0.018987422 -0.335196858 0.941592349
1785983347.829999924 0.183068922 0.279272440 0.726198731 0.025831526 0.019074712 -0.335638393 0.941443443
1785983347.839999914 0.182902353 0.278267467 0.731744686 0.025620355 0.019168791 -0.336140896 0.941268003
1785983347.849999905 0.182564589 0.277503044 0.737958706 0.025261646 0.019262879 -0.336517421 0.941141231
1785983347.859999895 0.182032421 0.276979654 0.744762089 0.024852997 0.019332292 -0.336823948 0.941041029
1785983347.869999886 0.181389830 0.276582545 0.752105685 0.024462104 0.019396509 -0.337254363 0.940895784
1785983347.880000114 0.180756666 0.276277650 0.759749162 0.023900074 0.019448777 -0.337792186 0.940716201
1785983347.890000105 0.180194954 0.276078465 0.767418290 0.023580217 0.019415451 -0.338290932 0.940545724
1785983347.900000095 0.179681262 0.275930316 0.775172217 0.023057778 0.019389879 -0.338743851 0.940396180
1785983347.910000086 0.179157819 0.275777378 0.783415268 0.022560777 0.019436985 -0.339247819 0.940225575
1785983347.920000076 0.178590807 0.275564456 0.792062014 0.022165712 0.019476665 -0.339747173 0.940053828
1785983347.930000067 0.177949999 0.275299848 0.800760223 0.021936564 0.019547940 -0.340091837 0.939933087
1785983347.940000057 0.177262814 0.275004769 0.809499354 0.021340646 0.019573437 -0.340493682 0.939800782
1785983347.950000048 0.176609745 0.274638591 0.818214869 0.021015011 0.019573303 -0.340839483 0.939682767
1785983347.960000038 0.175998443 0.274161139 0.826893860 0.020761652 0.019557885 -0.341121358 0.939586431
1785983347.970000029 0.175393888 0.273569474 0.835516227 0.020636796 0.019490431 -0.341529626 0.939442260
1785983347.980000019 0.174754728 0.272880025 0.844113642 0.020427960 0.019400636 -0.341849099 0.939332480
1785983347.990000010 0.174045111 0.272117066 0.852718359 0.020343413 0.019423930 -0.342594835 0.939062104
1785983348.000000000 0.173224687 0.271276024 0.861026217 0.020159600 0.019389888 -0.343096961 0.938883432
1785983348.009999990 0.172306391 0.270365770 0.869021752 0.020075327 0.019110730 -0.343581675 0.938713691
1785983348.019999981 0.171324659 0.269406791 0.876951872 0.019940252 0.019145581 -0.343967301 0.938574626
1785983348.029999971 0.170249550 0.268437325 0.884708352 0.019771426 0.019075779 -0.344483311 0.938390353
1785983348.039999962 0.169127814 0.267478695 0.892354001 0.019750527 0.019144015 -0.345017423 0.938193158
1785983348.049999952 0.168020140 0.266488397 0.899505004 0.019578541 0.019353887 -0.345618536 0.937971180
1785983348.059999943 0.166909300 0.265454933 0.906052855 0.019481576 0.019625508 -0.346029175 0.937816143
1785983348.069999933 0.165745234 0.264404506 0.912003262 0.019330403 0.019855309 -0.346459292 0.937655620
1785983348.079999924 0.164502414 0.263342088 0.916916720 0.019120105 0.020127624 -0.346977257 0.937462577
1785983348.089999914 0.163193761 0.262230179 0.920908475 0.018784849 0.020399540 -0.347430640 0.937295545
1785983348.099999905 0.161855417 0.260998212 0.924452648 0.018669171 0.020547824 -0.347966444 0.937095834
1785983348.109999895 0.160465159 0.259587045 0.927652303 0.018405217 0.020866506 -0.348317070 0.936963743
1785983348.119999886 0.158936922 0.257961277 0.930416390 0.018277224 0.021136643 -0.348592679 0.936857689
1785983348.130000114 0.157275734 0.256182676 0.932939346 0.018037425 0.021339456 -0.348977813 0.936714345
1785983348.140000105 0.155522913 0.254389868 0.935344011 0.017693320 0.021645102 -0.349323550 0.936585017
1785983348.150000095 0.153615314 0.252624141 0.937757728 0.017319111 0.022049261 -0.349783884 0.936410761
1785983348.160000086 0.151475912 0.250849079 0.940054941 0.016973790 0.022334448 -0.350165430 0.936267715
1785983348.170000076 0.149197666 0.249055309 0.942247395 0.016681880 0.022508818 -0.350620380 0.936098508
1785983348.180000067 0.146866156 0.247260848 0.944281201 0.016334912 0.022684745 -0.351064748 0.935933820
1785983348.190000057 0.144383267 0.245376213 0.946107308 0.016088605 0.022844173 -0.351548170 0.935752737
1785983348.200000048 0.141727814 0.243300734 0.947893663 0.015787752 0.022846595 -0.351860358 0.935640459
1785983348.210000038 0.138996213 0.241032478 0.949440218 0.015665819 0.022950580 -0.352186350 0.935517305
1785983348.220000029 0.136280851 0.238602626 0.950737050 0.015630227 0.022814101 -0.352630923 0.935353754
1785983348.230000019 0.133688489 0.236024994 0.951953273 0.015636095 0.022807276 -0.352921402 0.935244260
1785983348.240000010 0.131250316 0.233326492 0.952882894 0.015800440 0.022642820 -0.353173367 0.935150374
1785983348.250000000 0.128989523 0.230526052 0.953395887 0.016051290 0.022390860 -0.353518230 0.935021854
1785983348.259999990 0.126908133 0.227622571 0.953731097 0.016362673 0.022231720 -0.353805731 0.934911503
1785983348.269999981 0.124930014 0.224651884 0.954028527 0.016666372 0.022228408 -0.354079905 0.934802413
1785983348.279999971 0.123007929 0.221657983 0.954329853 0.017180466 0.022136050 -0.354206303 0.934747411
1785983348.289999962 0.121153002 0.218680553 0.954668994 0.017786577 0.022035680 -0.354386477 0.934670151
1785983348.299999952 0.119346472 0.215765302 0.955013434 0.018408208 0.021998690 -0.354754763 0.934519263
1785983348.309999943 0.117555936 0.212951543 0.955348633 0.018815619 0.021959787 -0.354996936 0.934420096
1785983348.319999933 0.115828772 0.210295500 0.955655673 0.019403913 0.021952930 -0.355244870 0.934313994
1785983348.329999924 0.114220306 0.207817360 0.955724170 0.019831671 0.021961179 -0.355516487 0.934201498
1785983348.339999914 0.112759084 0.205490623 0.955538661 0.020328909 0.022038841 -0.355689467 0.934123133
1785983348.349999905 0.111491951 0.203325324 0.955029176 0.020968171 0.022007606 -0.356129184 0.933942185
1785983348.359999895 0.110360107 0.201298908 0.953681794 0.021608313 0.022015117 -0.356424102 0.933814904
1785983348.369999886 0.109289128 0.199355695 0.951605363 0.022216518 0.021970450 -0.356761749 0.933672737
1785983348.380000114 0.108282629 0.197459809 0.949242341 0.022726929 0.022035126 -0.357132569 0.933517149
1785983348.390000105 0.107344083 0.195579691 0.946748070 0.023079786 0.021867193 -0.357581811 0.933340451
1785983348.400000095 0.106469604 0.193685819 0.944211894 0.023286819 0.022002876 -0.357912734 0.933205268
1785983348.410000086 0.105661482 0.191780383 0.941286833 0.023315204 0.022172114 -0.358409533 0.933009864
1785983348.420000076 0.104923849 0.189830197 0.937904364 0.023214022 0.022230957 -0.358861368 0.932837291
1785983348.430000067 0.104243550 0.187793002 0.934302794 0.023153070 0.022415868 -0.359163922 0.932717932
1785983348.440000057 0.103606849 0.185713932 0.930553778 0.022988766 0.022567837 -0.359492872 0.932591596
1785983348.450000048 0.103001900 0.183614260 0.926803687 0.022858956 0.022733604 -0.359724375 0.932501488
1785983348.460000038 0.102445510 0.181456066 0.923048278 0.022625180 0.022927316 -0.360175239 0.932328395
1785983348.470000029 0.101909221 0.179315604 0.919284822 0.022488581 0.022947183 -0.360425342 0.932234554
1785983348.480000019 0.101422588 0.177230790 0.915529118 0.022340605 0.023019587 -0.360900895 0.932052327
1785983348.490000010 0.101077840 0.175130275 0.911754834 0.022152920 0.023018383 -0.361315171 0.931896319
1785983348.500000000 0.100902502 0.173032182 0.907972521 0.021971967 0.022946232 -0.361704563 0.931751315
1785983348.509999990 0.100882646 0.171005634 0.904217926 0.021709584 0.022894368 -0.362039276 0.931628737
1785983348.519999981 0.100968872 0.169091799 0.900521441 0.021380840 0.022687094 -0.362377002 0.931510098
1785983348.529999971 0.101133030 0.167274559 0.896818046 0.021190155 0.022659559 -0.362932266 0.931298927
1785983348.539999962 0.101358389 0.165571160 0.893106267 0.020853391 0.022538605 -0.363478971 0.931096227
1785983348.549999952 0.101572412 0.164035515 0.889517635 0.020430380 0.022353180 -0.363932283 0.930932988
1785983348.559999943 0.101719829 0.162674467 0.886354183 0.020040189 0.022195617 -0.364328904 0.930790092
1785983348.569999933 0.101752786 0.161457097 0.883991271 0.019556379 0.022096901 -0.364671081 0.930668726
1785983348.579999924 0.101631475 0.160328753 0.882648359 0.019114098 0.022048997 -0.365026433 0.930539734
1785983348.589999914 0.101366194 0.159258066 0.882288414 0.018645709 0.022070147 -0.365287916 0.930446121
1785983348.599999905 0.100959748 0.158229243 0.882950882 0.018230405 0.022050326 -0.365547054 0.930353044
1785983348.609999895 0.100384647 0.157246381 0.884695442 0.017781790 0.022023572 -0.365916806 0.930216997
1785983348.619999886 0.099646027 0.156338277 0.887650873 0.017404486 0.022024630 -0.366230802 0.930100532
1785983348.630000114 0.098827016 0.155479250 0.891790848 0.017055729 0.021983165 -0.366746914 0.929904589
1785983348.640000105 0.097986115 0.154620556 0.896909718 0.016676610 0.021973511 -0.367142316 0.929755653
1785983348.650000095 0.097171172 0.153737516 0.902997451 0.016334670 0.021962496 -0.367674697 0.929551583
1785983348.660000086 0.096417270 0.152836642 0.909545448 0.016006754 0.021854221 -0.368121851 0.929382849
1785983348.670000076 0.095685617 0.151933831 0.916266954 0.015655427 0.021690806 -0.368678059 0.929172161
1785983348.680000067 0.094947522 0.151035428 0.923156592 0.015271648 0.021443235 -0.369003767 0.929054995
1785983348.690000057 0.094254479 0.150137157 0.930030482 0.014736242 0.021456279 -0.369578731 0.928834771
1785983348.700000048 0.093624778 0.149235736 0.936906297 0.014367072 0.021297374 -0.369950028 0.928696391
1785983348.710000038 0.092997349 0.148330989 0.943825239 0.013812007 0.021161830 -0.370419815 0.928520633
1785983348.720000029 0.092327033 0.147421777 0.950744584 0.013488476 0.020912293 -0.370868534 0.928351909
1785983348.730000019 0.091610041 0.146480805 0.957658130 0.013255919 0.020740245 -0.371249804 0.928206715
1785983348.740000010 0.090878194 0.145439047 0.964575360 0.013130836 0.020801819 -0.371921481 0.927938186
1785983348.750000000 0.090185229 0.144263974 0.971746501 0.012865886 0.020656071 -0.372418383 0.927745840
1785983348.759999990 0.089555833 0.142956797 0.979452988 0.012666256 0.020487205 -0.373015208 0.927512531
1785983348.769999981 0.088995879 0.141527402 0.987605891 0.012529078 0.020387264 -0.373504206 0.927319788
1785983348.779999971 0.088496371 0.139999227 0.995950741 0.012310728 0.020091743 -0.373979218 0.927137699
1785983348.789999962 0.088046398 0.138378781 1.004324846 0.012233358 0.019878755 -0.374429277 0.926961648
1785983348.799999952 0.087605660 0.136662149 1.012962073 0.012040679 0.019644462 -0.374961730 0.926753915
1785983348.809999943 0.087077081 0.134837508 1.021836682 0.011955289 0.019327852 -0.375476525 0.926553228
1785983348.819999933 0.086416938 0.132873852 1.030708615 0.011694076 0.019055560 -0.375899821 0.926390554
1785983348.829999924 0.085712865 0.130751986 1.039568528 0.011658826 0.018665899 -0.376480550 0.926163080
1785983348.839999914 0.085037880 0.128483510 1.048409927 0.011489109 0.018366955 -0.376874880 0.926010788
1785983348.849999905 0.084369803 0.126114169 1.057538791 0.011499814 0.017967440 -0.377396470 0.925806043
1785983348.859999895 0.083674474 0.123697027 1.066917239 0.011292506 0.017633945 -0.377935505 0.925595093
1785983348.869999886 0.082935814 0.121259811 1.076276908 0.011248823 0.017256301 -0.378430382 0.925400524
1785983348.880000114 0.082172394 0.118801432 1.085629247 0.011208775 0.016717401 -0.378985974 0.925183508
1785983348.890000105 0.081415649 0.116348505 1.094947465 0.011052533 0.016000968 -0.379459431 0.925003973
1785983348.900000095 0.080682621 0.113940871 1.103669599 0.010962464 0.015469449 -0.379921491 0.924824405
1785983348.910000086 0.079962448 0.111568449 1.111076701 0.010858644 0.014920713 -0.380459928 0.924613273
1785983348.920000076 0.079234406 0.109230715 1.116783433 0.010773740 0.014380068 -0.380868150 0.924454754
1785983348.930000067 0.078472102 0.106976599 1.120668540 0.010657008 0.013867105 -0.381336840 0.924270710
1785983348.940000057 0.077648222 0.104841171 1.122906149 0.010543521 0.013426152 -0.381854726 0.924064684
1785983348.950000048 0.076755160 0.102761970 1.123875619 0.010399729 0.012921418 -0.382293027 0.923892269
1785983348.960000038 0.075832300 0.100660613 1.124369730 0.010300320 0.012562069 -0.382830821 0.923675625
1785983348.970000029 0.074935291 0.098530227 1.124845135 0.010242790 0.012262517 -0.383214887 0.923521016
1785983348.980000019 0.074099483 0.096400433 1.125305039 0.010368142 0.011905817 -0.383746035 0.923303706
1785983348.990000010 0.073361667 0.094310002 1.125870225 0.010519820 0.011654801 -0.384234530 0.923102012
1785983349.000000000 0.072724137 0.092277730 1.126707829 0.010633236 0.011558900 -0.384762746 0.922881875
1785983349.009999990 0.072107569 0.090331383 1.127714407 0.010637781 0.011529301 -0.385318092 0.922650465
1785983349.019999981 0.071443391 0.088468334 1.128728359 0.010824150 0.011490140 -0.385787873 0.922452455
1785983349.029999971 0.070748218 0.086645792 1.129754927 0.011005431 0.011572270 -0.386308245 0.922231480
1785983349.039999962 0.070047954 0.084848329 1.131013700 0.011282900 0.011586653 -0.386758808 0.922039083
1785983349.049999952 0.069356336 0.083078712 1.132501420 0.011698739 0.011623222 -0.387117357 0.921882960
1785983349.059999943 0.068680575 0.081366449 1.133988455 0.012045876 0.011568788 -0.387445768 0.921741198
1785983349.069999933 0.068001772 0.079724022 1.135449181 0.012553776 0.011453083 -0.387881450 0.921552608
1785983349.079999924 0.067314682 0.078104725 1.136871839 0.012993070 0.011498656 -0.388386221 0.921333330
1785983349.089999914 0.066657572 0.076492653 1.138268353 0.013596552 0.011508592 -0.388920705 0.921099002
1785983349.099999905 0.066030385 0.074847491 1.139625132 0.014013801 0.011547909 -0.389324588 0.920921617
1785983349.109999895 0.065393474 0.073129607 1.140814201 0.014341316 0.011742222 -0.389525610 0.920829108
1785983349.119999886 0.064745178 0.071378153 1.141620231 0.014616702 0.012004911 -0.390170095 0.920548495
1785983349.130000114 0.064110375 0.069600800 1.142191759 0.014717157 0.012351514 -0.390580443 0.920368276
1785983349.140000105 0.063508687 0.067834024 1.142739129 0.014716469 0.012580303 -0.390816899 0.920264806
1785983349.150000095 0.062946041 0.066112312 1.143250074 0.014665507 0.012971479 -0.391133756 0.920125561
1785983349.160000086 0.062406408 0.064435485 1.143744535 0.014546048 0.013279084 -0.391310970 0.920047718
1785983349.170000076 0.061842600 0.062833545 1.144211694 0.014364803 0.013560363 -0.391542609 0.919947908
1785983349.180000067 0.061232882 0.061340372 1.144751754 0.014270215 0.013856792 -0.391894871 0.919794956
1785983349.190000057 0.060570525 0.059985064 1.145366233 0.014144660 0.014251595 -0.392377406 0.919585120
1785983349.200000048 0.059852725 0.058790285 1.146259264 0.013813929 0.014467377 -0.392844091 0.919387508
1785983349.210000038 0.059119210 0.057734467 1.147420690 0.013526957 0.014619138 -0.393143365 0.919261441
1785983349.220000029 0.058448096 0.056768509 1.148559182 0.013364279 0.014897491 -0.393548449 0.919086002
1785983349.230000019 0.057895386 0.055864878 1.149652563 0.013197514 0.015162394 -0.393861838 0.918949825
1785983349.240000010 0.057440405 0.055008498 1.150492290 0.013009604 0.015367317 -0.394189620 0.918808543
1785983349.250000000 0.057040693 0.054167215 1.151129069 0.012917751 0.015562001 -0.394392600 0.918719453
1785983349.259999990 0.056679914 0.053322193 1.151758610 0.012810821 0.015689024 -0.394701383 0.918586172
1785983349.269999981 0.056348634 0.052474919 1.152383006 0.012785260 0.015816100 -0.394978864 0.918465070
1785983349.279999971 0.056044613 0.051620085 1.153114683 0.012685190 0.016067100 -0.395329300 0.918311319
1785983349.289999962 0.055778877 0.050763298 1.154378747 0.012412682 0.016235694 -0.395800421 0.918109119
1785983349.299999952 0.055604568 0.049854827 1.156074439 0.012334951 0.016440954 -0.396340064 0.917873683
1785983349.309999943 0.055572536 0.048809558 1.158617814 0.012281865 0.016752507 -0.396804500 0.917668076
1785983349.319999933 0.055695459 0.047553279 1.162059748 0.012322341 0.017038062 -0.397019046 0.917569475
1785983349.329999924 0.055893597 0.046197123 1.165548043 0.012519172 0.017062836 -0.397541825 0.917339974
1785983349.339999914 0.056053717 0.044902211 1.169049621 0.012426894 0.017171993 -0.397884063 0.917190802
1785983349.349999905 0.056180766 0.043576355 1.172550607 0.012291668 0.017319284 -0.398092901 0.917099231
1785983349.359999895 0.056278385 0.042086943 1.176033972 0.012274303 0.017369566 -0.398379603 0.916974008
1785983349.369999886 0.056330891 0.040407837 1.179509908 0.012243825 0.017565206 -0.398606185 0.916872216
1785983349.380000114 0.056319281 0.038578138 1.182991068 0.012086772 0.017824262 -0.398975593 0.916708613
1785983349.390000105 0.056233121 0.036662677 1.186492044 0.012089090 0.018043263 -0.399208756 0.916602784
1785983349.400000095 0.056089620 0.034688271 1.190001342 0.012045940 0.018132703 -0.399400319 0.916518132
1785983349.410000086 0.055903176 0.032670670 1.193477090 0.011965830 0.018159522 -0.399606404 0.916428815
1785983349.420000076 0.055708082 0.030658437 1.196901558 0.011871268 0.018143660 -0.399870516 0.916315148
1785983349.430000067 0.055539163 0.028664994 1.200297446 0.011635935 0.018263118 -0.400171646 0.916184325
1785983349.440000057 0.055424511 0.026672912 1.203676282 0.011409398 0.018283113 -0.400323651 0.916120368
1785983349.450000048 0.055386449 0.024669796 1.207046753 0.011145612 0.018328870 -0.400522063 0.916035974
1785983349.460000038 0.055430300 0.022653723 1.210435456 0.010955743 0.018251626 -0.400758061 0.915936584
1785983349.470000029 0.055539365 0.020623351 1.213835493 0.010758897 0.018204852 -0.401005454 0.915831565
1785983349.480000019 0.055707721 0.018580583 1.217211225 0.010472496 0.018008201 -0.401464540 0.915637622
1785983349.490000010 0.055944749 0.016564597 1.220584567 0.010184975 0.017809385 -0.401727247 0.915529525
1785983349.500000000 0.056245292 0.014598130 1.223992620 0.009921569 0.017424190 -0.402186250 0.915338287
1785983349.509999990 0.056583065 0.012658410 1.227431509 0.009665813 0.017095233 -0.402559103 0.915183312
1785983349.519999981 0.056941719 0.010714580 1.230859543 0.009516880 0.016761788 -0.402898491 0.915041681
1785983349.529999971 0.057304424 0.008768486 1.234240634 0.009246173 0.016557133 -0.403391745 0.914830842
1785983349.539999962 0.057660305 0.006817506 1.237575217 0.009171679 0.016157707 -0.403724913 0.914691753
1785983349.549999952 0.058026716 0.004832509 1.240889823 0.009123583 0.015801408 -0.404087154 0.914538489
1785983349.559999943 0.058377455 0.002818652 1.244197404 0.009030518 0.015371518 -0.404389833 0.914412942
1785983349.569999933 0.058656086 0.000835518 1.247504567 0.008933090 0.014859215 -0.404792097 0.914244367
1785983349.579999924 0.058839853 -0.001082441 1.250787835 0.008789215 0.014386987 -0.405139964 0.914099215
1785983349.589999914 0.058901009 -0.002956893 1.254013804 0.008589425 0.014025536 -0.405670869 0.913871245
1785983349.599999905 0.058846789 -0.004829977 1.256942721 0.008494993 0.013590841 -0.406020041 0.913723618
1785983349.609999895 0.058726898 -0.006696261 1.258750898 0.008469884 0.013083335 -0.406356624 0.913581623
1785983349.619999886 0.058581961 -0.008503909 1.258694017 0.008420636 0.012617631 -0.406657551 0.913454719
1785983349.630000114 0.058379732 -0.010169291 1.256687864 0.008354283 0.012271642 -0.407164229 0.913234309
1785983349.640000105 0.058103128 -0.011695408 1.252985523 0.008270027 0.011904463 -0.407547618 0.913068907
1785983349.650000095 0.057834360 -0.013260346 1.247556446 0.008228433 0.011429202 -0.407879017 0.912927365
1785983349.660000086 0.057621743 -0.014920144 1.240436150 0.008210277 0.010991067 -0.408286517 0.912750737
1785983349.670000076 0.057496300 -0.016568003 1.231817602 0.008162259 0.010707215 -0.408727338 0.912557229
1785983349.680000067 0.057466213 -0.018153939 1.222220352 0.008171809 0.010412070 -0.409092260 0.912397026
1785983349.690000057 0.057479109 -0.019749394 1.212423739 0.008164055 0.010162611 -0.409495295 0.912219092
1785983349.700000048 0.057502009 -0.021432679 1.202607476 0.008128978 0.010005923 -0.409816721 0.912076782
1785983349.710000038 0.057540251 -0.023203846 1.192773756 0.008157336 0.009786522 -0.410123308 0.911941092
1785983349.720000029 0.057588284 -0.025012203 1.182975832 0.008326151 0.009532997 -0.410724256 0.911671751
1785983349.730000019 0.057647403 -0.026815892 1.173267904 0.008344366 0.009305348 -0.411209309 0.911455257
1785983349.740000010 0.057737767 -0.028589777 1.164068735 0.008401700 0.009115452 -0.411576688 0.911290815
1785983349.750000000 0.057856209 -0.030281966 1.155436530 0.008402768 0.009125796 -0.412024594 0.911088276
1785983349.759999990 0.057978360 -0.031907014 1.147412984 0.008546302 0.008986275 -0.412433604 0.910903250
1785983349.769999981 0.058093914 -0.033550131 1.140563567 0.008697106 0.009023958 -0.412877625 0.910700278
1785983349.779999971 0.058220693 -0.035226051 1.134658267 0.008839364 0.008995293 -0.413326380 0.910495609
1785983349.789999962 0.058392042 -0.036833928 1.129044344 0.008943856 0.008922439 -0.413747183 0.910304162
1785983349.799999952 0.058620307 -0.038309706 1.123775179 0.009141938 0.008959120 -0.414149416 0.910118904
1785983349.809999943 0.058878226 -0.039677735 1.118928514 0.009352618 0.009003671 -0.414592692 0.909914481
1785983349.819999933 0.059124092 -0.040950946 1.114473614 0.009546846 0.009082218 -0.414960591 0.909743963
1785983349.829999924 0.059345114 -0.042082465 1.110826707 0.009564718 0.009215973 -0.415396389 0.909543524
1785983349.839999914 0.059575955 -0.043054165 1.108022390 0.009556421 0.009309879 -0.415757271 0.909377750
1785983349.849999905 0.059865136 -0.043953650 1.105624280 0.009596887 0.009387055 -0.416041929 0.909246334
1785983349.859999895 0.060227713 -0.044878682 1.103367616 0.009737702 0.009381769 -0.416443751 0.909060923
1785983349.869999886 0.060634606 -0.045875957 1.101204074 0.009680884 0.009362862 -0.416909855 0.908848057
1785983349.880000114 0.061057477 -0.046917211 1.099070185 0.009597804 0.009406635 -0.417351980 0.908645543
1785983349.890000105 0.061520851 -0.047867841 1.096915960 0.009546650 0.009459475 -0.417676129 0.908496578
1785983349.900000095 0.062052081 -0.048643688 1.094750408 0.009413671 0.009392191 -0.417991457 0.908353627
1785983349.910000086 0.062679859 -0.049337472 1.092582115 0.009194617 0.009322006 -0.418324210 0.908203399
1785983349.920000076 0.063419142 -0.050040958 1.090412715 0.009039023 0.009190444 -0.418603684 0.908077523
1785983349.930000067 0.064214848 -0.050700464 1.088249082 0.008874584 0.009048589 -0.418866911 0.907959182
1785983349.940000057 0.064999567 -0.051241851 1.086103741 0.008763090 0.008855297 -0.419145775 0.907833471
1785983349.950000048 0.065741586 -0.051653425 1.083939758 0.008566726 0.008673867 -0.419757766 0.907554292
1785983349.960000038 0.066464304 -0.052004448 1.081744454 0.008536269 0.008538021 -0.420253354 0.907326486
1785983349.970000029 0.067239366 -0.052392998 1.079444227 0.008495041 0.008494792 -0.420761830 0.907091591
1785983349.980000019 0.068114915 -0.052847730 1.077030346 0.008563876 0.008441178 -0.421226221 0.906875889
1785983349.990000010 0.069084332 -0.053379347 1.074604093 0.008469533 0.008448392 -0.421588955 0.906708136
1785983350.000000000 0.070107275 -0.053974090 1.072182854 0.008423025 0.008521106 -0.421876100 0.906574321
1785983350.009999990 0.071142199 -0.054616539 1.069806234 0.008321007 0.008628135 -0.422207381 0.906420015
1785983350.019999981 0.072148925 -0.055293304 1.067502070 0.008226615 0.008927709 -0.422702762 0.906187063
1785983350.029999971 0.073107995 -0.056002839 1.065746624 0.008236871 0.009111818 -0.423036796 0.906029248
1785983350.039999962 0.074022225 -0.056767484 1.065051460 0.008319341 0.009264547 -0.423383852 0.905864819
1785983350.049999952 0.074895326 -0.057573855 1.065057039 0.008428471 0.009405081 -0.423796841 0.905669224
1785983350.059999943 0.075725160 -0.058397383 1.065232100 0.008575524 0.009548195 -0.424114780 0.905517502
1785983350.069999933 0.076500170 -0.059233703 1.065420958 0.008730174 0.009611571 -0.424448106 0.905359159
1785983350.079999924 0.077223475 -0.060073196 1.065616371 0.008959414 0.009655754 -0.424795456 0.905193524
1785983350.089999914 0.077904649 -0.060895077 1.065824489 0.009057798 0.009738991 -0.425135394 0.905032047
1785983350.099999905 0.078562152 -0.061703061 1.066040633 0.009134473 0.009729522 -0.425577315 0.904823655
1785983350.109999895 0.079215821 -0.062510154 1.066263923 0.009386663 0.009691495 -0.425893355 0.904672767
1785983350.119999886 0.079875398 -0.063327414 1.066710907 0.009503442 0.009632856 -0.426290278 0.904485208
1785983350.130000114 0.080541330 -0.064136587 1.067452766 0.009613833 0.009614115 -0.426691385 0.904295087
1785983350.140000105 0.081207189 -0.064885187 1.068429423 0.009631731 0.009620790 -0.427159643 0.904073730
1785983350.150000095 0.081864100 -0.065542622 1.070271113 0.009566587 0.009598114 -0.427686730 0.903825435
1785983350.160000086 0.082477424 -0.066092696 1.073700296 0.009584479 0.009518080 -0.428224716 0.903571323
1785983350.170000076 0.083023614 -0.066533992 1.078620822 0.009617104 0.009502353 -0.428549900 0.903416958
1785983350.180000067 0.083509012 -0.066900938 1.084781398 0.009649264 0.009412083 -0.428984162 0.903211433
1785983350.190000057 0.083862993 -0.067201254 1.091600308 0.009646217 0.009300129 -0.429287357 0.903068559
1785983350.200000048 0.084030635 -0.067432312 1.098447331 0.009677033 0.009135433 -0.429600159 0.902921150
1785983350.210000038 0.084080771 -0.067636672 1.105291589 0.009622256 0.008993270 -0.429906157 0.902777509
1785983350.220000029 0.084101459 -0.067835601 1.112128915 0.009578470 0.008892249 -0.430174917 0.902650941
1785983350.230000019 0.084114232 -0.067994835 1.118970090 0.009605744 0.008796201 -0.430566908 0.902464678
1785983350.240000010 0.084129016 -0.068086004 1.125827098 0.009397291 0.008590808 -0.431214511 0.902159595
1785983350.250000000 0.084158927 -0.068128191 1.132687334 0.009410290 0.008571661 -0.431570342 0.901989475
1785983350.259999990 0.084182323 -0.068153405 1.139537100 0.009255413 0.008411968 -0.431880192 0.901844264
1785983350.269999981 0.084182124 -0.068182022 1.146369330 0.009170961 0.008395424 -0.432253640 0.901666347
1785983350.279999971 0.084135102 -0.068210355 1.153188932 0.008997202 0.008416589 -0.432556767 0.901522520
1785983350.289999962 0.084036292 -0.068222564 1.159997827 0.008834790 0.008579073 -0.432903551 0.901356123
1785983350.299999952 0.083916927 -0.068193111 1.166799246 0.008581372 0.008714748 -0.433412955 0.901112437
1785983350.309999943 0.083791105 -0.068086674 1.173592661 0.008500914 0.008750977 -0.433735797 0.900957498
1785983350.319999933 0.083664778 -0.067899116 1.180379996 0.008332933 0.008765526 -0.434118061 0.900774798
1785983350.329999924 0.083560655 -0.067651460 1.187178661 0.008158469 0.008846198 -0.434486877 0.900597767
1785983350.339999914 0.083503512 -0.067364603 1.194005353 0.007827635 0.008945998 -0.434876929 0.900411436
1785983350.349999905 0.083509247 -0.067075759 1.200883672 0.007505717 0.009044824 -0.435273784 0.900221411
1785983350.359999895 0.083575699 -0.066801372 1.207825164 0.007122357 0.009114899 -0.435637967 0.900047639
1785983350.369999886 0.083689223 -0.066519966 1.214804924 0.006783548 0.009083219 -0.435999825 0.899875342
1785983350.380000114 0.083856969 -0.066244660 1.221684139 0.006490391 0.009107994 -0.436427361 0.899669983
1785983350.390000105 0.084086463 -0.065987741 1.228422292 0.006092197 0.009236619 -0.436987103 0.899399712
1785983350.400000095 0.084351088 -0.065733821 1.235072305 0.005748829 0.009301220 -0.437391058 0.899204927
1785983350.410000086 0.084633183 -0.065487044 1.241639797 0.005448958 0.009348275 -0.437875850 0.898970333
1785983350.420000076 0.084941565 -0.065260991 1.248167824 0.005210656 0.009419150 -0.438353702 0.898738093
1785983350.430000067 0.085268570 -0.065031197 1.254675502 0.004997863 0.009393266 -0.438877377 0.898483965
1785983350.440000057 0.085611302 -0.064784826 1.261155772 0.004768948 0.009374889 -0.439359518 0.898249733
1785983350.450000048 0.086030305 -0.064592786 1.267607610 0.004687780 0.009317121 -0.439883476 0.897994289
1785983350.460000038 0.086541817 -0.064456114 1.274039159 0.004568706 0.009247133 -0.440281623 0.897800485
1785983350.470000029 0.087129793 -0.064334912 1.280450207 0.004531646 0.009116968 -0.440746087 0.897574081
1785983350.480000019 0.087797417 -0.064230305 1.286849467 0.004448216 0.008958965 -0.441274769 0.897316292
1785983350.490000010 0.088510918 -0.064130661 1.293237284 0.004472776 0.008785571 -0.441719225 0.897099177
1785983350.500000000 0.089251200 -0.064036131 1.298801806 0.004551258 0.008569257 -0.442061406 0.896932309
1785983350.509999990 0.090016616 -0.063977672 1.303130735 0.004656837 0.008429832 -0.442637155 0.896649096
1785983350.519999981 0.090820283 -0.064003448 1.306999140 0.004776977 0.008214346 -0.443134397 0.896404826
1785983350.529999971 0.091693735 -0.064130984 1.310775043 0.005000836 0.008005509 -0.443702673 0.896124345
1785983350.539999962 0.092631160 -0.064338850 1.314459761 0.005234729 0.007906287 -0.444401685 0.895777445
1785983350.549999952 0.093622736 -0.064563121 1.318017563 0.005466329 0.007763783 -0.444947890 0.895506124
1785983350.559999943 0.094661241 -0.064740585 1.321469057 0.005682150 0.007601477 -0.445508190 0.895227560
1785983350.569999933 0.095718019 -0.064850774 1.324863941 0.005976082 0.007391109 -0.446035243 0.894964927
1785983350.579999924 0.096785354 -0.064867605 1.328204742 0.006408595 0.007080622 -0.446612577 0.894676478
1785983350.589999914 0.097847225 -0.064718075 1.331533972 0.006849249 0.006866460 -0.447071855 0.894445469
1785983350.599999905 0.098863126 -0.064338359 1.334869752 0.007299857 0.006686027 -0.447604254 0.894176963
1785983350.609999895 0.099770679 -0.063738560 1.338206232 0.007785181 0.006647882 -0.448106044 0.893921792
1785983350.619999886 0.100539291 -0.062999304 1.341543255 0.008253308 0.006679677 -0.448649433 0.893644757
1785983350.630000114 0.101188748 -0.062170428 1.344874678 0.008686557 0.006805820 -0.449178997 0.893373636
1785983350.640000105 0.101734423 -0.061267933 1.348185493 0.009104117 0.006917795 -0.449665922 0.893123630
1785983350.650000095 0.102170737 -0.060344894 1.351470849 0.009481132 0.007036577 -0.450214301 0.892842471
1785983350.660000086 0.102535250 -0.059435064 1.354739199 0.009792539 0.007144351 -0.450788740 0.892548361
1785983350.670000076 0.102893693 -0.058565405 1.358001853 0.010042022 0.007242996 -0.451301869 0.892285447
1785983350.680000067 0.103266898 -0.057755431 1.361263463 0.010277390 0.007407561 -0.451799481 0.892029558
1785983350.690000057 0.103639381 -0.056982473 1.364545424 0.010480363 0.007632687 -0.452274771 0.891784411
1785983350.700000048 0.103990046 -0.056214409 1.367857862 0.010676726 0.007738833 -0.452907471 0.891460005
1785983350.710000038 0.104322827 -0.055422277 1.371185025 0.010873516 0.007953937 -0.453441325 0.891184305
1785983350.720000029 0.104642324 -0.054584469 1.374508257 0.011057110 0.008142273 -0.454060499 0.890865033
1785983350.730000019 0.104943103 -0.053710292 1.377832907 0.011262859 0.008364401 -0.454665394 0.890551831
1785983350.740000010 0.105225535 -0.052821294 1.381172370 0.011480833 0.008632970 -0.455265919 0.890239634
1785983350.750000000 0.105514241 -0.051922374 1.384496008 0.011701494 0.008868389 -0.456197582 0.889757379
1785983350.759999990 0.105826286 -0.051018689 1.387791444 0.011900556 0.009174344 -0.456870024 0.889406538
1785983350.769999981 0.106156841 -0.050124201 1.391076278 0.012012688 0.009384839 -0.457534941 0.889060964
1785983350.779999971 0.106505036 -0.049260031 1.394354954 0.012064600 0.009591927 -0.458265570 0.888681669
1785983350.789999962 0.106879668 -0.048466439 1.397633510 0.012098647 0.009818661 -0.458979146 0.888310396
1785983350.799999952 0.107286098 -0.047759314 1.400901348 0.012019116 0.009971625 -0.459817259 0.887876228
1785983350.809999943 0.107694541 -0.047091995 1.404156878 0.011992907 0.010019791 -0.460653763 0.887442328
1785983350.819999933 0.108085579 -0.046455218 1.407414304 0.011881182 0.010040770 -0.461626891 0.886937785
1785983350.829999924 0.108448301 -0.045947869 1.410674674 0.011769622 0.010017705 -0.462537171 0.886465164
1785983350.839999914 0.108802323 -0.045592312 1.413927046 0.011664879 0.010004007 -0.463395355 0.886018395
1785983350.849999905 0.109198413 -0.045278596 1.417147315 0.011546289 0.009949273 -0.464333339 0.885529359
1785983350.859999895 0.109656730 -0.044925308 1.420324741 0.011350624 0.009906534 -0.465209770 0.885072254
1785983350.869999886 0.110178134 -0.044509624 1.423466256 0.010988804 0.009872501 -0.466217025 0.884547040
1785983350.880000114 0.110723078 -0.044048458 1.426578151 0.010768413 0.009857061 -0.467139765 0.884062961
1785983350.890000105 0.111243470 -0.043587221 1.429650610 0.010455286 0.009929308 -0.468089131 0.883563615
1785983350.900000095 0.111720397 -0.043164528 1.432706350 0.010207140 0.010028226 -0.469066082 0.883047145
1785983350.910000086 0.112156142 -0.042773308 1.435767316 0.009858019 0.010044874 -0.470130702 0.882484585
1785983350.920000076 0.112560307 -0.042396379 1.438823264 0.009600076 0.010049588 -0.471091440 0.881974886
1785983350.930000067 0.112937622 -0.041997553 1.441873539 0.009381975 0.010119401 -0.472088886 0.881442942
1785983350.940000057 0.113298761 -0.041545954 1.444896722 0.009101829 0.010179793 -0.473213290 0.880842046
1785983350.950000048 0.113670921 -0.041064431 1.447891658 0.008923445 0.010356532 -0.474186692 0.880318179
1785983350.960000038 0.114067839 -0.040596363 1.450881344 0.008614886 0.010437069 -0.475277227 0.879732009
1785983350.970000029 0.114473398 -0.040153524 1.453831532 0.008403387 0.010597077 -0.476325761 0.879164862
1785983350.980000019 0.114887162 -0.039728631 1.456718746 0.008223511 0.010776711 -0.477330712 0.878619159
1785983350.990000010 0.115323406 -0.039287882 1.459540952 0.007992303 0.010919506 -0.478257239 0.878115540
1785983351.000000000 0.115778365 -0.038813981 1.462259123 0.007761433 0.011078659 -0.479265762 0.877565583
1785983351.009999990 0.116198860 -0.038363061 1.464772913 0.007578593 0.011188183 -0.480253101 0.877025854
1785983351.019999981 0.116557544 -0.037973174 1.467022067 0.007376783 0.011331623 -0.481215524 0.876498030
1785983351.029999971 0.116869868 -0.037653624 1.468980419 0.007176321 0.011384151 -0.482185856 0.875965583
1785983351.039999962 0.117154393 -0.037396001 1.470487966 0.006990476 0.011404676 -0.483122804 0.875450412
1785983351.049999952 0.117429963 -0.037190774 1.471518703 0.006792876 0.011371990 -0.484094633 0.874915379
1785983351.059999943 0.117664587 -0.037039619 1.472232860 0.006599275 0.011339254 -0.485066327 0.874378939
1785983351.069999933 0.117843711 -0.036902753 1.472738181 0.006401850 0.011372414 -0.486022622 0.873848783
1785983351.079999924 0.118000560 -0.036733253 1.473118426 0.006199167 0.011416310 -0.487003150 0.873303595
1785983351.089999914 0.118171291 -0.036516816 1.473423728 0.006010900 0.011460957 -0.487974142 0.872762140
1785983351.099999905 0.118380196 -0.036243816 1.473653315 0.005840393 0.011476884 -0.488962590 0.872209697
1785983351.109999895 0.118631443 -0.035922646 1.473812087 0.005695622 0.011461657 -0.489974298 0.871642919
1785983351.119999886 0.118898074 -0.035591107 1.473911994 0.005582980 0.011372039 -0.491042624 0.871043425
1785983351.130000114 0.119126539 -0.035321804 1.473970441 0.005539550 0.011211219 -0.492126985 0.870433600
1785983351.140000105 0.119294343 -0.035142678 1.474005326 0.005437170 0.011048345 -0.493286732 0.869779611
1785983351.150000095 0.119415122 -0.035006319 1.474015807 0.005227130 0.010864201 -0.494444642 0.869125504
1785983351.160000086 0.119502607 -0.034863519 1.473998145 0.005023332 0.010698981 -0.495601766 0.868469451
1785983351.170000076 0.119586539 -0.034695840 1.473961637 0.004815955 0.010504905 -0.496758587 0.867811823
1785983351.180000067 0.119694406 -0.034480210 1.473917943 0.004603584 0.010272815 -0.497918512 0.867150755
1785983351.190000057 0.119853665 -0.034181092 1.473871909 0.004369224 0.009997142 -0.499052217 0.866503232
1785983351.200000048 0.120100495 -0.033792375 1.473828667 0.004194260 0.009803906 -0.500211062 0.865837851
1785983351.210000038 0.120435825 -0.033314345 1.473789029 0.004004117 0.009652983 -0.501322309 0.865197509
1785983351.220000029 0.120847402 -0.032752834 1.473747378 0.003805136 0.009523340 -0.502496427 0.864518460
1785983351.230000019 0.121332513 -0.032124153 1.473700879 0.003625265 0.009440819 -0.503720958 0.863807227
1785983351.240000010 0.121876367 -0.031454342 1.473652150 0.003469201 0.009331943 -0.504953418 0.863089176
1785983351.250000000 0.122448869 -0.030781699 1.473598546 0.003236211 0.009205800 -0.506225741 0.862345800
1785983351.259999990 0.123023205 -0.030125358 1.473531867 0.003009564 0.009038347 -0.507557204 0.861565398
1785983351.269999981 0.123600896 -0.029480041 1.473454710 0.002811005 0.008786105 -0.508866382 0.860796090
1785983351.279999971 0.124201526 -0.028850849 1.473373849 0.002640185 0.008585285 -0.510178727 0.860021505
1785983351.289999962 0.124822281 -0.028249102 1.473470725 0.002471023 0.008414718 -0.511526093 0.859222988
1785983351.299999952 0.125457245 -0.027689351 1.474885989 0.002241671 0.008261887 -0.512947375 0.858377368
1785983351.309999943 0.126105782 -0.027182389 1.478375915 0.002085253 0.008167195 -0.514369175 0.857527434
1785983351.319999933 0.126770617 -0.026708268 1.483349096 0.001923536 0.008101052 -0.515834691 0.856647678
1785983351.329999924 0.127487007 -0.026175498 1.488992808 0.001743328 0.008031701 -0.517250079 0.855794840
1785983351.339999914 0.128276422 -0.025530690 1.494760730 0.001614400 0.007923370 -0.518757358 0.854883277
1785983351.349999905 0.129108242 -0.024861761 1.500550853 0.001506160 0.007711527 -0.520269538 0.853965967
1785983351.359999895 0.129974553 -0.024211180 1.506372328 0.001390712 0.007492281 -0.521760733 0.853057835
1785983351.369999886 0.130948736 -0.023502229 1.512641079 0.001294426 0.007266670 -0.523309486 0.852110733
1785983351.380000114 0.132065943 -0.022696292 1.520072340 0.001251516 0.007071058 -0.524800340 0.851195064
1785983351.390000105 0.133295482 -0.021820927 1.528405065 0.001254514 0.006938903 -0.526290096 0.850275845
1785983351.400000095 0.134622529 -0.020933878 1.536925277 0.001283242 0.006778569 -0.527776918 0.849355008
1785983351.410000086 0.136039726 -0.020130308 1.545452014 0.001356429 0.006622042 -0.529313993 0.848399084
1785983351.420000076 0.137530630 -0.019450546 1.553971534 0.001456535 0.006443769 -0.530865212 0.847430518
1785983351.430000067 0.139074250 -0.018750448 1.562495928 0.001557883 0.006250090 -0.532479580 0.846418340
1785983351.440000057 0.140656011 -0.017911787 1.571033184 0.001715136 0.006099686 -0.534065996 0.845419047
1785983351.450000048 0.142271409 -0.017032022 1.579590620 0.001797455 0.005932910 -0.535733196 0.844364561
1785983351.460000038 0.143909866 -0.016203261 1.588163336 0.001849030 0.005857843 -0.537389568 0.843311756
1785983351.470000029 0.145560247 -0.015426148 1.596741444 0.001794797 0.005876305 -0.539051407 0.842250455
1785983351.480000019 0.147228544 -0.014669890 1.605318254 0.001760436 0.005898065 -0.540760074 0.841154359
1785983351.490000010 0.148931815 -0.013891562 1.613877265 0.001666926 0.005939498 -0.542445246 0.840068508
1785983351.500000000 0.150663780 -0.013058211 1.622406805 0.001559141 0.005941135 -0.544178262 0.838947133
1785983351.509999990 0.152421048 -0.012170015 1.630901027 0.001463461 0.005918984 -0.546010059 0.837756432
1785983351.519999981 0.154215926 -0.011239750 1.639359960 0.001282297 0.005864729 -0.547822462 0.836573076
1785983351.529999971 0.156031946 -0.010262082 1.647760641 0.001026732 0.005885434 -0.549648721 0.835374521
1785983351.539999962 0.157862277 -0.009238658 1.656079909 0.000683186 0.005925263 -0.551545133 0.834123726
1785983351.549999952 0.159726682 -0.008161895 1.664082369 0.000275887 0.005939155 -0.553490241 0.832834440
1785983351.559999943 0.161619402 -0.007057432 1.671705626 -0.000064384 0.005916774 -0.555459013 0.831522864
1785983351.569999933 0.163477629 -0.006016890 1.678902280 -0.000474965 0.005869073 -0.557448453 0.830190671
1785983351.579999924 0.165253445 -0.005122493 1.685451579 -0.000851941 0.005818252 -0.559403997 0.828874291
1785983351.589999914 0.166945129 -0.004404907 1.691243937 -0.001258097 0.005747350 -0.561355000 0.827554197
1785983351.599999905 0.168570124 -0.003844144 1.696048182 -0.001631342 0.005690573 -0.563290326 0.826237838
1785983351.609999895 0.170179153 -0.003387259 1.699667318 -0.002010920 0.005653597 -0.565216086 0.824921068
1785983351.619999886 0.171808600 -0.002974373 1.701920317 -0.002374969 0.005661331 -0.567123933 0.823609588
1785983351.630000114 0.173433219 -0.002585021 1.702624089 -0.002713588 0.005648879 -0.569055520 0.822275223
1785983351.640000105 0.175030980 -0.002221018 1.701681253 -0.003041263 0.005628911 -0.570968737 0.820946872
1785983351.650000095 0.176644362 -0.001877606 1.699041877 -0.003351183 0.005590788 -0.572895782 0.819602303
1785983351.660000086 0.178334031 -0.001521223 1.695008410 -0.003534579 0.005559900 -0.574818501 0.818254414
1785983351.670000076 0.180124661 -0.001062470 1.690135707 -0.003646964 0.005588944 -0.576762667 0.816884502
1785983351.680000067 0.182031544 -0.000410342 1.684358907 -0.003642261 0.005594308 -0.578695158 0.815516616
1785983351.690000057 0.184085789 0.000491181 1.677214969 -0.003537154 0.005580748 -0.580665420 0.814115479
1785983351.700000048 0.186260964 0.001625867 1.669221493 -0.003448388 0.005541940 -0.582599118 0.812733451
1785983351.710000038 0.188491864 0.002887481 1.661100383 -0.003222948 0.005543248 -0.584519106 0.811354608
1785983351.720000029 0.190746026 0.004180653 1.652891298 -0.002906003 0.005549761 -0.586490535 0.809931854
1785983351.730000019 0.193034869 0.005485375 1.644660045 -0.002464322 0.005674131 -0.588441949 0.808515803
1785983351.740000010 0.195362006 0.006803405 1.636439151 -0.001920052 0.005820994 -0.590418787 0.807073779
1785983351.750000000 0.197683909 0.008129997 1.628207828 -0.001320249 0.005951020 -0.592368653 0.805643979
1785983351.759999990 0.199970639 0.009467010 1.619983394 -0.000736253 0.006053548 -0.594318140 0.804206914
1785983351.769999981 0.202216704 0.010825652 1.611799960 -0.000159790 0.006217519 -0.596236978 0.802784394
1785983351.779999971 0.204432776 0.012226238 1.603645833 0.000456594 0.006422065 -0.598231103 0.801297757
1785983351.789999962 0.206661600 0.013692310 1.595483689 0.001061619 0.006636804 -0.600246062 0.799787153
1785983351.799999952 0.208910803 0.015208323 1.587335812 0.001664891 0.006832444 -0.602158873 0.798345312
1785983351.809999943 0.211111643 0.016687553 1.579272599 0.002244585 0.007078794 -0.604091942 0.796880027
1785983351.819999933 0.213220143 0.018047675 1.572382365 0.002894090 0.007277047 -0.606075969 0.795368209
1785983351.829999924 0.215258403 0.019321979 1.567792828 0.003603349 0.007492523 -0.608118360 0.793802834
1785983351.839999914 0.217240241 0.020603097 1.565836293 0.004252502 0.007681100 -0.610121069 0.792259553
1785983351.849999905 0.219182578 0.021950227 1.566063030 0.004860214 0.007901244 -0.612104269 0.790722652
1785983351.859999895 0.221110186 0.023376780 1.567591824 0.005466772 0.008192285 -0.614143716 0.789132750
1785983351.869999886 0.223020718 0.024852425 1.570519556 0.006097876 0.008539036 -0.616142193 0.787565044
1785983351.880000114 0.224917124 0.026351760 1.574676615 0.006645711 0.008951422 -0.618164333 0.785969824
1785983351.890000105 0.226819709 0.027852032 1.579887486 0.007141976 0.009402389 -0.620158864 0.784387386
1785983351.900000095 0.228737028 0.029335197 1.586443858 0.007564691 0.009831217 -0.622110628 0.782831073
1785983351.910000086 0.230648554 0.030797571 1.594257721 0.007917478 0.010223595 -0.624031106 0.781292500
1785983351.920000076 0.232533952 0.032245587 1.602660063 0.008177036 0.010573006 -0.625934384 0.779761178
1785983351.930000067 0.234392814 0.033680679 1.611079188 0.008218600 0.010864616 -0.627851316 0.778214071
1785983351.940000057 0.236223779 0.035099089 1.619504091 0.008172852 0.011078652 -0.629776627 0.776654278
1785983351.950000048 0.238039635 0.036505571 1.627941931 0.008049647 0.011192348 -0.631741251 0.775056725
1785983351.960000038 0.239849778 0.037891877 1.636392097 0.007959251 0.011254271 -0.633705782 0.773451338
1785983351.970000029 0.241625353 0.039222114 1.644840153 0.007838392 0.011267466 -0.635670623 0.771838366
1785983351.980000019 0.243356915 0.040489279 1.653279321 0.007680607 0.011260335 -0.637610780 0.770238085
1785983351.990000010 0.245064270 0.041716349 1.661708282 0.007504416 0.011230377 -0.639549910 0.768630910
1785983352.000000000 0.246757042 0.042916396 1.670111765 0.007322228 0.011179172 -0.641459788 0.767040254
1785983352.009999990 0.248443097 0.044114909 1.678488305 0.007125088 0.011095539 -0.643342476 0.765464944
1785983352.019999981 0.250138483 0.045328520 1.686836935 0.006949359 0.010999336 -0.645223320 0.763883230
1785983352.029999971 0.251850626 0.046573289 1.694857658 0.006874312 0.010856553 -0.647110839 0.762287637
1785983352.039999962 0.253564256 0.047863179 1.701847807 0.006762320 0.010644187 -0.649006104 0.760678676
1785983352.049999952 0.255250985 0.049193549 1.707333444 0.006593397 0.010386975 -0.650844108 0.759111708
1785983352.059999943 0.256892409 0.050571812 1.711375864 0.006399530 0.010059999 -0.652714635 0.757510032
1785983352.069999933 0.258491015 0.052036647 1.714214798 0.006271404 0.009722071 -0.654538021 0.755940560
1785983352.079999924 0.260057838 0.053678473 1.716486128 0.006083109 0.009319215 -0.656325140 0.754396089
1785983352.089999914 0.261598479 0.055537998 1.718709914 0.005840153 0.008880198 -0.658156470 0.752806148
1785983352.099999905 0.263113194 0.057558801 1.720904271 0.005562520 0.008380271 -0.660012604 0.751187189
1785983352.109999895 0.264595745 0.059669550 1.723089006 0.005218427 0.007843479 -0.661845774 0.749580829
1785983352.119999886 0.266031418 0.061775025 1.725246474 0.004812835 0.007354357 -0.663745645 0.747906725
1785983352.130000114 0.267359321 0.063849969 1.727350873 0.004529266 0.006842858 -0.665617677 0.746247793
1785983352.140000105 0.268540600 0.065937503 1.729399393 0.004117322 0.006366311 -0.667504605 0.744567069
1785983352.150000095 0.269658294 0.068068448 1.731391578 0.003690903 0.005828018 -0.669321373 0.742940988
1785983352.160000086 0.270795499 0.070244768 1.733345092 0.003362156 0.005438070 -0.671118515 0.741322508
1785983352.170000076 0.271953570 0.072448091 1.735263464 0.003080516 0.005042922 -0.673031049 0.739590621
1785983352.180000067 0.273114445 0.074683770 1.737135266 0.002839892 0.004610901 -0.674897760 0.737891380
1785983352.190000057 0.274260225 0.076952104 1.738978504 0.002588389 0.004201849 -0.676760948 0.736186297
1785983352.200000048 0.275361685 0.079251796 1.740810313 0.002317952 0.003834592 -0.678483771 0.734601726
1785983352.210000038 0.276403268 0.081576851 1.742632987 0.001984326 0.003463061 -0.680464827 0.732769874
1785983352.220000029 0.277384293 0.083927443 1.744440749 0.001584840 0.003118135 -0.682492524 0.730884204
1785983352.230000019 0.278287814 0.086325040 1.746231905 0.001157748 0.002826720 -0.684531268 0.728977100
1785983352.240000010 0.279139812 0.088795702 1.748008214 0.000742699 0.002618015 -0.686537216 0.727089571
1785983352.250000000 0.280000626 0.091379766 1.749770315 0.000236078 0.002453889 -0.688574967 0.725160974
1785983352.259999990 0.280852814 0.094068817 1.751518275 -0.000238462 0.002335468 -0.690648110 0.723187166
1785983352.269999981 0.281577254 0.096761174 1.753216697 -0.000672032 0.002252967 -0.692750032 0.721173950
1785983352.279999971 0.282113616 0.099404201 1.754827852 -0.001061332 0.002245959 -0.694888977 0.719112744
1785983352.289999962 0.282540704 0.102038411 1.756372883 -0.001446218 0.002291850 -0.697055176 0.717012369
1785983352.299999952 0.282934036 0.104674741 1.757882208 -0.001792909 0.002368799 -0.699256162 0.714865018
1785983352.309999943 0.283301920 0.107279011 1.759358682 -0.002150551 0.002437017 -0.701482652 0.712679118
1785983352.319999933 0.283644577 0.109839572 1.760797953 -0.002446415 0.002507212 -0.703722472 0.710466334
1785983352.329999924 0.284004349 0.112416503 1.762189782 -0.002731249 0.002539804 -0.705981678 0.708220277
1785983352.339999914 0.284474072 0.115053849 1.763446127 -0.002863719 0.002584734 -0.708242055 0.705959141
1785983352.349999905 0.285164256 0.117719659 1.764229355 -0.002896294 0.002691826 -0.710503078 0.703682984
1785983352.359999895 0.286131409 0.120388709 1.764404306 -0.002834254 0.002802196 -0.712780991 0.701375344
1785983352.369999886 0.287343184 0.123092130 1.763556885 -0.002696255 0.002918115 -0.715064850 0.699046833
1785983352.380000114 0.288798340 0.125875328 1.761330735 -0.002522410 0.003038263 -0.717365708 0.696685616
1785983352.390000105 0.290541990 0.128756663 1.758516917 -0.002472542 0.003073901 -0.719889253 0.694077734
1785983352.400000095 0.292537550 0.131725492 1.754887379 -0.002480295 0.003226640 -0.722319208 0.691547829
1785983352.410000086 0.294703462 0.134751903 1.749929432 -0.002376027 0.003449953 -0.724760612 0.688988031
1785983352.420000076 0.296998249 0.137816639 1.744344809 -0.002360300 0.003721395 -0.727277523 0.686329356
1785983352.430000067 0.299438260 0.140877151 1.738134644 -0.002252995 0.004062537 -0.729711217 0.683739687
1785983352.440000057 0.302025361 0.143898645 1.730771855 -0.002174725 0.004349206 -0.732187698 0.681085553
1785983352.450000048 0.304714719 0.146889220 1.721847769 -0.002190762 0.004558246 -0.734683978 0.678390651
1785983352.460000038 0.307444594 0.149850201 1.711548593 -0.002326838 0.004812727 -0.737279875 0.675566288
1785983352.470000029 0.310207392 0.152782974 1.700152647 -0.002454014 0.005091578 -0.739921114 0.672669904
1785983352.480000019 0.313023792 0.155727403 1.687622284 -0.002593805 0.005281020 -0.742432360 0.669895197
1785983352.490000010 0.315862356 0.158699814 1.674186729 -0.002819914 0.005487880 -0.744905764 0.667141165
1785983352.500000000 0.318697689 0.161666245 1.660188629 -0.003096050 0.005700860 -0.747374492 0.664371345
1785983352.509999990 0.321520020 0.164587435 1.645768170 -0.003300866 0.005904317 -0.749907949 0.661507605
1785983352.519999981 0.324339376 0.167442389 1.631005612 -0.003602088 0.006162179 -0.752344690 0.658730992
1785983352.529999971 0.327145328 0.170227797 1.616132479 -0.003999854 0.006145074 -0.754878055 0.655824185
1785983352.539999962 0.329944612 0.172975501 1.601214221 -0.004319915 0.006105082 -0.757487320 0.652807036
1785983352.549999952 0.332824970 0.175773657 1.586296891 -0.004693129 0.006297946 -0.760098300 0.649760637
1785983352.559999943 0.335787432 0.178663859 1.571404248 -0.004958293 0.006551137 -0.762579833 0.646841941
1785983352.569999933 0.338763230 0.181559293 1.556508938 -0.005099206 0.006773791 -0.765113788 0.643839270
1785983352.579999924 0.341694442 0.184405006 1.541611538 -0.005215907 0.007108374 -0.767701846 0.640746550
1785983352.589999914 0.344584581 0.187251996 1.526905832 -0.005390510 0.007577155 -0.770371075 0.637527989
1785983352.599999905 0.347477026 0.190158014 1.512356760 -0.005668380 0.007872840 -0.772945879 0.634397790
1785983352.609999895 0.350349392 0.193126923 1.497602526 -0.005754658 0.008255331 -0.775423706 0.631361077
1785983352.619999886 0.353170402 0.196122413 1.482533565 -0.005744608 0.008481230 -0.777924872 0.628273795
1785983352.630000114 0.355907048 0.199141868 1.466453334 -0.005888342 0.008856553 -0.780355074 0.625246230
1785983352.640000105 0.358507127 0.202216260 1.448917931 -0.005919365 0.009116774 -0.782852148 0.622112819
1785983352.650000095 0.360981694 0.205371869 1.430752126 -0.005808342 0.009343823 -0.785301558 0.619015686
1785983352.660000086 0.363313045 0.208625616 1.412344527 -0.005653827 0.009520521 -0.787738879 0.615909776
1785983352.670000076 0.365462524 0.211989259 1.392756624 -0.005451961 0.009747418 -0.790090898 0.612887947
1785983352.680000067 0.367488619 0.215449462 1.371332708 -0.005306178 0.009966726 -0.792425934 0.609863631
1785983352.690000057 0.369409626 0.218991856 1.348241262 -0.005143647 0.010149505 -0.794763074 0.606813140
1785983352.700000048 0.371243996 0.222595587 1.323648735 -0.005001012 0.010276179 -0.797044611 0.603812287
1785983352.710000038 0.373049081 0.226227820 1.298339564 -0.004849918 0.010390659 -0.799389647 0.600703508
1785983352.720000029 0.374850706 0.229822420 1.272991354 -0.004728172 0.010456665 -0.801663526 0.597665369
1785983352.730000019 0.376656189 0.233300660 1.247637221 -0.004551046 0.010521949 -0.803877994 0.594683737
1785983352.740000010 0.378473548 0.236597352 1.222240589 -0.004364561 0.010416398 -0.806143131 0.591612797
1785983352.750000000 0.380305333 0.239662625 1.196786955 -0.004184977 0.010225229 -0.808371393 0.588569131
1785983352.759999990 0.382153864 0.242495435 1.171323846 -0.004038549 0.010135184 -0.810672385 0.585398371
1785983352.769999981 0.384000415 0.245111354 1.146454376 -0.003898694 0.010044749 -0.812869489 0.582346201
1785983352.779999971 0.385809544 0.247485873 1.122954203 -0.003722258 0.009942975 -0.815107482 0.579212461
1785983352.789999962 0.387608076 0.249686729 1.101008878 -0.003530875 0.009787980 -0.817303728 0.576113135
1785983352.799999952 0.389459399 0.251826596 1.080700047 -0.003424487 0.009588199 -0.819562446 0.572899412
1785983352.809999943 0.391389453 0.253921434 1.062156431 -0.003344223 0.009442633 -0.821752814 0.569756058
1785983352.819999933 0.393373488 0.255951834 1.045205848 -0.003194962 0.009305476 -0.824020546 0.566474483
1785983352.829999924 0.395363291 0.257809593 1.029786284 -0.003193208 0.009414349 -0.826233988 0.563239355
1785983352.839999914 0.397333495 0.259439511 1.016205537 -0.003294481 0.009518822 -0.828406266 0.560037139
1785983352.849999905 0.399343125 0.260952497 1.004358036 -0.003396917 0.009703295 -0.830580894 0.556803095
1785983352.859999895 0.401454899 0.262463259 0.993704314 -0.003445625 0.009909999 -0.832712497 0.553606194
1785983352.869999886 0.403671077 0.264008080 0.983677103 -0.003486580 0.010119864 -0.834755237 0.550517145
1785983352.880000114 0.405959401 0.265572773 0.973828527 -0.003583240 0.010378777 -0.836781208 0.547427303
1785983352.890000105 0.408248920 0.267149932 0.963996269 -0.003742532 0.010711006 -0.838753963 0.544392374
1785983352.900000095 0.410492551 0.268752237 0.954164663 -0.003935910 0.011024891 -0.840700152 0.541374376
1785983352.910000086 0.412695970 0.270380058 0.944345608 -0.004196048 0.011312583 -0.842642190 0.538338701
1785983352.920000076 0.414870470 0.272016648 0.934549026 -0.004457242 0.011592522 -0.844550542 0.535331792
1785983352.930000067 0.417002812 0.273665714 0.924777874 -0.004730681 0.011777608 -0.846497045 0.532242109
1785983352.940000057 0.419085357 0.275355589 0.915038572 -0.005055294 0.011927465 -0.848437231 0.529137454
1785983352.950000048 0.421121805 0.277103900 0.905357820 -0.005437194 0.012115570 -0.850314254 0.526107707
1785983352.960000038 0.423131408 0.278917824 0.896065693 -0.005879973 0.012301765 -0.852196658 0.523043927
1785983352.970000029 0.425140585 0.280806605 0.887357311 -0.006375267 0.012534632 -0.854009483 0.520067344
1785983352.980000019 0.427166172 0.282763514 0.878955358 -0.006831623 0.012729057 -0.855765160 0.517162731
1785983352.990000010 0.429247423 0.284770510 0.870666483 -0.007239083 0.012819936 -0.857513265 0.514251150
1785983353.000000000 0.431426105 0.286826024 0.862449340 -0.007583296 0.012820160 -0.859272735 0.511300796
1785983353.009999990 0.433710224 0.288932608 0.854270396 -0.007842080 0.012883470 -0.860997840 0.508384931
1785983353.019999981 0.436093036 0.291083965 0.846115975 -0.008009786 0.012909912 -0.862741040 0.505417724
1785983353.029999971 0.438563860 0.293262798 0.838042981 -0.008204672 0.012889213 -0.864422745 0.502533451
1785983353.039999962 0.441108773 0.295468431 0.830078782 0.008320372 -0.012775353 0.866090823 -0.499654129
1785983353.049999952 0.443727199 0.297735863 0.822190714 0.008372935 -0.012606909 0.867732658 -0.496800759
1785983353.059999943 0.446414849 0.300077442 0.814543093 0.008372159 -0.012302225 0.869353500 -0.493966654
1785983353.069999933 0.449123954 0.302437620 0.807302665 0.008370315 -0.011831027 0.870961360 -0.491137734
1785983353.079999924 0.451835293 0.304753696 0.800672441 0.008370611 -0.011316152 0.872555673 -0.488311862
1785983353.089999914 0.454582284 0.306990579 0.794833851 0.008427846 -0.010777252 0.874104117 -0.485545893
1785983353.099999905 0.457356822 0.309125537 0.789703434 0.008457677 -0.010213521 0.875630805 -0.482798970
1785983353.109999895 0.460090638 0.311155638 0.785334061 0.008433275 -0.009629805 0.877124889 -0.480091737
1785983353.119999886 0.462733056 0.313089695 0.781688523 0.008344733 -0.009011336 0.878600323 -0.477399867
1785983353.130000114 0.465328698 0.314900571 0.778729130 0.008108915 -0.008291234 0.880090129 -0.474665004
1785983353.140000105 0.467956334 0.316556429 0.776477204 0.007889472 -0.007533920 0.881577038 -0.471914104
1785983353.150000095 0.470682576 0.318083245 0.774556576 0.007685815 -0.006771782 0.883067073 -0.469134966
1785983353.160000086 0.473601693 0.319508979 0.772685601 0.007508226 -0.006099231 0.884519736 -0.466402469
1785983353.170000076 0.476745221 0.320881747 0.770875984 0.007353575 -0.005476926 0.885944883 -0.463699895
1785983353.180000067 0.480054134 0.322283869 0.769112523 0.007177002 -0.004793262 0.887373749 -0.460970005
1785983353.190000057 0.483468004 0.323759706 0.767344771 0.007063324 -0.003975319 0.888810162 -0.458203887
1785983353.200000048 0.486958283 0.325294707 0.765546282 0.006904402 -0.003131080 0.890242037 -0.455424683
1785983353.210000038 0.490516752 0.326849819 0.763715285 0.006696949 -0.002268294 0.891654927 -0.452660466
1785983353.220000029 0.494125986 0.328397349 0.761861878 0.006518165 -0.001421645 0.893069552 -0.449869168
1785983353.230000019 0.497770124 0.329926394 0.760006583 0.006322886 -0.000607118 0.894478067 -0.447066706
1785983353.240000010 0.501452726 0.331439499 0.758189855 0.006140879 0.000174004 0.895905073 -0.444203061
1785983353.250000000 0.505195074 0.332948692 0.756420122 0.005949154 0.000938202 0.897354210 -0.441269927
1785983353.259999990 0.509022251 0.334479288 0.754679947 0.005742352 0.001706838 0.898787043 -0.438344571
1785983353.269999981 0.512951264 0.336057522 0.752977097 0.005486389 0.002424191 0.900217192 -0.435399851
1785983353.279999971 0.516978687 0.337698980 0.751321867 0.005195492 0.003081559 0.901656488 -0.432410788
1785983353.289999962 0.521117611 0.339412119 0.749723170 0.004891540 0.003791912 0.903085589 -0.429416014
1785983353.299999952 0.525353754 0.341173718 0.748188116 0.004552854 0.004486185 0.904520211 -0.426382849
1785983353.309999943 0.529618117 0.342919110 0.747047322 0.004138531 0.005120284 0.905926680 -0.423383403
1785983353.319999933 0.533844877 0.344577136 0.746684874 0.003647871 0.005745337 0.907342730 -0.420336596
1785983353.329999924 0.538021013 0.346115140 0.747105330 0.003158946 0.006410034 0.908745822 -0.417288825
1785983353.339999914 0.542167159 0.347507981 0.748348257 0.002651201 0.007058388 0.910095171 -0.414330701
1785983353.349999905 0.546235869 0.348692848 0.750353918 0.002114421 0.007684545 0.911451848 -0.411329559
1785983353.359999895 0.550204262 0.349654527 0.752840100 0.001730068 0.008264531 0.912754942 -0.408420274
1785983353.369999886 0.554118830 0.350427416 0.755497707 0.001530968 0.008796084 0.914038356 -0.405529492
1785983353.380000114 0.558006742 0.351046566 0.758155702 0.001329864 0.009355466 0.915284670 -0.402696759
1785983353.390000105 0.561890061 0.351557124 0.760832073 0.001081226 0.009967872 0.916517271 -0.399869434
1785983353.400000095 0.565793121 0.352001951 0.763535581 0.000880977 0.010615639 0.917731290 -0.397058952
1785983353.410000086 0.569701492 0.352426566 0.766309497 0.000737565 0.011258478 0.918894824 -0.394341228
1785983353.420000076 0.573578023 0.352866974 0.769326671 0.000596571 0.011926435 0.920050700 -0.391617306
1785983353.430000067 0.577416580 0.353319607 0.772530504 0.000450637 0.012607768 0.921210147 -0.388860779
1785983353.440000057 0.581209322 0.353758473 0.775721476 0.000323105 0.013308261 0.922358685 -0.386105220
1785983353.450000048 0.584896232 0.354140719 0.778882053 0.000264122 0.014107878 0.923486204 -0.383372050
1785983353.460000038 0.588445167 0.354466213 0.782009710 0.000169656 0.014890066 0.924611558 -0.380620183
1785983353.470000029 0.591930503 0.354815245 0.785113748 0.000037905 0.015694571 0.925748165 -0.377814788
1785983353.480000019 0.595430831 0.355246719 0.787909379 -0.000098384 0.016433272 0.926869956 -0.375022695
1785983353.490000010 0.598946593 0.355793245 0.790389067 -0.000285301 0.017099382 0.927963575 -0.372278302
1785983353.500000000 0.602448136 0.356448506 0.792812802 -0.000470901 0.017768481 0.929072855 -0.369469471
1785983353.509999990 0.605910843 0.357141192 0.795174723 -0.000652086 0.018410483 0.930157505 -0.366698301
1785983353.519999981 0.609334636 0.357811785 0.797504065 -0.000871646 0.019070009 0.931207448 -0.363989374
1785983353.529999971 0.612844947 0.358536482 0.799823045 -0.001239620 0.019645610 0.932268175 -0.361232007
1785983353.539999962 0.616587773 0.359457608 0.802143325 -0.001626084 0.020215696 0.933292523 -0.358543928
1785983353.549999952 0.620529526 0.360577325 0.804456195 -0.001990704 0.020662415 0.934282920 -0.355927699
1785983353.559999943 0.624649472 0.361844586 0.806744073 -0.002374635 0.020997857 0.935263521 -0.353320815
1785983353.569999933 0.629073575 0.363209158 0.809015872 -0.002738970 0.021161942 0.936174918 -0.350886295
1785983353.579999924 0.633809174 0.364633203 0.811278057 -0.003186292 0.021410230 0.937171285 -0.348197405
1785983353.589999914 0.638738544 0.366141861 0.813507368 -0.003520861 0.021686464 0.938162403 -0.345497623
1785983353.599999905 0.643729737 0.367736085 0.815659554 -0.003874506 0.021953427 0.939097575 -0.342926784
1785983353.609999895 0.648703505 0.369392802 0.817731652 -0.004264503 0.022157383 0.940018325 -0.340376869
1785983353.619999886 0.653685293 0.371140756 0.819765072 -0.004650629 0.022308987 0.940896175 -0.337927610
1785983353.630000114 0.658713963 0.373011599 0.821775635 -0.005043479 0.022464940 0.941724289 -0.335596862
1785983353.640000105 0.663822557 0.375001133 0.823755189 -0.005527973 0.022543771 0.942544513 -0.333273253
1785983353.650000095 0.669018833 0.377099233 0.825711230 -0.005885482 0.022563964 0.943400566 -0.330834702
1785983353.660000086 0.674252385 0.379265014 0.827654752 -0.006230662 0.022528988 0.944238120 -0.328432636
1785983353.670000076 0.679414086 0.381406260 0.829565544 -0.006568571 0.022520226 0.945047702 -0.326089764
1785983353.680000067 0.684474545 0.383480752 0.831436197 -0.006849586 0.022496863 0.945856235 -0.323732849
1785983353.690000057 0.689548759 0.385567931 0.833303572 -0.007140790 0.022424174 0.946690895 -0.321282610
1785983353.700000048 0.694703202 0.387741835 0.835183208 -0.007386967 0.022261834 0.947528710 -0.318809013
1785983353.710000038 0.699900855 0.390028076 0.837050580 -0.007679197 0.021965509 0.948354911 -0.316356617
1785983353.720000029 0.705110126 0.392442557 0.838896902 -0.007972381 0.021631287 0.949194291 -0.313845069
1785983353.730000019 0.710297384 0.394970983 0.840706349 -0.008219402 0.021270563 0.950017759 -0.311361946
1785983353.740000010 0.715428188 0.397605998 0.842434214 -0.008451827 0.020929008 0.950858545 -0.308801831
1785983353.750000000 0.720480821 0.400369274 0.844073332 -0.008770815 0.020605327 0.951668510 -0.306309551
1785983353.759999990 0.725459561 0.403281317 0.845617197 -0.009029376 0.020361828 0.952451672 -0.303874447
1785983353.769999981 0.730410172 0.406342122 0.847085881 -0.009209485 0.020135547 0.953247448 -0.301378580
1785983353.779999971 0.735353750 0.409529028 0.848539237 -0.009356275 0.019933421 0.954020135 -0.298932602
1785983353.789999962 0.740234044 0.412799925 0.849937937 -0.009523413 0.019736749 0.954801034 -0.296436756
1785983353.799999952 0.745008841 0.416097572 0.850980084 -0.009630433 0.019518500 0.955566146 -0.293972148
1785983353.809999943 0.749653717 0.419354931 0.851342283 -0.009655128 0.019323997 0.956323282 -0.291511820
1785983353.819999933 0.754112101 0.422520234 0.850986584 -0.009663016 0.019136528 0.957091414 -0.288992118
1785983353.829999924 0.758285026 0.425590049 0.850079421 -0.009578995 0.018975894 0.957821447 -0.286576750
1785983353.839999914 0.762086887 0.428605178 0.848588793 -0.009565279 0.018803947 0.958600224 -0.283972759
1785983353.849999905 0.765564446 0.431601049 0.846314781 -0.009420162 0.018658308 0.959346394 -0.281456256
1785983353.859999895 0.768820752 0.434553010 0.843241331 -0.009203820 0.018452244 0.960093263 -0.278918862
1785983353.869999886 0.771924444 0.437479544 0.839520849 -0.008864735 0.018297948 0.960838262 -0.276362869
1785983353.880000114 0.774936492 0.440455672 0.835541323 -0.008554341 0.018225006 0.961565074 -0.273838057
1785983353.890000105 0.777913978 0.443535567 0.831541295 -0.008309165 0.018213529 0.962264550 -0.271378260
1785983353.900000095 0.780890184 0.446735531 0.827524534 -0.008060305 0.018155133 0.962961763 -0.268905309
1785983353.910000086 0.783876974 0.450027420 0.823442921 -0.007828751 0.018108381 0.963637216 -0.266484733
1785983353.920000076 0.786879128 0.453392432 0.819276149 -0.007594289 0.018068456 0.964311288 -0.264044687
1785983353.930000067 0.789905270 0.456804421 0.815044148 -0.007360627 0.017994444 0.964957382 -0.261685446
1785983353.940000057 0.792964881 0.460244650 0.810744874 -0.007161000 0.017991262 0.965591550 -0.259341460
1785983353.950000048 0.796056678 0.463694960 0.806403706 -0.006944908 0.017977579 0.966230618 -0.256957133
1785983353.960000038 0.799190339 0.467136721 0.802039964 -0.006823852 0.017929719 0.966841459 -0.254655756
1785983353.970000029 0.802430262 0.470570984 0.797683661 -0.006731887 0.017813633 0.967428104 -0.252428643
1785983353.980000019 0.805817316 0.473998953 0.793355877 -0.006588960 0.017621381 0.967985193 -0.250301297
1785983353.990000010 0.809269047 0.477458868 0.789109901 -0.006640813 0.017619541 0.968538749 -0.248149437
1785983354.000000000 0.812715396 0.481006938 0.784943493 -0.006647924 0.017636506 0.969068088 -0.246072753
1785983354.009999990 0.816130126 0.484692483 0.780800633 -0.006660820 0.017612216 0.969603282 -0.243956797
1785983354.019999981 0.819535073 0.488559388 0.776697551 -0.006681604 0.017443290 0.970127858 -0.241873990
1785983354.029999971 0.823062853 0.492589795 0.772828346 -0.006837686 0.017440845 0.970578261 -0.240056039
1785983354.039999962 0.826763869 0.496724191 0.769190394 -0.006904777 0.017332362 0.971089837 -0.237984120
1785983354.049999952 0.830591510 0.500924672 0.765575344 -0.006838542 0.017226796 0.971564247 -0.236049540
1785983354.059999943 0.834527346 0.505169211 0.761962907 -0.006810029 0.017180276 0.972063026 -0.233991313
1785983354.069999933 0.838556056 0.509430676 0.758359487 -0.006872126 0.016995117 0.972557272 -0.231940279
1785983354.079999924 0.842659493 0.513691648 0.754739832 -0.006979908 0.016802780 0.973078293 -0.229755484
1785983354.089999914 0.846852187 0.517939977 0.751087234 -0.007083598 0.016598905 0.973547702 -0.227769996
1785983354.099999905 0.851129883 0.522153821 0.747389730 -0.007266987 0.016341975 0.973980852 -0.225923505
1785983354.109999895 0.855477841 0.526310869 0.743619717 -0.007434552 0.016184952 0.974448602 -0.223903321
1785983354.119999886 0.859915285 0.530340815 0.739708484 -0.007560214 0.016033292 0.974907866 -0.221901845
1785983354.130000114 0.864437013 0.534229256 0.735519382 -0.007787998 0.015964648 0.975338659 -0.219997674
1785983354.140000105 0.869007531 0.538012639 0.730825197 -0.007958408 0.015811468 0.975760371 -0.218124641
1785983354.150000095 0.873605503 0.541722803 0.725305019 -0.008193048 0.015634664 0.976196481 -0.216168596
1785983354.160000086 0.878243493 0.545350182 0.718986265 -0.008454145 0.015477298 0.976585955 -0.214403483
1785983354.170000076 0.882989772 0.548763452 0.712352648 -0.008784163 0.015243854 0.977039716 -0.212329596
1785983354.180000067 0.887845247 0.551846261 0.705586507 -0.009037401 0.015061353 0.977512006 -0.210146992
1785983354.190000057 0.892681966 0.554546216 0.698360144 -0.009394118 0.014804119 0.977999187 -0.207870583
1785983354.200000048 0.897407093 0.556856151 0.690772716 -0.009525088 0.014545105 0.978496342 -0.205530100
1785983354.210000038 0.902016996 0.558811702 0.683121148 -0.009802450 0.014227870 0.978963097 -0.203304538
1785983354.220000029 0.906502235 0.560425221 0.675149186 -0.010144766 0.013916589 0.979436108 -0.201018213
1785983354.230000019 0.910843963 0.561665651 0.666730760 -0.010462299 0.013516466 0.979919209 -0.198660991
1785983354.240000010 0.915027879 0.562536687 0.657779944 -0.010716046 0.013123135 0.980349770 -0.196538235
1785983354.250000000 0.918984604 0.563111072 0.648234552 -0.010988584 0.012677865 0.980808516 -0.194250298
1785983354.259999990 0.922638444 0.563458248 0.638324861 -0.011273122 0.012237788 0.981225534 -0.192144751
1785983354.269999981 0.925973439 0.563616072 0.628160515 -0.011591037 0.011792479 0.981654393 -0.189950619
1785983354.279999971 0.928944066 0.563608877 0.617849298 -0.011968670 0.011182034 0.982047218 -0.187922791
1785983354.289999962 0.931469260 0.563409931 0.607552656 -0.012324092 0.010657135 0.982452348 -0.185800771
1785983354.299999952 0.933572924 0.563038784 0.597282829 -0.012766982 0.010184097 0.982876206 -0.183541965
1785983354.309999943 0.935354155 0.562539003 0.587017169 -0.013131891 0.009662250 0.983316393 -0.181171368
1785983354.319999933 0.936925028 0.561951058 0.576791762 -0.013562236 0.009198561 0.983714936 -0.178987084
1785983354.329999924 0.938340027 0.561335616 0.566595407 -0.013920938 0.008639975 0.984107413 -0.176816733
1785983354.339999914 0.939529908 0.560691583 0.556394468 -0.014301393 0.007955561 0.984504018 -0.174596730
1785983354.349999905 0.940414878 0.560001692 0.546180286 -0.014702838 0.007146735 0.984932440 -0.172165149
1785983354.359999895 0.941005122 0.559262642 0.535960306 -0.015050326 0.006349397 0.985318200 -0.169944750
1785983354.369999886 0.941384637 0.558472920 0.525751768 -0.015275761 0.005652412 0.985698769 -0.167727868
1785983354.380000114 0.941671551 0.557655471 0.515572734 -0.015527258 0.005046180 0.986054934 -0.165617352
1785983354.390000105 0.941956314 0.556884461 0.505440517 -0.015824195 0.004567261 0.986413311 -0.163454934
1785983354.400000095 0.942248418 0.556199912 0.495342056 -0.016125450 0.004107888 0.986765959 -0.161294875
1785983354.410000086 0.942480953 0.555591800 0.485241994 -0.016428046 0.003599852 0.987098683 -0.159227353
1785983354.420000076 0.942587375 0.555014985 0.475096825 -0.016649382 0.003062441 0.987413832 -0.157249304
1785983354.430000067 0.942585589 0.554477191 0.464911832 -0.016749381 0.002542929 0.987719330 -0.155317469
1785983354.440000057 0.942499364 0.554080855 0.454731389 -0.016643145 0.002230567 0.988019565 -0.153412415
1785983354.450000048 0.942331329 0.553890716 0.444576196 -0.016585189 0.001996391 0.988319008 -0.151480973
1785983354.460000038 0.942074338 0.553927254 0.434441454 -0.016427029 0.001870285 0.988615725 -0.149551338
1785983354.470000029 0.941664103 0.554202010 0.424303016 -0.016231215 0.001702060 0.988905797 -0.147644761
1785983354.480000019 0.941053854 0.554703130 0.414159480 -0.016023710 0.001546283 0.989204856 -0.145652337
1785983354.490000010 0.940270451 0.555358320 0.404045769 -0.015623482 0.001344042 0.989487632 -0.143764828
1785983354.500000000 0.939377454 0.556079457 0.393989957 -0.015187101 0.001249060 0.989746937 -0.142016874
1785983354.509999990 0.938444787 0.556865122 0.383994934 -0.014680630 0.001232598 0.989996990 -0.140317209
1785983354.519999981 0.937549841 0.557735796 0.374053505 -0.014170690 0.001298889 0.990241121 -0.138636308
1785983354.529999971 0.936732905 0.558660222 0.364276901 -0.013561657 0.001393719 0.990468531 -0.137062859
1785983354.539999962 0.935970385 0.559592013 0.354767492 -0.012997308 0.001530760 0.990682711 -0.135559920
1785983354.549999952 0.935228291 0.560509921 0.345534537 -0.012471517 0.001692367 0.990885385 -0.134118423
1785983354.559999943 0.934573445 0.561429659 0.336744421 -0.011947864 0.001974099 0.991093367 -0.132617081
1785983354.569999933 0.934129307 0.562378113 0.328566227 -0.011458068 0.002173240 0.991282459 -0.131236718
1785983354.579999924 0.933897506 0.563364357 0.320746849 -0.011067490 0.002410086 0.991467924 -0.129857836
1785983354.589999914 0.933864811 0.564394805 0.313276558 -0.010817062 0.002851689 0.991612262 -0.128763275
1785983354.599999905 0.934075057 0.565524840 0.306307558 -0.010540047 0.003313555 0.991784128 -0.127444780
1785983354.609999895 0.934551556 0.566880366 0.299947874 -0.010355916 0.003803772 0.991929945 -0.126306259
1785983354.619999886 0.935270898 0.568591660 0.294531839 -0.010452638 0.004182016 0.992110617 -0.124859026
1785983354.630000114 0.936215161 0.570697822 0.290318690 -0.010427847 0.004754749 0.992332466 -0.123064738
1785983354.640000105 0.937414164 0.573133304 0.287366587 -0.010665914 0.005104362 0.992508912 -0.121598696
1785983354.650000095 0.938868717 0.575789714 0.285641791 -0.010866496 0.005881074 0.992643795 -0.120439311
1785983354.660000086 0.940603122 0.578702803 0.284985441 -0.010959519 0.006511786 0.992819083 -0.118944332
1785983354.670000076 0.942682683 0.581851815 0.285477453 -0.011389426 0.007254288 0.992981979 -0.117492319
1785983354.680000067 0.945053704 0.585166942 0.287336938 -0.011653966 0.007736857 0.993120445 -0.116258799
1785983354.690000057 0.947728475 0.588699267 0.290698269 -0.011729215 0.008328659 0.993275909 -0.114873963
1785983354.700000048 0.950779004 0.592390003 0.295598307 -0.011985622 0.008990864 0.993373022 -0.113954150
1785983354.710000038 0.954201407 0.596236446 0.301868906 -0.012242490 0.009454697 0.993524729 -0.112558177
1785983354.720000029 0.957995218 0.600265312 0.309255390 -0.012557633 0.009971656 0.993676979 -0.111125754
1785983354.730000019 0.962102526 0.604504583 0.317269591 -0.012686419 0.010525399 0.993778848 -0.110144776
1785983354.740000010 0.966483835 0.608991279 0.325485476 -0.012965931 0.011158851 0.993901450 -0.108937010
1785983354.750000000 0.971141151 0.613626326 0.333728531 -0.013123159 0.011792951 0.994023087 -0.107734918
1785983354.759999990 0.976075892 0.618324717 0.342021374 -0.013203989 0.012389075 0.994143442 -0.106540984
1785983354.769999981 0.981316131 0.623037947 0.350342757 -0.013067532 0.012969547 0.994256789 -0.105425179
1785983354.779999971 0.986836395 0.627723017 0.358659190 -0.012958027 0.013505894 0.994357118 -0.104420314
1785983354.789999962 0.992484180 0.632366914 0.366642331 -0.012892032 0.014106398 0.994457813 -0.103385024
1785983354.799999952 0.998198216 0.636987629 0.374297903 -0.012881197 0.014644352 0.994557372 -0.102348673
1785983354.809999943 1.003996868 0.641581675 0.381883420 -0.012907193 0.015267283 0.994653286 -0.101317099
1785983354.819999933 1.009847639 0.646105241 0.389266201 -0.012930045 0.015856582 0.994751372 -0.100255124
1785983354.829999924 1.015695492 0.650540202 0.396507147 -0.012953807 0.016428078 0.994849239 -0.099183205
1785983354.839999914 1.021493940 0.654883165 0.403676842 -0.012947625 0.016933579 0.994942125 -0.098162018
1785983354.849999905 1.027250584 0.659126395 0.410502554 -0.012972811 0.017436539 0.995039445 -0.097078192
1785983354.859999895 1.032966794 0.663275645 0.416805207 -0.012978110 0.017921418 0.995135492 -0.095998671
1785983354.869999886 1.038509840 0.667327369 0.422448546 -0.012940151 0.018375726 0.995225291 -0.094981610
1785983354.880000114 1.043754585 0.671298987 0.427355274 -0.012938340 0.018808703 0.995323545 -0.093860927
1785983354.890000105 1.048773981 0.675258200 0.431908234 -0.012969653 0.019169549 0.995411634 -0.092843932
1785983354.900000095 1.053652056 0.679238253 0.436422443 -0.012979828 0.019555640 0.995492952 -0.091885163
1785983354.910000086 1.058350664 0.683192469 0.440694494 -0.012891138 0.019856307 0.995578514 -0.090900868
1785983354.920000076 1.062806527 0.687058040 0.444464649 -0.012814563 0.020073250 0.995669573 -0.089860738
1785983354.930000067 1.067050378 0.690833498 0.447874260 -0.012695646 0.020313095 0.995762609 -0.088786400
1785983354.940000057 1.071111510 0.694542699 0.450900070 -0.012585195 0.020556807 0.995852580 -0.087730667
1785983354.950000048 1.074990492 0.698208046 0.453265053 -0.012460451 0.020852306 0.995938946 -0.086692180
1785983354.960000038 1.078712158 0.701834706 0.454918577 -0.012302075 0.021164345 0.996027294 -0.085617521
1785983354.970000029 1.082253818 0.705392939 0.455939409 -0.012114228 0.021427000 0.996117920 -0.084517563
1785983354.980000019 1.085665008 0.708887260 0.456654011 -0.011917583 0.021751419 0.996209021 -0.083381249
1785983354.990000010 1.089022025 0.712335538 0.457351454 -0.011761231 0.022065419 0.996293888 -0.082299941
1785983355.000000000 1.092320799 0.715712658 0.458028091 -0.011623673 0.022363131 0.996382923 -0.081153253
1785983355.009999990 1.095559758 0.718925053 0.458469745 -0.011472243 0.022728421 0.996476464 -0.079915349
1785983355.019999981 1.098744823 0.721953921 0.458705028 -0.011321117 0.023075724 0.996568732 -0.078677225
1785983355.029999971 1.101878268 0.724895227 0.458968405 -0.011183881 0.023409747 0.996658174 -0.077455724
1785983355.039999962 1.104952925 0.727796370 0.459256912 -0.011028961 0.023705696 0.996740776 -0.076316622
1785983355.049999952 1.107950594 0.730646340 0.459552479 -0.010836827 0.023939763 0.996824908 -0.075163511
1785983355.059999943 1.110863653 0.733437830 0.459852170 -0.010684575 0.024139171 0.996908149 -0.074008670
1785983355.069999933 1.113685309 0.736193874 0.460166596 -0.010546012 0.024202170 0.996998675 -0.072778281
1785983355.079999924 1.116418705 0.738920438 0.460502479 -0.010450936 0.024254373 0.997081458 -0.071631480
1785983355.089999914 1.119106207 0.741613297 0.460862113 -0.010319223 0.024384469 0.997175257 -0.070288110
1785983355.099999905 1.121770792 0.744302414 0.461245175 -0.010132509 0.024446659 0.997256820 -0.069126895
1785983355.109999895 1.124403657 0.747034647 0.461633578 -0.009953563 0.024493059 0.997332082 -0.068042149
1785983355.119999886 1.126998329 0.749831513 0.461989387 -0.009751066 0.024500084 0.997402203 -0.067033630
1785983355.130000114 1.129497776 0.752599506 0.462320260 -0.009597387 0.024415982 0.997482228 -0.065885920
1785983355.140000105 1.131819792 0.755215676 0.462666499 -0.009575581 0.024429437 0.997570848 -0.064528395
1785983355.150000095 1.133939244 0.757716408 0.463037791 -0.009464331 0.024342148 0.997636544 -0.063554804
1785983355.160000086 1.135845148 0.760163292 0.463436689 -0.009345253 0.024212851 0.997696671 -0.062671822
1785983355.170000076 1.137573181 0.762561220 0.463884522 -0.009233525 0.024079804 0.997758294 -0.061751860
1785983355.180000067 1.139188079 0.764925248 0.464380034 -0.009127549 0.023960349 0.997815787 -0.060878942
1785983355.190000057 1.140684700 0.767277382 0.464879248 -0.009093107 0.023805179 0.997874552 -0.059975057
1785983355.200000048 1.142017783 0.769636021 0.465358397 -0.009080694 0.023650604 0.997926554 -0.059167418
1785983355.210000038 1.143194492 0.772015731 0.466087150 -0.009085473 0.023539387 0.997974565 -0.058396225
1785983355.220000029 1.144266909 0.774425482 0.467105052 -0.009151449 0.023521646 0.998018721 -0.057633464
1785983355.230000019 1.145286144 0.776859692 0.468158082 -0.009311323 0.023567421 0.998061865 -0.056836525
1785983355.240000010 1.146292785 0.779328849 0.469224829 -0.009544618 0.023644407 0.998101433 -0.056065772
1785983355.250000000 1.147301443 0.781849362 0.470299385 -0.009808257 0.023697139 0.998139370 -0.055317651
1785983355.259999990 1.148306499 0.784447599 0.471370020 -0.010182994 0.023706974 0.998174847 -0.054600921
1785983355.269999981 1.149301087 0.787181591 0.472439489 -0.010612476 0.023729578 0.998205108 -0.053952237
1785983355.279999971 1.150286901 0.790068314 0.473542721 -0.011124534 0.023721121 0.998232888 -0.053335302
1785983355.289999962 1.151274493 0.793078393 0.474690679 -0.011656685 0.023740476 0.998258024 -0.052739254
1785983355.299999952 1.152282004 0.796202866 0.475852656 -0.012238073 0.023833166 0.998279677 -0.052152619
1785983355.309999943 1.153297300 0.799429146 0.477013667 -0.012817690 0.023951285 0.998298043 -0.051604852
1785983355.319999933 1.154301494 0.802735351 0.478166379 -0.013400668 0.024071451 0.998313487 -0.051099590
1785983355.329999924 1.155323392 0.806120833 0.479310217 -0.013935837 0.024100633 0.998332689 -0.050564751
1785983355.339999914 1.156378354 0.809599036 0.480444851 -0.014478775 0.024123356 0.998350152 -0.050054006
1785983355.349999905 1.157407708 0.813177871 0.481565764 -0.015042177 0.024168557 0.998363704 -0.049593624
1785983355.359999895 1.158378222 0.816828414 0.482662667 -0.015579998 0.024244975 0.998378701 -0.049085779
1785983355.369999886 1.159332640 0.820473302 0.483635437 -0.016049152 0.024335644 0.998396649 -0.048521462
1785983355.380000114 1.160317221 0.824065649 0.484492780 -0.016496025 0.024464054 0.998416264 -0.047899422
1785983355.390000105 1.161354716 0.827610536 0.485314933 -0.016943614 0.024527140 0.998433198 -0.047354860
1785983355.400000095 1.162448344 0.831104915 0.486030431 -0.017404776 0.024556902 0.998448436 -0.046848187
1785983355.410000086 1.163586328 0.834484122 0.486456765 -0.017843522 0.024565290 0.998462540 -0.046375766
1785983355.420000076 1.164753933 0.837673416 0.486312627 -0.018233164 0.024582385 0.998479364 -0.045849942
1785983355.430000067 1.165919021 0.840623445 0.485446507 -0.018599699 0.024604235 0.998492551 -0.045401635
1785983355.440000057 1.167066290 0.843374288 0.483880994 -0.018938851 0.024620981 0.998506233 -0.044949191
1785983355.450000048 1.168214171 0.846066508 0.481794999 -0.019224696 0.024587441 0.998521477 -0.044505374
1785983355.460000038 1.169372180 0.848757150 0.479496540 -0.019493691 0.024527811 0.998538024 -0.044047674
1785983355.470000029 1.170537992 0.851392180 0.477129779 -0.019768695 0.024380004 0.998557883 -0.043554208
1785983355.480000019 1.171686169 0.853949613 0.474722756 -0.020037907 0.024208280 0.998574445 -0.043145334
1785983355.490000010 1.172734122 0.856480158 0.472294442 -0.020265922 0.024013587 0.998591162 -0.042758982
1785983355.500000000 1.173650518 0.858998350 0.469840821 -0.020431085 0.023857643 0.998605240 -0.042437698
1785983355.509999990 1.174484004 0.861463540 0.467394115 -0.020505203 0.023648598 0.998623646 -0.042084367
1785983355.519999981 1.175260475 0.863842350 0.465019411 -0.020502943 0.023428109 0.998646675 -0.041660203
1785983355.529999971 1.175956329 0.866186619 0.462979576 -0.020333067 0.023226887 0.998673309 -0.041215298
1785983355.539999962 1.176559939 0.868580602 0.461526565 -0.020039473 0.023059682 0.998701219 -0.040774326
1785983355.549999952 1.177098528 0.871042362 0.460717322 -0.019676416 0.022864473 0.998732758 -0.040285635
1785983355.559999943 1.177599484 0.873550893 0.460506020 -0.019195204 0.022738200 0.998765199 -0.039781850
1785983355.569999933 1.178085949 0.876067031 0.460658951 -0.018660345 0.022640947 0.998796664 -0.039298897
1785983355.579999924 1.178554467 0.878559105 0.460941752 -0.018188758 0.022536502 0.998825866 -0.038835091
1785983355.589999914 1.178994423 0.881019477 0.461275246 -0.017762623 0.022390227 0.998853636 -0.038400263
1785983355.599999905 1.179389042 0.883449195 0.461632810 -0.017389259 0.022168692 0.998881538 -0.037971514
1785983355.609999895 1.179707079 0.885841853 0.461990352 -0.017122876 0.021850819 0.998904151 -0.037680842
1785983355.619999886 1.179931224 0.888200664 0.462332220 -0.016942871 0.021475965 0.998928476 -0.037331243
1785983355.630000114 1.180077120 0.890554095 0.462482827 -0.016866610 0.021120872 0.998945955 -0.037099925
1785983355.640000105 1.180193447 0.892915343 0.462338970 -0.016858989 0.020777565 0.998960251 -0.036911839
1785983355.650000095 1.180345559 0.895249519 0.461975437 -0.016944289 0.020484685 0.998970874 -0.036748639
1785983355.660000086 1.180565161 0.897537489 0.461485575 -0.017098900 0.020204418 0.998978463 -0.036625664
1785983355.670000076 1.180829979 0.899819986 0.460939620 -0.017329017 0.019903316 0.998984605 -0.036514695
1785983355.680000067 1.181115964 0.902139510 0.460340107 -0.017611488 0.019601657 0.998989012 -0.036422025
1785983355.690000057 1.181414820 0.904506206 0.459714968 -0.017915862 0.019325707 0.998992273 -0.036331491
1785983355.700000048 1.181715731 0.906935995 0.459078196 -0.018243560 0.019140514 0.998991586 -0.036285328
1785983355.710000038 1.182006317 0.909424692 0.458427818 -0.018623798 0.019025449 0.998988759 -0.036230463
1785983355.720000029 1.182296957 0.911928359 0.457759648 -0.019022900 0.019005832 0.998983527 -0.036177622
1785983355.730000019 1.182683568 0.914406995 0.457083423 -0.019440302 0.019000885 0.998977950 -0.036112272
1785983355.740000010 1.183181560 0.916858887 0.456092340 -0.019825348 0.019043996 0.998968703 -0.036136021
1785983355.750000000 1.183589093 0.919312136 0.454304927 -0.020186631 0.019158749 0.998956673 -0.036207846
1785983355.759999990 1.183733244 0.921733224 0.451509813 -0.020534603 0.019291483 0.998944596 -0.036274817
1785983355.769999981 1.183584479 0.923950416 0.447706818 -0.020867333 0.019391025 0.998938301 -0.036205148
1785983355.779999971 1.183156471 0.925845116 0.442936016 -0.021271532 0.019658403 0.998925545 -0.036177673
1785983355.789999962 1.182506983 0.927393566 0.437139923 -0.021621902 0.020167840 0.998907189 -0.036196403
1785983355.799999952 1.181634007 0.928601846 0.430464472 -0.021822341 0.020623853 0.998889631 -0.036303534
1785983355.809999943 1.180485803 0.929512299 0.422947586 -0.021978092 0.021060507 0.998877346 -0.036296912
1785983355.819999933 1.179093411 0.930133486 0.414530966 -0.022008933 0.021395868 0.998876027 -0.036117939
1785983355.829999924 1.177568291 0.930359401 0.405206054 -0.022327705 0.021876044 0.998848726 -0.036388669
1785983355.839999914 1.175929361 0.930162774 0.395073615 -0.022564777 0.022118191 0.998839104 -0.036360154
1785983355.849999905 1.174049010 0.929689934 0.384307678 -0.022924619 0.022303303 0.998825909 -0.036384459
1785983355.859999895 1.171881107 0.929031486 0.372953241 -0.023083039 0.022605901 0.998814413 -0.036413104
1785983355.869999886 1.169503635 0.928213087 0.361331807 -0.023246394 0.022872320 0.998803996 -0.036428562
1785983355.880000114 1.167005064 0.927263070 0.349698472 -0.023346242 0.023102868 0.998789589 -0.036613755
1785983355.890000105 1.164416299 0.926252963 0.338081169 -0.023441220 0.023323592 0.998770377 -0.036935800
1785983355.900000095 1.161742329 0.925256700 0.326710418 -0.023501902 0.023491286 0.998755381 -0.037195552
1785983355.910000086 1.158987900 0.924329252 0.315937536 -0.023501727 0.023582883 0.998749729 -0.037289349
1785983355.920000076 1.156155819 0.923516355 0.305966003 -0.023485236 0.023628205 0.998743407 -0.037440074
1785983355.930000067 1.153241043 0.922855225 0.296851424 -0.023478759 0.023649534 0.998737513 -0.037587611
1785983355.940000057 1.150213013 0.922404018 0.288642989 -0.023474705 0.023451050 0.998737184 -0.037722988
1785983355.950000048 1.147041287 0.922192271 0.281172620 -0.023490262 0.023207235 0.998733491 -0.037961108
1785983355.960000038 1.143742589 0.922172916 0.273957909 -0.023568684 0.022869448 0.998733112 -0.038127118
1785983355.970000029 1.140387543 0.922288790 0.266786133 -0.023637450 0.022542703 0.998730816 -0.038338674
1785983355.980000019 1.137041201 0.922499563 0.259802621 -0.023678086 0.022322073 0.998728553 -0.038501305
1785983355.990000010 1.133736212 0.922808660 0.253016012 -0.023661153 0.022232821 0.998726284 -0.038622031
1785983356.000000000 1.130533407 0.923206473 0.246316316 -0.023679705 0.022104696 0.998723946 -0.038744474
1785983356.009999990 1.127496556 0.923668254 0.239684518 -0.023644894 0.021918842 0.998724274 -0.038862681
1785983356.019999981 1.124591331 0.924239517 0.233110598 -0.023686277 0.021729463 0.998722397 -0.038991857
1785983356.029999971 1.121730971 0.925016605 0.226576467 -0.023690478 0.021493223 0.998718798 -0.039211790
1785983356.039999962 1.118899497 0.926015675 0.220203175 -0.023792266 0.021360063 0.998712315 -0.039387648
1785983356.049999952 1.116141720 0.927183669 0.214201824 -0.023978848 0.021354692 0.998701556 -0.039549903
1785983356.059999943 1.113573636 0.928450727 0.208520966 -0.024104539 0.021314547 0.998702027 -0.039483189
1785983356.069999933 1.111289518 0.929722940 0.203218441 -0.024225424 0.021401733 0.998689794 -0.039671016
1785983356.079999924 1.109304866 0.930973677 0.198435916 -0.024339972 0.021329715 0.998680006 -0.039885522
1785983356.089999914 1.107663233 0.932250713 0.194317472 -0.024318043 0.021065375 0.998687933 -0.039840863
1785983356.099999905 1.106360761 0.933588338 0.191012878 -0.024265475 0.020848728 0.998687476 -0.039998034
1785983356.109999895 1.105248299 0.934994310 0.188276343 -0.024146358 0.020749735 0.998687168 -0.040129077
1785983356.119999886 1.104157608 0.936500386 0.185981241 -0.023989909 0.020751909 0.998686972 -0.040226535
1785983356.130000114 1.103030175 0.938091314 0.184245281 -0.023821273 0.020810142 0.998684854 -0.040349062
1785983356.140000105 1.101955387 0.939762687 0.183276684 -0.023589667 0.020902572 0.998689255 -0.040328425
1785983356.150000095 1.100980992 0.941576846 0.183158035 -0.023329884 0.020925358 0.998684277 -0.040590146
1785983356.160000086 1.100012046 0.943528150 0.183424236 -0.023034754 0.020860361 0.998683420 -0.040812641
1785983356.170000076 1.099078608 0.945575680 0.183874507 -0.022755035 0.020874236 0.998681230 -0.041015540
1785983356.180000067 1.098376349 0.947747847 0.184979318 -0.022468974 0.020868180 0.998681528 -0.041168793
1785983356.190000057 1.097963438 0.950095758 0.186940617 -0.022244117 0.021083892 0.998677444 -0.041279920
1785983356.200000048 1.097814048 0.952652577 0.189841640 -0.021949454 0.021176777 0.998687423 -0.041148461
1785983356.210000038 1.097976929 0.955398293 0.193868102 -0.021671710 0.021016279 0.998705723 -0.040933249
1785983356.220000029 1.098400568 0.958332793 0.198943153 -0.021529003 0.020877601 0.998704265 -0.041114694
1785983356.230000019 1.098978975 0.961567942 0.205241151 -0.021387251 0.020474701 0.998718314 -0.041049985
1785983356.240000010 1.099662638 0.965170339 0.212766803 -0.021101770 0.020348789 0.998723804 -0.041126701
1785983356.250000000 1.100411884 0.969036752 0.221117642 -0.021006989 0.020204901 0.998722593 -0.041275291
1785983356.259999990 1.101185081 0.973014498 0.229872962 -0.020907797 0.020065628 0.998723860 -0.041362861
1785983356.269999981 1.101901905 0.977025485 0.238722256 -0.020735385 0.019988577 0.998721653 -0.041539860
1785983356.279999971 1.102489551 0.981034219 0.247691598 -0.020548496 0.019795789 0.998728116 -0.041569663
1785983356.289999962 1.102904190 0.984997623 0.256826391 -0.020366011 0.019524287 0.998739653 -0.041510632
1785983356.299999952 1.103096615 0.988891142 0.266105473 -0.020223001 0.019275600 0.998750813 -0.041428196
1785983356.309999943 1.103013471 0.992704972 0.275473022 -0.019990607 0.019197478 0.998758837 -0.041383797
1785983356.319999933 1.102681314 0.996434810 0.284868886 -0.019911436 0.019189713 0.998765489 -0.041264843
1785983356.329999924 1.102204754 1.000094068 0.294228438 -0.019957095 0.019242226 0.998769442 -0.041122404
1785983356.339999914 1.101614873 1.003696647 0.303264835 -0.020053640 0.019316328 0.998771861 -0.040981707
1785983356.349999905 1.100870859 1.007272945 0.311605616 -0.020249269 0.019396639 0.998772783 -0.040824819
1785983356.359999895 1.099997288 1.010849160 0.319204976 -0.020419023 0.019505509 0.998773672 -0.040666337
1785983356.369999886 1.099045924 1.014422447 0.326140673 -0.020563343 0.019740365 0.998772604 -0.040506201
1785983356.380000114 1.097994442 1.017972035 0.332318637 -0.020723186 0.020020396 0.998770869 -0.040329704
1785983356.390000105 1.096805897 1.021459020 0.337736266 -0.020870870 0.020378393 0.998770228 -0.040089404
1785983356.400000095 1.095449788 1.024839595 0.342499407 -0.020998756 0.020753172 0.998769103 -0.039857698
1785983356.410000086 1.093919350 1.028109596 0.346786421 -0.021027268 0.021117844 0.998770468 -0.039616186
1785983356.420000076 1.092222912 1.031294189 0.350891959 -0.020958991 0.021483009 0.998776179 -0.039310873
1785983356.430000067 1.090411397 1.034415539 0.354984324 -0.020910287 0.021874891 0.998776712 -0.039106640
1785983356.440000057 1.088558218 1.037492767 0.359089083 -0.020850555 0.022306582 0.998778040 -0.038859963
1785983356.450000048 1.086703898 1.040541202 0.363211906 -0.020743461 0.022860672 0.998776913 -0.038623519
1785983356.460000038 1.084869232 1.043577463 0.367353542 -0.020599249 0.023405248 0.998776593 -0.038382066
1785983356.470000029 1.083070280 1.046625028 0.371534401 -0.020415399 0.023824375 0.998776355 -0.038228309
1785983356.480000019 1.081308559 1.049710724 0.375770532 -0.020219225 0.024201890 0.998779663 -0.038008364
1785983356.490000010 1.079568264 1.052840426 0.380052654 -0.020085083 0.024465855 0.998781523 -0.037861328
1785983356.500000000 1.077808539 1.055984832 0.384358225 -0.020046734 0.024718790 0.998783996 -0.037651555
1785983356.509999990 1.075970632 1.059085225 0.388645916 -0.020079483 0.024934594 0.998785370 -0.037454838
1785983356.519999981 1.074003305 1.062077815 0.392668112 -0.020187605 0.025085637 0.998788048 -0.037223736
1785983356.529999971 1.071852823 1.064952901 0.396112395 -0.020346074 0.025112868 0.998790566 -0.037051139
1785983356.539999962 1.069483751 1.067748410 0.398916552 -0.020540354 0.025013483 0.998793594 -0.036929329
1785983356.549999952 1.066908307 1.070496444 0.401236909 -0.020778216 0.024781182 0.998801971 -0.036725751
1785983356.559999943 1.064190579 1.073211466 0.403351347 -0.021039491 0.024515787 0.998809421 -0.036552095
1785983356.569999933 1.061367086 1.075868625 0.405115962 -0.021331143 0.024272267 0.998814937 -0.036394506
1785983356.579999924 1.058489908 1.078460968 0.406399998 -0.021632838 0.024005139 0.998822905 -0.036174281
1785983356.589999914 1.055628889 1.080993283 0.407555808 -0.022009617 0.023702599 0.998829308 -0.035969120
1785983356.599999905 1.052800766 1.083456406 0.408762451 -0.022370525 0.023374793 0.998835128 -0.035798968
1785983356.609999895 1.049997854 1.085871988 0.410016673 -0.022663539 0.023057816 0.998840667 -0.035665439
1785983356.619999886 1.047209134 1.088262847 0.411308826 -0.022954736 0.022701387 0.998847411 -0.035518677
1785983356.630000114 1.044448376 1.090636059 0.412630708 -0.023230604 0.022305813 0.998853425 -0.035420694
1785983356.640000105 1.041753933 1.092989447 0.413993570 -0.023472877 0.021985902 0.998856830 -0.035364929
1785983356.650000095 1.039195742 1.095323501 0.415400716 -0.023705465 0.021745669 0.998856716 -0.035361515
1785983356.660000086 1.036816575 1.097630885 0.416855820 -0.023892627 0.021535932 0.998858703 -0.035307765
1785983356.670000076 1.034576084 1.099871208 0.418373067 -0.024060970 0.021414316 0.998859394 -0.035247814
1785983356.680000067 1.032432193 1.102027619 0.419953304 -0.024184120 0.021320601 0.998862516 -0.035131674
1785983356.690000057 1.030421902 1.104124054 0.421569110 -0.024239363 0.021271920 0.998864725 -0.035060224
1785983356.700000048 1.028574077 1.106178820 0.423208931 -0.024267919 0.021324382 0.998867343 -0.034933805
1785983356.710000038 1.026863873 1.108209638 0.424873965 -0.024287786 0.021487153 0.998865594 -0.034870188
1785983356.720000029 1.025245686 1.110211232 0.426551335 -0.024282002 0.021689738 0.998863112 -0.034819857
1785983356.730000019 1.023678504 1.112194051 0.428234805 -0.024279067 0.021982278 0.998859506 -0.034741818
1785983356.740000010 1.022124882 1.114182421 0.429921776 -0.024207036 0.022271679 0.998856698 -0.034688457
1785983356.750000000 1.020550426 1.116175252 0.431599861 -0.024123140 0.022523608 0.998856452 -0.034591182
1785983356.759999990 1.018952469 1.118168709 0.433249310 -0.024069108 0.022765376 0.998852935 -0.034572107
1785983356.769999981 1.017334120 1.120152719 0.434860246 -0.024041371 0.022992111 0.998851453 -0.034484054
1785983356.779999971 1.015668259 1.122136316 0.436464349 -0.024009891 0.023279134 0.998848288 -0.034405014
1785983356.789999962 1.013882915 1.124156087 0.438431213 -0.023992451 0.023617304 0.998845827 -0.034257828
1785983356.799999952 1.011929971 1.126216764 0.441135392 -0.023987756 0.023976342 0.998844220 -0.034057977
1785983356.809999943 1.009840453 1.128293183 0.444466919 -0.024029110 0.024336587 0.998840475 -0.033882705
1785983356.819999933 1.007642613 1.130373684 0.448053928 -0.024135698 0.024666587 0.998834376 -0.033747851
1785983356.829999924 1.005260220 1.132456119 0.451644848 -0.024324118 0.024936680 0.998825729 -0.033669892
1785983356.839999914 1.002597903 1.134534215 0.455216748 -0.024674637 0.025150830 0.998817545 -0.033497896
1785983356.849999905 0.999597313 1.136598369 0.458602995 -0.025055881 0.025457310 0.998809886 -0.033210538
1785983356.859999895 0.996247811 1.138613665 0.461482634 -0.025449872 0.025664360 0.998804384 -0.032915767
1785983356.869999886 0.992570048 1.140553326 0.463735070 -0.025953701 0.025796569 0.998787870 -0.032920093
1785983356.880000114 0.988565975 1.142418465 0.465355487 -0.026319371 0.025812429 0.998780383 -0.032844414
1785983356.890000105 0.984263694 1.144182157 0.466289772 -0.026912501 0.025858108 0.998761926 -0.032889054
1785983356.900000095 0.979743096 1.145822989 0.466524803 -0.027618040 0.025828951 0.998742304 -0.032922942
1785983356.910000086 0.975072421 1.147308593 0.466045809 -0.028335584 0.025856943 0.998721274 -0.032929165
1785983356.920000076 0.970239882 1.148602028 0.464844595 -0.029068052 0.025886659 0.998699490 -0.032928074
1785983356.930000067 0.965248746 1.149795497 0.463067411 -0.029766016 0.025988138 0.998677667 -0.032886446
1785983356.940000057 0.960160956 1.151026268 0.461031939 -0.030377833 0.026075632 0.998660058 -0.032792334
1785983356.950000048 0.955026739 1.152347729 0.458953604 -0.030886136 0.026180065 0.998644044 -0.032721916
1785983356.960000038 0.949863495 1.153758358 0.456861415 -0.031387560 0.026302863 0.998625046 -0.032726093
1785983356.970000029 0.944673947 1.155217960 0.454756671 -0.031892171 0.026473497 0.998602260 -0.032795886
1785983356.980000019 0.939452580 1.156710742 0.452640441 -0.032338512 0.026700266 0.998581570 -0.032804949
1785983356.990000010 0.934191435 1.158244875 0.450507403 -0.032658841 0.026968779 0.998564871 -0.032776257
1785983357.000000000 0.928888341 1.159817239 0.448359589 -0.032894915 0.027272708 0.998549848 -0.032746360
1785983357.009999990 0.923565837 1.161415460 0.446214073 -0.032970500 0.027596881 0.998540918 -0.032671000
1785983357.019999981 0.918243460 1.162998212 0.444101993 -0.032973003 0.027922235 0.998533884 -0.032606951
1785983357.029999971 0.912884472 1.164491044 0.442055884 -0.032864557 0.028200417 0.998532188 -0.032528872
1785983357.039999962 0.907405701 1.165828770 0.440083127 -0.032763744 0.028420878 0.998532718 -0.032422230
1785983357.049999952 0.901730566 1.167026356 0.438262725 -0.032542118 0.028610363 0.998537771 -0.032323014
1785983357.059999943 0.895850345 1.168153653 0.436828582 -0.032275016 0.028808032 0.998543630 -0.032234152
1785983357.069999933 0.889819713 1.169259459 0.435955139 -0.032042150 0.029033143 0.998546563 -0.032173570
1785983357.079999924 0.883700478 1.170374339 0.435725599 -0.031777681 0.029199713 0.998552237 -0.032108973
1785983357.089999914 0.877558327 1.171546151 0.436272389 -0.031496467 0.029198438 0.998560033 -0.032144753
1785983357.099999905 0.871524855 1.172827139 0.437779838 -0.031164660 0.029155715 0.998569070 -0.032226098
1785983357.109999895 0.865720849 1.174215037 0.440318953 -0.030860891 0.029284396 0.998570892 -0.032345059
1785983357.119999886 0.860165597 1.175705883 0.444134534 -0.030489037 0.029293384 0.998591056 -0.032065856
1785983357.130000114 0.854867533 1.177310413 0.449305529 -0.029970624 0.029150123 0.998602312 -0.032333479
1785983357.140000105 0.849849560 1.178970725 0.455712835 -0.029480267 0.029119347 0.998612136 -0.032508129
1785983357.150000095 0.845126521 1.180568615 0.463076647 -0.028880029 0.029007577 0.998629194 -0.032622636
1785983357.160000086 0.840618960 1.181987934 0.470740248 -0.028244751 0.028922792 0.998639640 -0.032932894
1785983357.170000076 0.836185628 1.183220598 0.478400203 -0.027654426 0.028779154 0.998654852 -0.033098041
1785983357.180000067 0.831750745 1.184218967 0.485675394 -0.026917828 0.028576804 0.998674572 -0.033285077
1785983357.190000057 0.827210832 1.184894959 0.492056375 -0.026234527 0.028229288 0.998699486 -0.033379551
1785983357.200000048 0.822521737 1.185228154 0.497258807 -0.025509733 0.027927599 0.998716194 -0.033693707
1785983357.210000038 0.817700674 1.185168383 0.501192458 -0.024742183 0.027670311 0.998738339 -0.033821720
1785983357.220000029 0.812751601 1.184779162 0.504105460 -0.024126394 0.027458962 0.998754696 -0.033955557
1785983357.230000019 0.807605828 1.184176044 0.506183098 -0.023641607 0.027286554 0.998770222 -0.033978853
1785983357.240000010 0.802169702 1.183404968 0.507458855 -0.023278016 0.026909227 0.998785477 -0.034082216
1785983357.250000000 0.796540107 1.182563386 0.508304253 -0.022999427 0.026587338 0.998798832 -0.034132588
1785983357.259999990 0.790832775 1.181762597 0.509082059 -0.022794988 0.026208524 0.998815470 -0.034075777
1785983357.269999981 0.785063397 1.181055092 0.509842077 -0.022710007 0.025800343 0.998822111 -0.034248921
1785983357.279999971 0.779208072 1.180469271 0.510586624 -0.022620295 0.025288050 0.998831395 -0.034419186
1785983357.289999962 0.773224182 1.180048870 0.511283308 -0.022538882 0.024854046 0.998845649 -0.034375046
1785983357.299999952 0.767098236 1.179805994 0.511929373 -0.022429112 0.024315572 0.998862164 -0.034352079
1785983357.309999943 0.760881886 1.179659503 0.512354900 -0.022462241 0.023743312 0.998872956 -0.034416874
1785983357.319999933 0.754561463 1.179452624 0.511997101 -0.022596614 0.023199633 0.998879063 -0.034522281
1785983357.329999924 0.748012762 1.179101547 0.510269466 -0.022675356 0.022591959 0.998892570 -0.034482827
1785983357.339999914 0.741314898 1.178719043 0.507749417 -0.022799415 0.022046075 0.998897740 -0.034604380
1785983357.349999905 0.734602178 1.178403658 0.505174027 -0.022910980 0.021480775 0.998904099 -0.034702499
1785983357.359999895 0.727873531 1.178149833 0.502395749 -0.022997227 0.020992429 0.998908363 -0.034821359
1785983357.369999886 0.721163850 1.177968157 0.499437809 -0.023028050 0.020522095 0.998914678 -0.034900128
1785983357.380000114 0.714413180 1.177816658 0.496021977 -0.022928867 0.020051418 0.998925803 -0.034920588
1785983357.390000105 0.707590755 1.177662698 0.492103680 -0.022749015 0.019607493 0.998936933 -0.034971885
1785983357.400000095 0.700733823 1.177536129 0.488085397 -0.022562441 0.019188566 0.998946146 -0.035061846
1785983357.410000086 0.693811948 1.177458972 0.484023596 -0.022409743 0.018828819 0.998952158 -0.035183296
1785983357.420000076 0.686817507 1.177447469 0.479931391 -0.022271079 0.018481160 0.998959417 -0.035249533
1785983357.430000067 0.679814587 1.177493756 0.475831677 -0.022099875 0.018169762 0.998969889 -0.035222371
1785983357.440000057 0.672902045 1.177603357 0.471751765 -0.021904420 0.017842597 0.998977455 -0.035297052
1785983357.450000048 0.666132522 1.177829961 0.467697906 -0.021706530 0.017618716 0.998982931 -0.035376696
1785983357.460000038 0.659533602 1.178189044 0.463647369 -0.021588674 0.017540883 0.998980146 -0.035565631
1785983357.470000029 0.653099465 1.178620360 0.459597002 -0.021388384 0.017456969 0.998987383 -0.035524649
1785983357.480000019 0.646831410 1.179092095 0.455612594 -0.021087003 0.017315727 0.998997082 -0.035501176
1785983357.490000010 0.640824872 1.179662177 0.452041259 -0.020704486 0.017286385 0.999004816 -0.035522997
1785983357.500000000 0.635172877 1.180356209 0.449204355 -0.020248935 0.017153419 0.999018104 -0.035476323
1785983357.509999990 0.629834900 1.181132270 0.447100792 -0.019769422 0.017060741 0.999029936 -0.035458264
1785983357.519999981 0.624698003 1.181953642 0.445679064 -0.019234860 0.017036314 0.999044193 -0.035362202
1785983357.529999971 0.619679512 1.182799079 0.444590120 -0.018690586 0.017058984 0.999058040 -0.035251753
1785983357.539999962 0.614703243 1.183688563 0.443495718 -0.018163253 0.017003844 0.999070390 -0.035203983
1785983357.549999952 0.609697075 1.184666081 0.442366329 -0.017544320 0.017010093 0.999084108 -0.035125474
1785983357.559999943 0.604613332 1.185746944 0.441191669 -0.016956257 0.016909492 0.999100688 -0.034991008
1785983357.569999933 0.599442752 1.186908796 0.439978284 -0.016355882 0.016763310 0.999119309 -0.034814978
1785983357.579999924 0.594232431 1.188117184 0.438749435 -0.015719862 0.016642589 0.999134200 -0.034738454
1785983357.589999914 0.589054690 1.189344279 0.437551257 -0.015119225 0.016538919 0.999148124 -0.034654004
1785983357.599999905 0.583954195 1.190600592 0.436413000 -0.014540670 0.016508934 0.999166027 -0.034398754
1785983357.609999895 0.578958889 1.191933734 0.435411565 -0.013988596 0.016636143 0.999177188 -0.034241860
1785983357.619999886 0.574078991 1.193358991 0.434551467 -0.013461041 0.016794912 0.999185054 -0.034146149
1785983357.630000114 0.569298718 1.194835496 0.433751073 -0.012907021 0.016933679 0.999193637 -0.034040187
1785983357.640000105 0.564607787 1.196333889 0.432997153 -0.012389468 0.017053692 0.999202115 -0.033923525
1785983357.650000095 0.559977396 1.197850705 0.432291110 -0.011894801 0.017121726 0.999213985 -0.033716059
1785983357.660000086 0.555370203 1.199391667 0.431632778 -0.011370095 0.017260498 0.999222686 -0.033568151
1785983357.670000076 0.550782350 1.200981541 0.431184003 -0.010882307 0.017459248 0.999236069 -0.033226916
1785983357.680000067 0.546189599 1.202639429 0.431238534 -0.010386638 0.017657628 0.999243717 -0.033050269
1785983357.690000057 0.541508368 1.204364868 0.431880688 -0.009930183 0.017913698 0.999249894 -0.032865497
1785983357.700000048 0.536704541 1.206134270 0.433142082 -0.009468227 0.018145631 0.999252787 -0.032786526
1785983357.710000038 0.531804673 1.207899049 0.434980760 -0.009052609 0.018329133 0.999259771 -0.032588396
1785983357.720000029 0.526803345 1.209595215 0.437057834 -0.008697533 0.018535138 0.999267038 -0.032344833
1785983357.730000019 0.521699637 1.211191042 0.439147917 -0.008310269 0.018960582 0.999270470 -0.032093045
1785983357.740000010 0.516515892 1.212718626 0.441250455 -0.007940879 0.019479161 0.999274414 -0.031751390
1785983357.750000000 0.511293598 1.214223226 0.443372756 -0.007648997 0.020038596 0.999275027 -0.031454209
1785983357.759999990 0.506068587 1.215735829 0.445524390 -0.007410674 0.020718309 0.999271581 -0.031179164
1785983357.769999981 0.500890803 1.217289027 0.447718512 -0.007225710 0.021388185 0.999272080 -0.030751344
1785983357.779999971 0.495798397 1.218922973 0.449952939 -0.007154678 0.022159973 0.999261467 -0.030565770
1785983357.789999962 0.490783263 1.220648886 0.452217450 -0.007147958 0.022913499 0.999253814 -0.030260419
1785983357.799999952 0.485862754 1.222456907 0.454514871 -0.007287580 0.023761518 0.999240055 -0.030026551
1785983357.809999943 0.481085346 1.224334014 0.456832951 -0.007549244 0.024643927 0.999224658 -0.029761868
1785983357.819999933 0.476468485 1.226262401 0.459045809 -0.007919864 0.025470972 0.999207608 -0.029540841
1785983357.829999924 0.471935931 1.228240913 0.460908715 -0.008263672 0.026265536 0.999188551 -0.029395116
1785983357.839999914 0.467447814 1.230256497 0.462204214 -0.008711888 0.027072580 0.999166351 -0.029287902
1785983357.849999905 0.463054992 1.232272950 0.462782928 -0.009167682 0.027872452 0.999144027 -0.029159782
1785983357.859999895 0.458778575 1.234243370 0.462521537 -0.009630542 0.028724301 0.999118818 -0.029047465
1785983357.869999886 0.454577681 1.236123807 0.461327037 -0.010106479 0.029616427 0.999092338 -0.028900269
1785983357.880000114 0.450396396 1.237919804 0.459245323 -0.010603776 0.030464526 0.999069724 -0.028620952
1785983357.890000105 0.446196271 1.239662347 0.456444305 -0.011168171 0.031220660 0.999045962 -0.028420195
1785983357.900000095 0.441940830 1.241380735 0.453310256 -0.011680787 0.031920337 0.999023436 -0.028228110
1785983357.910000086 0.437598346 1.243105854 0.450141413 -0.012161302 0.032460285 0.999006604 -0.028004234
1785983357.920000076 0.433186009 1.244832187 0.446937630 -0.012654168 0.033025364 0.998985421 -0.027880559
1785983357.930000067 0.428790270 1.246535267 0.443714496 -0.013083318 0.033523065 0.998964586 -0.027835003
1785983357.940000057 0.424463625 1.248226440 0.440483470 -0.013572717 0.033920214 0.998946345 -0.027774101
1785983357.950000048 0.420165412 1.249972810 0.437257694 -0.014049809 0.034164866 0.998935457 -0.027628202
1785983357.960000038 0.415867219 1.251833199 0.434056878 -0.014505718 0.034305286 0.998927888 -0.027491930
1785983357.970000029 0.411628492 1.253785966 0.430921052 -0.014924782 0.034402677 0.998920205 -0.027425003
1785983357.980000019 0.407487285 1.255806014 0.428096166 -0.015335083 0.034437395 0.998917683 -0.027246346
1785983357.990000010 0.403374296 1.257899600 0.425616404 -0.015710079 0.034473006 0.998914752 -0.027094710
1785983358.000000000 0.399215360 1.260069867 0.423446205 -0.016178682 0.034433173 0.998918828 -0.026716701
1785983358.009999990 0.394980754 1.262338435 0.421938608 -0.016572641 0.034354079 0.998920102 -0.026528744
1785983358.019999981 0.390648111 1.264720669 0.421241682 -0.017005374 0.034218374 0.998926880 -0.026172649
1785983358.029999971 0.386168196 1.267231929 0.421375628 -0.017378295 0.034086344 0.998931053 -0.025939697
1785983358.039999962 0.381517191 1.269891991 0.422263536 -0.017673972 0.033982430 0.998940868 -0.025494463
1785983358.049999952 0.376771267 1.272691030 0.423451506 -0.017961701 0.034054633 0.998942242 -0.025140715
1785983358.059999943 0.371981991 1.275565286 0.424645571 -0.018255757 0.033822273 0.998954358 -0.024758275
1785983358.069999933 0.367131564 1.278426632 0.425985504 -0.018555766 0.033725301 0.998961716 -0.024367567
1785983358.079999924 0.362244384 1.281205882 0.427692834 -0.018781181 0.033618217 0.998968140 -0.024077766
1785983358.089999914 0.357419194 1.283821084 0.429939573 -0.018961836 0.033435178 0.998980165 -0.023688979
1785983358.099999905 0.352722362 1.286268310 0.432569670 -0.019161561 0.033387574 0.998988811 -0.023226298
1785983358.109999895 0.348083172 1.288543071 0.435298455 -0.019123724 0.033095995 0.999010190 -0.022750349
1785983358.119999886 0.343414973 1.290638530 0.438060087 -0.019120962 0.032938095 0.999018751 -0.022605459
1785983358.130000114 0.338698750 1.292604630 0.440791537 -0.019041090 0.032900966 0.999024689 -0.022464066
1785983358.140000105 0.333947703 1.294428572 0.443481040 -0.019058627 0.032738442 0.999033462 -0.022295840
1785983358.150000095 0.329176289 1.296065564 0.446173087 -0.019091244 0.032499549 0.999045527 -0.022075757
1785983358.160000086 0.324391155 1.297447335 0.448855836 -0.018927399 0.032201155 0.999061087 -0.021949571
1785983358.170000076 0.319615999 1.298508636 0.451211327 -0.018707231 0.031843696 0.999084096 -0.021609892
1785983358.180000067 0.314860514 1.299242701 0.453056953 -0.018443054 0.031582837 0.999101652 -0.021407183
1785983358.190000057 0.310137938 1.299642271 0.454370276 -0.018186369 0.031407052 0.999117810 -0.021129497
1785983358.200000048 0.305473962 1.299666318 0.454924446 -0.017973535 0.031116641 0.999138089 -0.020779437
1785983358.210000038 0.300856577 1.299347405 0.454843188 -0.017854795 0.030849385 0.999158973 -0.020269885
1785983358.220000029 0.296268567 1.298775226 0.454389648 -0.017701275 0.030629650 0.999178559 -0.019766043
1785983358.230000019 0.291701997 1.298089490 0.453739060 -0.017508025 0.030263011 0.999200524 -0.019388965
1785983358.240000010 0.287134240 1.297363031 0.453053253 -0.017286098 0.029912315 0.999221833 -0.019030859
1785983358.250000000 0.282509721 1.296522775 0.452383305 -0.017213013 0.029641197 0.999237881 -0.018675374
1785983358.259999990 0.277825022 1.295566737 0.451756940 -0.017080878 0.029469878 0.999252661 -0.018272630
1785983358.269999981 0.273115674 1.294549217 0.451174477 -0.016875994 0.029424390 0.999263430 -0.017944445
1785983358.279999971 0.268440769 1.293506240 0.450601479 -0.016749854 0.029414812 0.999277530 -0.017280870
1785983358.289999962 0.263890339 1.292507933 0.450031569 -0.016607326 0.029486598 0.999285802 -0.016811414
1785983358.299999952 0.259470782 1.291612976 0.449483389 -0.016457614 0.029572370 0.999291345 -0.016475113
1785983358.309999943 0.255118392 1.290841473 0.448944040 -0.016293084 0.029781852 0.999295220 -0.016019959
1785983358.319999933 0.250767412 1.290193337 0.448395214 -0.016110654 0.030055469 0.999298185 -0.015500115
1785983358.329999924 0.246385170 1.289642371 0.447934383 -0.016009224 0.030225282 0.999300093 -0.015147955
1785983358.339999914 0.241969208 1.289168788 0.447798328 -0.015903750 0.030195998 0.999310086 -0.014650037
1785983358.349999905 0.237548745 1.288782560 0.448136639 -0.015869954 0.030070052 0.999320303 -0.014243177
1785983358.359999895 0.233168068 1.288483873 0.448965057 -0.015728186 0.029858637 0.999335480 -0.013772610
1785983358.369999886 0.228888372 1.288266342 0.450436195 -0.015450848 0.029722165 0.999351381 -0.013216732
1785983358.380000114 0.224724214 1.288140974 0.452696495 -0.015141414 0.029439732 0.999371533 -0.012671965
1785983358.390000105 0.220571294 1.288101350 0.455608040 -0.014929390 0.029255106 0.999384956 -0.012286632
1785983358.400000095 0.216338266 1.288123299 0.458947490 -0.014748735 0.029027861 0.999398462 -0.011940391
1785983358.410000086 0.212019358 1.288165879 0.462454384 -0.014532007 0.028820037 0.999410284 -0.011717937
1785983358.420000076 0.207628917 1.288191295 0.465975714 -0.014337632 0.028629884 0.999422443 -0.011381633
1785983358.430000067 0.203176083 1.288217118 0.469508454 -0.014067294 0.028528914 0.999433463 -0.010998460
1785983358.440000057 0.198723170 1.288284483 0.473038680 -0.013885447 0.028469912 0.999440199 -0.010767863
1785983358.450000048 0.194400645 1.288422536 0.476390156 -0.013663322 0.028610297 0.999444614 -0.010258109
1785983358.460000038 0.190272461 1.288613522 0.479350830 -0.013434951 0.028713728 0.999448295 -0.009906009
1785983358.470000029 0.186312556 1.288807545 0.481775080 -0.013200268 0.028794320 0.999452283 -0.009579835
1785983358.480000019 0.182460252 1.288980182 0.483619750 -0.012960502 0.028963190 0.999452664 -0.009355787
1785983358.490000010 0.178629411 1.289135084 0.485116674 -0.012811278 0.029105944 0.999451820 -0.009207305
1785983358.500000000 0.174786341 1.289264296 0.486496603 -0.012662218 0.029306151 0.999449345 -0.009045710
1785983358.509999990 0.170968171 1.289338241 0.487825082 -0.012446564 0.029537669 0.999446531 -0.008901778
1785983358.519999981 0.167222811 1.289315484 0.489120484 -0.012243673 0.029807316 0.999441711 -0.008825148
1785983358.529999971 0.163606147 1.289165169 0.490455613 -0.012116925 0.030084750 0.999436127 -0.008690005
1785983358.539999962 0.160125367 1.288933400 0.491872023 -0.011978827 0.030296964 0.999432409 -0.008570996
1785983358.549999952 0.156730270 1.288718018 0.493332580 -0.011801743 0.030515289 0.999429614 -0.008365581
1785983358.559999943 0.153383005 1.288570454 0.494805732 -0.011658702 0.030729997 0.999427070 -0.008079207
1785983358.569999933 0.150036422 1.288485558 0.496282565 -0.011593924 0.030946518 0.999422087 -0.007961578
1785983358.579999924 0.146640875 1.288434397 0.497774250 -0.011563989 0.031162097 0.999416961 -0.007806123
1785983358.589999914 0.143178449 1.288371765 0.499290596 -0.011609479 0.031440243 0.999408989 -0.007642194
1785983358.599999905 0.139584919 1.288260957 0.500908701 -0.011726972 0.031727980 0.999399489 -0.007514978
1785983358.609999895 0.135792175 1.288093101 0.502900536 -0.011937883 0.031994076 0.999390513 -0.007243547
1785983358.619999886 0.131776966 1.287811414 0.505565482 -0.012128457 0.032285754 0.999381119 -0.006921649
1785983358.630000114 0.127507748 1.287406524 0.508695235 -0.012274213 0.032707933 0.999366533 -0.006787364
1785983358.640000105 0.122949846 1.286896051 0.512036998 -0.012399048 0.032986635 0.999357199 -0.006582898
1785983358.650000095 0.118080692 1.286232363 0.515782372 -0.012584054 0.033373946 0.999342885 -0.006451368
1785983358.660000086 0.112995072 1.285422062 0.520182150 -0.012740935 0.033765899 0.999329253 -0.006210937
1785983358.670000076 0.107847266 1.284494989 0.525495073 -0.012932329 0.034128560 0.999316310 -0.005908373
1785983358.680000067 0.102688325 1.283462754 0.531854528 -0.013053443 0.034456111 0.999304591 -0.005719919
1785983358.690000057 0.097483653 1.282373184 0.539251510 -0.013214320 0.034768827 0.999292768 -0.005520422
1785983358.700000048 0.092208343 1.281295148 0.547648867 -0.013360367 0.035058671 0.999281757 -0.005325397
1785983358.710000038 0.086861593 1.280239817 0.556701592 -0.013559959 0.035394462 0.999268282 -0.005124520
1785983358.720000029 0.081446848 1.279185044 0.565959911 -0.013786862 0.035692143 0.999256612 -0.004713513
1785983358.730000019 0.075976685 1.278124125 0.575278907 -0.014071176 0.036025403 0.999242574 -0.004295344
1785983358.740000010 0.070482835 1.277071782 0.584656573 -0.014312192 0.036299691 0.999230501 -0.003987404
1785983358.750000000 0.065014154 1.276064374 0.594079293 -0.014641599 0.036514896 0.999219059 -0.003682117
1785983358.759999990 0.059618308 1.275154205 0.603532383 -0.014937872 0.036761402 0.999206764 -0.003361770
1785983358.769999981 0.054338222 1.274385161 0.612946811 -0.015216909 0.036936988 0.999196787 -0.003144110
1785983358.779999971 0.049190626 1.273755227 0.622010094 -0.015506284 0.037101889 0.999187346 -0.002766294
1785983358.789999962 0.044160383 1.273221359 0.630373890 -0.015852413 0.037210560 0.999178740 -0.002433361
1785983358.799999952 0.039239930 1.272753592 0.637967096 -0.016229833 0.037260371 0.999171358 -0.002203304
1785983358.809999943 0.034477386 1.272342970 0.644723517 -0.016635403 0.037263825 0.999165107 -0.001939214
1785983358.819999933 0.029914285 1.271951542 0.650580272 -0.017016024 0.037144609 0.999163755 -0.001588699
1785983358.829999924 0.025542067 1.271547796 0.655550944 -0.017373432 0.037053525 0.999161398 -0.001303831
1785983358.839999914 0.021353053 1.271139717 0.659625431 -0.017609324 0.037015286 0.999159161 -0.000867265
1785983358.849999905 0.017373049 1.270730659 0.662856991 -0.017851291 0.037070799 0.999153091 -0.000433863
1785983358.859999895 0.013612828 1.270341629 0.665304213 -0.018159979 0.037259092 0.999140602 0.000178277
1785983358.869999886 0.010004994 1.270022018 0.666987605 -0.018372401 0.037319228 0.999134283 0.000644142
1785983358.880000114 0.006505089 1.269829793 0.667844562 -0.018539689 0.037381226 0.999128479 0.001097984
1785983358.890000105 0.003134910 1.269757109 0.667892511 -0.018755037 0.037323454 0.999125897 0.001628086
1785983358.900000095 -0.000110992 1.269740134 0.667317446 -0.018962905 0.037357503 0.999119708 0.002152622
1785983358.910000086 -0.003256860 1.269750024 0.666169163 -0.019094943 0.037397129 0.999114138 0.002788705
1785983358.920000076 -0.006322884 1.269797620 0.664427686 -0.019259394 0.037430910 0.999107885 0.003381820
1785983358.930000067 -0.009287197 1.269902852 0.662380515 -0.019449491 0.037534325 0.999097841 0.004049071
1785983358.940000057 -0.012142226 1.270076654 0.660281226 -0.019893644 0.037561464 0.999085203 0.004704959
1785983358.950000048 -0.014952131 1.270338573 0.658150738 -0.019994776 0.037693281 0.999075256 0.005297045
1785983358.960000038 -0.017772681 1.270702596 0.655988912 -0.020036371 0.037762148 0.999068472 0.005895102
1785983358.970000029 -0.020644187 1.271161561 0.653798478 -0.020042677 0.037736076 0.999065282 0.006545418
1785983358.980000019 -0.023577897 1.271702052 0.651579367 -0.020059328 0.037707970 0.999061668 0.007177516
1785983358.990000010 -0.026536265 1.272332554 0.649346124 -0.020076744 0.037792571 0.999053485 0.007796148
1785983359.000000000 -0.029498048 1.273012669 0.647114783 -0.020014395 0.037708435 0.999053038 0.008397885
1785983359.009999990 -0.032537936 1.273700351 0.644858032 -0.019946795 0.037605278 0.999052529 0.009056035
1785983359.019999981 -0.035716655 1.274412579 0.642572662 -0.019905684 0.037544945 0.999050021 0.009653778
1785983359.029999971 -0.039034447 1.275116874 0.640276502 -0.019969481 0.037452650 0.999046996 0.010179312
1785983359.039999962 -0.042509002 1.275813543 0.638096778 -0.020051390 0.037358549 0.999041170 0.010909720
1785983359.049999952 -0.046120895 1.276544317 0.636043912 -0.020199459 0.037265606 0.999033928 0.011595983
1785983359.059999943 -0.049808639 1.277298950 0.634032770 -0.020297755 0.037177323 0.999029777 0.012056226
1785983359.069999933 -0.053572482 1.278052215 0.632104669 -0.020394430 0.037090625 0.999024461 0.012588809
1785983359.079999924 -0.057413514 1.278811654 0.630340654 -0.020406311 0.037046627 0.999019209 0.013105365
1785983359.089999914 -0.061274982 1.279560596 0.628748168 -0.020409829 0.036949525 0.999013558 0.013787002
1785983359.099999905 -0.065142194 1.280232672 0.627366244 -0.020460085 0.036873392 0.999008170 0.014297332
1785983359.109999895 -0.069035005 1.280744561 0.626541737 -0.020546819 0.036888144 0.998998520 0.014800329
1785983359.119999886 -0.072996465 1.281065412 0.626334821 -0.020731108 0.036875855 0.998985646 0.015429592
1785983359.130000114 -0.077085755 1.281247438 0.626634360 -0.020799376 0.036864309 0.998977838 0.015864677
1785983359.140000105 -0.081317766 1.281315857 0.627334913 -0.020884776 0.036965456 0.998965561 0.016284657
1785983359.150000095 -0.085635400 1.281255721 0.628323336 -0.021060245 0.037130683 0.998945790 0.016884515
1785983359.160000086 -0.089976236 1.281115063 0.629485085 -0.021266541 0.037321775 0.998925513 0.017396529
1785983359.170000076 -0.094359459 1.280952737 0.630610884 -0.021427337 0.037552643 0.998904874 0.017880730
1785983359.180000067 -0.098828402 1.280771209 0.631663230 -0.021598360 0.037683016 0.998885795 0.018457236
1785983359.190000057 -0.103368242 1.280532069 0.632672943 -0.021871894 0.037907552 0.998862316 0.018939692
1785983359.200000048 -0.107955607 1.280203982 0.633691005 -0.022115683 0.038228536 0.998838134 0.019283604
1785983359.210000038 -0.112577172 1.279832986 0.634729564 -0.022311008 0.038662048 0.998808553 0.019721538
1785983359.220000029 -0.117240817 1.279471819 0.635796932 -0.022494093 0.039225503 0.998773766 0.020157885
1785983359.230000019 -0.121968343 1.279068736 0.636996644 -0.022659879 0.039732366 0.998743232 0.020489666
1785983359.240000010 -0.126765117 1.278557618 0.638603482 -0.022849749 0.040263509 0.998710549 0.020832124
1785983359.250000000 -0.131625601 1.277962890 0.640586360 -0.022947953 0.040849991 0.998675551 0.021255886
1785983359.259999990 -0.136528798 1.277325165 0.642678556 -0.023107327 0.041446426 0.998640447 0.021575521
1785983359.269999981 -0.141459772 1.276694074 0.644795820 -0.023286532 0.041887920 0.998611409 0.021872212
1785983359.279999971 -0.146433836 1.276114798 0.646917004 -0.023498589 0.042326523 0.998578337 0.022306634
1785983359.289999962 -0.151490919 1.275623749 0.649031969 -0.023619391 0.042891952 0.998536037 0.022982317
1785983359.299999952 -0.156660825 1.275242251 0.651128853 -0.023769817 0.043403258 0.998497393 0.023539510
1785983359.309999943 -0.161939582 1.274930350 0.653201991 -0.023954737 0.044008121 0.998453787 0.024072634
1785983359.319999933 -0.167276754 1.274643486 0.655325043 -0.024061847 0.044421776 0.998424334 0.024425040
1785983359.329999924 -0.172652149 1.274378594 0.657524739 -0.023948135 0.044821876 0.998394943 0.025000495
1785983359.339999914 -0.178106534 1.274137282 0.659745711 -0.024044309 0.045173584 0.998366178 0.025420312
1785983359.349999905 -0.183685417 1.273894272 0.661962700 -0.023992617 0.045474394 0.998340902 0.025920580
1785983359.359999895 -0.189402367 1.273648530 0.664162404 -0.023793827 0.045777089 0.998321416 0.026318493
1785983359.369999886 -0.195238864 1.273425604 0.666378338 -0.023554709 0.046032122 0.998306090 0.026667755
1785983359.380000114 -0.201159669 1.273239241 0.668634742 -0.023325636 0.046239383 0.998292049 0.027033680
1785983359.390000105 -0.207135022 1.273101454 0.670913044 -0.023059594 0.046326143 0.998283467 0.027427427
1785983359.400000095 -0.213136117 1.273019267 0.673251943 -0.022731596 0.046443010 0.998271933 0.027918959
1785983359.410000086 -0.219069334 1.272996679 0.675668653 -0.022358002 0.046676646 0.998256553 0.028377174
1785983359.420000076 -0.224866289 1.273043954 0.678138628 -0.021965958 0.046904081 0.998244122 0.028743307
1785983359.430000067 -0.230616400 1.273173853 0.680631150 -0.021509194 0.047060328 0.998234412 0.029167438
1785983359.440000057 -0.236395143 1.273394272 0.683111536 -0.021030326 0.047231744 0.998221376 0.029681171
1785983359.450000048 -0.242167573 1.273689905 0.685581327 -0.020619046 0.047334342 0.998213980 0.030052696
1785983359.460000038 -0.247923410 1.274034666 0.688047758 -0.020390289 0.047297882 0.998208956 0.030430678
1785983359.470000029 -0.253688436 1.274427273 0.690528650 -0.019978357 0.047360935 0.998202598 0.030812003
1785983359.480000019 -0.259469800 1.274864181 0.692995841 -0.019598246 0.047286880 0.998201669 0.031197570
1785983359.490000010 -0.265245590 1.275327424 0.695425920 -0.019155315 0.047130849 0.998208592 0.031485927
1785983359.500000000 -0.271002909 1.275822316 0.697834874 -0.018713962 0.046852680 0.998215982 0.031929091
1785983359.509999990 -0.276727809 1.276365363 0.700232680 -0.018372829 0.046547659 0.998222141 0.032377654
1785983359.519999981 -0.282400777 1.276962604 0.702634077 -0.017996662 0.046245404 0.998232162 0.032711356
1785983359.529999971 -0.288016654 1.277621221 0.705037154 -0.017579278 0.045856143 0.998249844 0.032945895
1785983359.539999962 -0.293616535 1.278325908 0.707429708 -0.017177446 0.045480618 0.998264153 0.033243495
1785983359.549999952 -0.299296288 1.279050821 0.709806328 -0.016734339 0.045024638 0.998282307 0.033543704
1785983359.559999943 -0.305108203 1.279729300 0.712167097 -0.016340826 0.044550482 0.998301585 0.033796110
1785983359.569999933 -0.311017854 1.280346392 0.714523640 -0.015908045 0.044141127 0.998319770 0.034001945
1785983359.579999924 -0.316962924 1.280936415 0.716907202 -0.015352500 0.043835490 0.998331102 0.034318539
1785983359.589999914 -0.322916748 1.281479269 0.719499993 -0.014698623 0.043530830 0.998344951 0.034588667
1785983359.599999905 -0.328878377 1.281967597 0.722405562 -0.014072577 0.043257536 0.998357915 0.034816986
1785983359.609999895 -0.334848510 1.282407173 0.725826531 -0.013494275 0.042973200 0.998367769 0.035114195
1785983359.619999886 -0.340813471 1.282825530 0.729751971 -0.012922424 0.042734666 0.998371945 0.035499556
1785983359.630000114 -0.346735862 1.283209051 0.733843051 -0.012339150 0.042520412 0.998379616 0.035747750
1785983359.640000105 -0.352614464 1.283497866 0.738008688 -0.011749870 0.042339324 0.998390247 0.035864157
1785983359.650000095 -0.358516338 1.283701650 0.742190930 -0.011216662 0.042276003 0.998387578 0.036182446
1785983359.660000086 -0.364495922 1.283880115 0.746354672 -0.010699484 0.042222377 0.998386344 0.036434861
1785983359.670000076 -0.370574634 1.284073330 0.750487985 -0.010215106 0.042241082 0.998379683 0.036733518
1785983359.680000067 -0.376763061 1.284273681 0.754582039 -0.009742666 0.042200445 0.998380804 0.036877814
1785983359.690000057 -0.383043462 1.284456081 0.758645984 -0.009346996 0.042259756 0.998368367 0.037247154
1785983359.700000048 -0.389381247 1.284603228 0.762688895 -0.009013503 0.042244261 0.998369557 0.037314972
1785983359.710000038 -0.395749503 1.284663850 0.766724130 -0.008674876 0.042148836 0.998364995 0.037623909
1785983359.720000029 -0.402126700 1.284594707 0.770766904 -0.008469785 0.042178542 0.998355171 0.037897055
1785983359.730000019 -0.408427607 1.284438498 0.774818224 -0.008287606 0.042307942 0.998346794 0.038013577
1785983359.740000010 -0.414577566 1.284263193 0.778866152 -0.008146134 0.042420756 0.998336689 0.038183431
1785983359.750000000 -0.420579365 1.284098800 0.782876953 -0.008012746 0.042521615 0.998328087 0.038324126
1785983359.759999990 -0.426388835 1.283957920 0.786784009 -0.007895770 0.042631019 0.998322059 0.038383844
1785983359.769999981 -0.431923938 1.283819811 0.790385486 -0.007828578 0.042831668 0.998312546 0.038421641
1785983359.779999971 -0.437155440 1.283667858 0.793703786 -0.007889192 0.043061918 0.998303424 0.038388876
1785983359.789999962 -0.442143287 1.283509686 0.796723022 -0.007952204 0.043334709 0.998289433 0.038432705
1785983359.799999952 -0.446964935 1.283348910 0.799092749 -0.008062843 0.043659088 0.998272067 0.038493564
1785983359.809999943 -0.451642165 1.283194312 0.800763709 -0.008167103 0.044041539 0.998253340 0.038521567
1785983359.819999933 -0.456188074 1.283055400 0.801893767 -0.008291549 0.044485135 0.998232204 0.038532977
1785983359.829999924 -0.460653481 1.282961545 0.802638290 -0.008497749 0.044950926 0.998207116 0.038597357
1785983359.839999914 -0.465086634 1.282919791 0.802901719 -0.008762144 0.045466882 0.998176268 0.038731454
1785983359.849999905 -0.469474633 1.282913628 0.802572911 -0.009053737 0.046011020 0.998143520 0.038865537
1785983359.859999895 -0.473822656 1.282916349 0.801974096 -0.009308431 0.046563514 0.998103467 0.039174763
1785983359.869999886 -0.478205775 1.282913966 0.801342430 -0.009719833 0.047114563 0.998071163 0.039238973
1785983359.880000114 -0.482664520 1.282876907 0.800705032 -0.010188247 0.047616905 0.998037813 0.039361819
1785983359.890000105 -0.487150751 1.282731174 0.800090866 -0.010606800 0.048025137 0.998009825 0.039464813
1785983359.900000095 -0.491603378 1.282475842 0.799499491 -0.011063488 0.048357285 0.997981620 0.039646669
1785983359.910000086 -0.495989569 1.282194085 0.798924024 -0.011533682 0.048596798 0.997936840 0.040340911
1785983359.920000076 -0.500318641 1.281956137 0.798367022 -0.012012407 0.048717420 0.997907852 0.040770493
1785983359.930000067 -0.504624949 1.281804943 0.797827214 -0.012349176 0.048873770 0.997876386 0.041250105
1785983359.940000057 -0.508929145 1.281780894 0.797371108 -0.012796216 0.048933316 0.997857029 0.041510682
1785983359.950000048 -0.513253177 1.281891492 0.797121041 -0.013269979 0.048978301 0.997834968 0.041837911
1785983359.960000038 -0.517614606 1.282137749 0.797256409 -0.013695138 0.048971932 0.997806750 0.042377866
1785983359.970000029 -0.522008674 1.282480731 0.797699160 -0.014064443 0.048818813 0.997797596 0.042648234
1785983359.980000019 -0.526423388 1.282846348 0.798421385 -0.014360413 0.048625537 0.997792871 0.042880315
1785983359.990000010 -0.530828309 1.283200321 0.799431764 -0.014598264 0.048338284 0.997792713 0.043127761
1785983360.000000000 -0.535201054 1.283548472 0.800818484 -0.014798344 0.048025501 0.997796977 0.043309959
1785983360.009999990 -0.539551609 1.283881964 0.802694169 -0.014987720 0.047705794 0.997800670 0.043512619
1785983360.019999981 -0.543908324 1.284203855 0.805066227 -0.015165109 0.047390979 0.997804348 0.043710391
1785983360.029999971 -0.548295883 1.284508004 0.807897142 -0.015224982 0.047092344 0.997810525 0.043871034
1785983360.039999962 -0.552695044 1.284763332 0.810890905 -0.015232879 0.046768338 0.997817643 0.044052616
1785983360.049999952 -0.557048139 1.284970586 0.813952981 -0.015317086 0.046430616 0.997825119 0.044211054
1785983360.059999943 -0.561293534 1.285133347 0.817103511 -0.015420178 0.046101201 0.997835005 0.044296720
1785983360.069999933 -0.565374410 1.285252107 0.820364134 -0.015569016 0.045794542 0.997843881 0.044362765
1785983360.079999924 -0.569283857 1.285326578 0.823717862 -0.015695365 0.045503032 0.997853603 0.044399505
1785983360.089999914 -0.573082748 1.285372398 0.827118871 -0.015873258 0.045186971 0.997860226 0.044510079
1785983360.099999905 -0.576813696 1.285403007 0.830540745 -0.016045665 0.044870912 0.997874042 0.044458235
1785983360.109999895 -0.580482971 1.285381169 0.833981015 -0.016223136 0.044476275 0.997900455 0.044196741
1785983360.119999886 -0.584094349 1.285258876 0.837445957 -0.016384351 0.044054193 0.997937931 0.043711168
1785983360.130000114 -0.587647981 1.285025549 0.840933311 -0.016593666 0.043531812 0.997984838 0.043080101
1785983360.140000105 -0.591141651 1.284673411 0.844447843 -0.016845264 0.042900782 0.998046931 0.042167338
1785983360.150000095 -0.594565220 1.284222901 0.848005630 -0.017127009 0.042171805 0.998127432 0.040863593
1785983360.160000086 -0.597938016 1.283715408 0.851573316 -0.017458922 0.041229115 0.998223906 0.039298594
1785983360.170000076 -0.601347175 1.283137196 0.855073092 -0.017808342 0.040089559 0.998335620 0.037439008
1785983360.180000067 -0.604878955 1.282511024 0.858499553 -0.018161360 0.038817643 0.998458130 0.035280574
1785983360.190000057 -0.608578539 1.281889107 0.861891024 -0.018526204 0.037403338 0.998595094 0.032643660
1785983360.200000048 -0.612502644 1.281249141 0.865259908 -0.018911860 0.035836942 0.998739862 0.029609853
1785983360.210000038 -0.616738916 1.280573195 0.868619345 -0.019324904 0.034125634 0.998890155 0.026085379
1785983360.220000029 -0.621356683 1.279816092 0.872510556 -0.019803024 0.032264837 0.999033846 0.022320274
1785983360.230000019 -0.626303133 1.278912534 0.877391146 -0.020142060 0.030508379 0.999165135 0.018236486
1785983360.240000010 -0.631432494 1.277872718 0.883394102 -0.020247546 0.028951752 0.999281096 0.013752272
1785983360.250000000 -0.636635519 1.276762077 0.890311707 -0.020219245 0.027478048 0.999378167 0.008911666
1785983360.259999990 -0.641872110 1.275636594 0.897962446 -0.019972677 0.026038272 0.999455045 0.003565545
1785983360.269999981 -0.647134474 1.274468607 0.906211765 -0.019522369 0.024754459 0.999500993 -0.001964341
1785983360.279999971 -0.652405338 1.273221288 0.914680101 -0.018904351 0.023635250 0.999509140 -0.008091972
1785983360.289999962 -0.657667049 1.271917490 0.923449602 -0.018119808 0.022920048 0.999466899 -0.014569237
1785983360.299999952 -0.662909044 1.270574406 0.932465218 -0.017099201 0.022391794 0.999379971 -0.021116314
1785983360.309999943 -0.668113426 1.269197006 0.941591137 -0.016096930 0.021912271 0.999244168 -0.027781897
1785983360.319999933 -0.673257176 1.267776252 0.950742485 -0.015011729 0.021418965 0.999045290 -0.034991198
1785983360.329999924 -0.678348039 1.266299717 0.959887775 -0.013917119 0.021166002 0.998780520 -0.042376718
1785983360.339999914 -0.683400015 1.264777253 0.969031589 -0.012765828 0.021090266 0.998437890 -0.050139942
1785983360.349999905 -0.688388133 1.263236380 0.978091669 -0.011554735 0.021208291 0.998019529 -0.058083701
1785983360.359999895 -0.693287374 1.261675298 0.987098344 -0.010400213 0.021578144 0.997526316 -0.066086818
1785983360.369999886 -0.698080579 1.260022652 0.995992597 -0.009352680 0.022148553 0.996939366 -0.074389986
1785983360.380000114 -0.702770269 1.258244578 1.004730716 -0.008388580 0.022804777 0.996259756 -0.082922089
1785983360.390000105 -0.707409916 1.256329626 1.013265843 -0.007472319 0.023380047 0.995481969 -0.091723432
1785983360.400000095 -0.712024951 1.254240424 1.021639206 -0.006586177 0.023994506 0.994604266 -0.100713652
1785983360.410000086 -0.716604152 1.251982537 1.030031292 -0.005622638 0.024632769 0.993618366 -0.109927955
1785983360.420000076 -0.721141742 1.249591797 1.038490939 -0.004786078 0.025565377 0.992533270 -0.119168844
1785983360.430000067 -0.725624304 1.247123610 1.047026655 -0.004036313 0.026586621 0.991335566 -0.128571598
1785983360.440000057 -0.730052757 1.244621822 1.055628679 -0.003349175 0.027626237 0.990003994 -0.138266652
1785983360.450000048 -0.734461505 1.242123403 1.064282195 -0.002751198 0.028639066 0.988554903 -0.148092671
1785983360.460000038 -0.738896786 1.239681089 1.072962449 -0.002289110 0.029620617 0.986968784 -0.158145500
1785983360.470000029 -0.743400964 1.237328648 1.081628182 -0.001863045 0.030603821 0.985246971 -0.168369657
1785983360.480000019 -0.747964225 1.235066119 1.089920680 -0.001447368 0.031558008 0.983381634 -0.178780756
1785983360.490000010 -0.752501904 1.232865978 1.097380442 -0.001035064 0.032594347 0.981363727 -0.189372047
1785983360.500000000 -0.756944503 1.230711000 1.103708717 -0.000635302 0.033631821 0.979231907 -0.199933413
1785983360.509999990 -0.761276785 1.228632713 1.108437321 -0.000311652 0.034533353 0.976955493 -0.210630755
1785983360.519999981 -0.765479567 1.226636748 1.111447053 0.000013155 0.035421611 0.974554015 -0.221336352
1785983360.529999971 -0.769574739 1.224690250 1.112938402 0.000265093 0.036151070 0.971954079 -0.232375337
1785983360.539999962 -0.773631435 1.222804227 1.112847911 0.000547411 0.036776205 0.969210333 -0.243471849
1785983360.549999952 -0.777692168 1.221033899 1.111110013 0.000776804 0.037488555 0.966199858 -0.255052619
1785983360.559999943 -0.781784162 1.219385329 1.108132617 0.001067160 0.038109351 0.963127600 -0.266330181
1785983360.569999933 -0.785983816 1.217771004 1.104710426 0.001364945 0.038711330 0.959907764 -0.277626825
1785983360.579999924 -0.790356734 1.216123843 1.101244379 0.001673697 0.039235565 0.956517072 -0.289020517
1785983360.589999914 -0.794854212 1.214464790 1.097760005 0.002027350 0.039578920 0.952938801 -0.300561210
1785983360.599999905 -0.799430811 1.212817767 1.094277882 0.002412477 0.039881423 0.949219194 -0.312068221
1785983360.609999895 -0.804100375 1.211173827 1.090749455 0.002775352 0.040212389 0.945339576 -0.323586692
1785983360.619999886 -0.808885426 1.209499005 1.086954787 0.003176934 0.040608081 0.941365153 -0.334921691
1785983360.630000114 -0.813843260 1.207702147 1.082465826 0.003546554 0.041235112 0.937361759 -0.345890184
1785983360.640000105 -0.819004044 1.205707724 1.077080144 0.003949335 0.042019163 0.933327915 -0.356535826
1785983360.650000095 -0.824302735 1.203537043 1.071251788 0.004447288 0.042851270 0.929256622 -0.366914324
1785983360.660000086 -0.829639786 1.201243681 1.065374897 0.004895276 0.043841087 0.925159655 -0.377006112
1785983360.670000076 -0.834935299 1.198846825 1.059453022 0.005373823 0.044977062 0.921003679 -0.386911371
1785983360.680000067 -0.840150419 1.196357833 1.053502427 0.005729758 0.046222696 0.916854942 -0.396494196
1785983360.690000057 -0.845271715 1.193806555 1.047543886 0.005944127 0.047657425 0.912657430 -0.405893894
1785983360.700000048 -0.850226465 1.191222375 1.041618741 0.006081232 0.049125413 0.908451172 -0.415049613
1785983360.710000038 -0.854911671 1.188696357 1.036207320 0.006150518 0.050571161 0.904236971 -0.423981402
1785983360.720000029 -0.859292208 1.186352603 1.031856304 0.006092526 0.051924761 0.899976862 -0.432791345
1785983360.730000019 -0.863428750 1.184135880 1.028609374 0.006085013 0.053197911 0.895770435 -0.441280277
1785983360.740000010 -0.867349055 1.181937520 1.026440271 0.005980536 0.054375309 0.891635484 -0.449437117
1785983360.750000000 -0.870976144 1.179784217 1.025463588 0.005762225 0.055470050 0.887489977 -0.457440063
1785983360.759999990 -0.874309883 1.177725316 1.025815090 0.005459231 0.056463752 0.883376108 -0.465218973
1785983360.769999981 -0.877480412 1.175763806 1.027581362 0.005076427 0.057283504 0.879324576 -0.472737898
1785983360.779999971 -0.880620733 1.173905642 1.030532160 0.004667100 0.057983733 0.875299558 -0.480069566
1785983360.789999962 -0.883777914 1.172180427 1.034037987 0.004207347 0.058506137 0.871360793 -0.487123905
1785983360.799999952 -0.886946067 1.170600942 1.037710019 0.003714895 0.058927410 0.867462210 -0.493986917
1785983360.809999943 -0.890109667 1.169163157 1.041483684 -0.003247303 -0.059194837 -0.863634401 0.500620663
1785983360.819999933 -0.893246164 1.167857622 1.045321641 -0.002745440 -0.059292617 -0.859904124 0.506992845
1785983360.829999924 -0.896328583 1.166672534 1.049178798 -0.002299823 -0.059277462 -0.856270741 0.513109454
1785983360.839999914 -0.899368030 1.165591913 1.053024054 -0.001861824 -0.059063225 -0.852689902 0.519064543
1785983360.849999905 -0.902418087 1.164606587 1.056871042 -0.001486084 -0.058605603 -0.849223919 0.524768435
1785983360.859999895 -0.905527624 1.163721784 1.060762214 -0.001148556 -0.057975054 -0.845819715 0.530308008
1785983360.869999886 -0.908723703 1.162942463 1.064802753 -0.000856963 -0.057221753 -0.842501471 0.535645599
1785983360.880000114 -0.912020377 1.162277188 1.069202557 -0.000614852 -0.056372532 -0.839264087 0.540793447
1785983360.890000105 -0.915431460 1.161732262 1.074164789 -0.000432506 -0.055441283 -0.836097622 0.545771787
1785983360.900000095 -0.918953745 1.161284414 1.079528499 -0.000256344 -0.054393810 -0.832999756 0.550593002
1785983360.910000086 -0.922555756 1.160898286 1.084987164 -0.000151168 -0.053177266 -0.829970549 0.555266641
1785983360.920000076 -0.926209690 1.160561705 1.090445936 -0.000037717 -0.051821023 -0.827061994 0.559716927
1785983360.930000067 -0.929929416 1.160242061 1.095898758 0.000009823 -0.050470829 -0.824231083 0.563999838
1785983360.940000057 -0.933738300 1.159920145 1.101341453 -0.000003022 -0.049118816 -0.821455280 0.568153645
1785983360.950000048 -0.937645011 1.159632599 1.106772175 -0.000130073 -0.047737746 -0.818721569 0.572202833
1785983360.960000038 -0.941692202 1.159383511 1.112200785 -0.000270017 -0.046315521 -0.816094229 0.576059900
1785983360.970000029 -0.945984252 1.159061993 1.117629939 -0.000475428 -0.044792454 -0.813535545 0.579787312
1785983360.980000019 -0.950570454 1.158587911 1.123056617 -0.000754732 -0.043300299 -0.811041454 0.583383471
1785983360.990000010 -0.955376419 1.158015714 1.128479927 -0.001074954 -0.041853542 -0.808603326 0.586862665
1785983361.000000000 -0.960309821 1.157378353 1.133907394 -0.001395297 -0.040460746 -0.806175286 0.590290089
1785983361.009999990 -0.965326994 1.156646676 1.139340027 -0.001662540 -0.039060796 -0.803749350 0.593682131
1785983361.019999981 -0.970389076 1.155849137 1.144767481 -0.001938407 -0.037672381 -0.801364513 0.596985722
1785983361.029999971 -0.975470483 1.155043805 1.150189197 -0.002226491 -0.036362827 -0.798978422 0.600255170
1785983361.039999962 -0.980569936 1.154245028 1.155575147 -0.002538893 -0.035040193 -0.796635121 0.603438665
1785983361.049999952 -0.985631751 1.153407136 1.160175178 -0.002855919 -0.033693509 -0.794371843 0.606489873
1785983361.059999943 -0.990621872 1.152449368 1.162899367 -0.003263935 -0.032453947 -0.792094275 0.609526659
1785983361.069999933 -0.995604869 1.151309118 1.163323646 -0.003485175 -0.031171473 -0.789623547 0.612789399
1785983361.079999924 -1.000617687 1.150024894 1.161960406 -0.003763162 -0.030031663 -0.787346490 0.615767361
1785983361.089999914 -1.005604847 1.148769149 1.159862798 -0.004060979 -0.028886841 -0.785227102 0.618520377
1785983361.099999905 -1.010512702 1.147642149 1.157558257 -0.004367194 -0.027799445 -0.783189196 0.621146361
1785983361.109999895 -1.015355005 1.146636129 1.155150119 -0.004681126 -0.026724853 -0.781177782 0.623718801
1785983361.119999886 -1.020179057 1.145701702 1.152707293 -0.004864749 -0.025691231 -0.779221254 0.626203268
1785983361.130000114 -1.025016230 1.144809404 1.150137055 -0.005029274 -0.024543997 -0.777297263 0.628634444
1785983361.140000105 -1.029855543 1.143950207 1.147003307 -0.005132026 -0.023455818 -0.775470214 0.630927440
1785983361.150000095 -1.034685579 1.143093828 1.142945802 -0.005296742 -0.022411315 -0.773610014 0.633243416
1785983361.160000086 -1.039519543 1.142249141 1.138193039 -0.005393120 -0.021490023 -0.771856061 0.635411138
1785983361.170000076 -1.044372056 1.141409574 1.133204584 -0.005569201 -0.020582029 -0.770177032 0.637473689
1785983361.180000067 -1.049231777 1.140523937 1.128192755 -0.005757352 -0.019757574 -0.768566435 0.639438915
1785983361.190000057 -1.054052515 1.139557927 1.123170983 -0.005949884 -0.018980800 -0.767007917 0.641329232
1785983361.200000048 -1.058809352 1.138510632 1.118190673 -0.006126443 -0.018211314 -0.765469770 0.643184924
1785983361.210000038 -1.063499377 1.137418947 1.113689409 -0.006256387 -0.017505148 -0.763970914 0.644982844
1785983361.220000029 -1.068139666 1.136331597 1.110184215 -0.006382808 -0.016806333 -0.762511136 0.646725270
1785983361.230000019 -1.072761110 1.135261605 1.107837967 -0.006427067 -0.016157447 -0.761097798 0.648404019
1785983361.240000010 -1.077376677 1.134191508 1.106844970 -0.006547992 -0.015471775 -0.759717473 0.650036237
1785983361.250000000 -1.081979167 1.133113907 1.107269392 -0.006747475 -0.014785396 -0.758277184 0.651729680
1785983361.259999990 -1.086568257 1.132033835 1.109113290 -0.006949773 -0.014149470 -0.756885515 0.653357337
1785983361.269999981 -1.091137767 1.130951351 1.112027711 -0.007150719 -0.013636049 -0.755398310 0.655084971
1785983361.279999971 -1.095675790 1.129865695 1.115375195 -0.007284105 -0.013078511 -0.754046482 0.656650438
1785983361.289999962 -1.100176413 1.128760337 1.118868333 -0.007421029 -0.012554105 -0.752792899 0.658095870
1785983361.299999952 -1.104611108 1.127608857 1.122601726 -0.007523209 -0.012041979 -0.751606557 0.659458851
1785983361.309999943 -1.108919684 1.126404568 1.126647771 -0.007557390 -0.011592000 -0.750239081 0.661021810
1785983361.319999933 -1.113099096 1.125142532 1.130827126 -0.007637229 -0.011110376 -0.748955588 0.662483026
1785983361.329999924 -1.117163340 1.123810734 1.135191754 -0.007682045 -0.010700021 -0.747774123 0.663822534
1785983361.339999914 -1.121065331 1.122388571 1.139732676 -0.007681501 -0.010393769 -0.746557326 0.665195553
1785983361.349999905 -1.124791664 1.120880790 1.144311520 -0.007791021 -0.010033480 -0.745464698 0.666424049
1785983361.359999895 -1.128381505 1.119320022 1.148921575 -0.007902801 -0.009636426 -0.744440170 0.667572856
1785983361.369999886 -1.131860681 1.117728504 1.153572487 -0.008005632 -0.009261269 -0.743494620 0.668629859
1785983361.380000114 -1.135229939 1.116144961 1.158256623 -0.008178452 -0.008901307 -0.742589486 0.669637764
1785983361.390000105 -1.138491722 1.114622046 1.162966129 -0.008326784 -0.008505145 -0.741738751 0.670583293
1785983361.400000095 -1.141647996 1.113207757 1.167708072 -0.008512413 -0.008093068 -0.740923605 0.671486599
1785983361.410000086 -1.144690928 1.111923851 1.172486342 -0.008646539 -0.007728073 -0.740009909 0.672495985
1785983361.420000076 -1.147603913 1.110764402 1.177298747 -0.008815689 -0.007395176 -0.739188407 0.673400396
1785983361.430000067 -1.150387033 1.109706897 1.182124022 -0.008889807 -0.006978878 -0.738365816 0.674305708
1785983361.440000057 -1.153052656 1.108729819 1.186948931 -0.008916187 -0.006580022 -0.737572909 0.675176576
1785983361.450000048 -1.155580314 1.107821515 1.191771162 -0.008963474 -0.006283969 -0.736704906 0.676125765
1785983361.460000038 -1.157946093 1.106964200 1.196600602 -0.009036557 -0.005987528 -0.735967782 0.676929770
1785983361.470000029 -1.160171973 1.106125432 1.201443152 -0.009076230 -0.005746021 -0.735187635 0.677778538
1785983361.480000019 -1.162252816 1.105291877 1.206304876 -0.009207026 -0.005502635 -0.734394888 0.678637679
1785983361.490000010 -1.164166609 1.104478895 1.211194669 -0.009286715 -0.005395447 -0.733653371 0.679439017
1785983361.500000000 -1.165909890 1.103685864 1.216099061 -0.009328090 -0.005309613 -0.732874509 0.680279170
1785983361.509999990 -1.167456882 1.102891304 1.221010271 -0.009321689 -0.005149831 -0.732182328 0.681025421
1785983361.519999981 -1.168819763 1.102101339 1.225944667 -0.009476379 -0.005202009 -0.731360708 0.681905164
1785983361.529999971 -1.170040422 1.101327802 1.230606032 -0.009570198 -0.005045572 -0.730606799 0.682712721
1785983361.539999962 -1.171142820 1.100562351 1.234021474 -0.009753808 -0.004881376 -0.729851323 0.683518896
1785983361.549999952 -1.172165825 1.099791591 1.235416340 -0.009843874 -0.004704059 -0.729063824 0.684358758
1785983361.559999943 -1.173139390 1.099021961 1.234961457 -0.009920720 -0.004498778 -0.728391930 0.685074110
1785983361.569999933 -1.174074327 1.098246033 1.232977332 -0.010026279 -0.004384706 -0.727735305 0.685770788
1785983361.579999924 -1.174960090 1.097439278 1.229873383 -0.010107601 -0.004294076 -0.727053131 0.686493367
1785983361.589999914 -1.175760470 1.096536100 1.226359865 -0.010207586 -0.004184283 -0.726362747 0.687223004
1785983361.599999905 -1.176474811 1.095512585 1.222376477 -0.010227813 -0.004050943 -0.725736182 0.687885147
1785983361.609999895 -1.177161762 1.094430395 1.217818119 -0.010221607 -0.003849296 -0.725171854 0.688481287
1785983361.619999886 -1.177871552 1.093327576 1.212990759 -0.010244321 -0.003610417 -0.724580928 0.689104127
1785983361.630000114 -1.178593172 1.092230358 1.208032991 -0.010324719 -0.003423540 -0.724012831 0.689700732
1785983361.640000105 -1.179303759 1.091166917 1.203081457 -0.010336278 -0.003223119 -0.723472792 0.690267986
1785983361.650000095 -1.180011961 1.090181091 1.198149518 -0.010375335 -0.003097772 -0.722945429 0.690820282
1785983361.660000086 -1.180729900 1.089282386 1.193241825 -0.010354011 -0.002975170 -0.722512729 0.691273679
1785983361.670000076 -1.181464808 1.088439678 1.188351567 -0.010337548 -0.002884549 -0.721966296 0.691844984
1785983361.680000067 -1.182220732 1.087639089 1.183467978 -0.010246549 -0.002769645 -0.721505705 0.692327130
1785983361.690000057 -1.183005089 1.086886525 1.178587270 -0.010204152 -0.002638309 -0.720995839 0.692859231
1785983361.700000048 -1.183827312 1.086182794 1.173711782 -0.010050043 -0.002558121 -0.720499429 0.693377981
1785983361.710000038 -1.184672313 1.085489481 1.168839006 -0.009942068 -0.002415850 -0.720092448 0.693802699
1785983361.720000029 -1.185509892 1.084738978 1.163960348 -0.009831336 -0.002294527 -0.719574907 0.694341439
1785983361.730000019 -1.186352723 1.083863725 1.159076810 -0.009617060 -0.002202506 -0.719203209 0.694729735
1785983361.740000010 -1.187236457 1.082793081 1.154207739 -0.009422721 -0.002071655 -0.718740849 0.695211128
1785983361.750000000 -1.188183562 1.081469608 1.149363310 -0.009095934 -0.001852288 -0.718337215 0.695633150
1785983361.759999990 -1.189262260 1.079917321 1.144568721 -0.008886927 -0.001717322 -0.717898770 0.696088665
1785983361.769999981 -1.190515828 1.078171341 1.139872989 -0.008740727 -0.001582601 -0.717485003 0.696517311
1785983361.779999971 -1.191936821 1.076270055 1.135542505 -0.008409393 -0.001536423 -0.717058325 0.696960745
1785983361.789999962 -1.193494388 1.074257202 1.131543340 -0.008104403 -0.001438045 -0.716645210 0.697389342
1785983361.799999952 -1.195111223 1.072146274 1.127758102 -0.007828269 -0.001343696 -0.716224624 0.697824620
1785983361.809999943 -1.196743568 1.069975011 1.124454580 -0.007565975 -0.001215420 -0.715830327 0.698232212
1785983361.819999933 -1.198397521 1.067760804 1.121537123 -0.007371733 -0.001011134 -0.715341001 0.698735922
1785983361.829999924 -1.200100049 1.065507269 1.119111905 -0.007130834 -0.000961402 -0.714986751 0.699100975
1785983361.839999914 -1.201856680 1.063253062 1.117589083 -0.006851641 -0.000951678 -0.714622188 0.699476431
1785983361.849999905 -1.203657808 1.061034491 1.116828446 -0.006624108 -0.000977156 -0.714252543 0.699856036
1785983361.859999895 -1.205498977 1.058855014 1.116405479 -0.006421647 -0.001022212 -0.714013103 0.700102140
1785983361.869999886 -1.207362263 1.056702014 1.116082884 -0.006220467 -0.001040738 -0.713773108 0.700348608
1785983361.880000114 -1.209238006 1.054561042 1.115813573 -0.006067226 -0.001135443 -0.713372153 0.700758211
1785983361.890000105 -1.211123071 1.052446037 1.115718637 -0.005991758 -0.001164900 -0.713088319 0.701047638
1785983361.900000095 -1.213010344 1.050377111 1.116051017 -0.005960093 -0.001199337 -0.712818607 0.701322089
1785983361.910000086 -1.214891387 1.048372933 1.117029536 -0.005873932 -0.001198351 -0.712537439 0.701608479
1785983361.920000076 -1.216759860 1.046465791 1.118722207 -0.005772675 -0.001194122 -0.712282960 0.701867676
1785983361.930000067 -1.218627212 1.044715616 1.121316970 -0.005682090 -0.001170323 -0.712056099 0.702098609
1785983361.940000057 -1.220510775 1.043164117 1.124563315 -0.005583362 -0.001118721 -0.711823014 0.702335796
1785983361.950000048 -1.222399738 1.041772613 1.128144376 -0.005502483 -0.001045963 -0.711605725 0.702556703
1785983361.960000038 -1.224249234 1.040485864 1.132240112 -0.005438901 -0.000962490 -0.711349726 0.702816519
1785983361.970000029 -1.225998316 1.039286692 1.136748832 -0.005371221 -0.000834750 -0.711132462 0.703037037
1785983361.980000019 -1.227615018 1.038153010 1.141415595 -0.005315271 -0.000707374 -0.710876323 0.703296595
1785983361.990000010 -1.229145319 1.037026821 1.146120034 -0.005216158 -0.000553799 -0.710629775 0.703546593
1785983362.000000000 -1.230656870 1.035849318 1.150839700 -0.005084745 -0.000520050 -0.710416717 0.703762718
1785983362.009999990 -1.232148164 1.034575426 1.155560981 -0.004977465 -0.000452700 -0.710190345 0.703991970
1785983362.019999981 -1.233586734 1.033192588 1.160278717 -0.004838568 -0.000475913 -0.709956743 0.704228503
1785983362.029999971 -1.234938803 1.031798083 1.165019368 -0.004668673 -0.000476947 -0.709773201 0.704414636
1785983362.039999962 -1.236177444 1.030462077 1.169808625 -0.004505483 -0.000497376 -0.709638792 0.704551090
1785983362.049999952 -1.237314626 1.029103352 1.174628626 -0.004373174 -0.000560793 -0.709449054 0.704742932
1785983362.059999943 -1.238349683 1.027652071 1.179456756 -0.004210023 -0.000684528 -0.709290193 0.704903702
1785983362.069999933 -1.239256389 1.026134273 1.184297201 -0.003977394 -0.000776520 -0.709114020 0.705082183
1785983362.079999924 -1.240034511 1.024629614 1.189160048 -0.003719007 -0.000779348 -0.708908747 0.705289976
1785983362.089999914 -1.240712273 1.023236023 1.194057125 -0.003449955 -0.000797443 -0.708719658 0.705481331
1785983362.099999905 -1.241314815 1.022016576 1.198991783 -0.003187546 -0.000790124 -0.708525029 0.705678042
1785983362.109999895 -1.241850184 1.020970812 1.203962324 -0.002976106 -0.000753662 -0.708357547 0.705847123
1785983362.119999886 -1.242319998 1.020064091 1.208959345 -0.002730861 -0.000810528 -0.708214638 0.705991439
1785983362.130000114 -1.242715289 1.019172869 1.213896766 -0.002461337 -0.000816940 -0.708010914 0.706196729
1785983362.140000105 -1.243047326 1.018161597 1.218596305 -0.002233210 -0.000788842 -0.707834919 0.706373922
1785983362.150000095 -1.243380058 1.016944778 1.223080765 -0.001990319 -0.000759961 -0.707654552 0.706555374
1785983362.160000086 -1.243755430 1.015433017 1.227483741 -0.001887258 -0.000652865 -0.707466056 0.706744502
1785983362.170000076 -1.244148911 1.013550709 1.231586728 -0.001701349 -0.000600366 -0.707251906 0.706959324
1785983362.180000067 -1.244535969 1.011292667 1.234677897 -0.001635094 -0.000495556 -0.707079632 0.707131865
1785983362.190000057 -1.244928714 1.008788214 1.236150227 -0.001562560 -0.000407996 -0.706831895 0.707379717
1785983362.200000048 -1.245349246 1.006202793 1.235906691 -0.001457704 -0.000335237 -0.706611062 0.707600572
1785983362.210000038 -1.245814032 1.003618615 1.233958062 -0.001352962 -0.000304929 -0.706409092 0.707802424
1785983362.220000029 -1.246335111 1.001042465 1.230595959 -0.001243916 -0.000260136 -0.706218982 0.707992327
1785983362.230000019 -1.246881725 0.998461974 1.226384376 -0.001151231 -0.000269656 -0.706001424 0.708209426
1785983362.240000010 -1.247424695 0.995831623 1.221864192 -0.001154203 -0.000246726 -0.705797961 0.708412200
1785983362.250000000 -1.247996145 0.993041966 1.217302089 -0.001119996 -0.000260002 -0.705644106 0.708565504
1785983362.259999990 -1.248631270 0.989982204 1.212684466 -0.001090857 -0.000209602 -0.705524059 0.708685098
1785983362.269999981 -1.249346269 0.986606396 1.208000167 -0.000982501 -0.000295383 -0.705441875 0.708767034
1785983362.279999971 -1.250112635 0.982960944 1.203262219 -0.000911706 -0.000386575 -0.705266950 0.708941146
1785983362.289999962 -1.250840342 0.979232669 1.198512647 -0.000964363 -0.000494095 -0.705142547 0.709064746
1785983362.299999952 -1.251478529 0.975581325 1.193780224 -0.000975747 -0.000700750 -0.705004295 0.709202017
1785983362.309999943 -1.252053880 0.972000645 1.189074553 -0.001043812 -0.000934738 -0.704898938 0.709306368
1785983362.319999933 -1.252601351 0.968449559 1.184529581 -0.001059652 -0.001161442 -0.704709529 0.709494192
1785983362.329999924 -1.253105288 0.964952173 1.180231273 -0.001050903 -0.001304193 -0.704612483 0.709590335
1785983362.339999914 -1.253543888 0.961517067 1.176041261 -0.001013304 -0.001401728 -0.704506099 0.709695826
1785983362.349999905 -1.253938724 0.958073774 1.171854971 -0.000996056 -0.001503826 -0.704427230 0.709773925
1785983362.359999895 -1.254288941 0.954584747 1.167662079 -0.001015951 -0.001609661 -0.704320023 0.709880048
1785983362.369999886 -1.254563609 0.951084731 1.163495061 -0.001014062 -0.001678973 -0.704207472 0.709991541
1785983362.380000114 -1.254743921 0.947619811 1.159411474 -0.001047688 -0.001781539 -0.704066794 0.710130747
1785983362.390000105 -1.254815379 0.944249041 1.155940927 -0.001054277 -0.001910603 -0.703948157 0.710248006
1785983362.400000095 -1.254796213 0.940994434 1.153662501 -0.001064693 -0.002080339 -0.703786871 0.710407333
1785983362.410000086 -1.254771577 0.937794099 1.152786099 -0.001043878 -0.002276563 -0.703666709 0.710525785
1785983362.420000076 -1.254804752 0.934576593 1.153189829 -0.001048037 -0.002504256 -0.703546380 0.710644160
1785983362.430000067 -1.254824102 0.931300730 1.154293763 -0.001083531 -0.002736111 -0.703440419 0.710748139
1785983362.440000057 -1.254742305 0.927967279 1.155965832 -0.001066702 -0.002924795 -0.703349396 0.710837488
1785983362.450000048 -1.254575583 0.924621115 1.158586940 -0.001008605 -0.003057319 -0.703233599 0.710951574
1785983362.460000038 -1.254350482 0.921303286 1.162163530 -0.000947049 -0.003180860 -0.703133085 0.711050525
1785983362.470000029 -1.254064903 0.918020477 1.166279539 -0.000941822 -0.003315035 -0.703083674 0.711098777
1785983362.480000019 -1.253722523 0.914722064 1.170770979 -0.000932225 -0.003497280 -0.703000778 0.711179869
1785983362.490000010 -1.253339727 0.911271484 1.176132371 -0.000892615 -0.003724851 -0.702918143 0.711260440
1785983362.500000000 -1.252922465 0.907607615 1.182502493 -0.000867931 -0.003992688 -0.702828618 0.711347481
1785983362.509999990 -1.252450444 0.903820376 1.189541191 -0.000810361 -0.004238423 -0.702772560 0.711401510
1785983362.519999981 -1.251911870 0.899983862 1.197047204 -0.000751084 -0.004482416 -0.702744193 0.711428101
1785983362.529999971 -1.251381366 0.896142680 1.204825475 -0.000744867 -0.004750500 -0.702709034 0.711461096
1785983362.539999962 -1.250922924 0.892332623 1.212785097 -0.000714738 -0.005004346 -0.702652333 0.711515386
1785983362.549999952 -1.250525447 0.888536373 1.220851285 -0.000644386 -0.005230967 -0.702545530 0.711619280
1785983362.559999943 -1.250142577 0.884731472 1.228961690 -0.000564741 -0.005521511 -0.702344531 0.711815533
1785983362.569999933 -1.249704891 0.880937676 1.237092481 -0.000468249 -0.005776814 -0.702256709 0.711900221
1785983362.579999924 -1.249169582 0.877192616 1.245236138 -0.000341484 -0.005966564 -0.702092936 0.712060246
1785983362.589999914 -1.248516257 0.873515063 1.253367138 -0.000132038 -0.006176945 -0.701923677 0.712225371
1785983362.599999905 -1.247720225 0.869898863 1.261457057 0.000033962 -0.006346446 -0.701730391 0.712414331
1785983362.609999895 -1.246793652 0.866314759 1.269186181 0.000188865 -0.006500736 -0.701579441 0.712561571
1785983362.619999886 -1.245773134 0.862727880 1.276289874 0.000301769 -0.006686005 -0.701456356 0.712680985
1785983362.630000114 -1.244692321 0.859104755 1.282649757 0.000356749 -0.006935207 -0.701291028 0.712841265
1785983362.640000105 -1.243579087 0.855441710 1.288421476 0.000401286 -0.007120067 -0.701129330 0.712998462
1785983362.650000095 -1.242427017 0.851776874 1.294059825 0.000419733 -0.007203768 -0.700972526 0.713151770
1785983362.660000086 -1.241249708 0.848147735 1.299709358 0.000402325 -0.007294736 -0.700889564 0.713232391
1785983362.670000076 -1.240085433 0.844582853 1.305373197 0.000408137 -0.007363763 -0.700763131 0.713355902
1785983362.680000067 -1.238966063 0.841084889 1.311042619 0.000351221 -0.007454756 -0.700733443 0.713384150
1785983362.690000057 -1.237908447 0.837623647 1.316705455 0.000208834 -0.007567167 -0.700720935 0.713395308
1785983362.700000048 -1.236914732 0.834169166 1.322352661 0.000010215 -0.007680373 -0.700707276 0.713407545
1785983362.710000038 -1.235982844 0.830724626 1.327984476 -0.000190239 -0.007727182 -0.700645118 0.713468061
1785983362.720000029 -1.235103546 0.827301970 1.333604104 -0.000357967 -0.007819194 -0.700617351 0.713494261
1785983362.730000019 -1.234265013 0.823910696 1.339211290 -0.000527229 -0.007849046 -0.700570819 0.713539517
1785983362.740000010 -1.233466403 0.820556140 1.344805725 -0.000687787 -0.007879583 -0.700536027 0.713573201
1785983362.750000000 -1.232717339 0.817213113 1.350391677 -0.000856245 -0.007960662 -0.700519303 0.713588538
1785983362.759999990 -1.232035010 0.813805927 1.355956577 -0.000972291 -0.008048290 -0.700497743 0.713608570
1785983362.769999981 -1.231458429 0.810220147 1.361468221 -0.001079988 -0.008152882 -0.700439129 0.713664761
1785983362.779999971 -1.230987111 0.806419038 1.366919354 -0.001185533 -0.008208402 -0.700365255 0.713736454
1785983362.789999962 -1.230539271 0.802498155 1.372336139 -0.001261213 -0.008190608 -0.700290224 0.713810146
1785983362.799999952 -1.230051376 0.798568540 1.377740720 -0.001353354 -0.008126580 -0.700223188 0.713876470
1785983362.809999943 -1.229537734 0.794663809 1.383139530 -0.001387452 -0.008128714 -0.700150609 0.713947564
1785983362.819999933 -1.229040699 0.790764444 1.388526380 -0.001402901 -0.008143817 -0.700006350 0.714088804
1785983362.829999924 -1.228568621 0.786864754 1.393884733 -0.001394968 -0.008231748 -0.699885036 0.714206713
1785983362.839999914 -1.228114607 0.782976105 1.399204148 -0.001311154 -0.008377945 -0.699740435 0.714346845
1785983362.849999905 -1.227678396 0.779097562 1.404489602 -0.001105557 -0.008434509 -0.699570367 0.714513078
1785983362.859999895 -1.227271560 0.775193690 1.409751293 -0.000986358 -0.008542085 -0.699382087 0.714696269
1785983362.869999886 -1.226938842 0.771179567 1.414987814 -0.000788083 -0.008589696 -0.699161444 0.714911793
1785983362.880000114 -1.226736067 0.766995238 1.420189524 -0.000683709 -0.008649081 -0.698867835 0.715198207
1785983362.890000105 -1.226647056 0.762646712 1.425353161 -0.000453806 -0.008651134 -0.698602642 0.715457406
1785983362.900000095 -1.226610103 0.758164113 1.430491397 -0.000170519 -0.008651251 -0.698329219 0.715724408
1785983362.910000086 -1.226588492 0.753552792 1.435626378 0.000085515 -0.008814066 -0.698159313 0.715888175
1785983362.920000076 -1.226585170 0.748877520 1.440770391 0.000380804 -0.008960757 -0.697996020 0.716045470
1785983362.930000067 -1.226643156 0.744202469 1.445902565 0.000707243 -0.009059504 -0.697818119 0.716217354
1785983362.940000057 -1.226757152 0.739505783 1.451006955 0.001041767 -0.009146166 -0.697477793 0.716547270
1785983362.950000048 -1.226906521 0.734767220 1.456065661 0.001367761 -0.009192873 -0.697319573 0.716700100
1785983362.960000038 -1.227080342 0.729978286 1.461069426 0.001649645 -0.009324898 -0.697072066 0.716938533
1785983362.970000029 -1.227243655 0.725167285 1.465979660 0.001917450 -0.009455931 -0.696859286 0.717142974
1785983362.980000019 -1.227393356 0.720363712 1.470696789 0.002171511 -0.009608609 -0.696725918 0.717269792
1785983362.990000010 -1.227552936 0.715564642 1.475077963 0.002467176 -0.009755855 -0.696644539 0.717345888
1785983363.000000000 -1.227721858 0.710740645 1.478885433 0.002718695 -0.009917598 -0.696556564 0.717428187
1785983363.009999990 -1.227865416 0.705837062 1.482085421 0.002937779 -0.010102733 -0.696435276 0.717542480
1785983363.019999981 -1.227935343 0.700804767 1.484722597 0.003129576 -0.010310522 -0.696317674 0.717652838
1785983363.029999971 -1.227915714 0.695635331 1.486973318 0.003291000 -0.010528247 -0.696191473 0.717771383
1785983363.039999962 -1.227840614 0.690375239 1.489058285 0.003447482 -0.010784058 -0.696116179 0.717839874
1785983363.049999952 -1.227760918 0.685107693 1.490982969 0.003607991 -0.011004685 -0.696041719 0.717907936
1785983363.059999943 -1.227701591 0.679885212 1.492772745 0.003726989 -0.011264253 -0.695972967 0.717969955
1785983363.069999933 -1.227658587 0.674703829 1.494436840 0.003738235 -0.011564149 -0.695965796 0.717972079
1785983363.079999924 -1.227654500 0.669521736 1.496006515 0.003762553 -0.011827805 -0.695961426 0.717971893
1785983363.089999914 -1.227751957 0.664280255 1.497513589 0.003781100 -0.012096965 -0.695952688 0.717975782
1785983363.099999905 -1.227966358 0.658964797 1.498976396 0.003810529 -0.012386485 -0.695919618 0.718002744
1785983363.109999895 -1.228225972 0.653661784 1.500423640 0.003856869 -0.012643329 -0.695933144 0.717984909
1785983363.119999886 -1.228439174 0.648485777 1.501893611 0.003933051 -0.012898205 -0.695951308 0.717962356
1785983363.130000114 -1.228581881 0.643461249 1.503392604 0.003996425 -0.013119815 -0.695977382 0.717932714
1785983363.140000105 -1.228663149 0.638552030 1.504897595 0.004034254 -0.013300537 -0.696028076 0.717880030
1785983363.150000095 -1.228660367 0.633737569 1.506399326 0.004057549 -0.013490264 -0.696060120 0.717845289
1785983363.160000086 -1.228556029 0.628997576 1.507888686 0.004133123 -0.013672065 -0.696131495 0.717772202
1785983363.170000076 -1.228377391 0.624291622 1.509346631 0.004212751 -0.013840506 -0.696191482 0.717710327
1785983363.180000067 -1.228160237 0.619611743 1.510733446 0.004292934 -0.014004835 -0.696238504 0.717661049
1785983363.190000057 -1.227893864 0.614986584 1.511935304 0.004303639 -0.014186339 -0.696327353 0.717571212
1785983363.200000048 -1.227578575 0.610417221 1.512912450 0.004279526 -0.014348928 -0.696416864 0.717481251
1785983363.210000038 -1.227225705 0.605861992 1.513602485 0.004197789 -0.014457356 -0.696486577 0.717411884
1785983363.220000029 -1.226830353 0.601286131 1.513912780 0.004122966 -0.014561599 -0.696591339 0.717308488
1785983363.230000019 -1.226394693 0.596674189 1.513966607 0.004107714 -0.014624455 -0.696710558 0.717191502
1785983363.240000010 -1.225917043 0.592041512 1.513843765 0.004121722 -0.014672493 -0.696801745 0.717101846
1785983363.250000000 -1.225398852 0.587436830 1.513610528 0.004239903 -0.014741816 -0.696938903 0.716966434
1785983363.259999990 -1.224833288 0.582894228 1.513380746 0.004375655 -0.014781742 -0.697078749 0.716828830
1785983363.269999981 -1.224208202 0.578404862 1.513162312 0.004503393 -0.014805829 -0.697243300 0.716667487
1785983363.279999971 -1.223523192 0.573931837 1.512938981 0.004614523 -0.014802376 -0.697424941 0.716490089
1785983363.289999962 -1.222806516 0.569442559 1.512710910 0.004736151 -0.014820105 -0.697571695 0.716346051
1785983363.299999952 -1.222101592 0.564927105 1.512471716 0.004853106 -0.014790610 -0.697744421 0.716177637
1785983363.309999943 -1.221440465 0.560412036 1.512197996 0.004968078 -0.014754384 -0.697891628 0.716034149
1785983363.319999933 -1.220850365 0.555943181 1.511877199 0.005091316 -0.014694762 -0.698056510 0.715873768
1785983363.329999924 -1.220311813 0.551500442 1.511508498 0.005216750 -0.014524727 -0.698235524 0.715701733
1785983363.339999914 -1.219786058 0.547028563 1.511095381 0.005281811 -0.014308863 -0.698389239 0.715555609
1785983363.349999905 -1.219244673 0.542536283 1.510637046 0.005256411 -0.014120713 -0.698523905 0.715428074
1785983363.359999895 -1.218644557 0.538061508 1.510121157 0.005193063 -0.013921663 -0.698678413 0.715281550
1785983363.369999886 -1.217949473 0.533647243 1.509551356 0.005057850 -0.013759733 -0.698923051 0.715046611
1785983363.380000114 -1.217163947 0.529303469 1.508942642 0.004836266 -0.013622343 -0.699057098 0.714919727
1785983363.390000105 -1.216320475 0.524953717 1.508282790 0.004622423 -0.013496681 -0.699182202 0.714801176
1785983363.400000095 -1.215447846 0.520527183 1.507569642 0.004350071 -0.013438843 -0.699340439 0.714649163
1785983363.410000086 -1.214575705 0.516028138 1.506815359 0.004049511 -0.013418480 -0.699431087 0.714562594
1785983363.420000076 -1.213726408 0.511476042 1.506027193 0.003698585 -0.013436257 -0.699491589 0.714504936
1785983363.430000067 -1.212873006 0.506863577 1.505204835 0.003464470 -0.013527194 -0.699586736 0.714411234
1785983363.440000057 -1.211969933 0.502199323 1.504347131 0.003209013 -0.013707238 -0.699650457 0.714346591
1785983363.450000048 -1.210997134 0.497486635 1.503481074 0.002902401 -0.013941706 -0.699712411 0.714282680
1785983363.460000038 -1.209956653 0.492713572 1.502630744 0.002556984 -0.014185531 -0.699769052 0.714223709
1785983363.470000029 -1.208886867 0.487874892 1.501866272 0.002227657 -0.014377104 -0.699794648 0.714195902
1785983363.480000019 -1.207846342 0.482898686 1.501951158 0.002036849 -0.014528567 -0.699847317 0.714141796
1785983363.490000010 -1.206841302 0.477696406 1.503040779 0.001870971 -0.014753923 -0.699916994 0.714069340
1785983363.500000000 -1.205839588 0.472274585 1.505165817 0.001712600 -0.015004523 -0.700002596 0.713980600
1785983363.509999990 -1.204812725 0.466736597 1.508204848 0.001626010 -0.015319413 -0.700136719 0.713842592
1785983363.519999981 -1.203728153 0.461175377 1.511363567 0.001602231 -0.015639047 -0.700268978 0.713705970
1785983363.529999971 -1.202575955 0.455598867 1.514587856 0.001615175 -0.015845344 -0.700363605 0.713608532
1785983363.539999962 -1.201358786 0.450013506 1.517928562 0.001744545 -0.016068562 -0.700491883 0.713477316
1785983363.549999952 -1.200066827 0.444466349 1.521395419 0.001950330 -0.016281429 -0.700626424 0.713339839
1785983363.559999943 -1.198695500 0.438992587 1.525028532 0.002222260 -0.016538909 -0.700765738 0.713196260
1785983363.569999933 -1.197270951 0.433599058 1.528813732 0.002514767 -0.016795202 -0.700871483 0.713085382
1785983363.579999924 -1.195833984 0.428254823 1.532672379 0.002814721 -0.016982007 -0.701073918 0.712880811
1785983363.589999914 -1.194424163 0.422894828 1.536541991 0.003174038 -0.017050226 -0.701199879 0.712753776
1785983363.599999905 -1.193088479 0.417462814 1.540368662 0.003449869 -0.017084564 -0.701344762 0.712609108
1785983363.609999895 -1.191855846 0.411937156 1.544128110 0.003699138 -0.017148310 -0.701512310 0.712441388
1785983363.619999886 -1.190755780 0.406319488 1.547830477 0.003882490 -0.017247229 -0.701819761 0.712135157
1785983363.630000114 -1.189790156 0.400629336 1.551492491 0.004061791 -0.017285810 -0.702060934 0.711895461
1785983363.640000105 -1.188913679 0.394913255 1.555138831 0.004225513 -0.017301293 -0.702324275 0.711634332
1785983363.650000095 -1.188108573 0.389216967 1.558731489 0.004410992 -0.017304811 -0.702618346 0.711342777
1785983363.660000086 -1.187417673 0.383586820 1.561932794 0.004567244 -0.017259688 -0.702902897 0.711061714
1785983363.670000076 -1.186876138 0.378054849 1.564543343 0.004714531 -0.017334164 -0.703187335 0.710777653
1785983363.680000067 -1.186457364 0.372594291 1.566828789 0.004842241 -0.017394431 -0.703431641 0.710533541
1785983363.690000057 -1.186155113 0.367141748 1.568852073 0.004989148 -0.017358408 -0.703708217 0.710259487
1785983363.700000048 -1.185961732 0.361634353 1.570567115 0.005058180 -0.017356073 -0.703976119 0.709993525
1785983363.710000038 -1.185834742 0.356015843 1.571965872 0.005133851 -0.017347932 -0.704239979 0.709731460
1785983363.720000029 -1.185740622 0.350246696 1.573098559 0.005114456 -0.017332897 -0.704536605 0.709437514
1785983363.730000019 -1.185613066 0.344416940 1.573429136 0.005207992 -0.017344132 -0.705038653 0.708937624
1785983363.740000010 -1.185418140 0.338645041 1.572511389 0.005247428 -0.017384743 -0.705332231 0.708644255
1785983363.750000000 -1.185183055 0.332961981 1.570421133 0.005361630 -0.017512643 -0.705735964 0.708238173
1785983363.759999990 -1.184925803 0.327394300 1.567158477 0.005253347 -0.017704172 -0.706057287 0.707913887
1785983363.769999981 -1.184670383 0.321997609 1.563368760 0.005221806 -0.017744835 -0.706296354 0.707674582
1785983363.779999971 -1.184421110 0.316752401 1.559221697 0.005128159 -0.017774126 -0.706645698 0.707325695
1785983363.789999962 -1.184188788 0.311523426 1.554656264 0.004858623 -0.017867875 -0.706925971 0.707045122
1785983363.799999952 -1.183992872 0.306219445 1.549951414 0.004522645 -0.017932505 -0.707208797 0.706762823
1785983363.809999943 -1.183807866 0.300823055 1.545075111 0.004408057 -0.018119887 -0.707753776 0.706213021
1785983363.819999933 -1.183609570 0.295381770 1.540006593 0.004211836 -0.018186728 -0.708056889 0.705908595
1785983363.829999924 -1.183357064 0.289955733 1.534866510 0.004100897 -0.018257355 -0.708492278 0.705470442
1785983363.839999914 -1.183037588 0.284570133 1.529722959 0.003909359 -0.018245881 -0.708826909 0.705135603
1785983363.849999905 -1.182706387 0.279217247 1.524564937 0.003862005 -0.018375337 -0.709178426 0.704778966
1785983363.859999895 -1.182370596 0.273887772 1.519394045 0.003553969 -0.018294308 -0.709587260 0.704371072
1785983363.869999886 -1.182023544 0.268593734 1.514213038 0.003493534 -0.018126681 -0.709887268 0.704073352
1785983363.880000114 -1.181680920 0.263332110 1.509026442 0.003365330 -0.018087322 -0.710079779 0.703880836
1785983363.890000105 -1.181340908 0.258107989 1.503817959 0.003229223 -0.018090299 -0.710351991 0.703606681
1785983363.900000095 -1.180995892 0.252921243 1.498578324 0.003135572 -0.018045480 -0.710568955 0.703389145
1785983363.910000086 -1.180631509 0.247753343 1.493288314 0.003079185 -0.018080253 -0.710742704 0.703212935
1785983363.920000076 -1.180234786 0.242591488 1.487945348 0.002983870 -0.018137115 -0.710863132 0.703090143
1785983363.930000067 -1.179829224 0.237428236 1.482572118 0.002944979 -0.018141735 -0.711100215 0.702850403
1785983363.940000057 -1.179440604 0.232262469 1.477179324 0.002908727 -0.018168562 -0.711274167 0.702673823
1785983363.950000048 -1.179063394 0.227083504 1.471757699 0.002947081 -0.018194695 -0.711404368 0.702541169
1785983363.960000038 -1.178680483 0.221820555 1.466305666 0.002987364 -0.018255786 -0.711507922 0.702434537
1785983363.970000029 -1.178264487 0.216397675 1.460852442 0.003016674 -0.018252176 -0.711678980 0.702261196
1785983363.980000019 -1.177794244 0.210841777 1.455414737 0.003094980 -0.018311107 -0.711789049 0.702147758
1785983363.990000010 -1.177268717 0.205249123 1.449992246 0.003166176 -0.018386031 -0.711946357 0.701985978
1785983364.000000000 -1.176716233 0.199688915 1.444596125 0.003270979 -0.018416601 -0.712131580 0.701796796
1785983364.009999990 -1.176187353 0.194187752 1.439240976 0.003418656 -0.018419168 -0.712260921 0.701664754
1785983364.019999981 -1.175719612 0.188717059 1.433944963 0.003650580 -0.018281735 -0.712541544 0.701382207
1785983364.029999971 -1.175302063 0.183171183 1.428696949 0.003788604 -0.018365815 -0.712665379 0.701253450
1785983364.039999962 -1.174932279 0.177485429 1.423475041 0.003936258 -0.018413582 -0.712829321 0.701084735
1785983364.049999952 -1.174614125 0.171673270 1.418283674 0.004003869 -0.018399063 -0.713029264 0.700881383
1785983364.059999943 -1.174336538 0.165808073 1.413120568 0.004081190 -0.018454126 -0.713215979 0.700689486
1785983364.069999933 -1.174104766 0.159990485 1.407979029 0.004186401 -0.018450673 -0.713424089 0.700477063
1785983364.079999924 -1.173924728 0.154254139 1.402842774 0.004230861 -0.018469585 -0.713632285 0.700264190
1785983364.089999914 -1.173793735 0.148562264 1.397679846 0.004363115 -0.018562502 -0.713905322 0.699982563
1785983364.099999905 -1.173683390 0.142876508 1.392451974 0.004534426 -0.018640494 -0.714110621 0.699769956
1785983364.109999895 -1.173561623 0.137191240 1.387151645 0.004726841 -0.018702325 -0.714346484 0.699526255
1785983364.119999886 -1.173417493 0.131495651 1.381821763 0.004873822 -0.018793236 -0.714573291 0.699291121
1785983364.130000114 -1.173261609 0.125760660 1.376488358 0.004969820 -0.018856190 -0.714721661 0.699137106
1785983364.140000105 -1.173099499 0.119982562 1.371161824 0.005027576 -0.018918792 -0.714972360 0.698878621
1785983364.150000095 -1.172924031 0.114210909 1.365870872 0.005068457 -0.018906787 -0.715135013 0.698712213
1785983364.160000086 -1.172711854 0.108464196 1.360630219 0.005192318 -0.018875529 -0.715329567 0.698512967
1785983364.170000076 -1.172460593 0.102672241 1.355430055 0.005250321 -0.018879610 -0.715536808 0.698300129
1785983364.180000067 -1.172182497 0.096822922 1.350272631 0.005382467 -0.018828184 -0.715718358 0.698114432
1785983364.190000057 -1.171888820 0.091032594 1.345181156 0.005441640 -0.018974718 -0.716055577 0.697764114
1785983364.200000048 -1.171582524 0.085378554 1.340150656 0.005503603 -0.018903495 -0.716296479 0.697518259
1785983364.210000038 -1.171258023 0.079813637 1.335151566 0.005585449 -0.018895302 -0.716485583 0.697323583
1785983364.220000029 -1.170938424 0.074270600 1.330399910 0.005631278 -0.018883270 -0.716828333 0.696971199
1785983364.230000019 -1.170638658 0.068751641 1.325920936 0.005711262 -0.019045033 -0.717162142 0.696622660
1785983364.240000010 -1.170363851 0.063231605 1.321490883 0.005748961 -0.019126755 -0.717566270 0.696203824
1785983364.250000000 -1.170114629 0.057581390 1.317091653 0.005815386 -0.019160033 -0.717827593 0.695932914
1785983364.259999990 -1.169860875 0.051760664 1.312774646 0.005822552 -0.019122189 -0.718126563 0.695625387
1785983364.269999981 -1.169596570 0.045898803 1.308585798 0.005684352 -0.019158378 -0.718436512 0.695305417
1785983364.279999971 -1.169356778 0.040081882 1.304728581 0.005595369 -0.018991626 -0.718874474 0.694857899
1785983364.289999962 -1.169190513 0.034349668 1.301609353 0.005572507 -0.018878209 -0.719241346 0.694481423
1785983364.299999952 -1.169117372 0.028754900 1.299635424 0.005612386 -0.018857499 -0.719598498 0.694111589
1785983364.309999943 -1.169104398 0.023275287 1.298593611 0.005664340 -0.018851070 -0.719903959 0.693794524
1785983364.319999933 -1.169134267 0.017867307 1.298294493 0.005763443 -0.018883606 -0.720214319 0.693470639
1785983364.329999924 -1.169172341 0.012481500 1.298535180 0.005875953 -0.019052445 -0.720599031 0.693065303
1785983364.339999914 -1.169179304 0.007071307 1.298934660 0.005900259 -0.019097449 -0.720855778 0.692796811
1785983364.349999905 -1.169167863 0.001704269 1.299493638 0.005957186 -0.019207237 -0.721112020 0.692526569
1785983364.359999895 -1.169151964 -0.003535837 1.300163630 0.006042831 -0.019270016 -0.721333388 0.692293503
1785983364.369999886 -1.169147298 -0.008634040 1.300907197 0.006049288 -0.019484782 -0.721659428 0.691947556
1785983364.380000114 -1.169157302 -0.013622394 1.301688916 0.006183291 -0.019643378 -0.721864458 0.691727988
1785983364.390000105 -1.169180398 -0.018605125 1.302487932 0.006349641 -0.019850198 -0.722170444 0.691401115
1785983364.400000095 -1.169220726 -0.023668295 1.303273528 0.006551006 -0.020117055 -0.722562822 0.690981444
1785983364.410000086 -1.169270756 -0.028778110 1.304045813 0.006823500 -0.020390564 -0.723018444 0.690494022
1785983364.420000076 -1.169350151 -0.033925679 1.304810678 0.006973904 -0.020623554 -0.723328913 0.690160356
1785983364.430000067 -1.169487485 -0.039145392 1.305592178 0.007104515 -0.020700480 -0.723535980 0.689939636
1785983364.440000057 -1.169676865 -0.044411373 1.306413457 0.007274721 -0.020805313 -0.723763450 0.689696083
1785983364.450000048 -1.169864012 -0.049678903 1.307269604 0.007393764 -0.020981665 -0.723953376 0.689490110
1785983364.460000038 -1.170020446 -0.054932189 1.308152778 0.007534602 -0.021073998 -0.724171278 0.689256902
1785983364.470000029 -1.170142800 -0.060194975 1.309064393 0.007615567 -0.021226593 -0.724414359 0.688995842
1785983364.480000019 -1.170237587 -0.065482930 1.310004833 0.007635497 -0.021273269 -0.724559253 0.688841808
1785983364.490000010 -1.170306312 -0.070801319 1.310979439 0.007590660 -0.021262291 -0.724710824 0.688683177
1785983364.500000000 -1.170320264 -0.076143739 1.311995925 0.007542445 -0.021276690 -0.724939261 0.688442795
1785983364.509999990 -1.170268753 -0.081485197 1.313056350 0.007507793 -0.021316113 -0.725165260 0.688203896
1785983364.519999981 -1.170170950 -0.086824402 1.314164457 0.007498311 -0.021313133 -0.725294072 0.688068336
1785983364.529999971 -1.170076978 -0.092212125 1.315298502 0.007585485 -0.021316191 -0.725478295 0.687873044
1785983364.539999962 -1.170017690 -0.097695107 1.316438810 0.007584353 -0.021317201 -0.725616142 0.687727613
1785983364.549999952 -1.169975552 -0.103280212 1.317575868 0.007596791 -0.021212677 -0.725761914 0.687576872
1785983364.559999943 -1.169935492 -0.108971019 1.318707268 0.007524699 -0.021091723 -0.725997773 0.687332345
1785983364.569999933 -1.169901533 -0.114728737 1.319832561 0.007479448 -0.021012773 -0.726230604 0.687089246
1785983364.579999924 -1.169865426 -0.120516063 1.320949041 0.007550143 -0.020876996 -0.726439359 0.686871898
1785983364.589999914 -1.169810992 -0.126329795 1.322070360 0.007698126 -0.020753468 -0.726614662 0.686688551
1785983364.599999905 -1.169721742 -0.132169387 1.323206712 0.007706556 -0.020647276 -0.726895630 0.686394233
1785983364.609999895 -1.169596602 -0.138019069 1.324404262 0.007802324 -0.020595467 -0.727106954 0.686170844
1785983364.619999886 -1.169441325 -0.143865519 1.325659752 0.007872845 -0.020596309 -0.727465381 0.685790005
1785983364.630000114 -1.169272093 -0.149679394 1.326941779 0.007880229 -0.020533441 -0.727737494 0.685503041
1785983364.640000105 -1.169097657 -0.155429387 1.328268110 0.007895897 -0.020478908 -0.728119262 0.685098978
1785983364.650000095 -1.168919355 -0.161136955 1.329650335 0.007845672 -0.020370316 -0.728336435 0.684871910
1785983364.660000086 -1.168745876 -0.166864634 1.331066604 0.007705165 -0.020278943 -0.728607515 0.684587821
1785983364.670000076 -1.168619949 -0.172636726 1.332477262 0.007597403 -0.020174193 -0.729129204 0.684036464
1785983364.680000067 -1.168564383 -0.178435600 1.333923664 0.007483897 -0.020086678 -0.729403006 0.683748325
1785983364.690000057 -1.168522907 -0.184256538 1.335416454 0.007332590 -0.019954457 -0.729614451 0.683528204
1785983364.700000048 -1.168455627 -0.190157324 1.336898639 0.007126058 -0.019772696 -0.729891237 0.683240106
1785983364.710000038 -1.168377775 -0.196202185 1.338349937 0.006998843 -0.019624989 -0.730171044 0.682946647
1785983364.720000029 -1.168322624 -0.202379494 1.339778365 0.006904895 -0.019477695 -0.730473184 0.682628646
1785983364.730000019 -1.168294002 -0.208670241 1.341189352 0.006873840 -0.019349952 -0.730715623 0.682373071
1785983364.740000010 -1.168267038 -0.215057932 1.342585127 0.006684307 -0.019167027 -0.731069030 0.682001480
1785983364.750000000 -1.168237713 -0.221525473 1.343949942 0.006551967 -0.019035723 -0.731275859 0.681784666
1785983364.759999990 -1.168230508 -0.228042439 1.345281389 0.006450049 -0.018875360 -0.731573589 0.681470617
1785983364.769999981 -1.168250910 -0.234538461 1.346626447 0.006198318 -0.018743121 -0.731716988 0.681322629
1785983364.779999971 -1.168301946 -0.240951573 1.348019336 0.006069060 -0.018553512 -0.731883895 0.681149689
1785983364.789999962 -1.168418979 -0.247271008 1.349460333 0.005921517 -0.018286590 -0.732174575 0.680845744
1785983364.799999952 -1.168634841 -0.253496078 1.350932116 0.005799867 -0.018136081 -0.732442985 0.680562061
1785983364.809999943 -1.168970465 -0.259646142 1.352420566 0.005748766 -0.017832666 -0.732587072 0.680415410
1785983364.819999933 -1.169440385 -0.265762054 1.353900338 0.005732809 -0.017593056 -0.732755456 0.680240443
1785983364.829999924 -1.170012808 -0.271863205 1.355352001 0.005748389 -0.017369042 -0.732992199 0.679990962
1785983364.839999914 -1.170648200 -0.277940646 1.356784130 0.005706087 -0.017206974 -0.733123869 0.679853479
1785983364.849999905 -1.171342841 -0.284006999 1.358198784 0.005662335 -0.016994860 -0.733235397 0.679738895
1785983364.859999895 -1.172088649 -0.290056252 1.359607062 0.005588102 -0.016813416 -0.733324671 0.679647710
1785983364.869999886 -1.172833086 -0.296023539 1.361035596 0.005526463 -0.016611998 -0.733435824 0.679533216
1785983364.880000114 -1.173545965 -0.301869661 1.362498949 0.005423965 -0.016451873 -0.733518781 0.679448389
1785983364.890000105 -1.174275246 -0.307619681 1.363988365 0.005332870 -0.016317452 -0.733589666 0.679375819
1785983364.900000095 -1.175071925 -0.313295769 1.365481088 0.005206688 -0.016222140 -0.733691265 0.679269358
1785983364.910000086 -1.175972069 -0.318894192 1.366963683 0.005116570 -0.016106595 -0.733809194 0.679145393
1785983364.920000076 -1.177011003 -0.324430481 1.368431415 0.005029563 -0.016039436 -0.733923713 0.679023875
1785983364.930000067 -1.178194173 -0.329972198 1.369881256 0.004921958 -0.015962377 -0.734021592 0.678920672
1785983364.940000057 -1.179517038 -0.335581393 1.371301768 0.004845930 -0.015878623 -0.734204742 0.678725116
1785983364.950000048 -1.180982448 -0.341286412 1.372693876 0.004756286 -0.015845237 -0.734350914 0.678568376
1785983364.960000038 -1.182575854 -0.347109776 1.374084074 0.004717059 -0.015760717 -0.734496342 0.678413202
1785983364.970000029 -1.184233781 -0.353037311 1.375500351 0.004658597 -0.015680642 -0.734751397 0.678139218
1785983364.980000019 -1.185898167 -0.358994526 1.376959469 0.004591865 -0.015595101 -0.734922450 0.677956267
1785983364.990000010 -1.187562258 -0.364866784 1.378480942 0.004465388 -0.015581163 -0.735099235 0.677765743
1785983365.000000000 -1.189225949 -0.370590273 1.380072916 0.004448382 -0.015505231 -0.735270512 0.677581784
1785983365.009999990 -1.190894367 -0.376171870 1.381709924 0.004348083 -0.015386225 -0.735401612 0.677442859
1785983365.019999981 -1.192584225 -0.381633718 1.383356407 0.004333983 -0.015269882 -0.735533540 0.677302339
1785983365.029999971 -1.194345167 -0.387016099 1.384981684 0.004324072 -0.015122770 -0.735750647 0.677069856
1785983365.039999962 -1.196204019 -0.392372368 1.386563770 0.004291915 -0.014960576 -0.735898090 0.676913408
1785983365.049999952 -1.198140111 -0.397728083 1.388096946 0.004255958 -0.014821931 -0.736025773 0.676777850
1785983365.059999943 -1.200123186 -0.403074860 1.389590496 0.004253209 -0.014640063 -0.736185894 0.676607648
1785983365.069999933 -1.202129587 -0.408423836 1.391058667 0.004233967 -0.014406150 -0.736385924 0.676395082
1785983365.079999924 -1.204160589 -0.413802035 1.392506125 0.004117508 -0.014154175 -0.736812490 0.675936432
1785983365.089999914 -1.206196423 -0.419244826 1.393938283 0.003984449 -0.013962112 -0.736987994 0.675749865
1785983365.099999905 -1.208196512 -0.424747382 1.395376967 0.003922341 -0.013818618 -0.737145471 0.675581391
1785983365.109999895 -1.210127487 -0.430249288 1.396850881 0.003883586 -0.013642032 -0.737256974 0.675463520
1785983365.119999886 -1.211977223 -0.435689296 1.398375874 0.003776644 -0.013427149 -0.737222193 0.675506393
1785983365.130000114 -1.213758978 -0.441037862 1.399935544 0.003618470 -0.013180914 -0.737017665 0.675735253
1785983365.140000105 -1.215493467 -0.446310237 1.401514002 0.003375876 -0.012804961 -0.736547629 0.676256036
1785983365.150000095 -1.217203576 -0.451513392 1.403130637 0.002985540 -0.012319854 -0.735809978 0.677069409
1785983365.160000086 -1.218911427 -0.456624806 1.404817073 0.002606503 -0.011721245 -0.734869574 0.678102151
1785983365.170000076 -1.220620577 -0.461612208 1.406585834 0.002056197 -0.010949830 -0.733714380 0.679366677
1785983365.180000067 -1.222322668 -0.466463251 1.408445709 0.001451269 -0.010105035 -0.732311540 0.680893230
1785983365.190000057 -1.224008655 -0.471168975 1.410415428 0.000774240 -0.009164056 -0.730695117 0.682641975
1785983365.200000048 -1.225677312 -0.475732341 1.412488488 0.000006064 -0.008113430 -0.728879536 0.684593890
1785983365.210000038 -1.227357951 -0.480217612 1.414633261 -0.000793618 -0.006884723 -0.726952682 0.686652583
1785983365.220000029 -1.229085918 -0.484676915 1.416805855 -0.001690341 -0.005525426 -0.724751919 0.688985680
1785983365.230000019 -1.230848932 -0.489084372 1.418983034 -0.002656363 -0.004058906 -0.722139499 0.691730449
1785983365.240000010 -1.232607398 -0.493411009 1.421152887 -0.003616080 -0.002611085 -0.719202334 0.694786376
1785983365.250000000 -1.234316995 -0.497672744 1.423270421 -0.004570472 -0.001256413 -0.715986825 0.698097700
1785983365.259999990 -1.235938971 -0.501898231 1.425305687 -0.005458940 -0.000022199 -0.712521783 0.701628754
1785983365.269999981 -1.237456848 -0.506125066 1.427251363 -0.006389479 0.001042655 -0.708860930 0.705318559
1785983365.279999971 -1.238857246 -0.510363737 1.429107996 -0.007351072 0.001996827 -0.704897388 0.709268389
1785983365.289999962 -1.240095345 -0.514575780 1.430929880 -0.008412868 0.002756256 -0.700456038 0.713640642
1785983365.299999952 -1.241096481 -0.518716006 1.432773046 -0.009438037 0.003421026 -0.695822130 0.718143985
1785983365.309999943 -1.241847262 -0.522792870 1.434607151 -0.010446174 0.003863185 -0.690997049 0.722771770
1785983365.319999933 -1.242370692 -0.526861114 1.436295457 -0.011379278 0.004062045 -0.686025100 0.727477542
1785983365.329999924 -1.242682758 -0.531019356 1.437850726 -0.012161785 0.004047858 -0.680630377 0.732514843
1785983365.339999914 -1.242839725 -0.535368169 1.439334326 -0.013079974 0.003959783 -0.675273245 0.737441035
1785983365.349999905 -1.242901336 -0.539962217 1.440632858 -0.014070033 0.003877987 -0.669753228 0.742440306
1785983365.359999895 -1.242809538 -0.544830746 1.441724034 -0.014934266 0.003700314 -0.664126207 0.747462144
1785983365.369999886 -1.242520090 -0.550007522 1.442664709 -0.015873508 0.003422111 -0.658145446 0.752715678
1785983365.380000114 -1.242088350 -0.555474961 1.443472541 -0.016651446 0.003199105 -0.652079226 0.757961198
1785983365.390000105 -1.241540945 -0.561180741 1.444218017 -0.017377224 0.002912299 -0.645629731 0.763447314
1785983365.400000095 -1.240897699 -0.567127165 1.444649439 -0.017940250 0.002605078 -0.639106665 0.768904436
1785983365.410000086 -1.240141088 -0.573290623 1.444621759 -0.018503530 0.002360701 -0.632366973 0.774444354
1785983365.420000076 -1.239204164 -0.579604133 1.444460355 -0.018932569 0.002116047 -0.625556614 0.779946154
1785983365.430000067 -1.238054196 -0.585986788 1.444314448 -0.019569462 0.001864640 -0.618333483 0.785669945
1785983365.440000057 -1.236734762 -0.592374742 1.444157365 -0.020205688 0.001580376 -0.610889954 0.791456061
1785983365.450000048 -1.235341076 -0.598710832 1.443901463 -0.020744939 0.001213055 -0.603260809 0.797273210
1785983365.460000038 -1.233938812 -0.604952200 1.443507145 -0.021205041 0.000782342 -0.595434325 0.803123713
1785983365.470000029 -1.232533128 -0.611083853 1.443014667 -0.021599738 0.000345057 -0.587437683 0.808981026
1785983365.480000019 -1.231129256 -0.617118467 1.442437236 -0.022002946 -0.000045204 -0.579129139 0.814938837
1785983365.490000010 -1.229822170 -0.623130576 1.441796379 -0.022304367 -0.000378667 -0.570185474 0.821213065
1785983365.500000000 -1.228742340 -0.629150287 1.441125243 -0.022700026 -0.000683859 -0.561394877 0.827236383
1785983365.509999990 -1.227994339 -0.635076317 1.440269845 -0.023101885 -0.001034184 -0.552396716 0.833260525
1785983365.519999981 -1.227599643 -0.640836394 1.439242508 -0.023430152 -0.001353220 -0.543231448 0.839254902
1785983365.529999971 -1.227487464 -0.646452269 1.438127853 -0.023359001 -0.001822407 -0.533832203 0.845265766
1785983365.539999962 -1.227583523 -0.651979548 1.436904338 -0.023352793 -0.002176581 -0.524138326 0.851310122
1785983365.549999952 -1.227836281 -0.657458382 1.435631994 -0.023199382 -0.002560593 -0.514343539 0.857266561
1785983365.559999943 -1.228169701 -0.662862505 1.434303146 -0.023032431 -0.002868787 -0.504248645 0.863246535
1785983365.569999933 -1.228519929 -0.668178690 1.432936324 -0.022876857 -0.003149751 -0.493908757 0.869207034
1785983365.579999924 -1.228893016 -0.673437389 1.431546781 -0.022595460 -0.003453214 -0.483399445 0.875101421
1785983365.589999914 -1.229288073 -0.678653456 1.430121728 -0.022222562 -0.003716015 -0.472580512 0.880999437
1785983365.599999905 -1.229687982 -0.683802319 1.428638738 -0.021811693 -0.003964310 -0.461709343 0.886754203
1785983365.609999895 -1.230067390 -0.688826779 1.427082963 -0.021361796 -0.004227827 -0.450733190 0.892393070
1785983365.619999886 -1.230416738 -0.693670714 1.425449732 -0.020878954 -0.004471805 -0.439665589 0.897907702
1785983365.630000114 -1.230749422 -0.698368729 1.423747697 -0.020354137 -0.004678255 -0.428747356 0.903182998
1785983365.640000105 -1.231070649 -0.703028601 1.421854080 -0.019730897 -0.005000088 -0.418026842 0.908206612
1785983365.650000095 -1.231376214 -0.707736831 1.419699630 -0.018934429 -0.005527107 -0.407480530 0.913000852
1785983365.660000086 -1.231639832 -0.712576813 1.417409792 -0.018018954 -0.006133647 -0.397058784 0.917595781
1785983365.670000076 -1.231792256 -0.717594508 1.415046039 -0.016932981 -0.006859540 -0.386801412 0.921982043
1785983365.680000067 -1.231741465 -0.722794404 1.412615623 -0.015649057 -0.007593424 -0.376633372 0.926199088
1785983365.690000057 -1.231420759 -0.728180902 1.410064079 -0.014263983 -0.008185623 -0.366797249 0.930155531
1785983365.700000048 -1.230852670 -0.733725232 1.407373276 -0.012690236 -0.008714964 -0.356814310 0.934048476
1785983365.710000038 -1.230108646 -0.739434449 1.404625709 -0.011244945 -0.009156060 -0.347115307 0.937710340
1785983365.720000029 -1.229217497 -0.745338712 1.401871183 -0.009636085 -0.009423060 -0.337687495 0.941161786
1785983365.730000019 -1.228191453 -0.751390220 1.399115511 -0.008101907 -0.009554685 -0.328384421 0.944461084
1785983365.740000010 -1.227042986 -0.757516263 1.396348703 -0.006514476 -0.009555704 -0.319334009 0.947571655
1785983365.750000000 -1.225799987 -0.763656633 1.393564339 -0.005012662 -0.009367538 -0.310395562 0.950548114
1785983365.759999990 -1.224498658 -0.769792712 1.390766855 -0.003610539 -0.009063673 -0.301681436 0.953358865
1785983365.769999981 -1.223129316 -0.775987724 1.387971758 -0.002356152 -0.008643595 -0.293172672 0.956017532
1785983365.779999971 -1.221711062 -0.782269679 1.385180820 -0.001208757 -0.008084926 -0.284853555 0.958536189
1785983365.789999962 -1.220307351 -0.788578668 1.382378717 -0.000194583 -0.007351463 -0.276760022 0.960910926
1785983365.799999952 -1.218972972 -0.794839063 1.379564010 0.000654581 -0.006515949 -0.268892128 0.963148035
1785983365.809999943 -1.217743041 -0.800998252 1.376742278 0.001335871 -0.005552725 -0.261273497 0.965247918
1785983365.819999933 -1.216665135 -0.807025434 1.373936243 0.001834411 -0.004461791 -0.253816405 0.967240384
1785983365.829999924 -1.215788171 -0.812911635 1.371173930 0.002195955 -0.003260601 -0.246587074 0.969112667
1785983365.839999914 -1.215096492 -0.818695380 1.368481773 0.002365733 -0.001908560 -0.239620308 0.970861920
1785983365.849999905 -1.214608467 -0.824412293 1.365952193 0.002361838 -0.000542635 -0.232781953 0.972525933
1785983365.859999895 -1.214388995 -0.830051949 1.363596098 0.002174974 0.000885932 -0.226246258 0.974067305
1785983365.869999886 -1.214415735 -0.835567127 1.361351324 0.001682147 0.002271517 -0.219832790 0.975533472
1785983365.880000114 -1.214648173 -0.840896296 1.359192362 0.001016742 0.003647822 -0.213676763 0.976897078
1785983365.890000105 -1.215123377 -0.846014213 1.357126078 0.000174095 0.005023948 -0.207667481 0.978186560
1785983365.900000095 -1.215858888 -0.850954330 1.355130567 -0.000694543 0.006433198 -0.201834493 0.979398269
1785983365.910000086 -1.216789956 -0.855764420 1.353161149 -0.001663973 0.007872809 -0.196166439 0.980537597
1785983365.920000076 -1.217846845 -0.860467016 1.351254368 -0.002702106 0.009269135 -0.190599901 0.981620323
1785983365.930000067 -1.219007978 -0.865073722 1.349413974 -0.003853635 0.010612186 -0.185270135 0.982622770
1785983365.940000057 -1.220272784 -0.869591873 1.347600247 -0.005080317 0.011906811 -0.180118413 0.983559747
1785983365.950000048 -1.221637383 -0.874033078 1.345801515 -0.006374533 0.013210706 -0.175013650 0.984456736
1785983365.960000038 -1.223090458 -0.878418073 1.344018775 -0.007731910 0.014465266 -0.170148348 0.985281946
1785983365.970000029 -1.224641180 -0.882742466 1.342241475 -0.009117385 0.015690199 -0.165459682 0.986049585
1785983365.980000019 -1.226313669 -0.887016569 1.340459004 -0.010534424 0.016851886 -0.160909011 0.986769137
1785983365.990000010 -1.228054837 -0.891286896 1.338678142 -0.011900197 0.017891857 -0.156471804 0.987448652
1785983366.000000000 -1.229787547 -0.895573288 1.336941628 -0.013265441 0.018816114 -0.152166664 0.988086680
1785983366.009999990 -1.231482550 -0.899857412 1.335395712 -0.014562927 0.019671462 -0.148033347 0.988679464
1785983366.019999981 -1.233097325 -0.904106191 1.334442100 -0.015849691 0.020448708 -0.143991776 0.989240621
1785983366.029999971 -1.234546893 -0.908305605 1.334141731 -0.017112981 0.021266558 -0.140200017 0.989746854
1785983366.039999962 -1.235819687 -0.912455717 1.334311272 -0.018257352 0.022183926 -0.136533659 0.990218714
1785983366.049999952 -1.236990090 -0.916573804 1.334789163 -0.019263115 0.023127891 -0.132980932 0.990661448
1785983366.059999943 -1.238076719 -0.920698170 1.335355918 -0.020166166 0.024019262 -0.129575431 0.991073463
1785983366.069999933 -1.239056646 -0.924869014 1.336019295 -0.020961077 0.024795725 -0.126275881 0.991463669
1785983366.079999924 -1.239957233 -0.929110424 1.336765101 -0.021671708 0.025573299 -0.123081106 0.991830321
1785983366.089999914 -1.240799184 -0.933391050 1.337546241 -0.022304664 0.026419912 -0.119908185 0.992182704
1785983366.099999905 -1.241518390 -0.937688861 1.338359335 -0.022848041 0.027256953 -0.116824556 0.992515516
1785983366.109999895 -1.242115594 -0.941996138 1.339199174 -0.023268218 0.028002127 -0.113833770 0.992832485
1785983366.119999886 -1.242642813 -0.946281104 1.340053842 -0.023642957 0.028675464 -0.110954228 0.993130348
1785983366.130000114 -1.243084273 -0.950559261 1.340917930 -0.023874731 0.029311843 -0.108215584 0.993408375
1785983366.140000105 -1.243403920 -0.954860171 1.341796854 -0.024070071 0.029870835 -0.105495353 0.993679574
1785983366.150000095 -1.243566614 -0.959183818 1.342721012 -0.024242979 0.030328009 -0.102844802 0.993939353
1785983366.160000086 -1.243563084 -0.963508228 1.343717742 -0.024393466 0.030704415 -0.100286165 0.994185537
1785983366.170000076 -1.243417837 -0.967798343 1.344763895 -0.024479016 0.031063755 -0.097801818 0.994419743
1785983366.180000067 -1.243153276 -0.972027669 1.345820848 -0.024502382 0.031393713 -0.095375779 0.994644423
1785983366.190000057 -1.242771354 -0.976175038 1.346901912 -0.024486382 0.031682099 -0.093085462 0.994852632
1785983366.200000048 -1.242274247 -0.980216497 1.348026877 -0.024459233 0.031958483 -0.090754112 0.995059844
1785983366.210000038 -1.241683854 -0.984135365 1.349179452 -0.024433694 0.032248623 -0.088495180 0.995254552
1785983366.220000029 -1.241025604 -0.987930884 1.350326651 -0.024461718 0.032461541 -0.086174302 0.995450583
1785983366.230000019 -1.240332539 -0.991583426 1.351448004 -0.024566625 0.032696887 -0.083835996 0.995639955
1785983366.240000010 -1.239642683 -0.995093283 1.352531459 -0.024692635 0.032848339 -0.081663935 0.995812363
1785983366.250000000 -1.238952106 -0.998510143 1.353578455 -0.024842883 0.032947236 -0.079723964 0.995962550
1785983366.259999990 -1.238257907 -1.001866408 1.354606460 -0.025047213 0.033023762 -0.077823000 0.996105240
1785983366.269999981 -1.237601988 -1.005132036 1.355619900 -0.025134583 0.033045319 -0.075880360 0.996252192
1785983366.279999971 -1.237008325 -1.008307993 1.356619037 -0.025272867 0.033012634 -0.074099229 0.996383838
1785983366.289999962 -1.236469925 -1.011474945 1.357622856 -0.025612301 0.032932650 -0.072215976 0.996516083
1785983366.299999952 -1.235952441 -1.014701276 1.358647998 -0.025907957 0.032789352 -0.070429542 0.996641016
1785983366.309999943 -1.235435326 -1.018015815 1.359695709 -0.026235043 0.032680285 -0.068840453 0.996747066
1785983366.319999933 -1.234934668 -1.021412712 1.360756098 -0.026643290 0.032578442 -0.067280820 0.996846062
1785983366.329999924 -1.234482915 -1.024896109 1.361773285 -0.027059038 0.032459297 -0.065800146 0.996937582
1785983366.339999914 -1.234069133 -1.028488175 1.362695497 -0.027565469 0.032377920 -0.064442009 0.997015066
1785983366.349999905 -1.233602810 -1.032177374 1.363450203 -0.028104933 0.032357527 -0.063248794 0.997077075
1785983366.359999895 -1.233030641 -1.035920151 1.364019156 -0.028680117 0.032398925 -0.062099106 0.997131617
1785983366.369999886 -1.232401716 -1.039671787 1.364500438 -0.029290452 0.032588579 -0.060967845 0.997177505
1785983366.380000114 -1.231794319 -1.043382363 1.364951704 -0.029851745 0.032797370 -0.059875580 0.997220197
1785983366.390000105 -1.231257807 -1.047020218 1.365381803 -0.030405892 0.033103799 -0.058891860 0.997251909
1785983366.400000095 -1.230798511 -1.050596797 1.365796718 -0.030903683 0.033468665 -0.057935058 0.997280472
1785983366.410000086 -1.230389224 -1.054118245 1.366200328 -0.031354409 0.033806901 -0.056961762 0.997311061
1785983366.420000076 -1.230005138 -1.057558212 1.366589409 -0.031788237 0.034221153 -0.055955527 0.997340162
1785983366.430000067 -1.229631572 -1.060875732 1.366967594 -0.032256300 0.034710721 -0.055047496 0.997358747
1785983366.440000057 -1.229256637 -1.064070338 1.367337156 -0.032693327 0.035241396 -0.054238941 0.997370206
1785983366.450000048 -1.228879767 -1.067195882 1.367687448 -0.033040347 0.035791130 -0.053474218 0.997380488
1785983366.460000038 -1.228529333 -1.070266448 1.368023719 -0.033302300 0.036342524 -0.052701718 0.997392955
1785983366.470000029 -1.228268220 -1.073246614 1.368359304 -0.033441810 0.036950271 -0.052029839 0.997401233
1785983366.480000019 -1.228118113 -1.076151390 1.368703993 -0.033487418 0.037556597 -0.051397529 0.997409840
1785983366.490000010 -1.228008883 -1.079044331 1.369057482 -0.033507860 0.038104211 -0.050770965 0.997420474
1785983366.500000000 -1.227862794 -1.081973073 1.369413341 -0.033470016 0.038698684 -0.050142164 0.997430666
1785983366.509999990 -1.227646661 -1.084986192 1.369765497 -0.033397941 0.039226428 -0.049560355 0.997441545
1785983366.519999981 -1.227349428 -1.088054139 1.370099140 -0.033232963 0.039721710 -0.049010161 0.997454641
1785983366.529999971 -1.226981800 -1.091098615 1.370419337 -0.033021365 0.040191711 -0.048555361 0.997465084
1785983366.539999962 -1.226571887 -1.094125668 1.370737491 -0.032788367 0.040596013 -0.048155998 0.997475757
1785983366.549999952 -1.226140652 -1.097125517 1.371047685 -0.032572724 0.040882470 -0.047682378 0.997493876
1785983366.559999943 -1.225724494 -1.100058102 1.371351588 -0.032325225 0.041148436 -0.047294210 0.997509471
1785983366.569999933 -1.225378566 -1.102941295 1.371672186 -0.032022834 0.041382877 -0.046866253 0.997529724
1785983366.579999924 -1.225117658 -1.105829085 1.372018442 -0.031660956 0.041624235 -0.046453575 0.997550536
1785983366.589999914 -1.224887972 -1.108714216 1.372362236 -0.031284987 0.041833283 -0.046035010 0.997573057
1785983366.599999905 -1.224610299 -1.111563347 1.372674834 -0.030863920 0.042082573 -0.045543636 0.997598242
1785983366.609999895 -1.224225368 -1.114420791 1.372941517 -0.030515860 0.042309701 -0.045014961 0.997623338
1785983366.619999886 -1.223699764 -1.117332103 1.373158138 -0.030134331 0.042532720 -0.044551389 0.997646262
1785983366.630000114 -1.223029847 -1.120270446 1.373333920 -0.029719922 0.042768132 -0.044028045 0.997671862
1785983366.640000105 -1.222277448 -1.123194662 1.373486326 -0.029269284 0.042899026 -0.043496613 0.997702875
1785983366.650000095 -1.221576356 -1.126075716 1.373660504 -0.028807932 0.042992232 -0.042927834 0.997736925
1785983366.660000086 -1.220981612 -1.128911844 1.373865913 -0.028365985 0.043043838 -0.042385286 0.997770558
1785983366.670000076 -1.220402759 -1.131731672 1.374069251 -0.027927517 0.043133563 -0.041814257 0.997803146
1785983366.680000067 -1.219764955 -1.134539989 1.374250565 -0.027602061 0.043183461 -0.041326726 0.997830355
1785983366.690000057 -1.219066284 -1.137321161 1.374395738 -0.027328294 0.043289721 -0.040777935 0.997855864
1785983366.700000048 -1.218300008 -1.140060494 1.374501014 -0.027115127 0.043324777 -0.040219724 0.997882812
1785983366.710000038 -1.217447074 -1.142746187 1.374560479 -0.026823289 0.043338947 -0.039798106 0.997906988
1785983366.720000029 -1.216502848 -1.145365520 1.374562352 -0.026489944 0.043282498 -0.039325191 0.997937091
1785983366.730000019 -1.215462383 -1.147911307 1.374495224 -0.026131487 0.043252305 -0.038831615 0.997967178
1785983366.740000010 -1.214324276 -1.150367668 1.374372833 -0.025769666 0.043174024 -0.038404518 0.997996503
1785983366.750000000 -1.213106963 -1.152691840 1.374236034 -0.025496184 0.043186720 -0.037966220 0.998019748
1785983366.759999990 -1.211840508 -1.154847454 1.374116404 -0.025191857 0.043129947 -0.037515823 0.998046963
1785983366.769999981 -1.210564774 -1.156847038 1.374012185 -0.024943651 0.043086235 -0.037149745 0.998068779
1785983366.779999971 -1.209326136 -1.158718343 1.373902996 -0.024676041 0.043016609 -0.036752177 0.998093153
1785983366.789999962 -1.208161157 -1.160453984 1.373788217 -0.024387821 0.042975040 -0.036383644 0.998115530
1785983366.799999952 -1.207071918 -1.162052753 1.373670720 -0.024147811 0.042896014 -0.036025844 0.998137743
1785983366.809999943 -1.206029169 -1.163528902 1.373537799 -0.023934304 0.042881874 -0.035662589 0.998156538
1785983366.819999933 -1.204993913 -1.164893743 1.373371984 -0.023732967 0.042888471 -0.035312018 0.998173525
1785983366.829999924 -1.203933630 -1.166166143 1.373180417 -0.023613301 0.042884107 -0.034968845 0.998188632
1785983366.839999914 -1.202824063 -1.167368125 1.372978164 -0.023498056 0.042929873 -0.034681725 0.998199402
1785983366.849999905 -1.201653928 -1.168517153 1.372755952 -0.023419701 0.043038578 -0.034364669 0.998207527
1785983366.859999895 -1.200448788 -1.169627692 1.372513021 -0.023362690 0.043170513 -0.034085680 0.998212732
1785983366.869999886 -1.199282729 -1.170702507 1.372295002 -0.023297238 0.043363610 -0.033737106 0.998217734
1785983366.880000114 -1.198205978 -1.171741727 1.372132580 -0.023171333 0.043602656 -0.033323245 0.998224153
1785983366.890000105 -1.197189924 -1.172767547 1.371988301 -0.023040912 0.043909504 -0.032905621 0.998227575
1785983366.900000095 -1.196194380 -1.173808034 1.371822290 -0.022922306 0.044257972 -0.032477935 0.998228923
1785983366.910000086 -1.195204362 -1.174869324 1.371635520 -0.022747494 0.044641438 -0.032012107 0.998230894
1785983366.920000076 -1.194210812 -1.175944196 1.371440440 -0.022513128 0.045061334 -0.031527097 0.998232777
1785983366.930000067 -1.193220215 -1.177043099 1.371253088 -0.022196277 0.045518286 -0.031043979 0.998234282
1785983366.940000057 -1.192248856 -1.178150424 1.371093719 -0.021896472 0.045907734 -0.030542448 0.998238540
1785983366.950000048 -1.191312105 -1.179238960 1.370971747 -0.021607494 0.046308519 -0.029904834 0.998245630
1785983366.960000038 -1.190404475 -1.180320643 1.370885850 -0.021299333 0.046765192 -0.029436127 0.998244895
1785983366.970000029 -1.189464826 -1.181436877 1.370811509 -0.021065702 0.047370684 -0.028900195 0.998236962
1785983366.980000019 -1.188448158 -1.182626416 1.370720236 -0.020813544 0.047995389 -0.028376413 0.998227438
1785983366.990000010 -1.187389411 -1.183854626 1.370610113 -0.020523122 0.048655329 -0.027856820 0.998216138
1785983367.000000000 -1.186318773 -1.185060803 1.370482928 -0.020327182 0.049275144 -0.027370212 0.998203204
1785983367.009999990 -1.185219244 -1.186221038 1.370333283 -0.020174391 0.049825391 -0.026974203 0.998189770
1785983367.019999981 -1.184075129 -1.187340250 1.370163213 -0.020125539 0.050359906 -0.026539461 0.998175586
1785983367.029999971 -1.182879029 -1.188450457 1.369972584 -0.020154117 0.050914284 -0.026088844 0.998158765
1785983367.039999962 -1.181653322 -1.189544297 1.369768226 -0.020239721 0.051511909 -0.025683742 0.998136876
1785983367.049999952 -1.180477605 -1.190537797 1.369568635 -0.020378412 0.052148503 -0.025287695 0.998111109
1785983367.059999943 -1.179381845 -1.191361137 1.369386504 -0.020577881 0.052689414 -0.024952759 0.998087038
1785983367.069999933 -1.178273016 -1.192030131 1.369220830 -0.020807154 0.053084631 -0.024673355 0.998068289
1785983367.079999924 -1.177068489 -1.192583505 1.369058833 -0.021074478 0.053456415 -0.024355291 0.998050649
1785983367.089999914 -1.175753661 -1.193057328 1.368888645 -0.021292200 0.053764770 -0.024095670 0.998035766
1785983367.099999905 -1.174325827 -1.193500095 1.368703342 -0.021586809 0.054070977 -0.023848903 0.998018822
1785983367.109999895 -1.172767439 -1.193942906 1.368497922 -0.021861459 0.054347594 -0.023626332 0.998003112
1785983367.119999886 -1.171062447 -1.194393935 1.368269811 -0.022105841 0.054604491 -0.023437612 0.997988156
1785983367.130000114 -1.169238879 -1.194851352 1.368017157 -0.022269885 0.054814030 -0.023303454 0.997976164
1785983367.140000105 -1.167353643 -1.195338033 1.367741418 -0.022335916 0.054994247 -0.023193368 0.997967338
1785983367.150000095 -1.165414847 -1.195874590 1.367434706 -0.022392705 0.055192237 -0.023115734 0.997956936
1785983367.160000086 -1.163396426 -1.196450198 1.367091234 -0.022480375 0.055341758 -0.023019618 0.997948906
1785983367.170000076 -1.161298309 -1.197053535 1.366727425 -0.022538515 0.055406206 -0.022922116 0.997946263
1785983367.180000067 -1.159106667 -1.197725589 1.366352023 -0.022572385 0.055441138 -0.022894197 0.997944199
1785983367.190000057 -1.156757979 -1.198524844 1.365954842 -0.022563381 0.055484733 -0.022915628 0.997941487
1785983367.200000048 -1.154234158 -1.199416137 1.365531817 -0.022527496 0.055445045 -0.022929391 0.997944188
1785983367.210000038 -1.151603033 -1.200324966 1.365094786 -0.022478855 0.055379295 -0.023065313 0.997945803
1785983367.220000029 -1.148936983 -1.201247079 1.364663453 -0.022424084 0.055253304 -0.023203454 0.997950817
1785983367.230000019 -1.146260542 -1.202191723 1.364238802 -0.022408070 0.055077980 -0.023318625 0.997958184
1785983367.240000010 -1.143546969 -1.203161625 1.363812376 -0.022385548 0.054823124 -0.023516046 0.997968090
1785983367.250000000 -1.140768073 -1.204239714 1.363377345 -0.022307609 0.054494099 -0.023767214 0.997981905
1785983367.259999990 -1.137930970 -1.205502080 1.362942224 -0.022147234 0.054232088 -0.024021792 0.997993654
1785983367.269999981 -1.135061722 -1.206919903 1.362503199 -0.022166843 0.053974026 -0.024277857 0.998001013
1785983367.279999971 -1.132184581 -1.208410497 1.362040284 -0.022229198 0.053708678 -0.024507990 0.998008316
1785983367.289999962 -1.129327756 -1.209937920 1.361563902 -0.022352560 0.053462117 -0.024700713 0.998014048
1785983367.299999952 -1.126511769 -1.211502875 1.361078695 -0.022510942 0.053167978 -0.024938922 0.998020277
1785983367.309999943 -1.123737670 -1.213089248 1.360561887 -0.022720015 0.052830700 -0.025134594 0.998028542
1785983367.319999933 -1.120996178 -1.214701761 1.360002144 -0.022970384 0.052495514 -0.025350792 0.998035029
1785983367.329999924 -1.118305870 -1.216340159 1.359422269 -0.023279951 0.052207327 -0.025606821 0.998036437
1785983367.339999914 -1.115669737 -1.217998669 1.358838126 -0.023619861 0.051920925 -0.025874730 0.998036481
1785983367.349999905 -1.113048162 -1.219713819 1.358232229 -0.023965592 0.051570112 -0.026118180 0.998040087
1785983367.359999895 -1.110409449 -1.221513102 1.357585229 -0.024321081 0.051187809 -0.026367705 0.998044607
1785983367.369999886 -1.107748551 -1.223375265 1.356901922 -0.024694292 0.050763029 -0.026634435 0.998050056
1785983367.380000114 -1.105077477 -1.225274200 1.356198238 -0.025073702 0.050336186 -0.026883045 0.998055549
1785983367.390000105 -1.102412983 -1.227189001 1.355486847 -0.025467542 0.049961788 -0.027171698 0.998056573
1785983367.400000095 -1.099768318 -1.229092023 1.354761202 -0.025833086 0.049592945 -0.027433064 0.998058424
1785983367.410000086 -1.097096171 -1.230989373 1.354000048 -0.026235635 0.049152836 -0.027708916 0.998062075
1785983367.420000076 -1.094340087 -1.232890763 1.353186524 -0.026665735 0.048729039 -0.027963437 0.998064359
1785983367.430000067 -1.091518254 -1.234757030 1.352327022 -0.027126769 0.048305540 -0.028229053 0.998065045
1785983367.440000057 -1.088649700 -1.236557504 1.351438405 -0.027624479 0.047923127 -0.028529671 0.998061281
1785983367.450000048 -1.085704336 -1.238306096 1.350522425 -0.028039006 0.047584837 -0.028825309 0.998057413
1785983367.460000038 -1.082631976 -1.240012646 1.349571423 -0.028459885 0.047303106 -0.029109434 0.998050646
1785983367.470000029 -1.079402563 -1.241680114 1.348569495 -0.028832004 0.047028788 -0.029403692 0.998044303
1785983367.480000019 -1.076026011 -1.243306581 1.347518469 -0.029249279 0.046736003 -0.029624268 0.998039392
1785983367.490000010 -1.072545645 -1.244857967 1.346450920 -0.029730009 0.046436630 -0.029833142 0.998032940
1785983367.500000000 -1.069015164 -1.246305162 1.345403481 -0.030241418 0.046144439 -0.030079847 0.998023722
1785983367.509999990 -1.065471108 -1.247632765 1.344399501 -0.030722101 0.045910768 -0.030361603 0.998011286
1785983367.519999981 -1.061916310 -1.248836431 1.343443654 -0.031178027 0.045691703 -0.030613580 0.997999503
1785983367.529999971 -1.058292615 -1.249956913 1.342504164 -0.031553270 0.045518057 -0.030891549 0.997987079
1785983367.539999962 -1.054560693 -1.251048131 1.341539481 -0.031903927 0.045403183 -0.031125718 0.997973887
1785983367.549999952 -1.050730003 -1.252118774 1.340537085 -0.032226295 0.045325316 -0.031338439 0.997960412
1785983367.559999943 -1.046815356 -1.253154994 1.339495064 -0.032574907 0.045250969 -0.031557991 0.997945549
1785983367.569999933 -1.042820155 -1.254126289 1.338415143 -0.032908413 0.045175068 -0.031781423 0.997930955
1785983367.579999924 -1.038735361 -1.254990239 1.337328656 -0.033205893 0.045155303 -0.032065104 0.997912920
1785983367.589999914 -1.034564260 -1.255706870 1.336317595 -0.033428576 0.045155560 -0.032394819 0.997894825
1785983367.599999905 -1.030299229 -1.256250071 1.335646080 -0.033659305 0.045238575 -0.032706956 0.997873127
1785983367.609999895 -1.025952274 -1.256635472 1.335425568 -0.033878091 0.045423554 -0.033010717 0.997847317
1785983367.619999886 -1.021558890 -1.256901596 1.335483668 -0.034096131 0.045706426 -0.033299701 0.997817371
1785983367.630000114 -1.017139554 -1.257051836 1.335760300 -0.034238463 0.046038590 -0.033680122 0.997784458
1785983367.640000105 -1.012689510 -1.257051833 1.336405922 -0.034309844 0.046365807 -0.033997106 0.997756104
1785983367.650000095 -1.008174020 -1.256875939 1.337628780 -0.034322241 0.046638453 -0.034374831 0.997730028
1785983367.660000086 -1.003555789 -1.256505575 1.339603089 -0.034303106 0.046870254 -0.034760808 0.997706451
1785983367.670000076 -0.998826675 -1.255931918 1.342346672 -0.034229290 0.047057162 -0.035133717 0.997687126
1785983367.680000067 -0.993986491 -1.255192961 1.345515108 -0.034015031 0.047260849 -0.035496305 0.997671991
1785983367.690000057 -0.989026531 -1.254361361 1.348781536 -0.033678378 0.047516892 -0.035834174 0.997659172
1785983367.700000048 -0.983944044 -1.253473649 1.352081184 -0.033218239 0.047802710 -0.036188689 0.997648149
1785983367.710000038 -0.978767758 -1.252520204 1.355426531 -0.032646789 0.048073450 -0.036531896 0.997641494
1785983367.720000029 -0.973538515 -1.251490733 1.358837083 -0.032011016 0.048351355 -0.036867611 0.997636317
1785983367.730000019 -0.968273568 -1.250411512 1.362286905 -0.031400705 0.048622110 -0.037155770 0.997631863
1785983367.740000010 -0.962959721 -1.249336299 1.365739724 -0.030814543 0.048844225 -0.037398796 0.997630210
1785983367.750000000 -0.957557492 -1.248327935 1.369201031 -0.030228641 0.049031409 -0.037701238 0.997627569
1785983367.759999990 -0.952076962 -1.247457957 1.372695043 -0.029585396 0.049189197 -0.037999524 0.997627768
1785983367.769999981 -0.946615792 -1.246751145 1.376252600 -0.028936050 0.049313452 -0.038230141 0.997631868
1785983367.779999971 -0.941247671 -1.246192141 1.379884483 -0.028203825 0.049460107 -0.038591189 0.997631677
1785983367.789999962 -0.936003054 -1.245799348 1.383553996 -0.027699634 0.049613344 -0.038842930 0.997628424
1785983367.799999952 -0.930893022 -1.245577835 1.387259244 -0.027383887 0.049667566 -0.039171715 0.997621588
1785983367.809999943 -0.925883230 -1.245474736 1.391019534 -0.026983816 0.049665143 -0.039448132 0.997621718
1785983367.819999933 -0.920949440 -1.245444519 1.394774830 -0.026655929 0.049709479 -0.039672004 0.997619447
1785983367.829999924 -0.916148227 -1.245447119 1.398069333 -0.026351194 0.049707077 -0.039831916 0.997621291
1785983367.839999914 -0.911496200 -1.245482586 1.400758037 -0.026061194 0.049703883 -0.039986136 0.997622898
1785983367.849999905 -0.906906260 -1.245589649 1.403133637 -0.025746366 0.049652805 -0.040098163 0.997629120
1785983367.859999895 -0.902318909 -1.245824078 1.405319572 -0.025454261 0.049553026 -0.040333423 0.997632093
1785983367.869999886 -0.897767280 -1.246166285 1.407125384 -0.025223739 0.049387351 -0.040485922 0.997639986
1785983367.880000114 -0.893300811 -1.246598615 1.408530930 -0.025004527 0.049177357 -0.040666887 0.997648518
1785983367.890000105 -0.888893145 -1.247167820 1.409833008 -0.024834969 0.048978893 -0.040799051 0.997657120
1785983367.900000095 -0.884515738 -1.247804082 1.411030189 -0.024672202 0.048752103 -0.040939568 0.997666511
1785983367.910000086 -0.880175952 -1.248441431 1.412097856 -0.024522542 0.048550197 -0.041052191 0.997675419
1785983367.920000076 -0.875884201 -1.249083388 1.413101754 -0.024388652 0.048395275 -0.041184075 0.997680792
1785983367.930000067 -0.871660899 -1.249768683 1.414142570 -0.024278717 0.048336781 -0.041280926 0.997682306
1785983367.940000057 -0.867515380 -1.250534260 1.415215367 -0.024125929 0.048278400 -0.041313794 0.997687479
1785983367.950000048 -0.863388221 -1.251371727 1.416268636 -0.023936768 0.048136844 -0.041353828 0.997697217
1785983367.960000038 -0.859229312 -1.252259837 1.417293546 -0.023755143 0.047985353 -0.041353070 0.997708887
1785983367.970000029 -0.855066072 -1.253144587 1.418303904 -0.023653666 0.047890315 -0.041327332 0.997716931
1785983367.980000019 -0.850914800 -1.253981519 1.419323426 -0.023563938 0.047804304 -0.041222850 0.997727501
1785983367.990000010 -0.846732438 -1.254788402 1.420345470 -0.023480753 0.047763686 -0.041125503 0.997735425
1785983368.000000000 -0.842473653 -1.255600126 1.421352948 -0.023408840 0.047721366 -0.041035454 0.997742847
1785983368.009999990 -0.838114590 -1.256420983 1.422338810 -0.023429446 0.047759134 -0.040927416 0.997744994
1785983368.019999981 -0.833643495 -1.257225040 1.423301046 -0.023434306 0.047845249 -0.040809522 0.997745583
1785983368.029999971 -0.829078639 -1.257977224 1.424239770 -0.023496207 0.047999654 -0.040705296 0.997740969
1785983368.039999962 -0.824429529 -1.258669898 1.425134705 -0.023545236 0.048172338 -0.040633597 0.997734413
1785983368.049999952 -0.819666803 -1.259325483 1.425930658 -0.023599524 0.048381818 -0.040574982 0.997725380
1785983368.059999943 -0.814789557 -1.259962084 1.426528341 -0.023650382 0.048566914 -0.040544408 0.997716425
1785983368.069999933 -0.809835616 -1.260590589 1.426888583 -0.023703529 0.048773080 -0.040549076 0.997704917
1785983368.079999924 -0.804823868 -1.261228786 1.427008387 -0.023760838 0.048904704 -0.040605679 0.997694809
1785983368.089999914 -0.799760154 -1.261879131 1.426919223 -0.023827534 0.048967118 -0.040777057 0.997683167
1785983368.099999905 -0.794707675 -1.262514650 1.426727951 -0.023945461 0.048954724 -0.040872790 0.997677034
1785983368.109999895 -0.789723368 -1.263099207 1.426479268 -0.023931258 0.048940873 -0.041022160 0.997671924
1785983368.119999886 -0.784818807 -1.263616854 1.426185032 -0.023742965 0.048867523 -0.041264287 0.997670033
1785983368.130000114 -0.779979198 -1.264054642 1.425860825 -0.023596616 0.048816913 -0.041392965 0.997670653
1785983368.140000105 -0.775172114 -1.264397957 1.425496476 -0.023363289 0.048672566 -0.041492940 0.997679044
1785983368.150000095 -0.770406470 -1.264658428 1.425069835 -0.023028175 0.048484192 -0.041746283 0.997685438
1785983368.160000086 -0.765673049 -1.264843929 1.424564614 -0.022664125 0.048344720 -0.041897974 0.997694184
1785983368.170000076 -0.760931780 -1.264940241 1.424003723 -0.022253795 0.048285693 -0.042021244 0.997701095
1785983368.180000067 -0.756157913 -1.264952548 1.423388824 -0.021798976 0.048149632 -0.042157246 0.997711975
1785983368.190000057 -0.751332192 -1.264920945 1.422677971 -0.021309381 0.047969019 -0.042402007 0.997720879
1785983368.200000048 -0.746427495 -1.264867353 1.421853748 -0.020786349 0.047790500 -0.042526615 0.997735177
1785983368.210000038 -0.741459797 -1.264777772 1.420926121 -0.020192210 0.047576534 -0.042604961 0.997754261
1785983368.220000029 -0.736450342 -1.264639881 1.419922301 -0.019534907 0.047315841 -0.042705952 0.997775426
1785983368.230000019 -0.731400042 -1.264464832 1.418859704 -0.018915288 0.047110455 -0.042764743 0.997794565
1785983368.240000010 -0.726307503 -1.264259351 1.417748527 -0.018276241 0.046860967 -0.042898299 0.997812490
1785983368.250000000 -0.721148002 -1.264026800 1.416599284 -0.017671497 0.046599069 -0.043066805 0.997828390
1785983368.259999990 -0.715925117 -1.263775356 1.415427721 -0.017057258 0.046324789 -0.043169911 0.997847395
1785983368.269999981 -0.710692414 -1.263504395 1.414253170 -0.016450803 0.046054431 -0.043342424 0.997862613
1785983368.279999971 -0.705474513 -1.263219861 1.413091101 -0.015916519 0.045883947 -0.043467758 0.997873680
1785983368.289999962 -0.700241218 -1.262925601 1.411941141 -0.015476142 0.045741783 -0.043594228 0.997881617
1785983368.299999952 -0.694989338 -1.262622168 1.410795964 -0.015064975 0.045686724 -0.043772220 0.997882640
1785983368.309999943 -0.689735177 -1.262308587 1.409667195 -0.014597481 0.045574345 -0.044014219 0.997884082
1785983368.319999933 -0.684483547 -1.261977969 1.408566686 -0.014045723 0.045379911 -0.044251408 0.997890372
1785983368.329999924 -0.679244256 -1.261620060 1.407504303 -0.013621792 0.045172675 -0.044417659 0.997898265
1785983368.339999914 -0.674026277 -1.261250394 1.406481245 -0.013304353 0.044914211 -0.044619339 0.997905217
1785983368.349999905 -0.668820228 -1.260891557 1.405474774 -0.013001261 0.044626845 -0.044905410 0.997909272
1785983368.359999895 -0.663587779 -1.260548890 1.404466845 -0.012726841 0.044310077 -0.045235428 0.997912021
1785983368.369999886 -0.658268800 -1.260225399 1.403445839 -0.012557267 0.043978240 -0.045414677 0.997920707
1785983368.380000114 -0.652847006 -1.259909532 1.402407686 -0.012426344 0.043697840 -0.045537679 0.997929058
1785983368.390000105 -0.647355464 -1.259590067 1.401365881 -0.012332567 0.043361632 -0.045920684 0.997927336
1785983368.400000095 -0.641819564 -1.259256850 1.400336993 -0.012223021 0.043100656 -0.046007233 0.997936003
1785983368.410000086 -0.636252202 -1.258937911 1.399329635 -0.012130527 0.042915644 -0.046107786 0.997940464
1785983368.420000076 -0.630653458 -1.258657585 1.398357405 -0.012114164 0.042774076 -0.046150604 0.997944762
1785983368.430000067 -0.625038310 -1.258359943 1.397442206 -0.012107836 0.042669364 -0.046183662 0.997947792
1785983368.440000057 -0.619420040 -1.258005670 1.396586630 -0.012159990 0.042599475 -0.046174125 0.997950585
1785983368.450000048 -0.613782331 -1.257618085 1.395771613 -0.012275252 0.042484537 -0.046137615 0.997955762
1785983368.460000038 -0.608114409 -1.257212814 1.394974117 -0.012464605 0.042360138 -0.046085432 0.997961114
1785983368.470000029 -0.602404007 -1.256772230 1.394223863 -0.012732520 0.042240373 -0.046038893 0.997964956
1785983368.480000019 -0.596654161 -1.256270424 1.393561248 -0.013048621 0.042113954 -0.046006102 0.997967728
1785983368.490000010 -0.590896130 -1.255685195 1.392980859 -0.013373107 0.041980985 -0.045963114 0.997971016
1785983368.500000000 -0.585162913 -1.255007760 1.392450924 -0.013739305 0.041918599 -0.045916607 0.997970805
1785983368.509999990 -0.579465539 -1.254271621 1.391944023 -0.014073101 0.041883287 -0.045948519 0.997966168
1785983368.519999981 -0.573788212 -1.253522078 1.391462408 -0.014450457 0.041867328 -0.045973831 0.997960279
1785983368.529999971 -0.568102449 -1.252768845 1.391002657 -0.014820367 0.041860456 -0.045987819 0.997954498
1785983368.539999962 -0.562379854 -1.252011310 1.390534916 -0.015187348 0.041865790 -0.046029024 0.997946857
1785983368.549999952 -0.556592613 -1.251263947 1.390014389 -0.015454026 0.041857347 -0.046107049 0.997939515
1785983368.559999943 -0.550725660 -1.250545734 1.389428054 -0.015755082 0.041865385 -0.046281678 0.997926387
1785983368.569999933 -0.544798275 -1.249870136 1.388807962 -0.016019332 0.041812828 -0.046385888 0.997919545
1785983368.579999924 -0.538824698 -1.249256297 1.388173141 -0.016329610 0.041694727 -0.046503382 0.997913989
1785983368.589999914 -0.532778083 -1.248766819 1.387497762 -0.016564907 0.041683153 -0.046650334 0.997903735
1785983368.599999905 -0.526604400 -1.248387479 1.386750754 -0.016790968 0.041636921 -0.046723232 0.997898477
1785983368.609999895 -0.520267901 -1.248038070 1.385926321 -0.017026022 0.041574611 -0.046896940 0.997888943
1785983368.619999886 -0.513765974 -1.247707157 1.385014297 -0.017233626 0.041484480 -0.046985590 0.997884960
1785983368.630000114 -0.507124565 -1.247461288 1.384025200 -0.017473972 0.041384625 -0.047085071 0.997880238
1785983368.640000105 -0.500367728 -1.247370329 1.382986490 -0.017672765 0.041267179 -0.047178165 0.997877204
1785983368.650000095 -0.493501782 -1.247520779 1.381918079 -0.017800830 0.041140271 -0.047313118 0.997873778
1785983368.660000086 -0.486537724 -1.247970475 1.380831556 -0.017940062 0.041099983 -0.047387695 0.997869406
1785983368.670000076 -0.479545765 -1.248688731 1.379741151 -0.018110570 0.040995277 -0.047429530 0.997868646
1785983368.680000067 -0.472599822 -1.249618464 1.378674297 -0.018248125 0.040863273 -0.047496852 0.997868352
1785983368.690000057 -0.465733601 -1.250646373 1.377648037 -0.018366584 0.040817173 -0.047567060 0.997864721
1785983368.700000048 -0.459002824 -1.251747941 1.376695070 -0.018456521 0.040691490 -0.047641997 0.997864620
1785983368.710000038 -0.452451085 -1.252959382 1.375831698 -0.018519865 0.040594449 -0.047792430 0.997860205
1785983368.720000029 -0.446070720 -1.254218185 1.375050766 -0.018521646 0.040458652 -0.047933202 0.997858935
1785983368.730000019 -0.439793059 -1.255482141 1.374320180 -0.018519548 0.040394390 -0.048024790 0.997857174
1785983368.740000010 -0.433557756 -1.256759199 1.373592860 -0.018455656 0.040276579 -0.048210326 0.997854173
1785983368.750000000 -0.427359595 -1.258053369 1.372848736 -0.018413253 0.040162832 -0.048396109 0.997850548
1785983368.759999990 -0.421226214 -1.259338184 1.372079465 -0.018353778 0.040021221 -0.048534758 0.997850599
1785983368.769999981 -0.415180542 -1.260552494 1.371290929 -0.018260449 0.039937339 -0.048702625 0.997847493
1785983368.779999971 -0.409193490 -1.261695234 1.370490108 -0.018100661 0.039913584 -0.048799206 0.997846636
1785983368.789999962 -0.403213068 -1.262835069 1.369666126 -0.017877082 0.039936867 -0.048970278 0.997841354
1785983368.799999952 -0.397226752 -1.264024997 1.368813207 -0.017625081 0.039999319 -0.049128720 0.997835548
1785983368.809999943 -0.391264056 -1.265282625 1.367946378 -0.017366352 0.040066900 -0.049303478 0.997828753
1785983368.819999933 -0.385366243 -1.266619086 1.367070800 -0.017133998 0.040096027 -0.049431050 0.997825288
1785983368.829999924 -0.379496524 -1.268005007 1.366181495 -0.016937920 0.040168398 -0.049623019 0.997816197
1785983368.839999914 -0.373570267 -1.269378020 1.365278262 -0.016862789 0.040348734 -0.049832317 0.997799763
1785983368.849999905 -0.367566422 -1.270681205 1.364361649 -0.016779820 0.040540409 -0.049951998 0.997787408
1785983368.859999895 -0.361477545 -1.271862656 1.363439407 -0.016653251 0.040709248 -0.050092911 0.997775589
1785983368.869999886 -0.355294133 -1.272901556 1.362523944 -0.016648618 0.040850928 -0.050377351 0.997755555
1785983368.880000114 -0.349017180 -1.273822655 1.361650761 -0.016694032 0.040894595 -0.050844505 0.997729311
1785983368.890000105 -0.342676070 -1.274691028 1.360818328 -0.016756675 0.040814808 -0.051297872 0.997708321
1785983368.900000095 -0.336304203 -1.275555926 1.360007343 -0.016810513 0.040770403 -0.051606506 0.997693314
1785983368.910000086 -0.329902239 -1.276423885 1.359226673 -0.016949134 0.040618233 -0.051872204 0.997683397
1785983368.920000076 -0.323471907 -1.277284187 1.358480561 -0.017113725 0.040537805 -0.052192974 0.997667129
1785983368.930000067 -0.316998186 -1.278141354 1.357755140 -0.017386071 0.040346450 -0.052448336 0.997656785
1785983368.940000057 -0.310456526 -1.279007939 1.357018121 -0.017787515 0.040167224 -0.052774380 0.997639746
1785983368.950000048 -0.303816801 -1.279871609 1.356278981 -0.018169358 0.040008224 -0.053039578 0.997625190
1785983368.960000038 -0.296987007 -1.280697576 1.356185918 -0.018617154 0.039859960 -0.053342684 0.997606708
1785983368.970000029 -0.289919341 -1.281478657 1.356776568 -0.019078894 0.039712581 -0.053755705 0.997581691
1785983368.980000019 -0.282658412 -1.282234904 1.357426675 -0.019547402 0.039591922 -0.054077654 0.997560016
1785983368.990000010 -0.275280061 -1.282965026 1.358117369 -0.020024238 0.039376328 -0.054382168 0.997542538
1785983369.000000000 -0.267895794 -1.283657800 1.358869539 -0.020539059 0.039159122 -0.054653848 0.997525773
1785983369.009999990 -0.260589715 -1.284319966 1.359703581 -0.020980476 0.038923432 -0.054871317 0.997513872
1785983369.019999981 -0.253406142 -1.284964791 1.360642731 -0.021354507 0.038719173 -0.055107199 0.997500881
1785983369.029999971 -0.246345367 -1.285582652 1.361649580 -0.021797121 0.038516599 -0.055308373 0.997488015
1785983369.039999962 -0.239355137 -1.286155111 1.362666699 -0.022224226 0.038292870 -0.055451560 0.997479255
1785983369.049999952 -0.232381308 -1.286704627 1.363672330 -0.022595815 0.038073293 -0.055639966 0.997468820
1785983369.059999943 -0.225420765 -1.287276436 1.364650149 -0.022940024 0.037838085 -0.055924500 0.997454001
1785983369.069999933 -0.218534727 -1.287854411 1.365515893 -0.023309224 0.037635942 -0.056159578 0.997439882
1785983369.079999924 -0.211746150 -1.288408421 1.366290962 -0.023619559 0.037375002 -0.056568969 0.997419259
1785983369.089999914 -0.204994136 -1.288940434 1.367053927 -0.023862920 0.037118722 -0.056806963 0.997409510
1785983369.099999905 -0.198240013 -1.289445437 1.367781586 -0.024087069 0.036812736 -0.057057354 0.997401170
1785983369.109999895 -0.191507792 -1.289916979 1.368487476 -0.024384016 0.036512383 -0.057367880 0.997387183
1785983369.119999886 -0.184828137 -1.290352269 1.369196552 -0.024652388 0.036331142 -0.057731339 0.997366232
1785983369.130000114 -0.178171193 -1.290764798 1.369891152 -0.024801866 0.036141047 -0.058076043 0.997349420
1785983369.140000105 -0.171474668 -1.291163653 1.370610754 -0.025010686 0.035946742 -0.058308509 0.997337664
1785983369.150000095 -0.164678639 -1.291508429 1.371944014 -0.025215708 0.035772923 -0.058578916 0.997322905
1785983369.160000086 -0.157767510 -1.291792617 1.373919399 -0.025490281 0.035670373 -0.059002371 0.997294636
1785983369.170000076 -0.150795094 -1.292043410 1.375999039 -0.025788752 0.035499960 -0.059208885 0.997280803
1785983369.180000067 -0.143764797 -1.292276568 1.378128342 -0.026126185 0.035420866 -0.059468101 0.997259409
1785983369.190000057 -0.136623705 -1.292514160 1.380359207 -0.026402720 0.035365056 -0.059705168 0.997239942
1785983369.200000048 -0.129345518 -1.292769118 1.383170245 -0.026629347 0.035314783 -0.059960200 0.997220396
1785983369.210000038 -0.121997392 -1.293030903 1.386659265 -0.026847732 0.035245352 -0.060176383 0.997203975
1785983369.220000029 -0.114680370 -1.293256872 1.390805778 -0.027057090 0.035140872 -0.060399771 0.997188498
1785983369.230000019 -0.107352976 -1.293403536 1.396336971 -0.027300187 0.035105855 -0.060705426 0.997164545
1785983369.240000010 -0.100008168 -1.293528842 1.403975727 -0.027575553 0.035186793 -0.060952863 0.997139021
1785983369.250000000 -0.092708983 -1.293677033 1.412795133 -0.027858030 0.035169424 -0.061259886 0.997112967
1785983369.259999990 -0.085500799 -1.293807122 1.421564985 -0.028099136 0.035164690 -0.061636295 0.997083171
1785983369.269999981 -0.078365884 -1.293915912 1.430272602 -0.028266948 0.035139991 -0.061916409 0.997061943
1785983369.279999971 -0.071258815 -1.294012038 1.438927439 -0.028391937 0.035018011 -0.062166784 0.997047104
1785983369.289999962 -0.064236045 -1.294065799 1.447563252 -0.028489955 0.034915170 -0.062483009 0.997028148
1785983369.299999952 -0.057345909 -1.294049338 1.456198516 -0.028624518 0.034827081 -0.062911078 0.997000455
1785983369.309999943 -0.050592354 -1.293962223 1.464829058 -0.028862317 0.034701416 -0.063222970 0.996978252
1785983369.319999933 -0.043942848 -1.293817828 1.473452296 -0.029040543 0.034505635 -0.063515663 0.996961267
1785983369.329999924 -0.037302044 -1.293651704 1.482034106 -0.029195663 0.034305034 -0.063804400 0.996945222
1785983369.339999914 -0.030599754 -1.293484870 1.490541782 -0.029179769 0.034151944 -0.064231226 0.996923535
1785983369.349999905 -0.023839770 -1.293306647 1.499000868 -0.029103244 0.033993272 -0.064474232 0.996915509
1785983369.359999895 -0.017019964 -1.293111635 1.507420056 -0.029009280 0.033798916 -0.064873093 0.996898980
1785983369.369999886 -0.010108827 -1.292922866 1.515775289 -0.029011870 0.033575907 -0.065258965 0.996881255
1785983369.380000114 -0.003100880 -1.292756555 1.524055694 -0.029032928 0.033376694 -0.065523507 0.996869979
1785983369.390000105 0.003934867 -1.292636207 1.532211009 -0.029080168 0.033205519 -0.065793697 0.996856523
1785983369.400000095 0.010938078 -1.292551914 1.540286487 -0.029059795 0.033090449 -0.066092125 0.996841202
1785983369.410000086 0.017884020 -1.292468722 1.548356594 -0.028930577 0.033019942 -0.066356525 0.996829733
1785983369.420000076 0.024772828 -1.292399813 1.556403944 -0.028780866 0.033017194 -0.066714387 0.996810271
1785983369.430000067 0.031619411 -1.292397157 1.564428998 -0.028653186 0.032961745 -0.066978154 0.996798097
1785983369.440000057 0.038423171 -1.292488199 1.572415900 -0.028527514 0.032890849 -0.067334766 0.996780017
1785983369.450000048 0.045199409 -1.292670740 1.580355055 -0.028426014 0.032817681 -0.067630436 0.996765311
1785983369.460000038 0.051973085 -1.292965053 1.588305502 -0.028354381 0.032706499 -0.068035475 0.996743441
1785983369.470000029 0.058755027 -1.293383086 1.596341909 -0.028261565 0.032641693 -0.068261301 0.996732762
1785983369.480000019 0.065518120 -1.293875793 1.604440709 -0.028174790 0.032575452 -0.068585263 0.996715146
1785983369.490000010 0.072177056 -1.294381109 1.612553137 -0.028049307 0.032555784 -0.068984019 0.996691809
1785983369.500000000 0.078664188 -1.294902214 1.620588079 -0.027955519 0.032514317 -0.069335087 0.996671437
1785983369.509999990 0.084980374 -1.295436576 1.628541217 -0.027940872 0.032342778 -0.069749708 0.996648499
1785983369.519999981 0.091151257 -1.295971965 1.636484904 -0.027909332 0.032189546 -0.070212613 0.996621840
1785983369.529999971 0.097243490 -1.296490068 1.644433694 -0.027829253 0.032124091 -0.070514369 0.996604886
1785983369.539999962 0.103331807 -1.296970191 1.652405478 -0.027725835 0.032050773 -0.070950453 0.996579179
1785983369.549999952 0.109423677 -1.297445879 1.660386377 -0.027523688 0.031969476 -0.071326991 0.996560515
1785983369.559999943 0.115509194 -1.297945764 1.668339024 -0.027251486 0.031992578 -0.071821911 0.996531708
1785983369.569999933 0.121592488 -1.298471079 1.676107676 -0.027026008 0.032002577 -0.072217374 0.996508947
1785983369.579999924 0.127731798 -1.299040969 1.682972898 -0.026885380 0.031988637 -0.072688880 0.996478916
1785983369.589999914 0.134039884 -1.299692036 1.688444579 -0.026739349 0.031970680 -0.072945226 0.996464689
1785983369.599999905 0.140532884 -1.300427591 1.692672224 -0.026665314 0.031968466 -0.073165890 0.996450566
1785983369.609999895 0.147108848 -1.301184936 1.696048693 -0.026559010 0.031914210 -0.073341248 0.996442253
1785983369.619999886 0.153680977 -1.301909089 1.698798995 -0.026435587 0.031822732 -0.073537765 0.996433977
1785983369.630000114 0.160244620 -1.302577468 1.701149938 -0.026353917 0.031723199 -0.073662474 0.996430103
1785983369.640000105 0.166826979 -1.303174135 1.703462348 -0.026287183 0.031727637 -0.073715413 0.996427809
1785983369.650000095 0.173420510 -1.303688716 1.705754445 -0.026255318 0.031802077 -0.073742299 0.996424287
1785983369.660000086 0.180004466 -1.304105888 1.708039403 -0.026217861 0.031922988 -0.073818411 0.996415771
1785983369.670000076 0.186595889 -1.304408383 1.710323115 -0.026144995 0.032004992 -0.073858941 0.996412052
1785983369.680000067 0.193215127 -1.304596668 1.712608048 -0.026042018 0.032054095 -0.073880124 0.996411599
1785983369.690000057 0.199838479 -1.304697639 1.714895037 -0.025918762 0.032096289 -0.073902694 0.996411781
1785983369.700000048 0.206429816 -1.304742273 1.717183520 -0.025762826 0.032089166 -0.073942373 0.996413111
1785983369.710000038 0.212950024 -1.304764503 1.719467091 -0.025577864 0.032055642 -0.073973794 0.996416623
1785983369.720000029 0.219348424 -1.304788212 1.721757737 -0.025376972 0.032031994 -0.073974270 0.996422485
1785983369.730000019 0.225593009 -1.304826965 1.724066063 -0.025219269 0.032009651 -0.074073260 0.996419853
1785983369.740000010 0.231671354 -1.304954462 1.726386388 -0.025049399 0.031966722 -0.074133255 0.996421054
1785983369.750000000 0.237597220 -1.305193112 1.728714552 -0.024875710 0.031914523 -0.074220394 0.996420592
1785983369.759999990 0.243407526 -1.305460096 1.731035294 -0.024688270 0.031840797 -0.074286266 0.996422703
1785983369.769999981 0.249107073 -1.305758339 1.733361279 -0.024551137 0.031710432 -0.074441756 0.996418644
1785983369.779999971 0.254697278 -1.306160455 1.735708023 -0.024508243 0.031601777 -0.074561651 0.996414188
1785983369.789999962 0.260243462 -1.306654273 1.738022249 -0.024470383 0.031482842 -0.074694427 0.996408939
1785983369.799999952 0.265821177 -1.307198186 1.740258933 -0.024471167 0.031304583 -0.074890014 0.996399855
1785983369.809999943 0.271462704 -1.307789427 1.742425227 -0.024496159 0.031091774 -0.074981401 0.996399031
1785983369.819999933 0.277168384 -1.308479654 1.744536322 -0.024497724 0.030852831 -0.075096188 0.996397775
1785983369.829999924 0.282936187 -1.309249518 1.746596344 -0.024427077 0.030567582 -0.075185821 0.996401542
1785983369.839999914 0.288777943 -1.310005255 1.748602563 -0.024335403 0.030323957 -0.075262476 0.996405442
1785983369.849999905 0.294692309 -1.310755120 1.750565167 -0.024260950 0.030058204 -0.075256473 0.996415764
1785983369.859999895 0.300675497 -1.311529734 1.752495241 -0.024168404 0.029838776 -0.075294362 0.996421745
1785983369.869999886 0.306715170 -1.312324107 1.754399922 -0.024025067 0.029607818 -0.075302322 0.996431500
1785983369.880000114 0.312804737 -1.313139339 1.756274018 -0.023866391 0.029378461 -0.075309577 0.996441553
1785983369.890000105 0.318995013 -1.313989423 1.758084218 -0.023629211 0.029194905 -0.075315283 0.996452169
1785983369.900000095 0.325365287 -1.314878570 1.759795942 -0.023386040 0.029013443 -0.075423470 0.996455023
1785983369.910000086 0.331943412 -1.315794469 1.761387277 -0.023163271 0.028835948 -0.075451436 0.996463262
1785983369.920000076 0.338694200 -1.316718623 1.762859251 -0.022924491 0.028643896 -0.075492041 0.996471247
1785983369.930000067 0.345558547 -1.317614680 1.764241205 -0.022694904 0.028493728 -0.075658798 0.996468161
1785983369.940000057 0.352473640 -1.318422534 1.765602563 -0.022524169 0.028324044 -0.075851277 0.996462239
1785983369.950000048 0.359356433 -1.319082460 1.767002293 -0.022385159 0.028253489 -0.075990430 0.996456773
1785983369.960000038 0.366152084 -1.319560107 1.768441655 -0.022193559 0.028175758 -0.076128551 0.996452717
1785983369.970000029 0.372887452 -1.319888215 1.769892393 -0.021996357 0.028055266 -0.076238607 0.996452075
1785983369.980000019 0.379607005 -1.320116143 1.771318904 -0.021824295 0.027912499 -0.076365370 0.996450161
1785983369.990000010 0.386343154 -1.320257243 1.772715689 -0.021704167 0.027814131 -0.076435412 0.996450165
1785983370.000000000 0.393115155 -1.320324831 1.774089216 -0.021606604 0.027730367 -0.076439717 0.996454289
1785983370.009999990 0.399925657 -1.320317554 1.775430516 -0.021505194 0.027670364 -0.076416540 0.996459929
1785983370.019999981 0.406773346 -1.320225963 1.776735054 -0.021413673 0.027610464 -0.076362564 0.996467699
1785983370.029999971 0.413635161 -1.320045167 1.778028019 -0.021369876 0.027535462 -0.076338667 0.996472546
1785983370.039999962 0.420491679 -1.319775850 1.779334440 -0.021339705 0.027428296 -0.076321502 0.996477463
1785983370.049999952 0.427361884 -1.319455494 1.780687118 -0.021295568 0.027309294 -0.076312335 0.996482378
1785983370.059999943 0.434266665 -1.319118702 1.782100611 -0.021253464 0.027199739 -0.076301206 0.996487125
1785983370.069999933 0.441223561 -1.318763002 1.783547131 -0.021197796 0.027099783 -0.076239422 0.996495763
1785983370.079999924 0.448215934 -1.318392179 1.785009833 -0.021178413 0.027028337 -0.076150050 0.996504949
1785983370.089999914 0.455191187 -1.318041891 1.786464947 -0.021209687 0.026983005 -0.076071580 0.996511506
1785983370.099999905 0.462137943 -1.317741639 1.787563374 -0.021284125 0.026902227 -0.075909816 0.996524438
1785983370.109999895 0.469087665 -1.317495911 1.787814047 -0.021358040 0.026788777 -0.075670419 0.996544120
1785983370.119999886 0.476083808 -1.317311675 1.787058124 -0.021402720 0.026665913 -0.075289278 0.996575324
1785983370.130000114 0.483104816 -1.317142671 1.785383657 -0.021413451 0.026678792 -0.074640497 0.996623551
1785983370.140000105 0.490133493 -1.316927833 1.783105287 -0.021537393 0.026740504 -0.073676250 0.996690973
1785983370.150000095 0.497211885 -1.316649724 1.780646861 -0.021847498 0.026804508 -0.072428406 0.996773962
1785983370.160000086 0.504371589 -1.316316663 1.778198880 -0.022332508 0.026954097 -0.070742583 0.996880245
1785983370.170000076 0.511620563 -1.315959031 1.775749784 -0.023019404 0.027258181 -0.068609255 0.997005451
1785983370.180000067 0.518938461 -1.315579677 1.773300316 -0.023866847 0.027578734 -0.066116539 0.997145120
1785983370.190000057 0.526296126 -1.315137419 1.770882875 -0.024838809 0.027924177 -0.063292941 0.997294980
1785983370.200000048 0.533654550 -1.314586715 1.768519297 -0.025935353 0.028304339 -0.060176007 0.997449282
1785983370.210000038 0.541001086 -1.313912425 1.766176638 -0.027170905 0.028692065 -0.056924382 0.997596172
1785983370.220000029 0.548353756 -1.313120249 1.763703511 -0.028541048 0.029106301 -0.053436285 0.997738841
1785983370.230000019 0.555780721 -1.312211249 1.760503422 -0.030020405 0.029556018 -0.049584694 0.997881043
1785983370.240000010 0.563329102 -1.311134684 1.755981363 -0.031464895 0.030025847 -0.045411303 0.998021153
1785983370.250000000 0.570966979 -1.309810094 1.750050537 -0.032857774 0.030357725 -0.040871371 0.998162465
1785983370.259999990 0.578646466 -1.308206687 1.742411733 -0.034280581 0.030668924 -0.035962000 0.998294042
1785983370.269999981 0.586328786 -1.306345721 1.732864911 -0.035585146 0.030797817 -0.030667946 0.998421088
1785983370.279999971 0.593998768 -1.304246993 1.721596428 -0.036763739 0.030803182 -0.025066563 0.998534556
1785983370.289999962 0.601661986 -1.301962610 1.708885908 -0.037787730 0.030634824 -0.019189960 0.998631734
1785983370.299999952 0.609348186 -1.299559732 1.695095987 -0.038679494 0.030344088 -0.012976174 0.998706539
1785983370.309999943 0.617069092 -1.297076724 1.680311495 -0.039428901 0.029966585 -0.006488680 0.998751852
1785983370.319999933 0.624829006 -1.294539311 1.664633641 -0.040039415 0.029512627 0.000378067 0.998762087
1785983370.329999924 0.632653475 -1.291943023 1.648482663 -0.040527866 0.028964400 0.007630549 0.998729358
1785983370.339999914 0.640541038 -1.289260089 1.632198507 -0.040898051 0.028343229 0.015053687 0.998647784
1785983370.349999905 0.648453468 -1.286451361 1.615902258 -0.041155039 0.027678743 0.022745434 0.998510288
1785983370.359999895 0.656322827 -1.283509427 1.599457521 -0.041315219 0.027006656 0.030681056 0.998309755
1785983370.369999886 0.664074527 -1.280425671 1.582759709 -0.041515537 0.026224035 0.039337240 0.998018708
1785983370.380000114 0.671690659 -1.277173799 1.565953094 -0.041592239 0.025535138 0.047970202 0.997655703
1785983370.390000105 0.679189966 -1.273776087 1.549131269 -0.041641687 0.024860532 0.056872268 0.997202822
1785983370.400000095 0.686598037 -1.270273519 1.532327303 -0.041599485 0.024240699 0.066002549 0.996657180
1785983370.410000086 0.693896958 -1.266672772 1.515528037 -0.041390545 0.023644116 0.075116118 0.996034812
1785983370.420000076 0.701060261 -1.262953605 1.498726110 -0.041124222 0.023148621 0.084462602 0.995308499
1785983370.430000067 0.708155622 -1.259126284 1.481902491 -0.040840695 0.022539337 0.093883554 0.994489766
1785983370.440000057 0.715222736 -1.255216353 1.465013551 -0.040573544 0.021977560 0.103530829 0.993555304
1785983370.450000048 0.722224256 -1.251208427 1.448073367 -0.040297425 0.021510649 0.113371648 0.992502030
1785983370.460000038 0.729084492 -1.247117673 1.431123360 -0.039920914 0.020974059 0.123399483 0.991331921
1785983370.470000029 0.735774406 -1.242991441 1.414159425 -0.039409113 0.020623812 0.133618089 0.990034235
1785983370.480000019 0.742341912 -1.238915828 1.397176590 -0.038775877 0.020269793 0.143937934 0.988618955
1785983370.490000010 0.748768932 -1.235093782 1.379828663 -0.038110598 0.019904195 0.154327201 0.987083847
1785983370.500000000 0.754996299 -1.231628666 1.362126615 -0.037444060 0.019777296 0.164811011 0.985415715
1785983370.509999990 0.761024573 -1.228493604 1.344155332 -0.036840731 0.019414132 0.175605667 0.983579433
1785983370.519999981 0.766819813 -1.225687760 1.325641891 -0.036256378 0.019235530 0.186491610 0.981598874
1785983370.529999971 0.772351900 -1.223180678 1.306690185 -0.035382153 0.019128613 0.197503854 0.979476609
1785983370.539999962 0.777701421 -1.220916860 1.287546406 -0.034467358 0.019118117 0.208679276 0.977189572
1785983370.549999952 0.782911536 -1.218886278 1.268493728 -0.033633658 0.019046653 0.219965681 0.974741556
1785983370.559999943 0.787965890 -1.217048214 1.249873667 -0.032669167 0.018979999 0.231372275 0.972131347
1785983370.569999933 0.792867092 -1.215391253 1.231556510 -0.031602662 0.018976186 0.242843910 0.969364746
1785983370.579999924 0.797636055 -1.213977972 1.213287992 -0.030627093 0.018837576 0.254552204 0.966390347
1785983370.589999914 0.802322527 -1.212720879 1.195593042 -0.029466144 0.018759814 0.266363095 0.963239595
1785983370.599999905 0.806948538 -1.211483176 1.179198376 -0.028199133 0.018712142 0.278208298 0.959924376
1785983370.609999895 0.811520490 -1.210215489 1.164057066 -0.026753672 0.018657855 0.290176396 0.956417160
1785983370.619999886 0.816082836 -1.208932594 1.150017575 -0.025240005 0.018604373 0.301890689 0.952826758
1785983370.630000114 0.820653286 -1.207639913 1.137118268 -0.023561089 0.018616604 0.313389057 0.949149933
1785983370.640000105 0.825228859 -1.206311529 1.125004150 -0.021855585 0.018636566 0.324601764 0.945414569
1785983370.650000095 0.829864671 -1.204899020 1.113722393 -0.020184746 0.018554631 0.335783738 0.941540006
1785983370.660000086 0.834625114 -1.203380243 1.103348018 -0.018312626 0.018679564 0.346455576 0.937701581
1785983370.670000076 0.839595697 -1.201764614 1.093766155 -0.016329341 0.018966827 0.357002887 0.933767932
1785983370.680000067 0.844850957 -1.200054076 1.084583702 -0.014310387 0.019123119 0.367289738 0.929799853
1785983370.690000057 0.850329755 -1.198241245 1.075418122 -0.012469386 0.019570168 0.377314842 0.925794271
1785983370.700000048 0.855948624 -1.196302131 1.066476412 -0.010666787 0.020141931 0.386993187 0.921800844
1785983370.710000038 0.861695186 -1.194218271 1.058274136 -0.008960986 0.020812055 0.396548012 0.917734293
1785983370.720000029 0.867603188 -1.191938800 1.051117546 -0.007241393 0.021561431 0.405784693 0.913685641
1785983370.730000019 0.873678984 -1.189527044 1.045091695 -0.005677140 0.022426473 0.414727910 0.909651353
1785983370.740000010 0.879921021 -1.187054432 1.040294156 -0.004177686 0.023409070 0.423388452 0.905636120
1785983370.750000000 0.886303457 -1.184536987 1.036110811 -0.002771690 0.024409351 0.431914169 0.901580086
1785983370.759999990 0.892761104 -1.182021344 1.032235244 -0.001600453 0.025426716 0.440181949 0.897547086
1785983370.769999981 0.899278547 -1.179522607 1.028783952 -0.000571903 0.026478229 0.448173268 0.893554306
1785983370.779999971 0.905861778 -1.177023346 1.026158684 0.000213290 0.027489361 0.455927742 0.889592144
1785983370.789999962 0.912493482 -1.174503603 1.024803961 0.000780952 0.028457534 0.463454152 0.885663484
1785983370.799999952 0.919142445 -1.171980399 1.024611825 0.001216533 0.029431093 0.470796792 0.881749801
1785983370.809999943 0.925784083 -1.169505240 1.025356096 0.001461042 0.030380222 0.477940798 0.877865309
1785983370.819999933 0.932409777 -1.167101033 1.026712093 0.001548754 0.031362830 0.484865003 0.874025116
1785983370.829999924 0.938969359 -1.164775024 1.028514728 0.001345355 0.032159565 0.491573764 0.870240879
1785983370.839999914 0.945411491 -1.162508178 1.030551007 0.001018349 0.032887739 0.497964887 0.866572750
1785983370.849999905 0.951785368 -1.160246819 1.032673600 0.000492006 0.033617699 0.504041193 0.863024961
1785983370.859999895 0.958153007 -1.157986106 1.034935799 -0.000187440 0.034310358 0.509902089 0.859547918
1785983370.869999886 0.964560412 -1.155729699 1.037872637 -0.000981154 0.034986228 0.515542241 0.856149052
1785983370.880000114 0.971029039 -1.153468825 1.041496454 -0.001870655 0.035608028 0.521015180 0.852802293
1785983370.890000105 0.977575003 -1.151179488 1.045339129 -0.002916204 0.036143669 0.526318337 0.849514061
1785983370.900000095 0.984208798 -1.148846371 1.049313339 -0.003993024 0.036638695 0.531454743 0.846284537
1785983370.910000086 0.990877503 -1.146495131 1.053297061 -0.005114237 0.037105241 0.536378880 0.843145743
1785983370.920000076 0.997499567 -1.144174758 1.057191631 -0.006274510 0.037511443 0.541144672 0.840069024
1785983370.930000067 1.004005074 -1.141944875 1.060889071 -0.007454209 0.037748299 0.545707147 0.837092116
1785983370.940000057 1.010365158 -1.139838935 1.064415425 -0.008708600 0.037946346 0.550100265 0.834190586
1785983370.950000048 1.016593156 -1.137879607 1.067862499 -0.009941607 0.038178500 0.554396369 0.831317167
1785983370.960000038 1.022717665 -1.136047068 1.071283100 -0.011176841 0.038354810 0.558614128 0.828464992
1785983370.970000029 1.028725425 -1.134303254 1.074693574 -0.012410779 0.038472341 0.562708014 0.825666726
1785983370.980000019 1.034581338 -1.132659074 1.078091863 -0.013640580 0.038512990 0.566694911 0.822914067
1785983370.990000010 1.040272802 -1.131152332 1.081413282 -0.014795943 0.038471620 0.570520984 0.820248024
1785983371.000000000 1.045800681 -1.129770575 1.084326635 -0.015966247 0.038414356 0.574287193 0.817596255
1785983371.009999990 1.051172023 -1.128450052 1.086235496 -0.017147569 0.038300937 0.577937416 0.815001437
1785983371.019999981 1.056409844 -1.127145617 1.086872703 -0.018317976 0.038185725 0.581514779 0.812432683
1785983371.029999971 1.061551241 -1.125836974 1.086301653 -0.019427824 0.038036900 0.584946738 0.809946336
1785983371.039999962 1.066615948 -1.124520148 1.084504568 -0.020437414 0.037870575 0.588348511 0.807461554
1785983371.049999952 1.071612499 -1.123161034 1.081707090 -0.021500591 0.037762098 0.591610882 0.805051746
1785983371.059999943 1.076542197 -1.121748666 1.078157431 -0.022491364 0.037597159 0.594831794 0.802655424
1785983371.069999933 1.081404002 -1.120300283 1.073882697 -0.023360302 0.037454597 0.597891051 0.800361006
1785983371.079999924 1.086205344 -1.118819816 1.068941831 -0.024144896 0.037256456 0.600832742 0.798140963
1785983371.089999914 1.090946775 -1.117269393 1.063625390 -0.024905475 0.037043515 0.603625690 0.796017287
1785983371.099999905 1.095638103 -1.115593669 1.058252941 -0.025568593 0.036767838 0.606388279 0.793906562
1785983371.109999895 1.100277238 -1.113788192 1.052902967 -0.026088370 0.036492721 0.609053410 0.791859598
1785983371.119999886 1.104875564 -1.111859368 1.047648574 -0.026581352 0.036203493 0.611745876 0.789778274
1785983371.130000114 1.109432633 -1.109820948 1.042686749 -0.027133066 0.035956204 0.614271178 0.787808269
1785983371.140000105 1.113909623 -1.107700223 1.038373759 -0.027745507 0.035749276 0.616786844 0.785828330
1785983371.150000095 1.118269242 -1.105537633 1.034704669 -0.028205059 0.035467446 0.619165141 0.783952207
1785983371.160000086 1.122509770 -1.103355489 1.031282659 -0.028647251 0.035238950 0.621390278 0.782183913
1785983371.170000076 1.126733049 -1.101085444 1.027895596 -0.028924891 0.034989613 0.623464123 0.780532872
1785983371.180000067 1.131000275 -1.098671897 1.024518118 -0.029158417 0.034734763 0.625431930 0.778959681
1785983371.190000057 1.135242125 -1.096176700 1.021144595 -0.029530502 0.034561518 0.627395404 0.777372792
1785983371.200000048 1.139405566 -1.093699505 1.017756655 -0.029906144 0.034427358 0.629376279 0.775761484
1785983371.210000038 1.143490239 -1.091277863 1.014339748 -0.030242642 0.034251447 0.631183859 0.774286224
1785983371.220000029 1.147505860 -1.088892094 1.010777173 -0.030603346 0.034122446 0.633112495 0.772701535
1785983371.230000019 1.151450102 -1.086549759 1.007004125 -0.031048976 0.034064261 0.634910528 0.771209575
1785983371.240000010 1.155335836 -1.084282708 1.003133431 -0.031341133 0.034080800 0.636543168 0.769850004
1785983371.250000000 1.159230277 -1.082054427 0.999246563 -0.031652924 0.034113465 0.638220262 0.768446004
1785983371.259999990 1.163187973 -1.079833773 0.995340285 -0.031772018 0.034175583 0.639809616 0.767115522
1785983371.269999981 1.167193167 -1.077647388 0.991425950 -0.031974030 0.034340407 0.641328734 0.765830172
1785983371.279999971 1.171193329 -1.075566958 0.987580952 -0.032147783 0.034512702 0.642899472 0.764497000
1785983371.289999962 1.175177579 -1.073656768 0.983842231 -0.032377711 0.034762705 0.644235369 0.763350528
1785983371.299999952 1.179156847 -1.071938200 0.980303022 -0.032519007 0.034915664 0.645752165 0.762054823
1785983371.309999943 1.183127020 -1.070419953 0.976917794 -0.032560522 0.035150917 0.647045590 0.760944302
1785983371.319999933 1.187068470 -1.069076153 0.973548819 -0.032500353 0.035245123 0.648355607 0.759826635
1785983371.329999924 1.190960908 -1.067895631 0.970232310 -0.032509650 0.035436224 0.649589389 0.758762824
1785983371.339999914 1.194831897 -1.066839132 0.966956195 -0.032424585 0.035716966 0.650808070 0.757708256
1785983371.349999905 1.198769347 -1.065794313 0.963673899 -0.032489099 0.035865265 0.652154301 0.756540091
1785983371.359999895 1.202810992 -1.064684930 0.960379616 -0.032510945 0.036025810 0.653324329 0.755521343
1785983371.369999886 1.206876887 -1.063567792 0.957091939 -0.032521948 0.036236158 0.654537819 0.754459745
1785983371.380000114 1.210907465 -1.062470393 0.953810461 -0.032637021 0.036414024 0.655661767 0.753469635
1785983371.390000105 1.214912515 -1.061343319 0.950604401 -0.032653958 0.036667631 0.656785866 0.752476930
1785983371.400000095 1.218850642 -1.060184782 0.947489696 -0.032522732 0.036864996 0.658024073 0.751390420
1785983371.410000086 1.222648676 -1.058956861 0.944716378 -0.032594331 0.037018967 0.659325390 0.750238119
1785983371.420000076 1.226300497 -1.057651029 0.942295699 -0.032660726 0.037031864 0.660335627 0.749345566
1785983371.430000067 1.229805648 -1.056333168 0.939913979 -0.032630088 0.036868562 0.661382565 0.748431085
1785983371.440000057 1.233155758 -1.055041387 0.937557681 -0.032785832 0.036765535 0.662415725 0.747515078
1785983371.450000048 1.236366003 -1.053755188 0.935194685 -0.032834444 0.036581316 0.663446885 0.746606950
1785983371.460000038 1.239424934 -1.052419401 0.932830571 -0.032941504 0.036411322 0.664372526 0.745786980
1785983371.470000029 1.242322831 -1.051018218 0.930660698 -0.033131126 0.036311353 0.665341865 0.744918798
1785983371.480000019 1.245109873 -1.049532705 0.929120967 -0.033388505 0.036234949 0.666316408 0.744039435
1785983371.490000010 1.247815344 -1.047919162 0.928396689 -0.033614833 0.036135106 0.667198189 0.743243482
1785983371.500000000 1.250441353 -1.046179791 0.928150420 -0.033822533 0.036109899 0.668027672 0.742489826
1785983371.509999990 1.253003944 -1.044358434 0.928012277 -0.034114172 0.036089951 0.668898911 0.741692649
1785983371.519999981 1.255451546 -1.042472339 0.927881496 -0.034305447 0.036194118 0.669663312 0.740988644
1785983371.529999971 1.257634908 -1.040539843 0.927765788 -0.034591574 0.036266894 0.670437027 0.740271793
1785983371.539999962 1.259527378 -1.038570955 0.927682926 -0.034982993 0.036405524 0.671179162 0.739573770
1785983371.549999952 1.261257732 -1.036540254 0.927642900 -0.035409169 0.036458758 0.671914683 0.738882676
1785983371.559999943 1.262894620 -1.034433223 0.927612284 -0.035779795 0.036612228 0.672494682 0.738329366
1785983371.569999933 1.264459512 -1.032222256 0.927566096 -0.036233000 0.036662010 0.673119900 0.737734822
1785983371.579999924 1.265966982 -1.029920174 0.927052984 -0.036634700 0.036720940 0.673731133 0.737153872
1785983371.589999914 1.267433620 -1.027575851 0.925615256 -0.036948456 0.036811334 0.674348199 0.736569239
1785983371.599999905 1.268882819 -1.025224456 0.923075846 -0.037307570 0.036864934 0.674938756 0.736007335
1785983371.609999895 1.270343751 -1.022898146 0.919432026 -0.037716068 0.036916442 0.675435575 0.735528013
1785983371.619999886 1.271848597 -1.020619980 0.915038808 -0.038150849 0.036934337 0.675913487 0.735065525
1785983371.630000114 1.273433400 -1.018415750 0.910085845 -0.038598196 0.036920303 0.676378713 0.734614802
1785983371.640000105 1.275099341 -1.016282965 0.904789154 -0.039045158 0.036994643 0.676954878 0.734056513
1785983371.650000095 1.276813647 -1.014235949 0.899428176 -0.039478058 0.037092407 0.677437860 0.733582703
1785983371.660000086 1.278530445 -1.012327618 0.894054861 -0.039851515 0.037219051 0.677890221 0.733138082
1785983371.670000076 1.280224938 -1.010581296 0.888683225 -0.040110874 0.037248876 0.678261971 0.732778505
1785983371.680000067 1.281897150 -1.009010793 0.883352570 -0.040448610 0.037150784 0.678733610 0.732328079
1785983371.690000057 1.283538721 -1.007623170 0.878065520 -0.040676037 0.037188352 0.679330293 0.731760097
1785983371.700000048 1.285180961 -1.006348951 0.872774850 -0.040898996 0.037116073 0.679782395 0.731331365
1785983371.710000038 1.286867005 -1.005074316 0.867429422 -0.040984418 0.037153780 0.680213852 0.730923382
1785983371.720000029 1.288628698 -1.003721348 0.862017863 -0.040983339 0.037094505 0.680573220 0.730591853
1785983371.730000019 1.290471160 -1.002296169 0.856566391 -0.040995397 0.037154026 0.680989959 0.730199721
1785983371.740000010 1.292365500 -1.000826112 0.851096202 -0.040973292 0.037229522 0.681276706 0.729929587
1785983371.750000000 1.294293324 -0.999292542 0.845599255 -0.040932770 0.037211699 0.681572197 0.729656863
1785983371.759999990 1.296234832 -0.997666564 0.840317259 -0.040851219 0.037220195 0.681869947 0.729382760
1785983371.769999981 1.298160387 -0.995970923 0.835708586 -0.040724593 0.037274848 0.682135709 0.729138511
1785983371.779999971 1.300060659 -0.994231942 0.832147198 -0.040584662 0.037376027 0.682369155 0.728922667
1785983371.789999962 1.301934164 -0.992393745 0.829751169 -0.040456071 0.037506636 0.682527891 0.728774475
1785983371.799999952 1.303771671 -0.990399786 0.828491624 -0.040290933 0.037711399 0.682684506 0.728626349
1785983371.809999943 1.305555940 -0.988232403 0.828356383 -0.040067873 0.037944195 0.682870876 0.728451900
1785983371.819999933 1.307272968 -0.985891949 0.829160010 -0.039789223 0.038201927 0.683060923 0.728275502
1785983371.829999924 1.308893271 -0.983454195 0.830396859 -0.039463147 0.038485855 0.683253172 0.728097935
1785983371.839999914 1.310412818 -0.981000336 0.831723549 -0.039091978 0.038785881 0.683484968 0.727884449
1785983371.849999905 1.311909520 -0.978537626 0.833096941 -0.038742663 0.039067903 0.683747545 0.727641395
1785983371.859999895 1.313457192 -0.976062481 0.834460514 -0.038410627 0.039301978 0.684006071 0.727403377
1785983371.869999886 1.315055590 -0.973583266 0.835811080 -0.038098063 0.039530735 0.684304714 0.727126480
1785983371.880000114 1.316664821 -0.971102708 0.837151111 -0.037825772 0.039755624 0.684593623 0.726856432
1785983371.890000105 1.318238115 -0.968647541 0.838215823 -0.037589937 0.039996707 0.684900658 0.726566135
1785983371.900000095 1.319764346 -0.966249057 0.838823477 -0.037401858 0.040228860 0.685178082 0.726301408
1785983371.910000086 1.321256855 -0.963938769 0.838788703 -0.037256081 0.040455632 0.685501957 0.725990629
1785983371.920000076 1.322749035 -0.961746223 0.837962203 -0.037110101 0.040696659 0.685819139 0.725685008
1785983371.930000067 1.324293447 -0.959650991 0.836448252 -0.036944589 0.040914483 0.686196971 0.725323941
1785983371.940000057 1.325901549 -0.957613975 0.834322392 -0.036784782 0.041072859 0.686526052 0.725011642
1785983371.950000048 1.327536793 -0.955593210 0.831910849 -0.036705238 0.041333810 0.686895124 0.724651178
1785983371.960000038 1.329165317 -0.953550442 0.829453940 -0.036545382 0.041560888 0.687257957 0.724302166
1785983371.970000029 1.330770276 -0.951461376 0.826955741 -0.036408987 0.041829360 0.687582511 0.723985484
1785983371.980000019 1.332389105 -0.949335668 0.824428256 -0.036189694 0.042089705 0.687859385 0.723718335
1785983371.990000010 1.334110407 -0.947228308 0.821889637 -0.036029146 0.042377376 0.688268691 0.723320308
1785983372.000000000 1.335969996 -0.945132255 0.819336514 -0.035904169 0.042575500 0.688580754 0.723017816
1785983372.009999990 1.337923459 -0.942958733 0.816753867 -0.035870506 0.042787297 0.688894309 0.722708230
1785983372.019999981 1.339890340 -0.940700939 0.814201802 -0.035831450 0.043028878 0.689223347 0.722382032
1785983372.029999971 1.341805864 -0.938457053 0.811730441 -0.035761659 0.043314453 0.689517699 0.722087464
1785983372.039999962 1.343616167 -0.936283097 0.809303902 -0.035658255 0.043556283 0.689745344 0.721860582
1785983372.049999952 1.345250915 -0.934227216 0.806901377 -0.035723319 0.043646462 0.689938982 0.721666843
1785983372.059999943 1.346689861 -0.932330362 0.804532401 -0.035615546 0.043786541 0.690149744 0.721462129
1785983372.069999933 1.348019249 -0.930535223 0.802199340 -0.035518446 0.043959609 0.690342481 0.721271968
1785983372.079999924 1.349299223 -0.928760293 0.799896092 -0.035477731 0.044030585 0.690609570 0.721013911
1785983372.089999914 1.350507721 -0.926919924 0.797611999 -0.035416361 0.044181301 0.690835757 0.720790990
1785983372.099999905 1.351601283 -0.924969143 0.795265917 -0.035363029 0.044280090 0.691079716 0.720553646
1785983372.109999895 1.352563074 -0.922917260 0.792852840 -0.035280608 0.044387196 0.691334237 0.720306898
1785983372.119999886 1.353416480 -0.920798325 0.790427235 -0.035272774 0.044474132 0.691587617 0.720058644
1785983372.130000114 1.354226792 -0.918628928 0.787988670 -0.035154795 0.044517296 0.691774585 0.719882125
1785983372.140000105 1.355057993 -0.916397637 0.785547938 -0.034997703 0.044531263 0.692020400 0.719652620
1785983372.150000095 1.355922668 -0.914082153 0.783117058 -0.034917683 0.044578152 0.692227299 0.719454592
1785983372.160000086 1.356800827 -0.911662343 0.780691320 -0.034913067 0.044643872 0.692423444 0.719261967
1785983372.170000076 1.357658531 -0.909126734 0.778250672 -0.034868846 0.044702730 0.692645652 0.719046473
1785983372.180000067 1.358465536 -0.906448464 0.775798281 -0.034819520 0.044771334 0.692847233 0.718850360
1785983372.190000057 1.359204091 -0.903587396 0.773353138 -0.034698105 0.044851909 0.693040117 0.718665252
1785983372.200000048 1.359896316 -0.900523772 0.770939148 -0.034646042 0.044892367 0.693232652 0.718479518
1785983372.210000038 1.360600570 -0.897287741 0.768532208 -0.034634755 0.044948841 0.693433364 0.718282817
1785983372.220000029 1.361380518 -0.893893703 0.766324856 -0.034643371 0.045025355 0.693673360 0.718045837
1785983372.230000019 1.362200559 -0.890287311 0.764595212 -0.034641360 0.045158629 0.693865344 0.717852045
1785983372.240000010 1.362969932 -0.886447206 0.763333927 -0.034630086 0.045286863 0.694062258 0.717654123
1785983372.250000000 1.363670117 -0.882452478 0.762598677 -0.034580686 0.045459290 0.694274822 0.717439963
1785983372.259999990 1.364286814 -0.878408688 0.762412361 -0.034552180 0.045604221 0.694505995 0.717208355
1785983372.269999981 1.364796765 -0.874384551 0.762493932 -0.034568893 0.045717112 0.694773587 0.716941141
1785983372.279999971 1.365200392 -0.870393054 0.762628918 -0.034545804 0.045800422 0.695057493 0.716661699
1785983372.289999962 1.365499258 -0.866416432 0.762870260 -0.034596716 0.046001635 0.695270725 0.716439485
1785983372.299999952 1.365709652 -0.862514985 0.763231766 -0.034566892 0.046248340 0.695400120 0.716299444
1785983372.309999943 1.365870891 -0.858745854 0.763619874 -0.034468299 0.046567446 0.695543445 0.716144347
1785983372.319999933 1.366008748 -0.855091576 0.764009689 -0.034359971 0.046870178 0.695608419 0.716066691
1785983372.329999924 1.366117329 -0.851563244 0.764416707 -0.034312358 0.047113873 0.695658500 0.716004327
1785983372.339999914 1.366187768 -0.848163756 0.764842804 -0.034270694 0.047359078 0.695807797 0.715845058
1785983372.349999905 1.366211239 -0.844877604 0.765284190 -0.034326134 0.047554218 0.695941614 0.715699366
1785983372.359999895 1.366134704 -0.841727016 0.765749826 -0.034339510 0.047833027 0.696230229 0.715399377
1785983372.369999886 1.365909724 -0.838749334 0.766256807 -0.034322047 0.048070049 0.696349134 0.715268587
1785983372.380000114 1.365540328 -0.835944889 0.766797746 -0.034220153 0.048303435 0.696379670 0.715228016
1785983372.390000105 1.365015016 -0.833244689 0.767340217 -0.034179104 0.048574053 0.696468928 0.715124732
1785983372.400000095 1.364351021 -0.830590874 0.767872687 -0.034188215 0.048819044 0.696567680 0.715011423
1785983372.410000086 1.363621525 -0.827996694 0.768406710 -0.034198192 0.049051480 0.696637633 0.714926881
1785983372.420000076 1.362877404 -0.825455871 0.768948374 -0.034261032 0.049240569 0.696752306 0.714799113
1785983372.430000067 1.362113459 -0.822952974 0.769490809 -0.034351448 0.049381432 0.696852678 0.714687202
1785983372.440000057 1.361312817 -0.820473482 0.770039833 -0.034365047 0.049517945 0.696975280 0.714557538
1785983372.450000048 1.360510976 -0.817966118 0.770602461 -0.034338769 0.049694871 0.697101248 0.714423627
1785983372.460000038 1.359748683 -0.815410588 0.771167135 -0.034301611 0.049942545 0.697227961 0.714284475
1785983372.470000029 1.359013510 -0.812865594 0.771705358 -0.034281011 0.050178576 0.697375679 0.714124699
1785983372.480000019 1.358273817 -0.810404529 0.772217337 -0.034252173 0.050363807 0.697524916 0.713967274
1785983372.490000010 1.357524750 -0.808038706 0.772698430 -0.034314294 0.050585691 0.697698985 0.713778497
1785983372.500000000 1.356791127 -0.805726228 0.773164303 -0.034386063 0.050849182 0.697988402 0.713473301
1785983372.509999990 1.356111283 -0.803413091 0.773656038 -0.034316498 0.051092514 0.698169579 0.713281972
1785983372.519999981 1.355493949 -0.801059485 0.774172540 -0.034261769 0.051301890 0.698343912 0.713098891
1785983372.529999971 1.354931520 -0.798631853 0.774707521 -0.034187521 0.051351037 0.698578459 0.712869147
1785983372.539999962 1.354419116 -0.796088944 0.775254983 -0.034143486 0.051675973 0.698962475 0.712471245
1785983372.549999952 1.353923508 -0.793408253 0.775803091 -0.034083502 0.051875380 0.699259909 0.712167704
1785983372.559999943 1.353424714 -0.790610986 0.776352343 -0.033899435 0.051992419 0.699487432 0.711944484
1785983372.569999933 1.352940232 -0.787826132 0.776939041 -0.033817545 0.052087989 0.699692315 0.711740036
1785983372.579999924 1.352487610 -0.785138179 0.777572838 -0.033699353 0.052267297 0.699885815 0.711542218
1785983372.589999914 1.352097223 -0.782446309 0.778189979 -0.033573176 0.052488935 0.700008098 0.711411566
1785983372.599999905 1.351783070 -0.779629443 0.778747539 -0.033316844 0.052752566 0.700180655 0.711234283
1785983372.609999895 1.351510045 -0.776642893 0.779226815 -0.033117068 0.053044362 0.700292149 0.711112130
1785983372.619999886 1.351248369 -0.773497239 0.779560546 -0.032964679 0.053364357 0.700366286 0.711022250
1785983372.630000114 1.350999385 -0.770198879 0.779743544 -0.032936303 0.053666212 0.700422757 0.710945215
1785983372.640000105 1.350758345 -0.766771088 0.779611688 -0.032916139 0.053967269 0.700433772 0.710912507
1785983372.650000095 1.350502090 -0.763246351 0.778953077 -0.032839468 0.054323946 0.700444831 0.710877990
1785983372.660000086 1.350212500 -0.759595931 0.777623208 -0.032722913 0.054604086 0.700403956 0.710902175
1785983372.670000076 1.349893119 -0.755814339 0.775608707 -0.032616355 0.054761352 0.700353267 0.710944912
1785983372.680000067 1.349563867 -0.751942055 0.773022919 -0.032533017 0.054853553 0.700313571 0.710980726
1785983372.690000057 1.349249015 -0.748049345 0.769865995 -0.032504181 0.054917831 0.700276819 0.711013282
1785983372.700000048 1.348991928 -0.744169072 0.766323065 -0.032476461 0.054958738 0.700214611 0.711072651
1785983372.710000038 1.348832375 -0.740225531 0.762476065 -0.032408160 0.054948840 0.700135649 0.711154279
1785983372.720000029 1.348776305 -0.736125955 0.758392145 -0.032306625 0.054944227 0.699993283 0.711299387
1785983372.730000019 1.348735261 -0.731859757 0.754230398 -0.032199898 0.054975824 0.699872010 0.711421109
1785983372.740000010 1.348609509 -0.727483124 0.750001193 -0.032152974 0.054962924 0.699722883 0.711570904
1785983372.750000000 1.348397139 -0.723060540 0.745738725 -0.032165958 0.054881262 0.699605485 0.711692042
1785983372.759999990 1.348102179 -0.718666032 0.741481366 -0.032168759 0.054831740 0.699462403 0.711836357
1785983372.769999981 1.347663798 -0.714384292 0.737253691 -0.032188837 0.054818265 0.699365948 0.711931252
1785983372.779999971 1.347014797 -0.710289394 0.733085845 -0.032264127 0.055048442 0.699206062 0.712067116
1785983372.789999962 1.346166036 -0.706396740 0.729002959 -0.032182137 0.055132368 0.699018510 0.712248450
1785983372.799999952 1.345154796 -0.702652709 0.725000422 -0.032155505 0.055255773 0.698847688 0.712407700
1785983372.809999943 1.344034721 -0.699014572 0.721352846 -0.032154764 0.055358115 0.698685533 0.712558823
1785983372.819999933 1.342868213 -0.695433217 0.718236411 -0.032206122 0.055474449 0.698374821 0.712851991
1785983372.829999924 1.341683194 -0.691823555 0.715688041 -0.032276382 0.055515960 0.698189883 0.713026718
1785983372.839999914 1.340454269 -0.688144642 0.713841003 -0.032299109 0.055497306 0.698062733 0.713151623
1785983372.849999905 1.339120776 -0.684398138 0.712360141 -0.032201127 0.055526162 0.697961023 0.713253351
1785983372.859999895 1.337616377 -0.680606885 0.710915433 -0.032111976 0.055574025 0.697851686 0.713360619
1785983372.869999886 1.335946866 -0.676799986 0.709510066 -0.031982866 0.055651999 0.697774641 0.713435703
1785983372.880000114 1.334141743 -0.672981915 0.708147851 -0.031880865 0.055743959 0.697688675 0.713517157
1785983372.890000105 1.332199740 -0.669138439 0.706823555 -0.031848461 0.055845076 0.697623988 0.713573944
1785983372.900000095 1.330146058 -0.665265490 0.705532422 -0.031845101 0.055991457 0.697569030 0.713616349
1785983372.910000086 1.328004736 -0.661365042 0.704275636 -0.031857490 0.056128674 0.697522131 0.713650860
1785983372.920000076 1.325790704 -0.657438122 0.703051994 -0.031833109 0.056338978 0.697434670 0.713720852
1785983372.930000067 1.323507749 -0.653486670 0.701851462 -0.031803672 0.056594482 0.697384892 0.713750589
1785983372.940000057 1.321143258 -0.649516802 0.700665016 -0.031721462 0.056800837 0.697347592 0.713774299
1785983372.950000048 1.318695340 -0.645566128 0.699506505 -0.031611918 0.057007299 0.697316299 0.713793271
1785983372.960000038 1.316196502 -0.641693830 0.698411147 -0.031516412 0.057215091 0.697297709 0.713799030
1785983372.970000029 1.313672142 -0.637900905 0.697362296 -0.031389012 0.057398575 0.697288239 0.713799163
1785983372.980000019 1.311137612 -0.634183756 0.696320271 -0.031290997 0.057621190 0.697209261 0.713862674
1785983372.990000010 1.308607743 -0.630484965 0.695248775 -0.031137398 0.057819545 0.697184497 0.713877538
1785983373.000000000 1.306081400 -0.626698936 0.694142141 -0.031071924 0.058028137 0.697140096 0.713906827
1785983373.009999990 1.303543677 -0.622834788 0.693049778 -0.030954888 0.058234062 0.697090135 0.713943928
1785983373.019999981 1.300975707 -0.618925309 0.692068636 -0.030826681 0.058439996 0.697061231 0.713960869
1785983373.029999971 1.298351845 -0.614972434 0.691213296 -0.030653768 0.058563943 0.697076440 0.713943309
1785983373.039999962 1.295682552 -0.610991790 0.690414936 -0.030454634 0.058665673 0.697062976 0.713956625
1785983373.049999952 1.293037018 -0.606995012 0.689897103 -0.030276155 0.058788991 0.697072390 0.713944880
1785983373.059999943 1.290481462 -0.602982716 0.689980316 -0.030093232 0.058939997 0.697067695 0.713944748
1785983373.069999933 1.288047281 -0.598937045 0.690717144 -0.029971387 0.059065671 0.697064776 0.713942337
1785983373.079999924 1.285741356 -0.594859178 0.691765417 -0.029852862 0.059153671 0.697075407 0.713929637
1785983373.089999914 1.283566152 -0.590778011 0.692814312 -0.029698841 0.059242755 0.697117174 0.713887891
1785983373.099999905 1.281533458 -0.586716932 0.693864730 -0.029590512 0.059283519 0.697141108 0.713865633
1785983373.109999895 1.279670235 -0.582649483 0.694899560 -0.029491997 0.059382653 0.697150463 0.713852334
1785983373.119999886 1.278007584 -0.578543504 0.695894822 -0.029384544 0.059489665 0.697171426 0.713827382
1785983373.130000114 1.276568203 -0.574374485 0.696841774 -0.029278911 0.059617840 0.697208653 0.713784669
1785983373.140000105 1.275333232 -0.570119177 0.697757681 -0.029198878 0.059790773 0.697201016 0.713780942
1785983373.150000095 1.274264230 -0.565847788 0.698691244 -0.029217412 0.060018739 0.697179213 0.713782347
1785983373.160000086 1.273328666 -0.561632190 0.699680211 -0.029271173 0.060216975 0.697147714 0.713794213
1785983373.170000076 1.272487338 -0.557470307 0.700738045 -0.029283277 0.060274911 0.697085690 0.713849400
1785983373.180000067 1.271715272 -0.553339222 0.701854664 -0.029273914 0.060300268 0.697002015 0.713929343
1785983373.190000057 1.271012473 -0.549254062 0.702993307 -0.029232042 0.060356531 0.696946777 0.713980228
1785983373.200000048 1.270379704 -0.545227034 0.704115876 -0.029181129 0.060437119 0.696890836 0.714030096
1785983373.210000038 1.269793044 -0.541256225 0.705225281 -0.029068676 0.060532586 0.696849304 0.714067130
1785983373.220000029 1.269219184 -0.537349155 0.706351782 -0.028912449 0.060665980 0.696785609 0.714124306
1785983373.230000019 1.268645685 -0.533515735 0.707501797 -0.028823110 0.060682872 0.696685380 0.714224264
1785983373.240000010 1.268075786 -0.529757821 0.708668763 -0.028750393 0.060706971 0.696570894 0.714336803
1785983373.250000000 1.267503188 -0.526047085 0.709848706 -0.028696536 0.060736940 0.696437669 0.714466309
1785983373.259999990 1.266918715 -0.522335921 0.711022251 -0.028689207 0.060816895 0.696305168 0.714588936
1785983373.269999981 1.266256194 -0.518540880 0.712164517 -0.028641503 0.060911219 0.696222736 0.714663130
1785983373.279999971 1.265413135 -0.514594904 0.713255995 -0.028622308 0.061079452 0.696086074 0.714782653
1785983373.289999962 1.264363053 -0.510466383 0.714293688 -0.028674818 0.061280425 0.695870647 0.714973082
1785983373.299999952 1.263124372 -0.506148286 0.715296294 -0.028722219 0.061436596 0.695639063 0.715183104
1785983373.309999943 1.261725189 -0.501629727 0.716272891 -0.028862042 0.061662381 0.695408909 0.715381844
1785983373.319999933 1.260213536 -0.496870608 0.717218938 -0.028976308 0.061932868 0.695239617 0.715518391
1785983373.329999924 1.258586844 -0.491859813 0.718158648 -0.029128034 0.062139941 0.695103019 0.715626983
1785983373.339999914 1.256843084 -0.486666663 0.719135869 -0.029218341 0.062425452 0.694938058 0.715758652
1785983373.349999905 1.255032088 -0.481405699 0.720175684 -0.029310049 0.062744410 0.694741456 0.715917851
1785983373.359999895 1.253180982 -0.476150307 0.721280378 -0.029396838 0.063018302 0.694495052 0.716129277
1785983373.369999886 1.251275556 -0.470926995 0.722428176 -0.029536401 0.063313189 0.694349500 0.716238656
1785983373.380000114 1.249326214 -0.465743420 0.723597795 -0.029651350 0.063614873 0.694148679 0.716401813
1785983373.390000105 1.247375800 -0.460617838 0.724632739 -0.029737326 0.063849526 0.693979503 0.716541261
1785983373.400000095 1.245453704 -0.455577416 0.725339706 -0.029772885 0.064047796 0.693809038 0.716687152
1785983373.410000086 1.243577276 -0.450656706 0.725698997 -0.029772655 0.064247933 0.693656990 0.716816414
1785983373.420000076 1.241751572 -0.445839548 0.725877597 -0.029768397 0.064502544 0.693490223 0.716955072
1785983373.430000067 1.239976119 -0.441078598 0.726036083 -0.029739806 0.064617882 0.693393525 0.717039394
1785983373.440000057 1.238234083 -0.436338411 0.726195874 -0.029681886 0.064664271 0.693349774 0.717079918
1785983373.450000048 1.236508018 -0.431587373 0.726344319 -0.029633782 0.064660315 0.693296204 0.717134057
1785983373.460000038 1.234803877 -0.426812536 0.726484422 -0.029567389 0.064625213 0.693278830 0.717156758
1785983373.470000029 1.233146124 -0.422028113 0.726639158 -0.029512193 0.064637342 0.693210832 0.717223666
1785983373.480000019 1.231559440 -0.417270097 0.726726696 -0.029446690 0.064594438 0.693138756 0.717299879
1785983373.490000010 1.230107990 -0.412567911 0.726538056 -0.029338145 0.064500565 0.693075319 0.717374067
1785983373.500000000 1.228797995 -0.407940962 0.725781010 -0.029223774 0.064391251 0.692965940 0.717494211
1785983373.509999990 1.227524121 -0.403383330 0.724433181 -0.029137429 0.064259434 0.692847562 0.717623850
1785983373.519999981 1.226242229 -0.398860420 0.722870785 -0.029004111 0.064132698 0.692734815 0.717749424
1785983373.529999971 1.224967729 -0.394355683 0.721217686 -0.028811380 0.064048812 0.692660377 0.717836511
1785983373.539999962 1.223728068 -0.389872135 0.719470696 -0.028631375 0.063941014 0.692570225 0.717940300
1785983373.549999952 1.222540989 -0.385410187 0.717749360 -0.028496114 0.063821160 0.692458934 0.718063685
1785983373.559999943 1.221408269 -0.380979500 0.716066653 -0.028377714 0.063675330 0.692318074 0.718217127
1785983373.569999933 1.220319112 -0.376614270 0.714064391 -0.028265601 0.063477310 0.692199728 0.718353133
1785983373.579999924 1.219261931 -0.372334276 0.711471168 -0.028154536 0.063275204 0.692099346 0.718472035
1785983373.589999914 1.218233090 -0.368136204 0.708301923 -0.028091633 0.063029470 0.691999291 0.718592462
1785983373.599999905 1.217232921 -0.364004700 0.704788139 -0.028065265 0.062776318 0.691908069 0.718703485
1785983373.609999895 1.216260628 -0.359904267 0.701277249 -0.028057650 0.062583040 0.691801200 0.718823505
1785983373.619999886 1.215293850 -0.355817006 0.697814164 -0.028080668 0.062385034 0.691693965 0.718943003
1785983373.630000114 1.214323311 -0.351731328 0.694357740 -0.027986346 0.062172928 0.691580551 0.719074150
1785983373.640000105 1.213364650 -0.347619634 0.690869309 -0.027890833 0.061942423 0.691397630 0.719273630
1785983373.650000095 1.212434149 -0.343427278 0.687404168 -0.027834045 0.061694565 0.691240171 0.719448450
1785983373.660000086 1.211569712 -0.339060638 0.684329588 -0.027822568 0.061473281 0.691049173 0.719651291
1785983373.670000076 1.210827711 -0.334430591 0.682041688 -0.027812479 0.061278426 0.690887682 0.719823333
1785983373.680000067 1.210204813 -0.329510220 0.680495406 -0.027779869 0.061116053 0.690710509 0.720008402
1785983373.690000057 1.209674092 -0.324353776 0.679232347 -0.027748343 0.060932512 0.690577900 0.720152361
1785983373.700000048 1.209345085 -0.319068472 0.677838309 -0.027701121 0.060720793 0.690534795 0.720213392
1785983373.710000038 1.209320159 -0.313760882 0.676314997 -0.027631743 0.060498201 0.690598923 0.720173300
1785983373.720000029 1.209483023 -0.308505284 0.674756120 -0.027592370 0.060286707 0.690575154 0.720215336
1785983373.730000019 1.209710992 -0.303290373 0.673115687 -0.027485911 0.060188235 0.690495459 0.720304048
1785983373.740000010 1.209977405 -0.298105138 0.671092349 -0.027344802 0.060146941 0.690389518 0.720414409
1785983373.750000000 1.210306069 -0.292983102 0.668426732 -0.027189551 0.060138914 0.690254982 0.720549859
1785983373.759999990 1.210691370 -0.287932313 0.665143983 -0.027048448 0.060109162 0.690115687 0.720691063
1785983373.769999981 1.211104219 -0.282941488 0.661522915 -0.026904239 0.060106940 0.690001526 0.720805946
1785983373.779999971 1.211546304 -0.278004955 0.657860426 -0.026700496 0.060101651 0.689865192 0.720944444
1785983373.789999962 1.211983123 -0.273131801 0.654227171 -0.026524121 0.060127592 0.689717311 0.721090268
1785983373.799999952 1.212365067 -0.268309808 0.650648601 -0.026260662 0.060201487 0.689518185 0.721284154
1785983373.809999943 1.212679058 -0.263531196 0.647134719 -0.025928429 0.060328462 0.689306770 0.721487609
1785983373.819999933 1.212940656 -0.258796662 0.643692463 -0.025576788 0.060512755 0.689053059 0.721727037
1785983373.829999924 1.213162155 -0.254092902 0.640300845 -0.025229857 0.060739369 0.688830195 0.721932923
1785983373.839999914 1.213346289 -0.249419697 0.636923385 -0.024923298 0.061025491 0.688615171 0.722124550
1785983373.849999905 1.213451909 -0.244767787 0.633551628 -0.024733867 0.061395334 0.688368369 0.722334990
1785983373.859999895 1.213432529 -0.240146469 0.629870752 -0.024584039 0.061780934 0.688130614 0.722533736
1785983373.869999886 1.213313057 -0.235570446 0.625460456 -0.024420807 0.062229874 0.687914909 0.722706126
1785983373.880000114 1.213167036 -0.231023436 0.620089482 -0.024206478 0.062727543 0.687642954 0.722929090
1785983373.890000105 1.213073377 -0.226474137 0.613717165 -0.024080751 0.063202711 0.687383450 0.723138664
1785983373.900000095 1.213070502 -0.221868068 0.606766374 -0.023979259 0.063742147 0.687161870 0.723305259
1785983373.910000086 1.213129571 -0.217167406 0.599685095 -0.023929915 0.064279553 0.686914160 0.723494599
1785983373.920000076 1.213190349 -0.212361531 0.592605404 -0.023926510 0.064693496 0.686663529 0.723695704
1785983373.930000067 1.213244078 -0.207436761 0.585646464 -0.023754031 0.065077848 0.686358743 0.723956004
1785983373.940000057 1.213341397 -0.202361780 0.579056907 -0.023596301 0.065476380 0.685989103 0.724275506
1785983373.950000048 1.213506825 -0.197110596 0.572967701 -0.023386937 0.065866450 0.685728832 0.724493362
1785983373.960000038 1.213735089 -0.191730696 0.567144114 -0.023159013 0.066241955 0.685475021 0.724706602
1785983373.970000029 1.214002929 -0.186309584 0.561364285 -0.022855518 0.066592893 0.685285726 0.724863080
1785983373.980000019 1.214281070 -0.180903910 0.555615476 -0.022548651 0.066910212 0.685165270 0.724957333
1785983373.990000010 1.214568114 -0.175572362 0.549884102 -0.022352432 0.067173264 0.684991464 0.725103313
1785983374.000000000 1.214859218 -0.170391956 0.544160699 -0.022074928 0.067484473 0.684890101 0.725178663
1785983374.009999990 1.215160793 -0.165393477 0.538395632 -0.021729348 0.067702944 0.684713898 0.725335112
1785983374.019999981 1.215477626 -0.160580317 0.532404016 -0.021365706 0.067921376 0.684638288 0.725396863
1785983374.029999971 1.215789884 -0.155936576 0.526103486 -0.020995597 0.068123708 0.684555539 0.725466787
1785983374.039999962 1.216093499 -0.151412998 0.519664232 -0.020601700 0.068294154 0.684439761 0.725571286
1785983374.049999952 1.216377017 -0.146943522 0.513211880 -0.020190530 0.068422926 0.684356044 0.725649675
1785983374.059999943 1.216636384 -0.142457734 0.506774484 -0.019831036 0.068467122 0.684313784 0.725695272
1785983374.069999933 1.216921589 -0.137917412 0.500402565 -0.019440292 0.068526617 0.684246750 0.725763435
1785983374.079999924 1.217175173 -0.133296877 0.494341669 -0.019047991 0.068679947 0.684146338 0.725853999
1785983374.089999914 1.217267300 -0.128636296 0.488823757 -0.018689576 0.068584298 0.684085980 0.725929243
1785983374.099999905 1.217142823 -0.124016511 0.483807300 -0.018458476 0.068460220 0.684056720 0.725974439
1785983374.109999895 1.216822721 -0.119495974 0.479048335 -0.018153108 0.068327194 0.684025016 0.726024542
1785983374.119999886 1.216428060 -0.115122691 0.474345342 -0.017786056 0.068223322 0.683937434 0.726125899
1785983374.130000114 1.216017108 -0.110980598 0.469724499 -0.017452697 0.068073218 0.683871115 0.726210534
1785983374.140000105 1.215563151 -0.107079392 0.465219679 -0.017190478 0.068009434 0.683797142 0.726292416
1785983374.150000095 1.215080607 -0.103337710 0.460835935 -0.017029045 0.067933299 0.683671170 0.726421923
1785983374.160000086 1.214606141 -0.099653958 0.456844959 -0.016869152 0.067859085 0.683505086 0.726588861
1785983374.170000076 1.214173169 -0.095922152 0.453467129 -0.016683295 0.067784137 0.683351467 0.726744626
1785983374.180000067 1.213812573 -0.092075175 0.450753912 -0.016509609 0.067696417 0.683228439 0.726872429
1785983374.190000057 1.213538168 -0.088057366 0.448869709 -0.016383238 0.067576659 0.683103430 0.727003913
1785983374.200000048 1.213339475 -0.083842451 0.447881821 -0.016313217 0.067513215 0.682902749 0.727199890
1785983374.210000038 1.213160329 -0.079390784 0.447921783 -0.016250032 0.067453014 0.682696856 0.727400186
1785983374.220000029 1.212907793 -0.074688995 0.449050862 -0.016202919 0.067302457 0.682573007 0.727531398
1785983374.230000019 1.212500399 -0.069768670 0.451133438 -0.016192040 0.067171430 0.682511318 0.727601620
1785983374.240000010 1.211888997 -0.064674834 0.454078141 -0.016079951 0.066942277 0.682460150 0.727673216
1785983374.250000000 1.211053845 -0.059478438 0.457683099 -0.015965556 0.066729488 0.682356515 0.727792459
1785983374.259999990 1.209981223 -0.054230334 0.461571808 -0.015843222 0.066439214 0.682270083 0.727902711
1785983374.269999981 1.208726982 -0.048915700 0.465523814 -0.015771655 0.066110700 0.682167645 0.728030174
1785983374.279999971 1.207397009 -0.043513332 0.469495115 -0.015724201 0.065779026 0.682080389 0.728142989
1785983374.289999962 1.206059067 -0.038013836 0.473466229 -0.015816177 0.065423004 0.682040893 0.728210066
1785983374.299999952 1.204750877 -0.032395844 0.477454520 -0.015960347 0.065085284 0.681972816 0.728300935
1785983374.309999943 1.203486804 -0.026645159 0.481447709 -0.016219395 0.064723889 0.681950323 0.728348479
1785983374.319999933 1.202272187 -0.020745829 0.485412152 -0.016530296 0.064393983 0.681894336 0.728423145
1785983374.329999924 1.201086041 -0.014690858 0.489329731 -0.016839440 0.064003034 0.681851466 0.728490648
1785983374.339999914 1.199914432 -0.008485192 0.493178944 -0.017131307 0.063662737 0.681670496 0.728682997
1785983374.349999905 1.198767384 -0.002125197 0.496789575 -0.017330130 0.063412607 0.681550841 0.728812019
1785983374.359999895 1.197667693 0.004398383 0.500065915 -0.017457704 0.063192172 0.681457513 0.728915383
1785983374.369999886 1.196638912 0.011051880 0.502872188 -0.017500130 0.062971376 0.681308578 0.729072680
1785983374.380000114 1.195684730 0.017783946 0.504924215 -0.017463308 0.062751325 0.681214057 0.729180850
1785983374.390000105 1.194802219 0.024562199 0.506076279 -0.017372632 0.062572807 0.681143623 0.729264150
1785983374.400000095 1.193980485 0.031355511 0.506292242 -0.017242030 0.062438420 0.681096402 0.729322869
1785983374.410000086 1.193190971 0.038150442 0.505568867 -0.017088743 0.062341386 0.681039692 0.729387733
1785983374.420000076 1.192420429 0.044947704 0.504014722 -0.016875999 0.062314376 0.681001144 0.729430984
1785983374.430000067 1.191685645 0.051719666 0.501958633 -0.016737746 0.062381263 0.680908668 0.729514778
1785983374.440000057 1.191000749 0.058427809 0.499672684 -0.016633691 0.062531561 0.680770371 0.729633351
1785983374.450000048 1.190365871 0.065081912 0.497274210 -0.016551852 0.062759427 0.680637939 0.729739191
1785983374.460000038 1.189760004 0.071685664 0.494652784 -0.016451712 0.062988148 0.680509537 0.729841492
1785983374.470000029 1.189165321 0.078221891 0.491831358 -0.016328927 0.063234568 0.680385003 0.729939041
1785983374.480000019 1.188599441 0.084700456 0.489019063 -0.016158174 0.063459601 0.680249497 0.730049597
1785983374.490000010 1.188094416 0.091169459 0.486237751 -0.015891067 0.063724996 0.680044937 0.730222899
1785983374.500000000 1.187654491 0.097657733 0.483471571 -0.015553517 0.064009617 0.679794991 0.730437969
1785983374.509999990 1.187256695 0.104098201 0.480708342 -0.015102383 0.064253051 0.679591640 0.730615266
1785983374.519999981 1.186874892 0.110401609 0.477966426 -0.014703109 0.064663980 0.679353584 0.730808522
1785983374.529999971 1.186539073 0.116590534 0.475467637 -0.014410595 0.064968280 0.679057373 0.731062611
1785983374.539999962 1.186283909 0.122700080 0.473270074 -0.014081452 0.065255910 0.678828874 0.731255591
1785983374.549999952 1.186109881 0.128737006 0.471197720 -0.013816019 0.065616899 0.678681538 0.731365101
1785983374.559999943 1.186022268 0.134689116 0.469215884 -0.013493621 0.066008976 0.678589222 0.731421496
1785983374.569999933 1.185975593 0.140538287 0.467304281 -0.013284104 0.066455841 0.678466551 0.731498663
1785983374.579999924 1.185931688 0.146342346 0.465446822 -0.013111454 0.066857849 0.678383081 0.731542557
1785983374.589999914 1.185899798 0.152144635 0.463678139 -0.013047952 0.067258428 0.678289463 0.731593780
1785983374.599999905 1.185876983 0.157924716 0.461979033 -0.012988549 0.067575331 0.678120375 0.731722372
1785983374.609999895 1.185847474 0.163682249 0.460290342 -0.012975150 0.067908594 0.678060456 0.731747284
1785983374.619999886 1.185807845 0.169428413 0.458604937 -0.012939960 0.068176265 0.677950609 0.731824792
1785983374.630000114 1.185769465 0.175164494 0.456927341 -0.012870471 0.068477912 0.677736010 0.731996604
1785983374.640000105 1.185748561 0.180867634 0.455208957 -0.012694700 0.068779289 0.677493269 0.732196097
1785983374.650000095 1.185727229 0.186468313 0.453177884 -0.012479195 0.069115183 0.677300738 0.732346279
1785983374.660000086 1.185692955 0.191903524 0.450902333 -0.012170080 0.069445437 0.677159655 0.732450696
1785983374.670000076 1.185662271 0.197128169 0.448636776 -0.011741577 0.069611415 0.676589137 0.732968980
1785983374.680000067 1.185620842 0.202148354 0.446345814 -0.011311849 0.069773123 0.676479715 0.733061354
1785983374.690000057 1.185530738 0.207019569 0.444039437 -0.010828067 0.069912349 0.676270804 0.733248127
1785983374.700000048 1.185360578 0.211768459 0.441742741 -0.010302683 0.070090629 0.676170704 0.733330988
1785983374.710000038 1.185070849 0.216411359 0.439502684 -0.009761611 0.070278813 0.676088097 0.733396540
1785983374.720000029 1.184609157 0.220987485 0.437357626 -0.009353970 0.070332414 0.676038707 0.733442242
1785983374.730000019 1.183990450 0.225595138 0.435256376 -0.008916435 0.070418441 0.676033768 0.733443989
1785983374.740000010 1.183294179 0.230320806 0.433180513 -0.008615308 0.070459593 0.676066567 0.733413403
1785983374.750000000 1.182570671 0.235130932 0.431238571 -0.008383042 0.070477041 0.676151580 0.733336043
1785983374.759999990 1.181885891 0.240006368 0.429628593 -0.008180236 0.070478403 0.676265167 0.733233457
1785983374.769999981 1.181282172 0.244993025 0.428347320 -0.007981088 0.070454411 0.676374271 0.733137316
1785983374.779999971 1.180740421 0.250141295 0.427347608 -0.007838851 0.070438456 0.676473694 0.733048646
1785983374.789999962 1.180237644 0.255454897 0.426552756 -0.007850705 0.070404178 0.676590645 0.732943870
1785983374.799999952 1.179757325 0.260896663 0.425776764 -0.007885897 0.070294710 0.676710177 0.732843642
1785983374.809999943 1.179316509 0.266425245 0.424988990 -0.007922010 0.070144024 0.676839694 0.732738075
1785983374.819999933 1.178938465 0.272016047 0.424177675 -0.007988512 0.069888044 0.676984287 0.732628228
1785983374.829999924 1.178625660 0.277678742 0.423320989 -0.008167131 0.069637718 0.677157417 0.732490081
1785983374.839999914 1.178371043 0.283431535 0.422414913 -0.008364984 0.069428340 0.677318299 0.732358965
1785983374.849999905 1.178180471 0.289263922 0.421486614 -0.008452847 0.069277590 0.677427773 0.732270973
1785983374.859999895 1.178083161 0.295163308 0.420557854 -0.008459783 0.069168334 0.677543300 0.732174330
1785983374.869999886 1.178121152 0.301135669 0.419606594 -0.008441369 0.069080035 0.677668945 0.732066590
1785983374.880000114 1.178326569 0.307168090 0.418600734 -0.008418336 0.068983226 0.677876036 0.731884230
1785983374.890000105 1.178669407 0.313211558 0.417511939 -0.008379189 0.068921270 0.678075204 0.731705997
1785983374.900000095 1.179102232 0.319214792 0.416184275 -0.008279353 0.068858397 0.678358142 0.731450753
1785983374.910000086 1.179630724 0.325182986 0.414643912 -0.008173193 0.068764565 0.678578668 0.731256197
1785983374.920000076 1.180277473 0.331152971 0.413079631 -0.007989093 0.068673696 0.678788232 0.731072249
1785983374.930000067 1.181045387 0.337097635 0.411549492 -0.007775435 0.068595912 0.678965976 0.730916785
1785983374.940000057 1.181926522 0.342977662 0.410078171 -0.007574018 0.068509540 0.679099369 0.730803068
1785983374.950000048 1.182908282 0.348834589 0.408637747 -0.007379420 0.068462015 0.679190534 0.730724788
1785983374.960000038 1.183969131 0.354704475 0.407184080 -0.007263801 0.068437237 0.679273247 0.730651379
1785983374.970000029 1.185097127 0.360587706 0.405694546 -0.007175914 0.068407920 0.679417914 0.730520472
1785983374.980000019 1.186267269 0.366470240 0.404050687 -0.007094180 0.068392318 0.679556399 0.730393910
1785983374.990000010 1.187455446 0.372330041 0.402240632 -0.007038084 0.068413500 0.679650620 0.730304795
1785983375.000000000 1.188656266 0.378173829 0.400356026 -0.006976026 0.068416219 0.679736836 0.730224890
1785983375.009999990 1.189873599 0.384033177 0.398417338 -0.006920563 0.068412401 0.679804094 0.730163162
1785983375.019999981 1.191089174 0.389938755 0.396460341 -0.006842999 0.068438646 0.679877255 0.730093312
1785983375.029999971 1.192231294 0.395924012 0.394485756 -0.006839580 0.068462931 0.679957014 0.730016784
1785983375.039999962 1.193236850 0.401993345 0.392492935 -0.006791105 0.068380693 0.679957904 0.730024116
1785983375.049999952 1.194055565 0.408116471 0.390467618 -0.006754200 0.068328275 0.679838967 0.730140128
1785983375.059999943 1.194730207 0.414328924 0.388388730 -0.006691474 0.068226713 0.679868189 0.730122993
1785983375.069999933 1.195351942 0.420647733 0.386254967 -0.006541036 0.068162896 0.679856949 0.730140783
1785983375.079999924 1.195939431 0.427019722 0.384084703 -0.006381930 0.068171345 0.679787129 0.730206408
1785983375.089999914 1.196495302 0.433399580 0.381924919 -0.006240386 0.068152901 0.679751042 0.730242946
1785983375.099999905 1.197025772 0.439781261 0.380043233 -0.006086371 0.068177633 0.679703594 0.730286102
1785983375.109999895 1.197537126 0.446183042 0.378748443 -0.005968321 0.068113435 0.679624921 0.730366282
1785983375.119999886 1.197987081 0.452631889 0.378116698 -0.005949538 0.067989875 0.679623236 0.730379516
1785983375.130000114 1.198366404 0.459164271 0.378085539 -0.006076980 0.067801775 0.679891056 0.730146658
1785983375.140000105 1.198728305 0.465790505 0.378460273 -0.006320149 0.067547785 0.680444861 0.729652070
1785983375.150000095 1.199103411 0.472473657 0.379019170 -0.006788041 0.067157337 0.681209547 0.728970073
1785983375.160000086 1.199499088 0.479194467 0.379784351 -0.007422262 0.066593128 0.682236636 0.728054557
1785983375.170000076 1.199918384 0.485982651 0.380939838 -0.008278105 0.065893232 0.683589294 0.726839207
1785983375.180000067 1.200316048 0.492840692 0.382421335 -0.009361024 0.065074216 0.685278230 0.725307841
1785983375.190000057 1.200618711 0.499754769 0.384157312 -0.010501939 0.064192788 0.687276548 0.723477672
1785983375.200000048 1.200788362 0.506730073 0.386370716 -0.011772170 0.063283030 0.689465151 0.721453033
1785983375.210000038 1.200813362 0.513818397 0.389329587 -0.013153717 0.062323719 0.691882855 0.719194583
1785983375.220000029 1.200688820 0.521026832 0.393006538 -0.014544915 0.061194707 0.694656517 0.716586336
1785983375.230000019 1.200385651 0.528251013 0.397284517 -0.015861422 0.060175136 0.697663857 0.713717389
1785983375.240000010 1.199878680 0.535440857 0.402215967 -0.017152146 0.059175125 0.700861695 0.710631405
1785983375.250000000 1.199251779 0.542629852 0.407527696 -0.018352454 0.058151412 0.704197989 0.707380233
1785983375.259999990 1.198635235 0.549841571 0.412941088 -0.019362398 0.057100723 0.707771043 0.703864160
1785983375.269999981 1.198105385 0.557087992 0.418441256 -0.020190180 0.056032594 0.711637242 0.700017957
1785983375.279999971 1.197745739 0.564320643 0.423963246 -0.020826292 0.054970298 0.715737367 0.695891193
1785983375.289999962 1.197588748 0.571470283 0.429498165 -0.021343007 0.053997077 0.719992047 0.691549163
1785983375.299999952 1.197698616 0.578523736 0.434834418 -0.021874594 0.052957798 0.724394623 0.687000294
1785983375.309999943 1.198110893 0.585466870 0.439856768 -0.022261061 0.051935892 0.729002458 0.682174849
1785983375.319999933 1.198829702 0.592360329 0.444391571 -0.022434562 0.050954612 0.733630271 0.677264308
1785983375.329999924 1.199876767 0.599169051 0.448122020 -0.022342089 0.050055239 0.738426380 0.672102511
1785983375.339999914 1.201175350 0.605826336 0.451111039 -0.022098291 0.049162878 0.743393585 0.666678824
1785983375.349999905 1.202587066 0.612356107 0.453774221 -0.021628561 0.048341857 0.748656610 0.660839277
1785983375.359999895 1.204001540 0.618797223 0.456444117 -0.020993222 0.047556256 0.753884840 0.654946818
1785983375.369999886 1.205392357 0.625246635 0.459110393 -0.020186194 0.046883990 0.759160390 0.648899000
1785983375.380000114 1.206729074 0.631719130 0.461768817 -0.019247323 0.046293042 0.764509654 0.642659695
1785983375.390000105 1.207949675 0.638136567 0.464489156 -0.018127110 0.045814972 0.769921958 0.636233113
1785983375.400000095 1.208961482 0.644452898 0.467617356 -0.016956855 0.045409883 0.775399138 0.629608278
1785983375.410000086 1.209675355 0.650723423 0.471641361 -0.015751988 0.045080669 0.780973025 0.622736496
1785983375.420000076 1.210024731 0.657001127 0.476740076 -0.014477071 0.044705795 0.786675553 0.615575649
1785983375.430000067 1.209949727 0.663354006 0.482725499 -0.013213953 0.044364576 0.792413049 0.608225892
1785983375.440000057 1.209388418 0.669799141 0.489310226 -0.011989246 0.044271309 0.798056528 0.600834493
1785983375.450000048 1.208365356 0.676249222 0.496665533 -0.010405299 0.044107739 0.803781493 0.593196046
1785983375.460000038 1.206965259 0.682644331 0.504868943 -0.009113307 0.044253917 0.809440824 0.585460580
1785983375.470000029 1.205217672 0.688949417 0.513432173 -0.007856022 0.044674083 0.815367761 0.577163689
1785983375.480000019 1.203091961 0.695211190 0.522154244 -0.006749937 0.044965127 0.821178285 0.568857451
1785983375.490000010 1.200609824 0.701422713 0.530949896 -0.005901814 0.045136871 0.827030488 0.560310988
1785983375.500000000 1.197844070 0.707441273 0.539312695 -0.005272955 0.045518114 0.832921119 0.551491348
1785983375.509999990 1.194838755 0.713093158 0.546675085 -0.004634940 0.045972650 0.838772715 0.542517618
1785983375.519999981 1.191675487 0.718287433 0.552804554 -0.004000903 0.046471840 0.844518327 0.533491478
1785983375.529999971 1.188368678 0.723080930 0.557163963 -0.003370088 0.046970907 0.850494502 0.523871624
1785983375.539999962 1.184852347 0.727500255 0.558935320 -0.002774484 0.047315360 0.856278952 0.514334439
1785983375.549999952 1.180975600 0.731585401 0.558489231 -0.002263686 0.047401614 0.861985022 0.504707623
1785983375.559999943 1.176695166 0.735318856 0.556580855 -0.001761124 0.047701443 0.867768518 0.494670871
1785983375.569999933 1.172185838 0.738566826 0.553310877 -0.001475606 0.048081798 0.873530769 0.484386167
1785983375.579999924 1.167546018 0.741279826 0.548774916 -0.000963433 0.048641526 0.879105029 0.474138609
1785983375.589999914 1.162917118 0.743571946 0.543421200 -0.000536713 0.049127663 0.884654958 0.463650504
1785983375.599999905 1.158450844 0.745601293 0.537754919 -0.000113981 0.049615151 0.890088495 0.453079238
1785983375.609999895 1.154129266 0.747463765 0.531649175 0.000313945 0.050062626 0.895374220 0.442491402
1785983375.619999886 1.149988412 0.749295951 0.525123518 0.000855313 0.050490801 0.900540397 0.431829759
1785983375.630000114 1.146085118 0.751281298 0.518530949 0.001349518 0.050894961 0.905375031 0.421549445
1785983375.640000105 1.142436631 0.753523395 0.511914552 0.002157297 0.051613665 0.910027952 0.411315576
1785983375.650000095 1.139120238 0.756034479 0.505392008 0.003087097 0.052494143 0.914508490 0.401134710
1785983375.660000086 1.136211790 0.758785710 0.498911208 0.003943823 0.053318543 0.918806462 0.391070664
1785983375.670000076 1.133723520 0.761773011 0.492374377 0.005024403 0.054478643 0.922903178 0.381125381
1785983375.680000067 1.131664700 0.765021438 0.485966666 0.006031737 0.055769020 0.926743957 0.371482263
1785983375.690000057 1.130038893 0.768503969 0.479823928 0.006998583 0.057229881 0.930358663 0.362089103
1785983375.700000048 1.128815403 0.772211156 0.473981500 0.008092869 0.058596571 0.933844582 0.352753802
1785983375.710000038 1.127965466 0.776281964 0.468665324 0.009097948 0.060243522 0.937180549 0.343482989
1785983375.720000029 1.127415076 0.780766980 0.463916298 0.010046670 0.061919402 0.940219655 0.334741768
1785983375.730000019 1.127112554 0.785574785 0.459537994 0.010835766 0.063641532 0.943128933 0.326098386
1785983375.740000010 1.127061251 0.790669746 0.455342609 0.011583952 0.065176120 0.945931545 0.317539600
1785983375.750000000 1.127287743 0.796074015 0.451480145 0.012114632 0.066650073 0.948550208 0.309295176
1785983375.759999990 1.127855033 0.801741488 0.448259849 0.012562748 0.068070010 0.951037328 0.301225251
1785983375.769999981 1.128743754 0.807455051 0.445361324 0.012973755 0.069460978 0.953394112 0.293336874
1785983375.779999971 1.129902707 0.813056734 0.442463975 0.013286451 0.070700040 0.955595153 0.285767174
1785983375.789999962 1.131280456 0.818611988 0.439562961 0.013401891 0.071870575 0.957715975 0.278271666
1785983375.799999952 1.132809439 0.824207585 0.436670014 0.013556824 0.072877953 0.959718754 0.271007249
1785983375.809999943 1.134467646 0.829864897 0.433768607 0.013640239 0.073738612 0.961634355 0.263886201
1785983375.819999933 1.136318540 0.835626032 0.431229497 0.013603055 0.074457892 0.963403282 0.257148002
1785983375.829999924 1.138385068 0.841499520 0.429263422 0.013409032 0.075015859 0.965099403 0.250551313
1785983375.839999914 1.140633832 0.847494488 0.427927752 0.013210090 0.075441840 0.966692400 0.244212665
1785983375.849999905 1.142980740 0.853519535 0.427035662 0.013036418 0.075816528 0.968214002 0.237999061
1785983375.859999895 1.145227542 0.859335376 0.425796099 0.012708926 0.075951367 0.969692964 0.231873732
1785983375.869999886 1.147237137 0.864771404 0.423649674 0.012445821 0.075866816 0.971134184 0.225804614
1785983375.880000114 1.148985068 0.869808168 0.420512105 0.011824714 0.075646573 0.972452608 0.220167432
1785983375.890000105 1.150458797 0.874548104 0.416605406 0.011326752 0.075558850 0.973733961 0.214487152
1785983375.900000095 1.151648824 0.879079332 0.411816448 0.010774985 0.075208910 0.974926415 0.209155454
1785983375.910000086 1.152502054 0.883432916 0.406213581 0.010165105 0.074672568 0.976174567 0.203479466
1785983375.920000076 1.152972437 0.887659476 0.400033702 0.009548951 0.074003907 0.977303111 0.198269684
1785983375.930000067 1.153150157 0.891833654 0.393519839 0.008997596 0.073224108 0.978385776 0.193180087
1785983375.940000057 1.153241909 0.896145449 0.387528234 0.008342200 0.072321227 0.979406713 0.188314996
1785983375.950000048 1.153390435 0.900770496 0.382638908 0.007654242 0.071277550 0.980404881 0.183486220
1785983375.960000038 1.153622999 0.905724724 0.378899322 0.006955492 0.070189515 0.981356581 0.178785667
1785983375.970000029 1.153976025 0.910966339 0.376247551 0.006209956 0.069066729 0.982260469 0.174228569
1785983375.980000019 1.154336129 0.916404108 0.374093785 0.005458518 0.067961763 0.983122782 0.169767484
1785983375.990000010 1.154598720 0.921959766 0.371939059 0.004695945 0.066814324 0.983949268 0.165401428
1785983376.000000000 1.154784346 0.927615776 0.369781143 0.004007349 0.065629270 0.984727917 0.161206914
1785983376.009999990 1.154786869 0.933259326 0.367246551 0.003394426 0.064311348 0.985492808 0.157023738
1785983376.019999981 1.154538856 0.938723150 0.363884352 0.002879762 0.063024060 0.986206913 0.153021565
1785983376.029999971 1.154111998 0.943888424 0.359407257 0.002504265 0.061689124 0.986901868 0.149039872
1785983376.039999962 1.153562249 0.948743890 0.353929900 0.002123169 0.060399652 0.987577392 0.145045750
1785983376.049999952 1.152987928 0.953427784 0.348095103 0.001738094 0.059124105 0.988214517 0.141185647
1785983376.059999943 1.152455833 0.958058358 0.342254071 0.001423416 0.057900379 0.988823444 0.137381646
1785983376.069999933 1.151955413 0.962689256 0.336400977 0.001065354 0.056764092 0.989394670 0.133697011
1785983376.079999924 1.151480065 0.967345500 0.330527517 0.000857913 0.055604891 0.989956532 0.129974710
1785983376.089999914 1.151033169 0.972026147 0.324661532 0.000670903 0.054448017 0.990483313 0.126403204
1785983376.099999905 1.150620686 0.976736652 0.318792947 0.000623020 0.053443421 0.990994553 0.122772992
1785983376.109999895 1.150272081 0.981472485 0.312929965 0.000730806 0.052455865 0.991481659 0.119213958
1785983376.119999886 1.149976201 0.986193839 0.307100906 0.000705408 0.051747367 0.991923125 0.115802536
1785983376.130000114 1.149712088 0.990918228 0.301470462 0.000831187 0.051056042 0.992341479 0.112476572
1785983376.140000105 1.149534880 0.995745652 0.296620316 0.000928156 0.050500836 0.992733964 0.109215758
1785983376.150000095 1.149529496 1.000727361 0.292982422 0.000965514 0.050051465 0.993095236 0.106093221
1785983376.160000086 1.149799985 1.005842873 0.290517133 0.001079367 0.049526035 0.993436854 0.103098126
1785983376.170000076 1.150438974 1.011117128 0.289299941 0.001146574 0.049034263 0.993745469 0.100320831
1785983376.180000067 1.151464645 1.016575685 0.289567505 0.001130460 0.048521717 0.994048378 0.097530440
1785983376.190000057 1.152870720 1.022213664 0.291330910 0.001040270 0.048240818 0.994323139 0.094832677
1785983376.200000048 1.154718737 1.027976488 0.294573081 0.000936429 0.047851446 0.994592369 0.092170392
1785983376.210000038 1.157130981 1.033758334 0.299189276 0.000755053 0.047563341 0.994827676 0.089749952
1785983376.220000029 1.160127084 1.039551264 0.305024768 0.000514084 0.047218621 0.995064950 0.087269026
1785983376.230000019 1.163571002 1.045387618 0.312042060 0.000312036 0.046963199 0.995288230 0.084827471
1785983376.240000010 1.167297668 1.051248214 0.320211892 0.000008193 0.046724519 0.995503381 0.082400469
1785983376.250000000 1.171168952 1.057099345 0.329420446 -0.000314834 0.046587918 0.995699392 0.080076132
1785983376.259999990 1.175099986 1.062867504 0.339432349 -0.000730122 0.046501057 0.995868850 0.077989442
1785983376.269999981 1.179037653 1.068540749 0.350036486 -0.001184629 0.046431097 0.996034868 0.075876822
1785983376.279999971 1.182876799 1.074205870 0.360881311 -0.001557864 0.046366965 0.996189540 0.073851732
1785983376.289999962 1.186518266 1.079855120 0.371614351 -0.001980605 0.046447868 0.996320172 0.072005464
1785983376.299999952 1.189943274 1.085406679 0.381781531 -0.002349069 0.046463014 0.996442949 0.070264642
1785983376.309999943 1.193145103 1.090771559 0.390885537 -0.002844137 0.046423772 0.996577310 0.068340393
1785983376.319999933 1.196030912 1.095931877 0.398891059 -0.003212550 0.046293373 0.996697694 0.066635655
1785983376.329999924 1.198456120 1.100923079 0.405941140 -0.003677975 0.046121764 0.996804354 0.065117854
1785983376.339999914 1.200426982 1.105748215 0.412062489 -0.004034255 0.046052609 0.996899627 0.063671153
1785983376.349999905 1.202024714 1.110434353 0.417310984 -0.004346072 0.046045611 0.996996942 0.062112888
1785983376.359999895 1.203218109 1.114989100 0.421659923 -0.004894984 0.045961011 0.997092975 0.060574113
1785983376.369999886 1.203988028 1.119262020 0.424767066 -0.005085565 0.045768991 0.997205707 0.058822741
1785983376.380000114 1.204431828 1.123192659 0.426605789 -0.005475059 0.045610564 0.997288927 0.057484749
1785983376.390000105 1.204620612 1.126851758 0.427420013 -0.005788090 0.045485908 0.997366552 0.056191560
1785983376.400000095 1.204549559 1.130164403 0.427156005 -0.005970256 0.045196775 0.997450713 0.054897011
1785983376.410000086 1.204215912 1.133139092 0.425831423 -0.006397650 0.044928214 0.997524383 0.053718068
1785983376.420000076 1.203660424 1.135831724 0.423580368 -0.006825717 0.044885917 0.997595362 0.052365625
1785983376.430000067 1.202867062 1.138268384 0.420300109 -0.007061169 0.044731475 0.997652320 0.051372013
1785983376.440000057 1.201813117 1.140553838 0.416051594 -0.007455688 0.044812703 0.997712563 0.050058731
1785983376.450000048 1.200499512 1.142720423 0.411042433 -0.007712922 0.044949146 0.997764395 0.048849737
1785983376.460000038 1.198869494 1.144764654 0.404975405 -0.008150705 0.044872588 0.997818551 0.047730029
1785983376.470000029 1.196878384 1.146675182 0.397819327 -0.008646193 0.044908326 0.997849001 0.046966557
1785983376.480000019 1.194558570 1.148349964 0.389904690 -0.009011583 0.045159523 0.997883426 0.045913790
1785983376.490000010 1.191914950 1.149795607 0.381485596 -0.009230631 0.045360598 0.997917180 0.044927872
1785983376.500000000 1.188950521 1.151016308 0.372950531 -0.009539843 0.045354689 0.997938711 0.044387744
1785983376.509999990 1.185691717 1.151985726 0.364274348 -0.009606451 0.045357799 0.997987623 0.043256107
1785983376.519999981 1.182152699 1.152734652 0.355319881 -0.009698081 0.045387491 0.998024099 0.042353513
1785983376.529999971 1.178391615 1.153256489 0.346291253 -0.009894705 0.045447781 0.998056847 0.041462328
1785983376.539999962 1.174449453 1.153636086 0.337280709 -0.010001671 0.045494047 0.998086644 0.040660908
1785983376.549999952 1.170381386 1.153994102 0.328284834 -0.010037306 0.045582163 0.998114600 0.039859313
1785983376.559999943 1.166259969 1.154369130 0.319305264 -0.010052914 0.045669884 0.998139153 0.039133508
1785983376.569999933 1.162142983 1.154703504 0.310343825 -0.010078690 0.045758592 0.998158090 0.038535689
1785983376.579999924 1.158065537 1.154977353 0.301385553 -0.010113349 0.045834248 0.998176270 0.037961512
1785983376.589999914 1.154058785 1.155239961 0.292426388 -0.010149433 0.045885867 0.998193910 0.037421840
1785983376.599999905 1.150234018 1.155531342 0.283574312 -0.010075089 0.045863911 0.998211804 0.036989036
1785983376.609999895 1.146720230 1.155890774 0.275086478 -0.009856398 0.045792963 0.998230304 0.036634906
1785983376.619999886 1.143495182 1.156341441 0.267113639 -0.009614113 0.045713733 0.998250886 0.036235222
1785983376.630000114 1.140388594 1.156865727 0.259416693 -0.009319767 0.045611354 0.998271450 0.035872808
1785983376.640000105 1.137340145 1.157438954 0.251881174 -0.009029869 0.045417841 0.998296689 0.035488046
1785983376.650000095 1.134482466 1.158052733 0.244623376 -0.008742375 0.045140178 0.998325261 0.035108523
1785983376.660000086 1.131903113 1.158738472 0.237796585 -0.008449259 0.044783108 0.998358323 0.034694993
1785983376.670000076 1.129587166 1.159552961 0.231504164 -0.008187046 0.044437211 0.998389186 0.034312390
1785983376.680000067 1.127378839 1.160527542 0.225578641 -0.007835436 0.044107250 0.998418846 0.033955328
1785983376.690000057 1.125081711 1.161681889 0.219924276 -0.007448044 0.043795105 0.998446682 0.033626468
1785983376.700000048 1.122660898 1.163002634 0.214634826 -0.007108836 0.043458608 0.998473140 0.033349714
1785983376.710000038 1.120169469 1.164453770 0.209909419 -0.006824501 0.043069972 0.998504395 0.032975390
1785983376.720000029 1.117651184 1.166023345 0.205913325 -0.006604968 0.042631283 0.998537446 0.032587065
1785983376.730000019 1.115146764 1.167722512 0.202706772 -0.006468945 0.042127047 0.998572736 0.032186251
1785983376.740000010 1.112673338 1.169544355 0.200355471 -0.006422276 0.041580983 0.998606599 0.031853368
1785983376.750000000 1.110197929 1.171454929 0.198860942 -0.006360167 0.041046542 0.998641277 0.031469507
1785983376.759999990 1.107677106 1.173426359 0.198127184 -0.006253540 0.040568806 0.998673559 0.031083568
1785983376.769999981 1.105020611 1.175406902 0.197754682 -0.006140460 0.040246376 0.998700023 0.030672263
1785983376.779999971 1.102179044 1.177341234 0.197395535 -0.006107329 0.039935400 0.998724433 0.030288153
1785983376.789999962 1.099255470 1.179201680 0.197073414 -0.006088805 0.039613214 0.998752380 0.029789318
1785983376.799999952 1.096400365 1.181020653 0.197159116 -0.006145434 0.039300128 0.998777745 0.029338531
1785983376.809999943 1.093721283 1.182880902 0.198077200 -0.006337806 0.039034849 0.998800557 0.028871458
1785983376.819999933 1.091235395 1.184861406 0.199868601 -0.006594574 0.038784332 0.998822768 0.028378975
1785983376.829999924 1.088877724 1.187043303 0.202425569 -0.006925339 0.038670279 0.998837091 0.027948426
1785983376.839999914 1.086589354 1.189422112 0.205614616 -0.007344881 0.038562101 0.998851682 0.027465145
1785983376.849999905 1.084337864 1.191921448 0.209442641 -0.007857371 0.038430607 0.998865074 0.027016914
1785983376.859999895 1.082061554 1.194495064 0.213922101 -0.008457525 0.038310427 0.998880303 0.026437113
1785983376.869999886 1.079682380 1.197108065 0.218659338 -0.009029849 0.038153314 0.998896398 0.025860642
1785983376.880000114 1.077219736 1.199737495 0.223342562 -0.009687859 0.037934124 0.998913416 0.025281101
1785983376.890000105 1.074797590 1.202392503 0.228019125 -0.010259664 0.037813469 0.998922607 0.024869786
1785983376.900000095 1.072605967 1.205083775 0.232724298 -0.010744131 0.037641726 0.998937332 0.024328411
1785983376.910000086 1.070732023 1.207831057 0.237583053 -0.011232018 0.037571504 0.998945205 0.023889338
1785983376.920000076 1.069140200 1.210667921 0.242857612 -0.011635542 0.037443022 0.998958147 0.023350688
1785983376.930000067 1.067719134 1.213599203 0.248741990 -0.012009323 0.037357946 0.998965203 0.022993096
1785983376.940000057 1.066355362 1.216558889 0.255128204 -0.012301529 0.037291226 0.998971800 0.022657873
1785983376.950000048 1.065046894 1.219470880 0.261716939 -0.012527939 0.037257800 0.998978004 0.022312644
1785983376.960000038 1.063813153 1.222361528 0.268338876 -0.012726048 0.037275583 0.998981678 0.022004197
1785983376.970000029 1.062667215 1.225317854 0.274942557 -0.012939655 0.037359424 0.998981466 0.021745544
1785983376.980000019 1.061644848 1.228354624 0.281454035 -0.013152479 0.037422037 0.998981851 0.021491040
1785983376.990000010 1.060824161 1.231431551 0.287650287 -0.013389827 0.037480345 0.998981940 0.021237224
1785983377.000000000 1.060177590 1.234591825 0.293536129 -0.013576840 0.037584864 0.998980871 0.020982520
1785983377.009999990 1.059563400 1.237908632 0.299338231 -0.013711445 0.037725132 0.998979784 0.020693017
1785983377.019999981 1.058833011 1.241350175 0.305106901 -0.013879195 0.037889045 0.998976854 0.020421404
1785983377.029999971 1.057887718 1.244822663 0.310855566 -0.014019135 0.038123921 0.998969746 0.020235537
1785983377.039999962 1.056644315 1.248273001 0.316536194 -0.013989266 0.038352127 0.998964472 0.020084781
1785983377.049999952 1.055079866 1.251688709 0.322148541 -0.014074187 0.038606945 0.998954526 0.020031865
1785983377.059999943 1.053247045 1.254976814 0.327779179 -0.014131503 0.038767367 0.998953594 0.019725831
1785983377.069999933 1.051095255 1.258065572 0.333239114 -0.014093792 0.039141480 0.998939086 0.019748722
1785983377.079999924 1.048577371 1.260956531 0.338536765 -0.014024785 0.039419081 0.998928407 0.019785811
1785983377.089999914 1.045733610 1.263632259 0.343817346 -0.013864560 0.039749144 0.998921479 0.019587175
1785983377.099999905 1.042658625 1.266160036 0.349043419 -0.013795065 0.040110362 0.998910761 0.019445997
1785983377.109999895 1.039450208 1.268630877 0.354270018 -0.013702704 0.040462807 0.998899191 0.019375328
1785983377.119999886 1.036163197 1.271078243 0.359512370 -0.013541192 0.040708796 0.998891926 0.019348108
1785983377.130000114 1.032860920 1.273541036 0.364773586 -0.013288086 0.040841676 0.998889906 0.019347871
1785983377.140000105 1.029586120 1.276060237 0.370065797 -0.013023477 0.040974739 0.998888508 0.019318584
1785983377.150000095 1.026351154 1.278675184 0.375401727 -0.012742280 0.041104412 0.998887945 0.019259673
1785983377.160000086 1.023141537 1.281389822 0.380771475 -0.012477960 0.041262078 0.998885557 0.019219383
1785983377.170000076 1.019918978 1.284155667 0.386162936 -0.012246345 0.041461503 0.998880914 0.019180455
1785983377.180000067 1.016680916 1.286951579 0.391564394 -0.011957559 0.041618949 0.998877380 0.019205730
1785983377.190000057 1.013469189 1.289766588 0.396703794 -0.011616107 0.041709667 0.998878134 0.019179226
1785983377.200000048 1.010280595 1.292476449 0.401130037 -0.011206774 0.041708934 0.998882766 0.019183126
1785983377.210000038 1.007011601 1.294984540 0.404510040 -0.010766744 0.041708416 0.998887052 0.019213091
1785983377.220000029 1.003532605 1.297282249 0.406768702 -0.010448963 0.041612334 0.998893995 0.019235872
1785983377.230000019 0.999873184 1.299414593 0.408502187 -0.010061396 0.041514675 0.998898999 0.019393020
1785983377.240000010 0.996069338 1.301350310 0.410142421 -0.009726444 0.041483839 0.998904459 0.019348616
1785983377.250000000 0.992098000 1.303037696 0.411713803 -0.009471574 0.041479470 0.998904844 0.019464200
1785983377.259999990 0.987942429 1.304546579 0.413310407 -0.009181991 0.041401489 0.998909054 0.019552721
1785983377.269999981 0.983639121 1.305992960 0.414980556 -0.008831384 0.041242453 0.998917613 0.019612990
1785983377.279999971 0.979270202 1.307479519 0.416722321 -0.008455361 0.041111220 0.998925247 0.019665345
1785983377.289999962 0.974829276 1.309015108 0.418470417 -0.008041335 0.041050493 0.998930093 0.019719610
1785983377.299999952 0.970297136 1.310557720 0.420241895 -0.007689380 0.041042733 0.998929496 0.019905522
1785983377.309999943 0.965648192 1.311967632 0.422014498 -0.007383816 0.040957966 0.998932707 0.020034235
1785983377.319999933 0.960958861 1.313231894 0.423801034 -0.007127219 0.040835281 0.998934525 0.020285416
1785983377.329999924 0.956400294 1.314410426 0.425730201 -0.006929746 0.040679476 0.998937215 0.020532903
1785983377.339999914 0.952019751 1.315405755 0.427800787 -0.006704103 0.040568767 0.998936491 0.020859442
1785983377.349999905 0.947769390 1.316205172 0.429937382 -0.006488064 0.040393091 0.998937647 0.021210379
1785983377.359999895 0.943619333 1.316871212 0.432173414 -0.006342739 0.040280471 0.998936449 0.021522633
1785983377.369999886 0.939551429 1.317471580 0.434477561 -0.006222800 0.040267422 0.998931176 0.021824689
1785983377.380000114 0.935566382 1.318086390 0.436795360 -0.006089145 0.040193755 0.998928247 0.022130130
1785983377.390000105 0.931676042 1.318688580 0.439140666 -0.005949865 0.040063220 0.998929091 0.022365344
1785983377.400000095 0.927825388 1.319226047 0.441531686 -0.005841402 0.039877142 0.998930989 0.022640034
1785983377.410000086 0.923885221 1.319737919 0.444047715 -0.005767397 0.039677275 0.998932472 0.022942681
1785983377.420000076 0.919781067 1.320193731 0.446659196 -0.005675494 0.039535613 0.998929780 0.023324212
1785983377.430000067 0.915517932 1.320510093 0.449250117 -0.005559263 0.039527715 0.998923741 0.023622309
1785983377.440000057 0.911112202 1.320674833 0.451815050 -0.005477661 0.039614915 0.998910654 0.024044959
1785983377.450000048 0.906614894 1.320717058 0.454367465 -0.005416089 0.039697840 0.998899657 0.024376673
1785983377.460000038 0.902068872 1.320683458 0.456913248 -0.005398556 0.039699881 0.998891950 0.024691032
1785983377.470000029 0.897484020 1.320576300 0.459453078 -0.005391258 0.039700607 0.998883931 0.025013773
1785983377.480000019 0.892864876 1.320382401 0.461991513 -0.005331658 0.039737964 0.998877059 0.025240613
1785983377.490000010 0.888203593 1.320127308 0.464542013 -0.005235571 0.039840155 0.998869565 0.025395739
1785983377.500000000 0.883527260 1.319847097 0.467114063 -0.005150682 0.040072646 0.998855507 0.025599413
1785983377.509999990 0.878902447 1.319548903 0.469689994 -0.005051365 0.040348535 0.998838338 0.025854464
1785983377.519999981 0.874341209 1.319225496 0.472248538 -0.005018540 0.040649284 0.998822131 0.026015399
1785983377.529999971 0.869787076 1.318877168 0.474783397 -0.005003972 0.040915707 0.998808593 0.026120118
1785983377.539999962 0.865231931 1.318519867 0.477300770 -0.004957685 0.041220438 0.998792666 0.026258457
1785983377.549999952 0.860745271 1.318199646 0.479813166 -0.004942800 0.041551761 0.998774468 0.026430715
1785983377.559999943 0.856330840 1.317947561 0.482313173 -0.004921261 0.041948262 0.998755648 0.026519423
1785983377.569999933 0.851928628 1.317764387 0.484776650 -0.004867287 0.042367033 0.998736420 0.026587730
1785983377.579999924 0.847513415 1.317669950 0.487183744 -0.004909149 0.042724636 0.998718805 0.026669345
1785983377.589999914 0.843076020 1.317693788 0.489515679 -0.005027277 0.042996064 0.998705712 0.026701423
1785983377.599999905 0.838631500 1.317843947 0.491781901 -0.005081568 0.043250794 0.998693386 0.026740737
1785983377.609999895 0.834223634 1.318108808 0.494014714 -0.005172299 0.043530330 0.998681063 0.026729984
1785983377.619999886 0.829880926 1.318473691 0.496227421 -0.005266681 0.043767893 0.998668955 0.026775977
1785983377.630000114 0.825602055 1.318930836 0.498427969 -0.005385088 0.043986780 0.998656044 0.026875063
1785983377.640000105 0.821377176 1.319456314 0.500621660 -0.005497266 0.044155807 0.998645042 0.026983803
1785983377.650000095 0.817212549 1.320005538 0.502805866 -0.005613247 0.044313268 0.998635357 0.027060101
1785983377.660000086 0.813138630 1.320558128 0.504986595 -0.005681713 0.044412488 0.998628488 0.027136526
1785983377.670000076 0.809182199 1.321110658 0.507167375 -0.005720065 0.044473670 0.998624079 0.027190484
1785983377.680000067 0.805373163 1.321661427 0.509137302 -0.005772417 0.044545435 0.998620210 0.027204033
1785983377.690000057 0.801724204 1.322259322 0.510889597 -0.005857242 0.044588125 0.998617006 0.027233551
1785983377.700000048 0.798199096 1.322941365 0.512367239 -0.005930678 0.044655436 0.998613185 0.027247506
1785983377.710000038 0.794706152 1.323692322 0.513492316 -0.005989610 0.044759732 0.998606845 0.027295782
1785983377.720000029 0.791177448 1.324476734 0.514333530 -0.006049306 0.044884839 0.998599864 0.027332564
1785983377.730000019 0.787624311 1.325243480 0.514975416 -0.006100758 0.045012458 0.998591661 0.027410822
1785983377.740000010 0.784062473 1.325975252 0.515604076 -0.006219813 0.045173507 0.998581429 0.027491795
1785983377.750000000 0.780500003 1.326679318 0.516211799 -0.006332060 0.045383501 0.998571468 0.027482106
1785983377.759999990 0.776952221 1.327343691 0.516813999 -0.006422828 0.045675770 0.998556819 0.027509088
1785983377.769999981 0.773432397 1.327938698 0.517433512 -0.006525304 0.045983504 0.998541027 0.027545518
1785983377.779999971 0.769955649 1.328427411 0.518069614 -0.006634683 0.046288284 0.998526928 0.027519980
1785983377.789999962 0.766518511 1.328780186 0.518713023 -0.006819977 0.046515964 0.998517277 0.027440872
1785983377.799999952 0.763117711 1.329036219 0.519351148 -0.007075077 0.046853463 0.998500270 0.027420930
1785983377.809999943 0.759765024 1.329279147 0.519774123 -0.007318818 0.047262932 0.998479750 0.027401441
1785983377.819999933 0.756474202 1.329533111 0.519793024 -0.007619199 0.047747264 0.998455956 0.027346861
1785983377.829999924 0.753254607 1.329770928 0.519448092 -0.007939849 0.048282941 0.998428856 0.027304490
1785983377.839999914 0.750083209 1.329952128 0.518697121 -0.008185227 0.048753631 0.998406047 0.027229584
1785983377.849999905 0.746900379 1.330051762 0.517587671 -0.008383671 0.049172475 0.998387554 0.027093809
1785983377.859999895 0.743632128 1.330076797 0.516345335 -0.008502348 0.049532210 0.998372905 0.026940903
1785983377.869999886 0.740217781 1.330038532 0.514978618 -0.008482735 0.049901402 0.998358115 0.026813577
1785983377.880000114 0.736586694 1.329953835 0.513416419 -0.008447786 0.050179872 0.998348201 0.026673679
1785983377.890000105 0.732658411 1.329830780 0.511712945 -0.008404444 0.050337951 0.998343709 0.026557398
1785983377.900000095 0.728431976 1.329664754 0.509764773 -0.008202004 0.050568504 0.998335712 0.026483194
1785983377.910000086 0.724003844 1.329421763 0.507634867 -0.008070754 0.050692742 0.998333652 0.026363367
1785983377.920000076 0.719471574 1.329120842 0.505527446 -0.007977133 0.050760534 0.998333565 0.026264534
1785983377.930000067 0.714903068 1.328869021 0.503421723 -0.007842046 0.050776115 0.998337289 0.026133235
1785983377.940000057 0.710353387 1.328637732 0.501308639 -0.007601043 0.050813265 0.998340101 0.026024579
1785983377.950000048 0.705816249 1.328309205 0.499214252 -0.007274627 0.050831880 0.998343169 0.025963745
1785983377.960000038 0.701244317 1.327887676 0.497147414 -0.006917331 0.050913384 0.998343501 0.025888847
1785983377.970000029 0.696627507 1.327420336 0.495122702 -0.006517421 0.051032842 0.998340553 0.025871093
1785983377.980000019 0.691973836 1.326916458 0.493153357 -0.006065354 0.051075034 0.998342438 0.025824950
1785983377.990000010 0.687289377 1.326422263 0.491240250 -0.005560426 0.051088453 0.998346125 0.025769467
1785983378.000000000 0.682554338 1.325982176 0.489365849 -0.005141977 0.051119070 0.998349124 0.025679314
1785983378.009999990 0.677721870 1.325581348 0.487502549 -0.004794019 0.051217544 0.998348557 0.025572250
1785983378.019999981 0.672781108 1.325177259 0.485656376 -0.004452152 0.051347046 0.998344812 0.025520511
1785983378.029999971 0.667750896 1.324693854 0.483865336 -0.004161743 0.051533458 0.998337637 0.025474389
1785983378.039999962 0.662614105 1.324121096 0.482306201 -0.003879417 0.051666899 0.998330657 0.025522149
1785983378.049999952 0.657332211 1.323498714 0.481217674 -0.003717227 0.051709584 0.998326933 0.025605379
1785983378.059999943 0.651948476 1.322869456 0.480612270 -0.003580908 0.051836804 0.998323099 0.025516906
1785983378.069999933 0.646527071 1.322326827 0.480232296 -0.003532018 0.052106205 0.998310380 0.025472608
1785983378.079999924 0.641066816 1.321907957 0.479875599 -0.003623143 0.052376020 0.998296781 0.025439394
1785983378.089999914 0.635565810 1.321566520 0.479531419 -0.003798873 0.052696516 0.998279656 0.025423905
1785983378.099999905 0.630080341 1.321278288 0.479365461 -0.004018624 0.053098972 0.998257297 0.025430683
1785983378.109999895 0.624706790 1.321050710 0.479457631 -0.004302837 0.053524342 0.998234736 0.025377982
1785983378.119999886 0.619437035 1.320934432 0.479687390 -0.004459623 0.053979540 0.998210560 0.025337683
1785983378.130000114 0.614161231 1.321030370 0.480178970 -0.004559557 0.054450807 0.998185288 0.025307127
1785983378.140000105 0.608829694 1.321353079 0.480927704 -0.004645936 0.055019867 0.998153366 0.025319685
1785983378.150000095 0.603459681 1.321853201 0.481915023 -0.004694625 0.055582883 0.998120002 0.025396184
1785983378.160000086 0.598049475 1.322514208 0.483146322 -0.004634191 0.056174041 0.998085771 0.025451807
1785983378.170000076 0.592580034 1.323340404 0.484640863 -0.004487078 0.056784009 0.998048667 0.025579288
1785983378.180000067 0.587093137 1.324340002 0.486609044 -0.004337905 0.057336793 0.998013547 0.025741705
1785983378.190000057 0.581672156 1.325468784 0.488877226 -0.004169453 0.057764127 0.997983818 0.025965761
1785983378.200000048 0.576375580 1.326652686 0.491355135 -0.004021739 0.058177672 0.997954325 0.026198281
1785983378.210000038 0.571236640 1.327807072 0.494099093 -0.003825441 0.058506639 0.997930622 0.026397231
1785983378.220000029 0.566218205 1.328919014 0.496967558 -0.003539000 0.058834199 0.997905351 0.026663150
1785983378.230000019 0.561227413 1.330068690 0.499877434 -0.003241433 0.059083712 0.997883200 0.026976405
1785983378.240000010 0.556212552 1.331266259 0.502820174 -0.002949286 0.059334623 0.997862524 0.027222932
1785983378.250000000 0.551151362 1.332466881 0.505780379 -0.002690213 0.059574963 0.997840395 0.027534217
1785983378.259999990 0.546059781 1.333603180 0.508737630 -0.002459400 0.059717192 0.997823653 0.027852588
1785983378.269999981 0.540989801 1.334624451 0.511701353 -0.002273299 0.059806641 0.997809223 0.028191359
1785983378.279999971 0.535938114 1.335542643 0.514683299 -0.002161133 0.059807862 0.997802351 0.028439718
1785983378.289999962 0.530864078 1.336348690 0.517683095 -0.002087602 0.059654330 0.997803904 0.028711885
1785983378.299999952 0.525760868 1.337043462 0.520708193 -0.002009310 0.059495919 0.997807884 0.028907190
1785983378.309999943 0.520660452 1.337555796 0.523797870 -0.001978404 0.059157173 0.997817210 0.029280202
1785983378.319999933 0.515578749 1.337817547 0.526974555 -0.001853808 0.058801203 0.997826586 0.029683112
1785983378.329999924 0.510507240 1.337952124 0.530206290 -0.001655697 0.058419375 0.997843543 0.029878063
1785983378.339999914 0.505425969 1.338007441 0.533463578 -0.001528996 0.058010774 0.997863832 0.030003096
1785983378.349999905 0.500290746 1.337901523 0.536747086 -0.001489660 0.057533423 0.997885989 0.030186744
1785983378.359999895 0.495063956 1.337600646 0.540073415 -0.001410826 0.057065352 0.997908864 0.030322505
1785983378.369999886 0.489746748 1.337086466 0.543410201 -0.001352408 0.056647714 0.997924287 0.030599434
1785983378.380000114 0.484351411 1.336365820 0.546694168 -0.001336024 0.056290677 0.997939898 0.030749559
1785983378.390000105 0.478866438 1.335464915 0.549935843 -0.001346943 0.055961562 0.997949561 0.031034864
1785983378.400000095 0.473324103 1.334458217 0.553115547 -0.001284905 0.055695336 0.997959339 0.031201530
1785983378.410000086 0.467792760 1.333403758 0.555979593 -0.001267558 0.055492216 0.997965066 0.031380467
1785983378.420000076 0.462280572 1.332285531 0.558579519 -0.001223198 0.055244682 0.997975416 0.031489654
1785983378.430000067 0.456750781 1.331158040 0.561155706 -0.001311326 0.054859086 0.997986781 0.031798517
1785983378.440000057 0.451192633 1.330068076 0.563702457 -0.001319423 0.054369828 0.998001849 0.032163503
1785983378.450000048 0.445624621 1.328953001 0.566249264 -0.001440128 0.053840574 0.998023778 0.032367519
1785983378.460000038 0.440066262 1.327775930 0.568773447 -0.001553291 0.053243891 0.998043170 0.032749151
1785983378.470000029 0.434514951 1.326539128 0.570916010 -0.001674860 0.052643153 0.998063958 0.033079127
1785983378.480000019 0.428969249 1.325271706 0.572391164 -0.001702188 0.051938357 0.998088423 0.033451591
1785983378.490000010 0.423456571 1.324047730 0.573179851 -0.001731446 0.051221451 0.998115831 0.033736533
1785983378.500000000 0.418035661 1.323008946 0.573131460 -0.001629719 0.050614567 0.998139129 0.033967472
1785983378.509999990 0.412731913 1.322208094 0.572222161 -0.001546920 0.050053749 0.998159516 0.034202490
1785983378.519999981 0.407485695 1.321545530 0.570853502 -0.001336617 0.049592537 0.998175576 0.034413840
1785983378.529999971 0.402219066 1.320933264 0.569364165 -0.001117147 0.049329388 0.998184655 0.034536340
1785983378.539999962 0.396961643 1.320321364 0.567797815 -0.000811894 0.049105700 0.998192581 0.034634409
1785983378.549999952 0.391810174 1.319714519 0.566214619 -0.000520874 0.048992940 0.998196479 0.034687304
1785983378.559999943 0.386780148 1.319127473 0.564648300 -0.000172518 0.049029143 0.998191881 0.034771867
1785983378.569999933 0.381814183 1.318582975 0.563272099 0.000253777 0.049137881 0.998184395 0.034832725
1785983378.579999924 0.376867399 1.318098034 0.562394121 0.000726792 0.049407194 0.998170607 0.034840198
1785983378.589999914 0.371917464 1.317655401 0.562046881 0.001211228 0.049827507 0.998149919 0.034820842
1785983378.599999905 0.366925661 1.317217946 0.561946270 0.001749750 0.050455750 0.998116855 0.034841052
1785983378.609999895 0.361838844 1.316758595 0.561935476 0.002347510 0.051223647 0.998079468 0.034756345
1785983378.619999886 0.356712472 1.316329341 0.562255378 0.002897344 0.052027645 0.998039141 0.034678572
1785983378.630000114 0.351679013 1.315996639 0.562888113 0.003429186 0.052881390 0.997994440 0.034625096
1785983378.640000105 0.346740361 1.315770056 0.563595370 0.003970947 0.053799113 0.997944775 0.034584872
1785983378.650000095 0.341782123 1.315667864 0.564409586 0.004502945 0.054821843 0.997890007 0.034493803
1785983378.660000086 0.336758570 1.315668009 0.565308033 0.004982773 0.055881096 0.997832334 0.034396335
1785983378.670000076 0.331721614 1.315708761 0.566262137 0.005408040 0.057023142 0.997767339 0.034343131
1785983378.680000067 0.326722135 1.315818431 0.567373611 0.005861917 0.058107118 0.997705769 0.034240319
1785983378.690000057 0.321803851 1.316088053 0.568636093 0.006313585 0.059158165 0.997643940 0.034161675
1785983378.700000048 0.316999594 1.316510990 0.569954174 0.006717415 0.060272948 0.997573424 0.034195211
1785983378.710000038 0.312324057 1.316971750 0.571313829 0.007201840 0.061320979 0.997508808 0.034118167
1785983378.720000029 0.307753533 1.317412157 0.572716819 0.007647235 0.062294163 0.997445882 0.034097940
1785983378.730000019 0.303240036 1.317837905 0.574161125 0.007984916 0.063172387 0.997389125 0.034065003
1785983378.740000010 0.298675794 1.318231483 0.575645838 0.008308926 0.063938060 0.997340978 0.033968517
1785983378.750000000 0.293889229 1.318480734 0.577342424 0.008660869 0.064617309 0.997295334 0.033935381
1785983378.759999990 0.288826965 1.318573775 0.579303967 0.008868407 0.065158057 0.997264434 0.033755408
1785983378.769999981 0.283510412 1.318669606 0.581341645 0.008936848 0.065581121 0.997236407 0.033746087
1785983378.779999971 0.277940625 1.318836029 0.583381098 0.008965398 0.065837550 0.997222478 0.033650685
1785983378.789999962 0.272127899 1.319098178 0.585406040 0.008974451 0.065999656 0.997215596 0.033534463
1785983378.799999952 0.266091056 1.319413501 0.587414313 0.008991167 0.066079355 0.997213306 0.033441002
1785983378.809999943 0.259886786 1.319689074 0.589437931 0.009141128 0.066019209 0.997219138 0.033345075
1785983378.819999933 0.253585045 1.319844405 0.591510933 0.009245808 0.065858287 0.997235054 0.033157926
1785983378.829999924 0.247236578 1.319794020 0.593640440 0.009413368 0.065679398 0.997249956 0.033017114
1785983378.839999914 0.240852522 1.319566749 0.595809605 0.009496679 0.065357553 0.997273954 0.032906908
1785983378.849999905 0.234356385 1.319267289 0.597988090 0.009543852 0.064939370 0.997302894 0.032844043
1785983378.859999895 0.227693591 1.318926560 0.600199173 0.009644521 0.064479500 0.997334084 0.032773501
1785983378.869999886 0.220905827 1.318519832 0.602668503 0.009728132 0.063963601 0.997366521 0.032772609
1785983378.880000114 0.214012860 1.318030235 0.605701464 0.009939644 0.063480299 0.997402414 0.032555804
1785983378.890000105 0.207002801 1.317443423 0.609451063 0.010482050 0.062906613 0.997433568 0.032544778
1785983378.900000095 0.199918934 1.316766124 0.614008722 0.010775042 0.062542223 0.997450279 0.032639077
1785983378.910000086 0.192824875 1.315978451 0.619169972 0.011004939 0.062196383 0.997472059 0.032557531
1785983378.920000076 0.185723387 1.315043284 0.624520644 0.011331681 0.061799958 0.997495940 0.032468568
1785983378.930000067 0.178606398 1.313932266 0.629896977 0.011742482 0.061410156 0.997510624 0.032610751
1785983378.940000057 0.171495645 1.312693809 0.635372428 0.012136576 0.061075668 0.997529512 0.032516744
1785983378.950000048 0.164429513 1.311406994 0.640968109 0.012543559 0.060749118 0.997548396 0.032394471
1785983378.960000038 0.157412120 1.310130541 0.646598706 0.012879685 0.060501892 0.997562070 0.032304034
1785983378.970000029 0.150416274 1.308930127 0.652238006 0.013203988 0.060341202 0.997567790 0.032297041
1785983378.980000019 0.143471825 1.307780751 0.657873346 0.013564615 0.060152370 0.997571400 0.032388195
1785983378.990000010 0.136660298 1.306605990 0.663495662 0.013970632 0.059992193 0.997574525 0.032416421
1785983379.000000000 0.130003996 1.305404460 0.668943826 0.014364074 0.059838388 0.997578106 0.032418563
1785983379.009999990 0.123483624 1.304271245 0.674159278 0.014764227 0.059637649 0.997582261 0.032480764
1785983379.019999981 0.117117754 1.303253818 0.679297764 0.015158267 0.059444396 0.997585035 0.032568221
1785983379.029999971 0.110962234 1.302318677 0.684438035 0.015508455 0.059237697 0.997587833 0.032694024
1785983379.039999962 0.105023460 1.301439429 0.689590908 0.015822909 0.059054937 0.997590143 0.032803312
1785983379.049999952 0.099240394 1.300616920 0.694747269 0.016172591 0.058771087 0.997597660 0.032913761
1785983379.059999943 0.093634346 1.299872078 0.699900263 0.016417651 0.058334857 0.997615112 0.033039262
1785983379.069999933 0.088301975 1.299222537 0.705039027 0.016602798 0.057720056 0.997642646 0.033194766
1785983379.079999924 0.083259807 1.298669738 0.710163932 0.016675099 0.057148375 0.997670752 0.033302782
1785983379.089999914 0.078444889 1.298205758 0.715275394 0.016641040 0.056568523 0.997697769 0.033499847
1785983379.099999905 0.073783994 1.297843417 0.720348250 0.016483257 0.056062860 0.997719178 0.033789048
1785983379.109999895 0.069232869 1.297616591 0.725256671 0.016290328 0.055600737 0.997737316 0.034109106
1785983379.119999886 0.064793678 1.297537854 0.729832903 0.016010204 0.055106703 0.997760800 0.034355642
1785983379.130000114 0.060469816 1.297593891 0.733969271 0.015664784 0.054605244 0.997785012 0.034611431
1785983379.140000105 0.056259257 1.297831369 0.737488606 0.015176684 0.054014540 0.997806941 0.035119888
1785983379.150000095 0.052163998 1.298316372 0.740264833 0.014553286 0.053398129 0.997836621 0.035481268
1785983379.160000086 0.048182616 1.299055631 0.742558306 0.013956244 0.052895102 0.997860715 0.035795585
1785983379.170000076 0.044294074 1.299965799 0.744513976 0.013295189 0.052401529 0.997875696 0.036351246
1785983379.180000067 0.040460268 1.300958604 0.745928700 0.012568933 0.052065421 0.997887792 0.036758243
1785983379.190000057 0.036687438 1.302014867 0.746631795 0.011730651 0.051732713 0.997900309 0.037163049
1785983379.200000048 0.033004911 1.303111928 0.746670020 0.010930845 0.051425110 0.997913320 0.037483077
1785983379.210000038 0.029437385 1.304251418 0.746401602 0.010172479 0.051220509 0.997918471 0.037837877
1785983379.220000029 0.025979612 1.305404560 0.745567732 0.009453313 0.050919857 0.997919525 0.038398229
1785983379.230000019 0.022577637 1.306555001 0.743839271 0.008736554 0.050703389 0.997924286 0.038729285
1785983379.240000010 0.019181622 1.307736480 0.741646782 0.007936315 0.050575022 0.997919828 0.039181604
1785983379.250000000 0.015745297 1.308931958 0.739016832 0.007132608 0.050519309 0.997913795 0.039559862
1785983379.259999990 0.012233247 1.310110449 0.735867207 0.006290703 0.050536920 0.997903976 0.039926212
1785983379.269999981 0.008667484 1.311249599 0.732505378 0.005481515 0.050635564 0.997889910 0.040270592
1785983379.279999971 0.005101810 1.312374527 0.729086368 0.004792889 0.050756817 0.997868861 0.040724800
1785983379.289999962 0.001596702 1.313575705 0.725657003 0.004056007 0.050916619 0.997850388 0.041056659
1785983379.299999952 -0.001916999 1.314799080 0.722248270 0.003372040 0.051127381 0.997829440 0.041364592
1785983379.309999943 -0.005543096 1.315952701 0.718865019 0.002626329 0.051435964 0.997799567 0.041754851
1785983379.319999933 -0.009276404 1.317065235 0.715520982 0.001997847 0.051758121 0.997766705 0.042174726
1785983379.329999924 -0.013082117 1.318140572 0.712198885 0.001416403 0.052083224 0.997734118 0.042567138
1785983379.339999914 -0.016919650 1.319217194 0.708879676 0.000787984 0.052429497 0.997702342 0.042901797
1785983379.349999905 -0.020806919 1.320364309 0.705556881 0.000120235 0.052813611 0.997663693 0.043334331
1785983379.359999895 -0.024824545 1.321600219 0.702226602 -0.000468448 0.053267354 0.997626329 0.043635728
1785983379.369999886 -0.029066964 1.322859408 0.698898233 -0.001188578 0.053772542 0.997589479 0.043844408
1785983379.380000114 -0.033543818 1.324076862 0.695733151 -0.001718964 0.054233759 0.997547857 0.044204262
1785983379.390000105 -0.038203215 1.325247682 0.693038506 -0.002190856 0.054752199 0.997503328 0.044547821
1785983379.400000095 -0.042985980 1.326322465 0.691037951 -0.002784477 0.055145904 0.997464105 0.044905841
1785983379.410000086 -0.047851473 1.327213435 0.689861464 -0.003294678 0.055614071 0.997425227 0.045156805
1785983379.420000076 -0.052743833 1.327896465 0.689381717 -0.003772539 0.056091425 0.997390382 0.045298406
1785983379.430000067 -0.057582888 1.328399614 0.689475443 -0.004178325 0.056536913 0.997356943 0.045444991
1785983379.440000057 -0.062352705 1.328697198 0.689939720 -0.004454139 0.056967405 0.997320124 0.045688574
1785983379.450000048 -0.067074209 1.328718139 0.690511407 -0.004627929 0.057464918 0.997283231 0.045853282
1785983379.460000038 -0.071738123 1.328468129 0.691168164 -0.004743506 0.057987238 0.997244561 0.046024616
1785983379.470000029 -0.076327638 1.327990199 0.691963727 -0.004946892 0.058393593 0.997207754 0.046286192
1785983379.480000019 -0.080828662 1.327277656 0.693306096 -0.005174303 0.058595660 0.997189782 0.046393028
1785983379.490000010 -0.085235282 1.326340601 0.695492595 -0.005269002 0.058823985 0.997159042 0.046752767
1785983379.500000000 -0.089577397 1.325186939 0.698340359 -0.005486231 0.059103484 0.997119503 0.047216263
1785983379.509999990 -0.093887747 1.323838185 0.701660808 -0.005639486 0.059499832 0.997077667 0.047582482
1785983379.519999981 -0.098194822 1.322347156 0.705326260 -0.005802011 0.059918972 0.997032704 0.047977497
1785983379.529999971 -0.102536740 1.320711351 0.709172463 -0.005898791 0.060297363 0.996994537 0.048283801
1785983379.539999962 -0.106928216 1.318951278 0.713103312 -0.006044152 0.060702608 0.996957166 0.048529062
1785983379.549999952 -0.111350771 1.317087856 0.717091592 -0.006257207 0.060995585 0.996923247 0.048830583
1785983379.559999943 -0.115782167 1.315102268 0.721189849 -0.006500375 0.061193331 0.996894335 0.049140683
1785983379.569999933 -0.120213155 1.313060702 0.725382050 -0.006732855 0.061357083 0.996860333 0.049592876
1785983379.579999924 -0.124642974 1.311036740 0.729599761 -0.007048055 0.061564449 0.996824168 0.050017204
1785983379.589999914 -0.129058481 1.309044201 0.733836714 -0.007362346 0.061877074 0.996785221 0.050361157
1785983379.599999905 -0.133478066 1.307103891 0.738069596 -0.007652916 0.062131176 0.996749225 0.050716187
1785983379.609999895 -0.137959598 1.305263497 0.742298144 -0.008046582 0.062314593 0.996716075 0.051080427
1785983379.619999886 -0.142540167 1.303547585 0.746538559 -0.008388513 0.062408579 0.996684964 0.051515873
1785983379.630000114 -0.147203246 1.301938158 0.750775877 -0.008708659 0.062399519 0.996652014 0.052107790
1785983379.640000105 -0.151936943 1.300426075 0.754992508 -0.009050846 0.062440848 0.996621538 0.052580717
1785983379.650000095 -0.156761048 1.299023924 0.759194158 -0.009364213 0.062491692 0.996589245 0.053075200
1785983379.660000086 -0.161656298 1.297756969 0.763379808 -0.009616680 0.062534874 0.996563106 0.053468536
1785983379.670000076 -0.166565097 1.296680334 0.767553400 -0.009880587 0.062583606 0.996532595 0.053930077
1785983379.680000067 -0.171488968 1.295811803 0.771709370 -0.010053841 0.062538650 0.996512768 0.054315203
1785983379.690000057 -0.176505621 1.295115728 0.775818519 -0.010206658 0.062337694 0.996498185 0.054783244
1785983379.700000048 -0.181677691 1.294563459 0.779871089 -0.010282942 0.062145484 0.996486620 0.055196166
1785983379.710000038 -0.187062387 1.294110924 0.783868841 -0.010303760 0.061873484 0.996480758 0.055602185
1785983379.720000029 -0.192689096 1.293723898 0.787814482 -0.010284937 0.061639053 0.996469773 0.056061025
1785983379.730000019 -0.198566125 1.293419346 0.791708028 -0.010234008 0.061388781 0.996460416 0.056509489
1785983379.740000010 -0.204664078 1.293189845 0.795558094 -0.010113568 0.061135187 0.996439887 0.057164284
1785983379.750000000 -0.210886975 1.292962358 0.799385043 -0.009991926 0.060867723 0.996430720 0.057628997
1785983379.759999990 -0.217174683 1.292665265 0.803196732 -0.009801466 0.060558518 0.996425835 0.058070244
1785983379.769999981 -0.223493432 1.292286067 0.806995304 -0.009551049 0.060236790 0.996422025 0.058510300
1785983379.779999971 -0.229826331 1.291839552 0.810791027 -0.009253384 0.059998060 0.996411189 0.058986020
1785983379.789999962 -0.236191276 1.291333746 0.814642771 -0.008891121 0.059939970 0.996386191 0.059520643
1785983379.799999952 -0.242583938 1.290782607 0.818550389 -0.008606781 0.059833692 0.996367521 0.059980134
1785983379.809999943 -0.248960638 1.290207828 0.822467009 -0.008343366 0.059831881 0.996347342 0.060353196
1785983379.819999933 -0.255293727 1.289634957 0.826420219 -0.008134751 0.059851501 0.996326278 0.060708913
1785983379.829999924 -0.261581333 1.289092527 0.830510424 -0.007924063 0.059958232 0.996301046 0.061044624
1785983379.839999914 -0.267806416 1.288588655 0.834749920 -0.007671854 0.060043268 0.996276904 0.061386317
1785983379.849999905 -0.273931287 1.288117005 0.839072835 -0.007397989 0.060200297 0.996249728 0.061706341
1785983379.859999895 -0.279921637 1.287704789 0.843455447 -0.007161964 0.060403868 0.996221289 0.061993734
1785983379.869999886 -0.285792888 1.287404907 0.847863701 -0.006956113 0.060608800 0.996192366 0.062281256
1785983379.880000114 -0.291574565 1.287216921 0.852306669 -0.006741801 0.060782240 0.996165111 0.062571064
1785983379.890000105 -0.297239427 1.287082881 0.856818012 -0.006530772 0.060988707 0.996141858 0.062762455
1785983379.900000095 -0.302763183 1.286969455 0.861395414 -0.006302256 0.061194780 0.996118924 0.062948945
1785983379.910000086 -0.308143294 1.286861987 0.865964080 -0.006074433 0.061411494 0.996093732 0.063158589
1785983379.920000076 -0.313375799 1.286724780 0.870242351 -0.005853418 0.061644550 0.996068538 0.063349462
1785983379.930000067 -0.318471180 1.286523378 0.874248161 -0.005634179 0.061890990 0.996047239 0.063463844
1785983379.940000057 -0.323463720 1.286198536 0.878151257 -0.005466048 0.062113670 0.996028903 0.063548706
1785983379.950000048 -0.328393416 1.285691350 0.881953151 -0.005243559 0.062411127 0.996007573 0.063610309
1785983379.960000038 -0.333263073 1.285031758 0.885321791 -0.005139353 0.062762700 0.995980566 0.063695701
1785983379.970000029 -0.338040325 1.284252079 0.888010714 -0.005029608 0.063079686 0.995960023 0.063712554
1785983379.980000019 -0.342705269 1.283365381 0.890237608 -0.004911012 0.063475467 0.995932234 0.063763089
1785983379.990000010 -0.347264668 1.282423024 0.892067891 -0.004771797 0.063988142 0.995898372 0.063790121
1785983380.000000000 -0.351735100 1.281463380 0.893670587 -0.004651721 0.064587666 0.995855077 0.063870659
1785983380.009999990 -0.356158499 1.280464859 0.895258337 -0.004516404 0.065283052 0.995801439 0.064009519
1785983380.019999981 -0.360545723 1.279398189 0.896890133 -0.004350767 0.065997136 0.995744517 0.064174020
1785983380.029999971 -0.364859158 1.278267308 0.898581064 -0.004190807 0.066565555 0.995700139 0.064286064
1785983380.039999962 -0.369087453 1.277080462 0.900338342 -0.004044366 0.067202630 0.995653141 0.064360493
1785983380.049999952 -0.373237648 1.275812303 0.902482799 -0.003914033 0.067841064 0.995606923 0.064413708
1785983380.059999943 -0.377352333 1.274477910 0.905103490 -0.003795009 0.068435206 0.995563577 0.064462270
1785983380.069999933 -0.381516886 1.273171372 0.907885348 -0.003547784 0.068991758 0.995523072 0.064508637
1785983380.079999924 -0.385782260 1.271899090 0.910919292 -0.003315889 0.069577300 0.995481513 0.064533414
1785983380.089999914 -0.390150650 1.270612128 0.914670559 -0.003082478 0.070168993 0.995441603 0.064519959
1785983380.099999905 -0.394664299 1.269324232 0.919586005 -0.002915437 0.070744947 0.995404961 0.064464064
1785983380.109999895 -0.399366493 1.268098026 0.925492882 -0.002744898 0.071173726 0.995391882 0.064200991
1785983380.119999886 -0.404255431 1.267002177 0.931727696 -0.002511473 0.071471558 0.995410889 0.063581998
1785983380.130000114 -0.409332263 1.266036984 0.937952684 -0.002357646 0.071565622 0.995463106 0.062657867
1785983380.140000105 -0.414577966 1.265124281 0.944175566 -0.002232297 0.071410312 0.995547154 0.061493480
1785983380.150000095 -0.419945685 1.264218708 0.950401385 -0.002160923 0.071053986 0.995657313 0.060109696
1785983380.160000086 -0.425375374 1.263316176 0.956627973 -0.002095886 0.070405697 0.995814949 0.058234291
1785983380.170000076 -0.430824639 1.262355017 0.962875700 -0.002056068 0.069464779 0.996013056 0.055932183
1785983380.180000067 -0.436289979 1.261259231 0.969160610 -0.001965951 0.068331950 0.996231463 0.053383058
1785983380.190000057 -0.441790478 1.260017802 0.975481558 -0.001877433 0.067057755 0.996464078 0.050587292
1785983380.200000048 -0.447356967 1.258651439 0.981838032 -0.001800817 0.065667583 0.996708381 0.047507151
1785983380.210000038 -0.453025129 1.257165445 0.988244296 -0.001695067 0.064202261 0.996961851 0.044071126
1785983380.220000029 -0.458771707 1.255543966 0.994691662 -0.001558511 0.062736479 0.997215132 0.040294988
1785983380.230000019 -0.464520895 1.253821125 1.000733435 -0.001375410 0.061319595 0.997461602 0.036171357
1785983380.240000010 -0.470233260 1.252017083 1.005566324 -0.001113012 0.059974613 0.997694885 0.031728902
1785983380.250000000 -0.475917923 1.250111449 1.008875890 -0.000708716 0.058754997 0.997908816 0.026932191
1785983380.259999990 -0.481562666 1.248137494 1.010942982 -0.000113662 0.057666870 0.998099156 0.021739242
1785983380.269999981 -0.487120489 1.246116193 1.012003655 0.000672848 0.056764205 0.998256497 0.016165950
1785983380.279999971 -0.492559328 1.244022430 1.012092456 0.001671230 0.055966256 0.998378099 0.010303248
1785983380.289999962 -0.497856767 1.241814217 1.011280023 0.002844003 0.055252624 0.998460297 0.004011756
1785983380.299999952 -0.503017650 1.239494536 1.009772207 0.004059840 0.054621839 0.998495373 -0.002638787
1785983380.309999943 -0.508068820 1.237120372 1.007991685 0.005433596 0.054054407 0.998478153 -0.009485486
1785983380.319999933 -0.513041176 1.234751575 1.006230845 0.006805553 0.053587115 0.998398720 -0.016795883
1785983380.329999924 -0.517965401 1.232424387 1.004513573 0.008404173 0.053370126 0.998244782 -0.024256012
1785983380.339999914 -0.522877613 1.230129017 1.002833734 0.009907804 0.053236414 0.998022889 -0.031906622
1785983380.349999905 -0.527852099 1.227831098 1.001193942 0.011504879 0.053224823 0.997731134 -0.039589657
1785983380.359999895 -0.532916311 1.225524922 0.999574833 0.013055258 0.053233497 0.997354940 -0.047737602
1785983380.369999886 -0.538043832 1.223244907 0.997836597 0.014511536 0.053137932 0.996908265 -0.056032911
1785983380.380000114 -0.543239855 1.220985505 0.995815967 0.015852165 0.053051981 0.996381167 -0.064488493
1785983380.390000105 -0.548515094 1.218694283 0.993544372 0.017319410 0.052950406 0.995763806 -0.073148714
1785983380.400000095 -0.553914631 1.216366926 0.991204034 0.018611969 0.053021259 0.995031746 -0.082183730
1785983380.410000086 -0.559521824 1.214012475 0.988861093 0.019833721 0.053035349 0.994212701 -0.091296110
1785983380.420000076 -0.565315779 1.211607454 0.986496858 0.020933880 0.053040260 0.993306090 -0.100456529
1785983380.430000067 -0.571216848 1.209144196 0.984153400 0.022000871 0.053035788 0.992286919 -0.109862810
1785983380.440000057 -0.577225454 1.206626992 0.981871302 0.022994058 0.052984152 0.991129873 -0.119689301
1785983380.450000048 -0.583327826 1.204082730 0.979666774 0.023968092 0.052908131 0.989866820 -0.129575994
1785983380.460000038 -0.589435071 1.201537780 0.977533510 0.024820626 0.052826252 0.988482168 -0.139629250
1785983380.470000029 -0.595480044 1.198988470 0.975446447 0.025603180 0.052766529 0.986966128 -0.149860041
1785983380.480000019 -0.601432552 1.196428521 0.973388557 0.026288684 0.052749338 0.985293283 -0.160385660
1785983380.490000010 -0.607262393 1.193850563 0.971346145 0.026818243 0.052771424 0.983513534 -0.170871553
1785983380.500000000 -0.612961367 1.191251509 0.969281585 0.027292530 0.052733958 0.981593756 -0.181515691
1785983380.509999990 -0.618548485 1.188640774 0.967132995 0.027729870 0.052646751 0.979529953 -0.192303002
1785983380.519999981 -0.624060170 1.186015273 0.964505119 0.028151297 0.052595501 0.977302545 -0.203275561
1785983380.529999971 -0.629518648 1.183416004 0.961388630 0.028510394 0.052632284 0.974909730 -0.214401538
1785983380.539999962 -0.634923145 1.180903596 0.958156243 0.028905389 0.052553639 0.972333315 -0.225766514
1785983380.549999952 -0.640308312 1.178498541 0.954828669 0.029296937 0.052614113 0.969621083 -0.237083107
1785983380.559999943 -0.645680147 1.176217916 0.951432399 0.029601111 0.052686613 0.966731691 -0.248551266
1785983380.569999933 -0.651037630 1.174107543 0.948013136 0.029924402 0.052689857 0.963683438 -0.260081797
1785983380.579999924 -0.656393541 1.172172891 0.944586213 0.030297555 0.052667381 0.960481640 -0.271630678
1785983380.589999914 -0.661818583 1.170362301 0.941378108 0.030649194 0.052649136 0.957094007 -0.283301532
1785983380.599999905 -0.667410172 1.168624984 0.938477038 0.031059136 0.052797284 0.953581782 -0.294838196
1785983380.609999895 -0.673156499 1.166951663 0.936104406 0.031495675 0.053171102 0.949943798 -0.306247672
1785983380.619999886 -0.679013298 1.165373674 0.934774030 0.031989234 0.053788763 0.946209317 -0.317445092
1785983380.630000114 -0.684947641 1.163860300 0.934429653 0.032534778 0.054565801 0.942320704 -0.328627071
1785983380.640000105 -0.690899702 1.162380739 0.934496438 0.033129930 0.055404862 0.938372779 -0.339542688
1785983380.650000095 -0.696791145 1.160934343 0.934564377 0.033789538 0.056347839 0.934335746 -0.350285457
1785983380.660000086 -0.702575782 1.159511014 0.934600140 0.034289814 0.057476356 0.930279616 -0.360694488
1785983380.670000076 -0.708234527 1.158081018 0.934617275 0.034653417 0.058757780 0.926183580 -0.370851238
1785983380.680000067 -0.713768639 1.156557973 0.934615894 0.034902355 0.060143886 0.922059598 -0.380750098
1785983380.690000057 -0.719224371 1.154870895 0.934578389 0.035025072 0.061567874 0.917872678 -0.390502737
1785983380.700000048 -0.724625893 1.153080741 0.934501876 0.035034685 0.062892923 0.913722240 -0.399910889
1785983380.710000038 -0.729946445 1.151303639 0.934419477 0.034913067 0.064090396 0.909615241 -0.408990968
1785983380.720000029 -0.735202682 1.149582665 0.934376595 0.034713205 0.065249769 0.905484663 -0.417893510
1785983380.730000019 -0.740401479 1.147914030 0.934387677 0.034429882 0.066311796 0.901388659 -0.426515902
1785983380.740000010 -0.745454428 1.146329486 0.934804226 0.034032732 0.067270184 0.897308419 -0.434918494
1785983380.750000000 -0.750176357 1.144865028 0.936068815 0.033555685 0.068108331 0.893268769 -0.443064530
1785983380.759999990 -0.754546668 1.143510654 0.938242013 0.033019654 0.068666768 0.889289305 -0.450953555
1785983380.769999981 -0.758800629 1.142251638 0.940918834 0.032421370 0.069036886 0.885381929 -0.458564720
1785983380.779999971 -0.763013383 1.141078964 0.943839842 0.031794914 0.069244462 0.881533789 -0.465931827
1785983380.789999962 -0.767080324 1.139960752 0.947046409 0.031126971 0.069264605 0.877730107 -0.473099763
1785983380.799999952 -0.770997079 1.138856128 0.950424402 0.030476940 0.069129475 0.873970138 -0.480071317
1785983380.809999943 -0.774841293 1.137673574 0.953888496 0.029853874 0.068863535 0.870299586 -0.486770162
1785983380.819999933 -0.778669340 1.136336900 0.957424788 0.029338518 0.068494893 0.866596804 -0.493414308
1785983380.829999924 -0.782534860 1.134845214 0.961159118 0.028793833 0.067903043 0.863061948 -0.499684066
1785983380.839999914 -0.786473585 1.133211311 0.965342835 -0.028379169 -0.067078404 -0.859623910 0.505709248
1785983380.849999905 -0.790549636 1.131434305 0.970010166 -0.028027420 -0.066058814 -0.856230540 0.511585730
1785983380.859999895 -0.794776380 1.129571147 0.974881216 -0.027637093 -0.064999859 -0.852945270 0.517199745
1785983380.869999886 -0.799048951 1.127764581 0.979763357 -0.027288912 -0.063857479 -0.849682077 0.522702502
1785983380.880000114 -0.803344742 1.126062790 0.984672590 -0.027034675 -0.062569120 -0.846498988 0.528009181
1785983380.890000105 -0.807759145 1.124416156 0.990252487 -0.026893404 -0.061129945 -0.843385573 0.533142241
1785983380.900000095 -0.812345479 1.122827785 0.997123694 -0.026789135 -0.059660196 -0.840336252 0.538105925
1785983380.910000086 -0.817085653 1.121333922 1.005304586 -0.026838713 -0.058096747 -0.837341250 0.542921801
1785983380.920000076 -0.821972263 1.119925379 1.014764506 -0.026958571 -0.056514464 -0.834432972 0.547540835
1785983380.930000067 -0.827003343 1.118583849 1.025622320 -0.027265597 -0.054854996 -0.831498320 0.552139529
1785983380.940000057 -0.832187784 1.117312305 1.037632573 -0.027449647 -0.053195195 -0.828753251 0.556403484
1785983380.950000048 -0.837539343 1.116135074 1.050133095 -0.027718061 -0.051538501 -0.826048119 0.560553295
1785983380.960000038 -0.843031752 1.115073304 1.062786523 -0.028066921 -0.049873002 -0.823422797 0.564535055
1785983380.970000029 -0.848654855 1.114147071 1.075523938 -0.028483322 -0.048159139 -0.820789839 0.568483454
1785983380.980000019 -0.854439287 1.113390180 1.088331078 -0.028867676 -0.046474626 -0.818237549 0.572270985
1785983380.990000010 -0.860389978 1.112801178 1.101178968 -0.029180885 -0.044828967 -0.815796815 0.575859702
1785983381.000000000 -0.866493918 1.112368324 1.114026836 -0.029518569 -0.043220675 -0.813358623 0.579403467
1785983381.009999990 -0.872748783 1.112110122 1.126861755 -0.029864390 -0.041703994 -0.810992927 0.582803027
1785983381.019999981 -0.879134384 1.112021883 1.139673203 -0.030177464 -0.040142821 -0.808713924 0.586054317
1785983381.029999971 -0.885582728 1.112061405 1.152456065 -0.030398772 -0.038548305 -0.806517673 0.589168215
1785983381.039999962 -0.892006860 1.112228954 1.165210476 -0.030733490 -0.037062758 -0.804343961 0.592209927
1785983381.049999952 -0.898333449 1.112562305 1.177928851 -0.031084203 -0.035615817 -0.802223140 0.595149829
1785983381.059999943 -0.904549796 1.113031664 1.190618175 -0.031357707 -0.034203703 -0.800166737 0.597979928
1785983381.069999933 -0.910690960 1.113537984 1.203248044 -0.031601093 -0.032871818 -0.798147034 0.600734655
1785983381.079999924 -0.916786146 1.114004100 1.215447770 -0.031841146 -0.031651821 -0.796185335 0.603384799
1785983381.089999914 -0.922828550 1.114399880 1.226689188 -0.032110117 -0.030531340 -0.794323752 0.605876683
1785983381.099999905 -0.928801913 1.114692839 1.236380517 -0.032329159 -0.029428539 -0.792544693 0.608244767
1785983381.109999895 -0.934701453 1.114854687 1.244132269 -0.032512025 -0.028300382 -0.790779362 0.610581736
1785983381.119999886 -0.940497894 1.114877381 1.249845886 -0.032681154 -0.027153661 -0.789075619 0.612824843
1785983381.130000114 -0.946153982 1.114758003 1.253266731 -0.032829736 -0.025985958 -0.787327780 0.615111296
1785983381.140000105 -0.951654616 1.114508510 1.254515841 -0.032864970 -0.024864499 -0.785666223 0.617276467
1785983381.150000095 -0.957024299 1.114149343 1.253806738 -0.033059281 -0.023854233 -0.783991847 0.619431064
1785983381.160000086 -0.962300419 1.113688722 1.251045169 -0.033264928 -0.022833537 -0.782445792 0.621410216
1785983381.170000076 -0.967508176 1.113114193 1.246315568 -0.033317906 -0.021779118 -0.780733834 0.623594634
1785983381.180000067 -0.972648025 1.112428037 1.239644961 -0.033539564 -0.020776586 -0.779212872 0.625516372
1785983381.190000057 -0.977709604 1.111647086 1.231047731 -0.033734761 -0.019712429 -0.777769929 0.627333502
1785983381.200000048 -0.982704242 1.110787352 1.220860013 -0.033873471 -0.018660462 -0.776333966 0.629134285
1785983381.210000038 -0.987649216 1.109870586 1.209372949 -0.034088349 -0.017656746 -0.774701882 0.631160216
1785983381.220000029 -0.992547277 1.108857961 1.197276144 -0.034283728 -0.016598845 -0.773234148 0.632975558
1785983381.230000019 -0.997383220 1.107750507 1.185190033 -0.034509105 -0.015724404 -0.771828025 0.634699428
1785983381.240000010 -1.002145149 1.106582534 1.173107514 -0.034618594 -0.014772877 -0.770412078 0.636434243
1785983381.250000000 -1.006814167 1.105369466 1.161039908 -0.034801636 -0.013888595 -0.769163844 0.637952141
1785983381.259999990 -1.011357781 1.104163111 1.149175173 -0.034988735 -0.013058296 -0.767938507 0.639433905
1785983381.269999981 -1.015754271 1.102998318 1.137830898 -0.035228777 -0.012357093 -0.766697482 0.640922153
1785983381.279999971 -1.020013212 1.101928492 1.127305097 -0.035484659 -0.011680350 -0.765471988 0.642383876
1785983381.289999962 -1.024160927 1.100994440 1.117643198 -0.035726388 -0.011030625 -0.764269985 0.643811573
1785983381.299999952 -1.028209087 1.100172718 1.108383915 -0.035912812 -0.010461547 -0.763089160 0.645209858
1785983381.309999943 -1.032128195 1.099400359 1.099168063 -0.036221345 -0.010068333 -0.761959472 0.646532602
1785983381.319999933 -1.035930612 1.098636922 1.089981508 -0.036489674 -0.009765081 -0.760821342 0.647861122
1785983381.329999924 -1.039695824 1.097884160 1.080870008 -0.036764138 -0.009331009 -0.759601538 0.649281783
1785983381.339999914 -1.043473983 1.097121007 1.071949256 -0.037067707 -0.009012525 -0.758500753 0.650554661
1785983381.349999905 -1.047298670 1.096271107 1.063729501 -0.037391465 -0.008814540 -0.757495530 0.651709065
1785983381.359999895 -1.051170210 1.095295249 1.056717763 -0.037582630 -0.008636978 -0.756575761 0.652768004
1785983381.369999886 -1.055022935 1.094223115 1.050639768 -0.037745626 -0.008511507 -0.755658578 0.653821792
1785983381.380000114 -1.058806793 1.093063350 1.045113267 -0.037802528 -0.008248887 -0.754786176 0.654828797
1785983381.390000105 -1.062544095 1.091791831 1.039879181 -0.038047327 -0.008145642 -0.753768381 0.655987254
1785983381.400000095 -1.066263394 1.090391355 1.034697784 -0.038151125 -0.007993261 -0.752891945 0.656988827
1785983381.410000086 -1.069971704 1.088849073 1.029585844 -0.038240275 -0.007763985 -0.752164485 0.657819115
1785983381.420000076 -1.073681380 1.087164754 1.024574026 -0.038349500 -0.007725656 -0.751273339 0.658830782
1785983381.430000067 -1.077425745 1.085376009 1.020147074 -0.038448105 -0.007674743 -0.750381692 0.659841009
1785983381.440000057 -1.081193410 1.083548212 1.016751053 -0.038476417 -0.007526183 -0.749535183 0.660802491
1785983381.450000048 -1.084973891 1.081750925 1.014262557 -0.038509368 -0.007337668 -0.748681302 0.661769972
1785983381.460000038 -1.088778969 1.080017409 1.012629180 -0.038541540 -0.007227436 -0.747790793 0.662775410
1785983381.470000029 -1.092577795 1.078350306 1.011535999 -0.038557035 -0.007037845 -0.746820217 0.663870008
1785983381.480000019 -1.096378149 1.076695178 1.010609432 -0.038657762 -0.006844727 -0.745973864 0.664817059
1785983381.490000010 -1.100209803 1.074982955 1.010340846 -0.038705812 -0.006731604 -0.745212548 0.665668689
1785983381.500000000 -1.104063564 1.073183884 1.011177000 -0.038780323 -0.006740049 -0.744429688 0.666539644
1785983381.509999990 -1.107922156 1.071321402 1.013109096 -0.038755592 -0.006690754 -0.743604886 0.667461618
1785983381.519999981 -1.111790978 1.069479719 1.016175576 -0.038769602 -0.006573113 -0.742867171 0.668282933
1785983381.529999971 -1.115647174 1.067719654 1.020476745 -0.038835853 -0.006459948 -0.742158411 0.669067215
1785983381.539999962 -1.119470520 1.066049420 1.026277085 -0.038800540 -0.006401821 -0.741305347 0.670014863
1785983381.549999952 -1.123311890 1.064467312 1.033631518 -0.038860276 -0.006175856 -0.740506588 0.670896215
1785983381.559999943 -1.127172990 1.062971164 1.041742086 -0.038804763 -0.005985289 -0.739780044 0.671702206
1785983381.569999933 -1.131005857 1.061559801 1.049873353 -0.038693570 -0.005764863 -0.739191101 0.672358603
1785983381.579999924 -1.134789860 1.060218763 1.058007586 -0.038677512 -0.005549637 -0.738617645 0.672991252
1785983381.589999914 -1.138520702 1.058901469 1.066134189 -0.038565300 -0.005370492 -0.738012667 0.673662511
1785983381.599999905 -1.142158971 1.057599149 1.074247170 -0.038474744 -0.005144899 -0.737453578 0.674281428
1785983381.609999895 -1.145602530 1.056355598 1.082352276 -0.038420526 -0.004841962 -0.736893354 0.674898958
1785983381.619999886 -1.148840823 1.055189754 1.090470126 -0.038215080 -0.004598607 -0.736393220 0.675457982
1785983381.630000114 -1.151962891 1.054060890 1.098618414 -0.037905090 -0.004356100 -0.735952849 0.675956827
1785983381.640000105 -1.155021397 1.052919255 1.106786906 -0.037581683 -0.004089814 -0.735547469 0.676417631
1785983381.650000095 -1.158009523 1.051733310 1.114950226 -0.037265228 -0.003779213 -0.735142021 0.676877559
1785983381.660000086 -1.160902628 1.050533755 1.123103979 -0.036963886 -0.003493664 -0.734764112 0.677305814
1785983381.670000076 -1.163673567 1.049381036 1.131265857 -0.036661220 -0.003245712 -0.734382327 0.677737425
1785983381.680000067 -1.166298569 1.048263084 1.139435905 -0.036376948 -0.002995227 -0.734042690 0.678121726
1785983381.690000057 -1.168761179 1.047135350 1.147601018 -0.036120222 -0.002719585 -0.733703037 0.678504080
1785983381.700000048 -1.171071016 1.045979364 1.155766509 -0.035811736 -0.002432720 -0.733355829 0.678896774
1785983381.710000038 -1.173280542 1.044789760 1.163938259 -0.035460423 -0.002067547 -0.732981233 0.679320834
1785983381.720000029 -1.175421427 1.043538515 1.172110497 -0.035102928 -0.001777471 -0.732604224 0.679746774
1785983381.730000019 -1.177483389 1.042185227 1.180282421 -0.034785206 -0.001535159 -0.732225112 0.680172050
1785983381.740000010 -1.179460227 1.040745117 1.188449379 -0.034555447 -0.001320862 -0.731811588 0.680629103
1785983381.750000000 -1.181354664 1.039301103 1.196597392 -0.034330000 -0.001153583 -0.731393880 0.681089651
1785983381.759999990 -1.183187168 1.037884424 1.204725315 -0.034130035 -0.000943440 -0.731018180 0.681503244
1785983381.769999981 -1.184992406 1.036459738 1.212846466 -0.033926634 -0.000730284 -0.730615787 0.681945029
1785983381.779999971 -1.186778417 1.035030987 1.220972034 -0.033671299 -0.000523213 -0.730252650 0.682346713
1785983381.789999962 -1.188523752 1.033644958 1.229108520 -0.033476169 -0.000305951 -0.729980916 0.682647138
1785983381.799999952 -1.190230157 1.032306494 1.237240610 -0.033289872 -0.000155539 -0.729683204 0.682974511
1785983381.809999943 -1.191926549 1.030967739 1.245346276 -0.033142030 -0.000048860 -0.729429295 0.683252886
1785983381.819999933 -1.193590763 1.029620384 1.253430838 -0.033031592 0.000032140 -0.729152226 0.683553908
1785983381.829999924 -1.195154613 1.028299869 1.261506437 -0.032974532 0.000106969 -0.728867472 0.683860276
1785983381.839999914 -1.196611179 1.027066120 1.269539624 -0.033028974 0.000145023 -0.728543639 0.684202625
1785983381.849999905 -1.198026726 1.025997194 1.277163808 -0.033016583 0.000139380 -0.728225176 0.684542167
1785983381.859999895 -1.199447730 1.025057610 1.283393001 -0.033015191 0.000223356 -0.727908319 0.684879133
1785983381.869999886 -1.200868670 1.024118633 1.287581294 -0.032917913 0.000493673 -0.727565583 0.685247758
1785983381.880000114 -1.202283543 1.023121421 1.289736767 -0.032841077 0.000681501 -0.727256874 0.685578908
1785983381.890000105 -1.203699373 1.022060663 1.289882923 -0.032888784 0.000958144 -0.727012217 0.685835728
1785983381.900000095 -1.205131760 1.020938060 1.288220678 -0.032935918 0.001180859 -0.726710517 0.686152793
1785983381.910000086 -1.206613720 1.019745975 1.284937437 -0.033020182 0.001207737 -0.726043908 0.686854026
1785983381.920000076 -1.208164435 1.018494588 1.280110835 -0.033174997 0.001357889 -0.725622460 0.687291511
1785983381.930000067 -1.209792213 1.017231302 1.274215269 -0.033242759 0.001423964 -0.725234414 0.687697562
1785983381.940000057 -1.211508322 1.015981201 1.267931780 -0.033394500 0.001662767 -0.724821582 0.688124783
1785983381.950000048 -1.213360301 1.014660507 1.261600815 -0.033443495 0.001849978 -0.724436994 0.688526798
1785983381.960000038 -1.215389243 1.013260704 1.255222732 -0.033594497 0.002004277 -0.724144158 0.688826996
1785983381.970000029 -1.217528175 1.011843722 1.248637838 -0.033644417 0.002248458 -0.723844713 0.689138468
1785983381.980000019 -1.219687243 1.010434435 1.241903069 -0.033747697 0.002445360 -0.723563704 0.689427791
1785983381.990000010 -1.221806420 1.009063787 1.235158834 -0.033762574 0.002728607 -0.723241542 0.689763956
1785983382.000000000 -1.223878913 1.007718930 1.228403783 -0.033831768 0.002947266 -0.722947990 0.690067337
1785983382.009999990 -1.225966181 1.006389047 1.221636054 -0.033962875 0.003046274 -0.722634284 0.690388974
1785983382.019999981 -1.228159655 1.005024635 1.214862503 -0.034088823 0.003120725 -0.722388416 0.690639695
1785983382.029999971 -1.230477811 1.003586061 1.208090507 -0.034110434 0.003226633 -0.721983426 0.691061502
1785983382.039999962 -1.232832737 1.002074795 1.201327115 -0.034264387 0.003254451 -0.721716728 0.691332282
1785983382.049999952 -1.235128557 1.000478725 1.194597715 -0.034226479 0.003293486 -0.721514242 0.691545299
1785983382.059999943 -1.237345483 0.998802975 1.187881971 -0.034163486 0.003234541 -0.721188196 0.691888705
1785983382.069999933 -1.239543610 0.997044989 1.181164975 -0.034258016 0.003247245 -0.720906996 0.692176962
1785983382.079999924 -1.241771982 0.995209014 1.174459639 -0.034314953 0.003241216 -0.720658850 0.692432524
1785983382.089999914 -1.244044649 0.993339121 1.167767902 -0.034441116 0.003233718 -0.720368421 0.692728439
1785983382.099999905 -1.246341582 0.991394757 1.161166068 -0.034508107 0.003185770 -0.720142177 0.692960523
1785983382.109999895 -1.248621589 0.989324523 1.154688694 -0.034595419 0.003061680 -0.719720829 0.693394340
1785983382.119999886 -1.250904323 0.987122274 1.148887599 -0.034625387 0.002964385 -0.719606829 0.693511577
1785983382.130000114 -1.253219025 0.984823645 1.144382097 -0.034681935 0.002926741 -0.719507564 0.693611896
1785983382.140000105 -1.255574809 0.982456246 1.141372103 -0.034698744 0.002916693 -0.719390493 0.693732520
1785983382.150000095 -1.258031907 0.979938915 1.139614857 -0.034643381 0.002815583 -0.719359265 0.693768086
1785983382.160000086 -1.260628994 0.977261698 1.138944875 -0.034709269 0.002636198 -0.719372724 0.693751541
1785983382.170000076 -1.263325557 0.974532872 1.139520360 -0.034677913 0.002530178 -0.719282668 0.693846874
1785983382.180000067 -1.266021350 0.971811790 1.141114167 -0.034682451 0.002405678 -0.719225806 0.693906031
1785983382.190000057 -1.268653018 0.969123066 1.143200222 -0.034688848 0.002300241 -0.719129921 0.694005439
1785983382.200000048 -1.271224586 0.966503125 1.145390740 -0.034710884 0.002153297 -0.719031046 0.694107249
1785983382.210000038 -1.273734834 0.963946474 1.147719490 -0.034763493 0.001979199 -0.718982702 0.694155211
1785983382.220000029 -1.276172000 0.961399442 1.150161814 -0.034875902 0.001813099 -0.718926745 0.694207980
1785983382.230000019 -1.278533430 0.958801659 1.152687089 -0.034997824 0.001672099 -0.718841458 0.694290511
1785983382.240000010 -1.280799387 0.956128590 1.155295210 -0.035102949 0.001561414 -0.718770484 0.694358940
1785983382.250000000 -1.282942738 0.953398548 1.157936924 -0.035150335 0.001443168 -0.718635348 0.694496658
1785983382.259999990 -1.284947084 0.950626569 1.160589107 -0.035167714 0.001310621 -0.718533477 0.694601437
1785983382.269999981 -1.286801994 0.947820566 1.163245332 -0.035041269 0.001220670 -0.718437311 0.694707456
1785983382.279999971 -1.288497677 0.944984689 1.165939500 -0.035039925 0.001147669 -0.718323683 0.694825139
1785983382.289999962 -1.290035223 0.942091888 1.168694824 -0.035080992 0.001046885 -0.718258945 0.694890147
1785983382.299999952 -1.291433886 0.939137018 1.171475468 -0.035058783 0.000979698 -0.718184144 0.694968674
1785983382.309999943 -1.292714702 0.936131707 1.174239434 -0.035009204 0.000858270 -0.718065827 0.695093582
1785983382.319999933 -1.293903386 0.933048273 1.176965679 -0.034989771 0.000694709 -0.718010110 0.695152297
1785983382.329999924 -1.295037765 0.929790166 1.179611829 -0.034988001 0.000556635 -0.718013575 0.695148931
1785983382.339999914 -1.296148411 0.926342098 1.182074728 -0.034917549 0.000387264 -0.717979567 0.695187713
1785983382.349999905 -1.297253011 0.922843931 1.184429750 -0.034870522 0.000269221 -0.717966254 0.695203878
1785983382.359999895 -1.298366477 0.919386952 1.186796641 -0.034872056 0.000089260 -0.717963849 0.695206332
1785983382.369999886 -1.299448348 0.915957499 1.189153791 -0.034923316 -0.000100554 -0.717975196 0.695192038
1785983382.380000114 -1.300468763 0.912522863 1.191501590 -0.035044994 -0.000343348 -0.718003651 0.695156448
1785983382.390000105 -1.301472735 0.909056164 1.193843028 -0.035158358 -0.000597636 -0.718027383 0.695126039
1785983382.400000095 -1.302443771 0.905521382 1.196183152 -0.035222923 -0.000793600 -0.718014155 0.695136238
1785983382.410000086 -1.303304518 0.901938731 1.198526685 -0.035321157 -0.001018434 -0.718018769 0.695126194
1785983382.420000076 -1.304020061 0.898355920 1.200875586 -0.035386946 -0.001169853 -0.717971087 0.695171859
1785983382.430000067 -1.304590164 0.894770636 1.203245327 -0.035489918 -0.001268007 -0.717945019 0.695193360
1785983382.440000057 -1.305044427 0.891201768 1.205649718 -0.035527461 -0.001382142 -0.717920578 0.695216465
1785983382.450000048 -1.305438455 0.887692916 1.208078478 -0.035538910 -0.001492448 -0.717906871 0.695229806
1785983382.460000038 -1.305790825 0.884262722 1.210514530 -0.035493596 -0.001563304 -0.717859982 0.695280380
1785983382.470000029 -1.306094468 0.880909572 1.212953494 -0.035344339 -0.001587518 -0.717771146 0.695379637
1785983382.480000019 -1.306340938 0.877575298 1.215381704 -0.035243944 -0.001613677 -0.717677933 0.695480873
1785983382.490000010 -1.306495190 0.874133482 1.217779312 -0.035197139 -0.001646783 -0.717602400 0.695561101
1785983382.500000000 -1.306560366 0.870545147 1.220134291 -0.035120282 -0.001686248 -0.717501520 0.695668952
1785983382.509999990 -1.306593066 0.866866945 1.222447326 -0.035055550 -0.001730083 -0.717431054 0.695744779
1785983382.519999981 -1.306619296 0.863165179 1.224733356 -0.034947823 -0.001833020 -0.717382843 0.695799646
1785983382.529999971 -1.306613837 0.859515984 1.227013662 -0.034879514 -0.001921573 -0.717299881 0.695888359
1785983382.539999962 -1.306565013 0.855965865 1.229298163 -0.034796668 -0.002046506 -0.717221356 0.695973081
1785983382.549999952 -1.306496069 0.852528844 1.231585337 -0.034708265 -0.002177596 -0.717154398 0.696046093
1785983382.559999943 -1.306418547 0.849209891 1.233874401 -0.034616660 -0.002285748 -0.717073433 0.696133718
1785983382.569999933 -1.306321252 0.845989051 1.236166692 -0.034480172 -0.002360897 -0.717011373 0.696204162
1785983382.579999924 -1.306202182 0.842771247 1.238456196 -0.034323401 -0.002432014 -0.716964524 0.696259908
1785983382.589999914 -1.306054707 0.839427229 1.240722134 -0.034176569 -0.002511894 -0.716943602 0.696288391
1785983382.599999905 -1.305879637 0.835958783 1.242965805 -0.034010856 -0.002589119 -0.716954388 0.696285116
1785983382.609999895 -1.305686716 0.832443315 1.245214605 -0.033853467 -0.002673153 -0.716961681 0.696284959
1785983382.619999886 -1.305462126 0.828936668 1.247481122 -0.033652245 -0.002792670 -0.716914475 0.696342849
1785983382.630000114 -1.305187358 0.825497505 1.249604962 -0.033459727 -0.002953541 -0.716837437 0.696430766
1785983382.640000105 -1.304892153 0.822109696 1.251484920 -0.033317519 -0.003069998 -0.716799931 0.696475683
1785983382.650000095 -1.304658562 0.818667307 1.253262913 -0.033137927 -0.003132444 -0.716765792 0.696519106
1785983382.660000086 -1.304559435 0.815087265 1.255021131 -0.032941701 -0.003161142 -0.716728096 0.696567073
1785983382.670000076 -1.304594255 0.811330348 1.256754384 -0.032822925 -0.003203703 -0.716605843 0.696698255
1785983382.680000067 -1.304715121 0.807373723 1.258469179 -0.032696350 -0.003212244 -0.716637665 0.696671434
1785983382.690000057 -1.304897440 0.803216621 1.260173299 -0.032411750 -0.003403886 -0.716597601 0.696725032
1785983382.700000048 -1.305090365 0.798871504 1.261870207 -0.032138469 -0.003479112 -0.716553642 0.696782529
1785983382.710000038 -1.305215395 0.794384268 1.263559976 -0.031932011 -0.003608509 -0.716505255 0.696841119
1785983382.720000029 -1.305249121 0.789848342 1.265232878 -0.031699270 -0.003719945 -0.716456290 0.696901502
1785983382.730000019 -1.305209355 0.785395554 1.266890326 -0.031424894 -0.003823215 -0.716419250 0.696951445
1785983382.740000010 -1.305105120 0.781084359 1.268540974 -0.031173566 -0.003914568 -0.716384063 0.696998392
1785983382.750000000 -1.304953277 0.776858116 1.270194592 -0.030920373 -0.003976383 -0.716395565 0.696997498
1785983382.759999990 -1.304775667 0.772633346 1.271853643 -0.030643563 -0.004016123 -0.716466601 0.696936477
1785983382.769999981 -1.304581160 0.768320802 1.273502161 -0.030361401 -0.004011971 -0.716527875 0.696885854
1785983382.779999971 -1.304355490 0.763878459 1.275148516 -0.030041185 -0.004002237 -0.716491904 0.696936770
1785983382.789999962 -1.304076139 0.759354291 1.276835965 -0.029760881 -0.003979543 -0.716558250 0.696880713
1785983382.799999952 -1.303778560 0.754798429 1.278562546 -0.029513296 -0.003929241 -0.716615364 0.696832797
1785983382.809999943 -1.303543542 0.750207479 1.280297360 -0.029319730 -0.003840936 -0.716629449 0.696826975
1785983382.819999933 -1.303449991 0.745579460 1.282033678 -0.029190456 -0.003774746 -0.716691568 0.696768875
1785983382.829999924 -1.303477151 0.740936912 1.283779704 -0.029065875 -0.003653069 -0.716692164 0.696774118
1785983382.839999914 -1.303547644 0.736247741 1.285525582 -0.028988501 -0.003516937 -0.716710713 0.696758962
1785983382.849999905 -1.303609478 0.731437981 1.287242460 -0.028953149 -0.003369503 -0.716689562 0.696782917
1785983382.859999895 -1.303623224 0.726499558 1.288933356 -0.028947789 -0.003216978 -0.716674987 0.696798852
1785983382.869999886 -1.303602725 0.721543014 1.290633624 -0.028999225 -0.003091750 -0.716630924 0.696842597
1785983382.880000114 -1.303561997 0.716668897 1.292365046 -0.029039297 -0.003025528 -0.716637181 0.696834784
1785983382.890000105 -1.303507331 0.711888050 1.294130158 -0.029058703 -0.002964321 -0.716683678 0.696786416
1785983382.900000095 -1.303459001 0.707183237 1.295922788 -0.029178847 -0.002883120 -0.716746470 0.696717145
1785983382.910000086 -1.303438755 0.702525761 1.297733109 -0.029324808 -0.002796196 -0.716797942 0.696658415
1785983382.920000076 -1.303464791 0.697937180 1.299567241 -0.029467583 -0.002729120 -0.716858346 0.696590501
1785983382.930000067 -1.303515968 0.693472083 1.301413557 -0.029631038 -0.002656414 -0.716891937 0.696549277
1785983382.940000057 -1.303552222 0.689125066 1.303249493 -0.029752276 -0.002604389 -0.716925003 0.696510272
1785983382.950000048 -1.303596618 0.684847977 1.305075623 -0.029829607 -0.002576668 -0.716970284 0.696460456
1785983382.960000038 -1.303708247 0.680609308 1.306899872 -0.029893054 -0.002530448 -0.717043021 0.696383018
1785983382.970000029 -1.303887386 0.676380400 1.308724912 -0.029981416 -0.002504942 -0.717091226 0.696329673
1785983382.980000019 -1.304090902 0.672131034 1.310547373 -0.030049554 -0.002449628 -0.717129055 0.696287974
1785983382.990000010 -1.304277506 0.667858240 1.312357820 -0.030125695 -0.002449661 -0.717168996 0.696243544
1785983383.000000000 -1.304428146 0.663552815 1.314146819 -0.030152644 -0.002447973 -0.717272751 0.696135494
1785983383.009999990 -1.304546000 0.659187693 1.315908413 -0.030225398 -0.002482580 -0.717381383 0.696020268
1785983383.019999981 -1.304613523 0.654792530 1.317650791 -0.030298572 -0.002558921 -0.717549127 0.695843875
1785983383.029999971 -1.304603821 0.650469131 1.319395535 -0.030415330 -0.002703127 -0.717656427 0.695727571
1785983383.039999962 -1.304530599 0.646230375 1.321130725 -0.030501173 -0.002807795 -0.717776417 0.695599605
1785983383.049999952 -1.304423989 0.642019124 1.322813808 -0.030637323 -0.002927352 -0.717901621 0.695463908
1785983383.059999943 -1.304304942 0.637867350 1.324430751 -0.030735376 -0.003062191 -0.718076829 0.695278094
1785983383.069999933 -1.304212294 0.633826960 1.325994051 -0.030836243 -0.003116360 -0.718238992 0.695105866
1785983383.079999924 -1.304190733 0.629916109 1.327520929 -0.030958285 -0.003171928 -0.718386460 0.694947781
1785983383.089999914 -1.304235741 0.626131240 1.329031724 -0.031041557 -0.003248026 -0.718613523 0.694708915
1785983383.099999905 -1.304331187 0.622430920 1.330535800 -0.031033786 -0.003368063 -0.718862097 0.694451471
1785983383.109999895 -1.304461211 0.618756026 1.332035649 -0.031118763 -0.003311542 -0.719251971 0.694044133
1785983383.119999886 -1.304622903 0.615073800 1.333507596 -0.031210678 -0.003419980 -0.719461716 0.693822050
1785983383.130000114 -1.304812729 0.611380082 1.334915106 -0.031321606 -0.003529903 -0.719707601 0.693561436
1785983383.140000105 -1.304983617 0.607672075 1.336219592 -0.031405634 -0.003662193 -0.719880357 0.693377636
1785983383.150000095 -1.305101211 0.603939884 1.337441514 -0.031437108 -0.003791542 -0.720061673 0.693187218
1785983383.160000086 -1.305171184 0.600181240 1.338648265 -0.031460358 -0.003993435 -0.720229007 0.693011166
1785983383.170000076 -1.305233691 0.596386687 1.339870109 -0.031472820 -0.004252784 -0.720356939 0.692876075
1785983383.180000067 -1.305290126 0.592556941 1.341109346 -0.031432792 -0.004562983 -0.720534020 0.692691767
1785983383.190000057 -1.305316332 0.588734004 1.342299256 -0.031391272 -0.004916086 -0.720663476 0.692556550
1785983383.200000048 -1.305310937 0.584912325 1.343413571 -0.031315510 -0.005262906 -0.720749681 0.692467716
1785983383.210000038 -1.305278776 0.581066330 1.344495114 -0.031264910 -0.005561600 -0.720781094 0.692434971
1785983383.220000029 -1.305240380 0.577138969 1.345561802 -0.031198135 -0.005922620 -0.720839876 0.692373795
1785983383.230000019 -1.305215836 0.573046481 1.346590728 -0.031153260 -0.006225793 -0.720905052 0.692305293
1785983383.240000010 -1.305217943 0.568770629 1.347199896 -0.031069202 -0.006587484 -0.720987189 0.692220184
1785983383.250000000 -1.305266268 0.564316854 1.346646523 -0.030939854 -0.006986393 -0.721036926 0.692170259
1785983383.259999990 -1.305368046 0.559692197 1.344311659 -0.030768697 -0.007340993 -0.721128839 0.692078460
1785983383.269999981 -1.305510988 0.554908797 1.340202801 -0.030540834 -0.007626132 -0.721186680 0.692025196
1785983383.279999971 -1.305670550 0.549985039 1.335144409 -0.030277878 -0.007952368 -0.721237987 0.691979607
1785983383.289999962 -1.305837520 0.544933446 1.329761267 -0.029971629 -0.008344240 -0.721294220 0.691929710
1785983383.299999952 -1.306021985 0.539752675 1.324231937 -0.029734785 -0.008672949 -0.721364462 0.691862657
1785983383.309999943 -1.306202074 0.534456185 1.318721744 -0.029476613 -0.008942762 -0.721436632 0.691795015
1785983383.319999933 -1.306355747 0.529108813 1.313228120 -0.029362626 -0.009228109 -0.721455653 0.691776278
1785983383.329999924 -1.306483719 0.523733269 1.307744720 -0.029264752 -0.009468360 -0.721502452 0.691728369
1785983383.339999914 -1.306567161 0.518318694 1.302307278 -0.029228992 -0.009674543 -0.721588056 0.691637728
1785983383.349999905 -1.306591262 0.512843733 1.296970612 -0.029274403 -0.009856957 -0.721696964 0.691519589
1785983383.359999895 -1.306583701 0.507305652 1.291778520 -0.029316583 -0.010003497 -0.721806947 0.691400896
1785983383.369999886 -1.306581786 0.501743217 1.286698045 -0.029331526 -0.010172013 -0.721933157 0.691266018
1785983383.380000114 -1.306563315 0.496135788 1.281819440 -0.029475759 -0.010261926 -0.722078139 0.691107107
1785983383.390000105 -1.306476854 0.490406067 1.277154651 -0.029725221 -0.010440947 -0.722181236 0.690986006
1785983383.400000095 -1.306313203 0.484504160 1.272648810 -0.029942298 -0.010497861 -0.722333980 0.690816094
1785983383.410000086 -1.306096788 0.478449320 1.268427728 -0.030224352 -0.010538421 -0.722440303 0.690692000
1785983383.420000076 -1.305845856 0.472355251 1.264410157 -0.030555015 -0.010640326 -0.722519701 0.690592830
1785983383.430000067 -1.305565403 0.466386301 1.260453028 -0.030895402 -0.010687809 -0.722590700 0.690502661
1785983383.440000057 -1.305256266 0.460573346 1.256538078 -0.031249642 -0.010809004 -0.722727379 0.690341771
1785983383.450000048 -1.304911489 0.454833008 1.252920964 -0.031565537 -0.010925329 -0.722821428 0.690227091
1785983383.460000038 -1.304523131 0.449140836 1.250184793 -0.031859983 -0.011056447 -0.722963999 0.690062137
1785983383.470000029 -1.304086453 0.443505552 1.248348322 -0.032097890 -0.011190799 -0.723092894 0.689913878
1785983383.480000019 -1.303615886 0.437884890 1.246853941 -0.032310820 -0.011304292 -0.723218266 0.689770660
1785983383.490000010 -1.303143185 0.432246155 1.245447050 -0.032550006 -0.011418059 -0.723321213 0.689649584
1785983383.500000000 -1.302678606 0.426594533 1.244104348 -0.032755871 -0.011580069 -0.723419146 0.689534404
1785983383.509999990 -1.302205183 0.420952576 1.242798591 -0.032894857 -0.011673103 -0.723689998 0.689241941
1785983383.519999981 -1.301689731 0.415355845 1.241896804 -0.032992272 -0.011825497 -0.723922567 0.688990409
1785983383.529999971 -1.301110873 0.409803163 1.241517675 -0.033060273 -0.011996066 -0.724214256 0.688677590
1785983383.539999962 -1.300492458 0.404257343 1.241327701 -0.033148934 -0.012148106 -0.724457198 0.688415093
1785983383.549999952 -1.299865705 0.398689204 1.241451531 -0.033322423 -0.012243044 -0.724719291 0.688129111
1785983383.559999943 -1.299232775 0.393024406 1.241873592 -0.033445855 -0.012374987 -0.724933398 0.687895198
1785983383.569999933 -1.298587158 0.387238284 1.242408879 -0.033495804 -0.012436889 -0.725157463 0.687655443
1785983383.579999924 -1.297898608 0.381434155 1.243009296 -0.033574289 -0.012446238 -0.725515524 0.687273659
1785983383.589999914 -1.297135363 0.375708093 1.243649893 -0.033561616 -0.012405486 -0.725785927 0.686989454
1785983383.599999905 -1.296301033 0.370076571 1.244369939 -0.033604143 -0.012407868 -0.726064986 0.686692393
1785983383.609999895 -1.295455839 0.364549990 1.245125580 -0.033646360 -0.012427086 -0.726319892 0.686420356
1785983383.619999886 -1.294630473 0.359101317 1.245914698 -0.033621438 -0.012373636 -0.726497022 0.686235068
1785983383.630000114 -1.293797259 0.353659517 1.246757645 -0.033579574 -0.012387118 -0.726727460 0.685992836
1785983383.640000105 -1.292969920 0.348221555 1.247645903 -0.033528838 -0.012465023 -0.726938173 0.685770612
1785983383.650000095 -1.292167509 0.342827729 1.248534534 -0.033379086 -0.012427782 -0.727135297 0.685569578
1785983383.660000086 -1.291382889 0.337517264 1.249402815 -0.033218759 -0.012430080 -0.727302105 0.685400361
1785983383.670000076 -1.290626881 0.332281553 1.250264371 -0.033077874 -0.012512975 -0.727451803 0.685246783
1785983383.680000067 -1.289911644 0.327061069 1.251180403 -0.032911766 -0.012494751 -0.727628075 0.685067939
1785983383.690000057 -1.289211981 0.321862303 1.252175096 -0.032829319 -0.012571519 -0.727805486 0.684882009
1785983383.700000048 -1.288498625 0.316733238 1.253217646 -0.032739471 -0.012632106 -0.727906616 0.684777712
1785983383.710000038 -1.287730857 0.311666063 1.254322611 -0.032668516 -0.012717712 -0.728000547 0.684679656
1785983383.720000029 -1.286907057 0.306628736 1.255613453 -0.032613116 -0.012857855 -0.728107579 0.684565858
1785983383.730000019 -1.286100774 0.301613566 1.257149408 -0.032521751 -0.012988753 -0.728195878 0.684473806
1785983383.740000010 -1.285347295 0.296601623 1.258865413 -0.032506117 -0.013068421 -0.728341372 0.684318211
1785983383.750000000 -1.284724834 0.291565057 1.260724201 -0.032446630 -0.013187607 -0.728460963 0.684191442
1785983383.759999990 -1.284313267 0.286474185 1.262696184 -0.032431744 -0.013223065 -0.728423605 0.684231236
1785983383.769999981 -1.284127806 0.281267013 1.264738857 -0.032317703 -0.013175311 -0.728503585 0.684152398
1785983383.779999971 -1.284122981 0.275922998 1.266851454 -0.032382237 -0.013260827 -0.728554130 0.684093869
1785983383.789999962 -1.284254463 0.270431987 1.269045808 -0.032378303 -0.013353307 -0.728413509 0.684241986
1785983383.799999952 -1.284475571 0.264796418 1.271302137 -0.032336551 -0.013366280 -0.728332385 0.684330057
1785983383.809999943 -1.284693957 0.259073209 1.273622901 -0.032389008 -0.013374623 -0.728317569 0.684343181
1785983383.819999933 -1.284860411 0.253298430 1.275990735 -0.032492754 -0.013341578 -0.728316308 0.684340250
1785983383.829999924 -1.284943732 0.247520538 1.278378247 -0.032604892 -0.013316451 -0.728336176 0.684314261
1785983383.839999914 -1.284946485 0.241799969 1.280782258 -0.032687234 -0.013309249 -0.728349835 0.684295935
1785983383.849999905 -1.284896697 0.236122083 1.283212414 -0.032772119 -0.013356227 -0.728351006 0.684289713
1785983383.859999895 -1.284837364 0.230442770 1.285668664 -0.032822854 -0.013376213 -0.728345843 0.684292386
1785983383.869999886 -1.284796579 0.224745634 1.288129653 -0.032849269 -0.013398403 -0.728336156 0.684300995
1785983383.880000114 -1.284788710 0.219043585 1.290575241 -0.032883829 -0.013387555 -0.728322093 0.684314516
1785983383.890000105 -1.284829833 0.213266494 1.293014730 -0.032874237 -0.013373295 -0.728322597 0.684314718
1785983383.900000095 -1.284909856 0.207390543 1.295451817 -0.032860228 -0.013331067 -0.728366864 0.684269099
1785983383.910000086 -1.285013714 0.201504304 1.297867228 -0.032846951 -0.013282374 -0.728410479 0.684224254
1785983383.920000076 -1.285149376 0.195597617 1.300259994 -0.032844403 -0.013249958 -0.728456487 0.684176023
1785983383.930000067 -1.285304877 0.189597938 1.302635698 -0.032852029 -0.013286307 -0.728481443 0.684148380
1785983383.940000057 -1.285455497 0.183528762 1.304992764 -0.032870075 -0.013305846 -0.728581210 0.684040885
1785983383.950000048 -1.285585074 0.177436558 1.307322120 -0.032914125 -0.013319435 -0.728755620 0.683852688
1785983383.960000038 -1.285671759 0.171276378 1.309624874 -0.032947229 -0.013337709 -0.728943337 0.683650640
1785983383.970000029 -1.285702553 0.164992840 1.311897960 -0.033042146 -0.013386434 -0.729138683 0.683436757
1785983383.980000019 -1.285675574 0.158616150 1.314151920 -0.033102036 -0.013381004 -0.729376394 0.683180269
1785983383.990000010 -1.285607609 0.152272887 1.316393132 -0.033198801 -0.013358367 -0.729799672 0.682723834
1785983384.000000000 -1.285510809 0.146024116 1.318634596 -0.033291096 -0.013249643 -0.730058174 0.682445025
1785983384.009999990 -1.285370803 0.139850112 1.320904676 -0.033358327 -0.013195663 -0.730299438 0.682184599
1785983384.019999981 -1.285199424 0.133776680 1.323206203 -0.033427100 -0.013042220 -0.730626070 0.681834345
1785983384.029999971 -1.284982261 0.127847544 1.325546889 -0.033515125 -0.012934642 -0.730873270 0.681567087
1785983384.039999962 -1.284698274 0.122037867 1.327913060 -0.033613530 -0.012754201 -0.731167211 0.681250299
1785983384.049999952 -1.284368423 0.116264213 1.330294556 -0.033642758 -0.012573732 -0.731554875 0.680835906
1785983384.059999943 -1.283991100 0.110527780 1.332685540 -0.033616096 -0.012405934 -0.731944982 0.680420894
1785983384.069999933 -1.283559780 0.104887071 1.335066647 -0.033582922 -0.012296571 -0.732182435 0.680168996
1785983384.079999924 -1.283105284 0.099334373 1.337432243 -0.033563085 -0.012100735 -0.732530070 0.679799079
1785983384.089999914 -1.282661528 0.093810360 1.339783127 -0.033652051 -0.011990825 -0.732754752 0.679554437
1785983384.099999905 -1.282238378 0.088303797 1.342121684 -0.033701397 -0.011921747 -0.733040904 0.679244522
1785983384.109999895 -1.281833981 0.082872127 1.344449359 -0.033733860 -0.011909208 -0.733313211 0.678949139
1785983384.119999886 -1.281456829 0.077484873 1.346748502 -0.033720475 -0.011933037 -0.733650544 0.678584859
1785983384.130000114 -1.281151470 0.072002704 1.349015297 -0.033711941 -0.011930698 -0.733884324 0.678332487
1785983384.140000105 -1.280948881 0.066342348 1.351264645 -0.033667178 -0.011859428 -0.734211456 0.677981868
1785983384.150000095 -1.280889991 0.060492662 1.353515388 -0.033639752 -0.011826016 -0.734423496 0.677754115
1785983384.160000086 -1.281049809 0.054455236 1.355773317 -0.033676415 -0.011857510 -0.734656181 0.677499516
1785983384.170000076 -1.281378567 0.048295015 1.358006112 -0.033598542 -0.011951124 -0.734922139 0.677213229
1785983384.180000067 -1.281768327 0.042086639 1.360198164 -0.033561941 -0.012069878 -0.735174598 0.676938863
1785983384.190000057 -1.282186645 0.035855117 1.362349981 -0.033655520 -0.012192985 -0.735393221 0.676694501
1785983384.200000048 -1.282621139 0.029634158 1.364469443 -0.033756541 -0.012340608 -0.735643113 0.676415121
1785983384.210000038 -1.283052369 0.023475068 1.366587751 -0.033909829 -0.012470043 -0.735979207 0.676039369
1785983384.220000029 -1.283467904 0.017401761 1.368711246 -0.034010716 -0.012513680 -0.736181137 0.675813593
1785983384.230000019 -1.283880596 0.011414105 1.370830646 -0.034129998 -0.012584936 -0.736429892 0.675535178
1785983384.240000010 -1.284286095 0.005519469 1.372950346 -0.034303622 -0.012736003 -0.736689991 0.675239892
1785983384.250000000 -1.284642764 -0.000255824 1.375088283 -0.034463387 -0.012945698 -0.736886803 0.675012981
1785983384.259999990 -1.284911680 -0.005900151 1.377264616 -0.034603932 -0.013064733 -0.737117306 0.674751775
1785983384.269999981 -1.285076761 -0.011427796 1.379479762 -0.034772689 -0.013084985 -0.737281820 0.674562941
1785983384.279999971 -1.285146355 -0.016898260 1.381719116 -0.034876224 -0.013067026 -0.737460839 0.674362226
1785983384.289999962 -1.285138262 -0.022398696 1.383942974 -0.035035839 -0.013062198 -0.737647122 0.674150274
1785983384.299999952 -1.285068008 -0.027938341 1.386139474 -0.035209072 -0.013052056 -0.737899564 0.673865119
1785983384.309999943 -1.284984694 -0.033432790 1.388333732 -0.035333535 -0.013086098 -0.738137610 0.673597183
1785983384.319999933 -1.284899300 -0.038830998 1.390531985 -0.035426366 -0.013079162 -0.738344757 0.673365375
1785983384.329999924 -1.284779424 -0.044132248 1.392724127 -0.035520837 -0.013032538 -0.738606211 0.673074505
1785983384.339999914 -1.284634355 -0.049331046 1.394889478 -0.035622676 -0.012963356 -0.738841728 0.672811919
1785983384.349999905 -1.284473735 -0.054454662 1.396943204 -0.035815936 -0.012937781 -0.739142861 0.672471310
1785983384.359999895 -1.284306236 -0.059604834 1.398862793 -0.035883709 -0.012900735 -0.739327693 0.672265195
1785983384.369999886 -1.284144163 -0.064836030 1.400706405 -0.036104008 -0.012861109 -0.739663733 0.671884406
1785983384.380000114 -1.283981280 -0.070145627 1.402500840 -0.036121011 -0.012917432 -0.739916859 0.671603644
1785983384.390000105 -1.283833930 -0.075582133 1.404289341 -0.036114498 -0.012916593 -0.740170706 0.671324237
1785983384.400000095 -1.283765824 -0.081152620 1.406113321 -0.036109256 -0.013098263 -0.740606495 0.670840202
1785983384.410000086 -1.283761805 -0.086806277 1.407929345 -0.036222968 -0.013179620 -0.740895656 0.670513103
1785983384.420000076 -1.283773743 -0.092482166 1.409526049 -0.036307770 -0.013255530 -0.741081645 0.670301449
1785983384.430000067 -1.283801353 -0.098131775 1.410887344 -0.036396721 -0.013307085 -0.741256184 0.670102582
1785983384.440000057 -1.283826757 -0.103729739 1.412138644 -0.036425136 -0.013367472 -0.741440856 0.669895498
1785983384.450000048 -1.283821283 -0.109280032 1.413250712 -0.036362328 -0.013445027 -0.741717916 0.669590581
1785983384.460000038 -1.283763894 -0.114844110 1.414290106 -0.036360505 -0.013606407 -0.742099742 0.669164219
1785983384.470000029 -1.283649512 -0.120438585 1.415240265 -0.036465314 -0.013649939 -0.742379345 0.668847418
1785983384.480000019 -1.283478651 -0.126050574 1.416049308 -0.036423111 -0.013655194 -0.742550744 0.668659319
1785983384.490000010 -1.283279491 -0.131713899 1.416744451 -0.036358772 -0.013710467 -0.742810691 0.668372905
1785983384.500000000 -1.283063826 -0.137415762 1.417326125 -0.036354934 -0.013736355 -0.743019853 0.668140052
1785983384.509999990 -1.282808594 -0.143068223 1.417861939 -0.036328141 -0.013771762 -0.743263223 0.667870037
1785983384.519999981 -1.282505149 -0.148631859 1.418403511 -0.036359759 -0.013812627 -0.743549900 0.667548294
1785983384.529999971 -1.282160625 -0.154140754 1.418917619 -0.036310510 -0.013813760 -0.743738815 0.667340469
1785983384.539999962 -1.281790420 -0.159599697 1.419382228 -0.036366814 -0.013799041 -0.743969883 0.667080096
1785983384.549999952 -1.281419026 -0.165003569 1.419775963 -0.036418290 -0.013945230 -0.744252015 0.666759460
1785983384.559999943 -1.281113336 -0.170406663 1.420055137 -0.036375114 -0.014016926 -0.744434061 0.666557054
1785983384.569999933 -1.280932392 -0.175840289 1.420260488 -0.036334491 -0.013971015 -0.744761098 0.666194808
1785983384.579999924 -1.280885766 -0.181295252 1.420392569 -0.036332140 -0.014036066 -0.744951595 0.665980544
1785983384.589999914 -1.281010823 -0.186789595 1.420409600 -0.036209485 -0.014113395 -0.745123239 0.665793545
1785983384.599999905 -1.281347447 -0.192292602 1.420314756 -0.036202461 -0.014129850 -0.745287126 0.665610118
1785983384.609999895 -1.281875364 -0.197685544 1.420009055 -0.036153572 -0.014178821 -0.745440713 0.665439722
1785983384.619999886 -1.282547713 -0.202929155 1.419524262 -0.036067278 -0.014180238 -0.745585525 0.665282118
1785983384.630000114 -1.283397030 -0.208121757 1.419003747 -0.035929782 -0.014202179 -0.745735734 0.665120714
1785983384.640000105 -1.284392411 -0.213389906 1.418492330 -0.035849654 -0.014208750 -0.746000227 0.664828230
1785983384.650000095 -1.285428286 -0.218756734 1.417952902 -0.035687085 -0.014238493 -0.746085061 0.664741136
1785983384.660000086 -1.286519499 -0.224215449 1.417357388 -0.035563612 -0.014209842 -0.746205590 0.664613066
1785983384.670000076 -1.287697991 -0.229813390 1.416748038 -0.035500542 -0.014229085 -0.746246446 0.664570152
1785983384.680000067 -1.288935185 -0.235484671 1.416075503 -0.035372285 -0.014143522 -0.746420667 0.664383135
1785983384.690000057 -1.290163238 -0.241125769 1.415285031 -0.035325532 -0.013990567 -0.746516228 0.664281485
1785983384.700000048 -1.291372148 -0.246705340 1.414232837 -0.035283096 -0.013796958 -0.746667503 0.664117751
1785983384.710000038 -1.292607376 -0.252228303 1.412973228 -0.035231357 -0.013649016 -0.746856809 0.663910659
1785983384.720000029 -1.293912570 -0.257685285 1.411668471 -0.035282097 -0.013438935 -0.746940923 0.663817615
1785983384.730000019 -1.295330276 -0.263059638 1.410290483 -0.035325219 -0.013306050 -0.747036801 0.663710099
1785983384.740000010 -1.296852540 -0.268409823 1.408830636 -0.035397797 -0.013124014 -0.747058172 0.663685802
1785983384.750000000 -1.298449749 -0.273863111 1.407269009 -0.035511047 -0.012928714 -0.747072103 0.663667904
1785983384.759999990 -1.300077514 -0.279470569 1.405619027 -0.035666736 -0.012742051 -0.747033808 0.663706271
1785983384.769999981 -1.301684013 -0.285219200 1.403925991 -0.035839569 -0.012524735 -0.746999431 0.663739788
1785983384.779999971 -1.303252621 -0.291088029 1.402221839 -0.035984467 -0.012241769 -0.746879297 0.663872407
1785983384.789999962 -1.304787274 -0.297028494 1.400534470 -0.036005502 -0.012001717 -0.746765724 0.664003401
1785983384.799999952 -1.306249557 -0.302978694 1.398870980 -0.036151114 -0.011818489 -0.746687229 0.664087045
1785983384.809999943 -1.307581183 -0.308887489 1.397214605 -0.036377768 -0.011669337 -0.746597522 0.664178158
1785983384.819999933 -1.308767344 -0.314758473 1.395566389 -0.036604386 -0.011499864 -0.746520982 0.664254692
1785983384.829999924 -1.309806253 -0.320614918 1.393935582 -0.036790496 -0.011315244 -0.746485389 0.664287580
1785983384.839999914 -1.310721263 -0.326480285 1.392325421 -0.036951973 -0.011131900 -0.746424677 0.664349934
1785983384.849999905 -1.311573469 -0.332390437 1.390728164 -0.037078273 -0.010948774 -0.746340935 0.664440016
1785983384.859999895 -1.312373175 -0.338376459 1.389130301 -0.037182413 -0.010828835 -0.746281045 0.664503429
1785983384.869999886 -1.313084448 -0.344397399 1.387513914 -0.037319947 -0.010699794 -0.746220598 0.664565689
1785983384.880000114 -1.313703525 -0.350379150 1.385869705 -0.037471833 -0.010583774 -0.746185621 0.664598273
1785983384.890000105 -1.314244834 -0.356288132 1.384205268 -0.037632152 -0.010486465 -0.746144292 0.664637158
1785983384.900000095 -1.314720893 -0.362140089 1.382538911 -0.037771631 -0.010397517 -0.746079053 0.664703875
1785983384.910000086 -1.315142699 -0.367947771 1.380887367 -0.037932497 -0.010261954 -0.746016208 0.664767354
1785983384.920000076 -1.315501459 -0.373710281 1.379247019 -0.038050777 -0.010103644 -0.745952085 0.664834973
1785983384.930000067 -1.315768847 -0.379500536 1.377588411 -0.038161126 -0.009971456 -0.745904665 0.664883847
1785983384.940000057 -1.315940479 -0.385333976 1.375901897 -0.038257218 -0.009808695 -0.745948588 0.664831467
1785983384.950000048 -1.316045442 -0.391154482 1.374212456 -0.038409933 -0.009627520 -0.745955576 0.664817469
1785983384.960000038 -1.316102121 -0.396958370 1.372528589 -0.038594799 -0.009451332 -0.745925111 0.664843472
1785983384.970000029 -1.316118744 -0.402735567 1.370853613 -0.038772924 -0.009268089 -0.745931221 0.664828833
1785983384.980000019 -1.316124767 -0.408451784 1.369190321 -0.038877576 -0.009100641 -0.745918895 0.664838864
1785983384.990000010 -1.316164184 -0.414057837 1.367537123 -0.038915490 -0.008941401 -0.745876030 0.664886895
1785983385.000000000 -1.316310422 -0.419531552 1.365887315 -0.038921017 -0.008844832 -0.745885101 0.664877688
1785983385.009999990 -1.316612294 -0.424896663 1.364219631 -0.039018813 -0.008828538 -0.745938517 0.664812243
1785983385.019999981 -1.317063619 -0.430166177 1.362524215 -0.039036227 -0.008751421 -0.745960215 0.664787893
1785983385.029999971 -1.317622931 -0.435363524 1.360789616 -0.039005398 -0.008639112 -0.746027355 0.664715827
1785983385.039999962 -1.318280660 -0.440528295 1.359015729 -0.038960335 -0.008586489 -0.746081366 0.664658528
1785983385.049999952 -1.318978004 -0.445695217 1.357247946 -0.038892631 -0.008595286 -0.746417715 0.664284637
1785983385.059999943 -1.319625820 -0.450914073 1.355489664 -0.038779663 -0.008653422 -0.746479192 0.664221402
1785983385.069999933 -1.320230294 -0.456248006 1.353692630 -0.038705756 -0.008737432 -0.746568290 0.664124468
1785983385.079999924 -1.320796808 -0.461716232 1.351849381 -0.038652850 -0.008769544 -0.746631074 0.664056542
1785983385.089999914 -1.321318721 -0.467274072 1.349983217 -0.038589783 -0.008831717 -0.746651801 0.664036081
1785983385.099999905 -1.321798848 -0.472908253 1.348106356 -0.038519180 -0.008821828 -0.746619967 0.664076105
1785983385.109999895 -1.322249504 -0.478636506 1.346214841 -0.038434917 -0.008811900 -0.746518090 0.664195641
1785983385.119999886 -1.322655902 -0.484434570 1.344298949 -0.038483990 -0.008897847 -0.746443818 0.664275122
1785983385.130000114 -1.322988453 -0.490299860 1.342392138 -0.038515906 -0.008918278 -0.746007889 0.664762528
1785983385.140000105 -1.323236350 -0.496216346 1.340531824 -0.038619109 -0.008877477 -0.745425519 0.665410061
1785983385.150000095 -1.323404426 -0.502124590 1.338713008 -0.038856619 -0.008739262 -0.744602554 0.666318862
1785983385.160000086 -1.323513197 -0.508039735 1.336898614 -0.039208795 -0.008399630 -0.743518928 0.667511589
1785983385.170000076 -1.323600929 -0.514069424 1.335029470 -0.039700845 -0.007889339 -0.742225979 0.668926152
1785983385.180000067 -1.323694414 -0.520265815 1.333108634 -0.040352383 -0.007068378 -0.740673995 0.670614462
1785983385.190000057 -1.323782030 -0.526556637 1.331190071 -0.041016732 -0.006038954 -0.738823624 0.672622340
1785983385.200000048 -1.323904516 -0.532840911 1.329277395 -0.041755976 -0.004903021 -0.736774338 0.674830330
1785983385.210000038 -1.324136524 -0.539066871 1.327349817 -0.042545066 -0.003687789 -0.734522960 0.677238760
1785983385.220000029 -1.324466688 -0.545177470 1.325417348 -0.043416416 -0.002295329 -0.732017411 0.679897240
1785983385.230000019 -1.324888998 -0.551061693 1.323505819 -0.044286981 -0.000784694 -0.729315399 0.682742335
1785983385.240000010 -1.325409264 -0.556685585 1.321610315 -0.045198029 0.000706453 -0.726370155 0.685815599
1785983385.250000000 -1.325960681 -0.562111409 1.319703032 -0.046259899 0.002195285 -0.723124721 0.689163145
1785983385.259999990 -1.326470435 -0.567408531 1.317776604 -0.047302936 0.003594136 -0.719648210 0.692716370
1785983385.269999981 -1.326947774 -0.572623816 1.315842441 -0.048346425 0.004892090 -0.715882432 0.696527841
1785983385.279999971 -1.327427751 -0.577770301 1.313901531 -0.049394844 0.006085029 -0.711940632 0.700473882
1785983385.289999962 -1.327916886 -0.582843526 1.311896497 -0.050469064 0.007215788 -0.707741505 0.704629525
1785983385.299999952 -1.328391985 -0.587837419 1.309727252 -0.051625029 0.008268680 -0.703264171 0.709003520
1785983385.309999943 -1.328759025 -0.592726517 1.307435066 -0.052876052 0.009379659 -0.698399528 0.713690580
1785983385.319999933 -1.328929044 -0.597480965 1.305119886 -0.054125943 0.010236796 -0.693330174 0.718511558
1785983385.329999924 -1.328868470 -0.602099345 1.302824975 -0.055406824 0.010865933 -0.687982665 0.723527379
1785983385.339999914 -1.328575010 -0.606589314 1.300553878 -0.056702488 0.011430138 -0.682469227 0.728621942
1785983385.349999905 -1.328083362 -0.610973823 1.298249506 -0.057919061 0.011846593 -0.676723531 0.733859866
1785983385.359999895 -1.327408177 -0.615309315 1.295916580 -0.059233671 0.012230706 -0.670668922 0.739286804
1785983385.369999886 -1.326563819 -0.619660086 1.293566975 -0.060479928 0.012603067 -0.664129925 0.745060256
1785983385.380000114 -1.325556837 -0.624121404 1.291157919 -0.061600462 0.012822008 -0.657569046 0.750762232
1785983385.390000105 -1.324354660 -0.628758214 1.288682557 -0.062734482 0.013123371 -0.650907323 0.756446838
1785983385.400000095 -1.322944098 -0.633582045 1.286179295 -0.063794865 0.013260282 -0.644091842 0.762168013
1785983385.410000086 -1.321342286 -0.638655130 1.283683253 -0.064637104 0.013255408 -0.637103900 0.767948539
1785983385.420000076 -1.319567997 -0.643987715 1.281199040 -0.065435014 0.013239041 -0.629862763 0.773831950
1785983385.430000067 -1.317628121 -0.649479041 1.278706979 -0.066197100 0.013218635 -0.622428403 0.779760280
1785983385.440000057 -1.315549850 -0.655042130 1.276211125 -0.066894452 0.013342017 -0.614736231 0.785777633
1785983385.450000048 -1.313371561 -0.660619111 1.273716250 -0.067592043 0.013453260 -0.606801286 0.791860167
1785983385.460000038 -1.311109630 -0.666156401 1.271216086 -0.068087133 0.013598685 -0.598635500 0.798006739
1785983385.470000029 -1.308780537 -0.671587486 1.268927295 -0.068525511 0.013679578 -0.590361600 0.804108391
1785983385.480000019 -1.306437639 -0.676876641 1.266886374 -0.068782406 0.013749409 -0.581880251 0.810243980
1785983385.490000010 -1.304132617 -0.682025118 1.265008909 -0.068933405 0.013818055 -0.573351123 0.816287778
1785983385.500000000 -1.301939888 -0.686997070 1.263325524 -0.069046271 0.013887992 -0.564464948 0.822446994
1785983385.509999990 -1.299904515 -0.691757711 1.261877771 -0.069006495 0.014098830 -0.555381803 0.828607494
1785983385.519999981 -1.298009004 -0.696378716 1.260959543 -0.068791558 0.014464770 -0.545933427 0.834874353
1785983385.529999971 -1.296264424 -0.700938012 1.260698734 -0.068445139 0.014619366 -0.536521354 0.840979413
1785983385.539999962 -1.294679288 -0.705422733 1.261081738 -0.068192410 0.014804455 -0.526827884 0.847102712
1785983385.549999952 -1.293210525 -0.709806059 1.261829440 -0.067716042 0.014927023 -0.517012947 0.853164307
1785983385.559999943 -1.291801415 -0.714051733 1.262709881 -0.067168261 0.015018894 -0.507042575 0.859168601
1785983385.569999933 -1.290362390 -0.718092540 1.263716390 -0.066493478 0.015180789 -0.496915439 0.865114563
1785983385.579999924 -1.288853795 -0.721900877 1.264750060 -0.065800708 0.015456761 -0.486516732 0.871052711
1785983385.589999914 -1.287320270 -0.725495550 1.265811180 -0.065043031 0.015591308 -0.475873113 0.876966987
1785983385.599999905 -1.285783325 -0.728908658 1.266871606 -0.064295149 0.015678724 -0.465100464 0.882780760
1785983385.609999895 -1.284284156 -0.732228912 1.267887360 -0.063244003 0.015497762 -0.454349073 0.888440733
1785983385.619999886 -1.282858244 -0.735486839 1.268866078 -0.062119372 0.015154249 -0.443758688 0.893862271
1785983385.630000114 -1.281489050 -0.738638810 1.269831426 -0.060856561 0.014769657 -0.433276124 0.899082942
1785983385.640000105 -1.280138122 -0.741744826 1.270741867 -0.059517787 0.014347757 -0.422884371 0.904113148
1785983385.650000095 -1.278763890 -0.745048219 1.271471650 -0.057949221 0.013796855 -0.412594199 0.908965105
1785983385.660000086 -1.277308730 -0.748657799 1.272015958 -0.056218954 0.013193220 -0.402581635 0.913560833
1785983385.670000076 -1.275765132 -0.752493674 1.272303258 -0.054251622 0.012380503 -0.392673671 0.917992850
1785983385.680000067 -1.274170959 -0.756563548 1.272137697 -0.052132732 0.011544987 -0.382970666 0.922216005
1785983385.690000057 -1.272507890 -0.760850167 1.271729219 -0.049950152 0.010512433 -0.373349976 0.926285197
1785983385.700000048 -1.270761915 -0.765337341 1.271029957 -0.047769071 0.009941106 -0.364034161 0.930106671
1785983385.710000038 -1.268950397 -0.770037496 1.270077715 -0.045678715 0.009222421 -0.354682411 0.933824817
1785983385.720000029 -1.267130114 -0.774927129 1.269194800 -0.043385221 0.008649402 -0.345492267 0.937378261
1785983385.730000019 -1.265321279 -0.780057104 1.268356349 -0.040976106 0.008265782 -0.336348550 0.940809380
1785983385.740000010 -1.263513263 -0.785449362 1.267560940 -0.038751378 0.007942204 -0.327584204 0.943993560
1785983385.750000000 -1.261708408 -0.791036168 1.266811389 -0.036467655 0.007756252 -0.318960540 0.947034384
1785983385.759999990 -1.259944829 -0.796692807 1.266393399 -0.034403677 0.007693492 -0.310501258 0.949919031
1785983385.769999981 -1.258300900 -0.802241072 1.266530360 -0.032445791 0.007707852 -0.302258017 0.952642614
1785983385.779999971 -1.256764057 -0.807594939 1.267249418 -0.030671217 0.007835228 -0.294218001 0.955213931
1785983385.789999962 -1.255255469 -0.812827694 1.268771655 -0.029056481 0.008105406 -0.286369894 0.957644144
1785983385.799999952 -1.253729884 -0.817989227 1.271231481 -0.027505330 0.008546188 -0.278734268 0.959936262
1785983385.809999943 -1.252189815 -0.823050974 1.274474126 -0.026033259 0.009128519 -0.271335396 0.962089415
1785983385.819999933 -1.250652354 -0.828027548 1.278095753 -0.024742701 0.009819983 -0.264094939 0.964129260
1785983385.829999924 -1.249125305 -0.832952399 1.281851955 -0.023637573 0.010604597 -0.256978084 0.966069910
1785983385.839999914 -1.247631041 -0.837850471 1.285711288 -0.022802055 0.011486759 -0.250099566 0.967883427
1785983385.849999905 -1.246230649 -0.842730248 1.289632735 -0.022234726 0.012561881 -0.243414986 0.969585974
1785983385.859999895 -1.244951429 -0.847561356 1.293597362 -0.021747326 0.013681466 -0.236920636 0.971189211
1785983385.869999886 -1.243779470 -0.852290666 1.297587237 -0.021423055 0.014874158 -0.230624038 0.972693356
1785983385.880000114 -1.242678809 -0.856891432 1.301584802 -0.021217849 0.016117715 -0.224601424 0.974086353
1785983385.890000105 -1.241601345 -0.861377929 1.305575875 -0.021196611 0.017458482 -0.218634867 0.975420268
1785983385.900000095 -1.240533371 -0.865777824 1.309558892 -0.021234977 0.018856300 -0.212891252 0.976663110
1785983385.910000086 -1.239495146 -0.870104886 1.313546687 -0.021416709 0.020295534 -0.207296630 0.977833075
1785983385.920000076 -1.238519853 -0.874340506 1.317538657 -0.021646463 0.021733925 -0.201863578 0.978933176
1785983385.930000067 -1.237632303 -0.878445473 1.321514560 -0.021983625 0.023148467 -0.196458677 0.979992274
1785983385.940000057 -1.236834171 -0.882423010 1.325472049 -0.022446626 0.024484223 -0.191270162 0.980975227
1785983385.950000048 -1.236102305 -0.886329875 1.329433926 -0.023081537 0.025828137 -0.186300868 0.981881936
1785983385.960000038 -1.235401596 -0.890195253 1.333410789 -0.023850939 0.027176397 -0.181429642 0.982738959
1785983385.970000029 -1.234694939 -0.894021373 1.337402021 -0.024724137 0.028468266 -0.176657740 0.983549855
1785983385.980000019 -1.233976953 -0.897831515 1.341405446 -0.025679487 0.029743888 -0.171927370 0.984325578
1785983385.990000010 -1.233280471 -0.901684631 1.345404383 -0.026678072 0.031001850 -0.167319562 0.985053973
1785983386.000000000 -1.232633304 -0.905602668 1.349372970 -0.027583511 0.032213288 -0.162787840 0.985749245
1785983386.009999990 -1.232047097 -0.909570914 1.353274635 -0.028406302 0.033393300 -0.158381612 0.986404194
1785983386.019999981 -1.231531704 -0.913629934 1.357124043 -0.029198531 0.034555774 -0.154125771 0.987014990
1785983386.029999971 -1.231075154 -0.917832308 1.360961472 -0.030134514 0.035632010 -0.149979722 0.987587137
1785983386.039999962 -1.230638564 -0.922141288 1.364769049 -0.031005347 0.036578226 -0.146015099 0.988119574
1785983386.049999952 -1.230187446 -0.926475163 1.368533751 -0.031815685 0.037447444 -0.142142791 0.988625752
1785983386.059999943 -1.229706017 -0.930810078 1.372264251 -0.032534921 0.038265351 -0.138458367 0.989093788
1785983386.069999933 -1.229188611 -0.935145776 1.375965013 -0.033149886 0.039009606 -0.134878860 0.989538796
1785983386.079999924 -1.228634471 -0.939492508 1.379644400 -0.033755705 0.039688016 -0.131398388 0.989959533
1785983386.089999914 -1.228053703 -0.943845513 1.383309287 -0.034321360 0.040321242 -0.128061499 0.990351702
1785983386.099999905 -1.227446043 -0.948183933 1.386942656 -0.034884828 0.040969957 -0.124822490 0.990718859
1785983386.109999895 -1.226823405 -0.952528355 1.390456165 -0.035475265 0.041566502 -0.121685706 0.991063227
1785983386.119999886 -1.226218883 -0.956858275 1.393801750 -0.035991651 0.042152485 -0.118601788 0.991393658
1785983386.130000114 -1.225690669 -0.961081340 1.397016016 -0.036386202 0.042718704 -0.115633074 0.991705676
1785983386.140000105 -1.225268426 -0.965172498 1.400053210 -0.036662972 0.043343364 -0.112765341 0.991998567
1785983386.150000095 -1.224909670 -0.969195651 1.402911526 -0.036828704 0.044008064 -0.110107536 0.992261693
1785983386.160000086 -1.224574636 -0.973206133 1.405678149 -0.036994472 0.044693255 -0.107516073 0.992509051
1785983386.170000076 -1.224239630 -0.977213586 1.408380205 -0.037172493 0.045489047 -0.104952550 0.992740608
1785983386.180000067 -1.223883278 -0.981212575 1.411018426 -0.037265720 0.046218111 -0.102511047 0.992958528
1785983386.190000057 -1.223486647 -0.985183601 1.413596978 -0.037237592 0.046970690 -0.100149291 0.993165261
1785983386.200000048 -1.223026461 -0.989127786 1.416136876 -0.037127185 0.047688394 -0.097944485 0.993355056
1785983386.210000038 -1.222478737 -0.993089097 1.418665547 -0.036941628 0.048360757 -0.095822826 0.993536381
1785983386.220000029 -1.221834648 -0.997022160 1.421185321 -0.036790413 0.049067893 -0.093761352 0.993703988
1785983386.230000019 -1.221126236 -1.000755353 1.423680783 -0.036665931 0.049749416 -0.091690302 0.993867946
1785983386.240000010 -1.220343459 -1.004243291 1.426145245 -0.036613027 0.050426487 -0.089789964 0.994009265
1785983386.250000000 -1.219429835 -1.007589157 1.428589419 -0.036559546 0.051041081 -0.087995983 0.994140289
1785983386.259999990 -1.218421730 -1.010796407 1.431017111 -0.036510743 0.051649122 -0.086303842 0.994259011
1785983386.269999981 -1.217423009 -1.013785784 1.433422962 -0.036571796 0.052207260 -0.084651302 0.994369681
1785983386.279999971 -1.216445461 -1.016558144 1.435800965 -0.036633803 0.052692377 -0.083086008 0.994473827
1785983386.289999962 -1.215373221 -1.019205950 1.438133075 -0.036690658 0.053152255 -0.081506698 0.994577946
1785983386.299999952 -1.214127112 -1.021796143 1.440403773 -0.036853573 0.053560720 -0.079908550 0.994679691
1785983386.309999943 -1.212684009 -1.024374621 1.442313329 -0.037053226 0.053889367 -0.078396025 0.994774878
1785983386.319999933 -1.211082560 -1.026966767 1.443841918 -0.037311596 0.054149617 -0.076907721 0.994867261
1785983386.329999924 -1.209385724 -1.029583991 1.445267552 -0.037595751 0.054430891 -0.075536800 0.994946245
1785983386.339999914 -1.207620936 -1.032280530 1.446622717 -0.037858929 0.054712104 -0.074303354 0.995013718
1785983386.349999905 -1.205821525 -1.035113132 1.447952292 -0.038126261 0.055088503 -0.072955497 0.995082479
1785983386.359999895 -1.203937345 -1.038126616 1.449244944 -0.038382205 0.055292296 -0.071822700 0.995143742
1785983386.369999886 -1.201859706 -1.041331554 1.450461834 -0.038561037 0.055500918 -0.070788160 0.995199342
1785983386.380000114 -1.199638214 -1.044733756 1.451643451 -0.038682194 0.055686732 -0.069795816 0.995254349
1785983386.390000105 -1.197459117 -1.048345315 1.452842237 -0.038767860 0.055842087 -0.068645437 0.995322319
1785983386.400000095 -1.195385672 -1.052099262 1.454023488 -0.038983025 0.055982054 -0.067663328 0.995373301
1785983386.410000086 -1.193372461 -1.055890508 1.455100926 -0.039264208 0.056086085 -0.066752324 0.995417902
1785983386.420000076 -1.191372397 -1.059658200 1.456020104 -0.039505764 0.056212388 -0.065893405 0.995458448
1785983386.430000067 -1.189335414 -1.063370690 1.456814480 -0.039788979 0.056363970 -0.065062490 0.995493251
1785983386.440000057 -1.187250834 -1.067028795 1.457531807 -0.040104560 0.056451770 -0.064242446 0.995528870
1785983386.450000048 -1.185146318 -1.070676410 1.458205894 -0.040466225 0.056507768 -0.063465285 0.995560904
1785983386.460000038 -1.183041551 -1.074357292 1.458840591 -0.040888427 0.056578261 -0.062616115 0.995593421
1785983386.470000029 -1.180968070 -1.078092844 1.459219075 -0.041406967 0.056625410 -0.061812806 0.995619507
1785983386.480000019 -1.178933764 -1.081872107 1.459193173 -0.041950657 0.056650503 -0.061020317 0.995644205
1785983386.490000010 -1.176929991 -1.085660294 1.458639554 -0.042489199 0.056622586 -0.060226033 0.995671319
1785983386.500000000 -1.174965244 -1.089448346 1.457258686 -0.043035178 0.056601914 -0.059351621 0.995701553
1785983386.509999990 -1.173017278 -1.093286859 1.455032160 -0.043730499 0.056643165 -0.058690929 0.995708075
1785983386.519999981 -1.171032656 -1.097228551 1.452393124 -0.044461763 0.056546995 -0.058009491 0.995721089
1785983386.529999971 -1.168979170 -1.101287829 1.449693894 -0.045323931 0.056488338 -0.057407497 0.995720437
1785983386.539999962 -1.166877230 -1.105435509 1.446933669 -0.046234881 0.056417020 -0.056613742 0.995728045
1785983386.549999952 -1.164759210 -1.109669359 1.444115116 -0.047151788 0.056400226 -0.055963122 0.995722779
1785983386.559999943 -1.162631224 -1.113981090 1.441265990 -0.048075741 0.056507414 -0.055335354 0.995707605
1785983386.569999933 -1.160451223 -1.118325324 1.438385706 -0.048935774 0.056706531 -0.054640962 0.995692736
1785983386.579999924 -1.158185798 -1.122681357 1.435448292 -0.049819569 0.056821467 -0.053933041 0.995680952
1785983386.589999914 -1.155860818 -1.127034615 1.432217560 -0.050660961 0.056967261 -0.053283563 0.995665135
1785983386.599999905 -1.153506781 -1.131386548 1.428713174 -0.051415937 0.057111599 -0.052579293 0.995655605
1785983386.609999895 -1.151171097 -1.135723340 1.425161890 -0.052026234 0.057311239 -0.051862149 0.995650044
1785983386.619999886 -1.148880180 -1.140007795 1.421521949 -0.052741055 0.057461060 -0.051230609 0.995636496
1785983386.630000114 -1.146611133 -1.144201966 1.417795804 -0.053380013 0.057687671 -0.050685689 0.995617230
1785983386.640000105 -1.144394903 -1.148285897 1.413931639 -0.053957578 0.057856019 -0.050138930 0.995604012
1785983386.650000095 -1.142344720 -1.152241380 1.409943407 -0.054358989 0.057992032 -0.049701587 0.995596192
1785983386.660000086 -1.140440546 -1.156068001 1.405925483 -0.054702799 0.058174223 -0.049187762 0.995592250
1785983386.670000076 -1.138531346 -1.159802113 1.401874102 -0.054929823 0.058397665 -0.048696081 0.995590839
1785983386.680000067 -1.136547528 -1.163466715 1.397796158 -0.055061933 0.058672837 -0.048214461 0.995590803
1785983386.690000057 -1.134455606 -1.167070314 1.393687734 -0.055108839 0.058996791 -0.047811317 0.995588506
1785983386.700000048 -1.132264060 -1.170586374 1.389548294 -0.055001897 0.059301314 -0.047448294 0.995593695
1785983386.710000038 -1.130026431 -1.173966686 1.385381854 -0.054765763 0.059542602 -0.047125456 0.995607644
1785983386.720000029 -1.127740475 -1.177199098 1.381188934 -0.054523451 0.059833946 -0.046783692 0.995619595
1785983386.730000019 -1.125356363 -1.180306936 1.376974156 -0.054294424 0.060076439 -0.046487957 0.995631361
1785983386.740000010 -1.122830805 -1.183284244 1.372723531 -0.054078310 0.060254599 -0.046200432 0.995645740
1785983386.750000000 -1.120116372 -1.186097007 1.368395129 -0.053866975 0.060355159 -0.045952557 0.995662577
1785983386.759999990 -1.117245066 -1.188773810 1.363977867 -0.053703164 0.060403942 -0.045644521 0.995682636
1785983386.769999981 -1.114363584 -1.191368805 1.359511674 -0.053543326 0.060400464 -0.045304730 0.995706974
1785983386.779999971 -1.111552747 -1.193904891 1.355015617 -0.053391973 0.060256259 -0.045035360 0.995736058
1785983386.789999962 -1.108854402 -1.196414876 1.350501843 -0.053262233 0.060120672 -0.044799425 0.995761844
1785983386.799999952 -1.106373371 -1.198901913 1.345961342 -0.053218110 0.059750516 -0.044374676 0.995805501
1785983386.809999943 -1.104221665 -1.201343298 1.341435801 -0.053118575 0.059334953 -0.044048579 0.995850141
1785983386.819999933 -1.102390633 -1.203840909 1.336973028 -0.053146944 0.058851140 -0.043705451 0.995892454
1785983386.829999924 -1.100758207 -1.206481122 1.332622554 -0.053135737 0.058254719 -0.043407601 0.995941144
1785983386.839999914 -1.099254434 -1.209241888 1.328431116 -0.053143143 0.057761201 -0.043106438 0.995982573
1785983386.849999905 -1.097921464 -1.212098110 1.324342868 -0.053174839 0.057244196 -0.042924044 0.996018607
1785983386.859999895 -1.096728694 -1.215004438 1.320301243 -0.053236417 0.056716874 -0.042613632 0.996058813
1785983386.869999886 -1.095560968 -1.217882021 1.316259772 -0.053292748 0.056269589 -0.042321567 0.996093621
1785983386.880000114 -1.094372839 -1.220665146 1.312211110 -0.053445543 0.055870452 -0.042024988 0.996120458
1785983386.890000105 -1.093151288 -1.223335838 1.308178486 -0.053636777 0.055575513 -0.041676075 0.996141337
1785983386.900000095 -1.091881700 -1.225948412 1.304170759 -0.053859022 0.055328222 -0.041316700 0.996158082
1785983386.910000086 -1.090532842 -1.228598057 1.300183583 -0.054129685 0.055145124 -0.040929822 0.996169535
1785983386.920000076 -1.089099359 -1.231294419 1.296215034 -0.054397489 0.054972064 -0.040530096 0.996180855
1785983386.930000067 -1.087608784 -1.233961566 1.292268889 -0.054619591 0.054712439 -0.040068791 0.996201657
1785983386.940000057 -1.086067123 -1.236574166 1.288367221 -0.054834844 0.054457350 -0.039624892 0.996221564
1785983386.950000048 -1.084447727 -1.239207061 1.284549697 -0.055068166 0.054204651 -0.039189621 0.996239693
1785983386.960000038 -1.082749923 -1.241857514 1.280806481 -0.055258653 0.053996949 -0.038733655 0.996258257
1785983386.970000029 -1.081007877 -1.244441660 1.277097765 -0.055444422 0.053781322 -0.038270900 0.996277483
1785983386.980000019 -1.079236431 -1.246905022 1.273415127 -0.055600785 0.053594114 -0.037745171 0.996298914
1785983386.990000010 -1.077413859 -1.249217585 1.269742265 -0.055734283 0.053352678 -0.037220868 0.996324138
1785983387.000000000 -1.075519762 -1.251331545 1.266111124 -0.055902082 0.053120468 -0.036763434 0.996344129
1785983387.009999990 -1.073576347 -1.253163498 1.262575617 -0.056130162 0.052950581 -0.036238127 0.996359593
1785983387.019999981 -1.071574965 -1.254717071 1.259336419 -0.056360746 0.052840177 -0.035767131 0.996369457
1785983387.029999971 -1.069461229 -1.256138234 1.256506529 -0.056536659 0.052789027 -0.035327391 0.996377890
1785983387.039999962 -1.067246176 -1.257504090 1.253910477 -0.056711010 0.052871758 -0.034846770 0.996380520
1785983387.049999952 -1.064970137 -1.258707613 1.251678994 -0.056835524 0.053103182 -0.034402279 0.996376565
1785983387.059999943 -1.062629135 -1.259725086 1.249809947 -0.056893625 0.053426131 -0.033974837 0.996370651
1785983387.069999933 -1.060175400 -1.260682441 1.248145269 -0.056834195 0.053835998 -0.033563954 0.996365907
1785983387.079999924 -1.057613981 -1.261643867 1.246898130 -0.056733089 0.054297761 -0.033122337 0.996361391
1785983387.089999914 -1.055060161 -1.262554354 1.246051145 -0.056561607 0.054798553 -0.032727091 0.996356784
1785983387.099999905 -1.052559236 -1.263436077 1.245382634 -0.056444394 0.055254265 -0.032412950 0.996348532
1785983387.109999895 -1.050058953 -1.264411010 1.244805665 -0.056326843 0.055720843 -0.032250022 0.996334487
1785983387.119999886 -1.047503363 -1.265556518 1.244619560 -0.056254151 0.056219709 -0.031689579 0.996328553
1785983387.130000114 -1.044885547 -1.266905317 1.244862266 -0.056395899 0.056644062 -0.031366100 0.996306740
1785983387.140000105 -1.042228688 -1.268457704 1.245193149 -0.056612603 0.057193785 -0.030999254 0.996274526
1785983387.150000095 -1.039525873 -1.270207335 1.245558657 -0.056715352 0.057656453 -0.030637560 0.996253202
1785983387.160000086 -1.036777520 -1.272143306 1.245942271 -0.056729511 0.058037538 -0.030109451 0.996246369
1785983387.170000076 -1.033991958 -1.274226431 1.246330386 -0.056772938 0.058502333 -0.029714733 0.996228561
1785983387.180000067 -1.031185917 -1.276332351 1.246689700 -0.056913431 0.058937825 -0.029235610 0.996209051
1785983387.190000057 -1.028381048 -1.278354158 1.246991808 -0.057160455 0.059333178 -0.028762116 0.996185222
1785983387.200000048 -1.025565627 -1.280293732 1.247272756 -0.057422944 0.059689031 -0.028335090 0.996161105
1785983387.210000038 -1.022706354 -1.282169169 1.247562162 -0.057686483 0.059966244 -0.027908804 0.996141264
1785983387.220000029 -1.019802185 -1.284003363 1.247851335 -0.057880351 0.060306971 -0.027509194 0.996120564
1785983387.230000019 -1.016892727 -1.285790617 1.248114272 -0.058020910 0.060655134 -0.027124896 0.996101786
1785983387.240000010 -1.013992226 -1.287514966 1.248340233 -0.058338243 0.060990691 -0.026729697 0.996073445
1785983387.250000000 -1.011080808 -1.289196717 1.248546431 -0.058772527 0.061347054 -0.026305486 0.996037324
1785983387.259999990 -1.008158388 -1.290830746 1.248741557 -0.059187031 0.061710977 -0.025933431 0.996000054
1785983387.269999981 -1.005256274 -1.292388759 1.248939466 -0.059620830 0.062138003 -0.025480036 0.995959333
1785983387.279999971 -1.002372785 -1.293913103 1.249169592 -0.059900616 0.062555871 -0.025075523 0.995926653
1785983387.289999962 -0.999427861 -1.295481365 1.249436559 -0.060155761 0.062986314 -0.024610625 0.995895740
1785983387.299999952 -0.996391666 -1.297105336 1.249733084 -0.060362427 0.063444169 -0.024159409 0.995865221
1785983387.309999943 -0.993317643 -1.298788781 1.250236534 -0.060497795 0.063922122 -0.023734556 0.995836658
1785983387.319999933 -0.990258206 -1.300489311 1.250965620 -0.060757296 0.064402294 -0.023444559 0.995796791
1785983387.329999924 -0.987245898 -1.302100255 1.251788179 -0.060973319 0.064891212 -0.023263548 0.995756091
1785983387.339999914 -0.984273170 -1.303555823 1.252710828 -0.061184176 0.065424830 -0.023046493 0.995713286
1785983387.349999905 -0.981323509 -1.304835317 1.253713042 -0.061360814 0.066009430 -0.022807007 0.995669346
1785983387.359999895 -0.978413425 -1.305923950 1.254852168 -0.061487545 0.066583379 -0.022655889 0.995626760
1785983387.369999886 -0.975550347 -1.306818321 1.256131807 -0.061567976 0.067218858 -0.022551709 0.995581453
1785983387.380000114 -0.972702131 -1.307538914 1.257472458 -0.061636758 0.067839321 -0.022397472 0.995538593
1785983387.390000105 -0.969826667 -1.308121305 1.258847340 -0.061706678 0.068413499 -0.022287637 0.995497434
1785983387.400000095 -0.966871022 -1.308617040 1.260237531 -0.061818164 0.068968651 -0.022141198 0.995455477
1785983387.410000086 -0.963759696 -1.309088966 1.261631505 -0.061954369 0.069536003 -0.022022456 0.995410173
1785983387.420000076 -0.960487616 -1.309540158 1.263099975 -0.062104847 0.070138096 -0.021875505 0.995361792
1785983387.430000067 -0.957171742 -1.309896364 1.264662915 -0.062316288 0.070787496 -0.021713054 0.995306161
1785983387.440000057 -0.953852429 -1.310215168 1.266312486 -0.062482683 0.071488538 -0.021539604 0.995249390
1785983387.450000048 -0.950470702 -1.310587437 1.268073941 -0.062699738 0.072127930 -0.021452486 0.995191487
1785983387.460000038 -0.946983860 -1.310974192 1.270016330 -0.062894091 0.072725054 -0.021350713 0.995137954
1785983387.470000029 -0.943311053 -1.311348372 1.272586294 -0.063065019 0.073338967 -0.021187431 0.995085570
1785983387.480000019 -0.939422442 -1.311665413 1.275704342 -0.063132831 0.073871080 -0.021014938 0.995045568
1785983387.490000010 -0.935354689 -1.311883411 1.278846324 -0.063093111 0.074330205 -0.020820940 0.995017974
1785983387.500000000 -0.931138107 -1.312001924 1.281937377 -0.062978961 0.074763364 -0.020621265 0.994996911
1785983387.509999990 -0.926808109 -1.312024511 1.284995516 -0.062798194 0.075158002 -0.020545143 0.994980180
1785983387.519999981 -0.922384780 -1.311946893 1.288033991 -0.062530969 0.075460035 -0.020538761 0.994974281
1785983387.529999971 -0.917881286 -1.311746920 1.291052357 -0.062217209 0.075665200 -0.020535723 0.994978432
1785983387.539999962 -0.913288043 -1.311423312 1.294048700 -0.061872784 0.075790556 -0.020558709 0.994989894
1785983387.549999952 -0.908588194 -1.310979605 1.297022434 -0.061467158 0.075885179 -0.020613665 0.995006686
1785983387.559999943 -0.903782532 -1.310422860 1.299979488 -0.061005640 0.075892500 -0.020738114 0.995031945
1785983387.569999933 -0.898888017 -1.309774607 1.302922868 -0.060428355 0.075893697 -0.020877439 0.995064165
1785983387.579999924 -0.893944761 -1.309052249 1.305835959 -0.059790233 0.075855424 -0.021001192 0.995103026
1785983387.589999914 -0.889049322 -1.308290361 1.308317364 -0.059136204 0.075791439 -0.021125894 0.995144343
1785983387.599999905 -0.884211363 -1.307554404 1.310272233 -0.058484783 0.075787633 -0.021278567 0.995179877
1785983387.609999895 -0.879376497 -1.306887844 1.311802121 -0.057791002 0.075784240 -0.021483475 0.995216263
1785983387.619999886 -0.874586055 -1.306287549 1.312628847 -0.057089828 0.075777505 -0.021729494 0.995251903
1785983387.630000114 -0.869886572 -1.305735773 1.312641809 -0.056356563 0.075730737 -0.022065500 0.995289861
1785983387.640000105 -0.865310032 -1.305251107 1.312231466 -0.055669784 0.075650057 -0.022401003 0.995327152
1785983387.650000095 -0.860854156 -1.304879929 1.311695688 -0.054848671 0.075521859 -0.022709684 0.995375478
1785983387.660000086 -0.856510460 -1.304610018 1.311026346 -0.054133529 0.075361272 -0.023057376 0.995418805
1785983387.670000076 -0.852281719 -1.304406655 1.310310627 -0.053445373 0.075163533 -0.023486281 0.995460913
1785983387.680000067 -0.848148964 -1.304257981 1.309552064 -0.052731559 0.074888230 -0.023922657 0.995509338
1785983387.690000057 -0.844061751 -1.304189372 1.308794523 -0.051959633 0.074552317 -0.024418701 0.995563095
1785983387.700000048 -0.839972859 -1.304241596 1.308064232 -0.051252926 0.074110920 -0.024901305 0.995620728
1785983387.710000038 -0.835856589 -1.304413025 1.307343229 -0.050682924 0.073690564 -0.025458954 0.995667004
1785983387.720000029 -0.831710631 -1.304679048 1.306629478 -0.050221353 0.073170005 -0.026086500 0.995712539
1785983387.730000019 -0.827564073 -1.305025840 1.305956693 -0.049969077 0.072648826 -0.026729304 0.995746345
1785983387.740000010 -0.823463478 -1.305414630 1.305323094 -0.049628624 0.072118044 -0.027195474 0.995789332
1785983387.750000000 -0.819429500 -1.305825923 1.304719387 -0.049340272 0.071497480 -0.027771179 0.995832521
1785983387.759999990 -0.815421249 -1.306233358 1.304133247 -0.049032914 0.070905503 -0.028263946 0.995876163
1785983387.769999981 -0.811381331 -1.306582744 1.303548370 -0.048719615 0.070342498 -0.028711983 0.995918648
1785983387.779999971 -0.807292009 -1.306836321 1.302962259 -0.048429677 0.069787202 -0.029131553 0.995959671
1785983387.789999962 -0.803179359 -1.306939831 1.302376228 -0.048213486 0.069245399 -0.029532485 0.995996168
1785983387.799999952 -0.799074696 -1.306880203 1.301794448 -0.048046687 0.068761394 -0.029870008 0.996027695
1785983387.809999943 -0.794986696 -1.306679673 1.301211141 -0.047852342 0.068318532 -0.030239314 0.996056382
1785983387.819999933 -0.790885916 -1.306353742 1.300624310 -0.047672263 0.067887758 -0.030521751 0.996085855
1785983387.829999924 -0.786733820 -1.305918301 1.300038123 -0.047516320 0.067450870 -0.030824244 0.996113671
1785983387.839999914 -0.782504011 -1.305424727 1.299450220 -0.047398359 0.067068511 -0.031137865 0.996135354
1785983387.849999905 -0.778175131 -1.304944849 1.298861748 -0.047402477 0.066709033 -0.031389114 0.996151411
1785983387.859999895 -0.773737389 -1.304542181 1.298279504 -0.047458674 0.066369018 -0.031604017 0.996164652
1785983387.869999886 -0.769185404 -1.304247878 1.297707110 -0.047539539 0.066062723 -0.031853095 0.996173222
1785983387.880000114 -0.764505708 -1.304034713 1.297147982 -0.047618742 0.065779621 -0.032059189 0.996181562
1785983387.890000105 -0.759709980 -1.303864835 1.296614327 -0.047712607 0.065508783 -0.032203835 0.996190253
1785983387.900000095 -0.754838671 -1.303686028 1.296112246 -0.047828115 0.065273070 -0.032373892 0.996194674
1785983387.910000086 -0.749952589 -1.303415691 1.295639839 -0.048004119 0.065085169 -0.032498005 0.996194461
1785983387.920000076 -0.745078598 -1.303005875 1.295189744 -0.048209406 0.064892171 -0.032664396 0.996191697
1785983387.930000067 -0.740203790 -1.302484670 1.294745469 -0.048448203 0.064719807 -0.032822159 0.996186139
1785983387.940000057 -0.735325812 -1.301893274 1.294297477 -0.048617030 0.064600930 -0.033044619 0.996178276
1785983387.950000048 -0.730453741 -1.301276675 1.293854625 -0.048697394 0.064486602 -0.033295294 0.996173411
1785983387.960000038 -0.725560380 -1.300716439 1.293426973 -0.048760422 0.064397867 -0.033561673 0.996167130
1785983387.970000029 -0.720575916 -1.300222019 1.293017899 -0.048849438 0.064403021 -0.033895399 0.996151136
1785983387.980000019 -0.715452070 -1.299772527 1.292723192 -0.048891357 0.064422284 -0.034269500 0.996135034
1785983387.990000010 -0.710190728 -1.299361205 1.292541662 -0.048952972 0.064371726 -0.034570582 0.996124873
1785983388.000000000 -0.704821949 -1.298958634 1.292391109 -0.048961899 0.064413194 -0.034965365 0.996107974
1785983388.009999990 -0.699378125 -1.298528481 1.292272278 -0.048939011 0.064465254 -0.035376376 0.996091219
1785983388.019999981 -0.693903592 -1.298041229 1.292183992 -0.048796838 0.064586408 -0.035790053 0.996075568
1785983388.029999971 -0.688477871 -1.297528366 1.292130125 -0.048564844 0.064764039 -0.036429217 0.996052201
1785983388.039999962 -0.683166586 -1.297021523 1.292095746 -0.048389194 0.064823820 -0.036929028 0.996038456
1785983388.049999952 -0.677973669 -1.296474032 1.292068726 -0.048137087 0.064826221 -0.037361214 0.996034398
1785983388.059999943 -0.672825318 -1.295847014 1.292032250 -0.047771629 0.064853695 -0.037908828 0.996029513
1785983388.069999933 -0.667597290 -1.295128424 1.291954485 -0.047235101 0.064911747 -0.038513179 0.996028135
1785983388.079999924 -0.662262552 -1.294318095 1.291814659 -0.046659900 0.064934661 -0.039136336 0.996029463
1785983388.089999914 -0.656878748 -1.293433516 1.291645975 -0.046067508 0.064991701 -0.039661543 0.996032542
1785983388.099999905 -0.651503230 -1.292469938 1.291413576 -0.045489352 0.064983232 -0.040377545 0.996030899
1785983388.109999895 -0.646232052 -1.291455702 1.290554707 -0.044876582 0.065018042 -0.041059701 0.996028538
1785983388.119999886 -0.641077884 -1.290472974 1.288951943 -0.044219370 0.065067633 -0.041727562 0.996026938
1785983388.130000114 -0.635947982 -1.289625152 1.287103380 -0.043536479 0.064977505 -0.042364760 0.996036006
1785983388.140000105 -0.630783333 -1.288974242 1.285196112 -0.042922670 0.065017469 -0.042900707 0.996037099
1785983388.150000095 -0.625576208 -1.288482197 1.283273450 -0.042369034 0.065070936 -0.043470699 0.996032598
1785983388.160000086 -0.620339696 -1.288043517 1.281326573 -0.041817062 0.065013228 -0.044068615 0.996033418
1785983388.170000076 -0.615121499 -1.287628156 1.279372762 -0.041302402 0.064836898 -0.044619361 0.996041867
1785983388.180000067 -0.609973033 -1.287296419 1.277304343 -0.040932219 0.064773914 -0.045164177 0.996036691
1785983388.190000057 -0.604892450 -1.287094682 1.275110228 -0.040671619 0.064724192 -0.045621251 0.996029769
1785983388.200000048 -0.599866942 -1.287034898 1.272913371 -0.040431654 0.064655844 -0.046017199 0.996025763
1785983388.210000038 -0.594899631 -1.287083658 1.270725030 -0.040241090 0.064569617 -0.046356218 0.996023353
1785983388.220000029 -0.589977213 -1.287216120 1.268536776 -0.040159117 0.064438633 -0.046757221 0.996016401
1785983388.230000019 -0.585115270 -1.287391666 1.266355835 -0.040104811 0.064288750 -0.047034951 0.996015198
1785983388.240000010 -0.580332937 -1.287600470 1.264218292 -0.040092189 0.064117829 -0.047380200 0.996010360
1785983388.250000000 -0.575616118 -1.287870110 1.262123363 -0.040115959 0.063938834 -0.047701159 0.996005590
1785983388.259999990 -0.570951297 -1.288180052 1.260097021 -0.040172093 0.063777045 -0.047972479 0.996000669
1785983388.269999981 -0.566349828 -1.288469522 1.258183036 -0.040324207 0.063598328 -0.048212736 0.995994349
1785983388.279999971 -0.561817380 -1.288680157 1.256439048 -0.040493508 0.063417749 -0.048423488 0.995988770
1785983388.289999962 -0.557295158 -1.288778900 1.255173038 -0.040729369 0.063183112 -0.048633857 0.995983816
1785983388.299999952 -0.552720934 -1.288755991 1.254637222 -0.041037378 0.062945980 -0.048920515 0.995972148
1785983388.309999943 -0.548076990 -1.288656776 1.254509876 -0.041376613 0.062709627 -0.049215575 0.995958486
1785983388.319999933 -0.543312888 -1.288479787 1.254853039 -0.041778049 0.062478300 -0.049544231 0.995939971
1785983388.329999924 -0.538356378 -1.288182332 1.256021785 -0.042211990 0.062267425 -0.049868962 0.995918673
1785983388.339999914 -0.533193850 -1.287768262 1.257911385 -0.042619011 0.062063211 -0.050182475 0.995898337
1785983388.349999905 -0.527850286 -1.287279320 1.260142028 -0.043002162 0.061868236 -0.050528832 0.995876485
1785983388.359999895 -0.522404157 -1.286767419 1.262402949 -0.043352258 0.061602801 -0.051077624 0.995849764
1785983388.369999886 -0.516941821 -1.286214684 1.264704299 -0.043641151 0.061441643 -0.051422215 0.995829368
1785983388.380000114 -0.511470933 -1.285569272 1.267060438 -0.043910496 0.061340522 -0.051752634 0.995806645
1785983388.390000105 -0.505957174 -1.284794550 1.269456618 -0.044183173 0.061319752 -0.052165449 0.995774322
1785983388.400000095 -0.500369107 -1.283885783 1.271860896 -0.044395858 0.061282269 -0.052500435 0.995749565
1785983388.410000086 -0.494658888 -1.282903047 1.274246561 -0.044574318 0.061210459 -0.053113441 0.995713499
1785983388.420000076 -0.488814225 -1.281961712 1.276626905 -0.044734369 0.061128424 -0.053435076 0.995694152
1785983388.430000067 -0.482834415 -1.281161398 1.279030486 -0.044864698 0.061128648 -0.053949321 0.995660544
1785983388.440000057 -0.476693470 -1.280530921 1.281440756 -0.044973677 0.061145046 -0.054292360 0.995635973
1785983388.450000048 -0.470355592 -1.280070348 1.283828581 -0.045082581 0.061090099 -0.054685335 0.995612914
1785983388.460000038 -0.463851729 -1.279729522 1.286218012 -0.045200918 0.060860272 -0.054972661 0.995605801
1785983388.470000029 -0.457279994 -1.279383188 1.288632702 -0.045297812 0.060597789 -0.055426988 0.995592218
1785983388.480000019 -0.450687628 -1.279038658 1.291094291 -0.045393250 0.060492933 -0.055816802 0.995572470
1785983388.490000010 -0.444095514 -1.278823215 1.293445493 -0.045374577 0.060335623 -0.056425590 0.995548549
1785983388.500000000 -0.437491215 -1.278756959 1.295646103 -0.045440934 0.060294381 -0.056709014 0.995531917
1785983388.509999990 -0.430860167 -1.278780202 1.297848003 -0.045481878 0.060187999 -0.057122404 0.995512850
1785983388.519999981 -0.424206813 -1.278902450 1.300055403 -0.045544368 0.059974664 -0.057453280 0.995503828
1785983388.529999971 -0.417556803 -1.279158235 1.301864360 -0.045608052 0.059750299 -0.057827531 0.995492734
1785983388.539999962 -0.410931659 -1.279517644 1.302993362 -0.045599314 0.059452284 -0.058389497 0.995478174
1785983388.549999952 -0.404382051 -1.279977225 1.303676817 -0.045680320 0.059055399 -0.058707202 0.995479398
1785983388.559999943 -0.397972992 -1.280487533 1.303572683 -0.045720212 0.058707176 -0.059235693 0.995466856
1785983388.569999933 -0.391710925 -1.280987691 1.302678402 -0.045793135 0.058458212 -0.059630225 0.995454601
1785983388.579999924 -0.385575469 -1.281460752 1.301606422 -0.045808879 0.058216625 -0.059931284 0.995449955
1785983388.589999914 -0.379563734 -1.281870250 1.300539175 -0.045828583 0.058015614 -0.060233965 0.995442514
1785983388.599999905 -0.373660793 -1.282217745 1.299485986 -0.045840158 0.057823532 -0.060512421 0.995436269
1785983388.609999895 -0.367864584 -1.282576682 1.298444934 -0.045874418 0.057696036 -0.060959253 0.995414825
1785983388.619999886 -0.362167187 -1.282960098 1.297399345 -0.045942787 0.057535987 -0.061197957 0.995406289
1785983388.630000114 -0.356510236 -1.283296754 1.296337709 -0.046032968 0.057332868 -0.061613362 0.995388217
1785983388.640000105 -0.350840733 -1.283625141 1.295295298 -0.046138984 0.057175473 -0.061831192 0.995378854
1785983388.650000095 -0.345077325 -1.284001276 1.294261051 -0.046152141 0.056971276 -0.062117801 0.995372107
1785983388.660000086 -0.339214810 -1.284342113 1.293213213 -0.046216098 0.056749251 -0.062346101 0.995367549
1785983388.670000076 -0.333336667 -1.284521669 1.292191130 -0.046304073 0.056567606 -0.062687631 0.995352350
1785983388.680000067 -0.327503902 -1.284495186 1.291217146 -0.046448917 0.056385260 -0.063028390 0.995334428
1785983388.690000057 -0.321751908 -1.284274574 1.290302932 -0.046600453 0.056224081 -0.063313296 0.995318380
1785983388.700000048 -0.316038788 -1.283909181 1.289430716 -0.046753868 0.056007499 -0.063642874 0.995302376
1785983388.710000038 -0.310293854 -1.283480855 1.288564210 -0.046876431 0.055835087 -0.063908708 0.995289265
1785983388.720000029 -0.304516060 -1.283022402 1.287690091 -0.046995821 0.055656625 -0.064212661 0.995274066
1785983388.730000019 -0.298723443 -1.282522783 1.286803801 -0.047009063 0.055514611 -0.064499728 0.995262810
1785983388.740000010 -0.292930509 -1.281964791 1.285895378 -0.047011381 0.055382474 -0.064735657 0.995254744
1785983388.750000000 -0.287136902 -1.281354822 1.284958388 -0.047019233 0.055251935 -0.065055744 0.995240758
1785983388.759999990 -0.281326942 -1.280719636 1.284002154 -0.047066462 0.055098436 -0.065416578 0.995223383
1785983388.769999981 -0.275489324 -1.280077010 1.283020088 -0.047080349 0.054951524 -0.065744461 0.995209243
1785983388.779999971 -0.269686882 -1.279431660 1.281644927 -0.047077150 0.054802092 -0.066135225 0.995191743
1785983388.789999962 -0.264001946 -1.278752561 1.279592490 -0.047132846 0.054674901 -0.066568205 0.995167234
1785983388.799999952 -0.258409774 -1.277977207 1.277145613 -0.047122895 0.054526295 -0.067053807 0.995143257
1785983388.809999943 -0.252816879 -1.277072387 1.274571840 -0.047155547 0.054277426 -0.067588011 0.995119177
1785983388.819999933 -0.247144832 -1.276060729 1.271907641 -0.047138709 0.054006746 -0.067899791 0.995113477
1785983388.829999924 -0.241323802 -1.274982232 1.269111032 -0.047142867 0.053769445 -0.068313657 0.995097805
1785983388.839999914 -0.235345293 -1.273841390 1.266207807 -0.047129926 0.053660997 -0.068637459 0.995081990
1785983388.849999905 -0.229292590 -1.272608124 1.263302788 -0.047099921 0.053573341 -0.068965693 0.995065439
1785983388.859999895 -0.223195297 -1.271286220 1.260446625 -0.047011901 0.053519766 -0.069363129 0.995044859
1785983388.869999886 -0.217002674 -1.269970609 1.257754221 -0.046829420 0.053479128 -0.069659528 0.995034943
1785983388.880000114 -0.210703135 -1.268757463 1.255282656 -0.046578925 0.053429489 -0.070015506 0.995024383
1785983388.890000105 -0.204348660 -1.267605528 1.253038486 -0.046376908 0.053302484 -0.070361012 0.995016259
1785983388.900000095 -0.197940169 -1.266484273 1.251422364 -0.046179106 0.053159723 -0.070786728 0.995002901
1785983388.910000086 -0.191417696 -1.265392957 1.250658092 -0.045911099 0.053009364 -0.071121599 0.994999445
1785983388.920000076 -0.184777674 -1.264272083 1.250399791 -0.045636530 0.052859129 -0.071467527 0.994995283
1785983388.930000067 -0.178091706 -1.263079158 1.250311070 -0.045327650 0.052728707 -0.071764067 0.994994978
1785983388.940000057 -0.171429316 -1.261835114 1.250291738 -0.044987824 0.052636662 -0.072037973 0.994995481
1785983388.950000048 -0.164816108 -1.260605309 1.250312021 -0.044710299 0.052719361 -0.072406367 0.994976872
1785983388.960000038 -0.158247482 -1.259407032 1.250343902 -0.044385152 0.052841640 -0.072686478 0.994964520
1785983388.970000029 -0.151717781 -1.258226078 1.250363891 -0.044086433 0.052968999 -0.073037962 0.994945289
1785983388.980000019 -0.145230409 -1.257098716 1.250354718 -0.043699114 0.053022407 -0.073392725 0.994933425
1785983388.990000010 -0.138761835 -1.256105210 1.250305852 -0.043345438 0.052974600 -0.073611040 0.994935314
1785983389.000000000 -0.132291828 -1.255269327 1.250217656 -0.043045529 0.052964575 -0.073994057 0.994920457
1785983389.009999990 -0.125783990 -1.254551475 1.250114464 -0.042710512 0.052943370 -0.074289731 0.994913990
1785983389.019999981 -0.119203683 -1.253864535 1.249993960 -0.042417556 0.052842676 -0.074513742 0.994915124
1785983389.029999971 -0.112557812 -1.253146046 1.249868029 -0.042155242 0.052696540 -0.074871150 0.994907192
1785983389.039999962 -0.105851281 -1.252370657 1.249750818 -0.041920958 0.052553431 -0.075153952 0.994903339
1785983389.049999952 -0.099132128 -1.251500076 1.249674179 -0.041630072 0.052396776 -0.075368107 0.994907616
1785983389.059999943 -0.092470964 -1.250529409 1.249745932 -0.041428270 0.052180564 -0.075568027 0.994912238
1785983389.069999933 -0.085860229 -1.249531316 1.250754765 -0.041065059 0.052078400 -0.075973865 0.994901740
1785983389.079999924 -0.079257205 -1.248609887 1.252613705 -0.040800962 0.051932917 -0.076217952 0.994901542
1785983389.089999914 -0.072704436 -1.247823712 1.254829346 -0.040597054 0.051814145 -0.076441798 0.994898902
1785983389.099999905 -0.066272375 -1.247168170 1.257460699 -0.040376930 0.051673222 -0.076593683 0.994903508
1785983389.109999895 -0.059984607 -1.246562154 1.260365346 -0.040130889 0.051449528 -0.076793672 0.994909639
1785983389.119999886 -0.053794321 -1.245960796 1.263470844 -0.039922423 0.051213961 -0.076988011 0.994915160
1785983389.130000114 -0.047690193 -1.245403902 1.266607209 -0.039740545 0.051030955 -0.077211545 0.994914523
1785983389.140000105 -0.041681989 -1.244912184 1.269769126 -0.039592775 0.050883467 -0.077440166 0.994910200
1785983389.150000095 -0.035701727 -1.244445121 1.272921801 -0.039488349 0.050820029 -0.077607718 0.994904537
1785983389.160000086 -0.029681067 -1.243963175 1.276035666 -0.039391402 0.050826716 -0.077822660 0.994891248
1785983389.170000076 -0.023566148 -1.243456073 1.279064573 -0.039343903 0.050819926 -0.078038226 0.994876589
1785983389.180000067 -0.017418725 -1.242881215 1.282026381 -0.039225556 0.050800774 -0.078279088 0.994863318
1785983389.190000057 -0.011366712 -1.242238369 1.285023748 -0.039149860 0.050834904 -0.078534837 0.994844400
1785983389.200000048 -0.005524077 -1.241647042 1.288079639 -0.038905364 0.050845369 -0.078867934 0.994827106
1785983389.210000038 0.000123832 -1.241230362 1.291180883 -0.038737671 0.051011689 -0.079049919 0.994810691
1785983389.220000029 0.005641784 -1.241032287 1.294325834 -0.038667442 0.050881889 -0.079306495 0.994799649
1785983389.230000019 0.011102171 -1.241032381 1.297473168 -0.038647436 0.050862151 -0.079663465 0.994772914
1785983389.240000010 0.016571334 -1.241181880 1.300598616 -0.038619674 0.050888497 -0.079901132 0.994753583
1785983389.250000000 0.022031330 -1.241449846 1.303733783 -0.038804992 0.050907151 -0.080314239 0.994712148
1785983389.259999990 0.027454607 -1.241766051 1.306920702 -0.038910631 0.050866463 -0.080667139 0.994681546
1785983389.269999981 0.032766447 -1.242058951 1.310198169 -0.039065475 0.050879329 -0.081147247 0.994635766
1785983389.279999971 0.037966148 -1.242304935 1.313567592 -0.039130501 0.050809652 -0.081648432 0.994595755
1785983389.289999962 0.043123775 -1.242490429 1.317003605 -0.039193843 0.050659789 -0.082023059 0.994570081
1785983389.299999952 0.048295028 -1.242611051 1.320485958 -0.039352018 0.050583553 -0.082523446 0.994526321
1785983389.309999943 0.053490266 -1.242650567 1.323980072 -0.039593732 0.050640132 -0.082946279 0.994478672
1785983389.319999933 0.058721374 -1.242632148 1.327473254 -0.039734177 0.050602166 -0.083349431 0.994441295
1785983389.329999924 0.064043581 -1.242586788 1.330985099 -0.039718115 0.050487157 -0.083771809 0.994412290
1785983389.339999914 0.069470959 -1.242506666 1.334654016 -0.039742000 0.050345887 -0.084157425 0.994385938
1785983389.349999905 0.074963019 -1.242381348 1.338625100 -0.039751304 0.050235229 -0.084537683 0.994358907
1785983389.359999895 0.080484041 -1.242229843 1.342821028 -0.039728456 0.049985448 -0.084876348 0.994343558
1785983389.369999886 0.086056054 -1.242078556 1.347334612 -0.039763960 0.049830375 -0.085220816 0.994320458
1785983389.380000114 0.091760965 -1.241900813 1.352730001 -0.039771875 0.049621080 -0.085497272 0.994306876
1785983389.390000105 0.097630929 -1.241709794 1.358749220 -0.039761228 0.049410376 -0.085735705 0.994297264
1785983389.400000095 0.103647129 -1.241538924 1.364754866 -0.039693983 0.049110206 -0.085946754 0.994296601
1785983389.410000086 0.109795037 -1.241337918 1.370743645 -0.039611162 0.048885990 -0.086539781 0.994259515
1785983389.420000076 0.116023013 -1.241037505 1.376731979 -0.039533232 0.048646670 -0.086724082 0.994258296
1785983389.430000067 0.122257649 -1.240600880 1.382720337 -0.039448300 0.048538011 -0.086999295 0.994242936
1785983389.440000057 0.128444490 -1.240043664 1.388704845 -0.039440910 0.048452997 -0.087336373 0.994217823
1785983389.450000048 0.134543258 -1.239394284 1.394717878 -0.039411236 0.048385971 -0.087519596 0.994206152
1785983389.460000038 0.140524191 -1.238694486 1.400788410 -0.039376560 0.048275950 -0.087804844 0.994187723
1785983389.470000029 0.146374693 -1.237998796 1.406899486 -0.039285928 0.048232424 -0.088098936 0.994167404
1785983389.480000019 0.152147853 -1.237347851 1.413006815 -0.039172301 0.048245502 -0.088342537 0.994149636
1785983389.490000010 0.157950469 -1.236796721 1.419068421 -0.039081095 0.048294336 -0.088623925 0.994125809
1785983389.500000000 0.163834996 -1.236428764 1.425099138 -0.039018297 0.048395589 -0.089173025 0.994074248
1785983389.509999990 0.169808289 -1.236219687 1.431127785 -0.039055102 0.048386202 -0.089418352 0.994051222
1785983389.519999981 0.175865139 -1.236056523 1.437153820 -0.039123945 0.048378621 -0.089650713 0.994027955
1785983389.529999971 0.181991485 -1.235910781 1.443172784 -0.039202689 0.048338125 -0.089710328 0.994021444
1785983389.539999962 0.188194537 -1.235851540 1.449168980 -0.039199079 0.048257153 -0.089874775 0.994010666
1785983389.549999952 0.194535631 -1.235940430 1.455119391 -0.039233124 0.048215864 -0.090002861 0.993999737
1785983389.559999943 0.201054543 -1.236141927 1.461029513 -0.039285764 0.048203160 -0.090178988 0.993982311
1785983389.569999933 0.207676357 -1.236399001 1.466937427 -0.039431231 0.048163319 -0.090397091 0.993958670
1785983389.579999924 0.214331153 -1.236678753 1.472864497 -0.039572105 0.048054223 -0.090579746 0.993941724
1785983389.589999914 0.221018142 -1.236940747 1.478820487 -0.039751805 0.048028740 -0.090721392 0.993922866
1785983389.599999905 0.227746506 -1.237133409 1.484818930 -0.039926889 0.047955871 -0.090900733 0.993902981
1785983389.609999895 0.234502623 -1.237244878 1.490844310 -0.039949728 0.047824913 -0.091101659 0.993889976
1785983389.619999886 0.241263076 -1.237309026 1.496879690 -0.040034360 0.047782272 -0.091260120 0.993874084
1785983389.630000114 0.248009115 -1.237373047 1.502923185 -0.040023807 0.047750956 -0.091650536 0.993840088
1785983389.640000105 0.254710285 -1.237401821 1.508963225 -0.040133021 0.047730869 -0.091847404 0.993818474
1785983389.650000095 0.261332903 -1.237313336 1.514886021 -0.040208237 0.047713518 -0.091993830 0.993802723
1785983389.660000086 0.267837229 -1.237114389 1.520194551 -0.040241358 0.047785774 -0.092092041 0.993788815
1785983389.670000076 0.274212601 -1.236848525 1.524569778 -0.040241664 0.047931732 -0.092142747 0.993777073
1785983389.680000067 0.280480065 -1.236580061 1.528391906 -0.040173861 0.048083778 -0.092123101 0.993774293
1785983389.690000057 0.286622252 -1.236345233 1.531564665 -0.040102550 0.048245030 -0.092143496 0.993767467
1785983389.700000048 0.292628621 -1.236137368 1.533829573 -0.040034343 0.048375601 -0.092178825 0.993760593
1785983389.710000038 0.298529481 -1.235980251 1.535111081 -0.039976396 0.048502559 -0.092202683 0.993754524
1785983389.720000029 0.304296913 -1.235893115 1.534867448 -0.039907323 0.048627210 -0.092322895 0.993740048
1785983389.730000019 0.309887587 -1.235843534 1.533195581 -0.039854318 0.048734475 -0.092367894 0.993732739
1785983389.740000010 0.315322553 -1.235812451 1.530561127 -0.039799775 0.048892262 -0.092401842 0.993724018
1785983389.750000000 0.320660528 -1.235839350 1.527055742 -0.039749091 0.049057004 -0.092388056 0.993719209
1785983389.759999990 0.325958531 -1.235922860 1.522715853 -0.039656215 0.049251834 -0.092366710 0.993715267
1785983389.769999981 0.331267223 -1.235987132 1.517770506 -0.039537666 0.049476053 -0.092341432 0.993711202
1785983389.779999971 0.336626432 -1.235969430 1.512608375 -0.039541523 0.049699581 -0.092349508 0.993699144
1785983389.789999962 0.342045339 -1.235859617 1.507405528 -0.039645502 0.049891358 -0.092367608 0.993683708
1785983389.799999952 0.347516136 -1.235660370 1.502188938 -0.039746864 0.050027328 -0.092378716 0.993671790
1785983389.809999943 0.353011495 -1.235373065 1.496947957 -0.039856703 0.050139061 -0.092436614 0.993656374
1785983389.819999933 0.358457590 -1.235041706 1.491128159 -0.039946365 0.050167787 -0.092549988 0.993640771
1785983389.829999924 0.363781632 -1.234731373 1.483895136 -0.039998642 0.050133898 -0.092649281 0.993631125
1785983389.839999914 0.369004100 -1.234433791 1.475582865 -0.040092925 0.050062724 -0.092802924 0.993616575
1785983389.849999905 0.374146452 -1.234102548 1.466645000 -0.040219956 0.049936995 -0.092947024 0.993604299
1785983389.859999895 0.379261618 -1.233740254 1.457211315 -0.040347886 0.049825350 -0.093177356 0.993583143
1785983389.869999886 0.384458242 -1.233388527 1.447629848 -0.040477297 0.049762283 -0.093317910 0.993567849
1785983389.880000114 0.389708724 -1.233120125 1.437033293 -0.040544457 0.049642149 -0.093429935 0.993560593
1785983389.890000105 0.394938122 -1.232980627 1.424585779 -0.040530912 0.049543698 -0.093547703 0.993554978
1785983389.900000095 0.400168354 -1.232940969 1.411089926 -0.040520358 0.049484725 -0.093675335 0.993546322
1785983389.910000086 0.405440754 -1.232987893 1.397417000 -0.040621499 0.049492913 -0.093785029 0.993531436
1785983389.920000076 0.410749199 -1.233144217 1.383539327 -0.040716998 0.049551934 -0.093823047 0.993520995
1785983389.930000067 0.416068156 -1.233419508 1.369002890 -0.040820566 0.049636750 -0.093822762 0.993512538
1785983389.940000057 0.421361418 -1.233803643 1.353456658 -0.040940578 0.049734068 -0.093795130 0.993505342
1785983389.950000048 0.426599020 -1.234296324 1.337109485 -0.041050021 0.049876520 -0.093679710 0.993504575
1785983389.960000038 0.431806270 -1.234908698 1.320504444 -0.041189505 0.050049132 -0.093584334 0.993499110
1785983389.970000029 0.437020967 -1.235618828 1.303900563 -0.041333561 0.050293220 -0.093469494 0.993491612
1785983389.980000019 0.442252063 -1.236404057 1.287285660 -0.041471863 0.050588514 -0.093319932 0.993484915
1785983389.990000010 0.447522758 -1.237287071 1.270651045 -0.041651457 0.050801978 -0.093228349 0.993475108
1785983390.000000000 0.452873218 -1.238250317 1.253989651 -0.041800757 0.051084284 -0.093085337 0.993467771
1785983390.009999990 0.458320805 -1.239237772 1.237311429 -0.041892871 0.051333477 -0.092946516 0.993464044
1785983390.019999981 0.463845065 -1.240238992 1.220638015 -0.041939396 0.051523251 -0.092877578 0.993458704
1785983390.029999971 0.469425276 -1.241264595 1.203978740 -0.041899758 0.051710687 -0.092789322 0.993458885
1785983390.039999962 0.475099625 -1.242360090 1.187736205 -0.041936459 0.051932138 -0.092742733 0.993450136
1785983390.049999952 0.480923264 -1.243594017 1.172418877 -0.042073769 0.052225701 -0.092685841 0.993434250
1785983390.059999943 0.486897120 -1.244951732 1.158349819 -0.042234623 0.052442786 -0.092828281 0.993402688
1785983390.069999933 0.492918261 -1.246406323 1.145677776 -0.042294426 0.052724162 -0.092831072 0.993384989
1785983390.079999924 0.498907138 -1.247894952 1.134223394 -0.042442181 0.052922691 -0.092725568 0.993377984
1785983390.089999914 0.504832531 -1.249360839 1.123949153 -0.042564135 0.053126808 -0.092718817 0.993362501
1785983390.099999905 0.510630132 -1.250842016 1.114645804 -0.042688014 0.053368189 -0.092485918 0.993365957
1785983390.109999895 0.516340090 -1.252392404 1.106119945 -0.042899478 0.053595425 -0.092211940 0.993370084
1785983390.119999886 0.521952394 -1.254028209 1.098590411 -0.043014884 0.053732364 -0.091441261 0.993428935
1785983390.130000114 0.527394021 -1.255656610 1.092290273 -0.043067288 0.053932591 -0.090445228 0.993506993
1785983390.140000105 0.532724480 -1.257207270 1.087155976 -0.043321668 0.054098043 -0.089289069 0.993591514
1785983390.150000095 0.538042636 -1.258686297 1.083153604 -0.043669064 0.054281548 -0.087869548 0.993692844
1785983390.160000086 0.543430263 -1.260104075 1.079961330 -0.044083848 0.054388411 -0.085983263 0.993833685
1785983390.170000076 0.548957430 -1.261461973 1.077238614 -0.044606570 0.054502155 -0.083709028 0.993998274
1785983390.180000067 0.554651592 -1.262727982 1.075173826 -0.045289194 0.054725107 -0.081083287 0.994172798
1785983390.190000057 0.560492900 -1.263886375 1.073624558 -0.046117513 0.055079519 -0.078097417 0.994354170
1785983390.200000048 0.566425408 -1.264996396 1.072255987 -0.047097872 0.055429954 -0.074795725 0.994542563
1785983390.210000038 0.572405775 -1.266120587 1.070961427 -0.048175619 0.055769021 -0.071091551 0.994743644
1785983390.220000029 0.578458087 -1.267186274 1.069885989 -0.049413907 0.056130998 -0.067250361 0.994929629
1785983390.230000019 0.584693642 -1.268096658 1.069672677 -0.050661730 0.056491970 -0.063169205 0.995113912
1785983390.240000010 0.591199729 -1.268753269 1.071087301 -0.051953297 0.056837033 -0.058699056 0.995301375
1785983390.250000000 0.597954643 -1.268997425 1.074564314 -0.053243248 0.057274647 -0.053766768 0.995486768
1785983390.259999990 0.604910288 -1.268781305 1.080197452 -0.054484987 0.057574820 -0.048688117 0.995663595
1785983390.269999981 0.612000354 -1.268152879 1.087884334 -0.055635155 0.057806465 -0.043341328 0.995833657
1785983390.279999971 0.619153014 -1.267150542 1.097422102 -0.056710771 0.057931817 -0.037831014 0.995990265
1785983390.289999962 0.626342472 -1.265811605 1.108451663 -0.057614681 0.058010388 -0.031895701 0.996141560
1785983390.299999952 0.633537543 -1.264166166 1.120799770 -0.058331138 0.057991142 -0.025581391 0.996283142
1785983390.309999943 0.640671523 -1.262276689 1.134125991 -0.058995942 0.057921332 -0.019103874 0.996393316
1785983390.319999933 0.647674212 -1.260236538 1.147812261 -0.059584869 0.057817933 -0.012309487 0.996471378
1785983390.329999924 0.654467282 -1.258110530 1.161564961 -0.060038945 0.057747165 -0.005055132 0.996511433
1785983390.339999914 0.661021628 -1.255925669 1.175379075 -0.060514387 0.057610947 0.002434164 0.996500408
1785983390.349999905 0.667396258 -1.253694803 1.189253322 -0.060805133 0.057483664 0.010177880 0.996441054
1785983390.359999895 0.673716820 -1.251413716 1.203170783 -0.060911346 0.057268636 0.018152945 0.996333570
1785983390.369999886 0.680024917 -1.249074627 1.216928969 -0.060883944 0.056968099 0.026295902 0.996170822
1785983390.380000114 0.686231440 -1.246790775 1.230238369 -0.060766142 0.056686834 0.034788529 0.995933651
1785983390.390000105 0.692310029 -1.244641036 1.243080929 -0.060601421 0.056563681 0.043586127 0.995604473
1785983390.400000095 0.698294116 -1.242586549 1.255224806 -0.060324762 0.056382651 0.052673284 0.995192165
1785983390.410000086 0.704223749 -1.240613993 1.266393930 -0.059945771 0.056142164 0.061928350 0.994695653
1785983390.420000076 0.710159508 -1.238662893 1.277042187 -0.059431394 0.055899292 0.071302022 0.994112267
1785983390.430000067 0.716126560 -1.236635469 1.287647157 -0.058698484 0.055624186 0.080769279 0.993446909
1785983390.440000057 0.722111781 -1.234449918 1.298267166 -0.057868452 0.055442200 0.090358329 0.992679594
1785983390.450000048 0.728088927 -1.232028003 1.308894625 -0.056967219 0.055374318 0.100136872 0.991796868
1785983390.460000038 0.734022278 -1.229368187 1.319503116 -0.056026245 0.055367139 0.110200935 0.990783172
1785983390.470000029 0.739859829 -1.226574319 1.329642032 -0.055081193 0.055398183 0.120490852 0.989635821
1785983390.480000019 0.745551551 -1.223786526 1.338478485 -0.054072677 0.055455805 0.131037883 0.988347041
1785983390.490000010 0.751071370 -1.221144660 1.345279063 -0.052973246 0.055563703 0.141780192 0.986916859
1785983390.500000000 0.756399205 -1.218744067 1.349488522 -0.051854580 0.055499764 0.152386230 0.985398049
1785983390.509999990 0.761542425 -1.216608344 1.350954221 -0.050735890 0.055579392 0.163124627 0.983731242
1785983390.519999981 0.766509863 -1.214793060 1.349385915 -0.049560736 0.055611773 0.173920895 0.981938179
1785983390.529999971 0.771306448 -1.213388213 1.344961503 -0.048354906 0.055680240 0.185338733 0.979903601
1785983390.539999962 0.775965689 -1.212360645 1.338447801 -0.047144907 0.055751932 0.196777668 0.977725743
1785983390.549999952 0.780479150 -1.211641580 1.330089047 -0.045964508 0.055745138 0.208708901 0.975305254
1785983390.559999943 0.784885378 -1.211188162 1.320399139 -0.044751129 0.055852819 0.220417192 0.972776470
1785983390.569999933 0.789236239 -1.210947109 1.309707774 -0.043573869 0.055934640 0.232156652 0.970090678
1785983390.579999924 0.793562257 -1.210838812 1.298336245 -0.042316583 0.056003407 0.243978636 0.967236967
1785983390.589999914 0.797921331 -1.210749302 1.286856340 -0.041081508 0.056093301 0.255871288 0.964207309
1785983390.599999905 0.802348698 -1.210625982 1.275339662 -0.039866337 0.056125262 0.267760935 0.961022743
1785983390.609999895 0.806853743 -1.210437671 1.263750385 -0.038618427 0.056029161 0.279567192 0.957711614
1785983390.619999886 0.811376527 -1.210174327 1.252086769 -0.037201640 0.055808596 0.291454850 0.954230323
1785983390.630000114 0.815857773 -1.209845228 1.240427231 -0.035649522 0.055636101 0.303108441 0.950662405
1785983390.640000105 0.820333527 -1.209365700 1.229319821 -0.033828049 0.055489625 0.314396015 0.947064787
1785983390.650000095 0.824880883 -1.208617911 1.219445908 -0.031981013 0.055345230 0.325345890 0.943432124
1785983390.660000086 0.829524145 -1.207566200 1.210907076 -0.030113323 0.055300946 0.336027570 0.939744894
1785983390.670000076 0.834268824 -1.206223413 1.203702299 -0.028199664 0.055353864 0.346455006 0.936007296
1785983390.680000067 0.839134268 -1.204633763 1.197860868 -0.026335983 0.055562676 0.356557119 0.932247942
1785983390.690000057 0.844133644 -1.202872926 1.192934539 -0.024406050 0.055917793 0.366344075 0.928477013
1785983390.700000048 0.849265167 -1.201015732 1.188334588 -0.022582877 0.056349338 0.375897914 0.924670495
1785983390.710000038 0.854540945 -1.199121629 1.183862147 -0.020752556 0.056810844 0.385188825 0.920853641
1785983390.720000029 0.859943072 -1.197220573 1.179505839 -0.019051675 0.057399930 0.394237326 0.917016473
1785983390.730000019 0.865395648 -1.195328703 1.175220896 -0.017503000 0.058088539 0.403020247 0.913177993
1785983390.740000010 0.870871503 -1.193463503 1.170960029 -0.016023964 0.058926656 0.411600172 0.909316326
1785983390.750000000 0.876384148 -1.191633259 1.166726655 -0.014718047 0.059908970 0.419883869 0.905478785
1785983390.759999990 0.881894194 -1.189872451 1.162665272 -0.013512643 0.060923423 0.427967263 0.901637270
1785983390.769999981 0.887340165 -1.188211329 1.159191084 -0.012450366 0.062012290 0.435833723 0.897801999
1785983390.779999971 0.892774195 -1.186647898 1.156466219 -0.011610896 0.063182676 0.443431555 0.894003128
1785983390.789999962 0.898340302 -1.185178492 1.154143163 -0.010931892 0.064453000 0.450714571 0.890271127
1785983390.799999952 0.904058232 -1.183854738 1.151940826 -0.010303550 0.065668770 0.457939718 0.886494594
1785983390.809999943 0.909757461 -1.182732689 1.149773777 -0.010146733 0.066897307 0.464836544 0.882807330
1785983390.819999933 0.915361398 -1.181745838 1.147601332 -0.010070954 0.068185581 0.471610599 0.879109064
1785983390.829999924 0.920946445 -1.180806610 1.145420912 -0.010143617 0.069436925 0.478053425 0.875523011
1785983390.839999914 0.926566333 -1.179878288 1.143249781 -0.010361405 0.070591183 0.484305731 0.871984796
1785983390.849999905 0.932231310 -1.178994178 1.141098902 -0.010670235 0.071537602 0.490374808 0.868505075
1785983390.859999895 0.937924583 -1.178217911 1.138958416 -0.011104491 0.072465803 0.496270212 0.865067208
1785983390.869999886 0.943611002 -1.177597528 1.136847424 -0.011622281 0.073414976 0.501945133 0.861699627
1785983390.880000114 0.949262114 -1.177125317 1.134776865 -0.012232640 0.074328797 0.507449750 0.858382399
1785983390.890000105 0.954828519 -1.176728027 1.132732997 -0.012988816 0.075187901 0.512874953 0.855065701
1785983390.900000095 0.960260819 -1.176363286 1.130721585 -0.013935502 0.076031603 0.518134777 0.851798891
1785983390.910000086 0.965535586 -1.176008485 1.128798147 -0.015063732 0.076740990 0.523332437 0.848532300
1785983390.920000076 0.970578289 -1.175618436 1.126973744 -0.016283904 0.077576463 0.528352776 0.845316551
1785983390.930000067 0.975327008 -1.175182897 1.125211256 -0.017617201 0.078404449 0.533250526 0.842131969
1785983390.940000057 0.979770183 -1.174736818 1.123599798 -0.018860050 0.079145442 0.537910296 0.839066631
1785983390.950000048 0.983958655 -1.174334497 1.122236070 -0.020016793 0.079826390 0.542530079 0.835995328
1785983390.960000038 0.987957451 -1.173974626 1.121689494 -0.021382810 0.080555544 0.547102996 0.832905692
1785983390.970000029 0.991827380 -1.173633018 1.121867503 -0.022599338 0.081103767 0.551462346 0.829940196
1785983390.980000019 0.995647883 -1.173288048 1.122102799 -0.023784957 0.081503801 0.555691889 0.827041674
1785983390.990000010 0.999461585 -1.172877770 1.122355224 -0.024923754 0.081853459 0.559816454 0.824187087
1785983391.000000000 1.003305869 -1.172357308 1.122601117 -0.026061358 0.082088000 0.563821073 0.821394037
1785983391.009999990 1.007227134 -1.171708213 1.122833119 -0.027073925 0.082165260 0.567717312 0.818665332
1785983391.019999981 1.011274900 -1.170911451 1.123044995 -0.028120747 0.082210107 0.571510346 0.815982014
1785983391.029999971 1.015498636 -1.169925639 1.123237013 -0.029079304 0.082159705 0.575179912 0.813370915
1785983391.039999962 1.019877847 -1.168738969 1.123464854 -0.030092498 0.082110156 0.578702482 0.810836482
1785983391.049999952 1.024331010 -1.167404278 1.123787307 -0.031107842 0.082026782 0.582154028 0.808331984
1785983391.059999943 1.028829173 -1.165954359 1.124171253 -0.032110644 0.081992926 0.585498612 0.805876815
1785983391.069999933 1.033408035 -1.164351945 1.124583222 -0.033008569 0.081886323 0.588747247 0.803481016
1785983391.079999924 1.038057373 -1.162618161 1.125028430 -0.033903809 0.081829662 0.591765802 0.801228853
1785983391.089999914 1.042697118 -1.160830150 1.125499868 -0.034726144 0.081830737 0.594688159 0.799026795
1785983391.099999905 1.047311905 -1.159010014 1.125972214 -0.035395595 0.081813390 0.597502586 0.796896719
1785983391.109999895 1.052015333 -1.157167322 1.125853943 -0.035831200 0.081793657 0.600242715 0.794817341
1785983391.119999886 1.056861304 -1.155417069 1.124186376 -0.036064047 0.081769631 0.602753202 0.792907112
1785983391.130000114 1.061773533 -1.153839840 1.120700888 -0.036336820 0.081832695 0.605258086 0.790977683
1785983391.140000105 1.066688654 -1.152488906 1.115371469 -0.036574322 0.081814776 0.607577810 0.789188106
1785983391.150000095 1.071505083 -1.151414147 1.108361251 -0.036556123 0.081883496 0.610021989 0.787294047
1785983391.160000086 1.076159215 -1.150547348 1.100060195 -0.036469567 0.082016656 0.612475723 0.785376806
1785983391.170000076 1.080700567 -1.149838115 1.090621212 -0.036379054 0.082007808 0.614717081 0.783628863
1785983391.180000067 1.085195513 -1.149241466 1.080205242 -0.036233578 0.082005949 0.616933054 0.781892421
1785983391.190000057 1.089712479 -1.148726627 1.068954627 -0.036123955 0.081999195 0.619030595 0.780238627
1785983391.200000048 1.094300876 -1.148272020 1.057086315 -0.035879255 0.082053131 0.621063559 0.778627008
1785983391.210000038 1.098955116 -1.147853274 1.044541380 -0.035582013 0.082074106 0.623195180 0.776933413
1785983391.220000029 1.103684232 -1.147440254 1.031558292 -0.035431754 0.082010197 0.625092847 0.775421080
1785983391.230000019 1.108522374 -1.146990289 1.018553957 -0.035226995 0.081968384 0.626906254 0.773969503
1785983391.240000010 1.113496259 -1.146475780 1.005510672 -0.035101691 0.081820702 0.628669659 0.772559191
1785983391.250000000 1.118609080 -1.145915790 0.992445030 -0.034940366 0.081677278 0.630547256 0.771050031
1785983391.259999990 1.123829084 -1.145353332 0.979381450 -0.034876579 0.081508860 0.632243055 0.769680875
1785983391.269999981 1.129096304 -1.144770520 0.966814962 -0.034946596 0.081336527 0.633737805 0.768465678
1785983391.279999971 1.134367494 -1.144126834 0.954916205 -0.035123954 0.081131598 0.635328990 0.767164289
1785983391.289999962 1.139673975 -1.143387691 0.943640559 -0.035232759 0.080782720 0.636804705 0.765971653
1785983391.299999952 1.145018831 -1.142562415 0.933568013 -0.035567739 0.080406900 0.638103305 0.764914268
1785983391.309999943 1.150357651 -1.141688844 0.925026270 -0.035967231 0.079992454 0.639325670 0.763917700
1785983391.319999933 1.155643244 -1.140762898 0.917843498 -0.036257209 0.079711984 0.640569182 0.762890908
1785983391.329999924 1.160774022 -1.139787969 0.911915494 -0.036480003 0.079574888 0.641746622 0.761904403
1785983391.339999914 1.165716708 -1.138771137 0.907400682 -0.036945693 0.079321047 0.642765685 0.761048922
1785983391.349999905 1.170591355 -1.137615952 0.904207867 -0.037377955 0.079156243 0.643855395 0.760123284
1785983391.359999895 1.175404990 -1.136293212 0.902022626 -0.037741868 0.079255470 0.644860114 0.759242751
1785983391.369999886 1.180008786 -1.134909007 0.900573189 -0.038137383 0.078990674 0.645796882 0.758453954
1785983391.380000114 1.184356391 -1.133483027 0.899836548 -0.038577481 0.078924035 0.646874518 0.757519724
1785983391.390000105 1.188457355 -1.132021740 0.899718157 -0.038984711 0.078888069 0.647768429 0.756738348
1785983391.400000095 1.192314554 -1.130556824 0.900149680 -0.039520392 0.078854453 0.648680888 0.755932021
1785983391.410000086 1.195971458 -1.129111324 0.901274553 -0.040004409 0.078851450 0.649459441 0.755238062
1785983391.420000076 1.199400277 -1.127764470 0.903095373 -0.040497732 0.078806854 0.650160647 0.754612846
1785983391.430000067 1.202577116 -1.126529938 0.905359083 -0.040909011 0.078866282 0.651000179 0.753860285
1785983391.440000057 1.205533707 -1.125386868 0.907764463 -0.041291794 0.079062998 0.651776197 0.753147940
1785983391.450000048 1.208257968 -1.124272836 0.910235346 -0.041704484 0.079182044 0.652594054 0.752404108
1785983391.460000038 1.210707489 -1.123139823 0.912756028 -0.042267807 0.079435189 0.653301654 0.751731623
1785983391.470000029 1.212908745 -1.122020662 0.915327408 -0.042605949 0.079677591 0.654196023 0.750908635
1785983391.480000019 1.214933156 -1.120979419 0.918002067 -0.042980872 0.079898465 0.654860835 0.750284058
1785983391.490000010 1.216826044 -1.120051086 0.920792633 -0.043203117 0.080288445 0.655537976 0.749638058
1785983391.500000000 1.218626548 -1.119215357 0.923659458 -0.043306533 0.080696512 0.656324958 0.748899303
1785983391.509999990 1.220374937 -1.118458745 0.926596095 -0.043608819 0.081207697 0.656994419 0.748239210
1785983391.519999981 1.222084170 -1.117753181 0.929304860 -0.043901396 0.081554267 0.657816735 0.747461512
1785983391.529999971 1.223708455 -1.117086461 0.931449787 -0.044144045 0.082053987 0.658522678 0.746770600
1785983391.539999962 1.225201972 -1.116504439 0.933279069 -0.044321780 0.082163596 0.659332176 0.746033381
1785983391.549999952 1.226627007 -1.115980614 0.935062916 -0.044450874 0.082457750 0.660040312 0.745366773
1785983391.559999943 1.228073478 -1.115511611 0.936842096 -0.044572429 0.082853603 0.660635857 0.744787784
1785983391.569999933 1.229555627 -1.115059104 0.938351153 -0.044631124 0.083082958 0.661286455 0.744181100
1785983391.579999924 1.231056022 -1.114548411 0.939205993 -0.044592867 0.083331170 0.661952261 0.743563445
1785983391.589999914 1.232545649 -1.114030244 0.939368066 -0.044451116 0.083416678 0.662636867 0.742952312
1785983391.599999905 1.234007378 -1.113493934 0.938798404 -0.044499977 0.083542514 0.663442626 0.742215793
1785983391.609999895 1.235456429 -1.112902185 0.937468888 -0.044441925 0.083690467 0.664064645 0.741646121
1785983391.619999886 1.236879750 -1.112272342 0.935353920 -0.044334042 0.083800900 0.664648555 0.741116860
1785983391.630000114 1.238266267 -1.111569605 0.932817557 -0.044147831 0.083806267 0.665193594 0.740638212
1785983391.640000105 1.239586125 -1.110758769 0.930236724 -0.043874475 0.083810381 0.665788025 0.740119690
1785983391.650000095 1.240759356 -1.109880498 0.927632213 -0.043536494 0.083814708 0.666351040 0.739632314
1785983391.660000086 1.241779972 -1.108948134 0.925009183 -0.043278686 0.083888638 0.667098457 0.738965020
1785983391.670000076 1.242743249 -1.107925531 0.922340542 -0.043148276 0.083930704 0.667692216 0.738431424
1785983391.680000067 1.243710303 -1.106800376 0.919646117 -0.042837029 0.084075060 0.668253229 0.737925467
1785983391.690000057 1.244657990 -1.105582645 0.916952484 -0.042552472 0.084154985 0.668849327 0.737392571
1785983391.700000048 1.245589654 -1.104241597 0.914368769 -0.042263287 0.084204593 0.669413202 0.736891692
1785983391.710000038 1.246537052 -1.102765063 0.911937245 -0.042033876 0.084248684 0.669888996 0.736467274
1785983391.720000029 1.247510703 -1.101130435 0.909696943 -0.041786829 0.084395518 0.670393968 0.736004881
1785983391.730000019 1.248516110 -1.099320757 0.907685975 -0.041523748 0.084469347 0.671003487 0.735455660
1785983391.740000010 1.249548819 -1.097320344 0.905949264 -0.041279040 0.084504742 0.671669282 0.734857377
1785983391.750000000 1.250641792 -1.095115726 0.904407815 -0.041005504 0.084569648 0.672109337 0.734462771
1785983391.759999990 1.251823732 -1.092730356 0.902907043 -0.040527287 0.084810718 0.672666939 0.733950864
1785983391.769999981 1.253083141 -1.090200157 0.901446081 -0.040159356 0.084975916 0.673138328 0.733519673
1785983391.779999971 1.254412347 -1.087543065 0.900031809 -0.039933445 0.085185233 0.673499978 0.733175679
1785983391.789999962 1.255791120 -1.084763037 0.898648883 -0.039776148 0.085335162 0.673873142 0.732823824
1785983391.799999952 1.257237801 -1.081890634 0.897245112 -0.039588710 0.085478333 0.674264592 0.732457131
1785983391.809999943 1.258712201 -1.078929519 0.895830341 -0.039435499 0.085553669 0.674642989 0.732108086
1785983391.819999933 1.260141049 -1.075866938 0.894400083 -0.039287968 0.085572079 0.674986668 0.731797016
1785983391.829999924 1.261532950 -1.072710505 0.892935660 -0.039150752 0.085582387 0.675388961 0.731431900
1785983391.839999914 1.262907964 -1.069500157 0.891259618 -0.038962229 0.085583598 0.675726235 0.731130253
1785983391.849999905 1.264315391 -1.066277643 0.889218867 -0.038859446 0.085609674 0.676089936 0.730796364
1785983391.859999895 1.265780630 -1.063066052 0.886772015 -0.038789824 0.085566756 0.676476712 0.730447081
1785983391.869999886 1.267307028 -1.059853445 0.884020505 -0.038721624 0.085623273 0.676849125 0.730099003
1785983391.880000114 1.268900548 -1.056609112 0.881086659 -0.038685665 0.085558512 0.677169132 0.729811707
1785983391.890000105 1.270547153 -1.053311193 0.877941726 -0.038707752 0.085458564 0.677508774 0.729506961
1785983391.900000095 1.272233975 -1.049943025 0.874666272 -0.038703920 0.085333263 0.677978158 0.729085631
1785983391.910000086 1.273941399 -1.046549100 0.871330086 -0.038721897 0.085354025 0.678238049 0.728840486
1785983391.920000076 1.275668654 -1.043161114 0.867970697 -0.038724505 0.085374642 0.678481622 0.728611194
1785983391.930000067 1.277420359 -1.039824990 0.864587009 -0.038827208 0.085385673 0.678660070 0.728438223
1785983391.940000057 1.279188824 -1.036593108 0.860961464 -0.038858759 0.085354863 0.678904067 0.728212752
1785983391.950000048 1.280978557 -1.033436472 0.856883942 -0.038903307 0.085334523 0.679160961 0.727973173
1785983391.960000038 1.282814409 -1.030337942 0.852563959 -0.038951142 0.085351075 0.679304897 0.727834362
1785983391.970000029 1.284723751 -1.027288152 0.848253801 -0.039143584 0.085361520 0.679502791 0.727638061
1785983391.980000019 1.286739024 -1.024281754 0.843976283 -0.039316231 0.085462581 0.679601959 0.727524267
1785983391.990000010 1.288894426 -1.021290728 0.839714140 -0.039411704 0.085510822 0.679702859 0.727419164
1785983392.000000000 1.291178380 -1.018255687 0.835439883 -0.039493498 0.085567221 0.679834377 0.727285181
1785983392.009999990 1.293527065 -1.015120312 0.831218476 -0.039555186 0.085614475 0.680041901 0.727082225
1785983392.019999981 1.295915115 -1.011893258 0.827112766 -0.039653947 0.085623467 0.680234229 0.726895853
1785983392.029999971 1.298354546 -1.008645508 0.823069231 -0.039764068 0.085738052 0.680394329 0.726726470
1785983392.039999962 1.300819529 -1.005445751 0.819135923 -0.039815494 0.085821687 0.680500022 0.726614812
1785983392.049999952 1.303321391 -1.002411292 0.815354547 -0.039660256 0.085818364 0.680453621 0.726667147
1785983392.059999943 1.305889049 -0.999546896 0.811787064 -0.039624112 0.085819181 0.680587302 0.726543820
1785983392.069999933 1.308464866 -0.996781384 0.808437011 -0.039602905 0.085840682 0.680657639 0.726476542
1785983392.079999924 1.311029135 -0.994074872 0.805247748 -0.039627431 0.085793017 0.680766372 0.726378945
1785983392.089999914 1.313618292 -0.991323912 0.802160046 -0.039730801 0.085774361 0.680902377 0.726248012
1785983392.099999905 1.316212137 -0.988448928 0.799428878 -0.039859548 0.085793128 0.681163303 0.725994015
1785983392.109999895 1.318798532 -0.985517723 0.797378763 -0.039908897 0.085843770 0.681316211 0.725841820
1785983392.119999886 1.321409200 -0.982608515 0.796061801 -0.039971079 0.085849768 0.681501097 0.725664099
1785983392.130000114 1.324080001 -0.979630924 0.795396579 -0.039935946 0.085853945 0.681709735 0.725469543
1785983392.140000105 1.326809157 -0.976514852 0.795022960 -0.039871014 0.085874385 0.681991422 0.725205896
1785983392.150000095 1.329559151 -0.973320040 0.794691075 -0.039869562 0.086043459 0.682381889 0.724818528
1785983392.160000086 1.332301013 -0.970073510 0.794342979 -0.039755100 0.086080401 0.682576029 0.724637607
1785983392.170000076 1.335026863 -0.966732133 0.793977871 -0.039608861 0.086034705 0.682822695 0.724418618
1785983392.180000067 1.337718393 -0.963278973 0.793589037 -0.039413481 0.086030648 0.683050756 0.724214727
1785983392.190000057 1.340285669 -0.959702188 0.793239535 -0.039141207 0.086060319 0.683252061 0.724036055
1785983392.200000048 1.342656437 -0.956005570 0.792938006 -0.038962371 0.086078909 0.683367900 0.723934160
1785983392.210000038 1.344817022 -0.952179708 0.792660465 -0.038756376 0.086032455 0.683484308 0.723840839
1785983392.220000029 1.346833822 -0.948224000 0.792394811 -0.038498981 0.086013732 0.683902026 0.723462151
1785983392.230000019 1.348786890 -0.944173523 0.792066072 -0.038255959 0.085993287 0.683985482 0.723398574
1785983392.240000010 1.350611996 -0.940101439 0.791685401 -0.037910456 0.086013751 0.684119617 0.723287482
1785983392.250000000 1.352191578 -0.936074186 0.791311303 -0.037555817 0.086110570 0.684211947 0.723207122
1785983392.259999990 1.353509490 -0.932060046 0.790918423 -0.037229732 0.086176688 0.684324836 0.723109289
1785983392.269999981 1.354604191 -0.927978928 0.790486756 -0.036968154 0.086297861 0.684451260 0.722988595
1785983392.279999971 1.355512817 -0.923783483 0.790036406 -0.036674107 0.086344356 0.684514925 0.722937743
1785983392.289999962 1.356257539 -0.919501078 0.789532051 -0.036424240 0.086320478 0.684568671 0.722902334
1785983392.299999952 1.356892495 -0.915146307 0.788976101 -0.036148478 0.086337326 0.684635175 0.722851181
1785983392.309999943 1.357450138 -0.910715089 0.788418163 -0.035855694 0.086404605 0.684683971 0.722811506
1785983392.319999933 1.357873773 -0.906193339 0.787871229 -0.035534954 0.086348804 0.684703418 0.722815592
1785983392.329999924 1.358148174 -0.901559461 0.787324202 -0.035135473 0.086320943 0.684816907 0.722730930
1785983392.339999914 1.358280521 -0.896821333 0.786776165 -0.034785067 0.086311051 0.684910437 0.722660429
1785983392.349999905 1.358236333 -0.892015177 0.786265083 -0.034485275 0.086330312 0.684964089 0.722621644
1785983392.359999895 1.357969833 -0.887194953 0.786288503 -0.034162990 0.086243089 0.684997774 0.722615437
1785983392.369999886 1.357436064 -0.882370643 0.786887432 -0.033752781 0.086304854 0.684985647 0.722638835
1785983392.380000114 1.356609772 -0.877536038 0.788051004 -0.033498330 0.086562180 0.684808284 0.722787981
1785983392.390000105 1.355575530 -0.872696849 0.790119796 -0.033021584 0.086655812 0.684714159 0.722887866
1785983392.400000095 1.354401869 -0.867809519 0.793305137 -0.032484459 0.086747020 0.684708408 0.722906710
1785983392.410000086 1.353108471 -0.862831535 0.797704181 -0.032022080 0.086955112 0.684814175 0.722802145
1785983392.420000076 1.351655601 -0.857767259 0.803205576 -0.031511277 0.087237776 0.684803158 0.722800971
1785983392.430000067 1.350019471 -0.852648583 0.809387921 -0.031229421 0.087412613 0.684796358 0.722798524
1785983392.440000057 1.348261027 -0.847537247 0.815793900 -0.030968568 0.087606730 0.684786585 0.722795505
1785983392.450000048 1.346411833 -0.842453837 0.822345484 -0.030682246 0.087837684 0.684847919 0.722721571
1785983392.460000038 1.344529510 -0.837377015 0.828911768 -0.030428904 0.087972573 0.684926591 0.722641318
1785983392.470000029 1.342710232 -0.832301883 0.835783308 -0.030213435 0.088143690 0.684938881 0.722617858
1785983392.480000019 1.341027460 -0.827182606 0.843144693 -0.030028456 0.088280517 0.685094094 0.722461712
1785983392.490000010 1.339512872 -0.821985431 0.850891648 -0.029806190 0.088381360 0.685161771 0.722394403
1785983392.500000000 1.338136145 -0.816787684 0.858856505 -0.029585188 0.088495407 0.685240791 0.722314570
1785983392.509999990 1.336823483 -0.811698729 0.866875504 -0.029279794 0.088666071 0.685357489 0.722195357
1785983392.519999981 1.335548809 -0.806769420 0.874944715 -0.029067933 0.088777657 0.685571402 0.721987144
1785983392.529999971 1.334345119 -0.802002887 0.883040977 -0.028960954 0.088821177 0.685827043 0.721743256
1785983392.539999962 1.333234708 -0.797413030 0.891171720 -0.028733811 0.088835261 0.686012781 0.721574063
1785983392.549999952 1.332182451 -0.793010529 0.899331926 -0.028649320 0.088942117 0.686113893 0.721468116
1785983392.559999943 1.331182595 -0.788744863 0.907092763 -0.028532595 0.089021246 0.686280512 0.721304491
1785983392.569999933 1.330289186 -0.784520094 0.914052096 -0.028384646 0.089084737 0.686490178 0.721102945
1785983392.579999924 1.329543993 -0.780284581 0.920390930 -0.028270655 0.089092523 0.686633306 0.720970177
1785983392.589999914 1.328944588 -0.776023079 0.926454335 -0.028189791 0.089101285 0.686771155 0.720840952
1785983392.599999905 1.328457972 -0.771718102 0.932442140 -0.028164329 0.089033974 0.686879131 0.720747377
1785983392.609999895 1.328036857 -0.767392590 0.938035018 -0.028175083 0.088917945 0.686996149 0.720649745
1785983392.619999886 1.327660305 -0.763132355 0.942773024 -0.028171970 0.088831356 0.687116262 0.720546024
1785983392.630000114 1.327334485 -0.759035375 0.946517726 -0.028184358 0.088790931 0.687224975 0.720446838
1785983392.640000105 1.327046043 -0.755088213 0.949345628 -0.028166721 0.088760291 0.687292801 0.720386599
1785983392.650000095 1.326783014 -0.751217293 0.951415756 -0.028105504 0.088755758 0.687315466 0.720367924
1785983392.660000086 1.326565272 -0.747321338 0.952834409 -0.028132642 0.088717776 0.687346740 0.720341703
1785983392.670000076 1.326498172 -0.743324943 0.953403571 -0.028242759 0.088613657 0.687373011 0.720325142
1785983392.680000067 1.326712784 -0.739258884 0.952858344 -0.028331131 0.088472271 0.687359823 0.720351635
1785983392.690000057 1.327256482 -0.735144556 0.951183634 -0.028351579 0.088400757 0.687405500 0.720316023
1785983392.700000048 1.328099469 -0.730988506 0.948336507 -0.028395287 0.088360644 0.687461419 0.720265855
1785983392.710000038 1.329220543 -0.726829172 0.944327055 -0.028379547 0.088300939 0.687517687 0.720220088
1785983392.720000029 1.330587576 -0.722661394 0.939360302 -0.028412362 0.088238504 0.687587103 0.720160176
1785983392.730000019 1.332123694 -0.718422409 0.933589219 -0.028452864 0.088140154 0.687643339 0.720116925
1785983392.740000010 1.333763594 -0.714058985 0.927110206 -0.028501776 0.088025218 0.687731940 0.720044435
1785983392.750000000 1.335439732 -0.709514427 0.920164108 -0.028578414 0.087911217 0.687848454 0.719944023
1785983392.759999990 1.337106705 -0.704792682 0.912946848 -0.028649973 0.087883122 0.687983070 0.719815970
1785983392.769999981 1.338733996 -0.699989376 0.905535903 -0.028712452 0.087963363 0.688134288 0.719659116
1785983392.779999971 1.340257161 -0.695151903 0.898039372 -0.028732144 0.088012608 0.688278956 0.719513949
1785983392.789999962 1.341617944 -0.690271342 0.890530505 -0.028769508 0.088020984 0.688482776 0.719316404
1785983392.799999952 1.342773322 -0.685340729 0.883022040 -0.028672535 0.087914147 0.688735469 0.719091400
1785983392.809999943 1.343673185 -0.680358650 0.875533592 -0.028656904 0.087816467 0.688871305 0.718973835
1785983392.819999933 1.344326287 -0.675306714 0.868179460 -0.028739630 0.087732106 0.689073771 0.718786790
1785983392.829999924 1.344800617 -0.670258668 0.861207561 -0.028770703 0.087631117 0.689216436 0.718661074
1785983392.839999914 1.345144605 -0.665294388 0.854894460 -0.028771674 0.087483236 0.689476179 0.718429866
1785983392.849999905 1.345321047 -0.660380744 0.849276565 -0.028851292 0.087517746 0.689587440 0.718315676
1785983392.859999895 1.345287467 -0.655465882 0.844030809 -0.028874576 0.087521376 0.689749374 0.718158805
1785983392.869999886 1.345067801 -0.650506375 0.839347792 -0.028878102 0.087423098 0.689865131 0.718059439
1785983392.880000114 1.344673477 -0.645527478 0.835173449 -0.029005490 0.087453878 0.690055021 0.717868072
1785983392.890000105 1.344066639 -0.640629129 0.831113979 -0.029087072 0.087556402 0.690454265 0.717468276
1785983392.900000095 1.343272143 -0.635756952 0.827149335 -0.029149880 0.087591441 0.690660959 0.717262478
1785983392.910000086 1.342372546 -0.630725214 0.823181066 -0.029191545 0.087607803 0.690873916 0.717053666
1785983392.920000076 1.341413734 -0.625498604 0.819203554 -0.029274470 0.087565825 0.691026326 0.716908536
1785983392.930000067 1.340402228 -0.620127344 0.815234570 -0.029417144 0.087479699 0.691183602 0.716761580
1785983392.940000057 1.339294226 -0.614680827 0.811299789 -0.029580652 0.087413452 0.691316219 0.716635025
1785983392.950000048 1.338071796 -0.609261380 0.807450987 -0.029745427 0.087393167 0.691398356 0.716551434
1785983392.960000038 1.336779476 -0.603883473 0.803838968 -0.029881749 0.087379504 0.691513499 0.716436308
1785983392.970000029 1.335467186 -0.598437178 0.800860117 -0.030013537 0.087297898 0.691600669 0.716356600
1785983392.980000019 1.334169278 -0.592850327 0.798652870 -0.030129142 0.087259381 0.691668688 0.716290766
1785983392.990000010 1.332884694 -0.587166262 0.796988251 -0.030204888 0.087225273 0.691748272 0.716214873
1785983393.000000000 1.331630486 -0.581418018 0.795711735 -0.030286814 0.087168226 0.691796461 0.716171813
1785983393.009999990 1.330470243 -0.575589176 0.794814419 -0.030346898 0.087093872 0.691809290 0.716165923
1785983393.019999981 1.329429207 -0.569699455 0.794621996 -0.030435483 0.086968689 0.691819951 0.716167078
1785983393.029999971 1.328486875 -0.563769427 0.795355073 -0.030514162 0.086855047 0.691935716 0.716065675
1785983393.039999962 1.327610627 -0.557823064 0.796915775 -0.030494023 0.086712388 0.692017273 0.716005007
1785983393.049999952 1.326767675 -0.551882647 0.799276443 -0.030525967 0.086565935 0.692070809 0.715969622
1785983393.059999943 1.325918419 -0.545981587 0.802520931 -0.030483799 0.086429636 0.692079977 0.715979023
1785983393.069999933 1.325060442 -0.540129953 0.806277028 -0.030501068 0.086283244 0.692091676 0.715984636
1785983393.079999924 1.324211892 -0.534283076 0.810081334 -0.030546044 0.086070026 0.692133497 0.715967954
1785983393.089999914 1.323375097 -0.528428286 0.813901338 -0.030628226 0.085802897 0.692170696 0.715960545
1785983393.099999905 1.322558546 -0.522560353 0.817735047 -0.030632628 0.085551739 0.692166266 0.715994694
1785983393.109999895 1.321760566 -0.516651265 0.821581621 -0.030614329 0.085379340 0.692122703 0.716058165
1785983393.119999886 1.320976277 -0.510704013 0.825444009 -0.030565362 0.085178427 0.692114358 0.716092249
1785983393.130000114 1.320222959 -0.504724884 0.829310099 -0.030488689 0.084989276 0.692045680 0.716184361
1785983393.140000105 1.319482440 -0.498726739 0.833167599 -0.030413592 0.084887745 0.692030676 0.716214094
1785983393.150000095 1.318719641 -0.492758352 0.837016714 -0.030292564 0.084865332 0.691939130 0.716310322
1785983393.160000086 1.317917571 -0.486841666 0.840872993 -0.030047708 0.084834387 0.691889751 0.716371995
1785983393.170000076 1.317060220 -0.480922052 0.844714603 -0.029770669 0.084738495 0.691714620 0.716564010
1785983393.180000067 1.316118946 -0.475015160 0.848484258 -0.029584924 0.084689654 0.691597742 0.716690280
1785983393.190000057 1.315066287 -0.469237960 0.852081678 -0.029407223 0.084740133 0.691455328 0.716829027
1785983393.200000048 1.313900611 -0.463634807 0.855313904 -0.029244586 0.084765490 0.691339065 0.716944812
1785983393.210000038 1.312656807 -0.458188021 0.858314269 -0.029077768 0.084811397 0.691221491 0.717059523
1785983393.220000029 1.311364961 -0.452850021 0.861246261 -0.028974398 0.084945538 0.691079394 0.717184782
1785983393.230000019 1.310022839 -0.447579647 0.863747939 -0.028868857 0.085138240 0.690933752 0.717306503
1785983393.240000010 1.308629792 -0.442357373 0.865665358 -0.028808719 0.085366722 0.690788550 0.717421605
1785983393.250000000 1.307161210 -0.437165612 0.867150736 -0.028753251 0.085575422 0.690671095 0.717512047
1785983393.259999990 1.305574429 -0.432021437 0.868035535 -0.028610515 0.085786550 0.690534922 0.717623598
1785983393.269999981 1.303838812 -0.426948270 0.868260876 -0.028355633 0.085957837 0.690391330 0.717751363
1785983393.279999971 1.301982952 -0.421919460 0.867971683 -0.028141110 0.086166974 0.690296655 0.717825786
1785983393.289999962 1.300102905 -0.416908417 0.867033167 -0.027965106 0.086377480 0.690222616 0.717878558
1785983393.299999952 1.298246568 -0.411915885 0.865274175 -0.027785614 0.086588706 0.690146439 0.717933317
1785983393.309999943 1.296387041 -0.406953137 0.862659506 -0.027559077 0.086809588 0.690044025 0.718013813
1785983393.319999933 1.294509175 -0.402039241 0.859365272 -0.027317030 0.086970625 0.689968866 0.718075800
1785983393.329999924 1.292610926 -0.397169647 0.855833144 -0.027080852 0.087112954 0.689947383 0.718088135
1785983393.339999914 1.290681923 -0.392271568 0.852311266 -0.026774220 0.087176994 0.689983965 0.718056711
1785983393.349999905 1.288704613 -0.387270524 0.848787194 -0.026504442 0.087184794 0.689966850 0.718082219
1785983393.359999895 1.286675210 -0.382210699 0.845279456 -0.026220031 0.087222641 0.689964198 0.718090611
1785983393.369999886 1.284613841 -0.377227540 0.841829713 -0.025938867 0.087288166 0.689964665 0.718092412
1785983393.380000114 1.282601633 -0.372306487 0.838429601 -0.025677691 0.087309131 0.689957567 0.718106070
1785983393.390000105 1.280734660 -0.367297082 0.835018559 -0.025416432 0.087267291 0.689928852 0.718148038
1785983393.400000095 1.279091399 -0.362207710 0.831566266 -0.025094999 0.087197406 0.689846511 0.718246925
1785983393.410000086 1.277724384 -0.357096096 0.828078255 -0.024785280 0.087011654 0.689784711 0.718339554
1785983393.420000076 1.276605773 -0.351917382 0.824553175 -0.024538446 0.086846797 0.689727981 0.718422446
1785983393.430000067 1.275687156 -0.346620712 0.820992572 -0.024305206 0.086654624 0.689618681 0.718558493
1785983393.440000057 1.274913960 -0.341214861 0.817400014 -0.024128684 0.086469798 0.689459610 0.718739332
1785983393.450000048 1.274227944 -0.335740754 0.813784272 -0.023945949 0.086262964 0.689342004 0.718883088
1785983393.460000038 1.273627710 -0.330280229 0.810167041 -0.023732970 0.086053755 0.689167501 0.719082508
1785983393.470000029 1.273166793 -0.324896505 0.806557210 -0.023517440 0.085904020 0.689021077 0.719247791
1785983393.480000019 1.272859280 -0.319659261 0.802935452 -0.023361754 0.085817042 0.689051351 0.719234245
1785983393.490000010 1.272673329 -0.314643562 0.799243121 -0.023141850 0.085732737 0.689002641 0.719298069
1785983393.500000000 1.272571486 -0.309858827 0.795384878 -0.022960867 0.085684399 0.688907021 0.719401208
1785983393.509999990 1.272510672 -0.305350030 0.791061496 -0.022811050 0.085720111 0.688822270 0.719482869
1785983393.519999981 1.272541824 -0.301129309 0.786058211 -0.022699143 0.085753723 0.688705093 0.719594569
1785983393.529999971 1.272722884 -0.297144232 0.780642751 -0.022635364 0.085747201 0.688677853 0.719623424
1785983393.539999962 1.273056225 -0.293298430 0.775106880 -0.022542329 0.085787862 0.688642301 0.719655520
1785983393.549999952 1.273519022 -0.289436875 0.769216128 -0.022459336 0.085835758 0.688541775 0.719748585
1785983393.559999943 1.274063346 -0.285422780 0.762944411 -0.022379331 0.085954420 0.688423691 0.719849863
1785983393.569999933 1.274649041 -0.281219588 0.756507979 -0.022285423 0.086168423 0.688282733 0.719961973
1785983393.579999924 1.275241464 -0.276883483 0.749717079 -0.022223882 0.086412568 0.688131420 0.720079243
1785983393.589999914 1.275833972 -0.272526147 0.742260383 -0.022226553 0.086672044 0.688077068 0.720099914
1785983393.599999905 1.276420261 -0.268233741 0.734017723 -0.022153029 0.086916426 0.688002048 0.720144402
1785983393.609999895 1.276976318 -0.264038960 0.725132497 -0.022047307 0.087132051 0.687880142 0.720238039
1785983393.619999886 1.277481770 -0.259930098 0.715784613 -0.021970398 0.087416695 0.687776115 0.720305240
1785983393.630000114 1.277962790 -0.255881036 0.706195902 -0.021919432 0.087738076 0.687691739 0.720348277
1785983393.640000105 1.278473921 -0.251898231 0.696505233 -0.021824355 0.088111336 0.687610973 0.720382704
1785983393.650000095 1.279067366 -0.247987312 0.686700396 -0.021688245 0.088500020 0.687486601 0.720457869
1785983393.660000086 1.279769340 -0.244137688 0.676825129 -0.021575843 0.088904973 0.687396543 0.720497315
1785983393.670000076 1.280585612 -0.240345034 0.666953686 -0.021488893 0.089332987 0.687296648 0.720542270
1785983393.680000067 1.281542115 -0.236587566 0.657413599 -0.021320566 0.089773769 0.687239683 0.720546821
1785983393.690000057 1.282643395 -0.232784727 0.648564783 -0.021171810 0.090191452 0.687190101 0.720546336
1785983393.700000048 1.283863895 -0.228864120 0.640547539 -0.020993757 0.090593437 0.687058637 0.720626477
1785983393.710000038 1.285172466 -0.224767329 0.633360796 -0.020817539 0.090952278 0.686950115 0.720689845
1785983393.720000029 1.286548011 -0.220479768 0.626860669 -0.020636618 0.091264230 0.686876399 0.720725872
1785983393.730000019 1.287987268 -0.216014739 0.621032583 -0.020470454 0.091547310 0.686779368 0.720787174
1785983393.740000010 1.289457277 -0.211429004 0.615793692 -0.020321476 0.091742102 0.686718683 0.720824441
1785983393.750000000 1.290941029 -0.206827052 0.610824415 -0.020182073 0.091921050 0.686696353 0.720826833
1785983393.759999990 1.292426954 -0.202232859 0.605907150 -0.020050028 0.092060937 0.686645879 0.720860747
1785983393.769999981 1.293915752 -0.197694876 0.601013549 -0.019921760 0.092132086 0.686609802 0.720889577
1785983393.779999971 1.295359984 -0.193222463 0.596130433 -0.019966819 0.092207902 0.686537173 0.720947806
1785983393.789999962 1.296615657 -0.188684885 0.591233199 -0.020083957 0.092259250 0.686540256 0.720935048
1785983393.799999952 1.297606246 -0.184025309 0.586318007 -0.020080138 0.092401803 0.686554546 0.720903288
1785983393.809999943 1.298337818 -0.179292834 0.581397331 -0.020025870 0.092415708 0.686548972 0.720908323
1785983393.819999933 1.298774735 -0.174508916 0.576501100 -0.019905711 0.092494411 0.686321681 0.721117950
1785983393.829999924 1.298921025 -0.169679248 0.571637266 -0.019758644 0.092415980 0.686375406 0.721080914
1785983393.839999914 1.298888205 -0.164807134 0.566783810 -0.019629081 0.092403692 0.686304365 0.721153642
1785983393.849999905 1.298831177 -0.159934320 0.561931102 -0.019538339 0.092387882 0.686321745 0.721141591
1785983393.859999895 1.298862748 -0.155109891 0.556838561 -0.019453381 0.092390647 0.686383850 0.721084423
1785983393.869999886 1.299037193 -0.150416384 0.551246619 -0.019388929 0.092380358 0.686495090 0.720981574
1785983393.880000114 1.299417369 -0.145978287 0.545030023 -0.019285017 0.092332272 0.686792066 0.720707637
1785983393.890000105 1.299966924 -0.141766025 0.538406018 -0.019210014 0.092237017 0.686985839 0.720537136
1785983393.900000095 1.300609414 -0.137651531 0.531715181 -0.019097660 0.092282522 0.687091710 0.720433340
1785983393.910000086 1.301307382 -0.133509237 0.524984467 -0.019064393 0.092239315 0.687382659 0.720162161
1785983393.920000076 1.302022099 -0.129302057 0.518224901 -0.018992464 0.092283761 0.687536645 0.720011358
1785983393.930000067 1.302715777 -0.125052082 0.511481825 -0.018953078 0.092340456 0.687680206 0.719868012
1785983393.940000057 1.303329231 -0.120738370 0.504963632 -0.018884443 0.092412754 0.687759256 0.719785014
1785983393.950000048 1.303795396 -0.116315974 0.498741468 -0.018785796 0.092504426 0.687806484 0.719730690
1785983393.960000038 1.304037255 -0.111740115 0.492946771 -0.018724049 0.092512006 0.687825608 0.719713048
1785983393.970000029 1.304070755 -0.107082579 0.487527313 -0.018623922 0.092488758 0.687921655 0.719626831
1785983393.980000019 1.304045206 -0.102499716 0.482183618 -0.018567617 0.092493889 0.688021459 0.719532206
1785983393.990000010 1.304063557 -0.098073425 0.476868108 -0.018544304 0.092490802 0.688172094 0.719389136
1785983394.000000000 1.304122337 -0.093803636 0.471547929 -0.018454383 0.092477365 0.688418632 0.719157256
1785983394.009999990 1.304162674 -0.089653715 0.466229485 -0.018391807 0.092502233 0.688626550 0.718956572
1785983394.019999981 1.304045795 -0.085496240 0.460915151 -0.018281902 0.092450423 0.688771608 0.718827075
1785983394.029999971 1.303698531 -0.081208347 0.455611053 -0.018124618 0.092413871 0.688876125 0.718735598
1785983394.039999962 1.303195816 -0.076809784 0.450312160 -0.018031540 0.092463962 0.689077700 0.718538240
1785983394.049999952 1.302612794 -0.072333472 0.445021922 -0.017953389 0.092482449 0.689231772 0.718390031
1785983394.059999943 1.301972645 -0.067775631 0.439781759 -0.017921866 0.092504312 0.689347194 0.718277248
1785983394.069999933 1.301309866 -0.063146685 0.434649021 -0.017843745 0.092464803 0.689459826 0.718176168
1785983394.079999924 1.300565910 -0.058402245 0.429888304 -0.017818262 0.092509653 0.689490959 0.718141136
1785983394.089999914 1.299609273 -0.053496059 0.425805309 -0.017754168 0.092650198 0.689546988 0.718070805
1785983394.099999905 1.298391379 -0.048366981 0.422482360 -0.017662058 0.092628715 0.689733399 0.717896797
1785983394.109999895 1.296947402 -0.042960582 0.419930046 -0.017693783 0.092756413 0.689760901 0.717853103
1785983394.119999886 1.295327171 -0.037311866 0.418056461 -0.017669797 0.092773300 0.689821077 0.717793685
1785983394.130000114 1.293598593 -0.031545569 0.416758544 -0.017652388 0.092820050 0.689893654 0.717718314
1785983394.140000105 1.291747708 -0.025754935 0.415790227 -0.017551227 0.092883182 0.689989788 0.717620207
1785983394.150000095 1.289592942 -0.019937578 0.414918353 -0.017541365 0.092981742 0.690066682 0.717533741
1785983394.160000086 1.287144874 -0.014133219 0.414125245 -0.017522454 0.093164425 0.690134063 0.717445697
1785983394.170000076 1.284558467 -0.008354892 0.413413924 -0.017448849 0.093302516 0.690070140 0.717491032
1785983394.180000067 1.281851051 -0.002603317 0.412773108 -0.017479359 0.093458782 0.690150674 0.717392483
1785983394.190000057 1.278991234 0.003069487 0.412195113 -0.017469590 0.093594022 0.690171211 0.717355332
1785983394.200000048 1.276056536 0.008695196 0.411670048 -0.017409473 0.093758198 0.690148747 0.717356966
1785983394.210000038 1.273154939 0.014364659 0.411151478 -0.017208225 0.093971054 0.690080347 0.717399772
1785983394.220000029 1.270310155 0.020089375 0.410647544 -0.017080274 0.094185631 0.689976924 0.717474164
1785983394.230000019 1.267504397 0.025832510 0.410193845 -0.016999344 0.094425879 0.689892413 0.717525772
1785983394.240000010 1.264743377 0.031594062 0.409796554 -0.016870691 0.094627015 0.689798109 0.717592975
1785983394.250000000 1.262067609 0.037423531 0.409460624 -0.016730360 0.094758938 0.689703920 0.717669382
1785983394.259999990 1.259497895 0.043321750 0.409245449 -0.016547040 0.094870964 0.689592028 0.717766348
1785983394.269999981 1.257023374 0.049256483 0.409129113 -0.016296807 0.094968390 0.689510348 0.717837655
1785983394.279999971 1.254642195 0.055242335 0.409032960 -0.016101386 0.095089328 0.689423348 0.717909612
1785983394.289999962 1.252367926 0.061287607 0.408939220 -0.015864980 0.095201809 0.689370523 0.717950695
1785983394.299999952 1.250189321 0.067318840 0.408854491 -0.015664057 0.095266054 0.689205682 0.718104828
1785983394.309999943 1.248080285 0.073236408 0.408807283 -0.015394916 0.095264096 0.689116910 0.718196097
1785983394.319999933 1.246040645 0.078947156 0.408811901 -0.015205837 0.095194087 0.689082889 0.718242049
1785983394.329999924 1.244096704 0.084441133 0.408860786 -0.015140575 0.095190232 0.689046571 0.718278780
1785983394.339999914 1.242268154 0.089818930 0.408943767 -0.015083261 0.095134739 0.688927909 0.718401151
1785983394.349999905 1.240566093 0.095142039 0.409043746 -0.015018017 0.095079044 0.688800963 0.718531605
1785983394.359999895 1.239021326 0.100474805 0.409120083 -0.014920401 0.095022546 0.688547145 0.718784339
1785983394.369999886 1.237681289 0.105933146 0.409133995 -0.014918364 0.094948164 0.688387116 0.718947472
1785983394.380000114 1.236563162 0.111566952 0.409084680 -0.014937002 0.094913606 0.688198488 0.719132210
1785983394.390000105 1.235641713 0.117344353 0.408991515 -0.014905250 0.094854905 0.687995774 0.719334550
1785983394.400000095 1.234875735 0.123223474 0.408852571 -0.014870907 0.094804874 0.687807749 0.719521641
1785983394.410000086 1.234235221 0.129163659 0.408675118 -0.014826433 0.094767890 0.687639083 0.719688624
1785983394.420000076 1.233722225 0.135103386 0.408482193 -0.014782254 0.094710716 0.687462212 0.719866010
1785983394.430000067 1.233370448 0.140953443 0.408292722 -0.014741779 0.094609954 0.687315946 0.720019741
1785983394.440000057 1.233202521 0.146695886 0.408105033 -0.014707045 0.094609342 0.687117193 0.720210204
1785983394.450000048 1.233184791 0.152396436 0.407884169 -0.014598933 0.094584841 0.686997899 0.720329415
1785983394.460000038 1.233268825 0.158123352 0.407624446 -0.014471706 0.094624142 0.686906311 0.720414159
1785983394.470000029 1.233423172 0.163870248 0.407373042 -0.014279064 0.094665880 0.686832775 0.720482629
1785983394.480000019 1.233626642 0.169609336 0.407145977 -0.014095007 0.094704445 0.686674728 0.720631817
1785983394.490000010 1.233869931 0.175388171 0.406899210 -0.013901603 0.094814424 0.686487036 0.720799917
1785983394.500000000 1.234139851 0.181268260 0.406596609 -0.013678239 0.094890194 0.686284907 0.720986674
1785983394.509999990 1.234433453 0.187267513 0.406235374 -0.013430557 0.094867693 0.686155371 0.721117569
1785983394.519999981 1.234751499 0.193326570 0.405859203 -0.013232453 0.094831379 0.685931058 0.721339376
1785983394.529999971 1.235027379 0.199332981 0.405517516 -0.013007446 0.094896980 0.685764583 0.721493108
1785983394.539999962 1.235202731 0.205212423 0.405209857 -0.012873670 0.094995998 0.685574552 0.721663053
1785983394.549999952 1.235314872 0.210934003 0.404888155 -0.012723398 0.095081549 0.685372124 0.721846705
1785983394.559999943 1.235382617 0.216428875 0.404348576 -0.012496034 0.095110227 0.685180950 0.722028365
1785983394.569999933 1.235429164 0.221653995 0.403632179 -0.012630646 0.095193458 0.684926308 0.722256620
1785983394.579999924 1.235452768 0.226615471 0.402805117 -0.012446685 0.095092020 0.684712618 0.722475756
1785983394.589999914 1.235413004 0.231296535 0.401720305 -0.012405497 0.095082654 0.684526868 0.722653693
1785983394.599999905 1.235273291 0.235689220 0.400357624 -0.012446551 0.095119423 0.684397818 0.722770368
1785983394.609999895 1.235009870 0.239861256 0.398702989 -0.012500717 0.095136643 0.684245887 0.722911003
1785983394.619999886 1.234675152 0.243942839 0.396810559 -0.012561236 0.095188793 0.684084218 0.723056078
1785983394.630000114 1.234290902 0.248040567 0.394825685 -0.012601077 0.095170763 0.683942109 0.723192181
1785983394.640000105 1.233848183 0.252223501 0.392840734 -0.012756396 0.095165112 0.683739583 0.723381682
1785983394.650000095 1.233400029 0.256537137 0.390838033 -0.012930023 0.095175090 0.683621448 0.723488930
1785983394.660000086 1.232980952 0.261016535 0.388814206 -0.013097019 0.095140218 0.683540240 0.723567237
1785983394.670000076 1.232590789 0.265680019 0.386901782 -0.013283863 0.095122585 0.683443442 0.723657581
1785983394.680000067 1.232217512 0.270516496 0.385139963 -0.013442158 0.095092130 0.683348092 0.723748700
1785983394.690000057 1.231819164 0.275530077 0.383658330 -0.013593240 0.095099121 0.683280481 0.723808791
1785983394.700000048 1.231412677 0.280692853 0.382680600 -0.013682988 0.095111731 0.683275199 0.723810429
1785983394.710000038 1.231032857 0.285920970 0.382132393 -0.013789458 0.095088345 0.683244706 0.723840265
1785983394.720000029 1.230680555 0.291137934 0.381876604 -0.013959719 0.095049857 0.683199128 0.723885075
1785983394.730000019 1.230358129 0.296313018 0.381773235 -0.014140068 0.095050613 0.683198308 0.723882250
1785983394.740000010 1.230090046 0.301452553 0.381713620 -0.014300932 0.095088158 0.683212386 0.723860871
1785983394.750000000 1.229920378 0.306587315 0.381672000 -0.014412113 0.095154388 0.683187068 0.723873859
1785983394.759999990 1.229866318 0.311787196 0.381616598 -0.014526746 0.095261848 0.683251513 0.723796604
1785983394.769999981 1.229907330 0.317060396 0.381461705 -0.014632447 0.095344844 0.683236651 0.723797576
1785983394.779999971 1.229981334 0.322359812 0.381022278 -0.014738386 0.095459969 0.683136764 0.723874531
1785983394.789999962 1.230026867 0.327634911 0.380342790 -0.014827994 0.095574003 0.683054676 0.723935115
1785983394.799999952 1.230024205 0.332876330 0.379575492 -0.014856839 0.095693121 0.682979091 0.723990098
1785983394.809999943 1.229956660 0.338125945 0.378527833 -0.014803115 0.095811706 0.682874828 0.724073860
1785983394.819999933 1.229818032 0.343375538 0.377237698 -0.014784377 0.095941321 0.682780559 0.724145975
1785983394.829999924 1.229643391 0.348581198 0.375935171 -0.014717377 0.096138323 0.682702787 0.724194537
1785983394.839999914 1.229456565 0.353783659 0.374641040 -0.014751405 0.096255409 0.682671070 0.724208190
1785983394.849999905 1.229278514 0.359082870 0.373336952 -0.014812700 0.096292577 0.682661159 0.724211341
1785983394.859999895 1.229105865 0.364517418 0.372011172 -0.014989058 0.096366998 0.682650942 0.724207443
1785983394.869999886 1.228939829 0.370063199 0.370691612 -0.015201863 0.096499148 0.682715064 0.724124961
1785983394.880000114 1.228796298 0.375705828 0.369387424 -0.015497214 0.096509909 0.682807647 0.724029965
1785983394.890000105 1.228621597 0.381452107 0.368094250 -0.015762542 0.096493124 0.682985475 0.723858730
1785983394.900000095 1.228399775 0.387278612 0.366822143 -0.016160528 0.096436841 0.683100123 0.723749263
1785983394.910000086 1.228157417 0.393133715 0.365591786 -0.016556948 0.096338061 0.683273788 0.723589508
1785983394.920000076 1.227929834 0.399006120 0.364386061 -0.016874630 0.096198432 0.683423698 0.723459161
1785983394.930000067 1.227769655 0.404883970 0.363165110 -0.017130220 0.095995879 0.683616152 0.723298212
1785983394.940000057 1.227685355 0.410704684 0.361932524 -0.017361447 0.095718747 0.683759259 0.723194149
1785983394.950000048 1.227678676 0.416391735 0.360733626 -0.017595007 0.095421243 0.683888069 0.723106016
1785983394.960000038 1.227774274 0.421888044 0.359565505 -0.017695307 0.094969182 0.684137933 0.722926704
1785983394.970000029 1.228011886 0.427281338 0.358477763 -0.017827290 0.094553552 0.684234543 0.722886509
1785983394.980000019 1.228424815 0.432662630 0.357667056 -0.017920457 0.094113247 0.684429859 0.722756752
1785983394.990000010 1.228990612 0.438036843 0.357051867 -0.018053436 0.093695681 0.684579214 0.722666239
1785983395.000000000 1.229707016 0.443427349 0.356431158 -0.018295389 0.093279352 0.684670264 0.722627754
1785983395.009999990 1.230613807 0.448892110 0.355785919 -0.018687663 0.092866449 0.684757666 0.722588080
1785983395.019999981 1.231709827 0.454451763 0.355144747 -0.019096190 0.092477063 0.684847875 0.722541844
1785983395.029999971 1.232984928 0.460041313 0.354765150 -0.019465602 0.092118539 0.684920767 0.722508690
1785983395.039999962 1.234422166 0.465684826 0.354766720 -0.019860895 0.091804571 0.684971914 0.722489406
1785983395.049999952 1.235974661 0.471421985 0.354918309 -0.020238930 0.091527000 0.685040289 0.722449304
1785983395.059999943 1.237622754 0.477189394 0.355278893 -0.020631633 0.091353370 0.684976611 0.722520546
1785983395.069999933 1.239376575 0.482921628 0.356095183 -0.020985003 0.091237179 0.684929679 0.722569541
1785983395.079999924 1.241228340 0.488622444 0.357390386 -0.021353313 0.091220006 0.684854504 0.722632171
1785983395.089999914 1.243154772 0.494367078 0.359099514 -0.021730073 0.091206540 0.684799489 0.722674776
1785983395.099999905 1.245118233 0.500216730 0.360979762 -0.022024213 0.091222079 0.684777647 0.722684606
1785983395.109999895 1.247084138 0.506140832 0.362820780 -0.022217526 0.091267119 0.684728677 0.722719402
1785983395.119999886 1.249063199 0.512133684 0.364626230 -0.022402789 0.091319155 0.684871263 0.722571990
1785983395.130000114 1.251050399 0.518251823 0.366409972 -0.022601045 0.091401705 0.685213596 0.722230745
1785983395.140000105 1.253039734 0.524525454 0.368168814 -0.022756154 0.091407834 0.685790296 0.721677515
1785983395.150000095 1.255003699 0.530987389 0.369887864 -0.022902141 0.091290019 0.686651326 0.720868629
1785983395.160000086 1.256888646 0.537692893 0.371806755 -0.023083750 0.091039162 0.687626403 0.719964542
1785983395.170000076 1.258636967 0.544644634 0.373994940 -0.023411531 0.090576899 0.689022372 0.718676489
1785983395.180000067 1.260198109 0.551828823 0.376420544 -0.023754434 0.089887489 0.690691515 0.717147961
1785983395.190000057 1.261567616 0.559310397 0.379404566 -0.024171475 0.089044165 0.692514224 0.715479508
1785983395.200000048 1.262720920 0.567096203 0.382997576 -0.024571815 0.088222219 0.694545152 0.713596594
1785983395.210000038 1.263659761 0.575106636 0.387209202 -0.024946836 0.087353842 0.696900880 0.711390276
1785983395.220000029 1.264392742 0.583291850 0.392134818 -0.025189273 0.086253562 0.699499789 0.708961120
1785983395.230000019 1.264872331 0.591605303 0.397645296 -0.025479475 0.085227343 0.702362210 0.706239635
1785983395.240000010 1.265084261 0.600009890 0.403713142 -0.025531058 0.084106133 0.705491353 0.703246951
1785983395.250000000 1.265025131 0.608532012 0.410155428 -0.025323470 0.082876164 0.708876601 0.699988734
1785983395.259999990 1.264749251 0.617172790 0.416701801 -0.025057200 0.081603559 0.712394983 0.696567573
1785983395.269999981 1.264430766 0.625814052 0.423310154 -0.024723321 0.080254183 0.716063036 0.692965909
1785983395.279999971 1.264186362 0.634317441 0.429964758 -0.024208763 0.078882427 0.719880629 0.689175869
1785983395.289999962 1.263981024 0.642617405 0.436688722 -0.023514990 0.077450244 0.723959286 0.685077701
1785983395.299999952 1.263775311 0.650685183 0.443339900 -0.022642936 0.075963636 0.728103843 0.680868282
1785983395.309999943 1.263575531 0.658480417 0.449766733 -0.021772239 0.074391567 0.732416072 0.676430752
1785983395.319999933 1.263377056 0.665985817 0.455859258 -0.020700516 0.072960469 0.736890521 0.671744459
1785983395.329999924 1.263209574 0.673201750 0.461669177 -0.019553947 0.071583642 0.741637099 0.666684212
1785983395.339999914 1.263103745 0.680065656 0.467108397 -0.018364991 0.070197147 0.746585098 0.661321238
1785983395.349999905 1.263054062 0.686563852 0.471920643 -0.017186889 0.069062291 0.751643729 0.655718472
1785983395.359999895 1.263030391 0.692741348 0.476113286 -0.015908809 0.067945648 0.756748084 0.649971258
1785983395.369999886 1.262974991 0.698603724 0.479670304 -0.014531228 0.067012127 0.761792483 0.644181986
1785983395.380000114 1.262829518 0.704170441 0.482635019 -0.013341130 0.065996465 0.766971415 0.638138958
1785983395.390000105 1.262574175 0.709391637 0.485007151 -0.012277530 0.064902162 0.772594914 0.631453933
1785983395.400000095 1.262138954 0.714265812 0.486920706 -0.011376891 0.063904839 0.778109660 0.624765632
1785983395.410000086 1.261393041 0.718936494 0.488501663 -0.010486683 0.063129288 0.783781017 0.617731366
1785983395.420000076 1.260256871 0.723485863 0.489537906 -0.009482734 0.062269158 0.789504113 0.610504616
1785983395.430000067 1.258722993 0.727883716 0.489831478 -0.008437229 0.061719157 0.794909398 0.603521837
1785983395.440000057 1.256813777 0.732126809 0.489547458 -0.007498041 0.061049420 0.800627977 0.595996300
1785983395.450000048 1.254518874 0.736246203 0.488846921 -0.006512675 0.060583326 0.806321887 0.588330061
1785983395.460000038 1.251822352 0.740278090 0.487845946 -0.005800621 0.060302252 0.812022557 0.580473392
1785983395.470000029 1.248724534 0.744269059 0.486721907 -0.005154486 0.059948691 0.817873850 0.572242913
1785983395.480000019 1.245277045 0.748230250 0.485510291 -0.004534702 0.059909636 0.823709333 0.563820190
1785983395.490000010 1.241656640 0.752167318 0.484247600 -0.003898962 0.059916145 0.829651033 0.555044158
1785983395.500000000 1.238047165 0.756014802 0.482864350 -0.003254905 0.059983023 0.835575067 0.546082182
1785983395.509999990 1.234558019 0.759636921 0.481427659 -0.002680991 0.060168462 0.841471451 0.536934228
1785983395.519999981 1.231240747 0.762978934 0.480081995 -0.002064031 0.060369346 0.847358073 0.527575187
1785983395.529999971 1.228108525 0.766098307 0.478846372 -0.001530660 0.060585417 0.853233425 0.517995933
1785983395.539999962 1.225156200 0.769002837 0.477717411 -0.000891681 0.060920776 0.859078799 0.508204173
1785983395.549999952 1.222324577 0.771663472 0.476643678 -0.000226594 0.061338294 0.864916853 0.498152988
1785983395.559999943 1.219570171 0.774091090 0.475581661 0.000628344 0.061917523 0.870664943 0.487963506
1785983395.569999933 1.216888102 0.776325509 0.474496531 0.001482899 0.062613423 0.876282251 0.477709930
1785983395.579999924 1.214295621 0.778454582 0.473365981 0.002370459 0.063331917 0.881865393 0.467222513
1785983395.589999914 1.211862973 0.780547051 0.472220654 0.003225654 0.064089859 0.887402256 0.456507746
1785983395.599999905 1.209622430 0.782674610 0.471084282 0.004094727 0.064850285 0.892811707 0.445718442
1785983395.609999895 1.207548582 0.784954672 0.469937329 0.004951783 0.065638267 0.898051644 0.434937171
1785983395.619999886 1.205680653 0.787423850 0.468757025 0.005768049 0.066549638 0.903064824 0.424277973
1785983395.630000114 1.204140305 0.789988962 0.467528974 0.006711848 0.067508767 0.907880688 0.413703003
1785983395.640000105 1.202927939 0.792638965 0.466192820 0.007603006 0.068664541 0.912409476 0.403405904
1785983395.650000095 1.201964008 0.795469198 0.464679227 0.008417257 0.069868572 0.916689994 0.393353513
1785983395.660000086 1.201271933 0.798553396 0.462948252 0.009302639 0.071163410 0.920834350 0.383292748
1785983395.670000076 1.200844524 0.801882070 0.460775045 0.010343562 0.072544062 0.924821166 0.373277618
1785983395.680000067 1.200659593 0.805452558 0.457969224 0.011451063 0.074051974 0.928561413 0.363536628
1785983395.690000057 1.200775123 0.809308901 0.454542240 0.012472945 0.075846450 0.932147788 0.353825159
1785983395.700000048 1.201209003 0.813448143 0.450490026 0.013675553 0.077718240 0.935467300 0.344490616
1785983395.710000038 1.201872706 0.817948891 0.445750768 0.014629537 0.079657827 0.938703601 0.335076344
1785983395.720000029 1.202708568 0.822847870 0.440545813 0.015552242 0.081513748 0.941642997 0.326224008
1785983395.730000019 1.203670350 0.828115875 0.435179211 0.016385238 0.083319035 0.944513227 0.317307779
1785983395.740000010 1.204571399 0.833665399 0.429408165 0.017250155 0.085273360 0.947219300 0.308555478
1785983395.750000000 1.205296180 0.839396805 0.423249421 0.017947199 0.087279953 0.949798502 0.299904841
1785983395.759999990 1.205892675 0.845336721 0.417037142 0.018718951 0.089089879 0.952218834 0.291533681
1785983395.769999981 1.206413421 0.851534818 0.410829371 0.019357389 0.090858357 0.954495181 0.283388426
1785983395.779999971 1.206796703 0.857910410 0.404467129 0.019941995 0.092516325 0.956574097 0.275697377
1785983395.789999962 1.206945119 0.864304563 0.397946021 0.020291728 0.093854261 0.958664362 0.267847466
1785983395.799999952 1.206901673 0.870628541 0.391463546 0.020936474 0.095254943 0.960644342 0.260097304
1785983395.809999943 1.206696923 0.876710678 0.384806788 0.021381123 0.096238460 0.962583299 0.252417115
1785983395.819999933 1.206332805 0.882510010 0.377892410 0.021887486 0.097272797 0.964363221 0.245076559
1785983395.829999924 1.205853963 0.888146707 0.370915917 0.022390498 0.098099709 0.966096306 0.237766777
1785983395.839999914 1.205240965 0.893622237 0.363866907 0.022632966 0.098723287 0.967620744 0.231195928
1785983395.849999905 1.204418828 0.898879972 0.356703571 0.022878659 0.098976224 0.969106375 0.224751213
1785983395.859999895 1.203393673 0.903898204 0.349308814 0.023047496 0.099187265 0.970583865 0.218168881
1785983395.869999886 1.202230367 0.908686020 0.341576059 0.023224481 0.099393225 0.971917205 0.212034329
1785983395.880000114 1.200924489 0.913266808 0.333501748 0.023268760 0.099510941 0.973246763 0.205783566
1785983395.890000105 1.199508976 0.917691436 0.325326740 0.023314295 0.099508091 0.974477093 0.199872406
1785983395.900000095 1.198033705 0.921974422 0.317260240 0.023455789 0.099336996 0.975626531 0.194254627
1785983395.910000086 1.196450181 0.926153203 0.309257607 0.023302816 0.098898262 0.976801947 0.188504826
1785983395.920000076 1.194724321 0.930246989 0.301434259 0.023207796 0.098220356 0.977905374 0.183071679
1785983395.930000067 1.192936310 0.934261788 0.294086224 0.022823391 0.097311635 0.978924060 0.178093299
1785983395.940000057 1.191201376 0.938171033 0.287595898 0.022392574 0.096635744 0.979907288 0.173037025
1785983395.950000048 1.189624500 0.941832506 0.282061206 0.022204084 0.095782859 0.980848179 0.168135281
1785983395.960000038 1.188197229 0.945232614 0.277273807 0.021880127 0.094843016 0.981752627 0.163364140
1785983395.970000029 1.186781784 0.948423302 0.272975422 0.021539181 0.093878199 0.982552619 0.159101535
1785983395.980000019 1.185365758 0.951490951 0.268909081 0.021121420 0.092878892 0.983334902 0.154854344
1785983395.990000010 1.184000392 0.954531380 0.265072078 0.020702084 0.091644705 0.984060327 0.150989883
1785983396.000000000 1.182667872 0.957480377 0.261628536 0.020146086 0.090681095 0.984779034 0.146905846
1785983396.009999990 1.181310105 0.960259373 0.258403452 0.019761394 0.089655248 0.985454778 0.143004562
1785983396.019999981 1.179955891 0.962931818 0.255345847 0.019390595 0.088688158 0.986041105 0.139575623
1785983396.029999971 1.178676593 0.965488218 0.252732857 0.018927119 0.087705012 0.986625825 0.136084811
1785983396.039999962 1.177415897 0.967816394 0.250421311 0.018584772 0.086615828 0.987224511 0.132438927
1785983396.049999952 1.176022384 0.969804129 0.248242951 0.018318591 0.085683611 0.987775478 0.128927702
1785983396.059999943 1.174345066 0.971460720 0.246030226 0.017851285 0.084741678 0.988306032 0.125504450
1785983396.069999933 1.172294602 0.972961243 0.243218613 0.017515815 0.083806677 0.988821976 0.122068578
1785983396.079999924 1.169812513 0.974382969 0.239429231 0.017068145 0.083209267 0.989252105 0.119017513
1785983396.089999914 1.166925035 0.975554844 0.234468537 0.016788101 0.082596608 0.989681859 0.115869657
1785983396.099999905 1.163681499 0.976463096 0.228262678 0.016512440 0.081989984 0.990081060 0.112891435
1785983396.109999895 1.160191864 0.977323898 0.220983678 0.016332588 0.081335552 0.990460494 0.110026287
1785983396.119999886 1.156627191 0.978235987 0.212905342 0.016146494 0.080680876 0.990817016 0.107291784
1785983396.130000114 1.153103012 0.979222116 0.204219097 0.015929001 0.080063009 0.991163492 0.104551971
1785983396.140000105 1.149709567 0.980293804 0.195224284 0.015697541 0.079488598 0.991485663 0.101937874
1785983396.150000095 1.146470543 0.981510449 0.186198809 0.015539729 0.078921457 0.991793924 0.099371685
1785983396.160000086 1.143373898 0.982882568 0.177146813 0.015380868 0.078385064 0.992094441 0.096787559
1785983396.170000076 1.140548530 0.984509950 0.168450136 0.015254431 0.077778089 0.992370129 0.094442570
1785983396.180000067 1.138114819 0.986494145 0.160564503 0.015105147 0.077146241 0.992650644 0.092005389
1785983396.190000057 1.136061126 0.988773531 0.153648856 0.014985273 0.076512034 0.992909218 0.089736480
1785983396.200000048 1.134380550 0.991286743 0.147756534 0.014813324 0.075994865 0.993161425 0.087382663
1785983396.210000038 1.133047784 0.993990179 0.142885657 0.014590284 0.075500031 0.993406131 0.085036038
1785983396.220000029 1.132050574 0.996855809 0.138910009 0.014496278 0.075108071 0.993626851 0.082790804
1785983396.230000019 1.131297514 0.999931916 0.135593160 0.014433460 0.074878899 0.993829733 0.080543705
1785983396.240000010 1.130714605 1.003237341 0.132826714 0.014382868 0.074644904 0.994017212 0.078428657
1785983396.250000000 1.130302079 1.006696075 0.130463180 0.014319285 0.074405011 0.994199524 0.076329274
1785983396.259999990 1.130022343 1.010270811 0.128320931 0.014337526 0.074143305 0.994372092 0.074305774
1785983396.269999981 1.129894932 1.014008918 0.126625831 0.014382160 0.073872185 0.994543366 0.072246430
1785983396.279999971 1.129916847 1.017941506 0.125623386 0.014312502 0.073664711 0.994700250 0.070285668
1785983396.289999962 1.130022240 1.022004639 0.125055033 0.014152339 0.073591042 0.994842542 0.068354858
1785983396.299999952 1.130180471 1.026130678 0.124627811 0.013996203 0.073459808 0.994974215 0.066588846
1785983396.309999943 1.130362865 1.030242173 0.124249268 0.013898219 0.073302437 0.995113160 0.064679139
1785983396.319999933 1.130541806 1.034316680 0.123892685 0.013747939 0.073038298 0.995244678 0.062963732
1785983396.329999924 1.130712570 1.038391149 0.123558204 0.013595928 0.072735105 0.995373514 0.061288855
1785983396.339999914 1.130789064 1.042435340 0.123235654 0.013403826 0.072461074 0.995497459 0.059619959
1785983396.349999905 1.130686627 1.046389797 0.122930427 0.013223548 0.072306958 0.995610017 0.057944247
1785983396.359999895 1.130395591 1.050202916 0.122631485 0.012973455 0.071999517 0.995718844 0.056495507
1785983396.369999886 1.129947133 1.053910874 0.122325738 0.012920085 0.071679088 0.995830234 0.054930175
1785983396.380000114 1.129462064 1.057591500 0.122037021 0.012809553 0.071309696 0.995938617 0.053451978
1785983396.390000105 1.128989060 1.061280909 0.121775749 0.012740066 0.070864103 0.996050825 0.051949234
1785983396.400000095 1.128528797 1.065000470 0.121600984 0.012676046 0.070436311 0.996157649 0.050477551
1785983396.410000086 1.128176715 1.068854978 0.121932729 0.012594108 0.069997406 0.996259415 0.049080840
1785983396.420000076 1.128063322 1.072973410 0.123280325 0.012523040 0.069584691 0.996353037 0.047767866
1785983396.430000067 1.128263024 1.077369088 0.125749144 0.012614379 0.069191919 0.996437557 0.046535485
1785983396.440000057 1.128670814 1.081949534 0.129058693 0.012640183 0.068729565 0.996523103 0.045367144
1785983396.450000048 1.129170590 1.086564470 0.132676417 0.012676822 0.068183703 0.996615047 0.044144419
1785983396.460000038 1.129740267 1.091164993 0.136356228 0.012730258 0.067577678 0.996707390 0.042960170
1785983396.470000029 1.130317200 1.095805456 0.140090387 0.012790349 0.066910222 0.996797472 0.041883516
1785983396.480000019 1.130843271 1.100506268 0.143843895 0.012830258 0.066332146 0.996877390 0.040876649
1785983396.490000010 1.131275491 1.105227812 0.147642988 0.012875957 0.065803530 0.996948216 0.039979494
1785983396.500000000 1.131580691 1.109829543 0.151497536 0.012820290 0.065370966 0.997008563 0.039194423
1785983396.509999990 1.131805389 1.114152193 0.155451967 0.012967059 0.064895308 0.997068629 0.038400559
1785983396.519999981 1.131924225 1.118206730 0.159491998 0.012848037 0.064459124 0.997130998 0.037546271
1785983396.529999971 1.131815604 1.122089574 0.163636649 0.012729378 0.064046103 0.997181368 0.036951026
1785983396.539999962 1.131452718 1.125765209 0.167756035 0.012626560 0.063582126 0.997243859 0.036091111
1785983396.549999952 1.130847102 1.129127534 0.171802480 0.012524577 0.063416825 0.997278543 0.035453479
1785983396.559999943 1.130103960 1.132127574 0.175918677 0.012316725 0.063078172 0.997331023 0.034644946
1785983396.569999933 1.129359691 1.134725111 0.179995386 0.012223448 0.063243501 0.997332989 0.034318456
1785983396.579999924 1.128607827 1.136971353 0.184014517 0.012043851 0.063126377 0.997357491 0.033882768
1785983396.589999914 1.127790766 1.139001996 0.188087998 0.011747850 0.062945959 0.997395273 0.033203374
1785983396.599999905 1.126865393 1.140868088 0.192270190 0.011572817 0.062719298 0.997427767 0.032714052
1785983396.609999895 1.125820263 1.142642426 0.196542525 0.011277413 0.062439088 0.997468432 0.032107746
1785983396.619999886 1.124712662 1.144385156 0.200856221 0.010914026 0.062230945 0.997502925 0.031561165
1785983396.630000114 1.123677143 1.146160407 0.205195354 0.010586710 0.062121793 0.997527108 0.031120304
1785983396.640000105 1.122769890 1.148026080 0.209557371 0.010328052 0.062025457 0.997548716 0.030703972
1785983396.650000095 1.121946452 1.149954942 0.214013778 0.010087275 0.062026279 0.997563793 0.030289715
1785983396.660000086 1.121169152 1.151924086 0.218612168 0.009850591 0.062021944 0.997580765 0.029813770
1785983396.670000076 1.120457550 1.153924191 0.223417493 0.009603659 0.062073070 0.997594203 0.029334448
1785983396.680000067 1.119828093 1.155975145 0.228375495 0.009408028 0.062154891 0.997604384 0.028874741
1785983396.690000057 1.119238522 1.158109173 0.233323081 0.009216832 0.062250529 0.997611079 0.028496624
1785983396.700000048 1.118641998 1.160349429 0.238225527 0.009048882 0.062354896 0.997615244 0.028174635
1785983396.710000038 1.117987598 1.162698120 0.242814673 0.008943964 0.062473087 0.997619962 0.027776418
1785983396.720000029 1.117240828 1.165129220 0.247015392 0.008852557 0.062629288 0.997621569 0.027393594
1785983396.730000019 1.116380488 1.167537939 0.250845984 0.008853672 0.062846936 0.997618438 0.027006065
1785983396.740000010 1.115422788 1.169867928 0.254213672 0.008850081 0.063047090 0.997616679 0.026602674
1785983396.750000000 1.114377152 1.172147051 0.257102814 0.008838131 0.063231289 0.997615211 0.026221780
1785983396.759999990 1.113282513 1.174357524 0.259423872 0.008832028 0.063345552 0.997618772 0.025809353
1785983396.769999981 1.112115779 1.176397697 0.261208000 0.008925173 0.063427472 0.997620211 0.025518858
1785983396.779999971 1.110801609 1.178243061 0.262537536 0.008916318 0.063426882 0.997630281 0.025126708
1785983396.789999962 1.109323910 1.179947036 0.263395364 0.008899031 0.063391028 0.997641414 0.024778886
1785983396.799999952 1.107638882 1.181561260 0.263791186 0.008923976 0.063251116 0.997660594 0.024351544
1785983396.809999943 1.105794241 1.183155452 0.263905260 0.008962939 0.063048637 0.997682620 0.023956719
1785983396.819999933 1.103764585 1.184677579 0.263420539 0.008939132 0.062921919 0.997704992 0.023359652
1785983396.829999924 1.101467851 1.186078543 0.261995195 0.009089613 0.062975834 0.997706336 0.023097399
1785983396.839999914 1.098886595 1.187343857 0.259688462 0.009331495 0.063098322 0.997704974 0.022722454
1785983396.849999905 1.095980675 1.188411971 0.256434347 0.009537095 0.063177033 0.997703982 0.022460419
1785983396.859999895 1.092777018 1.189315728 0.252284963 0.009866004 0.063276830 0.997699627 0.022229700
1785983396.869999886 1.089384321 1.190164605 0.247471002 0.010042027 0.063311663 0.997705269 0.021794222
1785983396.880000114 1.085965476 1.191077913 0.242394473 0.010259026 0.063348737 0.997715663 0.021098498
1785983396.890000105 1.082660328 1.192170893 0.237615481 0.010295568 0.063451843 0.997722601 0.020432215
1785983396.900000095 1.079538113 1.193527275 0.233711231 0.010459470 0.063629792 0.997718161 0.020008028
1785983396.910000086 1.076606590 1.195156643 0.230915728 0.010656395 0.064003978 0.997702549 0.019482202
1785983396.920000076 1.073801173 1.197019319 0.229183212 0.010869687 0.064345104 0.997686620 0.019051667
1785983396.930000067 1.071021961 1.199079991 0.228370297 0.010998639 0.064626505 0.997673619 0.018702815
1785983396.940000057 1.068210522 1.201278485 0.228263540 0.011086089 0.064880984 0.997663090 0.018328011
1785983396.950000048 1.065410140 1.203582679 0.228824443 0.011071506 0.065057821 0.997658801 0.017939321
1785983396.960000038 1.062653614 1.205972204 0.229828413 0.011051149 0.065243904 0.997654934 0.017485379
1785983396.970000029 1.059918338 1.208421482 0.231030163 0.011090914 0.065431666 0.997647205 0.017197167
1785983396.980000019 1.057248194 1.210964744 0.232703944 0.011061360 0.065641720 0.997637420 0.016982049
1785983396.990000010 1.054768523 1.213647452 0.235046260 0.010964758 0.065918698 0.997623638 0.016780229
1785983397.000000000 1.052498123 1.216459304 0.237725198 0.010934010 0.066140234 0.997611659 0.016640163
1785983397.009999990 1.050297619 1.219393709 0.240443486 0.010988042 0.066332484 0.997600180 0.016527124
1785983397.019999981 1.047958915 1.222439162 0.243161229 0.010998707 0.066548211 0.997586404 0.016484256
1785983397.029999971 1.045382070 1.225581076 0.245880735 0.011011402 0.066853406 0.997568595 0.016317781
1785983397.039999962 1.042634855 1.228824940 0.248808384 0.011088152 0.067148256 0.997549919 0.016196391
1785983397.049999952 1.039742017 1.232088006 0.251971064 0.011253785 0.067443098 0.997530870 0.016029481
1785983397.059999943 1.036730361 1.235317689 0.255353414 0.011474457 0.067681587 0.997513773 0.015931482
1785983397.069999933 1.033670870 1.238528292 0.259036360 0.011712043 0.067850901 0.997500978 0.015839274
1785983397.079999924 1.030612389 1.241736832 0.262859494 0.011977936 0.067919600 0.997495302 0.015702858
1785983397.089999914 1.027575361 1.244962277 0.266732943 0.012247138 0.067908281 0.997495721 0.015516441
1785983397.099999905 1.024553001 1.248135285 0.270656794 0.012605159 0.067882500 0.997495139 0.015379328
1785983397.109999895 1.021541658 1.251144010 0.274634643 0.013021076 0.067880655 0.997492063 0.015239810
1785983397.119999886 1.018501305 1.253916328 0.278655512 0.013343720 0.067937390 0.997487854 0.014981201
1785983397.130000114 1.015283713 1.256487654 0.282692899 0.013724493 0.067854362 0.997490648 0.014826714
1785983397.140000105 1.011779354 1.258906770 0.286750857 0.013893007 0.067664462 0.997503257 0.014688686
1785983397.150000095 1.008027309 1.261161107 0.290846194 0.013956887 0.067527454 0.997512686 0.014618138
1785983397.160000086 1.004102036 1.263253861 0.295089039 0.013922891 0.067382616 0.997523263 0.014597096
1785983397.170000076 1.000000676 1.265157808 0.299610242 0.014025408 0.067532639 0.997513222 0.014491444
1785983397.180000067 0.995810666 1.266817536 0.304544741 0.014008125 0.067619688 0.997509833 0.014334699
1785983397.190000057 0.991691076 1.268240777 0.310151083 0.013878590 0.067732167 0.997497811 0.014759920
1785983397.200000048 0.987624005 1.269522869 0.316470452 0.013700008 0.067863924 0.997490545 0.014812481
1785983397.210000038 0.983520014 1.270788635 0.323120083 0.013574539 0.068110317 0.997476645 0.014732907
1785983397.220000029 0.979318712 1.272004779 0.329823886 0.013404117 0.068370768 0.997463882 0.014545514
1785983397.230000019 0.974928895 1.273102016 0.336571721 0.013190826 0.068665372 0.997447693 0.014462668
1785983397.240000010 0.970342375 1.274076921 0.343330779 0.012904478 0.069218850 0.997415917 0.014272804
1785983397.250000000 0.965594479 1.274918628 0.350103126 0.012682393 0.069609396 0.997397204 0.013874653
1785983397.259999990 0.960654109 1.275655096 0.356868255 0.012468413 0.069995188 0.997369970 0.014083891
1785983397.269999981 0.955502884 1.276272302 0.363589594 0.012320304 0.070390300 0.997347128 0.013860840
1785983397.279999971 0.950151713 1.276772646 0.370204544 0.012101164 0.070821942 0.997319124 0.013870076
1785983397.289999962 0.944657826 1.277122025 0.376465932 0.011892869 0.071275116 0.997288827 0.013907303
1785983397.299999952 0.939033959 1.277284975 0.382188915 0.011695347 0.071667714 0.997261814 0.013993971
1785983397.309999943 0.933325174 1.277340365 0.387348321 0.011533367 0.072048210 0.997236105 0.014006687
1785983397.319999933 0.927577943 1.277340332 0.391944522 0.011347957 0.072381264 0.997213137 0.014076083
1785983397.329999924 0.921749377 1.277286122 0.396060603 0.011131206 0.072699637 0.997191229 0.014160189
1785983397.339999914 0.915877572 1.277171056 0.399825590 0.011017069 0.072972194 0.997171348 0.014247324
1785983397.349999905 0.910078742 1.276965601 0.403228422 0.010983556 0.073197228 0.997154278 0.014313380
1785983397.359999895 0.904396121 1.276612108 0.406407949 0.010957229 0.073362088 0.997142561 0.014305817
1785983397.369999886 0.898793000 1.276105518 0.409597048 0.010999709 0.073491472 0.997131706 0.014365602
1785983397.380000114 0.893219169 1.275518386 0.412801154 0.011152638 0.073607771 0.997120661 0.014418781
1785983397.390000105 0.887636962 1.274942232 0.415990716 0.011402503 0.073717085 0.997108924 0.014476482
1785983397.400000095 0.882059972 1.274423225 0.419153926 0.011647694 0.073826582 0.997097648 0.014499932
1785983397.410000086 0.876536463 1.273942811 0.422314818 0.011893404 0.073914286 0.997088810 0.014461350
1785983397.420000076 0.871146833 1.273536290 0.425581293 0.012251866 0.074035254 0.997076163 0.014415186
1785983397.430000067 0.865985759 1.273312692 0.429188247 0.012767700 0.074223052 0.997055717 0.014416011
1785983397.440000057 0.861053241 1.273280128 0.433060973 0.013314119 0.074368635 0.997038058 0.014392727
1785983397.450000048 0.856263341 1.273370890 0.436962169 0.013884789 0.074517053 0.997020270 0.014317941
1785983397.460000038 0.851544239 1.273528387 0.440854435 0.014562064 0.074614183 0.997004660 0.014225994
1785983397.470000029 0.846866151 1.273691689 0.444473175 0.015348184 0.074686770 0.996988630 0.014141834
1785983397.480000019 0.842258456 1.273869398 0.447710033 0.016117698 0.074748120 0.996973162 0.014051768
1785983397.490000010 0.837776901 1.274085896 0.450555624 0.016911133 0.074809184 0.996957082 0.013934701
1785983397.500000000 0.833438229 1.274318911 0.452797948 0.017726873 0.074862979 0.996940746 0.013800080
1785983397.509999990 0.829252545 1.274602623 0.454680271 0.018575817 0.074913230 0.996923084 0.013686147
1785983397.519999981 0.825197364 1.274980838 0.456515094 0.019364520 0.074976553 0.996905835 0.013501371
1785983397.529999971 0.821190704 1.275452773 0.458292918 0.020036684 0.075061730 0.996889307 0.013265627
1785983397.539999962 0.817176289 1.275952426 0.459717554 0.020711053 0.075236401 0.996865251 0.013046375
1785983397.549999952 0.813129768 1.276379475 0.460492322 0.021307706 0.075503641 0.996835387 0.012821591
1785983397.559999943 0.809048502 1.276747341 0.460639066 0.021770135 0.075767658 0.996810367 0.012426395
1785983397.569999933 0.804959884 1.277132106 0.460144751 0.022183087 0.076015387 0.996788016 0.011967599
1785983397.579999924 0.800890200 1.277557577 0.458968111 0.022531248 0.076268860 0.996767096 0.011435052
1785983397.589999914 0.796844231 1.278005988 0.457137034 0.022811867 0.076390019 0.996757248 0.010916600
1785983397.599999905 0.792831050 1.278479327 0.454898395 0.022990036 0.076550904 0.996744341 0.010589422
1785983397.609999895 0.788863418 1.278933180 0.452323607 0.023025081 0.076831136 0.996725364 0.010265059
1785983397.619999886 0.784914985 1.279352698 0.449456521 0.023010256 0.077074242 0.996711004 0.009862289
1785983397.630000114 0.780931934 1.279793382 0.446420455 0.022908195 0.077272119 0.996701323 0.009524052
1785983397.640000105 0.776922179 1.280261739 0.443200573 0.022803769 0.077436894 0.996695018 0.009086030
1785983397.650000095 0.772980608 1.280732362 0.439805700 0.022696425 0.077573398 0.996689468 0.008794594
1785983397.660000086 0.769134364 1.281188475 0.436306759 0.022656983 0.077675142 0.996683787 0.008640668
1785983397.670000076 0.765337863 1.281661998 0.432839119 0.022652676 0.077957990 0.996663825 0.008404012
1785983397.680000067 0.761572720 1.282232043 0.429438124 0.022611540 0.078126600 0.996652688 0.008268747
1785983397.690000057 0.757856300 1.282951615 0.426322428 0.022557634 0.078255021 0.996645065 0.008119049
1785983397.700000048 0.754183561 1.283804303 0.423545883 0.022657884 0.078312722 0.996639093 0.008016037
1785983397.710000038 0.750495858 1.284759361 0.420885140 0.022828139 0.078326470 0.996634646 0.007951225
1785983397.720000029 0.746780644 1.285784780 0.418254960 0.023057607 0.078237574 0.996636539 0.007927050
1785983397.730000019 0.743115827 1.286832549 0.415657580 0.023268578 0.078031328 0.996648477 0.007842050
1785983397.740000010 0.739530081 1.287886102 0.413087227 0.023449663 0.077838136 0.996659986 0.007759561
1785983397.750000000 0.735950850 1.288947692 0.410542663 0.023620422 0.077604469 0.996674286 0.007745303
1785983397.759999990 0.732319267 1.290027370 0.408036708 0.023733885 0.077355011 0.996690735 0.007777156
1785983397.769999981 0.728627763 1.291137551 0.405550605 0.023795396 0.077052558 0.996712922 0.007748110
1785983397.779999971 0.724853482 1.292265067 0.403073783 0.023764451 0.076776147 0.996735085 0.007735934
1785983397.789999962 0.720935017 1.293358779 0.400720666 0.023583144 0.076530893 0.996757779 0.007796605
1785983397.799999952 0.716855518 1.294407951 0.398575980 0.023427749 0.076264687 0.996781437 0.007848914
1785983397.809999943 0.712646449 1.295454149 0.396717310 0.023288422 0.076054525 0.996800569 0.007872993
1785983397.819999933 0.708307975 1.296531352 0.395184388 0.023085605 0.075921342 0.996815036 0.007923873
1785983397.829999924 0.703794821 1.297685048 0.394036226 0.022841785 0.075891024 0.996822991 0.007920207
1785983397.839999914 0.699141453 1.298923866 0.393388172 0.022617713 0.075978012 0.996820949 0.007986038
1785983397.849999905 0.694438793 1.300206481 0.393298957 0.022440162 0.076146149 0.996812038 0.007997705
1785983397.859999895 0.689705476 1.301491749 0.393848369 0.022336439 0.076471146 0.996789534 0.007992045
1785983397.869999886 0.684899687 1.302805743 0.395038816 0.022064265 0.076806079 0.996769993 0.007973416
1785983397.880000114 0.679930512 1.304158089 0.396816629 0.021910084 0.077162072 0.996746830 0.007856209
1785983397.890000105 0.674643907 1.305460967 0.398880062 0.021518038 0.077665953 0.996717248 0.007726718
1785983397.900000095 0.669093795 1.306629321 0.400979760 0.021410971 0.078186969 0.996679509 0.007637025
1785983397.910000086 0.663504055 1.307668540 0.403151254 0.021286136 0.078511334 0.996658350 0.007416521
1785983397.920000076 0.657966188 1.308616783 0.405421758 0.021152500 0.078798298 0.996639941 0.007226853
1785983397.930000067 0.652469697 1.309530217 0.407817966 0.021076302 0.079078279 0.996620384 0.007086996
1785983397.940000057 0.646967125 1.310445344 0.410558176 0.021078058 0.079320987 0.996601792 0.006983118
1785983397.950000048 0.641429084 1.311341627 0.413595523 0.021151247 0.079593615 0.996580078 0.006754982
1785983397.960000038 0.635829828 1.312200139 0.416681701 0.021227722 0.079831272 0.996560747 0.006559652
1785983397.970000029 0.630191681 1.312987602 0.419827731 0.021375002 0.080067808 0.996539118 0.006483926
1785983397.980000019 0.624577400 1.313739109 0.423144658 0.021487926 0.080277308 0.996520627 0.006361051
1785983397.990000010 0.618995451 1.314548103 0.426696496 0.021582210 0.080472047 0.996503694 0.006232671
1785983398.000000000 0.613409223 1.315484737 0.430462227 0.021627354 0.080626446 0.996490490 0.006191747
1785983398.009999990 0.607784329 1.316601419 0.434380627 0.021655342 0.080784475 0.996477480 0.006127565
1785983398.019999981 0.602154745 1.317884540 0.438367060 0.021640940 0.080937422 0.996465817 0.006056312
1785983398.029999971 0.596619792 1.319267078 0.442457126 0.021623228 0.081113040 0.996452013 0.006041219
1785983398.039999962 0.591233434 1.320715261 0.446834075 0.021648861 0.081246393 0.996440469 0.006061605
1785983398.049999952 0.585984711 1.322224755 0.451451596 0.021630288 0.081384513 0.996429694 0.006046129
1785983398.059999943 0.580866038 1.323778186 0.456123491 0.021589585 0.081469628 0.996423777 0.006020525
1785983398.069999933 0.575879677 1.325367930 0.460844302 0.021513431 0.081459186 0.996425694 0.006116358
1785983398.079999924 0.571026300 1.327013933 0.465593826 0.021366405 0.081421479 0.996431068 0.006256654
1785983398.089999914 0.566308811 1.328740748 0.470350250 0.021209233 0.081395017 0.996436302 0.006302004
1785983398.099999905 0.561738058 1.330512936 0.475096805 0.021051916 0.081358467 0.996440543 0.006622713
1785983398.109999895 0.557315268 1.332240542 0.479840247 0.020835329 0.081239234 0.996453342 0.006841984
1785983398.119999886 0.553014431 1.333863621 0.484607032 0.020595374 0.081131888 0.996466042 0.006991058
1785983398.130000114 0.548801102 1.335365623 0.489377790 0.020320132 0.080896852 0.996490045 0.007098025
1785983398.140000105 0.544604631 1.336784605 0.494053990 0.020118017 0.080649823 0.996512573 0.007318716
1785983398.150000095 0.540321949 1.338163830 0.498453311 0.019888847 0.080305553 0.996542767 0.007613512
1785983398.160000086 0.535938221 1.339482129 0.502404316 0.019659898 0.080020499 0.996567936 0.007909272
1785983398.170000076 0.531551787 1.340662007 0.505932616 0.019407403 0.079828999 0.996583350 0.008503485
1785983398.180000067 0.527262553 1.341639046 0.509298635 0.019087053 0.079475731 0.996613556 0.008984026
1785983398.190000057 0.523071553 1.342456506 0.512671199 0.018726922 0.078969717 0.996657232 0.009351400
1785983398.200000048 0.518927454 1.343165885 0.516050776 0.018575683 0.078580499 0.996687348 0.009714941
1785983398.210000038 0.514821260 1.343758395 0.519447765 0.018356975 0.078378000 0.996704870 0.009965539
1785983398.220000029 0.510739597 1.344239789 0.522847250 0.018162461 0.078029859 0.996733282 0.010209372
1785983398.230000019 0.506643638 1.344597763 0.526258405 0.018008946 0.077677058 0.996760487 0.010511173
1785983398.240000010 0.502545971 1.344850597 0.529604167 0.017903435 0.077293333 0.996788295 0.010876709
1785983398.250000000 0.498499043 1.345015694 0.532643813 0.017785331 0.077001982 0.996807397 0.011374934
1785983398.259999990 0.494542396 1.345088108 0.535264468 0.017724568 0.076745853 0.996823854 0.011752317
1785983398.269999981 0.490701899 1.345101677 0.537639007 0.017661152 0.076497244 0.996840103 0.012085749
1785983398.279999971 0.486991714 1.345077226 0.539858183 0.017677485 0.076243835 0.996855518 0.012387938
1785983398.289999962 0.483348764 1.345115936 0.541937570 0.017764301 0.076067204 0.996864229 0.012645926
1785983398.299999952 0.479708380 1.345222576 0.543985914 0.017870791 0.075838249 0.996875023 0.013014731
1785983398.309999943 0.475983001 1.345331845 0.546020103 0.017927137 0.075652375 0.996885552 0.013211069
1785983398.319999933 0.472091729 1.345502845 0.548030561 0.017991470 0.075423227 0.996899162 0.013405380
1785983398.329999924 0.468078132 1.345745002 0.550029118 0.018002829 0.075124518 0.996918335 0.013639586
1785983398.339999914 0.464014753 1.346032149 0.552020997 0.018056767 0.074798485 0.996938257 0.013901502
1785983398.349999905 0.459956148 1.346354139 0.554003200 0.018249846 0.074461645 0.996955826 0.014194613
1785983398.359999895 0.455911451 1.346669329 0.555979389 0.018357938 0.074180956 0.996971062 0.014452448
1785983398.369999886 0.451860949 1.346903228 0.557972137 0.018464633 0.073920170 0.996985413 0.014661235
1785983398.380000114 0.447791035 1.347080420 0.559632922 0.018573123 0.073692869 0.996996110 0.014938407
1785983398.390000105 0.443685808 1.347283947 0.560514964 0.018699019 0.073496551 0.997004690 0.015174066
1785983398.400000095 0.439540050 1.347497112 0.560650906 0.018909948 0.073429495 0.997002390 0.015386926
1785983398.410000086 0.435373253 1.347667086 0.560153554 0.019150808 0.073528284 0.996985698 0.015695724
1785983398.420000076 0.431166564 1.347774831 0.559115732 0.019403606 0.073674250 0.996965683 0.015969719
1785983398.430000067 0.426876153 1.347790118 0.557836607 0.019671443 0.073909676 0.996938728 0.016234731
1785983398.440000057 0.422507551 1.347716264 0.556535331 0.019947975 0.074285303 0.996900469 0.016529553
1785983398.450000048 0.418095228 1.347572047 0.555228590 0.020292339 0.074789092 0.996849377 0.016915424
1785983398.460000038 0.413663378 1.347333484 0.553911809 0.020572426 0.075386700 0.996794617 0.017149672
1785983398.470000029 0.409257619 1.346969472 0.552610929 0.020800362 0.076239153 0.996721232 0.017370176
1785983398.480000019 0.404864875 1.346498658 0.551326396 0.021111710 0.077116805 0.996643102 0.017601757
1785983398.490000010 0.400381623 1.346001492 0.550025983 0.021460908 0.077975351 0.996565181 0.017807713
1785983398.500000000 0.395701885 1.345543014 0.548722205 0.021835576 0.078911772 0.996480401 0.017970818
1785983398.509999990 0.390840892 1.345157869 0.547439237 0.022115635 0.079898632 0.996390294 0.018261663
1785983398.519999981 0.385854748 1.344779409 0.546532878 0.022458560 0.080896673 0.996296675 0.018554713
1785983398.529999971 0.380740274 1.344341057 0.546266676 0.022755288 0.081704321 0.996222036 0.018661624
1785983398.539999962 0.375470555 1.343857673 0.546532673 0.023074418 0.082473056 0.996150630 0.018699977
1785983398.549999952 0.369980060 1.343364300 0.547225842 0.023138298 0.083223997 0.996086877 0.018690068
1785983398.559999943 0.364247429 1.342911690 0.548343537 0.023372743 0.083858103 0.996024561 0.018884067
1785983398.569999933 0.358330203 1.342489333 0.549958638 0.023281300 0.084311082 0.995985600 0.019034377
1785983398.579999924 0.352246727 1.342026338 0.551839726 0.023233125 0.084912435 0.995929249 0.019365716
1785983398.589999914 0.346070346 1.341436558 0.553767709 0.023372350 0.085438724 0.995875371 0.019652069
1785983398.599999905 0.339888970 1.340653141 0.555750413 0.023170330 0.085681672 0.995852590 0.019985135
1785983398.609999895 0.333708944 1.339694691 0.557813461 0.023109634 0.085920725 0.995831483 0.020080644
1785983398.619999886 0.327606960 1.338606759 0.560194096 0.023032354 0.086121740 0.995808348 0.020452154
1785983398.630000114 0.321632734 1.337398829 0.562862295 0.022749401 0.086234092 0.995797247 0.020832385
1785983398.640000105 0.315748648 1.336088630 0.565610341 0.022716563 0.086270008 0.995791702 0.020984018
1785983398.650000095 0.309897322 1.334774586 0.568418004 0.022749793 0.086369116 0.995775446 0.021309250
1785983398.660000086 0.303997296 1.333522730 0.571233445 0.022845227 0.086449632 0.995758953 0.021648637
1785983398.670000076 0.298012715 1.332320974 0.574065979 0.023058219 0.086453283 0.995745219 0.022036491
1785983398.680000067 0.291948081 1.331143295 0.576942039 0.023188779 0.086476215 0.995732123 0.022398290
1785983398.690000057 0.285821279 1.329945532 0.579882453 0.023438140 0.086340413 0.995732377 0.022649939
1785983398.700000048 0.279682741 1.328765427 0.582863941 0.023578733 0.086238169 0.995730884 0.022957105
1785983398.710000038 0.273541264 1.327651455 0.585851929 0.023634045 0.086104251 0.995734483 0.023244985
1785983398.720000029 0.267386092 1.326637594 0.588830901 0.023655545 0.085892840 0.995747208 0.023459189
1785983398.730000019 0.261210679 1.325767053 0.591789778 0.023644366 0.085719512 0.995756657 0.023702085
1785983398.740000010 0.255039680 1.325008328 0.594733029 0.023658842 0.085457608 0.995772296 0.023974798
1785983398.750000000 0.248927251 1.324270312 0.597673843 0.023689321 0.085079115 0.995797475 0.024243550
1785983398.759999990 0.242876882 1.323481339 0.600555719 0.023746028 0.084690622 0.995823815 0.024465366
1785983398.769999981 0.236860180 1.322708291 0.603376117 0.023816649 0.084335871 0.995846137 0.024712355
1785983398.779999971 0.230890226 1.321981397 0.606207587 0.023832782 0.083888107 0.995873178 0.025127619
1785983398.789999962 0.225015631 1.321191962 0.609064030 0.023702639 0.083438471 0.995904087 0.025519703
1785983398.799999952 0.219244694 1.320376016 0.611918329 0.023503628 0.083024029 0.995936957 0.025771464
1785983398.809999943 0.213555286 1.319635720 0.614730245 0.023335959 0.082557940 0.995973260 0.026016997
1785983398.819999933 0.207899602 1.318981978 0.617514581 0.023136940 0.082203620 0.996000378 0.026277247
1785983398.829999924 0.202183877 1.318363957 0.620312896 0.023000713 0.081953118 0.996017749 0.026519753
1785983398.839999914 0.196363530 1.317706682 0.623377107 0.022782071 0.082050861 0.996004406 0.026904586
1785983398.849999905 0.190460527 1.316955923 0.626904902 0.022629211 0.082055531 0.995997058 0.027288619
1785983398.859999895 0.184555614 1.316175701 0.630647240 0.022504871 0.082070513 0.995992139 0.027524925
1785983398.869999886 0.178716027 1.315466423 0.634402935 0.022424028 0.082151795 0.995982096 0.027711204
1785983398.880000114 0.172920537 1.314842102 0.638170947 0.022307420 0.082253227 0.995969675 0.027949801
1785983398.890000105 0.167129229 1.314324096 0.641943930 0.022259020 0.082437028 0.995950680 0.028123212
1785983398.900000095 0.161332982 1.313911146 0.645722323 0.022175776 0.082662543 0.995928321 0.028318162
1785983398.910000086 0.155599039 1.313567845 0.649512809 0.022193502 0.082891140 0.995906084 0.028417934
1785983398.920000076 0.149969556 1.313314268 0.653318785 0.022149880 0.083131110 0.995881518 0.028611237
1785983398.930000067 0.144388207 1.313238786 0.657128908 0.022203739 0.083374012 0.995856748 0.028724657
1785983398.940000057 0.138789309 1.313387649 0.660924785 0.022227271 0.083591034 0.995833321 0.028887430
1785983398.950000048 0.133116846 1.313772481 0.664677968 0.022348118 0.083852690 0.995803269 0.029071249
1785983398.960000038 0.127364403 1.314397440 0.668392224 0.022385512 0.084174863 0.995769187 0.029278123
1785983398.970000029 0.121606668 1.315242109 0.672071676 0.022360770 0.084465895 0.995731613 0.029733218
1785983398.980000019 0.115932073 1.316261897 0.675723019 0.022375209 0.084805184 0.995695228 0.029974055
1785983398.990000010 0.110432075 1.317382186 0.679374476 0.022470125 0.085119786 0.995653293 0.030401256
1785983399.000000000 0.105111124 1.318550564 0.682978400 0.022618494 0.085331228 0.995622739 0.030697675
1785983399.009999990 0.099845362 1.319714544 0.686257345 0.022744102 0.085449043 0.995596430 0.031127418
1785983399.019999981 0.094595276 1.320852338 0.689018125 0.022854064 0.085561463 0.995570688 0.031558415
1785983399.029999971 0.089442492 1.321983245 0.691451520 0.022979551 0.085604821 0.995551215 0.031961438
1785983399.039999962 0.084418825 1.323198854 0.693786472 0.023149263 0.085690272 0.995528601 0.032312437
1785983399.049999952 0.079473665 1.324594102 0.696090943 0.023438232 0.085850278 0.995495315 0.032702545
1785983399.059999943 0.074498916 1.326091646 0.698154237 0.023741552 0.086008347 0.995461373 0.033099217
1785983399.069999933 0.069375044 1.327605484 0.699784946 0.024079304 0.086113713 0.995424204 0.033693769
1785983399.079999924 0.064119953 1.329148133 0.701185793 0.024413580 0.086128831 0.995398533 0.034169610
1785983399.089999914 0.058843027 1.330742161 0.702553365 0.024774117 0.086222105 0.995372331 0.034437107
1785983399.099999905 0.053611125 1.332352656 0.703880812 0.025096745 0.086342263 0.995344511 0.034705497
1785983399.109999895 0.048445070 1.333930580 0.704893275 0.025372363 0.086480153 0.995313971 0.035036065
1785983399.119999886 0.043316035 1.335442675 0.705589997 0.025736704 0.086603336 0.995277859 0.035488972
1785983399.130000114 0.038189057 1.336902884 0.706164008 0.026057356 0.086634230 0.995251504 0.035916127
1785983399.140000105 0.033012270 1.338316924 0.706634183 0.026430233 0.086564878 0.995237665 0.036193292
1785983399.150000095 0.027693544 1.339613262 0.707095447 0.026691486 0.086267688 0.995243523 0.036548318
1785983399.160000086 0.022239883 1.340776423 0.707566515 0.026919253 0.085930587 0.995254484 0.036875454
1785983399.170000076 0.016739669 1.341828776 0.707798904 0.027106245 0.085517187 0.995265028 0.037411055
1785983399.180000067 0.011236061 1.342748287 0.707800617 0.027321545 0.085030217 0.995287355 0.037768727
1785983399.190000057 0.005767953 1.343545348 0.707834474 0.027502560 0.084472352 0.995319320 0.038045794
1785983399.200000048 0.000352807 1.344237013 0.707893618 0.027686641 0.083904243 0.995354978 0.038236062
1785983399.210000038 -0.005026194 1.344823841 0.707901537 0.027704269 0.083382957 0.995381784 0.038663407
1785983399.220000029 -0.010361750 1.345348932 0.707586573 0.027654775 0.082834624 0.995410690 0.039130513
1785983399.230000019 -0.015628565 1.345814442 0.706953986 0.027724644 0.082331758 0.995427982 0.039698350
1785983399.240000010 -0.020834643 1.346204784 0.706278445 0.027641536 0.081809558 0.995455713 0.040138071
1785983399.250000000 -0.026043659 1.346566441 0.705594490 0.027363163 0.081444226 0.995476477 0.040554638
1785983399.259999990 -0.031275610 1.346931175 0.704878545 0.027100657 0.081131141 0.995494032 0.040925852
1785983399.269999981 -0.036508986 1.347267252 0.704163419 0.026825710 0.080856018 0.995511226 0.041232084
1785983399.279999971 -0.041747776 1.347622382 0.703466000 0.026586345 0.080598272 0.995530261 0.041431680
1785983399.289999962 -0.047010851 1.348071832 0.702782345 0.026262932 0.080417109 0.995546436 0.041600960
1785983399.299999952 -0.052271164 1.348623860 0.702122553 0.025978846 0.080288799 0.995556520 0.041785460
1785983399.309999943 -0.057493110 1.349268816 0.701521234 0.025617768 0.080186321 0.995569180 0.041903354
1785983399.319999933 -0.062686780 1.349998303 0.700982843 0.025198512 0.080162775 0.995575618 0.042049426
1785983399.329999924 -0.067857751 1.350831043 0.700482568 0.024840428 0.080207497 0.995575854 0.042171419
1785983399.339999914 -0.072990823 1.351750706 0.700009637 0.024485526 0.080344615 0.995571457 0.042221754
1785983399.349999905 -0.078081664 1.352710699 0.699541562 0.024162527 0.080421760 0.995567647 0.042350589
1785983399.359999895 -0.083115942 1.353640322 0.699087172 0.023947383 0.080494042 0.995556972 0.042585763
1785983399.369999886 -0.088076206 1.354495600 0.698660919 0.023708434 0.080656610 0.995544151 0.042711412
1785983399.380000114 -0.092978404 1.355311353 0.698247469 0.023506849 0.080744296 0.995535076 0.042868392
1785983399.390000105 -0.097851678 1.356099347 0.697861293 0.023382475 0.080855416 0.995514796 0.043196671
1785983399.400000095 -0.102713934 1.356825752 0.697503196 0.023357433 0.080878321 0.995504422 0.043405911
1785983399.410000086 -0.107572169 1.357470887 0.697133947 0.023348109 0.081096665 0.995479637 0.043571665
1785983399.420000076 -0.112434477 1.357994885 0.696766804 0.023301688 0.081255770 0.995453736 0.043890666
1785983399.430000067 -0.117254004 1.358376801 0.696424695 0.023379122 0.081368538 0.995431610 0.044141683
1785983399.440000057 -0.122000944 1.358640086 0.696189231 0.023403161 0.081437598 0.995416395 0.044344234
1785983399.450000048 -0.126697623 1.358807894 0.696318084 0.023400841 0.081562550 0.995394138 0.044614583
1785983399.460000038 -0.131336786 1.358895181 0.696952483 0.023570531 0.081686159 0.995370591 0.044823963
1785983399.470000029 -0.135877304 1.358936647 0.697838256 0.023672578 0.081846342 0.995340729 0.045139987
1785983399.480000019 -0.140339527 1.359003820 0.698735688 0.023851327 0.082032561 0.995309366 0.045398676
1785983399.490000010 -0.144814223 1.359147908 0.699626106 0.024068066 0.082258536 0.995273081 0.045670065
1785983399.500000000 -0.149344894 1.359381284 0.700494417 0.024317550 0.082472400 0.995234633 0.045988961
1785983399.509999990 -0.153944615 1.359683230 0.701347174 0.024563583 0.082615320 0.995208417 0.046168668
1785983399.519999981 -0.158654340 1.360043369 0.702201345 0.024798425 0.082761562 0.995183105 0.046326546
1785983399.529999971 -0.163491328 1.360491358 0.703055999 0.025020311 0.082959099 0.995152489 0.046511247
1785983399.539999962 -0.168436123 1.361033971 0.703919941 0.025127198 0.083198933 0.995122567 0.046665180
1785983399.549999952 -0.173467915 1.361632384 0.704868489 0.025133735 0.083379676 0.995101311 0.046792165
1785983399.559999943 -0.178613588 1.362210424 0.705927651 0.025098808 0.083535210 0.995091450 0.046743168
1785983399.569999933 -0.183872150 1.362704209 0.707094196 0.025160513 0.083632692 0.995079269 0.046794971
1785983399.579999924 -0.189189588 1.363124273 0.708423923 0.025089210 0.083664952 0.995070066 0.046970954
1785983399.589999914 -0.194499517 1.363525612 0.710258765 0.024980108 0.083876580 0.995054329 0.046985060
1785983399.599999905 -0.199738971 1.363955167 0.712589558 0.024841494 0.084044026 0.995044606 0.046965246
1785983399.609999895 -0.204857718 1.364366165 0.715210608 0.024724182 0.084150846 0.995039375 0.046946704
1785983399.619999886 -0.209858447 1.364736080 0.718093176 0.024633909 0.084410877 0.995018288 0.046974266
1785983399.630000114 -0.214843935 1.365088913 0.721483899 0.024427440 0.084654005 0.995000523 0.047020823
1785983399.640000105 -0.219850788 1.365432489 0.725681174 0.024158958 0.084860540 0.994986261 0.047089004
1785983399.650000095 -0.224825385 1.365759909 0.730632421 0.023779698 0.085028676 0.994981134 0.047087078
1785983399.660000086 -0.229753149 1.366088200 0.735992583 0.023397132 0.085299197 0.994964882 0.047132841
1785983399.670000076 -0.234665460 1.366471290 0.741375209 0.022986322 0.085616559 0.994945078 0.047177597
1785983399.680000067 -0.239572316 1.366887892 0.746891349 0.022552961 0.085898874 0.994928872 0.047215330
1785983399.690000057 -0.244455611 1.367296170 0.752574892 0.022124321 0.086134831 0.994918656 0.047203540
1785983399.700000048 -0.249278065 1.367718656 0.758318571 0.021656024 0.086311419 0.994915177 0.047171450
1785983399.710000038 -0.253982151 1.368150804 0.764102515 0.021167810 0.086417476 0.994921476 0.047065919
1785983399.720000029 -0.258563956 1.368544790 0.769939528 0.020659705 0.086446135 0.994936155 0.046928557
1785983399.730000019 -0.263093406 1.368900292 0.775799402 0.020056915 0.086520608 0.994951039 0.046736872
1785983399.740000010 -0.267664161 1.369154945 0.781665200 0.019456597 0.086523284 0.994970305 0.046575259
1785983399.750000000 -0.272343615 1.369229314 0.787541289 0.019066640 0.086605656 0.994982248 0.046327638
1785983399.759999990 -0.277164302 1.369109306 0.793430773 0.018457658 0.086699324 0.994998867 0.046041257
1785983399.769999981 -0.282097153 1.368846964 0.799341034 0.017917287 0.086714003 0.995015404 0.045869359
1785983399.779999971 -0.287072415 1.368484526 0.805237007 0.017332853 0.086705182 0.995037962 0.045620576
1785983399.789999962 -0.292033325 1.368009777 0.811109107 0.016760723 0.086648811 0.995061726 0.045422709
1785983399.799999952 -0.296932374 1.367468684 0.816909155 0.016096640 0.086714159 0.995073952 0.045270105
1785983399.809999943 -0.301723747 1.366917108 0.822612541 0.015485147 0.086703503 0.995098087 0.044972326
1785983399.819999933 -0.306411950 1.366343095 0.828289436 0.014898285 0.086757419 0.995112349 0.044750471
1785983399.829999924 -0.311069731 1.365699643 0.833874689 0.014256026 0.086758736 0.995132048 0.044518481
1785983399.839999914 -0.315720618 1.364936340 0.839382969 0.013692186 0.086817238 0.995145845 0.044272321
1785983399.849999905 -0.320346918 1.364057328 0.844912477 0.013190649 0.086847361 0.995159336 0.044061766
1785983399.859999895 -0.324958146 1.363125073 0.850342790 0.012732110 0.086883804 0.995171726 0.043844427
1785983399.869999886 -0.329563624 1.362209019 0.855287979 0.012328455 0.086962606 0.995180675 0.043599754
1785983399.880000114 -0.334179880 1.361335927 0.859424556 0.011944026 0.087025427 0.995189647 0.043376049
1785983399.890000105 -0.338826333 1.360520781 0.862902598 0.011557001 0.087109055 0.995196553 0.043154023
1785983399.900000095 -0.343513064 1.359778201 0.865878688 0.011221796 0.087198160 0.995201808 0.042940822
1785983399.910000086 -0.348260083 1.359109023 0.868520273 0.010959470 0.087315836 0.995205214 0.042689775
1785983399.920000076 -0.353032572 1.358527295 0.870993224 0.010791789 0.087389709 0.995207943 0.042517361
1785983399.930000067 -0.357748703 1.358037657 0.873288893 0.010712709 0.087415342 0.995213711 0.042349328
1785983399.940000057 -0.362401440 1.357587615 0.875406498 0.010729789 0.087484861 0.995213257 0.042211893
1785983399.950000048 -0.367048904 1.357082451 0.877426330 0.010803293 0.087587441 0.995211628 0.042018392
1785983399.960000038 -0.371698334 1.356481584 0.879375159 0.010995511 0.087751542 0.995204362 0.041797659
1785983399.970000029 -0.376324067 1.355832275 0.881223080 0.011214295 0.087858858 0.995200031 0.041616808
1785983399.980000019 -0.380925990 1.355207246 0.883046251 0.011514910 0.087957772 0.995196568 0.041408060
1785983399.990000010 -0.385523867 1.354650908 0.884841463 0.011859333 0.087987920 0.995196181 0.041255838
1785983400.000000000 -0.390155395 1.354172436 0.886612261 0.012221025 0.088052247 0.995193484 0.041077707
1785983400.009999990 -0.394850867 1.353730400 0.888383080 0.012568597 0.088163186 0.995184446 0.040953642
1785983400.019999981 -0.399627772 1.353291579 0.890173117 0.012917234 0.088281472 0.995171277 0.040910345
1785983400.029999971 -0.404470493 1.352846206 0.891995027 0.013300874 0.088409664 0.995159241 0.040803222
1785983400.039999962 -0.409363123 1.352400354 0.893756351 0.013665349 0.088506696 0.995151287 0.040666192
1785983400.049999952 -0.414320378 1.351944791 0.895436251 0.014049323 0.088535997 0.995150859 0.040481614
1785983400.059999943 -0.419356743 1.351454853 0.897065055 0.014418108 0.088603193 0.995144529 0.040360368
1785983400.069999933 -0.424523676 1.350900316 0.898624470 0.014698982 0.088699286 0.995131485 0.040369602
1785983400.079999924 -0.429878469 1.350197538 0.900157130 0.015153487 0.088701379 0.995127589 0.040292911
1785983400.089999914 -0.435425060 1.349283834 0.901690279 0.015464382 0.088692251 0.995120643 0.040366370
1785983400.099999905 -0.441084469 1.348151101 0.903243630 0.015775758 0.088636148 0.995125458 0.040250248
1785983400.109999895 -0.446781639 1.346888493 0.904829626 0.016054019 0.088495611 0.995141131 0.040061507
1785983400.119999886 -0.452471702 1.345626586 0.906436871 0.016271384 0.088319411 0.995174192 0.039537982
1785983400.130000114 -0.458093255 1.344427967 0.908045265 0.016488853 0.088077019 0.995223237 0.038746159
1785983400.140000105 -0.463645636 1.343306215 0.909634659 0.016723696 0.087790146 0.995286955 0.037644199
1785983400.150000095 -0.469179123 1.342236279 0.911183680 0.016977008 0.087419607 0.995364962 0.036306828
1785983400.160000086 -0.474713433 1.341215521 0.912695662 0.017322904 0.086899474 0.995463475 0.034653552
1785983400.170000076 -0.480223127 1.340268877 0.914200618 0.017697270 0.086253267 0.995582558 0.032596795
1785983400.180000067 -0.485762397 1.339303530 0.915748827 0.018014587 0.085511796 0.995719500 0.030097914
1785983400.190000057 -0.491315538 1.338235878 0.917498346 0.018413326 0.084557276 0.995873503 0.027330990
1785983400.200000048 -0.496805750 1.337099198 0.919806508 0.018864693 0.083421671 0.996040253 0.024264451
1785983400.210000038 -0.502295909 1.335889409 0.922834830 0.019283737 0.082083176 0.996222817 0.020750630
1785983400.220000029 -0.507874620 1.334564789 0.926269467 0.019720443 0.080550330 0.996410156 0.017016134
1785983400.230000019 -0.513561997 1.333103452 0.929984919 0.020105293 0.078845023 0.996598131 0.013092174
1785983400.240000010 -0.519322872 1.331557698 0.934159478 0.020418704 0.077122943 0.996774674 0.008682042
1785983400.250000000 -0.525093206 1.329988643 0.938936979 0.020771842 0.075312529 0.996936497 0.003764875
1785983400.259999990 -0.530824290 1.328430073 0.944083808 0.021307395 0.073701964 0.997051255 -0.001676157
1785983400.269999981 -0.536500803 1.326909884 0.949598318 0.021769597 0.072022976 0.997138291 -0.007348705
1785983400.279999971 -0.542132555 1.325450000 0.955447494 0.022482769 0.070285712 0.997183903 -0.013368122
1785983400.289999962 -0.547755795 1.324044317 0.961342505 0.023065955 0.068805112 0.997173867 -0.019444745
1785983400.299999952 -0.553371775 1.322647803 0.967289268 0.023754153 0.067369864 0.997111281 -0.025809587
1785983400.309999943 -0.558950432 1.321250179 0.973247134 0.024378346 0.066142368 0.996987640 -0.032350105
1785983400.319999933 -0.564464629 1.319889470 0.979229644 0.025066898 0.064988104 0.996800846 -0.039195290
1785983400.329999924 -0.569901478 1.318593637 0.985261246 0.025677479 0.063886078 0.996545096 -0.046444676
1785983400.339999914 -0.575250793 1.317366344 0.991357490 0.026512804 0.062904046 0.996212073 -0.053867041
1785983400.349999905 -0.580492192 1.316208785 0.997469080 0.027570669 0.062202435 0.995774766 -0.061671155
1785983400.359999895 -0.585617717 1.315124047 1.003525192 0.028664615 0.061778045 0.995248930 -0.069580034
1785983400.369999886 -0.590668610 1.314116459 1.009517412 0.029758638 0.061451176 0.994636088 -0.077699611
1785983400.380000114 -0.595669699 1.313174038 1.015478502 0.030953407 0.061203775 0.993938093 -0.085924692
1785983400.390000105 -0.600618903 1.312238963 1.021469762 0.032159989 0.060906573 0.993125303 -0.094648070
1785983400.400000095 -0.605546299 1.311240086 1.027181399 0.033458184 0.060768956 0.992215086 -0.103425849
1785983400.410000086 -0.610492752 1.310132993 1.032522493 0.034797223 0.060791717 0.991188658 -0.112421375
1785983400.420000076 -0.615549767 1.308921600 1.037801770 0.036062294 0.060866029 0.990062812 -0.121533809
1785983400.430000067 -0.620770081 1.307614806 1.043056398 0.037171720 0.061075556 0.988827065 -0.130801660
1785983400.440000057 -0.626097325 1.306184717 1.048324651 0.038388475 0.061353237 0.987470333 -0.140229979
1785983400.450000048 -0.631469224 1.304587457 1.053678433 0.039608107 0.061511580 0.985995295 -0.149869282
1785983400.460000038 -0.636829894 1.302818044 1.059109290 0.040816435 0.061632346 0.984379551 -0.159788521
1785983400.470000029 -0.642091466 1.300950307 1.064554096 0.042050288 0.061801920 0.982636860 -0.169814894
1785983400.480000019 -0.647267695 1.299056008 1.070008677 0.043297122 0.061950042 0.980738667 -0.180108905
1785983400.490000010 -0.652457122 1.297214068 1.075481166 0.044494103 0.062147608 0.978724685 -0.190409927
1785983400.500000000 -0.657654905 1.295476269 1.080927702 0.045608177 0.062395323 0.976547602 -0.200951485
1785983400.509999990 -0.662816935 1.293823756 1.086254874 0.046817341 0.062479547 0.974277311 -0.211395752
1785983400.519999981 -0.667965902 1.292189011 1.090905096 0.048025884 0.062541238 0.971839455 -0.222058959
1785983400.529999971 -0.673146582 1.290526537 1.094404536 0.049277391 0.062566404 0.969216052 -0.232975168
1785983400.539999962 -0.678340120 1.288825377 1.096658374 0.050457396 0.062599557 0.966447845 -0.243954728
1785983400.549999952 -0.683486518 1.287059647 1.097482654 0.051591043 0.062564438 0.963530968 -0.255013980
1785983400.559999943 -0.688547390 1.285250019 1.096953907 0.052674460 0.062545261 0.960471812 -0.266096582
1785983400.569999933 -0.693521028 1.283436254 1.095266897 0.053717968 0.062495704 0.957258189 -0.277246148
1785983400.579999924 -0.698393404 1.281638554 1.092610786 0.054738666 0.062345591 0.953865356 -0.288543911
1785983400.589999914 -0.703128848 1.279837730 1.089091160 0.055717886 0.062082834 0.950289193 -0.299986147
1785983400.599999905 -0.707741826 1.278003703 1.084649268 0.056728144 0.061849549 0.946567901 -0.311393254
1785983400.609999895 -0.712261776 1.276167542 1.079629124 0.057745422 0.061665907 0.942681877 -0.322821408
1785983400.619999886 -0.716684066 1.274384364 1.074473030 0.058701260 0.061601269 0.938704457 -0.334055965
1785983400.630000114 -0.721036123 1.272669928 1.069266529 0.059642428 0.061702027 0.934666838 -0.345012380
1785983400.640000105 -0.725343665 1.271030997 1.064025367 0.060500146 0.061947272 0.930556728 -0.355761781
1785983400.650000095 -0.729595671 1.269476024 1.058758525 0.061309890 0.062266662 0.926356234 -0.366371517
1785983400.660000086 -0.733791180 1.267983319 1.053466259 0.061997124 0.062839966 0.922123932 -0.376689459
1785983400.670000076 -0.737935586 1.266533412 1.048148582 0.062562827 0.063500814 0.917866612 -0.386748524
1785983400.680000067 -0.742017621 1.265131438 1.042808986 0.063037604 0.064357296 0.913574785 -0.396567158
1785983400.690000057 -0.746025067 1.263783650 1.037451398 0.063452210 0.065239880 0.909213774 -0.406260863
1785983400.700000048 -0.749990781 1.262475847 1.032299983 0.063610060 0.066243242 0.904917164 -0.415560487
1785983400.710000038 -0.753960233 1.261213610 1.027784550 0.063515937 0.067252695 0.900601454 -0.424687912
1785983400.720000029 -0.757978287 1.259974348 1.023689151 0.063398797 0.068170073 0.896272710 -0.433622719
1785983400.730000019 -0.762085755 1.258702201 1.019696100 0.063249450 0.069073111 0.891977787 -0.442271456
1785983400.740000010 -0.766287533 1.257379445 1.016157905 0.062858953 0.069837790 0.887843463 -0.450450241
1785983400.750000000 -0.770576627 1.255989288 1.013256275 0.062368151 0.070491085 0.883708158 -0.458476949
1785983400.759999990 -0.774926369 1.254451250 1.010882526 0.062036002 0.071020718 0.879592053 -0.466288979
1785983400.769999981 -0.779301590 1.252721438 1.008975504 0.061565085 0.071518758 0.875574900 -0.473775688
1785983400.779999971 -0.783718125 1.250867309 1.007820317 0.061124226 0.071767243 0.871395952 -0.481437832
1785983400.789999962 -0.788252407 1.248998555 1.007480719 0.060571280 0.071782371 0.867410666 -0.488648286
1785983400.799999952 -0.792921377 1.247177576 1.007721390 0.060004565 0.071585577 0.863603165 -0.495443772
1785983400.809999943 -0.797675877 1.245419895 1.008703250 -0.059472512 -0.071207762 -0.859827021 0.502085619
1785983400.819999933 -0.802506907 1.243698910 1.010731139 -0.058812401 -0.070904766 -0.856218422 0.508334170
1785983400.829999924 -0.807418323 1.241987307 1.013791261 -0.058427764 -0.070259399 -0.852613540 0.514490005
1785983400.839999914 -0.812382115 1.240312560 1.017719101 -0.058005598 -0.069507038 -0.849133535 0.520361760
1785983400.849999905 -0.817387447 1.238680177 1.022711896 -0.057555094 -0.068667015 -0.845688076 0.526102585
1785983400.859999895 -0.822430810 1.237070719 1.028512791 -0.057335397 -0.067621073 -0.842391669 0.531522642
1785983400.869999886 -0.827503816 1.235454893 1.034698014 -0.057167444 -0.066463279 -0.839186167 0.536731863
1785983400.880000114 -0.832626110 1.233848405 1.041736865 -0.056953033 -0.065162695 -0.836063555 0.541763700
1785983400.890000105 -0.837782903 1.232274114 1.049718934 -0.056914606 -0.063806287 -0.833055218 0.546542304
1785983400.900000095 -0.842966011 1.230688459 1.058519689 -0.056875149 -0.062276326 -0.830105474 0.551191236
1785983400.910000086 -0.848217125 1.229032585 1.068092044 -0.056974760 -0.060712267 -0.827273333 0.555595833
1785983400.920000076 -0.853554474 1.227335553 1.077974312 -0.057062367 -0.058997423 -0.824518961 0.559849688
1785983400.930000067 -0.858983232 1.225687991 1.087980955 -0.057061116 -0.057183181 -0.821846026 0.563953209
1785983400.940000057 -0.864460299 1.224141256 1.098071626 -0.057137760 -0.055387483 -0.819236555 0.567907537
1785983400.950000048 -0.869894266 1.222725648 1.108169982 -0.057183961 -0.053609087 -0.816617064 0.571832695
1785983400.960000038 -0.875232141 1.221462753 1.118244641 -0.057280229 -0.051759762 -0.814019182 0.575684526
1785983400.970000029 -0.880496383 1.220309545 1.128294671 -0.057455136 -0.049825358 -0.811506622 0.579373234
1785983400.980000019 -0.885741356 1.219164143 1.138347167 -0.057676173 -0.047926477 -0.809080227 0.582894243
1785983400.990000010 -0.890964276 1.217979956 1.148406556 -0.058017856 -0.046036650 -0.806632655 0.586394334
1785983401.000000000 -0.896131503 1.216798233 1.158251280 -0.058364805 -0.044210874 -0.804302704 0.589691537
1785983401.009999990 -0.901249353 1.215585233 1.166916368 -0.058663062 -0.042523327 -0.802057599 0.592835576
1785983401.019999981 -0.906343542 1.214289305 1.173715672 -0.059010052 -0.040864140 -0.799823267 0.595928417
1785983401.029999971 -0.911412543 1.212946840 1.178895046 -0.059389872 -0.039249429 -0.797637558 0.598921239
1785983401.039999962 -0.916445832 1.211572069 1.182605691 -0.059764189 -0.037674163 -0.795498803 0.601822692
1785983401.049999952 -0.921436599 1.210162714 1.184871478 -0.060199162 -0.036103894 -0.793380611 0.604665011
1785983401.059999943 -0.926403237 1.208715183 1.185790328 -0.060574095 -0.034623762 -0.791271969 0.607470694
1785983401.069999933 -0.931393760 1.207203541 1.185368165 -0.060909071 -0.033219630 -0.789237207 0.610156678
1785983401.079999924 -0.936415936 1.205643793 1.183808374 -0.061257030 -0.031863399 -0.787214988 0.612800834
1785983401.089999914 -0.941389715 1.204114291 1.181568681 -0.061568846 -0.030575881 -0.785260244 0.615337909
1785983401.099999905 -0.946285814 1.202629441 1.178680793 -0.061934398 -0.029350421 -0.783271047 0.617890889
1785983401.109999895 -0.951170222 1.201119024 1.175058692 -0.062347744 -0.028201953 -0.781342112 0.620340159
1785983401.119999886 -0.956077116 1.199546965 1.170705136 -0.062756136 -0.027086362 -0.779445648 0.622729859
1785983401.130000114 -0.960992671 1.197944900 1.165713035 -0.063124678 -0.025972577 -0.777599303 0.625044017
1785983401.140000105 -0.965855016 1.196357095 1.160354315 -0.063575820 -0.025052367 -0.775757977 0.627319740
1785983401.150000095 -0.970555994 1.194817613 1.154703576 -0.064024725 -0.024124607 -0.773959884 0.629527549
1785983401.160000086 -0.975065832 1.193349751 1.148866614 -0.064408567 -0.023329200 -0.772166360 0.631717023
1785983401.170000076 -0.979460707 1.191909591 1.142711873 -0.064849962 -0.022555867 -0.770448848 0.633793569
1785983401.180000067 -0.983800479 1.190489335 1.136235662 -0.065290853 -0.021806560 -0.768732267 0.635855550
1785983401.190000057 -0.988110441 1.189133075 1.129725514 -0.065706577 -0.021166975 -0.767137563 0.637757449
1785983401.200000048 -0.992525390 1.187862693 1.123226640 -0.065991502 -0.020641995 -0.765464230 0.639752720
1785983401.210000038 -0.997172282 1.186669063 1.116748618 -0.066298307 -0.019972259 -0.763918490 0.641587238
1785983401.220000029 -1.002016054 1.185521228 1.110365034 -0.066619463 -0.019398282 -0.762516103 0.643237706
1785983401.230000019 -1.006985888 1.184404478 1.104052764 -0.066968495 -0.018972868 -0.761085205 0.644906630
1785983401.240000010 -1.012101466 1.183296740 1.098097555 -0.067226407 -0.018564668 -0.759759425 0.646453076
1785983401.250000000 -1.017418713 1.182236469 1.092806849 -0.067578461 -0.018065952 -0.758336404 0.648099275
1785983401.259999990 -1.022853753 1.181291724 1.088503596 -0.067847140 -0.017678082 -0.757082391 0.649546384
1785983401.269999981 -1.028273601 1.180474636 1.085581814 -0.068040231 -0.017313520 -0.755909473 0.650900636
1785983401.279999971 -1.033610367 1.179789930 1.084216137 -0.068237216 -0.016865734 -0.754619840 0.652386485
1785983401.289999962 -1.038907307 1.179213809 1.084339180 -0.068411262 -0.016520569 -0.753476435 0.653697355
1785983401.299999952 -1.044138660 1.178668372 1.085804298 -0.068685772 -0.016146715 -0.752254682 0.655083538
1785983401.309999943 -1.049196858 1.178099926 1.088858714 -0.068553266 -0.015761564 -0.751121580 0.656405664
1785983401.319999933 -1.054076720 1.177470338 1.093325591 -0.068540805 -0.015393112 -0.750048608 0.657641465
1785983401.329999924 -1.058806371 1.176778024 1.098878323 -0.068323624 -0.014978622 -0.749016481 0.658848871
1785983401.339999914 -1.063396383 1.176059991 1.105376218 -0.068246929 -0.014445029 -0.747922035 0.660110845
1785983401.349999905 -1.067855728 1.175270881 1.112690700 -0.068176950 -0.013920085 -0.746985117 0.661189360
1785983401.359999895 -1.072119538 1.174358430 1.121190316 -0.068078359 -0.013343715 -0.745918341 0.662414606
1785983401.369999886 -1.076125574 1.173290818 1.130553396 -0.067923564 -0.013078128 -0.744993744 0.663475450
1785983401.380000114 -1.079949247 1.172087224 1.140041596 -0.067856547 -0.012645442 -0.744031917 0.664569099
1785983401.390000105 -1.083662335 1.170849291 1.149559277 -0.067641306 -0.012153124 -0.742926512 0.665835680
1785983401.400000095 -1.087289055 1.169574205 1.159090492 -0.067641030 -0.011668016 -0.742044278 0.666827442
1785983401.410000086 -1.090822357 1.168223330 1.168638798 -0.067590703 -0.011190466 -0.741173057 0.667808932
1785983401.420000076 -1.094248126 1.166806791 1.178165617 -0.067617959 -0.010789826 -0.740366853 0.668706449
1785983401.430000067 -1.097570089 1.165365713 1.187500330 -0.067472890 -0.010424023 -0.739512476 0.669671596
1785983401.440000057 -1.100818410 1.163924992 1.196621224 -0.067272077 -0.009957908 -0.738717774 0.670575393
1785983401.450000048 -1.104066856 1.162416014 1.205731641 -0.066999842 -0.009634675 -0.737795611 0.671621791
1785983401.460000038 -1.107342202 1.160811088 1.214323978 -0.066821814 -0.009239515 -0.736950893 0.672571823
1785983401.470000029 -1.110538035 1.159115697 1.221587487 -0.066643864 -0.008755146 -0.736138509 0.673484995
1785983401.480000019 -1.113604798 1.157311017 1.227019421 -0.066458292 -0.008326470 -0.735419163 0.674294164
1785983401.490000010 -1.116593341 1.155409109 1.230557221 -0.066225600 -0.007993731 -0.734683548 0.675122473
1785983401.500000000 -1.119514731 1.153391732 1.232625326 -0.066023269 -0.007619421 -0.733894043 0.676004738
1785983401.509999990 -1.122367543 1.151219621 1.233613284 -0.065836263 -0.007245841 -0.733137078 0.676847922
1785983401.519999981 -1.125113976 1.148935877 1.233470386 -0.065722201 -0.006889880 -0.732428488 0.677629421
1785983401.529999971 -1.127658396 1.146664787 1.232042865 -0.065628582 -0.006584835 -0.731716728 0.678410023
1785983401.539999962 -1.129998207 1.144454166 1.229393144 -0.065596814 -0.006217323 -0.730920071 0.679274799
1785983401.549999952 -1.132177271 1.142257938 1.225506729 -0.065576227 -0.005733607 -0.730029950 0.680237573
1785983401.559999943 -1.134219812 1.140078309 1.220475900 -0.065539092 -0.005466914 -0.729360934 0.680960621
1785983401.569999933 -1.136157175 1.137968673 1.214772591 -0.065396569 -0.005194701 -0.728766285 0.681612798
1785983401.579999924 -1.137981716 1.135956770 1.208742522 -0.065254594 -0.004988833 -0.728130409 0.682307157
1785983401.589999914 -1.139676051 1.134038342 1.202498688 -0.065163622 -0.004747123 -0.727453307 0.683039423
1785983401.599999905 -1.141245680 1.132205379 1.196209233 -0.065038785 -0.004492362 -0.726968907 0.683568565
1785983401.609999895 -1.142744639 1.130442828 1.189914589 -0.064822240 -0.004197981 -0.726446284 0.684146366
1785983401.619999886 -1.144186328 1.128738946 1.183633636 -0.064622074 -0.003930638 -0.726002644 0.684637640
1785983401.630000114 -1.145545249 1.127100067 1.177365178 -0.064465958 -0.003681997 -0.725492997 0.685193764
1785983401.640000105 -1.146838138 1.125546856 1.171113437 -0.064261072 -0.003542613 -0.725021629 0.685712478
1785983401.650000095 -1.148136117 1.124092440 1.165406656 -0.064043708 -0.003455734 -0.724581884 0.686197898
1785983401.660000086 -1.149513543 1.122698146 1.160688120 -0.063889981 -0.003383592 -0.724250657 0.686562165
1785983401.670000076 -1.151004516 1.121296114 1.156626760 -0.063721876 -0.003222535 -0.723862585 0.686987697
1785983401.680000067 -1.152626310 1.119855289 1.152838438 -0.063599254 -0.003034005 -0.723318944 0.687572277
1785983401.690000057 -1.154370156 1.118365947 1.149393938 -0.063443421 -0.002845006 -0.722893876 0.688034361
1785983401.700000048 -1.156224396 1.116819320 1.146354777 -0.063309104 -0.002741712 -0.722409235 0.688555980
1785983401.710000038 -1.158176686 1.115188777 1.143934013 -0.063159837 -0.002785828 -0.722049714 0.688946503
1785983401.720000029 -1.160214492 1.113441198 1.142588066 -0.063116405 -0.002617732 -0.721806860 0.689205574
1785983401.730000019 -1.162379862 1.111546165 1.141825536 -0.063051297 -0.002444228 -0.721509374 0.689523591
1785983401.740000010 -1.164712759 1.109543534 1.141110728 -0.062858562 -0.002348742 -0.721219676 0.689844522
1785983401.750000000 -1.167177447 1.107482368 1.140813176 -0.062809217 -0.002242056 -0.720979683 0.690100190
1785983401.759999990 -1.169716743 1.105387603 1.141076746 -0.062752084 -0.002111309 -0.720613269 0.690488403
1785983401.769999981 -1.172264062 1.103308257 1.141558454 -0.062716444 -0.002035537 -0.720169649 0.690954543
1785983401.779999971 -1.174772481 1.101232263 1.142053399 -0.062598551 -0.001909347 -0.719789840 0.691361239
1785983401.789999962 -1.177247784 1.099080136 1.142508296 -0.062508456 -0.001790647 -0.719437380 0.691736469
1785983401.799999952 -1.179661734 1.096898435 1.142870378 -0.062408850 -0.001749530 -0.719042236 0.692156295
1785983401.809999943 -1.181947498 1.094871888 1.142901336 -0.062401256 -0.001686576 -0.718638203 0.692576618
1785983401.819999933 -1.184109066 1.093061986 1.142579671 -0.062340243 -0.001591356 -0.718229152 0.693006528
1785983401.829999924 -1.186256368 1.091364447 1.142184300 -0.062070075 -0.001661667 -0.717749616 0.693527240
1785983401.839999914 -1.188494039 1.089636080 1.141829031 -0.061923979 -0.001780210 -0.717524356 0.693773053
1785983401.849999905 -1.190799153 1.087836605 1.141501973 -0.061930078 -0.001715997 -0.717093944 0.694217543
1785983401.859999895 -1.193091264 1.085989264 1.141174677 -0.061856028 -0.001630697 -0.716668600 0.694663437
1785983401.869999886 -1.195346049 1.084162769 1.140825385 -0.061775630 -0.001651717 -0.716284933 0.695066140
1785983401.880000114 -1.197542317 1.082409434 1.140451475 -0.061752665 -0.001552538 -0.715899866 0.695465010
1785983401.890000105 -1.199686987 1.080702184 1.140071331 -0.061831714 -0.001438623 -0.715431591 0.695939945
1785983401.900000095 -1.201801313 1.079045476 1.139691558 -0.061808840 -0.001323946 -0.715073223 0.696310419
1785983401.910000086 -1.203904956 1.077467962 1.139330245 -0.061685683 -0.001164824 -0.714561546 0.696846695
1785983401.920000076 -1.205999353 1.075973698 1.138984782 -0.061578445 -0.001091064 -0.714185969 0.697241211
1785983401.930000067 -1.208081598 1.074545949 1.138628542 -0.061527827 -0.001012122 -0.713845626 0.697594241
1785983401.940000057 -1.210185669 1.073194081 1.138246686 -0.061478747 -0.000972271 -0.713581352 0.697868951
1785983401.950000048 -1.212345776 1.071958254 1.137860507 -0.061483909 -0.000937275 -0.713279099 0.698177468
1785983401.960000038 -1.214565825 1.070825862 1.137484970 -0.061398460 -0.000807462 -0.712939971 0.698531441
1785983401.970000029 -1.216800160 1.069730375 1.137104591 -0.061381368 -0.000610216 -0.712672378 0.698806152
1785983401.980000019 -1.219029083 1.068663219 1.136728963 -0.061323931 -0.000529715 -0.712394407 0.699094631
1785983401.990000010 -1.221208792 1.067668243 1.136377759 -0.061290361 -0.000495246 -0.712066523 0.699431564
1785983402.000000000 -1.223279562 1.066765392 1.136041165 -0.061194344 -0.000379186 -0.711755715 0.699756322
1785983402.009999990 -1.225238298 1.065957358 1.135725211 -0.060997147 -0.000265005 -0.711416729 0.700118215
1785983402.019999981 -1.227100528 1.065225927 1.135443577 -0.060915379 -0.000250300 -0.711053222 0.700494517
1785983402.029999971 -1.228922501 1.064479164 1.135263369 -0.060956450 -0.000024292 -0.710798300 0.700749660
1785983402.039999962 -1.230788644 1.063604331 1.135742272 -0.060846557 0.000033418 -0.710513687 0.701047784
1785983402.049999952 -1.232663262 1.062561990 1.136815318 -0.060718869 0.000003122 -0.710213972 0.701362483
1785983402.059999943 -1.234474978 1.061432627 1.137912019 -0.060566416 -0.000021260 -0.709872155 0.701721620
1785983402.069999933 -1.236205653 1.060296823 1.139047093 -0.060265607 -0.000019921 -0.709548385 0.702074886
1785983402.079999924 -1.237858123 1.059107894 1.140243419 -0.060107641 -0.000002165 -0.709254834 0.702384974
1785983402.089999914 -1.239492701 1.057786941 1.141474637 -0.060015879 0.000118800 -0.708937877 0.702712720
1785983402.099999905 -1.241140478 1.056342134 1.142741146 -0.059968347 0.000149209 -0.708583877 0.703073726
1785983402.109999895 -1.242755229 1.054802943 1.144070899 -0.059898214 0.000147847 -0.708154800 0.703511877
1785983402.119999886 -1.244293640 1.053160297 1.145433643 -0.059755120 0.000066025 -0.707858138 0.703822547
1785983402.130000114 -1.245749406 1.051394562 1.146810496 -0.059538903 0.000052809 -0.707787622 0.703911783
1785983402.140000105 -1.247104136 1.049517053 1.148220036 -0.059215490 0.000021745 -0.707572927 0.704154868
1785983402.150000095 -1.248321957 1.047630585 1.149745904 -0.059006797 0.000015037 -0.707408848 0.704337220
1785983402.160000086 -1.249406595 1.045816739 1.151476279 -0.058810817 0.000046728 -0.707213580 0.704549671
1785983402.170000076 -1.250404768 1.044054152 1.153774082 -0.058618754 0.000248961 -0.706961826 0.704818243
1785983402.180000067 -1.251351201 1.042329336 1.156594314 -0.058543462 0.000388172 -0.706732070 0.705054816
1785983402.190000057 -1.252258186 1.040649104 1.159558827 -0.058451197 0.000570811 -0.706564504 0.705230270
1785983402.200000048 -1.253143019 1.038967352 1.162710726 -0.058387315 0.000742693 -0.706453347 0.705346750
1785983402.210000038 -1.254062164 1.037213863 1.166188968 -0.058276558 0.000952758 -0.706311350 0.705497847
1785983402.220000029 -1.255069396 1.035365178 1.170466199 -0.058383033 0.000895331 -0.706230999 0.705569554
1785983402.230000019 -1.256121657 1.033471939 1.175397430 -0.058327878 0.001059195 -0.706117454 0.705687522
1785983402.240000010 -1.257209351 1.031542980 1.180505612 -0.058314215 0.001205909 -0.706056408 0.705749493
1785983402.250000000 -1.258352603 1.029525434 1.185806368 -0.058335887 0.001365653 -0.705932098 0.705871754
1785983402.259999990 -1.259502925 1.027402993 1.191213360 -0.058294374 0.001499407 -0.705776742 0.706030246
1785983402.269999981 -1.260611297 1.025155335 1.196619424 -0.058188402 0.001575626 -0.705639466 0.706176020
1785983402.279999971 -1.261638212 1.022768319 1.201914806 -0.058146244 0.001711420 -0.705478015 0.706340467
1785983402.289999962 -1.262566950 1.020213871 1.207132172 -0.058117862 0.001926596 -0.705374832 0.706445291
1785983402.299999952 -1.263434583 1.017455138 1.211693375 -0.058102809 0.001946359 -0.705255849 0.706565257
1785983402.309999943 -1.264269973 1.014487605 1.215074714 -0.058142134 0.001962222 -0.705152220 0.706665400
1785983402.319999933 -1.265079918 1.011295830 1.217401657 -0.058169729 0.001915341 -0.705019145 0.706796023
1785983402.329999924 -1.265876293 1.007859137 1.219098493 -0.058271900 0.001844465 -0.704830112 0.706976306
1785983402.339999914 -1.266684580 1.004165651 1.220248437 -0.058311613 0.001711499 -0.704745485 0.707057726
1785983402.349999905 -1.267533669 1.000187765 1.220846833 -0.058289277 0.001550316 -0.704644266 0.707160813
1785983402.359999895 -1.268402567 0.995939060 1.221160989 -0.058240879 0.001362303 -0.704602790 0.707206514
1785983402.369999886 -1.269287514 0.991547534 1.220929774 -0.058165543 0.001213258 -0.704567606 0.707248038
1785983402.380000114 -1.270175475 0.987145747 1.219768879 -0.058123436 0.001052666 -0.704550932 0.707268367
1785983402.390000105 -1.271029133 0.982804059 1.217471478 -0.058132071 0.000866595 -0.704546040 0.707272783
1785983402.400000095 -1.271850365 0.978513130 1.214353721 -0.058121140 0.000675525 -0.704562896 0.707257098
1785983402.410000086 -1.272703398 0.974195868 1.210806796 -0.058114919 0.000441314 -0.704617170 0.707203722
1785983402.420000076 -1.273629532 0.969821318 1.206895073 -0.058081439 0.000247034 -0.704662747 0.707161154
1785983402.430000067 -1.274564399 0.965427330 1.202756315 -0.058020996 0.000087561 -0.704756948 0.707072274
1785983402.440000057 -1.275431142 0.961027409 1.198585546 -0.057932486 -0.000091142 -0.704833989 0.707002735
1785983402.450000048 -1.276182018 0.956595064 1.194390264 -0.057840318 -0.000273844 -0.704911630 0.706932824
1785983402.460000038 -1.276783378 0.952161226 1.190190223 -0.057762527 -0.000422924 -0.704907414 0.706943314
1785983402.470000029 -1.277216226 0.947839992 1.186051495 -0.057748485 -0.000554083 -0.704960886 0.706891049
1785983402.480000019 -1.277490725 0.943689189 1.182037766 -0.057694720 -0.000685040 -0.704993393 0.706862904
1785983402.490000010 -1.277653392 0.939660656 1.178134189 -0.057636154 -0.000852627 -0.705034607 0.706826393
1785983402.500000000 -1.277730027 0.935700994 1.174310663 -0.057567827 -0.001031868 -0.705058256 0.706808132
1785983402.509999990 -1.277716078 0.931806866 1.170676925 -0.057530189 -0.001185015 -0.705075925 0.706793331
1785983402.519999981 -1.277590186 0.927983875 1.167330125 -0.057496136 -0.001279996 -0.705081207 0.706790668
1785983402.529999971 -1.277345089 0.924227755 1.164135266 -0.057510375 -0.001315304 -0.705064520 0.706806090
1785983402.539999962 -1.277012471 0.920480913 1.160976979 -0.057531234 -0.001421348 -0.705074514 0.706794218
1785983402.549999952 -1.276643301 0.916693816 1.157842500 -0.057603118 -0.001585695 -0.705070785 0.706791733
1785983402.559999943 -1.276292591 0.912857619 1.154835162 -0.057632792 -0.001719623 -0.705101239 0.706758620
1785983402.569999933 -1.275976672 0.908948955 1.152089370 -0.057577921 -0.001778879 -0.705126202 0.706738041
1785983402.579999924 -1.275717142 0.904955976 1.149957675 -0.057616005 -0.001873817 -0.705211159 0.706649917
1785983402.589999914 -1.275544996 0.900859021 1.148605861 -0.057636365 -0.001897673 -0.705268091 0.706591373
1785983402.599999905 -1.275472644 0.896672502 1.147558103 -0.057655329 -0.001968017 -0.705344300 0.706513558
1785983402.609999895 -1.275481061 0.892437665 1.146509516 -0.057709620 -0.002081799 -0.705433804 0.706419432
1785983402.619999886 -1.275479045 0.888224613 1.145452326 -0.057717378 -0.002172193 -0.705563128 0.706289359
1785983402.630000114 -1.275399676 0.884136614 1.144392128 -0.057758759 -0.002220207 -0.705659840 0.706189200
1785983402.640000105 -1.275218993 0.880254877 1.143343932 -0.057686566 -0.002304886 -0.705743736 0.706110988
1785983402.650000095 -1.274927971 0.876651437 1.142328688 -0.057602175 -0.002354324 -0.705864951 0.705996542
1785983402.660000086 -1.274551304 0.873302687 1.141336792 -0.057533766 -0.002438108 -0.705966722 0.705900070
1785983402.670000076 -1.274124329 0.870076723 1.140334181 -0.057473484 -0.002481932 -0.706059394 0.705812135
1785983402.680000067 -1.273667015 0.866862885 1.139300814 -0.057375288 -0.002533356 -0.706170189 0.705709092
1785983402.690000057 -1.273186888 0.863593395 1.138229824 -0.057270347 -0.002549768 -0.706306059 0.705581574
1785983402.700000048 -1.272699334 0.860239274 1.137114470 -0.057158995 -0.002600506 -0.706389623 0.705506759
1785983402.710000038 -1.272200856 0.856769291 1.135960465 -0.057038846 -0.002690226 -0.706431589 0.705474127
1785983402.720000029 -1.271671198 0.853164482 1.134783594 -0.056936021 -0.002774097 -0.706469007 0.705444637
1785983402.730000019 -1.271100932 0.849494173 1.133590505 -0.056839262 -0.002840856 -0.706479709 0.705441457
1785983402.740000010 -1.270487287 0.845868740 1.132386451 -0.056734050 -0.002879930 -0.706456795 0.705472714
1785983402.750000000 -1.269831281 0.842379876 1.131181654 -0.056660700 -0.002914871 -0.706416529 0.705518785
1785983402.759999990 -1.269141055 0.839094363 1.129990499 -0.056553428 -0.002903304 -0.706347349 0.705596700
1785983402.769999981 -1.268432429 0.836076050 1.128843445 -0.056449398 -0.002942012 -0.706301488 0.705650776
1785983402.779999971 -1.267715799 0.833292018 1.127745069 -0.056386373 -0.002919979 -0.706209908 0.705747558
1785983402.789999962 -1.266990309 0.830600082 1.126671210 -0.056247683 -0.002939983 -0.706111774 0.705856725
1785983402.799999952 -1.266253199 0.827884703 1.125611655 -0.056131344 -0.002937314 -0.706040886 0.705936904
1785983402.809999943 -1.265508765 0.825094806 1.124800751 -0.056070754 -0.002847621 -0.705919977 0.706062992
1785983402.819999933 -1.264795481 0.822184193 1.124428062 -0.056002800 -0.002800018 -0.705813290 0.706175223
1785983402.829999924 -1.264147152 0.819094117 1.124251736 -0.055887869 -0.002868045 -0.705739420 0.706257879
1785983402.839999914 -1.263574193 0.815770166 1.124088536 -0.055722002 -0.002819591 -0.705686082 0.706324474
1785983402.849999905 -1.263075686 0.812165680 1.123947750 -0.055447204 -0.002679072 -0.705777489 0.706255312
1785983402.859999895 -1.262663171 0.808270814 1.123848950 -0.055599871 -0.002697140 -0.705816477 0.706204277
1785983402.869999886 -1.262336847 0.804096907 1.123771676 -0.055490778 -0.002539341 -0.705948438 0.706081530
1785983402.880000114 -1.262094195 0.799645888 1.123694283 -0.055240412 -0.002584244 -0.706068732 0.705980711
1785983402.890000105 -1.261936760 0.794938243 1.123667434 -0.055220455 -0.002572906 -0.706188699 0.705862312
1785983402.900000095 -1.261868313 0.790038900 1.123727355 -0.055132715 -0.002526734 -0.706257510 0.705800488
1785983402.910000086 -1.261899701 0.785119967 1.123876123 -0.055044023 -0.002583895 -0.706254765 0.705809950
1785983402.920000076 -1.261991642 0.780372343 1.124096895 -0.054934813 -0.002657303 -0.706220057 0.705852914
1785983402.930000067 -1.262069219 0.775807342 1.124379707 -0.054860432 -0.002671154 -0.706188055 0.705890664
1785983402.940000057 -1.262100629 0.771340830 1.124772696 -0.054800087 -0.002686700 -0.706169405 0.705913949
1785983402.950000048 -1.262110797 0.766937571 1.125256399 -0.054814478 -0.002649787 -0.706135583 0.705946804
1785983402.960000038 -1.262118511 0.762605447 1.125756823 -0.054800291 -0.002662866 -0.706131622 0.705951818
1785983402.970000029 -1.262126765 0.758351946 1.126248260 -0.054751657 -0.002659830 -0.706110406 0.705976823
1785983402.980000019 -1.262140338 0.754105335 1.126710682 -0.054667240 -0.002625700 -0.706099104 0.705994797
1785983402.990000010 -1.262157579 0.749742444 1.127137276 -0.054558909 -0.002663438 -0.706063675 0.706038468
1785983403.000000000 -1.262151447 0.745207442 1.127520379 -0.054439318 -0.002661337 -0.706003231 0.706108147
1785983403.009999990 -1.262100562 0.740482032 1.127868474 -0.054334415 -0.002602045 -0.706024365 0.706095317
1785983403.019999981 -1.262047232 0.735627143 1.128198043 -0.054224693 -0.002610181 -0.705994102 0.706133980
1785983403.029999971 -1.262070330 0.730760646 1.128524794 -0.054188557 -0.002632991 -0.705969114 0.706161651
1785983403.039999962 -1.262164717 0.725940210 1.128863090 -0.054159309 -0.002698972 -0.705996373 0.706136393
1785983403.049999952 -1.262245104 0.721200268 1.129212395 -0.054090016 -0.002808323 -0.706023578 0.706114077
1785983403.059999943 -1.262269831 0.716528275 1.129557740 -0.053990258 -0.002899320 -0.706075669 0.706069257
1785983403.069999933 -1.262268397 0.711875599 1.129886956 -0.053873725 -0.002932383 -0.706117807 0.706035881
1785983403.079999924 -1.262273915 0.707224643 1.130199980 -0.053745012 -0.003057108 -0.706167116 0.705995844
1785983403.089999914 -1.262286579 0.702579600 1.130495944 -0.053641088 -0.003263831 -0.706195848 0.705974083
1785983403.099999905 -1.262308707 0.697963215 1.130773027 -0.053633421 -0.003484444 -0.706268226 0.705901203
1785983403.109999895 -1.262362741 0.693399423 1.131041824 -0.053716077 -0.003686711 -0.706298564 0.705863535
1785983403.119999886 -1.262448973 0.688912330 1.131325133 -0.053750847 -0.003878258 -0.706400134 0.705758214
1785983403.130000114 -1.262543855 0.684543670 1.131636863 -0.053737527 -0.003997840 -0.706564916 0.705593590
1785983403.140000105 -1.262649556 0.680288751 1.131994219 -0.053682637 -0.004171613 -0.706744220 0.705417167
1785983403.150000095 -1.262788858 0.676124696 1.132400986 -0.053800163 -0.004426187 -0.706910036 0.705240493
1785983403.160000086 -1.262980751 0.672035729 1.132965657 -0.053936073 -0.004716411 -0.707059237 0.705078642
1785983403.170000076 -1.263246344 0.667924454 1.134490635 -0.054003229 -0.005011810 -0.707321034 0.704808830
1785983403.180000067 -1.263571698 0.663738258 1.136990665 -0.054219969 -0.005264137 -0.707550119 0.704560369
1785983403.190000057 -1.263970898 0.659466794 1.140007530 -0.054359917 -0.005507842 -0.707639654 0.704457794
1785983403.200000048 -1.264472622 0.655070848 1.143838185 -0.054529655 -0.005679918 -0.707748779 0.704333672
1785983403.210000038 -1.264989885 0.650590720 1.148188305 -0.054614887 -0.005853026 -0.707931820 0.704141673
1785983403.220000029 -1.265435670 0.646097314 1.152633479 -0.054695800 -0.006012587 -0.708110139 0.703954721
1785983403.230000019 -1.265807035 0.641635685 1.157106557 -0.054725767 -0.006136325 -0.708270875 0.703789601
1785983403.240000010 -1.266100485 0.637218141 1.161574309 -0.054757141 -0.006275317 -0.708402818 0.703653127
1785983403.250000000 -1.266307733 0.632850593 1.166019173 -0.054737650 -0.006428831 -0.708568304 0.703486616
1785983403.259999990 -1.266434487 0.628542813 1.170433832 -0.054660568 -0.006617361 -0.708738261 0.703319636
1785983403.269999981 -1.266508619 0.624268810 1.174822755 -0.054698437 -0.006849330 -0.708911639 0.703139713
1785983403.279999971 -1.266542921 0.619985837 1.179186753 -0.054706638 -0.007051266 -0.709065142 0.702982281
1785983403.289999962 -1.266522917 0.615680760 1.183531265 -0.054691061 -0.007194131 -0.709219886 0.702825929
1785983403.299999952 -1.266433069 0.611381946 1.187862669 -0.054661586 -0.007422215 -0.709392774 0.702651346
1785983403.309999943 -1.266264530 0.607112968 1.192167464 -0.054583376 -0.007668345 -0.709534437 0.702511733
1785983403.319999933 -1.265999115 0.602873040 1.196446866 -0.054539059 -0.007911850 -0.709612790 0.702433330
1785983403.329999924 -1.265616695 0.598654484 1.200720815 -0.054517595 -0.008142167 -0.709663523 0.702381109
1785983403.339999914 -1.265125648 0.594462698 1.204992739 -0.054543571 -0.008399699 -0.709704157 0.702335001
1785983403.349999905 -1.264534192 0.590300939 1.209255715 -0.054595123 -0.008643929 -0.709726741 0.702305210
1785983403.359999895 -1.263841241 0.586130701 1.213501066 -0.054626008 -0.008888753 -0.709731952 0.702294486
1785983403.369999886 -1.263075468 0.581884360 1.217706338 -0.054583019 -0.009129638 -0.709729243 0.702297477
1785983403.380000114 -1.262273354 0.577475606 1.221876582 -0.054550806 -0.009352725 -0.709733412 0.702292831
1785983403.390000105 -1.261466295 0.572851275 1.225970238 -0.054491297 -0.009536202 -0.709705519 0.702323171
1785983403.400000095 -1.260689075 0.567994791 1.229952756 -0.054459445 -0.009718473 -0.709706077 0.702322579
1785983403.410000086 -1.259953603 0.562906566 1.233700219 -0.054374646 -0.009965391 -0.709644797 0.702387608
1785983403.420000076 -1.259268654 0.557610618 1.236876386 -0.054304431 -0.010150138 -0.709629398 0.702405952
1785983403.430000067 -1.258640533 0.552166773 1.239342192 -0.054208111 -0.010323020 -0.709650956 0.702389092
1785983403.440000057 -1.258087465 0.546621327 1.241417312 -0.054124269 -0.010488701 -0.709711480 0.702331948
1785983403.450000048 -1.257608484 0.540907481 1.243407904 -0.054134063 -0.010746620 -0.709813158 0.702224532
1785983403.460000038 -1.257170899 0.535005964 1.245336970 -0.054082601 -0.010924791 -0.709868080 0.702170229
1785983403.470000029 -1.256710327 0.528958474 1.247265261 -0.053928046 -0.011059291 -0.709966708 0.702080289
1785983403.480000019 -1.256173576 0.522846740 1.249232544 -0.053859587 -0.011221817 -0.709973244 0.702076355
1785983403.490000010 -1.255579758 0.516769261 1.251195287 -0.053787586 -0.011369092 -0.709968811 0.702083988
1785983403.500000000 -1.254974651 0.510729348 1.253139699 -0.053756610 -0.011514908 -0.709999442 0.702053008
1785983403.509999990 -1.254443459 0.504700330 1.255074733 -0.053753701 -0.011632829 -0.710098802 0.701950788
1785983403.519999981 -1.254033571 0.498685097 1.257011358 -0.053733696 -0.011752747 -0.710108194 0.701940821
1785983403.529999971 -1.253710565 0.492755211 1.258964718 -0.053667206 -0.011801863 -0.710217460 0.701834529
1785983403.539999962 -1.253417471 0.486936891 1.260944670 -0.053612358 -0.011793607 -0.710343632 0.701711159
1785983403.549999952 -1.253082538 0.481125013 1.262930741 -0.053560812 -0.011768040 -0.710504662 0.701552477
1785983403.559999943 -1.252741105 0.475211369 1.264916051 -0.053544004 -0.011716626 -0.710644390 0.701413082
1785983403.569999933 -1.252477683 0.469229427 1.266918484 -0.053475946 -0.011563688 -0.710781846 0.701281521
1785983403.579999924 -1.252306048 0.463250616 1.268944751 -0.053356329 -0.011411144 -0.710874350 0.701199363
1785983403.589999914 -1.252242673 0.457315273 1.271019560 -0.053238135 -0.011394894 -0.710900707 0.701181890
1785983403.599999905 -1.252313435 0.451453696 1.273167230 -0.053156258 -0.011286894 -0.711052237 0.701036186
1785983403.609999895 -1.252557093 0.445674495 1.275387199 -0.053141637 -0.011181275 -0.711242466 0.700845988
1785983403.619999886 -1.252922398 0.439977476 1.277653967 -0.053093892 -0.010997421 -0.711458013 0.700633707
1785983403.630000114 -1.253312524 0.434352022 1.279922003 -0.053093146 -0.010749681 -0.711639847 0.700452918
1785983403.640000105 -1.253693515 0.428795193 1.282165869 -0.053133932 -0.010466532 -0.711831939 0.700258900
1785983403.650000095 -1.254041018 0.423344132 1.284384567 -0.053152211 -0.010227174 -0.712052887 0.700036380
1785983403.660000086 -1.254329702 0.418040122 1.286588527 -0.053185238 -0.009993728 -0.712241785 0.699845052
1785983403.670000076 -1.254543090 0.412888704 1.288803063 -0.053198731 -0.009725690 -0.712521531 0.699562988
1785983403.680000067 -1.254659444 0.407896875 1.291039223 -0.053234158 -0.009630582 -0.712777046 0.699301265
1785983403.690000057 -1.254659876 0.403079111 1.293301197 -0.053309001 -0.009530225 -0.712965373 0.699104930
1785983403.700000048 -1.254547844 0.398444958 1.295584237 -0.053390023 -0.009587359 -0.713205830 0.698852654
1785983403.710000038 -1.254332789 0.393969213 1.297867317 -0.053505006 -0.009560771 -0.713478468 0.698565875
1785983403.720000029 -1.254051890 0.389592452 1.300119666 -0.053641883 -0.009510251 -0.713684062 0.698346019
1785983403.730000019 -1.253770341 0.385212804 1.302305745 -0.053697635 -0.009481285 -0.713882491 0.698139283
1785983403.740000010 -1.253545146 0.380759251 1.304437885 -0.053820800 -0.009408392 -0.714067783 0.697941261
1785983403.750000000 -1.253414197 0.376277955 1.306557270 -0.053988467 -0.009378569 -0.714301665 0.697689342
1785983403.759999990 -1.253401485 0.371831923 1.308692422 -0.054166904 -0.009195911 -0.714399987 0.697577265
1785983403.769999981 -1.253517752 0.367401530 1.310881366 -0.054367391 -0.009211210 -0.714425874 0.697534953
1785983403.779999971 -1.253754438 0.362984707 1.313117693 -0.054660338 -0.009190351 -0.714626543 0.697306739
1785983403.789999962 -1.254057076 0.358567232 1.315339776 -0.054812977 -0.009274725 -0.714703328 0.697214938
1785983403.799999952 -1.254371597 0.354045184 1.317309635 -0.054980019 -0.009312590 -0.714803089 0.697099001
1785983403.809999943 -1.254652308 0.349413905 1.319039588 -0.055224263 -0.009358471 -0.714865151 0.697015434
1785983403.819999933 -1.254867396 0.344737927 1.320794435 -0.055424327 -0.009262447 -0.715039361 0.696822118
1785983403.829999924 -1.255009145 0.340040982 1.322585253 -0.055511021 -0.009194787 -0.715199707 0.696651535
1785983403.839999914 -1.255082726 0.335293079 1.324364476 -0.055403470 -0.009141917 -0.715413076 0.696441678
1785983403.849999905 -1.255125868 0.330435526 1.326126241 -0.055442877 -0.009081381 -0.715636714 0.696209530
1785983403.859999895 -1.255130363 0.325492948 1.327885441 -0.055574729 -0.009033851 -0.715769463 0.696063155
1785983403.869999886 -1.255034917 0.320543166 1.329654546 -0.055680385 -0.009028531 -0.715931057 0.695888570
1785983403.880000114 -1.254821452 0.315663881 1.331428491 -0.055876026 -0.009024727 -0.716001399 0.695800561
1785983403.890000105 -1.254522814 0.310833063 1.333189003 -0.056061487 -0.009020400 -0.715985891 0.695801657
1785983403.900000095 -1.254168301 0.306003586 1.334953288 -0.056147570 -0.009012086 -0.715965698 0.695815602
1785983403.910000086 -1.253800684 0.301181001 1.336742423 -0.056191176 -0.008937836 -0.715859259 0.695922544
1785983403.920000076 -1.253499359 0.296327191 1.338564145 -0.056295579 -0.008910701 -0.715893579 0.695879150
1785983403.930000067 -1.253350165 0.291349234 1.340293878 -0.056306915 -0.008865681 -0.715888155 0.695884387
1785983403.940000057 -1.253367519 0.286150260 1.341819344 -0.056309029 -0.008842551 -0.715871130 0.695902025
1785983403.950000048 -1.253536137 0.280721198 1.342990134 -0.056367798 -0.008664352 -0.715784255 0.695988865
1785983403.960000038 -1.253879115 0.275070484 1.343844429 -0.056317107 -0.008546376 -0.715632268 0.696150702
1785983403.970000029 -1.254385219 0.269207535 1.344657520 -0.056175066 -0.008502939 -0.715834193 0.695955077
1785983403.980000019 -1.254974320 0.263169725 1.345287528 -0.056084935 -0.008447301 -0.715862111 0.695934308
1785983403.990000010 -1.255623291 0.257022670 1.345742436 -0.056333098 -0.008470938 -0.715796428 0.695981536
1785983404.000000000 -1.256341156 0.250875826 1.346143202 -0.056333310 -0.008439497 -0.715864427 0.695911959
1785983404.009999990 -1.257078377 0.244794125 1.346403630 -0.056383149 -0.008427110 -0.716008559 0.695759778
1785983404.019999981 -1.257807772 0.238801989 1.346575808 -0.056444898 -0.008323025 -0.716192001 0.695567192
1785983404.029999971 -1.258556898 0.232866770 1.346653741 -0.056485249 -0.008139727 -0.716363228 0.695389738
1785983404.039999962 -1.259342776 0.226986582 1.346601474 -0.056558172 -0.007925235 -0.716615867 0.695125934
1785983404.049999952 -1.260143955 0.221209495 1.346457550 -0.056607443 -0.007758055 -0.716808628 0.694925032
1785983404.059999943 -1.260965452 0.215514264 1.346245666 -0.056588578 -0.007617913 -0.717025014 0.694704851
1785983404.069999933 -1.261818990 0.209831103 1.345948850 -0.056524056 -0.007387802 -0.717325256 0.694402570
1785983404.079999924 -1.262723872 0.204098934 1.345583303 -0.056461360 -0.007148456 -0.717524745 0.694204044
1785983404.089999914 -1.263706221 0.198326253 1.345209356 -0.056375402 -0.006889118 -0.717830239 0.693897761
1785983404.099999905 -1.264721277 0.192557116 1.344825651 -0.056291896 -0.006588952 -0.718072125 0.693657142
1785983404.109999895 -1.265687768 0.186705628 1.344514234 -0.056213436 -0.006316305 -0.718436346 0.693288808
1785983404.119999886 -1.266580162 0.180735253 1.344306970 -0.056126800 -0.006019370 -0.718815167 0.692905697
1785983404.130000114 -1.267420516 0.174727434 1.344122108 -0.056000912 -0.005719357 -0.719050523 0.692674189
1785983404.140000105 -1.268227569 0.168751176 1.343952368 -0.055809165 -0.005388435 -0.719259497 0.692475327
1785983404.150000095 -1.269007293 0.162868966 1.343772670 -0.055651366 -0.005090481 -0.719551478 0.692186884
1785983404.160000086 -1.269743943 0.157100949 1.343562163 -0.055624280 -0.004842033 -0.719735639 0.691999353
1785983404.170000076 -1.270429327 0.151459435 1.343327285 -0.055509866 -0.004575809 -0.719912496 0.691826362
1785983404.180000067 -1.271067808 0.145913059 1.343074769 -0.055298197 -0.004315457 -0.720094644 0.691655399
1785983404.190000057 -1.271646059 0.140411860 1.342822948 -0.055131782 -0.004091294 -0.720223156 0.691536227
1785983404.200000048 -1.272147031 0.134955864 1.342590205 -0.054939133 -0.003801033 -0.720527968 0.691235626
1785983404.210000038 -1.272580262 0.129556226 1.342359519 -0.054874939 -0.003582028 -0.720626279 0.691139405
1785983404.220000029 -1.272975364 0.124232255 1.342118967 -0.054672384 -0.003560196 -0.721002161 0.690763447
1785983404.230000019 -1.273335767 0.119010838 1.341883137 -0.054704548 -0.003431548 -0.721121210 0.690637269
1785983404.240000010 -1.273650123 0.113884538 1.341653298 -0.054744532 -0.003330117 -0.721243812 0.690506560
1785983404.250000000 -1.273912028 0.108813441 1.341423945 -0.054847034 -0.003256053 -0.721353697 0.690383983
1785983404.259999990 -1.274132998 0.103726796 1.341184622 -0.054861814 -0.003158080 -0.721477203 0.690254194
1785983404.269999981 -1.274348720 0.098565496 1.340912840 -0.054922378 -0.003121286 -0.721585105 0.690136744
1785983404.279999971 -1.274572861 0.093297456 1.340612663 -0.054886326 -0.003050260 -0.721678492 0.690042275
1785983404.289999962 -1.274778045 0.087907894 1.340293970 -0.054860379 -0.002953054 -0.721695645 0.690026822
1785983404.299999952 -1.274935334 0.082438934 1.339955095 -0.054825878 -0.002961723 -0.721848278 0.689869854
1785983404.309999943 -1.275048959 0.076923559 1.339602410 -0.054787425 -0.002900547 -0.721888309 0.689831279
1785983404.319999933 -1.275134014 0.071389053 1.339281971 -0.054832637 -0.002896602 -0.721961100 0.689751522
1785983404.329999924 -1.275248956 0.065901118 1.339044612 -0.054692393 -0.002790500 -0.721909230 0.689817381
1785983404.339999914 -1.275426609 0.060451656 1.338894534 -0.054662548 -0.002679451 -0.722004233 0.689720751
1785983404.349999905 -1.275649014 0.055007111 1.338809628 -0.054551562 -0.002554481 -0.722059774 0.689671867
1785983404.359999895 -1.275929380 0.049466121 1.338760070 -0.054583114 -0.002469643 -0.722084522 0.689643769
1785983404.369999886 -1.276297135 0.043714369 1.338717101 -0.054638984 -0.002407578 -0.722110407 0.689612460
1785983404.380000114 -1.276752254 0.037735431 1.338656001 -0.054670105 -0.002237823 -0.722142602 0.689576852
1785983404.390000105 -1.277262513 0.031492022 1.338576449 -0.054781385 -0.002075772 -0.722120757 0.689591403
1785983404.400000095 -1.277856709 0.025051781 1.338474568 -0.054973995 -0.001907756 -0.722150203 0.689545723
1785983404.410000086 -1.278580068 0.018604681 1.338360571 -0.055182627 -0.001785153 -0.722072619 0.689610632
1785983404.420000076 -1.279444355 0.012235774 1.338234375 -0.055349310 -0.001721556 -0.722087082 0.689582291
1785983404.430000067 -1.280449970 0.005950224 1.338100535 -0.055493008 -0.001602994 -0.722123987 0.689532381
1785983404.440000057 -1.281540361 -0.000243856 1.337971393 -0.055614677 -0.001607628 -0.722245315 0.689395481
1785983404.450000048 -1.282667808 -0.006347835 1.337814777 -0.055842249 -0.001523966 -0.722254361 0.689367796
1785983404.460000038 -1.283807117 -0.012370670 1.337620419 -0.056134834 -0.001434340 -0.722437787 0.689151991
1785983404.470000029 -1.284932724 -0.018304541 1.337400978 -0.056416757 -0.001331498 -0.722511967 0.689051402
1785983404.480000019 -1.286024566 -0.024134274 1.337185855 -0.056534755 -0.001431765 -0.722650860 0.688895860
1785983404.490000010 -1.287058253 -0.029867429 1.336984270 -0.056543906 -0.001572460 -0.722877912 0.688656546
1785983404.500000000 -1.288020903 -0.035485057 1.336780491 -0.056709467 -0.001642260 -0.722949384 0.688567737
1785983404.509999990 -1.288882000 -0.040947428 1.336583698 -0.056922654 -0.001765600 -0.723021209 0.688474418
1785983404.519999981 -1.289620392 -0.046246618 1.336405491 -0.057141668 -0.001789556 -0.723086187 0.688387967
1785983404.529999971 -1.290241548 -0.051418580 1.336223446 -0.057378583 -0.001889847 -0.723196736 0.688251849
1785983404.539999962 -1.290762032 -0.056520784 1.336016047 -0.057621217 -0.001953491 -0.723256583 0.688168507
1785983404.549999952 -1.291203150 -0.061684559 1.335789572 -0.057814737 -0.002090934 -0.723405826 0.687994982
1785983404.559999943 -1.291562487 -0.066988018 1.335564865 -0.058171824 -0.002102424 -0.723420091 0.687949846
1785983404.569999933 -1.291850090 -0.072386664 1.335358828 -0.058460220 -0.002215499 -0.723467885 0.687874781
1785983404.579999924 -1.292090384 -0.077830389 1.335173384 -0.058894432 -0.002261528 -0.723531042 0.687771156
1785983404.589999914 -1.292294483 -0.083235514 1.334997558 -0.059393145 -0.002411558 -0.723673319 0.687578043
1785983404.599999905 -1.292469703 -0.088592159 1.334836950 -0.059887564 -0.002460839 -0.723713418 0.687492773
1785983404.609999895 -1.292628307 -0.093976651 1.334690741 -0.060394929 -0.002540987 -0.723764317 0.687394507
1785983404.619999886 -1.292788684 -0.099414719 1.334533613 -0.060874913 -0.002623602 -0.723822198 0.687290904
1785983404.630000114 -1.292983789 -0.104891623 1.334352080 -0.061331734 -0.002754280 -0.723939910 0.687125781
1785983404.640000105 -1.293207779 -0.110393842 1.334155653 -0.061848375 -0.002817787 -0.724015730 0.686999317
1785983404.650000095 -1.293414627 -0.115940449 1.333983635 -0.062379919 -0.002871547 -0.724060880 0.686903445
1785983404.660000086 -1.293618046 -0.121558394 1.333849729 -0.063001493 -0.003029332 -0.724267213 0.686628458
1785983404.670000076 -1.293859515 -0.127173431 1.333722742 -0.063535610 -0.003217973 -0.724308681 0.686534635
1785983404.680000067 -1.294139463 -0.132743238 1.333585328 -0.064065351 -0.003365407 -0.724493820 0.686289305
1785983404.690000057 -1.294439382 -0.138305408 1.333431754 -0.064570418 -0.003435861 -0.724597175 0.686132488
1785983404.700000048 -1.294742367 -0.143873996 1.333261070 -0.065037128 -0.003460634 -0.724679799 0.686001010
1785983404.710000038 -1.295038053 -0.149452099 1.333075026 -0.065440313 -0.003460652 -0.724820690 0.685813791
1785983404.720000029 -1.295389185 -0.155088743 1.332875406 -0.065811409 -0.003424531 -0.724862236 0.685734548
1785983404.730000019 -1.295872081 -0.160868025 1.332722529 -0.066185564 -0.003265715 -0.724898288 0.685661198
1785983404.740000010 -1.296493248 -0.166815691 1.332665008 -0.066505443 -0.003179746 -0.724963832 0.685561345
1785983404.750000000 -1.297267545 -0.172863458 1.332633600 -0.066785243 -0.002988205 -0.725026351 0.685468885
1785983404.759999990 -1.298230362 -0.179018828 1.332382915 -0.066867753 -0.002866368 -0.725172655 0.685306579
1785983404.769999981 -1.299367694 -0.185334327 1.331848922 -0.067123105 -0.002807438 -0.725368597 0.685074452
1785983404.779999971 -1.300624162 -0.191810154 1.331240158 -0.067426096 -0.002733832 -0.725535337 0.684868398
1785983404.789999962 -1.301917422 -0.198432442 1.330645428 -0.067703563 -0.002825482 -0.725645702 0.684723710
1785983404.799999952 -1.303169933 -0.205102655 1.330075052 -0.067898277 -0.002770304 -0.725821710 0.684518075
1785983404.809999943 -1.304378025 -0.211709356 1.329541344 -0.068021382 -0.002644558 -0.726051382 0.684262733
1785983404.819999933 -1.305558863 -0.218161354 1.329015716 -0.068174704 -0.002586865 -0.726307554 0.683975770
1785983404.829999924 -1.306678506 -0.224446081 1.328479558 -0.068213387 -0.002536548 -0.726581789 0.683680777
1785983404.839999914 -1.307760966 -0.230605962 1.327938847 -0.068228312 -0.002550772 -0.726891641 0.683349789
1785983404.849999905 -1.308852224 -0.236635188 1.327391396 -0.068297138 -0.002379870 -0.727231399 0.682981939
1785983404.859999895 -1.309936202 -0.242509572 1.326854658 -0.068228003 -0.002194622 -0.727589524 0.682607946
1785983404.869999886 -1.311011705 -0.248256646 1.326377066 -0.068039245 -0.001922646 -0.728132220 0.682048704
1785983404.880000114 -1.312063320 -0.253946190 1.325958780 -0.067885616 -0.001751135 -0.728534544 0.681634723
1785983404.890000105 -1.313041608 -0.259627940 1.325554284 -0.067806875 -0.001807811 -0.728875404 0.681277921
1785983404.900000095 -1.313899428 -0.265277912 1.325131964 -0.067619154 -0.001688013 -0.729144201 0.681009203
1785983404.910000086 -1.314609707 -0.270863416 1.324673672 -0.067525358 -0.001706069 -0.729404284 0.680739896
1785983404.920000076 -1.315182951 -0.276437245 1.324177175 -0.067489054 -0.001688857 -0.729654982 0.680474821
1785983404.930000067 -1.315620640 -0.282065752 1.323648963 -0.067515221 -0.001696555 -0.729989155 0.680113703
1785983404.940000057 -1.315945889 -0.287746578 1.323098654 -0.067431376 -0.001810882 -0.730355178 0.679728655
1785983404.950000048 -1.316197567 -0.293422829 1.322539564 -0.067333849 -0.002004307 -0.730674886 0.679394102
1785983404.960000038 -1.316380225 -0.299093087 1.321963247 -0.067261549 -0.002172516 -0.730980745 0.679071656
1785983404.970000029 -1.316500706 -0.304832970 1.321343972 -0.067182135 -0.002332053 -0.731200070 0.678842824
1785983404.980000019 -1.316584810 -0.310675684 1.320668830 -0.067099445 -0.002542893 -0.731509932 0.678516335
1785983404.990000010 -1.316642941 -0.316646680 1.319950777 -0.066999696 -0.002626677 -0.731843259 0.678166340
1785983405.000000000 -1.316655636 -0.322760870 1.319216315 -0.066968173 -0.002793957 -0.732082637 0.677910370
1785983405.009999990 -1.316610880 -0.328968699 1.318464290 -0.066996359 -0.003117791 -0.732380139 0.677584755
1785983405.019999981 -1.316511533 -0.335205652 1.317673882 -0.067046414 -0.003446516 -0.732718717 0.677212066
1785983405.029999971 -1.316368502 -0.341440397 1.316817224 -0.066984002 -0.003748771 -0.732941438 0.676975582
1785983405.039999962 -1.316176189 -0.347706665 1.315901341 -0.066926316 -0.004045673 -0.733202793 0.676696509
1785983405.049999952 -1.315921639 -0.354027938 1.314926712 -0.066855965 -0.004332654 -0.733499215 0.676380374
1785983405.059999943 -1.315608154 -0.360345844 1.313887659 -0.066832639 -0.004589054 -0.733750762 0.676108096
1785983405.069999933 -1.315231089 -0.366545876 1.312820768 -0.066857588 -0.004863634 -0.733979938 0.675854910
1785983405.079999924 -1.314791094 -0.372581748 1.311753692 -0.066847473 -0.005170284 -0.734205867 0.675608191
1785983405.089999914 -1.314284972 -0.378492651 1.310697659 -0.066857706 -0.005489634 -0.734485543 0.675300599
1785983405.099999905 -1.313702906 -0.384329134 1.309655557 -0.066859747 -0.005747049 -0.734654929 0.675113976
1785983405.109999895 -1.313088325 -0.390142002 1.308633372 -0.066876519 -0.005980696 -0.734803872 0.674948170
1785983405.119999886 -1.312496796 -0.395963522 1.307639963 -0.066860982 -0.006076672 -0.734725791 0.675033847
1785983405.130000114 -1.311966958 -0.401792568 1.306672720 -0.066864220 -0.006108990 -0.734444288 0.675339503
1785983405.140000105 -1.311510042 -0.407583276 1.305735701 -0.066881532 -0.005979243 -0.734052847 0.675764402
1785983405.150000095 -1.311077252 -0.413287056 1.304844806 -0.066913223 -0.005678486 -0.733517366 0.676345067
1785983405.160000086 -1.310703524 -0.418929972 1.303998990 -0.067008901 -0.005205598 -0.732677395 0.677249248
1785983405.170000076 -1.310475130 -0.424661991 1.303169971 -0.067120868 -0.004404448 -0.731509508 0.678505143
1785983405.180000067 -1.310433999 -0.430569413 1.302371505 -0.067327888 -0.003357540 -0.730003424 0.680110788
1785983405.190000057 -1.310590107 -0.436628915 1.301647399 -0.067476086 -0.002156679 -0.728486924 0.681725112
1785983405.200000048 -1.310834911 -0.442794831 1.300978152 -0.067802790 -0.000859224 -0.726804769 0.683488750
1785983405.210000038 -1.311005327 -0.448989539 1.300333039 -0.068179984 0.000585478 -0.724778101 0.685600358
1785983405.220000029 -1.311072175 -0.455180558 1.299680207 -0.068563213 0.002005418 -0.722549815 0.687907573
1785983405.230000019 -1.311092382 -0.461372538 1.298970954 -0.069078390 0.003430520 -0.720079133 0.690436420
1785983405.240000010 -1.311063803 -0.467559966 1.298200046 -0.069618962 0.004844840 -0.717287798 0.693273353
1785983405.250000000 -1.310949155 -0.473742599 1.297388640 -0.070162049 0.006224646 -0.714247884 0.696339357
1785983405.259999990 -1.310754179 -0.479944929 1.296542647 -0.070837041 0.007480221 -0.710897581 0.699679061
1785983405.269999981 -1.310549582 -0.486200353 1.295563096 -0.071576649 0.008542575 -0.707209472 0.703319679
1785983405.279999971 -1.310357118 -0.492528791 1.294145529 -0.072410428 0.009376680 -0.703281861 0.707151633
1785983405.289999962 -1.310122467 -0.498870011 1.292080196 -0.073318058 0.010011683 -0.699170882 0.711114833
1785983405.299999952 -1.309779056 -0.505112705 1.289663296 -0.074351173 0.010457865 -0.694737630 0.715333601
1785983405.309999943 -1.309274838 -0.511179363 1.287190808 -0.075487951 0.010740387 -0.689896062 0.719881682
1785983405.319999933 -1.308613826 -0.517062586 1.284653479 -0.076589060 0.010731491 -0.684520587 0.724879657
1785983405.329999924 -1.307771939 -0.522775409 1.282047535 -0.077710016 0.010748167 -0.679029543 0.729907193
1785983405.339999914 -1.306711823 -0.528348496 1.279411464 -0.078759565 0.010625747 -0.673578371 0.734830730
1785983405.349999905 -1.305444686 -0.533865027 1.276818004 -0.079837075 0.010553353 -0.667863343 0.739914335
1785983405.359999895 -1.303991067 -0.539380762 1.274293713 -0.080771610 0.010333586 -0.661982237 0.745083003
1785983405.369999886 -1.302354210 -0.544918058 1.271809711 -0.081713534 0.010078222 -0.655628852 0.750581199
1785983405.380000114 -1.300537816 -0.550484429 1.269348385 -0.082587344 0.009849649 -0.649279571 0.755988329
1785983405.390000105 -1.298552972 -0.556088573 1.266860741 -0.083299449 0.009668452 -0.642627405 0.761575828
1785983405.400000095 -1.296399604 -0.561730256 1.264339532 -0.084003695 0.009478922 -0.635988575 0.767054145
1785983405.410000086 -1.294081856 -0.567440303 1.261838167 -0.084498803 0.009307093 -0.629240732 0.772547366
1785983405.420000076 -1.291584432 -0.573247690 1.259372205 -0.085148591 0.009193667 -0.622176562 0.778178334
1785983405.430000067 -1.288907715 -0.579127277 1.256944873 -0.085671071 0.009218471 -0.615028661 0.783782644
1785983405.440000057 -1.286140210 -0.585037534 1.254554591 -0.086149829 0.009310197 -0.607601966 0.789500715
1785983405.450000048 -1.283358484 -0.590869162 1.252169759 -0.086506199 0.009517612 -0.599940760 0.795296911
1785983405.460000038 -1.280582673 -0.596571501 1.249767211 -0.086722250 0.009704873 -0.592156169 0.801084352
1785983405.470000029 -1.277823262 -0.602189910 1.247194321 -0.086835382 0.009982319 -0.584142169 0.806931159
1785983405.480000019 -1.275120245 -0.607759081 1.244435636 -0.086728041 0.010311494 -0.575932811 0.812818133
1785983405.490000010 -1.272559782 -0.613298010 1.241659182 -0.086526717 0.010707028 -0.567575929 0.818691671
1785983405.500000000 -1.270194310 -0.618830250 1.238858944 -0.086183537 0.010951763 -0.558929687 0.824651479
1785983405.509999990 -1.268030743 -0.624345384 1.236013687 -0.085822493 0.011257916 -0.550167415 0.830556184
1785983405.519999981 -1.266073252 -0.629827225 1.233136897 -0.085383549 0.011653407 -0.541244232 0.836438001
1785983405.529999971 -1.264314098 -0.635276854 1.230288576 -0.084818205 0.012085583 -0.531944977 0.842433589
1785983405.539999962 -1.262722821 -0.640657295 1.227507482 -0.084036018 0.012483251 -0.522411605 0.848450488
1785983405.549999952 -1.261262524 -0.645942966 1.224810636 -0.083221498 0.012932894 -0.512601557 0.854486141
1785983405.559999943 -1.259786085 -0.651178917 1.222175412 -0.082296941 0.013274446 -0.502785278 0.860382454
1785983405.569999933 -1.258180615 -0.656398868 1.219521628 -0.081352239 0.013725336 -0.492853816 0.866191979
1785983405.579999924 -1.256440796 -0.661552825 1.216820640 -0.080367227 0.014169657 -0.482681008 0.871985880
1785983405.589999914 -1.254539724 -0.666570087 1.214059367 -0.079461673 0.014628414 -0.472235819 0.877761462
1785983405.599999905 -1.252501712 -0.671424317 1.211238567 -0.078493486 0.015115834 -0.461685805 0.883434492
1785983405.609999895 -1.250388821 -0.676181643 1.208385920 -0.077401584 0.015593771 -0.451123427 0.888962025
1785983405.619999886 -1.248246272 -0.680888743 1.205530186 -0.076273225 0.016067289 -0.440529883 0.894347617
1785983405.630000114 -1.246085705 -0.685564516 1.202701687 -0.075070145 0.016515117 -0.430043013 0.899530283
1785983405.640000105 -1.243936719 -0.690227087 1.199904693 -0.073905855 0.016973193 -0.419665194 0.904505921
1785983405.650000095 -1.241813357 -0.694865635 1.197065800 -0.072679044 0.017488201 -0.409585838 0.909203696
1785983405.660000086 -1.239697145 -0.699488217 1.194135011 -0.071486203 0.017923585 -0.399520020 0.913757200
1785983405.670000076 -1.237572434 -0.704121017 1.191132591 -0.070258295 0.018230659 -0.389638651 0.918103010
1785983405.680000067 -1.235424742 -0.708802051 1.188112409 -0.068972464 0.018402070 -0.379976758 0.922237402
1785983405.690000057 -1.233252460 -0.713584967 1.185090611 -0.067568753 0.018512730 -0.370502942 0.926185355
1785983405.700000048 -1.231053150 -0.718511135 1.182047740 -0.066079447 0.018431547 -0.361298371 0.929923261
1785983405.710000038 -1.228865166 -0.723526068 1.179138851 -0.064589773 0.018440384 -0.352097239 0.933550024
1785983405.720000029 -1.226642899 -0.728647602 1.176645946 -0.063156905 0.018576653 -0.343152415 0.936969868
1785983405.730000019 -1.224308728 -0.733982992 1.174449900 -0.061742573 0.018699502 -0.334357450 0.940235757
1785983405.740000010 -1.221932255 -0.739547931 1.172469100 -0.060045915 0.018997795 -0.325654519 0.943388947
1785983405.750000000 -1.219628155 -0.745249664 1.170903052 -0.058545517 0.019103664 -0.317154580 0.946372255
1785983405.759999990 -1.217457179 -0.751024667 1.169758350 -0.057131546 0.019228038 -0.309152083 0.949100236
1785983405.769999981 -1.215358039 -0.756911296 1.169296606 -0.055786636 0.019479499 -0.300924858 0.951815439
1785983405.779999971 -1.213316944 -0.762972213 1.169368027 -0.054688722 0.019976140 -0.293021471 0.954331449
1785983405.789999962 -1.211347445 -0.769213777 1.170050106 -0.053778230 0.020586230 -0.285301207 0.956706502
1785983405.799999952 -1.209455076 -0.775601254 1.171283613 -0.053055496 0.021021962 -0.277499212 0.959029394
1785983405.809999943 -1.207643380 -0.782133761 1.172532210 -0.052142905 0.021573948 -0.270197899 0.961149717
1785983405.819999933 -1.205831923 -0.788773451 1.174396591 -0.051420392 0.022167470 -0.262908061 0.963194631
1785983405.829999924 -1.204005506 -0.795498889 1.177514218 -0.050816672 0.022815570 -0.255860475 0.965107524
1785983405.839999914 -1.202178889 -0.802318547 1.182028927 -0.050538337 0.023680220 -0.248958334 0.966904789
1785983405.849999905 -1.200324229 -0.809144496 1.187464085 -0.050419754 0.024544209 -0.242352316 0.968566355
1785983405.859999895 -1.198409511 -0.815875053 1.193269205 -0.050377662 0.025471228 -0.235917719 0.970132021
1785983405.869999886 -1.196431235 -0.822462077 1.199529748 -0.050388723 0.026464474 -0.229635831 0.971611030
1785983405.880000114 -1.194419329 -0.828892555 1.206093962 -0.050505637 0.027586824 -0.223486258 0.973006701
1785983405.890000105 -1.192427100 -0.835184664 1.212695045 -0.050685310 0.028804345 -0.217526967 0.974311720
1785983405.900000095 -1.190518558 -0.841352164 1.219311788 -0.051047556 0.030080750 -0.211693740 0.975538342
1785983405.910000086 -1.188748829 -0.847435203 1.225941036 -0.051516551 0.031442654 -0.206110358 0.976665718
1785983405.920000076 -1.187145723 -0.853434468 1.232575470 -0.052147587 0.032836425 -0.200615596 0.977729912
1785983405.930000067 -1.185734767 -0.859227119 1.239212669 -0.052844869 0.034304420 -0.195343209 0.978709179
1785983405.940000057 -1.184552892 -0.864756963 1.245850254 -0.053616968 0.035849779 -0.190173848 0.979629482
1785983405.950000048 -1.183682910 -0.870165901 1.252497012 -0.054643153 0.037463643 -0.184970757 0.980508246
1785983405.960000038 -1.183118558 -0.875522886 1.259167270 -0.055661858 0.039005724 -0.180069149 0.981302916
1785983405.970000029 -1.182826478 -0.880799775 1.265891310 -0.056660350 0.040596568 -0.175370702 0.982031894
1785983405.980000019 -1.182789520 -0.886025458 1.272442232 -0.057591902 0.042106200 -0.170758588 0.982726689
1785983405.990000010 -1.183001108 -0.891235605 1.278760845 -0.058782218 0.043629240 -0.166622509 0.983299588
1785983406.000000000 -1.183436186 -0.896487131 1.284712587 -0.059847088 0.045098166 -0.162360528 0.983881873
1785983406.009999990 -1.183976719 -0.901822592 1.290217794 -0.060932571 0.046571544 -0.158342371 0.984401344
1785983406.019999981 -1.184564441 -0.907232563 1.295551778 -0.062037212 0.047975420 -0.154369385 0.984895850
1785983406.029999971 -1.185187518 -0.912690267 1.300792385 -0.063117447 0.049340848 -0.150404892 0.985373045
1785983406.039999962 -1.185856497 -0.918142625 1.305996706 -0.064252422 0.050643812 -0.146585524 0.985809066
1785983406.049999952 -1.186601996 -0.923544778 1.311190355 -0.065378920 0.051914807 -0.142897796 0.986210256
1785983406.059999943 -1.187408763 -0.928874697 1.316388539 -0.066479552 0.053138869 -0.139303749 0.986585625
1785983406.069999933 -1.188165517 -0.934124889 1.321575615 -0.067522608 0.054322625 -0.135841449 0.986933053
1785983406.079999924 -1.188836398 -0.939318681 1.326745312 -0.068508290 0.055484521 -0.132493083 0.987255623
1785983406.089999914 -1.189512346 -0.944445281 1.331899645 -0.069410704 0.056626055 -0.129257520 0.987556650
1785983406.099999905 -1.190219313 -0.949528255 1.337045087 -0.070168959 0.057696424 -0.126170502 0.987840293
1785983406.109999895 -1.190926344 -0.954612133 1.342178044 -0.070938428 0.058703462 -0.123130932 0.988109516
1785983406.119999886 -1.191631565 -0.959689006 1.347273674 -0.071710754 0.059647869 -0.120211782 0.988356629
1785983406.130000114 -1.192345723 -0.964690348 1.352279874 -0.072374914 0.060592703 -0.117327649 0.988597299
1785983406.140000105 -1.193043872 -0.969544476 1.357192049 -0.072993566 0.061543087 -0.114491589 0.988825598
1785983406.150000095 -1.193690558 -0.974237514 1.362043522 -0.073550801 0.062485170 -0.111673991 0.989047422
1785983406.160000086 -1.194301474 -0.978766695 1.366787315 -0.074033111 0.063481979 -0.108966698 0.989249916
1785983406.170000076 -1.194932604 -0.983168984 1.371284441 -0.074422388 0.064492071 -0.106485605 0.989425539
1785983406.180000067 -1.195585724 -0.987463401 1.375554936 -0.074713390 0.065518200 -0.104038613 0.989596505
1785983406.190000057 -1.196202890 -0.991656614 1.379739011 -0.074877519 0.066516694 -0.101692228 0.989761374
1785983406.200000048 -1.196730911 -0.995772061 1.383857590 -0.075034611 0.067532425 -0.099391207 0.989914424
1785983406.210000038 -1.197119180 -0.999802441 1.387912684 -0.075168091 0.068570223 -0.097192753 0.990051237
1785983406.220000029 -1.197339009 -1.003719744 1.391917349 -0.075256180 0.069600076 -0.095048594 0.990180843
1785983406.230000019 -1.197399227 -1.007515378 1.395891937 -0.075295208 0.070649108 -0.093019231 0.990296298
1785983406.240000010 -1.197343925 -1.011228172 1.399843928 -0.075254778 0.071641627 -0.091123833 0.990404282
1785983406.250000000 -1.197221162 -1.014918747 1.403785302 -0.075155044 0.072578668 -0.089224044 0.990516596
1785983406.259999990 -1.197036723 -1.018607916 1.407706559 -0.074983935 0.073604881 -0.087347977 0.990621049
1785983406.269999981 -1.196771910 -1.022320302 1.411575798 -0.074759078 0.074566705 -0.085526706 0.990725022
1785983406.279999971 -1.196423675 -1.026113495 1.415396482 -0.074616874 0.075538082 -0.083795424 0.990810096
1785983406.289999962 -1.196006660 -1.030024262 1.419150579 -0.074451025 0.076529512 -0.082318037 0.990870334
1785983406.299999952 -1.195523035 -1.034057685 1.422843149 -0.074350483 0.077496400 -0.080777014 0.990929557
1785983406.309999943 -1.194976323 -1.038177439 1.426391331 -0.074104847 0.078285594 -0.079202054 0.991013053
1785983406.319999933 -1.194401589 -1.042313384 1.429431458 -0.073863484 0.079099361 -0.077802587 0.991077310
1785983406.329999924 -1.193784939 -1.046413358 1.432067031 -0.073628098 0.079948082 -0.076552393 0.991124078
1785983406.339999914 -1.193083566 -1.050497301 1.434673314 -0.073413931 0.080809575 -0.075262624 0.991168878
1785983406.349999905 -1.192306667 -1.054601620 1.437172971 -0.073144558 0.081678157 -0.073915519 0.991218971
1785983406.359999895 -1.191450697 -1.058739624 1.439553751 -0.072965234 0.082491747 -0.072588907 0.991262850
1785983406.369999886 -1.190529616 -1.062903615 1.441557810 -0.072846549 0.083319560 -0.071306990 0.991295387
1785983406.380000114 -1.189558994 -1.067083884 1.442764257 -0.072703182 0.084126400 -0.070068837 0.991326059
1785983406.390000105 -1.188526313 -1.071295707 1.442914674 -0.072536524 0.084893628 -0.068816529 0.991360585
1785983406.400000095 -1.187420741 -1.075563619 1.442116726 -0.072379743 0.085555573 -0.067615760 0.991397764
1785983406.410000086 -1.186256902 -1.079907357 1.440693491 -0.072133978 0.086269089 -0.066408135 0.991435471
1785983406.420000076 -1.185058559 -1.084325943 1.438816217 -0.071994856 0.086916897 -0.065207519 0.991468695
1785983406.430000067 -1.183822938 -1.088797751 1.436549498 -0.071944063 0.087537495 -0.064055230 0.991492898
1785983406.440000057 -1.182529883 -1.093350827 1.434084919 -0.071824407 0.088107253 -0.062808020 0.991530897
1785983406.450000048 -1.181164976 -1.098029144 1.431678244 -0.071810610 0.088676846 -0.061681354 0.991551846
1785983406.460000038 -1.179750257 -1.102823176 1.429304823 -0.071795046 0.089317550 -0.060496540 0.991568462
1785983406.470000029 -1.178291302 -1.107698111 1.426878959 -0.071913362 0.089745485 -0.059541755 0.991579042
1785983406.480000019 -1.176847847 -1.112556885 1.423961343 -0.071998097 0.090191381 -0.058503945 0.991594210
1785983406.490000010 -1.175500491 -1.117317113 1.420223548 -0.072097931 0.090621287 -0.057495820 0.991606727
1785983406.500000000 -1.174228016 -1.121954149 1.415866985 -0.072222212 0.091042489 -0.056442447 0.991619618
1785983406.509999990 -1.172994123 -1.126468902 1.411047530 -0.072360493 0.091482060 -0.055431077 0.991626133
1785983406.519999981 -1.171840349 -1.130843963 1.405971916 -0.072536835 0.091905786 -0.054457959 0.991627987
1785983406.529999971 -1.170778109 -1.135077148 1.400733124 -0.072703794 0.092253763 -0.053558160 0.991632455
1785983406.539999962 -1.169784925 -1.139165921 1.395341902 -0.072910261 0.092478203 -0.052684306 0.991643202
1785983406.549999952 -1.168867413 -1.143059245 1.389943872 -0.073150295 0.092724482 -0.051832975 0.991647391
1785983406.559999943 -1.168023028 -1.146746567 1.384547986 -0.073360735 0.093012979 -0.051054766 0.991645198
1785983406.569999933 -1.167234960 -1.150289745 1.378847202 -0.073536241 0.093330214 -0.050239678 0.991644022
1785983406.579999924 -1.166538368 -1.153688834 1.372744423 -0.073705024 0.093606885 -0.049407432 0.991647229
1785983406.589999914 -1.165998948 -1.156896142 1.366497434 -0.073877878 0.093837515 -0.048649767 0.991650029
1785983406.599999905 -1.165563888 -1.159973340 1.360172033 -0.074015917 0.094036361 -0.047880935 0.991658320
1785983406.609999895 -1.165096954 -1.163051848 1.353840352 -0.074187271 0.094272246 -0.047177243 0.991656846
1785983406.619999886 -1.164547619 -1.166208095 1.347554658 -0.074377223 0.094365130 -0.046462452 0.991667531
1785983406.630000114 -1.163943840 -1.169458186 1.341313046 -0.074638806 0.094348797 -0.045780591 0.991681144
1785983406.640000105 -1.163252442 -1.172801161 1.335113644 -0.074825752 0.094355063 -0.045099026 0.991697689
1785983406.650000095 -1.162373997 -1.176249110 1.328952406 -0.074938681 0.094403681 -0.044469977 0.991712942
1785983406.660000086 -1.161328741 -1.179749493 1.322835466 -0.075143930 0.094516578 -0.044022260 0.991706633
1785983406.670000076 -1.160282767 -1.183153863 1.316762098 -0.075389768 0.094617582 -0.043455069 0.991703359
1785983406.680000067 -1.159275284 -1.186430103 1.310725057 -0.075608583 0.094708520 -0.042861528 0.991703851
1785983406.690000057 -1.158200575 -1.189650125 1.304716182 -0.075806217 0.094749945 -0.042343946 0.991707041
1785983406.700000048 -1.157012491 -1.192807507 1.298725915 -0.075978965 0.094766726 -0.041811077 0.991714827
1785983406.710000038 -1.155729693 -1.195842012 1.292746694 -0.076117103 0.094759068 -0.041215176 0.991729910
1785983406.720000029 -1.154345717 -1.198754312 1.286779752 -0.076256351 0.094708174 -0.040639657 0.991747825
1785983406.730000019 -1.152842447 -1.201609052 1.280840159 -0.076351172 0.094621630 -0.040052909 0.991772661
1785983406.740000010 -1.151216998 -1.204431133 1.274926397 -0.076451020 0.094561070 -0.039470964 0.991794076
1785983406.750000000 -1.149481641 -1.207168425 1.269023438 -0.076522167 0.094529010 -0.038953365 0.991812109
1785983406.759999990 -1.147647814 -1.209811238 1.263153746 -0.076586744 0.094529274 -0.038357304 0.991830330
1785983406.769999981 -1.145711056 -1.212445180 1.257333694 -0.076678776 0.094568162 -0.037768720 0.991842100
1785983406.779999971 -1.143675037 -1.215133431 1.251557327 -0.076709782 0.094638867 -0.037158083 0.991856023
1785983406.789999962 -1.141570904 -1.217896784 1.245836140 -0.076761159 0.094525905 -0.036557165 0.991885150
1785983406.799999952 -1.139426479 -1.220758718 1.240179445 -0.076743397 0.094524944 -0.036107585 0.991903084
1785983406.809999943 -1.137245264 -1.223712989 1.234567299 -0.076763497 0.094333155 -0.035724729 0.991933650
1785983406.819999933 -1.135046832 -1.226757695 1.228996806 -0.076846642 0.094403874 -0.035504251 0.991928400
1785983406.829999924 -1.132793353 -1.229964029 1.223529355 -0.077004332 0.094305571 -0.035146370 0.991938267
1785983406.839999914 -1.130451659 -1.233379978 1.218163670 -0.077103609 0.094255568 -0.034621524 0.991953765
1785983406.849999905 -1.128068885 -1.236939028 1.212887964 -0.077212459 0.094217744 -0.034261404 0.991961395
1785983406.859999895 -1.125616910 -1.240553250 1.207745803 -0.077296266 0.094145837 -0.033890317 0.991974443
1785983406.869999886 -1.122988274 -1.244194700 1.202748693 -0.077367069 0.094062431 -0.033550075 0.991988401
1785983406.880000114 -1.120161448 -1.247854376 1.197987055 -0.077488627 0.094009010 -0.033288199 0.991992800
1785983406.890000105 -1.117243045 -1.251435993 1.193949657 -0.077631660 0.093898057 -0.032910330 0.992004733
1785983406.900000095 -1.114331265 -1.254876389 1.190961124 -0.077802926 0.093898492 -0.032461202 0.992006073
1785983406.910000086 -1.111502318 -1.258234170 1.188906284 -0.078122463 0.093831627 -0.031951524 0.992003834
1785983406.920000076 -1.108764802 -1.261523001 1.187687953 -0.078359796 0.093922030 -0.031514817 0.991990530
1785983406.930000067 -1.106011685 -1.264698585 1.187019647 -0.078552062 0.094012333 -0.031171529 0.991977616
1785983406.940000057 -1.103141740 -1.267776493 1.186868675 -0.078743467 0.094217739 -0.030783392 0.991955073
1785983406.950000048 -1.100143249 -1.270887907 1.187127583 -0.078975101 0.094541748 -0.030360548 0.991918862
1785983406.960000038 -1.097060866 -1.274077342 1.187725959 -0.079224017 0.094856480 -0.029963186 0.991881047
1785983406.970000029 -1.093950384 -1.277263638 1.188675688 -0.079447216 0.095128893 -0.029532730 0.991850015
1785983406.980000019 -1.090858410 -1.280396163 1.189728778 -0.079636465 0.095437888 -0.029117886 0.991817419
1785983406.990000010 -1.087821057 -1.283436648 1.190864609 -0.079855460 0.095760438 -0.028646894 0.991782436
1785983407.000000000 -1.084872644 -1.286384186 1.192070809 -0.079979791 0.096042137 -0.028257055 0.991756361
1785983407.009999990 -1.082028743 -1.289266892 1.193339385 -0.080177945 0.096322303 -0.027752468 0.991727438
1785983407.019999981 -1.079288328 -1.292094940 1.194655627 -0.080296659 0.096468240 -0.027219657 0.991718415
1785983407.029999971 -1.076579469 -1.294905537 1.196018228 -0.080413576 0.096610761 -0.026730983 0.991708360
1785983407.039999962 -1.073801379 -1.297725297 1.197415543 -0.080515403 0.096692501 -0.026258975 0.991704743
1785983407.049999952 -1.070923949 -1.300480099 1.198810816 -0.080574937 0.096705570 -0.025819831 0.991710164
1785983407.059999943 -1.067976381 -1.303108526 1.200175162 -0.080635144 0.096681146 -0.025354365 0.991719661
1785983407.069999933 -1.064987343 -1.305605027 1.201503482 -0.080689351 0.096643332 -0.024919742 0.991729954
1785983407.079999924 -1.061985059 -1.307994807 1.202828981 -0.080732513 0.096524672 -0.024491829 0.991748657
1785983407.089999914 -1.059031029 -1.310277780 1.204171914 -0.080779454 0.096331348 -0.024037400 0.991774750
1785983407.099999905 -1.056128842 -1.312454580 1.205540504 -0.080844136 0.096158079 -0.023632822 0.991796017
1785983407.109999895 -1.053267531 -1.314517743 1.206927845 -0.080879175 0.095961501 -0.023253683 0.991821161
1785983407.119999886 -1.050474470 -1.316472671 1.208344062 -0.080915546 0.095750913 -0.022833786 0.991848303
1785983407.130000114 -1.047812284 -1.318309119 1.209816806 -0.080907890 0.095545532 -0.022441510 0.991877686
1785983407.140000105 -1.045329729 -1.319965871 1.211351373 -0.080941216 0.095332879 -0.022044043 0.991904341
1785983407.150000095 -1.042994636 -1.321423749 1.212935276 -0.081045891 0.095134238 -0.021638617 0.991923793
1785983407.160000086 -1.040770473 -1.322677219 1.214556461 -0.081162151 0.094860038 -0.021364529 0.991946488
1785983407.170000076 -1.038642051 -1.323737371 1.216225619 -0.081288331 0.094566573 -0.021049185 0.991970918
1785983407.180000067 -1.036555447 -1.324603577 1.217944048 -0.081416507 0.094311460 -0.020763615 0.991990712
1785983407.190000057 -1.034414925 -1.325261664 1.219676645 -0.081534496 0.094094499 -0.020523134 0.992006629
1785983407.200000048 -1.032173117 -1.325738589 1.221399359 -0.081692898 0.093923089 -0.020265110 0.992015146
1785983407.210000038 -1.029835917 -1.326143506 1.223130149 -0.081828862 0.093719659 -0.020009550 0.992028367
1785983407.220000029 -1.027413263 -1.326582996 1.224889033 -0.081929358 0.093563302 -0.019709427 0.992040839
1785983407.230000019 -1.024884541 -1.327095290 1.226685864 -0.082045998 0.093382574 -0.019500363 0.992052360
1785983407.240000010 -1.022221492 -1.327737924 1.228535355 -0.082160847 0.093315223 -0.019287889 0.992053346
1785983407.250000000 -1.019407246 -1.328544404 1.230451007 -0.082370822 0.093090232 -0.019309534 0.992056651
1785983407.259999990 -1.016434888 -1.329525732 1.232535180 -0.082397444 0.093057441 -0.019328272 0.992057152
1785983407.269999981 -1.013317219 -1.330686758 1.234944403 -0.082560344 0.092986754 -0.019371257 0.992049398
1785983407.279999971 -1.010113361 -1.331993408 1.237591073 -0.082675224 0.092903574 -0.019409991 0.992046867
1785983407.289999962 -1.006922299 -1.333413440 1.240432415 -0.082729042 0.092891416 -0.019431009 0.992043107
1785983407.299999952 -1.003731051 -1.334925928 1.243500594 -0.082673774 0.092992547 -0.019471204 0.992037452
1785983407.309999943 -1.000418545 -1.336531618 1.246764406 -0.082564778 0.093079102 -0.019391174 0.992039979
1785983407.319999933 -0.996924835 -1.338222444 1.250162633 -0.082438673 0.093102304 -0.019318268 0.992049712
1785983407.329999924 -0.993290459 -1.339948183 1.253581843 -0.082323700 0.093183045 -0.019334588 0.992051361
1785983407.339999914 -0.989531310 -1.341643438 1.257004754 -0.082127844 0.093281886 -0.019262968 0.992059698
1785983407.349999905 -0.985604103 -1.343295099 1.260417568 -0.081875524 0.093352876 -0.019166798 0.992075740
1785983407.359999895 -0.981569984 -1.344899177 1.263831398 -0.081545108 0.093439697 -0.019071005 0.992096626
1785983407.369999886 -0.977599110 -1.346422802 1.267280873 -0.081141073 0.093546555 -0.019007964 0.992120893
1785983407.380000114 -0.973726222 -1.347852182 1.270755449 -0.080699859 0.093626310 -0.018974206 0.992150002
1785983407.390000105 -0.969826338 -1.349243962 1.274214255 -0.080296795 0.093641711 -0.018926872 0.992182155
1785983407.400000095 -0.965836754 -1.350613555 1.277605323 -0.079895823 0.093689100 -0.018860187 0.992211320
1785983407.410000086 -0.961800598 -1.351911152 1.280945042 -0.079458307 0.093728404 -0.018848881 0.992242956
1785983407.420000076 -0.957748230 -1.353146061 1.284298341 -0.078983827 0.093919100 -0.018882278 0.992262172
1785983407.430000067 -0.953648881 -1.354343031 1.287672634 -0.078402383 0.094009194 -0.019085408 0.992295866
1785983407.440000057 -0.949464076 -1.355513918 1.291060373 -0.077910649 0.094009149 -0.019160962 0.992333144
1785983407.450000048 -0.945163490 -1.356638961 1.294437481 -0.077458132 0.093946262 -0.019202298 0.992373725
1785983407.460000038 -0.940719545 -1.357647189 1.297778981 -0.077089558 0.093771164 -0.019215180 0.992418735
1785983407.470000029 -0.936124957 -1.358534685 1.301094337 -0.076774357 0.093461390 -0.019184696 0.992472979
1785983407.480000019 -0.931387980 -1.359335378 1.304389454 -0.076477445 0.093115881 -0.019230445 0.992527492
1785983407.490000010 -0.926498499 -1.360076571 1.307657186 -0.076208305 0.092656476 -0.019257636 0.992590658
1785983407.500000000 -0.921429142 -1.360817058 1.310918190 -0.076061234 0.092095422 -0.019350748 0.992652341
1785983407.509999990 -0.916180095 -1.361661847 1.314211982 -0.076004040 0.091430835 -0.019393394 0.992717324
1785983407.519999981 -0.910762981 -1.362614899 1.317536925 -0.075997727 0.090751901 -0.019452949 0.992778939
1785983407.529999971 -0.905158252 -1.363537895 1.320848605 -0.075985151 0.090039007 -0.019527242 0.992843352
1785983407.539999962 -0.899348742 -1.364345324 1.324124272 -0.076008728 0.089268678 -0.019575648 0.992910152
1785983407.549999952 -0.893347539 -1.365015860 1.327369813 -0.076123036 0.088450643 -0.019687512 0.992972391
1785983407.559999943 -0.887187734 -1.365551815 1.330598543 -0.076321744 0.087594019 -0.019755807 0.993031715
1785983407.569999933 -0.880920294 -1.365939960 1.333823634 -0.076550598 0.086731084 -0.019831061 0.993088341
1785983407.579999924 -0.874609001 -1.366199212 1.337059446 -0.076802522 0.085898255 -0.020001228 0.993137862
1785983407.589999914 -0.868309726 -1.366455552 1.340333266 -0.077065130 0.085050166 -0.020049756 0.993189530
1785983407.599999905 -0.862022425 -1.366806362 1.343649031 -0.077312640 0.084194850 -0.020123594 0.993241675
1785983407.609999895 -0.855671157 -1.367234664 1.346959689 -0.077623556 0.083290896 -0.020347291 0.993289081
1785983407.619999886 -0.849192012 -1.367662240 1.350097881 -0.077914786 0.082454398 -0.020596139 0.993330941
1785983407.630000114 -0.842598604 -1.368013422 1.352924015 -0.078204062 0.081685254 -0.020862392 0.993366199
1785983407.640000105 -0.835960172 -1.368292407 1.355224143 -0.078453217 0.080996013 -0.021140542 0.993397109
1785983407.650000095 -0.829347455 -1.368505032 1.356801029 -0.078724167 0.080343395 -0.021420441 0.993422674
1785983407.660000086 -0.822795312 -1.368652904 1.357595592 -0.078948018 0.079765439 -0.021699008 0.993445438
1785983407.670000076 -0.816329848 -1.368759349 1.357547141 -0.079118557 0.079241863 -0.022024584 0.993466607
1785983407.680000067 -0.810021455 -1.368793482 1.357073843 -0.079237385 0.078728785 -0.022448384 0.993488442
1785983407.690000057 -0.803922371 -1.368730928 1.356590841 -0.079334903 0.078394848 -0.022813930 0.993498740
1785983407.700000048 -0.798050150 -1.368600248 1.355966965 -0.079396772 0.078079213 -0.023146882 0.993510952
1785983407.710000038 -0.792438189 -1.368441000 1.354912762 -0.079469172 0.077855908 -0.023438687 0.993515846
1785983407.720000029 -0.787075022 -1.368253299 1.353517678 -0.079524292 0.077649888 -0.023874510 0.993517181
1785983407.730000019 -0.781952545 -1.368036855 1.352096571 -0.079320862 0.077269197 -0.024093550 0.993557836
1785983407.740000010 -0.777056501 -1.367813285 1.350730958 -0.079124156 0.076995375 -0.024428411 0.993586601
1785983407.750000000 -0.772226897 -1.367596425 1.349337753 -0.078970180 0.076886116 -0.024762803 0.993599034
1785983407.759999990 -0.767356319 -1.367440177 1.347879747 -0.078855283 0.076789545 -0.025070730 0.993607905
1785983407.769999981 -0.762506082 -1.367410141 1.346437048 -0.078623272 0.076550088 -0.025574307 0.993631934
1785983407.779999971 -0.757736622 -1.367521620 1.345036934 -0.078379308 0.076357173 -0.025963387 0.993655961
1785983407.789999962 -0.753077480 -1.367729933 1.343679679 -0.078083716 0.076141119 -0.026484210 0.993682067
1785983407.799999952 -0.748484192 -1.367996084 1.342345457 -0.077786360 0.075970386 -0.026959093 0.993705686
1785983407.809999943 -0.743851106 -1.368264239 1.340974149 -0.077500150 0.075798187 -0.027361140 0.993730210
1785983407.819999933 -0.739153203 -1.368465695 1.339544843 -0.077250006 0.075653750 -0.027710741 0.993751006
1785983407.829999924 -0.734465566 -1.368570872 1.338088564 -0.077026891 0.075532393 -0.028041195 0.993768286
1785983407.839999914 -0.729874901 -1.368597333 1.336610382 -0.076807268 0.075455573 -0.028395888 0.993781049
1785983407.849999905 -0.725408225 -1.368563814 1.335093930 -0.076575172 0.075427577 -0.028780519 0.993790021
1785983407.859999895 -0.720986788 -1.368473368 1.333549016 -0.076345839 0.075425060 -0.029189066 0.993795941
1785983407.869999886 -0.716495569 -1.368415154 1.331979121 -0.076100940 0.075486070 -0.029647047 0.993796535
1785983407.880000114 -0.711900433 -1.368508192 1.330372499 -0.075924376 0.075591151 -0.030230227 0.993784484
1785983407.890000105 -0.707207843 -1.368755899 1.328736737 -0.075918355 0.075536176 -0.030621256 0.993777152
1785983407.900000095 -0.702404817 -1.369107816 1.327103790 -0.075854005 0.075593212 -0.031111969 0.993762487
1785983407.910000086 -0.697463770 -1.369519729 1.325533256 -0.075822068 0.075625243 -0.031494577 0.993750436
1785983407.920000076 -0.692361164 -1.369986840 1.324032788 -0.075717535 0.075611360 -0.031827570 0.993748853
1785983407.930000067 -0.687081445 -1.370549205 1.322563152 -0.075604935 0.075567145 -0.032247980 0.993747236
1785983407.940000057 -0.681635845 -1.371209649 1.321115895 -0.075480231 0.075505485 -0.032545354 0.993751708
1785983407.950000048 -0.676095466 -1.371912503 1.319598575 -0.075371098 0.075386658 -0.032881880 0.993757934
1785983407.960000038 -0.670486612 -1.372649414 1.318016884 -0.075293001 0.075257669 -0.033169706 0.993764066
1785983407.970000029 -0.664795600 -1.373492642 1.316455129 -0.075122655 0.075041873 -0.033468313 0.993783264
1785983407.980000019 -0.659036703 -1.374430479 1.314919171 -0.074944465 0.074919007 -0.033823262 0.993793971
1785983407.990000010 -0.653250159 -1.375333946 1.313427438 -0.074748574 0.074836278 -0.034248146 0.993800406
1785983408.000000000 -0.647442226 -1.376088716 1.311979750 -0.074533607 0.074689019 -0.034728765 0.993810950
1785983408.009999990 -0.641574185 -1.376646818 1.310574058 -0.074294440 0.074483725 -0.035205800 0.993827481
1785983408.019999981 -0.635655622 -1.377001402 1.309204169 -0.074033040 0.074336427 -0.035634301 0.993842745
1785983408.029999971 -0.629741468 -1.377189071 1.307872986 -0.073721129 0.074248518 -0.036123483 0.993854842
1785983408.039999962 -0.623844740 -1.377235963 1.306575362 -0.073377924 0.074021732 -0.036842951 0.993870746
1785983408.049999952 -0.617923766 -1.377117595 1.305288907 -0.073027747 0.073819499 -0.037423338 0.993889895
1785983408.059999943 -0.611968203 -1.376821968 1.303989051 -0.072709479 0.073722674 -0.037961909 0.993899991
1785983408.069999933 -0.605981330 -1.376391546 1.302668734 -0.072353355 0.073798429 -0.038813269 0.993887476
1785983408.079999924 -0.599990262 -1.375884259 1.301327561 -0.071939823 0.073792879 -0.039330941 0.993897555
1785983408.089999914 -0.594030934 -1.375304957 1.299957659 -0.071501128 0.073921804 -0.039951349 0.993894886
1785983408.099999905 -0.588144756 -1.374648426 1.298558311 -0.071087880 0.073941603 -0.040402865 0.993904805
1785983408.109999895 -0.582351980 -1.373961160 1.297118667 -0.070559733 0.073913772 -0.040760319 0.993929914
1785983408.119999886 -0.576653482 -1.373266170 1.295649417 -0.070025166 0.073784561 -0.041059555 0.993965003
1785983408.130000114 -0.571082225 -1.372555770 1.294149426 -0.069441051 0.073753081 -0.041394624 0.993994421
1785983408.140000105 -0.565583998 -1.371863006 1.292569739 -0.068900367 0.073814951 -0.041589959 0.994019299
1785983408.150000095 -0.560127707 -1.371234390 1.290936739 -0.068445465 0.073888720 -0.041605410 0.994044599
1785983408.160000086 -0.554748109 -1.370645882 1.289312452 -0.067916838 0.073917856 -0.041754740 0.994072430
1785983408.170000076 -0.549442721 -1.370092608 1.287726760 -0.067517318 0.073945333 -0.041911789 0.994090993
1785983408.180000067 -0.544184687 -1.369631993 1.286225545 -0.067018728 0.074025206 -0.042136595 0.994109283
1785983408.190000057 -0.538932158 -1.369232311 1.284797509 -0.066556399 0.074122144 -0.042209023 0.994130048
1785983408.200000048 -0.533661522 -1.368889967 1.283392810 -0.066248233 0.074119764 -0.042279154 0.994147829
1785983408.210000038 -0.528399143 -1.368659070 1.282048980 -0.066000138 0.073975894 -0.042366989 0.994171307
1785983408.220000029 -0.523225365 -1.368529890 1.280790297 -0.065722503 0.073832875 -0.042367734 0.994200299
1785983408.230000019 -0.518203993 -1.368463854 1.279661896 -0.065625331 0.073705618 -0.042398170 0.994214863
1785983408.240000010 -0.513355933 -1.368436793 1.278672361 -0.065536974 0.073538086 -0.042349957 0.994235151
1785983408.250000000 -0.508657616 -1.368463651 1.277716540 -0.065295739 0.073388506 -0.042314001 0.994263606
1785983408.259999990 -0.504063976 -1.368499089 1.276919660 -0.065199617 0.073230226 -0.042276589 0.994283176
1785983408.269999981 -0.499489557 -1.368454458 1.276265483 -0.065104663 0.073176138 -0.042419233 0.994287305
1785983408.279999971 -0.494922321 -1.368309962 1.275591160 -0.065048355 0.073194156 -0.042505652 0.994285973
1785983408.289999962 -0.490414513 -1.368092520 1.274928035 -0.065053728 0.073301019 -0.042582646 0.994274455
1785983408.299999952 -0.485956770 -1.367809972 1.274279868 -0.065005091 0.073456588 -0.042597448 0.994265520
1785983408.309999943 -0.481519227 -1.367459601 1.273639037 -0.064805628 0.073656252 -0.042608113 0.994263313
1785983408.319999933 -0.477054350 -1.367045783 1.272987509 -0.064575709 0.073896939 -0.042556104 0.994262640
1785983408.329999924 -0.472514403 -1.366586916 1.272298851 -0.064306781 0.074191146 -0.042522394 0.994259603
1785983408.339999914 -0.467871680 -1.366104396 1.271556185 -0.064032019 0.074500688 -0.042501022 0.994255104
1785983408.349999905 -0.463120349 -1.365571794 1.270774308 -0.063754196 0.074817393 -0.042523539 0.994248213
1785983408.359999895 -0.458244023 -1.364983602 1.269982093 -0.063514013 0.075137837 -0.042695639 0.994232044
1785983408.369999886 -0.453207048 -1.364396206 1.269213962 -0.063304809 0.075457772 -0.042843039 0.994214816
1785983408.380000114 -0.447998340 -1.363799717 1.268513733 -0.063101397 0.075759970 -0.043091427 0.994194030
1785983408.390000105 -0.442653371 -1.363144360 1.267881380 -0.062887747 0.075992918 -0.043276522 0.994181749
1785983408.400000095 -0.437201530 -1.362485037 1.267297041 -0.062683695 0.076156460 -0.043567991 0.994169391
1785983408.410000086 -0.431669089 -1.361939494 1.266748073 -0.062580987 0.076279395 -0.043914746 0.994151180
1785983408.420000076 -0.426060488 -1.361561723 1.266236660 -0.062437601 0.076391165 -0.044306797 0.994134218
1785983408.430000067 -0.420396722 -1.361287844 1.265766329 -0.062364102 0.076583426 -0.044653012 0.994108549
1785983408.440000057 -0.414720165 -1.361004005 1.265300785 -0.062365727 0.076809076 -0.044930103 0.994078552
1785983408.450000048 -0.409025486 -1.360670219 1.264808584 -0.062380548 0.077037346 -0.045296768 0.994043318
1785983408.460000038 -0.403389295 -1.360354038 1.264309171 -0.062395596 0.077316761 -0.045661436 0.994003995
1785983408.470000029 -0.397883405 -1.360089922 1.263721071 -0.062395734 0.077638419 -0.045967646 0.993964800
1785983408.480000019 -0.392446284 -1.359863360 1.262926833 -0.062504513 0.077899186 -0.046235861 0.993925122
1785983408.490000010 -0.387003068 -1.359668870 1.261799788 -0.062648876 0.078153529 -0.046580031 0.993879995
1785983408.500000000 -0.381486026 -1.359455137 1.260423459 -0.062810481 0.078336172 -0.046818424 0.993844215
1785983408.509999990 -0.375893612 -1.359196351 1.258989693 -0.063018786 0.078577595 -0.047024052 0.993802260
1785983408.519999981 -0.370266594 -1.358908738 1.257514068 -0.063210459 0.078815611 -0.047269689 0.993759586
1785983408.529999971 -0.364654615 -1.358604413 1.255987517 -0.063330714 0.079043899 -0.047388294 0.993728148
1785983408.539999962 -0.359052640 -1.358295160 1.254442950 -0.063507475 0.079264157 -0.047515701 0.993693239
1785983408.549999952 -0.353383506 -1.357970651 1.252926383 -0.063652733 0.079386438 -0.047726141 0.993664097
1785983408.559999943 -0.347649542 -1.357569068 1.251430348 -0.063801292 0.079502809 -0.047940320 0.993634955
1785983408.569999933 -0.341921504 -1.357043586 1.249989887 -0.064025994 0.079564415 -0.048126473 0.993606571
1785983408.579999924 -0.336239379 -1.356417672 1.248607760 -0.064258911 0.079622960 -0.048446382 0.993571298
1785983408.589999914 -0.330557147 -1.355713212 1.247262389 -0.064437660 0.079592476 -0.048695282 0.993549996
1785983408.599999905 -0.324827737 -1.354990556 1.245974070 -0.064546275 0.079573064 -0.048850333 0.993536890
1785983408.609999895 -0.319048763 -1.354340856 1.244726508 -0.064755664 0.079477550 -0.049272191 0.993510078
1785983408.619999886 -0.313235588 -1.353792749 1.243501154 -0.064935677 0.079418922 -0.049522049 0.993490594
1785983408.630000114 -0.307436762 -1.353337339 1.242362006 -0.065091738 0.079340792 -0.049665016 0.993479487
1785983408.640000105 -0.301699855 -1.352931118 1.241330898 -0.065254683 0.079237957 -0.049809493 0.993469772
1785983408.650000095 -0.296061257 -1.352477106 1.240392425 -0.065288118 0.079249168 -0.050029246 0.993455638
1785983408.660000086 -0.290539897 -1.351859772 1.239536079 -0.065361530 0.079156183 -0.050189549 0.993450139
1785983408.670000076 -0.285125778 -1.351034779 1.238745167 -0.065472760 0.079087668 -0.050389606 0.993438144
1785983408.680000067 -0.279828774 -1.350035920 1.238010877 -0.065569081 0.078935170 -0.050588413 0.993433816
1785983408.690000057 -0.274630997 -1.348968977 1.237473203 -0.065601381 0.078823720 -0.050753911 0.993432092
1785983408.700000048 -0.269472918 -1.347907533 1.237108011 -0.065635284 0.078710276 -0.050924879 0.993430097
1785983408.710000038 -0.264313046 -1.346908020 1.236774943 -0.065684631 0.078494550 -0.051181523 0.993430716
1785983408.720000029 -0.259118507 -1.345955154 1.236483102 -0.065643462 0.078277035 -0.051379783 0.993440365
1785983408.730000019 -0.253851850 -1.344970407 1.236229387 -0.065566386 0.078059533 -0.051589855 0.993451682
1785983408.740000010 -0.248500802 -1.344007958 1.236022041 -0.065577130 0.077861783 -0.051827961 0.993454098
1785983408.750000000 -0.243076789 -1.343105291 1.235857269 -0.065532292 0.077645545 -0.052046345 0.993462564
1785983408.759999990 -0.237557031 -1.342210224 1.235825580 -0.065504188 0.077411467 -0.052411180 0.993463504
1785983408.769999981 -0.231898353 -1.341349194 1.236092300 -0.065409333 0.077160115 -0.052764565 0.993470602
1785983408.779999971 -0.226117481 -1.340605538 1.236620269 -0.065306729 0.076927504 -0.053160522 0.993474282
1785983408.789999962 -0.220289742 -1.340001934 1.237313819 -0.065262861 0.076590193 -0.053381094 0.993491399
1785983408.799999952 -0.214435216 -1.339517164 1.238112998 -0.065225181 0.076238582 -0.053564865 0.993511026
1785983408.809999943 -0.208515507 -1.339094725 1.238901540 -0.065149751 0.075855120 -0.053820599 0.993531506
1785983408.819999933 -0.202541406 -1.338687702 1.239582890 -0.065180168 0.075526951 -0.054134809 0.993537442
1785983408.829999924 -0.196545474 -1.338272299 1.240138948 -0.065202045 0.075325254 -0.054478288 0.993532544
1785983408.839999914 -0.190532784 -1.337798766 1.240633601 -0.065205183 0.075111284 -0.054817573 0.993529875
1785983408.849999905 -0.184500225 -1.337192466 1.241089005 -0.065208340 0.074952129 -0.055084775 0.993526909
1785983408.859999895 -0.178449172 -1.336404202 1.241534021 -0.065053511 0.074759135 -0.055456213 0.993530936
1785983408.869999886 -0.172355840 -1.335432512 1.241978890 -0.065060853 0.074566881 -0.055720519 0.993530115
1785983408.880000114 -0.166227254 -1.334292948 1.242427730 -0.065082258 0.074410932 -0.056068511 0.993520828
1785983408.890000105 -0.160128289 -1.332990322 1.242912351 -0.064938090 0.074247875 -0.056425798 0.993522233
1785983408.900000095 -0.154083164 -1.331533679 1.243440015 -0.064846815 0.074035335 -0.056753936 0.993525365
1785983408.910000086 -0.148091559 -1.329949440 1.243989018 -0.064735629 0.073830674 -0.057028789 0.993532107
1785983408.920000076 -0.142147644 -1.328296375 1.244519676 -0.064530609 0.073565155 -0.057384112 0.993544680
1785983408.930000067 -0.136211305 -1.326650767 1.244812741 -0.064395450 0.073300672 -0.057768827 0.993550703
1785983408.940000057 -0.130221701 -1.325023461 1.244862505 -0.064278746 0.073088425 -0.058229282 0.993547017
1785983408.950000048 -0.124135006 -1.323418170 1.244871806 -0.064172489 0.072923622 -0.058651037 0.993541188
1785983408.960000038 -0.117969126 -1.321926422 1.244879447 -0.064018708 0.072834499 -0.059173023 0.993526695
1785983408.970000029 -0.111768443 -1.320556636 1.244885201 -0.063930036 0.072600160 -0.059444518 0.993533349
1785983408.980000019 -0.105539470 -1.319274474 1.244884629 -0.063847114 0.072328445 -0.059636181 0.993547014
1785983408.990000010 -0.099280349 -1.318155155 1.244900288 -0.063938437 0.072006193 -0.059716801 0.993559705
1785983409.000000000 -0.092959025 -1.317207189 1.244933003 -0.063930157 0.071764697 -0.059977902 0.993561983
1785983409.009999990 -0.086580594 -1.316364344 1.244998556 -0.064049467 0.071627580 -0.060211222 0.993550081
1785983409.019999981 -0.080195200 -1.315533924 1.245093197 -0.064038299 0.071509233 -0.060530864 0.993539904
1785983409.029999971 -0.073771868 -1.314607902 1.245207839 -0.064018566 0.071386560 -0.060980923 0.993522475
1785983409.039999962 -0.067308282 -1.313577943 1.245354198 -0.063971017 0.071364352 -0.061305838 0.993507138
1785983409.049999952 -0.060834788 -1.312495092 1.245536169 -0.063918977 0.071331833 -0.061738915 0.993486004
1785983409.059999943 -0.054324086 -1.311385259 1.245723723 -0.063983935 0.071229305 -0.062015971 0.993471923
1785983409.069999933 -0.047728914 -1.310249278 1.245884346 -0.064060754 0.071374737 -0.062227631 0.993443299
1785983409.079999924 -0.041070868 -1.309114422 1.246039071 -0.064135092 0.071360267 -0.062407728 0.993428245
1785983409.089999914 -0.034411306 -1.308035773 1.246195481 -0.064122484 0.071450833 -0.062425101 0.993421458
1785983409.099999905 -0.027777347 -1.307035512 1.246396035 -0.064119452 0.071456731 -0.062419791 0.993421563
1785983409.109999895 -0.021201209 -1.306127399 1.246845417 -0.064038626 0.071573514 -0.062615111 0.993406077
1785983409.119999886 -0.014648995 -1.305356664 1.247535648 -0.064040810 0.071733122 -0.062665517 0.993391246
1785983409.130000114 -0.008068454 -1.304785164 1.248297613 -0.063905759 0.071818416 -0.062615784 0.993396916
1785983409.140000105 -0.001441123 -1.304414428 1.249114562 -0.063781894 0.072013581 -0.062417541 0.993403224
1785983409.150000095 0.005252865 -1.304177454 1.250157046 -0.063642036 0.072119660 -0.062421345 0.993404259
1785983409.160000086 0.012021208 -1.304040872 1.251808907 -0.063590962 0.072113546 -0.062643807 0.993393970
1785983409.170000076 0.018890071 -1.304011698 1.254157205 -0.063505551 0.072193153 -0.062653357 0.993393049
1785983409.180000067 0.025854368 -1.304103003 1.257211771 -0.063405042 0.072318355 -0.062588798 0.993394432
1785983409.190000057 0.032809251 -1.304316272 1.260714203 -0.063405716 0.072357193 -0.062672861 0.993386261
1785983409.200000048 0.039669885 -1.304672782 1.264231961 -0.063376289 0.072573100 -0.062377492 0.993390980
1785983409.210000038 0.046405511 -1.305211824 1.267461879 -0.063355392 0.072716371 -0.062532104 0.993372115
1785983409.220000029 0.053000219 -1.305949141 1.270272880 -0.063244960 0.072917979 -0.062494254 0.993366756
1785983409.230000019 0.059519719 -1.306883804 1.272845934 -0.063306517 0.073002263 -0.062455119 0.993359106
1785983409.240000010 0.065981394 -1.308013674 1.275361176 -0.063266058 0.072932804 -0.062726221 0.993349703
1785983409.250000000 0.072321336 -1.309417180 1.277690220 -0.063393980 0.072931105 -0.062547238 0.993352958
1785983409.259999990 0.078492840 -1.311166792 1.279666276 -0.063492510 0.072742206 -0.062689527 0.993351547
1785983409.269999981 0.084501457 -1.313128932 1.281503407 -0.063592516 0.072620221 -0.062504295 0.993365748
1785983409.279999971 0.090384776 -1.315112196 1.283354392 -0.063827372 0.072422879 -0.062619636 0.993357828
1785983409.289999962 0.096160001 -1.316976163 1.285245381 -0.063933272 0.072234852 -0.062592538 0.993366416
1785983409.299999952 0.101860914 -1.318626339 1.287148068 -0.064127618 0.072063946 -0.062643124 0.993363114
1785983409.309999943 0.107467513 -1.320063313 1.289040099 -0.064249115 0.071909504 -0.062738876 0.993360412
1785983409.319999933 0.112975536 -1.321305147 1.290917317 -0.064336102 0.071724618 -0.062820238 0.993363007
1785983409.329999924 0.118428402 -1.322345066 1.292815551 -0.064443141 0.071717092 -0.063082109 0.993340016
1785983409.339999914 0.123866668 -1.323192529 1.294756500 -0.064497032 0.071617001 -0.063158098 0.993338911
1785983409.349999905 0.129331440 -1.323881705 1.296706388 -0.064418780 0.071684007 -0.063320242 0.993328833
1785983409.359999895 0.134809683 -1.324410299 1.298718568 -0.064397725 0.071654060 -0.063425068 0.993325671
1785983409.369999886 0.140261597 -1.324750085 1.300815683 -0.064161331 0.071629540 -0.063868636 0.993314316
1785983409.380000114 0.145661053 -1.324910077 1.303050799 -0.064039860 0.071747481 -0.064012403 0.993304388
1785983409.390000105 0.151089082 -1.324970108 1.305408099 -0.064206008 0.071816051 -0.064453259 0.993260198
1785983409.400000095 0.156596839 -1.324933703 1.307764408 -0.064176264 0.071950191 -0.064613040 0.993242031
1785983409.410000086 0.162155944 -1.324677147 1.310105213 -0.064234577 0.072111470 -0.064909904 0.993207209
1785983409.420000076 0.167764641 -1.324150127 1.312431637 -0.064248128 0.072417088 -0.065129638 0.993169710
1785983409.430000067 0.173462938 -1.323427091 1.314772555 -0.064207719 0.072683503 -0.065353888 0.993138131
1785983409.440000057 0.179263433 -1.322579628 1.317132847 -0.064131900 0.072862103 -0.065651032 0.993110344
1785983409.450000048 0.185145533 -1.321592884 1.319479542 -0.064058198 0.072934797 -0.065908676 0.993092699
1785983409.460000038 0.191113886 -1.320447373 1.321799192 -0.064183030 0.073065620 -0.066262295 0.993051490
1785983409.470000029 0.197167537 -1.319163618 1.324075955 -0.064182664 0.073032338 -0.066611859 0.993030575
1785983409.480000019 0.203271945 -1.317764766 1.326243876 -0.064412405 0.072880336 -0.066890491 0.993008137
1785983409.490000010 0.209324963 -1.316294386 1.327962508 -0.064765450 0.072651634 -0.067110175 0.992987110
1785983409.500000000 0.215257956 -1.314825120 1.329247707 -0.064973093 0.072357541 -0.067359644 0.992978128
1785983409.509999990 0.221057538 -1.313412495 1.329689037 -0.065269832 0.071902959 -0.067786339 0.992962651
1785983409.519999981 0.226722906 -1.312143211 1.328786401 -0.065608272 0.071394936 -0.068134352 0.992953185
1785983409.529999971 0.232261912 -1.311072829 1.326808277 -0.066007764 0.070924768 -0.068455892 0.992938288
1785983409.539999962 0.237660800 -1.310159545 1.323552965 -0.066408573 0.070508298 -0.068707726 0.992923829
1785983409.549999952 0.242919327 -1.309349405 1.318954579 -0.066923095 0.070143669 -0.069024082 0.992893167
1785983409.559999943 0.248029175 -1.308550798 1.313566616 -0.067390139 0.069815533 -0.069322530 0.992863912
1785983409.569999933 0.252977373 -1.307698145 1.307843588 -0.067885742 0.069532264 -0.069755476 0.992819704
1785983409.579999924 0.257795746 -1.306804544 1.301755775 -0.068278825 0.069318971 -0.070194015 0.992776754
1785983409.589999914 0.262521562 -1.305896403 1.295350684 -0.068583953 0.069120956 -0.070540645 0.992744958
1785983409.599999905 0.267211359 -1.305016197 1.288804147 -0.068853700 0.068860887 -0.070941891 0.992715767
1785983409.609999895 0.271969190 -1.304160824 1.282135196 -0.069131562 0.068755593 -0.071242107 0.992682254
1785983409.619999886 0.276837924 -1.303271654 1.275391595 -0.069387252 0.068720195 -0.071580271 0.992642538
1785983409.630000114 0.281735541 -1.302282755 1.268634917 -0.069518140 0.068713359 -0.071906786 0.992610254
1785983409.640000105 0.286565021 -1.301156032 1.261898220 -0.069553957 0.068780807 -0.072275247 0.992576313
1785983409.650000095 0.291328047 -1.299890850 1.255172006 -0.069652794 0.068985872 -0.072667972 0.992526475
1785983409.660000086 0.296063947 -1.298499510 1.248435969 -0.069735488 0.069191156 -0.073170357 0.992469468
1785983409.670000076 0.300807734 -1.297073394 1.241692490 -0.069721495 0.069414613 -0.073443337 0.992434683
1785983409.680000067 0.305623575 -1.295712101 1.234951958 -0.069667616 0.069695147 -0.073744631 0.992396463
1785983409.690000057 0.310585304 -1.294424855 1.228186757 -0.069512397 0.069922747 -0.074132302 0.992362453
1785983409.700000048 0.315701206 -1.293188507 1.221389900 -0.069356923 0.070079289 -0.074458368 0.992337877
1785983409.710000038 0.320918139 -1.292010947 1.214590955 -0.069165290 0.070318648 -0.074715493 0.992314993
1785983409.720000029 0.326213861 -1.290943820 1.207789001 -0.068867254 0.070620806 -0.075066097 0.992287803
1785983409.730000019 0.331644833 -1.290049932 1.200934460 -0.068680089 0.070975647 -0.075359310 0.992253232
1785983409.740000010 0.337262390 -1.289342302 1.193999111 -0.068371416 0.071316008 -0.075593544 0.992232328
1785983409.750000000 0.343032727 -1.288801219 1.187012040 -0.067991063 0.071615737 -0.075765668 0.992223748
1785983409.759999990 0.348927182 -1.288423136 1.180208707 -0.067641739 0.071964313 -0.076183308 0.992190424
1785983409.769999981 0.354938112 -1.288169351 1.174133248 -0.067372938 0.072452292 -0.076431122 0.992154139
1785983409.779999971 0.361011272 -1.287985203 1.168965395 -0.067061071 0.072873613 -0.076584509 0.992132583
1785983409.789999962 0.367059414 -1.287807406 1.164741683 -0.066903221 0.073316395 -0.076848028 0.992090241
1785983409.799999952 0.373048632 -1.287519546 1.161638930 -0.066587672 0.073582024 -0.077231755 0.992062006
1785983409.809999943 0.379011337 -1.287008408 1.159630074 -0.066215900 0.073854291 -0.077472043 0.992047923
1785983409.819999933 0.384946333 -1.286224606 1.158876557 -0.065882516 0.074105754 -0.077663285 0.992036413
1785983409.829999924 0.390823444 -1.285261505 1.159737701 -0.065498426 0.074237973 -0.077812634 0.992040258
1785983409.839999914 0.396638645 -1.284212441 1.161557113 -0.065162620 0.074405639 -0.077955906 0.992038563
1785983409.849999905 0.402408868 -1.283089828 1.163481771 -0.064828513 0.074508105 -0.078098497 0.992041547
1785983409.859999895 0.408152629 -1.281906918 1.165458780 -0.064473696 0.074585461 -0.078229867 0.992048507
1785983409.869999886 0.413857371 -1.280633203 1.167481729 -0.064160089 0.074660716 -0.078360015 0.992052906
1785983409.880000114 0.419538133 -1.279266621 1.169548130 -0.063801813 0.074725162 -0.078406642 0.992067476
1785983409.890000105 0.425227394 -1.277817597 1.171627547 -0.063444051 0.074758961 -0.078431782 0.992085886
1785983409.900000095 0.430945150 -1.276276484 1.173706751 -0.063060698 0.074756659 -0.078477481 0.992106887
1785983409.910000086 0.436713070 -1.274646049 1.175771052 -0.062675052 0.074744030 -0.078492252 0.992131107
1785983409.920000076 0.442540998 -1.272918052 1.177815222 -0.062280143 0.074738112 -0.078534703 0.992153062
1785983409.930000067 0.448445001 -1.271088571 1.179844345 -0.061845061 0.074713014 -0.078605065 0.992176596
1785983409.940000057 0.454428718 -1.269169525 1.181870565 -0.061401531 0.074659715 -0.078600177 0.992208542
1785983409.950000048 0.460478547 -1.267202546 1.183909173 -0.060928439 0.074566124 -0.078631884 0.992242231
1785983409.960000038 0.466580078 -1.265257758 1.185976382 -0.060437109 0.074488201 -0.078648735 0.992276796
1785983409.970000029 0.472708518 -1.263427135 1.188087861 -0.059890405 0.074356647 -0.078751976 0.992311622
1785983409.980000019 0.478866387 -1.261759362 1.190237292 -0.059292989 0.074312551 -0.078753188 0.992350705
1785983409.990000010 0.485088886 -1.260205481 1.192385510 -0.058654281 0.074235021 -0.078809704 0.992389978
1785983410.000000000 0.491416534 -1.258683891 1.194492860 -0.057932181 0.074104160 -0.078874043 0.992437062
1785983410.009999990 0.497879859 -1.257124740 1.196528959 -0.057124628 0.074066889 -0.078978988 0.992478308
1785983410.019999981 0.504451988 -1.255527529 1.198449431 -0.056266376 0.074050914 -0.079078137 0.992520632
1785983410.029999971 0.511029716 -1.253929159 1.199905792 -0.055389778 0.074076995 -0.079194451 0.992558719
1785983410.039999962 0.517536680 -1.252335747 1.200611135 -0.054467120 0.074034318 -0.079320125 0.992602927
1785983410.049999952 0.523951701 -1.250751103 1.200494429 -0.053503852 0.073889748 -0.079424255 0.992657761
1785983410.059999943 0.530266024 -1.249201390 1.199392770 -0.052523070 0.073690201 -0.079537593 0.992715897
1785983410.069999933 0.536527993 -1.247717061 1.197421641 -0.051559305 0.073429954 -0.079672978 0.992774847
1785983410.079999924 0.542804520 -1.246326548 1.194890000 -0.050567604 0.073131955 -0.079741773 0.992842326
1785983410.089999914 0.549154606 -1.245017974 1.192089049 -0.049586601 0.072843225 -0.079767177 0.992910988
1785983410.099999905 0.555608739 -1.243725320 1.189208558 -0.048545358 0.072521687 -0.079729855 0.992988974
1785983410.109999895 0.562151010 -1.242422723 1.186279899 -0.047484307 0.072218825 -0.079611343 0.993071858
1785983410.119999886 0.568747955 -1.241101225 1.183246320 -0.046467441 0.071930598 -0.079097718 0.993181915
1785983410.130000114 0.575332491 -1.239739009 1.180048273 -0.045444082 0.071572850 -0.078101222 0.993333963
1785983410.140000105 0.581816365 -1.238362966 1.176674073 -0.044578769 0.071269099 -0.076943121 0.993485382
1785983410.150000095 0.588169361 -1.236968410 1.173235291 -0.043775427 0.070996961 -0.075498872 0.993651379
1785983410.160000086 0.594388330 -1.235531435 1.169857992 -0.043131874 0.070706383 -0.073817340 0.993826569
1785983410.170000076 0.600465277 -1.234106135 1.166593309 -0.042658459 0.070326252 -0.071798464 0.994021858
1785983410.180000067 0.606430489 -1.232787360 1.163904083 -0.042405864 0.069981635 -0.069135343 0.994245753
1785983410.190000057 0.612334765 -1.231514814 1.162386204 -0.042453410 0.069713916 -0.066538859 0.994439670
1785983410.200000048 0.618211937 -1.230181058 1.161772070 -0.042669435 0.069546672 -0.063602453 0.994634258
1785983410.210000038 0.624097954 -1.228866790 1.162081429 -0.043121179 0.069462053 -0.060248425 0.994829490
1785983410.220000029 0.630074277 -1.227597821 1.163162224 -0.043744594 0.069412891 -0.056682639 0.995015246
1785983410.230000019 0.636192553 -1.226361213 1.164350704 -0.044568591 0.069429548 -0.052844346 0.995188753
1785983410.240000010 0.642438647 -1.225185250 1.165573782 -0.045447427 0.069422796 -0.048855770 0.995353264
1785983410.250000000 0.648781759 -1.224044581 1.166798548 -0.046416117 0.069423998 -0.044733026 0.995502290
1785983410.259999990 0.655187545 -1.222887306 1.168031303 -0.047503706 0.069398062 -0.040146599 0.995648310
1785983410.269999981 0.661616793 -1.221651361 1.169320675 -0.048597458 0.069267863 -0.034994588 0.995798990
1785983410.279999971 0.668063562 -1.220263393 1.170689584 -0.049644223 0.069018278 -0.029690385 0.995936951
1785983410.289999962 0.674563434 -1.218699708 1.172117861 -0.050621618 0.068675809 -0.024066573 0.996063193
1785983410.299999952 0.681152060 -1.217041646 1.173597305 -0.051559537 0.068200729 -0.018105070 0.996173921
1785983410.309999943 0.687875022 -1.215352651 1.175121115 -0.052392314 0.067642400 -0.011779777 0.996263413
1785983410.319999933 0.694780189 -1.213632085 1.176635940 -0.053112937 0.066986169 -0.005162482 0.996325859
1785983410.329999924 0.701885279 -1.211877225 1.178070628 -0.053757829 0.066185751 0.001760486 0.996356584
1785983410.339999914 0.709176409 -1.210102741 1.179408362 -0.054310402 0.065404172 0.009063614 0.996338560
1785983410.349999905 0.716611097 -1.208339969 1.180700792 -0.054858426 0.064605689 0.016716982 0.996261613
1785983410.359999895 0.724151669 -1.206613619 1.181993903 -0.055201357 0.063669799 0.025036977 0.996128564
1785983410.369999886 0.731794075 -1.204992313 1.183283476 -0.055472470 0.062842136 0.033064795 0.995931921
1785983410.380000114 0.739537323 -1.203436475 1.184559621 -0.055646772 0.062089695 0.041557331 0.995651191
1785983410.390000105 0.747323040 -1.201814001 1.185855032 -0.055695298 0.061358145 0.050121820 0.995299460
1785983410.400000095 0.755104638 -1.200110174 1.187185524 -0.055661999 0.060773404 0.059094874 0.994844777
1785983410.410000086 0.762890354 -1.198344280 1.188486096 -0.055670379 0.060071209 0.068553459 0.994279982
1785983410.420000076 0.770662453 -1.196496262 1.189696014 -0.055664654 0.059599539 0.078093649 0.993604913
1785983410.430000067 0.778359548 -1.194516389 1.190853900 -0.055522382 0.059126376 0.087686628 0.992840567
1785983410.440000057 0.785963543 -1.192386476 1.192009606 -0.055216995 0.058706289 0.097465585 0.991970320
1785983410.450000048 0.793528259 -1.190144872 1.193156564 -0.054803520 0.058371394 0.107231381 0.991004937
1785983410.460000038 0.801038700 -1.187834686 1.194287673 -0.054403646 0.058160410 0.117193987 0.989910693
1785983410.470000029 0.808417977 -1.185461697 1.195401342 -0.053951014 0.057972543 0.127089553 0.988724794
1785983410.480000019 0.815560178 -1.183022041 1.196309311 -0.053521272 0.058000675 0.137189286 0.987395815
1785983410.490000010 0.822338331 -1.180556792 1.196405249 -0.053136857 0.058125188 0.147740012 0.985885808
1785983410.500000000 0.828647550 -1.178091646 1.195485424 -0.052647394 0.058276591 0.158349287 0.984254842
1785983410.509999990 0.834439133 -1.175671543 1.193315770 -0.052005256 0.058569921 0.169041162 0.982491783
1785983410.519999981 0.839774143 -1.173395073 1.189440051 -0.051259387 0.058834146 0.180004667 0.980565826
1785983410.529999971 0.844737362 -1.171316414 1.183744533 -0.050507485 0.059246311 0.191065213 0.978485030
1785983410.539999962 0.849403823 -1.169460387 1.176208033 -0.049871515 0.059575925 0.202332227 0.976230102
1785983410.549999952 0.853860341 -1.167816710 1.167209962 -0.049280692 0.060178660 0.213754553 0.973785876
1785983410.559999943 0.858120467 -1.166308122 1.157596620 -0.048715033 0.060913716 0.225614819 0.971089243
1785983410.569999933 0.862222422 -1.164868852 1.147756463 -0.048043950 0.061710211 0.237379268 0.968263761
1785983410.579999924 0.866271457 -1.163483892 1.137293047 -0.047266515 0.062473540 0.249351121 0.965239324
1785983410.589999914 0.870346513 -1.162241743 1.126359311 -0.046492671 0.063388699 0.261242811 0.962066785
1785983410.599999905 0.874494156 -1.161117953 1.115348954 -0.045744474 0.064181300 0.273047761 0.958766460
1785983410.609999895 0.878644249 -1.160021844 1.104339983 -0.045164684 0.065011324 0.284892445 0.955285284
1785983410.619999886 0.882664745 -1.158946282 1.093809305 -0.044370228 0.065912142 0.296760677 0.951640674
1785983410.630000114 0.886566121 -1.157818889 1.084154152 -0.043436451 0.066892453 0.308278752 0.947946668
1785983410.640000105 0.890409776 -1.156633035 1.075511124 -0.042201225 0.067839201 0.319393021 0.944248377
1785983410.650000095 0.894215837 -1.155384835 1.068185206 -0.040713185 0.068673348 0.330214160 0.940523799
1785983410.660000086 0.898037287 -1.154021412 1.062410061 -0.039208743 0.069783902 0.340838926 0.936707910
1785983410.670000076 0.901940807 -1.152568834 1.058156404 -0.037498506 0.070788039 0.351147595 0.932887068
1785983410.680000067 0.905952625 -1.151151533 1.055324181 -0.035639728 0.071761564 0.361261562 0.929015701
1785983410.690000057 0.910117542 -1.149845678 1.053570456 -0.033673493 0.072896348 0.371136958 0.925099766
1785983410.700000048 0.914444052 -1.148637349 1.052730073 -0.031660375 0.074120798 0.380745295 0.921160544
1785983410.710000038 0.918913507 -1.147496217 1.052999831 -0.029623647 0.075483041 0.390265292 0.917124720
1785983410.720000029 0.923532105 -1.146419164 1.054061410 -0.027559025 0.076928012 0.399286954 0.913177151
1785983410.730000019 0.928256597 -1.145406602 1.055455111 -0.025559360 0.078427036 0.408165213 0.909173844
1785983410.740000010 0.933103479 -1.144440792 1.056974718 -0.023642622 0.079936263 0.416796835 0.905169387
1785983410.750000000 0.938173588 -1.143561281 1.058534804 -0.021710037 0.081328060 0.425392587 0.901085772
1785983410.759999990 0.943521439 -1.142750267 1.060376399 -0.019970869 0.082906917 0.433548913 0.897085808
1785983410.769999981 0.949133350 -1.141949840 1.062945035 -0.018366250 0.084449402 0.441492695 0.893093041
1785983410.779999971 0.955014796 -1.141138436 1.066298522 -0.016872953 0.086029686 0.449228141 0.889105322
1785983410.789999962 0.961095750 -1.140334929 1.070010260 -0.015742555 0.087693656 0.456590743 0.885204433
1785983410.799999952 0.967268583 -1.139573669 1.073783090 -0.014734816 0.089357929 0.463733000 0.881334074
1785983410.809999943 0.973525280 -1.138859975 1.077578948 -0.013895715 0.090921782 0.470677390 0.877498110
1785983410.819999933 0.979849975 -1.138202004 1.081384772 -0.013212694 0.092367582 0.477402468 0.873716509
1785983410.829999924 0.986168742 -1.137638641 1.085215182 -0.012712094 0.093714066 0.483821671 0.870041762
1785983410.839999914 0.992437355 -1.137227637 1.089080430 -0.012398187 0.095088145 0.490070401 0.866392250
1785983410.849999905 0.998640187 -1.136968254 1.092981479 -0.012285906 0.096297267 0.496056905 0.862846128
1785983410.859999895 1.004776582 -1.136829836 1.096923797 -0.012412437 0.097434050 0.501918476 0.859319720
1785983410.869999886 1.010857656 -1.136754875 1.100888649 -0.012748812 0.098397915 0.507616153 0.855851132
1785983410.880000114 1.016831695 -1.136707445 1.104830201 -0.013238434 0.099249852 0.513195305 0.852411162
1785983410.890000105 1.022565041 -1.136750656 1.108673339 -0.013816024 0.099977993 0.518640631 0.849014378
1785983410.900000095 1.028031119 -1.136930792 1.112042570 -0.014491396 0.100671378 0.523928526 0.845667886
1785983410.910000086 1.033322887 -1.137178776 1.114977564 -0.015301130 0.101282086 0.529060956 0.842378964
1785983410.920000076 1.038503313 -1.137417992 1.117494440 -0.016159588 0.101797454 0.534020731 0.839165064
1785983410.930000067 1.043609734 -1.137652064 1.119141168 -0.017094711 0.102240395 0.538843515 0.836003791
1785983410.940000057 1.048648265 -1.137903349 1.119772175 -0.018100124 0.102656581 0.543507563 0.832906682
1785983410.950000048 1.053640173 -1.138130071 1.119759914 -0.019158904 0.103031463 0.548024650 0.829871337
1785983410.960000038 1.058627060 -1.138265384 1.119608691 -0.020246534 0.103349829 0.552368254 0.826920917
1785983410.970000029 1.063605653 -1.138227285 1.119444758 -0.021292153 0.103586293 0.556573481 0.824040341
1785983410.980000019 1.068569810 -1.137923781 1.119287538 -0.022317079 0.103662730 0.560688228 0.821209290
1785983410.990000010 1.073584972 -1.137323023 1.119100969 -0.023351672 0.103741675 0.564637219 0.818460247
1785983411.000000000 1.078722774 -1.136475285 1.118865133 -0.024417341 0.103738086 0.568478027 0.815766472
1785983411.009999990 1.083995751 -1.135460128 1.118599175 -0.025419462 0.103692428 0.572231236 0.813113242
1785983411.019999981 1.089396254 -1.134308810 1.118324202 -0.026413560 0.103656410 0.575874389 0.810509938
1785983411.029999971 1.094922690 -1.133001201 1.118044010 -0.027371521 0.103664140 0.579464223 0.807914451
1785983411.039999962 1.100538709 -1.131530919 1.117732052 -0.028249247 0.103637765 0.582924080 0.805394755
1785983411.049999952 1.106143724 -1.129966297 1.117188715 -0.028998918 0.103559695 0.586323370 0.802906818
1785983411.059999943 1.111648152 -1.128394580 1.115996338 -0.029764498 0.103543051 0.589550191 0.800514512
1785983411.069999933 1.117017190 -1.126881111 1.113900194 -0.030510892 0.103551799 0.592733080 0.798131321
1785983411.079999924 1.122277667 -1.125413897 1.111071687 -0.031214841 0.103553084 0.595834741 0.795791024
1785983411.089999914 1.127516027 -1.123863195 1.107947323 -0.031840217 0.103536077 0.598894690 0.793468104
1785983411.099999905 1.132765557 -1.122168441 1.104799433 -0.032406785 0.103437479 0.602162145 0.790981188
1785983411.109999895 1.138021583 -1.120370125 1.101621128 -0.033034396 0.103412741 0.605059819 0.788744033
1785983411.119999886 1.143261212 -1.118551092 1.097971553 -0.033594817 0.103334904 0.607888058 0.786552856
1785983411.130000114 1.148459040 -1.116773289 1.093411832 -0.034183728 0.103322717 0.610544053 0.784469151
1785983411.140000105 1.153635674 -1.115029502 1.087917842 -0.034709141 0.103269037 0.613137075 0.782428085
1785983411.150000095 1.158794732 -1.113329206 1.081531328 -0.035168672 0.103210335 0.615677955 0.780417483
1785983411.160000086 1.163982119 -1.111627335 1.074707079 -0.035570110 0.103212588 0.618054807 0.778517941
1785983411.170000076 1.169274864 -1.109863010 1.067794303 -0.035883691 0.103082731 0.620596122 0.776496468
1785983411.180000067 1.174616840 -1.108066935 1.060793748 -0.036311775 0.102905937 0.622846114 0.774696419
1785983411.190000057 1.179909001 -1.106348106 1.053798916 -0.036690789 0.102669509 0.624977693 0.772991359
1785983411.200000048 1.185113651 -1.104787297 1.046389320 -0.036804570 0.102620835 0.627400497 0.771027239
1785983411.210000038 1.190266436 -1.103375918 1.038457665 -0.037256741 0.102502124 0.629461379 0.769339732
1785983411.220000029 1.195403448 -1.102070905 1.030401987 -0.037609589 0.102426245 0.631556515 0.767613674
1785983411.230000019 1.200441302 -1.100800044 1.022299769 -0.037753975 0.102219226 0.633516374 0.766017539
1785983411.240000010 1.205302619 -1.099479191 1.014187881 -0.037980475 0.102148779 0.635526056 0.764349228
1785983411.250000000 1.209981609 -1.098156286 1.005888870 -0.038150533 0.102070599 0.637419739 0.762772709
1785983411.259999990 1.214514295 -1.096900157 0.997562652 -0.038206591 0.101905628 0.639195250 0.761304756
1785983411.269999981 1.218893407 -1.095712816 0.989541329 -0.038402521 0.101762184 0.640799189 0.759964541
1785983411.279999971 1.223126719 -1.094652850 0.981521296 -0.038616103 0.101633261 0.642751227 0.758320735
1785983411.289999962 1.227216611 -1.093701644 0.973510241 -0.038760657 0.101588459 0.644187152 0.757099933
1785983411.299999952 1.231098202 -1.092836927 0.965704376 -0.038926687 0.101801880 0.645623033 0.755838601
1785983411.309999943 1.234855057 -1.092105381 0.957996246 -0.039101799 0.101671590 0.647107145 0.754576888
1785983411.319999933 1.238566951 -1.091532845 0.950346509 -0.039193025 0.101728723 0.648639243 0.753247838
1785983411.329999924 1.242209740 -1.091136691 0.942727535 -0.039461257 0.101861696 0.650052683 0.751996352
1785983411.339999914 1.245822266 -1.090896917 0.935120360 -0.039621389 0.102069185 0.651441057 0.750757335
1785983411.349999905 1.249421085 -1.090773547 0.927549733 -0.039733032 0.102025360 0.652769894 0.749602279
1785983411.359999895 1.253032011 -1.090751117 0.920025802 -0.039825179 0.102159945 0.654168499 0.748358788
1785983411.369999886 1.256668931 -1.090789147 0.912551574 -0.040021999 0.102160594 0.655571211 0.747119696
1785983411.380000114 1.260299673 -1.090889908 0.905159906 -0.040218245 0.102301456 0.656887956 0.745932381
1785983411.390000105 1.263942672 -1.091049096 0.897938913 -0.040481722 0.102345492 0.658174888 0.744776777
1785983411.400000095 1.267597096 -1.091239982 0.890982477 -0.040680982 0.102421207 0.659376019 0.743692288
1785983411.410000086 1.271233914 -1.091489321 0.884464257 -0.040872940 0.102572370 0.660439101 0.742716975
1785983411.420000076 1.274811544 -1.091778745 0.878483565 -0.041118697 0.102751574 0.661442760 0.741784903
1785983411.430000067 1.278316338 -1.092084006 0.872795914 -0.041434509 0.102871626 0.662607335 0.740710557
1785983411.440000057 1.281764671 -1.092389345 0.867755288 -0.041599197 0.103046958 0.663490650 0.739885794
1785983411.450000048 1.285211228 -1.092633820 0.863895642 -0.041757715 0.103151743 0.664488552 0.738966153
1785983411.460000038 1.288680113 -1.092814749 0.861038839 -0.041918518 0.103345558 0.665326700 0.738175397
1785983411.470000029 1.292137783 -1.092948525 0.858819198 -0.042180013 0.103581770 0.666145228 0.737388770
1785983411.480000019 1.295610968 -1.093031151 0.856957136 -0.042421180 0.103802455 0.666933267 0.736631190
1785983411.490000010 1.299131103 -1.093096626 0.855462635 -0.042594344 0.103959862 0.667788255 0.735823970
1785983411.500000000 1.302678724 -1.093139765 0.854601540 -0.042923150 0.104060767 0.668577311 0.735073697
1785983411.509999990 1.306231990 -1.093116318 0.854595494 -0.043167019 0.104233768 0.669326880 0.734352407
1785983411.519999981 1.309755459 -1.092984380 0.855563510 -0.043434728 0.104297081 0.670080291 0.733640202
1785983411.529999971 1.313198755 -1.092758825 0.857063743 -0.043671037 0.104434259 0.670816079 0.732933908
1785983411.539999962 1.316541465 -1.092446873 0.858647351 -0.043955588 0.104558971 0.671523693 0.732250816
1785983411.549999952 1.319738231 -1.092002678 0.860581366 -0.044239367 0.104664545 0.672189201 0.731607743
1785983411.559999943 1.322776616 -1.091419521 0.863077398 -0.044500396 0.104753582 0.672810296 0.731008007
1785983411.569999933 1.325645690 -1.090701352 0.865877268 -0.044654753 0.104852317 0.673482666 0.730365007
1785983411.579999924 1.328367521 -1.089814576 0.868718876 -0.044969981 0.104927888 0.674045742 0.729815167
1785983411.589999914 1.331080351 -1.088721581 0.871560204 -0.045223387 0.105000217 0.674763487 0.729125528
1785983411.599999905 1.333828475 -1.087437659 0.874384939 -0.045479379 0.104956851 0.675344860 0.728577385
1785983411.609999895 1.336534716 -1.086034422 0.877199199 -0.045653254 0.105014393 0.675862936 0.728077639
1785983411.619999886 1.339144377 -1.084557787 0.880003917 -0.045804411 0.105058533 0.676352720 0.727606802
1785983411.630000114 1.341606361 -1.083035143 0.882825565 -0.045973180 0.105041503 0.676759260 0.727220498
1785983411.640000105 1.343918994 -1.081489611 0.885653400 -0.046152605 0.105011981 0.677229766 0.726775250
1785983411.650000095 1.346147313 -1.079931906 0.888476338 -0.046335768 0.104802670 0.677826533 0.726237281
1785983411.660000086 1.348338756 -1.078365426 0.891296870 -0.046477283 0.104724116 0.678253176 0.725841133
1785983411.670000076 1.350517824 -1.076782633 0.894154014 -0.046554430 0.104579410 0.678669617 0.725467699
1785983411.680000067 1.352648659 -1.075165839 0.897087641 -0.046778019 0.104425794 0.679002101 0.725164269
1785983411.690000057 1.354783095 -1.073473957 0.900043614 -0.046922550 0.104217939 0.679455974 0.724759598
1785983411.700000048 1.356974231 -1.071750928 0.902994334 -0.046984139 0.104092007 0.679893653 0.724363145
1785983411.710000038 1.359144055 -1.070096517 0.905973917 -0.047111443 0.103916748 0.680243569 0.724051454
1785983411.720000029 1.361266425 -1.068525594 0.908998015 -0.047358868 0.103819552 0.680599786 0.723714425
1785983411.730000019 1.363402598 -1.066968476 0.912051692 -0.047540088 0.103667576 0.681045201 0.723305197
1785983411.740000010 1.365606549 -1.065368865 0.915174801 -0.047734210 0.103497586 0.681421653 0.722962119
1785983411.750000000 1.367892204 -1.063761188 0.918373928 -0.047974895 0.103348355 0.681820582 0.722591323
1785983411.759999990 1.370231470 -1.062203621 0.921601841 -0.048194343 0.103126882 0.682172252 0.722276381
1785983411.769999981 1.372571727 -1.060694083 0.924792281 -0.048352311 0.102938427 0.682598787 0.721889625
1785983411.779999971 1.374903553 -1.059208152 0.927527452 -0.048527614 0.102760445 0.682956037 0.721565252
1785983411.789999962 1.377248300 -1.057730910 0.929424230 -0.048664706 0.102505080 0.683335571 0.721232939
1785983411.799999952 1.379620409 -1.056232097 0.930461142 -0.048797927 0.102321491 0.683758377 0.720849191
1785983411.809999943 1.382026885 -1.054647110 0.930860739 -0.048922092 0.102174487 0.684111860 0.720526173
1785983411.819999933 1.384464165 -1.052918507 0.930912015 -0.049041596 0.101971077 0.684412135 0.720261654
1785983411.829999924 1.386903335 -1.051039191 0.930814088 -0.049130203 0.101684002 0.684743772 0.719980940
1785983411.839999914 1.389347077 -1.049019152 0.930683977 -0.049265928 0.101456328 0.685016220 0.719744580
1785983411.849999905 1.391818955 -1.046856026 0.930517761 -0.049416877 0.101239079 0.685265463 0.719527530
1785983411.859999895 1.394282431 -1.044523671 0.930330020 -0.049586168 0.101070763 0.685458928 0.719355247
1785983411.869999886 1.396714165 -1.042001049 0.930135447 -0.049714707 0.100808716 0.685645225 0.719205586
1785983411.880000114 1.399056689 -1.039370182 0.929706675 -0.049837164 0.100616053 0.685813103 0.719064013
1785983411.890000105 1.401208125 -1.036788289 0.928705315 -0.049934448 0.100485601 0.685972090 0.718923840
1785983411.900000095 1.403208086 -1.034276675 0.927166650 -0.050009634 0.100351983 0.686124848 0.718791492
1785983411.910000086 1.405148346 -1.031725539 0.924920926 -0.050094940 0.100235212 0.686239289 0.718692589
1785983411.920000076 1.407064529 -1.029100061 0.921722523 -0.050203073 0.100105042 0.686312967 0.718632829
1785983411.930000067 1.408948868 -1.026468037 0.917693242 -0.050330891 0.099935611 0.686389749 0.718574135
1785983411.940000057 1.410799179 -1.023886169 0.913247717 -0.050523214 0.099849150 0.686407541 0.718555662
1785983411.950000048 1.412606270 -1.021373508 0.908416760 -0.050730074 0.099741658 0.686393484 0.718569444
1785983411.960000038 1.414347586 -1.018918328 0.903094801 -0.050931451 0.099611605 0.686350371 0.718614419
1785983411.970000029 1.416027089 -1.016535201 0.897580978 -0.051071998 0.099438148 0.686345138 0.718633465
1785983411.980000019 1.417714828 -1.014250657 0.892013142 -0.051186292 0.099371833 0.686276318 0.718700228
1785983411.990000010 1.419512710 -1.012067383 0.886447801 -0.051380421 0.099353213 0.686252772 0.718711433
1785983412.000000000 1.421435431 -1.010019275 0.880881128 -0.051449558 0.099288175 0.686388647 0.718585712
1785983412.009999990 1.423453357 -1.008139561 0.875290372 -0.051656137 0.099355952 0.686570671 0.718387606
1785983412.019999981 1.425503362 -1.006454444 0.869701692 -0.051904289 0.099335263 0.686881691 0.718075200
1785983412.029999971 1.427518428 -1.004970945 0.864174846 -0.052071189 0.099283150 0.686918190 0.718035408
1785983412.039999962 1.429520149 -1.003696122 0.858745045 -0.052175271 0.099203472 0.687056397 0.717906623
1785983412.049999952 1.431571162 -1.002683660 0.853411038 -0.052106727 0.099227712 0.686950157 0.718009911
1785983412.059999943 1.433678774 -1.001887719 0.848118750 -0.052036126 0.099173423 0.687036286 0.717940119
1785983412.069999933 1.435778982 -1.001106130 0.842834473 -0.052001374 0.099322627 0.687023625 0.717934128
1785983412.079999924 1.437780674 -1.000197906 0.837548836 -0.051949059 0.099447537 0.687074677 0.717871765
1785983412.089999914 1.439613528 -0.999175506 0.832275318 -0.051831063 0.099577695 0.687214289 0.717728601
1785983412.099999905 1.441321152 -0.998046641 0.827023701 -0.051656625 0.099750792 0.687410862 0.717528870
1785983412.109999895 1.443003118 -0.996761113 0.821753128 -0.051616685 0.099915870 0.687585567 0.717341358
1785983412.119999886 1.444682857 -0.995248143 0.816679941 -0.051551719 0.100158862 0.687948492 0.716964082
1785983412.130000114 1.446272424 -0.993510907 0.811864305 -0.051486592 0.100308193 0.688145326 0.716758961
1785983412.140000105 1.447688505 -0.991571541 0.807264259 -0.051298340 0.100472949 0.688360284 0.716542941
1785983412.150000095 1.448925560 -0.989462880 0.803162946 -0.051244685 0.100800370 0.688728844 0.716146526
1785983412.160000086 1.450003975 -0.987184992 0.799589208 -0.051261892 0.101057291 0.688890285 0.715953781
1785983412.170000076 1.450975809 -0.984732024 0.796306857 -0.051182318 0.101422022 0.689092786 0.715712985
1785983412.180000067 1.451869967 -0.982147197 0.793232316 -0.051271824 0.101565106 0.689433339 0.715358232
1785983412.190000057 1.452628437 -0.979418768 0.790697560 -0.051300409 0.101680540 0.689538094 0.715238808
1785983412.200000048 1.453141105 -0.976556355 0.789015930 -0.051345158 0.102193900 0.689609336 0.715093732
1785983412.210000038 1.453438148 -0.973608110 0.788125449 -0.051176989 0.102600195 0.690055111 0.714617422
1785983412.220000029 1.453586503 -0.970580280 0.787973750 -0.050982314 0.102895540 0.690218711 0.714430852
1785983412.230000019 1.453608401 -0.967498121 0.788609844 -0.050740510 0.103040183 0.690211599 0.714434091
1785983412.240000010 1.453542912 -0.964388646 0.790109354 -0.050517276 0.103356659 0.690120473 0.714492224
1785983412.250000000 1.453454976 -0.961189159 0.792425642 -0.050407551 0.103494340 0.690289708 0.714316540
1785983412.259999990 1.453376586 -0.957851178 0.795142015 -0.050328467 0.103852117 0.690527257 0.714040539
1785983412.269999981 1.453237011 -0.954415921 0.798039670 -0.050157848 0.104178605 0.690703743 0.713834258
1785983412.279999971 1.453022077 -0.950920756 0.801080605 -0.049897576 0.104471123 0.690759790 0.713755511
1785983412.289999962 1.452772781 -0.947305169 0.804113902 -0.049592132 0.104730779 0.690858478 0.713643222
1785983412.299999952 1.452533137 -0.943529172 0.807114560 -0.049253715 0.105085160 0.690939477 0.713536137
1785983412.309999943 1.452350063 -0.939595159 0.810076814 -0.048871550 0.105438824 0.691041509 0.713411423
1785983412.319999933 1.452237580 -0.935502327 0.812992784 -0.048548998 0.105720929 0.691119488 0.713316152
1785983412.329999924 1.452183027 -0.931251503 0.815875757 -0.048206533 0.105947549 0.691287986 0.713142459
1785983412.339999914 1.452188649 -0.926842698 0.818722875 -0.047889754 0.106210968 0.691418341 0.712998232
1785983412.349999905 1.452267811 -0.922309316 0.821214290 -0.047482101 0.106472300 0.691587001 0.712822922
1785983412.359999895 1.452348158 -0.917699500 0.823029793 -0.047049928 0.106735160 0.691853998 0.712553125
1785983412.369999886 1.452304388 -0.913075029 0.824061593 -0.046568940 0.107008484 0.692199781 0.712207822
1785983412.380000114 1.452109605 -0.908527444 0.824177308 -0.046193557 0.107280907 0.692611109 0.711791272
1785983412.390000105 1.451802289 -0.904112694 0.823339590 -0.045789671 0.107534442 0.692815875 0.711579801
1785983412.400000095 1.451395959 -0.899812552 0.821545604 -0.045294210 0.107720287 0.693142267 0.711265472
1785983412.410000086 1.450887136 -0.895559757 0.818777601 -0.044899264 0.107921033 0.693346864 0.711060639
1785983412.420000076 1.450286973 -0.891314492 0.815191297 -0.044548256 0.108087141 0.693606367 0.710804355
1785983412.430000067 1.449591499 -0.887082072 0.810904603 -0.044146263 0.108234187 0.693820999 0.710597559
1785983412.440000057 1.448786366 -0.882884721 0.805862672 -0.043726205 0.108251193 0.694002445 0.710443738
1785983412.450000048 1.447933223 -0.878746938 0.800164525 -0.043287045 0.108341798 0.694268616 0.710196716
1785983412.460000038 1.447127448 -0.874663766 0.794166187 -0.042966364 0.108447423 0.694392859 0.710078591
1785983412.470000029 1.446395013 -0.870559057 0.788111812 -0.042623351 0.108489409 0.694529720 0.709958989
1785983412.480000019 1.445710001 -0.866398899 0.782054040 -0.042354928 0.108489991 0.694686634 0.709821430
1785983412.490000010 1.445044986 -0.862276993 0.776148707 -0.042013771 0.108504384 0.694772651 0.709755314
1785983412.500000000 1.444387528 -0.858201645 0.770815306 -0.041859398 0.108563754 0.694876249 0.709653930
1785983412.509999990 1.443689286 -0.854093908 0.766019813 -0.041539548 0.108613008 0.695114093 0.709432222
1785983412.519999981 1.442930890 -0.849902335 0.761347374 -0.041192884 0.108644036 0.695288423 0.709276835
1785983412.529999971 1.442138299 -0.845592820 0.756876658 -0.040866031 0.108714680 0.695420337 0.709155583
1785983412.539999962 1.441304356 -0.841185292 0.753041157 -0.040615422 0.108872435 0.695567310 0.709001621
1785983412.549999952 1.440437600 -0.836723022 0.750186538 -0.040375695 0.108893255 0.695586873 0.708992923
1785983412.559999943 1.439520432 -0.832198752 0.748259454 -0.040053765 0.109007133 0.695726571 0.708856600
1785983412.569999933 1.438519648 -0.827561559 0.747133274 -0.039851667 0.109243018 0.695767032 0.708791961
1785983412.579999924 1.437501068 -0.822747705 0.747070218 -0.039682410 0.109568826 0.695818012 0.708701117
1785983412.589999914 1.436492175 -0.817759510 0.748232561 -0.039435722 0.109739262 0.695878833 0.708628794
1785983412.599999905 1.435505863 -0.812621667 0.750361382 -0.039115562 0.109895474 0.695992148 0.708511035
1785983412.609999895 1.434568616 -0.807374011 0.752937898 -0.038786747 0.110188094 0.696160645 0.708318098
1785983412.619999886 1.433627406 -0.802115506 0.755581132 -0.038579485 0.110461435 0.696209543 0.708238778
1785983412.630000114 1.432653008 -0.797017761 0.758323610 -0.038291264 0.110688512 0.696269165 0.708160351
1785983412.640000105 1.431633953 -0.792159156 0.761188761 -0.037995855 0.110912708 0.696359578 0.708052275
1785983412.650000095 1.430553939 -0.787454671 0.764152139 -0.037670105 0.111189390 0.696295997 0.708088813
1785983412.660000086 1.429417221 -0.782851357 0.767159922 -0.037448005 0.111412768 0.696340132 0.708022078
1785983412.670000076 1.428247074 -0.778317977 0.770161727 -0.037195809 0.111427981 0.696308786 0.708063805
1785983412.680000067 1.427048622 -0.773843927 0.773151290 -0.036917184 0.111435253 0.696259146 0.708126053
1785983412.690000057 1.425817967 -0.769433458 0.775861136 -0.036683160 0.111404482 0.696302847 0.708100087
1785983412.700000048 1.424579338 -0.765030678 0.778196292 -0.036409343 0.111322138 0.696414891 0.708016978
1785983412.710000038 1.423363617 -0.760581138 0.780401812 -0.035999622 0.111254847 0.696549094 0.707916483
1785983412.720000029 1.422163566 -0.756077361 0.782206242 -0.035703182 0.111137017 0.696639832 0.707860715
1785983412.730000019 1.420955587 -0.751525085 0.783199952 -0.035468656 0.111051901 0.696712819 0.707814028
1785983412.740000010 1.419738343 -0.746943528 0.783374023 -0.035207861 0.111009127 0.696787124 0.707760612
1785983412.750000000 1.418528242 -0.742347018 0.783022527 -0.034870063 0.110981538 0.696821901 0.707747423
1785983412.759999990 1.417323459 -0.737696140 0.782306081 -0.034543111 0.110995472 0.696822982 0.707760207
1785983412.769999981 1.416080801 -0.732874447 0.781310112 -0.034190594 0.111077633 0.696782442 0.707804345
1785983412.779999971 1.414757579 -0.727875356 0.780241521 -0.033834116 0.111174820 0.696818565 0.707770655
1785983412.789999962 1.413338622 -0.722779061 0.779162210 -0.033500857 0.111349207 0.696807795 0.707769697
1785983412.799999952 1.411816621 -0.717616601 0.778068285 -0.033147564 0.111489779 0.696790341 0.707781385
1785983412.809999943 1.410192539 -0.712389781 0.776957383 -0.032930172 0.111672374 0.696580042 0.707969724
1785983412.819999933 1.408434742 -0.707097838 0.775860382 -0.032702832 0.111907614 0.696405314 0.708114998
1785983412.829999924 1.406531007 -0.701806148 0.774581803 -0.032390337 0.112262333 0.696298985 0.708177773
1785983412.839999914 1.404523079 -0.696556237 0.772834567 -0.032097011 0.112623769 0.696203401 0.708227713
1785983412.849999905 1.402492179 -0.691340558 0.770535959 -0.031821717 0.112999725 0.696075510 0.708305954
1785983412.859999895 1.400521771 -0.686193711 0.767937126 -0.031455847 0.113354303 0.696011077 0.708328958
1785983412.869999886 1.398614652 -0.681101608 0.765290902 -0.031221140 0.113802229 0.695907513 0.708369272
1785983412.880000114 1.396749011 -0.676022915 0.762601065 -0.031074467 0.114207504 0.695892035 0.708325702
1785983412.890000105 1.394915232 -0.670952297 0.759899860 -0.031018898 0.114588418 0.695857550 0.708300496
1785983412.900000095 1.393114174 -0.665909985 0.757230287 -0.031061269 0.115055510 0.695836046 0.708244043
1785983412.910000086 1.391359537 -0.660896676 0.754599889 -0.031172570 0.115458312 0.695709160 0.708298252
1785983412.920000076 1.389641900 -0.655883851 0.751993163 -0.031156645 0.115817109 0.695616125 0.708331750
1785983412.930000067 1.387918035 -0.650850074 0.749408792 -0.031051032 0.116113125 0.695552112 0.708350785
1785983412.940000057 1.386169910 -0.645751783 0.746858236 -0.030913407 0.116396642 0.695430623 0.708429553
1785983412.950000048 1.384410449 -0.640619695 0.744380585 -0.030812529 0.116674324 0.695366484 0.708451228
1785983412.960000038 1.382564086 -0.635507716 0.742059976 -0.030630713 0.116799547 0.695203760 0.708598163
1785983412.970000029 1.380497512 -0.630394768 0.740037727 -0.030515204 0.116926872 0.695192066 0.708593622
1785983412.980000019 1.378221731 -0.625274728 0.738309682 -0.030455174 0.116974598 0.695033473 0.708743887
1785983412.990000010 1.375892343 -0.620141907 0.736717443 -0.030374240 0.117065029 0.694853733 0.708908650
1785983413.000000000 1.373571758 -0.615079977 0.735198612 -0.030269610 0.117178260 0.694777458 0.708969174
1785983413.009999990 1.371187335 -0.610145807 0.733758935 -0.030066386 0.117308982 0.694762148 0.708971208
1785983413.019999981 1.368762842 -0.605283172 0.732382711 -0.029882374 0.117347168 0.694743775 0.708990672
1785983413.029999971 1.366390726 -0.600491246 0.731064048 -0.029685387 0.117309066 0.694761156 0.708988220
1785983413.039999962 1.364091311 -0.595771336 0.729807460 -0.029489097 0.117257041 0.694822501 0.708944900
1785983413.049999952 1.361849525 -0.591098473 0.728604988 -0.029302816 0.117237875 0.694952578 0.708828287
1785983413.059999943 1.359639504 -0.586420664 0.727438626 -0.029105955 0.117213173 0.695077757 0.708717734
1785983413.069999933 1.357452477 -0.581691917 0.726291245 -0.028878212 0.117189721 0.695211917 0.708599329
1785983413.079999924 1.355292913 -0.576899594 0.725150075 -0.028655822 0.117206780 0.695340571 0.708479290
1785983413.089999914 1.353154281 -0.572075639 0.724006669 -0.028462821 0.117202740 0.695483442 0.708347490
1785983413.099999905 1.351035661 -0.567229983 0.722851578 -0.028303424 0.117209909 0.695660338 0.708178966
1785983413.109999895 1.348953317 -0.562314413 0.721691848 -0.028138770 0.117099505 0.695837376 0.708029845
1785983413.119999886 1.346927938 -0.557285235 0.720543071 -0.027962382 0.116988015 0.695982849 0.707912271
1785983413.130000114 1.344962118 -0.552105336 0.719399799 -0.027731855 0.116884970 0.696129036 0.707794612
1785983413.140000105 1.343016762 -0.546812799 0.718316122 -0.027501385 0.116733890 0.696262151 0.707697598
1785983413.150000095 1.340946602 -0.541462541 0.717398563 -0.027300717 0.116552138 0.696336508 0.707662163
1785983413.160000086 1.338688274 -0.536063345 0.716715145 -0.027060843 0.116383681 0.696418131 0.707618779
1785983413.170000076 1.336366112 -0.530656407 0.716269586 -0.026854662 0.116233756 0.696504074 0.707566687
1785983413.180000067 1.334082682 -0.525272736 0.716285487 -0.026603663 0.116034704 0.696506337 0.707606610
1785983413.190000057 1.331863856 -0.519912988 0.716949893 -0.026288786 0.115853422 0.696531964 0.707622856
1785983413.200000048 1.329721308 -0.514620194 0.718116645 -0.025933384 0.115752411 0.696522484 0.707661832
1785983413.210000038 1.327647430 -0.509482929 0.719529311 -0.025585060 0.115643645 0.696558632 0.707656713
1785983413.220000029 1.325596250 -0.504495947 0.721007062 -0.025350062 0.115573232 0.696540186 0.707694829
1785983413.230000019 1.323544799 -0.499563378 0.722514566 -0.025131019 0.115557668 0.696474700 0.707769630
1785983413.240000010 1.321422964 -0.494601228 0.724038811 -0.024983762 0.115558798 0.696436398 0.707812347
1785983413.250000000 1.319130133 -0.489598535 0.725583430 -0.024807675 0.115571411 0.696341643 0.707909701
1785983413.259999990 1.316688643 -0.484605527 0.726935649 -0.024608082 0.115654726 0.696320708 0.707923652
1785983413.269999981 1.314214024 -0.479597719 0.728083641 -0.024457787 0.115835497 0.696283699 0.707935707
1785983413.279999971 1.311738347 -0.474550329 0.728973150 -0.024323682 0.116009634 0.696222627 0.707971876
1785983413.289999962 1.309229700 -0.469452065 0.729444664 -0.024205489 0.116204783 0.696151246 0.708014114
1785983413.299999952 1.306696303 -0.464257192 0.729576155 -0.024121817 0.116416691 0.696089692 0.708042677
1785983413.309999943 1.304164814 -0.458962533 0.729264952 -0.024020025 0.116636348 0.696012329 0.708086039
1785983413.319999933 1.301683038 -0.453557442 0.728513991 -0.023920581 0.116898691 0.695924038 0.708132922
1785983413.329999924 1.299300610 -0.448000484 0.727495946 -0.023829864 0.117168301 0.695791275 0.708221878
1785983413.339999914 1.297027150 -0.442271355 0.726370605 -0.023716909 0.117440777 0.695677084 0.708292712
1785983413.349999905 1.294819224 -0.436379986 0.725211386 -0.023580457 0.117756037 0.695501395 0.708417453
1785983413.359999895 1.292641559 -0.430381575 0.724032248 -0.023458306 0.117960773 0.695359523 0.708526710
1785983413.369999886 1.290499479 -0.424333185 0.722847925 -0.023460096 0.118145847 0.695199276 0.708653053
1785983413.380000114 1.288449903 -0.418241023 0.721643338 -0.023482550 0.118280125 0.695038402 0.708787698
1785983413.390000105 1.286591111 -0.412078798 0.720395104 -0.023473729 0.118422549 0.694903209 0.708896759
1785983413.400000095 1.284972715 -0.405887726 0.719118265 -0.023509600 0.118611838 0.694659416 0.709102832
1785983413.410000086 1.283526796 -0.399789215 0.717844514 -0.023569795 0.118777571 0.694496103 0.709233048
1785983413.420000076 1.282155405 -0.393879448 0.716589483 -0.023592186 0.118875873 0.694339037 0.709369606
1785983413.430000067 1.280804735 -0.388225762 0.715401591 -0.023739265 0.118952978 0.694043421 0.709641012
1785983413.440000057 1.279475641 -0.382802030 0.714302869 -0.023890843 0.119001104 0.693846348 0.709820548
1785983413.450000048 1.278229022 -0.377499891 0.713270334 -0.024196064 0.119110820 0.693600280 0.710032263
1785983413.460000038 1.277055235 -0.372274560 0.712296156 -0.024461180 0.119114591 0.693371322 0.710246137
1785983413.470000029 1.275902633 -0.367163036 0.711390064 -0.024660909 0.119116510 0.693229638 0.710377199
1785983413.480000019 1.274727916 -0.362208744 0.710560513 -0.024948515 0.119068349 0.693165336 0.710437975
1785983413.490000010 1.273501630 -0.357418212 0.709790353 -0.025047581 0.118912058 0.693098280 0.710526084
1785983413.500000000 1.272238112 -0.352743068 0.709044709 -0.025312678 0.118813053 0.693015167 0.710614316
1785983413.509999990 1.270977692 -0.348129984 0.708328158 -0.025575530 0.118744363 0.692864624 0.710763168
1785983413.519999981 1.269715292 -0.343556895 0.707310518 -0.025852313 0.118608504 0.692706983 0.710929473
1785983413.529999971 1.268346218 -0.339050559 0.705975043 -0.026080066 0.118431875 0.692637015 0.711018767
1785983413.539999962 1.266838181 -0.334648641 0.704326766 -0.026238581 0.118328381 0.692527939 0.711136404
1785983413.549999952 1.265267001 -0.330297615 0.702122527 -0.026305452 0.118275992 0.692403733 0.711263582
1785983413.559999943 1.263737850 -0.325959713 0.699683401 -0.026347123 0.118191903 0.692314838 0.711362544
1785983413.569999933 1.262307916 -0.321639431 0.697244901 -0.026396679 0.118147242 0.692145449 0.711532938
1785983413.579999924 1.260965765 -0.317283909 0.694806069 -0.026413866 0.118130954 0.691936429 0.711738269
1785983413.589999914 1.259659549 -0.312806544 0.692359485 -0.026391062 0.118090829 0.691785103 0.711892857
1785983413.599999905 1.258377414 -0.308228275 0.689930955 -0.026286260 0.118003924 0.691613112 0.712078233
1785983413.609999895 1.257155535 -0.303670196 0.687570436 -0.026182659 0.117960724 0.691447892 0.712249639
1785983413.619999886 1.256004648 -0.299221936 0.685311546 -0.025966038 0.117962089 0.691309194 0.712391963
1785983413.630000114 1.254930299 -0.294929867 0.683145269 -0.025783569 0.117989401 0.691080804 0.712615627
1785983413.640000105 1.253934609 -0.290820921 0.681049708 -0.025536063 0.117993398 0.690989532 0.712712378
1785983413.650000095 1.253025323 -0.286848884 0.679015867 -0.025425118 0.118085133 0.690803802 0.712881177
1785983413.660000086 1.252172269 -0.282941363 0.677016665 -0.025289558 0.118115443 0.690695924 0.712985498
1785983413.670000076 1.251307680 -0.279119771 0.675053707 -0.025094003 0.118181211 0.690491599 0.713179391
1785983413.680000067 1.250417080 -0.275378478 0.673133367 -0.024850842 0.118330551 0.690249361 0.713397600
1785983413.690000057 1.249510477 -0.271648112 0.670968956 -0.024612716 0.118486227 0.689967716 0.713652422
1785983413.700000048 1.248591183 -0.267898890 0.668556111 -0.024454504 0.118648640 0.689715836 0.713874318
1785983413.710000038 1.247650650 -0.264157882 0.666169678 -0.024320872 0.118831687 0.689487337 0.714069140
1785983413.720000029 1.246687978 -0.260438630 0.663778416 -0.024242618 0.118942112 0.689255578 0.714277129
1785983413.730000019 1.245761538 -0.256696681 0.661371982 -0.024133895 0.118994271 0.688900819 0.714614287
1785983413.740000010 1.244925995 -0.252870690 0.658960047 -0.024032452 0.119058103 0.688542635 0.714952201
1785983413.750000000 1.244204035 -0.248899467 0.656486197 -0.024028735 0.119125757 0.688268384 0.715205079
1785983413.759999990 1.243604418 -0.244766819 0.653901887 -0.024053173 0.119117931 0.687949145 0.715512640
1785983413.769999981 1.243101533 -0.240527760 0.651025044 -0.024206500 0.119036455 0.687604754 0.715851989
1785983413.779999971 1.242689572 -0.236219070 0.647801152 -0.024379623 0.118859963 0.687220487 0.716244334
1785983413.789999962 1.242362124 -0.231861291 0.644156051 -0.024538195 0.118589099 0.686819220 0.716668586
1785983413.799999952 1.242087378 -0.227459109 0.639932448 -0.024696252 0.118392714 0.686430733 0.717067716
1785983413.809999943 1.241853508 -0.223004079 0.635125864 -0.024772265 0.118206268 0.686096046 0.717416078
1785983413.819999933 1.241661234 -0.218528229 0.629601331 -0.024863772 0.118001530 0.685748112 0.717779185
1785983413.829999924 1.241607470 -0.214068977 0.623195275 -0.024939981 0.117826207 0.685504924 0.718037591
1785983413.839999914 1.241798928 -0.209642690 0.615953073 -0.024960395 0.117644129 0.685289538 0.718272292
1785983413.849999905 1.242142223 -0.205258028 0.608263101 -0.025013602 0.117524120 0.685036535 0.718531382
1785983413.859999895 1.242529127 -0.200866767 0.600506335 -0.025016011 0.117446081 0.684730752 0.718835457
1785983413.869999886 1.242953142 -0.196406337 0.592785079 -0.024974152 0.117467151 0.684404269 0.719144322
1785983413.880000114 1.243408474 -0.191863825 0.585100438 -0.024851192 0.117582346 0.684089164 0.719429514
1785983413.890000105 1.243843418 -0.187248410 0.577762756 -0.024694053 0.117784864 0.683794223 0.719682145
1785983413.900000095 1.244118083 -0.182561383 0.570921187 -0.024630571 0.117913133 0.683463058 0.719977830
1785983413.910000086 1.244182595 -0.177830300 0.564476608 -0.024571337 0.118161121 0.683191418 0.720196977
1785983413.920000076 1.244045639 -0.173065625 0.558545301 -0.024585774 0.118422085 0.682947250 0.720385177
1785983413.930000067 1.243751579 -0.168213723 0.553269076 -0.024579192 0.118681102 0.682567968 0.720702178
1785983413.940000057 1.243399444 -0.163350475 0.548575235 -0.024343445 0.119025375 0.682409636 0.720803333
1785983413.950000048 1.242986180 -0.158535112 0.544459452 -0.024152115 0.119322809 0.682183296 0.720974821
1785983413.960000038 1.242434738 -0.153705667 0.540745517 -0.023998916 0.119960389 0.681827115 0.721211025
1785983413.970000029 1.241697826 -0.148846890 0.537197998 -0.023909607 0.120449226 0.681444616 0.721493971
1785983413.980000019 1.240798926 -0.143946627 0.534005634 -0.023869010 0.121016437 0.681169608 0.721660071
1785983413.990000010 1.239749295 -0.139046379 0.531187838 -0.023685391 0.121664747 0.680859634 0.721849603
1785983414.000000000 1.238463469 -0.134128761 0.528536078 -0.023506050 0.122422526 0.680372728 0.722186362
1785983414.009999990 1.237026179 -0.129212878 0.525852645 -0.023279048 0.123000969 0.680110714 0.722342207
1785983414.019999981 1.235591406 -0.124334328 0.523107747 -0.023141119 0.123716246 0.679760965 0.722553672
1785983414.029999971 1.234169372 -0.119436390 0.520321267 -0.023000747 0.124367946 0.679393539 0.722791809
1785983414.039999962 1.232712720 -0.114530327 0.517487628 -0.022717459 0.125110548 0.679148355 0.722903022
1785983414.049999952 1.231160169 -0.109654209 0.514451466 -0.022413376 0.125835676 0.678970637 0.722953593
1785983414.059999943 1.229544890 -0.104869986 0.511015523 -0.022081590 0.126504674 0.678810324 0.722997590
1785983414.069999933 1.227947907 -0.100217893 0.507304057 -0.021758753 0.127212174 0.678719499 0.722968506
1785983414.079999924 1.226400516 -0.095683822 0.503268355 -0.021366512 0.127831606 0.678576747 0.723004945
1785983414.089999914 1.224882273 -0.091233177 0.498816196 -0.020918521 0.128386933 0.678429984 0.723057375
1785983414.099999905 1.223397526 -0.086860436 0.493988436 -0.020579550 0.128905720 0.678366511 0.723034352
1785983414.109999895 1.221966667 -0.082516331 0.488903768 -0.020340685 0.129369317 0.678290194 0.723029908
1785983414.119999886 1.220611164 -0.078132624 0.483757320 -0.020131281 0.129780634 0.678314486 0.722939262
1785983414.130000114 1.219362435 -0.073694869 0.478583584 -0.019935782 0.130062369 0.678340610 0.722869533
1785983414.140000105 1.218257359 -0.069226867 0.473433683 -0.019786349 0.130263322 0.678271138 0.722902643
1785983414.150000095 1.217315431 -0.064798849 0.468343841 -0.019624090 0.130398474 0.678247032 0.722905316
1785983414.160000086 1.216524875 -0.060416211 0.463542724 -0.019492518 0.130443605 0.678185339 0.722958611
1785983414.170000076 1.215853112 -0.055946372 0.459339909 -0.019359714 0.130420019 0.678194573 0.722957773
1785983414.180000067 1.215237019 -0.051289682 0.455929963 -0.019187154 0.130339173 0.678124169 0.723042989
1785983414.190000057 1.214591171 -0.046486426 0.453338415 -0.019112127 0.130239071 0.678026661 0.723154450
1785983414.200000048 1.213831314 -0.041610236 0.451237437 -0.019055608 0.130171483 0.678012805 0.723181102
1785983414.210000038 1.212925602 -0.036715012 0.449330011 -0.018903810 0.130094758 0.677963608 0.723245012
1785983414.220000029 1.211877754 -0.031868438 0.447583005 -0.018911471 0.130014539 0.677796632 0.723415718
1785983414.230000019 1.210724059 -0.027116827 0.446024584 -0.018839509 0.129860187 0.677711099 0.723525446
1785983414.240000010 1.209577204 -0.022415488 0.444612864 -0.018728200 0.129682331 0.677621331 0.723644304
1785983414.250000000 1.208539686 -0.017704761 0.443280225 -0.018605019 0.129450757 0.677477923 0.723823195
1785983414.259999990 1.207643893 -0.012978823 0.442039336 -0.018506249 0.129291704 0.677325928 0.723996382
1785983414.269999981 1.206852523 -0.008178962 0.441199614 -0.018347837 0.129059152 0.677329112 0.724038926
1785983414.279999971 1.206183792 -0.003239460 0.440965343 -0.018269705 0.128886053 0.677201983 0.724190636
1785983414.289999962 1.205671075 0.001838820 0.441079296 -0.018228776 0.128790488 0.677058607 0.724342712
1785983414.299999952 1.205283034 0.007027706 0.441280726 -0.018330084 0.128782743 0.676905311 0.724484791
1785983414.309999943 1.204995697 0.012238562 0.441499261 -0.018517252 0.128849359 0.676781026 0.724584293
1785983414.319999933 1.204745577 0.017444502 0.441742915 -0.018856329 0.128924381 0.676680229 0.724656340
1785983414.329999924 1.204456580 0.022735749 0.441989754 -0.019294333 0.129031962 0.676591113 0.724708871
1785983414.339999914 1.204104749 0.028156811 0.442228972 -0.019902847 0.129227098 0.676494761 0.724747592
1785983414.349999905 1.203684874 0.033636422 0.442458839 -0.020516005 0.129440519 0.676404361 0.724776783
1785983414.359999895 1.203228952 0.039085955 0.442669926 -0.021150353 0.129620451 0.676392577 0.724737389
1785983414.369999886 1.202772218 0.044476360 0.442602391 -0.021869082 0.129902807 0.676327761 0.724725992
1785983414.380000114 1.202321657 0.049785583 0.442239531 -0.022544958 0.130154461 0.676251026 0.724731737
1785983414.390000105 1.201858339 0.055021069 0.441656971 -0.023232888 0.130376847 0.676229073 0.724690522
1785983414.400000095 1.201382920 0.060260527 0.440889864 -0.023838275 0.130579976 0.676236496 0.724627358
1785983414.410000086 1.200933947 0.065562665 0.440116293 -0.024336217 0.130751876 0.676270709 0.724547875
1785983414.420000076 1.200511193 0.070899625 0.439329718 -0.024647756 0.130834894 0.676359474 0.724439494
1785983414.430000067 1.200092094 0.076256400 0.438563743 -0.024772587 0.130794176 0.676437749 0.724369501
1785983414.440000057 1.199693137 0.081665232 0.437844169 -0.024853175 0.130704962 0.676479893 0.724343487
1785983414.450000048 1.199375822 0.087137970 0.437171671 -0.024870741 0.130544592 0.676547354 0.724308797
1785983414.460000038 1.199156990 0.092665394 0.436557762 -0.024820334 0.130333397 0.676593598 0.724305363
1785983414.470000029 1.198995991 0.098197350 0.436019824 -0.024664115 0.130056310 0.676651724 0.724306208
1785983414.480000019 1.198876077 0.103690877 0.435552125 -0.024414440 0.129704072 0.676662418 0.724367836
1785983414.490000010 1.198830926 0.109220469 0.435129002 -0.024062225 0.129298282 0.676703703 0.724413598
1785983414.500000000 1.198894678 0.114841885 0.434733581 -0.023613443 0.128921198 0.676697214 0.724501629
1785983414.509999990 1.199069012 0.120466430 0.434453098 -0.023138401 0.128537731 0.676727857 0.724556466
1785983414.519999981 1.199337108 0.126047574 0.434337916 -0.022601111 0.128095417 0.676849551 0.724538087
1785983414.529999971 1.199625584 0.131627963 0.434304443 -0.022101367 0.127615361 0.676867433 0.724621506
1785983414.539999962 1.199854782 0.137234388 0.434286043 -0.021553777 0.127136176 0.676981489 0.724615685
1785983414.549999952 1.199976714 0.142879734 0.434280020 -0.020859470 0.126578696 0.677100879 0.724622050
1785983414.559999943 1.199988821 0.148525752 0.434307306 -0.020349396 0.126174184 0.677113287 0.724695504
1785983414.569999933 1.199962347 0.154069031 0.434369274 -0.019772822 0.125856349 0.677040748 0.724834492
1785983414.579999924 1.199893916 0.159486293 0.434497520 -0.019142395 0.125475551 0.676894018 0.725054441
1785983414.589999914 1.199753439 0.164815149 0.434636297 -0.018662977 0.125363127 0.677001865 0.724985693
1785983414.599999905 1.199443379 0.170083660 0.434743356 -0.018254613 0.125241408 0.677005838 0.725013417
1785983414.609999895 1.198903220 0.175350879 0.434783079 -0.017891932 0.125060609 0.676981863 0.725076051
1785983414.619999886 1.198191627 0.180598094 0.434751457 -0.017564100 0.124936355 0.676749034 0.725322794
1785983414.630000114 1.197352796 0.185764502 0.434526756 -0.017188186 0.124906514 0.676668698 0.725411884
1785983414.640000105 1.196433218 0.190841376 0.433838051 -0.016827402 0.124992527 0.676540228 0.725525345
1785983414.650000095 1.195443441 0.195855974 0.432638070 -0.016506133 0.125088959 0.676456245 0.725594410
1785983414.660000086 1.194354887 0.200842827 0.431058265 -0.016240577 0.125187627 0.676409221 0.725627224
1785983414.670000076 1.193178824 0.205761014 0.429355278 -0.015912849 0.125200529 0.676379792 0.725659690
1785983414.680000067 1.191938725 0.210637294 0.427666528 -0.015772703 0.125273933 0.676178223 0.725837912
1785983414.690000057 1.190570531 0.215506841 0.425986176 -0.015627657 0.125405690 0.676226178 0.725773619
1785983414.700000048 1.189144357 0.220362778 0.424309131 -0.015553317 0.125424036 0.676219054 0.725778683
1785983414.710000038 1.187799307 0.225212312 0.422646166 -0.015494396 0.125425786 0.676194214 0.725802784
1785983414.720000029 1.186594146 0.230056042 0.421037660 -0.015528685 0.125446030 0.676168181 0.725822805
1785983414.730000019 1.185571332 0.234919250 0.419479897 -0.015682764 0.125462131 0.676166855 0.725817944
1785983414.740000010 1.184735171 0.239798280 0.417944797 -0.015878248 0.125473581 0.676203313 0.725777749
1785983414.750000000 1.184078738 0.244694947 0.416424716 -0.016170275 0.125454550 0.676247018 0.725733869
1785983414.759999990 1.183599671 0.249656475 0.414906784 -0.016589249 0.125437320 0.676324930 0.725654784
1785983414.769999981 1.183290166 0.254758732 0.413368977 -0.017212725 0.125413962 0.676420525 0.725555190
1785983414.779999971 1.183152093 0.260019659 0.411794999 -0.017769307 0.125357646 0.676494984 0.725482080
1785983414.789999962 1.183196003 0.265442151 0.410166231 -0.018316865 0.125336857 0.676592200 0.725381389
1785983414.799999952 1.183401132 0.271022633 0.408480063 -0.018807415 0.125293843 0.676689010 0.725285956
1785983414.809999943 1.183732053 0.276682563 0.406765450 -0.019239060 0.125251938 0.676727273 0.725246171
1785983414.819999933 1.184180292 0.282337238 0.405048139 -0.019569213 0.125212871 0.676787539 0.725187845
1785983414.829999924 1.184766473 0.287960895 0.403328541 -0.019880541 0.125130987 0.676820822 0.725162447
1785983414.839999914 1.185487736 0.293593051 0.401438584 -0.020225201 0.125091997 0.676878500 0.725105806
1785983414.849999905 1.186297079 0.299267931 0.399152611 -0.020516565 0.125073051 0.676905396 0.725075781
1785983414.859999895 1.187126057 0.304936235 0.396328244 -0.020820475 0.125083602 0.676979099 0.724996483
1785983414.869999886 1.187937493 0.310483746 0.392995491 -0.021137968 0.125123096 0.677060833 0.724904150
1785983414.880000114 1.188748333 0.315834814 0.389277556 -0.021432648 0.125233715 0.677122712 0.724818592
1785983414.890000105 1.189577534 0.320978098 0.385191465 -0.021688374 0.125341882 0.677202326 0.724717901
1785983414.900000095 1.190457414 0.325941975 0.380903695 -0.021935783 0.125369523 0.677333878 0.724582722
1785983414.910000086 1.191396816 0.330797052 0.376577388 -0.022266135 0.125349370 0.677467987 0.724450745
1785983414.920000076 1.192369098 0.335590789 0.372074948 -0.022565741 0.125362921 0.677568439 0.724345177
1785983414.930000067 1.193419822 0.340307105 0.367446097 -0.022835013 0.125344388 0.677724641 0.724193798
1785983414.940000057 1.194584122 0.344925431 0.362880840 -0.023144645 0.125358037 0.677851153 0.724063189
1785983414.950000048 1.195814552 0.349465555 0.358406145 -0.023401998 0.125411068 0.677919288 0.723981940
1785983414.960000038 1.197106051 0.353975258 0.354171870 -0.023720732 0.125441909 0.678035565 0.723857325
1785983414.970000029 1.198513411 0.358557940 0.350276253 -0.024085127 0.125433672 0.678144348 0.723744805
1785983414.980000019 1.200061911 0.363276704 0.346777479 -0.024400175 0.125452550 0.678255643 0.723626680
1785983414.990000010 1.201713101 0.368112211 0.343674378 -0.024684605 0.125528426 0.678345503 0.723519635
1785983415.000000000 1.203421993 0.373068531 0.340956564 -0.024906164 0.125590938 0.678463647 0.723390406
1785983415.009999990 1.205130693 0.378160116 0.338661915 -0.025136482 0.125641040 0.678545887 0.723296596
1785983415.019999981 1.206825382 0.383401626 0.336722725 -0.025394148 0.125706042 0.678637845 0.723190019
1785983415.029999971 1.208551480 0.388821321 0.334929353 -0.025698312 0.125771367 0.678810740 0.723005629
1785983415.039999962 1.210315786 0.394416877 0.333105827 -0.025953499 0.125820220 0.678957836 0.722849877
1785983415.049999952 1.212087925 0.400108311 0.331284062 -0.026134465 0.125888518 0.679115727 0.722683126
1785983415.059999943 1.213799225 0.405852209 0.329501964 -0.026263719 0.125999461 0.679289295 0.722495956
1785983415.069999933 1.215415203 0.411700736 0.327772858 -0.026358973 0.126148493 0.679454778 0.722310852
1785983415.079999924 1.216960426 0.417645707 0.326330058 -0.026419867 0.126283926 0.679663202 0.722088839
1785983415.089999914 1.218452288 0.423611998 0.325406589 -0.026299386 0.126458109 0.679893907 0.721845527
1785983415.099999905 1.219911909 0.429579609 0.325035617 -0.026153070 0.126552094 0.679996021 0.721738177
1785983415.109999895 1.221336604 0.435620742 0.325313794 -0.025915943 0.126651115 0.680175450 0.721560265
1785983415.119999886 1.222692489 0.441828831 0.326276803 -0.025641913 0.126722607 0.680549933 0.721204313
1785983415.130000114 1.224029019 0.448303721 0.327808020 -0.025304812 0.126784621 0.681140592 0.720647500
1785983415.140000105 1.225444975 0.455096556 0.329801977 -0.025034461 0.126760888 0.681990291 0.719857067
1785983415.150000095 1.226948472 0.462178976 0.332252798 -0.024881172 0.126620382 0.683122840 0.718812487
1785983415.160000086 1.228457215 0.469503907 0.335219110 -0.024886145 0.126329077 0.684485718 0.717565987
1785983415.170000076 1.229904479 0.477001012 0.338823186 -0.025014866 0.125984754 0.686041087 0.716135270
1785983415.180000067 1.231218150 0.484623159 0.343122555 -0.025152175 0.125370111 0.687958527 0.714396787
1785983415.190000057 1.232334395 0.492363170 0.348181000 -0.025471333 0.124538949 0.690330770 0.712239208
1785983415.200000048 1.233216146 0.500221357 0.353864125 -0.025852636 0.123882382 0.692756735 0.709980917
1785983415.210000038 1.233862064 0.508248746 0.360067206 -0.025995229 0.123044902 0.695346508 0.707585638
1785983415.220000029 1.234298715 0.516459290 0.366657502 -0.026139453 0.122202967 0.698003686 0.705105679
1785983415.230000019 1.234473851 0.524821587 0.373341041 -0.026274930 0.121318059 0.700729834 0.702544843
1785983415.240000010 1.234359367 0.533378485 0.380110524 -0.026261499 0.120565690 0.703701490 0.699698836
1785983415.250000000 1.234016442 0.542194785 0.386991948 -0.026279524 0.119543542 0.706548818 0.696998921
1785983415.259999990 1.233529313 0.551272498 0.394233479 -0.026278210 0.118583473 0.709456100 0.694204191
1785983415.269999981 1.232960123 0.560569575 0.402094366 -0.026255355 0.117634901 0.712307477 0.691441064
1785983415.279999971 1.232357200 0.570012504 0.410374316 -0.026154825 0.116728863 0.715081477 0.688729830
1785983415.289999962 1.231757721 0.579516443 0.418832746 -0.025987305 0.115884841 0.717816690 0.686028106
1785983415.299999952 1.231186249 0.589067449 0.427390249 -0.025750382 0.115099222 0.720482260 0.683369886
1785983415.309999943 1.230664563 0.598690092 0.435986404 -0.025391285 0.114382675 0.723115786 0.680716862
1785983415.319999933 1.230199097 0.608338959 0.444603695 -0.024964414 0.113707650 0.725705412 0.678084806
1785983415.329999924 1.229790476 0.617915988 0.453245629 -0.024475069 0.113064841 0.728237708 0.675490306
1785983415.339999914 1.229424854 0.627359281 0.461669914 -0.023849399 0.112439262 0.730636873 0.673021826
1785983415.349999905 1.229081409 0.636702244 0.469521973 -0.023099121 0.111839523 0.732986096 0.670589096
1785983415.359999895 1.228749661 0.645982052 0.476603725 -0.022132181 0.111288903 0.735229993 0.668252799
1785983415.369999886 1.228469596 0.655174113 0.482705895 -0.020922509 0.110831799 0.737432848 0.665936450
1785983415.380000114 1.228281636 0.664205818 0.487763289 -0.019536574 0.110491356 0.739538439 0.663696377
1785983415.390000105 1.228192290 0.672959909 0.491876702 -0.017975660 0.110234449 0.741507425 0.661582936
1785983415.400000095 1.228207342 0.681404096 0.495143184 -0.016308895 0.110106736 0.743458673 0.659454114
1785983415.410000086 1.228322813 0.689563803 0.497678875 -0.014550823 0.110030328 0.745369086 0.657348101
1785983415.420000076 1.228552020 0.697399919 0.499491106 -0.012763210 0.109930573 0.747307239 0.655197879
1785983415.430000067 1.228937864 0.704901025 0.500597379 -0.010986912 0.109783383 0.749155091 0.653141291
1785983415.440000057 1.229483468 0.712110179 0.501052229 -0.009079722 0.109636734 0.750883659 0.651207399
1785983415.450000048 1.230180374 0.719077912 0.500970485 -0.007252868 0.109630249 0.752638822 0.649202132
1785983415.460000038 1.231028736 0.725870160 0.500430212 -0.005347332 0.109675735 0.754261426 0.647327073
1785983415.470000029 1.232008764 0.732516734 0.499595700 -0.003510077 0.109773722 0.755817669 0.645505276
1785983415.480000019 1.233131202 0.738979791 0.498479742 -0.001842783 0.109811022 0.757332888 0.643727458
1785983415.490000010 1.234499338 0.745182280 0.497140230 -0.000267091 0.109886429 0.758758792 0.642035823
1785983415.500000000 1.236202890 0.751154262 0.495829419 0.001117135 0.110018683 0.760152496 0.640361480
1785983415.509999990 1.238232293 0.756997419 0.494530284 0.002382455 0.110028960 0.761472165 0.638786422
1785983415.519999981 1.240560484 0.762766954 0.493250306 0.003473231 0.110299009 0.762786304 0.637164907
1785983415.529999971 1.243096133 0.768455748 0.491995406 0.004384732 0.110699415 0.764163655 0.635437111
1785983415.539999962 1.245709317 0.773988371 0.490749392 0.005307144 0.111074319 0.765416444 0.633854871
1785983415.549999952 1.248352461 0.779319100 0.489425655 0.006137226 0.111382407 0.766633994 0.632320024
1785983415.559999943 1.251049816 0.784489512 0.487976478 0.006826513 0.111681274 0.767769984 0.630880293
1785983415.569999933 1.253856327 0.789554794 0.486266949 0.007316957 0.111945450 0.768902301 0.629447321
1785983415.579999924 1.256766177 0.794583834 0.483982985 0.007760417 0.112150918 0.770012739 0.628046439
1785983415.589999914 1.259718664 0.799592688 0.481023385 0.008182490 0.112305274 0.771075569 0.626708097
1785983415.599999905 1.262680119 0.804532763 0.477440750 0.008503577 0.112409688 0.772140319 0.625372752
1785983415.609999895 1.265604097 0.809393546 0.473190120 0.008745786 0.112531775 0.773155992 0.624091277
1785983415.619999886 1.268406263 0.814185554 0.468405057 0.008780022 0.112519017 0.774150954 0.622858477
1785983415.630000114 1.271043859 0.818968699 0.463290502 0.008766886 0.112531859 0.775090075 0.621687300
1785983415.640000105 1.273560217 0.823778866 0.458030890 0.008680073 0.112351775 0.776001961 0.620582542
1785983415.650000095 1.275947025 0.828600424 0.452804024 0.008571744 0.112199250 0.776986968 0.619377998
1785983415.660000086 1.278182240 0.833434303 0.447621133 0.008452060 0.112003606 0.777936920 0.618221566
1785983415.670000076 1.280300670 0.838332898 0.442599715 0.008334841 0.111825741 0.778801278 0.617166187
1785983415.680000067 1.282293994 0.843349455 0.437854723 0.008140884 0.111533684 0.779702700 0.616082513
1785983415.690000057 1.284118830 0.848427477 0.433317383 0.007909005 0.111284751 0.780457759 0.615173827
1785983415.700000048 1.285756483 0.853454196 0.428898031 0.007583674 0.110944490 0.781310169 0.614156517
1785983415.710000038 1.287243282 0.858262556 0.424598540 0.007316035 0.110740156 0.782001455 0.613316246
1785983415.720000029 1.288591686 0.862826491 0.420401469 0.007216510 0.110523756 0.783013858 0.612063493
1785983415.730000019 1.289781756 0.867227847 0.416234163 0.007053536 0.110109875 0.783729779 0.611223115
1785983415.740000010 1.290822510 0.871494994 0.412069289 0.006876834 0.109726954 0.784364815 0.610478945
1785983415.750000000 1.291651674 0.875669228 0.407935456 0.006482442 0.109258322 0.785068445 0.609662312
1785983415.759999990 1.292229171 0.879829432 0.403821726 0.006116066 0.108743160 0.785735574 0.608898289
1785983415.769999981 1.292682797 0.884054888 0.399502156 0.005713673 0.108222550 0.786310204 0.608252823
1785983415.779999971 1.293117724 0.888310989 0.394909519 0.005298374 0.107708178 0.786892586 0.607594382
1785983415.789999962 1.293512268 0.892592057 0.390262062 0.004888362 0.107228768 0.787465113 0.606940517
1785983415.799999952 1.293891877 0.896898496 0.385651873 0.004519837 0.106723931 0.787968299 0.606379034
1785983415.809999943 1.294303847 0.901170796 0.381103842 0.004171495 0.106181619 0.788436151 0.605868384
1785983415.819999933 1.294732975 0.905339015 0.376872603 0.003902408 0.105417036 0.788992567 0.605279067
1785983415.829999924 1.295144162 0.909416056 0.373070801 0.003663970 0.104751667 0.789399372 0.604865518
1785983415.839999914 1.295550566 0.913431056 0.369698071 0.003380800 0.104088763 0.789871765 0.604364703
1785983415.849999905 1.296045801 0.917322950 0.366787880 0.003087466 0.103451231 0.790250922 0.603979958
1785983415.859999895 1.296643265 0.921105864 0.364339603 0.002826572 0.102822011 0.790581507 0.603655965
1785983415.869999886 1.297312854 0.924863703 0.362297853 0.002578590 0.102264707 0.790865286 0.603379963
1785983415.880000114 1.298087123 0.928690507 0.360750157 0.002386195 0.101753423 0.791109805 0.603146602
1785983415.890000105 1.298998577 0.932678391 0.359979985 0.002225742 0.101271097 0.791338529 0.602928308
1785983415.900000095 1.300050626 0.936868911 0.359899640 0.002075009 0.100783103 0.791537762 0.602749063
1785983415.910000086 1.301224050 0.941260472 0.360223435 0.001878398 0.100265385 0.791728166 0.602585957
1785983415.920000076 1.302487947 0.945813422 0.360695367 0.001694204 0.099777640 0.791910620 0.602427691
1785983415.930000067 1.303809593 0.950457147 0.361196515 0.001455639 0.099369223 0.791971708 0.602415514
1785983415.940000057 1.305112994 0.955145238 0.361729130 0.001274966 0.099052157 0.792022952 0.602400770
1785983415.950000048 1.306289257 0.959882082 0.362306631 0.001097449 0.098632160 0.791936465 0.602583710
1785983415.960000038 1.307383844 0.964687168 0.362907869 0.000885388 0.098391045 0.791885213 0.602690823
1785983415.970000029 1.308548778 0.969476671 0.363495171 0.000774938 0.098225650 0.791808104 0.602819250
1785983415.980000019 1.309734095 0.974183818 0.363855274 0.000592553 0.098059326 0.791727819 0.602951971
1785983415.990000010 1.310811828 0.978776727 0.363982627 0.000398769 0.097880692 0.791604235 0.603143387
1785983416.000000000 1.311766009 0.983197141 0.364113658 0.000355614 0.097667701 0.791603139 0.603179380
1785983416.009999990 1.312588378 0.987428731 0.364280188 0.000085330 0.097372558 0.791418059 0.603469994
1785983416.019999981 1.313282387 0.991519528 0.364487591 -0.000064880 0.097253247 0.791308477 0.603632915
1785983416.029999971 1.313860661 0.995506776 0.364764687 -0.000130061 0.097000837 0.791081386 0.603971077
1785983416.039999962 1.314405290 0.999433588 0.365119135 -0.000275436 0.096810734 0.790856541 0.604295903
1785983416.049999952 1.314937267 1.003462889 0.365802665 -0.000509760 0.096532828 0.790736478 0.604497291
1785983416.059999943 1.315457984 1.007705185 0.367199072 -0.000641859 0.096272217 0.790548796 0.604784135
1785983416.069999933 1.316066461 1.012172978 0.369539549 -0.000765687 0.096064450 0.790351731 0.605074522
1785983416.079999924 1.316778546 1.016824805 0.372824660 -0.000858016 0.095832449 0.790101520 0.605437853
1785983416.089999914 1.317571243 1.021620812 0.376959701 -0.000965057 0.095562742 0.789839939 0.605821510
1785983416.099999905 1.318371332 1.026536671 0.381908756 -0.001118072 0.095274355 0.789568392 0.606220505
1785983416.109999895 1.319086808 1.031535399 0.387478802 -0.001248081 0.095006884 0.789338831 0.606561080
1785983416.119999886 1.319726483 1.036590160 0.393326768 -0.001417424 0.094720995 0.789071446 0.606953192
1785983416.130000114 1.320281362 1.041679951 0.399230479 -0.001665726 0.094439867 0.788809992 0.607336096
1785983416.140000105 1.320731830 1.046782194 0.405231739 -0.001898907 0.094195274 0.788527344 0.607740301
1785983416.150000095 1.321019868 1.051819532 0.411348637 -0.001984832 0.094124390 0.788162387 0.608224228
1785983416.160000086 1.321072834 1.056743076 0.417451391 -0.002160245 0.094023683 0.787854526 0.608637928
1785983416.170000076 1.320864497 1.061581400 0.423216728 -0.002460400 0.093873746 0.787523986 0.609087545
1785983416.180000067 1.320386542 1.066313254 0.428458655 -0.002799440 0.093728161 0.787103580 0.609651663
1785983416.190000057 1.319708442 1.070893028 0.433146471 -0.003062942 0.093510852 0.786705134 0.610197813
1785983416.200000048 1.318870657 1.075293623 0.437214309 -0.003278307 0.093488108 0.786359099 0.610646046
1785983416.210000038 1.317854788 1.079542426 0.440617733 -0.003502094 0.093611360 0.785801052 0.611343893
1785983416.220000029 1.316667867 1.083656564 0.443326055 -0.003601717 0.093741845 0.785300730 0.611965896
1785983416.230000019 1.315349878 1.087497030 0.445345576 -0.003581245 0.093852635 0.784766564 0.612633902
1785983416.240000010 1.313957631 1.091016913 0.446800193 -0.003683303 0.093883951 0.784195705 0.613359057
1785983416.250000000 1.312575557 1.094422901 0.447846735 -0.003909369 0.093927068 0.783603847 0.614107022
1785983416.259999990 1.311285513 1.097808539 0.448659699 -0.004148644 0.093991298 0.783018006 0.614842441
1785983416.269999981 1.310101885 1.101142996 0.449438019 -0.004279761 0.094078855 0.782355569 0.615670867
1785983416.279999971 1.309009263 1.104432734 0.450213481 -0.004451930 0.094237677 0.781665278 0.616521560
1785983416.289999962 1.307986217 1.107706878 0.450990245 -0.004525053 0.094404404 0.780956838 0.617392703
1785983416.299999952 1.307029518 1.111005256 0.451778653 -0.004660005 0.094591475 0.780239303 0.618269655
1785983416.309999943 1.306160884 1.114392126 0.452547540 -0.004863901 0.094759167 0.779545280 0.619117275
1785983416.319999933 1.305366672 1.117939654 0.453263561 -0.005067557 0.094955217 0.778851484 0.619958218
1785983416.329999924 1.304568801 1.121624909 0.453970130 -0.005240765 0.095226952 0.778094733 0.620864678
1785983416.339999914 1.303721626 1.125394293 0.454703845 -0.005386952 0.095427193 0.777353615 0.621760395
1785983416.349999905 1.302851088 1.129173852 0.455473309 -0.005487541 0.095675133 0.776562970 0.622708687
1785983416.359999895 1.301968421 1.132867373 0.456465116 -0.005500502 0.096004090 0.775768806 0.623647111
1785983416.369999886 1.301037466 1.136444001 0.458024986 -0.005434508 0.096231562 0.774938104 0.624644609
1785983416.380000114 1.300071154 1.139874835 0.460034446 -0.005485079 0.096484598 0.774198497 0.625521642
1785983416.390000105 1.299078355 1.143097884 0.462354551 -0.005632628 0.096691803 0.773443234 0.626422008
1785983416.400000095 1.298077683 1.146070795 0.465004276 -0.005760636 0.096953068 0.772802560 0.627170728
1785983416.410000086 1.297157752 1.148788923 0.467787660 -0.005826528 0.097152881 0.772054035 0.628060456
1785983416.420000076 1.296364534 1.151286751 0.470640597 -0.005889195 0.097403513 0.771209701 0.629057605
1785983416.430000067 1.295727078 1.153643979 0.473545479 -0.005905791 0.097566863 0.770384963 0.630041934
1785983416.440000057 1.295278950 1.155918245 0.476477950 -0.006041825 0.097593294 0.769496267 0.631121653
1785983416.450000048 1.295015879 1.158105014 0.479434966 -0.006325299 0.097505772 0.768726003 0.632070366
1785983416.460000038 1.294909262 1.160137138 0.482429456 -0.006541483 0.097394981 0.767908471 0.633078199
1785983416.470000029 1.294943028 1.161927795 0.485473926 -0.006736845 0.097292064 0.767048605 0.634133509
1785983416.480000019 1.295092248 1.163528392 0.488569498 -0.006883900 0.097301212 0.766156607 0.635207950
1785983416.490000010 1.295333584 1.165071587 0.491700118 -0.007169369 0.097273413 0.765168747 0.636398674
1785983416.500000000 1.295652819 1.166592303 0.494855557 -0.007397332 0.097144083 0.764291105 0.637469539
1785983416.509999990 1.296026010 1.168120863 0.498015508 -0.007614144 0.097043269 0.763443457 0.638497233
1785983416.519999981 1.296457049 1.169656334 0.501177561 -0.007862074 0.096947218 0.762580067 0.639539730
1785983416.529999971 1.296968477 1.171140645 0.504384005 -0.008000438 0.096838690 0.761751098 0.640541588
1785983416.539999962 1.297543306 1.172584816 0.507650002 -0.008174845 0.096655200 0.760947378 0.641521654
1785983416.549999952 1.298149208 1.173962768 0.510900674 -0.008335502 0.096449926 0.760127996 0.642521097
1785983416.559999943 1.298734816 1.175239948 0.513724593 -0.008531628 0.096238294 0.759315704 0.643509956
1785983416.569999933 1.299269260 1.176452377 0.515648868 -0.008791724 0.095967472 0.758493412 0.644515861
1785983416.579999924 1.299744564 1.177627630 0.516663995 -0.009062660 0.095691814 0.757634386 0.645562609
1785983416.589999914 1.300126014 1.178731763 0.516913883 -0.009338248 0.095410176 0.756752424 0.646633949
1785983416.599999905 1.300401351 1.179729322 0.516405930 -0.009569770 0.095189434 0.755889999 0.647670981
1785983416.609999895 1.300581551 1.180595341 0.514996519 -0.009804745 0.095048686 0.755023708 0.648697784
1785983416.619999886 1.300693665 1.181315175 0.512480552 -0.009992582 0.094913089 0.754110329 0.649776320
1785983416.630000114 1.300806415 1.181939647 0.508896144 -0.010132092 0.094803404 0.753189696 0.650857079
1785983416.640000105 1.300940048 1.182505189 0.504415824 -0.010301613 0.094706774 0.752238608 0.651967468
1785983416.650000095 1.301061420 1.182984307 0.499165005 -0.010480375 0.094668790 0.751293196 0.653059351
1785983416.660000086 1.301166336 1.183371229 0.493296041 -0.010699355 0.094687698 0.750324315 0.654166024
1785983416.670000076 1.301289493 1.183700528 0.486897097 -0.010947017 0.094753632 0.749287551 0.655339665
1785983416.680000067 1.301453683 1.184013912 0.480002995 -0.011211401 0.094819083 0.748304789 0.656447704
1785983416.690000057 1.301655143 1.184354454 0.472823974 -0.011495836 0.094878487 0.747321956 0.657552897
1785983416.700000048 1.301890480 1.184748489 0.465578306 -0.011822446 0.094918973 0.746310401 0.658689156
1785983416.710000038 1.302137546 1.185184385 0.458306925 -0.012144277 0.094968815 0.745314993 0.659802245
1785983416.720000029 1.302391447 1.185575688 0.451036871 -0.012411661 0.094922872 0.744294436 0.660954909
1785983416.730000019 1.302658964 1.185795395 0.443836629 -0.012645203 0.094795029 0.743317987 0.662066743
1785983416.740000010 1.302895036 1.185810665 0.436974648 -0.012891539 0.094674043 0.742425788 0.663079621
1785983416.750000000 1.303064071 1.185640294 0.430735713 -0.013027287 0.094815716 0.741390041 0.664214632
1785983416.759999990 1.303172188 1.185312297 0.425144803 -0.013283973 0.094665798 0.740520213 0.665200524
1785983416.769999981 1.303193498 1.184929763 0.420278118 -0.013570328 0.094408870 0.739526671 0.666335587
1785983416.779999971 1.303094171 1.184552489 0.416265765 -0.013809128 0.094135694 0.738604378 0.667391453
1785983416.789999962 1.302885815 1.184148104 0.413119350 -0.014008845 0.094010969 0.737610516 0.668503117
1785983416.799999952 1.302641300 1.183714101 0.410751863 -0.014188417 0.093912208 0.736625954 0.669597932
1785983416.809999943 1.302419649 1.183241841 0.408980260 -0.014573172 0.093904193 0.735704417 0.670603188
1785983416.819999933 1.302195546 1.182747647 0.407669027 -0.014875135 0.093826146 0.734785731 0.671613962
1785983416.829999924 1.301889215 1.182302844 0.406971152 -0.015170441 0.093707598 0.733832189 0.672665640
1785983416.839999914 1.301458905 1.181970075 0.407037631 -0.015377075 0.093613920 0.732884556 0.673706321
1785983416.849999905 1.300962920 1.181687638 0.407511466 -0.015595789 0.093550514 0.731951688 0.674723498
1785983416.859999895 1.300464465 1.181344688 0.408071834 -0.015762656 0.093518079 0.731003066 0.675751748
1785983416.869999886 1.300006565 1.180887371 0.408750062 -0.015840373 0.093486126 0.730058500 0.676774714
1785983416.880000114 1.299639146 1.180306280 0.409742353 -0.015899644 0.093425792 0.729144610 0.677766154
1785983416.890000105 1.299366879 1.179690905 0.410993030 -0.015927591 0.093227855 0.728286814 0.678714369
1785983416.900000095 1.299172558 1.179070441 0.412281530 -0.015873937 0.093058391 0.727338683 0.679754805
1785983416.910000086 1.299048636 1.178387785 0.413627101 -0.015762587 0.092957574 0.726356977 0.680820073
1785983416.920000076 1.299003789 1.177704492 0.415202122 -0.015625589 0.092895810 0.725381984 0.681870360
1785983416.930000067 1.299034073 1.177145095 0.417101549 -0.015456552 0.092840190 0.724365506 0.682961498
1785983416.940000057 1.299085855 1.176722908 0.419446914 -0.015304279 0.092812234 0.723329702 0.684065648
1785983416.950000048 1.299114212 1.176338993 0.422224702 -0.015168016 0.092807936 0.722298781 0.685157711
1785983416.960000038 1.299072442 1.175937604 0.425385884 -0.015062606 0.092838512 0.721205739 0.686306353
1785983416.970000029 1.298867051 1.175541072 0.428889615 -0.014972930 0.092815202 0.720125042 0.687445324
1785983416.980000019 1.298410595 1.175166785 0.432596472 -0.014761533 0.092710575 0.719027725 0.688611630
1785983416.990000010 1.297660810 1.174823585 0.436466989 -0.014724736 0.092893229 0.718056381 0.689600655
1785983417.000000000 1.296617244 1.174534591 0.440449087 -0.014684813 0.093009710 0.716797051 0.690894737
1785983417.009999990 1.295327163 1.174302867 0.444507121 -0.014551080 0.092896299 0.715803827 0.691941779
1785983417.019999981 1.293821568 1.174092619 0.448583570 -0.014479275 0.092931451 0.714848062 0.692925930
1785983417.029999971 1.292067339 1.173919552 0.452679319 -0.014551213 0.092855082 0.713846785 0.693966112
1785983417.039999962 1.290136590 1.173783546 0.456578635 -0.014559061 0.092892959 0.712824550 0.695010858
1785983417.049999952 1.288136816 1.173675058 0.460190231 -0.014580970 0.092940076 0.711782310 0.696071463
1785983417.059999943 1.286062347 1.173615825 0.463634100 -0.014558056 0.093013971 0.710775651 0.697089979
1785983417.069999933 1.283913775 1.173584202 0.466665540 -0.014611243 0.093103252 0.709678877 0.698193518
1785983417.079999924 1.281703277 1.173548162 0.469124848 -0.014686274 0.093141302 0.708668640 0.699212249
1785983417.089999914 1.279444940 1.173511765 0.471238268 -0.014761040 0.093165694 0.707646011 0.700242378
1785983417.099999905 1.277155419 1.173474265 0.473048905 -0.014794787 0.093194685 0.706582924 0.701310514
1785983417.109999895 1.274872019 1.173435438 0.474620147 -0.014758808 0.093290186 0.705492840 0.702395168
1785983417.119999886 1.272669614 1.173396365 0.476099652 -0.014713856 0.093396970 0.704371112 0.703506820
1785983417.130000114 1.270602380 1.173337205 0.477256991 -0.014684975 0.093505858 0.703260936 0.704602768
1785983417.140000105 1.268656581 1.173221643 0.477800697 -0.014679685 0.093615660 0.702213580 0.705632130
1785983417.150000095 1.266827836 1.173025795 0.477585671 -0.014854005 0.093754051 0.701005839 0.706809982
1785983417.160000086 1.265163455 1.172766657 0.476603026 -0.014953215 0.093852070 0.699789666 0.707999021
1785983417.170000076 1.263741678 1.172433069 0.474967951 -0.015062008 0.093898207 0.698524917 0.709238467
1785983417.180000067 1.262547541 1.172011301 0.472791280 -0.015179789 0.093935897 0.697284943 0.710450089
1785983417.190000057 1.261495069 1.171520386 0.470368038 -0.015242111 0.093983995 0.695977259 0.711723501
1785983417.200000048 1.260544384 1.170969561 0.467955577 -0.015354228 0.094036470 0.694713314 0.712947965
1785983417.210000038 1.259658917 1.170358907 0.465597403 -0.015512190 0.094084752 0.693451359 0.714165698
1785983417.220000029 1.258818614 1.169750087 0.463326997 -0.015757503 0.094103579 0.692176044 0.715393977
1785983417.230000019 1.258055779 1.169155453 0.461219879 -0.016036667 0.094075718 0.690883615 0.716639669
1785983417.240000010 1.257370023 1.168542175 0.459274625 -0.016317334 0.094077216 0.689578333 0.717889228
1785983417.250000000 1.256694712 1.167900375 0.457670838 -0.016584779 0.094087092 0.688242180 0.719162892
1785983417.259999990 1.255941764 1.167266810 0.456645145 -0.016848104 0.094121396 0.686828740 0.720502315
1785983417.269999981 1.255082319 1.166730119 0.456077399 -0.017044191 0.094099242 0.685465758 0.721797425
1785983417.279999971 1.254137969 1.166333497 0.456006682 -0.017304460 0.094044054 0.684139044 0.723056042
1785983417.289999962 1.253108118 1.166066393 0.456466840 -0.017610742 0.093936260 0.682819755 0.724308652
1785983417.299999952 1.251985838 1.165851323 0.457385088 -0.017995638 0.093747493 0.681474266 0.725589684
1785983417.309999943 1.250688992 1.165668606 0.458779825 -0.018356186 0.093630301 0.680091397 0.726892089
1785983417.319999933 1.249125326 1.165514241 0.460638299 -0.018719239 0.093531962 0.678769931 0.728129620
1785983417.329999924 1.247257506 1.165396626 0.462967273 -0.019090460 0.093525404 0.677331634 0.729458985
1785983417.339999914 1.245107138 1.165375437 0.465870424 -0.019543951 0.093663158 0.675857505 0.730795375
1785983417.349999905 1.242805502 1.165417171 0.469368325 -0.019996404 0.093790867 0.674274032 0.732228070
1785983417.359999895 1.240467924 1.165416219 0.473154442 -0.020500204 0.093910720 0.672701082 0.733644173
1785983417.369999886 1.238140361 1.165289275 0.477009186 -0.021057727 0.093955117 0.671143353 0.735048031
1785983417.380000114 1.235843609 1.165017468 0.480915131 -0.021642285 0.094104420 0.669628123 0.736392658
1785983417.390000105 1.233571429 1.164597381 0.484850215 -0.022389272 0.094289398 0.668083286 0.737748570
1785983417.400000095 1.231329815 1.164017146 0.488784007 -0.023048157 0.094366854 0.666662310 0.739002736
1785983417.410000086 1.229130219 1.163333856 0.492699610 -0.023594604 0.094529419 0.665060423 0.740406724
1785983417.420000076 1.226969429 1.162651576 0.496594963 -0.024148096 0.094701465 0.663463852 0.741797964
1785983417.430000067 1.224813123 1.161980712 0.500483718 -0.024732586 0.094904339 0.661851998 0.743191360
1785983417.440000057 1.222653974 1.161234174 0.504363937 -0.025340637 0.095172333 0.660192010 0.744611704
1785983417.450000048 1.220543503 1.160364966 0.508197932 -0.025881901 0.095447167 0.658499994 0.746054772
1785983417.460000038 1.218501482 1.159438557 0.511988823 -0.026388097 0.095711220 0.656816236 0.747486095
1785983417.470000029 1.216488435 1.158557772 0.515757094 -0.026817880 0.095994903 0.655140957 0.748903269
1785983417.480000019 1.214400358 1.157745396 0.519523565 -0.027150100 0.096208011 0.653542218 0.750259595
1785983417.490000010 1.212155437 1.156895729 0.523335627 -0.027499695 0.096411750 0.651889062 0.751657630
1785983417.500000000 1.209748577 1.155951925 0.527211278 -0.027734920 0.096530611 0.650310321 0.753000067
1785983417.509999990 1.207180268 1.154995742 0.531137343 -0.028036738 0.096710497 0.648582468 0.754454640
1785983417.519999981 1.204421841 1.154103618 0.535116131 -0.028252223 0.096843543 0.646916547 0.755858533
1785983417.529999971 1.201433801 1.153307461 0.539143355 -0.028470287 0.096952786 0.645186370 0.757313772
1785983417.539999962 1.198223323 1.152626747 0.543202933 -0.028632740 0.096880476 0.643411083 0.758825750
1785983417.549999952 1.194832295 1.152105484 0.547263881 -0.028730415 0.096819639 0.641632208 0.760334552
1785983417.559999943 1.191248934 1.151795197 0.551329331 -0.028751733 0.096691769 0.639949862 0.761766509
1785983417.569999933 1.187382343 1.151661736 0.555424622 -0.028630009 0.096454508 0.638455849 0.763053719
1785983417.579999924 1.183210826 1.151565814 0.559533373 -0.028531042 0.096212276 0.636662868 0.764584573
1785983417.589999914 1.178824048 1.151439067 0.563647795 -0.028569784 0.095845888 0.634949667 0.766052383
1785983417.599999905 1.174258800 1.151275723 0.567771257 -0.028665786 0.095502616 0.633195515 0.767542157
1785983417.609999895 1.169515889 1.151025435 0.571933207 -0.028680069 0.095081703 0.631445332 0.769034275
1785983417.619999886 1.164674045 1.150716800 0.576139691 -0.028712400 0.094644802 0.629701437 0.770515451
1785983417.630000114 1.159806010 1.150417467 0.580335617 -0.028760525 0.094253434 0.627947518 0.771991604
1785983417.640000105 1.154940961 1.150106077 0.584468672 -0.028767444 0.093818235 0.626164185 0.773491426
1785983417.650000095 1.150097634 1.149719222 0.588417566 -0.028804112 0.093429611 0.624423846 0.774942638
1785983417.660000086 1.145293431 1.149247981 0.591919263 -0.028844246 0.093099041 0.622657843 0.776400534
1785983417.670000076 1.140576740 1.148727686 0.594776245 -0.028884160 0.092832329 0.620865714 0.777864788
1785983417.680000067 1.135941996 1.148170053 0.597049202 -0.028966409 0.092612710 0.619053384 0.779330957
1785983417.690000057 1.131292823 1.147601393 0.598865700 -0.029010820 0.092438651 0.617232855 0.780792591
1785983417.700000048 1.126606845 1.147052852 0.600230453 -0.029036399 0.092262741 0.615413505 0.782247206
1785983417.710000038 1.121962783 1.146539875 0.601310503 -0.029039978 0.092097191 0.613551119 0.783728149
1785983417.720000029 1.117428699 1.146072369 0.602315398 -0.028983354 0.092070175 0.611653561 0.785215238
1785983417.730000019 1.113040488 1.145648016 0.603233871 -0.028932283 0.092167793 0.609656971 0.786756887
1785983417.740000010 1.108786377 1.145285671 0.604085103 -0.028827819 0.092281677 0.607735752 0.788232393
1785983417.750000000 1.104617035 1.145028909 0.604891396 -0.028723762 0.092478761 0.605773191 0.789722398
1785983417.759999990 1.100494071 1.144808224 0.605678830 -0.028624040 0.092675157 0.603845111 0.791178275
1785983417.769999981 1.096421669 1.144474073 0.606526540 -0.028519449 0.092857432 0.601915276 0.792629888
1785983417.779999971 1.092410139 1.143991934 0.607468598 -0.028415453 0.093001165 0.599899967 0.794143170
1785983417.789999962 1.088434696 1.143410608 0.608503962 -0.028290236 0.093160504 0.597881662 0.795649609
1785983417.799999952 1.084452549 1.142789179 0.609642904 -0.028174744 0.093265537 0.595930000 0.797104233
1785983417.809999943 1.080454401 1.142175256 0.610893223 -0.028101042 0.093336546 0.593922599 0.798595371
1785983417.819999933 1.076523272 1.141618882 0.612216052 -0.027989109 0.093376380 0.591923502 0.800077514
1785983417.829999924 1.072819179 1.141174366 0.613548357 -0.027887942 0.093353252 0.589928718 0.801555700
1785983417.839999914 1.069403215 1.140846785 0.614863693 -0.027761287 0.093271374 0.587900858 0.803058120
1785983417.849999905 1.066186384 1.140626831 0.616174623 -0.027666064 0.093132809 0.585949156 0.804502613
1785983417.859999895 1.063118556 1.140491757 0.617785185 -0.027566460 0.092935535 0.583910723 0.806009518
1785983417.869999886 1.060195420 1.140415732 0.619731416 -0.027617602 0.092667180 0.581847089 0.807529582
1785983417.880000114 1.057400205 1.140396510 0.621747641 -0.027679942 0.092314923 0.579786437 0.809048492
1785983417.890000105 1.054721676 1.140408052 0.623805466 -0.027837151 0.091894528 0.577745983 0.810549238
1785983417.900000095 1.052115434 1.140368169 0.625942597 -0.027968927 0.091466741 0.575747347 0.812013895
1785983417.910000086 1.049498737 1.140225013 0.628221075 -0.028061675 0.091040880 0.573728970 0.813485814
1785983417.920000076 1.046832145 1.139945661 0.630826993 -0.028130492 0.090566596 0.571850785 0.814857685
1785983417.930000067 1.044113050 1.139417274 0.633766180 -0.028342416 0.090088477 0.569796200 0.816341267
1785983417.940000057 1.041334461 1.138633830 0.637040441 -0.028463949 0.089667219 0.567748264 0.817808964
1785983417.950000048 1.038509810 1.137665346 0.640920577 -0.028683137 0.089032896 0.565764448 0.819244170
1785983417.960000038 1.035658749 1.136574214 0.645450910 -0.028716242 0.088524796 0.563771491 0.820670728
1785983417.970000029 1.032817530 1.135446287 0.650412733 -0.028790160 0.088174086 0.561759291 0.822084519
1785983417.980000019 1.030008594 1.134344932 0.655500482 -0.028823624 0.087854402 0.559773071 0.823471258
1785983417.990000010 1.027168047 1.133283382 0.660597987 -0.028859765 0.087581060 0.557830802 0.824816021
1785983418.000000000 1.024274191 1.132242595 0.665723546 -0.028857484 0.087339856 0.555860248 0.826170914
1785983418.009999990 1.021367996 1.131229213 0.670888764 -0.028817937 0.087168538 0.553925211 0.827488993
1785983418.019999981 1.018465091 1.130228852 0.676102518 -0.028794204 0.087034277 0.552009707 0.828782970
1785983418.029999971 1.015590255 1.129220604 0.681349860 -0.028688744 0.086941922 0.550043575 0.830102478
1785983418.039999962 1.012761295 1.128193944 0.686621192 -0.028512129 0.086905086 0.548059054 0.831423982
1785983418.049999952 1.009959491 1.127097698 0.691933685 -0.028229608 0.086974591 0.546065630 0.832736956
1785983418.059999943 1.007144068 1.125890476 0.697313288 -0.027948921 0.086975360 0.544019957 0.834084187
1785983418.069999933 1.004267354 1.124595411 0.702765089 -0.027634555 0.086971023 0.542055662 0.835372990
1785983418.079999924 1.001306034 1.123180280 0.708290528 -0.027355292 0.087004959 0.540031864 0.836688360
1785983418.089999914 0.998281732 1.121545902 0.713909974 -0.027192798 0.087112302 0.538038693 0.837965610
1785983418.099999905 0.995238203 1.119636467 0.719640629 -0.026944209 0.087253214 0.536021905 0.839250501
1785983418.109999895 0.992179452 1.117441059 0.725507010 -0.026802047 0.087311636 0.533973295 0.840553894
1785983418.119999886 0.989094434 1.115015665 0.731495102 -0.026691596 0.087521675 0.532010500 0.841779272
1785983418.130000114 0.986035439 1.112548090 0.737534417 -0.026637460 0.087722762 0.529976868 0.843041922
1785983418.140000105 0.983059546 1.110162349 0.743585087 -0.026609620 0.087942900 0.527950220 0.844290554
1785983418.150000095 0.980147379 1.107788873 0.749656406 -0.026697701 0.088162335 0.525932625 0.845523216
1785983418.160000086 0.977260840 1.105350801 0.755752978 -0.026835406 0.088383574 0.523877023 0.846770966
1785983418.170000076 0.974424224 1.102891860 0.761841850 -0.026944631 0.088641009 0.521811411 0.848015100
1785983418.180000067 0.971649378 1.100459952 0.767905903 -0.027079899 0.088931698 0.519807014 0.849210516
1785983418.190000057 0.968899500 1.098039560 0.773941934 -0.027238897 0.089202686 0.517830483 0.850383745
1785983418.200000048 0.966171940 1.095605095 0.779921910 -0.027404768 0.089436719 0.515862808 0.851548950
1785983418.210000038 0.963484429 1.093104542 0.785879411 -0.027540106 0.089686429 0.513829203 0.852746995
1785983418.220000029 0.960816345 1.090499057 0.791878213 -0.027729550 0.089899699 0.511800008 0.853937860
1785983418.230000019 0.958180054 1.087787661 0.797924861 -0.027834625 0.090174775 0.509837028 0.855078914
1785983418.240000010 0.955529120 1.084954224 0.804023098 -0.027882575 0.090417629 0.507712765 0.856314757
1785983418.250000000 0.952761241 1.081999680 0.810191420 -0.027806323 0.090725267 0.505652876 0.857502713
1785983418.259999990 0.949825986 1.078960617 0.816442394 -0.027685124 0.090955006 0.503863132 0.858535186
1785983418.269999981 0.946765644 1.075817568 0.822748160 -0.027713258 0.091140264 0.502122136 0.859534053
1785983418.279999971 0.943582731 1.072572775 0.828943020 -0.027585599 0.091283479 0.500186489 0.860650822
1785983418.289999962 0.940241264 1.069258915 0.834965621 -0.027501475 0.091504797 0.498227314 0.861765679
1785983418.299999952 0.936769064 1.065881646 0.840468338 -0.027495056 0.091710784 0.496336858 0.862834212
1785983418.309999943 0.933175955 1.062479662 0.845095525 -0.027557020 0.091925539 0.494476987 0.863876620
1785983418.319999933 0.929479985 1.059095575 0.848949822 -0.027613767 0.092149889 0.492564636 0.864942748
1785983418.329999924 0.925680674 1.055719981 0.851938673 -0.027664298 0.092353346 0.490688912 0.865984952
1785983418.339999914 0.921772055 1.052327960 0.853959358 -0.027664039 0.092590958 0.488792308 0.867031542
1785983418.349999905 0.917789907 1.048908832 0.855193565 -0.027599528 0.092861730 0.486927277 0.868053450
1785983418.359999895 0.913786002 1.045454172 0.855880811 -0.027559730 0.093140442 0.485085397 0.869055509
1785983418.369999886 0.909769450 1.041958907 0.856174982 -0.027443837 0.093415957 0.483122000 0.870122651
1785983418.380000114 0.905760123 1.038473454 0.856218284 -0.027371881 0.093699246 0.481158928 0.871181564
1785983418.390000105 0.901818278 1.035098731 0.856090819 -0.027341605 0.093938471 0.479201334 0.872235107
1785983418.400000095 0.897977107 1.031819891 0.855713446 -0.027244472 0.094210525 0.477175662 0.873318672
1785983418.410000086 0.894269290 1.028549490 0.855166858 -0.027143683 0.094518252 0.475221884 0.874353293
1785983418.420000076 0.890679755 1.025256005 0.854632823 -0.027066681 0.094737841 0.473211809 0.875421453
1785983418.430000067 0.887060228 1.021926855 0.854143551 -0.026990677 0.094887977 0.470991229 0.876604265
1785983418.440000057 0.883365636 1.018528998 0.853703695 -0.026983140 0.094956654 0.468981422 0.877673954
1785983418.450000048 0.879710571 1.015051531 0.853300503 -0.027067146 0.094942589 0.466943574 0.878758768
1785983418.460000038 0.876160604 1.011500978 0.852914434 -0.027290204 0.094799105 0.464977745 0.879809111
1785983418.470000029 0.872708511 1.007938089 0.852503163 -0.027528212 0.094627136 0.462893248 0.880918693
1785983418.480000019 0.869333475 1.004432467 0.852056739 -0.027773291 0.094456338 0.460965364 0.881939668
1785983418.490000010 0.866003382 1.000961085 0.851607679 -0.027988389 0.094298261 0.458940644 0.883005081
1785983418.500000000 0.862672678 0.997469056 0.851165067 -0.028306598 0.093924225 0.456902819 0.884090940
1785983418.509999990 0.859323294 0.993923082 0.850725968 -0.028575185 0.093694452 0.454888242 0.885144901
1785983418.519999981 0.855961382 0.990319528 0.850382398 -0.029052846 0.093529363 0.452922248 0.886154404
1785983418.529999971 0.852583212 0.986665435 0.850160873 -0.029528437 0.093366063 0.450786744 0.887244138
1785983418.539999962 0.849168301 0.982996549 0.850197561 -0.030022031 0.093228758 0.448690635 0.888303884
1785983418.549999952 0.845667354 0.979347805 0.850593901 -0.030519978 0.093078523 0.446727681 0.889291459
1785983418.559999943 0.842088586 0.975728857 0.851561276 -0.031066175 0.093102397 0.444570166 0.890350607
1785983418.569999933 0.838554458 0.972136790 0.853287173 -0.031700122 0.093134117 0.442535851 0.891337848
1785983418.579999924 0.835115643 0.968594199 0.855356917 -0.032258116 0.093210101 0.440659898 0.892238839
1785983418.589999914 0.831712422 0.965135842 0.857454975 -0.032893014 0.093294357 0.438748579 0.893148306
1785983418.599999905 0.828313183 0.961767507 0.859547735 -0.033628095 0.093453541 0.436808546 0.894054741
1785983418.609999895 0.824936381 0.958463916 0.861600286 -0.034398591 0.093653548 0.434992947 0.894889315
1785983418.619999886 0.821618255 0.955182986 0.863447609 -0.035187403 0.093907498 0.433072813 0.895762897
1785983418.630000114 0.818402350 0.951913933 0.864958009 -0.035977855 0.094182710 0.431152168 0.896628696
1785983418.640000105 0.815273816 0.948670525 0.865986344 -0.036753208 0.094454134 0.429210149 0.897500009
1785983418.650000095 0.812155104 0.945480903 0.866394279 -0.037504839 0.094742131 0.427366453 0.898318001
1785983418.660000086 0.808978938 0.942344954 0.866159078 -0.038207083 0.095107171 0.425513051 0.899129295
1785983418.670000076 0.805727994 0.939243781 0.865411695 -0.038779164 0.095538278 0.423722587 0.899904319
1785983418.680000067 0.802440805 0.936206059 0.864305489 -0.039351462 0.095936928 0.421907526 0.900689518
1785983418.690000057 0.799202810 0.933304125 0.862992858 -0.039802668 0.096367256 0.420028426 0.901501648
1785983418.700000048 0.796069214 0.930551744 0.861655678 -0.040136313 0.096723609 0.418319911 0.902242801
1785983418.710000038 0.792970678 0.927842665 0.860319959 -0.040437888 0.097143640 0.416400606 0.903071661
1785983418.720000029 0.789809504 0.925095443 0.858991224 -0.040779204 0.097563424 0.414545671 0.903864105
1785983418.730000019 0.786559361 0.922326740 0.857679220 -0.041209556 0.097982847 0.412672575 0.904656001
1785983418.740000010 0.783260319 0.919579442 0.856388788 -0.041557005 0.098456045 0.410699346 0.905486317
1785983418.750000000 0.779916593 0.916834739 0.855126195 -0.041841461 0.098916977 0.408753576 0.906303061
1785983418.759999990 0.776504850 0.914039784 0.853910682 -0.042063773 0.099443010 0.406736472 0.907142309
1785983418.769999981 0.773084179 0.911167894 0.852740069 -0.042328691 0.099969779 0.404827533 0.907925654
1785983418.779999971 0.769678949 0.908231230 0.851425682 -0.042538520 0.100452319 0.402947381 0.908698638
1785983418.789999962 0.766248676 0.905257617 0.849937206 -0.042718952 0.100914859 0.401151069 0.909433396
1785983418.799999952 0.762781536 0.902267589 0.848429340 -0.042933903 0.101402893 0.399317546 0.910175604
1785983418.809999943 0.759236584 0.899267618 0.846916277 -0.043137012 0.101807499 0.397614679 0.910866070
1785983418.819999933 0.755604223 0.896282443 0.845405824 -0.043354401 0.102112554 0.395775403 0.911622319
1785983418.829999924 0.751984979 0.893381368 0.843883027 -0.043579944 0.102407530 0.393912949 0.912384828
1785983418.839999914 0.748408341 0.890558069 0.842355180 -0.043894722 0.102621355 0.391958500 0.913187081
1785983418.849999905 0.744781248 0.887719056 0.840903873 -0.044290486 0.102720536 0.390075413 0.913962809
1785983418.859999895 0.741132121 0.884882133 0.839595710 -0.044714198 0.102714088 0.388168840 0.914754288
1785983418.869999886 0.737613723 0.882172186 0.838572938 -0.045150669 0.102695892 0.386384600 0.915489984
1785983418.880000114 0.734299805 0.879625710 0.837781889 -0.045584967 0.102645927 0.384541134 0.916249933
1785983418.890000105 0.731164568 0.877185366 0.837188353 -0.045997586 0.102700329 0.382639907 0.917018847
1785983418.900000095 0.728177037 0.874768538 0.837242803 -0.046542941 0.102707152 0.380596263 0.917840661
1785983418.910000086 0.725342218 0.872367841 0.838143432 -0.046974527 0.102651412 0.378580431 0.918658227
1785983418.920000076 0.722658890 0.869988194 0.839810363 -0.047391613 0.102570720 0.376520575 0.919492001
1785983418.930000067 0.720104043 0.867568707 0.842261876 -0.047872402 0.102447331 0.374599442 0.920265199
1785983418.940000057 0.717656622 0.865058755 0.845407251 -0.048261846 0.102297397 0.372368367 0.921166563
1785983418.950000048 0.715196802 0.862503947 0.849280940 -0.048494686 0.101993858 0.370437637 0.921966092
1785983418.960000038 0.712692636 0.859940471 0.853881282 -0.048637850 0.101672324 0.368234308 0.922876261
1785983418.970000029 0.710253290 0.857322559 0.858887401 -0.048859416 0.101427756 0.366017272 0.923772983
1785983418.980000019 0.707898596 0.854644611 0.864410148 -0.049123847 0.101089541 0.363608216 0.924746894
1785983418.990000010 0.705571703 0.851906556 0.870551178 -0.049306563 0.101016430 0.361228613 0.925677283
1785983419.000000000 0.703213740 0.849083286 0.876971900 -0.049481675 0.100752418 0.359029493 0.926551854
1785983419.009999990 0.700821652 0.846136318 0.883629302 -0.049631189 0.100353773 0.356750803 0.927466835
1785983419.019999981 0.698301144 0.843052318 0.891068185 -0.049813060 0.099737181 0.354555679 0.928364920
1785983419.029999971 0.695621130 0.839843412 0.899350831 -0.049893086 0.099099818 0.352190539 0.929328645
1785983419.039999962 0.692839895 0.836463421 0.907892206 -0.049863534 0.098639932 0.349834034 0.930268746
1785983419.049999952 0.689927744 0.832911775 0.916494628 -0.049854534 0.097901180 0.347599267 0.931184533
1785983419.059999943 0.686844759 0.829247345 0.925118249 -0.049946524 0.097170894 0.345457246 0.932052817
1785983419.069999933 0.683592607 0.825443967 0.933594540 -0.049932315 0.096576552 0.343075101 0.932994753
1785983419.079999924 0.680175037 0.821484087 0.941828203 -0.049967286 0.095901345 0.340840174 0.933881244
1785983419.089999914 0.676550446 0.817379926 0.949909305 -0.050088357 0.095073669 0.338557335 0.934789327
1785983419.099999905 0.672715519 0.813179990 0.957958734 -0.050133694 0.094424657 0.336754186 0.935503723
1785983419.109999895 0.668726178 0.808931171 0.965607416 -0.050237012 0.093772020 0.334643854 0.936320747
1785983419.119999886 0.664619045 0.804606242 0.972277691 -0.050381415 0.093136830 0.332624549 0.937095595
1785983419.130000114 0.660390866 0.800198861 0.977819129 -0.050494303 0.092568365 0.330524123 0.937888707
1785983419.140000105 0.656049527 0.795740340 0.982328428 -0.050535884 0.092070429 0.328563646 0.938624041
1785983419.150000095 0.651618242 0.791252797 0.986356567 -0.050498698 0.091464595 0.326631174 0.939359455
1785983419.160000086 0.647100156 0.786771408 0.990365456 -0.050717691 0.091041983 0.324388639 0.940165456
1785983419.170000076 0.642473733 0.782332949 0.994376062 -0.050808975 0.090652914 0.322293322 0.940918440
1785983419.180000067 0.637807968 0.777980422 0.998398976 -0.051128430 0.090278943 0.320221942 0.941644043
1785983419.190000057 0.633220924 0.773719130 1.002419361 -0.051550255 0.089790986 0.318202343 0.942352067
1785983419.200000048 0.628777681 0.769559015 1.006401149 -0.051921598 0.089440467 0.316175044 0.943047131
1785983419.210000038 0.624535691 0.765583147 1.010304574 -0.052460779 0.089208873 0.314196581 0.943700245
1785983419.220000029 0.620508790 0.761822239 1.014139777 -0.052991870 0.088825742 0.312140553 0.944388757
1785983419.230000019 0.616624630 0.758206673 1.017960623 -0.053627058 0.088343474 0.310285870 0.945009126
1785983419.240000010 0.612823067 0.754651839 1.021754456 -0.054333786 0.087854495 0.308180060 0.945703166
1785983419.250000000 0.609073424 0.751100166 1.025222864 -0.055092629 0.087379327 0.306245386 0.946331559
1785983419.259999990 0.605392758 0.747556428 1.028246263 -0.055872187 0.086868785 0.304260989 0.946972736
1785983419.269999981 0.601843835 0.744110807 1.030774697 -0.056671976 0.086267927 0.302430411 0.947566345
1785983419.279999971 0.598445058 0.740817121 1.032903066 -0.057485099 0.085670704 0.300494279 0.948187314
1785983419.289999962 0.595145418 0.737666950 1.034937287 -0.058348583 0.085020960 0.298541812 0.948809604
1785983419.299999952 0.591883489 0.734627167 1.036847634 -0.059222350 0.084351836 0.296584482 0.949428842
1785983419.309999943 0.588689102 0.731664362 1.038599710 -0.060161967 0.083678112 0.294630110 0.950037688
1785983419.319999933 0.585575412 0.728783894 1.040122669 -0.060988562 0.083096868 0.292649496 0.950647978
1785983419.329999924 0.582462719 0.726034727 1.041249894 -0.061666938 0.082627817 0.290727554 0.951234630
1785983419.339999914 0.579299253 0.723427073 1.041764185 -0.062248215 0.082216724 0.288755945 0.951832745
1785983419.349999905 0.576108704 0.720914952 1.041510022 -0.062761930 0.081817247 0.286777106 0.952431504
1785983419.359999895 0.572943647 0.718438491 1.040362488 -0.063256342 0.081503753 0.284855439 0.953002179
1785983419.369999886 0.569853176 0.715953672 1.038273922 -0.063611082 0.081187594 0.282792247 0.953619814
1785983419.380000114 0.566900733 0.713486478 1.035565880 -0.063907784 0.080947473 0.280804744 0.954207523
1785983419.390000105 0.564103413 0.711080395 1.032354672 -0.064092144 0.080747517 0.279212550 0.954679207
1785983419.400000095 0.561438266 0.708749307 1.028667207 -0.064201582 0.080590949 0.277209493 0.955268629
1785983419.410000086 0.558879059 0.706465599 1.024783104 -0.064136947 0.080478135 0.275276026 0.955841426
1785983419.420000076 0.556390017 0.704205200 1.020830896 -0.064034326 0.080470583 0.273352110 0.956400917
1785983419.430000067 0.554006002 0.701928868 1.016832243 -0.063946137 0.080469129 0.271293558 0.956992903
1785983419.440000057 0.551776627 0.699558952 1.012812256 -0.063872839 0.080527117 0.269257661 0.957567729
1785983419.450000048 0.549693624 0.697055427 1.008778420 -0.063785230 0.080554216 0.267336341 0.958109463
1785983419.460000038 0.547683283 0.694478307 1.004503469 -0.063632749 0.080618851 0.265389629 0.958655214
1785983419.470000029 0.545676282 0.691942315 0.999879086 -0.063409289 0.080709321 0.263411066 0.959207943
1785983419.480000019 0.543630873 0.689490209 0.995134760 -0.063229573 0.080747663 0.261444241 0.959754523
1785983419.490000010 0.541486604 0.687097028 0.990401959 -0.062992569 0.080643708 0.259858692 0.960209346
1785983419.500000000 0.539230800 0.684687102 0.985464816 -0.062786011 0.080650614 0.258001287 0.960723025
1785983419.509999990 0.536933252 0.682201390 0.980195896 -0.062574894 0.080646486 0.256131022 0.961237445
1785983419.519999981 0.534627325 0.679658459 0.974747950 -0.062380891 0.080638392 0.254147190 0.961777147
1785983419.529999971 0.532265926 0.677110813 0.968775312 -0.062155467 0.080652140 0.252209999 0.962300393
1785983419.539999962 0.529839766 0.674566646 0.962248977 -0.061921660 0.080686084 0.250279732 0.962816452
1785983419.549999952 0.527332823 0.671974007 0.955635400 -0.061740157 0.080763376 0.248284514 0.963338066
1785983419.559999943 0.524755095 0.669225074 0.949029474 -0.061639857 0.080894365 0.246449519 0.963804578
1785983419.569999933 0.522171721 0.666328369 0.942428269 -0.061519309 0.081029957 0.244464458 0.964306305
1785983419.579999924 0.519539690 0.663382294 0.935889689 -0.061386242 0.081052359 0.242512675 0.964805601
1785983419.589999914 0.516801334 0.660389501 0.929422902 -0.061284305 0.081029148 0.240638175 0.965283264
1785983419.599999905 0.513911127 0.657331720 0.923008758 -0.061082227 0.081113941 0.238595734 0.965795820
1785983419.609999895 0.510864960 0.654166022 0.916766068 -0.060870941 0.081176524 0.236636220 0.966285879
1785983419.619999886 0.507674020 0.650881358 0.910988571 -0.060554869 0.081294887 0.234677321 0.966773398
1785983419.630000114 0.504316613 0.647508495 0.905637389 -0.060344031 0.081512226 0.232662126 0.967255235
1785983419.640000105 0.500802035 0.644046751 0.900443000 -0.060078879 0.081790118 0.230727288 0.967711643
1785983419.650000095 0.497175459 0.640517219 0.895410695 -0.059849788 0.082009108 0.228742397 0.968178405
1785983419.660000086 0.493482709 0.636926223 0.890467193 -0.059492102 0.082290014 0.226842384 0.968623547
1785983419.670000076 0.489729620 0.633250893 0.885527300 -0.059087071 0.082299770 0.225130197 0.969046882
1785983419.680000067 0.485915179 0.629501041 0.880622107 -0.058819041 0.082173581 0.223526676 0.969445021
1785983419.690000057 0.482003658 0.625668999 0.875788424 -0.058375446 0.082075745 0.222138897 0.969799046
1785983419.700000048 0.478047926 0.621735756 0.870996795 -0.058104435 0.082123792 0.220499021 0.970185415
1785983419.710000038 0.474113703 0.617778435 0.866207709 -0.057619928 0.081994005 0.219214670 0.970516283
1785983419.720000029 0.470165896 0.613852952 0.861456131 -0.057282294 0.081901117 0.217498669 0.970930108
1785983419.730000019 0.466206156 0.609927740 0.856746726 -0.056914457 0.081835384 0.215898223 0.971314404
1785983419.740000010 0.462313161 0.606020883 0.852038831 -0.056668988 0.081770094 0.214377272 0.971671067
1785983419.750000000 0.458599949 0.602124858 0.847321061 -0.056106971 0.081742116 0.213092855 0.971988513
1785983419.759999990 0.455049846 0.598216008 0.842636868 -0.055700144 0.081451656 0.211465940 0.972391525
1785983419.769999981 0.451458250 0.594277351 0.838225594 -0.055303645 0.081136492 0.209949322 0.972769068
1785983419.779999971 0.447737333 0.590299508 0.834353698 -0.054932759 0.080916963 0.208371536 0.973147543
1785983419.789999962 0.443983759 0.586353802 0.831047797 -0.054669626 0.080750413 0.206881115 0.973494123
1785983419.799999952 0.440225490 0.582516551 0.828358362 -0.054495761 0.080414084 0.205299445 0.973866482
1785983419.809999943 0.436332572 0.578767422 0.826085082 -0.054342342 0.080154012 0.203793376 0.974212761
1785983419.819999933 0.432204427 0.575076034 0.823871899 -0.054153275 0.079658326 0.202358191 0.974563049
1785983419.829999924 0.427903927 0.571426242 0.821678573 -0.053988664 0.079229650 0.200655362 0.974959134
1785983419.839999914 0.423515151 0.567767804 0.819501610 -0.053820592 0.078817394 0.199080879 0.975324544
1785983419.849999905 0.419074976 0.564102594 0.817215440 -0.053512025 0.078322550 0.197936134 0.975614334
1785983419.859999895 0.414590418 0.560536206 0.814805024 -0.053348767 0.078172049 0.196585735 0.975908340
1785983419.869999886 0.410019251 0.557108493 0.812361497 -0.053223768 0.077997469 0.195132895 0.976220661
1785983419.880000114 0.405464560 0.553790461 0.810075357 -0.053049176 0.077870252 0.193742304 0.976517244
1785983419.890000105 0.401168960 0.550642850 0.808539767 -0.052916041 0.077794842 0.192276281 0.976820192
1785983419.900000095 0.397253493 0.547747885 0.808408631 -0.052853701 0.077632541 0.190937038 0.977099136
1785983419.910000086 0.393674025 0.545201991 0.810028085 -0.052864742 0.077670031 0.189439743 0.977386960
1785983419.920000076 0.390377691 0.543030395 0.813239355 -0.052824166 0.077742009 0.187936329 0.977673628
1785983419.930000067 0.387377627 0.541188091 0.817748912 -0.052738191 0.077866146 0.186339447 0.977974006
1785983419.940000057 0.384622631 0.539596430 0.822881400 -0.052594444 0.078162506 0.184827528 0.978244976
1785983419.950000048 0.382131156 0.538250399 0.828512756 -0.052608818 0.078518225 0.183248586 0.978512727
1785983419.960000038 0.379863904 0.537129241 0.834652905 -0.052565215 0.078849879 0.181651990 0.978786059
1785983419.970000029 0.377656162 0.536120383 0.840791417 -0.052597562 0.079160766 0.180101451 0.979045728
1785983419.980000019 0.375464053 0.535161170 0.846927930 -0.052597647 0.079458875 0.178612439 0.979294323
1785983419.990000010 0.373387793 0.534163738 0.853035858 -0.052733508 0.079844550 0.177002195 0.979547982
1785983420.000000000 0.371477309 0.533082052 0.859003295 -0.052926917 0.080232097 0.175429915 0.979788700
1785983420.009999990 0.369567595 0.531974705 0.864565017 -0.053131663 0.080687694 0.174007503 0.979993832
1785983420.019999981 0.367538622 0.530880818 0.869545621 -0.053448477 0.081074462 0.172686415 0.980178348
1785983420.029999971 0.365381938 0.529759367 0.874095398 -0.053870346 0.081353698 0.171279261 0.980378996
1785983420.039999962 0.363133028 0.528528419 0.878188017 -0.054381606 0.081490123 0.170022182 0.980558238
1785983420.049999952 0.360806509 0.527188592 0.881967719 -0.055190936 0.081602978 0.168488959 0.980768263
1785983420.059999943 0.358443244 0.525767975 0.885739259 -0.055890011 0.081577323 0.167144872 0.980960773
1785983420.069999933 0.356095522 0.524177413 0.889254104 -0.056491047 0.081687827 0.165949603 0.981120069
1785983420.079999924 0.353748844 0.522318616 0.892193206 -0.057226834 0.081705491 0.164669943 0.981291553
1785983420.089999914 0.351455057 0.520228259 0.894674635 -0.057618037 0.081572552 0.163289520 0.981510373
1785983420.099999905 0.349228658 0.517977047 0.896709089 -0.058015770 0.081229744 0.162100544 0.981712439
1785983420.109999895 0.347078013 0.515629130 0.898420172 -0.058372584 0.080890613 0.160704165 0.981948839
1785983420.119999886 0.345148037 0.513330701 0.900851651 -0.058608036 0.080496238 0.159284086 0.982198571
1785983420.130000114 0.343575647 0.511145668 0.904963633 -0.058724146 0.080225897 0.157425478 0.982513358
1785983420.140000105 0.342372383 0.509105217 0.911063600 -0.058792219 0.079956397 0.155737989 0.982800147
1785983420.150000095 0.341515083 0.507286980 0.919201263 -0.058804279 0.079640548 0.153894089 0.983115481
1785983420.160000086 0.340915660 0.505733951 0.929234470 -0.058666230 0.079435790 0.152276840 0.983392085
1785983420.170000076 0.340470423 0.504426942 0.941084908 -0.058643792 0.079177188 0.150376149 0.983706710
1785983420.180000067 0.340132960 0.503392945 0.954848289 -0.058559608 0.079153303 0.148784614 0.983955622
1785983420.190000057 0.339904734 0.502649446 0.970379507 -0.058535999 0.079133910 0.147010480 0.984225218
1785983420.200000048 0.339772001 0.502156256 0.987265706 -0.058617704 0.079208558 0.145078612 0.984500973
1785983420.210000038 0.339652890 0.501854682 1.004969532 -0.058647739 0.079380162 0.143197512 0.984760735
1785983420.220000029 0.339458364 0.501675441 1.023134451 -0.058568503 0.079567814 0.141388349 0.985011689
1785983420.230000019 0.339066184 0.501583787 1.041539410 -0.058443116 0.079886796 0.139642011 0.985242412
1785983420.240000010 0.338465707 0.501559583 1.059986091 -0.058437485 0.080169012 0.137856226 0.985471284
1785983420.250000000 0.337758119 0.501602969 1.078470750 -0.058424979 0.080545622 0.136044009 0.985693133
1785983420.259999990 0.336986040 0.501653456 1.096995440 -0.058395705 0.080708405 0.134307502 0.985919667
1785983420.269999981 0.336134297 0.501681169 1.115548339 -0.058527813 0.081034947 0.132364749 0.986147761
1785983420.279999971 0.335172640 0.501652976 1.134101901 -0.058615285 0.081209321 0.130606108 0.986362681
1785983420.289999962 0.334112241 0.501533790 1.152497228 -0.058668115 0.081368984 0.128732205 0.986592702
1785983420.299999952 0.332985999 0.501317140 1.170726519 -0.058777097 0.081415059 0.126861321 0.986824729
1785983420.309999943 0.331801071 0.500945947 1.188396577 -0.058885600 0.081310071 0.124998640 0.987064587
1785983420.319999933 0.330580828 0.500409856 1.205012132 -0.058990144 0.081147152 0.123164899 0.987302239
1785983420.329999924 0.329357194 0.499760056 1.220554007 -0.059184885 0.080922003 0.121489036 0.987516680
1785983420.339999914 0.328140832 0.498980063 1.235075408 -0.059382947 0.080688077 0.119721306 0.987739798
1785983420.349999905 0.326906417 0.497985224 1.248632556 -0.059604865 0.080421678 0.117949278 0.987961326
1785983420.359999895 0.325621861 0.496729782 1.261114876 -0.059893190 0.080287575 0.116199243 0.988162156
1785983420.369999886 0.324309783 0.495168835 1.272517068 -0.060069259 0.080125074 0.114709296 0.988338724
1785983420.380000114 0.323002949 0.493299533 1.282993206 -0.060264230 0.079819418 0.112792754 0.988572141
1785983420.390000105 0.321705442 0.491167390 1.292578255 -0.060584454 0.079447036 0.111105415 0.988773624
1785983420.400000095 0.320406324 0.488808626 1.301125840 -0.061011242 0.079034794 0.109395029 0.988971110
1785983420.410000086 0.319129552 0.486271329 1.308940571 -0.061532751 0.078607978 0.107717705 0.989156915
1785983420.420000076 0.317923001 0.483551171 1.316201781 -0.062094041 0.078071145 0.106152070 0.989333596
1785983420.430000067 0.316804086 0.480631260 1.322564379 -0.062644549 0.077489485 0.104521321 0.989518233
1785983420.440000057 0.315709287 0.477575735 1.327736124 -0.063288953 0.076900410 0.102902040 0.989692884
1785983420.450000048 0.314545290 0.474464194 1.331592237 -0.063949930 0.076322914 0.101242781 0.989866212
1785983420.460000038 0.313281602 0.471318060 1.334248539 -0.064662872 0.075770633 0.099649178 0.990024023
1785983420.470000029 0.311873549 0.468166924 1.336307339 -0.065432533 0.075190245 0.097746510 0.990207367
1785983420.480000019 0.310291705 0.465041205 1.338198420 -0.065842548 0.074781696 0.096239517 0.990358729
1785983420.490000010 0.308536060 0.461941006 1.339960983 -0.066345989 0.074264198 0.094727296 0.990509858
1785983420.500000000 0.306606060 0.458905554 1.341723332 -0.066505786 0.073976821 0.093224765 0.990663189
1785983420.509999990 0.304556276 0.456006068 1.343435499 -0.066799450 0.073528513 0.091622517 0.990826274
1785983420.519999981 0.302409406 0.453241593 1.345004898 -0.066947348 0.073065543 0.090077760 0.990992168
1785983420.529999971 0.300151656 0.450500477 1.346072497 -0.066929221 0.072643508 0.088480691 0.991168284
1785983420.539999962 0.297795635 0.447751257 1.346369046 -0.066897591 0.072208231 0.086871685 0.991344539
1785983420.549999952 0.295381808 0.445066434 1.346231833 -0.066778796 0.071710733 0.085427931 0.991514111
1785983420.559999943 0.292948874 0.442473301 1.345994298 -0.066708497 0.071182030 0.083836648 0.991692751
1785983420.569999933 0.290499128 0.439941698 1.345750530 -0.066721956 0.070756346 0.082271169 0.991853404
1785983420.579999924 0.288070193 0.437436473 1.345544271 -0.066617709 0.070350082 0.080709501 0.992017602
1785983420.589999914 0.285726006 0.434953390 1.345302483 -0.066533386 0.069938438 0.079190329 0.992174791
1785983420.599999905 0.283484045 0.432459980 1.344903016 -0.066493017 0.069548466 0.077757191 0.992318250
1785983420.609999895 0.281282135 0.429915057 1.344131019 -0.066428798 0.069219908 0.076238084 0.992463387
1785983420.619999886 0.279081976 0.427292290 1.342921008 -0.066382711 0.068881132 0.074744815 0.992603616
1785983420.630000114 0.276895814 0.424582898 1.341512773 -0.066478610 0.068487302 0.073395545 0.992725127
1785983420.640000105 0.274714788 0.421822342 1.340074313 -0.066592390 0.068185225 0.072022788 0.992838832
1785983420.650000095 0.272513406 0.419070648 1.338617903 -0.066672043 0.067935081 0.070658261 0.992948676
1785983420.660000086 0.270276020 0.416377228 1.337138069 -0.066894623 0.067759450 0.069331266 0.993039245
1785983420.670000076 0.268007838 0.413731033 1.335649451 -0.067180891 0.067579416 0.068087430 0.993118247
1785983420.680000067 0.265732969 0.411102407 1.334151131 -0.067548782 0.067500202 0.066886996 0.993180253
1785983420.690000057 0.263524439 0.408407990 1.332633892 -0.067950477 0.067492835 0.065802277 0.993225810
1785983420.700000048 0.261444882 0.405590760 1.331099457 -0.068351750 0.067484603 0.064637593 0.993275313
1785983420.710000038 0.259500800 0.402640033 1.329574153 -0.068871057 0.067607343 0.063406990 0.993310414
1785983420.720000029 0.257675785 0.399595295 1.328042709 -0.069316635 0.067786233 0.062120712 0.993348503
1785983420.730000019 0.255928783 0.396517072 1.326351896 -0.069667217 0.067861782 0.060926642 0.993392773
1785983420.740000010 0.254219453 0.393423110 1.324440925 -0.070073828 0.068000919 0.059764460 0.993425258
1785983420.750000000 0.252506329 0.390352673 1.322371262 -0.070561711 0.068228102 0.058606423 0.993444139
1785983420.759999990 0.250745319 0.387303876 1.320151927 -0.071054219 0.068525723 0.057471745 0.993454841
1785983420.769999981 0.248891101 0.384286816 1.317857467 -0.071521555 0.068913480 0.056308717 0.993461085
1785983420.779999971 0.246911067 0.381333719 1.315572448 -0.072062447 0.069386616 0.055160464 0.993453484
1785983420.789999962 0.244820945 0.378459717 1.313293939 -0.072609179 0.069916775 0.054067343 0.993436598
1785983420.799999952 0.242658291 0.375636531 1.311022544 -0.073084647 0.070460713 0.052987315 0.993421495
1785983420.809999943 0.240482795 0.372824363 1.308758101 -0.073534652 0.071090863 0.051927795 0.993399340
1785983420.819999933 0.238330801 0.370034662 1.306483865 -0.074028158 0.071679798 0.050869233 0.993375135
1785983420.829999924 0.236157354 0.367265654 1.304211933 -0.074509150 0.072267081 0.049833033 0.993349145
1785983420.839999914 0.233957090 0.364532397 1.301948477 -0.074933135 0.072819552 0.048828106 0.993326811
1785983420.849999905 0.231786942 0.361878875 1.299688844 -0.075299477 0.073338013 0.047830541 0.993309501
1785983420.859999895 0.229666403 0.359307039 1.297443482 -0.075587095 0.073821271 0.046729993 0.993304243
1785983420.869999886 0.227602376 0.356793187 1.295216158 -0.075798931 0.074313046 0.045688234 0.993299894
1785983420.880000114 0.225618761 0.354323817 1.292995178 -0.075985308 0.074790384 0.044686984 0.993295376
1785983420.890000105 0.223737859 0.351954323 1.290748983 -0.076141677 0.075220234 0.043628571 0.993297996
1785983420.900000095 0.221951225 0.349735816 1.288464951 -0.076245438 0.075659256 0.042549873 0.993303488
1785983420.910000086 0.220233442 0.347666009 1.286163249 -0.076276473 0.076022045 0.041427886 0.993320834
1785983420.920000076 0.218565647 0.345755751 1.283851677 -0.076291863 0.076301838 0.040282761 0.993345298
1785983420.930000067 0.216930108 0.344010842 1.281529526 -0.076298035 0.076523162 0.039178800 0.993371953
1785983420.940000057 0.215329870 0.342405453 1.279201597 -0.076267198 0.076642939 0.038100958 0.993407012
1785983420.950000048 0.213747536 0.340883622 1.276891941 -0.076148790 0.076650162 0.037112645 0.993452951
1785983420.960000038 0.212172129 0.339366085 1.274625972 -0.076047062 0.076669516 0.036108042 0.993496270
1785983420.970000029 0.210665505 0.337803410 1.272384882 -0.075939743 0.076661625 0.035131196 0.993540110
1785983420.980000019 0.209201436 0.336213803 1.270161917 -0.075899129 0.076628142 0.034059589 0.993583109
1785983420.990000010 0.207684763 0.334619888 1.267994096 -0.075799072 0.076552849 0.033095958 0.993629116
1785983421.000000000 0.206099913 0.333020750 1.265897822 -0.075759752 0.076398647 0.032134523 0.993675540
1785983421.009999990 0.204502515 0.331378301 1.264017116 -0.075702609 0.076322719 0.031089678 0.993718969
1785983421.019999981 0.202961005 0.329666838 1.262358864 -0.075605069 0.076141563 0.030175706 0.993768465
1785983421.029999971 0.201517264 0.327889938 1.260764903 -0.075653999 0.075985171 0.029268111 0.993803856
1785983421.039999962 0.200144484 0.326056952 1.259244208 -0.075662861 0.075729097 0.028416036 0.993847455
1785983421.049999952 0.198772646 0.324174815 1.257939009 -0.075714931 0.075447842 0.027692825 0.993885295
1785983421.059999943 0.197470348 0.322206944 1.256918409 -0.075896024 0.075021269 0.027066890 0.993921016
1785983421.069999933 0.196430154 0.320107174 1.255981348 -0.076130319 0.074476432 0.026272033 0.993965400
1785983421.079999924 0.195640067 0.317849648 1.255013037 -0.076235774 0.073865192 0.025518830 0.994022550
1785983421.089999914 0.194960262 0.315452932 1.254043360 -0.076452842 0.073287757 0.024692124 0.994069498
1785983421.099999905 0.194306739 0.312974892 1.252952835 -0.076650652 0.072642908 0.024000259 0.994118541
1785983421.109999895 0.193615571 0.310448915 1.251767790 -0.076976632 0.071917716 0.023283835 0.994163117
1785983421.119999886 0.192858975 0.307891914 1.250629422 -0.077271729 0.071242367 0.022597498 0.994204686
1785983421.130000114 0.192052191 0.305293565 1.249511434 -0.077627998 0.070532925 0.021949493 0.994242033
1785983421.140000105 0.191246230 0.302627712 1.248389356 -0.077964559 0.069815165 0.021275999 0.994280998
1785983421.150000095 0.190402017 0.299950133 1.247289151 -0.078324374 0.069103261 0.020657772 0.994315487
1785983421.160000086 0.189465402 0.297372783 1.246222340 -0.078626709 0.068354786 0.020156585 0.994353647
1785983421.170000076 0.188486631 0.294962489 1.245286778 -0.078902888 0.067575981 0.019628115 0.994395574
1785983421.180000067 0.187487970 0.292722525 1.244493421 -0.079130500 0.066782496 0.019161622 0.994440191
1785983421.190000057 0.186447485 0.290626840 1.243739060 -0.079299211 0.066022972 0.018711142 0.994486046
1785983421.200000048 0.185370871 0.288656639 1.243008050 -0.079451406 0.065253165 0.018224596 0.994533741
1785983421.210000038 0.184305084 0.286802591 1.242284381 -0.079597851 0.064532610 0.017787712 0.994576956
1785983421.220000029 0.183305470 0.285041224 1.241560660 -0.079732312 0.063846455 0.017378416 0.994617705
1785983421.230000019 0.182389106 0.283353820 1.240846131 -0.079910283 0.063208776 0.016978423 0.994651060
1785983421.240000010 0.181521045 0.281738586 1.240322979 -0.080083418 0.062578395 0.016560197 0.994684046
1785983421.250000000 0.180688811 0.280221785 1.240021429 -0.080215305 0.061921324 0.016187475 0.994720674
1785983421.259999990 0.179908593 0.278843923 1.239789387 -0.080346748 0.061296767 0.015920670 0.994753054
1785983421.269999981 0.179165690 0.277602295 1.239624879 -0.080443577 0.060690042 0.015738717 0.994785325
1785983421.279999971 0.178442528 0.276482361 1.239523339 -0.080558320 0.060107409 0.015679185 0.994812354
1785983421.289999962 0.177699380 0.275495112 1.239473455 -0.080687519 0.059609099 0.015767354 0.994830473
1785983421.299999952 0.176874747 0.274630331 1.239457630 -0.080859709 0.059151673 0.015800058 0.994843277
1785983421.309999943 0.175958653 0.273819048 1.239457392 -0.081035123 0.058736812 0.015673767 0.994855582
1785983421.319999933 0.175031998 0.272963698 1.239470538 -0.081233813 0.058444519 0.015493970 0.994859409
1785983421.329999924 0.174168357 0.272051935 1.239488883 -0.081398511 0.058168089 0.015491867 0.994862180
1785983421.339999914 0.173357587 0.271114937 1.239523462 -0.081575504 0.057972296 0.015354183 0.994861246
1785983421.349999905 0.172501846 0.270162635 1.239618159 -0.081702100 0.057816259 0.015155325 0.994862987
1785983421.359999895 0.171555178 0.269233755 1.239772070 -0.081843350 0.057776353 0.015017741 0.994855782
1785983421.369999886 0.170550747 0.268368126 1.239942931 -0.081988379 0.057861425 0.014877239 0.994841007
1785983421.380000114 0.169541374 0.267546550 1.240118402 -0.082101160 0.058029531 0.014781406 0.994823343
1785983421.390000105 0.168632186 0.266679709 1.240297392 -0.082216408 0.058291898 0.014773113 0.994798609
1785983421.400000095 0.167877973 0.265729725 1.240523714 -0.082291687 0.058537518 0.014686284 0.994779247
1785983421.410000086 0.167248043 0.264714822 1.240779222 -0.082246996 0.058743008 0.014608228 0.994771979
1785983421.420000076 0.166704002 0.263642549 1.241011048 -0.082244278 0.058992147 0.014544195 0.994758399
1785983421.430000067 0.166232745 0.262538237 1.241218502 -0.082283017 0.059232149 0.014585353 0.994740331
1785983421.440000057 0.165770079 0.261382515 1.241425810 -0.082299956 0.059498101 0.014595944 0.994722902
1785983421.450000048 0.165217389 0.260127923 1.241662763 -0.082274987 0.059797402 0.014534601 0.994707918
1785983421.460000038 0.164554570 0.258825344 1.241916010 -0.082256954 0.060074063 0.014528096 0.994692834
1785983421.470000029 0.163813154 0.257586713 1.242155308 -0.082265342 0.060313902 0.014571983 0.994676985
1785983421.480000019 0.162999000 0.256456324 1.242357482 -0.082157805 0.060527101 0.014656099 0.994671687
1785983421.490000010 0.162072581 0.255358887 1.242528229 -0.082046084 0.060668602 0.014814857 0.994669936
1785983421.500000000 0.161030610 0.254211521 1.242672920 -0.081941024 0.060851210 0.014777915 0.994667991
1785983421.509999990 0.159955853 0.253029734 1.242782593 -0.081773150 0.060990662 0.014861865 0.994672014
1785983421.519999981 0.158897703 0.251818806 1.242876770 -0.081502996 0.061273018 0.015011587 0.994674586
1785983421.529999971 0.157817830 0.250550971 1.242992179 -0.081242318 0.061520043 0.015075311 0.994679700
1785983421.539999962 0.156723843 0.249279808 1.243102442 -0.081066981 0.061807173 0.015260199 0.994673386
1785983421.549999952 0.155696016 0.248083065 1.243154044 -0.080865443 0.062072394 0.015560057 0.994668630
1785983421.559999943 0.154763363 0.246980944 1.243131806 -0.080622527 0.062349241 0.015804403 0.994667181
1785983421.569999933 0.153853284 0.245922766 1.243066084 -0.080450668 0.062657948 0.016164388 0.994655912
1785983421.579999924 0.152912932 0.244874669 1.242974167 -0.080184587 0.062971986 0.016434767 0.994653135
1785983421.589999914 0.151965967 0.243870503 1.242827977 -0.079881485 0.063312505 0.016688703 0.994651679
1785983421.599999905 0.151079280 0.242897040 1.242584553 -0.079594499 0.063642598 0.016936832 0.994649425
1785983421.609999895 0.150344628 0.241914659 1.242204021 -0.079311107 0.064036095 0.017173286 0.994642752
1785983421.619999886 0.149769118 0.240906054 1.241672555 -0.079041925 0.064390886 0.017413609 0.994637097
1785983421.630000114 0.149282634 0.239850848 1.241015571 -0.078709161 0.064782974 0.017655662 0.994633758
1785983421.640000105 0.148832919 0.238756547 1.240313866 -0.078360996 0.065234045 0.017923945 0.994626968
1785983421.650000095 0.148394869 0.237663149 1.239547829 -0.077977999 0.065645607 0.018197564 0.994625022
1785983421.660000086 0.147977022 0.236540799 1.238634739 -0.077582764 0.066014054 0.018472506 0.994626476
1785983421.670000076 0.147611229 0.235316151 1.237570042 -0.077075457 0.066268010 0.018674250 0.994645262
1785983421.680000067 0.147321970 0.233980534 1.236354356 -0.076618807 0.066609050 0.018967280 0.994652218
1785983421.690000057 0.147033473 0.232521159 1.235022062 -0.076200996 0.066912817 0.019147558 0.994660472
1785983421.700000048 0.146666177 0.230893946 1.233598464 -0.075789641 0.067409141 0.019203568 0.994657308
1785983421.710000038 0.146216329 0.229112419 1.232031549 -0.075335798 0.067809937 0.019369201 0.994661331
1785983421.720000029 0.145631288 0.227219139 1.230309993 -0.074722904 0.068072063 0.019729246 0.994682582
1785983421.730000019 0.144839470 0.225216168 1.228535026 -0.074108234 0.068484349 0.019825223 0.994698358
1785983421.740000010 0.143824159 0.223141904 1.226650471 -0.073484224 0.068799577 0.019793129 0.994723539
1785983421.750000000 0.142610549 0.221098532 1.224563270 -0.072951864 0.069046686 0.019768161 0.994746099
1785983421.759999990 0.141261648 0.219144538 1.222290696 -0.072456950 0.069249075 0.019715021 0.994769257
1785983421.769999981 0.139863249 0.217283437 1.219808224 -0.072046757 0.069401377 0.019664442 0.994789437
1785983421.779999971 0.138434151 0.215482157 1.217062909 -0.071672811 0.069471750 0.019619072 0.994812433
1785983421.789999962 0.136968705 0.213693630 1.214051884 -0.071256877 0.069507899 0.019536687 0.994841408
1785983421.799999952 0.135486052 0.211919972 1.210823473 -0.070917522 0.069486379 0.019346347 0.994870880
1785983421.809999943 0.133938377 0.210210549 1.207392973 -0.070696046 0.069479075 0.019212200 0.994889752
1785983421.819999933 0.132304778 0.208621561 1.203793871 -0.070532555 0.069422872 0.019058290 0.994908240
1785983421.829999924 0.130630605 0.207190568 1.200052008 -0.070477770 0.069349834 0.018909093 0.994920063
1785983421.839999914 0.128932901 0.205902156 1.196132766 -0.070547157 0.069205665 0.018709887 0.994928950
1785983421.849999905 0.127233706 0.204731142 1.192032557 -0.070652360 0.068995176 0.018481001 0.994940381
1785983421.859999895 0.125544907 0.203650626 1.187768384 -0.070814292 0.068695801 0.018260371 0.994953658
1785983421.869999886 0.123873268 0.202588765 1.183380913 -0.070992634 0.068299217 0.018099913 0.994971183
1785983421.880000114 0.122237789 0.201475825 1.178800215 -0.071159365 0.067880741 0.017995799 0.994989799
1785983421.890000105 0.120636202 0.200301827 1.173719265 -0.071398487 0.067464698 0.017875356 0.995003137
1785983421.900000095 0.119043280 0.199064284 1.167694769 -0.071710676 0.066980653 0.017645047 0.995017499
1785983421.910000086 0.117514565 0.197688665 1.161005666 -0.072197097 0.066449391 0.017400421 0.995022252
1785983421.920000076 0.116099929 0.196118304 1.154199242 -0.072635175 0.065963319 0.017287109 0.995024687
1785983421.930000067 0.114714805 0.194438211 1.147018156 -0.073179641 0.065445764 0.017119439 0.995021868
1785983421.940000057 0.113305690 0.192749638 1.139164014 -0.073804438 0.064903200 0.016952527 0.995014116
1785983421.950000048 0.111890320 0.191066425 1.130622809 -0.074468943 0.064383724 0.016804292 0.995000869
1785983421.960000038 0.110511333 0.189400768 1.121653420 -0.075205120 0.063922223 0.016631308 0.994978160
1785983421.970000029 0.109194706 0.187788227 1.112538574 -0.075946160 0.063560148 0.016479359 0.994947596
1785983421.980000019 0.107911537 0.186250169 1.103343053 -0.076751116 0.063183469 0.016285393 0.994913012
1785983421.990000010 0.106590120 0.184805611 1.094111616 -0.077554957 0.062844381 0.016181004 0.994873855
1785983422.000000000 0.105225851 0.183451169 1.084852049 -0.078398676 0.062517809 0.016052137 0.994830388
1785983422.009999990 0.103891381 0.182154881 1.075530523 -0.079310907 0.062281333 0.015804492 0.994776876
1785983422.019999981 0.102609080 0.180920639 1.066130377 -0.080232092 0.061996020 0.015586023 0.994724274
1785983422.029999971 0.101370810 0.179781397 1.056657503 -0.081178850 0.061653112 0.015367951 0.994672164
1785983422.039999962 0.100167936 0.178743058 1.047132969 -0.082126126 0.061309158 0.015218971 0.994617952
1785983422.049999952 0.099026486 0.177778589 1.037935215 -0.083015756 0.060926218 0.015084778 0.994569671
1785983422.059999943 0.097981033 0.176859464 1.029187540 -0.083884260 0.060645453 0.014933836 0.994516234
1785983422.069999933 0.097081655 0.175966404 1.020728968 -0.084670791 0.060455213 0.014731738 0.994464177
1785983422.079999924 0.096373842 0.175103477 1.012439312 -0.085508984 0.060223206 0.014623385 0.994408133
1785983422.089999914 0.095849832 0.174306373 1.004120204 -0.086354719 0.060031926 0.014398615 0.994349893
1785983422.099999905 0.095520465 0.173605640 0.995808673 -0.087142733 0.059902452 0.014207702 0.994291698
1785983422.109999895 0.095397016 0.173044553 0.987491820 -0.087949248 0.059806253 0.014040213 0.994228854
1785983422.119999886 0.095446667 0.172571029 0.979136743 -0.088719666 0.059719097 0.013606713 0.994171669
1785983422.130000114 0.095587224 0.172038797 0.970787536 -0.089433164 0.059656278 0.013520381 0.994112688
1785983422.140000105 0.095756748 0.171383247 0.962317177 -0.090063913 0.059731080 0.013331826 0.994053797
1785983422.150000095 0.095974067 0.170589246 0.953720788 -0.090737709 0.059769388 0.013034556 0.993994159
1785983422.160000086 0.096168336 0.169677197 0.945127768 -0.091191157 0.059955075 0.012544107 0.993947789
1785983422.170000076 0.096202575 0.168642280 0.936402275 -0.091493248 0.060166188 0.012437220 0.993908613
1785983422.180000067 0.095988268 0.167491534 0.927282535 -0.091766027 0.060392826 0.012297033 0.993871463
1785983422.190000057 0.095465904 0.166264262 0.917706334 -0.091935331 0.060687006 0.012107795 0.993840220
1785983422.200000048 0.094695232 0.164989452 0.907653419 -0.091968156 0.060888703 0.011941290 0.993826861
1785983422.210000038 0.093831242 0.163691791 0.897204833 -0.091808023 0.060988930 0.011822528 0.993836941
1785983422.220000029 0.092988709 0.162351240 0.886646703 -0.091557109 0.061141825 0.011717752 0.993851934
1785983422.230000019 0.092200667 0.160984527 0.876097746 -0.091168032 0.061204233 0.011584512 0.993885421
1785983422.240000010 0.091467728 0.159706568 0.865575816 -0.090706934 0.061251037 0.011440750 0.993926392
1785983422.250000000 0.090780547 0.158600406 0.855085939 -0.090049827 0.061300607 0.011320861 0.993984458
1785983422.259999990 0.090182535 0.157647547 0.844638198 -0.089389307 0.061304041 0.011197421 0.994045263
1785983422.269999981 0.089783184 0.156802334 0.834299334 -0.088704513 0.061296131 0.011106503 0.994108112
1785983422.279999971 0.089648703 0.156019842 0.824141530 -0.088016355 0.061303724 0.010960984 0.994170424
1785983422.289999962 0.089738979 0.155274007 0.814230345 -0.087326072 0.061393107 0.010776195 0.994227799
1785983422.299999952 0.089975439 0.154514789 0.804504232 -0.086664672 0.061479452 0.010551002 0.994282751
1785983422.309999943 0.090305593 0.153738038 0.794828565 -0.086081833 0.061515520 0.010306841 0.994333711
1785983422.319999933 0.090695919 0.152974503 0.785184349 -0.085491776 0.061493534 0.010109090 0.994388007
1785983422.329999924 0.091091294 0.152200654 0.775565416 -0.084891083 0.061466329 0.010001638 0.994442236
1785983422.339999914 0.091392977 0.151433185 0.765951103 -0.084207329 0.061480867 0.009749447 0.994501974
1785983422.349999905 0.091494492 0.150728383 0.756127691 -0.083717493 0.061533762 0.009618950 0.994541328
1785983422.359999895 0.091328559 0.150118103 0.745986240 -0.083248030 0.061507877 0.009371326 0.994584700
1785983422.369999886 0.090852192 0.149586489 0.735433770 -0.082788237 0.061499598 0.009253601 0.994624692
1785983422.380000114 0.090051144 0.149089984 0.724315463 -0.082422220 0.061498334 0.009283899 0.994654886
1785983422.390000105 0.089017520 0.148558926 0.712689117 -0.082110112 0.061467319 0.009349132 0.994682005
1785983422.400000095 0.087860229 0.147961563 0.700788348 -0.081780214 0.061522033 0.009475263 0.994704607
1785983422.410000086 0.086668150 0.147328549 0.688846307 -0.081596216 0.061478455 0.009430191 0.994722840
1785983422.420000076 0.085507752 0.146704809 0.676901967 -0.081512096 0.061557000 0.009541425 0.994723819
1785983422.430000067 0.084405018 0.146102226 0.665063485 -0.081460086 0.061636009 0.009581270 0.994722804
1785983422.440000057 0.083399198 0.145530521 0.653721367 -0.081456121 0.061764435 0.009666564 0.994714337
1785983422.450000048 0.082527290 0.145014700 0.643348815 -0.081431536 0.061831807 0.009651813 0.994712308
1785983422.460000038 0.081826639 0.144579748 0.634197761 -0.081458047 0.061942033 0.009610615 0.994703678
1785983422.470000029 0.081342631 0.144266447 0.626430973 -0.081442639 0.061955220 0.009634448 0.994703888
1785983422.480000019 0.081117678 0.144127755 0.620132270 -0.081464839 0.062045800 0.009523273 0.994697495
1785983422.490000010 0.081162374 0.144284446 0.615095234 -0.081455244 0.062203302 0.009355925 0.994690032
1785983422.500000000 0.081336907 0.144746525 0.610703538 -0.081522719 0.062392160 0.009104083 0.994675012
1785983422.509999990 0.081427885 0.145392401 0.606448536 -0.081607059 0.062621284 0.008979114 0.994654834
1785983422.519999981 0.081316662 0.146169473 0.602259739 -0.081703805 0.062910502 0.008941184 0.994628982
1785983422.529999971 0.081025391 0.147060927 0.598111233 -0.081729406 0.063267829 0.008854943 0.994604985
1785983422.539999962 0.080563602 0.148057939 0.593961605 -0.081854546 0.063596459 0.008684261 0.994575240
1785983422.549999952 0.079841600 0.149139608 0.589556611 -0.081885062 0.064061879 0.008693098 0.994542781
1785983422.559999943 0.078820558 0.150258993 0.584664589 -0.081892429 0.064409632 0.008548269 0.994520968
1785983422.569999933 0.077468586 0.151371187 0.579105635 -0.081903325 0.064792506 0.008558440 0.994495113
1785983422.579999924 0.075757541 0.152352436 0.572629295 -0.081860208 0.065270256 0.008973741 0.994463761
1785983422.589999914 0.073707419 0.153131454 0.565148938 -0.081681595 0.065776182 0.009150238 0.994443505
1785983422.599999905 0.071346411 0.153762787 0.556766712 -0.081408213 0.066026726 0.009212624 0.994448743
1785983422.609999895 0.068755764 0.154282976 0.547734069 -0.081283196 0.066544126 0.009428432 0.994422459
1785983422.619999886 0.066086469 0.154690262 0.538219651 -0.081184249 0.066920713 0.009682414 0.994402829
1785983422.630000114 0.063488494 0.155003469 0.528488503 -0.081219519 0.067377511 0.009844430 0.994367512
1785983422.640000105 0.061048044 0.155257157 0.518761205 -0.081227214 0.067680963 0.009943335 0.994345291
1785983422.650000095 0.058817601 0.155529776 0.509269287 -0.081142319 0.067974938 0.010142008 0.994330162
1785983422.660000086 0.056910024 0.155843578 0.500243577 -0.081102217 0.068354176 0.010266580 0.994306157
1785983422.670000076 0.055525277 0.156167435 0.491928801 -0.081110761 0.068612545 0.010225243 0.994288091
1785983422.680000067 0.054709725 0.156548397 0.484732659 -0.081107777 0.068823502 0.010222931 0.994273778
1785983422.690000057 0.054277806 0.157116223 0.478876032 -0.081075839 0.068935720 0.010207400 0.994268768
1785983422.700000048 0.054112840 0.157993059 0.474355866 -0.081106838 0.068985732 0.010165067 0.994263205
1785983422.710000038 0.054199388 0.159122448 0.470952509 -0.081112449 0.069022466 0.010124373 0.994260613
1785983422.720000029 0.054493200 0.160448800 0.468387834 -0.081090319 0.069024111 0.010165561 0.994261884
1785983422.730000019 0.054773360 0.161957056 0.466185094 -0.081027420 0.068871793 0.010299083 0.994276200
1785983422.740000010 0.054740688 0.163551504 0.463598491 -0.081045576 0.068736371 0.010396121 0.994283082
1785983422.750000000 0.054314638 0.165123316 0.460296875 -0.080822370 0.068585538 0.010474217 0.994310846
1785983422.759999990 0.053533545 0.166621995 0.456202186 -0.080627219 0.068579099 0.010585676 0.994325954
1785983422.769999981 0.052403355 0.168046786 0.451224032 -0.080304133 0.068425200 0.010877362 0.994359553
1785983422.779999971 0.050956837 0.169328856 0.445390234 -0.079918811 0.068468448 0.011157147 0.994384520
1785983422.789999962 0.049400987 0.170407519 0.438863304 -0.079515836 0.068329519 0.011313374 0.994424616
1785983422.799999952 0.047915334 0.171300285 0.431723380 -0.079128831 0.068231482 0.011543763 0.994459569
1785983422.809999943 0.046520717 0.172036306 0.424135371 -0.078753666 0.068189922 0.011855975 0.994488527
1785983422.819999933 0.045224282 0.172653859 0.416360246 -0.078335701 0.068077073 0.012137360 0.994525874
1785983422.829999924 0.044047432 0.173153270 0.408462494 -0.077948410 0.068107392 0.012482397 0.994549958
1785983422.839999914 0.043059840 0.173495411 0.400559287 -0.077440085 0.067776402 0.012928824 0.994606575
1785983422.849999905 0.042368099 0.173665717 0.392923471 -0.077096250 0.067813056 0.013189289 0.994627368
1785983422.859999895 0.042046243 0.173737152 0.386170950 -0.076710120 0.067777590 0.013232128 0.994659071
1785983422.869999886 0.042034919 0.173759335 0.380443079 -0.076229698 0.067529332 0.013463293 0.994709788
1785983422.880000114 0.042305277 0.173771346 0.375812590 -0.075988656 0.067276882 0.013731365 0.994741672
1785983422.890000105 0.042898818 0.173933933 0.372807757 -0.075793539 0.067134396 0.013833235 0.994764773
1785983422.900000095 0.043757341 0.174288534 0.371282655 -0.075530359 0.066989428 0.014005613 0.994792151
1785983422.910000086 0.044768735 0.174780508 0.370645559 -0.075164006 0.066835566 0.014339815 0.994825487
1785983422.920000076 0.045740746 0.175432227 0.370334179 -0.074840622 0.066696748 0.014543398 0.994856228
1785983422.930000067 0.046523289 0.176271154 0.370036898 -0.074507443 0.066571937 0.014911270 0.994884150
1785983422.940000057 0.047009942 0.177177630 0.369190762 -0.074223397 0.066494493 0.015454123 0.994902277
1785983422.950000048 0.047069418 0.177964370 0.367050529 -0.073814295 0.066378398 0.015827724 0.994934591
1785983422.960000038 0.046681350 0.178544565 0.363225158 -0.073548088 0.066418256 0.016198801 0.994945673
1785983422.970000029 0.045846734 0.178885142 0.357495090 -0.073142254 0.066514620 0.016346312 0.994966740
1785983422.980000019 0.044546903 0.178961373 0.349872845 -0.072880767 0.066502337 0.016577680 0.994982921
1785983422.990000010 0.042801796 0.178801421 0.340420085 -0.072553453 0.066548943 0.016731112 0.995001158
1785983423.000000000 0.040695391 0.178463092 0.329205656 -0.072286617 0.066669602 0.017089279 0.995006415
1785983423.009999990 0.038321939 0.177980327 0.316411145 -0.072082571 0.066752862 0.017384730 0.995010517
1785983423.019999981 0.035752865 0.177429982 0.302294044 -0.072003319 0.066765845 0.017825952 0.995007578
1785983423.029999971 0.033043155 0.176922584 0.287154003 -0.071945110 0.066740980 0.018629219 0.994998741
1785983423.039999962 0.030312010 0.176568426 0.271602520 -0.071973745 0.066636071 0.019030234 0.994996113
1785983423.049999952 0.027758549 0.176442399 0.256355632 -0.071805973 0.066510261 0.019385360 0.995009797
1785983423.059999943 0.025484801 0.176596189 0.241866017 -0.071704705 0.066419393 0.019670673 0.995017570
1785983423.069999933 0.023577346 0.177103606 0.228411816 -0.071528126 0.066327961 0.019903551 0.995031747
1785983423.079999924 0.022094529 0.178008400 0.216134744 -0.071340230 0.066111371 0.020159015 0.995054507
1785983423.089999914 0.021042766 0.179278267 0.205139442 -0.071115360 0.065784302 0.020669692 0.995081803
1785983423.099999905 0.020393361 0.180890979 0.195450754 -0.070838093 0.065458477 0.020991642 0.995116327
1785983423.109999895 0.020046882 0.182863747 0.187047097 -0.070712343 0.064994441 0.021368612 0.995147662
1785983423.119999886 0.019932003 0.185152830 0.179680496 -0.070619070 0.064350790 0.021678583 0.995189410
1785983423.130000114 0.019937748 0.187597969 0.172753928 -0.070602880 0.063641885 0.022005180 0.995228977
1785983423.140000105 0.019984333 0.190040095 0.165943627 -0.070553131 0.062831925 0.022160835 0.995280514
1785983423.150000095 0.020070632 0.192327489 0.158879186 -0.070616635 0.061791975 0.022168633 0.995340944
1785983423.160000086 0.020211787 0.194322550 0.151071650 -0.070735561 0.060702363 0.022186159 0.995399155
1785983423.170000076 0.020431039 0.195941729 0.142214302 -0.071005726 0.059615492 0.022364049 0.995441625
1785983423.180000067 0.020683920 0.197155697 0.132080463 -0.071262382 0.058284924 0.022535924 0.995498203
1785983423.190000057 0.020918033 0.197953323 0.120788189 -0.071348076 0.056741573 0.022338139 0.995585684
1785983423.200000048 0.021102117 0.198303985 0.108395443 -0.071477516 0.055151039 0.022403801 0.995664300
1785983423.210000038 0.021239411 0.198233714 0.095017729 -0.071456955 0.053452024 0.022455688 0.995757263
1785983423.220000029 0.021241120 0.197832128 0.081221709 -0.071564484 0.051857188 0.022513809 0.995832559
1785983423.230000019 0.020965255 0.197225623 0.067489321 -0.071664497 0.050359283 0.022350305 0.995905922
1785983423.240000010 0.020422778 0.196528428 0.054314431 -0.071670286 0.048843998 0.022318446 0.995981687
1785983423.250000000 0.019641049 0.195746178 0.041843421 -0.071839835 0.047263672 0.022047922 0.996051742
1785983423.259999990 0.018592150 0.194842106 0.030028714 -0.072052337 0.045760094 0.022098487 0.996105482
1785983423.269999981 0.017333794 0.193940767 0.019371500 -0.072472661 0.043857727 0.022098890 0.996160555
1785983423.279999971 0.015989123 0.193153890 0.010107239 -0.072888461 0.041700780 0.022369757 0.996216799
1785983423.289999962 0.014550232 0.192461694 0.002323126 -0.073632097 0.039383152 0.022544102 0.996252501
1785983423.299999952 0.012924718 0.191824251 -0.004197375 -0.074560974 0.037132949 0.023020330 0.996258937
1785983423.309999943 0.011061122 0.191216891 -0.009885124 -0.075715141 0.034723683 0.023321971 0.996251760
1785983423.319999933 0.008925102 0.190701232 -0.014561336 -0.076863301 0.032248957 0.023688597 0.996238369
1785983423.329999924 0.006575833 0.190244738 -0.018365438 -0.078063314 0.029809147 0.024292992 0.996206497
1785983423.339999914 0.004066029 0.189825496 -0.021428159 -0.079373781 0.027400862 0.024714769 0.996161722
1785983423.349999905 0.001331577 0.189458426 -0.023887817 -0.080670883 0.025278269 0.025143924 0.996102907
1785983423.359999895 -0.001603064 0.189093972 -0.025846058 -0.081987992 0.023640856 0.025648023 0.996022720
1785983423.369999886 -0.004684712 0.188680032 -0.027152047 -0.082895342 0.022370326 0.026227575 0.995961869
1785983423.380000114 -0.007888063 0.188167201 -0.027794221 -0.083758789 0.021734313 0.026627532 0.995893096
1785983423.390000105 -0.011193385 0.187545492 -0.027852321 -0.084337185 0.021919207 0.026998767 0.995830234
1785983423.400000095 -0.014652699 0.186711572 -0.027943560 -0.084598443 0.022500330 0.027223257 0.995789000
1785983423.410000086 -0.018291346 0.185603581 -0.028421604 -0.084414619 0.023577438 0.027274849 0.995778268
1785983423.420000076 -0.022114598 0.184277011 -0.029198042 -0.084323409 0.024986223 0.027251136 0.995752292
1785983423.430000067 -0.026108374 0.182721927 -0.030508061 -0.083974028 0.026964055 0.027088163 0.995734670
1785983423.440000057 -0.030185182 0.180875635 -0.032544758 -0.083361295 0.028992274 0.026915594 0.995733847
1785983423.450000048 -0.034303622 0.178751690 -0.035133665 -0.082542186 0.031406158 0.026677091 0.995735293
1785983423.460000038 -0.038438614 0.176422822 -0.038079735 -0.081738399 0.033675102 0.026666569 0.995727732
1785983423.470000029 -0.042530444 0.173908142 -0.041124109 -0.080807708 0.035995689 0.026535951 0.995726000
1785983423.480000019 -0.046567861 0.171202040 -0.044261133 -0.079604136 0.038291224 0.026409587 0.995740678
1785983423.490000010 -0.050570414 0.168267785 -0.047646764 -0.078312782 0.040416829 0.026226113 0.995763917
1785983423.500000000 -0.054505240 0.165135031 -0.051172685 -0.077165529 0.042383228 0.026144609 0.995773871
1785983423.509999990 -0.058340846 0.161865849 -0.054757757 -0.075989600 0.044219708 0.025907670 0.995790636
1785983423.519999981 -0.062086898 0.158482910 -0.058405865 -0.075023733 0.045923151 0.025782423 0.995790023
1785983423.529999971 -0.065739295 0.155029737 -0.062087610 -0.074032735 0.047433454 0.025783424 0.995793370
1785983423.539999962 -0.069296349 0.151490752 -0.065781043 -0.073191009 0.048620997 0.025757430 0.995798991
1785983423.549999952 -0.072746208 0.147845963 -0.069518218 -0.072462144 0.049655065 0.025726406 0.995802071
1785983423.559999943 -0.076090052 0.144105368 -0.073331544 -0.071873882 0.050534277 0.025700447 0.995801144
1785983423.569999933 -0.079376561 0.140368162 -0.077239616 -0.071437030 0.051263551 0.025759788 0.995793770
1785983423.579999924 -0.082611447 0.136754772 -0.081143815 -0.071073469 0.051900806 0.025773792 0.995786413
1785983423.589999914 -0.085788668 0.133308672 -0.084813558 -0.070814501 0.052463946 0.025811797 0.995774368
1785983423.599999905 -0.088956609 0.130058267 -0.087993218 -0.070663208 0.052920886 0.025851286 0.995759912
1785983423.609999895 -0.092132751 0.127007601 -0.090492392 -0.070579537 0.053292690 0.025968838 0.995742958
1785983423.619999886 -0.095338682 0.124162919 -0.092270351 -0.070596844 0.053594569 0.026197198 0.995719546
1785983423.630000114 -0.098623981 0.121554354 -0.093451562 -0.070635558 0.053829053 0.026496399 0.995696235
1785983423.640000105 -0.102005385 0.119182397 -0.094215447 -0.070768178 0.053962618 0.026777855 0.995672058
1785983423.650000095 -0.105479381 0.117029960 -0.094598025 -0.070927227 0.053951258 0.027104368 0.995652521
1785983423.660000086 -0.109006754 0.115054077 -0.094717628 -0.071205726 0.053884376 0.027430478 0.995627334
1785983423.670000076 -0.112513097 0.113188450 -0.094826619 -0.071669131 0.053697778 0.027739502 0.995595603
1785983423.680000067 -0.115743855 0.111582710 -0.094755368 -0.073332637 0.050937672 0.029218766 0.995577190
1785983423.690000057 -0.118291202 0.110594517 -0.093957509 -0.076251399 0.045537768 0.031965765 0.995535145
1785983423.700000048 -0.120145886 0.110224781 -0.092372684 -0.079320889 0.040615089 0.034482374 0.995424320
1785983423.710000038 -0.121690168 0.110109211 -0.090451636 -0.082542043 0.036166395 0.036762848 0.995252378
1785983423.720000029 -0.123187027 0.110055972 -0.088539766 -0.084488413 0.033001893 0.038409854 0.995136808
1785983423.730000019 -0.124726887 0.110104560 -0.086822309 -0.084520603 0.031531648 0.039408738 0.995142690
1785983423.740000010 -0.126264266 0.110305625 -0.085289679 -0.085118036 0.031612999 0.040358808 0.995051107
1785983423.750000000 -0.127665465 0.110682996 -0.083762437 -0.086068331 0.032934517 0.041228918 0.994890816
1785983423.759999990 -0.128895477 0.111236702 -0.082193065 -0.086107361 0.034021524 0.042188227 0.994810641
1785983423.769999981 -0.130010410 0.111925305 -0.080674680 -0.085287723 0.034775887 0.043069870 0.994817384
1785983423.779999971 -0.131053673 0.112709651 -0.079281173 -0.084350860 0.036416461 0.043849319 0.994804509
1785983423.789999962 -0.132055726 0.113507714 -0.078015202 -0.083549319 0.039219752 0.044428617 0.994739876
1785983423.799999952 -0.133000597 0.114283274 -0.076731142 -0.083229311 0.041007192 0.045689444 0.994637505
1785983423.809999943 -0.133861841 0.115140370 -0.075414428 -0.083360208 0.041735528 0.047422775 0.994515109
1785983423.819999933 -0.134603526 0.116167853 -0.074116264 -0.084373821 0.042535309 0.049116364 0.994313526
1785983423.829999924 -0.135149282 0.117335669 -0.072754506 -0.086455829 0.043891455 0.050528883 0.994004910
1785983423.839999914 -0.135463560 0.118562889 -0.071305812 -0.088828638 0.045479886 0.051564964 0.993671026
1785983423.849999905 -0.135545813 0.119742271 -0.069800850 -0.090989056 0.047192606 0.052302913 0.993357063
1785983423.859999895 -0.135408285 0.120754430 -0.068275414 -0.092745706 0.048476646 0.052688519 0.993112365
1785983423.869999886 -0.135117756 0.121534799 -0.066748790 -0.093830286 0.049312794 0.052883794 0.992958927
1785983423.880000114 -0.134736631 0.122103773 -0.065256029 -0.093291927 0.049512656 0.052749426 0.993006854
1785983423.890000105 -0.134284392 0.122476231 -0.063849528 -0.091654340 0.048823452 0.052468628 0.993208334
1785983423.900000095 -0.133753957 0.122707568 -0.062513465 -0.090319494 0.048022280 0.052477860 0.993369178
1785983423.910000086 -0.133118280 0.122922737 -0.061189757 -0.089459846 0.047069542 0.052677748 0.993481982
1785983423.920000076 -0.132365588 0.123184903 -0.059869435 -0.089283444 0.046474648 0.052918838 0.993513045
1785983423.930000067 -0.131505650 0.123523211 -0.058576835 -0.089911595 0.046381326 0.053048350 0.993453849
1785983423.940000057 -0.130591896 0.123930021 -0.057312149 -0.090757505 0.046712676 0.053096015 0.993358855
1785983423.950000048 -0.129645335 0.124364879 -0.056029836 -0.091811235 0.047451356 0.053084641 0.993227611
1785983423.960000038 -0.128678703 0.124743926 -0.054696551 -0.092428928 0.048160957 0.053032077 0.993138970
1785983423.970000029 -0.127775711 0.124987851 -0.053337345 -0.092398027 0.048738053 0.052949290 0.993118110
1785983423.980000019 -0.127021266 0.125109092 -0.051994399 -0.092080120 0.048905041 0.052952095 0.993139277
1785983423.990000010 -0.126388774 0.125199391 -0.050660294 -0.091396546 0.048736945 0.053012020 0.993207485
1785983424.000000000 -0.125849901 0.125313704 -0.049314941 -0.090861047 0.048334939 0.053114350 0.993270794
1785983424.009999990 -0.125442203 0.125467068 -0.047982365 -0.090759813 0.047939870 0.053176927 0.993295847
1785983424.019999981 -0.125155563 0.125650059 -0.046666267 -0.090990883 0.047772886 0.053200896 0.993281468
1785983424.029999971 -0.124988166 0.125775782 -0.045306988 -0.091442515 0.047809457 0.053120772 0.993242521
1785983424.039999962 -0.124955633 0.125775262 -0.044076278 -0.091821172 0.048071621 0.053129812 0.993194450
1785983424.049999952 -0.125009168 0.125608904 -0.043021759 -0.091958661 0.048467693 0.053200664 0.993158687
1785983424.059999943 -0.125135690 0.125272574 -0.042094435 -0.091828992 0.048746694 0.053272775 0.993153164
1785983424.069999933 -0.125366551 0.124759219 -0.041491203 -0.091326045 0.048837521 0.053313975 0.993192867
1785983424.079999924 -0.125651428 0.124117855 -0.041348165 -0.091037935 0.048784732 0.053350922 0.993219927
1785983424.089999914 -0.125950541 0.123417778 -0.041560620 -0.090917936 0.048598770 0.053387182 0.993238087
1785983424.099999905 -0.126265604 0.122684454 -0.042052958 -0.090985895 0.048424827 0.053429037 0.993238109
