1.584108
1.521283
1.522137
1.536248
1.596955
2.158184
1.615689
1.597712
1.654809
1.608823
1.659635
1.612093
1.622442
1.633963
1.666644
2.190679
1.652141
1.615984
1.687106
1.616118
1.647204
1.621303
1.924597
1.615440
1.683813
1.660733
2.143458
1.654334
1.614385
1.696740
1.632923
1.602315
1.648232
1.607738
1.680051
1.599779
1.652800
1.652209
1.621944
1.647922
1.629187
1.602040
1.610029
1.618717
1.697212
1.647268
1.652488
1.678480
1.691740
1.711222
1.623294
1.635803
1.606229
1.623589
1.647071
1.660317
1.660263
1.609267
1.658351
1.618184
1.682115
1.601611
1.605256
1.614136
1.692513
1.787103
1.641309
1.601718
1.690314
1.608950
1.660843
1.616286
1.608327
1.649992
1.680213
1.645768
1.674900
1.632535
1.656264
1.605963
1.664969
1.604918
1.615349
1.614483
1.647357
1.652759
1.658410
1.605735
1.679452
1.615537
1.660028
1.608783
1.642034
1.604009
1.625717
1.676068
1.760379
1.593641
1.660067
1.612499
1.660423
2.745100
1.604981
1.623571
1.725167
1.660213
1.663970
1.606172
1.655298
1.607019
1.657737
1.607583
1.613167
2.097802
1.687502
1.715270
1.646196
1.649374
2.336361
1.678018
1.611190
1.632615
1.610221
1.638201
1.669404
1.646233
1.619775
1.670083
1.629486
1.672576
1.607168
1.602928
1.609262
1.764964
1.691622
1.716704
1.703687
1.680013
1.613018
1.652721
1.608994
1.614474
1.611383
1.632881
1.647779
1.646687
1.651231
1.662629
1.606364
1.661637
1.618978
1.608049
1.605979
1.615235
2.119445
1.721271
1.692603
1.858899
1.617181
2.197324
1.603678
1.591826
1.634376
1.758115
1.656737
1.648412
1.610270
1.680793
1.607082
1.654415
1.606740
1.605251
1.610082
1.660389
1.661128
1.649993
1.597949
1.651931
1.621226
1.658464
1.613893
1.627690
1.880252
1.684501
1.783944
1.983107
1.611767
1.686870
2.045681
1.633502
1.608309
1.630466
1.605542
1.679569
1.687471
1.662962
1.641231
2.316638
1.668516
1.602475
1.605283
1.599544
1.622565
1.712212
1.918961
1.592438
1.667746
1.621598
1.659332
1.630162
1.606392
1.622260
2.785291
2.138254
1.664251
1.648949
1.622901
1.657387
1.604776
1.604266
1.616400
1.623898
2.644513
1.665408
1.591936
1.655822
1.612683
1.657877
1.702907
1.623319
1.607278
1.651198
1.670415
1.644961
1.604985
1.652897
1.615858
1.663212
1.605956
1.610906
1.641818
1.621594
1.684832
1.971713
1.589386
1.652833
1.608224
1.659257
1.610124
1.609421
1.787174
1.711399
1.660597
1.655162
1.628879
1.662614
1.654855
1.661880
1.611916
1.613312
1.632757
1.636608
1.669742
1.644711
1.721952
1.661008
1.613281
1.658899
1.607786
1.631004
1.611656
1.610277
1.660508
1.601566
1.651475
1.676544
1.617729
1.681899
1.612066
1.633715
1.611391
1.615468
1.657044
1.645765
1.657146
1.690402
1.607724
1.656649
1.641434
1.591306
1.613831
1.630135
1.663209
1.653776
1.652140
1.594834
1.685968
1.617141
1.659672
1.607953
1.617445
1.604235
1.700612
1.668286
1.657688
1.628673
1.658143
1.634368
1.654283
1.635353
1.623673
1.608198
1.678928
1.766432
1.646264
1.612169
1.653257
1.612099
1.667993
2.081024
1.609302
1.619493
1.791711
1.591323
1.652835
1.989236
1.662523
1.668763
1.712313
1.633973
1.630919
1.640943
1.854150
1.621374
1.672282
1.655961
1.663053
1.636902
1.612708
1.612234
1.608433
1.612500
1.687499
1.602959
1.654410
1.685778
1.796943
1.653637
1.621872
1.604168
1.601054
1.613443
1.637945
1.645538
1.659905
1.624935
1.666561
1.925943
1.604779
1.603650
1.716625
1.611323
1.681286
1.621613
1.659935
1.722178
1.781431
1.654300
1.608819
1.593765
1.599752
1.598156
1.680959
1.593430
1.656086
1.616538
1.662577
1.659399
1.904569
1.606046
1.611336
1.631774
1.647339
1.641239
1.660018
1.610445
1.663627
1.647528
1.642992
1.607077
1.613426
1.599122
1.682245
1.606999
1.654204
1.624715
1.662742
1.656260
1.845872
1.612257
1.606886
1.634811
1.709075
1.602289
1.654178
1.742439
1.666890
1.827035
2.849543
1.630062
1.614936
1.652187
1.653867
1.660318
1.617920
1.668355
1.652497
1.653143
1.625338
1.988449
1.651068
1.683013
2.540999
1.636962
1.647282
1.648343
1.639633
1.604643
1.603445
1.632087
1.611091
1.679203
1.633942
1.665751
1.744517
1.789561
2.189965
1.610966
1.750636
1.630115
1.631936
1.641579
1.685602
1.632916
1.693045
1.672710
1.659558
1.606756
1.614252
1.606112
1.668716
1.692387
1.642669
1.672986
1.683957
1.669694
1.658140
1.639202
1.629515
1.607887
1.645876
1.649996
1.646951
1.687163
1.688854
1.782978
1.645408
1.620175
1.613262
1.633815
1.638085
1.715779
1.600190
1.656550
1.740565
1.613629
1.658429
1.604819
1.683001
1.621398
1.645135
1.656140
1.663641
1.669151
1.682841
1.603829
1.679169
1.605990
1.604244
1.645754
1.629879
1.775126
1.689638
1.935136
1.690290
1.604900
1.677206
1.595944
1.676818
1.607775
1.651586
1.736560
1.718991
1.656525
1.676584
1.630094
1.652346
1.609750
1.603255
1.604128
1.636953
1.678089
1.670772
1.681411
1.715767
1.650925
1.659419
2.028040
1.612138
1.614368
1.624445
1.750443
1.659121
1.754086
1.704022
1.624841
1.710016
1.632425
1.616226
1.601078
1.647257
1.687835
2.154108
1.614524
1.709122
1.609391
1.699388
1.600726
1.623445
1.611147
1.676933
1.695003
1.906341
1.621789
1.701738
1.606754
1.647183
2.050403
1.644026
1.612184
1.666668
1.678541
1.692135
1.613250
1.707384
1.643714
1.687952
1.620451
1.602470
1.602882
1.720860
1.651662
1.778368
1.624376
1.676271
2.015687
1.614833
1.593605
1.606118
1.625178
1.697715
1.655950
1.700639
1.716256
1.676285
1.719404
1.605575
1.658593
1.606684
2.925092
1.675441
1.666586
1.617008
1.727935
1.701363
1.681699
1.607455
1.612582
1.644032
1.693990
1.775117
1.660428
1.610377
1.663404
1.615730
1.697942
1.625075
1.659206
1.636678
1.650264
1.683444
1.669702
1.669401
1.698463
1.608968
1.645019
1.607764
1.629578
1.609139
1.694304
1.686793
1.674791
1.619321
1.681013
1.642767
1.691384
1.628147
1.613836
1.608071
1.669488
1.657241
1.655494
1.632516
1.695672
1.641638
1.721165
1.626236
1.600267
1.604478
1.738034
1.661151
1.724197
1.581413
1.651283
1.712501
1.670423
1.635353
1.605237
1.639786
1.655091
1.714637
1.681805
1.617046
1.675627
1.605764
1.659808
1.620301
1.603076
1.651396
1.654215
1.650772
1.736285
1.761438
1.669751
1.609857
1.689130
1.598738
1.602166
1.623049
1.782184
1.653760
1.644445
1.765616
1.660993
1.625557
1.656363
1.613599
1.621365
1.619319
1.783282
1.710193
1.680942
1.701285
1.698457
1.608872
2.733458
1.610516
1.608915
1.627059
1.675148
1.663965
1.676907
1.856264
1.610189
1.665445
1.610811
1.621307
1.628766
1.610563
1.655757
1.659859
1.661221
1.705991
1.836795
1.663743
1.614930
1.616026
1.616284
1.612903
1.673914
1.655521
1.651130
1.686827
1.779955
1.655330
1.608755
1.611163
1.634798
1.609225
1.663167
1.653179
1.664634
1.778959
1.824318
1.668360
1.608752
1.602040
1.677773
1.608898
1.649124
1.664382
1.638053
2.683336
1.603910
1.688500
1.612880
1.614199
1.601918
1.699387
1.652731
1.654314
1.628094
1.663509
1.609206
1.666571
1.621721
1.608921
1.629573
1.740402
1.655798
1.753089
1.607989
1.662350
1.615122
1.661723
1.615973
1.619187
1.610004
1.625426
1.644785
1.822949
1.773881
1.663968
1.777094
1.659449
2.146361
1.606836
1.608365
1.669403
1.647852
1.657121
1.616473
1.684044
1.603708
1.689169
1.607775
1.632826
1.645451
1.690534
1.655468
1.666105
1.610846
1.657088
1.612940
1.643158
1.631388
1.596083
1.590543
1.654158
1.641765
1.649826
1.701104
1.684827
1.595058
1.646368
1.638578
1.588147
1.596598
1.692018
1.612874
2.341775
1.589311
1.659335
1.682100
1.650247
1.593887
1.777066
1.589215
1.651306
1.662319
1.671932
1.606364
1.665912
1.600530
1.668530
1.625205
1.735599
1.586542
1.625144
1.680351
1.645645
1.608433
1.643459
1.598263
1.656101
1.597461
1.600692
1.625426
1.657258
1.582197
1.832174
1.741500
1.656454
1.600360
1.640194
1.596337
1.604663
1.590629
1.604085
1.645980
1.668138
1.653968
1.652926
1.602579
1.634473
1.606347
1.583249
1.586577
1.600775
1.636693
1.628451
1.645938
1.595781
1.644996
1.614121
1.646139
1.587168
1.608863
1.581460
1.691335
1.677319
1.652436
1.592755
1.649116
1.589283
1.658362
1.597578
1.592664
1.594451
1.700389
1.657086
1.661430
1.606811
1.654314
1.601782
1.656398
1.605975
1.600677
1.602117
1.611151
1.650479
1.674504
1.751352
1.649070
1.602646
1.651253
1.597577
1.599842
1.593461
1.593906
1.649787
1.704359
1.646048
1.655163
1.586238
1.689278
1.598185
1.593664
1.601095
1.605963
1.677605
1.670188
1.657232
1.601019
1.789019
1.606460
1.750594
1.590631
1.603044
1.607952
1.671328
1.673174
1.661541
1.601678
1.656162
1.596704
1.632767
1.597942
1.602843
1.599773
1.689367
1.658694
1.658217
1.604088
1.652041
1.598669
1.656208
1.595811
1.599646
1.647017
1.748530
1.666650
1.724418
1.593774
1.680508
1.621152
1.656182
1.624057
1.596839
1.603863
1.657608
1.645757
1.877435
1.626409
1.676478
1.599579
1.645901
1.623276
1.591579
1.625552
1.756634
1.690716
1.687092
1.609919
1.683895
1.600511
1.676242
1.596400
1.593329
1.605201
1.648956
1.686675
1.684605
1.923315
1.674186
1.597644
1.666609
1.598429
1.643166
1.598840
1.676889
1.910326
1.840903
1.632445
1.708318
1.626547
1.674436
1.602718
1.609046
1.593514
1.709500
1.680534
1.733101
1.633456
1.689676
1.623069
1.653440
1.612877
1.593636
1.602878
1.664675
1.678237
1.725849
1.600653
1.662296
1.603728
1.644172
1.607423
1.606198
1.583457
1.775898
1.602608
1.763566
1.796147
1.735960
1.587390
1.666737
1.586395
1.620115
1.611170
1.689167
1.634102
1.711227
1.875652
1.711364
1.586363
1.769049
1.592994
1.593585
1.630397
1.682851
1.661025
1.731958
1.632012
1.687296
1.608824
1.673825
1.591937
1.637755
1.612127
1.654064
1.658969
1.689177
1.879331
1.642532
1.624686
1.653765
1.626821
1.587360
1.576973
1.636619
1.628531
1.690681
1.913193
1.632600
1.601494
1.670626
1.585337
1.609975
1.586358
1.748809
1.581336
1.657181
1.849191
1.654153
1.597623
1.630411
1.598463
1.588723
1.605784
1.634759
1.650902
1.702892
1.651011
1.676868
1.582442
1.619507
1.610008
1.600616
1.624147
1.621480
1.653704
1.643657
1.633083
1.686583
1.624452
1.585523
1.648073
1.576274
1.586744
1.591788
1.637848
1.638283
1.633468
1.601860
1.627458
1.575548
1.645788
1.581467
1.579448
1.575413
1.674634
1.630694
1.643239
1.687397
1.628392
1.605759
1.672306
1.584080
1.591809
1.591871
1.792732
1.579867
1.653626
1.673250
1.652581
1.624240
1.637969
1.582016
1.583171
1.579520
1.623212
1.638261
1.678662
1.645775
1.654061
1.806903
1.634785
1.599479
1.580276
1.605653
1.586075
1.711798
1.674498
1.670680
1.702378
1.632733
1.602603
1.747525
1.570814
1.578177
1.578487
1.688980
1.674678
1.641880
1.608318
1.659277
1.578309
1.628740
1.612276
1.584506
1.578549
1.692255
1.645787
1.648019
1.635177
1.655025
1.583236
1.649416
1.577050
1.607959
1.624063
1.754318
1.654900
1.655751
1.628730
1.662750
1.634354
1.639266
1.589384
1.629486
1.611299
1.604006
1.647494
1.657048
1.670755
1.696406
1.606939
1.662997
1.610035
1.616260
1.588520
1.620548
1.684771
1.672746
1.656942
1.692116
1.634653
1.666673
1.600507
1.587752
1.613177
1.614255
1.670570
1.711812
1.760637
1.697159
1.689994
1.656290
1.600760
1.643985
1.686960
1.603742
1.697225
1.688587
1.692244
1.741175
1.583278
1.667731
1.626624
1.580274
1.587557
1.597759
1.793740
1.649251
1.658999
1.693523
2.243194
1.668399
1.612036
1.619485
1.629776
1.681511
1.587083
1.658259
1.671819
1.659339
1.586530
1.658807
1.600679
1.617082
1.594855
1.689617
1.616856
1.646017
1.697377
1.690244
1.716487
1.646468
1.584454
1.600159
1.590525
1.632311
1.724035
1.762592
1.662181
1.637129
1.832024
1.649816
1.634542
1.572269
1.581754
1.627190
1.632655
1.640770
1.691720
1.702802
1.809743
1.711073
1.583486
1.585582
1.585564
1.652237
1.679585
1.662796
1.643747
1.688645
1.649787
1.627468
1.725880
1.576148
1.595456
1.575132
1.678929
1.662080
1.625560
1.584627
1.653149
1.605180
1.748046
1.605603
1.605643
1.588874
1.706619
1.649376
1.676787
1.607824
1.641811
1.605907
1.649898
1.604731
1.580259
1.592692
1.701344
1.654515
1.680975
1.579230
1.656230
1.608947
1.656022
1.592417
1.595541
1.608271
1.628495
1.633588
1.681924
1.895432
1.665300
1.570510
1.650665
1.615743
1.572397
1.584757
1.740253
1.577429
1.686991
1.673474
1.683529
1.629390
1.663737
1.572902
1.570396
1.605027
1.684129
1.639956
1.675523
1.689269
1.732987
1.611422
1.702055
1.587236
1.590638
1.594837
1.650516
1.730694
1.682051
1.647048
1.638435
1.814403
1.654959
1.600598
1.602182
1.629490
1.634898
1.615231
1.690890
1.670445
1.638678
1.657120
2.646193
1.594885
1.615901
1.629514
1.650018
1.666018
1.712665
1.626478
1.707455
1.632347
1.665664
1.630360
1.650145
1.626515
1.718996
1.692244
1.697396
1.607015
1.750880
1.624049
1.677903
1.626186
1.655255
1.606106
1.653408
1.683576
1.680460
1.683004
1.686090
1.598601
1.680003
1.605974
1.625563
1.592871
1.744453
1.675859
1.676961
1.736116
1.670526
1.605910
1.682946
1.657600
2.302113
1.617566
1.700469
1.655465
1.668327
1.602533
1.653406
1.630401
1.758958
1.606516
1.593864
1.609995
1.684956
1.637816
1.637040
1.602520
1.664232
1.592453
1.671603
1.614066
1.570546
1.590709
1.638749
1.650636
1.639071
1.673376
1.628233
1.585342
1.652659
1.588331
1.608324
1.572135
1.638936
1.579958
1.642903
1.626144
1.637497
1.594093
1.629912
1.581019
1.599814
1.573801
1.859042
1.586930
1.649777
1.652445
1.668651
1.805675
1.639119
1.618018
1.585616
1.588507
1.697005
1.595002
1.658531
1.654446
1.598940
1.671617
1.595627
1.650746
1.599823
1.606200
1.596046
1.665287
1.651863
1.642200
1.595618
1.663991
1.596437
1.660429
1.603367
1.600584
1.601080
1.660491
1.630479
1.646266
1.615804
1.653890
1.589991
1.661181
1.613656
1.585602
1.601033
1.700117
1.583264
1.655744
1.673404
1.643182
1.612258
1.641863
1.603719
1.606993
1.592875
1.624485
1.638138
1.660439
1.641140
1.666415
1.765488
1.648860
1.609751
1.603030
1.597955
1.616456
1.661203
1.650457
1.650230
1.594387
1.650402
1.604806
1.647981
1.599782
1.614389
2.291256
1.649740
1.600985
1.642178
1.733953
1.950037
1.825561
1.601578
1.715925
1.697941
1.657825
1.671745
1.908143
2.504142
1.774049
1.684648
1.587494
1.631742
1.601952
1.600102
1.673703
1.652222
1.655555
1.723196
1.780481
1.736244
1.596540
1.624488
1.600870
1.622216
1.637787
1.656143
1.665412
1.730660
1.827208
1.653039
1.601753
1.592940
1.626502
1.591672
1.650255
1.655623
1.628303
1.611351
1.659598
1.613216
1.631874
1.605959
1.586259
1.595832
1.660465
1.824064
1.719833
1.656897
1.694020
1.625334
1.710753
1.630222
1.635652
1.658991
1.752651
1.707939
1.664911
2.385400
1.722849
1.817653
1.674227
1.662001
1.635654
1.788909
1.684319
1.675076
1.611831
1.705491
1.633504
1.648145
1.596131
1.598603
1.605195
1.727506
1.654546
1.659385
1.710574
1.678655
1.617391
1.664606
1.614141
1.629556
1.614675
1.704200
1.590494
1.741612
1.634661
1.669497
1.625736
1.655716
1.662928
1.622924
1.653025
1.740451
1.664617
1.657317
1.815382
1.668579
1.610361
1.672840
1.610928
1.972768
1.611278
1.706475
1.662500
1.692264
1.605956
1.661419
1.596666
1.650909
1.592807
1.603006
1.626324
1.804692
1.691710
1.673321
1.602100
1.651910
1.617728
1.662269
1.969454
1.633712
1.626593
1.755770
1.686861
1.646141
1.602568
1.715466
1.626185
1.653589
1.599676
1.624614
1.610004
1.971544
1.650895
1.672528
1.606399
1.656409
1.610936
1.666654
1.606088
1.610177
1.635878
1.697209
1.701356
1.710805
1.630938
1.805938
1.597230
1.669231
1.592931
1.595757
1.649908
1.740322
1.693915
1.678814
1.635397
1.708636
1.601113
1.686612
1.627238
1.617242
1.612451
1.769958
1.708049
1.688773
1.622289
1.664957
1.611670
1.679010
1.574162
1.686932
1.599018
1.740409
1.640565
1.670465
1.637263
1.761269
1.609758
1.650393
1.641638
1.632834
1.648014
1.660481
1.660467
1.631979
1.592943
1.632794
1.598678
3.062218
1.644789
1.595790
1.662278
1.589976
1.697316
1.649265
1.648163
1.635589
1.643532
1.591227
1.599552
1.613204
1.650315
1.691129
1.663213
1.660365
1.687176
1.811676
1.667346
1.660550
1.604222
1.596512
1.642026
1.660603
1.658195
1.688104
1.708029
1.727223
1.688224
1.605720
1.602949
1.638882
1.652288
1.682483
1.711410
1.675725
1.747056
1.647190
1.660390
1.677578
1.616062
1.610789
1.636497
1.729826
1.717875
1.700126
1.734942
1.906481
1.676967
1.589047
1.600783
1.618455
1.750690
1.592103
1.657689
1.677929
1.693543
1.642814
1.688314
1.626511
1.598742
1.602756
1.732954
1.583562
1.699285
1.701137
1.685581
1.620994
1.659794
1.604277
1.619527
1.635136
1.668724
1.642592
1.684658
1.650209
1.695976
1.610162
1.668467
1.640487
1.606918
1.618374
1.600058
1.657191
1.690750
1.754880
1.707174
1.701661
1.678318
1.622905
1.592621
1.618481
1.636076
1.630555
1.680341
1.685269
1.698237
1.809083
1.699086
1.598788
1.639951
1.612686
1.686682
1.668477
1.664584
1.649443
1.778398
1.576044
1.671808
1.616950
1.581811
1.581264
1.636950
1.648816
1.666141
1.704279
1.736009
1.791036
1.694179
1.574271
1.665751
1.619354
1.644759
1.668699
1.647018
1.657583
1.679725
1.804590
1.824448
1.584306
1.601192
1.596826
1.684835
1.699543
1.658033
1.641010
1.720292
1.623664
1.661652
1.657724
1.598359
1.593501
1.626738
1.595813
1.684899
1.639718
1.729974
1.760761
1.676640
1.612872
1.706335
1.632780
1.610725
1.647312
1.655896
1.675385
1.766557
1.693968
1.660170
1.599854
1.612243
1.631598
1.594953
1.755633
1.655794
1.678002
1.729684
1.794691
1.702481
2.115688
1.613371
1.605656
1.634660
1.626120
1.652670
1.772420
1.674673
1.622865
1.736110
1.573581
1.583747
1.610776
1.624952
1.639584
1.657009
1.657253
1.702043
1.614107
1.649640
1.608605
1.630720
1.594452
1.655898
1.659433
1.663346
1.664645
1.723310
1.591779
1.668734
1.619242
1.615431
1.601469
1.639784
1.663659
1.677757
1.714623
1.677272
1.801641
1.680713
1.612839
1.623705
1.625363
1.611601
1.686925
1.679573
1.664163
1.735491
1.746575
1.682188
1.587926
1.631549
1.621406
1.634861
1.657024
1.691095
1.668348
1.720736
1.685267
1.693312
1.587385
1.624784
1.587668
1.633875
1.646237
1.681718
1.705668
1.685851
1.751011
1.670512
1.589453
1.612063
1.604154
1.613558
1.672568
1.642780
1.663863
1.644326
1.685416
1.597662
1.645259
1.586492
1.591111
1.597658
1.700277
1.636168
1.658213
1.590606
1.670262
1.592169
1.650515
1.593613
1.625995
1.692234
1.714821
1.698645
1.712594
1.622118
1.670545
1.594880
1.697482
1.633554
1.595916
1.583583
1.777150
1.668383
1.704631
1.648011
1.684523
1.571969
1.652403
1.610857
1.580503
1.576496
1.672680
1.698087
1.686895
1.735485
1.730818
1.623109
1.674893
1.620346
1.657179
1.629511
1.718881
1.650495
1.661165
1.611992
1.692037
1.597257
1.687576
1.683567
1.602736
1.590407
1.689153
1.681977
1.782681
1.715486
1.654225
1.596853
1.641313
1.671407
1.573627
1.592477
1.680267
1.711454
1.714774
1.596867
1.681528
1.611976
1.683683
1.735309
1.603629
1.592342
1.689368
1.641204
1.662306
1.731941
1.649242
1.626278
1.650451
1.647403
1.594760
1.607961
1.685009
1.727697
1.686474
1.737849
1.667646
1.588090
1.631498
1.592477
1.586708
1.606772
1.655249
1.606902
1.644297
1.651841
1.620394
1.572337
1.658817
1.589353
1.583768
1.617222
1.596060
1.635579
1.640893
1.648803
1.595098
1.673719
1.587637
1.666913
1.608378
1.623941
1.583412
1.651221
1.638705
1.655032
1.607015
1.652875
1.594906
1.684237
1.594861
1.599798
1.610328
1.687788
1.649033
1.649192
1.663615
1.646055
1.603875
1.652581
1.595735
1.623507
1.626627
1.652976
1.655231
1.600022
1.856187
1.673631
1.592598
1.649547
1.603642
1.597964
1.616205
1.661459
1.621234
1.725078
1.655352
1.666790
1.601384
1.681069
1.589864
1.609479
1.600873
1.651337
1.589647
1.649395
1.664657
1.670087
1.715620
1.636290
1.571512
1.592338
1.583407
1.598416
1.755786
1.676681
1.640598
1.600732
1.645806
1.592291
1.668921
1.589587
1.580303
1.616236
1.641414
1.644767
1.650178
1.598680
1.645937
1.604894
1.656458
1.597695
1.592902
1.620491
1.614669
1.661516
1.658626
1.594721
1.674013
1.601654
1.656181
1.616031
1.615465
1.616860
1.690751
1.652907
1.609553
1.792311
1.660330
1.610056
1.664049
1.609884
1.612411
1.612170
1.660349
1.643580
1.653722
1.652040
1.661307
1.627012
1.700753
1.604659
1.621267
1.610237
1.680906
1.636518
1.653854
1.659816
1.672630
1.608988
1.657738
1.629176
1.610369
1.602073
1.659409
1.606816
1.653361
1.648248
1.585664
1.644021
1.608017
1.659361
1.601720
1.613019
1.628764
1.650099
1.673885
1.650969
1.604913
1.658146
1.597617
1.652630
1.623384
1.595370
1.590659
1.667646
1.637638
1.659015
1.639779
1.670776
1.605915
1.656450
1.624300
1.610962
1.635739
1.613042
1.666196
1.687498
1.848350
1.652521
1.606600
1.650511
1.590330
1.607171
1.594646
1.658345
1.602823
1.636761
1.635853
1.670616
1.606742
1.676432
1.600569
1.621316
1.594952
1.602969
1.663891
1.641903
1.644511
1.664210
1.690583
1.661494
1.593106
1.599533
1.621485
1.595857
1.650936
1.660805
1.637107
1.591811
1.676505
1.603474
1.956329
1.595219
1.598624
1.591060
1.636463
1.655412
1.650536
1.625508
1.668399
1.616032
1.651521
1.612094
1.602039
1.608309
1.638841
1.660246
1.649934
1.584105
1.643547
1.601851
1.731136
1.593333
1.623280
1.597918
1.656441
1.658710
1.649525
1.593428
1.646932
1.584264
1.632859
1.585942
1.582238
1.582726
1.620895
1.645314
1.664232
1.651155
1.659890
1.600442
1.661479
1.604957
1.567280
1.582408
1.586014
1.647534
1.666163
1.649758
1.572838
1.645872
1.606286
1.673461
1.593495
1.581497
1.595930
1.671678
1.643614
1.632628
1.602464
1.650613
1.591651
1.679146
1.594136
1.619518
1.616269
1.641652
1.641873
1.646415
1.598360
1.656411
1.624095
1.650801
1.612483
1.603839
1.597877
1.656181
1.606232
1.650751
1.646923
1.665185
1.594798
1.644903
1.600661
1.588741
1.589753
1.640613
1.583823
1.644443
1.657366
1.727897
1.808671
1.641168
1.601705
1.587434
1.567003
1.693946
1.635216
1.646004
1.651884
1.592848
1.655130
1.623666
1.659870
1.591595
1.622342
1.600916
1.640072
1.652239
1.632498
1.617112
1.648804
1.596098
1.660443
1.592659
1.615389
1.601039
1.657488
1.645799
1.659399
1.629179
1.654669
1.628069
1.639095
1.620287
1.592600
1.608114
1.602497
1.634846
1.643946
1.630800
1.661083
1.638885
1.644420
1.610182
1.592616
1.615507
1.631453
1.652209
1.661822
1.692519
1.706699
1.606405
1.661584
1.603922
1.604131
1.616409
1.605133
1.652345
1.654138
1.646871
1.606156
1.788243
1.599864
1.743494
1.597717
1.612282
1.593948
1.662327
1.631426
1.628078
1.591845
1.648042
1.585538
1.660849
1.597640
1.617523
1.598452
1.665222
1.640917
1.650283
1.599616
1.653893
1.602019
1.641623
1.617230
1.617209
1.592892
1.604098
1.761612
1.776990
1.583368
1.646174
1.588482
1.630818
1.598668
1.582616
1.582856
1.584433
1.619288
1.647708
1.625390
1.639709
1.616987
1.644211
1.589328
1.609215
1.580413
1.632787
1.601935
1.646421
1.639419
1.586393
1.670616
1.584452
1.627863
1.584370
1.579771
1.590776
1.654198
1.634639
1.640204
1.584724
1.659698
1.592704
1.662217
1.632952
1.581527
1.582200
1.617901
1.791787
1.674264
1.709361
1.643786
1.613345
1.644322
1.618990
1.609258
1.594603
1.621423
1.653166
1.701193
1.735416
1.641962
1.598786
1.629965
1.618049
1.594069
1.590742
1.607263
1.644334
1.638619
1.655085
1.706062
1.586312
2.757660
1.583447
1.604451
1.597564
1.673496
1.660161
1.661377
1.622086
1.656309
1.619003
1.644186
1.629273
1.592380
1.601267
1.674591
1.653140
1.696019
1.600294
1.661725
1.600274
1.688105
1.602714
1.625560
1.609250
1.665566
1.594603
1.708476
1.645764
1.656770
1.605651
1.649288
1.598467
1.602132
1.600916
1.683886
1.593654
1.649497
1.654853
1.680532
1.701336
1.650410
1.617269
1.606155
1.605096
1.671650
1.604914
1.659450
1.656493
1.597163
1.651108
1.605781
1.651253
1.597528
1.606128
1.596900
1.652285
1.636684
1.638122
1.592650
1.648112
1.600510
1.668014
1.596566
1.594679
1.589860
1.633757
1.632507
1.650660
1.613754
1.654864
1.601967
1.650481
1.589401
1.651163
1.606014
1.696267
1.585566
1.709854
1.659918
1.653372
1.691674
1.654607
1.600048
1.628668
1.608174
1.718607
1.623436
1.665029
1.639623
1.671510
1.605518
1.665114
1.619674
1.616408
1.624634
1.632834
1.682832
1.676517
1.676453
1.706954
1.601815
1.666531
1.610007
1.614441
1.632706
1.603147
1.657647
1.666912
1.678025
1.597827
1.802898
1.599623
1.740579
1.611098
1.596884
1.602225
1.642813
1.648509
1.664656
1.598849
1.665053
1.588159
1.678748
1.624702
1.600580
1.598799
1.665490
1.667028
1.658098
1.584620
1.654667
1.610590
1.655513
1.620274
1.609474
1.583013
1.655545
1.664260
1.642855
1.604964
1.652176
1.596642
1.657723
1.601663
1.604098
1.601431
1.670793
1.605963
1.727782
1.900364
1.655843
1.820300
1.670970
1.593016
1.641545
1.589058
1.634212
1.685476
1.656254
2.019112
1.646169
1.606600
1.672677
1.594472
1.611340
1.602174
1.697332
1.668213
1.668742
1.654208
1.671470
1.596611
1.669680
1.607868
1.624494
1.611837
1.755671
1.652347
1.668183
1.608070
1.666588
1.608061
1.663554
1.610122
1.615307
1.648374
1.741170
1.666698
1.714766
1.784885
1.667264
1.631132
1.662600
1.607062
1.618500
1.631563
1.656245
1.666349
2.016172
1.626983
1.862091
1.610968
1.811162
1.634653
1.600164
1.600255
1.668388
1.655298
1.683514
1.670290
1.654507
1.640043
1.681097
1.600477
1.605983
1.611713
1.652716
1.626984
1.649973
1.605140
1.652188
1.634398
1.642238
1.629652
1.616295
1.608805
1.620445
1.690800
1.579107
1.625717
1.646861
1.605469
1.620436
1.615360
1.585602
1.586381
1.662348
1.596336
1.658058
1.644037
1.680996
1.772115
1.665447
1.598501
1.597137
1.605207
1.662341
1.601422
1.659151
1.648523
1.599994
1.656337
1.595631
1.653453
1.606605
1.593210
1.615090
1.668582
1.641657
1.663982
1.614855
2.289239
1.684761
1.600416
1.599069
1.626183
1.595825
1.646044
1.669281
1.634663
1.608668
1.654304
1.590536
1.654365
1.596797
1.595193
1.593795
1.674697
1.641416
1.643992
1.620054
1.676044
1.596622
1.689083
1.603288
1.617333
1.600995
1.676763
1.636595
2.625954
1.692901
1.635058
1.634563
1.586726
1.609844
1.601022
1.700124
1.621697
1.658156
1.636148
1.783524
2.041387
1.649054
1.615404
1.625226
1.611940
1.603113
1.641963
1.859764
1.643174
1.660625
1.632039
2.404939
1.632285
1.617308
1.597987
1.666537
1.646354
1.642938
1.607085
1.639874
1.586290
1.656450
1.609912
1.600377
1.590557
1.672837
1.674291
1.610799
1.778213
1.646072
1.605613
1.663749
1.591248
1.628419
1.598491
1.659386
1.610765
1.667684
1.656058
1.657765
1.602367
1.638594
1.601194
1.624477
1.602694
1.666448
1.690812
1.680813
1.674919
1.705926
1.707689
1.718745
1.619479
1.607617
1.614190
1.610319
1.668655
1.649875
1.687710
1.662170
1.788258
1.657122
1.610974
1.609202
1.603978
1.596838
1.664709
1.682673
1.664319
1.618505
1.917271
1.718859
1.625326
1.629691
1.610857
1.619088
1.641709
1.659265
1.667999
1.694997
1.756960
1.660098
1.595882
1.601644
1.610223
1.595662
1.658595
1.641791
1.658312
1.603897
1.661578
2.296364
1.603692
1.627547
1.647892
1.608075
1.668567
1.587418
1.660462
1.665508
1.698536
1.645757
1.594520
1.609130
1.592609
1.608034
1.683321
1.702043
1.709173
1.710561
1.867101
1.667214
1.651160
1.648179
1.627577
1.650774
1.676896
1.764694
1.686989
2.072953
1.602352
1.681525
1.617228
1.621414
1.609152
1.752591
1.664936
1.690808
1.708483
1.688928
1.622964
1.701639
1.597487
1.633831
1.623332
1.679704
1.741278
1.681160
1.697553
1.691489
1.604843
1.669917
1.610856
1.609677
1.674724
1.667534
1.650601
1.725225
1.709328
1.651115
1.629911
1.659025
1.803475
1.602828
1.627577
1.697340
1.689885
1.664388
1.607162
1.658513
1.599708
1.660736
1.600637
1.596688
1.627495
1.659363
1.594776
1.712489
1.644086
1.674142
1.597677
1.666805
1.604500
1.620308
1.602959
1.705557
1.609065
1.681934
1.652731
1.664770
1.596738
1.644139
1.612201
1.608227
1.603985
1.620459
1.655016
1.657847
1.662265
1.615334
1.804506
1.617168
1.747682
1.629329
1.611117
1.613317
1.668466
1.658195
1.680386
1.614111
1.808419
1.607745
1.760900
1.610991
1.629478
1.613742
1.678069
1.660982
1.656377
1.618354
1.784326
1.620006
1.763077
1.606951
1.670046
1.618559
1.656066
1.665325
1.650133
1.608685
1.928754
1.664125
1.602760
1.623289
1.620453
1.640978
1.672082
1.676293
1.685018
1.690174
1.785202
1.656289
1.614902
1.619421
1.627608
1.616334
1.627551
1.664143
1.645283
1.623450
1.822695
1.743041
1.622871
1.621478
1.599835
1.610030
1.635645
1.653101
1.652976
1.611913
1.650825
1.617153
1.664661
1.601597
1.606964
1.650001
1.676108
1.697516
1.656708
1.643592
1.697303
1.608844
1.645118
1.631015
1.638322
1.592534
1.675965
1.701949
1.655545
1.691098
1.693279
1.634347
1.747782
1.596065
1.605853
1.651764
1.728046
1.655671
1.662278
1.614912
1.686097
1.616525
1.634698
1.619073
1.612441
1.628253
1.626614
1.728725
1.715067
1.629048
1.697699
1.651527
1.744518
1.627891
1.594052
1.596671
1.664586
1.714305
1.658329
1.607951
1.711602
1.621209
1.708867
1.587220
1.609760
1.650172
1.682833
1.660912
1.688078
1.628620
1.681491
1.637805
1.677607
1.597591
1.604950
1.623583
1.620636
1.890629
1.660629
1.608230
1.705014
1.594367
1.658321
1.603827
1.595821
1.592590
1.635013
1.662454
1.732880
1.724766
1.657632
1.605392
1.653089
1.593356
1.590679
1.615304
1.676779
1.587282
1.647941
1.631874
1.646889
1.606441
1.640693
1.591673
1.611007
1.614216
1.592235
1.642746
1.629947
1.636644
1.589935
1.678845
1.592162
1.686712
1.594902
1.595513
1.610325
1.624212
1.675377
1.647209
1.618183
1.641021
1.617071
1.649913
1.598492
1.604018
1.589724
1.673704
1.652641
1.640384
1.611996
1.637875
1.581393
1.640318
1.678350
1.589442
1.610279
1.690733
1.658027
1.703899
1.750020
1.648073
1.598728
1.646343
1.620411
1.599118
1.605893
1.598188
1.605886
1.638521
1.643005
1.641491
1.630598
1.644878
1.633352
1.610547
1.591688
1.606054
1.650377
1.676324
1.656165
1.710255
1.763914
1.644922
1.611874
1.619532
1.601015
1.602769
1.654365
1.646273
1.656432
1.589767
1.642996
1.610579
1.656431
1.599872
1.618591
1.601862
1.618737
1.689991
1.634670
1.597001
1.658528
1.587609
1.676761
1.604187
1.634655
1.587666
1.616623
1.647358
1.654933
1.612300
1.656452
1.592491
1.682076
1.590269
1.638900
1.593714
1.621237
1.673697
1.819720
1.734332
1.666986
1.615226
1.685368
1.597927
1.649025
1.611895
1.626188
1.665541
1.647804
1.754381
1.667660
1.600469
1.658856
1.632267
1.655293
1.702683
1.676653
1.588680
1.721724
1.858140
1.653892
1.598123
1.670715
1.587299
1.604808
1.610939
1.655739
1.803068
1.719101
1.777885
1.689299
2.419078
2.516599
2.520537
1.660902
1.640401
1.678525
1.646545
1.600788
1.662759
1.687927
2.206838
1.766978
1.831099
1.977885
2.116820
2.126846
1.976106
1.794247
1.772610
1.721122
1.713359
1.592750
1.690989
1.657810
1.669469
1.625120
1.662569
1.599466
1.669561
1.592423
1.615222
1.621503
1.639767
1.645040
2.308975
1.596730
1.666642
1.650726
1.673667
1.620650
1.609224
1.613848
1.864150
1.652834
1.709750
1.612131
1.682957
1.603273
1.680247
1.627116
1.633245
1.625438
1.700446
1.658115
1.661263
1.821298
1.687432
1.597153
1.637869
1.584668
1.628078
1.603950
1.641786
1.693624
1.637532
1.608224
1.653258
1.595508
2.083458
1.636699
1.596820
1.592786
1.669873
1.635312
1.648199
1.623661
1.650752
1.600590
1.665480
1.616110
1.611018
1.603050
1.656499
1.636881
1.675270
1.695823
1.673703
1.599040
1.703312
1.597764
1.628569
1.601974
1.718893
1.647800
1.751861
1.690896
1.667248
1.647827
1.643725
1.596752
1.622776
1.599359
1.658477
1.643958
1.765652
1.852131
1.652294
1.601343
1.665858
1.603721
1.602896
1.615401
1.615419
1.633565
1.788519
1.761871
1.682780
1.618179
1.643102
1.597545
1.597572
1.602280
1.626429
1.654054
1.624434
1.635890
1.649390
1.623050
1.647135
1.636745
1.600848
1.599060
1.605046
1.657834
1.651712
1.674399
1.655828
1.696967
1.670733
1.610766
1.606185
1.629832
1.630801
1.656316
1.688178
1.651207
1.705621
1.831339
1.653373
1.738961
1.612005
1.591277
1.612336
1.676647
1.641650
1.655037
1.737814
1.698171
1.661678
1.602475
1.605138
1.619003
1.623276
1.649220
1.652885
1.687168
1.725883
1.827157
1.647242
1.601888
1.601064
1.609329
1.604242
1.626608
1.643839
1.640751
1.610061
1.662832
1.599704
1.650090
1.619025
1.587771
1.598102
1.696257
1.656515
1.654234
1.614712
1.668597
1.608797
1.669631
1.609881
1.639101
1.611088
1.650283
1.664286
1.689398
1.615228
1.654821
1.604848
1.669881
1.587236
1.639903
1.589844
1.672265
1.651708
1.668231
1.734910
1.658117
1.596588
1.652080
1.599743
1.605915
1.613150
1.659470
1.573313
1.637136
1.649022
1.651223
1.615049
1.649655
1.585178
1.612166
1.604964
1.611103
1.647442
1.647185
1.646694
1.664141
1.816083
1.657264
1.625306
1.594449
1.586575
1.709500
1.642898
1.669590
1.634520
1.715626
1.836817
1.667889
1.638355
1.606115
2.057286
1.625563
1.614633
1.744499
1.638776
1.656484
1.912378
1.661501
1.614976
1.607941
1.611123
1.693283
1.658280
1.621254
1.914823
1.654845
1.611004
1.658761
1.608695
1.624533
1.606083
1.678557
1.667446
1.600904
1.647528
1.672766
1.611685
1.660532
1.635461
1.625519
1.621486
1.639722
1.653916
1.657962
1.654964
2.189074
1.622266
1.662163
1.616509
1.623418
1.627620
1.695348
1.651646
1.705490
1.692219
1.658482
1.602531
1.654258
1.604786
1.599108
1.631540
1.688124
1.587093
1.714070
1.661714
1.681353
1.602592
1.669001
1.607623
1.651159
1.616403
1.640599
1.654910
1.696087
1.685070
1.671199
1.613024
1.683912
1.598824
1.629485
1.603060
1.632708
1.670431
1.663928
1.637766
1.738783
1.625655
1.657777
1.599405
1.599975
1.607250
1.652978
1.631246
1.651488
1.642007
1.593346
1.671140
1.610673
1.663923
1.603940
1.608293
1.595862
1.655541
1.650346
1.646126
1.633153
1.657445
1.629513
1.660000
1.614626
1.607962
1.627775
1.678662
1.648756
1.684146
1.612796
1.687035
1.606466
1.668322
1.600758
1.617071
1.606469
1.776987
1.669389
1.670553
1.614581
1.674002
1.610262
1.670346
1.599701
1.632764
1.612361
1.673665
1.673287
1.663852
1.755658
1.668110
1.605926
1.658396
1.622180
1.602044
1.602075
1.670318
1.616436
1.680652
1.775482
1.671971
1.616068
1.668092
1.604286
1.610360
1.622545
1.665302
1.612179
1.673436
1.664695
1.681825
1.616230
1.658589
1.605863
1.617408
1.610916
1.621675
1.632902
1.650976
1.655592
1.677034
1.704013
1.679046
1.621607
1.637699
1.606550
1.742128
1.674534
1.668827
1.667578
1.727732
1.589230
1.674489
1.609576
1.608885
1.634584
1.605187
1.686527
1.677898
1.666258
1.730504
1.792031
1.683359
1.607342
1.637715
1.610153
1.604128
1.665332
1.684887
1.676342
1.827065
1.597751
1.683890
1.616803
1.596927
1.625486
1.610243
1.686464
1.654407
1.662345
1.719046
1.782101
1.684955
1.614889
1.611224
1.617264
1.633823
1.654169
1.674591
1.686852
1.699791
1.778933
1.668577
1.608851
1.620441
1.608029
1.615576
1.690922
1.656852
1.669630
1.766736
1.785798
1.659358
1.611721
1.610121
1.611304
1.621585
1.635890
1.651406
1.657408
1.605214
1.665479
1.638241
1.645190
1.606091
1.610031
1.610281
1.662573
1.692762
1.670395
1.601097
1.660603
1.598656
1.650253
1.605601
1.593043
1.617372
1.658588
1.684716
1.649214
1.612335
1.642857
1.593589
1.658693
1.597608
1.597698
1.625705
1.599968
1.811425
1.674369
1.626455
1.657559
1.640715
1.647315
1.615033
2.112926
1.598815
1.664364
1.643619
1.668448
1.618901
1.706045
1.926090
1.661899
1.640935
1.621991
1.606843
1.688877
1.703667
1.688782
1.610433
1.651826
1.598358
1.665588
1.600381
1.588860
1.608973
1.667833
1.622907
1.661866
1.582877
1.675653
1.747301
1.640067
1.600755
1.603012
1.622490
1.652312
1.657129
1.686827
1.595940
1.674535
1.628612
1.728019
1.606812
1.659550
1.616244
1.755765
1.665506
1.666838
1.641849
1.647080
1.593417
1.668950
1.614332
1.621921
1.644071
1.801280
1.644802
1.667936
1.809104
1.681490
1.607251
1.671762
1.623696
1.637566
1.692885
1.670430
1.655774
1.656362
1.796270
1.740628
2.620490
1.606549
1.606399
1.615292
1.697136
1.593502
1.600731
1.681695
1.686454
1.660492
1.600872
1.762691
1.612013
1.630448
1.688869
1.661455
1.677609
1.652168
1.626356
1.676406
1.626240
1.671013
1.643563
1.607049
1.616256
1.679899
1.653141
2.416962
1.803596
1.599369
1.674337
1.592599
1.611871
1.607202
1.625489
1.742126
1.768619
1.933044
1.907128
1.598576
1.666428
1.606825
1.617319
1.595435
1.703480
1.650686
1.640204
1.721026
1.647684
1.630484
1.664015
1.618553
1.606458
1.615171
2.038096
1.661075
1.650495
1.689755
1.666598
1.625907
1.797484
1.595706
1.623354
1.614640
1.715794
1.675815
1.658631
1.709147
1.641943
1.625137
1.650272
1.632118
1.605662
1.616442
1.780352
1.656667
1.639988
1.738342
1.670220
1.676002
1.651433
1.602974
1.683083
1.612171
1.665069
1.655915
1.651240
1.712446
1.767087
1.597172
1.673724
1.645149
1.630030
1.606796
1.690375
1.656874
1.636012
1.716283
1.651907
1.608516
1.674449
1.625099
1.590914
2.134753
1.695823
1.649172
1.662394
1.707793
1.635204
1.601712
1.671925
1.733946
1.608077
1.638960
1.745961
1.733341
1.898462
1.677102
1.635744
1.614354
1.742954
1.612617
1.616208
1.672486
1.943976
1.599669
1.647095
1.701078
1.605378
1.730636
1.628681
1.607085
1.597733
1.717105
1.723914
2.290188
1.613985
1.654060
1.616093
1.668447
1.602855
1.601747
1.641014
1.704477
1.633917
1.747743
2.574081
1.641163
1.609839
1.660412
1.611770
1.616085
1.668576
1.671688
1.668318
1.663010
1.639541
1.664388
1.607707
1.666739
1.609793
1.591564
1.632319
1.682030
1.670421
1.661416
1.684652
1.643275
1.621355
1.650511
1.599542
1.612786
1.601830
1.723818
1.648044
1.585286
1.641105
1.657206
1.614973
1.653707
1.632231
1.596756
1.596856
1.680098
1.642352
1.596944
1.645193
1.643302
1.598626
1.657720
1.601918
1.619567
1.608762
1.680259
1.598353
1.657173
1.654212
1.672946
1.613038
1.666662
1.603432
1.621946
1.599874
1.712899
1.705227
1.642641
1.643850
1.594003
1.653908
1.591176
1.671759
1.589297
1.594981
1.602959
1.634850
1.634258
1.639030
1.594482
1.660468
1.593650
1.634939
1.594529
1.603981
1.583428
1.664614
1.681700
1.601472
1.642438
1.666487
1.608415
1.668015
1.601985
1.628652
1.599773
1.616342
1.652087
1.587852
1.658756
1.640533
1.600480
1.664385
1.602777
1.617367
1.627459
1.609169
1.646500
1.662199
1.674423
1.645833
1.633602
1.654392
1.604298
1.609364
1.601865
1.613564
1.625213
1.637264
1.644895
1.604347
1.655513
1.595274
1.720978
1.598433
1.621473
1.611140
1.661322
1.638482
1.691703
1.666782
1.639209
1.590111
1.636845
1.583101
1.595241
1.582583
1.651351
1.645509
1.587655
1.654569
1.671886
1.597681
1.669724
1.603836
1.623535
1.602292
1.695003
1.643649
1.596413
1.656124
1.656037
1.603718
1.659265
1.597514
1.629646
1.609066
1.694463
1.593792
1.672607
1.654834
1.659863
1.609867
1.656484
1.615014
1.594005
1.612278
1.712611
1.591614
1.648353
1.654489
1.611004
1.654164
1.598561
1.656723
1.598533
1.621347
1.615173
1.676778
1.645106
1.651062
1.626937
1.648054
1.625439
1.655040
1.627075
1.601794
1.595071
1.628273
1.633792
1.833123
1.727683
1.664879
1.627505
1.654264
1.625211
1.601869
1.701302
1.659845
1.651508
1.584675
1.801726
1.648162
1.603774
1.662467
1.603993
1.590387
1.736662
1.660794
1.642242
1.608072
1.696753
1.634975
1.599214
1.644137
1.600836
1.607887
1.602897
1.687731
1.655071
1.597664
1.653641
1.658521
1.602586
1.651092
1.611044
1.602920
1.619377
1.758972
1.682868
1.603906
1.679964
1.670686
1.603622
1.672962
1.608722
1.590718
1.592646
1.853798
1.654072
1.604999
1.679978
1.684842
1.594715
1.682142
1.587665
1.605404
1.653201
1.633833
1.741501
1.592181
1.688503
1.761950
1.606777
1.691483
1.602656
1.591888
1.637840
2.057118
1.675736
1.593289
1.736977
1.685497
1.599784
1.700412
1.626492
2.387259
1.603911
1.761025
1.662842
1.671890
1.752951
1.955765
1.611906
1.653341
1.606808
1.595818
1.636817
1.702015
1.660904
1.700562
1.603273
1.647149
1.622312
1.752319
1.598076
1.619465
1.630027
1.727954
1.668287
1.702125
1.593728
1.638783
1.626799
1.650236
1.617492
1.655341
1.627802
1.727699
1.664417
1.623533
1.837701
1.660925
1.648138
1.638585
1.600741
1.607394
1.626321
1.757652
1.661535
1.788775
1.709083
1.634502
1.625502
1.669726
1.616632
2.569570
1.806690
1.641479
1.602666
1.676152
1.920596
1.606534
1.714606
1.590737
1.599896
1.617442
2.069644
1.761822
2.392254
1.656692
1.642620
1.650181
1.625018
1.605674
1.626458
1.681007
1.654237
1.666494
1.674289
1.680629
1.688553
1.656501
1.600876
1.600504
1.604524
1.682822
1.667990
1.644026
1.641553
1.635376
1.645037
1.611483
2.202341
1.619376
1.596096
1.665374
1.576978
1.650308
1.653442
1.708859
1.794479
1.651770
1.600674
1.595370
1.637465
1.612237
1.719437
1.683712
1.710447
1.661276
1.587988
1.669920
1.605974
1.609347
1.602813
1.693157
1.676540
1.660688
1.665788
1.678676
1.708960
1.687911
1.616739
1.614099
1.612369
1.782346
1.715464
1.678463
1.677181
1.681000
1.590779
1.670373
1.608134
1.620050
1.641869
1.692748
1.694740
1.696752
1.669866
1.670989
1.696686
1.662992
1.623074
1.632266
1.640746
1.669390
1.638876
1.681269
1.656108
1.662617
1.639541
1.723741
1.629618
1.606296
1.606905
1.681867
1.663685
1.690116
1.655313
1.700478
1.712080
1.732279
1.599748
1.601350
1.616978
1.686066
1.654469
1.656527
1.652450
1.695905
1.645674
1.598259
1.820375
1.612729
1.599958
1.901227
1.610328
1.658374
1.636964
1.672204
1.668277
1.663610
1.610981
1.614375
1.621511
1.666160
1.899046
1.655146
1.681217
2.130394
1.599748
1.669012
1.604964
1.678058
1.597635
1.668621
1.594315
1.689464
1.648038
1.669989
1.882589
1.674549
1.625721
1.601268
1.632607
1.671984
1.590740
1.728367
1.649922
1.649249
1.603318
1.652813
1.597211
1.624460
1.590401
1.622210
1.725056
1.809473
1.654035
1.635253
1.684043
1.640620
1.600845
1.605105
1.599066
1.661557
1.614853
1.652137
1.650293
1.608037
1.696280
1.692282
1.601478
1.619920
1.591809
1.609254
1.646110
1.640779
1.651002
1.610637
1.634638
1.620266
1.653145
1.617860
1.608112
1.575348
1.655487
1.645460
1.600619
1.645146
1.676679
1.607711
1.685898
1.602664
1.627467
1.616312
1.659660
1.637317
1.610667
1.651390
1.649008
1.623244
1.644632
1.631617
1.589292
1.645574
1.665136
1.636550
1.639426
1.651944
1.671163
1.603165
1.667670
1.603536
1.630856
1.606032
1.622263
1.647472
1.657049
1.656102
1.633618
1.582321
2.187638
1.612599
1.611590
1.647013
1.621825
1.651649
1.654733
1.679338
1.644384
1.597364
1.650479
1.603065
1.613042
1.600664
1.628711
1.679906
1.678350
1.660422
2.452880
1.607021
1.662317
1.605887
1.596855
1.629250
1.704660
1.641886
1.630919
1.684629
1.659107
1.624782
1.659591
1.608866
1.618210
1.612204
1.662632
1.678065
1.602962
1.651328
1.666438
1.612166
1.668659
1.620792
1.607150
1.604834
1.701465
1.665980
1.605776
1.648380
1.656229
1.592640
1.654414
1.596501
1.618284
1.608970
1.737681
1.680452
1.646215
1.644602
1.604988
1.656048
1.597947
1.744398
1.652895
1.597841
1.674519
1.729524
1.636522
1.656774
1.613660
1.662199
1.617222
1.659312
1.604814
1.608148
1.609796
1.696156
1.757735
1.777750
1.597569
1.681690
1.600865
1.658092
1.623659
1.598885
1.632845
1.654316
1.672832
1.667346
1.617980
1.664361
1.617390
1.658408
1.616840
1.602925
1.614411
1.682163
1.650581
1.581605
1.670161
1.667216
1.598636
1.714889
1.617998
1.589724
1.614450
1.671737
1.676844
1.601671
1.673285
1.652010
1.612009
1.645329
1.602694
1.596633
1.599790
1.795738
1.752671
1.579270
1.659137
1.643391
1.608881
1.646868
1.595924
1.592602
1.590987
1.776077
1.757821
1.570717
1.639094
1.653207
1.618399
1.648107
1.613242
1.595804
1.611086
1.736292
1.773047
1.703307
1.672055
1.641418
1.608714
2.153962
1.632451
1.586657
1.599780
1.696239
1.654541
1.599520
1.657331
2.593123
1.621087
1.644379
1.616276
1.607253
1.699289
1.734663
1.663274
1.666457
1.601632
1.684349
1.586908
1.656117
1.610932
1.620380
1.586700
1.653906
1.646043
1.605740
1.870513
1.661038
1.595248
1.647764
1.590634
1.574284
1.615283
1.643890
1.639178
1.571924
1.630591
1.635848
1.631745
1.606992
1.562951
1.584312
1.564083
1.672517
1.810575
1.568163
1.608319
1.637547
1.565768
1.619425
1.569730
1.572172
1.549885
1.675160
1.850430
1.606599
1.628515
1.557951
1.660776
1.680682
1.563563
1.571357
1.579078
1.584404
1.642828
1.627757
1.632146
1.818374
1.669164
1.593166
1.658643
1.597481
1.618408
1.611409
1.657460
1.653325
1.608222
1.677351
1.657025
1.606975
1.653146
1.607917
1.605988
1.625547
1.699534
1.671582
1.745548
1.656501
1.671108
1.634522
1.679070
1.622941
1.610316
1.613432
1.667821
2.509117
1.667278
1.619959
1.756539
1.664213
1.625208
1.608150
1.615398
1.697131
1.669033
1.708053
1.661794
1.601732
1.676298
1.615004
1.676679
1.610287
1.613942
2.339935
1.748138
1.595457
1.674652
1.671063
1.601723
1.672709
1.606675
1.600609
1.601977
1.692723
1.928229
1.588378
1.665151
1.655350
1.597025
1.641819
1.612577
1.604326
1.606222
1.647827
1.651265
1.580089
1.643246
1.687572
1.597641
1.678908
1.607052
1.615018
1.590002
1.657401
1.681202
1.670318
1.654688
1.597558
1.653847
1.612149
1.668625
1.603889
1.604977
1.670447
1.680461
1.665431
1.699344
1.615932
1.652996
1.623022
1.663352
1.609840
1.631812
1.609133
1.686546
1.662729
1.741007
1.852602
1.660176
1.632473
1.656146
1.610337
1.609040
1.674730
1.931402
1.648402
1.676099
1.605765
1.647033
2.168219
1.595636
1.589596
1.617417
1.699130
1.600114
1.668919
1.656664
1.696244
1.614427
1.689199
1.591913
1.626242
1.590367
1.787334
1.713837
1.649953
1.650113
1.597326
1.699191
1.651620
1.636482
1.589755
1.601257
1.737794
1.922464
1.592606
1.660730
1.666168
1.612116
1.665857
1.636605
1.613081
1.685784
1.872167
1.643777
1.606908
1.704794
1.644872
1.618163
1.652311
1.596545
1.604806
1.623257
1.658133
2.015929
1.704979
1.647800
1.665507
1.593055
1.666581
1.593329
1.596631
1.596858
1.722008
1.745068
1.577021
2.142019
1.628795
1.592875
1.688011
1.586314
1.592272
1.602578
1.683988
1.754056
1.596086
1.648459
1.657314
1.608457
1.671879
1.600209
1.622405
1.597918
1.689490
1.934781
1.596821
1.664689
1.655828
1.598631
1.654335
1.615204
1.609120
1.607005
1.736519
1.965220
1.620854
1.672045
1.666558
1.614933
1.667032
1.611932
1.658412
1.624740
1.708868
1.934650
1.596007
1.655888
1.674819
1.621082
1.668808
1.613965
1.610239
1.788116
1.723451
1.812601
1.597125
1.645675
1.673350
1.621224
1.654551
1.614999
1.616142
1.928336
1.690389
1.662616
1.638531
1.662277
1.675249
1.618048
1.664454
1.618133
1.591552
1.609231
1.727031
1.662558
1.603508
1.654455
1.660097
1.618591
1.680210
1.594110
1.659315
1.605463
1.684232
1.653094
2.259187
2.492014
1.754080
1.773211
1.713713
1.709191
1.770772
1.793315
1.773877
1.735089
1.762814
1.762537
1.718529
1.804579
1.707261
1.726719
1.790367
1.945183
1.737107
1.773277
1.773387
1.714032
1.816131
1.727481
1.713459
1.717639
1.828599
1.774375
1.844652
1.957519
1.763382
1.773232
1.720242
1.759766
1.717481
1.825783
1.630736
1.580015
1.651685
1.657112
1.594828
1.658635
1.599213
1.590715
1.653404
1.685957
1.918187
1.601526
1.672574
1.641241
1.608979
1.648895
1.605352
1.614080
1.634875
3.497066
1.946162
1.805588
1.771705
1.729473
1.816850
1.724235
1.742126
1.827355
1.771817
1.802376
1.775633
1.795575
1.735691
1.787541
1.726308
1.763750
1.773921
1.802463
1.791021
1.727337
1.769750
1.780925
1.793088
1.768899
1.742135
1.764751
1.731831
1.789811
1.721376
1.793072
1.781553
1.795667
1.720290
1.608577
1.610059
1.642524
1.666776
1.651867
1.606769
1.663798
1.658447
1.626066
1.658407
1.608980
1.595710
1.625500
1.678263
1.967428
1.604595
1.653601
1.646637
1.601729
1.648487
1.604748
1.621233
1.598198
1.696682
1.875562
1.595472
1.658032
1.648548
1.600596
1.650283
1.598708
1.596951
1.627603
1.654913
1.663506
1.592637
1.641216
1.605490
1.656198
1.592258
1.751975
1.602840
1.602254
1.602870
1.665473
1.646167
1.649545
1.607385
1.670714
1.602540
1.678032
1.600451
1.616588
1.601928
1.658790
1.630011
1.606110
1.650149
1.661038
1.606867
1.694888
1.591485
1.623219
1.588339
1.677837
1.751835
1.634497
1.642298
1.661257
1.605888
1.669724
1.609926
1.611135
1.601031
1.703003
1.971759
1.612320
1.655214
1.672348
1.602745
1.656428
1.811687
1.603880
1.623162
1.724238
1.780598
1.615590
1.659561
1.667166
1.631193
1.676885
1.618819
1.650946
1.620318
1.691565
1.785710
1.615256
1.674705
1.849267
1.754143
1.728952
1.702705
1.631555
1.627391
1.674438
1.717790
1.683590
1.627056
1.706240
1.616072
1.668696
1.608829
1.613150
1.618957
1.752844
1.660788
1.763415
1.603109
1.660528
1.644469
1.642474
1.612012
1.625051
1.610150
1.763712
1.670246
1.640043
2.286081
2.212351
1.652041
1.611848
1.593573
1.598790
1.678016
1.801619
1.604368
1.658192
1.639567
1.600455
1.654099
1.609242
1.596617
1.618910
1.674433
1.775700
1.599319
1.662799
1.658207
1.609491
1.656879
1.600440
1.607687
1.612992
1.624326
1.656346
1.669406
1.661243
1.668224
1.607451
1.667658
1.602454
1.630211
1.608927
1.610145
1.688782
1.674035
1.669564
1.610871
1.654177
1.620962
1.665513
1.609599
1.628350
1.606879
1.644764
1.621279
1.715189
1.662378
1.665130
1.616032
1.655277
1.632588
1.608153
1.605787
1.693419
1.666909
2.407622
1.659290
1.608592
1.667384
1.594564
1.592547
1.604901
1.617475
1.677740
1.605158
1.673695
1.624964
1.697059
1.613157
1.685795
1.634607
1.588192
1.605868
1.686036
1.681307
1.675889
1.600937
1.641837
1.593331
1.663589
1.607458
1.588431
1.587398
1.738484
1.685745
1.595988
1.775227
1.635490
1.595592
1.650567
1.590337
1.621139
1.587427
1.714181
1.667764
1.584271
1.679814
1.652039
1.582275
1.676891
1.588123
1.630781
1.579491
1.816256
1.664288
1.601127
1.711893
1.692744
1.622989
1.683235
1.593249
1.611125
1.600966
1.673673
1.631862
1.670444
1.654158
1.645624
1.582340
1.661276
1.605123
1.668219
1.582086
1.630012
1.671170
1.586872
1.640829
1.660328
1.590084
1.659670
1.631087
1.620634
1.593698
1.630461
1.683101
1.683248
1.669602
1.609951
1.630623
1.611716
1.671134
1.601006
1.623952
1.600012
1.746985
1.683582
1.642813
1.604488
1.651937
1.591326
1.831448
1.625199
1.670670
1.620852
1.683043
1.646898
1.667744
1.640818
1.635719
1.625333
1.658640
1.618211
1.596877
1.691940
1.659651
1.646698
1.583905
1.800839
1.636229
1.604329
1.641014
1.670450
1.597807
1.611341
1.721650
1.646970
1.654918
1.634703
1.649918
1.625435
1.681165
1.612058
1.589276
1.645796
1.664002
1.660254
1.597372
1.661706
1.662238
1.609002
1.677897
1.596459
1.590761
1.625231
1.644626
1.616645
1.657794
1.626406
1.669266
1.612366
1.661574
1.596809
1.649030
1.607119
1.655352
1.714407
1.643669
1.677740
1.693165
1.591611
1.728193
1.599273
1.596699
1.589614
1.658426
1.643139
1.639532
1.667284
1.605744
1.697200
1.736944
1.619192
1.734070
1.608813
1.730750
1.602283
1.677804
1.655094
1.603956
1.733041
1.661557
1.624414
1.614250
1.638695
1.626034
1.681914
1.655959
1.657769
1.631338
1.662234
1.610839
1.663626
1.603813
1.682195
1.618299
1.709893
1.800674
1.729661
1.637077
1.750393
1.690416
1.637405
1.638951
1.648276
1.679591
1.707331
1.737938
1.673785
1.678046
1.649133
1.773942
1.758275
1.653255
1.648729
1.688804
1.697347
1.665003
1.657924
1.655294
1.643896
1.669052
1.640339
1.653250
1.756220
1.677038
1.599634
1.686042
1.665706
1.650266
1.618291
1.667747
1.615173
1.616527
2.238933
1.689142
1.662063
1.594697
1.695452
1.652555
1.606578
1.698551
1.625139
1.631460
1.614066
1.747202
1.647950
1.598874
1.711891
1.934313
1.645564
1.688265
1.603034
1.628340
1.697800
1.686725
1.656498
1.607083
1.728481
1.646871
1.612087
1.687830
1.604381
1.615938
1.618213
1.715672
1.785685
1.603588
1.674701
1.674501
1.612790
1.672917
1.634722
1.611959
1.630863
1.719836
1.656745
1.596377
1.773176
1.684559
1.601714
1.669559
1.605046
1.634773
1.959148
1.669871
1.700321
1.672110
1.936568
1.891640
1.638289
1.746259
1.624223
1.613217
1.616356
1.672801
1.658102
1.661636
1.714066
1.634362
1.597706
1.655124
1.613524
1.598648
1.648957
1.682772
1.646475
1.651885
1.696312
1.666628
1.587760
1.624798
1.592007
1.623114
1.609004
1.675675
1.642300
1.597525
1.664039
1.647889
1.592242
1.655768
1.608914
1.600014
1.619603
1.688250
1.645993
1.585063
1.742226
1.661020
1.590148
1.675386
1.605725
1.632056
1.618276
1.704295
1.668171
1.770060
1.702792
1.681767
1.673039
1.681077
1.616879
1.641127
1.618077
1.714443
1.661414
1.603152
1.727944
1.798421
1.625647
1.657934
1.618979
1.620120
1.608871
1.740594
1.690563
1.629955
1.749389
1.636984
1.620969
1.646709
1.605027
1.606102
1.605904
1.623332
1.686631
1.620649
1.667989
2.796383
1.691608
1.592520
1.604528
1.626289
1.615725
1.669405
1.598558
1.640317
1.670292
1.640956
1.588364
1.685624
1.603057
1.623071
1.639674
1.648151
1.680041
1.668289
1.607204
1.649434
1.595304
1.665439
1.584845
1.618734
1.610189
1.723850
1.822861
1.646956
1.628731
1.687915
1.644854
1.654178
1.621356
1.605093
1.627714
1.703926
1.645460
1.782666
1.614978
1.683054
1.609669
1.691161
1.610067
1.631724
1.611367
1.666898
1.649300
1.715727
1.715861
1.661959
1.600499
1.695708
1.590129
1.615673
1.601734
1.635914
1.610955
1.644918
1.615372
1.640333
1.600608
1.661722
1.597109
1.591845
1.603878
1.762258
1.755461
1.595908
1.654522
1.647071
1.596839
1.656696
1.596097
1.596757
1.613239
1.628615
1.654026
1.646298
1.641950
1.613032
1.718737
1.653056
1.601732
1.605082
1.617529
1.604094
1.674800
1.599805
1.644983
1.612065
1.647153
1.597948
1.694156
1.590779
1.596844
1.601025
1.661690
1.660059
1.649482
1.590866
1.646660
1.619211
1.653413
1.598532
1.605238
1.614272
1.682238
1.654231
1.766623
1.866721
1.671117
1.605334
1.698598
1.602790
1.621398
1.612362
1.706859
1.652347
1.664552
1.709221
1.654955
1.593548
1.685795
2.263133
1.603924
1.614983
1.648251
1.693823
1.644900
1.613081
1.689207
1.611339
1.696499
1.610712
1.661277
1.608944
1.667419
1.725371
1.653840
1.610076
1.678118
1.604663
1.672470
1.601465
1.613932
1.621206
1.701451
1.667858
1.736008
1.587189
1.657718
1.617567
1.658834
1.613796
1.658065
1.593782
1.674550
1.699798
1.682911
1.596551
1.658872
1.615618
1.673260
1.610978
1.604725
1.605206
1.700269
1.652546
1.616027
1.681482
1.652640
1.607122
1.669629
1.603434
1.598785
1.630406
1.677027
1.792039
1.613547
1.666096
1.663280
1.609119
1.654436
1.583049
1.602132
1.620786
1.739425
1.784639
1.594217
1.673114
1.657968
1.605687
1.644394
1.616762
1.596864
1.594686
1.717578
1.631364
1.587712
1.649667
1.652343
1.615600
1.665614
1.616519
1.592909
1.602035
1.635736
1.625466
1.648517
1.637579
1.599604
1.660736
1.607264
1.660345
1.606576
1.609189
1.620125
1.729473
1.651620
1.644785
1.644323
1.675064
1.611808
1.945935
1.636548
1.606610
1.625531
1.681374
1.657474
1.657071
1.607999
1.655363
1.615348
1.646032
1.611698
1.632477
1.612110
1.665514
1.663315
1.662860
1.611675
1.661197
1.618535
1.659913
1.603381
1.622835
1.610557
1.679770
1.656614
1.595914
1.965211
1.648546
1.625040
1.676611
1.649349
1.609362
1.632833
1.736435
1.651180
1.645695
1.702684
1.647635
1.604406
1.687043
1.593958
1.629979
1.610859
1.648211
1.653811
1.614896
1.658482
1.679262
1.592540
1.666691
1.605403
1.621419
1.601050
1.619159
1.697371
1.656620
1.642561
1.640497
1.611455
1.666497
1.609938
1.605843
1.618429
1.690022
1.675560
1.608916
1.660240
1.681748
1.661335
1.629595
1.605263
1.627389
1.606030
2.629357
1.663846
1.717322
1.579640
1.639545
1.597715
1.668768
1.600770
1.616223
1.600529
1.691909
1.934804
1.715729
1.588834
1.655108
1.648843
1.644016
1.571202
1.585608
1.581659
1.648798
1.644797
1.571837
1.631504
1.641051
1.599643
1.642255
1.576055
1.590156
1.589125
1.672375
1.724904
1.585462
1.655105
1.668203
1.590551
1.680178
1.597035
1.619513
1.592540
1.656198
1.647825
1.644112
1.670479
1.584993
1.652704
1.604680
1.638703
1.603764
1.604640
1.651064
1.679959
1.632060
1.640434
1.584796
1.634079
1.590871
1.663538
1.583874
1.587680
1.605912
1.799887
1.865374
1.735015
1.619186
1.675554
1.609572
1.670390
1.603587
1.606863
1.595180
1.698113
1.668927
1.707127
1.756698
1.672978
1.584462
1.672882
1.636021
1.641678
1.621123
1.773629
1.733670
1.693017
1.732076
1.734037
1.577533
1.641843
1.620141
1.587460
1.591704
1.691409
1.646671
1.695521
1.658370
1.641133
1.597523
1.643814
1.583363
2.418477
2.564403
2.480776
2.524326
3.350089
2.470052
2.426498
2.602186
2.608459
1.828826
1.722527
1.761862
1.717970
1.871289
1.716659
1.766182
1.921245
1.816770
1.758792
1.801861
1.753311
1.712926
1.796423
2.238545
1.711242
1.769786
1.766077
1.722207
1.793491
2.040400
1.702583
1.778962
1.706072
1.787452
1.701783
1.860076
1.853774
1.807880
1.834385
1.617026
1.660055
1.599586
1.583423
1.603185
1.671534
1.716624
1.716179
1.754448
1.730518
1.638842
1.675604
1.606818
1.667431
1.577745
1.693041
1.660265
1.668808
1.660615
1.691275
1.593210
1.652328
1.608488
1.590549
1.598850
1.698665
1.654743
1.649882
1.663961
1.658171
1.646002
1.606035
1.652441
1.597812
1.620187
1.646214
1.731240
1.656874
1.630108
1.735483
1.639576
1.624347
1.664720
1.607162
1.592426
1.610481
1.708301
1.664793
1.639089
1.718449
1.659076
1.661524
1.639676
1.610928
1.599081
1.609069
1.665870
1.666447
1.594708
1.666835
1.631476
1.609417
1.662574
1.598855
1.628328
1.607131
1.698362
1.675786
1.597675
1.708960
1.646618
1.600519
1.656485
1.623499
1.607889
1.610168
1.703408
1.650899
1.609440
1.742156
1.807207
1.739827
1.642638
1.708962
1.620936
1.621977
1.743538
1.647419
1.613736
1.661691
1.683463
1.615644
1.900188
1.611212
1.627484
1.607242
1.642927
1.663508
1.601719
1.659349
1.683972
1.613460
1.640708
1.596570
1.601016
1.612360
1.704827
1.708248
1.609841
1.695393
1.679762
1.609734
1.706897
1.615985
1.597997
1.616302
1.649978
1.679954
1.610745
1.687302
1.651556
1.616896
1.655404
1.602860
1.652982
1.621472
1.610125
1.656950
1.684705
1.679931
1.672617
1.610201
1.659677
1.612696
1.626480
1.609873
1.668749
1.700129
1.579150
1.676651
1.627841
1.662902
1.764523
1.600703
1.595928
1.687886
1.634957
1.688134
1.787993
1.705653
1.604186
1.742053
1.649342
1.629319
1.609308
1.706344
1.609204
1.666518
1.704457
1.660998
1.663429
1.715157
1.673662
1.608876
1.632011
1.648753
1.692189
1.669206
1.655556
1.694401
1.649991
1.714694
1.706344
1.611421
1.782200
1.658373
1.649992
1.865263
1.593586
1.669960
2.019349
1.684315
1.671691
1.598505
1.638152
1.620866
1.666136
1.625033
1.645806
1.661810
1.658859
1.604624
1.645054
1.632065
1.599952
1.601029
1.672865
1.646679
1.744024
1.669885
1.632803
1.613893
1.657140
1.622224
1.597647
1.599925
1.630740
1.640609
1.649683
1.698801
1.595022
1.663277
1.728153
1.595384
1.608031
1.608400
1.594798
1.636209
1.647026
1.635696
1.613974
1.674532
1.603702
1.696242
1.620360
1.612635
1.636591
1.663530
1.647148
1.649224
1.607737
1.639524
1.610059
1.681017
1.603211
1.634068
1.601102
1.658605
1.666316
1.585324
1.862882
1.650458
1.602755
1.626554
1.607374
1.629796
1.605176
1.652103
1.679589
1.692493
1.659036
1.674693
1.610942
1.831720
1.614887
1.718892
1.612652
1.692708
1.664606
1.712703
1.840574
1.675148
1.618054
1.677983
1.602780
1.617549
1.636124
1.641811
1.670858
1.650495
1.734280
1.692858
1.602881
1.695279
1.613093
1.602383
1.609301
1.668741
1.661096
1.598587
1.673226
1.646967
1.603857
1.683722
1.615263
1.630732
1.611130
1.657418
1.635802
1.593704
1.653252
1.645312
1.611839
1.641986
1.611242
1.612441
1.598919
1.707775
1.668048
1.600749
1.683065
1.660385
1.610282
1.674937
1.604559
1.615348
1.606380
1.624965
1.629640
1.646610
1.649848
1.603929
1.670672
1.644723
1.649493
1.614373
1.607660
1.593698
1.647341
1.654527
1.646455
1.628849
1.650714
1.623056
1.652280
1.628063
1.596891
1.600618
1.672069
1.640390
1.777835
1.601266
1.644164
1.595488
1.681006
1.595832
1.594716
1.599092
1.632860
1.657506
1.584102
1.627027
1.651261
1.611658
1.651727
1.601031
1.588281
1.601966
1.674020
1.770415
1.583178
1.657587
1.627632
1.599434
1.643680
1.963358
1.602059
1.595466
1.778963
1.764438
1.598311
1.652318
1.640933
1.624541
1.667663
1.587487
1.655310
1.595557
1.617415
1.665642
1.678877
1.664402
1.645717
1.627707
1.660137
1.598444
1.626540
1.616001
1.625588
1.657914
1.643011
1.640832
1.631834
1.681711
1.741410
1.573558
1.582270
1.582108
1.684816
1.681824
1.639722
1.631351
1.583966
1.627912
1.598532
1.634953
1.597649
1.611255
1.612178
1.675800
1.667910
1.649878
1.592621
1.662221
1.631279
1.683427
1.607271
1.609209
1.631636
1.703634
1.664596
1.691280
1.865018
1.667219
1.609025
1.664373
1.613985
1.621311
1.625506
1.698716
1.674475
1.768818
1.627081
1.657439
1.644467
1.648583
1.688234
1.615354
1.608205
1.725114
1.675810
1.741734
1.792846
1.672912
1.611629
1.653457
1.616924
1.634905
1.611145
1.709079
1.657188
1.682153
1.599295
1.656139
1.610678
1.666442
1.608944
1.601052
1.639161
1.675285
1.648226
1.611897
1.659027
1.684966
1.597684
1.645098
1.605049
1.609545
1.599661
1.623148
1.674798
1.596339
1.642120
1.656071
1.603970
1.650125
1.599415
1.600093
1.605896
1.660468
1.663814
1.582036
1.652929
1.604614
1.651409
1.701766
1.592208
1.629698
1.622562
1.675614
1.678228
1.612242
1.736257
1.590086
1.648815
1.598731
1.631420
1.616694
2.149694
1.690248
1.684762
1.743577
1.652893
1.728537
1.624098
1.718103
1.622984
1.617195
1.616373
1.718881
1.665880
1.606567
1.652428
1.647901
1.620242
1.662443
1.602459
1.621483
1.612013
1.612210
1.685494
1.694794
2.547492
1.648598
1.618265
1.671554
1.600577
1.610484
1.633879
1.806999
1.651847
1.613172
1.651045
1.659319
1.623210
1.657531
1.601704
1.629310
1.635866
1.730807
1.657973
1.603666
1.655626
1.652777
1.600655
1.650543
1.625040
1.623583
1.630772
1.630691
1.685624
1.595870
1.666486
1.694825
1.596757
1.701109
1.594174
1.602296
1.610224
1.695194
1.655603
1.600384
1.680778
1.611739
1.702264
1.676090
1.610364
1.636780
1.612191
1.673616
1.694196
1.661611
1.650261
1.617794
1.674972
1.750939
2.676751
1.605961
1.609130
1.696166
1.947991
1.655431
1.612408
1.666186
1.624309
1.672706
1.613077
1.623140
1.633606
1.683467
1.671345
1.749977
1.606763
1.660501
1.612978
1.656508
1.605212
1.602449
1.600942
1.668194
1.646671
1.587222
1.656273
1.645640
1.598840
1.655336
1.596334
1.628691
1.609108
1.706400
2.003430
1.611779
1.993915
1.667397
1.623156
1.659533
1.616827
1.616365
1.606155
1.676120
1.658161
1.649930
1.873268
1.658507
1.611853
1.674962
1.616031
1.670884
1.611208
1.696931
1.653779
1.781497
1.616277
1.652430
1.606951
1.757579
1.628088
1.687069
1.677961
1.737964
1.659689
1.661447
1.606243
1.656180
1.612836
1.658520
1.627450
1.608890
1.643923
1.680137
1.815050
1.717057
1.614651
1.647265
1.634629
1.657679
1.599643
1.607422
1.657258
1.690403
1.659962
1.819478
1.632076
1.647732
1.614765
1.669946
1.606834
1.611476
1.632528
1.702435
1.645257
1.664344
1.869561
2.709642
1.660883
1.609106
1.623692
1.634357
1.699607
1.649776
1.628587
1.647396
1.660317
1.636589
1.651624
1.633263
1.608170
1.624629
1.674588
1.668820
1.591545
1.645522
1.591154
1.692208
1.660482
1.597586
1.618189
1.605199
1.659126
1.648509
1.599507
1.678200
1.665687
1.661454
1.619146
1.649365
2.612890
1.608134
1.697979
1.663066
2.157794
2.084014
1.646081
1.603440
1.750701
1.622219
1.610511
1.701311
1.682845
1.904209
1.640095
1.682879
1.986766
1.658411
1.626086
1.615363
1.625707
1.675742
1.758641
1.610486
1.649994
1.683581
1.615711
1.657278
1.594205
1.610930
1.601869
1.676912
1.679315
1.588158
1.642035
1.606716
1.729868
1.651346
1.617031
1.709639
1.606876
1.692278
1.670590
1.599655
1.681033
1.611724
1.680118
1.707347
1.609671
1.688409
1.610277
1.649490
1.662226
1.669548
1.653227
1.602508
1.692329
1.631867
1.770263
1.640304
1.615125
1.675259
1.650296
1.656747
1.654302
1.629557
1.650596
1.604541
1.641594
1.589430
1.611867
1.660779
1.673176
1.643458
1.636222
1.584024
1.634947
1.598744
1.633810
1.608054
1.594559
1.592237
1.730575
1.664968
1.687504
1.813998
1.656715
1.607821
1.674577
1.632021
1.587754
1.590045
1.760283
1.633363
1.678034
1.809852
1.645394
1.615521
1.658501
1.609878
1.596223
1.654755
1.765366
1.639951
1.631205
1.868132
1.624010
1.595530
1.672858
1.582326
1.611271
1.592677
1.705340
1.940086
1.656406
1.595719
1.678869
1.629260
1.648142
1.609938
1.609838
1.601717
1.667888
1.646661
1.613648
1.972447
1.656560
1.623724
1.655148
1.626631
1.596753
1.619296
1.662816
1.648293
1.706153
1.859339
1.660671
1.612146
1.637932
1.595617
1.597659
1.667420
1.792551
1.658579
1.766126
1.593716
1.649306
1.623270
1.652038
1.611122
1.595484
1.600164
1.750019
1.790153
1.773529
1.620325
1.652824
1.619892
1.648896
1.622326
1.589684
1.604730
1.678208
1.642460
1.626192
1.974182
1.640588
1.597766
1.656266
1.602815
1.604124
1.586083
1.680423
1.694326
1.559978
1.635218
1.650061
1.594017
1.636982
1.582980
1.580499
1.571384
1.664535
1.736088
1.559598
1.628698
1.629266
1.575241
1.636711
1.571922
1.596706
1.579592
1.662628
1.589446
1.663563
1.623848
1.602293
1.641596
1.613885
2.214770
1.596041
1.622394
1.677772
1.610991
1.652131
1.677546
1.604328
1.942641
1.651861
1.599791
1.588450
1.628576
1.659536
1.582372
1.655176
1.656893
1.805175
1.607453
1.664649
1.590172
1.632692
1.574917
1.572843
1.631366
1.646685
1.633371
1.588703
1.632761
1.856635
1.648891
1.591665
1.596729
1.599949
1.857061
1.644819
1.646990
1.607590
1.645743
1.622198
1.647251
1.618194
1.607160
1.594647
1.632844
1.647161
1.648859
1.629457
1.647974
1.618270
1.648757
1.592730
1.600000
1.596803
1.705737
1.650624
1.595025
1.646079
1.645792
1.593675
1.638954
1.633249
1.582477
1.594538
1.613739
1.830990
1.591519
1.658312
1.664527
1.603265
1.627397
1.583638
1.595356
1.609894
1.597810
1.653127
1.642357
1.798724
1.641377
1.615035
1.639125
1.752114
1.599644
1.598089
1.789412
1.652189
1.604766
1.669728
1.596832
1.727772
1.688683
1.605636
1.593760
1.629723
1.594739
1.620709
1.642546
1.620410
1.583952
1.647813
1.583171
1.665419
1.605267
1.579871
1.584560
1.665143
1.659926
1.697020
1.597252
1.640706
1.599564
1.644251
1.597314
1.581562
1.600088
1.659531
1.649890
1.600852
1.638005
1.812052
1.635529
1.670106
1.589433
1.583378
1.586673
1.655421
1.635650
1.582357
1.643897
1.648455
1.599408
1.627901
1.603753
1.592746
1.620469
1.629704
1.648653
1.651883
1.658440
1.591751
1.649580
1.595540
1.669968
1.654988
1.600167
1.592657
1.667007
1.648787
1.644208
1.603482
1.660534
1.606033
1.654712
1.606764
1.595063
1.602053
1.692197
1.652973
1.651376
1.720491
1.693237
1.625999
1.665196
1.598765
1.602538
1.624389
1.626473
1.644527
1.583141
1.647965
1.675394
1.600400
1.627761
1.610882
1.604687
1.602788
1.684060
1.758298
1.587146
1.643573
1.676718
1.604316
1.662757
1.603454
1.620507
1.597941
1.615155
1.822409
1.627355
1.665808
1.635542
1.597870
1.673291
2.322119
1.616037
1.624755
1.743210
1.654870
1.703052
1.724922
1.648873
1.592384
1.639180
1.599588
1.605739
1.614516
1.647919
1.673428
1.611068
1.675732
1.665104
1.649227
1.653537
1.600498
1.605922
1.638832
1.678897
1.673290
1.602364
1.645033
1.674503
1.603000
1.656211
1.595359
1.628674
1.597799
1.752967
1.764806
1.784531
1.646160
2.028176
1.600862
1.634535
1.594167
1.635040
1.589532
1.638692
1.729220
1.684639
1.928636
1.631433
1.596493
1.639191
1.597410
1.601067
1.620419
1.657624
1.645839
1.593639
1.645766
1.641032
1.601988
1.648206
1.603894
1.623560
1.589718
1.596289
1.663395
1.641152
1.629366
1.692088
1.593543
1.681237
1.595545
1.625160
1.597196
2.709226
1.644698
1.647584
1.735609
1.639865
1.601830
1.658570
1.580878
1.619503
1.592929
1.728095
1.756999
1.575369
1.943069
1.651241
1.581435
1.669522
1.592621
1.608284
1.593436
1.651655
1.660077
1.611202
1.668855
1.634490
1.624696
1.645693
1.590419
1.601819
1.623327
1.692528
1.640709
1.600824
1.642435
1.643599
1.614226
1.705694
1.576697
1.610150
1.587638
1.791865
1.764007
1.589306
1.634706
1.652939
1.602979
1.646813
1.972325
1.598821
1.592913
1.676679
1.739893
1.585651
1.656160
1.662877
1.591430
1.664990
1.607049
1.592031
1.666648
1.675578
1.707210
1.623640
1.656894
1.692321
1.651288
1.671984
1.637864
1.629897
1.633467
1.644833
1.690704
1.613360
1.662205
1.616124
1.618074
1.579971
1.748386
1.617720
1.575243
1.614919
1.662799
1.660493
1.644966
1.590919
1.637315
1.652017
1.626539
1.586316
1.597712
1.596172
1.672742
1.670274
1.650321
1.595610
1.668379
1.599956
1.657373
1.601828
1.593761
1.606322
2.247019
1.644702
1.657209
1.603234
1.662196
1.607804
1.657338
1.609033
1.597783
1.618538
1.789740
1.699851
1.649410
1.626476
1.646066
1.612103
1.642108
1.619874
1.595720
1.597175
1.651409
1.676688
1.868031
1.586431
1.642477
1.599924
1.687124
1.593591
1.620644
1.600425
1.740239
1.688350
1.607634
1.682998
1.772700
1.614690
1.659312
1.597950
1.613270
1.615254
1.643036
1.967513
1.678672
2.105633
1.649971
1.632565
1.672109
1.605546
1.603748
1.655370
1.675350
1.657470
1.657043
1.603452
1.637549
1.612934
1.649619
1.620183
1.880257
1.613974
1.681847
1.659320
1.656977
1.599267
1.660986
1.670284
1.706715
1.612017
1.587361
1.590811
1.774966
1.732504
1.652027
1.609139
1.655140
1.602468
1.679025
1.605543
1.596146
1.593418
1.690236
1.666587
1.690465
1.762052
1.688633
1.629005
1.719719
1.610406
1.611967
1.597482
1.645903
1.653288
1.719148
1.638302
1.659025
1.620105
1.637909
1.590652
1.588578
1.573646
1.659206
1.643523
1.636102
1.638427
1.621298
1.598409
1.655424
1.591045
1.599823
1.600977
1.816060
1.750922
2.432325
1.571623
1.657880
1.721086
1.691925
1.605395
1.598269
1.661473
1.666548
1.638255
1.689804
1.684815
1.635582
1.599251
1.691546
1.606091
1.615060
1.615768
1.704717
1.641382
1.696167
1.787135
1.650412
1.611089
1.659619
1.599649
1.594955
1.625610
1.655799
1.662607
1.596113
1.651702
1.676318
1.589261
1.673817
1.598871
1.611223
1.597890
1.682108
1.646455
1.590771
1.640868
1.668815
1.627188
1.656716
1.589265
1.599186
1.668482
1.641043
1.605010
1.641923
1.644094
1.595124
1.702621
1.640265
1.598217
1.600080
1.617423
1.608576
1.667486
1.646163
1.657509
1.634716
1.654570
1.603546
1.663497
1.599646
1.598255
1.611906
1.673017
1.636489
1.651735
1.597767
1.654872
1.613692
1.653677
1.609874
1.614842
1.637723
1.671731
1.661093
1.715025
1.771111
1.669358
1.612030
1.651105
1.621291
1.606082
1.610171
1.679951
1.660120
1.610608
1.664130
1.663126
1.623370
1.666415
1.608975
1.614337
1.641933
1.618883
1.645582
1.600868
1.680691
1.667657
1.644052
2.039041
1.615477
1.662176
1.607103
1.694384
1.589666
1.590686
1.647019
1.654386
1.637720
1.644597
1.632002
1.602663
1.596829
1.649126
1.616308
1.633470
1.670564
1.648662
1.748040
1.662287
1.618808
1.599922
1.615192
1.700378
1.603656
1.611030
1.755669
1.659223
1.686874
1.654448
1.609404
1.625039
1.628658
1.660351
1.629821
1.616255
1.676970
1.691064
1.666576
1.782433
1.676169
1.585809
1.600024
1.722909
1.613973
1.604842
1.659520
1.724297
1.661455
1.672202
1.606935
1.608713
1.621215
1.774853
1.625300
1.619615
1.675446
1.829693
1.655118
1.686936
1.614302
1.626084
1.613114
1.688198
1.604195
1.605053
1.660946
1.695223
1.748908
1.655978
1.596249
1.604782
1.619088
1.664442
1.623226
1.611608
1.667931
1.605836
1.688269
1.954205
1.608619
1.631643
1.622473
1.699180
1.591439
1.596931
1.649510
1.608437
1.666089
1.650605
1.677821
1.612989
1.600853
1.607106
1.637840
1.638257
1.643753
1.633875
1.664420
1.648531
1.650051
1.609361
2.476374
1.685744
1.592599
1.727836
1.684545
1.652747
1.655598
1.650906
1.596527
1.599836
1.613128
1.728765
1.598622
1.586319
1.648029
1.704514
1.855975
1.629486
1.604354
1.587451
1.580554
1.618125
1.635422
1.611522
1.652882
1.608582
1.640765
1.629963
1.625657
1.604394
1.598921
1.597745
1.658448
1.595131
1.655756
1.657320
1.666152
1.630291
1.668416
1.622109
1.605119
1.629702
1.678984
1.652078
1.602829
1.659341
1.666649
1.613158
1.681846
1.608679
1.608007
1.647970
1.665545
1.663138
1.610896
1.959395
1.654968
1.614434
1.655404
1.604753
1.608136
1.609222
1.669648
1.664126
1.616997
1.692417
1.664305
1.607819
1.656475
1.624449
1.604893
1.611075
1.677807
1.644427
1.624414
1.656956
1.694226
1.622892
1.678024
1.591922
1.584425
1.605896
1.652940
1.656101
1.585735
1.652052
1.730367
1.709340
1.628655
1.604269
1.677596
1.597472
1.663606
1.638520
1.626885
1.659601
1.692482
1.833680
1.642794
1.625176
1.594834
1.581391
1.678741
2.137372
1.588479
1.631419
1.647234
1.627610
1.620806
1.591098
1.603467
1.591973
1.649966
1.667514
1.584511
1.662591
1.718249
1.814930
1.635713
1.609772
1.589422
1.590114
1.591793
1.624440
1.589645
1.635165
1.588557
1.621700
1.581320
1.646476
1.591211
1.600688
1.602765
1.628751
1.671617
1.700698
1.659642
1.666021
1.603500
1.645231
1.609126
1.593416
1.609192
1.676685
1.671340
1.601120
1.661737
1.698957
1.607798
1.667860
1.598486
1.609030
1.609117
1.666653
1.638715
1.592832
1.662830
1.647716
1.600840
1.647244
1.588257
1.586727
1.582641
1.623673
1.638357
1.591844
1.627269
1.596114
1.649740
1.589284
1.655088
1.601474
1.590746
1.680975
1.649837
2.189691
1.655701
1.711460
1.687694
1.663708
1.593862
1.594366
1.601799
1.730724
1.656901
1.607713
1.655065
1.708410
1.830136
1.635634
1.590564
1.580509
1.582288
1.672759
1.637739
1.572165
1.636857
1.605225
1.629616
1.592193
1.642648
1.584822
1.596916
1.600464
1.648040
1.658368
1.625276
1.637949
1.664707
1.606301
1.657063
1.611875
1.600609
1.636799
1.687761
1.657161
1.648934
1.669109
1.674143
1.613725
1.655094
1.639001
1.609075
1.612109
1.693166
1.674472
1.641656
1.670397
1.669484
1.628203
1.650434
1.621981
1.611388
1.660316
1.702890
1.653373
1.591670
1.672973
1.702445
1.603164
1.694596
1.626365
1.590485
1.891800
1.633765
1.661202
1.568892
1.675420
1.667831
1.583124
1.692172
1.607920
1.590611
1.614339
1.876447
1.675464
1.607495
1.695986
1.686828
1.641587
1.679313
1.585828
1.623548
1.591642
1.670728
1.676638
1.615285
2.366949
1.770778
1.697113
1.650782
1.636454
1.609971
1.616061
1.656372
1.671899
1.643500
1.930082
1.698813
1.609679
1.662491
1.591418
1.642736
1.631736
1.684229
1.656714
1.630658
1.639572
1.679684
1.589135
1.628857
1.610957
1.593843
1.629684
1.671944
1.662438
1.605002
1.670243
1.717521
1.618216
1.694480
1.592083
1.628665
1.627914
1.707591
1.666382
1.602825
1.675174
1.684695
1.625117
1.678173
1.588138
1.673910
1.600830
1.673091
1.668252
1.598207
1.661994
1.657912
1.676427
1.659143
1.631314
1.607745
1.625656
1.662226
1.656580
1.607421
1.664743
2.063350
1.646622
1.630761
1.600775
1.585045
1.592327
1.726313
1.656775
1.616047
1.639497
1.673235
1.597434
1.624842
1.640485
1.648961
1.571004
1.688105
1.623018
1.643975
1.655365
1.658670
1.962288
1.641351
1.605304
1.613825
1.590777
1.681762
1.587193
1.586686
1.744903
1.734778
1.597101
1.672669
1.594204
1.616086
1.600684
1.610252
1.650304
1.641502
1.642344
1.617114
1.689130
1.614847
1.647002
1.596436
1.601122
1.594877
1.695536
1.650650
1.656559
1.638703
1.641864
1.625558
1.659889
1.607964
1.614092
1.644266
1.807816
1.653266
1.676707
1.608202
1.644720
1.622515
1.671084
1.613839
1.615156
1.607000
1.725175
1.663010
1.591468
1.851925
1.680254
1.595602
1.661444
1.627027
1.597411
1.607104
1.712075
1.658121
1.581515
1.642364
1.638943
1.588573
1.680694
1.580552
1.604023
1.589319
1.660148
1.649026
1.597662
1.625373
1.638665
1.625507
1.641465
1.611967
1.587924
1.609080
1.614977
1.720162
1.756331
1.665644
1.669268
1.590949
1.640767
1.597902
1.584588
1.592452
1.664684
1.603696
1.636653
1.635068
1.604690
1.635266
1.602662
1.653440
1.589195
1.608322
1.585459
1.688806
1.695133
1.669814
1.603966
1.649751
1.595345
1.642069
1.598038
1.586441
1.584816
1.667069
1.630928
1.580164
1.642662
1.635673
1.599384
1.643100
1.592473
1.595813
1.606017
1.689331
1.675195
1.593352
1.644336
1.671338
1.592240
1.634511
1.618351
1.600101
1.604053
1.671727
1.596357
1.648725
1.657411
1.604681
1.638684
1.615998
1.674604
1.596302
1.602829
1.744449
1.658258
1.641798
1.650368
1.622970
1.670464
1.612066
1.667267
1.599388
1.635748
1.748487
1.675360
1.984706
1.666125
1.620075
1.677434
1.592075
1.672614
1.604894
1.612885
1.606240
1.665643
1.646501
1.639133
1.598424
1.653184
1.583105
1.659258
1.606985
1.606397
1.607139
1.662408
1.649343
1.668267
1.744649
1.651557
1.602488
1.672664
1.600775
1.607827
1.601294
1.687137
1.654727
1.596343
1.655141
1.650653
1.618082
1.650303
1.604963
1.598829
1.597477
1.673022
1.643188
1.594869
1.652954
1.651431
1.618013
1.657906
1.654599
1.585040
1.594634
1.666126
1.587451
1.661999
1.642634
1.597015
1.657945
1.732133
1.598738
1.607144
1.601979
1.668746
1.611098
1.654089
1.633942
1.609573
1.645993
1.609866
1.652633
1.597553
1.601810
1.637154
1.633639
1.682183
1.651673
1.595884
1.654022
1.633412
2.463031
1.593130
1.704166
1.684095
1.669265
1.621397
1.728851
1.664371
1.598590
1.691567
1.607430
1.592734
1.615481
1.609335
1.642453
1.641602
1.731000
1.905106
1.700667
1.735900
1.668254
1.679134
1.823378
1.681470
1.759340
1.663765
1.659993
1.672987
1.676564
1.756676
1.727178
1.665113
1.584716
1.688394
1.650363
1.580002
1.704884
1.675701
1.592737
1.654639
1.592243
1.604871
1.587414
1.682239
1.670295
1.577108
1.669470
1.645512
1.600514
1.673915
1.589965
1.614422
1.600554
1.639837
1.702172
1.582912
1.646552
1.604913
1.646969
1.587854
1.652408
1.608823
1.592871
1.592835
1.638835
1.595934
1.773361
1.623117
1.635801
1.593604
1.651652
1.601092
1.587636
1.655197
1.694412
1.697731
1.654333
1.712084
1.636074
1.608931
1.666519
1.599444
1.589851
1.587806
1.693050
1.711811
1.699881
1.839213
1.637317
1.619489
1.641037
1.616223
1.653169
1.588723
1.685122
1.681478
1.690369
1.824842
1.656206
1.669316
1.620746
1.580551
1.602996
1.592395
1.696122
1.685051
1.685666
1.804453
1.691325
1.624027
1.676853
1.611736
1.584931
1.597612
1.700386
1.708112
1.701286
1.748168
1.650860
1.596697
1.636035
1.633706
1.578176
1.633901
1.641131
1.673440
1.592634
1.660477
1.680867
1.605821
1.623502
1.577185
1.578487
1.595981
1.638063
1.597640
1.647852
1.676829
1.641620
1.587326
1.702850
1.579958
1.827480
1.607604
1.696482
1.700954
1.581694
1.652395
1.636640
1.586609
1.668903
1.569702
1.586008
1.708132
1.610974
1.821895
1.569564
1.636913
1.616005
1.703245
1.571425
1.721660
1.596938
1.581065
1.581320
1.627617
1.643059
1.639950
1.632564
1.657994
1.615201
1.634692
1.654971
1.601911
1.620723
1.673454
1.638664
1.673512
1.926489
1.652352
1.635142
1.668786
1.600866
1.595722
1.628531
1.663454
1.653442
1.663628
1.591703
1.646949
1.605930
1.673782
1.590617
1.601993
1.594845
1.664834
1.663206
1.595437
1.631729
1.644044
1.588863
1.654950
1.625260
1.596652
1.620339
1.695542
1.640068
1.581129
1.647219
1.652100
1.592708
1.653497
1.591228
1.596883
1.606047
1.608273
1.644904
1.666029
1.651166
1.596472
1.650247
1.612719
1.668804
1.621071
1.639666
1.625733
1.685116
1.644466
1.651094
1.598337
1.656255
1.591177
1.678005
1.596558
1.626426
1.617221
1.693275
2.361730
1.659976
1.662577
1.638706
1.647046
1.617742
1.644514
1.609131
1.673174
1.758145
1.599665
1.660923
1.614192
1.656952
1.736312
1.607696
1.611194
1.626521
1.687058
1.593615
1.646807
1.660369
1.600675
1.647018
1.600784
1.665594
1.594455
1.612309
1.656287
1.646155
1.658586
1.632920
1.632644
1.662622
1.632989
1.667320
1.612658
1.645852
1.589575
1.673550
1.679806
1.640712
1.696186
1.644617
1.604060
1.676458
1.603882
1.614202
1.697964
1.766941
1.862549
1.670632
1.609695
1.648631
1.614158
1.658536
1.600722
1.602888
1.620545
1.662640
1.649198
1.580214
1.941341
1.652455
1.629294
1.624730
1.597787
1.611059
1.594053
1.675519
1.655722
1.585319
1.767086
1.641272
1.594757
1.652254
1.598445
1.597875
1.601923
1.616211
1.613009
1.589464
1.629724
1.587533
1.585810
1.625856
1.636870
1.590157
1.570417
1.584580
1.628370
1.632958
1.584503
1.586592
1.627802
1.580284
1.634725
1.565027
1.602903
1.583670
1.598845
1.782246
1.733070
1.731515
1.795803
1.793479
1.703690
1.673741
1.662355
1.649127
1.695995
1.746399
1.611971
1.635745
1.690951
1.657199
1.796896
1.751639
1.688480
1.626687
1.709420
1.755506
1.590447
1.625250
1.707885
1.706483
1.604800
1.586973
1.628360
1.626342
1.691042
1.742558
1.594534
1.606794
1.640103
1.595932
1.674997
1.588772
1.618705
1.595467
1.859565
1.665360
1.612750
1.622647
1.708574
1.611366
1.684781
1.614846
1.648811
1.619665
1.886704
1.751229
1.591678
1.582988
1.635686
1.582129
1.625348
1.568062
1.576843
1.579841
1.588552
1.570916
1.579165
1.568088
1.569108
1.575129
1.618338
1.637713
1.590103
1.575152
1.647972
1.648662
2.204919
1.603454
1.641567
1.598519
1.723007
1.616977
1.590557
1.612921
1.649119
1.711136
1.790363
1.580817
1.691298
1.598047
1.660178
1.607400
1.595314
1.829939
1.633539
1.604981
1.868940
2.008300
1.643831
1.613070
1.665838
1.628307
1.607796
1.640421
1.663141
1.689811
1.664274
1.742152
1.656143
1.636649
1.675917
1.622685
1.616886
1.626353
1.801156
1.704917
1.664714
1.592595
1.658792
1.598932
1.695006
1.602002
1.606889
1.594689
1.680067
1.599278
1.641462
1.620919
1.626053
1.588708
1.641112
1.593161
1.585469
1.585468
1.693311
1.626768
1.575925
1.624445
1.693648
1.592233
1.638961
1.574145
1.589719
1.579023
1.620511
1.653235
1.653711
1.628488
1.588308
1.616936
1.602232
1.633938
1.565632
1.601944
1.579344
1.606207
1.651822
1.563475
1.721719
1.592381
1.594479
1.617260
1.563199
1.599589
1.566005
1.606848
1.636945
1.613310
1.606018
1.608720
1.576005
1.614528
1.578502
1.576229
1.567103
1.726794
1.704121
1.685562
1.636371
1.585218
1.639626
1.610890
1.635693
1.590361
1.591753
1.599790
1.643882
1.663874
1.648918
1.589163
1.650021
1.596388
1.650229
1.600737
1.594197
1.583264
2.013908
1.650064
1.659207
1.597677
1.641378
1.596468
1.675833
1.590456
1.598563
1.593614
1.667844
1.658143
1.605567
1.645840
1.659915
1.610102
1.648103
1.611108
1.609924
1.605088
1.684870
1.633403
1.668960
1.659082
1.673005
1.607464
1.652217
1.615614
1.602940
1.621105
1.770701
2.093465
2.540450
1.938087
1.743991
1.807424
1.843546
1.746525
1.742643
1.840955
1.816833
1.796901
1.751687
1.782378
1.731562
1.824865
1.754461
1.734670
1.783013
1.788904
1.833405
1.795866
1.787762
1.735303
1.808729
1.792731
1.735857
1.792115
1.838153
1.808746
1.802447
1.784739
1.749812
1.788378
1.735244
1.733874
1.766331
1.851658
1.743970
1.813554
1.732744
1.810549
1.733416
1.769901
1.712666
1.747675
1.814424
1.894756
1.732498
1.780730
1.780577
1.724433
1.781824
1.715035
1.731858
1.728617
1.853803
1.809618
1.807129
1.744852
1.779596
1.789977
1.723655
1.731391
1.735669
1.990511
1.930171
2.140154
1.723095
1.779491
2.146711
1.728146
1.728382
1.728519
1.824195
1.796277
1.787553
1.727340
1.772881
1.723421
1.779860
1.728643
1.728450
1.781027
1.783100
1.789120
1.790642
1.771340
1.726686
1.769893
1.733359
1.731570
1.740518
1.806567
1.816912
1.782374
1.711660
1.775866
1.736916
1.771778
1.728577
1.730922
1.819083
1.788908
1.758502
1.771669
1.775634
1.721365
1.792548
1.722568
1.738698
1.624592
1.683692
1.670323
1.756456
1.594966
1.644311
1.590958
1.669380
1.596412
1.598856
1.596468
1.672881
1.661575
1.591160
1.661551
1.644590
1.662160
1.656382
1.587594
1.593009
1.610828
1.703725
1.653516
1.607970
1.672861
1.647432
1.975470
1.644764
1.605441
1.603688
1.588798
1.727132
1.678937
1.623087
1.812878
1.670533
1.758946
1.669047
1.623893
1.620441
1.621078
1.667652
1.798034
1.976431
1.615576
1.657166
1.609909
1.669635
1.608660
1.579257
1.601581
1.732563
1.673015
1.667977
1.851172
1.634909
1.606427
1.671688
1.593343
1.607339
1.588479
1.711265
1.655083
1.578973
1.670939
1.659938
1.583082
1.666284
1.604204
1.619079
1.596947
1.659279
1.636192
1.589462
1.653745
1.665015
1.751035
1.643396
1.592279
1.646279
1.619169
1.657287
1.724097
1.588575
1.637891
1.647042
1.609829
1.941167
1.601652
1.610060
1.608093
1.622341
1.674834
1.654973
1.632781
1.642767
1.586267
1.637939
1.594388
1.579699
1.581233
1.634602
1.656784
1.701374
1.649882
1.650588
1.669645
1.617864
1.793151
1.591025
1.658062
1.598227
1.650874
1.665884
2.067942
1.664729
1.597344
1.732327
1.618021
1.606911
1.598870
1.643794
1.687272
1.587418
1.654642
1.624803
1.619989
1.602272
1.655478
1.581224
1.575534
1.622276
1.667807
1.645162
1.656386
1.578531
1.644688
1.616221
1.731003
1.645350
1.589857
1.613262
1.712539
1.726227
1.681715
1.595379
1.667458
1.588899
1.674364
1.609931
1.616258
1.605018
1.657249
1.649643
1.597525
1.776749
1.643207
1.618939
1.655054
1.622954
1.602854
1.608709
1.664693
1.649344
1.579229
1.661446
1.645870
1.608494
1.631355
1.597457
1.590715
1.586284
1.687261
1.923368
1.576888
1.623808
1.637999
1.589886
1.660313
1.597459
1.579121
1.591521
1.609949
1.705386
1.735186
1.629453
1.580116
1.684736
1.673271
1.577314
1.578294
1.585648
1.677946
1.649304
1.571506
1.645369
1.579831
1.633499
1.583967
1.629576
1.614942
1.584279
1.606319
1.661120
1.624063
1.681286
1.840177
1.636973
1.582073
1.638755
1.592243
1.579406
1.601827
1.698619
1.651832
1.582257
1.620504
1.636941
1.590817
1.662669
1.853042
1.613146
1.607413
1.763123
1.733863
1.572634
1.637561
1.632399
1.604744
1.628551
1.611766
1.582441
1.601231
1.777113
1.647537
1.776769
1.645134
1.651005
1.580788
1.631679
1.576635
1.580372
1.587617
1.617049
1.662643
1.617965
1.643389
1.582708
1.628301
1.569933
1.732024
1.583552
1.572994
1.739607
1.675956
1.658774
1.615856
1.567744
1.620443
1.565792
1.615696
1.561939
1.572095
1.582538
1.608264
1.604504
1.561609
1.600249
1.604406
1.563123
1.618341
1.568615
1.599630
1.560409
1.598660
1.673034
1.572188
1.616164
1.575131
1.628501
1.587433
1.644057
1.571064
1.593827
1.597631
1.671850
1.629948
1.644573
1.588506
1.615470
1.580765
1.649892
1.579060
1.589589
1.584516
1.661380
1.742382
1.579678
1.663264
1.642212
1.584021
1.646608
1.589059
1.588482
1.599934
1.627429
1.612013
1.648377
1.800060
1.614699
1.581411
1.648223
1.600855
1.595008
1.599673
1.629736
1.650414
1.590291
1.649124
1.599953
1.642595
1.594451
1.647784
1.622200
1.601588
1.597543
1.681917
1.584497
1.651283
1.587502
1.632704
1.594373
1.662041
1.596992
1.592217
1.626564
1.618282
1.642692
1.593145
1.635823
1.667251
1.600583
1.635120
1.592225
1.606110
1.613191
1.665843
1.639054
1.608032
1.643108
1.641106
2.408031
1.652084
1.593537
1.599957
1.605921
1.675854
1.676165
1.638098
1.798832
1.650736
1.608685
1.652580
1.620614
1.607227
1.590729
1.635914
1.727384
1.573556
1.634779
1.638727
1.592685
1.656264
1.592766
1.582779
1.601331
1.674979
1.657359
1.611104
1.622373
1.630761
1.589203
1.638244
1.592427
1.610960
1.590791
1.626000
1.634528
1.658150
1.625724
1.577141
1.650751
1.594516
1.662575
1.610046
1.608643
1.586869
1.647255
1.677463
1.759042
1.682623
1.662784
1.604451
1.658305
1.602793
1.607066
1.635737
1.646169
1.647344
1.679088
1.785823
1.644168
1.606157
1.654234
1.607387
1.609034
1.605974
1.695495
1.667378
1.595319
1.656919
1.666835
1.604625
1.677070
1.610215
1.610275
1.609123
1.649949
1.667161
1.594536
1.657493
1.664558
1.601543
1.678729
1.597763
1.615517
1.625792
1.676756
1.642387
1.612208
1.655012
1.674376
1.611384
1.668995
1.593880
1.620423
1.592416
1.695508
1.647144
1.739132
1.660437
1.610760
1.724541
1.637853
1.633060
1.600306
1.592922
1.687154
1.605828
1.646682
1.632368
1.596269
1.644859
1.603036
1.649080
1.614826
1.610643
1.607024
1.645605
1.651599
1.635093
1.587842
1.633328
1.585622
1.659555
1.605747
1.587598
1.595797
1.618583
1.752782
1.694687
1.642943
1.645712
1.599415
1.682890
1.598399
1.619348
2.728420
1.617064
1.657750
1.634301
1.595387
2.322266
1.649711
1.596189
1.620909
1.605015
1.725868
1.649558
1.577607
1.642778
1.643430
1.601521
1.698442
1.583860
1.617686
1.600416
1.657989
1.928303
1.683755
1.693493
1.676666
1.650507
1.675148
1.630614
1.639012
1.623120
1.703716
1.681490
1.716195
1.670842
1.999872
1.987443
1.868985
1.857536
1.708293
1.725440
1.859753
1.848629
1.774335
1.747655
1.691861
1.763770
1.705099
1.696038
1.821829
2.346022
1.648160
1.632184
1.585690
1.644222
1.584031
1.654398
1.579389
1.577924
1.648021
1.687424
1.642573
1.691661
1.602219
1.630450
1.591782
1.661468
1.580125
1.607129
1.589718
1.726330
1.725388
1.577219
1.753815
1.641689
1.587168
1.653342
1.607038
1.611343
1.586321
1.689932
1.966281
1.690303
1.823861
1.641596
1.601250
1.657281
1.599466
1.594521
1.628809
1.723150
1.656964
1.690541
1.847564
1.652061
1.610006
1.668864
1.610894
1.602222
1.695686
1.777436
1.667455
1.707824
1.623099
1.638514
1.610279
1.678597
1.605084
1.623506
1.606711
1.675229
1.656070
1.594392
1.985860
1.682304
1.613843
1.674900
1.614167
1.602001
1.610023
1.712615
1.809514
1.652531
1.615888
1.645899
1.627521
1.668152
1.616087
1.597940
1.599739
1.659598
1.655304
1.588714
1.672207
1.649956
1.599647
1.704428
1.596869
1.609235
1.605239
1.618387
1.711570
1.643906
1.646690
1.650721
1.600447
1.663998
1.607982
1.603806
1.621010
1.628887
1.676989
1.582963
1.652083
1.647652
1.584871
1.680803
1.600394
1.596976
1.640033
1.624705
1.641238
1.647597
1.662125
1.588431
1.653496
1.597409
1.652538
1.619161
1.605975
1.604834
1.672770
1.599405
1.680102
1.611654
1.669066
1.600090
1.805684
1.596551
1.592742
1.619366
1.652513
1.633154
1.647971
1.710401
1.629018
1.590058
1.638079
1.585391
1.602916
1.614285
1.598402
1.648865
1.585223
1.666387
1.645906
1.596570
1.646385
1.600848
1.600810
1.594898
1.841847
1.641981
1.615990
1.635166
1.632578
1.596867
1.654351
1.591527
1.613437
1.589843
1.594880
1.640906
1.644918
1.615389
1.576330
1.638884
1.585379
1.638936
1.610936
1.583611
1.648957
1.643840
1.633345
1.619470
1.684068
1.617116
1.567029
1.636144
1.574212
1.570479
1.614958
1.598872
1.624634
1.573241
1.620521
1.632783
1.590405
1.652795
1.588290
1.611346
1.594893
1.603278
1.636010
1.568904
1.636282
1.600725
1.665683
1.572452
1.639800
1.594594
1.586664
1.627574
1.850864
1.816625
1.642998
1.567130
1.618351
1.585224
1.621498
1.602667
1.598855
1.588574
1.663885
1.584073
1.638851
1.701965
1.644643
1.582196
1.634833
1.611146
1.577048
1.587854
1.655430
1.633423
1.586530
1.647895
1.640519
1.586471
1.675001
1.594066
1.616392
1.601171
1.608160
1.626606
1.645115
1.640558
1.580682
1.733722
1.669890
1.616880
1.611194
1.618259
1.603980
1.665663
1.642237
1.639126
1.604007
1.662445
1.595024
1.683888
1.590540
1.616537
1.603782
1.656650
1.584353
1.644085
1.595676
1.641143
1.631427
1.674366
1.597919
1.613304
1.596831
1.659761
1.642327
1.580639
1.645570
1.659059
1.610708
1.657479
1.608615
1.610966
1.629783
1.705977
1.644899
1.584437
1.632805
1.632887
1.598366
1.650355
1.593709
1.599369
1.609074
1.610189
1.637686
1.638270
1.638261
1.589598
1.643935
1.596586
1.637120
1.598882
1.589478
1.599925
1.661622
1.636428
1.628635
1.606185
1.619304
1.645301
1.657788
1.588830
1.587539
1.592724
1.648044
1.647663
1.693868
1.820354
1.652162
1.609475
1.672017
1.598544
1.641789
1.610049
1.656336
1.673077
1.594350
1.657819
1.668440
1.612974
1.661301
1.612413
1.613117
1.609212
1.713970
1.771083
1.623288
1.654520
1.696054
1.588530
1.671098
1.649791
1.591846
1.598936
1.631810
1.672694
1.634592
1.706829
1.722644
1.582284
1.674542
1.649526
1.661331
1.649038
1.719088
1.677347
1.586551
1.664399
1.717330
1.627391
1.656064
1.601045
1.598866
1.608339
1.650949
1.662583
1.613101
1.646300
1.587535
1.651592
1.729712
1.630971
1.615187
1.638910
1.806646
1.776159
1.623935
1.663340
1.678178
1.616004
1.656793
1.607508
1.617393
1.611191
1.647039
1.648025
1.652820
1.645834
1.665408
1.640092
1.613754
1.664704
1.638402
1.614399
1.658153
1.705695
1.591507
1.834588
1.633319
1.706028
1.607094
1.717685
1.590355
1.604086
1.647017
1.669729
1.730630
1.687108
1.604155
1.672789
1.602559
1.703933
1.645756
1.634714
1.632833
1.693489
1.670254
2.475914
1.667360
1.593570
1.697382
1.621011
1.598495
1.604031
1.717144
1.658408
1.597808
1.681112
1.634729
1.599731
1.660147
1.593968
1.621484
1.605144
1.763803
1.766049
1.606011
1.630626
1.646623
1.588213
1.646903
1.624020
1.599028
1.603972
1.613439
1.654569
1.825895
1.668068
1.580919
1.656838
1.608854
1.755690
1.602541
1.621647
1.872876
1.670602
1.594008
1.658259
1.619032
1.655888
1.716267
1.614990
1.631622
1.604914
1.612054
1.653984
1.674304
1.664973
1.600533
1.637574
1.614297
1.682040
1.603726
1.608149
1.639330
1.817489
1.649886
1.661709
1.606902
1.640420
1.597602
1.664603
1.635478
1.607264
1.616147
1.682122
1.653909
1.652453
1.607767
1.654305
1.602666
1.712959
1.608489
1.624615
1.618046
1.664348
1.647621
1.593751
1.771429
1.647384
1.602728
1.661506
1.596862
1.594080
1.612130
1.665025
1.637066
1.606778
1.645561
1.630392
1.628061
1.643337
1.590791
1.607391
1.636848
1.683158
2.258291
1.696623
1.802329
1.648210
1.679130
1.645015
1.594281
1.595770
1.676552
1.671976
1.650382
1.689125
1.742989
1.676770
1.590985
1.655295
1.616373
1.601297
1.645790
1.717025
2.057226
2.566045
1.686322
1.596527
1.658890
1.609470
1.599473
1.620281
1.684836
1.869100
1.652529
1.647026
1.644744
1.592405
1.815642
1.717565
1.721855
1.720156
1.816028
1.773995
1.872482
1.745619
1.776645
1.747886
1.662488
1.583709
1.607763
1.670603
1.694182
1.656744
1.654349
1.592587
1.658031
1.596568
1.648182
1.607885
1.595681
1.678039
1.674998
1.646378
1.646507
1.621281
1.648790
1.642738
1.664333
1.588361
1.603336
1.626717
1.726902
1.674513
1.676901
1.834478
1.672718
1.611889
1.677607
1.594523
1.632683
1.597149
1.762740
1.767702
1.649005
1.587431
1.653764
1.595882
1.660263
1.600675
1.621709
1.629703
1.714797
1.678603
1.641826
1.965745
1.650786
1.619216
1.658087
1.634328
1.610277
1.643814
1.673098
1.654046
1.787097
1.601577
1.666239
1.611969
1.677904
1.621379
1.615153
1.625567
1.685394
1.657678
1.721215
1.813824
1.646163
1.619187
1.661000
1.611408
1.611113
1.617278
1.679267
1.664009
1.706442
1.821582
1.670250
1.593547
1.656505
1.594500
1.591762
1.625519
1.655670
1.634438
1.594139
1.623073
1.630606
1.606067
1.645964
1.587471
1.606084
1.589809
1.661227
1.950571
2.102885
1.577970
1.656965
1.589887
1.635355
1.598684
1.592918
1.667171
1.765484
1.632214
1.589482
1.670119
1.631879
1.598128
1.685576
1.601835
1.638648
1.617392
1.695885
1.656760
1.637362
1.656567
1.649132
1.624233
1.667692
1.592394
1.607005
1.594739
1.653531
1.967418
1.567749
1.649338
1.685319
1.582205
1.633549
1.615043
1.582609
1.585006
1.648235
1.741321
1.586298
1.647085
1.661563
1.592509
1.653476
1.594183
1.615322
1.602027
1.657402
1.953460
1.591327
1.660269
1.699612
1.597082
1.675634
1.593483
1.613168
1.622299
2.737935
1.654749
1.767141
1.614847
1.637948
1.595570
1.677643
1.600839
1.607137
1.604515
1.671124
1.654627
1.590380
1.665274
1.625853
1.596758
1.657895
1.582574
1.592628
1.604900
1.688329
1.638116
1.564875
1.635151
1.661862
1.590772
1.633375
1.592386
1.589731
1.602609
1.665523
1.677996
1.633018
1.627972
1.612420
1.637841
1.610966
1.629896
1.577039
1.611091
1.690279
1.948126
1.581108
1.649238
2.288026
1.616089
2.039803
1.597199
1.597969
2.831145
1.649568
1.597933
1.656884
1.602655
1.644965
1.605803
1.643963
1.593566
1.610108
1.657488
1.653470
1.646550
1.661774
1.601147
1.675923
1.608179
1.684529
1.641539
1.611979
1.664261
1.950425
1.654382
1.643191
1.593099
1.648744
1.618517
1.716906
1.583619
1.581440
1.647890
1.650474
1.584339
1.645333
1.588296
1.646307
1.610895
1.653586
1.704013
1.600128
1.594597
1.681435
1.743403
1.808987
1.618899
1.677703
1.592372
1.663797
1.633332
1.582977
1.690155
1.697244
1.643228
1.673297
1.892429
1.703256
1.593487
1.644279
1.588321
1.606092
1.663415
1.728264
1.687477
1.742734
1.593184
1.643544
1.678740
1.644015
1.589381
1.610519
1.638501
1.697303
1.800043
1.694407
1.593415
1.666529
1.600001
1.691099
1.608952
1.600909
1.601155
1.752782
1.646944
2.323815
1.581963
1.654220
1.610278
1.681126
1.606730
1.621183
1.663319
1.677748
1.597828
1.654209
1.582838
1.750767
1.596315
1.660298
1.605538
1.601007
1.646974
1.655321
1.670713
1.718927
1.602382
1.650318
1.595320
1.678886
1.593618
1.618324
1.605021
1.822584
1.703300
1.773332
1.588632
1.648496
1.610875
2.008625
1.586497
1.627240
1.675802
1.650366
1.639712
1.625693
1.592697
1.652872
1.599353
1.661475
1.606884
1.609105
1.671526
1.657763
1.646198
1.584338
1.662843
1.662832
1.596349
1.654640
1.607448
1.602704
1.605081
1.684593
1.659519
1.607867
1.628720
1.632488
1.651361
1.662775
1.579705
1.621123
1.592650
1.672003
1.667190
1.599063
1.678125
1.668453
1.607745
1.649974
1.597422
1.597756
1.613096
1.664465
1.655913
1.575443
1.638839
1.586256
1.641853
1.595671
1.639020
1.588480
1.595929
1.686153
1.654289
1.639556
1.684087
1.586065
1.898856
1.603902
1.636717
1.603742
1.606994
1.591756
1.691415
1.848196
1.638077
1.605186
1.637458
1.587159
1.688149
1.593327
1.611041
1.607427
1.657734
1.644240
1.590131
2.030609
1.657290
1.594654
1.626627
1.577050
1.639803
1.583119
1.690442
1.662501
1.638376
1.926725
1.656282
1.584394
1.667484
1.604478
1.619369
1.644907
1.709467
1.647267
1.652913
1.861329
1.669048
1.598391
1.670713
1.605059
1.618006
1.618190
1.658874
1.652227
1.683554
1.836811
1.654254
1.612888
1.648492
1.601705
1.608804
1.612510
1.725094
1.956560
1.645186
1.607094
1.669744
1.627930
1.675914
1.628220
1.616736
1.633247
1.684271
1.656298
1.753524
1.620173
1.658770
1.619851
1.650116
1.606751
1.611359
1.614405
1.696449
1.666526
1.589592
1.963703
1.662182
1.625292
1.667191
1.638370
1.612934
1.613628
1.763716
1.648680
1.727611
1.588290
1.655728
1.704078
1.816184
1.628581
1.599867
1.604029
1.679543
1.674562
1.676556
1.589200
1.635704
1.606060
1.668704
1.603339
1.604911
1.613244
1.671844
1.717571
1.625075
1.757827
2.656396
1.676048
1.624650
1.601982
1.595783
1.637964
1.650811
1.598651
1.640001
1.582336
1.637705
1.577232
1.652551
1.590551
1.592642
1.606322
1.650935
1.652445
1.961245
1.597488
1.634690
1.606107
1.645382
1.755010
2.116717
1.690372
1.764210
1.590291
1.659377
1.663592
1.603806
1.651527
1.616773
1.595831
1.625413
1.752786
1.657790
1.611276
1.659053
1.594703
1.654166
1.764921
1.599567
1.600796
1.609181
1.655261
2.345018
1.613286
1.652690
1.653268
1.604810
1.647282
1.590606
1.603660
1.595480
1.626353
1.611326
1.640057
1.639915
1.599002
1.637225
1.740659
1.594041
1.599646
1.625625
1.674074
1.567183
1.655451
1.648676
1.586266
1.668383
1.588593
1.624773
1.728939
1.616094
1.715787
1.604945
1.651135
1.653745
1.619989
1.639728
1.589257
1.666466
1.594812
2.509095
1.604774
1.648770
1.592448
1.661100
1.613570
1.664111
1.713575
1.602662
1.631566
1.602906
1.612199
1.669337
1.659048
1.673863
1.624283
1.653173
1.612841
1.650125
1.598470
1.592655
1.600777
1.656345
1.639628
1.647140
1.603396
1.641651
1.608796
1.670710
1.600649
1.620224
1.589120
1.657761
1.647088
1.596670
1.640801
1.660805
1.597055
1.668741
1.619033
2.299658
1.633440
1.637542
1.658012
1.647393
1.599275
1.687464
1.617096
1.638753
1.591296
1.622037
1.601482
1.673637
1.648142
1.579340
1.638843
1.644417
1.605821
1.687774
1.608585
1.624327
1.598845
1.684874
1.637096
1.611365
1.660776
1.661423
1.609764
1.662895
1.603639
1.785976
1.633731
1.689453
1.663081
1.595752
1.777233
1.648439
1.609144
1.654395
1.597503
1.628223
1.599874
1.861579
1.642758
1.602394
1.675426
1.656735
1.622904
1.646585
1.604379
1.588655
1.592717
1.676128
1.760495
1.587394
1.631466
1.678470
1.596781
1.665570
1.593629
1.579368
1.613281
1.709689
1.762695
1.863314
1.623274
1.630080
1.608421
1.659006
1.582106
1.594808
1.592921
1.710665
1.679012
1.587038
1.636210
1.609411
1.636930
1.604893
1.649700
1.589500
1.591839
1.622647
1.618359
1.628336
1.777320
1.580366
1.654480
1.592411
1.687005
1.587028
1.599831
1.597901
1.663700
1.688966
1.594614
1.631129
1.658158
1.608029
1.651365
1.602996
1.599813
1.607476
1.694098
1.641676
1.603644
1.665086
1.662098
1.600917
1.702568
1.795035
1.606725
1.634466
1.684233
1.753958
1.622229
1.676871
1.662599
1.608991
1.647177
1.606937
1.618443
1.881726
1.667722
1.645647
1.591858
1.639734
1.680965
1.594634
1.666264
1.619795
1.608969
1.580621
1.662142
1.632877
1.574222
1.652645
1.588365
1.687179
1.703555
1.585159
1.579404
1.582643
1.670947
1.580192
1.659427
1.639134
1.597679
1.847490
1.587406
1.624436
1.588254
1.581579
1.581496
1.642512
1.656673
1.642758
1.576557
1.670616
1.577358
1.666437
1.589434
1.591871
1.612215
1.646406
1.640699
1.588562
1.639420
1.637449
1.601717
1.633258
1.625135
1.598921
1.581470
1.649461
1.633132
1.608307
1.661834
1.633579
1.593727
1.652263
1.597647
1.594321
1.609879
1.659457
1.591942
1.648844
1.648428
1.603637
1.634285
1.594880
1.652323
1.591439
1.612311
1.602053
1.652248
1.669544
1.655890
1.601264
1.654341
1.592266
1.657496
1.589717
1.595667
1.610411
1.667596
1.643438
1.579386
1.655898
1.674083
1.593889
1.679231
1.598316
1.624560
1.657069
1.683405
1.645818
1.595291
1.633984
1.643041
1.602028
1.740461
1.594360
1.606118
1.593470
1.640979
1.809928
1.640085
1.681796
1.690036
1.573703
1.630500
1.590293
1.580383
1.586425
1.611824
1.949881
1.574948
1.671195
1.681053
1.589407
1.683030
1.587358
1.565172
1.580858
1.650402
1.758889
1.641212
1.630044
1.646871
1.649062
1.575728
1.665396
1.594764
1.622294
1.589594
1.658381
1.718364
1.648317
1.607204
1.641924
1.600758
1.650807
1.611696
1.599489
1.630470
1.659310
1.661285
1.653935
1.734914
1.649049
1.620329
1.680821
1.589623
1.616297
1.615312
1.662660
1.667798
1.601995
1.649639
1.677432
1.599666
1.664698
1.597558
1.582413
1.603160
1.664695
1.646464
1.615355
1.673311
1.658178
1.582425
1.645505
1.596202
1.579466
1.612284
1.617290
1.712238
1.700910
1.632346
1.599707
1.690447
1.681828
1.648560
1.625377
1.579543
1.657797
1.584742
1.643441
1.657846
1.595387
1.639863
1.589587
1.687037
1.599678
1.620392
1.716907
1.705147
1.645594
1.645522
1.605602
1.648194
1.611636
1.668489
1.598890
1.623250
1.602110
1.651723
1.596903
1.653476
1.744812
1.671748
1.598139
2.629618
1.792206
1.601734
1.668945
1.647114
1.621381
1.649250
1.642475
1.627611
1.633151
1.583007
1.596173
1.617239
1.667901
1.586470
1.656663
1.650290
1.594206
1.680012
1.587491
1.684451
1.612545
1.621181
1.609172
1.656470
1.653874
1.657054
1.595900
1.654129
1.605825
1.693177
1.606023
1.610737
1.625493
1.660525
1.674608
1.647558
1.684057
1.666477
1.617087
1.667729
1.607898
1.610282
1.597959
1.673684
1.655668
1.589815
1.651817
1.657956
1.597677
1.646107
1.594740
1.602043
1.621450
1.678994
1.669898
1.577043
1.682592
1.658553
1.594305
1.654543
1.590301
1.601700
1.603088
1.613035
1.656072
1.594699
1.653999
1.603576
1.874410
1.647762
1.598631
1.601964
1.612251
1.662478
1.616683
1.700353
1.638909
1.604271
1.647910
1.595564
1.673116
1.593514
1.598934
1.613299
1.641134
2.222118
1.642909
1.606745
1.717253
1.641180
1.589171
1.626069
1.600069
1.631752
1.645324
1.667236
1.652936
1.602855
1.643015
1.614211
1.663527
1.617177
1.599221
1.605700
1.677298
1.736471
1.632207
1.633335
1.645908
1.635040
1.638026
1.631586
1.593993
1.654040
1.643769
1.646446
2.070197
1.591896
1.656046
1.602555
1.685094
1.600710
1.597716
1.598988
1.649468
1.710127
1.635072
1.626955
1.638024
1.620011
1.647242
1.581168
1.605105
1.599627
1.659627
1.844304
1.639704
1.813572
1.646386
1.588433
1.651256
1.610988
1.590602
1.593965
1.699704
1.654282
1.610910
1.639764
1.661096
1.587055
1.680867
1.595656
1.616296
1.603641
1.697054
1.735654
1.604084
1.704322
1.624050
1.580812
1.678193
1.587959
1.615212
1.596550
1.657727
1.628388
1.604203
1.630372
1.665915
1.595445
1.653452
1.580364
1.617841
1.616369
1.649910
1.862263
1.590399
1.632386
1.605192
1.669698
1.754508
1.605449
1.620369
1.596996
1.611352
1.646917
1.648089
1.648560
1.588715
1.667356
1.605753
1.673709
1.596632
1.624594
1.600814
1.816451
1.642556
1.668113
1.597644
1.676263
1.587178
1.680106
1.600992
1.614735
1.602043
1.745738
1.657657
1.647196
1.594932
1.654495
1.855647
1.660448
1.590578
1.594776
1.613262
1.652121
1.642691
1.697721
1.733563
1.667017
1.593829
1.688178
1.597528
1.630646
1.600063
1.637191
1.659095
1.606662
1.655393
1.669596
1.599947
1.681853
1.615115
1.633845
1.587696
1.703400
1.644354
1.621027
1.648940
1.647136
1.602609
1.674185
1.595413
1.622600
1.602983
1.618059
1.646948
1.593586
1.650622
1.719658
1.617376
1.667762
1.624313
1.593396
1.621189
1.616694
1.666055
1.596336
1.650149
1.617296
1.648982
1.608084
3.063152
1.607598
1.609157
1.682801
1.666036
1.672501
1.623807
1.651007
1.617525
1.679188
1.632543
1.619293
1.605027
1.824465
1.661771
1.677436
1.695875
1.706310
1.580777
1.657197
1.625667
1.610236
1.598051
1.670053
1.638150
1.593488
1.639067
1.636316
1.593977
1.652241
1.609069
1.602133
1.607181
1.672791
1.641126
1.585398
1.627774
1.631681
1.579608
1.649324
1.579288
1.587404
1.575221
1.593259
1.638944
1.661209
1.620686
1.592469
1.634211
1.606197
1.645128
1.580184
1.599926
1.589820
1.629815
1.623547
1.649889
1.732281
1.633784
1.586710
1.645079
1.587751
1.583339
1.613052
1.605005
1.777155
1.632794
1.663412
1.633828
1.587347
1.644638
1.607837
1.637714
1.580984
1.670950
1.652494
1.603175
1.655576
1.646690
1.617031
1.653409
1.594260
1.588655
1.603103
1.683840
1.633434
1.593784
1.672863
1.583515
1.652167
1.584018
1.624759
1.602837
1.597256
1.593874
1.675991
1.635389
1.635424
1.579034
1.640555
1.594636
1.661029
1.615053
1.593794
1.610172
1.650165
1.637257
1.586498
1.627766
1.668714
1.601460
1.664559
1.602369
1.623435
1.599003
1.659860
1.642188
1.587609
1.642631
1.647057
1.595512
1.646217
1.600734
1.620315
1.614658
1.677328
1.634517
1.603346
1.655383
1.633863
1.656008
1.733195
1.604761
1.607276
1.612427
1.621340
1.620422
1.701563
1.742348
1.758684
1.663694
1.706224
1.594769
1.606871
1.613289
1.606038
1.647996
1.737975
1.642927
1.600110
1.652011
1.604814
1.675796
1.598530
1.603206
1.620353
1.649324
1.641702
1.662873
1.634407
1.657094
1.623784
1.650722
1.629080
1.602044
1.588802
1.660559
1.643547
1.590140
1.857758
1.645959
1.611225
1.666728
1.619202
1.597605
1.594804
1.727149
1.633209
1.953376
1.602915
1.647681
1.607813
1.671080
1.593667
1.614307
1.605061
1.647248
1.641664
1.584431
1.634973
1.644542
1.602904
1.649839
1.589306
1.620310
1.598756
1.659840
1.672727
1.613911
1.664972
1.655631
1.589239
1.667917
1.609741
1.621237
1.597030
1.667364
1.650968
1.586628
1.673353
1.599400
1.649137
1.605735
1.651527
1.597643
1.607332
1.620410
1.621367
1.641673
1.642078
1.594939
1.677026
1.598454
1.675789
1.609445
1.620998
1.596254
1.660716
1.647796
1.656633
1.733885
1.659562
1.605696
1.679910
1.599730
1.606945
1.616492
1.691462
1.642064
1.604925
1.678389
1.668329
1.618442
1.676738
1.608131
1.643870
1.611227
1.674927
1.697859
1.574690
1.630903
1.639706
1.582211
1.636887
2.180375
1.601910
1.589565
1.674108
1.637657
1.627507
1.661686
1.664240
1.596616
1.678155
1.603991
1.639891
1.614611
1.654346
1.678574
1.598927
1.643824
1.651686
1.618826
1.663594
1.609022
1.625623
1.607005
1.618600
1.665160
1.605691
1.664588
1.673887
1.641937
1.661659
1.605820
1.609326
1.605031
1.632905
1.687968
1.657378
1.652031
1.604753
1.684556
1.615453
1.661870
1.614944
1.619395
1.619335
1.679980
1.654900
1.639171
1.592886
1.652818
1.621094
1.655239
1.631781
1.603740
1.590791
1.687131
1.670891
1.645167
1.733948
1.666518
1.621306
2.602460
1.592597
1.599995
1.679188
1.756180
1.591302
1.659374
1.649313
1.613970
2.109309
1.593135
1.613359
1.623782
1.684346
1.640084
1.596128
1.651543
1.652047
1.608114
1.659586
1.618007
1.606065
1.604190
1.710738
1.650969
1.607937
1.662575
1.907722
1.611209
1.652555
1.606740
1.597103
1.617243
1.713941
1.634986
1.602917
1.629777
1.597380
1.734591
1.632023
1.599834
1.603509
1.602901
1.642005
1.628576
1.647061
1.633698
1.603849
1.654152
1.625087
1.683683
1.605212
1.607001
1.642990
2.614099
1.588024
1.678286
1.658278
1.606641
1.659339
1.606927
1.608185
1.640966
1.667396
1.663166
1.618623
1.670036
1.679827
1.804372
1.651476
1.612680
1.633747
2.367967
2.176607
1.610031
1.670490
1.609146
1.651065
1.701214
1.645080
1.604862
1.610470
1.621314
1.637000
1.652068
1.645872
1.604883
1.679899
1.584282
1.645170
1.722592
1.617235
1.624657
1.648717
1.636203
1.666482
1.723018
1.647120
1.592627
1.673792
1.592397
1.614424
1.612610
1.661673
1.645386
1.592767
1.645815
1.649432
1.607019
1.673883
1.599594
1.619244
1.602001
1.722124
2.345008
1.653333
1.607124
1.657396
1.633193
1.653485
1.621288
1.621920
1.634713
1.666831
1.648619
1.698740
2.436216
1.708113
1.679891
1.605832
1.641510
1.597095
1.640836
1.677999
1.600487
1.676596
1.597094
1.659497
2.016687
1.605289
1.622466
1.602106
1.782618
1.759279
1.601411
2.330838
1.657278
1.617307
1.646360
1.594501
1.593779
1.591824
1.655686
1.658711
1.599933
1.635999
1.654228
1.592671
1.665702
1.596499
1.614318
1.600051
1.680213
1.636678
1.598132
1.677942
1.594533
1.709106
1.662069
1.619070
1.608108
1.598109
1.700382
1.670322
1.587560
1.651297
1.574066
1.625369
1.635459
1.658891
1.575195
1.626478
1.620361
1.662560
1.567860
1.615809
1.668281
1.636850
1.626149
1.655999
1.586027
1.584009
1.623186
1.674603
1.598550
1.600011
1.729902
1.630541
1.649157
1.625118
2.410869
1.596954
1.594627
1.654275
1.595951
1.651810
1.594224
1.651089
1.663722
1.668406
1.612144
1.627394
1.614666
1.658170
1.596526
1.691930
1.602126
1.650163
1.671810
1.630449
1.599279
1.609147
1.600368
1.670743
1.596037
1.589724
1.633379
1.669017
1.663199
1.806735
1.617915
1.608179
1.609111
1.671998
1.599474
1.682533
1.654679
1.683818
1.649423
1.833301
1.603752
1.609208
1.611294
1.657315
1.591310
1.626557
1.658697
1.673455
1.760848
1.637988
1.589904
1.615152
1.597475
1.658419
1.627529
1.602540
1.680659
1.660661
1.648956
1.628541
1.596788
1.634955
1.581285
1.631929
1.743688
1.580437
1.653849
1.659185
1.877657
1.684951
1.615051
1.583334
1.601759
1.683652
1.654542
1.621377
1.637080
1.619576
1.650689
1.623147
1.657245
1.625401
1.598863
1.606812
1.659205
1.685376
1.651579
1.605723
1.646929
1.603143
1.661345
1.596709
2.521473
1.659290
1.642602
1.605015
1.646860
1.742237
1.597730
1.793675
1.591494
1.619462
1.594940
1.662634
1.659426
1.597830
1.878916
1.705777
1.583722
2.638642
1.596710
1.589526
1.623450
1.646077
1.663344
1.676083
1.735359
1.654469
1.612905
1.667752
1.609591
1.618374
1.627494
1.659308
1.642745
1.614359
1.668325
1.640523
1.609652
1.643907
1.608079
1.594103
1.614904
1.641100
1.667522
1.583943
1.652969
1.661205
1.581381
1.679729
1.597056
1.617389
1.608113
1.654907
1.638406
1.596900
1.641634
1.674561
1.832850
1.668405
1.622998
1.617180
1.582426
1.663944
1.609459
1.662235
1.626644
1.715446
1.772557
1.674685
1.604551
1.599706
1.593839
1.671408
1.663993
1.593833
1.646208
1.602469
1.642319
1.639571
1.656098
1.596539
1.601918
1.598886
1.739011
1.655914
1.666588
1.611018
1.672836
1.594331
1.664794
1.603844
1.617330
1.939440
1.652849
1.676412
1.646315
1.617358
1.651049
1.672424
1.656594
1.594421
1.598978
1.633889
1.658199
1.651874
1.669922
1.699408
1.684349
1.605103
1.670370
1.599484
1.632604
1.610049
1.625105
1.692403
1.696079
1.749828
1.658249
1.593402
1.661682
1.620324
1.588657
1.591861
1.653715
1.649306
1.611025
1.654271
1.641869
1.594530
1.665697
1.593897
1.617231
1.606300
1.647982
1.652055
1.601974
1.661500
1.668712
1.608682
1.667905
1.589208
1.630598
1.597782
1.651248
1.647083
1.600044
1.653338
1.653274
1.740093
1.670382
1.606027
1.590961
1.598941
1.677646
1.625678
1.603288
1.641955
1.580184
1.646032
1.606733
1.638058
1.592567
1.598978
1.628304
1.656342
1.643969
1.663683
1.723083
1.668007
1.579237
1.663148
1.610166
1.618265
1.609881
1.660143
1.655803
1.604057
1.787512
1.661011
1.604055
1.657599
1.597493
1.611088
1.625540
1.627584
1.742278
1.624012
1.672990
1.640342
1.612627
1.650624
1.769531
1.613050
1.600920
1.688857
1.652941
1.610269
1.691220
1.674254
1.609022
1.657629
1.623237
1.605007
1.601941
1.674164
1.669685
1.618068
1.657165
1.681477
1.614586
1.679390
1.606676
1.605958
1.613938
1.725850
1.655055
1.619035
1.681024
1.654614
1.611297
1.651495
1.607961
1.607898
1.621688
1.796404
2.632362
1.738842
1.622831
1.684586
1.609676
1.701495
1.742708
1.602412
1.612099
1.657417
1.660306
2.278520
1.655839
1.766783
1.655453
1.631276
1.613130
1.629595
1.657802
1.685088
1.579228
1.648952
1.730355
2.718491
1.649051
1.630237
1.629551
1.612335
1.642818
1.644484
1.588442
1.632898
1.628629
1.585117
1.627935
1.817044
1.602481
1.611134
1.629615
1.641721
1.609694
1.637660
1.667463
1.586256
1.630389
1.596714
2.141578
1.578295
1.648985
1.654571
1.621159
1.643293
1.640620
1.581461
1.639019
1.654599
1.586541
1.608198
1.632139
1.775876
1.593463
1.641062
1.643703
1.574509
1.629215
1.588306
1.604910
1.585497
1.630594
1.665401
1.575953
1.635856
1.604385
1.649326
1.603484
1.680622
1.609892
1.604899
1.614213
1.671818
1.669990
1.636940
1.610155
1.920880
1.616955
1.652813
1.618028
1.643913
1.620084
1.643057
1.659366
1.653649
1.617797
1.658231
1.589388
1.654881
1.619349
1.595000
1.616148
1.687299
1.835987
1.681734
1.606423
1.662758
1.585244
1.651303
1.585132
1.585610
1.588203
1.726284
1.683422
1.631647
1.725927
1.632796
1.596580
1.623387
1.579569
1.612920
1.582352
1.670436
1.684971
1.573420
1.643282
1.630012
1.626579
1.619423
1.591880
1.580885
1.592877
1.627621
1.641446
1.588393
1.656894
1.636444
1.701195
1.749008
1.598177
1.592848
1.628636
1.629963
1.616340
1.652907
1.655714
1.597351
1.653803
1.612342
1.640071
1.636893
1.630237
1.614746
1.686513
1.673655
1.655934
1.610179
1.658894
1.635421
1.685075
1.609681
1.604720
1.640978
1.706516
1.594486
1.721639
1.695300
1.659551
1.622011
1.648417
1.606850
1.617576
1.641811
1.634961
1.658896
1.758632
1.797754
1.655814
1.595797
1.645143
1.620222
1.591903
1.594587
1.649011
1.681187
1.634413
1.650249
1.628571
1.613083
1.651285
1.591383
1.613175
1.602303
1.603812
1.640014
1.579273
1.636835
1.636900
1.608524
1.649224
1.596282
1.595952
1.622331
1.621898
1.706981
1.639767
1.659175
1.620437
1.661756
1.599715
1.674051
1.603571
1.617241
1.630065
1.646877
1.579925
1.676058
1.617738
1.654211
1.640098
1.661282
1.607017
1.607266
1.593580
1.658432
1.592505
1.641524
1.853140
1.659161
1.594664
1.635917
1.611011
1.589677
1.597521
1.640785
1.644835
1.592338
1.670517
1.638762
1.581255
2.546282
1.597035
1.571978
1.598849
1.766977
1.620608
1.626528
1.594253
1.673709
1.599077
1.716609
1.589021
1.589920
1.587550
1.658104
1.645883
1.645553
1.739661
1.638483
1.598122
1.718034
1.616192
1.588354
1.630413
1.640040
1.644833
1.585236
1.639127
1.665654
1.633630
1.643734
1.591116
1.631143
1.590491
1.676566
1.646540
1.584092
1.662669
1.822371
1.611500
1.642079
1.590310
1.621502
1.565879
1.693639
1.639997
1.567863
1.647091
1.656792
1.593438
1.630777
1.597782
1.586992
1.623523
1.600527
1.612052
1.666448
1.634601
1.594562
1.653028
1.597632
1.651481
1.599551
1.598958
1.637760
1.672516
1.656140
1.641685
1.650943
1.661914
1.597638
1.680393
1.620465
1.610051
1.605067
1.682323
1.658403
1.620741
1.941000
1.634202
1.631432
1.660117
1.597462
1.619180
1.620474
1.733157
1.667624
1.811256
1.610555
1.652856
1.627257
1.650357
1.626653
1.602071
1.600833
1.702327
1.647573
2.611572
2.086680
1.609405
1.709162
1.637619
1.626344
1.594402
1.750449
1.681949
1.586725
1.677602
1.658689
1.595026
1.647491
1.615081
1.613975
1.579245
1.703152
1.657763
1.575283
1.691392
1.807212
1.585739
1.647621
1.595154
1.588653
1.594903
1.875992
1.627800
1.591488
2.142611
1.642021
1.584437
1.677456
1.594867
1.614183
1.610839
1.669519
1.667291
1.607690
1.688697
1.675552
1.602533
1.656425
1.588054
1.597112
1.614568
1.681519
1.669542
1.639660
1.645763
1.658802
1.629451
1.593503
1.720696
2.176439
1.979691
1.681587
1.654311
1.620779
1.691892
1.658062
1.576630
1.639016
1.598458
1.587650
1.596614
1.663337
1.626351
1.579061
1.696866
1.859368
1.584324
1.660689
2.159139
1.581220
1.637223
1.664816
1.632405
1.564233
1.669721
1.638923
1.572941
1.639992
1.591402
1.586448
1.600829
1.655142
1.623323
1.577163
1.696982
1.735557
1.572797
1.668146
1.588722
1.584474
1.624855
1.619371
1.702587
1.651370
1.691178
1.760274
1.579594
1.649696
1.600869
1.606510
1.615128
1.673759
1.673760
1.857702
1.661936
1.798450
1.625446
1.638260
1.623214
1.597028
1.609172
1.705444
1.616204
1.588515
1.653586
1.614163
1.661096
1.598930
1.789629
1.594107
1.612308
1.842274
1.749226
1.611484
1.663394
1.588416
1.633338
1.733528
1.580158
1.586714
1.576287
1.627811
1.652079
1.691025
1.623801
1.591734
1.628643
1.594555
1.642953
1.582265
1.594224
1.615153
1.668388
1.638488
1.680435
1.882347
2.453374
2.495537
2.487142
1.669053
1.688848
1.637932
1.588952
1.655926
1.677349
1.590862
1.867928
1.775658
1.878095
1.945230
1.836007
1.749845
1.748319
1.732880
1.749393
1.738164
1.832201
1.721471
1.696943
1.783313
1.781050
1.689702
1.746585
1.761645
1.696714
1.750957
1.698506
1.697424
1.715554
1.790734
1.740416
1.753892
1.698960
1.752410
1.697783
1.757997
1.697935
1.733241
1.730492
1.721721
1.743995
1.733839
1.756377
1.739929
1.756795
1.740866
1.696131
1.712450
1.725918
1.747341
1.695704
1.776195
1.749359
1.722246
1.781240
1.703911
1.742165
1.721098
1.746451
1.777923
1.745397
1.704209
1.755344
1.753717
1.682394
1.727671
1.693811
1.792328
1.752379
1.707338
1.742388
1.752452
1.700866
1.754693
1.703282
1.694756
1.702059
1.776234
1.909391
1.756409
1.706125
1.757683
1.706818
1.753754
1.696932
1.715375
1.781557
1.764453
1.725746
1.770299
1.758906
1.719215
1.755574
1.716308
1.758630
1.712443
1.807988
1.767614
1.761536
1.699053
1.772724
1.751174
1.820150
1.715566
1.703019
1.775167
1.768558
1.715643
1.748255
1.757476
1.693822
1.753680
1.710145
1.743340
2.367434
1.786377
1.807110
1.768830
1.761654
1.713139
1.768985
1.700358
1.709235
1.750336
1.848017
1.755993
1.711042
1.756690
1.755323
1.729398
1.755959
1.705662
1.744234
1.786761
1.875702
1.733857
1.758437
1.750295
1.732744
1.820419
1.704492
1.698965
1.692848
1.768048
1.759198
1.695562
1.780891
1.771862
1.696914
1.765732
1.708120
1.710549
1.731715
1.808918
1.779650
1.759666
1.822074
1.703760
1.751921
1.716435
1.708247
1.732102
1.861885
1.760436
1.707359
1.765709
1.747601
1.701917
1.770115
1.726521
1.707377
1.793466
1.884548
1.692888
1.981876
1.752079
1.697884
1.788610
1.697511
1.739112
1.694916
1.745362
1.760428
1.709231
1.856902
1.767761
1.714271
1.757594
1.766481
1.715476
1.763566
1.783222
1.698761
1.760783
1.773988
1.717340
1.762698
1.717214
1.709417
1.715840
1.867155
1.770177
1.796426
1.869095
1.767646
1.708134
1.775964
1.707178
1.722944
1.852287
1.867756
1.716154
1.760677
1.790450
1.724438
2.187969
1.732312
1.737244
1.735970
1.825293
1.768471
1.815231
1.794233
1.813174
1.766186
1.727443
1.716988
1.728530
1.851199
1.933038
1.796607
1.720043
1.771488
1.733453
1.778006
1.769318
1.725703
1.823635
2.065100
1.727621
1.813234
1.775670
1.725531
1.798748
1.740849
1.727780
1.732714
1.938591
1.762070
1.773733
1.792060
1.734542
1.774252
1.738598
1.720911
1.734836
1.853028
1.787001
1.801624
1.726490
1.803618
1.726472
1.772140
1.728678
1.766618
1.796268
1.781635
1.731160
1.788649
1.779853
1.717264
1.777444
1.712956
1.722972
1.831105
1.775305
2.010198
1.765208
1.712265
1.769532
1.761671
1.711177
1.730886
1.751070
1.829769
1.888370
1.712434
1.768129
1.811489
1.719413
1.801558
2.094164
1.722698
1.801893
1.768767
1.739736
1.798317
1.780970
1.726210
1.780623
1.776388
1.739104
1.731824
1.843007
1.727761
1.787622
1.721108
1.774880
1.794757
1.774121
1.727789
1.753431
1.799900
1.771595
1.717323
1.767170
1.771833
1.727432
1.796912
1.714259
1.728074
1.718694
1.816046
1.787628
1.768546
1.715027
1.767822
1.759838
1.715319
1.719636
1.710443
1.784541
1.787524
1.700274
1.766361
1.768594
1.713470
1.944089
1.716763
1.753475
1.717728
1.784594
1.705862
1.809228
1.814680
1.714091
1.815124
1.717222
1.763927
1.724667
1.820453
1.800323
2.057783
1.728359
1.773999
1.724423
1.804585
1.773982
1.751839
1.788274
1.971678
1.725606
1.818992
2.467246
1.797339
1.719243
1.710933
1.710695
1.837731
1.808437
1.745104
1.808740
1.773555
1.729832
1.756844
1.619698
1.618141
1.615398
1.663606
1.646886
1.599595
1.660052
1.661058
1.634301
1.665150
1.631652
1.612168
1.603149
1.683007
1.666111
1.619864
1.660872
1.670533
1.609814
1.659601
1.665413
1.611299
1.602185
1.715018
1.680263
1.590815
1.675589
1.652990
1.615908
1.660759
1.590392
1.620496
1.606243
1.680859
1.856812
1.589572
1.641153
1.638253
1.603649
1.650100
1.600648
1.623690
1.587828
1.667275
1.936734
1.585743
1.660395
1.647299
1.601087
1.648056
1.624252
1.602723
1.601878
1.704238
1.670777
1.591299
1.666762
1.614628
1.656095
1.610823
1.685402
1.586695
1.597740
1.663652
1.665096
1.650785
1.645361
1.622415
1.655170
1.619064
1.652273
1.622334
1.601601
1.652267
1.667786
1.641354
1.707918
1.617542
1.670421
1.615015
1.680933
1.598516
1.611215
1.753226
1.705325
1.654555
1.783650
1.621964
1.655268
1.636081
1.646732
1.636467
1.609798
1.634102
1.670273
1.661484
1.807658
1.593120
1.653106
1.586365
1.641159
1.618315
1.601797
1.669565
1.655581
1.661663
1.594780
1.667958
1.619879
1.575513
1.648494
1.590574
1.588550
1.596016
1.664220
1.640015
1.593488
1.623669
1.626432
1.586791
1.629922
1.582870
1.590705
1.584340
1.842062
1.639524
1.572961
1.634390
1.607899
1.635492
1.584236
1.658450
1.585175
1.604322
1.650221
1.649234
1.638439
1.641364
1.578627
1.627442
1.593400
1.631940
1.606025
1.590765
1.629519
1.648475
1.641064
1.608620
1.638477
1.668435
1.588256
1.633150
1.589359
1.587542
1.583749
1.677478
1.957455
1.583088
1.625641
1.637653
1.610358
1.646559
1.631927
1.587681
1.590756
1.669347
1.932068
1.661090
1.641743
1.648490
1.604674
1.646406
1.610883
1.615354
1.624596
1.725361
1.651627
1.578254
1.636938
1.652775
1.601249
1.662510
1.608920
1.597817
1.599839
1.612446
1.679936
1.581111
1.651462
1.604971
1.641776
1.620319
1.650661
1.616942
1.615410
1.641924
1.660861
1.645424
1.638180
1.597204
1.656607
1.595173
1.643144
1.596837
1.601904
1.648227
1.667757
1.633250
1.591493
1.661265
1.640905
1.594344
1.668829
1.593566
1.599091
1.624482
1.763829
1.735504
1.611513
1.670788
1.641010
1.620032
1.641029
2.494758
1.605850
1.679750
1.683006
1.647254
1.635796
1.601701
1.683860
1.599604
1.658413
1.598540
1.595787
1.775795
1.905560
2.551082
1.642095
1.652981
1.626326
1.637997
1.625096
1.608111
1.592711
1.763879
1.770193
1.589185
1.627876
1.635861
1.596581
1.646293
1.630316
1.595783
1.610307
1.676712
1.658926
1.572858
1.688833
1.641143
1.596191
1.666907
1.605428
1.581003
1.598909
1.669134
1.938624
1.583876
1.659186
1.591008
1.738084
1.642108
1.617029
1.595989
1.582367
1.649292
1.731938
1.578585
1.654289
1.636417
1.649256
1.612745
1.654292
1.597582
1.590722
1.670526
1.637096
1.635709
1.658628
1.589800
1.645747
1.611568
1.656582
1.618128
1.598607
1.687096
1.707628
1.662327
1.640641
1.820353
1.667956
1.615178
1.687866
1.611028
1.601781
1.591926
1.672357
1.593610
1.615000
1.659987
1.667982
1.598300
1.679080
1.592293
1.593959
1.648259
1.662110
1.652182
1.580978
1.654714
1.646545
1.598342
1.643924
1.596662
1.628506
1.591640
1.663853
1.634272
1.591854
1.659064
1.683256
1.623099
1.643329
1.609706
1.604164
1.587639
1.745652
1.761232
1.574131
1.649563
1.593395
1.650001
1.593371
1.633994
1.588341
1.599889
1.724954
1.755811
1.598583
1.630138
1.584594
1.641991
1.612054
1.643111
1.621965
1.591463
1.592761
1.670336
1.644671
1.647869
1.726066
1.635153
1.566766
1.634918
1.583302
1.578370
1.586541
1.638152
1.650658
1.592473
1.642132
1.640319
1.642399
1.649009
1.590030
1.643184
1.599597
1.647196
1.624188
1.640292
1.651163
1.632219
1.605535
1.674579
1.607801
1.620386
1.597852
1.615216
1.670600
1.585336
1.650608
1.596888
1.642970
1.608697
1.663566
1.600559
1.595867
1.597881
1.757080
1.997039
1.737552
1.631877
1.714206
1.692786
1.656361
1.667438
1.640252
1.788137
1.700324
1.642644
1.692806
1.833464
1.853313
1.713361
1.680418
1.593539
1.642191
1.729691
1.693544
1.582755
1.663074
1.644951
1.595954
1.689557
1.592723
1.592506
1.588331
1.821061
1.754239
1.578564
1.629920
1.661175
1.615639
1.649677
1.577046
1.627836
1.615220
1.630689
1.630222
1.573894
1.646303
1.618193
1.696965
1.673640
1.614555
1.590946
1.581969
1.761882
1.641511
1.586474
1.669388
1.590997
1.657565
1.609766
1.645301
1.639580
1.606105
1.658302
1.645810
1.643468
1.646997
1.621188
1.680560
1.604721
1.634087
1.614798
1.591633
1.588784
1.673772
1.630323
1.584555
1.654049
1.665312
1.587288
1.671679
1.584049
1.604909
1.619276
1.677776
1.657513
1.617628
1.635698
1.683544
1.585223
1.674542
1.577920
1.609012
1.619411
1.692852
1.650052
1.590785
1.724543
1.631171
1.592377
1.635887
1.611462
1.585043
1.580288
1.599933
1.658983
1.570714
1.670358
1.591952
1.646632
1.598443
1.665779
1.603310
1.591355
1.605121
1.639375
1.633074
1.681576
1.685868
1.643784
1.612922
1.650830
1.617906
1.598529
1.894723
1.639501
1.630262
1.614308
1.743721
1.659804
1.608578
1.650027
1.612927
1.578265
1.598817
1.662897
1.630477
1.578362
1.630180
1.639748
1.592804
1.655620
1.581015
1.580263
1.592583
1.659935
1.759525
1.590324
1.656247
1.653630
1.592164
1.666477
1.605843
1.618176
1.597652
1.614088
1.818533
1.588258
1.649185
1.599424
1.697778
1.680686
1.599566
1.631957
1.610999
1.596809
1.685971
1.601336
1.672540
1.602750
1.670294
1.603230
1.645486
1.615327
1.600302
1.666298
1.703852
1.651449
1.706203
1.584984
1.638874
1.605792
1.659184
1.778726
1.593610
1.648032
1.642189
1.641378
1.685292
1.567494
1.655169
1.597369
1.667289
1.935499
1.592400
1.633716
1.635724
1.664141
1.660128
1.595796
1.634541
1.589487
1.692962
1.603102
1.610878
1.591480
1.668493
1.649728
1.571110
1.656765
1.622044
1.574651
1.668016
1.587335
1.607141
1.597569
1.657047
1.633200
1.576546
1.634683
1.636589
1.589486
1.631019
1.582067
1.596304
1.605038
1.580666
1.653207
1.560400
1.651172
1.585288
1.626270
1.591069
1.641890
1.594294
1.597640
1.591065
1.647193
1.643441
1.589674
1.664912
1.638807
1.603597
1.644980
1.613202
1.597838
1.599917
1.671759
1.620698
1.577498
1.634937
1.642862
1.584341
1.645162
1.593441
1.622340
1.583729
1.646839
1.669648
1.593854
1.651048
1.623025
1.636955
1.626017
1.741271
1.592993
1.627990
1.605160
1.715329
1.687041
1.644980
1.632231
1.706077
1.596162
1.694510
1.590434
1.614145
1.615536
1.710109
1.581481
1.659265
1.600543
1.640488
1.902834
1.651561
1.587417
1.592723
1.639911
1.659318
1.666211
1.671761
1.611090
1.659590
1.617843
1.657176
1.617215
1.610809
1.580794
1.651390
1.651981
1.716775
1.721898
1.646561
1.594608
1.659423
1.611021
1.605070
1.623269
1.688277
1.650157
1.646551
1.683721
1.637445
1.616200
1.689321
1.579376
1.598726
1.605268
1.652427
1.651849
1.636348
1.693066
1.656087
1.575608
1.647040
1.816597
1.608125
1.601190
1.668797
1.662902
1.572996
1.660361
1.656602
1.582084
1.646028
1.593299
1.586774
1.613129
1.759739
1.658678
1.587191
1.687964
1.704127
1.589632
1.676167
1.591622
1.614124
1.613097
1.631548
1.618017
1.696035
1.674543
1.609156
1.677035
1.597745
1.664380
1.605508
1.643728
1.683695
1.616473
1.652775
1.669033
1.721533
1.651666
1.601273
1.670625
1.594472
1.609299
2.156611
1.691775
1.616221
1.644064
1.636410
1.665152
1.721688
1.596749
1.605033
1.585225
1.667913
1.796065
1.598714
1.674068
1.654507
1.637674
1.595375
1.668826
1.596567
1.649126
1.700056
1.750974
1.581166
1.677140
1.636710
1.671378
1.636618
1.657165
1.594382
1.629650
1.790724
1.664002
1.592434
1.676307
1.599255
1.645983
1.645689
1.633201
1.643002
1.591683
1.663411
1.652723
1.654641
1.690201
1.619305
1.630627
1.597467
1.647022
1.596620
1.628484
1.596105
1.629835
1.755924
1.893970
1.673867
1.732223
1.606177
1.643025
1.591696
1.610069
1.658214
1.674951
1.691364
1.645090
1.786910
1.760683
1.580896
1.677243
1.619887
1.581125
1.690028
1.676021
1.694786
1.702852
1.601805
1.651622
1.607461
1.849937
1.609733
1.629474
1.662897
1.661534
1.679216
1.686474
1.603007
1.635575
1.597806
1.652430
1.625266
1.613695
1.598461
1.637697
1.639773
1.582404
1.676620
1.653005
1.604314
1.660210
1.602737
1.601706
1.626532
1.683776
1.646175
1.590597
1.678389
1.657616
1.608848
1.663573
1.625483
1.600334
1.588493
1.662408
1.647386
1.602067
1.657554
1.705471
1.627100
1.658489
1.611488
1.630380
1.591971
1.714369
1.671772
1.601946
1.665430
1.624248
1.657246
1.603243
1.684216
1.605066
1.623354
1.661613
1.596080
1.652194
1.653578
1.602898
1.663482
1.719109
1.677933
1.592629
1.610135
1.665761
1.706230
1.653671
1.645173
1.588402
1.656308
1.608899
1.670849
1.670461
1.614010
1.735348
1.715632
1.662297
1.635977
1.608723
1.661581
1.609074
1.653220
1.628268
1.614045
1.797513
1.720700
1.657018
1.683301
1.614124
1.657379
1.612005
1.663454
1.604880
1.615036
1.603010
1.639968
1.591647
1.604174
1.660596
1.655822
1.711563
1.682625
1.622510
1.620040
1.610828
1.651872
1.598123
1.614520
1.663479
1.673569
1.637789
1.648039
1.607020
1.606761
1.616456
1.642010
1.669987
1.816697
1.645722
1.677524
1.785509
1.679574
1.617247
1.657281
1.617979
1.650896
1.594716
1.596742
1.666843
1.656929
1.747766
1.649067
1.607549
1.598491
1.596712
1.715415
1.589778
1.582359
1.653065
1.634352
1.743670
1.639876
1.593423
1.588626
1.626218
1.679539
1.620556
1.629296
1.652936
1.751136
1.790297
1.725217
1.598443
1.617530
1.601615
1.682856
1.608227
1.601606
1.666790
1.732700
1.691095
1.719645
1.601028
1.607965
1.602708
1.691196
1.589129
1.620062
1.667939
1.617582
1.713895
1.612009
1.658422
1.602642
1.610311
1.668700
1.610903
1.679465
1.619021
1.620313
1.692277
1.607049
1.670773
1.858849
1.603885
1.631486
1.600010
1.683904
1.631324
1.631237
1.661665
1.613898
1.683626
1.606370
1.600816
1.633675
1.771794
1.666994
1.601756
1.597757
1.735520
1.647231
1.674837
1.602797
1.608726
1.634841
1.649631
1.663797
1.619500
1.618799
2.420026
1.590878
1.653480
1.615534
1.627203
1.626436
1.707516
1.642820
1.630505
1.611884
1.654130
1.635424
1.667709
1.631630
1.610057
1.637889
1.646272
1.706910
1.607581
1.610290
1.660540
1.612790
1.685954
1.595336
1.598582
1.631265
1.673466
1.659769
1.602135
1.622952
1.666023
1.615967
1.665406
1.604746
1.600911
1.616226
1.665500
1.675653
1.594786
1.614462
1.664854
1.614059
1.657508
1.599369
1.622607
1.600817
1.620245
1.669862
1.800305
1.604948
1.678961
1.600906
1.657387
1.604908
1.626654
1.607998
1.671662
1.677600
1.648647
1.605781
1.595231
1.954529
1.654080
1.582199
1.607474
2.161539
1.643574
1.646638
1.650105
1.599205
1.654442
1.627744
1.679613
1.607654
1.611934
1.589617
1.693424
1.705892
1.828687
1.598737
1.692654
1.602368
1.652482
1.620008
1.601930
1.609078
1.691483
1.641353
1.642708
1.611009
1.610871
1.707630
1.739172
1.606452
1.606224
1.610152
1.698398
1.767892
1.685757
1.599581
1.609489
1.731946
1.709156
1.603473
1.609708
1.602336
1.742453
1.689136
1.733348
1.605490
1.721211
1.690504
1.650235
1.608815
1.607765
1.623255
1.675655
1.750457
1.635947
1.633630
1.628731
1.656338
1.786504
1.602717
1.612351
1.628479
1.621826
1.660229
1.656886
1.639991
1.601743
1.663104
1.607847
2.065819
1.607798
1.606119
1.672724
1.673513
1.637882
1.621884
1.653815
1.633930
1.780485
1.632100
1.614037
1.612675
1.674976
1.672236
1.643993
1.611903
1.678581
1.636831
1.611669
1.916632
1.605601
1.612215
1.750710
1.591158
1.668283
1.604008
1.630767
1.654140
1.600012
1.644318
1.620884
1.606025
1.696279
1.665115
1.633456
1.620528
1.634198
1.651301
1.633431
1.668462
1.612997
1.601060
1.635359
1.659009
1.645847
1.619111
1.616532
1.657715
1.614966
1.669581
1.600938
1.614472
1.605164
1.661243
1.659055
1.626415
1.615673
1.666108
1.601463
1.652162
1.622006
1.602671
1.606934
1.646156
1.609826
1.645616
1.650881
1.658608
1.605207
1.671985
1.626154
1.609064
1.612177
1.674156
1.648624
1.758176
1.603685
1.660211
1.612641
1.657323
1.603666
1.610249
1.607703
1.689182
1.670062
1.674932
1.603801
1.621995
1.654340
1.621133
1.656275
1.596571
2.269090
1.690706
1.743744
1.651447
1.611058
1.654114
1.619064
2.640440
1.613039
1.598838
1.619306
1.688059
1.656315
1.596717
1.604697
1.662024
1.604736
1.670792
1.631032
1.607952
1.636782
1.661652
1.684204
1.601890
1.601514
1.659078
1.623284
1.679526
1.610883
1.643853
1.608387
1.699217
1.682357
1.604473
1.609726
1.662239
1.626051
1.658832
1.611722
1.604578
1.611345
1.674346
1.653331
1.741587
1.600209
1.646397
1.603129
1.683222
1.605753
1.626543
1.605835
1.730715
1.650717
1.645508
1.604730
1.655740
1.630803
1.676747
1.612247
1.652970
1.595228
1.667582
1.646703
1.673985
1.606641
1.630919
1.655950
1.627165
1.817994
1.604753
1.610138
1.674848
1.646597
1.810787
1.602204
1.632011
1.656238
1.821032
1.605591
1.625346
1.599932
1.618934
1.672118
1.640814
1.599788
1.608486
1.656905
1.621565
1.653473
1.632512
1.607133
1.590776
1.636934
1.727411
1.607610
1.618064
1.661550
1.606041
1.662572
1.597352
1.616249
1.614246
1.663737
1.662332
1.597529
1.631473
1.647718
2.121171
1.647839
1.608880
1.603012
1.625171
1.672735
1.657490
1.637081
1.599958
1.966389
1.610739
1.672015
1.618056
1.601926
1.615308
1.687341
1.668539
1.593584
1.605424
1.662338
1.612045
1.691941
1.638970
1.608988
1.639853
1.658319
1.654965
1.618175
1.608986
1.654175
1.618133
1.656401
1.610050
1.617153
1.606145
1.689252
1.728921
1.599123
1.655043
1.660216
1.633500
1.652228
1.613889
1.601547
1.628627
1.678917
1.651045
1.637779
1.636573
1.657113
1.624228
1.670996
1.634286
1.607171
1.638897
1.609134
1.655022
1.643110
1.597690
1.611180
1.664464
1.609743
1.810070
1.633607
1.606866
1.608069
1.665642
1.633621
1.631591
1.622969
1.734745
1.589807
1.714160
1.605223
1.715459
1.680964
1.668354
1.634822
2.651266
1.657204
1.602834
1.656314
1.610234
1.606224
1.611162
1.639901
1.652196
1.653872
1.595607
1.676787
1.604550
1.676011
1.619868
1.760763
1.603670
1.674881
1.682837
1.596474
1.594461
1.654935
1.606851
1.665704
1.603809
1.596979
1.606028
1.818158
1.641307
1.648929
1.622601
1.655507
1.631465
1.667679
1.624931
1.608992
1.627549
1.696849
1.657296
1.648956
1.601656
1.614399
1.657481
1.610753
1.714119
1.599334
1.603033
1.621467
1.666466
1.631317
1.625637
1.610203
1.665622
1.618013
1.686003
1.605774
1.633717
1.660447
2.120825
1.761307
1.602002
1.602132
1.683070
1.608724
1.671304
1.611592
1.625783
1.682913
1.675685
1.633571
1.608672
1.618603
1.667504
1.609207
1.666910
1.608891
1.602945
1.630825
1.607433
1.658180
1.641667
1.610613
1.661114
1.612815
1.705299
1.622804
1.606718
1.625396
1.692343
1.680483
1.608102
1.608349
1.659193
1.605732
1.658427
1.615920
1.612825
1.634447
2.724131
1.651512
1.619959
1.616689
1.638635
1.628068
1.654920
1.601289
1.617252
1.641996
1.643795
1.642817
1.606853
1.602579
1.660557
1.605467
1.667696
1.607954
1.670478
1.607078
1.681982
1.671334
1.594536
1.612448
1.655810
1.609732
1.680735
1.869627
1.592278
1.602709
1.661462
1.652249
1.678368
1.590328
1.642950
1.608908
1.657354
1.794312
1.635609
1.618454
1.667651
1.670872
1.593273
1.601440
1.681690
1.609407
1.657930
1.591621
1.625269
1.607579
1.650247
1.685581
1.678090
1.602497
2.048872
1.606706
1.676528
1.606991
1.632336
1.613155
1.708494
1.659128
2.506966
1.615691
1.658341
1.609866
1.650314
1.605714
1.603915
1.645913
1.671431
1.683696
1.587081
1.681071
1.674698
1.603180
1.678631
1.607442
1.620867
1.611378
1.655655
1.643220
1.608615
1.622940
1.695341
1.618083
1.682666
1.610585
1.613713
1.615267
1.641711
1.649898
1.599629
1.617507
1.685568
1.612465
1.654986
1.605363
1.624851
1.603956
1.736269
1.860040
1.600674
1.641314
1.660456
1.616523
1.666634
1.601671
1.607107
1.626572
1.672412
1.682211
1.600820
1.603641
1.669333
1.622006
1.685554
1.597334
1.630612
1.604536
1.645282
1.795586
1.857514
1.627903
1.711950
2.876463
1.604607
1.608934
1.605951
1.620096
1.658966
1.640730
1.609893
1.624849
1.649153
1.647184
1.670310
1.610711
1.617069
1.643882
1.843401
1.660757
1.612817
1.626225
1.666659
2.047216
1.605912
1.614163
1.604938
1.737926
1.650461
1.639887
1.598723
1.614900
1.659704
1.604638
1.661683
1.603446
1.605321
1.612064
1.680108
1.653404
1.606047
1.609700
1.662122
1.618916
1.958476
1.605667
1.643805
1.594313
1.644362
1.649081
1.602974
1.600598
1.663047
1.606474
1.654693
1.610899
1.633425
1.605685
1.819610
1.726822
1.610624
1.618129
1.645331
1.615510
1.691001
1.600627
1.614411
1.647728
1.746848
1.658896
1.603824
1.634309
2.110708
1.607691
1.651464
2.767515
1.599724
1.695453
1.665573
1.610650
1.592967
1.658662
1.608856
1.660415
1.614710
1.622636
1.643849
1.674022
2.136004
1.609958
1.607721
1.911450
1.636257
1.676947
1.604813
1.604312
1.634530
2.302504
2.958391
1.625028
1.656012
1.612165
1.793965
1.624526
1.594538
1.604014
1.653380
1.647819
1.624400
1.636033
1.689271
1.598072
1.685470
1.589935
1.631205
1.606665
1.661638
1.646388
1.647526
1.615456
1.704604
1.597755
1.660493
1.605908
1.605679
1.614348
1.692699
1.647501
1.734368
1.614128
1.674041
1.602571
1.680850
1.623089
1.623035
1.588756
1.682151
1.641766
1.759674
2.153035
1.659939
1.695215
1.645122
2.702448
1.600668
1.630608
1.771218
1.757527
1.611957
1.656131
1.605751
1.670117
1.606515
1.607161
1.606316
1.741488
1.592334
1.792098
1.598694
1.708606
1.619639
1.654979
1.604521
1.608979
1.626713
1.620885
1.718964
1.753156
1.604214
1.612841
1.654174
1.603456
1.832655
1.604892
1.607268
1.715841
1.698946
1.639581
1.622981
1.613714
1.655105
1.608709
1.651460
1.609760
1.615284
1.618472
1.659974
1.671767
1.592108
1.613294
1.663210
1.635714
1.633306
1.604247
1.632906
1.772794
1.671818
1.661514
1.824958
1.615967
1.656366
1.634703
1.675743
1.601841
1.733084
1.621510
1.674989
1.663277
2.007565
1.626110
1.657228
1.651696
1.820319
1.682404
1.619525
1.632575
1.634905
1.644615
1.638702
1.709060
1.661887
1.605421
1.804818
1.619187
1.618912
1.606944
1.816775
1.834672
2.089627
1.651220
1.607807
1.662662
1.600339
1.610161
1.639724
1.667323
1.798188
1.619912
1.594377
1.639001
1.619754
1.684933
1.603318
1.611956
1.765637
1.694559
1.653024
1.645361
1.594264
1.659653
1.619026
1.660899
1.611374
1.601746
1.625428
1.692369
1.645428
1.679882
1.601693
1.608796
1.708056
1.690806
1.609140
1.600907
1.616216
1.677651
2.818512
1.585595
1.605318
1.674526
1.625774
1.673513
1.628831
1.608564
1.630288
1.690442
1.642240
1.662470
1.652511
1.712101
1.609711
1.669743
1.609628
1.601517
1.630962
1.634739
1.648763
1.647981
1.613079
1.659418
1.611440
1.656328
1.611983
1.616066
1.623325
1.686363
1.655991
1.654681
1.607890
1.661691
1.598298
1.898825
1.611129
1.602769
1.617018
1.665648
1.644247
1.647912
1.617425
1.656307
1.608164
1.659569
1.627848
1.604123
1.628660
1.672640
1.865867
1.747379
1.602369
1.655825
1.620007
1.654384
1.610873
1.625595
1.605175
1.669559
1.639235
1.655382
1.607818
1.616637
1.655165
1.605627
1.822628
1.624171
1.605017
1.609082
1.672989
1.633170
1.608938
1.638397
2.035001
1.663381
1.606743
1.596790
1.610198
1.608061
1.688094
1.745981
1.601360
2.227111
1.621640
1.651106
1.625092
1.605542
1.974397
1.679861
1.652845
1.727487
1.606009
1.812526
1.612461
1.660042
1.606656
1.605782
1.608063
1.667649
1.660161
1.615946
1.626409
1.747299
1.608159
1.673705
1.654703
1.608203
1.609212
1.701422
1.651351
1.627197
1.598256
1.660405
1.602640
1.658379
1.613108
1.606018
1.605972
1.661542
1.714710
1.615152
1.609145
1.627538
2.850778
1.947379
1.640573
1.625631
1.784355
1.770275
1.632379
1.793096
1.713543
1.654769
1.881359
1.608782
1.592788
1.599848
2.148699
1.645757
1.594683
1.649193
1.772017
1.609592
1.686234
1.601389
1.614186
1.720729
1.671905
1.650932
1.616897
1.604732
1.654479
1.632329
1.662647
1.604057
1.627411
1.620124
1.640011
1.642673
1.657015
1.625545
1.662924
1.637691
1.661770
1.599495
1.618252
1.591663
1.721904
1.658341
1.666765
1.620290
1.612544
1.653809
1.647599
1.981163
1.825128
1.633826
1.717776
1.843885
2.043974
1.601479
1.654197
1.602674
1.658706
1.858557
1.671023
1.631809
1.688241
1.644846
1.632843
1.655463
1.768028
1.611449
1.668114
1.596815
1.604945
1.649195
1.705749
1.658073
1.586596
1.622281
1.647457
1.598517
1.788007
1.602891
1.616728
1.619477
1.675848
1.650763
1.603245
1.622095
1.669919
1.783968
1.689315
1.597562
1.595108
1.948925
1.716746
1.750676
1.647455
1.638471
1.666738
1.620260
1.698480
1.646623
1.601036
1.662789
1.689793
1.660654
1.741771
1.600568
1.675336
1.596529
1.682069
1.596692
1.610163
1.597896
1.754763
1.765671
1.600872
1.668365
1.662608
1.611147
1.650895
1.588631
1.587603
1.595841
1.661601
1.645955
1.644134
1.633541
1.673515
2.425148
1.638085
1.597872
1.614588
1.615439
1.654202
1.654105
1.644799
1.611218
1.661574
1.616303
1.684780
1.608632
1.603949
1.613063
1.655344
1.656305
1.790318
1.602157
1.655229
1.618038
1.655480
1.606879
1.620485
1.653352
1.766591
1.865676
1.601308
1.627997
1.884690
1.603484
1.654502
1.618804
1.601659
2.434622
1.608934
1.662578
1.641627
1.602655
1.688228
1.609570
1.665777
1.645226
1.618749
1.613000
1.637068
1.685817
1.596757
1.608528
1.688580
1.597569
1.667730
1.606797
1.604824
1.606498
1.656369
1.662205
1.652519
1.614451
1.660127
1.605499
2.010949
1.622488
2.507869
1.617321
1.671038
1.650530
1.600769
1.675493
1.617856
1.664477
1.611544
1.606125
1.601775
1.683246
1.669891
1.635334
1.634122
1.623632
1.723716
1.709618
1.609615
1.723856
1.602070
1.803863
2.595072
1.616463
1.604403
1.658569
1.616085
1.671775
1.598943
2.026730
1.613029
1.649135
1.656118
1.643742
1.606327
1.686110
1.623121
1.661629
1.615291
1.599683
1.591701
1.673157
1.659090
1.634388
1.613393
1.654563
1.599406
1.812731
1.626895
1.608233
1.617225
1.666501
1.635358
1.602638
1.617924
1.658792
1.611886
1.655292
1.601669
1.610298
1.603818
1.630118
1.659669
1.638417
1.602004
1.678131
1.791389
1.657983
1.600978
1.606573
1.605904
1.683133
1.647416
1.587371
1.606321
1.683249
1.646838
1.668420
1.626309
1.596656
1.601674
1.697265
1.756798
1.666277
1.599857
1.605530
1.667686
1.606656
1.824775
1.615092
1.599391
1.638828
1.761930
1.773667
2.370825
1.669315
1.604624
1.666639
1.601668
1.604007
1.611158
1.649277
2.780374
1.596765
1.614226
1.660328
1.608041
1.816147
1.629066
2.534941
1.728968
1.685976
1.621271
1.616640
1.677123
1.610271
1.666236
1.600644
1.604119
1.605007
1.643876
1.698881
1.644147
1.586536
1.675715
1.673372
1.646087
1.583942
1.616984
1.624056
1.635559
1.665331
1.645934
1.600880
1.686695
1.643665
1.644225
1.610684
1.609928
1.619391
2.110662
1.655051
1.592546
1.613656
1.678887
1.631179
1.646294
1.636265
1.607959
1.601667
1.639268
1.793056
1.637224
1.630844
1.654894
1.619034
1.661136
1.605719
1.615315
1.601866
1.786319
1.767833
1.647338
1.627138
1.664431
1.627100
1.657728
1.674363
1.599310
1.832233
1.740547
1.647402
2.332824
1.601050
1.655643
1.620005
1.668786
1.601642
1.949643
2.340229
1.804499
1.702741
1.608397
1.664393
1.619132
1.662521
1.612435
1.609863
1.598922
1.686689
1.754053
1.682375
1.610622
1.655252
1.635570
1.659462
1.601896
1.626267
1.633700
1.647891
1.841811
1.785602
1.595650
1.751145
1.649913
1.637065
1.599999
1.617447
1.646650
1.638506
1.659152
1.637714
1.595481
1.782659
1.628634
1.661108
1.614715
1.606567
1.594645
1.664615
1.761724
1.669716
1.633298
1.607777
1.645386
1.803696
1.606422
1.621309
1.605906
1.626643
1.667122
1.651121
1.601248
1.609343
1.669206
1.636570
1.641962
1.631780
1.599876
1.601336
1.636667
1.644102
1.640761
1.617281
1.779854
1.608396
1.665398
1.871011
1.601701
2.288932
1.650947
1.632746
1.598590
1.831537
1.607226
1.881529
1.604143
1.610938
1.607799
1.680189
1.648477
1.641799
1.605332
2.617180
1.614653
1.673607
1.621676
1.622509
1.630732
2.092335
1.644603
1.648001
1.646471
1.652945
2.155962
1.602676
1.614188
1.636654
1.740215
1.829648
1.663394
1.608254
1.660297
1.610880
1.663739
1.600511
1.610024
1.674726
1.625385
1.689325
1.598622
1.629115
1.651754
1.769666
1.918774
1.607669
1.610720
1.599663
1.624503
1.639926
1.748374
1.665972
1.677218
1.665057
1.667662
1.627865
1.594678
1.617406
1.689052
1.593353
1.605145
1.658051
1.708750
1.666264
1.670242
1.608644
1.631948
1.600889
1.624208
1.750893
1.611818
1.658933
1.734806
1.769016
1.655541
1.636218
1.604183
1.600917
1.638958
1.670257
2.644829
1.722734
1.686065
1.649874
1.674959
1.600411
1.618062
1.606847
1.642626
1.654611
1.608048
1.673522
1.660633
1.636885
1.675875
1.620532
1.606742
1.606694
1.677676
1.609441
2.048110
1.738057
1.660405
1.875532
1.685883
1.605751
1.607941
1.700357
1.621363
1.612123
1.661248
1.624714
1.668751
1.598481
1.700636
1.614648
1.637766
1.611282
1.660302
1.594631
1.600928
1.651917
1.679201
1.646823
1.654129
1.652840
1.602578
1.626185
1.693802
1.608097
1.599771
1.666044
1.663985
1.653070
1.679410
1.601834
2.575103
1.706267
1.596221
1.611129
1.676597
1.608461
1.685032
1.598261
1.655473
1.615004
1.606010
1.725003
1.696043
1.661542
1.614850
1.624200
2.146761
1.609915
1.656373
1.627258
1.616319
1.682199
1.671390
1.652816
1.593902
1.636350
1.667364
1.612746
1.642000
1.605578
1.620982
1.628130
1.680019
1.650532
1.648522
1.960864
1.678482
1.639523
1.645584
1.609950
1.610208
1.614201
1.664439
1.667690
1.624610
1.598686
1.936057
1.608799
1.674960
1.605923
1.632645
1.611796
1.655972
1.661157
1.618780
1.613311
1.661460
1.605931
1.644972
1.604684
1.626572
1.609239
1.666618
1.672538
1.602627
1.615758
1.661069
1.604520
1.663757
1.603476
1.600774
1.626659
1.654032
1.653165
1.619099
1.626106
1.662264
1.615919
1.659316
1.597344
1.616090
1.623453
1.695514
1.676148
1.594648
1.611480
1.699399
1.626508
1.645476
1.634029
1.954928
1.604838
1.613405
1.657904
1.750974
1.647312
1.658093
1.724557
1.666696
1.618750
1.631449
1.609939
1.649850
1.661837
1.647931
1.622334
1.854344
1.611356
1.678047
1.684076
1.669491
1.597653
1.686780
1.675655
1.766008
1.627870
1.672020
1.611029
1.657497
1.632601
1.598806
2.636594
1.668692
1.669140
1.609082
1.604750
1.658345
1.609768
1.652072
1.821915
1.613237
1.601846
1.642934
1.682804
1.616112
1.604398
1.665923
1.605689
1.674657
1.610938
1.605835
1.628378
1.671525
1.672895
1.666280
1.611494
1.642001
1.592580
1.649203
1.597410
1.593741
1.594492
1.779604
1.660657
1.613054
1.693762
1.688809
1.616517
1.692932
1.609832
1.614432
1.602929
1.700346
1.656994
1.687328
1.616673
1.673139
1.604827
1.658596
1.614742
1.609263
1.631361
1.649124
1.728846
1.645594
1.662752
1.696253
1.603764
1.663500
1.602821
1.605041
1.611248
1.655292
1.660274
1.692844
1.589709
1.687575
1.787940
1.677107
1.606683
1.617874
1.593418
1.711641
1.667891
1.656841
1.600501
1.716260
1.697099
1.777502
1.606742
1.603371
1.724801
1.623069
1.649656
1.638826
1.604958
1.722562
1.760822
1.702423
1.675028
1.631510
1.600896
1.671995
1.648430
1.658873
1.616213
1.670156
1.787225
1.676653
1.598742
1.618854
1.871247
1.694080
1.676739
1.755688
1.626705
