timestamp,x,y,z
1609059060.109753847,-0.001343203,-0.000690969,-0.000003408
1609059060.163541794,-0.001387186,-0.000445199,-0.000002134
1609059060.208969831,-0.001163310,-0.000485680,-0.000102444
1609059060.260316849,-0.001093980,-0.000626658,-0.000185926
1609059060.309920788,-0.001239515,-0.000658601,-0.000070424
1609059060.361595869,-0.001302110,-0.000588701,-0.000107622
1609059060.412225008,-0.001312133,-0.000682092,-0.000244623
1609059060.460730791,-0.001200714,-0.000591825,-0.000228436
1609059060.511833906,-0.001357767,-0.000626727,-0.000104476
1609059060.561336994,-0.001307351,-0.000560949,-0.000057519
1609059060.609369993,-0.001294703,-0.000577354,-0.000098046
1609059060.661103964,-0.001320093,-0.000555171,-0.000253603
1609059060.710654974,-0.001338510,-0.000526961,-0.000187719
1609059060.761712790,-0.001213037,-0.000645776,0.000139537
1609059060.810151815,-0.001102832,-0.000550996,-0.000055540
1609059060.859998941,-0.001334659,-0.000513601,-0.000170880
1609059060.911767006,-0.001564437,-0.000683075,0.000042084
1609059060.960688829,-0.001443300,-0.000601443,0.000033440
1609059061.008704901,-0.001329417,-0.000507356,-0.000166944
1609059061.060191870,-0.001433498,-0.000687840,-0.000115095
1609059061.110757828,-0.001320507,-0.000602330,-0.000108266
1609059061.162472963,-0.001305771,-0.000572281,-0.000077337
1609059061.212311983,-0.001091859,-0.000606239,-0.000155892
1609059061.260828018,-0.001246866,-0.000643323,-0.000037739
1609059061.309517860,-0.001289827,-0.000592082,0.000092798
1609059061.363395929,-0.001450189,-0.000660672,-0.000052840
1609059061.410379887,-0.001485665,-0.000611468,-0.000153919
1609059061.459667921,-0.001433389,-0.000678923,-0.000101046
1609059061.510033846,-0.001355369,-0.000738031,-0.000064318
1609059061.559636831,-0.001321799,-0.000531497,0.000005805
1609059061.610246897,-0.001296128,-0.000578335,-0.000097978
1609059061.664760828,-0.001197429,-0.000406653,0.000062161
1609059061.709381819,-0.001234039,-0.000636183,-0.000041046
1609059061.760783911,-0.001346269,-0.000508316,0.000070613
1609059061.810316801,-0.001323775,-0.000555078,-0.000029421
1609059061.859827995,-0.001299515,-0.000567835,-0.000077418
1609059061.911971807,-0.001400068,-0.000663410,-0.000114457
1609059061.960199833,-0.001287594,-0.000578955,-0.000108713
1609059062.011066914,-0.001210230,-0.000693146,-0.000158796
1609059062.059465885,-0.001359485,-0.000738087,-0.000059705
1609059062.109427929,-0.001060541,-0.000607644,-0.000193907
1609059062.162277937,-0.001318011,-0.000492892,-0.000156983
1609059062.211674929,-0.001208788,-0.000512782,-0.000093564
1609059062.259235859,-0.001220172,-0.000488177,-0.000041447
1609059062.310269833,-0.001160311,-0.000456509,-0.000059500
1609059062.359449863,-0.001247625,-0.000487087,-0.000008347
1609059062.412459850,-0.001058958,-0.000608094,-0.000196431
1609059062.459810019,-0.001370419,-0.000479208,-0.000075353
1609059062.510324001,-0.001146233,-0.000490950,0.000089496
1609059062.561608791,-0.001354472,-0.000505433,0.000084568
1609059062.611191988,-0.001092124,-0.000324482,-0.000147362
1609059062.659429789,-0.000938979,-0.000467285,-0.000109680
1609059062.711290836,-0.000822131,-0.000201802,-0.000040993
1609059062.759840012,-0.000471430,-0.000201445,-0.000001449
1609059062.808787823,-0.000746989,-0.000166117,-0.000070116
1609059062.862607002,-0.000492086,-0.000257465,-0.000066899
1609059062.909631014,-0.000668305,-0.000232854,-0.000046273
1609059062.961690903,-0.000954081,-0.000129159,0.000225240
1609059063.011700869,-0.000746552,-0.000192669,0.000107003
1609059063.060078859,-0.001027548,-0.000430630,0.000049779
1609059063.111757994,-0.000806753,-0.000290000,0.000021064
1609059063.166827917,-0.001253921,-0.000645102,-0.000032507
1609059063.208820820,-0.000718018,-0.000671802,-0.000027754
1609059063.259768963,-0.001197717,-0.000188280,0.000189792
1609059063.309747934,-0.001814962,-0.000632256,0.000189280
1609059063.361337900,-0.000880083,-0.000411892,-0.000088916
1609059063.411952972,-0.001795197,-0.000293588,0.000265390
1609059063.458989859,-0.002764088,-0.000963673,0.000527116
1609059063.511727810,-0.000726785,-0.000583534,-0.000317076
1609059063.561069012,0.000135509,0.000245214,-0.000204664
1609059063.609712839,-0.002126904,-0.000331825,0.000363783
1609059063.661176920,-0.001863846,-0.000753235,0.000052826
1609059063.710335016,-0.000710985,-0.000561188,-0.000079783
1609059063.761062860,-0.001709385,-0.000596047,0.000126209
1609059063.810329914,-0.002458681,-0.001014263,0.000097727
1609059063.858721018,-0.001914272,-0.000927710,0.000052926
1609059063.912254810,-0.001882391,-0.000674736,-0.000021033
1609059063.962037802,-0.002707605,-0.001001007,0.000403227
1609059064.013911963,-0.002360832,-0.000929032,0.000121405
1609059064.062143803,-0.002137707,-0.000943278,0.000063645
1609059064.109524012,-0.002609546,-0.001063334,0.000192105
1609059064.163374901,-0.002631389,-0.001064821,0.000214701
1609059064.211239815,-0.002828923,-0.001042259,0.000256444
1609059064.259747982,-0.004060439,-0.001601443,0.000554982
1609059064.311684847,-0.005301919,-0.002200849,0.000581242
1609059064.363276005,-0.006528939,-0.002708724,0.000736576
1609059064.409564972,-0.009415982,-0.003756444,0.000832141
1609059064.460124969,-0.010419203,-0.004354951,0.000807767
1609059064.510910988,-0.011243293,-0.004648911,0.000842900
1609059064.560647964,-0.012023298,-0.004977330,0.000992754
1609059064.611007929,-0.012378349,-0.005289680,0.000902209
1609059064.662106991,-0.012714610,-0.005427080,0.000848407
1609059064.716769934,-0.012864030,-0.005778293,0.001120572
1609059064.768049002,-0.012294643,-0.005592351,0.001204845
1609059064.815340996,-0.013213384,-0.006172628,0.001332942
1609059064.867985010,-0.012949217,-0.005888835,0.001262122
1609059064.916385889,-0.012753103,-0.005814579,0.001375783
1609059064.968033791,-0.012930297,-0.006306346,0.001676165
1609059065.010255814,-0.012663058,-0.006495342,0.001509941
1609059065.061043978,-0.012408682,-0.006818893,0.001804121
1609059065.109262943,-0.012002853,-0.007072960,0.002475296
1609059065.162959814,-0.011409204,-0.007215769,0.004427794
1609059065.211468935,-0.010800393,-0.007840877,0.012193861
1609059065.261024952,-0.009601088,-0.008762959,0.018814221
1609059065.311282873,-0.006306548,-0.012131298,0.023766534
1609059065.360677004,-0.006099241,-0.011204880,0.040192367
1609059065.412217855,-0.004552294,-0.012756500,0.053128453
1609059065.460886955,-0.001068524,-0.015994793,0.082107041
1609059065.510054827,0.000772204,-0.017939498,0.098734367
1609059065.560786963,0.002632803,-0.019551228,0.116545045
1609059065.611212015,0.003997045,-0.021381316,0.136359375
1609059065.661967993,0.005203748,-0.023100806,0.157212852
1609059065.711843014,0.007007095,-0.027872102,0.198647944
1609059065.762305021,0.007209634,-0.029861766,0.220283196
1609059065.809561968,0.007141470,-0.032119971,0.243152962
1609059065.860965967,0.006678613,-0.034447102,0.267726895
1609059065.910871983,0.005978489,-0.036864861,0.291343680
1609059065.961218834,0.003182214,-0.041946735,0.339657006
1609059066.012298822,0.001151213,-0.044126263,0.365066847
1609059066.067317963,-0.001023408,-0.045903726,0.389985947
1609059066.116757870,-0.003596399,-0.048027367,0.413718764
1609059066.169602871,-0.008230836,-0.052122998,0.460688705
1609059066.215828896,-0.011230120,-0.054313322,0.484671149
1609059066.267691851,-0.014204283,-0.056466520,0.507813345
1609059066.314172983,-0.017759200,-0.058404655,0.529542232
1609059066.368593931,-0.020963439,-0.060741817,0.550903463
1609059066.417888880,-0.029417705,-0.065050525,0.593557699
1609059066.466151953,-0.033580631,-0.066639183,0.612835472
1609059066.515782833,-0.038041276,-0.069264636,0.633043944
1609059066.569561005,-0.042282245,-0.071615226,0.651879981
1609059066.618276834,-0.046132617,-0.073605765,0.671544179
1609059066.666852951,-0.055381080,-0.077493551,0.709757556
1609059066.714965820,-0.061273714,-0.079929354,0.728461557
1609059066.768891811,-0.065497599,-0.081464355,0.745540818
1609059066.815789938,-0.070533973,-0.083502199,0.764600377
1609059066.871042013,-0.079056725,-0.087432190,0.801615544
1609059066.917111874,-0.083887069,-0.090265723,0.820763096
1609059066.967726946,-0.088555941,-0.091820017,0.840037618
1609059067.016174793,-0.092832578,-0.094179958,0.860034232
1609059067.070432901,-0.097367077,-0.095618323,0.880070112
1609059067.117092848,-0.106662701,-0.098839470,0.924043363
1609059067.167836905,-0.110588885,-0.100430693,0.947295369
1609059067.216130018,-0.115457044,-0.101957368,0.970681201
1609059067.265440941,-0.118850656,-0.103289506,0.993086718
1609059067.316020966,-0.123050118,-0.103991634,1.016641397
1609059067.369941950,-0.130753809,-0.106356399,1.064146764
1609059067.417642832,-0.135515636,-0.107271104,1.087199509
1609059067.468091011,-0.137939041,-0.107268473,1.110582588
1609059067.516147852,-0.141173288,-0.107072461,1.137180614
1609059067.569914818,-0.149225137,-0.107599531,1.192752836
1609059067.617085934,-0.152665931,-0.107770074,1.221203518
1609059067.667716980,-0.155932456,-0.107868602,1.248670841
1609059067.715962887,-0.159449341,-0.107445200,1.277852507
1609059067.767742872,-0.162656155,-0.106878518,1.307409755
1609059067.818131924,-0.165640918,-0.106172724,1.336038392
1609059067.868093967,-0.168732188,-0.105431253,1.364907858
1609059067.916330814,-0.173886440,-0.104495415,1.417485702
1609059068.010885000,-0.179293319,-0.102493275,1.473094276
1609059068.120440960,-0.186274539,-0.098311479,1.561024045
1609059068.168757915,-0.187939566,-0.097153820,1.589654072
1609059068.215322971,-0.190344146,-0.095623238,1.620163258
1609059068.264997959,-0.193632612,-0.093605727,1.651275289
1609059068.316964865,-0.195180287,-0.091299756,1.679288901
1609059068.369728804,-0.197248165,-0.089512857,1.708059987
1609059068.416692972,-0.201666355,-0.085133544,1.766812688
1609059068.467240810,-0.203390975,-0.083061956,1.794829991
1609059068.510151863,-0.205617580,-0.080602454,1.821577522
1609059068.563138962,-0.207129928,-0.078025561,1.847652491
1609059068.613398790,-0.211030082,-0.071494619,1.902064704
1609059068.659636021,-0.212983143,-0.068134212,1.927571846
1609059068.710106850,-0.215089347,-0.064746750,1.954096592
1609059068.762185812,-0.216956707,-0.061428733,1.979985458
1609059068.810607910,-0.218934192,-0.057574514,2.006536145
1609059068.862106800,-0.223322905,-0.049256188,2.059974410
1609059068.911436796,-0.225486526,-0.045194835,2.085565713
1609059068.960552931,-0.227274324,-0.041311354,2.110136774
1609059069.012224913,-0.229179755,-0.036834076,2.136715738
1609059069.061743975,-0.231264257,-0.032054621,2.162404536
1609059069.109280825,-0.234695287,-0.022964155,2.213066397
1609059069.163124800,-0.236580046,-0.017809648,2.240293488
1609059069.210130930,-0.238144325,-0.012928564,2.266889666
1609059069.259758949,-0.239831944,-0.008752269,2.293644057
1609059069.327538967,-0.243805946,0.001411384,2.349441117
1609059069.376619816,-0.245241545,0.006647874,2.378956592
1609059069.421756983,-0.246034585,0.011505038,2.405964221
1609059069.471012831,-0.247279205,0.016975741,2.434516209
1609059069.515227795,-0.248679387,0.022142599,2.463770748
1609059069.567555904,-0.251571606,0.032903248,2.522618014
1609059069.616932869,-0.252409940,0.038023584,2.551194165
1609059069.666147947,-0.252468510,0.043805868,2.580255620
1609059069.716575861,-0.253737282,0.048709313,2.607858091
1609059069.768562794,-0.254975645,0.054953646,2.637487857
1609059069.817957878,-0.256269526,0.066784068,2.696093974
1609059069.869685888,-0.256701282,0.072725827,2.726258216
1609059069.916819811,-0.256557972,0.078399822,2.753906956
1609059069.967783928,-0.257303523,0.084685134,2.783744491
1609059070.014896870,-0.257612532,0.090926061,2.813210800
1609059070.068645954,-0.258395123,0.104705403,2.876069799
1609059070.115721941,-0.258954984,0.111768836,2.906626495
1609059070.166584015,-0.258974395,0.118376932,2.935875518
1609059070.217449903,-0.259046110,0.125067274,2.966451699
1609059070.269989014,-0.258907304,0.132201437,2.997139429
1609059070.317109823,-0.258782376,0.146182531,3.056812417
1609059070.367441893,-0.258972872,0.153607025,3.086905481
1609059070.416131020,-0.259038880,0.159785968,3.114454227
1609059070.467906952,-0.259530244,0.166411252,3.144581258
1609059070.516783953,-0.259319797,0.173523553,3.172897466
1609059070.567602873,-0.259226574,0.188064745,3.232114800
1609059070.618299007,-0.259086771,0.195086561,3.261854367
1609059070.667093992,-0.259114600,0.202053304,3.292318206
1609059070.717692852,-0.259659367,0.209450277,3.324182452
1609059070.769349813,-0.259128355,0.216340318,3.354093779
1609059070.815215826,-0.259187860,0.229641771,3.411047118
1609059070.865972996,-0.260152812,0.235819986,3.440821149
1609059070.916033983,-0.259746079,0.243137733,3.469623603
1609059070.968614817,-0.260444106,0.249504952,3.497643699
1609059071.017884970,-0.261575386,0.256836691,3.526960362
1609059071.067873001,-0.262433225,0.263552564,3.555771890
1609059071.117574930,-0.264011627,0.278018324,3.612515185
1609059071.167824984,-0.265794319,0.284018530,3.638979452
1609059071.215099812,-0.266874153,0.291936665,3.667026432
1609059071.268795967,-0.268999276,0.298976005,3.693791945
1609059071.317314863,-0.270323451,0.306411216,3.720786136
1609059071.367691994,-0.274460589,0.320246929,3.772840318
1609059071.416321993,-0.276517834,0.327458942,3.798718505
1609059071.468150854,-0.279164992,0.334785546,3.824671274
1609059071.518734932,-0.281356208,0.342814871,3.851730980
1609059071.570228815,-0.287249815,0.359160650,3.905864739
1609059071.617460966,-0.290515879,0.366420934,3.930628146
1609059071.666026831,-0.293485145,0.373354392,3.953756997
1609059071.716457844,-0.296705078,0.380483944,3.976334575
1609059071.770456791,-0.300269948,0.388149849,3.998939147
1609059071.817504883,-0.307447975,0.402734641,4.040270281
1609059071.865860939,-0.311106531,0.410331741,4.061882114
1609059071.916035891,-0.315230044,0.416617587,4.081465499
1609059071.967456818,-0.318935738,0.423717399,4.101892449
1609059072.018355846,-0.322709251,0.430539381,4.121589023
1609059072.069906950,-0.331329200,0.444225433,4.160291219
1609059072.109938860,-0.335762075,0.451219777,4.179219863
1609059072.161506891,-0.339517694,0.457828403,4.197723160
1609059072.209985971,-0.343195189,0.463996347,4.214909639
1609059072.261726856,-0.347017861,0.470405518,4.232299621
1609059072.312768936,-0.356431681,0.482908523,4.267521504
1609059072.361063004,-0.360872617,0.488134392,4.283401957
1609059072.416117907,-0.365189843,0.493328021,4.298191035
1609059072.470072985,-0.369080050,0.498804131,4.311809123
1609059072.517271996,-0.373752708,0.503686512,4.324238259
1609059072.569024801,-0.382003930,0.514603441,4.344227455
1609059072.615374804,-0.386401666,0.518714810,4.351452403
1609059072.667621851,-0.390208028,0.522657444,4.357678532
1609059072.710878849,-0.394201977,0.526230433,4.362827430
1609059072.760370970,-0.397982191,0.529606614,4.367503458
1609059072.812901974,-0.406282811,0.535200219,4.375215211
1609059072.859818935,-0.409775461,0.536894160,4.377790138
1609059072.910427809,-0.413335137,0.538147408,4.379798032
1609059072.963751793,-0.416880635,0.538396822,4.381316705
1609059073.017894983,-0.420348103,0.538041991,4.382257122
1609059073.070452929,-0.426734809,0.534674701,4.381216105
1609059073.117556810,-0.429314160,0.531979701,4.378820847
1609059073.167174816,-0.431337783,0.529114130,4.376329573
1609059073.216889858,-0.433664918,0.524076764,4.372166815
1609059073.270126820,-0.435563644,0.518732400,4.366954900
1609059073.317354918,-0.438598755,0.504516801,4.353980890
1609059073.367082834,-0.439485015,0.496112267,4.346844964
1609059073.416544914,-0.440065968,0.486194158,4.338814025
1609059073.466463804,-0.440763583,0.474722790,4.330751029
1609059073.524079800,-0.439811921,0.451631669,4.314379841
1609059073.573545933,-0.438909028,0.438651810,4.306007713
1609059073.616667986,-0.438020389,0.424312217,4.297015389
1609059073.666958809,-0.436333750,0.409151889,4.289005033
1609059073.717453957,-0.435085430,0.394315107,4.281537584
1609059073.768033981,-0.432888143,0.377447767,4.274199810
1609059073.817700863,-0.427948251,0.340287004,4.260157345
1609059073.866375923,-0.424662879,0.322358666,4.253433494
1609059073.916148901,-0.420906515,0.301823328,4.246636547
1609059073.968488932,-0.417268211,0.281539884,4.239733350
1609059074.019002914,-0.413435180,0.259010400,4.231706659
1609059074.067310810,-0.402913879,0.212794412,4.215039900
1609059074.115952015,-0.397850928,0.189447836,4.207948214
1609059074.167886972,-0.392463030,0.165648048,4.200259637
1609059074.218220949,-0.386056729,0.140722523,4.192287163
1609059074.268306971,-0.373311783,0.091475433,4.177800171
1609059074.316895962,-0.366595250,0.065055525,4.169912293
1609059074.368596792,-0.358235031,0.037774753,4.163296725
1609059074.414980888,-0.350008718,0.010022131,4.156200807
1609059074.468585014,-0.342139873,-0.017902761,4.149876761
1609059074.517112017,-0.324632662,-0.074561070,4.138741838
1609059074.567902803,-0.314862609,-0.104436707,4.133839294
1609059074.617395878,-0.305693786,-0.135075029,4.128569002
1609059074.666299820,-0.295673476,-0.165002921,4.124058030
1609059074.717319965,-0.285023604,-0.195648662,4.119055001
1609059074.768940926,-0.263111137,-0.259294013,4.111319440
1609059074.816080809,-0.251186856,-0.292680679,4.106777730
1609059074.865895987,-0.239189968,-0.323935563,4.103253829
1609059074.916363001,-0.227314932,-0.356426645,4.099588785
1609059074.969152927,-0.215465501,-0.390053177,4.095572876
1609059075.016754866,-0.187148824,-0.458953421,4.089853939
1609059075.065841913,-0.173962731,-0.491379216,4.088274125
1609059075.116442919,-0.160160356,-0.526353975,4.086307414
1609059075.189783812,-0.129890758,-0.598469883,4.083280329
1609059075.228219986,-0.114244968,-0.635944493,4.082506692
1609059075.288513899,-0.098466855,-0.673192684,4.082563853
1609059075.331782818,-0.083657255,-0.706995088,4.082129184
1609059075.376953840,-0.067678466,-0.743055900,4.082435893
1609059075.419669867,-0.051983344,-0.780019267,4.082717502
1609059075.474346876,-0.034543188,-0.817894348,4.084249055
1609059075.517462015,-0.017372956,-0.855034451,4.085523950
1609059075.569312811,0.015216391,-0.925012893,4.088614392
1609059075.616375923,0.033810379,-0.963469709,4.091644997
1609059075.665987968,0.052283616,-1.000854732,4.093790176
1609059075.716669798,0.069521230,-1.037204736,4.096104893
1609059075.771211863,0.106411128,-1.112989309,4.102302956
1609059075.817436934,0.126593152,-1.151108533,4.106683956
1609059075.867481947,0.146660243,-1.190274576,4.110500788
1609059075.919227839,0.164514813,-1.226415717,4.113469092
1609059075.971153021,0.184921293,-1.264403816,4.117552674
1609059076.019085884,0.225043640,-1.340980131,4.124256258
1609059076.066461802,0.246603314,-1.380667914,4.128108752
1609059076.116012812,0.266677716,-1.417182861,4.131660531
1609059076.168901920,0.287822934,-1.455929661,4.135087540
1609059076.217900991,0.307991739,-1.494134127,4.137316651
1609059076.269497871,0.353740555,-1.575833409,4.141481690
1609059076.318543911,0.374120261,-1.613018106,4.143340512
1609059076.368067980,0.396744882,-1.652448187,4.144654007
1609059076.419039965,0.418918218,-1.691083095,4.145564496
1609059076.468491793,0.465314789,-1.770566856,4.148035547
1609059076.516919851,0.488553193,-1.809785856,4.149211220
1609059076.567703009,0.512550922,-1.850587374,4.150426330
1609059076.618275881,0.538931456,-1.893824535,4.151859213
1609059076.666930914,0.566503008,-1.938517127,4.152690082
1609059076.721026897,0.592389490,-1.981118457,4.153242067
1609059076.769621849,0.619133293,-2.024543770,4.153071640
1609059076.818741798,0.670213955,-2.105449054,4.152375187
1609059076.866039991,0.696668249,-2.146762895,4.152608055
1609059076.916731834,0.721641455,-2.187347085,4.152506186
1609059076.969474792,0.750206605,-2.229640721,4.153326817
1609059077.018079996,0.803939842,-2.310298478,4.153970264
1609059077.067730904,0.831463794,-2.350110147,4.154373832
1609059077.116330862,0.860866089,-2.391267556,4.154972195
1609059077.167974949,0.891077403,-2.432802397,4.154749579
1609059077.218499899,0.919794284,-2.470898627,4.154979562
1609059077.270471811,0.980994793,-2.550627849,4.156306055
1609059077.316743851,1.011240815,-2.587755545,4.157298256
1609059077.369517803,1.043938572,-2.627021959,4.158227937
1609059077.414402008,1.076202728,-2.664735728,4.158627814
1609059077.461817980,1.108097547,-2.701144830,4.159993129
1609059077.517848969,1.173901696,-2.772665148,4.161618649
1609059077.569496870,1.208380995,-2.808311340,4.162884905
1609059077.617990971,1.242917418,-2.844171396,4.165741376
1609059077.669850826,1.276608043,-2.876149928,4.166893229
1609059077.717720985,1.311365663,-2.909542939,4.169270656
1609059077.768880844,1.348730514,-2.943690042,4.170924970
1609059077.816141844,1.421139850,-3.007180312,4.175379092
1609059077.866480827,1.456304296,-3.036666408,4.177738084
1609059077.916685820,1.492384368,-3.067112724,4.180097073
1609059077.977813959,1.566701844,-3.126599011,4.186289408
1609059078.022012949,1.604885750,-3.156260500,4.189800962
1609059078.066359997,1.639510516,-3.183820766,4.192838645
1609059078.116760969,1.675932930,-3.211932674,4.196930533
1609059078.167226791,1.713689933,-3.239143835,4.200877163
1609059078.217564821,1.751058440,-3.267151262,4.204920456
1609059078.267524958,1.822654119,-3.319246479,4.212100969
1609059078.317283869,1.859079933,-3.345124555,4.217193224
1609059078.365949869,1.894746171,-3.370454573,4.221605865
1609059078.416460991,1.930511671,-3.396558915,4.226483888
1609059078.470233917,1.967123396,-3.422304711,4.232396559
1609059078.519012928,2.035636405,-3.470657747,4.244494047
1609059078.568147898,2.068878573,-3.495450279,4.250818593
1609059078.616806984,2.104838707,-3.520124625,4.257187534
1609059078.666001797,2.140620873,-3.544678166,4.264044659
1609059078.717990875,2.173482682,-3.567258483,4.269531450
1609059078.770004988,2.242154232,-3.616895335,4.283302383
1609059078.816262960,2.276201021,-3.639178781,4.289543270
1609059078.867182970,2.311042353,-3.664137256,4.295544659
1609059078.920879841,2.345585020,-3.688894280,4.301843030
1609059078.969642878,2.378225370,-3.712095119,4.308355543
1609059079.018117905,2.446441568,-3.759153297,4.321020950
1609059079.067025900,2.480799540,-3.784486035,4.328580795
1609059079.116449833,2.513730218,-3.806540150,4.334905561
1609059079.168817997,2.548981200,-3.830819244,4.342255615
1609059079.217136860,2.582929327,-3.855363836,4.348649777
1609059079.270859957,2.655809391,-3.906913956,4.362251989
1609059079.314879894,2.689546389,-3.929489599,4.367902313
1609059079.367846012,2.724024540,-3.954542820,4.373991607
1609059079.416695833,2.759101460,-3.979244335,4.379217038
1609059079.469632864,2.796188227,-4.004318192,4.384835155
1609059079.516963959,2.867996117,-4.053913893,4.395355627
1609059079.569824934,2.903150356,-4.078848065,4.400655186
1609059079.616503954,2.941438962,-4.104675885,4.406389831
1609059079.669420004,2.977302728,-4.127492248,4.410745991
1609059079.717330933,3.050061814,-4.178388527,4.420401548
1609059079.768488884,3.088743235,-4.204557530,4.425867058
1609059079.816804886,3.127560625,-4.230803194,4.431539653
1609059079.866256952,3.163370969,-4.256011481,4.435938414
1609059079.917379856,3.201099650,-4.281762221,4.440321789
1609059079.970057011,3.240276598,-4.308367150,4.446442030
1609059080.018548965,3.315564586,-4.359559258,4.457126369
1609059080.068875790,3.351598091,-4.384685380,4.462513846
1609059080.116258860,3.389672739,-4.410107723,4.468425664
1609059080.171377897,3.429316546,-4.435024208,4.473522506
1609059080.218261957,3.467036931,-4.462203720,4.479938492
1609059080.268651962,3.544667334,-4.515232060,4.492233706
1609059080.360085964,3.615863660,-4.563421509,4.503629195
1609059080.430606842,3.693248806,-4.615596329,4.516338415
1609059080.475930929,3.732226082,-4.641176565,4.523054443
1609059080.519910812,3.767714234,-4.665724877,4.528816321
1609059080.569636822,3.803700750,-4.690805906,4.535671685
1609059080.618088961,3.841090190,-4.714305150,4.541710563
1609059080.668099880,3.879504966,-4.739591589,4.548825501
1609059080.718525887,3.951018403,-4.787496994,4.559918933
1609059080.768746853,3.988339416,-4.811057895,4.565825021
1609059080.817066908,4.027056720,-4.835558927,4.571945667
1609059080.868638992,4.063963707,-4.860416867,4.577554333
1609059080.917792797,4.099138142,-4.883149672,4.582436380
1609059080.971729994,4.173168145,-4.928649682,4.593190235
1609059081.016623020,4.210197052,-4.952375910,4.598414790
1609059081.067318916,4.247166784,-4.976614504,4.602361214
1609059081.115620852,4.283975983,-4.998734358,4.606263912
1609059081.170327902,4.322129688,-5.021705192,4.609668203
1609059081.217363834,4.357356552,-5.044225218,4.612967523
1609059081.266884804,4.429388635,-5.089773812,4.618990871
1609059081.317245960,4.466976244,-5.112185546,4.621393589
1609059081.365788937,4.501468442,-5.133917455,4.623813223
1609059081.418348789,4.536084918,-5.156327409,4.625629958
1609059081.468402863,4.609278827,-5.200453274,4.629386832
1609059081.516723871,4.644769026,-5.223297010,4.631629154
1609059081.568040848,4.677790010,-5.245150891,4.633192559
1609059081.617347956,4.713089650,-5.267074624,4.635242185
1609059081.665616989,4.748738694,-5.288616266,4.636884614
1609059081.718293905,4.783163927,-5.310840828,4.638818943
1609059081.768738985,4.850786924,-5.353401091,4.642882311
1609059081.817663908,4.881464308,-5.370804228,4.644704638
1609059081.866976023,4.911094589,-5.389122088,4.646187275
1609059081.918331861,4.942282763,-5.409698384,4.648216094
1609059081.969750881,4.974902910,-5.431020871,4.651254298
1609059082.018203020,5.032590755,-5.469078070,4.655403947
1609059082.064580917,5.060254975,-5.488444807,4.657719579
1609059082.115995884,5.087950559,-5.506262728,4.659703037
1609059082.169031858,5.115434880,-5.525114734,4.662937256
1609059082.218812943,5.163271599,-5.559714678,4.667367095
1609059082.267134905,5.185719495,-5.575478392,4.668884001
1609059082.316624880,5.209366120,-5.592747212,4.670351015
1609059082.367923021,5.230542455,-5.610454728,4.672069069
1609059082.418406963,5.249960516,-5.626662029,4.673113336
1609059082.469878912,5.289633502,-5.661311634,4.675247238
1609059082.516277790,5.306677115,-5.679163245,4.676891444
1609059082.567795992,5.322635139,-5.695344277,4.678531006
1609059082.619743824,5.339083207,-5.713515116,4.680319882
1609059082.668396950,5.353958211,-5.730697575,4.681940692
1609059082.716573000,5.381666057,-5.767053373,4.685243961
1609059082.766013861,5.394589763,-5.785691456,4.687285873
1609059082.817572832,5.407613623,-5.804991081,4.688997265
1609059082.867981911,5.420260809,-5.826154865,4.690686268
1609059082.916384935,5.444278133,-5.868268368,4.694300836
1609059082.967504978,5.455155351,-5.889289870,4.696204600
1609059083.061335802,5.478044810,-5.936161985,4.700296162
1609059083.122437000,5.499723085,-5.984440467,4.705896986
1609059083.173790932,5.510676532,-6.009778966,4.709039413
1609059083.215718985,5.522053589,-6.036911524,4.712751050
1609059083.266366959,5.533399066,-6.064883457,4.716670806
1609059083.315276861,5.544214483,-6.091215519,4.720351841
1609059083.368987799,5.555435355,-6.119462215,4.724874145
1609059083.417917013,5.578934902,-6.178420839,4.735153758
1609059083.466210842,5.590460637,-6.207076047,4.740257313
1609059083.517197847,5.602337563,-6.237990460,4.745681337
1609059083.568787813,5.614940813,-6.268970495,4.751773476
1609059083.618124962,5.627852529,-6.301664663,4.757346878
1609059083.667900801,5.653952024,-6.366967122,4.769723258
1609059083.716282845,5.667617421,-6.400558057,4.775912296
1609059083.767359018,5.679960956,-6.432278448,4.782233751
1609059083.818173885,5.694329955,-6.467358255,4.788988425
1609059083.869707823,5.720025320,-6.533592878,4.802176761
1609059083.916074991,5.732486830,-6.566265182,4.807716567
1609059083.967809916,5.746334837,-6.602064480,4.814578307
1609059084.017170906,5.759952082,-6.637400050,4.820690272
1609059084.073340893,5.772729898,-6.669742924,4.826242826
1609059084.118114948,5.798362707,-6.737853426,4.837424305
1609059084.168403864,5.811822125,-6.772932239,4.843752148
1609059084.220942020,5.825762141,-6.806489068,4.850744114
1609059084.272480965,5.838088016,-6.839534715,4.856597122
1609059084.316695929,5.850542702,-6.873496632,4.862589076
1609059084.368438005,5.876929907,-6.941458205,4.876030802
1609059084.416183949,5.889426163,-6.975571837,4.882661193
1609059084.467671871,5.901329539,-7.009160414,4.889273678
1609059084.516105890,5.912656461,-7.040216516,4.895372525
1609059084.569000006,5.925165467,-7.071688306,4.902152100
1609059084.619682789,5.947215924,-7.136045140,4.914502733
1609059084.671231985,5.958820624,-7.167588383,4.921318283
1609059084.716415882,5.969322329,-7.196709312,4.927129484
1609059084.768410921,5.979917412,-7.227465958,4.933717582
1609059084.818215847,5.989523393,-7.257144228,4.939634928
1609059084.868994951,6.011666961,-7.318423759,4.951746385
1609059084.915699959,6.020596168,-7.347072348,4.956368374
1609059084.969578981,6.029926334,-7.375975660,4.961248130
1609059085.018616915,6.039343016,-7.404156834,4.965893687
1609059085.071439981,6.056519526,-7.459632276,4.974969432
1609059085.117372990,6.064533274,-7.487576588,4.979607355
1609059085.167861938,6.072585122,-7.514663464,4.983621247
1609059085.217099905,6.080772629,-7.543222485,4.988197179
1609059085.265709877,6.087929797,-7.570973180,4.993036390
1609059085.317901850,6.094240794,-7.597436901,4.997827132
1609059085.369827986,6.106188794,-7.644889578,5.007354459
1609059085.418023825,6.110853074,-7.667610168,5.012130145
1609059085.466778994,6.114902493,-7.690441128,5.016760231
1609059085.516245842,6.118921319,-7.713453272,5.021801839
1609059085.567726851,6.122755087,-7.735604128,5.026688372
1609059085.618556976,6.124828731,-7.757528868,5.031487778
1609059085.669631004,6.127433081,-7.799684371,5.040728607
1609059085.716378927,6.127318204,-7.817764923,5.044513261
1609059085.768776894,6.126163778,-7.836183326,5.048044457
1609059085.817860842,6.123794328,-7.854104553,5.051324434
1609059085.871901989,6.121744907,-7.871793005,5.054853553
1609059085.917029858,6.114846586,-7.902628251,5.060940756
1609059085.968752861,6.109463236,-7.918108514,5.063866834
1609059086.017940998,6.104190969,-7.932900895,5.067564950
1609059086.067595005,6.097974021,-7.946659190,5.070916705
1609059086.117419004,6.091339437,-7.959402857,5.073959911
1609059086.169619799,6.075190329,-7.985239268,5.080562258
1609059086.217644930,6.065711218,-7.997655011,5.083634004
1609059086.268679857,6.054874210,-8.010037285,5.086328291
1609059086.317081928,6.043552856,-8.021908714,5.088648868
1609059086.369002819,6.032299060,-8.032700813,5.090662751
1609059086.418571949,6.008163092,-8.052870032,5.093576413
1609059086.467091799,5.994450327,-8.063233111,5.094502059
1609059086.517063856,5.981562545,-8.072524085,5.094911520
1609059086.567461967,5.967864428,-8.081224240,5.095004883
1609059086.619220018,5.952433871,-8.090274005,5.094769776
1609059086.669822931,5.919143032,-8.108810186,5.093150711
1609059086.715984821,5.903179762,-8.116649855,5.091795740
1609059086.769796848,5.885676684,-8.125685790,5.090537453
1609059086.816946983,5.866907231,-8.134829485,5.089045706
1609059086.869648933,5.846737705,-8.143618370,5.087553586
1609059086.916999817,5.806943366,-8.159899725,5.083701643
1609059086.967816830,5.786919028,-8.167729354,5.082138658
1609059087.018298864,5.767343735,-8.175068402,5.080434329
1609059087.066869974,5.746579969,-8.182618167,5.078696911
1609059087.117486000,5.723172599,-8.190683046,5.077464684
1609059087.171777010,5.698891710,-8.200188146,5.075230201
1609059087.218242884,5.656916035,-8.213940202,5.072048745
1609059087.271081924,5.634138752,-8.221637214,5.070189162
1609059087.317186832,5.609319051,-8.230626784,5.067603224
1609059087.369835854,5.586724349,-8.237328125,5.065215170
1609059087.417502880,5.544122035,-8.249870882,5.060664349
1609059087.467916012,5.521879693,-8.256212345,5.058989075
1609059087.517026901,5.500863664,-8.261857800,5.057456783
1609059087.567564964,5.480602268,-8.265831399,5.056605374
1609059087.617906809,5.460084251,-8.271151117,5.055728179
1609059087.671727896,5.419557706,-8.280178820,5.053584729
1609059087.716825008,5.402395769,-8.282381761,5.051775616
1609059087.768638849,5.383421391,-8.284424713,5.050165259
1609059087.817070961,5.365676364,-8.287605154,5.048649330
1609059087.875576973,5.332174910,-8.291040314,5.044183363
1609059087.921955824,5.314194733,-8.292512650,5.041719615
1609059087.969130993,5.296683721,-8.293485550,5.039063535
1609059088.016613960,5.280459337,-8.293841428,5.037632708
1609059088.066923857,5.263937936,-8.294000329,5.036436244
1609059088.117481947,5.247480406,-8.294188645,5.036896223
1609059088.172086954,5.212480072,-8.295482570,5.035817991
1609059088.217181921,5.196427927,-8.295365582,5.035884159
1609059088.267781019,5.179196114,-8.295957504,5.035597274
1609059088.316092014,5.160420279,-8.297616109,5.035718595
1609059088.375144005,5.123836557,-8.299825743,5.036827943
1609059088.461474895,5.084618167,-8.302858831,5.038563287
1609059088.510638952,5.063597006,-8.305445140,5.039819828
1609059088.578663826,5.025013239,-8.308839252,5.041710216
1609059088.622648954,5.002862794,-8.313052043,5.041867369
1609059088.666548014,4.980559192,-8.316611065,5.041495859
1609059088.717378855,4.960532269,-8.318395438,5.041404723
1609059088.770378828,4.939694119,-8.320819836,5.041763072
1609059088.820215940,4.916743810,-8.324515889,5.041613009
1609059088.869635820,4.873464266,-8.329624641,5.041583323
1609059088.916900873,4.851542546,-8.331991666,5.041252199
1609059088.969516993,4.827811606,-8.335874550,5.040566945
1609059089.018353939,4.806104521,-8.338879888,5.039930373
1609059089.066567898,4.784873518,-8.341017953,5.039209132
1609059089.117623806,4.742202158,-8.344214436,5.036904994
1609059089.170187950,4.721665017,-8.345627786,5.035213930
1609059089.218621016,4.703744610,-8.346005958,5.033282450
1609059089.268136978,4.685375923,-8.345507853,5.030618139
1609059089.317327023,4.666544780,-8.345738693,5.027848024
1609059089.370081902,4.647775054,-8.345215436,5.024639681
1609059089.418637991,4.614134644,-8.342054354,5.018539475
1609059089.466579914,4.597340236,-8.339749991,5.014601197
1609059089.516603947,4.580193117,-8.337556715,5.010492231
1609059089.570792913,4.563426599,-8.334203500,5.005504907
1609059089.620253801,4.532446135,-8.330911794,4.995320745
1609059089.668826818,4.518572946,-8.329256195,4.989479254
1609059089.716422796,4.506143884,-8.327762694,4.982493348
1609059089.768950939,4.493376334,-8.326508268,4.974448955
1609059089.818783998,4.481077804,-8.326023146,4.965970407
1609059089.869426966,4.459374620,-8.324305627,4.947942897
1609059089.916559935,4.450098999,-8.324331954,4.939392151
1609059089.968248844,4.440782928,-8.325439093,4.930556537
1609059090.017444849,4.433108138,-8.327983009,4.922134136
1609059090.072225809,4.426992568,-8.331072874,4.914272815
1609059090.117460966,4.416122306,-8.341163708,4.898386497
1609059090.168138981,4.412391686,-8.347921750,4.890358679
1609059090.217893839,4.409570644,-8.355977276,4.882538319
1609059090.265823841,4.407535951,-8.365220519,4.875026832
1609059090.317888021,4.406502056,-8.376461970,4.867198752
1609059090.369545937,4.409010654,-8.401340718,4.852859960
1609059090.415692806,4.411461706,-8.416211940,4.845805527
1609059090.467185020,4.414806002,-8.431404022,4.839821035
1609059090.517032862,4.419658245,-8.448201480,4.833946491
1609059090.570983887,4.425484639,-8.467043840,4.828391161
1609059090.618825912,4.439499835,-8.508710353,4.819138993
1609059090.667255878,4.447826343,-8.529700498,4.816085245
1609059090.716278791,4.457276981,-8.552710090,4.813648011
1609059090.769136906,4.467977204,-8.578382788,4.812015115
1609059090.830338001,4.492057500,-8.630682966,4.808241115
1609059090.873078823,4.504997788,-8.658043044,4.807500384
1609059090.916285992,4.518106964,-8.684005407,4.807804887
1609059090.970410824,4.532705532,-8.712375567,4.807701089
1609059091.017748833,4.547986170,-8.740695805,4.808167042
1609059091.068656921,4.563659690,-8.772026466,4.808664425
1609059091.116182804,4.595906044,-8.831391037,4.812692572
1609059091.167697906,4.612662262,-8.861348233,4.815939452
1609059091.217136860,4.630633629,-8.894898277,4.820173517
1609059091.268971920,4.649834470,-8.928472185,4.825064293
1609059091.316758871,4.668375119,-8.960008279,4.830556437
1609059091.370504856,4.707920547,-9.028177857,4.844431321
1609059091.417613983,4.727727619,-9.061074313,4.851813638
1609059091.467012882,4.749208379,-9.096625242,4.859728174
1609059091.516064882,4.770267103,-9.132604147,4.867750348
1609059091.569862843,4.791384264,-9.166750640,4.876912587
1609059091.619087934,4.833263654,-9.236259463,4.893909550
1609059091.667430878,4.855232635,-9.272828747,4.903459141
1609059091.718046904,4.877490409,-9.308086412,4.914384617
1609059091.768747807,4.899336216,-9.343396545,4.923595043
1609059091.818467855,4.921686316,-9.380549449,4.932727010
1609059091.868416786,4.968015458,-9.455221947,4.950257384
1609059091.916787863,4.991720580,-9.493187791,4.959402889
1609059091.969822884,5.012959191,-9.527934860,4.967028047
1609059092.020663977,5.035816324,-9.565037813,4.975489266
1609059092.071051836,5.059614916,-9.603240070,4.985079300
1609059092.122458935,5.107304594,-9.682258352,5.004664018
1609059092.175452948,5.129627465,-9.718811251,5.013985846
1609059092.218187809,5.152518150,-9.757263279,5.024148105
1609059092.268584967,5.176101328,-9.797477473,5.035201564
1609059092.316788912,5.200211578,-9.837869560,5.047083009
1609059092.370642900,5.224908540,-9.878346188,5.060277200
1609059092.418866873,5.270282187,-9.957054981,5.086665453
1609059092.465003967,5.293641385,-9.996574555,5.100744477
1609059092.516443014,5.316793816,-10.036045023,5.114728047
1609059092.570466995,5.340442315,-10.078068096,5.130392220
1609059092.619205952,5.384852253,-10.157504777,5.162273322
1609059092.668164015,5.407827874,-10.197622873,5.180221167
1609059092.717868805,5.429164393,-10.236854216,5.198013822
1609059092.769510984,5.451857131,-10.278288544,5.217597331
1609059092.819288969,5.475495433,-10.319947851,5.238063527
1609059092.870695829,5.518437839,-10.400554592,5.279386556
1609059092.915869951,5.539297534,-10.438704252,5.299952491
1609059092.968832016,5.561765233,-10.479595841,5.322506296
1609059093.017960787,5.583334813,-10.519605754,5.345491391
1609059093.071932793,5.603294792,-10.558119547,5.368100961
1609059093.117163897,5.643387213,-10.633783216,5.415490520
1609059093.168744802,5.664138446,-10.673146359,5.440603748
1609059093.218019009,5.684856063,-10.712414867,5.466529723
1609059093.266619921,5.703550036,-10.747631638,5.491987939
1609059093.317725897,5.722285122,-10.783254755,5.518722866
1609059093.369872808,5.760188265,-10.854493605,5.572553543
1609059093.416000843,5.778381061,-10.888819202,5.600747832
1609059093.468875885,5.797023351,-10.922080990,5.629078892
1609059093.518582821,5.813670894,-10.953953058,5.656508195
1609059093.569999933,5.829398985,-10.985630763,5.684483093
1609059093.619551897,5.862280450,-11.046122407,5.742824072
1609059093.667583942,5.877896549,-11.075931498,5.771936183
1609059093.717012882,5.891684657,-11.102618745,5.798607517
1609059093.768589020,5.906319860,-11.129138698,5.825988830
1609059093.820033789,5.919639390,-11.154014559,5.852441001
1609059093.870612860,5.933874193,-11.180774104,5.881051801
1609059093.916764975,5.958249408,-11.225856670,5.933241515
1609059093.968603849,5.970246893,-11.247511140,5.959154780
1609059094.020142794,5.980453231,-11.268511128,5.986073030
1609059094.069839954,5.991718545,-11.289117945,6.012493509
1609059094.117041826,6.011108514,-11.325526387,6.063742631
1609059094.167774916,6.020293020,-11.342639646,6.089022648
1609059094.216178894,6.028590796,-11.358242108,6.116302668
1609059094.266880989,6.037317784,-11.374056625,6.143416193
1609059094.317482948,6.044941966,-11.388543177,6.170397682
1609059094.371720791,6.059316509,-11.415113004,6.222760846
1609059094.417855978,6.065296500,-11.426593200,6.249757661
1609059094.470345020,6.071883411,-11.439040722,6.277862473
1609059094.515573978,6.078243184,-11.449905669,6.305129206
1609059094.569289923,6.083986909,-11.460025040,6.330820067
1609059094.618383884,6.089091708,-11.469825700,6.356720871
1609059094.667668819,6.099134427,-11.486792716,6.409864123
1609059094.717447996,6.103953640,-11.494656457,6.436455120
1609059094.766943932,6.107852301,-11.501837496,6.461538462
1609059094.817350864,6.111891393,-11.508594191,6.487978640
1609059094.870219946,6.115380844,-11.516100293,6.515138896
1609059094.918469906,6.120880464,-11.529207292,6.565723921
1609059094.968019962,6.123595093,-11.535588553,6.590161490
1609059095.018628836,6.125277664,-11.541470569,6.613610669
1609059095.068909883,6.127609213,-11.546146238,6.638285272
1609059095.118177891,6.130973084,-11.556919230,6.683961219
1609059095.168404818,6.132558277,-11.561748804,6.707475808
1609059095.217993021,6.134131877,-11.566755778,6.730328289
1609059095.269270897,6.134850941,-11.570960238,6.753527483
1609059095.318808794,6.135991740,-11.576318429,6.776254029
1609059095.369342804,6.137342122,-11.587830101,6.825166281
1609059095.417032957,6.137578057,-11.592881705,6.848524811
1609059095.468309879,6.138103692,-11.598614956,6.872297242
1609059095.516368866,6.137856788,-11.604371485,6.896410622
1609059095.572122812,6.138001940,-11.610571010,6.922072588
1609059095.619293928,6.137631623,-11.622594648,6.970911076
1609059095.668871880,6.137206006,-11.628674339,6.995605682
1609059095.716230869,6.136643087,-11.635564129,7.020636326
1609059095.769057989,6.135733570,-11.643398091,7.046303271
1609059095.819541931,6.136261176,-11.649452577,7.070348801
1609059095.870121956,6.134719541,-11.664845319,7.118762464
1609059095.916457891,6.134632793,-11.672583875,7.145019718
1609059095.968923807,6.135108465,-11.680593243,7.170601253
1609059096.019465923,6.133281407,-11.691157136,7.196722531
1609059096.070051908,6.133895125,-11.699587853,7.223157067
1609059096.117902994,6.132883622,-11.717882156,7.274883801
1609059096.167357922,6.132813739,-11.728189505,7.300590094
1609059096.218074799,6.132196501,-11.739001547,7.326525711
1609059096.267483950,6.132888550,-11.750200052,7.351955322
1609059096.318269968,6.132974680,-11.761283635,7.377513416
1609059096.368782997,6.133659189,-11.786129440,7.430560444
1609059096.415803909,6.134058583,-11.798651506,7.458437967
1609059096.468467951,6.134726280,-11.811213485,7.482882800
1609059096.517807007,6.134795792,-11.824512040,7.508666432
1609059096.570749998,6.135064470,-11.838232569,7.534716072
1609059096.619398832,6.137969979,-11.868958053,7.583999999
1609059096.669179916,6.139734677,-11.884042930,7.607526287
1609059096.716707945,6.141684970,-11.900995070,7.631598719
1609059096.769365788,6.144034602,-11.919629410,7.656453249
1609059096.818814993,6.146948092,-11.937935473,7.680127077
1609059096.869401932,6.149644428,-11.958125643,7.703468439
1609059096.916682959,6.155946570,-11.997465394,7.745400968
1609059096.970610857,6.159812175,-12.017656147,7.764300320
1609059097.017917871,6.163968552,-12.039146638,7.783795293
1609059097.070521832,6.169390613,-12.062536436,7.803663091
1609059097.118809938,6.179816865,-12.109040836,7.840449626
1609059097.170624971,6.186549270,-12.133248338,7.858359031
1609059097.222189903,6.193154115,-12.161247721,7.876525529
1609059097.267524004,6.200278687,-12.187966388,7.893652025
1609059097.317938805,6.206717480,-12.214643552,7.909700999
1609059097.371764898,6.223995545,-12.269682036,7.943286987
1609059097.417131901,6.233768586,-12.300998228,7.961159218
1609059097.469277859,6.244819180,-12.329164648,7.977997130
1609059097.517757893,6.254549574,-12.360193451,7.994275457
1609059097.570727825,6.265934414,-12.390046239,8.009834105
1609059097.618047953,6.291242627,-12.456521891,8.039500717
1609059097.667544842,6.303964450,-12.489600260,8.051037222
1609059097.717292786,6.317605102,-12.522318460,8.060633452
1609059097.767727852,6.330647503,-12.554898966,8.068705401
1609059097.819962978,6.345005516,-12.589086524,8.074435633
1609059097.870608807,6.374806198,-12.658820871,8.084834560
1609059097.916627884,6.389414799,-12.692446401,8.088316479
1609059097.969372988,6.404475180,-12.727095389,8.090243729
1609059098.022181988,6.420809218,-12.762347676,8.092724288
1609059098.068978786,6.450072456,-12.831556626,8.095290720
1609059098.118177891,6.466084978,-12.866726704,8.095864629
1609059098.168592930,6.480840577,-12.901656686,8.095363262
1609059098.215644836,6.497230624,-12.940786891,8.094649944
1609059098.267390966,6.513508632,-12.979943795,8.093640740
1609059098.318172932,6.528904249,-13.016918359,8.092209475
1609059098.369704008,6.543614083,-13.054229885,8.090350237
1609059098.417964935,6.570705360,-13.124720649,8.087683913
1609059098.465999842,6.583024996,-13.158669656,8.085988665
1609059098.516513824,6.596070371,-13.196053476,8.084750944
1609059098.569427013,6.608499958,-13.232937796,8.082892577
1609059098.618811846,6.630587804,-13.305158498,8.078951594
1609059098.668234825,6.640601634,-13.341539522,8.077313186
1609059098.761426926,6.659810021,-13.416575517,8.077475772
1609059098.824787855,6.676926222,-13.489080797,8.080780315
1609059098.872538805,6.683980717,-13.525173572,8.082245448
1609059098.915652990,6.691392926,-13.560919173,8.084475957
1609059098.969754934,6.697229558,-13.596450133,8.085644306
1609059099.016850948,6.701621702,-13.628205402,8.085869803
1609059099.071206808,6.705885174,-13.660860849,8.086127903
1609059099.118535995,6.712967425,-13.727996966,8.084077254
1609059099.167876005,6.715463835,-13.758433619,8.083002696
1609059099.218877792,6.717562802,-13.789703620,8.081995200
1609059099.269855976,6.718714511,-13.818545647,8.080738778
1609059099.319520950,6.719373290,-13.848218494,8.079690600
1609059099.369818926,6.718623251,-13.903960452,8.076443133
1609059099.417965889,6.718178168,-13.928990397,8.075079136
1609059099.467353821,6.716474145,-13.952679963,8.073420169
1609059099.517279863,6.713810887,-13.976394569,8.071311825
1609059099.571090937,6.710725185,-13.997822314,8.069785280
1609059099.618146896,6.703354884,-14.035552411,8.066719279
1609059099.668957949,6.699198173,-14.054211787,8.064730327
1609059099.718277931,6.695189072,-14.071950212,8.062769479
1609059099.770248890,6.690739626,-14.088324542,8.060726117
1609059099.819531918,6.686213177,-14.102131523,8.058691243
1609059099.869753838,6.676651680,-14.128026269,8.054048523
1609059099.917567015,6.671944445,-14.139244416,8.051323406
1609059099.967341900,6.667341422,-14.149242958,8.048643372
1609059100.019093990,6.662662704,-14.158581571,8.045229305
1609059100.069582939,6.658108386,-14.167362312,8.041776989
1609059100.118083954,6.649936400,-14.181413896,8.034332303
1609059100.168493986,6.645264130,-14.188130993,8.030434390
1609059100.218189001,6.640092172,-14.193785813,8.026074952
1609059100.267901897,6.635370469,-14.197858468,8.022448195
1609059100.318717957,6.630478341,-14.201344742,8.018557383
1609059100.370252848,6.621484323,-14.204719875,8.010309397
1609059100.418463945,6.616854163,-14.205154203,8.005245684
1609059100.470202923,6.612129813,-14.204954153,8.000773883
1609059100.517544985,6.607106033,-14.203984289,7.995804612
1609059100.569973946,6.602261387,-14.201871658,7.990864234
1609059100.619512796,6.596638124,-14.198705172,7.986510098
1609059100.667310953,6.583270136,-14.190796828,7.979464750
1609059100.717108965,6.576216961,-14.185174958,7.976372503
1609059100.768935919,6.568858314,-14.178613502,7.973031522
1609059100.819749832,6.559893311,-14.170608212,7.968637392
1609059100.869821787,6.550916803,-14.161731585,7.965277624
1609059100.917212009,6.530950143,-14.141100077,7.958108986
1609059100.966586828,6.519578890,-14.128722626,7.954606997
1609059101.018357992,6.508252434,-14.115830948,7.952003246
1609059101.069581985,6.495572045,-14.101321474,7.949815261
1609059101.119542837,6.469406035,-14.071133952,7.946246821
1609059101.163695812,6.455315623,-14.055003717,7.944348904
1609059101.213196993,6.439773208,-14.036542331,7.942683938
1609059101.269217968,6.423756608,-14.017238362,7.941109291
1609059101.317866802,6.408670863,-13.998030461,7.939884926
1609059101.372120857,6.375174562,-13.956587984,7.936630736
1609059101.418285847,6.357736957,-13.934178201,7.934821324
1609059101.469388008,6.340055679,-13.911256354,7.933208758
1609059101.517149925,6.323972522,-13.889326207,7.931739763
1609059101.569644928,6.307166538,-13.865725978,7.929880357
1609059101.619057894,6.272462427,-13.816760402,7.926476832
1609059101.666426897,6.256062701,-13.792200759,7.925935019
1609059101.717324972,6.238974570,-13.767183339,7.925248592
1609059101.771519899,6.221951931,-13.741618532,7.923914595
1609059101.819818974,6.204964782,-13.714650118,7.923003136
1609059101.869269848,6.171571648,-13.660204703,7.920002850
1609059101.916437864,6.154881757,-13.631999209,7.917789536
1609059101.969541788,6.139866593,-13.605170246,7.915961429
1609059102.020736933,6.123034107,-13.575704510,7.913328675
1609059102.071683884,6.092337669,-13.520012791,7.907995869
1609059102.123385906,6.078110319,-13.491596009,7.905150310
1609059102.174620867,6.063579813,-13.461230705,7.901739250
1609059102.218921900,6.048663167,-13.431615800,7.898029098
1609059102.269961834,6.035065065,-13.402437525,7.894076948
1609059102.318270922,6.008778535,-13.341820337,7.885975334
1609059102.369635820,5.993857266,-13.310141768,7.881046337
1609059102.419226885,5.979676342,-13.277817808,7.876027722
1609059102.467556953,5.966235517,-13.245673223,7.871076968
1609059102.518220901,5.952260798,-13.212505579,7.866151672
1609059102.570468903,5.925327373,-13.146136821,7.855412240
1609059102.618863821,5.912685431,-13.112141975,7.849871040
1609059102.667205811,5.900289349,-13.080770310,7.844453723
1609059102.717236996,5.887279388,-13.047661803,7.838630730
1609059102.768719912,5.874520435,-13.013191303,7.832671412
1609059102.819061995,5.861052152,-12.977589029,7.826704175
1609059102.869011879,5.832364422,-12.908513567,7.814885382
1609059102.918473959,5.819250443,-12.873652356,7.809706304
1609059102.969344854,5.806281727,-12.840447873,7.804854821
1609059103.023259878,5.791087073,-12.804286348,7.799394593
1609059103.070489883,5.776436404,-12.767626984,7.794407482
1609059103.116746902,5.747916695,-12.694495952,7.785698241
1609059103.172639847,5.731964533,-12.658166891,7.781520869
1609059103.218086958,5.716935227,-12.621406891,7.778108613
1609059103.268570900,5.701031566,-12.580802656,7.775395539
1609059103.317263842,5.666328738,-12.504183167,7.770300938
1609059103.369018793,5.649990814,-12.466620035,7.768832475
1609059103.418299913,5.631989996,-12.425806945,7.767132300
1609059103.468923807,5.614815487,-12.386178795,7.767881076
1609059103.522669792,5.575842522,-12.303409292,7.767639333
1609059103.571368933,5.555762624,-12.258298409,7.768429427
1609059103.618502855,5.536366006,-12.217289747,7.768923845
1609059103.669206858,5.514413307,-12.171504106,7.770603536
1609059103.717530966,5.493250411,-12.125461685,7.772310938
1609059103.771415949,5.470042302,-12.075208998,7.773313270
1609059103.819823980,5.424537133,-11.978713731,7.777901562
1609059103.869455814,5.401017251,-11.929537177,7.779583189
1609059103.917975903,5.377764573,-11.878569672,7.782904114
1609059103.971787930,5.351137278,-11.826014749,7.784495793
1609059104.021510839,5.300718276,-11.724905032,7.789322265
1609059104.068897963,5.274034137,-11.670462606,7.791698505
1609059104.116566896,5.245815670,-11.615572046,7.793560274
1609059104.169333935,5.217117080,-11.559773205,7.795795302
1609059104.218927860,5.190561678,-11.506440507,7.797905514
1609059104.271426916,5.133198048,-11.394537192,7.801349932
1609059104.317364931,5.101809178,-11.335919352,7.802169058
1609059104.370154858,5.072473824,-11.277551132,7.803753788
1609059104.418358803,5.042785478,-11.218853173,7.805047822
1609059104.471226931,5.011068936,-11.159545858,7.806108994
1609059104.518721819,4.950054048,-11.044360536,7.805417105
1609059104.569584846,4.917766620,-10.983499705,7.806048951
1609059104.619046926,4.884957468,-10.923384319,7.806050273
1609059104.667076826,4.853674775,-10.864994535,7.806353452
1609059104.718608856,4.822701762,-10.803674487,7.806541873
1609059104.771126986,4.758398153,-10.684032215,7.802048427
1609059104.818516970,4.726241152,-10.621683548,7.800556653
1609059104.870069981,4.697155226,-10.563013275,7.799633523
1609059104.919780016,4.665293800,-10.502700060,7.796816894
1609059104.971885920,4.633440755,-10.445211150,7.793684677
1609059105.019437790,4.570221341,-10.321588272,7.788626882
1609059105.069213867,4.540688030,-10.263935311,7.786757187
1609059105.161077023,4.477877258,-10.142438100,7.783487923
1609059105.229545832,4.415923843,-10.020187052,7.781106142
1609059105.275574923,4.384688389,-9.959908525,7.780370960
1609059105.322018862,4.357073550,-9.903712156,7.780375135
1609059105.371133804,4.330292298,-9.847674625,7.781209563
1609059105.419677019,4.299438234,-9.786347999,7.782074704
1609059105.470855951,4.269745365,-9.726946594,7.782629550
1609059105.519337893,4.216207290,-9.611630539,7.781308627
1609059105.569576979,4.187991206,-9.553257673,7.780461470
1609059105.619029999,4.159200712,-9.494712681,7.779349600
1609059105.668298960,4.131930654,-9.436282364,7.778031955
1609059105.718036890,4.107147954,-9.380859462,7.778081176
1609059105.772866011,4.052729184,-9.268025182,7.775839475
1609059105.818256855,4.026018071,-9.209885391,7.773906951
1609059105.870216846,3.999353065,-9.152631452,7.772183038
1609059105.917644978,3.975066546,-9.101021152,7.770731836
1609059105.972808838,3.949860891,-9.047176935,7.768617888
1609059106.024497986,3.901457197,-8.937095777,7.764244885
1609059106.067615986,3.875875431,-8.882624468,7.761425570
1609059106.117247820,3.852895133,-8.830630979,7.759687308
1609059106.172892809,3.830405664,-8.777650789,7.758298277
1609059106.221510887,3.809134899,-8.725058798,7.757775321
1609059106.271996021,3.762390461,-8.614669334,7.757627068
1609059106.317123890,3.742875621,-8.564535222,7.758694448
1609059106.369973898,3.722481746,-8.510914288,7.759880021
1609059106.418447971,3.702071843,-8.458900280,7.761606458
1609059106.476207972,3.661956174,-8.350096645,7.765551571
1609059106.516953945,3.644319504,-8.299184768,7.767361019
1609059106.571007967,3.625378285,-8.247431708,7.769498478
1609059106.618723869,3.606364769,-8.193306724,7.771843198
1609059106.668486834,3.589965909,-8.135637562,7.776477479
1609059106.721898794,3.572632736,-8.080005082,7.778947383
1609059106.771868944,3.539343186,-7.972763089,7.786131689
1609059106.818395853,3.524797270,-7.918317057,7.790267459
1609059106.866540909,3.509678925,-7.863095917,7.794806531
1609059106.916984797,3.493824234,-7.807743792,7.798695624
1609059106.970101833,3.479162571,-7.754065993,7.801759303
1609059107.019949913,3.454701933,-7.648318268,7.807420554
1609059107.069727898,3.441361970,-7.594937159,7.810781382
1609059107.117368937,3.428511156,-7.541003446,7.812820661
1609059107.169240952,3.417690320,-7.486704664,7.816005822
1609059107.219839811,3.408107311,-7.436572535,7.819399183
1609059107.270309925,3.386382850,-7.332622223,7.826503834
1609059107.316869974,3.378341733,-7.278128700,7.830703780
1609059107.369737864,3.368130009,-7.226984568,7.833079416
1609059107.416768789,3.360419827,-7.180788329,7.837029827
1609059107.470105886,3.351450502,-7.132348477,7.840145819
1609059107.520399809,3.339531044,-7.031089746,7.851291341
1609059107.569929838,3.331381717,-6.982958277,7.856169337
1609059107.619089842,3.327080789,-6.938171370,7.862562698
1609059107.672861814,3.323122966,-6.890253377,7.868471696
1609059107.719268799,3.320088701,-6.844503757,7.874675579
1609059107.771308899,3.312185779,-6.748696233,7.887585706
1609059107.816430807,3.310508896,-6.704794902,7.893344656
1609059107.868459940,3.308900478,-6.658992097,7.899410331
1609059107.929617882,3.306921082,-6.565416719,7.910794194
1609059107.975869894,3.307196979,-6.517170465,7.914835376
1609059108.019260883,3.306876873,-6.474544519,7.918003739
1609059108.071308851,3.305874048,-6.429044456,7.920765957
1609059108.118227959,3.305540524,-6.383280669,7.923350945
1609059108.169425964,3.307695963,-6.333734114,7.926577537
1609059108.220384836,3.309081286,-6.285220110,7.929562956
1609059108.272061825,3.308312283,-6.191550919,7.932657203
1609059108.317972898,3.311287253,-6.142287751,7.933994729
1609059108.369568825,3.311199228,-6.094866568,7.933580453
1609059108.418992996,3.311409722,-6.045356252,7.932642789
1609059108.471980810,3.310951004,-5.996367867,7.930876181
1609059108.518958807,3.312964081,-5.897791146,7.926960227
1609059108.569254875,3.312179226,-5.846492231,7.924371439
1609059108.618510962,3.311521621,-5.793682120,7.922101201
1609059108.669453859,3.310824588,-5.739822572,7.919997177
1609059108.718801975,3.311022529,-5.689383567,7.918966984
1609059108.770404816,3.306784827,-5.581872572,7.916186384
1609059108.819056988,3.303919015,-5.525545205,7.914580449
1609059108.869622946,3.301085148,-5.470248083,7.913103692
1609059108.918223858,3.297335214,-5.414544319,7.912146889
1609059108.971238852,3.292075734,-5.356899073,7.910778015
1609059109.019345999,3.282254833,-5.244054204,7.909483118
1609059109.070441961,3.275838094,-5.185170414,7.909091676
1609059109.116930962,3.267568553,-5.124189244,7.908330096
1609059109.170501947,3.261585549,-5.067269133,7.908365377
1609059109.219985962,3.253146246,-5.008394456,7.907801747
1609059109.270733833,3.234282169,-4.888306419,7.907339802
1609059109.319357872,3.224728456,-4.826667914,7.906933842
1609059109.369944811,3.213604117,-4.769584135,7.906277045
1609059109.418345928,3.200018079,-4.709819791,7.905497659
1609059109.470854998,3.187220535,-4.650270317,7.905434674
1609059109.519123793,3.158788800,-4.526497638,7.905208223
1609059109.569474936,3.143519802,-4.468244238,7.905366428
1609059109.619344950,3.126011926,-4.408239521,7.904306157
1609059109.669111013,3.110735188,-4.344207079,7.905477034
1609059109.719721794,3.092057251,-4.281114787,7.905340672
1609059109.770294905,3.072085984,-4.217617339,7.905713038
1609059109.818902016,3.035753032,-4.094197143,7.906200537
1609059109.866366863,3.015967556,-4.033888015,7.905958117
1609059109.918872833,2.995481327,-3.974239913,7.906359978
1609059109.970428944,2.974725718,-3.910328645,7.906687248
1609059110.020937920,2.931763709,-3.785161311,7.907072468
1609059110.069512844,2.909332579,-3.724023951,7.908202835
1609059110.117493868,2.887853096,-3.663683557,7.908938017
1609059110.168442011,2.865004982,-3.598339562,7.910555515
1609059110.220046997,2.841852548,-3.535738204,7.912039448
1609059110.270608902,2.794050752,-3.413260348,7.914576629
1609059110.317911863,2.772015642,-3.355230082,7.916032955
1609059110.370545864,2.748396881,-3.294027899,7.918367509
1609059110.417778015,2.723132105,-3.233486140,7.919399781
1609059110.470695019,2.700158171,-3.173895182,7.923179609
1609059110.518499851,2.653371067,-3.057430988,7.928739008
1609059110.569983006,2.628241614,-2.998691317,7.931780846
1609059110.618979931,2.604447349,-2.941474389,7.934478662
1609059110.668301821,2.581858174,-2.884904622,7.937695442
1609059110.717305899,2.558150805,-2.829969919,7.940402001
1609059110.769930840,2.532934961,-2.773384027,7.942212373
1609059110.815823793,2.487120668,-2.665710053,7.945884692
1609059110.867610931,2.463044310,-2.612761553,7.947596929
1609059110.917042971,2.441351178,-2.564336375,7.949519278
1609059110.970839977,2.419938338,-2.514354257,7.951725695
1609059111.020228863,2.374687828,-2.414284205,7.954919645
1609059111.067514896,2.353074268,-2.367739302,7.955903495
1609059111.118038893,2.330905351,-2.319151225,7.956958078
1609059111.169479847,2.308215076,-2.270383464,7.957447525
1609059111.218819857,2.285798253,-2.222452594,7.958984220
1609059111.270442963,2.262489455,-2.173360252,7.959173795
1609059111.317875862,2.220265598,-2.084548261,7.960775982
1609059111.366796970,2.198401674,-2.039904579,7.961435902
1609059111.418528795,2.178456571,-1.996890543,7.963420774
1609059111.471213818,2.157054581,-1.951536268,7.966271694
1609059111.520559788,2.116576249,-1.869180761,7.973635158
1609059111.570277929,2.097700794,-1.829360442,7.977498796
1609059111.617713928,2.077347577,-1.787677815,7.982008470
1609059111.668460846,2.056833422,-1.746286756,7.986052033
1609059111.717840910,2.038528448,-1.708496520,7.989968426
1609059111.771657944,1.999877786,-1.630668023,7.993946756
1609059111.819173813,1.981341040,-1.593624824,7.995590589
1609059111.870706797,1.963130553,-1.555502550,7.998240116
1609059111.919008970,1.943914116,-1.518992237,7.999386974
1609059111.970510006,1.926548041,-1.484703395,8.000330847
1609059112.020135880,1.891210794,-1.416581932,8.002867056
1609059112.067521811,1.874252006,-1.383264227,8.003184137
1609059112.117288828,1.856689024,-1.350016258,8.002701953
1609059112.168198824,1.840966071,-1.318142036,8.001923436
1609059112.219998837,1.824588657,-1.287322183,8.001225275
1609059112.270524979,1.792130859,-1.223742304,7.998342511
1609059112.316543818,1.774872332,-1.192433661,7.996471930
1609059112.370374918,1.761354428,-1.162911034,7.994812939
1609059112.418840885,1.744335191,-1.133370040,7.993564814
1609059112.467559814,1.728659660,-1.103037072,7.992686235
1609059112.519743919,1.695538148,-1.041493726,7.988631920
1609059112.569530010,1.678416630,-1.009720046,7.986432511
1609059112.619131804,1.664563175,-0.982120085,7.985025692
1609059112.668860912,1.649724546,-0.953705384,7.983916763
1609059112.719383955,1.633146194,-0.923679475,7.982531112
1609059112.771152020,1.600569073,-0.861857686,7.979756145
1609059112.817716837,1.586498466,-0.834216734,7.980385381
1609059112.867039919,1.567555270,-0.800235781,7.978752776
1609059112.916484833,1.545290405,-0.770907919,7.975313431
1609059112.971682787,1.531225521,-0.734488854,7.978057124
1609059113.019783020,1.495853806,-0.668107936,7.978817634
1609059113.070169926,1.477678797,-0.635039398,7.978918275
1609059113.117924929,1.454658182,-0.602934352,7.975942737
1609059113.169578791,1.439392118,-0.563962508,7.979075352
1609059113.220016003,1.420965485,-0.529651133,7.979675554
1609059113.272037983,1.382071813,-0.457613718,7.979529990
1609059113.317919016,1.361402887,-0.418901606,7.979866111
1609059113.370287895,1.340228664,-0.381507181,7.980309176
1609059113.417537928,1.319329269,-0.343456275,7.981781134
1609059113.470947981,1.297696621,-0.303656443,7.983604369
1609059113.518100023,1.254266964,-0.227713825,7.987968454
1609059113.569540024,1.229805954,-0.186113316,7.989726775
1609059113.619409800,1.207141315,-0.146323347,7.993315481
1609059113.670444965,1.185575419,-0.109146631,7.997016695
1609059113.717279911,1.162866286,-0.069622117,8.001826138
1609059113.771608829,1.114329644,0.013555540,8.008843942
1609059113.817538023,1.090030195,0.055311633,8.013148896
1609059113.870294809,1.064106763,0.097632913,8.017594974
1609059113.916298866,1.039867828,0.137103438,8.021374912
1609059113.970114946,1.014175813,0.178283864,8.025750852
1609059114.019500971,0.987762307,0.220512205,8.029505166
1609059114.075666904,0.932222935,0.306811035,8.035356752
1609059114.117792845,0.904183232,0.350156177,8.036817679
1609059114.163830996,0.876434698,0.392873209,8.036937767
1609059114.219221830,0.848258664,0.435724561,8.037605294
1609059114.270916939,0.818375818,0.480000220,8.037766187
1609059114.318588972,0.759873491,0.564250170,8.038836158
1609059114.369071007,0.728422624,0.609349142,8.039087590
1609059114.418540001,0.697085877,0.652537603,8.039404148
1609059114.467880011,0.665991851,0.694473015,8.040383947
1609059114.518562794,0.634587873,0.736811745,8.040580717
1609059114.563555002,0.568320377,0.825108468,8.042073478
1609059114.613122940,0.533904722,0.869709343,8.042882927
1609059114.668568850,0.502448766,0.910444130,8.044510308
1609059114.718315840,0.466029654,0.951599632,8.045104250
1609059114.770936012,0.433947102,0.993969879,8.047745760
1609059114.820208788,0.361361370,1.080658777,8.053225353
1609059114.867647886,0.325938909,1.119898840,8.055998536
1609059114.916157007,0.289863072,1.161182008,8.059153814
1609059114.970299959,0.252637345,1.201497435,8.062937025
1609059115.019891977,0.213369219,1.244336740,8.065696257
1609059115.071076870,0.135212539,1.326942528,8.071086212
1609059115.117919922,0.094902513,1.368254421,8.074939058
1609059115.172938824,0.056509863,1.407863708,8.078816064
1609059115.218997002,0.014278963,1.449346162,8.083092904
1609059115.273719788,-0.027378426,1.489678440,8.086898123
1609059115.317327023,-0.106861139,1.567243658,8.095179738
1609059115.369306803,-0.106860965,1.567242388,8.095175313
1609059115.417243958,-0.194475924,1.647573302,8.104677044
1609059115.469813824,-0.238167985,1.688549483,8.110058457
1609059115.517987967,-0.280120118,1.725852724,8.115956027
1609059115.573131800,-0.370152879,1.804455916,8.125727875
1609059115.618179798,-0.370152724,1.804454779,8.125723863
1609059115.667547941,-0.461011418,1.887214049,8.134831128
1609059115.717011929,-0.504555911,1.923763103,8.140120294
1609059115.771216869,-0.549394423,1.963534254,8.144185371
1609059115.819577932,-0.643390718,2.045516337,8.154645013
1609059115.869064808,-0.690487674,2.086306231,8.157908556
1609059115.917634964,-0.734988464,2.125013876,8.162083459
1609059115.970038891,-0.779291577,2.166855036,8.165865205
1609059116.026039839,-0.876935224,2.249514380,8.174751724
1609059116.074630976,-0.924574205,2.291677438,8.178309574
1609059116.118804932,-0.971024601,2.334704937,8.181229312
1609059116.169579983,-1.017703044,2.374012839,8.184049402
1609059116.218751907,-1.063158750,2.415731389,8.188770305
1609059116.270384789,-1.108774151,2.458011668,8.192035135
1609059116.318624973,-1.200603929,2.543038227,8.200838598
1609059116.366848946,-1.245287220,2.583562778,8.204624717
1609059116.419434786,-1.289993142,2.625880748,8.208215941
1609059116.470239878,-1.332169146,2.666496029,8.211592336
1609059116.520828009,-1.377787608,2.709061707,8.214887177
1609059116.572698832,-1.461342162,2.793713994,8.221365306
1609059116.620461941,-1.501005961,2.835973061,8.224957494
1609059116.668741941,-1.540610706,2.877599020,8.227583944
1609059116.717760801,-1.580600457,2.920807853,8.230989512
1609059116.771757841,-1.619156791,2.962637302,8.234016723
1609059116.820276022,-1.691733158,3.042253892,8.239531301
1609059116.868618965,-1.727828758,3.084390791,8.242956941
1609059116.917265892,-1.763649534,3.126446002,8.245905928
1609059116.971167803,-1.799859722,3.168580598,8.248803751
1609059117.018556833,-1.831741709,3.207870367,8.251797063
1609059117.071091890,-1.900582786,3.294158034,8.256456096
1609059117.118170977,-1.931798778,3.334263609,8.260290415
1609059117.168872833,-1.963456806,3.376177743,8.262794039
1609059117.219401836,-1.994977273,3.419033821,8.266940187
1609059117.270434856,-2.027807021,3.463523542,8.271262292
1609059117.314356804,-2.088934708,3.547462438,8.279779846
1609059117.361738920,-2.120429569,3.591048791,8.284777512
1609059117.418793917,-2.151418106,3.634293702,8.289564939
1609059117.467166901,-2.181456764,3.676099198,8.294917946
1609059117.511337996,-2.212255761,3.719414865,8.301310136
1609059117.570830822,-2.275863629,3.808960034,8.314419427
1609059117.617169857,-2.306994992,3.855159266,8.321740360
1609059117.669699907,-2.339467639,3.899686702,8.328751103
1609059117.718334913,-2.369018787,3.941918853,8.335504825
1609059117.771310806,-2.399736533,3.985512425,8.342916443
1609059117.820873976,-2.463176837,4.073628617,8.357262520
1609059117.863889933,-2.495468323,4.119071167,8.365055212
1609059117.911455870,-2.525382511,4.160944573,8.372536578
1609059117.965331793,-2.557276128,4.205511812,8.379872194
1609059118.012105942,-2.588401074,4.248800279,8.387471126
1609059118.074524879,-2.621760807,4.295195263,8.394804374
1609059118.111985922,-2.684473157,4.380874475,8.409506508
1609059118.161792994,-2.716959362,4.424750348,8.415604610
1609059118.214895964,-2.749083982,4.467894018,8.422254346
1609059118.267385006,-2.782837150,4.513135963,8.427977929
1609059118.318858862,-2.848603381,4.599065934,8.439943097
1609059118.369149923,-2.880493312,4.641191258,8.446080143
1609059118.417456865,-2.913275202,4.683107543,8.450569792
1609059118.469972849,-2.948028170,4.727004025,8.456882674
1609059118.518646955,-2.981146137,4.768322130,8.461953169
1609059118.572171926,-3.050132964,4.851969486,8.472445519
1609059118.619565964,-3.085870108,4.895230549,8.476800254
1609059118.667950869,-3.121688991,4.937309678,8.481666394
1609059118.718108892,-3.157778496,4.979918757,8.486918883
1609059118.770812988,-3.195406627,5.022478578,8.491868365
1609059118.820140839,-3.231398602,5.063578197,8.495509518
1609059118.867383957,-3.305852950,5.145826280,8.504443186
1609059118.917971849,-3.344285963,5.187878876,8.508355674
1609059118.968438864,-3.380476953,5.226988838,8.511769789
1609059119.019121885,-3.417805548,5.267570245,8.515762922
1609059119.070528984,-3.496767439,5.346598618,8.519717907
1609059119.118811846,-3.534702394,5.389714042,8.524587985
1609059119.169152021,-3.569369566,5.429207183,8.525991136
1609059119.218725920,-3.606300502,5.466027669,8.528596855
1609059119.271732807,-3.643775167,5.504551912,8.530594968
1609059119.318597794,-3.719239272,5.581797378,8.531079413
1609059119.369292021,-3.753442683,5.617235732,8.531179437
1609059119.416737795,-3.789447893,5.653563627,8.530961067
1609059119.468111992,-3.826625184,5.690311386,8.530757352
1609059119.518030882,-3.862529418,5.726474650,8.530636186
1609059119.570652962,-3.930949954,5.794010042,8.530744307
1609059119.618704796,-3.965088649,5.826258136,8.530096550
1609059119.666996956,-3.997040814,5.858238132,8.529204148
1609059119.717447996,-4.029459931,5.890665019,8.528911679
1609059119.771394014,-4.061847121,5.921399151,8.528312870
1609059119.820067883,-4.121719908,5.977981317,8.526306999
1609059119.867549896,-4.149778629,6.005839719,8.525024368
1609059119.917953968,-4.178800078,6.032971379,8.523114915
1609059119.968380928,-4.207725741,6.060280530,8.521638668
1609059120.022579908,-4.233537552,6.083681321,8.520255232
1609059120.072783947,-4.285791939,6.130606123,8.517796503
1609059120.116751909,-4.312536887,6.153477959,8.516494094
1609059120.169416904,-4.338611915,6.176048706,8.515100523
1609059120.219396830,-4.361396932,6.195265976,8.513995467
1609059120.270979881,-4.384666136,6.215620538,8.512318513
1609059120.318048954,-4.433066705,6.255713221,8.507873666
1609059120.369958878,-4.455865828,6.275866334,8.504619141
1609059120.419888020,-4.478005962,6.293721317,8.501841047
1609059120.467662811,-4.500917680,6.314107346,8.497864487
1609059120.519213915,-4.523205440,6.334063237,8.493902654
1609059120.571014881,-4.572888021,6.377211080,8.484475321
1609059120.619659901,-4.595096932,6.397546647,8.480319721
1609059120.668795824,-4.618937525,6.420419544,8.475430230
1609059120.719214916,-4.644018966,6.443482887,8.470351891
1609059120.770727873,-4.669999779,6.468927018,8.465308556
1609059120.819212914,-4.720119871,6.520947678,8.454976162
1609059120.867553949,-4.746137580,6.549592448,8.450259355
1609059120.918288946,-4.772906305,6.579561144,8.444964711
1609059120.971124887,-4.801652158,6.611053812,8.440367482
1609059121.020171881,-4.857133966,6.673679902,8.429541402
1609059121.069964886,-4.887384899,6.708131338,8.423050360
1609059121.118273020,-4.916927128,6.742922106,8.416875612
1609059121.170207977,-4.948727430,6.780057525,8.410481822
1609059121.219479799,-4.977265331,6.817768138,8.403545175
1609059121.272252798,-5.033321511,6.893015226,8.390549126
1609059121.317662001,-5.060329991,6.931054085,8.384033189
1609059121.367484808,-5.089332260,6.972572769,8.376069105
1609059121.419039965,-5.113986474,7.011298610,8.369543454
1609059121.461844921,-5.140213690,7.052921510,8.361551582
1609059121.514684916,-5.190976331,7.137250105,8.345040100
1609059121.567840815,-5.190975301,7.137254335,8.345053744
1609059121.619637012,-5.237174132,7.221951801,8.327969054
1609059121.669163942,-5.259217617,7.261981125,8.318708313
1609059121.719856977,-5.280649120,7.306070969,8.309338344
1609059121.770445824,-5.319309583,7.390640615,8.290759799
1609059121.820559978,-5.335256404,7.432965570,8.281724360
1609059121.868961811,-5.350522503,7.472489677,8.273116354
1609059121.918068886,-5.365789301,7.514555250,8.264137348
1609059121.970803022,-5.378928276,7.555876311,8.255634534
1609059122.020283937,-5.398062751,7.632853999,8.241241144
1609059122.069091797,-5.407343008,7.673070729,8.234387531
1609059122.119503975,-5.414941491,7.713497943,8.226625577
1609059122.169076920,-5.419290895,7.754444770,8.219216300
1609059122.219761848,-5.423074741,7.793202141,8.212016944
1609059122.270398855,-5.429701539,7.866043097,8.198425106
1609059122.316687822,-5.430704058,7.902867480,8.191736847
1609059122.368180990,-5.430368857,7.939104580,8.185452317
1609059122.418735981,-5.431068580,7.976170323,8.178471015
1609059122.468303919,-5.428851447,8.012580770,8.172150161
1609059122.521492958,-5.425803734,8.048830878,8.166388652
1609059122.571146011,-5.422523473,8.115447709,8.156464972
1609059122.618131876,-5.416854446,8.150653001,8.151776734
1609059122.667667866,-5.412805955,8.183197085,8.147578400
1609059122.717882872,-5.408132442,8.217126126,8.143217475
1609059122.771551847,-5.404439589,8.249918534,8.139127207
1609059122.819964886,-5.392354249,8.316499324,8.132354761
1609059122.870658875,-5.388637059,8.349919231,8.127889847
1609059122.917715788,-5.383872277,8.383085271,8.125982979
1609059122.968285799,-5.376557655,8.417513477,8.123548250
1609059123.020306826,-5.370206647,8.450163920,8.120269035
1609059123.071677923,-5.362829130,8.515525423,8.112575918
1609059123.118012905,-5.357037493,8.550735362,8.108338942
1609059123.170090914,-5.352970397,8.585557661,8.103938643
1609059123.219462872,-5.350380370,8.616785462,8.100266535
1609059123.269935846,-5.348623757,8.649822567,8.095260341
1609059123.318693876,-5.341946092,8.717232607,8.087901991
1609059123.367915869,-5.341712929,8.750419281,8.083383771
1609059123.418812990,-5.340658586,8.781718789,8.079017887
1609059123.472404957,-5.338687303,8.813678184,8.074794780
1609059123.519425869,-5.338052938,8.848261449,8.069421275
1609059123.569303989,-5.338698435,8.917684709,8.058663921
1609059123.616477966,-5.339490560,8.950696263,8.054036214
1609059123.668146849,-5.340603199,8.983726951,8.049411603
1609059123.718740940,-5.343151528,9.019700681,8.044681465
1609059123.770074844,-5.346438189,9.057481297,8.039335906
1609059123.818739891,-5.353405127,9.128424512,8.031666212
1609059123.868062973,-5.358023449,9.162865706,8.027611618
1609059123.918377876,-5.361900979,9.203197540,8.022847327
1609059123.971938848,-5.366000591,9.243309387,8.019832940
1609059124.020469904,-5.380185848,9.323181954,8.011558442
1609059124.069919825,-5.386625459,9.365339343,8.009386021
1609059124.117297888,-5.393567616,9.410003050,8.006787214
1609059124.169230938,-5.401617153,9.454337745,8.003458827
1609059124.220052958,-5.409994915,9.497923932,8.000043661
1609059124.271722794,-5.417669834,9.546490841,7.997401668
1609059124.317696810,-5.436699909,9.645416775,7.990664529
1609059124.370400906,-5.447873842,9.696282343,7.986117358
1609059124.419817924,-5.455426224,9.745164218,7.983118495
1609059124.470976830,-5.464905831,9.797784192,7.980626978
1609059124.519253016,-5.487556291,9.902067353,7.974545846
1609059124.611450911,-5.507030711,10.009957974,7.971624008
1609059124.681216002,-5.529942230,10.121276303,7.968777918
1609059124.727808952,-5.539742997,10.182163701,7.967694763
1609059124.776357889,-5.548948264,10.236404427,7.967021252
1609059124.823206902,-5.560088042,10.293188843,7.966041585
1609059124.888794899,-5.579574300,10.405544618,7.964227912
1609059124.928476810,-5.588818268,10.459698288,7.962557503
1609059124.975905895,-5.598686904,10.516145255,7.960998771
1609059125.019351959,-5.606929934,10.570502811,7.959568308
1609059125.069896936,-5.614310938,10.628669208,7.958409099
1609059125.117156982,-5.622548766,10.685502858,7.956709247
1609059125.171407938,-5.631992049,10.740368473,7.954303653
1609059125.220556021,-5.644734839,10.853036142,7.951070196
1609059125.269231796,-5.652102111,10.911318990,7.948214799
1609059125.320743799,-5.660282602,10.966770534,7.945557173
1609059125.374982834,-5.665650928,11.022566780,7.943290678
1609059125.419250011,-5.669147323,11.081327092,7.941701112
1609059125.471244812,-5.681787274,11.196756429,7.937435553
1609059125.518460989,-5.684842997,11.256279532,7.936072037
1609059125.569867849,-5.687443005,11.315429865,7.934556452
1609059125.620548964,-5.691842071,11.370587102,7.932582833
1609059125.671415806,-5.696440723,11.427908814,7.930097884
1609059125.719482899,-5.700093731,11.547822967,7.926732638
1609059125.770500898,-5.703520911,11.607476109,7.924483801
1609059125.820546865,-5.706289596,11.664108727,7.922665547
1609059125.871147871,-5.708931965,11.724115471,7.920987065
1609059125.917496920,-5.709173681,11.785468167,7.920586837
1609059125.971696854,-5.712115808,11.848615794,7.919889855
1609059126.021550894,-5.715441030,11.974538792,7.920057134
1609059126.068472862,-5.715476823,12.035175476,7.920686283
1609059126.117141962,-5.717700115,12.095287825,7.920555055
1609059126.171036959,-5.719629686,12.153872681,7.920449416
1609059126.220976830,-5.720425306,12.216045153,7.920258614
1609059126.270471811,-5.720732856,12.336468003,7.919113121
1609059126.318125010,-5.721938738,12.394717315,7.917593640
1609059126.370427847,-5.720340984,12.450718476,7.917017570
1609059126.419728994,-5.719734297,12.509937343,7.915443190
1609059126.472600937,-5.716582256,12.615679100,7.914009946
1609059126.519011974,-5.713208243,12.665733155,7.914073875
1609059126.570868969,-5.709046725,12.718261622,7.914442812
1609059126.620041847,-5.704969354,12.762933662,7.915060741
1609059126.671611786,-5.702995779,12.812281347,7.915677537
1609059126.719896793,-5.694013952,12.907525354,7.919286611
1609059126.768651009,-5.690592335,12.949605632,7.921784008
1609059126.819185972,-5.687204390,12.992449086,7.924632986
1609059126.869761944,-5.679733151,13.030441031,7.928273345
1609059126.919531822,-5.671158001,13.071557581,7.932127475
1609059126.970522881,-5.656576113,13.144125055,7.938494112
1609059127.019923925,-5.648137334,13.178257046,7.942379679
1609059127.091058969,-5.628834732,13.244468586,7.952130043
1609059127.129465818,-5.620861992,13.272170519,7.956144756
1609059127.174527884,-5.610407285,13.302307642,7.960983449
1609059127.218879938,-5.598324903,13.331452067,7.965519873
1609059127.267308950,-5.588485906,13.360193210,7.968670616
1609059127.317709923,-5.579138872,13.387014479,7.971097057
1609059127.373072863,-5.568679492,13.412775188,7.973790122
1609059127.419776917,-5.557087018,13.438705895,7.976845182
1609059127.470183849,-5.536686672,13.488085276,7.981340349
1609059127.518424988,-5.527283110,13.512032807,7.983880677
1609059127.568066835,-5.517113733,13.535105842,7.984735115
1609059127.618834972,-5.508809148,13.556805978,7.984629129
1609059127.670822859,-5.492727878,13.599484907,7.982758019
1609059127.716928005,-5.484654598,13.620000953,7.981310026
1609059127.768737793,-5.477999971,13.637930451,7.979693639
1609059127.817101002,-5.470685763,13.655883382,7.977468895
1609059127.872561932,-5.462776285,13.673713042,7.974692406
1609059127.918706894,-5.452562711,13.705699612,7.968121825
1609059127.969045877,-5.447797896,13.719551205,7.964756705
1609059128.019594908,-5.444370328,13.733761590,7.961327422
1609059128.070163012,-5.441866789,13.747916286,7.958582097
1609059128.119773865,-5.440409097,13.760397673,7.955484761
1609059128.173548937,-5.438254499,13.784127170,7.951199727
1609059128.220589876,-5.438747680,13.794124897,7.949263185
1609059128.272430897,-5.438771936,13.803520708,7.947624582
1609059128.320488930,-5.440360143,13.812348354,7.946110091
1609059128.373304844,-5.442246086,13.820103826,7.944878353
1609059128.420655966,-5.447966794,13.833393152,7.944187626
1609059128.470481873,-5.452958894,13.840036472,7.943247549
1609059128.513201952,-5.459955992,13.846301634,7.943946536
1609059128.565060854,-5.467662645,13.852277928,7.946355110
1609059128.613854885,-5.476149901,13.857356185,7.946878430
1609059128.666258812,-5.485511336,13.861405511,7.946786555
1609059128.718616962,-5.506505892,13.867337881,7.950060884
1609059128.771715879,-5.520075357,13.868617597,7.953889510
1609059128.821093798,-5.532721484,13.869895426,7.955734112
1609059128.872680902,-5.551401732,13.869020062,7.959121545
1609059128.922290802,-5.586729932,13.867451425,7.962302502
1609059128.974802971,-5.606222364,13.866326450,7.963146763
1609059129.020968914,-5.630187682,13.862754721,7.964280563
1609059129.072780848,-5.654890920,13.859511006,7.968435013
1609059129.122488976,-5.682329731,13.854774233,7.969208242
1609059129.172531843,-5.713423515,13.849416392,7.973605200
1609059129.222119808,-5.773847348,13.836308273,7.978345830
1609059129.273701906,-5.809130169,13.828018259,7.980958136
1609059129.321604967,-5.845410784,13.818793176,7.983352723
1609059129.372582912,-5.884907699,13.808642338,7.986386816
1609059129.422379971,-5.925756338,13.798670308,7.992010463
1609059129.473158836,-6.013142622,13.774879149,7.996540893
1609059129.528059006,-6.056308675,13.763264142,7.998091019
1609059129.575236797,-6.099383760,13.753188907,8.002185902
1609059129.625874996,-6.147329438,13.739642206,8.006774780
1609059129.671926975,-6.193980595,13.726172386,8.009388398
1609059129.722924948,-6.239551815,13.714724380,8.014483413
1609059129.774200916,-6.336777202,13.688957420,8.022718790
1609059129.819911003,-6.383995649,13.675298473,8.025449987
1609059129.873624802,-6.426740352,13.665144433,8.030853936
1609059129.920917988,-6.481540593,13.649791674,8.033512368
1609059129.972687960,-6.535416842,13.634541644,8.038649243
1609059130.022013903,-6.583399501,13.621738855,8.044663218
1609059130.073828936,-6.627893041,13.610692957,8.046593819
1609059130.121227980,-6.721930788,13.585291242,8.053004978
1609059130.173238993,-6.763919186,13.574666303,8.055662448
1609059130.220538855,-6.809326497,13.562644984,8.057812793
1609059130.272919893,-6.853736741,13.551484514,8.063330557
1609059130.322222948,-6.945035136,13.525918726,8.068757601
1609059130.374766827,-6.985832224,13.515774239,8.068911118
1609059130.420027018,-7.030966266,13.502964359,8.072172622
1609059130.471573830,-7.075526705,13.489324481,8.075159033
1609059130.522508860,-7.120097186,13.475580138,8.078476532
1609059130.574105978,-7.204459435,13.449592389,8.092082007
1609059130.620292902,-7.247358297,13.434425317,8.096206711
1609059130.672021866,-7.289544928,13.422506417,8.104274266
1609059130.720496893,-7.329761277,13.408899203,8.110055038
1609059130.771967888,-7.376431442,13.392475727,8.118227704
1609059130.820114851,-7.419088551,13.377340659,8.125404672
1609059130.872970819,-7.458653247,13.362875820,8.133703398
1609059130.922863007,-7.538386258,13.332403358,8.154585726
1609059130.972354889,-7.578035148,13.316357380,8.167659698
1609059131.021142960,-7.616865132,13.300905551,8.178384863
1609059131.070525885,-7.655099877,13.285124062,8.189336990
1609059131.121339798,-7.694314515,13.269574946,8.203423246
1609059131.171767950,-7.733840530,13.251442628,8.213633293
1609059131.219172001,-7.803491537,13.223537000,8.237652040
1609059131.269722939,-7.839746567,13.207829355,8.248855907
1609059131.318410873,-7.875688222,13.191873049,8.259823650
1609059131.370011806,-7.909183096,13.177545213,8.270814360
1609059131.419656992,-7.941775948,13.164721254,8.281536027
1609059131.471271992,-8.016468807,13.136128492,8.303341580
1609059131.518492937,-8.051062728,13.123522327,8.313358586
1609059131.569388866,-8.084307398,13.111823713,8.323455206
1609059131.619825840,-8.119196545,13.098929429,8.332828489
1609059131.671432018,-8.152685680,13.087682859,8.340415285
1609059131.720827818,-8.217055731,13.069027489,8.356874969
1609059131.770591021,-8.249707473,13.059366179,8.364391692
1609059131.819031954,-8.286017889,13.048520348,8.371977641
1609059131.870497942,-8.319598970,13.039668933,8.379063782
1609059131.917600870,-8.353827608,13.031084963,8.386165274
1609059131.972256899,-8.426861808,13.013300914,8.397209741
1609059132.019721985,-8.460486452,13.006120363,8.401839259
1609059132.070302010,-8.494882406,12.999430932,8.407337395
1609059132.118561983,-8.531908381,12.991407419,8.412424740
1609059132.175611973,-8.568104616,12.984011712,8.416732791
1609059132.219413996,-8.603468049,12.977561492,8.421131285
1609059132.271993876,-8.672278910,12.966410280,8.430453845
1609059132.319219828,-8.707764746,12.959608141,8.434573363
1609059132.369942904,-8.742195481,12.954124555,8.439758351
1609059132.419301987,-8.775902393,12.948991453,8.444897082
1609059132.471143007,-8.812518958,12.941030997,8.449455688
1609059132.520779848,-8.848428776,12.933776786,8.453959847
1609059132.572587967,-8.914821002,12.921494041,8.464495808
1609059132.621431828,-8.948696517,12.914564462,8.468809146
1609059132.670950890,-8.983372178,12.906371026,8.473488784
1609059132.718377829,-9.016816461,12.899645538,8.480460823
1609059132.772106886,-9.050518350,12.892263047,8.485937789
1609059132.819508791,-9.121458745,12.875607018,8.497910116
1609059132.873557806,-9.156850770,12.866961719,8.504111955
1609059132.919242859,-9.189222120,12.858874811,8.508784325
1609059132.971023798,-9.226450298,12.848788877,8.514690641
1609059133.020718813,-9.263171892,12.837835628,8.518516597
1609059133.071072817,-9.336203686,12.818090176,8.529486434
1609059133.119505882,-9.373409750,12.806510587,8.534241366
1609059133.170503855,-9.411870039,12.793546073,8.539274648
1609059133.219910860,-9.444112040,12.784057111,8.544344342
1609059133.273763895,-9.480674223,12.772401218,8.548796748
1609059133.320320845,-9.557404866,12.746685270,8.553953286
1609059133.372562885,-9.595443730,12.734427776,8.555848994
1609059133.420113802,-9.634136750,12.721866528,8.558141403
1609059133.471459866,-9.675433867,12.706814147,8.560232277
1609059133.518785954,-9.715960467,12.692226359,8.561478073
1609059133.571216822,-9.758192648,12.676198736,8.561469939
1609059133.620765924,-9.836219952,12.648345669,8.566035331
1609059133.672170877,-9.878702167,12.632587789,8.567007174
1609059133.719103813,-9.917034256,12.619003944,8.566964168
1609059133.771233797,-9.959283737,12.602639454,8.568845746
1609059133.819286823,-10.003497796,12.583625619,8.569532624
1609059133.871935844,-10.045326441,12.566340438,8.572023498
1609059133.918134928,-10.123921614,12.534304256,8.577191918
1609059133.969134808,-10.168183037,12.516142493,8.580597914
1609059134.020726919,-10.210696938,12.501794202,8.584105783
1609059134.072389841,-10.254243033,12.486014618,8.588318929
1609059134.175720930,-10.384588292,12.442645697,8.597334092
1609059134.219779968,-10.424606151,12.430400595,8.601173181
1609059134.271309853,-10.468451478,12.416101900,8.604988887
1609059134.319792986,-10.512934621,12.402057907,8.607137548
1609059134.379912853,-10.599273967,12.381455706,8.613903729
1609059134.424757004,-10.642525027,12.372240132,8.616986944
1609059134.471328974,-10.688514726,12.362728308,8.620304541
1609059134.519223928,-10.732619185,12.355201488,8.622792296
1609059134.569654942,-10.774305209,12.349560727,8.626211252
1609059134.621969938,-10.819622007,12.341134497,8.628614293
1609059134.676658869,-10.905593030,12.329120531,8.632079950
1609059134.723817825,-10.946580581,12.325114946,8.633526234
1609059134.771322966,-10.990431583,12.318404772,8.634618454
1609059134.820580959,-11.032800024,12.312150799,8.635061547
1609059134.871115923,-11.074636545,12.307569759,8.635564841
1609059134.919582844,-11.114932102,12.303605847,8.636515052
1609059134.973055840,-11.196374297,12.293226494,8.636494232
1609059135.019295931,-11.233604693,12.290144271,8.636245387
1609059135.070768833,-11.271236435,12.285415035,8.635893456
1609059135.119188786,-11.308110869,12.279767447,8.635229486
1609059135.171149015,-11.343863514,12.273697915,8.635234114
1609059135.220683813,-11.376516546,12.266916429,8.633938044
1609059135.272459984,-11.439486946,12.253612143,8.633926918
1609059135.319361925,-11.469537515,12.244651867,8.633091385
1609059135.371101856,-11.498622088,12.236318689,8.632336166
1609059135.418447971,-11.525621017,12.228420408,8.632056646
1609059135.471065998,-11.553355837,12.218673988,8.631370687
1609059135.521373987,-11.602515416,12.200161757,8.630869915
1609059135.568803787,-11.625351107,12.191204293,8.631112693
1609059135.620187998,-11.647861947,12.181159131,8.630583552
1609059135.669688940,-11.669706039,12.171400678,8.630799722
1609059135.718196869,-11.688742848,12.163252811,8.630619625
1609059135.771313906,-11.709029215,12.153375835,8.630673327
1609059135.819724798,-11.745870064,12.134729133,8.632533201
1609059135.867995977,-11.762331124,12.126926400,8.633653912
1609059135.961721897,-11.796701464,12.109022252,8.639118365
1609059136.028361797,-11.828165294,12.092681795,8.646060310
1609059136.074761868,-11.842196842,12.084916115,8.650580356
1609059136.119046926,-11.856045886,12.077002987,8.654976557
1609059136.169595003,-11.869222967,12.070116747,8.659867229
1609059136.219702959,-11.882683498,12.063325057,8.665675070
1609059136.272113800,-11.896496125,12.056085919,8.670745196
1609059136.322432995,-11.922212503,12.043191417,8.682433659
1609059136.367760897,-11.934983870,12.036685054,8.688325703
1609059136.419577837,-11.947323179,12.030090947,8.694038736
1609059136.470831871,-11.959203317,12.023788306,8.700629185
1609059136.519729853,-11.969839471,12.018307323,8.707022741
1609059136.572721004,-11.991281736,12.004647587,8.720674210
1609059136.620041847,-12.000288866,11.999097957,8.727377977
1609059136.668502808,-12.010439729,11.992730907,8.735191172
1609059136.718801975,-12.019392090,11.986577818,8.741342155
1609059136.771471024,-12.028463111,11.979827528,8.748819166
1609059136.873921871,-12.050667205,11.962227238,8.767305097
1609059136.917765856,-12.056761311,11.956566960,8.772979852
1609059136.970553875,-12.062400429,11.950787612,8.777607518
1609059137.020280838,-12.068865040,11.944597394,8.781611559
1609059137.070853949,-12.073669519,11.939445145,8.785427062
1609059137.120908022,-12.082950931,11.928389241,8.791369248
1609059137.171382904,-12.086570867,11.922770160,8.794637929
1609059137.218569994,-12.089851855,11.916388215,8.796103842
1609059137.270452023,-12.092215651,11.911050513,8.797770120
1609059137.318769932,-12.094918101,11.905154195,8.799940100
1609059137.370791912,-12.096613818,11.899574297,8.799774566
1609059137.420187950,-12.100959076,11.886698869,8.801757778
1609059137.472498894,-12.102921279,11.880648058,8.801016458
1609059137.519029856,-12.104142856,11.875613645,8.800396972
1609059137.569163799,-12.104370965,11.870543845,8.799510059
1609059137.623077869,-12.104762033,11.865582255,8.797915917
1609059137.672780991,-12.104803240,11.861183730,8.795799543
1609059137.719504833,-12.103797431,11.852117240,8.791068265
1609059137.767938852,-12.103521076,11.847491547,8.787910241
1609059137.813174963,-12.103430801,11.843316180,8.784514715
1609059137.864955902,-12.103245486,11.839377924,8.781260086
1609059137.912861824,-12.103516909,11.836160083,8.777005812
1609059137.972195864,-12.102750999,11.833724842,8.771871790
1609059138.021399021,-12.099921541,11.829369809,8.760937571
1609059138.071712017,-12.099230574,11.827277613,8.754655133
1609059138.120212793,-12.097968468,11.826302979,8.747170768
1609059138.169078827,-12.097020262,11.825072972,8.740904005
1609059138.222589970,-12.096010581,11.824220678,8.734345946
1609059138.268001795,-12.095151255,11.823574626,8.727498482
1609059138.315245867,-12.092561221,11.822694353,8.713059521
1609059138.362281799,-12.090347411,11.821907210,8.705326599
1609059138.414305925,-12.088436235,11.821913440,8.698784190
1609059138.463804960,-12.087035437,11.821573082,8.691350174
1609059138.515782833,-12.085161744,11.821919068,8.684116831
1609059138.565018892,-12.081142009,11.822430576,8.668421258
1609059138.615509987,-12.078889134,11.822882909,8.661485931
1609059138.663847923,-12.076606646,11.822856780,8.654046299
1609059138.713716984,-12.073828802,11.823062958,8.647637789
1609059138.765491009,-12.071213414,11.823027453,8.640728891
1609059138.820508003,-12.065449612,11.823111595,8.624462258
1609059138.871066809,-12.062073962,11.823216666,8.615395758
1609059138.919726849,-12.061804103,11.821408716,8.608501618
1609059138.969756842,-12.056228502,11.823716520,8.600783256
1609059139.020185947,-12.054877969,11.822107081,8.593791185
1609059139.072805882,-12.049817383,11.820525200,8.580364022
1609059139.121190786,-12.046431914,11.820485613,8.573630716
1609059139.169205904,-12.043939308,11.819843366,8.568046608
1609059139.214375973,-12.041269693,11.819422659,8.563417938
1609059139.264192820,-12.039297524,11.818536331,8.559242960
1609059139.317317963,-12.035512565,11.816860189,8.552520106
1609059139.365746021,-12.034134943,11.815550807,8.550397005
1609059139.413117886,-12.032211628,11.815037187,8.548697798
1609059139.463584900,-12.031576290,11.814633894,8.548086545
1609059139.514431953,-12.031332185,11.814342941,8.547645576
1609059139.565152884,-12.031097480,11.814060965,8.548467091
1609059139.614700794,-12.031412029,11.814145744,8.550604242
1609059139.664214849,-12.031834483,11.815014901,8.553145183
1609059139.712332010,-12.033110129,11.815895902,8.555319614
1609059139.765263796,-12.034782184,11.816442787,8.559217140
1609059139.813413858,-12.037111241,11.816837890,8.563658837
1609059139.866509914,-12.038914054,11.818249220,8.569009189
1609059139.913288832,-12.043912184,11.819955918,8.580368634
1609059139.964833021,-12.046373232,11.821364899,8.586365867
1609059140.013372898,-12.049393873,11.822355484,8.593123231
1609059140.063907862,-12.052730542,11.824201738,8.599598195
1609059140.112385988,-12.056550660,11.825953334,8.608036435
1609059140.166090965,-12.059372184,11.828247326,8.614665179
1609059140.212868929,-12.066176677,11.832763316,8.628933002
1609059140.264145851,-12.069312236,11.834058861,8.635160060
1609059140.311834812,-12.072811224,11.835548102,8.641836631
1609059140.364552975,-12.075684407,11.837243319,8.648335835
1609059140.413812876,-12.079158262,11.838343114,8.654940719
1609059140.465339899,-12.082262359,11.839423910,8.660684806
1609059140.514631987,-12.087608177,11.841347004,8.673283685
1609059140.562083006,-12.090485111,11.841623412,8.679903237
1609059140.621864796,-12.093564065,11.840240461,8.685648039
1609059140.671790838,-12.094888692,11.839123230,8.692692169
1609059140.721338987,-12.096417056,11.837177093,8.699086128
1609059140.771861792,-12.097489027,11.830624005,8.710853525
1609059140.820179939,-12.097924439,11.826897850,8.718216087
1609059140.869841814,-12.097995135,11.822269316,8.725476816
1609059140.938671827,-12.094644963,11.812022142,8.741062577
1609059140.981619835,-12.092837697,11.805454622,8.751063240
1609059141.026866913,-12.088104036,11.799475589,8.759445855
1609059141.072527885,-12.084745329,11.792638051,8.767814325
1609059141.119328976,-12.079070667,11.786147371,8.776350635
1609059141.168537855,-12.072857565,11.778480862,8.785286795
1609059141.218753815,-12.065450690,11.770803091,8.794531438
1609059141.262803793,-12.057047468,11.763330581,8.804015556
1609059141.316522837,-12.047234071,11.754801218,8.812980655
1609059141.365106821,-12.023594326,11.740343336,8.831540345
1609059141.415053844,-12.010152189,11.732521362,8.841064008
1609059141.471868992,-11.996586573,11.725026894,8.849826441
1609059141.519461870,-11.980740612,11.718249351,8.859416948
1609059141.571964979,-11.963066925,11.713303976,8.870066187
1609059141.620522022,-11.923803444,11.703536435,8.889362796
1609059141.671039820,-11.902059415,11.697883189,8.899657960
1609059141.719654799,-11.883001978,11.689990325,8.909656151
1609059141.770594835,-11.860163454,11.683014718,8.920040247
1609059141.820801973,-11.836528323,11.675710788,8.930786640
1609059141.874334812,-11.811619861,11.668921038,8.940981242
1609059141.919319868,-11.760143563,11.655121096,8.960871291
1609059141.972112894,-11.732085184,11.647134315,8.970736318
1609059142.044200897,-11.674314618,11.629249002,8.990005956
1609059142.131012917,-11.612481265,11.607854894,9.009364544
1609059142.176948786,-11.582264551,11.595190824,9.019838621
1609059142.220242023,-11.549954520,11.581351651,9.029119881
1609059142.270439863,-11.517338321,11.563961502,9.038287882
1609059142.319830894,-11.485715812,11.545128443,9.045625917
1609059142.370392799,-11.451833683,11.526046107,9.052451122
1609059142.420107841,-11.417382134,11.505342189,9.059297099
1609059142.472827911,-11.346372617,11.455237685,9.072417887
1609059142.519176960,-11.310507153,11.429217702,9.078890477
1609059142.570879936,-11.274981679,11.401360876,9.085334275
1609059142.620126963,-11.238092128,11.371553556,9.092137025
1609059142.671647787,-11.198824674,11.338794019,9.098695401
1609059142.720909834,-11.159539934,11.305410927,9.104696132
1609059142.772666931,-11.080021833,11.233443644,9.116747872
1609059142.821067810,-11.039386232,11.195642830,9.122529239
1609059142.871662855,-10.998104650,11.153745490,9.129190633
1609059142.918120861,-10.957068448,11.114598792,9.135700436
1609059142.971745014,-10.915565765,11.072918683,9.141951615
1609059143.022369862,-10.832302633,10.987951825,9.155718974
1609059143.070971966,-10.790059968,10.943863638,9.162518683
1609059143.120690823,-10.748177279,10.899894406,9.171263524
1609059143.170042992,-10.706680652,10.856214785,9.179149573
1609059143.219520807,-10.665592550,10.812661398,9.187958991
1609059143.271264791,-10.624347227,10.768630409,9.197604892
1609059143.320843935,-10.584032649,10.726113572,9.206890473
1609059143.371606827,-10.507052344,10.644182797,9.225083564
1609059143.420250893,-10.469818581,10.605203235,9.235149783
1609059143.470704794,-10.432796817,10.566966002,9.246483067
1609059143.518737793,-10.397875557,10.528675427,9.256874514
1609059143.570344925,-10.363768298,10.493995359,9.268450189
1609059143.620695829,-10.299762159,10.425834357,9.291046903
1609059143.671620846,-10.266912329,10.391409836,9.303684494
1609059143.719008923,-10.236012329,10.360058412,9.317398454
1609059143.770695925,-10.204917471,10.328088433,9.328644855
1609059143.821148872,-10.174700764,10.298543707,9.341230015
1609059143.872579813,-10.146280787,10.269519284,9.352601200
1609059143.921038866,-10.094620126,10.218529067,9.374334256
1609059143.969534874,-10.069501082,10.192993318,9.385861230
1609059144.061400890,-10.020562508,10.145895026,9.408753200
1609059144.128523827,-9.971033549,10.101045999,9.431545649
1609059144.176916838,-9.951622547,10.081343434,9.441302165
1609059144.219614983,-9.929992615,10.058609424,9.451025774
1609059144.272157907,-9.907832648,10.036948254,9.460791130
1609059144.319255829,-9.885848439,10.014841459,9.470326517
1609059144.369784832,-9.862818444,9.991596187,9.479728138
1609059144.419919968,-9.820675599,9.948718200,9.496632764
1609059144.471786022,-9.798719208,9.926107085,9.505720933
1609059144.518303871,-9.777213977,9.904051255,9.512964713
1609059144.569121838,-9.754023836,9.880299932,9.519929252
1609059144.619875908,-9.732036767,9.856207192,9.526089274
1609059144.672132969,-9.709500538,9.832232512,9.531969220
1609059144.720429897,-9.665151196,9.780620875,9.543135298
1609059144.765377998,-9.641868685,9.753244254,9.548436039
1609059144.813001871,-9.618770239,9.725438220,9.554240067
1609059144.864624023,-9.594869879,9.696293059,9.559866599
1609059144.919447899,-9.571176229,9.666720091,9.565461956
1609059144.974205017,-9.520987387,9.605069020,9.576305705
1609059145.020219803,-9.497041154,9.573519368,9.581360046
1609059145.070957899,-9.470192238,9.541185739,9.587147153
1609059145.119778872,-9.444146486,9.506971806,9.591894638
1609059145.170210838,-9.416503290,9.471715421,9.596736457
1609059145.219400883,-9.389926339,9.436214983,9.601348700
1609059145.263986826,-9.335553569,9.363968580,9.611136557
1609059145.314266920,-9.309019168,9.327919023,9.616383503
1609059145.362690926,-9.284072794,9.293602514,9.621721108
1609059145.414036989,-9.257078422,9.257544369,9.627043961
1609059145.462732792,-9.228938974,9.218723426,9.632111245
1609059145.515401840,-9.201826915,9.181241972,9.637595817
1609059145.563713789,-9.147321463,9.103610328,9.647069581
1609059145.615207911,-9.119683511,9.065555000,9.652768862
1609059145.668977976,-9.092877035,9.026903472,9.658139119
1609059145.717672825,-9.064855191,8.988904473,9.664520625
1609059145.772847891,-9.035989977,8.947439610,9.671528027
1609059145.819386005,-8.983323603,8.870802273,9.684125568
1609059145.869827986,-8.956477649,8.831104128,9.690539161
1609059145.919040918,-8.929603640,8.792135803,9.697253790
1609059145.970423937,-8.901073951,8.750284265,9.703681832
1609059146.020905018,-8.874774184,8.710522488,9.710634791
1609059146.073608875,-8.820148986,8.629696229,9.722988325
1609059146.120992899,-8.794541211,8.589611186,9.729784596
1609059146.169576883,-8.767114243,8.548455562,9.737563387
1609059146.220160007,-8.738982339,8.505717372,9.744990678
1609059146.270756960,-8.712338781,8.464065393,9.752750501
1609059146.325923920,-8.657402427,8.382428240,9.766268782
1609059146.376322985,-8.630474510,8.341679876,9.772941222
1609059146.420622826,-8.606263692,8.303546309,9.778921415
1609059146.471087933,-8.579951094,8.262011543,9.785407223
1609059146.518318892,-8.553235562,8.221658540,9.791064565
1609059146.572156906,-8.526054146,8.179407135,9.797013579
1609059146.623909950,-8.468410422,8.094710028,9.809150874
1609059146.672004938,-8.442842598,8.056783802,9.814074315
1609059146.719255924,-8.416595762,8.017041904,9.818873938
1609059146.770678997,-8.389988584,7.978086504,9.822348311
1609059146.820148945,-8.363066931,7.938244085,9.826582449
1609059146.871881008,-8.335440741,7.898726406,9.830312566
1609059146.920264959,-8.281018375,7.820201240,9.835320784
1609059146.969828844,-8.253808709,7.781497802,9.837726620
1609059147.020687819,-8.226619588,7.742354882,9.839970115
1609059147.071158886,-8.199195385,7.703419974,9.841700165
1609059147.121876001,-8.171203562,7.663817224,9.843036491
1609059147.173461914,-8.117814150,7.588082239,9.846187029
1609059147.220946789,-8.091137810,7.550427045,9.848854176
1609059147.273127794,-8.064105476,7.512738501,9.850015621
1609059147.318980932,-8.037442991,7.476499579,9.850854156
1609059147.370765924,-8.010228997,7.437923669,9.850814697
1609059147.420705795,-7.983641631,7.399830890,9.849909972
1609059147.472224951,-7.931647320,7.325179968,9.848194544
1609059147.517446995,-7.907084807,7.289571841,9.847089612
1609059147.569060802,-7.882433172,7.253919027,9.844221972
1609059147.620718956,-7.855633249,7.217628680,9.841906670
1609059147.671218872,-7.831608436,7.180061098,9.838501909
1609059147.721695900,-7.783612530,7.107158039,9.829646075
1609059147.771551847,-7.759203434,7.069672684,9.824638533
1609059147.820141792,-7.734484667,7.032066070,9.820359151
1609059147.870451927,-7.709539282,6.995419392,9.816106865
1609059147.918099880,-7.686135848,6.957798798,9.811855301
1609059147.971988916,-7.661827503,6.921944800,9.808264911
1609059148.022563934,-7.614670450,6.847119554,9.801704680
1609059148.070925951,-7.590730125,6.809636799,9.799195183
1609059148.120692968,-7.568013061,6.772852269,9.796644834
1609059148.169456959,-7.545312236,6.734527649,9.795451363
1609059148.221153975,-7.522711564,6.698339717,9.793120533
1609059148.272843838,-7.499775381,6.658458840,9.791695158
1609059148.320840836,-7.453048189,6.587993095,9.790889784
1609059148.370288849,-7.434422549,6.546952418,9.790465188
1609059148.463289022,-7.391493812,6.471819340,9.789401808
1609059148.528986931,-7.346971565,6.394191805,9.792552447
1609059148.577132940,-7.326811553,6.357495960,9.793991207
1609059148.620301962,-7.305850469,6.320227166,9.796424975
1609059148.669677019,-7.285357771,6.284114441,9.799331483
1609059148.718890905,-7.265149345,6.246682663,9.802013135
1609059148.772637844,-7.244741256,6.209291024,9.804751363
1609059148.822352886,-7.203890845,6.133699105,9.810005123
1609059148.871833801,-7.182867768,6.096446150,9.813527786
1609059148.919052839,-7.161134393,6.057801741,9.817013365
1609059148.969808817,-7.140601280,6.019226610,9.819290004
1609059149.020950794,-7.119913350,5.980199467,9.821325927
1609059149.072537899,-7.097398575,5.940679909,9.823337802
1609059149.120779991,-7.055019946,5.864005750,9.825352547
1609059149.169350863,-7.033004196,5.824776844,9.826996585
1609059149.219643831,-7.011487423,5.786879190,9.827653478
1609059149.271377802,-6.989245383,5.745422958,9.827268118
1609059149.319966793,-6.967572666,5.707172123,9.826970052
1609059149.372874022,-6.921323834,5.626403650,9.823673088
1609059149.421438932,-6.898197989,5.586701792,9.821014986
1609059149.471971989,-6.874882630,5.546713488,9.817578341
1609059149.542534828,-6.828330325,5.468954790,9.808729648
1609059149.588089943,-6.805363382,5.430455008,9.803949326
1609059149.628868818,-6.779959694,5.386223788,9.797454261
1609059149.675421953,-6.757914050,5.349194118,9.792133402
1609059149.718904972,-6.734208733,5.310376148,9.785119915
1609059149.771307945,-6.710148370,5.269808137,9.778371001
1609059149.819730997,-6.685815560,5.230762663,9.769913435
1609059149.872295856,-6.660072186,5.190447807,9.761235124
1609059149.921547890,-6.610973285,5.112181929,9.743937192
1609059149.968860865,-6.585519488,5.072031069,9.734270643
1609059150.020437002,-6.560692707,5.032031620,9.724106218
1609059150.072385788,-6.536853024,4.992908511,9.712185198
1609059150.121300936,-6.512464546,4.951610417,9.699170860
1609059150.174381971,-6.488451984,4.912390650,9.685217802
1609059150.220910788,-6.442643277,4.835171343,9.660359677
1609059150.272702932,-6.417868424,4.794576057,9.647030892
1609059150.319258928,-6.394632747,4.754082747,9.636741377
1609059150.370746851,-6.371438410,4.714743486,9.624314389
1609059150.420375824,-6.348800909,4.675066764,9.614102700
1609059150.472167969,-6.300653221,4.592094454,9.595801936
1609059150.519819021,-6.280824984,4.554713141,9.587917745
1609059150.570343971,-6.257937317,4.512521292,9.580799536
1609059150.621371984,-6.236922760,4.471586544,9.572191953
1609059150.672886848,-6.214713282,4.430598452,9.565374461
1609059150.722324848,-6.174059427,4.349891353,9.552983352
1609059150.769806862,-6.152162671,4.307448073,9.548934437
1609059150.821460962,-6.132523740,4.266636915,9.543536218
1609059150.871017933,-6.112167944,4.224547880,9.538619024
1609059150.920444012,-6.092353865,4.182383997,9.534173924
1609059150.974543810,-6.073005817,4.139516812,9.528437029
1609059151.021144867,-6.034647430,4.055166414,9.521219012
1609059151.071692944,-6.015260318,4.012961202,9.517113419
1609059151.120762825,-5.995953379,3.972080850,9.512813715
1609059151.169406891,-5.976918070,3.929338702,9.508843177
1609059151.221115828,-5.957529160,3.887701450,9.504477184
1609059151.273664951,-5.916602630,3.801237982,9.496069122
1609059151.319193840,-5.897365469,3.760763563,9.492229844
1609059151.370015860,-5.878026687,3.721949587,9.487338440
1609059151.419621944,-5.857407216,3.682610001,9.482492288
1609059151.471132994,-5.835285407,3.642142135,9.476119665
1609059151.521763802,-5.814106184,3.603495502,9.470152342
1609059151.572579861,-5.769212065,3.527394931,9.457372633
1609059151.621018887,-5.747323788,3.489897140,9.449542715
1609059151.715223789,-5.699455083,3.417575418,9.431736719
1609059151.780171871,-5.648873152,3.347789689,9.413701531
1609059151.825354815,-5.623664937,3.315804624,9.405020074
1609059151.869300842,-5.598377092,3.285584101,9.396301289
1609059151.964518785,-5.542052861,3.222573357,9.378787657
1609059152.030907869,-5.484086864,3.167216090,9.361260790
1609059152.073098898,-5.456112849,3.141747769,9.352309667
1609059152.119509935,-5.424743921,3.116875116,9.344083791
1609059152.169248819,-5.394797355,3.091617706,9.334847639
1609059152.220336914,-5.361229556,3.067381412,9.325225328
1609059152.272810936,-5.330115118,3.043352452,9.316091303
1609059152.321270943,-5.296904687,3.020613068,9.306857093
1609059152.375419855,-5.232820000,2.977442825,9.289064295
1609059152.419296980,-5.200582314,2.956517837,9.280386210
1609059152.470769882,-5.166865007,2.935735396,9.271191597
1609059152.519202948,-5.133095914,2.915555033,9.262680158
1609059152.570187807,-5.100295179,2.896273882,9.254137637
1609059152.627077818,-5.033327738,2.856520769,9.236954100
1609059152.673039913,-5.000382826,2.839641459,9.228735136
1609059152.720479012,-4.966739687,2.821748591,9.220561990
1609059152.768731833,-4.934001324,2.802576051,9.212389408
1609059152.820428848,-4.899248612,2.784532430,9.204318812
1609059152.872429848,-4.865701212,2.768269794,9.196299072
1609059152.921858788,-4.799919121,2.732810865,9.180344547
1609059152.969995975,-4.768938510,2.715457187,9.173266768
1609059153.064310789,-4.707494195,2.678452603,9.159109021
1609059153.130844831,-4.644746304,2.643382883,9.144962654
1609059153.179207802,-4.614438165,2.625160869,9.137879481
1609059153.221575022,-4.585354003,2.604899368,9.130848548
1609059153.270278931,-4.555122268,2.583898476,9.124493224
1609059153.318722010,-4.524641483,2.562305232,9.118153584
1609059153.368480921,-4.494543104,2.539505344,9.111444107
1609059153.420910835,-4.466562399,2.516236369,9.105477339
1609059153.473332882,-4.406450208,2.465890860,9.091443073
1609059153.519508839,-4.379569139,2.440398165,9.086450474
1609059153.569763899,-4.351660852,2.414457180,9.080162864
1609059153.619392872,-4.323858845,2.386765605,9.074059246
1609059153.672052860,-4.294436832,2.355339460,9.068760910
1609059153.720827818,-4.265680041,2.324295202,9.063965733
1609059153.772660971,-4.210693167,2.262657301,9.055376475
1609059153.862736940,-4.153458968,2.196400735,9.049282754
1609059153.911398888,-4.123817240,2.161932391,9.046268734
1609059154.057770967,-4.033828857,2.054975648,9.038504534
1609059154.123368979,-3.973837052,1.982876901,9.033402547
1609059154.170664787,-3.944756016,1.946054557,9.030278389
1609059154.220481873,-3.912398622,1.910289740,9.027626153
1609059154.272877932,-3.881138291,1.875819386,9.025267185
1609059154.320133924,-3.817301468,1.808409080,9.019938322
1609059154.372708797,-3.783550448,1.776024315,9.018394223
1609059154.420027971,-3.749904342,1.744605171,9.016866750
1609059154.473001957,-3.715019644,1.715861759,9.014321475
1609059154.521293879,-3.679364239,1.687859794,9.012705526
1609059154.575202942,-3.606928240,1.635692005,9.007847452
1609059154.620648861,-3.571375471,1.613337593,9.005691237
1609059154.712742805,-3.496714246,1.569057415,9.000355992
1609059154.781840801,-3.418970414,1.529006589,8.994485310
1609059154.828361988,-3.377055176,1.512613734,8.992408251
1609059154.870118856,-3.337533645,1.497337192,8.990448749
1609059154.919053793,-3.297967296,1.481886244,8.989201403
1609059154.970233917,-3.255283414,1.469565554,8.988006511
1609059155.020608902,-3.211113036,1.458779710,8.986768867
1609059155.072318792,-3.168168855,1.447479326,8.985406518
1609059155.121783018,-3.081104264,1.426910112,8.983172911
1609059155.168941021,-3.034160127,1.418855304,8.981962790
1609059155.220587015,-2.990020896,1.408782888,8.981101857
1609059155.270219803,-2.945702175,1.398700783,8.979819231
1609059155.321158886,-2.900196278,1.389832760,8.979636339
1609059155.373967886,-2.808397099,1.370353853,8.977747336
1609059155.421180964,-2.763965418,1.358272471,8.976897255
1609059155.471711874,-2.716855441,1.347299194,8.975901937
1609059155.519950867,-2.670813193,1.336516529,8.974059409
1609059155.572872877,-2.624977105,1.321943601,8.972356337
1609059155.622314930,-2.531478068,1.291180793,8.967730726
1609059155.672994852,-2.484171545,1.273777825,8.964712597
1609059155.721725941,-2.439291336,1.255054081,8.961472497
1609059155.769939899,-2.393756659,1.233632218,8.958444986
1609059155.821610928,-2.347758878,1.212875934,8.955675157
1609059155.871821880,-2.302972515,1.190650337,8.953376071
1609059155.921281815,-2.216420891,1.140245193,8.947618704
1609059155.969268799,-2.172806886,1.114053413,8.944767245
1609059156.020721912,-2.129229182,1.085833732,8.941768710
1609059156.088843822,-2.043645376,1.021976334,8.935903529
1609059156.131843805,-1.999469519,0.988047781,8.933638745
1609059156.179540873,-1.958300899,0.954053573,8.931102869
1609059156.220135927,-1.917922796,0.918021326,8.929447112
1609059156.268530846,-1.878209781,0.883379774,8.927693842
1609059156.320074797,-1.838306535,0.848025261,8.926132382
1609059156.369651794,-1.799633644,0.810806012,8.924966141
1609059156.421186924,-1.762052791,0.773141715,8.923827608
1609059156.471812010,-1.686146845,0.698045531,8.922690010
1609059156.519174814,-1.686146855,0.698045597,8.922690258
1609059156.570144892,-1.614810603,0.620384846,8.921682173
1609059156.620807886,-1.580479920,0.582752538,8.920845519
1609059156.672062874,-1.546443070,0.544707998,8.920700828
1609059156.721726894,-1.480973635,0.471060859,8.919274466
1609059156.769858837,-1.448646723,0.435161631,8.918617565
1609059156.821587801,-1.419205316,0.401532415,8.918228367
1609059156.871013880,-1.389762276,0.368057660,8.917501795
1609059156.919452906,-1.361618332,0.335498740,8.917111559
1609059156.971144915,-1.334843718,0.304717353,8.916661202
1609059157.020852804,-1.283310848,0.247054060,8.915398795
1609059157.071557999,-1.258795636,0.218943380,8.913684015
1609059157.143644810,-1.214340313,0.168350506,8.910512144
1609059157.191993952,-1.192520274,0.145034931,8.909262925
1609059157.231433868,-1.171612336,0.123389036,8.907293244
1609059157.277714968,-1.153288245,0.104120987,8.905165194
1609059157.319687843,-1.136424164,0.088093288,8.902911487
1609059157.371479988,-1.120361274,0.071038637,8.900130175
1609059157.419997931,-1.105977263,0.055689285,8.896533604
1609059157.471597910,-1.090784758,0.043073414,8.893559365
1609059157.522163868,-1.078628853,0.031353275,8.889213452
1609059157.572641850,-1.054621589,0.011668719,8.880502297
1609059157.621153831,-1.044157255,0.003035707,8.876118239
1609059157.671821833,-1.034738403,-0.005917657,8.870742498
1609059157.719455004,-1.025218907,-0.012614615,8.865331653
1609059157.774606943,-1.018023340,-0.018778080,8.859403913
1609059157.821204901,-1.004818575,-0.029655352,8.846805685
1609059157.870620012,-0.998853876,-0.033310042,8.840334069
1609059157.919852018,-0.993271618,-0.036777093,8.832896270
1609059157.970260859,-0.988099320,-0.040119521,8.824778950
1609059158.022128820,-0.983272660,-0.043123938,8.815678794
1609059158.072830915,-0.976071576,-0.048276326,8.798358005
1609059158.120203018,-0.973038775,-0.050686615,8.789760313
1609059158.169909954,-0.970469904,-0.052946660,8.781122934
1609059158.220843792,-0.967675450,-0.054536799,8.772860464
1609059158.271272898,-0.964278149,-0.056150424,8.763470954
1609059158.321530819,-0.962457663,-0.058854906,8.754838426
1609059158.373174906,-0.957246163,-0.061973372,8.737833198
1609059158.420575857,-0.955574581,-0.064032738,8.728757910
1609059158.464418888,-0.953914133,-0.065430168,8.720607114
1609059158.514331818,-0.952337769,-0.066892496,8.712043859
1609059158.564893007,-0.950553189,-0.068202907,8.703888539
1609059158.616936922,-0.949136930,-0.069206352,8.695962921
1609059158.664934874,-0.946262062,-0.071615504,8.682474209
1609059158.714457989,-0.944867151,-0.072626414,8.676670959
1609059158.771437883,-0.944123384,-0.074295482,8.671167275
1609059158.823278904,-0.944242315,-0.075340751,8.666030472
1609059158.872878790,-0.944297337,-0.076500710,8.661202467
1609059158.921451807,-0.944865427,-0.078489150,8.653310869
1609059158.970803022,-0.945216908,-0.079243926,8.649677264
1609059159.020846844,-0.945922154,-0.079831380,8.646609216
1609059159.066159010,-0.947050779,-0.080879603,8.643918243
1609059159.115553856,-0.948432400,-0.081914158,8.641883397
1609059159.166621923,-0.950651146,-0.083795672,8.640403698
1609059159.214913845,-0.954726283,-0.086027321,8.638575438
1609059159.269852877,-0.956811748,-0.087164917,8.638327869
1609059159.319566965,-0.959293776,-0.089044350,8.637907815
1609059159.371578932,-0.962575942,-0.091095795,8.637221706
1609059159.420696020,-0.965811166,-0.093009363,8.636864309
1609059159.472689867,-0.971080322,-0.095901635,8.636648504
1609059159.518867970,-0.974663036,-0.097712177,8.637464641
1609059159.571002960,-0.977709599,-0.099529585,8.638615673
1609059159.621006966,-0.981142466,-0.101814478,8.640448918
1609059159.672827005,-0.983811491,-0.103637681,8.641910498
1609059159.721373796,-0.990574116,-0.107856882,8.646458519
1609059159.769961834,-0.993064582,-0.110241547,8.649832223
1609059159.820323944,-0.995554691,-0.112486752,8.654067287
1609059159.872041941,-0.997789555,-0.115155534,8.657572476
1609059159.920527935,-0.999908893,-0.117155292,8.662526970
1609059159.973178864,-1.002864338,-0.120226304,8.667743379
1609059160.021677017,-1.006328862,-0.125047740,8.680203461
1609059160.069578886,-1.008052857,-0.127925900,8.687619242
1609059160.121656895,-1.009300628,-0.130070471,8.695405382
1609059160.179837942,-1.012233532,-0.134909555,8.713211962
1609059160.226027012,-1.013489233,-0.137430994,8.723993913
1609059160.271389008,-1.014662002,-0.139807601,8.735052842
1609059160.320590019,-1.015302236,-0.142105140,8.746327187
1609059160.370205879,-1.015367747,-0.144195605,8.757290804
1609059160.420454979,-1.015718284,-0.145860385,8.769090541
1609059160.473212957,-1.015942474,-0.148081464,8.780887230
1609059160.522794962,-1.014339949,-0.153402412,8.807532021
1609059160.570623875,-1.013760803,-0.156023819,8.821138035
1609059160.621444941,-1.012759623,-0.158993109,8.835112820
1609059160.665884972,-1.011200273,-0.162149219,8.848800493
1609059160.715468884,-1.009296566,-0.165223153,8.862342204
1609059160.763685942,-1.006900135,-0.168380274,8.875249180
1609059160.818454981,-1.004668461,-0.171848095,8.887563974
1609059160.871212959,-0.999364978,-0.177447570,8.908578730
1609059160.920135975,-0.997563191,-0.180522008,8.917346394
1609059160.970265865,-0.994905020,-0.183586281,8.925712519
1609059161.020602942,-0.992553032,-0.186566232,8.933425935
1609059161.072946787,-0.989734462,-0.189544722,8.939978573
1609059161.121675014,-0.983312509,-0.195809268,8.953095534
1609059161.164515018,-0.980416165,-0.198965191,8.958876602
1609059161.217279911,-0.977401440,-0.202272044,8.964718144
1609059161.263588905,-0.974577115,-0.205841738,8.971026848
1609059161.316082001,-0.971979031,-0.208981747,8.976335962
1609059161.364817858,-0.966978463,-0.214749341,8.986154311
1609059161.415716887,-0.964449355,-0.217047084,8.991437900
1609059161.464142799,-0.961752483,-0.219183223,8.996408190
1609059161.534176826,-0.956125974,-0.223588294,9.006184364
1609059161.579797983,-0.952884159,-0.225679380,9.010363172
1609059161.620385885,-0.950278620,-0.227540190,9.013481219
1609059161.666703939,-0.947162116,-0.229360635,9.017161173
1609059161.714077950,-0.944795812,-0.230900047,9.020236429
1609059161.765213013,-0.942096501,-0.232463911,9.023678486
1609059161.814021826,-0.939165130,-0.234361697,9.026712516
1609059161.873070002,-0.935825657,-0.235753936,9.029968556
1609059161.921127796,-0.927807672,-0.237607670,9.036627258
1609059161.971479893,-0.923758143,-0.239670370,9.039727833
1609059162.063882828,-0.916354886,-0.242761691,9.045115075
1609059162.130569935,-0.906899591,-0.246199984,9.050180889
1609059162.178958893,-0.902061089,-0.248078639,9.052333037
1609059162.220891953,-0.897149756,-0.250693808,9.053996826
1609059162.272009850,-0.891817573,-0.253175871,9.057194647
1609059162.320533991,-0.886385456,-0.255008332,9.059293407
1609059162.381778955,-0.875307196,-0.258742760,9.064014073
1609059162.426703930,-0.870074793,-0.261492645,9.065281103
1609059162.470854998,-0.864307500,-0.263792761,9.067128689
1609059162.518518925,-0.858105335,-0.265686959,9.068801986
1609059162.572135925,-0.852572455,-0.268458621,9.070963116
1609059162.633513927,-0.841792487,-0.274141191,9.074252478
1609059162.678858995,-0.835856922,-0.276201010,9.076915266
1609059162.720846891,-0.830443755,-0.278697058,9.078580316
1609059162.770564795,-0.824443637,-0.281113080,9.079459149
1609059162.821407795,-0.819088429,-0.283655279,9.079824511
1609059162.870214939,-0.813301916,-0.286412432,9.079673911
1609059162.976042986,-0.793824316,-0.289249794,9.079118293
1609059163.014708996,-0.787033900,-0.289819136,9.077721051
1609059163.064518929,-0.779924421,-0.289539873,9.076205244
1609059163.131181955,-0.766691214,-0.288719548,9.071383987
1609059163.184086800,-0.759573481,-0.286940062,9.069280218
1609059163.226389885,-0.751886911,-0.285027984,9.065762686
1609059163.272745848,-0.744363846,-0.282505578,9.062123627
1609059163.319267988,-0.734782559,-0.278736817,9.059196597
1609059163.370973825,-0.724857973,-0.274378666,9.055669412
1609059163.421244860,-0.715481226,-0.270044381,9.051736251
1609059163.472822905,-0.692407223,-0.257801117,9.043723201
1609059163.522111893,-0.681033967,-0.251172915,9.039491866
1609059163.570559978,-0.668759792,-0.243559800,9.034601053
1609059163.621367931,-0.656271612,-0.235057578,9.030454202
1609059163.672413826,-0.627279900,-0.214303798,9.022600252
1609059163.719683886,-0.613611597,-0.204937181,9.019352403
1609059163.771548986,-0.597109062,-0.193435373,9.016209150
1609059163.820914984,-0.578590241,-0.180043954,9.013126410
1609059163.873508930,-0.560299292,-0.166934060,9.009735851
1609059163.923010826,-0.542897440,-0.154461211,9.006059994
1609059163.972301960,-0.502136609,-0.124145739,8.997380358
1609059164.024835825,-0.483614393,-0.109941852,8.993496609
1609059164.071263790,-0.466313089,-0.096759823,8.988854377
1609059164.122399807,-0.447306939,-0.081898836,8.984400345
1609059164.174281836,-0.408056449,-0.051334101,8.976338728
1609059164.220585823,-0.390323760,-0.037455005,8.972376903
1609059164.272209883,-0.371639549,-0.022809173,8.968284555
1609059164.320501804,-0.352026651,-0.007768240,8.964589288
1609059164.374038935,-0.332990094,0.006526251,8.959886071
1609059164.422487974,-0.297548594,0.032748821,8.950896121
1609059164.472251892,-0.279447445,0.045861758,8.946848851
1609059164.519596815,-0.264275957,0.057091278,8.942412035
1609059164.570392847,-0.249765660,0.067882473,8.937736282
1609059164.621891022,-0.235247254,0.078195308,8.933183706
1609059164.672534943,-0.207588103,0.097554694,8.924574012
1609059164.718986988,-0.195915437,0.105418117,8.920103951
1609059164.769354820,-0.184247279,0.113621883,8.915958680
1609059164.822160006,-0.172313810,0.122080830,8.911207387
1609059164.873024940,-0.162381955,0.128639449,8.906231776
1609059164.922613859,-0.143329724,0.139479944,8.896619251
1609059164.971032858,-0.133624869,0.145049614,8.890644175
1609059165.021725893,-0.125742681,0.149615396,8.884866367
1609059165.073347807,-0.117598460,0.153751992,8.877895149
1609059165.122759819,-0.109914482,0.158008749,8.871593975
1609059165.172364950,-0.096306970,0.164992142,8.859410809
1609059165.220830917,-0.090301399,0.167968831,8.853737297
1609059165.272583008,-0.083582119,0.171336484,8.848092149
1609059165.322243929,-0.077493591,0.174208022,8.842312529
1609059165.373092890,-0.072045697,0.177305321,8.837549287
1609059165.422146797,-0.061126891,0.184012337,8.828845871
1609059165.472024918,-0.055993630,0.187078135,8.823490034
1609059165.563890934,-0.046541054,0.193327187,8.813020491
1609059165.676837921,-0.035638124,0.202365787,8.797095538
1609059165.720712900,-0.032653423,0.204866415,8.792056961
1609059165.771785021,-0.029217347,0.208518708,8.786003249
1609059165.821098804,-0.026004299,0.211790278,8.780060481
1609059165.873920918,-0.022932630,0.214954261,8.773686397
1609059165.921791792,-0.017401273,0.221209640,8.758001749
1609059165.972296000,-0.014572070,0.224770423,8.748125990
1609059166.023047924,-0.011923265,0.228167216,8.738561192
1609059166.073122978,-0.009604395,0.231276646,8.726770011
1609059166.123111963,-0.007473901,0.234785037,8.715909101
1609059166.174564838,-0.004003322,0.240990828,8.692598261
1609059166.220021963,-0.004003343,0.240990984,8.692598817
1609059166.271926880,0.000698223,0.246680871,8.668526620
1609059166.320312977,0.003367243,0.249650929,8.653930362
1609059166.373163939,0.005914934,0.252632571,8.636399544
1609059166.424132824,0.010483703,0.258055054,8.602538352
1609059166.473742962,0.012009971,0.260490670,8.583653920
1609059166.520190001,0.014091915,0.263156217,8.566309266
1609059166.569895983,0.016321605,0.265456873,8.547492604
1609059166.621985912,0.019297226,0.267758462,8.526618705
1609059166.673588991,0.022497738,0.270750317,8.484499170
1609059166.720636845,0.023800320,0.271912810,8.463125102
1609059166.770080805,0.025122238,0.273570619,8.440117344
1609059166.819361925,0.027169273,0.275246673,8.417597137
1609059166.873170853,0.029093548,0.276696381,8.393497342
1609059166.923002005,0.032337988,0.277785809,8.347114159
1609059166.971274853,0.033582429,0.278458887,8.323862908
1609059167.064607859,0.035336830,0.279270690,8.276311715
1609059167.136859894,0.038121499,0.281443922,8.230554007
1609059167.183118820,0.038703299,0.281627063,8.208701744
1609059167.224882841,0.040201318,0.282118478,8.183506901
1609059167.272562981,0.040794401,0.282741263,8.159194913
1609059167.321923018,0.041740666,0.283279874,8.133532223
1609059167.365801811,0.042133533,0.284455131,8.107980291
1609059167.420717001,0.043317880,0.286781053,8.056527873
1609059167.466003895,0.044051880,0.288430383,8.032260602
1609059167.521135807,0.044538189,0.290349826,8.007098716
1609059167.571592808,0.046189743,0.292323474,7.982351167
1609059167.623175859,0.047588958,0.294662094,7.958535129
1609059167.671866894,0.048950958,0.299126833,7.908167877
1609059167.720464945,0.048807598,0.301355855,7.885564390
1609059167.771612883,0.049368917,0.304154877,7.863219062
1609059167.821340799,0.050768538,0.307568031,7.840603969
1609059167.873372793,0.051762944,0.311444940,7.820635147
1609059167.921743870,0.053559541,0.319067407,7.779701415
1609059167.970049858,0.054867005,0.323290735,7.759466436
1609059168.021881819,0.055344610,0.327248675,7.740962159
1609059168.071401834,0.056530422,0.331994615,7.721838659
1609059168.121814966,0.057116163,0.336167584,7.704547384
1609059168.174820900,0.058334452,0.345595197,7.668653775
1609059168.220763922,0.058156105,0.349792532,7.652719633
1609059168.269990921,0.058691838,0.354163698,7.636954328
1609059168.319650888,0.058743465,0.358668691,7.620747290
1609059168.378815889,0.058139070,0.367174491,7.588391332
1609059168.421731949,0.057790881,0.371611716,7.572138612
1609059168.472391844,0.058517228,0.376491083,7.557562295
1609059168.518939018,0.058456558,0.380715115,7.542719375
1609059168.570194960,0.058050060,0.385074488,7.527523313
1609059168.622108936,0.057818478,0.388765845,7.512267112
1609059168.671561003,0.056848291,0.395880800,7.479887288
1609059168.723253965,0.055853529,0.399712048,7.462267590
1609059168.771487951,0.055692984,0.403429252,7.444847970
1609059168.820942879,0.055026654,0.407001380,7.425157537
1609059168.875900984,0.053182218,0.412436902,7.388559542
1609059168.919190884,0.052607856,0.415196207,7.369365556
1609059168.974044800,0.052188936,0.418458378,7.348794083
1609059169.021139860,0.051833326,0.421916787,7.330484266
1609059169.064025879,0.051489886,0.425012137,7.311874508
1609059169.116957903,0.050845077,0.427271590,7.291901319
1609059169.169728994,0.049802375,0.431429832,7.252703895
1609059169.222301960,0.048642103,0.434194079,7.234192270
1609059169.271821976,0.048222969,0.435880631,7.214802037
1609059169.321475983,0.048150716,0.437602715,7.197348586
1609059169.374830008,0.048228981,0.441890120,7.161239711
1609059169.421576977,0.048037324,0.444599810,7.146131226
1609059169.473923922,0.048348044,0.446805566,7.129726335
1609059169.515827894,0.048393426,0.449045085,7.114307821
1609059169.574191809,0.048231015,0.450796367,7.098671304
1609059169.622820854,0.049149766,0.457141539,7.072870287
1609059169.672712803,0.050382865,0.459562771,7.058882332
1609059169.722033024,0.051199619,0.461716572,7.046034641
1609059169.770739794,0.052321021,0.464173796,7.031344425
1609059169.821301937,0.052952534,0.466593278,7.017864742
1609059169.874024868,0.054838063,0.472196476,6.991841986
1609059169.920789957,0.056676271,0.475180172,6.978673772
1609059169.970332861,0.058162407,0.478206542,6.964225252
1609059170.022256851,0.059587372,0.481453687,6.949470585
1609059170.072990894,0.061174299,0.484501132,6.934923624
1609059170.122660875,0.064397285,0.490801124,6.902193992
1609059170.171729803,0.066382618,0.494312412,6.885784732
1609059170.222332001,0.068325263,0.497471737,6.868529543
1609059170.271567822,0.070254975,0.501321873,6.850431926
1609059170.322451830,0.071727363,0.504350551,6.830672784
1609059170.373854876,0.076036119,0.512616687,6.789124984
1609059170.420048952,0.077563739,0.515857141,6.769591228
1609059170.471995831,0.078554030,0.519339272,6.748329075
1609059170.522480965,0.080427780,0.522745277,6.726610672
1609059170.574270010,0.082490036,0.525995909,6.704166946
1609059170.620970964,0.085949382,0.533212230,6.659153162
1609059170.672659874,0.087624370,0.536505897,6.635641849
1609059170.720675945,0.088821402,0.540114243,6.611867453
1609059170.772305965,0.090873915,0.543331803,6.584856835
1609059170.821920872,0.091492222,0.546010829,6.561824563
1609059170.872714996,0.094953054,0.552765723,6.511448351
1609059170.921135902,0.095781392,0.555441248,6.489164583
1609059170.973059893,0.096235508,0.557903319,6.465381348
1609059171.019580841,0.098023446,0.562361855,6.442075156
1609059171.073601961,0.098532666,0.564582969,6.418654328
1609059171.122887850,0.100893104,0.569899094,6.370121996
1609059171.170991898,0.101081420,0.571511330,6.345848357
1609059171.244406939,0.102424169,0.574340153,6.293378900
1609059171.289428949,0.103430344,0.575769918,6.267324525
1609059171.330312014,0.103519525,0.577007305,6.240510016
1609059171.377021790,0.103646181,0.577516457,6.215098276
1609059171.416599989,0.103890990,0.577600438,6.189426691
1609059171.513619900,0.104662533,0.578109927,6.136988700
1609059171.580271006,0.104249505,0.576816764,6.083941499
1609059171.667272806,0.103884793,0.573695452,6.030322661
1609059171.743707895,0.103353358,0.570993696,5.978921026
1609059171.785604000,0.103391988,0.568971369,5.955258030
1609059171.826378822,0.103874686,0.566215556,5.928731539
1609059171.869231939,0.103819541,0.563695488,5.905691309
1609059171.915592909,0.103114872,0.561181036,5.884152062
1609059171.965307951,0.102332649,0.558398600,5.861808117
1609059172.017014980,0.101924727,0.555328758,5.840370728
1609059172.072440863,0.101813118,0.551690040,5.819278758
1609059172.122177839,0.100591982,0.544317174,5.779319644
1609059172.169628859,0.099115075,0.540899770,5.760274665
1609059172.220572948,0.097969354,0.536944381,5.740325877
1609059172.270586967,0.096075294,0.533067780,5.721567340
1609059172.321904898,0.095222718,0.529415456,5.705054113
1609059172.373517990,0.091256770,0.520380392,5.675500822
1609059172.421833992,0.089040034,0.516279096,5.664343561
1609059172.472173929,0.085477639,0.511553365,5.654909364
1609059172.520504951,0.081370369,0.506408542,5.647268067
1609059172.573350906,0.076514485,0.501072815,5.640444761
1609059172.625437021,0.066525614,0.490888016,5.630022050
1609059172.669790983,0.060226692,0.485091603,5.626114569
1609059172.765018940,0.046212455,0.472928673,5.620285488
1609059172.832772017,0.029377244,0.459373854,5.616861298
1609059172.879005909,0.019825270,0.452176344,5.616080657
1609059172.920692921,0.010328518,0.445391820,5.614967929
1609059172.971529007,-0.000488429,0.437859196,5.614002417
1609059173.020584822,-0.011853003,0.430193855,5.613664332
1609059173.073074818,-0.024211480,0.421949745,5.613333065
1609059173.122725964,-0.049129679,0.405816582,5.612368750
1609059173.170108795,-0.063894287,0.396766143,5.612086560
1609059173.220516920,-0.077082770,0.388796734,5.611733777
1609059173.292294979,-0.104183919,0.372998878,5.611110308
1609059173.331727982,-0.118838898,0.364718825,5.610717118
1609059173.379046917,-0.132226003,0.357360327,5.611008154
1609059173.421177864,-0.145023508,0.350929335,5.611909085
1609059173.468935966,-0.159561880,0.343679616,5.612295033
1609059173.538559914,-0.186234136,0.331138921,5.614940358
1609059173.628101826,-0.212310660,0.318572840,5.618753455
1609059173.671119928,-0.225389170,0.312357419,5.621696326
1609059173.765316963,-0.247455901,0.302160962,5.629363978
1609059173.831419945,-0.269817856,0.291541917,5.639390536
1609059173.877992868,-0.279050263,0.287588742,5.644308939
1609059173.921628952,-0.287571180,0.284365108,5.649443870
1609059173.970466852,-0.296278668,0.281324035,5.655348861
1609059174.021193981,-0.304471473,0.278510304,5.661230008
1609059174.074865818,-0.312154148,0.276277058,5.667003748
1609059174.122355938,-0.327173885,0.272169869,5.678838938
1609059174.177277803,-0.333864580,0.270605238,5.684519288
1609059174.219520807,-0.339959055,0.270113490,5.690495130
1609059174.274170876,-0.346023749,0.269862924,5.696692070
1609059174.321582794,-0.352113764,0.269038656,5.703126709
1609059174.373988867,-0.365200587,0.269064314,5.715983105
1609059174.420421839,-0.371964098,0.269231863,5.721923333
1609059174.474440813,-0.378692922,0.270175334,5.728109465
1609059174.520005941,-0.385770284,0.270941250,5.734169832
1609059174.573067904,-0.392684733,0.272140755,5.739425396
1609059174.622464895,-0.407231682,0.275701905,5.749298355
1609059174.671939850,-0.415244281,0.277879427,5.754137956
1609059174.720440865,-0.423139868,0.280525614,5.758335247
1609059174.771150827,-0.432375541,0.283132113,5.763222149
1609059174.821713924,-0.442160450,0.286185604,5.767325058
1609059174.873705864,-0.462702023,0.293416079,5.774932920
1609059174.920931816,-0.473200464,0.296428314,5.778003440
1609059174.971547842,-0.484471564,0.300937762,5.782281692
1609059175.021250963,-0.495829288,0.305908960,5.785943067
1609059175.073975801,-0.507935434,0.310690797,5.788893586
1609059175.122181892,-0.534741607,0.320893196,5.794629216
1609059175.173545837,-0.548222535,0.326710324,5.797803478
1609059175.220228910,-0.562566952,0.332324097,5.801074317
1609059175.274976969,-0.579100617,0.338164401,5.804354635
1609059175.322191000,-0.593563840,0.344248587,5.807733970
1609059175.373857021,-0.626154720,0.357780038,5.813884802
1609059175.421950817,-0.643144615,0.363722704,5.816371675
1609059175.473678827,-0.659955529,0.371014393,5.818657306
1609059175.522884846,-0.676094145,0.377737561,5.820276643
1609059175.573375940,-0.693362695,0.384639044,5.821177111
1609059175.622911930,-0.730025420,0.398093781,5.823104254
1609059175.672493935,-0.748623878,0.405688820,5.824293004
1609059175.720957994,-0.767531572,0.412302351,5.825569271
1609059175.773986816,-0.787192276,0.418632282,5.826563532
1609059175.822479010,-0.805668321,0.426065812,5.827818708
1609059175.874496937,-0.843174349,0.441100447,5.829538241
1609059175.920015812,-0.861776219,0.448081010,5.829951754
1609059175.972641945,-0.880689414,0.455510335,5.830117731
1609059176.021221876,-0.898498417,0.463239979,5.830315563
1609059176.075182915,-0.935929312,0.477768911,5.830147478
1609059176.121707916,-0.953642788,0.486379875,5.830119715
1609059176.170469999,-0.969382827,0.495477030,5.830920721
1609059176.221334934,-0.983030511,0.504786084,5.830693941
1609059176.272789955,-0.996906312,0.514047360,5.830447974
1609059176.322070837,-1.021699653,0.535331108,5.829432306
1609059176.371229887,-1.034262740,0.546600313,5.829164320
1609059176.420724869,-1.045573414,0.557764506,5.828933285
1609059176.472180843,-1.056692331,0.569200822,5.828379696
1609059176.521775961,-1.066902305,0.581354130,5.828255062
1609059176.575126886,-1.084405916,0.607824092,5.830591125
1609059176.616089821,-1.091995734,0.620887804,5.831799439
1609059176.663514853,-1.098697525,0.634499006,5.833059611
1609059176.716827869,-1.104598241,0.648404423,5.834552728
1609059176.764590979,-1.109674547,0.662779897,5.835701512
1609059176.818300962,-1.114567058,0.677011443,5.836486072
1609059176.870875835,-1.124538375,0.707100412,5.837575794
1609059176.965238810,-1.131021706,0.737345717,5.838831564
1609059177.031788826,-1.139482302,0.767116330,5.834779730
1609059177.079432011,-1.143654753,0.780936131,5.831307784
1609059177.121551991,-1.148007097,0.795475286,5.827034004
1609059177.169960022,-1.152821713,0.809002776,5.822397817
1609059177.221663952,-1.158018374,0.823109075,5.816981299
1609059177.273872852,-1.162927040,0.836910095,5.811254239
1609059177.322348833,-1.167903225,0.849147474,5.804692224
1609059177.372944832,-1.178224512,0.874502342,5.788922916
1609059177.421356916,-1.184339692,0.886065259,5.780187756
1609059177.469848871,-1.190183703,0.897746613,5.770281610
1609059177.520582914,-1.196227238,0.909353289,5.759911292
1609059177.575374842,-1.201905046,0.920044009,5.748874208
1609059177.621859789,-1.214741943,0.941993478,5.727364251
1609059177.670182943,-1.221491398,0.952309838,5.715753583
1609059177.717003822,-1.227447989,0.961416327,5.704556843
1609059177.765556812,-1.234072498,0.971185814,5.692024516
1609059177.815670967,-1.240506836,0.980287646,5.680084185
1609059177.867684841,-1.253274368,0.997067408,5.653498972
1609059177.916301966,-1.259121437,1.003863647,5.639666850
1609059177.966386795,-1.265615419,1.011570337,5.625077290
1609059178.015971899,-1.271355145,1.019354650,5.610285753
1609059178.066929817,-1.277076822,1.026234199,5.596139621
1609059178.115602970,-1.288735941,1.039095391,5.566390965
1609059178.165493965,-1.295399040,1.045696230,5.550735377
1609059178.217156887,-1.301892746,1.051611309,5.536306822
1609059178.265249014,-1.307985366,1.057444273,5.521286542
1609059178.319065809,-1.314352452,1.063181485,5.506219548
1609059178.368151903,-1.328190621,1.073494458,5.476552289
1609059178.416668892,-1.335163136,1.078329750,5.462959258
1609059178.467097998,-1.342408020,1.083919042,5.448516390
1609059178.521188974,-1.349405159,1.090025053,5.433940682
1609059178.581650972,-1.363512674,1.098252590,5.403945471
1609059178.625886917,-1.369861441,1.103308340,5.390140977
1609059178.672704935,-1.377839615,1.107911907,5.374999728
1609059178.720803976,-1.384517356,1.112188178,5.360240883
1609059178.772457838,-1.392933764,1.116112327,5.343954915
1609059178.822062969,-1.399767087,1.119358576,5.329229766
1609059178.873912811,-1.414292174,1.125374805,5.297054937
1609059178.921405792,-1.421011119,1.126513799,5.282779475
1609059178.994144917,-1.434121946,1.128446308,5.252240296
1609059179.032583952,-1.440516377,1.128373384,5.236424701
1609059179.079871893,-1.446877539,1.127227657,5.221142103
1609059179.123435020,-1.452558710,1.125768484,5.206433216
1609059179.170773983,-1.458519653,1.124390855,5.191491486
1609059179.241580963,-1.470316405,1.121127032,5.162727811
1609059179.282693863,-1.476665768,1.118338025,5.147048045
1609059179.376881838,-1.486789113,1.109627568,5.114713762
1609059179.415597916,-1.490977010,1.104348906,5.098442889
1609059179.462886810,-1.495613813,1.098430552,5.081167994
1609059179.533183813,-1.503247525,1.085562888,5.046984688
1609059179.625384808,-1.512155186,1.071204562,5.013803841
1609059179.668251991,-1.516197858,1.063439652,4.996559113
1609059179.714397907,-1.520374847,1.055727638,4.980008141
1609059179.764443874,-1.526147016,1.046441215,4.961979150
1609059179.828269958,-1.534827385,1.030564564,4.929154428
1609059179.875350952,-1.539959068,1.022408466,4.913037691
1609059179.920583010,-1.544906589,1.014746710,4.896857547
1609059179.970818996,-1.549805521,1.006687522,4.879705370
1609059180.022559881,-1.554529935,0.999186755,4.863264063
1609059180.073297024,-1.560122195,0.991354179,4.847581115
1609059180.124285936,-1.570178052,0.976569840,4.816679339
1609059180.173338890,-1.575316216,0.969747364,4.802607106
1609059180.221156836,-1.579974170,0.963292924,4.789179256
1609059180.269801855,-1.585122696,0.956387453,4.774977254
1609059180.322199821,-1.589518574,0.950488222,4.761198055
1609059180.374775887,-1.599580694,0.937841274,4.733335759
1609059180.420840979,-1.602907490,0.932590515,4.721068570
1609059180.472497940,-1.606287002,0.927948408,4.708481372
1609059180.536212921,-1.613161238,0.918528925,4.683541787
1609059180.580623865,-1.615791106,0.914490874,4.671988340
1609059180.625792980,-1.618522123,0.910701117,4.660280223
1609059180.672079802,-1.620660627,0.907352277,4.648871681
1609059180.722023964,-1.622706436,0.904166125,4.637384295
1609059180.771363974,-1.624379385,0.901227941,4.624937348
1609059180.820878983,-1.625671329,0.898980496,4.613409974
1609059180.874819994,-1.629704926,0.894524723,4.590539970
1609059180.921118021,-1.631162247,0.892078294,4.580366617
1609059180.971696854,-1.633140891,0.889871408,4.569236553
1609059181.020211935,-1.636100272,0.886415870,4.558167637
1609059181.074039936,-1.638940922,0.884175924,4.548436375
1609059181.122243881,-1.646616806,0.879256411,4.528109423
1609059181.171657801,-1.652228771,0.875464522,4.517233902
1609059181.221138954,-1.657340070,0.872088322,4.507935366
1609059181.272063971,-1.663403044,0.867820398,4.497373328
1609059181.321441889,-1.670264995,0.863244669,4.488369408
1609059181.372272968,-1.686020617,0.852622923,4.470839121
1609059181.420890808,-1.694353167,0.847624515,4.463400381
1609059181.535889864,-1.727571195,0.826118562,4.443792030
1609059181.668437004,-1.771392021,0.799648055,4.425875982
1609059181.713603020,-1.786748748,0.791653537,4.421075956
1609059181.790812016,-1.822563937,0.773677222,4.410744059
1609059181.831341982,-1.841912974,0.765735448,4.405493875
1609059181.878139973,-1.859686333,0.759588283,4.402158414
1609059181.920997858,-1.878454436,0.753269476,4.398674381
1609059181.970698833,-1.900290649,0.747550430,4.396113658
1609059182.022102833,-1.921644946,0.743287113,4.393615125
1609059182.081377983,-1.964278276,0.737966352,4.392083317
1609059182.126544952,-1.988247871,0.734910724,4.391738981
1609059182.172487020,-2.011281709,0.734148279,4.392814926
1609059182.222009897,-2.033132663,0.734457428,4.394562043
1609059182.271847010,-2.058248038,0.733292816,4.396577209
1609059182.322584867,-2.083864318,0.731530775,4.399054740
1609059182.375288963,-2.131489757,0.734981383,4.403252849
1609059182.421958923,-2.155920702,0.738146266,4.403996178
1609059182.472631931,-2.180971351,0.742010150,4.404403682
1609059182.521359921,-2.205915839,0.746527743,4.404021976
1609059182.575240850,-2.231069079,0.752843718,4.403535391
1609059182.624853849,-2.280841133,0.763791765,4.398308354
1609059182.673053980,-2.304967332,0.769933986,4.393965621
1609059182.722334862,-2.327678041,0.776989607,4.389216634
1609059182.771847963,-2.352418948,0.783336643,4.383155733
1609059182.821322918,-2.376482204,0.788265360,4.376092925
1609059182.874420881,-2.422359175,0.801395045,4.360296536
1609059182.921216011,-2.444422480,0.806602422,4.352232404
1609059182.971642017,-2.467326475,0.811051601,4.343081368
1609059183.021996975,-2.487474327,0.815962844,4.334061798
1609059183.073659897,-2.508098747,0.821180174,4.323882495
1609059183.124173880,-2.548901778,0.830337539,4.302963564
1609059183.173519850,-2.567265769,0.835752002,4.291136315
1609059183.222072840,-2.586036004,0.840527283,4.278329858
1609059183.272627831,-2.603573226,0.845235826,4.265631211
1609059183.321215868,-2.620390977,0.848362375,4.251505512
1609059183.375286818,-2.651725794,0.857256531,4.221253844
1609059183.421358824,-2.667156851,0.860753562,4.205888277
1609059183.474316835,-2.681868326,0.863979711,4.189596480
1609059183.521486998,-2.695985379,0.867865722,4.175202129
1609059183.571962833,-2.711193596,0.871555233,4.160799024
1609059183.621364832,-2.724652103,0.874246857,4.148885182
1609059183.672058821,-2.750914115,0.880347070,4.126982404
1609059183.721637011,-2.763430215,0.882700863,4.117446523
1609059183.773171902,-2.777094253,0.885307482,4.109847382
1609059183.821444988,-2.790047902,0.887637935,4.104546824
1609059183.874825954,-2.802265894,0.890135602,4.101283426
1609059183.921948910,-2.827606913,0.894256179,4.101481163
1609059183.972227812,-2.840586746,0.896252832,4.104039664
1609059184.023825884,-2.853254216,0.897598640,4.107013300
1609059184.071878910,-2.868175910,0.898576076,4.111615020
1609059184.123522997,-2.882888274,0.899355527,4.117206145
1609059184.175347805,-2.913046366,0.900536091,4.128882867
1609059184.222244978,-2.928999321,0.899878837,4.134147154
1609059184.273443937,-2.945978253,0.899530271,4.140696483
1609059184.321848869,-2.963845674,0.899207721,4.148275175
1609059184.373577833,-2.982181348,0.898368635,4.154686530
1609059184.422055960,-3.020295261,0.894114950,4.166577714
1609059184.472687006,-3.040126047,0.892403298,4.171116009
1609059184.522842884,-3.060017257,0.890508254,4.174203866
1609059184.573236942,-3.083547489,0.886713642,4.176299134
1609059184.622041941,-3.105131735,0.882453875,4.176976481
1609059184.675896883,-3.152221973,0.874004613,4.175080904
1609059184.721190929,-3.178087414,0.868113852,4.171236955
1609059184.777314901,-3.203954063,0.862408009,4.164876381
1609059184.820574999,-3.229222616,0.856943303,4.156253027
1609059184.873756886,-3.255639597,0.851613690,4.147614081
1609059184.922689915,-3.282458076,0.844758253,4.138797354
1609059184.973728895,-3.338784248,0.832752323,4.120850715
1609059185.021028996,-3.364413149,0.826234769,4.111705435
1609059185.071575880,-3.392922639,0.818760536,4.101188200
1609059185.122368813,-3.419494075,0.812488813,4.091375261
1609059185.174606800,-3.444744843,0.807318971,4.081648677
1609059185.221832991,-3.499464301,0.793632088,4.063768335
1609059185.273591995,-3.526076319,0.787613170,4.055941057
1609059185.320968866,-3.550722806,0.783152639,4.049498579
1609059185.371601820,-3.574950430,0.777875365,4.043850160
1609059185.422527790,-3.600087341,0.771586902,4.038275491
1609059185.474202871,-3.645195873,0.763061629,4.029114874
1609059185.520556927,-3.666868766,0.759430089,4.024955953
1609059185.573082924,-3.688655242,0.754863679,4.020800615
1609059185.623827934,-3.707985067,0.751628310,4.016629207
1609059185.681576014,-3.743466092,0.747357839,4.007690541
1609059185.726066828,-3.760810826,0.744662074,4.003266357
1609059185.772316933,-3.778788920,0.742367210,3.998774978
1609059185.820913792,-3.794966003,0.740971565,3.993897512
1609059185.873533010,-3.811757819,0.738357584,3.988124237
1609059185.922778845,-3.828853007,0.736510992,3.983065569
1609059185.975555897,-3.857496293,0.734212283,3.969324579
1609059186.021773815,-3.871590082,0.731734719,3.962338405
1609059186.071548939,-3.885872699,0.729978099,3.955464276
1609059186.122119904,-3.899404322,0.728409225,3.947957934
1609059186.174180984,-3.913112404,0.726854586,3.939335778
1609059186.223553896,-3.940593348,0.721259695,3.920806391
1609059186.274083853,-3.953237341,0.718463423,3.910937495
1609059186.321255922,-3.966294833,0.715179808,3.901376099
1609059186.373999834,-3.981146978,0.710838087,3.890146501
1609059186.420391798,-3.994406057,0.706754033,3.879581494
1609059186.473255873,-4.020816275,0.698488330,3.857812869
1609059186.522785902,-4.034472322,0.693216412,3.846679568
1609059186.575084925,-4.047745220,0.687471014,3.834477096
1609059186.621318817,-4.060361101,0.682441599,3.823508986
1609059186.673003912,-4.073986035,0.675735999,3.812299577
1609059186.728858948,-4.101046183,0.661230436,3.792870125
1609059186.777550936,-4.112477172,0.654733188,3.786148033
1609059186.821811914,-4.124947608,0.647671852,3.780107443
1609059186.871925831,-4.139241977,0.638497750,3.774662029
1609059186.921337843,-4.152696596,0.630264602,3.770293393
1609059186.974161863,-4.165771448,0.621414825,3.766899220
1609059187.022553921,-4.193407114,0.601521480,3.761738607
1609059187.072853804,-4.206621356,0.592491219,3.759733136
1609059187.121580839,-4.220463264,0.582679869,3.758404271
1609059187.174007893,-4.235677642,0.571519211,3.757317341
1609059187.222303867,-4.250584987,0.560377458,3.756623463
1609059187.275815964,-4.279908442,0.539669527,3.755959976
1609059187.322923899,-4.295018054,0.528931795,3.755958044
1609059187.374564886,-4.311182092,0.517620429,3.756091259
1609059187.422650814,-4.326744584,0.507254661,3.756556724
1609059187.473361015,-4.344126435,0.495994327,3.757280511
1609059187.522433996,-4.362737411,0.483353337,3.757957216
1609059187.574103832,-4.397882714,0.461018431,3.759471109
1609059187.623500824,-4.415980452,0.449576717,3.760650105
1609059187.672128916,-4.434855764,0.437140750,3.761784747
1609059187.720503807,-4.453983562,0.425401533,3.763685564
1609059187.775338888,-4.472176767,0.413713793,3.766383363
1609059187.822738886,-4.512371479,0.388699384,3.771565114
1609059187.872695923,-4.532825825,0.376904048,3.774728187
1609059187.921190023,-4.552063901,0.365085700,3.777733272
1609059187.975302935,-4.573511552,0.351787653,3.781130674
1609059188.024333000,-4.595139176,0.338632965,3.784905737
1609059188.073830843,-4.635426169,0.315257633,3.793566193
1609059188.120941877,-4.656485672,0.302784305,3.797561526
1609059188.174027920,-4.677937077,0.289953471,3.801577109
1609059188.222154856,-4.698397878,0.278043868,3.805737813
1609059188.274152994,-4.717273801,0.267270893,3.809397936
1609059188.324250937,-4.756659902,0.244370848,3.817017091
1609059188.373789787,-4.774769408,0.234632919,3.820935613
1609059188.422119856,-4.793135515,0.224494285,3.825116183
1609059188.472663879,-4.813371158,0.212918582,3.828618149
1609059188.521154881,-4.831515420,0.202289999,3.832039183
1609059188.575408936,-4.865726086,0.184063127,3.839648782
1609059188.622605801,-4.881233635,0.174934604,3.842289101
1609059188.670806885,-4.897402647,0.165751303,3.845470990
1609059188.721625805,-4.911486858,0.158465450,3.848749070
1609059188.772038937,-4.924516916,0.151961152,3.851713563
1609059188.823700905,-4.938607560,0.144420058,3.854514079
1609059188.874491930,-4.961019308,0.132514793,3.858707481
1609059188.921523809,-4.971519044,0.127088987,3.860455356
1609059188.972270966,-4.982440494,0.122248404,3.862433264
1609059189.022530794,-4.991539836,0.118400959,3.863979310
1609059189.074100018,-4.999397005,0.115339754,3.865441805
1609059189.124533892,-5.006937539,0.111872243,3.866663863
1609059189.170706987,-5.019554688,0.106549946,3.868468367
1609059189.221825838,-5.025437292,0.104330590,3.868906782
1609059189.271692991,-5.030660012,0.102981760,3.870212820
1609059189.322924852,-5.035283356,0.102173345,3.871227864
1609059189.373685837,-5.042226654,0.101728614,3.872877060
1609059189.422225952,-5.045145026,0.101711042,3.874129960
1609059189.472817898,-5.048462245,0.102148168,3.875881842
1609059189.521577835,-5.050460873,0.103519563,3.877406972
1609059189.573731899,-5.052342148,0.104683778,3.880057580
1609059189.624488831,-5.056150810,0.108121829,3.885080019
1609059189.667289019,-5.057430156,0.110882302,3.888727970
1609059189.715658903,-5.058541592,0.113180720,3.891997008
1609059189.766284943,-5.059680012,0.115823629,3.896029192
1609059189.815158844,-5.060543914,0.118594574,3.900407969
1609059189.868524790,-5.061551256,0.120941934,3.905067048
1609059189.916229963,-5.062865433,0.126474276,3.913931914
1609059189.966918945,-5.063291936,0.129943042,3.918356297
1609059190.016122818,-5.063600563,0.132989084,3.922279703
1609059190.065526009,-5.064062604,0.136156005,3.926741607
1609059190.171063900,-5.064977379,0.145155044,3.939108839
1609059190.219194889,-5.065611911,0.148238156,3.943134057
1609059190.264776945,-5.066564690,0.151265755,3.947937261
1609059190.316143990,-5.066419338,0.154942991,3.952040044
1609059190.382064819,-5.068020886,0.160461260,3.959675816
1609059190.426059961,-5.068630656,0.163285168,3.963124970
1609059190.472279787,-5.069712584,0.165374052,3.966524030
1609059190.519991875,-5.070480760,0.167032171,3.969629415
1609059190.567305803,-5.071343310,0.168541627,3.973197652
1609059190.621834993,-5.072757957,0.169657512,3.976684021
1609059190.675535917,-5.073518933,0.171195888,3.979827000
1609059190.722906828,-5.076001868,0.173410406,3.986119917
1609059190.773602009,-5.077010511,0.174310447,3.989292312
1609059190.822118998,-5.078029333,0.175199430,3.992163820
1609059190.872934818,-5.079415542,0.175867723,3.995860786
1609059190.915131807,-5.080513196,0.176476586,3.998595351
1609059190.967934847,-5.081873902,0.176635640,4.001779629
1609059191.016235828,-5.085027632,0.176290750,4.008472994
1609059191.065842867,-5.086556415,0.176600202,4.011991911
1609059191.115744829,-5.088127420,0.176085563,4.015361027
1609059191.167201996,-5.089310500,0.175517672,4.018487236
1609059191.215679884,-5.090707024,0.175340408,4.021936952
1609059191.268261909,-5.091843099,0.174992933,4.024840292
1609059191.316720963,-5.094502357,0.174987615,4.030132533
1609059191.368106842,-5.096413610,0.174819245,4.031586510
1609059191.415591955,-5.098166336,0.175144035,4.033475458
1609059191.467139006,-5.099598464,0.175317540,4.034444429
1609059191.521091938,-5.102072366,0.174858440,4.035155849
1609059191.573934793,-5.104159213,0.174689891,4.036045327
1609059191.623389959,-5.108911322,0.174519803,4.034782051
1609059191.672819853,-5.111290972,0.174957537,4.033906754
1609059191.722545862,-5.113735634,0.174923233,4.032166521
1609059191.771379948,-5.116121571,0.174583526,4.029975916
1609059191.822016954,-5.119172750,0.174766389,4.028339697
1609059191.874034882,-5.121417912,0.174462817,4.024765609
1609059191.922698021,-5.126406146,0.175384156,4.020558150
1609059191.973204851,-5.129257923,0.175451996,4.017710346
1609059192.021770000,-5.131884221,0.176455547,4.015199550
1609059192.072642803,-5.134621639,0.177702791,4.012511889
1609059192.123574018,-5.137560293,0.179146492,4.010315340
1609059192.167824984,-5.140200819,0.180841762,4.007486206
1609059192.219666958,-5.146576845,0.184268343,4.001578029
1609059192.265905857,-5.149442817,0.186139638,3.997751470
1609059192.383189917,-5.156615552,0.191937980,3.983084894
1609059192.425208807,-5.159659026,0.194295696,3.977926627
1609059192.472270966,-5.162319735,0.196963555,3.972696428
1609059192.521919012,-5.164426995,0.199726609,3.967221488
1609059192.573022842,-5.166762938,0.202145456,3.961162526
1609059192.621349812,-5.169256439,0.204810702,3.955616346
1609059192.668456793,-5.171769189,0.207408627,3.950264969
1609059192.718052864,-5.177070983,0.213202589,3.938651195
1609059192.764990807,-5.179661008,0.215308808,3.933020389
1609059192.816725969,-5.182680563,0.217383502,3.927536078
1609059192.866189003,-5.185645538,0.219138758,3.921584092
1609059192.915223837,-5.188142067,0.220841117,3.915537468
1609059192.968875885,-5.194799375,0.223733557,3.903423602
1609059193.016360998,-5.198576080,0.224727733,3.898308702
1609059193.065773964,-5.202607936,0.225393366,3.892397845
1609059193.123286009,-5.206446903,0.225756544,3.886687567
1609059193.175300837,-5.214540631,0.224461194,3.874234233
1609059193.222797871,-5.217650684,0.224541971,3.867176485
1609059193.272382021,-5.221367866,0.224191526,3.860659876
1609059193.345446825,-5.231108053,0.220790833,3.847248062
1609059193.389617920,-5.235506341,0.218541838,3.841048804
1609059193.431442976,-5.239721390,0.216482167,3.834606694
1609059193.479151011,-5.244262380,0.214492788,3.828330335
1609059193.523617983,-5.249123867,0.211842242,3.822473947
1609059193.571754932,-5.254098785,0.208965080,3.817252168
1609059193.622287989,-5.257831335,0.207379217,3.812083276
1609059193.672756910,-5.261988173,0.205347913,3.806790420
1609059193.723964930,-5.266607046,0.202821412,3.802227525
1609059193.773699999,-5.275269128,0.197885773,3.791100532
1609059193.820631981,-5.279906832,0.194934439,3.786004075
1609059193.873345852,-5.282586297,0.193463541,3.780306991
1609059193.921540022,-5.286675214,0.191076747,3.774471150
1609059193.974516869,-5.291053867,0.188892116,3.770181775
1609059194.023938894,-5.298521638,0.185445128,3.760809197
1609059194.071506023,-5.301521414,0.184662207,3.756836383
1609059194.124838829,-5.304771483,0.185134559,3.751489416
1609059194.173038960,-5.308770778,0.183890380,3.748138307
1609059194.222464800,-5.310600132,0.180683770,3.745853448
1609059194.273993969,-5.313904658,0.179703033,3.742929620
1609059194.322534800,-5.319638786,0.178685627,3.737685310
1609059194.373009920,-5.322791359,0.178609809,3.735451724
1609059194.423666000,-5.326223200,0.177762469,3.733334896
1609059194.466941833,-5.329689269,0.177628428,3.731565991
1609059194.520421982,-5.332315189,0.177669711,3.728595214
1609059194.574236870,-5.335783777,0.177618603,3.726707858
1609059194.623507023,-5.342216297,0.176691883,3.723543448
1609059194.673004866,-5.344497382,0.177756396,3.722319315
1609059194.723366976,-5.348005440,0.177248184,3.720454321
1609059194.814188004,-5.354830067,0.176026807,3.717126849
1609059194.880066872,-5.361671803,0.174613147,3.714028606
1609059194.925221920,-5.364186861,0.174292518,3.713054529
1609059194.972358942,-5.367472194,0.174254964,3.712034566
1609059195.022403955,-5.371201290,0.174339299,3.710326674
1609059195.074218988,-5.374672575,0.175046637,3.709118637
1609059195.122792006,-5.377940879,0.175500322,3.708190391
1609059195.174354792,-5.381409524,0.176246325,3.707350690
1609059195.221834898,-5.388330413,0.178837340,3.706123455
1609059195.273433924,-5.391924838,0.180605905,3.705550360
1609059195.321028948,-5.396287252,0.182610364,3.703950055
1609059195.372573853,-5.400146191,0.185923299,3.702323052
1609059195.421748877,-5.404312321,0.189253116,3.700420650
1609059195.473482847,-5.408603526,0.193276260,3.698697850
1609059195.524224997,-5.417260340,0.203064096,3.695128098
1609059195.567189932,-5.421932339,0.209244773,3.692937965
1609059195.616503954,-5.426903033,0.215821933,3.690350536
1609059195.666918993,-5.431870283,0.223209873,3.687943713
1609059195.715144873,-5.437497926,0.231130661,3.685503309
1609059195.769025803,-5.443591285,0.240274986,3.684078161
1609059195.816592932,-5.454968595,0.259933620,3.681348131
1609059195.866715908,-5.461555907,0.271157589,3.680686223
1609059195.917620897,-5.468130662,0.282874779,3.679835005
1609059195.972999811,-5.475117037,0.295179844,3.679778029
1609059196.022698879,-5.481401312,0.308588608,3.679498331
1609059196.078653812,-5.494715090,0.336927359,3.681098037
1609059196.121847868,-5.501986342,0.351073247,3.682411835
1609059196.174615860,-5.508799795,0.366668223,3.684376158
1609059196.221683979,-5.516058176,0.382268371,3.685417769
1609059196.272247791,-5.523689334,0.397799914,3.687609416
1609059196.322953939,-5.530367998,0.414956777,3.689009366
1609059196.377139807,-5.544505115,0.448410300,3.690333769
1609059196.422364950,-5.551628539,0.465448411,3.690861833
1609059196.472980022,-5.558514331,0.482820797,3.691640763
1609059196.521703005,-5.565473382,0.500400097,3.692990176
1609059196.575013876,-5.571010056,0.518149455,3.694405259
1609059196.623219013,-5.576848266,0.536554854,3.695082833
1609059196.673619986,-5.589102367,0.571746253,3.696860671
1609059196.721238852,-5.594339506,0.589440301,3.697335245
1609059196.773777962,-5.600594601,0.606375828,3.696669106
1609059196.822579861,-5.605860778,0.624225246,3.696049861
1609059196.873095989,-5.610646326,0.641280971,3.695265473
1609059196.922547817,-5.616019350,0.658316042,3.693763507
1609059196.973357916,-5.623742216,0.690710979,3.691731601
1609059197.020921946,-5.627308102,0.706670169,3.691161381
1609059197.072369814,-5.631155923,0.722584045,3.690139682
1609059197.122768879,-5.633636460,0.739605383,3.688864411
1609059197.172321796,-5.636113420,0.756149488,3.687786590
1609059197.226796865,-5.641680492,0.788707220,3.683911476
1609059197.276460886,-5.642938892,0.804248913,3.682350250
1609059197.322036982,-5.644380196,0.820606750,3.680161713
1609059197.372153997,-5.646128430,0.835943155,3.678807125
1609059197.421877861,-5.646959374,0.851814035,3.677451139
1609059197.473397970,-5.648685461,0.868610254,3.676138531
1609059197.522953987,-5.650449688,0.884170873,3.674111765
1609059197.574563980,-5.650655382,0.918443401,3.669547517
1609059197.621091843,-5.651812940,0.934920478,3.667429820
1609059197.673831940,-5.652107961,0.952073788,3.665119922
1609059197.722456932,-5.651995187,0.971085994,3.662071986
1609059197.774312019,-5.652716753,0.989253677,3.660320391
1609059197.823556900,-5.654451182,1.007032905,3.658169993
1609059197.875687838,-5.654246821,1.046049290,3.653678500
1609059197.921321869,-5.654621424,1.065734001,3.651521411
1609059197.970820904,-5.656598004,1.084865128,3.648823545
1609059198.022342920,-5.657070118,1.105974030,3.647477020
1609059198.078710794,-5.658490099,1.126925627,3.646990653
1609059198.124039888,-5.660732924,1.169350486,3.644846292
1609059198.174767971,-5.660676771,1.191654042,3.644789453
1609059198.221508980,-5.661576498,1.212983599,3.644784340
1609059198.272974014,-5.662824112,1.234210432,3.644929755
1609059198.321421862,-5.664160437,1.255837622,3.645203915
1609059198.371048927,-5.664919124,1.278049216,3.645648451
1609059198.425972939,-5.667471484,1.322809574,3.647742523
1609059198.474464893,-5.668569621,1.345564241,3.649126671
1609059198.520586967,-5.668858767,1.368684237,3.650390419
1609059198.572822809,-5.670018404,1.391712317,3.651908411
1609059198.623251915,-5.671602024,1.414285012,3.652971575
1609059198.673681974,-5.671813846,1.437365016,3.654666046
1609059198.724185944,-5.673021156,1.483606756,3.657955068
1609059198.773767948,-5.675022537,1.505123574,3.659730746
1609059198.820894003,-5.675855534,1.527896215,3.661411531
1609059198.873891830,-5.676723714,1.550889348,3.663347621
1609059198.922477961,-5.677271542,1.573562675,3.665225169
1609059198.971943855,-5.678819394,1.595566120,3.666960298
1609059199.027726889,-5.680752443,1.640873390,3.671090685
1609059199.072703838,-5.682713772,1.662399652,3.672631291
1609059199.122761011,-5.684807463,1.684627911,3.674432987
1609059199.171952963,-5.685593761,1.707884699,3.676614752
1609059199.222759962,-5.686558821,1.731070325,3.678394479
1609059199.328732014,-5.691481729,1.799301106,3.681465621
1609059199.372140884,-5.693074541,1.821570467,3.682218233
1609059199.422017813,-5.695595903,1.844374791,3.682247942
1609059199.472237825,-5.698022412,1.868100757,3.682895086
1609059199.531498909,-5.702774238,1.918129917,3.682347001
1609059199.577626944,-5.705999378,1.941602408,3.680960282
1609059199.622947931,-5.709449302,1.963938442,3.679975993
1609059199.672930956,-5.712166819,1.989208743,3.679439283
1609059199.722458839,-5.714826582,2.014744918,3.678477778
1609059199.775808811,-5.719143928,2.039224214,3.677133563
1609059199.824143887,-5.725272765,2.090647078,3.674538146
1609059199.874658823,-5.729651592,2.116094140,3.673637991
1609059199.923168898,-5.733643844,2.141716463,3.672104850
1609059200.016942978,-5.740093377,2.195177828,3.671352364
1609059200.115549803,-5.747621504,2.246895136,3.668584982
1609059200.190964937,-5.752986477,2.299445510,3.666396511
1609059200.231899977,-5.756554857,2.323130979,3.665442862
1609059200.278473854,-5.759474571,2.347348354,3.665063780
1609059200.322383881,-5.761028375,2.371889191,3.665291880
1609059200.376296997,-5.762266480,2.396440231,3.665886820
1609059200.422554016,-5.764779396,2.443122381,3.667084793
1609059200.473029852,-5.764367071,2.467441290,3.668414719
1609059200.521569967,-5.763417034,2.490830529,3.669771880
1609059200.573929787,-5.763633345,2.512842437,3.671223842
1609059200.623322964,-5.761854505,2.535780489,3.673751523
1609059200.674748898,-5.760363443,2.558009380,3.676196893
1609059200.723003864,-5.755999989,2.600898671,3.682457952
1609059200.774842978,-5.756000262,2.600900586,3.682462715
1609059200.822751999,-5.750291611,2.644637863,3.688472657
1609059200.875501871,-5.747428404,2.666513331,3.691974619
1609059200.922186852,-5.744058189,2.689426815,3.695007437
1609059200.974897861,-5.735821389,2.738675295,3.701647429
1609059201.020967960,-5.732620966,2.764363588,3.704798047
1609059201.072535992,-5.730757003,2.789792587,3.706211106
1609059201.123127937,-5.728136468,2.817512649,3.708571059
1609059201.174006939,-5.724717286,2.848607301,3.710525267
1609059201.225795984,-5.721205275,2.913133398,3.713381615
1609059201.273202896,-5.719453071,2.948869731,3.715406971
1609059201.321499825,-5.717675796,2.986017384,3.717513288
1609059201.375490904,-5.716782397,3.025210824,3.720056743
1609059201.422688007,-5.716600243,3.064637639,3.722042455
1609059201.479823828,-5.716001591,3.152463435,3.726152431
1609059201.526610851,-5.717189181,3.198050065,3.727440428
1609059201.573912859,-5.719277796,3.245392864,3.728254415
1609059201.623582840,-5.720901802,3.293530558,3.728826709
1609059201.672369003,-5.720935502,3.346544392,3.729786290
1609059201.722649813,-5.722288213,3.400148243,3.729991019
1609059201.774529934,-5.727178862,3.454286290,3.728172118
1609059201.822999001,-5.733535036,3.565242762,3.726354388
1609059201.873229980,-5.739518208,3.620774584,3.724096714
1609059201.921417952,-5.746613741,3.677671346,3.721510072
1609059201.974188805,-5.754010698,3.734835703,3.719248903
1609059202.022399902,-5.759415938,3.794317458,3.717409470
1609059202.075362921,-5.779349910,3.904050123,3.710466524
1609059202.122779846,-5.791215293,3.958090045,3.706864795
1609059202.173370838,-5.801490433,4.011915691,3.704872684
1609059202.222523928,-5.812574272,4.061580217,3.701101532
1609059202.273968935,-5.827557194,4.111210447,3.696439294
1609059202.322423935,-5.852548346,4.214766599,3.692620628
1609059202.374897003,-5.868113626,4.264844163,3.688964289
1609059202.420961857,-5.887322108,4.310639313,3.684420596
1609059202.472810984,-5.903579045,4.358711449,3.681246119
1609059202.522328854,-5.920045322,4.404777512,3.678874263
1609059202.577158928,-5.937934760,4.451873270,3.676879160
1609059202.665879965,-5.995688105,4.587906540,3.669610177
1609059202.714773893,-6.015681928,4.631629321,3.667900087
1609059202.764120817,-6.037181086,4.676949571,3.665503799
1609059202.816356897,-6.056981564,4.718345845,3.664034726
1609059202.880915880,-6.097222057,4.800969518,3.661973112
1609059202.926215887,-6.116756982,4.841051076,3.662063574
1609059202.973891020,-6.136289667,4.884783751,3.661877650
1609059203.022220850,-6.155592785,4.926485488,3.662220717
1609059203.074812889,-6.175673737,4.968081766,3.661890376
1609059203.124097824,-6.212690324,5.053700606,3.663670268
1609059203.174825907,-6.230118793,5.092763480,3.664844396
1609059203.222185850,-6.248337781,5.132063019,3.665539580
1609059203.272855997,-6.266628736,5.173740041,3.667261548
1609059203.322172880,-6.282922270,5.215324776,3.670136425
1609059203.379199982,-6.317747246,5.294584496,3.673108994
1609059203.422135830,-6.333357904,5.333566241,3.675282242
1609059203.471957922,-6.349256308,5.372603846,3.676870211
1609059203.522614002,-6.364181544,5.409965065,3.678075418
1609059203.574620008,-6.378980764,5.445749309,3.679792121
1609059203.624092817,-6.394174599,5.481698753,3.680736231
1609059203.675098896,-6.422210335,5.548233426,3.683687715
1609059203.722440958,-6.436544736,5.581145500,3.684117910
1609059203.774289846,-6.450524845,5.615082348,3.685399118
1609059203.822144985,-6.464350915,5.646961368,3.687264314
1609059203.874112844,-6.477684380,5.677482699,3.688474316
1609059203.922645807,-6.501541519,5.735563241,3.691025908
1609059203.974274874,-6.514342604,5.762349266,3.692259687
1609059204.023799896,-6.525415283,5.788967968,3.693353016
1609059204.074335814,-6.536726639,5.816180039,3.695722625
1609059204.124136925,-6.547316650,5.842013034,3.696600938
1609059204.176015854,-6.568026211,5.896365977,3.698165480
1609059204.224130869,-6.577872203,5.919622231,3.698855579
1609059204.271605968,-6.587929861,5.945095306,3.698840308
1609059204.321941853,-6.595844191,5.972465674,3.699018533
1609059204.375840902,-6.604846768,5.997185330,3.699068847
1609059204.422195911,-6.620392820,6.049296737,3.698707341
1609059204.473074913,-6.627905310,6.076449890,3.698605902
1609059204.522645950,-6.636487027,6.102792516,3.697930161
1609059204.571312904,-6.643893914,6.131653646,3.697582634
1609059204.625228882,-6.649977919,6.160304279,3.697128634
1609059204.676870823,-6.663636609,6.216575515,3.695621292
1609059204.723104000,-6.670106851,6.245440747,3.694512073
1609059204.771240950,-6.675583032,6.276154911,3.694094169
1609059204.821784019,-6.681340427,6.307129394,3.692569546
1609059204.874466896,-6.687507629,6.337138970,3.691449899
1609059204.923235893,-6.696035624,6.400337514,3.688115407
1609059204.974639893,-6.701618843,6.432383825,3.685683933
1609059205.021940947,-6.707246196,6.462469907,3.681779030
1609059205.071384907,-6.711856706,6.493868772,3.678861367
1609059205.123046875,-6.715485727,6.526649217,3.674513058
1609059205.175931931,-6.719217216,6.556610393,3.670313058
1609059205.225654840,-6.726728955,6.616531093,3.660726342
1609059205.271895885,-6.729336020,6.646912865,3.654444520
1609059205.322394848,-6.732367674,6.675664587,3.648582091
1609059205.373301983,-6.735496005,6.703135425,3.642038906
1609059205.422038794,-6.737568958,6.730587960,3.635743290
1609059205.472609997,-6.740428459,6.784805569,3.622637337
1609059205.522068977,-6.740428692,6.784807205,3.622641910
1609059205.572541952,-6.742273815,6.836860086,3.608852692
1609059205.624306917,-6.741492786,6.861727861,3.601923425
1609059205.674006939,-6.741371701,6.885711917,3.595069016
1609059205.723004818,-6.740075666,6.932475679,3.580328770
1609059205.772535801,-6.738478905,6.956693261,3.571248425
1609059205.821012974,-6.736679239,6.977743625,3.562477680
1609059205.871769905,-6.734424574,7.000380195,3.552507418
1609059205.923292875,-6.731427029,7.023816929,3.544468394
1609059205.975062847,-6.725063622,7.068006825,3.525971263
1609059206.023230791,-6.720345476,7.089845926,3.516636508
1609059206.072930813,-6.714510687,7.115084473,3.507748725
1609059206.182626963,-6.699032798,7.187596281,3.483073925
1609059206.231369972,-6.691790133,7.213523357,3.474660296
1609059206.272007942,-6.686426457,7.239898509,3.467031708
1609059206.322134972,-6.680217047,7.265894392,3.459512317
1609059206.374042988,-6.673096830,7.293021325,3.452466750
1609059206.422953844,-6.663669638,7.322935886,3.447075246
1609059206.474689007,-6.656626463,7.352450261,3.440301153
1609059206.521977901,-6.641788147,7.412123108,3.429057687
1609059206.573446989,-6.632825147,7.445528599,3.423258665
1609059206.666281939,-6.621734090,7.511537791,3.413529615
1609059206.731827021,-6.607469424,7.585783820,3.403838937
1609059206.782117844,-6.602510979,7.621705914,3.400341855
1609059206.822438002,-6.597045296,7.659366644,3.396681760
1609059206.873492002,-6.590746318,7.697415038,3.395805191
1609059206.921814919,-6.587066930,7.735160281,3.395206196
1609059206.974404812,-6.586180923,7.771422583,3.394531965
1609059207.023674011,-6.584457242,7.807945727,3.396639286
1609059207.075094938,-6.581478916,7.887602636,3.404091134
1609059207.123498917,-6.584272600,7.926138124,3.409072197
1609059207.175156832,-6.587433888,7.966267276,3.414870421
1609059207.223848820,-6.589640206,8.007867103,3.423013111
1609059207.273517847,-6.593566139,8.045966112,3.430525262
1609059207.322739840,-6.604651193,8.125244003,3.444014978
1609059207.374598980,-6.610353385,8.166953502,3.450259563
1609059207.421694994,-6.619263404,8.207093735,3.455594880
1609059207.475596905,-6.630131246,8.247554322,3.459811486
1609059207.522705793,-6.640163723,8.289033544,3.464431932
1609059207.576750994,-6.662410389,8.369323792,3.472380540
1609059207.621903896,-6.673818169,8.404265955,3.476262221
1609059207.671489954,-6.686147088,8.442498364,3.479672430
1609059207.723598003,-6.698957863,8.480213999,3.483025064
1609059207.774777889,-6.714095015,8.516946717,3.485928021
1609059207.821884871,-6.730215457,8.552863650,3.488608126
1609059207.875465870,-6.765513349,8.624422193,3.494428194
1609059207.923014879,-6.784201419,8.657887645,3.497041043
1609059208.018508911,-6.820409006,8.722429025,3.501616668
1609059208.079995871,-6.859638708,8.784427316,3.505044328
1609059208.127221823,-6.878606373,8.814788521,3.507261951
1609059208.175274849,-6.898565602,8.844845696,3.509239699
1609059208.222371817,-6.918152613,8.873692540,3.511764115
1609059208.267684937,-6.938712447,8.902085424,3.512925827
1609059208.318580866,-6.959243718,8.929243580,3.513860362
1609059208.369338989,-6.999250692,8.982268934,3.513019902
1609059208.417507887,-7.019562601,9.008174290,3.510905718
1609059208.464763880,-7.038679843,9.032180124,3.509685535
1609059208.517436981,-7.057657641,9.056884344,3.506260650
1609059208.567104816,-7.077152502,9.081639797,3.502604568
1609059208.619954824,-7.095452824,9.105814146,3.498174220
1609059208.667670965,-7.131762624,9.153727887,3.487243453
1609059208.719275951,-7.149093102,9.176302145,3.481835224
1609059208.768678904,-7.165794023,9.198742047,3.476910838
1609059208.815127850,-7.181796060,9.220560468,3.471726451
1609059208.868806839,-7.197313105,9.242115986,3.466966034
1609059208.916173935,-7.227912993,9.285741307,3.456585794
1609059208.968848944,-7.242517872,9.307175237,3.452483213
1609059209.016405821,-7.255541765,9.328591474,3.447657954
1609059209.066995859,-7.268707908,9.350821389,3.442517196
1609059209.117383003,-7.281872844,9.372396324,3.437009390
1609059209.167798996,-7.306904866,9.418996107,3.425748151
1609059209.221581936,-7.317680249,9.440024873,3.421023864
1609059209.272418022,-7.329185022,9.462557998,3.415519642
1609059209.324142933,-7.337855531,9.486928780,3.411108295
1609059209.374902010,-7.348735214,9.510818091,3.406279423
1609059209.425307989,-7.366934346,9.561549105,3.395474761
1609059209.472555876,-7.375558732,9.589580530,3.389702000
1609059209.523252964,-7.382798970,9.616569282,3.384323866
1609059209.575192928,-7.389901503,9.645859089,3.378956366
1609059209.621752977,-7.396443528,9.675139547,3.373863274
1609059209.680900812,-7.410959149,9.738970171,3.363308426
1609059209.724861860,-7.418600687,9.772191691,3.358492095
1609059209.774418831,-7.425445096,9.805894908,3.352728560
1609059209.822631836,-7.431874826,9.841231701,3.346392649
1609059209.873447895,-7.436937538,9.879000698,3.340467406
1609059209.923240900,-7.442327484,9.918896442,3.333981906
1609059209.975999832,-7.457717478,9.995081345,3.320393403
1609059210.023298979,-7.462695211,10.034702228,3.313130372
1609059210.075243950,-7.469053165,10.075258277,3.305202573
1609059210.122654915,-7.476551076,10.115409130,3.297739347
1609059210.174683809,-7.485151096,10.158433745,3.289424685
1609059210.224214792,-7.489355321,10.203837622,3.280021155
1609059210.274719954,-7.507542054,10.290886418,3.263631539
1609059210.322120905,-7.515813450,10.336413890,3.255285130
1609059210.373961926,-7.527145892,10.383473389,3.246636383
1609059210.421432972,-7.537462294,10.427523111,3.238331704
1609059210.476308823,-7.549330250,10.472290527,3.230140805
1609059210.522650003,-7.573733689,10.563582537,3.213963205
1609059210.574039936,-7.588325992,10.609044296,3.206053908
1609059210.621081829,-7.601720702,10.653096320,3.197232248
1609059210.673860788,-7.617098623,10.698615662,3.190696853
1609059210.723066807,-7.631732729,10.743694198,3.182926362
1609059210.775729895,-7.649591206,10.788823815,3.175306708
1609059210.824157000,-7.681930545,10.877691085,3.161267684
1609059210.872900963,-7.700673089,10.921375662,3.156019459
1609059210.922626972,-7.719379703,10.964187983,3.151483454
1609059210.973478794,-7.737930585,11.007163248,3.148152659
1609059211.022260904,-7.756271837,11.048968939,3.145084384
1609059211.077425003,-7.793784758,11.127536154,3.140834313
1609059211.122455835,-7.811222578,11.163900501,3.138682460
1609059211.177239895,-7.830784124,11.199778672,3.137252385
1609059211.222317934,-7.848448462,11.233689440,3.135860067
1609059211.272930861,-7.866863888,11.267015993,3.134693777
1609059211.322897911,-7.885405195,11.299134163,3.135038432
1609059211.375376940,-7.921298247,11.360553255,3.140830776
1609059211.421420813,-7.936668639,11.386192161,3.145354940
1609059211.472049952,-7.953862951,11.412958478,3.152706380
1609059211.522655964,-7.970151909,11.437898264,3.161383219
1609059211.567384958,-7.985798656,11.460991721,3.172916373
1609059211.619961977,-8.000389026,11.482271874,3.187297952
1609059211.666255951,-8.028988579,11.519572216,3.222442590
1609059211.716536999,-8.042451519,11.536399719,3.241890717
1609059211.768162966,-8.055404991,11.552033494,3.262393959
1609059211.817803860,-8.070112818,11.568419725,3.284970965
1609059211.867462873,-8.082996354,11.581939328,3.305598615
1609059211.917095900,-8.108359920,11.608623787,3.352745233
1609059211.967612982,-8.120935066,11.620373156,3.376201647
1609059212.016527891,-8.134634929,11.631354087,3.398360745
1609059212.066685915,-8.149516293,11.644451542,3.420264879
1609059212.121920824,-8.163683553,11.657855203,3.442370366
1609059212.175704002,-8.178635220,11.670689959,3.461956470
1609059212.226122856,-8.208819437,11.699653352,3.497013086
1609059212.273670912,-8.223937916,11.714018372,3.513040482
1609059212.321987867,-8.240967754,11.728936362,3.528008091
1609059212.374809980,-8.257068720,11.745705183,3.542751267
1609059212.423039913,-8.272807389,11.762433448,3.555566123
1609059212.476907969,-8.288548958,11.778522716,3.566942645
1609059212.522506952,-8.323721698,11.814335171,3.585012856
1609059212.574373960,-8.341254850,11.833970901,3.590482422
1609059212.622663975,-8.359557713,11.853810144,3.594452684
1609059212.673894882,-8.379113494,11.874544418,3.596227201
1609059212.722315788,-8.399018838,11.896537884,3.596465302
1609059212.774785995,-8.417914225,11.920176943,3.594209842
1609059212.822368860,-8.455875404,11.965749038,3.586970713
1609059212.874126911,-8.475342527,11.990197859,3.583074953
1609059212.923184872,-8.494670094,12.015330537,3.578653611
1609059212.968302965,-8.513232842,12.040784213,3.573949154
1609059213.017063856,-8.531295282,12.066835181,3.568090023
1609059213.066952944,-8.549455153,12.093941194,3.562900597
1609059213.118794918,-8.583538577,12.149136026,3.552960027
1609059213.168215990,-8.600908171,12.177876685,3.547914493
1609059213.216719866,-8.618115501,12.204331991,3.543311506
1609059213.267604828,-8.635373485,12.230881754,3.539089184
1609059213.316813946,-8.651680410,12.256120218,3.535017646
1609059213.369632006,-8.666894109,12.280147500,3.531833904
1609059213.417904854,-8.695942314,12.328562497,3.524767558
1609059213.467152834,-8.709967194,12.352499048,3.521452951
1609059213.516627789,-8.723941796,12.375199568,3.518894887
1609059213.567881823,-8.737238675,12.397836791,3.516973830
1609059213.625869989,-8.750354976,12.420278915,3.514854599
1609059213.675288916,-8.772335682,12.466152731,3.511722924
1609059213.723536968,-8.781885866,12.485011586,3.511081805
1609059213.774386883,-8.790499711,12.504896539,3.509626517
1609059213.822939873,-8.798449627,12.524608503,3.508892018
1609059213.875046015,-8.805839952,12.541290242,3.508573867
1609059213.925462961,-8.819419270,12.577007275,3.508965110
1609059213.973856926,-8.825785648,12.591894772,3.510593650
1609059214.023340940,-8.831087159,12.607883079,3.512106107
1609059214.072429895,-8.836288745,12.622988970,3.514189364
1609059214.123982906,-8.840350083,12.636775689,3.516379445
1609059214.174970865,-8.842542147,12.650839602,3.518470899
1609059214.224481821,-8.843430513,12.678163387,3.524968421
1609059214.273127794,-8.843643575,12.689605190,3.528332736
1609059214.322877884,-8.842904061,12.701323423,3.532393928
1609059214.375528812,-8.840708791,12.712655107,3.536399960
1609059214.421942949,-8.838624629,12.722106360,3.539984374
1609059214.475535870,-8.834952443,12.732230931,3.544481543
1609059214.523866892,-8.829000038,12.749342906,3.553171286
1609059214.574793816,-8.825977052,12.756825265,3.556889361
1609059214.625769854,-8.822776244,12.764109723,3.561907230
1609059214.673409939,-8.819758094,12.769257003,3.565513656
1609059214.723698854,-8.816906714,12.773684704,3.570727370
1609059214.775486946,-8.813553141,12.778835484,3.577027655
1609059214.822768927,-8.807162061,12.785806672,3.589861694
1609059214.872498989,-8.805020516,12.787364806,3.597120353
1609059214.923090935,-8.801869852,12.788768602,3.604443328
1609059214.974087000,-8.800043426,12.789427492,3.612344378
1609059215.024560928,-8.797343572,12.790098632,3.619205590
1609059215.075039864,-8.795936701,12.789089419,3.627197179
1609059215.118212938,-8.794661522,12.787665752,3.635371439
1609059215.166505814,-8.792712714,12.783177206,3.650390241
1609059215.216192007,-8.792503291,12.780131101,3.657888744
1609059215.266448975,-8.792135982,12.776620492,3.665188744
1609059215.317222834,-8.791952513,12.773000793,3.672555008
1609059215.367992878,-8.791939117,12.769631256,3.680270939
1609059215.416743994,-8.792212757,12.765875938,3.687448385
1609059215.468181849,-8.793250221,12.756540332,3.701199502
1609059215.516192913,-8.794310465,12.750972239,3.708435711
1609059215.568202972,-8.795671770,12.745853966,3.717273838
1609059215.625464916,-8.796264365,12.740876024,3.726425550
1609059215.674318790,-8.796535600,12.735768218,3.735273352
1609059215.724054813,-8.798028898,12.725028146,3.753433542
1609059215.774598837,-8.798730968,12.719939003,3.762886714
1609059215.824074984,-8.800115850,12.713725185,3.771953607
1609059215.872367859,-8.801384185,12.707964868,3.781374780
1609059215.924163818,-8.802435114,12.702849145,3.791508132
1609059215.981026888,-8.804975071,12.690980951,3.811253103
1609059216.031615973,-8.803621148,12.686605740,3.820789069
1609059216.072942019,-8.805768636,12.680211646,3.828689690
1609059216.123932838,-8.807024026,12.675042892,3.837606133
1609059216.174459934,-8.808519908,12.670092461,3.846933863
1609059216.224803925,-8.809147934,12.665096424,3.856186178
1609059216.275843859,-8.810383081,12.659667215,3.863911284
1609059216.323386908,-8.812406927,12.649992513,3.880832821
1609059216.375061989,-8.813938695,12.644966589,3.889656037
1609059216.422343016,-8.812943420,12.640605108,3.896216324
1609059216.472084999,-8.814231095,12.633678318,3.902245939
1609059216.523245811,-8.814522748,12.628084974,3.908243601
1609059216.575917959,-8.815734865,12.623368669,3.914263508
1609059216.625396967,-8.814893391,12.617714763,3.926856382
1609059216.673645020,-8.813579992,12.615018226,3.932398244
1609059216.723250866,-8.811318975,12.613097227,3.938245192
1609059216.776000023,-8.807103796,12.611351071,3.943490467
1609059216.822960854,-8.797480786,12.607528287,3.951188828
1609059216.872679949,-8.789234957,12.607734753,3.954819315
1609059216.922066927,-8.780714185,12.607087170,3.957970258
1609059216.974673986,-8.768377987,12.609092971,3.961324895
1609059217.022382021,-8.754856568,12.611703528,3.965507486
1609059217.074934959,-8.740925206,12.614319728,3.968837892
1609059217.126573801,-8.708161250,12.624422073,3.976675657
1609059217.174992800,-8.691354453,12.631079732,3.981118610
1609059217.222558975,-8.671752560,12.639447716,3.985922326
1609059217.295338869,-8.625923563,12.661974119,3.997066828
1609059217.336038828,-8.602312078,12.675857642,4.003981248
1609059217.383639812,-8.576676799,12.693632891,4.012286782
1609059217.428178787,-8.550850576,12.712398265,4.019034876
1609059217.473289967,-8.526710429,12.730961697,4.026161437
1609059217.522861004,-8.501272485,12.751188566,4.033341683
1609059217.574432850,-8.472655705,12.775244868,4.042021173
1609059217.622932911,-8.446186431,12.799887736,4.051020587
1609059217.676111937,-8.419593170,12.826171744,4.059858415
1609059217.724138021,-8.369570869,12.879905902,4.078923107
1609059217.774591923,-8.345226894,12.907927879,4.088944302
1609059217.821725845,-8.322241255,12.937072849,4.098454252
1609059217.873521805,-8.298318313,12.969672594,4.107790119
1609059217.922940969,-8.276099947,12.999631820,4.116625089
1609059217.975618839,-8.255369862,13.030848598,4.125634692
1609059218.023222923,-8.220842039,13.088815546,4.139863534
1609059218.071764946,-8.202608140,13.119269895,4.147058318
1609059218.124836922,-8.187393407,13.147577327,4.152948114
1609059218.174819946,-8.174583106,13.173587527,4.157286074
1609059218.225452900,-8.161357604,13.199475392,4.161581977
1609059218.274751902,-8.147655495,13.225684808,4.166699626
1609059218.324251890,-8.127581130,13.268725707,4.174428071
1609059218.375849009,-8.117467761,13.288153393,4.176731152
1609059218.421734810,-8.108286454,13.305684107,4.178255381
1609059218.473462820,-8.101508936,13.320690248,4.178995684
1609059218.522540808,-8.094574407,13.333516965,4.179256017
1609059218.575417995,-8.086685888,13.345538105,4.178889938
1609059218.624265909,-8.076192126,13.360603082,4.179377745
1609059218.671835899,-8.071272459,13.365718999,4.180205315
1609059218.723243952,-8.067247305,13.368867342,4.180699514
1609059218.773046017,-8.063926964,13.370162458,4.181596120
1609059218.825752020,-8.060360562,13.371059012,4.182680136
1609059218.874156952,-8.057239232,13.370631943,4.183702298
1609059218.923004866,-8.052327710,13.366353667,4.184911104
1609059218.974555016,-8.050101048,13.363072302,4.185168477
1609059219.016602993,-8.047830817,13.359325922,4.185051626
1609059219.067160845,-8.045784034,13.354578855,4.185411694
1609059219.118256807,-8.043949454,13.349315323,4.184605816
1609059219.169003010,-8.042079208,13.344416817,4.184476197
1609059219.217289925,-8.039749517,13.339660289,4.184595935
1609059219.266714811,-8.035759141,13.329947385,4.184068617
1609059219.316478014,-8.033699535,13.325657494,4.183875117
1609059219.367935896,-8.032437162,13.322067645,4.182871785
1609059219.416615963,-8.029397450,13.316717462,4.182754443
1609059219.469736814,-8.026012093,13.312568343,4.182918984
1609059219.517510891,-8.017676542,13.306125997,4.184549112
1609059219.568622828,-8.011811007,13.304502422,4.185769950
1609059219.616677999,-8.006182822,13.302946341,4.186925551
1609059219.667205811,-7.999152425,13.302490141,4.188539643
1609059219.724330902,-7.991405882,13.302637460,4.190129385
1609059219.781984806,-7.969374543,13.306374551,4.194885969
1609059219.827272892,-7.956315829,13.309476054,4.198359827
1609059219.872502804,-7.941844931,13.312794450,4.201089128
1609059219.922091961,-7.926891672,13.316518888,4.204472761
1609059219.974418879,-7.912426135,13.319738113,4.208108853
1609059220.023402929,-7.896772574,13.324123908,4.212111717
1609059220.075166941,-7.881865716,13.327702192,4.215577047
1609059220.124400854,-7.846446636,13.336769597,4.225677042
1609059220.176284790,-7.827095564,13.341464366,4.232688523
1609059220.222545862,-7.809613571,13.343985974,4.240785130
1609059220.289829969,-7.770186738,13.352413330,4.262950849
1609059220.331767797,-7.749109002,13.356775389,4.275587346
1609059220.379001856,-7.729962570,13.359663533,4.289678591
1609059220.425457001,-7.708883615,13.363839278,4.305345412
1609059220.473622799,-7.688384432,13.366857274,4.322172246
1609059220.522486925,-7.670598183,13.367644051,4.339712723
1609059220.574731827,-7.653604842,13.367321661,4.357430329
1609059220.625362873,-7.635316378,13.368542241,4.377724333
1609059220.674914837,-7.618729762,13.368264038,4.400089142
1609059220.726820946,-7.590056904,13.363573039,4.449309862
1609059220.775033951,-7.576669590,13.360448890,4.477511584
1609059220.822304964,-7.564972376,13.356490835,4.509516552
1609059220.872886896,-7.552274612,13.352238634,4.543291694
1609059220.923471928,-7.541342818,13.347253668,4.580194870
1609059220.977754831,-7.531029591,13.340989915,4.618407966
1609059221.026245832,-7.511275638,13.327968880,4.698652098
1609059221.072474957,-7.500994988,13.321231088,4.738527430
1609059221.124081850,-7.492856072,13.312919986,4.778851067
1609059221.173997879,-7.483853550,13.306254779,4.819128543
1609059221.224496841,-7.476033354,13.298893757,4.858594992
1609059221.275539875,-7.467970333,13.291353839,4.896216049
1609059221.318840981,-7.452951506,13.276561118,4.971857529
1609059221.369251966,-7.445491098,13.268738998,5.008924131
1609059221.418669939,-7.438183491,13.260798006,5.045196634
1609059221.472148895,-7.430398986,13.252972037,5.079211843
1609059221.523870945,-7.423077457,13.246375089,5.113062536
1609059221.576843023,-7.415746560,13.239477468,5.145955410
1609059221.624688864,-7.401390011,13.226597243,5.207360163
1609059221.672032833,-7.394263485,13.219712053,5.240129184
1609059221.723233938,-7.386939419,13.213330789,5.272975916
1609059221.768918991,-7.380058287,13.207174284,5.305983928
1609059221.824029922,-7.373206417,13.201518622,5.338732595
1609059221.875648975,-7.367124219,13.195393970,5.369583497
1609059221.923864841,-7.354366604,13.186416178,5.432883086
1609059221.974575996,-7.347949910,13.182224652,5.467725248
1609059222.066758871,-7.336543702,13.172971628,5.541835401
1609059222.112674952,-7.331083695,13.168120461,5.580336659
1609059222.227591991,-7.314442971,13.156124768,5.704064956
1609059222.272615910,-7.309327514,13.152176332,5.748809779
1609059222.322340965,-7.305364641,13.148462149,5.793323898
1609059222.374966860,-7.300059131,13.143700576,5.838111298
1609059222.434175968,-7.290518215,13.136586275,5.929632468
1609059222.477331877,-7.284801085,13.133512819,5.971996292
1609059222.521539927,-7.279734577,13.128871890,6.016648643
1609059222.575512886,-7.274486653,13.126601479,6.059782032
1609059222.622211933,-7.269355164,13.123870580,6.099414555
1609059222.671769857,-7.264954787,13.121038594,6.137877351
1609059222.724200964,-7.259026814,13.118806192,6.173569151
1609059222.776863813,-7.254205620,13.116622422,6.210899486
1609059222.824259996,-7.243959393,13.112290420,6.276315390
1609059222.872335911,-7.238995342,13.110123542,6.304504710
1609059222.995545864,-7.222227678,13.107212120,6.383033874
1609059223.082099915,-7.212125928,13.105662307,6.433824397
1609059223.129384995,-7.207681282,13.104846653,6.458115261
1609059223.174419880,-7.202422477,13.105031717,6.481407639
1609059223.223030806,-7.197620310,13.104982213,6.502676552
1609059223.272559881,-7.192292183,13.105404857,6.522585304
1609059223.323386908,-7.187789440,13.105932774,6.542208951
1609059223.376267910,-7.183096590,13.106140001,6.557820062
1609059223.424540997,-7.174608680,13.106213136,6.583504803
1609059223.471873999,-7.169872544,13.105780512,6.595204799
1609059223.522199869,-7.165326982,13.104994979,6.605578554
1609059223.576353788,-7.161019525,13.104407487,6.614501677
1609059223.627876997,-7.156648124,13.102973176,6.623317518
1609059223.674961805,-7.151799217,13.101962886,6.632553399
1609059223.724331856,-7.142913970,13.097333841,6.647805966
1609059223.775861979,-7.138004848,13.095251562,6.655616187
1609059223.822197914,-7.133829185,13.092884304,6.663732059
1609059223.873973846,-7.129511925,13.090431840,6.671163339
1609059223.917562008,-7.125456131,13.087645624,6.678925922
1609059223.976240873,-7.121061819,13.084097247,6.686201475
1609059224.026783943,-7.112322440,13.076940368,6.700657334
1609059224.074054003,-7.107907740,13.073068119,6.707588278
1609059224.124671936,-7.103763543,13.068266647,6.714467919
1609059224.175846815,-7.098641065,13.063174541,6.721043074
1609059224.225030899,-7.093571416,13.057215767,6.726775439
1609059224.323493958,-7.081000631,13.039065154,6.744931946
1609059224.367774963,-7.076939308,13.032903903,6.749619701
1609059224.417173862,-7.073157380,13.026806662,6.753846581
1609059224.467854977,-7.069517277,13.020076194,6.758360990
1609059224.516227961,-7.066713658,13.012789115,6.761912866
1609059224.570178986,-7.063735173,13.005439286,6.764772641
1609059224.619762897,-7.057899913,12.989491907,6.770248345
1609059224.667495012,-7.055282411,12.981442091,6.772272445
1609059224.718225956,-7.052782469,12.972310385,6.774209283
1609059224.769837856,-7.050456289,12.962877595,6.776853487
1609059225.015235901,-7.039574959,12.896975997,6.789311363
1609059225.068053007,-7.038516892,12.884067762,6.788412721
1609059225.271739960,-7.035363030,12.814682698,6.782145538
1609059225.323690891,-7.034904733,12.799655400,6.776527343
1609059225.374433994,-7.034575222,12.784963458,6.766381290
1609059225.421068907,-7.034237965,12.769784930,6.755781747
1609059225.474967003,-7.034805453,12.753984236,6.743235493
1609059225.525304794,-7.033883431,12.722351792,6.714745352
1609059225.574893951,-7.034887347,12.704978983,6.698798914
1609059225.623546839,-7.034282613,12.688366952,6.684995230
1609059225.672173023,-7.034288269,12.671277494,6.671425320
1609059225.722736835,-7.035352436,12.653208629,6.659191227
1609059225.776453018,-7.035029791,12.635251591,6.648575326
1609059225.825819016,-7.034504365,12.598371858,6.630600837
1609059225.873596907,-7.034647283,12.578271301,6.621982494
1609059225.922879934,-7.033866684,12.557577441,6.614400543
1609059226.018049002,-7.032022278,12.513194224,6.599841134
1609059226.080622911,-7.028390145,12.467406511,6.588576628
1609059226.128101826,-7.026985537,12.444090797,6.584049717
1609059226.334926844,-7.012194521,12.315113103,6.557214098
1609059226.383594990,-7.008193605,12.287578000,6.550823615
1609059226.428820848,-7.003193153,12.260755160,6.544147039
1609059226.472375870,-6.999111444,12.231779955,6.535922625
1609059226.522369862,-6.994217281,12.202043296,6.526999304
1609059226.576239824,-6.987976015,12.172719469,6.517649082
1609059226.623378992,-6.981469639,12.142694319,6.508277100
1609059226.675081968,-6.975704204,12.111011277,6.497400034
1609059226.725888014,-6.961301005,12.050315881,6.475275710
1609059226.774823904,-6.954248951,12.018533348,6.461868977
1609059226.822292805,-6.946637723,11.986659715,6.447698363
1609059226.893944979,-6.929278656,11.923672169,6.418814257
1609059226.935540915,-6.920954931,11.891834862,6.404526100
1609059226.983187914,-6.911429392,11.859963145,6.389906052
1609059227.027985811,-6.902479986,11.827198269,6.373962371
1609059227.072604895,-6.893306703,11.794558920,6.358880176
1609059227.168926954,-6.872472609,11.729816755,6.328750993
1609059227.235924006,-6.852317773,11.664278733,6.295852029
1609059227.281126022,-6.841803808,11.632706204,6.279381292
1609059227.325266838,-6.831665783,11.601386113,6.263452457
1609059227.376055002,-6.820920372,11.569524810,6.246389582
1609059227.422195911,-6.810055467,11.537183219,6.227831636
1609059227.474959850,-6.799038618,11.506922998,6.209747611
1609059227.523131847,-6.788252582,11.475931156,6.190572028
1609059227.575865984,-6.777293473,11.444665213,6.171834970
1609059227.625700951,-6.754862933,11.383504533,6.132908107
1609059227.675499916,-6.743896914,11.352329409,6.112494676
1609059227.725346804,-6.732377052,11.321147866,6.092116021
1609059227.774604797,-6.720426380,11.291210983,6.071654189
1609059227.822333813,-6.708617869,11.260378658,6.049355069
1609059227.874681950,-6.696931396,11.230214912,6.028016970
1609059227.924404860,-6.673115885,11.169590168,5.982643527
1609059227.973774910,-6.662227340,11.141052631,5.959155384
1609059228.023450851,-6.651264060,11.112218223,5.935412805
1609059228.075024843,-6.640154432,11.082597212,5.910430573
1609059228.124413967,-6.628708956,11.052576006,5.884670374
1609059228.177496910,-6.616971644,11.022967892,5.860578399
1609059228.225791931,-6.594248357,10.963537471,5.810303901
1609059228.274289846,-6.582538515,10.934307243,5.784876328
1609059228.323451996,-6.572093914,10.904378763,5.757598218
1609059228.374219894,-6.560936848,10.875551635,5.732474129
1609059228.422520876,-6.550259498,10.846064379,5.705089808
1609059228.476507902,-6.539411382,10.815470023,5.678310355
1609059228.524195910,-6.518427485,10.758917729,5.625059508
1609059228.575845957,-6.508236093,10.729461634,5.597230557
1609059228.625097990,-6.497647365,10.701136208,5.570680736
1609059228.675509930,-6.486909871,10.671887139,5.543738643
1609059228.724784851,-6.477070363,10.642465351,5.515899825
1609059228.777843952,-6.466672354,10.614185410,5.490630523
1609059228.824900866,-6.447521202,10.560126531,5.437933895
1609059228.874460936,-6.437638090,10.533747320,5.412129684
1609059228.923741817,-6.427539869,10.508142667,5.387219398
1609059228.975720882,-6.418135675,10.481808959,5.361991120
1609059229.023233891,-6.408365599,10.456494545,5.333289807
1609059229.080833912,-6.389595549,10.407659453,5.276405329
1609059229.125012875,-6.381099816,10.385171157,5.249406497
1609059229.175555944,-6.372193998,10.363449904,5.221249981
1609059229.268742800,-6.354367940,10.321108521,5.162333660
1609059229.335326910,-6.337283706,10.281447696,5.102403050
1609059229.427634001,-6.320341902,10.247039282,5.040354572
1609059229.469949007,-6.312517937,10.229869242,5.008247647
1609059229.515205860,-6.304715991,10.213957506,4.976294294
1609059229.565809011,-6.297643317,10.198593869,4.946515939
1609059229.635859013,-6.281817456,10.167376769,4.881417662
1609059229.681005001,-6.274591401,10.154149765,4.850821225
1609059229.724964857,-6.267197771,10.141853748,4.819349070
1609059229.775646925,-6.260574666,10.129442004,4.786945652
1609059229.823431015,-6.253537083,10.117390184,4.752961255
1609059229.874074936,-6.246482849,10.104842767,4.717179792
1609059229.923295975,-6.240308021,10.094359428,4.685747863
1609059229.969907999,-6.233849799,10.083916873,4.652056745
1609059230.016911983,-6.222903696,10.065801875,4.587514594
1609059230.067610979,-6.217830573,10.057309596,4.554135658
1609059230.117875814,-6.213204495,10.049864970,4.522625243
1609059230.167631865,-6.208582768,10.042046441,4.488989505
1609059230.224509954,-6.204327078,10.034661030,4.454868840
1609059230.276004791,-6.200148832,10.028470293,4.422653327
1609059230.324317932,-6.193342140,10.018436409,4.358503219
1609059230.375003815,-6.191074828,10.013872471,4.326296037
1609059230.422782898,-6.188511495,10.011067497,4.293546225
1609059230.472512960,-6.186048337,10.008765484,4.261802817
1609059230.523324966,-6.184115778,10.006842650,4.229370419
1609059230.570667982,-6.182556658,10.007299803,4.198787297
1609059230.618580818,-6.181660815,10.010308972,4.136268370
1609059230.667946815,-6.181454210,10.013881526,4.104809161
1609059230.717983007,-6.181708195,10.019440850,4.073495730
1609059230.767838001,-6.182393088,10.026322482,4.042535541
1609059230.815892935,-6.183801435,10.034054768,4.010440159
1609059230.873919964,-6.186660521,10.043307754,3.979819987
1609059230.923604012,-6.191641827,10.065863700,3.919806048
1609059230.974442959,-6.194718301,10.079831849,3.888429845
1609059231.046175957,-6.203722997,10.110371924,3.826234535
1609059231.091387987,-6.208604103,10.126934969,3.796197368
1609059231.140690804,-6.214004475,10.147055494,3.763344646
1609059231.186136961,-6.218667458,10.165224030,3.733575791
1609059231.227284908,-6.225077275,10.185198665,3.702005337
1609059231.316155910,-6.236650840,10.230157108,3.636463947
1609059231.524130821,-6.273038704,10.356476195,3.470495277
1609059231.575814962,-6.279545798,10.384773956,3.435560405
1609059231.624480963,-6.287164066,10.412692297,3.400345035
1609059231.675539017,-6.295288048,10.440816184,3.366004103
1609059231.725446939,-6.302733925,10.469004998,3.331658459
1609059231.777017832,-6.317703776,10.526834157,3.261011911
1609059231.823331833,-6.325771278,10.555303275,3.228399634
1609059231.873763800,-6.332823101,10.585431646,3.195696095
1609059231.923338890,-6.340483290,10.615429662,3.163814393
1609059231.977088928,-6.349224355,10.645265427,3.132509356
1609059232.025424957,-6.357005264,10.676451977,3.102091583
1609059232.076080799,-6.373393324,10.738187252,3.044245188
1609059232.123967886,-6.381982206,10.768782668,3.015194464
1609059232.175189972,-6.389788453,10.800194931,2.986936136
1609059232.225611925,-6.397413853,10.831546514,2.958215615
1609059232.273353815,-6.406756115,10.861619579,2.929579250
1609059232.324267864,-6.415966309,10.892855159,2.900792439
1609059232.376577854,-6.435277595,10.956812752,2.843827765
1609059232.423707962,-6.445663754,10.989707596,2.815612371
1609059232.472380877,-6.455833333,11.022962663,2.786641338
1609059232.523182869,-6.466268984,11.056946697,2.756750640
1609059232.575347900,-6.478303147,11.090156729,2.727049079
1609059232.626820803,-6.489355881,11.124386064,2.696966432
1609059232.677327871,-6.513570421,11.192493368,2.637071542
1609059232.723833799,-6.526635301,11.227452201,2.606255370
1609059232.775359869,-6.540171605,11.262539504,2.575983998
1609059232.822739840,-6.553262380,11.298201252,2.544452483
1609059232.874720812,-6.567512093,11.333458938,2.513289813
1609059232.923731804,-6.582372088,11.369931305,2.482775353
1609059232.976296902,-6.613723295,11.446288598,2.418719072
1609059233.023515940,-6.628542167,11.481466868,2.390464063
1609059233.073148966,-6.643786467,11.518598582,2.359473377
1609059233.124166965,-6.660787286,11.556733778,2.327615334
1609059233.176656961,-6.676347713,11.595498340,2.296206748
1609059233.226016998,-6.710142796,11.672186731,2.232022382
1609059233.276358843,-6.726557239,11.712676588,2.199100343
1609059233.323877811,-6.744161679,11.752167360,2.165036906
1609059233.376262903,-6.761045180,11.792519509,2.130331087
1609059233.423206806,-6.778458565,11.833347158,2.096176043
1609059233.475296021,-6.795834149,11.874699556,2.061046050
1609059233.524905920,-6.814348685,11.916246670,2.025488562
1609059233.576635838,-6.849243654,11.999872340,1.954743513
1609059233.624477863,-6.867609868,12.042439548,1.918713392
1609059233.675215960,-6.884427211,12.085560211,1.881781532
1609059233.723466873,-6.901271667,12.129106313,1.847006578
1609059233.776186943,-6.917824092,12.172699260,1.811878057
1609059233.824615002,-6.933595525,12.216736912,1.779503446
1609059233.874099016,-6.965461864,12.305653052,1.723393830
1609059233.923362017,-6.980357504,12.350095463,1.702306852
1609059233.976472855,-6.994828792,12.394897096,1.686292965
1609059234.023525000,-7.007048178,12.439750029,1.674017274
1609059234.074375868,-7.021405263,12.484800086,1.664637768
1609059234.126240015,-7.033812065,12.528432525,1.657698424
1609059234.176721811,-7.057985675,12.619927376,1.650723344
1609059234.225050926,-7.070256828,12.664685426,1.649758029
1609059234.273199797,-7.081446950,12.709901957,1.649767907
1609059234.323958874,-7.091163208,12.755712057,1.651735685
1609059234.374959946,-7.102513372,12.800679757,1.654374738
1609059234.429888964,-7.124442007,12.893597027,1.663532827
1609059234.478530884,-7.133132305,12.937404364,1.670786636
1609059234.523868799,-7.143142387,12.981690770,1.678659673
1609059234.575124979,-7.153685281,13.026492325,1.688184427
1609059234.624372959,-7.163472600,13.071983863,1.698579581
1609059234.671772003,-7.173916614,13.117346043,1.710157770
1609059234.729933977,-7.197294802,13.206015095,1.733403576
1609059234.779724836,-7.208138816,13.251606960,1.746114741
1609059234.823189020,-7.219518829,13.297842967,1.759196741
1609059234.872123957,-7.232482155,13.342826949,1.772127046
1609059234.923687935,-7.245106843,13.388266489,1.786725128
1609059234.975854874,-7.257481747,13.434685768,1.801215592
1609059235.025393009,-7.271011057,13.479919377,1.815643308
1609059235.074862957,-7.299166014,13.572001813,1.846566400
1609059235.123531818,-7.312860527,13.618266152,1.862216592
1609059235.173967838,-7.328172677,13.663778837,1.877762706
1609059235.224615812,-7.344613359,13.710123128,1.893896108
1609059235.274406910,-7.359654087,13.755799118,1.909193351
1609059235.324642897,-7.375322742,13.802674292,1.924846833
1609059235.376113892,-7.410613808,13.894613246,1.958812323
1609059235.423860788,-7.428415857,13.941152472,1.975514769
1609059235.474370003,-7.447506816,13.987736647,1.995389154
1609059235.523544788,-7.467440148,14.034514500,2.018403539
1609059235.576577902,-7.486804704,14.082487555,2.042737975
1609059235.624969959,-7.528258133,14.175944527,2.096306777
1609059235.672253847,-7.549464992,14.223539064,2.124278369
1609059235.724052906,-7.570839198,14.271064328,2.154556943
1609059235.775751829,-7.594051490,14.317979962,2.184880390
1609059235.825464964,-7.617320119,14.365565000,2.219393136
1609059235.882185936,-7.665164884,14.459329141,2.286996764
1609059235.928238869,-7.689446448,14.505067621,2.320398845
1609059235.974368811,-7.714375883,14.553544127,2.356196266
1609059236.025103807,-7.740628756,14.600415715,2.393241466
1609059236.073837996,-7.766114058,14.645558602,2.426239278
1609059236.124800920,-7.792088781,14.690993414,2.462197292
1609059236.177326918,-7.816428596,14.733261184,2.497238820
1609059236.224512815,-7.867316644,14.816925263,2.564044977
1609059236.267032862,-7.892896582,14.858697713,2.599008373
1609059236.324050903,-7.917708276,14.897542907,2.632107262
1609059236.375690937,-7.944026103,14.940270145,2.667573374
1609059236.426533937,-7.970182596,14.979117122,2.701713369
1609059236.476318836,-8.021761266,15.054870592,2.770250852
1609059236.523927927,-8.046276995,15.089576269,2.802264068
1609059236.574991941,-8.071184225,15.123550688,2.835199448
1609059236.625598907,-8.094971417,15.156748967,2.867105157
1609059236.668286800,-8.118621448,15.187423389,2.899108676
1609059236.722193956,-8.161340407,15.239865237,2.957922111
1609059236.768137932,-8.182043000,15.263679259,2.989202420
1609059236.823078871,-8.201101351,15.285691333,3.020141536
1609059236.889719009,-8.239055262,15.323437345,3.084008228
1609059236.983220816,-8.275461685,15.355104022,3.151602182
1609059237.023809910,-8.291496356,15.368575957,3.184616436
1609059237.074645996,-8.308398562,15.379139999,3.218532620
1609059237.123984814,-8.324852630,15.388210452,3.252773810
1609059237.176003933,-8.341101414,15.395188480,3.290181240
1609059237.224983931,-8.355580957,15.399641529,3.324749758
1609059237.275696993,-8.369299104,15.401929680,3.360759811
1609059237.326165915,-8.395614047,15.398584067,3.433912134
1609059237.374982834,-8.407123853,15.396391264,3.472611106
1609059237.423411846,-8.418276322,15.392083713,3.509888435
1609059237.474363804,-8.431009635,15.386605519,3.550745624
1609059237.525082827,-8.442729363,15.379659806,3.590865206
1609059237.576599836,-8.453973378,15.371364709,3.633679863
1609059237.626716852,-8.474757521,15.350875492,3.718728315
1609059237.672845840,-8.486114067,15.338139174,3.761856577
1609059237.723515987,-8.496221361,15.325871409,3.804784831
1609059237.775166988,-8.506409620,15.313017222,3.846542693
1609059237.823666811,-8.518388909,15.298758892,3.888519046
1609059237.876502991,-8.529442651,15.284571330,3.929691864
1609059237.924748898,-8.548278290,15.256708867,4.007490748
1609059237.974278927,-8.556975361,15.241908373,4.044809038
1609059238.023690939,-8.562874458,15.228603865,4.080264794
1609059238.073663950,-8.566982513,15.216060557,4.116846037
1609059238.124447823,-8.569887784,15.202843592,4.149926368
1609059238.182637930,-8.571873335,15.178546887,4.214996675
1609059238.230317831,-8.571363952,15.168577970,4.247453774
1609059238.273399830,-8.568494345,15.159109852,4.279322143
1609059238.323238850,-8.566357962,15.149198046,4.311397309
1609059238.374790907,-8.562076132,15.141051004,4.345895732
1609059238.423548937,-8.557170133,15.132786735,4.380760018
1609059238.479616880,-8.544234994,15.117855888,4.454091383
1609059238.524784803,-8.535018742,15.112978825,4.493446164
1609059238.566993952,-8.524323170,15.109532360,4.529843993
1609059238.620038986,-8.510747253,15.105084882,4.567768876
1609059238.672650814,-8.493198872,15.101079058,4.608407854
1609059238.730052948,-8.456803339,15.096387135,4.685806472
1609059238.780407906,-8.438265163,15.095172300,4.726080285
1609059238.823223829,-8.417317767,15.093467748,4.766529934
1609059238.872737885,-8.397094242,15.092630402,4.807916407
1609059238.923436880,-8.375203696,15.091661355,4.850290159
1609059238.973354816,-8.354363175,15.089404003,4.892880366
1609059239.023800850,-8.333496133,15.086458627,4.934446638
1609059239.073369980,-8.286383564,15.076128142,5.020635023
1609059239.124178886,-8.262651235,15.066095730,5.060927778
1609059239.172321796,-8.238147013,15.059156276,5.103503470
1609059239.242790937,-8.187522177,15.043621253,5.189456014
1609059239.297397852,-8.162751295,15.032939286,5.232063061
1609059239.338865995,-8.137318940,15.021338940,5.271733059
1609059239.383664846,-8.110877762,15.011376705,5.314128746
1609059239.427693844,-8.085941203,14.999826106,5.356256673
1609059239.473961830,-8.060801039,14.987426813,5.398068720
1609059239.523952961,-8.034989210,14.973787519,5.437042596
1609059239.573349953,-8.010264771,14.958284250,5.476831086
1609059239.625808001,-7.986328318,14.940924151,5.516748837
1609059239.675110817,-7.937056614,14.902123896,5.593422029
1609059239.724798918,-7.912180159,14.879155960,5.631487712
1609059239.776228905,-7.887769873,14.856130685,5.666496558
1609059239.823482990,-7.863465519,14.830060680,5.703240349
1609059239.875077963,-7.837288868,14.800843700,5.735234504
1609059239.924886942,-7.811847386,14.770665270,5.765042865
1609059239.977766991,-7.762201169,14.710307446,5.813697759
1609059240.025096893,-7.737130294,14.678379854,5.834830499
1609059240.074623823,-7.712615473,14.644386098,5.854193088
1609059240.124094963,-7.687081673,14.607281716,5.871814149
1609059240.176934004,-7.636815270,14.526968910,5.903145881
1609059240.226150990,-7.610046176,14.482297925,5.919219234
1609059240.268200874,-7.582979214,14.435608076,5.935710143
1609059240.317497015,-7.554231478,14.384719690,5.955269478
1609059240.368453979,-7.524998431,14.331978367,5.975868445
1609059240.416508913,-7.495469665,14.278085200,5.998302563
1609059240.475827932,-7.434277004,14.164298337,6.047115952
1609059240.524581909,-7.405022627,14.106820092,6.070568740
1609059240.575874805,-7.374737045,14.051772832,6.096030271
1609059240.625033855,-7.347894218,14.000458432,6.120070780
1609059240.675410986,-7.320071082,13.946161306,6.143389723
1609059240.728230953,-7.293230363,13.894767714,6.167164693
1609059240.776525021,-7.235126601,13.783209163,6.207732078
1609059240.823493958,-7.205591544,13.727263457,6.223457382
1609059240.871838808,-7.179423291,13.676402746,6.236668716
1609059240.924268007,-7.151538673,13.623972450,6.250347228
1609059240.978344917,-7.100018741,13.527154808,6.271460720
1609059241.026101828,-7.075397862,13.481652092,6.281479401
1609059241.072450876,-7.052010790,13.439558207,6.290320215
1609059241.123432875,-7.030458469,13.401381904,6.298610257
1609059241.175231934,-7.010511887,13.365276683,6.306210473
1609059241.224828005,-6.991437242,13.330829544,6.313444488
1609059241.276582956,-6.953755390,13.269424852,6.325917091
1609059241.324222803,-6.936071491,13.242846875,6.331630556
1609059241.374416828,-6.919159279,13.217504513,6.337442515
1609059241.423563957,-6.902955984,13.193109980,6.343497302
1609059241.468745947,-6.887019078,13.169535809,6.349149297
1609059241.519715786,-6.871496222,13.148011691,6.354779063
1609059241.570034981,-6.843650330,13.110145608,6.366230984
1609059241.619392872,-6.830276345,13.093880717,6.371140532
1609059241.670073986,-6.817099142,13.079077267,6.376502663
1609059241.718913794,-6.804835238,13.065583482,6.381671089
1609059241.769388914,-6.792206262,13.052627815,6.387043867
1609059241.819223881,-6.780898803,13.041786786,6.391652013
1609059241.872189999,-6.758544455,13.022939874,6.399746547
1609059241.924671888,-6.747656700,13.015786986,6.404068492
1609059241.973153830,-6.737905957,13.008486598,6.407873167
1609059242.023885012,-6.728173966,13.002039600,6.410793967
1609059242.080407858,-6.707944574,12.991023277,6.418137065
1609059242.128690004,-6.699475380,12.986385880,6.421306831
1609059242.175999880,-6.689883540,12.983781613,6.425684181
1609059242.223338842,-6.682756091,12.980901467,6.429558140
1609059242.273056984,-6.673857480,12.979421719,6.432973188
1609059242.324701786,-6.666081620,12.978617037,6.437545473
1609059242.376902819,-6.659352585,12.977772169,6.439939224
1609059242.424333811,-6.645187525,12.979293819,6.446799890
1609059242.472778797,-6.639188206,12.980591758,6.450773422
1609059242.523919821,-6.633557236,12.982475478,6.453256319
1609059242.576313019,-6.628180797,12.984833628,6.456772633
1609059242.623045921,-6.623271884,12.987612058,6.460260052
1609059242.726250887,-6.608671194,12.999218914,6.470487461
1609059242.770407915,-6.605529157,13.003314527,6.472693163
1609059242.816448927,-6.602686404,13.008554237,6.475803842
1609059242.866168976,-6.599155803,13.014635218,6.479021864
1609059242.934248924,-6.594447757,13.025996947,6.484534979
1609059243.028075933,-6.591649721,13.037884745,6.490277553
1609059243.074253798,-6.589503675,13.044799788,6.494530499
1609059243.123699903,-6.589164826,13.050459684,6.497554956
1609059243.175509930,-6.587982544,13.057827862,6.501740593
1609059243.225409985,-6.586017188,13.064299488,6.505697240
1609059243.276994944,-6.585095807,13.070888435,6.509894870
1609059243.324115992,-6.581578152,13.081427147,6.519452886
1609059243.376057863,-6.577760322,13.086451724,6.524495651
1609059243.421938896,-6.575823055,13.089766504,6.529536336
1609059243.474492788,-6.572071490,13.092509675,6.533966986
1609059243.521941900,-6.569528231,13.093779988,6.537634818
1609059243.576113939,-6.564669140,13.095588196,6.541819182
1609059243.625813961,-6.556276182,13.091369169,6.549185263
1609059243.672411919,-6.549784250,13.088017311,6.552930046
1609059243.724313974,-6.544099141,13.081826236,6.556682397
1609059243.775945902,-6.535579968,13.076123412,6.559484253
1609059243.823218822,-6.527850356,13.067579152,6.563636436
1609059243.877254963,-6.519564033,13.057123187,6.566567735
1609059243.925767899,-6.500652349,13.032273783,6.571178433
1609059243.975202799,-6.490448105,13.017123234,6.572871742
1609059244.024930000,-6.479316165,13.000228902,6.574464091
1609059244.075819969,-6.467644654,12.981551546,6.576299036
1609059244.128417015,-6.456308583,12.962009894,6.577064552
1609059244.177000999,-6.443720496,12.939647754,6.577012881
1609059244.227511883,-6.418463434,12.893357392,6.579579395
1609059244.274955988,-6.406064969,12.869665964,6.581443187
1609059244.323299885,-6.392768861,12.843612128,6.581860525
1609059244.375995874,-6.380076975,12.816680823,6.582290448
1609059244.426864862,-6.367557836,12.789723896,6.583052735
1609059244.478477001,-6.340296961,12.732145872,6.586060842
1609059244.524101019,-6.326465046,12.702641317,6.586909781
1609059244.574800014,-6.316532869,12.673436659,6.586921552
1609059244.626190901,-6.302517574,12.644065689,6.588299807
1609059244.676687956,-6.290997952,12.614394231,6.588669059
1609059244.728432894,-6.266122569,12.553585447,6.590923210
1609059244.775705814,-6.253487867,12.522317443,6.591776338
1609059244.825496912,-6.241079529,12.490859342,6.593396027
1609059244.875216961,-6.229024284,12.458786014,6.592650263
1609059244.922813892,-6.216317466,12.425313417,6.591954117
1609059244.984015942,-6.191953119,12.360528331,6.589337965
1609059245.029711962,-6.180373873,12.327944980,6.588804951
1609059245.073802948,-6.167448185,12.295966197,6.588180252
1609059245.125428915,-6.155901563,12.262731902,6.586228204
1609059245.176196814,-6.145965870,12.230794564,6.584376184
1609059245.239313841,-6.124702873,12.170219847,6.581426852
1609059245.282526016,-6.114959392,12.139860017,6.579121993
1609059245.329826832,-6.105753576,12.111772607,6.577941564
1609059245.377168894,-6.095193329,12.083673228,6.577081100
1609059245.423393011,-6.086274513,12.056099933,6.575342857
1609059245.474956989,-6.076747373,12.029750447,6.572591380
1609059245.524880886,-6.068359821,12.004093458,6.570185828
1609059245.579612017,-6.058851864,11.979770818,6.568207008
1609059245.625802994,-6.042316060,11.933974428,6.561776120
1609059245.676539898,-6.034560353,11.912897182,6.559299753
1609059245.723434925,-6.027095178,11.891699306,6.556634495
1609059245.776181936,-6.019668714,11.872995284,6.554230026
1609059245.825359821,-6.013228482,11.855220165,6.550857091
1609059245.878059864,-6.006296315,11.838290067,6.548516472
1609059245.925174952,-5.992108836,11.808969373,6.543537072
1609059245.974793911,-5.985424361,11.794868964,6.540942177
1609059246.024262905,-5.978138900,11.781993739,6.537802073
1609059246.075183868,-5.971331503,11.770091638,6.534887793
1609059246.126029015,-5.964707796,11.758976793,6.533511233
1609059246.169981003,-5.957654834,11.747317668,6.530904612
1609059246.225961924,-5.945864361,11.727022624,6.526613254
1609059246.276748896,-5.939781191,11.719147706,6.524034851
1609059246.323940992,-5.933621787,11.710581391,6.522787597
1609059246.377769947,-5.927048270,11.703037734,6.521599500
1609059246.426345825,-5.920019415,11.695214024,6.520989960
1609059246.475872993,-5.906792816,11.680195382,6.519579403
1609059246.524096966,-5.899449899,11.673283830,6.518866311
1609059246.576963902,-5.892510826,11.666818632,6.517164934
1609059246.624908924,-5.887112663,11.661633294,6.517561112
1609059246.676499844,-5.880779678,11.654951977,6.516523679
1609059246.728160858,-5.868299221,11.642434863,6.513952748
1609059246.776454926,-5.862667709,11.636163047,6.512956757
1609059246.818063974,-5.857023732,11.630307696,6.511212911
1609059246.876037836,-5.851737012,11.624803544,6.510264708
1609059246.924561024,-5.846775708,11.618615501,6.508939946
1609059246.976102829,-5.841369595,11.612012397,6.507275768
1609059247.025238991,-5.830773618,11.599455645,6.503705506
1609059247.075232983,-5.826686106,11.593472172,6.504772047
1609059247.122881889,-5.821859716,11.586993586,6.503608325
1609059247.174438953,-5.817308865,11.581139445,6.503592947
1609059247.225103855,-5.813043892,11.574589953,6.502169732
1609059247.273818016,-5.805263944,11.562221919,6.497073831
1609059247.319509983,-5.802536367,11.556610333,6.495588089
1609059247.375339985,-5.799385420,11.550804703,6.493727046
1609059247.424475908,-5.796253725,11.544239751,6.490933278
1609059247.468591928,-5.793552145,11.537523122,6.489060409
1609059247.520418882,-5.790031170,11.531179679,6.486595587
1609059247.576427937,-5.785072353,11.519028251,6.483670213
1609059247.626931906,-5.782441423,11.513189751,6.480703867
1609059247.668565989,-5.779523578,11.507533290,6.478610254
1609059247.725056887,-5.776562630,11.501821538,6.475768627
1609059247.778752804,-5.773145490,11.496121475,6.473223183
1609059247.824915886,-5.767613164,11.484851434,6.467695119
1609059247.875301838,-5.764458617,11.478662449,6.464448889
1609059247.919649839,-5.761436605,11.472799959,6.461368973
1609059247.970078945,-5.758680662,11.466636095,6.458274463
1609059248.021853924,-5.756010874,11.461805083,6.454882139
1609059248.069048882,-5.750598730,11.452043698,6.448903970
1609059248.118858814,-5.747251337,11.446985558,6.445309745
1609059248.175715923,-5.743835493,11.442377715,6.442296964
1609059248.225148916,-5.740788361,11.438205080,6.440401508
1609059248.272660971,-5.737179201,11.433868211,6.437913724
1609059248.325279951,-5.730238684,11.425889544,6.434780525
1609059248.377070904,-5.727562942,11.421919125,6.433167578
1609059248.426757812,-5.724177804,11.418203562,6.431685004
1609059248.475180864,-5.720925394,11.414682010,6.430774305
1609059248.523994923,-5.717952195,11.409784357,6.429541911
1609059248.570500851,-5.713726198,11.403373345,6.428744694
1609059248.618870974,-5.704216326,11.386855230,6.427696839
1609059248.669991016,-5.698358103,11.377083670,6.427743283
1609059248.723572969,-5.692233623,11.367600503,6.428644183
1609059248.777373791,-5.686562387,11.356708967,6.429518529
1609059248.826699972,-5.681350157,11.345498617,6.429885003
1609059248.878330946,-5.668495328,11.319447542,6.432586550
1609059248.919111967,-5.661992296,11.304198910,6.434371699
1609059248.977666855,-5.654280208,11.286992968,6.435538853
1609059249.023890018,-5.645196812,11.268695958,6.437499108
1609059249.077566862,-5.636712485,11.249959366,6.437966077
1609059249.125114918,-5.627482792,11.229329121,6.439580631
1609059249.177200794,-5.604422036,11.181637846,6.441074518
1609059249.226617813,-5.593431316,11.158122784,6.440977918
1609059249.274793863,-5.581450347,11.131993795,6.442394143
1609059249.324553967,-5.568023656,11.104350444,6.444671788
1609059249.377462864,-5.553926440,11.076362368,6.448102648
1609059249.425800800,-5.528421234,11.018312940,6.453426236
1609059249.475129843,-5.514574918,10.987567663,6.455940505
1609059249.523887873,-5.499942155,10.956145010,6.458584345
1609059249.575864792,-5.484994898,10.924273768,6.460208769
1609059249.626290798,-5.470953793,10.892333285,6.462840430
1609059249.677316904,-5.438440559,10.827043561,6.468929495
1609059249.723666906,-5.423473821,10.793884308,6.472073981
1609059249.775375843,-5.406516458,10.759825015,6.476552043
1609059249.825821877,-5.390893791,10.725979155,6.478789433
1609059249.876583815,-5.374283394,10.692315278,6.483307714
1609059249.924914837,-5.341355222,10.625155711,6.491888598
1609059249.975677013,-5.323551189,10.592101022,6.495790367
1609059250.023269892,-5.306851291,10.558251362,6.499453298
1609059250.075027943,-5.289316187,10.524675584,6.502576945
1609059250.124737978,-5.271777053,10.491260435,6.506265625
1609059250.182546854,-5.236007183,10.425831333,6.512644482
1609059250.226719856,-5.218264192,10.392645720,6.515373535
1609059250.276132822,-5.200034480,10.359026912,6.518923064
1609059250.323656797,-5.182203189,10.326504851,6.521625431
1609059250.378604889,-5.163723297,10.293326625,6.525722253
1609059250.426731825,-5.144730537,10.260680961,6.528768914
1609059250.476253986,-5.106882939,10.196527346,6.537473159
1609059250.524516821,-5.088431205,10.166500347,6.541472906
1609059250.578516006,-5.069502745,10.135037799,6.545380528
1609059250.624528885,-5.050353890,10.103462455,6.548814062
1609059250.676095009,-5.030955397,10.071229646,6.551956018
1609059250.727896929,-4.992141835,10.009640881,6.558370002
1609059250.775573015,-4.972971663,9.979479283,6.562407529
1609059250.824249983,-4.953472430,9.949451127,6.565286287
1609059250.876453876,-4.934404545,9.919312613,6.568780335
1609059250.923990965,-4.914346392,9.888945353,6.571340638
1609059250.978884935,-4.875266849,9.831458963,6.578170965
1609059251.025208950,-4.854379742,9.802255516,6.581176763
1609059251.073817015,-4.834902091,9.773169506,6.584402666
1609059251.124950886,-4.814843758,9.744825161,6.587161511
1609059251.177489996,-4.794682976,9.715666040,6.590714985
1609059251.226538897,-4.776097326,9.688829594,6.593535904
1609059251.275158882,-4.737293791,9.633356737,6.599892841
1609059251.323611021,-4.718730465,9.607461535,6.602618274
1609059251.376201868,-4.698332940,9.580136819,6.606022830
1609059251.425359011,-4.678061620,9.554281402,6.608399772
1609059251.477105856,-4.657970663,9.528064860,6.610794204
1609059251.525266886,-4.619178393,9.477547878,6.615591246
1609059251.569697857,-4.598939727,9.451477394,6.617735473
1609059251.625622988,-4.581494428,9.428300730,6.619645081
1609059251.675060987,-4.561777377,9.403870236,6.622700859
1609059251.725672960,-4.542614221,9.379683180,6.625733430
1609059251.777293921,-4.504994382,9.334211531,6.631955840
1609059251.823503017,-4.487178335,9.313479682,6.634680558
1609059251.872887850,-4.468058824,9.291167890,6.637493049
1609059251.925740957,-4.449939494,9.269624842,6.640561216
1609059251.976236820,-4.431789281,9.247747160,6.643681641
1609059252.026512861,-4.412847325,9.227661537,6.646515620
1609059252.079620838,-4.376038869,9.187891858,6.653480082
1609059252.124530792,-4.357148089,9.168376296,6.657138014
1609059252.176105022,-4.338940020,9.147903022,6.659886069
1609059252.227710009,-4.319485859,9.128991028,6.663078261
1609059252.277246952,-4.299653092,9.109840670,6.666719988
1609059252.325672865,-4.262884111,9.073449082,6.674430232
1609059252.375221014,-4.244390980,9.054953070,6.678281830
1609059252.423640013,-4.224834995,9.037083590,6.682317678
1609059252.475574970,-4.205669084,9.017724513,6.686772561
1609059252.523998022,-4.186454497,8.999796088,6.690535340
1609059252.579035997,-4.147949138,8.964710586,6.699296199
1609059252.626502991,-4.127814657,8.946493655,6.702966654
1609059252.677026987,-4.108542351,8.929321967,6.707960867
1609059252.724285841,-4.088792614,8.912617228,6.713068611
1609059252.776113987,-4.069516062,8.894851034,6.718558903
1609059252.826280832,-4.049399980,8.876890230,6.724457894
1609059252.877943993,-4.008511773,8.840303900,6.737166310
1609059252.923913956,-3.988019452,8.821937718,6.742951894
1609059252.976513863,-3.966462601,8.803441854,6.749290421
1609059253.023574829,-3.944934830,8.784048970,6.755146110
1609059253.076936960,-3.923751938,8.764004254,6.761231597
1609059253.125921965,-3.901134669,8.744687659,6.767026744
1609059253.179058790,-3.856899504,8.702679254,6.778561518
1609059253.226295948,-3.834764224,8.681600616,6.784890296
1609059253.277776957,-3.811103544,8.658308576,6.790320188
1609059253.324551821,-3.787399894,8.635128944,6.796474368
1609059253.377594948,-3.762766576,8.611769046,6.802038085
1609059253.426186800,-3.738427166,8.587434954,6.807873021
1609059253.477513790,-3.687565805,8.536788106,6.817989582
1609059253.524799824,-3.662535516,8.509174753,6.822828025
1609059253.575541019,-3.635626457,8.480660332,6.827546548
1609059253.626489878,-3.608883090,8.451446325,6.831496384
1609059253.676868916,-3.581305579,8.421147982,6.835345433
1609059253.727252007,-3.553956567,8.390278291,6.839011767
1609059253.777740955,-3.495223071,8.323861538,6.847860564
1609059253.825893879,-3.466224977,8.289943792,6.851731194
1609059253.875280857,-3.435086555,8.254774027,6.855811802
1609059253.923599958,-3.403914436,8.217533382,6.859874976
1609059253.977397919,-3.373642503,8.182572017,6.862822796
1609059254.029161930,-3.311742963,8.109164410,6.870193847
1609059254.076749802,-3.281827394,8.072952641,6.872615938
1609059254.124732971,-3.250343241,8.034978742,6.876460525
1609059254.176038980,-3.218646978,7.996411492,6.877804645
1609059254.226737976,-3.186815808,7.958666856,6.879582364
1609059254.278422832,-3.124697243,7.880475734,6.882800296
1609059254.324836969,-3.093135704,7.841199481,6.883747944
1609059254.377619982,-3.061379586,7.803398715,6.883876097
1609059254.425799847,-3.032431713,7.765777371,6.884128919
1609059254.473533869,-3.000880560,7.726967559,6.885061666
1609059254.524940014,-2.972232804,7.693037485,6.884794721
1609059254.577971935,-2.910625067,7.617655254,6.886365344
1609059254.625556946,-2.884907842,7.585156783,6.886598864
1609059254.672883987,-2.857246651,7.551179685,6.886723033
1609059254.725901842,-2.829409657,7.517641313,6.887131996
1609059254.778018951,-2.800863961,7.483638517,6.887339511
1609059254.826311827,-2.772738600,7.450735019,6.887634418
1609059254.875615835,-2.719505948,7.386484766,6.889322534
1609059254.923025846,-2.694470705,7.355632419,6.890467759
1609059254.976127863,-2.669321949,7.326049298,6.891522408
1609059255.025452852,-2.644957621,7.297269756,6.892452050
1609059255.077305794,-2.619853336,7.268330815,6.892901462
1609059255.124895811,-2.572652822,7.213623348,6.893275700
1609059255.176555872,-2.572652846,7.213623914,6.893277656
1609059255.226135015,-2.526144612,7.162008681,6.894457635
1609059255.275856972,-2.503215092,7.136016719,6.895142098
1609059255.323729992,-2.479735095,7.110089742,6.895278260
1609059255.378511906,-2.433912178,7.059829814,6.894335590
1609059255.424612999,-2.411885636,7.036045537,6.893313322
1609059255.475538969,-2.388263957,7.010999287,6.891215577
1609059255.547706842,-2.342993360,6.961099415,6.887428274
1609059255.592808962,-2.320712941,6.937831257,6.885588595
1609059255.634864807,-2.297623447,6.912415174,6.883040934
1609059255.681504011,-2.275527402,6.889195830,6.881782678
1609059255.725145817,-2.254909970,6.865177413,6.881026064
1609059255.776587009,-2.233602010,6.841610593,6.880310421
1609059255.824947834,-2.212804905,6.819009999,6.879831104
1609059255.876592875,-2.189832458,6.794105523,6.879697223
1609059255.925064802,-2.167210429,6.768063764,6.880200143
1609059255.976609945,-2.123679281,6.717831560,6.881254605
1609059256.024549007,-2.102043814,6.692634959,6.883018083
1609059256.076141834,-2.081053753,6.666736834,6.885451003
1609059256.124204874,-2.058992764,6.640878389,6.886973236
1609059256.348708868,-1.926390125,6.472963567,6.900889233
1609059256.397173882,-1.904087705,6.442491744,6.902479281
1609059256.435256004,-1.880853160,6.410632423,6.905208733
1609059256.483872890,-1.858145057,6.380693740,6.906506218
1609059256.528231859,-1.833974253,6.350458118,6.907794692
1609059256.617106915,-1.788464898,6.287819105,6.911213790
1609059256.669435978,-1.765317839,6.255740112,6.912634673
1609059256.741581917,-1.715012695,6.189781627,6.916872505
1609059256.787971020,-1.692631188,6.158953900,6.917996361
1609059256.826481819,-1.668492361,6.126815276,6.919589649
1609059256.874350786,-1.643990367,6.093251481,6.920980104
1609059256.924293995,-1.620103847,6.060760653,6.922364178
1609059256.978057861,-1.595488170,6.026793756,6.923818427
1609059257.026309013,-1.546352863,5.959117938,6.926596091
1609059257.077027798,-1.520754175,5.926087582,6.928291920
1609059257.126452923,-1.496800791,5.892327504,6.929434984
1609059257.175866842,-1.471279226,5.858681941,6.930901094
1609059257.226436853,-1.446977428,5.823729409,6.931845169
1609059257.276839972,-1.422804898,5.789665180,6.933562024
1609059257.324756861,-1.374724812,5.722260359,6.936736769
1609059257.376715899,-1.349534253,5.688999599,6.937401598
1609059257.425956011,-1.324726786,5.654411787,6.938532193
1609059257.476390839,-1.299574191,5.618088433,6.939687909
1609059257.525046825,-1.277430895,5.586127163,6.940153454
1609059257.578380823,-1.228363116,5.516185893,6.942713027
1609059257.625770807,-1.206784776,5.485059167,6.943497683
1609059257.676410913,-1.183504506,5.451632848,6.944841924
1609059257.729969978,-1.160505093,5.417812376,6.946288060
1609059257.777436018,-1.137020936,5.383471917,6.947445346
1609059257.826761007,-1.091627175,5.316573776,6.951240037
1609059257.869961023,-1.069768795,5.284329517,6.952630999
1609059257.924275875,-1.047778797,5.251771478,6.953543436
1609059257.977228880,-1.024510350,5.216575877,6.953624986
1609059258.026590824,-1.003728872,5.185808216,6.952944253
1609059258.079137802,-0.980872686,5.152213667,6.952736203
1609059258.124893904,-0.936454760,5.085651228,6.949948233
1609059258.176947832,-0.914458716,5.051707004,6.948066501
1609059258.226326942,-0.893621573,5.020259021,6.945952736
1609059258.278156996,-0.871844321,4.986378649,6.943190292
1609059258.325538874,-0.849773647,4.951921859,6.940746333
1609059258.377496958,-0.805048264,4.881858722,6.934981853
1609059258.426306963,-0.781832997,4.845620747,6.932801645
1609059258.476280928,-0.759748769,4.811527658,6.930770048
1609059258.526026964,-0.737558053,4.776217848,6.928572507
1609059258.577656984,-0.714823591,4.740087086,6.926965610
1609059258.627171993,-0.669584493,4.667767659,6.924073605
1609059258.675596952,-0.646459182,4.630983813,6.923147357
1609059258.725125790,-0.624192953,4.594818347,6.922802676
1609059258.777262926,-0.600914265,4.557806006,6.922418590
1609059258.820334911,-0.576897905,4.519846569,6.922226966
1609059258.870832920,-0.553332211,4.482415666,6.922291891
1609059258.918741941,-0.509449350,4.412905089,6.922988095
1609059258.968756914,-0.486220067,4.375632367,6.923860214
1609059259.019922972,-0.464181710,4.340174303,6.924339709
1609059259.078488827,-0.441487797,4.303778857,6.925200751
1609059259.128292799,-0.397498450,4.234179369,6.928172488
1609059259.176605940,-0.374567909,4.198694884,6.930272196
1609059259.226377964,-0.352627719,4.164448979,6.931700588
1609059259.276228905,-0.330346621,4.130667451,6.933522589
1609059259.325130939,-0.308340165,4.096965166,6.934999329
1609059259.384096861,-0.264650209,4.030054480,6.938614080
1609059259.426214933,-0.243475732,3.997019181,6.940388739
1609059259.477412939,-0.221810829,3.963549580,6.941017165
1609059259.525685787,-0.200397121,3.930901784,6.941274406
1609059259.577222824,-0.178736492,3.897844916,6.941690309
1609059259.626864910,-0.157616515,3.865413674,6.941322451
1609059259.678349018,-0.115116609,3.800457900,6.941330885
1609059259.725957870,-0.094296075,3.767636083,6.941133446
1609059259.776632786,-0.073685964,3.734997428,6.941162167
1609059259.824877024,-0.053004448,3.704094929,6.941483054
1609059259.876549006,-0.032040900,3.672056658,6.942299841
1609059259.925337791,0.009550578,3.607478518,6.943086172
1609059259.976104021,0.030231694,3.574919878,6.943642174
1609059260.026983023,0.050880796,3.542404047,6.943284158
1609059260.076581955,0.073054091,3.507675554,6.943733280
1609059260.123641014,0.092783719,3.475997052,6.943601878
1609059260.182573795,0.135435035,3.407808761,6.943836195
1609059260.226641893,0.156208377,3.373830032,6.944076200
1609059260.278141022,0.177866333,3.338615729,6.944473117
1609059260.322243929,0.199091903,3.303839307,6.945172263
1609059260.370151997,0.220742310,3.267755883,6.945582839
1609059260.427369833,0.242057451,3.232772063,6.945513703
1609059260.476953983,0.286370447,3.159845445,6.945150170
1609059260.523627996,0.308652118,3.122610771,6.944654708
1609059260.578040838,0.330870995,3.086207180,6.944201327
1609059260.627579927,0.354102532,3.047841944,6.944072853
1609059260.731261969,0.423240307,2.930746185,6.945102509
1609059260.776541948,0.447175951,2.888532278,6.945444811
1609059260.825406790,0.470566610,2.847863435,6.944839900
1609059260.877935886,0.495655704,2.805834537,6.944329192
1609059260.925342798,0.521369563,2.762196834,6.944826813
1609059260.978914976,0.573118684,2.675118393,6.946578903
1609059261.025082827,0.598159807,2.631694486,6.947563868
1609059261.074873924,0.625341083,2.584276677,6.948414649
1609059261.124644995,0.650044649,2.539093503,6.948524626
1609059261.178286791,0.675207786,2.493205236,6.949705011
1609059261.227842808,0.729446200,2.398430936,6.951957316
1609059261.276075840,0.758176354,2.348180685,6.954009360
1609059261.324998856,0.784636697,2.301700960,6.954737332
1609059261.377482891,0.811821817,2.251707624,6.955415425
1609059261.427265882,0.840070493,2.201013730,6.956419325
1609059261.478350878,0.867389426,2.150003099,6.957171812
1609059261.524775982,0.921005488,2.049545165,6.959080176
1609059261.577680826,0.947716449,1.998761785,6.959187805
1609059261.626559973,0.974784533,1.946081808,6.958193669
1609059261.677433014,1.000274210,1.897455341,6.956144658
1609059261.726150990,1.026766799,1.846749428,6.954485343
1609059261.777300835,1.079122497,1.745997318,6.953583109
1609059261.826678991,1.105073817,1.695978659,6.954250558
1609059261.877117872,1.131476132,1.644079138,6.955111297
1609059261.924196959,1.154692314,1.597835099,6.954288065
1609059261.977921963,1.180119272,1.548559913,6.954231324
1609059262.029698849,1.228857141,1.449894745,6.953150479
1609059262.076936007,1.254143104,1.400365740,6.951671356
1609059262.124909878,1.278681028,1.351804617,6.951153573
1609059262.178313971,1.303141051,1.303876049,6.950144252
1609059262.226680994,1.326872745,1.258290075,6.948348899
1609059262.278404951,1.373008566,1.165049151,6.944561149
1609059262.325168848,1.396765464,1.119873943,6.943261018
1609059262.377795935,1.419635713,1.075107749,6.941255223
1609059262.425328016,1.441549930,1.031295079,6.938458572
1609059262.478004932,1.464424331,0.986894662,6.935797578
1609059262.528210878,1.508406528,0.900230465,6.931363757
1609059262.575740814,1.529605348,0.857387768,6.929200120
1609059262.624862909,1.551748072,0.815061701,6.927158831
1609059262.676440954,1.573079465,0.772623904,6.924903553
1609059262.725683928,1.594635000,0.731301100,6.921588150
1609059262.778482914,1.637507697,0.647857426,6.915662620
1609059262.827212811,1.657757890,0.606885003,6.912625997
1609059262.880534887,1.677549352,0.565405908,6.909381671
1609059262.925947905,1.696639377,0.525619145,6.906579256
1609059262.976619959,1.716722478,0.484863255,6.902819079
1609059263.026001930,1.735477124,0.444939311,6.899274833
1609059263.077844858,1.772909930,0.364997205,6.894841260
1609059263.124280930,1.790674146,0.324847997,6.893165995
1609059263.177165985,1.808693238,0.283186011,6.892370524
1609059263.226316929,1.826064833,0.243876440,6.890331586
1609059263.278006792,1.842233892,0.204184714,6.890044067
1609059263.325101852,1.874626492,0.126305281,6.888123795
1609059263.376834869,1.890103521,0.084772112,6.886852202
1609059263.423972845,1.903427004,0.047080255,6.886578150
1609059263.476588011,1.917527581,0.006638158,6.885981493
1609059263.525172949,1.931950685,-0.034900382,6.885927724
1609059263.578162909,1.956779496,-0.113922157,6.885000733
1609059263.626667023,1.969450075,-0.153300488,6.884157668
1609059263.676229954,1.981999263,-0.194256259,6.883682136
1609059263.724236012,1.991804620,-0.232704260,6.883003184
1609059263.777244806,2.000867056,-0.272236958,6.882092759
1609059263.826696873,2.011169443,-0.312055743,6.881632056
1609059263.877430916,2.030085576,-0.392505506,6.879926278
1609059263.923804998,2.037358625,-0.431183994,6.879196749
1609059263.976781845,2.046991708,-0.472093586,6.878474718
1609059264.026521921,2.054566183,-0.511737654,6.877076367
1609059264.076709986,2.062510813,-0.552821340,6.875915704
1609059264.124161005,2.075401836,-0.632380419,6.869617030
1609059264.176772833,2.083217367,-0.673115110,6.866451858
1609059264.223961830,2.089287167,-0.713778212,6.862913477
1609059264.276574850,2.094709946,-0.757115735,6.859476652
1609059264.324951887,2.100667144,-0.800169223,6.856245143
1609059264.377614975,2.113618248,-0.879556880,6.850539834
1609059264.425965786,2.119013640,-0.922142847,6.847032894
1609059264.476554871,2.125460560,-0.962774461,6.843243858
1609059264.524320841,2.133015325,-1.002862707,6.839657120
1609059264.578567982,2.139310587,-1.045019099,6.836204106
1609059264.628072023,2.151837789,-1.128840591,6.828569145
1609059264.675451994,2.160281143,-1.172154917,6.825445745
1609059264.724164009,2.167397869,-1.213028969,6.822460692
1609059264.778093815,2.174640292,-1.255975748,6.819198698
1609059264.827059984,2.183974770,-1.299585311,6.816536207
1609059264.878831863,2.201709515,-1.387038512,6.809803880
1609059264.925033808,2.211854441,-1.431258843,6.807261436
1609059264.977128983,2.222458029,-1.475923710,6.804473923
1609059265.025618792,2.233524017,-1.521346273,6.802239268
1609059265.077328920,2.245224356,-1.568376558,6.800368633
1609059265.125734806,2.254491539,-1.612223232,6.798846018
1609059265.177095890,2.280930197,-1.705585953,6.795462095
1609059265.224663973,2.292985372,-1.750594675,6.794412615
1609059265.276661873,2.306149696,-1.797714647,6.793576583
1609059265.325333834,2.321146463,-1.846412760,6.792120300
1609059265.379519939,2.350588084,-1.940830601,6.788501234
1609059265.425690889,2.364668406,-1.989731995,6.786660300
1609059265.477600813,2.382185905,-2.039291389,6.784718952
1609059265.525040865,2.398866754,-2.088438483,6.782420180
1609059265.578075886,2.414120608,-2.138825899,6.780461407
1609059265.626899958,2.431471484,-2.189579588,6.778226664
1609059265.677936792,2.465799791,-2.286334999,6.774250014
1609059265.724474907,2.483230312,-2.338618348,6.772677621
1609059265.776129961,2.501137959,-2.389658520,6.770279461
1609059265.825440884,2.519037908,-2.439692870,6.768512409
1609059265.877115965,2.537927368,-2.491463767,6.766849464
1609059265.925518990,2.575225237,-2.597054844,6.765100938
1609059265.977093935,2.596330652,-2.650025440,6.764444738
1609059266.061877012,2.615523394,-2.700599686,6.763500603
1609059266.133273840,2.680419911,-2.860884805,6.763142838
1609059266.181893826,2.700619858,-2.909553048,6.761896031
1609059266.267405987,2.743318090,-3.016207092,6.760271329
1609059266.317955017,2.765244296,-3.067070839,6.759676549
1609059266.384718895,2.810729170,-3.173166133,6.757547755
1609059266.430185795,2.835054341,-3.227612669,6.755707892
1609059266.476517916,2.860206259,-3.280062944,6.753914219
1609059266.524719954,2.881501555,-3.329339799,6.752561632
1609059266.577929974,2.906520037,-3.384185672,6.750338205
1609059266.627135992,2.931243867,-3.436833739,6.748929616
1609059266.677652836,2.982280943,-3.544043521,6.745277349
1609059266.724991798,3.004670831,-3.592672711,6.742419238
1609059266.776816845,3.030563859,-3.644127218,6.740294254
1609059266.826421022,3.054697029,-3.693228296,6.735755727
1609059266.878206968,3.079851933,-3.744116725,6.732073879
1609059266.926255941,3.130623904,-3.843124563,6.722185702
1609059266.976269960,3.156960980,-3.893147389,6.716125866
1609059267.026268959,3.179799715,-3.939336830,6.710522180
1609059267.078112841,3.204608643,-3.989312578,6.704476527
1609059267.125638962,3.230208025,-4.038298410,6.698589189
1609059267.179371834,3.278284399,-4.133590335,6.686545392
1609059267.226318836,3.299939812,-4.176739044,6.680567753
1609059267.275902987,3.324715815,-4.222641934,6.676088536
1609059267.323190928,3.346707890,-4.266754278,6.668723915
1609059267.377224922,3.369712748,-4.310884485,6.663818699
1609059267.427634954,3.414302785,-4.396958151,6.651989363
1609059267.475955009,3.414302816,-4.396958704,6.651988110
1609059267.524655819,3.456253948,-4.481909001,6.639473055
1609059267.576364994,3.477801078,-4.524368755,6.635001726
1609059267.627014875,3.499201874,-4.566863252,6.629876604
1609059267.677273989,3.538185936,-4.644670092,6.617633295
1609059267.724797964,3.538185966,-4.644670657,6.617632034
1609059267.775328875,3.576269386,-4.723107364,6.606716861
1609059267.826375961,3.593821749,-4.762125373,6.600789855
1609059267.878084898,3.611933273,-4.799706093,6.595443514
1609059267.926322937,3.646244490,-4.873799517,6.585843412
1609059267.976027966,3.663178871,-4.911398272,6.581520238
1609059268.069392920,3.697243518,-4.985501082,6.574169409
1609059268.115545988,3.712834336,-5.022775216,6.569611406
1609059268.183346987,3.745189302,-5.097701242,6.562209542
1609059268.225790977,3.761628520,-5.134754659,6.559442700
1609059268.277934790,3.777180677,-5.173047835,6.555448226
1609059268.323965788,3.792240879,-5.209328293,6.551743925
1609059268.377977848,3.808558627,-5.247154381,6.547657968
1609059268.426607847,3.824397788,-5.284149620,6.542757212
1609059268.475515842,3.856230385,-5.362937463,6.532507407
1609059268.525482893,3.872340770,-5.398176842,6.528222210
1609059268.577615023,3.889356573,-5.437179174,6.523067430
1609059268.626988888,3.905145573,-5.475387841,6.517320686
1609059268.678833961,3.923023945,-5.515098710,6.511978030
1609059268.726147890,3.957989649,-5.592577678,6.500877010
1609059268.777895927,3.975677319,-5.633850956,6.495209671
1609059268.825186968,3.994486916,-5.673671507,6.491433779
1609059268.875638008,4.012515747,-5.711573789,6.486537552
1609059268.926158905,4.032130815,-5.752680550,6.483637298
1609059268.976920843,4.069777865,-5.832644837,6.477829407
1609059269.026762962,4.088740957,-5.872485003,6.475066999
1609059269.076677799,4.109118238,-5.912261633,6.473084861
1609059269.125208855,4.129224600,-5.952458287,6.469894550
1609059269.184576988,4.170430905,-6.031955935,6.464247711
1609059269.230170965,4.192310075,-6.073574147,6.460305347
1609059269.278325796,4.214196922,-6.114219965,6.456736384
1609059269.325034857,4.234938026,-6.152193621,6.451952986
1609059269.376297951,4.258058487,-6.193138692,6.449535824
1609059269.431320906,4.302008357,-6.272896543,6.443091068
1609059269.476760864,4.322436271,-6.310141296,6.439038787
1609059269.524379969,4.344889229,-6.348983519,6.436084955
1609059269.577864885,4.367931563,-6.388635106,6.433104930
1609059269.626688004,4.390672666,-6.426862091,6.430234629
1609059269.680868864,4.436934141,-6.505187243,6.423519195
1609059269.726121902,4.463256996,-6.545607379,6.421586786
1609059269.779002905,4.485995254,-6.585940507,6.418697630
1609059269.825161934,4.510527572,-6.623698803,6.414663238
1609059269.876834869,4.534721781,-6.663168430,6.411213763
1609059269.927872896,4.584781695,-6.741945549,6.404215540
1609059269.976181984,4.610215462,-6.781396091,6.401254069
1609059270.029488802,4.635369042,-6.820861456,6.397928067
1609059270.076505899,4.661878229,-6.861826082,6.394261722
1609059270.125233889,4.687306279,-6.902702732,6.390777515
1609059270.177268982,4.741451606,-6.987478290,6.386671290
1609059270.240016937,4.766496429,-7.027297592,6.383049866
1609059270.283657789,4.793631391,-7.070785428,6.380857845
1609059270.329612970,4.819466725,-7.111620556,6.377879783
1609059270.377979994,4.845765594,-7.152886886,6.375272579
1609059270.426589966,4.898047772,-7.236307251,6.369978470
1609059270.476311922,4.924119638,-7.279215546,6.367781088
1609059270.525521994,4.949328434,-7.321246362,6.365421554
1609059270.578790903,4.976146555,-7.365284321,6.362719177
1609059270.628094912,5.000972077,-7.406974325,6.359604096
1609059270.676803827,5.051967972,-7.494440108,6.353661055
1609059270.725171804,5.075619226,-7.537667823,6.351197838
1609059270.776901960,5.098074046,-7.580158267,6.349505733
1609059270.826538801,5.120728916,-7.622777699,6.346120504
1609059270.877679825,5.143816674,-7.666978659,6.343037220
1609059270.925970793,5.188167668,-7.751514010,6.337352343
1609059270.978091002,5.210660357,-7.794119357,6.334411286
1609059271.025919914,5.232302465,-7.838265432,6.331840293
1609059271.078640938,5.252461479,-7.886274576,6.328276296
1609059271.128196955,5.270716028,-7.930246622,6.325247511
1609059271.178727865,5.310904845,-8.023467454,6.319698077
1609059271.225873947,5.328559853,-8.066852929,6.316246553
1609059271.277884007,5.348644412,-8.115606123,6.314685834
1609059271.325592995,5.366911614,-8.160959823,6.311906822
1609059271.379112005,5.384335582,-8.205126078,6.310210973
1609059271.427203894,5.402563656,-8.255152381,6.308066716
1609059271.474516869,5.437067772,-8.346904287,6.305195025
1609059271.524984837,5.454532929,-8.393975020,6.303403446
1609059271.581340790,5.472512494,-8.446253138,6.301763076
1609059271.626904964,5.487671416,-8.492973259,6.299416958
1609059271.676325798,5.522561566,-8.588759004,6.296598537
1609059271.725188017,5.539115638,-8.637218491,6.295111226
1609059271.777027845,5.556193091,-8.688087485,6.293151398
1609059271.826054811,5.573747160,-8.736702715,6.290482708
1609059271.884041786,5.607777254,-8.833802114,6.286264757
1609059271.929708004,5.624006253,-8.877820112,6.285306247
1609059271.976099014,5.642336470,-8.926328720,6.283034371
1609059272.026269913,5.659997281,-8.972574623,6.281052145
1609059272.079357862,5.677438056,-9.022009087,6.278501408
1609059272.125036955,5.693787897,-9.067174705,6.276171309
1609059272.177760839,5.730332225,-9.162148965,6.271613523
1609059272.226045847,5.745707469,-9.207020421,6.269118508
1609059272.276823997,5.761289244,-9.253109784,6.266260691
1609059272.326174974,5.778486955,-9.299411864,6.264303311
1609059272.384271860,5.808213923,-9.387901809,6.258746250
1609059272.428577900,5.822643876,-9.432320938,6.255752951
1609059272.473680973,5.838462572,-9.476972549,6.253445058
1609059272.524240017,5.852794831,-9.520938575,6.251901614
1609059272.578141928,5.866623383,-9.565822688,6.251390721
1609059272.627062798,5.879557867,-9.610843754,6.250018424
1609059272.676591873,5.905327993,-9.699552637,6.247013312
1609059272.723933935,5.914936551,-9.740244525,6.245611515
1609059272.777868986,5.925166112,-9.783676630,6.245218408
1609059272.825047970,5.935142623,-9.827377046,6.244549400
1609059272.878865957,5.943091393,-9.871211187,6.244009595
1609059272.926230907,5.955298018,-9.956097838,6.244501967
1609059272.977064848,5.961557522,-9.996009960,6.244607005
1609059273.025479794,5.969137365,-10.033196361,6.246751939
1609059273.076027870,5.973786958,-10.074246025,6.246958181
1609059273.124572992,5.978310075,-10.112188061,6.247788626
1609059273.179486990,5.988862906,-10.184913380,6.251112717
1609059273.225706816,5.991343767,-10.219302291,6.252373867
1609059273.275333881,5.994603785,-10.252566462,6.254912466
1609059273.325392962,5.998039113,-10.283984426,6.257916617
1609059273.376843929,6.002017656,-10.314699050,6.261817937
1609059273.428504944,6.006595805,-10.376550176,6.268149707
1609059273.475768805,6.011387003,-10.406801934,6.272071845
1609059273.525319815,6.015796839,-10.434473382,6.275149046
1609059273.576905966,6.020592170,-10.463618020,6.277716767
1609059273.625700951,6.025743098,-10.491813412,6.280443580
1609059273.678388834,6.039597381,-10.543946440,6.285869957
1609059273.724323988,6.046883554,-10.570001147,6.288402391
1609059273.776260853,6.054407176,-10.594467898,6.289769986
1609059273.827089787,6.062760608,-10.617243762,6.291161965
1609059273.876221895,6.071903229,-10.641455714,6.292704658
1609059273.927555799,6.091467723,-10.688189339,6.295719470
1609059273.976101875,6.102207480,-10.709981021,6.296361721
1609059274.029096842,6.114600993,-10.732901434,6.297873729
1609059274.076354980,6.126718238,-10.756351956,6.297832613
1609059274.124666929,6.139168435,-10.778605663,6.297451076
1609059274.180411816,6.167006841,-10.825340181,6.296093434
1609059274.225614786,6.180550511,-10.846726807,6.295497914
1609059274.277267933,6.195019203,-10.869730291,6.294620840
1609059274.323820829,6.208800982,-10.891372077,6.292719630
1609059274.378445864,6.223097582,-10.913032790,6.291266693
1609059274.428176880,6.251177333,-10.954864827,6.288439648
1609059274.476801872,6.265531048,-10.975785027,6.286985004
1609059274.524693012,6.279609660,-10.994050562,6.286590770
1609059274.578293800,6.292433143,-11.013951012,6.284428801
1609059274.627120018,6.305709274,-11.032227839,6.281544879
1609059274.677716970,6.319315650,-11.051130118,6.278860566
1609059274.724947929,6.342120495,-11.083481331,6.272067189
1609059274.774724007,6.352664101,-11.099206007,6.269215165
1609059274.825441837,6.363410067,-11.114812939,6.265438524
1609059274.877933979,6.374408700,-11.128614423,6.262531008
1609059274.926271915,6.384742006,-11.142377604,6.259202304
1609059274.977968931,6.404965537,-11.166635286,6.252983687
1609059275.026223898,6.414503327,-11.177894982,6.249818585
1609059275.074544907,6.423884453,-11.189600337,6.246409607
1609059275.125448942,6.431700927,-11.199391107,6.243631216
1609059275.171561003,6.439713599,-11.209261203,6.241580449
1609059275.219887018,6.454744837,-11.226991082,6.238425830
1609059275.269234896,6.462106213,-11.234870078,6.237522715
1609059275.319809914,6.470361100,-11.242272787,6.236247299
1609059275.369406939,6.477335020,-11.248616446,6.235495972
1609059275.423631907,6.484509104,-11.254741842,6.234398157
1609059275.473226786,6.499567816,-11.265206028,6.232477285
1609059275.524801970,6.507068060,-11.269915544,6.231786212
1609059275.576725006,6.513828198,-11.273734618,6.230934251
1609059275.624759912,6.520857617,-11.277265771,6.230397531
1609059275.678606987,6.535663742,-11.283695141,6.228508218
1609059275.726219893,6.543715154,-11.286773444,6.227420022
1609059275.776987791,6.551585399,-11.289759424,6.226045770
1609059275.826044798,6.558840366,-11.291887542,6.225168270
1609059275.878208876,6.566261588,-11.294209628,6.223812007
1609059275.927680969,6.580595713,-11.297234814,6.222159412
1609059275.976264954,6.588134303,-11.298231041,6.221329693
1609059276.027254820,6.594899940,-11.299103179,6.220324513
1609059276.109272957,6.602455444,-11.299501298,6.219288822
1609059276.177367926,6.624299842,-11.299621696,6.215339464
1609059276.223532915,6.631459942,-11.298536390,6.214397561
1609059276.274698973,6.638377073,-11.296792931,6.213430719
1609059276.325040817,6.645081566,-11.295041453,6.212518728
1609059276.377784967,6.651761873,-11.293060894,6.211548100
1609059276.426570892,6.663641392,-11.288796952,6.209045603
1609059276.475795984,6.670027021,-11.285486107,6.207824067
1609059276.524163008,6.676118244,-11.281590604,6.207170366
1609059276.576983929,6.682066811,-11.276715153,6.206206469
1609059276.626462936,6.687176328,-11.270793310,6.205851697
1609059276.676120996,6.696451988,-11.255752733,6.204774446
1609059276.724398851,6.699491224,-11.247488263,6.204770165
1609059276.778322935,6.703052458,-11.237667313,6.204732426
1609059276.827135801,6.706402241,-11.226522297,6.205613800
1609059276.878049850,6.708970566,-11.215217127,6.206168983
1609059276.925981998,6.711034333,-11.188537094,6.206882731
1609059276.976691961,6.711911556,-11.171019718,6.207287111
1609059277.048661947,6.710133471,-11.134731143,6.206465479
1609059277.092643023,6.708865556,-11.113932195,6.206593629
1609059277.133895874,6.706596285,-11.090723936,6.206776871
1609059277.182766914,6.703676499,-11.069646695,6.207377048
1609059277.226092815,6.700262237,-11.046279087,6.208332152
1609059277.274746895,6.696296916,-11.019975172,6.210246167
1609059277.325016022,6.691663072,-10.994215576,6.212169528
1609059277.378827810,6.685173463,-10.968581189,6.213762450
1609059277.427187920,6.671316392,-10.909600508,6.218831533
1609059277.478724957,6.664191225,-10.878773082,6.221716550
1609059277.525072813,6.656379192,-10.850083521,6.224401608
1609059277.580158949,6.647621902,-10.817495197,6.227841492
1609059277.626596928,6.640332160,-10.787284778,6.231190737
1609059277.678647995,6.622612190,-10.722488798,6.237735504
1609059277.726532936,6.613984070,-10.692931861,6.240935935
1609059277.777070999,6.604701978,-10.659782225,6.243890885
1609059277.839736938,6.586887224,-10.600093161,6.250495135
1609059277.884567976,6.577513373,-10.570049501,6.253293511
1609059277.931097984,6.569128080,-10.539969895,6.257187534
1609059277.976368904,6.560423992,-10.508407785,6.260496210
1609059278.028884888,6.552255541,-10.482529337,6.263216133
1609059278.078070879,6.543825331,-10.453952665,6.266270341
1609059278.125911951,6.536106981,-10.426007275,6.269285044
1609059278.179027796,6.518675518,-10.370948622,6.273870135
1609059278.226665020,6.509991712,-10.344608361,6.275419758
1609059278.277294874,6.502177163,-10.316340914,6.277403910
1609059278.325889826,6.494093484,-10.290792606,6.278592485
1609059278.377552986,6.484650920,-10.264024554,6.279807586
1609059278.427311897,6.468793126,-10.214511351,6.282544001
1609059278.474601984,6.459552969,-10.188343419,6.283527548
1609059278.524927855,6.450147283,-10.164244408,6.284589062
1609059278.577788830,6.440201376,-10.139690327,6.284592938
1609059278.633931875,6.419776581,-10.087749098,6.285094124
1609059278.681509018,6.408895880,-10.063614341,6.284505797
1609059278.725639820,6.397153506,-10.039541110,6.283764412
1609059278.777375937,6.385164370,-10.014975241,6.283224680
1609059278.827111006,6.372699078,-9.991359691,6.283558810
1609059278.877973795,6.359425890,-9.967661081,6.283680489
1609059278.925975800,6.331684454,-9.919148118,6.283392511
1609059278.978673935,6.315523463,-9.892961608,6.282975804
1609059279.026214838,6.300291345,-9.868926270,6.281595372
1609059279.077691793,6.283640641,-9.844228148,6.280100156
1609059279.126627922,6.267229387,-9.819574282,6.278929659
1609059279.180509806,6.231222344,-9.768158319,6.273322644
1609059279.224491835,6.213521580,-9.743958218,6.269205622
1609059279.277057886,6.194398872,-9.718358129,6.265259800
1609059279.318715811,6.175777256,-9.693858690,6.261420448
1609059279.372862816,6.156961517,-9.668660032,6.256467795
1609059279.421308994,6.117775212,-9.617139609,6.245335364
1609059279.470413923,6.096988070,-9.590354391,6.239058873
1609059279.519650936,6.077140626,-9.564545222,6.232770720
1609059279.569185972,6.057353846,-9.538831644,6.227168615
1609059279.622914791,6.037398303,-9.513070780,6.220950387
1609059279.671439886,5.997978144,-9.460522321,6.208456085
1609059279.718695879,5.978353255,-9.433789612,6.201606201
1609059279.771454811,5.958292458,-9.406186480,6.193986065
1609059279.818956852,5.938751500,-9.378819188,6.186937956
1609059279.918681860,5.898720652,-9.322325404,6.172804736
1609059279.987476826,5.861621186,-9.268631330,6.159840667
1609059280.030402899,5.843154466,-9.241977789,6.153291404
1609059280.077004910,5.826181607,-9.216537014,6.146558265
1609059280.126837015,5.792222210,-9.165865869,6.134385626
1609059280.176950932,5.775608275,-9.137522885,6.128545329
1609059280.224028826,5.759761168,-9.108274897,6.122322002
1609059280.275527000,5.745151724,-9.080408509,6.117568363
1609059280.326341867,5.730277619,-9.051996493,6.112446060
1609059280.377170801,5.702043113,-8.992465657,6.102729352
1609059280.426586866,5.689236890,-8.966065502,6.098629341
1609059280.474830866,5.676755574,-8.938865500,6.095456037
1609059280.525599957,5.664323670,-8.910853855,6.092655579
1609059280.576834917,5.651281202,-8.882521079,6.090247470
1609059280.627285004,5.625613235,-8.828112684,6.087214425
1609059280.675217867,5.613737212,-8.800338568,6.086620992
1609059280.725070000,5.602182342,-8.773406339,6.086090269
1609059280.777704954,5.590053967,-8.745419807,6.085974958
1609059280.826430798,5.578974631,-8.718475620,6.086758522
1609059280.877440929,5.556002831,-8.663626372,6.088001247
1609059280.924572945,5.544924596,-8.639366606,6.088991584
1609059280.976384878,5.533877301,-8.615362475,6.091163367
1609059281.026721001,5.522365488,-8.592684035,6.094746891
1609059281.078558922,5.510066771,-8.570922925,6.098503724
1609059281.125726938,5.498071172,-8.550092532,6.102895124
1609059281.176127911,5.474153660,-8.511135407,6.112452418
1609059281.225912809,5.461906775,-8.493769952,6.117208680
1609059281.277974844,5.448934062,-8.476835048,6.122178689
1609059281.325330019,5.435989357,-8.460694675,6.126717281
1609059281.377791882,5.410196905,-8.427644354,6.135849596
1609059281.425680876,5.397028276,-8.411948175,6.139252444
1609059281.469472885,5.383560698,-8.396606283,6.142446632
1609059281.521276951,5.369931902,-8.382913698,6.145638154
1609059281.578828812,5.356044866,-8.369077948,6.148709873
1609059281.625954866,5.329431664,-8.341184921,6.155188900
1609059281.679430962,5.315350349,-8.326713623,6.158453613
1609059281.724898815,5.301826069,-8.312001392,6.162373907
1609059281.779816866,5.288034150,-8.296324326,6.166654114
1609059281.834049940,5.259790609,-8.263018721,6.173767331
1609059281.880327940,5.246455240,-8.245660074,6.177061961
1609059281.924757004,5.233507923,-8.227836939,6.179950201
1609059281.977142811,5.221257854,-8.209976317,6.182960537
1609059282.027741909,5.208722280,-8.191045039,6.185823208
1609059282.071566820,5.195640109,-8.170975566,6.188519954
1609059282.119884014,5.169795073,-8.130882091,6.193216118
1609059282.172902822,5.157708697,-8.109540088,6.195904702
1609059282.226167917,5.145896166,-8.087480742,6.198057502
1609059282.279706955,5.133101724,-8.062776887,6.200128480
1609059282.333546877,5.110248885,-8.015827750,6.204115935
1609059282.423375845,5.087816666,-7.972541264,6.206240000
1609059282.467803001,5.075899002,-7.948816904,6.206955379
1609059282.537616968,5.054613986,-7.905659180,6.207159975
1609059282.630800962,5.033736169,-7.863413026,6.207681171
1609059282.677286863,5.022908359,-7.842975318,6.207258880
1609059282.724605799,5.013574190,-7.823527329,6.207724152
1609059282.778551817,5.003535104,-7.804502220,6.207655337
1609059282.827230930,4.993549589,-7.786972738,6.207787631
1609059282.878683805,4.974082618,-7.754217025,6.209398528
1609059282.924850941,4.964322361,-7.740298293,6.210871953
1609059282.976668835,4.954969356,-7.726817088,6.212737214
1609059283.026396990,4.945071062,-7.714545607,6.214645371
1609059283.078225851,4.936032108,-7.703197979,6.216938631
1609059283.125499964,4.917300282,-7.683103130,6.219968863
1609059283.171528816,4.908017429,-7.673340930,6.220499952
1609059283.219429970,4.897563253,-7.663716779,6.220643877
1609059283.274653912,4.885944968,-7.653161405,6.220345408
1609059283.325003862,4.874981547,-7.643244810,6.219742211
1609059283.378769875,4.854092539,-7.627356768,6.217681389
1609059283.425383806,4.844504025,-7.621380143,6.216761256
1609059283.475955009,4.834876153,-7.615644957,6.215708995
1609059283.525317907,4.824857203,-7.609900833,6.215203697
1609059283.579102993,4.813665713,-7.602841291,6.213482098
1609059283.626355886,4.791974308,-7.588488694,6.211502850
1609059283.676818848,4.780514787,-7.580171356,6.210691992
1609059283.724674940,4.769442152,-7.572397771,6.208874738
1609059283.778270960,4.757990468,-7.563849324,6.207736360
1609059283.826306820,4.746827916,-7.556231907,6.205765622
1609059283.879187822,4.722118713,-7.538806579,6.201119701
1609059283.925568819,4.709485292,-7.529596828,6.199088810
1609059284.022794008,4.683882652,-7.511703038,6.193558459
1609059284.084496975,4.656837022,-7.488754970,6.187505849
1609059284.130053997,4.643905057,-7.477402696,6.184324221
1609059284.179852009,4.629201741,-7.465001633,6.180507311
1609059284.227139950,4.615756863,-7.451734067,6.177777431
1609059284.278880835,4.600713557,-7.438043470,6.174037103
1609059284.326236010,4.586258972,-7.423250344,6.170496827
1609059284.378098011,4.554475138,-7.390589949,6.162260677
1609059284.426550865,4.538554915,-7.374448737,6.158464458
1609059284.478117943,4.521061382,-7.355814865,6.153897413
1609059284.527791977,4.505005611,-7.337493600,6.150023147
1609059284.628494978,4.452295273,-7.270968324,6.139293020
1609059284.674592972,4.434436511,-7.245843586,6.135594382
1609059284.725239992,4.415946553,-7.220956697,6.131841785
1609059284.777879953,4.397623986,-7.195625991,6.129172625
1609059284.825929880,4.380897240,-7.171649922,6.126582429
1609059284.877871990,4.347577574,-7.121215103,6.121526271
1609059284.925541878,4.331508788,-7.096512798,6.119128175
1609059284.970532894,4.313986303,-7.068928710,6.116515650
1609059285.020154953,4.298383740,-7.044434860,6.113608877
1609059285.078171968,4.282645127,-7.018391246,6.110982423
1609059285.125496864,4.250762258,-6.965229189,6.105533844
1609059285.177268982,4.234547411,-6.937046027,6.103009915
1609059285.250638962,4.204540384,-6.881754015,6.096922070
1609059285.292632818,4.192224470,-6.857914752,6.094082617
1609059285.331268787,4.178882469,-6.832834493,6.091444085
1609059285.383117914,4.167232484,-6.810587073,6.088784389
1609059285.426885843,4.155093957,-6.788056429,6.086074879
1609059285.477641821,4.145222120,-6.767047176,6.084209125
1609059285.528260946,4.134276192,-6.745548485,6.082230476
1609059285.586347818,4.113201129,-6.701252213,6.078045171
1609059285.630245924,4.102414297,-6.679766903,6.075586715
1609059285.677493811,4.092874669,-6.658071984,6.073299025
1609059285.725360870,4.083898349,-6.636998497,6.071607904
1609059285.779212952,4.074057678,-6.615106375,6.068601677
1609059285.827545881,4.064878306,-6.593843684,6.066546969
1609059285.878165007,4.046401176,-6.548845968,6.061653262
1609059285.924215794,4.037670228,-6.527690551,6.058790789
1609059285.975800991,4.030202057,-6.506560287,6.056659375
1609059286.042793989,4.013544629,-6.462231881,6.050818157
1609059286.084885836,4.004826258,-6.439463417,6.048443019
1609059286.129429817,3.997351879,-6.417926946,6.046349401
1609059286.175662994,3.989597345,-6.395155986,6.045447222
1609059286.227327824,3.982067674,-6.372668258,6.044472801
1609059286.279131889,3.974641031,-6.349725050,6.043200101
1609059286.328143835,3.967804634,-6.327300175,6.042431166
1609059286.377566814,3.952628443,-6.280731423,6.040404493
1609059286.426035881,3.945840962,-6.258841658,6.039101290
1609059286.479063988,3.939455832,-6.237373288,6.037981235
1609059286.524806023,3.933578156,-6.216601091,6.037401381
1609059286.578817844,3.926926300,-6.193949487,6.036611734
1609059286.626694918,3.917468318,-6.154600735,6.035285159
1609059286.678501844,3.912669998,-6.134804669,6.034708506
1609059286.724699020,3.908216166,-6.116721853,6.033481439
1609059286.777613878,3.904537315,-6.096626084,6.032942692
1609059286.826039791,3.900454628,-6.077713105,6.032790361
1609059286.878624916,3.895460048,-6.058474268,6.031981677
1609059286.926081896,3.891373220,-6.022352200,6.031472998
1609059286.976815939,3.889517286,-6.005344155,6.031277417
1609059287.026033878,3.887628579,-5.988935709,6.030764288
1609059287.078239918,3.886011259,-5.973043255,6.030436865
1609059287.123931885,3.885118836,-5.956652314,6.030306943
1609059287.184454918,3.883792768,-5.925243436,6.030411431
1609059287.228451967,3.884075468,-5.910155872,6.030283517
1609059287.278592825,3.884293652,-5.894380645,6.030543188
1609059287.325536966,3.884483540,-5.879507358,6.030412409
1609059287.376546860,3.884810375,-5.864743670,6.030921691
1609059287.425796986,3.885002596,-5.849711492,6.032147942
1609059287.479672909,3.884921254,-5.835053522,6.033308898
1609059287.524807930,3.884169096,-5.821596652,6.034925006
1609059287.576786995,3.882924787,-5.794493661,6.038438585
1609059287.626345873,3.881468633,-5.781446412,6.040542178
1609059287.677912951,3.878961178,-5.769447586,6.042631242
1609059287.725516796,3.876488044,-5.756768681,6.044955105
1609059287.779872894,3.868205705,-5.733975180,6.049114658
1609059287.827713013,3.862398305,-5.723471059,6.050919706
1609059287.878091812,3.856302511,-5.713604556,6.052941008
1609059287.924626827,3.848459415,-5.704191620,6.054740208
1609059287.976266861,3.839855789,-5.695386077,6.056442230
1609059288.032485008,3.820626436,-5.680141029,6.061782681
1609059288.072435856,3.810182214,-5.672059455,6.064708108
1609059288.124624014,3.799389289,-5.664955513,6.067538192
1609059288.176842928,3.786821971,-5.658537309,6.069738591
1609059288.226790905,3.773608764,-5.652453307,6.072217364
1609059288.278569937,3.760067363,-5.646482846,6.074429251
1609059288.326103926,3.731952501,-5.635388898,6.079753524
1609059288.376042843,3.718094593,-5.629131531,6.081960476
1609059288.426431894,3.703981733,-5.624289598,6.084136903
1609059288.475068808,3.689635577,-5.618726952,6.085968729
1609059288.525806904,3.675732154,-5.613779240,6.088071751
1609059288.577625990,3.643661202,-5.605062489,6.092204755
1609059288.626154900,3.629383150,-5.600170712,6.093983470
1609059288.675557852,3.615731210,-5.595431017,6.096149125
1609059288.724902868,3.601752942,-5.591476808,6.098046827
1609059288.779891014,3.587823052,-5.586886376,6.099815236
1609059288.828116894,3.563526514,-5.575901798,6.103598222
1609059288.877815008,3.551247232,-5.571700951,6.105662108
1609059288.925404787,3.539138311,-5.567062755,6.107553436
1609059288.978428841,3.527048852,-5.562192190,6.109616548
1609059289.026665926,3.514945387,-5.557514159,6.111329008
1609059289.079352856,3.494449333,-5.547618300,6.114921728
1609059289.125504017,3.483770247,-5.542533161,6.116698994
1609059289.177366972,3.474026217,-5.537428327,6.118478429
1609059289.227216959,3.465095074,-5.532934851,6.120253914
1609059289.277694941,3.456297311,-5.527771047,6.122099244
1609059289.328306913,3.438517033,-5.518415242,6.127870342
1609059289.374511957,3.430099183,-5.513816850,6.131772300
1609059289.426715851,3.422347761,-5.509227287,6.134949600
1609059289.479236841,3.413906248,-5.504777011,6.138338637
1609059289.525667906,3.406307063,-5.500403851,6.141405324
1609059289.579523802,3.392023599,-5.491388976,6.147001541
1609059289.626896858,3.385253799,-5.486548824,6.150048901
1609059289.677382946,3.378288855,-5.482015955,6.153045447
1609059289.724453926,3.371690721,-5.477815492,6.155911848
1609059289.778360844,3.365921198,-5.473357034,6.159136267
1609059289.827980995,3.354325353,-5.464923572,6.163651492
1609059289.876855850,3.348519624,-5.460533448,6.164933388
1609059289.926400900,3.343167358,-5.456404464,6.165561529
1609059289.977241993,3.336263692,-5.452586199,6.165466142
1609059290.027282000,3.330294900,-5.448645578,6.165833979
1609059290.078612804,3.317343641,-5.441704641,6.165138210
1609059290.127376795,3.310941345,-5.438530976,6.163559148
1609059290.176253796,3.305352335,-5.435368169,6.160753664
1609059290.226781845,3.297577656,-5.433581514,6.156317874
1609059290.277736902,3.291174588,-5.431252120,6.149859908
1609059290.327145815,3.276281711,-5.426910227,6.133541992
1609059290.376716852,3.267478174,-5.424478402,6.124714837
1609059290.427780867,3.259247369,-5.422745795,6.116061093
1609059290.478200912,3.248734990,-5.421781736,6.106604682
1609059290.526490927,3.239561246,-5.421617619,6.097591014
1609059290.579432011,3.218636588,-5.420848655,6.078948097
1609059290.627348900,3.208325873,-5.421303875,6.071218995
1609059290.677114964,3.196312515,-5.422781526,6.063736942
1609059290.726816893,3.184488522,-5.423822311,6.057644354
1609059290.777776957,3.172130918,-5.425164913,6.052289233
1609059290.826663017,3.144403992,-5.430596285,6.044393211
1609059290.877465010,3.129984279,-5.433665050,6.041395050
1609059290.924975872,3.115799297,-5.436471565,6.038845772
1609059290.976022959,3.099286533,-5.440019075,6.036983227
1609059291.027630806,3.081523416,-5.444509774,6.035147933
1609059291.078153849,3.049179196,-5.451827354,6.030614048
1609059291.126312017,3.033147234,-5.455969524,6.028018587
1609059291.175756931,3.015266536,-5.461033066,6.024798942
1609059291.225840807,2.998496292,-5.465394108,6.021591815
1609059291.279562950,2.981107063,-5.469921405,6.017411594
1609059291.327790976,2.946161597,-5.479699766,6.006631645
1609059291.376129866,2.929892576,-5.484194940,5.999321507
1609059291.426854849,2.913589721,-5.487927481,5.991185278
1609059291.476763010,2.894312852,-5.493782623,5.982320070
1609059291.525045872,2.875726280,-5.499014754,5.973139661
1609059291.579057932,2.840441135,-5.507372477,5.953227976
1609059291.626762867,2.822596559,-5.512165718,5.942556379
1609059291.677900791,2.804841893,-5.517234196,5.930718050
1609059291.724560022,2.787654226,-5.521384460,5.918255091
1609059291.777810812,2.770963838,-5.526233539,5.904783563
1609059291.828244925,2.737079748,-5.536233760,5.876789150
1609059291.875597000,2.721089326,-5.540372682,5.862418746
1609059291.926100016,2.705276633,-5.544568250,5.847441361
1609059291.978793859,2.688883795,-5.549512977,5.832187734
1609059292.027005911,2.672018849,-5.554960315,5.816711063
1609059292.079896927,2.642040411,-5.563813747,5.788626488
1609059292.126332998,2.626600793,-5.569112870,5.775862461
1609059292.175324917,2.610988839,-5.575383746,5.764151845
1609059292.226835012,2.596520533,-5.580864087,5.752792688
1609059292.278613806,2.582426774,-5.586670688,5.742372428
1609059292.327201843,2.567199306,-5.593314809,5.731294019
1609059292.379153013,2.537614517,-5.606386666,5.709119511
1609059292.426755905,2.523715972,-5.612908416,5.698463272
1609059292.477327824,2.507646909,-5.620774797,5.686705732
1609059292.525591850,2.493147099,-5.628020752,5.676156411
1609059292.578824997,2.478695856,-5.634765545,5.664685537
1609059292.628741980,2.448148221,-5.650773064,5.640330028
1609059292.676284790,2.432813059,-5.659094958,5.627048690
1609059292.725466013,2.419166946,-5.666472248,5.613834791
1609059292.777536869,2.404774970,-5.674242803,5.600249789
1609059292.836706877,2.372234716,-5.693239117,5.569744968
1609059292.882071972,2.357805729,-5.701113548,5.555099849
1609059292.925186872,2.343626619,-5.709142573,5.541638275
1609059292.975945950,2.326696788,-5.719378610,5.525628083
1609059293.026212931,2.310376554,-5.728729510,5.510399560
1609059293.079138994,2.293913972,-5.738233689,5.494886004
1609059293.129062891,2.259569068,-5.758194326,5.464604577
1609059293.176603794,2.242064931,-5.768301874,5.448638596
1609059293.226526022,2.225557070,-5.777608601,5.432713653
1609059293.278026819,2.208809509,-5.787079871,5.416632075
1609059293.325737000,2.190781384,-5.797946595,5.399688682
1609059293.381116867,2.156427360,-5.816755969,5.366218033
1609059293.426878929,2.140026909,-5.825193795,5.350162704
1609059293.478921890,2.121782476,-5.835346717,5.331476083
1609059293.526489019,2.104987842,-5.844428514,5.313404312
1609059293.579128981,2.088567118,-5.853222546,5.294333886
1609059293.627298832,2.071725597,-5.862288744,5.275190525
1609059293.679142952,2.039225110,-5.879555131,5.236364255
1609059293.726776838,2.024020680,-5.886524036,5.217709586
1609059293.821155787,1.990557495,-5.901687214,5.180059382
1609059293.887161016,1.959472127,-5.911689458,5.142745947
1609059293.934234858,1.943811968,-5.916318715,5.124600947
1609059293.978097916,1.928073943,-5.920623981,5.105925304
1609059294.026701927,1.913672639,-5.923395702,5.088539911
1609059294.078252792,1.900108253,-5.925589728,5.071227182
1609059294.126196861,1.884794676,-5.929368286,5.053456521
1609059294.179813862,1.854717505,-5.934134390,5.017869773
1609059294.226303816,1.854717718,-5.934136124,5.017866414
1609059294.275779963,1.824934515,-5.938260870,4.982340709
1609059294.326413870,1.810005972,-5.938972046,4.964548886
1609059294.375795841,1.795429727,-5.939471661,4.946389021
1609059294.426779985,1.780288982,-5.939737870,4.928242147
1609059294.478466988,1.748583281,-5.940006454,4.889596944
1609059294.525757790,1.734496325,-5.939409522,4.871740279
1609059294.575632811,1.718568654,-5.938722404,4.852036854
1609059294.626047850,1.702704159,-5.937770610,4.832479202
1609059294.678983927,1.687544001,-5.935920115,4.812243666
1609059294.728933811,1.656255447,-5.932165074,4.771125380
1609059294.776589870,1.639545403,-5.931213520,4.750185641
1609059294.827165842,1.623524386,-5.928590805,4.730164700
1609059294.898321867,1.590073213,-5.925934516,4.686322591
1609059294.947865009,1.572748759,-5.924917962,4.664043341
1609059294.992046833,1.556487779,-5.923070180,4.642659268
1609059295.033322811,1.539394950,-5.921829193,4.621467726
1609059295.081120014,1.520262365,-5.922080955,4.598505793
1609059295.126396894,1.501071070,-5.921760232,4.576637700
1609059295.178491831,1.481610626,-5.920353768,4.554593147
1609059295.226964951,1.461746645,-5.921043608,4.531075489
1609059295.280051947,1.423021271,-5.919364637,4.487634367
1609059295.325062990,1.403803631,-5.918102367,4.465130847
1609059295.378232002,1.384373640,-5.918123687,4.442989861
1609059295.426955938,1.363891872,-5.919120112,4.419302353
1609059295.478354931,1.343406356,-5.919152067,4.396066750
1609059295.526865005,1.322971644,-5.919176009,4.372085420
1609059295.579044819,1.279536523,-5.922489919,4.321266432
1609059295.626279831,1.259245661,-5.923096513,4.295999236
1609059295.677136898,1.238941899,-5.923389872,4.270111323
1609059295.724959850,1.218443283,-5.925793644,4.243936369
1609059295.777524948,1.198034975,-5.928028972,4.217481963
1609059295.829172850,1.161197420,-5.931301358,4.166302383
1609059295.878630877,1.142215689,-5.934137900,4.140564735
1609059295.925830841,1.123982647,-5.936866640,4.114467424
1609059295.977509022,1.106678349,-5.938425546,4.088774940
1609059296.028400898,1.090062779,-5.940467612,4.062791024
1609059296.080083847,1.074374538,-5.941703462,4.038277098
1609059296.126230955,1.046415681,-5.945116980,3.987993490
1609059296.175930023,1.034590109,-5.946056264,3.962419900
1609059296.227929831,1.022695164,-5.946969393,3.937732428
1609059296.278518915,1.012173666,-5.948196345,3.912533619
1609059296.327116013,1.003554954,-5.948227056,3.887804097
1609059296.379914999,0.988521974,-5.949286727,3.836818690
1609059296.427186012,0.983069612,-5.948649197,3.813531464
1609059296.475291967,0.977970188,-5.948404460,3.788217834
1609059296.525010824,0.972885040,-5.949082493,3.763789299
1609059296.577464819,0.971136841,-5.946605421,3.738139256
1609059296.625952005,0.967982435,-5.943455729,3.686409799
1609059296.678603888,0.968548627,-5.941723006,3.659982934
1609059296.724040985,0.969258353,-5.939252340,3.636884887
1609059296.774516821,0.971384707,-5.936751277,3.611220787
1609059296.826200008,0.973658855,-5.934000213,3.584397786
1609059296.878834009,0.978024760,-5.930401497,3.556776051
1609059296.927124977,0.987950759,-5.923175102,3.502627182
1609059296.976008892,0.994820867,-5.918207773,3.474567803
1609059297.026954889,1.001695334,-5.913626854,3.446871753
1609059297.075239897,1.009872140,-5.908221927,3.417600437
1609059297.125795841,1.018902175,-5.902786479,3.388199085
1609059297.180676937,1.038785264,-5.890436333,3.328280975
1609059297.226318836,1.047215053,-5.884480569,3.302722412
1609059297.277119875,1.058231492,-5.878176130,3.273383468
1609059297.325738907,1.069824503,-5.871474288,3.243272769
1609059297.377669811,1.082509386,-5.863458393,3.213798411
1609059297.428331852,1.107456745,-5.848301782,3.153826352
1609059297.478073835,1.121081797,-5.840061056,3.122315772
1609059297.525389910,1.135277122,-5.831094624,3.092365144
1609059297.598845959,1.163671071,-5.814951773,3.029964992
1609059297.638871908,1.179132497,-5.806020344,2.998765111
1609059297.683422804,1.194677193,-5.796813535,2.969964023
1609059297.727301836,1.209148967,-5.788369491,2.939691426
1609059297.775624990,1.224405201,-5.779928671,2.908255541
1609059297.846711874,1.256961235,-5.761435701,2.847867164
1609059297.889531851,1.272496030,-5.753344969,2.817341055
1609059297.932848930,1.287217701,-5.745397430,2.788157156
1609059297.983253002,1.304432524,-5.736372744,2.757046498
1609059298.028524876,1.321063863,-5.727138871,2.727513171
1609059298.076869011,1.338265260,-5.719030075,2.696100172
1609059298.124660969,1.354528816,-5.711503314,2.666184017
1609059298.188260794,1.389677492,-5.694161113,2.606914753
1609059298.233460903,1.406338398,-5.687027844,2.577027272
1609059298.277658939,1.422805331,-5.679966961,2.548005053
1609059298.325172901,1.439529697,-5.671674027,2.520338595
1609059298.378474951,1.456912657,-5.663954631,2.491950277
1609059298.426150799,1.473995667,-5.656925418,2.463640983
1609059298.479925871,1.510779063,-5.641092622,2.405769950
1609059298.525858879,1.528520331,-5.633388837,2.378298975
1609059298.579615831,1.546264483,-5.626234844,2.348802714
1609059298.626873016,1.564080817,-5.618645590,2.320147072
1609059298.677554846,1.583232300,-5.610125732,2.291090418
1609059298.726851940,1.601053520,-5.602507306,2.261341817
1609059298.778850794,1.638140500,-5.587021003,2.200921203
1609059298.826627016,1.657143870,-5.578002761,2.171597731
1609059298.878098965,1.676126843,-5.569406486,2.139857833
1609059298.925922871,1.694399300,-5.561053950,2.108488884
1609059298.978470802,1.714711415,-5.551209383,2.076299402
1609059299.027992964,1.753912382,-5.532206462,2.014796009
1609059299.076779842,1.773505532,-5.522741209,1.984868734
1609059299.124987841,1.794866938,-5.511335841,1.957202796
1609059299.176761866,1.817261612,-5.499053567,1.931347073
1609059299.227859020,1.838324251,-5.489136725,1.908359733
1609059299.279506922,1.884335405,-5.465357640,1.859527690
1609059299.326625824,1.905858879,-5.453750428,1.837585068
1609059299.376446009,1.928710836,-5.441598389,1.812869037
1609059299.426847935,1.951501368,-5.429573699,1.789372138
1609059299.478671789,1.977015167,-5.414782786,1.765096101
1609059299.529536009,2.027613788,-5.386633549,1.720046193
1609059299.575975895,2.052359839,-5.372531041,1.700491606
1609059299.669658899,2.107701386,-5.340559356,1.667366087
1609059299.737485886,2.162493175,-5.309503887,1.641946911
1609059299.784539938,2.190362079,-5.293071027,1.633092489
1609059299.826481819,2.220566798,-5.275463748,1.624597687
1609059299.876875877,2.249977600,-5.258847843,1.616905837
1609059299.927532911,2.278382429,-5.242581232,1.610741692
1609059299.979228020,2.308122659,-5.225157440,1.605422364
1609059300.028821945,2.368895065,-5.190622759,1.595820165
1609059300.079547882,2.399771977,-5.173306782,1.591180058
1609059300.170080900,2.464561655,-5.136195493,1.583355808
1609059300.238523006,2.526832752,-5.100481893,1.576457283
1609059300.283601999,2.558491643,-5.082222352,1.573750286
1609059300.325525999,2.590082618,-5.063878486,1.571323299
1609059300.375249863,2.621876695,-5.045365727,1.569412275
1609059300.428075790,2.653157956,-5.027102031,1.568200661
1609059300.478154898,2.685065289,-5.008526360,1.567660257
1609059300.529042006,2.750203435,-4.969789510,1.569524670
1609059300.576017857,2.783586862,-4.950010095,1.571638062
1609059300.628948927,2.814721480,-4.931338431,1.574270490
1609059300.678396940,2.847600153,-4.911209893,1.578434029
1609059300.726758003,2.879964194,-4.891458304,1.583114057
1609059300.780586004,2.944901992,-4.852141961,1.595749056
1609059300.826774836,2.944901232,-4.852135789,1.595758762
1609059300.878518820,3.008757617,-4.813460025,1.612282832
1609059300.925630808,3.041250699,-4.793540654,1.622462985
1609059300.978427887,3.071416344,-4.774792360,1.632697357
1609059301.027562857,3.102788598,-4.755053784,1.643787984
1609059301.079229832,3.164643359,-4.715761659,1.668158970
1609059301.125652790,3.191580537,-4.698612422,1.679627773
1609059301.176478863,3.219891272,-4.680295426,1.692037419
1609059301.227077961,3.246874792,-4.663085800,1.704517697
1609059301.279590845,3.272640812,-4.646623264,1.717469861
1609059301.326768875,3.324243938,-4.613199028,1.746097161
1609059301.375087976,3.350781775,-4.595352824,1.761926959
1609059301.446514845,3.397144708,-4.565703903,1.791759294
1609059301.487532854,3.419777410,-4.550525733,1.806725522
1609059301.531515837,3.442582539,-4.535793149,1.821738759
1609059301.578046799,3.465399724,-4.520872938,1.837284052
1609059301.626891851,3.486279269,-4.507046396,1.852470802
1609059301.677381992,3.506913445,-4.493446939,1.868461604
1609059301.726344824,3.526775157,-4.480673095,1.884085451
1609059301.780184984,3.565556160,-4.456001071,1.916825940
1609059301.826375961,3.583598704,-4.444674433,1.933171618
1609059301.878023863,3.602511341,-4.432597501,1.951024380
1609059301.926332951,3.620276878,-4.421285885,1.968562791
1609059301.979151011,3.638864990,-4.409787346,1.986816885
1609059302.029625893,3.676529341,-4.387125929,2.027686671
1609059302.078925848,3.693700604,-4.377019313,2.047987506
1609059302.125150919,3.710797126,-4.367482625,2.067127439
1609059302.177187920,3.731590682,-4.355259205,2.090497051
1609059302.229139805,3.748597932,-4.346074053,2.110131616
1609059302.279664993,3.786580885,-4.325937299,2.153319462
1609059302.326358795,3.806849346,-4.314694364,2.175338977
1609059302.376021862,3.825178115,-4.306178459,2.196543459
1609059302.426906824,3.844203852,-4.296116031,2.218379505
1609059302.479029894,3.864673518,-4.285869543,2.240511483
1609059302.527272940,3.904350223,-4.266426642,2.284865352
1609059302.576723814,3.922934883,-4.257271201,2.305975933
1609059302.627179861,3.943107795,-4.247377483,2.327455349
1609059302.677815914,3.965177104,-4.236314878,2.351360472
1609059302.727435827,3.983897453,-4.227304156,2.372472231
1609059302.778678894,4.026192234,-4.206462289,2.418185820
1609059302.826627970,4.046326115,-4.196605513,2.439502140
1609059302.878048897,4.065368782,-4.187759174,2.461295318
1609059302.927141905,4.085371927,-4.177363899,2.483275438
1609059302.979894876,4.106108197,-4.167331300,2.505253036
1609059303.027021885,4.146908841,-4.147165015,2.550467304
1609059303.077572823,4.167627255,-4.136722305,2.573719447
1609059303.126153946,4.188293611,-4.125944210,2.595250505
1609059303.175879002,4.209516059,-4.114420528,2.618518699
1609059303.228403807,4.229080424,-4.104964761,2.640092189
1609059303.279034853,4.271456443,-4.081139584,2.684153042
1609059303.326202869,4.290148743,-4.071052311,2.703500775
1609059303.377962828,4.309627841,-4.061254329,2.723335221
1609059303.427363873,4.330607396,-4.049611917,2.743299852
1609059303.480064869,4.351750025,-4.038228022,2.762951528
1609059303.527529001,4.393292352,-4.015962418,2.801969061
1609059303.576713800,4.413256023,-4.004683915,2.821128829
1609059303.626067877,4.434260042,-3.993141643,2.841417419
1609059303.677999020,4.456732247,-3.980980420,2.864061553
1609059303.727748871,4.476545450,-3.970337644,2.884926399
1609059303.778296947,4.521396932,-3.945838745,2.930287303
1609059303.826807976,4.542072634,-3.933990028,2.953284083
1609059303.878382921,4.563338075,-3.923039958,2.977762325
1609059303.926970959,4.584800117,-3.911127248,3.001929679
1609059303.986204863,4.628320072,-3.888140147,3.052215732
1609059304.033444881,4.648866586,-3.877625587,3.077686477
1609059304.077912807,4.671748201,-3.865605507,3.105691422
1609059304.125742912,4.693366244,-3.854679211,3.132192251
1609059304.177023888,4.715339669,-3.842955311,3.161505336
1609059304.227554798,4.734884943,-3.833653495,3.189427278
1609059304.279491901,4.777235088,-3.813713492,3.248066857
1609059304.325711966,4.798196863,-3.803268435,3.277537012
1609059304.375121832,4.815687885,-3.795610350,3.304280973
1609059304.428066969,4.836072286,-3.785605259,3.334227706
1609059304.478904963,4.875586989,-3.768450762,3.392190956
1609059304.526556969,4.894093711,-3.761314811,3.422187250
1609059304.576951981,4.912107074,-3.754140332,3.451272578
1609059304.626487970,4.930438517,-3.746335204,3.480042126
1609059304.689638853,4.962841706,-3.733785835,3.539125487
1609059304.733457804,4.977775088,-3.729175967,3.567362139
1609059304.818775892,5.005885109,-3.720392434,3.626968270
1609059304.870289803,5.017977537,-3.717498580,3.657054922
1609059304.937369823,5.040658556,-3.713234362,3.718651526
1609059304.984466791,5.048736714,-3.712111332,3.748321120
1609059305.026853800,5.056289059,-3.711467070,3.778920364
1609059305.078207016,5.063244026,-3.711271454,3.810583985
1609059305.125594854,5.068746944,-3.712433222,3.841487474
1609059305.178419828,5.073735816,-3.714016241,3.873645537
1609059305.229167938,5.083074714,-3.717888473,3.939432395
1609059305.276898861,5.086857049,-3.720067010,3.971564060
1609059305.324922800,5.090405290,-3.723754448,4.002939437
1609059305.398218870,5.094450405,-3.729182506,4.068289746
1609059305.435607910,5.094416397,-3.733188424,4.104407502
1609059305.484449863,5.092843309,-3.737190099,4.135984518
1609059305.525672913,5.090554479,-3.742589556,4.167298525
1609059305.576493979,5.087155503,-3.747697347,4.200678936
1609059305.643028021,5.078452770,-3.758617112,4.271345840
1609059305.685546875,5.075043969,-3.763047013,4.303346662
1609059305.731064796,5.070974401,-3.768528542,4.335895514
1609059305.775671005,5.067265031,-3.772660516,4.370105919
1609059305.827165842,5.062630657,-3.777849945,4.403019582
1609059305.878966808,5.058037977,-3.781937977,4.437990009
1609059305.927583933,5.052970931,-3.786547143,4.470702132
1609059305.978321791,5.043225564,-3.794274658,4.541314328
1609059306.027838945,5.036191476,-3.799549623,4.573115261
1609059306.078109980,5.029201182,-3.804444704,4.603471325
1609059306.127063990,5.018500658,-3.810116816,4.636999846
1609059306.178719997,5.006034049,-3.817666570,4.668909940
1609059306.228299856,4.979632534,-3.832529730,4.732722350
1609059306.278041840,4.968730298,-3.837796784,4.765652030
1609059306.326850891,4.959174525,-3.842824020,4.796793800
1609059306.377588987,4.947513304,-3.848479794,4.830056559
1609059306.428092003,4.934736410,-3.855164211,4.860813602
1609059306.478724003,4.902695617,-3.869669103,4.927951388
1609059306.527090788,4.888052096,-3.877640260,4.957278507
1609059306.581182003,4.871226259,-3.886322269,4.989950448
1609059306.627846956,4.855367598,-3.893742794,5.020749809
1609059306.681437969,4.838762047,-3.901810679,5.051304761
1609059306.728084803,4.800837533,-3.920906673,5.111754041
1609059306.778263807,4.781917114,-3.930092785,5.144043011
1609059306.830804825,4.766420828,-3.937878299,5.172922090
1609059306.877894878,4.746583698,-3.947626927,5.204710688
1609059306.932767868,4.706041501,-3.968375633,5.266513240
1609059306.983639002,4.688055486,-3.977627874,5.293999942
1609059307.027581930,4.670156576,-3.987882958,5.321020268
1609059307.078749895,4.649916875,-3.999188702,5.350297175
1609059307.126293898,4.632184563,-4.008643176,5.378622027
1609059307.179352999,4.615001312,-4.017615198,5.407040738
1609059307.227677822,4.579100975,-4.038846131,5.461395010
1609059307.278589010,4.558682011,-4.050812306,5.490363165
1609059307.325620890,4.540492454,-4.061922707,5.516458343
1609059307.379484892,4.518848816,-4.075335048,5.545114465
1609059307.427733898,4.497330136,-4.088544595,5.571540744
1609059307.478458881,4.457314106,-4.113077256,5.627398980
1609059307.525622845,4.438729301,-4.124959140,5.652952551
1609059307.576012850,4.417682547,-4.138873201,5.680368086
1609059307.627808809,4.398066157,-4.151395924,5.706189772
1609059307.680768967,4.376864658,-4.165265354,5.733594139
1609059307.727310896,4.355058508,-4.179522520,5.758507790
1609059307.776124001,4.309005973,-4.209900323,5.811583643
1609059307.827541828,4.288199951,-4.224504262,5.838206995
1609059307.877712965,4.264898921,-4.240303422,5.865096441
1609059307.927306890,4.240883257,-4.256535483,5.890343840
1609059307.979863882,4.189197795,-4.290393754,5.946037624
1609059308.027103901,4.163927031,-4.307498380,5.972151806
1609059308.077883959,4.137624499,-4.325110919,5.998519786
1609059308.127280951,4.112365311,-4.341691000,6.024635182
1609059308.180248022,4.087311056,-4.358367226,6.050938824
1609059308.227718830,4.030874865,-4.395730431,6.103486046
1609059308.278561831,4.000941509,-4.415606345,6.130759141
1609059308.347452879,3.944901744,-4.452404552,6.184890458
1609059308.389441013,3.916723661,-4.470543153,6.210248469
1609059308.433771849,3.885719357,-4.490995544,6.237999249
1609059308.482911825,3.857316330,-4.509538450,6.263984505
1609059308.531452894,3.829107015,-4.528002601,6.288919842
1609059308.576735973,3.799392020,-4.547248170,6.314019255
1609059308.626233816,3.767737433,-4.567551486,6.341555029
1609059308.679907799,3.738139571,-4.586887568,6.368294699
1609059308.725886822,3.677545672,-4.624938595,6.423475244
1609059308.781062841,3.645785224,-4.645153819,6.452395592
1609059308.827244997,3.616345641,-4.663811223,6.479675477
1609059308.878998995,3.587303867,-4.682149747,6.506654226
1609059308.928200960,3.558881487,-4.700290706,6.531335970
1609059308.979939938,3.499116737,-4.738113389,6.576734992
1609059309.029665947,3.472365724,-4.754857318,6.594744210
1609059309.078372955,3.445243531,-4.772382664,6.610371626
1609059309.127026796,3.419670782,-4.788650696,6.623045277
1609059309.180957794,3.370037994,-4.819523788,6.644838606
1609059309.226334810,3.344572071,-4.835496071,6.654040982
1609059309.281188011,3.320957340,-4.850342585,6.661740691
1609059309.326526880,3.301146169,-4.862933530,6.668144323
1609059309.378333807,3.282180123,-4.874851338,6.673878741
1609059309.429099798,3.246821175,-4.897419400,6.683340578
1609059309.477645874,3.232192289,-4.907223000,6.686670966
1609059309.526451826,3.218851117,-4.915750360,6.690176436
1609059309.575801849,3.206686664,-4.924121677,6.693328885
1609059309.627971888,3.195472748,-4.931967261,6.695851565
1609059309.679790974,3.178683796,-4.944345234,6.701152224
1609059309.727142811,3.170484407,-4.950132346,6.703945615
1609059309.775929928,3.163288459,-4.955842886,6.706751651
1609059309.827818871,3.157578556,-4.960552227,6.710216350
1609059309.878883839,3.153240240,-4.964781880,6.713969671
1609059309.928524017,3.146346900,-4.972436554,6.720112568
1609059309.978258848,3.145173061,-4.974828995,6.723095644
1609059310.029774904,3.144114172,-4.977466439,6.726226384
1609059310.075886011,3.143920673,-4.979753785,6.729592719
1609059310.127008915,3.143819303,-4.981617894,6.732015113
1609059310.180152893,3.144398548,-4.985368087,6.736431070
1609059310.227619886,3.144503017,-4.987276679,6.738718300
1609059310.270533800,3.144481162,-4.989778577,6.741641245
1609059310.321519852,3.144682292,-4.992215032,6.744636632
1609059310.371042013,3.144926601,-4.994798468,6.748102730
1609059310.423013926,3.145666760,-4.997291842,6.751546807
1609059310.478495836,3.146519384,-5.002486888,6.758699675
1609059310.525550842,3.145649996,-5.005339705,6.763070700
1609059310.576941013,3.145920395,-5.007953177,6.767858925
1609059310.628883839,3.144896784,-5.011359207,6.772715492
1609059310.680794001,3.144155934,-5.017704633,6.784499054
1609059310.727042913,3.143756652,-5.020489139,6.789990752
1609059310.776521921,3.144268390,-5.023821603,6.795713039
1609059310.826812983,3.143683817,-5.027592451,6.801667470
1609059310.879692793,3.143118049,-5.031751006,6.807617854
1609059310.928131819,3.142574683,-5.039896915,6.819530080
1609059310.977748871,3.143365064,-5.043841598,6.825217109
1609059311.027369976,3.143658537,-5.047875187,6.830934925
1609059311.077933788,3.144177228,-5.051978515,6.836431424
1609059311.126702785,3.144267774,-5.056205217,6.842347388
1609059311.180310965,3.146097984,-5.064552370,6.859802310
1609059311.226483822,3.148153647,-5.069126682,6.870435007
1609059311.278415918,3.150148999,-5.073724529,6.883416648
1609059311.326538801,3.152196677,-5.078544601,6.896706299
1609059311.378361940,3.154843050,-5.083382912,6.911882844
1609059311.429749966,3.160399026,-5.092979475,6.940300952
1609059311.478356838,3.163541179,-5.097525240,6.952759884
1609059311.520141840,3.166179543,-5.102011414,6.962705273
1609059311.570702791,3.169258969,-5.106425082,6.972102121
1609059311.621152878,3.172983036,-5.110658851,6.979408944
1609059311.671899796,3.175674587,-5.114366888,6.986351512
1609059311.722531796,3.181487776,-5.121008231,6.998923082
1609059311.771077871,3.184741381,-5.124006805,7.004195199
1609059311.823723793,3.187730239,-5.126623080,7.008704516
1609059311.871006966,3.190634859,-5.129418012,7.012960867
1609059311.920730829,3.192742117,-5.132278737,7.015757611
1609059311.971184969,3.198319357,-5.137906974,7.019348774
1609059312.021585941,3.201629828,-5.140886651,7.021386526
1609059312.072201967,3.204529373,-5.143634702,7.023436754
1609059312.121747017,3.207338739,-5.145798361,7.025461225
1609059312.172469854,3.209835341,-5.147924847,7.027783700
1609059312.221649885,3.213720014,-5.152173424,7.030465932
1609059312.271363020,3.215679663,-5.154837070,7.031034903
1609059312.320608854,3.217845740,-5.157747303,7.031020605
1609059312.371228933,3.220182510,-5.161159945,7.030501638
1609059312.420570850,3.225995695,-5.168373624,7.028220837
1609059312.472244978,3.228843144,-5.172571111,7.026901031
1609059312.546669006,3.234041060,-5.182219150,7.023201874
1609059312.591259003,3.237489749,-5.187784811,7.021401206
1609059312.632783890,3.241860888,-5.194458598,7.019744835
1609059312.674395800,3.246113612,-5.201178928,7.018469043
1609059312.721175909,3.250759043,-5.208642658,7.016964644
1609059312.770442963,3.255638927,-5.216499826,7.015382902
1609059312.820047855,3.260877040,-5.225137062,7.013838135
1609059312.872892857,3.266727716,-5.234680262,7.012224264
1609059312.921350002,3.278953794,-5.255589180,7.009967459
1609059312.972069979,3.285441517,-5.266887003,7.009002982
1609059313.021348000,3.292505502,-5.277993348,7.008393890
1609059313.079477787,3.300582944,-5.290828985,7.007302749
1609059313.127894878,3.309041767,-5.304097857,7.006965436
1609059313.178408861,3.328183178,-5.334559349,7.006312130
1609059313.226797819,3.337761339,-5.349513375,7.005716974
1609059313.277333021,3.348499319,-5.367023531,7.005207565
1609059313.325016022,3.359931907,-5.384971739,7.004367176
1609059313.379873991,3.372058592,-5.404856452,7.003978250
1609059313.429202795,3.399224070,-5.446777366,7.002809576
1609059313.477650881,3.414336894,-5.469669452,7.002360806
1609059313.526388884,3.429344938,-5.492584895,7.001753590
1609059313.576938868,3.446072026,-5.516613149,7.001167101
1609059313.628722906,3.461813453,-5.540027716,7.000340291
1609059313.679636955,3.495246847,-5.587421920,6.998398779
1609059313.726566792,3.511661883,-5.611286075,6.997567954
1609059313.770035982,3.529089929,-5.635479244,6.996430199
1609059313.827749968,3.546327269,-5.659211906,6.995170448
1609059313.878542900,3.564834733,-5.683120218,6.994092397
1609059313.928119898,3.600398267,-5.731584754,6.990629490
1609059313.977280855,3.620481213,-5.756800255,6.988578816
1609059314.028042793,3.638137896,-5.779022832,6.986541921
1609059314.076866865,3.658467962,-5.803046235,6.983840512
1609059314.125713825,3.676474587,-5.823664825,6.981858198
1609059314.172141790,3.713098593,-5.866037209,6.977957630
1609059314.222288847,3.728993558,-5.884341990,6.976888552
1609059314.277640820,3.746959491,-5.902856343,6.975521563
1609059314.328234911,3.762255835,-5.917796230,6.974911536
1609059314.378755808,3.777155256,-5.931354910,6.974188368
1609059314.428193808,3.806682454,-5.955029918,6.973694497
1609059314.478792906,3.821273247,-5.965006890,6.973713958
1609059314.525911808,3.834126680,-5.974244348,6.974353292
1609059314.577400923,3.847962678,-5.981978111,6.975227883
1609059314.628279924,3.860111630,-5.989046547,6.976207873
1609059314.679791927,3.883680486,-5.999176795,6.979885656
1609059314.727280855,3.893134833,-6.003538883,6.982065063
1609059314.776471853,3.901742293,-6.008161311,6.983896101
1609059314.825302839,3.908093960,-6.012572559,6.986310738
1609059314.879490852,3.913729777,-6.016561132,6.988765363
1609059314.927557945,3.920288276,-6.023199549,6.993445139
1609059314.976215839,3.921849114,-6.025867472,6.995482677
1609059315.027493954,3.922087232,-6.028481113,6.997168863
1609059315.077969790,3.919687272,-6.031897357,6.999021568
1609059315.119059801,3.915989770,-6.035370967,7.000810279
1609059315.180487871,3.905907654,-6.043119599,7.003530291
1609059315.226763964,3.899290132,-6.047811230,7.005068780
1609059315.279492855,3.890302425,-6.053903217,7.005682535
1609059315.326636791,3.878883895,-6.060947005,7.005854337
1609059315.378764868,3.864187218,-6.069478144,7.005510349
1609059315.430403948,3.828253866,-6.090187062,7.004948437
1609059315.477928877,3.807581891,-6.102148188,7.004612622
1609059315.527405977,3.784237503,-6.115652093,7.004444352
1609059315.577910900,3.759532797,-6.130336139,7.004848441
1609059315.627465963,3.734342984,-6.145091624,7.005385310
1609059315.681010008,3.707734417,-6.161145213,7.005805803
1609059315.729434013,3.648735878,-6.196305026,7.007166215
1609059315.777709961,3.614550150,-6.216997881,7.007686498
1609059315.827237844,3.581242568,-6.237156143,7.008922365
1609059315.880198956,3.546404641,-6.258769902,7.009992934
1609059315.928246021,3.511490833,-6.280991923,7.011765877
1609059315.978718996,3.445134496,-6.323517801,7.014528127
1609059316.027031898,3.410415801,-6.345972269,7.016558774
1609059316.077580929,3.377757970,-6.367893341,7.017956833
1609059316.126909971,3.344056026,-6.390608816,7.018986374
1609059316.179790974,3.308441969,-6.414483618,7.019748116
1609059316.229254007,3.236692004,-6.462683096,7.022293615
1609059316.279183865,3.203154737,-6.486286164,7.023315702
1609059316.326428890,3.171902712,-6.508836694,7.024633504
1609059316.377111912,3.137447940,-6.534019219,7.026474861
1609059316.427815914,3.104689579,-6.557626453,7.027554842
1609059316.479153872,3.040435516,-6.604682525,7.029576288
1609059316.527169943,3.009368561,-6.627516774,7.031620057
1609059316.576630831,2.980722434,-6.649713877,7.033094303
1609059316.628294945,2.948618328,-6.674041305,7.035212372
1609059316.678855896,2.920272601,-6.695636905,7.036848829
1609059316.727425814,2.865776540,-6.738613790,7.040105095
1609059316.777171850,2.838556346,-6.759565697,7.042674545
1609059316.870399952,2.788425392,-6.799953096,7.046591695
1609059316.941646814,2.732176483,-6.843848427,7.049551730
1609059316.983471870,2.706930770,-6.863945282,7.051127139
1609059317.027458906,2.682877474,-6.882608192,7.052860705
1609059317.077992916,2.660960621,-6.900836919,7.054785600
1609059317.127529860,2.639551212,-6.918172414,7.055773483
1609059317.178713799,2.618466490,-6.935145882,7.056738869
1609059317.228129864,2.579050140,-6.965385055,7.058331433
1609059317.278441906,2.558812885,-6.979771123,7.059059098
1609059317.325855970,2.541039111,-6.991221893,7.059613460
1609059317.375327826,2.522488686,-7.002974708,7.059795389
1609059317.429028988,2.506377346,-7.013379427,7.059441166
1609059317.479552984,2.477705960,-7.032608594,7.058231321
1609059317.527068853,2.464692075,-7.041363593,7.057991667
1609059317.576780796,2.449762687,-7.050756319,7.057223909
1609059317.628655910,2.437221680,-7.058057376,7.056612589
1609059317.679708958,2.423721750,-7.064596477,7.055524004
1609059317.727964878,2.395822987,-7.077548125,7.053507716
1609059317.778786898,2.381971684,-7.083571649,7.052425725
1609059317.827280998,2.367965738,-7.088336396,7.051050867
1609059317.878973961,2.354099327,-7.093472974,7.049557336
1609059317.927370787,2.340767634,-7.097806660,7.047928799
1609059317.979475975,2.309654750,-7.108331834,7.045534718
1609059318.028482914,2.295984356,-7.112683269,7.044225318
1609059318.119454861,2.264437029,-7.122637107,7.042159612
1609059318.186582804,2.234048445,-7.131817569,7.040580129
1609059318.232626915,2.219764296,-7.136017170,7.040160851
1609059318.278093815,2.205017133,-7.140769244,7.039738422
1609059318.326501846,2.190359750,-7.145461476,7.039864046
1609059318.376081944,2.176559750,-7.148995045,7.039429862
1609059318.429159880,2.161771033,-7.153656731,7.039036455
1609059318.480153799,2.134545649,-7.161588571,7.038141413
1609059318.527326822,2.123411437,-7.164415579,7.037107898
1609059318.577092886,2.111509955,-7.168039497,7.035264387
1609059318.626566887,2.100461236,-7.171232108,7.030561415
1609059318.679091930,2.091196280,-7.173385556,7.022876156
1609059318.730745792,2.075613694,-7.176178667,7.006003755
1609059318.777824879,2.067996112,-7.176885104,6.995835798
1609059318.827369928,2.062519049,-7.176918970,6.985279029
1609059318.878978968,2.058110842,-7.176389844,6.973999988
1609059318.927950859,2.054049060,-7.175678589,6.961652065
1609059318.981030941,2.048653260,-7.173609468,6.933574261
1609059319.026329994,2.047262295,-7.171713084,6.918728426
1609059319.080521822,2.046134138,-7.169684264,6.903429689
1609059319.127490997,2.046368523,-7.166776433,6.888096710
1609059319.171547890,2.047402652,-7.163683189,6.872891946
1609059319.223337889,2.048279939,-7.160526610,6.857263333
1609059319.280535936,2.051817134,-7.152930663,6.824424832
1609059319.327060938,2.054236874,-7.148156813,6.806341403
1609059319.378145933,2.056873430,-7.144021156,6.788060911
1609059319.427944899,2.060155271,-7.138475773,6.768416487
1609059319.480415821,2.063605981,-7.133387296,6.748738248
1609059319.527675867,2.070375864,-7.122642274,6.708602667
1609059319.579342842,2.073230838,-7.117085490,6.687636340
1609059319.627012014,2.076798603,-7.111108747,6.667690990
1609059319.678847790,2.079881254,-7.105366950,6.647045062
1609059319.738268852,2.084996211,-7.092917000,6.605639978
1609059319.784734011,2.087515788,-7.087661607,6.586735908
1609059319.826844931,2.089385627,-7.081336375,6.566631239
1609059319.878441811,2.091700047,-7.075288013,6.546110203
1609059319.927068949,2.093752205,-7.068822220,6.526036144
1609059319.977618933,2.094306009,-7.062852130,6.504813557
1609059320.030358791,2.094188433,-7.050835714,6.464348268
1609059320.080247879,2.092954999,-7.045387309,6.445425944
1609059320.128736019,2.090787270,-7.039845786,6.427422242
1609059320.176265001,2.088266186,-7.035027687,6.409457641
1609059320.227324963,2.085638744,-7.030227655,6.391384357
1609059320.283809900,2.078237516,-7.020105404,6.356820314
1609059320.329278946,2.073651889,-7.015217684,6.339472097
1609059320.373067856,2.068249413,-7.010313962,6.320824921
1609059320.421531916,2.062611879,-7.006147618,6.302266234
1609059320.473104954,2.056090480,-7.001981129,6.282493139
1609059320.521922827,2.049485609,-6.997797341,6.262377885
1609059320.572885990,2.041942133,-6.993502855,6.241348347
1609059320.624249935,2.027977740,-6.986110829,6.203023165
1609059320.677042961,2.020874893,-6.981876463,6.183627313
1609059320.728719950,2.014806127,-6.978002332,6.163252377
1609059320.778553009,2.007290524,-6.974350963,6.142166679
1609059320.830539942,1.992417382,-6.967238875,6.099996929
1609059320.879500866,1.984629638,-6.963695265,6.078174147
1609059320.926192999,1.977412043,-6.960586020,6.057038163
1609059320.976208925,1.970543427,-6.957161613,6.035689295
1609059321.028934002,1.964067173,-6.953478421,6.014479373
1609059321.079751015,1.957912718,-6.950009727,5.993179487
1609059321.127681971,1.947755944,-6.942347264,5.950405810
1609059321.177469015,1.943337777,-6.938448889,5.928792222
1609059321.227038860,1.939519442,-6.934507912,5.907898881
1609059321.272058010,1.936037635,-6.930446611,5.886462037
1609059321.319427013,1.932938130,-6.926654553,5.864745793
1609059321.372720957,1.929696481,-6.922400117,5.842562067
1609059321.421627998,1.925778443,-6.915873837,5.801041938
1609059321.471450806,1.924427016,-6.912337827,5.779352562
1609059321.521786928,1.923442038,-6.908707493,5.757036846
1609059321.570933819,1.922900380,-6.905227464,5.733799326
1609059321.623727798,1.923112064,-6.902064903,5.710661184
1609059321.672472000,1.923233443,-6.895697838,5.661461694
1609059321.723505974,1.923245911,-6.892883893,5.636598829
1609059321.782625914,1.924077369,-6.889949572,5.612007714
1609059321.827519894,1.925784886,-6.886013253,5.587378152
1609059321.879464865,1.926717149,-6.883063082,5.562999196
1609059321.928500891,1.930169109,-6.877916675,5.513663952
1609059321.978190899,1.931664654,-6.875908151,5.486911425
1609059322.028700829,1.933174759,-6.873824495,5.460822292
1609059322.079077959,1.935591667,-6.871658456,5.434562210
1609059322.128194809,1.937505246,-6.869518083,5.407561376
1609059322.180305004,1.939502174,-6.866106492,5.353954259
1609059322.228893995,1.940358249,-6.864733412,5.327612298
1609059322.278667927,1.941061860,-6.863437847,5.301163997
1609059322.326189995,1.941221538,-6.863252441,5.273417819
1609059322.379861832,1.941563325,-6.862912793,5.244976893
1609059322.429224014,1.940327079,-6.862157762,5.189747667
1609059322.472211838,1.940127698,-6.861570893,5.162197000
1609059322.519680023,1.939073431,-6.860663983,5.136006449
1609059322.572361946,1.938116516,-6.860240091,5.108654620
1609059322.621805906,1.937492721,-6.860374822,5.080166115
1609059322.674521923,1.936077388,-6.860252659,5.051610697
1609059322.721854925,1.931625317,-6.859711946,4.998491108
1609059322.772547960,1.929141775,-6.860036924,4.971132980
1609059322.821835995,1.926266729,-6.860245236,4.943614956
1609059322.872603893,1.923676026,-6.860340519,4.917619523
1609059322.929675817,1.920701823,-6.859962458,4.892041074
1609059322.981234789,1.915835530,-6.859739373,4.840979923
1609059323.026662827,1.912627927,-6.860160324,4.815741131
1609059323.078933001,1.909434577,-6.860072268,4.790161395
1609059323.128540993,1.906062409,-6.860442141,4.764843239
1609059323.180285931,1.902945463,-6.860582971,4.739817660
1609059323.228598833,1.897877799,-6.860715586,4.689187525
1609059323.278356791,1.895899118,-6.860451219,4.663090329
1609059323.327046871,1.893307852,-6.860038737,4.639571774
1609059323.378607988,1.891859554,-6.860213718,4.614466670
1609059323.428025007,1.889512243,-6.860442702,4.590107080
1609059323.474386930,1.888219602,-6.861101445,4.565972002
1609059323.528048992,1.885343403,-6.862500351,4.516674501
1609059323.578048944,1.883713610,-6.863651028,4.493039606
1609059323.628827810,1.882015758,-6.864861258,4.468969484
1609059323.680028915,1.880847994,-6.866236572,4.446282550
1609059323.729578972,1.878944421,-6.867426615,4.421900180
1609059323.780019999,1.876733245,-6.870619621,4.375352277
1609059323.827404976,1.876343917,-6.872021874,4.351449464
1609059323.878115892,1.875128628,-6.873579529,4.328012379
1609059323.927953005,1.875283654,-6.875478585,4.303343079
1609059323.979642868,1.874448721,-6.877291048,4.278355220
1609059324.029961824,1.873899771,-6.881343686,4.229534301
1609059324.078965902,1.873697622,-6.883548078,4.203878657
1609059324.120863914,1.873308434,-6.885599158,4.179687222
1609059324.177968979,1.873207502,-6.888033187,4.153387994
1609059324.227425814,1.873936993,-6.890161502,4.127634119
1609059324.283449888,1.874774495,-6.894965194,4.074644148
1609059324.327896833,1.875948990,-6.897159324,4.047634841
1609059324.377110958,1.876548579,-6.899651193,4.020531485
1609059324.428260803,1.877229126,-6.902224082,3.993014584
1609059324.479959965,1.878145855,-6.904794437,3.965690423
1609059324.523793936,1.878846823,-6.906785883,3.939142681
1609059324.571034908,1.879461138,-6.909260681,3.884791261
1609059324.627513885,1.879717392,-6.910134091,3.858423910
1609059324.678629875,1.880562490,-6.910696983,3.831113377
1609059324.727765799,1.882062579,-6.912293630,3.801855108
1609059324.780637980,1.883412978,-6.913748855,3.774416187
1609059324.829022884,1.883903240,-6.914810285,3.721809871
1609059324.878979921,1.884469602,-6.915577122,3.693221862
1609059324.924281836,1.884601220,-6.916093120,3.667199109
1609059324.972024918,1.884780943,-6.916281244,3.638521702
1609059325.021562815,1.884989888,-6.916502787,3.610027833
1609059325.075367928,1.884641586,-6.916055381,3.580864861
1609059325.122514009,1.884928800,-6.914402404,3.528084239
1609059325.172038794,1.885468948,-6.912540451,3.500900212
1609059325.222608805,1.886301518,-6.910619091,3.475458032
1609059325.271639824,1.887674053,-6.908361096,3.449854577
1609059325.324507952,1.888395763,-6.905579074,3.425243544
1609059325.372594833,1.890707171,-6.899242634,3.379006330
1609059325.470120907,1.894908869,-6.890406250,3.342709984
1609059325.520746946,1.898568516,-6.885224810,3.327447642
1609059325.588779926,1.907859599,-6.873396433,3.306683014
1609059325.634191990,1.913611196,-6.866511207,3.299617696
1609059325.678780794,1.921619664,-6.858562612,3.293436962
1609059325.772846937,1.938377254,-6.842639744,3.285455858
1609059325.837799788,1.960300349,-6.823755828,3.281874842
1609059325.884197950,1.972214213,-6.814689581,3.280750290
1609059325.926326990,1.984380470,-6.805077571,3.280345218
1609059325.977347851,1.999315744,-6.793441154,3.280306739
1609059326.029322863,2.015140446,-6.781860981,3.279740041
1609059326.079473972,2.029615438,-6.771579491,3.279866853
1609059326.127748966,2.066545590,-6.745533647,3.281053289
1609059326.176995993,2.086032809,-6.732470154,3.282111514
1609059326.227839947,2.105566595,-6.719654356,3.283002049
1609059326.278260946,2.127456506,-6.705754787,3.283663353
1609059326.328779936,2.151711283,-6.690690537,3.284437196
1609059326.380373001,2.173843419,-6.677376475,3.285337241
1609059326.427464008,2.197872438,-6.662687871,3.286164704
1609059326.518998861,2.277627202,-6.615067585,3.287100667
1609059326.571695805,2.304869572,-6.600381829,3.285905187
1609059326.635596991,2.365714441,-6.564795958,3.282683600
1609059326.684298992,2.392967200,-6.549166134,3.281141568
1609059326.728540897,2.423882805,-6.532239547,3.279255927
1609059326.777243853,2.454019897,-6.515362964,3.278127190
1609059326.826849937,2.484686429,-6.498090328,3.276586188
1609059326.879936934,2.517669875,-6.480356078,3.274717719
1609059326.931421995,2.582025206,-6.444995766,3.271347316
1609059326.979237795,2.615361662,-6.426558391,3.269742282
1609059327.027686834,2.648077287,-6.409178176,3.268063540
1609059327.080771923,2.681161423,-6.391292203,3.266357396
1609059327.129856825,2.715515008,-6.372158096,3.264650292
1609059327.180526972,2.782774958,-6.335851026,3.261232461
1609059327.226987839,2.813038809,-6.319585208,3.259593473
1609059327.277740955,2.843767140,-6.302702038,3.258409391
1609059327.329141855,2.875206838,-6.285481192,3.256748617
1609059327.380584955,2.905665620,-6.268475216,3.255380366
1609059327.430089951,2.963047401,-6.236968981,3.253125685
1609059327.478442907,2.991765189,-6.221387531,3.252363249
1609059327.528021812,3.017044457,-6.207475544,3.251510381
1609059327.578261852,3.043235883,-6.193133800,3.250933168
1609059327.626753807,3.068784322,-6.178935015,3.250315213
1609059327.680277824,3.093972732,-6.164280995,3.250224802
1609059327.727921963,3.136226721,-6.139928534,3.251657873
1609059327.781047821,3.157143826,-6.127419006,3.253735268
1609059327.828024864,3.176023518,-6.115462297,3.256552492
1609059327.880554914,3.192270887,-6.104941235,3.261195365
1609059327.929119825,3.208028790,-6.095196353,3.267649382
1609059327.980034828,3.237657663,-6.075926003,3.286656705
1609059328.029660940,3.250261172,-6.067537638,3.298315307
1609059328.079240799,3.261450836,-6.059991867,3.311899070
1609059328.128889799,3.273575322,-6.051446929,3.327896333
1609059328.181005955,3.284089555,-6.044427456,3.344571939
1609059328.229393005,3.302065438,-6.031861985,3.383058435
1609059328.278694868,3.310698876,-6.024928339,3.405412903
1609059328.329417944,3.318659931,-6.019100906,3.427767093
1609059328.378207922,3.325596401,-6.013634443,3.450813801
1609059328.429979801,3.332508660,-6.008606619,3.474562817
1609059328.479307890,3.345526435,-5.998712662,3.521782313
1609059328.529325962,3.351286275,-5.993989276,3.544999938
1609059328.577557802,3.357327521,-5.989367292,3.568421220
1609059328.628070831,3.363129472,-5.984540733,3.592486507
1609059328.678934813,3.368491526,-5.981375004,3.614284852
1609059328.727509975,3.379183707,-5.974306986,3.660504852
1609059328.778230906,3.383576125,-5.970243264,3.684539200
1609059328.828059912,3.387775137,-5.967374155,3.706506437
1609059328.879715919,3.392005728,-5.964657348,3.728893367
1609059328.928999901,3.396099410,-5.961590970,3.751586073
1609059328.980657816,3.403016241,-5.957004915,3.795694512
1609059329.028155804,3.406432793,-5.954691080,3.817205311
1609059329.079509020,3.409665710,-5.952691433,3.838016216
1609059329.128103018,3.412634912,-5.950294008,3.859363190
1609059329.181368828,3.415851607,-5.948300054,3.880914618
1609059329.228768826,3.420979866,-5.945276835,3.920308731
1609059329.279268980,3.423312769,-5.943680406,3.941704088
1609059329.327893019,3.425027514,-5.942057171,3.961893134
1609059329.377156019,3.426727467,-5.940833499,3.983064444
1609059329.428723812,3.428163484,-5.939690271,4.003777214
1609059329.479467869,3.430902167,-5.938301731,4.045577746
1609059329.527209997,3.431672682,-5.937339891,4.065075994
1609059329.576716900,3.432458726,-5.936780240,4.085517974
1609059329.625113964,3.432769578,-5.936569792,4.105775490
1609059329.672915936,3.432958746,-5.936610254,4.125798614
1609059329.722193003,3.432402227,-5.937351883,4.165310556
1609059329.772869825,3.431733003,-5.937867997,4.185236621
1609059329.821834803,3.430791862,-5.938580327,4.205203894
1609059329.872324944,3.429355947,-5.939429483,4.226049242
1609059329.921614885,3.427844836,-5.940276311,4.247250680
1609059329.974317789,3.426605889,-5.941889260,4.268024048
1609059330.022727966,3.422797650,-5.945908386,4.310010122
1609059330.071205854,3.420036361,-5.948478428,4.332583503
1609059330.127245903,3.416959214,-5.950160972,4.354285885
1609059330.181356907,3.414371483,-5.952185249,4.377615400
1609059330.228536844,3.408039629,-5.957784884,4.423720965
1609059330.278011799,3.404051353,-5.960252285,4.448198859
1609059330.327615023,3.400482296,-5.962872242,4.473093709
1609059330.377005816,3.395589591,-5.966616974,4.500873186
1609059330.428987980,3.391164509,-5.969322299,4.527046000
1609059330.479454994,3.381806515,-5.976494915,4.578146340
1609059330.527817965,3.377495277,-5.979937730,4.603532621
1609059330.576671839,3.372017320,-5.983181038,4.631286215
1609059330.628118992,3.366419539,-5.986680073,4.658342146
1609059330.679666996,3.360587383,-5.989880543,4.686739430
1609059330.728137970,3.350861640,-5.996447706,4.739936092
1609059330.779550791,3.345264510,-5.999972527,4.766921132
1609059330.829147816,3.340091401,-6.003526519,4.793351239
1609059330.879518986,3.335851004,-6.006704264,4.819011468
1609059330.928380013,3.331214588,-6.009896837,4.843779766
1609059330.980433941,3.321884964,-6.015805326,4.891709317
1609059331.027667999,3.317356031,-6.018337589,4.914725608
1609059331.077258825,3.313558175,-6.021091270,4.937143877
1609059331.127724886,3.309692702,-6.024142836,4.959893383
1609059331.180579901,3.306271349,-6.026415343,4.980545642
1609059331.228174925,3.299105213,-6.032255054,5.023745411
1609059331.279690981,3.296868371,-6.034803972,5.044597467
1609059331.327860832,3.294380840,-6.037565928,5.064228446
1609059331.379503012,3.291837664,-6.040087586,5.085357479
1609059331.429119825,3.289460008,-6.042585014,5.104630670
1609059331.480958939,3.285525040,-6.047099672,5.144699619
1609059331.527409792,3.283945919,-6.049466684,5.162707688
1609059331.579270840,3.282617667,-6.051495113,5.180261297
1609059331.628973961,3.281428902,-6.053635484,5.199899199
1609059331.680007935,3.280184669,-6.055984003,5.221233869
1609059331.728570938,3.279014762,-6.060530016,5.266150440
1609059331.781311989,3.278173777,-6.063258371,5.289554848
1609059331.870658875,3.276670954,-6.069677763,5.340193478
1609059331.938426971,3.275929897,-6.075659761,5.396450587
1609059331.985142946,3.275965935,-6.078911610,5.423870814
1609059332.029106855,3.275837824,-6.081826099,5.452929426
1609059332.079753876,3.275444536,-6.085144894,5.482182210
1609059332.127085924,3.274782089,-6.088565910,5.513939634
1609059332.181408882,3.275761254,-6.092299380,5.545147506
1609059332.228497982,3.278357316,-6.100066823,5.611096409
1609059332.279664993,3.278982475,-6.104435302,5.646138156
1609059332.328672886,3.280547008,-6.108180391,5.679808330
1609059332.378517866,3.281685493,-6.112304085,5.716765395
1609059332.429134846,3.282969787,-6.116113716,5.752150541
1609059332.480572939,3.286407059,-6.124637990,5.828432327
1609059332.529284954,3.288655786,-6.128106819,5.864615980
1609059332.578150988,3.291246965,-6.131557843,5.899396237
1609059332.628998995,3.293469687,-6.135457835,5.935497366
1609059332.679508924,3.296839356,-6.139707285,5.973237033
1609059332.728331804,3.299341421,-6.143082621,6.008289816
1609059332.779385805,3.305542663,-6.149615815,6.084087493
1609059332.824579000,3.309081074,-6.152848109,6.119986204
1609059332.872007847,3.312518126,-6.155292963,6.157374511
1609059332.924402952,3.316861530,-6.157728801,6.194848407
1609059332.975250959,3.326259667,-6.163026300,6.269264706
1609059333.021770954,3.329782595,-6.165129840,6.303874780
1609059333.073398829,3.334467068,-6.168100336,6.339919348
1609059333.128225803,3.338940950,-6.169301394,6.376638508
1609059333.182533979,3.348993038,-6.172363561,6.450081951
1609059333.228043795,3.354231870,-6.174195512,6.487647848
1609059333.282272816,3.359488372,-6.174555444,6.524166870
1609059333.327473879,3.364226606,-6.175637638,6.560414351
1609059333.377744913,3.370487706,-6.176068269,6.596264516
1609059333.432669878,3.380893596,-6.176573850,6.669795412
1609059333.480059862,3.386010425,-6.177994002,6.706274251
1609059333.530282974,3.390876773,-6.178947668,6.741171622
1609059333.580224991,3.395754488,-6.180911422,6.776569112
1609059333.627686977,3.399470909,-6.182468425,6.810572208
1609059333.684760809,3.407437176,-6.185453987,6.880770220
1609059333.728109837,3.411380852,-6.187640749,6.913395646
1609059333.779166937,3.414685660,-6.189775801,6.946944821
1609059333.827425957,3.418066590,-6.192155036,6.979955502
1609059333.880329847,3.421003011,-6.194858918,7.013086277
1609059333.929035902,3.426880649,-6.199616245,7.079833185
1609059333.978634834,3.430316532,-6.202206168,7.114925013
1609059334.028177977,3.432818621,-6.204887887,7.145473926
1609059334.083036900,3.435690489,-6.208305342,7.179063519
1609059334.120929956,3.437051134,-6.210889765,7.210976248
1609059334.173035860,3.438947888,-6.214755699,7.244808789
1609059334.222359896,3.442234956,-6.222137143,7.304556299
1609059334.271904945,3.443808108,-6.226040473,7.335063352
1609059334.322712898,3.445791952,-6.229905755,7.363605317
1609059334.372146845,3.447170391,-6.233623460,7.394112757
1609059334.427112818,3.451402237,-6.240702403,7.449017902
1609059334.472434998,3.453322241,-6.244312236,7.477612036
1609059334.521437883,3.455240823,-6.248159262,7.505758939
1609059334.573553801,3.457079722,-6.252606585,7.535138288
1609059334.622943878,3.458001500,-6.256061797,7.563310419
1609059334.675215960,3.459473594,-6.260213586,7.593215327
1609059334.729737997,3.462241535,-6.267676733,7.649484134
1609059334.777587891,3.463278479,-6.272206622,7.677728561
1609059334.827554941,3.462944008,-6.275926562,7.705421426
1609059334.879997015,3.462546630,-6.279821787,7.734391601
1609059334.930476904,3.462296330,-6.286709040,7.793343308
1609059334.978671789,3.462701237,-6.290543983,7.822192212
1609059335.028019905,3.462038674,-6.295065956,7.851116151
1609059335.079695940,3.461605790,-6.298967099,7.881422830
1609059335.128273964,3.459167169,-6.303408087,7.911665298
1609059335.182382822,3.455079006,-6.312982869,7.972492631
1609059335.227485895,3.452194956,-6.317918828,8.003874077
1609059335.279547930,3.449317467,-6.322244162,8.034286750
1609059335.328080893,3.445614228,-6.327179220,8.064852529
1609059335.381058931,3.441593802,-6.332211806,8.096778203
1609059335.430953979,3.434034678,-6.342369799,8.159233590
1609059335.479972839,3.429854142,-6.347568896,8.190116873
1609059335.529213905,3.426357749,-6.352749089,8.221152789
1609059335.585115910,3.421934936,-6.357784379,8.253997727
1609059335.629582882,3.418033287,-6.362921899,8.285761363
1609059335.680912018,3.410123631,-6.372633756,8.351133925
1609059335.728300810,3.407056119,-6.377031165,8.381533952
1609059335.777640820,3.402854972,-6.382554661,8.414306555
1609059335.829238892,3.399526013,-6.386807529,8.447337994
1609059335.881563902,3.395985232,-6.390838138,8.479489352
1609059335.929669857,3.388350906,-6.399257088,8.546879120
1609059335.980179787,3.385518723,-6.402874889,8.580008520
1609059336.028537989,3.382659092,-6.406302222,8.612470504
1609059336.081573009,3.379690015,-6.409861374,8.648848623
1609059336.128973961,3.377353882,-6.412534400,8.683060722
1609059336.180912018,3.372386317,-6.419388355,8.752652588
1609059336.228439808,3.370230208,-6.421551924,8.787175770
1609059336.279277802,3.368026315,-6.424801136,8.822198868
1609059336.329238892,3.366111327,-6.426572604,8.856496883
1609059336.382123947,3.364413026,-6.428604498,8.892523578
1609059336.429459810,3.361749471,-6.432289393,8.961478087
1609059336.480150938,3.360567109,-6.433902171,8.996273429
1609059336.528775930,3.359551014,-6.435447553,9.029001880
1609059336.580312014,3.358705521,-6.436360128,9.065872553
1609059336.627834797,3.357835580,-6.437477111,9.101044760
1609059336.680754900,3.356316714,-6.439643350,9.171886272
1609059336.727950811,3.355765271,-6.440953490,9.204244748
1609059336.779636860,3.354115095,-6.442153569,9.239618662
1609059336.829465866,3.352301460,-6.443482373,9.276886987
1609059336.880565882,3.350761048,-6.445059987,9.310277880
1609059336.929647923,3.347946649,-6.447729940,9.379970896
1609059336.980260849,3.346045795,-6.448966624,9.414735028
1609059337.028699875,3.344380180,-6.450478521,9.446974594
1609059337.079560995,3.342284929,-6.451976375,9.479929916
1609059337.127940893,3.339811855,-6.453529254,9.512952083
1609059337.181432009,3.335772534,-6.456995290,9.576098897
1609059337.228174925,3.332353337,-6.460058366,9.608116100
1609059337.278473854,3.329695702,-6.461494237,9.640560773
1609059337.328499794,3.325958781,-6.463556742,9.671172870
1609059337.377657890,3.322214793,-6.465532118,9.702164425
1609059337.429421902,3.318641268,-6.467509881,9.730678831
1609059337.480538845,3.312437873,-6.472532280,9.777711241
1609059337.527275801,3.309265245,-6.474046877,9.794984331
1609059337.576718807,3.306839527,-6.475776624,9.809281377
1609059337.627414942,3.304280430,-6.477188325,9.821062367
1609059337.681334019,3.301990658,-6.478461473,9.831157156
1609059337.730067015,3.298218721,-6.480623891,9.845420925
1609059337.778505802,3.296313055,-6.481515666,9.850141913
1609059337.827652931,3.295623472,-6.481857942,9.853713721
1609059337.876111984,3.295976182,-6.481378484,9.855795419
1609059337.928955793,3.296874888,-6.480693264,9.856867322
1609059337.982553959,3.300784370,-6.478301485,9.858329850
1609059338.023652792,3.303876480,-6.476437124,9.858990128
1609059338.078408957,3.308376637,-6.473358090,9.859594343
1609059338.128170013,3.313915682,-6.469554552,9.860324731
1609059338.179765940,3.319714192,-6.466075044,9.861060821
1609059338.229282856,3.335360815,-6.455354269,9.863503890
1609059338.277702808,3.345718308,-6.448125299,9.865934806
1609059338.328377962,3.355008248,-6.441924771,9.867451492
1609059338.381254911,3.368510891,-6.433013993,9.869982871
1609059338.428394794,3.381976149,-6.424085258,9.873062129
1609059338.478971958,3.412301791,-6.404632495,9.880493433
1609059338.528524876,3.427240474,-6.395216731,9.883695485
1609059338.578372002,3.445480024,-6.382584648,9.888848396
1609059338.630245924,3.464787225,-6.368941107,9.894989134
1609059338.680562019,3.484096275,-6.355883279,9.901406065
1609059338.729610920,3.527029853,-6.326820707,9.914933607
1609059338.779615879,3.549705865,-6.310433046,9.921891196
1609059338.871899843,3.594977942,-6.279018975,9.935021014
1609059338.937594891,3.648991224,-6.239646973,9.948281400
1609059338.986104965,3.672549112,-6.222422299,9.952923499
1609059339.027437925,3.697913172,-6.204043988,9.957452291
1609059339.080703020,3.726027327,-6.183678946,9.961493478
1609059339.128566980,3.754069959,-6.163326215,9.965445335
1609059339.181267023,3.783104353,-6.142311641,9.968566966
1609059339.229384899,3.842140368,-6.099463145,9.972213299
1609059339.280447960,3.872182340,-6.077473046,9.973122714
1609059339.328231812,3.902891758,-6.055107339,9.974257302
1609059339.380087852,3.935072101,-6.032008662,9.974551107
1609059339.427322865,3.966992751,-6.008978260,9.974664985
1609059339.482347012,4.034388963,-5.960900506,9.973818165
1609059339.528927803,4.065465016,-5.938946205,9.972469512
1609059339.581252813,4.100751788,-5.914247001,9.970014968
1609059339.627689838,4.136168365,-5.889870251,9.967341937
1609059339.680293798,4.170884917,-5.865049899,9.965088243
1609059339.729024887,4.206467167,-5.839801115,9.961750900
1609059339.781620979,4.283073352,-5.787046874,9.954828358
1609059339.830199957,4.317742846,-5.763401667,9.951750933
1609059339.879698992,4.352909765,-5.739912130,9.948160414
1609059339.928803921,4.391057649,-5.714289832,9.944528627
1609059339.983779907,4.466512186,-5.664300763,9.936911932
1609059340.028927803,4.504208157,-5.639356460,9.933068835
1609059340.080604792,4.545946498,-5.612130239,9.928305626
1609059340.128949881,4.582694029,-5.587942502,9.924384538
1609059340.180959940,4.623071524,-5.561997325,9.920003318
1609059340.230903864,4.699494324,-5.513127679,9.913552572
1609059340.279642820,4.737995427,-5.489072633,9.910907579
1609059340.329441786,4.777598923,-5.464073792,9.908756828
1609059340.380570889,4.818261740,-5.438682451,9.906686198
1609059340.428702831,4.855691019,-5.415678567,9.904687676
1609059340.486553907,4.933458978,-5.367990040,9.901060757
1609059340.529322863,4.968424436,-5.346696437,9.899682613
1609059340.578112841,5.006646704,-5.323396489,9.898053987
1609059340.628976822,5.042865180,-5.301296637,9.896711035
1609059340.680794954,5.079364308,-5.279334879,9.895389846
1609059340.730284929,5.144795741,-5.240063254,9.892934473
1609059340.779918909,5.178351715,-5.219506873,9.891629444
1609059340.828408003,5.210566230,-5.199626015,9.890766513
1609059340.880379915,5.245098789,-5.178263762,9.889649650
1609059340.929765940,5.275850279,-5.159423209,9.888160948
1609059340.982734919,5.331973245,-5.125329679,9.884594914
1609059341.029166937,5.357579275,-5.108912833,9.881788619
1609059341.080001831,5.383760723,-5.092374771,9.877603397
1609059341.128740788,5.407495016,-5.076790635,9.873160966
1609059341.182638884,5.430691063,-5.061794821,9.867708697
1609059341.229146957,5.472791307,-5.034621235,9.855722753
1609059341.280704975,5.492241725,-5.021955249,9.848838931
1609059341.372074842,5.528520605,-4.997429865,9.832288972
1609059341.443707943,5.558126880,-4.975571248,9.813983325
1609059341.487895012,5.570284672,-4.966140484,9.805601044
1609059341.531975985,5.583186111,-4.956234078,9.796168240
1609059341.578247786,5.594015401,-4.947649241,9.785971429
1609059341.627863884,5.602980073,-4.939818811,9.775581412
1609059341.681617022,5.612308324,-4.931617995,9.763800590
1609059341.730319023,5.627294926,-4.917992137,9.739629666
1609059341.781708002,5.633912244,-4.911189337,9.725516442
1609059341.827852964,5.639889819,-4.905325364,9.712393021
1609059341.879568815,5.644821704,-4.899683335,9.699487003
1609059341.929286957,5.648405512,-4.894750768,9.686264379
1609059341.980249882,5.654766308,-4.884982878,9.658173070
1609059342.029877901,5.656658194,-4.880539228,9.644880546
1609059342.081519842,5.658357726,-4.876319739,9.630203317
1609059342.128701925,5.659615987,-4.872390706,9.616597387
1609059342.181519985,5.661912153,-4.865999724,9.586959919
1609059342.226773977,5.661950915,-4.863309146,9.572001772
1609059342.279611826,5.662169640,-4.860365568,9.556038339
1609059342.327528000,5.661724731,-4.858284918,9.540221110
1609059342.381314993,5.661710568,-4.856685096,9.524032790
1609059342.428735971,5.661432247,-4.854957010,9.491123826
1609059342.479326010,5.660822888,-4.854048438,9.474088790
1609059342.519922972,5.659675458,-4.853654034,9.457636230
1609059342.573859930,5.658427093,-4.853444882,9.439074607
1609059342.622998953,5.657553909,-4.853486691,9.422352375
1609059342.673497915,5.656541000,-4.853369505,9.404242938
1609059342.724050999,5.654452419,-4.853760603,9.367509979
1609059342.771608829,5.653100980,-4.854257619,9.348355838
1609059342.829765797,5.651293652,-4.855010925,9.328266602
1609059342.880443811,5.650268330,-4.856439694,9.307010010
1609059342.928855896,5.649280036,-4.857092977,9.287602815
1609059342.980854988,5.647853246,-4.859503584,9.248654527
1609059343.028326988,5.646675574,-4.860525447,9.229366979
1609059343.080110788,5.645560985,-4.862075607,9.208520812
1609059343.129384995,5.644548621,-4.863018488,9.188217533
1609059343.181038857,5.641339321,-4.864934949,9.143185057
1609059343.229450941,5.640537292,-4.866321831,9.119711080
1609059343.280072927,5.639961459,-4.867448247,9.096291234
1609059343.327603817,5.640880977,-4.867643018,9.072251354
1609059343.381517887,5.638439154,-4.869789147,9.049695653
1609059343.428387880,5.637837059,-4.871150409,8.999040296
1609059343.480392933,5.637229492,-4.870732153,8.976849968
1609059343.527694941,5.636726599,-4.871201691,8.953119986
1609059343.578781843,5.636552776,-4.871450958,8.928485158
1609059343.630511999,5.636921737,-4.871225114,8.903283293
1609059343.680728912,5.636933750,-4.870102082,8.853455568
1609059343.728276014,5.637088591,-4.869524302,8.829434678
1609059343.780932903,5.637596679,-4.868911236,8.805643495
1609059343.828574896,5.638032494,-4.868544552,8.781374410
1609059343.885751963,5.639723972,-4.866678684,8.734682592
1609059343.929582834,5.640883733,-4.865739308,8.711907353
1609059343.981819868,5.642085348,-4.865052900,8.689431787
1609059344.029590845,5.643566591,-4.864470115,8.665623059
1609059344.082659006,5.644291685,-4.863993512,8.641532007
1609059344.129732847,5.645896857,-4.862673037,8.594892903
1609059344.180185795,5.646635841,-4.861818862,8.570651560
1609059344.228575945,5.647264724,-4.861363658,8.544965379
1609059344.281291962,5.648720859,-4.859974401,8.517218765
1609059344.329952002,5.648999551,-4.859497788,8.491974617
1609059344.381458998,5.647571051,-4.859940127,8.439357414
1609059344.427951813,5.646985091,-4.860056304,8.415767263
1609059344.480230808,5.646157165,-4.860398775,8.393311136
1609059344.530342817,5.645339890,-4.861128299,8.369901631
1609059344.633353949,5.641898486,-4.863613331,8.299562095
1609059344.682211876,5.639903099,-4.865415967,8.275520367
1609059344.729551792,5.637840339,-4.866958292,8.253865683
1609059344.778561831,5.635950502,-4.868675563,8.232799013
1609059344.829025984,5.634097457,-4.870669132,8.212275675
1609059344.881208897,5.629349380,-4.875437981,8.171342295
1609059344.928682804,5.627168639,-4.877728398,8.153510207
1609059344.981667995,5.624733008,-4.880121686,8.136779734
1609059345.027860880,5.621975946,-4.882923034,8.121109603
1609059345.082811832,5.617105617,-4.888049240,8.092498260
1609059345.128526926,5.613834938,-4.890695582,8.079924209
1609059345.178084850,5.610860858,-4.893376889,8.067747116
1609059345.228143930,5.607347869,-4.896451730,8.056368533
1609059345.279568911,5.604362470,-4.899644339,8.044518527
1609059345.331435919,5.599008703,-4.905273400,8.024528465
1609059345.378528833,5.595771487,-4.908125728,8.014553578
1609059345.428202868,5.592568127,-4.910355026,8.003924934
1609059345.482314825,5.589896949,-4.911881261,7.992991729
1609059345.529508829,5.586211357,-4.913043587,7.982071388
1609059345.581362963,5.578996573,-4.913960288,7.958893600
1609059345.628991842,5.575165633,-4.913664950,7.949344531
1609059345.679715872,5.571207994,-4.913390328,7.939643052
1609059345.729143858,5.565866433,-4.912896557,7.930161739
1609059345.781116962,5.561121786,-4.911397042,7.921005846
1609059345.828496933,5.551056308,-4.906584439,7.899503945
1609059345.877007961,5.545534822,-4.902936594,7.886461570
1609059345.929027796,5.540189121,-4.898816571,7.874002081
1609059345.978796005,5.533959908,-4.894637696,7.860921436
1609059346.031554937,5.527317730,-4.889449745,7.847591122
1609059346.080842018,5.511985915,-4.875858312,7.821551391
1609059346.129436970,5.503947163,-4.868820967,7.809988576
1609059346.179529905,5.496485040,-4.861529294,7.799674304
1609059346.228428841,5.487852109,-4.852959729,7.788487668
1609059346.286577940,5.469111322,-4.833192311,7.769841032
1609059346.328297853,5.458830256,-4.823323222,7.760059776
1609059346.377199888,5.448510510,-4.813243593,7.751742234
1609059346.430480003,5.436283163,-4.801334907,7.744677137
1609059346.480819941,5.425870470,-4.789739786,7.738326205
1609059346.529620886,5.404556264,-4.764877817,7.727659866
1609059346.581676006,5.393777440,-4.750634009,7.723096462
1609059346.627717018,5.381897108,-4.737340176,7.719722172
1609059346.678169966,5.369158127,-4.723097827,7.716613978
1609059346.729857922,5.355927184,-4.711028443,7.714153541
1609059346.780159950,5.331923081,-4.681804314,7.709592774
1609059346.828661919,5.331923252,-4.681805761,7.709589053
1609059346.879583836,5.306947559,-4.653162799,7.705115977
1609059346.928133965,5.293993336,-4.638340823,7.703736925
1609059346.980723858,5.280519173,-4.623445140,7.703326399
1609059347.029417992,5.253550983,-4.592314275,7.701852236
1609059347.081336975,5.239657406,-4.575922829,7.700263737
1609059347.128659964,5.226135338,-4.559732963,7.699137418
1609059347.179277897,5.210682100,-4.543418884,7.698840460
1609059347.230808973,5.195870054,-4.526724712,7.698186480
1609059347.281117916,5.165423017,-4.492791930,7.695233125
1609059347.330511808,5.150688262,-4.476197406,7.694238321
1609059347.380572796,5.135362712,-4.459589155,7.692672537
1609059347.427179813,5.119691657,-4.442120244,7.691901581
1609059347.482059956,5.086501811,-4.407211476,7.688898309
1609059347.529479980,5.070648488,-4.389681248,7.687665046
1609059347.579116821,5.053872362,-4.372215282,7.685878977
1609059347.627810955,5.037743125,-4.354653477,7.684855254
1609059347.689353943,5.002542824,-4.319442222,7.681491021
1609059347.732564926,4.984438833,-4.302472094,7.679969235
1609059347.780002832,4.968158280,-4.284654263,7.677696562
1609059347.828442812,4.949352017,-4.268485918,7.675633485
1609059347.881536007,4.933081406,-4.249516840,7.673105043
1609059347.929597855,4.916556404,-4.231470516,7.671173103
1609059347.981820822,4.883023028,-4.197497519,7.666889394
1609059348.028699875,4.866688158,-4.180313697,7.664719040
1609059348.078769922,4.849336910,-4.164191450,7.662465682
1609059348.127973795,4.832905508,-4.147537904,7.660082529
1609059348.181664944,4.816689133,-4.130448154,7.658127341
1609059348.230129004,4.801286531,-4.113555811,7.656571695
1609059348.280624866,4.770455323,-4.081100144,7.652110875
1609059348.328280926,4.754651441,-4.064315273,7.650934724
1609059348.378348827,4.740040789,-4.048174220,7.648780196
1609059348.428713799,4.724689914,-4.031691749,7.645552180
1609059348.480794907,4.709753134,-4.014397437,7.640900504
1609059348.528823853,4.681081578,-3.980278718,7.630413475
1609059348.578163862,4.667013119,-3.963095411,7.625056316
1609059348.628541946,4.652682716,-3.944706580,7.619680247
1609059348.680444956,4.638476624,-3.926013608,7.613932392
1609059348.728945017,4.624109966,-3.905957731,7.607776506
1609059348.781817913,4.596418471,-3.866322987,7.596354651
1609059348.827682018,4.582882200,-3.845972450,7.590849732
1609059348.881750822,4.569728927,-3.825746764,7.585361374
1609059348.930157900,4.556664947,-3.804996969,7.580094755
1609059348.980806828,4.531335337,-3.762319789,7.567192645
1609059349.029798985,4.518485601,-3.740554892,7.559460037
1609059349.079928875,4.505921142,-3.717558922,7.551526850
1609059349.129503012,4.493975084,-3.694791687,7.544217569
1609059349.181833982,4.480867235,-3.671297693,7.536821458
1609059349.229468822,4.454879510,-3.621780158,7.522644056
1609059349.281112909,4.443443332,-3.596451381,7.516512496
1609059349.328598022,4.430853271,-3.571652818,7.509969764
1609059349.378961802,4.421288350,-3.546666171,7.504995421
1609059349.429722786,4.409992398,-3.520673589,7.499358803
1609059349.479598999,4.387466328,-3.469252358,7.488457218
1609059349.529310942,4.377523144,-3.444399195,7.484384157
1609059349.578909874,4.367168355,-3.419288497,7.480053056
1609059349.629405975,4.357746073,-3.394323212,7.476064464
1609059349.682868004,4.336853920,-3.343501617,7.469196969
1609059349.728621960,4.328078307,-3.318901082,7.466711873
1609059349.778072834,4.318974459,-3.294769937,7.465140285
1609059349.827941895,4.311455735,-3.270859861,7.463319706
1609059349.880617857,4.301190690,-3.246222435,7.462057482
1609059349.930355787,4.282295865,-3.195368228,7.460273346
1609059349.977391005,4.273561626,-3.173175482,7.460183055
1609059350.030114889,4.264128176,-3.150364854,7.459319006
1609059350.080788851,4.254919307,-3.126809706,7.457779528
1609059350.131228924,4.245313437,-3.104247917,7.455958147
1609059350.183221817,4.225997359,-3.058630257,7.450920767
1609059350.229000807,4.217056365,-3.036826279,7.448353835
1609059350.280792952,4.205895947,-3.014089631,7.445705617
1609059350.329141855,4.195102084,-2.992142962,7.443630229
1609059350.381936789,4.184470091,-2.969208878,7.441583916
1609059350.430833817,4.161954438,-2.923797494,7.435844319
1609059350.479637861,4.150255829,-2.899016080,7.432306764
1609059350.527886868,4.138156653,-2.876938407,7.429208192
1609059350.578629971,4.124806213,-2.850940772,7.426028411
1609059350.630558014,4.113492044,-2.827168670,7.423120384
1609059350.680588961,4.086985615,-2.777538505,7.415549324
1609059350.729230881,4.071578626,-2.752302624,7.412175579
1609059350.778599977,4.056931613,-2.728211290,7.409427792
1609059350.830256939,4.042524899,-2.702268242,7.406248381
1609059350.880550861,4.024835990,-2.675905428,7.402446971
1609059350.929250956,3.992732265,-2.621293144,7.395963528
1609059350.979897022,3.974818080,-2.593678255,7.392862631
1609059351.027230978,3.956891850,-2.565820178,7.389770709
1609059351.080586910,3.938070352,-2.535875484,7.387401459
1609059351.130380869,3.919112286,-2.507196602,7.384580446
1609059351.181375980,3.878792455,-2.447762811,7.379227106
1609059351.229760885,3.857929427,-2.417901459,7.377110731
1609059351.280694008,3.836106672,-2.386209983,7.375177822
1609059351.329087019,3.814276787,-2.356575355,7.374700118
1609059351.382036924,3.790398669,-2.324541886,7.373485845
1609059351.430451870,3.744608377,-2.260532389,7.372549574
1609059351.480190992,3.720939534,-2.227944636,7.371819791
1609059351.528757811,3.697245252,-2.195427666,7.371604478
1609059351.580639839,3.673470272,-2.160817083,7.370511067
1609059351.629083872,3.647481389,-2.127286580,7.370907441
1609059351.681999922,3.596204215,-2.058625676,7.371526803
1609059351.728562832,3.570333755,-2.023586908,7.372466794
1609059351.778494835,3.545280163,-1.990570209,7.373625591
1609059351.828879833,3.518798074,-1.955561461,7.374569626
1609059351.880478859,3.491697328,-1.920354092,7.376101630
1609059351.930088997,3.438143962,-1.847917200,7.379865593
1609059351.979937792,3.412135471,-1.812434962,7.381679181
1609059352.030632973,3.386161343,-1.777201126,7.382811928
1609059352.079885006,3.358694462,-1.741222357,7.384490097
1609059352.128886938,3.331768998,-1.704664848,7.386807912
1609059352.183900833,3.275426120,-1.630386034,7.390573696
1609059352.229058981,3.249078933,-1.595270780,7.392468953
1609059352.281955957,3.221941137,-1.557887048,7.393164514
1609059352.329605818,3.194237971,-1.521241210,7.393543076
1609059352.377753973,3.167227372,-1.485307395,7.393856441
1609059352.431535959,3.139966773,-1.448733092,7.393672538
1609059352.483098984,3.084240049,-1.372178609,7.392885482
1609059352.529613018,3.059100110,-1.337758792,7.393032769
1609059352.580186844,3.031557404,-1.300278425,7.392176957
1609059352.628849983,3.004538728,-1.264027767,7.391150472
1609059352.681679964,2.977868583,-1.228531920,7.389857508
1609059352.729863882,2.924358570,-1.155627120,7.385739627
1609059352.780401945,2.896615487,-1.117620989,7.383390777
1609059352.829897881,2.871042795,-1.082996831,7.380945338
1609059352.882190943,2.843652798,-1.045777448,7.378245145
1609059352.930410862,2.817087133,-1.009510114,7.375261360
1609059352.982013941,2.763839215,-0.936719193,7.369551711
1609059353.029171944,2.736788285,-0.899820759,7.367131521
1609059353.079737902,2.710210038,-0.863092832,7.363784797
1609059353.129216909,2.685792793,-0.829813299,7.362180278
1609059353.181103945,2.658061774,-0.793237454,7.360440641
1609059353.231853962,2.605415565,-0.721504244,7.355692628
1609059353.280196905,2.578887089,-0.685538933,7.354300420
1609059353.328747988,2.552165324,-0.649623221,7.352787243
1609059353.380259991,2.525022182,-0.611575129,7.351737529
1609059353.429687977,2.501001852,-0.577675842,7.350207322
1609059353.481449842,2.448608677,-0.505119220,7.347768122
1609059353.529984951,2.422844701,-0.469817187,7.347051938
1609059353.578552008,2.396514601,-0.432772416,7.346332564
1609059353.627152920,2.371022068,-0.395963011,7.345556827
1609059353.682235956,2.345263780,-0.358258013,7.344653627
1609059353.730799913,2.320019433,-0.322262580,7.344650119
1609059353.781401873,2.268173165,-0.248318197,7.344604418
1609059353.828550816,2.242240824,-0.211304959,7.343881176
1609059353.880149841,2.215214191,-0.171489494,7.344621329
1609059353.927691936,2.190725445,-0.134442384,7.345588806
1609059353.981356859,2.165486901,-0.095747376,7.345937649
1609059354.028908014,2.115591548,-0.018053359,7.346846263
1609059354.078193903,2.090163762,0.021816499,7.347061113
1609059354.128958941,2.064291296,0.062983537,7.347209602
1609059354.178538799,2.038093620,0.104930875,7.348061484
1609059354.229525805,2.014044618,0.143810097,7.349686933
1609059354.281327963,1.963024812,0.227023030,7.352686697
1609059354.328985929,1.937273417,0.269081896,7.354536274
1609059354.378844023,1.911946082,0.311342538,7.356214316
1609059354.428767920,1.886659253,0.353023581,7.358657695
1609059354.480553865,1.860430592,0.397150370,7.360289032
1609059354.531116962,1.809905052,0.483693571,7.364056014
1609059354.580492020,1.783518007,0.527987016,7.365474586
1609059354.626901865,1.757814059,0.571856387,7.366229372
1609059354.680745840,1.732678453,0.617254101,7.368209407
1609059354.729704857,1.706679466,0.661874737,7.370993294
1609059354.781098843,1.680784075,0.706420511,7.373758334
1609059354.830179930,1.631095069,0.794150586,7.377646870
1609059354.878391981,1.604679093,0.839084010,7.380438908
1609059354.928124905,1.577965375,0.884051059,7.382125221
1609059354.981894016,1.551597673,0.929120598,7.383495517
1609059355.028244019,1.526125655,0.972909536,7.387042013
1609059355.080424786,1.475514379,1.059825003,7.389894404
1609059355.128938913,1.449433829,1.102363223,7.390664036
1609059355.179634809,1.423978604,1.145148170,7.390649552
1609059355.227926016,1.397912298,1.188462507,7.390816251
1609059355.281733990,1.371606001,1.231360353,7.390235358
1609059355.331099987,1.319779624,1.314905383,7.389384726
1609059355.380464792,1.293555152,1.356284423,7.388959240
1609059355.427875996,1.266892680,1.397718882,7.388448677
1609059355.479633808,1.241692862,1.437540767,7.388088196
1609059355.528252840,1.214361363,1.477937160,7.388723931
1609059355.583414793,1.187937672,1.517177660,7.388627427
1609059355.629774809,1.133481358,1.596012886,7.387831521
1609059355.680444956,1.106805107,1.632587274,7.387313725
1609059355.729296923,1.080042083,1.669825313,7.386747922
1609059355.782131910,1.052016374,1.708493868,7.386248431
1609059355.828629017,1.025250231,1.744979104,7.387150709
1609059355.882250786,0.995900624,1.784629224,7.387355537
1609059355.928151846,0.940239522,1.856863772,7.387076631
1609059355.979050875,0.913680681,1.891105950,7.389064508
1609059356.047500849,0.856494315,1.963898937,7.390166141
1609059356.089595795,0.826367899,2.001104931,7.391682488
1609059356.134646893,0.798625702,2.036273594,7.392144588
1609059356.182233810,0.768231600,2.071283169,7.392439848
1609059356.228793859,0.737815134,2.109478622,7.395706463
1609059356.276540995,0.706524537,2.146281451,7.397610866
1609059356.327245951,0.675233103,2.180540050,7.400430450
1609059356.382437944,0.644968874,2.220112592,7.403174149
1609059356.429121971,0.583536622,2.293502937,7.411766528
1609059356.480865002,0.551852030,2.330695438,7.415767334
1609059356.528527975,0.520046980,2.368452292,7.419501806
1609059356.581372023,0.486977903,2.408467318,7.423984997
1609059356.628826857,0.453684670,2.449376658,7.429795870
1609059356.683691978,0.389294541,2.531050043,7.436753549
1609059356.728725910,0.356390403,2.573429507,7.440362170
1609059356.823799849,0.290605273,2.660064401,7.447715963
1609059356.890565872,0.224850453,2.749407483,7.455514669
1609059356.937069893,0.194276968,2.791274738,7.460691506
1609059356.981302023,0.160647103,2.837278854,7.465734181
1609059357.028554916,0.127454548,2.881918203,7.472216747
1609059357.079891920,0.095012011,2.926924149,7.477222114
1609059357.128444910,0.062976104,2.972174726,7.482596018
1609059357.189283848,0.000378735,3.064943344,7.494111394
1609059357.233188868,-0.031249576,3.110501172,7.498193554
1609059357.279935837,-0.061266600,3.158700954,7.502697049
1609059357.328842878,-0.091824760,3.205024295,7.505526350
1609059357.378604889,-0.121339410,3.253068786,7.508580876
1609059357.429191828,-0.150289652,3.299102316,7.511944699
1609059357.483004808,-0.202659501,3.389170018,7.515921174
1609059357.528575897,-0.226796769,3.433267427,7.517809877
1609059357.580119848,-0.250425472,3.477651463,7.519982247
1609059357.628190994,-0.271103243,3.521539822,7.521587615
1609059357.680279970,-0.291017991,3.565958730,7.522551689
1609059357.729280949,-0.308872097,3.609445798,7.524180011
1609059357.780985832,-0.339799771,3.693351550,7.526326888
1609059357.828305960,-0.354346747,3.735882551,7.526805387
1609059357.878878832,-0.365049881,3.777437708,7.527286056
1609059357.929790974,-0.376011267,3.817818486,7.527713910
1609059357.978302002,-0.383747487,3.859384299,7.527688927
1609059358.031058788,-0.396899146,3.942347568,7.527155593
1609059358.087337017,-0.401597180,3.982829507,7.526967744
1609059358.128399849,-0.405615026,4.024747136,7.526887074
1609059358.177905798,-0.407352777,4.066877791,7.526798164
1609059358.228711843,-0.409150284,4.110690649,7.526382590
1609059358.281104803,-0.410660953,4.153206768,7.524793357
1609059358.330259800,-0.410087783,4.237078913,7.521321069
1609059358.380913019,-0.407233148,4.279941173,7.520778807
1609059358.428172827,-0.406831757,4.323763243,7.518931075
1609059358.480078936,-0.405465481,4.368561795,7.517549222
1609059358.545126915,-0.403795428,4.461433005,7.515128188
1609059358.588565826,-0.405881555,4.508377757,7.513324116
1609059358.638450861,-0.404664037,4.552464613,7.510992273
1609059358.684551954,-0.405846587,4.600791112,7.509995775
1609059358.729205847,-0.406006879,4.648761025,7.508996601
1609059358.778868914,-0.409189887,4.696337951,7.507389273
1609059358.829372883,-0.411424542,4.745111412,7.505827299
1609059358.883170843,-0.417153726,4.841172761,7.503409718
1609059358.929605961,-0.422909614,4.888497576,7.500877673
1609059358.982153893,-0.428845027,4.936537343,7.499531725
1609059359.029500008,-0.433450413,4.985021626,7.497774986
1609059359.081405878,-0.438954309,5.033208302,7.496131840
1609059359.130883932,-0.446625145,5.080661880,7.494550523
1609059359.182873011,-0.460647675,5.177961340,7.491115009
1609059359.228504896,-0.468732218,5.224699047,7.490162148
1609059359.279467821,-0.478957006,5.271642687,7.488677427
1609059359.328904867,-0.487191310,5.318806276,7.487510755
1609059359.381688833,-0.495583282,5.364476353,7.485760159
1609059359.428966999,-0.515681049,5.454623108,7.482356894
1609059359.480714798,-0.525456822,5.496296303,7.480298302
1609059359.529717922,-0.534205202,5.541579231,7.477702371
1609059359.578423977,-0.546092990,5.584301651,7.475444510
1609059359.629109859,-0.555931761,5.627181873,7.473177389
1609059359.687353849,-0.576519913,5.712318494,7.468495653
1609059359.734246969,-0.587998106,5.752981950,7.466696466
1609059359.778277874,-0.599185873,5.793740685,7.465462251
1609059359.829141855,-0.610445723,5.835152877,7.464570349
1609059359.880316019,-0.623362997,5.874231017,7.462065560
1609059359.929687023,-0.634341635,5.914354342,7.459106773
1609059359.982227802,-0.646534549,5.954284347,7.456385117
1609059360.031510830,-0.671576122,6.032202639,7.450249712
1609059360.079686880,-0.684415188,6.067396240,7.447569670
1609059360.129021883,-0.697914617,6.104937479,7.443570380
1609059360.190986872,-0.726893753,6.179598559,7.438294308
1609059360.236264944,-0.742685478,6.217769679,7.434646257
1609059360.288007021,-0.759455158,6.251437874,7.430825935
1609059360.333725929,-0.774853852,6.290187118,7.427115629
1609059360.379175901,-0.792016046,6.327498495,7.422976067
1609059360.428728819,-0.810351567,6.365250305,7.419493634
1609059360.481323957,-0.826937903,6.402548901,7.415780406
1609059360.530743837,-0.845083906,6.440135197,7.411756270
1609059360.581534863,-0.883349284,6.513411615,7.404638030
1609059360.629561901,-0.903785283,6.550383447,7.401224033
1609059360.680251837,-0.924423736,6.585572759,7.397487640
1609059360.728186846,-0.945725287,6.621088196,7.393774190
1609059360.782058001,-0.966770840,6.656414093,7.390122396
1609059360.830611944,-1.010738707,6.724410959,7.383836640
1609059360.880517960,-1.034091002,6.759165255,7.381400064
1609059360.929938793,-1.057195190,6.793497002,7.379071201
1609059360.980684996,-1.080126844,6.827059133,7.377479732
1609059361.029848814,-1.105310865,6.862787210,7.375194400
1609059361.081674814,-1.130025716,6.894954198,7.373363605
1609059361.130759954,-1.154181568,6.926073053,7.371742699
1609059361.180706978,-1.206572633,6.990185803,7.365630110
1609059361.229103804,-1.231439068,7.023946389,7.361719776
1609059361.278275967,-1.256354589,7.057011241,7.358013398
1609059361.330156803,-1.283182510,7.088345696,7.354008658
1609059361.381876945,-1.311153772,7.119928122,7.350362605
1609059361.429862022,-1.340481064,7.152119410,7.346684592
1609059361.482358932,-1.397854936,7.215504240,7.338196452
1609059361.528419971,-1.426963797,7.246318210,7.333052664
1609059361.579236984,-1.457284947,7.278258911,7.329819516
1609059361.627831936,-1.488051857,7.309032108,7.324294567
1609059361.682565928,-1.519550404,7.339575827,7.320820308
1609059361.729168892,-1.551210381,7.369796145,7.316570274
1609059361.782715797,-1.613932336,7.432344563,7.310863150
1609059361.827944994,-1.647552541,7.462427772,7.307004690
1609059361.883099794,-1.680528279,7.492485797,7.303815550
1609059361.929704905,-1.714189793,7.523096099,7.300672645
1609059361.981997013,-1.748092461,7.553675903,7.298393030
1609059362.031104803,-1.815624336,7.611815894,7.292446908
1609059362.081736803,-1.849912906,7.642662503,7.289029636
1609059362.129146814,-1.885589985,7.671614894,7.285369617
1609059362.178505898,-1.921760653,7.701528189,7.281083536
1609059362.227933884,-1.957234133,7.731898092,7.277778288
1609059362.282092810,-1.992126386,7.762164831,7.275434028
1609059362.331470966,-2.064120163,7.819395254,7.270801720
1609059362.378913879,-2.099404379,7.846969152,7.267991139
1609059362.427153826,-2.134723241,7.875960532,7.268179086
1609059362.501597881,-2.208799561,7.933999550,7.265669250
1609059362.540385962,-2.244860713,7.963157004,7.265602548
1609059362.585402966,-2.281218496,7.992378715,7.265592507
1609059362.629848003,-2.319059317,8.020399375,7.266345526
1609059362.679791927,-2.357030281,8.048951802,7.267600853
1609059362.729420900,-2.394705169,8.077707865,7.269402261
1609059362.780416965,-2.432955314,8.106800234,7.270265109
1609059362.829365969,-2.471828380,8.135809958,7.270963529
1609059362.880690813,-2.512446084,8.165830753,7.273155842
1609059362.930430889,-2.589259966,8.222643313,7.275316471
1609059362.978002787,-2.628805425,8.249678019,7.277579811
1609059363.028739929,-2.667790520,8.277933073,7.279534173
1609059363.080731869,-2.708212660,8.307110244,7.279803239
1609059363.130628824,-2.749420418,8.338056124,7.283031609
1609059363.182391882,-2.828252283,8.392401723,7.284484217
1609059363.228521824,-2.868715621,8.418401135,7.285398357
1609059363.280511856,-2.908505415,8.447044033,7.287370327
1609059363.329713821,-2.948888553,8.472599096,7.287035683
1609059363.382085800,-2.992098487,8.500226883,7.288853822
1609059363.430546999,-3.032573326,8.527848446,7.288844539
1609059363.501003981,-3.117702470,8.581794404,7.289464793
1609059363.539971828,-3.161331910,8.607066900,7.288343935
1609059363.585188866,-3.203040270,8.633415956,7.288092876
1609059363.629316807,-3.244855310,8.658684753,7.287753278
1609059363.681234837,-3.289427720,8.682584609,7.286660455
1609059363.729904890,-3.374896574,8.732537610,7.284427729
1609059363.780605793,-3.417998023,8.757570915,7.283797830
1609059363.829906940,-3.462839379,8.780496992,7.282711934
1609059363.880479813,-3.508939131,8.802823541,7.282008866
1609059363.930281878,-3.555948053,8.827192694,7.282073778
1609059363.983054876,-3.646526041,8.868250511,7.281512056
1609059364.030480862,-3.690597755,8.886437561,7.281303653
1609059364.079285860,-3.738415188,8.906157754,7.281781528
1609059364.128937960,-3.779692534,8.923078111,7.281230070
1609059364.182952881,-3.826746249,8.939248870,7.280501931
1609059364.231688023,-3.915593436,8.967458298,7.277688107
1609059364.279591799,-3.959469932,8.981936957,7.275590309
1609059364.329476833,-4.002663714,8.993483629,7.273316099
1609059364.401682854,-4.089314024,9.013949833,7.267226059
1609059364.442113876,-4.132262489,9.023874644,7.263640250
1609059364.487428904,-4.174874824,9.030784093,7.260424220
1609059364.574616909,-4.259429224,9.043062384,7.252887883
1609059364.622039795,-4.298794191,9.048404364,7.248103775
1609059364.695240021,-4.378474004,9.051409515,7.239534924
1609059364.736021996,-4.418724964,9.052100777,7.235009733
1609059364.784917831,-4.454218878,9.050991736,7.231386327
1609059364.829224825,-4.490069886,9.048373820,7.226351341
1609059364.881997824,-4.526653114,9.045880056,7.221396877
1609059364.930131912,-4.561261646,9.042150971,7.214880765
1609059364.981956005,-4.596777467,9.036872581,7.209062599
1609059365.031872988,-4.665717107,9.021279090,7.198574288
1609059365.081129789,-4.695929425,9.014548403,7.193288668
1609059365.129050970,-4.726873965,9.005924859,7.188828820
1609059365.180728912,-4.760221045,8.994100939,7.184983447
1609059365.229238987,-4.792451474,8.982504294,7.181598849
1609059365.283007860,-4.852786494,8.958805384,7.176246796
1609059365.329546928,-4.882210328,8.944864727,7.174867743
1609059365.382732868,-4.913544313,8.928829397,7.172931929
1609059365.430087805,-4.940910237,8.914156221,7.171692460
1609059365.480809927,-4.970444782,8.896229539,7.170836891
1609059365.529927969,-4.999473442,8.877827705,7.170728279
1609059365.582922935,-5.053138658,8.840340918,7.171475945
1609059365.630400896,-5.080142546,8.819856838,7.172655749
1609059365.680013895,-5.108450908,8.796827442,7.173821984
1609059365.729357958,-5.133533672,8.775131871,7.175988876
1609059365.782919884,-5.157190875,8.752838602,7.177961634
1609059365.830351830,-5.206399215,8.702694447,7.183510159
1609059365.878865004,-5.228010019,8.678042608,7.187492597
1609059365.930585861,-5.251099169,8.651879306,7.190712930
1609059365.978832006,-5.274501889,8.624735525,7.192646134
1609059366.028584957,-5.297716523,8.597315399,7.195483987
1609059366.082149982,-5.336198928,8.545217450,7.200472653
1609059366.128401995,-5.357288082,8.518534116,7.201863036
1609059366.179966927,-5.374848545,8.491126902,7.202241950
1609059366.227699995,-5.392766955,8.463451946,7.202649993
1609059366.278046846,-5.411465832,8.434807110,7.203881370
1609059366.329907894,-5.428877394,8.407425030,7.205156358
1609059366.380728960,-5.446034439,8.379070260,7.205089489
1609059366.428503990,-5.477319823,8.325211817,7.208254871
1609059366.478524923,-5.494504516,8.298119342,7.210347746
1609059366.529413939,-5.509645403,8.271783398,7.212766047
1609059366.579968929,-5.522380166,8.246768113,7.215245253
1609059366.634317875,-5.552923368,8.195061711,7.220967578
1609059366.681114912,-5.566057499,8.170276558,7.223683898
1609059366.729732990,-5.577363412,8.147171100,7.226023069
1609059366.779182911,-5.590385232,8.122307572,7.228294870
1609059366.829010010,-5.603098838,8.097050367,7.228891460
1609059366.880530834,-5.613895396,8.073462536,7.229729021
1609059366.930212021,-5.624263441,8.049561107,7.230206860
1609059367.026132822,-5.655865403,7.977866230,7.231004322
1609059367.072398901,-5.664885421,7.954711026,7.230006082
1609059367.123178959,-5.675326404,7.930326649,7.227863141
1609059367.189945936,-5.690334054,7.885669631,7.223334822
1609059367.284029961,-5.707399731,7.837861105,7.217538175
1609059367.329356909,-5.714081831,7.814864751,7.214989268
1609059367.380930901,-5.720684290,7.791190509,7.211670719
1609059367.429453850,-5.728593610,7.767011319,7.208158573
1609059367.480165958,-5.735836659,7.742447769,7.203426230
1609059367.530956984,-5.741161934,7.719128377,7.199123822
1609059367.582362890,-5.752122962,7.671732886,7.189659254
1609059367.627595901,-5.758258431,7.646205536,7.184687772
1609059367.682190895,-5.762817277,7.623199621,7.181025597
1609059367.731040001,-5.767347366,7.599391064,7.177181336
1609059367.779766798,-5.772954109,7.574477332,7.173582548
1609059367.830159903,-5.779560184,7.548816047,7.170402516
1609059367.881932974,-5.791678910,7.497977278,7.164857410
1609059367.930073023,-5.799525416,7.470360842,7.162149269
1609059367.978648901,-5.807000218,7.442984595,7.159386090
1609059368.032410860,-5.813765846,7.416539222,7.156779112
1609059368.083222866,-5.821497568,7.388666488,7.153935714
1609059368.130263805,-5.831229781,7.359499335,7.150429436
1609059368.181942940,-5.851060520,7.300074461,7.144751800
1609059368.229187965,-5.860840071,7.270506170,7.142390626
1609059368.280715942,-5.872661706,7.239331703,7.139316558
1609059368.328316927,-5.883916283,7.207896213,7.137062308
1609059368.381452799,-5.895373341,7.175317213,7.133668083
1609059368.429659843,-5.907504785,7.145449491,7.130853508
1609059368.484959841,-5.934372816,7.081231206,7.124191680
1609059368.529289007,-5.947569228,7.049580636,7.120871349
1609059368.581177950,-5.962350709,7.016885940,7.117675209
1609059368.628732920,-5.976407086,6.985057524,7.114378489
1609059368.691779852,-6.003883784,6.923411583,7.108493630
1609059368.735658884,-6.018255247,6.891158341,7.105713167
1609059368.781981945,-6.032746189,6.860390095,7.102270695
1609059368.830304861,-6.046904315,6.828413800,7.099209086
1609059368.880290985,-6.061273163,6.795744944,7.094871444
1609059368.930930853,-6.076914068,6.762944615,7.089519585
1609059368.982709885,-6.104039835,6.701916912,7.079620429
1609059369.030067921,-6.116467160,6.673213488,7.074100251
1609059369.078290939,-6.132355607,6.640347922,7.067399375
1609059369.129934788,-6.147021051,6.607335008,7.061532976
1609059369.181314945,-6.158924439,6.577179360,7.056141737
1609059369.232330799,-6.171833509,6.546695015,7.050569727
1609059369.281824827,-6.185095564,6.514856624,7.044919951
1609059369.330578804,-6.210016332,6.453830548,7.034342007
1609059369.381053925,-6.221186455,6.424512486,7.029008864
1609059369.429557800,-6.232766503,6.395897137,7.023258579
1609059369.479022980,-6.242507898,6.368148545,7.017496087
1609059369.532014847,-6.252341562,6.340446569,7.010901424
1609059369.583663940,-6.273085183,6.280267278,6.998616564
1609059369.629957914,-6.282239926,6.251693667,6.993638322
1609059369.685323954,-6.288391407,6.226385289,6.990125896
1609059369.729190826,-6.296152701,6.198870403,6.986063664
1609059369.783140898,-6.303790618,6.172537569,6.982210070
1609059369.829687834,-6.317742519,6.115917473,6.975834732
1609059369.878208876,-6.324473476,6.087436939,6.972189480
1609059369.928816795,-6.330994338,6.060206197,6.968317542
1609059369.979568958,-6.337120521,6.032372370,6.963652994
1609059370.032377005,-6.342022628,6.005331620,6.958516436
1609059370.080756903,-6.355073264,5.942517884,6.943523125
1609059370.129436970,-6.359369315,5.912788664,6.936769368
1609059370.181671858,-6.363644011,5.882473209,6.929390325
1609059370.229338884,-6.367168393,5.852889286,6.922113939
1609059370.281215906,-6.372392845,5.822229421,6.914461068
1609059370.330171824,-6.379756035,5.762297907,6.898539362
1609059370.380770922,-6.383163626,5.730376868,6.890428971
1609059370.429207802,-6.387515470,5.697345014,6.882470943
1609059370.481228828,-6.391488515,5.666384877,6.874382215
1609059370.530344963,-6.394763711,5.633732745,6.865898032
1609059370.583414793,-6.402312689,5.566221941,6.848811283
1609059370.629175901,-6.405606875,5.534354679,6.839739454
1609059370.678387880,-6.407745981,5.500553135,6.829197888
1609059370.729935884,-6.410686174,5.466242496,6.817884568
1609059370.779198885,-6.414391376,5.431854726,6.805836046
1609059370.830822945,-6.416419168,5.398270932,6.793442665
1609059370.881297827,-6.420470042,5.330240590,6.766588779
1609059370.929793835,-6.423416098,5.296226294,6.753324115
1609059370.979605913,-6.424728133,5.264945585,6.740892245
1609059371.028272867,-6.425343623,5.232451946,6.727539112
1609059371.079186916,-6.426937226,5.201027353,6.715094947
1609059371.131436825,-6.428379193,5.137876011,6.687601302
1609059371.181123972,-6.428926925,5.106210636,6.672440513
1609059371.231517792,-6.430148319,5.073116658,6.656259286
1609059371.277908802,-6.431060107,5.041282866,6.640424801
1609059371.327440977,-6.430703011,5.010500495,6.623540446
1609059371.382517815,-6.428816181,4.981464223,6.609114459
1609059371.432121992,-6.428933053,4.920220632,6.577546492
1609059371.480956793,-6.426536698,4.890883008,6.561559582
1609059371.571678877,-6.423687484,4.831329805,6.528688636
1609059371.639572859,-6.417802409,4.774001593,6.494991405
1609059371.683530807,-6.415273189,4.744859889,6.475226734
1609059371.728747845,-6.412346824,4.715957977,6.456094601
1609059371.781067848,-6.408282664,4.688506247,6.436619180
1609059371.830399990,-6.403255586,4.661581830,6.418042130
1609059371.881692886,-6.399556244,4.633799753,6.398221978
1609059371.931206942,-6.396159934,4.606736600,6.378576614
1609059371.981809855,-6.386078883,4.551142336,6.339471677
1609059372.029247999,-6.380859023,4.523478338,6.320582043
1609059372.080756903,-6.376496257,4.496690191,6.300903985
1609059372.130612850,-6.370432806,4.469056604,6.281403783
1609059372.181698799,-6.364124931,4.440820139,6.261586066
1609059372.232365847,-6.352074196,4.382516017,6.222870110
1609059372.281213999,-6.345018095,4.353790287,6.202802462
1609059372.329633951,-6.338235370,4.323990606,6.182294893
1609059372.380998850,-6.332237570,4.292947833,6.162462070
1609059372.430871010,-6.325417050,4.263628942,6.145330656
1609059372.489283800,-6.310962977,4.201511105,6.109766894
1609059372.533990860,-6.304715401,4.169368389,6.093025870
1609059372.581282854,-6.296815278,4.137768420,6.076317765
1609059372.628760815,-6.288638617,4.106590496,6.061748650
1609059372.677514791,-6.281678950,4.073218218,6.046537414
1609059372.730530024,-6.274858590,4.039061529,6.032540769
1609059372.782335997,-6.267142548,4.005141627,6.018706602
1609059372.830762863,-6.252063273,3.936949013,5.995959292
1609059372.881160975,-6.244023097,3.902574624,5.985179813
1609059372.930176973,-6.235644308,3.867949405,5.973723437
1609059372.982290983,-6.227596387,3.833354502,5.962046439
1609059373.030491829,-6.220075156,3.798867242,5.949693665
1609059373.082283974,-6.212205161,3.764255257,5.937373919
1609059373.130685806,-6.194754200,3.695452929,5.910519832
1609059373.181391001,-6.187848497,3.662567645,5.896790703
1609059373.230582952,-6.178630462,3.630801187,5.882755192
1609059373.281490803,-6.169895129,3.599003049,5.866830922
1609059373.330137968,-6.161405730,3.566705467,5.848322031
1609059373.382015944,-6.152760732,3.535053448,5.828344857
1609059373.434861898,-6.134624580,3.477798700,5.785849757
1609059373.480238914,-6.125738896,3.448773571,5.762414987
1609059373.529574871,-6.116626851,3.421527360,5.738603140
1609059373.583730936,-6.106601337,3.395861423,5.715245273
1609059373.629452944,-6.097261553,3.369153616,5.689633343
1609059373.682298899,-6.087594122,3.342489213,5.665312159
1609059373.730372906,-6.067125329,3.295639250,5.616455467
1609059373.780983925,-6.056872142,3.272128253,5.590446292
1609059373.830415964,-6.046033157,3.249355525,5.564101984
1609059373.880913019,-6.034902660,3.227195823,5.538816638
1609059373.931602001,-6.024756400,3.206742980,5.512768064
1609059373.983100891,-6.002560096,3.166970467,5.465030489
1609059374.033049822,-5.991458361,3.147365076,5.439694402
1609059374.078467846,-5.979082509,3.128598207,5.414893097
1609059374.129354954,-5.967990281,3.109495900,5.391390013
1609059374.178792953,-5.955865725,3.091113693,5.367222861
1609059374.231830835,-5.944726457,3.072142210,5.344097748
1609059374.282627821,-5.920576853,3.033102773,5.299596332
1609059374.329816818,-5.908282425,3.015930713,5.280525079
1609059374.381625891,-5.897755836,2.995925175,5.260514824
1609059374.430282831,-5.884912353,2.976372190,5.238139180
1609059374.479915857,-5.873856621,2.956119361,5.217182538
1609059374.533365965,-5.850100909,2.916845050,5.176094752
1609059374.580916882,-5.838537075,2.895810787,5.156745560
1609059374.629359961,-5.826424239,2.875018176,5.138268981
1609059374.679891825,-5.814426539,2.853611947,5.119235846
1609059374.730605841,-5.802864162,2.831988574,5.101658610
1609059374.783293009,-5.790728179,2.810433250,5.084458065
1609059374.829716921,-5.779252648,2.788112304,5.068832008
1609059374.881639004,-5.757197306,2.742526169,5.038263110
1609059374.930676937,-5.745357348,2.719880242,5.023572510
1609059374.982502937,-5.735020813,2.695477690,5.010092557
1609059375.029817820,-5.723413905,2.672198602,4.998461780
1609059375.081770897,-5.712394062,2.648774529,4.987390480
1609059375.131093979,-5.700714453,2.624751986,4.976877650
1609059375.182906866,-5.679579357,2.574770115,4.954802670
1609059375.230024815,-5.669097202,2.547936829,4.943012653
1609059375.278006792,-5.659142464,2.522503882,4.931745920
1609059375.330101013,-5.648650655,2.497231613,4.919461059
1609059375.382568836,-5.639287474,2.470444702,4.905860356
1609059375.429857969,-5.618957936,2.418179613,4.878329396
1609059375.478950024,-5.609652860,2.392510972,4.864023796
1609059375.531021833,-5.600641534,2.365760267,4.849415968
1609059375.580254793,-5.591647626,2.339025605,4.833936436
1609059375.629956007,-5.582596404,2.311785453,4.818169425
1609059375.681622982,-5.573733862,2.286189905,4.804136931
1609059375.730397940,-5.556713020,2.232154560,4.774142121
1609059375.781216860,-5.548994766,2.205820269,4.760154823
1609059375.829651833,-5.539730570,2.180559056,4.745954926
1609059375.880281925,-5.532114918,2.152380541,4.729859013
1609059375.930444956,-5.524152152,2.125295350,4.714396099
1609059375.982014894,-5.506877401,2.071806551,4.683162997
1609059376.031445980,-5.498617830,2.044427968,4.666893485
1609059376.080101013,-5.490096144,2.016351764,4.650788650
1609059376.149894953,-5.471178003,1.961962873,4.620077775
1609059376.189429998,-5.461607470,1.933541385,4.604461729
1609059376.234812975,-5.452516897,1.906191129,4.588157972
1609059376.283350945,-5.441397280,1.880260112,4.574372872
1609059376.372013807,-5.420928605,1.823692254,4.541184268
1609059376.423889875,-5.409771772,1.795990691,4.524028227
1609059376.489905834,-5.387127162,1.740686592,4.490417237
1609059376.537865877,-5.375387461,1.712493305,4.473702301
1609059376.585697889,-5.362779922,1.685781700,4.458399531
1609059376.629335880,-5.349527655,1.658334848,4.443056821
1609059376.680696011,-5.336824727,1.630904081,4.427612015
1609059376.731102943,-5.323463085,1.603429503,4.411460331
1609059376.782919884,-5.309819288,1.577242060,4.397091117
1609059376.830233812,-5.296254383,1.549831664,4.381417794
1609059376.881361961,-5.268140944,1.497029075,4.351280103
1609059376.930219889,-5.253219104,1.469242354,4.335407834
1609059376.980885983,-5.238555917,1.442126268,4.320339685
1609059377.047700882,-5.207259457,1.386348792,4.287771672
1609059377.091799974,-5.191946627,1.357106404,4.270913214
1609059377.137273788,-5.175714641,1.329248741,4.254487561
1609059377.223701954,-5.143113234,1.270986211,4.218383142
1609059377.271607876,-5.126512785,1.241796898,4.200340923
1609059377.478878021,-5.037809824,1.087393646,4.108129412
1609059377.530489922,-5.019669628,1.056131400,4.089768621
1609059377.581205845,-5.000154403,1.023435307,4.070038016
1609059377.629757881,-4.981958822,0.991447992,4.050451758
1609059377.683079958,-4.962775334,0.958804169,4.031304681
1609059377.731666803,-4.921717487,0.890122534,3.989077568
1609059377.783173800,-4.902302331,0.856163442,3.966326375
1609059377.829386950,-4.881807879,0.821362163,3.941073640
1609059377.880931854,-4.860182955,0.785738162,3.916572904
1609059377.931841850,-4.840007495,0.750634888,3.891187074
1609059377.984641790,-4.794307686,0.678277466,3.840635085
1609059378.088975906,-4.750744180,0.609275485,3.790526415
1609059378.130051851,-4.728302193,0.573859042,3.765024757
1609059378.181963921,-4.705120601,0.538822683,3.739081850
1609059378.231806993,-4.682277250,0.503272553,3.712509379
1609059378.282115936,-4.633093822,0.431895288,3.657224130
1609059378.329268932,-4.607679835,0.397920263,3.632237430
1609059378.381685019,-4.584409157,0.362660702,3.606831177
1609059378.429966927,-4.557584971,0.328500161,3.580613669
1609059378.480695963,-4.531869592,0.294233617,3.554540930
1609059378.528966904,-4.478167601,0.226810778,3.504683062
1609059378.581761837,-4.450198189,0.192696046,3.481273176
1609059378.622385979,-4.421748468,0.159833774,3.457924929
1609059378.695879936,-4.361634592,0.093964534,3.416955690
1609059378.738008022,-4.331582949,0.062947675,3.398164637
1609059378.827543020,-4.271423403,0.002622825,3.362975628
1609059378.870334864,-4.240219371,-0.027341804,3.345622625
1609059378.919909954,-4.207073882,-0.057943996,3.329344406
1609059378.988065004,-4.143018985,-0.117146219,3.298066812
1609059379.036630869,-4.108259492,-0.147777369,3.283080168
1609059379.082198858,-4.077243228,-0.172737794,3.268390055
1609059379.129714966,-4.043415579,-0.201042649,3.253275728
1609059379.181183815,-4.009754988,-0.227837438,3.237849581
1609059379.229787827,-3.975077992,-0.256194334,3.222435765
1609059379.289270878,-3.907277145,-0.306833756,3.194062474
1609059379.333463907,-3.872638470,-0.332564912,3.180133085
1609059379.381474972,-3.837961385,-0.358616407,3.166682702
1609059379.428731918,-3.801479673,-0.382907257,3.152837632
1609059379.479882002,-3.764802134,-0.408331058,3.139564677
1609059379.530404806,-3.729076002,-0.433234665,3.125119266
1609059379.584922791,-3.654500830,-0.483399368,3.100627724
1609059379.630411863,-3.617331527,-0.507570809,3.087287841
1609059379.682716846,-3.582138638,-0.530751971,3.074010033
1609059379.729298830,-3.544806384,-0.553941142,3.061045678
1609059379.781112909,-3.506119149,-0.576828691,3.048384983
1609059379.830822945,-3.468470434,-0.599453605,3.034757017
1609059379.880920887,-3.387986723,-0.645088833,3.005254589
1609059379.929972887,-3.350810132,-0.664903886,2.992003515
1609059379.983066797,-3.311095808,-0.687410010,2.977681615
1609059380.045979977,-3.227082838,-0.731023962,2.946109524
1609059380.091128826,-3.185053833,-0.752242560,2.931519482
1609059380.138297796,-3.144488703,-0.773442675,2.916739507
1609059380.183318853,-3.102311878,-0.794374352,2.902087700
1609059380.229589939,-3.057119261,-0.813153648,2.885667920
1609059380.280475855,-3.014069210,-0.832972341,2.871348387
1609059380.328227997,-2.969705621,-0.852906826,2.854566838
1609059380.382763863,-2.923800188,-0.872095029,2.838673680
1609059380.433408022,-2.831594432,-0.908784497,2.807855953
1609059380.480887890,-2.785614525,-0.928251002,2.791128834
1609059380.530377865,-2.739537366,-0.945836755,2.775461507
1609059380.581895828,-2.689935112,-0.962676994,2.758139479
1609059380.632661819,-2.643287799,-0.980343390,2.741667290
1609059380.690845013,-2.545439707,-1.014240741,2.707522019
1609059380.734841824,-2.496118364,-1.029243176,2.691370777
1609059380.780261993,-2.447759285,-1.046054584,2.675330519
1609059380.828761816,-2.398308636,-1.062258210,2.657311486
1609059380.880303860,-2.347852870,-1.076307533,2.640256111
1609059380.931039810,-2.297671737,-1.089250990,2.623187669
1609059380.983052015,-2.250073104,-1.103945243,2.605199494
1609059381.032783985,-2.155894785,-1.127385131,2.569854249
1609059381.080454826,-2.110303317,-1.138679207,2.552952418
1609059381.131217003,-2.065464308,-1.150789102,2.535824747
1609059381.182394981,-2.017865222,-1.161661744,2.517697045
1609059381.245039940,-1.925288129,-1.179109654,2.482513502
1609059381.289618969,-1.882922695,-1.188481264,2.465056976
1609059381.335510015,-1.840060947,-1.196245642,2.447581216
1609059381.381793976,-1.796669684,-1.202502352,2.430617719
1609059381.429322004,-1.755828250,-1.209452124,2.413992184
1609059381.478935957,-1.716929026,-1.217428226,2.396221003
1609059381.531250000,-1.676061143,-1.222285086,2.378227775
1609059381.583987951,-1.637368574,-1.227433443,2.360968556
1609059381.632277012,-1.564202457,-1.237695524,2.323427412
1609059381.679833889,-1.527405789,-1.240899173,2.303677234
1609059381.729664803,-1.491460839,-1.243606923,2.285119247
1609059381.781454802,-1.457014426,-1.247311786,2.265556549
1609059381.832242012,-1.426165596,-1.251242960,2.247325799
1609059381.882287979,-1.360364733,-1.255745327,2.209958891
1609059381.930887938,-1.329064029,-1.259574720,2.190530374
1609059381.981382847,-1.298139162,-1.263182680,2.170626705
1609059382.033192873,-1.265299623,-1.265003207,2.149777160
1609059382.085316896,-1.236128987,-1.266898560,2.130815771
1609059382.130736828,-1.180193290,-1.272427175,2.089552620
1609059382.181453943,-1.150537780,-1.273705307,2.068061968
1609059382.229846954,-1.122515864,-1.274945783,2.046785274
1609059382.279217005,-1.096838227,-1.277168186,2.024451780
1609059382.331074953,-1.071399973,-1.278412951,2.001545503
1609059382.382812977,-1.020557340,-1.279388540,1.956432082
1609059382.430495977,-0.997050437,-1.280381407,1.933437306
1609059382.480569839,-0.976507727,-1.281150412,1.913220037
1609059382.529971838,-0.954271781,-1.280577648,1.891626343
1609059382.584133863,-0.933114170,-1.279510029,1.871191870
1609059382.630354881,-0.892197143,-1.279494861,1.829717313
1609059382.682132006,-0.871981116,-1.278238883,1.810074344
1609059382.728633881,-0.852893086,-1.276576415,1.790773326
1609059382.781728983,-0.834548756,-1.275133458,1.771426097
1609059382.832857847,-0.817593511,-1.274097925,1.753515788
1609059382.884051800,-0.781533531,-1.269420989,1.718419210
1609059382.931816816,-0.764030438,-1.267334941,1.700730542
1609059382.982019901,-0.748083116,-1.265303002,1.684566154
1609059383.029992819,-0.731099814,-1.262149170,1.669194777
1609059383.080722809,-0.713903570,-1.258698748,1.654076534
1609059383.129433870,-0.682160734,-1.252963019,1.623338989
1609059383.181041956,-0.666060763,-1.248739436,1.608464823
1609059383.230441809,-0.649630142,-1.245121199,1.592179995
1609059383.282388926,-0.635516164,-1.241821789,1.577470657
1609059383.330988884,-0.605375127,-1.232934300,1.547605750
1609059383.381805897,-0.589716844,-1.228336454,1.530814937
1609059383.430678844,-0.577151617,-1.224227161,1.515836536
1609059383.479329824,-0.563474194,-1.219350217,1.500029081
1609059383.531103849,-0.548748154,-1.213847692,1.483244089
1609059383.582581997,-0.521841818,-1.203615419,1.449429436
1609059383.629519939,-0.508517545,-1.197923622,1.433455485
1609059383.681193829,-0.495541152,-1.192127075,1.419287649
1609059383.728707790,-0.483870789,-1.186592696,1.405449214
1609059383.782441854,-0.471446448,-1.180525735,1.391554136
1609059383.828849792,-0.449459263,-1.167915996,1.370336355
1609059383.879531860,-0.439275192,-1.161586345,1.360705063
1609059383.929961920,-0.428842062,-1.155257087,1.351926987
1609059383.981837988,-0.417698880,-1.148111264,1.343381920
1609059384.037919998,-0.399608061,-1.134912327,1.327757682
1609059384.087934017,-0.390810539,-1.127657577,1.321241851
1609059384.130465984,-0.380676406,-1.118641346,1.314574729
1609059384.183547020,-0.371912897,-1.110313733,1.309894974
1609059384.229523897,-0.363785306,-1.102258220,1.305115951
1609059384.278731823,-0.355037372,-1.093127422,1.302262388
1609059384.331486940,-0.346914934,-1.083922595,1.299636709
1609059384.383210897,-0.331203001,-1.065246559,1.295292631
1609059384.429561853,-0.323937396,-1.055330544,1.293794036
1609059384.481251001,-0.317657959,-1.045437725,1.292812850
1609059384.530054808,-0.311298923,-1.035368632,1.291570027
1609059384.579495907,-0.304941097,-1.024631371,1.290059202
1609059384.632177830,-0.298188744,-1.013589007,1.288566944
1609059384.682102919,-0.287133509,-0.992137538,1.284864961
1609059384.729432821,-0.281948509,-0.981048417,1.282673311
1609059384.782294989,-0.276627601,-0.969255928,1.279870726
1609059384.829692841,-0.272140015,-0.958275998,1.275620193
1609059384.880673885,-0.266670800,-0.946257265,1.271409144
1609059384.930517912,-0.261798239,-0.934643352,1.266820599
1609059384.984417915,-0.254033418,-0.912403281,1.257579957
1609059385.029628992,-0.249976868,-0.900835020,1.252573166
1609059385.080287933,-0.246662373,-0.889166000,1.246592626
1609059385.130109787,-0.243853052,-0.877279680,1.240226546
1609059385.182312965,-0.239945206,-0.865081296,1.232554346
1609059385.231737852,-0.237079280,-0.852535613,1.223309699
1609059385.282951832,-0.232402860,-0.828315644,1.204020145
1609059385.329676867,-0.229715321,-0.816108398,1.193537784
1609059385.382377863,-0.228715589,-0.804190565,1.183529293
1609059385.429811001,-0.227220100,-0.792348093,1.172326717
1609059385.479418993,-0.225702970,-0.779597396,1.160310591
1609059385.530193806,-0.224108908,-0.766623926,1.147657059
1609059385.581964016,-0.221984038,-0.742669591,1.119474872
1609059385.630297899,-0.221496501,-0.730649667,1.104801654
1609059385.679175854,-0.221034799,-0.719039143,1.089492439
1609059385.730283976,-0.221246693,-0.707492224,1.074459626
1609059385.782190800,-0.220852539,-0.695836256,1.058410945
1609059385.831692934,-0.220947376,-0.683969107,1.042864725
1609059385.881758928,-0.222399826,-0.661615690,1.012902384
1609059385.931001902,-0.223284964,-0.650690724,0.999312418
1609059385.982566833,-0.223706212,-0.639829373,0.985511908
1609059386.030480862,-0.224890134,-0.630081342,0.971732798
1609059386.080072880,-0.225351128,-0.619724247,0.958305214
1609059386.131490946,-0.226599225,-0.610237907,0.945782935
1609059386.183276892,-0.229315165,-0.591935229,0.923338762
1609059386.231345892,-0.231210006,-0.583676566,0.912792005
1609059386.279695988,-0.232539459,-0.575294129,0.903583682
1609059386.329497814,-0.234602763,-0.567370197,0.893836883
1609059386.382073879,-0.236501773,-0.559438732,0.883904540
1609059386.432260990,-0.238553706,-0.551438571,0.874046299
1609059386.480937004,-0.242658800,-0.537120921,0.854307954
1609059386.529872894,-0.245246000,-0.530539168,0.844374277
1609059386.580551863,-0.247729226,-0.523697729,0.834287566
1609059386.629994869,-0.250297890,-0.516762508,0.824460816
1609059386.672947884,-0.253559129,-0.510173547,0.814910723
1609059386.725780010,-0.256996533,-0.503169539,0.805801874
1609059386.782665014,-0.263339250,-0.489853594,0.787853105
1609059386.829211950,-0.267568655,-0.483719275,0.779421570
1609059386.880941868,-0.271360813,-0.477073885,0.771069773
1609059386.929382801,-0.275600398,-0.470473021,0.762508416
1609059386.982008934,-0.280044415,-0.463901747,0.754374349
1609059387.031778812,-0.284454636,-0.457044032,0.746441601
1609059387.075181007,-0.293351255,-0.443498970,0.730845650
1609059387.125566959,-0.297797148,-0.436579254,0.723739360
1609059387.176222801,-0.301738145,-0.429337225,0.716095468
1609059387.223147869,-0.306578446,-0.421652266,0.707772376
1609059387.276794910,-0.310588124,-0.414693365,0.700656778
1609059387.329419851,-0.319446693,-0.399849363,0.687368792
1609059387.381182909,-0.322899447,-0.391728660,0.680571084
1609059387.428516865,-0.326706258,-0.383542431,0.675214395
1609059387.478199005,-0.329551693,-0.374425136,0.669762018
1609059387.531138897,-0.333062038,-0.365876562,0.664412444
1609059387.582593918,-0.338619046,-0.347932287,0.651743646
1609059387.630542994,-0.342385807,-0.337908759,0.644133056
1609059387.678891897,-0.342717861,-0.326960014,0.633206900
1609059387.729515791,-0.345851347,-0.317585187,0.622194175
1609059387.782346010,-0.347244221,-0.305950748,0.610055254
1609059387.833456993,-0.350955039,-0.283518540,0.587349234
1609059387.879153013,-0.352882349,-0.271519535,0.575556318
1609059387.930395842,-0.354213174,-0.260185484,0.562870445
1609059387.981029987,-0.356284663,-0.248568715,0.549508620
1609059388.031488895,-0.356828236,-0.236580157,0.534696036
1609059388.089960814,-0.359181591,-0.211631963,0.502330112
1609059388.128598928,-0.359903787,-0.198914521,0.485785250
1609059388.182978868,-0.360707504,-0.185386643,0.468861815
1609059388.229902983,-0.363371033,-0.172048041,0.451838791
1609059388.281898975,-0.364734569,-0.159961363,0.435288286
1609059388.330353022,-0.366201933,-0.146806461,0.418354014
1609059388.381754875,-0.370577227,-0.121518259,0.383001688
1609059388.431355953,-0.372811011,-0.109823911,0.366436974
1609059388.480690002,-0.374698904,-0.097010652,0.347914681
1609059388.529637814,-0.377557229,-0.085194877,0.328942930
1609059388.583853006,-0.380155271,-0.073715238,0.311144843
1609059388.632918835,-0.387360813,-0.052462095,0.274755327
1609059388.681455851,-0.390884898,-0.041597414,0.255969856
1609059388.729818821,-0.394381978,-0.032423816,0.238906293
1609059388.781526804,-0.398039215,-0.023038826,0.221709856
1609059388.829994917,-0.402195170,-0.014452464,0.206725958
1609059388.882882833,-0.410477329,0.000866619,0.178219538
1609059388.930049896,-0.415781695,0.007793981,0.165728122
1609059388.981843948,-0.420741805,0.013257448,0.153381039
1609059389.024789810,-0.426312739,0.018317876,0.142223398
1609059389.073364019,-0.431927434,0.022622019,0.131688292
1609059389.127251863,-0.437273392,0.026146657,0.122705968
1609059389.176582813,-0.448505891,0.032646064,0.106504120
1609059389.224991798,-0.454366225,0.034420327,0.099999929
1609059389.274768829,-0.459670384,0.036739970,0.095495187
1609059389.330899000,-0.465503537,0.038004616,0.091481216
1609059389.383193970,-0.470309632,0.038797584,0.087951503
1609059389.431272984,-0.483128857,0.037608707,0.084007521
1609059389.480848789,-0.489467188,0.036170216,0.082494110
1609059389.529701948,-0.496560768,0.033497358,0.081454001
1609059389.583485842,-0.500876268,0.032259577,0.079441058
1609059389.631971836,-0.506755356,0.029506257,0.076402700
1609059389.684965849,-0.516288932,0.022759837,0.067956393
1609059389.733610868,-0.521684858,0.020449178,0.064175262
1609059389.783226013,-0.527042269,0.016512130,0.059754235
1609059389.830597878,-0.530653500,0.014684652,0.056646998
1609059389.883814812,-0.534212916,0.011494590,0.051750503
1609059389.932513952,-0.541851273,0.003632644,0.041990394
1609059389.982133865,-0.545059678,-0.000273547,0.036879345
1609059390.031541824,-0.548403024,-0.005209207,0.030734433
1609059390.080227852,-0.552046063,-0.010574245,0.023597861
1609059390.130285978,-0.550083305,-0.012007148,0.022556603
1609059390.182632923,-0.547512367,-0.013315031,0.022994401
1609059390.232908010,-0.543154511,-0.015255130,0.018995919
1609059390.280422926,-0.537642351,-0.011322259,0.016778680
1609059390.329481840,-0.532105004,-0.004611003,0.014300980
1609059390.380513906,-0.533903188,0.000731248,0.015161541
1609059390.431854010,-0.536696201,0.006259122,0.015048826
1609059390.481022835,-0.540806354,0.015419595,0.014507459
1609059390.529600859,-0.542872334,0.017631523,0.014470407
1609059390.581693888,-0.544063783,0.018496291,0.014143286
1609059390.629515886,-0.543226657,0.019169903,0.014453670
1609059390.673414946,-0.542477956,0.018161294,0.014185234
1609059390.725114822,-0.541888469,0.016313812,0.014098709
1609059390.775758982,-0.540038325,0.012690560,0.014138129
1609059390.824400902,-0.539197504,0.011360026,0.014357600
1609059390.874766827,-0.538130249,0.009961424,0.014646056
1609059390.925659895,-0.538399414,0.008898140,0.014600020
1609059390.976217985,-0.537934244,0.008469580,0.014701418
1609059391.024843931,-0.537800756,0.009204111,0.014826959
1609059391.074199915,-0.538338453,0.009373052,0.014397577
1609059391.124891996,-0.538632089,0.010011182,0.014649854
1609059391.174202919,-0.538895323,0.010375783,0.014431076
1609059391.225914955,-0.538868612,0.010681265,0.014664228
1609059391.275915861,-0.538870789,0.010404423,0.014669504
1609059391.323015928,-0.538679927,0.009753136,0.014295363
1609059391.375684023,-0.538135631,0.009795029,0.014609216
1609059391.422828913,-0.538150484,0.008728539,0.014480960
1609059391.475833893,-0.537695940,0.008183599,0.014409631
1609059391.524055958,-0.537194264,0.007415418,0.014370974
1609059391.575706959,-0.537120438,0.007362968,0.014644076
1609059391.625253916,-0.537162531,0.007196163,0.014871378
1609059391.673797846,-0.537229728,0.006945424,0.014772945
1609059391.726552010,-0.537111066,0.007039064,0.014560905
1609059391.776124954,-0.537392769,0.007140334,0.014609714
1609059391.825384855,-0.537402833,0.007100145,0.014779234
1609059391.874802828,-0.537475368,0.007529458,0.014661053
1609059391.924540997,-0.537934177,0.008162326,0.014655668
1609059391.979532957,-0.538514570,0.009581441,0.014714488
1609059392.025899887,-0.540287283,0.013166027,0.014522412
1609059392.074833870,-0.541522691,0.014871014,0.014254224
1609059392.123828888,-0.542366846,0.016940107,0.014549347
1609059392.176863909,-0.543104574,0.018243777,0.014166053
1609059392.222912788,-0.543600192,0.019286447,0.014191306
1609059392.275899887,-0.543675365,0.019482237,0.013926205
1609059392.325444937,-0.543405911,0.018130989,0.013897183
1609059392.375026941,-0.542888097,0.017346058,0.014256184
1609059392.425932884,-0.542200725,0.016416141,0.014185128
1609059392.473231792,-0.541882416,0.015363502,0.014130711
1609059392.525812864,-0.541203649,0.014696687,0.013823538
1609059392.575152874,-0.541000168,0.014721641,0.014067547
1609059392.624764919,-0.541376201,0.014979380,0.014254592
1609059392.674139977,-0.541421272,0.015664079,0.014289016
1609059392.723477840,-0.541898323,0.016304665,0.014095727
1609059392.777162790,-0.542120088,0.016973613,0.014312721
1609059392.826864958,-0.542639930,0.017013652,0.014322210
1609059392.874439001,-0.542263105,0.016800052,0.014204478
1609059392.924896955,-0.542257047,0.016794783,0.014188971
1609059392.973284960,-0.541799649,0.016185024,0.014011024
1609059393.026906967,-0.541489173,0.016072118,0.014353261
1609059393.075371981,-0.541477171,0.015973992,0.014182952
1609059393.125833988,-0.541810918,0.016482623,0.014054614
1609059393.175592899,-0.542655881,0.017378179,0.014034439
1609059393.223984957,-0.543101934,0.018249993,0.013729425
1609059393.276060820,-0.543697612,0.019125614,0.013828017
1609059393.325671911,-0.544420989,0.020650768,0.013780495
1609059393.375066996,-0.544529779,0.020868851,0.014033838
1609059393.423713923,-0.544398837,0.020879392,0.013896739
1609059393.475318909,-0.544404261,0.020358388,0.013738777
1609059393.524981976,-0.543990534,0.019998428,0.013788088
1609059393.575474977,-0.543458097,0.018437355,0.013781108
1609059393.626475811,-0.543271118,0.017892455,0.014024169
1609059393.674174786,-0.543173471,0.017766093,0.013929966
1609059393.724855900,-0.543079124,0.017942869,0.014100521
1609059393.775444984,-0.543188442,0.018322728,0.013946877
1609059393.826000929,-0.543656943,0.018725814,0.013808873
1609059393.875657797,-0.544137064,0.019884503,0.014000626
1609059393.924165010,-0.544363498,0.019948819,0.013703964
1609059393.975097895,-0.544395667,0.020059163,0.013695725
1609059394.024739981,-0.544327745,0.019980263,0.013933729
1609059394.075815916,-0.544126189,0.019571404,0.013711087
1609059394.125405788,-0.543629386,0.018732268,0.013786765
1609059394.174714804,-0.543360606,0.018307484,0.013681501
1609059394.225179911,-0.543364662,0.018286639,0.013874793
1609059394.272300005,-0.543322433,0.018529851,0.013768941
1609059394.325428009,-0.543415072,0.018679114,0.013672008
1609059394.374925852,-0.544092078,0.019281456,0.013874539
1609059394.424618959,-0.544192763,0.019430503,0.013565002
1609059394.475188017,-0.543965576,0.019897469,0.013819741
1609059394.524455786,-0.544029811,0.020106278,0.013562515
1609059394.577685833,-0.544248542,0.019562289,0.013840360
1609059394.626112938,-0.543990922,0.018817007,0.013681392
1609059394.675652981,-0.543519777,0.018517758,0.013538172
1609059394.725086927,-0.543511623,0.018510051,0.013738031
1609059394.774751902,-0.543594876,0.018564407,0.013922398
1609059394.826843977,-0.543692468,0.018734313,0.013642439
1609059394.874491930,-0.543921463,0.019093180,0.013817725
1609059394.924207926,-0.543669736,0.019619522,0.013473011
1609059394.975600004,-0.543943667,0.019977422,0.013921287
1609059395.025127888,-0.543903473,0.019942750,0.013818851
1609059395.076411009,-0.543838504,0.019780628,0.013927827
1609059395.125504971,-0.543789747,0.019168218,0.013782402
1609059395.176564932,-0.543500945,0.018944842,0.013752539
1609059395.225265980,-0.543990116,0.018822276,0.013910546
1609059395.272930861,-0.543681447,0.018718272,0.013603951
1609059395.325408936,-0.543633337,0.018965322,0.013940723
1609059395.377524853,-0.543681254,0.019586232,0.013876976
1609059395.425767899,-0.543755777,0.019739791,0.013765595
1609059395.474406004,-0.544048077,0.019857541,0.013853124
1609059395.524917841,-0.543804033,0.019806578,0.013928633
1609059395.577768803,-0.543909368,0.019636400,0.013781482
1609059395.623656988,-0.543941377,0.019073347,0.013809553
1609059395.675523996,-0.543575291,0.019426901,0.013942222
1609059395.724435806,-0.543581878,0.018898896,0.013774499
1609059395.775120974,-0.543876324,0.018993540,0.013827764
1609059395.824936867,-0.543696178,0.019033398,0.013679521
1609059395.874144793,-0.543825748,0.019304052,0.013819247
1609059395.925263882,-0.543960332,0.019392149,0.013674229
1609059395.974632978,-0.544091834,0.019615655,0.013741164
1609059396.026300907,-0.543982498,0.019583222,0.013782758
1609059396.075059891,-0.543905664,0.019639861,0.013782639
1609059396.124279022,-0.543791854,0.019262178,0.013712752
1609059396.176329851,-0.543436748,0.019314512,0.013822200
1609059396.223380804,-0.543466006,0.019300629,0.013834479
1609059396.274082899,-0.543413974,0.019258337,0.013706005
1609059396.324684858,-0.543544822,0.019192421,0.013533114
1609059396.374525785,-0.543640286,0.019605913,0.013860166
1609059396.426035881,-0.543767649,0.019753660,0.013579911
1609059396.474166870,-0.543736503,0.019843768,0.013908485
