6.165515
5.609320
4.951909
5.601445
5.594031
5.610020
5.638695
4.903616
5.197244
3.974270
3.941813
4.425864
5.213800
3.766960
4.357034
3.404500
4.020793
2.756178
3.045088
2.435056
3.617778
3.086899
2.786272
2.453933
2.447185
2.437448
2.446562
2.357781
2.156623
2.452271
2.750126
3.059715
2.755776
2.155556
2.151888
1.855195
1.853523
1.013264
2.169108
2.147442
2.130063
1.846111
0.690059
2.760370
3.994903
3.301080
4.021998
3.797494
3.081973
3.693216
3.092942
3.700022
3.411476
1.028721
3.757830
3.687880
3.414005
3.757715
3.328732
2.505929
2.497832
2.485957
2.376142
2.494456
4.439867
2.777088
3.606350
2.757239
3.064352
2.460259
3.082925
2.477020
3.122782
2.542530
3.142552
2.152777
1.859295
1.845765
3.094801
2.167544
3.278149
2.447935
2.763954
2.475428
2.778616
2.461848
2.761805
2.124823
2.655258
2.146484
3.606068
3.117532
3.394616
2.769074
2.764572
2.757384
2.771936
2.757258
3.083194
3.669657
2.753153
3.662593
3.033465
3.049638
3.077190
3.039809
3.069856
3.112364
3.116963
2.466443
2.888370
2.477487
3.149480
2.753982
2.804062
2.910098
3.137938
2.900048
2.805812
2.300590
3.089782
2.872855
2.738892
3.158779
3.075965
3.094166
2.740585
3.055010
2.462903
3.123407
2.760008
2.759486
2.841230
2.457198
3.398852
3.974092
3.380135
3.366591
3.379356
3.425558
3.352235
3.087585
3.064440
3.071895
3.086669
2.176239
3.292664
3.691686
3.172549
3.108030
3.202944
3.063304
3.066370
3.045064
3.276681
2.786466
2.813842
2.435336
2.640673
2.143559
2.980357
2.776944
2.673884
2.445345
2.738597
2.478125
2.780374
2.153130
3.037790
2.469450
3.391709
3.078919
3.088215
3.194099
3.068690
2.846499
3.042713
3.077255
3.066876
3.073656
2.145433
3.965918
3.073425
3.379307
3.631894
3.091674
3.289836
2.727564
3.273141
2.768011
3.300495
2.153885
3.904464
3.665403
3.646519
3.068473
3.770210
3.082682
3.669827
2.669350
3.711560
3.084365
2.437997
3.590386
4.205809
3.171951
4.001667
2.771250
3.695102
2.500265
3.050776
3.181757
2.482717
2.975672
3.051682
3.054078
2.791461
2.449577
2.776299
2.667471
3.417099
2.746758
3.369247
2.372551
3.361509
3.962525
3.062387
4.002809
3.702555
3.725659
3.179867
3.379836
3.088674
3.351111
3.414652
3.062995
2.876186
2.760039
3.660698
2.213379
2.196662
1.346709
2.539639
3.596423
1.931364
1.308339
1.320378
1.356393
1.613697
1.005734
2.256477
2.529928
3.498779
4.660095
2.679721
3.598141
2.926277
2.516662
2.918045
2.805706
2.506891
3.479078
3.138615
3.212756
3.187054
3.354502
3.059826
3.409683
3.119812
3.494145
3.166240
3.074357
4.003000
2.468244
3.824468
2.149362
2.785443
2.170399
3.057063
2.147391
3.085870
2.136388
3.065140
2.457970
2.476289
2.470557
2.790877
2.478000
2.887394
3.210698
4.363424
4.444031
2.932024
2.650317
1.979607
1.672859
2.903634
3.194978
2.891642
3.517413
2.892318
2.782015
2.865092
2.483599
2.901229
2.477068
2.866713
2.467975
0.709013
2.588995
2.859477
3.469209
3.159278
3.168525
3.145072
3.081797
2.862268
3.364793
3.062873
3.047399
3.058330
2.454287
3.680456
3.061178
3.057237
3.081693
3.099880
3.064901
3.045571
3.056324
3.056216
3.072522
2.775412
2.481032
3.739307
1.865207
2.191212
2.171048
2.165120
3.199482
2.932018
0.908128
1.306920
1.912181
1.590713
1.283917
1.635420
2.264570
3.503492
4.950844
2.570085
3.458840
2.859037
3.074197
3.174581
2.826632
3.208429
2.796130
3.213685
2.462766
2.965363
3.164962
3.159405
1.310586
2.835209
2.876130
2.239750
1.908436
2.855141
3.152236
2.866733
3.458999
3.407855
3.701045
4.291932
4.034880
5.078182
4.014643
4.100213
3.964734
3.986003
2.781318
3.590817
3.943365
3.944525
3.480899
3.721091
2.806965
3.697934
2.772115
3.376858
3.968674
3.098740
3.955954
3.665035
3.681500
3.092077
3.708949
3.059103
3.662784
3.098927
3.716059
4.002390
2.439231
4.216130
3.706651
4.310411
3.205943
4.035408
3.197523
3.993624
2.969473
3.709894
3.987835
3.076644
3.281927
1.859109
2.172884
2.164103
2.761509
2.479821
2.782566
2.493136
3.483724
1.320237
1.333248
1.319319
1.940376
1.640351
1.946718
1.604790
1.920834
1.607664
1.613613
1.606653
1.627110
1.311547
1.599162
0.992684
1.616333
1.314112
1.622774
1.625042
1.636015
1.639268
1.297631
1.617966
1.633936
2.248292
2.220878
4.389158
3.502067
3.203644
2.773147
3.182631
2.789801
3.137661
2.749298
2.911112
2.829137
2.458587
2.531604
2.760364
2.459568
2.490321
2.898742
3.450045
4.466223
3.494577
2.853431
2.217542
2.211705
1.309035
1.981841
3.506244
2.870335
3.451421
3.494305
3.345143
3.416365
3.434531
3.081493
3.375228
3.106997
2.773821
3.971976
3.397227
4.012456
3.071890
3.709188
3.065890
3.674873
3.058900
3.960879
3.986039
2.780324
3.619334
4.031431
3.991712
3.601504
4.012790
2.757061
3.675484
2.757101
2.779996
3.255236
2.463513
3.299723
3.999177
3.068859
3.979619
2.766775
3.707871
3.098578
3.718751
3.081207
3.690114
4.009047
3.041269
4.287078
3.664422
3.948379
3.059543
3.666072
3.071624
3.704549
3.102539
3.701353
3.070334
2.445150
3.580575
3.680750
2.770902
3.697878
2.783666
3.685878
3.095460
3.743700
3.097959
3.679130
2.973551
2.476507
2.995802
3.997772
3.986380
2.746451
4.001697
2.795588
3.719992
3.130206
4.048526
3.380986
3.072464
4.354732
4.031531
4.341084
2.971001
4.016536
2.772135
3.676258
2.777470
2.439425
3.718020
2.479022
3.998176
3.701478
3.681587
3.073894
3.363424
3.077759
3.058835
3.185431
3.059788
2.730383
2.448973
3.780819
3.064636
3.364800
3.363685
3.064184
3.175617
3.085712
2.763229
3.064099
3.117368
2.793862
3.744362
3.382184
3.364733
3.075528
3.722453
3.113089
3.721356
3.407193
3.106547
3.989812
2.446520
4.369623
3.692573
4.054632
3.586442
3.690196
3.082629
3.690271
3.584573
3.699569
3.997660
2.736265
3.644438
3.391734
2.447380
3.078068
3.162532
2.746038
3.175471
3.085250
2.879855
3.075834
3.965176
2.449846
3.148888
3.380051
3.958803
3.068614
3.391341
3.601296
3.064187
2.774947
2.742461
3.065192
2.511722
3.362117
3.104682
3.068908
3.067315
2.725966
3.162255
2.758558
3.155147
2.787413
2.754945
2.466089
3.218199
2.149004
2.493551
3.175188
3.162041
1.517167
2.235627
3.145432
2.522236
1.943743
1.953678
1.021746
1.995361
1.646585
1.631375
1.934625
1.607511
1.629551
1.613338
1.627113
1.615080
1.625107
0.995790
1.604588
1.599840
1.622472
1.594635
1.283457
1.600927
1.313229
1.310262
1.324264
1.658302
1.023245
2.247697
2.540093
2.887379
3.499714
4.081760
4.365817
4.698869
3.923454
3.491436
3.126715
1.596069
2.554721
3.475539
3.467805
3.682813
3.751994
4.062093
4.052635
3.999751
4.029872
3.683975
4.219723
3.070591
4.567786
3.996509
4.322162
4.008028
4.000191
3.166801
4.172819
3.531521
3.691804
2.362964
3.081474
2.658565
4.181771
4.732777
3.298021
3.965656
2.973795
3.990782
2.767128
3.690902
2.164113
2.786027
2.670117
1.865709
2.162076
2.145560
2.457749
2.446202
2.741568
2.462283
3.164337
1.010212
4.394003
1.337646
3.164298
3.473161
3.501066
3.722638
3.434907
3.678211
3.384885
3.719455
3.090681
3.698771
4.014846
2.993341
4.301822
3.682702
3.991918
2.749164
3.726000
3.064120
3.651331
3.061732
3.688684
2.751208
2.457866
3.585464
1.854026
2.748807
2.138463
2.763364
2.161126
2.771276
2.134512
3.153775
2.454927
2.139931
3.443707
4.185625
3.771654
2.521754
1.947130
1.948117
1.624449
1.611272
1.597423
1.614740
1.303583
1.639174
1.029920
1.655099
1.618011
1.598461
1.641638
1.651966
1.637916
1.602812
1.610839
1.630627
2.261613
1.646382
3.445688
4.363441
1.112351
2.836969
3.455886
3.185505
2.443408
3.191100
2.451768
3.177282
3.450100
3.172659
4.385863
3.159692
2.268151
1.939069
1.627084
1.315507
1.306109
1.300975
1.632823
1.341419
2.900067
3.430804
4.012072
3.975930
5.253334
4.443799
5.605650
3.936901
5.198325
4.211387
2.961683
3.349845
2.747502
3.988293
3.175502
3.678185
2.454858
3.739578
2.448652
3.696729
2.133029
3.718012
1.023678
4.043068
2.673462
3.675975
3.982442
2.770965
4.027218
2.774847
4.011169
2.789796
3.718087
2.157643
2.753404
2.945716
4.037136
3.965579
2.134798
3.982886
2.144236
4.046693
2.135758
3.638582
2.959110
2.767226
3.597904
3.971079
4.685510
3.479970
4.445390
3.532185
3.689982
3.188733
3.728182
2.650767
3.250542
2.672993
3.976317
4.703789
2.744589
3.954614
2.808649
4.016357
2.787732
3.990331
3.169364
3.079310
3.385902
4.017690
4.311704
3.227329
4.065756
2.803185
3.654919
3.190354
3.668254
3.158998
3.014542
3.540735
4.161907
4.711376
2.816902
4.430516
2.788916
3.673317
2.758764
3.689660
2.190229
3.065429
2.759595
3.706699
3.952670
2.510475
4.431757
2.494398
3.706209
2.134472
3.672002
3.317124
3.328353
3.368167
3.776547
3.674813
4.075449
3.629388
3.815099
3.298907
3.685919
2.650574
3.389988
3.376819
2.474577
3.273189
3.667522
3.064020
3.774856
2.983334
3.650191
3.058884
3.703521
2.973766
3.706898
2.990421
2.766307
4.262088
4.011876
4.001421
2.766005
3.677420
2.764189
3.658102
3.073711
3.705015
3.117489
3.062802
3.258935
2.163803
3.115801
2.150956
3.113012
2.481970
3.048773
2.451765
3.031905
2.459367
2.487963
3.773395
3.486215
3.541832
3.172956
3.054023
3.165220
3.439262
3.123197
3.665982
3.085414
3.679609
3.181953
3.092561
3.572237
2.166828
3.067482
2.183897
3.095878
2.152735
3.049360
2.442655
2.745965
2.449766
1.327535
1.330440
1.542321
3.489787
3.164297
3.077256
3.204047
3.069743
3.401066
3.403596
3.074415
3.384851
3.393651
2.771344
3.575728
4.001056
3.991861
3.553399
3.963268
3.641075
3.659254
3.562580
3.953876
3.968040
2.741437
3.975450
3.691352
3.675703
3.059717
3.654351
3.105066
3.728400
3.091208
3.685073
3.070254
2.745756
3.591081
3.961463
3.087918
4.003743
3.083653
3.987292
2.771903
3.675223
3.062858
3.703113
3.976129
3.059259
4.015268
3.692272
3.724138
3.053783
3.643917
3.088758
3.679855
3.096616
3.691756
3.024650
2.454418
4.352852
3.406517
2.770047
3.391472
2.795615
3.680382
2.759640
3.398207
2.682185
3.692688
3.688632
2.761455
3.670868
3.076569
3.339808
3.077078
3.362753
2.801630
3.177125
2.786203
2.852052
2.456130
2.892163
2.472920
3.190993
2.752986
3.120725
3.201741
2.786724
3.180305
2.753590
3.182732
2.770677
3.699178
2.777496
3.981466
3.690917
3.676752
3.048130
3.669969
3.058801
3.702402
3.528749
3.715011
3.650038
2.754754
3.677535
3.058887
3.057145
3.378113
3.063391
3.357545
2.754486
3.105142
2.759905
3.740626
2.506845
4.006160
3.723255
3.664445
3.382600
3.667359
3.057073
3.652797
3.271588
3.701350
2.949259
2.772222
3.982859
4.259632
3.983876
4.006990
3.206233
4.000889
3.203713
4.008977
3.194022
4.485647
2.760394
3.099447
3.473689
3.663983
3.474452
3.650685
2.735046
3.668990
2.145879
3.677117
3.048454
3.674131
3.567468
3.087707
3.268663
3.709461
4.000338
3.073446
3.998352
3.131079
4.047012
3.072692
3.970262
2.449107
3.090239
2.994835
2.477537
3.398964
2.155638
3.084295
2.137508
3.064175
2.462015
3.105138
2.478847
2.476248
2.465328
3.507767
3.790002
3.806799
4.475785
5.006391
3.817812
2.912778
2.532894
1.934117
1.908853
1.324747
1.928837
2.595025
4.442604
3.874536
3.549480
3.095369
3.250579
3.486349
3.224730
3.093476
3.068034
2.444494
3.654299
3.061845
3.071206
2.861622
3.097294
2.897603
3.083046
2.856773
3.063010
2.846596
2.746868
3.679309
3.376110
3.130043
3.355384
3.100790
3.097838
3.405444
3.081421
3.048490
3.068165
3.057976
2.479472
3.707270
3.081238
3.752961
3.066569
3.676477
3.079690
3.681139
3.118690
3.684964
3.054204
3.087977
4.001489
4.096848
3.446995
4.026768
3.108210
4.080076
3.207199
3.995315
2.967519
4.056914
3.152443
3.070728
3.261942
3.992057
4.007015
3.075401
4.002106
3.117074
3.693664
3.104606
3.671189
3.845461
2.770852
3.577379
4.053208
3.982806
3.498885
3.996636
2.763736
4.000683
2.765152
3.978867
2.782844
3.068931
3.633086
4.005733
3.065138
2.750957
4.190867
2.804036
4.237049
2.779347
4.221239
3.909753
2.995209
2.682102
3.980726
3.957662
3.066517
4.020618
3.043584
4.119890
3.156576
4.035262
3.787268
3.108455
3.504088
3.996493
3.934745
3.480951
3.966520
3.032050
4.195293
3.303253
3.675193
2.764785
3.038890
3.054648
3.964502
4.011743
2.774237
3.986603
2.750158
3.641457
2.793369
3.676344
3.964336
3.080079
2.967256
4.001899
3.976193
3.060174
4.038627
3.073035
3.651777
2.764141
3.702698
3.597362
3.049998
3.299222
4.012256
3.385453
4.005531
2.760160
4.092674
3.196217
4.006447
3.163662
3.967860
3.451121
3.364434
3.825147
4.371894
4.334104
2.767195
4.282356
2.778927
4.014150
2.762304
3.704412
3.388032
3.194170
2.976731
2.464587
3.085881
2.764148
3.060568
2.456617
3.070578
2.461108
2.754847
2.473798
3.178868
1.212962
4.389587
4.052551
4.396178
3.479835
3.173082
2.761708
3.171956
2.739548
3.156704
3.412711
3.373721
3.099265
3.815814
2.779522
3.588332
3.395882
3.305126
3.435241
3.252041
3.069069
2.682830
2.443138
2.810482
2.798766
3.104496
2.442396
2.781281
3.178059
2.464232
2.853801
3.448311
3.872679
3.754723
2.559866
1.327230
1.943011
1.614533
1.622891
1.593718
1.313180
1.651630
1.322984
1.613633
1.329532
1.950443
1.013454
3.164922
4.053164
3.454400
3.164291
3.803602
3.157943
2.767297
3.197201
2.792309
3.064901
2.738095
3.178217
3.099446
3.159654
3.055218
2.843251
3.491678
2.530383
4.226315
0.721046
2.850882
4.393821
2.606590
2.927006
3.476079
3.159028
3.436127
3.202472
3.388488
3.690548
3.697910
4.004963
3.658230
3.050842
2.806421
3.078593
3.068183
3.084328
3.071446
3.089044
3.091328
3.098842
3.131144
3.065529
3.124534
3.101686
2.490260
3.734403
3.074926
3.055509
3.087323
3.081350
3.111602
3.088733
3.102881
3.047422
3.370155
3.106318
2.789677
4.022884
2.158792
2.458806
2.145819
3.225750
3.478061
3.154459
4.668716
3.414822
2.818808
2.582191
1.322259
2.532793
2.232822
2.535284
2.529685
2.523626
2.570572
2.530058
2.520573
1.603082
2.252920
1.338754
3.256062
3.778049
4.987554
2.872621
3.468715
2.851256
2.757223
3.176098
2.772916
3.183049
2.452864
2.840649
2.776014
2.905591
2.785912
2.906804
2.760810
2.891199
2.786432
3.065463
2.453159
2.168898
3.471961
3.454957
3.481230
3.180037
3.101652
3.364143
3.408866
3.417082
3.380531
3.387471
3.370028
3.081728
2.751839
3.074579
4.303877
4.374053
4.005262
3.206201
4.079642
4.652103
4.000923
4.332560
3.728204
3.182185
3.071973
3.584624
4.000132
3.994419
3.870961
3.995083
2.753536
3.994866
2.984148
4.082153
2.153480
3.405841
2.741970
3.989532
3.890854
1.888291
4.262958
1.852761
4.494287
1.886956
4.271303
3.584242
2.542384
3.530798
4.106044
4.376421
2.797026
4.046987
2.819724
3.744871
3.047076
3.787463
2.756534
3.156157
2.750528
3.400096
2.986284
3.402543
2.971666
3.368084
3.383799
3.398458
3.410254
3.679509
2.757702
2.449478
3.394417
2.143207
2.761782
2.449847
3.097953
2.475858
3.180323
2.449204
3.512887
4.366294
3.909287
1.408330
2.220492
1.899914
1.921725
1.937563
1.610924
1.614869
1.607729
1.601172
1.306438
1.933499
1.331608
2.840746
3.468850
3.692086
3.356068
3.413823
3.698411
4.028924
3.702923
4.048457
3.747350
3.623756
2.801420
3.574922
3.999375
3.986217
3.068410
3.993075
3.051757
3.965615
2.779854
4.015869
3.258020
3.097796
3.610968
4.008735
4.004258
3.110991
4.006696
2.811141
4.047119
2.798216
3.777430
3.094112
2.754081
3.260784
4.059776
3.110803
3.977524
2.766620
4.006914
2.772295
3.649085
2.747804
3.999422
3.111215
2.760667
3.280594
3.935821
3.985540
3.062715
4.015426
3.046832
3.987750
3.061038
3.685161
3.073375
3.054675
2.940337
3.989836
4.034549
3.075182
4.012135
3.101213
4.029317
3.089216
4.039564
2.958312
3.069409
3.283464
3.966997
3.959369
2.970521
4.033461
3.099537
3.689985
3.066910
3.970228
3.068987
3.076307
3.311064
3.953047
4.001292
3.097999
3.993060
2.745921
4.047092
3.103900
3.989656
3.477763
3.410367
3.625253
4.031393
4.325708
2.782175
4.049760
2.780217
4.019945
2.842004
3.722090
3.738129
2.741944
3.686392
2.150165
2.442325
2.462635
2.803306
2.466654
3.456892
0.996871
3.756452
1.610988
1.929584
1.300276
1.905947
1.605108
1.936762
1.973695
1.922174
1.928702
1.601385
1.920268
1.620200
2.247022
1.315563
3.460800
4.356728
4.232300
3.777894
3.154573
2.447145
3.157982
2.443972
3.180421
2.453152
3.203303
2.458830
3.162241
2.742644
2.754724
3.146932
2.458120
3.192907
2.458624
3.176737
2.478009
3.194437
1.327145
4.664778
3.473423
2.809649
2.549655
1.932264
1.958136
1.326240
1.639279
1.649985
2.246561
1.632856
4.666369
3.768605
3.160601
2.770287
3.165817
2.770872
3.187112
2.480513
2.864122
2.450839
2.859199
2.490709
3.182256
2.469558
2.753899
3.160962
2.473462
3.218222
2.769031
3.142807
2.461045
3.211003
3.794294
3.144236
3.406821
4.039753
3.407604
3.415245
3.746894
3.385791
3.969254
2.770884
3.965838
4.000657
3.086100
2.688247
2.170786
2.784377
2.147774
2.758764
2.458461
3.182908
2.460997
3.205655
4.760967
3.752347
1.944677
3.464600
3.456789
4.502060
4.794713
5.007733
4.684597
5.033795
4.752437
3.748779
4.204417
1.321715
2.893611
3.570782
2.554730
3.472713
2.853216
3.806196
3.172885
3.487706
2.779734
2.792969
3.857670
3.211652
3.167023
3.705673
3.400461
3.370467
3.363645
3.059589
3.362753
3.064905
3.077458
4.159087
2.733702
3.593121
2.124045
2.777070
2.206225
3.095508
2.142021
2.767336
2.175153
3.173738
2.456901
3.152939
3.756471
3.163134
3.470389
3.489350
4.249241
3.498146
1.103584
0.997607
3.887397
3.794940
4.688419
3.168011
3.750552
3.433241
3.162030
3.173848
3.390914
3.388171
3.390928
3.420965
3.147517
3.748563
3.683910
3.079052
3.769247
4.021388
3.977812
4.018611
3.971915
3.699430
3.982133
3.071483
3.989550
3.980193
2.789761
2.659624
3.690917
2.769963
3.687514
3.055892
3.672384
3.059946
3.698477
3.093577
3.717488
3.107301
2.758907
4.103184
3.702826
3.690834
3.088562
3.356670
3.103246
3.342125
3.168411
3.385241
3.112069
2.468101
3.691418
3.349162
3.663483
3.046488
3.682534
3.076991
3.713329
3.043588
3.668707
3.126866
3.105008
4.021052
3.703746
3.681227
3.047414
3.946683
3.078597
4.046719
3.067787
4.005979
3.062651
2.748063
3.578377
4.015110
3.994995
3.985366
3.477302
3.998208
3.070310
3.969078
3.073759
2.735623
3.278232
3.971800
3.981488
3.486515
3.961929
3.079417
4.018446
3.059343
3.943725
3.071915
3.090718
3.281638
3.306146
4.038186
1.032165
3.614243
2.763840
3.984529
2.791985
4.006752
4.006254
2.773380
3.882855
3.716563
3.720770
3.089397
3.667821
3.111673
3.731842
3.087805
3.705349
3.071667
2.761415
3.976924
3.682415
3.096074
3.658327
3.057073
3.737422
3.111075
3.374267
3.094992
3.381755
3.072830
2.489858
3.990600
3.354542
3.734394
2.791854
3.093643
3.056924
3.092053
3.101705
3.067175
3.972140
2.432203
4.176212
3.334601
3.066814
3.396919
3.067599
3.379595
3.323957
3.725903
3.089869
3.700180
3.698705
2.781115
3.661801
3.366004
3.384905
3.762823
3.088563
3.459155
2.827939
2.896844
3.132102
3.747190
2.794637
3.751959
3.752120
3.443199
3.806066
3.116758
3.992265
3.073230
3.663013
3.057327
3.056190
2.660242
2.458084
3.932445
2.161689
2.776767
2.458623
3.032385
2.460596
3.185509
2.482417
2.860497
4.615872
4.069582
2.561435
3.167858
2.874932
2.840728
2.826126
2.538717
2.519570
2.210692
2.238347
1.940095
2.285038
1.337691
1.918182
1.923625
1.916781
1.929414
1.628590
1.632676
1.634377
1.632186
1.621553
1.945500
1.017699
1.975953
1.938615
1.935885
1.929533
2.229082
1.926295
2.259420
1.941900
2.238409
1.946273
2.219241
1.626807
2.522268
2.234133
2.511060
2.846139
2.861683
3.510938
3.480731
3.780079
3.513702
4.092485
3.806982
4.406615
3.482876
3.144061
3.352153
3.160209
3.353078
3.385994
3.368588
3.345951
3.968791
3.958597
2.466428
4.288265
3.998457
4.014502
3.984881
3.969646
4.031070
3.982695
3.995316
4.043273
3.975026
2.473076
4.325397
4.046321
4.021446
3.690539
3.678196
3.354635
3.660476
3.364991
3.687615
4.015878
3.110521
4.327727
3.986382
4.314197
2.748753
4.008153
2.749015
4.021369
3.037432
3.727932
3.438707
2.747396
3.556106
3.962728
3.960940
3.480883
3.986676
2.792698
4.013920
2.758935
3.646276
4.012946
3.074497
3.057961
3.680839
3.106482
3.350316
3.409113
3.099945
3.447667
3.119589
2.881221
3.076080
2.751872
2.455996
3.191583
3.383575
3.705989
3.073681
3.675478
3.084580
3.763819
3.410713
3.691220
3.061924
3.062212
3.187639
2.151522
2.439073
2.446544
2.457698
2.465189
2.833669
0.685814
1.393398
2.305691
3.538066
2.573500
2.887434
3.835084
3.546678
3.222125
2.836332
3.265009
2.502550
3.271028
2.521648
3.245852
2.536988
3.234583
2.527924
2.830669
3.253609
2.503712
3.228147
2.473660
3.152935
2.434814
2.825455
3.943673
4.654108
3.170163
2.251739
1.936001
1.602891
1.612469
1.630401
1.307885
1.310824
1.313578
1.942583
1.326984
3.476248
4.356605
3.447688
2.839907
3.790175
3.178618
2.440328
3.194693
2.448362
3.162954
2.472915
3.157298
3.686426
3.403117
3.992160
3.520448
3.405154
3.720862
3.704607
3.070257
3.746080
3.287481
2.752819
3.334812
3.963681
4.028208
3.511126
4.012880
3.071189
3.982670
3.057710
3.949909
2.134986
3.042973
3.267124
3.974742
2.761030
3.984932
2.154464
3.718741
2.767890
3.682859
3.095695
3.733747
2.464283
2.772394
3.300285
3.987196
3.982471
2.790285
3.988061
2.742204
3.977736
2.442458
3.659044
3.987510
2.798990
4.283412
3.981870
3.066386
3.704229
3.095724
3.703264
3.087093
3.661830
3.120940
3.711047
4.018641
2.457002
3.802575
4.018811
4.027283
2.775894
3.959957
2.788006
4.019247
2.763991
3.995706
2.964302
3.067743
3.280629
3.956154
3.956233
2.754514
4.036850
2.854816
3.991164
2.786777
4.052710
2.456735
2.754294
3.272752
3.993537
4.003685
2.747145
3.979046
2.754402
3.959322
3.057621
3.666592
2.786523
3.060350
2.652981
2.190082
3.104623
2.200007
3.124095
2.488549
3.104148
2.455297
3.070677
2.452468
3.393668
2.454072
3.383591
3.075673
3.363126
3.286981
3.068708
2.510574
3.113902
3.119636
2.191517
3.117930
2.204649
3.142553
3.800372
3.111943
4.017400
3.091999
4.012756
3.420184
3.709897
3.604415
3.663321
3.997674
3.045331
4.001351
3.708751
3.650897
3.064501
3.697990
3.095313
3.648236
3.050324
3.713790
3.102005
2.785334
3.992909
3.688853
3.098801
3.729795
3.080428
3.358227
3.075882
3.369488
3.080767
3.116304
4.045179
2.424053
3.865918
3.674337
3.991922
3.390858
4.019728
3.084415
3.986013
2.764310
3.683933
2.681661
3.099043
2.695785
4.018252
2.728175
3.652649
3.076117
4.006856
3.064649
3.665838
3.102884
4.050749
4.041330
3.118031
4.221952
4.013481
3.995644
2.787136
3.727479
3.070404
3.648719
3.046885
3.679702
3.576920
2.483074
4.343937
3.499843
3.968014
2.981582
3.981484
2.765667
4.025677
3.279049
3.638226
2.737634
2.746001
3.279374
3.971332
3.983620
2.780740
3.984150
2.777164
4.021626
2.776376
4.025411
3.068765
3.075299
3.299132
2.476004
3.067813
2.140729
3.056829
2.151325
3.091488
2.151025
3.076561
2.451530
3.277631
2.526669
3.243331
3.496130
4.001631
3.679872
3.366088
3.680256
3.069949
3.677029
3.077513
3.689216
2.960922
2.789732
4.260726
4.007440
3.980950
3.087362
4.032539
3.091854
4.000530
3.134156
3.982592
2.764126
3.359164
3.585921
4.012460
3.465852
3.656894
3.059476
3.637727
3.043136
3.767805
2.775645
3.643559
3.074109
2.750656
3.272390
3.699981
3.048266
3.664685
2.791467
3.680483
3.147921
3.477563
2.853396
2.536214
3.138425
2.498056
3.454417
2.766811
3.065414
2.769771
5.032614
4.267367
5.688858
2.420584
5.682671
5.514715
5.493632
5.674051
5.542987
5.787720
5.587139
5.362363
4.662058
4.746074
5.608248
2.797127
2.493208
3.072495
2.487459
3.098954
0.995080
3.380593
2.449613
2.496453
1.865012
2.775243
2.156921
2.453716
2.151376
2.160088
2.177042
2.794550
2.126890
2.129055
2.741183
2.161167
2.813809
2.163688
2.469408
2.146717
2.458845
2.161086
2.770067
2.455901
2.508697
2.891699
2.497157
1.916335
2.448963
2.847809
2.462067
2.167819
2.167141
2.493227
2.501430
3.112460
2.165788
3.089094
2.172060
2.756519
2.138841
2.765619
2.160680
2.756126
2.175080
2.683887
2.474831
2.472024
1.865792
2.160202
1.831095
1.858148
1.860831
2.459189
2.153083
0.691886
2.445579
2.165262
2.128104
2.149321
2.579830
2.456059
2.563682
2.438350
2.554888
2.434811
1.641712
3.164839
0.989827
3.457644
3.661050
3.699127
3.434934
3.357558
3.124604
3.130252
3.327668
2.185803
3.124707
2.187665
3.125829
2.190283
1.853697
1.863965
1.843744
1.639848
2.156782
1.022463
0.999045
1.010604
1.599482
1.007185
4.471485
2.873945
2.771536
2.888158
2.758169
2.831656
2.435674
2.834939
2.440882
2.148782
2.139379
1.317683
3.172285
3.194727
3.165823
2.572869
3.079523
2.444427
3.054884
3.062352
3.097659
2.861689
2.489669
3.183162
2.521706
2.891625
2.798693
2.902038
2.771390
2.884153
2.814385
2.887851
2.493935
2.894536
2.462292
2.881768
2.437320
2.448284
2.893185
2.452260
2.856299
2.449952
2.877249
2.488172
2.862631
2.456472
3.204372
2.788370
2.777112
2.246485
3.091682
2.576101
2.790856
2.580558
2.771497
2.446610
2.173675
3.470487
2.821538
3.216584
4.100058
2.837306
3.456653
2.198979
3.058384
2.154307
3.104187
2.175067
3.671436
2.775092
3.091067
3.297328
2.760614
2.653818
2.436089
3.371828
2.472648
3.367099
2.790099
3.679410
3.087771
3.095034
3.363852
2.805127
2.862305
2.763421
2.848325
2.745434
2.854020
2.769364
3.178367
2.775676
3.105148
2.276122
3.136604
2.939629
3.138587
3.188662
3.076981
3.049166
2.755705
3.840663
3.115030
3.085295
3.114161
3.076195
3.101041
3.100681
2.791073
2.776776
3.054483
2.143492
3.387400
3.090040
3.104511
3.618942
3.109823
2.769047
3.066905
2.787337
2.162034
2.768097
2.194582
3.362813
3.440503
1.579270
3.440300
2.832008
3.102177
2.809003
2.813663
3.459000
2.815916
3.127659
2.200603
4.081640
3.452627
3.670109
3.573019
3.674147
4.004675
3.702085
3.284837
3.087581
3.974102
3.059373
3.852719
1.845356
2.170993
2.158697
2.456790
2.169604
2.482335
1.339897
1.025789
4.053534
2.545560
1.323345
1.629939
1.632028
1.640610
1.602024
1.605598
1.621165
1.957421
1.653558
1.986752
1.929357
2.239976
2.249367
2.530062
2.567586
2.544601
2.252156
2.241355
2.260698
1.969750
1.972245
1.325163
2.546905
2.506985
3.870317
3.489626
3.464332
3.790466
4.657058
4.121789
4.936155
4.035430
4.923783
4.070672
4.057167
3.115325
3.287934
4.085193
4.097132
3.879769
3.784284
3.216026
3.753014
3.133827
3.153729
3.267377
2.465856
3.030823
3.700753
3.994463
3.281107
3.110936
3.324034
2.799061
2.967340
2.768222
2.965433
2.478371
3.897376
2.443482
2.397838
2.504251
2.671652
3.381117
2.656465
3.353489
2.784567
3.746300
3.623088
2.489626
3.623123
3.483103
4.131211
2.821112
3.138279
3.158311
3.128067
2.743749
2.214487
2.839942
2.516270
3.160645
3.481278
3.500324
3.144391
3.411610
3.136648
2.960163
3.169239
3.174237
2.953949
3.149089
2.551417
4.119342
3.478715
3.215994
3.480960
3.713466
3.771843
3.193248
3.786145
3.126224
3.738858
4.040509
2.800873
4.273788
4.072377
3.336153
3.750625
3.135579
3.778973
3.112954
3.491961
3.133983
3.163317
3.453753
2.185170
4.400717
3.488221
4.079262
3.355947
3.436075
3.335071
3.415271
3.353245
3.368874
4.056448
2.760194
4.003702
3.676731
3.069648
3.683838
3.097629
3.675369
3.062191
3.701595
3.081028
3.407055
3.102298
2.758407
3.709893
3.710898
3.061369
3.371300
3.073579
3.070056
3.195988
2.749059
3.055110
3.044553
3.693560
2.449615
3.976750
3.341472
3.986297
3.047655
3.983894
3.049437
3.659190
3.315647
3.729528
2.814473
2.500026
3.279239
3.991708
4.015994
3.072725
4.008657
3.107562
3.681783
2.804750
3.406419
4.103240
2.789478
3.978353
3.673431
2.951799
3.648699
3.051780
3.666028
3.097982
3.674836
3.043140
3.349881
3.077268
2.790925
4.000396
3.705119
3.100651
3.717443
3.411134
3.138774
3.093534
3.071134
2.784859
3.077976
3.704032
2.466567
4.328286
2.152721
2.757080
2.152549
3.042807
2.152212
3.094362
2.437434
3.068409
2.160715
2.177551
3.216673
3.494975
3.177529
4.716574
3.446401
2.529604
1.928336
1.617134
1.609809
1.295393
1.954100
1.933047
3.468167
4.710918
3.482248
2.911696
3.555894
3.178368
2.809014
3.200652
2.507530
2.205348
0.928867
1.153747
3.148746
3.219034
4.023641
3.741870
4.064427
4.368471
4.000537
3.989042
3.679046
4.402646
3.065428
3.576623
3.999591
3.987747
3.517916
4.015853
3.767433
3.680333
2.975613
3.956401
2.436285
2.793388
2.716414
2.173211
2.142127
2.143486
2.471416
2.492641
2.481701
2.440705
2.456173
2.891077
3.834168
1.377116
1.400755
1.028348
1.301031
1.314211
1.308379
1.627078
1.318672
1.633036
1.328092
2.243731
2.227140
4.381729
4.928290
3.471752
2.857900
3.459222
3.150367
2.450640
3.182111
2.473845
2.180029
3.146456
3.519278
0.910114
1.002987
2.816700
2.210388
1.901044
1.603505
1.344784
1.946194
1.959135
3.859738
0.928117
1.146895
2.909391
2.810834
3.184813
2.754656
3.167399
2.477445
2.170950
3.528077
3.515879
3.154231
4.659222
3.750871
2.244792
1.910359
1.612427
1.624539
1.338756
1.317917
1.002148
1.628398
1.298953
1.323563
1.615891
1.608376
1.599127
1.604167
1.613189
1.635198
2.553542
2.902674
2.865227
3.428698
3.493645
3.190091
2.730062
3.150455
2.778707
3.201458
2.495463
2.878087
2.487277
3.187859
3.106135
3.987001
3.676935
3.684301
3.982738
4.405517
4.014376
3.690695
4.035905
3.394818
2.773490
3.609880
4.061148
4.349676
3.163141
4.002812
3.211463
3.993799
3.078857
3.675837
4.013447
3.079234
4.003947
3.735022
4.014342
3.068367
3.686700
3.046389
3.683895
3.052180
3.702154
3.060904
3.109191
3.188040
3.987424
3.079969
3.993212
3.064347
3.984216
3.095268
3.715555
3.087700
3.691320
3.141924
3.124973
3.011828
2.799897
2.775636
2.765671
3.410674
2.800993
3.380445
2.788342
3.068672
2.470197
3.210400
2.502038
3.202932
2.450517
2.847927
2.769807
2.941330
2.777787
2.864028
2.753210
3.158255
3.068642
3.238425
2.752401
3.997286
3.368550
3.350915
2.763522
3.135775
3.167917
3.055089
3.082155
2.455733
3.079171
2.456759
3.075576
1.014886
1.115856
2.537598
3.800546
2.256658
1.936057
1.321743
1.328100
1.016149
1.321419
1.331205
1.648292
1.345666
1.319159
1.660028
1.353534
1.651568
1.328684
1.620925
1.312475
1.906631
1.918365
4.056365
4.511267
3.479114
3.226307
3.063045
3.190984
2.785401
3.189334
2.769858
2.468799
2.446197
2.469503
3.195236
3.226515
3.120285
3.172105
3.051766
3.229144
3.135593
2.888069
3.157833
2.555929
2.786406
3.766611
3.040232
3.053374
2.868214
3.488241
2.816104
3.092755
2.784684
3.084797
4.048551
2.761457
3.663061
4.010259
3.703986
4.025271
3.712268
3.680791
3.772858
3.705409
3.810602
3.712429
3.961262
2.757320
3.058800
4.029750
4.003416
3.092618
3.673396
3.082544
3.731945
3.076584
3.672911
3.093662
3.109445
4.016463
3.404579
2.889668
3.374873
2.869213
3.066942
3.135261
2.747493
3.152488
2.729644
2.784636
3.487335
3.066615
2.843858
3.084733
3.060195
3.078472
2.870069
3.106348
3.191637
2.798999
2.758124
4.299656
3.697277
3.349893
3.673269
4.230925
3.111201
3.576993
3.436188
2.805462
2.789609
3.293596
2.487659
4.024710
4.009667
3.093910
3.997064
3.107573
3.976532
3.234681
4.032886
3.063791
3.662906
3.365290
3.292000
4.095377
3.962976
2.755365
4.002949
2.741096
3.652630
2.664744
3.676738
3.989095
3.087895
3.998925
3.783284
3.678525
3.085461
3.700238
3.082401
3.690986
3.194444
3.709139
3.083983
2.786294
4.024277
1.840839
1.860317
2.124345
2.158156
3.495125
3.201135
4.396500
2.247675
1.971864
2.221626
1.308518
4.389823
3.443927
3.829600
3.698520
3.692579
3.687609
3.684628
3.677509
3.800409
3.982111
3.996908
3.384418
2.693996
3.354837
2.653501
3.974071
2.736390
3.967516
3.093945
3.999110
3.112831
3.091059
2.694491
1.846848
2.163420
2.134816
2.164433
2.141228
2.474196
3.183238
1.011202
2.567165
1.298822
0.999353
1.336271
1.341641
2.939569
3.504509
3.200274
3.079698
3.162089
3.388461
3.201191
3.084934
3.971591
2.789813
4.336271
4.018302
4.045381
3.367770
3.985302
3.056257
3.994454
3.206145
3.954927
3.374766
4.263614
4.274612
4.201486
3.153785
4.026353
2.965299
3.980097
3.560794
4.015952
3.702786
3.579918
3.982296
3.997367
3.073458
4.026305
3.068509
4.002884
3.056839
3.377679
2.776402
4.782801
3.993383
3.966712
3.979688
3.083763
4.056248
4.010111
3.717127
3.057353
4.023262
4.011888
3.152332
4.091395
3.141507
4.014020
3.092622
3.995876
3.360692
3.377572
3.799126
4.020591
3.814565
4.710328
4.390638
3.995033
3.978973
4.388785
3.798049
4.437036
3.711854
3.561790
4.279832
3.993172
2.793329
3.998875
3.043983
3.702712
2.775229
3.691570
2.969552
2.764805
3.285864
3.722880
4.047854
3.249964
3.654353
3.626855
3.659540
5.295925
5.340417
5.554617
5.648381
5.403298
5.540199
4.348229
3.507312
2.393802
3.412033
3.723980
2.116589
2.746636
4.538289
4.413487
2.473889
2.464037
2.772598
1.848387
2.163121
0.695631
2.759267
2.445322
2.134425
1.533009
1.852201
2.180657
1.862316
2.500226
2.510967
2.140279
2.151943
1.856567
1.869459
2.192916
2.387750
1.875007
2.670278
2.461672
2.446671
2.447854
2.784625
2.364631
2.461225
2.348828
2.449206
2.785000
2.379293
2.750659
2.383193
2.823541
2.437170
2.522295
3.237757
2.849465
2.481972
2.874048
2.838648
2.716223
2.812922
2.484372
2.438411
2.802577
2.499771
2.809284
2.687072
2.176144
2.707260
2.837550
2.403271
2.488568
2.524550
2.434837
2.202949
2.729316
1.895256
2.513650
2.507076
2.754990
2.832050
2.705360
2.479570
2.826807
2.972255
2.145865
3.472066
3.717618
3.510230
3.409274
3.091447
2.763163
2.660947
2.473147
2.470732
3.052014
2.137639
2.170434
2.475904
2.438174
2.440396
2.454033
2.467203
3.714237
2.774153
2.439869
2.976041
2.463117
3.187750
2.154779
2.976422
2.157438
3.009957
2.479235
2.367055
3.690151
3.695449
2.141231
3.671048
3.176102
3.690006
3.492580
2.767361
2.464933
2.145467
3.998779
3.087561
3.693272
3.508319
2.785622
3.612704
2.441057
3.491023
2.458288
3.263275
3.046936
3.986459
3.356311
3.670151
3.249922
3.349231
3.265122
3.364168
2.671777
2.789698
2.724267
2.147768
3.969320
3.661673
3.983854
3.215258
3.758790
2.961876
3.723171
3.085381
3.105517
3.515840
2.837935
3.001745
3.709713
3.685967
2.757528
3.650811
2.718898
3.075111
2.472026
3.073617
2.743818
3.069807
2.470621
3.713205
3.687254
2.462548
3.661343
1.856133
3.678225
1.838217
3.458227
3.007765
2.777227
2.771405
3.741313
4.553816
2.829717
3.751040
3.218585
3.689710
3.492174
2.764805
4.022837
2.758853
3.680785
2.438431
2.158207
2.163585
1.334050
2.155606
2.165768
1.342520
1.020170
4.751933
3.177416
1.897302
3.169265
3.795678
4.626039
3.840676
3.503361
2.244845
3.514102
2.315848
3.274479
3.643758
0.921659
1.300235
4.359139
4.365374
4.105794
4.678455
4.383714
4.767240
4.402948
4.710597
3.534581
2.867131
2.543029
3.436506
3.434927
2.568444
3.457962
2.549327
3.470394
2.560908
3.481798
2.555255
3.216056
3.185931
4.726090
4.399681
3.205485
2.870705
2.844863
2.574554
2.247535
2.225266
2.838095
2.854846
4.694797
4.747346
4.995636
4.350222
4.702227
4.340523
4.436870
3.779071
2.526645
1.933688
1.646608
1.325402
1.632381
2.234569
2.845832
4.373656
4.173400
3.893199
3.788742
2.552809
3.760468
2.872248
3.538901
3.241812
3.476470
3.798176
2.864768
3.802599
2.567881
3.836989
3.913184
3.225220
1.230837
5.339344
3.736901
2.819316
2.557591
2.237218
2.225304
2.541471
2.541565
2.559390
2.576710
2.888313
2.939733
4.081830
4.350247
4.669304
4.736086
5.003893
4.061066
3.782534
2.892450
2.257062
1.919905
1.912049
1.317692
1.309155
1.321861
1.307186
1.000050
1.007330
1.009287
1.004683
0.995325
1.003697
0.994799
1.003934
0.994487
1.014320
1.008199
1.009783
0.997904
0.997188
0.992351
1.004838
1.002087
1.351125
1.347639
1.014663
1.007383
1.345465
1.019893
1.011886
1.015280
1.031831
1.003391
0.997640
1.001405
1.002610
1.017081
1.010876
1.018852
1.007713
1.003903
1.006385
1.003158
1.024181
1.016952
1.024447
1.319357
1.014321
1.308425
1.300576
1.010574
1.302084
0.999021
1.001937
1.016166
1.004542
0.994598
1.001099
1.300311
1.001316
1.037147
1.042205
1.012035
1.016780
1.006686
1.018005
1.013233
1.020554
1.030548
1.356055
1.302979
0.998548
0.995204
1.009839
1.011511
1.013847
1.004152
1.019859
1.007524
1.004970
1.309541
1.307198
0.996966
1.009649
1.046629
1.010116
0.996862
1.004527
1.006315
1.011750
1.020555
1.330745
0.985214
0.990967
0.991836
1.008642
1.014030
1.007010
1.016154
1.018379
1.023409
1.032166
1.325260
1.008134
1.002822
1.020758
1.031624
1.021769
1.009545
1.015790
1.015982
1.031027
1.020168
1.329028
1.026936
0.997702
0.999551
1.039045
0.998935
1.002433
1.008221
1.003033
1.004510
1.023230
1.336900
1.027308
1.049467
1.022619
1.317312
1.306521
1.294679
1.301999
1.324414
1.011568
1.004028
1.328297
1.349693
0.998561
1.008416
1.306466
0.990249
1.000332
0.987852
1.017152
1.018240
1.021792
1.389485
1.327690
1.025569
1.025903
1.321506
1.008316
1.022900
1.021040
1.035336
1.015411
1.001372
1.323096
1.004255
1.004804
1.001417
1.020702
1.019445
1.003444
1.029343
1.003625
1.006000
1.010424
1.318763
1.310969
0.994823
0.996096
1.312125
1.038783
1.003631
1.006270
1.006685
1.017277
1.006025
1.327149
1.316216
0.999178
1.002374
1.317932
1.016633
1.015082
1.030577
1.030735
1.009886
1.022141
1.312833
1.336530
1.068888
1.015002
1.327283
1.005939
1.015920
0.999204
1.003861
1.009401
1.010036
1.318186
0.991443
1.001629
0.999733
1.004846
1.036389
1.031576
1.020085
1.018725
1.022409
1.020724
1.020186
1.322840
1.305644
1.007112
1.008763
1.324862
0.999539
1.014811
1.005554
1.010897
1.004337
1.006687
1.348094
1.324459
1.020812
1.032251
1.377945
1.042984
1.350636
1.030349
1.022916
1.030285
1.040298
1.335848
1.330480
1.023151
1.020447
1.016347
1.034032
1.053384
1.032450
1.035723
1.034101
1.653976
1.330084
1.016077
1.336982
1.654974
1.336200
1.371035
1.037582
1.012496
1.018641
1.339224
1.649851
1.647834
1.033112
1.065747
1.379734
1.015949
1.337797
1.007862
1.010835
1.022762
1.035456
1.660007
1.349105
1.025114
1.024303
1.324054
1.010715
1.315400
0.999384
1.014048
1.016081
1.011332
1.621116
1.310238
0.994954
1.000793
1.309206
0.993007
0.996927
1.007747
0.997238
1.007979
1.008594
1.606205
1.315031
1.005132
1.018968
1.316808
1.019479
1.012727
1.000462
1.000476
0.992875
1.002240
1.286441
1.284145
0.996733
1.008106
1.305493
1.014383
1.021228
1.003985
1.002183
1.010120
1.011043
1.315924
1.322877
1.014217
1.010094
1.305680
1.003763
1.010165
1.001568
1.007605
1.014905
1.003971
1.316061
1.305429
1.000022
1.006776
1.010806
1.017485
1.009755
0.994140
0.998497
1.003399
1.006709
1.321163
1.012609
1.004390
1.003431
1.000126
0.992588
0.995501
1.011527
1.014582
1.019068
1.015602
1.310298
0.991933
0.993764
1.003460
1.009630
1.002704
1.005978
1.010439
1.014302
1.022258
0.999439
1.312758
1.011959
1.008323
1.031787
1.011439
0.994694
1.015889
1.302010
1.004258
1.011979
1.007587
1.321028
1.014184
1.323688
1.015000
1.021689
1.044681
1.005161
1.359055
1.029781
1.359225
1.347487
1.325362
1.322103
1.326570
1.320405
1.350887
1.337939
1.319236
1.021913
1.020578
1.004129
1.032355
1.044929
1.333273
1.055878
1.036621
1.039870
1.042001
1.029108
1.011988
1.016782
1.015321
1.016324
1.004595
1.314084
1.006938
1.018697
1.015682
1.016172
0.999881
0.987768
1.005472
1.003889
1.008119
1.006394
1.303058
1.009801
1.027473
1.013801
1.012150
0.998912
0.995658
0.980632
0.985639
0.989738
0.988445
0.998666
0.994935
1.007546
1.014573
1.020379
1.037187
1.041378
1.001125
1.012908
1.008075
0.994819
1.013284
1.020511
1.003593
1.020188
1.027150
1.020428
1.016346
1.016303
1.016691
1.020149
1.016433
1.018705
1.013181
1.007300
1.008159
1.031880
1.029247
1.023353
1.028154
1.035428
0.719219
1.042915
1.046215
1.349208
1.007423
1.003299
0.995254
1.019280
1.026313
1.032830
1.033142
1.030110
1.003694
0.998739
1.010144
1.311413
0.993400
0.998164
1.014887
0.995092
0.998210
0.993554
1.005214
1.003245
0.998190
1.012093
1.332668
1.021216
1.002108
1.010411
1.000488
0.998503
1.012763
1.003675
1.009772
1.019858
1.026917
1.320910
0.998020
1.016857
1.032714
1.015048
1.030947
0.999386
1.005006
1.007207
1.004330
1.008924
1.021082
1.036013
1.037043
1.028485
0.995778
1.008795
0.995435
0.994707
1.006673
1.030242
1.042071
1.017086
1.008720
1.030377
1.023158
1.024068
1.023262
1.027284
0.994635
1.011794
1.035607
1.009221
1.013702
1.009128
1.023547
1.003731
1.015467
1.012683
1.008256
1.008472
0.721387
1.032719
1.031005
1.014993
1.011176
1.002188
0.713720
1.003746
1.006300
1.002895
1.026701
0.995813
1.005871
1.016397
1.011549
1.021576
1.043896
1.010912
1.012895
1.016226
1.026582
1.022232
0.715233
1.014930
1.024439
1.016575
1.042166
0.698702
0.996200
1.002211
1.009069
1.004434
1.010220
1.020554
1.018506
1.017391
1.012129
1.014890
1.308391
0.999437
1.023856
1.004076
1.009587
0.999532
1.325554
1.322571
1.330827
1.007474
1.343866
1.310575
1.303877
1.004563
0.996395
1.006340
1.011761
1.012820
0.996553
0.998041
1.005574
1.006926
1.004722
1.007018
1.015429
1.013263
1.022950
1.000714
1.005915
0.701453
1.025250
0.993672
0.991709
1.006782
1.013308
1.015969
1.010291
1.019470
1.019601
1.003636
1.024839
1.004047
1.025850
1.005024
1.017339
1.008641
1.033156
1.008509
1.007354
1.003862
1.008998
1.008055
1.001164
0.995711
1.008466
1.009728
1.012573
1.008477
1.011445
1.018221
1.021101
1.007648
0.996633
0.694691
1.001584
0.993697
1.025900
0.987225
1.000374
1.002947
0.991274
1.008748
1.006436
0.995484
0.695549
1.011803
1.008675
1.017082
1.008248
0.995273
1.008355
0.990567
1.003687
1.015349
1.009681
0.707531
1.027352
0.995978
1.009114
1.013209
1.018430
0.994419
1.014105
1.017343
1.016098
1.015095
1.016223
0.698566
1.006639
1.000254
1.005293
1.008463
1.017369
1.010200
1.018230
1.031750
1.019863
1.007675
1.029626
0.716399
1.032009
1.015688
1.020233
1.027365
1.045540
1.039661
1.047200
1.023716
1.018371
0.988656
0.981771
0.701561
1.016105
1.015781
1.008950
1.002930
1.014912
1.008244
0.998974
1.003634
1.018368
1.020280
1.014194
1.018159
1.032592
1.025994
1.025964
1.024331
1.012005
1.014075
1.014640
1.019703
1.021610
1.013696
1.019579
1.004951
1.001953
0.988931
0.995082
0.996409
1.014954
1.010565
0.993977
0.996978
1.004424
1.015939
1.008422
0.997572
0.999065
0.998311
1.011091
1.017504
1.011170
1.008779
1.023819
1.027398
0.998103
1.010033
1.012885
1.021885
1.014713
1.006431
1.001903
1.008258
0.999941
1.022337
1.008425
1.020513
0.712299
1.028083
1.023057
1.075674
1.020786
1.008949
1.016028
1.024615
0.997014
0.993336
0.990437
0.996487
0.706201
1.016575
1.022950
1.011816
1.025881
1.027494
1.015274
1.004148
1.011440
1.038843
1.019229
1.018057
0.697128
1.003435
0.996531
1.003970
0.993369
0.989255
0.997844
0.988019
1.015443
1.019179
0.999541
0.701342
0.996274
0.997998
1.001019
1.009206
1.010663
0.993399
0.993874
1.010686
1.015957
1.003448
1.002840
0.701902
1.007774
1.004649
0.999520
1.008945
1.005537
1.001753
0.993896
1.000037
1.003019
1.008002
0.998203
0.695098
0.998523
0.997032
0.994162
1.007916
1.002088
0.994000
1.001396
1.000697
1.003566
1.007273
1.014693
0.698580
1.004909
1.007167
1.002896
1.010503
1.016138
0.985856
1.013986
1.009142
1.012354
1.005503
1.017429
1.027829
1.022444
1.002062
0.996451
0.997163
0.997382
1.016542
1.008580
1.016877
1.021059
1.006685
0.708469
1.016904
1.008625
1.011785
1.018813
1.012899
1.026423
1.002572
1.016390
1.011987
1.020977
1.023578
0.705788
1.019195
1.024843
1.018800
1.017924
1.015014
1.009946
1.021733
1.017853
1.022843
1.004152
0.998381
1.006909
1.012999
1.005271
1.012493
1.004580
1.022596
1.015303
1.009883
1.022663
1.014437
1.006759
0.990735
0.683667
1.002956
1.007452
0.980889
0.985579
0.999710
1.002142
1.021498
1.027905
1.015637
1.017678
1.022995
1.020028
1.019669
1.029771
1.006996
1.033885
1.020382
1.005501
0.998040
0.999252
0.704209
1.010497
0.702508
1.009443
1.001488
1.010857
1.013379
1.026169
0.694835
1.005712
1.026165
0.711291
1.022740
0.709681
1.028997
1.024780
1.024404
1.030567
1.032926
0.717264
1.028238
1.041594
1.031048
1.024373
1.033696
0.713921
1.025972
0.716075
1.037687
1.049015
1.064376
1.037686
1.028206
1.039397
0.716038
1.022250
0.695346
1.017876
0.705643
1.020243
1.015326
1.018447
0.710632
0.716764
0.696628
0.696213
1.019535
0.704931
1.027713
0.706686
1.020675
1.028979
0.714801
0.704898
0.694663
0.695155
1.000176
0.707338
0.703377
1.038800
0.733230
1.019686
1.038623
0.694773
0.709869
0.704941
0.711612
0.712404
1.006043
0.690816
1.005970
0.698351
1.030967
1.020043
0.706850
0.705931
0.703157
0.714797
0.715020
0.697503
0.721078
0.705381
0.696598
0.998203
0.702634
1.012399
0.689142
0.691086
0.709352
0.707230
0.694036
0.712795
0.761356
0.764864
1.009184
0.694467
0.704724
1.012814
1.013452
0.688742
1.001730
0.690235
0.691928
0.703554
0.707337
0.700923
1.025995
0.718966
0.717046
0.701304
0.698845
0.708712
0.709203
0.712465
0.698198
0.991521
0.694500
1.013017
0.691871
0.705321
0.691298
0.700669
0.705583
0.709282
0.707269
0.696246
0.695880
0.697073
1.010177
0.694656
1.021359
0.708872
0.709244
0.697258
0.701822
1.018810
0.710689
1.012434
0.713463
1.016576
0.694698
1.004852
0.997987
1.016484
1.065130
1.025540
0.699453
0.999307
0.992760
0.998618
0.999764
1.007607
1.005598
1.011173
1.005472
1.022213
0.693832
0.706589
1.029225
1.023228
1.025125
1.016285
0.705011
1.036477
1.034343
0.705597
0.712621
1.022741
0.715687
0.714809
0.691951
1.013114
0.703029
0.999813
0.712415
1.003418
0.699241
1.005402
1.018531
0.704321
0.712365
0.703249
0.702175
0.737428
1.029077
0.724803
1.029274
1.028221
0.712494
0.717788
0.718880
0.724905
1.041358
1.035762
1.025800
1.021134
1.017277
1.016649
1.009919
1.032097
0.706218
0.711046
1.027105
0.714844
0.750579
0.724776
1.039540
0.716828
1.025095
1.031614
1.016926
1.058463
1.028571
1.023278
1.029712
1.023323
1.021394
1.017894
1.012769
1.026742
1.038211
1.042149
1.050094
1.036464
1.055471
1.057992
1.041296
1.038431
1.035665
1.050343
1.040462
1.055625
1.020826
0.725300
0.715292
0.718203
0.727522
0.724392
1.039645
1.031554
1.021966
1.032096
1.049866
1.021552
1.025657
1.021127
0.721477
0.720778
0.710654
0.714495
0.703269
1.019382
1.012433
0.714991
0.714338
0.708322
0.724759
0.720325
0.724465
0.710466
1.015709
0.725983
1.033661
1.017490
0.707046
0.708927
0.715589
0.709639
0.714857
0.723893
0.749773
1.041950
0.711245
1.023188
1.033365
1.056172
1.029305
0.719047
0.721379
0.720092
0.725678
0.709047
0.703909
0.719024
1.025933
1.047322
0.711005
0.710525
0.707132
0.689038
0.696635
0.709324
0.696435
0.697719
1.028107
1.018984
0.702821
0.702191
0.714513
0.699565
0.711952
0.698863
0.690715
1.004625
0.697931
1.002754
1.011630
0.687811
0.689849
0.709182
0.694786
0.715287
0.712306
0.697780
0.701555
0.707773
1.032787
1.011461
1.002377
0.992848
1.039820
1.035211
0.699330
0.999520
0.700578
1.022561
0.721200
1.025316
1.022593
1.029464
1.009754
1.016872
1.023195
0.709401
1.054821
0.720763
1.032729
0.719793
1.028577
1.023385
0.709365
0.723505
0.724677
1.020070
0.697834
1.009627
0.701823
1.013652
0.714566
1.019242
1.018059
1.023818
1.018528
1.007519
1.021517
0.709001
1.010154
0.710339
1.020056
0.705515
1.009185
1.011174
1.009319
0.994720
0.993866
0.996079
0.691035
0.989732
1.006433
0.996087
0.684318
1.016211
1.005225
1.015752
1.018439
1.006586
1.020902
1.035444
1.046833
1.030875
1.025706
1.022286
1.002055
1.012657
1.007372
1.003757
0.998769
1.001602
0.703343
1.023881
1.029748
1.027738
1.022658
1.002147
1.005034
1.010425
1.005727
1.004428
1.005369
1.007563
1.000212
1.003298
1.008698
1.006863
1.014645
0.998797
1.009744
1.010914
0.714314
1.036576
1.026312
1.013739
1.024593
1.017247
0.712779
1.025944
1.014332
1.029474
1.015607
1.010247
1.011928
0.984905
0.990836
0.994450
0.999479
0.994896
0.996459
1.009827
1.010644
0.992220
0.993215
0.994042
1.006930
1.019876
1.029577
1.044833
1.026029
1.007609
1.016377
1.015676
1.012620
1.012053
0.705011
1.021660
1.009895
1.006915
1.013132
1.016181
1.019900
1.002446
0.710129
1.021620
1.014540
1.003016
1.011948
1.006388
1.003958
1.005832
1.024226
1.021061
1.009449
0.993365
1.006403
0.993649
1.006339
1.014147
1.008384
1.011993
0.994124
1.004543
1.006212
1.004235
1.011919
0.702484
0.702964
1.009056
1.006675
1.002126
1.010962
0.701957
0.999384
0.706543
1.009128
1.013986
1.015521
1.017245
1.010838
1.001196
0.992872
1.000050
0.999266
0.990804
0.997966
0.995918
0.992171
0.987128
1.002030
1.007157
1.030547
1.040854
1.038452
1.030903
0.707826
1.033906
0.709960
1.033857
1.008634
1.007461
1.007641
1.020952
1.049576
1.041294
1.020252
1.029062
1.021386
1.015120
0.709036
1.031973
1.010719
1.009257
1.020072
0.703307
0.684732
1.006054
1.013058
1.018463
1.002065
1.004211
1.019976
1.017638
1.016615
1.012240
1.021907
1.020757
1.031784
1.021544
1.028811
1.030785
0.986055
0.987484
0.679850
1.018877
0.705662
0.699883
1.018748
1.019071
1.015809
0.992222
0.986225
0.998333
1.010882
1.015467
1.006818
1.022229
1.024691
0.701286
0.693394
0.990085
0.995631
1.002809
0.995169
1.009863
1.010702
1.001570
0.692235
0.698090
0.693748
0.999139
0.996501
1.015992
1.003564
0.697954
0.991180
0.996182
0.701965
0.685880
0.686771
0.687115
1.005129
0.997647
1.004879
1.006823
1.008209
1.004009
0.690488
0.996164
0.699154
0.685400
0.692321
0.990541
1.000108
0.694145
0.690002
0.695577
0.997796
0.700865
0.995806
0.998859
0.993934
1.006668
1.002974
1.023620
1.007344
1.016741
1.009422
0.993911
0.990142
1.000347
1.018047
1.024342
1.024684
0.707456
0.703187
0.708640
0.700121
0.698018
1.008067
0.998785
0.998451
1.005134
1.007831
1.014601
1.009806
1.011511
1.014317
0.701903
0.692071
0.703634
1.009883
0.696356
0.995212
1.001871
1.008664
1.007787
1.024311
1.021189
1.033577
1.026784
1.012535
1.027967
1.021324
1.015009
0.984800
0.996663
0.690686
0.995139
1.001769
1.011951
0.704402
0.714263
1.016138
0.702318
1.012080
1.012879
0.707535
0.712449
0.703117
0.690439
1.000559
0.694406
1.011199
1.023300
0.710500
0.709698
0.708138
0.700601
0.705399
0.699592
1.004605
0.690541
0.708800
1.019224
0.709059
1.015799
0.703832
0.695477
0.692043
0.697421
0.699294
0.710379
1.012716
0.695306
0.704554
1.007210
0.698452
0.707013
0.698524
0.707295
0.694391
0.694637
0.698687
0.709201
0.694210
0.701088
0.993453
0.687724
0.695468
0.685965
0.689256
1.008151
1.016236
1.013036
1.003382
1.003580
1.000891
1.022130
1.009309
1.020690
1.030849
1.010670
1.026587
0.702880
0.695514
1.031333
1.019862
0.720535
1.024031
1.033010
1.016014
1.017551
1.020799
1.025979
0.989782
1.009156
0.991851
1.013167
0.702213
0.703785
1.017459
0.704000
0.705651
0.707742
0.714062
0.724939
0.732064
1.038185
0.691841
1.011265
0.992116
0.699176
1.018329
1.014750
1.016396
0.708174
1.029684
0.694839
0.689215
0.691929
0.701597
1.018771
1.004329
0.692902
0.697240
0.692317
0.716811
0.702581
1.004974
0.705147
0.714317
0.708307
0.685588
1.013013
0.704530
0.696432
0.703015
0.717728
1.011143
0.992455
1.005391
0.704946
0.707711
0.709878
1.002353
0.708029
0.696157
0.693039
0.702255
1.027502
1.003356
1.012294
1.014017
0.698697
1.014023
0.696229
0.681146
0.989066
0.698954
0.998149
1.000437
1.009353
0.695612
0.699891
1.011228
0.998824
0.702318
1.009079
1.014779
1.005486
0.697105
1.015428
0.694961
1.012914
1.016703
1.017370
1.026898
1.021060
1.024877
1.024325
1.028782
0.715085
1.007231
0.709701
0.706077
1.021827
0.999530
0.998179
0.995431
1.005384
1.009277
1.009093
0.993110
1.010310
1.004230
1.335145
1.018879
1.011854
1.032172
1.025423
1.019819
1.017442
0.999879
0.995588
0.691605
0.999745
1.012048
1.014202
1.004796
1.000372
0.998534
0.996845
0.993085
1.015904
1.026162
1.019931
1.018486
0.990343
1.017324
1.028778
1.020896
1.017454
1.009541
1.032450
0.721802
0.716243
0.710064
1.008726
0.999565
0.703005
1.018907
0.706799
0.704294
1.001133
0.702866
0.707075
1.003008
1.001413
0.703157
0.710006
1.013688
1.017147
1.043486
1.048998
1.059939
0.715423
0.713627
1.019096
0.710818
0.703138
1.006669
1.009804
1.018803
1.007878
0.997557
0.693168
1.019261
1.005513
0.686569
0.991261
1.013959
1.014024
1.005565
1.023601
1.014629
1.017322
0.995972
0.996146
1.002744
0.699800
0.997384
1.013895
0.692540
1.007040
1.004232
0.994329
1.014669
1.002129
1.026653
1.020053
0.704555
1.023572
1.016094
0.696207
0.694447
0.687033
0.692517
0.705966
0.691453
0.691311
0.695206
0.703597
0.695617
0.700238
0.702179
0.710482
0.724071
0.695761
1.013431
0.992351
1.005677
0.699459
0.698229
0.694866
0.698903
0.688380
0.691610
0.706164
1.012428
0.687802
1.011920
1.007673
1.022164
1.009736
0.708296
0.710146
0.709084
0.712936
0.708793
1.004079
0.700140
1.014323
1.007774
0.692523
0.686549
0.688028
0.696718
0.692288
0.709951
1.013075
1.002015
1.002285
1.014865
1.001223
1.007409
1.010244
0.687300
0.694345
0.994905
1.002664
1.003040
0.700299
0.699628
0.707737
0.703399
0.740072
0.707155
0.691652
0.695438
1.003377
1.004860
1.033173
1.039689
1.039023
1.037357
0.997535
0.704519
0.698376
1.015585
1.029792
0.989507
0.684403
1.014040
0.702928
0.710663
0.704266
1.016317
1.010594
1.024254
1.008947
1.008347
1.005672
0.999393
1.001872
0.993693
0.988991
1.001583
1.007419
1.001409
1.040072
1.053896
0.708281
1.004843
0.703044
1.018375
1.011397
1.008062
1.012293
1.045791
0.989964
0.984019
0.984319
0.998471
0.695809
0.696857
1.010816
1.021261
0.701715
1.018318
1.021052
1.018996
1.016834
0.989260
0.989101
0.996581
0.687922
0.697099
0.997226
0.993727
1.009814
0.703935
1.005822
1.002558
0.997386
1.001192
0.998159
0.991410
1.004544
1.005383
1.014040
0.998528
1.009693
1.012028
0.987425
0.988762
0.684017
1.017228
1.009765
1.015882
1.018813
0.709288
1.002742
1.001125
1.019553
1.017276
1.030261
1.020169
1.014390
1.021769
1.000903
1.016094
1.021451
1.013389
1.002309
1.016489
1.014396
0.708730
1.003541
1.012924
1.009879
1.020144
1.008612
1.014277
1.024748
1.037075
0.993734
1.003125
1.010827
0.999730
0.991721
1.006261
1.013878
1.007920
1.026082
1.038649
1.027397
1.302314
1.305131
1.313900
1.014583
1.009926
1.006440
1.001005
1.048979
1.314505
1.007243
1.006053
1.006210
1.010204
1.012597
1.340296
1.039950
1.354114
1.374024
1.013402
1.019560
1.010665
1.021252
1.003288
1.311664
1.019734
1.013619
1.005818
1.016934
1.010937
1.035212
1.315841
1.329279
1.004208
1.309518
0.697459
1.002720
0.701028
0.694839
0.703699
1.006343
1.622094
1.896486
1.296179
1.015277
1.320970
1.336254
0.706317
1.644339
1.619108
1.312678
1.013700
1.605127
1.318657
0.690215
1.946911
1.626485
1.327249
1.320123
1.326202
1.021020
1.014281
1.005559
1.028154
0.715098
0.709628
0.712490
1.029193
1.027176
1.019893
1.008740
1.014418
1.012401
1.011723
1.309180
1.304246
1.290066
1.297401
1.104404
1.054573
1.044192
1.047439
1.021370
0.701592
0.696201
1.015249
1.019022
1.008192
1.008516
0.693834
1.002025
1.005253
1.011890
1.014557
0.699413
1.024397
1.007597
1.011773
0.698741
1.009115
0.996801
1.002853
1.001267
1.009696
0.998597
1.013605
1.026523
1.024072
1.016048
1.018379
0.705777
1.002267
0.693800
0.702376
1.009932
1.021986
1.013272
1.015738
0.719644
1.033904
1.019235
0.996084
1.054018
1.032092
1.026175
1.026070
1.016599
1.008319
1.016067
1.004520
1.001377
0.691421
1.012238
0.702070
0.697902
0.699559
1.013214
1.019816
1.009988
1.023441
1.007985
1.035584
1.022790
0.994349
1.000805
1.020336
1.013782
1.003792
1.028844
0.705406
0.708364
0.711839
1.024031
0.702728
0.694531
0.706757
1.004514
0.700172
0.703895
0.706243
0.724176
0.710788
1.028105
1.010134
1.004196
1.013720
1.014565
1.052893
0.997304
0.998157
0.698321
0.711053
0.713322
0.708511
0.704376
0.706570
0.707053
0.702937
0.698721
0.696034
0.690650
0.703652
0.700379
0.759549
0.688322
0.692372
0.696228
0.701762
1.020026
1.025709
1.005171
0.698791
0.701980
0.697927
0.686557
0.691086
0.997946
0.999540
0.701939
0.999890
1.015243
1.018367
1.018098
1.004271
1.007285
1.001930
1.015285
0.699527
0.693369
0.995374
1.005214
1.002078
1.016921
0.698621
0.697134
0.694458
0.998301
0.995727
0.686231
0.701228
1.009725
1.014463
1.018020
0.689182
0.701663
0.704399
0.725517
1.041551
1.021899
1.007864
0.708108
0.719092
1.038843
1.049012
0.994469
0.692058
0.989219
0.984065
0.994041
0.991189
0.996391
1.003512
1.018876
1.015810
1.027086
1.024599
1.002184
0.995082
1.000637
0.992672
1.001139
1.005168
0.996851
0.695067
0.715248
1.043423
1.026747
1.019554
1.010753
1.002346
1.009108
1.033121
0.997685
0.991930
0.689880
0.684445
1.003262
0.997583
0.987579
1.002145
1.013041
0.990486
0.993365
1.005304
0.695599
0.707009
1.015648
1.029178
1.004355
0.999635
1.001652
1.023714
1.024078
1.006859
0.994684
1.008004
0.709092
0.705708
1.006324
1.021907
0.711380
0.701731
0.703029
1.016161
1.009836
0.695481
0.688646
0.701235
1.036941
1.022927
1.033689
1.034445
0.698525
0.717264
1.020742
0.710200
1.019038
0.710202
1.006088
1.013826
1.009559
1.010916
1.012574
1.001876
1.013182
1.011896
1.326692
0.707026
0.712529
0.720566
1.031978
1.029119
1.036906
0.704086
0.703377
0.700957
1.014010
1.020273
0.696532
0.709585
0.693850
1.007736
1.008360
1.041936
0.705890
0.698189
1.001634
1.016233
1.337994
0.701688
0.707567
1.018316
1.019199
1.028727
1.028694
1.001260
0.999932
1.006622
1.333321
1.024448
0.750872
0.722861
1.030403
1.013747
1.309726
1.007361
1.346824
1.320612
1.023390
1.011976
0.997716
0.998141
1.000866
0.994755
0.999101
0.980945
1.002468
0.999905
0.993876
1.012818
1.007748
0.999724
0.695917
0.996754
0.703768
1.021278
1.019641
0.993379
1.015079
1.008532
1.004278
1.010357
1.007372
1.007866
1.007712
0.692646
1.002658
0.987013
1.007861
1.029551
1.023255
1.018243
1.022786
1.008577
1.015840
1.021886
1.024237
1.026313
1.052887
1.041482
1.011620
1.000636
1.007985
0.698929
1.014361
0.689316
1.004991
0.703695
1.017762
0.705800
1.003318
1.001764
1.001172
1.017607
1.012506
1.002900
1.010854
0.996272
0.993594
0.999817
0.692172
1.011521
1.008349
1.018564
1.020703
1.012666
1.018159
1.010948
1.015739
0.996217
0.990518
0.996754
0.993697
1.015811
1.007687
1.003302
1.008564
1.020146
1.009285
1.007268
1.003846
1.009511
0.704507
1.021074
0.999224
1.016219
1.016451
1.011807
1.000011
1.007077
1.000463
1.016474
0.687850
0.713780
0.689717
1.000191
1.001729
1.010457
0.998995
1.003781
1.010186
0.999026
1.007633
1.005395
1.017218
0.701256
1.000510
0.995656
1.019561
1.008841
1.000318
0.698743
1.031136
0.711667
1.022233
0.697685
0.713056
0.704988
1.018856
0.999470
0.984562
0.988632
0.697867
0.688845
0.704238
1.005421
0.713936
1.004732
0.705447
1.009502
0.993158
0.996298
1.000981
0.700094
0.698657
0.688055
1.022057
1.023899
0.707130
0.696633
1.016507
1.013454
1.014582
1.003710
0.699396
0.697733
1.004875
1.000377
0.998843
1.003584
0.694629
0.696659
1.011762
1.011488
1.016833
1.016749
1.012206
1.013394
1.038802
1.026813
0.993911
1.006461
0.693846
1.007977
0.703177
1.021880
0.706009
1.019222
0.714258
1.013406
0.707107
1.028584
0.714610
0.699106
0.689001
1.002166
1.000500
1.001635
0.709714
0.705780
0.701432
0.702545
0.701269
1.007867
0.700441
0.706372
0.713120
0.722185
0.708332
0.997985
0.685118
0.700051
0.700821
0.706111
0.704954
1.016206
0.710266
0.707189
0.704349
0.692558
0.690633
0.985907
0.685187
0.695514
0.692022
0.695077
1.004269
0.702675
0.692339
0.690472
0.701109
0.695866
1.002889
0.695163
1.026013
0.997234
0.996020
0.996732
0.998397
1.015157
1.014511
0.698729
0.999800
0.693268
0.987338
0.684370
0.694300
0.699760
0.703031
1.019094
0.712152
0.716486
0.707874
0.697837
0.705998
1.001514
0.703741
0.695732
0.702871
0.697123
0.700679
0.694356
0.690825
0.693511
0.698234
1.014526
0.710102
0.704561
1.035745
0.702443
1.011003
1.002296
1.014666
1.021414
0.700352
1.010948
1.023522
1.017654
1.012389
1.010220
1.023640
0.986021
0.994401
1.004569
1.007076
1.000825
1.006213
1.010061
1.031112
1.015376
1.027160
1.008224
1.014545
1.018591
1.017591
1.006730
0.689995
0.690149
1.000457
0.998594
0.999970
0.695411
0.690873
0.687016
1.014177
0.705178
0.704071
0.699933
0.690866
0.690756
1.000331
0.694355
1.019393
1.010587
1.029124
0.998904
0.999169
1.008987
1.018100
1.025563
1.019508
1.022010
1.011737
1.032540
1.021791
1.029629
1.026792
1.029561
1.005199
0.699443
0.704356
0.697379
0.705988
1.003652
0.691837
1.023820
1.051363
0.699581
1.023552
1.017402
1.018442
1.032129
1.040465
1.038788
1.039210
1.001711
1.002421
1.013119
1.017130
1.015073
0.702426
1.024515
0.709661
1.016204
1.036650
1.021816
0.711937
0.696790
0.728391
0.691334
0.992953
0.999602
1.014930
1.009956
1.002379
1.021546
1.020629
1.027214
1.022500
1.015224
1.027483
1.010124
1.009976
1.324160
1.313174
1.004280
1.001939
1.011017
1.008346
1.003983
1.003765
1.017244
1.028226
1.020620
1.011154
1.023929
1.006209
1.036788
1.021947
1.005558
1.005987
0.996905
1.002022
0.995728
1.018062
1.022021
1.027035
1.032955
1.007572
1.020045
1.015810
0.996511
1.002356
1.018827
1.005238
1.003022
0.998119
0.998389
1.015023
0.998328
1.009484
1.018679
1.019087
0.998415
0.993500
0.989504
1.018607
1.000196
1.007351
0.704295
1.031941
1.016669
1.012382
1.001498
1.006020
0.989749
0.993002
1.002633
1.005191
1.035513
1.022823
1.026852
1.036711
0.994785
0.996294
0.996327
0.997040
0.997730
1.001873
1.021199
1.016770
1.017478
0.698284
1.029113
1.016615
0.701842
1.006729
0.694849
0.693826
1.004089
0.693441
1.020309
0.695704
1.000494
0.990894
0.983401
0.994031
0.999272
0.695015
0.691289
0.700580
0.703862
1.022614
1.014615
1.006552
1.003901
1.012312
1.015513
1.017839
0.991485
1.014502
1.001656
1.000754
1.000390
1.012296
1.010772
1.008693
1.020327
1.029222
1.006895
0.996595
1.002219
1.011620
0.988395
0.984713
0.990167
0.988314
1.019017
1.021420
1.023391
1.025415
0.696487
0.698670
0.705455
0.706604
1.036498
1.005745
1.006298
1.001105
1.025008
0.993904
1.018372
0.708310
0.732608
1.052101
1.029263
1.033145
1.035037
1.030291
1.023931
1.033552
1.049199
1.001903
1.002667
0.996238
0.995430
1.006926
1.013690
1.013203
1.023906
0.999094
1.012777
1.010977
1.013389
1.016371
1.020190
1.005222
1.021956
1.013774
1.007720
1.022384
1.025726
1.014307
1.005522
1.014571
1.014396
1.017140
1.010929
1.014585
1.016546
0.999345
1.015911
0.713495
1.024960
0.696406
0.711367
1.027781
1.024926
1.007250
0.698971
0.704407
0.691559
1.003642
1.026019
1.007285
1.030217
1.014827
1.008908
1.000769
0.706740
1.021934
1.005415
0.996594
1.005267
1.013714
0.728738
1.036268
0.719345
1.030859
0.704095
1.028585
0.711145
0.720544
0.719163
0.723891
0.710875
1.031295
1.038190
1.037106
1.020784
1.016111
0.704083
1.007888
1.024612
1.023839
1.031699
1.023053
1.030219
1.349177
1.336484
1.366113
1.367124
1.351891
1.333397
1.320460
1.330733
0.999814
0.988981
0.686596
1.003459
1.007103
0.687329
0.999842
0.989501
0.688502
1.034512
1.039633
1.014906
1.008301
1.008100
0.696155
1.004123
0.990841
0.714378
0.705475
1.018062
1.003571
1.000978
1.018321
1.017695
1.020540
1.030119
0.994622
1.000009
1.005041
1.013810
0.699361
1.030118
1.322099
1.010832
1.020974
1.014128
1.009951
1.005745
1.004575
0.996728
0.993273
1.009484
1.005501
1.014618
1.012052
1.009299
1.002637
1.015772
1.022742
1.020232
1.003764
1.000611
1.014629
1.000298
1.003171
0.993033
1.033064
1.011211
1.006324
0.997168
1.011998
1.000876
0.997021
0.993529
1.006393
1.304608
1.316788
1.306731
1.323902
1.324753
1.316004
1.320083
1.017190
1.002125
0.999266
0.700017
1.009092
1.013376
1.018302
1.024693
1.009817
1.022128
0.706353
0.699508
1.016965
1.014066
0.703443
0.706507
1.011366
1.013446
1.007833
1.022193
0.990280
0.996939
1.009459
1.013460
0.996646
1.011726
1.005148
1.324455
1.332029
1.333869
1.332465
1.007729
1.024003
1.033929
1.017734
0.692620
0.689897
1.016710
1.005149
1.009576
0.995597
1.005441
1.022429
1.014687
1.010805
0.700480
0.705809
0.701602
0.698045
1.000882
0.998532
0.696174
0.704878
0.689020
0.688054
0.695810
1.011389
1.013014
1.011630
1.006610
1.016320
1.022551
1.019547
1.022191
1.040422
1.038725
1.050266
0.713604
0.713061
0.715085
0.707874
0.709027
1.028571
1.029565
0.704293
0.699684
0.706705
0.709103
0.707887
1.021435
1.001224
1.000142
1.002765
1.002487
0.700861
1.007508
0.714366
0.705935
0.705739
0.697810
0.711263
1.026426
0.710604
1.030612
1.000759
0.703501
1.017814
1.027813
0.999397
1.045268
1.008674
1.008769
1.014121
1.002967
1.008656
0.998744
1.003124
0.710118
1.015169
0.997406
1.015070
1.021015
1.013443
1.008404
1.008525
1.007914
1.000116
1.005148
1.018355
1.010106
0.999419
0.999307
1.036543
1.012373
1.005680
0.990095
0.993527
1.004370
1.011971
1.003664
1.059413
1.030012
1.012912
1.028907
1.027721
1.023816
0.725252
0.713116
0.700960
0.694896
0.689657
1.003271
1.005238
0.996789
0.987541
1.300442
1.306468
1.005297
1.001566
1.003136
0.696518
0.699205
0.698290
1.001167
0.997506
1.006311
1.008675
0.707993
0.697182
0.699719
0.992573
0.986007
0.989399
0.996887
1.006415
0.699056
1.010643
1.005898
1.001288
0.697154
0.694976
0.690547
0.988896
1.006474
1.011376
1.059258
1.043244
0.701239
0.994155
0.994444
0.997722
1.007589
1.012330
1.017511
1.002591
1.001018
1.019154
1.000586
0.991958
0.996477
0.999798
1.314028
1.001385
1.006092
1.015297
1.050702
0.704365
0.719569
1.004111
0.703883
0.691783
0.689843
1.005688
0.989752
1.005204
1.005006
1.005829
0.695763
1.007295
1.008150
1.020483
1.008325
0.704904
0.743882
1.059206
1.052504
1.033381
0.715227
1.042052
1.066264
1.015100
1.034454
1.025383
1.025323
1.033923
1.021741
1.026877
1.035671
0.989782
0.996301
1.019476
1.022521
0.698931
0.695163
0.698253
0.707138
0.697265
0.708678
0.700985
1.007719
0.699318
0.997401
0.697117
0.688251
1.019601
1.002634
1.010180
1.005857
1.014857
0.711979
1.015026
1.029769
1.044562
1.018881
1.006398
1.004383
1.013149
1.021288
1.010968
1.030198
1.037766
0.999621
1.000186
0.998192
0.997536
1.007211
1.005076
1.011815
0.696612
1.000456
0.700270
0.746836
0.763036
1.009093
1.018495
0.705257
0.713188
0.715184
0.705741
0.704615
1.031782
1.032954
1.026057
1.023617
0.994103
1.008692
1.025636
1.030341
1.019459
1.009825
1.013231
1.018241
1.003813
0.695114
0.695596
0.697808
0.698252
1.010119
0.997701
0.706365
0.703539
0.700205
0.698214
0.700801
1.009441
1.009777
1.010347
1.016893
1.005294
0.695005
1.011592
0.704484
0.697345
0.709656
0.713679
0.706870
1.029102
1.030655
1.011123
1.017546
1.011859
1.014931
1.010329
1.046934
1.006411
1.020870
1.008996
1.005654
0.998486
1.009052
1.011931
0.694498
0.999584
1.017770
1.034252
0.720768
0.707487
0.697045
0.700232
0.705096
1.026332
1.021708
1.017416
1.011746
1.021681
0.705387
0.699756
0.705566
0.696790
0.697035
0.699976
0.703353
1.005313
1.008132
1.003609
1.006286
1.010257
0.761571
0.723536
0.709716
1.013428
0.701546
0.715652
1.050492
1.015793
1.051057
1.022384
1.036755
1.031423
0.710437
1.032231
0.716176
1.027412
0.739837
0.712167
0.700165
1.019854
1.019240
1.016295
1.027876
1.030746
1.026021
1.021468
1.018437
1.030868
1.020656
1.034154
1.032291
1.035067
1.030704
1.035109
1.012429
1.009760
0.695350
1.022282
1.018290
1.019158
1.009538
1.016355
1.007618
1.058718
1.020143
1.006581
1.029236
1.034993
0.718163
1.049185
1.060697
1.041936
1.016476
0.707527
0.711313
1.015475
1.022817
1.024286
1.026637
1.023452
1.023619
1.024900
1.029524
1.022922
1.030832
1.017272
1.037441
1.013021
1.044370
1.050020
0.720833
1.028874
0.993011
0.995282
0.990284
0.992678
1.004318
0.997031
1.015872
0.701905
1.012817
1.013109
0.696988
0.702407
0.703329
0.991037
0.997837
1.001102
0.696880
0.697075
1.001555
1.004312
1.004212
1.012769
1.030734
1.010616
1.018715
1.018523
1.027628
1.026479
1.037424
0.713701
1.012123
1.017075
1.013067
1.010275
0.996434
1.008578
0.708848
1.014766
1.022750
1.028713
1.029528
0.729800
1.036549
1.017099
1.016648
1.000307
0.997060
0.996933
1.015608
1.017988
0.695701
0.996391
0.998341
1.001273
0.998359
1.000168
1.005615
1.010285
1.009171
1.028126
1.017064
1.032806
1.017199
1.020756
1.028321
1.017620
1.002798
1.018465
1.002311
1.009449
0.693179
0.694858
1.000081
1.013032
1.013307
1.017883
1.029616
1.025334
1.010658
1.006408
1.010267
1.021650
1.000542
1.009429
0.994902
1.303258
1.320029
1.300311
0.990445
1.002640
1.024223
1.022074
1.012477
1.001344
0.995990
1.006425
0.998452
1.012057
1.009493
1.035814
1.020487
1.014458
1.306311
1.304386
1.300179
1.297321
1.301438
1.317998
1.327521
1.009657
1.006920
1.040094
1.030208
1.031795
1.025998
1.340284
1.008246
1.310113
1.013562
1.008309
1.297981
1.319668
1.329111
1.328492
1.316454
1.314860
1.039549
1.033130
1.037141
1.029707
1.034743
1.023728
0.994095
0.995335
0.996624
1.009546
1.008779
1.014071
1.307807
1.305751
1.298292
1.311868
1.616680
1.617321
1.629446
1.598072
1.311276
1.340137
1.017761
1.036016
1.022467
1.004995
0.698466
0.704069
0.701040
0.714023
1.014898
1.006161
1.003837
1.020028
1.037034
1.027003
1.042476
1.042502
1.008264
1.016481
1.011032
1.001790
0.996946
0.993936
0.996318
1.001605
1.004083
1.013378
1.011808
1.019746
1.011268
1.329130
1.331022
1.320528
1.331980
1.035890
1.001363
0.999776
0.999239
1.012213
1.003212
0.991203
0.696993
0.707202
0.704416
0.701202
0.712165
0.709218
1.024086
1.004621
1.000591
1.008129
0.996073
1.025399
1.007466
1.017775
1.009536
0.998053
1.011090
1.308636
1.623660
1.643054
1.644311
1.633217
1.613891
1.616546
1.323191
1.338735
1.317342
1.317237
1.320264
1.007656
1.011986
1.015665
1.019103
1.024484
1.003040
1.024071
1.018424
1.021427
1.016402
1.013815
1.016538
1.002283
1.004276
1.013743
1.005817
1.006604
1.018707
1.004099
0.996063
1.032489
1.017480
0.704862
1.026285
1.030519
0.701569
0.713785
0.707310
0.706908
0.707263
0.713320
0.702399
0.708075
0.693964
0.695984
0.695248
0.700740
0.693093
0.686682
0.710881
0.716067
0.711657
0.707861
0.704045
0.707343
0.715714
0.713325
0.698267
0.697413
0.692707
0.704903
0.707726
0.705783
0.697279
0.703363
0.709661
0.712633
0.719579
0.765734
1.038639
0.703244
0.706211
0.709596
1.020280
0.695383
0.723138
0.710102
0.710517
0.733201
0.713758
1.336255
1.019628
1.024073
1.011349
1.020059
1.018981
1.020097
1.030304
1.030086
1.038834
1.002573
1.006517
1.000646
1.302560
1.326327
1.016149
1.017367
1.019074
1.003508
1.008257
1.012317
1.016600
0.998961
1.025566
1.010516
1.004026
1.013350
1.005711
1.017941
1.019533
1.018757
1.013058
0.999378
0.995660
0.994163
0.981792
0.692136
1.000917
1.017814
0.698329
1.010379
1.028433
1.017509
1.012017
1.019994
1.041713
0.992501
1.009701
1.319987
1.328981
1.322553
1.326608
1.306851
1.003709
0.994763
1.013708
1.021711
1.003446
0.999952
1.012569
1.009532
1.008418
1.017226
1.010859
0.998920
1.011489
1.008533
1.004666
0.994483
1.006444
1.002069
1.036543
1.010109
1.315622
1.018503
1.023492
1.011344
1.019590
1.016484
0.698802
0.689318
0.698321
0.707382
0.702349
0.703062
0.685567
0.691756
0.699829
0.688879
0.686855
1.004029
0.984464
0.997245
0.703447
1.012881
0.707535
1.007883
1.023735
0.696906
0.703658
0.702066
0.695560
0.693853
0.699633
0.692249
0.692291
0.710726
0.707524
0.703790
0.698815
0.705159
0.689894
0.692995
0.698179
0.698557
0.690269
0.692184
0.691921
0.689137
0.700216
0.705701
0.708841
0.701351
0.705848
0.702172
0.705266
0.705362
0.703461
0.693753
0.693381
0.695511
0.699062
0.709793
1.016397
0.698893
0.712777
0.710330
0.708086
0.721661
0.701143
0.714765
0.715778
0.713574
0.712679
0.697830
0.700590
0.693468
0.703343
0.705811
0.710483
0.698262
0.697870
0.695422
0.708718
0.696054
0.702697
0.684868
0.994936
0.692649
0.697273
0.714539
1.010412
1.044181
0.992782
1.005206
0.699823
0.699513
0.708339
0.700505
0.696996
0.701878
0.690089
0.705438
0.700134
0.708533
0.716520
0.710312
0.704640
1.034829
1.023434
1.019744
1.013658
1.011802
0.698963
0.703971
0.705307
0.702206
0.692748
0.694164
0.698229
0.702301
0.692220
0.687561
0.694752
0.692750
0.691433
0.695506
0.704058
0.690845
0.700395
0.699505
0.694759
0.708155
0.708186
0.705408
1.026277
0.699866
0.697329
0.702077
0.704981
0.704718
0.706950
0.706564
0.698339
0.693664
0.693682
0.712333
0.699515
0.704000
0.696611
0.702752
0.699408
0.706020
0.701279
0.694320
0.706145
0.702445
0.707238
0.704779
0.711296
0.705141
0.707611
0.703860
0.695410
0.714620
0.703531
0.699241
0.708785
0.697972
0.698638
1.021315
1.013189
0.696699
0.697660
0.689528
0.713153
0.699154
0.706633
0.700179
0.702032
0.692299
0.696558
0.697659
0.712955
0.707781
0.690424
0.709836
0.999743
0.993160
0.689546
0.692119
1.002193
0.999280
1.011784
0.998086
0.994272
0.991195
0.991578
0.698317
0.696890
0.999383
0.992659
1.007618
0.696403
0.710292
1.010318
0.692847
0.697945
0.708396
0.703045
0.692222
0.690526
0.691113
0.696737
0.705737
0.698596
0.689626
0.696770
0.688316
0.701974
0.699187
0.696252
0.710761
0.701188
1.016737
1.021435
1.008312
0.695214
0.705171
0.715059
0.717304
0.707261
0.700698
0.701400
0.714614
0.705078
0.710127
0.704745
0.720468
0.712577
1.027876
1.010561
0.996484
1.012004
1.018089
1.018266
0.695584
0.706746
0.705038
0.696635
0.709058
0.700049
0.702959
0.690672
0.691944
0.696192
0.698193
0.985013
0.995631
0.992441
1.005722
1.024760
1.015171
1.024073
0.710624
0.704516
0.699013
0.703374
0.698678
0.692279
0.703295
0.700100
0.703643
0.706307
0.698705
0.692654
0.701074
0.698468
0.701951
0.702747
0.716379
0.714165
0.706181
0.708495
0.710972
0.709290
0.707489
0.699953
0.704604
0.696243
0.698873
0.696544
0.711581
0.697697
0.708103
0.704154
0.711848
0.713501
0.712963
0.694368
0.999626
1.002298
1.031981
1.006801
1.013199
1.010119
1.006474
1.011087
1.010134
1.015824
1.349532
1.354240
1.342805
1.016173
1.001764
1.007591
0.701138
0.690696
0.703987
0.705409
0.696293
1.004002
0.703922
0.701218
1.287363
1.299860
1.316469
1.300977
1.315215
1.311137
1.329160
1.327317
1.304293
0.995388
0.994497
0.994292
1.006819
1.024408
1.022273
1.025188
1.017513
1.000308
1.016432
1.005396
1.013352
1.002615
0.701387
0.708856
1.005120
0.987051
0.997309
0.991636
1.298894
1.053599
1.051455
1.051765
1.031934
1.010380
1.022759
1.014524
1.017980
1.020257
1.018446
1.064380
0.734733
1.036648
1.041679
1.040741
1.051797
1.053699
1.042047
1.032491
0.722129
0.719245
0.711261
0.698756
0.693908
0.696148
0.704087
0.717906
0.711858
0.715932
0.722503
0.705664
0.710450
0.712843
0.713086
1.013583
1.010598
1.002724
0.696238
0.695682
0.703237
1.021602
0.705170
0.698830
1.011831
1.031631
1.023619
1.003544
1.022516
1.014337
1.016418
1.013103
1.000323
1.020428
1.002987
1.020898
0.706876
0.696663
0.704765
0.711455
1.028057
1.015010
0.708364
0.712537
0.717806
0.726373
0.713389
0.708603
0.710452
0.714678
0.712439
0.705060
0.707057
0.702847
0.713405
1.010626
1.012366
0.997942
1.010826
1.007500
0.723742
0.709487
0.725425
0.717565
0.714148
0.696488
1.017006
1.006990
1.013573
0.993321
0.991895
0.991342
0.995533
1.015566
0.695773
1.014352
1.040972
1.030079
1.030651
1.021500
1.021348
1.023774
1.012302
1.011795
1.007022
0.995146
0.995134
0.997450
1.012411
0.701856
1.005774
1.018855
1.016687
1.003160
1.018119
1.020813
1.017430
1.004206
1.015809
1.018453
1.007920
1.009384
1.018389
1.024814
1.028359
1.046978
0.998496
1.007981
1.333490
1.305648
1.008434
1.015283
1.015549
1.323421
1.311777
1.014716
1.022645
1.012809
1.025549
1.019060
1.008580
3.741855
3.412361
2.464458
2.464351
2.675053
1.543855
1.789201
1.607685
1.543174
1.233949
1.548044
1.226743
2.271090
1.543540
1.544741
0.389303
2.176662
1.548906
1.240453
1.546519
1.241746
1.545619
2.912116
3.299951
2.170435
2.679590
2.169933
2.474850
1.544569
2.675440
1.854281
1.538005
3.430729
2.809905
2.489487
1.917763
1.845164
1.539828
1.855564
1.838063
3.889650
2.760054
1.844067
1.028218
1.869885
1.236101
2.281920
1.556578
1.231419
1.536813
1.550887
1.547318
1.556799
1.566925
1.230021
1.556307
1.021354
2.757398
2.487439
2.168250
1.550975
1.546447
1.545082
1.554357
1.243295
3.928405
2.475029
1.832716
1.532339
0.603135
2.991645
3.326456
2.456151
1.852261
3.250069
1.537229
2.157917
1.842306
1.867112
0.703260
0.711763
0.707417
0.704007
0.703624
1.021175
1.035862
1.043546
1.045314
5.501643
4.434513
3.278768
3.111988
2.189635
2.500025
0.394216
2.373776
1.765927
2.069263
3.207691
2.584386
2.735117
1.571059
1.882873
1.902463
1.567442
1.574217
1.036005
1.045963
1.037474
2.408821
1.568070
1.573393
1.881189
1.571772
1.568905
1.038459
1.872700
1.252866
1.565857
1.246280
1.560300
0.399468
1.566537
1.034492
0.403238
2.622102
1.573958
0.402108
3.047970
2.514599
1.874876
1.570997
1.560674
1.043524
1.883113
1.552935
0.400130
2.738801
2.547960
1.885553
1.350850
1.883525
1.878465
1.564934
1.889869
1.370410
2.291552
0.700814
0.698591
0.701867
0.727344
1.042547
1.046778
1.048301
1.027425
1.033972
1.031485
1.044329
1.030929
1.023332
1.032793
1.024476
1.024377
1.030782
1.024136
1.039594
1.001554
1.022081
1.009799
1.020193
1.011657
1.010567
1.016534
1.008295
1.005519
1.003299
0.700699
0.694716
0.708399
0.720951
1.023712
1.028203
1.022025
1.004602
1.009194
1.003355
1.023535
1.020691
1.021408
1.024283
1.022522
1.013070
1.032368
1.021476
1.017975
1.018623
0.704011
0.708163
0.738642
0.711466
0.712069
1.026409
0.723370
0.719828
0.712889
0.715304
0.703810
1.027532
1.026531
1.035337
0.713963
0.713337
1.025661
0.714561
0.708560
0.713078
0.719489
1.033145
1.029885
1.033299
1.029270
0.701217
1.027200
0.705818
0.703510
0.707330
0.697701
0.713983
1.050207
1.056902
1.053230
1.057563
1.043283
0.719755
0.712928
0.717850
0.719663
0.702435
0.713918
1.033079
0.703099
0.707256
0.701825
0.704701
1.014301
1.033551
1.098520
1.030534
1.018262
1.024828
1.026134
1.020576
1.019205
1.013778
1.007486
0.694976
1.021407
1.024677
1.010211
1.015114
1.009993
1.018576
1.019661
1.007284
1.023072
1.001027
1.008425
0.993788
0.987267
0.989093
1.024598
1.021240
0.694639
0.699645
0.706581
0.699826
0.699507
0.701088
0.705255
0.693524
0.709188
0.690683
0.708198
1.030372
1.022894
1.012721
1.007552
0.704597
1.013441
1.025575
1.039364
1.030501
1.036642
1.023579
1.028656
1.037073
1.042588
1.026379
1.026142
1.026505
1.335208
1.039659
1.361047
1.027490
1.344154
1.324449
1.026054
1.352087
1.033546
1.361541
1.361413
1.334144
1.022016
1.365878
1.345695
1.039625
1.042106
1.030599
1.353532
1.018242
0.709529
1.007184
1.315363
1.013325
1.016191
0.994939
1.311630
1.294187
1.629519
1.326122
1.329132
1.336612
1.307507
1.328255
1.002708
1.019927
1.029369
1.630303
1.319221
1.002884
1.311322
1.627995
1.306456
1.346545
1.317557
1.324581
1.326464
0.707863
1.032565
1.029464
1.034698
1.025316
1.023212
1.029766
1.027056
1.018323
1.011483
1.030455
1.013547
1.007193
1.003538
1.020704
1.012317
1.014321
1.013986
0.711293
0.712364
1.012537
1.013045
1.008181
1.012814
1.003060
1.012785
1.000647
1.013439
1.026243
1.036009
0.716610
1.059126
0.718885
1.029774
1.029963
1.356702
1.353541
1.345260
1.355443
1.023573
1.041126
1.043227
1.012246
1.008049
1.015077
1.012461
1.041693
1.036540
1.046743
1.035744
1.057000
1.039841
0.719778
1.052299
0.995269
0.994313
1.011627
1.025414
1.024180
1.018380
1.012509
1.023566
1.011051
1.021438
1.033359
1.019034
1.010995
1.000037
0.996741
1.308867
0.995997
1.004469
1.326403
1.634808
1.316309
1.330330
1.309603
1.329879
1.320160
1.022022
1.008624
1.020235
1.333786
1.013250
0.705865
1.005059
1.036167
1.303715
1.005364
1.004013
1.630402
0.997747
1.305033
1.325451
1.027851
1.985777
1.018984
1.003937
1.008247
1.609893
0.998352
1.015051
1.309242
0.693915
1.306246
1.007060
1.910798
1.648337
2.238672
1.607429
1.930896
1.610247
1.633236
1.945501
1.948495
1.329838
1.331552
1.023897
1.319468
1.001622
1.013278
1.315020
0.697674
1.012738
1.321617
0.696208
0.697883
0.705406
1.967206
1.020492
0.699544
1.310967
0.708357
1.020876
1.302507
0.695983
1.010489
1.016221
1.017772
0.709929
1.016152
1.633143
1.603475
3.433412
1.625694
1.019476
3.444901
1.109722
3.249753
1.295929
0.689568
0.709745
2.617109
0.717826
0.698495
0.711382
2.550983
0.696756
0.701487
0.697399
0.692105
1.926564
0.696372
0.700763
1.344550
0.715072
2.262286
0.692058
2.238549
2.551365
0.700015
0.704971
0.704909
0.692833
0.699249
2.254430
2.885245
2.260651
2.880936
2.578753
1.327674
3.169042
2.552392
1.327632
1.333451
1.345105
2.285031
2.561881
1.334732
2.268670
3.162938
2.897093
2.248389
2.148102
1.322001
2.149010
1.323930
0.704446
1.831791
0.706595
1.331608
1.850166
1.331656
1.852543
2.166349
1.335082
0.713672
1.863662
0.921857
2.876811
2.850373
2.461002
2.554854
1.317323
1.339305
2.152621
2.151585
2.237071
2.139676
3.791904
3.200646
3.850789
3.556499
3.912960
1.340610
0.994282
1.315391
1.313729
1.983122
1.634189
2.558725
2.872249
4.103479
4.144198
3.678460
2.992596
2.143557
2.777309
2.482446
2.055679
2.466874
3.086303
3.079415
3.055451
2.730421
2.747387
2.443722
1.335662
1.335446
3.194397
1.000135
2.545933
1.329334
1.328351
1.642416
4.069943
4.115802
4.371143
1.020396
0.709127
0.717106
0.720964
3.673804
1.035671
1.317405
1.605337
4.372782
4.048468
4.339903
1.317717
0.723583
1.030889
2.898943
3.437861
3.500057
3.181347
4.711521
5.037407
3.082274
3.060952
2.160322
1.848246
2.701476
1.023733
1.853085
2.971629
2.496840
2.251643
1.878704
1.893961
1.838601
1.529355
1.552512
1.547009
1.554356
1.543254
1.864630
1.535166
1.535356
2.160926
1.859679
1.850707
3.038469
3.070820
1.871204
1.872252
1.547494
1.545361
2.183076
2.681418
1.532495
2.179484
2.999380
2.482963
2.156884
1.826568
1.839773
1.840569
1.860573
2.744087
2.370446
1.852808
3.092497
2.774847
1.838748
1.021799
1.924969
1.889728
2.975130
2.781358
2.150581
2.140760
1.536473
2.152595
2.397630
2.679266
2.693472
1.549750
3.094693
2.806091
2.692322
3.426849
2.464915
2.366023
1.849161
1.847891
2.036684
3.077836
2.485983
2.493991
2.437002
2.461298
2.163218
1.337461
0.710122
1.336595
2.251587
4.113119
3.779964
3.057176
2.484470
3.052031
3.190216
1.885483
1.874925
1.877232
1.883650
2.486051
1.767206
1.573927
2.204606
2.618276
2.488912
2.676014
2.910604
2.135541
2.150623
1.019641
0.815689
2.677208
1.544953
2.130594
1.539379
1.582530
1.859738
2.891907
2.689451
2.576847
2.658369
2.965953
1.860802
2.166162
0.817704
2.364894
1.840585
2.885977
2.893609
1.535493
2.648633
2.461921
2.691001
2.689505
4.936563
3.801082
3.057169
2.989073
2.962568
2.354966
2.056723
2.384544
3.011525
2.102981
2.793635
2.386058
2.678152
2.371524
2.957036
2.054354
2.993391
2.647523
2.340446
2.647268
2.370060
2.970995
2.643299
2.691603
2.969885
2.350395
3.816345
2.685426
2.462786
2.676455
2.353589
2.665751
2.690060
2.355085
2.049166
2.686029
2.089759
2.687291
2.361122
2.345875
1.532085
3.529026
2.058953
2.370895
1.543798
2.064672
2.045967
2.580363
2.781685
1.528659
3.499245
1.528625
3.996328
2.660998
2.663361
2.673751
1.543303
2.887800
2.967819
2.682699
3.232675
2.983694
2.350240
2.959323
2.657035
2.646142
2.353128
2.706262
3.192325
3.479129
2.665945
2.683651
2.066080
2.678547
2.970166
2.685783
2.650784
2.700689
2.891863
3.775072
4.221624
3.190281
2.952269
3.226778
4.112688
3.213232
2.551697
3.681482
2.271989
5.599717
5.235347
3.722927
3.313088
2.659531
2.644806
3.255825
2.705789
2.878866
2.352552
2.579154
2.361645
2.564231
2.885704
3.014127
3.993504
3.288999
5.707271
5.611057
5.636920
4.820935
3.330205
4.969162
3.851286
4.713169
4.042462
4.068454
3.981417
4.343870
5.622223
5.038082
4.583092
3.180977
3.921658
4.601702
3.734220
4.287354
3.509539
4.601884
4.936942
3.551076
5.467001
4.385902
5.608754
5.293319
4.408699
5.634426
3.657045
4.016562
4.971510
3.693905
2.560542
2.354626
2.560392
3.297917
2.980825
2.887948
2.351641
2.659329
2.674180
3.497215
3.739559
3.257559
4.227576
3.897011
4.011206
3.191870
3.498169
1.742566
5.458438
5.471565
5.617613
5.415181
5.606448
5.693831
5.518751
5.548236
3.471388
2.958825
3.970658
1.549118
2.676065
4.398521
5.667928
5.575327
3.679558
5.345308
4.640742
3.901033
3.372605
2.986288
3.185812
2.573941
3.971219
2.576368
2.655900
3.999015
2.366355
2.558982
5.307287
3.452550
3.986471
2.584054
4.494156
2.568030
2.345668
3.288261
2.685583
2.970901
2.354658
2.566944
3.158480
2.865797
3.508811
2.567422
4.785449
3.308057
2.659125
2.987518
2.665651
3.292891
4.218907
2.881091
3.303947
2.592743
2.692885
3.499139
2.649355
3.257668
2.350983
2.868288
2.878014
2.573671
3.721469
2.660238
2.580107
2.586923
4.003418
2.662988
2.692328
2.360648
2.868626
3.208151
3.951554
3.738232
3.278975
4.006895
2.563711
3.610803
2.864975
4.396885
3.281617
2.650280
2.567238
2.358508
2.590381
4.618857
2.668702
2.882317
2.365163
3.927440
4.086365
2.417214
2.857956
2.695047
2.936152
3.519289
2.375266
2.666121
2.359268
5.643636
5.529566
3.719686
5.127161
2.567721
2.373226
2.672370
2.670133
2.697381
2.350153
3.579610
3.561415
2.566797
2.368896
2.575343
2.376781
3.890717
2.669352
5.610166
5.619105
3.470764
2.678658
2.578434
4.002274
4.312498
2.674581
3.320345
2.653229
4.831454
4.007089
2.601723
2.373031
2.579258
2.401773
2.610086
3.017270
2.364359
2.683085
2.384912
5.524513
3.004537
4.906085
4.681460
2.386806
2.655048
2.878081
2.342390
3.913650
2.709175
3.302531
2.703094
2.561587
3.999253
2.593731
2.695260
2.576460
2.359187
3.576275
2.956472
2.957922
2.369955
2.879642
2.981431
2.954140
2.658584
2.863652
2.678028
3.587989
3.004087
2.891760
2.656386
3.297444
2.668184
4.013980
2.650624
2.952553
4.735895
3.021825
3.315968
2.673127
2.887117
2.685672
4.191137
2.957365
3.834450
2.691920
2.690099
3.588474
4.077805
3.865335
5.556458
5.646772
5.521558
5.550782
4.390438
4.806023
2.669566
4.217705
2.977066
2.986479
2.692794
2.982072
2.988365
2.967747
2.676523
2.952858
2.642407
3.566446
2.963501
2.962162
2.655123
2.965050
4.828777
5.421447
1.535749
4.521882
3.240674
3.472238
2.360180
1.865614
2.773170
0.594111
4.322416
4.493953
2.995676
5.094363
3.995645
4.542603
4.363849
2.650385
2.875486
2.961745
2.979804
3.241533
3.895240
3.764847
4.199132
1.748465
4.560337
2.356297
2.393516
2.589507
2.368545
2.083900
2.999029
0.683089
0.995288
2.542334
5.813891
4.144575
2.463015
2.137067
2.450807
3.906307
0.605070
4.218580
1.560072
2.370465
3.302483
2.163814
2.149051
2.156982
2.470389
2.155397
2.457341
2.173301
0.706666
0.701320
0.999741
1.001282
1.019247
1.025594
1.023760
0.995268
1.016910
1.321065
1.009107
1.003400
1.011207
1.296974
0.996254
1.003741
1.003809
1.018124
1.312153
1.026777
1.027430
1.005595
1.019668
1.018054
1.018305
1.016503
1.007398
1.021918
1.015542
0.999520
1.306308
0.999932
0.996343
1.004856
1.015180
1.012291
1.022276
1.013194
1.021263
1.000996
1.000907
1.019245
1.339777
1.029047
1.028991
1.027324
1.015685
1.010798
1.013667
0.999809
1.010229
0.999443
0.999168
1.337563
1.015201
1.017263
1.022678
1.018395
1.022325
1.026833
1.024899
1.033454
1.042266
1.037275
1.299431
0.992106
0.986193
1.025522
0.997024
0.996447
1.004877
1.021625
1.010466
1.045368
1.038133
1.006681
1.349490
1.013319
1.057877
1.043940
1.007881
1.010551
1.021090
0.994406
0.993509
0.992875
1.008739
0.999898
1.308676
1.003293
1.019812
1.025179
1.023995
1.009539
1.012632
1.010145
1.030749
1.037938
1.027295
1.023214
1.342366
1.025043
1.013925
1.012649
1.008409
1.027717
1.008003
1.020738
1.014634
1.009493
1.020837
1.020627
1.327410
1.002840
1.013803
1.010869
1.008313
1.027329
1.030504
1.002775
0.994857
1.002148
1.005987
1.004416
1.332352
1.046861
1.040532
1.038335
1.020328
1.018555
1.007657
1.007624
0.997044
0.994657
0.997863
0.999675
1.310225
1.000838
1.011513
1.030051
1.011803
1.011831
1.018756
1.018189
1.013022
1.008301
1.010226
1.007968
1.319157
1.002313
1.013582
0.994003
1.011659
1.023240
1.025077
1.021174
1.003125
1.015605
1.025692
1.010017
1.298966
1.001869
0.997085
1.023111
1.023040
1.014748
1.010332
1.000469
1.008114
1.003474
0.996131
1.008235
1.307330
1.001133
1.004574
1.005348
1.010086
0.993769
1.011249
1.041707
1.031699
1.027021
1.008000
0.982989
1.285473
1.003849
1.017296
1.009043
1.016231
1.020526
0.993288
1.008910
1.014583
1.000105
1.023176
1.010912
1.328822
1.014372
1.004291
1.008766
0.994714
1.004795
1.020142
1.018471
1.016462
1.014644
1.028273
1.023521
1.330703
1.006156
1.015281
1.007406
1.008414
1.017009
1.009259
1.000317
1.006919
1.003176
1.022129
1.022972
1.309244
1.011473
1.020423
1.015763
1.012022
1.024173
1.036989
1.025087
0.997335
1.008851
0.999993
1.000740
1.309272
1.008926
1.007732
1.008328
0.997084
0.988239
1.002653
1.011655
1.021129
1.016675
1.026603
1.021112
1.308363
0.994813
0.996763
1.011399
1.003366
1.011333
1.011122
1.009382
0.990075
0.998041
0.991514
1.002456
1.320234
1.013525
1.001524
1.008688
1.025635
1.016287
1.013945
0.993275
1.002850
0.991622
0.994727
1.002078
1.311170
1.000288
1.003393
1.019039
1.027117
1.025843
1.042655
1.025196
1.046325
1.038129
1.344790
1.028129
1.034872
1.022215
1.019282
1.019099
1.010369
1.008218
1.002313
1.007614
1.012166
1.318218
1.006287
1.022815
1.025327
1.026559
1.028671
1.038148
1.028170
1.034594
1.043630
1.044429
1.031546
1.336056
1.035938
1.013795
1.007556
1.005292
1.016785
1.011466
1.007292
1.001498
1.007251
1.021940
1.018032
1.310717
1.000295
1.010970
1.000476
1.001988
1.016936
1.000403
1.010032
0.992714
0.995041
0.995073
1.311268
1.020675
1.011154
1.022863
1.020555
1.017637
1.021358
1.016623
1.019613
1.024904
1.009349
1.008814
1.304601
1.004598
1.011698
1.029947
1.022773
1.001367
1.014189
1.019003
1.011677
1.022682
1.338738
1.010434
1.017676
1.040580
1.046250
0.999427
1.012127
1.010811
1.013944
0.999069
1.008598
1.316645
0.998828
1.015038
1.012404
1.023452
1.022376
1.019564
1.019663
1.021879
1.023387
1.028682
1.016147
1.305283
0.994608
0.989624
0.989119
1.017937
1.026054
1.034190
1.037702
0.988512
1.004802
0.994680
1.300790
1.325955
1.311321
1.323734
1.308202
1.604375
1.295529
1.596840
1.590500
1.648025
1.011580
1.347340
0.997254
1.006031
1.001487
1.011019
1.013630
1.012536
1.004498
1.005069
0.992393
1.002530
1.307747
1.009317
1.021204
1.002413
1.012593
1.017962
1.043063
1.025146
1.030410
1.016452
1.298775
0.985770
0.982779
1.013596
1.005686
1.006673
1.009887
0.997703
1.019432
1.020652
1.037767
1.342241
1.039920
1.042671
1.034818
1.008987
1.009742
1.023159
1.011278
1.005382
1.010764
1.320020
1.007099
1.017251
1.016798
1.005820
1.032734
1.053061
1.027232
1.030813
1.006172
1.323016
1.008296
0.999643
1.012562
1.020474
1.014594
1.005492
1.003725
0.997742
0.998130
1.000600
1.314294
0.992077
1.035850
1.002810
1.000855
1.000149
0.995597
1.027168
1.008323
1.000212
1.016848
1.312241
1.034082
1.023777
1.006787
1.002351
1.000054
1.020689
1.011868
1.016195
1.022438
1.029199
1.307476
0.999809
1.003313
1.007976
0.999543
1.013337
1.014684
1.008813
1.016562
1.034412
1.029026
1.016675
1.339882
1.009841
1.002706
0.998834
0.998129
1.012135
1.006116
1.016137
0.998982
0.996896
1.001593
1.328214
1.002004
1.017554
1.021788
1.002386
1.013253
1.000648
1.005441
1.031447
1.020944
1.347152
1.007981
0.993709
0.996717
0.993422
1.014109
1.015089
1.014562
1.018503
1.030902
1.022636
1.335344
1.019758
1.003157
0.994255
0.995594
1.000511
0.997217
0.990158
0.994316
0.994715
1.310679
1.011937
1.029076
1.039356
1.021558
1.026584
1.016414
1.005290
0.999954
1.313883
0.997459
1.026170
1.024705
1.028230
1.066548
0.999047
1.097786
1.058686
1.014491
1.023452
1.323919
0.995304
1.027091
1.011250
1.027358
1.040279
1.037810
1.028414
1.021251
1.637899
1.004859
1.020606
1.005388
1.020853
0.999001
1.012792
0.997614
1.013455
1.005752
1.017596
1.309921
1.009935
1.021754
1.031938
1.024177
1.007260
1.015183
1.017186
1.012777
1.001564
0.993229
1.305128
1.063422
1.075488
1.062406
1.028820
1.050817
1.031510
1.038514
1.022762
1.043657
1.019510
1.350958
1.027660
1.031661
1.054058
1.056752
1.037230
1.043066
1.047644
1.040279
1.015922
1.012989
1.024751
1.333250
1.012383
1.014153
0.994259
1.004670
1.000919
1.026299
1.034311
1.022485
0.995628
1.636871
1.037783
1.020599
1.019860
1.018818
1.029366
1.010268
0.996768
1.002780
1.013560
1.340536
1.020922
1.020181
1.015968
1.021615
1.022944
1.021843
0.999691
0.994365
1.003163
1.007442
1.001150
1.315280
1.002549
1.012559
1.001878
1.005468
1.001025
1.008121
0.999990
1.006825
1.299540
1.001533
1.025263
1.004788
1.003145
1.045482
1.031079
1.001880
1.015617
1.018667
1.003663
1.314151
1.020339
1.021537
1.013740
1.019148
1.018073
1.007209
1.013057
1.015862
1.030144
1.000487
1.012686
1.325145
0.999565
1.016521
1.011851
1.001017
1.008080
1.005262
0.997275
1.003280
1.004366
1.021428
1.336969
1.010568
1.015951
1.007387
0.998456
1.002380
0.992625
1.004004
1.016107
1.014158
1.008283
1.314091
1.018450
0.999463
0.994575
1.012859
1.010590
0.994491
0.993978
1.005250
1.001399
1.634920
1.308784
1.008716
0.999467
0.997190
0.995800
1.000766
1.007759
1.006196
1.003348
1.001105
1.304070
1.001870
1.005677
1.004837
1.007489
1.016571
1.025198
1.020144
1.007435
1.003796
1.629022
1.322442
1.010842
1.013909
1.016502
1.003658
0.989578
0.992720
1.017065
0.995427
1.012160
1.306930
1.028188
1.027527
1.030454
1.028354
0.999951
1.007713
1.011299
1.013128
1.016810
1.029404
1.027541
1.344295
1.015862
1.007331
1.027492
1.004600
0.989582
0.984082
1.001315
0.999795
0.991326
0.992463
0.996975
1.322918
1.004381
1.004953
0.995053
1.003398
0.990383
0.990330
0.997332
1.006716
1.007479
1.001862
1.309613
1.028365
1.004858
1.014832
1.014383
1.014164
1.018764
1.018461
1.014771
1.014437
1.328451
1.327619
1.323023
1.020864
1.030727
1.017846
1.013957
1.010573
1.004624
1.019499
1.016687
1.011350
1.324853
1.016877
1.005408
1.006248
1.010076
0.999028
1.316453
0.996065
1.303888
1.008081
1.319754
1.016187
1.308948
1.301399
1.004634
1.017968
1.336655
1.015838
1.336583
1.010577
1.322295
1.012508
1.313382
1.018463
1.641403
1.298649
0.994426
1.006308
1.304445
1.009463
1.322469
1.028309
1.324465
1.021293
1.348155
1.027736
1.599958
1.300389
1.312959
1.008394
1.014822
1.325100
0.998278
1.314448
1.003367
1.307635
0.998026
1.606694
1.022721
1.012669
1.016326
1.316250
0.991211
1.291699
0.992257
1.338115
1.003954
1.312206
1.008087
1.594283
1.312912
1.309694
1.012339
1.014432
1.316629
1.031088
1.307948
0.993414
1.630091
1.324724
1.031877
1.018708
1.318893
1.020559
1.318940
1.003746
1.294471
0.992471
1.307426
1.633403
1.320775
1.070583
1.046677
1.332378
1.018815
1.315850
1.008716
1.320768
1.020201
1.608991
1.314615
1.311242
1.032207
1.322922
1.007406
1.336080
1.026804
1.338733
1.023529
1.322240
1.025857
1.646047
1.311898
1.302794
1.015876
1.328043
1.006283
1.326317
1.001965
1.309763
1.310952
1.005102
1.624311
1.313723
1.304858
1.006128
1.030704
1.393314
1.020457
1.300682
1.004153
1.308342
0.996805
1.626835
1.324816
1.349334
1.026036
1.307599
1.011063
1.312538
1.007645
1.299743
0.994521
1.301768
1.001446
1.617361
1.322195
1.337306
1.011012
1.306974
1.020397
1.328610
1.008563
1.333334
1.006255
1.325258
1.635577
1.329483
1.021294
1.028363
1.324021
0.996696
1.318642
1.014918
1.295607
1.010189
1.311971
0.987846
1.650655
1.322851
1.336701
1.021270
1.334304
1.014491
1.314585
1.002444
1.315652
1.006819
1.323160
1.014648
1.608876
1.296913
1.307124
1.014323
1.006204
1.314304
1.009367
1.326556
1.004132
1.317705
1.655539
1.339824
1.016329
1.027641
1.357321
1.032145
1.328708
1.003039
1.307730
1.002842
1.324652
1.017011
1.620827
1.307818
1.326532
1.332706
1.318600
1.004088
1.301868
1.015398
1.320374
1.010729
1.342924
1.012349
1.656882
1.329037
1.331600
1.030755
1.363781
1.029098
1.344653
1.031043
1.329302
1.001112
1.302053
1.008391
1.643018
1.332043
1.323354
0.996711
1.011393
1.306917
0.992382
1.304249
1.000151
1.315256
1.616830
1.312811
1.299139
0.986023
1.310958
1.035993
1.323568
1.025330
1.321486
1.008675
1.327213
1.014996
1.649764
1.340158
1.343482
1.010242
1.001068
1.307578
1.000129
1.314289
1.012065
1.309520
1.640188
1.322442
1.002111
1.017761
1.320201
1.013106
1.323938
1.001903
1.317890
1.014009
1.309794
1.002242
1.636388
1.329609
1.300952
1.004136
1.317562
1.012398
1.305308
1.005153
1.327708
1.321688
1.025337
1.615121
1.013593
1.012081
1.015859
1.336381
1.040752
1.346103
1.009474
1.321417
1.016546
1.306948
1.000799
1.625972
1.326952
1.000246
1.002331
1.329708
0.994128
1.305827
1.312874
1.307328
1.307957
1.312518
1.626193
1.324498
1.303964
0.994453
1.316962
1.330585
1.009981
1.292262
1.008075
1.314184
1.017648
1.633207
1.315077
1.312875
0.998387
1.002835
1.332102
1.020699
1.335705
1.008742
1.318558
1.016533
1.639382
1.312114
1.304763
0.996306
1.013203
1.329172
1.021477
1.331058
1.021854
1.326055
1.624702
1.321785
1.011983
1.009856
1.321505
1.015973
1.341550
1.016320
1.305860
1.017207
1.311928
1.016636
1.666739
1.331076
1.308346
1.010867
1.330918
1.005514
1.310084
1.023223
1.342044
1.030455
1.353847
1.029186
1.628561
1.319672
1.313303
1.017328
1.327923
1.028294
1.320047
1.012036
1.308578
1.023524
1.349919
1.047535
1.650647
1.318479
1.315653
1.022015
1.300857
1.005380
1.308131
1.012564
1.303469
1.016987
1.308669
1.608974
1.295075
1.301263
0.998341
0.999996
1.313495
1.009125
1.323834
1.016310
1.307428
1.016209
1.630184
1.328700
1.321120
1.014303
1.324608
1.013625
1.324394
1.016367
1.333943
1.014439
1.359433
1.004711
1.641442
1.321895
1.307084
0.993947
1.285451
1.007274
1.325503
1.002452
1.310179
1.013393
1.312557
1.022172
1.632869
1.318913
1.334543
1.006637
1.305610
1.016643
1.320848
0.989137
1.621409
1.612839
1.308828
0.993715
1.004716
1.326879
1.017142
1.335134
1.013640
1.298792
1.011526
1.318227
1.011110
1.636055
1.015498
1.299492
1.010937
1.332324
1.009269
1.306564
1.009023
1.302476
1.049322
1.335830
1.004668
1.632513
1.327882
1.301624
1.013411
1.019822
1.330316
1.031106
1.313943
1.005412
1.327111
0.999110
1.629381
1.327480
1.340799
1.024614
1.334430
1.046816
1.336849
1.004073
1.320818
1.013474
1.303834
1.615961
1.301446
1.322822
1.034394
1.302046
1.003921
1.323110
1.005007
1.309087
1.005033
1.302220
1.032373
1.651485
1.320770
1.303957
0.998509
1.010779
1.317894
1.008320
1.371495
1.019306
1.316043
1.004123
1.608536
1.305320
1.302850
1.002485
1.011502
1.364280
1.040123
1.331833
1.015484
1.307345
1.021147
1.614311
1.301297
1.320473
1.313949
1.326651
1.018294
1.317614
1.063691
1.400512
1.039702
1.353713
1.039361
1.645064
1.322933
1.322030
1.021114
1.317368
1.024631
1.322706
1.009432
1.330770
1.004265
1.333798
1.027534
1.655990
1.323675
1.317142
1.005777
1.321954
1.327087
1.017067
1.324593
1.042410
1.620150
1.300874
1.315657
0.997486
0.997239
1.343106
1.004839
1.319660
1.014985
1.317320
1.000991
1.613070
1.298655
1.305306
0.998886
1.313880
1.312212
1.004678
1.368558
1.013581
1.322855
1.608932
1.295698
1.287861
1.005853
0.995935
1.335878
1.024204
1.325866
1.008813
1.331737
1.018720
1.630541
1.327227
1.310986
1.341604
1.338499
1.318619
1.307109
1.337572
1.321731
1.320666
1.334981
1.312699
1.610580
1.321937
1.297133
1.315792
1.310618
1.308950
0.998620
1.319231
1.009102
1.311665
1.625237
1.298186
1.298241
1.005987
1.316873
1.336273
1.320777
1.326570
1.315720
1.304814
1.314775
1.637391
1.321162
1.308580
1.317235
1.313393
1.319031
1.326657
1.335022
1.310422
1.306689
1.300583
1.637397
1.321182
1.326910
1.323347
1.334797
1.016557
1.314016
1.006962
1.309471
1.002409
1.308264
0.993692
1.613585
1.299103
1.346695
1.354395
1.295479
1.306767
1.296411
1.302979
1.000268
1.928999
1.318785
1.316774
1.323356
1.318569
1.021803
1.345052
1.006234
1.319153
1.044307
1.359886
0.994478
1.601936
1.313262
1.330900
1.317612
1.333414
1.311539
1.325429
1.333119
1.334652
1.340350
1.309768
1.310709
1.622695
1.304238
1.314685
1.319006
1.329282
1.323071
1.340685
1.333571
1.352858
1.321245
1.646576
1.325234
1.338310
1.320730
1.024866
1.332311
1.328036
1.312228
1.934684
1.303231
1.321897
1.005583
1.302603
1.299317
1.311994
1.311832
1.310909
1.307930
1.318160
1.620086
1.324882
1.319289
1.338152
1.336911
1.303435
1.307709
1.325458
1.301388
1.301686
1.916494
1.626231
1.617599
1.642236
1.315601
1.335800
1.316653
1.306808
1.312298
1.326671
1.348008
1.642177
1.311077
1.314076
1.314996
1.322393
1.307948
1.329108
1.322614
1.333064
1.314264
1.607812
1.311386
1.317755
1.000684
1.317798
1.318257
1.337725
1.327060
1.308944
1.317075
1.602400
1.324738
1.330518
1.326617
1.319757
1.300971
1.337472
1.328792
1.342807
1.351610
1.326646
1.645575
1.329878
1.304429
1.011116
1.317618
1.316643
1.309228
1.299655
1.316540
1.318061
1.617510
1.320326
1.332929
1.337117
1.328635
1.340704
1.335487
1.315237
1.322493
1.016951
1.309942
1.300258
1.615798
1.326923
1.307518
1.317328
1.311420
1.324455
1.290045
1.341292
1.346538
1.336833
1.626953
1.301556
1.942196
1.623337
1.321063
1.331176
1.318035
1.304907
1.316089
1.339355
1.324948
1.317694
1.290255
1.297860
1.624566
1.305212
1.298509
1.334853
1.317617
1.317389
1.312412
1.317280
1.315904
1.314020
1.298079
1.319992
1.616527
1.295031
1.294250
1.315427
1.298450
1.307999
1.620193
1.321058
1.307074
1.317050
1.616352
1.332676
1.937392
1.323574
1.315550
1.305997
1.314192
1.308411
1.313549
1.314780
1.332833
1.340815
1.641606
1.325482
1.918762
1.612032
1.296611
1.928702
1.673506
1.989097
1.602585
1.903203
1.601031
1.911927
1.614508
1.931547
2.254820
1.918754
1.616933
1.323336
1.649091
1.620569
1.642452
1.641467
1.625490
1.604875
1.634448
1.952806
1.643616
1.305775
1.308580
1.610566
1.321070
1.634495
1.304910
1.611778
1.315451
1.306131
1.313395
1.621550
1.335741
1.349392
1.329476
1.299733
1.300404
1.343535
1.301674
1.320011
1.324544
1.643828
1.329520
1.950896
1.318569
1.321151
1.321186
1.324178
1.322904
1.352995
1.359472
1.341641
1.319684
1.622857
1.646451
1.664425
1.338400
1.351939
1.319284
1.315834
1.319769
1.299138
1.313008
1.317345
1.304509
1.304850
1.625542
1.342764
1.317448
1.315070
1.309315
1.298819
1.300246
1.301572
1.317970
1.315188
1.327497
1.617523
1.318058
1.337150
1.332054
1.366117
1.353157
1.335869
1.323549
1.330979
1.337290
1.304142
1.597596
1.322761
1.335899
1.351084
1.351046
1.302437
1.297690
1.016312
1.316349
1.001415
1.304110
1.302766
1.611233
1.292805
1.319171
1.324577
1.309309
1.325832
1.330721
1.317614
1.309858
1.306507
1.326645
1.624976
1.321571
1.328904
1.328992
1.324689
1.316461
1.655407
1.326237
1.635782
1.642395
1.616704
1.294765
1.590245
1.294666
1.649222
1.344873
1.655569
1.318163
1.613718
1.301453
1.614193
1.303686
1.603336
1.310861
1.974332
1.333118
1.334471
1.312418
1.623141
1.303057
1.635270
1.303175
1.305874
1.347636
1.664703
1.338786
1.952933
1.332562
1.312035
1.313855
1.649175
1.339568
1.632753
1.328468
1.625300
1.309906
2.219095
1.599482
1.921968
1.602613
1.618897
1.324044
1.620654
1.316424
1.609802
1.322178
1.632364
1.329368
1.953333
1.618807
1.616253
1.314820
1.612065
1.321857
1.636643
1.338178
1.636633
1.304409
1.634163
1.926591
1.630563
1.635838
1.305463
1.612515
1.305050
1.613755
1.322217
1.608406
1.300294
1.600384
1.613796
1.294854
1.625135
1.664349
1.349113
1.635654
1.343257
1.333565
1.309557
1.620929
1.616006
1.292456
1.326832
1.293626
1.306711
1.292610
1.324526
1.304666
1.318992
1.300780
1.629495
1.630151
1.325107
1.635686
1.332758
1.652290
1.333731
1.308141
1.320870
1.335566
1.332160
1.667262
1.336543
1.911000
1.606258
1.610928
1.304255
1.635897
1.303991
1.609644
1.304792
1.650200
1.308860
1.613730
1.305311
1.941747
1.614629
1.608705
1.315577
1.635038
1.609162
1.303914
1.607032
1.299069
1.947573
1.643492
1.327976
1.307902
1.306156
1.319422
1.332091
1.320799
1.343179
1.339788
1.338344
1.328330
1.638310
1.341405
1.313795
1.350365
1.330735
1.326187
1.335708
1.338451
1.313127
1.305446
1.315526
1.601577
1.292250
1.307770
1.341478
1.343659
1.336100
1.336255
1.333806
1.323754
1.329854
1.340317
1.325867
1.621371
1.336099
1.329713
1.338444
1.324949
1.330147
1.346819
1.350565
1.323521
1.307917
1.319105
1.318157
1.617774
1.293072
1.304133
1.307217
1.306943
1.320530
1.336388
1.329565
1.321878
1.309840
1.328819
1.344751
1.660629
1.669066
1.308113
1.296397
1.303584
1.322160
1.321879
1.314405
1.315970
1.306839
1.613031
1.303419
1.302926
1.329320
1.331362
1.332615
1.323308
1.327238
1.645188
1.616600
1.923204
1.923685
1.943235
1.607569
1.303142
1.607317
1.308781
1.593635
1.303285
1.341373
1.352827
1.658168
1.294908
1.906385
1.305150
1.618997
1.327803
1.632656
1.322283
1.648139
1.351991
1.627990
1.307660
1.624410
1.323434
1.638683
1.316427
1.308160
1.011589
1.328466
1.017002
1.314244
1.018768
1.321376
1.018671
1.332277
1.005886
1.635203
1.628563
1.609148
1.313453
1.291479
1.299513
1.300148
1.031909
1.340842
1.021021
1.644346
1.322475
1.332679
1.315090
1.299445
1.302562
1.303999
1.338511
1.366214
1.340931
1.316411
1.611441
1.314747
1.323015
1.313864
1.320670
1.313448
1.319875
1.318754
1.346125
1.342856
1.343009
1.350128
1.650581
1.317437
1.331102
1.341474
1.604225
1.298842
1.615780
1.297364
1.624564
1.319255
1.617088
1.329178
1.956727
1.336396
1.332678
1.314670
1.348688
1.359170
1.339304
1.343720
1.367668
1.353336
1.330452
1.327253
1.648743
1.374033
1.350652
1.346929
1.341633
1.049383
1.367839
1.048797
1.332757
1.017056
1.338694
1.028423
1.668595
1.360379
1.359900
1.337706
1.364080
1.344251
1.328904
1.343930
1.345333
1.028775
1.343281
1.041792
1.681876
1.362674
1.357049
1.359454
1.353722
1.337652
1.331317
1.336364
1.325186
1.318777
1.326167
1.341747
1.659738
1.353239
1.365529
1.342483
1.351812
1.336499
1.333235
1.330032
1.337686
1.348836
1.352017
0.984160
1.603167
1.309755
1.313712
1.307655
1.293049
1.342885
1.332548
1.313161
1.341536
1.338882
1.332391
1.021959
1.653907
1.314486
1.301602
1.302505
1.608690
1.307094
1.301740
1.323012
1.293351
1.000599
1.616390
1.319912
1.320187
1.310479
1.012828
1.328432
1.334739
1.006667
1.311012
0.994440
1.605803
1.300499
1.349759
1.365132
1.338832
1.335012
1.328358
0.999002
1.309133
1.006348
1.309032
1.008894
1.636309
1.314204
1.322437
1.331913
1.028851
1.319509
1.316497
1.307284
1.300853
1.310024
1.630983
1.301247
1.301114
1.306921
1.321807
1.324717
1.032127
1.334065
1.024027
1.337449
1.005069
1.630138
1.412712
1.355433
1.383370
1.369352
1.332442
1.346249
1.344289
1.361023
1.326006
1.326577
1.621316
1.328862
1.330836
1.305958
1.325813
1.354455
1.321202
1.331870
1.294353
1.001886
1.607558
1.341118
1.343995
1.328653
1.331509
1.338009
1.332091
1.331239
1.011632
1.338311
1.325003
1.608526
1.328901
1.304087
1.331594
1.312637
1.324048
1.329592
1.335711
1.323393
1.326569
1.011906
1.615226
1.319607
1.319770
1.321956
1.316955
1.320739
1.346187
1.338032
1.329208
1.317798
1.316906
1.648342
1.298755
1.300058
1.320671
1.331107
1.308540
1.334832
1.342025
1.339759
1.338584
1.602283
1.310989
1.305386
1.307420
1.325291
1.307036
1.006424
1.339042
1.326935
1.305487
1.607502
1.316841
1.324749
1.343576
1.025643
1.327513
1.005111
1.317476
1.328058
1.322302
1.614359
1.327545
1.326761
1.324370
1.317256
1.311302
1.319257
1.313606
1.297606
1.302239
1.316624
1.313802
1.629148
1.327142
1.338455
1.345485
1.315544
1.333368
1.310266
1.303503
1.307490
1.319054
1.308667
1.333208
1.637868
1.316028
1.340508
1.310871
1.331673
1.307368
1.322428
1.344696
1.323069
1.319578
1.325632
1.671619
1.635270
1.291054
1.306515
1.327670
1.320121
1.361665
1.328482
1.329715
1.329587
1.311842
1.622576
1.315299
1.337204
1.327874
1.332889
1.319475
1.613375
1.307203
1.331796
1.295755
1.624475
1.319746
1.298501
1.323892
1.317433
1.327519
1.310410
1.297599
1.296303
1.301998
1.308591
1.630970
1.316816
1.321592
1.313184
1.325037
1.337825
1.322668
1.308615
1.303105
1.299411
1.646081
1.632086
1.632966
1.623664
1.964518
1.630552
1.594558
1.309211
1.315503
1.935550
1.627261
1.316445
1.305852
1.316500
1.333213
1.665814
1.307416
1.311063
1.634140
1.301078
1.947130
1.640274
1.340006
1.634147
1.301927
1.627275
1.305294
1.294064
1.302203
1.303117
1.608395
1.633618
1.607684
1.307280
1.313910
1.314171
1.319876
1.324275
1.312470
1.310444
1.935471
1.628193
1.632967
1.347225
1.358836
1.942328
1.646358
1.329512
1.326213
1.916529
1.331945
1.324408
1.343260
1.620856
1.312350
1.631746
1.307902
1.624007
1.307810
1.294746
1.288679
1.905684
1.925978
1.637599
1.709960
1.318412
1.638493
1.322018
1.630186
1.312829
1.629553
1.297703
1.918162
1.312121
1.636158
1.319699
1.613537
1.323911
1.613048
1.332652
1.310646
2.519321
2.246617
3.191522
2.259438
2.609921
1.673835
1.645313
1.329049
1.332016
1.297637
1.604810
1.316903
1.956741
1.637585
1.620916
1.312975
1.633290
1.338136
1.648116
1.309668
1.597850
1.308610
1.308309
1.299131
1.961785
1.325901
1.634494
1.343316
1.649886
1.309068
1.317507
1.324442
1.302940
1.306832
1.299433
1.311096
1.939907
1.316598
1.312789
1.312386
1.322387
1.343460
1.317954
1.329144
1.358535
1.631124
1.320022
1.918590
1.597069
1.336168
1.639773
5.373880
1.958667
1.445374
3.183871
2.167034
1.895344
2.784221
2.460275
2.168716
2.437126
2.145655
1.854888
2.158530
2.158180
2.143166
2.145735
2.434431
2.446788
1.834210
2.479048
2.149170
2.454680
1.899065
2.443570
1.858746
2.150824
2.164935
2.471227
2.458119
2.176733
2.177983
2.192034
3.326725
2.164446
1.867080
1.840443
1.835043
1.936470
1.008828
1.321305
2.870620
3.534218
2.286549
1.644488
1.631044
1.318747
1.626828
1.908382
1.627813
1.615492
1.304239
1.639085
1.307654
1.312938
1.324059
1.319120
1.305508
1.301112
1.312669
1.950805
2.874530
2.580942
4.129123
3.157021
5.029654
2.508547
2.206857
1.617637
3.179704
2.207519
2.828076
1.941917
1.944960
1.327932
1.649376
1.328091
1.326584
1.304653
1.330050
1.332674
1.949352
1.651304
1.322455
1.633413
1.306517
1.308164
1.312708
1.335368
1.301852
1.305801
1.311222
1.953806
1.922987
1.615842
1.930775
1.918204
1.641116
1.680536
1.359284
1.647657
1.342198
1.997225
1.963979
1.604245
1.937612
2.277517
1.668871
1.615983
1.304427
1.606572
1.935196
2.525289
1.906548
2.540240
3.159804
2.233670
2.240885
1.326036
1.620169
1.304190
1.904552
1.907631
1.636469
1.977556
1.652272
1.645581
1.323873
1.623761
1.309025
1.605556
2.229569
3.496728
2.519670
2.233004
1.327997
1.606479
1.324702
1.312676
1.610690
5.671925
1.984097
1.328202
1.326324
1.303106
1.329546
1.319754
1.628711
1.324725
1.634148
1.328941
2.868230
4.673611
1.298296
1.611416
1.303791
1.604480
1.331978
1.619384
1.303299
1.633873
1.333151
6.407308
2.566374
1.330310
1.632007
1.328836
1.659090
1.307222
1.626769
1.304069
1.627757
1.310785
3.208852
4.088726
5.054508
1.321406
1.631973
1.315782
1.946116
2.264357
1.926740
2.890658
2.242115
6.268504
2.581235
1.331981
1.638683
1.372878
1.670948
1.363593
1.636270
1.315648
1.655710
1.315774
2.832201
2.564763
6.424385
6.364873
1.918630
1.321420
1.951757
1.331009
1.951153
2.325870
1.645563
4.348478
5.301867
1.306825
1.622992
1.337053
1.681530
1.342315
1.610401
1.333521
1.610416
1.327915
1.955792
1.626507
1.934532
1.334352
1.655923
1.624639
1.618862
1.313135
2.243758
2.572518
2.209230
2.862453
3.468272
2.363859
2.254496
1.313226
1.329741
1.020218
1.630121
1.319749
1.327596
1.339548
1.315877
1.326431
1.306383
1.314246
1.012732
1.313562
1.011921
1.610054
1.612971
1.332392
1.356849
1.329837
1.328835
1.322146
1.008101
4.055021
3.448004
5.030802
4.332370
5.006654
2.538220
2.245334
1.328470
1.311793
2.537459
4.356225
4.679786
3.345981
2.777510
2.446351
2.133217
1.839948
2.153243
1.536487
2.439854
2.451967
2.157309
1.840768
2.150799
1.539379
2.153543
2.154685
2.149231
2.217305
2.175600
1.602536
2.195140
1.841927
2.139723
1.533102
2.752783
2.433616
2.974809
1.838317
1.836279
2.664755
2.654055
2.171378
1.540721
2.162495
3.932077
3.497297
3.279729
4.319811
2.581534
2.671015
2.391224
2.423720
4.620373
4.250103
3.242348
2.734944
1.563748
3.232463
2.408702
2.389117
3.322016
1.564015
1.777308
2.542967
2.177542
1.842259
2.143673
2.650080
2.649095
2.182586
1.848009
2.155719
1.539294
2.747490
2.669673
2.166146
1.843413
1.541784
1.869696
2.687349
2.153909
2.415511
3.140380
4.438532
3.671066
3.655118
2.106193
3.227089
3.013148
2.540316
3.030499
2.417237
3.022790
2.401614
2.534578
2.681964
3.887911
2.299115
1.253178
3.050820
3.021471
2.707176
3.222013
3.207245
3.393546
3.335197
2.086576
2.684563
2.680859
2.385519
2.658011
2.357705
2.686234
2.659428
2.657193
2.345297
2.646700
1.218545
2.358368
2.669841
2.368616
2.650884
3.524795
3.865881
3.955862
3.490379
2.345975
2.669373
2.385616
2.670353
2.659324
2.358528
4.600213
1.738126
3.196344
1.587287
2.933821
1.549031
1.593855
3.577960
1.567221
2.826636
1.566429
5.651526
3.551652
2.614167
2.727398
1.792809
4.064203
2.421235
2.308815
3.391468
2.358445
2.052883
3.153561
4.235784
2.537838
2.608340
2.211484
1.729874
2.523340
2.044699
3.044339
2.070818
3.312890
2.718735
2.392132
2.088152
2.715091
2.421188
2.421614
1.269606
2.744909
2.427387
3.958506
3.663013
2.202145
2.110345
3.835867
2.853024
1.568264
2.942221
1.573175
1.894267
3.002709
2.219513
2.737064
1.886908
1.870172
1.836548
0.810432
1.861840
1.865690
1.854275
1.335357
1.858534
3.065822
2.160693
2.158792
1.850796
0.393923
2.159066
0.393277
1.756015
1.555924
1.542846
2.581808
1.523344
1.731556
1.533176
1.531194
1.542360
1.833381
1.526598
1.026079
1.857680
1.555096
1.859607
1.545981
2.197750
1.049829
1.861620
1.539950
2.572208
1.536545
1.831031
1.542429
0.389584
0.392768
1.882292
1.543647
2.145187
2.380049
1.543733
1.544158
1.528674
1.522857
1.006463
1.861688
1.536997
1.529989
2.965093
2.754336
2.469666
0.400299
2.489032
1.560771
1.546988
1.546865
1.530499
1.538799
3.065190
3.179911
1.837606
1.528178
1.229144
1.535269
0.809744
1.023526
1.543559
1.836863
1.233271
1.551564
4.434596
2.465035
2.162821
1.852815
2.150708
1.847669
1.853944
1.844351
1.542280
1.850106
0.707813
0.695818
0.705584
1.015872
1.021262
1.012013
1.014633
1.028426
1.030473
1.017681
1.020967
1.019624
1.010612
1.005236
1.304726
1.020246
1.041910
0.999581
1.009005
1.020037
1.005712
1.008443
1.014767
1.040552
1.076247
1.002323
1.299799
1.316353
1.004652
1.001485
1.016165
1.004671
0.998970
0.995205
1.008236
1.027595
1.004520
1.301181
0.992022
1.000867
0.998845
1.002497
1.005926
1.002889
1.015585
1.029163
1.005719
1.011135
1.324157
1.335394
1.018620
1.014414
1.011174
1.007088
1.022846
1.025597
1.019943
1.024022
1.008635
1.003046
1.330955
1.035436
1.038833
1.023129
1.037020
1.034412
1.037466
1.026927
1.023690
1.018077
0.987988
1.004406
1.291622
0.999489
1.005371
0.995094
0.993961
1.017009
1.019484
1.017062
1.017351
1.006487
0.983770
0.985580
1.306807
1.317848
1.012702
1.020548
1.036492
1.051281
1.060886
1.054136
1.048651
1.022729
1.029520
1.355035
1.048640
1.041714
1.046249
1.032738
1.003554
0.993382
0.990145
0.993069
0.992428
1.004078
1.301536
1.005328
1.011813
1.013098
1.013898
1.021826
1.022818
1.038985
1.017910
1.003296
0.998451
1.016918
1.322300
1.005928
1.021297
1.008450
1.008491
1.012693
1.010657
1.006585
1.025661
1.039773
1.052369
1.030705
1.034496
1.022897
1.019909
1.008033
1.009382
1.010702
1.002737
1.011292
1.013675
1.009564
1.014428
1.016483
1.000725
1.003808
1.003795
1.016198
1.003805
1.015750
1.019702
1.004345
0.996246
0.994009
0.994117
1.008024
1.013893
1.024696
1.027012
1.016493
0.991465
1.016534
1.028267
1.016361
0.993132
1.005557
1.009843
1.008205
1.007116
1.004467
0.995876
0.996844
1.012150
1.013234
1.009714
1.011679
1.004179
0.997152
1.000536
1.023350
1.004590
1.018108
0.999129
1.023541
1.007356
1.332609
1.316210
1.004355
1.000758
1.026723
1.026527
1.011171
1.010323
1.010422
1.015572
1.000809
1.008461
1.007963
1.311447
1.001625
0.995719
1.004389
1.294216
0.987052
1.312761
1.322236
1.310391
1.303923
1.006228
1.011096
1.012826
1.026574
1.025111
0.992764
1.307815
1.004315
1.006749
1.029367
1.055871
1.099167
1.054804
1.051839
1.040965
1.063045
1.005277
1.029969
1.333121
1.035864
1.031620
1.366628
1.028407
1.026216
1.031005
1.046932
1.048281
1.033475
1.035345
1.052733
1.028711
1.008571
1.026694
1.033081
1.031094
1.036678
1.369126
1.017785
1.038331
1.027949
1.035049
1.061380
1.055062
1.045650
1.041765
1.337164
1.327782
1.021382
1.347830
1.346220
1.032601
1.032220
1.020303
1.011260
1.023676
1.019264
1.029063
1.042033
1.040973
1.036585
1.013624
1.021024
1.020975
1.031528
1.032616
4.979152
3.727495
2.805024
1.869764
4.286813
2.903292
2.063360
3.539115
1.549436
2.369563
1.235365
2.060937
4.092316
2.878497
2.686226
2.688799
1.832383
4.512550
3.995070
2.565594
1.546725
1.546411
1.060599
2.538657
1.900069
1.044300
1.889865
2.482649
2.161325
2.490802
2.527606
1.889322
1.887897
2.223294
2.508588
1.654627
1.669706
1.674205
1.033767
1.022844
1.019155
1.349400
1.359203
1.340171
1.038944
1.063183
1.048401
1.030839
1.025458
1.028610
1.023524
1.044447
1.038357
1.017978
1.015827
1.013793
1.019365
1.021462
0.998553
1.004597
1.337854
1.306881
1.002532
1.000517
1.031127
1.015415
0.996987
0.997435
1.019875
1.022881
1.019294
1.341003
1.301422
1.297252
1.002923
1.294239
1.317871
1.326380
1.333413
1.323803
1.307323
1.350363
1.382501
1.321964
1.317461
1.334796
1.315707
1.011733
1.312777
1.007854
1.306100
0.988852
0.999220
1.298141
1.616100
1.674531
1.350829
1.653678
1.055398
1.038704
1.038200
1.020195
1.017365
1.032029
1.020661
1.023938
1.337971
1.326391
1.018958
1.027240
1.014243
1.326890
1.018134
1.628386
1.010116
1.334083
1.006114
1.311968
1.600815
1.319420
1.002110
1.321639
1.033573
1.022934
0.996434
0.992663
1.009431
1.010206
1.315011
1.003547
1.629289
1.327174
1.320438
1.324227
1.298585
1.320882
1.308152
1.335886
1.333650
1.018464
1.331004
1.019790
1.669809
1.331702
1.315409
1.309622
1.323077
0.996424
1.304663
1.016481
1.313852
1.010418
1.001997
1.618812
1.300221
1.013191
1.326151
1.327817
1.023939
1.335899
1.007435
1.306888
1.004012
1.311371
1.017649
1.635816
1.312682
1.016400
1.004540
1.312233
1.299130
1.305401
1.306349
1.307661
1.316153
1.303211
1.303282
1.610433
1.323145
1.027854
1.364003
1.343716
1.306832
1.313414
1.322545
1.316031
1.315469
1.322409
1.315357
1.614628
1.322646
1.312309
1.316114
1.321088
1.306635
1.325440
1.029440
1.304923
1.012011
1.315210
1.006176
1.631627
1.308523
1.351233
1.331890
1.336689
1.299637
1.325247
1.344634
1.315361
1.303793
1.300310
1.314950
1.631953
1.321404
1.324029
1.320873
1.319537
1.330050
1.311931
1.304253
1.294866
1.001914
1.303370
1.314645
1.634627
1.346277
1.320239
1.318022
1.322147
1.303506
1.314184
1.314887
1.323483
1.316549
1.321550
1.319204
1.612453
1.314815
1.305967
1.329455
1.320182
1.321768
1.341580
1.319767
1.326156
1.303623
1.324167
1.316480
1.638406
1.310785
1.320574
1.334259
1.323998
1.320704
1.348441
1.317788
1.305910
1.309743
1.297589
1.305082
1.602395
1.329472
1.311560
1.302230
1.318515
1.323762
1.346244
1.343482
1.347087
1.342223
1.330071
1.335248
1.655378
1.351969
1.356141
1.352280
1.333514
1.319676
1.329841
1.335032
1.335728
1.338478
1.297572
1.310519
1.616579
1.320273
1.323095
1.322585
1.308168
1.321713
1.344903
1.329392
1.324183
1.321974
1.307924
1.310442
1.633631
1.319409
1.327542
1.321250
1.298349
1.313901
1.354090
1.332766
1.335125
1.324742
1.319450
1.318595
1.674783
1.359056
1.330790
1.321752
1.316945
1.326951
1.337412
1.321937
1.315881
1.307485
1.286846
1.278954
1.636787
1.333928
1.379871
1.327011
1.371316
1.338631
1.339687
1.320653
1.343854
1.338178
1.334029
1.342787
1.655601
1.322395
1.337790
1.356897
1.349337
1.348472
1.343633
1.343508
1.346298
1.314524
1.317391
1.314232
1.608919
1.297451
1.311703
1.317121
1.311660
1.330921
1.306434
1.308877
1.340783
1.300601
1.330806
1.321352
1.599660
1.308037
1.311508
1.307992
1.325715
1.304121
1.310431
1.294774
1.329598
1.329141
1.336733
1.322905
1.634864
1.334092
1.325516
1.329078
1.343840
1.307729
1.312482
1.325695
1.322824
1.352153
1.368030
1.321399
1.641654
1.325358
1.331123
1.347073
1.336465
1.322020
1.337990
1.310360
1.312181
1.330360
1.340047
1.304981
1.638910
1.339697
1.324513
1.321065
1.333731
1.363285
1.346705
1.341419
1.319274
1.324391
1.330840
1.324359
1.661376
1.325967
1.294470
1.311815
1.341135
1.335069
1.340623
1.342525
1.307245
1.323027
1.312514
1.320207
1.625404
1.302810
1.295388
1.299193
1.332939
1.306726
1.305453
1.296947
1.303717
1.330532
1.301578
1.317132
1.639394
1.332861
1.312071
1.327041
1.317343
1.306912
1.345698
1.305417
1.297377
1.330209
1.310709
1.302272
1.625222
1.298722
1.335525
1.394598
1.309345
1.300063
1.306790
1.301456
1.299648
1.302641
1.300099
1.333900
1.620947
1.321359
1.324242
1.339695
1.310903
1.316862
1.338518
1.321640
1.331816
1.310593
1.301348
1.316968
1.623695
1.307798
1.332780
1.329830
1.313151
1.313926
1.334758
1.305532
1.328602
1.327119
1.322462
1.312386
1.642232
1.361356
1.346379
1.318297
1.302877
1.001809
1.316625
1.038184
1.336934
1.347766
1.322934
1.332553
1.642017
1.318604
1.313627
1.306094
1.307459
1.302875
1.307476
1.298912
1.337530
1.338990
1.319824
1.335480
1.634062
1.319741
1.364114
1.340158
1.323955
1.015973
1.305067
0.997571
1.297577
1.003483
1.334552
1.022531
1.668204
1.317354
1.329614
1.319770
1.330617
1.319079
1.342188
1.340908
1.340643
1.344252
0.993033
1.596251
1.300640
1.310573
1.328725
1.315446
1.341582
1.328739
1.353004
1.300454
0.993387
1.296695
1.005462
1.638305
1.327345
1.347678
1.348402
1.338023
1.014752
1.296129
0.990524
1.301495
1.289381
1.296428
1.307979
1.605488
1.286764
1.309335
1.333814
1.334330
1.324341
1.324329
1.314513
1.312465
1.300844
1.309089
1.332622
1.623227
1.305617
1.320883
1.302162
1.313169
1.333739
1.642965
1.307899
1.611503
1.304607
1.607396
1.305391
1.608058
1.318772
1.322646
1.328938
1.334205
1.027169
1.331867
1.031612
1.304404
1.297834
1.294351
1.306062
1.621207
1.312339
1.331941
1.322603
1.381351
1.334729
1.337520
1.343472
1.337187
1.322482
1.337402
1.302990
1.638035
1.328271
1.336675
1.320317
1.323479
1.343935
1.348197
1.350447
1.329167
1.334547
1.342908
1.321656
1.626281
1.337666
1.318944
1.335432
1.318027
1.329418
1.299642
1.323805
1.318200
1.325810
1.324144
1.335178
1.659665
1.334521
1.318720
1.315999
1.335339
1.325073
1.353549
1.303414
1.297505
1.312380
1.294626
1.303740
1.593950
1.320174
1.326845
1.342275
1.310741
1.302096
1.298282
1.310283
1.312000
1.311984
1.314687
1.304309
1.608593
1.336865
1.295383
1.331823
1.296960
1.291746
1.313708
1.323683
1.311141
1.338827
1.307218
1.328460
1.623934
1.298222
1.303762
1.312474
1.327511
1.328038
1.323259
1.309353
1.310008
1.323013
1.332921
1.332304
1.645599
1.335611
1.312853
1.329129
1.310928
1.315449
1.322932
1.299101
1.311637
1.319376
1.359270
1.353077
1.631200
1.326058
1.301593
1.330830
1.353189
1.393066
1.315383
1.301514
1.313482
1.357447
1.347133
1.351579
1.623956
1.306855
1.299653
1.290252
1.304826
1.317907
1.301165
1.311168
1.296764
1.340190
1.327561
1.323328
1.634268
1.323837
1.320239
1.331694
1.323341
1.333773
1.367863
1.350026
1.337019
1.365059
1.320540
1.019255
1.626146
1.328637
1.338353
1.374765
1.338198
1.353977
1.356632
1.022309
1.341838
1.022713
1.351536
1.024724
1.658624
1.331284
1.344201
1.334515
1.371326
1.043832
1.343112
1.048040
1.303201
1.022341
1.350183
1.034398
1.688723
1.324935
1.357548
1.339587
1.342105
1.036685
1.357169
1.022722
1.323682
1.019873
1.348111
1.020241
1.645979
1.345738
1.337946
1.031889
1.330698
1.020626
1.337759
1.038011
1.347567
1.029727
1.425887
1.028060
1.642682
1.327474
1.300793
1.005947
1.320679
1.002814
1.316349
1.018916
1.317023
1.030691
1.325770
1.036720
1.674246
1.325858
1.339195
1.015507
1.321248
1.007891
1.356456
1.019547
1.317993
1.026849
1.323102
1.015549
1.653219
1.354693
1.334051
1.024205
1.341544
1.017623
1.344384
1.018165
1.329463
1.014266
1.330714
1.003862
1.630362
1.327367
1.311803
1.024977
1.330521
1.015754
1.341029
1.023430
1.334540
1.021920
1.330999
1.009714
1.591359
1.313784
1.297742
1.017950
1.333539
1.021599
1.311492
1.017492
1.311958
1.009241
1.312914
1.009068
1.645243
1.314941
1.312860
1.032466
1.315399
1.016917
1.328861
1.001834
1.328348
1.014760
1.324808
1.006841
1.622738
1.015272
1.308832
1.007887
1.322484
1.019562
1.322639
1.017261
1.317011
1.031656
1.333844
0.995787
1.622973
0.997450
1.303647
1.017096
1.319269
1.003065
1.301450
1.002603
1.319795
1.027152
1.336578
1.016598
1.661422
1.010419
1.295015
0.999897
1.319827
1.019255
1.332582
1.008262
1.323065
1.031082
1.300313
1.008212
1.310352
1.005153
1.006802
1.007486
1.311517
1.024022
1.318524
0.986256
1.290424
1.002878
1.323971
1.020963
1.320614
1.011244
1.015007
1.003505
1.316692
1.038191
1.356170
1.042754
1.323203
1.026398
1.324798
1.032535
1.343451
1.018882
1.022551
0.994232
1.294004
1.005775
1.316587
0.996084
1.308008
0.995860
1.298523
0.987030
1.311000
1.017755
0.997633
1.028210
1.013310
1.017174
1.323336
1.004693
1.335337
1.010550
1.333841
1.014146
1.303475
1.006857
0.994173
0.988790
1.297678
0.995778
1.309029
0.998525
1.295990
0.995051
1.291585
1.027383
1.313566
1.022282
1.013393
1.013325
1.332057
1.016423
1.298478
1.004197
1.307691
1.007376
1.301623
0.992781
1.306975
1.025146
1.030745
1.039159
1.019992
1.008635
1.307660
1.023404
1.335427
1.025872
1.327573
1.010363
1.308128
1.004049
1.010143
1.031422
1.027522
1.028673
1.335647
0.997463
1.306598
0.989166
1.311775
1.014250
1.312370
1.013913
0.999379
0.989799
1.310031
1.010654
1.315352
1.002619
1.314891
1.024484
1.342113
1.011071
1.322292
1.007439
1.015392
1.005632
1.001485
1.000353
1.018110
1.018410
1.010403
1.002047
1.029526
1.032809
1.314089
0.994164
0.998730
1.011011
1.001309
1.011504
1.314994
1.010016
1.324636
1.022414
1.345300
0.994977
1.305745
1.052748
1.012617
1.006089
1.022301
1.038808
1.323028
1.024795
1.014657
1.004739
0.999576
1.309565
0.998417
0.995220
0.997300
1.012840
0.998727
1.300496
0.998595
0.997633
1.029913
1.319785
1.015927
1.315392
1.020576
1.008332
1.009665
1.010229
1.003266
1.317179
1.000652
1.012064
1.041535
1.367180
1.046861
1.298735
0.989824
0.998128
0.993585
1.027614
1.021194
1.019963
1.023065
1.014686
1.020500
1.014755
1.023364
1.316742
1.001220
1.006148
0.998613
1.002327
0.996246
1.303227
0.998623
0.995790
0.999937
1.307635
1.029691
1.316796
1.020253
1.024643
1.039543
1.024633
1.037291
1.315922
0.997105
1.006539
1.038420
1.021876
1.027614
1.343912
1.015721
1.002747
1.016530
1.016062
1.022117
1.029701
1.020480
1.005859
1.003149
1.304950
0.992905
1.308966
0.999162
1.001553
1.008484
1.005903
1.002915
1.307016
1.012702
1.015556
1.011302
1.337381
1.076354
1.361862
1.021437
1.012555
1.010954
1.312818
1.006203
1.332280
1.007849
1.013983
1.004445
1.345632
1.025707
1.341996
1.024755
1.030838
1.022573
1.345235
1.024756
1.336955
1.023720
1.329974
1.002969
1.332877
1.014510
1.326627
1.031107
1.025685
1.019680
1.344153
1.043495
1.367501
1.012650
1.320175
1.012209
1.321050
1.013942
1.339195
1.031395
1.021274
1.021882
1.363225
1.022837
1.334355
1.021546
1.338639
1.039293
1.363773
1.065552
1.370065
1.034634
1.032369
1.025948
1.321624
1.019317
1.316444
1.024727
1.319023
1.016471
1.324784
0.990402
1.296522
1.005785
1.004869
0.998870
1.319228
1.026070
1.317276
1.016469
1.327403
1.015499
1.317756
1.005581
1.307592
1.003959
1.020527
1.004349
1.336115
1.017413
1.324404
1.009753
1.318469
1.022396
1.338673
1.009757
1.336813
1.025591
1.018390
1.001055
1.324693
1.012353
1.297445
1.008899
1.321644
1.016181
1.341288
1.015309
1.332544
1.033391
1.035949
1.027167
1.329487
1.003306
1.312348
1.003244
1.322645
1.015024
1.348198
1.009697
1.629395
1.005529
1.013560
1.025075
1.338101
1.019076
1.355915
1.044596
1.361111
1.030574
1.350402
1.023141
1.672755
1.025542
1.022042
1.029576
1.349094
1.043060
1.366118
1.033790
1.331789
1.008408
1.314104
1.009204
1.613037
1.325054
1.347564
1.029634
1.343034
0.997482
1.299929
1.002280
1.305909
1.008436
1.308708
0.999476
1.621268
1.312600
1.315513
1.005917
1.325447
1.019978
1.355148
1.037382
1.344360
1.018227
1.312512
1.013254
1.638491
1.319427
1.321524
1.012788
1.326002
1.008923
1.315664
1.070793
1.363426
1.042913
1.338650
1.022654
1.661776
1.317891
1.306701
1.026542
1.310416
1.007091
1.317497
1.021478
1.355247
1.005098
1.326010
1.010932
1.609123
1.292932
1.317853
1.007422
1.312025
1.011643
1.315864
1.009983
1.312968
1.014845
1.322125
0.998397
1.641798
1.349706
1.348571
1.023494
1.309419
1.005007
1.323756
0.990960
1.318373
1.007214
1.323555
1.008837
1.649250
1.318811
1.328385
1.008756
1.316671
1.003827
1.321695
1.004842
1.305437
1.000024
1.295704
0.999095
1.598961
1.309689
1.315215
0.999536
1.333381
1.013913
1.307754
1.009563
1.296745
1.021064
1.304107
1.000539
1.619792
1.315760
1.318628
1.021804
1.313440
1.008595
1.315036
1.012302
1.329241
1.017836
1.306467
0.997189
1.617630
1.297839
1.293419
1.289453
1.321496
1.025257
1.336702
1.024740
1.341597
1.018768
1.328424
1.020909
1.649317
1.333280
1.312200
1.293974
1.310842
1.293411
1.309474
1.314878
1.312286
1.318512
1.322339
1.327124
1.630000
1.324999
1.331743
1.369158
1.321321
1.321392
1.311215
1.343045
1.300625
1.302253
1.295835
1.336967
1.645438
1.331107
1.312165
1.322699
1.332373
1.302713
1.304088
1.303628
1.306458
1.298905
1.310282
1.320557
1.616557
1.305644
1.310126
1.309028
1.324789
1.318167
1.301699
1.319663
1.288614
1.304219
1.300400
1.295146
1.603806
1.312622
1.327300
1.314611
1.323524
1.315567
1.337636
1.306708
1.294903
1.301805
1.326569
1.322958
1.632305
1.315963
1.316892
1.356318
1.324766
1.324397
1.322207
1.326700
1.325567
1.315411
1.316805
1.602165
1.321158
1.306645
1.321775
1.328096
1.312783
1.299419
1.320740
1.311395
1.312779
1.332723
1.321243
1.616333
1.330809
1.306172
1.335641
1.330437
1.327946
1.639856
1.331290
1.609280
1.314867
1.598426
1.290581
1.609925
1.336821
1.334028
1.342552
1.628629
1.320033
1.608849
1.617252
1.602750
1.312294
1.623887
1.615859
1.921208
1.618918
1.618582
1.648475
1.620163
1.639206
1.633691
1.310631
1.626036
1.332859
1.638368
1.330861
1.997235
1.640502
1.634417
1.641657
1.632165
1.327948
1.629574
1.323324
1.639839
1.311829
1.629469
1.302460
1.932377
1.607398
1.618041
1.618335
1.661707
1.649263
1.646946
1.640898
1.625543
1.626437
1.628097
1.602802
1.907186
1.596717
1.615566
1.630701
1.654165
1.727742
1.634377
1.632377
1.626389
1.632471
1.635098
1.609093
1.915666
1.590277
1.597548
1.619856
1.617300
1.633361
1.675603
1.634255
1.624831
1.627465
1.618368
1.661202
1.981792
1.627117
1.637939
1.639091
1.650308
1.646570
1.637436
1.622602
1.649287
1.639446
1.650600
1.623744
1.925646
1.654349
1.664211
1.630430
1.619134
1.629688
1.635493
1.637631
1.631996
1.654569
1.628953
1.639561
2.274240
1.956078
1.639220
1.633188
1.654172
1.957543
1.954280
2.291903
1.967536
2.261780
1.954609
2.263828
2.590980
2.657402
1.409102
2.335502
1.634877
2.224557
1.623086
2.562898
1.952912
2.280947
1.943198
2.265243
2.939914
2.605054
1.642235
2.592859
1.628622
2.567181
1.958003
2.552626
1.923461
2.852908
1.941395
2.911178
3.512761
3.133997
2.215878
3.154996
1.935521
2.939335
1.656089
2.582996
1.988440
2.299120
1.635581
2.249421
2.571603
2.266014
1.639391
1.917838
1.615029
2.279568
1.924581
2.527987
2.227229
2.893914
1.979375
3.327767
4.045291
4.038224
3.234701
3.908060
2.249309
3.757053
1.943552
3.741924
1.932443
3.755358
1.893249
4.060975
5.883974
5.349690
4.727931
4.742683
3.129975
4.067148
3.127194
4.778507
4.384308
3.775872
4.392707
3.689593
4.689386
3.973715
3.360059
3.656298
4.292319
3.702385
2.484990
3.799536
4.323957
4.055540
2.941055
3.488387
4.732647
3.457792
1.535221
4.121783
2.890899
3.809117
1.910882
4.643260
1.924722
5.369171
4.345531
5.176647
4.439453
3.748190
5.394905
5.554262
5.305317
5.037424
2.281457
3.739764
1.924040
3.140484
1.910978
3.463168
4.629475
4.714070
3.725838
4.414453
3.111858
5.095020
5.363255
3.416038
1.921024
3.395044
4.302220
3.667725
3.060652
3.992101
3.423414
3.681321
4.355554
3.705285
2.439328
3.679956
2.449950
4.047385
4.350543
4.063087
3.368093
4.068251
4.405114
4.782610
5.602844
5.574257
3.848714
5.669934
3.171935
4.805575
5.531894
3.824402
4.727307
4.114405
4.400888
4.068296
4.387543
4.087225
4.384454
2.757150
4.410482
2.789025
3.082795
2.778773
3.686255
2.740850
4.410916
4.116225
4.426965
4.733912
4.362681
4.115004
2.356150
3.793772
4.543383
3.911413
4.814815
4.146864
4.691896
4.135735
4.434228
4.095153
4.400150
3.818318
4.403479
2.775325
3.073497
2.761972
4.370762
2.784570
4.415646
2.803931
2.486469
3.080258
2.770193
4.338872
2.472403
4.303162
2.455201
3.694412
2.770216
4.357230
4.065948
4.369929
4.100101
4.445666
3.861112
4.450418
3.813026
4.362824
3.773635
4.415183
4.120127
4.406941
4.837406
5.574980
5.590569
3.469465
4.763027
2.238949
3.423837
1.946583
2.838735
3.141507
2.814742
1.595148
2.241714
1.642224
1.976170
1.956257
2.248904
1.931137
2.244344
1.944880
2.235462
2.829109
2.549957
1.615005
2.554600
1.598043
2.539675
1.942946
2.873566
1.925452
2.582248
1.963198
2.505786
3.123631
2.519067
2.864134
1.954824
2.569531
1.631682
2.274272
1.607739
1.939681
1.626237
1.931355
2.234409
1.926794
1.620866
1.609041
1.618129
1.603519
1.907732
1.924654
1.918970
1.940244
1.973069
1.948368
2.564817
2.354800
1.639538
1.906846
1.940709
1.918597
1.930066
2.228139
1.937454
2.203673
1.912035
2.243499
2.850676
2.535362
1.626182
2.241529
1.615674
2.513507
1.916256
2.529972
1.950792
2.254868
1.945418
2.255950
2.558985
2.216419
1.603300
1.915731
1.599259
1.629372
1.615754
1.312061
1.608926
1.324727
1.620243
1.307007
1.663234
1.356825
1.654131
1.341484
1.649747
1.321900
1.623585
1.341813
1.651281
1.331261
1.611950
1.330349
1.946593
1.614594
1.628314
1.307175
1.617415
1.311737
1.601627
1.618764
1.613471
1.628459
1.310088
1.953944
1.625961
1.658048
1.347468
1.681963
1.350645
1.345230
1.334805
1.305167
1.326758
1.319014
1.345007
1.633133
1.336774
1.318918
1.324380
1.302317
1.303770
1.304128
1.326534
1.297240
1.330116
1.321385
1.334017
1.657487
1.301273
1.297525
1.305218
1.296508
1.326176
1.303634
1.299425
1.319681
1.296519
1.316146
1.331205
1.673575
1.322964
1.357426
1.339152
1.322971
1.324620
1.326318
1.318067
1.333622
1.331485
1.339115
1.330379
1.655063
1.320360
1.328862
1.335244
1.330623
1.302005
1.309341
1.317908
1.305556
1.312793
1.330933
1.024714
1.651971
1.306440
1.318993
1.319046
1.312833
1.016430
1.315543
1.003929
1.323050
1.013699
1.320241
1.009735
1.643385
1.315621
1.307048
0.997853
1.309320
1.002661
1.304550
0.992299
1.325276
1.008187
1.314257
1.022280
1.628202
1.332433
1.327985
1.022384
1.326204
1.013326
1.327737
1.334118
1.329743
1.020355
1.310386
0.996729
1.622236
1.335606
1.353784
1.321832
1.324779
0.998874
1.320876
1.017096
1.322104
1.013133
1.332240
1.011540
1.602488
1.318442
1.372529
1.030497
1.322847
0.997804
1.307900
1.008328
1.309917
1.002425
1.315469
1.005730
1.636024
1.314916
1.352756
1.044180
1.365247
1.009164
1.305805
1.009428
1.310422
0.998697
1.293204
0.998633
1.637956
1.005020
1.307491
1.002246
1.296254
0.997602
1.308781
1.019922
1.337660
1.017512
1.306590
1.002038
1.603197
1.318874
1.330547
1.028710
1.341326
1.009879
1.325293
1.025193
1.326654
1.023301
1.329772
1.005808
1.664970
1.030198
1.326413
1.000097
1.310613
1.013224
1.307236
1.016514
1.325223
1.018938
1.342002
1.021580
1.630044
1.320132
1.000041
0.999966
1.312136
1.001168
1.307215
1.020862
1.345986
1.027053
1.340903
1.008615
1.627333
1.003193
1.326080
0.997121
1.311341
1.029717
1.340923
1.046892
1.316634
1.015823
1.321354
1.003593
1.627151
1.298969
1.333584
1.009367
1.305230
0.991919
1.322567
1.011892
1.329312
1.010946
1.323921
1.009305
1.304057
1.007174
1.026758
1.033505
1.344880
1.014093
1.305996
1.009210
1.333704
1.024994
1.331654
1.021096
1.343264
1.019786
1.038415
0.999445
1.304582
1.000056
1.309047
1.009815
1.306927
1.004823
1.331865
1.016255
1.349525
1.000450
0.995862
0.997951
1.317076
1.014802
1.342901
1.011860
1.321905
1.001895
1.325621
1.012274
1.621214
1.324348
1.301206
0.995341
1.299029
1.014160
1.325091
1.014564
1.323505
1.019048
1.328472
0.997034
1.316618
0.997585
1.003622
1.005112
1.302475
1.003953
1.309678
1.015005
1.348493
1.025935
1.331058
1.026705
1.657543
1.030605
1.026197
1.015739
1.310539
1.007984
1.325825
1.017258
1.323015
1.022632
1.341684
1.040372
1.649759
1.014646
1.023773
1.013318
1.323061
1.001817
1.325690
1.012999
1.301909
1.003749
1.308049
1.023694
1.656799
1.023867
1.002902
1.003559
1.319360
1.021288
1.323859
1.021910
1.333565
1.008927
1.300118
0.996438
1.623533
1.007238
1.316961
1.012293
1.319997
1.014113
1.327010
1.018810
1.317230
1.013471
1.340262
1.032191
1.636284
1.034720
1.017629
1.001161
1.316968
1.012370
1.332264
1.009529
1.324172
1.008257
0.993349
1.004606
1.612704
0.997452
1.004520
1.009488
1.340145
1.032326
1.336178
1.014261
1.304992
1.007716
1.322411
1.007601
1.622316
1.017417
1.001138
1.003635
1.310880
1.017632
1.323688
1.016246
1.305816
1.001171
1.314317
1.008856
1.639206
1.001576
1.319102
1.010405
1.302576
1.003079
1.307904
0.992447
1.320668
1.001133
1.311050
1.006675
1.628741
1.008537
1.023562
1.014819
1.308798
1.000162
1.303297
0.991682
1.311810
1.018327
1.360595
1.018576
1.322879
1.011600
1.027045
1.029042
1.329737
1.022616
1.334119
1.003358
1.309990
1.014789
1.304742
1.009332
1.593052
0.999574
1.036670
1.017068
1.342029
1.019022
1.302313
1.016167
1.335649
1.032443
1.333541
1.008713
1.327769
1.032400
1.026528
1.026338
1.305292
0.996113
1.310818
1.007317
1.295243
0.992817
1.314660
0.996811
1.653857
1.017642
1.010362
1.025581
1.315851
1.003204
1.306400
1.002496
1.327356
0.993625
1.316598
1.007207
1.631192
1.012590
1.020259
1.018305
1.328458
1.020158
1.334312
1.006097
1.314638
1.014920
1.324276
1.005901
1.310885
1.357895
1.005384
1.000851
1.298577
1.000099
1.307904
1.004536
1.304098
0.991599
1.308110
0.997510
1.324299
1.022005
1.025147
1.023912
1.326814
1.006167
1.338186
1.010268
1.002019
0.993344
1.300756
0.997111
1.334137
1.005988
1.023828
1.004890
1.324456
1.017446
1.298441
0.997790
1.326879
1.014238
1.325868
1.004572
1.638521
0.993017
0.999786
0.997078
1.295455
0.990958
1.291624
0.987178
1.316526
1.003537
1.315663
0.994303
1.299893
1.005709
1.006611
1.004754
1.314665
1.004162
1.319979
0.989947
1.325102
1.000399
1.314969
0.998227
1.316969
1.010400
1.001927
1.013921
1.333229
1.003100
1.302173
0.989433
1.317328
1.001428
1.306220
1.006404
1.608778
1.310103
1.025246
1.030892
1.337603
1.020877
1.310345
1.001219
1.315693
1.006145
1.295432
1.016312
1.631663
1.003431
1.046600
1.079868
1.348697
1.032269
1.347086
1.042237
1.319467
1.006993
1.331099
1.021383
1.315917
1.007061
1.326312
1.027637
1.345944
1.034050
1.323014
1.015326
1.322488
1.016190
1.309041
1.020828
1.313057
1.006883
1.002166
1.017663
1.312549
1.007118
1.300290
1.003618
1.332226
1.012299
1.317057
0.997289
1.300304
0.991181
0.996129
1.018617
1.331033
1.012635
1.312531
0.991518
1.299488
1.014451
1.310975
1.012701
1.634235
1.327578
1.327075
1.011934
1.315368
1.005768
1.310087
1.000984
1.319654
1.024054
1.333585
1.006155
1.641247
1.323427
1.342571
1.020713
1.332489
1.014182
1.309817
1.008379
1.316641
1.002678
1.301569
1.000128
1.302208
1.004922
1.019833
1.027029
1.324661
1.007015
1.298389
1.005164
1.320069
1.006696
1.294944
0.998861
1.610061
1.305714
1.298587
1.327231
1.307722
1.011276
1.306485
0.992103
1.335729
1.004903
1.321125
1.000573
1.317627
1.012677
0.995596
1.007728
1.316926
1.015990
1.314650
1.019313
1.325091
1.012274
1.318982
1.297210
1.606793
1.285851
1.319404
1.628027
1.308747
1.317577
1.321352
1.327857
1.653450
1.315490
1.327781
1.295455
1.617571
1.326010
1.303650
1.012055
1.017817
1.318845
1.011635
1.323775
1.010297
1.327280
1.011485
1.616360
1.007122
1.013525
1.001473
1.323641
1.007448
1.311107
1.001099
1.314558
0.987933
1.285815
0.999653
1.613835
1.301439
0.992985
1.008805
1.296621
0.996633
1.310699
1.024846
1.008983
1.324997
1.030035
1.037711
1.024827
1.046533
1.032928
1.021195
1.329233
1.011600
1.027349
1.324046
1.014953
1.012332
1.010201
1.006399
1.002731
1.306796
1.003345
1.021959
1.325348
1.314028
1.004703
1.012051
1.019063
1.012131
1.010449
1.309612
1.021644
1.004974
1.309667
1.010096
1.007663
1.014142
1.000271
1.322926
1.015309
1.341590
1.014116
1.322794
1.317799
1.018643
1.016532
1.003183
1.010119
1.017791
1.324103
1.013536
1.012843
1.318721
1.010252
1.015451
1.011220
1.028913
1.033672
1.014168
1.302302
1.317413
1.329851
1.017982
1.028129
1.020481
1.014710
1.009824
1.028220
1.003388
1.305560
1.004171
1.020775
1.013868
1.017851
1.015982
1.316174
1.005319
1.333476
0.995431
1.009730
1.002704
1.008199
1.001529
0.992445
1.017759
1.005593
1.331088
1.000752
1.040559
1.015037
1.008326
1.006854
1.321645
1.309663
1.305538
1.300958
0.997473
0.986872
0.989460
0.992084
1.002731
1.033626
1.026172
1.036015
1.346766
1.331208
1.026893
1.025569
1.016847
1.006666
1.625780
1.321046
1.006405
1.319348
1.332168
1.016249
0.998203
1.010169
1.020434
1.317952
1.316391
1.336514
1.312759
1.313426
1.311151
1.325179
1.026463
1.041649
1.044639
1.376466
1.373951
1.351025
1.312312
1.320895
1.313688
1.318764
1.310075
1.308646
1.309804
1.312070
1.322796
1.308674
1.317182
1.323088
1.329370
1.327665
1.013646
1.300308
1.008912
1.020571
1.361492
1.354191
1.047593
1.339481
1.007013
1.308420
1.034865
1.026266
1.037463
1.036644
1.342667
1.326452
1.357302
1.348767
1.334457
1.032001
1.350857
1.349232
1.352297
1.340696
1.346816
1.691828
1.642338
1.639515
1.677915
1.706531
2.001769
1.331644
1.337074
1.661813
1.660860
1.658922
1.963245
1.336501
1.651829
1.632893
1.966844
1.635437
1.937047
1.652034
1.655422
1.660087
1.971720
1.677207
1.710962
2.024349
1.666707
1.943658
1.704329
1.635436
1.626936
1.944775
1.627656
1.618250
1.317986
1.347777
1.361891
1.376703
1.676883
1.671567
1.698883
1.627955
1.626474
1.626091
1.315867
1.315083
1.627265
1.609496
1.647441
1.331539
1.330229
1.348183
1.357776
1.331043
1.332158
1.330814
1.633874
1.584319
1.609089
1.304810
1.609831
1.008448
1.021581
1.321982
1.332570
1.618032
1.946110
1.325893
1.322619
1.016941
1.641490
2.257471
1.943307
1.327280
1.327276
1.325222
0.993397
2.523279
2.501793
0.984999
0.995048
1.000924
1.313216
1.011874
3.501824
3.179887
1.021483
1.011889
1.297852
1.306619
1.365779
1.048290
4.143684
1.007410
1.050658
1.027913
1.027579
4.546700
1.004209
1.210547
4.295544
1.008096
3.624670
1.015895
3.874737
1.007137
3.831180
3.840539
3.581944
1.212979
3.862987
1.202964
4.270370
1.221509
1.519998
1.207758
0.993404
1.216547
0.696840
3.893428
1.006745
1.314375
4.373586
4.386608
4.066069
3.877848
1.030568
1.652324
1.036641
1.026208
1.000329
0.992747
1.305353
1.003554
1.014158
1.005141
1.010441
1.021237
1.319981
1.010173
1.323551
0.996971
1.001421
1.002021
0.994548
0.994472
1.327524
1.323644
0.998918
1.011956
0.993913
1.018621
1.028800
1.031338
1.032184
1.051007
1.349584
1.022968
1.020935
1.017187
1.016811
1.005582
0.996136
1.312280
1.007496
1.318654
1.326354
1.344630
1.347494
1.015059
1.006805
1.316181
1.009130
1.020174
1.021399
1.319363
1.014307
1.037338
1.024463
1.337861
1.005771
0.999290
1.011931
1.015764
1.015394
1.326879
1.316606
1.007513
1.010500
1.004838
0.998073
1.019179
1.003797
1.345333
1.034031
1.022157
1.021001
1.029596
1.015891
1.027370
1.010139
0.999936
1.003730
1.348749
1.028475
1.020543
1.030986
1.338788
1.022535
1.040941
1.288349
1.288425
1.291460
0.984025
1.005919
1.037625
1.018342
1.022065
1.029673
1.334813
1.035426
1.024040
1.018406
1.020118
1.020231
1.018646
1.018546
1.004621
1.009502
1.342100
1.024910
1.012284
1.000755
1.002954
1.016698
1.014887
1.011547
1.004760
1.020143
1.330249
1.007412
1.005476
1.030869
1.003131
0.995434
1.015103
1.014979
1.020345
1.036780
1.357638
1.045104
0.996172
0.999427
1.016406
1.005465
1.302229
1.337635
1.033921
1.011712
1.011349
1.010344
1.016384
1.004896
1.005485
1.310850
1.000192
1.007291
0.999760
1.015888
1.003434
1.015533
1.019260
1.694919
1.301976
1.309932
1.000444
1.010630
1.320644
1.005473
1.324259
1.005245
1.011734
1.011772
1.008991
1.009517
1.001111
1.010093
1.042019
1.013869
1.033505
1.330100
1.008856
0.994874
1.016167
1.005668
0.996290
1.005184
1.004410
1.317771
1.296363
0.992355
0.994042
1.009667
1.014257
0.997974
0.996138
1.026044
1.325464
1.031891
1.031427
1.008298
1.013829
1.304468
1.346359
1.334497
1.022005
1.080827
1.019596
1.019592
1.022624
1.017383
0.991449
1.000257
1.014770
1.325206
1.011898
1.009708
1.004629
1.004967
1.005706
1.632818
1.347941
1.025030
1.005481
1.026018
1.024915
1.040429
1.034738
1.649714
1.313885
1.012900
1.044464
1.056948
1.052067
1.368187
1.346439
1.320592
1.016686
1.027874
1.328992
1.329479
1.654520
1.328505
1.012891
1.007264
1.030286
1.053116
1.053799
1.035670
2.274275
5.910105
4.399009
3.051879
3.081908
2.772936
2.467930
3.121771
2.463228
2.152562
2.130493
1.832488
2.171670
2.145535
1.853052
2.471861
2.135825
1.846821
2.770793
2.147481
2.148421
2.150073
2.139480
1.859468
2.171796
1.622645
1.008552
1.618164
1.008370
1.007323
1.023889
1.011883
1.316259
1.311850
1.006056
1.307775
1.005874
1.004956
1.306071
1.304121
1.319213
1.296621
1.307590
1.304144
1.305344
0.999201
1.006890
1.005204
1.009682
1.020853
1.013043
1.028431
1.326055
1.304120
1.012869
1.017557
1.312123
1.294535
1.007579
0.991738
1.007053
1.017052
1.301955
1.328490
1.311429
1.338035
1.337234
1.329545
1.044715
1.016357
1.011609
1.330934
1.307263
1.008193
1.008131
1.032281
1.014455
0.991057
0.995513
0.995578
0.996885
0.997397
1.322141
1.024614
1.003506
5.303905
4.058262
3.062794
2.466973
2.192819
1.845719
2.165036
2.176465
2.165669
3.132453
2.157892
2.131971
1.848750
2.153617
1.331159
0.711718
3.041067
3.510642
2.461112
2.144971
3.430597
2.170655
2.180634
1.849964
4.104630
3.764627
3.776089
2.462247
2.454043
3.073243
2.491919
2.462974
2.171835
3.378133
3.046909
2.169568
2.161281
2.164876
2.176212
1.842392
2.145358
1.846246
1.323878
0.702877
0.707702
1.005361
0.697641
1.003421
1.305615
1.030841
1.007860
1.320532
1.008267
1.001046
1.004521
1.324482
1.015362
0.993666
0.997989
5.893695
4.079941
2.752680
2.149544
1.851663
2.456525
2.462791
2.138880
1.532607
3.096434
1.848686
1.848221
2.169938
1.847387
1.846748
1.851284
1.127195
0.698642
0.702223
0.694657
1.013875
1.005596
1.019433
1.007781
1.005059
1.322007
1.322281
1.022612
1.326994
1.313962
0.999782
1.302773
1.309991
1.298797
1.000594
1.314805
1.323726
1.321412
1.316948
1.310239
1.304047
1.333666
1.323129
1.314111
1.319389
1.320462
1.319607
1.324081
0.993076
1.311923
1.324210
1.023272
1.336317
1.030587
1.322432
1.004999
1.311053
1.315233
1.595155
1.631331
1.613593
1.608184
1.935122
1.620551
1.633885
1.635444
1.650451
1.628399
1.310434
1.621844
1.615694
1.918638
1.615832
1.605741
1.932352
1.641036
1.306846
0.992981
1.305028
1.616073
1.637919
2.571088
1.010911
1.011796
2.220325
2.524637
1.620854
1.895477
1.304084
1.003547
1.318392
1.016880
1.010521
1.308533
1.302451
1.003902
1.005179
0.991643
0.996174
0.994274
1.007019
0.998471
0.987206
1.620281
1.323122
1.007312
1.414536
1.028712
1.293121
0.987962
1.339004
1.349494
1.350777
1.326345
1.303082
1.305897
1.311226
1.295544
1.319700
1.618475
1.635254
1.617874
1.619785
1.315381
1.337246
1.314362
1.305773
1.338798
1.636985
1.624192
1.642788
1.640325
1.636873
1.627216
1.627760
1.637123
1.626347
1.940118
1.723308
1.999851
1.332606
1.309441
1.658012
1.981579
1.021802
1.614183
2.217173
1.901493
1.620310
1.959375
1.034401
2.283900
2.661198
1.369814
3.219989
1.339906
1.025175
2.914332
2.600751
1.040475
3.925357
1.334976
1.638277
5.948427
4.377066
3.728417
2.690470
3.080429
2.755718
2.161368
2.164566
2.188317
2.167491
1.573471
2.177709
2.194308
1.900183
2.177355
2.180186
1.898361
2.213655
2.490635
2.184887
2.189592
2.241530
2.161891
2.452154
1.546113
2.799489
2.499799
2.821817
2.760313
2.769715
2.766105
4.618929
4.702342
2.761147
2.173118
1.855632
2.648387
2.466647
1.543285
4.238991
2.767219
2.161227
1.843715
2.147655
1.833247
2.944903
1.839869
2.144822
1.622828
1.333143
0.700930
1.324675
0.697452
3.058449
3.166481
2.904544
2.594605
4.470095
3.670092
3.367805
3.141112
2.476391
2.150260
1.835294
2.163825
1.541674
2.750968
2.463948
2.755630
2.775704
5.861513
4.056504
3.516890
2.785019
2.467944
2.777532
2.755247
2.448480
2.673550
2.994398
0.818321
3.005433
3.612108
2.767234
2.790322
3.067939
3.076112
2.779046
2.474641
2.476789
1.317534
3.383829
0.694393
3.361714
3.053849
2.157222
3.080518
2.162888
1.839095
0.385734
3.051674
3.394941
3.646394
1.838638
2.163179
1.849680
1.851005
1.857247
2.156829
2.753313
2.139208
1.526330
1.537201
2.574511
2.391268
2.356006
4.201040
3.792897
2.373349
2.369268
3.373338
3.085652
3.080836
3.308984
3.680270
3.567038
3.691559
3.072284
3.563437
2.848023
2.863520
3.787864
1.117379
1.628546
2.567653
2.891140
2.884856
2.168692
1.849950
2.784831
1.015520
1.334803
0.697229
1.859177
1.332322
1.336543
4.686227
4.629432
4.097412
3.695289
2.461603
2.680833
2.990038
2.471162
0.398468
3.597468
1.549830
2.670941
1.852298
2.173495
1.533479
2.679517
1.537146
3.053827
3.088439
2.668193
2.664591
2.650547
3.055474
4.061090
2.745155
3.147302
3.064666
5.274335
3.934047
3.678338
3.734778
4.026657
3.012468
3.089932
2.747094
2.448460
3.372282
3.523938
3.212291
3.053088
2.751798
3.712965
3.392717
4.011911
4.477550
3.418518
3.286086
2.341830
2.772559
2.161448
1.849776
2.148857
1.826170
1.832302
1.851677
2.357322
2.152176
4.332697
2.682561
2.654790
2.355943
3.270224
3.265659
2.748924
2.458954
1.549037
1.560625
1.566789
1.571491
1.882224
2.501372
1.542545
1.542478
1.536025
1.540342
1.541594
1.532165
3.598501
3.202294
2.889906
2.546753
3.170280
1.850726
1.545016
2.168517
0.608158
2.981683
1.849721
1.833308
1.853451
0.813403
2.834552
3.395806
2.725657
2.705698
3.384548
3.373326
2.469216
3.129776
2.760064
2.768976
2.764302
2.435398
2.761221
2.767260
2.453030
2.445707
1.839211
1.856604
1.590918
2.203244
1.352738
0.716110
1.839919
0.707390
0.992336
1.839634
1.840431
1.863596
1.879830
1.858638
1.315479
0.702546
1.860046
1.854601
1.847256
1.854094
1.852952
1.845734
2.152243
2.162458
0.703824
1.856629
1.849732
2.781656
2.462391
3.045054
2.157496
2.168972
1.849872
1.340959
2.159297
1.834835
2.458737
1.857269
1.848509
1.843794
2.481299
1.850760
2.517146
2.789665
1.871149
1.876120
1.851935
1.865906
1.840587
2.154988
2.149184
1.841070
1.833875
2.132763
1.856884
2.195172
2.192377
1.345249
2.774976
1.845372
1.826667
0.690325
1.842154
2.158417
2.455729
1.838825
2.151556
1.842098
2.468116
3.092753
2.480345
3.110540
1.878920
1.853804
1.849376
2.147050
2.130581
0.698431
1.845414
1.847631
2.514851
2.830666
1.896021
2.800727
2.803378
2.184614
1.896484
2.205123
1.887656
2.201062
2.219673
2.228308
1.872976
1.872998
4.491336
3.784284
3.478497
2.492705
2.796760
2.485828
3.134835
3.446238
3.450404
3.130051
2.865256
2.834213
2.486551
1.883093
2.157769
2.435616
1.839955
2.783333
2.160535
1.843340
1.821539
2.165969
1.892024
2.466497
2.469101
2.764055
2.154845
1.839711
2.484329
2.482644
1.856462
2.771008
2.440183
0.988702
2.446613
3.094367
3.068365
2.461007
2.740418
3.485296
1.001456
2.883141
1.368855
1.032501
1.018382
1.023717
1.014193
1.023027
1.034880
1.010294
1.346253
1.014688
1.010336
1.032551
0.999709
1.021727
1.003241
1.312135
1.001069
0.696878
0.721777
0.718358
0.717469
1.024720
1.022793
0.713640
0.707817
0.703454
0.697399
1.023166
1.335021
1.009851
1.007024
4.974437
5.093176
4.365455
3.975932
2.776404
4.228191
3.089369
2.472017
2.735745
2.438432
3.074795
1.640325
2.781667
0.701642
2.462202
0.688315
0.702065
0.689823
0.717098
0.740840
1.053927
1.043631
1.052682
1.010996
1.018279
1.016301
3.189645
4.819469
4.932267
4.615359
2.748056
4.737209
3.676831
3.119088
3.095230
1.136012
1.544351
3.094004
4.237815
2.181266
1.854244
2.860858
0.732218
0.725412
1.053862
0.712414
1.346962
1.033026
1.028379
1.037302
1.042221
0.737352
0.723093
1.349885
1.035092
1.040674
1.049591
1.022369
1.046312
1.044481
1.048893
1.319521
1.017218
1.036738
4.225188
5.065759
4.468187
3.410163
3.105997
2.786537
1.845994
2.645624
1.868623
3.730550
3.143682
2.225168
1.944356
3.043227
2.513571
1.889078
1.372967
0.716665
0.714648
0.700158
1.316770
1.010048
1.032215
1.331091
1.032218
1.355710
1.339290
1.334909
1.337373
1.020896
1.013011
4.445522
5.107422
4.386327
3.088158
2.159417
2.784035
2.476179
2.154635
2.158266
3.179677
3.420860
2.480742
1.849258
2.151893
1.338700
2.164781
2.162895
2.154512
0.691816
0.694535
0.691079
0.698207
0.689528
1.301131
0.990629
1.010682
1.004550
0.992872
1.005028
1.005158
1.012995
0.997410
1.317406
0.993185
1.001747
1.005047
1.016052
1.007377
1.048485
1.003996
1.624010
1.016791
1.016630
1.328011
1.011834
1.019638
1.020208
1.639237
1.011479
1.029248
1.321473
1.005693
1.024441
1.043019
1.357161
1.035438
1.328925
1.013613
1.017247
1.021530
1.311828
1.017747
1.016652
1.041518
1.030940
1.038980
1.021026
1.603918
1.295843
0.991364
1.010336
0.998469
1.016780
1.318102
1.010114
1.018728
1.008806
1.015628
1.019453
1.013809
1.007550
1.322303
1.009666
1.002115
1.016477
1.003108
0.988579
0.983055
0.985669
1.609202
1.307329
1.004233
0.709918
1.000889
1.001125
1.016664
0.997916
1.308869
1.002600
1.004440
0.993249
0.693486
1.013258
1.003850
1.017498
1.331275
1.011597
1.039028
1.014655
0.699718
1.019535
1.004951
1.007427
1.003182
1.335129
1.002744
0.993695
0.995831
1.013188
1.005735
1.022796
0.998420
0.693953
1.625320
1.005237
1.345759
1.021021
1.018941
1.013852
1.332256
1.012842
1.014532
6.003423
5.997638
3.134241
3.137433
3.426209
2.802442
2.472836
2.437854
2.458123
5.522873
5.651749
5.633395
4.049309
4.134528
4.397127
3.222075
3.500318
4.515047
2.060576
3.198930
3.070349
3.486132
1.545924
2.515220
2.409704
4.378850
2.178332
2.162007
2.162794
2.159251
2.158417
1.854634
1.855196
1.338132
0.715115
0.709145
0.704376
1.031582
1.391280
1.355068
1.673251
1.306745
1.314798
1.351142
1.032819
1.963929
1.629792
1.637243
1.623735
1.312162
1.301427
1.610853
1.321704
1.007480
0.998098
1.336933
0.997867
1.655343
1.619297
1.314838
0.999856
1.016951
1.332427
1.015096
1.653972
1.323077
1.017669
1.016139
1.022544
0.716021
1.021850
1.328956
1.003050
1.328398
1.018784
1.315585
0.691318
0.714807
1.301681
1.028534
1.343088
1.026760
1.332154
0.698037
1.631523
2.232086
1.307908
2.854770
0.997402
1.001138
1.299527
1.923941
2.880040
3.241378
1.631505
2.243737
2.532290
1.009139
1.663185
4.435470
3.215330
2.601052
2.241340
1.956702
1.619768
1.647054
1.639001
1.625588
1.629720
1.312559
1.016896
1.005764
1.011823
1.002933
1.010059
0.992798
1.004189
1.012318
0.992533
1.003767
1.006430
0.989785
1.905859
1.917306
1.605018
1.938543
1.650954
1.632748
1.950937
1.925398
1.932949
1.916832
1.316545
1.003914
1.328892
0.697391
1.015718
1.017078
1.615807
1.903371
0.992871
1.298889
0.687552
1.303942
1.001559
0.704661
0.709991
3.652711
0.705217
1.303087
1.231278
2.555317
0.708294
0.709561
0.699994
1.048932
1.429730
0.715650
2.966169
0.691362
1.012616
1.439030
0.702243
2.915854
2.265412
2.261738
2.257333
1.006573
1.021457
1.023007
1.019202
0.711191
0.701098
1.003689
1.119491
3.839236
0.998206
1.127458
0.719538
4.705734
3.181771
1.005764
1.971562
1.010332
1.015597
1.314194
1.333550
1.004334
1.330837
1.009229
1.313602
1.319722
1.285041
1.008183
1.317812
1.307088
1.022535
1.375096
1.029037
1.033141
1.361782
1.034922
5.179225
4.804892
4.606042
3.576902
3.724008
2.483520
2.464100
1.564459
2.471254
2.746835
3.066286
3.122246
3.036818
2.780501
1.861034
1.831282
2.454014
1.330777
1.028280
1.008381
1.597890
1.292986
1.609665
1.952884
2.294571
2.267270
2.260816
2.519046
1.975325
2.233739
2.560906
1.953581
1.012333
2.885890
3.496979
3.211370
1.333911
1.005321
3.138317
1.004199
3.143033
1.013014
1.328448
1.015835
1.002810
3.498438
1.022775
3.799899
0.996525
1.015462
1.006107
4.360325
0.991914
1.008970
0.998111
0.708657
0.718009
1.536085
1.211576
0.900959
0.700093
4.603643
4.092606
4.133605
3.857674
3.608307
3.512851
2.549824
1.026360
1.379614
1.051446
1.356648
1.058798
1.038333
1.045091
2.299422
2.285060
1.343117
1.018803
2.901784
2.613019
1.035975
1.028152
2.290613
2.876587
1.328882
0.993496
4.116627
3.439863
1.620813
1.621018
3.510202
1.982532
1.372118
3.512726
1.924649
1.596745
1.954552
2.046087
3.492595
3.779102
3.784736
3.839427
2.522582
2.764900
2.469987
2.167570
1.866979
2.494781
3.135228
2.188172
3.355690
3.156861
3.375496
3.200505
3.739071
3.430701
3.106705
2.497560
2.513194
2.394272
1.889203
2.749974
2.408363
2.413745
2.533584
2.425475
1.253606
2.399060
1.557967
1.559233
1.564430
3.418297
3.013794
2.940402
2.098419
1.561148
2.487872
2.727024
2.200730
2.196087
2.722884
2.203906
1.576183
1.874589
2.414746
2.534838
2.507969
1.872584
2.184917
2.173254
2.141634
2.146280
2.173803
2.452693
1.833518
1.830730
1.864418
2.511642
1.876787
2.061695
2.437289
2.756903
2.749002
2.428044
1.539735
1.547242
1.543981
3.256064
2.480835
2.067142
1.227637
1.550900
2.143550
1.522932
1.526481
3.587836
2.847979
1.535907
1.855974
2.893516
2.162374
2.154410
1.847693
2.985590
2.161667
1.851433
2.183035
1.851003
2.455544
1.836420
2.372459
2.485499
2.785933
1.541821
1.889928
1.893604
2.529554
2.585659
2.189625
2.164849
0.603192
2.173452
2.183645
1.885233
2.072107
0.394479
2.182043
2.158298
0.808443
2.164110
1.842248
2.479586
2.159216
3.577825
3.383260
2.992681
2.695133
2.689887
2.683500
3.397023
3.593058
5.595852
5.646942
3.049908
3.071259
2.369035
2.774042
3.076713
3.058483
3.072724
4.484324
3.869785
4.624912
5.586874
2.977644
2.469813
2.834269
2.144281
1.879011
1.903782
2.217282
1.878928
2.198193
2.189421
2.161259
2.357245
2.145953
2.438830
2.141123
2.136639
2.344289
2.135504
2.450724
2.194225
0.604004
3.965726
3.060885
2.740367
1.545904
2.465287
2.050270
2.052558
2.043218
1.218069
3.902295
3.080837
2.879749
2.455090
1.850391
2.518224
2.483239
2.463075
2.666075
2.446645
2.451103
2.687502
2.475104
1.845888
2.477326
2.157436
2.169589
0.391589
2.786749
2.741398
2.761798
1.540741
1.529063
2.783648
2.053914
2.357307
2.187256
2.782341
2.458066
2.054574
1.221224
2.655787
2.658473
1.541099
1.539954
1.233972
2.722800
2.360657
2.383818
2.696386
2.370050
2.374611
2.079357
2.678063
2.663809
2.347825
1.848062
2.637446
2.345321
2.373805
2.056925
2.356907
2.356427
2.355202
2.373522
1.856464
2.692735
2.380686
2.370072
2.385634
2.421497
2.414159
2.401529
2.398857
2.740050
2.720678
2.388074
2.371801
2.373844
2.359271
2.383946
2.374553
2.376647
1.854206
2.656893
2.695313
2.700621
2.360244
2.345369
2.380494
2.355021
2.361894
1.849052
2.680283
2.672051
2.681051
2.364835
1.827164
2.965407
2.655648
4.109594
3.014289
2.669366
2.690458
2.403278
1.861588
2.974900
3.979533
3.012215
2.767464
2.749239
3.102135
2.673235
4.337879
3.661443
3.091149
4.929272
5.033553
4.689950
3.290259
3.888198
2.955799
3.268277
4.171062
3.077042
2.679380
2.050694
3.917707
1.833996
5.024847
5.367098
4.657208
2.158924
3.082902
3.372681
1.937414
3.954523
2.917549
2.207551
1.033606
2.198629
1.851109
1.850460
2.690307
0.702461
2.430820
2.458832
1.638476
2.479329
1.853039
2.149772
2.471324
1.850426
2.166165
2.485078
2.177875
2.156357
3.087950
2.486378
4.165696
4.408913
3.700146
3.697010
4.957416
5.556643
5.682221
5.586301
5.028838
4.844614
3.268549
4.664729
2.627449
3.025430
2.731920
5.733519
2.690338
3.308588
2.691276
2.664600
2.069122
3.203640
2.912673
3.830910
2.363375
2.595154
2.371425
2.374060
2.092886
2.401867
2.405894
2.410359
2.089075
2.409345
2.613804
2.086954
2.423719
2.053240
2.377478
2.348286
2.537828
2.361470
2.456344
2.567890
2.059247
2.387524
2.388540
2.583936
2.260455
2.078489
2.619088
2.075021
3.008731
2.378445
2.064330
2.368095
2.568645
2.258828
2.048747
2.380364
2.566286
2.336715
2.495151
2.355865
2.458914
2.569187
2.254681
2.053114
1.275617
2.998704
2.083298
2.383942
2.074638
2.408047
2.573103
2.270299
2.364376
2.674271
2.696139
2.661073
2.662921
2.359929
2.678628
2.889380
2.965940
2.061428
1.227718
2.372718
3.338487
2.363659
2.389735
2.052557
2.354998
2.377490
2.410976
2.082561
2.369753
2.618885
2.360634
2.365569
2.070695
2.386745
4.577616
3.525275
1.744906
2.580167
2.561026
2.052148
2.672639
2.686057
3.877750
3.329991
3.551589
3.376243
3.557833
2.506389
3.954219
3.026274
3.061325
2.466200
2.996587
2.505040
4.198620
4.399625
3.908380
3.053987
3.865949
3.905676
3.630812
3.966057
3.700638
4.139826
4.752248
4.621179
4.078021
2.155781
3.375569
3.382595
3.090957
3.404529
2.964950
4.797657
3.807892
3.384764
4.679041
4.667099
3.822514
4.113684
2.169486
3.110773
4.170197
4.776339
3.843614
2.789393
3.286576
2.756507
4.426759
4.109540
4.706979
4.077485
4.102476
5.423289
3.273708
3.989655
3.565746
3.762689
4.450589
3.645994
3.382948
3.301058
3.373004
4.589333
4.406138
2.767428
3.074855
4.429049
3.892348
3.007028
4.368564
5.400694
5.828489
5.828571
4.607768
4.716179
4.157110
2.976673
4.715576
4.066941
2.989111
3.118338
3.495083
3.400546
2.479142
3.672713
2.980419
3.389667
3.107090
4.825922
5.538515
5.490034
5.772550
5.485149
5.612763
5.646546
5.697079
4.703918
3.050269
1.851907
3.981301
3.384448
3.696818
5.928093
4.845451
3.254537
2.045955
3.611514
2.359316
2.658321
2.677621
2.358184
2.357931
2.352476
2.378244
2.415638
2.057724
3.882052
3.880363
2.651152
2.658592
2.685474
2.681058
2.690114
2.426908
3.086150
1.541429
2.885224
2.157704
3.185467
5.704834
5.885664
4.437801
4.553928
2.366768
4.200270
2.357462
1.225447
2.975859
3.187730
1.759341
1.221791
2.690887
2.668788
2.374054
2.036127
3.150933
2.868042
2.277449
3.431833
4.421896
4.893470
4.104193
5.223059
4.145470
3.255260
3.415072
1.736926
1.746495
3.708784
3.512665
3.997550
2.870732
4.051320
2.858667
2.544820
1.426679
2.249071
1.742019
2.044626
1.740383
2.062289
3.409424
3.421247
2.675439
1.753606
2.270696
1.750010
2.055637
1.757204
1.755072
2.059092
2.060228
1.744671
3.361187
1.734822
2.070624
1.786218
1.748108
3.430655
2.602497
2.997623
2.313898
1.468127
2.720573
1.769656
3.464481
2.309598
1.454887
2.091592
2.046038
1.749310
2.040263
1.758152
2.066294
1.440890
2.056415
1.738996
1.745437
3.230672
2.883892
2.258747
2.953750
2.654034
1.742763
3.193752
1.222242
1.740606
1.250219
5.448026
2.568152
3.094763
1.435672
2.275895
4.237331
2.263037
4.312055
3.387573
3.711093
3.711214
1.744146
3.087276
1.985095
4.837870
4.032082
3.999999
4.276178
3.376694
2.566673
1.744137
2.680223
2.047058
2.047714
2.052861
3.503011
1.753417
1.758183
1.742415
1.735043
1.731401
1.743411
1.759481
2.071703
2.056915
1.752634
1.743136
1.737646
2.052763
1.741690
2.048932
1.745367
1.750196
1.742549
3.383213
2.559382
3.082888
1.439974
2.276720
1.821946
1.642539
2.005515
3.176518
2.630282
2.112773
2.307766
2.103907
3.162845
3.471051
1.775551
2.941085
3.735580
1.434783
1.755823
2.044923
2.038058
3.697322
1.749687
1.762645
2.061305
1.434348
2.051852
1.430953
3.683641
2.857038
2.664602
2.255726
2.064041
2.290635
1.749184
4.766341
5.485656
3.503770
3.920755
4.375793
2.259430
2.266270
1.956838
5.528066
2.319874
2.274923
2.362825
3.592119
2.599311
2.908493
2.733823
2.598417
2.060601
5.266911
4.400781
3.633439
2.556982
2.667675
4.392924
3.201422
2.897872
2.570144
1.739422
2.266177
2.056339
1.235113
4.052491
2.308176
2.256620
2.270015
3.815532
4.657348
3.761956
3.294011
3.185878
1.539228
2.690902
2.582215
2.356263
3.351161
4.541273
2.179360
1.619155
1.316256
1.660451
1.356071
2.898071
2.243541
1.947287
1.008361
0.994057
1.008175
1.003284
3.099412
4.512005
3.256171
3.291053
1.846017
1.851051
1.862301
2.694466
1.558451
2.666124
1.537162
2.684513
2.205100
1.559081
1.563597
3.971404
2.821683
2.215485
2.799266
2.154103
2.153529
2.147836
2.189491
1.846476
1.313251
1.316964
0.701247
1.017330
0.706789
1.014428
1.001406
1.327002
1.380182
1.291717
1.318505
1.303033
1.313429
1.320832
1.319240
1.310893
1.613379
1.364274
1.333368
1.314942
1.932726
4.758164
4.073333
3.393082
2.461274
2.456907
2.145978
1.845798
3.380744
2.764249
2.741737
2.453325
1.835589
1.834100
1.340780
0.711244
0.709179
3.778096
4.352152
3.767405
3.064511
2.439472
2.458135
1.852626
3.358457
2.777213
2.795019
2.161083
2.165284
1.127412
4.871460
3.081990
3.265393
2.741973
2.477492
2.763540
2.470150
1.531976
1.854998
4.264759
2.483579
2.507073
1.869948
2.509023
1.558178
2.483786
3.717861
4.186289
3.055711
3.083770
3.098515
2.764384
3.350756
4.093311
2.984161
2.970972
2.468866
2.383237
2.166918
4.010572
3.379206
5.137614
2.679274
2.959323
2.676558
3.905722
2.347627
1.530363
2.050211
2.723700
2.143325
1.743364
2.587200
2.256595
2.078100
3.518877
2.357729
3.581474
3.075458
1.751835
3.483377
2.076093
1.747941
2.383805
2.887439
4.334800
3.605569
2.891173
2.753843
1.846113
5.563586
2.769274
1.837981
1.853687
0.717186
0.711381
0.724758
1.030013
0.709329
3.176429
6.339364
6.087408
3.472050
1.886119
1.835594
2.464520
1.841871
2.151611
2.123070
1.850568
3.695584
2.449402
2.202842
3.163377
2.839108
1.990689
1.659479
1.999994
2.221946
1.882093
1.577594
0.827033
2.467292
2.143049
0.833891
2.470955
1.843126
2.153460
1.858648
2.168568
2.451425
2.149733
2.171067
2.166532
2.150764
2.141808
2.444616
5.884491
4.765766
3.196726
4.238081
3.693595
5.262529
3.816567
3.446192
5.548438
3.896236
3.173835
2.906005
2.636559
1.040290
2.096739
3.343353
4.403985
2.570436
2.066425
1.217728
2.375068
1.738686
3.580098
3.186965
2.948901
3.172624
1.836934
1.537444
1.533731
1.540497
2.054291
3.411477
2.144853
2.153127
3.378033
4.314228
1.652134
3.177974
1.333239
2.138223
1.840997
2.184963
3.907258
5.955989
3.616294
3.245052
2.997329
1.761608
2.382764
1.549111
1.762919
3.251505
2.943733
2.101097
2.669872
2.042776
2.371858
2.357454
2.055868
2.657678
1.535925
1.537866
1.541371
4.641546
3.998503
3.999802
2.900860
3.176239
2.458110
3.074127
3.951697
2.824931
3.538190
2.766148
3.081863
4.657581
3.018102
2.592810
1.750623
3.748710
5.056388
2.862753
2.679287
3.565528
3.758545
3.790798
2.278575
4.105328
2.575287
2.271065
2.270329
2.954187
3.526912
4.199296
3.476954
3.488437
4.094136
2.971413
3.009342
5.529928
1.770428
3.249282
3.344145
1.767206
4.547636
0.598120
2.054897
4.493636
3.005779
1.748143
2.345143
1.565811
3.283682
2.847927
2.721652
1.566485
2.723395
2.808089
1.877469
1.881062
1.864664
2.189114
1.860519
1.861614
2.339837
2.152095
2.468896
1.845341
2.161930
2.168605
2.140386
1.861804
2.482115
2.165973
2.774827
2.747328
2.464711
2.462067
2.463325
1.591735
2.156792
1.540985
2.150357
2.774165
2.159937
1.539945
2.141239
2.470811
1.540957
2.076119
1.536983
3.391777
4.506701
4.213400
4.198238
3.175861
2.358336
2.575910
2.646533
4.347804
2.316122
4.176446
4.098844
4.556577
3.567987
2.383909
3.978998
3.014081
1.873120
3.371699
2.804853
3.702539
4.885145
4.624015
3.374819
2.443019
2.709527
2.687312
2.169397
2.690363
2.149214
2.156500
4.533696
5.863310
5.708241
4.177592
4.036084
1.754936
3.084397
2.711225
3.166193
4.598346
5.571267
2.067164
4.122524
3.259046
1.752193
1.025986
4.048107
2.373152
2.766584
1.858466
2.155237
2.440082
2.129883
2.158221
2.158422
2.150161
1.860817
1.878736
2.454658
2.745016
2.459802
2.783675
2.459328
2.173505
1.534099
2.461981
1.571172
5.130646
4.180280
3.157605
4.348325
2.423603
1.790160
2.703280
2.390639
2.689924
3.243280
3.010005
2.692928
2.482816
2.426193
2.728912
1.565660
1.568031
2.742961
3.244607
4.157325
2.726586
2.729001
2.722863
2.727265
2.729154
2.857679
3.058608
3.370070
5.041796
3.066066
2.401249
3.037537
4.699598
5.239164
3.620265
3.590991
2.939307
3.772084
2.718974
2.938428
3.273404
4.301305
3.745024
2.616890
2.942325
4.102198
2.713724
2.916244
2.712626
3.778832
2.702691
2.662745
4.512456
2.980482
2.983194
2.443836
2.660290
2.561133
5.893039
5.185489
2.361629
3.494027
2.377970
2.452624
3.746833
2.979241
2.697013
1.547456
2.868401
2.605900
2.672051
1.868014
2.780212
1.535879
2.146096
1.003349
1.333410
1.601603
2.860741
3.762583
3.132855
2.821872
2.525421
2.541218
2.253352
1.918762
2.238021
1.338289
3.778339
3.359862
3.092463
2.482074
2.448879
2.162384
1.842780
3.093813
2.181935
1.858637
2.146071
0.730849
1.014463
1.855040
0.710142
1.317705
1.623863
1.951371
1.940872
1.941225
1.710801
1.631967
1.619190
1.333161
1.336891
1.009957
1.025304
1.008135
1.008811
0.994241
0.997529
1.321379
1.007306
1.000217
1.011785
1.008028
0.990888
1.037240
1.379799
1.022189
1.058084
1.039809
1.028007
1.022561
1.030018
1.023095
1.342105
1.027856
1.046812
1.043398
1.029964
1.037630
1.010758
2.286943
5.411016
4.372076
3.425882
3.064168
2.751806
2.154985
2.151412
1.842987
2.463333
2.794767
2.169358
2.148270
2.145046
1.844593
2.164272
2.760071
2.482437
1.842248
2.456079
1.862853
2.755335
1.847239
2.153038
2.162638
2.148658
2.166377
2.360120
2.752096
2.488851
1.860183
2.141665
1.854246
1.865558
0.722855
2.487133
3.367582
2.150509
2.181024
2.182523
2.191048
1.879139
2.185628
1.648022
1.003662
1.624897
1.606746
4.417301
1.930345
3.698555
2.767046
2.452270
2.137630
2.172793
2.155655
2.765038
2.165550
2.174933
2.806157
3.095108
1.838577
2.453058
2.149726
2.137162
1.846423
2.348161
2.147865
1.844461
2.171028
2.149357
3.106238
3.542578
2.771410
2.397929
2.455329
2.668389
3.077692
2.400981
3.299392
2.987315
2.383761
3.925005
2.467776
2.412790
1.227556
2.692054
1.748961
2.739909
2.154544
2.767929
2.476635
2.446267
1.562967
4.594296
2.971131
1.849762
3.640298
5.002543
3.615255
2.456526
2.971052
0.697942
1.849564
2.161375
2.157882
2.756367
2.507369
2.562500
2.150889
2.146411
2.774972
2.446130
3.408401
1.120473
2.505385
2.182793
1.841500
1.826792
1.318822
0.699039
1.002413
1.315877
0.999944
1.006646
1.317253
1.317022
5.995297
4.965316
2.766723
3.459168
2.776804
2.470427
2.754809
1.829479
3.607162
2.965988
2.149989
2.648465
1.841381
3.403936
1.587735
2.509925
1.887999
2.193370
0.715433
0.721380
0.715280
1.335670
1.036103
1.045143
1.032734
1.052776
1.038508
1.036818
1.038431
1.032946
1.334839
1.011632
1.029927
1.023845
1.019534
4.809180
4.649309
3.107005
3.332946
3.081833
2.480798
2.792135
1.856634
4.138357
4.833076
2.645272
2.557279
3.556571
2.672597
3.714952
2.574228
2.681464
2.371258
2.676345
2.376302
3.042534
2.392322
2.359975
2.985491
2.568517
2.563151
2.355319
2.591487
2.973827
2.365124
2.669817
2.553960
2.569338
2.357235
5.216849
2.662458
2.671254
3.030509
3.030489
2.396730
2.407012
2.926070
2.094396
3.007371
2.383948
2.366669
3.109565
2.204623
2.929600
2.665061
2.384746
2.616470
3.100720
2.409856
2.723440
2.620263
2.610746
1.225819
4.018723
4.345010
2.621950
2.403492
2.405930
2.403570
2.619949
4.003297
5.228343
5.371360
4.540719
3.190023
2.364799
2.325011
3.901764
2.085981
2.746521
1.787208
3.259024
2.217400
2.532645
2.160784
2.170765
2.132176
2.542125
2.795098
3.405970
2.789715
2.165806
1.863518
1.854709
0.706414
5.619750
3.416629
2.971648
3.362250
2.670160
2.979671
4.653223
3.004337
3.482974
3.303866
2.700389
3.597917
3.015080
3.745376
2.377659
2.919878
3.316330
2.589065
2.386914
2.594353
2.404151
3.060044
2.655592
2.692209
2.366617
2.679199
3.273527
4.211041
1.530992
2.369761
3.612672
3.072875
3.370908
3.604538
2.656005
2.966063
2.360892
2.155632
5.288404
2.965199
2.985225
4.835398
3.288623
2.671029
2.895687
3.561246
4.007528
2.667473
2.873456
2.891698
2.384528
2.387535
3.012571
3.273952
2.690752
2.351127
2.367517
3.813650
2.678303
3.495975
2.895718
4.015760
2.374626
2.572782
2.636872
2.697998
4.895187
3.276396
2.666779
2.645661
2.879501
2.554882
2.657882
5.648617
5.105538
2.357560
3.989029
3.590147
2.365515
4.022197
3.479673
2.373785
2.676073
3.021009
2.102745
3.370878
2.709035
2.407313
5.611011
2.988659
4.243609
5.545130
2.869627
5.135893
2.667374
4.857653
2.045693
2.974834
3.298861
2.674473
2.379675
2.885957
2.671658
4.838683
2.338210
2.583095
2.566778
2.920127
2.392393
2.576649
2.374621
2.979790
2.667721
2.983366
2.394058
2.581497
3.408811
2.984783
2.881119
5.547231
2.957762
2.962808
2.336648
2.892187
2.354198
3.198659
2.693200
2.670429
2.669765
2.960075
1.534149
4.538472
2.698795
2.682008
2.662928
3.307471
2.970924
2.755956
2.352158
3.502314
2.360734
2.987808
2.663380
2.044100
2.766973
5.763608
3.365242
5.189952
2.979433
5.527716
5.146346
2.984287
3.238551
3.287361
3.677408
3.895394
2.035438
3.862929
2.875910
2.972107
2.353850
4.499936
0.698034
2.045831
2.057187
1.833011
1.035385
1.616040
2.308282
2.581145
1.928936
1.598092
1.911880
1.932132
1.947648
1.910307
1.932398
2.235664
1.947894
1.953259
1.641459
1.968368
1.343397
1.646416
1.641246
1.377403
1.616667
1.612918
1.622768
1.337535
1.688436
1.631196
1.911419
1.623095
1.323324
1.327401
1.342488
1.331372
1.342400
1.322881
1.314121
1.315957
1.619926
1.308932
1.304980
1.299258
1.298525
1.301285
6.278164
4.437214
3.734885
3.401012
3.399427
3.126964
2.161401
2.778758
4.209667
2.480224
2.468886
2.163665
2.179952
2.473835
2.153700
2.448162
2.451096
2.567174
1.019911
2.931048
2.250740
1.635792
2.223956
1.637961
1.967053
1.632059
1.636160
1.947482
1.610997
1.948751
1.914649
1.639932
1.614919
1.927259
1.600738
1.301463
1.673932
1.673430
1.335185
1.337995
1.329459
1.630942
1.304624
1.320271
1.311249
1.609401
1.924328
1.310075
1.303171
4.993373
4.886126
4.191534
3.267180
4.965910
4.410523
3.012608
3.271110
4.729540
4.639476
2.981768
4.932276
3.032539
3.340380
2.729915
3.037317
3.039837
2.715254
2.378560
3.626039
4.538645
1.838764
3.522923
1.550979
2.673224
2.978498
2.390121
2.796634
2.458257
2.450640
2.128247
2.362497
2.149211
3.894679
2.798291
3.144583
3.641513
3.096977
2.808698
3.066146
2.443245
1.317042
2.562821
1.234264
2.917308
2.541913
1.611432
2.271483
1.924085
1.935246
2.230508
2.539529
2.203695
1.915333
1.903404
1.979142
2.290655
2.659677
1.651120
2.276588
2.872891
2.563382
1.334113
1.954054
2.550335
1.643281
2.917278
2.542740
1.339232
6.050656
4.469321
3.411832
3.380912
3.087693
2.773164
2.151585
2.143387
2.150298
2.441090
2.157119
2.159105
2.465635
2.153948
2.342582
1.904368
2.135020
2.460791
2.460829
2.149816
1.857041
2.174926
3.385680
2.773377
3.075938
2.795927
4.950372
1.770525
1.657478
3.623035
2.165083
4.012444
3.305615
4.027729
3.323887
5.353618
5.271069
3.284295
4.113084
3.265893
5.499153
3.334550
2.823153
4.614203
4.957755
1.885520
3.881790
1.890773
3.150725
3.583991
2.850201
1.880936
2.498570
2.857135
2.728412
1.887875
2.511904
3.121766
2.721696
1.880633
3.656230
3.110927
3.111745
3.114151
3.118261
3.074187
5.703817
4.815043
4.306679
1.749243
3.298266
4.529579
2.666749
2.884738
2.872631
3.684204
2.644221
2.550332
3.293155
2.672207
2.345993
2.342678
2.564166
2.397477
2.345681
2.360610
1.744812
2.676630
2.680770
2.355743
2.403234
2.591153
3.603181
2.582577
2.381997
4.200184
2.869006
2.684647
2.565707
2.133588
3.839914
2.476286
2.969282
3.351436
2.475499
2.458469
2.459010
1.864179
3.184805
3.455381
2.992597
3.296140
2.877795
2.676100
3.992377
2.355326
2.570676
2.351418
2.342138
2.478561
3.375820
4.727650
2.675517
4.493823
2.368648
3.540404
2.359744
2.997878
3.282147
2.664096
2.663212
2.897998
3.292710
1.763521
2.691569
1.749285
2.579225
2.769972
2.269894
2.063561
2.582513
3.573864
2.131961
2.041962
3.458560
2.745916
2.758076
2.467880
2.145403
3.060174
2.752721
1.834209
2.751045
2.665340
2.759555
1.595112
2.468666
1.849762
2.469531
1.345506
0.701717
1.325644
1.023433
1.325178
1.311137
1.322472
1.324744
1.349768
1.348654
1.316483
1.025224
1.018935
1.006479
1.028228
1.034418
1.033262
1.039416
1.355929
1.050170
1.042874
1.045989
1.019844
1.030849
1.016205
1.016314
1.021117
1.658738
5.654206
4.332276
3.715508
3.708593
3.374527
2.471535
2.142289
2.138060
3.376786
2.672836
2.783388
2.147664
1.837847
1.862415
1.835927
1.320731
3.153457
1.019835
1.000510
1.024182
1.029679
1.340631
1.667247
1.327341
1.322354
1.316701
1.305909
0.998056
1.309783
1.022901
1.046271
1.041531
1.028229
1.021169
1.018449
1.328594
1.014013
1.015722
1.018374
1.023280
1.024545
1.011141
1.023283
1.339819
1.022996
1.022507
1.022646
1.012217
1.012126
1.002943
1.295393
0.990392
1.007323
3.739428
4.175154
3.721565
3.719963
5.782759
3.802533
3.810869
4.046376
2.793440
2.146474
2.167596
2.445370
1.839772
2.148464
2.459421
2.143114
2.139680
1.121371
2.154915
2.157069
1.849930
1.854760
1.855352
1.860219
0.710551
0.718589
0.702241
0.692457
1.017938
0.695158
1.023288
0.998640
1.009280
1.014685
0.996704
1.002577
1.011407
1.033108
1.072508
1.030208
1.007635
0.994777
1.017742
1.032976
1.025765
1.019319
1.008906
3.200925
3.504935
3.450932
3.107358
2.469108
2.473171
1.900520
2.158899
2.151609
2.149309
1.846851
1.847632
2.794541
3.818349
3.095912
3.044169
2.817496
2.147532
2.784241
2.482035
4.823364
3.926652
1.553058
5.941933
5.707660
5.506982
5.893998
2.803771
3.713129
2.975184
2.354064
2.381843
2.384696
2.397875
1.566379
2.523996
1.021592
1.034251
1.025401
1.317233
1.313624
1.337036
1.627338
1.316671
1.297822
1.005022
1.002038
1.008861
0.993790
0.997103
0.986935
1.016884
1.017952
0.720983
0.689754
1.003172
1.004849
0.995190
1.003908
1.015432
1.015785
1.029799
1.029443
1.011970
1.017217
1.315829
1.001627
1.014014
1.015388
1.010299
1.336162
1.323467
1.335278
1.347475
0.998924
1.327023
1.005228
1.312593
1.626150
1.337791
1.624422
1.608445
1.333376
1.948277
2.263318
2.538268
2.825286
3.731248
5.381632
6.348248
4.723176
5.120997
3.551386
2.907077
1.984711
1.667994
1.341089
1.357125
1.363958
1.349163
1.353705
1.046270
1.340132
1.030990
1.321953
0.995638
1.000107
1.005599
1.002552
1.329905
1.337552
1.015253
1.030945
1.018544
1.033234
1.019363
1.019395
1.346219
1.010362
1.003945
1.020761
1.006904
1.009951
1.031290
1.018401
1.004493
1.002950
0.994389
0.995531
0.991665
1.007350
1.003436
1.054459
1.054375
1.304943
1.306486
1.307915
1.308887
1.307595
1.318058
1.316436
1.327448
1.332689
1.624067
1.327887
1.340572
1.308633
1.305180
1.342082
1.624263
1.305329
1.005614
1.316245
1.003859
0.999738
1.610886
1.003605
1.000468
1.007177
1.014461
1.623969
1.012750
1.006803
1.007431
1.022723
1.045966
1.029966
0.695181
1.299157
0.688337
0.692855
0.697363
0.704928
0.699255
0.701564
1.360252
1.056229
0.724370
0.721582
0.702299
0.712102
1.312013
0.696357
0.701269
0.702688
0.696420
0.688887
1.306605
0.990357
1.007410
0.712891
0.702830
1.005584
0.709197
1.023377
1.022595
0.706876
0.712253
1.022757
1.018266
1.018855
0.711098
0.717381
1.076853
1.001408
0.989355
1.010219
1.011574
1.015858
2.259886
5.447286
4.215927
3.585829
2.409042
2.780226
2.776959
2.136281
1.873871
1.889608
1.852212
2.755360
1.547252
2.165209
2.441882
2.167929
1.830242
1.914921
1.539345
2.125868
2.459399
2.165584
0.389317
2.471380
1.858506
2.059356
4.166585
2.159104
1.879283
2.513475
1.880949
1.866717
0.699858
0.701098
0.711379
5.193372
3.743441
3.124768
2.504475
1.899495
1.892650
2.187341
3.387005
2.173988
1.855100
2.512398
2.162717
1.824258
1.880573
1.121216
4.434388
0.904528
3.086238
2.452745
1.846261
1.899576
1.875364
3.369510
2.157438
1.835874
2.447767
1.846075
1.851629
3.362234
3.376392
1.894925
1.894170
1.883350
1.544464
1.863907
1.852014
2.163756
1.913251
1.858939
2.090911
2.092844
1.043942
3.476831
2.525174
2.487608
2.472232
2.392065
1.880670
1.557614
1.557124
2.402563
1.543587
1.543793
1.536571
1.535515
2.375750
1.538627
1.536602
1.548938
1.543927
1.529172
1.535642
1.546632
4.591185
3.277407
2.159671
2.660892
1.842527
0.391132
1.014765
1.840928
3.046135
2.131707
2.137469
2.137741
1.843391
1.857577
1.536668
1.535394
1.544375
1.539135
1.530570
1.539210
1.540532
1.546526
2.074390
1.545290
1.546000
1.527804
1.546717
1.231282
1.537529
1.554275
1.559399
1.543369
1.534647
1.524920
1.541709
1.226833
1.557413
2.081496
1.551594
1.534937
1.540767
1.223541
1.545208
2.066368
1.539929
1.544589
1.539983
1.235989
1.543065
1.544474
1.534220
1.233469
1.546253
1.542166
1.539321
1.234432
3.967007
2.957738
2.458701
1.528880
1.836101
1.331119
1.546187
1.849865
3.452303
2.790566
1.335966
2.815273
1.851981
1.843877
2.044017
0.389341
2.157334
1.853743
2.154851
2.062812
1.541032
1.537241
1.849507
1.834076
1.016163
2.076271
1.852419
2.066975
1.540873
1.558555
1.536312
1.902179
2.112210
1.528177
1.536751
1.860496
1.029747
2.375320
1.533001
1.537267
1.554169
0.397220
1.870191
3.095683
2.165744
1.331645
1.861961
1.869429
1.846074
1.842341
0.685536
1.013614
1.024826
1.330414
1.325360
1.313595
1.301320
1.308435
1.340784
1.350189
1.363042
1.335618
1.326472
1.326036
1.347720
1.313325
1.314366
1.324495
1.324946
1.325606
1.304192
1.000507
1.002173
1.021375
1.024071
1.020507
1.014749
1.012301
1.005183
0.999588
1.017538
0.994672
1.013454
0.995695
1.002381
1.001344
1.014054
1.010953
1.026879
1.005521
1.002231
1.599217
1.016291
0.775311
0.712470
0.692982
1.308756
1.016226
1.025357
1.015967
1.033098
1.007764
0.991986
0.986758
1.302559
0.996304
1.320342
1.323605
1.339724
1.078185
1.039620
1.332865
3.596275
3.120024
4.444388
5.106802
4.417117
3.087893
2.468725
2.696324
2.485090
1.842507
2.667111
0.595444
3.181287
3.390180
2.754278
2.482926
2.152456
2.761615
1.545367
0.392052
2.162539
1.859076
1.842760
1.876688
3.061462
1.924403
1.621101
3.168723
2.150085
1.850225
2.349822
1.830550
2.039374
3.026354
2.470799
2.479720
2.131650
1.863848
1.857404
1.628794
1.018097
1.938717
1.013901
1.008607
0.995508
1.011013
1.026470
1.011692
1.011242
1.011409
1.018730
1.306856
0.995803
1.011538
1.042316
1.000342
1.004642
1.000458
1.004154
1.018056
1.025068
1.004646
1.011983
1.012396
1.013250
1.014212
1.006549
1.010767
1.009849
1.008631
0.999672
0.994343
1.003568
1.014571
1.012479
1.011170
1.041014
1.030789
1.009091
0.692350
1.024496
1.017542
1.025885
1.004055
1.022914
1.027617
1.001735
0.993545
0.989034
0.989516
0.697114
0.993930
0.998701
1.005952
1.025449
1.007091
1.014866
1.018008
1.017615
1.030837
1.024740
1.017457
1.007018
0.992946
0.992689
1.017168
1.005811
0.988297
0.686004
1.003467
1.000134
1.002070
0.998499
0.697449
1.002212
1.011168
1.005016
1.027135
1.020079
0.703084
1.306485
1.312567
1.306249
1.338314
1.309849
1.331421
1.351000
1.017573
1.369118
0.999980
1.301005
1.324899
1.336242
1.348640
1.332679
1.341234
1.348586
1.341677
1.021037
1.327647
1.337366
1.342759
1.333494
1.645396
1.646226
1.651329
1.656820
1.659301
1.648180
1.679118
1.691129
1.658909
1.643256
1.632621
1.627751
1.629044
1.623922
1.624001
1.632689
1.307626
1.329838
1.362449
1.326709
1.325425
1.323463
1.323272
1.025889
1.008272
1.018268
1.019040
1.009449
1.016702
1.021441
0.991861
0.992859
1.015578
1.015418
1.021333
1.025706
1.024621
0.994550
1.014962
1.018249
1.012125
1.016369
0.705646
1.014973
1.008510
0.991148
1.000981
1.010429
1.002284
0.995751
1.005709
1.011190
0.701381
1.004585
1.005489
1.031153
1.028627
1.006478
1.019690
1.012419
1.019747
1.001204
0.997531
1.005150
1.007969
0.997766
0.997696
1.006529
0.705555
1.016431
1.013570
1.009634
1.014821
1.028385
0.712221
1.031599
1.034458
1.028186
1.049873
0.737961
1.055143
0.694617
1.011953
0.694967
0.992489
0.698699
0.990579
0.695467
0.998723
0.995048
1.020458
0.708819
1.003153
1.016712
1.004931
0.694696
1.003778
1.005274
0.997501
0.991739
1.004071
0.690067
0.989212
1.007726
0.696557
1.004161
0.690413
1.017086
1.012665
1.008023
1.004811
1.009426
0.687629
1.001192
0.695475
1.007061
0.991050
1.001480
0.703397
1.025268
1.012106
1.020457
1.019619
1.032792
1.014668
1.017319
1.012445
1.033560
1.013817
1.014452
1.037700
1.046105
1.033620
1.057825
1.052991
1.030896
1.039797
1.043838
1.021554
1.018335
1.041900
1.037532
1.036860
1.023628
1.009669
1.005992
1.012036
0.995080
0.986121
0.984203
0.985644
0.997820
1.001837
1.007811
1.010352
1.007744
1.002980
1.009646
0.998268
1.007108
0.990280
1.020190
1.023084
1.041923
1.031905
1.019638
1.035053
1.012740
1.010703
1.008630
1.033359
1.022928
1.033214
1.024287
1.037386
1.031363
1.032949
1.039491
1.027108
1.029687
1.030459
1.030087
1.042366
0.726354
1.044266
1.066565
1.041264
1.020971
1.012190
1.031502
1.036414
1.024904
1.019267
1.021210
1.031087
1.024906
1.033493
0.715594
1.018111
1.027530
1.012162
1.021726
1.024371
1.012626
1.010850
1.020643
1.007590
1.031145
1.026086
1.011203
1.018305
1.036530
1.029828
1.026231
0.990634
1.004550
1.001774
1.041123
1.009371
1.007205
1.012449
1.013425
0.985141
0.985194
1.025936
1.063258
1.015845
0.716357
1.010281
1.021128
1.012211
1.023447
1.011174
1.012654
1.005296
1.027137
1.032955
1.025419
1.000149
1.012187
1.016337
1.013268
1.001617
1.013070
1.010281
1.018329
1.005622
0.998232
0.985496
0.999739
0.999538
1.000968
1.003151
1.004596
0.692193
1.005638
0.997282
1.022511
1.017329
1.029427
1.021083
1.017553
0.695632
1.019975
1.010278
1.036303
1.009269
0.999908
1.009628
1.011158
0.997752
0.992467
1.001817
1.002886
1.025550
1.062208
1.039054
1.003741
0.687656
1.019312
1.015114
1.015745
1.008724
1.002037
1.033587
1.014645
0.704810
1.031141
0.717679
0.710520
0.704417
1.010657
1.023270
1.028065
1.017936
1.016018
0.701915
1.019817
1.046973
1.023465
1.011654
1.014506
0.705249
1.004831
0.699881
0.993870
0.697935
1.019208
1.005177
1.005193
1.009635
1.006421
0.694604
0.695689
1.012462
1.022877
1.055718
1.053250
1.016368
1.031914
1.028293
1.019781
1.022436
1.014443
1.009155
1.001536
1.332527
1.315753
1.320199
1.330866
1.017405
1.045100
1.022579
1.015592
1.003947
1.001550
1.320000
1.043611
1.003582
1.304973
1.000050
1.310843
1.322867
1.320434
1.321968
1.618377
1.659849
1.306691
1.623462
1.631556
1.643852
1.651823
1.310559
1.313693
1.008394
0.704938
1.014574
1.026550
1.309792
1.324080
1.303759
1.296456
1.329846
1.319477
1.036670
1.052504
1.100018
1.039779
1.030717
1.021246
1.022834
1.334228
1.324016
1.319012
1.304812
1.300467
1.019758
0.702399
1.009446
1.018405
0.703453
1.336124
1.315712
1.623222
1.639438
1.308462
1.300291
1.008488
1.005856
1.022362
1.004657
0.992801
1.313032
1.003575
1.018222
1.016719
1.010160
1.002127
0.998320
0.999300
1.003511
1.019096
1.004392
1.002057
1.001217
0.693756
0.995409
1.008565
1.005285
0.989248
0.990570
0.698121
1.017599
1.025768
1.018998
1.026314
1.022197
1.022472
1.003135
1.003878
1.000447
1.025506
1.047368
1.023702
1.011450
1.035253
1.006705
1.023342
1.014214
1.014151
1.322953
1.305831
1.313753
1.331821
1.343033
1.009342
1.010117
0.988581
1.000745
0.999554
1.002188
1.013745
1.002464
1.056478
1.040300
1.050371
1.060884
1.027934
1.031467
0.697602
0.703365
1.030689
1.008397
1.004152
1.005858
1.049960
1.352214
1.003663
1.007474
1.009463
1.030037
1.030305
1.043556
0.702290
1.014258
1.026852
1.339877
1.331249
1.308259
1.001490
1.004293
1.002522
1.023846
1.005723
1.037375
1.012418
1.016193
1.015706
1.311702
1.307258
0.999026
1.020223
1.016310
1.003466
1.040171
1.014682
0.997310
0.998745
1.015180
1.003892
1.322663
1.333814
1.013153
1.014600
1.009119
1.032054
1.016389
0.993856
0.992712
0.992082
1.005994
1.321248
1.308368
1.322720
1.307895
1.004610
1.014874
1.019782
1.013506
1.011422
1.021656
1.323483
1.008036
1.019828
1.088701
1.042673
1.006672
1.009632
1.019009
1.025434
1.026764
1.031089
1.020572
1.011622
0.708877
0.713885
1.026057
0.725100
0.703462
0.711056
1.033921
1.021665
1.021709
1.045250
1.029916
1.027608
1.027364
1.338422
0.996676
1.022355
1.015804
1.024644
1.329900
1.313052
1.308849
1.327778
1.002982
0.998447
1.014179
1.018981
1.302453
1.040599
1.033840
1.022801
1.062247
0.715656
0.711303
0.731882
0.712124
1.028538
1.058457
0.735943
1.048086
1.031924
1.029132
1.033166
1.021628
1.029895
1.004184
1.010489
0.995302
1.013392
0.998746
1.036462
1.036252
1.009599
1.017782
1.024797
0.998102
1.001455
1.012380
1.015553
1.008743
0.701973
0.991902
1.009867
1.004551
1.004248
1.023000
1.005438
1.019915
1.007708
1.008283
1.006706
1.339601
1.031367
1.025743
1.006373
0.989572
0.998484
0.999185
1.011971
1.017060
1.010710
1.020186
1.009910
0.999955
0.994296
0.995069
1.005100
1.014984
1.020154
1.322899
1.342683
1.320886
1.318146
1.309272
1.034465
1.034700
1.030141
1.014241
1.011112
1.005391
1.003964
1.002290
1.002930
0.997234
1.004367
1.002780
1.012605
0.996357
0.996208
1.008689
1.002151
1.005265
1.014661
1.327016
1.318805
1.328335
1.324052
1.306778
1.338068
1.021734
1.317837
1.022002
1.005408
1.001918
0.999433
1.001629
1.046760
1.059294
0.719896
1.049934
1.029764
1.034614
1.040514
1.036873
1.005578
1.001421
1.011114
1.019372
1.002790
0.998922
1.002809
1.009050
0.988139
0.692346
1.020262
1.004908
1.019154
1.035224
0.719556
0.720451
0.705818
0.696930
0.702216
1.001727
0.694295
1.016387
1.030545
1.025344
1.044835
1.016587
1.006950
0.704776
0.707802
0.704593
0.703245
1.029647
1.008265
1.007465
1.315018
1.320789
1.314794
1.330511
1.003085
1.009252
1.015998
1.018265
1.000085
0.995582
1.321688
1.314854
1.322280
1.018684
1.013307
0.697832
1.021010
1.013172
0.996101
1.001585
1.310429
1.310264
1.307999
1.330390
1.314825
1.325618
1.020351
1.039801
1.007707
0.701845
1.004385
0.999949
1.332965
1.298807
1.303237
1.312344
1.310216
1.609069
1.952824
2.576499
2.582703
2.288856
1.921901
1.968185
1.653109
1.647897
1.327207
1.337758
1.339587
1.334871
1.362963
1.031864
1.020450
1.031795
1.024341
1.046890
1.022927
1.020666
1.055677
1.031543
0.998809
0.996599
0.992773
1.020245
1.028182
1.030376
1.018032
1.011646
1.008918
1.011366
1.013413
1.028892
1.010538
1.003454
1.005992
1.309348
1.310273
1.313694
1.303328
1.318253
1.320160
1.311327
1.005065
1.313743
1.004194
1.011214
1.010452
1.022113
1.008177
0.999464
0.991536
1.010138
1.021933
1.036063
1.058652
1.035509
1.008668
1.016017
1.011024
1.008015
1.007231
0.699906
0.706627
0.695090
0.695835
0.707792
1.003144
1.003159
1.013412
1.033951
1.005554
1.012545
0.996997
1.011667
1.032578
1.025785
1.020467
1.005488
1.018711
1.301187
1.297959
1.308329
1.304467
1.317597
1.001205
1.005176
1.000584
1.000969
1.022720
1.012676
0.715525
0.720683
0.715292
0.695771
0.708761
1.017315
1.014306
0.991757
0.991389
1.015012
1.020788
1.001829
1.025064
1.015224
1.019038
1.009558
1.024531
0.705043
1.016891
0.708534
0.995248
0.696499
0.691122
1.004377
1.011727
1.017431
1.317510
1.322283
1.312663
1.315192
1.305197
1.311684
1.316308
1.001462
1.031535
1.027908
1.010920
1.019893
1.339164
1.317237
1.314950
1.319416
1.005750
0.704428
0.698129
1.010386
1.000630
1.021597
1.022632
1.008431
0.698175
0.699698
0.710620
1.017441
0.998434
1.010297
1.019294
1.017061
1.033406
1.027542
0.716412
1.026744
0.709965
0.697518
1.015222
1.019435
1.007396
0.998822
1.014891
1.016583
1.009088
1.018436
0.997783
0.999169
1.007735
1.009982
1.001947
0.695856
1.005015
1.001465
1.007336
0.998788
1.013288
1.004769
1.008089
0.997116
1.006148
0.997712
0.999660
0.995371
1.000847
1.008091
1.010220
1.007617
1.045784
1.025327
1.026904
1.027268
1.020685
1.020014
1.017463
0.709649
1.012329
0.997182
1.002350
1.037965
1.046772
0.718159
1.034827
1.000974
0.988935
1.006437
1.019979
0.699340
1.036117
1.041483
1.046415
1.053712
1.032766
1.035472
1.024360
1.038105
1.047278
0.712586
1.042218
1.018278
1.035677
0.704245
0.716897
0.717733
0.707954
0.713450
1.015593
1.022326
1.009167
1.027050
1.031706
1.035149
1.020076
1.026430
1.008091
1.012448
1.007764
1.015055
1.020556
1.022972
1.030891
0.713117
1.018278
1.008576
1.011053
1.008110
0.994774
0.990938
0.996152
1.008748
1.017702
1.020758
0.715843
1.016699
1.001990
0.988948
1.008478
0.703938
1.013587
1.024150
1.032945
1.029243
1.021848
1.007729
1.009898
0.700553
1.000678
1.011594
0.997469
0.992702
1.007702
1.007451
1.005953
1.021729
1.018286
1.010897
1.010769
1.016995
1.027571
1.031424
1.035673
1.025738
1.027536
1.036470
0.709792
1.024364
1.007091
1.048485
0.713321
0.997244
1.024070
1.027178
1.023962
0.702601
1.027389
1.003485
0.696295
1.012374
1.050533
1.015659
1.010742
1.020253
1.011603
1.000566
1.008788
1.010535
1.029278
1.046699
1.029489
1.029112
1.047592
0.724455
0.718536
0.721690
1.044204
1.021997
1.026776
1.025759
0.710607
1.013093
0.719848
1.036976
1.032658
0.704173
0.713310
1.011863
1.010702
1.011737
1.005828
1.011554
0.702207
1.008119
1.012408
0.998429
1.017953
1.015625
0.706021
1.012003
1.007664
1.023144
0.699861
0.704172
1.012126
0.697126
1.021371
1.011976
1.019043
0.712911
1.031566
1.016217
0.696603
0.706873
0.708329
0.700761
1.005634
0.696235
1.021614
0.693249
0.692117
0.696064
1.003313
1.012677
0.995832
0.706823
1.004975
0.704602
0.701289
1.011927
1.008951
0.998113
1.016178
1.035425
1.007552
1.020007
1.017251
1.038322
1.009291
1.009860
1.002332
0.702865
0.702248
0.711197
1.012074
1.013201
1.015955
1.030313
1.024745
1.016647
1.017426
0.994952
0.992576
0.989412
0.988236
0.998774
1.014315
1.013662
1.023510
1.013437
1.027514
1.019686
1.020505
1.034466
1.015813
1.017065
1.022994
1.023917
1.020759
1.031657
1.026879
1.013984
1.017621
1.016788
1.013815
1.011706
1.010188
1.014815
1.026638
1.028442
1.032535
1.037895
1.039171
1.045463
1.041738
1.033019
1.010927
1.022446
1.029822
0.723427
0.706386
0.703035
0.701872
1.023985
1.037899
1.027674
1.349273
1.345102
1.344897
1.353379
1.046603
1.013190
1.024211
1.005766
0.997788
0.996847
1.002048
1.014567
1.016474
1.006942
1.004824
1.021230
1.004408
0.992178
1.003600
0.689726
0.997140
1.008310
1.009526
1.011665
1.014411
1.023218
1.025241
1.012262
1.032695
1.031957
1.015505
0.992642
1.012421
1.022773
1.019689
1.025001
1.023683
0.996738
1.001045
1.003292
1.020286
1.015983
1.024246
1.018501
1.010813
1.020027
1.018137
1.002378
1.015335
1.023465
1.032453
1.031486
1.008236
1.008738
0.997810
1.009085
0.998231
0.997544
0.995414
0.991928
1.000659
1.006432
0.694777
0.699244
0.998979
0.704913
0.728276
1.022451
1.032164
1.010074
1.029015
1.020055
1.025163
1.009350
0.698723
0.700263
1.013062
1.323924
1.679271
2.065760
1.973571
1.979874
1.011057
3.593692
2.239709
2.580594
3.511429
2.880164
1.456263
1.023469
3.855749
0.711872
0.705889
0.689144
0.680696
0.684099
0.699060
0.695900
0.699701
0.706642
0.704113
1.011711
1.012156
1.015001
1.046531
1.032124
1.025034
1.026023
1.012017
1.027773
1.018308
1.014637
0.695605
0.696997
0.997570
1.010424
1.006520
0.996753
0.990770
1.005697
1.015893
1.011407
1.028456
1.016283
0.998165
1.001505
1.010400
0.998868
0.999562
1.000762
1.002989
1.000797
0.987577
1.007725
1.015767
1.001491
1.010224
1.003643
0.997695
1.061769
1.009505
0.989930
0.976520
0.710481
1.003276
0.999411
0.691469
1.002360
0.987763
0.998737
1.004630
1.019650
1.026139
1.021181
0.709710
1.016176
0.999336
0.991621
0.994062
1.001272
0.986181
0.986418
1.002954
1.005289
1.033983
1.022314
1.043734
1.033881
1.020172
1.014629
1.016260
1.017372
1.009678
0.999669
1.019317
1.024804
1.014987
0.998765
0.987525
0.997077
0.992589
0.692465
1.012444
0.700781
1.006049
1.007946
1.013365
0.699870
0.705192
1.028764
1.007864
1.007374
1.020174
1.011258
1.000695
1.001114
1.013544
0.999685
1.004880
1.015954
0.715148
0.702867
0.704494
1.023844
1.022731
1.008110
1.012974
1.032200
1.016432
1.019616
1.011363
0.993651
1.025957
0.997660
1.021639
1.001087
1.001430
1.007992
1.003745
1.009362
0.702281
0.705455
1.008838
1.017677
0.696648
0.693390
1.006349
1.012392
1.003002
1.003538
1.005673
0.988537
0.997694
1.001349
1.000447
1.008149
1.010636
1.008025
1.002086
0.997598
1.014918
1.015814
1.014003
1.002966
0.999055
1.005828
0.992054
1.014525
0.982182
0.998156
1.007324
1.028444
1.016576
1.025604
1.002928
1.015832
1.016120
0.997669
1.024230
0.719141
1.023497
1.024432
1.004500
1.070385
1.053526
1.039645
1.029125
1.036525
1.023235
1.034700
1.032479
1.043084
1.036518
1.046449
1.036724
1.031242
1.033032
1.031178
1.037416
1.029851
1.026238
1.070198
1.021670
1.038749
0.719321
1.020543
1.013363
1.013845
1.019330
0.713059
1.050772
1.033291
1.048087
1.032983
1.024367
1.023931
1.018870
1.020003
0.714273
1.024894
1.031022
0.720739
0.719741
0.727098
1.037756
1.016950
1.036857
1.033581
1.052035
1.045449
1.033513
1.036875
1.027961
1.032856
1.014642
1.033498
1.043248
1.027594
1.015622
1.016743
1.029299
1.024460
1.046017
1.044653
1.026701
1.030093
1.029159
1.005175
1.018716
1.011629
1.010449
1.024918
5.587593
1.596030
1.879582
1.264537
3.360008
3.088843
2.510873
2.211954
0.977436
1.586404
0.992305
1.870641
1.579207
1.902186
1.943189
0.721286
1.000772
1.024567
1.038336
1.050462
1.009872
1.007202
1.008661
1.030859
1.021001
1.020160
1.041172
1.047366
1.025631
1.040891
1.024358
0.709779
1.029904
0.706884
1.032442
1.045328
1.033206
1.018331
1.009968
1.022628
0.987556
0.998522
0.995213
0.695098
1.016198
0.706032
0.712564
0.712398
1.014614
1.002384
1.010655
0.997306
1.026261
0.996988
0.995858
0.996669
1.006566
0.992056
0.999776
0.997313
1.008330
0.719069
1.036346
0.718494
0.727708
0.718420
1.001694
1.010609
1.017719
1.010765
1.012448
1.012330
1.006241
1.007327
1.025475
1.017179
0.706137
0.713833
0.708496
1.017897
0.707041
0.703192
1.033645
1.021614
1.012073
1.023782
1.023164
1.007990
1.024030
1.028185
1.017458
1.016954
0.709984
1.010379
0.699088
0.706858
0.702539
1.015053
0.697306
0.698943
1.004652
0.704542
1.018037
1.025164
1.025722
1.026876
1.030195
1.016308
1.014413
1.022656
0.708631
1.030541
0.716718
1.007570
0.694046
1.002944
0.700207
1.005484
1.019104
1.015681
1.013705
1.003283
0.993548
1.016008
1.005335
0.702012
0.711027
0.702221
1.030278
1.031445
1.009640
0.996240
0.995554
1.000727
1.013628
1.002833
1.013180
0.718921
1.023302
0.693901
1.016399
1.009742
1.010139
1.009058
1.008731
0.997704
1.015864
1.012990
1.018634
1.012429
0.700502
0.995201
0.693312
0.692956
0.692059
0.695829
0.707599
0.698923
0.702480
0.710647
0.699616
0.704137
0.703072
0.693921
1.001426
0.695378
0.704347
1.026471
0.698490
1.015342
1.020121
1.002619
0.996882
1.005043
1.016733
1.015312
1.009837
1.017572
0.716242
0.714733
0.715487
1.037472
1.034140
1.038192
1.006504
1.014385
1.026416
0.715120
0.694984
0.687879
0.690085
0.702720
0.704939
1.034111
0.699064
0.704492
0.713458
1.029323
1.003678
0.696450
0.696522
0.693575
0.689463
0.694173
1.016494
1.004359
0.698516
0.697529
0.704817
1.006701
1.010505
0.700566
0.704659
0.698907
0.698940
0.690909
0.999433
1.003632
0.995952
0.997825
0.734726
1.077256
1.002265
1.006055
1.014305
1.007801
0.998130
1.001365
1.006293
1.007781
1.023963
1.020530
1.009978
1.027510
1.010562
0.709053
0.712354
0.712992
0.722864
0.716401
0.714562
1.031511
1.040597
1.029490
0.718956
1.042249
0.726512
1.040898
1.026720
1.026746
1.020719
1.034522
1.019464
1.027366
1.027810
1.020470
1.022961
1.021198
0.700654
1.022120
1.062731
1.052119
1.031287
1.035796
1.028132
1.017165
1.011189
1.028893
1.029928
1.016776
1.011396
1.013361
1.017170
1.016846
1.035529
1.027536
1.026132
1.026863
1.008607
0.999767
1.016671
1.327097
1.017831
1.321869
1.314916
1.314324
1.326054
1.327418
1.313595
1.315140
1.303732
1.009354
1.304849
1.011474
1.020150
1.016227
1.001267
0.698488
1.007639
1.007612
1.014187
1.015771
1.018528
0.704340
1.011852
0.693284
1.004566
1.006575
0.991338
1.002737
0.994516
1.009086
0.999080
0.990595
0.994534
0.996579
0.999540
0.991878
1.309191
1.320798
1.312089
1.324565
1.319229
0.978138
0.985648
0.992331
0.995336
0.994261
1.018641
0.999993
1.025704
1.018050
1.016340
1.017158
1.020497
1.008208
1.012811
1.010075
1.018872
0.991708
0.992068
1.007261
1.023608
1.023510
1.011986
0.990680
1.010528
1.018624
1.027994
1.046347
1.019379
0.998236
0.998276
1.007965
1.018075
1.039199
1.044267
1.045180
1.001363
1.023384
0.710198
0.717371
0.715243
0.701650
1.015321
0.706705
1.020964
1.015438
1.000835
1.007137
0.998971
1.013128
1.008118
1.005919
1.013841
1.005658
0.994152
0.996905
1.014881
1.005914
0.998638
1.002191
0.998033
1.004607
1.003918
1.023129
1.019010
0.997836
1.011914
1.000533
1.004464
1.010996
1.034798
1.019088
1.013695
1.018403
1.012702
1.013196
1.018322
1.001488
1.010843
1.019716
1.023530
0.998800
1.003522
0.998586
1.005781
1.004728
1.005062
1.023066
1.012528
0.997759
1.000763
1.001826
1.008740
1.010853
1.007934
1.008576
1.007961
0.705363
1.023904
0.707753
0.702864
1.019094
1.011789
1.014298
1.013387
1.006170
1.011682
0.999990
1.028532
1.033048
1.029834
1.042705
1.027182
1.020538
1.023197
1.341914
1.351129
1.009990
1.025178
1.021807
1.013916
1.031912
1.029204
1.009675
1.030490
1.027980
1.025726
1.020031
1.051942
1.041900
1.055169
1.044101
1.029029
1.033458
1.040389
0.725588
1.009993
1.006187
1.005689
1.026668
0.997869
0.998989
1.005658
1.023059
0.997471
0.997849
0.993958
0.996367
1.020058
1.024402
0.993162
0.996915
1.006650
1.005853
1.009570
1.029380
1.332116
1.321500
1.317108
1.317135
1.312919
1.317355
0.997035
0.993803
1.006281
1.004539
0.711090
1.025429
0.705478
1.007610
1.000004
0.999978
1.023083
1.013939
1.007196
1.002580
1.006649
0.708981
1.027768
0.700973
1.008961
1.009913
1.024933
1.002698
1.007916
1.003139
1.036001
0.750883
1.026787
1.028704
1.026635
0.997447
1.005124
0.996469
1.028523
1.309645
1.316797
1.311425
1.321627
1.328151
1.378657
1.318718
1.324058
1.333147
1.328405
1.341531
1.043703
1.045941
1.038921
1.047017
1.039903
1.038658
1.036080
1.035948
1.018464
0.999120
1.000031
0.696688
1.014017
1.004370
1.001796
1.003583
1.003946
0.688532
0.991273
0.998949
1.012188
1.001325
1.001318
1.018346
1.039154
1.006914
1.003147
1.009751
1.015782
1.019950
1.018595
1.009383
1.009912
0.997549
1.006318
1.004788
1.003983
1.014615
1.002517
1.006651
1.013090
1.001922
1.001704
1.001387
1.008688
1.310143
0.995593
0.998649
1.003639
1.325200
1.945525
1.016315
1.337328
1.023932
1.031690
1.029377
1.678767
2.007617
1.360259
1.037397
1.365450
0.713067
1.041825
1.655469
1.017692
1.025165
1.023312
1.651239
1.941306
2.267421
1.968482
1.990537
1.029474
1.337689
2.876994
2.288731
1.344181
1.662313
1.032159
3.193041
3.491430
2.894235
2.493884
2.895597
3.566699
1.321763
2.233444
1.637060
1.321113
1.021595
1.040272
1.333487
1.332303
1.024279
1.346129
1.022258
1.031251
1.023002
1.353200
1.350808
1.348214
1.325992
1.640848
1.663400
1.348881
1.342153
1.323786
3.491003
3.422997
2.855702
2.472400
2.169771
1.647146
2.856950
2.747706
3.399836
2.446878
3.113410
2.149962
2.753597
3.704027
2.751906
3.110246
3.086258
3.709091
3.085970
3.705786
3.687104
2.518015
4.053537
2.803141
1.869231
2.186628
1.869222
2.820483
2.267859
3.105602
2.154259
2.805646
2.160474
2.468908
2.519166
3.690424
3.109710
3.371785
3.711020
3.100332
0.395343
4.025779
4.006610
2.435977
3.961033
3.384116
1.841910
2.148949
1.857971
2.463629
2.147936
3.978844
5.583162
3.490846
1.440980
3.888254
3.774748
0.997522
2.239184
1.096612
4.587094
3.439807
3.383266
3.084854
2.553895
4.187229
2.165394
2.156038
2.148099
2.152078
2.152428
2.167855
2.461502
2.157886
2.479837
2.901861
2.470972
3.749787
3.391705
2.467242
2.155180
2.759468
1.847441
2.461625
1.883600
2.751596
2.780316
2.784358
4.868221
6.106117
5.659103
4.268175
2.293924
1.778125
2.300438
2.943385
1.465606
5.313769
2.627773
2.867570
1.540580
4.408752
2.579686
2.581170
2.278526
1.751822
2.573061
2.275972
2.265856
2.256081
2.245045
4.297056
1.236950
2.560229
2.569901
3.872390
2.267683
2.275581
2.250297
3.570206
4.977903
2.266907
2.255914
1.954720
1.753602
2.410607
2.307111
1.247872
2.315988
1.463879
4.549280
2.976413
1.533767
1.752697
2.379749
1.754846
1.445146
2.363989
1.225881
1.968366
1.756975
1.228404
3.305473
2.788689
2.455135
2.352047
1.747043
2.136379
2.457588
1.014215
2.132356
2.795533
3.072705
3.845164
4.050366
3.705289
2.816420
2.477490
3.980327
3.653356
3.072808
2.157530
2.457168
2.766962
2.140109
2.468842
2.188089
0.718038
1.879898
1.962185
0.713782
1.358472
2.187130
2.492813
2.183719
2.153379
3.460969
4.044667
3.799533
3.818980
3.166865
3.066537
2.363650
2.155440
1.850098
1.866723
1.869789
2.168468
1.842876
2.135028
2.061209
2.150508
2.136615
2.364601
1.876174
1.840683
2.145614
3.867818
2.756196
2.781176
2.477716
2.146866
1.850677
1.328650
2.933674
1.855629
2.173613
2.176426
2.470810
2.168106
2.219931
4.081829
3.746333
4.392414
3.447207
4.592263
3.799165
4.156547
3.424328
2.844179
2.848013
2.511192
2.407368
0.710969
2.152471
2.169181
2.066477
2.763196
2.140987
2.155196
2.145472
2.148563
2.161595
2.163252
1.839477
1.854122
2.461865
2.487311
2.171836
2.079433
2.175953
2.156418
0.390409
2.470665
1.536183
2.751465
2.135581
2.396272
2.142500
2.159546
2.168996
2.396659
2.488187
2.187526
2.189694
1.864723
2.450684
1.546473
2.519265
1.865522
2.812850
2.198270
2.182246
3.690036
2.155747
2.465088
0.700791
2.775811
2.485156
2.178599
2.160667
1.853361
2.769826
2.170206
2.160779
2.150978
2.451267
2.487164
2.483881
2.783479
3.360571
3.684595
3.392216
3.817612
2.453080
3.340001
3.383954
3.655609
3.075004
2.819563
4.042923
3.473626
4.069404
3.068769
3.365400
3.378023
3.710294
3.989189
3.380556
3.970633
3.398888
3.977166
3.364595
3.669933
3.650671
3.983869
3.370233
3.979129
3.355732
3.995470
3.370397
3.991040
3.048571
3.714985
3.818249
3.989024
3.120946
4.091296
3.591849
3.987016
3.700349
3.964670
3.366732
3.685624
3.715795
4.058999
3.412086
3.989873
3.420050
4.011657
3.392851
3.969884
3.040547
3.375158
3.695974
4.015233
4.216596
4.058315
3.666913
4.001635
3.481603
3.735514
3.757834
3.764934
3.726819
4.043429
3.697793
3.667643
3.680648
3.674878
3.341629
3.063613
4.009652
3.395634
3.684583
3.440388
3.119827
3.131678
3.716207
2.481353
3.713451
3.728287
3.069295
3.721479
3.731948
4.967465
3.060495
3.362801
3.060893
2.761389
3.379531
3.810436
3.183602
4.162179
3.841046
4.166197
1.433586
0.712232
4.485025
1.999106
2.019057
2.275417
2.912271
3.829674
3.526576
3.863965
1.653338
3.554172
3.890352
3.581510
4.196410
2.830110
3.110939
3.567676
2.800511
3.673316
3.695860
3.390513
3.728228
3.116907
3.391161
3.681183
4.047809
3.399002
4.002175
3.372729
4.022110
3.401940
3.961436
3.077481
3.374560
3.655553
4.050010
3.117409
3.713542
3.377179
3.996982
3.411695
3.712498
3.086462
3.754287
3.690916
4.012897
3.404322
3.799157
4.047455
3.711427
3.980590
3.376778
3.751521
3.737233
4.059698
3.063667
3.963098
3.392284
3.660029
3.415342
3.715205
3.067393
3.657559
3.378814
2.468946
3.417061
2.465588
3.055528
3.435735
2.767596
4.114777
4.426104
4.093141
5.280739
3.815342
4.422378
2.529847
4.110879
4.631728
4.365932
3.196564
3.777311
1.965260
3.202269
3.480519
3.748847
2.823906
4.051343
4.364156
3.106699
3.690625
2.530130
4.371819
3.157960
4.773290
5.287898
5.256266
1.627653
3.817962
4.053244
3.801571
4.397835
4.391006
3.765690
4.408515
3.784469
4.411511
4.682828
3.718714
3.070938
3.659379
4.583326
3.067175
3.665170
4.421889
3.066913
3.667459
3.366438
3.674620
3.110246
3.693605
3.075831
3.436338
3.663611
3.067796
3.693823
2.749503
3.351759
4.629248
3.688345
2.773045
3.835921
4.454410
4.412278
4.222047
5.801890
6.007588
4.796286
3.865432
4.147301
3.816618
4.379076
3.092908
3.089505
3.646063
4.347829
4.741790
3.725616
2.762619
3.787777
4.415888
2.773161
3.054645
3.794977
4.127502
3.790509
4.715394
3.783099
4.111486
3.819613
4.396056
4.394962
4.400150
3.805677
4.407006
5.558415
5.903291
5.025300
3.175775
3.176996
1.624195
1.910411
1.607790
1.924653
1.326018
2.523893
3.417512
4.125530
3.716084
3.450927
5.554516
4.299261
4.348567
3.784307
4.046148
3.759827
4.558392
3.849665
1.026224
3.842566
4.189933
4.173796
3.855559
1.752973
4.878404
4.464177
3.842438
4.470606
3.771431
1.310670
5.374203
4.971918
5.700237
5.275754
4.070747
5.036586
2.835428
3.474533
3.687249
3.861371
4.383180
3.794583
4.691420
3.735819
4.354992
3.693999
4.354611
3.047114
3.687216
3.404066
3.684085
3.105550
3.743583
4.314163
3.053634
3.417723
3.694972
2.811482
3.784288
4.069074
3.785970
3.150931
3.129301
3.884143
4.463223
3.840433
4.503766
1.668860
4.175694
4.145315
3.873147
4.462001
4.315025
3.776693
4.400171
3.799171
4.359567
3.795301
4.723883
1.524513
3.543660
4.461369
3.794084
2.246150
2.868433
1.632303
3.211335
4.763802
3.785651
4.409069
3.817952
4.458956
3.081708
3.101858
3.769454
3.105649
3.721506
4.153505
3.779953
2.824532
3.128198
4.187705
4.498103
3.836233
4.148912
4.811509
5.773201
5.651787
4.412628
4.104132
2.241239
2.550365
2.560542
2.814856
1.683361
2.573326
3.215736
3.185714
2.241639
3.450784
1.611544
3.167896
3.465363
4.431065
3.279844
4.061335
4.655541
4.100345
2.892888
3.432313
1.634967
2.573148
2.597796
2.836341
1.633208
3.146714
4.079879
4.360889
3.448548
5.033464
3.167187
5.996219
3.885151
1.302300
3.761027
5.033952
5.370849
5.760915
5.060011
4.362643
2.321917
2.869224
2.570700
2.942419
1.679718
3.214612
4.763646
4.961074
5.710608
3.813108
4.445324
4.429761
3.895912
4.430838
3.733040
4.317258
3.680688
4.324340
3.660093
2.781460
3.685128
4.314378
3.087569
3.104035
3.716141
4.388049
3.336360
4.705487
4.201572
4.170333
4.889373
5.096235
4.395919
3.824152
1.955889
2.883638
1.620571
2.856585
4.111643
4.095709
3.111036
4.962422
2.497636
5.623130
5.928490
3.748735
5.601205
5.249969
6.261123
5.287486
4.069194
4.379574
2.243843
2.839531
2.861316
3.471273
2.268422
3.789497
5.257447
3.832293
5.562466
3.757230
5.127958
4.410450
3.781373
4.370697
3.774407
4.409826
3.772541
4.371442
3.823885
4.140417
5.162976
4.179327
4.344153
1.951729
2.879755
1.661206
2.274884
1.952263
2.267322
2.569001
2.296112
1.652699
1.951666
1.945576
1.333712
1.026168
2.288960
1.640612
2.619744
3.184304
3.188690
1.634311
3.528755
1.315096
3.160704
4.420271
2.259573
4.348929
1.952580
3.471183
3.771447
3.110381
1.655254
2.253357
1.911231
2.252195
1.927139
1.305160
2.539963
1.610007
2.845499
4.050834
4.387845
3.785146
4.854762
3.799021
4.453461
3.810746
4.493092
3.824931
4.424101
3.818369
4.717085
3.804296
4.349702
3.769860
5.579224
5.459545
1.539738
5.527189
5.240731
5.297153
5.968031
5.027144
3.502910
3.998088
1.629688
3.484017
1.703980
2.319449
3.546654
1.636010
3.553558
4.206840
3.836500
2.297476
3.588437
1.679946
2.626767
2.882573
3.545528
2.277035
3.904911
5.066341
5.036316
4.505474
4.932257
4.408484
5.142507
3.756280
5.112031
3.788601
4.091508
3.775043
4.712792
3.861531
4.496675
3.806199
4.418589
4.516749
3.827704
4.458462
3.789110
4.408574
3.806897
4.711027
3.745731
4.316499
3.771292
4.344586
4.436923
4.391707
3.744493
4.405905
2.335149
3.825306
4.131177
5.351550
5.067482
4.841445
4.796910
2.904968
3.772473
1.609628
4.384583
5.908767
3.741505
1.560944
3.823419
4.422186
4.390033
3.786488
4.404515
3.955568
4.445801
3.675270
3.967463
3.693281
2.818894
3.738484
4.303147
3.095255
3.370057
3.696877
2.768218
3.363849
3.427828
3.489634
2.556183
3.911930
4.533083
3.832758
4.112135
3.893947
4.851945
3.902250
4.185821
3.908435
3.760216
3.855053
4.485761
3.885431
4.460983
4.461512
3.861862
4.402134
3.769289
4.585175
3.755389
3.725038
3.727073
4.480850
3.694455
4.286095
3.071345
3.731168
4.289645
3.751528
4.242573
3.071560
4.435250
4.087855
4.473686
4.781168
5.340271
4.666748
3.802737
1.647317
2.906616
1.628548
2.541543
3.174520
2.904256
1.330668
2.882847
1.923467
1.926562
2.865968
1.333667
2.855370
1.611558
5.752575
4.876798
5.699733
3.855906
5.387905
4.493683
3.842295
4.482917
3.820483
4.425924
3.839011
4.706504
3.800016
5.648806
5.329938
2.532438
3.443372
3.775499
1.630797
3.182369
1.660969
4.107457
3.760785
2.539800
3.459177
1.600064
2.902543
2.868397
3.504320
2.305106
3.253964
3.790449
3.149384
1.949318
2.892317
1.634850
1.957189
2.226925
2.812319
1.335200
3.201096
4.688223
5.005807
4.691767
3.775851
5.248962
4.404224
3.745589
4.408521
3.848183
4.439783
3.802596
4.401461
3.822147
5.096582
5.377663
3.416068
4.068603
4.067867
2.220323
3.452707
1.626230
3.481614
4.057310
3.509288
1.930519
3.144604
1.616261
2.229142
2.567038
3.177168
1.597544
4.055674
5.679501
3.826757
5.926009
3.820058
4.452413
4.425636
3.695078
4.644292
3.672492
4.297701
3.404233
4.471720
3.800251
4.403056
3.821254
4.772471
5.597788
5.594161
4.990400
2.823631
4.924515
4.718659
3.788811
4.361519
3.373185
3.272777
3.113134
3.117903
3.726768
2.813200
3.390773
4.003144
3.394823
4.119082
3.849101
4.166922
4.125924
1.327323
4.750541
3.145042
3.770290
4.389461
4.071984
2.854611
3.757460
1.629336
3.511448
4.098045
2.525569
3.768298
1.625392
3.818859
4.389711
3.769579
1.914005
3.171222
1.650923
2.259405
2.539108
3.186035
1.611021
4.325742
4.682501
3.795942
4.435185
3.844169
4.468318
2.860404
3.100663
3.747293
4.392282
3.162013
4.817399
4.198526
4.417016
4.930916
5.093655
4.568239
3.227318
3.154773
1.610428
2.837212
3.470415
3.189802
1.922944
3.133792
1.608798
2.834754
3.149635
3.745564
2.269620
4.326752
5.917559
3.811666
5.618892
3.787088
5.367436
4.435614
4.067941
3.843703
4.423818
3.793506
4.717872
3.680508
0.699618
3.809279
4.413496
3.822586
4.629258
3.864252
4.321179
3.670356
4.342895
3.723491
3.744022
3.718703
4.485057
3.837624
1.455845
4.470910
3.886769
4.487219
3.865900
4.435504
3.798187
4.738577
3.777411
4.386260
3.808912
2.135981
4.424561
3.878162
5.632275
3.783875
5.625543
5.356433
5.716930
5.632348
3.770787
4.158074
1.969991
2.578563
3.219401
1.684301
2.634568
1.632728
4.703236
4.864976
5.307056
3.789132
5.776050
4.430695
3.812326
4.449018
3.897315
4.415466
3.776868
4.698880
3.727345
3.965425
3.900018
4.460118
4.486212
4.493245
3.868139
4.458367
3.906304
4.803639
3.800070
4.122599
3.790970
4.395960
4.287831
3.788703
4.420946
3.743193
4.689336
4.140501
5.910770
5.699812
4.688605
6.007390
5.624585
5.274262
3.773266
5.617360
4.770416
4.409677
3.920585
5.827632
5.397410
3.502350
4.433914
4.079081
4.077431
2.564859
4.738795
5.376786
3.804401
4.389107
3.901772
4.479878
4.476733
3.150271
3.764996
4.364449
3.422499
4.769383
3.816518
4.539301
3.832346
1.583899
5.509187
4.711903
5.107274
1.974660
4.307316
1.910025
4.680574
4.082547
4.352883
3.800018
4.393319
4.420877
4.356288
3.777812
4.606797
3.809282
4.712598
4.116290
4.099487
4.806865
5.015677
4.972599
4.341814
4.098266
2.541189
3.808386
5.064672
5.045838
3.848242
5.411682
3.880105
6.038523
5.167248
3.844896
5.236607
3.812302
4.734511
3.809257
4.413513
3.755921
4.375615
4.367044
3.792171
4.388024
3.750816
4.542929
3.803461
4.721172
3.889330
4.480879
3.959394
4.426982
4.519936
3.873926
4.463651
3.804463
4.389277
4.675561
3.752639
5.653143
5.419718
3.478572
3.811618
1.617761
3.223915
1.647467
2.876706
1.646943
3.169739
4.974447
5.161048
4.027524
3.791174
3.866093
1.736837
4.426374
3.836524
4.387964
3.735233
4.733872
3.723940
4.357270
3.762609
4.427311
4.269201
4.400887
3.768485
4.391045
3.374584
3.741160
4.359291
3.663943
4.305448
3.084924
3.716531
4.039739
3.703233
4.311699
4.803704
3.738300
4.217523
4.473649
2.122718
4.960414
5.020016
2.256017
3.181683
1.607090
2.861354
3.495610
3.251937
1.637088
2.855173
1.608372
1.927829
2.220940
3.188931
1.608582
3.127605
3.520554
3.174715
1.949406
3.199387
1.632985
2.235733
2.564496
3.163079
2.239288
5.586119
3.798772
5.978379
3.849672
4.463283
4.461756
4.413361
3.678585
4.387388
3.814558
4.420918
3.750356
4.333876
3.793542
1.949058
5.308955
5.207374
2.872018
3.838893
1.659949
3.538312
4.482654
4.454687
3.227424
5.074425
1.933839
5.742973
6.073078
3.838015
6.106671
3.922682
4.788198
3.798811
4.426216
3.762999
5.529854
5.087315
5.272895
5.996843
4.880882
4.986372
3.493678
4.691164
3.790017
4.390637
3.756612
4.372670
4.099479
3.764504
4.391686
3.841525
4.522103
3.818761
4.398272
3.802438
5.615983
5.001316
1.953590
2.531304
2.869357
1.629396
2.237006
1.607723
2.543273
3.200854
3.166450
1.343721
3.771609
1.630466
3.804371
4.430393
5.002388
3.447194
4.389838
4.719884
3.812284
2.211835
2.836556
1.612539
2.223220
1.645045
2.300421
2.010700
1.970610
1.949099
2.273824
2.561665
2.292418
1.641165
2.250483
1.942387
1.333323
2.268935
1.943897
2.253891
1.946871
2.900374
4.074923
4.445649
2.903406
5.253633
1.669076
3.817273
4.420045
3.070833
3.673161
4.357607
3.740664
4.590081
3.738797
2.786408
3.680257
4.289332
3.069004
3.169055
3.768689
2.530900
3.737062
4.697170
3.692885
2.762017
3.706022
4.002868
2.787510
3.095952
3.728895
2.438920
3.340727
4.388162
3.436357
4.124672
3.384715
4.295563
2.446501
3.782933
4.375248
3.767112
4.392732
3.796499
4.416607
3.825075
4.418184
4.798989
4.484827
5.321522
5.352506
3.483175
4.689100
2.226160
4.669349
5.912766
5.405054
4.391548
5.000755
2.589452
3.819802
1.628411
2.241890
2.853296
1.653063
2.276648
2.882155
2.238846
1.641206
2.241927
1.929927
1.314331
2.241031
1.623559
2.251231
1.943945
2.270793
2.867726
2.217184
1.614903
2.258728
1.930314
1.305015
1.320166
1.935969
1.630012
1.928612
2.534123
1.953395
1.682696
1.922594
1.915633
1.313913
1.011494
2.264885
1.610438
2.224541
2.550242
2.262680
1.639497
2.239248
1.910530
1.319289
1.949300
1.639676
1.938007
1.898478
2.299774
3.196937
3.466769
1.613427
4.378256
1.639800
4.731676
4.745718
4.996832
3.473211
5.612135
5.247605
6.424171
5.500496
3.451553
3.428447
1.616914
1.923608
2.589932
1.636266
2.250987
1.927706
2.239472
2.521957
2.236031
1.625319
2.277320
1.927927
1.294817
1.311034
2.240001
1.614309
2.571438
3.170001
2.830049
1.325490
3.150615
1.923104
2.867744
3.150426
4.017595
2.543757
4.113721
5.003199
4.347499
3.186994
4.090631
1.607682
3.176985
3.892525
1.969890
3.849373
1.656005
3.917533
4.751438
4.364557
2.521527
4.116977
1.603182
3.437617
4.433758
2.278807
4.433340
1.646220
4.051983
4.658073
3.804652
1.955455
2.843749
1.629566
1.629819
2.531680
1.602943
2.549826
1.960209
2.250881
2.857028
2.261305
1.625228
2.220385
1.924210
1.320549
2.209334
1.975457
1.968791
1.989003
1.988455
2.550861
2.242973
1.688862
2.316185
1.930534
1.322066
2.285847
1.975070
2.255159
1.956147
1.955492
2.570609
2.294195
1.656064
1.946768
1.956544
1.647027
1.981672
1.952290
1.950609
1.910052
2.523651
2.195620
1.624922
1.894223
1.952007
1.327620
2.234493
1.627105
1.939352
1.914439
2.250353
2.549470
2.248554
1.610289
2.246095
1.965755
1.333066
1.317045
2.220608
1.617557
2.840477
2.541351
1.332586
2.555189
1.621949
1.308092
2.611536
1.641841
2.604869
1.951966
2.863453
1.953495
2.270490
1.320208
