0.074717
0.041537
0.043244
0.068377
0.037029
0.043430
0.043890
0.046245
0.044513
0.044380
0.063755
0.036989
0.043378
0.044715
0.044309
0.069752
0.053498
0.053396
0.054057
0.054595
0.055143
0.053017
0.053273
0.058183
0.080785
0.054748
0.054919
0.053080
0.053308
0.053847
0.053739
0.054452
0.054978
0.052824
0.053363
0.053592
0.053791
0.054226
0.055116
0.053070
0.053307
0.054826
0.055160
0.054137
0.055959
0.053550
0.053046
0.055213
0.053907
0.064777
0.055290
0.053139
0.052905
0.053617
0.054405
0.054839
0.055389
0.052952
0.053165
0.053313
0.053960
0.054326
0.054891
0.053421
0.053421
0.054101
0.055031
0.054846
0.054706
0.053981
0.054754
0.054072
0.054225
0.055572
0.056173
0.055306
0.054380
0.055376
0.055318
0.056860
0.055082
0.052741
0.053978
0.054081
0.053562
0.054896
0.055661
0.054718
0.054171
0.054164
0.065563
0.054511
0.055765
0.053914
0.053198
0.053955
0.064401
0.054163
0.055252
0.053200
0.053159
0.053317
0.053727
0.054531
0.054922
0.053054
0.053332
0.053706
0.053829
0.054466
0.054938
0.053559
0.053373
0.053411
0.054626
0.054918
0.054827
0.053502
0.054751
0.053908
0.054364
0.055613
0.056406
0.053026
0.054457
0.054216
0.053605
0.055865
0.055010
0.053625
0.054575
0.054193
0.053821
0.055355
0.055144
0.053587
0.054005
0.054890
0.056292
0.055097
0.057902
0.053717
0.053118
0.053995
0.054093
0.055447
0.054637
0.052729
0.053949
0.068867
0.054004
0.054503
0.054837
0.053263
0.053426
0.053627
0.053930
0.054336
0.054372
0.052877
0.053328
0.053819
0.053976
0.054749
0.054476
0.053607
0.057315
0.053525
0.054006
0.054553
0.054508
0.053856
0.053335
0.053719
0.053952
0.055020
0.054438
0.053697
0.053866
0.054374
0.054539
0.054133
0.054608
0.053280
0.053954
0.054105
0.054619
0.055825
0.054900
0.053461
0.053316
0.054222
0.053985
0.054874
0.055510
0.054143
0.053861
0.053361
0.053989
0.055122
0.056432
0.055050
0.054572
0.055583
0.053728
0.054409
0.054519
0.063069
0.053180
0.053738
0.053762
0.054418
0.054425
0.052952
0.053100
0.053444
0.054227
0.055162
0.056035
0.053557
0.054011
0.054386
0.054454
0.055199
0.055406
0.053730
0.054435
0.054837
0.053865
0.055146
0.055905
0.054344
0.054652
0.054485
0.054559
0.054405
0.055937
0.053005
0.053393
0.053449
0.054032
0.055156
0.059244
0.054360
0.054136
0.054345
0.054769
0.054660
0.056129
0.053708
0.053863
0.054360
0.055279
0.054993
0.055751
0.052870
0.053637
0.054228
0.054607
0.055036
0.054868
0.052850
0.053825
0.053532
0.053803
0.055313
0.058448
0.053031
0.054063
0.054335
0.054712
0.054412
0.054864
0.063937
0.054161
0.053458
0.054059
0.054318
0.055069
0.053246
0.054138
0.054051
0.054523
0.055187
0.055625
0.052933
0.053236
0.053594
0.054029
0.054299
0.054798
0.052865
0.053037
0.054125
0.054427
0.054340
0.054872
0.053642
0.053506
0.055356
0.054848
0.055202
0.056207
0.053261
0.053462
0.054232
0.055322
0.055090
0.056128
0.052652
0.053529
0.053620
0.054782
0.054776
0.055283
0.054716
0.054145
0.054444
0.057330
0.054390
0.055008
0.053853
0.053935
0.054762
0.053963
0.054699
0.056028
0.053476
0.054176
0.056160
0.054786
0.055266
0.055134
0.052997
0.053325
0.064060
0.054060
0.054532
0.055170
0.052970
0.053331
0.053392
0.053958
0.054379
0.054920
0.053271
0.055034
0.053487
0.054140
0.054548
0.055137
0.053860
0.053234
0.054183
0.054823
0.054148
0.055043
0.053542
0.053914
0.054563
0.055061
0.054869
0.056464
0.054217
0.053514
0.054118
0.054638
0.055685
0.055382
0.053937
0.053846
0.053766
0.053809
0.055136
0.056064
0.053605
0.053920
0.053789
0.055030
0.055565
0.055343
0.053550
0.053967
0.054555
0.054153
0.055401
0.055618
0.053272
0.053180
0.054072
0.054772
0.055336
0.056105
0.053423
0.058037
0.054196
0.064318
0.054448
0.054846
0.053203
0.053250
0.053434
0.053941
0.054067
0.054881
0.052873
0.053195
0.053496
0.053822
0.054473
0.055301
0.053601
0.053546
0.054174
0.054716
0.055810
0.055290
0.053959
0.053983
0.053930
0.053905
0.055224
0.055506
0.053939
0.054355
0.053926
0.055125
0.055585
0.054897
0.053681
0.054070
0.054521
0.054211
0.055312
0.055154
0.053514
0.053241
0.054205
0.054851
0.055435
0.055619
0.053556
0.054592
0.054587
0.054112
0.054835
0.055178
0.054101
0.053550
0.054410
0.054361
0.055647
0.054524
0.052672
0.064109
0.055189
0.054507
0.055071
0.054930
0.053692
0.053340
0.053580
0.053869
0.054582
0.054457
0.052941
0.053373
0.053471
0.054075
0.053973
0.057843
0.054153
0.054398
0.053662
0.054879
0.055127
0.054495
0.052900
0.053327
0.054175
0.053805
0.054813
0.055169
0.053484
0.053162
0.053317
0.054276
0.054942
0.055041
0.053174
0.054498
0.054519
0.054063
0.054925
0.055169
0.054127
0.053594
0.054289
0.054399
0.055465
0.054464
0.052630
0.054453
0.054462
0.054876
0.054567
0.055695
0.054066
0.053484
0.064383
0.054613
0.054801
0.054859
0.053541
0.053384
0.054159
0.053748
0.054235
0.056387
0.053732
0.057638
0.053751
0.054260
0.054221
0.055111
0.052955
0.053229
0.054134
0.053934
0.054523
0.055717
0.053476
0.053299
0.053330
0.054410
0.054734
0.055513
0.053152
0.054403
0.054544
0.054201
0.055089
0.054928
0.054207
0.053811
0.054368
0.056300
0.055802
0.054986
0.052773
0.054635
0.053908
0.054953
0.055285
0.055923
0.053763
0.053308
0.053466
0.053899
0.054145
0.055021
0.053563
0.053204
0.054078
0.053807
0.053973
0.055558
0.052971
0.063571
0.054137
0.054309
0.054937
0.055313
0.053796
0.053256
0.054214
0.054062
0.054745
0.055124
0.053605
0.053445
0.053579
0.057690
0.055168
0.057478
0.053802
0.054247
0.054003
0.053822
0.054430
0.054973
0.052814
0.053283
0.054009
0.054754
0.054848
0.054892
0.053532
0.053857
0.053629
0.054604
0.055197
0.056243
0.054158
0.053493
0.054911
0.054467
0.055083
0.055033
0.053836
0.054022
0.054920
0.053746
0.054973
0.055665
0.053547
0.053606
0.053833
0.054245
0.054186
0.056466
0.057244
0.063595
0.054604
0.054676
0.054851
0.055038
0.053882
0.053495
0.053782
0.053833
0.054320
0.055393
0.053161
0.053344
0.053666
0.053917
0.054212
0.055694
0.055885
0.053349
0.053992
0.054576
0.054918
0.055750
0.056814
0.055259
0.057526
0.054009
0.054809
0.058239
0.053212
0.055453
0.054482
0.056922
0.056694
0.056128
0.055732
0.055067
0.056187
0.056726
0.054544
0.057308
0.054374
0.054259
0.054950
0.055404
0.055797
0.057146
0.054610
0.055137
0.055621
0.055156
0.055966
0.056994
0.055601
0.055104
0.064642
0.055208
0.055922
0.056137
0.054181
0.054123
0.054541
0.054694
0.055231
0.055993
0.053795
0.054464
0.054476
0.055061
0.055189
0.056845
0.053734
0.055167
0.055802
0.054997
0.058429
0.056656
0.055010
0.054808
0.055303
0.055630
0.057798
0.056231
0.055031
0.055971
0.054924
0.055616
0.054690
0.056642
0.054637
0.054114
0.054286
0.054757
0.055942
0.055871
0.053858
0.055034
0.054911
0.054862
0.055730
0.055638
0.055486
0.054199
0.055076
0.055606
0.056455
0.066329
0.054545
0.054943
0.054653
0.055153
0.055638
0.055860
0.055004
0.054468
0.054185
0.054640
0.055386
0.056121
0.054107
0.054643
0.055792
0.055111
0.055664
0.056664
0.054733
0.054460
0.054982
0.055584
0.056773
0.056174
0.054876
0.054614
0.055816
0.054662
0.055619
0.056460
0.055088
0.054228
0.054803
0.055464
0.056105
0.056139
0.054559
0.054982
0.056193
0.057345
0.056144
0.056583
0.053607
0.055932
0.054261
0.054432
0.054824
0.055074
0.052880
0.053269
0.063805
0.053769
0.054253
0.054900
0.053023
0.053280
0.053313
0.053873
0.054241
0.054415
0.053989
0.056821
0.056562
0.054983
0.054521
0.054401
0.053883
0.053668
0.054380
0.054426
0.056038
0.054685
0.053954
0.053543
0.054941
0.053897
0.055046
0.055311
0.054291
0.054191
0.054592
0.054479
0.055493
0.054796
0.053675
0.054058
0.055188
0.053865
0.055201
0.054707
0.054528
0.053211
0.054152
0.053836
0.054462
0.055429
0.053885
0.054918
0.064077
0.053719
0.054123
0.054437
0.053446
0.053235
0.054814
0.054164
0.055543
0.056101
0.054623
0.053321
0.053452
0.053977
0.054788
0.055835
0.053183
0.053151
0.053392
0.054695
0.057084
0.055091
0.053668
0.053240
0.053449
0.054416
0.054345
0.055129
0.052815
0.053089
0.053389
0.054490
0.054597
0.055050
0.052736
0.053249
0.054003
0.053909
0.055150
0.055192
0.052918
0.053680
0.054192
0.054500
0.054480
0.055193
0.053991
0.055079
0.054060
0.054500
0.055079
0.055685
0.055505
0.054537
0.054283
0.054132
0.054359
0.055327
0.053426
0.063587
0.053871
0.054299
0.054937
0.055803
0.053748
0.053086
0.053981
0.054331
0.055927
0.055797
0.053801
0.054361
0.055612
0.054849
0.056011
0.056004
0.052867
0.054068
0.053423
0.054630
0.055247
0.054325
0.052927
0.053223
0.053912
0.053874
0.054992
0.055577
0.052909
0.053658
0.054002
0.054539
0.054704
0.055898
0.053314
0.058254
0.054900
0.053649
0.054823
0.054383
0.054578
0.053313
0.054400
0.054746
0.054031
0.054844
0.053929
0.054941
0.054577
0.054456
0.054216
0.055075
0.053727
0.053080
0.053099
0.064731
0.055238
0.055563
0.054079
0.054930
0.053573
0.054406
0.055114
0.055087
0.053608
0.053787
0.054314
0.054785
0.055085
0.055114
0.053783
0.053132
0.054836
0.053897
0.055146
0.059769
0.053794
0.054738
0.053436
0.054563
0.054291
0.055425
0.052943
0.054028
0.054292
0.053729
0.054294
0.054901
0.053557
0.053298
0.054336
0.054723
0.054461
0.055340
0.053462
0.053884
0.053903
0.054879
0.054645
0.056374
0.054251
0.053066
0.053954
0.053658
0.056198
0.054904
0.053871
0.054193
0.053414
0.054258
0.054730
0.058415
0.053419
0.063446
0.053452
0.053757
0.055251
0.055830
0.052972
0.053292
0.053410
0.053813
0.054277
0.054524
0.052926
0.053232
0.053659
0.054104
0.054829
0.055443
0.053291
0.055067
0.054700
0.053775
0.055104
0.055233
0.054313
0.053237
0.055498
0.055388
0.055134
0.055773
0.054655
0.054909
0.054067
0.055449
0.054391
0.055128
0.053830
0.053129
0.053253
0.054591
0.054500
0.054903
0.053882
0.054111
0.053429
0.054275
0.055549
0.055497
0.053212
0.054634
0.056487
0.055307
0.055677
0.054354
0.053515
0.063652
0.054198
0.053916
0.053858
0.055270
0.052766
0.053648
0.054201
0.053966
0.054357
0.055304
0.053360
0.054188
0.054061
0.053848
0.054828
0.055597
0.054094
0.053134
0.056991
0.054699
0.053892
0.054757
0.053810
0.054011
0.053481
0.054495
0.054117
0.055450
0.053770
0.053020
0.053312
0.054467
0.054373
0.055878
0.054454
0.057126
0.053178
0.053595
0.054520
0.055726
0.052656
0.053942
0.053531
0.054440
0.054678
0.054696
0.052636
0.053879
0.054004
0.053593
0.056889
0.055761
0.052756
0.053739
0.064556
0.054357
0.054288
0.055305
0.053228
0.054238
0.054005
0.053760
0.054594
0.054752
0.053018
0.053157
0.053885
0.054333
0.054114
0.055397
0.053699
0.053909
0.053941
0.054783
0.054330
0.056047
0.054250
0.052895
0.054144
0.054396
0.054616
0.054770
0.053788
0.054104
0.053306
0.054153
0.054754
0.055835
0.054388
0.056033
0.053798
0.055375
0.055390
0.057412
0.053796
0.054013
0.056492
0.055712
0.054550
0.055709
0.052881
0.053169
0.053265
0.054631
0.054066
0.055727
0.052918
0.053953
0.063922
0.053765
0.053973
0.054812
0.052815
0.053068
0.054073
0.054150
0.053799
0.055303
0.053986
0.053858
0.054232
0.054264
0.055039
0.056901
0.054194
0.053131
0.054107
0.054503
0.055035
0.054770
0.053525
0.054036
0.053153
0.053564
0.054851
0.055899
0.053633
0.054287
0.053670
0.056046
0.056693
0.055859
0.054882
0.053911
0.054160
0.053669
0.054726
0.055861
0.052850
0.053730
0.054170
0.054583
0.054448
0.055977
0.053210
0.054715
0.054644
0.053574
0.054824
0.056794
0.053752
0.053067
0.063930
0.054399
0.054002
0.057650
0.053097
0.053390
0.053328
0.056795
0.054422
0.054860
0.053154
0.053242
0.053523
0.053915
0.054106
0.054464
0.053730
0.053987
0.053273
0.053629
0.054022
0.055110
0.052806
0.054012
0.053823
0.055559
0.055485
0.054219
0.053403
0.053875
0.054160
0.053764
0.055274
0.055947
0.052792
0.053675
0.054154
0.054615
0.054285
0.055943
0.053305
0.055037
0.054760
0.053785
0.054873
0.055648
0.053629
0.053094
0.054228
0.054728
0.053739
0.055324
0.053739
0.054066
0.053802
0.083469
0.053911
0.054548
0.053361
0.053127
0.054677
0.054111
0.054209
0.054881
0.052995
0.053454
0.053422
0.053811
0.054126
0.055383
0.052790
0.053899
0.053392
0.054466
0.054738
0.054777
0.053396
0.053834
0.054276
0.053713
0.054775
0.055908
0.055566
0.053709
0.054584
0.054699
0.054470
0.056123
0.053286
0.055109
0.054663
0.053874
0.054070
0.055174
0.053470
0.053104
0.053911
0.054463
0.053724
0.054705
0.053525
0.054107
0.054029
0.054944
0.054176
0.056223
0.054252
0.053545
0.054168
0.054853
0.055581
0.065220
0.065578
0.055908
0.055458
0.056367
0.055926
0.060303
0.055098
0.056158
0.056289
0.055283
0.057252
0.072093
0.056164
0.056513
0.055312
0.055067
0.055944
0.073141
0.053702
0.053793
0.054356
0.055358
0.054745
0.056682
0.053336
0.054553
0.054718
0.054328
0.056103
0.056225
0.053951
0.053739
0.054013
0.054416
0.053906
0.054676
0.052784
0.054250
0.053173
0.054556
0.054164
0.055561
0.053714
0.053043
0.053953
0.060930
0.055038
0.054918
0.053942
0.054297
0.053457
0.054327
0.055240
0.055258
0.053656
0.054226
0.063933
0.054138
0.054647
0.054311
0.052981
0.053303
0.053257
0.053670
0.054120
0.054917
0.052863
0.053099
0.053673
0.054169
0.054638
0.055452
0.053305
0.055317
0.056293
0.053948
0.053859
0.055310
0.053491
0.053180
0.054044
0.054674
0.054298
0.054850
0.052941
0.054279
0.053277
0.054730
0.054641
0.056832
0.054319
0.053248
0.053973
0.054583
0.055026
0.054346
0.053800
0.054287
0.053436
0.054288
0.055214
0.055329
0.053456
0.054296
0.053872
0.055514
0.055696
0.054905
0.053685
0.054113
0.064126
0.053769
0.054636
0.055298
0.052910
0.053778
0.054309
0.054171
0.054738
0.055394
0.055946
0.053370
0.053757
0.053923
0.054322
0.055817
0.053413
0.053076
0.054100
0.054616
0.053835
0.054804
0.052929
0.054237
0.053311
0.062625
0.055564
0.057110
0.054055
0.053438
0.053407
0.054965
0.055268
0.054923
0.053592
0.054260
0.053404
0.053733
0.054534
0.055906
0.052754
0.054207
0.053968
0.055693
0.055508
0.054959
0.053509
0.054106
0.054276
0.053719
0.054934
0.056139
0.052959
0.053866
0.054339
0.054714
0.064809
0.055626
0.053071
0.053356
0.053756
0.053858
0.054000
0.054938
0.053212
0.053153
0.053967
0.054419
0.054207
0.055774
0.054170
0.054239
0.054050
0.054957
0.054451
0.056989
0.054316
0.053147
0.054122
0.054707
0.054918
0.054696
0.053898
0.054273
0.053517
0.058311
0.054147
0.055842
0.053850
0.055954
0.055623
0.054642
0.054984
0.054863
0.052736
0.054093
0.054064
0.053726
0.054611
0.055651
0.052908
0.053152
0.053426
0.054687
0.053701
0.055148
0.052867
0.055069
0.054757
0.053874
0.064998
0.054932
0.053455
0.053188
0.053894
0.054453
0.053801
0.055355
0.054008
0.053464
0.054050
0.054308
0.054783
0.055263
0.053480
0.053086
0.053400
0.054564
0.054726
0.054295
0.053474
0.054504
0.053343
0.054283
0.055135
0.055388
0.053579
0.054277
0.053670
0.055629
0.055295
0.054875
0.053579
0.053957
0.054128
0.064466
0.079618
0.055733
0.053212
0.063888
0.055326
0.065472
0.055312
0.058566
0.053964
0.054542
0.054841
0.054686
0.055148
0.056225
0.057777
0.068761
0.059199
0.055777
0.055241
0.066068
0.053793
0.054423
0.054141
0.055268
0.054754
0.054983
0.053976
0.054105
0.054040
0.054543
0.054803
0.054469
0.053166
0.053683
0.053486
0.053641
0.054125
0.055324
0.053041
0.053932
0.053534
0.054664
0.055366
0.054329
0.053162
0.053964
0.054112
0.053768
0.055271
0.055419
0.052932
0.053688
0.054519
0.054686
0.054740
0.055504
0.053202
0.055077
0.054758
0.053766
0.054398
0.055164
0.053627
0.053079
0.054237
0.054756
0.054147
0.054871
0.053826
0.054111
0.056364
0.056943
0.054195
0.055010
0.063583
0.053357
0.053442
0.053884
0.054223
0.054154
0.052899
0.053415
0.053259
0.053559
0.054603
0.054667
0.053616
0.053703
0.053847
0.058987
0.055790
0.054564
0.053545
0.053970
0.054279
0.053655
0.055579
0.056369
0.052831
0.053825
0.054547
0.054929
0.054177
0.055725
0.052927
0.055198
0.054248
0.053657
0.053789
0.055150
0.053333
0.053160
0.054016
0.054383
0.053678
0.054682
0.052871
0.054093
0.054056
0.054826
0.054535
0.056645
0.054330
0.053168
0.064210
0.054030
0.054445
0.054640
0.053362
0.053789
0.053335
0.054287
0.057269
0.056526
0.055079
0.054076
0.054552
0.054330
0.055167
0.054603
0.052883
0.054120
0.054144
0.053795
0.054982
0.055270
0.052940
0.053186
0.053536
0.054978
0.054177
0.055325
0.052961
0.053918
0.054798
0.053820
0.054883
0.055151
0.053718
0.053090
0.054340
0.054726
0.054398
0.054915
0.053686
0.056921
0.054189
0.055072
0.054758
0.056300
0.054067
0.053127
0.053214
0.054574
0.054776
0.054356
0.053603
0.053890
0.053328
0.053542
0.064261
0.054644
0.052903
0.053368
0.053383
0.054223
0.055003
0.054556
0.053547
0.053136
0.053419
0.053746
0.054872
0.055464
0.053072
0.054924
0.053842
0.056637
0.054449
0.055700
0.052956
0.054125
0.054376
0.053735
0.054041
0.055235
0.053471
0.053127
0.053947
0.054518
0.054313
0.054862
0.053813
0.054159
0.053965
0.055050
0.054545
0.055985
0.054313
0.052991
0.054110
0.054580
0.054956
0.054239
0.053787
0.054262
0.053419
0.054257
0.055090
0.055772
0.053444
0.054336
0.053834
0.065127
0.055116
0.054549
0.053750
0.053403
0.053678
0.053526
0.057446
0.055486
0.052980
0.053069
0.053666
0.054140
0.054540
0.054918
0.053129
0.054176
0.054417
0.053821
0.054279
0.055267
0.053507
0.053180
0.053880
0.055374
0.055533
0.069383
0.057115
0.067700
0.058323
0.070921
0.059991
0.056840
0.056259
0.056466
0.056576
0.057748
0.058754
0.058825
0.059456
0.057448
0.058042
0.056603
0.057888
0.058811
0.055585
0.057654
0.056147
0.057193
0.057726
0.058253
0.057708
0.055647
0.055355
0.054757
0.056008
0.057114
0.065931
0.054050
0.054181
0.055325
0.054882
0.055585
0.054117
0.053964
0.054214
0.053793
0.054322
0.055013
0.052899
0.053254
0.053841
0.054735
0.054059
0.054789
0.052915
0.054029
0.053428
0.054617
0.055922
0.056895
0.054477
0.057601
0.053687
0.054728
0.054864
0.056751
0.054331
0.055994
0.053623
0.053645
0.054375
0.055344
0.052840
0.054266
0.053505
0.054730
0.055520
0.054374
0.052841
0.054130
0.053797
0.053691
0.054554
0.055649
0.052855
0.053847
0.054965
0.055804
0.056363
0.055583
0.053234
0.055035
0.064537
0.053782
0.055287
0.055044
0.053256
0.053105
0.054042
0.054337
0.054147
0.054695
0.052961
0.053382
0.053566
0.054045
0.054447
0.057133
0.054403
0.053193
0.053927
0.054612
0.054699
0.054845
0.053946
0.054491
0.053372
0.054427
0.054790
0.055830
0.053700
0.054416
0.053859
0.055597
0.055336
0.054880
0.053616
0.054103
0.055273
0.054500
0.056763
0.055661
0.052836
0.053026
0.053335
0.054675
0.056838
0.056179
0.053088
0.054084
0.054600
0.054675
0.055204
0.057391
0.053641
0.063383
0.053518
0.054243
0.054511
0.054606
0.052982
0.053463
0.053339
0.053764
0.054240
0.054909
0.053243
0.053329
0.053469
0.054136
0.055037
0.054252
0.053902
0.054508
0.053413
0.054365
0.055432
0.055282
0.053641
0.054326
0.053768
0.055656
0.055757
0.054319
0.053558
0.053970
0.053813
0.053549
0.054994
0.055881
0.052780
0.053714
0.054399
0.054582
0.054741
0.056073
0.053294
0.055168
0.054758
0.053683
0.054788
0.057437
0.054684
0.054827
0.055622
0.054471
0.054284
0.054242
0.052856
0.063795
0.053572
0.053975
0.054107
0.054418
0.053205
0.053096
0.053362
0.053602
0.053807
0.054213
0.056730
0.053585
0.053930
0.054033
0.054651
0.055791
0.052852
0.054084
0.053628
0.054651
0.055318
0.054770
0.052964
0.054073
0.054084
0.054443
0.054919
0.054788
0.052650
0.053618
0.054297
0.053988
0.054421
0.055637
0.053354
0.055085
0.053767
0.054835
0.054994
0.054960
0.053669
0.053753
0.054203
0.053697
0.053927
0.056412
0.053430
0.053266
0.053998
0.054839
0.054646
0.056725
0.068379
0.053544
0.054821
0.055026
0.055822
0.054840
0.052998
0.053429
0.053504
0.053861
0.054864
0.055228
0.052930
0.053704
0.053962
0.054847
0.054455
0.054453
0.052946
0.053373
0.053864
0.054788
0.054655
0.055406
0.052958
0.053846
0.054146
0.054738
0.054493
0.055460
0.053396
0.056932
0.056141
0.059716
0.068200
0.057074
0.055424
0.056327
0.057019
0.056948
0.058071
0.058994
0.056140
0.057371
0.056666
0.057728
0.058156
0.058856
0.055721
0.054213
0.054430
0.055712
0.056176
0.056749
0.054354
0.055956
0.064981
0.054683
0.055299
0.055386
0.053078
0.053614
0.053729
0.053952
0.056446
0.060719
0.053241
0.053717
0.053501
0.054052
0.054590
0.055919
0.052746
0.054040
0.054354
0.054487
0.054192
0.055699
0.053187
0.053624
0.054280
0.055692
0.053897
0.055200
0.054920
0.057487
0.053949
0.054650
0.054384
0.056890
0.054077
0.054035
0.053943
0.055031
0.054663
0.055774
0.054645
0.055009
0.055406
0.056558
0.054880
0.055645
0.053778
0.054060
0.053379
0.053723
0.054182
0.059130
0.053010
0.053360
0.053376
0.064315
0.055176
0.055279
0.053086
0.053565
0.053463
0.054089
0.054309
0.054967
0.052948
0.053204
0.053857
0.053960
0.054469
0.055283
0.054209
0.054386
0.055995
0.054698
0.054277
0.056027
0.053054
0.054124
0.054068
0.054645
0.054477
0.081088
0.055519
0.055575
0.054755
0.055820
0.055879
0.056717
0.054780
0.055046
0.054388
0.055952
0.055584
0.057297
0.054627
0.054963
0.054587
0.054613
0.055949
0.056483
0.053744
0.055099
0.054349
0.056332
0.056877
0.058323
0.054502
0.055558
0.055018
0.055671
0.055921
0.067066
0.054056
0.054698
0.054849
0.055122
0.056241
0.056747
0.054517
0.055154
0.055161
0.055037
0.055002
0.056398
0.054188
0.054622
0.058133
0.055749
0.055274
0.055834
0.054656
0.054767
0.054385
0.055662
0.055876
0.056930
0.054881
0.054338
0.054290
0.055866
0.055940
0.056821
0.054624
0.054936
0.054237
0.054642
0.056711
0.081607
0.054159
0.055291
0.053799
0.054637
0.054765
0.055033
0.053043
0.054281
0.054226
0.054748
0.055187
0.055856
0.052861
0.052946
0.054034
0.054510
0.054897
0.056668
0.053377
0.064258
0.054027
0.054037
0.054748
0.055386
0.053807
0.053461
0.053666
0.054016
0.054542
0.055230
0.052991
0.053694
0.053738
0.054157
0.054550
0.056337
0.054682
0.054037
0.053380
0.054819
0.054912
0.055873
0.053593
0.054141
0.053369
0.053662
0.054961
0.055554
0.053565
0.063148
0.055223
0.057965
0.059144
0.055762
0.052916
0.054560
0.054647
0.055045
0.055090
0.056003
0.053373
0.053224
0.054381
0.054568
0.054546
0.056012
0.053044
0.053924
0.054310
0.054346
0.054044
0.055892
0.053759
0.063781
0.053483
0.054116
0.053899
0.054600
0.053125
0.053102
0.053419
0.053990
0.055040
0.055926
0.053722
0.054058
0.054493
0.054695
0.056005
0.055827
0.053885
0.054266
0.053469
0.054247
0.082764
0.057569
0.055081
0.058467
0.058737
0.055726
0.056668
0.056705
0.053830
0.055495
0.055766
0.055810
0.060828
0.056974
0.068608
0.054520
0.055459
0.055836
0.055586
0.057008
0.054231
0.055214
0.055365
0.055721
0.055611
0.057431
0.055380
0.055149
0.062463
0.055154
0.054735
0.055604
0.053915
0.057815
0.054780
0.054883
0.055017
0.055889
0.054129
0.054312
0.054484
0.055152
0.056007
0.057210
0.054562
0.055201
0.054486
0.054606
0.055504
0.056486
0.054541
0.055892
0.055095
0.056319
0.057028
0.056778
0.054592
0.055596
0.056173
0.055558
0.055746
0.055841
0.053606
0.054011
0.054915
0.056260
0.055760
0.057508
0.054333
0.055735
0.056051
0.055565
0.055820
0.056446
0.055467
0.054924
0.057114
0.055047
0.057325
0.055851
0.054847
0.064921
0.054703
0.055198
0.058471
0.056365
0.054736
0.054630
0.055121
0.055616
0.055753
0.056146
0.053837
0.054536
0.054601
0.054864
0.056093
0.056513
0.053882
0.055165
0.055298
0.055519
0.056057
0.056650
0.053791
0.054552
0.055968
0.058987
0.055848
0.055964
0.054637
0.054032
0.055436
0.055507
0.055266
0.056761
0.054734
0.054872
0.055223
0.055698
0.055016
0.055958
0.054588
0.054265
0.054971
0.054641
0.055623
0.055635
0.054400
0.055524
0.055035
0.056316
0.056342
0.056920
0.062608
0.054611
0.055157
0.055038
0.055986
0.057498
0.053815
0.054396
0.054384
0.054593
0.055272
0.055822
0.054121
0.054463
0.054856
0.055632
0.056633
0.056716
0.053971
0.054455
0.055067
0.055016
0.056382
0.056152
0.054642
0.054000
0.054898
0.056211
0.055970
0.058008
0.055142
0.056239
0.055847
0.055905
0.056003
0.056242
0.055208
0.054288
0.055215
0.054679
0.055913
0.055744
0.054500
0.055835
0.055083
0.056391
0.056546
0.056942
0.058488
0.055389
0.055347
0.055293
0.057406
0.066511
0.054634
0.054393
0.054393
0.054648
0.055375
0.055163
0.054066
0.054400
0.054670
0.055031
0.055809
0.056146
0.054129
0.056094
0.055230
0.055727
0.056075
0.056053
0.054563
0.054078
0.055144
0.055292
0.055535
0.056830
0.054761
0.054142
0.055299
0.055588
0.055178
0.055974
0.055525
0.054994
0.055423
0.054862
0.055938
0.055811
0.054401
0.055817
0.055388
0.056395
0.056370
0.057762
0.055462
0.054533
0.055255
0.054922
0.055353
0.056077
0.054847
0.054058
0.055037
0.062386
0.055207
0.056461
0.054848
0.055179
0.055000
0.055452
0.055821
0.056007
0.054527
0.054445
0.054694
0.054852
0.055460
0.056296
0.054553
0.054096
0.055175
0.058979
0.055362
0.056345
0.055639
0.055406
0.055173
0.057068
0.055393
0.055675
0.053988
0.055061
0.055210
0.054746
0.056413
0.055535
0.054842
0.054032
0.053494
0.054744
0.055278
0.056371
0.053813
0.053299
0.053609
0.054064
0.055148
0.055603
0.053553
0.053126
0.054189
0.053848
0.054828
0.056834
0.054102
0.055109
0.055358
0.055032
0.055983
0.065431
0.054115
0.053590
0.054552
0.054066
0.054581
0.054975
0.054159
0.054752
0.053425
0.053662
0.054525
0.054993
0.053565
0.053440
0.054334
0.053863
0.054102
0.055142
0.053789
0.054851
0.054200
0.054647
0.054992
0.055785
0.054458
0.055969
0.054644
0.055192
0.054641
0.057384
0.054549
0.053656
0.055955
0.054846
0.055335
0.055048
0.056522
0.054064
0.054054
0.053759
0.055239
0.055677
0.053929
0.054002
0.054235
0.055701
0.055148
0.054975
0.052835
0.054172
0.054308
0.053790
0.054751
0.054721
0.053562
0.053056
0.060811
0.053990
0.054302
0.054713
0.053400
0.053255
0.054079
0.054262
0.054873
0.056002
0.053830
0.053490
0.053951
0.054445
0.054258
0.054513
0.052771
0.054759
0.054064
0.056675
0.058082
0.058641
0.057999
0.054612
0.054982
0.055101
0.054721
0.055600
0.054132
0.053864
0.055269
0.054252
0.054721
0.056486
0.053776
0.054497
0.057584
0.056441
0.057710
0.055895
0.054097
0.056203
0.055386
0.054155
0.054983
0.078403
0.054525
0.055020
0.053920
0.054534
0.054730
0.056053
0.054010
0.063942
0.053693
0.054216
0.058555
0.055266
0.053224
0.053228
0.053589
0.054198
0.054479
0.054979
0.053328
0.053277
0.053748
0.053943
0.054926
0.055808
0.052885
0.053524
0.053541
0.054823
0.054083
0.054888
0.053596
0.053518
0.054111
0.053750
0.053908
0.056642
0.053922
0.054507
0.054514
0.054937
0.057144
0.055343
0.053797
0.055609
0.053983
0.053734
0.065109
0.055105
0.053240
0.053119
0.053538
0.053581
0.054205
0.055959
0.056851
0.053501
0.053498
0.054414
0.054160
0.055505
0.053301
0.053167
0.054034
0.054023
0.054212
0.054652
0.052840
0.053894
0.053528
0.054370
0.054190
0.056227
0.054420
0.063853
0.053669
0.054585
0.054482
0.054987
0.053665
0.054087
0.053388
0.053610
0.053765
0.055265
0.057109
0.053724
0.053871
0.054342
0.055112
0.055665
0.053241
0.053336
0.053455
0.053563
0.054918
0.055826
0.053005
0.053071
0.053501
0.054320
0.054352
0.055095
0.053758
0.054151
0.054297
0.055159
0.055074
0.056213
0.053559
0.053093
0.054351
0.054956
0.054144
0.054616
0.052662
0.054488
0.054616
0.054765
0.056161
0.056167
0.054280
0.055034
0.059759
0.066459
0.056477
0.057917
0.053421
0.053869
0.053837
0.053824
0.054917
0.055499
0.053523
0.054427
0.054133
0.054784
0.055234
0.056747
0.058529
0.054364
0.054406
0.054713
0.054874
0.055172
0.053375
0.053219
0.053690
0.054699
0.054347
0.055763
0.054124
0.054157
0.054471
0.054374
0.053823
0.055816
0.053563
0.053710
0.053885
0.058048
0.054443
0.054897
0.052744
0.053836
0.053609
0.054145
0.055519
0.065448
0.053595
0.053580
0.053701
0.053940
0.054528
0.054867
0.052982
0.053482
0.053499
0.053787
0.054588
0.054858
0.054231
0.055506
0.055533
0.056208
0.055126
0.055811
0.052881
0.053248
0.053475
0.054398
0.054726
0.055522
0.052809
0.052931
0.053179
0.054374
0.055659
0.055795
0.054541
0.054921
0.054788
0.055198
0.054731
0.055197
0.052730
0.053714
0.063999
0.054293
0.054080
0.054484
0.052938
0.053774
0.054545
0.054002
0.054416
0.054999
0.053085
0.053444
0.053672
0.053950
0.054646
0.055680
0.054504
0.055351
0.055382
0.053620
0.054893
0.055411
0.055185
0.054196
0.055100
0.054922
0.056008
0.056627
0.069474
0.054907
0.054376
0.055469
0.055369
0.055722
0.054940
0.053956
0.055248
0.062584
0.055738
0.056082
0.054289
0.054516
0.054735
0.054990
0.055472
0.056010
0.054006
0.054224
0.054437
0.074906
0.054500
0.055047
0.053663
0.053963
0.054127
0.054081
0.055070
0.055745
0.054617
0.054716
0.054307
0.054276
0.054337
0.055687
0.054349
0.054615
0.054018
0.053526
0.054466
0.056334
0.055198
0.053970
0.055224
0.055101
0.054700
0.065111
0.053140
0.053491
0.053694
0.054993
0.054575
0.055047
0.052984
0.053111
0.053679
0.053601
0.053996
0.055815
0.053019
0.053711
0.055047
0.055255
0.054786
0.055127
0.053147
0.054587
0.054485
0.055127
0.054527
0.054791
0.053496
0.054755
0.055568
0.054264
0.058380
0.055590
0.053907
0.054029
0.053517
0.054683
0.054277
0.055827
0.053530
0.053965
0.054053
0.053524
0.054835
0.055464
0.053749
0.053239
0.054135
0.054770
0.055438
0.056266
0.053726
0.053971
0.056689
0.054709
0.055056
0.056089
0.063337
0.053129
0.053478
0.054345
0.054881
0.055562
0.053631
0.054143
0.054257
0.053929
0.054461
0.055105
0.052981
0.053605
0.053635
0.054816
0.054954
0.054613
0.053444
0.053750
0.054158
0.054489
0.055363
0.056066
0.054710
0.054778
0.054426
0.054666
0.058153
0.057301
0.055768
0.056343
0.062153
0.054409
0.074269
0.055684
0.059072
0.058868
0.054252
0.079529
0.056957
0.059123
0.053648
0.054774
0.054799
0.055755
0.055536
0.055458
0.054260
0.053279
0.054500
0.058677
0.055273
0.054905
0.063012
0.053498
0.053783
0.054015
0.054079
0.055127
0.053096
0.053490
0.053485
0.054075
0.053778
0.054783
0.053004
0.053124
0.053755
0.053779
0.053860
0.056347
0.054772
0.054784
0.054251
0.054643
0.055710
0.055815
0.053976
0.054372
0.054071
0.053591
0.054741
0.056441
0.054119
0.053870
0.053903
0.054817
0.054754
0.055540
0.052873
0.053974
0.055166
0.054688
0.054826
0.055516
0.053562
0.052991
0.061015
0.054367
0.054687
0.055240
0.053435
0.054172
0.054618
0.053901
0.054172
0.054977
0.052951
0.053454
0.053562
0.054135
0.053968
0.054867
0.053730
0.053991
0.055522
0.055067
0.055598
0.057087
0.053826
0.054034
0.054146
0.055132
0.056093
0.056035
0.053942
0.057710
0.054177
0.054493
0.054666
0.055603
0.053763
0.063986
0.053630
0.053996
0.054142
0.054974
0.053339
0.053711
0.053734
0.054168
0.054206
0.055181
0.053007
0.053121
0.053748
0.053993
0.054791
0.054909
0.052914
0.054909
0.054087
0.054542
0.055177
0.056224
0.055155
0.054264
0.054304
0.054153
0.054578
0.054934
0.053572
0.054556
0.054813
0.054196
0.054222
0.057256
0.053466
0.053147
0.053561
0.055580
0.055533
0.056833
0.055255
0.053120
0.054084
0.053622
0.054494
0.055432
0.053719
0.053012
0.053386
0.063926
0.054641
0.054295
0.055853
0.054902
0.055939
0.055682
0.054531
0.055533
0.079297
0.054532
0.055202
0.054384
0.054987
0.055647
0.053508
0.053678
0.054967
0.054352
0.054873
0.055695
0.056757
0.054553
0.054522
0.054371
0.055308
0.054805
0.053657
0.053945
0.054228
0.053793
0.054371
0.054949
0.053922
0.053169
0.053774
0.054753
0.054250
0.055758
0.054074
0.053386
0.054098
0.053923
0.054768
0.055958
0.052983
0.053511
0.053847
0.054985
0.055303
0.055363
0.053882
0.064048
0.054222
0.076400
0.055392
0.056126
0.054653
0.055310
0.054278
0.055560
0.054814
0.055053
0.053646
0.053743
0.053969
0.054127
0.054866
0.055335
0.052810
0.053495
0.054021
0.053869
0.055139
0.055030
0.052798
0.053878
0.053546
0.053871
0.054493
0.055181
0.054191
0.054011
0.054190
0.054138
0.054622
0.055151
0.055802
0.053382
0.054113
0.053783
0.054174
0.055978
0.054321
0.053594
0.074789
0.054824
0.058728
0.055049
0.053192
0.053430
0.053395
0.053995
0.055135
0.054509
0.053654
0.053114
0.053504
0.054271
0.055119
0.054467
0.052996
0.053271
0.064079
0.053668
0.054470
0.054811
0.052837
0.053591
0.054921
0.054079
0.054417
0.058045
0.052992
0.053294
0.056210
0.054361
0.054739
0.054795
0.053874
0.053236
0.053684
0.053973
0.054344
0.054582
0.053537
0.053435
0.054013
0.053809
0.054036
0.055875
0.054189
0.053622
0.055442
0.054510
0.055371
0.054974
0.053671
0.053278
0.053971
0.053781
0.055023
0.054284
0.053380
0.053145
0.053369
0.055218
0.055814
0.055062
0.053915
0.054455
0.054331
0.054479
0.054549
0.054980
0.053433
0.053128
0.064121
0.054207
0.054063
0.054383
0.052839
0.053311
0.053722
0.057696
0.054800
0.054863
0.053031
0.053302
0.053880
0.053968
0.054385
0.054450
0.053762
0.053320
0.054075
0.053719
0.055318
0.055549
0.053069
0.053417
0.053547
0.054872
0.054975
0.054455
0.052974
0.053501
0.053187
0.054509
0.054482
0.054419
0.053315
0.053117
0.053972
0.055152
0.054518
0.055625
0.053782
0.054433
0.054766
0.054948
0.054859
0.055146
0.054338
0.058346
0.054212
0.053634
0.054772
0.054266
0.053507
0.054485
0.054297
0.054655
0.054751
0.055741
0.053932
0.054386
0.053966
0.054622
0.055004
0.054663
0.053828
0.053008
0.053886
0.053669
0.054110
0.064884
0.053017
0.053330
0.054378
0.054785
0.054739
0.055247
0.053961
0.053446
0.054073
0.054198
0.054441
0.055540
0.053154
0.053886
0.056424
0.054534
0.055472
0.055616
0.053018
0.054207
0.054247
0.054827
0.054085
0.055618
0.052752
0.053369
0.054268
0.054596
0.054984
0.054366
0.052899
0.053876
0.053304
0.053975
0.054248
0.055396
0.052935
0.056109
0.054652
0.055615
0.060036
0.055725
0.053804
0.053846
0.054004
0.053699
0.054029
0.054693
0.053409
0.053721
0.054503
0.054418
0.055050
0.054977
0.053948
0.053382
0.054080
0.054725
0.055142
0.055093
0.053477
0.053101
0.053242
0.053685
0.055575
0.055524
0.053852
0.053807
0.054133
0.055788
0.055308
0.054674
0.054151
0.054042
0.054454
0.054418
0.054881
0.054266
0.052837
0.053032
0.054778
0.054993
0.055215
0.056283
0.054818
0.055208
0.056911
0.054622
0.059293
0.055148
0.056690
0.053194
0.053996
0.053628
0.064682
0.054332
0.053148
0.053456
0.053450
0.054150
0.054682
0.054701
0.053286
0.053630
0.053391
0.065246
0.056820
0.059344
0.053626
0.053508
0.054271
0.054975
0.055450
0.056195
0.053564
0.056843
0.054873
0.054883
0.054475
0.055510
0.053598
0.053349
0.054148
0.053805
0.054929
0.054721
0.053875
0.053340
0.054383
0.054990
0.054122
0.055829
0.053839
0.054150
0.053321
0.053870
0.054032
0.054960
0.053766
0.053176
0.053973
0.053661
0.055216
0.054819
0.053917
0.054018
0.054329
0.055511
0.056066
0.056381
0.064241
0.053631
0.053832
0.053730
0.058265
0.056371
0.054204
0.053291
0.053527
0.054062
0.054215
0.054998
0.053016
0.053700
0.053615
0.054439
0.054104
0.057754
0.053071
0.053284
0.054249
0.053927
0.054966
0.054882
0.053607
0.053968
0.054076
0.054727
0.053740
0.055789
0.052960
0.053933
0.053281
0.054857
0.054709
0.055014
0.053984
0.053810
0.054163
0.053816
0.055545
0.055603
0.053737
0.054205
0.054467
0.056057
0.055150
0.056219
0.053700
0.054304
0.054092
0.054122
0.055123
0.055364
0.053803
0.053179
0.054431
0.054713
0.055351
0.055607
0.054682
0.054832
0.053860
0.055075
0.054960
0.055846
0.053854
0.053534
0.054335
0.055304
0.060023
0.056027
0.054733
0.055317
0.068872
0.054910
0.054761
0.055636
0.053691
0.053728
0.053748
0.054360
0.054759
0.055482
0.053488
0.053887
0.053540
0.053963
0.054424
0.055626
0.053658
0.054087
0.053909
0.057385
0.054521
0.055909
0.053105
0.053498
0.054385
0.054258
0.055131
0.055062
0.053824
0.053159
0.054422
0.055685
0.058590
0.055869
0.053681
0.053305
0.053558
0.054625
0.055175
0.055269
0.053697
0.054409
0.054368
0.054455
0.055530
0.054985
0.053174
0.053636
0.053785
0.054597
0.055734
0.055446
0.053450
0.053864
0.054403
0.064126
0.054801
0.054479
0.053396
0.053335
0.053680
0.054960
0.054470
0.054497
0.053124
0.054073
0.054599
0.056231
0.054882
0.054780
0.052961
0.053580
0.054298
0.055203
0.055161
0.054757
0.057036
0.071121
0.053627
0.054674
0.054852
0.055515
0.052786
0.053448
0.054250
0.054730
0.055175
0.056415
0.053512
0.054872
0.054541
0.054045
0.055516
0.054337
0.052965
0.054268
0.056536
0.054569
0.055324
0.055673
0.053593
0.053990
0.054244
0.054054
0.055225
0.055092
0.053671
0.053415
0.054161
0.053787
0.054172
0.054337
0.052862
0.053957
0.053288
0.053991
0.054646
0.055156
0.053018
0.053541
0.054015
0.064574
0.054969
0.055064
0.053484
0.053555
0.053608
0.054395
0.055903
0.056531
0.053887
0.054954
0.053706
0.053794
0.054762
0.055023
0.052933
0.053138
0.054102
0.053878
0.054788
0.054379
0.052673
0.053888
0.053624
0.053568
0.054700
0.055293
0.053801
0.054311
0.054612
0.054580
0.054095
0.054845
0.053944
0.053775
0.054506
0.053661
0.053928
0.055430
0.052927
0.053254
0.053945
0.055472
0.055008
0.055282
0.053928
0.054160
0.053985
0.054027
0.055294
0.055433
0.056991
0.053615
0.053410
0.054859
0.055276
0.055727
0.052892
0.053217
0.053922
0.054219
0.054476
0.055864
0.053685
0.053256
0.054308
0.053933
0.054832
0.054775
0.052654
0.054139
0.054739
0.055511
0.057296
0.066505
0.055069
0.053352
0.053697
0.054153
0.054250
0.054898
0.052952
0.053410
0.053385
0.053920
0.054131
0.055047
0.053182
0.053589
0.053639
0.054833
0.055042
0.055281
0.053843
0.054038
0.053624
0.054097
0.055652
0.055666
0.053971
0.053167
0.053321
0.054837
0.054613
0.055596
0.053487
0.054023
0.053917
0.054962
0.054951
0.055728
0.052985
0.053468
0.054262
0.054290
0.055231
0.054768
0.052654
0.054059
0.053811
0.054678
0.055012
0.055451
0.053560
0.054534
0.054120
0.054552
0.054230
0.058330
0.054036
0.053478
0.054549
0.053721
0.054292
0.055418
0.053396
0.064757
0.054734
0.054523
0.056107
0.056199
0.059876
0.054089
0.054565
0.054235
0.054869
0.054819
0.053124
0.053377
0.053597
0.054262
0.054529
0.055466
0.054003
0.054332
0.054218
0.054422
0.054571
0.055186
0.052718
0.053139
0.053993
0.053696
0.055246
0.054269
0.052708
0.054176
0.053934
0.054425
0.055743
0.055433
0.053524
0.054461
0.054267
0.054589
0.054318
0.054482
0.053755
0.054928
0.054503
0.054449
0.053961
0.055544
0.053612
0.053718
0.054852
0.054797
0.055014
0.055635
0.053871
0.054043
0.055430
0.054501
0.055173
0.056074
0.054023
0.053981
0.054157
0.054843
0.064473
0.055027
0.053203
0.053409
0.053567
0.053760
0.057523
0.055332
0.052993
0.053300
0.054840
0.080390
0.056894
0.056179
0.054395
0.054140
0.053450
0.054398
0.054433
0.055171
0.053812
0.053867
0.053829
0.054212
0.055010
0.055746
0.053530
0.053918
0.053676
0.054402
0.054806
0.055539
0.052848
0.053368
0.053347
0.054397
0.054860
0.055546
0.053652
0.053402
0.054381
0.054420
0.055145
0.055995
0.053330
0.053799
0.054019
0.054744
0.054466
0.058641
0.053347
0.053329
0.054021
0.054847
0.054990
0.055050
0.053904
0.054076
0.054354
0.055294
0.073476
0.055169
0.053352
0.053508
0.053325
0.054100
0.054613
0.055016
0.053003
0.053237
0.053670
0.054338
0.054339
0.079971
0.055252
0.054244
0.053475
0.054582
0.055119
0.055632
0.052999
0.054228
0.056949
0.053856
0.054939
0.055568
0.053199
0.053568
0.054198
0.054520
0.055295
0.055254
0.052968
0.054024
0.054237
0.054426
0.053837
0.056094
0.052799
0.053167
0.054150
0.055051
0.054901
0.055089
0.054230
0.054099
0.054231
0.055260
0.055552
0.055817
0.053687
0.055400
0.061583
0.054408
0.054812
0.055217
0.053059
0.053322
0.053555
0.054149
0.053848
0.054707
0.052860
0.054036
0.053811
0.053745
0.053965
0.055880
0.054004
0.054185
0.053859
0.054203
0.054487
0.056298
0.053699
0.054144
0.053693
0.054595
0.058760
0.056987
0.054711
0.054027
0.054000
0.054553
0.054523
0.054929
0.052902
0.053256
0.053937
0.054513
0.053946
0.055847
0.053005
0.053908
0.054322
0.055358
0.055511
0.055464
0.053545
0.057237
0.054379
0.054140
0.054673
0.054621
0.053509
0.054565
0.054076
0.055002
0.054404
0.055737
0.053562
0.053968
0.053731
0.054348
0.061539
0.054729
0.053039
0.053259
0.053470
0.053648
0.053767
0.054800
0.052989
0.053667
0.053388
0.053923
0.054131
0.055859
0.053634
0.053989
0.053248
0.054627
0.054859
0.055269
0.053219
0.053502
0.054048
0.054974
0.054660
0.055273
0.053202
0.053848
0.054224
0.057120
0.055038
0.056994
0.052726
0.053942
0.053885
0.054570
0.054177
0.054440
0.053515
0.053988
0.053478
0.053731
0.054349
0.055568
0.053575
0.054808
0.053603
0.054293
0.054270
0.055721
0.053928
0.054168
0.053694
0.054031
0.054775
0.056123
0.053418
0.053611
0.053774
0.054515
0.055245
0.059290
0.060746
0.053424
0.053509
0.053815
0.054357
0.054901
0.053032
0.053247
0.053382
0.053871
0.054604
0.055462
0.053160
0.053391
0.053579
0.055597
0.054590
0.055787
0.053233
0.054074
0.054309
0.054913
0.054294
0.055164
0.053683
0.055235
0.055225
0.055286
0.055309
0.055932
0.054869
0.055857
0.054796
0.057116
0.055008
0.056682
0.054551
0.054953
0.054467
0.054894
0.055765
0.056729
0.053907
0.054330
0.058630
0.053874
0.054694
0.056012
0.053553
0.053953
0.053812
0.054614
0.055327
0.055808
0.052844
0.053304
0.054162
0.054652
0.054237
0.055078
0.060572
0.053286
0.053476
0.054093
0.054539
0.054978
0.053235
0.053338
0.053718
0.054184
0.054444
0.055300
0.053039
0.053915
0.054299
0.054447
0.057294
0.055007
0.054077
0.055029
0.053853
0.056970
0.055453
0.056768
0.054945
0.055127
0.053309
0.053976
0.055363
0.055630
0.052969
0.053298
0.053371
0.053671
0.054884
0.055685
0.053115
0.053783
0.053385
0.054603
0.056330
0.055001
0.052899
0.053151
0.054031
0.054479
0.054008
0.054982
0.052805
0.053169
0.056049
0.054834
0.054581
0.054931
0.052705
0.053964
0.054474
0.053976
0.054161
0.055122
0.053502
0.054567
0.053924
0.062688
0.054214
0.054679
0.053225
0.054193
0.054130
0.054124
0.054300
0.054693
0.052845
0.053151
0.053429
0.053989
0.053981
0.054821
0.052913
0.053495
0.053346
0.053691
0.055120
0.056505
0.053205
0.053936
0.053622
0.054630
0.054849
0.054603
0.053105
0.053430
0.056529
0.055549
0.054640
0.055355
0.053326
0.053100
0.054094
0.054497
0.054519
0.055597
0.052785
0.054039
0.056921
0.053820
0.053910
0.054937
0.053619
0.053855
0.053354
0.054022
0.053882
0.054511
0.053473
0.054060
0.053809
0.054344
0.053838
0.055201
0.053916
0.053472
0.053591
0.053879
0.054496
0.056277
0.061554
0.054082
0.053879
0.053823
0.054284
0.055552
0.053263
0.053212
0.053620
0.053835
0.054280
0.054984
0.053015
0.053472
0.053509
0.055263
0.054509
0.055613
0.053348
0.053187
0.054189
0.055369
0.054089
0.055720
0.053053
0.054070
0.054402
0.054048
0.054178
0.055130
0.053532
0.053835
0.053438
0.054170
0.054296
0.054359
0.053779
0.054768
0.053576
0.054333
0.054597
0.055813
0.056576
0.060423
0.055952
0.055993
0.057785
0.059027
0.062603
0.055121
0.054348
0.054744
0.055279
0.056519
0.054097
0.054780
0.054036
0.055229
0.055755
0.063222
0.053620
0.054133
0.054708
0.053726
0.054030
0.055100
0.053023
0.053159
0.053280
0.054067
0.055096
0.055035
0.053107
0.053423
0.054111
0.054446
0.053981
0.054876
0.053559
0.054676
0.054186
0.054448
0.054424
0.054886
0.053817
0.054615
0.053698
0.054290
0.054247
0.055672
0.053864
0.053423
0.053657
0.053944
0.054582
0.056242
0.053552
0.053514
0.053783
0.053727
0.054698
0.056542
0.053111
0.053734
0.057443
0.058055
0.054496
0.054720
0.053167
0.054027
0.057171
0.055143
0.054012
0.054846
0.053014
0.053176
0.053850
0.054459
0.061802
0.054480
0.057441
0.053461
0.053480
0.053832
0.054164
0.054856
0.053137
0.053160
0.053521
0.054433
0.054231
0.054933
0.053045
0.054052
0.053532
0.054484
0.054011
0.055514
0.053833
0.053398
0.053923
0.054159
0.054768
0.056145
0.053502
0.053595
0.053776
0.053703
0.054660
0.056463
0.053092
0.053781
0.053651
0.054559
0.054611
0.054258
0.052806
0.053112
0.053930
0.055047
0.054642
0.055244
0.053302
0.054263
0.055259
0.056429
0.056022
0.055373
0.052982
0.054029
0.055827
0.054152
0.054576
0.055191
0.053571
0.053828
0.053428
0.053887
0.053882
0.054837
0.053439
0.053897
0.053682
0.054323
0.053609
0.055552
0.056004
0.054084
0.054782
0.053899
0.061682
0.054944
0.053427
0.053767
0.053856
0.053627
0.057489
0.055067
0.053521
0.053628
0.053471
0.074884
0.054090
0.054900
0.053216
0.053294
0.054013
0.054419
0.054114
0.055292
0.052844
0.053243
0.053883
0.054519
0.054433
0.055455
0.052926
0.053952
0.054314
0.054094
0.054337
0.054995
0.053525
0.054416
0.054050
0.054158
0.054487
0.054864
0.053747
0.054933
0.053661
0.054296
0.054161
0.055705
0.053874
0.053440
0.053614
0.053948
0.056277
0.056542
0.054035
0.053391
0.053395
0.053746
0.054439
0.055931
0.053253
0.053738
0.053219
0.054521
0.054572
0.054901
0.052819
0.053440
0.061216
0.054609
0.054843
0.055449
0.053368
0.053189
0.053687
0.054628
0.056346
0.054439
0.055510
0.053348
0.053685
0.054192
0.054732
0.055277
0.053731
0.054570
0.054171
0.057501
0.053756
0.054944
0.053565
0.053818
0.053535
0.054442
0.053934
0.055564
0.053611
0.053236
0.053328
0.053753
0.054451
0.055504
0.052914
0.053631
0.053850
0.053680
0.054942
0.056344
0.053246
0.053619
0.053434
0.054568
0.055123
0.055782
0.056783
0.053311
0.054002
0.055103
0.054504
0.055298
0.053948
0.053366
0.054155
0.054733
0.054565
0.055070
0.052733
0.054025
0.054239
0.053628
0.053971
0.054817
0.053501
0.053843
0.053348
0.054193
0.054434
0.054296
0.053775
0.054744
0.053581
0.054249
0.061756
0.054929
0.053312
0.053482
0.053536
0.053949
0.053971
0.055137
0.053659
0.053722
0.053333
0.053730
0.053846
0.055478
0.053725
0.054026
0.053451
0.054626
0.054784
0.055230
0.053172
0.056949
0.054379
0.055167
0.054633
0.055656
0.053361
0.053211
0.054360
0.054479
0.054203
0.055514
0.052710
0.053827
0.054105
0.053841
0.054467
0.054519
0.053595
0.054143
0.053467
0.053918
0.054251
0.054939
0.053847
0.054744
0.053511
0.055308
0.053960
0.055779
0.053485
0.053389
0.053634
0.053639
0.054525
0.055666
0.053498
0.053581
0.053298
0.053706
0.054462
0.055682
0.053126
0.054022
0.054224
0.055470
0.054890
0.056593
0.052829
0.053467
0.053902
0.054582
0.054068
0.062709
0.053504
0.053220
0.053622
0.054548
0.054147
0.054652
0.053089
0.053397
0.053578
0.054133
0.054138
0.055308
0.053126
0.053694
0.054157
0.054321
0.054244
0.054417
0.053769
0.054703
0.053643
0.054557
0.054053
0.055796
0.056969
0.053551
0.053640
0.053872
0.054866
0.055257
0.052972
0.053632
0.053287
0.053677
0.055374
0.055680
0.053151
0.054056
0.054618
0.054634
0.054625
0.055287
0.053807
0.054087
0.055053
0.055653
0.054217
0.054676
0.053002
0.053097
0.053879
0.054564
0.054319
0.055461
0.052686
0.054087
0.054253
0.053960
0.054099
0.054609
0.054650
0.060563
0.053949
0.056806
0.055099
0.066746
0.053711
0.054103
0.054322
0.054723
0.054981
0.055432
0.053441
0.053916
0.054124
0.054645
0.054493
0.054433
0.053384
0.053933
0.053358
0.053852
0.054489
0.055694
0.053154
0.053927
0.053406
0.054481
0.054483
0.054469
0.052690
0.053266
0.054118
0.055203
0.054878
0.055226
0.053297
0.053212
0.054210
0.055326
0.058327
0.055752
0.052958
0.054113
0.055300
0.053786
0.053776
0.054880
0.053487
0.053831
0.053473
0.053787
0.054995
0.054842
0.053524
0.054019
0.053699
0.054306
0.054121
0.055865
0.053937
0.053557
0.053595
0.054002
0.054522
0.056243
0.054217
0.058786
0.053887
0.053976
0.054819
0.056229
0.061337
0.053490
0.054090
0.053927
0.054149
0.054400
0.052822
0.053171
0.053400
0.053985
0.054021
0.055465
0.053017
0.053394
0.054099
0.056406
0.054811
0.055270
0.052791
0.053932
0.054390
0.054026
0.054501
0.055278
0.053659
0.054519
0.053896
0.054260
0.054327
0.054966
0.053764
0.054770
0.053692
0.054316
0.054044
0.056691
0.053589
0.053014
0.053255
0.053756
0.054395
0.055054
0.052958
0.053361
0.053376
0.056820
0.055090
0.055155
0.053076
0.053937
0.053274
0.054450
0.054575
0.054376
0.052771
0.053027
0.053906
0.054309
0.054124
0.054742
0.053356
0.053095
0.054191
0.055274
0.062160
0.054864
0.053241
0.053299
0.053552
0.053926
0.053994
0.054932
0.052798
0.053556
0.053823
0.054151
0.054001
0.054901
0.053214
0.054599
0.053719
0.054413
0.054254
0.055679
0.053879
0.053475
0.053614
0.053984
0.054510
0.056152
0.053374
0.054846
0.055417
0.056048
0.056036
0.057322
0.054486
0.055447
0.083495
0.057284
0.059725
0.058569
0.057088
0.056262
0.058743
0.058088
0.058172
0.058118
0.056253
0.056212
0.057095
0.057567
0.057172
0.058404
0.069816
0.060385
0.056521
0.055771
0.055466
0.056570
0.055631
0.055596
0.061211
0.056963
0.055757
0.056951
0.055418
0.064795
0.055558
0.055610
0.055455
0.055977
0.053953
0.054258
0.054328
0.054771
0.054868
0.055944
0.054052
0.054669
0.054597
0.054874
0.055400
0.056700
0.054046
0.054906
0.054195
0.055501
0.055984
0.056221
0.054276
0.054547
0.055100
0.056144
0.055417
0.056237
0.054316
0.054139
0.055233
0.056401
0.055049
0.059428
0.054026
0.054809
0.054899
0.054690
0.054810
0.055789
0.054422
0.054817
0.054307
0.055000
0.055166
0.055896
0.054377
0.054942
0.054534
0.055365
0.055017
0.056754
0.054965
0.054339
0.054565
0.054893
0.055488
0.057367
0.054475
0.054627
0.054589
0.054703
0.055772
0.064560
0.054385
0.054429
0.054557
0.054877
0.055086
0.056120
0.057206
0.054284
0.054530
0.054681
0.055774
0.056425
0.054115
0.054412
0.054866
0.055618
0.055209
0.056128
0.053607
0.054872
0.055052
0.055003
0.055418
0.056141
0.054811
0.055612
0.054950
0.055157
0.055251
0.055469
0.054768
0.055750
0.054732
0.055228
0.055369
0.056799
0.054715
0.054420
0.054175
0.054723
0.055887
0.055983
0.053905
0.054208
0.054371
0.054901
0.056158
0.056169
0.054054
0.054740
0.054182
0.055447
0.055906
0.055264
0.053994
0.054364
0.054985
0.056112
0.055668
0.056151
0.054218
0.054064
0.055238
0.056225
0.063021
0.055747
0.054195
0.054443
0.054583
0.054924
0.055379
0.056071
0.054046
0.054742
0.055635
0.055627
0.055445
0.056071
0.054236
0.055719
0.054738
0.055553
0.055026
0.059814
0.054664
0.054635
0.054335
0.055038
0.055518
0.056356
0.053778
0.054261
0.054433
0.054681
0.055414
0.055988
0.053975
0.054608
0.055428
0.055476
0.055492
0.055828
0.053722
0.054132
0.054923
0.055389
0.054837
0.055871
0.053798
0.054007
0.054825
0.055456
0.055471
0.056408
0.053950
0.055008
0.055523
0.055074
0.055385
0.055630
0.054457
0.055591
0.055135
0.055178
0.063194
0.055433
0.054212
0.055145
0.054799
0.054731
0.055662
0.055481
0.054181
0.054609
0.054692
0.055254
0.055448
0.056240
0.054684
0.054797
0.054696
0.054702
0.055630
0.057413
0.054098
0.054810
0.054163
0.055439
0.055457
0.055756
0.053716
0.054067
0.054962
0.056156
0.055493
0.056152
0.054276
0.054010
0.056103
0.058407
0.055688
0.056565
0.053750
0.054888
0.054896
0.054540
0.054909
0.055760
0.054528
0.054895
0.054334
0.054842
0.054903
0.055815
0.054341
0.054815
0.054678
0.055231
0.055108
0.063549
0.054322
0.054434
0.054603
0.054948
0.054815
0.056028
0.054637
0.054934
0.054845
0.054707
0.055322
0.056604
0.054295
0.054281
0.054118
0.055408
0.055813
0.056030
0.054037
0.054479
0.054998
0.056043
0.055364
0.056477
0.054224
0.054106
0.055111
0.056250
0.055409
0.056409
0.053813
0.054812
0.055243
0.054935
0.055314
0.055565
0.054395
0.055376
0.054968
0.055180
0.055775
0.055789
0.056540
0.076908
0.054646
0.055368
0.055336
0.056154
0.054608
0.054279
0.054456
0.054818
0.055899
0.063431
0.054163
0.054587
0.057531
0.054831
0.055067
0.055783
0.054140
0.054252
0.054315
0.054877
0.055255
0.055980
0.054028
0.054575
0.055192
0.055332
0.055064
0.056147
0.053887
0.054055
0.055183
0.056346
0.055710
0.056022
0.054036
0.054960
0.055353
0.054868
0.055199
0.055484
0.054360
0.055464
0.055059
0.055029
0.055340
0.055247
0.054633
0.055675
0.054500
0.055258
0.055192
0.056086
0.054755
0.054324
0.054603
0.054904
0.055652
0.057115
0.062356
0.054957
0.054691
0.054660
0.057096
0.055873
0.054240
0.054165
0.054153
0.054657
0.055079
0.055762
0.053834
0.054373
0.054540
0.055327
0.055297
0.056142
0.053754
0.053991
0.055178
0.056355
0.055075
0.056442
0.053893
0.054891
0.055249
0.055001
0.054951
0.055926
0.057047
0.055769
0.055085
0.055169
0.055247
0.056009
0.054483
0.054975
0.054553
0.055295
0.055115
0.056665
0.054982
0.054502
0.054777
0.055193
0.055898
0.056647
0.054546
0.054592
0.054593
0.054724
0.056156
0.056926
0.054167
0.054732
0.054005
0.062669
0.055037
0.055785
0.053795
0.054146
0.054390
0.054943
0.055169
0.056299
0.053900
0.054118
0.054587
0.056733
0.055409
0.056150
0.053984
0.054964
0.054987
0.054618
0.054775
0.055928
0.054626
0.054862
0.054325
0.054976
0.054818
0.055849
0.054721
0.055778
0.054538
0.055333
0.054972
0.056776
0.054836
0.054460
0.054530
0.054898
0.055455
0.057350
0.054528
0.054519
0.054544
0.054722
0.055789
0.057501
0.054071
0.054719
0.054383
0.055691
0.055829
0.059305
0.054250
0.054401
0.054887
0.063214
0.056500
0.056520
0.054540
0.054382
0.054294
0.054840
0.055151
0.055810
0.053780
0.054169
0.054416
0.054844
0.055067
0.056089
0.054548
0.055044
0.054340
0.054942
0.055252
0.055875
0.054687
0.055820
0.055839
0.055493
0.054830
0.056322
0.054578
0.054079
0.054157
0.054835
0.055560
0.056570
0.053844
0.054197
0.054198
0.054755
0.055798
0.057097
0.054070
0.054670
0.054535
0.055550
0.056228
0.056030
0.054055
0.054432
0.054878
0.056039
0.055831
0.055723
0.054257
0.054006
0.054998
0.056318
0.055451
0.055902
0.053919
0.054964
0.062528
0.055030
0.055403
0.056189
0.053997
0.054653
0.055218
0.055307
0.055471
0.055788
0.054014
0.054302
0.054732
0.054833
0.058923
0.056866
0.054562
0.054195
0.054171
0.054693
0.056026
0.056750
0.053887
0.054474
0.054289
0.054706
0.055893
0.056137
0.055424
0.054788
0.054113
0.055604
0.056013
0.055475
0.053726
0.053998
0.054922
0.055391
0.055205
0.055580
0.053773
0.054177
0.054859
0.055432
0.055526
0.055880
0.053987
0.055001
0.062914
0.055273
0.055883
0.056185
0.054087
0.054761
0.055122
0.055340
0.055575
0.055871
0.054116
0.055094
0.054946
0.054986
0.055465
0.056775
0.054590
0.054040
0.054240
0.054845
0.056066
0.056582
0.053869
0.054280
0.054287
0.054676
0.055867
0.056762
0.054121
0.054699
0.054443
0.055581
0.056175
0.056095
0.054060
0.054343
0.054919
0.056080
0.056247
0.056286
0.054279
0.054056
0.058036
0.056571
0.055261
0.056442
0.053966
0.055060
0.055088
0.054658
0.055140
0.055935
0.054559
0.054877
0.054332
0.054894
0.054928
0.055883
0.054529
0.054919
0.054648
0.055258
0.055290
0.056214
0.054915
0.054540
0.054507
0.054965
0.055487
0.056699
0.054510
0.054599
0.054813
0.062600
0.055562
0.056385
0.054625
0.054564
0.054497
0.054918
0.055107
0.056219
0.054302
0.055019
0.054417
0.055262
0.055676
0.056933
0.054263
0.054094
0.055168
0.056346
0.055382
0.056785
0.054079
0.054966
0.055250
0.054999
0.055071
0.056274
0.054773
0.055533
0.055031
0.055161
0.055197
0.055915
0.054728
0.055788
0.054572
0.055308
0.054985
0.056784
0.054860
0.054412
0.054493
0.055830
0.055860
0.056537
0.053888
0.057258
0.054461
0.054741
0.055934
0.056901
0.054097
0.054782
0.054343
0.055542
0.055612
0.055849
0.054169
0.054366
0.054813
0.062410
0.055257
0.055650
0.054181
0.054170
0.054555
0.055570
0.055551
0.055975
0.054101
0.054251
0.054118
0.055190
0.055247
0.056337
0.054712
0.055521
0.054904
0.055379
0.054875
0.055775
0.054694
0.055879
0.054583
0.055544
0.055293
0.056195
0.054878
0.054418
0.054673
0.054946
0.055365
0.057246
0.054463
0.054489
0.054704
0.054704
0.055352
0.057464
0.054047
0.054715
0.054396
0.055526
0.055751
0.056013
0.054119
0.055351
0.054907
0.056116
0.055844
0.056212
0.054314
0.054089
0.055175
0.055522
0.055329
0.056557
0.053644
0.054948
0.054808
0.055378
0.053795
0.057733
0.053981
0.061025
0.053426
0.054083
0.054017
0.054407
0.052877
0.053524
0.053845
0.053872
0.054575
0.054667
0.053040
0.053387
0.053528
0.054073
0.054675
0.056157
0.053758
0.053933
0.053738
0.053668
0.054710
0.056567
0.053160
0.053782
0.053447
0.054821
0.054803
0.055182
0.053166
0.053333
0.053839
0.054988
0.054625
0.055203
0.053226
0.053088
0.054147
0.055112
0.054415
0.054927
0.052930
0.054212
0.054237
0.054144
0.054755
0.055308
0.053621
0.055009
0.053429
0.054018
0.054165
0.054704
0.053463
0.054036
0.053808
0.054370
0.054031
0.055027
0.053626
0.053054
0.053480
0.053749
0.061954
0.055555
0.053813
0.054143
0.053623
0.053931
0.054461
0.055555
0.053508
0.053439
0.053655
0.053972
0.057486
0.055412
0.053510
0.054039
0.054210
0.054311
0.054452
0.055257
0.053022
0.053240
0.053894
0.054620
0.054731
0.054947
0.052657
0.054064
0.054374
0.053711
0.054059
0.054366
0.053519
0.054618
0.054073
0.054307
0.054557
0.054919
0.053812
0.054864
0.053585
0.054372
0.054357
0.055248
0.053848
0.053527
0.053689
0.054023
0.056024
0.055794
0.052939
0.053196
0.053252
0.053698
0.055098
0.055639
0.053181
0.053732
0.053097
0.054448
0.054747
0.054731
0.062820
0.053368
0.053537
0.054371
0.054764
0.055392
0.053172
0.053239
0.053628
0.054610
0.054714
0.054875
0.053235
0.053441
0.053720
0.054011
0.054033
0.055146
0.053734
0.054553
0.054029
0.054408
0.054199
0.054785
0.053778
0.054857
0.056758
0.054549
0.053747
0.055830
0.053553
0.053040
0.053488
0.053648
0.054753
0.055436
0.052929
0.053242
0.053410
0.053729
0.054401
0.055613
0.053097
0.053750
0.053338
0.054542
0.054844
0.055056
0.052814
0.053345
0.053868
0.055045
0.054865
0.055200
0.053491
0.053117
0.054180
0.055295
0.054116
0.055465
0.052629
0.053795
0.053959
0.053646
0.054095
0.054837
0.053417
0.060715
0.053507
0.054176
0.053871
0.054667
0.052771
0.053226
0.053768
0.053820
0.054116
0.054932
0.053120
0.053516
0.053823
0.054168
0.054662
0.056218
0.053541
0.053844
0.053690
0.053639
0.054691
0.056381
0.053154
0.053942
0.053485
0.054620
0.054727
0.055171
0.053104
0.053296
0.053851
0.055036
0.054811
0.055275
0.053135
0.056228
0.054435
0.055363
0.054152
0.055524
0.052715
0.053864
0.054095
0.053711
0.054548
0.054903
0.053761
0.053801
0.053376
0.053939
0.055625
0.054481
0.053528
0.053954
0.053661
0.054284
0.053963
0.055592
0.053557
0.053048
0.053225
0.061424
0.054052
0.054815
0.053042
0.053516
0.053588
0.053734
0.054337
0.055039
0.053581
0.053426
0.053758
0.053847
0.054129
0.055285
0.053177
0.053436
0.054034
0.055057
0.054509
0.055389
0.053199
0.053001
0.054252
0.055155
0.054031
0.055369
0.052979
0.054057
0.054370
0.053928
0.054632
0.054994
0.053466
0.054434
0.053984
0.054099
0.054139
0.054854
0.053698
0.054756
0.053484
0.054523
0.054071
0.057454
0.053896
0.053394
0.053760
0.053944
0.054398
0.056082
0.056448
0.053734
0.053312
0.053760
0.055177
0.055707
0.053136
0.054284
0.054678
0.054512
0.054511
0.054825
0.060419
0.053497
0.053678
0.053843
0.054060
0.055173
0.052859
0.053174
0.053141
0.053856
0.054304
0.054909
0.052903
0.053310
0.053518
0.053652
0.054615
0.055197
0.053708
0.054457
0.054086
0.054450
0.054230
0.054849
0.053764
0.054828
0.053597
0.054316
0.054420
0.055872
0.053930
0.053353
0.053447
0.053733
0.054367
0.055729
0.053663
0.053527
0.053632
0.053701
0.055088
0.056463
0.053083
0.053759
0.053578
0.054601
0.055358
0.055177
0.053108
0.053238
0.053937
0.055109
0.054832
0.055225
0.053302
0.054523
0.062166
0.055363
0.055741
0.056216
0.053933
0.054681
0.054489
0.055104
0.059588
0.056612
0.055282
0.054925
0.055643
0.056320
0.058912
0.058326
0.056021
0.056061
0.055907
0.056569
0.057122
0.057056
0.055544
0.055073
0.055420
0.055865
0.057317
0.058269
0.054942
0.055868
0.055941
0.056044
0.057128
0.072729
0.057473
0.056006
0.055248
0.056670
0.063409
0.058347
0.053623
0.054239
0.056656
0.056551
0.055249
0.057207
0.055378
0.054011
0.055059
0.055268
0.055498
0.055847
0.053501
0.054335
0.062133
0.055496
0.054618
0.054978
0.053155
0.053320
0.053561
0.054091
0.056491
0.055609
0.053893
0.054979
0.053803
0.054243
0.054598
0.055683
0.053650
0.053154
0.053336
0.053768
0.054820
0.055609
0.052840
0.053618
0.053709
0.053684
0.054954
0.056608
0.053149
0.053708
0.053500
0.060342
0.055022
0.054990
0.052811
0.053369
0.054108
0.054457
0.054396
0.055090
0.052944
0.053269
0.053877
0.054517
0.054499
0.054949
0.052834
0.053948
0.054238
0.053919
0.054085
0.054947
0.053491
0.054574
0.053985
0.054206
0.054239
0.054831
0.060835
0.054472
0.053823
0.053808
0.054409
0.054828
0.052836
0.052994
0.053266
0.054075
0.054019
0.055312
0.053644
0.055497
0.053607
0.053815
0.054872
0.055660
0.053112
0.053979
0.053243
0.054614
0.054436
0.054840
0.052772
0.053237
0.054006
0.054313
0.053801
0.055182
0.053202
0.053010
0.054105
0.055931
0.054485
0.055427
0.053054
0.054015
0.054337
0.054131
0.054200
0.055092
0.053520
0.054548
0.053918
0.054103
0.054186
0.054884
0.053780
0.054704
0.053460
0.057309
0.054360
0.055146
0.053926
0.060677
0.053458
0.053854
0.053952
0.054740
0.053011
0.053569
0.053561
0.053833
0.053854
0.055060
0.053313
0.053395
0.053559
0.054181
0.054905
0.055181
0.053168
0.053526
0.054060
0.055054
0.054997
0.058595
0.053897
0.054500
0.053910
0.054571
0.054067
0.055364
0.052576
0.053942
0.053910
0.053553
0.054064
0.054727
0.053431
0.053959
0.053934
0.054110
0.054198
0.054730
0.053741
0.054891
0.053665
0.054153
0.054277
0.055177
0.053833
0.053468
0.053627
0.053918
0.054685
0.055627
0.061205
0.053590
0.053607
0.053781
0.054354
0.055673
0.053720
0.053533
0.053590
0.053847
0.054120
0.055210
0.053285
0.053660
0.053556
0.054904
0.054615
0.055367
0.052923
0.053079
0.056797
0.054528
0.054485
0.055101
0.052869
0.054062
0.053992
0.053709
0.054490
0.054475
0.053534
0.054119
0.053514
0.053797
0.053835
0.054375
0.053456
0.055900
0.054318
0.058442
0.053918
0.055580
0.053622
0.053028
0.053739
0.072881
0.056408
0.057372
0.053110
0.053245
0.053411
0.053690
0.054321
0.056087
0.053212
0.053699
0.053364
0.054560
0.054804
0.054869
0.053067
0.053317
0.053900
0.061754
0.054911
0.055202
0.053217
0.053163
0.053546
0.053685
0.054343
0.054257
0.052685
0.053030
0.053173
0.053667
0.053903
0.055011
0.053487
0.053871
0.053654
0.054041
0.054152
0.054736
0.053697
0.054809
0.053602
0.054475
0.054405
0.055682
0.053840
0.053307
0.053526
0.053806
0.054337
0.056035
0.053502
0.056129
0.053560
0.053777
0.054715
0.055591
0.053150
0.055114
0.056303
0.056174
0.054659
0.054868
0.052804
0.053408
0.054196
0.054457
0.054040
0.054917
0.052807
0.053094
0.053983
0.054485
0.054570
0.055389
0.052948
0.053884
0.054467
0.053947
0.054212
0.055041
0.053469
0.054548
0.054032
0.061726
0.054318
0.054664
0.053297
0.054117
0.053712
0.053802
0.053836
0.054748
0.052812
0.053470
0.054032
0.054671
0.054217
0.055426
0.053529
0.053643
0.053934
0.053653
0.054753
0.056468
0.053189
0.053932
0.053661
0.054582
0.054995
0.054457
0.053141
0.053318
0.054146
0.055127
0.054620
0.054939
0.053253
0.053099
0.054299
0.055077
0.054418
0.054955
0.052993
0.055412
0.054918
0.053779
0.054500
0.055347
0.053870
0.057351
0.053906
0.054151
0.054290
0.054535
0.053728
0.054400
0.054030
0.054739
0.061863
0.054920
0.053110
0.053606
0.053349
0.053941
0.054171
0.054662
0.052962
0.053756
0.053427
0.053788
0.053825
0.054725
0.053612
0.054019
0.053225
0.054815
0.055034
0.055203
0.053278
0.053544
0.054130
0.055280
0.054429
0.055045
0.053461
0.053081
0.054283
0.055466
0.054110
0.054932
0.053087
0.054113
0.054252
0.053958
0.054486
0.054738
0.053629
0.054515
0.053939
0.054261
0.054368
0.054523
0.053905
0.055376
0.055226
0.055785
0.054319
0.054959
0.053579
0.053043
0.053241
0.053796
0.054394
0.062485
0.053238
0.053699
0.053394
0.053950
0.053710
0.055652
0.053821
0.053235
0.053541
0.053852
0.054591
0.054782
0.056352
0.053670
0.054273
0.054478
0.054032
0.054813
0.053014
0.053287
0.053959
0.054446
0.054530
0.055720
0.052803
0.054000
0.053995
0.053916
0.054486
0.055298
0.053532
0.054675
0.053968
0.054141
0.054250
0.054839
0.053733
0.054725
0.053566
0.054328
0.054144
0.055213
0.053875
0.053439
0.053598
0.054048
0.054536
0.056314
0.053555
0.053576
0.053761
0.053735
0.054709
0.055934
0.053130
0.054940
0.054320
0.055815
0.054528
0.062331
0.052991
0.053329
0.053512
0.053845
0.053997
0.054834
0.052979
0.053151
0.053259
0.053820
0.054281
0.054425
0.052978
0.053461
0.054229
0.053952
0.054187
0.055154
0.053650
0.054626
0.054056
0.054405
0.054314
0.054769
0.053767
0.054868
0.053531
0.054254
0.054115
0.059121
0.053545
0.053115
0.053272
0.053785
0.054409
0.054938
0.052968
0.053305
0.053317
0.053680
0.054508
0.055811
0.053087
0.053875
0.053375
0.054484
0.054726
0.054501
0.052976
0.053457
0.053966
0.054885
0.054291
0.054683
0.053101
0.052992
0.054211
0.055186
0.054310
0.062452
0.053345
0.053489
0.053472
0.054014
0.055251
0.056827
0.052995
0.052997
0.053447
0.054309
0.054154
0.055058
0.052904
0.053595
0.053671
0.054594
0.054121
0.055670
0.053528
0.053406
0.053515
0.054182
0.055110
0.055709
0.053452
0.053643
0.053865
0.053707
0.054754
0.055960
0.053143
0.053772
0.053481
0.054707
0.054774
0.054543
0.053142
0.053246
0.053970
0.055202
0.054548
0.054796
0.053200
0.053135
0.054161
0.055291
0.054467
0.058602
0.053153
0.054121
0.054303
0.053704
0.054142
0.054796
0.053481
0.053840
0.053372
0.053931
0.054149
0.054423
0.053590
0.054024
0.053550
0.054336
0.054059
0.055022
0.060641
0.054946
0.053535
0.053859
0.054623
0.054172
0.052926
0.053578
0.053403
0.053718
0.054009
0.054370
0.053257
0.053264
0.053454
0.054568
0.054507
0.054992
0.053064
0.053478
0.054238
0.055014
0.054301
0.054944
0.053283
0.053005
0.054145
0.055309
0.054090
0.055318
0.052888
0.053866
0.054149
0.053944
0.053938
0.054962
0.053355
0.054452
0.053844
0.054038
0.055710
0.055114
0.053903
0.054934
0.054071
0.054599
0.054471
0.055934
0.053616
0.053426
0.053432
0.053849
0.054869
0.055621
0.052884
0.053154
0.060961
0.053868
0.057051
0.054963
0.053292
0.053278
0.053209
0.053833
0.053708
0.054287
0.052848
0.053326
0.053535
0.069427
0.080107
0.055869
0.053243
0.053280
0.054079
0.054856
0.054849
0.055934
0.052939
0.054234
0.054415
0.053926
0.054864
0.054648
0.053935
0.053916
0.053257
0.053774
0.053822
0.054674
0.053416
0.053971
0.053687
0.054287
0.054201
0.055042
0.053961
0.053889
0.053579
0.053914
0.054908
0.055782
0.053708
0.053616
0.053695
0.053900
0.055514
0.056415
0.060983
0.053354
0.053679
0.053908
0.053944
0.054165
0.052857
0.053193
0.053304
0.054268
0.055055
0.055761
0.053373
0.053409
0.053657
0.055413
0.054801
0.055645
0.053039
0.054285
0.054592
0.055675
0.054990
0.054963
0.053784
0.053909
0.053394
0.057527
0.066639
0.059302
0.056120
0.055530
0.053909
0.057044
0.055521
0.064050
0.062156
0.056717
0.053542
0.054082
0.054203
0.054837
0.052985
0.068304
0.053887
0.053772
0.054272
0.054820
0.053636
0.053671
0.056032
0.054496
0.054538
0.054936
0.052959
0.053340
0.054007
0.054571
0.054388
0.054816
0.052979
0.053131
0.054011
0.054553
0.054135
0.055474
0.052977
0.054048
0.054091
0.054039
0.054268
0.055183
0.053468
0.054650
0.054049
0.054177
0.054248
0.054911
0.053797
0.054581
0.053557
0.054276
0.054309
0.055786
0.053913
0.053359
0.053579
0.054026
0.054459
0.056136
0.053437
0.053580
0.053806
0.053712
0.056864
0.063314
0.055123
0.055708
0.053381
0.053940
0.053766
0.054668
0.052856
0.053302
0.053343
0.056729
0.054562
0.055459
0.053146
0.053551
0.054021
0.054526
0.054267
0.055742
0.052767
0.053979
0.053832
0.053638
0.053831
0.054899
0.053697
0.053745
0.053911
0.054155
0.054084
0.054805
0.053729
0.054793
0.053484
0.054239
0.053939
0.055701
0.053805
0.053420
0.053459
0.053858
0.054736
0.056116
0.053486
0.053653
0.053700
0.053665
0.054730
0.056315
0.053129
0.053655
0.053298
0.054491
0.055287
0.054990
0.053056
0.053350
0.053816
0.054987
0.061607
0.055138
0.053118
0.054847
0.053608
0.053923
0.054357
0.054789
0.052878
0.053350
0.053303
0.053743
0.054666
0.055200
0.053080
0.053770
0.053507
0.054142
0.053834
0.054908
0.053364
0.054669
0.053637
0.054513
0.054405
0.056233
0.054067
0.053540
0.056724
0.054302
0.054948
0.056465
0.053817
0.053805
0.053936
0.053890
0.055544
0.055204
0.053193
0.053775
0.053314
0.054538
0.054519
0.054301
0.052694
0.053312
0.053957
0.054505
0.054195
0.054649
0.052804
0.053198
0.053822
0.055384
0.054462
0.055336
0.052943
0.054094
0.054230
0.053991
0.054568
0.055031
0.060674
0.053957
0.054287
0.054700
0.054297
0.056040
0.053978
0.054910
0.053739
0.053854
0.053913
0.054855
0.052914
0.053369
0.053640
0.053870
0.054375
0.055039
0.052838
0.053496
0.053683
0.053714
0.055043
0.056528
0.053132
0.053798
0.053634
0.054712
0.054774
0.054788
0.053236
0.053324
0.053907
0.055175
0.054793
0.054712
0.053208
0.053086
0.054236
0.055334
0.054445
0.055414
0.052972
0.057402
0.054721
0.054174
0.054498
0.055246
0.053718
0.056570
0.054105
0.054202
0.054249
0.054881
0.053713
0.053926
0.053528
0.054308
0.053907
0.062568
0.053001
0.053103
0.053383
0.053682
0.053979
0.054815
0.052963
0.053551
0.053604
0.053920
0.055412
0.055108
0.055492
0.053384
0.053410
0.054525
0.055431
0.059076
0.052874
0.053217
0.054080
0.054604
0.053872
0.055391
0.052884
0.053246
0.054130
0.055384
0.054684
0.054911
0.053059
0.054059
0.054199
0.053970
0.054606
0.054588
0.053444
0.054717
0.054022
0.054201
0.054548
0.054332
0.053744
0.054779
0.053639
0.054399
0.054283
0.062763
0.053393
0.053464
0.053650
0.054252
0.054359
0.054716
0.053630
0.053940
0.053823
0.054005
0.054232
0.054482
0.053441
0.057000
0.053408
0.054556
0.054604
0.054563
0.052810
0.053167
0.054092
0.054278
0.053926
0.055104
0.052873
0.053174
0.053987
0.054480
0.055551
0.055951
0.054511
0.053920
0.053922
0.053832
0.053777
0.054836
0.053521
0.053815
0.053329
0.054043
0.053826
0.054874
0.053460
0.053946
0.053562
0.054268
0.054240
0.055706
0.053803
0.053446
0.053505
0.053957
0.054420
0.056240
0.061310
0.053852
0.053730
0.053790
0.054035
0.055529
0.053163
0.053209
0.053603
0.053862
0.054032
0.055045
0.053304
0.053692
0.053476
0.055013
0.054752
0.055334
0.053266
0.053045
0.054178
0.055268
0.054065
0.055586
0.052676
0.054090
0.054194
0.054111
0.054625
0.055032
0.053453
0.054480
0.054023
0.054179
0.054154
0.054859
0.057354
0.053910
0.053573
0.054285
0.055888
0.055668
0.055561
0.053209
0.053124
0.053901
0.054899
0.055609
0.052921
0.053278
0.053413
0.053653
0.054451
0.055551
0.053087
0.053691
0.053228
0.054510
0.061627
0.055109
0.053276
0.053988
0.053445
0.054224
0.054894
0.055513
0.053243
0.053167
0.053520
0.054487
0.054681
0.055304
0.053003
0.054035
0.054227
0.053664
0.054303
0.054948
0.053458
0.054474
0.053965
0.054437
0.056511
0.054865
0.053784
0.054583
0.053486
0.054339
0.053972
0.055697
0.053885
0.053310
0.053614
0.053849
0.054870
0.055688
0.053495
0.053667
0.053617
0.053584
0.054971
0.055777
0.053057
0.053689
0.075248
0.054632
0.062346
0.054808
0.053078
0.053405
0.053479
0.053680
0.054266
0.057693
0.052975
0.053233
0.053280
0.054096
0.054897
0.055088
0.053098
0.054176
0.053946
0.053636
0.054369
0.054595
0.053577
0.053783
0.053548
0.054002
0.054370
0.054750
0.053654
0.054835
0.053594
0.054220
0.053947
0.055198
0.053863
0.053371
0.053508
0.053864
0.055116
0.056202
0.053509
0.053524
0.053629
0.053491
0.054965
0.055990
0.053122
0.053623
0.053450
0.054547
0.055234
0.055037
0.053115
0.053390
0.061136
0.054376
0.055391
0.055023
0.053009
0.053093
0.053195
0.054655
0.054964
0.055060
0.053401
0.053277
0.053588
0.054075
0.055726
0.054532
0.053556
0.053779
0.053469
0.053981
0.053920
0.054919
0.053393
0.054029
0.053523
0.054369
0.053910
0.055622
0.053555
0.053414
0.053659
0.053864
0.054417
0.059052
0.053949
0.053653
0.053732
0.053697
0.055100
0.056152
0.053140
0.053789
0.053659
0.054542
0.054459
0.054698
0.052777
0.053129
0.053788
0.054272
0.054210
0.054402
0.052721
0.053033
0.053876
0.055216
0.054249
0.055350
0.052956
0.053962
0.054222
0.061481
0.054390
0.055159
0.053129
0.053765
0.054093
0.054364
0.054192
0.054706
0.053087
0.053249
0.053800
0.054098
0.054321
0.055002
0.053822
0.053386
0.053640
0.054132
0.056078
0.059581
0.052852
0.053456
0.053247
0.053675
0.054740
0.055611
0.053029
0.053701
0.053157
0.054489
0.054468
0.054636
0.052802
0.053292
0.053917
0.055058
0.054743
0.055282
0.053302
0.053070
0.054141
0.055278
0.054411
0.054841
0.052986
0.053990
0.054220
0.053929
0.057263
0.054772
0.053512
0.053764
0.061249
0.054144
0.053898
0.054669
0.052832
0.053328
0.053676
0.053769
0.053912
0.054942
0.052889
0.053327
0.053450
0.054089
0.054605
0.056279
0.053698
0.053852
0.053700
0.053708
0.055103
0.055957
0.053223
0.053858
0.053615
0.054700
0.055292
0.054673
0.053225
0.054680
0.054102
0.054411
0.054391
0.055061
0.052838
0.053156
0.053845
0.054570
0.054432
0.055567
0.052770
0.054050
0.054105
0.053694
0.053750
0.054834
0.053390
0.054560
0.061822
0.054436
0.054294
0.054834
0.053166
0.054209
0.053828
0.053801
0.054666
0.054961
0.053107
0.053566
0.053737
0.054209
0.054630
0.056099
0.053447
0.053921
0.053705
0.053681
0.054588
0.056102
0.053140
0.053913
0.053601
0.057420
0.054646
0.055124
0.053188
0.053397
0.053954
0.054356
0.054596
0.055055
0.052904
0.053085
0.053944
0.054562
0.054144
0.055484
0.052754
0.053929
0.054221
0.053620
0.055841
0.054890
0.053459
0.053715
0.053284
0.061518
0.054183
0.054783
0.052843
0.053337
0.053495
0.053749
0.054229
0.055094
0.052901
0.053125
0.053452
0.054025
0.054391
0.079134
0.053377
0.053573
0.053257
0.053902
0.054795
0.055510
0.053203
0.053997
0.053646
0.054510
0.054682
0.054877
0.052855
0.053197
0.053922
0.054410
0.054862
0.055322
0.053286
0.053017
0.054202
0.055285
0.054753
0.055250
0.052983
0.054058
0.054020
0.054096
0.054262
0.055062
0.053504
0.054542
0.054020
0.061455
0.054089
0.054884
0.052890
0.053299
0.053678
0.056864
0.054264
0.054806
0.052847
0.054402
0.053387
0.054163
0.053993
0.054783
0.052882
0.053179
0.053452
0.053661
0.054471
0.055555
0.052934
0.053755
0.053131
0.054541
0.054517
0.054986
0.053130
0.053451
0.053887
0.055085
0.054342
0.055104
0.053223
0.053014
0.054234
0.055189
0.054155
0.055294
0.052905
0.053904
0.054249
0.053875
0.054136
0.054903
0.053390
0.054445
0.054031
0.054006
0.054233
0.054718
0.053661
0.054553
0.053607
0.061478
0.053964
0.054806
0.053225
0.053056
0.053284
0.053729
0.053770
0.054752
0.054091
0.053883
0.053710
0.053806
0.054172
0.055548
0.053243
0.053762
0.053432
0.054567
0.054786
0.056917
0.053323
0.056244
0.054129
0.054718
0.053924
0.054815
0.052971
0.053156
0.056909
0.054519
0.054055
0.055556
0.052768
0.053937
0.054076
0.053685
0.053726
0.054477
0.053464
0.053732
0.053510
0.053916
0.054217
0.054891
0.053474
0.054763
0.053516
0.054256
0.054301
0.055646
0.053847
0.053442
0.053621
0.061550
0.054362
0.055466
0.053775
0.053827
0.053630
0.053609
0.054118
0.054288
0.053159
0.053238
0.053368
0.053970
0.054031
0.055364
0.053123
0.053474
0.053962
0.055057
0.054584
0.055450
0.053140
0.053033
0.054181
0.055112
0.054414
0.055336
0.052985
0.053891
0.054751
0.054579
0.055456
0.074895
0.055967
0.054960
0.055615
0.055338
0.054763
0.055555
0.054111
0.054289
0.054450
0.055055
0.054758
0.056107
0.054116
0.053446
0.053912
0.053843
0.054856
0.055915
0.060665
0.053655
0.057365
0.053701
0.053994
0.054404
0.053254
0.053210
0.053330
0.054015
0.053966
0.055111
0.053086
0.053491
0.053592
0.054313
0.054299
0.055291
0.052884
0.053035
0.053862
0.055311
0.054130
0.055456
0.052998
0.054081
0.054292
0.053921
0.054035
0.055003
0.053458
0.054526
0.053994
0.054022
0.054186
0.054260
0.053655
0.053831
0.053543
0.054225
0.054153
0.055483
0.053843
0.054574
0.053487
0.053768
0.054555
0.055520
0.052882
0.053332
0.053446
0.061474
0.053978
0.054894
0.053226
0.053264
0.053271
0.053697
0.053985
0.054846
0.053120
0.053474
0.053381
0.054235
0.055105
0.055730
0.053185
0.053200
0.054172
0.055324
0.054505
0.055627
0.053006
0.054062
0.054284
0.053964
0.054382
0.055236
0.053670
0.054501
0.056796
0.053834
0.054099
0.054392
0.053861
0.054960
0.053457
0.054394
0.054552
0.055774
0.053659
0.053295
0.053189
0.053725
0.054960
0.054987
0.053545
0.053769
0.053808
0.053697
0.054928
0.055743
0.053126
0.053751
0.053259
0.061507
0.055661
0.054774
0.052931
0.053288
0.053445
0.053710
0.054323
0.054678
0.052927
0.053233
0.053387
0.053919
0.055135
0.054792
0.052919
0.053997
0.054351
0.054142
0.054469
0.054784
0.053614
0.054606
0.054100
0.054293
0.054982
0.054946
0.053781
0.054864
0.053672
0.054337
0.054436
0.055816
0.053863
0.053402
0.053522
0.053931
0.054904
0.056299
0.053489
0.053645
0.053808
0.053685
0.055433
0.056580
0.053100
0.053735
0.053559
0.054644
0.055260
0.055176
0.053161
0.053303
0.064170
0.053946
0.054383
0.055077
0.052926
0.053088
0.053319
0.053829
0.054247
0.054505
0.052958
0.053332
0.053394
0.053865
0.055142
0.055463
0.055316
0.053895
0.053408
0.054017
0.054056
0.054429
0.053769
0.054173
0.053693
0.054334
0.053863
0.056049
0.054338
0.054393
0.053427
0.053797
0.054635
0.055558
0.053009
0.053376
0.053302
0.053694
0.054460
0.055720
0.053128
0.053638
0.053178
0.056781
0.054880
0.054779
0.052804
0.053077
0.054063
0.054410
0.053955
0.054946
0.084952
0.053714
0.053611
0.054063
0.054861
0.054952
0.052764
0.053520
0.053414
0.053832
0.053929
0.055249
0.053162
0.053711
0.054302
0.054052
0.054913
0.054930
0.053520
0.053943
0.053586
0.054354
0.053900
0.054965
0.053386
0.054329
0.057082
0.055646
0.055025
0.055113
0.053139
0.053311
0.054019
0.053678
0.055117
0.055216
0.053075
0.053730
0.053271
0.054605
0.055134
0.054438
0.052771
0.053249
0.053741
0.054717
0.054802
0.054750
0.053910
0.053191
0.054314
0.054944
0.062021
0.054662
0.053166
0.053495
0.053486
0.054118
0.054379
0.054906
0.052827
0.053271
0.053544
0.054033
0.054465
0.054525
0.052882
0.053866
0.053548
0.054335
0.053973
0.054996
0.053662
0.053254
0.053499
0.053875
0.054720
0.056099
0.053327
0.053456
0.054323
0.053725
0.055110
0.056108
0.052967
0.053717
0.053413
0.054321
0.054612
0.054918
0.053058
0.053216
0.053896
0.054833
0.055500
0.055966
0.054716
0.053147
0.053940
0.061626
0.054176
0.054929
0.052724
0.053382
0.056212
0.053929
0.054684
0.054974
0.052917
0.053345
0.053647
0.054134
0.053965
0.055173
0.053573
0.053958
0.053472
0.054326
0.053995
0.055837
0.053499
0.053127
0.054106
0.053694
0.054948
0.056046
0.053635
0.053579
0.054921
0.053698
0.055437
0.056287
0.053004
0.053699
0.053223
0.054431
0.055155
0.055186
0.053909
0.054239
0.054092
0.054923
0.054525
0.055255
0.053853
0.053077
0.054109
0.054961
0.054224
0.055458
0.052921
0.053889
0.053993
0.054157
0.054763
0.055337
0.053595
0.054286
0.053710
0.061327
0.054725
0.054730
0.052925
0.053416
0.053481
0.053786
0.053737
0.054820
0.052735
0.053338
0.053589
0.053923
0.054693
0.055059
0.053396
0.053613
0.054330
0.053670
0.055197
0.055616
0.053007
0.053769
0.056140
0.054566
0.055289
0.054785
0.054260
0.054406
0.053955
0.055222
0.054313
0.054451
0.053588
0.052962
0.053866
0.054486
0.054351
0.054904
0.052685
0.053888
0.054023
0.054006
0.055035
0.055135
0.053500
0.053738
0.053876
0.054274
0.055011
0.054687
0.053728
0.054490
0.053621
0.061301
0.054620
0.054664
0.053110
0.053416
0.053838
0.054103
0.054439
0.054876
0.053200
0.054693
0.053468
0.053901
0.054299
0.054683
0.053201
0.053790
0.053291
0.054574
0.054892
0.054316
0.053713
0.053904
0.053966
0.054450
0.053990
0.055312
0.053864
0.053047
0.054165
0.055100
0.053987
0.055547
0.052869
0.054039
0.055473
0.055600
0.057502
0.055761
0.054919
0.054770
0.053977
0.054249
0.055179
0.054488
0.053644
0.054182
0.056784
0.054783
0.054166
0.055751
0.053821
0.060844
0.053924
0.053952
0.053967
0.054719
0.053049
0.053468
0.053530
0.053687
0.053932
0.054834
0.053238
0.053086
0.053403
0.054077
0.053921
0.055028
0.053979
0.054182
0.054107
0.054766
0.054393
0.055080
0.053594
0.053173
0.053813
0.054544
0.054460
0.055054
0.052736
0.053928
0.053294
0.053854
0.054636
0.055622
0.053551
0.054254
0.053925
0.054138
0.055031
0.054771
0.053688
0.054298
0.053541
0.054331
0.054039
0.055632
0.052726
0.053398
0.054415
0.054937
0.054465
0.056194
0.053226
0.053523
0.054146
0.053673
0.054685
0.063125
0.053295
0.053362
0.053683
0.053867
0.053749
0.054995
0.053471
0.053721
0.053475
0.053868
0.054128
0.055221
0.053083
0.053344
0.057624
0.054762
0.054361
0.055067
0.052674
0.053967
0.053207
0.053656
0.054672
0.055607
0.053584
0.054772
0.054009
0.053882
0.054716
0.054390
0.053739
0.053822
0.053548
0.054512
0.054152
0.055581
0.052843
0.053420
0.054102
0.054425
0.054907
0.054807
0.052945
0.053060
0.054182
0.053585
0.054904
0.055409
0.052917
0.053978
0.053691
0.054696
0.053569
0.055252
0.053950
0.054391
0.068124
0.057464
0.054924
0.055634
0.053042
0.053383
0.053484
0.053640
0.054020
0.054775
0.054112
0.053528
0.053905
0.053917
0.054485
0.055335
0.053764
0.053038
0.053646
0.053941
0.054663
0.054903
0.053422
0.053954
0.053854
0.054473
0.053800
0.055511
0.052697
0.052939
0.054366
0.054629
0.054782
0.055102
0.053080
0.053232
0.057216
0.053824
0.055536
0.055876
0.053136
0.054283
0.054891
0.054952
0.054320
0.055301
0.054195
0.054240
0.054558
0.054378
0.054489
0.054943
0.054017
0.053827
0.054633
0.054706
0.054569
0.055775
0.052798
0.053858
0.053397
0.053766
0.054701
0.055725
0.053550
0.053043
0.064477
0.054008
0.054422
0.054747
0.053122
0.053394
0.053501
0.053733
0.054600
0.054463
0.052921
0.053553
0.053889
0.054599
0.054479
0.055516
0.053612
0.053628
0.054576
0.053686
0.054790
0.056041
0.053019
0.053728
0.053199
0.054428
0.054290
0.054935
0.053657
0.053858
0.054046
0.053713
0.056061
0.054739
0.053589
0.053063
0.053904
0.054607
0.054330
0.055587
0.052659
0.053980
0.054938
0.053623
0.057571
0.059368
0.053540
0.054082
0.058910
0.053944
0.058888
0.058608
0.055371
0.053961
0.053564
0.054608
0.053691
0.055605
0.052833
0.052959
0.054141
0.056063
0.056068
0.063323
0.054437
0.065270
0.055877
0.056123
0.053927
0.054796
0.053264
0.053154
0.053412
0.053749
0.054313
0.054998
0.053051
0.053356
0.053958
0.053678
0.053982
0.054950
0.053753
0.053119
0.054071
0.054801
0.053855
0.055513
0.053023
0.053795
0.053307
0.053742
0.054722
0.055758
0.053451
0.053505
0.053827
0.054074
0.056116
0.054784
0.053430
0.053858
0.053513
0.054205
0.053671
0.055541
0.052662
0.053026
0.054118
0.054378
0.054656
0.054719
0.052995
0.053249
0.054181
0.053605
0.054705
0.056075
0.052946
0.053679
0.053391
0.061413
0.053999
0.054447
0.053296
0.053628
0.056671
0.054224
0.054543
0.055311
0.053167
0.053296
0.053232
0.053941
0.054460
0.054590
0.052802
0.053872
0.053332
0.053618
0.054583
0.055011
0.053455
0.052947
0.053504
0.053763
0.054716
0.054889
0.053696
0.054385
0.053570
0.054365
0.054006
0.054988
0.052664
0.053146
0.054266
0.054748
0.054982
0.055101
0.053674
0.055207
0.055111
0.055060
0.054516
0.055655
0.052966
0.053989
0.053258
0.054614
0.054294
0.054851
0.053692
0.061001
0.053690
0.053873
0.054438
0.054852
0.053094
0.053085
0.053516
0.054492
0.054595
0.054290
0.053229
0.053292
0.053583
0.054306
0.055734
0.055476
0.053503
0.053471
0.053946
0.054100
0.054718
0.054357
0.053509
0.053926
0.053571
0.054502
0.053669
0.055738
0.052698
0.053033
0.057000
0.054490
0.054833
0.054709
0.053116
0.053218
0.054063
0.053639
0.055137
0.055657
0.053019
0.053954
0.053360
0.054363
0.054214
0.054915
0.053547
0.054118
0.053885
0.054066
0.054051
0.054951
0.053586
0.053053
0.053878
0.054570
0.054389
0.062455
0.052946
0.053440
0.053281
0.053594
0.054344
0.054757
0.052742
0.053436
0.054231
0.054372
0.054455
0.054378
0.053200
0.053840
0.053539
0.054219
0.053864
0.055571
0.052682
0.053347
0.054473
0.054766
0.054792
0.054721
0.052888
0.053149
0.053943
0.053574
0.055067
0.055510
0.052919
0.053730
0.053444
0.054307
0.054243
0.054856
0.053724
0.054218
0.054016
0.053926
0.054688
0.054674
0.053765
0.052978
0.054202
0.054858
0.053855
0.055507
0.052841
0.053807
0.056276
0.054251
0.055031
0.056138
0.060740
0.053763
0.056594
0.058054
0.054170
0.054678
0.052867
0.053320
0.053457
0.053671
0.053879
0.054983
0.052866
0.053261
0.053655
0.054652
0.054475
0.054765
0.052893
0.053497
0.054007
0.053570
0.054496
0.055104
0.052945
0.053752
0.053388
0.054284
0.053909
0.054340
0.053830
0.054014
0.053975
0.053922
0.054228
0.055004
0.053833
0.052898
0.054107
0.054833
0.053891
0.055422
0.052655
0.053722
0.053086
0.053898
0.055015
0.055722
0.053411
0.053446
0.053678
0.053994
0.055100
0.054712
0.053618
0.054171
0.053463
0.061172
0.054486
0.055161
0.052943
0.053337
0.053353
0.053740
0.053876
0.054669
0.053680
0.055248
0.053509
0.054103
0.054287
0.055373
0.056723
0.054164
0.056198
0.054696
0.054367
0.054939
0.053712
0.053889
0.054049
0.053614
0.054335
0.055086
0.053663
0.053113
0.053997
0.054520
0.054329
0.055020
0.052783
0.053970
0.053175
0.053881
0.055172
0.055908
0.053565
0.053489
0.053857
0.054204
0.055324
0.054911
0.053773
0.054214
0.053328
0.054244
0.054193
0.062341
0.052864
0.053001
0.053368
0.054030
0.053956
0.055245
0.053606
0.053577
0.053548
0.053863
0.054397
0.055372
0.053356
0.053281
0.053430
0.054790
0.054302
0.055038
0.053843
0.053815
0.054010
0.053446
0.054260
0.056211
0.054916
0.054451
0.053977
0.054483
0.054480
0.055610
0.052753
0.053961
0.053217
0.053865
0.054691
0.055611
0.053540
0.053097
0.053554
0.053898
0.055007
0.054679
0.053415
0.054534
0.056990
0.054608
0.053755
0.054969
0.052606
0.053096
0.054205
0.061213
0.053996
0.054790
0.053147
0.053304
0.053408
0.053801
0.054153
0.054424
0.053111
0.053068
0.053368
0.053782
0.054350
0.054583
0.053556
0.053916
0.053982
0.054111
0.054747
0.054953
0.054059
0.053077
0.054113
0.054925
0.054411
0.055021
0.053024
0.053887
0.053282
0.053915
0.055062
0.055412
0.053423
0.053531
0.053702
0.057246
0.056763
0.054880
0.053461
0.053940
0.053586
0.054356
0.054149
0.055640
0.060324
0.053289
0.053544
0.053932
0.054523
0.054679
0.053481
0.053575
0.053639
0.053775
0.054627
0.055041
0.053256
0.053243
0.053760
0.054451
0.054131
0.055072
0.054037
0.054303
0.054053
0.054030
0.054267
0.054965
0.053624
0.053117
0.056490
0.054785
0.054622
0.055630
0.052716
0.053941
0.053228
0.053595
0.054545
0.055618
0.053539
0.052904
0.054080
0.054767
0.085075
0.057829
0.055869
0.055740
0.055069
0.063284
0.055753
0.056624
0.080055
0.054829
0.055030
0.055552
0.058809
0.062369
0.053727
0.054620
0.054157
0.054701
0.054690
0.055391
0.053934
0.054423
0.053409
0.054780
0.054228
0.055067
0.053957
0.054435
0.054125
0.053632
0.054369
0.054467
0.053641
0.053106
0.053927
0.054385
0.055595
0.055536
0.053001
0.053930
0.053168
0.053997
0.054859
0.055963
0.053602
0.053464
0.053806
0.054132
0.054902
0.054758
0.053694
0.061464
0.053715
0.053682
0.053848
0.054933
0.052786
0.053023
0.053544
0.053671
0.053891
0.055335
0.053670
0.053392
0.053410
0.057728
0.054906
0.055674
0.053034
0.053839
0.053383
0.054450
0.053832
0.054688
0.053688
0.055302
0.067472
0.055414
0.053913
0.054929
0.053621
0.053052
0.053790
0.054731
0.053979
0.055483
0.052609
0.053912
0.053112
0.053507
0.054758
0.055510
0.053441
0.053333
0.055948
0.054472
0.054801
0.054725
0.053612
0.054363
0.053501
0.054203
0.054658
0.056531
0.053000
0.053595
0.054210
0.062142
0.054726
0.054827
0.053041
0.053344
0.053580
0.053631
0.054389
0.054653
0.053338
0.053476
0.053262
0.053691
0.054072
0.054971
0.053517
0.053715
0.053892
0.053576
0.054348
0.055184
0.053863
0.053017
0.054096
0.054938
0.053829
0.055333
0.052942
0.053751
0.053236
0.053883
0.054970
0.055804
0.053521
0.053274
0.053458
0.056707
0.056365
0.055889
0.054664
0.053961
0.053651
0.054494
0.053783
0.055671
0.052679
0.053082
0.054062
0.054397
0.054480
0.054332
0.052936
0.053220
0.054004
0.053616
0.054670
0.056165
0.052967
0.053763
0.053398
0.061292
0.054245
0.055021
0.053386
0.053609
0.053352
0.054072
0.054424
0.055231
0.052925
0.053058
0.053237
0.053913
0.054250
0.054907
0.052694
0.053807
0.053064
0.053830
0.055288
0.055759
0.053482
0.053493
0.053808
0.054014
0.055371
0.054806
0.053673
0.054159
0.053297
0.054253
0.054244
0.055543
0.052652
0.055788
0.053928
0.054697
0.055241
0.054665
0.053280
0.053532
0.054297
0.053623
0.057111
0.057523
0.052922
0.053672
0.053103
0.054438
0.054021
0.054716
0.053523
0.053878
0.053989
0.056451
0.054224
0.054882
0.060554
0.053366
0.053499
0.053852
0.054410
0.054716
0.052998
0.053251
0.053143
0.053690
0.053929
0.055000
0.053278
0.053246
0.053719
0.053850
0.054491
0.054221
0.053384
0.053800
0.053412
0.054257
0.053988
0.055414
0.052585
0.053237
0.054274
0.054678
0.054460
0.054469
0.053305
0.053381
0.054150
0.053598
0.054998
0.055837
0.052945
0.053776
0.053395
0.054327
0.053874
0.054568
0.053781
0.054085
0.053854
0.053868
0.054353
0.054665
0.053605
0.054643
0.054503
0.056400
0.056175
0.055763
0.052770
0.060957
0.053260
0.053745
0.054610
0.054922
0.052848
0.052974
0.053381
0.054006
0.054139
0.054749
0.052801
0.053253
0.053635
0.053783
0.053629
0.055448
0.052560
0.053245
0.054321
0.057669
0.055399
0.055452
0.053443
0.053626
0.054361
0.053840
0.054922
0.055762
0.053019
0.053875
0.053502
0.054447
0.053934
0.054749
0.053732
0.053959
0.054021
0.053882
0.053817
0.054939
0.053702
0.052968
0.053880
0.054443
0.061638
0.054574
0.052720
0.053234
0.053144
0.053859
0.054247
0.054814
0.052839
0.053348
0.053997
0.054269
0.054406
0.054527
0.053181
0.054743
0.054433
0.055876
0.054031
0.055036
0.052616
0.052792
0.054001
0.054282
0.054906
0.054881
0.053084
0.053234
0.054012
0.053829
0.054666
0.056119
0.053004
0.053701
0.053530
0.054350
0.054043
0.054995
0.053827
0.054167
0.054016
0.053928
0.054563
0.054713
0.053854
0.052999
0.054125
0.054793
0.054197
0.055542
0.052939
0.053774
0.053211
0.056800
0.055635
0.056107
0.053495
0.053470
0.064375
0.053775
0.054359
0.054792
0.052915
0.053327
0.053354
0.053688
0.053639
0.054810
0.052703
0.053291
0.053503
0.053733
0.054272
0.054822
0.053422
0.053586
0.054419
0.053595
0.055279
0.056103
0.052907
0.054812
0.055367
0.054755
0.054282
0.054996
0.054074
0.054207
0.054463
0.053832
0.054624
0.055079
0.053882
0.053288
0.054067
0.054433
0.054234
0.055472
0.052692
0.053921
0.053196
0.053628
0.054752
0.055401
0.053488
0.053530
0.053523
0.053997
0.055214
0.054230
0.053680
0.054335
0.053589
0.054254
0.061998
0.054858
0.052813
0.053479
0.053887
0.053709
0.054078
0.054182
0.053004
0.053258
0.053599
0.053733
0.054178
0.054523
0.053224
0.053850
0.056688
0.054722
0.054416
0.054453
0.053668
0.053930
0.053960
0.053677
0.054339
0.054626
0.053528
0.053215
0.053950
0.054503
0.054289
0.055551
0.052653
0.056784
0.054298
0.055086
0.055355
0.055034
0.053505
0.053029
0.053353
0.053757
0.055025
0.054187
0.053427
0.053815
0.053409
0.054330
0.053918
0.055005
0.052627
0.053305
0.061396
0.054334
0.054248
0.054783
0.053666
0.053679
0.053682
0.053708
0.054225
0.055307
0.053104
0.053150
0.053608
0.054053
0.054331
0.054634
0.053957
0.054116
0.054008
0.054146
0.054506
0.054806
0.053808
0.053032
0.054048
0.054865
0.054170
0.055397
0.052930
0.053932
0.053130
0.053794
0.055077
0.055213
0.053464
0.053337
0.053572
0.054022
0.055029
0.054763
0.053736
0.054283
0.056952
0.054385
0.054614
0.055001
0.061686
0.056088
0.055685
0.053972
0.054259
0.054746
0.053097
0.053482
0.053320
0.053812
0.054364
0.054566
0.053311
0.053191
0.053430
0.054644
0.054331
0.054316
0.053707
0.053916
0.053976
0.053579
0.054734
0.054887
0.053828
0.053049
0.054119
0.054858
0.054311
0.054909
0.052965
0.053843
0.052991
0.053766
0.055525
0.055410
0.053520
0.053604
0.053492
0.054088
0.055269
0.054261
0.053730
0.054266
0.053281
0.054361
0.054546
0.054908
0.052672
0.053270
0.054220
0.054788
0.054918
0.055088
0.053208
0.053433
0.054199
0.053668
0.055008
0.062603
0.053141
0.053273
0.053568
0.053724
0.055126
0.055041
0.054710
0.053117
0.053242
0.053710
0.054527
0.054722
0.052948
0.056698
0.054178
0.054588
0.054542
0.055178
0.052844
0.053961
0.053155
0.053789
0.055316
0.055017
0.053614
0.053003
0.053500
0.053931
0.054838
0.054270
0.053674
0.054382
0.053337
0.054258
0.054232
0.055054
0.052599
0.053260
0.054147
0.054666
0.054884
0.054814
0.053291
0.053479
0.054230
0.053590
0.054679
0.058267
0.052819
0.053748
0.053336
0.054365
0.061570
0.054854
0.053335
0.053432
0.053383
0.053972
0.054757
0.055082
0.053130
0.053158
0.053377
0.053724
0.054172
0.054759
0.052888
0.055125
0.072294
0.055331
0.055379
0.055650
0.053546
0.052961
0.053303
0.053934
0.055004
0.054824
0.053409
0.053965
0.053459
0.054262
0.054262
0.054932
0.052586
0.053234
0.054294
0.054722
0.054490
0.054961
0.055925
0.053722
0.054431
0.053734
0.054927
0.056205
0.052973
0.053814
0.053534
0.061390
0.054065
0.054630
0.053132
0.053293
0.053505
0.053617
0.054029
0.054374
0.052981
0.053212
0.053271
0.053851
0.054263
0.054888
0.052702
0.053863
0.053272
0.053846
0.054966
0.055901
0.053542
0.053406
0.053835
0.054047
0.055020
0.054723
0.053733
0.054322
0.053616
0.054349
0.053973
0.055449
0.052646
0.054176
0.054913
0.063010
0.054071
0.054572
0.053264
0.053316
0.053454
0.053698
0.054262
0.054860
0.053135
0.053186
0.053392
0.053878
0.054380
0.054897
0.053900
0.054081
0.054113
0.053913
0.054455
0.055065
0.054043
0.053058
0.054257
0.054829
0.054288
0.055012
0.052927
0.053851
0.053345
0.053507
0.054818
0.055839
0.056412
0.053090
0.053543
0.053901
0.054817
0.054324
0.053431
0.053822
0.053459
0.054378
0.053675
0.055555
0.052741
0.053072
0.054100
0.054363
0.054524
0.055073
0.063395
0.053260
0.053486
0.053582
0.054407
0.055566
0.052923
0.052981
0.053498
0.053693
0.053666
0.054703
0.053216
0.053532
0.053381
0.053797
0.056082
0.057289
0.054176
0.052986
0.053868
0.054480
0.053911
0.054907
0.052706
0.053923
0.053355
0.053708
0.054915
0.055468
0.053503
0.052977
0.053636
0.053800
0.054508
0.054189
0.053544
0.054278
0.053381
0.054282
0.054265
0.055459
0.052652
0.053338
0.054370
0.054792
0.054506
0.055141
0.053145
0.053498
0.054139
0.053577
0.054872
0.055436
0.052991
0.060615
0.053604
0.053896
0.053943
0.057933
0.053747
0.053715
0.053391
0.054130
0.054382
0.055078
0.052932
0.053389
0.053268
0.054085
0.054073
0.055513
0.052815
0.053764
0.053094
0.053538
0.054505
0.055042
0.053508
0.053340
0.054038
0.055628
0.056844
0.054841
0.053443
0.053896
0.053502
0.054349
0.053682
0.055032
0.052631
0.053029
0.053928
0.054376
0.054967
0.062686
0.053657
0.053680
0.053733
0.053682
0.054256
0.055308
0.052937
0.053114
0.053555
0.053910
0.053982
0.055176
0.053272
0.053518
0.053953
0.054096
0.054359
0.055232
0.053996
0.053032
0.054060
0.054912
0.053889
0.055481
0.053605
0.054343
0.053275
0.054400
0.055616
0.056549
0.053869
0.053385
0.053918
0.053963
0.054956
0.062343
0.053202
0.053433
0.054236
0.054031
0.056862
0.055382
0.052946
0.053145
0.053561
0.053898
0.053958
0.054407
0.053210
0.055056
0.056173
0.053905
0.055370
0.055819
0.053165
0.053849
0.053195
0.054772
0.054349
0.054754
0.053647
0.053849
0.054059
0.053744
0.054107
0.055304
0.053969
0.053098
0.061165
0.054733
0.054197
0.054646
0.053175
0.053208
0.053196
0.053889
0.054187
0.054983
0.052870
0.053644
0.054149
0.054255
0.053886
0.054802
0.053480
0.053894
0.053437
0.054384
0.053849
0.055473
0.052570
0.053187
0.054202
0.054839
0.061625
0.055233
0.053687
0.053690
0.053877
0.053629
0.054040
0.055212
0.053223
0.053119
0.053252
0.053919
0.053865
0.055356
0.053369
0.054282
0.053915
0.054099
0.055844
0.055054
0.053548
0.053719
0.053817
0.054448
0.056973
0.055686
0.052880
0.053971
0.053160
0.053644
0.054526
0.055652
0.053619
0.053073
0.053492
0.053648
0.054821
0.054696
0.053392
0.053798
0.053499
0.054259
0.054124
0.055468
0.052670
0.053175
0.054264
0.061681
0.054352
0.055170
0.053574
0.053480
0.053808
0.053525
0.054330
0.055189
0.052936
0.052961
0.053262
0.053856
0.054043
0.055028
0.053491
0.053787
0.053943
0.054094
0.054290
0.055063
0.053959
0.053021
0.054111
0.054930
0.053876
0.054967
0.052878
0.053726
0.053144
0.054034
0.054770
0.055854
0.053462
0.053004
0.054625
0.053814
0.054947
0.054879
0.053491
0.053951
0.053407
0.054263
0.053703
0.055554
0.052789
0.053075
0.054025
0.061402
0.054055
0.054828
0.053415
0.053581
0.053837
0.057266
0.054939
0.054869
0.053314
0.053264
0.053417
0.053953
0.054075
0.055264
0.053981
0.054042
0.054076
0.053663
0.054008
0.054810
0.053553
0.053025
0.054008
0.055137
0.054114
0.055436
0.053001
0.053841
0.053053
0.053924
0.054762
0.055847
0.053471
0.053433
0.053672
0.054056
0.054820
0.054730
0.060357
0.053410
0.053491
0.053769
0.054026
0.054243
0.052631
0.052918
0.053201
0.053885
0.054140
0.055935
0.053808
0.054798
0.066500
0.054992
0.054561
0.055731
0.053452
0.055511
0.053409
0.054568
0.054128
0.056026
0.054814
0.054964
0.054973
0.054664
0.054871
0.055413
0.054628
0.053989
0.055159
0.055900
0.054847
0.055822
0.053962
0.054878
0.054016
0.062177
0.055516
0.056126
0.053909
0.054548
0.057728
0.055304
0.055575
0.055776
0.053692
0.054209
0.054571
0.054832
0.055620
0.056250
0.053782
0.054016
0.055161
0.055487
0.056335
0.055265
0.053978
0.054214
0.054975
0.054627
0.055693
0.057182
0.053951
0.054664
0.054415
0.055412
0.055211
0.055932
0.054827
0.056707
0.055150
0.054939
0.055735
0.056156
0.054782
0.054032
0.062081
0.054877
0.055362
0.055535
0.053650
0.054412
0.055134
0.054734
0.055218
0.055329
0.053718
0.054015
0.054568
0.055037
0.055389
0.055236
0.054860
0.055468
0.054590
0.055242
0.055221
0.056416
0.053546
0.054145
0.056641
0.063496
0.054744
0.056163
0.054161
0.054543
0.055254
0.054751
0.055949
0.056167
0.053921
0.054708
0.054474
0.055312
0.054882
0.055887
0.054918
0.058151
0.055106
0.054609
0.055427
0.055457
0.054588
0.054155
0.055216
0.055983
0.055332
0.056642
0.053943
0.061978
0.054434
0.054791
0.055316
0.055801
0.053887
0.053969
0.057361
0.055083
0.055458
0.055938
0.053880
0.054451
0.054695
0.055133
0.055174
0.056861
0.053740
0.054102
0.055086
0.055572
0.055902
0.055766
0.053901
0.054199
0.054914
0.054685
0.056173
0.056646
0.053955
0.054807
0.054367
0.055306
0.055109
0.055471
0.054874
0.055183
0.054918
0.054988
0.055817
0.055799
0.054742
0.054003
0.055092
0.055865
0.055254
0.063434
0.054037
0.054303
0.054140
0.054852
0.055549
0.055997
0.053707
0.054497
0.054786
0.055257
0.055822
0.055433
0.053754
0.054296
0.054381
0.055303
0.055031
0.059392
0.053783
0.054153
0.055053
0.055579
0.056939
0.055522
0.054028
0.054178
0.055033
0.055016
0.056144
0.056755
0.053973
0.054899
0.054384
0.055484
0.055140
0.055840
0.054569
0.054935
0.054930
0.054656
0.055040
0.056172
0.054844
0.054002
0.055165
0.055880
0.054954
0.055900
0.061905
0.054442
0.054355
0.054936
0.055416
0.055988
0.053782
0.054341
0.054614
0.054813
0.055232
0.055829
0.053851
0.054252
0.054817
0.055284
0.055553
0.056054
0.053612
0.054222
0.055381
0.055796
0.055388
0.055629
0.054374
0.054483
0.055273
0.054593
0.055633
0.056877
0.053786
0.054742
0.054522
0.055200
0.054978
0.055855
0.055837
0.061379
0.054890
0.054603
0.055254
0.055954
0.054549
0.053987
0.054881
0.055330
0.058631
0.063710
0.054006
0.054543
0.054365
0.054601
0.055511
0.055367
0.053855
0.054002
0.054492
0.054997
0.055599
0.055325
0.053761
0.054495
0.054489
0.055287
0.054987
0.056687
0.053728
0.054367
0.055669
0.055810
0.055722
0.055634
0.054349
0.054399
0.055632
0.054613
0.056052
0.056532
0.053924
0.054867
0.054455
0.055325
0.054940
0.055946
0.054786
0.055127
0.054862
0.054908
0.055684
0.055799
0.054748
0.053998
0.055084
0.055847
0.054940
0.056471
0.053892
0.054709
0.055471
0.062512
0.057227
0.056551
0.054660
0.053121
0.053423
0.053822
0.053811
0.054824
0.052770
0.053240
0.053625
0.053691
0.053961
0.055014
0.052797
0.053321
0.054365
0.054866
0.054398
0.055142
0.053273
0.053807
0.054246
0.056980
0.055483
0.056531
0.053172
0.054163
0.053805
0.054643
0.053679
0.054833
0.053690
0.053855
0.054025
0.053476
0.053774
0.054850
0.053667
0.053034
0.053906
0.054370
0.053873
0.055487
0.052681
0.053908
0.060839
0.054070
0.054383
0.055181
0.053103
0.078108
0.054459
0.054521
0.055758
0.054600
0.053182
0.053763
0.053920
0.053888
0.054387
0.057105
0.052663
0.053160
0.054144
0.054631
0.054581
0.054808
0.052945
0.053247
0.053939
0.053676
0.054466
0.055709
0.053017
0.053978
0.053423
0.054445
0.053683
0.055008
0.053816
0.054225
0.053864
0.054002
0.054121
0.055246
0.053804
0.053003
0.054008
0.054851
0.053933
0.055538
0.052990
0.053919
0.053042
0.053889
0.054884
0.055987
0.060498
0.056686
0.053864
0.053863
0.054295
0.054701
0.052740
0.053197
0.053398
0.053894
0.054337
0.055122
0.052983
0.053280
0.053567
0.054549
0.054454
0.054827
0.053115
0.053537
0.054443
0.053598
0.054606
0.056103
0.052930
0.053782
0.053378
0.054566
0.053884
0.058558
0.058211
0.054237
0.053984
0.053898
0.054017
0.054918
0.053658
0.052964
0.053919
0.054504
0.054019
0.055445
0.052631
0.053889
0.053322
0.053501
0.055215
0.055629
0.053499
0.052939
0.053505
0.054175
0.055217
0.054880
0.053745
0.061387
0.053519
0.053704
0.054417
0.054543
0.052885
0.053435
0.053689
0.054192
0.054277
0.055117
0.053416
0.053665
0.053653
0.053943
0.055215
0.055547
0.052944
0.053799
0.053398
0.054525
0.054119
0.054594
0.056693
0.054359
0.054007
0.054171
0.054449
0.054500
0.053634
0.053078
0.053917
0.054591
0.054251
0.055500
0.052797
0.053858
0.053172
0.053596
0.054863
0.055089
0.053528
0.054365
0.053575
0.053884
0.055020
0.054871
0.053497
0.053951
0.053369
0.054444
0.054199
0.055200
0.053178
0.053262
0.054107
0.054464
0.054773
0.054491
0.053158
0.053496
0.054402
0.053796
0.054991
0.061943
0.053370
0.053318
0.053205
0.053814
0.054197
0.054904
0.053418
0.053393
0.053264
0.053957
0.054437
0.054595
0.052950
0.053222
0.054062
0.054890
0.054254
0.055441
0.052956
0.053864
0.053221
0.053550
0.054819
0.055471
0.053415
0.053157
0.053707
0.054030
0.055058
0.054730
0.053646
0.054158
0.053546
0.054310
0.057676
0.055800
0.052747
0.053350
0.054740
0.054906
0.055147
0.055321
0.053371
0.054347
0.054200
0.053625
0.054925
0.055188
0.052987
0.053811
0.053167
0.054371
0.053744
0.054210
0.053594
0.053798
0.053939
0.053514
0.054232
0.057566
0.061143
0.053420
0.053801
0.054500
0.054509
0.054620
0.052925
0.053196
0.053341
0.053864
0.054492
0.055073
0.052844
0.053683
0.054176
0.053767
0.054800
0.054274
0.053426
0.053877
0.053459
0.054233
0.054250
0.054935
0.052602
0.053237
0.054319
0.054661
0.054911
0.054810
0.053277
0.053522
0.054177
0.053602
0.055029
0.055916
0.053032
0.054294
0.053364
0.054645
0.054201
0.054793
0.053645
0.053994
0.054251
0.053665
0.054479
0.056561
0.053828
0.053328
0.053939
0.057634
0.087560
0.054464
0.052924
0.053406
0.053390
0.053568
0.053935
0.054758
0.052854
0.053097
0.053571
0.054020
0.053880
0.055039
0.052897
0.054092
0.053568
0.054347
0.053927
0.055619
0.052761
0.053359
0.054451
0.054823
0.054765
0.054740
0.053551
0.053493
0.054259
0.053790
0.054984
0.055965
0.052868
0.053725
0.053391
0.054320
0.054016
0.054895
0.053895
0.054145
0.053961
0.053943
0.054689
0.054962
0.053901
0.053033
0.054098
0.054789
0.054126
0.055450
0.052897
0.060825
0.053234
0.053620
0.054200
0.054653
0.052900
0.053462
0.054444
0.053906
0.054293
0.054885
0.052830
0.053400
0.054100
0.053944
0.054459
0.055456
0.052761
0.053151
0.054172
0.054717
0.054673
0.055478
0.053259
0.053887
0.057521
0.053831
0.054776
0.055200
0.053113
0.053861
0.053166
0.054522
0.054253
0.054781
0.053663
0.053906
0.054004
0.053709
0.053858
0.054389
0.053867
0.053087
0.054177
0.055021
0.053875
0.054816
0.052964
0.053684
0.053169
0.061558
0.054591
0.055049
0.052915
0.053599
0.053940
0.054153
0.054339
0.054720
0.052717
0.053691
0.053609
0.053727
0.054509
0.055049
0.052566
0.053309
0.054361
0.054769
0.054394
0.055580
0.053030
0.053259
0.054263
0.053705
0.055186
0.055699
0.053067
0.053906
0.053160
0.054465
0.053635
0.054586
0.053638
0.053704
0.053960
0.053981
0.054425
0.054676
0.053616
0.053080
0.053852
0.054846
0.053907
0.055441
0.052947
0.053751
0.060647
0.054042
0.054182
0.055140
0.055940
0.053122
0.053572
0.053837
0.054609
0.054811
0.053228
0.053259
0.053605
0.053904
0.054668
0.055722
0.052702
0.053023
0.054131
0.054369
0.054913
0.054988
0.053223
0.053452
0.054187
0.053613
0.054680
0.055967
0.052949
0.053763
0.053454
0.054415
0.053899
0.054819
0.053811
0.054239
0.055155
0.053800
0.071922
0.055835
0.053236
0.053179
0.053303
0.053830
0.057737
0.054282
0.052822
0.053262
0.053328
0.053833
0.054412
0.055014
0.053049
0.052966
0.054051
0.054157
0.055391
0.054805
0.053762
0.054333
0.053487
0.054256
0.053999
0.055499
0.052665
0.053315
0.054370
0.054746
0.054788
0.054624
0.065316
0.053675
0.053816
0.053586
0.054131
0.055072
0.052970
0.052941
0.053530
0.053603
0.056368
0.055300
0.053409
0.053777
0.053398
0.054081
0.054412
0.054909
0.053552
0.053336
0.053879
0.054455
0.053829
0.055431
0.052705
0.053743
0.053099
0.053773
0.054797
0.055505
0.053480
0.053473
0.054414
0.061090
0.054064
0.054605
0.052786
0.053379
0.053445
0.053734
0.054017
0.054873
0.052777
0.053488
0.053691
0.054220
0.054608
0.054971
0.054232
0.053482
0.054278
0.054082
0.054916
0.055243
0.053213
0.053832
0.053392
0.054682
0.054148
0.054475
0.053788
0.054013
0.053979
0.078143
0.054091
0.054400
0.053645
0.053017
0.054166
0.054821
0.054254
0.054872
0.053060
0.053816
0.053124
0.053859
0.054855
0.055782
0.053442
0.053467
0.053729
0.053981
0.055147
0.054695
0.053973
0.054371
0.056526
0.054649
0.054094
0.055838
0.052708
0.060820
0.053629
0.053873
0.054287
0.054740
0.052998
0.053286
0.053255
0.053659
0.054049
0.054559
0.053170
0.053336
0.053417
0.053985
0.054092
0.054358
0.053639
0.053947
0.053944
0.053650
0.054658
0.054840
0.054050
0.053063
0.054186
0.055072
0.054322
0.054911
0.053003
0.053786
0.053045
0.053821
0.055474
0.056004
0.053562
0.053473
0.053731
0.054005
0.055286
0.054782
0.053654
0.054144
0.053385
0.054303
0.054307
0.054951
0.052649
0.053252
0.054322
0.061596
0.054345
0.054817
0.053433
0.053288
0.053285
0.053619
0.054128
0.057871
0.053132
0.053133
0.053728
0.053914
0.054711
0.055305
0.053936
0.054258
0.054046
0.054160
0.054738
0.056249
0.056673
0.053179
0.053886
0.054774
0.054455
0.055632
0.052819
0.054031
0.053345
0.053793
0.054995
0.055779
0.053744
0.053083
0.063955
0.054021
0.054638
0.054679
0.053308
0.054407
0.053373
0.053550
0.054284
0.054410
0.052857
0.053235
0.053243
0.053971
0.054366
0.055220
0.053495
0.053560
0.054459
0.053677
0.054607
0.055983
0.052857
0.053703
0.053287
0.054356
0.053825
0.055052
0.053963
0.054220
0.053829
0.054007
0.054668
0.054776
0.053773
0.053077
0.054025
0.054841
0.053932
0.055427
0.052812
0.053836
0.053101
0.054096
0.055706
0.056047
0.053525
0.053305
0.053452
0.061633
0.054800
0.056093
0.052866
0.053342
0.053735
0.053619
0.054117
0.054783
0.052719
0.053214
0.053474
0.053825
0.058712
0.055363
0.053146
0.053441
0.054156
0.053891
0.055007
0.055154
0.053134
0.053837
0.053590
0.054486
0.054461
0.054427
0.053756
0.053990
0.054028
0.053871
0.054708
0.055289
0.054796
0.054274
0.055468
0.054930
0.054240
0.055100
0.053087
0.053979
0.053335
0.054040
0.054891
0.062777
0.053201
0.053588
0.053853
0.053791
0.053960
0.054187
0.052831
0.053145
0.053565
0.053631
0.054349
0.055090
0.052888
0.053439
0.054185
0.054563
0.054614
0.056074
0.052917
0.053333
0.054079
0.053719
0.054837
0.055724
0.053018
0.053766
0.053200
0.054519
0.053869
0.054803
0.053561
0.053925
0.053946
0.053749
0.054212
0.057121
0.054076
0.053174
0.054207
0.054949
0.053988
0.055528
0.052900
0.053831
0.056083
0.054245
0.054824
0.055911
0.053576
0.053257
0.063740
0.053924
0.054603
0.054625
0.052909
0.053205
0.053409
0.053505
0.055943
0.054286
0.052720
0.053239
0.053433
0.053900
0.054023
0.054942
0.053570
0.053417
0.054448
0.053652
0.054628
0.055324
0.052888
0.053672
0.053412
0.054339
0.053802
0.054926
0.053888
0.054161
0.053857
0.053843
0.054309
0.056174
0.053367
0.053134
0.053835
0.054470
0.054006
0.055525
0.052730
0.053838
0.053029
0.053595
0.054504
0.055481
0.053534
0.053002
0.053301
0.054104
0.061851
0.054272
0.053267
0.053889
0.053438
0.053640
0.053986
0.054721
0.052765
0.053503
0.053476
0.054068
0.054042
0.055316
0.053337
0.053613
0.054182
0.053749
0.054723
0.056003
0.055751
0.053980
0.053184
0.054421
0.053653
0.054750
0.053614
0.053891
0.053920
0.053739
0.053924
0.054812
0.053488
0.052955
0.053786
0.054338
0.054006
0.055367
0.052935
0.053868
0.053247
0.053697
0.055039
0.055822
0.053424
0.053483
0.053634
0.055278
0.055179
0.062137
0.053021
0.053474
0.053584
0.053742
0.054029
0.054667
0.052721
0.053068
0.053260
0.053621
0.053862
0.054470
0.053119
0.053578
0.054113
0.053671
0.054680
0.056289
0.053017
0.053801
0.053384
0.054414
0.054239
0.055059
0.054007
0.054254
0.054011
0.054099
0.054236
0.056845
0.053853
0.053036
0.054124
0.054910
0.054031
0.055581
0.052885
0.053899
0.053145
0.053997
0.055150
0.055969
0.053574
0.053337
0.053642
0.054100
0.057835
0.054732
0.053615
0.053868
0.053480
0.054405
0.053986
0.062341
0.053009
0.053295
0.053629
0.053926
0.053787
0.054588
0.052950
0.053255
0.053280
0.054725
0.068471
0.055046
0.053272
0.053387
0.053208
0.054545
0.054154
0.054780
0.053710
0.053891
0.054060
0.053755
0.053820
0.054929
0.053612
0.053062
0.054242
0.055020
0.054449
0.055505
0.054627
0.053815
0.053089
0.053762
0.055179
0.055376
0.053462
0.053541
0.053788
0.054117
0.055184
0.054326
0.053749
0.054404
0.053429
0.054368
0.054117
0.054962
0.052564
0.053405
0.054280
0.054758
0.054779
0.054652
0.053127
0.053461
0.061366
0.053692
0.054090
0.054715
0.053080
0.053105
0.053167
0.053718
0.053868
0.054621
0.052985
0.053196
0.056366
0.053830
0.054881
0.055155
0.054653
0.053151
0.053933
0.054682
0.054557
0.055665
0.052774
0.053975
0.053235
0.053751
0.055329
0.055301
0.053635
0.053093
0.053627
0.053858
0.054984
0.054838
0.053487
0.054415
0.053478
0.054321
0.054309
0.055618
0.052678
0.053216
0.054340
0.054867
0.055258
0.056269
0.053402
0.053683
0.054303
0.053708
0.055572
0.055602
0.053125
0.053880
0.053187
0.061437
0.054536
0.054413
0.053313
0.053412
0.053297
0.053575
0.054272
0.054370
0.052822
0.053055
0.053213
0.053981
0.054860
0.054585
0.052686
0.053859
0.053262
0.053915
0.055412
0.055392
0.053580
0.053385
0.053763
0.055256
0.055068
0.054376
0.055767
0.054350
0.053617
0.054291
0.054268
0.058653
0.052699
0.053142
0.054087
0.054533
0.055003
0.054319
0.052819
0.053249
0.054161
0.053695
0.054875
0.055473
0.095437
0.059591
0.055522
0.067245
0.056842
0.056980
0.055751
0.059012
0.058811
0.056998
0.057754
0.058230
0.065416
0.057764
0.057634
0.055889
0.057152
0.055643
0.054082
0.073835
0.054866
0.056216
0.055324
0.055799
0.053934
0.054061
0.054717
0.054724
0.055678
0.055455
0.054373
0.054331
0.053929
0.055028
0.054357
0.055751
0.052682
0.052958
0.054028
0.054501
0.054936
0.054214
0.052835
0.053143
0.054017
0.055554
0.055264
0.057951
0.053008
0.053794
0.053106
0.055644
0.054386
0.054718
0.053682
0.053960
0.053993
0.053721
0.054324
0.062621
0.053184
0.053179
0.058695
0.054482
0.054153
0.054813
0.052844
0.053343
0.053208
0.053881
0.054211
0.055164
0.053174
0.053426
0.053527
0.053942
0.055095
0.054947
0.053504
0.053920
0.053677
0.054339
0.054052
0.055558
0.052792
0.053341
0.054307
0.054668
0.054799
0.055320
0.055946
0.053561
0.054122
0.053714
0.054724
0.055514
0.052961
0.053648
0.053587
0.054379
0.053957
0.054766
0.053835
0.054175
0.053991
0.054118
0.054149
0.055243
0.053778
0.053122
0.054932
0.056987
0.055036
0.056518
0.053700
0.062304
0.054306
0.054612
0.055560
0.055755
0.053885
0.053946
0.054228
0.054718
0.055096
0.055318
0.054041
0.054778
0.054906
0.054747
0.055555
0.055980
0.053573
0.054337
0.056014
0.056059
0.055537
0.056135
0.058027
0.054848
0.055583
0.054921
0.056096
0.057546
0.054143
0.054851
0.054741
0.054749
0.054035
0.054344
0.053619
0.053943
0.054048
0.053681
0.054346
0.054944
0.053694
0.053090
0.054207
0.055015
0.054369
0.055408
0.052955
0.060833
0.053282
0.053903
0.054454
0.055091
0.052951
0.053479
0.053914
0.054060
0.054304
0.054813
0.052721
0.053306
0.056017
0.054283
0.054574
0.055251
0.052905
0.053121
0.054171
0.054321
0.054852
0.054217
0.052958
0.053354
0.054161
0.053710
0.054742
0.055040
0.053033
0.053763
0.053625
0.054384
0.053933
0.054459
0.053814
0.054222
0.053915
0.053987
0.054175
0.055119
0.053899
0.052993
0.054120
0.054744
0.054005
0.055457
0.053007
0.053872
0.060771
0.058334
0.054478
0.054827
0.053065
0.052975
0.053646
0.053894
0.054328
0.054945
0.052842
0.053393
0.054093
0.053959
0.054233
0.055179
0.052714
0.053001
0.054062
0.054455
0.054601
0.054629
0.053438
0.053543
0.054367
0.053659
0.054911
0.056256
0.055022
0.055649
0.053487
0.054491
0.054092
0.054764
0.053697
0.053979
0.054258
0.053636
0.054229
0.056282
0.054827
0.054247
0.057363
0.055019
0.054330
0.054916
0.052919
0.053858
0.053212
0.053850
0.062048
0.055256
0.053283
0.053762
0.054102
0.054176
0.054260
0.054339
0.053069
0.053199
0.053628
0.053691
0.054591
0.055066
0.053043
0.053068
0.054059
0.054493
0.055348
0.054261
0.052999
0.053241
0.054173
0.053679
0.054780
0.056110
0.056209
0.053903
0.053851
0.054765
0.053703
0.055139
0.055214
0.056543
0.055458
0.053862
0.054001
0.055194
0.053724
0.053171
0.054020
0.054705
0.054490
0.057145
0.055020
0.054477
0.053557
0.053880
0.054603
0.055652
0.053561
0.053073
0.053472
0.053838
0.054584
0.054819
0.060643
0.053619
0.053757
0.053894
0.053845
0.054780
0.052644
0.053067
0.053484
0.053678
0.054011
0.054735
0.053291
0.053470
0.053581
0.053726
0.054699
0.056043
0.054423
0.054931
0.054923
0.054759
0.053699
0.055124
0.054136
0.054715
0.054108
0.054361
0.054471
0.055049
0.053858
0.053185
0.053940
0.054367
0.053859
0.055380
0.052600
0.053867
0.053220
0.053530
0.055271
0.056558
0.055398
0.052986
0.053196
0.057157
0.055297
0.054382
0.053821
0.054598
0.054735
0.056541
0.055130
0.056297
0.054290
0.060774
0.053846
0.054155
0.054255
0.054716
0.053052
0.053545
0.053438
0.053638
0.053662
0.055000
0.053142
0.053203
0.053447
0.053979
0.053824
0.054531
0.053960
0.054298
0.054008
0.054036
0.054412
0.055158
0.053762
0.060532
0.053769
0.054360
0.054146
0.054608
0.053106
0.053152
0.053258
0.065405
0.082216
0.055739
0.080018
0.055887
0.055528
0.055243
0.056494
0.055795
0.055283
0.054245
0.054196
0.054882
0.053909
0.056085
0.053388
0.053195
0.054517
0.054630
0.054597
0.054637
0.052897
0.053165
0.053962
0.053538
0.054690
0.055630
0.052938
0.055437
0.055035
0.055955
0.054224
0.054394
0.053705
0.058037
0.054275
0.053646
0.053948
0.054602
0.053611
0.053148
0.053850
0.054606
0.054167
0.054962
0.052755
0.053870
0.053176
0.053831
0.061620
0.054562
0.053039
0.053103
0.053520
0.053888
0.054126
0.054664
0.052680
0.053094
0.053605
0.053716
0.054216
0.055078
0.052973
0.053048
0.054329
0.054782
0.054465
0.055121
0.053230
0.053434
0.054141
0.053682
0.054535
0.055898
0.052950
0.053785
0.053541
0.054360
0.053835
0.054459
0.053790
0.054150
0.054030
0.053906
0.054156
0.055172
0.053728
0.053025
0.054026
0.054724
0.055980
0.056186
0.061918
0.053382
0.053309
0.053483
0.054303
0.054752
0.052833
0.053080
0.053482
0.053907
0.053781
0.054371
0.052833
0.053344
0.053828
0.054462
0.062347
0.078796
0.052836
0.053432
0.054289
0.065330
0.054771
0.055000
0.053152
0.053518
0.054219
0.053831
0.055338
0.056022
0.053305
0.053949
0.053285
0.054556
0.054151
0.054260
0.053591
0.054054
0.054198
0.054188
0.054648
0.054786
0.053776
0.053168
0.054250
0.054921
0.054328
0.054988
0.053016
0.053873
0.053298
0.053826
0.055258
0.055386
0.053517
0.053465
0.065603
0.053969
0.054403
0.054717
0.053361
0.054275
0.053619
0.053599
0.054453
0.054782
0.063091
0.055023
0.054718
0.054016
0.054557
0.054345
0.053081
0.053312
0.054042
0.053740
0.054526
0.055157
0.053110
0.053822
0.053290
0.054486
0.053588
0.055120
0.053866
0.054314
0.054014
0.054083
0.054401
0.055296
0.053839
0.056139
0.054322
0.055308
0.054185
0.055549
0.053098
0.053925
0.053166
0.053582
0.054642
0.055648
0.053509
0.054211
0.053838
0.054188
0.055190
0.054264
0.053645
0.054355
0.053511
0.054297
0.053968
0.055696
0.052686
0.053311
0.054332
0.054891
0.054554
0.055137
0.063320
0.053417
0.053699
0.053826
0.053896
0.054867
0.053022
0.053040
0.053591
0.056085
0.055041
0.056054
0.054047
0.054366
0.054521
0.056026
0.054921
0.055611
0.054792
0.054172
0.055937
0.054605
0.054148
0.055632
0.052962
0.053821
0.053194
0.054054
0.055016
0.056039
0.053496
0.053607
0.053747
0.054193
0.055386
0.054954
0.053650
0.054450
0.053394
0.054433
0.054368
0.055619
0.052753
0.053380
0.054336
0.054903
0.057770
0.055383
0.053585
0.053672
0.054183
0.053873
0.055129
0.056278
0.053007
0.053787
0.061488
0.054152
0.054304
0.054296
0.053041
0.053197
0.054915
0.054473
0.055275
0.055392
0.054557
0.053187
0.053319
0.053951
0.054840
0.055054
0.054137
0.054923
0.054254
0.053620
0.055040
0.055310
0.053623
0.053000
0.053475
0.053945
0.055263
0.054284
0.053373
0.053996
0.053647
0.054376
0.054319
0.054986
0.052685
0.053166
0.054382
0.055595
0.055125
0.054615
0.053185
0.053612
0.054340
0.053607
0.054867
0.055911
0.053442
0.053937
0.053467
0.054535
0.054071
0.054555
0.054026
0.054385
0.054292
0.061425
0.054345
0.054716
0.053027
0.053251
0.053645
0.053711
0.054447
0.054164
0.052777
0.053167
0.056918
0.053821
0.054496
0.054795
0.053665
0.052999
0.053566
0.053852
0.055063
0.054340
0.053510
0.053968
0.053639
0.055590
0.055082
0.056720
0.052736
0.052998
0.053997
0.054394
0.054527
0.054789
0.052911
0.053178
0.053907
0.053679
0.054410
0.055629
0.052947
0.053785
0.053410
0.054401
0.054072
0.054950
0.053877
0.054230
0.053926
0.061804
0.054830
0.055287
0.053163
0.053081
0.053496
0.054331
0.054577
0.054709
0.053128
0.053280
0.053250
0.054145
0.054715
0.054855
0.053572
0.053526
0.053722
0.054109
0.055304
0.054830
0.053688
0.054314
0.053448
0.054516
0.054349
0.054959
0.052631
0.053256
0.054219
0.054964
0.054990
0.054636
0.053257
0.053508
0.054113
0.053693
0.057829
0.056623
0.053143
0.053843
0.053075
0.055920
0.054179
0.054887
0.053608
0.053982
0.054048
0.053556
0.054348
0.054915
0.053586
0.052950
0.053894
0.054479
0.061734
0.054883
0.052866
0.053315
0.053196
0.053566
0.053840
0.054791
0.052838
0.053650
0.054174
0.054296
0.054175
0.054997
0.053201
0.054390
0.053540
0.054431
0.054034
0.055107
0.052767
0.053263
0.054373
0.054910
0.054536
0.054747
0.053049
0.053174
0.054194
0.053695
0.054603
0.056104
0.053017
0.053779
0.053548
0.054360
0.054056
0.055003
0.053865
0.054256
0.053899
0.053959
0.054173
0.054728
0.053927
0.053038
0.054066
0.054766
0.054146
0.055560
0.052960
0.054836
0.053177
0.053670
0.054691
0.055270
0.053611
0.056042
0.053242
0.053876
0.055756
0.055878
0.061561
0.054970
0.053611
0.053999
0.053832
0.054816
0.052685
0.052897
0.053391
0.053719
0.053857
0.054155
0.053004
0.053356
0.053452
0.053521
0.054312
0.055618
0.053069
0.053676
0.053426
0.054422
0.064273
0.057709
0.053876
0.054179
0.054277
0.054195
0.054228
0.055079
0.053882
0.053051
0.054328
0.070045
0.054494
0.055561
0.052788
0.053677
0.053180
0.053516
0.054847
0.055039
0.053488
0.053315
0.053742
0.054009
0.054894
0.054974
0.054632
0.055670
0.053679
0.054347
0.054213
0.055390
0.064196
0.054112
0.054411
0.054739
0.055698
0.054126
0.052899
0.053117
0.053261
0.053620
0.055103
0.054368
0.053098
0.053125
0.053452
0.057059
0.054001
0.054221
0.053589
0.053856
0.053942
0.053594
0.054265
0.054430
0.053617
0.053122
0.053824
0.054580
0.054172
0.054973
0.052612
0.053807
0.053059
0.053790
0.054698
0.055783
0.053453
0.053210
0.053687
0.053885
0.054874
0.054601
0.053695
0.054191
0.053339
0.054264
0.054033
0.054871
0.052580
0.053135
0.054305
0.054629
0.054322
0.054975
0.052978
0.053359
0.054033
0.053554
0.054550
0.055257
0.052906
0.053778
0.053405
0.054245
0.061451
0.054500
0.054348
0.053379
0.053590
0.055629
0.053842
0.054928
0.052862
0.053147
0.053211
0.053925
0.054339
0.055135
0.053023
0.054125
0.053175
0.053770
0.054919
0.056000
0.053579
0.053338
0.053837
0.054098
0.054788
0.054843
0.053786
0.057142
0.053641
0.054495
0.054109
0.055774
0.052841
0.055348
0.054196
0.056337
0.054565
0.054300
0.052964
0.053130
0.054029
0.053656
0.054370
0.055582
0.053043
0.053806
0.053187
0.054458
0.054054
0.054398
0.053868
0.054132
0.053961
0.054063
0.054047
0.055828
0.054790
0.065409
0.053938
0.054330
0.054308
0.054635
0.052922
0.053184
0.053242
0.055159
0.054349
0.054755
0.052944
0.053378
0.053679
0.054298
0.054508
0.054773
0.053446
0.053887
0.053454
0.054445
0.053871
0.055646
0.052688
0.053226
0.054385
0.054824
0.054601
0.055171
0.053205
0.053564
0.054237
0.053636
0.054718
0.055512
0.053031
0.053741
0.053496
0.054433
0.054047
0.054939
0.053918
0.054268
0.053962
0.053972
0.057175
0.055443
0.053854
0.053003
0.054148
0.054984
0.053990
0.055513
0.053083
0.053968
0.053210
0.053701
0.061639
0.054888
0.053168
0.053113
0.053449
0.053838
0.054350
0.054698
0.052835
0.053177
0.053511
0.053708
0.053824
0.055115
0.052918
0.053382
0.054423
0.056168
0.055093
0.054799
0.052923
0.053281
0.053982
0.053735
0.054454
0.055731
0.052956
0.053732
0.053146
0.054464
0.054215
0.054347
0.053627
0.054215
0.053892
0.054141
0.054342
0.055127
0.053651
0.053454
0.055115
0.055854
0.053936
0.055432
0.052793
0.053851
0.053290
0.053899
0.055021
0.055902
0.053543
0.053435
0.064799
0.054311
0.054516
0.054724
0.053208
0.054007
0.053449
0.053515
0.054228
0.054683
0.055516
0.053579
0.054010
0.053999
0.054500
0.054387
0.053040
0.053272
0.054242
0.053694
0.054797
0.055025
0.052944
0.053772
0.053008
0.054413
0.053957
0.054329
0.053583
0.054247
0.054180
0.053606
0.054671
0.054536
0.053776
0.053152
0.053987
0.054551
0.054262
0.055578
0.052709
0.053984
0.054158
0.054617
0.056083
0.057016
0.053574
0.053502
0.053606
0.054114
0.054996
0.061781
0.053344
0.053929
0.053500
0.053688
0.054367
0.054298
0.052703
0.053441
0.053463
0.054126
0.054307
0.055288
0.053628
0.053804
0.054510
0.053683
0.055184
0.055626
0.053021
0.053828
0.053602
0.054380
0.054017
0.055003
0.053924
0.053844
0.053958
0.053586
0.054539
0.055250
0.053971
0.053018
0.054102
0.065631
0.054379
0.054941
0.052726
0.053332
0.053401
0.053585
0.054489
0.055231
0.053050
0.053707
0.053447
0.055263
0.054432
0.055190
0.053509
0.054013
0.053511
0.054491
0.053718
0.055052
0.052730
0.053001
0.053987
0.054457
0.054760
0.054607
0.052819
0.053528
0.054356
0.053587
0.054891
0.055872
0.052834
0.053666
0.053497
0.061406
0.054279
0.054606
0.053321
0.053478
0.053390
0.053929
0.054438
0.054805
0.052784
0.053040
0.053184
0.054114
0.054298
0.054880
0.053024
0.053769
0.053049
0.055155
0.056069
0.055298
0.053402
0.053353
0.053749
0.053899
0.054864
0.054670
0.053614
0.053856
0.053536
0.054231
0.053735
0.055377
0.052566
0.053164
0.054313
0.054770
0.054356
0.058381
0.053466
0.053561
0.054376
0.054689
0.054452
0.055668
0.053129
0.053878
0.053101
0.054534
0.054198
0.054903
0.053746
0.053997
0.054133
0.053553
0.054220
0.054918
0.053567
0.052995
0.060968
0.054044
0.054413
0.054726
0.052700
0.053252
0.053188
0.053773
0.054413
0.054951
0.052968
0.053574
0.054139
0.054245
0.054739
0.054818
0.053625
0.054359
0.053475
0.054332
0.054339
0.055472
0.052625
0.053227
0.054313
0.054716
0.054883
0.054976
0.053164
0.053499
0.054134
0.053701
0.054957
0.055895
0.052886
0.053722
0.053459
0.054395
0.053959
0.054910
0.053753
0.054164
0.053929
0.062062
0.054761
0.055313
0.054185
0.053093
0.053219
0.053797
0.054676
0.054726
0.052827
0.053278
0.056344
0.053984
0.054523
0.055243
0.053952
0.053120
0.053397
0.054107
0.054688
0.054978
0.053514
0.054069
0.053574
0.054422
0.053857
0.055091
0.052693
0.053033
0.054092
0.054403
0.054840
0.054579
0.053230
0.053499
0.054776
0.054622
0.055952
0.057577
0.052912
0.053725
0.053399
0.054400
0.053916
0.054475
0.053790
0.054187
0.054045
0.054052
0.054447
0.055021
0.053724
0.060712
0.053723
0.054523
0.054276
0.054564
0.053004
0.053153
0.053253
0.053857
0.054347
0.054878
0.052758
0.054198
0.053605
0.054273
0.055304
0.054789
0.053472
0.053998
0.053554
0.054299
0.054310
0.055622
0.052636
0.053025
0.054081
0.054448
0.054917
0.055120
0.053222
0.053436
0.054254
0.053680
0.058193
0.056204
0.053806
0.054738
0.054539
0.055589
0.055627
0.055059
0.053949
0.054317
0.054134
0.053559
0.054184
0.054854
0.053519
0.053115
0.061049
0.053887
0.054518
0.054770
0.052757
0.053262
0.053164
0.053579
0.054294
0.054738
0.052836
0.053486
0.054090
0.054302
0.054724
0.054377
0.053631
0.054340
0.053326
0.054261
0.054244
0.055069
0.052634
0.053221
0.054375
0.054728
0.054773
0.055029
0.053163
0.054396
0.054064
0.053694
0.054825
0.055676
0.052934
0.053767
0.053215
0.054413
0.053689
0.054758
0.060617
0.053415
0.053598
0.053596
0.054421
0.055182
0.053139
0.053061
0.053555
0.054355
0.054023
0.054762
0.053101
0.053252
0.053536
0.054070
0.055419
0.055891
0.053559
0.056253
0.053453
0.053915
0.054577
0.054846
0.053343
0.056369
0.053972
0.054292
0.054125
0.055641
0.052856
0.052994
0.054053
0.054606
0.054940
0.055241
0.053356
0.053590
0.054289
0.053540
0.055021
0.055927
0.060754
0.053374
0.053513
0.053756
0.053836
0.054714
0.053139
0.053432
0.053338
0.054085
0.054299
0.054909
0.052872
0.054289
0.053199
0.054522
0.054364
0.055554
0.052666
0.053797
0.053136
0.053639
0.054837
0.055519
0.053529
0.053018
0.053440
0.053741
0.054770
0.054764
0.053621
0.054190
0.053489
0.054189
0.054373
0.055491
0.052515
0.053195
0.054128
0.054673
0.054848
0.055049
0.053277
0.053549
0.054107
0.053583
0.055063
0.056147
0.052893
0.053653
0.053436
0.057821
0.054306
0.054925
0.053786
0.054259
0.053878
0.054206
0.054378
0.062993
0.053496
0.053451
0.053422
0.054065
0.054093
0.054605
0.052728
0.053225
0.053171
0.053725
0.054042
0.054898
0.052991
0.053211
0.053375
0.053737
0.056388
0.054878
0.053451
0.053985
0.053414
0.054332
0.053882
0.054977
0.052626
0.052932
0.053966
0.054316
0.054397
0.054726
0.052913
0.053111
0.054223
0.053582
0.055093
0.056102
0.053005
0.053771
0.053292
0.054378
0.053970
0.054434
0.053795
0.054203
0.053857
0.053838
0.054559
0.054666
0.053657
0.053096
0.053993
0.054967
0.054306
0.055385
0.052850
0.053819
0.052996
0.053778
0.054959
0.055388
0.053478
0.061174
0.056458
0.055543
0.054637
0.054518
0.055816
0.053210
0.053620
0.053671
0.054468
0.054974
0.052875
0.053225
0.053425
0.054072
0.054822
0.054743
0.053038
0.053217
0.053976
0.053719
0.056378
0.055641
0.053925
0.056890
0.054906
0.057269
0.056931
0.057788
0.055355
0.056706
0.055654
0.056490
0.054365
0.056474
0.054331
0.053937
0.055121
0.056045
0.055437
0.055856
0.053946
0.055003
0.054060
0.054728
0.056569
0.056323
0.054429
0.054292
0.054541
0.054961
0.056108
0.055176
0.054548
0.055216
0.054418
0.055316
0.055044
0.056552
0.053662
0.054207
0.055150
0.088543
0.055481
0.055586
0.054346
0.054567
0.054676
0.054635
0.054988
0.055237
0.054099
0.054007
0.054127
0.054747
0.055186
0.055720
0.054738
0.055258
0.054943
0.057962
0.054979
0.055745
0.054599
0.054080
0.074511
0.055550
0.055675
0.056738
0.054082
0.054219
0.053379
0.053791
0.055210
0.055952
0.053662
0.053264
0.053571
0.054061
0.055543
0.055147
0.053674
0.054465
0.054880
0.056549
0.057674
0.056539
0.053529
0.054919
0.059350
0.083068
0.056181
0.055576
0.053442
0.053913
0.054562
0.054880
0.054943
0.055860
0.053796
0.054447
0.053944
0.055468
0.055148
0.055213
0.054209
0.054520
0.054980
0.062859
0.054258
0.056053
0.054048
0.053803
0.053602
0.054571
0.086388
0.055548
0.053158
0.053761
0.053788
0.054407
0.054779
0.055534
0.053939
0.081073
0.053916
0.054479
0.055285
0.054482
0.053932
0.054115
0.053391
0.054546
0.054050
0.054990
0.057624
0.053120
0.054123
0.054536
0.055104
0.054820
0.053056
0.053237
0.054026
0.053617
0.056105
0.055181
0.053061
0.053775
0.053204
0.054353
0.053980
0.054405
0.053745
0.054052
0.053782
0.053876
0.054437
0.055178
0.053777
0.053046
0.054100
0.054685
0.054262
0.055450
0.052901
0.053790
0.053212
0.061209
0.054198
0.054684
0.052931
0.053046
0.053461
0.053704
0.054323
0.054702
0.052663
0.053280
0.053728
0.053746
0.054577
0.055094
0.052612
0.053071
0.054288
0.054689
0.054780
0.055056
0.054169
0.053199
0.054018
0.053662
0.055128
0.055045
0.053010
0.053768
0.053107
0.054503
0.054143
0.054301
0.053537
0.053754
0.053865
0.053567
0.054562
0.054693
0.053676
0.053069
0.054198
0.057456
0.054675
0.055020
0.053070
0.054074
0.053259
0.054008
0.055063
0.055572
0.053607
0.053529
0.053317
0.053686
0.054662
0.054254
0.053468
0.053944
0.061127
0.053732
0.054014
0.054369
0.052789
0.053118
0.053396
0.053645
0.054130
0.054184
0.053278
0.053691
0.053653
0.053768
0.054679
0.055669
0.053599
0.054962
0.053475
0.054420
0.054276
0.054642
0.053842
0.054305
0.054599
0.054190
0.054282
0.054428
0.053765
0.053018
0.053997
0.054443
0.054570
0.054942
0.052685
0.053861
0.053217
0.053574
0.055331
0.055003
0.053552
0.053082
0.053743
0.054237
0.055163
0.054834
0.053980
0.054359
0.053657
0.054319
0.054395
0.055158
0.052729
0.053362
0.054252
0.054935
0.054487
0.054628
0.063687
0.056650
0.053608
0.053744
0.054096
0.054338
0.053104
0.053160
0.053173
0.053698
0.054232
0.054438
0.052932
0.055106
0.053516
0.053580
0.054334
0.054583
0.054149
0.053082
0.054250
0.055042
0.054599
0.054894
0.053042
0.054029
0.053338
0.055786
0.055420
0.055520
0.053593
0.054335
0.055806
0.054359
0.055035
0.054962
0.082821
0.053898
0.053466
0.054423
0.054397
0.055095
0.052707
0.053253
0.054136
0.054592
0.055339
0.055179
0.053107
0.053248
0.054121
0.053677
0.055074
0.056141
0.053108
0.053704
0.053319
0.061497
0.054207
0.055054
0.053485
0.053734
0.053329
0.053610
0.054619
0.054908
0.052894
0.053289
0.053291
0.053843
0.054632
0.054501
0.053901
0.053884
0.053049
0.053687
0.057880
0.055754
0.053637
0.053089
0.053482
0.053759
0.055044
0.054379
0.053456
0.053877
0.053462
0.054362
0.053846
0.055021
0.052629
0.052992
0.053960
0.054739
0.054799
0.054415
0.052920
0.053209
0.054019
0.053611
0.054807
0.055096
0.052911
0.053759
0.053245
0.055606
0.053938
0.054161
0.053550
0.054183
0.061231
0.054238
0.054830
0.054690
0.053208
0.053134
0.053661
0.054139
0.054344
0.054239
0.053094
0.053158
0.053337
0.054127
0.054595
0.055328
0.053545
0.053554
0.053807
0.054019
0.055057
0.054777
0.053703
0.054366
0.053307
0.054309
0.054496
0.055496
0.052603
0.053434
0.054286
0.054352
0.054402
0.054651
0.053216
0.053431
0.054350
0.053513
0.054954
0.056112
0.053065
0.064463
0.054005
0.054127
0.053874
0.054987
0.053623
0.054097
0.053440
0.053644
0.054089
0.054977
0.052937
0.053300
0.053333
0.054076
0.054295
0.055560
0.052732
0.053987
0.053192
0.053661
0.054645
0.055536
0.053504
0.053496
0.053880
0.054091
0.055060
0.054808
0.053678
0.054215
0.053419
0.054315
0.054139
0.055538
0.052672
0.053189
0.054397
0.054733
0.054548
0.055017
0.053237
0.053392
0.054321
0.053646
0.054726
0.055918
0.052973
0.053717
0.053399
0.054371
0.054086
0.054716
0.053825
0.054280
0.054067
0.061222
0.054409
0.054611
0.053103
0.053305
0.053685
0.054273
0.054391
0.054480
0.053072
0.053284
0.053363
0.054016
0.054624
0.055155
0.053596
0.054599
0.060338
0.054087
0.059486
0.054832
0.053513
0.054038
0.053593
0.054434
0.054054
0.055148
0.052817
0.052940
0.054280
0.054597
0.055054
0.054756
0.052851
0.053121
0.054207
0.053532
0.055000
0.056068
0.053026
0.053801
0.053447
0.054311
0.054105
0.054434
0.053814
0.054240
0.054033
0.054203
0.054759
0.054744
0.060626
0.053157
0.053417
0.053916
0.054358
0.054119
0.053060
0.053151
0.053120
0.053909
0.054452
0.055039
0.052941
0.053605
0.054047
0.054248
0.054886
0.054717
0.053711
0.056751
0.054044
0.055675
0.055477
0.054918
0.052628
0.053208
0.054353
0.054737
0.056526
0.054784
0.052900
0.053358
0.054096
0.053710
0.054554
0.055655
0.053115
0.053682
0.053316
0.054387
0.053731
0.054644
0.053488
0.053748
0.056758
0.054437
0.054775
0.055316
0.053829
0.053056
0.054145
0.055096
0.054482
0.055505
0.052679
0.060854
0.053321
0.053639
0.054186
0.054759
0.052965
0.052966
0.053305
0.053788
0.054426
0.054844
0.052795
0.053344
0.053659
0.053895
0.053951
0.055608
0.052675
0.053242
0.054307
0.054615
0.054864
0.055008
0.053270
0.053467
0.054370
0.053729
0.054582
0.055928
0.052858
0.053656
0.053270
0.054318
0.053538
0.054840
0.053739
0.054079
0.054324
0.053647
0.054522
0.055082
0.053515
0.053002
0.061123
0.053932
0.054452
0.054592
0.052724
0.053158
0.053070
0.053589
0.054157
0.055210
0.052854
0.053602
0.054019
0.054331
0.054275
0.054827
0.053654
0.054280
0.053551
0.054282
0.053787
0.058284
0.052886
0.053383
0.054466
0.054532
0.076646
0.054968
0.052935
0.053248
0.054088
0.053515
0.054606
0.055633
0.053140
0.053759
0.053327
0.054408
0.053672
0.054775
0.053638
0.054495
0.054240
0.054083
0.054355
0.055401
0.054049
0.053482
0.054677
0.055091
0.054832
0.062809
0.053078
0.053774
0.054089
0.054058
0.054143
0.054841
0.053191
0.062057
0.054482
0.054186
0.054582
0.055289
0.054238
0.053712
0.053711
0.054510
0.054134
0.055717
0.052785
0.053227
0.054082
0.054543
0.054532
0.054781
0.052913
0.053117
0.054101
0.053647
0.054284
0.055952
0.052967
0.053757
0.053235
0.054347
0.053586
0.054973
0.053771
0.054307
0.053997
0.053900
0.055790
0.055234
0.053861
0.053135
0.058510
0.054660
0.053982
0.055531
0.052692
0.053937
0.053046
0.053742
0.054452
0.055762
0.053629
0.052922
0.053489
0.053839
0.054559
0.054821
0.053408
0.054334
0.060863
0.053891
0.053957
0.054723
0.052682
0.053141
0.053250
0.053611
0.053752
0.054799
0.053484
0.054807
0.053481
0.053878
0.054312
0.055666
0.052967
0.053730
0.053092
0.054532
0.053881
0.054755
0.053605
0.053917
0.053904
0.053751
0.057256
0.056467
0.053902
0.053092
0.054080
0.054759
0.055915
0.057228
0.054861
0.066117
0.054736
0.056975
0.056716
0.055947
0.053581
0.053473
0.053507
0.053668
0.054965
0.054915
0.053855
0.055083
0.053788
0.054467
0.054328
0.055589
0.052691
0.053302
0.054185
0.054742
0.055087
0.083129
0.063564
0.053561
0.053738
0.053856
0.054480
0.054388
0.053096
0.053125
0.053092
0.053711
0.054073
0.054675
0.052991
0.053400
0.053346
0.053630
0.054709
0.054748
0.054854
0.055257
0.056133
0.055663
0.054437
0.055028
0.052776
0.054202
0.053319
0.053731
0.054455
0.054926
0.053631
0.053082
0.053386
0.054140
0.055298
0.054255
0.053870
0.054420
0.053476
0.054350
0.054494
0.054995
0.054107
0.053358
0.054286
0.054864
0.055383
0.054735
0.053017
0.053444
0.054465
0.053631
0.054575
0.056029
0.052883
0.053730
0.053426
0.061360
0.054149
0.054473
0.053331
0.053627
0.053412
0.053897
0.054724
0.054370
0.052894
0.053100
0.053287
0.053836
0.054653
0.054948
0.052664
0.053949
0.053055
0.056402
0.055109
0.055913
0.054768
0.053150
0.053562
0.053921
0.055052
0.054866
0.053544
0.054040
0.053733
0.054575
0.054427
0.055116
0.052780
0.053093
0.053992
0.054458
0.054566
0.054767
0.053382
0.053474
0.054316
0.053866
0.054897
0.056350
0.054113
0.055251
0.053717
0.054887
0.054447
0.055290
0.054017
0.054385
0.054309
0.054384
0.053965
0.055360
0.078545
0.053352
0.053776
0.061779
0.054389
0.054793
0.052941
0.053372
0.053180
0.053601
0.053868
0.054802
0.052922
0.053082
0.053425
0.054112
0.053988
0.055042
0.053488
0.054533
0.053472
0.054408
0.054247
0.055592
0.052729
0.053232
0.054282
0.054773
0.054541
0.054643
0.054405
0.053529
0.054301
0.053637
0.054633
0.055528
0.056240
0.053980
0.053329
0.054466
0.053726
0.054929
0.053686
0.054039
0.054307
0.053777
0.054278
0.054952
0.053576
0.053072
0.053928
0.054537
0.053858
0.055459
0.052903
0.053898
0.053185
0.061638
0.054483
0.055202
0.053003
0.053705
0.053927
0.054068
0.054499
0.054340
0.053086
0.053700
0.053644
0.053663
0.054462
0.054483
0.052689
0.052995
0.054070
0.054400
0.054512
0.054614
0.053189
0.053500
0.054364
0.053611
0.054940
0.055949
0.052918
0.053775
0.053456
0.054369
0.053965
0.054446
0.053840
0.054192
0.054415
0.053654
0.054235
0.054902
0.053518
0.053049
0.053904
0.054406
0.054291
0.054898
0.052596
0.053763
0.053268
0.053541
0.054603
0.055047
0.053493
0.053340
0.064618
0.054202
0.054560
0.057555
0.053459
0.054331
0.053448
0.053495
0.054742
0.056340
0.052962
0.053729
0.053410
0.053891
0.054165
0.054783
0.053024
0.053205
0.054085
0.053767
0.054927
0.055665
0.052984
0.053790
0.053156
0.054440
0.054054
0.055112
0.053890
0.054156
0.054085
0.053997
0.054651
0.054773
0.053811
0.053109
0.054147
0.055003
0.053915
0.054909
0.053105
0.053828
0.053232
0.053972
0.054670
0.056001
0.053528
0.053495
0.053691
0.055323
0.055677
0.056383
0.053745
0.054541
0.053539
0.054388
0.054261
0.055558
0.052657
0.060875
0.053511
0.053882
0.053957
0.054791
0.054498
0.053331
0.053561
0.053729
0.054265
0.054969
0.053196
0.053237
0.053599
0.054018
0.053617
0.054863
0.053893
0.054218
0.054045
0.057046
0.054442
0.055380
0.054337
0.053050
0.054423
0.057812
0.054182
0.055188
0.053282
0.053899
0.053403
0.053739
0.054614
0.055648
0.053552
0.053083
0.053370
0.054045
0.054596
0.054431
0.053436
0.053938
0.053591
0.054294
0.054043
0.055567
0.052646
0.053196
0.054195
0.054761
0.054467
0.055093
0.055111
0.053556
0.054272
0.055990
0.057211
0.056014
0.053005
0.053826
0.053684
0.061475
0.053779
0.054787
0.053065
0.053297
0.053452
0.053437
0.054137
0.054759
0.052806
0.053041
0.053253
0.053833
0.054552
0.054875
0.052866
0.053907
0.053326
0.053867
0.055272
0.055874
0.053593
0.053461
0.053827
0.054305
0.055178
0.054340
0.053603
0.054365
0.053581
0.054339
0.054388
0.055026
0.052616
0.053348
0.054581
0.063303
0.055333
0.054335
0.052851
0.053278
0.054178
0.053807
0.054839
0.055161
0.052934
0.053922
0.053183
0.054367
0.053639
0.054190
0.053736
0.053749
0.054120
0.061495
0.054035
0.054766
0.054184
0.053962
0.055068
0.053859
0.054772
0.054786
0.052850
0.053311
0.053364
0.053814
0.054459
0.054699
0.053461
0.052942
0.053481
0.053763
0.054608
0.054142
0.053653
0.054323
0.053571
0.054322
0.054090
0.054907
0.052661
0.053156
0.054283
0.054710
0.054975
0.054538
0.053287
0.053425
0.054219
0.053591
0.054816
0.055261
0.052839
0.053692
0.053474
0.054427
0.061339
0.054440
0.053249
0.053479
0.053407
0.054011
0.054481
0.054605
0.053038
0.053024
0.053220
0.053789
0.054388
0.054277
0.052978
0.053863
0.056903
0.053780
0.054858
0.055097
0.053549
0.053057
0.053477
0.053900
0.055966
0.054936
0.053551
0.053957
0.053848
0.054497
0.054304
0.055095
0.052767
0.052987
0.054171
0.054403
0.054735
0.054131
0.052917
0.053174
0.054397
0.053679
0.054934
0.055457
0.053068
0.054160
0.053712
0.054545
0.054721
0.054447
0.061094
0.054042
0.054221
0.054275
0.055018
0.054821
0.053827
0.054229
0.054734
0.054977
0.055627
0.055531
0.054016
0.054128
0.054568
0.054711
0.055633
0.056423
0.054490
0.053662
0.054431
0.055271
0.055648
0.059746
0.057767
0.058879
0.060237
0.058875
0.058962
0.058816
0.057782
0.057719
0.057486
0.057716
0.056395
0.055307
0.056189
0.055358
0.056609
0.054798
0.055586
0.056233
0.054105
0.060052
0.054038
0.055577
0.054624
0.054444
0.053916
0.053976
0.054270
0.053956
0.054419
0.054400
0.053647
0.053028
0.053956
0.054456
0.062475
0.054686
0.058554
0.054195
0.054397
0.054559
0.055393
0.054439
0.052825
0.053139
0.053656
0.054060
0.054152
0.054575
0.052931
0.053944
0.053599
0.054504
0.054309
0.055158
0.052598
0.053302
0.054310
0.054742
0.054938
0.055085
0.053189
0.053502
0.054343
0.053705
0.054880
0.055855
0.052997
0.053697
0.053407
0.054321
0.054026
0.054367
0.053808
0.054218
0.054190
0.053860
0.054592
0.054547
0.053711
0.053158
0.054166
0.054792
0.055484
0.055151
0.052713
0.053886
0.053286
0.053566
0.055290
0.055076
0.053576
0.052956
0.064070
0.053844
0.054278
0.054299
0.052862
0.056660
0.053566
0.053811
0.054381
0.054944
0.052928
0.053189
0.053471
0.053962
0.054454
0.054258
0.052929
0.053185
0.053910
0.053664
0.054993
0.055063
0.052978
0.053715
0.053547
0.054448
0.054034
0.054602
0.053938
0.054226
0.054176
0.053957
0.054840
0.055155
0.053686
0.053037
0.054188
0.054882
0.054272
0.054904
0.052902
0.053969
0.053222
0.053973
0.055142
0.055413
0.053519
0.053581
0.053900
0.054132
0.055191
0.061712
0.053390
0.054089
0.053611
0.053962
0.054324
0.054381
0.052700
0.053142
0.053403
0.053962
0.054455
0.054426
0.053149
0.053678
0.054142
0.053587
0.054899
0.055678
0.053020
0.053777
0.053621
0.054407
0.054241
0.054574
0.053947
0.054176
0.054078
0.054003
0.054583
0.054611
0.057295
0.053077
0.054342
0.054753
0.054395
0.055049
0.052825
0.054505
0.053473
0.053598
0.055247
0.055625
0.053695
0.053261
0.053498
0.053901
0.054857
0.054814
0.053541
0.053987
0.061482
0.053996
0.054241
0.054329
0.052784
0.053035
0.053418
0.053681
0.054030
0.054177
0.053084
0.053418
0.053615
0.053821
0.054490
0.056967
0.053197
0.053774
0.053288
0.054551
0.054162
0.054385
0.053648
0.055247
0.054006
0.053693
0.054428
0.055044
0.053577
0.053020
0.053819
0.054483
0.054444
0.055475
0.052861
0.053826
0.053261
0.054030
0.055473
0.055401
0.053555
0.054407
0.053597
0.054094
0.054734
0.054767
0.053757
0.054333
0.053590
0.054392
0.053975
0.055542
0.052735
0.053238
0.054195
0.061987
0.054344
0.058597
0.053023
0.053364
0.053480
0.053674
0.053823
0.054630
0.053124
0.053254
0.053700
0.053829
0.054262
0.054648
0.053726
0.053857
0.053942
0.053558
0.054386
0.054355
0.056674
0.054188
0.055264
0.054995
0.065116
0.056281
0.053147
0.056825
0.054987
0.053593
0.055297
0.059311
0.057558
0.054127
0.054536
0.054755
0.056338
0.055709
0.054856
0.055326
0.054629
0.055286
0.054879
0.056205
0.053771
0.054208
0.055212
0.055901
0.055801
0.055989
0.054225
0.054419
0.055210
0.054605
0.056156
0.063999
0.053940
0.054301
0.054335
0.054831
0.054987
0.055411
0.054151
0.054517
0.054232
0.055046
0.055775
0.055955
0.053870
0.056063
0.055278
0.055845
0.055363
0.055929
0.053979
0.054813
0.054084
0.054535
0.055817
0.059698
0.054690
0.054000
0.054436
0.054696
0.058165
0.055752
0.064012
0.055794
0.053546
0.054408
0.054026
0.055136
0.052799
0.053088
0.054114
0.054471
0.054894
0.054798
0.052948
0.053257
0.053871
0.053726
0.054798
0.055597
0.053057
0.053864
0.053500
0.054406
0.061656
0.054748
0.053427
0.053650
0.053543
0.054240
0.054772
0.055215
0.053245
0.053093
0.053545
0.053848
0.054653
0.054372
0.052983
0.053917
0.053206
0.053677
0.054838
0.055038
0.053569
0.053160
0.053678
0.053993
0.055294
0.054306
0.053617
0.054199
0.053450
0.054312
0.054253
0.055508
0.052597
0.053314
0.054330
0.054692
0.055250
0.055181
0.053214
0.053491
0.054332
0.053641
0.054982
0.055932
0.053058
0.055987
0.054171
0.055797
0.057210
0.054829
0.053741
0.053961
0.054206
0.053704
0.065003
0.054589
0.053113
0.053369
0.053349
0.053930
0.054304
0.054103
0.052644
0.053148
0.053406
0.053653
0.054298
0.054449
0.053272
0.053056
0.053575
0.054124
0.055180
0.054340
0.053738
0.054257
0.053648
0.054245
0.054213
0.054961
0.052731
0.053503
0.054565
0.054811
0.054724
0.054556
0.053187
0.053056
0.054107
0.053720
0.055211
0.056082
0.052885
0.053775
0.053512
0.054365
0.054005
0.054717
0.053823
0.054235
0.054075
0.054006
0.054564
0.054769
0.053600
0.053051
0.054113
0.054776
0.054275
0.055430
0.052990
0.055254
0.054217
0.054881
0.055100
0.062389
0.053120
0.053081
0.053447
0.053804
0.054221
0.054500
0.052750
0.053250
0.053560
0.057012
0.054297
0.054640
0.052942
0.053403
0.054131
0.054519
0.054832
0.054230
0.052906
0.053322
0.053999
0.053672
0.054671
0.055092
0.053047
0.053862
0.053229
0.054362
0.053966
0.054348
0.053721
0.054056
0.053905
0.053873
0.054538
0.054699
0.053827
0.052964
0.054162
0.054797
0.054189
0.054862
0.052979
0.053795
0.053078
0.053748
0.055244
0.055864
0.053448
0.053639
0.053630
0.053948
0.057663
0.056127
0.053615
0.054183
0.053449
0.061284
0.054378
0.054758
0.054137
0.062335
0.056381
0.053870
0.054233
0.054164
0.053011
0.053411
0.053380
0.053790
0.054241
0.055069
0.053220
0.053788
0.053243
0.054445
0.053997
0.055060
0.054114
0.054434
0.054139
0.054038
0.054819
0.055198
0.053713
0.053053
0.057739
0.054995
0.054381
0.055497
0.053059
0.053912
0.053286
0.053772
0.054943
0.055606
0.053465
0.052958
0.053461
0.053789
0.054840
0.054487
0.054731
0.057136
0.074571
0.068558
0.056718
0.057612
0.058883
0.056438
0.064849
0.057603
0.058173
0.057793
0.055525
0.056117
0.056253
0.056387
0.056333
0.056516
0.056334
0.055649
0.058223
0.072657
0.056857
0.056404
0.054719
0.054715
0.054744
0.054083
0.055029
0.055275
0.054950
0.053673
0.054139
0.054780
0.054691
0.055257
0.052662
0.053720
0.053109
0.053584
0.054859
0.054915
0.053450
0.052876
0.053518
0.053737
0.054983
0.054240
0.053646
0.054229
0.053485
0.054202
0.054094
0.054868
0.052569
0.053241
0.054255
0.054708
0.054673
0.054369
0.058626
0.053660
0.061288
0.053743
0.053968
0.055889
0.053107
0.053033
0.053291
0.053675
0.053858
0.054454
0.052825
0.053029
0.053475
0.053701
0.054476
0.054296
0.053405
0.052893
0.054222
0.054871
0.054254
0.065690
0.055376
0.053814
0.053319
0.053690
0.054883
0.055103
0.053711
0.053065
0.053531
0.053856
0.055223
0.054301
0.053445
0.053956
0.053651
0.054297
0.054380
0.054959
0.052664
0.053339
0.054442
0.054830
0.055073
0.055214
0.053253
0.053593
0.054314
0.053644
0.056039
0.057348
0.054943
0.053712
0.053541
0.054411
0.061937
0.054719
0.053135
0.053363
0.053442
0.054111
0.057114
0.055170
0.053197
0.054954
0.053673
0.054280
0.054698
0.054926
0.052974
0.053931
0.053196
0.053863
0.055240
0.059940
0.053775
0.053025
0.053557
0.053936
0.054902
0.054598
0.053417
0.053961
0.056185
0.057302
0.054120
0.055106
0.052863
0.053031
0.054079
0.054468
0.055045
0.054788
0.052908
0.053194
0.054098
0.053587
0.054765
0.055636
0.052969
0.053738
0.053565
0.054372
0.053996
0.054886
0.053792
0.054146
0.053875
0.053890
0.054407
0.054615
0.053715
0.053057
0.061530
0.054462
0.054463
0.054626
0.052651
0.053219
0.053169
0.053899
0.054484
0.055156
0.052933
0.053727
0.054167
0.054315
0.054547
0.054720
0.053681
0.054356
0.053576
0.054402
0.054383
0.054903
0.052671
0.052992
0.054356
0.054677
0.054744
0.054527
0.053299
0.053486
0.054221
0.053779
0.055113
0.055349
0.057260
0.053752
0.053294
0.058438
0.056709
0.054231
0.053743
0.053947
0.054049
0.053628
0.054266
0.054421
0.053516
0.053138
0.053951
0.054616
0.054660
0.054955
0.052673
0.060854
0.053308
0.053592
0.054297
0.054333
0.052995
0.053010
0.053514
0.053740
0.054286
0.054257
0.053149
0.053794
0.053519
0.053823
0.054609
0.054943
0.052659
0.053089
0.054391
0.054827
0.055309
0.055137
0.053267
0.053510
0.054257
0.053623
0.054712
0.055381
0.052962
0.061254
0.053647
0.053953
0.054348
0.054552
0.053253
0.053512
0.055151
0.054113
0.054864
0.054906
0.053213
0.053234
0.054949
0.054003
0.054417
0.054976
0.052640
0.053752
0.053180
0.053549
0.054927
0.055095
0.053470
0.052953
0.053509
0.053701
0.054658
0.054233
0.053309
0.054183
0.056633
0.054420
0.054521
0.055660
0.052754
0.053271
0.054469
0.054919
0.054854
0.055313
0.053474
0.053469
0.054424
0.053763
0.055131
0.055657
0.052965
0.053865
0.053281
0.061573
0.053760
0.054707
0.053048
0.053299
0.053262
0.053401
0.054259
0.055127
0.052718
0.053163
0.053342
0.054291
0.054561
0.054819
0.052860
0.053874
0.053240
0.053817
0.055748
0.055926
0.053482
0.053460
0.053761
0.054127
0.055230
0.054337
0.053727
0.054372
0.053435
0.054437
0.053687
0.055017
0.052628
0.052879
0.054108
0.054606
0.054838
0.054433
0.052943
0.053218
0.054187
0.053731
0.055101
0.055649
0.053022
0.053732
0.053489
0.054456
0.053813
0.054615
0.053820
0.061113
0.053594
0.054082
0.054658
0.054718
0.056243
0.053292
0.053723
0.053815
0.054779
0.054399
0.052861
0.053451
0.053388
0.053937
0.054588
0.054952
0.053450
0.052949
0.053447
0.053672
0.054831
0.054243
0.053371
0.054389
0.053511
0.054367
0.054240
0.054922
0.052715
0.053275
0.054245
0.054726
0.054751
0.054506
0.053215
0.053455
0.054231
0.054867
0.055162
0.055071
0.053005
0.053752
0.053301
0.054398
0.054005
0.054189
0.053554
0.053824
0.054010
0.053545
0.054543
0.054472
0.060577
0.053183
0.053565
0.054305
0.054737
0.054230
0.052936
0.053170
0.053327
0.054082
0.054530
0.054750
0.053002
0.053724
0.054015
0.054094
0.055469
0.054304
0.053605
0.054231
0.053663
0.054364
0.054283
0.054954
0.052704
0.053321
0.054349
0.054853
0.054965
0.057528
0.052674
0.053197
0.054373
0.053717
0.055147
0.055129
0.053008
0.053770
0.053290
0.054421
0.053990
0.054409
0.053663
0.053786
0.054140
0.053990
0.054513
0.054629
0.053674
0.054243
0.053984
0.055010
0.054158
0.061818
0.052861
0.053333
0.053273
0.053620
0.054192
0.054294
0.052894
0.052985
0.053429
0.055492
0.054056
0.054810
0.053313
0.053337
0.053483
0.054261
0.054110
0.055572
0.052519
0.053329
0.054380
0.054635
0.054382
0.054882
0.053264
0.053457
0.054380
0.053463
0.054527
0.055886
0.052916
0.053632
0.053305
0.054296
0.054033
0.054790
0.053668
0.054160
0.054026
0.053808
0.054149
0.055039
0.053783
0.053050
0.054145
0.054744
0.053907
0.062196
0.053172
0.053290
0.053429
0.053886
0.057817
0.054792
0.052946
0.052946
0.053431
0.053895
0.054362
0.055049
0.052832
0.056635
0.053671
0.054670
0.057677
0.055709
0.052977
0.053024
0.056203
0.054583
0.055068
0.054809
0.052885
0.053248
0.054377
0.053741
0.057226
0.056341
0.052941
0.053770
0.053380
0.054498
0.054179
0.054448
0.053848
0.054154
0.054007
0.053981
0.054645
0.055154
0.053859
0.052980
0.054172
0.054899
0.061525
0.054808
0.052878
0.053353
0.053425
0.053942
0.054795
0.055100
0.052887
0.053690
0.054197
0.054173
0.054255
0.055276
0.053319
0.054438
0.053649
0.054415
0.054255
0.055634
0.052727
0.053054
0.054160
0.054464
0.055352
0.054826
0.052929
0.054398
0.054312
0.053561
0.056045
0.055040
0.053034
0.053816
0.056314
0.054466
0.054195
0.054582
0.053640
0.053918
0.054003
0.053571
0.054271
0.054391
0.053597
0.053074
0.053883
0.054490
0.054291
0.061884
0.052942
0.053365
0.053301
0.053622
0.054431
0.054901
0.052862
0.053418
0.054119
0.054242
0.054112
0.054504
0.053198
0.055629
0.053663
0.056083
0.053899
0.055548
0.052632
0.053244
0.053973
0.054323
0.054475
0.054487
0.053435
0.053472
0.054508
0.053556
0.054824
0.055436
0.052798
0.053704
0.053329
0.054338
0.054024
0.054453
0.053839
0.054238
0.053920
0.054126
0.054569
0.054624
0.061324
0.054455
0.053413
0.053868
0.054433
0.054184
0.052736
0.053261
0.053126
0.053689
0.054713
0.054393
0.052830
0.053135
0.053706
0.053808
0.054428
0.054169
0.053646
0.057527
0.053381
0.054373
0.054019
0.055149
0.052686
0.053183
0.054036
0.054498
0.054998
0.054404
0.052948
0.053457
0.053946
0.053583
0.054799
0.055462
0.052857
0.053786
0.053466
0.054677
0.054022
0.054624
0.053880
0.054317
0.053994
0.054212
0.054900
0.054742
0.053902
0.053144
0.054185
0.054825
0.054207
0.054938
0.052859
0.053848
0.053204
0.061421
0.054573
0.054744
0.052947
0.053630
0.054043
0.054208
0.054345
0.054264
0.053013
0.054123
0.053728
0.053782
0.054638
0.055016
0.052833
0.052988
0.054045
0.054356
0.055183
0.054651
0.052907
0.053186
0.054112
0.053526
0.054685
0.056003
0.052971
0.053806
0.053503
0.054305
0.053936
0.054760
0.053867
0.054185
0.055551
0.053918
0.054780
0.057696
0.054015
0.053098
0.054374
0.054553
0.054361
0.054884
0.052635
0.053844
0.053360
0.053866
0.055120
0.061892
0.053105
0.053262
0.053641
0.053767
0.054473
0.054291
0.052779
0.053185
0.053617
0.053616
0.054098
0.054948
0.052902
0.053198
0.054038
0.054483
0.054446
0.054503
0.053301
0.053473
0.054330
0.053530
0.054967
0.055477
0.052914
0.055227
0.053415
0.054351
0.053600
0.054288
0.053484
0.053830
0.053924
0.053513
0.054217
0.054472
0.053540
0.052945
0.053960
0.054483
0.054250
0.055327
0.054114
0.053778
0.053244
0.053895
0.054633
0.055391
0.053402
0.053213
0.053721
0.053866
0.055030
0.054141
0.060922
0.053944
0.053698
0.053774
0.054158
0.054545
0.052790
0.053495
0.053489
0.053889
0.056779
0.054911
0.053038
0.053521
0.053530
0.053729
0.054386
0.055198
0.052984
0.053869
0.053288
0.054473
0.053995
0.054484
0.053619
0.053867
0.054086
0.053812
0.054619
0.054665
0.053808
0.053078
0.054124
0.054879
0.054237
0.075422
0.052738
0.054096
0.054558
0.053655
0.054604
0.055439
0.053670
0.053267
0.053583
0.053963
0.054856
0.054915
0.053450
0.053906
0.053618
0.054243
0.053658
0.054982
0.052687
0.060817
0.053657
0.054043
0.054208
0.054353
0.052946
0.053362
0.053713
0.053709
0.054512
0.054951
0.053121
0.053044
0.053641
0.053918
0.054020
0.054453
0.053963
0.054295
0.054025
0.054217
0.054919
0.055086
0.053703
0.053018
0.053961
0.054885
0.054322
0.054931
0.052902
0.053730
0.056290
0.054012
0.055010
0.055519
0.053561
0.053604
0.053776
0.054102
0.055138
0.054817
0.053717
0.053960
0.054763
0.054466
0.054352
0.055051
0.052731
0.052979
0.054067
0.054434
0.054826
0.054195
0.052930
0.053226
0.053978
0.053544
0.054870
0.055164
0.052972
0.053746
0.061291
0.053914
0.053718
0.054736
0.053270
0.053621
0.053435
0.054387
0.055075
0.054943
0.053166
0.053257
0.053893
0.054350
0.054797
0.055916
0.052899
0.054245
0.053542
0.053729
0.055401
0.055155
0.053763
0.053206
0.053644
0.054207
0.055508
0.054522
0.053525
0.054215
0.053630
0.054423
0.054042
0.055107
0.052759
0.052996
0.054086
0.054461
0.054804
0.054926
0.053505
0.054156
0.054739
0.053587
0.055032
0.057238
0.056867
0.054060
0.053349
0.054553
0.054288
0.054970
0.053846
0.054091
0.054032
0.053822
0.064945
0.054593
0.053560
0.053438
0.053567
0.054111
0.054383
0.054152
0.052691
0.053251
0.053193
0.053682
0.054339
0.054485
0.053015
0.053012
0.054346
0.054694
0.055592
0.054362
0.053899
0.055176
0.053690
0.054357
0.054393
0.055224
0.055511
0.054719
0.054429
0.054851
0.054961
0.055037
0.053825
0.054102
0.054896
0.053619
0.055088
0.056272
0.053140
0.053826
0.053531
0.054491
0.054097
0.054987
0.054283
0.054362
0.054191
0.054494
0.054577
0.054622
0.054057
0.053078
0.055471
0.054397
0.064657
0.054459
0.052899
0.053423
0.053397
0.053720
0.054137
0.054469
0.052780
0.053053
0.053528
0.053991
0.058068
0.055151
0.052950
0.054103
0.053706
0.054493
0.054131
0.055055
0.052886
0.053015
0.054106
0.054575
0.055359
0.054257
0.055289
0.054770
0.054300
0.053740
0.055177
0.056845
0.053114
0.053847
0.053625
0.054556
0.054050
0.055209
0.054049
0.054422
0.053941
0.054532
0.055182
0.055230
0.054561
0.053107
0.054234
0.055548
0.054569
0.054988
0.053280
0.054026
0.063598
0.054228
0.055071
0.054824
0.052925
0.053764
0.054204
0.054694
0.055099
0.055837
0.052811
0.053509
0.053671
0.053866
0.054682
0.055273
0.052784
0.052977
0.054073
0.054527
0.055189
0.054818
0.052948
0.053333
0.054201
0.053752
0.055571
0.056347
0.053110
0.053807
0.064225
0.054274
0.054219
0.054932
0.053795
0.053835
0.056257
0.054336
0.055023
0.055502
0.054123
0.053405
0.053444
0.054249
0.054802
0.055008
0.052735
0.054081
0.053200
0.053736
0.055093
0.055067
0.053621
0.053365
0.053391
0.053982
0.055236
0.054318
0.053804
0.054897
0.053608
0.054404
0.054671
0.055738
0.052665
0.053583
0.054461
0.054918
0.055171
0.055009
0.053768
0.054069
0.054833
0.053605
0.055242
0.056069
0.053348
0.053782
0.053263
0.054506
0.054352
0.054600
0.063257
0.053591
0.053417
0.053678
0.054489
0.054905
0.053138
0.053346
0.053142
0.053924
0.054529
0.054712
0.052836
0.053480
0.053502
0.054223
0.055489
0.055800
0.053542
0.053632
0.054206
0.054703
0.055602
0.054669
0.053854
0.055273
0.053555
0.054388
0.054717
0.055665
0.055747
0.053029
0.054114
0.054486
0.055044
0.055509
0.053707
0.054237
0.055075
0.053719
0.055180
0.056217
0.053122
0.053726
0.053648
0.054527
0.054250
0.054804
0.054022
0.054281
0.063609
0.053833
0.054266
0.054661
0.053327
0.053050
0.054559
0.054021
0.054564
0.054206
0.052762
0.053384
0.053389
0.053857
0.054511
0.055065
0.053552
0.052945
0.053292
0.053945
0.055178
0.054681
0.053806
0.055186
0.053624
0.054324
0.054619
0.055268
0.052669
0.053489
0.054527
0.054896
0.054738
0.055003
0.053628
0.054095
0.054890
0.053581
0.055003
0.065553
0.053332
0.053200
0.053674
0.054053
0.054204
0.054731
0.053535
0.053544
0.053451
0.054407
0.054972
0.055796
0.054094
0.055481
0.054233
0.055339
0.056829
0.055633
0.053316
0.054242
0.053192
0.054412
0.055632
0.056952
0.054192
0.053653
0.053387
0.053829
0.055266
0.054630
0.053809
0.054224
0.053717
0.054491
0.054620
0.055188
0.052891
0.053100
0.054218
0.054572
0.054968
0.054188
0.052920
0.054893
0.055930
0.053606
0.058427
0.058295
0.065047
0.053299
0.055163
0.054610
0.055122
0.056171
0.054388
0.054720
0.054204
0.055245
0.055444
0.056113
0.054814
0.054633
0.055223
0.057003
0.055322
0.055277
0.054144
0.057328
0.054056
0.054557
0.054767
0.055508
0.053826
0.054225
0.054369
0.054639
0.055083
0.055161
0.054000
0.056575
0.054478
0.054658
0.056221
0.056152
0.053564
0.054258
0.054873
0.055010
0.055009
0.055829
0.053825
0.054704
0.068564
0.054769
0.058188
0.056292
0.054458
0.054190
0.054378
0.054974
0.054672
0.055308
0.054028
0.054512
0.054353
0.054743
0.055097
0.055383
0.054501
0.052933
0.053932
0.054723
0.054463
0.054264
0.053546
0.053985
0.053172
0.054903
0.054853
0.055256
0.052758
0.053756
0.054316
0.053839
0.054493
0.054394
0.054672
0.055317
0.053627
0.053729
0.055168
0.055296
0.053641
0.053884
0.053925
0.054008
0.054533
0.065327
0.053289
0.053747
0.053909
0.053814
0.055243
0.055908
0.053123
0.053085
0.053677
0.053881
0.054251
0.054822
0.053184
0.053437
0.053968
0.053719
0.054593
0.056273
0.053268
0.054971
0.055233
0.057134
0.054855
0.056077
0.053580
0.053257
0.054019
0.054682
0.054729
0.054487
0.056743
0.053102
0.054159
0.054571
0.055407
0.055421
0.053709
0.054255
0.053454
0.053774
0.055248
0.055128
0.053692
0.053861
0.054086
0.055721
0.055735
0.055969
0.055385
0.054235
0.055099
0.065636
0.055377
0.055868
0.054161
0.054148
0.054405
0.054703
0.055447
0.056157
0.054184
0.054575
0.054360
0.054688
0.055534
0.055779
0.054628
0.055052
0.054969
0.056698
0.055292
0.055499
0.054544
0.054321
0.054259
0.055473
0.056752
0.057034
0.054658
0.055439
0.055071
0.055115
0.057188
0.056790
0.055620
0.055195
0.054280
0.054757
0.056001
0.055260
0.053962
0.053975
0.055137
0.055526
0.056311
0.055255
0.054591
0.053934
0.054923
0.055627
0.055944
0.057562
0.053871
0.054214
0.054978
0.055909
0.058548
0.056680
0.064533
0.054568
0.054456
0.054481
0.055118
0.055232
0.053929
0.054290
0.054341
0.055013
0.055379
0.055323
0.053776
0.054275
0.054784
0.054690
0.055757
0.057002
0.054672
0.054609
0.055168
0.054918
0.056280
0.055902
0.055631
0.054510
0.054360
0.055408
0.055802
0.056174
0.054211
0.054738
0.055579
0.055042
0.056198
0.055601
0.054680
0.054472
0.055482
0.054918
0.055912
0.055489
0.053708
0.054785
0.055043
0.054497
0.055347
0.055139
0.054680
0.054143
0.054848
0.054548
0.055172
0.055459
0.054626
0.064704
0.055229
0.055211
0.055068
0.055269
0.053918
0.055113
0.055010
0.055497
0.056202
0.056115
0.053902
0.055056
0.054893
0.054873
0.055294
0.055567
0.054447
0.054303
0.063532
0.055351
0.055881
0.056150
0.054041
0.054177
0.055283
0.054901
0.056366
0.055917
0.054012
0.054106
0.054072
0.054887
0.056078
0.055667
0.053615
0.054931
0.055018
0.056652
0.055811
0.056523
0.054851
0.054638
0.055042
0.055720
0.055292
0.055255
0.055539
0.081455
0.055890
0.065091
0.054479
0.054762
0.053028
0.053271
0.053508
0.053877
0.054086
0.054885
0.052841
0.053100
0.053602
0.054009
0.054734
0.055133
0.054798
0.053658
0.053340
0.053734
0.055259
0.056786
0.053616
0.054110
0.054513
0.054329
0.055094
0.055971
0.052987
0.053899
0.054008
0.054452
0.054764
0.055096
0.052967
0.053228
0.054044
0.055608
0.056432
0.055718
0.054798
0.053836
0.053642
0.055250
0.055400
0.055646
0.056861
0.054436
0.054140
0.053675
0.054290
0.054406
0.054549
0.053988
0.054258
0.053944
0.055416
0.065178
0.056638
0.054344
0.054993
0.054008
0.054274
0.054387
0.052976
0.053109
0.053485
0.053948
0.054559
0.054610
0.053155
0.053727
0.054316
0.053965
0.054534
0.054540
0.053776
0.053055
0.053743
0.054860
0.055044
0.054838
0.053125
0.053963
0.054213
0.056037
0.056521
0.056639
0.054921
0.053825
0.053480
0.054878
0.055156
0.054318
0.053082
0.054345
0.054133
0.054836
0.054620
0.055093
0.053489
0.055252
0.055701
0.055426
0.056376
0.054947
0.052961
0.054146
0.053337
0.053585
0.054201
0.055542
0.053548
0.054049
0.063742
0.054071
0.054980
0.055572
0.054355
0.054599
0.054598
0.054389
0.057665
0.056663
0.053847
0.054662
0.053462
0.054011
0.054702
0.054551
0.052892
0.053166
0.053286
0.054698
0.055113
0.055887
0.053823
0.053287
0.053517
0.054490
0.054167
0.054349
0.052935
0.054110
0.057248
0.053641
0.054034
0.054282
0.053517
0.054912
0.055510
0.055660
0.055196
0.055415
0.052906
0.054129
0.054147
0.054283
0.054811
0.055563
0.053483
0.053000
0.053372
0.053610
0.055072
0.065169
0.054521
0.054349
0.054311
0.054314
0.054351
0.054692
0.052993
0.053750
0.053884
0.054093
0.054693
0.054559
0.053056
0.053398
0.054051
0.054560
0.055121
0.055320
0.053804
0.054179
0.054395
0.055053
0.055785
0.054455
0.054144
0.054951
0.055046
0.053907
0.054256
0.064887
0.053003
0.053491
0.053628
0.056865
0.054396
0.054905
0.052853
0.053182
0.053260
0.053668
0.054338
0.054981
0.053176
0.053204
0.053091
0.053652
0.054441
0.055045
0.053555
0.054043
0.054089
0.054697
0.054016
0.055746
0.052752
0.053443
0.053643
0.054858
0.054787
0.054529
0.053166
0.053073
0.054077
0.055238
0.065297
0.055824
0.052979
0.053242
0.053311
0.053937
0.054140
0.054707
0.053250
0.053392
0.053424
0.053636
0.054638
0.055946
0.054635
0.055688
0.056804
0.055406
0.054605
0.057044
0.052737
0.053900
0.053354
0.053617
0.054235
0.055928
0.053640
0.053291
0.053365
0.053622
0.054028
0.055663
0.053617
0.054101
0.053522
0.054559
0.054228
0.055199
0.052731
0.053717
0.053786
0.054820
0.054929
0.054895
0.053197
0.064465
0.054350
0.055474
0.056548
0.065796
0.053842
0.053809
0.053322
0.053869
0.054143
0.054409
0.053002
0.053206
0.053441
0.053746
0.054199
0.055150
0.053023
0.053370
0.054214
0.054653
0.053844
0.055072
0.052885
0.054108
0.053435
0.055314
0.054486
0.055387
0.053641
0.053085
0.053569
0.053698
0.054349
0.056390
0.054989
0.054654
0.054092
0.054882
0.054295
0.055393
0.052715
0.053905
0.053373
0.054435
0.054970
0.054582
0.052614
0.063437
0.053491
0.054004
0.054383
0.055235
0.052967
0.053266
0.053426
0.053950
0.053900
0.055291
0.053357
0.053385
0.053421
0.053855
0.054368
0.054723
0.053452
0.054676
0.055420
0.055361
0.054686
0.055618
0.052911
0.054085
0.053170
0.055304
0.054436
0.055919
0.056444
0.053968
0.053736
0.053826
0.054881
0.055216
0.054775
0.054953
0.054088
0.054264
0.054230
0.055589
0.052823
0.053929
0.053424
0.054558
0.055176
0.064599
0.052876
0.053275
0.053271
0.053728
0.054290
0.054565
0.052910
0.055405
0.067409
0.055832
0.061077
0.096062
0.056427
0.055129
0.056210
0.059041
0.058801
0.057196
0.055356
0.055817
0.056428
0.056733
0.056072
0.058838
0.066763
0.055939
0.054434
0.055117
0.054948
0.055999
0.054515
0.054762
0.054487
0.054451
0.054374
0.055481
0.054010
0.054343
0.064046
0.053722
0.053915
0.054623
0.052731
0.053166
0.053414
0.053662
0.054210
0.054626
0.052831
0.053229
0.053565
0.053938
0.053984
0.055235
0.053468
0.053453
0.053338
0.054709
0.059936
0.071546
0.053225
0.055427
0.054250
0.054409
0.054261
0.054362
0.052685
0.053155
0.053926
0.054684
0.054293
0.056215
0.054735
0.055408
0.053201
0.054500
0.053974
0.055128
0.053703
0.053706
0.053108
0.053662
0.054111
0.054433
0.053701
0.054115
0.053449
0.063961
0.054337
0.054856
0.054706
0.054218
0.053969
0.054221
0.054348
0.054292
0.053070
0.053301
0.054092
0.054315
0.055178
0.055531
0.053496
0.053555
0.053264
0.054426
0.054274
0.055845
0.053324
0.053841
0.054091
0.054446
0.054431
0.054278
0.053540
0.053600
0.055385
0.066554
0.054801
0.054575
0.053150
0.053613
0.053181
0.053908
0.054470
0.054467
0.053063
0.053230
0.053418
0.054319
0.054174
0.055120
0.053813
0.054098
0.053344
0.059033
0.054366
0.056841
0.053346
0.054930
0.055144
0.053799
0.055373
0.055126
0.052875
0.053109
0.053226
0.053909
0.055043
0.055358
0.053197
0.054026
0.053290
0.053522
0.054012
0.056411
0.053734
0.065730
0.053661
0.053737
0.054137
0.054185
0.052855
0.053610
0.054679
0.054285
0.054606
0.054207
0.052897
0.053308
0.053433
0.054921
0.055563
0.054801
0.053726
0.053976
0.053879
0.053691
0.054582
0.055560
0.053723
0.054570
0.053851
0.055268
0.054178
0.054351
0.053522
0.054236
0.053577
0.055161
0.054931
0.055519
0.053159
0.053086
0.053098
0.054293
0.056261
0.056551
0.054709
0.054390
0.065105
0.053783
0.055801
0.056621
0.054488
0.053110
0.053437
0.053776
0.054401
0.054971
0.052944
0.053307
0.056777
0.054215
0.054784
0.054929
0.052842
0.054179
0.053267
0.054530
0.054331
0.055672
0.052803
0.053945
0.053265
0.054495
0.054154
0.054930
0.052921
0.054041
0.053816
0.053865
0.055671
0.055899
0.053668
0.054576
0.053516
0.059121
0.056496
0.056078
0.054149
0.054371
0.053875
0.066530
0.054885
0.055583
0.053428
0.053728
0.054083
0.054014
0.055484
0.055493
0.053136
0.054126
0.053191
0.054433
0.054396
0.055098
0.052768
0.053147
0.053384
0.054647
0.053772
0.065274
0.076692
0.053287
0.053710
0.080100
0.055994
0.056934
0.069186
0.055261
0.054641
0.055719
0.058006
0.056115
0.053711
0.054460
0.054139
0.054452
0.056027
0.056476
0.054370
0.058246
0.055422
0.056211
0.055586
0.055216
0.057228
0.054122
0.054486
0.055018
0.054641
0.055705
0.053133
0.053393
0.054048
0.053992
0.054948
0.055137
0.052789
0.053893
0.054141
0.053760
0.054183
0.055035
0.053517
0.054043
0.053339
0.055612
0.055116
0.054404
0.053928
0.054144
0.055034
0.053895
0.054319
0.055262
0.053706
0.053653
0.053647
0.054571
0.055210
0.056195
0.054015
0.064748
0.053543
0.053959
0.054399
0.054609
0.053007
0.053315
0.053241
0.053727
0.054393
0.056608
0.053709
0.053595
0.053982
0.054607
0.055727
0.055307
0.054087
0.054006
0.053579
0.055084
0.055296
0.054758
0.053475
0.054174
0.053961
0.053900
0.054641
0.055027
0.053453
0.054011
0.054332
0.054402
0.054890
0.054464
0.054352
0.053373
0.055127
0.053871
0.054552
0.059179
0.053421
0.053711
0.053788
0.054700
0.055365
0.056087
0.053611
0.054542
0.055201
0.054576
0.055122
0.054933
0.053720
0.054085
0.053280
0.054454
0.054068
0.055164
0.063407
0.053501
0.053747
0.054356
0.054294
0.054626
0.053094
0.053502
0.053240
0.053870
0.055059
0.054896
0.053270
0.055100
0.054343
0.055223
0.054384
0.054909
0.052894
0.054071
0.054016
0.054534
0.055201
0.055136
0.052796
0.054209
0.054263
0.054748
0.053987
0.054696
0.053786
0.055730
0.057261
0.054005
0.056200
0.054928
0.053780
0.054126
0.055401
0.054141
0.055279
0.056167
0.054536
0.054523
0.053590
0.053823
0.054834
0.054412
0.052880
0.053017
0.053234
0.053937
0.057635
0.054974
0.063388
0.053618
0.053567
0.057025
0.054566
0.055118
0.052961
0.053315
0.053265
0.054050
0.054707
0.054436
0.053303
0.053522
0.053517
0.054445
0.055004
0.054480
0.053586
0.054061
0.053469
0.054831
0.054139
0.054229
0.053443
0.053224
0.053422
0.053867
0.054168
0.054371
0.053646
0.053918
0.053940
0.054133
0.054974
0.055394
0.052792
0.054163
0.053188
0.053692
0.054844
0.055567
0.053019
0.053462
0.053890
0.054154
0.054903
0.065591
0.054373
0.053567
0.054414
0.054702
0.054961
0.055367
0.053283
0.053345
0.053645
0.053968
0.054648
0.055035
0.053207
0.053483
0.053915
0.054533
0.055122
0.054482
0.053586
0.054113
0.054069
0.054781
0.054656
0.055830
0.054018
0.053748
0.053310
0.054054
0.054703
0.055361
0.053572
0.054145
0.058659
0.054099
0.056206
0.056752
0.052967
0.054520
0.063740
0.054063
0.055670
0.056113
0.070883
0.066669
0.055875
0.055641
0.057672
0.057668
0.069196
0.055200
0.065595
0.055692
0.060587
0.057715
0.055003
0.056661
0.056133
0.059211
0.057426
0.057664
0.055758
0.056612
0.056831
0.057420
0.056458
0.058333
0.055268
0.055674
0.056230
0.057030
0.055810
0.055765
0.064189
0.054005
0.054135
0.055855
0.054866
0.055671
0.053149
0.053348
0.053599
0.053926
0.054118
0.054895
0.053053
0.053682
0.053636
0.053594
0.054367
0.054432
0.052936
0.052928
0.053405
0.054431
0.054741
0.055259
0.053279
0.053909
0.055684
0.055307
0.056847
0.056087
0.055352
0.053094
0.053482
0.053711
0.054360
0.064691
0.053031
0.067231
0.053377
0.053861
0.063965
0.054187
0.052410
0.062441
0.052787
0.054499
0.063397
0.053761
0.052087
0.052354
0.052424
0.052899
0.053565
0.053817
0.052249
0.052722
0.053189
0.053557
0.064195
0.055286
0.053029
0.055164
0.053655
0.054600
0.054645
0.055548
0.054679
0.054394
0.054929
0.056098
0.054404
0.066034
0.053465
0.053189
0.053565
0.053923
0.054220
0.055755
0.053021
0.063156
0.053380
0.053981
0.054115
0.054815
0.053358
0.053252
0.053463
0.063883
0.054472
0.054348
0.053097
0.053578
0.054015
0.054677
0.055340
0.055425
0.053508
0.053552
0.064938
0.055248
0.054074
0.054522
0.052882
0.053215
0.053431
0.053565
0.053930
0.054872
0.052944
0.053495
0.053736
0.053963
0.054508
0.059691
0.062964
0.053194
0.053541
0.053850
0.054183
0.054732
0.052917
0.053232
0.053161
0.054578
0.054842
0.055668
0.054068
0.054554
0.053706
0.065653
0.053875
0.055230
0.053948
0.053456
0.053469
0.054173
0.054620
0.054800
0.053746
0.053848
0.054894
0.055085
0.065366
0.055719
0.054111
0.053770
0.053363
0.054557
0.054756
0.055078
0.053268
0.053944
0.053734
0.053865
0.054697
0.056091
0.053998
0.064611
0.054469
0.055304
0.054751
0.056279
0.053025
0.053256
0.053525
0.054138
0.054325
0.064646
0.052995
0.053272
0.053195
0.053836
0.054344
0.054893
0.053360
0.053525
0.063864
0.053698
0.054242
0.054415
0.052950
0.053189
0.053137
0.054225
0.054636
0.054288
0.053408
0.054263
0.054179
0.055249
0.058731
0.056105
0.054331
0.054224
0.063707
0.054844
0.055380
0.054666
0.052922
0.053249
0.053519
0.053954
0.054145
0.054545
0.053204
0.063107
0.053515
0.054004
0.054246
0.054640
0.052999
0.053093
0.053630
0.053870
0.054256
0.054687
0.053481
0.053348
0.053523
0.054573
0.055042
0.065893
0.054414
0.054516
0.053717
0.053855
0.054352
0.054398
0.053278
0.053356
0.053248
0.053889
0.054513
0.054581
0.052954
0.053391
0.053543
0.053957
0.064837
0.054908
0.053242
0.053282
0.053636
0.054506
0.055093
0.054722
0.053112
0.053792
0.053858
0.064485
0.054398
0.055029
0.054075
0.054969
0.054392
0.055408
0.062784
0.056245
0.055881
0.053985
0.054726
0.055301
0.055548
0.066157
0.054517
0.054975
0.058017
0.055251
0.055820
0.057023
0.054813
0.054721
0.056499
0.054506
0.054548
0.056433
0.053674
0.063846
0.053726
0.053903
0.054719
0.055301
0.053401
0.053360
0.053725
0.055720
0.055144
0.056926
0.054225
0.054771
0.053525
0.054089
0.054581
0.065070
0.053115
0.053384
0.053514
0.053753
0.054116
0.054217
0.053185
0.053316
0.053690
0.055135
0.054630
0.055406
0.053306
0.053952
0.065110
0.054133
0.054515
0.055456
0.053305
0.053420
0.054798
0.054547
0.055341
0.055938
0.054113
0.053494
0.053445
0.053851
0.054340
0.055856
0.055271
0.053402
0.054245
0.054962
0.054652
0.055150
0.053520
0.053991
0.054794
0.056400
0.058537
0.055230
0.052838
0.054566
0.054087
0.053713
0.054165
0.055296
0.056784
0.063544
0.053512
0.053738
0.054308
0.054257
0.053101
0.053304
0.053532
0.055997
0.055752
0.055633
0.054116
0.054245
0.054919
0.054765
0.056073
0.055966
0.054019
0.054326
0.055230
0.054831
0.055387
0.056206
0.055000
0.064700
0.054394
0.054803
0.055129
0.055212
0.053905
0.054117
0.054287
0.054548
0.055189
0.055314
0.054006
0.055042
0.055581
0.056047
0.057152
0.056175
0.053927
0.055562
0.055075
0.055088
0.056093
0.055364
0.053792
0.054178
0.053805
0.053779
0.065589
0.054806
0.053280
0.054308
0.054507
0.054607
0.054531
0.054914
0.053048
0.053626
0.053976
0.053977
0.054578
0.055034
0.053532
0.053122
0.053977
0.054110
0.055025
0.057183
0.057259
0.054800
0.053422
0.054799
0.058424
0.054593
0.052902
0.053963
0.054033
0.054344
0.064397
0.054344
0.053090
0.053239
0.053586
0.053949
0.054169
0.054439
0.052858
0.053134
0.053528
0.053645
0.054496
0.054724
0.053415
0.054316
0.053632
0.053751
0.055270
0.054981
0.054223
0.056214
0.082265
0.055274
0.057682
0.055882
0.053880
0.053499
0.053952
0.054723
0.055472
0.055505
0.052990
0.053207
0.053878
0.053642
0.064731
0.054968
0.053268
0.053323
0.053277
0.053759
0.054663
0.054675
0.052946
0.053524
0.053294
0.054190
0.055026
0.055118
0.053112
0.053599
0.057722
0.056495
0.056155
0.056632
0.052813
0.053943
0.054260
0.053717
0.053885
0.055504
0.053704
0.053197
0.053334
0.053676
0.054503
0.055467
0.054018
0.054635
0.058509
0.054243
0.053863
0.056535
0.053781
0.053569
0.053808
0.054801
0.054633
0.065291
0.053294
0.053317
0.053619
0.053844
0.054286
0.054890
0.053101
0.053394
0.053280
0.053766
0.054462
0.054818
0.053012
0.053377
0.054110
0.054406
0.054073
0.054321
0.053521
0.053944
0.055210
0.077883
0.057613
0.061508
0.053978
0.056040
0.055512
0.055057
0.055988
0.057111
0.054800
0.055355
0.054960
0.055120
0.058137
0.055912
0.054507
0.059326
0.055890
0.055796
0.055335
0.055778
0.054009
0.053272
0.053545
0.064418
0.054306
0.054833
0.052814
0.053156
0.053365
0.053729
0.054570
0.054856
0.052913
0.053354
0.053513
0.053832
0.054780
0.054978
0.053021
0.054260
0.053335
0.054613
0.054462
0.054308
0.056408
0.053927
0.053889
0.054360
0.056419
0.055301
0.053908
0.054737
0.054197
0.054856
0.054908
0.055029
0.052775
0.053739
0.053199
0.053563
0.054924
0.054448
0.054225
0.053010
0.054128
0.053882
0.054951
0.055006
0.054003
0.054448
0.063373
0.054315
0.054274
0.054593
0.052782
0.054250
0.054575
0.054387
0.054771
0.055009
0.065835
0.053459
0.053477
0.054019
0.054641
0.054984
0.052835
0.053939
0.053335
0.054329
0.054154
0.054973
0.053422
0.055465
0.054227
0.055081
0.056279
0.054967
0.052968
0.055029
0.054320
0.054920
0.055389
0.055911
0.055790
0.054490
0.053511
0.054631
0.054801
0.055435
0.054048
0.053151
0.054365
0.054279
0.054220
0.055678
0.053720
0.054038
0.054141
0.054465
0.068380
0.054920
0.053025
0.053279
0.053478
0.053678
0.054670
0.055073
0.053125
0.053970
0.054515
0.054916
0.055514
0.056428
0.053259
0.053932
0.054014
0.055257
0.055455
0.056858
0.053684
0.053632
0.053979
0.054846
0.055090
0.059301
0.054528
0.055146
0.055790
0.054999
0.056803
0.057314
0.054853
0.055405
0.053340
0.053723
0.055063
0.054993
0.053018
0.054321
0.054199
0.053853
0.054906
0.055669
0.053910
0.053143
0.054469
0.054818
0.055210
0.055323
0.053649
0.053057
0.054011
0.054069
0.056037
0.056047
0.054814
0.053847
0.054568
0.055711
0.054923
0.054758
0.063345
0.053437
0.053520
0.053840
0.055619
0.054343
0.052881
0.053108
0.053427
0.053908
0.053778
0.055173
0.053108
0.053361
0.057046
0.053821
0.055084
0.055129
0.053335
0.054002
0.054531
0.054574
0.054612
0.054611
0.053695
0.053117
0.057617
0.054960
0.056618
0.054466
0.053768
0.053886
0.054020
0.053775
0.054290
0.055655
0.053938
0.053934
0.053912
0.053734
0.055399
0.054842
0.054783
0.053780
0.053571
0.054613
0.055217
0.055039
0.054127
0.053937
0.053347
0.055453
0.055009
0.055187
0.053511
0.063892
0.053933
0.053865
0.054291
0.054607
0.052930
0.053797
0.053573
0.053863
0.054731
0.054906
0.053423
0.054191
0.053796
0.053951
0.054773
0.055198
0.053791
0.053149
0.055407
0.054715
0.054399
0.055543
0.053797
0.053890
0.054060
0.054243
0.054710
0.055033
0.053925
0.053749
0.053815
0.054273
0.054667
0.054374
0.057820
0.055577
0.054115
0.054552
0.054497
0.055113
0.053580
0.053274
0.053427
0.054515
0.055538
0.055274
0.063539
0.053302
0.053768
0.053702
0.054170
0.055026
0.052998
0.053157
0.053388
0.053701
0.053837
0.055022
0.053223
0.053324
0.053893
0.054601
0.054582
0.055099
0.053710
0.053364
0.055076
0.053911
0.053801
0.056379
0.053737
0.053977
0.054489
0.054392
0.054270
0.056135
0.053382
0.053962
0.053957
0.054102
0.054969
0.054942
0.054818
0.053362
0.053212
0.054939
0.054891
0.054854
0.063385
0.054066
0.053983
0.054844
0.055025
0.054536
0.053115
0.053718
0.053492
0.054204
0.056333
0.055489
0.054165
0.055408
0.054734
0.055730
0.057045
0.056023
0.053287
0.054398
0.053962
0.057737
0.054715
0.054429
0.053992
0.053248
0.054351
0.053973
0.054123
0.055064
0.053680
0.053919
0.053982
0.054482
0.054341
0.054392
0.052956
0.053913
0.053904
0.053575
0.054817
0.055099
0.054945
0.053402
0.053134
0.064113
0.054777
0.054318
0.053344
0.054133
0.053611
0.054456
0.054741
0.054385
0.052844
0.053555
0.053460
0.053734
0.054476
0.055402
0.052848
0.054867
0.054230
0.053656
0.054960
0.055349
0.053172
0.053504
0.054574
0.054643
0.056098
0.055924
0.053686
0.054969
0.072419
0.055659
0.055391
0.055014
0.054386
0.055040
0.055610
0.054715
0.056031
0.056804
0.055062
0.053682
0.054353
0.054214
0.054903
0.054904
0.054540
0.054106
0.054609
0.054915
0.055925
0.055211
0.067298
0.054000
0.054083
0.053988
0.054829
0.056983
0.053555
0.053624
0.053926
0.053820
0.054934
0.055364
0.053831
0.054742
0.053997
0.054345
0.055470
0.057906
0.053604
0.053272
0.053846
0.054634
0.055535
0.054813
0.053163
0.054180
0.054237
0.053939
0.055199
0.055163
0.053795
0.053047
0.053974
0.054593
0.054383
0.054987
0.052983
0.054425
0.054147
0.054200
0.055422
0.056814
0.053771
0.053341
0.054144
0.054532
0.055573
0.066157
0.053021
0.053525
0.053567
0.053736
0.054329
0.054264
0.053043
0.053175
0.053406
0.053794
0.054408
0.054810
0.053164
0.053432
0.053994
0.053859
0.055579
0.056290
0.053163
0.053992
0.053426
0.054950
0.055180
0.055230
0.053668
0.053508
0.055181
0.054173
0.058209
0.056777
0.054415
0.053214
0.053931
0.054643
0.054348
0.054839
0.053281
0.053815
0.054110
0.053668
0.054865
0.054771
0.053669
0.053473
0.054041
0.054438
0.077328
0.054808
0.053042
0.053485
0.053561
0.053786
0.054345
0.055238
0.052934
0.053297
0.053533
0.055152
0.056207
0.055557
0.053271
0.053994
0.054494
0.054873
0.054652
0.056249
0.053371
0.053600
0.053585
0.054748
0.055357
0.055124
0.053152
0.053448
0.054315
0.054929
0.055208
0.069927
0.053446
0.053244
0.054082
0.054379
0.055362
0.055006
0.053260
0.054025
0.054251
0.053984
0.054598
0.055042
0.063671
0.053772
0.053578
0.053788
0.054386
0.054854
0.052839
0.053295
0.053555
0.053867
0.054684
0.055044
0.053229
0.056451
0.053895
0.053673
0.055513
0.055928
0.053640
0.053254
0.054274
0.053811
0.055073
0.055198
0.053110
0.054123
0.054003
0.054489
0.055527
0.054202
0.052893
0.053756
0.056752
0.054393
0.055080
0.054257
0.053668
0.053085
0.053973
0.054541
0.054344
0.054495
0.053577
0.053782
0.063784
0.053724
0.054581
0.058123
0.057306
0.053555
0.053255
0.053849
0.054262
0.054827
0.052960
0.053213
0.053618
0.053934
0.054170
0.055500
0.053618
0.053596
0.053335
0.055072
0.055893
0.055761
0.052730
0.053052
0.053364
0.055373
0.055033
0.055665
0.053182
0.053390
0.053979
0.054506
0.054363
0.055145
0.052810
0.054390
0.055415
0.054733
0.053633
0.054666
0.053021
0.055177
0.054532
0.054388
0.058386
0.055307
0.052827
0.053885
0.063459
0.053809
0.054066
0.054699
0.053215
0.053492
0.054469
0.065103
0.055001
0.056711
0.054001
0.054622
0.054607
0.055227
0.055596
0.058536
0.067031
0.055530
0.055268
0.055576
0.055795
0.056968
0.054739
0.054059
0.054560
0.055656
0.056220
0.057749
0.053961
0.054056
0.054486
0.055435
0.055901
0.055661
0.053949
0.080891
0.056137
0.056639
0.055603
0.055279
0.054155
0.055752
0.055654
0.055774
0.055734
0.055986
0.053902
0.054876
0.054856
0.054791
0.055291
0.065792
0.054642
0.054912
0.054513
0.054782
0.055500
0.055310
0.054315
0.054287
0.054491
0.054863
0.055297
0.055962
0.054067
0.054352
0.054373
0.058057
0.056196
0.057000
0.054820
0.064435
0.054591
0.055599
0.055848
0.056147
0.053995
0.054229
0.054408
0.055662
0.055776
0.055719
0.053834
0.054236
0.055024
0.055714
0.065463
0.055422
0.053985
0.054205
0.054544
0.054589
0.054999
0.055655
0.053716
0.053882
0.054313
0.054694
0.055259
0.055451
0.054659
0.055646
0.055028
0.055926
0.055548
0.057487
0.055043
0.055069
0.055025
0.055028
0.054811
0.056497
0.054491
0.054445
0.055064
0.054905
0.056808
0.057323
0.055152
0.055535
0.054746
0.056412
0.056306
0.056945
0.054413
0.054516
0.054146
0.074877
0.055418
0.055632
0.054828
0.080308
0.055225
0.057799
0.055786
0.056713
0.054177
0.055199
0.055226
0.054851
0.055596
0.055984
0.053918
0.055170
0.054988
0.054763
0.055815
0.068697
0.054923
0.054442
0.054383
0.055025
0.054987
0.055770
0.054020
0.054270
0.054676
0.054874
0.055242
0.055839
0.053966
0.054367
0.055365
0.054533
0.056106
0.056275
0.054593
0.055558
0.054771
0.056480
0.056172
0.058060
0.054437
0.054680
0.054236
0.055408
0.055512
0.056197
0.054675
0.054780
0.056123
0.056472
0.055660
0.056227
0.054030
0.054913
0.055538
0.055860
0.055561
0.056246
0.053825
0.055089
0.055191
0.054612
0.055769
0.056611
0.054620
0.055110
0.055034
0.055392
0.055106
0.056545
0.054538
0.064759
0.054779
0.054868
0.054813
0.055906
0.053963
0.054416
0.054410
0.054544
0.055887
0.056312
0.053929
0.054732
0.054938
0.055681
0.056330
0.061608
0.054462
0.054484
0.058138
0.054843
0.055706
0.056140
0.054956
0.055121
0.055099
0.055707
0.055683
0.056771
0.054766
0.054921
0.055107
0.055373
0.055178
0.055814
0.054570
0.054439
0.054978
0.054929
0.055726
0.056444
0.055664
0.055560
0.054397
0.055918
0.056628
0.057665
0.055228
0.055195
0.054917
0.055065
0.057128
0.055796
0.064410
0.054249
0.054548
0.054809
0.054989
0.055967
0.053918
0.054151
0.054354
0.054691
0.054942
0.056178
0.054330
0.054632
0.054539
0.056810
0.068070
0.056798
0.055855
0.056899
0.055384
0.055663
0.056342
0.057128
0.054498
0.055064
0.055538
0.055164
0.055264
0.056064
0.054018
0.054542
0.055572
0.054925
0.077701
0.056818
0.054551
0.054379
0.054860
0.055604
0.055047
0.059777
0.054727
0.054977
0.054461
0.054703
0.055158
0.055849
0.054662
0.053708
0.055104
0.054514
0.055496
0.056090
0.054526
0.054984
0.054324
0.055417
0.065705
0.057291
0.054137
0.054265
0.054291
0.054574
0.054845
0.055793
0.074012
0.054248
0.054230
0.055073
0.055289
0.056354
0.054075
0.054925
0.055164
0.055615
0.055276
0.055873
0.053907
0.054542
0.055372
0.054808
0.056017
0.055890
0.054632
0.054436
0.055238
0.055873
0.056272
0.057698
0.055204
0.056353
0.054911
0.055046
0.055516
0.056177
0.054619
0.054698
0.055134
0.054775
0.057453
0.055771
0.054553
0.054983
0.055043
0.055392
0.056625
0.057571
0.054606
0.054397
0.054625
0.055248
0.056143
0.056145
0.064563
0.054413
0.059160
0.055076
0.055508
0.056346
0.054102
0.054985
0.054586
0.056134
0.055601
0.055490
0.053944
0.054627
0.054901
0.054847
0.055340
0.055959
0.054730
0.054539
0.054418
0.055545
0.056201
0.056081
0.055029
0.055016
0.054385
0.054833
0.054966
0.055818
0.054608
0.054480
0.054304
0.054690
0.056545
0.056213
0.054092
0.055441
0.055070
0.056391
0.056889
0.058088
0.054487
0.054519
0.054771
0.055133
0.056049
0.056300
0.053874
0.054365
0.065113
0.055332
0.055351
0.056155
0.054066
0.054849
0.054819
0.056050
0.056088
0.056177
0.054134
0.054365
0.054273
0.055066
0.056035
0.056242
0.055694
0.055319
0.054680
0.055457
0.056341
0.056664
0.055204
0.056965
0.054368
0.054715
0.056393
0.056651
0.057501
0.054205
0.054481
0.055019
0.056231
0.057094
0.053799
0.054952
0.054535
0.055559
0.056321
0.056826
0.053979
0.054151
0.055173
0.055708
0.056083
0.055752
0.054319
0.054337
0.056041
0.065649
0.055267
0.056249
0.054167
0.055193
0.055033
0.056111
0.056193
0.055861
0.054451
0.054384
0.054467
0.055295
0.055746
0.055774
0.055824
0.055400
0.054391
0.055470
0.055943
0.056119
0.054752
0.056093
0.055120
0.055145
0.056591
0.055779
0.054734
0.054543
0.054851
0.054833
0.056936
0.056540
0.053660
0.055296
0.055076
0.068447
0.084715
0.058844
0.055217
0.054489
0.055093
0.055269
0.056027
0.055758
0.053948
0.054617
0.055589
0.055808
0.055265
0.056461
0.054798
0.054940
0.055145
0.059168
0.055628
0.055545
0.053773
0.054057
0.064917
0.054802
0.055445
0.055308
0.054240
0.054458
0.054458
0.054734
0.055298
0.055458
0.054084
0.054365
0.054692
0.054993
0.055030
0.055544
0.054642
0.054714
0.054917
0.054777
0.056799
0.056462
0.054793
0.055397
0.055108
0.056474
0.056763
0.058159
0.054533
0.054576
0.054577
0.055089
0.055837
0.055787
0.054228
0.054339
0.056122
0.055962
0.056000
0.056500
0.054681
0.056104
0.055187
0.055626
0.055844
0.055423
0.053845
0.054059
0.055082
0.054633
0.055232
0.065744
0.054199
0.054634
0.054619
0.054815
0.055428
0.055986
0.054617
0.055483
0.055046
0.055218
0.055822
0.056562
0.066753
0.055443
0.053822
0.054022
0.056223
0.058869
0.054047
0.054329
0.054519
0.054718
0.055642
0.055428
0.053234
0.053120
0.053327
0.054039
0.055173
0.054473
0.052843
0.053542
0.054215
0.054688
0.055031
0.055176
0.053672
0.053792
0.054561
0.055731
0.054627
0.055221
0.053047
0.053664
0.054041
0.054264
0.054620
0.054610
0.054690
0.054289
0.054325
0.056187
0.056348
0.058317
0.055607
0.054004
0.053442
0.053824
0.054420
0.064552
0.053169
0.053186
0.053573
0.053824
0.053884
0.054594
0.053049
0.053240
0.053403
0.053731
0.054791
0.055988
0.053824
0.053789
0.053342
0.054036
0.054653
0.054731
0.054012
0.053393
0.055081
0.054846
0.054906
0.055560
0.053677
0.054434
0.054572
0.055884
0.054966
0.054662
0.052702
0.053469
0.056987
0.054303
0.055735
0.055258
0.054575
0.053387
0.054207
0.054146
0.055241
0.056048
0.053745
0.054108
0.053560
0.053732
0.054380
0.054715
0.053584
0.053148
0.054189
0.064156
0.054501
0.055184
0.053113
0.053228
0.054720
0.056002
0.056155
0.056218
0.053014
0.053268
0.053332
0.053883
0.054061
0.054551
0.052935
0.053469
0.054136
0.054100
0.054026
0.054302
0.053644
0.053746
0.054229
0.055882
0.054764
0.055055
0.053478
0.053678
0.054005
0.054051
0.054841
0.054513
0.054683
0.053563
0.053510
0.054168
0.055091
0.055657
0.053382
0.054831
0.054264
0.054499
0.054913
0.054837
0.053530
0.053530
0.053730
0.053654
0.056098
0.055853
0.053300
0.053623
0.056152
0.056081
0.055853
0.069872
0.053321
0.053490
0.053327
0.053833
0.054460
0.055126
0.052936
0.053427
0.053465
0.054218
0.054285
0.054582
0.056624
0.054423
0.056211
0.054804
0.055253
0.055251
0.053484
0.054501
0.055233
0.054847
0.055353
0.055458
0.054524
0.055086
0.054258
0.054565
0.055134
0.057226
0.054416
0.054667
0.054888
0.055456
0.055814
0.055590
0.054843
0.054440
0.055398
0.055026
0.057329
0.056802
0.054072
0.055709
0.054296
0.055439
0.055200
0.055792
0.054700
0.054885
0.054799
0.055001
0.067534
0.055937
0.055046
0.055261
0.056113
0.056016
0.065729
0.056221
0.053950
0.055017
0.054549
0.055207
0.055967
0.055635
0.053738
0.054253
0.054317
0.055087
0.055400
0.056092
0.054381
0.057975
0.054605
0.053993
0.054703
0.055080
0.053215
0.053202
0.054301
0.054534
0.054930
0.054415
0.053718
0.053109
0.054083
0.054467
0.055030
0.055197
0.052779
0.053117
0.053367
0.054969
0.054567
0.055034
0.054293
0.053800
0.053964
0.053995
0.054926
0.054538
0.053700
0.055018
0.055098
0.054984
0.054489
0.054772
0.053400
0.055421
0.053178
0.053935
0.055468
0.054427
0.053456
0.053593
0.063754
0.054097
0.054563
0.056013
0.053852
0.054687
0.053896
0.053980
0.053880
0.055260
0.053437
0.053533
0.053759
0.053869
0.054201
0.054833
0.053552
0.053009
0.054387
0.054106
0.056271
0.055793
0.053730
0.054802
0.053451
0.053865
0.053912
0.054415
0.053832
0.052979
0.053859
0.053662
0.057722
0.055007
0.052906
0.053404
0.054331
0.054044
0.054669
0.054672
0.052861
0.053169
0.053531
0.053835
0.055629
0.054896
0.052797
0.053147
0.054094
0.054144
0.054824
0.055241
0.054706
0.054391
0.053625
0.054098
0.054969
0.065842
0.053698
0.054307
0.054638
0.053978
0.054267
0.055222
0.053125
0.053304
0.053531
0.054118
0.054439
0.055421
0.053303
0.053649
0.054217
0.053717
0.054039
0.054954
0.053868
0.053912
0.053252
0.054404
0.054783
0.055373
0.055650
0.054486
0.066129
0.055529
0.054288
0.054875
0.053770
0.053878
0.053541
0.053840
0.054756
0.055551
0.052858
0.053798
0.054072
0.053535
0.054989
0.054955
0.054848
0.054449
0.053412
0.053988
0.055309
0.056241
0.056056
0.053971
0.054768
0.054549
0.054186
0.056140
0.063285
0.053764
0.053812
0.054146
0.054357
0.055084
0.053095
0.053189
0.053655
0.053762
0.054138
0.055013
0.053380
0.053478
0.054058
0.057478
0.054630
0.054623
0.053668
0.053599
0.055215
0.054905
0.055211
0.055154
0.053332
0.054783
0.054186
0.054303
0.054471
0.054833
0.053594
0.053239
0.054930
0.054917
0.055598
0.056205
0.055071
0.054475
0.054319
0.053672
0.053812
0.054921
0.052844
0.053150
0.053298
0.064141
0.054037
0.054733
0.052932
0.053126
0.053381
0.053587
0.054899
0.056002
0.054090
0.053539
0.053632
0.053991
0.054312
0.055661
0.053475
0.054564
0.055220
0.054383
0.054391
0.055009
0.053571
0.053474
0.054414
0.058544
0.055134
0.054931
0.053053
0.053328
0.053457
0.053923
0.054301
0.054933
0.052897
0.053091
0.053939
0.053691
0.054659
0.055361
0.054597
0.064985
0.054612
0.055001
0.053908
0.054793
0.052820
0.053142
0.053507
0.053730
0.053853
0.054719
0.052934
0.054836
0.054646
0.054983
0.056719
0.057050
0.054685
0.054077
0.054278
0.054684
0.054978
0.059481
0.052941
0.053183
0.054066
0.053600
0.054375
0.055237
0.053461
0.054416
0.055835
0.055088
0.054234
0.055321
0.053601
0.053327
0.053937
0.054417
0.054663
0.054860
0.053623
0.053145
0.053941
0.053540
0.054563
0.055851
0.063112
0.053694
0.053516
0.053758
0.054087
0.054645
0.053244
0.053935
0.054230
0.053775
0.053740
0.057670
0.053178
0.053677
0.053723
0.054060
0.055374
0.056296
0.053321
0.053856
0.054333
0.055311
0.054262
0.055017
0.052979
0.054230
0.054091
0.053731
0.054794
0.054149
0.053540
0.054014
0.054176
0.056159
0.054205
0.054831
0.052849
0.053989
0.053373
0.053864
0.054553
0.055219
0.053579
0.053049
0.053852
0.053638
0.055333
0.055151
0.064210
0.054071
0.053641
0.054276
0.054723
0.055411
0.053299
0.053986
0.054162
0.053987
0.054977
0.055818
0.053130
0.053767
0.053704
0.053825
0.053752
0.055962
0.052876
0.053438
0.053906
0.055081
0.054102
0.054947
0.053040
0.054369
0.053187
0.053623
0.054445
0.054781
0.052784
0.053759
0.053849
0.055067
0.054538
0.055125
0.053440
0.054085
0.056968
0.054468
0.055885
0.055966
0.052744
0.053302
0.053948
0.054045
0.054153
0.055508
0.053381
0.055824
0.053593
0.054516
0.054201
0.054966
0.063401
0.053277
0.053704
0.054015
0.053848
0.054613
0.052884
0.053056
0.053461
0.053687
0.053896
0.055129
0.052989
0.053290
0.053706
0.054425
0.054551
0.056435
0.054872
0.053338
0.053229
0.053914
0.054473
0.054511
0.053505
0.052928
0.053825
0.054998
0.054449
0.056675
0.053445
0.054205
0.053926
0.054372
0.055335
0.055337
0.052765
0.053049
0.053880
0.053435
0.064910
0.054482
0.053589
0.053603
0.053853
0.054489
0.054542
0.055438
0.053410
0.053802
0.054620
0.054362
0.054433
0.054972
0.052913
0.054465
0.054533
0.055337
0.056433
0.055220
0.053695
0.053939
0.054543
0.055566
0.054950
0.055783
0.053964
0.062129
0.055767
0.054672
0.054610
0.054862
0.053625
0.053016
0.053345
0.053785
0.054708
0.055479
0.053539
0.054040
0.053373
0.054306
0.055829
0.055382
0.053546
0.054226
0.053914
0.053476
0.054479
0.054668
0.063884
0.053745
0.053861
0.054413
0.054723
0.055547
0.053309
0.053043
0.053353
0.053963
0.054532
0.054940
0.053449
0.053327
0.053421
0.054390
0.054437
0.055228
0.053723
0.054642
0.054719
0.055633
0.054254
0.055482
0.054963
0.053743
0.055766
0.055870
0.055489
0.055660
0.055192
0.055210
0.055119
0.053838
0.053918
0.055602
0.053692
0.054055
0.053459
0.054645
0.055439
0.054622
0.053578
0.056817
0.054228
0.053691
0.054984
0.055609
0.053518
0.053619
0.053786
0.054547
0.055445
0.055049
0.053138
0.054049
0.054283
0.053968
0.055330
0.065237
0.053359
0.053290
0.053531
0.055785
0.054301
0.054594
0.052893
0.053117
0.053592
0.054072
0.054946
0.054623
0.053259
0.053800
0.054126
0.054930
0.055081
0.054463
0.053616
0.053808
0.053947
0.054277
0.054493
0.059035
0.054393
0.058431
0.053887
0.055468
0.056499
0.055486
0.053678
0.054858
0.054072
0.053668
0.055276
0.055587
0.052740
0.053333
0.054020
0.054425
0.054110
0.055704
0.052883
0.053995
0.054122
0.054031
0.054679
0.055921
0.053788
0.053004
0.054015
0.054424
0.054919
0.055242
0.053878
0.064314
0.054322
0.054935
0.057784
0.055911
0.054362
0.054045
0.053631
0.053906
0.054005
0.054867
0.052888
0.053450
0.053624
0.054263
0.054636
0.055680
0.053859
0.054145
0.053658
0.054848
0.054775
0.055043
0.053731
0.054442
0.054209
0.053664
0.053841
0.054835
0.053761
0.053712
0.053369
0.055345
0.055373
0.056827
0.053493
0.055075
0.055340
0.054336
0.054580
0.055940
0.053643
0.053875
0.053224
0.054123
0.053819
0.054850
0.053543
0.053871
0.053981
0.054444
0.054124
0.055746
0.063394
0.053435
0.053751
0.053787
0.054053
0.054458
0.052913
0.053262
0.054329
0.054212
0.053796
0.055564
0.053658
0.054160
0.053986
0.055455
0.056305
0.055313
0.053534
0.054257
0.054161
0.053536
0.054081
0.055024
0.053621
0.056472
0.054363
0.054761
0.055767
0.056966
0.053629
0.053904
0.055252
0.054342
0.055603
0.055592
0.053726
0.053159
0.053240
0.054557
0.053852
0.054720
0.054616
0.055904
0.054086
0.054537
0.053978
0.056093
0.053634
0.054065
0.054093
0.054357
0.056083
0.056719
0.052911
0.053922
0.053351
0.064162
0.053941
0.054773
0.053135
0.053374
0.053443
0.053793
0.053967
0.054987
0.053679
0.054423
0.054417
0.055317
0.054050
0.055100
0.053759
0.053725
0.053280
0.054715
0.055233
0.057040
0.053331
0.054594
0.055328
0.055404
0.054943
0.056245
0.053743
0.053033
0.053210
0.054643
0.054881
0.055394
0.052826
0.054087
0.054795
0.055643
0.054477
0.056256
0.054851
0.054801
0.054061
0.054778
0.058396
0.054663
0.052814
0.054086
0.053210
0.053754
0.053827
0.056719
0.053712
0.054097
0.053366
0.054595
0.055398
0.054767
0.063408
0.055068
0.054903
0.054607
0.054750
0.055790
0.054042
0.054486
0.055229
0.054489
0.055325
0.056106
0.054108
0.054662
0.053791
0.053993
0.054411
0.055547
0.053769
0.053090
0.053343
0.055192
0.055609
0.055921
0.052831
0.054681
0.054637
0.054775
0.054518
0.056627
0.054554
0.054859
0.053836
0.055136
0.055459
0.057621
0.053996
0.053594
0.054647
0.055862
0.056147
0.056922
0.055429
0.054810
0.056711
0.056208
0.056385
0.055399
0.053156
0.054225
0.054732
0.053814
0.054365
0.065541
0.053273
0.053727
0.053825
0.055117
0.054159
0.055018
0.052963
0.056493
0.053740
0.054134
0.054442
0.054594
0.053243
0.053450
0.055501
0.053785
0.056105
0.057348
0.053793
0.053974
0.054116
0.054915
0.054584
0.055721
0.053359
0.053541
0.053439
0.059259
0.055142
0.054270
0.052713
0.053123
0.054020
0.054712
0.055313
0.055917
0.054526
0.054810
0.053903
0.055266
0.055019
0.056061
0.052930
0.054174
0.053972
0.053600
0.054414
0.055034
0.053695
0.054086
0.053925
0.054917
0.055859
0.056057
0.072839
0.054799
0.055732
0.055496
0.054818
0.056941
0.065526
0.053619
0.054195
0.054280
0.054860
0.055628
0.053320
0.053508
0.053837
0.054044
0.054410
0.055426
0.053475
0.054173
0.054098
0.054653
0.055426
0.073227
0.054524
0.056105
0.053348
0.054806
0.054735
0.059554
0.053758
0.054197
0.053528
0.054565
0.054177
0.055986
0.052906
0.053864
0.054022
0.053628
0.053812
0.054533
0.052783
0.053230
0.054017
0.054350
0.055438
0.055742
0.053511
0.054701
0.055116
0.055399
0.053954
0.055948
0.053645
0.052934
0.053545
0.064603
0.054952
0.054664
0.052980
0.053569
0.053225
0.053791
0.054184
0.055134
0.053279
0.053697
0.053910
0.054236
0.054668
0.055015
0.053249
0.053526
0.054180
0.054496
0.054752
0.055261
0.053339
0.053960
0.053737
0.053960
0.054946
0.055747
0.052951
0.054959
0.057009
0.054384
0.057568
0.055137
0.052864
0.054225
0.053957
0.054462
0.053805
0.054405
0.052897
0.053192
0.054035
0.054648
0.053987
0.055624
0.053482
0.053018
0.056740
0.054491
0.055026
0.055340
0.052647
0.054263
0.053871
0.054243
0.054842
0.065601
0.054218
0.054522
0.053861
0.055690
0.054246
0.054739
0.052880
0.053524
0.053518
0.053782
0.053793
0.054243
0.053177
0.053690
0.053470
0.053573
0.054892
0.055260
0.053013
0.053888
0.054015
0.053719
0.054527
0.055467
0.053762
0.054098
0.053216
0.054649
0.054169
0.055543
0.053318
0.053516
0.054869
0.055467
0.054469
0.056060
0.053572
0.054627
0.054200
0.067495
0.058784
0.059559
0.055523
0.054618
0.054479
0.054697
0.055032
0.055478
0.054475
0.054548
0.054070
0.054965
0.065429
0.055477
0.054408
0.055100
0.053959
0.054261
0.054320
0.054686
0.053101
0.053219
0.053595
0.053851
0.053983
0.058195
0.053457
0.053942
0.054098
0.053563
0.054061
0.055859
0.052967
0.054251
0.055918
0.055847
0.054194
0.054706
0.053366
0.053226
0.054405
0.054669
0.054500
0.055034
0.053612
0.052918
0.053577
0.054483
0.054304
0.055643
0.053473
0.054221
0.053787
0.054664
0.054608
0.055240
0.054422
0.054861
0.053402
0.054786
0.056168
0.055780
0.054109
0.064337
0.053506
0.053956
0.054317
0.054527
0.052855
0.053015
0.053481
0.053651
0.053985
0.054379
0.053036
0.053447
0.053751
0.053788
0.054010
0.056146
0.053624
0.054156
0.053907
0.054624
0.054266
0.055472
0.053425
0.053672
0.057569
0.057944
0.054402
0.055987
0.053616
0.052964
0.053803
0.055014
0.054662
0.055442
0.053696
0.054074
0.056575
0.053707
0.053993
0.054947
0.053792
0.054195
0.053397
0.055076
0.054539
0.065004
0.052991
0.053669
0.053406
0.053991
0.054061
0.054515
0.052874
0.053093
0.053500
0.053746
0.055012
0.055808
0.053465
0.056516
0.055278
0.055236
0.054091
0.055409
0.052978
0.054104
0.054080
0.054320
0.053903
0.054760
0.052904
0.053133
0.054102
0.054669
0.054068
0.055424
0.053571
0.052886
0.053743
0.054986
0.054739
0.055807
0.053450
0.054084
0.053806
0.054485
0.054398
0.055120
0.054598
0.054815
0.053363
0.054828
0.054529
0.054240
0.053090
0.054451
0.054047
0.054617
0.064089
0.055166
0.053405
0.053949
0.053802
0.054055
0.054986
0.055638
0.053080
0.052964
0.053514
0.053903
0.054280
0.055577
0.056708
0.053932
0.054058
0.054429
0.053858
0.054816
0.052944
0.053137
0.054204
0.054762
0.055431
0.056690
0.055773
0.057506
0.054018
0.054844
0.055187
0.083339
0.058818
0.056470
0.055768
0.054708
0.055334
0.056524
0.056607
0.055857
0.056421
0.056195
0.057289
0.056054
0.054520
0.055925
0.066037
0.055590
0.055597
0.060389
0.054011
0.053859
0.054081
0.054447
0.055098
0.055760
0.053897
0.053644
0.054214
0.054350
0.054625
0.055479
0.053188
0.054314
0.055906
0.054373
0.053828
0.054469
0.052888
0.053202
0.053942
0.054759
0.053946
0.054968
0.053673
0.052941
0.053781
0.055044
0.055012
0.055998
0.053618
0.054176
0.053838
0.054795
0.054812
0.055335
0.054779
0.055103
0.056312
0.059749
0.055232
0.054771
0.052783
0.053815
0.053367
0.054671
0.054480
0.055607
0.052804
0.053179
0.053349
0.053709
0.064746
0.055056
0.053098
0.053249
0.053466
0.053557
0.053836
0.054576
0.052861
0.053332
0.053181
0.053638
0.053927
0.054566
0.053397
0.053166
0.057802
0.056673
0.053936
0.055389
0.053738
0.053301
0.053666
0.054992
0.054418
0.056047
0.054881
0.080140
0.055780
0.055641
0.054465
0.054886
0.053992
0.054323
0.053827
0.054869
0.055004
0.054898
0.053184
0.054176
0.053409
0.054859
0.055494
0.054946
0.052728
0.053025
0.053311
0.053679
0.055121
0.076075
0.054891
0.053766
0.054003
0.053713
0.053906
0.055082
0.063235
0.053536
0.053455
0.053727
0.053722
0.054148
0.056342
0.053233
0.053287
0.053944
0.053982
0.054817
0.053018
0.053315
0.053572
0.054430
0.053809
0.055704
0.053564
0.053858
0.053147
0.053598
0.054577
0.055122
0.054296
0.054885
0.053394
0.054764
0.054703
0.054657
0.053115
0.054425
0.054054
0.054653
0.054406
0.055272
0.053161
0.053881
0.053618
0.054076
0.055969
0.056060
0.052795
0.054243
0.053911
0.053561
0.064313
0.055491
0.053618
0.053679
0.053500
0.054048
0.054252
0.055050
0.053481
0.054814
0.055598
0.053996
0.054597
0.054404
0.053029
0.053064
0.053137
0.054653
0.054085
0.055973
0.053597
0.053809
0.053390
0.053807
0.054073
0.055115
0.054668
0.054996
0.053415
0.054804
0.054423
0.054605
0.053090
0.054433
0.053953
0.057469
0.055050
0.055892
0.053314
0.054037
0.053782
0.053613
0.055268
0.056729
0.052869
0.054282
0.054006
0.053691
0.054279
0.055954
0.063837
0.053441
0.053503
0.053993
0.054292
0.055296
0.053356
0.053389
0.053651
0.053884
0.053955
0.054300
0.052918
0.053176
0.053623
0.054625
0.053988
0.055821
0.053422
0.053699
0.053181
0.053716
0.054224
0.057966
0.053624
0.056315
0.053308
0.054431
0.054559
0.054702
0.052733
0.053961
0.053329
0.054813
0.054815
0.055509
0.052809
0.053097
0.053314
0.053907
0.056207
0.056194
0.053009
0.054338
0.053932
0.053519
0.054081
0.055533
0.063715
0.053608
0.053307
0.054185
0.054997
0.055082
0.053554
0.053444
0.054036
0.054666
0.054689
0.054657
0.053026
0.062717
0.053687
0.054729
0.054264
0.055108
0.053675
0.053789
0.053269
0.053768
0.054642
0.054388
0.053679
0.056384
0.053556
0.054436
0.054931
0.054673
0.053107
0.054433
0.054061
0.054647
0.054446
0.055725
0.053184
0.054025
0.055583
0.053756
0.055386
0.055775
0.052849
0.053780
0.053953
0.054259
0.055066
0.057353
0.054546
0.054243
0.065564
0.056723
0.055833
0.058625
0.053922
0.054042
0.054271
0.054898
0.054891
0.055681
0.053868
0.054107
0.054350
0.054848
0.055267
0.056866
0.054482
0.055067
0.054750
0.055562
0.055264
0.058231
0.055619
0.056229
0.054442
0.055844
0.055973
0.056477
0.054090
0.055328
0.055082
0.055777
0.055804
0.056855
0.054227
0.054812
0.054719
0.055063
0.056641
0.060637
0.054168
0.055211
0.054950
0.054384
0.055066
0.057064
0.054530
0.055034
0.055016
0.056588
0.065809
0.055895
0.053916
0.054133
0.054588
0.054910
0.054840
0.055505
0.053758
0.053984
0.054381
0.054880
0.055466
0.056132
0.054149
0.054906
0.054779
0.055540
0.055652
0.056208
0.055785
0.056046
0.054397
0.055852
0.056013
0.055873
0.054349
0.055803
0.055225
0.055729
0.055451
0.056960
0.053836
0.054033
0.054378
0.054639
0.055657
0.057278
0.053828
0.055275
0.054899
0.054500
0.055273
0.056902
0.054518
0.055058
0.054856
0.055622
0.055147
0.056631
0.054328
0.054572
0.056186
0.056048
0.055574
0.065976
0.054123
0.054109
0.054375
0.055184
0.055460
0.055895
0.053734
0.054369
0.054589
0.055429
0.060539
0.056558
0.053116
0.053510
0.053617
0.054451
0.055420
0.054317
0.052832
0.053993
0.053389
0.054900
0.054989
0.054970
0.052778
0.053244
0.053884
0.054157
0.055958
0.056704
0.052919
0.054109
0.053923
0.053683
0.054631
0.056159
0.053662
0.054113
0.053935
0.054695
0.054713
0.055381
0.053291
0.053563
0.055118
0.055532
0.054278
0.055881
0.053470
0.052993
0.053774
0.054948
0.065299
0.055179
0.053005
0.053629
0.053649
0.054435
0.054332
0.054619
0.052870
0.053210
0.053582
0.053793
0.054534
0.055301
0.053371
0.054300
0.054052
0.054691
0.054422
0.055188
0.053263
0.053886
0.053866
0.053968
0.057490
0.061212
0.053152
0.054493
0.054093
0.053643
0.054108
0.056004
0.052833
0.054088
0.054050
0.056933
0.053968
0.054912
0.052937
0.053136
0.054190
0.054795
0.054315
0.055594
0.053622
0.053019
0.053202
0.054500
0.054175
0.064972
0.053037
0.053271
0.053418
0.053655
0.054801
0.054933
0.053958
0.054354
0.053477
0.054090
0.054164
0.055336
0.053450
0.054050
0.054284
0.054816
0.054550
0.055745
0.053250
0.054062
0.053337
0.053633
0.055592
0.055949
0.053230
0.053763
0.053999
0.053574
0.054247
0.055906
0.053542
0.054242
0.053957
0.054693
0.054196
0.055484
0.053382
0.053495
0.056856
0.055533
0.055280
0.055977
0.053549
0.053055
0.053102
0.054755
0.064354
0.054799
0.052986
0.053169
0.053339
0.053775
0.054476
0.054833
0.053038
0.053465
0.053548
0.053705
0.053979
0.054978
0.053506
0.054655
0.054243
0.058271
0.054833
0.056271
0.053407
0.054056
0.054405
0.054307
0.055543
0.056696
0.053111
0.054452
0.053960
0.053720
0.053935
0.055757
0.052783
0.054262
0.054289
0.054367
0.053897
0.064468
0.053173
0.053313
0.053821
0.054290
0.054441
0.054710
0.052982
0.053077
0.054179
0.055697
0.055077
0.054650
0.052960
0.053575
0.053840
0.054602
0.054412
0.055467
0.054886
0.056098
0.053597
0.055153
0.054615
0.055016
0.052807
0.053988
0.053242
0.054896
0.054497
0.055514
0.052814
0.053254
0.053542
0.053753
0.064296
0.055252
0.053231
0.053252
0.053520
0.053640
0.054364
0.055363
0.053658
0.053499
0.053312
0.054031
0.054347
0.055590
0.053628
0.053604
0.055170
0.055483
0.054188
0.055987
0.053615
0.053112
0.056643
0.054847
0.053921
0.055674
0.053554
0.053776
0.053393
0.053686
0.054024
0.054858
0.053651
0.054163
0.053331
0.054872
0.055150
0.054289
0.053102
0.054341
0.054054
0.054672
0.054910
0.055929
0.063431
0.054143
0.054112
0.054100
0.058228
0.054842
0.052965
0.053004
0.053437
0.053662
0.054285
0.054973
0.053024
0.053470
0.053495
0.054304
0.053797
0.054577
0.053058
0.053390
0.055265
0.055556
0.054249
0.055373
0.053585
0.053059
0.053869
0.055079
0.054771
0.055816
0.053561
0.054127
0.053677
0.054431
0.054598
0.055144
0.054593
0.054951
0.053328
0.054798
0.054465
0.054600
0.053144
0.054395
0.064591
0.054091
0.053827
0.054895
0.053339
0.054073
0.053965
0.054153
0.054918
0.055722
0.053285
0.056580
0.053606
0.053811
0.054086
0.055688
0.053406
0.053953
0.053963
0.054743
0.054293
0.055682
0.053607
0.054467
0.054230
0.054965
0.053974
0.055507
0.053540
0.053036
0.053285
0.054589
0.053922
0.055776
0.053430
0.053722
0.053272
0.053820
0.054409
0.054633
0.054440
0.055147
0.053365
0.054827
0.054792
0.054606
0.053204
0.054580
0.054022
0.064390
0.054015
0.055159
0.053404
0.054008
0.053628
0.053640
0.054053
0.055240
0.053052
0.053560
0.053459
0.053804
0.055619
0.055452
0.053653
0.054227
0.053886
0.054590
0.054119
0.055411
0.053271
0.053485
0.055212
0.054906
0.054129
0.055428
0.053579
0.052964
0.053188
0.054871
0.054469
0.055891
0.053475
0.054210
0.053607
0.054365
0.054735
0.055148
0.054826
0.075514
0.053384
0.054399
0.054633
0.054781
0.052863
0.063768
0.055592
0.054243
0.053945
0.054701
0.054652
0.053218
0.053450
0.053664
0.054008
0.054853
0.053021
0.053046
0.053298
0.053851
0.053792
0.056183
0.053789
0.055384
0.053903
0.054787
0.054232
0.055004
0.053467
0.053524
0.055158
0.055577
0.054200
0.055920
0.053504
0.052944
0.053722
0.054988
0.055138
0.055865
0.053464
0.054108
0.053753
0.054421
0.054158
0.055074
0.054773
0.054964
0.065201
0.054173
0.053990
0.054838
0.053182
0.053915
0.054053
0.053897
0.053924
0.056887
0.053440
0.054442
0.054034
0.054617
0.055011
0.057214
0.055906
0.056224
0.054033
0.053806
0.054218
0.055612
0.052916
0.054084
0.053906
0.054400
0.053768
0.054893
0.055868
0.053385
0.054121
0.054725
0.053920
0.055584
0.053658
0.053072
0.053397
0.054534
0.053923
0.055778
0.053558
0.053897
0.053550
0.053781
0.053950
0.055277
0.054639
0.054840
0.053219
0.054971
0.054619
0.064725
0.053391
0.054020
0.054132
0.054019
0.054009
0.055027
0.053140
0.054139
0.053994
0.053722
0.054081
0.055241
0.053220
0.053194
0.054092
0.053670
0.053906
0.055465
0.052917
0.053947
0.053850
0.054519
0.054311
0.055600
0.053426
0.053494
0.054846
0.055451
0.054128
0.055535
0.053529
0.052990
0.053250
0.054466
0.054197
0.055671
0.053536
0.053753
0.053305
0.053615
0.053872
0.054276
0.054462
0.054903
0.053515
0.054831
0.054500
0.054560
0.053043
0.054347
0.054038
0.054636
0.054459
0.058170
0.053258
0.064022
0.053790
0.054034
0.054305
0.054634
0.053037
0.053150
0.053488
0.053695
0.053825
0.054859
0.052985
0.053270
0.053383
0.053782
0.053665
0.054890
0.052933
0.053140
0.054892
0.055572
0.053988
0.056061
0.053635
0.052938
0.053560
0.054891
0.054535
0.055877
0.053508
0.054177
0.053694
0.054398
0.054202
0.055148
0.054997
0.053930
0.053540
0.054397
0.054568
0.054617
0.052714
0.053967
0.053234
0.054730
0.054635
0.055379
0.063013
0.053344
0.053604
0.053658
0.054950
0.055679
0.053091
0.053665
0.053644
0.053776
0.054315
0.055454
0.053644
0.053476
0.053461
0.054769
0.054276
0.055508
0.053404
0.053519
0.054224
0.054552
0.054564
0.055385
0.053614
0.052996
0.053692
0.054755
0.054567
0.058659
0.053596
0.053821
0.053867
0.054491
0.054742
0.055318
0.054672
0.055004
0.053391
0.054769
0.054512
0.054653
0.052782
0.054106
0.053453
0.054631
0.054633
0.055737
0.052763
0.053068
0.053287
0.063763
0.054165
0.054876
0.054004
0.053234
0.053424
0.053547
0.054213
0.054907
0.052960
0.053234
0.053337
0.053675
0.054336
0.055114
0.052993
0.053212
0.054108
0.054700
0.053947
0.056074
0.053683
0.053150
0.053953
0.056524
0.054950
0.055348
0.053501
0.054222
0.053661
0.054484
0.054615
0.055209
0.054670
0.055032
0.053322
0.054760
0.054918
0.054770
0.053266
0.054449
0.054088
0.054869
0.054500
0.055957
0.053226
0.053860
0.053795
0.054036
0.055696
0.056662
0.053054
0.063741
0.053738
0.053738
0.057819
0.077132
0.053330
0.053407
0.053529
0.053699
0.054074
0.055056
0.053201
0.053356
0.053724
0.055288
0.054136
0.055770
0.053703
0.053129
0.053241
0.054578
0.054746
0.057432
0.055196
0.053857
0.053349
0.053782
0.053919
0.054708
0.053761
0.054837
0.053377
0.054717
0.054379
0.054534
0.052995
0.054196
0.054122
0.054641
0.054445
0.055769
0.063369
0.054288
0.053889
0.054053
0.054454
0.054771
0.053040
0.053062
0.053276
0.053575
0.054312
0.055033
0.053606
0.053887
0.054260
0.055169
0.054421
0.055959
0.053422
0.053933
0.055785
0.055911
0.056783
0.057981
0.055654
0.055123
0.055372
0.055988
0.055328
0.057288
0.055232
0.071669
0.055401
0.055913
0.055518
0.057892
0.056928
0.055461
0.054885
0.060071
0.056804
0.056835
0.054692
0.055610
0.055492
0.056844
0.056546
0.057386
0.054734
0.082164
0.058136
0.065445
0.055782
0.056356
0.054903
0.055409
0.054551
0.055219
0.056103
0.056248
0.055344
0.054224
0.053958
0.054223
0.054434
0.055643
0.053324
0.053414
0.054227
0.054601
0.053992
0.055018
0.053894
0.053088
0.053192
0.054537
0.053865
0.055763
0.053715
0.053964
0.053202
0.054128
0.054300
0.055188
0.054765
0.055191
0.053403
0.054885
0.054842
0.054840
0.053162
0.055549
0.054378
0.054703
0.054583
0.055825
0.053317
0.055112
0.054853
0.058077
0.056691
0.065488
0.053443
0.053430
0.053697
0.053709
0.053809
0.054702
0.052989
0.053565
0.053521
0.053565
0.053955
0.055006
0.053302
0.057131
0.054465
0.054819
0.053933
0.055619
0.053661
0.053007
0.053294
0.054589
0.053805
0.055812
0.053417
0.053787
0.053476
0.053706
0.053831
0.054851
0.054609
0.054816
0.053541
0.054736
0.054590
0.054769
0.053162
0.054404
0.054066
0.054672
0.054484
0.055764
0.053242
0.053999
0.053846
0.054002
0.055515
0.056706
0.052751
0.054233
0.054017
0.053605
0.054371
0.056141
0.063950
0.053459
0.053446
0.054178
0.055436
0.057376
0.054753
0.053218
0.053654
0.054044
0.054216
0.054898
0.053291
0.053388
0.053573
0.054573
0.054225
0.055897
0.053512
0.054365
0.053809
0.054645
0.054735
0.055185
0.054648
0.055029
0.053477
0.054911
0.054667
0.054813
0.053198
0.054489
0.054228
0.054729
0.056130
0.055865
0.056240
0.052988
0.053398
0.053693
0.054638
0.055843
0.053024
0.053765
0.053827
0.053611
0.053750
0.055583
0.053770
0.054162
0.053929
0.054340
0.054107
0.055508
0.053383
0.063885
0.054488
0.055012
0.054170
0.055142
0.053177
0.053458
0.053737
0.054395
0.053945
0.055156
0.052862
0.054523
0.054593
0.055542
0.054022
0.054730
0.053615
0.054124
0.053558
0.054283
0.055077
0.054613
0.052781
0.053951
0.053260
0.054684
0.054522
0.055271
0.053216
0.053805
0.053946
0.054039
0.056152
0.058277
0.052959
0.054271
0.054103
0.053687
0.054118
0.055522
0.053831
0.054204
0.053935
0.054800
0.054211
0.055050
0.064175
0.053781
0.054418
0.054925
0.054067
0.055237
0.053286
0.053510
0.053685
0.054352
0.057466
0.055036
0.052857
0.053499
0.053763
0.053910
0.054533
0.054991
0.053767
0.054216
0.053474
0.054456
0.054719
0.054330
0.052873
0.054046
0.063464
0.054955
0.054627
0.055715
0.054552
0.074040
0.055387
0.053731
0.055398
0.055977
0.053156
0.053937
0.054319
0.053809
0.053780
0.055827
0.053010
0.054437
0.054078
0.054808
0.054028
0.054915
0.052877
0.063481
0.053618
0.054082
0.054186
0.054732
0.052965
0.053122
0.053326
0.053844
0.054014
0.055120
0.053114
0.053432
0.053839
0.054837
0.054712
0.055279
0.054717
0.055062
0.053489
0.073344
0.054755
0.054896
0.053396
0.054472
0.054301
0.054741
0.053946
0.066877
0.053272
0.053742
0.053634
0.054298
0.054996
0.055819
0.053126
0.053562
0.053595
0.056960
0.054438
0.055591
0.053934
0.053533
0.053213
0.055722
0.056818
0.056353
0.053026
0.053130
0.054159
0.054718
0.054338
0.055621
0.053786
0.053245
0.053174
0.054671
0.054152
0.056191
0.052797
0.053767
0.053354
0.053721
0.054053
0.054842
0.053777
0.054568
0.053483
0.055398
0.054602
0.054783
0.053396
0.054252
0.064574
0.054095
0.054139
0.055009
0.053558
0.054062
0.053907
0.054059
0.054550
0.054853
0.053071
0.053441
0.053491
0.053954
0.054073
0.055903
0.052840
0.054189
0.053259
0.054348
0.053732
0.054883
0.052981
0.053077
0.054030
0.055089
0.054692
0.055352
0.053661
0.053077
0.053616
0.054789
0.054974
0.055793
0.053923
0.054744
0.054925
0.053760
0.054091
0.078034
0.053886
0.056981
0.054539
0.054478
0.054668
0.054734
0.052853
0.053945
0.053455
0.054734
0.053642
0.055538
0.052735
0.053121
0.053506
0.053769
0.064319
0.055051
0.053282
0.053255
0.053590
0.053520
0.053719
0.054330
0.052936
0.053356
0.053331
0.053686
0.053895
0.055111
0.053310
0.053109
0.055078
0.055381
0.054693
0.055568
0.054265
0.054278
0.053840
0.055118
0.054678
0.055851
0.052809
0.054181
0.053605
0.054295
0.054186
0.055189
0.054686
0.054982
0.054092
0.054873
0.054565
0.054624
0.053132
0.054352
0.054142
0.054719
0.054043
0.056817
0.053345
0.057123
0.053775
0.054122
0.054594
0.055725
0.063302
0.053301
0.053806
0.053569
0.053755
0.054810
0.053016
0.053503
0.053387
0.054010
0.054172
0.055444
0.056745
0.053446
0.053806
0.054611
0.055502
0.055538
0.053820
0.053123
0.053227
0.054513
0.054179
0.055318
0.052672
0.056988
0.053260
0.053668
0.054212
0.055270
0.054534
0.054955
0.054137
0.054939
0.055215
0.054617
0.053067
0.054468
0.054063
0.054710
0.054087
0.055843
0.053190
0.053918
0.053894
0.053956
0.055903
0.056583
0.053731
0.054463
0.054101
0.063867
0.054318
0.055394
0.053774
0.053564
0.053260
0.054001
0.054624
0.056448
0.055296
0.054780
0.053683
0.053992
0.054772
0.055141
0.053929
0.052999
0.053368
0.053766
0.053957
0.055334
0.052859
0.053754
0.053495
0.054472
0.054550
0.054730
0.054822
0.054964
0.054231
0.055031
0.054665
0.054771
0.053150
0.053862
0.054287
0.054789
0.054146
0.058945
0.052890
0.053135
0.053285
0.053657
0.054565
0.055684
0.052991
0.053826
0.054151
0.053694
0.053962
0.054768
0.052887
0.054094
0.053109
0.054362
0.064243
0.054775
0.053183
0.053143
0.053760
0.054683
0.054265
0.055328
0.053325
0.053457
0.053671
0.054761
0.055183
0.054950
0.053040
0.054133
0.054590
0.056170
0.055886
0.054630
0.053724
0.054042
0.053417
0.054468
0.055238
0.054730
0.052720
0.053181
0.053401
0.054684
0.053901
0.055752
0.053072
0.053974
0.053794
0.054018
0.055944
0.055983
0.052861
0.054366
0.054170
0.053479
0.054475
0.054994
0.053674
0.054124
0.053191
0.054595
0.054485
0.055492
0.053147
0.053420
0.055233
0.055535
0.065291
0.055396
0.053602
0.053210
0.053857
0.057195
0.055181
0.054685
0.053034
0.053185
0.053454
0.053901
0.054263
0.054654
0.053097
0.053956
0.053421
0.054335
0.054669
0.054778
0.052820
0.053066
0.053372
0.054706
0.054269
0.056722
0.053774
0.054951
0.053497
0.053689
0.055284
0.055805
0.052869
0.053833
0.054041
0.053712
0.053620
0.054747
0.052937
0.054233
0.053368
0.054635
0.054112
0.055487
0.053276
0.053503
0.055166
0.055427
0.054150
0.055999
0.053563
0.052936
0.053625
0.054450
0.054854
0.055290
0.052782
0.063728
0.053734
0.054511
0.054556
0.055157
0.053894
0.054431
0.053616
0.054284
0.054342
0.054819
0.053245
0.054033
0.054362
0.054155
0.053790
0.055507
0.052702
0.053969
0.053898
0.054076
0.056005
0.056635
0.052917
0.054498
0.057266
0.053808
0.054197
0.055635
0.053856
0.054077
0.053229
0.056367
0.054360
0.057842
0.055838
0.053158
0.057036
0.058866
0.054220
0.058003
0.053768
0.056296
0.054920
0.055460
0.056445
0.065051
0.053705
0.054831
0.054561
0.055346
0.055692
0.056213
0.055910
0.055989
0.054417
0.065544
0.055882
0.055754
0.054285
0.054926
0.055014
0.055411
0.055414
0.056103
0.053896
0.054209
0.054631
0.054940
0.055602
0.056479
0.054118
0.054871
0.055189
0.054644
0.055047
0.055891
0.054033
0.055284
0.054189
0.055547
0.055627
0.056768
0.054632
0.054588
0.056046
0.056765
0.055340
0.056552
0.054642
0.053928
0.054659
0.055316
0.056003
0.056938
0.055168
0.054996
0.054355
0.054741
0.054826
0.055353
0.057592
0.055281
0.054394
0.065096
0.055137
0.055651
0.053804
0.054212
0.054527
0.054960
0.054676
0.055653
0.053765
0.054291
0.054523
0.054831
0.055474
0.056105
0.054008
0.055480
0.055086
0.054449
0.055000
0.056423
0.054715
0.055122
0.054128
0.055547
0.055393
0.056114
0.054262
0.054391
0.056010
0.056531
0.055156
0.056540
0.054577
0.053877
0.054434
0.055366
0.055906
0.056284
0.053761
0.055018
0.054562
0.055470
0.055264
0.056173
0.055707
0.055896
0.054490
0.056008
0.055504
0.055704
0.054057
0.054756
0.054961
0.055736
0.055993
0.068977
0.054052
0.056182
0.053527
0.053779
0.054253
0.054815
0.053003
0.053079
0.053522
0.053652
0.054041
0.054852
0.053076
0.053511
0.054024
0.054551
0.068853
0.080516
0.053736
0.056258
0.059797
0.056548
0.054334
0.055235
0.053899
0.052996
0.053286
0.053874
0.054552
0.056050
0.053825
0.053889
0.053250
0.053833
0.054350
0.054535
0.053672
0.054358
0.053331
0.055074
0.055039
0.054291
0.053116
0.053819
0.054330
0.054772
0.054924
0.055229
0.053126
0.054001
0.053743
0.054117
0.056429
0.056169
0.052980
0.063580
0.053588
0.053735
0.054850
0.055111
0.053752
0.054312
0.054163
0.055432
0.054218
0.054308
0.053077
0.053272
0.053525
0.054150
0.054347
0.054954
0.053691
0.052970
0.053279
0.053783
0.055102
0.055304
0.053566
0.054084
0.053729
0.054406
0.054919
0.054778
0.054764
0.055042
0.053310
0.055008
0.054993
0.054718
0.053196
0.053732
0.057068
0.054372
0.055091
0.055687
0.052863
0.053104
0.055072
0.053726
0.055130
0.056259
0.052922
0.054620
0.054092
0.053669
0.054571
0.055511
0.053596
0.063885
0.053905
0.054357
0.054570
0.055629
0.053548
0.053707
0.054334
0.054584
0.054573
0.055196
0.052988
0.054381
0.054436
0.054954
0.058754
0.056519
0.055212
0.053826
0.053385
0.053536
0.054296
0.054324
0.052743
0.053813
0.053450
0.053685
0.055040
0.057100
0.052664
0.053009
0.054040
0.055391
0.054970
0.055163
0.052828
0.053759
0.053716
0.053885
0.054321
0.055898
0.052908
0.053354
0.054139
0.053399
0.054441
0.056737
0.054850
0.054770
0.054130
0.054556
0.054794
0.055486
0.053148
0.053361
0.053541
0.055346
0.054227
0.065066
0.057089
0.053259
0.053434
0.054628
0.054513
0.054519
0.053280
0.053184
0.054075
0.054739
0.055715
0.055433
0.054224
0.053339
0.053605
0.053651
0.055145
0.054325
0.052632
0.081791
0.057034
0.054623
0.055815
0.055364
0.053781
0.053155
0.053652
0.054031
0.054476
0.055472
0.053071
0.053085
0.054365
0.053771
0.054175
0.055487
0.052820
0.053786
0.054404
0.054269
0.054829
0.054569
0.052912
0.053116
0.063785
0.054132
0.054490
0.055963
0.053052
0.052976
0.053337
0.053644
0.053756
0.054725
0.053245
0.054482
0.053660
0.054614
0.054857
0.055174
0.052999
0.054999
0.056186
0.055186
0.054898
0.055422
0.053213
0.054164
0.054052
0.054842
0.055260
0.056271
0.053474
0.053381
0.053788
0.054039
0.058596
0.056119
0.054206
0.053753
0.054373
0.054090
0.057198
0.054940
0.052892
0.053997
0.054447
0.054457
0.054222
0.054881
0.053000
0.053961
0.053335
0.053947
0.064686
0.054956
0.053191
0.053168
0.053458
0.053769
0.054202
0.054595
0.053168
0.053043
0.053428
0.053633
0.054538
0.055021
0.053182
0.053681
0.055484
0.054302
0.054978
0.054773
0.053572
0.053500
0.054596
0.055994
0.054381
0.054705
0.052812
0.053856
0.053858
0.056094
0.054823
0.054942
0.053447
0.053639
0.054050
0.054589
0.055038
0.054616
0.054094
0.055382
0.053734
0.054001
0.054079
0.055240
0.053955
0.054236
0.064939
0.054650
0.054961
0.055413
0.053089
0.054472
0.053468
0.053773
0.054655
0.055075
0.053224
0.053342
0.056327
0.053975
0.054759
0.054972
0.052979
0.054120
0.054067
0.053983
0.055037
0.055640
0.053676
0.053057
0.054037
0.054514
0.054478
0.054823
0.052996
0.054333
0.063715
0.053901
0.054705
0.055339
0.053703
0.053851
0.053547
0.053626
0.054300
0.054640
0.053475
0.054535
0.054208
0.054176
0.054696
0.056314
0.053836
0.052998
0.053274
0.055367
0.055371
0.055527
0.053579
0.053864
0.054002
0.054130
0.055085
0.057262
0.053165
0.053340
0.065381
0.054729
0.054732
0.054543
0.053449
0.053862
0.054393
0.054519
0.054992
0.055183
0.052967
0.053201
0.053480
0.053969
0.054776
0.054990
0.052889
0.053080
0.053267
0.053690
0.055800
0.055039
0.052949
0.053755
0.054034
0.054478
0.054635
0.055905
0.057560
0.055664
0.053764
0.054803
0.053812
0.055090
0.053254
0.053333
0.054512
0.054426
0.054779
0.055095
0.053876
0.053853
0.053900
0.054483
0.055019
0.055581
0.053882
0.063539
0.053528
0.053924
0.054764
0.054795
0.053167
0.053438
0.053511
0.054260
0.054444
0.055070
0.053214
0.053530
0.053379
0.054866
0.055592
0.055504
0.052851
0.053571
0.054088
0.053847
0.055606
0.055614
0.054132
0.054684
0.055807
0.054528
0.054875
0.055647
0.053965
0.053839
0.054436
0.053537
0.054061
0.054889
0.052796
0.053143
0.053943
0.054603
0.054426
0.055345
0.053622
0.063448
0.053796
0.054260
0.054383
0.055798
0.053430
0.053372
0.053317
0.054168
0.054472
0.055069
0.053492
0.054239
0.054492
0.054421
0.063620
0.055275
0.053627
0.054178
0.053199
0.053711
0.055208
0.055648
0.052779
0.053818
0.053285
0.054506
0.054002
0.055476
0.053655
0.053661
0.053890
0.054227
0.054594
0.055673
0.053146
0.054258
0.054275
0.054631
0.054158
0.055598
0.053896
0.053725
0.054087
0.055443
0.059321
0.055069
0.053629
0.053800
0.053867
0.054275
0.054182
0.054784
0.063524
0.053231
0.053355
0.053729
0.054061
0.054226
0.052735
0.053351
0.053446
0.053995
0.054187
0.054764
0.052856
0.053484
0.054155
0.054883
0.054766
0.055603
0.052924
0.054170
0.054467
0.054432
0.054737
0.056322
0.054586
0.053488
0.053800
0.054230
0.054314
0.054468
0.053157
0.054202
0.054280
0.054490
0.054034
0.055101
0.053938
0.053892
0.056764
0.054429
0.056388
0.054490
0.053627
0.053791
0.053854
0.064078
0.054303
0.054517
0.053498
0.053263
0.053423
0.053566
0.054422
0.054328
0.052777
0.053369
0.053462
0.055119
0.053917
0.054576
0.055711
0.053122
0.054049
0.053783
0.055230
0.054994
0.053653
0.052980
0.053220
0.054537
0.055072
0.054554
0.053733
0.053354
0.053897
0.054362
0.055175
0.055152
0.054143
0.054568
0.053425
0.054572
0.055158
0.054651
0.053339
0.053912
0.054606
0.054245
0.055735
0.055166
0.053498
0.053723
0.053779
0.054116
0.055617
0.055990
0.063313
0.053658
0.054233
0.054206
0.054891
0.054870
0.076612
0.055831
0.054237
0.053948
0.054669
0.054875
0.053034
0.053258
0.053718
0.054684
0.054566
0.055690
0.056643
0.053408
0.054132
0.054716
0.055050
0.055252
0.055373
0.053303
0.054024
0.054937
0.054256
0.054956
0.053666
0.054098
0.053609
0.064194
0.054500
0.054927
0.053223
0.053449
0.053324
0.053989
0.054372
0.054759
0.052749
0.053110
0.053258
0.053760
0.054504
0.054968
0.054304
0.055204
0.054550
0.054413
0.055627
0.054876
0.053830
0.053834
0.054735
0.053691
0.054831
0.054850
0.052775
0.053390
0.054736
0.055610
0.054990
0.055718
0.053808
0.055068
0.055025
0.054513
0.055303
0.055448
0.054133
0.053126
0.053941
0.053602
0.054194
0.055128
0.065175
0.054461
0.053898
0.053925
0.055207
0.055876
0.053685
0.053407
0.053822
0.054257
0.054727
0.056190
0.052843
0.053477
0.053502
0.054059
0.058917
0.054970
0.053920
0.053870
0.053376
0.054691
0.055257
0.056781
0.054659
0.053372
0.054422
0.053938
0.055181
0.055515
0.052755
0.053109
0.054129
0.054002
0.055174
0.055470
0.052885
0.054484
0.054972
0.054109
0.055284
0.055250
0.053352
0.053147
0.053848
0.054363
0.054953
0.055469
0.054395
0.054314
0.063731
0.054114
0.054942
0.055065
0.054288
0.053491
0.053417
0.053853
0.054561
0.054465
0.052774
0.053086
0.053815
0.054312
0.054616
0.055459
0.053103
0.053466
0.054049
0.055638
0.056053
0.054661
0.053874
0.053604
0.055451
0.053655
0.054993
0.055561
0.053435
0.053907
0.054061
0.053787
0.054218
0.054787
0.052834
0.054157
0.054216
0.053999
0.054503
0.054959
0.053755
0.053244
0.056585
0.054417
0.054516
0.056214
0.053909
0.054252
0.053541
0.053973
0.054639
0.056743
0.055279
0.053406
0.054497
0.054224
0.055120
0.054894
0.053562
0.053727
0.063591
0.054157
0.054257
0.054944
0.053088
0.053155
0.053565
0.053967
0.054074
0.055290
0.053020
0.054109
0.053472
0.053846
0.053986
0.056202
0.053286
0.054204
0.054892
0.055261
0.056740
0.056916
0.053951
0.054408
0.054603
0.055162
0.054694
0.057362
0.053291
0.053595
0.054253
0.054898
0.054203
0.054943
0.053144
0.053505
0.053523
0.054646
0.053759
0.055725
0.053698
0.054140
0.054011
0.053715
0.054854
0.054705
0.053427
0.053797
0.053978
0.054885
0.054361
0.055662
0.054175
0.054236
0.064310
0.054878
0.055405
0.055117
0.056423
0.053923
0.053508
0.053754
0.053735
0.054831
0.053061
0.053234
0.053676
0.054114
0.054438
0.055700
0.052926
0.054030
0.054331
0.054757
0.054505
0.054906
0.053753
0.053004
0.053994
0.054454
0.053973
0.056205
0.053280
0.054060
0.053818
0.055277
0.054707
0.056754
0.054842
0.054044
0.054476
0.055428
0.054613
0.054797
0.053552
0.053778
0.053211
0.054344
0.053827
0.054927
0.053058
0.053904
0.053335
0.053721
0.053810
0.055675
0.053569
0.053159
0.054085
0.053682
0.054787
0.064832
0.052851
0.053697
0.053956
0.054982
0.054789
0.055341
0.053600
0.053943
0.054193
0.054153
0.054936
0.055241
0.052982
0.054915
0.054267
0.054336
0.054247
0.054992
0.052893
0.053253
0.053446
0.054157
0.057690
0.054863
0.052822
0.054001
0.053956
0.053818
0.054979
0.054789
0.053641
0.053816
0.065173
0.054869
0.057469
0.055589
0.053504
0.053272
0.054100
0.054505
0.054646
0.055353
0.053989
0.053857
0.055559
0.053700
0.054982
0.054892
0.052737
0.053856
0.053087
0.063978
0.054525
0.054757
0.052912
0.053281
0.053328
0.053740
0.054145
0.054747
0.052895
0.053260
0.054030
0.053816
0.054166
0.055339
0.054059
0.054256
0.055346
0.054341
0.054763
0.055466
0.053244
0.054135
0.054356
0.054993
0.055167
0.055265
0.053746
0.053833
0.053116
0.054786
0.055300
0.054853
0.052968
0.053768
0.053989
0.054894
0.057769
0.055714
0.053918
0.053785
0.054159
0.054795
0.055002
0.054797
0.052678
0.054653
0.054043
0.056621
0.053927
0.054806
0.053668
0.053015
0.054159
0.064167
0.054372
0.056174
0.053351
0.053245
0.053699
0.053704
0.054313
0.054957
0.053145
0.053399
0.053518
0.053707
0.054857
0.054915
0.053614
0.053192
0.053459
0.053975
0.054266
0.055111
0.053949
0.053083
0.054722
0.053855
0.055418
0.054926
0.052652
0.053901
0.054036
0.054349
0.055645
0.056006
0.054048
0.053956
0.054133
0.057779
0.055411
0.054627
0.052704
0.053477
0.054316
0.053941
0.053993
0.055307
0.053512
0.053842
0.054837
0.055093
0.055269
0.055829
0.063260
0.054090
0.053906
0.054687
0.054882
0.054889
0.053259
0.053262
0.053420
0.053605
0.054339
0.054731
0.053179
0.053875
0.054500
0.054706
0.055115
0.055134
0.054021
0.055727
0.053580
0.053933
0.056413
0.055047
0.052860
0.053538
0.054092
0.053597
0.054666
0.055665
0.053703
0.054168
0.053828
0.053659
0.054807
0.054680
0.052715
0.053058
0.053509
0.054024
0.054360
0.055649
0.053531
0.053846
0.053769
0.064626
0.055646
0.055186
0.053232
0.053655
0.053680
0.053759
0.054996
0.054968
0.053752
0.053657
0.053405
0.054023
0.054634
0.054970
0.053067
0.053912
0.054846
0.054574
0.054210
0.056557
0.053660
0.053095
0.054148
0.054562
0.055036
0.055189
0.052937
0.054474
0.054280
0.055797
0.055097
0.056122
0.054642
0.053655
0.054759
0.054653
0.055126
0.054962
0.053557
0.054425
0.053499
0.053926
0.054324
0.055660
0.053664
0.053777
0.053421
0.054379
0.055063
0.055014
0.056386
0.053335
0.054177
0.063936
0.054592
0.054951
0.053032
0.053292
0.053300
0.053928
0.054376
0.054743
0.053049
0.053233
0.053481
0.054116
0.054449
0.055275
0.053624
0.053023
0.054530
0.054501
0.055386
0.054716
0.053664
0.053598
0.053955
0.055497
0.055254
0.054312
0.054580
0.054651
0.058595
0.054171
0.054931
0.054815
0.053585
0.053172
0.053341
0.054374
0.054558
0.054647
0.053526
0.054771
0.054021
0.053654
0.055546
0.056651
0.053251
0.053529
0.053994
0.054419
0.057131
0.056638
0.053943
0.053331
0.053999
0.053642
0.053817
0.055006
0.063373
0.053315
0.053626
0.054309
0.053858
0.054322
0.053034
0.053212
0.053582
0.053909
0.054201
0.055652
0.053236
0.053662
0.053515
0.055364
0.058773
0.055417
0.055086
0.054764
0.053927
0.054198
0.054681
0.055768
0.053906
0.057637
0.056980
0.054000
0.055180
0.054830
0.052915
0.053869
0.054127
0.053570
0.054886
0.055511
0.052775
0.063258
0.053530
0.053910
0.054345
0.054328
0.053257
0.053800
0.053633
0.054020
0.054246
0.055649
0.053131
0.053229
0.054397
0.054848
0.054184
0.055165
0.053643
0.054770
0.054322
0.054398
0.054669
0.055072
0.053654
0.053849
0.053114
0.054437
0.054664
0.054765
0.053499
0.054033
0.053429
0.053655
0.054550
0.055551
0.053770
0.055027
0.054144
0.054121
0.054787
0.055923
0.052800
0.054596
0.054080
0.053614
0.055665
0.056643
0.053133
0.063294
0.053395
0.053980
0.054314
0.055467
0.053895
0.053799
0.053784
0.057544
0.054293
0.055582
0.053368
0.053297
0.054082
0.054320
0.054492
0.055069
0.053465
0.053824
0.053977
0.054401
0.053954
0.054936
0.053598
0.053925
0.053169
0.054307
0.054606
0.054654
0.053745
0.054356
0.053321
0.053796
0.054365
0.055489
0.053774
0.054879
0.053432
0.054999
0.066996
0.057024
0.055834
0.054011
0.053944
0.054340
0.054721
0.059286
0.054164
0.056640
0.055508
0.056777
0.056913
0.060108
0.054989
0.058128
0.057298
0.055721
0.057034
0.058030
0.055029
0.054009
0.056111
0.059023
0.058063
0.056760
0.056245
0.055684
0.056183
0.056758
0.056507
0.056636
0.054413
0.055028
0.054814
0.054299
0.055283
0.055478
0.054066
0.055864
0.054756
0.055387
0.066459
0.057950
0.053960
0.054405
0.059272
0.054881
0.054885
0.055470
0.053572
0.054242
0.054037
0.054986
0.054645
0.055601
0.053958
0.054285
0.056167
0.055525
0.056097
0.055809
0.055259
0.053128
0.054077
0.054975
0.054673
0.054657
0.053806
0.053247
0.054029
0.054062
0.053998
0.054949
0.053437
0.053803
0.054016
0.055910
0.055297
0.055283
0.054058
0.054756
0.054219
0.054576
0.055586
0.055097
0.054296
0.054169
0.055116
0.053751
0.055281
0.055095
0.052774
0.053874
0.054141
0.064099
0.053866
0.055118
0.053081
0.053136
0.053560
0.053777
0.053894
0.055159
0.053119
0.053179
0.053879
0.054579
0.054127
0.055005
0.053118
0.053171
0.054003
0.054321
0.054591
0.056102
0.053589
0.053932
0.054204
0.054172
0.054146
0.054716
0.056978
0.053323
0.055027
0.055406
0.054063
0.054988
0.053075
0.054182
0.054279
0.053730
0.054908
0.055686
0.053643
0.053351
0.053758
0.055498
0.054909
0.056755
0.053474
0.055005
0.053556
0.054557
0.056225
0.055746
0.053542
0.053510
0.054405
0.053711
0.064260
0.055109
0.053271
0.053268
0.053678
0.053761
0.054661
0.055763
0.053008
0.053785
0.054057
0.054175
0.053854
0.055134
0.052981
0.053233
0.054861
0.055479
0.056028
0.056236
0.054803
0.054589
0.054238
0.053721
0.053800
0.054758
0.053890
0.053200
0.054073
0.054741
0.055279
0.055254
0.054172
0.054538
0.054312
0.054818
0.054596
0.055801
0.054673
0.055613
0.053782
0.055276
0.055697
0.055059
0.054931
0.053931
0.054174
0.053631
0.054504
0.058715
0.052821
0.063871
0.053651
0.053892
0.054125
0.054366
0.053102
0.053175
0.053779
0.053722
0.053815
0.054884
0.053080
0.053072
0.053569
0.054350
0.054715
0.055785
0.053760
0.054104
0.055269
0.054366
0.054708
0.055447
0.054517
0.053696
0.053708
0.055246
0.053945
0.054984
0.054427
0.054722
0.054916
0.054966
0.055021
0.055479
0.053651
0.053765
0.054125
0.054365
0.055484
0.055417
0.052800
0.054578
0.053797
0.064071
0.055019
0.055794
0.053919
0.054127
0.053634
0.053980
0.054951
0.055158
0.053211
0.055298
0.055513
0.054062
0.054337
0.055087
0.053069
0.053190
0.054020
0.054836
0.054697
0.055758
0.053668
0.053921
0.054085
0.053792
0.054783
0.055988
0.054445
0.053599
0.053195
0.057714
0.054903
0.055013
0.054404
0.054716
0.054945
0.055772
0.057231
0.055952
0.054635
0.054023
0.054334
0.054344
0.055165
0.054299
0.052842
0.053771
0.053562
0.053805
0.054997
0.055933
0.053558
0.053943
0.063863
0.053810
0.054230
0.054380
0.053239
0.054049
0.054485
0.054182
0.054471
0.055049
0.053253
0.053311
0.054220
0.054503
0.054903
0.056195
0.053717
0.054218
0.055249
0.054391
0.054668
0.055599
0.054853
0.055125
0.053285
0.054430
0.054510
0.054329
0.053644
0.054220
0.054099
0.054572
0.054890
0.054921
0.053572
0.053195
0.054013
0.053740
0.055457
0.054701
0.052940
0.053492
0.053755
0.053801
0.065540
0.055358
0.053951
0.054069
0.053551
0.054256
0.055220
0.054953
0.053041
0.053894
0.056906
0.053763
0.054533
0.055037
0.053302
0.053991
0.054120
0.054998
0.054696
0.055290
0.053801
0.053836
0.055374
0.056705
0.055988
0.071843
0.066881
0.058905
0.058388
0.055560
0.055670
0.069619
0.055035
0.055557
0.055736
0.057245
0.058392
0.058633
0.056296
0.068361
0.057702
0.057321
0.056993
0.057844
0.067809
0.055342
0.056092
0.055861
0.056480
0.057104
0.054832
0.054931
0.055531
0.055456
0.055823
0.056806
0.054609
0.055255
0.055219
0.055955
0.055584
0.056958
0.053930
0.054239
0.054671
0.055199
0.055796
0.056909
0.054814
0.054799
0.055225
0.054960
0.056288
0.056854
0.053891
0.055639
0.055401
0.056151
0.055237
0.056636
0.055236
0.054928
0.056857
0.056011
0.055775
0.056859
0.056143
0.060334
0.055860
0.065483
0.054976
0.056362
0.054516
0.054225
0.054697
0.054676
0.054996
0.056097
0.055446
0.054541
0.056076
0.055215
0.055613
0.055974
0.055144
0.054575
0.054617
0.056384
0.055569
0.056685
0.054054
0.054167
0.054488
0.055345
0.055513
0.055970
0.054906
0.054867
0.055360
0.055686
0.055849
0.055305
0.053784
0.054876
0.054434
0.055910
0.055226
0.056522
0.064937
0.055427
0.054944
0.055504
0.055334
0.056335
0.054943
0.054931
0.055107
0.055314
0.055459
0.056252
0.054120
0.054395
0.054642
0.055718
0.067195
0.055855
0.054543
0.054494
0.054671
0.064746
0.055036
0.055662
0.054196
0.053921
0.054288
0.054750
0.055089
0.055801
0.054065
0.055071
0.057883
0.055818
0.058823
0.072466
0.057423
0.054255
0.053610
0.054896
0.055171
0.055964
0.063713
0.053676
0.053765
0.054171
0.054768
0.055165
0.053411
0.053562
0.053476
0.053875
0.054075
0.054901
0.053152
0.053333
0.053606
0.054399
0.054678
0.055133
0.053047
0.053904
0.053369
0.054789
0.064866
0.055752
0.053827
0.063494
0.053880
0.054137
0.054011
0.064615
0.052812
0.052731
0.053588
0.053638
0.063678
0.053799
0.052609
0.053004
0.054102
0.054278
0.054653
0.055327
0.053196
0.053312
0.053915
0.054061
0.054123
0.055324
0.053553
0.054371
0.064519
0.054231
0.054014
0.055862
0.054062
0.054137
0.054298
0.057330
0.055560
0.056224
0.052964
0.063059
0.053223
0.053641
0.053672
0.054537
0.052838
0.053055
0.053254
0.053791
0.057238
0.055272
0.063006
0.053181
0.053222
0.053466
0.053915
0.054640
0.052867
0.053119
0.053084
0.054446
0.056012
0.054310
0.062782
0.053028
0.053406
0.054071
0.054097
0.055447
0.053029
0.053190
0.053492
0.053768
0.053912
0.055053
0.053812
0.063221
0.053147
0.054040
0.054543
0.055763
0.054149
0.054044
0.054288
0.054415
0.054095
0.055209
0.053399
0.053446
0.053682
0.053909
0.066088
0.055313
0.052915
0.053176
0.053413
0.054959
0.055186
0.056350
0.054009
0.083440
0.054863
0.055058
0.056093
0.057244
0.056931
0.054007
0.065653
0.055779
0.055141
0.056426
0.054168
0.055233
0.055044
0.054524
0.054945
0.055271
0.056039
0.053526
0.054215
0.054131
0.054822
0.055248
0.053050
0.053647
0.057832
0.064248
0.054493
0.054413
0.053279
0.053560
0.053772
0.054151
0.054495
0.054452
0.053192
0.053284
0.053575
0.054115
0.054554
0.054832
0.053701
0.053727
0.054720
0.063952
0.055598
0.055381
0.053679
0.054104
0.053545
0.053843
0.054768
0.054509
0.053290
0.053653
0.054084
0.054377
0.054416
0.054812
0.052878
0.053761
0.054287
0.068265
0.059020
0.054868
0.053192
0.053238
0.053700
0.053650
0.054232
0.054425
0.053028
0.053565
0.053490
0.053733
0.054325
0.054652
0.053704
0.053978
0.054622
0.065133
0.054684
0.055160
0.053407
0.053369
0.053762
0.054387
0.055307
0.054951
0.052886
0.053803
0.053627
0.054803
0.055205
0.055208
0.053775
0.054072
0.066816
0.053792
0.067832
0.054605
0.056155
0.053656
0.053701
0.054014
0.054280
0.054230
0.052930
0.053288
0.053478
0.054358
0.054526
0.054742
0.063124
0.053313
0.053582
0.053756
0.054150
0.054226
0.053026
0.053333
0.053214
0.053730
0.054332
0.054872
0.054060
0.053604
0.053961
0.054583
0.055181
0.064348
0.053008
0.053349
0.053301
0.053784
0.054345
0.054504
0.052836
0.052979
0.053320
0.054251
0.055120
0.055386
0.053735
0.054075
0.054286
0.054258
0.054462
0.055025
0.053896
0.065250
0.054710
0.054451
0.054368
0.054612
0.053167
0.054398
0.054192
0.054643
0.054574
0.055250
0.053174
0.053804
0.053879
0.054110
0.055357
0.055516
0.054004
0.053549
0.053295
0.054632
0.053758
0.054893
0.054552
0.053839
0.065692
0.054558
0.057463
0.055239
0.053314
0.053453
0.053818
0.054212
0.055433
0.054739
0.052703
0.053274
0.053543
0.053774
0.054163
0.057256
0.053733
0.053932
0.053995
0.053661
0.054308
0.054939
0.053494
0.053095
0.053530
0.063975
0.054089
0.054224
0.052850
0.053004
0.053455
0.053774
0.054533
0.054279
0.052921
0.053574
0.053929
0.053970
0.055185
0.055539
0.053991
0.053781
0.053311
0.054739
0.054226
0.055072
0.054615
0.065201
0.054184
0.054479
0.054650
0.054496
0.053079
0.053198
0.053579
0.054078
0.055532
0.055109
0.053029
0.053673
0.053837
0.054763
0.055688
0.055701
0.054187
0.054645
0.054326
0.053965
0.054520
0.066381
0.053848
0.054133
0.053725
0.054310
0.054290
0.054604
0.053066
0.053995
0.058056
0.054452
0.056065
0.055824
0.055260
0.053519
0.053562
0.053677
0.054281
0.055286
0.053760
0.053334
0.054081
0.054352
0.064181
0.054318
0.053478
0.053428
0.053640
0.053857
0.054008
0.056550
0.054556
0.052955
0.056207
0.053952
0.054498
0.054871
0.053313
0.054263
0.053271
0.054581
0.056065
0.055469
0.053920
0.054640
0.054050
0.053850
0.066389
0.054838
0.053088
0.053827
0.054322
0.054003
0.053990
0.054918
0.052736
0.053975
0.054510
0.054590
0.054937
0.055633
0.053545
0.053573
0.054486
0.053890
0.055119
0.056240
0.054757
0.053121
0.053228
0.054790
0.054237
0.055966
0.054812
0.066598
0.053704
0.054026
0.054610
0.054743
0.053062
0.053089
0.053263
0.053880
0.054191
0.054901
0.056766
0.059537
0.054737
0.055800
0.055048
0.055960
0.053875
0.053977
0.054302
0.053693
0.055331
0.054836
0.053653
0.053869
0.054115
0.054540
0.054901
0.054699
0.063132
0.053362
0.053634
0.054633
0.055204
0.055885
0.053482
0.054001
0.053842
0.053958
0.054750
0.055229
0.053692
0.053395
0.053666
0.054148
0.054202
0.055792
0.053945
0.054125
0.054137
0.054714
0.055234
0.055128
0.053095
0.054377
0.054132
0.054035
0.055052
0.055488
0.064851
0.053702
0.053507
0.054787
0.056095
0.054891
0.055490
0.053420
0.053431
0.053756
0.054434
0.054524
0.052956
0.053521
0.053629
0.054489
0.055115
0.054335
0.052879
0.053961
0.054009
0.055125
0.064947
0.055387
0.053160
0.054016
0.053763
0.054138
0.057917
0.054921
0.053441
0.053196
0.053683
0.054212
0.054522
0.055521
0.053981
0.054569
0.054200
0.054055
0.055012
0.055068
0.053663
0.053781
0.054953
0.054507
0.054768
0.055055
0.053476
0.053134
0.063404
0.054041
0.054553
0.054782
0.053790
0.053819
0.053370
0.054495
0.054542
0.054695
0.053265
0.053544
0.053969
0.053901
0.054233
0.055176
0.052892
0.054496
0.053859
0.058693
0.056454
0.055037
0.052872
0.053833
0.054077
0.053747
0.055237
0.055941
0.053509
0.063380
0.053554
0.053569
0.054026
0.054697
0.052958
0.053335
0.053813
0.053745
0.054206
0.055536
0.053740
0.053841
0.054282
0.054663
0.054383
0.055711
0.053735
0.053518
0.053337
0.054410
0.054582
0.056591
0.054116
0.053871
0.056333
0.054474
0.055663
0.064820
0.053332
0.053429
0.053628
0.054220
0.054616
0.054888
0.053158
0.053384
0.055229
0.053810
0.054788
0.055105
0.053229
0.053839
0.054573
0.055472
0.055719
0.055422
0.053822
0.054655
0.054633
0.054649
0.055275
0.055550
0.053902
0.067764
0.056431
0.069111
0.056746
0.059122
0.054427
0.055371
0.056707
0.054973
0.054499
0.055108
0.053438
0.054132
0.054152
0.054450
0.055095
0.054677
0.053554
0.053908
0.053742
0.054503
0.054928
0.055337
0.053654
0.053298
0.053142
0.054432
0.053829
0.054595
0.052662
0.053022
0.053295
0.057199
0.054717
0.064416
0.052832
0.053802
0.053484
0.053895
0.054785
0.054291
0.053083
0.054430
0.053135
0.053742
0.053996
0.054804
0.057014
0.053359
0.054241
0.054300
0.054577
0.055052
0.053707
0.052997
0.054024
0.053895
0.054058
0.055223
0.052644
0.053052
0.053268
0.053620
0.054614
0.057200
0.065284
0.053607
0.053599
0.053820
0.054184
0.054146
0.052981
0.053293
0.053243
0.053924
0.054081
0.054444
0.052921
0.053289
0.053655
0.054457
0.053985
0.054411
0.053393
0.054072
0.054099
0.054020
0.057898
0.054296
0.053453
0.054064
0.053221
0.053978
0.054872
0.055132
0.053197
0.054597
0.054253
0.054230
0.064358
0.055033
0.053252
0.053089
0.053392
0.053694
0.053812
0.054583
0.052670
0.052946
0.053798
0.053900
0.054290
0.056074
0.054334
0.054038
0.053379
0.054905
0.055433
0.054876
0.054313
0.053414
0.056725
0.057587
0.055298
0.055370
0.055722
0.053899
0.053338
0.055184
0.055301
0.065994
0.053401
0.054077
0.054743
0.054612
0.054693
0.055443
0.053532
0.054001
0.053774
0.054581
0.055281
0.056803
0.053780
0.054141
0.055965
0.056137
0.054452
0.056225
0.053808
0.053594
0.054777
0.054593
0.054794
0.056929
0.054004
0.055024
0.055788
0.055706
0.055822
0.056918
0.063622
0.054274
0.053726
0.055294
0.055713
0.055265
0.053513
0.054405
0.054348
0.055492
0.054205
0.055565
0.053545
0.053883
0.053660
0.053939
0.055124
0.055569
0.053452
0.054191
0.054622
0.054017
0.054906
0.055826
0.052954
0.053892
0.053226
0.053556
0.064484
0.056412
0.076663
0.053287
0.053909
0.054169
0.053892
0.055047
0.063648
0.053275
0.053501
0.054088
0.054160
0.055148
0.053038
0.055160
0.054380
0.054590
0.053697
0.055088
0.053727
0.053511
0.053472
0.053637
0.055017
0.055030
0.053786
0.054141
0.053436
0.054576
0.054125
0.054643
0.053602
0.053937
0.063591
0.053915
0.054542
0.054979
0.052996
0.053094
0.054421
0.053633
0.054428
0.057215
0.054567
0.053485
0.053482
0.055231
0.056695
0.057816
0.053363
0.054110
0.056967
0.055857
0.055495
0.055598
0.054602
0.053360
0.054040
0.054627
0.055065
0.055979
0.052718
0.052887
0.054487
0.053851
0.055904
0.056756
0.054025
0.053444
0.053313
0.053739
0.055105
0.055094
0.052862
0.054026
0.054390
0.065229
0.055155
0.054695
0.052947
0.053405
0.053483
0.055588
0.060539
0.055832
0.053772
0.054314
0.054333
0.054222
0.054424
0.055243
0.053595
0.054670
0.053981
0.054300
0.055038
0.055086
0.053477
0.053862
0.055675
0.054808
0.054850
0.055525
0.055170
0.053943
0.055287
0.055501
0.056156
0.056881
0.053554
0.055846
0.055207
0.055087
0.054982
0.057588
0.055865
0.053687
0.053835
0.054305
0.056733
0.055980
0.054228
0.054302
0.054969
0.064593
0.054216
0.054748
0.053662
0.054118
0.053470
0.053848
0.054982
0.055097
0.053095
0.053221
0.053843
0.054214
0.054569
0.055190
0.053654
0.053916
0.053210
0.053659
0.054842
0.055842
0.052906
0.054679
0.055559
0.054933
0.054861
0.055508
0.054552
0.053186
0.053692
0.054701
0.055241
0.055536
0.052623
0.057012
0.055194
0.055276
0.054356
0.055887
0.053769
0.054576
0.055385
0.064027
0.054683
0.055070
0.053051
0.053188
0.053313
0.053828
0.054113
0.054829
0.052879
0.053288
0.053470
0.054343
0.055466
0.055557
0.053798
0.053417
0.054915
0.053871
0.054471
0.055877
0.053764
0.053788
0.053378
0.053629
0.055786
0.056341
0.053689
0.055249
0.055731
0.054835
0.055357
0.054719
0.054039
0.053575
0.053961
0.054520
0.064425
0.055050
0.052980
0.053346
0.053366
0.054078
0.054268
0.055412
0.054045
0.053824
0.053574
0.054453
0.054943
0.054783
0.053399
0.054282
0.054007
0.054498
0.054122
0.054357
0.053965
0.054589
0.054126
0.055430
0.055799
0.055605
0.053731
0.053700
0.054829
0.053853
0.057733
0.056056
0.053595
0.054440
0.053829
0.053876
0.055204
0.055813
0.065261
0.053643
0.053922
0.054493
0.054452
0.054539
0.053627
0.053389
0.053283
0.053779
0.054164
0.054436
0.052893
0.053377
0.053476
0.054171
0.054803
0.057002
0.053828
0.054242
0.054326
0.053720
0.054857
0.054722
0.053614
0.054055
0.054132
0.054753
0.053758
0.054536
0.052840
0.053362
0.054113
0.055613
0.056411
0.056273
0.054435
0.054272
0.055334
0.055978
0.056415
0.065461
0.053477
0.053864
0.053547
0.054416
0.054227
0.054538
0.053052
0.066610
0.053710
0.054187
0.054781
0.054925
0.053194
0.053649
0.053899
0.054367
0.054082
0.054949
0.052733
0.053170
0.053389
0.053961
0.055034
0.055055
0.053810
0.057307
0.053671
0.054372
0.055447
0.054977
0.053692
0.054175
0.053502
0.054572
0.054554
0.064690
0.054165
0.053902
0.054872
0.053912
0.054525
0.054981
0.053210
0.053134
0.053545
0.054390
0.054423
0.054935
0.052980
0.053360
0.053472
0.054527
0.053780
0.055804
0.053575
0.054844
0.055248
0.055055
0.053866
0.055312
0.054576
0.053274
0.054106
0.064334
0.054202
0.054927
0.053226
0.053358
0.054481
0.054100
0.053800
0.054670
0.052980
0.053465
0.053632
0.054421
0.055612
0.055306
0.053894
0.053422
0.053591
0.054449
0.054583
0.055756
0.055305
0.055769
0.054125
0.055458
0.056236
0.056168
0.053439
0.054959
0.055824
0.056924
0.056895
0.055148
0.053171
0.054543
0.053824
0.063250
0.057342
0.087761
0.053935
0.055590
0.058374
0.059182
0.054458
0.054917
0.053852
0.063813
0.053688
0.053881
0.053937
0.054780
0.052880
0.053367
0.053435
0.054172
0.055005
0.054796
0.053118
0.053432
0.053610
0.053813
0.054776
0.055250
0.052773
0.053185
0.053600
0.054417
0.054494
0.055845
0.054759
0.054279
0.053900
0.055473
0.056458
0.056269
0.053223
0.053661
0.055296
0.054144
0.062188
0.055066
0.053275
0.055486
0.053216
0.054367
0.055299
0.055943
0.053540
0.053928
0.054152
0.054714
0.054036
0.055347
0.054350
0.053268
0.053268
0.054090
0.054135
0.065109
0.054469
0.055699
0.054512
0.055185
0.057371
0.054808
0.053159
0.053515
0.053389
0.053779
0.054480
0.055214
0.052841
0.053346
0.056356
0.054678
0.053872
0.055633
0.053569
0.054235
0.054028
0.054454
0.055222
0.056018
0.052941
0.053102
0.054218
0.053938
0.054072
0.054876
0.052875
0.053890
0.053663
0.054684
0.055725
0.056139
0.053568
0.055077
0.055085
0.056960
0.055748
0.057431
0.058577
0.053185
0.055989
0.055617
0.065727
0.055908
0.053869
0.054286
0.054592
0.054935
0.055155
0.055738
0.054071
0.054603
0.054319
0.054690
0.055677
0.056590
0.053976
0.054421
0.054159
0.056919
0.055258
0.056696
0.054522
0.054886
0.054906
0.054687
0.056408
0.056797
0.053776
0.054761
0.054340
0.055080
0.054970
0.055968
0.053574
0.055024
0.054472
0.055475
0.056350
0.056528
0.054468
0.055234
0.056385
0.055883
0.054983
0.059987
0.055234
0.054372
0.055494
0.054986
0.056635
0.056197
0.053623
0.054818
0.055023
0.055512
0.056052
0.066292
0.054418
0.054435
0.054429
0.054798
0.055377
0.056333
0.053806
0.054490
0.054176
0.054835
0.055289
0.055647
0.054013
0.054493
0.054934
0.056630
0.055937
0.056412
0.053870
0.055387
0.055500
0.055274
0.056133
0.056997
0.054587
0.055409
0.053369
0.054595
0.055038
0.054483
0.052846
0.053348
0.053437
0.054517
0.054235
0.055671
0.052879
0.053395
0.054831
0.054024
0.055471
0.055649
0.053242
0.053956
0.054441
0.054916
0.055154
0.055842
0.053348
0.054179
0.053954
0.054980
0.055219
0.055172
0.064197
0.053547
0.054001
0.054089
0.054845
0.054858
0.053257
0.053652
0.056710
0.054710
0.054969
0.055549
0.053097
0.053806
0.054509
0.054373
0.054343
0.054862
0.052983
0.053928
0.053385
0.053886
0.054908
0.055663
0.053672
0.053362
0.053442
0.054470
0.055331
0.055655
0.053128
0.053224
0.054171
0.054398
0.055101
0.057190
0.053633
0.053192
0.053968
0.054416
0.054685
0.055788
0.052801
0.053841
0.053981
0.054461
0.054284
0.055019
0.052812
0.053414
0.053813
0.054474
0.054998
0.054871
0.063483
0.053943
0.054212
0.054799
0.054740
0.055027
0.053203
0.053934
0.054703
0.054162
0.054536
0.055141
0.053243
0.053430
0.053893
0.054194
0.055460
0.056133
0.054477
0.053994
0.053693
0.054701
0.054450
0.056179
0.054163
0.053631
0.053404
0.053734
0.055012
0.055696
0.057317
0.054133
0.054422
0.054683
0.054506
0.055124
0.053052
0.053920
0.053274
0.054636
0.054400
0.056314
0.054025
0.054488
0.054090
0.054440
0.054558
0.055669
0.053474
0.054089
0.053881
0.053897
0.054049
0.054966
0.052738
0.053874
0.063706
0.054129
0.053853
0.054916
0.053130
0.053412
0.053952
0.053858
0.054126
0.055196
0.053419
0.054131
0.053750
0.054183
0.054465
0.056084
0.053786
0.053443
0.053919
0.053568
0.054777
0.055755
0.053530
0.054187
0.054612
0.054933
0.055513
0.055572
0.053174
0.054035
0.053751
0.055047
0.055125
0.054647
0.053633
0.053266
0.054342
0.054430
0.055280
0.055154
0.053785
0.054316
0.054144
0.053772
0.054225
0.054831
0.052632
0.053846
0.054904
0.056943
0.055440
0.054711
0.053687
0.053995
0.053987
0.054584
0.064657
0.055153
0.053267
0.053674
0.053750
0.053910
0.054049
0.054858
0.053092
0.053449
0.053382
0.053681
0.054300
0.055187
0.053000
0.054208
0.053747
0.053947
0.055766
0.055518
0.054800
0.053272
0.053541
0.055160
0.055307
0.055051
0.053525
0.055249
0.054310
0.054477
0.055457
0.055323
0.053482
0.053530
0.054050
0.054322
0.055727
0.054436
0.053455
0.054465
0.054952
0.053972
0.056261
0.054896
0.053145
0.053920
0.054617
0.054638
0.055594
0.054667
0.063314
0.053267
0.053764
0.053909
0.054415
0.056058
0.053135
0.053542
0.053381
0.054975
0.055340
0.056408
0.054119
0.054353
0.054235
0.054748
0.055502
0.057999
0.053903
0.053298
0.053150
0.054470
0.055453
0.055142
0.053628
0.053796
0.053973
0.055497
0.056051
0.056117
0.053000
0.054477
0.056183
0.054079
0.055069
0.055139
0.053028
0.053965
0.053627
0.055301
0.055191
0.055865
0.053112
0.054239
0.054114
0.054828
0.054276
0.055291
0.053624
0.053471
0.054735
0.053776
0.054154
0.056135
0.063375
0.053728
0.053416
0.053936
0.054219
0.054741
0.053365
0.053510
0.053514
0.054983
0.054503
0.055047
0.052991
0.053510
0.054654
0.054719
0.054442
0.055400
0.053710
0.054025
0.054166
0.054738
0.055313
0.056082
0.053002
0.054160
0.053339
0.053619
0.055010
0.054833
0.053445
0.053788
0.054371
0.054067
0.054436
0.056102
0.054291
0.054097
0.058227
0.054476
0.055164
0.056256
0.052964
0.053487
0.054633
0.053929
0.054930
0.056270
0.053196
0.054248
0.053303
0.054579
0.055120
0.065145
0.053509
0.053300
0.053357
0.053987
0.054184
0.054738
0.053232
0.053258
0.053279
0.053973
0.054512
0.055224
0.053117
0.053406
0.054371
0.054549
0.054764
0.055215
0.053370
0.054377
0.053686
0.055638
0.055467
0.056094
0.054650
0.055731
0.054375
0.056695
0.053751
0.055613
0.053674
0.054152
0.054019
0.053687
0.053930
0.055840
0.052750
0.053364
0.054681
0.053845
0.054443
0.055998
0.053754
0.053198
0.053292
0.054795
0.055804
0.055987
0.053583
0.053334
0.053919
0.054792
0.054478
0.056166
0.054357
0.053239
0.054314
0.054978
0.064762
0.057811
0.053129
0.053287
0.055475
0.054327
0.055233
0.054867
0.053165
0.053359
0.053510
0.054289
0.054518
0.055282
0.053149
0.053918
0.053600
0.053685
0.054149
0.055514
0.053663
0.054240
0.054282
0.053807
0.054441
0.055326
0.053629
0.054739
0.055744
0.053887
0.054644
0.055582
0.053018
0.053255
0.053401
0.054506
0.054504
0.055913
0.053599
0.053115
0.053189
0.053771
0.053786
0.055948
0.053844
0.053714
0.054103
0.054928
0.054911
0.055506
0.052735
0.053012
0.054849
0.066957
0.054195
0.057284
0.053356
0.053472
0.054068
0.054626
0.054740
0.055411
0.053116
0.053612
0.054381
0.054133
0.053970
0.055332
0.054977
0.054110
0.053188
0.053602
0.054695
0.055059
0.053549
0.056285
0.053727
0.053978
0.054590
0.055601
0.053960
0.053383
0.053015
0.053660
0.054567
0.055890
0.052806
0.053071
0.053131
0.053684
0.054320
0.055351
0.054590
0.054505
0.056402
0.057850
0.056870
0.055167
0.052715
0.053543
0.054256
0.054788
0.053786
0.054731
0.052750
0.053123
0.053291
0.053838
0.055187
0.055631
0.053656
0.054368
0.063812
0.054013
0.054112
0.054205
0.054042
0.053484
0.053228
0.053712
0.054220
0.054798
0.053596
0.054309
0.054400
0.054180
0.054574
0.056107
0.054944
0.053236
0.053096
0.053572
0.055194
0.055847
0.052752
0.053002
0.053163
0.053827
0.053949
0.055756
0.054815
0.054455
0.054009
0.054874
0.056435
0.055306
0.052774
0.052986
0.055112
0.054826
0.056972
0.054815
0.052834
0.053437
0.054081
0.054647
0.055131
0.056148
0.053728
0.055031
0.053676
0.054094
0.054046
0.054273
0.053985
0.054645
0.054183
0.053637
0.053740
0.054905
0.063172
0.053707
0.053688
0.054052
0.054284
0.054827
0.053121
0.053512
0.053393
0.053573
0.054169
0.054660
0.052766
0.053351
0.055316
0.053643
0.054975
0.056519
0.054741
0.054430
0.054063
0.054894
0.056825
0.055109
0.052724
0.053115
0.055224
0.054581
0.054820
0.054918
0.052669
0.053238
0.054579
0.055281
0.056224
0.055666
0.053527
0.053990
0.055623
0.053960
0.054886
0.054215
0.053115
0.053973
0.053604
0.064836
0.054147
0.054975
0.053825
0.056438
0.054420
0.054679
0.055758
0.055253
0.058117
0.053773
0.053566
0.053873
0.054436
0.055285
0.052912
0.053966
0.054111
0.054345
0.054485
0.057678
0.054620
0.058294
0.053439
0.054027
0.055286
0.055979
0.053631
0.052934
0.053220
0.054528
0.055137
0.055077
0.053509
0.053463
0.054181
0.055611
0.055184
0.055356
0.053455
0.053632
0.055495
0.055212
0.064674
0.054809
0.053335
0.053518
0.053449
0.053655
0.054460
0.054393
0.052991
0.053782
0.054197
0.054413
0.055568
0.055167
0.054259
0.054973
0.054339
0.054935
0.055081
0.055887
0.053606
0.053920
0.054010
0.055135
0.056337
0.054938
0.053737
0.053579
0.053997
0.055166
0.054365
0.055225
0.054145
0.053083
0.053147
0.054504
0.054937
0.054920
0.053485
0.053927
0.063736
0.056803
0.054546
0.054480
0.053162
0.053358
0.053285
0.054043
0.054443
0.054426
0.052911
0.053393
0.053310
0.053902
0.054489
0.055127
0.053707
0.053293
0.054231
0.054274
0.056351
0.054613
0.053719
0.053803
0.054010
0.053829
0.055443
0.055246
0.052752
0.053823
0.054548
0.055250
0.056092
0.055323
0.053707
0.063416
0.053773
0.053989
0.054121
0.054554
0.053046
0.053272
0.053630
0.054010
0.054171
0.054771
0.052967
0.053292
0.053694
0.054586
0.055888
0.055485
0.054634
0.070782
0.055867
0.054524
0.056276
0.055071
0.054720
0.055202
0.057312
0.055002
0.055762
0.055853
0.054208
0.053888
0.053976
0.055083
0.054804
0.055118
0.053506
0.054528
0.054623
0.053958
0.055201
0.058879
0.053192
0.053854
0.053870
0.054683
0.055515
0.054529
0.053654
0.053223
0.053463
0.064479
0.054541
0.054719
0.053193
0.053250
0.053577
0.053837
0.053864
0.054201
0.052848
0.053305
0.053604
0.053970
0.054672
0.054624
0.052918
0.053311
0.055015
0.055356
0.055533
0.054880
0.054344
0.053843
0.053170
0.054304
0.054885
0.056641
0.054457
0.053366
0.053527
0.056738
0.057696
0.056586
0.053942
0.066421
0.054090
0.054178
0.054696
0.055689
0.052779
0.054151
0.053263
0.054964
0.054932
0.055226
0.052885
0.063615
0.053792
0.054048
0.054066
0.054870
0.053139
0.053228
0.053640
0.053925
0.054295
0.054704
0.052918
0.053441
0.053600
0.054175
0.054199
0.056585
0.054921
0.054540
0.058166
0.055416
0.055312
0.055494
0.053837
0.054210
0.053505
0.054530
0.054833
0.056282
0.054700
0.053309
0.053311
0.054911
0.054500
0.055025
0.052880
0.053976
0.054051
0.053682
0.054174
0.055733
0.052743
0.053187
0.053667
0.054370
0.054901
0.066578
0.053947
0.053614
0.054594
0.053801
0.054385
0.054858
0.052880
0.053322
0.053523
0.053941
0.053940
0.055097
0.053216
0.053430
0.054189
0.054181
0.055621
0.055119
0.054391
0.053310
0.053618
0.054904
0.054749
0.055356
0.053561
0.053984
0.055945
0.054578
0.054374
0.056184
0.054477
0.053510
0.055251
0.053873
0.055358
0.054949
0.053033
0.053031
0.053428
0.054129
0.055176
0.055771
0.053156
0.053916
0.053765
0.055108
0.060060
0.055043
0.053861
0.053539
0.053944
0.053913
0.054359
0.054344
0.052720
0.063769
0.053714
0.054198
0.054023
0.054616
0.052996
0.053165
0.053272
0.055078
0.054842
0.056427
0.055041
0.053349
0.053658
0.053986
0.054226
0.055560
0.052710
0.053927
0.053309
0.053666
0.054171
0.055482
0.052786
0.053644
0.055269
0.053907
0.055607
0.054928
0.053030
0.053118
0.053727
0.054981
0.054669
0.055743
0.053224
0.053996
0.054136
0.054909
0.054854
0.055195
0.054669
0.053246
0.054965
0.053894
0.056846
0.055008
0.053878
0.054389
0.053899
0.064319
0.080099
0.055371
0.053778
0.053984
0.054350
0.053870
0.054169
0.055093
0.052790
0.053443
0.053328
0.053839
0.053879
0.055345
0.053010
0.056790
0.053265
0.053727
0.053942
0.055687
0.052984
0.055564
0.054236
0.053971
0.054616
0.055891
0.052831
0.053264
0.053373
0.054893
0.053872
0.055657
0.052744
0.053213
0.053435
0.054498
0.053710
0.054946
0.054900
0.053226
0.054796
0.054437
0.054109
0.055489
0.053083
0.054424
0.054187
0.054526
0.054244
0.055400
0.053452
0.054398
0.053977
0.054102
0.055674
0.054996
0.063112
0.053463
0.053682
0.053821
0.054223
0.055223
0.053728
0.053381
0.053567
0.054640
0.054520
0.055531
0.053707
0.053849
0.053681
0.053961
0.055303
0.055661
0.053477
0.053162
0.053981
0.054548
0.054534
0.055912
0.053048
0.053867
0.054078
0.054973
0.054884
0.055082
0.054793
0.053408
0.053973
0.053817
0.057786
0.054856
0.053707
0.053928
0.053250
0.054592
0.054414
0.055037
0.052951
0.053979
0.054332
0.053842
0.054945
0.054951
0.053409
0.053079
0.054373
0.053810
0.055153
0.056070
0.053799
0.054044
0.053351
0.064660
0.054621
0.055124
0.053619
0.053829
0.054361
0.053935
0.054759
0.054868
0.052860
0.053242
0.053905
0.054787
0.055660
0.055386
0.052772
0.053696
0.054214
0.053971
0.054803
0.055425
0.054775
0.053353
0.055007
0.053743
0.054605
0.054814
0.053594
0.054795
0.054102
0.054528
0.055118
0.055322
0.053224
0.053178
0.054602
0.054062
0.055037
0.055824
0.052811
0.053962
0.053145
0.053652
0.055389
0.055683
0.052803
0.053827
0.054071
0.053584
0.054500
0.054682
0.053660
0.057327
0.055780
0.055014
0.054519
0.064943
0.052910
0.053221
0.053244
0.054079
0.054642
0.054736
0.052792
0.052948
0.053335
0.053917
0.054253
0.054667
0.052945
0.053536
0.053985
0.054445
0.054658
0.054707
0.053285
0.053605
0.054084
0.054618
0.054911
0.054902
0.054451
0.053217
0.054295
0.053961
0.054782
0.055066
0.054132
0.053804
0.053620
0.054605
0.054478
0.055120
0.053376
0.054002
0.053127
0.055143
0.055772
0.054773
0.053756
0.055385
0.054873
0.054507
0.055033
0.054367
0.052675
0.054399
0.054180
0.053743
0.054104
0.055538
0.052700
0.053766
0.063682
0.053835
0.054282
0.054381
0.053004
0.053188
0.053640
0.053690
0.054568
0.054745
0.053659
0.053827
0.054149
0.054119
0.057235
0.055356
0.054180
0.057027
0.054345
0.054307
0.054917
0.055922
0.053221
0.053238
0.053439
0.055153
0.054537
0.054556
0.053080
0.054058
0.053458
0.054494
0.055154
0.054384
0.053489
0.053139
0.053404
0.055635
0.054514
0.054766
0.053287
0.054226
0.053975
0.054432
0.054983
0.055210
0.052730
0.053812
0.054416
0.053771
0.055541
0.055044
0.052830
0.054016
0.053407
0.053731
0.054079
0.055052
0.053632
0.053167
0.053267
0.064490
0.054152
0.054302
0.053010
0.053343
0.053713
0.054178
0.055016
0.055829
0.053348
0.053332
0.053620
0.054577
0.055419
0.055168
0.054650
0.090762
0.059084
0.058115
0.058206
0.056478
0.057620
0.057706
0.056474
0.056419
0.057461
0.057341
0.055233
0.060337
0.055925
0.056402
0.057442
0.057876
0.055617
0.055049
0.056076
0.056083
0.056616
0.056010
0.053957
0.055030
0.054925
0.056409
0.054550
0.055914
0.053246
0.053614
0.053818
0.054532
0.054522
0.055497
0.055174
0.068856
0.055983
0.053675
0.054276
0.055109
0.053611
0.053973
0.063851
0.054000
0.054339
0.054616
0.052950
0.053283
0.053293
0.053532
0.053901
0.054760
0.052842
0.053320
0.053684
0.053792
0.054343
0.055540
0.052990
0.054598
0.053494
0.054058
0.054916
0.055567
0.052685
0.053846
0.054420
0.054881
0.055051
0.055617
0.053670
0.054462
0.055021
0.054548
0.054330
0.056289
0.053008
0.053441
0.054924
0.054635
0.053942
0.055484
0.054255
0.053153
0.054291
0.054495
0.055249
0.060293
0.055637
0.055125
0.053228
0.054741
0.054319
0.054296
0.053758
0.053952
0.063620
0.056779
0.081903
0.055119
0.053524
0.053623
0.053625
0.053981
0.054470
0.055115
0.057895
0.053406
0.055312
0.054661
0.055918
0.056849
0.052928
0.052969
0.053922
0.053505
0.054787
0.054478
0.052840
0.053975
0.053979
0.053714
0.055056
0.055722
0.053670
0.053500
0.054267
0.054372
0.054054
0.054289
0.053745
0.053019
0.054619
0.054523
0.054969
0.055694
0.054742
0.053450
0.054895
0.053794
0.055103
0.055758
0.054886
0.054867
0.064737
0.053754
0.054582
0.054429
0.053618
0.054142
0.054539
0.054649
0.055072
0.054452
0.053436
0.053277
0.053524
0.053970
0.054457
0.057173
0.055111
0.054213
0.058473
0.053809
0.055372
0.054994
0.053939
0.053330
0.055245
0.056068
0.055249
0.054795
0.053657
0.053374
0.054331
0.054561
0.054239
0.055435
0.053555
0.052930
0.053893
0.053883
0.054959
0.055582
0.054523
0.053241
0.054891
0.053715
0.054911
0.055041
0.053915
0.053905
0.053291
0.054707
0.054828
0.054595
0.063953
0.054240
0.054567
0.054118
0.054225
0.054727
0.053275
0.053116
0.053305
0.054298
0.054813
0.054953
0.052871
0.053669
0.053723
0.053677
0.055643
0.055771
0.054690
0.054076
0.054998
0.054118
0.055670
0.054776
0.053494
0.053187
0.055603
0.057391
0.055176
0.057207
0.054985
0.054077
0.055039
0.055157
0.056302
0.055885
0.054624
0.054483
0.055367
0.055131
0.056752
0.057741
0.054076
0.054043
0.054215
0.054246
0.055065
0.054881
0.053533
0.053361
0.054148
0.053883
0.054979
0.054978
0.053753
0.053068
0.063452
0.053631
0.054387
0.054800
0.052904
0.053058
0.053603
0.053672
0.054803
0.055616
0.054040
0.054076
0.054279
0.054439
0.056547
0.055881
0.054435
0.053476
0.054246
0.054359
0.054710
0.055349
0.053498
0.052952
0.054556
0.056371
0.055289
0.054971
0.053971
0.053383
0.054164
0.053912
0.053768
0.056127
0.053726
0.054006
0.054199
0.053652
0.054896
0.054760
0.053562
0.053362
0.054272
0.053775
0.054632
0.054960
0.053661
0.053036
0.053185
0.054053
0.054814
0.055672
0.063201
0.053987
0.053673
0.053928
0.054538
0.055786
0.053897
0.054117
0.057486
0.054312
0.054651
0.055178
0.053421
0.053374
0.053527
0.054622
0.053743
0.055619
0.053567
0.053192
0.053951
0.054146
0.054881
0.057118
0.054189
0.053210
0.054250
0.053795
0.053869
0.055671
0.053900
0.053987
0.053228
0.054769
0.054620
0.054722
0.053599
0.054321
0.055269
0.055328
0.054620
0.054831
0.054197
0.053249
0.054411
0.054578
0.057013
0.056664
0.055551
0.053857
0.054072
0.053451
0.053730
0.054942
0.053060
0.054018
0.063676
0.053921
0.054156
0.054769
0.052928
0.053186
0.053682
0.053817
0.053787
0.055119
0.052891
0.053206
0.054099
0.055262
0.055119
0.056584
0.053582
0.054120
0.054876
0.053886
0.053742
0.054752
0.052762
0.053984
0.053845
0.054542
0.054524
0.054854
0.061226
0.053460
0.053714
0.054570
0.054082
0.055695
0.053624
0.053271
0.054055
0.053643
0.053945
0.055623
0.053516
0.053238
0.053245
0.053757
0.054045
0.055241
0.053864
0.053856
0.053371
0.053889
0.054628
0.066676
0.054220
0.055070
0.053744
0.053967
0.053987
0.054946
0.052895
0.053276
0.053331
0.053992
0.054497
0.055104
0.053114
0.053247
0.054100
0.053874
0.054677
0.055688
0.053691
0.053848
0.054956
0.054279
0.053808
0.054839
0.053975
0.054160
0.055108
0.054823
0.054993
0.055187
0.053682
0.052963
0.054123
0.055254
0.055455
0.055667
0.053596
0.054523
0.053271
0.053678
0.055574
0.055904
0.054623
0.054440
0.054513
0.054030
0.054683
0.054988
0.053681
0.054518
0.053598
0.057374
0.054243
0.055675
0.052979
0.063218
0.053549
0.054100
0.054412
0.054937
0.053134
0.053193
0.054536
0.054762
0.055168
0.054494
0.053301
0.053521
0.053417
0.053992
0.054053
0.054681
0.053656
0.053471
0.054300
0.054490
0.054484
0.054685
0.052634
0.053197
0.053841
0.055073
0.054165
0.055595
0.053536
0.054271
0.053208
0.053845
0.054035
0.055801
0.054597
0.054343
0.054784
0.053774
0.054323
0.054795
0.053640
0.053938
0.054035
0.054393
0.054701
0.054954
0.054128
0.053076
0.053677
0.054919
0.056003
0.055024
0.053899
0.053097
0.054015
0.053673
0.064417
0.055758
0.053495
0.053315
0.053170
0.053673
0.054227
0.054778
0.052707
0.053208
0.053584
0.053848
0.054134
0.056264
0.056270
0.055243
0.054044
0.053796
0.055389
0.055786
0.052937
0.053213
0.053110
0.053805
0.054259
0.054524
0.053906
0.053301
0.053189
0.053488
0.054203
0.055114
0.053552
0.053136
0.054212
0.054514
0.054845
0.054849
0.053255
0.053191
0.053577
0.054990
0.055697
0.055069
0.052717
0.053078
0.053967
0.055052
0.054802
0.055919
0.054362
0.054002
0.054524
0.053717
0.054302
0.054818
0.053175
0.054421
0.054804
0.064463
0.054202
0.054587
0.053604
0.053829
0.053742
0.054793
0.055062
0.054996
0.052781
0.053410
0.053427
0.053890
0.054348
0.055088
0.054537
0.053566
0.053404
0.055361
0.055775
0.055602
0.052816
0.053202
0.054153
0.054549
0.054699
0.055593
0.052787
0.052993
0.053982
0.057535
0.056331
0.056688
0.054448
0.052985
0.053314
0.054610
0.054012
0.054972
0.053933
0.054088
0.053990
0.054606
0.053791
0.054717
0.052840
0.053330
0.054710
0.053854
0.053895
0.054677
0.053588
0.054393
0.053772
0.054849
0.055412
0.055619
0.054189
0.063807
0.053810
0.053925
0.054503
0.055537
0.053753
0.053797
0.053465
0.053527
0.054846
0.054960
0.053498
0.054429
0.054763
0.054345
0.055536
0.055242
0.053216
0.053173
0.053629
0.054899
0.055578
0.055156
0.052960
0.053155
0.054665
0.054599
0.054191
0.055185
0.054906
0.054990
0.054924
0.055822
0.053998
0.054335
0.052924
0.053241
0.054378
0.053836
0.054097
0.054209
0.053566
0.054489
0.054467
0.054892
0.056069
0.055155
0.054138
0.057078
0.053714
0.053847
0.054288
0.056206
0.054455
0.053239
0.053370
0.053621
0.054044
0.055677
0.053681
0.063527
0.053756
0.053965
0.054430
0.054906
0.052651
0.053120
0.053167
0.053859
0.054673
0.055126
0.053027
0.053184
0.053980
0.054278
0.055412
0.055922
0.054409
0.054082
0.054683
0.054611
0.054411
0.054448
0.053173
0.054299
0.054802
0.053813
0.054323
0.056201
0.052837
0.053995
0.054104
0.053822
0.055175
0.055663
0.053532
0.053901
0.053174
0.053725
0.054178
0.054926
0.053945
0.053156
0.053292
0.053657
0.054894
0.055604
0.054142
0.054212
0.054955
0.054470
0.054493
0.055077
0.053135
0.053066
0.053639
0.065267
0.055262
0.055199
0.053162
0.053027
0.053898
0.054535
0.054924
0.055229
0.056524
0.053467
0.053707
0.053865
0.055096
0.054851
0.053214
0.054615
0.054844
0.054149
0.055052
0.054204
0.052639
0.053996
0.053335
0.053752
0.055167
0.055183
0.052718
0.054022
0.053986
0.053668
0.054062
0.054729
0.053894
0.053117
0.053982
0.053548
0.054606
0.057330
0.052912
0.053189
0.054163
0.054672
0.053798
0.055658
0.053543
0.053131
0.053211
0.053965
0.054953
0.055085
0.054055
0.053751
0.053198
0.055185
0.054065
0.055689
0.054300
0.053988
0.053643
0.054424
0.064760
0.054426
0.053290
0.054201
0.054367
0.054459
0.054120
0.054471
0.053414
0.053158
0.053401
0.054581
0.054642
0.055143
0.053294
0.054026
0.054343
0.053698
0.054624
0.055785
0.054350
0.054473
0.054103
0.054220
0.057676
0.056193
0.052908
0.053145
0.054397
0.054536
0.054117
0.055012
0.053520
0.053066
0.053055
0.053793
0.055296
0.055188
0.053675
0.053651
0.054553
0.054482
0.054372
0.054345
0.053827
0.053929
0.053284
0.054388
0.054103
0.054299
0.052617
0.053227
0.054267
0.054584
0.055214
0.055025
0.063268
0.054520
0.053825
0.054709
0.055297
0.055227
0.052903
0.053118
0.053291
0.054583
0.055748
0.055459
0.053867
0.054043
0.053774
0.054576
0.054719
0.055998
0.052769
0.054942
0.054897
0.054790
0.054158
0.054274
0.053623
0.053088
0.053587
0.054803
0.056013
0.055873
0.053713
0.053109
0.053756
0.055802
0.054664
0.056299
0.054493
0.054027
0.053344
0.053966
0.054776
0.054201
0.053169
0.054222
0.054716
0.057557
0.055255
0.063183
0.052699
0.055687
0.053395
0.054442
0.055225
0.055152
0.052923
0.063543
0.053549
0.053905
0.054340
0.054406
0.066232
0.054196
0.054314
0.054493
0.055137
0.055675
0.053981
0.054467
0.053513
0.053984
0.053952
0.054305
0.053430
0.052980
0.053534
0.054783
0.055524
0.055125
0.053631
0.053019
0.053677
0.055748
0.054510
0.055754
0.054382
0.053924
0.053564
0.053515
0.054644
0.054125
0.053102
0.054181
0.054719
0.054138
0.054832
0.054361
0.053253
0.055315
0.053911
0.055170
0.055395
0.065052
0.053222
0.053212
0.053481
0.053622
0.054650
0.055196
0.053578
0.053436
0.054344
0.053728
0.054379
0.054553
0.053170
0.053345
0.054152
0.056609
0.054279
0.054868
0.053514
0.053060
0.053375
0.056859
0.055206
0.055012
0.053612
0.053015
0.053070
0.054445
0.053939
0.055608
0.053572
0.053869
0.053221
0.053515
0.054658
0.054601
0.052606
0.053345
0.054713
0.053915
0.054940
0.054673
0.053361
0.064503
0.053933
0.054741
0.055126
0.054667
0.053262
0.053467
0.053504
0.053845
0.054411
0.055366
0.053951
0.053605
0.053594
0.053926
0.054688
0.056373
0.053366
0.054788
0.054881
0.054678
0.055302
0.054308
0.053476
0.053102
0.053547
0.054714
0.055413
0.055729
0.053583
0.053033
0.053325
0.054655
0.054616
0.055106
0.053641
0.053989
0.054010
0.053738
0.054701
0.054118
0.052720
0.053170
0.054312
0.064325
0.054310
0.054238
0.053463
0.054443
0.053895
0.054663
0.054965
0.054563
0.053144
0.053407
0.056715
0.054148
0.054803
0.055621
0.054806
0.053192
0.053959
0.053816
0.054369
0.055158
0.053059
0.053971
0.054189
0.054626
0.054827
0.054379
0.053622
0.053025
0.053313
0.053776
0.055339
0.054518
0.053724
0.053131
0.053879
0.055811
0.054718
0.055996
0.054437
0.054114
0.054532
0.063986
0.054443
0.054431
0.053388
0.054537
0.055331
0.053855
0.054152
0.054694
0.052680
0.053195
0.053625
0.053875
0.054365
0.054681
0.053429
0.053003
0.054086
0.053648
0.053895
0.054492
0.053924
0.053241
0.054028
0.053603
0.054620
0.056234
0.053390
0.054799
0.054900
0.054549
0.055216
0.054257
0.053352
0.052858
0.053529
0.054674
0.055399
0.054490
0.053598
0.052982
0.053826
0.055690
0.054671
0.055753
0.054399
0.056809
0.054895
0.053938
0.054907
0.054332
0.053158
0.064727
0.054353
0.053830
0.054162
0.054169
0.052781
0.053178
0.053413
0.053734
0.054497
0.055071
0.053010
0.053361
0.053710
0.053997
0.054105
0.054906
0.054862
0.053228
0.054099
0.054408
0.054051
0.055102
0.052926
0.053945
0.054007
0.054525
0.054089
0.054811
0.053531
0.052966
0.053158
0.053844
0.055480
0.054410
0.053609
0.053887
0.053871
0.055582
0.054575
0.056750
0.054335
0.054025
0.053831
0.053765
0.054654
0.054222
0.053151
0.054104
0.054669
0.053662
0.054850
0.055078
0.053444
0.054993
0.053769
0.065013
0.055079
0.054919
0.053258
0.053236
0.053333
0.053768
0.054440
0.055783
0.053278
0.053248
0.053445
0.053818
0.055120
0.055929
0.053344
0.057808
0.055100
0.054684
0.054497
0.054940
0.053577
0.053234
0.053594
0.054697
0.055325
0.054900
0.053498
0.053877
0.053303
0.054527
0.054340
0.055607
0.053703
0.053910
0.053336
0.053648
0.054822
0.054206
0.053163
0.054201
0.054784
0.053806
0.054957
0.055184
0.053199
0.055135
0.053805
0.055379
0.055617
0.055622
0.053363
0.053136
0.053903
0.053489
0.054419
0.055460
0.063249
0.053303
0.053474
0.053763
0.054640
0.055540
0.053441
0.053942
0.054221
0.053864
0.054584
0.054931
0.052824
0.053314
0.053418
0.054661
0.055490
0.054936
0.053420
0.053842
0.053214
0.054472
0.054540
0.055556
0.053631
0.053987
0.054051
0.053683
0.054884
0.054269
0.053146
0.053242
0.054303
0.053729
0.054858
0.055129
0.056152
0.054061
0.053477
0.054441
0.055179
0.055080
0.052925
0.053229
0.053957
0.053594
0.054128
0.054959
0.053870
0.053108
0.053903
0.054407
0.054030
0.055065
0.053304
0.054791
0.063814
0.054050
0.054151
0.054742
0.052879
0.053091
0.055196
0.054781
0.054774
0.054827
0.052837
0.053189
0.054171
0.054940
0.054393
0.056573
0.054570
0.053989
0.053856
0.053653
0.054367
0.054634
0.053073
0.056545
0.054673
0.053746
0.054935
0.055532
0.053172
0.055268
0.053735
0.055426
0.055297
0.055627
0.053387
0.053199
0.053807
0.053481
0.054535
0.055007
0.053864
0.053052
0.053875
0.054394
0.053970
0.055053
0.052987
0.053924
0.054057
0.054615
0.054237
0.054498
0.053456
0.053027
0.063903
0.054840
0.055022
0.056856
0.053057
0.053174
0.053325
0.053722
0.054312
0.054313
0.052918
0.053409
0.053630
0.053981
0.054674
0.054562
0.052693
0.053238
0.054313
0.053832
0.054904
0.055045
0.053414
0.053995
0.053690
0.055242
0.055704
0.055389
0.053259
0.054440
0.053990
0.053626
0.054455
0.055361
0.054198
0.053176
0.053886
0.054473
0.054681
0.055188
0.053253
0.053399
0.054449
0.054564
0.054960
0.055536
0.054368
0.053077
0.053555
0.054966
0.055766
0.054420
0.053190
0.053728
0.053137
0.053782
0.054310
0.054369
0.053285
0.063566
0.053392
0.053919
0.054280
0.054695
0.052945
0.053266
0.053799
0.053763
0.054135
0.054416
0.053355
0.054102
0.053951
0.054367
0.055634
0.055226
0.053211
0.054067
0.053578
0.053746
0.054399
0.059766
0.054655
0.053443
0.054154
0.054516
0.054281
0.054473
0.053742
0.053171
0.054045
0.054520
0.054237
0.055281
0.053069
0.053147
0.053325
0.053925
0.055685
0.054810
0.053473
0.053843
0.054029
0.054528
0.055312
0.055296
0.054441
0.054066
0.054191
0.055599
0.055015
0.054456
0.054327
0.054237
0.054798
0.064012
0.054529
0.054635
0.052797
0.053305
0.053242
0.053706
0.054382
0.054995
0.052835
0.053174
0.053457
0.053886
0.054259
0.055209
0.053987
0.053068
0.053975
0.054612
0.054785
0.055203
0.052844
0.054383
0.054912
0.054531
0.053687
0.056927
0.054133
0.053299
0.053548
0.054736
0.055202
0.055718
0.053573
0.053917
0.053920
0.054671
0.053774
0.055667
0.054345
0.053927
0.052991
0.055881
0.058376
0.079025
0.052825
0.053211
0.054304
0.054500
0.054534
0.055470
0.052737
0.053925
0.053959
0.053565
0.064770
0.054696
0.053117
0.053343
0.053459
0.054834
0.054224
0.054483
0.053358
0.053230
0.053368
0.053855
0.054590
0.054687
0.053123
0.053122
0.054115
0.054484
0.054791
0.055093
0.052760
0.053309
0.053700
0.054640
0.055758
0.055206
0.053666
0.053091
0.054355
0.055232
0.057850
0.056364
0.055817
0.056686
0.056368
0.064797
0.058280
0.059934
0.055584
0.078049
0.056963
0.058271
0.056241
0.056544
0.053622
0.059271
0.056981
0.081169
0.055790
0.056012
0.054353
0.054198
0.059114
0.080504
0.065216
0.056303
0.055007
0.055400
0.055381
0.056205
0.055552
0.056259
0.054381
0.054457
0.054827
0.060555
0.057646
0.068866
0.054530
0.055165
0.067278
0.055950
0.057002
0.057624
0.054343
0.054805
0.055743
0.055550
0.056581
0.057605
0.055698
0.056279
0.055439
0.055700
0.055442
0.056035
0.054109
0.054990
0.055923
0.056501
0.055835
0.056492
0.054304
0.055674
0.055448
0.055588
0.055585
0.056471
0.053908
0.054181
0.054329
0.054642
0.054636
0.055932
0.055169
0.054415
0.065338
0.055293
0.054855
0.056294
0.054197
0.054385
0.054590
0.054988
0.054879
0.056091
0.053924
0.054476
0.054486
0.055349
0.055475
0.057258
0.054142
0.054158
0.054169
0.055710
0.055943
0.059634
0.056846
0.055425
0.054735
0.055247
0.055032
0.056265
0.054460
0.054624
0.056037
0.056174
0.055791
0.060327
0.054205
0.059924
0.055425
0.055115
0.055669
0.056245
0.054524
0.054382
0.054579
0.054587
0.054613
0.056041
0.054922
0.065473
0.054608
0.054977
0.055315
0.055830
0.053878
0.053984
0.054341
0.055043
0.054958
0.055420
0.053834
0.054143
0.054403
0.055266
0.056455
0.055795
0.055194
0.054129
0.055142
0.056021
0.056035
0.055629
0.055640
0.054960
0.055826
0.055977
0.055252
0.055727
0.054175
0.055312
0.055665
0.054860
0.056274
0.055301
0.053845
0.055028
0.054901
0.056276
0.056332
0.057780
0.055616
0.056336
0.054942
0.055275
0.055880
0.056743
0.055563
0.065668
0.055761
0.055922
0.055969
0.056527
0.054512
0.054295
0.054796
0.055480
0.055158
0.055804
0.054235
0.054369
0.054467
0.055089
0.056633
0.055837
0.058335
0.054208
0.054184
0.055776
0.056174
0.055820
0.054691
0.055134
0.054903
0.055679
0.055380
0.055270
0.053769
0.054312
0.055502
0.054716
0.055962
0.055324
0.055728
0.055328
0.055436
0.055057
0.056524
0.056273
0.055351
0.056292
0.054565
0.054842
0.055195
0.056737
0.055335
0.054791
0.054845
0.054820
0.055232
0.059080
0.064625
0.054165
0.054522
0.054909
0.055504
0.055289
0.053740
0.053959
0.054270
0.054950
0.056209
0.055855
0.054175
0.054531
0.054387
0.055528
0.056447
0.055745
0.055467
0.054954
0.055529
0.055772
0.055439
0.055397
0.054133
0.055351
0.055789
0.055540
0.055593
0.055339
0.054475
0.055422
0.055402
0.055113
0.056664
0.056733
0.055007
0.055237
0.054415
0.054562
0.059274
0.057124
0.055341
0.054974
0.054738
0.054664
0.055678
0.056499
0.064311
0.054248
0.054604
0.055053
0.054862
0.056050
0.053906
0.054099
0.054321
0.055210
0.055645
0.055735
0.056002
0.054654
0.055211
0.056912
0.055899
0.056019
0.054791
0.055247
0.055255
0.055930
0.055668
0.055809
0.053980
0.054366
0.055794
0.054822
0.055079
0.055597
0.053813
0.055147
0.054361
0.054644
0.055872
0.056198
0.054329
0.054950
0.054349
0.054435
0.055229
0.056267
0.055207
0.054752
0.054842
0.054730
0.055629
0.056458
0.054420
0.054182
0.065901
0.054936
0.055406
0.056169
0.053866
0.053984
0.054239
0.054603
0.055286
0.055786
0.053879
0.054122
0.055000
0.055261
0.055795
0.055890
0.055272
0.054878
0.054964
0.059183
0.055366
0.055965
0.054152
0.055448
0.057208
0.054706
0.055194
0.056143
0.053780
0.054917
0.054319
0.054694
0.065719
0.055984
0.054062
0.054303
0.054248
0.054488
0.055127
0.055705
0.054167
0.054100
0.054439
0.054815
0.055235
0.056002
0.054066
0.054064
0.054941
0.055576
0.055514
0.056921
0.053737
0.053980
0.054721
0.055557
0.056692
0.056507
0.054176
0.054021
0.054988
0.055726
0.055726
0.055427
0.055014
0.054835
0.054883
0.055867
0.055053
0.055153
0.053951
0.055154
0.055719
0.056103
0.055450
0.055196
0.054369
0.055244
0.054965
0.065373
0.056104
0.055652
0.053894
0.054267
0.054261
0.054442
0.054963
0.058413
0.054364
0.056492
0.054469
0.054677
0.055278
0.055715
0.053877
0.057813
0.055453
0.055643
0.055217
0.056196
0.054581
0.053961
0.054377
0.054871
0.056307
0.056190
0.053992
0.054179
0.054302
0.055613
0.056045
0.055574
0.054473
0.055051
0.054175
0.054655
0.055708
0.055195
0.054027
0.055017
0.055702
0.056000
0.055608
0.055483
0.054295
0.055308
0.056121
0.054862
0.066225
0.055925
0.054443
0.054527
0.054281
0.054542
0.055044
0.055495
0.054243
0.054510
0.054553
0.054707
0.055184
0.055728
0.054826
0.054224
0.055688
0.055582
0.056285
0.056631
0.054393
0.054016
0.054538
0.056699
0.055105
0.054491
0.053018
0.053107
0.053212
0.054548
0.055436
0.054458
0.053517
0.053892
0.054067
0.054467
0.054696
0.054248
0.053155
0.054322
0.054385
0.054687
0.054566
0.054396
0.057324
0.053716
0.055191
0.053779
0.055545
0.055469
0.056531
0.054013
0.063779
0.053971
0.054532
0.054775
0.053032
0.053121
0.053531
0.053652
0.054452
0.055019
0.053136
0.053325
0.053434
0.054151
0.054385
0.054640
0.053619
0.052996
0.053658
0.054928
0.054572
0.055260
0.053914
0.053205
0.054864
0.054378
0.055083
0.055400
0.054217
0.053923
0.053472
0.054615
0.054968
0.054561
0.055166
0.054266
0.053322
0.054551
0.055128
0.054908
0.053506
0.053348
0.053546
0.054538
0.054884
0.055643
0.052756
0.054061
0.053997
0.054625
0.054706
0.055902
0.053238
0.055071
0.064044
0.053818
0.055067
0.055848
0.053710
0.053357
0.054311
0.053874
0.054527
0.054946
0.053103
0.053679
0.053489
0.054592
0.054676
0.059799
0.053540
0.053251
0.054164
0.053894
0.055421
0.054957
0.053775
0.054016
0.053416
0.054578
0.055034
0.054394
0.053532
0.053151
0.053325
0.055785
0.054952
0.054199
0.054518
0.054534
0.054336
0.055370
0.055836
0.055235
0.054045
0.054291
0.054016
0.054611
0.056033
0.055142
0.053401
0.053971
0.054218
0.053641
0.055115
0.054879
0.053840
0.053818
0.063894
0.054197
0.054990
0.055740
0.054911
0.053316
0.053395
0.053955
0.054472
0.054856
0.053006
0.053232
0.053503
0.054052
0.054696
0.055380
0.054445
0.054068
0.054548
0.054807
0.054245
0.054690
0.053607
0.053705
0.053892
0.055895
0.055191
0.054654
0.054499
0.055408
0.053614
0.054050
0.055913
0.055776
0.054044
0.054254
0.053593
0.057599
0.055207
0.055500
0.053411
0.055212
0.054085
0.053675
0.056318
0.057248
0.052986
0.056121
0.054141
0.065712
0.054401
0.056161
0.055726
0.055381
0.053384
0.054875
0.055565
0.056139
0.053016
0.053260
0.053465
0.054024
0.054771
0.055128
0.053707
0.054034
0.054090
0.054563
0.054401
0.055739
0.053670
0.053775
0.053966
0.054405
0.055092
0.054730
0.054516
0.055472
0.054294
0.054343
0.056109
0.055800
0.054039
0.054293
0.053443
0.054473
0.055382
0.055383
0.053531
0.053975
0.054114
0.053707
0.065370
0.056208
0.053398
0.053797
0.054349
0.054029
0.054612
0.056076
0.055442
0.053211
0.053480
0.053940
0.055954
0.056143
0.058014
0.053141
0.054399
0.054843
0.054665
0.054320
0.053865
0.054181
0.058696
0.055433
0.055869
0.055699
0.053939
0.054100
0.053663
0.053877
0.055104
0.054286
0.053600
0.054288
0.053485
0.053568
0.055129
0.055304
0.053587
0.053921
0.053226
0.054334
0.054954
0.056459
0.053518
0.053681
0.053940
0.053617
0.055761
0.059099
0.063777
0.055615
0.054547
0.054177
0.054528
0.055196
0.053004
0.053226
0.053324
0.053837
0.054458
0.054892
0.053061
0.053391
0.053439
0.055068
0.054366
0.054730
0.053692
0.054020
0.053167
0.054339
0.054030
0.054698
0.053621
0.054759
0.054040
0.054314
0.054703
0.054682
0.054790
0.054895
0.053554
0.054599
0.055775
0.056754
0.052883
0.053834
0.053261
0.053833
0.054851
0.055566
0.053067
0.053277
0.054160
0.053557
0.054913
0.055727
0.055862
0.053062
0.054331
0.054626
0.054335
0.064918
0.053033
0.053288
0.053581
0.054005
0.054495
0.054660
0.053262
0.053182
0.053224
0.053804
0.054455
0.054832
0.055764
0.053619
0.055322
0.054452
0.054342
0.054891
0.053653
0.055161
0.053924
0.055063
0.054922
0.054794
0.054540
0.055546
0.053505
0.054822
0.055447
0.055634
0.052698
0.054000
0.053230
0.053735
0.054854
0.056191
0.053429
0.054520
0.054102
0.053591
0.055747
0.057085
0.052981
0.054152
0.056593
0.055646
0.065902
0.054812
0.052866
0.053260
0.053435
0.053574
0.054142
0.054757
0.052996
0.053005
0.053408
0.053977
0.054670
0.054881
0.053335
0.053990
0.054552
0.054605
0.054573
0.055429
0.054973
0.054566
0.054782
0.056144
0.056039
0.058630
0.065774
0.056948
0.053535
0.054584
0.055802
0.055975
0.053523
0.053886
0.053116
0.053672
0.054389
0.054658
0.052851
0.053865
0.054064
0.053578
0.054892
0.056097
0.053068
0.053031
0.054315
0.054525
0.054990
0.055582
0.052806
0.052978
0.063624
0.054149
0.054699
0.055410
0.053108
0.052974
0.054140
0.054947
0.054879
0.055526
0.053862
0.055143
0.053894
0.055340
0.055770
0.054938
0.053537
0.053177
0.053275
0.054463
0.054663
0.055012
0.053569
0.054049
0.053647
0.053748
0.055574
0.056783
0.054468
0.054980
0.054375
0.054660
0.054599
0.055297
0.053237
0.054620
0.054464
0.053814
0.055564
0.057087
0.053054
0.054216
0.073953
0.054809
0.054976
0.057628
0.052816
0.053192
0.053955
0.057381
0.054205
0.055608
0.053656
0.053009
0.063613
0.054209
0.054120
0.054728
0.053286
0.053392
0.053227
0.053996
0.053755
0.054878
0.052763
0.053137
0.053717
0.054233
0.054102
0.054718
0.054363
0.055303
0.053556
0.054538
0.055897
0.055562
0.054896
0.056111
0.055035
0.053768
0.054572
0.055562
0.052786
0.053908
0.054218
0.053637
0.054812
0.055615
0.052941
0.053107
0.054466
0.054517
0.054630
0.055516
0.052722
0.052993
0.054003
0.054653
0.054598
0.056195
0.053598
0.052919
0.055075
0.055844
0.054296
0.055487
0.054502
0.053931
0.053775
0.054425
0.054094
0.054721
0.053535
0.054144
0.053682
0.055122
0.064401
0.054664
0.053885
0.054584
0.053692
0.054714
0.055030
0.054762
0.053285
0.062151
0.053510
0.053996
0.054176
0.055092
0.053172
0.053901
0.054072
0.053435
0.054501
0.055634
0.053054
0.053077
0.054207
0.055798
0.054486
0.055255
0.052769
0.053160
0.054031
0.054469
0.053783
0.055703
0.054216
0.054632
0.055629
0.055531
0.054907
0.056097
0.055436
0.054879
0.054882
0.055735
0.054177
0.055355
0.054114
0.054694
0.053795
0.055092
0.055077
0.055317
0.054069
0.054207
0.053645
0.053919
0.055084
0.055757
0.053617
0.054010
0.053334
0.053662
0.054561
0.065278
0.053193
0.053495
0.053735
0.053719
0.054124
0.055086
0.053244
0.053179
0.053599
0.053928
0.053893
0.055242
0.053069
0.053519
0.054325
0.054867
0.054432
0.056516
0.053749
0.052956
0.055065
0.056031
0.054198
0.059590
0.056026
0.053846
0.054181
0.054603
0.053892
0.055584
0.053710
0.053854
0.053205
0.054455
0.054680
0.054900
0.053731
0.054069
0.053534
0.053627
0.054167
0.055674
0.053511
0.054014
0.053213
0.054411
0.054665
0.055826
0.053392
0.054567
0.053520
0.053653
0.055535
0.057004
0.053045
0.053869
0.054293
0.054586
0.055022
0.055628
0.053116
0.063533
0.053718
0.053932
0.054049
0.054666
0.053095
0.053060
0.053984
0.055024
0.054143
0.055875
0.054307
0.053618
0.054277
0.054382
0.054414
0.055594
0.053631
0.054356
0.053743
0.054266
0.054653
0.054794
0.053955
0.054424
0.053515
0.054524
0.055666
0.055886
0.053615
0.053392
0.053221
0.054425
0.054687
0.055643
0.052777
0.053102
0.053376
0.056403
0.054758
0.055892
0.053041
0.053143
0.053667
0.054714
0.054533
0.054987
0.052779
0.053936
0.054061
0.054402
0.053947
0.055980
0.052895
0.063291
0.053378
0.054028
0.054106
0.054834
0.053321
0.053484
0.054087
0.054520
0.054219
0.054880
0.053269
0.053381
0.053585
0.054412
0.054022
0.054661
0.053435
0.054764
0.065635
0.056562
0.056051
0.055700
0.053696
0.053908
0.053398
0.054331
0.054567
0.055544
0.053947
0.053251
0.053564
0.053708
0.054559
0.056207
0.053515
0.054221
0.054456
0.053916
0.054523
0.055765
0.052719
0.053809
0.053953
0.053656
0.054415
0.054782
0.052694
0.053054
0.053150
0.054575
0.055068
0.055854
0.054740
0.053151
0.053512
0.054425
0.055458
0.065066
0.053240
0.056186
0.054291
0.054224
0.054588
0.054782
0.054169
0.054625
0.054291
0.053937
0.055091
0.055281
0.052926
0.053305
0.054236
0.054729
0.056833
0.054783
0.053499
0.053173
0.054023
0.053536
0.054767
0.055818
0.053682
0.054290
0.054889
0.054537
0.054502
0.054820
0.053219
0.053143
0.053878
0.053564
0.055631
0.055412
0.053525
0.053018
0.054830
0.055220
0.056634
0.055836
0.053962
0.053192
0.053173
0.053691
0.054373
0.054964
0.053574
0.053012
0.053915
0.053751
0.064285
0.054673
0.053070
0.053329
0.053445
0.054683
0.054952
0.054848
0.053098
0.053319
0.053919
0.054158
0.054275
0.054949
0.053836
0.053505
0.054044
0.053713
0.055313
0.055730
0.053911
0.055119
0.055105
0.053639
0.053928
0.058450
0.053783
0.054125
0.053973
0.053431
0.054864
0.054958
0.053659
0.053089
0.054268
0.053687
0.054812
0.055742
0.053818
0.053199
0.053125
0.053716
0.055368
0.054545
0.053853
0.053058
0.054710
0.055018
0.054719
0.054248
0.054467
0.054213
0.053194
0.064015
0.054824
0.054868
0.052816
0.053228
0.053632
0.053908
0.054601
0.054696
0.052804
0.053214
0.053477
0.054001
0.054519
0.057422
0.052774
0.054475
0.054573
0.053707
0.055212
0.055708
0.054545
0.055054
0.054266
0.053627
0.056105
0.056203
0.053263
0.053304
0.055013
0.053877
0.054997
0.055569
0.054069
0.053903
0.054299
0.053905
0.056135
0.056829
0.053695
0.053612
0.055187
0.055187
0.054171
0.054883
0.054511
0.053213
0.053707
0.058150
0.055492
0.055154
0.053525
0.053338
0.063760
0.054109
0.054267
0.055089
0.053252
0.053544
0.053481
0.053727
0.055730
0.055031
0.053038
0.053425
0.053380
0.054071
0.053991
0.054855
0.053521
0.053437
0.054240
0.054515
0.054684
0.054999
0.052838
0.053155
0.054335
0.054268
0.054258
0.055908
0.053144
0.053779
0.054092
0.053611
0.055715
0.055741
0.053656
0.054092
0.053927
0.054052
0.055704
0.054724
0.053978
0.054386
0.053294
0.054812
0.053837
0.055028
0.053034
0.053011
0.054827
0.064635
0.054490
0.054652
0.053487
0.054043
0.053822
0.053635
0.053789
0.054534
0.053299
0.053623
0.053925
0.053785
0.054263
0.054862
0.053853
0.053284
0.054034
0.054934
0.054624
0.054839
0.053694
0.056883
0.054320
0.054635
0.053815
0.055822
0.052912
0.054009
0.053339
0.054488
0.054568
0.054993
0.053806
0.053057
0.053510
0.054608
0.054606
0.054819
0.053465
0.053898
0.063535
0.053956
0.053795
0.054895
0.052888
0.053217
0.053324
0.054012
0.054053
0.055757
0.053835
0.053899
0.053961
0.054249
0.054506
0.055943
0.054296
0.054335
0.053509
0.053630
0.053713
0.055476
0.053895
0.054236
0.054342
0.054409
0.054600
0.055559
0.054027
0.053313
0.053571
0.054710
0.055251
0.055920
0.053217
0.053138
0.065384
0.053959
0.054991
0.055426
0.053283
0.054016
0.054144
0.053948
0.055675
0.054809
0.053077
0.053217
0.053398
0.053968
0.053885
0.054861
0.052812
0.053750
0.054051
0.053746
0.054597
0.058509
0.053161
0.054074
0.053420
0.054462
0.053783
0.055585
0.053546
0.053921
0.053340
0.053703
0.053679
0.055366
0.053358
0.053187
0.054098
0.054285
0.054447
0.055705
0.053136
0.054407
0.053852
0.054793
0.055584
0.056883
0.054460
0.054603
0.054014
0.054827
0.065462
0.055522
0.053764
0.054160
0.054317
0.054518
0.054264
0.055440
0.053327
0.053419
0.053711
0.056784
0.056031
0.055283
0.053570
0.054125
0.054445
0.054407
0.055052
0.056117
0.053082
0.056668
0.069566
0.057319
0.055815
0.058665
0.055651
0.056906
0.056031
0.057750
0.059650
0.059122
0.056013
0.071018
0.054489
0.055921
0.054700
0.055942
0.053777
0.054174
0.054244
0.055313
0.055162
0.055632
0.053502
0.053467
0.054222
0.059496
0.055040
0.055172
0.052958
0.053753
0.053540
0.053827
0.053786
0.055694
0.053000
0.063895
0.053667
0.054114
0.053798
0.054913
0.053070
0.053342
0.053335
0.053918
0.053848
0.054680
0.053276
0.053660
0.053630
0.054107
0.053795
0.055088
0.054359
0.053615
0.053530
0.053669
0.055262
0.057012
0.055671
0.054419
0.054442
0.058808
0.055350
0.055882
0.053767
0.054861
0.054223
0.054625
0.056137
0.055833
0.053676
0.054162
0.054292
0.055333
0.055838
0.057015
0.053659
0.054746
0.054410
0.054692
0.055737
0.056425
0.054198
0.053972
0.055625
0.054614
0.055296
0.055625
0.053598
0.055152
0.055875
0.056009
0.054843
0.067017
0.054823
0.054783
0.054478
0.054879
0.054606
0.055643
0.053775
0.057617
0.054422
0.054823
0.054963
0.056180
0.055933
0.054477
0.054287
0.054456
0.054757
0.056737
0.053971
0.054953
0.054134
0.054814
0.055478
0.055955
0.053644
0.053996
0.056020
0.055909
0.056049
0.055842
0.053765
0.056059
0.054502
0.055640
0.054716
0.056731
0.054605
0.054222
0.054925
0.055505
0.055399
0.055967
0.054691
0.055106
0.055198
0.054665
0.055507
0.056489
0.054449
0.055565
0.054792
0.056002
0.056319
0.055815
0.055029
0.055401
0.054776
0.054818
0.056986
0.056615
0.054971
0.054127
0.055041
0.055221
0.056419
0.066647
0.054441
0.054757
0.054980
0.054837
0.056164
0.055942
0.054194
0.054476
0.055111
0.055640
0.055948
0.055966
0.054127
0.054447
0.055024
0.055537
0.055362
0.059880
0.054869
0.054295
0.055085
0.055730
0.055262
0.056558
0.054705
0.054455
0.055107
0.056918
0.058661
0.056680
0.054593
0.055081
0.054287
0.055495
0.056058
0.056086
0.054514
0.055130
0.054194
0.054842
0.056193
0.056817
0.054813
0.054797
0.054833
0.055759
0.056786
0.057558
0.054552
0.055290
0.055406
0.054695
0.056604
0.056974
0.054171
0.055415
0.056039
0.056606
0.055891
0.056053
0.054588
0.064539
0.055822
0.054987
0.054996
0.055891
0.053954
0.054185
0.054210
0.055071
0.054960
0.055494
0.053932
0.054527
0.054644
0.054901
0.055489
0.056126
0.054998
0.054594
0.054904
0.056076
0.055907
0.055932
0.055567
0.055164
0.055083
0.055172
0.056694
0.056770
0.054878
0.054805
0.054950
0.054896
0.072759
0.057927
0.053005
0.054016
0.053484
0.053903
0.054541
0.055884
0.052774
0.053188
0.054240
0.053916
0.054766
0.055563
0.053600
0.053177
0.054019
0.054308
0.053783
0.055536
0.052941
0.053073
0.053905
0.054426
0.054210
0.055238
0.054642
0.054055
0.054322
0.054352
0.054496
0.054958
0.053675
0.054286
0.064054
0.053967
0.054007
0.054709
0.053696
0.053536
0.053781
0.053792
0.054331
0.055231
0.053079
0.053058
0.053350
0.054552
0.054271
0.056008
0.053425
0.053245
0.053749
0.053650
0.055516
0.055998
0.053382
0.053911
0.054455
0.054631
0.054865
0.055523
0.053512
0.054539
0.055060
0.055775
0.053786
0.054832
0.052682
0.053033
0.054005
0.054547
0.054013
0.054440
0.052817
0.054001
0.056103
0.054482
0.054427
0.055554
0.053853
0.054451
0.053790
0.053807
0.054400
0.054783
0.054911
0.054357
0.054845
0.054868
0.054830
0.055835
0.053092
0.053840
0.053975
0.064131
0.054247
0.054762
0.053342
0.053515
0.053273
0.054114
0.053985
0.054961
0.053024
0.053298
0.053631
0.054137
0.054477
0.054982
0.053606
0.053036
0.053981
0.054401
0.055533
0.055789
0.053160
0.053241
0.055068
0.054834
0.055583
0.055879
0.053788
0.054117
0.053636
0.054322
0.055952
0.056117
0.054751
0.053874
0.054079
0.054822
0.055753
0.055610
0.065470
0.079227
0.068810
0.059068
0.064584
0.057002
0.054932
0.066132
0.063830
0.055045
0.057578
0.057686
0.056839
0.066471
0.056053
0.056335
0.055836
0.056498
0.055107
0.060171
0.055161
0.055719
0.057058
0.056986
0.059852
0.054204
0.054196
0.054773
0.054854
0.056427
0.053227
0.053678
0.054358
0.055101
0.054915
0.055708
0.053777
0.053640
0.053926
0.053697
0.054406
0.054711
0.053516
0.053773
0.053519
0.054436
0.053723
0.054659
0.053634
0.053742
0.054859
0.054885
0.055964
0.055570
0.053079
0.054670
0.054875
0.054673
0.055729
0.055672
0.053634
0.053903
0.053260
0.053618
0.054491
0.055805
0.052779
0.053987
0.064063
0.054045
0.055879
0.054983
0.054985
0.053155
0.053541
0.053755
0.053888
0.054704
0.052973
0.053236
0.054841
0.054248
0.054300
0.055810
0.054017
0.053421
0.054321
0.054189
0.054801
0.055212
0.054506
0.054779
0.054447
0.054633
0.053789
0.055563
0.073966
0.054734
0.053870
0.054937
0.054654
0.055856
0.053223
0.053337
0.053921
0.053697
0.054397
0.055504
0.053727
0.053905
0.053413
0.054451
0.055022
0.055628
0.052883
0.053000
0.054805
0.054748
0.056513
0.066414
0.055974
0.054287
0.055156
0.053944
0.054130
0.054761
0.053016
0.053135
0.053293
0.054024
0.053983
0.055031
0.053011
0.053473
0.054093
0.053991
0.054478
0.054662
0.053658
0.054403
0.053577
0.054358
0.053539
0.055501
0.054427
0.054447
0.053638
0.053641
0.054598
0.054825
0.054658
0.053811
0.054003
0.054189
0.056910
0.056319
0.052972
0.053654
0.053283
0.054386
0.055213
0.057737
0.053174
0.052985
0.053894
0.053643
0.055642
0.055350
0.053560
0.053541
0.054730
0.055616
0.056940
0.055448
0.063208
0.053440
0.053437
0.054227
0.053870
0.054824
0.052941
0.053309
0.053383
0.055131
0.056954
0.056444
0.053174
0.053455
0.053810
0.054495
0.053868
0.055801
0.053547
0.053274
0.053242
0.054935
0.053815
0.054898
0.054274
0.054678
0.055883
0.054047
0.055494
0.057699
0.054420
0.053711
0.053121
0.054325
0.055224
0.055234
0.053178
0.063206
0.053959
0.053871
0.055276
0.055065
0.052937
0.053117
0.054407
0.055047
0.054645
0.054530
0.053140
0.053145
0.054003
0.054672
0.054453
0.054712
0.053390
0.053096
0.055189
0.054380
0.054858
0.054992
0.053971
0.055306
0.054228
0.054280
0.054124
0.055451
0.054281
0.053576
0.053542
0.053543
0.054524
0.054765
0.055009
0.054656
0.055368
0.057132
0.054718
0.055658
0.054385
0.054838
0.054510
0.057540
0.054489
0.054586
0.053027
0.053090
0.063488
0.054056
0.054029
0.054888
0.052909
0.053124
0.053432
0.053764
0.054492
0.054615
0.053038
0.053264
0.054071
0.054742
0.054799
0.055094
0.053259
0.053132
0.055083
0.054276
0.055154
0.055193
0.054538
0.055275
0.054204
0.054355
0.053790
0.055567
0.053508
0.053698
0.053559
0.054483
0.054167
0.054808
0.054665
0.053710
0.053977
0.054332
0.055273
0.056921
0.053784
0.053677
0.053517
0.054378
0.055265
0.055009
0.052755
0.053823
0.053894
0.054713
0.055397
0.059171
0.064422
0.054462
0.053649
0.053848
0.054099
0.054633
0.052859
0.053150
0.054421
0.053906
0.054361
0.054923
0.053046
0.057001
0.054222
0.053958
0.054633
0.055567
0.053748
0.053949
0.054214
0.053653
0.054065
0.055570
0.053471
0.053228
0.053423
0.054395
0.054651
0.054841
0.052812
0.053649
0.053977
0.054262
0.055152
0.056556
0.053846
0.053187
0.053525
0.053671
0.055349
0.065483
0.053407
0.053395
0.053638
0.054179
0.054872
0.054992
0.052900
0.053053
0.053396
0.053747
0.054131
0.055141
0.053202
0.053413
0.055002
0.054273
0.054189
0.055454
0.053853
0.053987
0.054635
0.055514
0.054674
0.054890
0.053580
0.053987
0.054270
0.054459
0.053777
0.056044
0.053617
0.053234
0.053171
0.054450
0.054575
0.055649
0.054436
0.053834
0.054205
0.054030
0.055029
0.056530
0.053950
0.063427
0.053348
0.054070
0.054940
0.054744
0.056155
0.053378
0.053242
0.053843
0.054279
0.054506
0.052956
0.053236
0.053426
0.053952
0.055492
0.055013
0.052736
0.053732
0.053943
0.053724
0.054017
0.055431
0.052888
0.054030
0.054950
0.054099
0.054520
0.055047
0.054153
0.055004
0.054326
0.053894
0.053886
0.056004
0.053437
0.053615
0.053580
0.054344
0.054654
0.064759
0.052947
0.053034
0.053469
0.053728
0.053858
0.054868
0.053163
0.053299
0.053310
0.053702
0.054042
0.055176
0.053022
0.053364
0.053778
0.053838
0.054302
0.055144
0.053639
0.053534
0.054701
0.055462
0.055254
0.055005
0.053551
0.054368
0.054675
0.054100
0.054110
0.055485
0.053417
0.053213
0.053612
0.054072
0.054493
0.055020
0.054137
0.054766
0.055227
0.054677
0.053990
0.060032
0.054639
0.053773
0.064187
0.054126
0.053920
0.054765
0.053156
0.053204
0.053430
0.053847
0.054297
0.054893
0.053168
0.053401
0.053583
0.053986
0.054653
0.055015
0.052899
0.053904
0.053560
0.054934
0.055008
0.055051
0.053779
0.053701
0.054048
0.054524
0.055249
0.054880
0.052750
0.053877
0.054130
0.053941
0.054261
0.055628
0.053196
0.053944
0.053530
0.054059
0.055051
0.055160
0.054104
0.054977
0.054803
0.063871
0.054226
0.055724
0.054013
0.053642
0.053647
0.053917
0.054087
0.054819
0.052994
0.053112
0.053370
0.054172
0.055192
0.055920
0.054370
0.053122
0.053617
0.055352
0.055887
0.055704
0.053408
0.053884
0.053558
0.054644
0.054603
0.054769
0.053580
0.053115
0.054037
0.057562
0.055498
0.054468
0.053117
0.053978
0.054038
0.054930
0.054230
0.055072
0.053107
0.053961
0.053181
0.053605
0.055085
0.054935
0.053634
0.053974
0.054258
0.053556
0.053990
0.055165
0.055590
0.063855
0.053359
0.053946
0.054206
0.054463
0.052804
0.053077
0.053529
0.053784
0.054683
0.055199
0.053609
0.053336
0.054078
0.054316
0.055800
0.054483
0.053009
0.053863
0.053965
0.054491
0.054622
0.055734
0.053778
0.053005
0.054320
0.054169
0.054373
0.055012
0.053111
0.054392
0.054746
0.053857
0.054401
0.054996
0.053320
0.053924
0.053514
0.055216
0.055057
0.054665
0.054198
0.053593
0.066886
0.054342
0.055139
0.055086
0.053243
0.053427
0.053416
0.053992
0.054675
0.055033
0.053201
0.053349
0.057040
0.054111
0.054931
0.055061
0.053002
0.053782
0.054130
0.054502
0.055430
0.055124
0.052902
0.053085
0.054186
0.053603
0.054816
0.055565
0.053792
0.053062
0.054229
0.054289
0.054320
0.065007
0.053269
0.053288
0.054367
0.054013
0.054414
0.055142
0.053327
0.053313
0.053507
0.054495
0.054398
0.055347
0.053320
0.053527
0.054379
0.055633
0.053975
0.056100
0.053633
0.053241
0.053770
0.054381
0.055297
0.054723
0.053422
0.054545
0.054253
0.053921
0.055674
0.056013
0.053830
0.054775
0.054215
0.055040
0.055516
0.054621
0.052618
0.053740
0.066972
0.053797
0.054414
0.054928
0.053197
0.053261
0.053524
0.054011
0.054662
0.054988
0.053015
0.053574
0.053581
0.054242
0.054614
0.054932
0.053427
0.055928
0.053336
0.054550
0.055278
0.054942
0.053717
0.053999
0.054125
0.064061
0.054308
0.055034
0.053133
0.053486
0.053466
0.053813
0.054524
0.064552
0.052642
0.053026
0.053347
0.053470
0.054099
0.054558
0.052929
0.053641
0.054203
0.054514
0.054765
0.055120
0.053295
0.063746
0.054506
0.053881
0.054056
0.055818
0.053523
0.053530
0.054063
0.054323
0.054768
0.054919
0.053734
0.053769
0.054113
0.054066
0.054483
0.056389
0.053867
0.053970
0.053259
0.054481
0.055372
0.054819
0.053731
0.053982
0.053325
0.053757
0.054227
0.065041
0.053154
0.053437
0.053248
0.054352
0.054874
0.054810
0.052752
0.053894
0.053857
0.054208
0.055004
0.055594
0.053490
0.053783
0.053865
0.055075
0.055648
0.057950
0.053301
0.065001
0.053709
0.053837
0.054153
0.054533
0.053190
0.053318
0.053683
0.053877
0.054393
0.054537
0.052919
0.053335
0.053466
0.054195
0.054340
0.055949
0.054273
0.053915
0.053849
0.055208
0.055132
0.054612
0.063913
0.054023
0.053765
0.053708
0.054836
0.055028
0.053486
0.053851
0.053648
0.054944
0.054999
0.055909
0.052902
0.053549
0.053913
0.053748
0.055099
0.055668
0.053680
0.053740
0.054061
0.053733
0.055370
0.055031
0.052898
0.053825
0.054030
0.064424
0.054092
0.055533
0.053610
0.053461
0.054222
0.054497
0.054815
0.054890
0.053370
0.053606
0.053964
0.054612
0.054990
0.056151
0.053594
0.054081
0.053302
0.055339
0.055232
0.054978
0.054429
0.054363
0.054151
0.057725
0.055945
0.055347
0.054560
0.054617
0.053858
0.054936
0.054341
0.055525
0.064865
0.053220
0.053700
0.053794
0.054079
0.054817
0.052857
0.052944
0.053339
0.053732
0.053972
0.054971
0.053043
0.053193
0.055135
0.054683
0.053773
0.055612
0.053647
0.053958
0.054150
0.053690
0.054525
0.055365
0.053609
0.053094
0.053940
0.053821
0.053980
0.054764
0.053429
0.053876
0.053677
0.064264
0.054035
0.055001
0.053955
0.053674
0.053426
0.053676
0.054119
0.054966
0.053374
0.054267
0.053760
0.054909
0.054824
0.055342
0.053084
0.054160
0.054188
0.054728
0.055368
0.055387
0.052976
0.053653
0.054525
0.053982
0.054895
0.055872
0.053338
0.066025
0.054099
0.054164
0.053873
0.055151
0.052994
0.056647
0.053480
0.053870
0.054037
0.055011
0.053453
0.053360
0.079530
0.054182
0.053987
0.055668
0.053072
0.055084
0.054030
0.054545
0.054722
0.055777
0.053621
0.063675
0.053695
0.053879
0.054011
0.054731
0.052953
0.053290
0.053270
0.053539
0.053813
0.054789
0.053271
0.053270
0.053915
0.054492
0.055537
0.056753
0.053072
0.053978
0.054732
0.055089
0.055153
0.056027
0.053496
0.065440
0.054021
0.054285
0.053724
0.055293
0.053266
0.053648
0.053992
0.054717
0.054499
0.054930
0.053488
0.053883
0.054178
0.054907
0.054536
0.055197
0.054091
0.054016
0.054082
0.054471
0.054588
0.066145
0.053203
0.054387
0.054300
0.054286
0.054212
0.054846
0.053601
0.054043
0.053755
0.054174
0.055404
0.058168
0.053195
0.053297
0.054153
0.054603
0.055237
0.055827
0.053072
0.053787
0.053958
0.054462
0.054555
0.055044
0.052806
0.063368
0.053707
0.053804
0.053821
0.054582
0.052969
0.053212
0.053567
0.053858
0.053987
0.054815
0.052941
0.053441
0.053692
0.054114
0.054049
0.055290
0.054087
0.053536
0.053696
0.054938
0.054718
0.055700
0.054394
0.054938
0.053607
0.054548
0.054515
0.055648
0.054103
0.053222
0.053700
0.054885
0.066176
0.055101
0.053510
0.053868
0.053488
0.054767
0.055011
0.055262
0.053123
0.053926
0.053528
0.054553
0.055053
0.055078
0.053183
0.054252
0.054340
0.053842
0.054683
0.054984
0.053730
0.053983
0.054184
0.054558
0.054711
0.054932
0.063182
0.053571
0.053792
0.057657
0.053776
0.054764
0.053029
0.053294
0.053392
0.053834
0.053988
0.055102
0.053123
0.053454
0.053820
0.053948
0.053817
0.055629
0.053610
0.053252
0.053521
0.054001
0.054773
0.055557
0.054107
0.054899
0.063874
0.054178
0.054878
0.055797
0.053866
0.053582
0.054099
0.054346
0.054504
0.054886
0.052794
0.053798
0.053595
0.054165
0.054848
0.054957
0.053661
0.053944
0.054966
0.055416
0.055851
0.055330
0.053301
0.054156
0.054585
0.053814
0.065251
0.057430
0.053714
0.053488
0.053394
0.053930
0.053820
0.054723
0.053094
0.053310
0.053499
0.053950
0.053829
0.054944
0.052993
0.053159
0.053157
0.053674
0.054999
0.055592
0.054041
0.053117
0.054010
0.055382
0.055624
0.056450
0.053944
0.056319
0.053985
0.054681
0.055659
0.065020
0.053216
0.053818
0.054477
0.053786
0.054144
0.054725
0.052957
0.053000
0.053476
0.053866
0.054525
0.055285
0.053243
0.053499
0.053985
0.053833
0.053795
0.055499
0.054073
0.053665
0.054160
0.054508
0.054402
0.055524
0.053776
0.054063
0.054252
0.054549
0.053975
0.055698
0.054466
0.053167
0.053658
0.079446
0.055178
0.054926
0.053688
0.053949
0.054073
0.053708
0.054632
0.055683
0.052908
0.063809
0.053464
0.053872
0.054279
0.054771
0.052667
0.053098
0.053417
0.053607
0.053969
0.054757
0.052874
0.053236
0.053448
0.053968
0.054271
0.056119
0.053167
0.054042
0.054843
0.053748
0.054166
0.055112
0.053869
0.053067
0.054653
0.053567
0.054606
0.058249
0.054619
0.054762
0.053929
0.054388
0.053691
0.055068
0.053765
0.053128
0.053026
0.053671
0.054808
0.054647
0.053493
0.052973
0.063617
0.053682
0.054313
0.054711
0.053081
0.053647
0.053999
0.054907
0.055626
0.054887
0.053063
0.053555
0.053697
0.057481
0.055452
0.058898
0.055256
0.056500
0.056885
0.068708
0.058381
0.058490
0.054841
0.057067
0.058164
0.054697
0.054912
0.055178
0.054264
0.054186
0.055332
0.055605
0.055565
0.055274
0.055175
0.055770
0.055546
0.055846
0.055374
0.057326
0.055439
0.054114
0.054552
0.055379
0.054828
0.056548
0.054620
0.054889
0.054824
0.055293
0.056283
0.057221
0.055104
0.055216
0.054649
0.056013
0.056382
0.055902
0.054533
0.055125
0.057296
0.063948
0.056592
0.066367
0.054306
0.054410
0.054460
0.055007
0.055398
0.055905
0.053933
0.054044
0.054931
0.055086
0.055176
0.055972
0.054460
0.054542
0.054974
0.054801
0.055540
0.056705
0.054733
0.055187
0.055225
0.055528
0.054791
0.055813
0.055233
0.054399
0.054310
0.055077
0.055968
0.056599
0.055014
0.054131
0.055067
0.055400
0.055929
0.057506
0.055200
0.055344
0.054332
0.055888
0.056436
0.056267
0.054045
0.054707
0.055611
0.055541
0.055921
0.056518
0.054465
0.054815
0.065346
0.055885
0.055778
0.056151
0.053771
0.055490
0.055323
0.055014
0.055304
0.055892
0.054316
0.054713
0.054971
0.055079
0.055290
0.056760
0.055043
0.055917
0.055772
0.055935
0.054895
0.056739
0.055534
0.057567
0.055574
0.055599
0.054897
0.056865
0.054619
0.054159
0.055144
0.055539
0.055487
0.056771
0.054772
0.054885
0.054272
0.054659
0.056311
0.055973
0.056900
0.059714
0.054962
0.056430
0.056416
0.056414
0.055423
0.059864
0.055450
0.055945
0.080038
0.057263
0.058425
0.054504
0.055840
0.054470
0.053900
0.054722
0.053140
0.053587
0.053587
0.054120
0.053870
0.055044
0.053059
0.053988
0.054458
0.054667
0.054207
0.054294
0.053913
0.053294
0.053609
0.054901
0.055061
0.054399
0.054022
0.053120
0.053924
0.054318
0.055467
0.056480
0.054274
0.054401
0.055136
0.053994
0.056769
0.054922
0.052911
0.053970
0.053346
0.053754
0.054524
0.054842
0.053517
0.053774
0.053923
0.054443
0.060025
0.055751
0.052879
0.053206
0.054387
0.053853
0.053876
0.055616
0.063245
0.053469
0.053483
0.053722
0.053779
0.054544
0.052886
0.053250
0.053588
0.053838
0.054018
0.054823
0.053255
0.053383
0.053578
0.054434
0.054752
0.054847
0.053961
0.053084
0.054104
0.054310
0.055567
0.056215
0.054245
0.054411
0.053343
0.054804
0.056039
0.055325
0.053160
0.054190
0.053384
0.053857
0.054494
0.054887
0.053559
0.053765
0.054521
0.055274
0.055173
0.055498
0.052816
0.054195
0.055206
0.054566
0.055561
0.055620
0.053343
0.054211
0.055865
0.053600
0.054423
0.055413
0.053489
0.053809
0.063791
0.054047
0.053971
0.055842
0.054016
0.053585
0.053627
0.054312
0.054556
0.054972
0.053240
0.053330
0.056152
0.053911
0.054688
0.057034
0.054372
0.054471
0.054187
0.053749
0.054914
0.055567
0.053976
0.056517
0.053525
0.054028
0.055083
0.054818
0.053656
0.053923
0.054201
0.054600
0.054797
0.055488
0.055027
0.057678
0.054456
0.053905
0.053963
0.055653
0.052837
0.053285
0.054455
0.053757
0.054452
0.055410
0.054432
0.055809
0.055635
0.055906
0.055392
0.055880
0.055003
0.054865
0.063653
0.054027
0.054356
0.054784
0.052856
0.053173
0.053360
0.053741
0.054219
0.054767
0.052997
0.053204
0.053621
0.053858
0.055374
0.055037
0.053034
0.054362
0.054129
0.054572
0.054367
0.054880
0.053487
0.053811
0.054469
0.055518
0.055545
0.055125
0.052953
0.054323
0.055706
0.054896
0.056741
0.058941
0.053930
0.054081
0.053972
0.053735
0.055262
0.055362
0.053576
0.053918
0.054211
0.053772
0.054393
0.054718
0.054089
0.053301
0.053235
0.054511
0.055817
0.055532
0.063153
0.053328
0.053534
0.053907
0.054975
0.055715
0.053780
0.053630
0.055850
0.053905
0.054666
0.055104
0.052949
0.053332
0.053740
0.054523
0.054864
0.054888
0.053675
0.053920
0.054067
0.054625
0.055470
0.055183
0.053680
0.054328
0.054935
0.053919
0.054488
0.055465
0.053567
0.053970
0.054275
0.054554
0.054986
0.055578
0.054102
0.054753
0.054621
0.054096
0.055211
0.055855
0.054561
0.053352
0.053617
0.054347
0.055149
0.055683
0.053793
0.053875
0.063996
0.054141
0.054916
0.056107
0.053782
0.053344
0.056184
0.053898
0.054829
0.055005
0.052875
0.053210
0.053648
0.053998
0.054307
0.054861
0.053630
0.053843
0.054114
0.054628
0.055071
0.054952
0.053576
0.055535
0.054658
0.055960
0.054338
0.055098
0.053182
0.054318
0.054186
0.054153
0.055199
0.055954
0.054004
0.054293
0.054715
0.053942
0.055119
0.056192
0.055526
0.053926
0.053520
0.055114
0.054980
0.055231
0.053855
0.054148
0.054091
0.055886
0.054792
0.055817
0.053896
0.053171
0.064620
0.054007
0.054326
0.054921
0.052917
0.053313
0.053401
0.053774
0.053810
0.054385
0.052846
0.053264
0.053292
0.053982
0.054390
0.054929
0.055062
0.054249
0.054824
0.053797
0.054041
0.056075
0.054416
0.053110
0.054417
0.054634
0.054598
0.058691
0.054523
0.055077
0.053853
0.054082
0.056531
0.054942
0.053792
0.053274
0.053335
0.054476
0.054825
0.054900
0.053454
0.053809
0.053919
0.054385
0.054761
0.055436
0.052806
0.053059
0.053994
0.053890
0.055492
0.054939
0.053057
0.053984
0.064543
0.053761
0.054289
0.054786
0.052999
0.053102
0.053617
0.054470
0.054249
0.055116
0.054051
0.054216
0.054137
0.053866
0.054019
0.055776
0.053525
0.053150
0.053898
0.054151
0.054778
0.055402
0.054149
0.054737
0.053704
0.053837
0.055549
0.055765
0.054294
0.053164
0.053511
0.054352
0.055239
0.054913
0.053747
0.053809
0.054031
0.054254
0.055520
0.055775
0.053049
0.054986
0.054525
0.056490
0.054811
0.055015
0.052682
0.054078
0.053948
0.056847
0.053941
0.055035
0.053498
0.054017
0.053999
0.064284
0.054091
0.054976
0.053248
0.053472
0.054007
0.053896
0.053801
0.054931
0.053068
0.053328
0.053390
0.054146
0.054036
0.055043
0.053465
0.053903
0.053284
0.054514
0.055468
0.055365
0.054251
0.053329
0.053550
0.055416
0.055315
0.054940
0.053198
0.054188
0.054150
0.053592
0.055170
0.055771
0.052728
0.053759
0.057052
0.055067
0.055179
0.054883
0.053123
0.064314
0.054465
0.053916
0.054213
0.055218
0.053294
0.053153
0.053738
0.054352
0.055581
0.055858
0.054852
0.053564
0.053493
0.054181
0.053983
0.055652
0.053657
0.053949
0.053326
0.054376
0.054573
0.054739
0.053426
0.053876
0.053444
0.053847
0.055083
0.055252
0.057100
0.053228
0.053760
0.055498
0.055427
0.055757
0.053253
0.054192
0.054125
0.053684
0.055090
0.055895
0.055069
0.067145
0.066601
0.054065
0.053931
0.054805
0.052903
0.053342
0.053444
0.053935
0.053796
0.054673
0.052872
0.053169
0.053617
0.053904
0.054309
0.055692
0.054167
0.053643
0.054677
0.053784
0.054084
0.056483
0.054348
0.054067
0.053518
0.054624
0.054589
0.055035
0.054253
0.056017
0.053679
0.054941
0.055971
0.054816
0.053608
0.053304
0.053250
0.054427
0.054558
0.055639
0.052650
0.053555
0.053974
0.053496
0.054353
0.055545
0.052818
0.053692
0.053775
0.054050
0.055384
0.054891
0.053030
0.054702
0.064383
0.054049
0.054378
0.054977
0.052890
0.053318
0.053653
0.058073
0.054740
0.055572
0.053617
0.053597
0.053903
0.082173
0.057005
0.061233
0.054915
0.055298
0.054824
0.056481
0.056392
0.056065
0.054576
0.054681
0.055702
0.056125
0.055316
0.055447
0.070947
0.053778
0.054035
0.055204
0.055289
0.056452
0.053499
0.054227
0.054318
0.080407
0.055617
0.056781
0.053085
0.054086
0.053496
0.053819
0.055126
0.055052
0.052761
0.054090
0.054203
0.054589
0.054140
0.055562
0.053548
0.052982
0.054696
0.065309
0.054665
0.054426
0.052921
0.053147
0.053410
0.053729
0.054101
0.054721
0.053032
0.053288
0.053309
0.053707
0.054267
0.055142
0.054075
0.054080
0.054244
0.054905
0.054459
0.054667
0.054143
0.053229
0.053558
0.055396
0.055257
0.055619
0.057096
0.054423
0.054191
0.054032
0.054544
0.054704
0.053889
0.054377
0.054089
0.054359
0.055918
0.056275
0.054402
0.056304
0.057676
0.056292
0.056242
0.059449
0.055813
0.055130
0.082816
0.055794
0.057681
0.062083
0.066919
0.055529
0.056642
0.055092
0.056705
0.061572
0.080513
0.057023
0.057395
0.058107
0.068960
0.058386
0.060748
0.055753
0.056838
0.057631
0.057334
0.069241
0.061329
0.055144
0.056354
0.057176
0.056903
0.058541
0.055348
0.056685
0.054364
0.054783
0.056378
0.056936
0.055865
0.056058
0.056204
0.056118
0.056931
0.055933
0.055776
0.056045
0.057148
0.057188
0.056356
0.057168
0.054369
0.054818
0.055690
0.055005
0.057320
0.056662
0.054332
0.054738
0.055947
0.054926
0.061669
0.056643
0.067531
0.054744
0.054858
0.055015
0.055875
0.055985
0.054153
0.054490
0.055315
0.055217
0.055908
0.055955
0.054392
0.054841
0.054983
0.055112
0.056547
0.055727
0.054771
0.054176
0.054606
0.055846
0.055805
0.055709
0.055263
0.055261
0.054478
0.055120
0.056064
0.055666
0.054771
0.054093
0.055262
0.054904
0.055849
0.056294
0.053957
0.054936
0.054574
0.055515
0.056590
0.056672
0.055424
0.055353
0.055002
0.055381
0.055946
0.057401
0.055278
0.054444
0.054777
0.055317
0.066012
0.056020
0.054107
0.054429
0.054999
0.055649
0.058307
0.055938
0.060680
0.056098
0.055614
0.055555
0.056510
0.057060
0.055075
0.056574
0.055911
0.056811
0.056676
0.057348
0.055856
0.074411
0.056705
0.056909
0.056985
0.056293
0.055368
0.055811
0.056359
0.056119
0.057235
0.056617
0.054946
0.056621
0.055697
0.055548
0.056661
0.056864
0.055295
0.054609
0.055802
0.055653
0.057478
0.059128
0.056403
0.057514
0.054977
0.056793
0.056627
0.056950
0.055482
0.065762
0.055591
0.055626
0.056146
0.056691
0.054836
0.054675
0.055037
0.054836
0.055236
0.055346
0.053825
0.054279
0.054685
0.055174
0.056046
0.055880
0.054438
0.054954
0.055349
0.054835
0.055960
0.057862
0.055548
0.053280
0.054400
0.054636
0.054230
0.055125
0.053132
0.054124
0.054019
0.053818
0.054707
0.055629
0.053989
0.053507
0.054083
0.053781
0.056052
0.056246
0.055252
0.056047
0.054956
0.054419
0.058676
0.055688
0.053763
0.053343
0.054153
0.054670
0.065043
0.054931
0.053192
0.053304
0.053631
0.053454
0.053849
0.054655
0.052847
0.053851
0.054441
0.055043
0.055658
0.054998
0.053671
0.054003
0.054207
0.053739
0.054598
0.054776
0.053589
0.053510
0.053260
0.054281
0.055353
0.055403
0.053319
0.054504
0.054383
0.055055
0.054800
0.055190
0.054091
0.053585
0.054133
0.053748
0.055919
0.056443
0.053504
0.054730
0.054944
0.054792
0.055174
0.056631
0.054668
0.054228
0.054840
0.054754
0.056084
0.055648
0.054686
0.054898
0.056495
0.054301
0.054351
0.055811
0.063456
0.053748
0.053696
0.054330
0.054099
0.055174
0.053585
0.054003
0.054644
0.055068
0.056114
0.056249
0.056195
0.054724
0.054811
0.055504
0.056792
0.056937
0.055208
0.055126
0.055594
0.055494
0.056697
0.056307
0.055612
0.054414
0.055145
0.055163
0.066312
0.056145
0.054944
0.054986
0.055034
0.054985
0.054920
0.056779
0.053995
0.054981
0.054836
0.054761
0.056035
0.055858
0.056092
0.054133
0.054908
0.054588
0.055542
0.056639
0.054443
0.054148
0.054206
0.055545
0.054724
0.056568
0.054222
0.054051
0.055009
0.054676
0.065806
0.055776
0.054058
0.054575
0.054443
0.054738
0.055502
0.056221
0.054183
0.054765
0.054865
0.055821
0.055893
0.055904
0.054714
0.054861
0.055064
0.054909
0.055544
0.055946
0.054620
0.054825
0.055600
0.055205
0.055185
0.057413
0.054322
0.056371
0.055237
0.058934
0.055910
0.055903
0.054813
0.053938
0.054966
0.055141
0.055732
0.056598
0.054579
0.054287
0.054510
0.055582
0.055145
0.056789
0.054292
0.054612
0.058739
0.055003
0.070341
0.057902
0.056261
0.067471
0.057105
0.056444
0.067123
0.069490
0.054504
0.055305
0.056104
0.056418
0.056873
0.057628
0.055945
0.056648
0.055975
0.056035
0.056105
0.057346
0.056502
0.057251
0.056927
0.056224
0.056884
0.058168
0.054736
0.057320
0.055037
0.056448
0.069513
0.056777
0.055612
0.054856
0.055860
0.055079
0.057070
0.057167
0.054684
0.054646
0.054689
0.055172
0.055358
0.056881
0.054879
0.054071
0.055060
0.054665
0.055627
0.055753
0.054625
0.054336
0.055148
0.055774
0.056110
0.056118
0.059452
0.054421
0.054867
0.055697
0.069340
0.064146
0.054345
0.054490
0.054714
0.054835
0.055496
0.057267
0.054083
0.054470
0.054571
0.055136
0.055566
0.056314
0.054207
0.054944
0.055206
0.054544
0.056073
0.055865
0.054628
0.054077
0.055009
0.055328
0.056054
0.056461
0.055172
0.054502
0.054690
0.055795
0.055696
0.057562
0.055096
0.055642
0.055326
0.055101
0.056025
0.055674
0.054457
0.055871
0.055163
0.055387
0.056594
0.056166
0.064738
0.055403
0.055120
0.055771
0.056100
0.056250
0.054680
0.054734
0.054837
0.055027
0.054912
0.056451
0.054135
0.054279
0.054523
0.055374
0.055758
0.056954
0.064177
0.055494
0.055315
0.055793
0.055982
0.055680
0.054736
0.054230
0.055164
0.059145
0.055962
0.055634
0.054512
0.054441
0.054687
0.054913
0.055344
0.056128
0.055037
0.055110
0.055077
0.054632
0.056037
0.055297
0.054589
0.054895
0.055141
0.054703
0.055969
0.056169
0.054189
0.055073
0.054821
0.056610
0.056371
0.056659
0.055069
0.054944
0.055176
0.065042
0.055379
0.055902
0.055029
0.054265
0.054730
0.054903
0.055329
0.055601
0.054083
0.054903
0.055003
0.055361
0.056428
0.056604
0.054832
0.054047
0.055059
0.056376
0.056563
0.055894
0.055263
0.054801
0.054742
0.055763
0.059454
0.057045
0.054943
0.055024
0.054436
0.055641
0.056186
0.055815
0.054563
0.054895
0.055276
0.054736
0.055373
0.055833
0.053712
0.054238
0.054389
0.056212
0.055992
0.060254
0.054275
0.056026
0.055110
0.054613
0.055624
0.057610
0.055093
0.054167
0.055626
0.054998
0.055511
0.056913
0.054548
0.055150
0.055193
0.055624
0.065748
0.055692
0.054229
0.054120
0.054496
0.054682
0.055003
0.056013
0.054026
0.054447
0.054578
0.055551
0.055217
0.056629
0.054590
0.054656
0.055035
0.056703
0.055695
0.055843
0.054642
0.055947
0.055656
0.054800
0.055812
0.056798
0.055511
0.054998
0.055145
0.055500
0.055007
0.056063
0.053988
0.054921
0.055222
0.054646
0.055564
0.056597
0.054625
0.054213
0.054835
0.055408
0.055217
0.056659
0.054357
0.055939
0.054939
0.065572
0.055573
0.056715
0.054209
0.053917
0.054297
0.054829
0.055569
0.055867
0.054126
0.054076
0.057838
0.055070
0.055434
0.064100
0.054109
0.054212
0.054751
0.055615
0.055859
0.055648
0.054794
0.056495
0.055731
0.055649
0.057011
0.058362
0.055032
0.055265
0.055469
0.056380
0.055855
0.073006
0.054539
0.056199
0.056044
0.055071
0.056107
0.058281
0.055338
0.068226
0.055478
0.056190
0.054966
0.056024
0.055182
0.055288
0.054573
0.054605
0.054842
0.056633
0.054675
0.053996
0.054848
0.054690
0.055648
0.056238
0.054903
0.054020
0.054624
0.065264
0.055392
0.056642
0.054493
0.054850
0.055039
0.055579
0.055062
0.055722
0.053814
0.054426
0.054895
0.054952
0.055373
0.056214
0.053926
0.054977
0.055684
0.055740
0.056215
0.055904
0.054966
0.054898
0.055146
0.054742
0.059360
0.055942
0.055132
0.054756
0.055545
0.054733
0.054766
0.055823
0.054802
0.055908
0.054903
0.055308
0.056276
0.067308
0.054318
0.054210
0.054556
0.056939
0.055005
0.056081
0.054199
0.054851
0.054106
0.054936
0.055392
0.056227
0.054274
0.054402
0.055466
0.055635
0.055757
0.056041
0.054725
0.054243
0.055607
0.055137
0.054888
0.055890
0.053459
0.054031
0.055269
0.056425
0.055383
0.065891
0.054762
0.055127
0.054771
0.054853
0.054818
0.056252
0.054766
0.054708
0.055196
0.054805
0.055330
0.057291
0.054836
0.054468
0.055887
0.055173
0.055787
0.055789
0.054686
0.054035
0.054899
0.056723
0.056242
0.056480
0.054325
0.054252
0.054972
0.055528
0.055953
0.057711
0.054295
0.057525
0.055739
0.055806
0.055694
0.055702
0.054477
0.054134
0.055129
0.054956
0.054954
0.065940
0.054097
0.054207
0.054816
0.054784
0.054983
0.055536
0.054067
0.054048
0.054494
0.054655
0.054955
0.055795
0.054455
0.054881
0.054893
0.054609
0.055812
0.056687
0.055045
0.055806
0.054702
0.055018
0.056270
0.056652
0.054794
0.054243
0.055045
0.054910
0.056222
0.055712
0.053671
0.054773
0.055051
0.055420
0.056138
0.057477
0.054191
0.054464
0.055548
0.056560
0.055657
0.055645
0.054386
0.054399
0.055770
0.079641
0.055178
0.056884
0.064464
0.054205
0.054682
0.055015
0.055229
0.056119
0.054366
0.055015
0.056004
0.054750
0.054890
0.056056
0.054071
0.054423
0.054617
0.058340
0.055289
0.055800
0.054740
0.054926
0.054522
0.054760
0.055783
0.056590
0.054651
0.054104
0.055193
0.054663
0.055712
0.055972
0.053770
0.054870
0.053999
0.055375
0.055896
0.057549
0.055083
0.054563
0.064792
0.055804
0.055350
0.056220
0.054091
0.054351
0.055152
0.055172
0.055229
0.055804
0.053816
0.054071
0.054620
0.054857
0.055129
0.055852
0.053705
0.055943
0.055106
0.055833
0.055599
0.056104
0.055278
0.054834
0.054741
0.055705
0.054645
0.056477
0.055151
0.056146
0.055582
0.055266
0.056582
0.056806
0.055038
0.055237
0.055163
0.054864
0.056263
0.055993
0.053824
0.055058
0.054171
0.065182
0.057424
0.055907
0.054196
0.054201
0.054265
0.054419
0.055326
0.055622
0.056733
0.054277
0.054700
0.055077
0.055603
0.056189
0.054411
0.054067
0.055099
0.055380
0.056154
0.055400
0.053864
0.054797
0.055216
0.054584
0.055788
0.055249
0.055200
0.054693
0.054808
0.054732
0.055068
0.056091
0.054891
0.057333
0.055508
0.055045
0.055069
0.057727
0.054759
0.053951
0.054875
0.055073
0.056131
0.065873
0.053997
0.054560
0.054433
0.055145
0.055774
0.055752
0.055347
0.054018
0.054355
0.054607
0.055524
0.055432
0.053979
0.054376
0.055101
0.054885
0.055497
0.055289
0.053876
0.053955
0.055244
0.056336
0.056574
0.055761
0.054034
0.055864
0.055061
0.054545
0.055880
0.055553
0.055030
0.054582
0.054545
0.055309
0.055070
0.056191
0.055014
0.055138
0.058586
0.054682
0.055275
0.055257
0.054513
0.054101
0.054987
0.054595
0.056046
0.055559
0.053878
0.054744
0.054448
0.065236
0.055593
0.055507
0.054718
0.054118
0.054376
0.054450
0.055245
0.055327
0.053941
0.054262
0.054434
0.054824
0.055279
0.056136
0.053776
0.053904
0.056910
0.055598
0.056284
0.055716
0.053880
0.054209
0.054986
0.055337
0.056093
0.056498
0.054572
0.054837
0.054222
0.054541
0.054870
0.055283
0.054857
0.055707
0.055400
0.055011
0.055016
0.055667
0.054484
0.055109
0.054971
0.055592
0.056284
0.056412
0.054087
0.054438
0.054311
0.055400
0.056184
0.057249
0.054902
0.054501
0.054249
0.055010
0.055865
0.056864
0.054587
0.064847
0.055283
0.055366
0.055775
0.059584
0.054074
0.054847
0.054623
0.054687
0.055504
0.055321
0.054021
0.054089
0.054299
0.054914
0.055883
0.055944
0.054569
0.055266
0.054366
0.054594
0.054860
0.055488
0.054677
0.054146
0.055435
0.055787
0.055298
0.055743
0.054556
0.054050
0.055010
0.055448
0.055152
0.056131
0.053882
0.054152
0.055198
0.054952
0.056200
0.055472
0.055096
0.054623
0.054344
0.054905
0.056082
0.056139
0.054605
0.055068
0.054851
0.055253
0.055501
0.066676
0.055059
0.055291
0.055092
0.055442
0.055317
0.056055
0.054386
0.054386
0.054382
0.055123
0.055557
0.055708
0.056061
0.055024
0.054904
0.055846
0.056510
0.056707
0.055165
0.054790
0.055155
0.055358
0.054768
0.055723
0.054591
0.053988
0.057839
0.054825
0.054825
0.055372
0.053738
0.054805
0.055015
0.054799
0.056598
0.057355
0.054684
0.055004
0.054360
0.054708
0.055547
0.055778
0.054590
0.054078
0.054478
0.055543
0.054751
0.056632
0.054747
0.054967
0.055272
0.065836
0.055339
0.056361
0.054289
0.054427
0.054797
0.054988
0.054928
0.055757
0.054671
0.054713
0.054665
0.055437
0.055748
0.057052
0.055327
0.054978
0.055720
0.055536
0.054793
0.056219
0.054596
0.054408
0.055020
0.054710
0.055553
0.056176
0.054925
0.054901
0.055468
0.056734
0.055359
0.057190
0.055058
0.056049
0.054725
0.054764
0.055530
0.056063
0.054643
0.054079
0.055049
0.055657
0.055323
0.055878
0.054628
0.056067
0.055325
0.056057
0.055698
0.061366
0.064285
0.054267
0.054480
0.054606
0.054960
0.055645
0.053871
0.054254
0.054215
0.054838
0.054884
0.055991
0.054378
0.054254
0.054562
0.055697
0.054939
0.055738
0.054584
0.054000
0.055000
0.055409
0.055706
0.055848
0.054573
0.054258
0.055056
0.056622
0.054823
0.056483
0.055745
0.055757
0.055368
0.054981
0.055585
0.055990
0.054624
0.054899
0.054972
0.054790
0.055174
0.055823
0.054831
0.054953
0.054264
0.055354
0.057079
0.057196
0.054130
0.054395
0.055078
0.054970
0.055485
0.055914
0.057737
0.054123
0.054890
0.055914
0.055066
0.055860
0.064481
0.054292
0.054580
0.055370
0.055525
0.055555
0.053852
0.054083
0.054432
0.054765
0.055415
0.056041
0.053889
0.054601
0.053466
0.062662
0.055464
0.054872
0.053836
0.054273
0.054035
0.053649
0.054590
0.054359
0.053604
0.053925
0.054183
0.054564
0.054756
0.055004
0.052875
0.053108
0.054105
0.053615
0.055171
0.055577
0.053598
0.053425
0.054322
0.054442
0.056358
0.056289
0.056004
0.055839
0.056095
0.053958
0.054174
0.054823
0.054108
0.053272
0.054257
0.055149
0.055197
0.054846
0.053896
0.054406
0.054229
0.055689
0.056539
0.055971
0.054622
0.054269
0.057145
0.065119
0.054316
0.054927
0.053186
0.053334
0.053668
0.053577
0.053946
0.054949
0.052825
0.053198
0.053454
0.054098
0.054013
0.055113
0.053805
0.053897
0.053500
0.054448
0.054576
0.055274
0.053610
0.053366
0.054043
0.054447
0.054610
0.055642
0.057340
0.054033
0.054647
0.055183
0.055026
0.054915
0.052952
0.053168
0.055718
0.053885
0.054569
0.054779
0.053609
0.053742
0.055161
0.053643
0.054698
0.054831
0.052952
0.053210
0.053101
0.055405
0.054033
0.055552
0.053711
0.053161
0.053287
0.053980
0.054699
0.055487
0.064220
0.053924
0.053596
0.054632
0.055299
0.059126
0.053334
0.054935
0.053754
0.053825
0.054074
0.055064
0.053177
0.053342
0.053659
0.053775
0.054597
0.054813
0.053042
0.053943
0.053249
0.054620
0.054035
0.055649
0.054025
0.052926
0.053380
0.053772
0.053708
0.054837
0.053591
0.053105
0.054076
0.054500
0.054095
0.056466
0.053621
0.054525
0.053825
0.055237
0.054690
0.055460
0.053582
0.053265
0.054054
0.056893
0.054674
0.055361
0.053640
0.054338
0.053435
0.054759
0.054336
0.055779
0.053731
0.053742
0.053502
0.053721
0.064139
0.054985
0.053049
0.053212
0.054545
0.055259
0.058055
0.054842
0.053125
0.053360
0.053677
0.054273
0.055606
0.055037
0.053422
0.053407
0.053497
0.054649
0.053922
0.054821
0.053675
0.052949
0.054241
0.054411
0.053990
0.055470
0.052954
0.054103
0.054230
0.055348
0.053754
0.055395
0.053587
0.053881
0.053169
0.053981
0.055212
0.055194
0.053642
0.054260
0.053487
0.056241
0.055371
0.057918
0.053432
0.054742
0.053408
0.054240
0.054699
0.055629
0.063107
0.053506
0.053665
0.054107
0.054284
0.055072
0.053036
0.053826
0.054158
0.054609
0.054832
0.054266
0.056250
0.053234
0.053741
0.054556
0.054140
0.054709
0.053639
0.053123
0.054143
0.054473
0.055063
0.055579
0.053013
0.053959
0.054868
0.054496
0.054209
0.054840
0.052938
0.054018
0.053215
0.053569
0.054522
0.056415
0.053644
0.053672
0.054013
0.054320
0.053862
0.054708
0.052885
0.054532
0.053379
0.054235
0.054741
0.066378
0.053778
0.054270
0.054431
0.055341
0.054169
0.056032
0.053932
0.054613
0.054982
0.055464
0.055878
0.056408
0.054526
0.054854
0.054932
0.055507
0.054828
0.055379
0.054441
0.054522
0.054940
0.055727
0.055877
0.057515
0.054373
0.054874
0.054701
0.056309
0.055024
0.056360
0.054669
0.054876
0.054195
0.054552
0.056141
0.055289
0.053730
0.054421
0.053935
0.055312
0.057201
0.055588
0.053317
0.055420
0.076773
0.054338
0.054216
0.055929
0.052962
0.052943
0.054040
0.063871
0.054278
0.054930
0.053236
0.053348
0.053454
0.053858
0.054004
0.054711
0.053070
0.053143
0.053536
0.053854
0.054082
0.055064
0.053610
0.053711
0.054139
0.054983
0.054213
0.056513
0.053529
0.053876
0.054387
0.055407
0.054509
0.055540
0.054183
0.053911
0.053130
0.053580
0.054461
0.055366
0.053660
0.054239
0.053241
0.055531
0.054555
0.055489
0.054004
0.054692
0.053464
0.054422
0.055879
0.056889
0.055290
0.053184
0.054044
0.063727
0.054372
0.055073
0.053326
0.053264
0.053391
0.055195
0.054973
0.056723
0.067036
0.053186
0.053606
0.053969
0.054045
0.055029
0.053612
0.056331
0.054488
0.054536
0.055171
0.055806
0.053042
0.053276
0.054329
0.054488
0.054050
0.054273
0.053732
0.054090
0.053556
0.053545
0.054539
0.054733
0.053636
0.054265
0.053302
0.055323
0.054858
0.055402
0.054085
0.054807
0.053486
0.054259
0.055166
0.055080
0.052584
0.063416
0.053362
0.054365
0.053956
0.054267
0.052985
0.053939
0.054155
0.054487
0.054870
0.055519
0.053601
0.053886
0.054212
0.053945
0.053685
0.054358
0.053531
0.053747
0.053979
0.054832
0.054194
0.055126
0.053570
0.053789
0.054619
0.055628
0.054331
0.054195
0.053722
0.053959
0.053166
0.053466
0.057132
0.057995
0.053570
0.053754
0.053363
0.054286
0.054170
0.054350
0.054130
0.054680
0.053429
0.054316
0.058555
0.055745
0.052740
0.052989
0.053930
0.054181
0.054616
0.055423
0.052857
0.054923
0.054114
0.054291
0.064421
0.054474
0.053089
0.053163
0.053659
0.053732
0.053914
0.054518
0.052756
0.053847
0.054465
0.053811
0.054052
0.054915
0.053463
0.053325
0.054540
0.055329
0.053927
0.055426
0.054259
0.053942
0.053306
0.053492
0.054413
0.055310
0.053612
0.054256
0.053370
0.054854
0.054538
0.055513
0.054205
0.054643
0.055676
0.054231
0.058622
0.059253
0.052801
0.053079
0.053853
0.053638
0.054689
0.055533
0.052729
0.053054
0.053485
0.054611
0.054579
0.055633
0.053745
0.053712
0.054573
0.054584
0.064039
0.054717
0.053092
0.053752
0.054574
0.054113
0.054030
0.055662
0.053830
0.065543
0.054833
0.055125
0.058538
0.055200
0.053318
0.054142
0.053401
0.053733
0.054731
0.054889
0.053774
0.053807
0.054077
0.054397
0.053948
0.055815
0.052935
0.053988
0.054145
0.054386
0.058347
0.055786
0.052864
0.053015
0.054032
0.054336
0.054729
0.055859
0.053620
0.054499
0.053896
0.053883
0.054261
0.058073
0.054515
0.054967
0.054736
0.054916
0.053878
0.054742
0.053608
0.063438
0.055501
0.056159
0.054187
0.054784
0.053121
0.053280
0.053444
0.053812
0.054172
0.054944
0.052997
0.053342
0.053443
0.053895
0.054401
0.055546
0.053515
0.053352
0.055126
0.056474
0.054566
0.055774
0.054207
0.054899
0.054355
0.055449
0.058544
0.056983
0.053933
0.054496
0.055953
0.055759
0.085930
0.060153
0.056271
0.056397
0.055845
0.056810
0.056137
0.080643
0.055827
0.055120
0.055008
0.056556
0.056277
0.059134
0.054622
0.053953
0.054549
0.054983
0.056275
0.055857
0.055973
0.054372
0.056042
0.054120
0.055699
0.055297
0.064099
0.053683
0.053514
0.053794
0.054093
0.054766
0.053315
0.053263
0.053530
0.053797
0.053807
0.054937
0.052918
0.053371
0.053975
0.053686
0.054193
0.055177
0.053640
0.053018
0.053901
0.053770
0.054642
0.055581
0.053037
0.053867
0.053988
0.053811
0.053732
0.056820
0.053558
0.054380
0.054863
0.053999
0.053918
0.055419
0.055542
0.053738
0.054258
0.055810
0.053913
0.054571
0.054115
0.053151
0.053916
0.055351
0.055421
0.056513
0.054086
0.053302
0.053421
0.058412
0.054717
0.055552
0.053732
0.054146
0.053403
0.053817
0.054816
0.055829
0.052912
0.063714
0.055055
0.053767
0.054130
0.055053
0.052893
0.053093
0.053231
0.053673
0.054581
0.054779
0.053253
0.053315
0.053498
0.054125
0.054481
0.055833
0.053718
0.053905
0.053549
0.054023
0.053933
0.054892
0.053550
0.054838
0.054263
0.055359
0.054164
0.056039
0.053478
0.054789
0.053842
0.054897
0.053918
0.056877
0.054778
0.053329
0.053242
0.053645
0.054617
0.056548
0.053724
0.054166
0.063866
0.054595
0.054710
0.055445
0.053446
0.053794
0.053487
0.054749
0.056991
0.056120
0.053832
0.054669
0.053750
0.054602
0.054358
0.055904
0.053784
0.054525
0.053982
0.054214
0.054329
0.057531
0.052799
0.056838
0.054675
0.054139
0.053852
0.054844
0.053491
0.053147
0.054214
0.054563
0.053781
0.055717
0.052735
0.053183
0.053226
0.054575
0.054654
0.055716
0.053737
0.053344
0.053519
0.053770
0.054419
0.054654
0.053716
0.054271
0.053829
0.054721
0.054549
0.064685
0.053398
0.053995
0.054174
0.054786
0.055749
0.054578
0.053075
0.053339
0.053545
0.054259
0.055622
0.055646
0.054977
0.055283
0.054499
0.053674
0.055154
0.055474
0.053646
0.055244
0.055529
0.054244
0.054297
0.054377
0.053518
0.053453
0.054163
0.054832
0.054733
0.055645
0.053962
0.053921
0.055189
0.053693
0.055038
0.055421
0.053832
0.054018
0.053590
0.053729
0.055003
0.054615
0.053597
0.053842
0.053518
0.054552
0.055091
0.055017
0.056938
0.053541
0.054558
0.055843
0.055896
0.055466
0.053522
0.053164
0.063892
0.054164
0.056338
0.056078
0.054763
0.054711
0.055025
0.053888
0.054624
0.054593
0.052949
0.053165
0.053893
0.054232
0.054761
0.075052
0.053699
0.053270
0.054064
0.054525
0.054331
0.054995
0.052754
0.053087
0.054579
0.054767
0.055221
0.056529
0.054491
0.054008
0.054306
0.054426
0.055421
0.054641
0.053657
0.054222
0.053651
0.055410
0.054990
0.057100
0.054055
0.054803
0.055166
0.055596
0.055122
0.054427
0.053609
0.053240
0.054246
0.054407
0.054530
0.055069
0.053078
0.053950
0.054162
0.063974
0.054440
0.055115
0.053145
0.054183
0.054484
0.054137
0.054176
0.055656
0.053356
0.053122
0.053310
0.054187
0.055050
0.058752
0.054254
0.054391
0.053467
0.054601
0.054577
0.055576
0.053789
0.054033
0.053423
0.053703
0.054750
0.055441
0.053494
0.054020
0.053557
0.054760
0.054593
0.054759
0.053384
0.054106
0.054027
0.055562
0.055298
0.055671
0.053177
0.054005
0.054187
0.054335
0.054504
0.055886
0.053675
0.054612
0.055994
0.055939
0.056906
0.055817
0.064608
0.054395
0.055091
0.055087
0.055352
0.055940
0.053376
0.053280
0.053331
0.053741
0.054053
0.055090
0.053132
0.053327
0.053634
0.053955
0.054719
0.055551
0.053745
0.053987
0.054091
0.053866
0.054560
0.055433
0.053587
0.054266
0.054132
0.055271
0.054613
0.055678
0.053072
0.053412
0.053972
0.055620
0.055360
0.055521
0.054307
0.053771
0.054113
0.053594
0.057543
0.055725
0.053034
0.053945
0.054113
0.054475
0.054195
0.054911
0.052793
0.053975
0.054311
0.055389
0.056183
0.060206
0.053916
0.053178
0.065198
0.055379
0.057210
0.066276
0.053337
0.053273
0.053412
0.053789
0.054226
0.054855
0.053123
0.053558
0.053541
0.053992
0.054812
0.054794
0.053900
0.053889
0.053444
0.054377
0.053828
0.055489
0.052738
0.053081
0.053955
0.055456
0.055484
0.055580
0.053984
0.053670
0.054129
0.054653
0.054726
0.056898
0.054790
0.054366
0.053360
0.054627
0.054145
0.055203
0.053899
0.053923
0.054382
0.054403
0.054919
0.055491
0.053602
0.054057
0.054118
0.064303
0.054023
0.055236
0.053095
0.053488
0.053787
0.054280
0.054284
0.056557
0.056573
0.054181
0.055127
0.056597
0.054976
0.055223
0.053901
0.054126
0.054282
0.054663
0.058781
0.056978
0.054399
0.053602
0.054250
0.054559
0.054305
0.057585
0.053796
0.053162
0.054111
0.053620
0.054716
0.055636
0.053870
0.053827
0.054032
0.054286
0.054455
0.055110
0.063088
0.053363
0.053683
0.056008
0.055327
0.056360
0.053052
0.054046
0.053418
0.053916
0.054145
0.055599
0.053969
0.054369
0.055241
0.054226
0.054781
0.056773
0.053526
0.053935
0.054350
0.054513
0.054779
0.055004
0.053602
0.053399
0.054161
0.054493
0.054593
0.054956
0.054295
0.053474
0.054373
0.055641
0.054541
0.055541
0.052770
0.053879
0.054020
0.053581
0.054571
0.055811
0.053648
0.056612
0.055164
0.054619
0.055621
0.056928
0.053737
0.053155
0.053664
0.067116
0.054251
0.055227
0.053284
0.053211
0.053498
0.053890
0.054063
0.054931
0.053159
0.053174
0.053268
0.054308
0.054769
0.055179
0.053377
0.054108
0.053480
0.054440
0.054554
0.054905
0.053615
0.053114
0.054271
0.053861
0.054700
0.054882
0.053599
0.053492
0.054162
0.054940
0.054358
0.055655
0.052735
0.054015
0.054031
0.053834
0.054536
0.056268
0.053820
0.054479
0.053543
0.054059
0.055384
0.055235
0.054229
0.054826
0.054037
0.054399
0.064199
0.054717
0.053040
0.053486
0.053354
0.054286
0.055234
0.054960
0.054065
0.053238
0.053262
0.055098
0.055509
0.056753
0.053180
0.054084
0.053438
0.054353
0.054818
0.054755
0.053624
0.053895
0.054578
0.055028
0.054611
0.055173
0.054400
0.054548
0.057669
0.054722
0.054667
0.054906
0.052856
0.053920
0.054028
0.054992
0.055188
0.056353
0.054424
0.054064
0.053681
0.053979
0.054867
0.055761
0.053255
0.063591
0.053591
0.053831
0.054260
0.054667
0.052878
0.053272
0.053398
0.053684
0.054287
0.055304
0.053327
0.053775
0.054343
0.055017
0.054793
0.056186
0.053894
0.053297
0.053339
0.054386
0.054863
0.055174
0.053686
0.074213
0.054148
0.054600
0.055032
0.055721
0.053607
0.053133
0.054168
0.054520
0.054514
0.056576
0.054755
0.053871
0.053855
0.053621
0.054916
0.056144
0.054426
0.053957
0.054776
0.054744
0.055601
0.055029
0.054314
0.054545
0.053603
0.054323
0.053942
0.054933
0.053446
0.053525
0.054035
0.064703
0.055339
0.054686
0.053809
0.057291
0.053643
0.053871
0.054398
0.054342
0.052955
0.053207
0.053350
0.053856
0.054491
0.055152
0.053680
0.053824
0.054130
0.054728
0.054631
0.055026
0.053507
0.053322
0.054123
0.054455
0.054839
0.054777
0.052606
0.053085
0.053967
0.054228
0.068562
0.056037
0.054992
0.055597
0.054057
0.054998
0.054872
0.054729
0.054348
0.054187
0.054153
0.056951
0.054594
0.055155
0.053871
0.053354
0.054461
0.054531
0.055855
0.056218
0.053544
0.054012
0.053860
0.053754
0.055228
0.055731
0.053716
0.064630
0.053283
0.053966
0.054009
0.054337
0.053129
0.053069
0.053491
0.053956
0.055178
0.055464
0.053592
0.053947
0.054421
0.054585
0.054938
0.054938
0.052787
0.053077
0.053912
0.054354
0.054628
0.056240
0.055876
0.057436
0.054439
0.054514
0.054648
0.054950
0.053811
0.054038
0.054100
0.053905
0.054068
0.054799
0.053616
0.052995
0.055469
0.055527
0.054804
0.055738
0.052747
0.053767
0.054091
0.053792
0.054696
0.055636
0.053133
0.052971
0.053431
0.053610
0.054383
0.054846
0.053878
0.054442
0.064667
0.054035
0.054246
0.055151
0.053678
0.054057
0.054385
0.054669
0.055059
0.054910
0.052816
0.053095
0.053278
0.054439
0.054141
0.055529
0.054805
0.053268
0.053200
0.054604
0.055338
0.056389
0.054456
0.054599
0.054368
0.054775
0.053777
0.054790
0.053587
0.053580
0.054051
0.055383
0.054586
0.055774
0.052692
0.054029
0.054750
0.055276
0.054973
0.056425
0.053669
0.053247
0.053282
0.054425
0.054483
0.055417
0.056614
0.054013
0.054316
0.054560
0.053972
0.055462
0.053521
0.053921
0.063793
0.054048
0.054040
0.054423
0.052855
0.053151
0.053309
0.053690
0.053965
0.054234
0.053159
0.053478
0.053434
0.053725
0.054052
0.055649
0.053912
0.054240
0.054038
0.053905
0.054547
0.054661
0.052672
0.053505
0.054218
0.055110
0.055962
0.055737
0.053587
0.053329
0.054789
0.055096
0.054926
0.055872
0.053363
0.053197
0.053102
0.054277
0.053804
0.055214
0.053608
0.054252
0.054940
0.054625
0.054693
0.054488
0.054182
0.055131
0.054481
0.054831
0.054673
0.054519
0.052598
0.053696
0.053841
0.055341
0.055102
0.064615
0.053335
0.053685
0.053606
0.053605
0.054412
0.055486
0.056336
0.053276
0.053427
0.053995
0.054252
0.057088
0.053152
0.053508
0.055376
0.055529
0.059266
0.056070
0.053751
0.053119
0.054457
0.054616
0.055288
0.055629
0.053650
0.053512
0.053250
0.054453
0.054902
0.054792
0.053740
0.054496
0.055408
0.054737
0.055124
0.054779
0.054369
0.054747
0.054755
0.054998
0.055983
0.054490
0.052913
0.053797
0.054002
0.054357
0.055542
0.055698
0.054040
0.053448
0.054010
0.054283
0.055696
0.054718
0.054633
0.053608
0.054908
0.064558
0.054453
0.054298
0.054624
0.057271
0.053446
0.053806
0.054428
0.054532
0.052973
0.053206
0.054314
0.055090
0.055796
0.057437
0.053636
0.053253
0.054079
0.053590
0.054155
0.055038
0.053684
0.054577
0.055045
0.053935
0.055075
0.055348
0.053460
0.053484
0.055006
0.054181
0.058762
0.055414
0.053616
0.053067
0.053203
0.053692
0.054942
0.055563
0.053703
0.053235
0.053934
0.053734
0.054637
0.055297
0.054500
0.053589
0.055048
0.054189
0.064752
0.054948
0.053088
0.053487
0.053591
0.054367
0.055480
0.054971
0.052974
0.053619
0.053731
0.053878
0.054511
0.055144
0.053126
0.053201
0.054094
0.055944
0.055999
0.054943
0.053690
0.053777
0.054062
0.053899
0.055145
0.054754
0.052928
0.053958
0.053992
0.054543
0.054874
0.054457
0.053603
0.053871
0.053186
0.053965
0.054944
0.056288
0.054467
0.053255
0.053968
0.054142
0.054835
0.055933
0.054479
0.054452
0.055155
0.054325
0.055044
0.055713
0.052697
0.053491
0.054181
0.066532
0.055300
0.054962
0.053040
0.053684
0.057423
0.054340
0.055162
0.055293
0.053779
0.053772
0.053479
0.053846
0.054514
0.055054
0.053706
0.053786
0.054075
0.053834
0.054942
0.054708
0.052935
0.054041
0.054244
0.054503
0.054825
0.054412
0.054781
0.053774
0.053366
0.053671
0.055078
0.054357
0.053649
0.053239
0.053985
0.053632
0.054189
0.055118
0.053681
0.054090
0.053989
0.054012
0.055033
0.055048
0.052727
0.053366
0.054129
0.054097
0.056176
0.065288
0.053268
0.053944
0.054185
0.054254
0.055176
0.055328
0.054079
0.053760
0.053287
0.053986
0.054651
0.055363
0.053123
0.053719
0.055055
0.053981
0.055396
0.055582
0.053557
0.054306
0.054583
0.055229
0.056461
0.055432
0.052814
0.053923
0.053430
0.054027
0.055139
0.055185
0.054397
0.056612
0.054621
0.054333
0.055406
0.056058
0.054139
0.054865
0.055070
0.054539
0.054436
0.054951
0.052806
0.053127
0.054122
0.053707
0.055085
0.054989
0.053537
0.063373
0.053628
0.054080
0.054661
0.054753
0.053883
0.053845
0.053290
0.054057
0.054459
0.054643
0.053160
0.053842
0.054448
0.054172
0.055392
0.055103
0.054475
0.054232
0.057134
0.056395
0.055223
0.058359
0.052808
0.053875
0.053286
0.054094
0.055096
0.055212
0.054486
0.053450
0.054316
0.054299
0.055383
0.055949
0.054035
0.054767
0.054254
0.054389
0.054140
0.054668
0.052746
0.053459
0.054151
0.054008
0.055539
0.054974
0.053901
0.053804
0.054819
0.054026
0.065759
0.055598
0.055203
0.053917
0.053424
0.053565
0.054034
0.057237
0.053253
0.053244
0.053643
0.055631
0.053912
0.057539
0.053373
0.053198
0.054159
0.054660
0.054194
0.055050
0.052904
0.053843
0.054398
0.054679
0.055793
0.054799
0.053620
0.053241
0.053904
0.055636
0.056380
0.057782
0.054062
0.054898
0.054218
0.054091
0.054038
0.055482
0.053455
0.053447
0.054076
0.054084
0.055832
0.054935
0.054067
0.053734
0.054860
0.053998
0.054712
0.065421
0.053573
0.053627
0.053707
0.053772
0.054278
0.054668
0.053300
0.055665
0.054314
0.054628
0.054880
0.054474
0.053240
0.053541
0.053312
0.055615
0.055385
0.055393
0.052906
0.053839
0.053385
0.054486
0.055436
0.055444
0.052762
0.053362
0.054184
0.053746
0.054946
0.054535
0.053529
0.054595
0.054493
0.054805
0.057188
0.055430
0.053558
0.053073
0.054176
0.054398
0.055400
0.055754
0.053942
0.053886
0.055114
0.054023
0.055412
0.055231
0.063241
0.053333
0.053494
0.053781
0.054257
0.054450
0.052936
0.053373
0.053366
0.053815
0.054139
0.054407
0.053144
0.053737
0.053708
0.055253
0.055251
0.054446
0.052688
0.053032
0.054153
0.053936
0.055254
0.055621
0.055087
0.054058
0.054573
0.054904
0.055620
0.054844
0.054206
0.053413
0.054187
0.054428
0.054083
0.054612
0.052787
0.054021
0.054040
0.053682
0.054402
0.054511
0.053760
0.053830
0.054008
0.064066
0.054285
0.055169
0.053622
0.053362
0.053397
0.053606
0.054095
0.054487
0.052840
0.053470
0.054290
0.054761
0.054734
0.055395
0.054696
0.053740
0.055027
0.058041
0.056828
0.057159
0.054230
0.054683
0.055320
0.056318
0.056816
0.055739
0.053472
0.053564
0.054672
0.055117
0.054824
0.054971
0.053035
0.053388
0.054747
0.054690
0.054056
0.055040
0.052918
0.053739
0.053892
0.053608
0.054216
0.055180
0.053732
0.053796
0.054028
0.065470
0.054421
0.054988
0.053205
0.053284
0.053627
0.053689
0.054285
0.054797
0.052952
0.053256
0.053441
0.054199
0.054355
0.054977
0.053972
0.053723
0.054548
0.054813
0.055030
0.055604
0.052798
0.053568
0.054133
0.053614
0.054550
0.055150
0.054498
0.055282
0.054128
0.054171
0.054667
0.055386
0.053902
0.053979
0.054504
0.054362
0.053573
0.055015
0.053600
0.052951
0.055589
0.053980
0.055589
0.056971
0.053740
0.057343
0.054264
0.053812
0.054880
0.054866
0.063411
0.053370
0.053598
0.053661
0.054649
0.054574
0.052831
0.053024
0.053427
0.054074
0.054325
0.054838
0.054165
0.053539
0.053555
0.053783
0.055359
0.055521
0.052866
0.053064
0.054100
0.053600
0.054938
0.054214
0.053617
0.054291
0.054114
0.053636
0.054995
0.054745
0.053268
0.054006
0.054521
0.054368
0.053893
0.054518
0.053544
0.052966
0.053895
0.053954
0.055696
0.056340
0.053764
0.053609
0.054109
0.056771
0.054422
0.056183
0.054037
0.053017
0.053335
0.053903
0.054619
0.064691
0.053052
0.053630
0.054388
0.054927
0.054391
0.054964
0.054020
0.053667
0.054045
0.054755
0.067642
0.057780
0.053107
0.053979
0.054212
0.053818
0.055478
0.055021
0.057714
0.054329
0.054293
0.056684
0.056319
0.054939
0.053074
0.054154
0.054337
0.053551
0.053992
0.054704
0.053527
0.053814
0.053898
0.053552
0.054849
0.055826
0.053651
0.053626
0.054296
0.054170
0.054523
0.056222
0.054087
0.053100
0.053266
0.053865
0.054772
0.054851
0.053515
0.053404
0.054535
0.064969
0.054795
0.054523
0.053082
0.053245
0.053576
0.053889
0.054591
0.054910
0.052969
0.053217
0.053418
0.053790
0.054336
0.055042
0.053741
0.054373
0.054121
0.054307
0.056371
0.054853
0.053245
0.055188
0.054547
0.053701
0.054029
0.055067
0.053519
0.053768
0.053962
0.053955
0.055358
0.056345
0.054814
0.053009
0.054243
0.053845
0.054118
0.055405
0.053808
0.053035
0.053304
0.053607
0.063860
0.055679
0.053533
0.053106
0.054045
0.054694
0.055543
0.054458
0.053833
0.053273
0.053186
0.054419
0.055222
0.054740
0.052778
0.063521
0.053764
0.053851
0.054254
0.054150
0.052988
0.053406
0.053458
0.054263
0.055270
0.055012
0.053351
0.054220
0.054051
0.054083
0.054036
0.054625
0.053596
0.053725
0.053899
0.053974
0.054806
0.056484
0.053791
0.053047
0.055102
0.054148
0.054524
0.056261
0.054195
0.053173
0.053274
0.054009
0.054857
0.055491
0.053500
0.053352
0.054010
0.056887
0.055451
0.055327
0.053919
0.053212
0.053257
0.054647
0.055212
0.064766
0.052877
0.053150
0.053712
0.053595
0.054297
0.054597
0.053143
0.053630
0.053391
0.053600
0.054598
0.057847
0.066987
0.056293
0.055945
0.058961
0.056310
0.058099
0.055293
0.063753
0.055846
0.056211
0.056041
0.058059
0.056223
0.055115
0.057554
0.055438
0.055936
0.057944
0.056278
0.054964
0.055412
0.055765
0.057527
0.057664
0.054287
0.053720
0.053808
0.055173
0.055564
0.055133
0.065616
0.055931
0.053861
0.054859
0.054890
0.054992
0.052855
0.053534
0.054042
0.054424
0.056223
0.066007
0.054189
0.053654
0.053649
0.053697
0.053987
0.054559
0.053056
0.053299
0.053402
0.053752
0.054112
0.054999
0.053013
0.054727
0.054294
0.054025
0.055035
0.056629
0.053755
0.053875
0.053842
0.054095
0.055018
0.055963
0.053965
0.052987
0.054002
0.054090
0.053937
0.056408
0.053565
0.053329
0.054053
0.055399
0.055089
0.054880
0.053297
0.057082
0.054522
0.055427
0.055661
0.054375
0.053394
0.054247
0.055186
0.055478
0.055298
0.054776
0.052889
0.053894
0.054232
0.053580
0.054430
0.064562
0.053195
0.053369
0.053550
0.053524
0.054004
0.054163
0.052840
0.053114
0.053697
0.053759
0.054349
0.054684
0.053170
0.053491
0.053638
0.053643
0.055394
0.055035
0.053659
0.053011
0.053416
0.053825
0.054151
0.055106
0.053723
0.053344
0.054018
0.055562
0.055097
0.055084
0.053213
0.053486
0.053933
0.055177
0.055332
0.054388
0.053307
0.053455
0.053108
0.055301
0.055062
0.054611
0.053680
0.054892
0.054086
0.054369
0.054341
0.054841
0.053558
0.054547
0.054361
0.053612
0.064513
0.054878
0.052979
0.054061
0.053650
0.054003
0.054811
0.055756
0.056051
0.054470
0.054042
0.054422
0.054647
0.055310
0.053556
0.053090
0.054059
0.054274
0.054012
0.055962
0.053868
0.053161
0.053448
0.054763
0.055521
0.054377
0.052930
0.053082
0.054028
0.054444
0.055181
0.054342
0.052955
0.053211
0.053297
0.055424
0.055078
0.055081
0.053576
0.054997
0.054171
0.054384
0.054560
0.054748
0.053559
0.054727
0.054357
0.063862
0.054362
0.054718
0.052972
0.053221
0.053408
0.053966
0.054840
0.055177
0.053163
0.054148
0.053981
0.054400
0.054755
0.055080
0.054081
0.053092
0.053942
0.054113
0.054193
0.056076
0.053739
0.053256
0.054068
0.055622
0.055103
0.055039
0.053232
0.053462
0.053960
0.055206
0.055717
0.054279
0.053420
0.053461
0.053298
0.055379
0.058028
0.054765
0.052840
0.053945
0.054116
0.053685
0.054209
0.054248
0.053636
0.053864
0.053997
0.053559
0.054310
0.054354
0.052725
0.063604
0.053618
0.053581
0.053995
0.054400
0.053055
0.053918
0.054016
0.054164
0.054374
0.055195
0.053437
0.053433
0.054060
0.054823
0.054156
0.055971
0.053612
0.053337
0.053989
0.055546
0.054984
0.054402
0.053371
0.053458
0.054019
0.055377
0.055354
0.054474
0.053314
0.053552
0.053298
0.055313
0.054825
0.054505
0.053535
0.054969
0.054105
0.054325
0.054455
0.054614
0.053627
0.054578
0.054336
0.053669
0.054500
0.054762
0.053792
0.055896
0.059431
0.055394
0.056882
0.066581
0.057439
0.055418
0.065691
0.054858
0.055233
0.055430
0.054097
0.057123
0.054772
0.054797
0.055298
0.055416
0.054075
0.054114
0.054513
0.055030
0.055717
0.055318
0.054013
0.054107
0.055099
0.055482
0.056216
0.055232
0.054060
0.054428
0.054423
0.056448
0.055896
0.055554
0.054696
0.055984
0.055142
0.055335
0.055384
0.056176
0.054541
0.055748
0.055457
0.054463
0.055482
0.055746
0.053688
0.055805
0.055137
0.054904
0.055910
0.057656
0.054697
0.054772
0.054671
0.055049
0.065909
0.056314
0.054672
0.054180
0.054896
0.060026
0.055629
0.055909
0.054048
0.054025
0.054388
0.054915
0.055477
0.055922
0.054841
0.053156
0.054081
0.054466
0.055115
0.054859
0.053215
0.053474
0.053313
0.055444
0.054603
0.055110
0.053619
0.055189
0.054099
0.054454
0.054846
0.059325
0.053676
0.054544
0.054419
0.053619
0.053974
0.054384
0.052770
0.053822
0.054132
0.053667
0.054089
0.055152
0.053827
0.053076
0.053321
0.053712
0.054950
0.055383
0.053690
0.053055
0.053587
0.054200
0.054111
0.065350
0.053374
0.053551
0.054434
0.054927
0.054745
0.055527
0.053641
0.053601
0.053430
0.054320
0.054942
0.054631
0.054232
0.054438
0.054632
0.054495
0.055265
0.054313
0.052848
0.054037
0.054182
0.053672
0.054229
0.054344
0.053607
0.053869
0.054115
0.053705
0.054662
0.054761
0.052753
0.054819
0.054188
0.054052
0.054849
0.056063
0.053775
0.053899
0.053643
0.053993
0.055017
0.055714
0.054029
0.052991
0.053892
0.054103
0.054008
0.065262
0.053323
0.053420
0.054115
0.058538
0.054427
0.055474
0.053511
0.053672
0.053595
0.054608
0.054886
0.054456
0.052976
0.053386
0.053328
0.054572
0.055048
0.054168
0.052783
0.054024
0.054124
0.053588
0.054396
0.054304
0.053575
0.053717
0.054122
0.054766
0.054226
0.054375
0.052918
0.067319
0.055248
0.053708
0.053813
0.055201
0.053684
0.052914
0.053295
0.063931
0.054477
0.054689
0.053156
0.053037
0.053756
0.053959
0.054330
0.055278
0.052918
0.053313
0.054107
0.054686
0.054692
0.055183
0.053343
0.053566
0.054050
0.055271
0.055326
0.054785
0.052845
0.053048
0.053264
0.055445
0.055075
0.055045
0.053609
0.055149
0.054221
0.054463
0.054872
0.066768
0.053261
0.054118
0.053930
0.053571
0.054573
0.055150
0.052900
0.056007
0.053569
0.053730
0.054774
0.055188
0.053348
0.053866
0.053693
0.053791
0.055101
0.055214
0.054689
0.053111
0.053215
0.053738
0.054438
0.055714
0.053702
0.052962
0.053349
0.057181
0.059671
0.056278
0.052944
0.053039
0.053884
0.054373
0.055589
0.054190
0.053320
0.053450
0.053101
0.055331
0.064850
0.055074
0.053619
0.054361
0.053565
0.054345
0.054781
0.055112
0.052939
0.053881
0.053428
0.053745
0.054819
0.055785
0.053315
0.054889
0.053926
0.054095
0.055255
0.056762
0.053805
0.054072
0.053841
0.054054
0.055196
0.055788
0.053981
0.053101
0.053829
0.054063
0.054515
0.055806
0.053774
0.054033
0.055040
0.059458
0.055250
0.055070
0.053458
0.053845
0.065180
0.054932
0.054639
0.059520
0.053748
0.055022
0.054914
0.053745
0.054496
0.054333
0.052992
0.053390
0.053490
0.053960
0.054780
0.054366
0.053674
0.053879
0.054048
0.053618
0.054086
0.054820
0.052873
0.054856
0.054053
0.053980
0.054941
0.056159
0.053700
0.053827
0.053608
0.053948
0.055016
0.055911
0.053955
0.053027
0.053795
0.053754
0.053859
0.055939
0.053773
0.053364
0.053913
0.055469
0.055112
0.054968
0.053243
0.053457
0.053857
0.064652
0.054883
0.054398
0.053455
0.053500
0.053278
0.053680
0.054407
0.054230
0.053658
0.053945
0.053489
0.054921
0.055087
0.055108
0.053742
0.054735
0.055520
0.053656
0.054152
0.054947
0.052789
0.054801
0.054054
0.054017
0.054397
0.055706
0.053652
0.053032
0.053471
0.056344
0.054879
0.054947
0.053958
0.052960
0.053899
0.054063
0.054184
0.055590
0.053763
0.053044
0.054219
0.055543
0.055196
0.055089
0.053257
0.053481
0.053889
0.055249
0.054886
0.054348
0.052795
0.063520
0.053537
0.054589
0.054052
0.054574
0.052885
0.053304
0.053418
0.053601
0.054586
0.054379
0.052807
0.053798
0.053810
0.053934
0.054308
0.054558
0.052801
0.054833
0.054025
0.053956
0.054822
0.056574
0.053679
0.053842
0.053727
0.054127
0.055222
0.054852
0.053915
0.053024
0.054740
0.053990
0.055687
0.055423
0.053647
0.053053
0.053396
0.054553
0.055178
0.054572
0.052853
0.053039
0.053980
0.054334
0.054821
0.064654
0.053607
0.053552
0.053399
0.054390
0.054259
0.054749
0.053622
0.057080
0.053674
0.054674
0.055108
0.055080
0.053472
0.054081
0.054499
0.053900
0.053790
0.054401
0.052768
0.053880
0.054097
0.053515
0.054099
0.055279
0.053703
0.052984
0.053519
0.053716
0.055212
0.054928
0.053667
0.053087
0.053784
0.054138
0.053724
0.056033
0.063266
0.053450
0.054134
0.054660
0.054302
0.054922
0.053389
0.053447
0.053319
0.054585
0.054760
0.054714
0.054013
0.053375
0.053612
0.054447
0.055004
0.054231
0.052879
0.054003
0.054075
0.053604
0.054324
0.054799
0.053527
0.053913
0.054126
0.053570
0.054499
0.054656
0.052726
0.054625
0.054590
0.055030
0.054682
0.056538
0.053738
0.063987
0.053975
0.054086
0.054230
0.055065
0.053435
0.053023
0.053260
0.053560
0.054498
0.057966
0.052824
0.053185
0.053626
0.054183
0.055222
0.054723
0.053096
0.053082
0.054223
0.054567
0.054910
0.054271
0.052777
0.053154
0.053511
0.055475
0.055007
0.054552
0.053648
0.054988
0.054109
0.054368
0.054474
0.054609
0.053532
0.054908
0.054432
0.055682
0.054662
0.054807
0.052718
0.053811
0.054182
0.053608
0.054143
0.055165
0.053731
0.052948
0.053456
0.067374
0.054152
0.054323
0.053131
0.053025
0.053226
0.053570
0.053997
0.054873
0.053082
0.053278
0.053984
0.054696
0.054414
0.055138
0.053366
0.053383
0.053944
0.055251
0.055237
0.054209
0.053252
0.053531
0.053283
0.055337
0.054921
0.055082
0.053708
0.054939
0.054148
0.054392
0.054403
0.054683
0.053638
0.054677
0.054397
0.056274
0.055017
0.055144
0.052775
0.053685
0.054146
0.053610
0.053822
0.054973
0.053726
0.052884
0.053276
0.053590
0.054630
0.064570
0.054388
0.053127
0.053287
0.053734
0.054081
0.054738
0.053044
0.053020
0.053295
0.053952
0.054728
0.054908
0.053215
0.053233
0.054107
0.054675
0.055738
0.054299
0.053388
0.053427
0.053198
0.055449
0.055080
0.055136
0.053701
0.054866
0.054122
0.054356
0.054941
0.055245
0.053552
0.054627
0.054359
0.053554
0.054656
0.054752
0.052712
0.054719
0.054217
0.053920
0.054950
0.056079
0.053715
0.053705
0.053712
0.054136
0.054944
0.055887
0.053946
0.053039
0.053734
0.064329
0.053882
0.055209
0.053256
0.053514
0.053987
0.054734
0.054466
0.055455
0.053465
0.056999
0.053798
0.055347
0.054161
0.055043
0.052797
0.053107
0.053126
0.054414
0.055111
0.054780
0.052825
0.054023
0.054133
0.053576
0.054324
0.054336
0.053555
0.053744
0.054353
0.053547
0.054218
0.054852
0.052766
0.054729
0.054052
0.054032
0.055069
0.056114
0.053621
0.053913
0.053686
0.054072
0.054897
0.055716
0.053987
0.053032
0.053773
0.054146
0.054113
0.056508
0.053773
0.053379
0.064261
0.055054
0.054634
0.055050
0.053584
0.053670
0.053493
0.054681
0.054453
0.054256
0.052841
0.053247
0.053616
0.054467
0.054655
0.055159
0.056218
0.055053
0.054134
0.054525
0.054467
0.054789
0.055170
0.053696
0.054495
0.053804
0.054873
0.054837
0.052907
0.054791
0.054144
0.053698
0.054262
0.058042
0.053871
0.053070
0.053273
0.053720
0.055006
0.055729
0.053711
0.053030
0.053224
0.053850
0.054116
0.055005
0.053764
0.053137
0.053375
0.054619
0.055117
0.055456
0.053246
0.053493
0.054052
0.057115
0.056823
0.054789
0.053299
0.053481
0.063872
0.054627
0.054499
0.055069
0.053663
0.054289
0.053473
0.054364
0.054836
0.055281
0.053114
0.054014
0.053961
0.054134
0.054562
0.055202
0.052900
0.054858
0.054091
0.053983
0.054598
0.056748
0.053677
0.053060
0.053786
0.054044
0.056137
0.055523
0.053675
0.053021
0.053145
0.053734
0.053699
0.055615
0.053624
0.052949
0.053174
0.054524
0.054730
0.054730
0.052960
0.053499
0.053883
0.055207
0.054885
0.054805
0.053253
0.053480
0.053207
0.055367
0.057945
0.055141
0.053576
0.064545
0.053837
0.054339
0.054745
0.054289
0.052938
0.053218
0.053652
0.053663
0.053840
0.054893
0.053007
0.053252
0.053472
0.054135
0.053992
0.055116
0.053769
0.053046
0.053425
0.054068
0.055020
0.056529
0.054034
0.053110
0.053848
0.054164
0.053669
0.056532
0.053820
0.053258
0.053943
0.055678
0.054705
0.055489
0.053228
0.053408
0.054018
0.056049
0.054976
0.054831
0.052673
0.053131
0.053190
0.054396
0.054575
0.054659
0.052853
0.053945
0.054137
0.053492
0.053810
0.054674
0.053535
0.054695
0.054547
0.053596
0.054391
0.055481
0.052674
0.054598
0.054327
0.064460
0.056134
0.057252
0.055200
0.054577
0.055228
0.055235
0.056296
0.056861
0.055232
0.054965
0.058498
0.055679
0.056239
0.056767
0.055762
0.054455
0.054903
0.056126
0.056276
0.056313
0.054590
0.054292
0.055536
0.055801
0.056058
0.056039
0.055680
0.054437
0.055046
0.055782
0.056054
0.069015
0.054645
0.055534
0.055922
0.054668
0.055604
0.058346
0.067475
0.055776
0.054779
0.054110
0.054428
0.055289
0.052898
0.054187
0.054793
0.053756
0.054480
0.055397
0.053985
0.053023
0.053471
0.053619
0.054953
0.054905
0.053656
0.052998
0.053279
0.053524
0.064121
0.054895
0.053152
0.053012
0.053366
0.053830
0.054375
0.055547
0.053485
0.053489
0.053367
0.054704
0.054699
0.054922
0.053567
0.053534
0.053262
0.056569
0.054793
0.054566
0.053718
0.054908
0.054080
0.053645
0.054555
0.055082
0.053508
0.058113
0.054347
0.053672
0.053981
0.054915
0.052848
0.053769
0.054231
0.053680
0.054128
0.055771
0.053808
0.053045
0.053415
0.053705
0.054926
0.056679
0.054691
0.055126
0.053238
0.053825
0.054249
0.055015
0.053598
0.053197
0.053268
0.054554
0.055171
0.054208
0.052752
0.063349
0.053520
0.053717
0.054123
0.054007
0.053312
0.053728
0.053479
0.054273
0.054152
0.054733
0.053724
0.053929
0.053842
0.054628
0.054558
0.054515
0.053574
0.054717
0.054411
0.053587
0.054009
0.054309
0.052685
0.053893
0.054056
0.053527
0.054719
0.056052
0.055421
0.053790
0.053644
0.054003
0.054693
0.056975
0.055137
0.053549
0.067695
0.054355
0.068365
0.070510
0.054252
0.054346
0.054257
0.055339
0.055709
0.058826
0.053945
0.055967
0.069548
0.058893
0.055804
0.055732
0.053741
0.054619
0.054378
0.055688
0.066762
0.055834
0.053977
0.054877
0.054836
0.054816
0.055290
0.055160
0.053882
0.054128
0.054529
0.054701
0.054911
0.055706
0.054115
0.054937
0.055152
0.054934
0.055688
0.056980
0.054741
0.065649
0.055092
0.055193
0.055330
0.056271
0.054534
0.054278
0.054801
0.055200
0.055451
0.055887
0.053990
0.053963
0.054484
0.055757
0.056439
0.055996
0.054087
0.054452
0.055292
0.056496
0.056365
0.056791
0.054406
0.054598
0.054228
0.056420
0.067716
0.056048
0.054903
0.054788
0.054688
0.054631
0.055402
0.055216
0.053846
0.054122
0.068207
0.054680
0.055414
0.055458
0.053933
0.054852
0.054821
0.054673
0.058556
0.056911
0.054918
0.054199
0.054879
0.054852
0.056021
0.056049
0.054787
0.054024
0.054177
0.054771
0.054806
0.056635
0.054690
0.053907
0.055488
0.056526
0.056145
0.056077
0.054306
0.054507
0.055004
0.056203
0.056466
0.055328
0.054380
0.054616
0.054187
0.056320
0.055733
0.055646
0.054770
0.055921
0.064860
0.054698
0.055871
0.056217
0.053963
0.055071
0.054980
0.055899
0.055372
0.055765
0.054253
0.054919
0.054718
0.055241
0.056364
0.058037
0.054737
0.054751
0.054554
0.055969
0.055972
0.057722
0.054691
0.054097
0.054381
0.054705
0.055265
0.056646
0.054759
0.053995
0.054451
0.055800
0.056272
0.055264
0.053909
0.054532
0.054929
0.056342
0.056512
0.055377
0.054166
0.054533
0.064881
0.059415
0.055626
0.056284
0.055008
0.055666
0.054634
0.055618
0.055911
0.055938
0.054139
0.054292
0.054530
0.054915
0.055371
0.055993
0.053769
0.054844
0.055244
0.054500
0.055074
0.056905
0.054735
0.053959
0.054528
0.055209
0.055764
0.056909
0.055134
0.054095
0.054865
0.055199
0.054974
0.057608
0.054612
0.054454
0.055198
0.056601
0.066094
0.057684
0.054098
0.054335
0.054782
0.054863
0.055589
0.056165
0.054111
0.054356
0.054564
0.054906
0.055769
0.055936
0.054213
0.055377
0.055249
0.054572
0.055410
0.055854
0.054667
0.055898
0.055494
0.054634
0.055792
0.055725
0.053831
0.055969
0.055163
0.054975
0.056008
0.057135
0.054678
0.054819
0.054734
0.055108
0.055956
0.056881
0.055074
0.057040
0.054679
0.065397
0.055335
0.055463
0.054134
0.054335
0.054335
0.055042
0.055554
0.055327
0.054432
0.054240
0.054448
0.054775
0.055488
0.057985
0.053764
0.054483
0.054416
0.056423
0.055941
0.055794
0.054616
0.056393
0.055677
0.054694
0.055373
0.055338
0.054694
0.054690
0.063420
0.054905
0.055488
0.055488
0.053769
0.054884
0.055326
0.054498
0.055628
0.065843
0.054148
0.054044
0.054377
0.054625
0.055344
0.056144
0.054397
0.054068
0.054773
0.055105
0.055360
0.056425
0.054038
0.054607
0.054992
0.056638
0.056181
0.056456
0.054353
0.054499
0.055014
0.055373
0.055942
0.055720
0.054375
0.054509
0.054142
0.056340
0.055505
0.056028
0.054484
0.055955
0.055001
0.055301
0.067211
0.056125
0.057093
0.055116
0.054967
0.054742
0.055527
0.055910
0.054143
0.054310
0.055922
0.057941
0.057905
0.055932
0.054346
0.054209
0.054342
0.054679
0.055623
0.056660
0.054636
0.054083
0.054379
0.054764
0.054789
0.056031
0.054535
0.054414
0.055136
0.056644
0.055694
0.056380
0.054267
0.054395
0.054904
0.066091
0.055726
0.055822
0.054592
0.054736
0.054602
0.055500
0.054998
0.055497
0.053905
0.054297
0.054838
0.055770
0.055682
0.056044
0.054641
0.055829
0.055381
0.054668
0.055654
0.056218
0.053924
0.055903
0.054927
0.054847
0.056017
0.057744
0.054716
0.054805
0.054658
0.055074
0.055473
0.057375
0.055000
0.054000
0.054896
0.055044
0.056762
0.056608
0.054823
0.054682
0.054175
0.055577
0.058531
0.055992
0.053991
0.064483
0.054431
0.054793
0.055426
0.055768
0.053959
0.054169
0.054340
0.054774
0.054952
0.055829
0.054086
0.054489
0.054429
0.054866
0.055446
0.055684
0.054545
0.055877
0.055317
0.054616
0.055217
0.056275
0.053797
0.055898
0.054962
0.054974
0.056289
0.058171
0.054680
0.055037
0.054837
0.054650
0.055979
0.057635
0.055004
0.054253
0.054680
0.055300
0.055007
0.057529
0.054820
0.054446
0.054973
0.056541
0.056292
0.056560
0.054274
0.054545
0.054926
0.055376
0.055606
0.066048
0.054148
0.054218
0.054703
0.054822
0.055053
0.055600
0.053958
0.054466
0.054438
0.054812
0.055732
0.055977
0.054033
0.054381
0.055192
0.054581
0.055011
0.055893
0.053849
0.055902
0.055076
0.058027
0.056282
0.057594
0.055001
0.055103
0.054875
0.055320
0.055670
0.057277
0.055179
0.054144
0.055055
0.055204
0.055033
0.056740
0.054871
0.053991
0.054233
0.055633
0.055821
0.055750
0.054077
0.054148
0.054959
0.056339
0.056129
0.055332
0.054286
0.054624
0.064669
0.055631
0.055142
0.056010
0.054846
0.055399
0.054603
0.055405
0.055683
0.056211
0.054048
0.055087
0.054859
0.054973
0.057349
0.055711
0.053727
0.054844
0.055009
0.054697
0.055042
0.056851
0.054783
0.054111
0.054648
0.054625
0.055493
0.056495
0.054639
0.054025
0.054746
0.055216
0.054788
0.057473
0.055864
0.054295
0.054958
0.056483
0.055625
0.056451
0.054260
0.054577
0.054908
0.056198
0.065854
0.055503
0.054170
0.054645
0.058159
0.054641
0.055399
0.055249
0.054072
0.054407
0.054477
0.054832
0.055894
0.055464
0.054223
0.054793
0.055178
0.054582
0.055334
0.055833
0.053787
0.055785
0.054852
0.054940
0.057840
0.057872
0.054666
0.054971
0.054619
0.054951
0.055882
0.058462
0.056053
0.053939
0.055050
0.054581
0.053889
0.055689
0.053837
0.052991
0.053436
0.054627
0.054827
0.054729
0.053014
0.053089
0.054043
0.054290
0.054918
0.054757
0.053400
0.053529
0.063560
0.054551
0.054103
0.054808
0.053752
0.054410
0.053619
0.054328
0.054450
0.055984
0.054661
0.054001
0.053720
0.053888
0.054036
0.054852
0.053776
0.055635
0.054050
0.053540
0.053941
0.055697
0.053676
0.053954
0.053884
0.054031
0.054484
0.056038
0.054004
0.056560
0.054101
0.054154
0.054168
0.056507
0.053633
0.053348
0.054030
0.055449
0.054651
0.054670
0.052946
0.052984
0.053936
0.054363
0.054824
0.054608
0.065812
0.054293
0.053326
0.053702
0.054013
0.054099
0.052905
0.053244
0.053381
0.053652
0.054097
0.054218
0.052967
0.053350
0.053595
0.053745
0.054617
0.055264
0.054023
0.056484
0.054128
0.054026
0.054636
0.056809
0.053682
0.053760
0.053826
0.054307
0.055617
0.058974
0.054255
0.054019
0.054735
0.054251
0.053692
0.056262
0.053570
0.053525
0.053887
0.055370
0.054713
0.055293
0.053142
0.053378
0.053855
0.054880
0.055214
0.054761
0.063443
0.053628
0.053325
0.053834
0.053937
0.054413
0.052865
0.053151
0.053445
0.054448
0.054409
0.058586
0.052987
0.053385
0.053593
0.075789
0.054114
0.054964
0.052899
0.054035
0.054455
0.053808
0.054413
0.055625
0.054394
0.055116
0.053688
0.053713
0.055318
0.055056
0.053664
0.053041
0.053449
0.053838
0.054117
0.055091
0.053601
0.053299
0.054122
0.055508
0.055067
0.055363
0.053255
0.053374
0.054065
0.055207
0.055287
0.054690
0.053288
0.053495
0.053407
0.055334
0.054848
0.054726
0.053550
0.064444
0.053878
0.054395
0.054875
0.054697
0.053073
0.054088
0.053984
0.054070
0.054929
0.055225
0.053399
0.053830
0.053707
0.053811
0.054309
0.055596
0.053671
0.053827
0.053930
0.053938
0.054753
0.055893
0.055597
0.055083
0.053174
0.053764
0.054084
0.055013
0.053654
0.052901
0.053297
0.069972
0.056708
0.055424
0.056367
0.053094
0.053964
0.054416
0.055019
0.064361
0.052980
0.053296
0.053449
0.053963
0.054610
0.054305
0.052939
0.053388
0.053417
0.053676
0.054799
0.054478
0.053080
0.054097
0.054593
0.053719
0.054801
0.054695
0.052919
0.054911
0.054087
0.053922
0.054930
0.056164
0.053659
0.053867
0.053755
0.054124
0.057100
0.054983
0.053782
0.053062
0.053853
0.054138
0.054205
0.055872
0.053638
0.053399
0.054206
0.055563
0.055135
0.055458
0.053376
0.053465
0.066832
0.054759
0.056126
0.055538
0.053835
0.055274
0.053386
0.053673
0.053833
0.054481
0.052896
0.053409
0.053459
0.053824
0.054292
0.054769
0.053550
0.053791
0.054097
0.053671
0.054589
0.055022
0.052750
0.063505
0.054220
0.053773
0.054160
0.055364
0.053776
0.053274
0.053627
0.053679
0.054893
0.055062
0.053719
0.052988
0.053409
0.053847
0.053980
0.055944
0.053675
0.053441
0.054082
0.055484
0.055180
0.055119
0.053331
0.053478
0.054063
0.055207
0.064845
0.054439
0.053415
0.053568
0.053394
0.053681
0.054246
0.054165
0.052904
0.053350
0.053673
0.054452
0.054784
0.054937
0.053093
0.054912
0.055175
0.054592
0.055538
0.054595
0.052874
0.053807
0.054116
0.053652
0.054095
0.055192
0.053754
0.053124
0.053394
0.053727
0.054863
0.056065
0.053921
0.053005
0.053767
0.054051
0.054125
0.056314
0.053595
0.053369
0.053870
0.055391
0.055039
0.055445
0.053319
0.053524
0.063651
0.054715
0.054727
0.057785
0.052769
0.054107
0.053383
0.053617
0.054072
0.054680
0.052929
0.053498
0.053581
0.053920
0.054584
0.054761
0.053911
0.053849
0.054016
0.053622
0.054629
0.054679
0.052789
0.054699
0.053931
0.054014
0.055011
0.065929
0.053484
0.054152
0.054082
0.053949
0.054419
0.059009
0.057712
0.053014
0.053266
0.053771
0.054441
0.054453
0.053146
0.053252
0.053245
0.054519
0.055198
0.054827
0.053088
0.053081
0.054065
0.054645
0.054936
0.054745
0.053349
0.053468
0.053236
0.055203
0.054491
0.055044
0.053493
0.054822
0.054479
0.054360
0.054644
0.054747
0.053689
0.054278
0.054486
0.053566
0.054620
0.055080
0.052704
0.054777
0.053996
0.053790
0.054642
0.056471
0.053669
0.053731
0.053707
0.056835
0.055168
0.056662
0.063725
0.053230
0.054120
0.053953
0.054430
0.054974
0.053122
0.053031
0.053524
0.054000
0.054673
0.055023
0.053261
0.053451
0.053894
0.054475
0.054985
0.056034
0.052795
0.053187
0.053243
0.054540
0.055397
0.054251
0.052815
0.054040
0.054117
0.053559
0.054182
0.054231
0.053509
0.053765
0.054088
0.053566
0.054390
0.055168
0.052757
0.055500
0.055102
0.054976
0.055972
0.056441
0.053629
0.053864
0.053679
0.053908
0.054744
0.056189
0.053938
0.052973
0.053855
0.054164
0.054042
0.055789
0.053662
0.063614
0.054213
0.054806
0.054396
0.055512
0.053493
0.053462
0.053350
0.054472
0.054659
0.054478
0.053428
0.053804
0.053728
0.054495
0.055109
0.054537
0.053699
0.057556
0.054431
0.054645
0.054674
0.054803
0.053911
0.054913
0.056922
0.056809
0.054399
0.054953
0.052881
0.054124
0.054159
0.053598
0.054259
0.055767
0.053768
0.053640
0.054584
0.054666
0.055743
0.057307
0.053953
0.053135
0.055279
0.056026
0.054090
0.056022
0.053557
0.053339
0.054082
0.055434
0.055249
0.055305
0.053305
0.053588
0.063710
0.053858
0.053988
0.054571
0.052711
0.053163
0.053304
0.054260
0.054021
0.054845
0.053647
0.054063
0.053590
0.054726
0.054467
0.055227
0.053563
0.054636
0.054337
0.053757
0.054407
0.055243
0.053121
0.056623
0.055400
0.055648
0.053843
0.055857
0.053737
0.053084
0.053456
0.053698
0.054420
0.056942
0.053755
0.053322
0.053094
0.053855
0.054126
0.058396
0.053746
0.053136
0.053528
0.054720
0.055683
0.054937
0.055414
0.053161
0.054120
0.054558
0.064456
0.054397
0.053053
0.053351
0.053545
0.054024
0.054063
0.054166
0.053062
0.053431
0.053572
0.055093
0.054659
0.055595
0.053559
0.054933
0.054435
0.053749
0.054660
0.055223
0.052982
0.054890
0.054193
0.054081
0.054634
0.056656
0.053859
0.053265
0.053802
0.054215
0.054711
0.056390
0.054080
0.053180
0.053888
0.054239
0.053855
0.056550
0.053724
0.053408
0.054095
0.055475
0.054721
0.055519
0.053184
0.053506
0.081379
0.054557
0.055705
0.056282
0.052896
0.053230
0.053520
0.054480
0.054628
0.055014
0.052805
0.063632
0.053798
0.053856
0.054054
0.054556
0.052949
0.053173
0.053459
0.057621
0.054445
0.055021
0.053089
0.053352
0.053697
0.053991
0.053843
0.055767
0.053780
0.053177
0.053463
0.053803
0.054519
0.055653
0.053688
0.053010
0.053732
0.054072
0.053827
0.056548
0.053652
0.053442
0.053933
0.055549
0.055106
0.055485
0.053398
0.053432
0.054003
0.055206
0.055367
0.054759
0.053217
0.053510
0.053296
0.055382
0.054537
0.055085
0.053605
0.054854
0.054157
0.054326
0.054277
0.056499
0.053632
0.054640
0.063538
0.053732
0.053761
0.054706
0.078332
0.054127
0.054832
0.053571
0.053969
0.054803
0.052960
0.053185
0.053719
0.053890
0.054544
0.055139
0.053660
0.053006
0.053311
0.053644
0.054134
0.055822
0.053605
0.053489
0.053980
0.055315
0.055096
0.055538
0.053247
0.057766
0.055233
0.056463
0.056612
0.054852
0.053490
0.053565
0.053185
0.054492
0.055349
0.054408
0.052842
0.054047
0.054030
0.053741
0.054320
0.054281
0.053588
0.053807
0.054035
0.053590
0.054162
0.054415
0.063209
0.053986
0.053631
0.054121
0.055046
0.055174
0.053240
0.054458
0.054235
0.055437
0.054004
0.054701
0.053086
0.053337
0.053616
0.053945
0.054263
0.055480
0.053702
0.053014
0.053456
0.054708
0.055377
0.055779
0.053405
0.053444
0.054011
0.055427
0.054964
0.054788
0.053293
0.054231
0.054909
0.055386
0.055429
0.055136
0.053753
0.054828
0.054066
0.054437
0.055013
0.056119
0.054663
0.056018
0.054427
0.053709
0.054785
0.055379
0.052883
0.054729
0.054081
0.053893
0.054972
0.059463
0.053714
0.063417
0.053676
0.053739
0.054377
0.054378
0.053165
0.053109
0.053375
0.053838
0.054305
0.054394
0.052992
0.053225
0.053594
0.055316
0.060805
0.054823
0.053107
0.053132
0.054043
0.054441
0.055398
0.054902
0.052997
0.053223
0.053367
0.054398
0.054994
0.054709
0.052838
0.054107
0.054007
0.054488
0.054861
0.055145
0.053617
0.054735
0.054325
0.053641
0.054944
0.055180
0.052882
0.054943
0.054078
0.053953
0.054789
0.065873
0.053405
0.054129
0.053915
0.054232
0.054405
0.055543
0.053484
0.053422
0.053913
0.054421
0.054352
0.055435
0.053148
0.054028
0.054298
0.055572
0.055030
0.055564
0.053390
0.053518
0.054040
0.055299
0.055162
0.054755
0.053464
0.053687
0.056150
0.055558
0.054723
0.054650
0.053632
0.055061
0.054357
0.053811
0.053881
0.054702
0.053624
0.053898
0.054162
0.053616
0.054272
0.054438
0.052814
0.053848
0.054023
0.053481
0.053913
0.055034
0.053647
0.053739
0.063789
0.054201
0.054335
0.055188
0.053379
0.053091
0.053843
0.054134
0.054370
0.055001
0.053026
0.053748
0.054537
0.054873
0.054582
0.055018
0.052976
0.052911
0.053986
0.054410
0.054784
0.054204
0.053183
0.053509
0.053475
0.055279
0.054974
0.056010
0.054610
0.056153
0.055305
0.055563
0.056402
0.056501
0.054955
0.057143
0.054866
0.053782
0.054258
0.054589
0.052920
0.054078
0.054512
0.053849
0.054218
0.055622
0.053760
0.054232
0.053603
0.053718
0.054894
0.067537
0.053360
0.053206
0.053471
0.053959
0.054310
0.054383
0.053088
0.053112
0.053432
0.054066
0.054376
0.054625
0.053232
0.053360
0.054093
0.054364
0.054973
0.054308
0.053152
0.053495
0.053523
0.055308
0.054870
0.054562
0.053618
0.054989
0.054086
0.054458
0.054574
0.054630
0.053509
0.054715
0.054429
0.053511
0.054660
0.054706
0.052759
0.054807
0.054039
0.054523
0.056072
0.055985
0.053619
0.053761
0.053695
0.054043
0.054531
0.055802
0.053917
0.052993
0.053457
0.063983
0.054162
0.055368
0.053196
0.053460
0.054116
0.054722
0.055520
0.054612
0.053107
0.053167
0.053637
0.053869
0.054247
0.055115
0.052965
0.053202
0.053400
0.054449
0.054558
0.054702
0.052794
0.054014
0.057012
0.053732
0.054004
0.054866
0.053740
0.053838
0.054055
0.053695
0.053792
0.054539
0.052860
0.053887
0.054099
0.054174
0.055042
0.056301
0.053752
0.053823
0.053664
0.053976
0.055452
0.057041
0.063697
0.053324
0.053960
0.054078
0.054288
0.055007
0.053044
0.052905
0.053186
0.053761
0.054430
0.055376
0.052970
0.053747
0.053911
0.055453
0.055230
0.054554
0.054442
0.054894
0.053278
0.055495
0.055082
0.054573
0.053731
0.056510
0.054558
0.054592
0.054504
0.054844
0.053677
0.053841
0.054257
0.053634
0.054103
0.054748
0.052829
0.053951
0.054124
0.053666
0.053999
0.055700
0.053694
0.063259
0.053737
0.054005
0.054331
0.055529
0.053406
0.053220
0.053888
0.054189
0.054526
0.055316
0.055919
0.054030
0.054745
0.054724
0.055292
0.055224
0.053313
0.053224
0.054206
0.054573
0.054992
0.054205
0.052870
0.053197
0.053345
0.054393
0.055013
0.054128
0.052709
0.054103
0.054090
0.053503
0.054393
0.054675
0.053541
0.054755
0.054424
0.053540
0.054565
0.054716
0.052764
0.054722
0.054045
0.053860
0.054956
0.068657
0.055558
0.053203
0.053625
0.053660
0.054200
0.054373
0.052998
0.053046
0.053353
0.053839
0.054349
0.055066
0.053172
0.053383
0.053349
0.055644
0.055260
0.055151
0.053348
0.053579
0.053964
0.055317
0.055617
0.054286
0.053367
0.053582
0.053255
0.055380
0.055094
0.055082
0.053549
0.054943
0.054112
0.054503
0.054578
0.055127
0.053486
0.064271
0.054043
0.057388
0.054669
0.055203
0.053145
0.053918
0.053597
0.054449
0.055098
0.055106
0.053113
0.053296
0.053828
0.053945
0.054912
0.055435
0.053707
0.053000
0.053516
0.053815
0.054207
0.055531
0.053715
0.052938
0.053374
0.055416
0.055956
0.054850
0.053058
0.053065
0.054114
0.054338
0.055200
0.054872
0.052879
0.053197
0.053553
0.054495
0.055398
0.064688
0.053027
0.054028
0.053754
0.054433
0.054742
0.055024
0.052988
0.054091
0.054032
0.053761
0.054932
0.055381
0.053461
0.053942
0.054331
0.053948
0.054941
0.056794
0.053813
0.053886
0.053988
0.054051
0.055059
0.055967
0.053961
0.053100
0.053946
0.054208
0.054277
0.055947
0.053679
0.053375
0.054104
0.055562
0.054970
0.055025
0.056085
0.053149
0.057402
0.058256
0.059264
0.055267
0.053721
0.054046
0.053340
0.054453
0.055026
0.054150
0.052830
0.064716
0.053758
0.053811
0.054475
0.054649
0.053088
0.053252
0.053357
0.053685
0.054407
0.054870
0.053049
0.053192
0.053516
0.053946
0.054265
0.056683
0.053665
0.053852
0.053649
0.054032
0.054919
0.055973
0.053942
0.052974
0.053878
0.054215
0.054109
0.055967
0.053647
0.053381
0.054174
0.055582
0.055415
0.055455
0.053247
0.053452
0.053905
0.055367
0.054921
0.054360
0.053264
0.053540
0.053217
0.055376
0.054635
0.056769
0.053648
0.054840
0.054174
0.054437
0.054146
0.067231
0.053143
0.054105
0.053951
0.053645
0.055016
0.055241
0.053162
0.053810
0.053396
0.057060
0.056113
0.055053
0.053122
0.053514
0.053645
0.053684
0.054966
0.054995
0.053822
0.053250
0.053492
0.053747
0.054196
0.055083
0.053725
0.053012
0.053299
0.054609
0.055442
0.055511
0.053230
0.053515
0.053909
0.055298
0.055401
0.054832
0.053272
0.053522
0.053361
0.055327
0.055112
0.055097
0.053547
0.054946
0.054079
0.054484
0.054629
0.055135
0.053535
0.054727
0.054312
0.053671
0.054240
0.055241
0.052834
0.064233
0.053705
0.054102
0.055256
0.055843
0.053200
0.053056
0.053481
0.053636
0.054261
0.054964
0.053433
0.053383
0.053832
0.054717
0.054486
0.055875
0.053695
0.053999
0.053410
0.054727
0.056211
0.056401
0.055682
0.053415
0.054935
0.055289
0.055515
0.055720
0.053333
0.058908
0.056882
0.056210
0.056218
0.055957
0.053530
0.055521
0.055396
0.055955
0.056210
0.055573
0.054955
0.055444
0.055945
0.055276
0.058118
0.056652
0.054638
0.054569
0.055690
0.065470
0.055294
0.057715
0.056030
0.056466
0.054919
0.054755
0.055186
0.054686
0.053579
0.053783
0.054366
0.056015
0.054873
0.055987
0.054463
0.053466
0.053651
0.054702
0.055770
0.056246
0.053474
0.053111
0.055279
0.054706
0.055260
0.056435
0.054086
0.055296
0.053868
0.057645
0.055968
0.056388
0.055658
0.054997
0.054775
0.053795
0.054603
0.055151
0.053952
0.053998
0.054398
0.053918
0.054422
0.055277
0.052988
0.054170
0.054432
0.053550
0.054055
0.055157
0.053807
0.053042
0.063843
0.054118
0.058818
0.054776
0.053104
0.053240
0.053361
0.053947
0.054456
0.054351
0.053062
0.053071
0.053594
0.054320
0.054648
0.054362
0.054231
0.053069
0.053972
0.054549
0.054909
0.054710
0.053126
0.053616
0.053386
0.055364
0.054932
0.054552
0.053624
0.055106
0.054056
0.054413
0.054599
0.055187
0.053511
0.054674
0.054398
0.053587
0.054701
0.054742
0.054255
0.056469
0.055868
0.055004
0.056229
0.055250
0.053818
0.053212
0.053437
0.053705
0.054954
0.055630
0.053978
0.059858
0.055776
0.060655
0.056161
0.066335
0.055174
0.055979
0.053987
0.055072
0.055829
0.055241
0.054018
0.054098
0.054333
0.054878
0.055322
0.055353
0.054045
0.055042
0.054494
0.056378
0.056271
0.055507
0.054710
0.059028
0.055493
0.055614
0.055736
0.055816
0.054699
0.055831
0.055358
0.054779
0.055665
0.055395
0.053789
0.054904
0.055042
0.054617
0.054951
0.056157
0.054624
0.053993
0.054267
0.056060
0.055710
0.056025
0.054596
0.053963
0.054183
0.055091
0.055364
0.056571
0.054683
0.054082
0.054138
0.055564
0.056084
0.055254
0.053908
0.053956
0.054835
0.055246
0.055844
0.055783
0.064366
0.054825
0.054549
0.055503
0.055290
0.055509
0.054801
0.055097
0.054758
0.055807
0.055429
0.056291
0.054325
0.054987
0.054958
0.054780
0.055387
0.055358
0.053930
0.054836
0.054910
0.054898
0.055536
0.057757
0.054848
0.055001
0.054904
0.055096
0.055437
0.056793
0.054836
0.054050
0.054649
0.055183
0.058095
0.057738
0.054715
0.054002
0.054367
0.055662
0.056223
0.055403
0.053986
0.054096
0.055051
0.055544
0.056053
0.055296
0.053896
0.062188
0.054395
0.055423
0.065859
0.055537
0.054088
0.054617
0.054638
0.054728
0.055429
0.055282
0.053892
0.054173
0.054418
0.054754
0.055309
0.055578
0.054229
0.054870
0.055013
0.054520
0.055910
0.057363
0.054691
0.054942
0.054959
0.055002
0.055923
0.056945
0.055113
0.054067
0.054807
0.055105
0.055063
0.056901
0.054606
0.054360
0.054295
0.055492
0.056050
0.056134
0.054224
0.054462
0.054848
0.056262
0.056274
0.055245
0.054261
0.054538
0.054156
0.056277
0.056012
0.055656
0.054565
0.055898
0.055022
0.055552
0.055590
0.055697
0.054503
0.069204
0.054829
0.054760
0.055323
0.058968
0.054041
0.054236
0.054323
0.057657
0.054340
0.054509
0.053187
0.053322
0.053866
0.053867
0.054796
0.055048
0.053754
0.052945
0.053506
0.053840
0.054053
0.055016
0.053587
0.052760
0.054019
0.055555
0.055092
0.055330
0.053229
0.053353
0.053884
0.055254
0.055183
0.054679
0.053237
0.053418
0.053166
0.055181
0.054476
0.054917
0.053422
0.054701
0.054046
0.054261
0.054283
0.055021
0.053401
0.054690
0.054284
0.053505
0.054334
0.055143
0.052755
0.054489
0.053937
0.053886
0.054154
0.056532
0.063107
0.052995
0.053508
0.054034
0.054149
0.055452
0.053362
0.052986
0.054409
0.054737
0.054407
0.054864
0.053002
0.053191
0.053542
0.054696
0.058184
0.054915
0.053105
0.054165
0.055084
0.055502
0.059184
0.054798
0.052841
0.053172
0.053304
0.054619
0.057515
0.054728
0.052848
0.054032
0.054140
0.054472
0.054650
0.055051
0.053565
0.054676
0.054314
0.053605
0.054674
0.055298
0.052815
0.054790
0.054016
0.054081
0.054828
0.056696
0.053797
0.053693
0.053798
0.054082
0.064183
0.055733
0.053654
0.053192
0.053858
0.054232
0.053966
0.055109
0.053037
0.053568
0.054261
0.054861
0.055237
0.055671
0.054670
0.054469
0.054919
0.056272
0.056538
0.057242
0.053993
0.054717
0.054743
0.056626
0.060474
0.056673
0.074270
0.054890
0.055747
0.055334
0.055993
0.056767
0.055759
0.055575
0.055982
0.056547
0.055919
0.057301
0.054975
0.059292
0.055677
0.055506
0.055536
0.057474
0.055548
0.054298
0.055096
0.055040
0.056046
0.056733
0.055167
0.064971
0.057240
0.054961
0.055897
0.054844
0.053145
0.054311
0.074276
0.053921
0.054350
0.055009
0.053465
0.053350
0.053646
0.053970
0.054999
0.054256
0.054299
0.053834
0.053446
0.055602
0.055194
0.055083
0.053835
0.055155
0.054363
0.054605
0.055234
0.055561
0.055372
0.054898
0.055604
0.053697
0.053681
0.055003
0.052783
0.053929
0.054125
0.053562
0.053805
0.055722
0.053759
0.052968
0.053588
0.054060
0.054929
0.056253
0.054018
0.053082
0.053857
0.064354
0.054497
0.055530
0.053159
0.054697
0.054040
0.054827
0.054417
0.055380
0.053357
0.053560
0.053434
0.054462
0.057577
0.055049
0.052764
0.053321
0.053274
0.054342
0.055142
0.054853
0.052912
0.054094
0.054287
0.053775
0.054220
0.054214
0.053611
0.053807
0.054390
0.053523
0.054625
0.054832
0.052803
0.054739
0.066147
0.054997
0.056140
0.056370
0.054221
0.054895
0.054708
0.054927
0.055253
0.058406
0.053817
0.054485
0.053541
0.054085
0.054573
0.055140
0.053730
0.052952
0.053332
0.054631
0.055248
0.054579
0.052954
0.053170
0.054085
0.055377
0.055529
0.054333
0.053432
0.053570
0.053293
0.055375
0.055160
0.054578
0.053619
0.055127
0.054250
0.054433
0.054275
0.055493
0.053463
0.053731
0.054119
0.063674
0.053748
0.054788
0.052870
0.055565
0.053451
0.053455
0.054408
0.055630
0.056209
0.053188
0.053610
0.053966
0.054059
0.055205
0.053762
0.053100
0.053390
0.053933
0.054319
0.055106
0.053701
0.052993
0.053224
0.054632
0.055084
0.055367
0.053220
0.053471
0.053918
0.055256
0.064865
0.056861
0.054933
0.053259
0.054770
0.053817
0.054546
0.054226
0.052870
0.053272
0.053539
0.053676
0.054745
0.054402
0.053434
0.054007
0.053889
0.053620
0.058211
0.056884
0.054293
0.057800
0.054992
0.055428
0.055945
0.082724
0.056091
0.055198
0.054040
0.054165
0.055602
0.055613
0.054576
0.053569
0.053680
0.054157
0.055907
0.055202
0.054032
0.053248
0.053214
0.054608
0.055363
0.064471
0.053228
0.053269
0.053520
0.053871
0.054469
0.054244
0.052852
0.053278
0.053486
0.058023
0.054187
0.054944
0.053264
0.053642
0.054301
0.053679
0.054438
0.054786
0.054941
0.055300
0.054929
0.054643
0.055084
0.054501
0.052998
0.054005
0.054156
0.053535
0.054104
0.055678
0.053755
0.053028
0.053411
0.053663
0.054562
0.057371
0.054111
0.052946
0.053898
0.054213
0.053977
0.056008
0.053636
0.053350
0.054403
0.055449
0.055253
0.055162
0.053378
0.054086
0.054707
0.054678
0.064674
0.054486
0.052957
0.053490
0.053547
0.053808
0.054244
0.054178
0.052989
0.053415
0.053905
0.053768
0.054509
0.054452
0.053047
0.053854
0.054438
0.053584
0.054590
0.054701
0.052790
0.054692
0.054261
0.056330
0.055191
0.056166
0.053680
0.053836
0.053659
0.054035
0.056376
0.066630
0.055849
0.054107
0.054113
0.053857
0.054169
0.055797
0.053706
0.053210
0.053272
0.054696
0.055645
0.054720
0.052998
0.053195
0.054046
0.054344
0.055211
0.054822
0.052705
0.053535
0.053364
0.055388
0.055034
0.054902
0.064799
0.055576
0.054443
0.054509
0.055685
0.081160
0.054355
0.057362
0.068313
0.054446
0.054590
0.055973
0.054013
0.056831
0.068344
0.083536
0.056041
0.058151
0.056111
0.066489
0.056519
0.055634
0.056183
0.057487
0.055399
0.054643
0.054773
0.055733
0.056066
0.057432
0.055633
0.054600
0.054934
0.055995
0.056376
0.056608
0.054563
0.057000
0.073325
0.056498
0.056364
0.055683
0.053567
0.053893
0.065039
0.054488
0.054987
0.055260
0.053676
0.053771
0.058930
0.054108
0.054500
0.055355
0.079884
0.054632
0.055674
0.056362
0.057422
0.057465
0.053781
0.055423
0.055027
0.054725
0.054850
0.056860
0.056562
0.056691
0.054264
0.055136
0.056296
0.056659
0.054535
0.054160
0.054335
0.055713
0.054756
0.056328
0.054694
0.053823
0.054200
0.055191
0.066174
0.055723
0.053694
0.053406
0.054296
0.054581
0.055003
0.055198
0.053158
0.053774
0.053812
0.054464
0.054440
0.055124
0.054164
0.055011
0.056826
0.079121
0.059550
0.057112
0.055201
0.055845
0.055609
0.055583
0.056076
0.055768
0.053516
0.055166
0.054659
0.062235
0.060214
0.055991
0.054716
0.054151
0.054146
0.055625
0.061388
0.056497
0.054383
0.053950
0.054412
0.055183
0.060456
0.057981
0.054756
0.053612
0.053709
0.055009
0.055850
0.055255
0.053148
0.075491
0.054124
0.054398
0.054739
0.055129
0.053103
0.053376
0.053215
0.053631
0.054349
0.054161
0.052963
0.053478
0.053653
0.053824
0.054439
0.054259
0.053623
0.054737
0.054322
0.053572
0.054894
0.054762
0.052739
0.054866
0.054138
0.053897
0.057583
0.056389
0.055161
0.053139
0.053315
0.053550
0.054693
0.054900
0.053562
0.052931
0.053463
0.053770
0.054036
0.056569
0.063492
0.053433
0.053977
0.054751
0.054921
0.054958
0.053455
0.053574
0.053451
0.054396
0.054601
0.055010
0.053499
0.054538
0.053893
0.055419
0.054829
0.054048
0.052795
0.054051
0.054070
0.053720
0.054236
0.054250
0.053693
0.058010
0.054447
0.053743
0.054403
0.055011
0.052820
0.054032
0.054111
0.053629
0.054062
0.055733
0.053824
0.053029
0.053484
0.053629
0.054837
0.054900
0.053919
0.063188
0.053496
0.053778
0.054334
0.055181
0.053051
0.056812
0.054269
0.055790
0.054428
0.054317
0.053168
0.053203
0.053451
0.053848
0.054984
0.054408
0.052874
0.053500
0.053340
0.054511
0.054884
0.054523
0.053673
0.055416
0.054260
0.054490
0.054536
0.054866
0.053497
0.054955
0.056502
0.053674
0.054709
0.054936
0.052752
0.055043
0.054206
0.053651
0.064229
0.054572
0.053206
0.053111
0.053366
0.053495
0.054291
0.054207
0.052958
0.052953
0.053380
0.053860
0.054180
0.054376
0.053002
0.053396
0.054018
0.063991
0.055213
0.054455
0.052985
0.053047
0.054096
0.054797
0.055380
0.054399
0.052886
0.053291
0.053505
0.054619
0.083126
0.056739
0.052945
0.054257
0.054313
0.053662
0.054407
0.054888
0.053575
0.054124
0.054128
0.053726
0.053968
0.054455
0.052785
0.053911
0.054010
0.053438
0.054298
0.064663
0.053318
0.052958
0.053369
0.053626
0.054000
0.055121
0.053339
0.052903
0.053585
0.054472
0.054355
0.054908
0.053111
0.055436
0.054132
0.055562
0.055255
0.054884
0.053267
0.053505
0.054231
0.054387
0.054620
0.054712
0.052977
0.053301
0.053247
0.055054
0.054663
0.054908
0.053440
0.054839
0.054101
0.054462
0.054365
0.055161
0.053561
0.054766
0.054394
0.053560
0.054377
0.054815
0.056529
0.055290
0.055011
0.055069
0.054096
0.055630
0.053810
0.053062
0.053471
0.053649
0.054920
0.055474
0.053600
0.063193
0.053470
0.053877
0.054095
0.054375
0.052939
0.053003
0.053341
0.053812
0.054218
0.054510
0.053093
0.053770
0.053607
0.054000
0.055074
0.054536
0.053162
0.053505
0.053295
0.055438
0.055365
0.054750
0.053692
0.054929
0.054079
0.054486
0.054635
0.054672
0.053525
0.054606
0.054440
0.053576
0.054775
0.056584
0.052837
0.054809
0.053950
0.053893
0.054817
0.056038
0.053683
0.053733
0.053810
0.053985
0.054970
0.055885
0.054019
0.052977
0.053854
0.054204
0.055204
0.066365
0.054724
0.055095
0.053422
0.053925
0.054727
0.054804
0.053331
0.053117
0.053348
0.056742
0.054461
0.054965
0.053193
0.053562
0.053372
0.054597
0.054600
0.054733
0.052827
0.054099
0.054160
0.053917
0.054091
0.054831
0.053659
0.054210
0.054413
0.053681
0.054460
0.055215
0.052793
0.054851
0.054111
0.053935
0.054924
0.056023
0.056425
0.053835
0.053802
0.054256
0.054892
0.056085
0.053632
0.053133
0.053971
0.054281
0.054272
0.056587
0.053727
0.053267
0.054006
0.055425
0.055413
0.054992
0.053324
0.053510
0.053992
0.055214
0.065272
0.054342
0.053077
0.054565
0.054296
0.055702
0.055473
0.054984
0.053018
0.053385
0.053614
0.053726
0.054837
0.055152
0.053102
0.053993
0.054273
0.053763
0.054082
0.054480
0.053083
0.053782
0.054059
0.053601
0.054148
0.055122
0.053771
0.057157
0.053364
0.053622
0.054981
0.054999
0.053706
0.053013
0.053268
0.053807
0.054255
0.055013
0.053621
0.052969
0.053385
0.054473
0.055204
0.055027
0.053252
0.053365
0.054007
0.055330
0.055337
0.054808
0.053372
0.053569
0.053389
0.055327
0.055085
0.065161
0.053928
0.054401
0.053794
0.053539
0.054281
0.054371
0.052974
0.053158
0.053494
0.053703
0.054663
0.055900
0.054748
0.053343
0.054023
0.053643
0.054182
0.055593
0.053807
0.053163
0.053424
0.053754
0.054861
0.055494
0.053745
0.053006
0.053721
0.054051
0.054277
0.056385
0.053501
0.053402
0.053941
0.055377
0.054946
0.055271
0.053169
0.053447
0.053850
0.055078
0.055400
0.054586
0.053296
0.053561
0.053172
0.055247
0.058322
0.055270
0.053823
0.054987
0.054024
0.054685
0.054489
0.055375
0.053604
0.054715
0.054606
0.053967
0.064851
0.055667
0.053114
0.053726
0.055708
0.053900
0.054542
0.055136
0.052909
0.053804
0.053721
0.054252
0.054655
0.055816
0.053836
0.053931
0.054049
0.055663
0.056070
0.057588
0.055507
0.054704
0.055008
0.056559
0.058387
0.055595
0.054317
0.053954
0.055330
0.056419
0.055445
0.054937
0.053245
0.055224
0.054106
0.055023
0.055407
0.054517
0.053134
0.054202
0.054231
0.053691
0.054145
0.054299
0.053368
0.053717
0.054028
0.053568
0.053950
0.065129
0.052870
0.053162
0.053531
0.053939
0.054860
0.055676
0.052999
0.053788
0.053860
0.054078
0.054255
0.054834
0.053425
0.058125
0.053524
0.053787
0.054157
0.054957
0.054915
0.053093
0.053376
0.054511
0.055043
0.054414
0.052893
0.053098
0.054570
0.055377
0.056201
0.055242
0.054366
0.054256
0.055528
0.054522
0.055018
0.054557
0.052886
0.054064
0.054196
0.053519
0.054148
0.054658
0.053597
0.053844
0.054051
0.053503
0.054447
0.054564
0.052708
0.054656
0.053987
0.053946
0.054580
0.056574
0.053650
0.053692
0.053776
0.054046
0.054473
0.065746
0.053566
0.053083
0.053242
0.053947
0.053895
0.054115
0.052792
0.052852
0.054164
0.054507
0.054464
0.055680
0.053510
0.053864
0.054123
0.055561
0.055043
0.054646
0.053324
0.055346
0.053358
0.055294
0.054649
0.054497
0.052793
0.053882
0.054011
0.054508
0.057588
0.055061
0.053546
0.054128
0.054141
0.053653
0.054593
0.055468
0.054115
0.053850
0.054204
0.053679
0.054096
0.055712
0.053775
0.063397
0.053776
0.053771
0.054395
0.054304
0.053062
0.053035
0.053364
0.053807
0.053946
0.054731
0.052942
0.053725
0.054593
0.054789
0.055276
0.055426
0.053398
0.053565
0.054050
0.055107
0.055021
0.054313
0.053519
0.053633
0.053437
0.055438
0.055226
0.054288
0.053745
0.055116
0.054181
0.054430
0.054706
0.055253
0.053599
0.054753
0.054442
0.053630
0.055089
0.054865
0.052734
0.054895
0.054056
0.053990
0.066262
0.054624
0.053270
0.054187
0.053954
0.054375
0.054655
0.055245
0.053472
0.053299
0.054602
0.055267
0.054400
0.055069
0.053114
0.052956
0.056394
0.054817
0.055562
0.054812
0.053111
0.053289
0.054132
0.054602
0.055148
0.054203
0.052906
0.053215
0.053178
0.054439
0.055213
0.054837
0.052737
0.055448
0.055306
0.054944
0.054455
0.055052
0.053906
0.054922
0.054858
0.054051
0.054545
0.055485
0.052970
0.054149
0.054259
0.053766
0.054472
0.055866
0.053634
0.063313
0.053636
0.053704
0.054360
0.054685
0.053079
0.053073
0.053603
0.053688
0.054257
0.055413
0.052842
0.053416
0.054127
0.054712
0.054774
0.055455
0.053276
0.053487
0.053938
0.055325
0.054889
0.054764
0.053487
0.053544
0.053426
0.054406
0.055385
0.054540
0.052831
0.054022
0.054144
0.053703
0.054194
0.054307
0.053580
0.053845
0.054187
0.063841
0.054216
0.058190
0.052964
0.053212
0.053444
0.053426
0.053800
0.054550
0.053004
0.053137
0.053581
0.053783
0.054611
0.054683
0.053769
0.053191
0.053388
0.053858
0.053797
0.055466
0.053720
0.053448
0.054080
0.055909
0.055188
0.055257
0.053372
0.053471
0.053996
0.054990
0.055388
0.054823
0.053357
0.053499
0.053212
0.054835
0.055043
0.054549
0.053693
0.054866
0.054197
0.054380
0.054621
0.064988
0.053322
0.054193
0.054069
0.054894
0.053930
0.054362
0.053595
0.054082
0.057475
0.055283
0.054712
0.073549
0.054537
0.055795
0.054421
0.055303
0.055367
0.055021
0.053974
0.053067
0.053171
0.053808
0.054208
0.054979
0.053716
0.053017
0.054368
0.055507
0.054802
0.055486
0.053227
0.053531
0.057021
0.055163
0.055420
0.054395
0.053689
0.053529
0.053324
0.055526
0.055087
0.054749
0.053546
0.053985
0.054106
0.053548
0.054211
0.054738
0.053559
0.053661
0.053938
0.053510
0.054067
0.054800
0.052745
0.053842
0.063684
0.053609
0.054159
0.055770
0.053197
0.057448
0.055444
0.055650
0.054225
0.056899
0.079332
0.054928
0.053357
0.053969
0.054508
0.055568
0.053753
0.053003
0.053497
0.054639
0.055655
0.057101
0.053160
0.053104
0.056314
0.054434
0.054871
0.054239
0.053512
0.053683
0.053257
0.055406
0.055354
0.054656
0.053608
0.055106
0.054077
0.054297
0.056085
0.055873
0.054649
0.055739
0.055375
0.054527
0.055191
0.055377
0.053742
0.055806
0.058428
0.054584
0.056222
0.061342
0.054883
0.063584
0.053826
0.053791
0.054427
0.054529
0.053201
0.053227
0.053414
0.053869
0.054473
0.054584
0.053094
0.053187
0.053484
0.054228
0.055274
0.054983
0.053325
0.053657
0.055801
0.057877
0.056472
0.056297
0.054101
0.053342
0.053362
0.054441
0.055053
0.054247
0.052892
0.053973
0.054138
0.053533
0.054099
0.054556
0.053522
0.054767
0.054409
0.053639
0.054493
0.054733
0.052860
0.054757
0.054041
0.053995
0.054662
0.055983
0.053735
0.053859
0.063850
0.054001
0.054198
0.055603
0.053481
0.053001
0.053956
0.054105
0.054349
0.055214
0.052982
0.053520
0.054251
0.054691
0.054531
0.055425
0.053282
0.053419
0.054032
0.055256
0.055117
0.054233
0.053353
0.053607
0.053370
0.059819
0.054891
0.054254
0.052899
0.054020
0.054127
0.053688
0.054394
0.081602
0.055504
0.053934
0.054219
0.053733
0.054145
0.054438
0.052770
0.053960
0.054005
0.053732
0.054134
0.055110
0.063367
0.053194
0.053497
0.053654
0.054375
0.054274
0.053178
0.053210
0.053946
0.054302
0.054846
0.055411
0.053091
0.053619
0.054242
0.055706
0.055194
0.055572
0.053370
0.053446
0.054004
0.055354
0.055359
0.054394
0.053440
0.053466
0.053266
0.055331
0.055371
0.054570
0.053633
0.054944
0.054165
0.054342
0.054600
0.054711
0.053528
0.054614
0.054359
0.053629
0.054637
0.055237
0.052791
0.054800
0.054145
0.054017
0.055208
0.056192
0.053777
0.054864
0.055360
0.055048
0.056252
0.064946
0.056179
0.053299
0.053614
0.053985
0.054419
0.054880
0.053065
0.053126
0.055758
0.054983
0.055618
0.056078
0.055242
0.053324
0.054064
0.054389
0.054855
0.054729
0.052834
0.053217
0.053488
0.055370
0.055150
0.054667
0.053839
0.055095
0.054204
0.054398
0.054452
0.055052
0.053548
0.054755
0.054522
0.053633
0.054249
0.055267
0.052720
0.054290
0.054054
0.053969
0.054643
0.056508
0.053798
0.053885
0.053947
0.054154
0.054501
0.056356
0.053982
0.052980
0.053771
0.064265
0.053873
0.054960
0.053306
0.054311
0.054461
0.054806
0.056809
0.057693
0.054777
0.056424
0.065107
0.054803
0.055244
0.055475
0.053006
0.053552
0.053187
0.054522
0.054579
0.054663
0.052847
0.054139
0.054067
0.057466
0.054371
0.054788
0.053762
0.053936
0.054333
0.053722
0.054264
0.054922
0.052837
0.053958
0.054081
0.053620
0.053784
0.055798
0.053768
0.053818
0.053866
0.054108
0.054519
0.056548
0.054068
0.053051
0.053918
0.054129
0.053801
0.057741
0.053759
0.063703
0.054218
0.054815
0.054162
0.054531
0.053036
0.053039
0.053304
0.053631
0.053908
0.054807
0.053370
0.053667
0.053462
0.054562
0.054681
0.055043
0.054024
0.055032
0.054814
0.055450
0.054823
0.054838
0.053631
0.053845
0.054150
0.053634
0.053895
0.054930
0.052784
0.053923
0.054074
0.053661
0.054457
0.056646
0.053772
0.053826
0.053749
0.054048
0.054510
0.057591
0.054052
0.052999
0.053834
0.054185
0.054283
0.056526
0.053797
0.053450
0.057369
0.076729
0.055288
0.054774
0.063468
0.053350
0.053747
0.055058
0.055721
0.055724
0.054606
0.054853
0.078244
0.054369
0.055149
0.054906
0.053215
0.053834
0.054100
0.053985
0.054680
0.055258
0.053701
0.053998
0.054524
0.054101
0.054146
0.054996
0.052756
0.054281
0.055225
0.056636
0.055866
0.056300
0.054067
0.053084
0.053570
0.053800
0.054693
0.055618
0.053861
0.053097
0.053455
0.053957
0.054243
0.055182
0.053690
0.053473
0.054312
0.055552
0.054992
0.054992
0.053425
0.053497
0.054102
0.055257
0.055303
0.054384
0.053428
0.064004
0.053638
0.054746
0.054296
0.058005
0.054105
0.053286
0.053532
0.054250
0.054325
0.055023
0.052952
0.053127
0.053446
0.053956
0.054185
0.054958
0.052817
0.057938
0.054279
0.053528
0.054314
0.055755
0.053853
0.053072
0.053282
0.053696
0.055283
0.055542
0.053767
0.053047
0.053144
0.053695
0.054065
0.055507
0.053594
0.053413
0.054124
0.055680
0.056120
0.055930
0.052957
0.053035
0.053933
0.054412
0.054921
0.054706
0.052825
0.053147
0.053361
0.054421
0.055017
0.054282
0.053560
0.054900
0.064040
0.054490
0.054851
0.054684
0.053180
0.054037
0.053864
0.053806
0.055512
0.058895
0.053279
0.053929
0.053526
0.054146
0.055033
0.056656
0.053791
0.053926
0.053776
0.054057
0.055024
0.056628
0.054085
0.053052
0.053783
0.054028
0.054491
0.056588
0.053705
0.053361
0.054093
0.055536
0.055195
0.055461
0.053298
0.053491
0.053936
0.055101
0.054982
0.057426
0.053268
0.053487
0.053215
0.055490
0.054568
0.055172
0.056035
0.054897
0.055910
0.053738
0.054258
0.054673
0.053546
0.053848
0.054141
0.053596
0.053887
0.065179
0.053034
0.053353
0.053504
0.053607
0.053807
0.056519
0.053185
0.053957
0.053832
0.054176
0.053915
0.055614
0.053482
0.053307
0.053833
0.054095
0.053719
0.056577
0.053727
0.053355
0.054116
0.055444
0.054659
0.054751
0.053296
0.053459
0.053985
0.055297
0.055003
0.054870
0.053313
0.053515
0.053189
0.055227
0.054579
0.055031
0.053570
0.054973
0.054130
0.054355
0.054308
0.055273
0.053731
0.054475
0.054428
0.053578
0.054296
0.055234
0.052672
0.054785
0.053928
0.053983
0.054537
0.057694
0.055514
0.066016
0.053704
0.053787
0.053970
0.057628
0.053065
0.053038
0.053272
0.053749
0.054310
0.054823
0.053038
0.053236
0.053645
0.054145
0.054964
0.054754
0.052887
0.053012
0.054035
0.054520
0.055105
0.054752
0.053194
0.053491
0.053311
0.055433
0.054953
0.055120
0.053538
0.054986
0.054115
0.054479
0.054740
0.055189
0.053501
0.054754
0.054432
0.053729
0.054269
0.055263
0.052698
0.054815
0.054116
0.053933
0.064832
0.055927
0.053462
0.054272
0.053892
0.054264
0.054153
0.055743
0.053475
0.053371
0.053698
0.053986
0.054280
0.055094
0.053166
0.053426
0.054196
0.056063
0.057124
0.054787
0.053067
0.053195
0.054250
0.054659
0.054790
0.054816
0.052937
0.053209
0.053265
0.054350
0.054704
0.054844
0.052843
0.054011
0.054101
0.053547
0.058893
0.055101
0.063279
0.053376
0.053529
0.053659
0.054064
0.054732
0.052843
0.053125
0.053345
0.053541
0.054278
0.055010
0.052976
0.053329
0.053713
0.053692
0.054523
0.056538
0.053857
0.053049
0.053984
0.054076
0.054063
0.056554
0.053608
0.053407
0.054074
0.055651
0.054655
0.055387
0.053206
0.053421
0.053998
0.055195
0.055345
0.054719
0.053310
0.053459
0.053235
0.055242
0.054971
0.054964
0.055579
0.054931
0.055342
0.053675
0.064629
0.054724
0.053094
0.053270
0.053473
0.053644
0.053768
0.054698
0.052881
0.053158
0.053410
0.053667
0.054076
0.055133
0.053076
0.054387
0.053850
0.054559
0.054632
0.056951
0.054414
0.053469
0.053529
0.054041
0.054991
0.058794
0.053894
0.053897
0.054294
0.059340
0.055737
0.055700
0.054431
0.054518
0.055203
0.055125
0.055174
0.055332
0.053170
0.053491
0.054063
0.054863
0.055326
0.055386
0.052867
0.054283
0.054478
0.053642
0.054916
0.065083
0.053590
0.054349
0.054507
0.053843
0.054311
0.054860
0.053245
0.053495
0.056269
0.076990
0.055913
0.056806
0.055632
0.053356
0.053616
0.053920
0.054720
0.055208
0.053871
0.079047
0.053652
0.054003
0.054637
0.055316
0.053804
0.053402
0.053345
0.054353
0.055411
0.054519
0.052887
0.053124
0.054010
0.060777
0.056198
0.055394
0.055135
0.053177
0.053241
0.055402
0.055409
0.054670
0.053605
0.065661
0.057336
0.053726
0.054656
0.055262
0.057616
0.053728
0.053497
0.053786
0.054403
0.054744
0.053168
0.053369
0.053812
0.057723
0.054700
0.055203
0.053951
0.053265
0.053930
0.053982
0.055628
0.055794
0.053892
0.053204
0.053784
0.054760
0.057265
0.062460
0.056266
0.054745
0.054234
0.058614
0.055828
0.054796
0.052979
0.053232
0.054227
0.054517
0.055561
0.054954
0.052916
0.053316
0.053445
0.054398
0.054891
0.054256
0.063196
0.053439
0.053682
0.053589
0.054453
0.054210
0.053069
0.053170
0.053493
0.053885
0.054535
0.054718
0.053054
0.053249
0.053488
0.054421
0.054813
0.056811
0.053759
0.054148
0.053814
0.054167
0.054805
0.056346
0.054031
0.053321
0.053812
0.054182
0.053793
0.056385
0.053638
0.053297
0.054367
0.057972
0.055207
0.054228
0.053093
0.053105
0.054006
0.054420
0.054583
0.055045
0.052908
0.054398
0.058337
0.055879
0.072905
0.054503
0.052906
0.054475
0.054734
0.053754
0.054038
0.054498
0.053852
0.053939
0.064399
0.054044
0.054509
0.054543
0.053098
0.053564
0.053716
0.053759
0.054088
0.054970
0.053016
0.053189
0.053704
0.053893
0.054641
0.055183
0.053851
0.053136
0.053316
0.053796
0.054469
0.055702
0.053784
0.063688
0.054843
0.056945
0.057529
0.054573
0.053628
0.054182
0.056296
0.056869
0.055547
0.054580
0.053592
0.053476
0.054350
0.055710
0.056344
0.055323
0.053907
0.069046
0.059410
0.054883
0.055233
0.055269
0.055629
0.055360
0.057192
0.075225
0.057391
0.055262
0.053505
0.054678
0.054858
0.054349
0.054245
0.066531
0.066391
0.053483
0.053955
0.054171
0.054573
0.054390
0.053245
0.057829
0.053986
0.053829
0.054622
0.054569
0.053298
0.053333
0.053924
0.054865
0.055303
0.054885
0.053100
0.053392
0.054403
0.054442
0.055067
0.054936
0.052935
0.053442
0.053461
0.054774
0.055354
0.054963
0.052951
0.053980
0.054579
0.053921
0.054337
0.055089
0.054838
0.055030
0.057206
0.054221
0.053670
0.054968
0.052729
0.054017
0.054337
0.053634
0.053925
0.055904
0.054083
0.054224
0.053757
0.053763
0.054842
0.058804
0.067798
0.054862
0.053928
0.054039
0.054120
0.054885
0.053229
0.053168
0.053813
0.054435
0.054165
0.055182
0.053322
0.053550
0.053799
0.054740
0.054637
0.054965
0.052960
0.053031
0.053436
0.054545
0.054745
0.054845
0.053084
0.054152
0.054481
0.054152
0.054027
0.054658
0.053911
0.057393
0.054861
0.053776
0.054069
0.058191
0.053757
0.055432
0.055619
0.054801
0.055042
0.056035
0.054005
0.053087
0.053673
0.054054
0.054913
0.055726
0.053935
0.053168
0.053549
0.054025
0.054185
0.064973
0.053468
0.053176
0.053583
0.054161
0.054239
0.054720
0.053230
0.053093
0.057309
0.054937
0.057342
0.055153
0.053242
0.053520
0.053411
0.054685
0.055503
0.054331
0.053174
0.054726
0.054263
0.053931
0.054668
0.054881
0.054078
0.053971
0.054475
0.053646
0.054078
0.054798
0.052727
0.054061
0.054218
0.053934
0.055083
0.057557
0.069460
0.054100
0.057392
0.055155
0.056072
0.057073
0.055428
0.055606
0.056287
0.054266
0.054609
0.056043
0.063941
0.053576
0.054016
0.054606
0.054925
0.054906
0.057600
0.053663
0.053836
0.053834
0.054171
0.055326
0.053031
0.053700
0.053719
0.054655
0.061509
0.054876
0.053000
0.054327
0.057648
0.053814
0.054151
0.054978
0.055184
0.058167
0.055518
0.057949
0.067747
0.054920
0.053188
0.054168
0.054367
0.053853
0.054225
0.056073
0.053826
0.053101
0.053561
0.053659
0.055168
0.055614
0.053980
0.053052
0.053194
0.053706
0.053880
0.055959
0.053745
0.053117
0.053196
0.054683
0.064678
0.054556
0.053134
0.053196
0.053741
0.053688
0.054103
0.054492
0.052767
0.053190
0.053537
0.053774
0.054212
0.054238
0.052989
0.066637
0.056058
0.054545
0.054469
0.054657
0.053667
0.055237
0.060414
0.053656
0.066179
0.055700
0.057778
0.054974
0.056001
0.056468
0.061845
0.056991
0.054451
0.053468
0.053888
0.054214
0.068843
0.056919
0.054119
0.053520
0.053283
0.053875
0.054611
0.056645
0.055022
0.060034
0.066032
0.055997
0.054529
0.054368
0.053346
0.053127
0.053731
0.053772
0.053979
0.054842
0.075882
0.053324
0.053733
0.053923
0.054102
0.054477
0.053073
0.054340
0.055454
0.055703
0.054717
0.056835
0.054322
0.054176
0.054181
0.053549
0.053757
0.054996
0.053000
0.054116
0.054197
0.054124
0.054490
0.056084
0.054012
0.052992
0.053564
0.053804
0.054779
0.055256
0.053833
0.053158
0.053500
0.054110
0.054252
0.055865
0.053965
0.052955
0.053808
0.055692
0.056323
0.055946
0.053997
0.064653
0.081199
0.056682
0.055647
0.055348
0.053678
0.054195
0.054561
0.060811
0.054854
0.056485
0.053595
0.055342
0.054471
0.055615
0.054449
0.054981
0.053823
0.054069
0.054253
0.054105
0.054366
0.054437
0.052955
0.054152
0.054187
0.053923
0.054119
0.055366
0.053891
0.052947
0.053569
0.053857
0.054920
0.055633
0.054339
0.053657
0.053763
0.054227
0.054867
0.058491
0.054046
0.053653
0.056514
0.055949
0.055477
0.055272
0.053585
0.053642
0.056030
0.054526
0.055440
0.055052
0.052725
0.053237
0.053383
0.054480
0.055075
0.054293
0.052862
0.054036
0.064047
0.054145
0.054182
0.054194
0.054575
0.054116
0.054838
0.053620
0.053762
0.055595
0.052935
0.053179
0.053473
0.053776
0.054423
0.055273
0.053754
0.052936
0.053481
0.053568
0.054620
0.055904
0.053945
0.052989
0.057703
0.053592
0.054202
0.055080
0.053701
0.053139
0.054643
0.056159
0.055407
0.055259
0.052952
0.053163
0.054106
0.054495
0.054724
0.054867
0.052710
0.053359
0.053217
0.055546
0.055303
0.054607
0.053673
0.055108
0.054177
0.054440
0.054547
0.055205
0.053666
0.054500
0.054485
0.053682
0.054767
0.054782
0.052864
0.053909
0.053976
0.053985
0.065028
0.056060
0.053365
0.054201
0.054002
0.055101
0.054906
0.055443
0.053022
0.053182
0.053333
0.053865
0.054139
0.054964
0.053154
0.053030
0.053144
0.054601
0.055111
0.054736
0.053348
0.053527
0.054121
0.055325
0.055050
0.054750
0.053395
0.053599
0.053229
0.055520
0.054997
0.055072
0.053670
0.054935
0.054106
0.054261
0.054025
0.054575
0.057344
0.054955
0.055760
0.055564
0.055990
0.055447
0.054120
0.055479
0.054664
0.053952
0.054685
0.056595
0.054340
0.053481
0.054169
0.054167
0.055921
0.055908
0.054611
0.054086
0.064289
0.054543
0.055993
0.055397
0.054095
0.054402
0.054674
0.055145
0.055656
0.055375
0.056369
0.054381
0.053912
0.054080
0.054984
0.054466
0.052886
0.053447
0.053633
0.054418
0.055255
0.054421
0.052934
0.054484
0.054084
0.053713
0.054250
0.054253
0.053612
0.054376
0.054477
0.053584
0.054099
0.054671
0.052723
0.054828
0.054008
0.054029
0.055025
0.056580
0.053567
0.053748
0.053752
0.054063
0.054863
0.055800
0.053971
0.053025
0.053907
0.054069
0.053991
0.056423
0.063292
0.053620
0.054001
0.054883
0.054725
0.061065
0.052939
0.053034
0.053557
0.053669
0.054624
0.054390
0.052964
0.053335
0.053597
0.054573
0.055109
0.054238
0.052870
0.055149
0.055174
0.056650
0.055354
0.055844
0.054729
0.054914
0.055091
0.054891
0.055511
0.055940
0.053789
0.054955
0.055075
0.054552
0.055053
0.056682
0.054626
0.054771
0.054637
0.055112
0.055943
0.057338
0.054961
0.053978
0.055066
0.055113
0.065693
0.056757
0.054117
0.054342
0.055236
0.055826
0.055283
0.055606
0.054119
0.054149
0.054403
0.054872
0.055678
0.055905
0.054406
0.054446
0.054244
0.056440
0.055895
0.055569
0.054752
0.055984
0.055014
0.055291
0.055539
0.055635
0.054598
0.055704
0.055452
0.054572
0.055519
0.056235
0.053712
0.055873
0.056896
0.057829
0.055177
0.059334
0.054911
0.055637
0.056517
0.055308
0.055334
0.055576
0.053657
0.053019
0.053314
0.053742
0.053761
0.055622
0.053724
0.053198
0.053205
0.054981
0.054656
0.064710
0.053293
0.053695
0.054243
0.056488
0.054594
0.055155
0.053468
0.053805
0.053721
0.054420
0.054241
0.055415
0.053672
0.053885
0.054182
0.054417
0.054598
0.054314
0.053649
0.053759
0.054279
0.053624
0.054662
0.055386
0.052813
0.054820
0.054098
0.054088
0.054885
0.056640
0.053717
0.053680
0.053662
0.054032
0.054937
0.056331
0.054019
0.052987
0.053502
0.053788
0.054207
0.056613
0.053670
0.055425
0.055047
0.055757
0.056535
0.058061
0.053784
0.054128
0.064860
0.054819
0.055155
0.055521
0.053788
0.054086
0.057635
0.074610
0.055987
0.056553
0.052967
0.053330
0.053593
0.053869
0.054362
0.056958
0.053593
0.053840
0.054151
0.053736
0.053870
0.054922
0.052757
0.054800
0.054049
0.053907
0.054747
0.056649
0.053687
0.053955
0.053836
0.053982
0.054427
0.056242
0.053941
0.053030
0.053840
0.054094
0.053861
0.056461
0.053618
0.053283
0.053976
0.055527
0.054582
0.055272
0.053222
0.053497
0.054496
0.056188
0.056212
0.059567
0.053302
0.053489
0.053235
0.055271
0.056405
0.055665
0.067282
0.053533
0.053552
0.053622
0.054411
0.054736
0.052982
0.053144
0.053378
0.053697
0.053950
0.054865
0.052969
0.053717
0.053574
0.053811
0.054559
0.056718
0.053682
0.054018
0.053811
0.054005
0.054542
0.056353
0.057477
0.053412
0.053877
0.054131
0.053755
0.055604
0.053652
0.053106
0.053302
0.054567
0.054697
0.054766
0.052879
0.053055
0.054044
0.054307
0.054531
0.054572
0.052700
0.053048
0.053272
0.055270
0.054803
0.057143
0.053483
0.055015
0.054032
0.054445
0.054452
0.054969
0.053563
0.054595
0.054629
0.063811
0.054485
0.054938
0.052963
0.054740
0.054449
0.055670
0.055340
0.054998
0.053110
0.053152
0.053651
0.053917
0.054095
0.054941
0.053684
0.053006
0.053245
0.056091
0.055084
0.057456
0.054561
0.054628
0.054003
0.055548
0.055015
0.055497
0.053231
0.054025
0.053982
0.055182
0.054865
0.054668
0.053345
0.053385
0.053111
0.055203
0.054560
0.054958
0.053500
0.054864
0.054101
0.054371
0.054147
0.058070
0.053675
0.054524
0.054455
0.053602
0.054689
0.055323
0.052736
0.053896
0.054039
0.053529
0.053994
0.055638
0.053660
0.063312
0.053508
0.053580
0.054173
0.054877
0.052993
0.053015
0.053212
0.056196
0.056967
0.055817
0.056965
0.053171
0.053510
0.054323
0.056191
0.055759
0.053921
0.054011
0.054138
0.054538
0.055188
0.054719
0.052876
0.053165
0.053634
0.056389
0.056239
0.054979
0.053568
0.054845
0.054071
0.054361
0.054470
0.056166
0.053649
0.054572
0.054375
0.053538
0.054578
0.055259
0.052674
0.054736
0.054074
0.053812
0.054743
0.066115
0.053493
0.054104
0.053779
0.054047
0.054445
0.055562
0.053365
0.053065
0.053750
0.054253
0.054421
0.055407
0.053155
0.053761
0.054179
0.055429
0.058188
0.054745
0.053055
0.053031
0.054178
0.054491
0.055373
0.054861
0.052839
0.055920
0.054364
0.055976
0.055034
0.054742
0.052806
0.054042
0.054215
0.053618
0.054175
0.054764
0.053538
0.053790
0.054061
0.053698
0.054436
0.055204
0.053025
0.055928
0.056046
0.053994
0.054699
0.056813
0.053580
0.053778
0.053678
0.064161
0.054545
0.055684
0.053550
0.053043
0.053538
0.053526
0.054122
0.054562
0.052838
0.053025
0.054373
0.054700
0.054480
0.056183
0.053464
0.053471
0.054011
0.055020
0.055420
0.054689
0.053234
0.053474
0.053560
0.055455
0.054949
0.055068
0.053784
0.054837
0.054172
0.054338
0.054559
0.055161
0.053803
0.054809
0.054554
0.053711
0.058057
0.055865
0.053992
0.053866
0.057048
0.053878
0.054571
0.055777
0.053794
0.053028
0.053551
0.053859
0.056713
0.055666
0.053633
0.052997
0.053279
0.053721
0.053959
0.064906
0.053142
0.053023
0.053402
0.054057
0.054338
0.055820
0.053360
0.053617
0.053681
0.054568
0.054412
0.055062
0.053500
0.054125
0.053464
0.055391
0.054949
0.055024
0.053782
0.055128
0.054132
0.053514
0.054076
0.054234
0.053680
0.054817
0.054502
0.053550
0.054273
0.055193
0.052681
0.054705
0.054136
0.053867
0.054556
0.056559
0.053652
0.053745
0.053664
0.054044
0.054916
0.056516
0.053988
0.056775
0.056287
0.054828
0.055559
0.055565
0.053737
0.052944
0.053396
0.054607
0.055142
0.054843
0.053976
0.065230
0.053791
0.053940
0.054552
0.054758
0.056422
0.053382
0.053536
0.053644
0.054047
0.054621
0.053034
0.054086
0.055065
0.053878
0.055321
0.055763
0.053714
0.053850
0.054112
0.053544
0.054473
0.055261
0.052783
0.054886
0.054065
0.053978
0.054874
0.056791
0.053690
0.053850
0.053724
0.054112
0.054890
0.056556
0.054063
0.053093
0.053851
0.054140
0.054047
0.056450
0.053640
0.053297
0.054074
0.055436
0.055431
0.055421
0.053323
0.053512
0.054044
0.055331
0.056705
0.056559
0.053706
0.054507
0.063571
0.053965
0.054225
0.054589
0.052816
0.053352
0.053523
0.053556
0.053977
0.054692
0.052976
0.053870
0.054559
0.054808
0.055552
0.056304
0.054292
0.054977
0.054065
0.054014
0.054602
0.056717
0.053768
0.053967
0.053755
0.054026
0.057666
0.056219
0.054075
0.053219
0.053151
0.053784
0.053919
0.055530
0.053726
0.052937
0.053366
0.054653
0.054798
0.054762
0.052958
0.053193
0.054040
0.054621
0.054641
0.054758
0.053391
0.053527
0.053274
0.055298
0.054577
0.055034
0.053609
0.054905
0.054122
0.064825
0.054777
0.055118
0.054500
0.056569
0.055869
0.055028
0.054181
0.054940
0.052948
0.053243
0.053453
0.053799
0.054333
0.057513
0.053793
0.053084
0.053520
0.053831
0.054945
0.056542
0.054080
0.053048
0.053771
0.054113
0.054365
0.056563
0.053622
0.053348
0.054483
0.055489
0.055189
0.055612
0.053234
0.053466
0.054045
0.055255
0.055210
0.054742
0.053329
0.053561
0.053133
0.055393
0.055082
0.054548
0.053657
0.054913
0.057081
0.054657
0.054724
0.054905
0.053612
0.053831
0.063772
0.053840
0.054150
0.054755
0.052952
0.053186
0.053491
0.053608
0.054387
0.054992
0.053053
0.053114
0.053779
0.053854
0.056076
0.058372
0.055270
0.053047
0.053183
0.053740
0.054187
0.055642
0.053714
0.052983
0.053480
0.054626
0.055057
0.054770
0.052959
0.053126
0.054048
0.055226
0.055665
0.054784
0.053352
0.053531
0.053242
0.055330
0.055140
0.055111
0.053596
0.054791
0.054056
0.054399
0.054669
0.055274
0.053587
0.054599
0.054400
0.053698
0.064950
0.055031
0.052980
0.053970
0.053555
0.053913
0.055270
0.055735
0.053063
0.053915
0.053952
0.054146
0.054898
0.055743
0.053457
0.053121
0.053819
0.054168
0.054154
0.056496
0.057488
0.053811
0.054035
0.054475
0.055641
0.054583
0.053025
0.053142
0.054092
0.055833
0.055762
0.056376
0.052943
0.053118
0.053361
0.054454
0.054916
0.054168
0.052756
0.053994
0.054179
0.053519
0.054126
0.054261
0.053583
0.054746
0.054368
0.053557
0.054306
0.054733
0.052652
0.054669
0.054317
0.064083
0.054735
0.055285
0.053278
0.053747
0.054076
0.054109
0.054173
0.055144
0.053440
0.053366
0.053898
0.054305
0.055156
0.055994
0.054653
0.054264
0.055488
0.055477
0.055123
0.055046
0.053421
0.053637
0.054154
0.054461
0.054884
0.054187
0.053292
0.053508
0.053198
0.055289
0.054844
0.054464
0.053618
0.054914
0.054138
0.054392
0.054484
0.054647
0.054962
0.055473
0.058430
0.053621
0.056685
0.054974
0.052791
0.053919
0.054118
0.053706
0.054232
0.055893
0.053841
0.063662
0.053785
0.053919
0.054733
0.054845
0.053073
0.053180
0.053531
0.072452
0.054543
0.054834
0.053039
0.053175
0.053360
0.054029
0.055565
0.056441
0.054294
0.054478
0.054003
0.055266
0.055029
0.054787
0.053396
0.053512
0.053263
0.055344
0.054568
0.055014
0.054157
0.055962
0.055813
0.054327
0.054142
0.055151
0.053586
0.054670
0.054354
0.053621
0.054268
0.055205
0.052699
0.054815
0.054015
0.053867
0.054439
0.056649
0.053773
0.053850
0.053682
0.053958
0.056078
0.066065
0.054216
0.054176
0.054255
0.054756
0.055174
0.055993
0.053062
0.053082
0.053351
0.055916
0.054513
0.054924
0.053341
0.053653
0.056893
0.055396
0.055695
0.054845
0.053386
0.053602
0.053382
0.056090
0.056509
0.054694
0.053838
0.054961
0.054265
0.054553
0.054639
0.054309
0.053614
0.053770
0.054023
0.053631
0.054135
0.054442
0.052684
0.053877
0.054012
0.053543
0.054149
0.055201
0.053726
0.053213
0.053840
0.054112
0.055290
0.055799
0.053978
0.052977
0.053618
0.054116
0.054058
0.056443
0.053632
0.054230
0.057569
0.065087
0.054535
0.054742
0.053287
0.053405
0.054807
0.058444
0.056136
0.054683
0.052791
0.053196
0.053604
0.053940
0.054370
0.054934
0.052824
0.053961
0.054232
0.053717
0.054212
0.054678
0.053585
0.054656
0.054384
0.053653
0.054511
0.055106
0.053212
0.056191
0.054102
0.053878
0.054699
0.056322
0.056616
0.054068
0.053883
0.054134
0.054598
0.054917
0.053757
0.053065
0.053293
0.053796
0.053963
0.055469
0.053658
0.063344
0.053363
0.053974
0.054327
0.056484
0.053134
0.053121
0.053582
0.054435
0.054674
0.054403
0.053524
0.053701
0.053880
0.054457
0.054982
0.055059
0.053568
0.054979
0.054054
0.054320
0.054722
0.056367
0.053702
0.053837
0.054228
0.053663
0.054350
0.054392
0.052734
0.053859
0.054024
0.053526
0.054051
0.055610
0.053755
0.053103
0.053341
0.053596
0.054930
0.055889
0.054007
0.053071
0.053833
0.054260
0.053741
0.056525
0.053610
0.053372
0.054001
0.055571
0.055117
0.055379
0.063610
0.053681
0.053654
0.054584
0.054624
0.054244
0.053299
0.053599
0.053700
0.054426
0.057336
0.055266
0.053812
0.054314
0.053879
0.054750
0.056588
0.056164
0.053731
0.053864
0.054285
0.053592
0.054186
0.054352
0.052790
0.053878
0.054067
0.053607
0.054109
0.055727
0.053724
0.052992
0.055049
0.053751
0.055134
0.055237
0.053678
0.053051
0.053423
0.053759
0.054388
0.055661
0.053598
0.053090
0.053250
0.054526
0.055048
0.054340
0.052964
0.053556
0.054016
0.055373
0.055112
0.054735
0.053383
0.063748
0.053500
0.054641
0.054077
0.054833
0.053730
0.054173
0.054356
0.057456
0.064397
0.056436
0.058861
0.055823
0.055135
0.054886
0.055523
0.056228
0.053678
0.056375
0.054330
0.054031
0.055303
0.056313
0.053701
0.053770
0.053716
0.053694
0.054887
0.055492
0.053679
0.053007
0.056712
0.053807
0.054161
0.055690
0.053697
0.053131
0.053232
0.054626
0.055167
0.055936
0.052915
0.053027
0.054075
0.054485
0.055068
0.064835
0.053035
0.053161
0.053282
0.053755
0.054412
0.054100
0.052927
0.053381
0.053410
0.053736
0.054578
0.054446
0.053084
0.053314
0.058734
0.053876
0.054273
0.054913
0.052824
0.053883
0.054105
0.053551
0.054535
0.055933
0.053860
0.053243
0.053380
0.053579
0.055065
0.055506
0.053655
0.053102
0.053874
0.054040
0.054043
0.065727
0.053295
0.053585
0.054223
0.054846
0.054668
0.055534
0.055692
0.055662
0.054576
0.054526
0.054702
0.054625
0.053490
0.054090
0.053477
0.055290
0.054975
0.054585
0.055224
0.054934
0.054083
0.054726
0.054637
0.056334
0.056574
0.053939
0.054180
0.053677
0.054166
0.054328
0.052785
0.053874
0.054093
0.053755
0.054535
0.055235
0.053706
0.053338
0.053396
0.053716
0.054971
0.054901
0.053700
0.053016
0.053222
0.053678
0.055460
0.054158
0.058194
0.051193
0.051275
0.051715
0.052423
0.052542
0.050824
0.051042
0.051226
0.051717
0.052574
0.052626
0.050912
0.051290
0.051716
0.051814
0.052519
0.052651
0.050947
0.051391
0.051345
0.051737
0.052555
0.052711
0.050932
0.051340
0.051409
0.051714
0.052450
0.052758
0.050867
0.051100
0.051433
0.051882
0.052475
0.052903
0.050892
0.051166
0.051333
0.051874
0.053839
0.052781
0.050915
0.051188
0.051487
0.051806
0.052633
0.052602
0.050907
0.051108
0.051293
0.051809
0.056440
0.052960
0.051035
0.051281
0.051430
0.051782
0.059903
0.052499
0.050861
0.051168
0.051302
0.051508
0.052126
0.052301
0.050781
0.051117
0.051378
0.051708
0.052516
0.052808
0.051121
0.051280
0.051590
0.051782
0.052448
0.053025
0.051135
0.051293
0.051679
0.051716
0.052364
0.053112
0.051238
0.051225
0.051726
0.051861
0.052492
0.052491
0.051128
0.051271
0.051575
0.052101
0.052582
0.053023
0.051037
0.051268
0.051339
0.054454
0.052894
0.053934
0.051886
0.052794
0.051867
0.051892
0.052714
0.052446
0.050860
0.051279
0.051679
0.051751
0.059628
0.052393
0.050910
0.051089
0.051260
0.051518
0.052162
0.052230
0.050824
0.051103
0.051345
0.051611
0.052247
0.052648
0.051087
0.051281
0.066860
0.053834
0.053305
0.052941
0.050989
0.051161
0.051420
0.051902
0.052500
0.052678
0.050886
0.051134
0.051333
0.051825
0.052319
0.052371
0.050897
0.051146
0.051286
0.051935
0.051859
0.052767
0.050856
0.051145
0.051415
0.054073
0.053345
0.053501
0.052047
0.052217
0.053481
0.052112
0.052427
0.052975
0.051001
0.051339
0.051616
0.051835
0.052271
0.060133
0.051103
0.052422
0.051328
0.051674
0.052212
0.052463
0.050828
0.050960
0.051401
0.051710
0.052441
0.052819
0.050993
0.051365
0.051638
0.051799
0.052584
0.053625
0.053271
0.051341
0.051518
0.052040
0.052567
0.052810
0.051091
0.051230
0.051670
0.051975
0.052493
0.053279
0.052759
0.051350
0.051772
0.051923
0.052722
0.053086
0.053680
0.051420
0.051466
0.052133
0.052568
0.052999
0.051029
0.053494
0.051645
0.051904
0.052670
0.054634
0.051186
0.051238
0.051712
0.052093
0.051811
0.053019
0.051039
0.058634
0.051616
0.051788
0.052155
0.052568
0.051055
0.051263
0.051575
0.051815
0.052414
0.052835
0.050804
0.052331
0.051712
0.051991
0.052546
0.052873
0.050949
0.051147
0.051572
0.051787
0.052598
0.052828
0.050821
0.051339
0.051685
0.051871
0.052175
0.052766
0.050700
0.051276
0.051339
0.051801
0.051934
0.052875
0.050951
0.051386
0.051762
0.051846
0.051932
0.052984
0.051063
0.051370
0.051632
0.051827
0.051838
0.052966
0.050977
0.051163
0.051408
0.051712
0.051841
0.052993
0.051160
0.051150
0.051476
0.051830
0.051946
0.055947
0.051205
0.058744
0.051438
0.051617
0.051687
0.052577
0.050880
0.050971
0.051140
0.051764
0.051798
0.052815
0.051071
0.051324
0.051683
0.051847
0.051931
0.052929
0.051180
0.052127
0.051431
0.051827
0.052311
0.052839
0.050835
0.051230
0.051280
0.051748
0.051887
0.052886
0.050849
0.051159
0.051624
0.051780
0.051801
0.052992
0.050785
0.051063
0.051497
0.051723
0.052170
0.052893
0.051130
0.051157
0.051511
0.051934
0.053886
0.053016
0.050999
0.051404
0.051585
0.052186
0.052598
0.052932
0.051043
0.051121
0.051336
0.052093
0.052724
0.052889
0.051044
0.051221
0.058873
0.052147
0.051763
0.052595
0.050881
0.051175
0.051280
0.051784
0.051790
0.052750
0.050925
0.051277
0.051385
0.054914
0.052846
0.053028
0.052116
0.052263
0.053610
0.052034
0.052194
0.053002
0.051001
0.051193
0.051688
0.051829
0.054532
0.055092
0.050943
0.051193
0.051375
0.051883
0.052862
0.054641
0.050944
0.051178
0.051433
0.053753
0.053529
0.053899
0.051892
0.052123
0.052377
0.053015
0.053585
0.053841
0.051773
0.052093
0.052407
0.052954
0.053164
0.053779
0.051816
0.052235
0.052199
0.052739
0.052878
0.053799
0.051834
0.052146
0.052278
0.060253
0.053023
0.053581
0.051811
0.052028
0.053392
0.052388
0.052586
0.053659
0.051735
0.052148
0.052238
0.052834
0.052973
0.054030
0.051951
0.052073
0.052489
0.052723
0.052930
0.053902
0.051899
0.052081
0.052485
0.052901
0.053492
0.053947
0.051797
0.051989
0.055424
0.055147
0.052975
0.054142
0.050940
0.051182
0.051676
0.051749
0.052182
0.054157
0.050893
0.051226
0.051285
0.051771
0.051924
0.052930
0.050915
0.051234
0.051807
0.051807
0.051928
0.052732
0.051010
0.051259
0.051362
0.051827
0.051948
0.052901
0.050888
0.051278
0.051629
0.051989
0.052445
0.060509
0.051013
0.051019
0.051232
0.051526
0.052377
0.052412
0.052462
0.051923
0.052511
0.051910
0.051780
0.053005
0.050965
0.051298
0.051667
0.051990
0.052259
0.052981
0.051008
0.051300
0.051569
0.052077
0.051949
0.053066
0.051055
0.051414
0.051717
0.052106
0.052146
0.052926
0.051027
0.051664
0.051511
0.053192
0.052637
0.053697
0.050897
0.051161
0.051626
0.051700
0.052520
0.053018
0.053390
0.051408
0.051446
0.051937
0.051893
0.052993
0.050920
0.051137
0.051430
0.051731
0.051946
0.053005
0.050927
0.051131
0.051290
0.051818
0.051901
0.052888
0.051018
0.058484
0.051409
0.051916
0.051841
0.052576
0.050958
0.050973
0.051216
0.051661
0.052337
0.052865
0.050868
0.051404
0.051500
0.052097
0.052403
0.052998
0.050949
0.051319
0.051399
0.051879
0.052464
0.052972
0.051074
0.051300
0.051560
0.051775
0.052039
0.052957
0.050907
0.051151
0.051414
0.051872
0.051845
0.052968
0.051019
0.051152
0.051460
0.053179
0.052065
0.052954
0.058265
0.051172
0.051282
0.051695
0.051861
0.052561
0.050931
0.051078
0.051296
0.051739
0.051839
0.052868
0.050961
0.051252
0.051649
0.051953
0.051940
0.056365
0.051044
0.051279
0.051511
0.051860
0.051986
0.052923
0.050991
0.051259
0.051389
0.051794
0.052003
0.052824
0.051027
0.051271
0.051321
0.051845
0.051926
0.052966
0.050863
0.051145
0.051369
0.051873
0.052197
0.052687
0.050909
0.051212
0.051349
0.051918
0.052631
0.060201
0.050955
0.051063
0.051323
0.051606
0.051658
0.052640
0.050799
0.051006
0.051321
0.051843
0.052491
0.053079
0.051209
0.051509
0.052466
0.054617
0.051836
0.052825
0.050781
0.051114
0.051332
0.051828
0.051813
0.052783
0.050867
0.051081
0.051543
0.051888
0.051747
0.052921
0.051762
0.052118
0.052222
0.053604
0.053003
0.054185
0.050684
0.051151
0.051552
0.051648
0.054341
0.052802
0.050861
0.051011
0.051438
0.051581
0.054771
0.053032
0.050998
0.051151
0.058741
0.051814
0.051947
0.052670
0.050904
0.051095
0.051331
0.051697
0.052325
0.052366
0.050959
0.051017
0.051392
0.051897
0.052754
0.052682
0.050760
0.051219
0.051313
0.051664
0.051965
0.052867
0.050853
0.051422
0.051590
0.051755
0.052417
0.052881
0.050926
0.054179
0.051517
0.051783
0.052610
0.054811
0.050920
0.051160
0.051737
0.052801
0.052760
0.053926
0.051803
0.052013
0.052903
0.051815
0.051935
0.052835
0.050820
0.051159
0.051569
0.051815
0.051905
0.053011
0.050898
0.051085
0.058632
0.051855
0.052088
0.052595
0.051094
0.051148
0.051416
0.051838
0.051842
0.052897
0.050928
0.051279
0.051729
0.052116
0.052113
0.053047
0.051052
0.051327
0.054808
0.052118
0.052076
0.053121
0.051085
0.051505
0.051373
0.051776
0.052188
0.053011
0.050862
0.051190
0.051449
0.051863
0.051977
0.052952
0.051005
0.051203
0.051589
0.051966
0.052140
0.052865
0.050993
0.052256
0.052532
0.053638
0.052543
0.052940
0.050948
0.051238
0.058767
0.051784
0.051926
0.052434
0.050824
0.051046
0.051271
0.051592
0.051737
0.052770
0.050887
0.051290
0.051496
0.051862
0.052034
0.052785
0.050942
0.051309
0.051560
0.051728
0.052472
0.052966
0.050871
0.051233
0.051440
0.051831
0.052069
0.052837
0.050778
0.051234
0.051350
0.051625
0.051914
0.052958
0.050992
0.051172
0.051476
0.051819
0.052225
0.052971
0.050980
0.051097
0.059067
0.051910
0.052014
0.052712
0.050902
0.053938
0.051515
0.051861
0.051913
0.052881
0.050948
0.051209
0.051473
0.052107
0.052202
0.053103
0.051066
0.051443
0.051848
0.053565
0.067039
0.054626
0.051183
0.051420
0.051634
0.051999
0.052576
0.053013
0.050991
0.051116
0.051565
0.051821
0.051858
0.052984
0.051172
0.053089
0.051314
0.051960
0.051874
0.052974
0.050857
0.051230
0.051309
0.059035
0.052152
0.052784
0.050800
0.051087
0.051259
0.051608
0.051691
0.052615
0.050794
0.051096
0.051523
0.051908
0.052607
0.053129
0.051125
0.051026
0.051450
0.051816
0.051881
0.052974
0.050855
0.051273
0.051613
0.052141
0.052342
0.053058
0.051065
0.051424
0.051542
0.051934
0.052035
0.052813
0.051031
0.051310
0.051616
0.051881
0.051877
0.056185
0.051146
0.051224
0.051417
0.053204
0.053588
0.054021
0.052100
0.051167
0.051556
0.051973
0.052029
0.053009
0.050953
0.058461
0.051365
0.051805
0.051858
0.052582
0.050892
0.051083
0.051326
0.051590
0.051795
0.052673
0.050790
0.051157
0.051365
0.051964
0.052000
0.052937
0.050947
0.052255
0.052151
0.052654
0.053880
0.052782
0.050900
0.051352
0.051212
0.051831
0.052514
0.052638
0.050894
0.051183
0.051409
0.051763
0.051834
0.052975
0.050790
0.051159
0.051577
0.051781
0.052096
0.052969
0.050950
0.051117
0.051273
0.051924
0.052005
0.053081
0.051090
0.051290
0.051609
0.051954
0.051957
0.053028
0.050965
0.051131
0.051546
0.051875
0.053871
0.054990
0.058500
0.051271
0.051383
0.051750
0.054386
0.052632
0.050720
0.051002
0.051317
0.051695
0.051788
0.052886
0.050988
0.051290
0.051486
0.053537
0.052908
0.054004
0.052315
0.051270
0.051490
0.051728
0.052568
0.052992
0.051025
0.051153
0.051530
0.051701
0.052073
0.052476
0.050939
0.051124
0.051216
0.051841
0.051917
0.053009
0.051083
0.051282
0.051410
0.051875
0.051927
0.053014
0.050978
0.051160
0.051420
0.051822
0.052273
0.052708
0.051028
0.051276
0.051738
0.052034
0.051983
0.053095
0.051132
0.051311
0.058666
0.051907
0.052270
0.052642
0.050897
0.051134
0.051277
0.051523
0.078428
0.052659
0.050909
0.051196
0.051389
0.051878
0.052680
0.053001
0.050890
0.051150
0.051575
0.051842
0.052290
0.053081
0.050965
0.051269
0.051473
0.057749
0.052489
0.052949
0.050903
0.051129
0.051743
0.051836
0.052165
0.052726
0.050930
0.051314
0.051501
0.051856
0.051981
0.052846
0.050974
0.051157
0.051304
0.051949
0.052589
0.052926
0.050893
0.051270
0.051324
0.051916
0.052606
0.052718
0.051084
0.058836
0.051603
0.051773
0.051918
0.052451
0.050871
0.051234
0.051277
0.051808
0.051782
0.052882
0.050987
0.051232
0.051602
0.052116
0.052653
0.053154
0.051087
0.051253
0.051540
0.053350
0.052464
0.053001
0.051012
0.051261
0.051478
0.051875
0.052344
0.052946
0.050986
0.051179
0.051504
0.051902
0.052047
0.052652
0.050987
0.051086
0.051413
0.051955
0.052385
0.052940
0.050815
0.051399
0.051358
0.051809
0.052093
0.052861
0.051003
0.051369
0.055507
0.051947
0.052138
0.060158
0.051139
0.051252
0.051507
0.051898
0.052051
0.052865
0.050915
0.051152
0.051601
0.051775
0.051869
0.053124
0.051192
0.051421
0.051506
0.051909
0.051986
0.053080
0.051107
0.051212
0.051674
0.052173
0.051897
0.052907
0.051009
0.051244
0.051277
0.052158
0.052032
0.052940
0.051030
0.051282
0.051709
0.051804
0.052612
0.052935
0.050864
0.051288
0.051576
0.051757
0.052249
0.052876
0.050921
0.051242
0.051509
0.051709
0.052457
0.052842
0.050950
0.051249
0.058674
0.051736
0.052098
0.054883
0.050754
0.050985
0.051202
0.051728
0.051776
0.052911
0.051121
0.051078
0.051724
0.051987
0.052104
0.053019
0.050845
0.051617
0.052777
0.053132
0.053706
0.053942
0.054874
0.052207
0.052383
0.053498
0.053742
0.052916
0.050971
0.051354
0.051456
0.051774
0.052185
0.052750
0.050837
0.051301
0.051400
0.051859
0.052045
0.052897
0.051057
0.051212
0.051626
0.051874
0.052282
0.052952
0.051004
0.052532
0.054352
0.053102
0.052138
0.053004
0.050839
0.051091
0.051627
0.051930
0.052130
0.060039
0.050955
0.051041
0.051504
0.051645
0.052317
0.052794
0.050823
0.051067
0.051227
0.051872
0.052169
0.052929
0.050955
0.051206
0.051471
0.052088
0.052367
0.052855
0.050884
0.051199
0.052259
0.053436
0.053986
0.053051
0.050982
0.051318
0.051470
0.051720
0.052676
0.052900
0.051018
0.051299
0.051742
0.052013
0.052493
0.052779
0.051076
0.051199
0.051620
0.051824
0.055267
0.053276
0.050838
0.051278
0.051344
0.051820
0.052472
0.053002
0.050875
0.051081
0.051573
0.058966
0.052196
0.052834
0.050823
0.061761
0.052354
0.052847
0.052446
0.052758
0.050872
0.051096
0.051294
0.052075
0.052717
0.052949
0.050924
0.051136
0.051474
0.051879
0.052463
0.052909
0.050834
0.051324
0.051329
0.051684
0.052604
0.052672
0.050860
0.051113
0.051455
0.051674
0.052423
0.053037
0.051072
0.051247
0.051689
0.051924
0.053921
0.052827
0.050953
0.051180
0.051509
0.052010
0.052632
0.052964
0.051170
0.051226
0.051708
0.052123
0.059747
0.052676
0.051052
0.051094
0.051240
0.051786
0.052149
0.052473
0.050786
0.051070
0.051291
0.051989
0.052441
0.052823
0.051298
0.051181
0.054712
0.051824
0.052575
0.052752
0.051095
0.051415
0.051743
0.059924
0.053274
0.055074
0.050905
0.051422
0.051820
0.051938
0.052663
0.053016
0.051048
0.051186
0.051542
0.051832
0.052579
0.052964
0.050910
0.051181
0.051647
0.051886
0.052532
0.053016
0.050966
0.051107
0.051602
0.051922
0.052500
0.052908
0.051035
0.051207
0.051418
0.051939
0.059542
0.052744
0.050802
0.051008
0.051400
0.051601
0.052363
0.052654
0.050813
0.050992
0.051349
0.051751
0.052562
0.052896
0.051011
0.051252
0.051357
0.051971
0.052555
0.052800
0.050982
0.051379
0.051492
0.051747
0.052626
0.052874
0.050982
0.051430
0.051673
0.059370
0.052339
0.052716
0.050727
0.051005
0.051309
0.052713
0.053233
0.054388
0.053718
0.051326
0.051740
0.051743
0.052598
0.053232
0.050976
0.051166
0.051601
0.051815
0.052316
0.052452
0.050977
0.051088
0.051521
0.051704
0.052616
0.052904
0.050882
0.051176
0.051437
0.051803
0.051959
0.052331
0.050712
0.051208
0.058707
0.051764
0.051872
0.052574
0.050706
0.051197
0.051358
0.051452
0.052087
0.052602
0.050904
0.051125
0.051330
0.051574
0.051967
0.052956
0.050787
0.051146
0.051363
0.051631
0.051864
0.052945
0.050844
0.051120
0.051703
0.051707
0.051868
0.052871
0.050884
0.051122
0.051258
0.051789
0.051814
0.052874
0.051098
0.051137
0.051428
0.051913
0.052430
0.052833
0.052056
0.051892
0.051603
0.059116
0.052226
0.052608
0.050841
0.051185
0.051394
0.051600
0.054625
0.052807
0.050807
0.051333
0.051647
0.051763
0.052720
0.052931
0.051043
0.051277
0.051413
0.051947
0.052525
0.053114
0.050987
0.051247
0.051408
0.051737
0.052539
0.052982
0.051063
0.051190
0.051643
0.051920
0.052258
0.052897
0.051059
0.051334
0.051394
0.052061
0.051982
0.052957
0.051557
0.052340
0.051655
0.052011
0.052315
0.052936
0.058591
0.051317
0.051498
0.051942
0.051966
0.052631
0.050958
0.051373
0.051612
0.051897
0.051999
0.052924
0.051010
0.051606
0.051926
0.051867
0.052551
0.055176
0.052295
0.051293
0.051409
0.051918
0.051895
0.052970
0.050879
0.051151
0.051362
0.051707
0.052331
0.053014
0.050979
0.051167
0.051375
0.051902
0.051998
0.053000
0.050993
0.051239
0.054338
0.051836
0.052153
0.052932
0.050968
0.051086
0.051569
0.051877
0.052033
0.052935
0.050817
0.051240
0.051472
0.059173
0.052354
0.052716
0.050741
0.051103
0.051174
0.051543
0.051947
0.052919
0.050909
0.051174
0.051574
0.051801
0.053036
0.053384
0.050972
0.051206
0.051451
0.051768
0.052004
0.052914
0.050945
0.051105
0.051480
0.051764
0.052020
0.052995
0.050894
0.051045
0.051316
0.053101
0.052690
0.054393
0.051039
0.051199
0.051473
0.051828
0.051917
0.052884
0.050974
0.051118
0.051274
0.051794
0.052035
0.052826
0.050956
0.051246
0.051461
0.051938
0.052744
0.052915
0.050748
0.051247
0.051508
0.051879
0.052510
0.052830
0.050846
0.058627
0.051409
0.051683
0.052265
0.052538
0.054369
0.050964
0.051018
0.051573
0.052103
0.052490
0.050763
0.051054
0.051385
0.051966
0.052520
0.052867
0.050910
0.051147
0.051600
0.051663
0.052527
0.052501
0.050811
0.051060
0.051269
0.051711
0.052103
0.052919
0.050755
0.051110
0.051539
0.051792
0.052632
0.052247
0.050885
0.051155
0.051416
0.051775
0.054834
0.054777
0.050896
0.051196
0.051414
0.051709
0.052610
0.052895
0.050971
0.058731
0.051401
0.051510
0.052274
0.052631
0.050766
0.051154
0.051336
0.051597
0.052282
0.052940
0.050899
0.051205
0.051404
0.051775
0.052394
0.052887
0.050957
0.051076
0.051512
0.051819
0.052364
0.052956
0.051076
0.051180
0.051692
0.051891
0.052365
0.052907
0.050980
0.051291
0.051587
0.051884
0.055489
0.053113
0.050979
0.051290
0.051641
0.052035
0.052539
0.053037
0.050971
0.051388
0.051512
0.051828
0.052390
0.052441
0.051055
0.051361
0.051433
0.051716
0.059656
0.052449
0.050955
0.053951
0.051257
0.051531
0.053188
0.052666
0.050791
0.051018
0.051447
0.051724
0.052673
0.052671
0.051235
0.051203
0.051768
0.051835
0.052705
0.052988
0.050948
0.051275
0.051298
0.052019
0.052567
0.052686
0.050937
0.051208
0.051429
0.052045
0.052596
0.052919
0.050934
0.051337
0.051604
0.051860
0.052537
0.052934
0.050833
0.051283
0.051623
0.051781
0.052618
0.052888
0.051027
0.051393
0.051620
0.051814
0.052068
0.052872
0.050953
0.051246
0.051644
0.059292
0.052524
0.052708
0.050829
0.051117
0.053923
0.051572
0.052267
0.054428
0.050828
0.051082
0.051529
0.051826
0.052238
0.053110
0.050891
0.051110
0.051495
0.051752
0.070950
0.052987
0.050979
0.051169
0.051583
0.051910
0.051928
0.052919
0.051009
0.051334
0.051394
0.051737
0.051973
0.052898
0.050944
0.051277
0.051374
0.051874
0.051929
0.052842
0.050951
0.051408
0.051581
0.051714
0.052614
0.054728
0.051936
0.052983
0.053062
0.051772
0.051896
0.052979
0.050936
0.058560
0.051292
0.051874
0.051714
0.052586
0.050756
0.051047
0.051228
0.051628
0.051764
0.052816
0.050903
0.051212
0.051741
0.052278
0.051983
0.053022
0.051054
0.051367
0.051352
0.051920
0.052114
0.052934
0.051044
0.051408
0.051461
0.052044
0.051985
0.055697
0.051231
0.051391
0.051790
0.052853
0.052878
0.054722
0.050942
0.051365
0.051549
0.051757
0.052529
0.052969
0.050918
0.051327
0.051525
0.051761
0.051859
0.053014
0.050950
0.051145
0.058857
0.051791
0.052071
0.052570
0.050800
0.051002
0.051587
0.051748
0.052181
0.052891
0.050932
0.051369
0.051362
0.052148
0.052751
0.053042
0.051039
0.051251
0.051446
0.052085
0.052610
0.052913
0.051085
0.051302
0.051488
0.051920
0.052662
0.053018
0.050986
0.051381
0.051382
0.052058
0.052353
0.053245
0.051064
0.051291
0.051680
0.052005
0.052586
0.053085
0.051033
0.051239
0.051567
0.051868
0.052548
0.053016
0.050946
0.058923
0.051434
0.052706
0.052214
0.052735
0.051085
0.051026
0.051166
0.054260
0.052566
0.052874
0.050935
0.051168
0.051585
0.051992
0.052575
0.052984
0.050949
0.051267
0.051698
0.052019
0.052497
0.052998
0.051116
0.051304
0.051657
0.051812
0.052428
0.053103
0.051008
0.051357
0.051768
0.051813
0.052482
0.053015
0.051010
0.051336
0.051525
0.051803
0.052377
0.052569
0.050950
0.051202
0.051669
0.051660
0.052609
0.052613
0.051019
0.051305
0.051734
0.051884
0.052396
0.059936
0.051159
0.051112
0.051519
0.051517
0.052123
0.052313
0.050794
0.051010
0.051254
0.051746
0.052284
0.052510
0.051061
0.051236
0.051634
0.051945
0.052355
0.052387
0.051889
0.051081
0.051664
0.052072
0.054781
0.054449
0.051738
0.052127
0.052206
0.052647
0.053499
0.054631
0.055501
0.052607
0.053226
0.052498
0.053537
0.053784
0.051838
0.052095
0.052478
0.052755
0.053264
0.053380
0.051883
0.051983
0.052296
0.052871
0.053323
0.053939
0.051863
0.052054
0.052484
0.052828
0.053294
0.053447
0.051893
0.059530
0.052205
0.052670
0.052745
0.053561
0.051694
0.051801
0.051994
0.052588
0.052717
0.053931
0.051987
0.052163
0.052542
0.052938
0.052861
0.053732
0.051806
0.052198
0.052412
0.053054
0.053700
0.053894
0.051974
0.052175
0.052764
0.052733
0.054872
0.054123
0.051914
0.052085
0.052431
0.052710
0.052801
0.053856
0.051883
0.052083
0.052663
0.052783
0.052823
0.053414
0.051823
0.052069
0.052531
0.052821
0.053341
0.053354
0.051832
0.051986
0.052235
0.055377
0.053444
0.053777
0.051889
0.052209
0.052364
0.060583
0.053430
0.053690
0.051845
0.052011
0.052155
0.052537
0.053297
0.053513
0.051694
0.052054
0.052254
0.052807
0.053776
0.053730
0.051803
0.052244
0.052537
0.052700
0.053452
0.053934
0.051957
0.052253
0.052638
0.052948
0.053570
0.053760
0.051823
0.052208
0.052407
0.052736
0.053396
0.053911
0.051957
0.052173
0.052461
0.056260
0.053575
0.053870
0.051905
0.052095
0.052188
0.052950
0.053449
0.053829
0.051870
0.052004
0.052586
0.052989
0.060889
0.053564
0.051821
0.053131
0.052884
0.052998
0.053696
0.054063
0.052218
0.052163
0.052674
0.053016
0.054438
0.054091
0.052002
0.052927
0.052961
0.051797
0.052639
0.053027
0.055619
0.051256
0.051539
0.051901
0.052517
0.052991
0.050894
0.051190
0.051378
0.051732
0.052350
0.052993
0.050936
0.051180
0.051586
0.051813
0.052371
0.052865
0.050898
0.051300
0.058678
0.051693
0.052365
0.052633
0.050998
0.051010
0.051337
0.051650
0.052226
0.052713
0.050974
0.053666
0.055543
0.051926
0.052882
0.052962
0.050855
0.051364
0.051596
0.051851
0.052344
0.052854
0.050861
0.051316
0.051607
0.051787
0.052541
0.052950
0.050860
0.051245
0.051333
0.051708
0.052293
0.052375
0.050721
0.051089
0.051326
0.051717
0.052347
0.052381
0.050799
0.051139
0.051566
0.051744
0.052325
0.052366
0.050795
0.051045
0.051259
0.051812
0.059674
0.052426
0.050836
0.050968
0.051221
0.051823
0.054850
0.052922
0.051018
0.051306
0.051431
0.051945
0.052666
0.052884
0.051113
0.051308
0.051784
0.052173
0.052647
0.052977
0.051021
0.051395
0.051481
0.051712
0.052420
0.053070
0.051105
0.052420
0.052491
0.053260
0.052217
0.053043
0.050886
0.051221
0.051585
0.051730
0.052393
0.052989
0.050855
0.051059
0.051463
0.051887
0.052493
0.052927
0.051827
0.052916
0.060144
0.052724
0.053761
0.052729
0.050858
0.051054
0.051209
0.051712
0.052506
0.052848
0.050817
0.051157
0.051424
0.051889
0.052538
0.052927
0.050768
0.051195
0.051562
0.051894
0.052396
0.052975
0.051001
0.051308
0.051440
0.051780
0.052451
0.053027
0.050960
0.051210
0.051648
0.059374
0.052194
0.052697
0.050800
0.053931
0.051572
0.051629
0.052418
0.052797
0.050954
0.052025
0.052762
0.071231
0.053502
0.054156
0.051918
0.052186
0.052549
0.054081
0.055791
0.053039
0.050992
0.051166
0.051618
0.052362
0.052682
0.052419
0.050821
0.052801
0.051611
0.051881
0.052306
0.052405
0.050817
0.051146
0.051259
0.051889
0.052417
0.052327
0.050883
0.051320
0.051562
0.051743
0.052340
0.052479
0.050767
0.051242
0.051364
0.051934
0.052596
0.052723
0.050841
0.051090
0.051666
0.052172
0.060837
0.056963
0.051892
0.051981
0.052192
0.056027
0.052831
0.053461
0.051925
0.052326
0.052269
0.052980
0.053448
0.053800
0.053589
0.052286
0.052949
0.052986
0.053775
0.054089
0.052115
0.052508
0.052421
0.052979
0.058233
0.054110
0.051956
0.052177
0.085265
0.053510
0.052755
0.053011
0.051164
0.051301
0.051756
0.052059
0.052341
0.053011
0.050873
0.051390
0.051498
0.051878
0.052633
0.052994
0.050859
0.051197
0.051451
0.051722
0.059556
0.052725
0.050829
0.050863
0.051320
0.051558
0.052223
0.052622
0.050716
0.051015
0.051219
0.051744
0.052488
0.052835
0.051015
0.051114
0.051431
0.052022
0.052548
0.054894
0.051017
0.051305
0.051629
0.054428
0.052592
0.052934
0.050907
0.051285
0.051549
0.051778
0.052495
0.052625
0.051500
0.051263
0.051508
0.051816
0.052677
0.053058
0.050896
0.051166
0.051513
0.051799
0.052510
0.053017
0.050833
0.052724
0.051988
0.053377
0.059364
0.052655
0.050890
0.054417
0.051582
0.051701
0.052372
0.052842
0.050898
0.051013
0.051469
0.051894
0.052342
0.053031
0.050924
0.051185
0.051417
0.051877
0.052531
0.052846
0.050927
0.062335
0.052473
0.053582
0.052558
0.052986
0.051034
0.051291
0.051481
0.051776
0.052256
0.052423
0.051042
0.051250
0.051761
0.051875
0.052050
0.052477
0.050968
0.051301
0.051415
0.051790
0.052011
0.052540
0.050952
0.051249
0.051453
0.052000
0.052471
0.053068
0.051092
0.051201
0.051584
0.052285
0.052149
0.052610
0.058627
0.051127
0.051587
0.051860
0.051969
0.052191
0.051071
0.052602
0.052000
0.055261
0.052387
0.052859
0.051031
0.051238
0.051707
0.051830
0.052390
0.052477
0.050844
0.051230
0.051467
0.051664
0.052386
0.055880
0.050798
0.051335
0.051889
0.053546
0.052571
0.053029
0.050845
0.051152
0.051417
0.051982
0.052505
0.052703
0.051659
0.052030
0.052434
0.052784
0.053547
0.052671
0.050940
0.051204
0.051483
0.051788
0.052481
0.052924
0.050967
0.051204
0.051307
0.051806
0.052535
0.052962
0.050914
0.058586
0.051292
0.051764
0.052337
0.052624
0.050798
0.051096
0.051231
0.051711
0.052345
0.052644
0.050829
0.051332
0.051523
0.051859
0.052453
0.052606
0.050901
0.051262
0.051325
0.051839
0.053518
0.054233
0.050988
0.051208
0.051342
0.051757
0.052445
0.053025
0.050885
0.051096
0.051536
0.051683
0.052331
0.052860
0.050896
0.051125
0.051565
0.052648
0.053230
0.053759
0.051798
0.053221
0.054741
0.051929
0.052402
0.052955
0.050909
0.051093
0.051279
0.051913
0.052630
0.052831
0.050886
0.051066
0.051308
0.051997
0.052375
0.052838
0.058080
0.051198
0.051228
0.051536
0.052178
0.052478
0.050772
0.050963
0.051547
0.051695
0.052416
0.053014
0.050895
0.051370
0.051589
0.051647
0.052369
0.053044
0.050948
0.051264
0.051596
0.051687
0.052316
0.053025
0.051043
0.051178
0.052468
0.053724
0.052627
0.052908
0.053362
0.051288
0.051479
0.051721
0.052304
0.052925
0.051023
0.051040
0.051487
0.051817
0.052479
0.052903
0.051003
0.051216
0.051608
0.051925
0.052656
0.052924
0.050801
0.051203
0.051341
0.051721
0.052347
0.052833
0.050873
0.051150
0.058913
0.051680
0.052205
0.056711
0.050981
0.051044
0.051313
0.051410
0.052330
0.052733
0.050921
0.051114
0.051350
0.051832
0.052663
0.052838
0.051122
0.051345
0.051601
0.051920
0.052694
0.053174
0.051112
0.051228
0.051553
0.051954
0.052592
0.052992
0.051037
0.051197
0.051485
0.051976
0.052651
0.052947
0.051180
0.054235
0.051410
0.051808
0.052511
0.052961
0.050958
0.051396
0.051283
0.051697
0.052402
0.052879
0.050962
0.051203
0.051383
0.051970
0.052427
0.052934
0.050758
0.051168
0.051638
0.051923
0.059493
0.052843
0.050811
0.051117
0.051301
0.051398
0.052067
0.052612
0.050708
0.050936
0.051355
0.051703
0.052397
0.053049
0.050970
0.051094
0.051394
0.051962
0.052268
0.052940
0.050895
0.053940
0.051880
0.051949
0.052564
0.052993
0.050986
0.051227
0.051629
0.051917
0.052503
0.052963
0.050931
0.051314
0.051307
0.051777
0.052558
0.052886
0.050973
0.051271
0.051601
0.051911
0.052327
0.052988
0.050853
0.052783
0.051667
0.051807
0.052514
0.052954
0.058223
0.051164
0.051502
0.051594
0.052288
0.052507
0.050874
0.051068
0.051319
0.051717
0.052572
0.052694
0.050949
0.051310
0.051618
0.051911
0.053024
0.054505
0.050899
0.051159
0.051320
0.051867
0.052543
0.052745
0.051044
0.051252
0.051391
0.051762
0.052468
0.052680
0.050824
0.051158
0.051548
0.051758
0.052527
0.052669
0.050909
0.051792
0.052337
0.052774
0.052584
0.052830
0.051067
0.051333
0.051497
0.052029
0.056187
0.053191
0.050959
0.051211
0.051489
0.051859
0.052433
0.052781
0.058511
0.051269
0.051450
0.051726
0.051750
0.052806
0.051044
0.052186
0.052127
0.053183
0.054216
0.052844
0.050896
0.051176
0.051588
0.051928
0.052576
0.052715
0.051035
0.051298
0.051553
0.051931
0.051944
0.052960
0.050872
0.051274
0.051347
0.051806
0.051881
0.052682
0.050944
0.051297
0.051386
0.051768
0.052012
0.053002
0.050905
0.051524
0.052543
0.052707
0.053127
0.053774
0.052292
0.051145
0.051365
0.051698
0.051828
0.052976
0.050957
0.051192
0.051382
0.051891
0.059687
0.052541
0.050910
0.051998
0.052257
0.053329
0.054165
0.052406
0.050735
0.051010
0.051260
0.051823
0.052664
0.052802
0.051063
0.054483
0.051584
0.051756
0.052495
0.052454
0.050863
0.051303
0.051431
0.051882
0.053893
0.053703
0.051808
0.052259
0.052376
0.052810
0.053137
0.053331
0.051717
0.052169
0.052519
0.053890
0.051949
0.052431
0.050739
0.051123
0.051452
0.051693
0.052611
0.052726
0.050952
0.050980
0.051436
0.051674
0.052329
0.052342
0.050806
0.051244
0.051631
0.059265
0.051903
0.052497
0.050763
0.050908
0.051028
0.051441
0.052268
0.052657
0.050711
0.051035
0.051280
0.051749
0.052166
0.052579
0.051082
0.051385
0.051516
0.052134
0.052197
0.052895
0.051088
0.051360
0.051543
0.052077
0.052264
0.052879
0.050933
0.051297
0.051488
0.051757
0.052319
0.052537
0.050892
0.051085
0.052630
0.077551
0.055380
0.054026
0.052561
0.051739
0.051430
0.051814
0.052560
0.052760
0.058197
0.051138
0.051246
0.051642
0.052082
0.052248
0.050774
0.050909
0.051176
0.051708
0.052348
0.052377
0.050986
0.051322
0.051499
0.051731
0.052358
0.052394
0.050993
0.051201
0.051239
0.051735
0.052398
0.052358
0.050883
0.051102
0.051572
0.051714
0.052470
0.052449
0.050849
0.051133
0.051539
0.051690
0.052379
0.052533
0.050826
0.051224
0.051522
0.051617
0.052299
0.052896
0.051093
0.058297
0.051334
0.051637
0.052327
0.052345
0.050671
0.050876
0.051078
0.051606
0.052216
0.052797
0.050813
0.051030
0.051648
0.053252
0.053123
0.054256
0.051041
0.051194
0.051670
0.051858
0.052560
0.053002
0.050820
0.054240
0.051777
0.051903
0.052541
0.052882
0.050952
0.051377
0.051392
0.051804
0.052561
0.052543
0.051884
0.052632
0.054004
0.051812
0.052326
0.052455
0.050901
0.051158
0.051591
0.051904
0.052321
0.060108
0.050803
0.051056
0.051378
0.051517
0.052340
0.052484
0.050895
0.051118
0.051319
0.051855
0.052431
0.053014
0.050993
0.051300
0.051565
0.051850
0.052730
0.052484
0.052015
0.052144
0.053548
0.051860
0.052430
0.052948
0.051014
0.051335
0.051387
0.052134
0.052419
0.053024
0.051005
0.051311
0.051815
0.053193
0.052596
0.052970
0.050968
0.051163
0.051426
0.051807
0.051928
0.053080
0.050836
0.051150
0.051368
0.051915
0.052676
0.052883
0.050939
0.051093
0.051578
0.054628
0.052377
0.052950
0.058193
0.051167
0.051292
0.051769
0.052374
0.052555
0.050704
0.050915
0.051181
0.051624
0.052496
0.052850
0.050988
0.051184
0.051425
0.051988
0.052396
0.052885
0.051144
0.051301
0.052482
0.052770
0.053428
0.053834
0.051977
0.052629
0.051717
0.051778
0.052543
0.053044
0.050968
0.051197
0.051369
0.051908
0.052169
0.053022
0.051012
0.051133
0.051626
0.051827
0.052346
0.053031
0.051204
0.058826
0.051732
0.051572
0.052346
0.052702
0.050803
0.051001
0.051255
0.051690
0.052399
0.052856
0.050843
0.051180
0.051729
0.051962
0.052460
0.052411
0.051022
0.051151
0.051448
0.051783
0.052307
0.052919
0.050765
0.051182
0.051365
0.051695
0.052337
0.052835
0.058906
0.051340
0.051741
0.052117
0.051852
0.052961
0.050914
0.051289
0.051454
0.052002
0.052227
0.052943
0.050939
0.051199
0.051667
0.051748
0.052302
0.053046
0.051018
0.058453
0.051306
0.051800
0.052171
0.052607
0.050694
0.050883
0.051123
0.051631
0.052206
0.052840
0.050758
0.051094
0.051385
0.051985
0.052423
0.052887
0.050998
0.052259
0.051446
0.051972
0.052011
0.052894
0.050904
0.051222
0.051551
0.051815
0.052042
0.052863
0.050962
0.051189
0.051488
0.051905
0.051988
0.052988
0.050913
0.051196
0.051629
0.051813
0.051775
0.053044
0.050877
0.051234
0.051555
0.051835
0.059599
0.052965
0.050858
0.050976
0.051444
0.051598
0.052338
0.052689
0.050840
0.051135
0.054212
0.051812
0.052242
0.053012
0.051141
0.051164
0.051346
0.051933
0.052650
0.052934
0.051086
0.051239
0.051428
0.051846
0.051957
0.059829
0.050958
0.051147
0.051236
0.051550
0.052194
0.052479
0.050713
0.051070
0.051239
0.051734
0.052623
0.052850
0.050989
0.052223
0.051699
0.051751
0.052303
0.052945
0.051023
0.051320
0.051430
0.051881
0.052339
0.052804
0.050936
0.051084
0.051737
0.051796
0.052365
0.052971
0.050945
0.051107
0.051517
0.051851
0.052545
0.052771
0.050911
0.051025
0.051535
0.052042
0.059463
0.052624
0.050863
0.050959
0.051179
0.051617
0.052214
0.052613
0.050662
0.051199
0.051444
0.051872
0.052492
0.052858
0.051005
0.051317
0.051499
0.051914
0.052246
0.055953
0.051095
0.051290
0.051434
0.051906
0.051936
0.053005
0.051072
0.051230
0.051391
0.051751
0.051919
0.053022
0.051051
0.051176
0.051585
0.051901
0.052172
0.053080
0.051437
0.053564
0.051547
0.051945
0.051950
0.052874
0.050989
0.051257
0.058537
0.051876
0.051859
0.052536
0.050812
0.051119
0.051188
0.051559
0.051659
0.052652
0.050722
0.051193
0.051354
0.051764
0.051999
0.052817
0.050828
0.051290
0.051363
0.051683
0.052433
0.052956
0.050823
0.051219
0.051442
0.051695
0.051888
0.052977
0.050854
0.051110
0.051479
0.051718
0.051920
0.052929
0.050889
0.051179
0.051384
0.051829
0.051852
0.052948
0.051216
0.051084
0.051437
0.051935
0.051907
0.052909
0.050957
0.062274
0.051591
0.051718
0.053457
0.052563
0.050776
0.051010
0.051327
0.051751
0.051848
0.052903
0.051154
0.052362
0.051778
0.051829
0.051878
0.052818
0.050789
0.051302
0.051344
0.051524
0.052545
0.052351
0.050854
0.051238
0.051607
0.051733
0.052275
0.052798
0.050780
0.051050
0.051575
0.051573
0.052260
0.052359
0.050897
0.051027
0.051446
0.051713
0.052301
0.052710
0.050920
0.051158
0.051368
0.059073
0.051859
0.052667
0.050891
0.051064
0.051216
0.051750
0.052221
0.052696
0.050996
0.051167
0.051521
0.051927
0.052384
0.053132
0.051099
0.051405
0.051461
0.051790
0.052766
0.052734
0.050941
0.051285
0.051784
0.051754
0.052458
0.053001
0.050974
0.051322
0.051484
0.051850
0.055173
0.052878
0.051121
0.051387
0.053415
0.051854
0.051979
0.052924
0.050940
0.051158
0.051571
0.052034
0.052622
0.052881
0.050952
0.051124
0.051498
0.051887
0.052017
0.052968
0.058218
0.051056
0.051371
0.051779
0.052228
0.052675
0.050975
0.051187
0.051499
0.051949
0.052604
0.052838
0.051142
0.051472
0.051828
0.051853
0.052422
0.053039
0.051095
0.051369
0.051543
0.051908
0.052651
0.052806
0.050926
0.051302
0.051572
0.051843
0.052655
0.052995
0.050951
0.051237
0.051539
0.051831
0.052541
0.053045
0.051237
0.051353
0.051731
0.052170
0.052540
0.053087
0.051109
0.051322
0.051657
0.051930
0.052495
0.053083
0.051017
0.051229
0.052784
0.051968
0.052631
0.052797
0.054154
0.051476
0.051362
0.059235
0.052346
0.052388
0.050844
0.051119
0.051238
0.051563
0.052330
0.052454
0.050743
0.051195
0.051253
0.051723
0.052879
0.052865
0.050947
0.051237
0.051646
0.051746
0.052460
0.052852
0.051000
0.051143
0.051620
0.051838
0.051879
0.052697
0.050902
0.051087
0.051348
0.051813
0.051838
0.052741
0.051063
0.051359
0.051344
0.051900
0.051935
0.052774
0.051040
0.051142
0.051312
0.051882
0.052497
0.052978
0.051094
0.051313
0.051633
0.051877
0.052542
0.052769
0.051023
0.051351
0.051463
0.052160
0.052584
0.053015
0.051056
0.058603
0.059761
0.051655
0.052419
0.056405
0.051794
0.052476
0.051275
0.051697
0.052257
0.053244
0.051957
0.051104
0.051390
0.051779
0.054984
0.053051
0.050931
0.051102
0.051366
0.051708
0.051876
0.052588
0.050946
0.051113
0.051370
0.051864
0.052321
0.052818
0.050958
0.051130
0.051258
0.051980
0.052369
0.052881
0.051054
0.051168
0.051597
0.051942
0.052750
0.052473
0.050946
0.051413
0.051444
0.051866
0.052421
0.052522
0.050977
0.051414
0.051433
0.051798
0.052463
0.053049
0.050969
0.051151
0.051647
0.051785
0.052358
0.060157
0.050873
0.051096
0.051408
0.051658
0.052114
0.052765
0.050909
0.050966
0.051669
0.051740
0.052610
0.052918
0.051109
0.051226
0.051299
0.051870
0.052406
0.052838
0.050833
0.051153
0.051304
0.051850
0.052598
0.052896
0.050953
0.051147
0.051576
0.051748
0.052310
0.052926
0.050731
0.055481
0.051630
0.051831
0.052555
0.052901
0.050932
0.051271
0.051314
0.051772
0.052577
0.052999
0.050893
0.051156
0.051492
0.051970
0.052308
0.052981
0.050904
0.051293
0.051614
0.051853
0.052528
0.053138
0.051232
0.051282
0.059114
0.052058
0.052499
0.052824
0.050962
0.051114
0.051465
0.051745
0.052351
0.052956
0.050929
0.051192
0.051650
0.052069
0.052733
0.052862
0.051788
0.052735
0.053286
0.051765
0.052411
0.052908
0.050809
0.051344
0.051496
0.051751
0.052258
0.052551
0.050840
0.051128
0.051334
0.051959
0.052569
0.052926
0.051082
0.051294
0.051640
0.051854
0.052567
0.053147
0.050893
0.052492
0.052979
0.052974
0.055168
0.054772
0.052670
0.052809
0.051353
0.051784
0.055496
0.052862
0.050984
0.051199
0.051691
0.051861
0.052325
0.052822
0.050845
0.051162
0.058667
0.051855
0.052131
0.052273
0.050779
0.050870
0.051024
0.051661
0.052113
0.052638
0.050653
0.051089
0.051274
0.051955
0.052657
0.052791
0.050948
0.051347
0.051526
0.051796
0.052510
0.054065
0.051840
0.052878
0.051523
0.051936
0.052453
0.052770
0.050895
0.051156
0.051230
0.051675
0.052579
0.052684
0.050928
0.051155
0.051525
0.051834
0.052563
0.052713
0.050932
0.051146
0.051209
0.051779
0.051873
0.052941
0.050871
0.051247
0.051436
0.051802
0.051987
0.052959
0.051100
0.051310
0.051489
0.051840
0.052582
0.059877
0.051197
0.051339
0.051518
0.051851
0.052337
0.052584
0.050951
0.054173
0.051731
0.051959
0.052599
0.052901
0.051101
0.051358
0.051455
0.052002
0.052592
0.053040
0.050950
0.051199
0.051476
0.051905
0.052444
0.053068
0.051077
0.051193
0.051531
0.051873
0.052336
0.053039
0.051162
0.051300
0.054266
0.053906
0.052634
0.052839
0.050996
0.051175
0.051450
0.051944
0.052610
0.052830
0.051289
0.051160
0.051376
0.051738
0.052373
0.052921
0.050746
0.051298
0.051299
0.051706
0.052569
0.052281
0.051361
0.052493
0.058820
0.051610
0.052205
0.052548
0.050711
0.051065
0.051273
0.051463
0.052165
0.052312
0.050726
0.051173
0.051408
0.051923
0.052676
0.052961
0.050896
0.051222
0.051389
0.051744
0.052633
0.052416
0.050873
0.051190
0.051542
0.051977
0.051908
0.055358
0.050919
0.051281
0.051545
0.052016
0.052225
0.052884
0.050887
0.051211
0.051660
0.052071
0.052389
0.052563
0.050960
0.051278
0.092946
0.051796
0.052454
0.052474
0.050939
0.051231
0.051318
0.052014
0.052630
0.052391
0.050922
0.052750
0.051449
0.051867
0.052377
0.053074
0.058287
0.051147
0.051351
0.051524
0.052089
0.052304
0.050782
0.050823
0.051282
0.051633
0.052443
0.052357
0.050852
0.051223
0.051497
0.051798
0.051953
0.052942
0.050865
0.051023
0.051480
0.051856
0.052364
0.052961
0.051092
0.051223
0.051633
0.052020
0.052385
0.052523
0.051022
0.051269
0.051861
0.051888
0.052344
0.052298
0.050920
0.051347
0.051426
0.051734
0.051988
0.052973
0.050792
0.051105
0.054147
0.051825
0.052403
0.055515
0.052131
0.052265
0.052151
0.053303
0.052432
0.052747
0.050890
0.051132
0.058781
0.051864
0.051974
0.052498
0.050741
0.050972
0.051175
0.051473
0.051712
0.052154
0.050907
0.050944
0.051332
0.051897
0.052554
0.052829
0.050931
0.051106
0.051598
0.051792
0.052370
0.052411
0.050779
0.051122
0.051263
0.051829
0.052306
0.052357
0.050863
0.051240
0.051582
0.051813
0.052499
0.052588
0.050985
0.051175
0.051464
0.051723
0.052290
0.052468
0.050892
0.051121
0.051649
0.051833
0.052381
0.053053
0.051148
0.051274
0.051517
0.052187
0.052525
0.052498
0.051054
0.051139
0.051322
0.052111
0.052115
0.059853
0.051000
0.052169
0.051280
0.051541
0.052357
0.055564
0.050779
0.050915
0.051191
0.051813
0.052638
0.052855
0.050965
0.051446
0.051318
0.051724
0.052390
0.052441
0.050967
0.051146
0.051388
0.051921
0.052368
0.052384
0.050946
0.051219
0.051538
0.051721
0.052176
0.052464
0.059234
0.052326
0.051507
0.051579
0.052347
0.052853
0.050841
0.051218
0.051307
0.051707
0.052120
0.052374
0.050758
0.051131
0.051295
0.051846
0.052097
0.052390
0.050885
0.051148
0.051604
0.051840
0.052504
0.052403
0.051062
0.051241
0.051418
0.051808
0.059478
0.052279
0.050989
0.051219
0.051504
0.051474
0.052097
0.052237
0.050818
0.052232
0.051438
0.051681
0.052729
0.052994
0.051066
0.051220
0.051588
0.051819
0.052491
0.052985
0.050884
0.051159
0.054271
0.051747
0.052540
0.052458
0.050987
0.051262
0.051612
0.051877
0.052296
0.052336
0.051025
0.051066
0.051307
0.051874
0.051862
0.052798
0.050934
0.051016
0.051528
0.051760
0.052591
0.052391
0.050820
0.051223
0.051441
0.051854
0.052262
0.052316
0.050763
0.051215
0.051450
0.051766
0.052294
0.052429
0.050965
0.051269
0.051801
0.059366
0.052143
0.052613
0.050949
0.051114
0.051330
0.051498
0.051998
0.052318
0.050829
0.051112
0.051445
0.051889
0.052318
0.052704
0.051142
0.051294
0.051541
0.051974
0.052638
0.052782
0.050883
0.051142
0.051292
0.051881
0.052485
0.052756
0.050981
0.051167
0.051553
0.051828
0.052597
0.052957
0.051033
0.051175
0.051494
0.051604
0.052528
0.052838
0.066067
0.052676
0.051562
0.051947
0.052555
0.052643
0.050905
0.051208
0.051471
0.051721
0.052400
0.053037
0.050883
0.051127
0.051320
0.059008
0.052139
0.052331
0.050663
0.051001
0.051436
0.051445
0.052068
0.052286
0.050865
0.051120
0.051773
0.051975
0.052482
0.053135
0.051008
0.051224
0.051457
0.051968
0.052438
0.053093
0.051027
0.051204
0.051350
0.051934
0.052392
0.054076
0.050967
0.051272
0.051683
0.051788
0.074027
0.052739
0.050952
0.051244
0.051351
0.051803
0.052675
0.052449
0.050945
0.051335
0.051548
0.051740
0.052528
0.052827
0.050817
0.051282
0.051314
0.051715
0.052379
0.052715
0.050913
0.051180
0.051374
0.051749
0.052444
0.060051
0.050887
0.051155
0.051400
0.054715
0.052461
0.052564
0.050993
0.051207
0.051434
0.051807
0.052158
0.052985
0.051059
0.051386
0.051591
0.051855
0.052596
0.052809
0.050980
0.051243
0.051486
0.051873
0.052427
0.054573
0.050998
0.051384
0.051396
0.051764
0.052449
0.052762
0.051036
0.051164
0.051492
0.052098
0.052575
0.056011
0.050995
0.051183
0.051558
0.051840
0.052475
0.052898
0.050875
0.051140
0.051411
0.051880
0.051971
0.052918
0.051008
0.058726
0.051354
0.051637
0.052343
0.052617
0.050859
0.051073
0.051231
0.051753
0.051891
0.052750
0.050895
0.051252
0.051517
0.052149
0.052567
0.052931
0.050830
0.051144
0.051549
0.051818
0.052009
0.052881
0.050971
0.051322
0.051398
0.051901
0.052574
0.053000
0.053835
0.051303
0.051527
0.051808
0.052249
0.052961
0.050973
0.051510
0.051641
0.052036
0.052436
0.052599
0.052035
0.052859
0.056012
0.062064
0.052733
0.053720
0.052036
0.052763
0.052612
0.052735
0.055551
0.054242
0.055850
0.051491
0.051738
0.051969
0.060425
0.052851
0.051040
0.051050
0.061748
0.051566
0.052228
0.052343
0.050956
0.052369
0.051388
0.051971
0.078287
0.052448
0.053024
0.051176
0.051309
0.051867
0.052403
0.052535
0.050807
0.051119
0.051422
0.051694
0.052150
0.052589
0.050794
0.051108
0.051315
0.051589
0.051997
0.052475
0.050670
0.051082
0.051579
0.051615
0.052146
0.052955
0.051177
0.051209
0.051416
0.052090
0.054867
0.059699
0.051019
0.051102
0.051366
0.051816
0.056187
0.052653
0.050819
0.051044
0.051234
0.051753
0.052509
0.054112
0.051071
0.051337
0.051389
0.051734
0.051937
0.052916
0.050887
0.051175
0.051522
0.063702
0.053794
0.052909
0.051046
0.051395
0.051402
0.051861
0.052229
0.052935
0.050954
0.051183
0.051594
0.051771
0.052280
0.052501
0.050857
0.051140
0.051435
0.051812
0.051840
0.052431
0.050859
0.051298
0.058847
0.051744
0.052017
0.052464
0.050891
0.051773
0.051340
0.051683
0.051856
0.052699
0.050874
0.051308
0.053038
0.051875
0.052221
0.052550
0.050982
0.051211
0.051493
0.051893
0.052337
0.052410
0.050795
0.051118
0.051534
0.051677
0.052365
0.052342
0.050955
0.051238
0.051309
0.051769
0.052336
0.052427
0.050899
0.051133
0.054201
0.052264
0.052499
0.052817
0.050897
0.051321
0.051658
0.053762
0.053797
0.061664
0.051009
0.051142
0.051376
0.051602
0.052176
0.052477
0.050733
0.050945
0.051070
0.051653
0.052329
0.052828
0.050954
0.051230
0.051505
0.051823
0.052523
0.052453
0.051083
0.051303
0.051313
0.051814
0.052329
0.052389
0.050767
0.051331
0.051299
0.051828
0.052599
0.052307
0.050797
0.051109
0.051585
0.051721
0.052301
0.052406
0.050893
0.051218
0.051510
0.051742
0.052145
0.053001
0.050875
0.051120
0.051697
0.052002
0.052390
0.052711
0.051088
0.051235
0.051838
0.059271
0.052162
0.052772
0.051032
0.051019
0.051198
0.051744
0.052101
0.052691
0.063557
0.062832
0.053661
0.053768
0.052788
0.054418
0.051047
0.054684
0.051811
0.051944
0.052767
0.053131
0.050947
0.051591
0.051838
0.052293
0.064383
0.052852
0.050978
0.051282
0.051376
0.051755
0.052134
0.052833
0.050858
0.051185
0.051552
0.051660
0.052116
0.052485
0.050807
0.052327
0.051674
0.051688
0.052156
0.052842
0.050996
0.051252
0.051733
0.051676
0.052156
0.052891
0.050918
0.051041
0.058816
0.051885
0.051949
0.052205
0.050652
0.050869
0.051260
0.051560
0.052088
0.052226
0.050834
0.052401
0.051606
0.051819
0.052692
0.052702
0.051032
0.051248
0.051389
0.051692
0.052229
0.052312
0.050896
0.051203
0.052529
0.054078
0.052602
0.052584
0.050890
0.051254
0.051414
0.051690
0.052609
0.052766
0.050931
0.051070
0.051597
0.051774
0.052180
0.052837
0.055458
0.051344
0.051289
0.052002
0.052499
0.052756
0.050926
0.051141
0.051239
0.052005
0.052112
0.052465
0.051077
0.051230
0.051492
0.051937
0.059877
0.052500
0.051004
0.051150
0.051419
0.051797
0.051751
0.052822
0.050894
0.051296
0.051595
0.051911
0.052614
0.053097
0.051175
0.051340
0.051459
0.051854
0.051870
0.053002
0.050961
0.051220
0.054558
0.051921
0.051818
0.052750
0.050952
0.051206
0.051397
0.051862
0.051828
0.052954
0.051054
0.053584
0.051347
0.051751
0.052629
0.052877
0.050862
0.051226
0.051265
0.051839
0.052543
0.052716
0.051041
0.051157
0.051280
0.051861
0.052733
0.052698
0.050911
0.051132
0.051249
0.051757
0.052502
0.052711
0.050809
0.051279
0.058583
0.051698
0.052238
0.056205
0.050982
0.051187
0.051357
0.051612
0.052375
0.052369
0.050888
0.051208
0.051564
0.051774
0.052385
0.052582
0.050944
0.051077
0.051631
0.051781
0.052267
0.052985
0.052739
0.051384
0.051607
0.052248
0.052475
0.052838
0.051024
0.051262
0.051278
0.051995
0.052805
0.052493
0.050964
0.051287
0.051752
0.051864
0.052534
0.052504
0.052424
0.053058
0.052796
0.051763
0.052320
0.052342
0.050732
0.051268
0.051247
0.058998
0.052163
0.052463
0.050807
0.051162
0.051342
0.051563
0.052095
0.052545
0.050762
0.051029
0.051187
0.051656
0.052168
0.052983
0.050815
0.050974
0.051202
0.051653
0.052058
0.052680
0.050862
0.051138
0.051572
0.051650
0.052257
0.052833
0.050996
0.051179
0.051531
0.052066
0.055672
0.052904
0.050962
0.050990
0.051241
0.052026
0.052497
0.053076
0.051084
0.051382
0.058865
0.051798
0.052371
0.052386
0.050862
0.051326
0.051529
0.051893
0.052580
0.052719
0.051355
0.051295
0.051691
0.051937
0.052843
0.052818
0.074623
0.053085
0.054184
0.051840
0.060821
0.054906
0.068831
0.052088
0.065502
0.052559
0.053295
0.076581
0.064178
0.052678
0.052506
0.053788
0.055654
0.054483
0.052219
0.052844
0.052931
0.053505
0.053178
0.053740
0.052141
0.060162
0.052777
0.052606
0.054541
0.053457
0.055040
0.051158
0.051243
0.051584
0.052334
0.052889
0.050756
0.051332
0.051579
0.051660
0.052158
0.052686
0.050763
0.051035
0.051648
0.051575
0.052134
0.052841
0.050823
0.051123
0.051662
0.056478
0.052491
0.052901
0.050862
0.051088
0.051330
0.051382
0.051946
0.052304
0.050765
0.051058
0.051344
0.053525
0.053213
0.054822
0.050955
0.051299
0.051295
0.051843
0.052617
0.052820
0.050856
0.051152
0.051210
0.051653
0.059806
0.052528
0.050772
0.050883
0.051205
0.051367
0.052090
0.052537
0.050762
0.051087
0.051303
0.051680
0.052517
0.053787
0.051034
0.051221
0.051374
0.051732
0.052541
0.052753
0.050709
0.050919
0.051263
0.051791
0.052437
0.052866
0.050910
0.051136
0.051545
0.051560
0.052352
0.052691
0.050843
0.050931
0.051489
0.051649
0.052320
0.052806
0.050681
0.051165
0.051330
0.052042
0.052473
0.052954
0.050896
0.051158
0.051305
0.051814
0.052506
0.052670
0.050760
0.051300
0.051493
0.062593
0.052998
0.053537
0.053217
0.052926
0.051193
0.051736
0.052247
0.052733
0.050800
0.051226
0.051489
0.051756
0.052715
0.053081
0.050909
0.051111
0.051523
0.051829
0.052467
0.052864
0.050964
0.051328
0.051192
0.051904
0.052514
0.052954
0.050946
0.051177
0.051651
0.052054
0.052512
0.052902
0.051000
0.051191
0.051614
0.051846
0.052569
0.052755
0.050925
0.051325
0.051608
0.051901
0.052568
0.052815
0.050910
0.058802
0.051309
0.052055
0.052418
0.052843
0.050996
0.051260
0.051435
0.051964
0.052579
0.052926
0.052165
0.052358
0.052802
0.053024
0.054370
0.053092
0.052852
0.051932
0.052419
0.053453
0.053495
0.054158
0.052243
0.051945
0.052843
0.051751
0.052518
0.052989
0.050983
0.052441
0.055046
0.052035
0.052629
0.052800
0.051015
0.051181
0.051408
0.052075
0.052606
0.052800
0.050960
0.051217
0.051463
0.059107
0.052360
0.052511
0.051059
0.051097
0.051282
0.051617
0.052347
0.052502
0.050796
0.052045
0.052686
0.053160
0.052588
0.052999
0.050894
0.051310
0.051577
0.051811
0.052669
0.052959
0.050942
0.051287
0.051466
0.051958
0.052486
0.052949
0.050913
0.051232
0.051403
0.052896
0.052579
0.053051
0.050999
0.051184
0.051376
0.052011
0.052669
0.052926
0.051009
0.051212
0.051444
0.051987
0.052591
0.052954
0.052457
0.052278
0.052648
0.052077
0.052599
0.052924
0.058467
0.051237
0.051630
0.051683
0.052378
0.052531
0.050629
0.050957
0.051226
0.051636
0.052257
0.052275
0.050861
0.054165
0.052197
0.051871
0.052574
0.053047
0.050920
0.051272
0.051566
0.051776
0.052433
0.052922
0.050933
0.051207
0.051750
0.051887
0.053426
0.053365
0.059599
0.052171
0.052572
0.053015
0.053440
0.054199
0.052043
0.052630
0.052745
0.053055
0.053609
0.053861
0.052058
0.052503
0.052458
0.053663
0.052639
0.052951
0.050915
0.051190
0.051339
0.059095
0.052744
0.052663
0.050852
0.051217
0.051113
0.051638
0.052169
0.053955
0.051264
0.052215
0.051457
0.051717
0.052707
0.052841
0.051052
0.051117
0.051366
0.051759
0.052446
0.052895
0.050845
0.051132
0.051364
0.051876
0.052544
0.052974
0.052304
0.051893
0.052459
0.053338
0.052509
0.052808
0.050936
0.051161
0.051563
0.051624
0.051913
0.053016
0.050968
0.055688
0.051517
0.051936
0.052699
0.052472
0.051033
0.051159
0.051551
0.051721
0.051946
0.052888
0.050784
0.051104
0.058834
0.051661
0.052250
0.052400
0.050691
0.051105
0.051170
0.051443
0.051926
0.052649
0.050764
0.051068
0.051314
0.051905
0.052466
0.052546
0.050992
0.051282
0.051588
0.052081
0.052957
0.055470
0.051969
0.052070
0.052493
0.052758
0.053391
0.053689
0.051861
0.052065
0.052505
0.052844
0.054680
0.053876
0.051901
0.052032
0.052325
0.052872
0.053557
0.053602
0.051806
0.052094
0.052489
0.052884
0.053490
0.053639
0.051698
0.052296
0.052563
0.052546
0.053299
0.053645
0.051990
0.052352
0.052745
0.052766
0.053294
0.061150
0.051970
0.052173
0.052244
0.052512
0.053167
0.053459
0.056455
0.052102
0.052228
0.052609
0.053459
0.053811
0.052070
0.052400
0.052680
0.052721
0.053562
0.053329
0.051802
0.052033
0.052276
0.052803
0.053401
0.053363
0.051976
0.052122
0.052337
0.052845
0.053678
0.054950
0.051037
0.051173
0.051387
0.051780
0.052429
0.052452
0.050761
0.051178
0.051294
0.051558
0.052295
0.052723
0.050924
0.051299
0.051623
0.051680
0.052257
0.052753
0.050831
0.051095
0.051754
0.051649
0.052164
0.052545
0.058394
0.051116
0.051658
0.051657
0.052133
0.052309
0.051128
0.051164
0.051584
0.051667
0.052169
0.052484
0.050936
0.051264
0.051662
0.052248
0.052402
0.052344
0.051133
0.051110
0.051588
0.051801
0.054031
0.052303
0.051021
0.051210
0.051593
0.051979
0.052261
0.061408
0.051063
0.051321
0.051432
0.051886
0.052525
0.070395
0.050992
0.051287
0.051621
0.052002
0.054268
0.054637
0.050942
0.051214
0.051447
0.051906
0.052596
0.052818
0.050881
0.051215
0.051522
0.051690
0.052631
0.052427
0.083000
0.051963
0.052814
0.051664
0.052060
0.052107
0.050681
0.050933
0.051141
0.051724
0.052371
0.052819
0.050883
0.051228
0.051443
0.051813
0.052288
0.052570
0.050908
0.051071
0.051496
0.051512
0.052270
0.052361
0.050848
0.051346
0.051459
0.051356
0.052167
0.052683
0.050624
0.051209
0.051440
0.051668
0.052280
0.052400
0.050814
0.051198
0.052842
0.052871
0.057170
0.053418
0.051824
0.052053
0.052652
0.052713
0.053290
0.053788
0.052232
0.052261
0.052789
0.057002
0.053716
0.053740
0.054983
0.052126
0.052349
0.052759
0.060779
0.053441
0.051849
0.052022
0.052204
0.052568
0.053370
0.053457
0.051738
0.051978
0.052377
0.052702
0.053512
0.055186
0.051970
0.052120
0.052240
0.052786
0.053474
0.053621
0.051910
0.052282
0.052327
0.052729
0.053481
0.053787
0.051876
0.052121
0.052539
0.052760
0.053490
0.053962
0.051861
0.052047
0.052576
0.052692
0.053426
0.053786
0.052119
0.052184
0.052735
0.052787
0.053481
0.053708
0.051937
0.052297
0.053654
0.052775
0.053598
0.053774
0.051969
0.059741
0.052352
0.053073
0.053270
0.053466
0.051807
0.051999
0.054795
0.052591
0.053200
0.053368
0.051691
0.052092
0.052369
0.052749
0.053550
0.053883
0.051740
0.052152
0.055464
0.053026
0.053080
0.053961
0.051964
0.052157
0.052536
0.052734
0.052818
0.053886
0.051729
0.052978
0.052276
0.052657
0.053196
0.053391
0.051846
0.052092
0.052431
0.052722
0.053215
0.053395
0.051990
0.052168
0.052364
0.052894
0.053201
0.053952
0.051966
0.052034
0.059709
0.052775
0.053359
0.053151
0.051816
0.051941
0.052331
0.052693
0.053013
0.053261
0.051787
0.052250
0.052432
0.052667
0.053500
0.053953
0.051924
0.052277
0.052684
0.052714
0.053131
0.053348
0.051803
0.052054
0.052661
0.053912
0.053469
0.053962
0.051782
0.052154
0.052280
0.052657
0.053388
0.053500
0.051913
0.052028
0.052197
0.052894
0.053605
0.053823
0.051797
0.052170
0.052311
0.052853
0.053501
0.053843
0.055121
0.052263
0.052284
0.053047
0.052902
0.053930
0.051901
0.052278
0.052331
0.052605
0.053547
0.061171
0.051941
0.052085
0.052276
0.052348
0.052676
0.053563
0.051824
0.052159
0.052279
0.052669
0.053644
0.053948
0.051915
0.052308
0.052353
0.052771
0.053319
0.053956
0.051866
0.052067
0.052394
0.052679
0.053155
0.053585
0.051967
0.052207
0.052394
0.053129
0.053329
0.053898
0.051919
0.052254
0.053656
0.052768
0.053114
0.053836
0.051811
0.052133
0.052451
0.052865
0.053022
0.053808
0.051897
0.052060
0.052570
0.052699
0.053298
0.053860
0.059132
0.052118
0.052031
0.052485
0.052644
0.053472
0.051607
0.051991
0.052063
0.052505
0.053308
0.053225
0.051821
0.052115
0.052410
0.052612
0.053446
0.057222
0.051777
0.052067
0.052295
0.052782
0.053459
0.053928
0.052051
0.052330
0.052777
0.053201
0.053654
0.053971
0.052115
0.052175
0.052546
0.053068
0.053208
0.053406
0.052025
0.052145
0.052295
0.053010
0.053305
0.053438
0.051927
0.052231
0.052533
0.052776
0.053272
0.053544
0.051893
0.053573
0.052405
0.052822
0.053600
0.053654
0.051831
0.052180
0.052520
0.060181
0.053540
0.055623
0.051782
0.052061
0.052058
0.052544
0.053188
0.053553
0.051714
0.052154
0.052419
0.052685
0.053618
0.053994
0.051969
0.052160
0.052232
0.052845
0.053727
0.053595
0.051902
0.052213
0.052447
0.052985
0.053510
0.053924
0.052057
0.052205
0.052560
0.052945
0.053576
0.053682
0.052012
0.053425
0.052381
0.055820
0.053817
0.053830
0.051833
0.052228
0.052212
0.060279
0.053214
0.053314
0.051694
0.052032
0.052175
0.052677
0.053322
0.053325
0.051802
0.052140
0.052402
0.052799
0.053512
0.055704
0.051985
0.052077
0.052559
0.053928
0.052870
0.053786
0.052003
0.052133
0.052365
0.052830
0.053163
0.053396
0.051806
0.052058
0.052314
0.052980
0.052876
0.053497
0.051901
0.052088
0.052598
0.052855
0.053412
0.053382
0.051913
0.052109
0.052811
0.052718
0.053256
0.053431
0.051776
0.052201
0.052207
0.052909
0.053523
0.061177
0.051798
0.052269
0.052259
0.052418
0.053013
0.053495
0.051587
0.051923
0.052254
0.052482
0.053434
0.053537
0.051803
0.052186
0.052249
0.052725
0.053403
0.053427
0.051799
0.052001
0.056462
0.052841
0.053598
0.053748
0.051863
0.052138
0.052260
0.052707
0.054925
0.053969
0.051875
0.052126
0.052330
0.053005
0.053655
0.053830
0.051817
0.052077
0.052311
0.052643
0.053267
0.053321
0.051731
0.052205
0.052245
0.052861
0.053341
0.053289
0.051889
0.052224
0.060079
0.054109
0.053319
0.053269
0.051628
0.051951
0.052180
0.052567
0.053321
0.053463
0.051585
0.052001
0.052321
0.052723
0.053489
0.053952
0.051865
0.052028
0.052448
0.052871
0.053412
0.053714
0.051859
0.052180
0.052377
0.053119
0.053341
0.053915
0.051958
0.052208
0.052507
0.052923
0.053599
0.053849
0.051949
0.052178
0.052215
0.052885
0.053324
0.053455
0.052066
0.052352
0.052750
0.053941
0.059799
0.072574
0.051836
0.057143
0.052780
0.052803
0.053536
0.053919
0.051818
0.052234
0.052662
0.052776
0.053717
0.053950
0.059246
0.052217
0.052574
0.052499
0.052633
0.054298
0.051708
0.051864
0.052272
0.052538
0.052847
0.053709
0.051836
0.052149
0.052410
0.052941
0.054187
0.053853
0.051845
0.052097
0.052461
0.052955
0.053385
0.053826
0.051831
0.052083
0.052594
0.052659
0.053403
0.053911
0.051723
0.052050
0.052462
0.052863
0.052905
0.053656
0.051832
0.052258
0.052805
0.052782
0.053348
0.054021
0.051885
0.052246
0.052697
0.052732
0.052952
0.053620
0.051953
0.054829
0.052640
0.052694
0.053463
0.053707
0.051856
0.059442
0.052442
0.052723
0.053039
0.053315
0.051699
0.051975
0.052147
0.052532
0.053229
0.056559
0.051834
0.052224
0.052377
0.052907
0.053464
0.053352
0.051760
0.052088
0.052471
0.052803
0.053211
0.053304
0.051722
0.052065
0.052383
0.052491
0.053158
0.053203
0.051744
0.052065
0.052265
0.052525
0.053178
0.053283
0.051797
0.052042
0.052289
0.052622
0.053115
0.053444
0.051658
0.051972
0.052246
0.052583
0.053078
0.053295
0.052094
0.052186
0.052546
0.052728
0.053180
0.053481
0.051930
0.052090
0.052301
0.052785
0.060902
0.053169
0.052928
0.052014
0.052260
0.052603
0.053234
0.053357
0.051752
0.052094
0.052354
0.052775
0.053658
0.053679
0.052008
0.052115
0.052329
0.052809
0.053428
0.053634
0.051943
0.052266
0.052326
0.052669
0.053555
0.053661
0.051855
0.052175
0.052332
0.052892
0.056435
0.053725
0.051829
0.052040
0.052206
0.052710
0.053418
0.053906
0.051830
0.052106
0.052452
0.052742
0.053235
0.053865
0.059117
0.052015
0.052457
0.052631
0.052957
0.053493
0.051733
0.051916
0.052132
0.052571
0.053263
0.053900
0.052021
0.052242
0.052611
0.052825
0.053607
0.053888
0.051944
0.052175
0.052361
0.052752
0.053376
0.054794
0.051859
0.052261
0.052532
0.052872
0.053307
0.053927
0.051788
0.052008
0.052224
0.052737
0.053123
0.053473
0.051793
0.051984
0.052435
0.052617
0.053337
0.053472
0.051819
0.052038
0.052538
0.052714
0.053577
0.053843
0.051831
0.052175
0.052203
0.060401
0.053057
0.053707
0.051822
0.052041
0.052186
0.052636
0.053269
0.053605
0.051818
0.052124
0.055696
0.052915
0.053543
0.053859
0.052117
0.052291
0.052359
0.052882
0.053541
0.054049
0.052123
0.052314
0.052695
0.053115
0.055325
0.053464
0.051918
0.052187
0.052436
0.052901
0.053323
0.053984
0.051897
0.052160
0.052642
0.052769
0.053634
0.053933
0.051820
0.052125
0.052277
0.052706
0.053397
0.053850
0.051860
0.052062
0.052372
0.052796
0.053192
0.053331
0.051877
0.052115
0.054409
0.053022
0.052899
0.061374
0.051852
0.052052
0.052227
0.052849
0.052817
0.053675
0.051881
0.052122
0.052436
0.053028
0.053505
0.053403
0.052096
0.052374
0.052747
0.052763
0.053064
0.053999
0.051812
0.052204
0.052429
0.052734
0.053037
0.053936
0.051769
0.052126
0.052350
0.053010
0.053355
0.054023
0.052057
0.055277
0.052555
0.052936
0.053570
0.054093
0.052154
0.052823
0.052349
0.053102
0.053513
0.053925
0.051934
0.052229
0.054916
0.054675
0.053391
0.053937
0.051838
0.052167
0.052286
0.052705
0.060808
0.053638
0.051908
0.052157
0.052162
0.052498
0.053234
0.053244
0.051842
0.051953
0.052274
0.052551
0.053554
0.054077
0.052089
0.052232
0.052410
0.052830
0.053240
0.053506
0.051989
0.052196
0.052353
0.052818
0.053364
0.053625
0.052048
0.052226
0.052770
0.053025
0.053385
0.053780
0.052057
0.052171
0.052570
0.052926
0.053320
0.053473
0.052033
0.052097
0.052655
0.052964
0.053416
0.053901
0.052082
0.052208
0.052385
0.052905
0.053406
0.054041
0.052003
0.052298
0.052692
0.053175
0.053432
0.056390
0.052120
0.059718
0.052314
0.052603
0.053478
0.053655
0.051694
0.051910
0.052094
0.052600
0.053495
0.053415
0.051925
0.052039
0.052352
0.052849
0.053563
0.053417
0.051818
0.051997
0.052281
0.052743
0.053613
0.053963
0.051870
0.052085
0.052227
0.052878
0.053301
0.053830
0.051806
0.051994
0.052388
0.053002
0.053386
0.053282
0.051824
0.052007
0.052289
0.052758
0.053518
0.053832
0.051714
0.052103
0.052267
0.052678
0.053399
0.053953
0.051940
0.052211
0.052351
0.052713
0.053465
0.053941
0.051815
0.052115
0.052662
0.060223
0.052679
0.053673
0.051781
0.051982
0.052210
0.052547
0.053281
0.053769
0.051847
0.051974
0.052452
0.052834
0.053042
0.054025
0.051881
0.052076
0.056035
0.052856
0.052912
0.053850
0.051875
0.052108
0.052332
0.052880
0.052961
0.053844
0.051775
0.052046
0.052441
0.052631
0.052874
0.053897
0.051769
0.052092
0.052434
0.052878
0.053225
0.053958
0.052041
0.052360
0.052488
0.052685
0.052866
0.053935
0.051904
0.052132
0.052739
0.052850
0.052994
0.053928
0.051830
0.052027
0.052678
0.052936
0.053309
0.054059
0.051972
0.052170
0.059883
0.052747
0.053093
0.053659
0.051938
0.051931
0.052212
0.052633
0.053205
0.053478
0.051892
0.052100
0.053657
0.053138
0.053963
0.053939
0.051952
0.055178
0.052376
0.052919
0.053505
0.053673
0.051810
0.052180
0.052218
0.052905
0.074699
0.053906
0.051822
0.052089
0.052533
0.052528
0.053183
0.053289
0.054855
0.052011
0.052495
0.052760
0.053330
0.053629
0.051747
0.052156
0.052509
0.052684
0.053519
0.053612
0.051837
0.052044
0.052282
0.052546
0.053354
0.053600
0.051895
0.052097
0.052252
0.052687
0.060451
0.053389
0.051858
0.051936
0.052233
0.052712
0.053287
0.053649
0.051804
0.052067
0.052365
0.052782
0.053483
0.054069
0.052110
0.052303
0.052375
0.053064
0.053547
0.054031
0.052049
0.053193
0.052635
0.054481
0.053637
0.053865
0.051766
0.053919
0.052634
0.052720
0.053364
0.053980
0.051781
0.052141
0.052218
0.052629
0.053453
0.053619
0.051785
0.052062
0.052518
0.052636
0.053297
0.053828
0.051793
0.052040
0.052300
0.052683
0.053328
0.053951
0.051890
0.051994
0.052318
0.052696
0.056095
0.053827
0.059104
0.052006
0.052367
0.052626
0.053200
0.053328
0.051844
0.052109
0.052364
0.052794
0.053356
0.053411
0.052023
0.052384
0.052794
0.052821
0.053425
0.053484
0.051941
0.052248
0.052679
0.052802
0.053369
0.053465
0.051954
0.052214
0.052406
0.053013
0.053492
0.054826
0.075703
0.052273
0.052321
0.052970
0.053528
0.053688
0.051952
0.052233
0.052520
0.052812
0.053285
0.053903
0.051898
0.052209
0.052592
0.052806
0.060522
0.053562
0.051924
0.051991
0.052128
0.052526
0.053391
0.053558
0.051586
0.052038
0.052198
0.052620
0.053300
0.053883
0.052009
0.052271
0.052286
0.052679
0.053664
0.053740
0.051877
0.052247
0.052532
0.052691
0.053472
0.053709
0.051763
0.052305
0.055728
0.052786
0.053470
0.053778
0.051776
0.052095
0.052808
0.052724
0.053438
0.053731
0.051866
0.052033
0.052386
0.052764
0.053479
0.053614
0.051823
0.052116
0.052288
0.060082
0.054577
0.053305
0.051830
0.051907
0.052121
0.052436
0.053270
0.053673
0.051617
0.052109
0.052215
0.052543
0.053261
0.053863
0.051829
0.052249
0.052475
0.052576
0.053188
0.053863
0.051730
0.052138
0.052489
0.052555
0.053252
0.053707
0.051820
0.051968
0.052329
0.052599
0.053281
0.053330
0.051895
0.051937
0.052477
0.052629
0.053175
0.053585
0.051789
0.052090
0.052134
0.052805
0.053102
0.053222
0.051729
0.052189
0.052361
0.052830
0.053417
0.061030
0.051930
0.052009
0.052264
0.052587
0.052901
0.053289
0.054723
0.052199
0.052900
0.052809
0.053339
0.053727
0.052123
0.052464
0.052729
0.054244
0.053612
0.053917
0.051878
0.052170
0.052306
0.052791
0.053467
0.054016
0.051897
0.052163
0.052548
0.052771
0.053538
0.053950
0.051888
0.052066
0.052411
0.052826
0.053528
0.053845
0.051859
0.052188
0.059593
0.052717
0.053133
0.053469
0.051723
0.051899
0.057014
0.053341
0.052488
0.052720
0.050818
0.051078
0.051290
0.051868
0.052816
0.052936
0.050975
0.051403
0.051734
0.051838
0.052660
0.052940
0.051127
0.051342
0.051731
0.052096
0.052566
0.052991
0.051106
0.051317
0.051711
0.051999
0.052660
0.053073
0.051038
0.051293
0.051595
0.051819
0.052943
0.053145
0.051147
0.051329
0.052327
0.059946
0.056519
0.054418
0.050878
0.050984
0.051297
0.051623
0.052328
0.052664
0.050766
0.051097
0.051423
0.052113
0.052648
0.052692
0.051053
0.051093
0.051433
0.051842
0.052247
0.052908
0.050808
0.051140
0.051556
0.051660
0.052399
0.052393
0.050943
0.051247
0.051528
0.051593
0.052258
0.052371
0.050773
0.051114
0.051555
0.051668
0.052219
0.052484
0.050754
0.051101
0.051617
0.051775
0.052260
0.052944
0.051084
0.058507
0.051517
0.051785
0.052387
0.052765
0.050963
0.051030
0.051418
0.051777
0.052393
0.052784
0.051019
0.051171
0.051394
0.052030
0.052476
0.052927
0.051083
0.051203
0.052580
0.052541
0.054578
0.052819
0.050880
0.051263
0.051231
0.051669
0.052458
0.052358
0.051012
0.051257
0.054511
0.051929
0.052725
0.053063
0.051042
0.051241
0.051404
0.051849
0.052512
0.053067
0.050884
0.051140
0.051436
0.051940
0.052568
0.060037
0.051011
0.051133
0.051374
0.051731
0.052292
0.052700
0.050796
0.051095
0.051257
0.051879
0.052462
0.052808
0.051027
0.051331
0.051626
0.051913
0.052601
0.052959
0.051025
0.051361
0.051690
0.051974
0.052615
0.052852
0.051181
0.051319
0.051394
0.051871
0.052689
0.053086
0.051171
0.051383
0.051530
0.051861
0.052162
0.054221
0.051991
0.052374
0.053739
0.052746
0.053125
0.053974
0.051873
0.052120
0.052358
0.052680
0.052978
0.053886
0.059257
0.051989
0.052203
0.052511
0.052616
0.053571
0.051673
0.051956
0.052163
0.052704
0.053271
0.053341
0.055476
0.052164
0.052505
0.052788
0.053474
0.053873
0.051849
0.052080
0.052294
0.052856
0.053305
0.053255
0.051728
0.052064
0.052266
0.052558
0.053309
0.053266
0.051793
0.052261
0.052439
0.052806
0.053193
0.053782
0.051746
0.059312
0.052300
0.052551
0.052893
0.053667
0.051553
0.051966
0.051968
0.052485
0.053189
0.053854
0.051917
0.052091
0.052454
0.053090
0.053244
0.053953
0.051980
0.053191
0.052218
0.052783
0.053587
0.053830
0.051829
0.052596
0.051636
0.051958
0.052656
0.054329
0.050993
0.051276
0.051426
0.051754
0.052647
0.052963
0.050854
0.051288
0.051305
0.051713
0.052587
0.052900
0.051102
0.051289
0.051331
0.051779
0.052584
0.052898
0.050856
0.058564
0.051272
0.051788
0.055452
0.052514
0.050670
0.050928
0.051276
0.051588
0.052487
0.053017
0.051095
0.051359
0.052036
0.052083
0.052374
0.053054
0.051000
0.051611
0.051517
0.051825
0.052567
0.052964
0.050963
0.054079
0.051449
0.051926
0.052632
0.052909
0.050961
0.051372
0.051394
0.051916
0.052450
0.052934
0.051005
0.052259
0.052143
0.052627
0.053337
0.053542
0.052120
0.052250
0.052345
0.052600
0.053485
0.053821
0.051794
0.052163
0.052579
0.052779
0.055476
0.052507
0.050871
0.051112
0.051518
0.058797
0.052261
0.052618
0.050842
0.051074
0.051304
0.051553
0.052144
0.052292
0.050774
0.051082
0.051345
0.051838
0.051963
0.052906
0.050940
0.051151
0.051457
0.051865
0.052331
0.052601
0.050921
0.051130
0.054477
0.051980
0.052676
0.052758
0.050897
0.051223
0.051305
0.051833
0.052564
0.053008
0.051151
0.051308
0.051475
0.051908
0.052578
0.053054
0.050963
0.051286
0.051678
0.051878
0.052498
0.052831
0.050993
0.052547
0.052444
0.053190
0.052526
0.052545
0.050946
0.051099
0.051690
0.051905
0.059709
0.052567
0.050839
0.051030
0.051252
0.051629
0.051978
0.052424
0.050622
0.050973
0.051209
0.051623
0.052415
0.052837
0.051018
0.051179
0.051643
0.052013
0.052421
0.052949
0.051039
0.051356
0.051521
0.051834
0.052325
0.052907
0.051003
0.051391
0.051564
0.052025
0.052271
0.052928
0.050895
0.051222
0.051503
0.051746
0.052490
0.053087
0.050902
0.051219
0.051481
0.051755
0.052376
0.053069
0.053853
0.051404
0.051431
0.051996
0.052557
0.053011
0.051105
0.051242
0.051393
0.051846
0.052533
0.053016
0.058462
0.053414
0.051360
0.051653
0.052422
0.052268
0.050747
0.050941
0.051282
0.051736
0.052498
0.052745
0.050858
0.051324
0.051666
0.051833
0.052415
0.052878
0.051046
0.051265
0.051561
0.054321
0.053520
0.053903
0.051779
0.052462
0.051343
0.051791
0.052414
0.052708
0.050885
0.051227
0.051258
0.051748
0.052526
0.052703
0.050855
0.051079
0.051530
0.051716
0.052454
0.052671
0.050869
0.051123
0.051291
0.052123
0.052619
0.054069
0.055193
0.052116
0.072904
0.053188
0.054720
0.052688
0.051031
0.051257
0.051583
0.059429
0.052552
0.052606
0.050927
0.051222
0.051455
0.051707
0.055304
0.052966
0.051934
0.052222
0.052389
0.052936
0.053406
0.053682
0.051886
0.052126
0.052320
0.052615
0.053262
0.054211
0.051834
0.052123
0.052499
0.052640
0.052491
0.052374
0.050863
0.051006
0.051567
0.052155
0.052191
0.052570
0.051036
0.051280
0.051359
0.052141
0.052546
0.052418
0.051072
0.051185
0.051596
0.051840
0.052307
0.052726
0.050956
0.051192
0.051598
0.051700
0.052280
0.052287
0.050692
0.051120
0.051569
0.051865
0.052437
0.052790
0.050893
0.051336
0.058993
0.051700
0.052166
0.052306
0.050717
0.051072
0.051253
0.051407
0.052052
0.052371
0.050775
0.051164
0.051354
0.052987
0.053067
0.054585
0.051070
0.051209
0.051339
0.051800
0.052673
0.052737
0.051013
0.051104
0.051208
0.056261
0.052672
0.052660
0.051002
0.051208
0.051363
0.051863
0.052587
0.052538
0.050914
0.051264
0.051524
0.051694
0.052274
0.052342
0.050752
0.051316
0.051439
0.051608
0.052456
0.052364
0.050887
0.051113
0.051571
0.051620
0.052532
0.052686
0.050779
0.051204
0.058970
0.051536
0.052020
0.052295
0.050772
0.050927
0.051115
0.051521
0.051872
0.052604
0.050756
0.051104
0.051197
0.051771
0.051978
0.052459
0.050893
0.051257
0.051218
0.051790
0.051818
0.052778
0.050805
0.051104
0.051330
0.051685
0.054107
0.054414
0.051024
0.051201
0.051832
0.051942
0.052590
0.052732
0.050887
0.051330
0.051264
0.051809
0.052644
0.052802
0.051016
0.051325
0.051642
0.051663
0.052410
0.052720
0.050903
0.051200
0.054375
0.051922
0.052525
0.052855
0.050961
0.051319
0.051394
0.051811
0.052692
0.052791
0.058640
0.051185
0.051506
0.051707
0.052301
0.052658
0.050809
0.051035
0.051174
0.051743
0.052492
0.052733
0.050922
0.051242
0.051537
0.052121
0.052642
0.052790
0.051115
0.051314
0.051457
0.052091
0.052685
0.052783
0.051033
0.051276
0.051771
0.052101
0.052519
0.052829
0.051133
0.051445
0.051475
0.051923
0.053904
0.054603
0.050913
0.051171
0.051273
0.051748
0.052679
0.052754
0.051003
0.051250
0.051281
0.051900
0.052561
0.052487
0.050852
0.051095
0.051393
0.051838
0.052418
0.052426
0.050820
0.058517
0.051260
0.051786
0.052081
0.052459
0.050912
0.051008
0.051185
0.051632
0.052304
0.052777
0.054713
0.056647
0.052415
0.053004
0.053526
0.053647
0.050938
0.051326
0.051335
0.051713
0.052389
0.052640
0.050941
0.051257
0.051555
0.051676
0.052178
0.052822
0.050816
0.051162
0.051558
0.051756
0.052222
0.052914
0.050766
0.051015
0.051357
0.051647
0.052234
0.052760
0.050862
0.051097
0.051473
0.059180
0.055982
0.056751
0.050823
0.051067
0.051165
0.051588
0.052383
0.052297
0.050735
0.050968
0.051355
0.051718
0.052342
0.052941
0.050960
0.051073
0.051572
0.051761
0.052172
0.052792
0.050764
0.051119
0.051364
0.051641
0.052781
0.053616
0.054317
0.051330
0.051503
0.051636
0.052210
0.052631
0.050836
0.051268
0.051369
0.051547
0.052205
0.052755
0.050783
0.051101
0.051514
0.051826
0.052136
0.055831
0.051012
0.051220
0.051422
0.051896
0.052505
0.053079
0.058292
0.051127
0.051153
0.051659
0.052242
0.052361
0.050665
0.050936
0.051410
0.051682
0.052303
0.052734
0.050921
0.051154
0.051712
0.051853
0.053451
0.052948
0.051045
0.051178
0.051313
0.051896
0.051937
0.053005
0.051063
0.051187
0.051430
0.051770
0.052730
0.052426
0.050894
0.051207
0.051507
0.051918
0.052340
0.052502
0.050804
0.051195
0.051585
0.051788
0.052558
0.052576
0.051145
0.051339
0.051524
0.059299
0.052339
0.052729
0.050937
0.051141
0.051165
0.051697
0.052146
0.052766
0.051039
0.051223
0.051530
0.052072
0.052723
0.053101
0.051098
0.051356
0.051628
0.051890
0.052443
0.053030
0.050934
0.051353
0.051430
0.055076
0.052678
0.053105
0.051269
0.051334
0.051377
0.051850
0.052529
0.053012
0.051070
0.051236
0.051653
0.051897
0.053426
0.053820
0.052433
0.051234
0.051344
0.051786
0.053920
0.052932
0.050871
0.051178
0.051739
0.052146
0.059592
0.052829
0.051043
0.051122
0.051374
0.051687
0.052283
0.052794
0.050881
0.051174
0.051277
0.051971
0.052515
0.052974
0.051193
0.051245
0.051402
0.051909
0.052713
0.052984
0.050983
0.051234
0.051405
0.051938
0.052621
0.052795
0.051100
0.051324
0.051451
0.052003
0.052549
0.052497
0.051029
0.051233
0.051430
0.051859
0.052370
0.052793
0.051006
0.051202
0.051449
0.051854
0.052522
0.052835
0.051018
0.051203
0.051463
0.051939
0.052514
0.052823
0.051023
0.058626
0.059561
0.051939
0.053377
0.052614
0.050925
0.050977
0.051214
0.051805
0.052451
0.052844
0.050902
0.051174
0.051362
0.051997
0.052599
0.052739
0.050860
0.051219
0.051317
0.051772
0.052541
0.052686
0.051002
0.051257
0.051349
0.051804
0.052645
0.052713
0.050889
0.051227
0.051638
0.051905
0.052448
0.053092
0.050976
0.051200
0.051617
0.051854
0.052498
0.053058
0.051142
0.051244
0.051399
0.051973
0.052577
0.052705
0.051949
0.052145
0.052495
0.054024
0.052431
0.052979
0.051006
0.051201
0.051329
0.059511
0.052311
0.052418
0.050905
0.050979
0.051219
0.051653
0.052326
0.052461
0.050778
0.051082
0.051390
0.051871
0.053549
0.053146
0.050973
0.051212
0.051354
0.051770
0.052627
0.052663
0.050963
0.054193
0.051688
0.051838
0.052549
0.052790
0.050926
0.051148
0.051268
0.051881
0.052778
0.052831
0.051046
0.051171
0.051443
0.051832
0.052637
0.052674
0.050958
0.051374
0.051549
0.051821
0.052062
0.052769
0.050925
0.051242
0.051306
0.059153
0.052371
0.052404
0.052606
0.051202
0.051395
0.051702
0.052325
0.052580
0.050963
0.051314
0.051463
0.051957
0.052633
0.053032
0.051162
0.051659
0.069493
0.051894
0.052734
0.052911
0.051134
0.051454
0.051638
0.051876
0.052542
0.052808
0.051542
0.052541
0.052752
0.054545
0.061239
0.053800
0.063351
0.058551
0.052755
0.051766
0.052647
0.054603
0.052278
0.052120
0.052739
0.051761
0.052290
0.052432
0.050928
0.051244
0.051466
0.051896
0.059824
0.055641
0.051156
0.051329
0.053272
0.051682
0.052465
0.052564
0.050795
0.051299
0.051357
0.051752
0.052479
0.052590
0.051089
0.051374
0.051698
0.051760
0.052457
0.052542
0.050933
0.051304
0.051666
0.051864
0.052375
0.052581
0.050997
0.051287
0.051554
0.051976
0.052624
0.054165
0.050954
0.051236
0.051580
0.051883
0.052732
0.052930
0.051021
0.051133
0.051495
0.054211
0.053523
0.054434
0.050871
0.051162
0.051431
0.053036
0.053556
0.054073
0.058266
0.051243
0.051299
0.051675
0.052303
0.052224
0.050800
0.051061
0.051221
0.051644
0.052370
0.052294
0.050904
0.051165
0.051691
0.051712
0.052442
0.052447
0.050887
0.051199
0.051480
0.051686
0.052341
0.053072
0.051074
0.051171
0.051422
0.051801
0.055446
0.053179
0.051142
0.051513
0.051696
0.052138
0.052245
0.052829
0.051014
0.051086
0.051661
0.051827
0.052057
0.052445
0.051006
0.051223
0.051627
0.051757
0.052475
0.052242
0.050870
0.051198
0.051357
0.052033
0.059619
0.052582
0.051031
0.051218
0.051511
0.051682
0.051955
0.052105
0.050856
0.051064
0.051491
0.052889
0.053103
0.054705
0.051902
0.051351
0.051646
0.051717
0.052610
0.053017
0.050950
0.051180
0.051350
0.051782
0.052641
0.052516
0.050845
0.051164
0.051611
0.052130
0.052546
0.052750
0.050946
0.051324
0.051303
0.051822
0.052437
0.052708
0.051016
0.051195
0.051617
0.051823
0.051940
0.052929
0.050884
0.051202
0.051264
0.051674
0.051863
0.052612
0.050799
0.051225
0.054902
0.059385
0.052288
0.052435
0.050776
0.051110
0.051242
0.051547
0.052196
0.052715
0.050921
0.051181
0.051611
0.051849
0.052430
0.052629
0.051044
0.051266
0.051490
0.051756
0.052353
0.052611
0.051027
0.051197
0.051462
0.052889
0.053283
0.054424
0.050972
0.051194
0.051339
0.051928
0.052508
0.052462
0.051007
0.051152
0.051484
0.051989
0.052526
0.052858
0.051000
0.051124
0.051363
0.051727
0.052306
0.052382
0.050926
0.051099
0.051674
0.051893
0.052404
0.052411
0.050922
0.051273
0.058952
0.051690
0.052107
0.052369
0.051045
0.051112
0.051391
0.051554
0.052345
0.052852
0.050982
0.051302
0.051664
0.051896
0.052449
0.052620
0.051118
0.051218
0.051866
0.052228
0.053960
0.052633
0.051084
0.053901
0.051745
0.052004
0.052581
0.052827
0.051125
0.051231
0.051562
0.051890
0.052720
0.052710
0.051047
0.051333
0.051627
0.052658
0.053248
0.053868
0.052005
0.051225
0.051523
0.051926
0.052611
0.052399
0.050853
0.051130
0.051607
0.051697
0.052353
0.052347
0.050971
0.051285
0.051655
0.051888
0.052361
0.059927
0.050985
0.051231
0.051488
0.051671
0.052121
0.052670
0.050933
0.051101
0.051601
0.051735
0.052419
0.052926
0.051100
0.051390
0.051644
0.051778
0.052365
0.052845
0.050984
0.051108
0.051546
0.052058
0.052298
0.052361
0.051004
0.051198
0.051357
0.051686
0.052388
0.053089
0.050898
0.051260
0.051646
0.052114
0.052480
0.052471
0.051132
0.051320
0.051684
0.051750
0.052310
0.052360
0.053939
0.051466
0.051612
0.053126
0.066416
0.057506
0.051050
0.051356
0.052056
0.051945
0.052615
0.060311
0.051029
0.051078
0.051482
0.051645
0.052453
0.052640
0.050838
0.051161
0.051333
0.051662
0.052323
0.052933
0.051059
0.051141
0.051577
0.051984
0.052445
0.052447
0.050876
0.051177
0.051453
0.051507
0.052371
0.052418
0.050939
0.051224
0.051545
0.051901
0.052648
0.052736
0.050968
0.051220
0.051839
0.053410
0.052390
0.052500
0.050940
0.051201
0.051427
0.051840
0.052289
0.052928
0.050868
0.051178
0.051720
0.051748
0.052411
0.052618
0.051001
0.051210
0.051781
0.051883
0.059639
0.052793
0.051001
0.051179
0.051395
0.053814
0.054293
0.052511
0.050884
0.051118
0.051274
0.051857
0.055271
0.053111
0.051219
0.051219
0.051342
0.051757
0.052553
0.052761
0.050985
0.051330
0.051470
0.051679
0.052471
0.052801
0.050922
0.051170
0.051401
0.051799
0.052429
0.052397
0.050926
0.051189
0.051726
0.051732
0.052181
0.052981
0.050843
0.051031
0.052479
0.053906
0.053272
0.054306
0.051010
0.051346
0.051845
0.052449
0.053193
0.053197
0.051007
0.051405
0.052042
0.051931
0.052458
0.053024
0.059516
0.051332
0.051850
0.057868
0.052285
0.052707
0.051000
0.051214
0.052633
0.051689
0.052531
0.053263
0.050950
0.051369
0.053141
0.051793
0.054126
0.052542
0.050856
0.051292
0.051460
0.051717
0.052362
0.053005
0.050996
0.051232
0.051298
0.051742
0.052275
0.052960
0.050866
0.051114
0.055969
0.051714
0.052362
0.052893
0.051081
0.051259
0.051352
0.051884
0.052568
0.052771
0.051114
0.051219
0.051429
0.051940
0.052650
0.052954
0.051052
0.052523
0.051367
0.051988
0.052627
0.052965
0.050973
0.051342
0.058800
0.051828
0.052376
0.052647
0.050850
0.051403
0.051314
0.051776
0.052374
0.052452
0.051024
0.051353
0.051424
0.051879
0.052791
0.053029
0.050965
0.051279
0.051323
0.051868
0.055921
0.053008
0.051003
0.051196
0.053131
0.051804
0.052428
0.052726
0.050930
0.051161
0.051323
0.051805
0.052587
0.052687
0.050943
0.051262
0.051448
0.051932
0.052477
0.052645
0.051025
0.051183
0.051363
0.051834
0.052500
0.052507
0.052639
0.051180
0.051363
0.051923
0.052629
0.052760
0.053773
0.058524
0.051369
0.051753
0.054219
0.052672
0.050858
0.051242
0.051545
0.051628
0.052368
0.052948
0.050856
0.051213
0.051453
0.051998
0.052436
0.052788
0.050882
0.051109
0.051657
0.051692
0.052342
0.059884
0.050900
0.050970
0.051239
0.051385
0.052049
0.052139
0.050555
0.050888
0.051194
0.051716
0.052508
0.054966
0.050878
0.051150
0.052490
0.051918
0.052469
0.052661
0.050819
0.051133
0.051330
0.051711
0.052417
0.052298
0.050783
0.051073
0.051284
0.051686
0.052409
0.052319
0.050806
0.051182
0.051511
0.058946
0.052244
0.052225
0.050733
0.051153
0.051196
0.051531
0.052040
0.052317
0.050729
0.051117
0.051359
0.051793
0.052376
0.052742
0.050925
0.051061
0.051467
0.051884
0.055216
0.052890
0.050910
0.051277
0.051492
0.051846
0.052442
0.052988
0.050920
0.051172
0.051481
0.051907
0.052356
0.052800
0.050872
0.051121
0.051370
0.051701
0.052439
0.060001
0.050795
0.050951
0.051167
0.051398
0.051894
0.052352
0.050510
0.051175
0.052411
0.051587
0.052674
0.052960
0.050898
0.051363
0.051430
0.051680
0.052343
0.052987
0.050873
0.051077
0.051565
0.051889
0.052256
0.052991
0.050927
0.051044
0.051616
0.051765
0.052327
0.052972
0.050919
0.051058
0.051235
0.051818
0.052232
0.052913
0.050990
0.051136
0.051330
0.051961
0.052671
0.052815
0.050848
0.051086
0.051609
0.051869
0.052466
0.053013
0.051050
0.051375
0.051450
0.059159
0.052254
0.052659
0.050910
0.051085
0.054921
0.051746
0.052494
0.052812
0.050846
0.051119
0.051447
0.051830
0.052456
0.053186
0.051073
0.051204
0.051598
0.052078
0.052298
0.053045
0.051061
0.051269
0.051649
0.052507
0.052403
0.052920
0.051075
0.051115
0.051459
0.051881
0.052382
0.052868
0.050870
0.051158
0.062979
0.052575
0.053198
0.053299
0.051686
0.054970
0.051445
0.053410
0.054535
0.054395
0.050782
0.051813
0.053128
0.052640
0.053385
0.060842
0.051754
0.052012
0.052138
0.052383
0.052919
0.053389
0.051527
0.051787
0.052208
0.052448
0.053325
0.053952
0.051763
0.052220
0.052474
0.052498
0.053123
0.053749
0.052058
0.052067
0.052813
0.052823
0.053261
0.053948
0.051927
0.052125
0.052575
0.052850
0.053161
0.053850
0.054998
0.052189
0.052532
0.052857
0.053539
0.053873
0.051913
0.053508
0.053193
0.052666
0.053260
0.053772
0.051791
0.052133
0.052459
0.052678
0.053752
0.053848
0.051812
0.052157
0.052570
0.060065
0.053247
0.053196
0.051680
0.051803
0.051995
0.052464
0.052883
0.053649
0.051588
0.051884
0.052326
0.052412
0.053197
0.053470
0.051831
0.051905
0.052546
0.052593
0.053179
0.053357
0.051754
0.051995
0.052375
0.052673
0.053344
0.053374
0.051801
0.052002
0.052367
0.052841
0.053435
0.053325
0.051684
0.052168
0.052306
0.052682
0.053330
0.053524
0.051898
0.052140
0.052376
0.053251
0.053648
0.053466
0.051910
0.052225
0.052591
0.053044
0.053206
0.053417
0.053352
0.060430
0.053377
0.051673
0.055555
0.052856
0.050888
0.051115
0.051624
0.051578
0.052228
0.052693
0.051011
0.051222
0.051539
0.051950
0.052308
0.052434
0.050921
0.051335
0.051292
0.051706
0.052271
0.052490
0.051004
0.051146
0.051641
0.051878
0.052408
0.052401
0.050909
0.051051
0.051389
0.051639
0.052416
0.052512
0.050735
0.051254
0.051554
0.051634
0.052299
0.052393
0.050861
0.051241
0.051556
0.051561
0.052284
0.052419
0.050916
0.051081
0.051598
0.051681
0.052107
0.060013
0.050735
0.051123
0.051448
0.051457
0.052148
0.052535
0.050696
0.050996
0.051559
0.051622
0.052235
0.052944
0.052093
0.051688
0.053172
0.051749
0.052522
0.052947
0.050929
0.051213
0.051326
0.052076
0.052691
0.052920
0.051058
0.051235
0.054473
0.051959
0.052645
0.052730
0.050813
0.051381
0.051214
0.051733
0.052422
0.052861
0.050943
0.051123
0.051288
0.051790
0.052535
0.053007
0.050902
0.051109
0.051598
0.051843
0.052303
0.052921
0.050827
0.060466
0.051551
0.052787
0.053610
0.053140
0.051713
0.052130
0.052281
0.076675
0.051913
0.054086
0.052043
0.052460
0.052931
0.053243
0.053669
0.055152
0.052379
0.077680
0.051397
0.053095
0.053578
0.053882
0.052049
0.052114
0.052436
0.052746
0.054549
0.055924
0.051812
0.052741
0.051268
0.051803
0.052183
0.052914
0.050816
0.051111
0.051216
0.051707
0.052535
0.052819
0.050892
0.051200
0.051428
0.052014
0.052633
0.053013
0.050912
0.051256
0.051735
0.052156
0.053471
0.053891
0.054996
0.060082
0.051465
0.051586
0.052172
0.052615
0.050871
0.051052
0.051153
0.051573
0.052384
0.052787
0.050887
0.051203
0.051650
0.052319
0.052421
0.052909
0.050905
0.051140
0.051570
0.051845
0.052471
0.052890
0.050780
0.051311
0.051318
0.051973
0.052355
0.052823
0.050897
0.051289
0.052577
0.051742
0.052421
0.052869
0.050991
0.051115
0.051437
0.051967
0.052215
0.054148
0.051016
0.051168
0.051499
0.051759
0.052659
0.052698
0.051026
0.051126
0.051496
0.051831
0.052557
0.052707
0.051385
0.060281
0.052767
0.051921
0.053653
0.052355
0.050847
0.050862
0.051162
0.051677
0.052422
0.052648
0.050876
0.051130
0.051844
0.052112
0.052626
0.052866
0.050855
0.051230
0.051548
0.054554
0.052448
0.052942
0.052802
0.051253
0.051625
0.051943
0.052753
0.052668
0.050862
0.051162
0.051629
0.051686
0.052326
0.052487
0.050824
0.051285
0.051641
0.051735
0.052469
0.052811
0.051002
0.051165
0.051445
0.051846
0.059697
0.052843
0.051114
0.051157
0.051467
0.051785
0.052131
0.052879
0.050885
0.051124
0.051294
0.051855
0.052622
0.052919
0.051109
0.051226
0.051389
0.051830
0.052619
0.052726
0.050764
0.051226
0.051408
0.051775
0.052506
0.052865
0.050924
0.051366
0.051396
0.051898
0.052485
0.052683
0.050851
0.051148
0.051647
0.051769
0.052331
0.052946
0.050893
0.051194
0.051571
0.051822
0.052524
0.052834
0.051002
0.051101
0.059150
0.051715
0.052271
0.052541
0.054363
0.051085
0.051121
0.051612
0.052217
0.052524
0.050793
0.050991
0.051331
0.051940
0.052708
0.052814
0.050988
0.051027
0.051553
0.051752
0.052296
0.052805
0.050866
0.051275
0.051283
0.051832
0.052579
0.052660
0.050927
0.051286
0.051552
0.051692
0.052385
0.052464
0.050954
0.051093
0.051695
0.051654
0.052327
0.052959
0.050791
0.051203
0.051411
0.051587
0.059398
0.052799
0.050929
0.050923
0.051302
0.051472
0.051954
0.052683
0.050653
0.051097
0.051405
0.051787
0.052423
0.053019
0.051012
0.051168
0.051635
0.051934
0.052400
0.052939
0.051104
0.051202
0.051633
0.051859
0.052329
0.053053
0.050976
0.051284
0.051610
0.051925
0.052309
0.052911
0.051034
0.051410
0.051440
0.052047
0.056371
0.053066
0.051075
0.051234
0.051641
0.051925
0.051929
0.052941
0.050983
0.051259
0.051676
0.051751
0.052553
0.054148
0.051499
0.060011
0.051313
0.051617
0.052222
0.052597
0.050825
0.050990
0.051137
0.051649
0.052293
0.052749
0.050910
0.051182
0.051378
0.051990
0.052722
0.052743
0.051018
0.051178
0.051526
0.051904
0.052465
0.052919
0.050880
0.051216
0.051606
0.051761
0.052587
0.052725
0.050949
0.051297
0.051357
0.051785
0.052504
0.052941
0.050892
0.053515
0.051568
0.053446
0.052420
0.053007
0.050850
0.051152
0.051599
0.051680
0.059651
0.052793
0.051103
0.051170
0.051367
0.051825
0.052288
0.052691
0.050933
0.051148
0.051430
0.052114
0.052605
0.053015
0.051163
0.054279
0.051801
0.052127
0.052608
0.054085
0.051076
0.051333
0.051400
0.051918
0.052414
0.052418
0.050770
0.051319
0.051404
0.051822
0.052332
0.052496
0.050927
0.051355
0.051463
0.051943
0.052413
0.052872
0.050938
0.051140
0.051562
0.051801
0.052276
0.052828
0.050846
0.051278
0.062678
0.051555
0.052094
0.052401
0.050771
0.050877
0.051172
0.051672
0.052226
0.052483
0.050847
0.051176
0.051438
0.051925
0.052500
0.052424
0.051046
0.051080
0.051506
0.051937
0.052637
0.052611
0.050909
0.051113
0.051571
0.051874
0.052283
0.052444
0.050888
0.051205
0.051275
0.051699
0.052378
0.052737
0.051004
0.051369
0.051751
0.052014
0.052432
0.053657
0.050997
0.051313
0.051394
0.051865
0.055448
0.052757
0.050887
0.051286
0.058696
0.066143
0.052487
0.054508
0.050829
0.050935
0.051350
0.051604
0.052274
0.052396
0.050944
0.051080
0.051354
0.051815
0.052536
0.052533
0.050852
0.051021
0.051349
0.051890
0.051835
0.052883
0.050858
0.051062
0.051451
0.051643
0.052382
0.052937
0.050965
0.051253
0.051535
0.051955
0.052467
0.052369
0.051036
0.051406
0.051436
0.052009
0.052474
0.053026
0.050983
0.051171
0.051683
0.051895
0.052300
0.059656
0.050980
0.051202
0.051328
0.051564
0.053014
0.052237
0.050907
0.051128
0.051548
0.052009
0.052360
0.054033
0.051003
0.051479
0.051297
0.051861
0.052690
0.052910
0.050971
0.051163
0.051446
0.051809
0.052693
0.052636
0.051026
0.054309
0.051764
0.051878
0.052628
0.052804
0.050914
0.051147
0.051570
0.051773
0.052560
0.052463
0.051099
0.051377
0.051612
0.051779
0.052362
0.052545
0.050920
0.051197
0.051644
0.051829
0.052277
0.052531
0.058295
0.051176
0.051472
0.051582
0.052386
0.052798
0.051029
0.051122
0.051439
0.051803
0.052316
0.052668
0.051039
0.051264
0.051577
0.051955
0.052469
0.052474
0.051043
0.051202
0.051688
0.052119
0.052432
0.052403
0.051077
0.051267
0.051369
0.052125
0.052414
0.053636
0.050939
0.051306
0.051492
0.051821
0.052478
0.052496
0.050811
0.051121
0.051505
0.051716
0.052469
0.052425
0.050845
0.051027
0.051519
0.058985
0.052172
0.052405
0.050731
0.050987
0.051229
0.051373
0.052038
0.055863
0.050790
0.051038
0.051323
0.051740
0.052627
0.052836
0.051018
0.051284
0.051532
0.051776
0.052324
0.052751
0.051088
0.051153
0.051472
0.051969
0.052617
0.052596
0.050891
0.051286
0.051328
0.052051
0.052631
0.052729
0.050786
0.051340
0.051530
0.051816
0.052466
0.052634
0.050940
0.051250
0.051506
0.051837
0.052805
0.052806
0.051013
0.051217
0.051552
0.051927
0.051941
0.052810
0.050993
0.051430
0.051511
0.051896
0.051912
0.053024
0.058277
0.051127
0.051301
0.051687
0.052392
0.052712
0.050826
0.050949
0.051097
0.051760
0.051948
0.052754
0.050861
0.051143
0.051389
0.052081
0.052421
0.052898
0.051000
0.051158
0.051633
0.051848
0.051950
0.052844
0.050881
0.051235
0.054368
0.051922
0.052751
0.052960
0.053114
0.051251
0.051369
0.051844
0.054969
0.052628
0.050923
0.051132
0.051423
0.051978
0.052287
0.052584
0.050958
0.051318
0.051659
0.052122
0.052375
0.052520
0.051240
0.051248
0.051598
0.051890
0.052455
0.052465
0.051084
0.051237
0.051579
0.051954
0.060015
0.052585
0.052753
0.053037
0.051219
0.051641
0.052178
0.052653
0.050923
0.051212
0.051256
0.051798
0.052323
0.052965
0.051017
0.051129
0.051237
0.051725
0.052480
0.052511
0.050889
0.051220
0.051495
0.051655
0.052349
0.052619
0.050881
0.051103
0.051260
0.052237
0.051837
0.052420
0.050830
0.051241
0.051274
0.051529
0.052247
0.052391
0.051150
0.051261
0.051832
0.052166
0.052376
0.055813
0.051084
0.051225
0.051456
0.051983
0.052495
0.052802
0.050986
0.051120
0.051342
0.059222
0.052512
0.052780
0.051097
0.051222
0.051435
0.051852
0.052412
0.052815
0.051027
0.051261
0.051438
0.052076
0.052606
0.054778
0.053063
0.052516
0.052390
0.052940
0.053922
0.054482
0.051957
0.052172
0.052425
0.052888
0.053207
0.053931
0.051877
0.052396
0.077465
0.052828
0.054758
0.053470
0.051832
0.052033
0.052359
0.052723
0.053606
0.053541
0.052119
0.052201
0.052758
0.053075
0.053417
0.053923
0.051948
0.052103
0.052398
0.052966
0.053533
0.053863
0.052019
0.052073
0.052661
0.053057
0.053321
0.061813
0.052345
0.052816
0.053054
0.053883
0.052416
0.052823
0.052049
0.052961
0.055041
0.054017
0.052760
0.052770
0.050944
0.051391
0.051303
0.051733
0.052277
0.052736
0.076963
0.051196
0.051876
0.051706
0.051906
0.053004
0.051194
0.051142
0.051642
0.052865
0.053778
0.052688
0.050901
0.051278
0.051204
0.051930
0.052535
0.052815
0.050962
0.051150
0.051402
0.051829
0.052371
0.052352
0.050873
0.051140
0.051634
0.051748
0.053536
0.052394
0.050853
0.051273
0.051596
0.051757
0.052514
0.052376
0.050935
0.051281
0.051353
0.059178
0.052249
0.052589
0.050832
0.051067
0.051230
0.051641
0.051996
0.052219
0.050856
0.051143
0.051457
0.051634
0.052250
0.052655
0.050820
0.051071
0.051352
0.051777
0.052358
0.052624
0.050925
0.051212
0.051515
0.051742
0.052050
0.053012
0.055612
0.051250
0.051650
0.051888
0.052692
0.052399
0.050931
0.054178
0.052842
0.053573
0.052674
0.052844
0.050903
0.051323
0.051596
0.051913
0.052619
0.052793
0.050897
0.051247
0.051652
0.051949
0.052535
0.052910
0.051009
0.051228
0.051345
0.051862
0.052546
0.059967
0.050910
0.051238
0.051429
0.051580
0.052266
0.052666
0.050852
0.050975
0.051335
0.051742
0.052465
0.052795
0.051027
0.051297
0.051582
0.051831
0.052494
0.052984
0.051000
0.051170
0.051301
0.051986
0.052835
0.052806
0.051018
0.051216
0.051290
0.051872
0.052503
0.053237
0.052298
0.051267
0.051546
0.051770
0.052613
0.052756
0.050948
0.051281
0.051389
0.051626
0.052529
0.052784
0.050879
0.051216
0.051470
0.055925
0.052569
0.061735
0.052310
0.051121
0.051449
0.051638
0.052346
0.052552
0.050881
0.051064
0.051264
0.051772
0.052508
0.052888
0.050964
0.051346
0.051291
0.051961
0.052567
0.052764
0.050990
0.051198
0.051644
0.051918
0.052782
0.052717
0.050934
0.051226
0.051549
0.051723
0.052538
0.052761
0.050767
0.051265
0.051324
0.051752
0.052561
0.052714
0.050874
0.051194
0.051394
0.051996
0.052463
0.052806
0.051018
0.058481
0.051363
0.051778
0.052319
0.052658
0.050940
0.051102
0.051367
0.051593
0.052365
0.053057
0.051022
0.051332
0.051679
0.052089
0.052635
0.052908
0.051237
0.051355
0.051455
0.053130
0.052904
0.052904
0.050944
0.051239
0.051476
0.052185
0.052571
0.055536
0.051110
0.051242
0.051469
0.051774
0.052498
0.052900
0.050881
0.051257
0.051508
0.051801
0.052376
0.052851
0.050932
0.051192
0.051594
0.051731
0.052640
0.052742
0.050897
0.051201
0.051532
0.051837
0.052404
0.052931
0.050981
0.058762
0.051570
0.051696
0.052031
0.052775
0.050962
0.050958
0.051634
0.051855
0.052451
0.052992
0.051019
0.051414
0.051583
0.052006
0.052044
0.052865
0.051091
0.051220
0.051504
0.051985
0.052586
0.052886
0.051138
0.051288
0.051489
0.052013
0.052680
0.052847
0.051060
0.051427
0.051573
0.052939
0.052857
0.053431
0.052158
0.051419
0.051332
0.051748
0.052698
0.052422
0.050840
0.051214
0.051773
0.051803
0.052616
0.052519
0.050859
0.058509
0.059935
0.051825
0.052344
0.052458
0.050846
0.050994
0.051268
0.051579
0.052371
0.052405
0.050794
0.051189
0.051371
0.051958
0.052397
0.052904
0.050843
0.051164
0.051364
0.051904
0.052445
0.052821
0.050928
0.051076
0.051301
0.051615
0.052501
0.052390
0.050803
0.051393
0.051431
0.051950
0.052571
0.052387
0.050971
0.051249
0.051568
0.051710
0.052716
0.052393
0.051136
0.051197
0.051487
0.052021
0.052468
0.052829
0.050916
0.051264
0.051480
0.051761
0.055864
0.054648
0.059557
0.051192
0.051566
0.053885
0.053584
0.052464
0.050800
0.051031
0.051246
0.051859
0.052596
0.052744
0.051089
0.051269
0.051398
0.052047
0.052710
0.052764
0.051085
0.051319
0.051389
0.051805
0.052677
0.055894
0.051162
0.051313
0.051373
0.051764
0.052609
0.052667
0.050853
0.051275
0.051685
0.051862
0.052483
0.052658
0.050806
0.051136
0.051718
0.052014
0.052305
0.052738
0.050968
0.051165
0.051770
0.051814
0.052402
0.052603
0.051123
0.051211
0.051759
0.051993
0.052350
0.052512
0.051058
0.051157
0.051387
0.059250
0.052167
0.052233
0.050781
0.050940
0.051095
0.052824
0.052645
0.053635
0.052033
0.051131
0.051447
0.051736
0.052478
0.052593
0.050831
0.051218
0.051336
0.051755
0.052652
0.052858
0.050915
0.051352
0.051364
0.051896
0.052277
0.052548
0.050896
0.051129
0.051445
0.051707
0.052147
0.052537
0.050865
0.051212
0.051614
0.051678
0.052157
0.052316
0.050935
0.051084
0.054830
0.051906
0.052527
0.052901
0.058335
0.051273
0.051216
0.051671
0.052270
0.052603
0.050806
0.051086
0.051173
0.051651
0.052294
0.052731
0.051120
0.051317
0.051800
0.051864
0.052742
0.052583
0.050930
0.051358
0.051483
0.052173
0.052682
0.053055
0.051128
0.051438
0.051523
0.052061
0.052464
0.052652
0.052237
0.051660
0.053109
0.051875
0.052431
0.052837
0.050885
0.051170
0.051494
0.051712
0.051950
0.052904
0.050986
0.051074
0.051485
0.051785
0.051909
0.052417
0.050942
0.051124
0.058571
0.051746
0.051714
0.052745
0.050725
0.050851
0.051211
0.051839
0.052258
0.052749
0.050906
0.051094
0.051525
0.051848
0.051976
0.052887
0.050914
0.051275
0.051585
0.052265
0.055520
0.053286
0.051205
0.051349
0.051716
0.051935
0.052588
0.052833
0.051021
0.051248
0.051464
0.051843
0.052448
0.052628
0.051042
0.051149
0.051490
0.051856
0.052664
0.052876
0.051192
0.051295
0.051758
0.051971
0.052584
0.053099
0.052178
0.053752
0.054618
0.051914
0.052088
0.052875
0.058414
0.051248
0.051289
0.051713
0.052304
0.052594
0.050786
0.051004
0.051276
0.051706
0.052451
0.052868
0.050991
0.051380
0.051657
0.051951
0.052760
0.052389
0.050972
0.051303
0.051637
0.051783
0.052592
0.052647
0.051063
0.051270
0.051505
0.052021
0.052599
0.052597
0.051093
0.051226
0.051649
0.051833
0.052503
0.053125
0.051191
0.051257
0.051795
0.051947
0.060148
0.052709
0.051208
0.053823
0.051440
0.052024
0.052561
0.052472
0.050830
0.051050
0.051581
0.052062
0.052623
0.052922
0.051059
0.051178
0.051474
0.052030
0.052228
0.052797
0.052128
0.062686
0.051673
0.051638
0.052383
0.052908
0.052522
0.054202
0.053443
0.060718
0.057753
0.054607
0.051650
0.051990
0.052299
0.052669
0.053151
0.054964
0.050914
0.051266
0.051381
0.051870
0.052227
0.052885
0.050945
0.051062
0.058970
0.051703
0.052016
0.052447
0.050671
0.050893
0.051144
0.051737
0.052154
0.052637
0.050842
0.050984
0.051250
0.051756
0.052461
0.053907
0.052819
0.051092
0.051530
0.052024
0.052315
0.052932
0.051025
0.051290
0.051859
0.051784
0.052387
0.052901
0.051037
0.051276
0.051804
0.054664
0.052584
0.052863
0.050929
0.051259
0.051485
0.051878
0.052437
0.053032
0.051128
0.051271
0.051511
0.051891
0.053319
0.054292
0.050992
0.051333
0.051260
0.052004
0.052610
0.052905
0.058421
0.051299
0.051397
0.051633
0.052203
0.052594
0.050812
0.050920
0.051230
0.051938
0.052463
0.052846
0.050994
0.051300
0.051756
0.051881
0.052666
0.052755
0.050764
0.051264
0.051380
0.051897
0.052502
0.052595
0.051006
0.051316
0.051373
0.051871
0.052645
0.052918
0.051006
0.051175
0.059258
0.051801
0.052241
0.052803
0.050797
0.050965
0.051353
0.051695
0.052419
0.052974
0.050984
0.051278
0.051561
0.052169
0.052828
0.053109
0.051091
0.051243
0.051405
0.051883
0.052681
0.052950
0.054224
0.051236
0.051459
0.052074
0.052619
0.052980
0.051007
0.051233
0.051360
0.051827
0.052575
0.052644
0.050901
0.051269
0.051302
0.051801
0.052549
0.060137
0.051075
0.051383
0.051348
0.051581
0.052356
0.052614
0.050805
0.051098
0.051471
0.051723
0.052422
0.052793
0.051129
0.051261
0.051694
0.051909
0.052414
0.052869
0.051214
0.051351
0.051460
0.051846
0.052497
0.052866
0.051058
0.051235
0.051422
0.051869
0.052519
0.052681
0.051092
0.051241
0.051437
0.051979
0.052622
0.052798
0.050978
0.051312
0.051400
0.051883
0.052735
0.060012
0.050969
0.051292
0.051320
0.052654
0.052118
0.052160
0.050796
0.051126
0.051398
0.051652
0.052577
0.052550
0.051055
0.051398
0.054295
0.051866
0.052346
0.053095
0.050953
0.051318
0.051627
0.051602
0.052089
0.052915
0.050891
0.051163
0.051291
0.051658
0.052223
0.052259
0.050889
0.051114
0.051497
0.051824
0.052355
0.052442
0.058321
0.050948
0.051218
0.051614
0.052079
0.052183
0.052835
0.050944
0.051565
0.051794
0.052547
0.052700
0.050880
0.051401
0.051591
0.051840
0.052650
0.052944
0.050833
0.051432
0.051380
0.051759
0.052572
0.052690
0.050992
0.051329
0.051492
0.051821
0.052321
0.052506
0.050889
0.051088
0.051667
0.053065
0.052560
0.053014
0.050929
0.051175
0.051321
0.051752
0.052347
0.052899
0.050883
0.051157
0.051354
0.051972
0.059653
0.052744
0.051107
0.051037
0.051286
0.051588
0.052201
0.055094
0.051040
0.051090
0.051501
0.051870
0.052364
0.052503
0.050981
0.051293
0.051783
0.051859
0.052357
0.052961
0.051066
0.051265
0.051483
0.052140
0.052409
0.052910
0.050884
0.051194
0.051454
0.051706
0.052435
0.053043
0.050968
0.051115
0.051387
0.051646
0.052287
0.052491
0.051127
0.051153
0.051693
0.052195
0.052247
0.052801
0.051029
0.051192
0.051396
0.052145
0.052602
0.060073
0.051013
0.051006
0.051169
0.052994
0.052381
0.052631
0.051338
0.051088
0.051370
0.051806
0.052563
0.052955
0.050906
0.051368
0.051407
0.051951
0.052490
0.052889
0.051768
0.052364
0.053123
0.052367
0.053754
0.052904
0.050956
0.051251
0.051678
0.051838
0.052576
0.053091
0.050965
0.054840
0.051836
0.051886
0.052335
0.052479
0.050879
0.051138
0.051433
0.051783
0.052384
0.052900
0.050911
0.051105
0.051482
0.051899
0.052353
0.052361
0.051021
0.051104
0.051257
0.051859
0.052535
0.052822
0.051063
0.058563
0.051435
0.051960
0.052141
0.052496
0.050848
0.051210
0.051336
0.051636
0.052222
0.052786
0.050903
0.051322
0.051689
0.052956
0.052466
0.052980
0.051536
0.051284
0.051408
0.051849
0.052431
0.052967
0.051049
0.051100
0.051435
0.051719
0.052400
0.052949
0.051022
0.051111
0.051407
0.051757
0.052321
0.052390
0.050839
0.051107
0.051616
0.051759
0.052497
0.052930
0.050987
0.051148
0.051602
0.052165
0.052542
0.052574
0.051008
0.051245
0.051622
0.051985
0.072259
0.053212
0.051041
0.051470
0.061856
0.059107
0.052528
0.052882
0.051104
0.051175
0.051348
0.051644
0.052461
0.052888
0.050971
0.051237
0.051569
0.051993
0.052591
0.053220
0.051231
0.051306
0.051595
0.051947
0.052552
0.053106
0.051181
0.051297
0.051668
0.052982
0.052609
0.052939
0.050973
0.051223
0.051467
0.051844
0.052364
0.052849
0.050872
0.051260
0.051331
0.051835
0.052467
0.052371
0.050877
0.051102
0.051329
0.051895
0.052457
0.052415
0.050786
0.051287
0.051620
0.051866
0.052630
0.052779
0.050838
0.051312
0.059017
0.051547
0.052480
0.052304
0.050849
0.051065
0.051338
0.051535
0.052100
0.052853
0.051007
0.051201
0.051668
0.051818
0.052423
0.052572
0.051173
0.051315
0.054672
0.052047
0.052609
0.053061
0.051122
0.051187
0.051441
0.051969
0.052451
0.053063
0.050983
0.051178
0.051643
0.052042
0.052434
0.052801
0.051071
0.051258
0.051509
0.051873
0.052519
0.052868
0.053387
0.053406
0.051458
0.051777
0.052604
0.052974
0.050985
0.051436
0.051475
0.051710
0.052738
0.053025
0.051027
0.051265
0.051425
0.051745
0.052538
0.052919
0.050930
0.051322
0.058643
0.051553
0.052439
0.052568
0.050863
0.051023
0.051224
0.051681
0.052300
0.052566
0.050860
0.051142
0.051494
0.052011
0.052004
0.052649
0.051264
0.052785
0.051579
0.052066
0.051924
0.052973
0.051076
0.051214
0.051430
0.051817
0.051899
0.052688
0.050842
0.051122
0.051412
0.051648
0.051902
0.055845
0.050957
0.051388
0.051551
0.052018
0.052244
0.053017
0.050985
0.051320
0.051566
0.051776
0.052024
0.052774
0.050985
0.051182
0.051502
0.051921
0.052567
0.053011
0.050943
0.051170
0.051300
0.051765
0.051925
0.052355
0.050831
0.051119
0.051466
0.051838
0.059659
0.052567
0.050919
0.051000
0.051203
0.051717
0.052175
0.052207
0.050877
0.051155
0.051414
0.052091
0.054774
0.054268
0.051014
0.051321
0.051860
0.052139
0.052422
0.052358
0.051078
0.051327
0.051585
0.051730
0.052308
0.052544
0.051031
0.051183
0.051625
0.051739
0.052179
0.053016
0.051060
0.051156
0.051397
0.051946
0.052152
0.052522
0.051090
0.051169
0.051440
0.051823
0.052359
0.052499
0.051119
0.051137
0.054382
0.052071
0.054128
0.054925
0.051115
0.051232
0.051569
0.051981
0.052733
0.052445
0.050907
0.058624
0.051377
0.051702
0.052108
0.052192
0.052549
0.051108
0.051273
0.051558
0.052334
0.052248
0.050895
0.051304
0.051444
0.051912
0.052753
0.052525
0.050813
0.051197
0.051720
0.051930
0.052555
0.052540
0.050934
0.051190
0.051738
0.051902
0.051937
0.052998
0.051066
0.051218
0.051478
0.052212
0.052133
0.052507
0.051012
0.051256
0.051413
0.052102
0.052413
0.052982
0.051009
0.051143
0.051576
0.051879
0.052445
0.052842
0.050926
0.051260
0.051612
0.051829
0.052364
0.052453
0.050966
0.051310
0.051495
0.051773
0.052512
0.052487
0.052132
0.062523
0.053119
0.051778
0.052568
0.062851
0.051081
0.051224
0.051279
0.051577
0.052086
0.052729
0.050917
0.051025
0.051484
0.051738
0.052596
0.052605
0.050957
0.051219
0.051699
0.051687
0.052829
0.052719
0.050926
0.051169
0.051483
0.051874
0.052676
0.052707
0.051081
0.051289
0.051269
0.052041
0.052510
0.052357
0.051018
0.051198
0.051372
0.051955
0.052367
0.052859
0.050889
0.051244
0.051534
0.051704
0.052389
0.052328
0.050891
0.051181
0.051338
0.051673
0.052440
0.052483
0.050954
0.051077
0.058734
0.051714
0.052090
0.052367
0.050889
0.050977
0.051390
0.051659
0.052249
0.052370
0.051997
0.074679
0.052871
0.051994
0.052740
0.052803
0.050954
0.051178
0.051535
0.052019
0.052386
0.052340
0.050916
0.051229
0.051363
0.055325
0.052594
0.052934
0.051078
0.051340
0.051532
0.051825
0.052435
0.052464
0.050764
0.051262
0.051595
0.052142
0.052470
0.052624
0.051140
0.051420
0.051570
0.066600
0.052551
0.054266
0.051180
0.051173
0.058771
0.051769
0.052223
0.052742
0.050948
0.051409
0.051324
0.051642
0.052310
0.052940
0.051203
0.056258
0.053138
0.051979
0.052580
0.052963
0.051052
0.051226
0.051667
0.052013
0.052460
0.053094
0.051175
0.051282
0.051454
0.051917
0.052633
0.054027
0.053494
0.053236
0.051321
0.051762
0.052385
0.052807
0.050874
0.051226
0.051392
0.051623
0.052263
0.052867
0.050913
0.051138
0.051569
0.051692
0.052414
0.052990
0.050841
0.051167
0.051391
0.051941
0.052254
0.052960
0.054622
0.051304
0.058712
0.051775
0.052205
0.052548
0.050737
0.051012
0.051157
0.051797
0.052329
0.052653
0.050960
0.051195
0.051688
0.052124
0.052704
0.052818
0.051051
0.051258
0.051419
0.051849
0.052549
0.052780
0.051024
0.051288
0.051801
0.051890
0.052543
0.052733
0.050997
0.051374
0.051771
0.052103
0.052608
0.052768
0.051009
0.058379
0.051546
0.051940
0.052357
0.053823
0.051192
0.052992
0.051282
0.051730
0.052361
0.052590
0.050901
0.051121
0.051610
0.051929
0.052663
0.052574
0.050908
0.051087
0.051424
0.051865
0.052347
0.052707
0.050914
0.051232
0.051415
0.052023
0.052541
0.052389
0.051042
0.051153
0.051364
0.051911
0.052602
0.052885
0.050972
0.051227
0.051455
0.055121
0.059828
0.052500
0.051029
0.051146
0.051282
0.051763
0.052271
0.052326
0.050876
0.051166
0.051493
0.051801
0.052348
0.052528
0.051027
0.051306
0.051588
0.051710
0.052244
0.052535
0.050986
0.051302
0.051453
0.052086
0.052391
0.052741
0.051092
0.051274
0.051672
0.051872
0.052240
0.052557
0.054062
0.051137
0.052668
0.051977
0.052523
0.052700
0.051053
0.051230
0.051412
0.051999
0.052401
0.052808
0.050971
0.051044
0.051605
0.051740
0.052409
0.052915
0.050959
0.051311
0.051392
0.051732
0.052559
0.052790
0.050905
0.051249
0.051382
0.051908
0.059243
0.052601
0.050786
0.051113
0.051220
0.051388
0.051613
0.052660
0.050782
0.051067
0.051364
0.051727
0.051981
0.053204
0.053784
0.051437
0.051855
0.051861
0.051922
0.053142
0.050966
0.051301
0.051646
0.051920
0.051997
0.052946
0.050992
0.051134
0.051349
0.051896
0.051915
0.052874
0.050966
0.051198
0.051325
0.051807
0.051850
0.052893
0.051044
0.051298
0.051549
0.051754
0.051946
0.052917
0.050924
0.051182
0.051290
0.051757
0.052548
0.052926
0.050798
0.051067
0.051297
0.051891
0.052346
0.053010
0.050925
0.051125
0.051366
0.051871
0.052525
0.060137
0.050978
0.050989
0.051287
0.051564
0.052332
0.052644
0.050742
0.050861
0.051114
0.051710
0.052387
0.052886
0.050970
0.051239
0.051530
0.051828
0.052608
0.052940
0.050912
0.051174
0.051435
0.051808
0.052391
0.052487
0.050950
0.051272
0.051541
0.051841
0.055459
0.053013
0.051083
0.051339
0.051728
0.051837
0.052511
0.052987
0.050975
0.051124
0.051570
0.055327
0.052234
0.052948
0.059434
0.051213
0.051729
0.052934
0.052351
0.053071
0.050976
0.051242
0.051409
0.058931
0.052176
0.052701
0.050861
0.051075
0.051142
0.051624
0.051917
0.052567
0.050705
0.050942
0.051415
0.051954
0.052437
0.052917
0.050910
0.051189
0.051576
0.051754
0.052607
0.052331
0.050776
0.051151
0.051552
0.051643
0.052281
0.052828
0.050939
0.051096
0.051368
0.051595
0.052325
0.052528
0.050807
0.051105
0.051483
0.051800
0.052087
0.052580
0.050871
0.051081
0.051364
0.051906
0.053962
0.052667
0.050944
0.050980
0.051591
0.051868
0.052253
0.052396
0.050922
0.054596
0.051516
0.051751
0.059725
0.052593
0.051976
0.051854
0.052909
0.053257
0.052321
0.052705
0.050808
0.051118
0.051416
0.051968
0.052604
0.052989
0.051062
0.051213
0.051401
0.051818
0.052397
0.052708
0.050941
0.051252
0.051607
0.051801
0.052728
0.052989
0.050876
0.051241
0.051413
0.051735
0.052493
0.052783
0.050933
0.051170
0.051600
0.051698
0.052581
0.052997
0.050950
0.051180
0.051350
0.051859
0.052530
0.052758
0.051003
0.051146
0.051317
0.051852
0.051890
0.052966
0.050870
0.051074
0.051307
0.051825
0.051954
0.052880
0.050856
0.051002
0.051331
0.051830
0.059345
0.052522
0.050769
0.051190
0.051190
0.051473
0.052246
0.052356
0.052008
0.051078
0.052805
0.051751
0.055450
0.053257
0.051005
0.051217
0.051557
0.051793
0.052564
0.053301
0.051828
0.052294
0.051465
0.051766
0.052610
0.052540
0.050929
0.051165
0.051409
0.051795
0.052381
0.052624
0.050819
0.051250
0.051468
0.051791
0.052355
0.052373
0.050933
0.051201
0.051481
0.052026
0.052476
0.052630
0.050952
0.051205
0.051510
0.051854
0.052416
0.052531
0.051068
0.051198
0.051423
0.051843
0.052409
0.059903
0.050922
0.051166
0.051339
0.051533
0.052277
0.052313
0.050841
0.051099
0.051390
0.051731
0.052210
0.052527
0.051171
0.051327
0.051454
0.051947
0.052587
0.053084
0.052158
0.051202
0.051407
0.051797
0.052583
0.052868
0.050852
0.051270
0.051236
0.051890
0.052840
0.052904
0.050892
0.051246
0.051265
0.054789
0.052622
0.052957
0.050999
0.051186
0.051273
0.051765
0.051898
0.052816
0.050856
0.051162
0.051326
0.051655
0.051942
0.052859
0.050892
0.051365
0.051291
0.059036
0.052105
0.052547
0.050755
0.051030
0.051156
0.051363
0.051753
0.052803
0.050764
0.051230
0.051437
0.051966
0.051968
0.053186
0.051059
0.051211
0.051649
0.051930
0.052195
0.052994
0.051101
0.051245
0.051390
0.052002
0.052198
0.052946
0.051011
0.051238
0.051571
0.051848
0.051864
0.052824
0.050831
0.054587
0.053217
0.051754
0.052221
0.052681
0.050871
0.051337
0.051379
0.051737
0.051872
0.052838
0.050958
0.051224
0.051535
0.051749
0.059552
0.052274
0.050818
0.050965
0.051289
0.051563
0.052075
0.052735
0.050674
0.054660
0.051574
0.051713
0.052620
0.053010
0.051057
0.051249
0.051328
0.051755
0.051879
0.052832
0.051085
0.051105
0.051274
0.051780
0.051929
0.052956
0.050868
0.051202
0.051598
0.051999
0.051891
0.052897
0.050968
0.051290
0.051619
0.051842
0.052212
0.052950
0.050966
0.051356
0.051685
0.051881
0.051888
0.052936
0.051161
0.051209
0.051646
0.053314
0.051831
0.052989
0.051008
0.059646
0.051287
0.051682
0.052162
0.052522
0.050813
0.051035
0.051136
0.051701
0.052352
0.052655
0.050870
0.051184
0.051632
0.051880
0.052450
0.052738
0.050904
0.051086
0.051236
0.051871
0.052401
0.052490
0.050933
0.051143
0.051349
0.052107
0.052488
0.052406
0.050891
0.051171
0.051390
0.051889
0.052326
0.052584
0.053914
0.051447
0.053016
0.051871
0.052498
0.053002
0.051051
0.051365
0.051712
0.052079
0.052420
0.053131
0.051070
0.051237
0.051433
0.051874
0.052363
0.052582
0.058313
0.051121
0.051483
0.051671
0.052216
0.052684
0.050932
0.051087
0.051353
0.051667
0.052247
0.052537
0.051056
0.052148
0.052431
0.075044
0.052655
0.052882
0.051157
0.051136
0.051272
0.051967
0.052506
0.052919
0.050970
0.051188
0.051353
0.051863
0.052529
0.052848
0.050871
0.051281
0.051345
0.051700
0.052615
0.052667
0.050915
0.051253
0.051510
0.051865
0.051913
0.052872
0.050888
0.051212
0.051317
0.051744
0.051824
0.052790
0.050912
0.051212
0.051572
0.051845
0.052222
0.052954
0.058254
0.051078
0.051338
0.051522
0.051632
0.055476
0.050740
0.050900
0.051199
0.051816
0.051838
0.052884
0.051008
0.051159
0.051729
0.051851
0.052498
0.052501
0.050798
0.051209
0.051369
0.051843
0.052612
0.052964
0.050970
0.051156
0.051558
0.052028
0.051966
0.052661
0.050924
0.051213
0.051533
0.051762
0.052455
0.052466
0.050856
0.051067
0.051348
0.051725
0.052039
0.052492
0.050896
0.051243
0.051435
0.051808
0.052625
0.052576
0.051013
0.051231
0.051528
0.051941
0.052338
0.052706
0.051062
0.051160
0.051323
0.061189
0.052188
0.052316
0.050905
0.050940
0.051133
0.051703
0.052161
0.052202
0.050888
0.051180
0.051436
0.051848
0.052397
0.052536
0.051049
0.051304
0.051301
0.052133
0.052702
0.052728
0.050952
0.051396
0.051422
0.052080
0.055055
0.053230
0.051080
0.051318
0.051407
0.051648
0.052481
0.052631
0.050921
0.052652
0.051809
0.051882
0.052551
0.052655
0.051028
0.054635
0.053513
0.051780
0.052409
0.052670
0.050824
0.051051
0.051356
0.051887
0.053385
0.053340
0.052775
0.059572
0.052140
0.052533
0.053172
0.053030
0.051863
0.052331
0.051074
0.051579
0.052234
0.052297
0.050733
0.051173
0.051611
0.051780
0.052406
0.052546
0.050802
0.051194
0.051329
0.051920
0.052347
0.052361
0.050812
0.051181
0.051466
0.051756
0.052222
0.052797
0.050759
0.050958
0.058791
0.051554
0.051660
0.052623
0.050761
0.050839
0.051250
0.051537
0.052022
0.052596
0.050696
0.050966
0.051415
0.051925
0.052588
0.052932
0.050854
0.053226
0.052296
0.055726
0.055020
0.053079
0.051514
0.052123
0.052214
0.052749
0.053008
0.054291
0.050810
0.051238
0.051523
0.051878
0.052360
0.052428
0.052443
0.050974
0.051599
0.051932
0.052386
0.052442
0.050883
0.051063
0.051593
0.059166
0.052073
0.052296
0.050788
0.051023
0.051272
0.051646
0.052293
0.052276
0.050925
0.051129
0.051734
0.051833
0.052491
0.053076
0.050987
0.051250
0.051351
0.051839
0.052401
0.052673
0.050946
0.051121
0.051312
0.051847
0.052455
0.052453
0.050951
0.051173
0.051598
0.051768
0.052560
0.053060
0.050867
0.051210
0.052286
0.052717
0.053475
0.053694
0.053190
0.052263
0.053119
0.051717
0.052494
0.052747
0.050900
0.051119
0.051324
0.051781
0.052466
0.052933
0.050801
0.051185
0.051458
0.054561
0.053603
0.060203
0.050929
0.050989
0.051317
0.051571
0.052084
0.052663
0.050734
0.050973
0.051400
0.051846
0.052645
0.053020
0.050947
0.051310
0.051542
0.051837
0.052540
0.052393
0.050921
0.051224
0.051490
0.051927
0.052546
0.052740
0.050963
0.051375
0.051548
0.052073
0.052368
0.052626
0.050926
0.051372
0.051649
0.051828
0.052670
0.052540
0.050899
0.051206
0.051622
0.051725
0.052300
0.053039
0.050987
0.051218
0.051550
0.051958
0.052562
0.060304
0.052382
0.051564
0.052206
0.052817
0.052091
0.052577
0.050717
0.050996
0.051308
0.051730
0.052320
0.053020
0.050965
0.051175
0.051300
0.051796
0.052397
0.052360
0.051004
0.051048
0.051504
0.051723
0.052544
0.052891
0.050781
0.051384
0.059632
0.052011
0.052532
0.052886
0.050827
0.051236
0.051279
0.051653
0.052346
0.052913
0.050824
0.051085
0.051555
0.051877
0.052232
0.052857
0.050941
0.051171
0.051489
0.051685
0.052191
0.052996
0.050955
0.051161
0.051556
0.051832
0.052237
0.060292
0.051035
0.051155
0.051306
0.051817
0.051896
0.052587
0.050751
0.050903
0.051237
0.051937
0.052372
0.052929
0.051108
0.051235
0.051440
0.053152
0.053436
0.054235
0.050866
0.051168
0.051330
0.051753
0.052523
0.052833
0.050902
0.051305
0.051465
0.051698
0.052446
0.052927
0.050881
0.051255
0.051362
0.051751
0.052346
0.052635
0.050801
0.051211
0.051302
0.051808
0.052353
0.053318
0.051767
0.052004
0.053322
0.051801
0.052291
0.052363
0.050846
0.051033
0.054881
0.051834
0.052562
0.052827
0.050879
0.051142
0.051215
0.051978
0.059819
0.052643
0.051012
0.051056
0.051444
0.051683
0.052121
0.052684
0.050889
0.051188
0.051464
0.051935
0.052982
0.054019
0.052017
0.052384
0.051437
0.051813
0.052399
0.053025
0.050918
0.051171
0.051475
0.053019
0.053062
0.054549
0.051001
0.051150
0.051326
0.051852
0.052569
0.052973
0.050895
0.051214
0.051651
0.051782
0.052362
0.052376
0.050974
0.051475
0.052536
0.052839
0.052463
0.052538
0.050951
0.050981
0.051606
0.052168
0.052361
0.052431
0.050766
0.051349
0.051341
0.051906
0.052335
0.052463
0.050853
0.058813
0.051476
0.051719
0.052131
0.052472
0.050689
0.051068
0.051200
0.051530
0.052344
0.052362
0.050838
0.053925
0.051781
0.051925
0.052443
0.052753
0.050845
0.051185
0.051545
0.051749
0.052465
0.056679
0.050915
0.051154
0.051465
0.051843
0.052383
0.052447
0.050912
0.051075
0.051339
0.054975
0.052445
0.052928
0.051123
0.051257
0.051416
0.052015
0.052541
0.052730
0.050949
0.051283
0.051574
0.051904
0.052508
0.052723
0.050862
0.051340
0.051681
0.051948
0.052522
0.052853
0.050861
0.051225
0.051399
0.051870
0.052515
0.060233
0.050889
0.051291
0.051355
0.051727
0.052150
0.052519
0.050731
0.051121
0.051223
0.051633
0.052452
0.052964
0.051049
0.051341
0.051390
0.051826
0.052600
0.052640
0.050913
0.051123
0.051457
0.051870
0.052656
0.052926
0.051016
0.051238
0.051521
0.051948
0.052515
0.052713
0.053424
0.051368
0.051390
0.051776
0.052543
0.052933
0.050846
0.051307
0.053153
0.051855
0.052474
0.052895
0.050943
0.051272
0.051411
0.051847
0.052402
0.052906
0.050933
0.051194
0.051319
0.051710
0.052316
0.052619
0.058302
0.051082
0.051441
0.051640
0.052070
0.052354
0.050633
0.051042
0.051303
0.051622
0.052362
0.052581
0.050813
0.051190
0.051684
0.052279
0.052349
0.052460
0.050955
0.051277
0.051599
0.051900
0.052344
0.052429
0.051057
0.051108
0.051598
0.051827
0.052588
0.052581
0.050954
0.051351
0.051468
0.051852
0.052659
0.053029
0.051130
0.051274
0.051772
0.052040
0.052463
0.053053
0.050993
0.051238
0.051708
0.051977
0.052558
0.052992
0.051042
0.052166
0.052382
0.053175
0.052298
0.055904
0.050982
0.051301
0.051661
0.051793
0.052484
0.059907
0.050920
0.050998
0.051411
0.051609
0.052300
0.052564
0.050711
0.051041
0.051377
0.051730
0.052576
0.052797
0.050967
0.051315
0.051571
0.051808
0.052487
0.052680
0.050836
0.051261
0.051612
0.051725
0.052590
0.052820
0.075141
0.051599
0.052626
0.053451
0.052635
0.055144
0.051507
0.052014
0.051618
0.051799
0.053376
0.053936
0.052863
0.051172
0.051704
0.051947
0.051926
0.053000
0.051080
0.051273
0.051442
0.051919
0.052607
0.052662
0.051069
0.051248
0.058657
0.051873
0.052389
0.052573
0.051873
0.051528
0.052129
0.052846
0.052314
0.052591
0.050897
0.051176
0.051540
0.051821
0.052472
0.052435
0.050909
0.051216
0.051587
0.051630
0.055701
0.053000
0.050987
0.051315
0.051382
0.051816
0.053765
0.052736
0.050955
0.051147
0.051362
0.051767
0.052326
0.052530
0.051614
0.052989
0.051314
0.052229
0.052406
0.052889
0.050960
0.051006
0.051594
0.051766
0.052597
0.052679
0.050819
0.051180
0.051652
0.051942
0.052598
0.052937
0.050985
0.051102
0.051311
0.059125
0.052258
0.052566
0.050788
0.051112
0.051160
0.051632
0.052094
0.052663
0.050715
0.051096
0.051380
0.051867
0.052327
0.052987
0.052294
0.051677
0.053537
0.051903
0.052422
0.052851
0.050850
0.051161
0.051638
0.051707
0.052384
0.052948
0.050853
0.051226
0.051567
0.051960
0.052241
0.052847
0.050929
0.051075
0.051562
0.051650
0.052280
0.052713
0.050777
0.051086
0.054368
0.051941
0.052536
0.053001
0.051056
0.051139
0.051347
0.051871
0.052503
0.052621
0.050953
0.051256
0.051393
0.051787
0.059836
0.052579
0.050948
0.051206
0.051318
0.051540
0.052259
0.052700
0.050935
0.051346
0.051381
0.052013
0.052680
0.053158
0.051132
0.051316
0.051691
0.051978
0.052563
0.053101
0.051176
0.051433
0.051457
0.052021
0.052480
0.053158
0.051193
0.051333
0.051602
0.053554
0.053213
0.054457
0.050981
0.051214
0.051530
0.051900
0.052506
0.052717
0.050846
0.051169
0.051554
0.051851
0.052444
0.052668
0.050901
0.051188
0.051312
0.051740
0.052398
0.052440
0.050830
0.051281
0.051377
0.051798
0.052366
0.052838
0.058152
0.051188
0.051255
0.051590
0.052091
0.052541
0.050682
0.053859
0.051250
0.051622
0.052436
0.052691
0.050895
0.051125
0.051653
0.051820
0.052324
0.052572
0.051048
0.051299
0.051753
0.051808
0.052319
0.052561
0.050981
0.051203
0.051379
0.051909
0.052268
0.052393
0.050963
0.051224
0.051291
0.051848
0.052373
0.052353
0.050956
0.051118
0.051608
0.053317
0.054843
0.054783
0.050798
0.051211
0.051270
0.051763
0.052564
0.052702
0.050863
0.051260
0.051264
0.059269
0.052291
0.052319
0.050811
0.051039
0.051246
0.051473
0.052195
0.052598
0.050798
0.051104
0.051338
0.051699
0.052602
0.052742
0.051106
0.051369
0.051543
0.052182
0.052302
0.052859
0.051003
0.051205
0.051563
0.052095
0.052649
0.052418
0.051057
0.051154
0.051561
0.052064
0.052671
0.056747
0.051138
0.051293
0.051588
0.051838
0.052551
0.052980
0.051199
0.053130
0.051483
0.051823
0.052694
0.053019
0.051002
0.051246
0.051790
0.051865
0.052536
0.053090
0.050941
0.051209
0.051365
0.053152
0.054962
0.054914
0.050964
0.051202
0.058726
0.051761
0.052291
0.052619
0.050878
0.051011
0.051350
0.051566
0.052228
0.052658
0.050874
0.051047
0.051320
0.052140
0.052813
0.052834
0.050975
0.051155
0.051548
0.052075
0.052507
0.052941
0.051125
0.051199
0.051396
0.051964
0.052450
0.052968
0.050959
0.051395
0.051728
0.051826
0.052357
0.053030
0.051024
0.051232
0.052996
0.051867
0.052612
0.053083
0.051029
0.051097
0.051492
0.051800
0.051788
0.052996
0.050824
0.051127
0.051468
0.059140
0.054628
0.052775
0.051015
0.050912
0.051364
0.051617
0.051710
0.052740
0.050844
0.051077
0.051513
0.053042
0.052435
0.053131
0.050959
0.051200
0.051485
0.051918
0.052224
0.052975
0.051101
0.051287
0.051640
0.051854
0.052243
0.053013
0.050956
0.051293
0.051557
0.051814
0.051985
0.052907
0.051138
0.051370
0.051398
0.051913
0.052051
0.052938
0.050982
0.058731
0.051481
0.051608
0.051826
0.052714
0.050754
0.050928
0.051146
0.051553
0.052463
0.053045
0.050999
0.051311
0.051705
0.052028
0.052737
0.052701
0.051015
0.051181
0.051571
0.051917
0.052635
0.052787
0.050932
0.051328
0.051302
0.052154
0.052724
0.052983
0.051146
0.051364
0.051399
0.051949
0.052670
0.053062
0.050970
0.051472
0.056282
0.051886
0.052523
0.052977
0.050976
0.051274
0.051702
0.059134
0.052177
0.052609
0.050878
0.051032
0.051224
0.051504
0.051565
0.052764
0.050891
0.051024
0.053671
0.051581
0.051926
0.053108
0.050906
0.051122
0.051702
0.051829
0.052499
0.052829
0.050965
0.051184
0.051542
0.051734
0.052356
0.052907
0.050945
0.050967
0.051525
0.051793
0.052088
0.052895
0.050995
0.051255
0.051727
0.051825
0.051994
0.053005
0.051001
0.051384
0.051484
0.051828
0.052447
0.052903
0.051031
0.051305
0.051436
0.052137
0.052763
0.052934
0.051072
0.051301
0.051765
0.052036
0.052463
0.053010
0.051004
0.057489
0.052501
0.053404
0.059518
0.052724
0.050983
0.051072
0.051320
0.051602
0.052049
0.052593
0.050760
0.053849
0.051469
0.051807
0.052023
0.052935
0.051085
0.051206
0.051343
0.051893
0.052256
0.052867
0.051038
0.051283
0.051589
0.051847
0.051946
0.053002
0.050827
0.051201
0.051547
0.051721
0.051917
0.052918
0.050975
0.051343
0.051515
0.051678
0.051850
0.053046
0.050907
0.051207
0.051435
0.051704
0.052499
0.052807
0.051039
0.051278
0.051633
0.051847
0.052583
0.052782
0.051189
0.051291
0.051838
0.051929
0.052622
0.052786
0.051157
0.051275
0.051518
0.052011
0.060885
0.052761
0.051038
0.052106
0.051146
0.051587
0.052232
0.052464
0.050843
0.051138
0.051412
0.051808
0.052650
0.052831
0.051036
0.051278
0.051563
0.051752
0.052522
0.052554
0.050931
0.051249
0.051588
0.051787
0.052640
0.052990
0.053915
0.051164
0.051623
0.051851
0.052372
0.053101
0.050960
0.051158
0.051360
0.051729
0.052338
0.053000
0.050935
0.051142
0.051354
0.051781
0.052495
0.052696
0.050914
0.051149
0.051252
0.052031
0.052433
0.052660
0.051072
0.051196
0.051436
0.059162
0.052366
0.052346
0.051172
0.052600
0.051275
0.051775
0.052223
0.052323
0.050938
0.051375
0.051424
0.051758
0.052442
0.052514
0.050964
0.052065
0.052011
0.053615
0.052424
0.052945
0.050904
0.051263
0.051514
0.051827
0.052508
0.052521
0.050877
0.051066
0.051403
0.051641
0.052293
0.052422
0.050975
0.051133
0.051474
0.051656
0.052259
0.052332
0.050881
0.051170
0.051483
0.051847
0.052242
0.052467
0.051003
0.051100
0.051641
0.051886
0.055555
0.052982
0.051048
0.051164
0.058639
0.051950
0.052314
0.052527
0.050770
0.051053
0.051135
0.051444
0.052131
0.052119
0.050758
0.051048
0.051520
0.051854
0.052714
0.052407
0.050847
0.051238
0.051336
0.051644
0.052397
0.052837
0.050799
0.051121
0.051354
0.051850
0.052318
0.052467
0.050937
0.052338
0.052190
0.053558
0.052589
0.052764
0.051139
0.051262
0.051296
0.051876
0.052573
0.054571
0.050964
0.051214
0.051363
0.051856
0.059984
0.052572
0.051103
0.050985
0.051185
0.051532
0.052321
0.052622
0.050904
0.051274
0.051555
0.051928
0.052425
0.052754
0.051221
0.051375
0.051548
0.051810
0.052411
0.052527
0.051003
0.051251
0.051666
0.051801
0.052541
0.052524
0.051017
0.051242
0.051655
0.054725
0.052645
0.052858
0.051267
0.051367
0.051506
0.052285
0.052620
0.052557
0.051196
0.051201
0.051466
0.052061
0.052378
0.052806
0.051074
0.051159
0.051386
0.051855
0.052779
0.052490
0.051073
0.052365
0.059589
0.053317
0.052283
0.052533
0.050803
0.051232
0.051118
0.051485
0.052477
0.052635
0.050832
0.051193
0.051422
0.051770
0.052564
0.052698
0.050890
0.051268
0.051668
0.051927
0.052458
0.053120
0.050856
0.051137
0.051652
0.051730
0.052400
0.052756
0.050845
0.051010
0.051410
0.051762
0.052445
0.052889
0.050959
0.051198
0.051522
0.051961
0.052634
0.052883
0.051109
0.051289
0.051531
0.051911
0.052470
0.052915
0.051000
0.051155
0.051558
0.051802
0.052406
0.052980
0.051056
0.055043
0.058958
0.051743
0.051835
0.052510
0.050750
0.051086
0.051150
0.051524
0.051857
0.052720
0.050720
0.052300
0.051586
0.051861
0.052738
0.052782
0.050831
0.051445
0.053156
0.051676
0.052699
0.052824
0.051134
0.051259
0.051557
0.051801
0.052668
0.052743
0.050972
0.051171
0.051512
0.051977
0.052521
0.052801
0.050934
0.051228
0.051342
0.052004
0.052609
0.052764
0.051086
0.051145
0.051493
0.051809
0.052583
0.052764
0.050806
0.051313
0.051483
0.051673
0.051896
0.052804
0.058488
0.051185
0.051401
0.051491
0.051887
0.052671
0.050848
0.051073
0.051408
0.051696
0.051823
0.052864
0.050963
0.051295
0.051480
0.051687
0.052535
0.052755
0.050944
0.051132
0.051199
0.051726
0.052450
0.059195
0.051098
0.051150
0.052491
0.051883
0.052351
0.052419
0.050963
0.051129
0.051479
0.051850
0.052559
0.052469
0.050930
0.051172
0.051391
0.051829
0.052512
0.052756
0.050871
0.051371
0.051565
0.051757
0.052564
0.052621
0.050892
0.051370
0.051602
0.051704
0.052669
0.052786
0.050845
0.058405
0.051361
0.051675
0.052051
0.052598
0.050825
0.051028
0.051409
0.051542
0.052321
0.053016
0.050927
0.051117
0.051685
0.051981
0.052380
0.052763
0.051104
0.051430
0.051503
0.052269
0.052563
0.052780
0.051060
0.051184
0.051398
0.051950
0.052582
0.052478
0.050896
0.051194
0.051472
0.051858
0.052421
0.052703
0.051020
0.051453
0.051463
0.053908
0.052739
0.052436
0.051899
0.051209
0.051594
0.054780
0.052577
0.052582
0.051041
0.051135
0.051296
0.051858
0.052323
0.052763
0.050928
0.058375
0.051306
0.051492
0.052144
0.052378
0.050711
0.050781
0.051164
0.051517
0.052121
0.052221
0.050985
0.051139
0.051749
0.052076
0.052363
0.052427
0.051038
0.051310
0.051577
0.051805
0.052499
0.052373
0.051025
0.051236
0.051394
0.051957
0.052630
0.052669
0.050984
0.051423
0.051749
0.051686
0.052343
0.052908
0.050835
0.051342
0.051338
0.051980
0.052218
0.052446
0.050896
0.051162
0.051475
0.051727
0.052161
0.053785
0.051412
0.052248
0.052854
0.051898
0.052608
0.052831
0.060639
0.051178
0.051465
0.051569
0.052214
0.052542
0.050745
0.051035
0.051266
0.051839
0.052378
0.052784
0.051046
0.054411
0.051836
0.051958
0.052738
0.052909
0.051049
0.051441
0.051758
0.051849
0.052455
0.052957
0.050851
0.051334
0.051408
0.051930
0.052631
0.052861
0.050948
0.051313
0.051657
0.051814
0.052520
0.052860
0.050938
0.051060
0.051534
0.052134
0.052424
0.053059
0.050990
0.051069
0.051342
0.051723
0.052580
0.052505
0.050852
0.051005
0.051378
0.051869
0.052243
0.052813
0.050842
0.051231
0.058608
0.051927
0.052270
0.053483
0.050882
0.051024
0.051336
0.051820
0.052523
0.052793
0.050869
0.051265
0.051609
0.052000
0.052537
0.052395
0.050778
0.054629
0.052834
0.051825
0.053364
0.053732
0.051760
0.052290
0.053226
0.051800
0.054034
0.052520
0.052478
0.052180
0.052382
0.052653
0.053335
0.056455
0.051836
0.052119
0.052335
0.052797
0.053503
0.053963
0.051927
0.052245
0.052824
0.052885
0.053383
0.053508
0.052010
0.052197
0.052409
0.053011
0.061083
0.053685
0.051989
0.051962
0.052119
0.052752
0.053414
0.053141
0.051928
0.052041
0.052351
0.052856
0.053447
0.053677
0.052100
0.052310
0.052425
0.052760
0.054719
0.053971
0.051829
0.052170
0.052318
0.052979
0.053700
0.053812
0.051872
0.052117
0.052430
0.054528
0.053486
0.053990
0.051855
0.052096
0.052575
0.052719
0.053581
0.053840
0.051899
0.052004
0.052498
0.052689
0.053434
0.053890
0.051884
0.052119
0.052159
0.060087
0.053175
0.053524
0.051653
0.051788
0.052087
0.052510
0.053320
0.053435
0.051731
0.052039
0.052219
0.055802
0.053576
0.054033
0.051849
0.052197
0.052217
0.052864
0.053287
0.053806
0.053272
0.052258
0.052418
0.053041
0.053433
0.053912
0.051784
0.052133
0.052440
0.052619
0.053224
0.053883
0.051798
0.051998
0.052536
0.052632
0.053454
0.053871
0.053351
0.052101
0.052389
0.052702
0.053469
0.053773
0.051916
0.052059
0.052274
0.052974
0.053464
0.053848
0.051878
0.052130
0.052634
0.052932
0.053607
0.053788
0.059537
0.052186
0.052351
0.052670
0.052823
0.053563
0.051800
0.052141
0.052218
0.052644
0.053015
0.053772
0.051817
0.052418
0.052634
0.052706
0.052995
0.053903
0.051888
0.052320
0.052372
0.052821
0.053354
0.054049
0.051996
0.052120
0.052680
0.052882
0.053642
0.054034
0.052096
0.055078
0.052667
0.052906
0.053557
0.054071
0.052047
0.052220
0.052384
0.053198
0.053687
0.053839
0.051972
0.052100
0.052605
0.053173
0.053427
0.056735
0.052031
0.061749
0.052444
0.052674
0.053238
0.053378
0.051651
0.052013
0.052137
0.052528
0.053237
0.053219
0.051656
0.052132
0.052620
0.052777
0.053658
0.053482
0.051821
0.052249
0.052548
0.052686
0.053233
0.053543
0.051760
0.052200
0.052478
0.052567
0.053553
0.053979
0.051891
0.052055
0.052404
0.052661
0.053274
0.053223
0.051819
0.052064
0.052376
0.052854
0.052773
0.053303
0.052116
0.052103
0.052538
0.052793
0.052840
0.053607
0.051776
0.052125
0.052472
0.052756
0.053231
0.054038
0.059683
0.052314
0.052590
0.052985
0.053183
0.056772
0.052066
0.052205
0.052504
0.053968
0.053607
0.053847
0.051829
0.052127
0.052642
0.052687
0.053443
0.053753
0.051808
0.052078
0.052218
0.052842
0.053513
0.053835
0.051813
0.052043
0.052358
0.052931
0.053532
0.053839
0.051815
0.052038
0.052124
0.052890
0.053596
0.053623
0.051773
0.052143
0.052866
0.052912
0.053568
0.053744
0.051925
0.052248
0.052282
0.052766
0.053637
0.053704
0.051927
0.052376
0.052673
0.052782
0.060630
0.053461
0.052067
0.052352
0.052372
0.052685
0.053593
0.053569
0.051856
0.052195
0.052341
0.052877
0.053701
0.053863
0.052071
0.052299
0.052354
0.052749
0.053620
0.053721
0.052115
0.052297
0.053414
0.052722
0.053476
0.053762
0.051969
0.052207
0.052508
0.055601
0.053494
0.053687
0.051845
0.052208
0.052225
0.052943
0.053805
0.054008
0.052200
0.053308
0.052426
0.052617
0.053582
0.053667
0.051811
0.051326
0.051349
0.051692
0.059734
0.052527
0.050892
0.051195
0.051324
0.051492
0.052269
0.052332
0.050690
0.051051
0.051468
0.051887
0.052458
0.052630
0.051170
0.051317
0.051722
0.052020
0.052734
0.052616
0.051175
0.051231
0.051629
0.051838
0.052559
0.053005
0.051112
0.051217
0.051425
0.051854
0.052592
0.052719
0.050817
0.051060
0.051470
0.051844
0.052530
0.052408
0.050936
0.051094
0.052459
0.052753
0.053808
0.052956
0.050955
0.051234
0.051572
0.058973
0.052338
0.052484
0.050764
0.050961
0.051168
0.051409
0.052281
0.052317
0.050645
0.054041
0.051510
0.051735
0.052647
0.052987
0.050851
0.051194
0.051638
0.051708
0.052352
0.052595
0.050861
0.051103
0.051629
0.051715
0.052295
0.052425
0.050792
0.051051
0.051185
0.051824
0.052532
0.052375
0.051012
0.051206
0.051667
0.052096
0.052639
0.052378
0.050933
0.051436
0.051362
0.051931
0.052558
0.052384
0.050893
0.051324
0.051747
0.059123
0.052129
0.052594
0.050909
0.051115
0.051432
0.051556
0.051960
0.052291
0.050828
0.051066
0.052773
0.053804
0.052564
0.052920
0.050794
0.051094
0.051538
0.051704
0.052502
0.052527
0.050958
0.051119
0.051517
0.051746
0.052377
0.052894
0.050857
0.051107
0.051546
0.052008
0.052348
0.052951
0.050749
0.051197
0.051503
0.051763
0.052425
0.055722
0.050991
0.051186
0.051678
0.051718
0.052362
0.052866
0.050764
0.051356
0.051434
0.051850
0.052379
0.059990
0.051155
0.051217
0.051437
0.051724
0.052051
0.052264
0.050813
0.051183
0.051354
0.051842
0.052450
0.052822
0.051053
0.051197
0.051473
0.051705
0.052344
0.052759
0.051058
0.051233
0.051736
0.051933
0.052689
0.052886
0.051000
0.051186
0.052453
0.051938
0.052559
0.052820
0.051017
0.051109
0.051563
0.051970
0.052432
0.052803
0.050901
0.051216
0.051332
0.051653
0.052490
0.052743
0.050742
0.051269
0.051252
0.051498
0.052085
0.052791
0.050851
0.051236
0.051455
0.051537
0.052109
0.052824
0.050732
0.051157
0.051462
0.051729
0.059105
0.052635
0.050744
0.050829
0.051289
0.054497
0.052326
0.052700
0.053615
0.051244
0.051513
0.051851
0.051936
0.053161
0.051247
0.051317
0.051407
0.052000
0.052115
0.052857
0.051045
0.051291
0.051402
0.052075
0.052744
0.052828
0.051165
0.051280
0.051434
0.051808
0.052632
0.052858
0.050996
0.051323
0.051561
0.051667
0.052549
0.052906
0.050956
0.051255
0.051545
0.051729
0.052561
0.052951
0.050910
0.051159
0.051606
0.051929
0.052478
0.053057
0.050874
0.051164
0.051666
0.051749
0.051931
0.060122
0.050903
0.051052
0.051284
0.051620
0.051644
0.052482
0.050736
0.050966
0.051097
0.051614
0.052424
0.052897
0.050997
0.051323
0.051429
0.052042
0.051978
0.052933
0.051003
0.051248
0.051485
0.051839
0.052717
0.053057
0.051075
0.054343
0.051683
0.051902
0.052089
0.053012
0.051131
0.051376
0.051788
0.052111
0.052135
0.053169
0.050978
0.051244
0.051780
0.051823
0.052321
0.053054
0.051907
0.051187
0.051354
0.051893
0.052282
0.052933
0.051034
0.051054
0.051582
0.052019
0.051828
0.052725
0.050813
0.051118
0.051367
0.059188
0.052101
0.052585
0.050876
0.050845
0.051179
0.051611
0.051995
0.052471
0.050812
0.051085
0.051505
0.051758
0.052275
0.052871
0.050850
0.051316
0.051317
0.051902
0.052350
0.052808
0.050868
0.051219
0.051534
0.051705
0.052410
0.052743
0.050854
0.051251
0.051374
0.051715
0.052173
0.052875
0.050695
0.051121
0.051553
0.051617
0.052266
0.052746
0.050865
0.051103
0.051350
0.051890
0.052299
0.055632
0.051076
0.051329
0.051564
0.051967
0.052497
0.052809
0.052971
0.051114
0.051723
0.051997
0.052424
0.052690
0.051502
0.051099
0.059064
0.051696
0.052057
0.052394
0.050760
0.051038
0.051259
0.051376
0.052318
0.052577
0.050634
0.051063
0.051515
0.051744
0.052553
0.052836
0.050925
0.051264
0.051635
0.051739
0.052510
0.052538
0.050954
0.051072
0.051439
0.051828
0.052322
0.052524
0.050880
0.051132
0.051569
0.051646
0.052232
0.052591
0.050834
0.051067
0.051358
0.051810
0.052260
0.052610
0.050925
0.051058
0.051466
0.051921
0.052395
0.052938
0.050996
0.051216
0.051509
0.051730
0.052522
0.052545
0.050940
0.051430
0.051598
0.051781
0.052113
0.052887
0.052045
0.051381
0.051608
0.051790
0.069139
0.052849
0.050967
0.051223
0.051432
0.051667
0.052194
0.052772
0.050787
0.051096
0.051416
0.051950
0.052463
0.053114
0.051057
0.051279
0.051668
0.052040
0.052397
0.052971
0.050869
0.051201
0.051564
0.052005
0.052098
0.052958
0.051001
0.051360
0.051685
0.052004
0.052199
0.053054
0.051005
0.051240
0.051680
0.051900
0.052077
0.053136
0.051086
0.051441
0.051753
0.051888
0.052500
0.052972
0.051074
0.051461
0.051796
0.051877
0.052339
0.053195
0.052306
0.051228
0.051737
0.051875
0.052560
0.060306
0.051046
0.051349
0.051539
0.051653
0.052381
0.052604
0.051848
0.050993
0.051276
0.051645
0.052538
0.052698
0.051015
0.051326
0.051292
0.051815
0.052325
0.052644
0.050996
0.051107
0.054158
0.052121
0.052623
0.052347
0.050962
0.051164
0.051360
0.051829
0.052646
0.052454
0.050836
0.051257
0.051570
0.051673
0.052403
0.052832
0.050873
0.051334
0.051505
0.051657
0.052337
0.052895
0.050891
0.051320
0.051394
0.051837
0.052586
0.053008
0.050824
0.051228
0.051574
0.052476
0.053519
0.052539
0.051162
0.051216
0.051523
0.052194
0.059632
0.052822
0.051204
0.051211
0.051178
0.051692
0.052136
0.052598
0.050745
0.050926
0.051171
0.051770
0.051974
0.052499
0.052362
0.051602
0.055252
0.052039
0.051987
0.052786
0.050997
0.051396
0.051376
0.051750
0.052472
0.052937
0.050901
0.051272
0.051599
0.051759
0.052076
0.053013
0.050923
0.051206
0.051671
0.051803
0.051919
0.053042
0.050972
0.054107
0.051767
0.051896
0.052629
0.053082
0.051171
0.051288
0.051874
0.051936
0.052251
0.053053
0.051171
0.051359
0.051549
0.051949
0.052736
0.052980
0.050955
0.051176
0.058722
0.051801
0.051974
0.052507
0.050990
0.051019
0.051327
0.051797
0.051840
0.052909
0.051073
0.051266
0.051805
0.051955
0.052277
0.052925
0.050893
0.051297
0.051606
0.051854
0.052673
0.053022
0.051013
0.052148
0.052135
0.053316
0.051937
0.053036
0.050908
0.051120
0.051450
0.051909
0.051931
0.052969
0.051025
0.051303
0.051361
0.052147
0.051978
0.052901
0.050951
0.051173
0.051337
0.051907
0.052439
0.052956
0.050999
0.051251
0.051355
0.052062
0.052586
0.052917
0.050982
0.051194
0.051548
0.051784
0.052669
0.060085
0.053937
0.051034
0.051269
0.051515
0.052292
0.052575
0.050704
0.051130
0.051336
0.051809
0.052631
0.052493
0.051108
0.051411
0.051722
0.051867
0.052561
0.053081
0.050970
0.051213
0.051472
0.051779
0.052517
0.053071
0.051006
0.051163
0.051484
0.051909
0.052503
0.052929
0.050963
0.052162
0.051394
0.052075
0.052500
0.052868
0.050893
0.051213
0.051506
0.051937
0.052610
0.052936
0.050880
0.051190
0.051409
0.051729
0.052669
0.052942
0.050979
0.051322
0.051285
0.051771
0.051969
0.052812
0.050956
0.051314
0.058857
0.051740
0.052041
0.052578
0.050823
0.051096
0.051246
0.051508
0.051713
0.052847
0.050862
0.051208
0.051396
0.051774
0.052061
0.052963
0.050945
0.051154
0.051515
0.051833
0.055088
0.052800
0.050981
0.051140
0.051459
0.051929
0.052541
0.052925
0.050932
0.051150
0.051420
0.051867
0.052571
0.052911
0.050943
0.051217
0.051432
0.051871
0.052329
0.052905
0.050834
0.052408
0.051285
0.051773
0.052541
0.053020
0.050917
0.051285
0.051466
0.051973
0.052599
0.053058
0.058448
0.051182
0.051432
0.051623
0.051949
0.052743
0.050767
0.051000
0.051373
0.051458
0.052328
0.053067
0.051096
0.051290
0.051907
0.051936
0.052008
0.053081
0.051101
0.051252
0.051675
0.051794
0.052020
0.052985
0.051029
0.051217
0.051564
0.052021
0.052017
0.052900
0.050932
0.051271
0.051525
0.051718
0.052224
0.052990
0.050942
0.051372
0.051898
0.051807
0.051879
0.053099
0.050955
0.051383
0.053403
0.054920
0.052636
0.052962
0.051011
0.051300
0.051731
0.051692
0.052449
0.053021
0.050998
0.052301
0.051345
0.051841
0.059366
0.052747
0.050978
0.051177
0.051408
0.051605
0.051789
0.052687
0.050804
0.050992
0.051522
0.051809
0.052633
0.052918
0.051035
0.051203
0.051542
0.051992
0.052623
0.053009
0.051089
0.051243
0.051734
0.051930
0.052623
0.053066
0.051112
0.051444
0.051550
0.051858
0.052685
0.052991
0.051065
0.051420
0.051527
0.051830
0.052624
0.052877
0.050986
0.051217
0.051729
0.051990
0.052613
0.053039
0.051115
0.051269
0.051434
0.051868
0.052463
0.053087
0.051223
0.051458
0.051532
0.051997
0.052759
0.052843
0.058576
0.051299
0.051541
0.051758
0.052439
0.052801
0.050919
0.054867
0.051398
0.051695
0.052614
0.052921
0.050970
0.051431
0.051529
0.051849
0.052605
0.053006
0.050854
0.053134
0.051465
0.051917
0.052550
0.052894
0.050883
0.051386
0.051511
0.051855
0.052686
0.052852
0.050913
0.051350
0.051774
0.051970
0.052678
0.052865
0.050954
0.051150
0.051615
0.051986
0.052336
0.052781
0.051125
0.051215
0.051587
0.051861
0.052515
0.052982
0.051059
0.051291
0.051464
0.052017
0.052385
0.052974
0.050970
0.051130
0.059140
0.051877
0.052217
0.052639
0.051010
0.050922
0.051282
0.051765
0.052163
0.052881
0.051014
0.051136
0.051698
0.052061
0.052558
0.052708
0.051037
0.052195
0.051428
0.051944
0.052596
0.052685
0.050937
0.051299
0.051517
0.051803
0.052497
0.053022
0.054729
0.051288
0.051457
0.051972
0.051923
0.052889
0.050963
0.051137
0.051374
0.051844
0.052585
0.052897
0.050990
0.051154
0.051322
0.051782
0.051846
0.052944
0.050905
0.051148
0.051578
0.051953
0.052028
0.052919
0.050892
0.051237
0.051374
0.051833
0.051924
0.060143
0.051048
0.051335
0.051349
0.051636
0.051734
0.052632
0.050759
0.051303
0.051331
0.051797
0.052043
0.053010
0.051076
0.051272
0.051400
0.051843
0.052438
0.053083
0.051014
0.051270
0.051511
0.051828
0.052351
0.052493
0.050974
0.051144
0.051325
0.051764
0.053384
0.053018
0.051009
0.051220
0.051564
0.051872
0.052464
0.053043
0.052492
0.051179
0.051235
0.051849
0.051976
0.052911
0.050918
0.051199
0.051286
0.051724
0.055689
0.053020
0.050873
0.051321
0.051310
0.051717
0.059359
0.052600
0.050829
0.051255
0.051338
0.051597
0.051909
0.052699
0.050764
0.051029
0.051288
0.051591
0.051904
0.052995
0.051018
0.051216
0.051710
0.051473
0.052357
0.053038
0.050956
0.051169
0.051499
0.051920
0.052094
0.053081
0.051100
0.051340
0.051456
0.051909
0.052520
0.052979
0.051050
0.051143
0.051281
0.052080
0.052620
0.052951
0.050992
0.051155
0.051532
0.052341
0.055097
0.054485
0.050879
0.051317
0.051584
0.051702
0.052014
0.052886
0.050800
0.051228
0.051509
0.051916
0.051928
0.060002
0.050843
0.051088
0.051179
0.051474
0.051727
0.052724
0.050705
0.050893
0.051209
0.051585
0.051742
0.052990
0.050977
0.051341
0.054543
0.052075
0.052391
0.053110
0.050896
0.051176
0.052538
0.053355
0.052219
0.053000
0.050901
0.051229
0.051344
0.052053
0.052224
0.052918
0.050975
0.051249
0.051428
0.051764
0.052005
0.052914
0.050920
0.051285
0.051510
0.051811
0.052224
0.052832
0.050936
0.051312
0.051535
0.051718
0.052232
0.052433
0.050986
0.051113
0.051423
0.051802
0.056780
0.060137
0.050889
0.051036
0.051171
0.051407
0.053319
0.052632
0.050830
0.050964
0.051144
0.051593
0.052297
0.052362
0.050898
0.051361
0.051353
0.051874
0.052290
0.052314
0.050882
0.051024
0.051248
0.051792
0.052349
0.052820
0.050824
0.051139
0.051897
0.051803
0.052558
0.052937
0.050917
0.051349
0.051469
0.051840
0.052530
0.052824
0.053527
0.051498
0.051537
0.052001
0.052038
0.053156
0.078134
0.052823
0.055789
0.064613
0.054100
0.054858
0.052152
0.052535
0.053196
0.053310
0.054675
0.054769
0.052569
0.052712
0.052988
0.061071
0.054048
0.053484
0.052227
0.052783
0.059917
0.053393
0.054005
0.055208
0.051126
0.051334
0.051479
0.052053
0.052619
0.053043
0.051029
0.051413
0.051667
0.052071
0.052632
0.052916
0.050919
0.051372
0.051590
0.051720
0.052534
0.052891
0.050970
0.051231
0.051559
0.051935
0.052578
0.052974
0.050926
0.051124
0.051589
0.051754
0.052520
0.052867
0.050784
0.051130
0.051697
0.051739
0.052285
0.052995
0.050863
0.051153
0.052927
0.051745
0.052528
0.052791
0.050919
0.058666
0.051413
0.051730
0.051762
0.056696
0.050749
0.051004
0.051216
0.051756
0.052457
0.052692
0.050941
0.051283
0.051463
0.051847
0.052604
0.052905
0.061209
0.053004
0.052945
0.051887
0.052521
0.052684
0.061123
0.052472
0.052320
0.052801
0.053563
0.053477
0.051865
0.052113
0.052132
0.052659
0.053284
0.053637
0.051950
0.052114
0.052202
0.052818
0.053543
0.053948
0.051873
0.052067
0.052343
0.052786
0.053491
0.053609
0.051782
0.052078
0.052271
0.052911
0.053533
0.055117
0.059395
0.052121
0.052143
0.052672
0.053363
0.053324
0.051701
0.051940
0.052081
0.052615
0.053429
0.053671
0.051903
0.052326
0.052373
0.052786
0.053560
0.053647
0.051898
0.052226
0.052591
0.052784
0.053618
0.053695
0.051825
0.052168
0.052452
0.052997
0.057824
0.056021
0.051931
0.052330
0.051603
0.051784
0.052633
0.052748
0.050973
0.052063
0.052513
0.052742
0.053490
0.055272
0.052185
0.051295
0.051385
0.051879
0.052530
0.052726
0.050918
0.051104
0.051351
0.051927
0.052632
0.052718
0.058538
0.051342
0.051371
0.051699
0.052295
0.052379
0.050879
0.051971
0.051288
0.051663
0.052535
0.052617
0.050962
0.051316
0.051463
0.051680
0.052512
0.052783
0.050963
0.051151
0.051530
0.051772
0.052543
0.052987
0.050953
0.051266
0.051415
0.051726
0.052537
0.052743
0.050938
0.051086
0.051343
0.051818
0.052471
0.052665
0.050969
0.051219
0.051415
0.051841
0.053906
0.053743
0.051915
0.059538
0.052321
0.052703
0.053260
0.056076
0.050959
0.051029
0.054137
0.051921
0.052522
0.052647
0.051019
0.051327
0.051695
0.052988
0.053568
0.054338
0.052553
0.051392
0.051429
0.051897
0.052755
0.052776
0.050957
0.051217
0.051351
0.051927
0.052540
0.052995
0.050992
0.051136
0.051410
0.051780
0.052327
0.053168
0.051113
0.051318
0.051500
0.051821
0.059768
0.052848
0.051057
0.051075
0.051464
0.051670
0.052345
0.052640
0.050862
0.051027
0.051458
0.052003
0.052860
0.053050
0.051183
0.051391
0.051493
0.051925
0.052558
0.052561
0.052074
0.052990
0.052894
0.053052
0.069040
0.054606
0.052551
0.051289
0.051534
0.051743
0.052386
0.052537
0.050800
0.051179
0.051354
0.051913
0.052317
0.052528
0.050929
0.058466
0.051272
0.051578
0.051897
0.052391
0.051132
0.054722
0.051439
0.051669
0.051958
0.052775
0.050994
0.051356
0.051862
0.052092
0.052635
0.053064
0.051141
0.051233
0.051670
0.052040
0.052602
0.052795
0.051092
0.051358
0.051423
0.051990
0.052627
0.052723
0.050924
0.051443
0.051777
0.052117
0.052655
0.052706
0.051155
0.051447
0.051616
0.052596
0.052534
0.052846
0.051094
0.051296
0.051428
0.052035
0.052491
0.052710
0.058597
0.051312
0.051668
0.052858
0.052313
0.052768
0.050820
0.051089
0.051510
0.051652
0.052318
0.052795
0.050916
0.051658
0.054351
0.051849
0.052665
0.052683
0.050910
0.051065
0.051586
0.051864
0.052532
0.052907
0.050916
0.051160
0.051478
0.051757
0.052370
0.052818
0.050840
0.051323
0.052422
0.052536
0.052760
0.057537
0.051236
0.051525
0.051505
0.051844
0.052369
0.053005
0.050940
0.051307
0.051480
0.051902
0.052349
0.053049
0.050928
0.051075
0.058930
0.051618
0.052107
0.052697
0.050897
0.051009
0.051461
0.051631
0.052319
0.052803
0.051011
0.051187
0.051572
0.051890
0.052690
0.052958
0.051163
0.051322
0.051439
0.053162
0.052649
0.052968
0.051077
0.051212
0.051725
0.051819
0.052357
0.052950
0.050926
0.051452
0.051410
0.051712
0.052221
0.052719
0.050869
0.051148
0.051443
0.051911
0.052577
0.053729
0.051866
0.052116
0.052324
0.053627
0.052133
0.052915
0.050794
0.051224
0.051630
0.051981
0.052580
0.052897
0.051063
0.051140
0.058725
0.051786
0.052208
0.052325
0.050891
0.051057
0.051205
0.051667
0.055136
0.052910
0.050888
0.051197
0.051527
0.051918
0.052704
0.052734
0.050983
0.051204
0.051221
0.051929
0.052744
0.052558
0.050990
0.051222
0.051518
0.051791
0.052383
0.052793
0.050792
0.051270
0.051637
0.052723
0.053364
0.053726
0.050908
0.051101
0.051375
0.051773
0.052445
0.052552
0.050884
0.051157
0.051350
0.051683
0.052324
0.052534
0.050864
0.051164
0.051390
0.051965
0.059972
0.052647
0.050852
0.051117
0.051063
0.051681
0.052068
0.052564
0.050685
0.050994
0.051253
0.051884
0.052405
0.052928
0.051050
0.051162
0.051592
0.051770
0.052344
0.052954
0.050835
0.051320
0.051581
0.051911
0.051910
0.052888
0.050818
0.051277
0.051342
0.051869
0.051906
0.052948
0.050931
0.051164
0.051430
0.054848
0.052525
0.053121
0.051075
0.051218
0.051642
0.051866
0.052701
0.053074
0.051225
0.051273
0.051652
0.052190
0.052586
0.052904
0.052400
0.053217
0.051360
0.051958
0.052655
0.052693
0.050927
0.051216
0.051549
0.051943
0.052613
0.060063
0.051074
0.051113
0.051468
0.051720
0.052284
0.052601
0.050922
0.051113
0.051116
0.051656
0.052501
0.052676
0.050882
0.051415
0.051590
0.051770
0.052552
0.052736
0.050863
0.051162
0.051614
0.051752
0.052637
0.052937
0.050903
0.051255
0.051731
0.051805
0.052501
0.053014
0.051076
0.051315
0.051727
0.051981
0.052587
0.052744
0.052183
0.051210
0.051663
0.051914
0.052568
0.052699
0.050970
0.051244
0.051414
0.052110
0.052795
0.052708
0.050905
0.051210
0.054303
0.051995
0.052609
0.052988
0.051053
0.051320
0.051380
0.059276
0.052430
0.052595
0.050783
0.051175
0.051272
0.052527
0.053893
0.052578
0.050759
0.051057
0.051239
0.051854
0.052319
0.053084
0.050909
0.051042
0.051618
0.051613
0.052135
0.052863
0.050883
0.051041
0.051298
0.051714
0.052278
0.052883
0.050845
0.051054
0.051258
0.051770
0.052171
0.052787
0.050864
0.051005
0.051552
0.052664
0.053605
0.053690
0.052787
0.051072
0.051582
0.051800
0.052339
0.052904
0.050919
0.051331
0.051736
0.051765
0.051892
0.052349
0.051003
0.051343
0.051683
0.051945
0.052222
0.052388
0.050845
0.051139
0.051713
0.059053
0.052938
0.054185
0.050865
0.050981
0.051177
0.051601
0.051698
0.052780
0.050834
0.051046
0.054425
0.051865
0.052231
0.053061
0.050981
0.051151
0.051362
0.051935
0.052186
0.052849
0.050819
0.051068
0.051452
0.051760
0.052014
0.052772
0.050906
0.051246
0.051614
0.051777
0.052029
0.052947
0.051941
0.052310
0.053470
0.051766
0.052371
0.052836
0.051034
0.051372
0.051751
0.051768
0.059211
0.052722
0.050939
0.051188
0.051366
0.051625
0.051705
0.052875
0.050903
0.051212
0.051369
0.051766
0.051892
0.053172
0.051198
0.051389
0.051723
0.052167
0.051918
0.053061
0.051130
0.051248
0.051438
0.052930
0.052522
0.053129
0.050987
0.051204
0.051561
0.051972
0.052589
0.052938
0.051037
0.051141
0.051305
0.051883
0.052399
0.052905
0.050854
0.051215
0.051439
0.051726
0.051908
0.052781
0.051087
0.054521
0.051807
0.051848
0.052287
0.053069
0.050944
0.058672
0.051531
0.051639
0.052317
0.052664
0.050765
0.051014
0.051327
0.051583
0.051800
0.052902
0.051113
0.051163
0.051698
0.051919
0.051872
0.053021
0.051101
0.051212
0.051671
0.051882
0.051871
0.052991
0.050982
0.051098
0.051303
0.051977
0.051953
0.052912
0.050972
0.051202
0.051351
0.051915
0.052651
0.052973
0.050985
0.051445
0.051689
0.051776
0.053700
0.052917
0.050984
0.051256
0.051632
0.051821
0.052020
0.052946
0.050938
0.051209
0.051406
0.051913
0.051918
0.052979
0.050871
0.051119
0.058820
0.051694
0.051871
0.052665
0.050875
0.050899
0.051151
0.051555
0.051679
0.052701
0.050737
0.051122
0.051426
0.052106
0.052117
0.052981
0.054706
0.051157
0.051592
0.052061
0.052313
0.052949
0.051040
0.051281
0.051659
0.051826
0.052634
0.052751
0.051083
0.051392
0.051421
0.052167
0.052085
0.053030
0.051126
0.051295
0.051768
0.052116
0.051971
0.053035
0.051050
0.051229
0.051643
0.051745
0.051840
0.053047
0.058570
0.051292
0.051471
0.051587
0.053335
0.052763
0.050762
0.051022
0.051202
0.051612
0.051961
0.052945
0.050900
0.051199
0.051676
0.051906
0.052190
0.052830
0.050926
0.051007
0.051384
0.051897
0.051985
0.052919
0.050853
0.051113
0.051632
0.051784
0.052368
0.052921
0.051027
0.051280
0.051622
0.052084
0.051872
0.052942
0.051002
0.051290
0.051768
0.052157
0.051897
0.052853
0.050943
0.051139
0.051666
0.059116
0.051964
0.052669
0.054362
0.051211
0.051347
0.051554
0.051663
0.052879
0.050935
0.051247
0.052364
0.052885
0.053097
0.056321
0.051069
0.051298
0.051491
0.052171
0.052525
0.052819
0.051014
0.051309
0.051305
0.052069
0.053322
0.052693
0.051237
0.052178
0.053249
0.051863
0.052562
0.052724
0.050872
0.051317
0.051348
0.051751
0.052468
0.052986
0.050995
0.051314
0.051644
0.051849
0.052520
0.052987
0.050808
0.051120
0.051413
0.051900
0.052583
0.053014
0.050874
0.051157
0.058737
0.051711
0.052104
0.052561
0.050832
0.050952
0.051220
0.051676
0.052320
0.052904
0.051069
0.051147
0.052174
0.055010
0.053572
0.053947
0.052052
0.052682
0.051335
0.052002
0.052526
0.052640
0.051026
0.051203
0.051627
0.051829
0.052581
0.055671
0.050967
0.051252
0.051557
0.051929
0.052704
0.052875
0.050819
0.051488
0.051534
0.051864
0.053571
0.053696
0.052626
0.051197
0.051425
0.052866
0.052591
0.053071
0.051089
0.051096
0.051323
0.051800
0.052506
0.052990
0.050924
0.051087
0.051291
0.051721
0.059951
0.052507
0.050855
0.051131
0.051262
0.051642
0.052181
0.052434
0.050736
0.051055
0.051428
0.052191
0.052636
0.052852
0.051182
0.051220
0.051440
0.051733
0.052493
0.052636
0.050892
0.051155
0.051417
0.051655
0.052490
0.052798
0.051006
0.051268
0.051359
0.051713
0.052441
0.053036
0.050903
0.051225
0.051412
0.051753
0.052471
0.052715
0.051056
0.051313
0.051557
0.051680
0.052721
0.052956
0.051082
0.051209
0.051515
0.051970
0.056098
0.053005
0.051205
0.051187
0.058815
0.051721
0.052237
0.052208
0.050850
0.050879
0.051237
0.051649
0.052359
0.052656
0.050907
0.051011
0.051374
0.051781
0.052358
0.052701
0.050925
0.051355
0.051431
0.051797
0.052327
0.052792
0.050963
0.051293
0.051317
0.051742
0.052244
0.053019
0.051001
0.051144
0.051598
0.051773
0.052409
0.052886
0.050879
0.051288
0.051635
0.051758
0.052375
0.053007
0.051102
0.051212
0.051791
0.052274
0.052487
0.052838
0.051018
0.051234
0.051638
0.051893
0.059749
0.052570
0.051051
0.050991
0.051139
0.051716
0.051730
0.052686
0.050866
0.051091
0.051436
0.051904
0.053808
0.052996
0.051124
0.051316
0.051450
0.051710
0.052554
0.052654
0.051017
0.051518
0.051520
0.051951
0.055308
0.052996
0.050988
0.051249
0.051633
0.051788
0.051892
0.052827
0.050883
0.051198
0.051367
0.051694
0.051896
0.052937
0.050952
0.051113
0.051340
0.051721
0.051887
0.052860
0.050930
0.051004
0.051560
0.051908
0.052494
0.052454
0.058449
0.051148
0.051306
0.051804
0.052183
0.052261
0.050891
0.051007
0.051418
0.051724
0.052414
0.052477
0.051020
0.051495
0.051641
0.051794
0.052439
0.052954
0.051101
0.051331
0.051764
0.051777
0.052447
0.052512
0.050964
0.051274
0.051480
0.052184
0.052627
0.052891
0.050977
0.051284
0.051562
0.051849
0.052574
0.052721
0.050921
0.051162
0.051378
0.052051
0.052543
0.052643
0.050930
0.051155
0.051315
0.051786
0.052592
0.052699
0.050901
0.051191
0.051388
0.054980
0.052741
0.060011
0.051036
0.051145
0.051231
0.051657
0.052080
0.052405
0.050748
0.051043
0.051228
0.051585
0.052395
0.052843
0.051024
0.051330
0.051563
0.051823
0.052439
0.052860
0.051010
0.051154
0.051454
0.051788
0.052398
0.053028
0.050916
0.051182
0.051413
0.051786
0.054209
0.052552
0.051024
0.051300
0.051788
0.052245
0.052434
0.052485
0.051072
0.051193
0.052451
0.051914
0.052661
0.052654
0.050955
0.051182
0.051555
0.051807
0.052743
0.052723
0.050926
0.051066
0.051311
0.051690
0.052627
0.059644
0.050824
0.051216
0.051102
0.051481
0.052081
0.052017
0.050604
0.051010
0.051262
0.051570
0.052402
0.052600
0.050941
0.051393
0.051773
0.051891
0.052601
0.052967
0.050829
0.051174
0.054186
0.052033
0.052638
0.053204
0.051124
0.051405
0.051666
0.052012
0.052540
0.053086
0.051021
0.051237
0.051730
0.052135
0.052335
0.053041
0.050983
0.051128
0.051394
0.052112
0.052461
0.052501
0.051026
0.051192
0.051627
0.051827
0.052396
0.052506
0.051006
0.051439
0.059839
0.051874
0.052322
0.052517
0.050723
0.051123
0.051277
0.051612
0.052469
0.052761
0.050834
0.051166
0.051521
0.051778
0.052435
0.052545
0.050881
0.052230
0.051279
0.051599
0.052368
0.052363
0.050883
0.051081
0.051443
0.052185
0.052354
0.052558
0.051052
0.051205
0.051655
0.051876
0.052593
0.052419
0.050994
0.051150
0.051361
0.051826
0.052404
0.052365
0.051027
0.051300
0.051381
0.051737
0.052364
0.052445
0.050971
0.051315
0.055383
0.051937
0.059920
0.052605
0.050951
0.051109
0.051226
0.051675
0.052174
0.052576
0.050723
0.050981
0.051260
0.051678
0.052288
0.052969
0.050993
0.051117
0.052475
0.051720
0.052553
0.052957
0.051049
0.051099
0.051739
0.051800
0.052718
0.052719
0.050890
0.051270
0.051425
0.051966
0.052229
0.052286
0.050916
0.051027
0.051630
0.051773
0.052716
0.052856
0.050771
0.051159
0.051338
0.051661
0.052257
0.052804
0.050807
0.051330
0.051311
0.051808
0.051919
0.052847
0.051087
0.051319
0.051516
0.059172
0.051880
0.052641
0.050943
0.051123
0.051284
0.051492
0.051642
0.052850
0.050789
0.051155
0.051471
0.051712
0.052010
0.053169
0.051036
0.051255
0.051433
0.052175
0.052161
0.053015
0.051025
0.054363
0.051991
0.051973
0.052549
0.053033
0.050968
0.051216
0.052411
0.052027
0.052688
0.052662
0.050913
0.051240
0.051344
0.051932
0.052116
0.052883
0.052389
0.051270
0.051337
0.051772
0.051907
0.052842
0.050933
0.051235
0.051371
0.051746
0.051960
0.052884
0.050909
0.051205
0.051324
0.051694
0.052175
0.053033
0.058225
0.051145
0.051390
0.051588
0.051607
0.052517
0.050614
0.050757
0.051301
0.051603
0.051735
0.053041
0.051074
0.051240
0.051847
0.051901
0.052317
0.052982
0.050975
0.051234
0.051528
0.052151
0.052551
0.052863
0.051065
0.051212
0.051735
0.051828
0.052595
0.052927
0.050907
0.051320
0.051375
0.051704
0.052616
0.052750
0.051044
0.051436
0.052993
0.052421
0.054009
0.052917
0.054555
0.051247
0.051815
0.051996
0.052540
0.053057
0.050894
0.051146
0.051424
0.051833
0.052453
0.052971
0.051004
0.058429
0.051489
0.051729
0.052464
0.052266
0.050704
0.050863
0.051296
0.051612
0.052343
0.052388
0.050833
0.051190
0.051298
0.052138
0.052524
0.052917
0.050864
0.051112
0.051493
0.051792
0.052316
0.052381
0.050873
0.051173
0.051546
0.051834
0.052431
0.052514
0.051008
0.051442
0.051474
0.052104
0.052339
0.052584
0.051140
0.051227
0.051427
0.052010
0.052634
0.053075
0.050964
0.051200
0.051538
0.051923
0.052623
0.053095
0.051234
0.051216
0.051753
0.052830
0.052517
0.052968
0.050891
0.051233
0.058752
0.051899
0.052318
0.052303
0.050855
0.050889
0.051262
0.051675
0.052313
0.052561
3.068130
0.065283
0.055695
0.056408
0.056205
0.056586
0.054687
0.054780
0.054999
0.056059
0.056440
0.056942
0.054484
0.055368
0.055955
0.056164
0.055667
0.055665
0.054389
0.054460
0.055035
0.054559
0.055212
0.055410
0.053254
0.054354
0.054518
0.054296
0.054627
0.055787
0.054238
0.053785
0.054077
0.053880
0.055507
0.055258
0.054018
0.064219
0.053931
0.053961
0.054449
0.054530
0.053050
0.053513
0.053582
0.054233
0.054875
0.055171
0.053301
0.053306
0.053519
0.054045
0.055615
0.054811
0.053003
0.053101
0.053480
0.054598
0.055183
0.054442
0.052837
0.054234
0.054214
0.055808
0.054471
0.054292
0.053727
0.053894
0.054170
0.053765
0.054278
0.054673
0.053716
0.054950
0.055031
0.054557
0.055042
0.061848
0.054697
0.054011
0.054525
0.054680
0.056071
0.056549
0.054717
0.054148
0.054537
0.054884
0.055413
0.066369
0.054283
0.054048
0.054362
0.055110
0.055772
0.056989
0.054492
0.054729
0.054701
0.055737
0.055925
0.056107
0.054524
0.055140
0.054469
0.057637
0.055854
0.056043
0.054638
0.056214
0.055101
0.055533
0.055609
0.056148
0.054567
0.055727
0.055353
0.054668
0.055559
0.056249
0.053668
0.055677
0.054995
0.054845
0.055804
0.057193
0.057675
0.053016
0.053448
0.053727
0.054944
0.055534
0.053705
0.053045
0.054376
0.054819
0.055109
0.058801
0.053677
0.052925
0.053370
0.054526
0.055163
0.055449
0.053250
0.063840
0.053640
0.054700
0.054861
0.055905
0.053619
0.053546
0.053357
0.054137
0.054607
0.058159
0.053906
0.054345
0.053759
0.054153
0.054444
0.054875
0.053603
0.053912
0.054096
0.053629
0.054304
0.054933
0.052991
0.053952
0.053988
0.053634
0.054206
0.055933
0.053692
0.053913
0.053650
0.054099
0.055008
0.056528
0.054085
0.053074
0.053838
0.054189
0.054190
0.056564
0.053797
0.053370
0.055155
0.056197
0.057121
0.054292
0.052900
0.053029
0.054003
0.054344
0.057949
0.066417
0.053138
0.053291
0.053267
0.053751
0.054169
0.054181
0.052818
0.053512
0.053465
0.054335
0.055072
0.054750
0.052855
0.053999
0.054541
0.053757
0.054693
0.054695
0.052832
0.054786
0.054087
0.053950
0.054850
0.055983
0.053814
0.053819
0.053879
0.054133
0.054791
0.056212
0.053977
0.053015
0.053892
0.054243
0.054024
0.059275
0.053909
0.053431
0.054054
0.055757
0.055438
0.054796
0.052967
0.053097
0.054022
0.054393
0.055019
0.054759
0.052825
0.053107
0.053233
0.054367
0.055383
0.056439
0.063818
0.055330
0.053718
0.053752
0.054592
0.054709
0.052962
0.053145
0.053596
0.053762
0.054552
0.055052
0.053093
0.053181
0.053627
0.053588
0.054209
0.055858
0.053775
0.053887
0.053844
0.054226
0.054996
0.056366
0.054114
0.053060
0.054066
0.054179
0.054284
0.056427
0.053667
0.053367
0.054197
0.055516
0.055208
0.055434
0.053314
0.053465
0.054134
0.055236
0.055584
0.054828
0.053411
0.053526
0.053335
0.055337
0.055418
0.055097
0.053670
0.054850
0.054277
0.054379
0.054727
0.055275
0.053560
0.054803
0.064288
0.053863
0.055154
0.059651
0.052903
0.053316
0.055052
0.055642
0.056052
0.057243
0.053131
0.053317
0.053820
0.053991
0.054681
0.055711
0.053730
0.053029
0.053487
0.053710
0.054031
0.055506
0.053643
0.052922
0.054229
0.055616
0.055087
0.055286
0.052913
0.053496
0.053971
0.055110
0.055274
0.054319
0.053382
0.054174
0.054177
0.056276
0.055924
0.055804
0.053137
0.054765
0.054228
0.054422
0.054558
0.054850
0.053538
0.054444
0.054428
0.053581
0.054600
0.054705
0.052796
0.054571
0.054065
0.064195
0.054678
0.054960
0.053272
0.053277
0.053863
0.054389
0.054809
0.055124
0.053600
0.053356
0.053867
0.054501
0.054756
0.056436
0.054429
0.055061
0.053369
0.054696
0.055348
0.054731
0.053072
0.053146
0.054101
0.054462
0.055100
0.057618
0.053104
0.053230
0.053439
0.054522
0.054802
0.054787
0.052811
0.054089
0.055149
0.054679
0.055308
0.055835
0.055366
0.053937
0.054348
0.054582
0.054223
0.055240
0.052712
0.054781
0.054101
0.053997
0.054740
0.056749
0.055009
0.053767
0.053751
0.054098
0.054836
0.055583
0.063549
0.053220
0.053419
0.053858
0.054357
0.054373
0.052981
0.053107
0.053436
0.054031
0.054115
0.055021
0.053333
0.053246
0.053521
0.054468
0.054968
0.054233
0.053513
0.053646
0.054748
0.055182
0.056392
0.054745
0.052866
0.054106
0.054370
0.053716
0.053918
0.054754
0.053503
0.053789
0.054090
0.053610
0.053837
0.054862
0.052763
0.054528
0.054177
0.053793
0.054467
0.056527
0.053735
0.054842
0.053851
0.054180
0.054739
0.059143
0.054274
0.053142
0.053978
0.054184
0.053850
0.055635
0.053697
0.053021
0.063512
0.054168
0.054246
0.054653
0.053205
0.053177
0.053472
0.053792
0.054084
0.054831
0.052967
0.053347
0.053774
0.054511
0.054771
0.055013
0.053755
0.055229
0.054533
0.054560
0.054915
0.055136
0.053537
0.054518
0.054466
0.053587
0.054650
0.055210
0.054329
0.055579
0.054149
0.053586
0.054172
0.055812
0.053821
0.053049
0.053341
0.053775
0.055279
0.055528
0.053676
0.053056
0.053301
0.053783
0.054308
0.056344
0.053760
0.053415
0.053999
0.055591
0.055330
0.055500
0.063592
0.053781
0.053690
0.057040
0.054918
0.054681
0.053496
0.053811
0.053453
0.054432
0.054455
0.055180
0.054004
0.054277
0.054131
0.054589
0.054642
0.054686
0.056339
0.054847
0.054371
0.053739
0.054728
0.055224
0.052992
0.053923
0.054011
0.053534
0.054179
0.055720
0.053756
0.052960
0.053390
0.053634
0.054737
0.055332
0.053588
0.052937
0.053151
0.056847
0.056010
0.055611
0.053737
0.053048
0.053366
0.054687
0.055147
0.054265
0.052992
0.053069
0.053889
0.064117
0.054454
0.054247
0.053069
0.053507
0.053450
0.054443
0.054259
0.054403
0.053653
0.054250
0.053820
0.054960
0.055079
0.054768
0.053629
0.054626
0.054387
0.053684
0.054693
0.055333
0.052920
0.054805
0.054107
0.054062
0.054941
0.056645
0.053866
0.053909
0.053770
0.054084
0.057097
0.057682
0.054032
0.053026
0.053905
0.054116
0.054088
0.056433
0.053638
0.053259
0.053968
0.055461
0.054989
0.055395
0.056088
0.053591
0.053957
0.055380
0.055385
0.054893
0.064331
0.053395
0.053499
0.053853
0.054510
0.054717
0.053093
0.053541
0.053620
0.053850
0.054733
0.054850
0.052981
0.053446
0.053847
0.053767
0.054386
0.055098
0.052807
0.054882
0.054088
0.053944
0.054739
0.056781
0.053748
0.053993
0.053877
0.054158
0.054479
0.056333
0.053950
0.052816
0.053955
0.055774
0.053689
0.056368
0.053676
0.053377
0.054020
0.055443
0.055379
0.055355
0.053312
0.053555
0.054216
0.055092
0.055253
0.054799
0.053376
0.053636
0.053401
0.055193
0.064203
0.054894
0.053784
0.054242
0.053782
0.054584
0.054319
0.055208
0.053211
0.054032
0.054016
0.053685
0.054378
0.055199
0.053274
0.053943
0.054264
0.053723
0.053994
0.055898
0.056663
0.053254
0.053632
0.053781
0.054647
0.055652
0.053709
0.053016
0.053596
0.053785
0.054366
0.055562
0.053691
0.052973
0.055556
0.054577
0.055228
0.055149
0.053324
0.053364
0.053937
0.055211
0.055469
0.054779
0.053366
0.053555
0.053179
0.055261
0.054608
0.055076
0.053552
0.054989
0.054121
0.054369
0.054325
0.064822
0.053096
0.054251
0.054045
0.053742
0.054203
0.055250
0.052986
0.053763
0.053516
0.053997
0.054694
0.056016
0.053415
0.053603
0.053942
0.054021
0.054588
0.055515
0.053770
0.053121
0.053635
0.053796
0.054328
0.055661
0.053787
0.052988
0.053217
0.054649
0.055241
0.054794
0.052884
0.053074
0.054019
0.054371
0.055123
0.054274
0.053254
0.053530
0.053334
0.055198
0.054619
0.055011
0.056394
0.055280
0.054382
0.054615
0.054271
0.055203
0.053584
0.054782
0.054527
0.063929
0.054519
0.054788
0.052903
0.053361
0.053554
0.053410
0.053823
0.054927
0.053090
0.053551
0.053728
0.053995
0.054343
0.055038
0.053726
0.053101
0.053717
0.054169
0.053813
0.056358
0.053632
0.053292
0.054068
0.055631
0.054699
0.055527
0.053357
0.053401
0.054254
0.055152
0.055739
0.054196
0.053144
0.053135
0.053252
0.054377
0.055430
0.054784
0.052930
0.054092
0.054378
0.053672
0.053970
0.054860
0.053568
0.053913
0.054174
0.053693
0.054392
0.065460
0.053061
0.054046
0.053625
0.054010
0.054464
0.055732
0.053119
0.053722
0.053833
0.054230
0.054656
0.055553
0.054281
0.055565
0.053882
0.055922
0.054277
0.058451
0.058504
0.053015
0.053333
0.054679
0.055042
0.054936
0.053030
0.053054
0.054152
0.054428
0.054897
0.054804
0.052938
0.053214
0.053356
0.056182
0.054816
0.055025
0.053565
0.055003
0.054310
0.054381
0.054347
0.055208
0.053610
0.054721
0.054598
0.054765
0.054216
0.057688
0.052909
0.054833
0.063781
0.053787
0.053856
0.054612
0.053228
0.053071
0.053610
0.053632
0.054053
0.054726
0.053052
0.053109
0.053686
0.054106
0.054290
0.056625
0.053674
0.053430
0.053998
0.055727
0.055262
0.055702
0.053358
0.053472
0.053996
0.055359
0.054970
0.054868
0.053212
0.053451
0.053177
0.055297
0.054537
0.055100
0.053527
0.054929
0.054212
0.054585
0.055980
0.055231
0.053728
0.054763
0.054473
0.053688
0.054378
0.055324
0.055567
0.053891
0.054201
0.053628
0.053925
0.055833
0.053810
0.063546
0.053891
0.054022
0.054145
0.054736
0.054329
0.053241
0.053388
0.053890
0.054041
0.054863
0.053092
0.053224
0.053578
0.054231
0.054819
0.054814
0.052983
0.053174
0.054076
0.054355
0.054878
0.054764
0.053366
0.053460
0.053201
0.055394
0.055075
0.055028
0.053578
0.054976
0.054337
0.054359
0.054523
0.055138
0.053481
0.054646
0.054611
0.053641
0.054951
0.055195
0.052665
0.054684
0.054207
0.054021
0.054987
0.056520
0.053708
0.053780
0.053960
0.054193
0.064569
0.055198
0.053124
0.053149
0.053989
0.054207
0.054277
0.054970
0.053118
0.053509
0.054586
0.054894
0.054660
0.056272
0.053832
0.053467
0.053977
0.056008
0.054986
0.054818
0.059470
0.053345
0.053417
0.054509
0.054600
0.054697
0.052889
0.054169
0.054231
0.053688
0.054340
0.054877
0.053558
0.053823
0.054163
0.053659
0.054178
0.055240
0.052738
0.054789
0.054236
0.054025
0.054694
0.056885
0.053811
0.053969
0.053865
0.054016
0.054802
0.056319
0.053937
0.063345
0.054021
0.053911
0.054496
0.054801
0.052993
0.052922
0.053991
0.054734
0.054515
0.055421
0.053630
0.053560
0.053617
0.054609
0.055304
0.054765
0.053458
0.053542
0.053234
0.055357
0.055143
0.054981
0.052701
0.054109
0.054311
0.054400
0.054716
0.055112
0.054487
0.053815
0.054276
0.053677
0.054184
0.054954
0.052734
0.053740
0.054290
0.053702
0.054136
0.055796
0.053776
0.053117
0.053345
0.054127
0.054839
0.056413
0.056751
0.063612
0.054283
0.054209
0.054347
0.055245
0.053100
0.053353
0.054039
0.054847
0.054609
0.055728
0.053509
0.053164
0.053606
0.053840
0.054920
0.054601
0.052862
0.053195
0.053372
0.054404
0.054797
0.054601
0.052743
0.053998
0.054427
0.053570
0.054313
0.055054
0.053529
0.054689
0.054583
0.053563
0.054601
0.055217
0.052696
0.054689
0.054019
0.053891
0.054840
0.056572
0.053797
0.053734
0.053863
0.055209
0.056575
0.055531
0.053671
0.053002
0.063535
0.053855
0.054330
0.054696
0.053102
0.053087
0.053344
0.055953
0.054311
0.054743
0.053692
0.055153
0.054502
0.055524
0.056479
0.054208
0.053360
0.053563
0.053393
0.055398
0.055407
0.054553
0.053567
0.055087
0.054223
0.054490
0.054577
0.055131
0.056271
0.053946
0.054323
0.053742
0.054113
0.054535
0.052821
0.053927
0.054222
0.053558
0.054071
0.055163
0.053782
0.053030
0.053485
0.053606
0.054680
0.056192
0.053944
0.053147
0.058071
0.056193
0.064616
0.055457
0.053199
0.053390
0.054129
0.054807
0.054407
0.055536
0.054694
0.054657
0.055562
0.053902
0.054687
0.054523
0.053297
0.053166
0.053282
0.054467
0.055033
0.054691
0.052788
0.054187
0.054284
0.053608
0.054105
0.054760
0.053505
0.054541
0.054626
0.053601
0.054337
0.055228
0.052709
0.054736
0.054095
0.053880
0.054920
0.056538
0.053668
0.053708
0.053904
0.054041
0.054819
0.055767
0.053905
0.053040
0.054083
0.054054
0.054354
0.056368
0.063333
0.053558
0.054231
0.054979
0.054589
0.055111
0.056166
0.053746
0.053472
0.053824
0.054770
0.054393
0.053123
0.053393
0.053874
0.054515
0.055120
0.054122
0.052826
0.053910
0.054189
0.055090
0.055221
0.055993
0.054413
0.053912
0.054144
0.053679
0.054412
0.054877
0.052788
0.053897
0.054293
0.053668
0.053975
0.055271
0.053572
0.053824
0.053925
0.054228
0.054850
0.055836
0.053979
0.052827
0.053783
0.054094
0.054009
0.055858
0.053666
0.053339
0.054145
0.055472
0.055031
0.054925
0.063715
0.053707
0.053609
0.054721
0.054741
0.054194
0.053400
0.053744
0.053711
0.054628
0.054325
0.054570
0.053781
0.054406
0.053671
0.053790
0.054233
0.054246
0.053613
0.053770
0.054115
0.053589
0.054198
0.054369
0.052934
0.053840
0.054053
0.053952
0.055094
0.055936
0.057802
0.055135
0.055504
0.053737
0.055164
0.055060
0.053728
0.053081
0.053463
0.053829
0.054205
0.055038
0.053699
0.053079
0.053348
0.054700
0.054902
0.054195
0.052964
0.053445
0.054000
0.055236
0.055155
0.054204
0.053354
0.063778
0.053553
0.054653
0.054394
0.054738
0.053538
0.053998
0.053545
0.054158
0.054532
0.054299
0.052851
0.053056
0.053475
0.053806
0.054623
0.054652
0.052722
0.054745
0.054123
0.053885
0.054997
0.056157
0.053720
0.053851
0.053721
0.053994
0.054894
0.055866
0.054027
0.053030
0.053986
0.054130
0.053950
0.055901
0.053699
0.053373
0.054044
0.055466
0.056629
0.055794
0.055640
0.053103
0.054194
0.054302
0.055152
0.054282
0.052823
0.053188
0.066494
0.054371
0.054900
0.054143
0.056551
0.054232
0.054374
0.063964
0.054758
0.054779
0.053042
0.053245
0.053520
0.053654
0.054224
0.054886
0.052958
0.053182
0.053437
0.053616
0.054405
0.055267
0.053653
0.053956
0.053999
0.053975
0.054969
0.056446
0.054058
0.053130
0.053804
0.054067
0.054065
0.056501
0.053635
0.053328
0.053963
0.055408
0.055014
0.054901
0.053333
0.053503
0.054331
0.055380
0.055064
0.054792
0.053340
0.053579
0.053157
0.055277
0.054548
0.054974
0.053601
0.056046
0.055291
0.055477
0.053953
0.054813
0.063245
0.053340
0.053706
0.053718
0.053925
0.054823
0.052974
0.053189
0.053368
0.053632
0.054004
0.055439
0.053124
0.053908
0.054085
0.054026
0.055113
0.056562
0.054062
0.053081
0.053949
0.054149
0.053862
0.056609
0.056737
0.053492
0.054399
0.055819
0.054817
0.054860
0.053026
0.053078
0.054074
0.054425
0.055208
0.054916
0.052989
0.053219
0.053240
0.054493
0.054935
0.054700
0.052826
0.063854
0.053811
0.054372
0.054574
0.055233
0.053021
0.054014
0.054107
0.053830
0.054439
0.055401
0.053353
0.053813
0.053608
0.054050
0.055488
0.058894
0.053885
0.054883
0.053534
0.053561
0.054579
0.055564
0.053795
0.053063
0.053357
0.053747
0.054141
0.055601
0.053666
0.053292
0.054058
0.054736
0.055121
0.055439
0.053278
0.053423
0.054006
0.055228
0.055311
0.054810
0.053358
0.053656
0.053377
0.055355
0.054647
0.055161
0.053614
0.055192
0.054159
0.054364
0.054372
0.065328
0.053260
0.054217
0.054140
0.053672
0.054761
0.055242
0.055817
0.053959
0.053638
0.053724
0.054014
0.055863
0.053532
0.053513
0.053817
0.053729
0.054602
0.055605
0.053686
0.053043
0.053539
0.053780
0.053909
0.055618
0.053682
0.054113
0.053369
0.054686
0.055303
0.054853
0.052981
0.053103
0.053947
0.054383
0.055061
0.054889
0.052905
0.053186
0.053420
0.054434
0.055246
0.055071
0.053700
0.055248
0.054182
0.054372
0.054705
0.055329
0.053615
0.064307
0.054025
0.053783
0.054567
0.055088
0.052852
0.053751
0.053436
0.053938
0.054549
0.055756
0.053216
0.053845
0.054019
0.054183
0.054695
0.056535
0.054102
0.053075
0.053971
0.054183
0.053879
0.056626
0.053622
0.053368
0.054313
0.055658
0.055159
0.055495
0.053282
0.053462
0.053946
0.055274
0.055439
0.054838
0.056519
0.053633
0.053370
0.055386
0.058259
0.058099
0.054878
0.054045
0.057339
0.054555
0.057724
0.054982
0.055318
0.055533
0.064048
0.054021
0.054104
0.054874
0.052915
0.053146
0.053353
0.053561
0.054324
0.054936
0.053049
0.053077
0.054385
0.055128
0.054281
0.056603
0.054055
0.053116
0.053956
0.054126
0.054103
0.056579
0.053574
0.053455
0.054298
0.055494
0.055324
0.055598
0.053438
0.053539
0.054182
0.054905
0.055749
0.054800
0.053476
0.053487
0.053337
0.055315
0.055405
0.055029
0.053587
0.054925
0.054375
0.054406
0.054701
0.054813
0.053602
0.054302
0.054600
0.053638
0.054766
0.054827
0.052787
0.056987
0.056085
0.053679
0.054347
0.055700
0.053778
0.063239
0.053869
0.053715
0.054179
0.054373
0.056523
0.053358
0.053566
0.053829
0.054619
0.054817
0.052984
0.053100
0.053499
0.054248
0.055166
0.054750
0.053023
0.053212
0.054284
0.055940
0.054709
0.054908
0.053305
0.053511
0.053230
0.055459
0.055203
0.054649
0.053591
0.055126
0.054312
0.054404
0.054689
0.054700
0.053585
0.054687
0.054497
0.053683
0.054800
0.054833
0.052830
0.054824
0.054060
0.053960
0.054890
0.056053
0.063383
0.053890
0.054055
0.054206
0.054544
0.055231
0.053512
0.053140
0.053651
0.053817
0.055603
0.054431
0.053067
0.053248
0.053874
0.054743
0.055247
0.054177
0.053030
0.053211
0.054009
0.054486
0.054883
0.054765
0.052921
0.053170
0.053296
0.055356
0.055239
0.054662
0.053541
0.054910
0.054270
0.054326
0.054383
0.054610
0.053557
0.057408
0.054549
0.053722
0.054719
0.054947
0.063140
0.053325
0.053653
0.053568
0.054226
0.054708
0.053086
0.052965
0.053515
0.053591
0.054270
0.054572
0.052971
0.053137
0.053697
0.053671
0.054106
0.055881
0.053564
0.053335
0.054103
0.055812
0.055047
0.055310
0.053332
0.053412
0.054022
0.054994
0.066218
0.054829
0.053646
0.054619
0.053599
0.053762
0.054519
0.054227
0.052940
0.053492
0.053504
0.053833
0.054565
0.054610
0.053181
0.053922
0.054051
0.053622
0.054178
0.054394
0.052772
0.054616
0.054021
0.053950
0.054886
0.056280
0.053827
0.053736
0.053886
0.054004
0.054827
0.056362
0.054088
0.052979
0.053859
0.064178
0.054091
0.055407
0.053085
0.053306
0.054040
0.054562
0.054166
0.055373
0.053198
0.056484
0.053612
0.054477
0.055095
0.055277
0.053636
0.053548
0.053318
0.054547
0.054613
0.054769
0.052848
0.054082
0.054236
0.053670
0.053938
0.054848
0.053620
0.053782
0.054320
0.053736
0.055070
0.054955
0.052818
0.053910
0.054039
0.053651
0.054163
0.055813
0.053807
0.053029
0.053554
0.053728
0.064731
0.054898
0.053296
0.053251
0.053856
0.054140
0.054562
0.055354
0.053071
0.053343
0.054514
0.054813
0.054946
0.055521
0.053727
0.053515
0.054054
0.055330
0.055227
0.054301
0.053413
0.057592
0.053327
0.055427
0.055287
0.054604
0.053678
0.055056
0.054317
0.054386
0.054688
0.054685
0.053644
0.054674
0.054679
0.053691
0.054636
0.055270
0.052683
0.054842
0.053970
0.053902
0.054888
0.056586
0.053753
0.057428
0.054013
0.054199
0.055215
0.067829
0.053718
0.060104
0.055641
0.067709
0.054334
0.054789
0.053440
0.053549
0.053871
0.054542
0.055090
0.055929
0.053983
0.053750
0.054504
0.054950
0.056902
0.055092
0.053401
0.053653
0.053517
0.054840
0.056449
0.056037
0.054594
0.059481
0.055476
0.055015
0.057777
0.057422
0.069371
0.060704
0.058121
0.057949
0.055236
0.055993
0.053751
0.054967
0.054929
0.054714
0.055487
0.056576
0.054697
0.053873
0.054477
0.054718
0.055748
0.056235
0.053949
0.063961
0.053703
0.053937
0.054204
0.054744
0.053143
0.053049
0.053418
0.053913
0.054554
0.056534
0.054653
0.054739
0.054919
0.055727
0.056909
0.059109
0.055980
0.055704
0.058569
0.057954
0.058338
0.057991
0.056649
0.063192
0.058188
0.056934
0.058771
0.058565
0.057231
0.056683
0.057635
0.057367
0.056168
0.057208
0.055087
0.055970
0.056395
0.055558
0.055730
0.057754
0.055928
0.055028
0.055549
0.055150
0.056673
0.057121
0.065475
0.054438
0.055066
0.055081
0.055340
0.055815
0.054201
0.054309
0.054656
0.055058
0.055641
0.055559
0.054608
0.054549
0.055230
0.055686
0.056446
0.055417
0.054086
0.054368
0.054756
0.055822
0.056285
0.055992
0.053966
0.055203
0.055385
0.054800
0.055857
0.055863
0.066574
0.060168
0.056101
0.054444
0.054525
0.055076
0.053441
0.054698
0.054914
0.053983
0.054879
0.055790
0.054275
0.053888
0.054170
0.053837
0.054868
0.055649
0.054212
0.053718
0.053529
0.054130
0.064761
0.055189
0.053261
0.057883
0.053424
0.054503
0.054779
0.054290
0.053160
0.053042
0.053548
0.053702
0.054248
0.055010
0.053105
0.053568
0.053403
0.054450
0.054650
0.054774
0.055262
0.055160
0.055550
0.056644
0.054169
0.054293
0.053487
0.053833
0.054378
0.054250
0.054582
0.054856
0.052707
0.053926
0.054389
0.053437
0.053791
0.055640
0.053746
0.052740
0.055314
0.054565
0.055768
0.056564
0.054757
0.055248
0.056127
0.053840
0.064993
0.055013
0.069309
0.053307
0.053551
0.054196
0.054822
0.054730
0.053258
0.053635
0.053860
0.054009
0.054522
0.055202
0.053020
0.053137
0.053190
0.054356
0.054757
0.054073
0.052858
0.053935
0.054137
0.053626
0.054638
0.055135
0.053532
0.054575
0.054729
0.053690
0.054571
0.054838
0.052722
0.063939
0.054254
0.053659
0.054244
0.060227
0.055167
0.053169
0.053323
0.053690
0.055242
0.055037
0.053853
0.053307
0.053645
0.053819
0.064658
0.054569
0.053544
0.053329
0.053406
0.054070
0.054689
0.054124
0.053077
0.054929
0.053934
0.054853
0.054908
0.054500
0.053069
0.053439
0.053308
0.054521
0.055203
0.054300
0.052916
0.054173
0.054320
0.053795
0.054609
0.054914
0.053559
0.054680
0.054518
0.053735
0.054619
0.055012
0.052788
0.054724
0.054185
0.054075
0.054865
0.056053
0.063608
0.054056
0.054077
0.053998
0.054304
0.054812
0.055535
0.053727
0.054006
0.054385
0.054704
0.054968
0.053159
0.053782
0.054497
0.055686
0.055651
0.055145
0.053468
0.053588
0.054107
0.054848
0.055221
0.054899
0.056162
0.053071
0.053454
0.054622
0.055116
0.054785
0.052932
0.053997
0.054175
0.053663
0.055843
0.055646
0.057305
0.053889
0.054487
0.053723
0.054353
0.054944
0.063104
0.053447
0.053782
0.053759
0.054551
0.056872
0.053072
0.053101
0.053569
0.053828
0.054427
0.054877
0.053088
0.053306
0.054358
0.055725
0.054695
0.055787
0.053708
0.053186
0.053750
0.054852
0.055199
0.055397
0.053476
0.053410
0.054109
0.055354
0.055454
0.054865
0.053247
0.053530
0.053259
0.055313
0.055393
0.055136
0.053723
0.055157
0.054231
0.054000
0.054359
0.054648
0.053534
0.054728
0.054629
0.054411
0.054864
0.055368
0.052820
0.054823
0.054407
0.055897
0.065472
0.055727
0.053323
0.054554
0.076587
0.055748
0.054600
0.055025
0.056939
0.053669
0.053765
0.054112
0.054948
0.054802
0.053486
0.053207
0.053526
0.055021
0.055382
0.054943
0.053102
0.053167
0.054162
0.054523
0.055294
0.054807
0.052774
0.053128
0.053375
0.054362
0.054941
0.054689
0.053633
0.054925
0.054276
0.054374
0.054525
0.055125
0.053515
0.054595
0.054666
0.053658
0.054655
0.055454
0.052761
0.064192
0.053909
0.054029
0.054332
0.054933
0.053228
0.052993
0.053532
0.053513
0.054218
0.055469
0.053531
0.053284
0.054070
0.054404
0.054284
0.056583
0.053604
0.053351
0.054125
0.055608
0.056075
0.055640
0.054845
0.054255
0.053998
0.054412
0.055139
0.054910
0.052905
0.053176
0.053415
0.054403
0.055085
0.054749
0.052805
0.054863
0.054246
0.054367
0.054773
0.058264
0.053668
0.054802
0.054447
0.053646
0.054618
0.055304
0.063596
0.054131
0.053902
0.053940
0.054943
0.055177
0.053195
0.053114
0.053609
0.053685
0.054256
0.054806
0.053217
0.053372
0.053720
0.054125
0.054371
0.055535
0.053682
0.053168
0.053208
0.055626
0.055073
0.055543
0.053374
0.053508
0.053920
0.055250
0.055299
0.056618
0.053357
0.053612
0.053445
0.055188
0.054965
0.055011
0.053558
0.055030
0.054190
0.054317
0.055597
0.056895
0.053877
0.053905
0.054129
0.053789
0.054346
0.065351
0.052974
0.053401
0.053749
0.053703
0.054263
0.054963
0.053137
0.053252
0.053590
0.053840
0.054407
0.054410
0.053161
0.053508
0.053246
0.053850
0.054444
0.055924
0.053725
0.053499
0.054235
0.055626
0.059875
0.055996
0.052842
0.053051
0.054018
0.054352
0.055488
0.054913
0.052990
0.053178
0.053329
0.054417
0.055096
0.054274
0.053562
0.056095
0.055871
0.056522
0.054278
0.055165
0.053774
0.057308
0.054765
0.053805
0.054392
0.055385
0.052733
0.064224
0.053937
0.053916
0.056390
0.055547
0.054580
0.069239
0.055401
0.054039
0.053752
0.055003
0.053101
0.053402
0.053575
0.054003
0.054272
0.055941
0.053807
0.053185
0.053528
0.054655
0.054947
0.055473
0.053428
0.053461
0.053946
0.055217
0.055505
0.054793
0.053344
0.053478
0.053226
0.055250
0.054967
0.055022
0.053550
0.054817
0.054298
0.053953
0.054603
0.054699
0.053538
0.054629
0.064185
0.053962
0.054749
0.055399
0.053131
0.053858
0.056467
0.054465
0.055313
0.055786
0.053436
0.053753
0.053783
0.053921
0.054227
0.055623
0.053753
0.053113
0.053533
0.053819
0.054193
0.055463
0.053579
0.052841
0.053292
0.056535
0.055486
0.056032
0.054281
0.053259
0.054001
0.054394
0.054743
0.054930
0.052884
0.053237
0.053441
0.054470
0.055187
0.054814
0.052909
0.063758
0.053752
0.053737
0.054552
0.054650
0.053017
0.053215
0.053581
0.054010
0.054739
0.055351
0.053386
0.054651
0.053834
0.054426
0.055058
0.056731
0.053871
0.053921
0.053872
0.054151
0.055043
0.056527
0.054082
0.053080
0.053592
0.054197
0.054531
0.056483
0.053736
0.053325
0.054341
0.055529
0.055180
0.055612
0.053290
0.053602
0.053975
0.055325
0.055389
0.054999
0.053395
0.056334
0.063861
0.053992
0.054492
0.054669
0.053012
0.053499
0.053701
0.055155
0.055729
0.056506
0.053123
0.053361
0.053802
0.053918
0.054294
0.055038
0.052869
0.053909
0.054387
0.053636
0.053961
0.055917
0.053842
0.053279
0.053803
0.053982
0.055144
0.056405
0.054076
0.053173
0.053923
0.054197
0.053889
0.056536
0.053613
0.053319
0.054201
0.055500
0.054755
0.055405
0.053274
0.053539
0.054169
0.055322
0.055424
0.054839
0.053369
0.053625
0.053445
0.064601
0.054613
0.054959
0.053808
0.054060
0.053719
0.054264
0.054435
0.054674
0.052919
0.053180
0.053669
0.054204
0.054722
0.055772
0.053079
0.054769
0.054108
0.053864
0.055186
0.056704
0.055338
0.054050
0.055590
0.055090
0.055106
0.058496
0.053832
0.053144
0.053514
0.054082
0.054390
0.055618
0.053759
0.053132
0.053290
0.054709
0.055263
0.054843
0.052964
0.053114
0.054214
0.054421
0.055153
0.054909
0.053173
0.053528
0.053292
0.055331
0.055385
0.055083
0.053694
0.055110
0.063898
0.054540
0.054841
0.054745
0.053086
0.054155
0.054068
0.053650
0.054482
0.054468
0.053161
0.053224
0.053541
0.054383
0.055609
0.056352
0.053790
0.053998
0.053862
0.054129
0.055044
0.055962
0.054098
0.054350
0.053857
0.054138
0.054442
0.056590
0.053686
0.053013
0.054021
0.057931
0.055249
0.054358
0.053036
0.052932
0.053995
0.054411
0.054878
0.054822
0.052763
0.053203
0.053233
0.054450
0.054837
0.054619
0.053472
0.054811
0.063909
0.057175
0.054630
0.055250
0.053107
0.054255
0.053913
0.053866
0.054704
0.055455
0.053552
0.053936
0.053709
0.054556
0.054635
0.055880
0.053790
0.053828
0.053615
0.053803
0.054951
0.055499
0.053817
0.053159
0.053674
0.053941
0.054422
0.055639
0.053762
0.052987
0.054316
0.055551
0.055180
0.055458
0.053389
0.053598
0.054069
0.055353
0.055540
0.054889
0.053496
0.053687
0.053524
0.055362
0.055005
0.054999
0.053803
0.063688
0.053914
0.053732
0.054477
0.054625
0.052957
0.053129
0.053571
0.053770
0.054401
0.055093
0.053044
0.053317
0.053559
0.053847
0.055084
0.056742
0.053726
0.054073
0.053959
0.054233
0.054981
0.056421
0.054050
0.053122
0.053983
0.054150
0.054341
0.055865
0.053667
0.056332
0.053567
0.055186
0.054769
0.054828
0.053054
0.053107
0.054000
0.054474
0.054776
0.054924
0.052977
0.053130
0.053242
0.054537
0.055137
0.054781
0.053770
0.064297
0.053693
0.054553
0.054787
0.055189
0.053145
0.054051
0.054032
0.053826
0.054449
0.055467
0.053236
0.053736
0.053508
0.055574
0.054382
0.055980
0.053868
0.053027
0.053577
0.053645
0.054809
0.055562
0.053783
0.053061
0.053332
0.053728
0.054026
0.055719
0.055258
0.053360
0.054043
0.055546
0.054711
0.055224
0.053243
0.053459
0.053900
0.055175
0.055301
0.054863
0.053452
0.053617
0.053364
0.055343
0.064497
0.054526
0.053024
0.053474
0.053661
0.053575
0.054089
0.054422
0.052910
0.053138
0.053654
0.054408
0.054305
0.058368
0.053663
0.054291
0.054238
0.053585
0.054732
0.055291
0.053960
0.053261
0.054065
0.053833
0.055273
0.055072
0.053875
0.053257
0.053318
0.053744
0.054191
0.054935
0.054818
0.052927
0.053295
0.054732
0.055291
0.054316
0.052989
0.053245
0.054215
0.054458
0.055130
0.054903
0.056090
0.054525
0.053407
0.054466
0.055061
0.064294
0.053025
0.053516
0.053745
0.053578
0.054408
0.054272
0.052912
0.053958
0.053999
0.053739
0.054539
0.055079
0.053459
0.053994
0.054096
0.054027
0.054786
0.056139
0.053745
0.053809
0.053912
0.054136
0.055022
0.055053
0.053789
0.053109
0.053872
0.054191
0.054313
0.055830
0.053610
0.053313
0.053910
0.055459
0.055066
0.054907
0.053217
0.053489
0.053987
0.055173
0.058991
0.054999
0.053167
0.053195
0.053170
0.054509
0.056067
0.054786
0.052959
0.066385
0.054991
0.053890
0.054518
0.054211
0.053023
0.053239
0.053422
0.053660
0.054066
0.054370
0.052947
0.053098
0.053541
0.053749
0.054262
0.056271
0.053752
0.053918
0.053802
0.053969
0.054992
0.055611
0.054026
0.053077
0.053768
0.054194
0.054032
0.055941
0.053593
0.053317
0.053974
0.055538
0.055489
0.055363
0.053266
0.053555
0.053909
0.055243
0.055257
0.054803
0.053265
0.053627
0.053127
0.055125
0.055169
0.054972
0.053600
0.054929
0.054185
0.054391
0.054422
0.055038
0.053551
0.064247
0.054096
0.053769
0.054627
0.055211
0.053041
0.054865
0.053563
0.054188
0.054956
0.055027
0.053049
0.053241
0.053716
0.056782
0.055220
0.055663
0.053768
0.053147
0.053350
0.054423
0.054233
0.055765
0.053742
0.053173
0.053518
0.054693
0.054790
0.054873
0.053059
0.053156
0.054162
0.054267
0.054660
0.054980
0.052735
0.053583
0.053281
0.057067
0.054978
0.055145
0.053892
0.055045
0.054382
0.054414
0.054580
0.055102
0.053576
0.054775
0.054472
0.053732
0.054605
0.055199
0.052817
0.063597
0.053726
0.053652
0.054253
0.054889
0.053136
0.053458
0.053440
0.053877
0.054294
0.055480
0.053389
0.053265
0.053794
0.054289
0.054614
0.056431
0.053629
0.056681
0.055294
0.054701
0.055184
0.054974
0.053138
0.053070
0.054003
0.054474
0.055528
0.054941
0.052892
0.053348
0.053195
0.054476
0.055377
0.054621
0.053547
0.058414
0.054614
0.054645
0.055032
0.054772
0.053644
0.054900
0.054575
0.053752
0.054910
0.054847
0.052893
0.054919
0.054297
0.053705
0.054168
0.055363
0.053736
0.053024
0.053444
0.053709
0.055031
0.055025
0.053807
0.053073
0.053309
0.064256
0.054525
0.054629
0.053186
0.053433
0.053905
0.054741
0.054624
0.054958
0.053556
0.053556
0.053378
0.054361
0.055111
0.056879
0.053744
0.053779
0.053743
0.055613
0.055533
0.055253
0.054765
0.055388
0.056005
0.054079
0.054938
0.055324
0.054036
0.054520
0.056323
0.055825
0.055802
0.055092
0.055573
0.064165
0.055880
0.053811
0.055053
0.057086
0.055141
0.054056
0.054332
0.054737
0.056052
0.056491
0.056871
0.054082
0.054850
0.055247
0.054992
0.056899
0.057846
0.053988
0.054304
0.055665
0.056644
0.055331
0.053908
0.054019
0.054929
0.055487
0.056208
0.055362
0.064611
0.054492
0.054357
0.055749
0.055440
0.055068
0.054091
0.054398
0.054627
0.054781
0.055754
0.055361
0.053965
0.054268
0.054752
0.054770
0.055706
0.055861
0.053983
0.055798
0.056444
0.054624
0.055264
0.056285
0.054826
0.054076
0.054452
0.054625
0.055949
0.055940
0.058044
0.054022
0.054383
0.054647
0.055454
0.057171
0.053577
0.053354
0.054117
0.055481
0.055137
0.055145
0.053324
0.053338
0.054028
0.055202
0.055263
0.054302
0.053323
0.053668
0.053151
0.055168
0.055044
0.054656
0.053598
0.054926
0.063951
0.054432
0.054758
0.054638
0.053025
0.054119
0.053966
0.053778
0.057584
0.055210
0.053189
0.053201
0.053605
0.053795
0.054601
0.055329
0.053822
0.053083
0.053407
0.053685
0.055045
0.054984
0.053742
0.053031
0.053150
0.053690
0.053690
0.056547
0.053733
0.053066
0.053632
0.054812
0.055626
0.054472
0.052981
0.053303
0.054009
0.054630
0.055269
0.054953
0.053889
0.054332
0.053258
0.055361
0.055135
0.054727
0.053694
0.055093
0.054428
0.054447
0.054612
0.065208
0.053430
0.054939
0.059600
0.053754
0.054810
0.054823
0.053130
0.053206
0.057110
0.057252
0.058522
0.066254
0.053436
0.056904
0.066287
0.067246
0.058939
0.055904
0.053822
0.053352
0.053569
0.053906
0.054172
0.056401
0.053644
0.053277
0.054425
0.055688
0.055191
0.055061
0.053299
0.053521
0.053995
0.054863
0.059090
0.054973
0.054881
0.052820
0.053513
0.054491
0.055125
0.054287
0.052939
0.054185
0.054323
0.053766
0.054587
0.054916
0.053598
0.053798
0.054196
0.053789
0.054678
0.064604
0.052995
0.053922
0.053635
0.054032
0.055221
0.055639
0.053264
0.053993
0.054222
0.054177
0.054538
0.054928
0.053519
0.053525
0.053841
0.054165
0.054197
0.055088
0.053719
0.053366
0.054123
0.055527
0.055285
0.055220
0.053390
0.053530
0.053993
0.055177
0.055560
0.054933
0.053422
0.053646
0.053421
0.055382
0.055089
0.055122
0.053682
0.054976
0.054409
0.054437
0.054799
0.054795
0.053589
0.054653
0.054668
0.053733
0.057686
0.054947
0.052855
0.054731
0.063785
0.053624
0.054317
0.054635
0.053187
0.052993
0.053440
0.056520
0.054263
0.054278
0.053130
0.053175
0.053533
0.054294
0.054641
0.055071
0.053794
0.052984
0.053324
0.054787
0.055246
0.054363
0.053274
0.053427
0.054281
0.055377
0.055420
0.054294
0.053075
0.053524
0.053347
0.055389
0.055433
0.056525
0.053598
0.054876
0.054164
0.054334
0.054616
0.054400
0.053505
0.054656
0.054651
0.053661
0.054736
0.054918
0.052832
0.054700
0.054236
0.053891
0.065062
0.055624
0.053362
0.053904
0.054070
0.053957
0.054684
0.055190
0.053424
0.053260
0.053924
0.054892
0.054618
0.055014
0.053139
0.053023
0.053222
0.054730
0.055172
0.054421
0.052999
0.053039
0.053928
0.054457
0.055188
0.054826
0.053259
0.053512
0.053119
0.055308
0.054965
0.055085
0.053600
0.054950
0.057607
0.054687
0.054789
0.055790
0.056157
0.055744
0.054515
0.053807
0.055538
0.055115
0.052870
0.053918
0.063906
0.053883
0.054712
0.054890
0.053397
0.052998
0.053686
0.054177
0.054387
0.054806
0.053045
0.053249
0.053496
0.054076
0.054676
0.055032
0.053642
0.053320
0.054328
0.055704
0.055391
0.055505
0.053342
0.053705
0.054198
0.055288
0.055015
0.054857
0.054427
0.053653
0.053276
0.057702
0.055547
0.054378
0.052861
0.054057
0.054275
0.053607
0.054248
0.054317
0.053574
0.053807
0.054064
0.053656
0.054258
0.064673
0.052990
0.053458
0.059304
0.053802
0.054909
0.055485
0.053081
0.053929
0.054028
0.053996
0.054292
0.055155
0.053501
0.053731
0.053866
0.054168
0.053721
0.055982
0.053678
0.053297
0.057114
0.054420
0.055775
0.054790
0.053025
0.053201
0.054019
0.054420
0.055080
0.054895
0.053046
0.053140
0.053287
0.054477
0.055011
0.054652
0.053552
0.054955
0.054238
0.054574
0.064676
0.055152
0.053166
0.054105
0.054034
0.055047
0.055173
0.056007
0.053141
0.053189
0.053558
0.053745
0.054412
0.055265
0.053269
0.053025
0.053361
0.053663
0.054775
0.054973
0.053962
0.053045
0.053846
0.054245
0.054354
0.055858
0.053620
0.053298
0.054323
0.055520
0.055102
0.055317
0.053358
0.053505
0.054013
0.055054
0.055329
0.055005
0.053368
0.053578
0.053197
0.055191
0.054859
0.054939
0.063872
0.054575
0.054085
0.054713
0.054407
0.055401
0.053094
0.054070
0.053613
0.053675
0.054724
0.055033
0.053303
0.056399
0.053572
0.053464
0.054549
0.055301
0.053895
0.053238
0.053766
0.053669
0.055123
0.055051
0.054128
0.068072
0.053624
0.053794
0.054481
0.054328
0.053037
0.052989
0.053224
0.053913
0.054430
0.054475
0.053148
0.053075
0.053477
0.053941
0.055238
0.054477
0.053451
0.053555
0.053421
0.066099
0.054399
0.054588
0.053780
0.054270
0.053960
0.054890
0.054785
0.055140
0.053173
0.053959
0.054157
0.054105
0.054715
0.055173
0.053069
0.054896
0.054216
0.053911
0.054816
0.056150
0.053791
0.053823
0.053893
0.054127
0.054791
0.057698
0.054007
0.053112
0.053934
0.054028
0.053678
0.055840
0.053684
0.065081
0.054208
0.054973
0.054747
0.054978
0.053595
0.053582
0.053766
0.054931
0.054919
0.054961
0.055531
0.053392
0.053859
0.054052
0.055226
0.054296
0.053111
0.054235
0.054292
0.053797
0.054722
0.054917
0.053783
0.053963
0.054174
0.053757
0.054300
0.054873
0.052888
0.054827
0.063587
0.054162
0.055109
0.055601
0.053419
0.054216
0.054020
0.054214
0.054558
0.054935
0.053642
0.053314
0.054007
0.055976
0.054935
0.056062
0.053720
0.052918
0.053933
0.055659
0.066559
0.056426
0.056508
0.056435
0.056468
0.057165
0.056958
0.061194
0.058059
0.055794
0.066682
0.079196
0.057620
0.058409
0.059944
0.056823
0.057660
0.056455
0.058049
0.058011
0.057957
0.058135
0.061842
0.057445
0.056240
0.055685
0.054808
0.055346
0.055596
0.055833
0.056356
0.057127
0.066299
0.054081
0.054676
0.055423
0.055362
0.055681
0.060180
0.056481
0.054992
0.055136
0.081078
0.057930
0.055075
0.054216
0.054889
0.056042
0.056571
0.057355
0.055118
0.053869
0.054942
0.055331
0.055633
0.055346
0.053533
0.053720
0.053936
0.055494
0.055736
0.054786
0.053131
0.054503
0.054647
0.053706
0.054255
0.054478
0.053576
0.053802
0.064153
0.053792
0.054166
0.054285
0.053029
0.053222
0.057355
0.054787
0.055440
0.119378
0.054153
0.054497
0.054992
0.055023
0.056110
0.056379
0.055356
0.054490
0.054712
0.054849
0.055220
0.056579
0.053916
0.053312
0.053428
0.065296
0.054700
0.054358
0.053347
0.053159
0.053413
0.053744
0.054340
0.054386
0.065216
0.054227
0.055231
0.057471
0.054597
0.054441
0.053080
0.054110
0.054242
0.053764
0.054761
0.060015
0.053531
0.053858
0.054171
0.053935
0.054328
0.054993
0.052916
0.053973
0.054059
0.053721
0.054285
0.055784
0.053895
0.053094
0.053651
0.054017
0.054424
0.056349
0.054061
0.053212
0.053864
0.054149
0.064471
0.055476
0.053238
0.053768
0.055726
0.054356
0.055315
0.056248
0.053411
0.053289
0.061105
0.055179
0.057235
0.068998
0.054415
0.054559
0.055866
0.055663
0.067602
0.056268
0.054016
0.054792
0.055476
0.055735
0.057073
0.056073
0.054493
0.054467
0.054480
0.056017
0.054990
0.055447
0.056033
0.054607
0.054751
0.054320
0.054687
0.056431
0.054272
0.053387
0.053629
0.054067
0.055205
0.055858
0.054048
0.053358
0.053543
0.053814
0.064942
0.055007
0.053220
0.053005
0.053310
0.054056
0.057973
0.054886
0.053245
0.053141
0.053518
0.053807
0.054573
0.055038
0.053237
0.054337
0.053187
0.054513
0.055076
0.054608
0.052899
0.055808
0.056395
0.053780
0.054331
0.054563
0.053607
0.053859
0.054201
0.053822
0.054344
0.054494
0.052757
0.053956
0.054160
0.053665
0.054181
0.056202
0.053770
0.053883
0.054033
0.054031
0.064452
0.055773
0.053814
0.053531
0.054102
0.054131
0.054469
0.055008
0.053125
0.053312
0.054092
0.053943
0.054634
0.054451
0.053386
0.053111
0.054027
0.054330
0.055180
0.054348
0.052923
0.053623
0.053404
0.055506
0.054922
0.056898
0.054478
0.056440
0.054364
0.054476
0.054981
0.054754
0.053541
0.054784
0.054507
0.053613
0.054638
0.054357
0.052815
0.053890
0.054338
0.057332
0.055318
0.055779
0.053584
0.053122
0.053685
0.063982
0.054404
0.054860
0.053246
0.053176
0.053464
0.053752
0.054298
0.054837
0.052995
0.053082
0.053529
0.054090
0.054584
0.055114
0.053092
0.053038
0.053963
0.055520
0.055689
0.054911
0.053350
0.053506
0.053444
0.055374
0.055016
0.055176
0.053763
0.054943
0.054283
0.064658
0.054822
0.055086
0.053041
0.053160
0.053538
0.053732
0.054977
0.055439
0.052942
0.053735
0.053486
0.054353
0.055351
0.055952
0.053835
0.054129
0.053769
0.054097
0.055038
0.056442
0.054031
0.053038
0.053908
0.054068
0.054223
0.056376
0.055424
0.056439
0.054374
0.080925
0.055308
0.057778
0.075664
0.053897
0.058181
0.075896
0.056596
0.054533
0.053353
0.053765
0.081031
0.056979
0.054752
0.054754
0.053064
0.053623
0.054183
0.053864
0.054893
0.054851
0.053079
0.053457
0.053537
0.053937
0.054832
0.054838
0.052783
0.053962
0.054230
0.053467
0.053805
0.055737
0.053653
0.053823
0.053476
0.054044
0.054527
0.056399
0.053948
0.053189
0.054088
0.054176
0.054306
0.065663
0.053181
0.053429
0.054320
0.054987
0.054060
0.055063
0.053294
0.053436
0.053537
0.054459
0.054417
0.055196
0.053380
0.054066
0.055052
0.081483
0.057552
0.054951
0.053179
0.054286
0.054391
0.053697
0.054372
0.055297
0.053959
0.053862
0.054457
0.053806
0.054682
0.054545
0.052714
0.053826
0.054184
0.063661
0.053937
0.054992
0.053104
0.052995
0.053518
0.053554
0.054394
0.055094
0.056367
0.053204
0.053642
0.054070
0.054657
0.055040
0.053707
0.053010
0.053435
0.054728
0.055250
0.054900
0.053066
0.053098
0.054047
0.054442
0.055280
0.054783
0.053200
0.053544
0.053203
0.055250
0.054931
0.055058
0.063808
0.054539
0.053783
0.054645
0.054656
0.054512
0.052918
0.053932
0.053942
0.053812
0.054797
0.056055
0.054003
0.054579
0.053754
0.055180
0.054510
0.055914
0.053801
0.053159
0.053453
0.053635
0.054964
0.055062
0.053747
0.053181
0.054046
0.054099
0.053974
0.055826
0.053617
0.053439
0.054134
0.055699
0.054988
0.055448
0.053263
0.053558
0.053985
0.055224
0.055413
0.054351
0.063148
0.053310
0.053328
0.054505
0.054053
0.054530
0.053756
0.054283
0.053631
0.054734
0.064014
0.055168
0.053068
0.053330
0.053818
0.053770
0.054197
0.054480
0.053207
0.053996
0.054165
0.053506
0.054473
0.057436
0.053709
0.053048
0.053468
0.054026
0.055797
0.056871
0.053949
0.054038
0.056047
0.055537
0.053972
0.055832
0.053791
0.053043
0.053290
0.054608
0.055366
0.054798
0.053106
0.053151
0.054034
0.054295
0.055048
0.054952
0.053277
0.053620
0.053395
0.055374
0.064951
0.055141
0.053788
0.054503
0.053756
0.054341
0.054764
0.055070
0.052853
0.053788
0.054029
0.053793
0.054488
0.054665
0.053260
0.053968
0.054173
0.053623
0.054204
0.055800
0.053769
0.053191
0.054038
0.054177
0.055269
0.056075
0.054095
0.053184
0.054041
0.054279
0.054091
0.056020
0.053656
0.053308
0.056583
0.058227
0.055105
0.055541
0.053252
0.053172
0.054184
0.054723
0.055098
0.056123
0.053799
0.054393
0.053237
0.054440
0.055074
0.054987
0.053860
0.083845
0.056408
0.057471
0.077051
0.068848
0.068255
0.059368
0.065042
0.055785
0.055038
0.055813
0.054334
0.054222
0.056330
0.054824
0.055072
0.056259
0.054365
0.054409
0.054903
0.054604
0.055261
0.056394
0.054123
0.056434
0.053944
0.054186
0.054392
0.056842
0.054626
0.053682
0.054447
0.055274
0.056071
0.055764
0.053846
0.053980
0.055436
0.054468
0.055330
0.055212
0.053376
0.053521
0.066051
0.054386
0.054646
0.055203
0.053347
0.053551
0.053904
0.053739
0.054746
0.054699
0.052885
0.053235
0.055540
0.053956
0.054691
0.054936
0.052894
0.057540
0.055596
0.053747
0.054129
0.055715
0.053739
0.053173
0.053476
0.053690
0.054591
0.055594
0.053667
0.053247
0.053391
0.053980
0.053971
0.055562
0.053598
0.053339
0.053991
0.055448
0.054632
0.065751
0.053835
0.053698
0.053560
0.054435
0.054611
0.055080
0.053556
0.053712
0.053462
0.054445
0.054047
0.054918
0.053118
0.053519
0.054126
0.053646
0.054093
0.054827
0.053540
0.054197
0.054177
0.053772
0.053749
0.054954
0.052885
0.053939
0.054104
0.053975
0.054603
0.056593
0.053732
0.053685
0.053606
0.054118
0.054448
0.057611
0.056195
0.053169
0.053881
0.063853
0.053893
0.054817
0.053069
0.052973
0.053459
0.053895
0.053991
0.054714
0.053126
0.054937
0.053302
0.053928
0.054201
0.058001
0.052978
0.053225
0.055019
0.054320
0.055106
0.054638
0.052842
0.054071
0.054112
0.053727
0.054367
0.054754
0.053524
0.053743
0.054113
0.053716
0.054738
0.055222
0.052728
0.054807
0.054045
0.053938
0.054714
0.056628
0.053721
0.053796
0.053795
0.064329
0.054490
0.055860
0.053570
0.053044
0.053236
0.053764
0.054050
0.054567
0.052952
0.053398
0.054310
0.054708
0.054439
0.056145
0.053432
0.053498
0.053982
0.057883
0.056913
0.055882
0.053755
0.054663
0.053438
0.054458
0.055351
0.054972
0.052977
0.054104
0.054242
0.053804
0.053896
0.054720
0.053585
0.054408
0.054550
0.053664
0.054264
0.055219
0.052734
0.054813
0.054113
0.054029
0.054863
0.056538
0.063227
0.053850
0.053846
0.056919
0.054436
0.054787
0.053073
0.053731
0.053506
0.053898
0.054509
0.055026
0.053036
0.054267
0.055489
0.054894
0.054765
0.054858
0.053100
0.053082
0.054100
0.054533
0.054706
0.054961
0.052865
0.053199
0.053458
0.054381
0.054575
0.055114
0.053678
0.054943
0.054176
0.054410
0.054576
0.055214
0.054771
0.055720
0.055948
0.053829
0.057104
0.054830
0.052822
0.054620
0.054071
0.063870
0.054163
0.054540
0.053098
0.053119
0.053542
0.054093
0.054094
0.054686
0.052991
0.053234
0.053494
0.054015
0.054826
0.054521
0.053625
0.053417
0.054171
0.055719
0.055020
0.055094
0.053260
0.053557
0.054044
0.055382
0.055236
0.055424
0.056829
0.055220
0.054678
0.055291
0.055824
0.071406
0.054467
0.060107
0.056075
0.055587
0.055933
0.056205
0.054671
0.054510
0.054722
0.054695
0.056677
0.065154
0.053381
0.053995
0.054371
0.054185
0.054572
0.055280
0.053413
0.053239
0.055263
0.055813
0.054602
0.054509
0.053125
0.053368
0.053438
0.053942
0.054283
0.055658
0.053776
0.053030
0.053345
0.054713
0.055007
0.054730
0.053059
0.053472
0.054023
0.055193
0.055367
0.054880
0.053375
0.053630
0.053299
0.055366
0.055166
0.055072
0.053671
0.054952
0.055408
0.054449
0.054732
0.055266
0.053547
0.054712
0.054550
0.053730
0.054619
0.065339
0.053048
0.054074
0.053649
0.053995
0.054603
0.055590
0.053216
0.054029
0.053865
0.053723
0.054582
0.055589
0.053542
0.053454
0.053863
0.053993
0.054194
0.056118
0.058190
0.053169
0.053318
0.054971
0.055555
0.056123
0.055347
0.053294
0.056241
0.054536
0.056918
0.055154
0.054415
0.055361
0.060587
0.055803
0.055987
0.055488
0.053732
0.054974
0.055142
0.054474
0.055027
0.055255
0.064291
0.054305
0.054591
0.057071
0.054808
0.055230
0.053983
0.054143
0.054747
0.055040
0.055805
0.056337
0.054242
0.054988
0.055033
0.055055
0.055659
0.057461
0.054799
0.053947
0.054714
0.055016
0.055057
0.056993
0.054520
0.053772
0.054235
0.055522
0.056065
0.055241
0.053824
0.054446
0.054925
0.056280
0.056054
0.055289
0.054232
0.054475
0.054176
0.056301
0.055676
0.055404
0.054527
0.057294
0.055223
0.065615
0.055713
0.055325
0.053977
0.054262
0.054435
0.054576
0.058914
0.055869
0.054007
0.054275
0.054352
0.054799
0.055430
0.056016
0.054787
0.053921
0.054454
0.054712
0.055735
0.055980
0.054612
0.054005
0.054543
0.055177
0.055499
0.058967
0.054548
0.054255
0.055108
0.056554
0.056158
0.056340
0.054200
0.054372
0.054961
0.056268
0.056208
0.055904
0.054408
0.054508
0.054333
0.056247
0.056220
0.056006
0.054478
0.055811
0.064970
0.055564
0.055685
0.056021
0.053901
0.054946
0.054777
0.054530
0.055410
0.055862
0.053747
0.054044
0.054434
0.055927
0.055542
0.056874
0.054718
0.053981
0.054387
0.054641
0.055945
0.056614
0.054602
0.053971
0.054393
0.054749
0.055086
0.056515
0.054522
0.054320
0.055107
0.056491
0.055960
0.056329
0.054213
0.054360
0.054927
0.059274
0.056406
0.055973
0.054506
0.054628
0.054309
0.056623
0.055814
0.055754
0.053912
0.055095
0.065113
0.054801
0.055544
0.055384
0.053971
0.054157
0.054550
0.054707
0.054829
0.055980
0.053882
0.054064
0.054631
0.055235
0.056258
0.057927
0.054690
0.054720
0.054899
0.055073
0.055859
0.060128
0.055192
0.054250
0.055186
0.055548
0.057150
0.060093
0.055916
0.054360
0.054679
0.055664
0.056622
0.056325
0.054250
0.054419
0.055743
0.054736
0.055170
0.054610
0.052992
0.053270
0.053214
0.054679
0.055120
0.054261
0.063454
0.053665
0.054877
0.053562
0.054095
0.054511
0.053012
0.053160
0.053402
0.053536
0.054012
0.054956
0.053170
0.053224
0.053610
0.053997
0.054824
0.056089
0.053685
0.057196
0.054258
0.054273
0.055451
0.056660
0.054096
0.054445
0.054049
0.054034
0.054360
0.056627
0.053754
0.053001
0.053477
0.054689
0.054623
0.054750
0.052934
0.053045
0.054147
0.054268
0.054618
0.054804
0.052813
0.054421
0.053347
0.054446
0.055084
0.054778
0.063062
0.053579
0.053534
0.053655
0.054460
0.054675
0.052949
0.053162
0.053560
0.053701
0.054416
0.054880
0.053296
0.053925
0.053714
0.053935
0.054881
0.056696
0.053668
0.053739
0.053863
0.053963
0.054834
0.056300
0.053964
0.053083
0.053953
0.054122
0.054003
0.056452
0.053656
0.057422
0.054101
0.055469
0.055125
0.055304
0.053231
0.053598
0.053997
0.055208
0.055259
0.054923
0.053416
0.053565
0.053292
0.055351
0.055047
0.054545
0.057148
0.055244
0.063612
0.053903
0.054747
0.055328
0.053155
0.053340
0.053595
0.053825
0.055856
0.054837
0.053348
0.053550
0.053709
0.054096
0.054914
0.056039
0.053978
0.053205
0.053472
0.053683
0.055018
0.055609
0.053716
0.053100
0.053377
0.053735
0.054191
0.055566
0.053667
0.053346
0.054247
0.055546
0.055096
0.055540
0.053300
0.053431
0.055834
0.055198
0.055377
0.054888
0.053377
0.053556
0.053382
0.055759
0.055220
0.054871
0.053286
0.054858
0.054149
0.064543
0.054974
0.055178
0.053148
0.053964
0.053745
0.053647
0.054797
0.054643
0.053076
0.053910
0.053581
0.053999
0.055168
0.055380
0.053704
0.053063
0.053570
0.053738
0.055014
0.055017
0.053747
0.054402
0.053694
0.053731
0.054311
0.058492
0.053853
0.053081
0.053359
0.054660
0.055244
0.054781
0.053066
0.053126
0.053931
0.054475
0.055201
0.055005
0.052868
0.053149
0.053411
0.054377
0.054998
0.054982
0.053560
0.055018
0.054183
0.054347
0.054624
0.055145
0.053512
0.054450
0.064144
0.053837
0.054426
0.055208
0.053083
0.053804
0.053493
0.053565
0.054324
0.054963
0.053060
0.054092
0.053861
0.054503
0.054816
0.056520
0.053972
0.053162
0.053914
0.054184
0.054361
0.056540
0.053640
0.053431
0.054104
0.055468
0.055456
0.055513
0.053368
0.053501
0.053836
0.055214
0.054946
0.054940
0.052742
0.053134
0.053221
0.054393
0.054681
0.054821
0.052838
0.053923
0.054251
0.053668
0.054296
0.054702
0.053578
0.053821
0.064118
0.056758
0.054234
0.054799
0.052897
0.053176
0.053350
0.053562
0.053886
0.055006
0.053023
0.053267
0.053580
0.053823
0.054229
0.055750
0.053753
0.053103
0.053875
0.054194
0.054039
0.056557
0.053699
0.053426
0.054074
0.055692
0.054796
0.055623
0.053312
0.053456
0.053897
0.055215
0.054983
0.054910
0.053491
0.053530
0.053334
0.055384
0.054718
0.055051
0.053626
0.054823
0.054216
0.054408
0.054776
0.055258
0.053606
0.054653
0.054306
0.053840
0.053842
0.054943
0.052788
0.053815
0.063873
0.053794
0.054039
0.054974
0.053206
0.053107
0.053386
0.053620
0.053858
0.054830
0.053070
0.053252
0.054030
0.054370
0.054989
0.056609
0.053635
0.053358
0.054205
0.055658
0.055215
0.055460
0.053334
0.053809
0.057166
0.055079
0.055402
0.054419
0.052746
0.053226
0.053174
0.054462
0.055119
0.054547
0.052778
0.054019
0.054210
0.053588
0.054483
0.054752
0.053608
0.054116
0.055814
0.053722
0.054760
0.054800
0.052746
0.064125
0.053752
0.053992
0.055045
0.055335
0.053260
0.053786
0.053786
0.054173
0.054305
0.055061
0.053335
0.053430
0.053484
0.054170
0.054624
0.055039
0.053730
0.053110
0.053280
0.054717
0.055194
0.054464
0.052953
0.053015
0.053996
0.054411
0.055003
0.054324
0.053429
0.053558
0.053247
0.055285
0.054988
0.054988
0.053554
0.054903
0.054156
0.054775
0.055159
0.056816
0.054068
0.064547
0.056184
0.053902
0.054178
0.054755
0.073500
0.066710
0.054329
0.054092
0.055161
0.055003
0.058096
0.053950
0.054170
0.054248
0.055138
0.054483
0.054548
0.053873
0.054306
0.054301
0.054354
0.055314
0.054485
0.053542
0.053734
0.055173
0.055476
0.054539
0.053636
0.053513
0.054354
0.054886
0.083203
0.055038
0.053348
0.053474
0.054378
0.054969
0.055435
0.054722
0.053210
0.054505
0.054769
0.054071
0.054813
0.054662
0.053941
0.054037
0.054348
0.053993
0.053805
0.076424
0.053307
0.054126
0.054324
0.054692
0.054999
0.056810
0.065044
0.054923
0.055505
0.055524
0.056462
0.055010
0.053084
0.053938
0.053548
0.054149
0.054675
0.055738
0.053584
0.053338
0.054146
0.055278
0.055555
0.056593
0.055426
0.053926
0.055218
0.055773
0.054956
0.055156
0.053197
0.053410
0.053763
0.054978
0.054801
0.059519
0.053663
0.054307
0.054622
0.054066
0.054716
0.054612
0.078640
0.058678
0.055219
0.055724
0.054134
0.054975
0.053292
0.057061
0.054453
0.053925
0.054698
0.065483
0.053720
0.053388
0.053543
0.053838
0.054528
0.054875
0.053108
0.053456
0.053660
0.054930
0.055539
0.058910
0.053332
0.061338
0.058920
0.055482
0.055658
0.064993
0.055017
0.063932
0.055813
0.054693
0.055442
0.056385
0.053255
0.056451
0.053834
0.055082
0.055670
0.055250
0.053139
0.054472
0.054392
0.053933
0.054513
0.055065
0.053810
0.053852
0.054148
0.053732
0.054223
0.054819
0.052719
0.053900
0.053972
0.053611
0.054345
0.055675
0.053839
0.065053
0.054389
0.057734
0.054431
0.054252
0.053092
0.053172
0.053312
0.058468
0.054661
0.054394
0.053029
0.053272
0.053634
0.054284
0.055199
0.054645
0.053043
0.053133
0.054063
0.054429
0.056326
0.054406
0.052904
0.053261
0.053321
0.054423
0.055859
0.058212
0.054828
0.054048
0.054366
0.053671
0.054256
0.054955
0.053553
0.054526
0.054762
0.053841
0.054815
0.054775
0.052803
0.054818
0.054162
0.053850
0.054877
0.056037
0.053713
0.053808
0.053610
0.054042
0.064420
0.054578
0.053098
0.053173
0.055894
0.057865
0.053903
0.054419
0.052927
0.052933
0.053764
0.054806
0.055963
0.055436
0.054564
0.053148
0.054010
0.054473
0.054634
0.055007
0.052888
0.053153
0.053312
0.054489
0.055147
0.054242
0.052948
0.055425
0.054144
0.054432
0.054546
0.054665
0.053657
0.054720
0.057543
0.053832
0.054748
0.054778
0.052847
0.054886
0.054112
0.054075
0.055046
0.055276
0.053704
0.063454
0.053738
0.053728
0.054323
0.054499
0.053034
0.053106
0.053270
0.053663
0.054189
0.054326
0.053050
0.053138
0.053679
0.057548
0.056516
0.055196
0.053521
0.053596
0.054013
0.055351
0.055257
0.054295
0.053424
0.053555
0.053187
0.055368
0.055001
0.054625
0.053599
0.055346
0.054881
0.057056
0.057343
0.078905
0.053610
0.053827
0.054243
0.053743
0.054237
0.054398
0.052846
0.054073
0.054152
0.053788
0.054135
0.056172
0.053799
0.053877
0.063954
0.054110
0.054356
0.055186
0.053453
0.053108
0.053853
0.054127
0.054423
0.055085
0.052969
0.053541
0.054242
0.054070
0.054829
0.055564
0.053294
0.056466
0.054322
0.054384
0.054971
0.054845
0.052806
0.053203
0.053519
0.054480
0.055153
0.054262
0.052964
0.055075
0.054118
0.054078
0.054233
0.055147
0.053833
0.054667
0.054560
0.053825
0.054757
0.055381
0.052928
0.055059
0.054027
0.054097
0.055708
0.056995
0.055755
0.053095
0.053519
0.053771
0.055325
0.055561
0.063405
0.053367
0.053703
0.056021
0.054500
0.054740
0.053084
0.052960
0.053189
0.053929
0.054523
0.054957
0.053221
0.053949
0.053623
0.055854
0.055546
0.054928
0.053244
0.055513
0.053243
0.055517
0.055042
0.055261
0.053616
0.055054
0.054237
0.054522
0.054279
0.054334
0.053579
0.053873
0.054492
0.053747
0.054466
0.055297
0.052774
0.054686
0.053995
0.053899
0.054584
0.059653
0.053802
0.053975
0.053724
0.054258
0.054490
0.056529
0.053740
0.053170
0.063628
0.053918
0.053936
0.054836
0.053246
0.056295
0.054495
0.055643
0.054188
0.054868
0.053196
0.053233
0.053309
0.054043
0.054272
0.054876
0.052916
0.053194
0.053297
0.054439
0.054571
0.054999
0.053595
0.055017
0.054292
0.054550
0.054235
0.055177
0.053652
0.054687
0.054421
0.053657
0.054839
0.055225
0.052728
0.054695
0.054084
0.054017
0.054795
0.056602
0.053673
0.053681
0.053721
0.054088
0.054481
0.056238
0.054058
0.052995
0.053841
0.054117
0.053925
0.056365
0.063257
0.053072
0.054354
0.054901
0.054466
0.054809
0.053154
0.053459
0.053770
0.054552
0.054695
0.054535
0.053475
0.054056
0.054034
0.055424
0.059571
0.055720
0.054485
0.054222
0.054161
0.057228
0.054624
0.054378
0.053684
0.053877
0.054274
0.053764
0.054641
0.054449
0.052826
0.053858
0.054036
0.053713
0.054865
0.056080
0.053759
0.053904
0.053633
0.054058
0.055268
0.056429
