timestamp,range
0.024325847625732422,0.2899999916553497
0.057282447814941406,0.2899999916553497
0.09371805191040039,0.2899999916553497
0.12624168395996094,0.2899999916553497
0.16246747970581055,0.2899999916553497
0.1938033103942871,0.2899999916553497
0.2247920036315918,0.2899999916553497
0.2586350440979004,0.2899999916553497
0.301912784576416,0.2899999916553497
0.32564735412597656,0.2899999916553497
0.36232447624206543,0.2899999916553497
0.39429378509521484,0.2899999916553497
0.42585062980651855,0.2899999916553497
0.45667195320129395,0.2899999916553497
0.49082159996032715,0.2899999916553497
0.5252580642700195,0.2899999916553497
0.557642936706543,0.2899999916553497
0.5895469188690186,0.2899999916553497
0.6261775493621826,0.2899999916553497
0.658151388168335,0.2899999916553497
0.6930749416351318,0.2899999916553497
0.7263660430908203,0.2899999916553497
0.7565100193023682,0.2899999916553497
0.7948298454284668,0.2899999916553497
0.8280868530273438,0.2899999916553497
0.8585488796234131,0.2899999916553497
0.8976919651031494,0.2899999916553497
0.9243335723876953,0.2899999916553497
0.9562513828277588,0.2899999916553497
0.9935457706451416,0.2899999916553497
1.0250904560089111,0.2899999916553497
1.0584006309509277,0.2899999916553497
1.0915725231170654,0.2899999916553497
1.129577875137329,0.2899999916553497
1.1599750518798828,0.2899999916553497
1.1910638809204102,0.2899999916553497
1.2245118618011475,0.2899999916553497
1.2613017559051514,0.2899999916553497
1.2956762313842773,0.2899999916553497
1.3245940208435059,0.2899999916553497
1.359760046005249,0.2899999916553497
1.3915412425994873,0.2899999916553497
1.4247078895568848,0.2899999916553497
1.4574902057647705,0.2899999916553497
1.4948856830596924,0.2899999916553497
1.524308443069458,0.2899999916553497
1.557361125946045,0.2899999916553497
1.5929944515228271,0.2899999916553497
1.628330945968628,0.2899999916553497
1.6622240543365479,0.2899999916553497
1.694338321685791,0.2899999916553497
1.7249948978424072,0.2899999916553497
1.757106065750122,0.2899999916553497
1.7917430400848389,0.2899999916553497
1.8244318962097168,0.2899999916553497
1.8604583740234375,0.2899999916553497
1.8950531482696533,0.2899999916553497
1.926635980606079,0.2899999916553497
1.9570503234863281,0.2899999916553497
1.9915459156036377,0.2899999916553497
2.024371862411499,0.2899999916553497
2.06118106842041,0.2899999916553497
2.0942840576171875,0.2899999916553497
2.1235923767089844,0.2899999916553497
2.1571085453033447,0.2899999916553497
2.190460443496704,0.2899999916553497
2.2304909229278564,0.2899999916553497
2.259579658508301,0.2899999916553497
2.291522979736328,0.2899999916553497
2.3247251510620117,0.2899999916553497
2.3606534004211426,0.2899999916553497
2.3890304565429688,0.2899999916553497
2.423398971557617,0.2899999916553497
2.457080125808716,0.2899999916553497
2.4890825748443604,0.2899999916553497
2.5250518321990967,0.2899999916553497
2.557337522506714,0.2899999916553497
2.5941648483276367,0.2899999916553497
2.632944345474243,0.2899999916553497
2.656975269317627,0.2899999916553497
2.693432569503784,0.2899999916553497
2.7234950065612793,0.2899999916553497
2.7583718299865723,0.2899999916553497
2.793198347091675,0.2899999916553497
2.823699951171875,0.2899999916553497
2.861992597579956,0.2899999916553497
2.8938915729522705,0.2899999916553497
2.927570343017578,0.2899999916553497
2.9611005783081055,0.2899999916553497
2.99127197265625,0.2899999916553497
3.0257201194763184,0.2899999916553497
3.0628976821899414,0.2899999916553497
3.0948433876037598,0.2899999916553497
3.128877878189087,0.2899999916553497
3.1587300300598145,0.2899999916553497
3.193270206451416,0.2899999916553497
3.2252120971679688,0.2899999916553497
3.257333517074585,0.2899999916553497
3.2890615463256836,0.2899999916553497
3.327105760574341,0.2899999916553497
3.3572335243225098,0.2899999916553497
3.392167329788208,0.2899999916553497
3.4251060485839844,0.2899999916553497
3.455993890762329,0.2899999916553497
3.498126268386841,0.2899999916553497
3.5264694690704346,0.2899999916553497
3.557819128036499,0.2899999916553497
3.5943357944488525,0.2899999916553497
3.6235153675079346,0.2899999916553497
3.657459020614624,0.2899999916553497
3.694380044937134,0.2899999916553497
3.7245168685913086,0.2899999916553497
3.7579586505889893,0.2899999916553497
3.7921700477600098,0.2899999916553497
3.8264577388763428,0.2899999916553497
3.856294870376587,0.2899999916553497
3.894468069076538,0.2899999916553497
3.927814245223999,0.2899999916553497
3.9597933292388916,0.2899999916553497
3.990841865539551,0.2899999916553497
4.025405406951904,0.2899999916553497
4.056702613830566,0.2899999916553497
4.089072942733765,0.2899999916553497
4.127103567123413,0.2899999916553497
4.159527778625488,0.2899999916553497
4.193267822265625,0.2899999916553497
4.222626209259033,0.2899999916553497
4.258696556091309,0.2899999916553497
4.290273666381836,0.2899999916553497
4.325069904327393,0.2899999916553497
4.356138229370117,0.2899999916553497
4.39223313331604,0.2899999916553497
4.4236602783203125,0.2899999916553497
4.4611992835998535,0.2899999916553497
4.492267608642578,0.2899999916553497
4.5241124629974365,0.2899999916553497
4.560303688049316,0.2899999916553497
4.592213869094849,0.2899999916553497
4.62379264831543,0.2899999916553497
4.6569578647613525,0.2899999916553497
4.69046425819397,0.2899999916553497
4.731618404388428,0.2899999916553497
4.758800745010376,0.2899999916553497
4.7927281856536865,0.2899999916553497
4.823857069015503,0.2899999916553497
4.8569207191467285,0.2899999916553497
4.892090082168579,0.2899999916553497
4.926646947860718,0.2899999916553497
4.9575865268707275,0.2899999916553497
4.991644620895386,0.2899999916553497
5.024458408355713,0.2899999916553497
5.058241844177246,0.2899999916553497
5.09702467918396,0.2899999916553497
5.123964786529541,0.2899999916553497
5.155781269073486,0.2899999916553497
5.190372467041016,0.2899999916553497
5.225294351577759,0.2899999916553497
5.259671688079834,0.2899999916553497
5.290725946426392,0.2899999916553497
5.336375951766968,0.2899999916553497
5.387376546859741,0.2899999916553497
5.422511339187622,0.2899999916553497
5.4546217918396,0.2899999916553497
5.508888244628906,0.2899999916553497
5.540599346160889,0.2899999916553497
5.619006395339966,0.2899999916553497
5.648519992828369,0.2899999916553497
5.679135322570801,0.2899999916553497
5.716961860656738,0.2899999916553497
5.749311685562134,0.2899999916553497
5.784400463104248,0.2899999916553497
5.81448769569397,0.2899999916553497
5.84745192527771,0.2899999916553497
5.880645275115967,0.2899999916553497
5.913755178451538,0.2899999916553497
5.947784900665283,0.2899999916553497
5.981815576553345,0.2899999916553497
6.014510154724121,0.2899999916553497
6.053577423095703,0.2899999916553497
6.080973863601685,0.2899999916553497
6.118000030517578,0.2899999916553497
6.149203062057495,0.2899999916553497
6.181770324707031,0.2899999916553497
6.212511301040649,0.2899999916553497
6.248445272445679,0.2899999916553497
6.280552625656128,0.2899999916553497
6.318428993225098,0.2899999916553497
6.348511695861816,0.2899999916553497
6.3825523853302,0.2899999916553497
6.414674520492554,0.2899999916553497
6.449209928512573,0.2899999916553497
6.485741138458252,0.2899999916553497
6.514324903488159,0.2899999916553497
6.549934148788452,0.2899999916553497
6.582571029663086,0.2899999916553497
6.617638111114502,0.2899999916553497
6.653045177459717,0.2899999916553497
6.6811418533325195,0.2899999916553497
6.713301658630371,0.2899999916553497
6.750244140625,0.2899999916553497
6.781927824020386,0.2899999916553497
6.815150260925293,0.2899999916553497
6.847463369369507,0.2899999916553497
6.879451513290405,0.2899999916553497
6.919965744018555,0.2899999916553497
6.948235988616943,0.2899999916553497
6.980248928070068,0.2899999916553497
7.013805150985718,0.2899999916553497
7.047365427017212,0.2899999916553497
7.08122706413269,0.2899999916553497
7.112886667251587,0.2899999916553497
7.149092674255371,0.2899999916553497
7.1835596561431885,0.2899999916553497
7.21380090713501,0.2899999916553497
7.247633457183838,0.2899999916553497
7.28054666519165,0.2899999916553497
7.318490505218506,0.2899999916553497
7.3507080078125,0.2899999916553497
7.383558511734009,0.2899999916553497
7.414201259613037,0.2899999916553497
7.44755744934082,0.2899999916553497
7.4809653759002686,0.2899999916553497
7.513731956481934,0.2899999916553497
7.5457727909088135,0.2899999916553497
7.581600666046143,0.2899999916553497
7.618582725524902,0.2899999916553497
7.64852237701416,0.2899999916553497
7.682103872299194,0.2899999916553497
7.715026378631592,0.2899999916553497
7.7508368492126465,0.2899999916553497
7.78288197517395,0.3100000023841858
7.815908193588257,0.3400000035762787
7.84964394569397,0.3199999928474426
7.878648996353149,0.3100000023841858
7.915922403335571,0.2899999916553497
7.950043201446533,0.2899999916553497
7.982817649841309,0.2899999916553497
8.015182733535767,0.2899999916553497
8.048109769821167,0.2899999916553497
8.079771280288696,0.2899999916553497
8.114588737487793,0.2899999916553497
8.147006273269653,0.2899999916553497
8.182713270187378,0.2899999916553497
8.21518611907959,0.2899999916553497
8.24836802482605,0.2899999916553497
8.280908107757568,0.2899999916553497
8.31685733795166,0.2899999916553497
8.348232746124268,0.2899999916553497
8.380373477935791,0.2899999916553497
8.417789459228516,0.2899999916553497
8.449982643127441,0.2899999916553497
8.479386806488037,0.2899999916553497
8.515562057495117,0.2899999916553497
8.54756474494934,0.2899999916553497
8.583892345428467,0.2899999916553497
8.61788272857666,0.2899999916553497
8.648885726928711,0.2899999916553497
8.681348323822021,0.2899999916553497
8.716677188873291,0.2899999916553497
8.748801946640015,0.2899999916553497
8.779203176498413,0.2899999916553497
8.81695818901062,0.2899999916553497
8.848925590515137,0.2899999916553497
8.880960464477539,0.2899999916553497
8.915098667144775,0.2899999916553497
8.947411060333252,0.2899999916553497
8.983403444290161,0.2899999916553497
9.014365196228027,0.2899999916553497
9.048320531845093,0.2899999916553497
9.079976797103882,0.2899999916553497
9.116102933883667,0.2899999916553497
9.149494409561157,0.2899999916553497
9.184859991073608,0.2899999916553497
9.214401006698608,0.2899999916553497
9.248706579208374,0.2899999916553497
9.279520273208618,0.2899999916553497
9.318721294403076,0.2899999916553497
9.349163293838501,0.2899999916553497
9.384345054626465,0.3100000023841858
9.414217948913574,0.3100000023841858
9.4483802318573,0.3199999928474426
9.480510473251343,0.3300000131130218
9.51915717124939,0.3300000131130218
9.53913426399231,0.3400000035762787
9.567134380340576,0.3400000035762787
9.611134052276611,0.3499999940395355
9.63813328742981,0.3499999940395355
9.666133165359497,0.3600000143051147
9.707133293151855,0.3700000047683716
9.739130020141602,0.3700000047683716
9.766129970550537,0.3799999952316284
9.808130025863647,0.3799999952316284
9.836131572723389,0.3899999856948852
9.87813138961792,0.3899999856948852
9.907131433486938,0.4099999964237213
9.936131477355957,0.4099999964237213
9.978131532669067,0.4199999868869781
10.006131410598755,0.4399999976158142
10.043128728866577,0.4399999976158142
10.077128648757935,0.449999988079071
10.107128620147705,0.449999988079071
10.1471266746521,0.449999988079071
10.176126480102539,0.449999988079071
10.211126327514648,0.449999988079071
10.246124505996704,0.4699999988079071
10.275124549865723,0.4699999988079071
10.310124635696411,0.4799999892711639
10.347123146057129,0.4799999892711639
10.367123126983643,0.4799999892711639
10.412122964859009,0.5099999904632568
10.446122646331787,0.5199999809265137
10.476122617721558,0.5199999809265137
10.511122465133667,0.5299999713897705
10.54712176322937,0.5299999713897705
10.57712173461914,0.550000011920929
10.60612177848816,0.5600000023841858
10.63612174987793,0.5600000023841858
10.678120374679565,0.5699999928474426
10.708120584487915,0.5799999833106995
10.7371187210083,0.5799999833106995
10.781118631362915,0.5899999737739563
10.812118768692017,0.5899999737739563
10.840118646621704,0.6100000143051147
10.876120567321777,0.6100000143051147
10.906120538711548,0.6200000047683716
10.941120147705078,0.6299999952316284
10.977120161056519,0.6299999952316284
11.006120204925537,0.6399999856948853
11.041118860244751,0.6399999856948853
11.076119184494019,0.6499999761581421
11.113119125366211,0.6499999761581421
11.140119314193726,0.6600000262260437
11.176120042800903,0.6600000262260437
11.21011996269226,0.6600000262260437
11.246119260787964,0.6800000071525574
11.267119407653809,0.6899999976158142
11.309119462966919,0.699999988079071
11.33711862564087,0.699999988079071
11.381118774414062,0.7099999785423279
11.410118579864502,0.7200000286102295
11.43811845779419,0.7200000286102295
11.467117071151733,0.7400000095367432
11.509117126464844,0.75
11.53711724281311,0.7599999904632568
11.567115306854248,0.7599999904632568
11.61011528968811,0.7699999809265137
11.638113260269165,0.7799999713897705
11.680113554000854,0.7900000214576721
11.708113670349121,0.7900000214576721
11.738111734390259,0.7900000214576721
11.770111799240112,0.7799999713897705
11.7981116771698,0.7799999713897705
11.840110063552856,0.7900000214576721
11.869110345840454,0.7900000214576721
11.910110235214233,0.8100000023841858
11.9381103515625,0.8199999928474426
11.966103792190552,0.8399999737739563
12.010103940963745,0.8500000238418579
12.037103176116943,0.8700000047683716
12.078103065490723,0.8799999952316284
12.10610318183899,0.8799999952316284
12.14210033416748,0.8899999856948853
12.178100347518921,0.8999999761581421
12.198100328445435,0.8999999761581421
12.246103525161743,0.8999999761581421
12.267103672027588,0.8999999761581421
12.31010365486145,0.8999999761581421
12.346100330352783,0.9100000262260436
12.367100238800049,0.9100000262260436
12.411100149154663,0.9100000262260436
12.438098669052124,0.9300000071525574
12.467098474502563,0.9399999976158142
12.509098529815674,0.9399999976158142
12.537095308303833,0.949999988079071
12.572095394134521,0.959999978542328
12.608095407485962,0.9700000286102296
12.643094062805176,0.9700000286102296
12.678094148635864,0.9700000286102296
12.707094192504883,0.9800000190734864
12.74109435081482,1.0
12.77109432220459,1.0099999904632568
12.811094045639038,1.0199999809265137
12.843093395233154,1.0199999809265137
12.877093315124512,1.0299999713897705
12.90609335899353,1.0299999713897705
12.94009280204773,1.0299999713897705
12.968092918395996,1.0299999713897705
13.011092901229858,1.0299999713897705
13.047093868255615,1.0299999713897705
13.06809377670288,1.0299999713897705
13.110093832015991,1.0299999713897705
13.13909387588501,1.0199999809265137
13.173092126846313,1.0199999809265137
13.208091974258423,1.0099999904632568
13.24308967590332,1.0099999904632568
13.278089761734009,1.0099999904632568
13.307089805603027,1.0099999904632568
13.342085599899292,1.0099999904632568
13.379085779190063,1.0099999904632568
13.408085584640503,1.0099999904632568
13.437084197998047,1.0099999904632568
13.48008418083191,1.0099999904632568
13.507084131240845,1.0
13.544084072113037,1.0
13.57808518409729,1.0
13.60808515548706,1.0
13.64808464050293,1.0
13.67708444595337,1.0
13.712084531784058,1.0
13.74708366394043,1.0
13.768083572387695,1.0
13.811083555221558,1.0
13.840083599090576,1.0
13.867082118988037,1.0
13.909082174301147,1.0
13.938081979751587,1.0
13.968083143234253,0.9800000190734864
14.017083168029785,0.9800000190734864
14.04108190536499,0.9800000190734864
14.067081928253174,0.9800000190734864
14.108081817626953,1.0
14.137079954147339,1.0
14.17908000946045,1.0099999904632568
14.20907998085022,1.0099999904632568
14.241079568862915,1.0199999809265137
14.277079582214355,1.0299999713897705
14.312079429626465,1.0299999713897705
14.341079473495483,1.0399999618530271
14.377074003219604,1.0399999618530271
14.412073850631714,1.0499999523162842
14.441073894500732,1.059999942779541
14.46807336807251,1.059999942779541
14.512073278427124,1.0700000524520874
14.539074897766113,1.0700000524520874
14.569074869155884,1.0700000524520874
14.611074924468994,1.0700000524520874
14.63907527923584,1.0700000524520874
14.6680748462677,1.0700000524520874
14.707075119018555,1.0700000524520874
14.749074459075928,1.0700000524520874
14.777074337005615,1.0700000524520874
14.79807448387146,1.0700000524520874
14.841073036193848,1.0700000524520874
14.869073152542114,1.0700000524520874
14.911073207855225,1.059999942779541
14.939072847366333,1.059999942779541
14.967071294784546,1.059999942779541
15.010071277618408,1.059999942779541
15.037071466445923,1.059999942779541
15.073068857192993,1.059999942779541
15.108068943023682,1.059999942779541
15.137065410614014,1.059999942779541
15.178065538406372,1.059999942779541
15.208065271377563,1.059999942779541
15.243064641952515,1.059999942779541
15.278064727783203,1.0499999523162842
15.307064771652222,1.0499999523162842
15.342061758041382,1.0499999523162842
15.378061771392822,1.0499999523162842
15.40706181526184,1.0499999523162842
15.44106125831604,1.0499999523162842
15.47706127166748,1.0499999523162842
15.507061243057251,1.0499999523162842
15.54205846786499,1.0499999523162842
15.57805848121643,1.0499999523162842
15.60705852508545,1.0499999523162842
15.642058372497559,1.0499999523162842
15.677058219909668,1.0499999523162842
15.707058191299438,1.0399999618530271
15.742054462432861,1.0399999618530271
15.778054475784302,1.0399999618530271
15.808054447174072,1.0399999618530271
15.83705449104309,1.0399999618530271
15.867054462432861,1.0399999618530271
15.90805459022522,1.0399999618530271
15.939054727554321,1.0399999618530271
15.97905421257019,1.0399999618530271
16.007054090499878,1.0399999618530271
16.04305410385132,1.0399999618530271
16.078051805496216,1.0299999713897705
16.107051849365234,1.0099999904632568
16.141047716140747,1.0
16.170047760009766,0.9800000190734864
16.211047887802124,0.9800000190734864
16.2460458278656,1.0
16.267045736312866,1.0
16.3160457611084,1.0099999904632568
16.337044954299927,1.0099999904632568
16.366044998168945,1.0099999904632568
16.408045053482056,1.0099999904632568
16.437045335769653,1.0099999904632568
16.472045183181763,1.0099999904632568
16.508045196533203,1.0099999904632568
16.542043685913086,1.0099999904632568
16.577043771743774,1.0099999904632568
16.606043577194214,1.0099999904632568
16.63604426383972,1.0099999904632568
16.678044080734253,1.0199999809265137
16.708044052124023,1.0199999809265137
16.748042345046997,1.0199999809265137
16.776042461395264,1.0199999809265137
16.813042402267456,1.0099999904632568
16.839043140411377,1.0199999809265137
16.868043184280396,1.0199999809265137
16.909043073654175,1.0199999809265137
16.9370436668396,1.0199999809265137
16.980043649673462,1.0099999904632568
17.00804376602173,1.0099999904632568
17.03604245185852,1.0099999904632568
17.068042516708374,1.0099999904632568
17.109042406082153,1.0099999904632568
17.137041807174683,1.0099999904632568
17.181041955947876,1.0099999904632568
17.20804190635681,1.0099999904632568
17.237040519714355,1.0199999809265137
17.268040657043457,1.0199999809265137
17.309040546417236,1.0199999809265137
17.337039470672607,1.0199999809265137
17.38003945350647,1.0199999809265137
17.408039331436157,1.0199999809265137
17.437037706375122,1.0099999904632568
17.468037843704224,1.0099999904632568
17.510037899017334,1.0099999904632568
17.537035942077637,1.0099999904632568
17.566035985946655,1.0199999809265137
17.607036113739014,1.0299999713897705
17.635036945343018,1.0399999618530271
17.677037000656128,1.0299999713897705
17.7070369720459,1.0199999809265137
17.73603582382202,1.0199999809265137
17.766035795211792,1.0099999904632568
17.809035778045654,1.0099999904632568
17.83803391456604,1.0099999904632568
17.866034030914307,1.0099999904632568
17.91003394126892,1.0099999904632568
17.937034368515015,1.0099999904632568
17.966034650802612,1.0099999904632568
18.00703454017639,1.0199999809265137
18.042032718658447,1.0199999809265137
18.077032566070557,1.0199999809265137
18.106032609939575,1.0299999713897705
18.141031742095947,1.0299999713897705
18.176031589508057,1.0299999713897705
18.211031675338745,1.0299999713897705
18.240029335021973,1.0299999713897705
18.26802945137024,1.0299999713897705
18.31002926826477,1.0299999713897705
18.346027851104736,1.0299999713897705
18.367027521133423,1.0299999713897705
18.410027265548706,1.0299999713897705
18.44602608680725,1.0299999713897705
18.473026037216187,1.0299999713897705
18.508026123046875,1.0199999809265137
18.54302453994751,1.0199999809265137
18.57802438735962,1.0299999713897705
18.607024669647217,1.0299999713897705
18.642022609710693,1.0399999618530271
18.671022653579712,1.0399999618530271
18.708022594451904,1.0399999618530271
18.741018533706665,1.0399999618530271
18.778018474578857,1.0499999523162842
18.79801845550537,1.0499999523162842
18.843018531799316,1.0499999523162842
18.8770170211792,1.0499999523162842
18.90701699256897,1.0499999523162842
18.942017078399658,1.0499999523162842
18.979004859924316,1.0499999523162842
19.008005142211914,1.0499999523162842
19.037004947662354,1.0499999523162842
19.06700301170349,1.0499999523162842
19.110002994537354,1.0499999523162842
19.139003038406372,1.0499999523162842
19.167999744415283,1.0499999523162842
19.210999727249146,1.0499999523162842
19.23799967765808,1.0499999523162842
19.266998767852783,1.0499999523162842
19.308999061584473,1.0499999523162842
19.33999800682068,1.0499999523162842
19.366998195648193,1.0499999523162842
19.408998012542725,1.0499999523162842
19.43699812889099,1.0499999523162842
19.478996753692627,1.0499999523162842
19.507996797561646,1.0499999523162842
19.536995887756348,1.0499999523162842
19.57899570465088,1.059999942779541
19.606995820999146,1.059999942779541
19.643995761871338,1.059999942779541
19.67799735069275,1.0499999523162842
19.706997394561768,1.0499999523162842
19.740997552871704,1.0499999523162842
19.777997255325317,1.0499999523162842
19.806997537612915,1.0499999523162842
19.84899616241455,1.0499999523162842
19.87899613380432,1.0499999523162842
19.90799617767334,1.0499999523162842
19.94099450111389,1.0499999523162842
19.976994514465332,1.0499999523162842
20.012994527816772,1.0499999523162842
20.040993452072144,1.0499999523162842
20.076993465423584,1.0499999523162842
20.111993551254272,1.0499999523162842
20.13999342918396,1.0499999523162842
20.167994260787964,1.0499999523162842
20.21299433708191,1.0499999523162842
20.23899245262146,1.0499999523162842
20.267992734909058,1.0499999523162842
20.31099271774292,1.0499999523162842
20.347992658615112,1.0499999523162842
20.367992401123047,1.059999942779541
20.409992456436157,1.059999942779541
20.437991857528687,1.059999942779541
20.472991943359375,1.059999942779541
20.507992029190063,1.0700000524520874
20.537993907928467,1.0700000524520874
20.570993900299072,1.0700000524520874
20.612993955612183,1.0700000524520874
20.64099407196045,1.0700000524520874
20.66899538040161,1.0700000524520874
20.710995197296143,1.0700000524520874
20.738993644714355,1.0700000524520874
20.766993761062622,1.0700000524520874
20.809993743896484,1.0700000524520874
20.836992502212524,1.0700000524520874
20.866992473602295,1.090000033378601
20.908992528915405,1.090000033378601
20.93799090385437,1.090000033378601
20.980990886688232,1.100000023841858
21.00999093055725,1.100000023841858
21.036990642547607,1.100000023841858
21.066990613937378,1.100000023841858
21.107990741729736,1.100000023841858
21.142987728118896,1.100000023841858
21.177987575531006,1.100000023841858
21.206987857818604,1.100000023841858
21.24198627471924,1.100000023841858
21.276986360549927,1.0700000524520874
21.306986331939697,1.0499999523162842
21.341986656188965,1.0399999618530271
21.370986223220825,1.0199999809265137
21.406986236572266,0.9800000190734864
21.44298529624939,0.9700000286102296
21.477985382080078,0.9800000190734864
21.506985425949097,1.0199999809265137
21.54098391532898,1.0399999618530271
21.57798409461975,1.0399999618530271
21.60598397254944,1.0399999618530271
21.639984130859375,1.0399999618530271
21.6759831905365,1.0399999618530271
21.697983264923096,1.0399999618530271
21.746983766555786,1.0399999618530271
21.7669837474823,1.0399999618530271
21.809983730316162,1.0399999618530271
21.83798384666443,1.0399999618530271
21.866981983184814,1.0399999618530271
21.909981966018677,1.0399999618530271
21.946977853775024,1.0399999618530271
21.96797800064087,1.0399999618530271
22.01097798347473,1.0399999618530271
22.037977933883667,1.0499999523162842
22.082977056503296,1.0700000524520874
22.109976768493652,1.100000023841858
22.137975931167603,1.1100000143051147
22.166975736618042,1.1100000143051147
22.208975791931152,1.1100000143051147
22.237974882125854,1.1100000143051147
22.266974925994873,1.1100000143051147
22.30797505378723,1.1100000143051147
22.336973905563354,1.1100000143051147
22.379973888397217,1.1100000143051147
22.406973838806152,1.1100000143051147
22.443973779678345,1.1100000143051147
22.477975130081177,1.1100000143051147
22.506975173950195,1.1100000143051147
22.547974586486816,1.1100000143051147
22.576974630355835,1.1100000143051147
22.611974477767944,1.1100000143051147
22.639974355697632,1.1100000143051147
22.66797423362732,1.1100000143051147
22.696974277496338,1.1100000143051147
22.7399742603302,1.1100000143051147
22.76797580718994,1.1100000143051147
22.811975955963135,1.1100000143051147
22.83897590637207,1.1100000143051147
22.867977142333984,1.1100000143051147
22.910977125167847,1.1100000143051147
22.939976453781128,1.1100000143051147
22.980976581573486,1.1100000143051147
23.008976459503174,1.1200000047683716
23.037976503372192,1.1200000047683716
23.072977542877197,1.1200000047683716
23.107977867126465,1.1200000047683716
23.13697862625122,1.1200000047683716
23.179978609085083,1.1200000047683716
23.20697855949402,1.1200000047683716
23.23797845840454,1.1200000047683716
23.280977964401245,1.1200000047683716
23.30797791481018,1.1200000047683716
23.336976528167725,1.1200000047683716
23.377976655960083,1.1200000047683716
23.409976720809937,1.1100000143051147
23.436976671218872,1.1100000143051147
23.48197627067566,1.100000023841858
23.50697636604309,1.100000023841858
23.54197907447815,1.090000033378601
23.57797884941101,1.090000033378601
23.61297917366028,1.059999942779541
23.640979051589966,1.0499999523162842
23.676979541778564,1.0399999618530271
23.706979513168335,1.0399999618530271
23.741979360580444,1.0399999618530271
23.777979850769043,1.0399999618530271
23.809979677200317,1.0499999523162842
23.836979866027832,1.059999942779541
23.866981267929077,1.059999942779541
23.907981157302856,1.059999942779541
23.937979698181152,1.059999942779541
23.970979690551758,1.059999942779541
23.998979568481445,1.059999942779541
24.040979146957397,1.0700000524520874
24.076979160308838,1.0700000524520874
24.11497926712036,1.0700000524520874
24.140977382659912,1.0700000524520874
24.177977323532104,1.0700000524520874
24.196977376937866,1.0700000524520874
24.241976261138916,1.0700000524520874
24.276976346969604,1.0700000524520874
24.306976318359375,1.0700000524520874
24.340976238250732,1.090000033378601
24.377974033355713,1.090000033378601
24.397974014282227,1.090000033378601
24.441974401474,1.090000033378601
24.468974351882935,1.0700000524520874
24.498974323272705,1.0700000524520874
24.546973705291748,1.0700000524520874
24.567973852157593,1.0700000524520874
24.610973834991455,1.0700000524520874
24.637975454330444,1.090000033378601
24.666975259780884,1.090000033378601
24.709975242614746,1.090000033378601
24.74697232246399,1.0700000524520874
24.767972230911255,1.0700000524520874
24.810972213745117,1.0700000524520874
24.837971210479736,1.0700000524520874
24.866971254348755,1.0700000524520874
24.908971309661865,1.0700000524520874
24.936967849731445,1.0700000524520874
24.978967666625977,1.0700000524520874
25.006967544555664,1.0700000524520874
25.042967557907104,1.0700000524520874
25.077966928482056,1.0700000524520874
25.106966972351074,1.0700000524520874
25.14096689224243,1.0700000524520874
25.176964044570923,1.0700000524520874
25.21196413040161,1.0700000524520874
25.23996329307556,1.059999942779541
25.267963409423828,1.059999942779541
25.31096339225769,1.059999942779541
25.339962244033813,1.059999942779541
25.36696219444275,1.059999942779541
25.40896224975586,1.0700000524520874
25.4379620552063,1.0700000524520874
25.472967386245728,1.090000033378601
25.508967399597168,1.090000033378601
25.53796625137329,1.090000033378601
25.580966472625732,1.090000033378601
25.60896635055542,1.090000033378601
25.63796639442444,1.090000033378601
25.672966718673706,1.090000033378601
25.708966732025146,1.090000033378601
25.737966537475586,1.100000023841858
25.780964374542236,1.100000023841858
25.808964252471924,1.100000023841858
25.837964057922363,1.100000023841858
25.87296414375305,1.100000023841858
25.908964157104492,1.100000023841858
25.93696403503418,1.090000033378601
25.9789617061615,1.100000023841858
26.006961822509766,1.100000023841858
26.04196047782898,1.100000023841858
26.070960521697998,1.100000023841858
26.11296057701111,1.100000023841858
26.1409592628479,1.100000023841858
26.17695951461792,1.100000023841858
26.21195936203003,1.100000023841858
26.239956855773926,1.100000023841858
26.268957138061523,1.100000023841858
26.29695725440979,1.100000023841858
26.33895707130432,1.100000023841858
26.366958618164062,1.100000023841858
26.408958673477173,1.100000023841858
26.43795871734619,1.100000023841858
26.468958616256714,1.100000023841858
26.50895857810974,1.090000033378601
26.53895664215088,1.090000033378601
26.566956758499146,1.090000033378601
26.61095666885376,1.090000033378601
26.636956453323364,1.090000033378601
26.666956663131714,1.090000033378601
26.707956552505493,1.0700000524520874
26.73695397377014,1.0700000524520874
26.770954132080078,1.0700000524520874
26.808954000473022,1.059999942779541
26.837955713272095,1.059999942779541
26.866955518722534,1.0499999523162842
26.909955263137817,1.0399999618530271
26.937955141067505,1.0399999618530271
26.971955060958862,1.0499999523162842
27.007955074310303,1.059999942779541
27.04295587539673,1.059999942779541
27.077955722808838,1.059999942779541
27.106955528259277,1.059999942779541
27.140955686569214,1.059999942779541
27.178956747055054,1.0700000524520874
27.21195673942566,1.0700000524520874
27.24195694923401,1.0700000524520874
27.276956796646118,1.0700000524520874
27.306957006454468,1.0700000524520874
27.341954231262207,1.0700000524520874
27.37895441055298,1.0700000524520874
27.39795422554016,1.059999942779541
27.439954042434692,1.059999942779541
27.467955589294434,1.0499999523162842
27.509955644607544,1.0499999523162842
27.538954257965088,1.0499999523162842
27.579954385757446,1.0399999618530271
27.607954263687134,1.0399999618530271
27.63695502281189,1.0399999618530271
27.671954870224,1.0499999523162842
27.70795512199402,1.0499999523162842
27.73895502090454,1.0499999523162842
27.766955137252808,1.0499999523162842
27.808955192565918,1.0399999618530271
27.837954998016357,1.0399999618530271
27.866949558258057,1.0399999618530271
27.907949447631836,1.0399999618530271
27.938949584960938,1.0399999618530271
27.966946363449097,1.0399999618530271
28.007946491241455,1.0399999618530271
28.036946058273315,1.0399999618530271
28.07894778251648,1.0399999618530271
28.10894775390625,1.0399999618530271
28.140947580337524,1.0499999523162842
28.176946878433228,1.0499999523162842
28.212946891784668,1.0499999523162842
28.239946842193604,1.0499999523162842
28.26794719696045,1.0499999523162842
28.31094717979431,1.0499999523162842
28.33994746208191,1.059999942779541
28.380945682525635,1.0700000524520874
28.408945560455322,1.0700000524520874
28.43794560432434,1.0700000524520874
28.472946882247925,1.0700000524520874
28.508946895599365,1.0700000524520874
28.536951541900635,1.0700000524520874
28.58095145225525,1.0700000524520874
28.606951475143433,1.0700000524520874
28.641952991485596,1.0700000524520874
28.676953077316284,1.0700000524520874
28.707952976226807,1.0700000524520874
28.736953020095825,1.0700000524520874
28.771958351135254,1.0700000524520874
28.809958457946777,1.0700000524520874
28.84195852279663,1.0700000524520874
28.876950979232788,1.0700000524520874
28.91395092010498,1.0700000524520874
28.94095253944397,1.090000033378601
28.97695255279541,1.100000023841858
29.010952472686768,1.100000023841858
29.038952589035034,1.100000023841858
29.066953420639038,1.100000023841858
29.10895347595215,1.100000023841858
29.136953353881836,1.100000023841858
29.17195153236389,1.100000023841858
29.20695185661316,1.100000023841858
29.24195384979248,1.100000023841858
29.27695393562317,1.100000023841858
29.30695390701294,1.100000023841858
29.34295153617859,1.100000023841858
29.370951414108276,1.100000023841858
29.410951852798462,1.100000023841858
29.436952590942383,1.100000023841858
29.466952562332153,1.100000023841858
29.508952617645264,1.100000023841858
29.537951707839966,1.100000023841858
29.566951751708984,1.100000023841858
29.609951734542847,1.1100000143051147
29.636950969696045,1.1100000143051147
29.666950941085815,1.1100000143051147
29.707951068878174,1.1100000143051147
29.73894953727722,1.1200000047683716
29.77894926071167,1.1200000047683716
29.807949542999268,1.1200000047683716
29.836949586868286,1.1200000047683716
29.866947174072266,1.1200000047683716
29.909947156906128,1.1200000047683716
29.938945055007935,1.1200000047683716
29.967944860458374,1.1200000047683716
30.010944843292236,1.1200000047683716
30.04294490814209,1.1200000047683716
30.077944040298462,1.1200000047683716
30.10694408416748,1.1200000047683716
30.14194416999817,1.1200000047683716
30.178946495056152,1.1100000143051147
30.20694637298584,1.1100000143051147
30.24294638633728,1.100000023841858
30.277947425842285,1.090000033378601
30.307947397232056,1.0700000524520874
30.33894658088684,1.059999942779541
30.37994647026062,1.0499999523162842
30.407946586608887,1.0499999523162842
30.436946630477905,1.0499999523162842
30.478946447372437,1.0499999523162842
30.507946491241455,1.0499999523162842
30.54194664955139,1.0499999523162842
30.577945709228516,1.0499999523162842
30.612945556640625,1.0499999523162842
30.64094567298889,1.0499999523162842
30.668946504592896,1.0499999523162842
30.710946321487427,1.0399999618530271
30.73994493484497,1.0399999618530271
30.78094506263733,1.0399999618530271
30.81194496154785,1.0499999523162842
30.838944911956787,1.0499999523162842
30.87594985961914,1.059999942779541
30.909949779510498,1.059999942779541
30.937949657440186,1.059999942779541
30.980948448181152,1.059999942779541
31.012948751449585,1.059999942779541
31.038949728012085,1.059999942779541
31.067949771881104,1.059999942779541
31.108949661254883,1.0700000524520874
31.136949062347412,1.0700000524520874
31.179948806762695,1.0700000524520874
31.209948778152466,1.0700000524520874
31.241947889328003,1.0700000524520874
31.277947902679443,1.090000033378601
31.313947916030884,1.090000033378601
31.340946912765503,1.090000033378601
31.376946926116943,1.090000033378601
31.396946907043457,1.090000033378601
31.4399471282959,1.100000023841858
31.467947244644165,1.100000023841858
31.509947061538696,1.090000033378601
31.537947177886963,1.090000033378601
31.56694746017456,1.090000033378601
31.609947204589844,1.090000033378601
31.636946201324463,1.090000033378601
31.678946256637573,1.0700000524520874
31.70694613456726,1.0700000524520874
31.74194598197937,1.0700000524520874
31.77094578742981,1.0700000524520874
31.80694580078125,1.0700000524520874
31.842944860458374,1.0700000524520874
31.87694478034973,1.0700000524520874
31.914944887161255,1.0700000524520874
31.940949201583862,1.0700000524520874
31.977949142456055,1.0700000524520874
31.996949195861816,1.090000033378601
32.03894805908203,1.100000023841858
32.06894826889038,1.1100000143051147
32.11094808578491,1.1200000047683716
32.13894438743591,1.1200000047683716
32.169944047927856,1.1299999952316284
32.21094465255737,1.1299999952316284
32.23894286155701,1.1399999856948853
32.26694297790527,1.1399999856948853
32.309942960739136,1.1399999856948853
32.33894324302673,1.1399999856948853
32.366943359375,1.1399999856948853
32.410943269729614,1.1399999856948853
32.437942028045654,1.1399999856948853
32.46694207191467,1.1399999856948853
32.509942054748535,1.1399999856948853
32.53793978691101,1.1399999856948853
32.56693983078003,1.1399999856948853
32.610939741134644,1.1399999856948853
32.63793992996216,1.1399999856948853
32.67494010925293,1.1399999856948853
32.707940101623535,1.1399999856948853
32.736939907073975,1.1399999856948853
32.779940366744995,1.1399999856948853
32.80694031715393,1.1399999856948853
32.84294033050537,1.1399999856948853
32.876940965652466,1.1299999952316284
32.89894104003906,1.1299999952316284
32.93994092941284,1.1299999952316284
32.96793818473816,1.1299999952316284
33.01193809509277,1.1299999952316284
33.03793811798096,1.1299999952316284
33.08093738555908,1.1299999952316284
33.10793733596802,1.1299999952316284
33.1439368724823,1.1299999952316284
33.177937269210815,1.1299999952316284
33.199936866760254,1.1299999952316284
33.240938663482666,1.1299999952316284
33.276938676834106,1.1299999952316284
33.311938524246216,1.1299999952316284
33.3399384021759,1.1200000047683716
33.36793851852417,1.1200000047683716
33.39693856239319,1.1200000047683716
33.43993854522705,1.1200000047683716
33.48093867301941,1.1200000047683716
33.508938789367676,1.1200000047683716
33.538938760757446,1.1100000143051147
33.57293725013733,1.1100000143051147
33.60793733596802,1.1100000143051147
33.636937379837036,1.100000023841858
33.67993712425232,1.100000023841858
33.707937479019165,1.100000023841858
33.737937450408936,1.100000023841858
33.776938676834106,1.100000023841858
33.811938524246216,1.100000023841858
33.840938568115234,1.090000033378601
33.867939472198486,1.0700000524520874
33.9099395275116,1.0700000524520874
33.93793725967407,1.0700000524520874
33.9729368686676,1.0700000524520874
34.00893712043762,1.0700000524520874
34.04293656349182,1.0700000524520874
34.07193660736084,1.0700000524520874
34.11393666267395,1.0700000524520874
34.14093804359436,1.0700000524520874
34.1769380569458,1.0700000524520874
34.196938276290894,1.059999942779541
34.238938093185425,1.0499999523162842
34.26693773269653,1.0499999523162842
34.308937788009644,1.0499999523162842
34.336936712265015,1.0499999523162842
34.371936559677124,1.0499999523162842
34.40993666648865,1.0499999523162842
34.43693566322327,1.0499999523162842
34.466935873031616,1.0499999523162842
34.50993585586548,1.0399999618530271
34.537935733795166,1.0399999618530271
34.57193326950073,1.0399999618530271
34.60693359375,1.0399999618530271
34.635932207107544,1.0499999523162842
34.67093205451965,1.0499999523162842
34.707932233810425,1.0499999523162842
34.738929748535156,1.0499999523162842
34.76592969894409,1.0499999523162842
34.81092977523804,1.0399999618530271
34.83792781829834,1.0399999618530271
34.86592769622803,1.0399999618530271
34.906927824020386,1.0399999618530271
34.93792486190796,1.0399999618530271
34.965925455093384,1.0399999618530271
35.007925271987915,1.0399999618530271
35.03792405128479,1.0399999618530271
35.06592416763306,1.0399999618530271
35.106924057006836,1.0399999618530271
35.135924100875854,1.0399999618530271
35.17792105674744,1.0499999523162842
35.206920862197876,1.059999942779541
35.235921144485474,1.059999942779541
35.27792048454285,1.059999942779541
35.306920528411865,1.059999942779541
35.3369197845459,1.059999942779541
35.37991976737976,1.059999942779541
35.40791988372803,1.0700000524520874
35.44291973114014,1.0700000524520874
35.477920055389404,1.0700000524520874
35.50692009925842,1.090000033378601
35.54092001914978,1.090000033378601
35.56892418861389,1.090000033378601
35.59692406654358,1.090000033378601
35.63992404937744,1.100000023841858
35.66692352294922,1.100000023841858
35.70892357826233,1.100000023841858
35.73692488670349,1.090000033378601
35.7789249420166,1.0700000524520874
35.80892491340637,1.0700000524520874
35.83792686462402,1.0700000524520874
35.880926847457886,1.0700000524520874
35.90792727470398,1.059999942779541
35.936927318573,1.059999942779541
35.97792863845825,1.059999942779541
36.01292872428894,1.0499999523162842
36.040929079055786,1.0499999523162842
36.068928241729736,1.0499999523162842
36.11292815208435,1.0499999523162842
36.138928174972534,1.0399999618530271
36.18092942237854,1.0499999523162842
36.20892953872681,1.059999942779541
36.236929416656494,1.0700000524520874
36.28192901611328,1.090000033378601
36.307929039001465,1.100000023841858
36.33692693710327,1.090000033378601
36.37892699241638,1.090000033378601
36.40892696380615,1.0700000524520874
36.44192695617676,1.059999942779541
36.47292494773865,1.0499999523162842
36.513925075531006,1.0499999523162842
36.54092359542847,1.0399999618530271
36.57692360877991,1.0499999523162842
36.59692358970642,1.0499999523162842
36.63892316818237,1.0499999523162842
36.66792345046997,1.0499999523162842
36.70892286300659,1.0499999523162842
36.737921476364136,1.0499999523162842
36.77192187309265,1.059999942779541
36.8069212436676,1.059999942779541
36.84191966056824,1.059999942779541
36.876919746398926,1.059999942779541
36.90791988372803,1.059999942779541
36.94291877746582,1.0700000524520874
36.97791886329651,1.0700000524520874
37.009918451309204,1.0700000524520874
37.03691840171814,1.090000033378601
37.0779185295105,1.090000033378601
37.10691857337952,1.100000023841858
37.141918659210205,1.100000023841858
37.17891573905945,1.100000023841858
37.20791578292847,1.1100000143051147
37.23691534996033,1.1100000143051147
37.2669153213501,1.1100000143051147
37.30891537666321,1.1200000047683716
37.33891534805298,1.1200000047683716
37.36991214752197,1.1200000047683716
37.41091203689575,1.1200000047683716
37.43891143798828,1.1299999952316284
37.46791124343872,1.1299999952316284
37.49791145324707,1.1299999952316284
37.53890824317932,1.1299999952316284
37.56790804862976,1.1299999952316284
37.59690833091736,1.1299999952316284
37.6429078578949,1.1299999952316284
37.676907777786255,1.1299999952316284
37.69890785217285,1.1299999952316284
37.73890781402588,1.1299999952316284
37.7669095993042,1.1299999952316284
37.810909271240234,1.090000033378601
37.83890986442566,1.0700000524520874
37.86691212654114,1.0700000524520874
37.90891218185425,1.0700000524520874
37.936912059783936,1.059999942779541
37.9799120426178,1.059999942779541
38.008912086486816,1.059999942779541
38.04191207885742,1.059999942779541
38.07691311836243,1.0700000524520874
38.111913204193115,1.0700000524520874
38.140915393829346,1.090000033378601
38.175915479660034,1.090000033378601
38.210915327072144,1.0700000524520874
38.23991537094116,1.0700000524520874
38.2669153213501,1.0700000524520874
38.30891537666321,1.0700000524520874
38.3379180431366,1.0700000524520874
38.367918252944946,1.0700000524520874
38.407918214797974,1.0700000524520874
38.43591833114624,1.0700000524520874
38.480918645858765,1.0700000524520874
38.51291847229004,1.0700000524520874
38.5389187335968,1.0700000524520874
38.57592010498047,1.0700000524520874
38.61091995239258,1.0700000524520874
38.637919187545776,1.059999942779541
38.66791915893555,1.059999942779541
38.709919452667236,1.059999942779541
38.737919330596924,1.059999942779541
38.76691937446594,1.059999942779541
38.809919357299805,1.059999942779541
38.836920738220215,1.059999942779541
38.866920471191406,1.0700000524520874
38.908920764923096,1.059999942779541
38.937920331954956,1.059999942779541
38.979920387268066,1.059999942779541
39.008920192718506,1.0700000524520874
39.036919832229614,1.0700000524520874
39.066919803619385,1.090000033378601
39.10991978645325,1.090000033378601
39.138919830322266,1.100000023841858
39.17291831970215,1.100000023841858
39.20991826057434,1.100000023841858
39.236918210983276,1.1100000143051147
39.26691389083862,1.1100000143051147
39.309913873672485,1.1100000143051147
39.33791184425354,1.1100000143051147
39.3719117641449,1.1100000143051147
39.40991187095642,1.1100000143051147
39.43691277503967,1.1100000143051147
39.46691274642944,1.1100000143051147
39.509912967681885,1.1100000143051147
39.53791379928589,1.1100000143051147
39.571913957595825,1.100000023841858
39.607913970947266,1.090000033378601
39.642913818359375,1.100000023841858
39.67091488838196,1.100000023841858
39.7069149017334,1.1100000143051147
39.741915464401245,1.1200000047683716
39.77891516685486,1.1200000047683716
39.806915283203125,1.1200000047683716
39.84291386604309,1.1200000047683716
39.87091398239136,1.1200000047683716
39.9069139957428,1.1200000047683716
39.94191336631775,1.1200000047683716
39.97991347312927,1.1200000047683716
40.010913372039795,1.1200000047683716
40.03691267967224,1.1100000143051147
40.0799126625061,1.1100000143051147
40.10891246795654,1.1100000143051147
40.13791251182556,1.100000023841858
40.16691255569458,1.100000023841858
40.20791244506836,1.100000023841858
40.23891258239746,1.100000023841858
40.27290987968445,1.100000023841858
40.3079092502594,1.100000023841858
40.34290957450867,1.100000023841858
40.37791347503662,1.090000033378601
40.40791344642639,1.090000033378601
40.4429132938385,1.090000033378601
40.47791385650635,1.100000023841858
40.512913942337036,1.090000033378601
40.540913820266724,1.090000033378601
40.56891107559204,1.0700000524520874
40.61091113090515,1.090000033378601
40.63991117477417,1.090000033378601
40.66691040992737,1.090000033378601
40.7089102268219,1.090000033378601
40.73691129684448,1.090000033378601
40.77891135215759,1.0700000524520874
40.80791139602661,1.0700000524520874
40.84191131591797,1.0700000524520874
40.876909255981445,1.0700000524520874
40.912909269332886,1.0499999523162842
40.939910888671875,1.0399999618530271
40.975910902023315,1.0399999618530271
41.00991106033325,1.0399999618530271
41.03791046142578,1.0399999618530271
41.08191204071045,1.0399999618530271
41.10791206359863,1.0299999713897705
41.136911153793335,1.0399999618530271
41.17091107368469,1.0399999618530271
41.20591115951538,1.0399999618530271
41.24091100692749,1.0399999618530271
41.2759108543396,1.0399999618530271
41.31291103363037,1.0299999713897705
41.33891034126282,1.0399999618530271
41.36891031265259,1.0399999618530271
41.40991020202637,1.0399999618530271
41.44090986251831,1.0399999618530271
41.47590947151184,1.0399999618530271
41.50690960884094,1.0399999618530271
41.539907693862915,1.0399999618530271
41.569907665252686,1.0399999618530271
41.610907793045044,1.0399999618530271
41.64190912246704,1.0399999618530271
41.6759090423584,1.0499999523162842
41.70590901374817,1.0499999523162842
41.738909006118774,1.0499999523162842
41.766907930374146,1.059999942779541
41.81090807914734,1.0499999523162842
41.83690810203552,1.0499999523162842
41.86690807342529,1.0499999523162842
41.908907890319824,1.0499999523162842
41.937906980514526,1.0499999523162842
41.978906869888306,1.0399999618530271
42.007906913757324,1.0399999618530271
42.042906522750854,1.0399999618530271
42.077906370162964,1.0399999618530271
42.114906549453735,1.0399999618530271
42.141905069351196,1.0399999618530271
42.17790484428406,1.0399999618530271
42.21090507507324,1.0399999618530271
42.23890423774719,1.0399999618530271
42.26790404319763,1.0399999618530271
42.31090426445007,1.0399999618530271
42.338906049728394,1.0399999618530271
42.36690616607666,1.0399999618530271
42.41090631484985,1.0399999618530271
42.43690609931946,1.0399999618530271
42.47990584373474,1.0399999618530271
42.50890588760376,1.0399999618530271
42.536906003952026,1.0399999618530271
42.57890725135803,1.0399999618530271
42.60690760612488,1.0399999618530271
42.63890743255615,1.0399999618530271
42.668906927108765,1.0399999618530271
42.71190690994263,1.0399999618530271
42.7389075756073,1.0399999618530271
42.76790738105774,1.0499999523162842
42.80990743637085,1.0700000524520874
42.83990740776062,1.090000033378601
42.86790728569031,1.100000023841858
42.90990734100342,1.100000023841858
42.93890833854675,1.100000023841858
42.968908071517944,1.100000023841858
43.00890827178955,1.100000023841858
43.037909269332886,1.100000023841858
43.08090925216675,1.1100000143051147
43.10790944099426,1.1100000143051147
43.137909173965454,1.1100000143051147
43.179909467697144,1.1100000143051147
43.20890927314758,1.1100000143051147
43.2379093170166,1.1100000143051147
43.28091049194336,1.1100000143051147
43.307910442352295,1.1100000143051147
43.33691048622131,1.1100000143051147
43.37891435623169,1.1100000143051147
43.40891432762146,1.1100000143051147
43.44291615486145,1.1100000143051147
43.47891616821289,1.100000023841858
43.50791621208191,1.1100000143051147
43.53691554069519,1.1100000143051147
43.5719153881073,1.1100000143051147
43.609915256500244,1.1100000143051147
43.64191746711731,1.1100000143051147
43.67791724205017,1.1100000143051147
43.71391725540161,1.1100000143051147
43.74091625213623,1.1100000143051147
43.77691626548767,1.1100000143051147
43.796916246414185,1.100000023841858
43.83891582489014,1.100000023841858
43.8669159412384,1.090000033378601
43.908915996551514,1.090000033378601
43.93791484832764,1.0700000524520874
43.966914892196655,1.059999942779541
44.00991487503052,1.0499999523162842
44.03791403770447,1.0499999523162842
44.066914081573486,1.0399999618530271
44.10991406440735,1.0499999523162842
44.13891291618347,1.0499999523162842
44.181912899017334,1.0499999523162842
44.20991277694702,1.0499999523162842
44.23791265487671,1.0499999523162842
44.26691246032715,1.0499999523162842
44.30991244316101,1.0399999618530271
44.33890986442566,1.0399999618530271
44.36790943145752,1.0399999618530271
44.41090965270996,1.0399999618530271
44.44590997695923,1.0299999713897705
44.467910051345825,1.0399999618530271
44.51091003417969,1.0399999618530271
44.53790879249573,1.0399999618530271
44.57590866088867,1.0399999618530271
44.61090874671936,1.0399999618530271
44.64590811729431,1.0399999618530271
44.66690802574158,1.0399999618530271
44.70890808105469,1.0399999618530271
44.73790693283081,1.0399999618530271
44.77890706062317,1.0399999618530271
44.80790686607361,1.0399999618530271
44.841907024383545,1.0399999618530271
44.876906871795654,1.0399999618530271
44.91190695762634,1.0399999618530271
44.93990707397461,1.0399999618530271
44.9679069519043,1.0399999618530271
45.00990700721741,1.0299999713897705
45.038907051086426,1.0299999713897705
45.06690716743469,1.0299999713897705
45.10890746116638,1.0299999713897705
45.13690662384033,1.0299999713897705
45.17890667915344,1.0299999713897705
45.20790672302246,1.0299999713897705
45.24290680885315,1.0299999713897705
45.271907806396484,1.0299999713897705
45.306907653808594,1.0299999713897705
45.34390926361084,1.0299999713897705
45.37890934944153,1.0299999713897705
45.4089093208313,1.0299999713897705
45.44191098213196,1.0299999713897705
45.4799108505249,1.0299999713897705
45.50791096687317,1.0299999713897705
45.54391098022461,1.0299999713897705
45.57891011238098,1.0299999713897705
45.60791015625,1.0399999618530271
45.64191126823425,1.0399999618530271
45.66991186141968,1.0399999618530271
45.71291160583496,1.0399999618530271
45.74091386795044,1.0399999618530271
45.768913984298706,1.0399999618530271
45.797913789749146,1.0499999523162842
45.83991575241089,1.0499999523162842
45.86891579627991,1.059999942779541
45.91391587257385,1.0700000524520874
45.9399139881134,1.0700000524520874
45.97791385650635,1.090000033378601
45.99891400337219,1.090000033378601
46.041913986206055,1.0700000524520874
46.07891368865967,1.0399999618530271
46.10791373252869,1.0399999618530271
46.135913610458374,1.0399999618530271
46.17091345787048,1.0399999618530271
46.20991325378418,1.0399999618530271
46.23591327667236,1.0399999618530271
46.26691436767578,1.0399999618530271
46.30691432952881,1.0399999618530271
46.3379123210907,1.0499999523162842
46.370912313461304,1.0499999523162842
46.406912326812744,1.0499999523162842
46.44191265106201,1.0399999618530271
46.47691226005554,1.0399999618530271
46.50591206550598,1.0399999618530271
46.539910554885864,1.0399999618530271
46.569910526275635,1.0399999618530271
46.60991048812866,1.0499999523162842
46.64191007614136,1.0399999618530271
46.676910161972046,1.0399999618530271
46.706910133361816,1.0399999618530271
46.740912675857544,1.0399999618530271
46.775912046432495,1.0399999618530271
46.79791235923767,1.0399999618530271
46.845911264419556,1.0499999523162842
46.8669114112854,1.0499999523162842
46.90991139411926,1.0700000524520874
46.93891000747681,1.0700000524520874
46.96691012382507,1.090000033378601
47.01091003417969,1.0700000524520874
47.03691077232361,1.059999942779541
47.0719108581543,1.0499999523162842
47.10791087150574,1.0399999618530271
47.14291071891785,1.0399999618530271
47.179909467697144,1.0399999618530271
47.20790934562683,1.0399999618530271
47.24390935897827,1.0399999618530271
47.27790927886963,1.0399999618530271
47.3079092502594,1.0399999618530271
47.34190917015076,1.0399999618530271
47.37990951538086,1.0399999618530271
47.40890955924988,1.0399999618530271
47.43791079521179,1.0399999618530271
47.46791076660156,1.0399999618530271
47.50991106033325,1.0399999618530271
47.53891086578369,1.0399999618530271
47.567909955978394,1.0399999618530271
47.609910011291504,1.0399999618530271
47.63890981674194,1.0399999618530271
47.66790986061096,1.0399999618530271
47.70890974998474,1.0399999618530271
47.73790979385376,1.0399999618530271
47.772911071777344,1.0499999523162842
47.80791115760803,1.0499999523162842
47.8379111289978,1.0499999523162842
47.87891387939453,1.059999942779541
47.90791368484497,1.059999942779541
47.93791365623474,1.0700000524520874
47.98091435432434,1.090000033378601
48.0079140663147,1.090000033378601
48.03791880607605,1.090000033378601
48.07291865348816,1.090000033378601
48.1089186668396,1.0700000524520874
48.13791823387146,1.0700000524520874
48.181918144226074,1.0700000524520874
48.20891833305359,1.0700000524520874
48.23791813850403,1.0700000524520874
48.27291703224182,1.0700000524520874
48.309916973114014,1.0700000524520874
48.33891701698303,1.090000033378601
48.381916999816895,1.090000033378601
48.40891695022583,1.090000033378601
48.43791484832764,1.090000033378601
48.472914934158325,1.090000033378601
48.50991487503052,1.090000033378601
48.53891444206238,1.090000033378601
48.58191466331482,1.090000033378601
48.60991406440735,1.090000033378601
48.63791227340698,1.090000033378601
48.67291235923767,1.100000023841858
48.709912061691284,1.090000033378601
48.73791265487671,1.0499999523162842
48.76691174507141,1.059999942779541
48.80991172790527,1.059999942779541
48.83791375160217,1.0399999618530271
48.87291359901428,1.0
48.90691351890564,1.0199999809265137
48.93591332435608,1.0299999713897705
48.96591329574585,1.0399999618530271
49.00691342353821,1.0399999618530271
49.040913343429565,1.0299999713897705
49.07591199874878,1.0299999713897705
49.096912145614624,1.0299999713897705
49.138912200927734,1.0399999618530271
49.166911125183105,1.0399999618530271
49.20991086959839,1.0399999618530271
49.24590802192688,1.0399999618530271
49.265908002853394,1.0399999618530271
49.307908058166504,1.0399999618530271
49.336907148361206,1.0299999713897705
49.365907192230225,1.0299999713897705
49.407907247543335,1.0299999713897705
49.44590473175049,1.0199999809265137
49.465904712677,1.0299999713897705
49.51090478897095,1.0199999809265137
49.53890419006348,1.0099999904632568
49.566904067993164,1.0199999809265137
49.608904123306274,1.0199999809265137
49.63790416717529,1.0
49.66690444946289,1.0099999904632568
49.70790457725525,1.0099999904632568
49.73590445518494,1.0099999904632568
49.77990484237671,1.0099999904632568
49.8069052696228,1.0099999904632568
49.835906982421875,1.0099999904632568
49.877907037734985,1.0099999904632568
49.907907009124756,1.0099999904632568
49.94190692901611,1.0
49.97690725326538,1.0
50.01190757751465,1.0099999904632568
50.04090905189514,1.0
50.07690906524658,1.0099999904632568
50.11090898513794,1.0099999904632568
50.13990902900696,1.0199999809265137
50.167911767959595,1.0199999809265137
50.21191191673279,1.0299999713897705
50.238911867141724,1.0299999713897705
50.26790952682495,1.0299999713897705
50.30890965461731,1.0299999713897705
50.335909605026245,1.0399999618530271
50.37791609764099,1.0399999618530271
50.40891623497009,1.0399999618530271
50.43591594696045,1.0299999713897705
50.47791600227356,1.0199999809265137
50.50591588020325,1.0199999809265137
50.5409152507782,1.0199999809265137
50.56991505622864,1.0199999809265137
50.609915256500244,1.0299999713897705
50.63591527938843,1.0199999809265137
50.6819167137146,1.0199999809265137
50.708916664123535,1.0199999809265137
50.736915826797485,1.0299999713897705
50.771915912628174,1.0199999809265137
50.8099160194397,1.0199999809265137
50.835917711257935,1.0299999713897705
50.88191771507263,1.0199999809265137
50.90891766548157,1.0199999809265137
50.93791604042053,1.0199999809265137
50.96691584587097,1.0399999618530271
51.010915994644165,1.0399999618530271
51.04191565513611,1.0399999618530271
51.0769157409668,1.0399999618530271
51.10691571235657,1.0399999618530271
51.14091420173645,1.0399999618530271
51.17691421508789,1.0399999618530271
51.20591425895691,1.0399999618530271
51.24091386795044,1.0399999618530271
51.27591371536255,1.0399999618530271
51.30691385269165,1.0299999713897705
51.34091353416443,1.0399999618530271
51.37591743469238,1.0399999618530271
51.406917572021484,1.0299999713897705
51.441917419433594,1.0399999618530271
51.47791647911072,1.0399999618530271
51.506916522979736,1.0399999618530271
51.54091286659241,1.0299999713897705
51.57891345024109,1.0299999713897705
51.59791302680969,1.0299999713897705
51.63591265678406,1.0299999713897705
51.67791223526001,1.0199999809265137
51.70691227912903,1.0099999904632568
51.745909452438354,1.0099999904632568
51.76590919494629,1.0099999904632568
51.80890917778015,1.0099999904632568
51.83690905570984,1.0099999904632568
51.87190914154053,1.0199999809265137
51.90790891647339,1.0199999809265137
51.93890905380249,1.0199999809265137
51.97990942001343,1.0199999809265137
52.007909536361694,1.0199999809265137
52.03690958023071,1.0199999809265137
52.0789098739624,1.0199999809265137
52.10690951347351,1.0199999809265137
52.1419095993042,1.0199999809265137
52.17691087722778,1.0199999809265137
52.212910890579224,1.0199999809265137
52.23991107940674,1.0199999809265137
52.275912046432495,1.0299999713897705
52.31091237068176,1.0199999809265137
52.33991265296936,1.0099999904632568
52.376911878585815,1.0199999809265137
52.406911849975586,1.0299999713897705
52.436911821365356,1.0299999713897705
52.47591185569763,1.0299999713897705
52.51091194152832,1.0299999713897705
52.53991174697876,1.0399999618530271
52.58091187477112,1.0399999618530271
52.61191153526306,1.0399999618530271
52.63891124725342,1.0299999713897705
52.66791605949402,1.0299999713897705
52.70891618728638,1.0199999809265137
52.73591613769531,1.0099999904632568
52.76691699028015,1.0099999904632568
52.80891704559326,1.0099999904632568
52.83691906929016,1.0
52.87191867828369,1.0099999904632568
52.909918785095215,1.0099999904632568
52.93591833114624,1.0
52.96691823005676,0.9800000190734864
53.008918046951294,1.0
53.03691792488098,1.0099999904632568
53.07191801071167,1.0099999904632568
53.10691809654236,1.0099999904632568
53.14191794395447,1.0
53.17691779136658,1.0
53.20691776275635,1.0099999904632568
53.24191927909851,1.0099999904632568
53.2769193649292,1.0099999904632568
53.30791926383972,1.0199999809265137
53.33591890335083,1.0199999809265137
53.36691904067993,1.0
53.40891885757446,1.0
53.4459171295166,1.0
53.466917276382446,1.0099999904632568
53.50991725921631,1.0099999904632568
53.54191732406616,1.0199999809265137
53.57591724395752,1.0099999904632568
53.597917318344116,1.0199999809265137
53.64091658592224,1.0199999809265137
53.67591667175293,1.0099999904632568
53.71091675758362,1.0199999809265137
53.74591541290283,1.0199999809265137
53.7669153213501,1.0199999809265137
53.80991554260254,1.0099999904632568
53.83791637420654,1.0099999904632568
53.86591649055481,1.0099999904632568
53.90791654586792,1.0099999904632568
53.93791675567627,1.0099999904632568
53.96691679954529,1.0099999904632568
54.00891661643982,1.0099999904632568
54.046915769577026,1.0099999904632568
54.06691575050354,1.0099999904632568
54.1079158782959,1.0099999904632568
54.13891577720642,1.0099999904632568
54.166921854019165,1.0099999904632568
54.208921670913696,1.0199999809265137
54.237921476364136,1.0199999809265137
54.26692175865173,1.0199999809265137
54.308921813964844,1.0099999904632568
54.33592176437378,1.0199999809265137
54.38092231750488,1.0199999809265137
54.40792226791382,1.0099999904632568
54.43692231178284,1.0199999809265137
54.47792434692383,0.9700000286102296
54.50892448425293,0.9700000286102296
54.541924476623535,0.9700000286102296
54.57792568206787,0.9700000286102296
54.60692572593689,1.0
54.63592576980591,1.0
54.675926208496094,1.0
54.7109260559082,1.0099999904632568
54.739930868148804,1.0099999904632568
54.78093099594116,1.0199999809265137
54.812931060791016,1.0199999809265137
54.83893084526062,1.0199999809265137
54.867926359176636,1.0199999809265137
54.90792632102966,1.0099999904632568
54.93592667579651,1.0099999904632568
54.97792601585388,1.0
55.009925842285156,1.0099999904632568
55.03592538833618,1.0099999904632568
55.072925329208374,1.0099999904632568
55.10792541503906,1.0099999904632568
55.136924743652344,1.0099999904632568
55.17792463302612,1.0
55.2099244594574,1.0
55.2359254360199,1.0099999904632568
55.26692533493042,1.0199999809265137
55.30892539024353,1.0299999713897705
55.336923360824585,1.0299999713897705
55.36892342567444,1.0299999713897705
55.395923376083374,1.0299999713897705
55.4459228515625,1.0299999713897705
55.466922998428345,1.0299999713897705
55.509923458099365,1.0299999713897705
55.537922859191895,1.0199999809265137
55.56892514228821,1.0199999809265137
55.609925270080566,1.0099999904632568
55.641925573349,1.0199999809265137
55.675925731658936,1.0199999809265137
55.705925703048706,1.0099999904632568
55.73892545700073,1.0199999809265137
55.769925355911255,1.0199999809265137
55.80992531776428,1.0199999809265137
55.84192490577698,1.0199999809265137
55.875925064086914,1.0099999904632568
55.89792490005493,1.0099999904632568
55.94092273712158,1.0099999904632568
55.97592306137085,1.0199999809265137
56.01092290878296,1.0199999809265137
56.038923263549805,1.0199999809265137
56.06692385673523,1.0199999809265137
56.10992360115051,1.0199999809265137
56.137919187545776,1.0299999713897705
56.178919315338135,1.0299999713897705
56.20691919326782,1.0299999713897705
56.24191927909851,1.0299999713897705
56.27791929244995,1.0299999713897705
56.30691933631897,1.0299999713897705
56.339919328689575,1.0299999713897705
56.367920875549316,1.0199999809265137
56.41092085838318,1.0199999809265137
56.437920808792114,1.0199999809265137
56.46692180633545,1.0099999904632568
56.50792193412781,1.0
56.535921812057495,1.0099999904632568
56.579922676086426,1.0
56.60592246055603,1.0
56.63692259788513,1.0
56.68092203140259,0.9700000286102296
56.70792198181152,0.9700000286102296
56.73692202568054,0.9700000286102296
56.77892446517944,0.9800000190734864
56.80792474746704,0.9800000190734864
56.83692646026611,1.0
56.879926443099976,1.0
56.90792679786682,0.9800000190734864
56.93693017959595,0.9800000190734864
56.97793006896973,0.9800000190734864
57.00893020629883,1.0
57.04093074798584,1.0099999904632568
57.07793045043945,1.0199999809265137
57.10693073272705,1.0299999713897705
57.137930154800415,1.0299999713897705
57.179930210113525,1.0399999618530271
57.208930253982544,1.0399999618530271
57.23793005943298,1.0499999523162842
57.27292990684509,1.059999942779541
57.30892992019653,1.0700000524520874
57.337929010391235,1.0700000524520874
57.372928857803345,1.090000033378601
57.409929037094116,1.090000033378601
57.438928842544556,1.100000023841858
57.48092865943909,1.100000023841858
57.50892877578735,1.100000023841858
57.537927865982056,1.100000023841858
57.572927951812744,1.1100000143051147
57.60992789268494,1.1100000143051147
57.637927532196045,1.100000023841858
57.672927379608154,1.100000023841858
57.70792746543884,1.100000023841858
57.738927364349365,1.100000023841858
57.770925998687744,1.100000023841858
57.80992603302002,1.100000023841858
57.83792591094971,1.100000023841858
57.87392711639404,1.100000023841858
57.90892720222473,1.100000023841858
57.93792724609375,1.100000023841858
57.97092652320862,1.100000023841858
58.00792646408081,1.100000023841858
58.04292607307434,1.090000033378601
58.07792615890503,1.0499999523162842
58.11492609977722,1.0399999618530271
58.14792203903198,1.059999942779541
58.17092204093933,1.0700000524520874
58.19792199134827,1.0700000524520874
58.23992204666138,1.090000033378601
58.26992321014404,1.100000023841858
58.31092286109924,1.100000023841858
58.33992266654968,1.100000023841858
58.36792254447937,1.090000033378601
58.41092252731323,1.0499999523162842
58.43792200088501,1.0399999618530271
58.46792197227478,1.0299999713897705
58.50792217254639,1.0199999809265137
58.54291915893555,1.0099999904632568
58.57891917228699,1.0199999809265137
58.60891938209534,1.0199999809265137
58.636919260025024,1.0299999713897705
58.67992091178894,1.0399999618530271
58.706920862197876,1.0399999618530271
58.736921072006226,1.0399999618530271
58.777921199798584,1.0399999618530271
58.8069212436676,1.0499999523162842
58.84192132949829,1.059999942779541
58.87791895866394,1.059999942779541
58.91291904449463,1.059999942779541
58.94091844558716,1.059999942779541
58.968918800354004,1.059999942779541
59.010918855667114,1.0700000524520874
59.03891897201538,1.090000033378601
59.06691884994507,1.090000033378601
59.10891890525818,1.090000033378601
59.13891863822937,1.090000033378601
59.16791844367981,1.100000023841858
59.20891880989075,1.100000023841858
59.23991847038269,1.100000023841858
59.26792073249817,1.100000023841858
59.30992078781128,1.059999942779541
59.33892107009888,1.0399999618530271
59.367921113967896,1.0499999523162842
59.41092085838318,1.0499999523162842
59.439921140670776,1.0499999523162842
59.46791911125183,1.0499999523162842
59.50991892814636,1.0499999523162842
59.53791856765747,1.0499999523162842
59.56691861152649,1.0499999523162842
59.60991859436035,1.059999942779541
59.63691854476929,1.059999942779541
59.68191719055176,1.059999942779541
59.70891714096069,1.059999942779541
59.737916469573975,1.059999942779541
59.76691675186157,1.059999942779541
59.809916734695435,1.059999942779541
59.83791637420654,1.0499999523162842
59.87291646003723,1.0499999523162842
59.90891647338867,1.059999942779541
59.93791651725769,1.059999942779541
59.97291421890259,1.0700000524520874
60.00991415977478,1.0700000524520874
60.03791379928589,1.0700000524520874
60.07391381263733,1.090000033378601
60.10891389846802,1.090000033378601
60.13791227340698,1.090000033378601
60.1719126701355,1.090000033378601
60.209912061691284,1.090000033378601
60.24291181564331,1.090000033378601
60.277911901474,1.090000033378601
60.30791187286377,1.090000033378601
60.34291195869446,1.0700000524520874
60.37891173362732,1.059999942779541
60.40791177749634,1.059999942779541
60.442911863327026,1.0399999618530271
60.470911264419556,1.0399999618530271
60.506911516189575,1.0399999618530271
60.54090905189514,1.0499999523162842
60.57890844345093,1.0499999523162842
60.59790873527527,1.0499999523162842
60.63990902900696,1.0499999523162842
60.667908906936646,1.0499999523162842
60.697909116744995,1.0499999523162842
60.73890733718872,1.0499999523162842
60.76790714263916,1.0499999523162842
60.81190729141235,1.0499999523162842
60.83890724182129,1.0499999523162842
60.86790752410889,1.059999942779541
60.91090726852417,1.0700000524520874
60.93890738487244,1.059999942779541
60.966907262802124,1.059999942779541
61.00890755653381,1.059999942779541
61.03790760040283,1.0499999523162842
61.06790733337402,1.0399999618530271
61.10790729522705,1.0499999523162842
61.13690686225891,1.0499999523162842
61.17890691757202,1.0499999523162842
61.20890688896179,1.059999942779541
61.23690676689148,1.059999942779541
61.27990674972534,1.059999942779541
61.30790662765503,1.059999942779541
61.33790707588196,1.059999942779541
61.379907846450806,1.059999942779541
61.408907651901245,1.0700000524520874
61.437907695770264,1.0700000524520874
61.48090386390686,1.0700000524520874
61.50790357589722,1.0700000524520874
61.53790354728699,1.090000033378601
61.57290530204773,1.090000033378601
61.60890507698059,1.0700000524520874
61.63790512084961,1.0700000524520874
61.67290210723877,1.0700000524520874
61.70790219306946,1.090000033378601
61.74290156364441,1.100000023841858
61.77190160751343,1.1100000143051147
61.80990171432495,1.1100000143051147
61.84290266036987,1.1100000143051147
61.87190246582031,1.1100000143051147
61.90790247917175,1.1100000143051147
61.937901973724365,1.1100000143051147
61.97190189361572,1.1100000143051147
62.00990176200867,1.100000023841858
62.04290246963501,1.100000023841858
62.07190227508545,1.100000023841858
62.10790205001831,1.100000023841858
62.14290118217468,1.100000023841858
62.17190098762512,1.100000023841858
62.2109010219574,1.100000023841858
62.23790097236633,1.100000023841858
62.27390098571777,1.100000023841858
62.30890107154846,1.100000023841858
62.33790111541748,1.100000023841858
62.37190127372742,1.100000023841858
62.399901390075684,1.090000033378601
62.44190168380737,1.090000033378601
62.47790169715881,1.059999942779541
62.49890160560608,1.0499999523162842
62.5408992767334,1.0499999523162842
62.57789945602417,1.059999942779541
62.597899198532104,1.059999942779541
62.639899015426636,1.0499999523162842
62.6678991317749,1.0499999523162842
62.710899114608765,1.059999942779541
62.74690008163452,1.059999942779541
62.766900062561035,1.059999942779541
62.81089997291565,1.0499999523162842
62.836899757385254,1.059999942779541
62.878899812698364,1.059999942779541
62.90789985656738,1.0700000524520874
62.93589973449707,1.0700000524520874
62.979899644851685,1.059999942779541
63.00589966773987,1.0700000524520874
63.04289960861206,1.0700000524520874
63.07590079307556,1.059999942779541
63.09890079498291,1.059999942779541
63.14090085029602,1.059999942779541
63.17690134048462,1.059999942779541
63.197901248931885,1.059999942779541
63.23990178108215,1.059999942779541
63.26790189743042,1.0499999523162842
63.31090188026428,1.0399999618530271
63.3399019241333,1.0399999618530271
63.367902517318726,1.0499999523162842
63.409902572631836,1.0499999523162842
63.438902616500854,1.059999942779541
63.46790266036987,1.0700000524520874
63.50890254974365,1.090000033378601
63.53890252113342,1.090000033378601
63.567901372909546,1.090000033378601
63.609901428222656,1.090000033378601
63.638901472091675,1.090000033378601
63.66790223121643,1.0700000524520874
63.70890212059021,1.059999942779541
63.73790216445923,1.059999942779541
63.77289700508118,1.059999942779541
63.807896852493286,1.0499999523162842
63.83789658546448,1.0499999523162842
63.871896505355835,1.059999942779541
63.90989637374878,1.059999942779541
63.94189667701721,1.059999942779541
63.971895933151245,1.059999942779541
64.00789594650269,1.059999942779541
64.04189896583557,1.059999942779541
64.07789897918701,1.059999942779541
64.09789896011353,1.059999942779541
64.14089846611023,1.059999942779541
64.16789889335632,1.059999942779541
64.1978988647461,1.059999942779541
64.24289846420288,1.0700000524520874
64.26889204978943,1.0700000524520874
64.29789233207703,1.0700000524520874
64.33889079093933,1.090000033378601
64.37389087677002,1.090000033378601
64.41089105606079,1.090000033378601
64.43789052963257,1.090000033378601
64.47389054298401,1.090000033378601
64.5088906288147,1.090000033378601
64.53788924217224,1.090000033378601
64.57188987731934,1.090000033378601
64.59988951683044,1.090000033378601
64.64188933372498,1.090000033378601
64.67788934707642,1.090000033378601
64.70788931846619,1.090000033378601
64.74288725852966,1.100000023841858
64.7788872718811,1.1100000143051147
64.80788731575012,1.1100000143051147
64.84288716316223,1.1100000143051147
64.86988568305969,1.1100000143051147
64.89888572692871,1.1200000047683716
64.94188404083252,1.1200000047683716
64.97888398170471,1.1200000047683716
65.01088404655457,1.1100000143051147
65.03888463973999,1.100000023841858
65.06688475608826,1.100000023841858
65.10988473892212,1.090000033378601
65.13888502120972,1.090000033378601
65.1798849105835,1.090000033378601
65.20888495445251,1.0700000524520874
65.22988486289978,1.0700000524520874
65.27888607978821,1.0700000524520874
65.29988598823547,1.0700000524520874
65.34188604354858,1.0700000524520874
65.36988711357117,1.0700000524520874
65.4118869304657,1.059999942779541
65.43988704681396,1.059999942779541
65.46788954734802,1.059999942779541
65.50988960266113,1.059999942779541
65.53788924217224,1.059999942779541
65.58089065551758,1.059999942779541
65.60789060592651,1.059999942779541
65.63789248466492,1.0700000524520874
65.67289233207703,1.0700000524520874
65.70889234542847,1.0700000524520874
65.73789238929749,1.059999942779541
65.78089475631714,1.0499999523162842
65.8078944683075,1.0499999523162842
65.83789491653442,1.0499999523162842
65.88089489936829,1.0499999523162842
65.90889501571655,1.0499999523162842
65.93789386749268,1.0499999523162842
65.97289395332336,1.059999942779541
66.0088939666748,1.0499999523162842
66.04289364814758,1.0499999523162842
66.0718936920166,1.059999942779541
66.10789370536804,1.059999942779541
66.14189410209656,1.059999942779541
66.177894115448,1.059999942779541
66.19889426231384,1.059999942779541
66.24089503288269,1.059999942779541
66.26889491081238,1.0700000524520874
66.2978949546814,1.0700000524520874
66.34189462661743,1.0700000524520874
66.36889457702637,1.0700000524520874
66.41089463233948,1.0700000524520874
66.43889474868774,1.090000033378601
66.47389340400696,1.090000033378601
66.5098934173584,1.090000033378601
66.53789329528809,1.100000023841858
66.57389330863953,1.100000023841858
66.60789346694946,1.1100000143051147
66.64289164543152,1.1100000143051147
66.67189168930054,1.1100000143051147
66.69989156723022,1.1100000143051147
66.74189138412476,1.1100000143051147
66.7778913974762,1.1100000143051147
66.80789136886597,1.1100000143051147
66.84289002418518,1.1100000143051147
66.87889003753662,1.1100000143051147
66.90789008140564,1.1100000143051147
66.94288849830627,1.1100000143051147
66.96988844871521,1.1100000143051147
66.99888849258423,1.1100000143051147
67.04088735580444,1.1100000143051147
67.06988716125488,1.1200000047683716
67.09788727760315,1.1200000047683716
67.13988733291626,1.1200000047683716
67.16888666152954,1.1200000047683716
67.21088671684265,1.1200000047683716
67.24788665771484,1.1200000047683716
67.26888656616211,1.1200000047683716
67.31188654899597,1.1200000047683716
67.3428864479065,1.1200000047683716
67.36988711357117,1.1200000047683716
67.3988869190216,1.1200000047683716
67.43988704681396,1.1200000047683716
67.46888327598572,1.1200000047683716
67.51188325881958,1.1200000047683716
67.53988313674927,1.1200000047683716
67.5678858757019,1.1200000047683716
67.60988569259644,1.1200000047683716
67.6398856639862,1.1200000047683716
67.6678855419159,1.1200000047683716
67.70988535881042,1.1200000047683716
67.73888540267944,1.1200000047683716
67.76788759231567,1.1200000047683716
67.80888724327087,1.1200000047683716
67.83788752555847,1.1299999952316284
67.8728883266449,1.1299999952316284
67.907888174057,1.1200000047683716
67.93789267539978,1.1200000047683716
67.97289252281189,1.1200000047683716
68.00889253616333,1.1200000047683716
68.03789258003235,1.1200000047683716
68.07289457321167,1.1200000047683716
68.10889458656311,1.1200000047683716
68.13789391517639,1.1200000047683716
68.17289400100708,1.1200000047683716
68.20889401435852,1.1200000047683716
68.2378945350647,1.1200000047683716
68.2728943824768,1.1200000047683716
68.3078944683075,1.1100000143051147
68.34289479255676,1.1100000143051147
68.3718945980072,1.1100000143051147
68.40989446640015,1.1100000143051147
68.44289445877075,1.1100000143051147
68.4738917350769,1.1100000143051147
68.50789165496826,1.1100000143051147
68.53789186477661,1.1100000143051147
68.57289290428162,1.100000023841858
68.61089301109314,1.090000033378601
68.64289402961731,1.0700000524520874
68.66689395904541,1.0700000524520874
68.70689392089844,1.0700000524520874
68.7408926486969,1.059999942779541
68.77689266204834,1.0499999523162842
68.80689263343811,1.0499999523162842
68.8418927192688,1.0399999618530271
68.87689256668091,1.0399999618530271
68.90689253807068,1.0399999618530271
68.94689106941223,1.0499999523162842
68.96789145469666,1.0499999523162842
69.01089119911194,1.059999942779541
69.03789234161377,1.059999942779541
69.06689238548279,1.059999942779541
69.10889267921448,1.059999942779541
69.1468915939331,1.059999942779541
69.16789126396179,1.059999942779541
69.21089172363281,1.0700000524520874
69.23889064788818,1.0700000524520874
69.26789045333862,1.090000033378601
69.31089067459106,1.0700000524520874
69.33889055252075,1.090000033378601
69.36789178848267,1.0700000524520874
69.40989184379578,1.0700000524520874
69.4388918876648,1.059999942779541
69.46788954734802,1.059999942779541
69.51088953018188,1.059999942779541
69.53888940811157,1.059999942779541
69.56888937950134,1.059999942779541
69.60888934135437,1.059999942779541
69.63788938522339,1.059999942779541
69.6808910369873,1.059999942779541
69.70789098739624,1.059999942779541
69.73789119720459,1.059999942779541
69.77289128303528,1.059999942779541
69.80889129638672,1.059999942779541
69.83789324760437,1.059999942779541
69.88089346885681,1.059999942779541
69.90789341926575,1.059999942779541
69.93789649009705,1.059999942779541
69.97289657592773,1.059999942779541
70.00889658927917,1.059999942779541
70.03789639472961,1.059999942779541
70.07289338111877,1.059999942779541
70.10789346694946,1.059999942779541
70.13789343833923,1.0700000524520874
70.16989398002625,1.090000033378601
70.19789385795593,1.100000023841858
70.23989391326904,1.1200000047683716
70.26789355278015,1.1299999952316284
70.31389355659485,1.1299999952316284
70.33989334106445,1.1299999952316284
70.36889338493347,1.1299999952316284
70.40989351272583,1.1299999952316284
70.43789291381836,1.1399999856948853
70.47289299964905,1.1399999856948853
70.50789284706116,1.1399999856948853
70.5378930568695,1.1399999856948853
70.57889318466187,1.1399999856948853
70.61089324951172,1.1399999856948853
70.64389729499817,1.1399999856948853
70.67189717292786,1.1399999856948853
70.69989728927612,1.1399999856948853
70.74189901351929,1.1399999856948853
70.77789902687073,1.1399999856948853
70.79789900779724,1.1399999856948853
70.83989906311035,1.1399999856948853
70.86789846420288,1.1399999856948853
70.90989875793457,1.149999976158142
70.93789720535278,1.149999976158142
70.97289729118347,1.149999976158142
71.00789713859558,1.149999976158142
71.04289746284485,1.149999976158142
71.07789874076843,1.149999976158142
71.09889888763428,1.149999976158142
71.14089846611023,1.1399999856948853
71.16989612579346,1.1299999952316284
71.19789624214172,1.1200000047683716
71.23989677429199,1.1299999952316284
71.26889705657959,1.1100000143051147
71.29789662361145,1.0700000524520874
71.33889675140381,1.0700000524520874
71.36689758300781,1.0700000524520874
71.40889739990234,1.090000033378601
71.43689751625061,1.090000033378601
71.47189831733704,1.090000033378601
71.50789833068848,1.090000033378601
71.53989815711975,1.090000033378601
71.56690049171448,1.0700000524520874
71.60890054702759,1.0700000524520874
71.6379005908966,1.0700000524520874
71.66689586639404,1.0700000524520874
71.7078959941864,1.059999942779541
71.73689603805542,1.059999942779541
71.77889680862427,1.059999942779541
71.80889678001404,1.059999942779541
71.84289741516113,1.059999942779541
71.87789726257324,1.0700000524520874
71.91289758682251,1.0700000524520874
71.94089984893799,1.090000033378601
71.96889972686768,1.090000033378601
72.01189970970154,1.090000033378601
72.0398998260498,1.090000033378601
72.0679018497467,1.090000033378601
72.10990190505981,1.090000033378601
72.1379017829895,1.100000023841858
72.17290472984314,1.100000023841858
72.20790457725525,1.100000023841858
72.2379047870636,1.100000023841858
72.27290606498718,1.100000023841858
72.30990624427795,1.1100000143051147
72.34290623664856,1.1100000143051147
72.37790846824646,1.1100000143051147
72.41390872001648,1.1100000143051147
72.44091010093689,1.100000023841858
72.46991014480591,1.100000023841858
72.49890995025635,1.100000023841858
72.54091000556946,1.100000023841858
72.56890845298767,1.100000023841858
72.61490845680237,1.090000033378601
72.63990759849548,1.090000033378601
72.67690753936768,1.090000033378601
72.69790744781494,1.090000033378601
72.74191045761108,1.090000033378601
72.7689106464386,1.090000033378601
72.81091046333313,1.100000023841858
72.83890986442566,1.100000023841858
72.87390947341919,1.1100000143051147
72.91090965270996,1.1100000143051147
72.94390964508057,1.1100000143051147
72.97190237045288,1.1100000143051147
72.99990248680115,1.1100000143051147
73.04190182685852,1.1100000143051147
73.07890176773071,1.1100000143051147
73.09790182113647,1.1100000143051147
73.13990187644958,1.1100000143051147
73.1679015159607,1.1100000143051147
73.2099015712738,1.1100000143051147
73.23790168762207,1.1100000143051147
73.27390170097351,1.1100000143051147
73.30790185928345,1.1100000143051147
73.34290099143982,1.1100000143051147
73.37790107727051,1.1100000143051147
73.39890098571777,1.1100000143051147
73.44090104103088,1.100000023841858
73.46890187263489,1.0700000524520874
73.51190185546875,1.059999942779541
73.53890180587769,1.059999942779541
73.56790137290955,1.0499999523162842
73.60890126228333,1.0499999523162842
73.63790130615234,1.059999942779541
73.67290878295898,1.059999942779541
73.70790886878967,1.059999942779541
73.74390888214111,1.059999942779541
73.77790975570679,1.0399999618530271
73.81290984153748,1.0399999618530271
73.84090971946716,1.0399999618530271
73.87691020965576,1.0499999523162842
73.9129102230072,1.059999942779541
73.9409110546112,1.059999942779541
73.96891117095947,1.059999942779541
74.010910987854,1.0499999523162842
74.03991174697876,1.0499999523162842
74.08091187477112,1.0499999523162842
74.1089117527008,1.059999942779541
74.13791179656982,1.059999942779541
74.17291355133057,1.0700000524520874
74.20791387557983,1.090000033378601
74.24291372299194,1.090000033378601
74.27291560173035,1.100000023841858
74.3139157295227,1.1100000143051147
74.34191560745239,1.1100000143051147
74.36991572380066,1.1100000143051147
74.39891576766968,1.1200000047683716
74.44091653823853,1.1200000047683716
74.46891665458679,1.1299999952316284
74.51091647148132,1.1299999952316284
74.5389153957367,1.1299999952316284
74.5739152431488,1.1299999952316284
74.60991525650024,1.1299999952316284
74.63891506195068,1.1200000047683716
74.66891527175903,1.1200000047683716
74.69791507720947,1.100000023841858
74.73991513252258,1.1100000143051147
74.77790880203247,1.1200000047683716
74.79790878295898,1.1200000047683716
74.84090876579285,1.1200000047683716
74.86891078948975,1.1200000047683716
74.89791107177734,1.1200000047683716
74.93891072273254,1.1200000047683716
74.96990942955017,1.1200000047683716
75.01090955734253,1.1299999952316284
75.03791213035583,1.1299999952316284
75.07491207122803,1.1299999952316284
75.10791206359863,1.1299999952316284
75.14291214942932,1.1299999952316284
75.17891263961792,1.1299999952316284
75.20791244506836,1.1200000047683716
75.24291729927063,1.100000023841858
75.27091717720032,1.0499999523162842
75.30691719055176,1.0399999618530271
75.3409149646759,1.0399999618530271
75.37891507148743,1.0499999523162842
75.39791488647461,1.0499999523162842
75.4399151802063,1.0499999523162842
75.4689154624939,1.0499999523162842
75.51091527938843,1.0499999523162842
75.53891515731812,1.0499999523162842
75.58091711997986,1.059999942779541
75.6089174747467,1.0499999523162842
75.63791728019714,1.0499999523162842
75.66791725158691,1.0499999523162842
75.70791745185852,1.0499999523162842
75.73691844940186,1.0499999523162842
75.77891850471497,1.0499999523162842
75.80791854858398,1.059999942779541
75.84191846847534,1.059999942779541
75.87791848182678,1.0499999523162842
75.9069185256958,1.0499999523162842
75.93691849708557,1.0499999523162842
75.97892045974731,1.0499999523162842
76.00792074203491,1.0499999523162842
76.04092073440552,1.0499999523162842
76.07992315292358,1.059999942779541
76.09892320632935,1.059999942779541
76.14092516899109,1.059999942779541
76.16892504692078,1.059999942779541
76.21192526817322,1.0700000524520874
76.2399251461029,1.0700000524520874
76.26792526245117,1.0700000524520874
76.29792547225952,1.0700000524520874
76.33992624282837,1.0700000524520874
76.36892604827881,1.059999942779541
76.40992617607117,1.059999942779541
76.43792605400085,1.059999942779541
76.4729266166687,1.059999942779541
76.50792646408081,1.0499999523162842
76.53792667388916,1.0499999523162842
76.57092833518982,1.0499999523162842
76.5989282131195,1.0499999523162842
76.64092826843262,1.059999942779541
76.66892766952515,1.059999942779541
76.69792771339417,1.0700000524520874
76.73892760276794,1.090000033378601
76.77392840385437,1.090000033378601
76.81092858314514,1.100000023841858
76.84393000602722,1.100000023841858
76.87392997741699,1.059999942779541
76.9069299697876,1.059999942779541
76.94193005561829,1.059999942779541
76.97793006896973,1.0700000524520874
77.01093006134033,1.0700000524520874
77.04293012619019,1.090000033378601
77.07192993164062,1.100000023841858
77.09993004798889,1.1100000143051147
77.14292812347412,1.1100000143051147
77.17792820930481,1.1200000047683716
77.19792819023132,1.1200000047683716
77.2399275302887,1.1299999952316284
77.26992726325989,1.1299999952316284
77.29892754554749,1.1299999952316284
77.33892726898193,1.1299999952316284
77.36792492866516,1.1200000047683716
77.41092491149902,1.1200000047683716
77.43792414665222,1.1200000047683716
77.47492408752441,1.1200000047683716
77.5099241733551,1.1200000047683716
77.53892421722412,1.1299999952316284
77.57992506027222,1.1399999856948853
77.60892486572266,1.1399999856948853
77.63792490959167,1.1399999856948853
77.66792345046997,1.1399999856948853
77.7099232673645,1.1399999856948853
77.73892331123352,1.1399999856948853
77.76792407035828,1.149999976158142
77.81192421913147,1.149999976158142
77.8389241695404,1.149999976158142
77.88092637062073,1.149999976158142
77.908926486969,1.149999976158142
77.9379255771637,1.149999976158142
77.97292566299438,1.149999976158142
78.00892567634583,1.149999976158142
78.03992486000061,1.1299999952316284
78.06792545318604,1.0700000524520874
78.11292505264282,1.0700000524520874
78.13892436027527,1.0700000524520874
78.16792440414429,1.0700000524520874
78.20892405509949,1.0700000524520874
78.23692846298218,1.059999942779541
78.2729287147522,1.059999942779541
78.30792880058289,1.0700000524520874
78.33792877197266,1.0700000524520874
78.37293124198914,1.0700000524520874
78.40993118286133,1.059999942779541
78.43693137168884,1.059999942779541
78.46693205833435,1.059999942779541
78.50893235206604,1.0700000524520874
78.53793239593506,1.0700000524520874
78.57293248176575,1.059999942779541
78.60993266105652,1.059999942779541
78.63693261146545,1.059999942779541
78.6739330291748,1.059999942779541
78.70693302154541,1.059999942779541
78.74193024635315,1.059999942779541
78.77093005180359,1.0700000524520874
78.80993032455444,1.0700000524520874
78.84292984008789,1.0700000524520874
78.87092971801758,1.0700000524520874
78.89892983436584,1.090000033378601
78.94292759895325,1.090000033378601
78.96992778778076,1.090000033378601
78.99892783164978,1.090000033378601
79.03992772102356,1.090000033378601
79.06992650032043,1.090000033378601
79.09792637825012,1.090000033378601
79.13892650604248,1.090000033378601
79.16792345046997,1.090000033378601
79.21092319488525,1.090000033378601
79.23792147636414,1.090000033378601
79.26792168617249,1.090000033378601
79.30992126464844,1.090000033378601
79.33892560005188,1.090000033378601
79.37392568588257,1.090000033378601
79.41092586517334,1.090000033378601
79.43792414665222,1.090000033378601
79.47192406654358,1.100000023841858
79.50792407989502,1.0700000524520874
79.54292416572571,1.0499999523162842
79.57892966270447,1.0399999618530271
79.59892964363098,1.0399999618530271
79.64292979240417,1.0099999904632568
79.6779317855835,1.0199999809265137
79.70693182945251,1.0399999618530271
79.74093127250671,1.0399999618530271
79.77693152427673,1.0499999523162842
79.81193161010742,1.0499999523162842
79.83993196487427,1.0499999523162842
79.86793208122253,1.0499999523162842
79.9109320640564,1.0499999523162842
79.93993210792542,1.059999942779541
79.9809319972992,1.059999942779541
80.00893211364746,1.059999942779541
80.03793740272522,1.059999942779541
80.07293725013733,1.059999942779541
80.10793733596802,1.059999942779541
80.1369378566742,1.0499999523162842
80.17993760108948,1.059999942779541
80.20693778991699,1.059999942779541
80.23693776130676,1.059999942779541
80.27293944358826,1.0499999523162842
80.30793952941895,1.0499999523162842
80.33793878555298,1.0399999618530271
80.38093876838684,1.0399999618530271
80.40993905067444,1.0499999523162842
80.4369387626648,1.0499999523162842
80.4719386100769,1.059999942779541
80.50793862342834,1.059999942779541
80.54193878173828,1.059999942779541
80.57793736457825,1.059999942779541
80.59793734550476,1.059999942779541
80.6419403553009,1.059999942779541
80.66894006729126,1.0700000524520874
80.71094036102295,1.090000033378601
80.73893976211548,1.090000033378601
80.769939661026,1.100000023841858
80.81093978881836,1.100000023841858
80.83793926239014,1.100000023841858
80.87393927574158,1.100000023841858
80.90793919563293,1.100000023841858
80.9379391670227,1.100000023841858
80.97093915939331,1.100000023841858
80.99893927574158,1.1100000143051147
81.04193902015686,1.1100000143051147
81.0689389705658,1.1100000143051147
81.09793901443481,1.1100000143051147
81.13893747329712,1.1100000143051147
81.16793727874756,1.100000023841858
81.21093726158142,1.100000023841858
81.23793745040894,1.100000023841858
81.27393746376038,1.100000023841858
81.3089370727539,1.100000023841858
81.33793473243713,1.100000023841858
81.37193465232849,1.090000033378601
81.40993452072144,1.0700000524520874
81.43793416023254,1.0700000524520874
81.47393417358398,1.0700000524520874
81.50993418693542,1.100000023841858
81.5389335155487,1.1100000143051147
81.57993364334106,1.1100000143051147
81.61193370819092,1.1100000143051147
81.63793325424194,1.1100000143051147
81.67193293571472,1.1100000143051147
81.70793294906616,1.1100000143051147
81.74393320083618,1.1100000143051147
81.77193307876587,1.1100000143051147
81.80893301963806,1.1100000143051147
81.84193301200867,1.1100000143051147
81.86993288993835,1.1100000143051147
81.91193294525146,1.100000023841858
81.93993306159973,1.100000023841858
81.9689347743988,1.100000023841858
82.0109350681305,1.100000023841858
82.03993606567383,1.100000023841858
82.06793665885925,1.100000023841858
82.10993647575378,1.100000023841858
82.13793635368347,1.090000033378601
82.17292976379395,1.090000033378601
82.20892977714539,1.059999942779541
82.24393105506897,1.059999942779541
82.27293086051941,1.0700000524520874
82.30793046951294,1.0700000524520874
82.34193086624146,1.090000033378601
82.36993074417114,1.090000033378601
82.401930809021,1.100000023841858
82.44093084335327,1.100000023841858
82.46893072128296,1.100000023841858
82.50593090057373,1.1100000143051147
82.53892946243286,1.1100000143051147
82.57392930984497,1.1100000143051147
82.60992932319641,1.1100000143051147
82.63892936706543,1.1100000143051147
82.67392945289612,1.1100000143051147
82.70892930030823,1.100000023841858
82.73792934417725,1.100000023841858
82.7729275226593,1.090000033378601
82.81092739105225,1.0700000524520874
82.8429274559021,1.0700000524520874
82.87092423439026,1.059999942779541
82.89892411231995,1.0499999523162842
82.94092154502869,1.0499999523162842
82.97092151641846,1.0399999618530271
82.9989218711853,1.0399999618530271
83.04092168807983,1.0399999618530271
83.0699212551117,1.0499999523162842
83.09792160987854,1.0499999523162842
83.13992166519165,1.0499999523162842
83.16792035102844,1.059999942779541
83.20992040634155,1.059999942779541
83.23892021179199,1.059999942779541
83.27391982078552,1.059999942779541
83.31091976165771,1.0700000524520874
83.33891987800598,1.0700000524520874
83.3739161491394,1.090000033378601
83.40991616249084,1.090000033378601
83.43791341781616,1.090000033378601
83.47991347312927,1.090000033378601
83.50791335105896,1.090000033378601
83.54291343688965,1.090000033378601
83.5779139995575,1.0399999618530271
83.60691380500793,1.0399999618530271
83.63891386985779,1.0299999713897705
83.66691160202026,1.0299999713897705
83.70891165733337,1.0399999618530271
83.73791170120239,1.0399999618530271
83.7729139328003,1.0399999618530271
83.8079137802124,1.0399999618530271
83.83691382408142,1.0499999523162842
83.88091444969177,1.0499999523162842
83.90691471099854,1.0499999523162842
83.93691444396973,1.059999942779541
83.96991491317749,1.059999942779541
84.0119149684906,1.059999942779541
84.03991484642029,1.059999942779541
84.0679132938385,1.059999942779541
84.1119134426117,1.059999942779541
84.13891339302063,1.059999942779541
84.16791486740112,1.0499999523162842
84.20891499519348,1.0499999523162842
84.23691487312317,1.0499999523162842
84.27191805839539,1.0399999618530271
84.30791807174683,1.0299999713897705
84.33791780471802,1.0399999618530271
84.36991786956787,1.0499999523162842
84.39791774749756,1.059999942779541
84.43991780281067,1.0700000524520874
84.46791577339172,1.0700000524520874
84.50991559028625,1.0700000524520874
84.53791570663452,1.0700000524520874
84.57291603088379,1.0700000524520874
84.60991597175598,1.090000033378601
84.64291596412659,1.090000033378601
84.67091703414917,1.090000033378601
84.69891691207886,1.0700000524520874
84.74091696739197,1.0700000524520874
84.77791714668274,1.0700000524520874
84.81091713905334,1.0700000524520874
84.8389184474945,1.0700000524520874
84.8739185333252,1.0399999618530271
84.9089183807373,1.0099999904632568
84.9369170665741,1.0199999809265137
84.9719169139862,1.0299999713897705
85.0069169998169,1.0399999618530271
85.04291701316833,1.0399999618530271
85.07691621780396,1.0399999618530271
85.09891605377197,1.0399999618530271
85.13991618156433,1.0499999523162842
85.16791486740112,1.0499999523162842
85.21091485023499,1.059999942779541
85.23791456222534,1.059999942779541
85.27391457557678,1.059999942779541
85.30791473388672,1.0499999523162842
85.34291195869446,1.0499999523162842
85.37891173362732,1.059999942779541
85.40791177749634,1.059999942779541
85.43691086769104,1.0499999523162842
85.47191119194031,1.059999942779541
85.5089111328125,1.059999942779541
85.53891086578369,1.0499999523162842
85.57990956306458,1.0499999523162842
85.60790944099426,1.0499999523162842
85.6369092464447,1.0499999523162842
85.6719114780426,1.0499999523162842
85.70691132545471,1.0499999523162842
85.7419114112854,1.059999942779541
85.77690935134888,1.059999942779541
85.81190919876099,1.059999942779541
85.83990931510925,1.059999942779541
85.86891031265259,1.059999942779541
85.9109103679657,1.0700000524520874
85.93891024589539,1.0700000524520874
85.96791458129883,1.090000033378601
86.00991463661194,1.090000033378601
86.0379147529602,1.090000033378601
86.07290840148926,1.090000033378601
86.10890865325928,1.100000023841858
86.1399085521698,1.100000023841858
86.16790986061096,1.100000023841858
86.21290969848633,1.100000023841858
86.23990988731384,1.100000023841858
86.27291297912598,1.100000023841858
86.30791306495667,1.100000023841858
86.34291505813599,1.100000023841858
86.37091517448425,1.100000023841858
86.39891505241394,1.100000023841858
86.44091582298279,1.090000033378601
86.46891593933105,1.090000033378601
86.50591588020325,1.0700000524520874
86.53891587257385,1.0700000524520874
86.57391595840454,1.0700000524520874
86.60991597175598,1.090000033378601
86.63991594314575,1.090000033378601
86.66891884803772,1.100000023841858
86.69791865348816,1.100000023841858
86.73991775512695,1.1100000143051147
86.76991772651672,1.1100000143051147
86.81091785430908,1.1100000143051147
86.83791780471802,1.100000023841858
86.87291598320007,1.059999942779541
86.90791583061218,1.059999942779541
86.93691611289978,1.059999942779541
86.97791624069214,1.059999942779541
87.01091623306274,1.059999942779541
87.03791737556458,1.059999942779541
87.0669174194336,1.059999942779541
87.10791754722595,1.059999942779541
87.13791751861572,1.059999942779541
87.17191457748413,1.059999942779541
87.20791459083557,1.059999942779541
87.24291467666626,1.059999942779541
87.27691388130188,1.059999942779541
87.29891395568848,1.0499999523162842
87.3399121761322,1.059999942779541
87.37091207504272,1.0700000524520874
87.41191220283508,1.100000023841858
87.43991208076477,1.100000023841858
87.46791386604309,1.100000023841858
87.50991368293762,1.1100000143051147
87.53891372680664,1.1100000143051147
87.57991433143616,1.1100000143051147
87.60791444778442,1.090000033378601
87.64291405677795,1.059999942779541
87.67791438102722,1.0399999618530271
87.69891405105591,1.0399999618530271
87.7409143447876,1.0399999618530271
87.76891493797302,1.0399999618530271
87.81291484832764,1.0499999523162842
87.83991479873657,1.0499999523162842
87.86791515350342,1.059999942779541
87.90991520881653,1.059999942779541
87.9399151802063,1.059999942779541
87.96790862083435,1.059999942779541
88.01290845870972,1.0399999618530271
88.03890824317932,1.0399999618530271
88.06790804862976,1.0399999618530271
88.10890817642212,1.0499999523162842
88.1369080543518,1.0499999523162842
88.18091154098511,1.059999942779541
88.20691156387329,1.059999942779541
88.2369122505188,1.059999942779541
88.27791237831116,1.059999942779541
88.30891227722168,1.059999942779541
88.34191226959229,1.0499999523162842
88.36991238594055,1.0499999523162842
88.39791226387024,1.0499999523162842
88.43991208076477,1.0499999523162842
88.46891212463379,1.0499999523162842
88.49791216850281,1.0399999618530271
88.54091215133667,1.0299999713897705
88.57290458679199,1.0299999713897705
88.61390471458435,1.0299999713897705
88.64090490341187,1.0399999618530271
88.66890501976013,1.0499999523162842
88.70790505409241,1.059999942779541
88.73890519142151,1.059999942779541
88.7739052772522,1.0700000524520874
88.81090545654297,1.0700000524520874
88.83890533447266,1.0700000524520874
88.87390542030334,1.0700000524520874
88.90990543365479,1.0199999809265137
88.93790364265442,1.0299999713897705
88.97190356254578,1.0399999618530271
89.00890374183655,1.0399999618530271
89.03690385818481,1.0399999618530271
89.06690263748169,1.0399999618530271
89.10790252685547,1.0499999523162842
89.13890194892883,1.0499999523162842
89.17990183830261,1.059999942779541
89.21090197563171,1.059999942779541
89.23790097236633,1.0499999523162842
89.26690101623535,1.0499999523162842
89.30990099906921,1.0499999523162842
89.33789849281311,1.0499999523162842
89.36689853668213,1.059999942779541
89.40889859199524,1.0499999523162842
89.43789863586426,1.059999942779541
89.46789765357971,1.0499999523162842
89.50789785385132,1.059999942779541
89.53889846801758,1.0499999523162842
89.56689858436584,1.059999942779541
89.60889863967896,1.059999942779541
89.6378984451294,1.059999942779541
89.66789984703064,1.059999942779541
89.70789980888367,1.0700000524520874
89.73989987373352,1.0700000524520874
89.77289986610413,1.0700000524520874
89.80889987945557,1.0700000524520874
89.83789944648743,1.0700000524520874
89.88089990615845,1.090000033378601
89.90789985656738,1.0700000524520874
89.9368999004364,1.059999942779541
89.97790265083313,1.0700000524520874
90.0079026222229,1.0700000524520874
90.0409026145935,1.0700000524520874
90.06890273094177,1.0700000524520874
90.11190271377563,1.059999942779541
90.13890266418457,1.0700000524520874
90.16790246963501,1.059999942779541
90.19790267944336,1.0700000524520874
90.23990106582642,1.0700000524520874
90.26890087127686,1.0700000524520874
90.29890084266663,1.0700000524520874
90.34190106391907,1.090000033378601
90.3768949508667,1.090000033378601
90.39789485931396,1.090000033378601
90.43989419937134,1.090000033378601
90.47689414024353,1.090000033378601
90.50989413261414,1.090000033378601
90.54289412498474,1.090000033378601
90.57189416885376,1.0700000524520874
90.6078941822052,1.0700000524520874
90.64289259910583,1.059999942779541
90.67789244651794,1.0499999523162842
90.70989274978638,1.0399999618530271
90.73789262771606,1.0399999618530271
90.77389287948608,1.0399999618530271
90.80889296531677,1.0399999618530271
90.83889126777649,1.0399999618530271
90.8718912601471,1.0399999618530271
90.90989136695862,1.0399999618530271
90.93689107894897,1.0199999809265137
90.97789120674133,1.0199999809265137
91.00689101219177,1.0099999904632568
91.03888964653015,1.0099999904632568
91.06788945198059,1.0099999904632568
91.11088967323303,1.0099999904632568
91.13788771629333,1.0099999904632568
91.17388772964478,1.0099999904632568
91.20788788795471,1.0099999904632568
91.24288511276245,1.0099999904632568
91.27988529205322,1.0
91.29888486862183,1.0
91.34188485145569,0.9800000190734864
91.3688850402832,0.9800000190734864
91.39688491821289,1.0
91.44688606262207,0.9800000190734864
91.46688604354858,0.9800000190734864
91.5088860988617,0.9800000190734864
91.53788590431213,0.9800000190734864
91.56688809394836,0.9700000286102296
91.60788798332214,0.9800000190734864
91.63888812065125,0.9700000286102296
91.66888618469238,0.9700000286102296
91.71288633346558,0.9700000286102296
91.73888635635376,0.9700000286102296
91.76888585090637,0.9700000286102296
91.8088858127594,0.9700000286102296
91.83788537979126,0.9800000190734864
91.87288546562195,0.9800000190734864
91.90788555145264,0.9700000286102296
91.93688726425171,0.9700000286102296
91.97088742256165,0.9800000190734864
92.01288747787476,1.0099999904632568
92.04088759422302,1.0
92.06888747215271,1.0
92.11288738250732,1.0099999904632568
92.13888788223267,1.0199999809265137
92.16888785362244,1.0199999809265137
92.20988774299622,1.0199999809265137
92.23788738250732,1.0199999809265137
92.27288746833801,1.0299999713897705
92.30788731575012,1.0199999809265137
92.33788704872131,1.0299999713897705
92.37288689613342,1.0299999713897705
92.4098870754242,1.0299999713897705
92.43788695335388,1.0299999713897705
92.47288680076599,1.0299999713897705
92.50888705253601,1.0199999809265137
92.53688502311707,1.0199999809265137
92.57788491249084,1.0099999904632568
92.61088490486145,1.0099999904632568
92.63688492774963,1.0099999904632568
92.66689014434814,1.0099999904632568
92.709890127182,1.0
92.7378900051117,1.0099999904632568
92.77289009094238,1.0099999904632568
92.80989003181458,1.0099999904632568
92.83788990974426,1.0099999904632568
92.8668897151947,1.0
92.90988993644714,1.0
92.93888974189758,1.0099999904632568
92.97288990020752,1.0099999904632568
93.00788974761963,1.0099999904632568
93.04188990592957,1.0099999904632568
93.07789254188538,1.0
93.10789275169373,1.0
93.14289259910583,1.0
93.17888975143433,1.0099999904632568
93.19888973236084,1.0099999904632568
93.24188899993896,1.0099999904632568
93.27688884735107,1.0
93.29888916015625,1.0
93.33888912200928,0.9800000190734864
93.36688899993896,0.9800000190734864
93.41088914871216,0.9800000190734864
93.43788886070251,1.0
93.46688914299011,0.9800000190734864
93.50888895988464,1.0
93.538889169693,0.9800000190734864
93.56888890266418,1.0
93.61188888549805,1.0
93.63988876342773,1.0099999904632568
93.66688942909241,1.0099999904632568
93.70888924598694,1.0099999904632568
93.7368893623352,1.0099999904632568
93.77188920974731,1.0199999809265137
93.80788946151733,1.0099999904632568
93.84188938140869,0.9800000190734864
93.87689113616943,1.0
93.9118914604187,1.0
93.93989372253418,1.0
93.96789360046387,0.9800000190734864
94.00989365577698,0.9800000190734864
94.03789377212524,1.0099999904632568
94.07289385795593,1.0099999904632568
94.10789394378662,1.0299999713897705
94.13789248466492,1.0099999904632568
94.17089247703552,1.0
94.19989204406738,1.0
94.24089241027832,1.0
94.26889061927795,1.0
94.29689049720764,0.9800000190734864
94.3398904800415,0.9800000190734864
94.36889266967773,0.9800000190734864
94.40989255905151,0.9800000190734864
94.43689274787903,1.0
94.47289204597473,1.0099999904632568
94.50689244270325,0.9800000190734864
94.5418906211853,0.9800000190734864
94.57789063453674,1.0099999904632568
94.59789061546326,1.0099999904632568
94.64188981056213,1.0
94.66888976097107,1.0099999904632568
94.69688987731934,1.0199999809265137
94.73788857460022,1.0199999809265137
94.77988862991333,1.0099999904632568
94.81088852882385,1.0099999904632568
94.84288787841797,1.0299999713897705
94.87088775634766,1.0199999809265137
94.89888787269592,1.0199999809265137
94.9408860206604,1.0199999809265137
94.96988606452942,0.9800000190734864
95.0108859539032,0.9800000190734864
95.04188537597656,1.0099999904632568
95.06988525390625,1.0199999809265137
95.09888553619385,1.0299999713897705
95.1388852596283,1.0399999618530271
95.16788244247437,1.0499999523162842
95.2108826637268,1.059999942779541
95.23788237571716,1.059999942779541
95.2748818397522,1.0299999713897705
95.30888199806213,0.9800000190734864
95.3388819694519,0.9700000286102296
95.36688208580017,0.9700000286102296
95.40888214111328,0.9800000190734864
95.4378821849823,0.9800000190734864
95.46788287162781,1.0
95.5098831653595,1.0
95.5388834476471,1.0099999904632568
95.56888341903687,1.0
95.61288332939148,1.0099999904632568
95.639883518219,1.0099999904632568
95.6688826084137,1.0099999904632568
95.7108826637268,1.0199999809265137
95.73988246917725,1.0199999809265137
95.76688265800476,1.0099999904632568
95.80888247489929,1.0099999904632568
95.83888173103333,1.0199999809265137
95.86788153648376,1.0299999713897705
95.90788173675537,1.0099999904632568
95.93688154220581,1.0099999904632568
95.97988104820251,1.0099999904632568
96.00688147544861,1.0099999904632568
96.04188084602356,1.0199999809265137
96.06988096237183,1.0099999904632568
96.11388087272644,1.0099999904632568
96.13988089561462,1.0
96.16888117790222,1.0
96.19788146018982,0.9800000190734864
96.23988080024719,1.0
96.26788091659546,1.0
96.29688096046448,1.0
96.33888053894043,1.0
96.3688805103302,0.9800000190734864
96.40988063812256,0.9300000071525574
96.43688035011292,0.9700000286102296
96.47388005256653,1.0
96.49988031387329,1.0099999904632568
96.54187822341919,1.0299999713897705
96.56987833976746,1.0399999618530271
96.59787821769714,1.0399999618530271
96.64187812805176,1.0499999523162842
96.66787815093994,1.0499999523162842
96.70287799835205,1.0499999523162842
96.73788356781006,1.0399999618530271
96.77288365364075,1.0399999618530271
96.80788373947144,1.0399999618530271
96.84288358688354,1.0399999618530271
96.87088251113892,1.0399999618530271
96.9068820476532,1.0399999618530271
96.94087982177734,1.0399999618530271
96.96987986564636,1.0399999618530271
97.01087975502014,1.0499999523162842
97.0418791770935,1.0499999523162842
97.07787919044495,1.0399999618530271
97.10687899589539,1.0499999523162842
97.14187836647034,1.0399999618530271
97.16887831687927,1.0399999618530271
97.21187806129456,1.0399999618530271
97.23887825012207,1.0299999713897705
97.26787853240967,1.0299999713897705
97.30987858772278,1.0299999713897705
97.3388786315918,1.0299999713897705
97.3668749332428,1.0299999713897705
97.40887498855591,1.0399999618530271
97.4368748664856,1.0399999618530271
97.48087453842163,1.0399999618530271
97.50987458229065,1.0499999523162842
97.53887557983398,1.059999942779541
97.56787538528442,1.059999942779541
97.61087560653687,1.059999942779541
97.6478750705719,1.0700000524520874
97.66887497901917,1.0700000524520874
97.71187496185303,1.0700000524520874
97.73887324333191,1.059999942779541
97.7678735256195,1.0499999523162842
97.80887341499329,1.0399999618530271
97.83987355232239,1.0399999618530271
97.86987519264221,1.0399999618530271
97.91287517547607,1.0399999618530271
97.94087529182434,1.0399999618530271
97.96987533569336,1.0399999618530271
98.01287531852722,1.0399999618530271
98.04087519645691,1.0399999618530271
98.06887531280518,1.0399999618530271
98.10487532615662,1.0399999618530271
98.13987445831299,1.0499999523162842
98.16887474060059,1.059999942779541
98.20987462997437,1.059999942779541
98.23887610435486,1.059999942779541
98.27387595176697,1.059999942779541
98.30887603759766,1.059999942779541
98.34387421607971,1.059999942779541
98.37287425994873,1.059999942779541
98.40987420082092,1.059999942779541
98.44287419319153,1.0499999523162842
98.47387409210205,1.0399999618530271
98.50887417793274,1.0399999618530271
98.5388731956482,1.0399999618530271
98.57387328147888,1.0399999618530271
98.61087346076965,1.0399999618530271
98.63987326622009,1.0299999713897705
98.66886901855469,1.0299999713897705
98.69886898994446,1.0299999713897705
98.74086737632751,1.0199999809265137
98.77886724472046,1.0099999904632568
98.79786729812622,1.0099999904632568
98.84186720848083,1.0199999809265137
98.87686705589294,1.0199999809265137
98.90786695480347,1.0299999713897705
98.94286489486694,1.0299999713897705
98.97886490821838,1.0299999713897705
98.9988648891449,1.0399999618530271
99.04286432266235,1.0199999809265137
99.07686424255371,1.0299999713897705
99.09886431694031,1.0299999713897705
99.14086413383484,1.0399999618530271
99.16886138916016,1.0399999618530271
99.21186137199402,1.0399999618530271
99.23886132240295,1.0399999618530271
99.26786279678345,1.0399999618530271
99.30986261367798,1.0399999618530271
99.33886384963989,1.0399999618530271
99.36686372756958,1.0399999618530271
99.40886378288269,1.0399999618530271
99.43786382675171,1.0399999618530271
99.46786451339722,1.0399999618530271
99.50986456871033,1.0299999713897705
99.53786611557007,1.0199999809265137
99.57886600494385,1.0199999809265137
99.60786604881287,1.0099999904632568
99.64286613464355,1.0099999904632568
99.67786574363708,1.0
99.71286582946777,1.0
99.74086546897888,0.9800000190734864
99.76886558532715,1.0
99.81086540222168,1.0
99.8398654460907,1.0
99.88186526298523,1.0
99.90986514091492,0.9800000190734864
99.93886375427246,0.9800000190734864
99.96886372566223,0.9800000190734864
100.00986385345459,0.9800000190734864
100.03786325454712,0.9700000286102296
100.07286286354065,0.9800000190734864
100.10786318778992,0.9800000190734864
100.13686203956604,0.9800000190734864
100.17186188697815,0.9800000190734864
100.20986199378967,0.9800000190734864
100.24186086654663,1.0
100.2768611907959,1.0
100.29786086082458,1.0
100.34186124801636,1.0099999904632568
100.37785863876343,1.0099999904632568
100.39785861968994,1.0099999904632568
100.43885827064514,1.0099999904632568
100.46785831451416,1.0099999904632568
100.50985836982727,1.0
100.53785824775696,1.0
100.56685662269592,1.0099999904632568
100.61085653305054,1.0099999904632568
100.63685655593872,1.0199999809265137
100.66785621643066,1.0199999809265137
100.70985627174377,1.0199999809265137
100.7468535900116,1.0299999713897705
100.76785326004028,1.0299999713897705
100.81085324287415,1.0399999618530271
100.8378529548645,1.0399999618530271
100.86685299873352,1.0399999618530271
100.90885305404663,1.0399999618530271
100.93885493278503,1.0399999618530271
100.97885489463806,1.0399999618530271
101.00785493850708,1.0399999618530271
101.04285502433777,1.0399999618530271
101.07785558700562,1.0399999618530271
101.10685586929321,1.0299999713897705
101.14085555076599,1.0299999713897705
101.16885685920715,1.0399999618530271
101.21185684204102,1.0399999618530271
101.23885703086853,1.0399999618530271
101.26785778999329,1.0399999618530271
101.3098578453064,1.0399999618530271
101.33885741233826,1.0399999618530271
101.36685729026794,1.0399999618530271
101.40885734558105,1.0399999618530271
101.43885731697083,1.0399999618530271
101.46785998344421,1.0399999618530271
101.508859872818,1.0399999618530271
101.53785991668701,1.0399999618530271
101.57985973358154,1.0399999618530271
101.60785984992981,1.0499999523162842
101.637859582901,1.0499999523162842
101.67285966873169,1.0399999618530271
101.70885968208313,1.0299999713897705
101.73785972595215,1.0199999809265137
101.77285981178284,1.0099999904632568
101.80785989761353,0.9800000190734864
101.83786010742188,1.0
101.87086009979248,1.0099999904632568
101.90986013412476,1.0199999809265137
101.94186019897461,1.0199999809265137
101.97285985946655,1.0199999809265137
102.00785994529724,1.0199999809265137
102.0418586730957,1.0299999713897705
102.06985855102539,1.0299999713897705
102.09885859489441,1.0399999618530271
102.14185786247253,1.0399999618530271
102.17885780334473,1.0399999618530271
102.19885778427124,1.0399999618530271
102.2418577671051,1.0499999523162842
102.26885867118835,1.0499999523162842
102.30585861206055,1.059999942779541
102.3398585319519,1.059999942779541
102.36885190010071,1.059999942779541
102.41085195541382,1.059999942779541
102.43985199928284,1.059999942779541
102.46784925460815,1.059999942779541
102.50284934043884,1.059999942779541
102.5398473739624,1.0499999523162842
102.56784725189209,1.0499999523162842
102.61084747314453,1.059999942779541
102.63784646987915,1.0700000524520874
102.67384672164917,1.0700000524520874
102.70884680747986,1.090000033378601
102.74284410476685,1.090000033378601
102.77284407615662,1.090000033378601
102.81084394454956,1.090000033378601
102.84284400939941,1.090000033378601
102.8788423538208,1.090000033378601
102.8988425731659,1.090000033378601
102.94284248352051,1.0700000524520874
102.96984386444092,1.0399999618530271
103.00784373283386,0.959999978542328
103.04184126853943,0.9800000190734864
103.07884120941162,1.0099999904632568
103.09884119033813,1.0199999809265137
103.14084124565125,1.0299999713897705
103.16884112358093,1.0299999713897705
103.21084117889404,1.0199999809265137
103.23984146118164,1.0199999809265137
103.26684284210205,1.0199999809265137
103.30884289741516,1.0199999809265137
103.33884286880493,1.0199999809265137
103.36784291267395,1.0199999809265137
103.40784287452698,1.0199999809265137
103.44284296035767,1.0099999904632568
103.47984290122986,1.0
103.5068428516388,1.0099999904632568
103.5378429889679,1.0099999904632568
103.57283997535706,1.0199999809265137
103.60783982276917,1.0099999904632568
103.64283967018127,1.0199999809265137
103.67283987998962,1.0299999713897705
103.7068395614624,1.0199999809265137
103.74183893203735,1.0099999904632568
103.7778389453888,1.0199999809265137
103.79883885383606,1.0199999809265137
103.8418390750885,1.0299999713897705
103.86983966827393,1.0299999713897705
103.91383957862854,1.0299999713897705
103.93983960151672,1.0199999809265137
103.96883940696716,1.0099999904632568
104.00383925437927,1.0
104.03783917427063,0.9800000190734864
104.06683945655823,0.9800000190734864
104.10983920097351,0.9800000190734864
104.13883781433105,0.9800000190734864
104.16683793067932,1.0
104.20983791351318,1.0
104.23783731460571,0.9800000190734864
104.2728374004364,1.0099999904632568
104.30783724784851,1.0099999904632568
104.33783602714539,1.0199999809265137
104.37783598899841,1.0299999713897705
104.41083598136902,1.0299999713897705
104.44283318519592,1.0299999713897705
104.47883319854736,1.0399999618530271
104.49883317947388,1.0299999713897705
104.54283332824707,1.0299999713897705
104.56983160972595,1.0199999809265137
104.59783172607422,1.0199999809265137
104.63883185386658,1.0199999809265137
104.66683197021484,1.0199999809265137
104.71083188056946,1.0299999713897705
104.73783206939697,1.0299999713897705
104.77183175086975,1.0399999618530271
104.80683159828186,1.0399999618530271
104.84183168411255,1.0299999713897705
104.87983345985413,1.0399999618530271
104.89883351325989,1.0399999618530271
104.93983340263367,1.0399999618530271
104.96783518791199,1.0399999618530271
105.0098352432251,1.0399999618530271
105.03883528709412,1.0399999618530271
105.07983160018921,1.0399999618530271
105.10783171653748,1.0399999618530271
105.14383387565613,1.0299999713897705
105.17883372306824,1.0199999809265137
105.20783376693726,1.0199999809265137
105.24083423614502,1.0099999904632568
105.26883435249329,1.0099999904632568
105.3128342628479,0.9800000190734864
105.33883666992188,0.9800000190734864
105.36883664131165,0.9700000286102296
105.41183662414551,0.9800000190734864
105.4398365020752,0.9700000286102296
105.46783661842346,0.9700000286102296
105.50983667373657,0.9800000190734864
105.53883647918701,0.9800000190734864
105.56883716583252,0.9800000190734864
105.6098370552063,0.9700000286102296
105.63783645629883,0.9700000286102296
105.67283654212952,0.9700000286102296
105.7078366279602,0.9700000286102296
105.7448365688324,0.9700000286102296
105.77183532714844,0.9700000286102296
105.80083537101746,0.9700000286102296
105.84083485603333,0.9700000286102296
105.87183499336243,0.9700000286102296
105.90783500671387,0.9700000286102296
105.94283485412598,0.9700000286102296
105.97883486747742,0.9700000286102296
106.01083493232727,0.9700000286102296
106.03783535957336,0.9700000286102296
106.06683540344238,0.9700000286102296
106.10983538627625,0.9700000286102296
106.13883519172668,0.9700000286102296
106.16783571243286,0.9800000190734864
106.20983576774597,0.9700000286102296
106.23783445358276,0.9800000190734864
106.26683449745178,0.9800000190734864
106.30983448028564,0.9800000190734864
106.33883452415466,1.0
106.37183451652527,1.0099999904632568
106.41083455085754,1.0199999809265137
106.43683409690857,1.0099999904632568
106.47183394432068,1.0099999904632568
106.50683403015137,1.0199999809265137
106.54183411598206,1.0199999809265137
106.57783126831055,1.0199999809265137
106.59783124923706,1.0199999809265137
106.64183139801025,1.0199999809265137
106.66983151435852,1.0099999904632568
106.69883155822754,1.0099999904632568
106.73883152008057,1.0099999904632568
106.7688319683075,1.0099999904632568
106.81183195114136,1.0199999809265137
106.83983206748962,1.0099999904632568
106.86883354187012,1.0199999809265137
106.91083359718323,1.0099999904632568
106.94683313369751,1.0099999904632568
106.96783328056335,1.0
107.00983333587646,1.0
107.03783345222473,1.0099999904632568
107.07183408737183,1.0099999904632568
107.10683393478394,1.0099999904632568
107.13783407211304,1.0099999904632568
107.17283940315247,1.0
107.2088394165039,1.0
107.23784136772156,1.0
107.27984142303467,1.0
107.30784153938293,1.0
107.33784341812134,0.9800000190734864
107.37284326553345,0.9700000286102296
107.40884351730347,1.0
107.43784356117249,1.0099999904632568
107.4728434085846,1.0199999809265137
107.50884342193604,1.0199999809265137
107.53784346580505,1.0299999713897705
107.57184338569641,1.0399999618530271
107.60084342956543,1.0399999618530271
107.64284324645996,1.0499999523162842
107.6708402633667,1.0499999523162842
107.71384024620056,1.059999942779541
107.74184012413025,1.059999942779541
107.76984333992004,1.0700000524520874
107.79884314537048,1.0700000524520874
107.84184312820435,1.0700000524520874
107.8688416481018,1.0700000524520874
107.905841588974,1.090000033378601
107.93983960151672,1.090000033378601
107.96883964538574,1.090000033378601
108.01083970069885,1.090000033378601
108.04283690452576,1.0700000524520874
108.06983685493469,1.0700000524520874
108.11083674430847,1.0700000524520874
108.138836145401,1.090000033378601
108.17383599281311,1.090000033378601
108.20983600616455,1.090000033378601
108.23883390426636,1.090000033378601
108.2728340625763,1.090000033378601
108.31083393096924,1.090000033378601
108.3438332080841,1.090000033378601
108.37083315849304,1.100000023841858
108.39983320236206,1.100000023841858
108.44283318519592,1.100000023841858
108.47883367538452,1.100000023841858
108.49883365631104,1.100000023841858
108.54083371162415,1.100000023841858
108.5698344707489,1.059999942779541
108.59883451461792,1.0299999713897705
108.63883447647095,1.0299999713897705
108.66883444786072,1.0299999713897705
108.71183466911316,1.0399999618530271
108.74283480644226,1.0399999618530271
108.777836561203,1.0399999618530271
108.80683660507202,1.0399999618530271
108.84183692932129,1.0399999618530271
108.87783694267273,1.0399999618530271
108.91283679008484,1.0399999618530271
108.9408369064331,1.0399999618530271
108.96884059906006,1.0399999618530271
108.99784064292908,1.0399999618530271
109.03984045982361,1.0399999618530271
109.0678403377533,1.0399999618530271
109.1098403930664,1.0399999618530271
109.13883972167969,1.0399999618530271
109.1678397655487,1.0399999618530271
109.20883965492249,1.0399999618530271
109.23784136772156,1.0399999618530271
109.27284145355225,1.0399999618530271
109.30884146690369,1.0499999523162842
109.33784055709839,1.059999942779541
109.37284064292908,1.059999942779541
109.40984058380127,1.059999942779541
109.44384026527405,1.059999942779541
109.47184014320374,1.059999942779541
109.499840259552,1.0700000524520874
109.54183983802795,1.0700000524520874
109.56983995437622,1.0700000524520874
109.59883999824524,1.059999942779541
109.64083933830261,1.059999942779541
109.66883945465088,1.059999942779541
109.70583939552307,1.059999942779541
109.7398431301117,1.059999942779541
109.77484345436096,1.059999942779541
109.8108434677124,1.059999942779541
109.83984303474426,1.0700000524520874
109.86884307861328,1.0700000524520874
109.90284299850464,1.090000033378601
109.93984127044678,1.090000033378601
109.96984124183655,1.100000023841858
110.01084113121033,1.100000023841858
110.03784084320068,1.1100000143051147
110.07384085655212,1.100000023841858
110.10884118080139,1.0399999618530271
110.14284086227417,1.0199999809265137
110.17283725738525,1.0199999809265137
110.21083760261536,1.0399999618530271
110.23783755302429,1.0399999618530271
110.2738344669342,1.0299999713897705
110.30983471870422,1.0299999713897705
110.33783507347107,1.0199999809265137
110.37883305549622,1.0299999713897705
110.40683245658875,1.0399999618530271
110.44283246994019,1.0499999523162842
110.47783160209656,1.0399999618530271
110.50783181190491,1.0399999618530271
110.54283165931702,1.0299999713897705
110.57982993125916,1.0399999618530271
110.60782980918884,1.0399999618530271
110.64483284950256,1.0199999809265137
110.67883276939392,1.0399999618530271
110.70783305168152,1.0399999618530271
110.74083280563354,1.059999942779541
110.77783346176147,1.100000023841858
110.81283354759216,1.0700000524520874
110.84083342552185,1.059999942779541
110.86883354187012,1.059999942779541
110.91183352470398,1.059999942779541
110.93983340263367,1.059999942779541
110.9698338508606,1.059999942779541
111.01283383369446,1.059999942779541
111.04083371162415,1.059999942779541
111.0698356628418,1.059999942779541
111.09883546829224,1.0700000524520874
111.14083576202393,1.0700000524520874
111.16883587837219,1.0700000524520874
111.21083569526672,1.0700000524520874
111.23983478546143,1.0700000524520874
111.26883506774902,1.0700000524520874
111.30983471870422,1.0700000524520874
111.33883547782898,1.0700000524520874
111.37383532524109,1.0700000524520874
111.40883541107178,1.090000033378601
111.43883538246155,1.090000033378601
111.47383713722229,1.0700000524520874
111.50983715057373,1.0700000524520874
111.54383707046509,1.090000033378601
111.57383728027344,1.090000033378601
111.60883736610413,1.090000033378601
111.63883781433105,1.0499999523162842
111.67383790016174,1.0499999523162842
111.70983791351318,1.059999942779541
111.74383783340454,1.0700000524520874
111.77383780479431,1.0700000524520874
111.80083775520325,1.0700000524520874
111.84283781051636,1.090000033378601
111.87083673477173,1.090000033378601
111.90883708000183,1.090000033378601
111.9388370513916,1.0700000524520874
111.97283458709717,1.0499999523162842
112.00183463096619,1.0399999618530271
112.04283499717712,1.0299999713897705
112.07083511352539,1.0299999713897705
112.09983515739441,1.0399999618530271
112.14283514022827,1.0399999618530271
112.17883253097534,1.0399999618530271
112.19883251190186,1.0399999618530271
112.24083256721497,1.0399999618530271
112.26883339881897,1.0399999618530271
112.30383324623108,1.0399999618530271
112.33883357048035,1.0299999713897705
112.3738341331482,1.0299999713897705
112.4088339805603,1.0299999713897705
112.42983412742615,1.0199999809265137
112.47183346748352,1.0199999809265137
112.49983358383179,1.0299999713897705
112.54183340072632,1.0299999713897705
112.56983351707458,1.0299999713897705
112.61283326148987,1.0399999618530271
112.63983583450317,1.0399999618530271
112.66883587837219,1.0399999618530271
112.70983576774597,1.0499999523162842
112.7448377609253,1.0499999523162842
112.77283787727356,1.0499999523162842
112.80983781814575,1.0499999523162842
112.83883786201477,1.0499999523162842
112.87383794784546,1.059999942779541
112.9098379611969,1.059999942779541
112.93883800506592,1.059999942779541
112.9738380908966,1.059999942779541
113.00983810424805,1.059999942779541
113.0398383140564,1.059999942779541
113.07483839988708,1.0499999523162842
113.10983848571777,1.0499999523162842
113.13883805274963,1.0499999523162842
113.17383813858032,1.0499999523162842
113.20383810997009,1.059999942779541
113.24083805084229,1.0700000524520874
113.26884078979492,1.0700000524520874
113.31384062767029,1.090000033378601
113.34084057807922,1.100000023841858
113.36884045600891,1.100000023841858
113.4108407497406,1.100000023841858
113.44183897972107,1.0700000524520874
113.46883893013,1.0399999618530271
113.49883890151978,1.0299999713897705
113.54083728790283,1.0299999713897705
113.56983733177185,1.0399999618530271
113.59783744812012,1.0499999523162842
113.64183735847473,1.059999942779541
113.66883730888367,1.059999942779541
113.69883728027344,1.059999942779541
113.73883724212646,1.059999942779541
113.77383947372437,1.059999942779541
113.81083917617798,1.059999942779541
113.83783912658691,1.059999942779541
113.87383794784546,1.0499999523162842
113.90883779525757,1.0399999618530271
113.93883776664734,1.0399999618530271
113.97983717918396,1.0499999523162842
114.0088369846344,1.059999942779541
114.02983713150024,1.0700000524520874
114.07183837890625,1.100000023841858
114.09983825683594,1.1100000143051147
114.14283847808838,1.1100000143051147
114.17883253097534,1.1200000047683716
114.19883251190186,1.1200000047683716
114.24083256721497,1.1299999952316284
114.26983189582825,1.1299999952316284
114.29883193969727,1.1299999952316284
114.33983206748962,1.1200000047683716
114.36883187294006,1.1200000047683716
114.41283202171326,1.1200000047683716
114.43983197212219,1.1100000143051147
114.47483086585999,1.1100000143051147
114.50983119010925,1.1100000143051147
114.5328311920166,1.1100000143051147
114.58082938194275,1.1100000143051147
114.60082936286926,1.1100000143051147
114.64382934570312,1.1100000143051147
114.67082476615906,1.1100000143051147
114.69982481002808,1.1100000143051147
114.74082446098328,1.1100000143051147
114.76982474327087,1.1200000047683716
114.79982471466064,1.1200000047683716
114.84082436561584,1.1200000047683716
114.86982417106628,1.1100000143051147
114.8988242149353,1.1100000143051147
114.94082427024841,1.1100000143051147
114.96882438659668,1.1200000047683716
115.00482439994812,1.1100000143051147
115.03982424736023,1.1100000143051147
115.06882381439209,1.100000023841858
115.10982370376587,1.100000023841858
115.13882207870483,1.1100000143051147
115.17382192611694,1.1100000143051147
115.21082186698914,1.1100000143051147
115.23982167243958,1.1100000143051147
115.27482175827026,1.1100000143051147
115.30982184410095,1.1100000143051147
115.3388204574585,1.1100000143051147
115.37382054328918,1.1100000143051147
115.40282034873962,1.1100000143051147
115.43781971931458,1.1200000047683716
115.47381973266602,1.1100000143051147
115.50881958007812,1.100000023841858
115.53881525993347,1.090000033378601
115.57281565666199,1.0700000524520874
115.61081552505493,1.0399999618530271
115.64381432533264,1.0399999618530271
115.67181420326233,1.0499999523162842
115.6998143196106,1.0499999523162842
115.7418143749237,1.0399999618530271
115.778813123703,1.0399999618530271
115.79881286621094,1.0399999618530271
115.84281301498413,1.0399999618530271
115.86881279945374,1.0499999523162842
115.91081285476685,1.059999942779541
115.93981266021729,1.0700000524520874
115.9738097190857,1.090000033378601
116.01180958747864,1.100000023841858
116.03781032562256,1.100000023841858
116.07281017303467,1.100000023841858
116.10881018638611,1.090000033378601
116.14380741119385,1.0700000524520874
116.17280745506287,1.059999942779541
116.20980739593506,1.059999942779541
116.23980736732483,1.059999942779541
116.27380704879761,1.059999942779541
116.30980706214905,1.059999942779541
116.33880686759949,1.059999942779541
116.36880874633789,1.059999942779541
116.41080856323242,1.0700000524520874
116.43980860710144,1.0700000524520874
116.46980786323547,1.0700000524520874
116.51280760765076,1.090000033378601
116.5438072681427,1.090000033378601
116.57080745697021,1.090000033378601
116.60880732536316,1.090000033378601
116.64280724525452,1.090000033378601
116.67080926895142,1.100000023841858
116.71380925178528,1.100000023841858
116.74180912971497,1.100000023841858
116.76980900764465,1.090000033378601
116.79880905151367,1.090000033378601
116.8408088684082,1.090000033378601
116.86880946159363,1.100000023841858
116.91080927848816,1.0499999523162842
116.93880915641785,1.0399999618530271
116.9738085269928,1.0399999618530271
117.00980806350708,1.0399999618530271
117.03780889511108,1.0399999618530271
117.07380890846252,1.0399999618530271
117.10780906677246,1.0399999618530271
117.14280891418457,1.0399999618530271
117.17180705070496,1.0499999523162842
117.2078070640564,1.0499999523162842
117.24280714988708,1.0499999523162842
117.27780437469482,1.0499999523162842
117.29880404472351,1.059999942779541
117.34080386161804,1.059999942779541
117.36980366706848,1.0499999523162842
117.39780354499817,1.0499999523162842
117.4398033618927,1.0499999523162842
117.46880340576172,1.059999942779541
117.49780344963074,1.0499999523162842
117.53880190849304,1.0399999618530271
117.57380199432373,1.0399999618530271
117.61080193519592,1.0399999618530271
117.63780212402344,1.0499999523162842
117.67379832267761,1.059999942779541
117.7087984085083,1.059999942779541
117.72979831695557,1.0700000524520874
117.778799533844,1.0700000524520874
117.79979944229126,1.0700000524520874
117.84179925918579,1.059999942779541
117.87079977989197,1.059999942779541
117.89879965782166,1.059999942779541
117.94079971313477,1.0499999523162842
117.96979689598083,1.0499999523162842
117.9997968673706,1.0499999523162842
118.04079699516296,1.059999942779541
118.0687985420227,1.0700000524520874
118.11179852485657,1.0700000524520874
118.1387984752655,1.0700000524520874
118.17380023002625,1.0700000524520874
118.20880031585693,1.0700000524520874
118.2298002243042,1.0700000524520874
118.27180790901184,1.0700000524520874
118.29980778694153,1.0700000524520874
118.34380793571472,1.090000033378601
118.37080788612366,1.090000033378601
118.40880799293518,1.090000033378601
118.44380784034729,1.090000033378601
118.48180818557739,1.100000023841858
118.50880813598633,1.100000023841858
118.54380822181702,1.100000023841858
118.57280850410461,1.100000023841858
118.60880851745605,1.100000023841858
118.64280867576599,1.100000023841858
118.67080879211426,1.100000023841858
118.6998085975647,1.100000023841858
118.74181056022644,1.100000023841858
118.7698106765747,1.100000023841858
118.80481052398682,1.090000033378601
118.83981037139893,1.090000033378601
118.86981105804443,1.090000033378601
118.8988106250763,1.090000033378601
118.94080853462219,1.090000033378601
118.96980834007263,1.090000033378601
119.01080846786499,1.090000033378601
119.04181146621704,1.0700000524520874
119.0688111782074,1.0700000524520874
119.10981130599976,1.059999942779541
119.13881015777588,1.059999942779541
119.17381024360657,1.059999942779541
119.21081018447876,1.090000033378601
119.22981023788452,1.100000023841858
119.27180933952332,1.1100000143051147
119.29980945587158,1.1200000047683716
119.34180951118469,1.1200000047683716
119.37880873680115,1.1200000047683716
119.4058084487915,1.1200000047683716
119.43980860710144,1.1200000047683716
119.47480821609497,1.1200000047683716
119.50980806350708,1.1200000047683716
119.53980660438538,1.1200000047683716
119.57480645179749,1.1200000047683716
119.61180663108826,1.1200000047683716
119.63880658149719,1.1200000047683716
119.67480754852295,1.1200000047683716
119.70980787277222,1.1200000047683716
119.73880767822266,1.1200000047683716
119.77980422973633,1.1200000047683716
119.80880427360535,1.1200000047683716
119.84380435943604,1.1200000047683716
119.87280607223511,1.1200000047683716
119.90880608558655,1.1200000047683716
119.9428060054779,1.1200000047683716
119.97980666160583,1.1200000047683716
119.99980664253235,1.1200000047683716
120.04180645942688,1.1100000143051147
120.06980633735657,1.1100000143051147
120.11180639266968,1.1100000143051147
120.14880633354187,1.100000023841858
120.16980648040771,1.100000023841858
120.21280646324158,1.090000033378601
120.2408058643341,1.090000033378601
120.26980590820312,1.090000033378601
120.29880595207214,1.090000033378601
120.34080576896667,1.090000033378601
120.3687994480133,1.0700000524520874
120.4057993888855,1.0700000524520874
120.43880105018616,1.0700000524520874
120.47380089759827,1.0700000524520874
120.5098009109497,1.0700000524520874
120.53880596160889,1.0499999523162842
120.573805809021,1.0399999618530271
120.60880589485168,1.0299999713897705
120.6438057422638,1.0399999618530271
120.67180585861206,1.0399999618530271
120.70180583000183,1.0399999618530271
120.74180579185486,1.0399999618530271
120.77780055999756,1.0499999523162842
120.79880046844482,1.0499999523162842
120.84079837799072,1.0499999523162842
120.86979866027832,1.0499999523162842
120.9037983417511,1.0499999523162842
120.93879866600037,1.0499999523162842
120.96779203414917,1.059999942779541
121.00979208946228,1.059999942779541
121.0387921333313,1.0700000524520874
121.07279014587402,1.0700000524520874
121.11079025268555,1.0700000524520874
121.1377911567688,1.0700000524520874
121.17379117012024,1.0700000524520874
121.20879125595093,1.0700000524520874
121.23778867721558,1.059999942779541
121.27878880500793,1.090000033378601
121.2997887134552,1.090000033378601
121.34178876876831,1.0700000524520874
121.37978887557983,1.0700000524520874
121.3987889289856,1.0700000524520874
121.4407889842987,1.0700000524520874
121.4687888622284,1.0700000524520874
121.49878931045532,1.090000033378601
121.5397891998291,1.090000033378601
121.56879496574402,1.090000033378601
121.61179494857788,1.090000033378601
121.63979721069336,1.090000033378601
121.66879725456238,1.100000023841858
121.70279717445374,1.100000023841858
121.7327971458435,1.100000023841858
121.77279686927795,1.100000023841858
121.80979704856873,1.1100000143051147
121.83879899978638,1.1100000143051147
121.87379884719849,1.1100000143051147
121.90979886054993,1.1100000143051147
121.93979907035828,1.1100000143051147
121.98079943656921,1.1100000143051147
122.00979924201965,1.1100000143051147
122.03879928588867,1.1100000143051147
122.07379913330078,1.1100000143051147
122.10879945755005,1.1100000143051147
122.14480447769165,1.1100000143051147
122.17180466651917,1.1200000047683716
122.2008044719696,1.1299999952316284
122.24280405044556,1.1299999952316284
122.2708044052124,1.1399999856948853
122.29880404472351,1.1399999856948853
122.3408043384552,1.1399999856948853
122.36980438232422,1.1399999856948853
122.39880466461182,1.1299999952316284
122.44180488586426,1.1100000143051147
122.46880507469177,1.100000023841858
122.50680494308472,1.090000033378601
122.53880405426025,1.0700000524520874
122.57380437850952,1.0700000524520874
122.60980439186096,1.0700000524520874
122.6408040523529,1.0700000524520874
122.66880416870117,1.0700000524520874
122.69880414009094,1.090000033378601
122.740802526474,1.100000023841858
122.76980257034302,1.1100000143051147
122.8108024597168,1.1100000143051147
122.83880257606506,1.1100000143051147
122.87380266189575,1.1100000143051147
122.90880250930786,1.1100000143051147
122.93880248069763,1.1200000047683716
122.97180032730103,1.1200000047683716
122.99980020523071,1.1299999952316284
123.04180026054382,1.1299999952316284
123.06979990005493,1.1299999952316284
123.09879994392395,1.1399999856948853
123.14079999923706,1.149999976158142
123.17080116271973,1.149999976158142
123.198801279068,1.149999976158142
123.2408013343811,1.149999976158142
123.26980185508728,1.149999976158142
123.29880142211914,1.149999976158142
123.3398015499115,1.149999976158142
123.36880397796631,1.149999976158142
123.41180396080017,1.159999966621399
123.43880820274353,1.159999966621399
123.4688081741333,1.159999966621399
123.50380825996399,1.159999966621399
123.53980898857117,1.159999966621399
123.56880903244019,1.149999976158142
123.6128089427948,1.149999976158142
123.63880896568298,1.149999976158142
123.66881489753723,1.1399999856948853
123.70381474494934,1.1399999856948853
123.73981714248657,1.1200000047683716
123.76981711387634,1.100000023841858
123.81181716918945,1.090000033378601
123.83981704711914,1.100000023841858
123.86881017684937,1.090000033378601
123.91081023216248,1.0700000524520874
123.93880987167358,1.0700000524520874
123.9738097190857,1.090000033378601
124.00980973243713,1.100000023841858
124.04480957984924,1.100000023841858
124.07281017303467,1.100000023841858
124.10881018638611,1.1100000143051147
124.14480996131897,1.1200000047683716
124.17280983924866,1.1200000047683716
124.20981001853943,1.1200000047683716
124.2428092956543,1.1200000047683716
124.27380919456482,1.1200000047683716
124.30980920791626,1.1100000143051147
124.33080911636353,1.1100000143051147
124.37280678749084,1.1100000143051147
124.40180706977844,1.100000023841858
124.44280552864075,1.100000023841858
124.47080564498901,1.100000023841858
124.51480555534363,1.100000023841858
124.54080390930176,1.1100000143051147
124.57080388069153,1.1100000143051147
124.61080384254456,1.1100000143051147
124.63880372047424,1.1100000143051147
124.67380261421204,1.100000023841858
124.70880246162415,1.090000033378601
124.7388026714325,1.0700000524520874
124.77480173110962,1.0700000524520874
124.81080174446106,1.0700000524520874
124.83080172538757,1.090000033378601
124.8718011379242,1.100000023841858
124.89980125427246,1.1100000143051147
124.94180130958557,1.1200000047683716
124.9788007736206,1.1299999952316284
124.99880075454712,1.1299999952316284
125.04280066490173,1.1399999856948853
125.0698013305664,1.149999976158142
125.09880113601685,1.149999976158142
125.13880133628845,1.149999976158142
125.17380285263062,1.149999976158142
125.21180272102356,1.149999976158142
125.2388026714325,1.159999966621399
125.28080320358276,1.159999966621399
125.30980324745178,1.159999966621399
125.3388032913208,1.159999966621399
125.37380504608154,1.159999966621399
125.40980505943298,1.1399999856948853
125.43280506134033,1.1200000047683716
125.4728045463562,1.100000023841858
125.5098044872284,1.090000033378601
125.53080463409424,1.100000023841858
125.57280564308167,1.1299999952316284
125.6088056564331,1.149999976158142
125.64380741119385,1.159999966621399
125.67280745506287,1.159999966621399
125.7088074684143,1.159999966621399
125.74480676651001,1.159999966621399
125.77180695533752,1.159999966621399
125.79980707168579,1.159999966621399
125.84380674362183,1.1699999570846558
125.87180662155151,1.159999966621399
125.91380667686462,1.159999966621399
125.9408061504364,1.1699999570846558
125.96980619430542,1.159999966621399
125.99980616569519,1.159999966621399
126.04080605506897,1.159999966621399
126.06880569458008,1.159999966621399
126.10580587387085,1.159999966621399
126.13980388641357,1.159999966621399
126.16980385780334,1.149999976158142
126.20980381965637,1.1399999856948853
126.24480390548706,1.1399999856948853
126.2738049030304,1.1399999856948853
126.3088047504425,1.1399999856948853
126.33880305290222,1.1399999856948853
126.372802734375,1.1399999856948853
126.40280246734619,1.1399999856948853
126.4428026676178,1.1299999952316284
126.47380185127258,1.1299999952316284
126.50780153274536,1.1200000047683716
126.52980160713196,1.1200000047683716
126.57880067825317,1.1200000047683716
126.59880065917969,1.1299999952316284
126.64180040359497,1.1299999952316284
126.67379927635193,1.1299999952316284
126.70879912376404,1.1200000047683716
126.7427990436554,1.1200000047683716
126.77279901504517,1.1200000047683716
126.81179904937744,1.1200000047683716
126.83879899978638,1.1200000047683716
126.8747992515564,1.1200000047683716
126.90979886054993,1.1200000047683716
126.93979930877686,1.1100000143051147
126.96879887580872,1.1100000143051147
127.01179885864258,1.1100000143051147
127.03879904747009,1.1100000143051147
127.06880211830139,1.1100000143051147
127.11080193519592,1.1100000143051147
127.13980197906494,1.1100000143051147
127.17380237579346,1.1100000143051147
127.20480227470398,1.1100000143051147
127.23880219459534,1.1200000047683716
127.27380394935608,1.1200000047683716
127.30980396270752,1.1200000047683716
127.33280396461487,1.1200000047683716
127.38080286979675,1.1200000047683716
127.40880298614502,1.1200000047683716
127.44380307197571,1.1200000047683716
127.47280287742615,1.1200000047683716
127.49980306625366,1.1200000047683716
127.5418028831482,1.1200000047683716
127.56980013847351,1.1200000047683716
127.59880018234253,1.1200000047683716
127.64079999923706,1.1200000047683716
127.66879987716675,1.1299999952316284
127.71079993247986,1.1299999952316284
127.73879885673523,1.1399999856948853
127.7737991809845,1.1399999856948853
127.80979919433594,1.149999976158142
127.84479904174805,1.149999976158142
127.87379884719849,1.149999976158142
127.90879893302917,1.159999966621399
127.94280314445496,1.149999976158142
127.97080302238464,1.090000033378601
127.99880313873291,1.0399999618530271
128.04180312156677,1.0499999523162842
128.07380294799805,1.059999942779541
128.1078028678894,1.0700000524520874
128.1428005695343,1.090000033378601
128.17180037498474,1.100000023841858
128.20980048179626,1.1100000143051147
128.23780059814453,1.1100000143051147
128.27379846572876,1.1200000047683716
128.3077986240387,1.1200000047683716
128.3427984714508,1.1200000047683716
128.37879610061646,1.1200000047683716
128.40779614448547,1.1200000047683716
128.44279623031616,1.1299999952316284
128.47079873085022,1.1299999952316284
128.4987986087799,1.1399999856948853
128.54179859161377,1.1399999856948853
128.57979917526245,1.1399999856948853
128.5987994670868,1.1299999952316284
128.64279913902283,1.1299999952316284
128.677800655365,1.1200000047683716
128.69880056381226,1.1200000047683716
128.73980045318604,1.1200000047683716
128.77079725265503,1.1200000047683716
128.8117973804474,1.1200000047683716
128.83879733085632,1.1200000047683716
128.86779713630676,1.1200000047683716
128.9127974510193,1.1200000047683716
128.93879747390747,1.1200000047683716
128.97279691696167,1.1299999952316284
129.0087969303131,1.1399999856948853
129.02979707717896,1.1399999856948853
129.08079409599304,1.149999976158142
129.0997941493988,1.149999976158142
129.14379405975342,1.159999966621399
129.17079377174377,1.159999966621399
129.1977937221527,1.149999976158142
129.23979449272156,1.1399999856948853
129.26979446411133,1.1399999856948853
129.31379461288452,1.1399999856948853
129.3397946357727,1.1399999856948853
129.36879706382751,1.1299999952316284
129.40279698371887,1.1299999952316284
129.44479632377625,1.1299999952316284
129.4727966785431,1.1299999952316284
129.5007963180542,1.1200000047683716
129.54279589653015,1.1200000047683716
129.57079577445984,1.1200000047683716
129.5987958908081,1.1200000047683716
129.64079594612122,1.1200000047683716
129.66879200935364,1.1200000047683716
129.71079206466675,1.1299999952316284
129.73879194259644,1.1299999952316284
129.77379155158997,1.1299999952316284
129.81079125404358,1.1299999952316284
129.8437910079956,1.1299999952316284
129.87379097938538,1.1299999952316284
129.89979100227356,1.1299999952316284
129.94178795814514,1.1299999952316284
129.96978783607483,1.1299999952316284
129.99978804588318,1.1200000047683716
130.04278802871704,1.1299999952316284
130.07078671455383,1.1299999952316284
130.09878659248352,1.1399999856948853
130.14078664779663,1.149999976158142
130.16978573799133,1.159999966621399
130.1997857093811,1.159999966621399
130.22978568077087,1.159999966621399
130.27178382873535,1.159999966621399
130.29978394508362,1.159999966621399
130.33078384399414,1.159999966621399
130.37878394126892,1.159999966621399
130.39878392219543,1.159999966621399
130.44078373908997,1.149999976158142
130.4697835445404,1.149999976158142
130.49878358840942,1.159999966621399
130.5397834777832,1.159999966621399
130.5747833251953,1.159999966621399
130.61078333854675,1.159999966621399
130.63078331947327,1.159999966621399
130.6797811985016,1.159999966621399
130.70978116989136,1.159999966621399
130.7307813167572,1.159999966621399
130.7727813720703,1.159999966621399
130.80878138542175,1.159999966621399
130.82978129386902,1.159999966621399
130.87178134918213,1.159999966621399
130.8997814655304,1.159999966621399
130.943781375885,1.159999966621399
130.9707808494568,1.159999966621399
130.99978065490723,1.159999966621399
131.04278087615967,1.159999966621399
131.0707814693451,1.159999966621399
131.0997815132141,1.159999966621399
131.14078044891357,1.159999966621399
131.16978073120117,1.159999966621399
131.20478105545044,1.159999966621399
131.24078106880188,1.159999966621399
131.26878118515015,1.159999966621399
131.30578136444092,1.159999966621399
131.33878135681152,1.159999966621399
131.37378406524658,1.159999966621399
131.41078400611877,1.159999966621399
131.44278407096863,1.159999966621399
131.46878457069397,1.159999966621399
131.50978446006775,1.159999966621399
131.53878378868103,1.159999966621399
131.57478380203247,1.149999976158142
131.60978388786316,1.149999976158142
131.63078379631042,1.1299999952316284
131.67378568649292,1.1299999952316284
131.70878553390503,1.1299999952316284
131.72978568077087,1.1299999952316284
131.77378249168396,1.1299999952316284
131.81078267097473,1.1299999952316284
131.8297824859619,1.1299999952316284
131.87177777290344,1.1299999952316284
131.89977765083313,1.1399999856948853
131.93077778816223,1.1399999856948853
131.97077536582947,1.1399999856948853
131.9997754096985,1.1399999856948853
132.0417754650116,1.1399999856948853
132.06877160072327,1.1399999856948853
132.10377144813538,1.1399999856948853
132.13877153396606,1.1299999952316284
132.17376947402954,1.100000023841858
132.21176934242249,1.0399999618530271
132.23876929283142,1.059999942779541
132.2747700214386,1.090000033378601
132.30876994132996,1.100000023841858
132.33077001571655,1.100000023841858
132.37877011299133,1.1100000143051147
132.40776991844177,1.1100000143051147
132.4437699317932,1.1100000143051147
132.47876906394958,1.1100000143051147
132.50776863098145,1.1200000047683716
132.54176878929138,1.1200000047683716
132.56977128982544,1.1200000047683716
132.6127712726593,1.1100000143051147
132.63977146148682,1.1100000143051147
132.66877031326294,1.1100000143051147
132.69777035713196,1.100000023841858
132.7397701740265,1.100000023841858
132.76876854896545,1.1100000143051147
132.81276845932007,1.1100000143051147
132.839768409729,1.1100000143051147
132.86876964569092,1.1200000047683716
132.9057698249817,1.100000023841858
132.9387698173523,1.100000023841858
132.96977019309998,1.100000023841858
133.00277018547058,1.100000023841858
133.04077005386353,1.090000033378601
133.0687756538391,1.100000023841858
133.10477566719055,1.100000023841858
133.1387767791748,1.100000023841858
133.16877675056458,1.100000023841858
133.2107765674591,1.100000023841858
133.2307767868042,1.100000023841858
133.27377486228943,1.100000023841858
133.3087751865387,1.100000023841858
133.3457748889923,1.090000033378601
133.373774766922,1.090000033378601
133.41077494621277,1.100000023841858
133.4427773952484,1.100000023841858
133.47077751159668,1.100000023841858
133.50077724456787,1.1100000143051147
133.54177737236023,1.1100000143051147
133.57077646255493,1.1200000047683716
133.59877634048462,1.1200000047683716
133.6427764892578,1.1200000047683716
133.6697793006897,1.1200000047683716
133.69877934455872,1.1100000143051147
133.74177932739258,1.1100000143051147
133.7697789669037,1.1100000143051147
133.81077885627747,1.1100000143051147
133.83877825737,1.1200000047683716
133.8737781047821,1.1200000047683716
133.91177821159363,1.1200000047683716
133.9397783279419,1.1200000047683716
133.9747712612152,1.1200000047683716
134.00977158546448,1.1200000047683716
134.03877186775208,1.1299999952316284
134.0727677345276,1.1399999856948853
134.11076760292053,1.1399999856948853
134.13076782226562,1.1399999856948853
134.17276740074158,1.1399999856948853
134.20876741409302,1.1399999856948853
134.23176741600037,1.1299999952316284
134.2807641029358,1.1200000047683716
134.29976415634155,1.1200000047683716
134.34376406669617,1.1100000143051147
134.370765209198,1.1100000143051147
134.39976525306702,1.1100000143051147
134.4407651424408,1.1200000047683716
134.4687638282776,1.1200000047683716
134.50476384162903,1.1200000047683716
134.53876376152039,1.1299999952316284
134.5737645626068,1.1299999952316284
134.6087646484375,1.1399999856948853
134.64076471328735,1.1399999856948853
134.67476534843445,1.149999976158142
134.70976543426514,1.149999976158142
134.7387638092041,1.159999966621399
134.76876378059387,1.159999966621399
134.80976390838623,1.159999966621399
134.8437638282776,1.159999966621399
134.87176394462585,1.159999966621399
134.91376376152039,1.159999966621399
134.94176316261292,1.159999966621399
134.97076320648193,1.159999966621399
135.01176285743713,1.159999966621399
135.04276299476624,1.159999966621399
135.06876397132874,1.159999966621399
135.10576391220093,1.159999966621399
135.13976383209229,1.159999966621399
135.169766664505,1.159999966621399
135.21076679229736,1.159999966621399
135.2387659549713,1.159999966621399
135.27376580238342,1.159999966621399
135.30276584625244,1.159999966621399
135.33876276016235,1.1399999856948853
135.37376284599304,1.1100000143051147
135.41076278686523,1.059999942779541
135.4387629032135,1.059999942779541
135.4687602519989,1.0700000524520874
135.50976037979126,1.100000023841858
135.5387601852417,1.100000023841858
135.57375764846802,1.1100000143051147
135.6107578277588,1.1100000143051147
135.62975764274597,1.1100000143051147
135.67875623703003,1.1200000047683716
135.70775604248047,1.1200000047683716
135.74275612831116,1.1200000047683716
135.77975583076477,1.1200000047683716
135.80775594711304,1.1299999952316284
135.84275603294373,1.1100000143051147
135.87175846099854,1.1100000143051147
135.89875864982605,1.1200000047683716
135.94075846672058,1.1299999952316284
135.96875977516174,1.1399999856948853
136.01075983047485,1.149999976158142
136.03975987434387,1.159999966621399
136.08075976371765,1.159999966621399
136.10975980758667,1.149999976158142
136.1447606086731,1.1399999856948853
136.17276048660278,1.1200000047683716
136.20876049995422,1.1399999856948853
136.22976064682007,1.149999976158142
136.27175974845886,1.159999966621399
136.29975986480713,1.159999966621399
136.34376168251038,1.159999966621399
136.3707618713379,1.149999976158142
136.40076160430908,1.1399999856948853
136.4407615661621,1.1399999856948853
136.46876072883606,1.1399999856948853
136.5047607421875,1.1399999856948853
136.53975892066956,1.1399999856948853
136.56875896453857,1.1299999952316284
136.6027591228485,1.1299999952316284
136.64075875282288,1.1299999952316284
136.66875886917114,1.1299999952316284
136.70575881004333,1.1299999952316284
136.7397587299347,1.1299999952316284
136.76975774765015,1.1299999952316284
136.8107578754425,1.1399999856948853
136.84175729751587,1.1399999856948853
136.86975717544556,1.1399999856948853
136.89975714683533,1.1399999856948853
136.94175577163696,1.149999976158142
136.96975564956665,1.149999976158142
137.00475573539734,1.149999976158142
137.0397548675537,1.149999976158142
137.06875491142273,1.149999976158142
137.09975481033325,1.149999976158142
137.14175486564636,1.149999976158142
137.1707534790039,1.149999976158142
137.2037534713745,1.149999976158142
137.24175333976746,1.1399999856948853
137.2687542438507,1.1200000047683716
137.30375409126282,1.100000023841858
137.3387541770935,1.100000023841858
137.37375140190125,1.100000023841858
137.40875124931335,1.1100000143051147
137.4297513961792,1.1100000143051147
137.47174406051636,1.1100000143051147
137.5077440738678,1.1200000047683716
137.5427441596985,1.1200000047683716
137.57974529266357,1.1200000047683716
137.59874486923218,1.1200000047683716
137.64274525642395,1.1200000047683716
137.67774724960327,1.1200000047683716
137.69974732398987,1.1200000047683716
137.74774885177612,1.1100000143051147
137.76974844932556,1.1100000143051147
137.7997486591339,1.1100000143051147
137.83975076675415,1.1200000047683716
137.86775088310242,1.1200000047683716
137.91275072097778,1.1200000047683716
137.93875074386597,1.1100000143051147
137.96775126457214,1.1100000143051147
138.01175165176392,1.1200000047683716
138.03975224494934,1.1200000047683716
138.06875205039978,1.1200000047683716
138.11175227165222,1.1200000047683716
138.1397523880005,1.1299999952316284
138.1687526702881,1.1299999952316284
138.20375227928162,1.1299999952316284
138.23975205421448,1.1299999952316284
138.26875138282776,1.1299999952316284
138.30575132369995,1.1299999952316284
138.3397512435913,1.1299999952316284
138.36875009536743,1.1299999952316284
138.40374994277954,1.1399999856948853
138.44175004959106,1.149999976158142
138.46875,1.159999966621399
138.5057499408722,1.159999966621399
138.5397481918335,1.159999966621399
138.56974816322327,1.159999966621399
138.61074805259705,1.159999966621399
138.63874793052673,1.159999966621399
138.67474794387817,1.159999966621399
138.70974802970886,1.159999966621399
138.74574613571167,1.1399999856948853
138.77374625205994,1.1100000143051147
138.81074619293213,1.1200000047683716
138.83874607086182,1.1200000047683716
138.8677453994751,1.1200000047683716
138.9097454547882,1.1200000047683716
138.93874526023865,1.1200000047683716
138.96974325180054,1.1200000047683716
138.9977433681488,1.1200000047683716
139.0397434234619,1.1200000047683716
139.0697419643402,1.1299999952316284
139.09874176979065,1.1299999952316284
139.13874197006226,1.1299999952316284
139.17073798179626,1.1299999952316284
139.21173810958862,1.1299999952316284
139.23873805999756,1.1399999856948853
139.27473640441895,1.1399999856948853
139.30973649024963,1.149999976158142
139.3397364616394,1.149999976158142
139.36873626708984,1.149999976158142
139.41073632240295,1.159999966621399
139.4397361278534,1.159999966621399
139.4727349281311,1.159999966621399
139.50873494148254,1.159999966621399
139.54373455047607,1.159999966621399
139.57173466682434,1.159999966621399
139.59973454475403,1.159999966621399
139.6427345275879,1.159999966621399
139.6717345714569,1.159999966621399
139.7127344608307,1.159999966621399
139.74073457717896,1.159999966621399
139.7687337398529,1.159999966621399
139.80373358726501,1.159999966621399
139.83973360061646,1.1699999570846558
139.87373638153076,1.159999966621399
139.90873646736145,1.159999966621399
139.94373679161072,1.159999966621399
139.9717366695404,1.159999966621399
140.00973677635193,1.159999966621399
140.04173731803894,1.159999966621399
140.06973719596863,1.159999966621399
140.10573720932007,1.159999966621399
140.13973665237427,1.159999966621399
140.1687364578247,1.159999966621399
140.20973706245422,1.159999966621399
140.24173665046692,1.159999966621399
140.2697365283966,1.159999966621399
140.30573654174805,1.159999966621399
140.34073543548584,1.159999966621399
140.36973547935486,1.159999966621399
140.41073536872864,1.149999976158142
140.43973517417908,1.1399999856948853
140.47473526000977,1.1299999952316284
140.5097348690033,1.1200000047683716
140.5387351512909,1.1200000047683716
140.57374215126038,1.1200000047683716
140.61074209213257,1.1200000047683716
140.62974214553833,1.1100000143051147
140.67474055290222,1.1100000143051147
140.7097406387329,1.100000023841858
140.74674367904663,1.090000033378601
140.77374386787415,1.100000023841858
140.81074357032776,1.1100000143051147
140.83874368667603,1.1100000143051147
140.86874175071716,1.1100000143051147
140.9027419090271,1.1100000143051147
140.9397418498993,1.1100000143051147
140.97474193572998,1.1100000143051147
141.01174187660217,1.1100000143051147
141.0387418270111,1.1100000143051147
141.07474160194397,1.1100000143051147
141.10974168777466,1.1100000143051147
141.13974165916443,1.1100000143051147
141.16873860359192,1.1100000143051147
141.21173858642578,1.1200000047683716
141.23973846435547,1.1200000047683716
141.27473783493042,1.1200000047683716
141.30873775482178,1.1200000047683716
141.34373784065247,1.1100000143051147
141.3717381954193,1.1100000143051147
141.39973831176758,1.1100000143051147
141.44273805618286,1.100000023841858
141.46973824501038,1.100000023841858
141.513738155365,1.0700000524520874
141.54373836517334,1.059999942779541
141.57073736190796,1.059999942779541
141.60073733329773,1.0700000524520874
141.6307373046875,1.0700000524520874
141.67373657226562,1.0499999523162842
141.7017364501953,1.059999942779541
141.74473595619202,1.0700000524520874
141.77373600006104,1.090000033378601
141.80973601341248,1.1100000143051147
141.829735994339,1.1100000143051147
141.87273478507996,1.1200000047683716
141.8997347354889,1.1200000047683716
141.94173574447632,1.1200000047683716
141.97073578834534,1.1200000047683716
141.99973559379578,1.1299999952316284
142.0417356491089,1.1299999952316284
142.06973433494568,1.1299999952316284
142.10573434829712,1.1299999952316284
142.14073157310486,1.1299999952316284
142.16873168945312,1.1299999952316284
142.21073126792908,1.1299999952316284
142.24173164367676,1.1299999952316284
142.26973152160645,1.1299999952316284
142.3107316493988,1.1299999952316284
142.33973217010498,1.1299999952316284
142.36973214149475,1.1399999856948853
142.41073203086853,1.1399999856948853
142.44173216819763,1.1399999856948853
142.46873092651367,1.1399999856948853
142.49873089790344,1.149999976158142
142.5417308807373,1.149999976158142
142.5697283744812,1.149999976158142
142.61072826385498,1.149999976158142
142.63872838020325,1.149999976158142
142.67372703552246,1.149999976158142
142.70372700691223,1.149999976158142
142.73972702026367,1.149999976158142
142.76872730255127,1.149999976158142
142.81172728538513,1.149999976158142
142.83872747421265,1.149999976158142
142.87472701072693,1.149999976158142
142.9087269306183,1.149999976158142
142.93172693252563,1.149999976158142
142.98072743415833,1.149999976158142
142.9997272491455,1.149999976158142
143.04372787475586,1.149999976158142
143.07072806358337,1.149999976158142
143.10072827339172,1.149999976158142
143.12972831726074,1.149999976158142
143.17172861099243,1.149999976158142
143.19972848892212,1.149999976158142
143.24172854423523,1.149999976158142
143.27072858810425,1.149999976158142
143.29972863197327,1.149999976158142
143.34072852134705,1.149999976158142
143.36972784996033,1.159999966621399
143.40472769737244,1.159999966621399
143.44072771072388,1.159999966621399
143.4697277545929,1.159999966621399
143.51272773742676,1.149999976158142
143.5397276878357,1.1399999856948853
143.5687291622162,1.1399999856948853
143.60972905158997,1.1299999952316284
143.64472889900208,1.1299999952316284
143.67272877693176,1.1299999952316284
143.70472884178162,1.1299999952316284
143.73972845077515,1.1399999856948853
143.7747299671173,1.1399999856948853
143.81072998046875,1.1399999856948853
143.84173011779785,1.149999976158142
143.86872553825378,1.149999976158142
143.9037253856659,1.149999976158142
143.94072556495667,1.1399999856948853
143.96972370147705,1.100000023841858
144.01072359085083,1.100000023841858
144.0387237071991,1.100000023841858
144.07372426986694,1.1100000143051147
144.1097240447998,1.1100000143051147
144.13872408866882,1.1100000143051147
144.1727213859558,1.1100000143051147
144.21072125434875,1.100000023841858
144.2427213191986,1.100000023841858
144.27172136306763,1.100000023841858
144.2997214794159,1.100000023841858
144.34172129631042,1.100000023841858
144.37871885299683,1.1100000143051147
144.3977189064026,1.1100000143051147
144.43971872329712,1.1100000143051147
144.46872091293335,1.1200000047683716
144.50372076034546,1.1200000047683716
144.5397207736969,1.1299999952316284
144.57072138786316,1.1299999952316284
144.61172127723694,1.1299999952316284
144.63872146606445,1.1399999856948853
144.67472171783447,1.1399999856948853
144.70272159576416,1.1399999856948853
144.73272156715393,1.1399999856948853
144.77372193336487,1.1399999856948853
144.8117218017578,1.1399999856948853
144.83972191810608,1.1399999856948853
144.8757245540619,1.1299999952316284
144.910724401474,1.1200000047683716
144.93972444534302,1.1200000047683716
144.9807243347168,1.1100000143051147
145.00972437858582,1.1100000143051147
145.04472613334656,1.1100000143051147
145.07272624969482,1.1100000143051147
145.1007261276245,1.1100000143051147
145.14372634887695,1.100000023841858
145.17172646522522,1.100000023841858
145.20072650909424,1.100000023841858
145.2447328567505,1.100000023841858
145.27173280715942,1.100000023841858
145.30973291397095,1.1100000143051147
145.32973289489746,1.1100000143051147
145.37173175811768,1.1200000047683716
145.4007318019867,1.1200000047683716
145.44173192977905,1.1299999952316284
145.47373175621033,1.1299999952316284
145.5017318725586,1.1299999952316284
145.54273009300232,1.1299999952316284
145.570729970932,1.1399999856948853
145.6017301082611,1.1399999856948853
145.64173007011414,1.1299999952316284
145.66973090171814,1.1200000047683716
145.69873094558716,1.1100000143051147
145.7417290210724,1.1200000047683716
145.76972913742065,1.1200000047683716
145.81072902679443,1.1200000047683716
145.8387291431427,1.1299999952316284
145.87372851371765,1.1399999856948853
145.9097285270691,1.149999976158142
145.93972849845886,1.159999966621399
145.9747292995453,1.159999966621399
146.01072931289673,1.159999966621399
146.04172945022583,1.159999966621399
146.0687279701233,1.159999966621399
146.10372805595398,1.159999966621399
146.13972806930542,1.159999966621399
146.17072772979736,1.159999966621399
146.2047278881073,1.159999966621399
146.2397277355194,1.159999966621399
146.27472758293152,1.159999966621399
146.31072759628296,1.159999966621399
146.3397274017334,1.159999966621399
146.37072777748108,1.159999966621399
146.41172766685486,1.159999966621399
146.43972778320312,1.1699999570846558
146.47472715377808,1.1699999570846558
146.51072716712952,1.1699999570846558
146.53972744941711,1.1699999570846558
146.5807273387909,1.1699999570846558
146.6097273826599,1.1699999570846558
146.63072729110718,1.1799999475479126
146.67272806167603,1.1799999475479126
146.7007279396057,1.1699999570846558
146.74372792243958,1.1200000047683716
146.77172827720642,1.1100000143051147
146.7997283935547,1.1200000047683716
146.84172821044922,1.1200000047683716
146.86972832679749,1.1200000047683716
146.8987283706665,1.1200000047683716
146.94072771072388,1.1200000047683716
146.96872782707214,1.1299999952316284
147.00372767448425,1.1399999856948853
147.03872752189636,1.1399999856948853
147.07372760772705,1.1399999856948853
147.10872745513916,1.1399999856948853
147.14372754096985,1.1399999856948853
147.17272758483887,1.1399999856948853
147.20972752571106,1.1399999856948853
147.24272751808167,1.1399999856948853
147.2707278728485,1.1399999856948853
147.29972743988037,1.1399999856948853
147.3417272567749,1.1399999856948853
147.36972975730896,1.1399999856948853
147.4017298221588,1.1399999856948853
147.44173002243042,1.1399999856948853
147.47373008728027,1.1399999856948853
147.50873017311096,1.1399999856948853
147.54573035240173,1.1299999952316284
147.57173037528992,1.1200000047683716
147.6107304096222,1.1100000143051147
147.6307303905487,1.1100000143051147
147.667729139328,1.1299999952316284
147.70972895622253,1.1299999952316284
147.73972916603088,1.1200000047683716
147.774729013443,1.1299999952316284
147.81072902679443,1.1399999856948853
147.83072900772095,1.1399999856948853
147.8737211227417,1.149999976158142
147.90972113609314,1.149999976158142
147.93872117996216,1.149999976158142
147.97372102737427,1.1399999856948853
148.00872111320496,1.1399999856948853
148.02972102165222,1.1299999952316284
148.07172179222107,1.1299999952316284
148.09972190856934,1.1299999952316284
148.1427218914032,1.1399999856948853
148.18072199821472,1.1399999856948853
148.19872188568115,1.1399999856948853
148.24172186851501,1.1399999856948853
148.27072286605835,1.1299999952316284
148.29972290992737,1.1200000047683716
148.34072279930115,1.100000023841858
148.36972212791443,1.1100000143051147
148.4127221107483,1.1200000047683716
148.4437222480774,1.1200000047683716
148.47072792053223,1.1299999952316284
148.507728099823,1.1299999952316284
148.5427279472351,1.1299999952316284
148.5717282295227,1.1299999952316284
148.59972834587097,1.1299999952316284
148.64172840118408,1.1299999952316284
148.6697268486023,1.1399999856948853
148.69872665405273,1.1299999952316284
148.74072647094727,1.1200000047683716
148.76872658729553,1.1200000047683716
148.80472660064697,1.1200000047683716
148.83972644805908,1.1200000047683716
148.868727684021,1.1200000047683716
148.90972781181335,1.1299999952316284
148.93872785568237,1.1299999952316284
148.97372961044312,1.1299999952316284
149.00872945785522,1.1299999952316284
149.02972960472107,1.1299999952316284
149.07372736930847,1.1100000143051147
149.09972715377808,1.090000033378601
149.1417272090912,1.1100000143051147
149.16972661018372,1.1200000047683716
149.20472645759583,1.1200000047683716
149.24172639846802,1.1399999856948853
149.26872181892395,1.1399999856948853
149.30372190475464,1.149999976158142
149.33872199058533,1.149999976158142
149.37372136116028,1.149999976158142
149.41072130203247,1.159999966621399
149.44171977043152,1.159999966621399
149.46971988677979,1.159999966621399
149.4987199306488,1.149999976158142
149.54171991348267,1.1399999856948853
149.57071733474731,1.1399999856948853
149.60271739959717,1.1299999952316284
149.64171719551086,1.1200000047683716
149.67471575737,1.1100000143051147
149.70971584320068,1.1200000047683716
149.73871564865112,1.1200000047683716
149.7807126045227,1.1299999952316284
149.8117127418518,1.1299999952316284
149.830712556839,1.1399999856948853
149.87271285057068,1.1399999856948853
149.90071320533752,1.1399999856948853
149.93171286582947,1.1399999856948853
149.97171092033386,1.1299999952316284
149.99971079826355,1.1299999952316284
150.04171085357666,1.1299999952316284
150.0707106590271,1.1299999952316284
150.09971046447754,1.1299999952316284
150.14071249961853,1.1299999952316284
150.17171239852905,1.1399999856948853
150.19971251487732,1.1399999856948853
150.24171233177185,1.1399999856948853
150.2707109451294,1.1399999856948853
150.2997109889984,1.1399999856948853
150.34071040153503,1.1399999856948853
150.36971044540405,1.1399999856948853
150.4037103652954,1.1399999856948853
150.44071006774902,1.1399999856948853
150.47370791435242,1.1399999856948853
150.50970792770386,1.1399999856948853
150.54470777511597,1.149999976158142
150.57371020317078,1.149999976158142
150.60171008110046,1.149999976158142
150.64470958709717,1.149999976158142
150.67270970344543,1.159999966621399
150.7137095928192,1.159999966621399
150.73870968818665,1.159999966621399
150.7737078666687,1.159999966621399
150.8107078075409,1.159999966621399
150.84170746803284,1.159999966621399
150.8697075843811,1.159999966621399
150.9047076702118,1.159999966621399
150.94070744514465,1.159999966621399
150.9697048664093,1.159999966621399
151.00370502471924,1.159999966621399
151.03870487213135,1.159999966621399
151.07370495796204,1.159999966621399
151.10970497131348,1.159999966621399
151.1387050151825,1.159999966621399
151.174702167511,1.159999966621399
151.21070218086243,1.159999966621399
151.24270224571228,1.159999966621399
151.26970195770264,1.159999966621399
151.30670189857483,1.159999966621399
151.33970189094543,1.149999976158142
151.37469959259033,1.1200000047683716
151.41069960594177,1.0700000524520874
151.44069957733154,1.0700000524520874
151.4707007408142,1.1100000143051147
151.50470066070557,1.1299999952316284
151.53970074653625,1.149999976158142
151.57470297813416,1.149999976158142
151.6107029914856,1.159999966621399
151.64070296287537,1.159999966621399
151.6697027683258,1.149999976158142
151.71170258522034,1.1399999856948853
151.73970246315002,1.1399999856948853
151.7747025489807,1.1399999856948853
151.81070232391357,1.1399999856948853
151.8397023677826,1.1399999856948853
151.8737027645111,1.1399999856948853
151.9017026424408,1.1399999856948853
151.94470477104187,1.1399999856948853
151.97270464897156,1.149999976158142
152.00070476531982,1.149999976158142
152.0437047481537,1.159999966621399
152.0807032585144,1.159999966621399
152.09970355033875,1.159999966621399
152.1417043209076,1.159999966621399
152.17070412635803,1.159999966621399
152.20070433616638,1.159999966621399
152.24170422554016,1.149999976158142
152.26970434188843,1.149999976158142
152.3127043247223,1.159999966621399
152.33970403671265,1.159999966621399
152.36970400810242,1.159999966621399
152.40470385551453,1.159999966621399
152.44070506095886,1.159999966621399
152.47070479393005,1.159999966621399
152.49970507621765,1.159999966621399
152.5417046546936,1.159999966621399
152.57070302963257,1.159999966621399
152.6017029285431,1.159999966621399
152.64170289039612,1.159999966621399
152.6697039604187,1.159999966621399
152.70570397377014,1.159999966621399
152.7407009601593,1.159999966621399
152.76970100402832,1.159999966621399
152.8107008934021,1.159999966621399
152.83970093727112,1.159999966621399
152.86869859695435,1.159999966621399
152.90969848632812,1.159999966621399
152.93869853019714,1.159999966621399
152.97369599342346,1.159999966621399
153.0096960067749,1.159999966621399
153.02969598770142,1.159999966621399
153.0716941356659,1.159999966621399
153.09969425201416,1.159999966621399
153.14269423484802,1.159999966621399
153.1786949634552,1.159999966621399
153.20569491386414,1.159999966621399
153.23969507217407,1.159999966621399
153.27469396591187,1.159999966621399
153.30969405174255,1.159999966621399
153.34069395065308,1.1399999856948853
153.37469387054443,1.0399999618530271
153.41269373893738,1.0499999523162842
153.4396936893463,1.0700000524520874
153.46869325637817,1.0700000524520874
153.5036928653717,1.0700000524520874
153.53969311714172,1.100000023841858
153.5686960220337,1.100000023841858
153.61169600486755,1.100000023841858
153.63969779014587,1.100000023841858
153.6686978340149,1.100000023841858
153.710697889328,1.0700000524520874
153.73969793319702,1.059999942779541
153.7686972618103,1.059999942779541
153.79869747161865,1.0499999523162842
153.8396966457367,1.059999942779541
153.86969661712646,1.059999942779541
153.89869666099548,1.059999942779541
153.94069647789001,1.0499999523162842
153.9686985015869,1.0499999523162842
154.01069855690002,1.0499999523162842
154.03969836235046,1.0499999523162842
154.06869840621948,1.0499999523162842
154.10969805717468,1.059999942779541
154.13869786262512,1.059999942779541
154.17369747161865,1.059999942779541
154.2096972465515,1.059999942779541
154.2296974658966,1.0499999523162842
154.27369713783264,1.0499999523162842
154.300696849823,1.0499999523162842
154.34169697761536,1.059999942779541
154.36969637870789,1.0499999523162842
154.39869618415833,1.0499999523162842
154.44169640541077,1.0499999523162842
154.46869707107544,1.0499999523162842
154.49869680404663,1.0499999523162842
154.53969645500183,1.0499999523162842
154.56769251823425,1.0499999523162842
154.61069250106812,1.059999942779541
154.63769245147705,1.059999942779541
154.6746916770935,1.059999942779541
154.7096917629242,1.059999942779541
154.73969173431396,1.059999942779541
154.77068877220154,1.0499999523162842
154.81068897247314,1.0399999618530271
154.83868885040283,1.0499999523162842
154.87368726730347,1.0499999523162842
154.9096872806549,1.0499999523162842
154.93868732452393,1.0499999523162842
154.97168588638306,1.0499999523162842
155.0076858997345,1.0499999523162842
155.02868580818176,1.0499999523162842
155.0776834487915,1.059999942779541
155.09868359565735,1.059999942779541
155.14268326759338,1.059999942779541
155.18068170547485,1.059999942779541
155.19968175888062,1.0499999523162842
155.24168181419373,1.059999942779541
155.2696807384491,1.059999942779541
155.2996804714203,1.0700000524520874
155.3396806716919,1.090000033378601
155.36967992782593,1.100000023841858
155.39867997169495,1.100000023841858
155.44067978858948,1.1100000143051147
155.46967697143555,1.1100000143051147
155.4996771812439,1.1200000047683716
155.54067707061768,1.1200000047683716
155.56967639923096,1.1200000047683716
155.5986762046814,1.1200000047683716
155.6406762599945,1.1200000047683716
155.66867637634277,1.1200000047683716
155.7046763896942,1.1200000047683716
155.73967838287354,1.1200000047683716
155.76867866516113,1.1200000047683716
155.80967831611633,1.1200000047683716
155.83867835998535,1.1200000047683716
155.87367939949036,1.1100000143051147
155.90867924690247,1.1100000143051147
155.93867826461792,1.1100000143051147
155.9736783504486,1.1100000143051147
156.0046784877777,1.1200000047683716
156.03867840766907,1.1299999952316284
156.07367753982544,1.1200000047683716
156.1086778640747,1.1100000143051147
156.1386754512787,1.1100000143051147
156.17367553710938,1.1100000143051147
156.20967555046082,1.1100000143051147
156.22967553138733,1.1100000143051147
156.27167463302612,1.1100000143051147
156.2996745109558,1.1100000143051147
156.34267449378967,1.1100000143051147
156.3726794719696,1.1100000143051147
156.4106788635254,1.1100000143051147
156.44267916679382,1.100000023841858
156.47067975997925,1.1100000143051147
156.49867987632751,1.100000023841858
156.54167985916138,1.100000023841858
156.57867765426636,1.100000023841858
156.59867787361145,1.090000033378601
156.64267754554749,1.100000023841858
156.66967821121216,1.100000023841858
156.6986780166626,1.100000023841858
156.7406780719757,1.100000023841858
156.76767754554749,1.1100000143051147
156.81067752838135,1.1100000143051147
156.83867764472961,1.100000023841858
156.86867690086365,1.1100000143051147
156.91067671775818,1.1100000143051147
156.93967747688293,1.1100000143051147
156.96867728233337,1.100000023841858
157.01267743110657,1.1100000143051147
157.0436773300171,1.1100000143051147
157.07067894935608,1.1100000143051147
157.1086790561676,1.1100000143051147
157.14368057250977,1.1100000143051147
157.17268061637878,1.1100000143051147
157.20468044281006,1.1100000143051147
157.23868060112,1.1100000143051147
157.2686791419983,1.100000023841858
157.3056788444519,1.090000033378601
157.339679479599,1.0700000524520874
157.3686773777008,1.0700000524520874
157.40967726707458,1.0700000524520874
157.4406774044037,1.0700000524520874
157.46767783164978,1.0700000524520874
157.50467777252197,1.0700000524520874
157.53967785835266,1.090000033378601
157.56867599487305,1.090000033378601
157.6096761226654,1.100000023841858
157.63867616653442,1.090000033378601
157.6736762523651,1.090000033378601
157.70967626571655,1.090000033378601
157.7386758327484,1.100000023841858
157.7736759185791,1.100000023841858
157.8106758594513,1.100000023841858
157.83867526054382,1.1100000143051147
157.8736753463745,1.1100000143051147
157.90967535972595,1.1100000143051147
157.9386739730835,1.1100000143051147
157.97367405891418,1.1100000143051147
158.01067399978638,1.090000033378601
158.0386769771576,1.059999942779541
158.07367706298828,1.059999942779541
158.10967707633972,1.090000033378601
158.13867712020874,1.100000023841858
158.17167496681213,1.1100000143051147
158.19967484474182,1.1299999952316284
158.2416751384735,1.1100000143051147
158.27867817878723,1.1100000143051147
158.30767822265625,1.100000023841858
158.34267807006836,1.100000023841858
158.37967467308044,1.1200000047683716
158.4116747379303,1.1299999952316284
158.43867444992065,1.1299999952316284
158.47467422485352,1.1299999952316284
158.50967407226562,1.1299999952316284
158.53867435455322,1.1299999952316284
158.5796754360199,1.1299999952316284
158.60867547988892,1.1299999952316284
158.6436755657196,1.1299999952316284
158.67967867851257,1.1299999952316284
158.70967864990234,1.1200000047683716
158.73867845535278,1.1200000047683716
158.76867818832397,1.1200000047683716
158.80367803573608,1.1200000047683716
158.83967804908752,1.1200000047683716
158.86867690086365,1.1200000047683716
158.9116768836975,1.1299999952316284
158.9396767616272,1.1299999952316284
158.96867847442627,1.1399999856948853
159.01067805290222,1.1399999856948853
159.03967833518982,1.149999976158142
159.0746774673462,1.149999976158142
159.11067724227905,1.159999966621399
159.13967728614807,1.159999966621399
159.16967797279358,1.1699999570846558
159.2096779346466,1.1699999570846558
159.24467992782593,1.1799999475479126
159.27267980575562,1.1799999475479126
159.31367993354797,1.1799999475479126
159.34167861938477,1.1799999475479126
159.36967873573303,1.1799999475479126
159.4056785106659,1.1799999475479126
159.44067859649658,1.1799999475479126
159.4696774482727,1.1799999475479126
159.50567746162415,1.1799999475479126
159.54067587852478,1.1799999475479126
159.56967544555664,1.1699999570846558
159.60467553138733,1.1699999570846558
159.64067554473877,1.159999966621399
159.6696755886078,1.159999966621399
159.69867587089539,1.159999966621399
159.74167585372925,1.159999966621399
159.7706742286682,1.1699999570846558
159.81067419052124,1.1699999570846558
159.8426742553711,1.1699999570846558
159.8696744441986,1.1699999570846558
159.90667486190796,1.1699999570846558
159.9416744709015,1.159999966621399
159.96967434883118,1.1299999952316284
160.01067423820496,1.1200000047683716
160.03867435455322,1.1299999952316284
160.06767392158508,1.1299999952316284
160.1096739768982,1.1299999952316284
160.1386740207672,1.1299999952316284
160.17267179489136,1.1399999856948853
160.2086718082428,1.1399999856948853
160.22967171669006,1.149999976158142
160.2716703414917,1.149999976158142
160.29967045783997,1.149999976158142
160.34167051315308,1.1399999856948853
160.37067103385925,1.1399999856948853
160.39967107772827,1.1399999856948853
160.44067096710205,1.1399999856948853
160.46966886520386,1.1399999856948853
160.51266884803772,1.1399999856948853
160.53966879844666,1.149999976158142
160.57566809654236,1.1399999856948853
160.60366821289062,1.1399999856948853
160.63966822624207,1.1399999856948853
160.67366743087769,1.1399999856948853
160.7046673297882,1.1399999856948853
160.7386658191681,1.1399999856948853
160.7696657180786,1.1399999856948853
160.8046658039093,1.1399999856948853
160.84066653251648,1.1399999856948853
160.87166666984558,1.1399999856948853
160.89966654777527,1.1399999856948853
160.94066667556763,1.149999976158142
160.9696660041809,1.149999976158142
161.0046660900116,1.100000023841858
161.0416660308838,1.100000023841858
161.06866598129272,1.1100000143051147
161.10666608810425,1.1200000047683716
161.1386661529541,1.1200000047683716
161.1746644973755,1.1200000047683716
161.21066451072693,1.1299999952316284
161.2406644821167,1.1299999952316284
161.26866602897644,1.1299999952316284
161.30666613578796,1.1299999952316284
161.33966612815857,1.1299999952316284
161.36966395378113,1.1399999856948853
161.4106640815735,1.1399999856948853
161.43866395950317,1.1299999952316284
161.47366499900818,1.1399999856948853
161.50966501235962,1.1399999856948853
161.53866505622864,1.1399999856948853
161.57266330718994,1.1399999856948853
161.60166335105896,1.1399999856948853
161.64266347885132,1.1399999856948853
161.67066311836243,1.1399999856948853
161.69966292381287,1.1399999856948853
161.74166297912598,1.1399999856948853
161.77066373825073,1.1399999856948853
161.798663854599,1.1399999856948853
161.84066367149353,1.149999976158142
161.86966347694397,1.1399999856948853
161.89966344833374,1.149999976158142
161.94166326522827,1.159999966621399
161.9706630706787,1.159999966621399
161.99966263771057,1.159999966621399
162.04366278648376,1.149999976158142
162.07166194915771,1.149999976158142
162.10066199302673,1.149999976158142
162.1446568965912,1.159999966621399
162.1736569404602,1.159999966621399
162.20165705680847,1.159999966621399
162.2306568622589,1.159999966621399
162.27265858650208,1.159999966621399
162.30065846443176,1.159999966621399
162.32965874671936,1.159999966621399
162.3716561794281,1.1399999856948853
162.41365599632263,1.1200000047683716
162.44465613365173,1.1100000143051147
162.47165489196777,1.090000033378601
162.50865507125854,1.090000033378601
162.54265475273132,1.1100000143051147
162.57065606117249,1.1200000047683716
162.5996561050415,1.1200000047683716
162.64165568351746,1.1200000047683716
162.66965556144714,1.1200000047683716
162.69865560531616,1.1299999952316284
162.74065566062927,1.1200000047683716
162.77865552902222,1.1200000047683716
162.79865527153015,1.1200000047683716
162.841655254364,1.1299999952316284
162.86865425109863,1.1299999952316284
162.8986542224884,1.1299999952316284
162.9406542778015,1.1299999952316284
162.9696536064148,1.1200000047683716
163.01065325737,1.1200000047683716
163.0396535396576,1.1299999952316284
163.07465195655823,1.1399999856948853
163.10965204238892,1.1399999856948853
163.13065195083618,1.1399999856948853
163.1736500263214,1.1100000143051147
163.2016499042511,1.100000023841858
163.22965002059937,1.100000023841858
163.271648645401,1.090000033378601
163.30164861679077,1.090000033378601
163.34264874458313,1.1200000047683716
163.3706452846527,1.1399999856948853
163.39964532852173,1.149999976158142
163.4426453113556,1.159999966621399
163.4706449508667,1.159999966621399
163.49964475631714,1.159999966621399
163.54164505004883,1.159999966621399
163.57964205741882,1.159999966621399
163.59964227676392,1.159999966621399
163.64264225959778,1.159999966621399
163.6706383228302,1.159999966621399
163.69963836669922,1.149999976158142
163.7416386604309,1.149999976158142
163.7706367969513,1.1399999856948853
163.7996370792389,1.1399999856948853
163.84163689613342,1.1399999856948853
163.87063813209534,1.1399999856948853
163.89963817596436,1.1399999856948853
163.94063925743103,1.1399999856948853
163.96963953971863,1.1399999856948853
164.00463938713074,1.1399999856948853
164.03963947296143,1.1399999856948853
164.07463598251343,1.1399999856948853
164.10363578796387,1.1399999856948853
164.140638589859,1.1399999856948853
164.17063879966736,1.1399999856948853
164.19863867759705,1.1399999856948853
164.24063873291016,1.1399999856948853
164.26963639259338,1.1399999856948853
164.30463647842407,1.1399999856948853
164.33963632583618,1.1399999856948853
164.37463808059692,1.1399999856948853
164.4026381969452,1.1299999952316284
164.43063807487488,1.1299999952316284
164.47363805770874,1.1399999856948853
164.50963807106018,1.1399999856948853
164.54363799095154,1.1399999856948853
164.57163786888123,1.1200000047683716
164.5996379852295,1.090000033378601
164.64163661003113,1.1100000143051147
164.6696367263794,1.1100000143051147
164.69863653182983,1.1200000047683716
164.7406361103058,1.1200000047683716
164.7696361541748,1.1299999952316284
164.81063604354858,1.1299999952316284
164.83863615989685,1.1299999952316284
164.87363576889038,1.1299999952316284
164.90963578224182,1.1200000047683716
164.93063592910767,1.1100000143051147
164.97363352775574,1.100000023841858
165.01063346862793,1.090000033378601
165.0296335220337,1.090000033378601
165.07363152503967,1.100000023841858
165.1096315383911,1.100000023841858
165.1396312713623,1.1100000143051147
165.17462849617004,1.1100000143051147
165.21162867546082,1.1200000047683716
165.24062848091125,1.100000023841858
165.26963090896606,1.090000033378601
165.29863095283508,1.100000023841858
165.3406310081482,1.100000023841858
165.36962389945984,1.100000023841858
165.40462374687195,1.1200000047683716
165.44062280654907,1.149999976158142
165.4696228504181,1.149999976158142
165.51262307167053,1.159999966621399
165.5396227836609,1.159999966621399
165.57462286949158,1.159999966621399
165.6036229133606,1.159999966621399
165.63962292671204,1.159999966621399
165.68062233924866,1.159999966621399
165.70162224769592,1.159999966621399
165.73062205314636,1.159999966621399
165.77261662483215,1.100000023841858
165.8086166381836,1.0700000524520874
165.84261655807495,1.0700000524520874
165.87061595916748,1.0700000524520874
165.8996160030365,1.090000033378601
165.94161581993103,1.090000033378601
165.96961045265198,1.100000023841858
165.99861073493958,1.100000023841858
166.04061341285706,1.100000023841858
166.06861329078674,1.1100000143051147
166.11061334609985,1.1100000143051147
166.13961338996887,1.1100000143051147
166.16761302947998,1.100000023841858
166.2096128463745,1.100000023841858
166.2386131286621,1.090000033378601
166.27361679077148,1.090000033378601
166.3086166381836,1.090000033378601
166.34361672401428,1.090000033378601
166.3726179599762,1.090000033378601
166.40161800384521,1.090000033378601
166.442617893219,1.090000033378601
166.47861075401306,1.090000033378601
166.49861073493958,1.0700000524520874
166.54261088371277,1.0700000524520874
166.56860971450806,1.0700000524520874
166.61060976982117,1.059999942779541
166.63960981369019,1.059999942779541
166.6746118068695,1.0700000524520874
166.71061182022095,1.0700000524520874
166.73861169815063,1.0700000524520874
166.7736110687256,1.0700000524520874
166.80861115455627,1.0700000524520874
166.83161115646362,1.090000033378601
166.87961220741272,1.100000023841858
166.90861225128174,1.1100000143051147
166.9436149597168,1.1100000143051147
166.9786148071289,1.1100000143051147
166.99961495399475,1.1100000143051147
167.0426149368286,1.1100000143051147
167.0716154575348,1.1200000047683716
167.09961485862732,1.1200000047683716
167.14361786842346,1.1200000047683716
167.17061805725098,1.1200000047683716
167.20861792564392,1.1200000047683716
167.2436180114746,1.1200000047683716
167.27261805534363,1.1200000047683716
167.30961799621582,1.1200000047683716
167.338618516922,1.1200000047683716
167.3736183643341,1.1200000047683716
167.40261840820312,1.1200000047683716
167.43961834907532,1.1200000047683716
167.47362065315247,1.1100000143051147
167.50462079048157,1.1100000143051147
167.53862047195435,1.100000023841858
167.5736210346222,1.1100000143051147
167.60962104797363,1.090000033378601
167.63862085342407,1.090000033378601
167.67362093925476,1.090000033378601
167.70862102508545,1.090000033378601
167.7446210384369,1.100000023841858
167.77162289619446,1.100000023841858
167.79962277412415,1.1100000143051147
167.842622756958,1.100000023841858
167.870623588562,1.090000033378601
167.8986234664917,1.090000033378601
167.94062328338623,1.090000033378601
167.970623254776,1.090000033378601
167.99962329864502,1.090000033378601
168.04162335395813,1.090000033378601
168.0696189403534,1.090000033378601
168.0986189842224,1.100000023841858
168.14061903953552,1.100000023841858
168.16961884498596,1.1100000143051147
168.21061897277832,1.100000023841858
168.23862051963806,1.100000023841858
168.27362060546875,1.090000033378601
168.30862045288086,1.0700000524520874
168.3386206626892,1.0700000524520874
168.3736183643341,1.0700000524520874
168.41061854362488,1.059999942779541
168.4306185245514,1.059999942779541
168.47362446784973,1.0399999618530271
168.50862455368042,1.0399999618530271
168.53162455558777,1.059999942779541
168.57163071632385,1.090000033378601
168.5996310710907,1.1100000143051147
168.64263105392456,1.1100000143051147
168.6706292629242,1.1200000047683716
168.6996293067932,1.1200000047683716
168.72862911224365,1.1299999952316284
168.77162766456604,1.1200000047683716
168.7996277809143,1.1299999952316284
168.84162759780884,1.149999976158142
168.86962985992432,1.159999966621399
168.90462970733643,1.159999966621399
168.93962979316711,1.159999966621399
168.97463035583496,1.1699999570846558
169.01163005828857,1.1699999570846558
169.03963232040405,1.1799999475479126
169.07463240623474,1.1799999475479126
169.10263204574585,1.1699999570846558
169.1306324005127,1.1699999570846558
169.1726312637329,1.1699999570846558
169.20063185691833,1.1699999570846558
169.23263144493103,1.1699999570846558
169.27363872528076,1.1799999475479126
169.30463862419128,1.1799999475479126
169.3396384716034,1.1799999475479126
169.3696415424347,1.1799999475479126
169.4046413898468,1.1799999475479126
169.44164156913757,1.1799999475479126
169.4706461429596,1.1799999475479126
169.50564622879028,1.1799999475479126
169.5406458377838,1.1799999475479126
169.5756459236145,1.1799999475479126
169.60564589500427,1.1799999475479126
169.63164591789246,1.1799999475479126
169.67364382743835,1.1799999475479126
169.7096438407898,1.1799999475479126
169.74164390563965,1.1799999475479126
169.77064394950867,1.1799999475479126
169.79964399337769,1.1699999570846558
169.8416440486908,1.1699999570846558
169.87064671516418,1.1699999570846558
169.89964652061462,1.1699999570846558
169.94164657592773,1.1699999570846558
169.96964526176453,1.1699999570846558
170.00564527511597,1.1699999570846558
170.04064536094666,1.1699999570846558
170.06964325904846,1.1699999570846558
170.10364317893982,1.1699999570846558
170.13964319229126,1.1699999570846558
170.17464399337769,1.1699999570846558
170.20964407920837,1.1699999570846558
170.23964405059814,1.159999966621399
170.27464151382446,1.159999966621399
170.31164145469666,1.159999966621399
170.33964157104492,1.159999966621399
170.3746428489685,1.159999966621399
170.4036431312561,1.1699999570846558
170.43964314460754,1.1699999570846558
170.47364115715027,1.1699999570846558
170.5096411705017,1.1699999570846558
170.53064131736755,1.1699999570846558
170.57264065742493,1.1699999570846558
170.60064053535461,1.1699999570846558
170.64264059066772,1.159999966621399
170.671639919281,1.159999966621399
170.71264004707336,1.159999966621399
170.74063992500305,1.149999976158142
170.76963996887207,1.149999976158142
170.80464005470276,1.159999966621399
170.8406400680542,1.159999966621399
170.86963653564453,1.159999966621399
170.90463662147522,1.159999966621399
170.93963646888733,1.159999966621399
170.96963572502136,1.159999966621399
171.00463557243347,1.159999966621399
171.04163527488708,1.159999966621399
171.0706353187561,1.159999966621399
171.11363530158997,1.159999966621399
171.14063477516174,1.159999966621399
171.16963505744934,1.159999966621399
171.20463490486145,1.149999976158142
171.2406349182129,1.149999976158142
171.27063131332397,1.149999976158142
171.30663132667542,1.1299999952316284
171.3406298160553,1.1299999952316284
171.36962985992432,1.1399999856948853
171.40462970733643,1.1399999856948853
171.44062972068787,1.1399999856948853
171.4746289253235,1.1399999856948853
171.50262904167175,1.1299999952316284
171.53062891960144,1.1200000047683716
171.5736255645752,1.1299999952316284
171.61062574386597,1.1299999952316284
171.62962555885315,1.1299999952316284
171.67162418365479,1.1299999952316284
171.69962406158447,1.1299999952316284
171.74162077903748,1.1399999856948853
171.76962065696716,1.1399999856948853
171.8056206703186,1.1399999856948853
171.83962106704712,1.1399999856948853
171.87461972236633,1.090000033378601
171.90961980819702,1.059999942779541
171.93861985206604,1.0700000524520874
171.9726161956787,1.100000023841858
172.011616230011,1.1100000143051147
172.03861618041992,1.1200000047683716
172.07261729240417,1.1200000047683716
172.10861706733704,1.1200000047683716
172.12961745262146,1.1299999952316284
172.17261791229248,1.1299999952316284
172.20861792564392,1.1299999952316284
172.2436180114746,1.1299999952316284
172.27261686325073,1.1299999952316284
172.30061745643616,1.1299999952316284
172.3426172733307,1.1399999856948853
172.37161779403687,1.1399999856948853
172.4136176109314,1.1299999952316284
172.44361758232117,1.1399999856948853
172.47061777114868,1.1399999856948853
172.5086178779602,1.1299999952316284
172.54461765289307,1.1299999952316284
172.57262086868286,1.1299999952316284
172.60962104797363,1.1100000143051147
172.64262104034424,1.100000023841858
172.6706256866455,1.1200000047683716
172.69962573051453,1.1299999952316284
172.7416250705719,1.1399999856948853
172.76962518692017,1.149999976158142
172.80462503433228,1.149999976158142
172.83962512016296,1.149999976158142
172.87462544441223,1.149999976158142
172.904625415802,1.149999976158142
172.93962383270264,1.149999976158142
172.9696238040924,1.149999976158142
173.01062393188477,1.149999976158142
173.03362393379211,1.149999976158142
173.07362341880798,1.149999976158142
173.10162329673767,1.1399999856948853
173.1306233406067,1.1399999856948853
173.17162203788757,1.1399999856948853
173.19962215423584,1.1399999856948853
173.24162197113037,1.1399999856948853
173.26962113380432,1.1399999856948853
173.3066210746765,1.149999976158142
173.3396191596985,1.159999966621399
173.37461924552917,1.159999966621399
173.41061925888062,1.159999966621399
173.44461917877197,1.159999966621399
173.47361993789673,1.159999966621399
173.50061988830566,1.159999966621399
173.530620098114,1.159999966621399
173.5706171989441,1.159999966621399
173.60561728477478,1.149999976158142
173.6406171321869,1.149999976158142
173.6756091117859,1.149999976158142
173.70360898971558,1.149999976158142
173.73960900306702,1.149999976158142
173.77460646629333,1.149999976158142
173.8116066455841,1.159999966621399
173.84060645103455,1.159999966621399
173.86960530281067,1.159999966621399
173.9126055240631,1.159999966621399
173.93960547447205,1.159999966621399
173.97460532188416,1.159999966621399
174.00360536575317,1.159999966621399
174.03960537910461,1.159999966621399
174.07360291481018,1.159999966621399
174.10160279273987,1.159999966621399
174.14460277557373,1.159999966621399
174.17260646820068,1.159999966621399
174.20060634613037,1.159999966621399
174.24360585212708,1.159999966621399
174.2726058959961,1.159999966621399
174.29960584640503,1.159999966621399
174.34160590171814,1.159999966621399
174.370609998703,1.159999966621399
174.4056100845337,1.159999966621399
174.4406099319458,1.159999966621399
174.47060990333557,1.159999966621399
174.50560998916626,1.159999966621399
174.54061007499695,1.159999966621399
174.56960821151733,1.159999966621399
174.60460805892944,1.159999966621399
174.64160823822021,1.159999966621399
174.6696093082428,1.159999966621399
174.70560932159424,1.149999976158142
174.74060916900635,1.1200000047683716
174.76960706710815,1.0499999523162842
174.81060695648193,1.0399999618530271
174.8406069278717,1.090000033378601
174.8746054172516,1.1200000047683716
174.9096052646637,1.1299999952316284
174.93060541152954,1.1399999856948853
174.97260332107544,1.1399999856948853
175.0026032924652,1.1399999856948853
175.02960324287415,1.1399999856948853
175.0716037750244,1.1399999856948853
175.10160398483276,1.1399999856948853
175.1306037902832,1.1399999856948853
175.17060112953186,1.1399999856948853
175.19960117340088,1.1299999952316284
175.2416009902954,1.1200000047683716
175.27059984207153,1.1200000047683716
175.29959988594055,1.1299999952316284
175.34159970283508,1.1299999952316284
175.37959718704224,1.1299999952316284
175.39959716796875,1.1299999952316284
175.4425971508026,1.1200000047683716
175.47059774398804,1.1200000047683716
175.49959778785706,1.1200000047683716
175.54159784317017,1.1200000047683716
175.57059502601624,1.1200000047683716
175.600594997406,1.1200000047683716
175.63159489631653,1.1200000047683716
175.6725950241089,1.1299999952316284
175.70059490203857,1.1299999952316284
175.74359488487244,1.1399999856948853
175.7705934047699,1.149999976158142
175.79959344863892,1.159999966621399
175.84059262275696,1.159999966621399
175.87559247016907,1.159999966621399
175.9115927219391,1.149999976158142
175.93159246444702,1.1200000047683716
175.9735927581787,1.1100000143051147
176.00959277153015,1.1200000047683716
176.0395929813385,1.1200000047683716
176.06858944892883,1.1200000047683716
176.10458946228027,1.1200000047683716
176.1395881175995,1.1200000047683716
176.16858792304993,1.1200000047683716
176.20958805084229,1.1200000047683716
176.2445878982544,1.1200000047683716
176.2735879421234,1.1200000047683716
176.3085880279541,1.1299999952316284
176.3445861339569,1.1299999952316284
176.37258625030518,1.1200000047683716
176.40958619117737,1.1100000143051147
176.44258618354797,1.1200000047683716
176.47058773040771,1.1100000143051147
176.49858784675598,1.1100000143051147
176.5405876636505,1.1200000047683716
176.56958651542664,1.1200000047683716
176.61058640480042,1.1200000047683716
176.63858652114868,1.1200000047683716
176.67358565330505,1.1200000047683716
176.70858573913574,1.1200000047683716
176.7385857105255,1.1200000047683716
176.77358174324036,1.1200000047683716
176.81058192253113,1.1200000047683716
176.8295819759369,1.1200000047683716
176.87358140945435,1.1299999952316284
176.90858125686646,1.1299999952316284
176.94358134269714,1.1299999952316284
176.97158002853394,1.1299999952316284
177.00857996940613,1.1299999952316284
177.03157997131348,1.1299999952316284
177.07958006858826,1.1200000047683716
177.09958004951477,1.1299999952316284
177.1425802707672,1.1399999856948853
177.170578956604,1.1399999856948853
177.19957900047302,1.149999976158142
177.24057912826538,1.149999976158142
177.26158046722412,1.149999976158142
177.31158065795898,1.1200000047683716
177.3315806388855,1.100000023841858
177.36858439445496,1.090000033378601
177.41058444976807,1.100000023841858
177.43958449363708,1.100000023841858
177.47358465194702,1.100000023841858
177.50858449935913,1.100000023841858
177.54358434677124,1.100000023841858
177.5715832710266,1.1100000143051147
177.60858345031738,1.1100000143051147
177.64258337020874,1.100000023841858
177.67058539390564,1.100000023841858
177.69858527183533,1.100000023841858
177.74058532714844,1.1100000143051147
177.76958513259888,1.1200000047683716
177.80458545684814,1.1100000143051147
177.83958506584167,1.1100000143051147
177.86858558654785,1.1100000143051147
177.90558576583862,1.100000023841858
177.93858575820923,1.100000023841858
177.97358465194702,1.100000023841858
178.0105845928192,1.100000023841858
178.0385844707489,1.1100000143051147
178.07258343696594,1.1100000143051147
178.10058331489563,1.1100000143051147
178.14258337020874,1.1299999952316284
178.1705825328827,1.1399999856948853
178.2015826702118,1.149999976158142
178.24258255958557,1.149999976158142
178.26957964897156,1.149999976158142
178.30657958984375,1.159999966621399
178.34057927131653,1.159999966621399
178.36957907676697,1.159999966621399
178.41057896614075,1.159999966621399
178.43957901000977,1.159999966621399
178.4745774269104,1.159999966621399
178.5095775127411,1.159999966621399
178.5455765724182,1.159999966621399
178.5735764503479,1.159999966621399
178.61157655715942,1.159999966621399
178.6305763721466,1.159999966621399
178.67457556724548,1.159999966621399
178.7095754146576,1.159999966621399
178.73957538604736,1.159999966621399
178.77457356452942,1.159999966621399
178.8115737438202,1.159999966621399
178.84057354927063,1.159999966621399
178.86857342720032,1.159999966621399
178.91057324409485,1.159999966621399
178.9405734539032,1.159999966621399
178.96957659721375,1.159999966621399
179.00457644462585,1.159999966621399
179.03957653045654,1.159999966621399
179.07557654380798,1.159999966621399
179.10357666015625,1.159999966621399
179.1325764656067,1.159999966621399
179.17457580566406,1.159999966621399
179.20957565307617,1.159999966621399
179.23057579994202,1.159999966621399
179.27258014678955,1.159999966621399
179.30058002471924,1.159999966621399
179.34458017349243,1.159999966621399
179.3735809326172,1.159999966621399
179.4045810699463,1.159999966621399
179.4395809173584,1.159999966621399
179.46957898139954,1.159999966621399
179.50357913970947,1.159999966621399
179.53357887268066,1.159999966621399
179.57357907295227,1.159999966621399
179.60657906532288,1.159999966621399
179.63957691192627,1.159999966621399
179.67057704925537,1.159999966621399
179.70557689666748,1.159999966621399
179.74157691001892,1.159999966621399
179.77557706832886,1.159999966621399
179.80657696723938,1.159999966621399
179.8315770626068,1.159999966621399
179.87357544898987,1.159999966621399
179.9095754623413,1.159999966621399
179.93057537078857,1.159999966621399
179.97357273101807,1.159999966621399
180.01057267189026,1.159999966621399
180.02957272529602,1.159999966621399
180.07157588005066,1.159999966621399
180.10057592391968,1.159999966621399
180.1425759792328,1.159999966621399
180.17057299613953,1.159999966621399
180.19957280158997,1.1399999856948853
180.24157285690308,1.1299999952316284
180.26957154273987,1.1100000143051147
180.29957151412964,1.100000023841858
180.34157156944275,1.059999942779541
180.37957000732422,1.0499999523162842
180.39956998825073,1.059999942779541
180.4425699710846,1.0700000524520874
180.46956849098206,1.090000033378601
180.49856853485107,1.1100000143051147
180.53956866264343,1.1100000143051147
180.56856656074524,1.1200000047683716
180.60356640815735,1.1200000047683716
180.63956665992737,1.1200000047683716
180.66857147216797,1.1299999952316284
180.70357131958008,1.1299999952316284
180.73957133293152,1.1299999952316284
180.77357244491577,1.1299999952316284
180.80357265472412,1.1299999952316284
180.83057236671448,1.1299999952316284
180.87257027626038,1.1299999952316284
180.90057039260864,1.1200000047683716
180.94257044792175,1.1100000143051147
180.9725706577301,1.100000023841858
181.01357007026672,1.1100000143051147
181.04057025909424,1.1100000143051147
181.07556819915771,1.1100000143051147
181.10356831550598,1.1100000143051147
181.13956832885742,1.1200000047683716
181.1735680103302,1.1299999952316284
181.20156812667847,1.1299999952316284
181.243567943573,1.1399999856948853
181.2715744972229,1.1299999952316284
181.30157446861267,1.1299999952316284
181.34157419204712,1.1299999952316284
181.3695740699768,1.1299999952316284
181.40557408332825,1.1299999952316284
181.43957257270813,1.1299999952316284
181.4695725440979,1.1299999952316284
181.51057267189026,1.1299999952316284
181.54457259178162,1.1200000047683716
181.57357239723206,1.1200000047683716
181.60257267951965,1.1200000047683716
181.64257311820984,1.1299999952316284
181.67357325553894,1.1299999952316284
181.70257306098938,1.1399999856948853
181.73957133293152,1.149999976158142
181.7745714187622,1.149999976158142
181.80457139015198,1.149999976158142
181.83957147598267,1.149999976158142
181.8745698928833,1.149999976158142
181.902569770813,1.149999976158142
181.93956971168518,1.149999976158142
181.97456693649292,1.1200000047683716
182.0115671157837,1.0299999713897705
182.03856706619263,1.0499999523162842
182.07456707954407,1.059999942779541
182.10956692695618,1.090000033378601
182.13856315612793,1.090000033378601
182.1795632839203,1.100000023841858
182.20056319236755,1.100000023841858
182.24256324768066,1.090000033378601
182.27056407928467,1.100000023841858
182.2995641231537,1.090000033378601
182.34056425094604,1.0700000524520874
182.36956405639648,1.0700000524520874
182.41256427764893,1.059999942779541
182.43956422805786,1.059999942779541
182.46856260299683,1.0499999523162842
182.50256276130676,1.0499999523162842
182.53256273269653,1.0499999523162842
182.57256293296814,1.0499999523162842
182.60856294631958,1.0499999523162842
182.64456224441528,1.0399999618530271
182.67256212234497,1.0399999618530271
182.70956206321716,1.0399999618530271
182.74256205558777,1.0399999618530271
182.77056169509888,1.0399999618530271
182.79856157302856,1.0399999618530271
182.84056186676025,1.0399999618530271
182.8685646057129,1.0499999523162842
182.903564453125,1.059999942779541
182.94056463241577,1.0700000524520874
182.96856665611267,1.0700000524520874
183.0105664730072,1.059999942779541
183.0415666103363,1.0700000524520874
183.06956315040588,1.059999942779541
183.1065628528595,1.059999942779541
183.1395628452301,1.059999942779541
183.17056155204773,1.059999942779541
183.20956158638,1.0499999523162842
183.23956155776978,1.0499999523162842
183.26956009864807,1.0499999523162842
183.2985601425171,1.0499999523162842
183.34156012535095,1.0399999618530271
183.37055778503418,1.0399999618530271
183.4105577468872,1.0399999618530271
183.43855786323547,1.0399999618530271
183.4735586643219,1.0399999618530271
183.50955867767334,1.0399999618530271
183.53855848312378,1.0399999618530271
183.5725612640381,1.0399999618530271
183.60856127738953,1.0399999618530271
183.62956142425537,1.0399999618530271
183.67156147956848,1.0399999618530271
183.69956135749817,1.0399999618530271
183.74156141281128,1.0399999618530271
183.77055859565735,1.0399999618530271
183.81155848503113,1.0499999523162842
183.8395586013794,1.0499999523162842
183.87455701828003,1.0499999523162842
183.90955686569214,1.0499999523162842
183.93055701255798,1.0499999523162842
183.9725558757782,1.0499999523162842
184.00855565071106,1.0499999523162842
184.042555809021,1.0499999523162842
184.07155752182007,1.0499999523162842
184.098557472229,1.0499999523162842
184.14055705070496,1.0499999523162842
184.16855692863464,1.0499999523162842
184.20355701446533,1.0399999618530271
184.2395589351654,1.0499999523162842
184.27355885505676,1.0499999523162842
184.3085584640503,1.0499999523162842
184.34355854988098,1.0399999618530271
184.37155866622925,1.0399999618530271
184.4095585346222,1.0499999523162842
184.4425585269928,1.0499999523162842
184.47255730628967,1.059999942779541
184.4995572566986,1.0700000524520874
184.5405580997467,1.0700000524520874
184.5685579776764,1.090000033378601
184.60455799102783,1.100000023841858
184.6345579624176,1.100000023841858
184.67355751991272,1.100000023841858
184.70155787467957,1.1100000143051147
184.72955751419067,1.1100000143051147
184.7715561389923,1.1100000143051147
184.80155634880066,1.1100000143051147
184.8415560722351,1.1200000047683716
184.87055706977844,1.1200000047683716
184.89955711364746,1.1200000047683716
184.9415545463562,1.1200000047683716
184.96955466270447,1.1200000047683716
185.00455451011658,1.1200000047683716
185.04155445098877,1.1100000143051147
185.07555389404297,1.1100000143051147
185.10355401039124,1.1100000143051147
185.13955402374268,1.1200000047683716
185.17455124855042,1.1200000047683716
185.21055126190186,1.1100000143051147
185.2405514717102,1.1200000047683716
185.27054929733276,1.1200000047683716
185.29954934120178,1.1200000047683716
185.3415493965149,1.1299999952316284
185.37055015563965,1.1299999952316284
185.39955019950867,1.1399999856948853
185.44255018234253,1.1399999856948853
185.47054958343506,1.149999976158142
185.49954986572266,1.149999976158142
185.5415496826172,1.149999976158142
185.57054567337036,1.1299999952316284
185.6045458316803,1.100000023841858
185.63954758644104,1.090000033378601
185.6695475578308,1.100000023841858
185.71254754066467,1.100000023841858
185.73954725265503,1.100000023841858
185.7685477733612,1.100000023841858
185.80954790115356,1.1100000143051147
185.83154773712158,1.1100000143051147
185.87254786491394,1.1100000143051147
185.90954756736755,1.1100000143051147
185.94454765319824,1.1100000143051147
185.97254633903503,1.1100000143051147
186.00954627990723,1.1100000143051147
186.04254627227783,1.1200000047683716
186.07154440879822,1.1200000047683716
186.09954452514648,1.1100000143051147
186.1405439376831,1.1200000047683716
186.16854405403137,1.1200000047683716
186.20354390144348,1.1100000143051147
186.23954391479492,1.1100000143051147
186.2735435962677,1.1100000143051147
186.3085436820984,1.1100000143051147
186.34554171562195,1.1200000047683716
186.37154173851013,1.1299999952316284
186.40054178237915,1.1200000047683716
186.44154167175293,1.1299999952316284
186.47154331207275,1.1299999952316284
186.5005431175232,1.1200000047683716
186.53054285049438,1.1200000047683716
186.57254195213318,1.1200000047683716
186.61054182052612,1.1200000047683716
186.62954187393188,1.1200000047683716
186.67154002189636,1.1299999952316284
186.7015402317047,1.1299999952316284
186.7425401210785,1.1399999856948853
186.77053785324097,1.1399999856948853
186.7995376586914,1.149999976158142
186.84153747558594,1.149999976158142
186.86953568458557,1.149999976158142
186.905535697937,1.149999976158142
186.9405357837677,1.149999976158142
186.96353387832642,1.149999976158142
187.0115339756012,1.149999976158142
187.04253387451172,1.149999976158142
187.07053303718567,1.149999976158142
187.1065330505371,1.149999976158142
187.14153289794922,1.149999976158142
187.1705300807953,1.159999966621399
187.21153020858765,1.159999966621399
187.24053025245667,1.159999966621399
187.27052927017212,1.159999966621399
187.31152939796448,1.159999966621399
187.3405294418335,1.159999966621399
187.36253118515015,1.159999966621399
187.40353107452393,1.159999966621399
187.4315311908722,1.159999966621399
187.47553300857544,1.159999966621399
187.50253295898438,1.159999966621399
187.5315330028534,1.159999966621399
187.57153153419495,1.159999966621399
187.59953141212463,1.159999966621399
187.64153146743774,1.159999966621399
187.66953086853027,1.159999966621399
187.70453095436096,1.159999966621399
187.74053072929382,1.159999966621399
187.76953077316284,1.159999966621399
187.8055305480957,1.159999966621399
187.83953046798706,1.159999966621399
187.870530128479,1.159999966621399
187.9055302143097,1.149999976158142
187.94153022766113,1.1100000143051147
187.96952939033508,1.1100000143051147
188.00452947616577,1.1100000143051147
188.04152941703796,1.1200000047683716
188.0695285797119,1.1200000047683716
188.10552859306335,1.1299999952316284
188.1405258178711,1.1200000047683716
188.1695258617401,1.1200000047683716
188.2105257511139,1.1200000047683716
188.23852586746216,1.1200000047683716
188.27352476119995,1.1299999952316284
188.3095247745514,1.1299999952316284
188.338525056839,1.1200000047683716
188.37352204322815,1.1200000047683716
188.41052198410034,1.1200000047683716
188.4295220375061,1.1200000047683716
188.47352027893066,1.1100000143051147
188.50852012634277,1.1200000047683716
188.53852009773254,1.1299999952316284
188.57051873207092,1.1200000047683716
188.60051846504211,1.1200000047683716
188.64251852035522,1.1299999952316284
188.66951847076416,1.1299999952316284
188.6985182762146,1.1299999952316284
188.7405183315277,1.1200000047683716
188.7705147266388,1.1200000047683716
188.81151485443115,1.1200000047683716
188.8385148048401,1.1200000047683716
188.87451434135437,1.1200000047683716
188.90951418876648,1.1299999952316284
188.93951416015625,1.1399999856948853
188.97251272201538,1.1299999952316284
189.0035126209259,1.1299999952316284
189.03051280975342,1.1299999952316284
189.07251024246216,1.1200000047683716
189.10051012039185,1.1200000047683716
189.14251017570496,1.1100000143051147
189.1715087890625,1.1100000143051147
189.19950890541077,1.1100000143051147
189.24150896072388,1.1299999952316284
189.2715084552765,1.1299999952316284
189.30150866508484,1.1399999856948853
189.34150862693787,1.1399999856948853
189.37050700187683,1.1399999856948853
189.40550684928894,1.1399999856948853
189.4405071735382,1.1399999856948853
189.47550988197327,1.1399999856948853
189.50450992584229,1.1399999856948853
189.54050993919373,1.1399999856948853
189.57450985908508,1.1399999856948853
189.6055097579956,1.1399999856948853
189.63950967788696,1.1399999856948853
189.67450857162476,1.1399999856948853
189.70550847053528,1.1399999856948853
189.7415087223053,1.1399999856948853
189.77450823783875,1.1399999856948853
189.80650806427002,1.1399999856948853
189.83950805664062,1.1399999856948853
189.87050819396973,1.1399999856948853
189.90550804138184,1.1399999856948853
189.9415066242218,1.1399999856948853
189.97050666809082,1.1399999856948853
190.00550651550293,1.149999976158142
190.04150652885437,1.149999976158142
190.07050395011902,1.149999976158142
190.10450410842896,1.149999976158142
190.14150404930115,1.149999976158142
190.16950392723083,1.1399999856948853
190.20550394058228,1.1399999856948853
190.24050402641296,1.149999976158142
190.2755012512207,1.149999976158142
190.3035011291504,1.1399999856948853
190.33150124549866,1.1399999856948853
190.3734986782074,1.1399999856948853
190.40349864959717,1.1399999856948853
190.42949867248535,1.1299999952316284
190.47149872779846,1.1299999952316284
190.49949860572815,1.1299999952316284
190.54149866104126,1.1299999952316284
190.5704951286316,1.1299999952316284
190.60049486160278,1.1200000047683716
190.64249515533447,1.1200000047683716
190.6714963912964,1.1299999952316284
190.69949626922607,1.1399999856948853
190.74349856376648,1.1399999856948853
190.770498752594,1.149999976158142
190.79949855804443,1.159999966621399
190.8404984474182,1.159999966621399
190.86349821090698,1.1699999570846558
190.90349817276,1.1699999570846558
190.93949818611145,1.1699999570846558
190.97650146484375,1.1799999475479126
191.00450086593628,1.159999966621399
191.03950119018555,1.100000023841858
191.073499917984,1.1100000143051147
191.10249996185303,1.1200000047683716
191.1444981098175,1.1200000047683716
191.17349815368652,1.1200000047683716
191.20949816703796,1.1299999952316284
191.24049758911133,1.1299999952316284
191.26949787139893,1.1299999952316284
191.3054976463318,1.1299999952316284
191.33949756622314,1.1299999952316284
191.36949610710144,1.1299999952316284
191.41049599647522,1.1299999952316284
191.4304962158203,1.1200000047683716
191.4744930267334,1.149999976158142
191.50249314308167,1.159999966621399
191.53049302101135,1.159999966621399
191.57149171829224,1.159999966621399
191.5994918346405,1.159999966621399
191.64149165153503,1.1699999570846558
191.66949367523193,1.1699999570846558
191.70549368858337,1.1699999570846558
191.7394938468933,1.1699999570846558
191.7744915485382,1.1699999570846558
191.81049156188965,1.1699999570846558
191.83049154281616,1.1699999570846558
191.87349128723145,1.1699999570846558
191.90049147605896,1.1699999570846558
191.93049120903015,1.159999966621399
191.9704887866974,1.159999966621399
191.99948859214783,1.159999966621399
192.0424885749817,1.149999976158142
192.069491147995,1.1399999856948853
192.10449147224426,1.1299999952316284
192.14049124717712,1.1200000047683716
192.17549204826355,1.1100000143051147
192.211492061615,1.1100000143051147
192.2424919605255,1.1100000143051147
192.27149200439453,1.1100000143051147
192.30449199676514,1.1100000143051147
192.33949160575867,1.1100000143051147
192.3704912662506,1.1100000143051147
192.3994915485382,1.1100000143051147
192.440491437912,1.1100000143051147
192.4644899368286,1.1100000143051147
192.5034899711609,1.1100000143051147
192.53148984909058,1.1200000047683716
192.5754895210266,1.1200000047683716
192.6014895439148,1.1200000047683716
192.62948942184448,1.1200000047683716
192.67148900032043,1.1100000143051147
192.69948887825012,1.0399999618530271
192.74348902702332,1.0399999618530271
192.77248811721802,1.059999942779541
192.80848813056946,1.090000033378601
192.84248805046082,1.100000023841858
192.87248849868774,1.090000033378601
192.89948844909668,1.100000023841858
192.9414885044098,1.1100000143051147
192.97048330307007,1.1200000047683716
193.0014832019806,1.1299999952316284
193.0414834022522,1.1399999856948853
193.0714840888977,1.1399999856948853
193.0994839668274,1.149999976158142
193.1304841041565,1.159999966621399
193.1714825630188,1.159999966621399
193.20148253440857,1.159999966621399
193.23448252677917,1.159999966621399
193.2714810371399,1.159999966621399
193.30048084259033,1.159999966621399
193.3414809703827,1.159999966621399
193.37048244476318,1.159999966621399
193.3994824886322,1.159999966621399
193.4414825439453,1.159999966621399
193.46948146820068,1.159999966621399
193.5064811706543,1.159999966621399
193.5394811630249,1.159999966621399
193.57448053359985,1.159999966621399
193.61148047447205,1.159999966621399
193.6394805908203,1.159999966621399
193.67447805404663,1.149999976158142
193.70947813987732,1.149999976158142
193.7394781112671,1.149999976158142
193.77447533607483,1.1399999856948853
193.81147527694702,1.1299999952316284
193.83047533035278,1.1299999952316284
193.87247467041016,1.1200000047683716
193.90047407150269,1.1200000047683716
193.94247436523438,1.1200000047683716
193.97147417068481,1.1200000047683716
193.9994740486145,1.1200000047683716
194.0434741973877,1.1200000047683716
194.07047367095947,1.1200000047683716
194.0994734764099,1.1299999952316284
194.14047360420227,1.1299999952316284
194.1644744873047,1.1299999952316284
194.20347452163696,1.1299999952316284
194.23147463798523,1.1399999856948853
194.27547407150269,1.1399999856948853
194.30147433280945,1.1399999856948853
194.34347438812256,1.1399999856948853
194.37147402763367,1.1399999856948853
194.39947414398193,1.1399999856948853
194.44147419929504,1.1399999856948853
194.46947741508484,1.1399999856948853
194.50447726249695,1.1399999856948853
194.53947734832764,1.1399999856948853
194.576477766037,1.1399999856948853
194.60347771644592,1.1299999952316284
194.6444776058197,1.1399999856948853
194.67347860336304,1.1399999856948853
194.70047879219055,1.1399999856948853
194.7384786605835,1.1399999856948853
194.77047634124756,1.1399999856948853
194.80547666549683,1.1399999856948853
194.84147667884827,1.1399999856948853
194.87547540664673,1.1399999856948853
194.9054753780365,1.1399999856948853
194.93147540092468,1.1399999856948853
194.97447514533997,1.1399999856948853
195.0104751586914,1.1399999856948853
195.03047513961792,1.1399999856948853
195.0714738368988,1.1399999856948853
195.0994737148285,1.1399999856948853
195.14247393608093,1.1399999856948853
195.16947507858276,1.1399999856948853
195.20547485351562,1.1399999856948853
195.23947477340698,1.1399999856948853
195.27447938919067,1.1399999856948853
195.29947924613953,1.1399999856948853
195.34147953987122,1.149999976158142
195.37147545814514,1.149999976158142
195.39947533607483,1.149999976158142
195.4424753189087,1.149999976158142
195.4704749584198,1.149999976158142
195.50647473335266,1.1399999856948853
195.54147505760193,1.1299999952316284
195.57147097587585,1.1399999856948853
195.61247086524963,1.090000033378601
195.6404709815979,1.0499999523162842
195.66847014427185,1.0499999523162842
195.71047019958496,1.059999942779541
195.73947024345398,1.059999942779541
195.77346897125244,1.059999942779541
195.80146884918213,1.059999942779541
195.83046889305115,1.0700000524520874
195.87246465682983,1.0700000524520874
195.90046453475952,1.090000033378601
195.92946457862854,1.090000033378601
195.97146487236023,1.0700000524520874
196.00946497917175,1.0700000524520874
196.02946496009827,1.0700000524520874
196.07246494293213,1.0700000524520874
196.1004650592804,1.0700000524520874
196.14246487617493,1.0700000524520874
196.1694655418396,1.059999942779541
196.19946575164795,1.059999942779541
196.24146556854248,1.059999942779541
196.269464969635,1.0499999523162842
196.30546498298645,1.0399999618530271
196.34046506881714,1.0399999618530271
196.36946392059326,1.0399999618530271
196.41046380996704,1.0299999713897705
196.4404637813568,1.0199999809265137
196.46946263313293,1.0399999618530271
196.50546264648438,1.0399999618530271
196.54046177864075,1.0399999618530271
196.57046175003052,1.0399999618530271
196.6054618358612,1.0399999618530271
196.6424617767334,1.0299999713897705
196.6704602241516,1.0199999809265137
196.70546007156372,1.0099999904632568
196.74146032333374,1.0099999904632568
196.7694592475891,1.0299999713897705
196.8104591369629,1.0399999618530271
196.8394591808319,1.0399999618530271
196.87445783615112,1.0399999618530271
196.9094579219818,1.0399999618530271
196.93045806884766,1.0399999618530271
196.97245502471924,1.0299999713897705
197.0004551410675,1.0299999713897705
197.04245519638062,1.0199999809265137
197.07045364379883,1.0099999904632568
197.09945368766785,1.0
197.1424536705017,0.9700000286102296
197.1704499721527,0.9700000286102296
197.21145009994507,0.9399999976158142
197.2424499988556,0.9100000262260436
197.27045273780823,0.8999999761581421
197.29945278167725,0.8899999856948853
197.3404529094696,0.8700000047683716
197.3754527568817,0.8700000047683716
197.40445280075073,0.8500000238418579
197.43945288658142,0.8500000238418579
197.4754514694214,0.8500000238418579
197.50345158576965,0.8500000238418579
197.54045152664185,0.8500000238418579
197.57445120811462,0.8399999737739563
197.6044511795044,0.8299999833106995
197.64045119285583,0.8299999833106995
197.67645144462585,0.8199999928474426
197.70445156097412,0.8199999928474426
197.7394516468048,0.8199999928474426
197.77445125579834,0.8199999928474426
197.80245161056519,0.7900000214576721
197.8454520702362,0.7900000214576721
197.87345266342163,0.7900000214576721
197.90145206451416,0.7900000214576721
197.9334523677826,0.7900000214576721
197.97344875335693,0.7900000214576721
198.00544905662537,0.7799999713897705
198.0394480228424,0.7799999713897705
198.07444787025452,0.7699999809265137
198.11044788360596,0.7599999904632568
198.13044786453247,0.7599999904632568
198.17244505882263,0.75
198.2004451751709,0.7400000095367432
198.23044514656067,0.7400000095367432
198.27244329452515,0.7200000286102295
198.30944347381592,0.7200000286102295
198.33044338226318,0.7200000286102295
198.3734414577484,0.7099999785423279
198.4104413986206,0.7099999785423279
198.43044137954712,0.699999988079071
198.47144031524658,0.6899999976158142
198.50144004821777,0.6899999976158142
198.52944040298462,0.6800000071525574
198.5704367160797,0.6600000262260437
198.6054368019104,0.6600000262260437
198.6424367427826,0.6600000262260437
198.6704351902008,0.6499999761581421
198.70643520355225,0.6399999856948853
198.74143505096436,0.6299999952316284
198.77043533325195,0.6299999952316284
198.8114354610443,0.6200000047683716
198.84243535995483,0.6200000047683716
198.87043380737305,0.6100000143051147
198.90543389320374,0.5899999737739563
198.94043397903442,0.5899999737739563
198.9614336490631,0.5799999833106995
199.00443387031555,0.5799999833106995
199.03943371772766,0.5799999833106995
199.07443237304688,0.5799999833106995
199.11243224143982,0.5799999833106995
199.13043236732483,0.5699999928474426
199.17243266105652,0.5699999928474426
199.2004325389862,0.5600000023841858
199.24243259429932,0.5299999713897705
199.27143144607544,0.5199999809265137
199.30043125152588,0.5199999809265137
199.33043146133423,0.5199999809265137
199.37243008613586,0.5
199.4104299545288,0.4799999892711639
199.43342995643616,0.4799999892711639
199.47443008422852,0.5099999904632568
199.50542998313904,0.5799999833106995
199.53842997550964,0.6299999952316284
199.57343006134033,0.6399999856948853
199.60943031311035,0.6600000262260437
199.63043022155762,0.6600000262260437
199.67342925071716,0.6600000262260437
199.7094292640686,0.6600000262260437
199.73942947387695,0.6600000262260437
199.77442741394043,0.6600000262260437
199.8044273853302,0.6399999856948853
199.8394274711609,0.6299999952316284
199.87442803382874,0.6200000047683716
199.90942811965942,0.6100000143051147
199.93842792510986,0.6100000143051147
199.97342705726624,0.5899999737739563
200.01042675971985,0.5799999833106995
200.0294270515442,0.5799999833106995
200.0734257698059,0.5799999833106995
200.1014256477356,0.5799999833106995
200.1384255886078,0.5799999833106995
200.1734230518341,0.5799999833106995
200.21042346954346,0.5799999833106995
200.243421792984,0.5799999833106995
200.27342176437378,0.5799999833106995
200.30942177772522,0.5799999833106995
200.33842182159424,0.5799999833106995
200.3734188079834,0.5699999928474426
200.41141867637634,0.5699999928474426
200.4304187297821,0.5699999928474426
200.4724190235138,0.5699999928474426
200.50041913986206,0.5699999928474426
200.53141903877258,0.5699999928474426
200.579416513443,0.5600000023841858
200.60041666030884,0.5600000023841858
200.64141511917114,0.5699999928474426
200.669415473938,0.5799999833106995
200.70441484451294,0.5799999833106995
200.7394151687622,0.5799999833106995
200.7744152545929,0.5799999833106995
200.8034152984619,0.5799999833106995
200.83941531181335,0.5699999928474426
200.87341475486755,0.5600000023841858
200.90141463279724,0.550000011920929
200.93041467666626,0.5299999713897705
200.9724133014679,0.5199999809265137
201.00841331481934,0.5
201.04341340065002,0.4799999892711639
201.07241463661194,0.4799999892711639
201.1004147529602,0.4799999892711639
201.14241456985474,0.4799999892711639
201.16941356658936,0.4799999892711639
201.20041370391846,0.4799999892711639
201.24141359329224,0.5199999809265137
201.26941394805908,0.5199999809265137
201.30541396141052,0.5199999809265137
201.33941340446472,0.5199999809265137
201.3694133758545,0.5199999809265137
201.41041326522827,0.5099999904632568
201.43841338157654,0.5099999904632568
201.4744119644165,0.5099999904632568
201.5094118118286,0.5199999809265137
201.53941178321838,0.5199999809265137
201.57341194152832,0.5199999809265137
201.6104118824005,0.5199999809265137
201.64141178131104,0.5199999809265137
201.66941213607788,0.5199999809265137
201.6984121799469,0.5099999904632568
201.74141216278076,0.4799999892711639
201.76941084861755,0.4699999988079071
201.81041073799133,0.449999988079071
201.8384096622467,0.449999988079071
201.87440967559814,0.449999988079071
201.90940952301025,0.449999988079071
201.93840956687927,0.449999988079071
201.97340726852417,0.4699999988079071
202.01140785217285,0.5
202.0384075641632,0.5099999904632568
202.0694043636322,0.5
202.09940433502197,0.4799999892711639
202.13940453529358,0.4699999988079071
202.17040181159973,0.4699999988079071
202.2114019393921,0.4699999988079071
202.23940181732178,0.4699999988079071
202.2744002342224,0.4699999988079071
202.30340027809143,0.4799999892711639
202.3394000530243,0.5
202.37540125846863,0.5099999904632568
202.41040134429932,0.5099999904632568
202.43940138816833,0.5099999904632568
202.4734001159668,0.5199999809265137
202.50139999389648,0.5199999809265137
202.54440021514893,0.5199999809265137
202.57240080833435,0.5199999809265137
202.60040092468262,0.5199999809265137
202.62940096855164,0.5199999809265137
202.67140173912048,0.5199999809265137
202.69940185546875,0.5199999809265137
202.72940158843994,0.5199999809265137
202.7694010734558,0.5199999809265137
202.80540084838867,0.5199999809265137
202.84040093421936,0.5199999809265137
202.8754017353058,0.5199999809265137
202.90540170669556,0.5199999809265137
202.93140172958374,0.5199999809265137
202.9734010696411,0.5199999809265137
203.00940084457397,0.5199999809265137
203.02940106391907,0.5199999809265137
203.07040071487427,0.5199999809265137
203.09840059280396,0.5199999809265137
203.14140057563782,0.5199999809265137
203.17040061950684,0.5199999809265137
203.19840049743652,0.5199999809265137
203.24140071868896,0.5199999809265137
203.26940202713013,0.5199999809265137
203.30340218544006,0.5199999809265137
203.3394021987915,0.5199999809265137
203.37039947509766,0.5199999809265137
203.41039967536926,0.5199999809265137
203.43939924240112,0.5199999809265137
203.46939826011658,0.5199999809265137
203.5093982219696,0.5099999904632568
203.53039836883545,0.5099999904632568
203.5733950138092,0.5099999904632568
203.6103949546814,0.5099999904632568
203.62939500808716,0.5099999904632568
203.67039346694946,0.5199999809265137
203.69839334487915,0.5199999809265137
203.741393327713,0.5199999809265137
203.77038979530334,0.5199999809265137
203.80538988113403,0.5199999809265137
203.84038996696472,0.5199999809265137
203.86938905715942,0.5199999809265137
203.89938879013062,0.5199999809265137
203.94138884544373,0.5199999809265137
203.97138667106628,0.5199999809265137
203.9983868598938,0.5199999809265137
204.04038667678833,0.5199999809265137
204.0693871974945,0.5199999809265137
204.1043872833252,0.5199999809265137
204.13938736915588,0.5199999809265137
204.1743860244751,0.5199999809265137
204.20338606834412,0.5199999809265137
204.23938608169556,0.5199999809265137
204.27538633346558,0.5199999809265137
204.31038618087769,0.5099999904632568
204.3393862247467,0.5199999809265137
204.37438702583313,0.5199999809265137
204.4023871421814,0.5099999904632568
204.44438695907593,0.5099999904632568
204.47338700294495,0.5
204.5093870162964,0.5099999904632568
204.5443868637085,0.5099999904632568
204.5733880996704,0.5099999904632568
204.6013879776001,0.5099999904632568
204.64438796043396,0.5
204.67238664627075,0.5099999904632568
204.70038652420044,0.5099999904632568
204.74238657951355,0.5099999904632568
204.77038407325745,0.5199999809265137
204.79938387870789,0.5099999904632568
204.841383934021,0.5099999904632568
204.8693826198578,0.5099999904632568
204.9043824672699,0.5099999904632568
204.94038224220276,0.5099999904632568
204.97438216209412,0.5099999904632568
205.01038217544556,0.5099999904632568
205.03038215637207,0.5099999904632568
205.07338118553162,0.5099999904632568
205.1013810634613,0.5099999904632568
205.14238119125366,0.5099999904632568
205.1713788509369,0.5099999904632568
205.19937896728516,0.5099999904632568
205.22937893867493,0.5099999904632568
205.27437806129456,0.5099999904632568
205.3013780117035,0.5199999809265137
205.34237813949585,0.5199999809265137
205.37037467956543,0.5199999809265137
205.3983747959137,0.5199999809265137
205.44237446784973,0.5099999904632568
205.47037386894226,0.5099999904632568
205.49837398529053,0.5099999904632568
205.54037404060364,0.5199999809265137
205.57036972045898,0.5199999809265137
205.61136960983276,0.5099999904632568
205.63936972618103,0.5099999904632568
205.6743700504303,0.5099999904632568
205.71037006378174,0.5
205.73937034606934,0.5
205.77336764335632,0.4799999892711639
205.80936765670776,0.4799999892711639
205.83036756515503,0.4799999892711639
205.87236738204956,0.4799999892711639
205.90036725997925,0.4799999892711639
205.9433672428131,0.4699999988079071
205.97136735916138,0.449999988079071
206.0003674030304,0.449999988079071
206.04136729240417,0.449999988079071
206.06936645507812,0.4399999976158142
206.10536646842957,0.4399999976158142
206.14036655426025,0.4199999868869781
206.17236757278442,0.4199999868869781
206.19936752319336,0.4199999868869781
206.22936725616455,0.4199999868869781
206.27136707305908,0.4099999964237213
206.3003671169281,0.4099999964237213
206.34136700630188,0.4099999964237213
206.36936569213867,0.3899999856948852
206.4053657054901,0.3899999856948852
206.4403657913208,0.3899999856948852
206.46936440467834,0.3899999856948852
206.50436449050903,0.3899999856948852
206.54036450386047,0.3899999856948852
206.5693645477295,0.3799999952316284
206.60536456108093,0.3799999952316284
206.64036440849304,0.3700000047683716
206.6693639755249,0.3700000047683716
206.71036410331726,0.3600000143051147
206.7393639087677,0.3600000143051147
206.76936292648315,0.3499999940395355
206.8053629398346,0.3400000035762787
206.84036302566528,0.3400000035762787
206.8703601360321,0.3400000035762787
206.9033601284027,0.3400000035762787
206.9383602142334,0.3300000131130218
206.97335934638977,0.3199999928474426
207.0113594532013,0.3199999928474426
207.03035926818848,0.3199999928474426
207.07235884666443,0.3199999928474426
207.10035920143127,0.3199999928474426
207.14335680007935,0.3199999928474426
207.1713569164276,0.3199999928474426
207.1993567943573,0.3199999928474426
207.23135685920715,0.3199999928474426
207.2733552455902,0.3199999928474426
207.3043553829193,0.3199999928474426
207.33935546875,0.3199999928474426
207.37435507774353,0.3199999928474426
207.40335512161255,0.3199999928474426
207.439355134964,0.3199999928474426
207.47335290908813,0.3199999928474426
207.5033528804779,0.3199999928474426
207.53935289382935,0.3199999928474426
207.5753529071808,0.3199999928474426
207.60335302352905,0.3199999928474426
207.6393530368805,0.3199999928474426
207.67335605621338,0.3100000023841858
207.7053563594818,0.3100000023841858
207.73835635185242,0.2899999916553497
207.7733552455902,0.2899999916553497
207.80935525894165,0.2899999916553497
207.84435534477234,0.2899999916553497
207.87335753440857,0.2899999916553497
207.90135765075684,0.2899999916553497
207.93035769462585,0.2899999916553497
207.97335600852966,0.2899999916553497
208.0093560218811,0.2899999916553497
208.02935600280762,0.2899999916553497
208.07035732269287,0.2899999916553497
208.10035729408264,0.2899999916553497
208.14235734939575,0.2899999916553497
208.17035245895386,0.2899999916553497
208.20135259628296,0.2899999916553497
208.241352558136,0.2899999916553497
208.2693521976471,0.2899999916553497
208.29935216903687,0.2899999916553497
208.34135222434998,0.2899999916553497
208.37035036087036,0.2899999916553497
208.39935040473938,0.2899999916553497
208.4413504600525,0.2899999916553497
208.46935057640076,0.2899999916553497
208.5053505897522,0.2899999916553497
208.54035067558289,0.2899999916553497
208.5693483352661,0.2899999916553497
208.61034846305847,0.2899999916553497
208.64034867286682,0.2899999916553497
208.6693468093872,0.2899999916553497
208.69834685325623,0.2899999916553497
208.73934674263,0.2899999916553497
208.77434420585632,0.2899999916553497
208.8113443851471,0.2899999916553497
208.83834433555603,0.2899999916553497
208.875342130661,0.2899999916553497
208.9103422164917,0.2899999916553497
208.94034218788147,0.2899999916553497
208.969340801239,0.2899999916553497
209.00434064865112,0.2899999916553497
209.0393407344818,0.2899999916553497
209.07033944129944,0.2899999916553497
209.1043393611908,0.2899999916553497
209.13933944702148,0.2899999916553497
209.17433857917786,0.2899999916553497
209.20433855056763,0.2899999916553497
209.23933863639832,0.2899999916553497
209.27533960342407,0.2899999916553497
209.30333971977234,0.2899999916553497
209.34033966064453,0.2899999916553497
209.37434124946594,0.2899999916553497
209.4093415737152,0.2899999916553497
209.44434142112732,0.2899999916553497
209.47333765029907,0.2899999916553497
209.50133752822876,0.2899999916553497
209.53033757209778,0.2899999916553497
209.57333779335022,0.2899999916553497
209.60533785820007,0.2899999916553497
209.63933777809143,0.2899999916553497
209.67434072494507,0.2899999916553497
209.70934081077576,0.2899999916553497
209.73034071922302,0.2899999916553497
209.77333807945251,0.2899999916553497
209.8103382587433,0.2899999916553497
209.82933807373047,0.2899999916553497
209.87033796310425,0.2899999916553497
209.89833784103394,0.2899999916553497
209.9413378238678,0.2899999916553497
209.97033524513245,0.2899999916553497
209.99933528900146,0.2899999916553497
210.04233527183533,0.2899999916553497
210.0693337917328,0.2899999916553497
210.10533380508423,0.2899999916553497
210.14033389091492,0.2899999916553497
210.17033004760742,0.2899999916553497
210.21033024787903,0.2899999916553497
210.24133014678955,0.2899999916553497
210.26932954788208,0.2899999916553497
210.30532932281494,0.2899999916553497
210.34032940864563,0.2899999916553497
210.37032651901245,0.2899999916553497
210.4113266468048,0.2899999916553497
210.4393265247345,0.2899999916553497
210.47432589530945,0.2899999916553497
210.5103259086609,0.2899999916553497
210.5393259525299,0.2899999916553497
210.57432341575623,0.2899999916553497
210.604323387146,0.2899999916553497
210.63932347297668,0.2899999916553497
210.67532396316528,0.2899999916553497
210.70332407951355,0.2899999916553497
210.739324092865,0.2899999916553497
210.7733232975006,0.2899999916553497
210.80132341384888,0.2899999916553497
210.84432339668274,0.2899999916553497
210.87232184410095,0.2899999916553497
210.90032172203064,0.2899999916553497
210.94432187080383,0.2899999916553497
210.9713203907013,0.2899999916553497
211.00932049751282,0.2899999916553497
211.04331946372986,0.2899999916553497
211.07131934165955,0.2899999916553497
211.10031938552856,0.2899999916553497
211.1453194618225,0.2899999916553497
211.17131805419922,0.2899999916553497
211.20931816101074,0.2899999916553497
211.2413182258606,0.2899999916553497
211.2703206539154,0.2899999916553497
211.29932045936584,0.2899999916553497
211.34132051467896,0.2899999916553497
211.37031936645508,0.2899999916553497
211.41331934928894,0.2899999916553497
211.4413194656372,0.2899999916553497
211.46931791305542,0.2899999916553497
211.5063178539276,0.2899999916553497
211.54031801223755,0.2899999916553497
211.56931686401367,0.2899999916553497
211.6103174686432,0.2899999916553497
211.64231705665588,0.2899999916553497
211.66931700706482,0.2899999916553497
211.70531678199768,0.2899999916553497
211.74131679534912,0.2899999916553497
211.76931357383728,0.2899999916553497
211.81031346321106,0.2899999916553497
211.84131360054016,0.2899999916553497
211.86930918693542,0.2899999916553497
211.90530920028687,0.2899999916553497
211.94030928611755,0.2899999916553497
211.97030901908875,0.2899999916553497
212.01130890846252,0.2899999916553497
212.0393090248108,0.2899999916553497
212.0743110179901,0.2899999916553497
212.11031103134155,0.2899999916553497
212.13931107521057,0.2899999916553497
212.17431378364563,0.2899999916553497
212.21131372451782,0.2899999916553497
212.2393138408661,0.2899999916553497
212.27432107925415,0.2899999916553497
212.3123209476471,0.2899999916553497
212.33132100105286,0.2899999916553497
212.37331986427307,0.2899999916553497
212.40131974220276,0.2899999916553497
212.43231987953186,0.2899999916553497
212.48031854629517,0.2899999916553497
212.50131845474243,0.2899999916553497
212.53031849861145,0.2899999916553497
212.5723192691803,0.2899999916553497
212.60031914710999,0.2899999916553497
212.629319190979,0.2899999916553497
212.67232084274292,0.2899999916553497
212.7003209590912,0.2899999916553497
212.7423210144043,0.2899999916553497
212.7703194618225,0.2899999916553497
212.80531930923462,0.2899999916553497
212.8413188457489,0.2899999916553497
212.8703179359436,0.2899999916553497
212.89931797981262,0.2899999916553497
212.94131803512573,0.2899999916553497
212.97031807899475,0.2899999916553497
212.99931812286377,0.2899999916553497
213.04131817817688,0.2899999916553497
213.06931805610657,0.2899999916553497
213.105318069458,0.2899999916553497
213.13931822776794,0.2899999916553497
213.17431807518005,0.2899999916553497
213.2103180885315,0.2899999916553497
213.2393181324005,0.2899999916553497
213.27431392669678,0.2899999916553497
213.3093137741089,0.2899999916553497
213.33031392097473,0.2899999916553497
213.3723111152649,0.2899999916553497
213.40231084823608,0.2899999916553497
213.4293110370636,0.2899999916553497
213.479309797287,0.2899999916553497
213.50130987167358,0.2899999916553497
213.54230976104736,0.2899999916553497
213.57030987739563,0.2899999916553497
213.59930968284607,0.2899999916553497
213.64230966567993,0.2899999916553497
213.6693081855774,0.2899999916553497
213.69930815696716,0.2899999916553497
213.74130821228027,0.2899999916553497
213.77930569648743,0.2899999916553497
213.79930567741394,0.2899999916553497
213.84330558776855,0.2899999916553497
213.8703064918518,0.2899999916553497
213.90030646324158,0.2899999916553497
213.94130635261536,0.2899999916553497
213.97030663490295,0.2899999916553497
213.99930667877197,0.2899999916553497
214.04030656814575,0.2899999916553497
214.06930661201477,0.2899999916553497
214.10430645942688,0.2899999916553497
214.13930654525757,0.2899999916553497
214.1753113269806,0.2899999916553497
214.20231127738953,0.2899999916553497
214.2323112487793,0.2899999916553497
214.27331066131592,0.2899999916553497
214.30431056022644,0.2899999916553497
214.33931040763855,0.2899999916553497
214.37331366539001,0.2899999916553497
214.4013135433197,0.2899999916553497
214.44431352615356,0.2899999916553497
214.49931955337524,0.2899999916553497
214.53031945228577,0.2899999916553497
214.5723192691803,0.2899999916553497
214.60031938552856,0.2899999916553497
214.63331937789917,0.2899999916553497
214.67331504821777,0.2899999916553497
214.70131516456604,0.2899999916553497
214.73031520843506,0.2899999916553497
214.77331566810608,0.2899999916553497
214.81031560897827,0.2899999916553497
214.82931566238403,0.2899999916553497
214.87131476402283,0.2899999916553497
214.8993148803711,0.2899999916553497
214.9413149356842,0.2899999916553497
214.9703176021576,0.2899999916553497
214.9993176460266,0.2899999916553497
215.04131770133972,0.2899999916553497
215.0693163871765,0.2899999916553497
215.10531640052795,0.2899999916553497
215.14031648635864,0.2899999916553497
215.16932106018066,0.2899999916553497
215.20332074165344,0.2899999916553497
215.24132084846497,0.2899999916553497
215.26932501792908,0.2899999916553497
215.303325176239,0.2899999916553497
215.33932518959045,0.2899999916553497
215.37432312965393,0.2899999916553497
215.40332293510437,0.2899999916553497
215.44032311439514,0.2899999916553497
215.46932005882263,0.2899999916553497
215.49932026863098,0.2899999916553497
215.5413203239441,0.2899999916553497
215.57031774520874,0.2899999916553497
215.59931755065918,0.2899999916553497
215.6413176059723,0.2899999916553497
215.67031693458557,0.2899999916553497
215.70031690597534,0.2899999916553497
215.74031686782837,0.2899999916553497
215.76931476593018,0.2899999916553497
215.80431485176086,0.2899999916553497
215.83931493759155,0.2899999916553497
215.87431478500366,0.2899999916553497
215.90331506729126,0.2899999916553497
215.93931484222412,0.2899999916553497
215.95931458473206,0.2899999916553497
216.00531458854675,0.2899999916553497
216.0393145084381,0.2899999916553497
216.06931924819946,0.2899999916553497
216.10431957244873,0.2899999916553497
216.13931941986084,0.2899999916553497
216.16031861305237,0.2899999916553497
216.20431876182556,0.2899999916553497
216.2313187122345,0.2899999916553497
216.27331972122192,0.2899999916553497
216.3013195991516,0.2899999916553497
216.33031964302063,0.2899999916553497
216.37231850624084,0.2899999916553497
216.40031838417053,0.2899999916553497
216.42931866645813,0.2899999916553497
216.47131824493408,0.2899999916553497
216.51031827926636,0.2899999916553497
216.52931809425354,0.2899999916553497
216.57231903076172,0.2899999916553497
216.6003189086914,0.2899999916553497
216.62931895256042,0.2899999916553497
216.67032146453857,0.2899999916553497
216.699321269989,0.2899999916553497
216.7413215637207,0.2899999916553497
216.7693212032318,0.2899999916553497
216.806321144104,0.2899999916553497
216.84032130241394,0.2899999916553497
216.86931943893433,0.2899999916553497
216.90331935882568,0.2899999916553497
216.93931937217712,0.2899999916553497
216.96031141281128,0.2899999916553497
217.0033118724823,0.2899999916553497
217.03031158447266,0.2899999916553497
217.07231187820435,0.2899999916553497
217.10031175613403,0.2899999916553497
217.13131189346313,0.2899999916553497
217.17131233215332,0.2899999916553497
217.199312210083,0.2899999916553497
217.24231219291687,0.2899999916553497
217.27031135559082,0.2899999916553497
217.29931116104126,0.2899999916553497
217.34131145477295,0.2899999916553497
217.3703110218048,0.2899999916553497
217.39931106567383,0.2899999916553497
217.43331098556519,0.2899999916553497
217.46930980682373,0.2899999916553497
217.50430965423584,0.2899999916553497
217.53930974006653,0.2899999916553497
217.57531023025513,0.2899999916553497
217.6033103466034,0.2899999916553497
217.640310049057,0.2899999916553497
217.66930985450745,0.2899999916553497
217.70430970191956,0.2899999916553497
217.73930978775024,0.2899999916553497
217.76930952072144,0.2899999916553497
217.80430936813354,0.2899999916553497
217.83930945396423,0.2899999916553497
217.87430834770203,0.2899999916553497
217.90430855751038,0.2899999916553497
217.93830847740173,0.2899999916553497
217.96930837631226,0.2899999916553497
218.00430846214294,0.2899999916553497
218.04030847549438,0.2899999916553497
218.07030725479126,0.2899999916553497
218.1043074131012,0.2899999916553497
218.1393072605133,0.2899999916553497
218.17430686950684,0.2899999916553497
218.20330691337585,0.2899999916553497
218.2393069267273,0.2899999916553497
218.27330565452576,0.2899999916553497
218.30130553245544,0.2899999916553497
218.33030557632446,0.2899999916553497
218.37230467796326,0.2899999916553497
218.40030431747437,0.2899999916553497
218.42930436134338,0.2899999916553497
218.47130465507507,0.2899999916553497
218.5133044719696,0.2899999916553497
218.52930450439453,0.2899999916553497
218.570303440094,0.2899999916553497
218.6053032875061,0.2899999916553497
218.6403033733368,0.2899999916553497
218.67030239105225,0.2899999916553497
218.70530223846436,0.2899999916553497
218.74030232429504,0.2899999916553497
218.76930117607117,0.2899999916553497
218.80430126190186,0.2899999916553497
218.8403012752533,0.2899999916553497
218.8612940311432,0.2899999916553497
218.9032940864563,0.2899999916553497
218.93129420280457,0.2899999916553497
218.97329306602478,0.2899999916553497
219.00129294395447,0.2899999916553497
219.02929306030273,0.2899999916553497
219.071293592453,0.2899999916553497
219.09929370880127,0.2899999916553497
219.1302936077118,0.2899999916553497
219.171293258667,0.2899999916553497
219.200293302536,0.2899999916553497
219.22929334640503,0.2899999916553497
219.27129220962524,0.2899999916553497
219.2992923259735,0.2899999916553497
219.34129238128662,0.2899999916553497
219.3702929019928,0.2899999916553497
219.4052927494049,0.2899999916553497
219.44029307365417,0.2899999916553497
219.4702935218811,0.2899999916553497
219.49929356575012,0.2899999916553497
219.5412938594818,0.2899999916553497
219.5702931880951,0.2899999916553497
219.59929299354553,0.2899999916553497
219.6402931213379,0.2899999916553497
219.66929364204407,0.2899999916553497
219.7042932510376,0.2899999916553497
219.74029326438904,0.2899999916553497
219.76929259300232,0.2899999916553497
219.8102924823761,0.2899999916553497
219.84029245376587,0.2899999916553497
219.86029267311096,0.2899999916553497
219.9022922515869,0.2899999916553497
219.93029236793518,0.2899999916553497
219.97329139709473,0.2899999916553497
220.0012912750244,0.2899999916553497
220.0402913093567,0.2899999916553497
220.07028985023499,0.2899999916553497
220.1012897491455,0.2899999916553497
220.12928986549377,0.2899999916553497
220.17128896713257,0.2899999916553497
220.2002890110016,0.2899999916553497
220.23028898239136,0.2899999916553497
220.27028727531433,0.2899999916553497
220.29928731918335,0.2899999916553497
220.34128713607788,0.2899999916553497
220.36928725242615,0.2899999916553497
220.40428733825684,0.2899999916553497
220.44028735160828,0.2899999916553497
220.4702854156494,0.2899999916553497
220.50428533554077,0.2899999916553497
220.53928542137146,0.2899999916553497
220.57428407669067,0.2899999916553497
220.6032841205597,0.2899999916553497
220.63928413391113,0.2899999916553497
220.67328786849976,0.2899999916553497
220.70328760147095,0.2899999916553497
220.73928785324097,0.2899999916553497
220.7602891921997,0.2899999916553497
220.80228924751282,0.2899999916553497
220.83228945732117,0.2899999916553497
220.87228918075562,0.2899999916553497
220.90028929710388,0.2899999916553497
220.94328927993774,0.2899999916553497
220.97028851509094,0.2899999916553497
220.99928855895996,0.2899999916553497
221.03328847885132,0.2899999916553497
221.0692858695984,0.2899999916553497
221.1042857170105,0.2899999916553497
221.1392855644226,0.2899999916553497
221.16928434371948,0.2899999916553497
221.20328450202942,0.2899999916553497
221.23928427696228,0.2899999916553497
221.2602822780609,0.2899999916553497
221.30428266525269,0.2899999916553497
221.33928227424622,0.2899999916553497
221.36928033828735,0.2899999916553497
221.40428018569946,0.2899999916553497
221.44128036499023,0.2899999916553497
221.46027970314026,0.2899999916553497
221.50227975845337,0.2899999916553497
221.53027987480164,0.2899999916553497
221.57227873802185,0.2899999916553497
221.60927867889404,0.2899999916553497
221.62927865982056,0.2899999916553497
221.67327737808228,0.2899999916553497
221.69927740097046,0.2899999916553497
221.74127745628357,0.2899999916553497
221.7702760696411,0.2899999916553497
221.8052761554718,0.2899999916553497
221.84127616882324,0.2899999916553497
221.86927795410156,0.2899999916553497
221.90327787399292,0.2899999916553497
221.9312779903412,0.2899999916553497
221.97327589988708,0.2899999916553497
222.0022759437561,0.2899999916553497
222.02927589416504,0.2899999916553497
222.07127380371094,0.2899999916553497
222.0992739200592,0.2899999916553497
222.14127397537231,0.2899999916553497
222.1702709197998,0.2899999916553497
222.20427107810974,0.2899999916553497
222.2402708530426,0.2899999916553497
222.2692687511444,0.2899999916553497
222.29926872253418,0.2899999916553497
222.3412687778473,0.2899999916553497
222.37026739120483,0.2899999916553497
222.40026760101318,0.2899999916553497
222.44326758384705,0.2899999916553497
222.47126746177673,0.2899999916553497
222.50026726722717,0.2899999916553497
222.54326725006104,0.2899999916553497
222.57126832008362,0.2899999916553497
222.5992681980133,0.2899999916553497
222.6362681388855,0.2899999916553497
222.6702675819397,0.2899999916553497
222.70026755332947,0.2899999916553497
222.7402675151825,0.2899999916553497
222.76926493644714,0.2899999916553497
222.80426502227783,0.2899999916553497
222.83926486968994,0.2899999916553497
222.87425899505615,0.2899999916553497
222.90225911140442,0.2899999916553497
222.9302589893341,0.2899999916553497
222.97225713729858,0.2899999916553497
223.00025725364685,0.2899999916553497
223.03525733947754,0.2899999916553497
223.0702519416809,0.2899999916553497
223.10525178909302,0.2899999916553497
223.1402518749237,0.2899999916553497
223.16925168037415,0.2899999916553497
223.21025156974792,0.2899999916553497
223.2402515411377,0.2899999916553497
223.26924872398376,0.2899999916553497
223.3052487373352,0.2899999916553497
223.33924889564514,0.2899999916553497
223.3692488670349,0.2899999916553497
223.4042489528656,0.2899999916553497
223.44124913215637,0.2899999916553497
223.46924757957458,0.2899999916553497
223.50524759292603,0.2899999916553497
223.53924751281738,0.2899999916553497
223.56224513053894,0.2899999916553497
223.6032452583313,0.2899999916553497
223.63924527168274,0.2899999916553497
223.66024351119995,0.2899999916553497
223.70224332809448,0.2899999916553497
223.7312433719635,0.2899999916553497
223.77424001693726,0.2899999916553497
223.80324006080627,0.2899999916553497
223.84024000167847,0.2899999916553497
223.86924076080322,0.2899999916553497
223.89924097061157,0.2899999916553497
223.9412407875061,0.2899999916553497
223.97023725509644,0.2899999916553497
224.00023746490479,0.2899999916553497
224.02923727035522,0.2899999916553497
224.07423782348633,0.2899999916553497
224.10223770141602,0.2899999916553497
224.1392378807068,0.2899999916553497
224.17423677444458,0.2899999916553497
224.20323705673218,0.2899999916553497
224.23923707008362,0.2899999916553497
224.2742359638214,0.2899999916553497
224.30323600769043,0.2899999916553497
224.33923602104187,0.2899999916553497
224.37323594093323,0.2899999916553497
224.403235912323,0.2899999916553497
224.43923592567444,0.2899999916553497
224.47423887252808,0.2899999916553497
224.5032389163971,0.2899999916553497
224.53323888778687,0.2899999916553497
224.57324147224426,0.2899999916553497
224.60124111175537,0.2899999916553497
224.6302411556244,0.2899999916553497
224.67224264144897,0.2899999916553497
224.70024275779724,0.2899999916553497
224.730242729187,0.2899999916553497
224.77224445343018,0.2899999916553497
224.80024433135986,0.2899999916553497
224.82924437522888,0.2899999916553497
224.8712408542633,0.2899999916553497
224.9002411365509,0.2899999916553497
224.9302408695221,0.2899999916553497
224.9702410697937,0.2899999916553497
225.00124096870422,0.2899999916553497
225.04124093055725,0.2899999916553497
225.07023859024048,0.2899999916553497
225.10523867607117,0.2899999916553497
225.14023852348328,0.2899999916553497
225.16923809051514,0.2899999916553497
225.2032380104065,0.2899999916553497
225.23923802375793,0.2899999916553497
225.26023745536804,0.2899999916553497
225.30223727226257,0.2899999916553497
225.330237865448,0.2899999916553497
225.3732349872589,0.2899999916553497
225.4012348651886,0.2899999916553497
225.42923498153687,0.2899999916553497
225.4712369441986,0.2899999916553497
225.50123691558838,0.2899999916553497
225.5302369594574,0.2899999916553497
225.5702350139618,0.2899999916553497
225.5992350578308,0.2899999916553497
225.64223504066467,0.2899999916553497
225.67022490501404,0.2899999916553497
225.69922494888306,0.2899999916553497
225.74122500419617,0.2899999916553497
225.77022337913513,0.2899999916553497
225.80522346496582,0.2899999916553497
225.842223405838,0.2899999916553497
225.87122297286987,0.2899999916553497
225.90522289276123,0.2899999916553497
225.9292230606079,0.2899999916553497
225.97122168540955,0.2899999916553497
225.99922156333923,0.2899999916553497
226.04122185707092,0.2899999916553497
226.07022047042847,0.2899999916553497
226.0992202758789,0.2899999916553497
226.12922048568726,0.2899999916553497
226.17021989822388,0.2899999916553497
226.2012197971344,0.2899999916553497
226.234219789505,0.2899999916553497
226.27021884918213,0.2899999916553497
226.29921913146973,0.2899999916553497
226.32921886444092,0.2899999916553497
226.3712191581726,0.2899999916553497
226.40021920204163,0.2899999916553497
226.43421912193298,0.2899999916553497
226.46922326087952,0.2899999916553497
226.50422286987305,0.2899999916553497
226.53922319412231,0.2899999916553497
226.56922578811646,0.2899999916553497
226.60422587394714,0.2899999916553497
226.64022564888,0.2899999916553497
226.6602258682251,0.2899999916553497
226.70222568511963,0.2899999916553497
226.7302258014679,0.2899999916553497
226.772225856781,0.2899999916553497
226.80122566223145,0.2899999916553497
226.83522582054138,0.2899999916553497
226.8702256679535,0.2899999916553497
226.90622568130493,0.2899999916553497
226.94022583961487,0.2899999916553497
226.97022581100464,0.2899999916553497
