1.854772
1.865306
1.792803
1.902474
1.832262
1.835104
1.809250
1.848094
1.871372
1.807866
1.882621
1.809843
1.923813
1.912845
1.816324
1.842467
1.825939
1.943444
2.008197
1.843010
1.827051
1.918148
1.924543
1.924350
1.818782
1.928920
2.009176
1.875891
1.912744
1.835134
2.055606
2.000640
1.902944
1.943740
1.909697
1.913653
1.897759
1.911881
1.941729
1.966403
1.950335
1.930498
1.927210
1.983486
1.907170
1.935740
1.875196
1.999858
1.923928
1.931528
1.871547
1.995133
1.947372
1.989869
1.943647
2.009013
2.022395
2.049218
1.927978
1.929211
1.966243
1.972234
1.927189
1.922037
1.997789
2.025970
1.938067
1.945767
2.016271
1.946206
2.000261
1.952678
2.017690
2.020559
2.027176
1.954218
1.959382
1.990739
1.991165
1.943236
2.017439
2.075698
2.085835
1.941741
1.949689
1.989802
1.957024
1.975510
1.956503
1.986630
2.001330
1.997281
1.950445
1.993751
1.944011
2.007052
1.944352
2.009624
1.993277
1.934331
2.001952
1.939182
2.000853
1.996880
1.957939
1.943686
1.998128
2.001902
1.938860
1.993992
1.992042
1.933870
1.993025
1.945213
2.003411
1.991827
1.988975
1.947861
1.952829
1.993359
1.995084
1.933916
1.932306
2.010172
2.001071
1.944074
1.980275
2.021466
1.946803
1.984946
1.932471
1.985009
1.984684
1.990802
1.950476
1.997597
1.956941
1.977498
1.950772
1.961995
1.997660
2.014711
1.940924
1.946801
2.004336
1.934375
1.996391
1.944100
2.010259
1.978617
1.946983
1.946720
2.020056
1.930886
1.996887
1.941128
1.953740
2.002553
1.998149
1.935972
1.952966
1.983803
1.994976
1.938041
1.950086
1.995910
1.992807
1.948177
1.952903
1.993620
1.945600
2.009267
1.949673
2.014218
2.107906
1.934895
1.941203
1.948741
1.996845
2.012060
1.935468
1.943623
1.985907
1.991517
1.944466
1.943525
2.009679
1.931193
1.980913
1.935105
2.006536
1.991127
1.983003
1.943478
2.052294
1.941532
1.993379
1.943145
2.038105
2.143689
1.990323
1.941859
1.946893
1.989984
2.060412
1.941359
2.016406
2.008566
1.988308
1.960805
1.947893
2.040779
1.932460
3.670040
2.228315
2.221245
2.093633
2.106426
2.132942
2.135569
2.152338
2.096605
2.134962
2.151292
2.088633
2.102158
2.173054
2.096550
2.161904
2.082197
2.200779
2.166741
2.086526
2.119182
2.181451
2.144854
2.121542
2.184005
2.374910
2.142149
2.082952
2.084581
2.132159
2.140831
2.087682
2.169966
2.135650
2.147193
2.089898
2.151362
2.103364
2.143980
2.103203
2.172574
2.170630
2.160448
2.123733
2.133334
2.087597
2.178019
2.126591
2.197916
2.162563
2.090246
2.106844
2.145242
2.101583
2.284898
2.099616
2.225749
2.175782
2.095591
1.945172
1.987470
2.038251
1.978682
1.928272
2.014656
2.161309
1.935328
1.951355
1.990799
1.949720
1.987374
1.935450
2.044034
2.000906
1.990582
1.975416
1.928852
1.989478
2.010352
1.940083
2.049913
2.138030
1.977235
1.941695
1.943234
1.994433
1.949373
2.166404
1.955374
2.042664
1.991221
1.927885
1.932830
1.994620
2.005871
1.993884
1.941153
2.040903
2.002739
1.979282
1.952980
1.946694
1.994012
1.994746
1.978082
1.974799
2.002940
2.017867
1.944287
1.937196
1.991874
2.016664
2.090971
1.954506
2.053975
2.109509
1.921149
1.944239
2.003630
1.986368
1.976771
1.946679
2.094253
2.017734
2.085682
1.943318
1.936844
2.025476
1.995024
1.926636
1.950860
2.046930
1.999007
1.969027
1.955943
2.007917
1.937710
2.001304
1.948363
2.077438
1.988889
1.982181
1.937777
1.991869
1.937272
1.993106
1.935345
2.018884
2.008932
2.015928
1.946676
1.979664
2.013995
2.012750
1.947298
1.952164
2.033731
2.056282
1.926914
1.950389
2.000076
2.080412
2.004881
1.938988
2.045691
2.040497
1.994104
2.007631
1.989034
1.972308
1.991572
1.937469
2.020842
2.007436
2.279476
1.974773
1.920677
1.991317
2.001396
1.929795
1.973048
2.095818
1.996564
1.961972
1.985087
1.993219
1.940033
1.992303
1.933405
2.053843
1.995792
1.929473
1.959694
1.994548
1.951712
2.009626
1.937157
2.038228
2.063473
2.023492
1.985689
1.957042
1.990765
2.007139
1.949449
1.965822
2.149541
2.178126
2.041841
1.997906
2.033539
2.001151
2.073065
1.989204
2.099606
2.057710
2.012828
1.994867
2.207224
2.136521
2.115338
1.952150
2.045208
1.991955
1.992112
1.964112
2.030123
1.985593
2.002202
1.940829
2.032585
1.992750
1.970367
1.950605
1.957410
2.031782
1.988878
1.941864
1.972431
1.939393
1.979599
1.977092
1.943760
1.996380
1.943432
2.002088
1.943178
2.024004
1.996742
1.982638
1.954322
2.046850
2.011433
2.029609
1.970239
1.967619
2.021458
2.006127
2.008541
1.933125
2.005019
2.014289
1.970602
1.938764
2.046344
2.025385
1.953774
1.940158
2.036123
1.947584
2.028784
1.938533
1.958279
2.021156
2.022395
1.929774
1.943657
2.003507
2.017016
1.951541
2.113841
2.104952
2.140056
2.385633
2.012115
2.074428
2.064143
1.975397
2.099447
2.066312
2.075713
1.978527
1.957256
2.003568
2.040028
2.112597
2.200205
2.109977
2.487452
1.959898
1.938824
2.005287
1.990712
1.963751
1.978020
2.057804
2.008721
1.954980
1.924800
1.994489
2.039615
1.989687
1.943033
2.038072
2.043574
1.922766
1.933956
1.989632
1.955217
1.977595
1.946202
2.018104
1.994665
2.184342
1.946438
1.961675
1.993465
1.992185
1.939802
1.960075
2.022327
2.008821
1.958197
1.998750
1.976640
1.942979
2.020899
1.958754
2.017744
1.989953
1.942636
1.944017
2.017614
1.950645
2.003137
1.950452
2.075216
2.135631
1.982010
1.929741
1.941483
1.974286
1.995801
1.939086
1.956834
2.046351
2.044365
2.208530
1.990706
1.992842
2.013838
1.981365
1.935403
2.025957
2.000365
1.990899
1.937729
1.995082
1.925744
1.988093
1.941677
2.041218
1.979653
1.990613
1.947948
1.948658
1.992502
2.107628
1.946360
1.940265
2.037029
2.010404
2.216503
1.993375
1.986966
1.954398
2.006064
1.961980
2.037235
1.990250
1.979093
1.949078
1.994706
1.940120
1.994840
1.949719
2.066942
2.110051
1.993949
1.953501
1.942118
1.988446
1.994635
1.965568
1.964099
2.035755
2.002925
1.974248
1.967336
2.029414
1.950201
1.980865
1.935957
1.978171
2.024780
1.988802
1.941773
1.955198
2.002876
1.980454
1.948843
1.969962
2.002252
1.987256
2.022444
1.930974
1.983937
1.947561
1.995565
1.968532
2.029097
1.986458
1.988689
1.949051
1.980199
1.929057
1.990365
1.957577
2.088980
2.025934
1.969779
1.951365
1.949730
1.993403
2.046732
1.943659
1.949518
2.012740
1.987070
1.938435
1.963742
2.006715
1.946414
2.007211
1.962797
2.054553
2.039586
1.992159
1.927093
1.943930
2.013240
1.993664
1.946853
1.988842
2.005187
2.011027
1.943628
1.982375
2.021525
1.929094
1.986915
1.942513
1.991637
1.988157
2.084036
1.952494
1.993394
1.948577
1.988794
1.937204
2.087094
2.015939
1.971805
1.946185
1.945361
1.991743
1.990281
1.951532
1.952715
1.996144
1.991070
1.941904
1.948682
1.998318
1.966770
1.989082
2.452514
2.053154
2.012420
2.015799
1.942726
2.002405
1.939713
2.010340
1.963051
2.014147
1.991161
1.986609
1.940852
1.945001
1.990715
2.006041
1.939096
1.958924
1.965829
2.042618
1.973670
1.937438
2.015163
1.919090
1.978342
1.944781
1.962347
2.023081
1.979360
1.963174
1.977965
2.017281
2.043721
1.957379
1.948029
2.006118
1.982662
1.937852
1.950492
1.986822
1.955213
2.006347
1.973617
2.013752
1.992783
1.983530
1.945474
2.004132
1.961436
2.055605
1.967919
1.960954
1.987640
1.969119
1.943102
1.952209
1.995763
1.990598
1.946344
1.947930
2.022237
1.983200
1.951463
1.943872
2.017022
1.939892
2.025812
1.932407
1.939176
1.994292
1.989926
1.995519
1.942825
1.993829
1.976690
1.919483
1.958388
2.055361
1.984708
1.927471
1.947853
1.996858
1.950411
2.004847
1.964806
1.994062
2.293269
1.935092
1.937616
1.997023
1.957079
2.021750
1.948509
2.009484
2.078024
2.086617
1.933217
1.937923
2.013188
2.004446
1.945176
1.943642
1.966478
1.979396
1.975091
1.951263
1.996273
1.980164
2.311002
1.972315
2.097497
2.073272
1.933539
1.966579
1.989350
1.955478
1.995573
1.952471
1.969099
2.018597
1.975375
1.938520
1.957615
1.999727
1.975265
1.928195
1.941415
1.995154
1.973223
1.957214
1.945182
1.997774
1.951455
2.002383
1.948381
1.959118
2.001173
1.975303
1.971829
1.949523
2.016783
2.003148
1.950080
1.956149
1.973147
1.992523
1.976142
1.940087
2.002800
1.946450
2.006664
1.943790
2.173184
1.990123
1.942112
1.981555
1.989218
1.941126
1.994635
1.953604
1.949796
1.994125
1.979981
1.982738
1.952046
1.999672
2.001236
1.934255
1.945130
1.967444
1.995832
1.998879
1.940795
2.045945
1.929761
1.975250
1.940484
2.036537
1.985564
2.140624
1.975610
1.948461
1.999341
2.010316
1.955427
1.949515
2.161318
1.986516
1.934079
1.977948
1.997985
2.116848
1.944185
1.940338
1.988611
2.010808
2.600158
1.933361
2.004465
1.949797
1.990659
1.944694
2.054314
2.041437
2.001050
1.953334
1.990017
1.932931
1.993625
1.940045
2.010977
2.009879
1.984093
1.959176
1.953948
2.005292
2.024215
1.964813
1.943477
2.010945
2.113569
1.982808
1.950748
2.010949
1.956171
1.990165
1.953820
2.073590
2.026423
2.000052
1.939575
2.019041
1.940128
2.047518
1.921559
2.058044
2.025934
1.985915
1.946689
1.950642
2.007157
2.017119
1.931656
2.015101
1.988109
2.017152
1.934758
1.956233
1.999737
1.948121
1.995772
1.946831
2.058457
2.016691
2.020713
2.021041
1.985477
1.966245
1.994424
1.945499
2.009084
2.024134
1.971725
1.946694
1.951653
1.995935
2.157488
1.941915
1.948661
2.062691
2.059861
1.942109
1.956203
2.006639
1.940123
1.983989
1.960311
2.053694
2.114946
2.160664
2.001801
1.991643
1.947367
2.009253
1.935178
2.022476
2.013379
1.987740
1.965193
1.967801
1.991417
1.995603
1.937913
1.974458
2.051688
2.015030
1.951100
1.930674
1.989776
1.978947
1.995999
1.937277
2.064343
2.045272
2.001444
2.020734
1.995403
1.977192
2.024205
1.942033
2.008945
2.093692
1.980152
1.951079
1.947559
2.003235
2.007720
1.948724
1.948577
2.024913
2.006236
1.941399
1.930965
1.996557
1.947524
2.005387
1.946222
2.048268
2.202814
2.002570
2.028109
2.088466
1.964942
2.010845
1.946944
2.035961
2.008396
2.165844
1.947163
1.945671
1.985673
1.981433
1.944259
1.965459
2.057722
1.992729
1.936522
1.954286
1.997761
1.950321
1.990474
1.943439
2.033478
2.102501
1.928576
1.939476
1.948505
2.012385
2.014199
1.937314
1.939695
1.985033
1.987614
1.936031
1.938270
1.996585
1.951232
1.995901
1.948281
2.021723
1.983881
1.988785
1.943734
1.999750
1.926705
1.988516
1.949865
1.953302
2.055371
1.975913
1.927777
1.954622
1.986497
2.126092
1.973014
2.013675
2.032526
2.093245
1.927094
1.949026
2.007291
1.946027
1.991785
1.943250
2.020428
2.017750
2.231686
2.019344
1.989504
1.965072
2.008769
1.943214
2.039343
2.083765
2.082440
1.993039
1.974608
2.038142
1.999652
1.982979
1.993008
2.000585
1.998413
1.954699
1.940696
2.039935
1.976935
2.000208
1.954067
2.028551
2.099682
2.157224
1.975288
2.008387
1.933307
1.996268
1.932524
2.023558
2.020636
1.964324
1.952881
1.950865
1.983368
2.016696
1.947500
1.960966
2.012145
1.995768
1.954720
1.946831
2.007884
1.942529
2.027791
1.969339
2.069664
2.030380
1.943265
1.985581
2.036695
2.010793
2.040353
1.995593
2.010053
2.063851
2.043030
1.985772
1.981514
1.985903
2.048967
2.037631
2.011660
1.997439
2.029033
1.978187
1.960307
2.025127
1.957298
2.150635
1.982301
2.129190
2.090329
1.950798
1.952880
2.051093
1.928581
1.992970
1.944148
2.082346
2.001633
1.976533
1.946895
2.017990
1.945296
2.045984
1.937867
1.976248
2.053934
2.038677
1.945411
1.973721
1.993913
2.054201
1.954030
1.946379
2.002938
2.216324
1.985261
1.940057
1.996902
1.944755
2.027884
1.925845
1.994613
2.006388
1.986318
1.962774
2.022094
1.935402
2.052079
1.926274
2.062977
2.035537
1.974889
1.959629
1.923787
2.019857
2.159729
1.922994
1.970357
2.156340
2.035660
2.071144
1.933187
2.030986
1.936547
2.016305
1.966890
2.012568
2.032753
2.061668
1.931474
2.019199
1.945947
2.004431
1.937998
2.028946
2.103697
2.028154
1.915649
1.956159
1.990800
2.052378
1.974230
2.025414
2.015334
2.049046
1.922092
1.948665
1.988119
1.941401
2.011478
1.926055
2.120484
2.041987
1.938104
1.928774
2.051477
1.932225
2.039050
2.030897
2.002531
2.103045
2.050186
1.966863
1.935175
2.028109
2.060818
1.973073
1.947491
2.053897
2.013459
1.943550
1.929220
2.100086
1.939092
1.996117
1.934884
2.033599
2.007370
1.939741
1.930770
1.992926
1.943722
1.989378
1.955331
1.944864
1.994137
1.986813
1.951702
1.952766
1.986695
1.951825
2.150686
1.963108
2.036282
2.012680
1.960981
1.971834
1.992759
1.950581
1.981593
1.944625
1.980719
2.013280
1.985815
1.944643
1.951876
1.997964
1.992719
1.978358
2.043573
2.028982
1.983282
1.939343
1.940905
2.007446
1.950993
1.998053
1.926919
2.058889
2.051095
1.926857
1.986033
2.013798
1.937548
1.991747
1.950101
2.024427
1.993140
1.984594
1.959543
1.951165
1.990745
2.001460
1.942804
1.943948
2.056115
2.009005
1.931413
1.958786
1.984061
1.949719
2.002360
1.941938
2.027511
2.103427
1.933919
1.946322
1.963124
2.001689
1.993836
1.939270
2.008898
2.140083
2.021149
1.994721
1.949636
1.995110
2.099266
1.967183
1.964910
2.028466
1.996835
1.944238
1.938475
2.004084
1.997606
2.002875
1.924696
2.054179
1.998862
1.982360
1.966180
1.984456
1.974989
1.984384
1.925916
2.068962
2.061336
2.125704
2.022554
1.936888
2.022664
2.031504
1.934417
1.934088
2.050169
1.992674
1.947324
1.946766
1.982291
1.943042
2.017460
1.922216
2.028323
2.081382
1.929409
1.960264
1.947773
1.990044
2.010139
1.957956
1.979743
2.050629
1.971842
1.947532
1.957839
2.008669
1.964434
2.033926
1.943252
2.011657
1.993458
1.947414
1.989049
1.995483
1.955458
2.012548
1.949589
2.019727
1.992219
1.986534
1.945075
1.967291
1.987316
1.984869
1.974670
1.943497
1.990447
1.993946
1.934760
1.978226
1.999464
1.944270
1.987827
1.962140
1.992481
2.000413
1.952869
1.970836
1.936619
2.004302
1.990991
1.979174
1.926786
1.984945
1.980562
1.940794
1.938482
2.028609
1.944477
1.997351
1.946463
2.007110
1.986488
1.974590
1.958586
1.938956
2.005802
1.995253
1.945162
1.943945
1.974009
2.000660
1.968962
1.947907
1.993902
1.944183
2.009987
1.939262
2.020742
1.980867
1.948566
1.943321
1.996586
1.933416
1.991376
1.942267
1.954717
1.988179
1.982567
1.980842
1.971757
1.988670
1.938647
2.125421
1.930885
2.019526
2.015945
1.946231
1.949298
1.977565
1.957392
2.003059
1.944778
1.963790
1.992803
1.969899
1.945224
1.953208
1.990521
1.995275
1.959396
1.942548
1.994019
2.013111
1.935371
1.943820
2.024783
1.963922
1.995993
1.953717
1.955964
1.984821
1.978332
1.968503
1.970652
1.987380
1.995734
1.956969
1.951837
1.983482
2.002319
1.981472
1.959257
2.001161
1.945304
1.985972
1.961637
2.017666
2.000536
1.969926
1.977417
2.004039
1.949847
1.995162
1.945621
1.948509
1.992705
1.981330
1.949311
1.953371
1.991790
2.064357
1.942166
1.947797
2.018635
2.011272
1.921124
1.971520
2.016822
1.965912
2.039119
1.938670
2.037012
1.992695
1.941716
1.982609
1.979842
2.012605
2.048079
1.974239
2.124328
2.031681
2.020239
1.948684
2.006629
1.978392
2.043599
1.924056
1.980679
2.073367
1.999735
2.034786
1.956235
1.990731
1.925641
2.019585
1.933429
2.032719
2.026132
2.001905
1.941528
1.947081
1.988507
2.001829
1.953277
1.950886
2.021609
2.029086
1.938007
1.947381
1.981498
2.024727
1.997336
1.970306
2.050114
2.123026
1.937273
1.953190
2.001418
1.941301
2.028694
1.960990
2.027440
2.005100
1.932432
1.950086
1.969372
1.998251
1.996734
1.949695
1.961849
2.029375
1.991586
1.996554
1.957533
2.001116
1.937389
1.974604
1.941334
2.045982
1.992685
1.956319
1.948768
2.006579
1.923649
1.993065
1.948463
2.092274
2.100170
1.988828
1.951097
1.948002
1.996718
2.019683
1.939822
1.950199
2.034644
2.024928
1.940674
1.929126
1.984052
1.993847
2.323914
1.934567
2.124968
1.990413
1.932388
1.942038
1.997253
1.948124
1.992710
1.945426
2.061540
2.097741
1.976315
1.942555
1.948273
2.015580
1.994528
1.944689
1.941686
2.077276
2.014916
2.022351
1.944004
2.008061
1.950421
2.005262
1.942195
2.021826
1.998009
2.027453
1.936397
1.952464
2.053276
1.996384
1.949623
2.049778
1.993918
1.977562
1.952827
1.956091
1.996303
1.949288
2.152901
1.952613
2.037886
2.021297
1.938080
1.939574
1.990803
2.038346
1.993366
1.944598
2.062686
2.017908
1.984125
1.935336
1.996331
1.992792
1.992251
1.955702
2.007943
2.089739
2.102653
1.962846
1.972573
2.026854
2.042569
1.969127
1.938334
2.029632
1.981785
1.954717
1.945253
1.990288
1.947310
1.997234
1.939113
2.029206
2.052899
2.101548
1.929883
1.962527
1.978533
1.984916
1.941091
2.036800
2.061267
2.125969
1.938091
1.950582
1.981607
2.119976
1.938039
1.973452
1.988800
2.004067
1.946525
1.938158
1.984764
1.942907
1.988755
1.961170
2.076880
2.046197
2.266877
1.945656
2.013302
1.948132
1.995283
1.939342
1.937822
2.023954
1.987143
1.952839
1.972028
1.997833
1.949539
1.991224
1.946465
2.062818
2.105383
2.039493
1.944605
2.000806
1.957225
2.019567
1.933593
2.055358
1.994369
1.981621
1.941923
1.951433
1.964783
2.027788
1.947925
2.140116
2.056126
1.989998
1.949004
1.939387
1.972285
1.949006
1.991504
1.946485
2.011866
1.992409
1.948654
1.955497
2.005225
1.942765
2.018234
1.940429
2.070495
2.108092
2.058442
1.934715
1.952268
1.999420
2.006698
1.942645
1.963078
2.039824
2.002423
1.948523
1.934705
2.004198
1.957922
2.002267
1.942960
2.052878
2.129650
1.936493
1.940144
2.005803
1.944100
2.000364
1.940359
1.939769
1.946517
1.991932
1.977121
1.951361
1.985314
1.949403
2.147956
1.945576
2.004164
1.989113
1.944767
1.990509
1.992680
1.954851
1.992779
1.956803
1.971129
1.986221
1.937042
1.941520
1.939362
2.005426
2.005114
1.953863
1.944642
2.009688
2.038415
1.947998
1.966169
2.014731
1.938019
1.991220
1.951929
1.970686
2.181511
2.092971
1.972798
1.997524
1.942724
2.007253
1.942385
2.006396
2.111375
2.036659
1.944318
1.966231
1.999755
1.992916
1.954880
1.947006
1.992053
1.981247
1.957370
1.983239
1.997051
1.940309
2.001518
1.952471
1.964691
1.953555
1.974055
2.008168
1.929868
1.987189
1.990520
1.945583
1.947610
2.001439
2.018037
1.944250
1.969133
2.009687
1.943487
2.006226
1.930365
2.016800
2.002641
2.053603
1.937904
2.003724
1.969107
2.020815
1.950015
1.948919
2.007169
2.084776
1.954523
1.970761
1.990102
2.006880
1.944205
1.944638
2.011344
1.993762
1.952300
1.942006
1.998970
1.943559
2.028827
1.931175
2.001388
1.995434
2.014257
1.947635
1.942383
1.977798
2.007930
1.928129
1.936225
1.996875
1.991843
1.949540
1.942465
1.989816
1.944167
2.016456
1.933281
2.005216
2.001165
1.993122
1.931988
1.987297
1.960366
1.999422
1.919353
1.960948
1.988437
1.992134
1.945722
1.958126
2.002844
1.969063
2.167836
1.938479
2.018459
1.997714
1.964212
1.939696
2.003289
1.981762
2.023448
1.947623
2.004774
1.999014
1.934696
1.939421
1.972606
2.017588
1.992209
1.944656
2.035522
2.051015
2.108961
1.954767
1.980018
1.974670
1.938069
1.989941
1.946724
2.005255
2.027480
1.956660
1.923938
2.022280
1.937728
2.007174
1.985579
2.004647
1.991293
1.989622
1.949118
1.961535
2.020160
1.988260
1.954734
1.947927
2.011458
2.003381
1.932873
1.951616
2.002762
1.948570
2.006386
1.942601
2.044367
1.994676
1.939232
1.951705
1.948727
1.992785
2.000026
1.952341
2.042127
2.021935
1.974019
1.975174
1.973789
1.999802
1.963264
1.990426
1.940272
2.016748
1.996370
1.985634
1.927983
2.004701
1.935012
1.983786
1.948344
2.092082
2.279561
2.015696
1.952305
1.944325
1.991630
1.993958
1.954927
1.951354
2.421325
1.932175
1.949877
1.940525
1.999560
2.128099
1.947380
1.945083
2.034843
1.993690
1.968748
1.938905
2.027387
1.944054
1.991832
1.941435
2.023352
2.296416
1.965714
1.955822
2.017062
1.939538
1.999611
1.938435
2.023592
2.258122
2.012767
1.934328
1.941576
2.015477
2.022842
1.937847
1.938036
2.069660
2.094071
1.934488
1.925763
1.984189
1.927043
1.986032
1.927607
2.025907
1.995646
1.974423
1.975896
1.938050
2.006650
2.021928
1.939846
1.941831
2.025617
1.977355
1.945577
1.956601
1.997924
1.957855
2.009027
1.944301
2.016724
2.019954
1.950347
1.959066
2.001061
1.973100
2.018936
1.936832
2.007986
2.009212
1.981063
1.959219
1.946407
2.005263
2.000682
1.948694
1.956259
2.006624
2.004516
1.932162
1.954312
1.998436
1.936798
1.997252
1.943721
2.033195
1.996664
1.982085
1.936546
1.959739
1.979330
1.993604
1.951243
2.006129
2.284260
2.112215
1.953819
1.946627
1.992090
1.987035
1.950222
1.945916
2.006627
2.001875
1.957773
1.969929
2.014545
1.946706
2.020017
1.941962
2.008296
1.987713
1.928897
1.961467
1.944994
2.025421
1.977174
1.949511
1.939281
2.005175
1.983938
1.966136
1.979399
1.987965
1.953322
2.002163
1.934997
2.017650
2.138843
1.952273
1.945775
2.003402
1.938256
1.994226
1.947692
1.936345
1.996214
1.983813
1.942081
1.942569
1.972699
1.952006
2.139874
1.961536
2.051087
2.013329
1.943071
1.941365
1.993584
2.969079
2.530408
2.212723
2.269979
2.123236
2.103971
2.150404
2.104818
2.156245
2.080357
2.191924
2.147574
2.150499
2.118113
2.184665
2.083664
2.145962
2.117779
2.210210
2.160625
2.095927
2.101774
2.152052
2.173530
2.109573
2.116522
2.139503
2.137998
2.113338
2.093413
2.137853
2.147480
2.093762
2.091696
2.149017
2.165881
2.105251
2.120951
2.126765
2.163896
2.086446
2.111169
2.160228
2.168180
2.103789
2.142969
2.090259
2.119629
2.098070
2.182001
2.221462
2.070561
2.099134
2.139012
2.107078
2.157680
2.110171
2.175064
2.147178
2.111944
2.096236
2.134873
2.097968
2.171874
2.091704
2.149415
2.165967
2.083926
2.091798
2.141191
2.172937
2.106866
2.232925
2.390708
2.135560
2.098682
2.227434
2.092749
2.180303
2.145687
2.224873
2.158154
2.088641
2.090519
2.131978
2.123381
2.149500
2.080231
2.216240
2.137378
2.096065
2.089697
2.145373
2.088600
2.142235
2.081199
2.177623
2.142545
2.111707
2.101534
2.136464
2.155563
2.113075
2.199131
2.358153
2.168302
2.088277
2.106928
2.140992
2.133916
2.082494
2.169976
2.589993
2.101180
2.109315
2.137250
2.097997
2.144111
2.112340
2.154546
2.163564
2.096275
2.099141
2.157716
2.110216
2.135003
2.098930
2.155475
2.170647
2.094626
2.083503
2.118897
2.195698
2.132886
2.156456
2.272479
2.346895
2.116288
2.174039
2.092655
2.164015
2.105887
2.175878
2.143345
2.147264
2.092318
2.180926
2.087194
2.162796
2.090461
2.184160
2.174085
2.130867
2.084430
2.163939
2.108654
2.168957
2.095360
2.158550
2.193803
2.106148
2.109693
2.133458
2.140172
2.106130
2.190230
2.474545
2.094097
2.112261
2.200399
2.155291
2.154558
2.105049
2.164747
2.160624
2.113000
2.184193
2.128599
1.987327
2.007463
1.965617
2.160869
2.112961
1.976151
1.939025
1.990603
1.963959
1.998032
1.945126
1.953847
2.001319
1.986019
1.951298
1.924598
1.986833
1.938300
2.013384
1.935885
2.064201
2.088360
1.957103
1.941989
2.018644
1.943104
1.997049
1.941160
2.017576
1.978072
2.033482
1.946565
3.611887
2.606360
2.112050
2.199442
2.138632
2.146903
2.098798
2.133331
2.106044
2.182062
2.121426
2.232834
2.163730
2.166563
2.105856
2.139607
2.087965
2.150996
2.115172
2.146985
2.169607
2.107803
2.136286
2.135880
2.257189
2.108668
2.169439
2.300595
2.156151
2.114189
2.096595
2.174691
2.214888
2.084224
2.173701
2.160467
2.099030
2.093052
2.142144
2.092587
2.142448
2.107725
2.196544
2.157866
2.118408
2.083250
2.141065
2.101935
2.129908
2.085538
2.171105
2.180362
2.083586
2.112109
2.128116
2.104576
2.165900
2.100826
2.163690
2.166305
2.103068
2.103935
2.117983
2.156264
2.096851
2.095770
2.124917
2.139271
2.101928
2.094256
2.134101
2.147974
2.111143
2.118124
2.150911
2.076491
2.083799
2.100986
2.153728
2.162976
2.114289
2.241784
2.274299
2.123190
2.103988
2.147080
2.105836
2.168688
2.082600
2.162773
2.179014
2.111659
2.111982
2.150174
2.089852
2.156890
2.100076
2.140049
2.146585
2.111869
2.090765
2.198814
2.159781
2.126874
2.088039
2.131603
2.223229
2.139074
2.082396
2.130667
2.154576
2.085246
2.096920
2.144963
2.280894
2.098697
2.183237
2.099067
2.148357
2.098716
2.108348
2.171139
2.336696
2.094488
2.136202
2.106992
2.142304
2.089560
2.154198
2.199908
2.087482
2.107240
2.141154
2.120066
2.324965
2.120196
2.125715
2.273585
2.118367
2.107077
2.140296
2.148080
2.107121
2.105204
2.132186
2.109846
2.105288
2.115002
2.186761
2.167295
2.083093
2.165796
2.146708
2.106884
2.116193
2.125760
2.093983
2.153246
2.170713
2.153212
2.141077
2.069840
2.077271
2.153454
2.094723
2.145254
2.091743
2.164262
2.175961
2.126482
2.083588
2.130859
2.298622
2.097387
2.209592
2.254694
2.142551
2.129641
2.081644
2.149046
2.156713
2.098263
2.124450
2.347177
2.351401
2.094405
2.163706
2.137621
2.140841
2.120600
2.175900
2.149201
2.103910
2.090491
2.141144
2.084626
2.161818
2.110063
2.148618
2.172430
2.130968
2.093092
2.196910
2.139806
2.082546
2.126773
2.203950
2.165822
2.129506
2.111558
2.133361
2.171579
2.103159
2.178603
2.159709
2.242148
2.077545
2.137488
2.077213
2.176049
2.107005
2.223764
2.179767
2.090977
2.107653
2.203868
2.096789
2.136056
2.151222
2.159397
2.154371
2.098856
2.106101
2.152189
2.215866
2.095967
2.093755
2.313997
2.347825
2.091447
2.080362
2.167639
2.137961
2.136518
2.157387
2.154636
2.103211
2.150704
2.151679
2.094933
2.188379
2.098696
2.179157
2.171396
2.124701
2.079761
2.173087
2.115626
2.145749
2.108540
2.156679
2.186821
2.086943
2.113855
2.130314
2.228639
2.085945
2.104718
2.170107
2.303068
2.120221
2.139517
2.151286
2.183975
2.094199
2.255851
2.154305
2.125738
2.094811
2.152206
2.150209
2.168496
2.119570
2.244350
2.156660
2.123224
2.146923
2.139058
2.118477
2.160389
2.108696
2.198229
2.229848
2.143181
2.090156
2.186263
2.138934
2.103097
2.128888
2.275839
2.128002
2.094094
2.089426
2.153973
2.165679
2.110788
2.218773
2.144526
2.146535
2.112853
2.151650
2.107603
2.198712
2.121023
2.170204
2.222817
2.099485
2.088486
2.161899
2.128231
2.137959
2.122525
2.147219
2.164285
2.108679
2.112523
2.127910
2.163812
2.090624
2.125467
2.161891
2.270249
2.111475
2.118850
2.224115
2.211580
2.091955
2.168096
2.186111
2.185799
2.085406
2.124709
2.093140
2.163212
2.105851
2.125573
2.145560
2.163282
2.097079
2.171488
2.092737
2.139225
2.088714
2.167504
2.172481
2.128515
2.076168
2.148516
2.096399
2.300894
2.118238
2.135973
2.269608
2.115834
2.124528
2.131929
2.141519
2.096554
2.111474
2.151981
2.113311
2.090383
2.105422
2.157287
2.171891
2.101818
2.238473
2.178045
2.114424
2.100822
2.167675
2.130714
2.137959
2.095978
2.170085
2.144927
2.107520
2.087383
2.122777
2.111185
2.162897
2.102876
2.149545
2.158173
2.113514
2.095636
2.139147
2.192332
2.092807
2.127687
2.105164
2.159415
2.173603
2.135528
2.137075
2.164677
2.095707
2.128735
2.126129
2.128722
2.098917
2.093071
2.135073
2.140932
2.146614
2.266264
2.158310
2.286708
2.117382
2.151454
2.095567
2.178475
2.214800
2.208846
2.236086
2.137936
2.078719
2.150514
2.161062
2.134303
2.183391
2.217942
2.179873
2.183088
2.077841
2.182514
2.181223
2.108208
2.209139
2.228265
2.269301
2.115000
2.174835
2.120635
2.143854
2.085616
2.155794
2.170758
2.087258
2.109021
2.134431
2.126940
2.140285
2.158759
2.118652
2.235466
2.088668
2.102934
2.131004
2.146837
2.109790
2.116412
2.127062
2.138791
2.151631
2.121229
2.144866
2.177415
2.114176
2.145850
2.282709
2.104795
2.114191
2.154276
2.094547
2.171835
2.105360
2.142162
2.150163
2.121500
2.093023
2.147408
2.111290
2.173189
2.094642
2.164842
2.149498
2.093820
2.093787
2.175745
2.327889
2.087223
2.173960
2.231464
2.170789
2.080328
2.108461
2.167947
2.140183
2.127620
2.114577
2.137231
2.103615
2.117955
2.103149
2.222526
2.134978
2.114033
2.167243
2.161472
2.114342
2.102945
2.144470
2.102053
2.158585
2.075220
2.134368
2.157732
2.092913
2.086723
2.133100
2.082501
2.142389
2.095713
2.158613
2.277087
2.089518
2.087725
2.137426
2.199112
2.094014
2.101099
2.139990
2.235241
2.140248
2.097811
2.129230
2.133931
2.088822
2.227284
2.240584
2.102912
2.084682
2.177114
2.096721
2.165621
2.077526
2.167832
2.161406
2.166021
2.107140
2.142203
2.091951
2.151935
2.079404
2.146568
2.173815
2.081207
2.083665
2.149497
2.090567
2.163584
2.108350
2.149544
2.134179
2.125709
2.102889
2.162746
2.148409
2.115006
2.106146
2.135141
2.141006
2.195985
2.070243
2.132953
2.131920
2.112030
2.082602
2.101303
1.921696
1.944874
1.937482
2.000604
1.928986
2.175199
1.925950
1.992017
1.974261
1.933517
1.922802
1.975818
1.937049
2.022451
1.929551
2.062638
1.976957
2.016624
1.938937
1.959982
2.027142
1.979640
1.940274
1.916925
2.012504
1.997290
1.934650
1.946313
1.982981
1.942375
1.986947
1.934346
1.991884
1.983464
1.944765
1.965938
1.975378
2.008286
1.992503
1.937602
1.934320
2.020766
1.988582
1.926030
1.952040
1.961173
1.976572
2.023603
1.940546
2.013270
1.979236
1.945135
1.959582
2.030906
2.001599
1.984094
1.931165
2.008299
2.144957
1.914365
1.916735
1.941806
2.004591
2.086853
1.933178
1.945733
1.996794
2.004932
1.947105
1.958575
1.995104
1.949614
1.993997
1.948440
2.021082
1.993597
1.942738
1.982554
1.967399
1.988342
1.994898
1.936268
1.933522
1.997078
1.973238
1.944047
1.948633
1.985753
1.944827
1.991932
1.977058
2.019809
1.993736
1.966928
1.966486
1.939291
1.971655
1.985886
1.972617
1.953795
1.982538
1.993129
1.954923
1.963356
1.990447
1.943125
1.998274
1.939255
1.977788
2.027624
1.966050
1.938821
1.993731
1.944457
2.001290
1.937045
1.954110
1.992164
2.077145
1.943412
1.938559
2.000925
2.069805
1.972890
1.963830
1.998032
1.994790
1.938435
1.950810
1.982732
1.964074
1.993753
1.947057
1.996934
2.118714
1.923064
1.937777
1.966089
1.990708
2.005943
1.950852
1.926584
2.017073
2.005059
2.011192
1.943241
1.996169
1.943477
1.986072
1.930026
2.007575
1.978979
1.953393
1.942418
2.045060
1.938685
1.996280
1.950605
2.005912
2.005071
1.996282
1.941497
1.950199
2.017333
2.144789
1.987200
1.939128
2.016876
2.007836
1.962396
1.973552
1.978683
1.956644
1.987777
1.944299
1.980407
2.056050
1.979642
1.937253
1.961733
2.027004
1.985418
1.950004
1.947380
2.004363
1.993268
1.955093
1.949404
1.986301
1.947413
1.997180
1.956667
1.990046
1.986105
1.975714
1.943007
2.008179
1.930126
2.012383
1.935310
1.959074
2.070950
2.016081
1.939556
1.970513
2.009068
2.093052
1.927106
1.936748
2.016786
1.977359
1.919827
1.953275
1.986978
1.948725
2.002961
1.947586
1.969349
2.016810
1.980798
1.938604
1.942284
1.992947
1.990795
1.938522
1.944688
2.006422
2.001951
1.925929
1.947871
1.997968
1.941232
2.002023
1.958199
1.977775
1.996578
1.972908
1.943355
1.932750
2.026660
1.991675
1.936031
1.948925
1.985845
1.975836
1.989279
1.958597
1.998898
1.939466
2.031022
1.944118
2.028386
1.993164
1.937072
1.944244
1.999737
1.946704
2.003378
1.952500
1.953739
2.045285
2.013906
1.927843
1.940511
2.014297
2.115391
1.972432
1.997856
1.956640
1.970525
1.971340
1.956943
1.972602
1.951879
1.996986
1.944184
2.042685
1.990876
2.068305
1.947684
1.935945
1.990119
1.981367
1.938317
1.944393
1.975220
1.998498
1.944008
1.934125
1.978350
1.943753
1.993007
1.941572
1.963619
1.979061
1.967803
1.927724
1.912940
1.971586
2.004719
1.953845
1.969044
2.013830
1.978221
1.947476
1.927975
1.979719
1.931178
2.000553
1.930832
2.071803
2.121479
2.008141
1.944647
1.977343
1.930961
1.980732
1.927983
1.983337
1.986339
2.078646
1.935437
1.946516
1.990932
2.038133
1.942073
1.950769
1.990587
1.974137
1.937027
1.971329
1.982557
1.951501
1.980713
1.929979
1.984389
1.969409
1.969107
1.948787
1.951241
2.000934
1.982469
1.955912
1.923409
1.975271
1.999671
2.031751
1.910611
1.972881
1.941878
1.991113
1.930132
1.980314
1.977602
2.138420
1.917415
1.952595
1.982380
1.984834
1.936910
1.955146
1.989825
2.013279
1.930094
1.944231
1.975876
1.949429
1.980406
1.976626
2.116020
2.077639
2.037137
1.960898
1.991465
1.946150
1.990767
1.944088
2.104423
1.998481
1.959875
1.940389
1.951980
1.987959
1.987189
1.944272
1.952905
1.997347
1.994471
1.943617
1.932637
1.997195
1.952364
1.990000
1.967602
1.966382
1.982256
1.979288
1.940137
1.942387
2.005044
1.994308
1.951371
1.945221
1.983821
1.978263
1.971298
1.961521
1.990819
1.986460
2.002099
1.936678
2.093379
1.988261
1.988139
1.949505
1.979213
1.968133
2.010760
1.947594
1.975333
1.975790
1.974016
1.942913
1.940802
1.989914
2.116775
1.966705
1.965448
2.015411
2.003064
1.937319
1.944370
1.989842
1.937153
1.982928
1.941294
1.953049
1.997169
1.961087
1.968301
1.960143
2.015135
1.993906
1.942132
1.945820
1.960772
1.983421
1.983084
1.939413
1.979806
1.933990
2.014956
1.944310
2.005383
1.975874
1.941538
1.989649
1.927025
1.981861
2.001951
1.954019
2.029624
2.307588
2.156765
1.954324
1.933720
1.974504
2.020922
1.934178
1.947725
1.998013
2.110619
1.916756
1.931355
1.990107
1.968100
1.974323
1.943032
2.092234
2.108738
1.918029
1.939787
1.948624
2.007838
1.993290
1.934634
1.936639
2.006141
1.974921
1.935562
1.939727
1.986814
1.930807
1.992986
1.953747
1.950836
1.979794
1.998722
1.968577
1.966248
1.933842
1.986990
1.936427
1.951694
1.980434
1.921498
1.918668
1.943815
1.994504
1.939124
1.984460
1.936270
1.931816
2.164658
1.929154
1.926828
1.978778
1.933209
1.985896
1.926979
1.965114
2.120779
1.974403
1.922709
1.932064
1.989885
1.924158
2.166137
1.938311
2.031653
1.987523
1.899549
1.924506
1.967223
1.933146
1.969511
1.935460
1.976087
2.098052
1.974671
1.933604
1.929821
1.978787
1.983403
1.937359
1.953739
1.992019
1.970100
1.991442
1.940059
1.959600
1.946653
1.996460
1.930478
2.009538
2.122855
2.065064
1.940900
1.928231
1.986637
1.999284
1.925844
1.947805
1.985764
1.968698
1.925242
1.907679
1.973781
1.924892
1.983512
1.919069
1.975323
1.984673
1.954418
1.949889
1.951172
2.010594
1.983950
1.936833
1.935052
1.995008
1.976055
1.965546
1.955843
1.995507
1.936961
1.982045
1.961345
2.042620
1.986243
1.931920
1.962451
2.017937
1.936972
2.000689
1.951445
1.952441
1.999446
2.000373
1.937165
1.922190
1.968936
2.150884
1.927652
1.954844
1.994943
1.993275
1.939048
1.932391
1.993403
1.934254
2.029829
1.926860
2.007023
2.117911
2.008467
1.952491
1.960403
2.018634
1.984288
1.944936
1.940139
1.984732
1.995587
1.925824
1.950292
1.990958
1.957971
1.987414
1.944357
2.007836
1.998322
1.936158
1.966972
2.042479
1.941777
1.998494
1.937481
1.952020
2.003021
2.000082
1.940934
1.964992
1.974454
1.970905
1.996317
1.944264
2.009559
2.010162
1.940014
1.943731
1.992600
1.939933
1.986533
1.943555
1.980767
2.184547
2.110358
2.005663
2.003115
2.035481
2.051707
2.021926
2.014468
2.128873
2.081069
2.083662
2.079091
2.019722
2.039369
1.987363
1.949618
2.065241
2.062648
1.926985
1.938454
1.979671
1.957356
1.994664
1.932996
2.011441
2.021584
1.984346
1.930429
2.031721
1.957580
2.020461
1.957753
2.016384
2.012123
1.964425
1.962758
1.939295
2.024460
2.015656
1.943880
1.983386
2.000437
2.007425
1.954224
1.918911
2.003382
2.001479
2.008313
1.968108
1.964987
2.014317
2.005831
1.935779
1.981031
2.015695
2.023506
1.950100
1.966719
1.996018
2.015209
1.981615
1.936221
2.004909
1.945817
2.009683
1.933996
2.035174
1.983989
1.945578
1.933793
2.037428
1.958391
2.035213
1.952611
2.149938
1.991297
2.015589
1.927174
1.936206
2.055517
2.038816
1.954957
1.987670
2.058138
1.977798
1.933028
1.945630
2.064802
1.966280
2.048106
1.946032
2.040822
2.169324
1.923458
1.935045
2.029847
1.949202
2.007444
1.928585
1.951760
2.018192
1.999796
1.967125
1.964535
2.039134
2.012473
1.972544
1.925254
1.991691
2.100886
1.949555
1.958303
2.008239
1.974770
2.076059
2.032334
2.019913
1.986097
1.939628
1.962440
2.015101
1.946014
1.986490
1.923721
1.942318
2.111768
1.925941
1.945733
1.957094
2.006127
1.974226
1.938190
1.950119
1.999917
2.003434
1.982625
1.938919
2.012305
1.929177
1.994158
1.934421
2.012287
1.999622
1.929266
1.957307
1.936873
1.974500
1.993034
1.932050
1.935635
1.977934
2.006800
1.943329
1.949603
1.978977
1.934967
1.976657
1.937270
1.967466
2.018507
1.938974
1.932352
1.943537
1.983297
1.997129
1.966056
1.976202
2.005089
2.004035
1.967161
1.937883
1.976266
1.938376
2.035007
1.938361
2.038193
1.981187
1.919000
1.935987
2.064716
1.925128
2.001161
1.933191
1.954591
2.015897
1.991303
1.937381
1.925637
1.977508
1.937966
2.006411
1.926652
2.023754
2.196299
2.011949
1.902433
2.029595
1.925639
2.020543
1.937942
2.010708
2.077526
2.032255
1.901228
1.932259
1.968306
1.998032
1.935840
1.941274
1.978492
1.974405
1.929605
1.971366
1.981227
1.940555
2.003870
1.959976
2.023289
1.973026
1.904464
1.955394
1.958847
2.022636
1.979299
1.939492
1.919887
2.021704
1.970559
1.935038
1.915431
1.997147
1.922705
2.017742
1.941976
1.981318
1.990342
1.908906
1.950643
1.958119
2.013029
1.983707
1.956109
1.974727
1.943620
1.980117
1.973309
1.925975
2.035385
1.933921
1.987781
1.962534
2.024384
2.017247
1.938112
1.933359
2.000105
1.943511
1.992928
1.938159
1.971294
2.119077
2.067965
1.954638
1.945419
1.996474
1.998731
1.943758
1.954915
2.007235
2.003123
1.939450
1.991981
1.982355
1.959626
1.970901
1.951933
2.004275
2.004980
1.996871
1.949620
1.934867
1.994918
2.006104
1.923078
1.941601
2.015411
1.981152
1.930999
1.940379
1.975631
1.946932
1.971353
1.937474
2.027841
1.983859
1.943149
1.962700
1.925055
1.998881
2.010809
1.938738
1.962185
2.000815
2.000559
2.017619
1.914334
1.997187
1.941896
1.999070
1.929098
2.092647
1.968921
1.954138
1.978340
2.034311
1.933188
1.989745
1.931063
2.075705
2.118532
2.031638
1.929119
1.967981
1.978313
1.993750
1.926348
1.950571
1.963341
1.992497
1.941208
1.933070
2.012396
1.952894
1.987015
1.925048
2.005278
1.974195
1.935166
1.928178
1.974358
1.994700
1.995644
1.929202
1.941638
2.001460
1.969123
1.967728
1.909594
1.978791
1.935423
2.012563
1.921785
2.019673
1.975048
1.920152
1.943634
1.924925
2.021225
1.974695
1.942927
1.925409
1.999936
1.977617
1.939727
1.973606
2.011071
1.925793
1.991602
1.927915
1.994308
1.977514
1.939126
1.928190
2.033004
1.940211
1.988778
1.939650
1.941421
1.969774
1.928724
1.927173
1.954836
1.999034
1.939209
1.973863
1.919363
1.984951
1.974947
1.938360
1.925798
2.040993
1.931056
1.975052
1.944742
1.936752
1.978955
2.076262
1.923917
1.918225
1.980393
1.935783
1.997888
1.934000
2.004660
1.988621
1.935882
1.937424
1.971382
1.973246
1.977300
1.939334
1.977407
2.165497
2.166385
1.972922
1.954699
2.016626
1.976469
1.943489
1.936434
2.021637
1.989410
1.980664
1.929230
1.978143
1.932126
1.972797
1.954751
2.045359
1.997265
1.977423
1.940191
1.976420
2.004623
2.042531
1.925497
2.014503
1.989374
1.972614
1.996524
1.936384
1.978570
1.967044
2.001226
1.943532
1.988784
2.000798
1.916819
1.923158
1.986095
1.958595
1.990626
1.948762
2.104396
2.104477
1.976291
1.928725
1.970262
2.015581
1.993767
1.930239
1.943788
2.008209
1.981102
1.931415
1.965932
2.026495
1.932284
1.990880
1.926149
1.998455
1.970318
1.945262
1.932082
1.956633
1.989070
1.987886
1.957332
1.935469
1.994961
1.977320
1.958268
1.943412
1.979394
1.948769
2.017633
1.915004
2.038204
1.969562
1.973657
1.931895
1.951850
1.989658
1.981236
1.920993
2.020735
1.987542
1.997472
1.921237
1.917003
1.965713
1.939161
1.995135
1.951501
2.006312
1.984144
1.996032
1.949437
1.977530
1.918067
2.006525
1.980527
2.026926
2.013301
2.014234
1.919332
1.938325
2.007131
2.038993
1.937154
1.940817
2.036877
2.021593
1.985080
2.003443
1.990658
1.925157
2.027691
1.921202
2.053532
2.022127
1.947923
1.940357
1.928047
1.976532
1.969173
1.933941
2.015318
1.977254
2.048590
1.932326
1.923682
1.979121
1.939048
1.973673
1.945307
1.957719
1.992376
2.002087
1.913394
1.936612
1.974798
1.981517
1.955661
1.927366
1.990265
2.164688
2.088952
2.107192
2.587373
2.180849
2.143267
2.209573
2.146147
2.075325
2.104646
2.135209
2.130346
2.141498
2.088455
2.158278
2.148547
2.078588
2.103697
2.157001
2.070149
2.137151
2.079622
2.144257
2.136767
2.118610
2.086538
2.145406
2.100658
2.289647
2.087483
2.173333
2.168565
2.082537
2.098794
2.206390
2.188662
2.084151
2.284517
2.388192
2.140726
2.065229
2.163739
2.121311
2.169804
2.102712
2.128404
2.138340
2.100084
2.083632
2.157753
2.085419
2.169675
2.101845
2.206731
2.142045
2.089621
2.108428
2.168274
2.304543
2.107041
2.157836
2.145218
2.138326
2.097877
2.102008
2.145096
2.140289
2.114884
2.162337
2.155256
2.158464
2.091873
2.100847
2.163903
2.197063
2.089446
2.244855
2.161439
2.320629
2.098728
2.186565
2.102658
2.207738
2.154983
2.147488
2.153368
2.080449
2.075177
2.132035
2.249606
2.078461
2.097312
2.118592
2.141154
2.086000
2.094833
2.147213
2.151007
2.106419
2.089143
2.107203
2.128404
2.131169
2.094539
2.124604
2.126497
2.115252
2.173816
2.129140
2.124027
2.074618
2.086469
2.213815
2.184084
2.077078
2.243437
2.146315
2.150287
2.063244
2.146164
2.099883
2.192256
2.092928
2.187650
2.153043
2.104194
2.063135
2.152547
2.095360
2.151656
2.113285
2.139320
2.221152
2.068218
2.095700
2.145385
2.140607
2.102632
2.113363
2.146329
2.173949
2.124185
2.091564
2.159562
2.154668
2.112798
2.176676
2.174960
2.121012
2.122522
2.137706
2.098615
2.144821
1.926762
1.953408
1.984352
1.967318
1.918880
1.947850
1.996923
1.988248
1.934463
1.932156
2.020673
1.976659
1.985974
1.927952
1.976083
1.922541
2.032803
1.925068
2.100318
2.088979
1.987809
1.959038
1.928973
1.975937
1.971117
1.952550
1.968185
2.019481
1.987670
1.944843
1.922348
1.976959
1.928359
2.007019
1.987811
1.988476
2.096875
1.921903
1.930019
2.001538
1.953520
1.995005
1.939391
2.041377
2.002484
1.982189
1.933679
1.939836
2.004949
2.135516
1.978530
1.977046
2.005538
1.993538
1.935279
1.938090
1.987036
1.944675
1.997857
1.934483
2.035056
1.983621
2.004012
1.942899
1.950887
2.016474
1.992763
1.944909
1.959885
1.966237
2.009577
1.977384
1.942053
2.019777
1.951528
1.980884
1.945299
2.020846
1.983235
1.929486
1.936942
1.939873
2.013247
2.031312
1.921084
2.030311
1.974139
1.964214
1.944843
1.982739
1.973854
1.960094
1.978550
1.948638
1.996238
1.984077
1.938439
1.944518
1.995882
1.942490
1.992808
1.961902
2.067776
2.130535
1.927960
1.936240
1.925157
1.997266
2.002621
1.944694
1.940596
1.974823
1.974009
1.939174
1.940116
1.995045
1.944478
1.997193
1.938328
1.992388
2.004906
1.936698
1.938230
1.971340
1.999371
1.999505
1.938803
1.945893
1.979509
1.995066
1.930645
1.947856
1.985406
1.945146
2.020472
1.946382
2.007183
1.994818
1.940524
1.954261
1.960702
1.998311
1.987564
1.941354
2.028270
2.144730
1.991912
1.950110
1.941432
1.985588
1.938469
1.998549
1.947533
2.004592
2.008049
1.968358
1.943486
2.014059
1.970610
1.990693
1.944390
2.076129
2.058802
2.373848
2.051147
1.990771
1.941056
1.994617
1.931820
2.037606
1.994717
2.021484
1.945245
1.948627
1.988315
2.070901
1.941922
2.060139
2.014261
2.032882
1.931561
1.943369
1.964665
1.945336
1.989643
1.959747
2.057656
2.014986
1.937050
1.955521
1.941681
2.027836
2.006143
1.939593
2.033701
2.111692
1.988130
1.980015
1.940592
2.021841
1.942571
2.177706
1.941143
2.022955
2.013947
1.999671
1.940384
1.991431
2.060281
2.122030
1.927400
2.063751
1.993869
1.975300
1.927854
1.929152
1.985559
2.003776
1.948172
2.081028
2.039507
1.982117
1.947735
1.932934
1.995583
2.165403
1.943053
1.963145
2.083785
2.007634
1.963800
1.930745
2.021070
1.959622
1.999715
1.948579
2.117140
2.058358
1.990983
3.635931
2.457344
2.156364
2.087463
2.204989
2.314673
2.097755
2.108898
2.156378
2.141283
2.170604
2.092624
2.167178
2.125837
2.106103
2.099515
2.134023
2.292482
2.077811
2.145412
2.146432
2.287314
2.106603
2.108114
2.144349
2.139790
2.100613
2.043952
1.997829
1.983458
1.945610
1.974494
2.021387
2.068574
1.944485
1.990322
1.988073
2.002204
1.928371
1.932909
1.993109
1.957416
1.994842
1.945218
2.006472
1.999386
1.983413
1.942098
2.006208
1.974532
1.984908
1.938421
2.013569
2.038686
2.020547
2.004678
1.945451
2.000792
1.939238
1.964996
1.944696
2.036902
2.019160
1.927789
1.952330
1.993883
1.976047
1.998430
1.955705
2.010429
1.984449
2.194481
1.944641
1.974779
1.986753
1.986584
1.937250
1.948452
2.027494
2.010076
1.948674
1.972990
1.990223
1.989345
1.996477
1.919256
1.993237
1.985731
1.985900
1.923846
1.941390
1.997436
1.992924
1.947326
2.013368
1.939103
2.009213
1.955964
1.944217
2.007960
1.948561
1.987885
1.944729
2.003641
2.002585
1.933625
1.942718
2.019802
1.970182
1.981467
1.941938
1.945318
2.010515
1.975535
1.941620
1.951129
2.002339
1.943043
1.999292
1.938082
2.120005
2.018403
2.014199
2.035206
1.991716
1.943607
1.999262
1.953269
2.040089
2.002919
2.092961
1.937228
1.971197
1.975499
2.019515
1.933290
2.038218
2.069098
1.978792
1.923487
1.940466
1.990983
1.952876
1.991725
1.945764
2.030846
2.001948
1.934743
1.954524
1.991365
1.950768
1.994980
1.941589
1.998864
2.166969
2.005619
1.923242
1.934520
2.008740
1.992431
1.955688
1.982789
1.990501
2.012099
1.931289
1.948853
1.995747
1.940911
1.994242
1.942240
2.007478
1.983194
1.938453
1.933871
1.976522
1.995694
2.001480
1.941222
2.062875
1.999022
1.982778
1.929076
1.942576
1.981615
1.936868
1.971277
1.931250
1.987578
1.986088
1.962395
1.938553
2.030632
1.931642
1.983288
1.933511
1.927031
1.982090
1.968849
1.941919
1.932083
1.980727
1.929948
1.994254
1.927970
2.080474
2.008811
1.985690
1.917321
1.982814
1.938102
2.013916
1.936260
1.987992
2.005115
1.962977
1.931135
1.968049
2.034454
2.028701
1.914266
1.928743
1.969430
1.980810
1.960601
1.930973
1.976427
1.929942
1.989971
1.932401
1.996533
1.998824
1.969991
1.928115
1.958639
1.972714
2.020804
1.933128
1.944962
2.012871
2.021475
1.915732
1.921602
1.984528
1.943789
1.979409
1.924355
2.026851
1.981976
2.065715
1.949568
1.933672
1.977533
1.978925
1.928546
1.941736
2.013597
2.000879
1.915968
1.929681
1.984805
1.923834
1.983707
1.927821
1.947686
1.999576
2.092655
1.934198
1.957104
2.011569
2.032098
1.949260
1.996754
2.026044
1.988642
1.920670
1.994982
1.962222
1.946715
1.983123
1.964670
2.007461
2.041742
1.935286
1.931960
2.006442
2.001254
1.995879
1.983708
2.113935
2.013708
1.955145
1.917835
1.921740
1.978604
1.987472
1.929767
1.993911
1.980775
1.995633
1.964066
1.914473
1.971805
1.940671
1.976276
1.938365
1.975388
1.987404
1.976028
1.979460
1.911517
1.991717
1.991469
1.963986
1.966752
2.019108
2.011787
1.963587
1.925929
2.009700
1.944029
2.005049
1.939767
2.020794
1.978859
1.930131
1.946525
1.969499
2.035221
1.992897
1.941809
2.087235
1.973977
1.975596
1.945224
1.940511
1.996044
1.959065
2.150329
1.943762
2.014161
2.011071
1.939164
1.945911
1.991975
1.946559
1.993019
1.940455
2.005933
1.987462
1.919981
1.945640
2.035567
1.978256
1.989883
1.946151
1.953995
2.039080
1.994564
1.932714
1.969522
2.029017
1.951518
2.004371
1.940317
1.990699
2.010298
1.972312
1.941365
1.946381
2.094218
2.029704
1.952192
2.065945
1.991349
1.978734
1.942341
1.948871
1.986610
2.071763
1.930054
1.954967
1.975749
1.984805
1.926206
1.939252
1.987877
1.940562
2.000925
1.935600
1.989906
1.986638
1.962833
1.961273
1.916017
1.980653
1.997338
1.949451
1.941535
2.004167
1.975115
1.952496
1.948607
1.998645
1.941029
2.011654
1.947279
2.054275
1.985388
1.928432
1.973063
1.938901
2.017778
1.989398
1.963598
1.936359
1.978242
1.987898
1.940517
1.950512
2.431387
2.155866
1.936782
2.003530
1.976954
2.003982
1.941904
1.952554
2.005780
1.948607
2.002076
1.952504
1.991815
1.997749
1.970887
1.942437
1.941130
1.986691
1.993785
1.963184
1.961829
2.181791
1.971020
1.941351
1.938262
1.992304
1.950597
2.014608
1.947555
2.002795
1.986427
1.943715
1.929076
1.997159
1.952590
1.992210
1.941590
2.009754
2.014181
2.129909
1.955989
1.962035
1.988576
1.993221
1.946997
1.942742
2.074113
1.991920
1.945869
1.951675
1.993948
1.959188
1.983591
1.930019
2.086449
1.970052
1.995912
1.938836
1.955142
2.005153
1.959747
1.935399
1.956691
1.990106
1.970775
1.915672
1.922742
1.973992
1.941779
1.982418
1.943455
2.102468
2.021066
2.156024
1.918311
1.991059
1.940819
1.985443
1.937106
2.055633
2.009724
2.013949
1.922200
1.928367
2.929284
2.008091
1.932622
2.041983
1.984962
2.174023
1.925862
1.939088
1.983295
1.997204
1.935058
2.019883
2.327705
1.970214
1.929932
1.945638
1.968190
1.941549
1.977596
1.936405
2.022201
1.997991
2.214668
1.908870
2.002352
1.988975
1.978083
1.948276
2.000973
2.146384
1.892352
1.962303
1.957098
1.990428
1.998356
1.941507
1.984342
1.982133
1.981036
1.925811
1.930197
1.997933
1.919675
1.980619
1.911415
2.009328
1.975377
1.977710
1.943041
1.943682
1.975889
2.017076
1.934846
1.991819
1.983927
1.994029
1.917699
1.941425
1.981248
1.928644
1.982721
1.927959
2.020422
1.951556
1.933855
1.931508
1.957947
1.999936
1.995007
1.939835
2.001807
2.127387
2.173784
1.965123
1.956265
2.010305
1.989959
1.928002
1.935448
1.979264
1.992662
2.002432
1.981417
1.969805
1.932273
2.043477
1.920017
1.967791
2.182639
1.947993
1.914011
1.925130
1.975906
1.980901
1.938921
1.980391
1.980015
1.992016
1.925418
1.921481
1.996363
1.962013
2.014039
1.936342
1.982541
2.021850
1.934703
1.945121
1.946877
1.994799
1.998632
1.943436
2.066536
2.015153
2.064077
1.945216
1.936617
2.019841
2.104040
1.932628
1.936437
1.989179
1.998268
1.925525
1.948641
1.976144
1.934559
1.992153
1.949270
1.991122
1.982234
1.909822
1.930962
1.973675
1.984712
1.976847
1.949277
1.922952
2.001053
1.991672
1.922734
1.922132
1.988347
1.943560
2.006307
1.932109
2.006073
2.112545
2.066716
1.934394
2.006952
1.990581
2.022973
1.930423
1.980202
2.283093
1.961988
1.975335
1.930684
1.985708
1.944890
2.128042
1.990752
1.949635
1.971497
1.993983
1.934616
1.982410
1.944225
2.002234
1.942802
2.049361
1.975029
1.976345
1.928786
1.935968
1.982484
1.991755
1.933790
1.925270
1.994016
1.992452
1.938448
1.935743
1.994767
1.933206
1.987222
1.943057
1.952530
1.976769
2.076398
1.936601
1.929847
1.983906
2.000801
1.961982
1.979528
2.012055
1.965616
1.944115
1.943583
1.991871
1.945493
1.983844
1.934127
1.964473
1.981919
2.022437
1.948999
2.037264
1.940380
1.982734
1.939017
1.942695
2.030170
2.826244
1.945692
2.041331
1.925755
2.024886
1.930170
2.082845
2.045495
1.948062
1.960398
1.956046
2.012293
2.098273
1.925140
1.986863
2.002667
1.991257
1.963944
1.977744
2.019020
1.940285
1.999971
1.934481
2.108764
2.023545
1.970895
1.920964
1.965405
2.012751
1.976219
1.930210
2.007973
1.990582
2.001946
1.921691
1.962745
2.007668
1.926646
2.018826
1.927629
2.016656
1.983588
1.912720
1.924160
1.988588
1.942341
2.002565
1.928711
1.996488
1.968152
1.975786
1.969763
1.939689
2.014305
1.934047
1.981887
2.014054
1.966220
1.993904
1.927067
1.935174
1.981682
1.943438
1.980414
1.940445
2.008312
2.010386
1.926890
1.946565
1.927113
1.990966
2.089783
1.939918
1.989438
1.969296
1.994461
1.960898
1.939514
1.982900
1.951606
1.988759
2.009178
2.016334
2.193693
1.964287
1.931104
1.949984
1.980435
1.998100
1.938017
2.015525
2.275668
1.969003
1.939591
1.944659
2.001753
2.040140
1.956672
1.972431
1.992757
1.969864
1.938353
1.946878
1.988497
1.943639
1.974022
1.943074
2.030438
2.112519
1.939467
1.942714
1.933092
2.010461
1.990571
1.933196
1.978246
2.013825
1.964637
1.933396
1.973182
1.994844
1.937079
2.002165
1.939832
2.014994
1.996078
2.187778
1.958417
2.004043
1.955866
2.002316
1.940052
2.058659
2.029435
2.191239
1.977590
1.916718
1.977121
1.987547
1.934895
1.943781
1.997015
1.973274
1.937215
1.936107
1.997441
1.955811
1.983935
1.937265
1.999321
1.976951
1.961874
1.926847
1.975670
1.969364
1.977301
1.916749
2.003791
1.978428
1.957485
1.911042
1.926836
1.964239
1.934977
1.967732
1.929725
2.048402
1.980231
1.940833
1.914450
1.925061
1.994233
2.020728
1.955484
2.126225
2.058582
1.943384
1.998748
1.960478
2.002472
1.938922
1.969317
1.937440
2.111425
2.194532
1.929112
1.926842
1.988787
1.922768
1.993886
1.930359
2.019542
1.978193
2.104767
1.930351
1.967677
2.007017
1.990024
1.942440
1.930107
2.011685
1.992235
1.930122
1.968354
1.997456
1.935263
2.011385
1.956885
2.055940
1.973687
1.972692
1.938232
2.025599
1.942098
1.993410
1.948103
2.011716
1.994302
2.001553
1.935839
1.946044
1.998025
1.950084
2.150403
1.980279
2.006630
2.099372
1.930803
1.935401
1.990738
1.946510
2.002116
1.941557
2.007671
1.988901
1.941130
1.940470
1.950316
1.990772
2.013084
1.938118
2.070652
2.268417
2.007318
1.950235
1.964295
1.998544
2.126648
1.940250
1.993298
2.011019
2.010976
1.940361
1.939588
2.016688
1.979688
1.996532
1.943407
2.014568
1.992255
1.937309
1.967860
1.981117
2.017984
1.997937
1.949427
2.050720
2.282261
2.016688
1.950577
1.923947
1.986593
2.070792
1.926976
1.928289
2.000531
2.091038
1.935224
1.943456
2.002098
1.944599
1.994039
1.943367
2.031083
1.994867
1.936825
1.940204
1.981456
1.992559
1.998429
1.949725
2.019965
2.179141
1.986536
1.992960
1.957925
1.982471
1.932131
1.983248
1.982167
2.037397
2.000083
1.977636
1.933807
1.994046
1.938422
1.992003
1.974989
2.145579
2.052310
1.948625
1.946280
1.968775
2.040844
2.014042
1.982785
1.961842
2.487298
2.207008
2.055989
1.959668
2.017644
1.974449
1.937811
1.936155
2.053688
1.991341
1.929662
1.949656
2.005002
1.952424
1.993961
1.945657
2.089837
2.000607
1.951430
1.927920
2.001851
1.933473
2.010158
1.961079
2.032763
2.289807
2.209060
1.947216
1.940341
1.990886
1.997895
1.944202
2.001063
2.004365
2.034031
1.940789
1.941940
1.995366
1.945143
2.008415
1.947194
2.014621
2.004818
1.950457
1.960764
1.995007
1.956463
2.013585
1.930269
2.018224
2.008299
1.980741
1.947574
1.957568
2.000709
2.044119
1.940298
1.950972
2.102258
2.008190
1.951754
1.947841
2.036525
1.945762
2.015909
1.946640
2.067807
2.239439
1.959488
1.971419
2.001078
1.953578
2.016558
1.938942
2.104992
2.101030
2.173823
1.945533
1.944930
2.018702
1.998765
1.943544
2.017113
2.055970
1.987155
1.962291
1.941790
2.003155
1.949068
1.990248
1.965843
2.034858
2.003841
1.941870
1.969293
1.987123
1.954717
1.996164
1.980450
2.080435
2.137650
1.928885
1.976132
1.982345
1.973442
2.028807
1.977034
2.013656
2.068781
2.012249
1.926582
1.949057
1.994566
1.945220
2.014092
1.966131
2.049358
2.132755
1.932395
1.944862
2.019522
1.947177
1.991609
1.948782
2.157862
2.106159
2.165567
1.970835
1.952926
1.971679
1.987733
1.941040
1.974579
2.002895
1.998489
1.965613
1.966820
1.996442
1.948340
2.002693
1.969866
2.069348
1.993036
1.952716
1.936070
2.018553
1.950643
1.996226
1.962744
2.064974
2.301645
2.164026
1.959929
2.052997
1.955668
2.008378
1.945156
2.000065
2.094247
2.001515
1.945465
1.964104
1.990888
2.016179
1.937209
1.966334
2.023590
1.994630
1.942273
1.964837
2.001533
1.941485
2.001137
1.941873
1.953622
1.984838
1.979609
1.949245
1.953851
1.998013
2.005065
1.971940
1.995084
1.999057
2.009560
1.943210
1.958066
2.008700
1.938388
1.997356
1.945570
2.012743
1.998911
1.934471
1.945919
1.954304
2.050142
2.001439
1.948975
2.032247
1.978792
2.100091
1.975238
1.971268
1.994002
1.994464
1.942859
1.952361
1.972049
1.997410
1.987406
1.950630
1.995360
1.947353
2.002915
1.952480
2.020667
1.997237
1.985414
2.020259
1.996111
1.988220
2.012668
1.935871
1.999122
1.985772
1.987520
1.933665
1.941844
1.985361
1.950131
2.011640
1.946190
1.964355
2.001163
1.976370
1.958340
2.008621
1.943776
1.987844
1.941928
1.962861
1.989024
1.989939
1.974679
1.954790
1.986430
2.162867
1.947528
1.952482
2.023238
1.992447
1.941518
1.946545
2.006207
1.944747
1.998630
1.970329
2.013292
1.995456
2.096090
1.941830
1.955877
1.987945
2.024438
1.942299
2.016579
1.994330
1.990804
1.950083
1.946348
1.998902
1.947441
1.992975
1.949406
2.052881
1.987115
1.937680
1.957591
2.003409
1.963861
1.999390
1.946123
2.010499
2.111703
2.213941
1.950639
1.948517
2.004097
2.000967
1.969200
1.966430
2.027124
2.006275
1.961026
1.943261
1.999023
1.948156
2.000423
1.950597
2.003228
2.005273
1.940605
1.937504
2.003283
1.954097
1.990878
1.940403
1.956998
1.948551
1.978207
2.093475
1.948627
1.995815
2.119661
1.960254
1.974024
2.017745
2.004924
1.972808
1.944520
1.989066
1.944296
2.000324
1.939914
1.983967
1.979105
2.084972
1.943025
1.943725
1.989807
1.993996
1.944650
1.951055
1.937221
2.013135
2.053825
1.967214
2.028570
1.959835
2.001301
1.939329
2.010321
2.003690
1.958304
1.946881
2.014716
1.942111
2.008209
1.939057
2.103743
2.017485
2.028751
1.944328
1.954562
1.989082
2.001194
1.942597
1.949724
1.976313
1.981939
2.088381
1.948868
1.993212
1.961392
2.009349
1.948033
2.018800
2.011584
2.034547
1.950780
2.063725
1.964831
1.996805
1.940343
2.019777
2.033583
2.020332
1.948883
1.951944
1.986589
2.064179
1.942436
1.965073
1.963915
1.985271
1.973464
1.957081
1.996241
1.946711
1.993640
1.938243
2.047254
2.107508
2.068055
1.961066
1.944102
1.978612
1.993647
1.954606
1.951683
2.017882
2.025718
1.956142
1.945657
1.998339
1.963759
2.001105
1.968945
2.014494
2.000108
1.992008
1.946451
2.003549
1.937721
1.990700
1.940698
1.968359
2.003290
2.098583
1.948050
1.960681
1.989724
1.999175
1.938923
1.956212
1.970517
2.014902
1.939947
1.956188
1.992494
1.947799
1.992855
1.963457
1.970984
1.994966
1.984848
1.954494
1.944104
2.001568
1.997810
1.942071
1.945401
2.014094
1.973011
1.944635
1.942799
2.000327
1.959740
2.000200
1.944178
2.026159
1.998805
1.932188
1.931200
2.069811
1.937049
2.024593
1.941592
1.973145
2.002923
1.970112
1.928950
1.947445
1.985225
1.923091
1.987604
1.958708
2.008280
2.001405
1.944272
1.969365
2.001880
1.942703
1.998074
1.936230
1.985751
2.002045
1.980348
1.937983
1.947827
2.006456
2.001923
1.940150
1.947378
2.008409
1.969710
1.925407
1.947616
2.001105
1.947203
1.995538
1.933102
2.013452
1.996909
1.947678
1.927927
1.965681
1.999508
1.999743
1.952878
1.960121
2.015971
1.981743
1.946593
1.958620
1.995480
1.952825
1.997949
1.945591
2.003497
1.988756
1.967508
1.970297
1.978820
1.997304
2.003870
1.944515
1.962677
2.001246
2.025655
2.013809
1.995694
1.992680
2.171829
1.941358
1.948690
2.017989
2.068124
1.952656
1.982072
1.994056
1.942631
1.993071
1.945772
1.999388
1.985616
1.992272
1.943387
1.959266
2.007834
1.984383
1.934050
1.976182
1.992784
2.003498
1.945804
1.948103
1.992205
1.945700
2.009236
1.952800
1.989624
1.985575
1.944687
1.945158
2.045306
1.966546
2.029248
1.943319
1.951658
1.997996
2.069419
1.939667
1.947008
2.017296
2.060387
1.943295
1.945794
2.027410
1.990427
1.956360
1.955746
1.988047
1.968838
1.998386
1.965227
2.094268
2.150801
1.947771
1.952195
1.960296
2.002411
1.997133
1.941055
2.101779
2.123719
2.008507
1.951798
1.946350
2.037929
1.998942
1.943048
1.940891
1.982279
1.979438
1.980121
1.948912
1.997757
1.947466
1.993750
1.947193
1.952641
2.009990
2.076217
1.976052
1.987663
1.969134
1.990697
1.958326
1.949571
2.018575
1.974719
1.947924
1.943472
2.001208
1.944374
2.009549
1.945403
2.008599
2.028251
1.949995
1.941135
2.014669
1.954007
2.007636
1.967800
1.961060
1.992569
2.075181
1.939221
1.954878
2.009699
2.074703
1.919282
2.022347
1.991408
2.022418
1.933064
1.958902
1.988944
1.937414
1.988387
1.943122
2.024806
2.137343
2.052019
1.965619
1.974326
2.047605
1.998886
1.943411
1.977091
2.029661
2.037417
1.945142
1.935671
1.981281
1.949065
2.145428
1.952535
1.983917
1.986049
1.965369
1.940854
1.992991
1.943355
2.012430
1.939238
2.018808
2.013267
1.950858
1.939232
1.958521
1.986625
1.987053
1.948326
1.964046
2.052648
1.981474
1.945622
1.949324
2.031964
1.949746
1.996798
1.942634
2.057317
1.991531
1.932452
1.940314
1.957327
2.033617
1.995808
1.951026
2.029980
1.990753
1.995237
1.976749
1.940209
2.010503
2.122702
1.944729
1.955555
2.015330
2.000332
1.949874
1.945894
1.993045
1.970026
1.986216
1.939089
2.047514
2.000874
1.985330
1.942132
1.956830
1.990634
1.996746
1.972555
1.995420
2.038362
1.983017
1.948943
1.962975
1.986074
1.955744
1.986300
1.954824
1.997276
1.980164
1.964889
1.952323
2.020230
1.957719
2.014010
1.953239
2.000648
2.048772
1.939804
1.985819
1.944211
1.992920
2.097459
1.943012
1.948719
2.010709
2.008422
1.945894
1.953695
2.004691
1.958425
2.001971
1.939520
2.032990
1.982252
1.939354
1.942867
1.958040
1.985616
1.996956
1.957525
1.966891
2.000479
1.997595
1.944698
1.981546
2.014402
1.954902
2.007929
1.936974
2.025100
1.985166
1.964859
1.968620
2.034032
1.955098
2.003930
1.948334
2.124248
2.021838
1.998392
1.946833
1.941087
2.006645
2.000520
1.973398
1.967823
2.049451
1.988923
1.937061
1.955989
2.007317
1.944951
1.997263
1.955276
2.024204
1.987619
1.984789
1.937078
1.974631
2.016139
1.992769
1.940315
2.042226
2.099020
1.979394
1.953206
1.947689
1.983442
1.947411
2.010305
1.976439
2.014403
1.982410
1.942334
1.972194
2.021909
1.950578
2.010014
1.939791
2.004325
1.979750
2.077252
2.005139
1.924075
1.992581
2.000590
1.938428
1.998525
1.980483
2.004399
1.938420
1.975124
2.023713
1.949328
1.997957
1.945212
1.987186
1.989674
1.983749
1.944608
1.944872
2.025232
2.011663
1.981019
2.128286
2.103975
1.983497
1.944201
1.936335
1.999963
1.996992
1.935898
1.949797
1.998099
2.004892
1.933472
1.985239
1.973342
1.940406
2.013109
1.939794
1.960571
2.297607
1.936293
1.976593
1.948541
2.076575
2.023050
1.946553
2.014121
2.111228
2.025059
1.956388
1.942892
1.994934
2.002852
1.942312
1.933986
1.996520
2.019542
1.954961
1.954016
2.012694
1.948382
1.988893
1.946371
2.005335
1.985493
1.940305
1.955224
1.945522
1.997011
1.996988
1.977824
1.951101
2.153376
2.090677
1.945774
1.951525
1.987831
1.946760
2.000983
1.941305
2.007880
1.995849
1.957473
1.950697
2.001140
1.947272
1.993307
1.978167
2.032762
2.017948
1.980532
1.946371
1.946506
1.994067
2.000863
1.940932
1.937373
1.983797
2.000489
1.952245
1.954616
2.002479
1.941072
1.990825
1.940245
2.001179
1.989252
2.026413
1.946628
1.947782
1.988740
1.999881
1.943354
2.004891
1.955460
1.981976
1.947949
1.941402
1.998922
1.943939
2.036044
1.933322
2.010614
2.004102
1.954449
1.950836
1.937699
1.986693
2.021582
1.956044
2.033912
2.023082
1.997114
1.955645
1.944156
1.990004
2.172327
1.939784
1.940355
1.973775
2.018758
1.970058
1.955738
2.002811
1.961445
2.043231
1.929536
2.000259
1.993860
1.932299
1.945659
1.959839
1.978652
2.010177
1.937984
1.944730
2.020598
2.003660
1.947934
1.947475
2.006215
1.945779
2.018490
1.941707
2.008177
1.982341
1.942936
1.949412
1.982508
2.053692
1.995498
1.957732
2.075986
2.022138
2.040352
1.959657
1.952653
2.034119
2.052003
1.933030
2.027586
2.013605
2.002216
1.941815
1.963764
1.985005
1.936199
2.034457
1.960974
2.017821
1.974948
1.956289
1.936184
1.942622
1.986454
2.021421
1.950216
2.041213
2.037683
2.007373
1.965262
1.933714
1.992710
1.972372
2.044199
1.979514
2.043136
1.985230
1.934340
1.940462
1.995902
1.938424
2.049305
1.956144
2.141009
2.086215
1.961341
1.947563
1.937347
1.997311
2.040805
1.952850
2.012954
2.016454
2.027587
1.934169
1.943632
1.989847
1.942095
2.007328
1.952501
2.019424
2.006441
2.173457
1.976467
1.984857
1.978341
2.010460
1.927467
2.070187
1.999117
1.969468
1.952274
1.932487
2.012216
2.011353
1.965740
1.954927
2.054482
2.011764
1.955253
1.975454
1.976503
1.994742
2.086138
1.929283
2.005796
2.012443
1.969949
1.941436
2.014631
1.944561
1.986922
1.965170
2.060230
2.067321
1.966825
1.973091
1.961140
2.020893
2.002005
1.969059
1.947875
1.996353
2.066769
2.018151
1.949675
1.997280
1.960475
2.020785
1.927944
2.018870
2.029045
2.039248
1.994426
1.995139
1.921909
2.035658
1.927691
2.106634
2.015063
1.980950
1.939605
1.964979
1.989722
2.001984
1.932565
1.956044
2.019677
1.993821
2.075323
1.922048
1.998337
1.950656
2.008082
1.972284
2.029660
2.001592
1.977514
1.976339
1.954792
2.013620
2.030786
1.961977
1.954559
1.995457
1.990996
1.935462
1.948322
1.994228
1.946428
1.985050
1.941270
2.009279
1.983303
1.938663
1.942061
2.023918
1.939270
2.001409
1.948306
1.994272
2.031435
2.012028
1.948002
1.941540
1.992685
2.036188
1.935679
1.942829
2.063833
1.982039
1.943405
1.942399
2.027513
1.945112
2.001608
1.941622
2.006252
1.986103
1.937187
2.002725
1.929061
2.035967
2.037691
1.962339
1.968586
2.017041
2.112800
1.989794
1.965254
1.977721
1.931153
2.039041
1.964349
2.074640
2.016537
1.985298
1.932607
2.042318
1.943354
2.087322
1.981069
2.015452
2.007456
2.019207
1.957779
1.952465
2.016453
2.029889
1.949343
2.130471
2.166824
1.976091
1.933018
1.960913
1.977080
2.111131
1.938922
1.996198
2.021285
2.009189
1.940222
1.991589
1.989797
1.960171
2.003101
1.969218
2.010436
2.014464
1.928068
1.943563
1.982648
2.014334
2.028645
1.952596
2.024340
2.051856
2.058123
1.956923
1.942253
2.048791
2.197349
1.955643
1.988638
2.040014
1.984349
1.980874
1.929169
2.037014
1.956588
2.021865
1.994251
2.042432
2.040642
1.948390
1.928466
1.998947
2.031201
2.091125
1.929223
2.051567
2.076295
2.031110
1.930235
1.972318
1.986700
2.035054
1.956730
1.958121
2.029495
2.090012
1.941672
1.949460
1.989814
1.954022
1.987564
1.957765
2.034806
1.988118
1.941215
1.952792
1.952411
1.996247
1.991651
1.968521
1.975911
2.027546
1.968893
1.945632
1.945991
2.024961
1.954746
1.995075
1.941487
2.012418
1.996215
1.941119
1.965298
2.020494
1.939343
1.999923
1.943605
2.033139
1.999225
1.940524
1.963527
1.969441
1.996293
2.008422
1.941111
1.944979
1.989699
1.998639
1.945940
1.950012
1.989295
1.953912
2.000072
1.941632
2.006182
2.013140
2.027753
1.957231
1.948213
1.996233
1.996648
1.949782
1.953755
2.339373
2.127054
2.090396
2.018369
2.078519
2.063914
2.008331
2.086784
2.034243
2.124563
2.144146
2.014391
2.047089
2.055343
1.945632
1.999466
2.070174
1.975436
1.958615
1.950032
2.004271
1.934654
2.049450
1.935797
2.006254
2.029533
1.967361
1.945392
2.042141
1.947294
2.048362
1.949916
2.125474
2.138631
2.032062
1.953069
1.976640
1.990618
2.017572
1.935567
1.947176
2.034862
1.957977
1.953022
1.956531
1.989470
1.948252
1.983213
1.943515
2.006261
2.005134
1.934625
1.962571
1.969385
2.019366
2.000900
1.943364
1.941342
1.998126
1.978880
1.949365
1.948853
2.002544
1.943388
1.991024
1.934009
2.013876
1.974445
1.943668
1.948687
1.993001
1.942377
2.000400
1.944271
2.007726
1.993415
1.984549
1.963459
1.951970
1.986487
2.203498
2.109015
2.184841
2.178369
2.141704
2.105424
2.084328
2.149402
2.150582
2.076911
2.243777
2.143756
2.144465
2.113235
2.141473
2.098675
2.167781
2.127686
2.157293
2.142746
2.147043
2.093698
2.126925
2.100472
2.153255
2.110035
2.140238
2.162385
2.117394
2.094010
2.155615
2.090113
2.136614
2.121927
2.105592
2.138151
2.144392
2.087459
2.149365
2.153862
2.104175
2.173375
2.274463
2.086841
2.100056
2.090966
2.164906
2.141653
2.100964
2.156909
2.152913
2.092648
2.098904
2.150549
2.093280
2.173733
2.116533
2.164768
2.167852
2.088229
2.112428
2.150673
2.102645
2.152151
2.074129
2.157034
2.141805
2.111945
2.138100
2.204452
2.082271
2.141226
2.085342
2.134371
2.221995
2.114323
2.111473
2.155714
2.177264
3.043077
2.207837
2.129991
2.121696
2.096054
2.168272
2.203327
2.192506
2.169091
2.141132
2.170876
2.240634
2.155218
2.131659
2.225888
2.097702
2.214391
2.159647
2.119318
2.093860
2.116419
2.132000
2.214594
2.165634
2.222082
2.171554
2.106029
2.095721
2.146203
2.100946
2.157418
2.085054
2.196454
2.136974
2.105938
2.110611
2.189262
2.089715
2.203311
2.162693
2.204075
2.144738
2.101781
2.076210
2.149506
2.195756
2.088604
2.212949
2.445945
2.151388
2.116106
2.170081
2.070043
2.193535
2.103806
2.308573
2.146789
2.100355
2.094348
2.129297
2.078254
2.256150
2.100726
2.154011
2.143758
2.130455
2.140784
2.265292
2.177827
2.110065
2.137111
2.163940
2.220159
2.137412
2.103478
2.162754
2.161918
2.095994
2.213912
2.177597
2.128020
2.115026
2.151463
2.139669
2.125307
2.130015
2.223048
2.138993
2.118946
2.128708
2.155553
2.077501
2.169886
2.109229
2.194877
2.265373
2.085705
2.098968
2.143286
2.201951
2.137189
2.263136
2.272249
2.154164
2.066715
2.117803
2.154537
2.201548
2.078320
2.223391
2.185717
2.114374
2.123398
2.132401
2.117085
2.220928
2.152181
2.207996
2.161376
2.084824
2.097975
2.157271
2.105980
2.144495
2.083035
2.105703
2.205709
2.198534
2.159454
2.170280
2.147162
2.102055
2.219035
2.207476
2.086427
2.098791
2.076181
2.145605
2.197284
2.152951
2.235340
2.175630
2.115948
2.091545
2.238396
2.077635
2.186013
2.180654
2.190373
2.157495
2.101166
2.177650
2.126854
2.110323
2.170978
2.145249
2.224213
2.249384
2.097721
2.097127
2.129944
2.157859
2.108001
2.229294
2.280326
2.103234
2.076236
2.084780
2.123437
2.174414
2.098974
2.309157
2.397977
2.113443
2.096540
2.209002
2.119989
2.200980
2.169261
2.107810
2.179094
2.165653
2.088775
2.156750
2.148104
2.180297
2.148013
2.201413
2.111835
2.131582
2.118427
2.130276
2.191244
2.129752
2.334400
2.168692
2.112951
2.074141
2.128977
2.099787
2.228248
2.126736
2.185169
2.188744
2.094632
2.139894
2.155705
2.134776
2.136098
2.125106
2.136984
2.287682
2.115157
2.109933
2.143157
2.144897
2.080286
2.102183
2.150540
2.202467
2.231227
2.116018
2.152291
2.144297
2.113919
2.151587
2.156398
2.118258
2.087409
2.148690
2.113910
2.159737
2.136252
2.144999
2.250455
2.099904
2.086416
2.173222
2.094454
2.167179
2.186541
2.128793
2.260176
2.109450
2.136953
2.131084
2.223368
2.121297
2.262999
2.147446
1.922895
1.962335
1.962797
2.080999
1.968690
1.926322
1.973320
2.001859
1.988461
1.934154
1.946639
1.995285
1.961298
1.983729
1.929046
2.038555
2.021144
1.935755
1.945436
1.945716
1.997762
1.998077
1.961495
1.950039
2.193514
2.003165
1.935191
1.958709
2.024849
1.948381
2.029836
1.936060
2.004139
2.018361
1.921523
1.923894
1.997969
1.956731
1.997585
1.940167
1.979410
2.021987
2.194451
1.944370
1.939708
1.997271
2.014292
1.939122
1.942326
1.997231
2.001848
1.940741
1.981235
1.996763
1.950411
1.996271
1.965629
2.002556
2.000351
1.967129
1.952138
1.943493
2.003901
2.006333
1.945277
1.940883
2.003972
2.108684
1.966508
1.920704
1.992374
1.955840
1.992926
1.947002
2.001835
2.041403
1.951342
1.944502
1.993888
1.947620
2.013305
1.940487
1.957715
1.978518
1.985628
1.953517
1.958166
1.996031
2.060208
1.947666
1.990413
2.178165
1.996934
1.945119
1.942101
1.987971
1.958606
1.998237
1.945217
1.973306
1.992420
1.998282
1.940664
1.953112
1.994148
2.016710
1.946411
2.028842
1.982863
2.090345
1.970203
1.938383
2.003437
1.950319
2.009088
1.943302
1.990720
1.998398
1.935984
1.967754
2.010799
1.949352
1.991970
1.946340
2.006732
2.049300
1.920597
1.961326
1.945408
1.986488
1.991582
1.956583
1.939808
2.023952
2.001971
1.966435
1.955600
1.995032
1.980035
2.005626
1.940976
2.009417
1.987444
1.963825
1.941895
1.967447
1.990704
2.001049
1.965843
1.973215
2.006232
2.040472
1.956656
1.965635
2.022292
1.951114
1.997663
1.956846
2.008447
2.013665
1.942354
1.944280
1.993400
1.943505
1.994879
1.939635
2.014220
1.989883
1.977228
1.944880
1.953889
1.978313
2.041551
1.988976
1.942224
1.970364
1.990635
1.950254
1.950724
2.001837
1.948084
2.012409
1.940031
2.018838
1.989018
1.943785
1.946400
1.990769
1.997024
1.995116
1.936902
1.953116
2.010211
1.988947
1.958658
1.940400
2.017346
1.978536
2.021540
1.937748
2.007237
2.014122
1.935072
1.960759
2.035868
1.979489
1.992813
1.953656
1.954890
2.202067
2.080687
1.983308
1.938410
1.994939
1.997779
1.964006
1.938922
2.010423
2.001954
1.974155
1.965789
2.041086
1.957798
2.003953
1.950360
1.978668
2.010875
2.050073
1.933365
1.942921
2.021708
1.980368
1.921424
1.944533
1.967764
2.081202
1.947653
1.971999
2.001933
1.968611
2.007183
1.956147
2.003759
2.009772
1.930280
1.970429
1.987485
1.954800
1.988788
1.952527
1.958978
1.994911
2.087795
1.944551
1.950199
2.017411
1.994856
1.949604
2.026341
2.195205
1.949281
1.974358
1.944948
2.018658
1.936779
1.997143
1.945562
1.996264
2.001261
2.001095
1.952609
1.997391
1.949560
1.993381
1.943196
2.010439
2.178288
1.989901
1.945453
1.948617
2.004034
1.991894
1.956863
1.958010
2.148798
2.006406
1.950798
2.138010
3.722863
2.215247
2.141227
2.170235
2.315125
2.100250
2.159466
2.242916
2.333784
2.187756
2.253204
2.193428
2.095355
2.004631
1.978190
2.039008
2.032168
1.963104
2.076979
2.012743
1.978170
1.939396
1.931982
2.010215
1.935842
2.035342
1.959599
2.003370
2.008934
1.977028
1.970770
2.076856
1.938074
2.026886
1.918453
2.067088
2.007138
1.991540
1.972511
1.951459
1.994098
2.019368
1.967744
2.023809
2.036256
1.975184
1.923819
1.970468
1.995448
1.979659
2.014016
2.017252
2.052113
2.037607
1.949150
2.019912
2.002707
1.962726
2.063505
1.952676
2.041033
2.002919
1.928089
1.981459
1.961510
2.011641
2.035101
1.963842
1.983520
2.012015
2.046508
1.968004
1.948191
2.001093
1.949698
1.993957
1.943119
2.032955
1.996489
1.930240
1.945896
2.003655
1.938431
1.998138
1.941255
2.012474
1.996710
2.443409
1.980494
1.954413
1.996614
2.026685
1.963771
1.999630
2.133305
2.018716
1.941485
1.965474
1.985352
1.956324
2.151769
1.946422
2.018428
2.003303
1.928099
1.944500
1.990401
1.947635
1.990657
1.960878
1.984537
2.029587
1.966089
1.954784
1.938793
1.993346
1.993621
1.970786
2.058131
2.142952
1.943878
1.932410
1.954209
1.991018
1.941042
2.006377
1.947429
1.997086
1.988683
1.950729
1.947358
2.008624
1.941226
1.996265
1.952368
2.044937
1.978225
1.979885
1.962494
1.968405
2.007014
2.098057
1.942144
1.947906
2.013933
1.985544
1.960641
1.929226
1.991686
1.943690
2.000951
1.953804
2.007881
1.993158
1.937862
1.945769
1.944233
2.005181
2.007141
1.940268
1.946335
1.990019
1.967139
1.932299
1.956045
1.995931
1.948355
1.991269
1.973095
1.995723
2.012914
1.939362
1.949496
1.946153
1.980566
1.995590
1.943301
1.952979
2.007039
1.993994
1.956822
1.954565
1.990418
1.938024
2.065643
1.994596
2.027552
1.992448
1.966182
1.928069
2.073903
1.930039
2.048005
1.942815
2.063943
1.984043
2.064379
2.005725
1.952979
2.033867
2.027559
1.940006
2.015156
1.988580
1.990702
1.942918
1.945777
2.027360
1.952638
2.020825
1.948347
2.030196
1.998980
1.939171
1.929229
1.999731
1.948230
2.001379
1.972786
1.964731
1.984422
2.084192
1.949239
1.983165
1.989410
2.101370
1.959644
1.938648
1.989608
2.027337
1.940561
1.965993
2.026893
1.933511
2.004047
1.948266
1.970061
2.075170
2.212184
1.935804
2.014151
1.953013
1.990507
1.950068
2.020770
1.988408
2.099333
1.924196
1.945245
2.001356
2.097079
1.957974
1.937847
2.024717
2.007851
1.979351
1.973131
1.991658
1.960542
1.996057
1.940558
2.000885
2.004007
1.943534
1.947497
1.950619
1.989899
1.990002
1.936693
2.055273
1.950969
2.119789
1.944579
1.954235
2.008729
1.948550
1.997455
1.947405
1.994798
2.001666
2.093705
1.955670
1.980229
1.953802
1.998388
1.951427
2.014979
1.981535
1.980980
1.958533
1.950915
1.990555
1.989525
1.949683
1.950603
1.965111
1.998083
1.974599
1.964956
1.994543
1.966703
1.990913
1.947990
2.024012
1.991327
1.935317
1.944945
1.957089
1.989332
1.994963
1.952748
2.014503
2.105502
1.981428
1.981006
1.984247
1.993906
1.948566
2.035944
1.943528
2.023556
2.006233
2.004609
1.956593
2.023885
1.952378
2.056853
1.953233
2.084638
2.002911
1.950920
1.974494
1.952421
1.994413
2.023259
1.950324
1.991956
2.016582
2.108093
1.930125
1.977318
1.983007
1.956499
2.004079
1.926139
2.077960
2.048430
1.932315
1.990594
1.987768
1.961075
2.002273
1.974439
2.015372
2.143736
1.968914
1.975491
1.969598
2.027751
1.989058
1.990523
2.017297
2.080402
2.034095
1.932396
1.966053
2.064575
1.941660
2.060500
1.942393
2.055523
2.072618
1.936465
1.920299
1.998769
1.943585
2.017771
1.944426
2.003274
1.999349
2.014259
1.956817
1.989415
2.041319
1.999391
1.941455
2.034084
2.143700
1.970885
2.004074
1.945499
2.006289
1.969459
1.999011
1.963163
2.033740
2.026284
1.940518
2.021807
2.104457
1.945811
2.007367
1.975268
2.048388
2.028573
1.936422
1.962818
1.961774
2.012438
2.008281
1.986553
2.005429
2.062189
2.025821
1.964800
1.932981
2.052233
1.960056
2.037936
1.931488
2.067586
2.000190
1.946991
1.933291
1.988936
1.933074
2.010542
1.953752
2.074037
1.988485
1.963952
1.940566
1.938152
1.971545
2.023658
1.952025
1.971367
1.994593
2.041885
1.943373
1.976997
2.002367
2.014375
2.027691
1.961570
2.085011
1.988491
1.938293
1.929868
1.927458
2.034422
1.986856
1.959116
1.982381
2.017646
1.995884
1.932693
1.971281
1.973121
1.946957
2.182692
1.977436
2.058292
2.021543
1.935588
1.933998
2.043150
1.973571
1.996913
1.973279
2.004568
1.995834
1.947759
1.953000
1.943785
2.002984
1.995577
1.938245
2.059042
2.077910
2.215126
1.937648
1.954590
1.981743
2.057475
1.929382
1.946144
2.029933
2.028617
1.941908
1.938896
1.987013
1.925814
2.017625
1.935112
2.080993
2.157892
2.044269
1.974130
1.950670
2.062649
2.004261
1.999041
2.166701
1.989671
1.932301
1.990474
1.957534
2.041863
1.992043
1.964711
1.984049
2.041655
1.991691
1.970468
1.931952
2.041510
1.947271
2.060505
1.945216
2.018443
2.129953
2.005834
1.936156
2.006016
1.934202
2.005675
1.958747
2.093339
1.998923
2.042180
1.947164
2.011035
1.997680
1.996639
1.977112
1.972652
1.998658
1.990183
1.985544
1.983477
2.027595
1.995913
1.999724
1.969287
1.982836
2.043574
1.973387
1.990070
2.010779
1.959463
2.030676
1.970950
1.981868
2.184727
1.987201
2.003116
1.990221
2.044163
2.005017
1.964895
1.995921
2.032846
2.156365
1.995530
1.955849
1.996122
2.479234
1.965728
1.982605
2.017391
2.055828
1.969992
1.937905
2.003214
1.948332
2.013236
1.951586
2.027994
2.007002
1.922414
1.936521
2.050516
1.967708
2.024644
1.953265
2.028041
2.326969
1.990001
1.959389
1.940914
1.987276
2.004729
1.974319
1.951232
2.033491
2.081893
1.947488
1.937654
2.000735
1.964331
1.987383
1.941130
2.003896
1.994826
1.926987
1.951787
2.048205
1.953341
1.991154
1.951443
1.962277
2.001730
2.099277
1.962725
1.999199
1.992760
2.010039
1.938013
1.946830
1.981569
1.976513
1.978136
1.950600
2.002672
1.945722
1.990919
1.950138
2.022701
2.017341
2.046622
1.949405
1.945428
1.998565
2.013190
1.924039
1.953217
2.002875
2.126844
1.942956
1.942422
2.002311
1.947184
1.993998
1.947427
1.983140
1.989994
2.122834
1.978754
1.993322
1.963595
1.995973
1.949372
1.964172
2.002079
1.986765
1.944066
1.963887
1.993702
2.007038
1.943395
1.954034
1.983107
2.001953
1.950931
1.945406
2.005910
1.949748
2.010281
1.995136
2.000983
2.007504
2.016043
2.065191
2.162323
2.041627
2.092821
2.006893
2.112313
2.098616
2.078044
1.983099
1.985967
2.087424
2.210658
2.100465
2.030926
2.028260
1.976892
1.968386
2.028422
1.989433
2.009815
1.969557
1.990241
1.950793
1.987284
2.011047
1.953927
1.996812
1.961713
2.003930
1.950902
1.997277
1.990065
1.941453
1.981144
1.983726
1.944426
1.990998
1.944643
1.957124
2.000904
1.995964
1.932021
1.969435
2.018420
2.120951
1.960797
1.991998
1.997040
2.098518
1.937932
1.949483
2.000390
1.936149
1.999821
1.947713
2.025715
2.001406
2.010460
1.927817
1.939060
2.003522
2.003872
1.941831
2.138568
1.983225
2.014250
1.949320
1.919966
2.001069
1.945123
1.988971
1.946728
1.987718
1.981373
1.977041
1.929672
1.981640
1.936846
1.987816
1.933226
2.025881
2.112361
1.979767
1.941497
1.930923
1.999203
2.008195
1.939240
1.939512
1.978516
1.984655
1.935658
1.967045
2.010243
1.961970
1.983515
1.931189
2.003107
1.978427
1.986367
1.920111
1.953772
1.979496
1.988689
1.933159
2.091950
1.978751
1.971313
1.935439
1.967443
1.967865
1.921735
2.023012
1.951364
2.005476
2.012587
1.926330
1.927545
1.950459
1.969401
1.993070
1.930066
2.058545
1.984935
1.977768
1.944018
1.949376
1.991915
1.937155
1.990916
1.932226
2.016796
2.012778
1.963028
1.954252
2.023012
1.941551
1.991549
1.946645
1.951759
1.980366
2.100695
1.949224
1.963907
1.995843
1.982593
1.940544
1.949511
1.980160
1.997035
1.973215
1.945902
1.984060
1.949503
1.985696
1.952128
1.955269
1.990246
1.964879
1.941442
1.952728
2.008124
2.005362
1.941597
1.969133
1.944294
1.998172
1.982050
1.943287
2.002273
1.952429
2.010498
1.945742
2.021532
2.006741
1.921922
1.959154
1.937280
2.000087
1.998662
1.946374
1.958857
2.002034
1.974620
1.960084
1.947046
2.000503
1.972584
1.996450
1.946799
2.020899
1.971562
1.945713
1.941346
2.010610
1.953923
1.993122
1.954501
2.143402
2.091347
1.984921
1.966329
1.947477
2.019105
1.996093
1.957601
1.959085
2.008099
2.001696
1.928716
1.949543
2.002889
1.954870
2.007238
1.943923
2.014384
1.979136
1.990796
1.951189
1.948502
1.991806
2.000941
1.954429
1.960927
1.997885
2.073380
1.969691
1.955276
1.998735
1.960131
2.010826
1.958296
1.992406
2.016214
1.969808
1.954211
1.997102
1.959419
1.991088
1.944261
2.010124
1.986351
1.978518
1.939828
1.962874
2.013864
1.991668
1.939278
1.945929
1.988849
2.000087
1.951682
1.942496
1.996046
1.943507
2.006351
1.955060
2.001080
1.999982
1.981293
1.964314
1.940230
2.030080
1.980271
1.945797
1.952370
2.011637
2.017318
1.945602
1.952605
2.000789
1.944500
1.998116
1.940417
1.996394
1.979140
1.942835
1.962703
2.021553
1.978268
2.065205
1.926048
1.954969
2.017415
1.982016
1.926277
1.934240
2.008528
2.158152
2.002943
1.947483
2.004299
2.009747
1.971176
1.969674
2.004320
1.946262
2.003226
1.944103
2.024157
1.985438
1.957296
1.935224
1.943027
1.998871
1.989099
1.955018
1.963768
2.001908
2.008221
1.939605
1.940239
2.008345
1.953739
1.989777
1.969200
2.043235
1.996164
1.926088
1.949184
2.002478
1.949391
2.003285
1.964650
2.026925
1.983207
1.948234
1.980031
1.945396
1.998028
2.110856
1.947104
2.121106
2.047969
2.000567
1.939105
1.951700
1.996056
1.958018
2.002427
1.961029
1.983571
1.996305
1.983569
1.977448
2.081192
1.926828
1.985124
1.955634
1.963824
2.010885
2.075295
1.945532
1.944011
1.993705
2.132104
1.968212
1.951798
2.015671
2.001661
1.948535
1.946414
1.997361
1.966900
2.017556
1.950082
2.008493
2.000646
1.937347
1.974710
1.944783
1.991359
2.005148
1.945152
1.948922
2.031919
1.960444
1.960785
1.938509
2.015410
1.961240
1.999983
1.956759
2.020215
2.030948
1.927293
1.945182
2.007170
1.949993
1.987892
1.938362
2.020150
2.120664
1.963880
1.969790
1.916788
2.022871
2.032257
1.951537
1.950570
2.021233
2.008150
1.938625
1.955135
2.001097
1.956721
1.992627
1.952151
1.973614
1.977035
2.105764
1.939253
1.941880
2.000937
1.990643
1.957343
1.955139
1.985212
2.074123
1.942692
1.944525
1.987488
1.953951
1.995127
1.964111
2.006427
1.991623
1.938478
1.952383
1.985841
1.954290
1.995766
1.942221
2.016540
2.002399
1.989722
1.959381
1.941272
2.025060
2.086874
1.946610
1.955920
1.990339
1.986311
1.945185
1.957210
1.998599
1.942503
2.010301
1.954531
2.022861
1.990297
1.988681
1.963742
1.976968
2.009103
1.997144
1.951219
2.012585
1.943387
2.028993
1.928107
1.946256
2.004590
1.952707
1.992934
1.948809
1.987929
1.991348
1.949744
1.944055
2.054871
1.948725
2.005789
1.945699
2.036975
2.140409
2.025292
1.953820
1.965651
1.995407
1.998005
1.943663
2.016607
2.031909
1.975389
1.953756
1.966631
2.022683
1.938504
1.997278
1.944524
2.006644
1.990510
1.945304
1.940672
1.938452
2.011102
1.990140
1.967791
2.073086
2.134068
1.950785
1.963800
1.951060
1.991798
1.956760
1.999292
1.932813
1.997855
1.989784
1.927801
1.945055
2.008960
1.957784
1.992370
1.942761
1.998954
1.980686
1.936581
1.945056
2.258569
2.231479
2.027761
1.997806
2.021918
2.042839
2.037094
2.019769
1.930936
1.996122
2.066242
1.954613
1.961386
2.000829
2.006967
1.935120
1.944257
2.009492
1.951898
1.994350
1.938053
2.013580
2.023527
1.940618
1.946170
1.951041
1.994557
2.003340
1.962626
1.938794
2.034521
2.044132
1.962946
1.941495
2.008263
1.957445
1.998527
1.961447
1.997815
2.002766
1.952640
1.968057
1.993585
1.950564
1.977437
1.948219
2.044217
1.996266
1.949398
1.966445
2.010803
1.994662
2.096003
1.945435
2.128709
2.114779
1.978442
1.957796
1.948189
1.997273
1.931841
1.985887
1.927872
1.995314
1.984178
1.979649
1.947854
1.963692
1.993697
1.987800
1.951479
2.033117
2.026987
2.072247
1.946895
1.948280
2.004061
2.164152
1.937870
2.111697
2.055585
2.032871
1.936054
1.960424
1.996974
1.948757
1.999305
1.949763
1.997806
1.994962
1.941822
1.959236
1.983658
2.066502
1.984647
1.942699
2.022409
2.000968
1.927953
1.978530
1.954458
1.989096
1.950121
1.995329
1.958662
1.980671
1.983551
1.974616
1.973667
2.016811
1.954654
2.013640
1.951473
2.010581
2.010474
1.944640
1.953653
1.965071
1.988856
1.995884
1.944940
1.956099
1.980542
1.973912
2.063509
1.945171
1.992661
1.941179
1.995662
1.943430
2.030483
1.992894
1.960558
1.974315
1.930325
1.995731
2.011325
1.942940
1.987623
1.993962
1.992570
1.948905
1.965321
1.993954
1.950589
1.994047
1.942381
2.006926
1.979909
1.960007
1.939112
1.987976
1.945760
2.000099
1.947439
2.000186
2.014945
1.931502
1.946839
1.946787
2.002131
2.117113
1.980570
1.939743
2.030849
2.112448
1.943589
1.946616
2.009355
1.950634
2.002270
1.945807
2.015531
1.998775
1.957945
1.940827
1.949005
2.000266
2.002814
1.955806
1.995019
1.973450
1.997838
1.934234
1.954515
1.986308
1.957316
2.002247
1.947894
1.971356
1.999445
1.987909
1.945483
2.012095
1.944440
2.000958
1.941441
1.963195
1.997710
2.065763
1.958995
1.944018
2.000096
2.031779
1.980935
1.942504
2.036255
2.002117
1.968753
1.940000
1.997623
1.972396
2.024536
1.955918
2.000113
1.997677
2.073476
1.940495
1.949494
1.993613
1.993031
1.955786
2.018178
1.977117
2.081239
1.947073
1.948471
1.997952
1.958318
1.999239
2.071481
2.056288
2.153486
1.925836
1.948001
1.983607
1.948228
2.007802
1.949644
2.005436
2.026830
2.104276
1.966826
1.971454
2.010256
1.981085
1.956247
1.987751
1.955312
2.008462
1.947833
1.938415
2.017274
1.951467
2.007533
1.935124
2.014391
1.991685
1.982729
1.936311
2.019571
1.933014
1.995701
1.944255
2.021564
1.991832
1.957872
1.966872
1.984484
1.976774
1.991816
1.927088
1.917890
1.982943
1.984515
1.940691
1.972973
1.989146
1.943501
2.020714
1.921986
2.017578
1.979079
1.933614
1.954998
1.943575
2.009671
1.996159
1.955317
1.955698
2.003585
1.982829
1.938209
1.962183
1.990542
1.945673
1.990853
1.952158
2.004375
2.002202
1.934861
1.990207
1.946283
1.989983
2.010203
1.946813
2.001835
2.005380
2.012810
1.952760
1.949015
2.032388
1.938863
1.991966
1.964670
1.999890
1.986226
1.942291
1.947653
2.013704
1.966845
1.999006
1.959660
2.037450
1.993449
1.993876
1.980458
1.982770
1.989465
1.984337
1.956837
2.023000
1.929530
1.998702
1.947373
1.958516
1.989583
1.956910
1.990815
1.965809
2.012582
2.005928
1.930061
1.946136
1.956615
1.986091
1.976109
1.939094
2.033374
1.994597
1.993150
1.998212
1.971043
2.009376
1.942205
2.003564
1.944319
2.008381
1.996622
1.965178
1.941360
2.012760
1.971968
2.021582
1.934909
1.965252
1.969232
1.996173
2.041485
1.941563
2.015908
1.991632
1.952708
2.017352
2.054476
2.114813
1.959899
1.933351
1.982389
1.945232
1.996560
1.924548
2.014324
2.009698
1.942912
1.955964
1.947706
2.008535
2.000823
1.942514
2.024506
2.031686
2.021476
1.947066
1.943494
2.011573
1.947874
1.988013
1.938082
2.001671
1.993169
1.933557
1.995670
2.011498
1.961004
1.994207
1.979291
1.993162
1.975078
1.996570
1.960307
1.947238
1.979295
1.989482
1.950010
2.002638
2.156078
1.969976
1.961740
1.951869
1.998084
1.943570
1.993770
1.948788
1.989639
1.980482
1.985548
1.939204
1.957954
1.992038
2.012340
1.930141
2.095155
2.151280
2.027488
1.952113
1.953636
1.991907
1.999007
1.948006
1.941992
1.995141
2.009767
1.941214
1.952398
1.997211
1.956584
2.003277
1.943168
2.009222
1.981671
1.956585
1.957864
1.955848
1.997235
1.989736
1.954334
1.986980
1.994162
2.079264
1.960230
1.945400
1.996731
1.946470
1.992191
1.958707
2.010047
1.993444
1.947156
1.965197
2.015078
1.948534
2.000086
1.960687
2.008991
1.990385
1.972331
1.980129
1.948081
2.026556
2.091771
2.133409
1.942953
1.963160
1.970785
1.940166
1.952085
2.001148
1.946241
2.001028
1.939550
2.008637
1.996678
1.947446
1.943486
1.966124
1.990869
2.007500
1.936612
2.014177
2.009751
2.000025
1.981054
1.949383
1.993704
1.973201
2.011363
1.948520
1.992978
2.001924
1.937447
1.958035
1.991862
1.945745
2.000739
1.936328
2.009059
1.990560
1.954905
1.973292
1.950186
1.996012
2.056256
1.971998
1.928427
1.995070
1.987742
1.975023
1.993179
2.026715
2.059220
2.115046
1.959422
2.026269
2.039232
2.020386
2.019066
1.977622
1.944338
1.991084
1.938955
2.030436
1.993941
1.986460
2.055511
1.952093
2.002203
2.005294
1.949291
1.963048
2.040771
1.996402
1.958266
1.992198
1.997579
1.966147
2.023749
1.946133
2.041839
2.039688
2.276894
2.051430
1.980948
1.953160
2.011004
1.966908
2.039460
2.008545
1.952759
2.042198
1.933673
1.989168
2.010041
1.942505
2.003080
2.001066
1.996455
2.035585
1.939449
1.996412
1.936731
2.003059
1.967386
2.024506
2.034851
2.034144
2.216308
1.991569
1.946013
1.999354
1.951581
2.028045
2.301991
1.954091
2.041577
1.995822
1.938405
2.000856
1.943312
2.017880
1.989333
1.974637
2.067053
1.965828
2.030147
2.006483
1.945632
1.971687
2.040302
2.180495
2.023578
2.046647
1.986933
1.942513
2.013214
1.985582
1.998052
1.996499
2.018456
2.218815
1.999904
1.939985
2.020505
1.968240
2.050276
1.984272
2.228367
2.016996
2.047106
1.932005
1.991413
1.946208
1.999559
1.998196
2.007659
2.053617
1.930088
2.019618
2.052970
1.943214
1.959877
2.076042
2.031741
2.017869
2.195517
1.996603
1.938325
1.995149
1.956962
2.076111
2.005825
1.979080
1.950303
1.988774
1.985425
2.012946
1.952968
2.005578
1.992694
1.949511
1.951881
1.944503
2.001147
2.024984
1.968700
1.975559
2.010845
2.003077
1.938268
1.947733
1.996511
1.966036
1.997947
1.958050
2.008271
1.999484
1.947597
1.966141
1.936516
1.999346
1.991882
1.927947
1.937520
1.998686
1.951892
1.952098
1.927106
1.992178
1.953315
2.011634
1.937998
2.002688
1.988338
1.940638
1.970911
1.949867
2.031788
1.998060
1.947686
1.971390
2.004153
1.992910
1.939089
1.975528
2.002133
1.953488
1.991914
1.955961
1.999339
2.011791
1.947180
1.945658
2.007308
1.948660
1.991029
1.947750
2.007377
1.979039
2.039698
1.952458
1.960585
1.993119
2.012032
1.945432
1.943490
1.950827
1.984438
1.993678
1.955005
1.995731
1.940749
1.990820
1.937988
2.003404
2.001742
1.934689
1.957056
1.945200
1.991786
1.989630
1.954553
1.946153
2.049460
1.938268
1.978581
1.947419
2.015186
1.926310
2.014359
1.944352
1.993733
1.977859
1.937515
1.968807
1.975052
2.017282
2.003282
1.947488
1.977461
1.976221
1.996148
1.968978
1.977055
1.991218
1.946003
2.000030
1.949117
1.996150
1.988526
1.965348
1.984977
1.996643
1.952185
1.991835
1.937161
2.006540
2.051800
2.006343
1.939591
1.935560
1.984685
1.971770
1.931183
1.945794
1.993642
1.991701
1.980230
1.936124
2.000887
1.947348
2.003996
1.944300
2.002811
1.982874
1.943950
1.947655
1.977011
2.010580
1.977237
1.940561
2.090295
1.980645
1.982076
1.958739
1.951500
2.005434
1.951253
1.992838
1.946149
1.988195
1.987148
1.948371
1.942266
1.997748
1.947337
1.994477
1.956529
2.057846
2.025546
2.023266
1.947027
1.947772
1.981675
2.054173
1.959483
1.941684
1.995877
1.997475
1.960874
1.949542
1.994861
1.963001
1.979019
1.927334
2.053879
2.002532
1.952522
1.962270
1.955448
1.999544
2.026512
1.946254
1.973269
2.003858
1.985135
1.954282
1.978026
2.010292
1.950173
1.994101
1.946214
1.999317
1.999121
1.968162
1.947229
2.002160
1.977897
2.021609
1.934771
1.952892
1.980354
1.974558
1.949416
1.941141
1.999713
1.971835
2.179763
2.115532
2.057688
2.006680
1.942421
1.956748
2.006070
1.951755
2.002071
1.938613
1.995546
1.995002
1.993506
1.956583
2.000767
2.028459
1.991940
1.950237
2.027096
2.017918
1.971758
1.951041
1.953422
1.985869
2.155458
1.943426
1.941389
2.029389
1.972235
1.954805
1.964363
2.002148
1.950195
1.988011
1.935257
2.007944
2.075125
1.942462
1.960157
1.944581
2.006081
1.998207
1.957683
2.016628
2.014330
1.986629
1.952488
1.945128
2.032464
1.936033
1.978530
1.944051
2.025580
2.028284
1.936686
1.941457
2.006461
1.944933
1.990472
1.946461
2.022683
1.997484
1.932982
1.943809
1.942365
1.989805
2.169940
1.934124
1.993372
1.992295
1.986790
1.941013
1.950383
1.998923
1.952634
2.002291
1.935317
2.016029
1.996200
1.927080
1.950475
1.948710
1.983477
1.991161
1.940134
2.001012
2.023852
1.983587
1.930409
1.951608
1.998963
1.948470
2.012512
1.945249
2.022168
1.986303
1.945011
1.937168
1.962868
1.987264
1.987482
1.948684
2.052593
2.006535
1.979285
1.966856
1.969021
2.016416
1.971511
2.154837
2.048887
2.213137
2.094440
1.929206
1.957492
1.998821
1.975569
2.133513
1.977923
2.006478
2.005799
1.959752
1.964312
1.992945
1.941269
1.997116
1.945455
1.999326
1.993157
1.936517
1.945429
1.948014
2.008225
2.002428
1.984993
2.030006
2.263608
1.967813
1.963359
1.942627
2.011930
1.941683
1.999114
1.941442
1.982092
2.013877
1.945816
1.949726
2.054385
1.962962
1.999189
1.951929
2.013828
1.997106
2.020157
1.960183
1.947919
2.002560
2.085942
1.974369
2.065761
2.303365
1.975307
1.967976
1.940604
2.036948
1.941109
2.016039
1.991793
2.082617
1.996938
1.952602
1.947835
2.003982
1.955779
2.005188
1.956694
2.136796
2.244102
1.950148
1.952207
1.939405
2.015184
2.014343
1.949942
2.015035
2.099924
1.929588
1.978496
1.938403
2.019388
1.934694
2.038848
1.992679
1.983450
1.986760
1.934966
1.991549
1.987451
1.950100
2.004674
1.943487
2.018620
2.011682
1.957345
1.939929
1.944182
1.991803
2.035393
1.944543
2.010955
2.299021
1.988276
1.951604
1.953699
1.987941
1.945342
1.979544
1.936279
2.022953
2.016418
1.957442
1.992421
2.005112
1.948445
2.005278
1.924410
2.032827
2.115599
1.946287
1.997102
1.945607
2.003230
2.003051
1.949355
2.021817
2.004220
1.975077
1.956114
1.947794
2.005946
1.953074
2.004454
1.955721
2.016167
2.014097
1.946776
1.967325
1.979260
1.998326
1.996782
1.954875
2.004152
2.024897
2.198425
1.949951
1.947359
1.988046
2.073637
1.950499
1.935243
2.005996
1.992498
1.955246
1.950273
1.994895
2.000617
1.989653
1.947507
2.012838
2.019466
1.947895
2.032225
1.938080
1.987955
2.032846
1.956850
2.019585
2.099716
1.989607
1.947429
2.032291
1.979819
1.947264
2.153847
1.955826
2.049129
1.993001
1.949749
1.967163
1.999644
1.939301
2.016299
1.941446
2.026152
2.005822
1.944303
1.954375
1.923792
1.990465
2.006727
1.941324
2.023950
2.104552
1.988446
1.944364
1.958016
1.997194
1.961770
1.992889
1.943429
2.019891
1.989178
1.943736
1.943269
2.003436
1.942301
1.988012
1.939094
2.009357
2.285591
1.989710
1.949490
1.944775
1.998946
1.988761
1.943540
2.033037
2.041331
2.090917
1.989002
1.981775
1.995401
1.955678
1.999961
2.005063
2.083245
2.010455
1.961111
1.944109
2.021785
1.939488
2.011380
1.937232
2.065977
2.003093
1.981773
1.952283
1.948506
2.003222
1.993492
1.942323
2.112751
2.097456
1.992493
1.943389
2.020093
1.988714
1.940907
2.005018
1.994454
2.073531
1.997696
1.955696
1.949503
2.023948
1.941550
1.998093
1.934287
2.012420
2.020746
1.935789
1.965450
1.948579
2.001413
1.993691
1.958865
2.020712
2.318652
2.206783
1.937689
1.946822
1.975660
1.925282
2.012556
2.027925
2.085693
2.013542
1.944761
1.959798
1.993220
1.944865
1.994197
1.983258
2.042628
2.026311
1.932660
1.941289
1.949326
1.990155
2.033641
1.944723
2.020401
2.085024
2.027464
1.934852
1.937152
2.018868
1.949447
1.996032
1.951392
2.029180
1.997053
1.948426
1.973962
2.014893
1.955847
1.979342
1.962623
2.109826
2.012783
1.972274
1.943119
1.921791
1.985537
2.066685
1.960544
1.973229
2.012078
1.975633
1.963702
1.949787
2.009035
1.955484
1.991862
1.948326
2.014494
1.989901
1.941319
1.942332
1.970103
1.999339
1.997710
1.956649
2.029917
2.044882
2.024530
1.968004
1.976632
2.020715
1.950837
2.004088
1.951442
1.983303
1.998134
1.954794
1.949553
2.012607
2.171741
2.164886
2.191633
2.150004
2.132485
2.127377
2.090508
2.162930
2.111985
2.120727
1.928888
2.034931
2.224321
2.005612
2.029811
2.047156
1.996997
2.061074
2.024359
2.090699
2.038274
2.008910
2.004634
2.236060
2.187062
2.108663
1.951403
2.032422
2.025576
1.952409
1.937660
2.012861
1.939726
1.998200
1.938916
2.031516
2.019141
1.956368
1.955904
1.947005
1.990420
1.944058
2.160962
1.993466
2.005930
2.020082
1.927980
1.962833
1.996107
1.949483
1.990084
1.945442
2.028075
2.024366
1.941091
1.977683
1.953683
2.022660
1.989902
1.931504
1.941728
2.008594
2.069416
1.954655
1.935730
1.988880
1.952443
1.999269
1.949475
2.010721
1.976963
1.935963
1.945174
2.003512
1.940265
1.994160
1.948375
1.951667
2.174148
2.087402
1.938624
1.972190
2.013131
1.992488
1.978026
1.932932
2.004753
2.073332
1.946311
1.951677
1.991717
1.959830
1.994916
1.928363
2.003050
1.984599
1.950704
1.975275
1.926500
1.992976
2.042123
1.943471
2.027017
2.130081
2.019942
2.031303
1.921248
1.992104
2.084371
1.939429
1.991161
2.041472
1.991253
2.025246
1.952366
2.023549
1.933590
1.995977
1.940344
2.048032
1.991289
2.357856
1.984256
2.011234
1.985394
1.999660
1.944598
2.043158
2.013541
1.947358
2.005920
1.941165
1.990760
2.000638
1.934512
2.002257
1.979945
2.004381
2.014901
1.952175
1.989145
1.955925
1.981418
1.978250
2.041474
1.991626
1.957907
2.000316
2.014159
1.969548
2.011922
1.948459
2.012009
1.999008
2.198227
2.004595
1.941495
1.986319
2.222947
1.954214
2.008682
1.988056
1.982971
2.061287
1.963353
1.984136
1.962089
2.009806
1.950216
2.019715
1.990208
2.042275
2.048570
1.995549
1.928331
2.013897
1.935026
2.018639
1.983191
2.056950
1.983114
1.940736
2.011668
2.011967
1.944219
2.040045
2.021410
1.990034
1.992488
1.948487
2.024435
1.973897
2.018654
1.948903
2.010369
2.076048
2.018992
2.067884
1.988409
1.956133
2.007681
1.969316
2.022647
1.990416
1.964881
1.970481
1.933821
2.006695
1.996168
1.937808
2.041019
1.970571
2.012724
1.992449
1.927552
1.992751
1.947351
2.019945
1.935000
2.007616
1.992365
1.942392
1.986945
2.007903
1.928006
1.997043
1.941189
2.024465
1.985514
1.934406
1.950597
1.974346
1.968922
1.954305
1.984707
1.943327
1.987229
2.013203
1.925400
1.964214
1.983584
1.954263
1.992629
1.940425
1.983240
2.026534
1.970964
1.927402
1.938830
1.992097
2.036423
1.956465
1.979619
1.977110
2.009563
1.948523
1.964876
1.984210
1.972099
1.977716
1.923940
1.992703
2.010603
1.938720
1.966757
1.942034
1.991614
2.038737
1.935918
2.013114
1.981165
1.975770
2.040052
1.928857
1.988157
1.938337
1.985438
1.945174
2.002579
1.992807
1.958061
1.982404
1.993426
1.942124
1.990495
1.940438
2.016462
1.984067
1.998954
1.937748
1.953387
1.981753
1.951603
1.978533
1.939798
2.031379
1.964925
1.935378
1.928735
1.992929
1.943344
1.987895
1.946395
2.000199
2.025077
1.973044
1.961735
1.981265
1.994253
1.987981
1.924438
1.945485
2.162518
1.978185
1.980027
1.946210
1.986995
1.940871
1.997787
1.938470
2.012398
1.996523
1.943429
1.945618
1.941744
1.986539
2.003492
1.936395
2.009406
1.978478
2.079637
1.943829
1.946604
1.996996
1.953737
1.992800
1.947840
1.987356
2.089782
1.961919
1.967406
1.986965
1.954192
2.054277
1.932347
2.018889
2.004202
1.984835
1.949623
1.950631
1.986721
1.995889
1.944350
2.016414
1.989930
2.001883
1.948827
1.948273
1.997779
1.946689
1.982703
1.937289
2.004185
1.990573
1.979464
1.932526
1.940333
1.984208
2.000014
1.938260
2.091056
2.215585
2.055797
1.966875
1.942173
2.025999
2.066268
1.949428
1.995000
2.002312
1.978984
1.940526
1.948655
1.990868
1.938138
1.981025
1.950728
2.017832
2.000635
1.923982
1.936290
1.952010
1.985882
2.004542
1.940712
2.074182
1.985057
1.986481
1.942457
1.957647
1.993635
1.939589
1.998194
1.928013
1.981722
2.010941
1.937177
1.953779
1.939480
2.011474
1.990692
1.919102
1.938576
1.985871
1.979421
1.985110
1.946704
2.008409
1.946275
2.018646
1.938373
2.027903
1.976530
1.958204
1.975467
1.999014
1.921319
2.000174
1.954076
2.017345
2.010456
2.028640
1.963367
2.012646
2.002558
2.000883
1.939362
1.997113
1.992959
1.988338
1.934557
1.952246
2.023382
1.945280
1.999729
1.941454
1.991895
1.991059
1.928763
1.990731
1.939227
2.000110
1.994465
1.949853
1.986626
2.003683
1.985436
1.988110
1.951153
2.004081
1.941534
1.981379
1.933212
2.017919
1.977521
1.941258
1.936834
2.016765
1.960614
2.052141
1.933418
1.993484
1.981335
1.927413
1.919466
1.933749
1.989268
1.952658
1.991009
1.994453
2.012116
1.973935
1.938113
1.964463
1.997840
1.949823
1.987846
1.964278
2.054538
2.213168
1.919915
1.946724
1.937566
1.991736
1.996846
1.959813
2.039263
2.196728
1.975379
1.947406
1.943718
1.994260
1.927874
1.991284
1.945357
2.053810
1.996071
1.963580
1.945234
1.995290
1.945301
2.005361
1.934144
2.098550
2.093230
1.947759
1.944243
1.946604
1.985635
2.002198
1.945513
1.972505
2.135513
2.095086
1.943835
1.935108
1.978626
1.956030
2.005234
1.941070
2.056759
1.995056
1.924417
1.951146
2.039222
1.942356
1.991910
1.941442
1.950793
2.088586
1.929936
1.953900
1.955764
1.987904
1.939011
2.000562
1.992379
2.034024
1.982187
1.960056
1.958307
2.023319
1.957401
2.005194
1.938424
2.037242
2.013778
1.975977
1.929942
1.947042
2.025610
1.979430
1.917426
1.971552
2.017551
1.968641
1.946458
1.945483
1.985193
1.939307
1.992924
1.964795
1.991822
1.987861
1.938921
1.948009
1.947619
1.983916
2.001225
1.932389
1.960175
2.022726
2.073502
1.945268
1.977248
1.992954
1.946563
2.039134
1.926148
2.064768
1.981568
1.940452
1.946321
1.986064
1.948630
1.999302
1.953516
2.046609
2.427718
1.940408
1.969599
1.943728
2.017064
1.998064
1.948309
2.024576
2.327764
1.915492
1.943052
1.946914
1.981548
1.940446
2.150532
1.994117
2.007961
1.973949
1.943237
1.942470
1.987421
1.946593
1.988940
1.942683
2.025897
2.006832
1.972493
1.973296
1.979423
1.983840
1.984135
1.941198
2.028868
1.984729
1.979122
1.941428
1.938678
2.007415
1.936162
1.987984
1.948462
1.996791
1.989019
1.940459
1.994357
2.017798
1.920454
2.001551
1.933782
2.027145
1.984062
2.153591
1.929362
1.934942
1.997927
2.095050
1.937442
1.931273
2.037248
1.965926
1.921288
1.924995
1.994940
2.237314
1.964547
1.929828
2.069403
1.972157
1.932811
1.931253
1.974391
1.974165
1.989042
1.923994
2.021429
1.995316
1.974064
1.961462
1.939587
2.003725
1.940173
1.989094
1.947632
2.038549
2.002314
1.938091
1.958161
1.993573
1.943407
2.008512
1.938969
2.019852
2.187203
1.926943
1.941414
1.940608
1.993287
1.986845
1.947462
2.107955
2.118655
2.026149
1.952305
1.948747
2.003140
1.942505
2.001511
2.000946
2.108331
2.003536
1.933707
1.943348
2.008338
1.946271
1.985539
1.944508
2.064434
1.989428
1.939035
1.955247
1.952853
2.012093
2.078580
1.939089
2.009108
2.020906
1.998785
1.933356
1.992782
1.976457
1.939192
1.987892
1.931072
2.055954
1.992275
1.936377
1.961177
1.980673
1.977967
2.012815
1.942766
2.011520
2.441565
1.935972
1.964616
1.964935
1.981545
2.013614
1.946385
2.003403
2.095245
1.970641
1.935813
1.950289
1.988543
1.944680
2.013380
1.946294
2.043397
1.994736
1.920084
1.939447
1.943221
2.004288
1.989096
1.920011
2.009045
2.029851
2.181064
1.955333
1.939730
1.991950
1.947503
1.998224
1.972638
2.029696
1.989360
1.993192
1.915857
1.995977
1.944862
1.999026
1.941544
2.047799
2.031101
1.929286
1.939082
1.949349
1.986303
1.994000
1.936079
1.948767
1.986942
1.977082
1.938745
1.944519
1.997902
1.941668
1.993312
1.938641
2.019684
2.298430
1.929453
1.948532
1.951047
2.001328
1.983069
1.950775
2.053530
2.136362
2.205393
1.929306
1.959145
1.999477
1.974281
1.929899
1.928044
2.019059
1.959575
1.968984
1.905193
1.983998
1.928671
2.009315
1.919976
2.037952
2.266002
1.911143
1.936943
1.960159
2.010969
1.980787
1.933066
1.998157
2.042713
2.428721
1.934392
1.930163
1.976578
1.982873
1.919820
1.926593
1.977454
1.962265
1.915690
1.935443
1.977553
1.925291
1.963406
1.917299
1.951447
1.974192
1.946492
1.950253
1.949982
1.966156
2.099415
1.926187
1.939643
1.989902
2.050941
1.915048
1.939362
2.006106
1.920751
1.966565
1.901456
2.004691
1.984054
1.927534
1.910647
1.912049
2.008497
1.992376
1.930797
1.936639
1.971234
1.959017
1.934182
1.929709
2.032432
1.950732
2.015399
1.935710
1.952755
2.017172
1.958413
1.950686
1.960848
1.982568
2.003415
1.911794
2.021745
1.995062
2.084814
1.956928
1.926566
1.995306
1.913602
2.011729
1.944745
2.004684
2.009352
1.906936
1.954577
1.949051
2.011164
1.996212
1.930520
1.980619
2.017431
1.979562
1.910713
1.913785
1.999181
1.915146
2.013536
1.926921
2.045206
2.046410
1.940822
1.939210
2.012092
1.942218
2.064719
1.952352
2.051416
2.016533
1.919295
1.957105
1.921068
1.961119
1.920636
2.119680
1.955636
2.082126
1.966632
1.951268
1.992752
1.987508
1.951368
1.990872
1.955820
2.126487
2.029111
1.934268
1.934246
1.959249
2.000597
2.013229
1.932182
2.099452
2.063518
1.930156
1.939540
1.932579
1.979695
1.941844
1.977014
1.916743
1.983858
1.977383
1.925061
1.935416
1.979767
1.927393
1.961911
1.955049
1.958654
1.986206
1.976821
1.918970
1.937406
1.978798
1.937559
1.988982
1.942540
1.977819
2.002351
1.930359
1.947440
1.982884
1.921465
1.965720
1.917761
1.941860
1.962920
1.962509
1.920207
1.924748
1.994709
1.921365
2.022406
1.998445
1.970972
2.058786
1.952197
1.916273
1.971394
1.938385
1.994951
1.928303
2.106418
2.110444
2.042435
1.939838
1.927020
2.005403
1.996623
1.932230
2.101576
1.979836
1.959736
1.934144
1.938333
2.010611
1.936535
1.978920
1.943298
2.015116
1.989524
1.931370
1.956545
1.948235
1.990738
1.997256
1.934270
1.964541
1.966319
1.966126
1.994759
1.932085
1.972617
1.971175
2.031832
1.944711
2.002850
1.978273
1.956518
1.946262
1.993711
1.978647
2.002811
1.947097
2.115618
2.153514
2.033233
1.977705
1.973327
2.011448
1.996695
1.949583
1.944877
1.991474
1.984088
1.949600
1.944694
2.002095
1.948589
1.969236
1.941415
2.023861
2.032583
1.929395
1.965785
1.940264
2.014595
1.976201
1.931542
1.990032
2.001952
1.986678
1.949302
1.940858
1.998569
1.960989
2.000903
1.997316
1.997747
2.009196
1.932837
1.948576
2.027573
1.954885
1.995345
1.937631
2.004298
1.999149
1.934607
1.987094
1.949894
1.993361
2.044916
1.982940
1.950901
2.114166
2.094600
1.969802
1.977662
1.989988
1.941860
2.013305
1.962467
2.034044
2.024332
1.937066
1.940526
2.007598
1.936872
1.990321
1.954617
1.945994
2.001075
1.982596
1.937339
1.936906
1.992806
1.950493
2.013244
1.939968
2.018523
2.087350
1.948440
1.947772
2.004280
1.976455
2.013809
1.945688
2.019253
1.986019
2.008080
1.965109
1.948060
1.987636
1.986895
1.946239
1.944758
1.989440
2.196647
1.960719
1.994563
1.992067
1.943139
1.998400
1.943173
2.005553
2.000263
1.931459
1.950585
1.993126
1.942181
2.001366
1.951813
2.031404
1.990033
1.979357
1.969092
1.974870
1.998624
2.068474
1.937179
2.024750
2.100894
1.968319
1.963924
1.962928
2.092035
2.056556
1.987112
1.950713
2.005852
2.000722
1.956664
1.943136
2.046107
1.944650
1.990309
1.945671
2.055397
2.134138
1.927202
1.968545
1.951111
2.006813
1.989808
1.946615
1.956702
1.987114
1.989712
1.928987
1.986158
2.013630
1.952342
1.999233
1.944238
2.002461
2.004215
1.928229
1.978381
1.935640
2.022269
2.010551
1.933973
1.998276
1.976103
1.984333
1.944165
1.948547
2.002219
1.941453
2.001078
1.944691
1.980929
2.022284
1.946251
1.953217
1.945859
2.001074
1.971494
1.941062
2.018011
1.988886
1.943508
1.947249
1.996982
1.988043
1.955374
1.989686
2.046563
2.039803
2.013236
1.946173
1.955116
2.010496
1.970319
2.008893
1.938766
2.015189
1.993128
1.935413
1.983041
1.978265
1.990208
1.985458
1.940429
1.944969
1.997182
2.077560
1.953476
1.957005
2.005183
1.943173
2.014302
1.939809
2.022679
1.987776
1.940439
1.944474
1.949086
2.010529
2.006391
1.951183
2.014401
2.005998
1.943453
1.949479
1.969110
1.995385
1.952863
1.977532
1.967685
2.007290
1.980637
2.094942
1.948713
2.002285
1.937232
2.003315
1.942180
2.000580
1.989013
1.968562
1.937178
1.940886
1.995450
2.000096
1.960349
1.972396
1.981290
2.010547
1.960100
1.946238
1.999908
1.942809
2.006403
1.953957
2.012381
2.005986
1.942794
1.946136
1.951858
1.988389
2.000105
1.957920
1.943671
1.994436
1.947181
1.943075
1.958811
1.996489
1.953288
1.985129
1.951427
2.009663
2.020669
1.966472
1.978772
2.007149
1.936768
1.980917
1.932204
1.991662
2.012833
2.042476
1.985075
1.929110
2.012753
1.950280
2.156567
2.035110
2.125466
2.018006
1.955054
1.951263
1.990729
1.949495
2.009924
1.937405
1.985659
1.989969
2.092758
1.943357
2.005157
1.952923
1.999128
1.942500
2.034935
2.021409
2.030668
1.943670
1.965151
2.036278
2.037437
1.969651
1.963769
2.010781
1.977132
1.945448
1.946966
2.034897
1.939697
1.997318
1.943424
2.020053
2.003164
1.977376
1.942465
1.989924
1.984472
1.993463
1.938669
1.997852
2.015483
1.995036
1.947387
1.946082
1.998553
1.962728
2.116728
2.018650
1.986100
2.045382
1.944348
1.981136
2.017544
1.973836
1.998697
1.968563
2.022332
1.993281
1.928384
1.937884
1.951714
2.026473
1.999986
1.955747
1.978505
1.984553
1.990582
2.013361
1.932604
1.998924
1.935389
2.005620
1.929678
2.022024
1.983049
1.950726
1.960324
1.942788
1.984770
1.996071
1.951683
2.009279
1.971952
2.104058
1.937674
1.949633
1.994869
1.936380
1.989986
1.974704
2.039047
1.996750
1.964241
1.939204
1.997525
1.947828
1.979526
1.947724
2.006461
2.000926
1.940499
1.951502
1.936571
1.970637
2.017011
1.951803
2.137054
2.112564
1.974343
1.953227
1.956506
1.990044
1.939179
2.017877
1.938235
1.990276
2.007098
1.948842
1.939063
1.930575
2.000371
1.989815
1.944561
1.959083
2.031603
2.097442
1.930019
1.948370
2.001841
1.941140
1.998555
1.948796
2.007369
1.978297
1.937448
1.964252
1.988476
1.926118
1.992592
1.946218
2.110797
1.986685
1.933074
1.942121
1.952990
1.977406
2.075693
1.927343
2.087330
2.139160
1.972862
1.971175
1.968416
2.022193
1.927716
2.035033
1.978703
2.010674
2.023940
1.940210
1.919737
1.988906
1.940310
1.986968
1.923890
2.083365
2.044517
1.982531
1.942952
1.942813
2.086415
2.054526
1.937479
1.997710
2.007650
1.977951
1.945351
1.947304
2.034125
1.941936
2.003695
1.940921
2.010575
2.003996
1.950149
1.949690
1.945360
2.008885
1.984301
1.959756
2.012620
2.023217
1.973883
1.948120
1.950707
2.027105
1.943206
2.002373
1.951426
1.986741
1.993586
1.972456
1.946249
2.000834
1.946166
2.012497
1.939337
2.013461
2.003543
1.976307
1.946072
1.978017
2.009960
2.030439
1.963703
1.961950
2.001906
1.980526
1.936144
1.954729
1.983816
1.947750
1.999161
1.952664
1.997348
1.991959
1.962917
1.942769
1.936400
1.990050
2.009149
1.942560
2.015607
1.992643
1.992374
1.935064
1.944442
2.008570
1.925833
1.988793
1.966470
2.022957
2.009050
2.064371
1.951151
1.991296
1.957747
1.997126
1.975399
2.013476
2.005654
2.002631
1.971011
1.989424
1.991513
2.054513
1.944938
2.105852
2.163650
1.951504
1.948193
1.942758
2.018118
1.942031
2.060527
1.931940
2.021934
2.000225
1.972925
1.961359
2.016993
1.947934
2.008112
1.947347
2.019481
2.106427
1.958356
1.934108
1.934065
2.002275
2.095006
1.951863
1.947775
1.989313
1.977298
1.930394
1.965421
2.023603
1.925766
1.998184
1.951494
2.014319
1.993130
1.976071
1.968766
1.945577
1.996252
1.997245
1.938002
1.965483
1.955510
1.993726
2.007847
1.945751
1.988712
1.940004
1.998884
1.949830
2.041868
2.021422
1.944046
1.941522
2.039646
1.953564
2.012519
1.954854
1.957987
2.013507
2.079781
1.940920
1.937545
2.001225
2.145294
1.943747
2.083016
2.155249
1.923643
1.921287
1.962504
2.007530
1.947286
1.981763
1.946747
1.997006
2.001609
1.946700
1.949595
2.030892
2.056287
2.008967
1.989905
2.002132
1.985151
1.939460
1.998697
1.975953
1.991164
2.164410
2.011264
2.008966
2.102808
1.983511
1.996526
1.937198
1.988195
1.970624
2.001695
1.978741
2.091283
2.001845
2.011708
2.081189
1.989448
1.948631
2.005597
1.946908
2.049464
2.009728
2.076596
1.981519
1.949219
2.009407
1.986207
1.951502
2.041109
2.002387
1.978278
2.032267
1.956731
1.988817
1.952368
2.007588
1.951125
2.003385
2.018320
2.064395
1.932403
2.023998
1.933714
1.989761
1.943597
2.080814
2.233867
2.006568
2.009290
1.931718
2.009121
2.000187
1.943810
2.029424
2.174483
1.981980
2.070393
2.020957
1.980591
2.104622
1.945145
1.952898
2.032477
1.987492
2.043095
1.938896
1.982536
1.935351
2.012467
1.967345
2.029665
2.152713
2.054297
1.964245
2.004315
1.936175
1.988785
1.949963
2.023941
2.062645
2.452449
2.016079
1.986639
1.976500
1.986311
1.973227
2.061623
1.980180
1.983627
2.022241
1.939597
1.991738
1.931982
1.989636
1.979426
1.973507
1.972264
1.957688
1.925740
1.981164
1.943057
1.980624
1.955463
2.010467
1.992000
1.961688
1.975005
1.925851
1.972367
2.075925
1.934754
1.978594
2.066654
1.977832
2.035914
1.937656
2.005015
1.940251
1.984728
1.941626
2.030766
2.002647
1.965879
2.023437
1.971054
1.971091
1.996907
1.935516
2.011038
2.154128
1.967345
1.939862
1.963325
2.021719
1.931527
1.985607
1.993748
1.952183
1.972290
1.957303
1.935645
1.992227
1.915804
1.971977
1.983041
1.981776
1.982889
1.976118
2.001687
1.916527
1.970705
2.057751
1.923809
1.931350
1.979087
1.990766
1.939382
1.918991
1.970339
1.914999
1.989807
1.930152
1.969163
2.000196
1.924668
1.935137
1.926091
1.978696
2.061424
1.924033
1.931444
1.964948
1.961070
1.936567
1.947537
1.991160
1.939392
1.975045
1.942704
2.008725
1.998432
2.047350
1.925853
1.975570
2.005423
1.986355
1.929167
2.016946
1.971052
1.965487
1.908905
1.938461
1.982355
1.932418
1.995695
1.930260
1.984844
1.971842
1.920891
1.964423
1.939313
1.981060
1.984673
1.933479
2.023815
1.967025
2.056967
1.919893
1.937258
2.010526
1.935526
2.009633
1.913483
1.969844
1.955735
1.913006
1.926934
1.933727
1.972591
1.966272
1.921052
1.929447
1.993600
2.024056
1.939598
1.960352
1.998239
1.921076
2.011282
1.949772
1.980447
1.968394
1.918486
1.935870
1.929042
2.007244
1.970419
1.916853
1.986953
1.971065
2.047570
1.930080
1.931332
1.984627
1.924914
1.975236
1.978180
2.019650
1.974157
1.956150
2.044690
2.015720
1.932464
1.995295
1.969321
1.966358
1.988436
1.968281
1.933189
1.925037
1.987875
1.940236
2.009540
1.950947
1.993051
1.998917
1.936100
1.965579
2.010771
1.942107
2.004969
1.939388
2.007484
1.998768
1.963311
1.940435
1.956411
1.997052
2.023502
1.949642
2.006456
1.984428
1.993745
1.961430
1.948484
1.990946
1.954756
2.003347
1.938224
2.023020
1.953400
1.941574
1.937862
1.949722
1.995858
1.987953
1.985242
1.973448
2.003466
2.069708
1.945305
1.950023
2.006202
1.953990
2.055685
1.997551
2.170730
1.997331
1.955654
1.947795
2.020532
1.940401
1.990935
1.941705
1.992015
2.015017
1.940237
1.949623
1.951432
1.994983
1.989674
1.972450
2.039328
2.037629
2.083040
1.931936
1.940427
1.977642
1.933017
1.996102
1.939168
2.035168
2.002374
1.934135
1.947735
1.950055
2.014586
1.992879
1.954874
2.006602
1.983409
1.935315
1.948681
1.972354
1.986137
1.933242
2.025247
2.030230
2.003587
1.996957
1.944292
1.990688
2.206705
1.977302
2.031743
1.956852
2.047658
2.020031
1.965108
1.916854
1.970185
2.027768
2.054420
1.962201
2.113350
2.149477
1.922709
1.962019
1.937515
2.042098
2.068222
1.948240
1.986710
2.068072
2.022027
2.013580
2.030334
1.987210
1.948210
2.034782
1.979967
2.063821
2.013316
1.944597
1.935055
1.996145
1.946325
2.013537
1.937117
2.028612
2.024801
1.989206
1.938203
1.969928
2.000131
2.097786
1.956930
2.033179
2.041045
1.987142
1.930014
2.004762
2.024273
1.946774
2.015448
1.986634
2.044357
1.999067
1.938054
1.932981
1.975236
2.051552
2.054739
1.936032
2.021523
2.128765
1.928720
1.971616
1.973930
2.016654
2.016323
1.955114
1.922172
2.012617
1.973692
1.947866
1.943047
1.993385
1.953541
2.001383
1.941541
2.018910
2.001952
1.939471
1.910610
1.947949
1.985067
2.013092
1.936628
1.993807
2.054221
1.980329
1.972485
1.948618
2.018098
1.938515
1.997777
1.949794
2.020271
2.010439
1.935027
1.949266
1.939284
2.045666
1.990743
1.937741
2.034000
2.104114
1.936927
1.959677
1.937897
1.995358
2.087251
1.950075
1.998693
2.000304
1.970649
1.982881
1.945109
2.032210
1.948522
1.991140
1.941252
2.010903
1.993090
1.938936
1.969751
1.983573
2.010376
1.988806
1.936399
2.076677
1.995443
1.985605
1.954126
1.943983
1.996612
1.941517
1.989669
1.952892
2.002171
1.986069
1.944524
1.953168
2.235534
1.967669
1.981102
1.966048
2.071586
2.002610
1.944640
1.957418
1.947515
1.999267
2.022389
1.940637
2.025139
2.120541
1.978640
1.946433
1.926331
1.993790
1.968024
2.034942
1.985838
2.115290
2.071329
1.944717
1.925999
2.000120
1.947563
2.006730
1.935461
2.009734
2.000845
1.933272
1.943015
1.948201
1.985308
2.019903
1.937779
2.011187
2.003578
1.984302
1.935784
1.951654
2.016323
1.951204
1.987473
1.942667
2.000054
2.025633
1.948131
1.969651
1.942253
1.971285
1.993185
1.965737
1.999950
2.175146
2.200305
1.957310
1.957798
1.984165
2.099948
1.949776
1.967018
2.247184
1.989379
1.935336
1.967191
2.010438
1.929208
1.985556
1.952268
2.004048
1.999660
2.009432
2.035025
2.018530
1.931739
1.997746
1.960873
2.048359
2.027106
1.938425
2.011135
1.953462
2.024519
2.032571
1.934729
2.026249
2.040140
2.118717
2.016104
1.986580
1.987512
1.956971
1.987966
1.944748
2.008202
1.993891
2.089661
2.006822
2.000666
1.939130
1.988318
1.949315
2.075082
2.025230
1.974631
2.001561
1.957797
1.999912
2.024860
1.940223
2.015491
2.318041
2.006390
1.994633
1.932502
1.999245
1.941118
2.001509
2.054060
2.015837
2.004246
2.032755
1.938535
1.994654
1.941108
2.014215
1.941384
2.046505
2.028809
2.268770
1.974674
1.952418
2.009111
2.001695
1.940624
2.010408
1.991359
1.971716
1.998356
1.943580
2.025159
1.935274
1.991960
1.959913
2.005133
2.004395
2.018169
1.933393
1.980849
1.932052
2.004364
1.949170
2.034763
2.026105
1.991491
2.041849
1.923262
2.002658
2.004953
1.979295
2.210935
2.025012
2.189438
2.019186
1.937115
1.979945
2.098474
1.944902
1.999539
1.937063
1.990032
2.035351
1.940519
1.979535
1.954593
2.014167
1.932415
2.082124
1.982466
1.930037
1.933176
1.927464
2.010440
1.991143
1.931656
1.993004
1.982186
2.062639
1.921643
1.940194
1.976454
1.939531
1.978691
1.960038
1.971318
1.987766
1.923941
1.947788
1.932136
1.960496
1.998003
1.936135
1.979698
1.996760
1.966957
2.021840
1.937082
2.010198
1.935019
1.995265
1.940319
2.002542
1.992516
1.956725
1.948839
1.996390
1.966742
2.018790
1.941552
2.039251
1.992013
1.990014
1.945359
1.954626
2.062688
2.054917
1.936360
1.969273
2.024871
2.233496
1.935792
1.971510
2.018303
1.962955
1.997243
1.964545
1.995371
2.040784
1.944511
1.953924
1.988621
1.961288
1.995233
1.972374
1.981155
2.005412
1.974278
1.965195
1.966321
2.024050
2.076977
1.951663
2.028709
2.020621
2.073460
1.973121
1.942570
2.031191
1.945463
2.048611
1.993133
2.002722
1.987610
1.969895
1.932080
2.040907
1.941128
2.025247
1.930968
2.054810
1.990164
2.000615
1.963185
1.945720
1.983483
2.124920
1.979680
1.974056
2.011890
2.095899
1.932323
1.964181
1.996115
1.978696
2.006219
1.976390
2.052764
2.036075
1.951454
1.972854
2.018941
1.981594
2.029777
1.980786
2.033784
2.023677
1.943304
1.957189
1.938635
2.078166
2.019925
1.959603
2.051950
2.068924
1.994844
1.998584
1.940083
2.000800
1.946269
2.014549
2.019481
2.038931
1.994857
1.950081
1.984871
2.023068
1.946618
2.082455
1.943401
2.061001
2.013848
2.050665
1.954177
1.965702
2.006167
2.030335
1.972922
1.971488
2.002465
2.105335
1.932091
1.944630
2.022590
2.026307
1.966581
1.944654
1.995505
1.981621
1.926756
1.942493
1.969064
2.049583
2.017266
1.989024
2.057202
2.001268
1.975359
1.975137
1.952183
1.979373
2.105665
1.981853
1.942458
1.999480
1.973715
1.986018
1.929313
1.990025
1.936156
1.999922
1.942746
2.008293
2.033165
1.978613
1.935777
1.973423
2.013936
2.006742
1.937719
2.056649
1.994690
1.949833
1.950642
1.933801
2.050637
1.931357
1.998948
2.012426
2.010519
1.991015
1.920681
1.972808
1.997229
1.943367
2.034150
1.931223
2.046493
1.974006
1.942498
1.939650
1.983764
1.978030
2.109356
1.932424
2.079186
2.084447
1.933295
1.979301
1.960219
1.987974
1.952394
2.037746
1.958947
2.016861
1.989773
1.968109
1.972439
1.957382
2.136452
2.005586
1.929984
2.009536
1.990871
1.923197
1.942100
1.954532
1.989425
1.953503
2.001225
2.009311
1.948241
2.087084
1.960689
2.003143
2.110547
1.941366
2.021693
1.988595
2.082450
1.995764
1.945354
1.942319
1.979792
1.980758
2.014708
1.941667
2.071664
2.288363
1.989606
1.966362
1.932877
1.972736
1.988001
1.936956
1.932071
2.042075
1.978175
1.950001
1.956725
1.986871
1.924762
2.002820
1.941014
2.032079
1.986962
1.960646
1.963112
1.958414
1.989646
2.002327
1.949255
1.996167
2.000853
1.985584
1.959650
1.945557
1.998065
1.942224
2.002906
1.960028
2.036827
2.150979
1.935047
1.942499
1.992892
1.946736
1.987568
1.947567
2.033895
2.105260
2.206489
1.948839
1.969764
2.002630
1.993131
1.973574
2.065634
2.006921
1.981592
1.946913
1.973885
2.028824
1.956528
2.000910
1.961502
2.013085
1.995959
1.929671
1.948867
2.017335
1.930107
2.004866
1.935091
2.027554
2.002098
1.983784
1.935217
1.924201
1.990016
2.124224
1.939241
1.953847
2.024531
1.984985
1.946292
1.954567
2.003058
1.950593
1.997110
1.938454
2.024679
2.086291
1.944676
1.950167
1.954680
1.989003
2.003195
1.938263
2.058365
2.115258
2.214780
1.962522
1.948966
1.995762
2.040810
1.944419
1.998207
2.013874
1.986772
1.942956
1.948009
1.995148
1.943271
2.002135
1.940281
2.045212
2.069106
2.007233
1.946217
1.957285
1.975569
2.016963
1.957476
2.021681
2.185799
2.160567
1.944115
1.973881
2.002001
2.025661
1.942371
2.109966
2.095846
1.980685
1.963474
1.991984
2.028537
1.929435
1.982361
2.030892
2.091196
1.992830
1.930194
1.957711
1.990602
1.973373
1.981241
1.952839
2.027836
1.994966
1.936070
1.968394
1.943530
2.008216
2.028793
1.965911
2.087664
2.257073
1.985611
1.940626
1.946603
1.996875
1.952331
1.995757
1.949318
2.020897
1.985585
1.948095
1.945337
2.005364
1.930999
2.017936
1.936156
2.051955
2.007873
1.997756
1.973551
1.967432
2.032713
2.022529
1.953580
2.110512
2.150104
1.973182
1.953995
1.951919
1.996893
1.943496
2.014341
2.033971
2.102244
1.974753
1.947871
1.947794
2.003699
1.945282
2.003085
1.941116
2.032013
1.990406
1.928729
1.943853
1.979783
2.017539
2.084561
1.938148
2.007982
1.993948
1.985016
1.944717
1.949467
1.990211
1.946138
1.995092
1.952280
2.006454
1.988325
1.941619
1.948250
1.933581
1.957910
1.982888
2.001209
2.006118
2.114448
2.192409
2.024343
1.926228
1.992879
1.950098
2.006853
1.946217
2.030832
2.026148
1.953997
1.945387
2.001474
1.947619
2.001182
1.941524
2.025494
2.092845
1.967992
1.942165
1.976049
2.012477
1.997744
1.948389
2.021825
2.093138
1.950888
1.948961
1.977126
1.982972
1.970784
2.003224
1.997046
1.991159
2.042690
2.040400
1.936147
1.992284
1.963697
2.000898
1.958296
2.063898
2.030804
2.008663
1.933299
1.946782
2.000389
2.015851
1.948034
2.030412
3.771019
2.328446
2.145928
2.141890
2.159129
2.092750
2.145857
2.292544
2.088610
2.119592
2.088848
2.141246
2.163232
2.123293
2.247495
2.290529
2.178285
2.215661
2.148075
2.115559
2.150011
2.100778
2.146489
2.179382
2.149704
2.098914
2.152203
2.112745
2.131931
2.141224
2.147119
2.133903
2.262058
2.157419
2.135838
2.138268
2.110843
2.212933
2.243187
2.303246
2.163058
2.139192
2.089300
2.169170
2.086323
2.213288
2.123062
2.184910
2.097331
2.155365
2.083226
2.168853
2.181712
2.175603
2.162790
2.178065
2.139688
2.154342
2.157236
2.107396
2.190445
2.274292
2.306200
2.153077
2.088263
2.208905
2.132947
2.103969
2.148495
2.168153
2.176153
2.113526
2.137864
2.089977
2.135984
2.169900
2.325166
2.216438
2.160990
2.095706
2.164832
2.212933
2.079521
2.204562
2.340546
2.224942
2.276192
2.171418
2.082778
2.163944
2.095346
2.172868
2.141823
2.467218
2.080252
2.162476
2.102688
2.159683
2.214784
2.130637
2.137182
2.093137
2.101727
2.152697
2.168018
2.129873
2.170331
2.184597
2.116208
2.140969
2.075309
2.169156
2.135099
2.078403
2.168004
2.150578
2.135313
2.131670
2.161463
2.122784
2.153150
2.122643
2.175910
2.154917
2.129074
2.153405
2.124389
2.086800
2.130445
2.102110
2.103492
2.135500
2.138793
2.128789
2.128668
2.121592
2.131474
2.113514
2.124126
2.156659
2.113304
2.102892
2.157904
2.183263
2.105140
2.167159
2.145469
2.199370
2.102002
2.081574
2.130746
2.162813
2.093459
2.140070
2.148072
2.231518
2.080470
2.159902
2.135241
2.146267
2.097606
2.165805
2.226065
2.087023
2.123096
2.137034
2.091910
2.151242
2.109222
2.140014
2.152273
2.099008
2.078107
2.183623
2.110681
2.149662
2.111083
2.149530
2.146211
2.164318
2.110870
2.143406
2.147941
2.116208
2.115315
2.195602
2.145681
2.105225
2.098821
2.162437
2.167567
2.111183
2.198627
2.149854
2.094782
2.086348
2.129623
2.111202
2.164776
2.113294
2.118635
2.221986
2.089449
2.131080
2.156823
2.114342
2.199283
2.141055
2.179736
2.147158
2.113136
2.115219
2.158339
2.278281
2.088181
2.172203
2.270269
2.087583
2.098089
2.113071
2.188314
2.127841
2.113968
2.137107
2.157448
2.260667
2.113087
2.134987
2.090750
2.164233
2.106798
2.183469
2.153800
2.101433
2.104023
2.147370
2.096977
2.140614
2.123337
2.198493
2.142141
2.099865
2.125895
2.133593
2.092859
2.174958
2.149098
2.154608
2.138766
2.123849
2.096074
2.146789
2.147201
2.099664
2.190306
2.300328
2.083200
2.103190
2.083716
2.163583
2.160045
2.092003
2.189124
2.005210
1.942145
1.943210
1.957663
1.991141
1.993596
1.943613
1.978161
2.003251
1.976905
1.945150
1.993904
2.002983
1.967553
1.997351
1.939932
2.068880
1.971035
1.974842
1.987167
2.041347
2.046860
1.987290
1.942530
2.031410
2.005041
1.979610
1.935074
1.936906
1.982467
2.084066
1.948284
1.984064
2.011570
1.987315
1.959391
1.946525
2.001752
1.950897
1.994698
1.945917
1.990749
1.999562
1.988719
1.955885
1.954267
1.996933
1.998811
1.939600
1.982220
2.005152
1.995462
1.987382
2.006199
2.099907
1.957572
1.989684
2.019101
2.149219
2.008950
1.932222
1.952868
1.986579
1.947395
2.008701
1.955519
2.031115
2.041679
1.948766
1.974305
1.974644
2.035443
2.014003
1.969375
2.035223
1.999612
1.981891
1.932559
1.949944
2.034545
1.956611
1.982337
2.003397
2.041256
2.013925
1.935767
1.956139
1.978719
1.996745
2.000251
1.954738
2.045350
2.006302
1.940469
1.948353
1.978257
2.005109
1.989684
1.945265
2.007874
2.042410
2.284289
1.950424
1.956493
1.999195
1.968833
1.999377
1.943242
2.031115
2.012027
1.942349
1.937091
1.980503
1.957022
1.998304
1.950527
2.038562
2.020014
1.949866
1.960850
1.951985
1.993280
2.017361
1.944268
2.007367
2.078171
1.990667
1.954062
1.946553
2.005028
1.952771
2.002675
1.950770
2.055541
2.007116
1.930282
1.953272
1.955248
1.994862
2.002189
1.945249
2.013330
2.289795
2.106791
2.006826
2.012116
2.061503
2.047775
2.002433
2.139659
2.262687
2.258258
2.439644
2.498200
2.285261
2.006873
2.001720
2.101291
2.025402
1.939409
1.951876
1.982709
1.977550
2.033526
1.958416
2.023627
2.003765
1.965516
2.006149
1.950444
1.986488
2.014069
1.941594
2.030807
2.029570
1.985976
1.961582
1.997447
1.996771
1.960529
2.001096
1.944043
2.051320
1.989666
1.943236
1.983938
1.987656
1.939231
2.001004
1.949507
2.038301
2.008130
1.941422
1.951861
1.947689
1.993291
2.094299
1.973608
2.027564
2.008511
1.971369
1.945665
1.944942
2.008207
1.944623
1.979562
1.952818
2.076808
2.012434
1.954398
1.948227
1.932098
1.974534
2.004922
1.963700
1.984465
2.079997
2.292477
1.933104
1.941468
1.983323
2.075551
1.966067
2.041150
2.019023
2.039862
1.941378
1.953169
1.993997
1.953759
2.009340
1.949718
2.048040
1.995795
1.939286
1.931926
1.991477
1.985753
2.012609
1.944354
1.971527
2.002085
2.209863
1.963374
1.962614
2.005553
2.070936
1.937726
1.995983
2.000619
1.988043
1.938136
1.957855
1.984524
1.948988
1.987359
1.959325
2.029045
1.999595
1.939790
1.960282
1.938885
1.973565
1.997347
1.943918
2.017243
2.298214
2.171438
1.932099
1.942143
2.012641
2.074312
1.977476
2.031613
2.047041
1.990905
1.937264
1.951110
2.006082
1.967565
2.039125
1.943267
2.048800
1.999824
1.945723
1.934642
1.988173
2.018409
1.985541
1.951632
2.020817
2.062344
1.931103
1.937244
1.951550
1.995880
1.964781
1.997862
2.004796
1.995700
1.978982
1.951801
1.963443
2.002749
1.954789
2.012354
1.970203
2.054925
2.000315
1.922658
1.969435
1.931116
1.972465
1.983298
1.952051
1.994546
2.021966
1.970523
1.974924
1.952022
2.022721
1.938024
2.013370
1.939029
2.004902
1.991918
1.939094
1.942008
1.969006
1.993088
2.010685
1.938899
2.067130
2.025782
1.936186
1.955682
1.941172
2.011843
1.962080
1.992842
1.972115
2.001761
2.027110
1.941013
1.942900
1.995350
1.956818
1.990765
1.936310
2.024870
2.037394
1.934743
1.968820
1.943348
1.995957
1.991404
1.947669
1.996020
2.229910
1.979083
1.926277
1.926783
1.981793
1.917764
1.986656
1.926894
2.039426
2.003455
1.927060
1.953355
1.969835
1.984138
1.988303
1.943501
2.129126
2.305431
1.999039
1.929742
1.950368
1.996092
2.005733
1.940836
2.057284
2.090222
1.974724
1.957670
1.984079
1.986474
1.957956
1.998721
1.955803
2.023037
1.993851
1.934098
1.982069
1.944609
2.014583
1.998635
1.961237
2.038061
2.017493
1.979757
1.983526
1.938872
2.035154
2.128600
1.958961
2.118474
2.311564
1.936529
1.970760
1.932894
1.983839
1.944980
2.039385
1.942492
2.037722
2.003744
1.943434
1.942785
1.996176
1.956415
2.009376
1.952577
2.028911
1.999653
1.945320
1.943732
1.960297
1.993488
2.061792
1.942529
1.958007
2.000858
1.996444
1.948931
1.960685
1.987477
1.958866
2.035833
1.948400
2.018189
2.006434
1.965994
1.972886
1.973297
2.005242
1.992366
1.944360
2.047257
2.073770
1.931486
1.988293
1.953916
2.022065
1.940699
1.983568
1.964444
2.067982
1.997469
1.933985
1.937465
1.976638
1.960977
2.018816
1.963771
2.043924
2.004872
1.954071
1.946509
1.980839
1.993907
2.006250
1.935236
2.038364
2.097691
2.223769
1.941391
1.957753
1.991991
1.941447
2.011241
1.937427
1.995711
1.997349
1.966908
1.949438
1.978420
1.950683
2.004212
1.969271
2.049562
1.994697
1.949266
1.951178
1.956401
1.995750
2.063489
1.947825
1.946443
2.033878
2.087740
1.946633
1.952631
2.045360
1.952061
1.996807
1.944644
2.006264
2.002560
1.947144
2.020963
1.936164
1.987681
2.029438
1.947456
2.013490
2.144656
1.940596
1.959741
1.954224
2.001045
1.951662
2.143415
1.960047
1.983368
2.077202
2.010528
1.940267
2.012219
1.943732
2.002810
1.964112
2.080059
2.026997
1.949996
1.950699
1.946559
2.000941
1.995962
1.949285
1.965207
2.300908
1.984605
1.951946
1.952460
1.998281
2.054871
1.944135
2.069404
2.007059
1.981884
1.964755
1.946930
2.021552
1.946009
2.000442
1.939228
1.992054
2.023289
1.942353
1.944506
1.930435
1.987839
2.030212
1.937617
2.024710
1.969967
1.991690
1.948463
1.955964
2.001988
1.969957
1.968875
1.962998
1.987105
1.998953
2.075865
1.959327
2.000627
1.979456
1.977560
1.951538
2.025944
2.006710
1.944290
1.945307
1.971510
1.996747
2.027137
1.929714
2.046871
2.160053
2.011800
1.964848
1.947646
1.998158
1.969877
1.997795
1.943608
2.034858
2.002408
1.959129
1.965511
1.996164
1.952512
1.997271
1.946080
2.009483
1.999543
1.976637
1.960781
1.949305
2.012936
2.105347
1.942952
1.969220
1.999006
2.182590
1.939592
1.956903
2.001711
1.997195
1.988117
1.981999
2.054452
1.994568
1.935291
1.955496
1.942124
2.020354
1.985415
1.944657
1.986749
1.995945
1.974100
1.960687
1.949078
2.003271
1.945341
2.017941
2.094039
2.011420
2.002927
1.932332
1.926030
1.996221
1.935286
2.023849
1.943384
2.009503
1.984404
1.947659
1.950629
1.942659
1.998835
1.997463
1.937317
1.955009
2.030049
2.038803
1.950779
1.932735
1.987906
1.960187
2.032376
1.940176
1.999086
1.991047
1.952719
1.999979
1.928985
1.990487
2.004025
1.939349
2.052857
2.004969
2.041484
1.955187
1.972629
2.016109
1.937432
1.997150
1.958535
1.988772
1.990617
1.940194
1.951669
1.996935
1.959774
1.990142
1.947578
2.002730
1.987265
1.931093
1.951330
1.939784
2.016325
2.005370
1.943266
1.950228
1.953944
1.991240
2.045633
1.951788
2.006159
1.944980
1.988273
1.946440
2.007528
1.998239
1.941441
1.946038
1.947813
1.980479
2.000208
1.972233
2.046965
1.987239
1.967785
1.927363
1.974460
2.002817
1.953127
1.992569
1.955541
2.002553
1.980324
1.935477
1.995636
2.023969
1.936441
2.004563
1.942794
2.037958
1.982132
1.997256
1.946855
1.940411
2.014319
2.106474
1.974209
2.007470
2.002493
1.983977
1.954669
1.943429
2.002460
1.946688
2.004518
1.950611
2.002401
2.015063
1.973958
1.972287
1.947554
1.969835
2.014125
1.930743
1.982193
1.949999
1.988614
1.970681
1.934928
1.983663
1.955542
2.008860
1.958550
1.987421
1.990599
1.947762
1.942057
1.973385
2.035711
1.991853
1.940560
2.002486
1.988042
1.970527
1.944291
1.937392
1.983580
1.942508
1.982224
1.999916
2.028732
2.040127
1.954001
1.935951
1.988501
1.938332
1.990740
1.956877
2.008111
1.989245
1.927100
1.958635
1.963110
2.024845
2.007609
1.941127
1.997346
1.975867
1.988284
1.966437
1.946926
2.022045
1.934581
1.993056
1.948761
2.009390
1.994362
1.956889
1.944318
1.936267
1.999068
1.993831
1.940442
1.979697
2.031218
1.983097
1.949884
1.945324
1.988096
1.956888
2.004950
1.942369
1.997901
2.000774
1.934587
1.936148
2.029475
1.935537
1.996769
1.938612
2.005175
1.973203
1.983587
1.931061
1.940132
1.984806
1.943362
1.999138
2.041688
2.136296
1.979182
1.944958
2.237341
1.997038
1.941876
2.009505
1.939247
2.002246
1.993545
1.976968
1.975948
1.948590
1.990607
1.999059
1.977124
2.014354
2.118653
2.028237
1.966436
1.946767
1.966176
2.088375
1.949933
1.972115
1.991874
2.093101
1.927544
1.940297
1.991651
1.952768
1.986747
1.945404
2.008059
1.984757
1.923671
1.966545
1.946894
1.984152
1.990864
1.951867
2.007406
2.000614
1.990748
1.961875
1.938965
2.825003
1.982420
1.946497
2.020674
2.058898
1.976482
1.945648
1.944263
2.001352
1.950277
1.989967
1.938226
2.015818
2.000661
1.945419
1.948520
2.020850
1.946094
1.997330
1.928971
2.038295
2.004476
1.956883
1.954315
1.945871
1.987180
1.955458
1.992457
1.951432
1.991336
2.003437
1.937705
1.953749
2.032999
2.022710
2.011841
1.955945
3.152324
2.016475
1.927961
1.976269
1.992632
1.958888
1.992285
1.960972
1.989937
1.984280
1.985531
1.946884
1.969811
2.009349
2.044636
1.938274
2.038617
2.152582
1.925356
1.960692
1.942398
1.985237
2.080004
1.942461
1.968213
1.996923
2.072762
1.945858
1.940055
2.032963
1.937516
1.992252
1.927673
1.986038
2.005279
1.943739
1.986069
1.929106
1.989993
2.015696
1.948742
2.059959
2.051018
1.946600
1.940991
1.973695
1.991966
1.941572
2.003545
1.938422
1.997811
1.998673
1.936953
1.953713
1.995876
1.943523
1.990924
1.951790
2.011417
1.988881
1.927387
1.953701
1.955261
1.994149
1.952290
2.160327
1.992517
2.116126
1.948283
1.951547
1.948572
1.999343
1.942093
2.001325
1.966156
2.018437
1.997280
2.073297
1.944518
1.942495
1.997092
2.009277
1.949495
2.010688
2.002630
1.946229
1.988826
1.955434
1.968220
2.555974
1.946962
2.017536
1.981961
1.931525
1.959167
1.945358
2.018395
1.938513
1.999064
1.948451
1.992959
1.976426
1.935174
1.946524
1.936379
2.039342
1.987939
1.998358
1.984164
2.300856
2.147737
1.953400
1.936046
2.018589
1.989944
1.944916
1.953516
1.999130
1.987454
1.946843
1.943203
1.998045
1.948297
1.994376
1.951389
1.993370
1.991376
1.979940
1.941605
1.945569
2.027745
1.992350
1.945900
1.959162
1.966878
1.983722
1.930851
1.949836
1.983826
1.943753
1.986730
1.956859
1.997437
2.005361
1.959770
1.950487
1.941427
2.044435
2.001533
1.939403
2.018392
2.038098
1.976841
1.988889
1.940413
2.054373
2.094084
1.957023
2.036050
1.996741
2.052783
1.955076
1.949878
1.994554
1.984447
1.990389
1.945568
2.003679
2.026377
1.939556
1.925876
1.948215
1.988328
1.988683
1.930087
1.976943
2.195308
2.001154
1.944114
1.945542
1.991947
1.965210
1.995548
1.951038
1.991580
2.027896
1.943024
1.946866
1.997457
1.960872
1.999593
1.967029
1.975098
1.947358
1.990838
2.075429
1.940882
2.001477
2.027519
1.964795
2.054308
2.006885
1.930112
1.955106
1.939498
1.999046
1.962771
2.015030
1.943640
2.030580
1.984427
1.936282
1.942980
1.956229
2.021494
2.021396
1.933214
2.033916
1.985415
1.977879
1.941437
1.943657
1.987747
1.944728
2.010439
2.049289
2.216967
2.009251
1.966216
1.944598
1.992821
1.940528
2.029896
1.986954
2.020577
1.993888
1.924012
1.925831
1.941712
2.042826
2.012326
1.988721
2.023561
2.029468
1.998032
2.006036
1.925486
1.993166
1.956171
2.010564
1.942976
1.946634
2.004823
1.978178
1.944329
1.996940
1.943002
1.993970
1.941415
2.016799
1.999734
1.934823
1.981156
1.941103
2.010386
2.004795
1.936436
2.013422
2.158949
1.936200
1.947923
1.957553
1.994642
1.947780
1.991489
1.941452
1.994048
1.978524
1.957798
1.947412
1.966847
2.006560
2.017474
1.984205
2.022106
2.003064
1.984512
1.961638
1.926594
2.018287
1.951824
1.989070
2.138675
2.041747
2.042368
1.953292
1.949416
2.006565
1.923420
2.004866
1.946630
2.016473
2.218653
1.961519
1.948977
1.944777
1.997673
1.991105
1.956696
2.006047
1.992389
1.985950
1.940602
1.947221
1.988768
1.955592
2.000909
2.069360
2.069443
2.013631
1.944986
1.948584
1.994009
1.945513
2.001325
1.946604
2.021664
2.006186
1.929200
1.956384
1.928714
2.016666
1.988196
1.958297
1.944422
2.010551
2.016669
1.934056
1.942090
1.981406
1.957077
2.006304
1.954723
1.999387
1.993910
1.989862
1.984214
1.949685
2.027149
1.985976
1.943139
2.039335
2.007353
2.021061
1.940902
1.929624
2.002932
1.942496
1.999949
1.957771
1.999149
1.977125
1.960011
1.970581
2.020561
1.947062
2.003903
1.947621
2.003085
1.989350
1.947564
1.981184
1.948541
2.022544
2.071427
1.943455
1.974304
1.978734
1.999589
2.090076
1.950565
1.993901
1.951913
1.997229
1.938398
2.012686
1.997708
1.935352
1.934954
1.945774
1.974211
1.995885
1.955601
1.961219
2.187518
1.990951
1.963561
1.936850
1.994119
1.937080
2.000762
1.952711
2.001166
1.983557
1.933783
1.979249
1.985582
1.942196
2.013473
1.942063
2.032734
1.993815
1.942352
1.967356
1.970447
2.000460
2.019028
1.938566
1.992737
1.987528
2.009411
1.942870
1.962687
1.993925
1.956632
2.019810
1.931627
1.997253
2.013519
1.941603
1.959334
1.937895
1.973302
1.998023
1.946307
2.002105
2.007848
1.976747
1.966528
1.922868
1.991618
1.928187
2.008036
2.017463
2.061748
2.106738
1.946130
1.967830
2.020053
2.022724
1.990466
1.935443
2.043941
2.007115
1.973774
1.930336
1.973452
2.019918
1.998145
1.946555
2.019396
2.128033
1.974733
1.950371
1.941948
2.001438
1.934015
1.996986
2.011944
2.003983
1.981863
1.936359
1.962917
2.054085
1.968472
2.006249
1.936116
2.052769
1.992876
1.934052
1.944177
1.960512
1.986512
1.949737
2.157041
2.076016
2.099642
1.985863
1.935023
1.923237
1.981912
1.964868
1.979305
1.931324
1.990273
1.971786
1.963606
1.950340
1.947388
1.992688
1.988486
1.945723
2.002001
1.965153
2.000091
1.940878
1.951403
2.023502
1.942031
2.006337
1.958556
2.006371
1.984086
1.942697
1.943131
2.020017
1.943302
2.030817
1.929387
2.004921
1.975819
2.005334
1.935233
1.945518
1.994813
2.165476
1.948868
2.003394
1.984588
2.029625
1.946334
1.962504
2.006037
1.944494
1.986172
1.951438
1.998902
2.024200
1.932887
1.942376
1.949433
2.005128
1.998965
1.949736
1.963019
1.981036
1.979351
1.983203
1.932118
1.997675
1.937360
1.997804
1.943100
1.980890
1.997363
1.991684
1.931084
1.967874
2.051909
2.026852
1.945904
2.006334
1.979010
1.941685
1.965913
1.950327
2.018336
1.942415
2.007930
2.078755
2.096201
1.926047
1.954122
1.940686
1.991695
1.958791
1.994678
1.938453
2.010196
1.993128
1.938248
1.939488
1.958883
1.995050
1.988668
1.949793
2.045173
2.010633
2.078449
2.018712
1.930692
1.994555
1.943782
1.991977
1.942202
1.985906
1.989631
1.934354
1.948256
2.033196
1.930276
1.990392
1.950037
2.014589
2.031203
1.942191
1.954101
1.944282
1.997852
1.948513
2.148134
1.952435
2.079844
1.980477
1.945663
1.946271
1.982495
1.946908
2.129856
1.947010
2.013024
1.992119
2.177255
2.097823
2.161911
2.115155
2.151189
2.144752
2.131770
2.162646
2.105905
2.116382
2.139129
2.112291
2.163241
2.181001
2.136246
2.180323
2.088315
2.126793
2.152199
2.155761
2.104419
2.216941
2.136385
2.161727
2.103078
2.101749
2.176023
2.173400
2.117886
2.157745
2.143367
2.098421
2.083275
2.158998
2.134075
2.151627
2.122132
2.173119
2.143093
2.094180
2.106612
2.185298
2.117197
2.149882
2.114838
2.144754
2.154417
2.116445
2.123408
2.154339
2.127187
2.164811
2.104897
2.148369
2.180025
2.088577
2.088999
2.134242
2.166557
2.075430
2.182275
2.233366
2.097737
2.084601
2.113698
2.150588
2.161164
2.097283
2.166633
2.158597
2.107052
2.125593
2.116536
2.080786
2.155349
2.138027
2.142832
2.170893
2.106125
2.099930
2.129769
2.111144
2.170975
2.115288
2.158540
2.160535
2.104060
2.093812
2.127768
2.083098
2.159247
2.194259
2.135341
2.216556
2.107785
2.082640
2.115160
2.122078
2.087284
2.182439
2.169040
2.216382
2.100491
2.088908
2.158466
2.173927
2.117119
2.104721
2.156356
2.133819
2.084297
2.150352
2.098097
2.137975
2.098069
1.992046
1.978315
1.930503
1.999595
1.914450
1.975340
2.000537
1.958703
2.101514
1.957632
1.979687
1.925220
1.938361
2.006237
1.930080
1.989821
1.937122
2.004598
1.989202
1.951924
1.953477
1.948637
1.987051
2.015192
1.933442
2.011382
2.011258
1.927873
1.943633
1.956883
1.985587
1.942690
1.998713
1.955597
1.993130
2.005524
1.929296
1.950746
1.988503
1.963014
2.006094
1.953501
1.992901
2.002415
2.110622
1.929882
1.952164
2.011391
1.997040
1.959299
1.957307
1.966873
1.967214
2.110525
1.935172
2.001513
1.948766
2.002107
1.959877
1.993560
1.995782
1.947551
1.940496
1.948614
1.998171
2.003424
1.940536
2.000138
1.968805
1.987301
1.946597
1.940221
2.025012
1.936392
2.012879
2.101402
2.065212
1.999654
1.950707
1.941437
2.002270
1.960694
2.007448
1.936105
2.023498
2.004475
1.930465
1.955672
1.942455
1.987086
1.996046
1.956517
2.019619
2.013877
1.942331
1.926633
1.942952
1.993197
1.957050
1.992831
1.951592
1.993723
1.995445
1.942543
1.942272
1.938180
1.999258
1.994631
1.941656
1.948638
1.953067
1.977821
2.092322
1.955616
1.991048
1.962115
1.984445
1.951471
1.986270
1.984040
1.954447
1.944032
1.950776
1.993709
2.024910
1.937227
1.990701
2.006959
1.941659
1.966288
1.972695
2.007062
1.948814
1.992403
1.941669
1.998018
2.008092
1.932107
1.950775
1.988652
1.944511
1.978414
1.936219
2.007299
1.998943
1.940820
1.926684
1.954777
2.053961
2.028260
1.930928
1.999569
2.197000
1.973789
1.929392
1.950713
2.001075
1.940205
1.982998
1.976820
2.131354
1.984077
1.933460
1.954395
1.952057
2.010437
1.993999
1.939973
1.997938
1.984780
1.988230
1.919817
1.947024
2.005147
1.958693
2.004039
1.980379
1.995934
2.105573
3.704518
2.150450
2.078939
2.147493
2.113931
2.212257
2.242509
2.093761
2.090468
2.147068
2.096610
2.144362
2.073422
2.134381
2.323543
1.935567
1.921538
1.992376
1.962928
2.018632
1.944283
1.989969
1.978013
1.927957
1.933713
1.966798
2.015678
1.999830
1.926601
2.000522
1.972358
1.978852
2.019086
1.915788
1.986695
1.918840
1.957023
1.926561
1.975421
2.015708
1.922948
1.931228
1.996496
1.933298
1.977666
1.942056
2.014555
1.975798
1.970917
1.949580
1.940718
2.001467
1.943880
1.981345
1.949468
2.000170
1.984266
1.953985
1.935588
1.994931
1.930633
1.997202
1.970127
2.012511
1.986527
1.926996
1.930344
1.924273
1.971808
2.125006
1.916141
2.042986
1.974218
1.969160
1.926010
1.931896
1.985939
1.923771
2.007141
1.939121
1.973366
1.985749
1.919654
1.920313
1.928476
1.980491
1.969238
1.932797
2.019397
2.006592
2.005601
1.928876
1.964115
2.001189
1.929095
2.036418
1.921643
1.977937
1.998075
1.973922
1.969155
1.942132
1.998221
1.986793
1.941928
1.990099
1.986300
1.925357
1.932263
1.941645
1.967315
1.916760
1.974513
1.932696
2.031308
1.984694
1.914810
1.904869
1.924143
1.988465
1.982114
1.937065
1.934316
1.977437
1.986167
1.944164
1.926927
1.989779
1.929039
1.983861
1.926712
1.993257
1.976236
1.931624
1.942284
1.945702
1.984441
1.987053
1.929467
1.935383
1.994802
1.986251
1.924290
1.930080
1.978062
1.928091
1.983642
1.930833
2.017553
2.017457
1.936595
1.930572
1.938234
1.977955
1.981487
1.930177
2.004122
1.996056
1.955482
1.920573
1.961507
1.989475
1.930040
1.985021
2.014939
2.010310
2.004725
1.950963
1.920369
1.925531
1.985083
1.982696
1.937789
1.950788
1.931043
1.971335
1.988551
1.959854
2.008959
1.948745
2.045214
1.963333
1.969191
1.976263
1.993336
1.927390
1.989672
1.930168
2.000690
1.935284
1.987706
2.000921
1.931968
1.957599
1.928520
1.978534
1.964550
2.136538
2.078351
1.969056
1.979564
1.933299
1.946655
1.984523
1.936365
1.991989
1.943030
1.995195
2.019019
1.930271
1.939680
1.940991
1.999844
1.979293
1.927031
2.006384
2.103269
1.960921
1.914683
1.939481
1.988022
1.932029
1.981565
1.941633
2.037702
1.976349
1.943289
1.932562
1.971238
2.001612
1.974817
1.932846
1.969604
2.114303
2.182487
1.965242
1.924632
1.994044
2.121002
1.958285
1.973734
2.010510
2.016219
1.953870
1.962249
1.979979
1.936026
2.000274
1.932784
2.053514
2.112933
2.010390
1.907601
1.938666
1.972392
1.965571
1.941852
2.042338
1.987925
1.957827
1.976565
1.928937
1.979141
1.939267
1.965086
1.929258
2.005127
1.982984
1.946952
1.915922
1.925223
1.991361
2.001174
1.923414
2.067370
1.968782
1.956376
1.920900
1.930065
1.997038
1.936798
2.004521
2.084415
2.049531
2.074796
1.920578
1.967109
2.002309
1.920187
2.018364
1.930166
2.035129
1.990343
1.922866
1.919769
1.958365
2.019101
1.982345
1.926599
2.053597
1.980126
1.959762
1.930319
1.942570
1.995663
1.961868
1.980195
1.939289
2.047899
2.071644
1.932510
1.922391
1.929803
1.992019
2.264699
1.938082
2.021516
2.157952
1.916368
1.915804
1.930278
1.983512
2.087389
1.972977
2.031219
2.030369
1.986945
1.924898
1.932837
1.965117
1.982075
1.977220
1.928572
2.049290
1.979267
1.933897
1.959397
1.968089
2.008315
1.983897
1.926591
2.034949
1.975218
2.194782
1.962766
1.928115
1.976499
1.950153
1.979580
2.172050
2.020558
2.142552
1.958674
1.937716
1.995828
2.034099
1.982265
1.954610
1.939398
2.014739
1.975856
1.923987
1.962519
2.002957
1.966612
1.950989
2.044555
1.980055
1.981727
1.924072
1.930439
1.988864
1.940492
1.983388
1.931767
2.002251
2.043249
1.937115
1.926746
1.956222
2.011795
1.982060
1.934952
2.045353
2.015142
1.933798
1.934913
1.940514
1.986417
1.934182
1.983312
1.940550
1.994965
1.963825
1.940515
1.966897
2.024447
1.990016
2.117660
1.931056
2.021418
1.990878
1.932397
1.938526
1.933986
1.992808
2.015278
1.931146
1.987794
2.098479
1.921555
1.936483
1.925185
1.980476
1.937688
1.986690
1.927787
1.968556
1.930722
1.978446
2.166595
1.930552
1.979088
1.981487
1.938037
2.077911
2.118592
1.924899
1.934480
1.934894
1.977206
1.941232
1.993904
1.993900
1.984575
1.965861
1.919165
1.935952
2.038565
1.937632
1.989908
1.931197
2.049308
1.976325
2.035957
1.933254
1.972949
1.998036
2.157623
1.935377
2.106506
1.998783
1.914695
1.946734
1.973627
1.993028
1.935868
2.017581
1.980794
2.014277
1.990319
1.931695
1.938107
1.942009
2.003185
1.979870
1.948772
2.013491
2.008632
1.917291
1.938312
1.931648
1.983790
1.926584
2.005631
2.001124
2.009018
2.007065
1.950975
1.957243
2.034627
1.937816
2.015785
1.918613
2.040891
1.995794
1.947504
1.942661
1.959942
1.977658
1.955992
2.123819
1.989103
2.020633
2.033602
1.951643
1.964984
1.984963
1.972218
2.022594
2.012242
2.005051
1.994851
1.927704
1.975704
1.940527
1.996349
2.010235
1.991429
1.994861
2.035612
2.025244
1.956235
1.941386
2.027400
1.991490
2.031232
1.992741
2.045136
1.983125
1.978768
1.939987
2.000127
1.923685
2.064564
1.985354
2.072893
1.960708
1.956687
1.958934
1.982272
1.992327
2.052668
1.952967
1.998392
2.025250
2.025636
1.934009
2.008788
2.014771
2.036533
2.006447
1.992659
2.070609
2.004987
1.930841
1.925597
1.982634
1.940537
2.001158
1.952407
2.056936
2.007574
1.991160
1.982436
1.934019
2.073475
2.016420
1.992242
2.023532
2.033537
2.008330
1.969097
1.983793
2.025530
1.936089
2.067435
2.006326
2.014054
2.040738
1.976303
1.938610
2.001435
1.933520
2.086149
1.963628
2.124159
1.983984
1.932109
1.931010
1.986548
1.986314
2.021660
1.937116
1.951630
2.009144
1.963536
1.951458
1.949437
1.989037
1.959786
2.001497
1.941023
1.959875
1.969299
1.974411
1.964438
1.950107
1.979676
2.039815
1.929260
2.017604
2.133006
1.927193
1.967992
1.958442
2.014754
1.945710
2.136356
1.970099
2.040159
2.043281
1.954106
1.948753
1.997705
1.936109
2.002273
1.941662
1.973128
2.008284
2.089602
1.941056
1.942661
1.989544
1.993788
1.943359
2.026564
1.983244
1.929148
1.938646
1.953551
2.020509
1.936111
2.015412
1.948600
2.027752
2.004406
1.940269
1.949584
1.998136
1.934160
2.023796
1.956079
2.066666
2.000648
2.165281
1.930473
1.947882
2.027228
2.068423
1.923332
2.030974
2.056357
2.437347
1.955814
1.955888
2.012626
1.994733
1.945989
1.930256
2.014620
1.971320
1.940574
1.934203
1.983782
1.940190
2.009353
1.958987
2.025838
2.046568
1.951916
1.914619
1.936416
1.982174
1.990359
1.930180
1.988928
1.989733
1.965945
1.956736
1.974255
1.985273
1.930541
2.006221
1.938153
1.994129
1.980042
1.939486
1.955591
1.958903
2.006789
2.016554
1.954967
2.082428
1.976890
1.990039
1.958230
1.959255
1.970742
1.937629
1.990555
1.956352
2.015004
2.017114
1.937209
1.942872
1.993193
1.947265
1.996525
1.945553
2.018224
2.043061
1.938586
1.949152
1.948948
2.007229
2.002436
1.940558
1.945570
2.003378
1.998520
1.940276
1.956523
2.001611
1.966738
2.012245
1.937516
2.054838
1.994312
1.930930
1.978475
1.972340
1.988149
2.006200
1.941708
2.042693
1.977277
2.199303
1.949425
1.968842
1.999771
1.989536
2.149335
1.987643
2.001598
1.991895
1.937197
1.951499
1.993860
1.965052
1.969261
1.954120
2.059661
2.108109
1.924222
1.954542
1.941890
2.019821
2.047292
1.938177
2.028858
2.294942
1.937916
1.945222
1.953789
2.012947
2.079387
1.975208
1.993013
2.027780
2.202079
1.953837
1.938183
2.016288
1.935854
1.985796
1.997486
2.020943
1.979924
1.934338
1.943814
1.956440
2.048280
2.002657
1.965680
2.014436
1.983703
1.936553
1.952807
1.947384
2.030449
1.946239
2.159787
1.938997
2.004231
1.985499
1.922629
1.990333
1.991415
1.943387
2.001948
1.948852
2.006354
2.003292
1.933580
1.949832
1.954024
1.991896
1.995994
1.951743
2.039145
2.318151
2.198659
1.965238
1.945033
2.030811
1.989095
1.952897
2.001759
2.004201
1.991414
1.938320
1.936808
2.007443
1.944281
2.004898
1.938169
2.030241
1.991748
1.937975
1.984169
1.926253
1.976132
2.010684
1.946031
2.075618
2.083207
2.005845
1.911656
1.942857
1.984535
1.947185
1.978251
1.944380
2.033824
2.000544
1.919287
1.944957
2.010501
1.929003
1.990614
1.930196
2.017604
1.973436
1.977239
1.961497
1.936750
1.977604
1.944886
1.992191
1.937023
2.217408
1.970708
1.946500
1.952297
2.000468
1.932642
2.014976
1.931790
2.012114
1.992363
1.983251
1.970188
1.990958
1.987786
1.999460
1.945997
2.063653
2.091123
1.990661
1.952374
1.939376
1.969296
1.934604
1.977407
2.000680
2.003198
2.006877
1.949091
1.962796
1.983009
1.940713
1.990278
1.954231
2.055459
1.975683
1.986490
1.940050
1.939751
2.003931
2.071714
1.942630
2.075569
2.107728
1.988359
1.955004
1.955099
1.999565
1.946156
1.993983
1.917550
2.030183
1.995794
1.951876
1.935049
1.953133
2.000691
1.992903
1.975949
2.057717
2.289814
1.956451
1.936215
1.951454
2.011084
2.006536
1.941916
2.049321
2.204653
1.994938
1.959399
1.953778
1.997665
1.948198
1.999125
1.965137
2.112693
2.005213
1.937998
1.959585
1.997215
1.977299
1.992656
1.964153
2.021505
2.322389
2.018815
1.939958
1.942878
1.998333
1.992621
1.940017
2.029937
2.007142
1.968799
1.948855
1.971757
2.025156
1.932003
1.991133
1.978068
2.015015
1.976441
1.941467
1.972412
2.035824
1.934982
2.003241
1.925846
2.028175
2.087671
1.921169
1.940227
1.958098
1.996716
2.133035
1.950285
2.021379
2.039556
2.001526
1.972497
1.948373
2.016357
1.962181
1.992339
1.974238
2.046960
2.034937
1.984867
1.957976
1.963753
2.070000
2.008762
1.970838
2.209515
2.137747
1.946513
1.955946
1.941350
2.022632
2.020272
1.951760
2.055025
2.251613
1.942522
1.963743
1.943849
2.005423
1.949314
2.013359
1.947307
2.039472
2.276307
1.960027
1.958141
1.988041
1.946273
2.004213
1.954330
2.156352
2.029852
1.944013
1.940653
1.969250
1.989859
2.030027
1.941961
2.017783
2.015661
1.995655
1.949296
1.952658
1.991209
1.948703
1.994954
2.023282
2.034397
2.001654
1.949923
1.963759
1.981441
1.955607
1.986553
1.938000
2.114374
2.153653
1.991444
1.977974
1.965765
2.161904
2.176611
2.137854
2.015552
2.003472
1.986079
1.921192
1.909565
1.969648
1.985224
2.003768
1.990237
1.986735
1.967658
1.961461
1.930650
1.983796
1.937879
2.024086
1.967589
1.987908
2.011177
1.930362
1.932583
1.953362
1.979078
1.994164
1.956088
1.959771
1.929042
1.975382
2.075824
1.934642
1.990044
1.946489
1.985393
1.933902
2.025381
1.968041
1.955302
1.958373
1.939407
2.044949
1.981306
1.953959
2.040647
2.038156
1.937228
1.968082
1.948546
2.005557
1.933545
1.991834
1.945287
1.999371
2.093109
1.935476
1.938775
2.010382
1.934767
2.003052
1.926832
1.993517
1.974384
1.940821
1.945773
1.939585
1.991971
1.998667
1.941247
2.129303
2.194317
1.993463
1.944587
1.929511
1.988906
1.953393
2.009166
1.963688
1.996766
1.994910
1.943370
1.942534
2.025595
1.956828
2.004844
1.945787
1.997870
2.025459
2.027505
2.003015
1.936968
2.017074
2.036495
1.933878
2.113689
1.996461
1.983966
1.926362
1.984911
2.004542
1.972998
2.016166
1.968614
2.002320
1.983570
1.947354
1.953680
1.939740
2.020561
2.008519
1.947407
2.002173
2.000915
1.988786
1.964687
1.965891
2.023673
1.952579
2.003428
2.004093
1.988356
2.023304
3.732503
2.194322
2.106863
2.172106
2.101247
2.143365
2.270902
2.131557
2.170595
2.144966
2.084156
2.162951
2.177676
2.167432
3.695793
2.287121
2.142273
2.323653
2.078396
2.161218
2.142752
2.108947
2.093336
2.087916
2.137248
2.138572
2.078220
2.136299
2.152300
2.079534
2.094288
2.081317
2.126827
2.142149
2.080101
2.166818
2.138700
2.116742
2.067896
2.174074
2.071854
2.147883
2.071779
2.135196
2.128369
2.077787
2.089548
2.161877
2.098860
2.156675
2.071102
2.133083
2.165216
2.088879
2.089636
2.130989
2.141928
2.124622
2.218822
2.109946
2.136498
2.103040
2.073993
2.122828
2.175159
2.150025
2.148048
2.158969
2.068271
2.102796
2.110089
2.161064
2.200958
2.094552
2.163977
2.147437
2.129490
2.093705
2.090083
2.136741
2.253659
2.078350
2.138230
2.182123
2.094095
2.093204
2.146340
2.100695
2.125869
2.089784
2.164692
2.164853
2.096015
2.095103
2.163064
2.112352
2.165122
2.148034
2.163675
2.253898
2.100533
2.128846
2.150206
2.294990
2.098953
2.187754
2.157752
2.186346
2.134639
2.118560
2.154347
2.165149
2.086174
2.176125
2.128631
2.114406
2.105395
2.165990
2.094332
2.137736
2.109103
2.150013
2.149820
2.109556
2.098500
2.132690
2.094851
2.160613
2.083435
2.148789
2.130961
2.114600
2.084426
2.162976
2.109924
2.160124
2.084058
2.157779
2.123021
2.102066
2.091398
2.157457
2.080431
2.302259
2.298586
2.159537
2.120449
2.116375
2.064171
2.141409
2.170824
2.121224
2.156818
2.740946
2.110727
2.104013
2.139878
2.138475
2.152806
2.265931
2.191778
2.209173
2.096077
2.087794
2.127709
2.149066
2.098509
2.305350
2.161100
2.142391
2.051758
2.067410
2.141439
2.144590
2.071597
2.198612
2.121620
2.080751
2.062832
2.091196
2.129983
2.142086
2.053138
2.143545
2.120046
2.082168
2.067892
2.113740
2.093609
2.103535
2.060857
2.144348
2.120809
2.110443
2.079159
2.147327
2.052750
2.119115
2.114564
2.167563
2.183938
2.104492
2.094376
2.150691
2.128791
2.158236
2.169449
2.114947
2.160250
2.110649
2.049615
2.171294
2.094190
2.233016
2.237003
2.156492
2.096217
2.076684
2.048621
2.116033
2.201152
2.093201
2.208127
2.197245
2.089868
2.119669
2.133720
2.119650
2.163696
2.065285
2.212731
2.155666
2.077528
2.071705
2.136826
2.068508
2.162720
2.146242
2.149534
2.229362
2.079627
2.101086
2.138880
2.124755
2.165861
2.116523
2.174448
2.241516
2.067900
2.116657
2.150063
2.243866
2.109702
2.248986
2.161903
2.085945
2.114074
2.089989
2.183484
2.173484
2.054885
2.200883
2.164742
2.217539
2.098866
2.184442
2.056873
2.204941
2.084535
2.135348
2.179098
2.114527
2.072268
2.181424
2.087387
2.175477
2.221963
2.242812
2.124773
2.097993
2.086164
2.158839
2.248742
2.150876
2.266447
2.220997
2.069274
2.180310
2.070385
2.189225
2.163312
2.092971
2.227513
2.224506
2.060615
2.070572
2.143135
2.077410
2.149610
2.145138
2.352859
2.348190
2.115251
2.099356
2.175905
2.079707
2.206772
2.333364
2.159430
2.108086
2.087376
2.068926
2.129311
2.174292
2.079015
2.172170
2.160223
2.149465
2.110113
2.140908
2.143189
2.229303
2.068865
2.223551
2.168910
2.095928
2.071263
2.167118
2.130559
2.208053
2.148175
2.182159
2.151518
2.081819
2.201225
2.154556
2.349157
2.102048
2.143293
2.146988
2.146380
2.091068
2.094863
2.128091
2.137958
2.099927
2.252619
2.221843
2.061336
2.082656
2.114211
2.228244
2.184583
2.110087
2.170651
2.226105
2.114883
2.074382
2.167840
2.122543
2.245834
2.119422
2.260203
2.177125
2.070070
2.102393
2.149578
2.227947
2.246460
2.239144
2.318028
2.147256
2.101894
2.117168
2.183121
2.134715
2.149119
2.180856
2.186401
2.104583
2.098784
2.147654
2.131174
2.177303
2.094632
2.236751
2.234530
2.000553
2.006009
2.031865
2.018923
2.044732
2.010729
2.068578
2.037868
2.002754
2.048558
2.163005
2.061812
2.143079
1.950881
2.024072
2.030627
1.973989
1.938811
2.075721
1.931930
1.993282
1.951388
2.035625
2.107536
2.136167
1.959787
1.941578
1.983486
2.042250
1.928966
1.989279
1.954552
2.024059
1.966990
1.971752
2.027750
1.981254
2.023874
1.973239
2.037982
2.006024
1.953642
1.957851
2.047048
1.963150
2.056966
1.962838
1.959824
2.057745
2.076327
1.970695
1.947547
1.992955
2.012082
1.998522
1.991361
2.008518
1.970970
1.996606
1.952566
2.021710
1.946125
2.026066
1.978164
2.077234
1.999753
1.969931
1.940921
2.025650
1.969011
2.008298
1.930656
2.097799
1.991470
2.187983
1.944777
1.981258
2.018298
2.074093
1.926075
2.073827
2.158506
2.022320
1.929152
1.987321
1.987148
1.970178
2.018548
2.016434
1.956410
2.095941
1.989010
1.969654
2.025909
1.979315
2.034395
1.962816
2.025669
2.010093
1.942450
1.966940
1.933376
2.062691
2.020841
1.975300
2.127760
2.048599
2.074293
1.939301
1.944718
1.996724
2.154505
1.976700
2.068027
2.024899
1.933836
1.948054
1.972147
1.993537
1.938172
2.029895
1.960486
2.055339
1.996285
1.944445
1.949886
1.959045
1.980904
2.012766
1.935110
2.122971
2.092852
2.027007
1.937497
1.950993
1.989774
2.122777
1.937239
1.972639
2.010775
1.974187
1.963434
1.986909
2.010192
2.039022
1.991136
1.952043
2.030792
2.030301
1.986056
1.946431
1.976427
2.060430
1.976497
1.936884
2.025391
2.107405
2.078225
1.948094
1.944107
1.993916
2.037682
1.933541
2.046638
1.992438
1.956719
1.976384
1.936450
2.039451
1.936902
2.026007
1.950276
1.997769
1.970842
1.940945
1.973312
1.969792
2.011933
1.979946
1.943008
2.021977
1.999139
1.937364
1.951834
1.959263
1.998182
1.961520
2.004944
1.956658
2.027798
2.044632
2.031078
2.165885
2.035733
1.996726
2.033452
1.942956
2.111989
1.966262
1.932134
1.979967
1.968341
1.995049
2.013971
1.946497
1.985743
2.037808
1.990478
1.967771
1.960148
2.026720
1.942721
2.073697
1.951317
2.055076
1.988095
1.964650
1.939987
2.032791
1.937571
2.032838
1.950448
2.068146
1.996040
1.943385
1.934138
1.945772
1.984349
2.021771
1.934635
2.031995
2.092912
1.985503
1.944947
1.953470
1.987428
1.945751
2.014906
2.144584
2.060304
1.994731
1.953006
2.003406
1.972236
1.971080
2.029290
1.999766
2.026231
2.103168
1.932478
1.935533
1.933854
1.994301
2.063722
1.974208
2.138194
2.056657
2.078873
1.939334
1.992197
1.981783
2.159342
2.006835
1.961977
1.976554
2.033072
2.012551
1.940607
2.005610
1.934934
2.016253
1.973823
2.036462
2.054135
1.959696
1.940161
1.928832
1.984504
2.008482
1.940273
2.079408
2.048718
1.935529
1.998313
1.930450
2.013114
1.938755
2.024645
1.997929
2.062260
2.013824
1.937836
1.942933
1.983531
1.951780
2.013275
1.975502
2.069297
2.001203
1.958175
1.943339
1.954642
2.010500
2.048119
1.932267
2.136608
1.986752
1.942821
1.964762
1.955456
2.072526
1.935580
2.014274
1.967539
2.014631
1.987462
1.944867
1.936081
2.020623
1.973866
1.997241
1.937264
2.091871
1.991849
1.955867
1.969416
1.967539
1.969761
2.012637
1.937831
1.990047
2.062589
1.956831
1.951775
1.969868
2.034541
1.988098
1.978701
2.000736
2.004874
2.003984
1.940917
1.936476
1.947589
1.987879
2.032814
1.971269
1.990793
2.055002
1.949952
1.952864
1.928074
2.025849
1.929090
2.001623
2.111009
2.101208
1.916255
2.062791
1.976577
2.033924
1.938607
2.040393
1.982923
2.000567
2.000754
1.962731
1.947225
1.946088
1.986778
2.003245
1.944188
2.011558
2.029042
1.947566
1.954296
1.948321
2.010089
1.949684
1.987715
1.953671
1.984829
1.989746
1.931083
1.956164
2.006677
1.951820
1.998636
1.945373
1.950657
1.933514
1.977090
1.989610
1.961912
2.013996
1.936364
2.175548
1.995496
2.158940
1.941608
1.999529
1.952550
1.997257
1.945279
2.004666
1.947931
1.992052
1.990737
1.971878
1.963428
1.971724
2.014116
2.012974
1.936934
2.010601
2.024359
1.970195
1.974906
1.949921
2.011196
1.944864
1.988778
2.020738
2.041767
2.112981
1.947594
1.961606
1.992121
1.944994
1.988692
1.951826
2.001230
1.978350
1.940096
1.944657
1.936368
2.006713
1.983186
1.960966
2.005266
1.972082
1.980442
1.939504
1.962968
1.995146
1.947497
2.001108
1.928093
1.939748
1.975413
2.084345
1.954237
1.950521
1.983398
1.986364
1.947247
2.011518
1.992004
1.920811
1.946773
1.970667
1.995663
1.951045
1.991677
1.948458
1.989858
1.982244
1.940663
1.940256
2.043054
1.944809
1.998020
1.940409
2.009500
1.988158
1.937116
1.946598
1.971915
1.970701
1.939028
2.001363
2.020944
2.099246
2.044765
1.944756
1.943036
2.003387
1.942139
2.024715
1.931148
2.007964
2.001599
2.043987
1.993048
1.943581
2.011809
2.018415
1.944250
2.001152
2.113379
1.971294
1.955065
1.947170
1.997148
1.952537
1.998109
1.972118
1.955464
1.985011
1.999977
1.951180
2.039455
1.972379
1.983754
1.960771
2.029924
1.990216
1.941159
1.955577
1.943483
2.002231
1.991494
1.941423
2.063692
2.050696
1.943273
1.965579
1.928018
1.983109
1.946432
1.989915
1.937172
2.008544
1.981587
1.970587
1.939904
1.952799
2.005035
1.967400
1.936190
1.996922
1.988745
2.085685
1.949460
1.942453
2.020733
1.953956
1.999040
1.938310
1.973687
2.002832
1.965921
1.941140
1.989611
1.943511
1.996999
1.939778
2.033717
2.008570
1.950749
1.951579
1.940454
2.003415
2.133298
1.955771
1.968156
2.038134
2.169050
1.937911
1.940731
1.995476
1.950624
1.989758
1.933096
2.000432
2.017315
1.946107
1.952478
1.948266
1.991679
2.004127
1.950698
2.019664
2.026509
1.938229
1.958733
1.975189
2.025113
1.955767
1.986796
1.983521
2.051479
1.978054
1.947095
1.944081
2.002648
1.953872
1.991001
1.945439
1.989777
2.000353
1.933588
1.954652
1.941454
2.007740
2.012912
1.947268
1.949027
2.013905
1.990547
1.940494
1.958717
1.991399
1.945875
1.992060
1.942425
1.994279
2.023919
1.943412
1.954552
1.975640
1.996133
1.995165
1.960586
2.174456
2.031349
1.943022
1.938865
1.940842
1.986450
1.993829
2.001498
2.010367
2.014259
2.042569
1.969972
1.961573
1.982751
1.970438
2.059555
3.800895
2.488042
2.098443
2.099783
2.152999
2.084377
2.254715
2.118920
2.183015
2.217617
2.093596
2.094250
2.164603
2.130438
2.170997
2.134344
2.191559
2.084599
2.145998
2.097912
2.155812
2.158086
2.134025
2.289423
2.150406
2.149157
2.086636
2.088546
2.131228
2.171811
2.103124
2.172152
2.249728
2.118162
2.172156
2.207651
2.119645
2.258031
2.203639
2.170380
2.083204
2.094615
2.089299
2.156407
2.087353
2.156591
2.119882
2.149122
2.296037
2.088221
2.089870
2.155791
2.201662
2.100632
2.197544
2.230850
2.133889
2.125109
2.099120
2.214941
2.140383
2.081962
2.188627
2.167625
2.097516
2.107576
2.168012
2.116988
2.160931
2.111726
2.122812
2.255881
2.128055
2.121239
2.147073
2.112023
2.158097
2.125033
2.176197
2.115288
2.126593
2.078665
2.161860
2.145082
2.109015
2.176932
2.254356
2.112545
2.107114
2.082255
2.132402
2.140755
2.104276
2.173216
2.146966
2.108504
2.198713
2.153026
2.106803
2.191507
2.108957
2.153810
2.162486
2.118223
2.118120
2.158617
2.118744
2.180398
2.171735
2.163065
2.163240
2.104780
2.123293
2.162138
2.158948
2.079184
2.148676
2.179728
2.142535
2.098742
2.113246
2.143726
2.167877
2.099660
2.148448
2.165137
2.114394
2.114240
2.207848
2.094928
2.130536
2.112246
2.138910
2.141096
2.095078
2.084000
2.151658
2.113112
2.155641
2.107170
2.127987
2.234020
2.154692
2.128271
2.159624
2.111367
2.144501
2.177272
2.192921
2.094429
2.083573
2.098134
2.161280
2.158093
2.122070
2.182946
2.180182
2.156392
2.103002
2.082794
2.149875
2.150715
2.101951
2.167539
2.194011
2.105651
2.114949
2.135103
2.099060
2.142533
2.116183
2.133081
2.235828
2.082538
2.108496
2.160231
2.104413
2.168928
2.097742
2.150753
2.166663
2.098721
2.106032
2.138735
2.090819
2.159669
2.227254
2.302035
2.102122
2.085225
2.111542
2.140169
2.164696
2.075144
2.140250
2.165535
2.096145
2.087405
2.088219
2.152418
2.157801
2.121891
2.174028
2.264398
2.102799
2.095625
2.147594
2.099676
2.159076
2.085523
2.140467
2.201659
2.187673
2.094922
2.141241
2.078647
2.140378
2.152235
2.177859
2.237476
2.117516
2.100422
2.157483
2.171703
2.119611
2.142008
2.207804
2.077187
2.112427
2.094826
2.143395
2.151143
2.119497
2.169774
2.146209
2.093238
2.117311
2.099120
2.212877
2.148047
2.129689
2.161005
2.134152
2.090795
2.089317
2.125626
2.086956
2.151654
2.097939
2.128859
2.274036
2.104137
2.102096
2.129889
2.090894
2.138043
2.243755
2.128388
2.091238
2.086843
2.098188
2.129812
2.198668
2.116396
2.184361
2.133311
2.115464
2.103782
1.963477
1.986921
2.032388
1.939549
1.959130
2.012587
1.982182
1.963068
1.967344
1.993325
1.946535
1.992933
1.951891
1.992630
2.004476
1.946351
1.943082
1.943497
1.980569
2.009173
1.919012
2.043681
2.028034
1.984318
1.980294
1.948544
2.006346
1.924652
2.054045
1.979733
2.008231
2.013332
1.930222
1.959623
2.003414
1.929982
2.017968
1.921938
2.049162
1.992449
1.972766
1.957587
1.950617
2.002242
2.135780
1.930656
2.167403
1.996054
1.983734
1.958518
1.934337
2.010488
1.955541
2.047644
1.941946
2.006985
2.019461
1.992901
1.932083
1.918644
1.989241
1.974269
1.923034
1.973070
2.025844
2.067894
1.934532
1.965700
2.000033
1.952466
1.992128
1.954211
2.004377
1.982872
1.950764
1.949642
2.032936
1.950372
1.991017
1.946472
2.011568
2.002037
1.952945
1.938971
1.947915
2.014516
1.998888
1.974979
2.045113
2.006656
1.952068
1.947591
1.940212
1.992530
1.946200
1.987390
1.942718
2.005390
1.990542
1.944476
1.938636
1.941524
1.997461
1.988373
1.941083
2.024857
2.016766
1.944447
1.958709
1.938443
2.004195
1.963847
2.003642
1.933131
1.991167
1.996202
1.960152
1.966815
1.948347
2.032386
2.002939
1.936932
2.022711
1.983771
1.978703
1.941273
1.979662
1.987153
1.942837
2.177151
1.960220
2.002623
1.946121
1.943732
1.954433
1.999953
1.941610
2.012328
1.949808
1.994926
1.982235
1.947835
