# time ess z_mean
1609059608.140735388 0.000000000 0.000000000
1609059608.141503811 0.000000000 0.000000000
1609059608.165765524 0.000000000 0.000000000
1609059608.190798521 0.000000000 0.000000000
1609059608.191529274 0.000000000 0.000000000
1609059608.215798855 0.000000000 0.000000000
1609059608.216492176 0.000000000 0.000000000
1609059608.265765429 0.000000000 0.000000000
1609059608.266587257 0.000000000 0.000000000
1609059608.290801287 0.000000000 0.000000000
1609059608.291204453 0.000000000 0.000000000
1609059608.316511154 0.000000000 0.000000000
1609059608.340780735 0.000000000 0.000000000
1609059608.365818739 0.000000000 0.000000000
1609059608.366569996 0.000000000 0.000000000
1609059608.390556812 0.000000000 0.000000000
1609059608.391506195 0.000000000 0.000000000
1609059608.440732956 0.000000000 0.000000000
1609059608.441472769 0.000000000 0.000000000
1609059608.465778351 0.000000000 0.000000000
1609059608.466014862 0.000000000 0.000000000
1609059608.491489172 0.000000000 0.000000000
1609059608.515798569 0.000000000 0.000000000
1609059608.540819645 0.000000000 0.000000000
1609059608.541570902 0.000000000 0.000000000
1609059608.565843582 0.000000000 0.000000000
1609059608.615763664 0.000000000 0.000000000
1609059608.616497755 0.000000000 0.000000000
1609059608.640780926 0.000000000 0.000000000
1609059608.641064405 0.000000000 0.000000000
1609059608.665758610 0.000000000 0.000000000
1609059608.666498423 0.000000000 0.000000000
1609059608.690787315 0.000000000 0.000000000
1609059608.715742350 0.000000000 0.000000000
1609059608.716594934 0.000000000 0.000000000
1609059608.740570545 0.000000000 0.000000000
1609059608.741501331 0.000000000 0.000000000
1609059608.790742159 0.000000000 0.000000000
1609059608.791493893 0.000000000 0.000000000
1609059608.815754652 0.000000000 0.000000000
1609059608.816049099 0.000000000 0.000000000
1609059608.841482162 0.000000000 0.000000000
1609059608.865762234 0.000000000 0.000000000
1609059608.890736818 0.000000000 0.000000000
1609059608.891499043 0.000000000 0.000000000
1609059608.915890217 0.000000000 0.000000000
1609059608.916543484 0.000000000 0.000000000
1609059608.965770245 0.000000000 0.000000000
1609059608.966713905 0.000000000 0.000000000
1609059608.990768194 0.000000000 0.000000000
1609059608.991033077 0.000000000 0.000000000
1609059609.016542912 0.000000000 0.000000000
1609059609.040802240 0.000000000 0.000000000
1609059609.065757990 0.000000000 0.000000000
1609059609.066592455 0.000000000 0.000000000
1609059609.090796947 0.000000000 0.000000000
1609059609.091469288 0.000000000 0.000000000
1609059609.140791178 0.000000000 0.000000000
1609059609.141489744 0.000000000 0.000000000
1609059609.165785074 0.000000000 0.000000000
1609059609.166089058 0.000000000 0.000000000
1609059609.190757990 0.000000000 0.000000000
1609059609.191541433 0.000000000 0.000000000
1609059609.215789080 0.000000000 0.000000000
1609059609.216808558 0.000000000 0.000000000
1609059609.240804672 0.000000000 0.000000000
1609059609.242087603 0.000000000 0.000000000
1609059609.265540838 0.000000000 0.000000000
1609059609.266619205 0.000000000 0.000000000
1609059609.315789461 0.000000000 0.000000000
1609059609.316501617 0.000000000 0.000000000
1609059609.340727329 0.000000000 0.000000000
1609059609.341008902 0.000000000 0.000000000
1609059609.366509676 0.000000000 0.000000000
1609059609.390710831 0.000000000 0.000000000
1609059609.415792704 0.000000000 0.000000000
1609059609.416544676 0.000000000 0.000000000
1609059609.440821648 0.000000000 0.000000000
1609059609.441478729 0.000000000 0.000000000
1609059609.490743160 0.000000000 0.000000000
1609059609.491472721 0.000000000 0.000000000
1609059609.515742302 0.000000000 0.000000000
1609059609.516040802 0.000000000 0.000000000
1609059609.541502953 0.000000000 0.000000000
1609059609.565719604 0.000000000 0.000000000
1609059609.566537142 0.000000000 0.000000000
1609059609.590795279 0.000000000 0.000000000
1609059609.591539383 0.000000000 0.000000000
1609059609.615810871 0.000000000 0.000000000
1609059609.616541147 0.000000000 0.000000000
1609059609.665716171 0.000000000 0.000000000
1609059609.666479349 0.000000000 0.000000000
1609059609.690874338 0.000000000 0.000000000
1609059609.691097736 0.000000000 0.000000000
1609059609.716495514 0.000000000 0.000000000
1609059609.740719080 0.000000000 0.000000000
1609059609.741493702 0.000000000 0.000000000
1609059609.765725851 0.000000000 0.000000000
1609059609.766552448 0.000000000 0.000000000
1609059609.790795803 0.000000000 0.000000000
1609059609.791789770 0.000000000 0.000000000
1609059609.840747356 0.000000000 0.000000000
1609059609.841444492 0.000000000 0.000000000
1609059609.865870237 0.000000000 0.000000000
1609059609.866132975 0.000000000 0.000000000
1609059609.891484499 0.000000000 0.000000000
1609059609.915766239 0.000000000 0.000000000
1609059609.940806866 0.000000000 0.000000000
1609059609.941873550 0.000000000 0.000000000
1609059609.965772390 0.000000000 0.000000000
1609059609.966530800 0.000000000 0.000000000
1609059610.015705347 0.000000000 0.000000000
1609059610.016772509 0.000000000 0.000000000
1609059610.040794373 0.000000000 0.000000000
1609059610.041111708 0.000000000 0.000000000
1609059610.066522837 0.000000000 0.000000000
1609059610.090739012 0.000000000 0.000000000
1609059610.115755320 0.000000000 0.000000000
1609059610.116521120 0.000000000 0.000000000
1609059610.140791655 0.000000000 0.000000000
1609059610.141543627 0.000000000 0.000000000
1609059610.190737724 0.000000000 0.000000000
1609059610.191484928 0.000000000 0.000000000
1609059610.215786934 0.000000000 0.000000000
1609059610.216005087 0.000000000 0.000000000
1609059610.241441965 0.000000000 0.000000000
1609059610.265720367 0.000000000 0.000000000
1609059610.290748119 0.000000000 0.000000000
1609059610.291527748 0.000000000 0.000000000
1609059610.315598488 0.000000000 0.000000000
1609059610.316524982 0.000000000 0.000000000
1609059610.365795851 0.000000000 0.000000000
1609059610.366509914 0.000000000 0.000000000
1609059610.390744686 0.000000000 0.000000000
1609059610.391085148 0.000000000 0.000000000
1609059610.416443348 0.000000000 0.000000000
1609059610.440856695 0.000000000 0.000000000
1609059610.442071915 0.000000000 0.000000000
1609059610.465727329 0.000000000 0.000000000
1609059610.466679811 0.000000000 0.000000000
1609059610.490803719 0.000000000 0.000000000
1609059610.491506815 0.000000000 0.000000000
1609059610.540670156 0.000000000 0.000000000
1609059610.541455269 0.000000000 0.000000000
1609059610.565723658 0.000000000 0.000000000
1609059610.566028357 0.000000000 0.000000000
1609059610.591473103 0.000000000 0.000000000
1609059610.615716934 0.000000000 0.000000000
1609059610.640766144 0.000000000 0.000000000
1609059610.641473770 0.000000000 0.000000000
1609059610.665771723 0.000000000 0.000000000
1609059610.666480541 0.000000000 0.000000000
1609059610.715694427 0.000000000 0.000000000
1609059610.716521740 0.000000000 0.000000000
1609059610.740747213 0.000000000 0.000000000
1609059610.741030216 0.000000000 0.000000000
1609059610.766452789 0.000000000 0.000000000
1609059610.790696859 0.000000000 0.000000000
1609059610.815705299 0.000000000 0.000000000
1609059610.816502333 0.000000000 0.000000000
1609059610.841085196 0.000000000 0.000000000
1609059610.841485023 0.000000000 0.000000000
1609059610.890683174 0.000000000 0.000000000
1609059610.891415834 0.000000000 0.000000000
1609059610.915717363 0.000000000 0.000000000
1609059610.915992260 0.000000000 0.000000000
1609059610.941422462 0.000000000 0.000000000
1609059610.965782166 0.000000000 0.000000000
1609059610.966503859 0.000000000 0.000000000
1609059610.990727663 0.000000000 0.000000000
1609059610.991469383 0.000000000 0.000000000
1609059611.015472412 0.000000000 0.000000000
1609059611.016517878 0.000000000 0.000000000
1609059611.065644026 0.000000000 0.000000000
1609059611.067375660 0.000000000 0.000000000
1609059611.090732813 0.000000000 0.000000000
1609059611.090999603 0.000000000 0.000000000
1609059611.116426945 0.000000000 0.000000000
1609059611.140714884 0.000000000 0.000000000
1609059611.165682077 0.000000000 0.000000000
1609059611.166549683 0.000000000 0.000000000
1609059611.191566944 0.000000000 0.000000000
1609059611.241415977 0.000000000 0.000000000
1609059611.267220974 0.000000000 0.000000000
1609059611.267627954 0.000000000 0.000000000
1609059611.291443825 0.000000000 0.000000000
1609059611.315701962 0.000000000 0.000000000
1609059611.316458941 0.000000000 0.000000000
1609059611.340712070 0.000000000 0.000000000
1609059611.341435194 0.000000000 0.000000000
1609059611.365744829 0.000000000 0.000000000
1609059611.366607428 0.000000000 0.000000000
1609059611.415668011 0.000000000 0.000000000
1609059611.416431665 0.000000000 0.000000000
1609059611.440669537 0.000000000 0.000000000
1609059611.440950871 0.000000000 0.000000000
1609059611.466394424 0.000000000 0.000000000
1609059611.490697622 0.000000000 0.000000000
1609059611.515710115 0.000000000 0.000000000
1609059611.516526461 0.000000000 0.000000000
1609059611.540760279 0.000000000 0.000000000
1609059611.541518211 0.000000000 0.000000000
1609059611.590667486 0.000000000 0.000000000
1609059611.591423273 0.000000000 0.000000000
1609059611.615756750 0.000000000 0.000000000
1609059611.616031408 0.000000000 0.000000000
1609059611.641455650 0.000000000 0.000000000
1609059611.665710926 0.000000000 0.000000000
1609059611.666418552 0.000000000 0.000000000
1609059611.690743923 0.000000000 0.000000000
1609059611.691492796 0.000000000 0.000000000
1609059611.715764523 0.000000000 0.000000000
1609059611.716457844 0.000000000 0.000000000
1609059611.765667439 0.000000000 0.000000000
1609059611.766447544 0.000000000 0.000000000
1609059611.790704727 0.000000000 0.000000000
1609059611.790923595 0.000000000 0.000000000
1609059611.816422701 0.000000000 0.000000000
1609059611.840939283 0.000000000 0.000000000
1609059611.841398001 0.000000000 0.000000000
1609059611.865669012 0.000000000 0.000000000
1609059611.866421461 0.000000000 0.000000000
1609059611.890769482 0.000000000 0.000000000
1609059611.891436815 0.000000000 0.000000000
1609059611.940933228 0.000000000 0.000000000
1609059611.941433430 0.000000000 0.000000000
1609059611.965721369 0.000000000 0.000000000
1609059611.965999126 0.000000000 0.000000000
1609059611.991410017 0.000000000 0.000000000
1609059612.015679121 0.000000000 0.000000000
1609059612.043413639 0.000000000 0.000000000
1609059612.043687582 0.000000000 0.000000000
1609059612.065735579 0.000000000 0.000000000
1609059612.066433191 0.000000000 0.000000000
1609059612.115676165 0.000000000 0.000000000
1609059612.116367817 0.000000000 0.000000000
1609059612.140673876 0.000000000 0.000000000
1609059612.140932083 0.000000000 0.000000000
1609059612.166435242 0.000000000 0.000000000
1609059612.190673351 0.000000000 0.000000000
1609059612.215706825 0.000000000 0.000000000
1609059612.216465950 0.000000000 0.000000000
1609059612.240470886 0.000000000 0.000000000
1609059612.241490841 0.000000000 0.000000000
1609059612.290695190 0.000000000 0.000000000
1609059612.291402340 0.000000000 0.000000000
1609059612.315720558 0.000000000 0.000000000
1609059612.316025496 0.000000000 0.000000000
1609059612.341421843 0.000000000 0.000000000
1609059612.365675449 0.000000000 0.000000000
1609059612.390675306 0.000000000 0.000000000
1609059612.391442299 0.000000000 0.000000000
1609059612.415864944 13.535211268 -3.827773627
1609059612.416489840 149.710926694 -3.842326618
1609059612.465638399 25.850586566 -3.923624408
1609059612.466403484 424.380335708 -3.919090717
1609059612.490667343 34.021776032 -3.948933481
1609059612.490944386 259.464952002 -3.932599472
1609059612.516374350 126.966998275 -3.974925182
1609059612.540689468 88.801120890 -4.010263328
1609059612.567623138 78.998957725 -4.048292488
1609059612.567814589 468.216992994 -4.049429432
1609059612.590510130 53.692843824 -4.092191916
1609059612.591468096 269.594501025 -4.098560514
1609059612.640662432 18.901280556 -4.179418215
1609059612.643532276 382.343152103 -4.181367182
1609059612.665689945 93.299192835 -4.229365380
1609059612.665990591 371.366937800 -4.213835890
1609059612.691386461 74.171659255 -4.254210271
1609059612.715683222 36.596326680 -4.293190329
1609059612.740696192 52.741261738 -4.293987807
1609059612.741420984 471.683590758 -4.277121716
1609059612.765462637 152.868331910 -4.312828754
1609059612.766444206 214.612140514 -4.321865987
1609059612.815628052 9.665803383 -4.399797103
1609059612.816389322 505.288031476 -4.386798064
1609059612.840702295 41.273955183 -4.425046280
1609059612.840948582 400.803952818 -4.422635595
1609059612.866377831 84.894283048 -4.458258953
1609059612.890689373 46.269203444 -4.498616564
1609059612.891492367 476.617454516 -4.503627153
1609059612.915684700 110.519478677 -4.546237833
1609059612.916450262 380.902102189 -4.546529186
1609059612.940722704 42.805394999 -4.590633959
1609059612.941440105 272.606933051 -4.610160692
1609059612.990652800 4.673129012 -4.724885733
1609059612.991431236 480.300138278 -4.746863414
1609059613.015682459 120.150339749 -4.787240761
1609059613.016246796 373.307746953 -4.792985302
1609059613.041372299 67.354021171 -4.839247284
1609059613.065609455 46.132588968 -4.889881422
1609059613.090691805 149.241058092 -4.944930981
1609059613.091470480 528.247399330 -4.948204199
1609059613.115691185 51.049504047 -4.997440707
1609059613.116413593 387.907476387 -5.021243839
1609059613.165610790 77.488028823 -5.124276332
1609059613.166427612 524.576259933 -5.128057131
1609059613.191587925 66.560229780 -5.156969172
1609059613.191741228 370.466922095 -5.116967596
1609059613.216400385 189.221759103 -5.110542190
1609059613.240649700 96.586317084 -5.126490395
1609059613.265683413 38.805128580 -5.173014118
1609059613.266511679 302.100214937 -5.205606620
1609059613.290725470 155.927427071 -5.254581886
1609059613.291485310 432.109652083 -5.249517942
1609059613.340638161 94.106636448 -5.313209230
1609059613.341678381 486.269468392 -5.300050931
1609059613.365682125 224.934965099 -5.333867657
1609059613.365963459 399.236341522 -5.348104915
1609059613.391430140 189.893835063 -5.404031904
1609059613.415637493 87.019185209 -5.442170682
1609059613.440755844 108.679692905 -5.475390212
1609059613.444342136 477.942604579 -5.468459318
1609059613.465737820 213.263160242 -5.490215992
1609059613.466497183 405.278545026 -5.482356743
1609059613.515620708 114.633375479 -5.553480261
1609059613.516433716 412.139558421 -5.545238264
1609059613.540671110 184.423557693 -5.583432206
1609059613.540951490 385.802914519 -5.586887280
1609059613.566455126 192.603158701 -5.633404530
1609059613.590656757 93.668206398 -5.683999729
1609059613.615669727 166.666465567 -5.727332988
1609059613.616436005 373.923413808 -5.741071655
1609059613.640402794 241.309516840 -5.776056796
1609059613.641466618 348.428648687 -5.782623763
1609059613.690647364 105.748402294 -5.857528934
1609059613.691407919 397.117329107 -5.856219483
1609059613.715642452 146.063380401 -5.886946008
1609059613.715922356 243.490479030 -5.862403109
1609059613.741390467 176.319963302 -5.882822219
1609059613.765612125 162.334678912 -5.903380561
1609059613.766450644 384.728668120 -5.908876579
1609059613.790671825 203.842949589 -5.934767142
1609059613.791377783 337.760541783 -5.930259778
1609059613.815446377 243.031941317 -5.969263611
1609059613.816488028 481.306607814 -5.970253003
1609059613.865619659 161.709585529 -6.035417146
1609059613.866369009 337.377314437 -6.026133811
1609059613.890649796 251.209369822 -6.050275151
1609059613.890936375 333.630056022 -6.047960570
1609059613.916379213 186.463747846 -6.091711520
1609059613.941308498 193.514988670 -6.126893035
1609059613.965656042 249.016538544 -6.153330144
1609059613.966456890 479.353842606 -6.144777710
1609059613.990702152 252.761882653 -6.181324412
1609059613.991482019 304.207794903 -6.157959012
1609059614.040731668 102.409512555 -6.176606786
1609059614.043239832 331.925852896 -6.204679217
1609059614.065664768 385.967059440 -6.291076557
1609059614.065914631 542.800312603 -6.327803040
1609059614.093009233 76.479523217 -6.390084388
1609059614.115596771 291.051831201 -6.421481220
1609059614.116350174 560.285278422 -6.415012726
1609059614.140712023 162.240339487 -6.453458645
1609059614.141414165 609.287501901 -6.448441582
1609059614.165683985 195.917516745 -6.487805934
1609059614.166434526 535.302172025 -6.489218186
1609059614.215583563 81.758248625 -6.577497493
1609059614.216372490 437.173178786 -6.598107782
1609059614.240653038 299.604617457 -6.648225124
1609059614.240988970 491.948204910 -6.635707782
1609059614.266426325 322.522792415 -6.652803602
1609059614.290667057 261.105865543 -6.650631710
1609059614.291387320 423.923475809 -6.636594978
1609059614.315682888 431.296533960 -6.660993874
1609059614.316413403 572.160811636 -6.658882645
1609059614.340789318 142.506277700 -6.701057016
1609059614.341613054 579.412750100 -6.704765263
1609059614.390631676 92.892476506 -6.796408930
1609059614.391335726 423.349716407 -6.793998352
1609059614.415660620 419.185163428 -6.820379239
1609059614.415900946 472.921884643 -6.818605348
1609059614.441406012 377.561765199 -6.851493182
1609059614.465635777 374.011307303 -6.879174387
1609059614.490648508 222.566987978 -6.914009447
1609059614.491410732 338.114367733 -6.921140377
1609059614.515424252 368.514924449 -6.969900401
1609059614.516372919 588.610299585 -6.971987265
1609059614.565620422 110.457054500 -7.053365750
1609059614.566382408 474.949925878 -7.058986941
1609059614.590669632 412.880869511 -7.098134254
1609059614.590898752 424.943332304 -7.078645669
1609059614.616341829 278.846944237 -7.063325744
1609059614.640667677 327.321451080 -7.050586282
1609059614.641395092 441.926387489 -7.017770929
1609059614.665673256 385.752848725 -7.012029947
1609059614.666471243 509.190382617 -6.987754027
1609059614.690665483 130.175284875 -7.001965867
1609059614.691415310 596.973934142 -6.995391475
1609059614.740641832 102.485069937 -7.063433522
1609059614.741418123 578.177053848 -7.071306955
1609059614.765645266 229.516279623 -7.104128887
1609059614.765973806 645.370918384 -7.099704101
1609059614.790617228 196.448651201 -7.118663861
1609059614.791341782 531.829750381 -7.103004846
1609059614.815649509 85.782315568 -7.112286910
1609059614.816345215 518.049446707 -7.096015233
1609059614.840636730 181.654481975 -7.113830162
1609059614.842098475 646.764589432 -7.116442356
1609059614.865668297 150.118805986 -7.134485613
1609059614.866431475 578.538553996 -7.126521167
1609059614.915636301 105.020313359 -7.168287730
1609059614.916346312 376.054168275 -7.131415391
1609059614.941554546 438.284706489 -7.126969237
1609059614.942273378 605.794324951 -7.110822522
1609059614.966388226 200.230609755 -7.130102183
1609059614.990590811 492.014608244 -7.146570675
1609059614.991340160 648.381365293 -7.134835989
1609059615.015655994 245.455178965 -7.150256783
1609059615.016412258 607.346244035 -7.136773890
1609059615.040445328 142.721939811 -7.146385728
1609059615.041403532 531.786548185 -7.130573798
1609059615.090582371 107.146715041 -7.170215730
1609059615.091325521 507.441248957 -7.139380635
1609059615.115648270 174.859421541 -7.148864640
1609059615.115885496 652.749471556 -7.132214018
1609059615.141343594 255.543173064 -7.147187556
1609059615.165624619 451.276146232 -7.167768642
1609059615.166398287 523.612858093 -7.153023113
1609059615.190629482 100.971054642 -7.160667741
1609059615.191399574 512.267518046 -7.143681319
1609059615.215677500 119.720844960 -7.163122328
1609059615.216426373 609.735411409 -7.158579203
1609059615.265566587 170.945144349 -7.200173030
1609059615.266394854 563.347539513 -7.193226386
1609059615.290689945 205.879549499 -7.220468820
1609059615.291019917 688.378323663 -7.216164407
1609059615.316347837 223.018177739 -7.234124314
1609059615.340599060 435.717117705 -7.238392968
1609059615.365604639 410.642688533 -7.247983223
1609059615.366400003 505.098005950 -7.231564218
1609059615.390396118 95.648343441 -7.246909258
1609059615.391453981 484.608816418 -7.251381919
1609059615.440567970 381.765102102 -7.322488481
1609059615.441354513 566.043640887 -7.323032636
1609059615.465627909 122.137695697 -7.344016266
1609059615.465918541 567.239537983 -7.346999097
1609059615.491361618 123.985306562 -7.392435750
1609059615.515858889 413.210478500 -7.425322402
1609059615.540686607 328.398711448 -7.449643905
1609059615.541548967 351.787971805 -7.440468394
1609059615.565653324 389.093574234 -7.448830856
1609059615.566438913 598.506122792 -7.435642621
1609059615.615638971 162.391972179 -7.488657163
1609059615.640649796 312.444747595 -7.510237675
1609059615.641199350 346.390616182 -7.496105984
1609059615.666327953 342.429657880 -7.512386261
1609059615.690593958 303.301711797 -7.522789774
1609059615.691330671 444.576222714 -7.495315675
1609059615.715598822 484.303231314 -7.504417492
1609059615.716398239 581.470018501 -7.490607947
1609059615.740413189 179.678685145 -7.504337364
1609059615.741355896 667.560793723 -7.493653602
1609059615.790638447 159.869275597 -7.553878422
1609059615.791374683 499.650610757 -7.539965773
1609059615.815644979 441.349554311 -7.569581038
1609059615.815884113 569.079843719 -7.559334021
1609059615.841350555 161.153471525 -7.580282383
1609059615.865607262 403.779882900 -7.586684956
1609059615.866328239 547.258043826 -7.556024009
1609059615.890601873 95.792214134 -7.561278334
1609059615.891388416 461.543590803 -7.522952602
1609059615.915657520 402.931177321 -7.522191061
1609059615.916382313 498.688441947 -7.496750348
1609059615.966059446 233.134063818 -7.536563359
1609059615.966458321 340.426527539 -7.497071290
1609059615.990610123 347.072731468 -7.487085992
1609059615.990872145 545.367073989 -7.451697726
1609059616.015558481 142.107858419 -7.462953492
1609059616.016311407 596.464168623 -7.443667126
1609059616.040606499 197.513341528 -7.465617200
1609059616.065603256 349.646532049 -7.484076598
1609059616.066393137 440.327750756 -7.459813293
1609059616.090659618 410.699454081 -7.480298266
1609059616.091429234 613.125855361 -7.472651352
1609059616.140713930 123.895566023 -7.527822480
1609059616.141398430 444.633367580 -7.528528294
1609059616.165606022 425.330172750 -7.554035017
1609059616.165899515 552.495514716 -7.548511929
1609059616.191390991 91.814180189 -7.578227337
1609059616.215586424 322.713522535 -7.605115788
1609059616.240630865 173.152498932 -7.607813243
1609059616.241420507 346.836111771 -7.567344568
1609059616.265613794 434.204989812 -7.575545290
1609059616.266463518 540.226108842 -7.565951234
1609059616.316096783 109.022501294 -7.605169371
1609059616.316363096 557.365222520 -7.577288879
1609059616.340673685 122.142821011 -7.596253981
1609059616.340984821 551.335263856 -7.583607738
1609059616.365571022 122.860471574 -7.611118580
1609059616.366337061 449.681644425 -7.606542256
1609059616.390613794 289.413903477 -7.645493850
1609059616.415626764 157.133754956 -7.660790454
1609059616.416311026 359.198740083 -7.623932114
1609059616.440663338 292.814308598 -7.632993989
1609059616.441781998 265.820872345 -7.599638815
1609059616.490540504 144.556087566 -7.636573912
1609059616.491319180 401.915419995 -7.604304567
1609059616.515572786 367.192127826 -7.605620678
1609059616.515862942 592.971135079 -7.580489902
1609059616.541313887 152.570675742 -7.600282768
1609059616.565577030 352.674141308 -7.607488619
1609059616.590633869 284.487671608 -7.622064187
1609059616.591340303 452.166779183 -7.604924702
1609059616.615616560 345.232958078 -7.623499372
1609059616.616321802 485.151460922 -7.604382686
1609059616.665578604 63.365461689 -7.639005300
1609059616.690578222 100.021437471 -7.590265453
1609059616.690858364 601.641860205 -7.566752469
1609059616.716316223 181.952447435 -7.594871676
1609059616.740563154 274.844421144 -7.615162991
1609059616.746071815 360.577015942 -7.612810742
1609059616.765587330 363.222258509 -7.633366204
1609059616.766547680 524.041405314 -7.619245847
1609059616.790352821 120.511292566 -7.634409419
1609059616.791366100 583.762073528 -7.616619078
1609059616.840543985 35.974974974 -7.640561045
1609059616.841314793 412.350377459 -7.598573749
1609059616.865636826 421.834524880 -7.600683345
1609059616.865937948 512.364851348 -7.579353743
1609059616.891313791 126.965412168 -7.592529021
1609059616.915583611 248.077750687 -7.627045399
1609059616.940603971 199.737845636 -7.638759660
1609059616.941366434 509.104384532 -7.617621611
1609059616.965692282 108.233082112 -7.640125970
1609059617.015591860 84.591809757 -7.678389447
1609059617.016304731 317.465735107 -7.654471374
1609059617.040626049 347.668769022 -7.672497934
1609059617.041092873 504.049903946 -7.662177247
1609059617.065590143 112.132279775 -7.683013375
1609059617.066327095 505.558760662 -7.677498584
1609059617.090567112 66.168664376 -7.713133957
1609059617.091311216 573.789142532 -7.718151545
1609059617.115568876 144.759151265 -7.737953052
1609059617.116399765 530.846724083 -7.723550368
1609059617.140632391 72.035423417 -7.734572029
1609059617.141368389 392.987299534 -7.708378233
1609059617.190541029 114.039873455 -7.738436955
1609059617.191306591 392.145520540 -7.720841946
1609059617.215607643 263.480537593 -7.741418324
1609059617.215846777 420.554492631 -7.726180938
1609059617.241320610 217.650726880 -7.731420808
1609059617.290576220 14.511216063 -7.732939923
1609059617.291350842 300.893787235 -7.702328626
1609059617.315353394 289.610863502 -7.720386730
1609059617.316353559 437.194204427 -7.707310049
1609059617.365691185 150.414610920 -7.745148125
1609059617.366321564 451.325806601 -7.727445641
1609059617.390594482 255.826292562 -7.739218078
1609059617.390841007 465.251316934 -7.727492898
1609059617.416329622 216.021964328 -7.749451658
1609059617.465589523 40.917180647 -7.758961304
1609059617.466298580 284.934643332 -7.695321273
1609059617.490625858 170.822200862 -7.692531073
1609059617.491312504 337.437890804 -7.669285465
1609059617.540529966 120.376673459 -7.700472354
1609059617.541274309 455.635640686 -7.670534809
1609059617.565596104 258.807748383 -7.688573159
1609059617.565887213 486.472715196 -7.673140903
1609059617.591312885 230.794025774 -7.692129929
1609059617.615567923 71.683272034 -7.685651403
1609059617.640595436 64.532002428 -7.659435558
1609059617.641597271 252.654469792 -7.650583423
1609059617.665641069 176.234055355 -7.670599923
1609059617.666362286 336.368124710 -7.664419706
1609059617.715556383 137.635613076 -7.721318652
1609059617.716305733 411.895393260 -7.703441435
1609059617.740578890 103.120171074 -7.701546844
1609059617.740837574 264.243006967 -7.637375133
1609059617.766373158 171.658679450 -7.643122306
1609059617.790573120 141.570284116 -7.661068854
1609059617.791311979 331.746477104 -7.666994482
1609059617.815584898 192.900771452 -7.691534745
1609059617.816309690 250.254595776 -7.698859783
1609059617.840644121 154.230321059 -7.720363907
1609059617.841332197 411.844853383 -7.728189781
1609059617.890527725 22.175276993 -7.782527780
1609059617.891281366 261.657707799 -7.751195743
1609059617.915586948 232.976876019 -7.756400155
1609059617.916169405 422.550341358 -7.742495008
1609059617.941324949 151.427166533 -7.749745321
1609059617.965560436 66.648806592 -7.735051903
1609059617.990923643 162.884526191 -7.740039449
1609059617.991375923 388.300794655 -7.741768046
1609059618.015378475 105.162734843 -7.770603309
1609059618.016313791 347.233191421 -7.756383780
1609059618.065530300 47.164963269 -7.789261367
1609059618.066314459 227.248992670 -7.803196133
1609059618.090584040 123.625687442 -7.836386010
1609059618.090863466 309.176071386 -7.833298382
1609059618.116304636 108.942325164 -7.855226938
1609059618.140768766 93.528236827 -7.873169885
1609059618.141774178 444.242781798 -7.866275301
1609059618.165542126 213.306711964 -7.884373473
1609059618.166444063 297.821964007 -7.878003907
1609059618.191309452 178.274074046 -7.890418479
1609059618.240604401 46.136809612 -7.904009908
1609059618.241541624 445.756032652 -7.872065543
1609059618.265619755 3.176709799 -7.828331324
1609059618.265895128 564.779760614 -7.789132375
1609059618.291297674 123.246796619 -7.811761437
1609059618.315573692 110.537656559 -7.819770187
1609059618.340559006 101.674160874 -7.813682732
1609059618.341308832 233.279092522 -7.794665183
1609059618.365404844 142.032178085 -7.790204551
1609059618.367488146 237.708838929 -7.758687525
1609059618.415528059 43.032305952 -7.772519391
1609059618.416368246 364.157805318 -7.765770181
1609059618.440619707 90.648574056 -7.778417513
1609059618.441307545 373.165966143 -7.755428722
1609059618.466297865 42.041196298 -7.776580599
1609059618.490571976 46.076554174 -7.786367279
1609059618.515559912 65.135151586 -7.794801491
1609059618.516411543 399.080069104 -7.791810198
1609059618.540358782 145.224980704 -7.823072017
1609059618.541409969 424.136463457 -7.812098758
1609059618.590526342 77.827818361 -7.849345516
1609059618.591279984 472.662016627 -7.852925634
1609059618.615615129 126.731233278 -7.876493724
1609059618.616012812 228.708797134 -7.882470410
1609059618.641728163 49.800927965 -7.912850694
1609059618.665538073 64.375043353 -7.939993373
1609059618.690639973 75.334748838 -7.960377804
1609059618.691353559 449.824926935 -7.937238069
1609059618.715582609 114.375844018 -7.947016386
1609059618.716371059 377.505420691 -7.930264597
1609059618.765534163 17.254842708 -7.992231549
1609059618.766304970 459.019222391 -8.008664626
1609059618.790546894 213.409681693 -8.032404775
1609059618.791507959 272.267602199 -8.027144745
1609059618.816262722 60.754256992 -8.030509572
1609059618.840545177 36.414821709 -8.051414745
1609059618.843221664 166.137336158 -8.056285781
1609059618.865540266 121.263067042 -8.072294592
1609059618.866354465 375.525087671 -8.073901470
1609059618.890333891 70.844291550 -8.089039352
1609059618.891268253 246.945400199 -8.046568045
1609059618.941251516 8.668867434 -8.042330055
1609059618.965539932 56.763049483 -8.012434847
1609059618.965827942 450.795657305 -7.996711291
1609059618.990550280 139.469342670 -8.014867320
1609059618.991304874 475.880521546 -8.007290204
1609059619.015542507 105.958058944 -8.025913009
1609059619.016348839 340.767472019 -8.033828158
1609059619.040578365 68.002397011 -8.069432240
1609059619.041311026 364.997713428 -8.073077072
1609059619.065591097 108.865693349 -8.093326504
1609059619.066273689 396.204654955 -8.077447256
1609059619.115537405 3.250509603 -8.129553204
1609059619.116260767 565.998367953 -8.126903666
1609059619.140535116 45.082260990 -8.169863984
1609059619.140849829 302.966374163 -8.192572480
1609059619.165694237 113.371348582 -8.227500715
1609059619.166455030 435.204283095 -8.226312971
1609059619.190586329 31.782967034 -8.257487517
1609059619.191289902 318.317830984 -8.285080775
1609059619.215562820 90.189568821 -8.312229981
1609059619.216377258 386.985712303 -8.304703846
1609059619.240636349 106.819301429 -8.317046371
1609059619.241332531 410.655412076 -8.291857541
1609059619.290522575 9.798030235 -8.301123983
1609059619.291260242 581.574514896 -8.298280899
1609059619.315529585 29.343576795 -8.344169096
1609059619.315811157 494.441506065 -8.341162227
1609059619.341252804 13.914357633 -8.342469225
1609059619.365544558 32.287230968 -8.332243909
1609059619.366410971 379.619956252 -8.339681569
1609059619.390545845 43.832713664 -8.378134851
1609059619.391330004 154.255838953 -8.383510296
1609059619.415562391 100.205034692 -8.410779395
1609059619.416284561 404.519807782 -8.405884161
1609059619.465642929 27.843910804 -8.444417543
1609059619.466305733 467.748824335 -8.405343490
1609059619.490588903 78.886592284 -8.399639573
1609059619.490921259 431.828285780 -8.370464905
1609059619.515536308 83.780396473 -8.386020360
1609059619.516398430 411.365959635 -8.389009334
1609059619.540521145 22.419490413 -8.429639505
1609059619.565558434 39.981033820 -8.498339943
1609059619.566367388 442.161871291 -8.509579793
1609059619.590598822 58.578404183 -8.532427962
1609059619.591366768 359.939824079 -8.527485063
1609059619.640526295 67.322583422 -8.577553968
1609059619.641443014 259.405969043 -8.571953136
1609059619.665562630 75.022889502 -8.578233787
1609059619.665827274 440.600975718 -8.562936327
1609059619.691339016 59.820518810 -8.552185034
1609059619.716022968 56.547734480 -8.546483256
1609059619.741290092 36.565229912 -8.543561691
1609059619.741599321 328.410243888 -8.527027690
1609059619.765583277 132.934567704 -8.555815555
1609059619.766485214 257.554107509 -8.569940500
1609059619.815534115 9.799905365 -8.612790435
1609059619.816697121 418.862058185 -8.620004653
1609059619.840581179 41.061705842 -8.633491990
1609059619.840804100 348.271060356 -8.611214766
1609059619.866253853 62.397742024 -8.619481563
1609059619.890520334 67.028640927 -8.622177377
1609059619.915550232 5.668291184 -8.630580075
1609059619.916313648 434.431561183 -8.618629926
1609059619.940593958 53.238072722 -8.641124328
1609059619.941365957 434.461855382 -8.630016178
1609059619.990528107 42.400398415 -8.672235545
1609059619.991232157 196.924290619 -8.673063263
1609059620.015530348 25.155005881 -8.690908370
1609059620.015795708 400.725200030 -8.688352133
1609059620.041246653 6.516947538 -8.719588174
1609059620.065510511 5.549802377 -8.770696758
1609059620.090562344 13.826248335 -8.819107490
1609059620.097275734 164.612527651 -8.824132395
1609059620.115601063 116.741648503 -8.844882829
1609059620.116354704 370.430862714 -8.828773114
1609059620.165509701 8.499134806 -8.869468999
1609059620.166444778 297.619337829 -8.874005485
1609059620.190553665 22.947358852 -8.888566909
1609059620.191348076 333.505948566 -8.866218226
1609059620.216275930 42.237783172 -8.866947846
1609059620.240530252 6.925125762 -8.851909221
1609059620.265527248 72.114307497 -8.866419343
1609059620.266452074 530.063069388 -8.860595388
1609059620.290303469 53.102704077 -8.883099745
1609059620.291240454 191.006392324 -8.878906227
1609059620.340547562 13.743807977 -8.915175633
1609059620.341241121 587.628437900 -8.917063416
1609059620.365617752 27.549885238 -8.943979255
1609059620.366338253 456.094131087 -8.924465278
1609059620.391288280 67.150158403 -8.914861934
1609059620.415529251 60.655256541 -8.892509097
1609059620.440529585 65.835629769 -8.907008541
1609059620.441472054 194.192734784 -8.918254317
1609059620.465557098 57.912657171 -8.943658014
1609059620.466330290 443.322495960 -8.926770565
1609059620.515454292 6.163681009 -8.967417578
1609059620.516228914 183.240491531 -8.987729415
1609059620.540527105 1.977493005 -8.981506752
1609059620.540827513 716.808294017 -8.971150931
1609059620.566343784 57.174110559 -8.998453252
1609059620.590488911 44.945569272 -9.029031479
1609059620.591273069 430.468155006 -9.030101330
1609059620.615735769 30.546522422 -9.048894227
1609059620.616287231 352.599287179 -9.030012792
1609059620.640325546 30.638070575 -9.039364167
1609059620.641274929 394.189413259 -9.033095216
1609059620.690489531 0.000000000 0.000000000
1609059620.691227913 0.000000000 0.000000000
1609059620.715559959 0.000000000 0.000000000
1609059620.715775967 0.000000000 0.000000000
1609059620.741236448 0.000000000 0.000000000
1609059620.765502214 0.000000000 0.000000000
1609059620.790524244 0.000000000 0.000000000
1609059620.791318417 0.000000000 0.000000000
1609059620.815597773 0.000000000 0.000000000
1609059620.816299200 0.000000000 0.000000000
1609059620.865495443 0.000000000 0.000000000
1609059620.866229296 0.000000000 0.000000000
1609059620.890591383 0.000000000 0.000000000
1609059620.890804768 0.000000000 0.000000000
1609059620.916264534 0.000000000 0.000000000
1609059620.940498114 0.000000000 0.000000000
1609059620.965732574 0.000000000 0.000000000
1609059620.966367245 0.000000000 0.000000000
1609059620.990293980 0.000000000 0.000000000
1609059620.991246223 0.000000000 0.000000000
1609059621.040475845 0.000000000 0.000000000
1609059621.041271687 0.000000000 0.000000000
1609059621.065526485 0.000000000 0.000000000
1609059621.065804005 0.000000000 0.000000000
1609059621.091265202 0.000000000 0.000000000
1609059621.115494251 0.000000000 0.000000000
1609059621.140512466 0.000000000 0.000000000
1609059621.141255856 0.000000000 0.000000000
1609059621.165739775 0.000000000 0.000000000
1609059621.166634083 0.000000000 0.000000000
1609059621.215483189 0.000000000 0.000000000
1609059621.216249704 0.000000000 0.000000000
1609059621.240553617 0.000000000 0.000000000
1609059621.240831852 0.000000000 0.000000000
1609059621.266300201 0.000000000 0.000000000
1609059621.290496349 0.000000000 0.000000000
1609059621.291260719 0.000000000 0.000000000
1609059621.315507174 0.000000000 0.000000000
1609059621.316311121 0.000000000 0.000000000
1609059621.340563059 0.000000000 0.000000000
1609059621.341221809 0.000000000 0.000000000
1609059621.390504360 0.000000000 0.000000000
1609059621.391252518 0.000000000 0.000000000
1609059621.415534735 0.000000000 0.000000000
1609059621.416196585 0.000000000 0.000000000
1609059621.444399595 0.000000000 0.000000000
1609059621.465449572 0.000000000 0.000000000
1609059621.466221571 0.000000000 0.000000000
1609059621.490560770 0.000000000 0.000000000
1609059621.491364717 0.000000000 0.000000000
1609059621.516243219 0.000000000 0.000000000
1609059621.565451860 0.000000000 0.000000000
1609059621.566269875 0.000000000 0.000000000
1609059621.590603590 0.000000000 0.000000000
1609059621.591013432 0.000000000 0.000000000
1609059621.616238117 0.000000000 0.000000000
1609059621.640572309 0.000000000 0.000000000
1609059621.668344975 0.000000000 0.000000000
1609059621.668592930 0.000000000 0.000000000
1609059621.690545559 0.000000000 0.000000000
1609059621.691308260 0.000000000 0.000000000
1609059621.740444422 0.000000000 0.000000000
1609059621.741189957 0.000000000 0.000000000
1609059621.768975258 0.000000000 0.000000000
1609059621.769136906 0.000000000 0.000000000
1609059621.791436195 0.000000000 0.000000000
1609059621.815523863 0.000000000 0.000000000
1609059621.840548277 0.000000000 0.000000000
1609059621.841258049 0.000000000 0.000000000
1609059621.865283966 0.000000000 0.000000000
1609059621.866226435 0.000000000 0.000000000
1609059621.915488720 0.000000000 0.000000000
1609059621.916248083 0.000000000 0.000000000
1609059621.940479040 0.000000000 0.000000000
1609059621.946020842 0.000000000 0.000000000
1609059621.966256618 0.000000000 0.000000000
1609059621.990452766 0.000000000 0.000000000
1609059622.015505314 0.000000000 0.000000000
1609059622.016265392 0.000000000 0.000000000
1609059622.040517807 0.000000000 0.000000000
1609059622.041277409 0.000000000 0.000000000
1609059622.090453625 0.000000000 0.000000000
1609059622.091246367 0.000000000 0.000000000
1609059622.115517139 0.000000000 0.000000000
1609059622.115939617 0.000000000 0.000000000
1609059622.141251087 0.000000000 0.000000000
1609059622.165456295 0.000000000 0.000000000
1609059622.190505266 0.000000000 0.000000000
1609059622.191270351 0.000000000 0.000000000
1609059622.217257977 0.000000000 0.000000000
1609059622.217524767 0.000000000 0.000000000
1609059622.265448093 0.000000000 0.000000000
1609059622.266263723 0.000000000 0.000000000
1609059622.290511370 0.000000000 0.000000000
1609059622.290766716 0.000000000 0.000000000
1609059622.316227674 0.000000000 0.000000000
1609059622.340482950 0.000000000 0.000000000
1609059622.341207743 0.000000000 0.000000000
1609059622.365616322 0.000000000 0.000000000
1609059622.368986607 0.000000000 0.000000000
1609059622.390545368 0.000000000 0.000000000
1609059622.391266584 0.000000000 0.000000000
1609059622.440444946 0.000000000 0.000000000
1609059622.441181898 0.000000000 0.000000000
1609059622.465466261 0.000000000 0.000000000
1609059622.465820074 0.000000000 0.000000000
1609059622.491208315 0.000000000 0.000000000
1609059622.515501261 0.000000000 0.000000000
1609059622.540475607 0.000000000 0.000000000
1609059622.541649818 0.000000000 0.000000000
1609059622.568026543 0.000000000 0.000000000
1609059622.568338871 0.000000000 0.000000000
1609059622.615439177 0.000000000 0.000000000
1609059622.616203070 0.000000000 0.000000000
1609059622.640461206 0.000000000 0.000000000
1609059622.640750408 0.000000000 0.000000000
1609059622.666193008 0.000000000 0.000000000
1609059622.690502167 0.000000000 0.000000000
1609059622.715474606 0.000000000 0.000000000
1609059622.716279030 0.000000000 0.000000000
1609059622.740545034 0.000000000 0.000000000
1609059622.741215706 0.000000000 0.000000000
1609059622.790442467 0.000000000 0.000000000
1609059622.791212082 0.000000000 0.000000000
1609059622.815463305 0.000000000 0.000000000
1609059622.815766096 0.000000000 0.000000000
1609059622.842781544 0.000000000 0.000000000
1609059622.865441084 0.000000000 0.000000000
1609059622.890516043 0.000000000 0.000000000
1609059622.891278505 0.000000000 0.000000000
1609059622.915708780 0.000000000 0.000000000
1609059622.916256428 0.000000000 0.000000000
1609059622.966808558 0.000000000 0.000000000
1609059622.966977119 0.000000000 0.000000000
1609059622.990499973 0.000000000 0.000000000
1609059622.990871429 0.000000000 0.000000000
1609059623.016193628 0.000000000 0.000000000
1609059623.040510178 0.000000000 0.000000000
1609059623.065467358 0.000000000 0.000000000
1609059623.066303968 0.000000000 0.000000000
1609059623.090250492 0.000000000 0.000000000
1609059623.091192722 0.000000000 0.000000000
1609059623.140436411 0.000000000 0.000000000
1609059623.141197681 0.000000000 0.000000000
1609059623.165501356 0.000000000 0.000000000
1609059623.166021347 0.000000000 0.000000000
1609059623.191215277 0.000000000 0.000000000
1609059623.215441465 0.000000000 0.000000000
1609059623.240449905 0.000000000 0.000000000
1609059623.241257429 0.000000000 0.000000000
1609059623.265236855 0.000000000 0.000000000
1609059623.266313076 0.000000000 0.000000000
1609059623.315437078 0.000000000 0.000000000
1609059623.316176414 0.000000000 0.000000000
1609059623.340481520 0.000000000 0.000000000
1609059623.340807676 0.000000000 0.000000000
1609059623.366270065 0.000000000 0.000000000
1609059623.390428543 0.000000000 0.000000000
1609059623.391188622 0.000000000 0.000000000
1609059623.415446281 0.000000000 0.000000000
1609059623.416254520 0.000000000 0.000000000
1609059623.440559149 0.000000000 0.000000000
1609059623.447437525 0.000000000 0.000000000
1609059623.490522861 0.000000000 0.000000000
1609059623.491168499 0.000000000 0.000000000
1609059623.515450478 0.000000000 0.000000000
1609059623.515743494 0.000000000 0.000000000
1609059623.541260481 0.000000000 0.000000000
1609059623.565646410 0.000000000 0.000000000
1609059623.590478182 0.000000000 0.000000000
1609059623.591276407 0.000000000 0.000000000
1609059623.615231514 0.000000000 0.000000000
1609059623.616206408 0.000000000 0.000000000
1609059623.665412903 0.000000000 0.000000000
1609059623.666180611 0.000000000 0.000000000
1609059623.690486431 0.000000000 0.000000000
1609059623.691211700 0.000000000 0.000000000
1609059623.716210842 0.000000000 0.000000000
1609059623.742772818 0.000000000 0.000000000
1609059623.765778542 0.000000000 0.000000000
1609059623.766317844 0.000000000 0.000000000
1609059623.790570736 0.000000000 0.000000000
1609059623.791218758 0.000000000 0.000000000
1609059623.840662479 0.000000000 0.000000000
1609059623.841480970 0.000000000 0.000000000
1609059623.865468740 0.000000000 0.000000000
1609059623.865757704 0.000000000 0.000000000
1609059623.891175985 0.000000000 0.000000000
1609059623.915471554 0.000000000 0.000000000
1609059623.916180372 0.000000000 0.000000000
1609059623.940478325 0.000000000 0.000000000
1609059623.941518068 0.000000000 0.000000000
1609059623.965540886 0.000000000 0.000000000
1609059623.966308594 0.000000000 0.000000000
1609059624.015457153 0.000000000 0.000000000
1609059624.016187668 0.000000000 0.000000000
1609059624.041012049 0.000000000 0.000000000
1609059624.041432142 0.000000000 0.000000000
1609059624.067856312 0.000000000 0.000000000
1609059624.090451002 0.000000000 0.000000000
1609059624.115461349 0.000000000 0.000000000
1609059624.116323233 0.000000000 0.000000000
1609059624.140512466 0.000000000 0.000000000
1609059624.141343117 0.000000000 0.000000000
1609059624.190419674 0.000000000 0.000000000
1609059624.191176176 0.000000000 0.000000000
1609059624.215455294 0.000000000 0.000000000
1609059624.215741396 0.000000000 0.000000000
1609059624.241212368 0.000000000 0.000000000
1609059624.265468359 0.000000000 0.000000000
1609059624.266252995 0.000000000 0.000000000
1609059624.290490150 0.000000000 0.000000000
1609059624.291335821 0.000000000 0.000000000
1609059624.315299749 0.000000000 0.000000000
1609059624.316365480 0.000000000 0.000000000
1609059624.365599155 0.000000000 0.000000000
1609059624.366350412 0.000000000 0.000000000
1609059624.390556812 0.000000000 0.000000000
1609059624.390883923 0.000000000 0.000000000
1609059624.416207552 0.000000000 0.000000000
1609059624.440598488 0.000000000 0.000000000
1609059624.465521336 0.000000000 0.000000000
1609059624.466310740 0.000000000 0.000000000
1609059624.490290642 0.000000000 0.000000000
1609059624.491377115 0.000000000 0.000000000
1609059624.540501118 0.000000000 0.000000000
1609059624.541958570 0.000000000 0.000000000
1609059624.565430164 0.000000000 0.000000000
1609059624.565786600 0.000000000 0.000000000
1609059624.591207504 0.000000000 0.000000000
1609059624.615463734 0.000000000 0.000000000
1609059624.616149902 0.000000000 0.000000000
1609059624.640568972 0.000000000 0.000000000
1609059624.641284943 0.000000000 0.000000000
1609059624.665575743 0.000000000 0.000000000
1609059624.666341543 0.000000000 0.000000000
1609059624.715458632 0.000000000 0.000000000
1609059624.716222286 0.000000000 0.000000000
1609059624.740543604 0.000000000 0.000000000
1609059624.740958452 0.000000000 0.000000000
1609059624.766431808 0.000000000 0.000000000
1609059624.790490150 0.000000000 0.000000000
1609059624.791246891 0.000000000 0.000000000
1609059624.815533876 0.000000000 0.000000000
1609059624.816360950 0.000000000 0.000000000
1609059624.840322018 0.000000000 0.000000000
1609059624.841338158 0.000000000 0.000000000
1609059624.890447378 0.000000000 0.000000000
1609059624.891230106 0.000000000 0.000000000
1609059624.915458202 0.000000000 0.000000000
1609059624.915839195 0.000000000 0.000000000
1609059624.941247225 0.000000000 0.000000000
1609059624.965518951 0.000000000 0.000000000
1609059624.990483522 0.000000000 0.000000000
1609059624.991276979 0.000000000 0.000000000
1609059625.015544891 0.000000000 0.000000000
1609059625.016271830 0.000000000 0.000000000
1609059625.065501928 0.000000000 0.000000000
1609059625.066204071 0.000000000 0.000000000
1609059625.090491056 0.000000000 0.000000000
1609059625.090864420 0.000000000 0.000000000
1609059625.116199970 0.000000000 0.000000000
1609059625.140476704 0.000000000 0.000000000
1609059625.165470600 0.000000000 0.000000000
1609059625.166254997 0.000000000 0.000000000
1609059625.190622091 0.000000000 0.000000000
1609059625.191353798 0.000000000 0.000000000
1609059625.240514994 0.000000000 0.000000000
1609059625.241198540 0.000000000 0.000000000
1609059625.266573668 0.000000000 0.000000000
1609059625.266941786 0.000000000 0.000000000
1609059625.291254520 0.000000000 0.000000000
1609059625.315512180 0.000000000 0.000000000
1609059625.316238880 0.000000000 0.000000000
1609059625.340524197 0.000000000 0.000000000
1609059625.341343164 0.000000000 0.000000000
1609059625.366364241 0.000000000 0.000000000
1609059625.415445805 0.000000000 0.000000000
1609059625.416219950 0.000000000 0.000000000
1609059625.440487385 0.000000000 0.000000000
1609059625.440900564 0.000000000 0.000000000
1609059625.466298342 0.000000000 0.000000000
1609059625.490495205 0.000000000 0.000000000
1609059625.491726398 0.000000000 0.000000000
1609059625.515483618 0.000000000 0.000000000
1609059625.516287327 0.000000000 0.000000000
1609059625.540577412 0.000000000 0.000000000
1609059625.541266680 0.000000000 0.000000000
1609059625.590468168 0.000000000 0.000000000
1609059625.591218233 0.000000000 0.000000000
1609059625.615477085 0.000000000 0.000000000
1609059625.615850687 0.000000000 0.000000000
1609059625.641223669 0.000000000 0.000000000
1609059625.665501833 0.000000000 0.000000000
1609059625.690522432 0.000000000 0.000000000
1609059625.691280365 0.000000000 0.000000000
1609059625.716276646 0.000000000 0.000000000
1609059625.765434504 0.000000000 0.000000000
1609059625.766257524 0.000000000 0.000000000
1609059625.790477753 0.000000000 0.000000000
1609059625.790822506 0.000000000 0.000000000
1609059625.816221714 0.000000000 0.000000000
1609059625.840487957 0.000000000 0.000000000
1609059625.865466595 0.000000000 0.000000000
1609059625.866251469 0.000000000 0.000000000
1609059625.890275240 0.000000000 0.000000000
1609059625.891237020 0.000000000 0.000000000
1609059625.940471172 0.000000000 0.000000000
1609059625.941240311 0.000000000 0.000000000
1609059625.966013670 0.000000000 0.000000000
1609059625.966444731 0.000000000 0.000000000
1609059625.991317987 0.000000000 0.000000000
1609059626.015466690 0.000000000 0.000000000
1609059626.040442705 0.000000000 0.000000000
1609059626.041280031 0.000000000 0.000000000
1609059626.065452337 0.000000000 0.000000000
1609059626.066250086 0.000000000 0.000000000
1609059626.115363598 0.000000000 0.000000000
1609059626.116186142 0.000000000 0.000000000
1609059626.140388966 0.000000000 0.000000000
1609059626.140694857 0.000000000 0.000000000
1609059626.166244030 0.000000000 0.000000000
1609059626.190475225 0.000000000 0.000000000
1609059626.215456009 0.000000000 0.000000000
1609059626.216231346 0.000000000 0.000000000
1609059626.241248608 0.000000000 0.000000000
1609059626.290463924 0.000000000 0.000000000
1609059626.291196585 0.000000000 0.000000000
1609059626.315423727 0.000000000 0.000000000
1609059626.315729141 0.000000000 0.000000000
1609059626.341238022 0.000000000 0.000000000
1609059626.366601229 0.000000000 0.000000000
1609059626.390426874 0.000000000 0.000000000
1609059626.391229630 0.000000000 0.000000000
1609059626.415565014 0.000000000 0.000000000
1609059626.416259766 0.000000000 0.000000000
1609059626.465404987 0.000000000 0.000000000
1609059626.466333151 0.000000000 0.000000000
1609059626.490457535 0.000000000 0.000000000
1609059626.490796566 0.000000000 0.000000000
1609059626.516205311 0.000000000 0.000000000
1609059626.540456772 0.000000000 0.000000000
1609059626.565407515 0.000000000 0.000000000
1609059626.566299200 0.000000000 0.000000000
1609059626.590497017 0.000000000 0.000000000
1609059626.591259956 0.000000000 0.000000000
1609059626.640473127 0.000000000 0.000000000
1609059626.641143799 0.000000000 0.000000000
1609059626.665467739 0.000000000 0.000000000
1609059626.666222095 0.000000000 0.000000000
1609059626.690424204 0.000000000 0.000000000
1609059626.691204309 0.000000000 0.000000000
1609059626.715503454 0.000000000 0.000000000
1609059626.740445852 0.000000000 0.000000000
1609059626.741847754 0.000000000 0.000000000
1609059626.765221834 0.000000000 0.000000000
1609059626.766330004 0.000000000 0.000000000
1609059626.815403461 0.000000000 0.000000000
1609059626.816175699 0.000000000 0.000000000
1609059626.840428114 0.000000000 0.000000000
1609059626.840769291 0.000000000 0.000000000
1609059626.866174221 0.000000000 0.000000000
1609059626.890392065 0.000000000 0.000000000
1609059626.891170025 0.000000000 0.000000000
1609059626.915426970 0.000000000 0.000000000
1609059626.916227102 0.000000000 0.000000000
1609059626.940464020 0.000000000 0.000000000
1609059626.941195250 0.000000000 0.000000000
1609059626.990368605 0.000000000 0.000000000
1609059626.991161823 0.000000000 0.000000000
1609059627.015399694 0.000000000 0.000000000
1609059627.015664577 0.000000000 0.000000000
1609059627.041167736 0.000000000 0.000000000
1609059627.065402508 0.000000000 0.000000000
1609059627.066168070 0.000000000 0.000000000
1609059627.090386391 0.000000000 0.000000000
1609059627.091222048 0.000000000 0.000000000
1609059627.115196943 0.000000000 0.000000000
1609059627.116206408 0.000000000 0.000000000
1609059627.165350676 0.000000000 0.000000000
1609059627.166158676 0.000000000 0.000000000
1609059627.190400839 0.000000000 0.000000000
1609059627.190677881 0.000000000 0.000000000
1609059627.216186285 0.000000000 0.000000000
1609059627.240470171 0.000000000 0.000000000
1609059627.265432119 0.000000000 0.000000000
1609059627.266263723 0.000000000 0.000000000
1609059627.290439606 0.000000000 0.000000000
1609059627.291145802 0.000000000 0.000000000
1609059627.365396976 0.000000000 0.000000000
1609059627.365680933 0.000000000 0.000000000
1609059627.390407562 0.000000000 0.000000000
1609059627.391149282 0.000000000 0.000000000
1609059627.415458918 0.000000000 0.000000000
1609059627.440455437 0.000000000 0.000000000
1609059627.441180944 0.000000000 0.000000000
1609059627.465496063 0.000000000 0.000000000
1609059627.466486931 0.000000000 0.000000000
1609059627.515413284 0.000000000 0.000000000
1609059627.516103983 0.000000000 0.000000000
1609059627.540478468 0.000000000 0.000000000
1609059627.540703297 0.000000000 0.000000000
1609059627.565387964 0.000000000 0.000000000
1609059627.566304207 0.000000000 0.000000000
1609059627.590406418 0.000000000 0.000000000
1609059627.615417242 0.000000000 0.000000000
1609059627.616158962 0.000000000 0.000000000
1609059627.641193151 0.000000000 0.000000000
1609059627.690395355 0.000000000 0.000000000
1609059627.691156626 0.000000000 0.000000000
1609059627.715406179 0.000000000 0.000000000
1609059627.715648413 0.000000000 0.000000000
1609059627.741690636 0.000000000 0.000000000
1609059627.765361786 0.000000000 0.000000000
1609059627.766209841 0.000000000 0.000000000
1609059627.790407896 0.000000000 0.000000000
1609059627.791212320 0.000000000 0.000000000
1609059627.815465212 0.000000000 0.000000000
1609059627.816290617 0.000000000 0.000000000
1609059627.865403175 0.000000000 0.000000000
1609059627.866101980 0.000000000 0.000000000
1609059627.890411615 0.000000000 0.000000000
1609059627.890685558 0.000000000 0.000000000
1609059627.916116238 0.000000000 0.000000000
1609059627.940442801 0.000000000 0.000000000
1609059627.965420485 0.000000000 0.000000000
1609059627.966200590 0.000000000 0.000000000
1609059627.990505457 0.000000000 0.000000000
1609059627.991239548 0.000000000 0.000000000
1609059628.040419340 0.000000000 0.000000000
1609059628.041115999 0.000000000 0.000000000
1609059628.065406322 0.000000000 0.000000000
1609059628.065676212 0.000000000 0.000000000
1609059628.090407610 0.000000000 0.000000000
1609059628.091170073 0.000000000 0.000000000
1609059628.115379095 0.000000000 0.000000000
1609059628.140464544 0.000000000 0.000000000
1609059628.141312599 0.000000000 0.000000000
1609059628.165441036 0.000000000 0.000000000
1609059628.166190386 0.000000000 0.000000000
1609059628.215350151 0.000000000 0.000000000
1609059628.216164351 0.000000000 0.000000000
1609059628.240393400 0.000000000 0.000000000
1609059628.240650892 0.000000000 0.000000000
1609059628.266183615 0.000000000 0.000000000
1609059628.290431261 0.000000000 0.000000000
1609059628.315408945 0.000000000 0.000000000
1609059628.316192389 0.000000000 0.000000000
1609059628.340140581 0.000000000 0.000000000
1609059628.341160774 0.000000000 0.000000000
1609059628.390333414 0.000000000 0.000000000
1609059628.391328335 0.000000000 0.000000000
1609059628.415436745 0.000000000 0.000000000
1609059628.415673733 0.000000000 0.000000000
1609059628.440479040 0.000000000 0.000000000
1609059628.441502333 0.000000000 0.000000000
1609059628.465436459 0.000000000 0.000000000
1609059628.466108322 0.000000000 0.000000000
1609059628.490422726 0.000000000 0.000000000
1609059628.491212368 0.000000000 0.000000000
1609059628.515429020 0.000000000 0.000000000
1609059628.516215086 0.000000000 0.000000000
1609059628.565364599 0.000000000 0.000000000
1609059628.566159487 0.000000000 0.000000000
1609059628.590350151 0.000000000 0.000000000
1609059628.590636253 0.000000000 0.000000000
1609059628.616099119 0.000000000 0.000000000
1609059628.640407801 0.000000000 0.000000000
1609059628.665388107 0.000000000 0.000000000
1609059628.666133165 0.000000000 0.000000000
1609059628.690170527 0.000000000 0.000000000
1609059628.691123724 0.000000000 0.000000000
1609059628.740345001 0.000000000 0.000000000
1609059628.741152048 0.000000000 0.000000000
1609059628.765365839 0.000000000 0.000000000
1609059628.766349316 0.000000000 0.000000000
1609059628.791104317 0.000000000 0.000000000
1609059628.815399885 0.000000000 0.000000000
1609059628.840408564 0.000000000 0.000000000
1609059628.841167688 0.000000000 0.000000000
1609059628.865405321 0.000000000 0.000000000
1609059628.866182566 0.000000000 0.000000000
1609059628.915356874 0.000000000 0.000000000
1609059628.916154146 0.000000000 0.000000000
1609059628.940464735 0.000000000 0.000000000
1609059628.940690994 0.000000000 0.000000000
1609059628.966174364 0.000000000 0.000000000
1609059628.990400791 0.000000000 0.000000000
1609059628.991100550 0.000000000 0.000000000
1609059629.015440702 0.000000000 0.000000000
1609059629.016221762 0.000000000 0.000000000
1609059629.040197134 0.000000000 0.000000000
1609059629.041223526 0.000000000 0.000000000
1609059629.090368509 0.000000000 0.000000000
1609059629.091103315 0.000000000 0.000000000
1609059629.115441561 0.000000000 0.000000000
1609059629.115696430 0.000000000 0.000000000
1609059629.141120434 0.000000000 0.000000000
1609059629.165352821 0.000000000 0.000000000
1609059629.166155338 0.000000000 0.000000000
1609059629.190421581 0.000000000 0.000000000
1609059629.191159248 0.000000000 0.000000000
1609059629.215459347 0.000000000 0.000000000
1609059629.216250420 0.000000000 0.000000000
1609059629.265371799 0.000000000 0.000000000
1609059629.266236305 0.000000000 0.000000000
1609059629.290390015 0.000000000 0.000000000
1609059629.290682077 0.000000000 0.000000000
1609059629.315351963 0.000000000 0.000000000
1609059629.316163540 0.000000000 0.000000000
1609059629.340405464 0.000000000 0.000000000
1609059629.365380287 0.000000000 0.000000000
1609059629.366187572 0.000000000 0.000000000
1609059629.390438080 0.000000000 0.000000000
1609059629.391112566 0.000000000 0.000000000
1609059629.440370560 0.000000000 0.000000000
1609059629.441114187 0.000000000 0.000000000
1609059629.465366602 0.000000000 0.000000000
1609059629.465785980 0.000000000 0.000000000
1609059629.490344048 0.000000000 0.000000000
1609059629.491223097 0.000000000 0.000000000
1609059629.515359163 0.000000000 0.000000000
1609059629.516123056 0.000000000 0.000000000
1609059629.540386915 0.000000000 0.000000000
1609059629.541131258 0.000000000 0.000000000
1609059629.565150499 0.000000000 0.000000000
1609059629.566287279 0.000000000 0.000000000
1609059629.615363359 0.000000000 0.000000000
1609059629.616081715 0.000000000 0.000000000
1609059629.640407324 0.000000000 0.000000000
1609059629.640738249 0.000000000 0.000000000
1609059629.666140079 0.000000000 0.000000000
1609059629.690426111 0.000000000 0.000000000
1609059629.715382814 0.000000000 0.000000000
1609059629.716185808 0.000000000 0.000000000
1609059629.740471363 0.000000000 0.000000000
1609059629.741246223 0.000000000 0.000000000
1609059629.790348291 0.000000000 0.000000000
1609059629.791091204 0.000000000 0.000000000
1609059629.815347672 0.000000000 0.000000000
1609059629.815637350 0.000000000 0.000000000
1609059629.841067314 0.000000000 0.000000000
1609059629.865372658 0.000000000 0.000000000
1609059629.866079569 0.000000000 0.000000000
1609059629.890377283 0.000000000 0.000000000
1609059629.891206503 0.000000000 0.000000000
1609059629.915149450 0.000000000 0.000000000
1609059629.916163206 0.000000000 0.000000000
1609059629.965316296 0.000000000 0.000000000
1609059629.966134310 0.000000000 0.000000000
1609059629.990335941 0.000000000 0.000000000
1609059629.990623951 0.000000000 0.000000000
1609059630.015315771 0.000000000 0.000000000
1609059630.016060591 0.000000000 0.000000000
1609059630.040419102 0.000000000 0.000000000
1609059630.065384626 0.000000000 0.000000000
1609059630.066187382 0.000000000 0.000000000
1609059630.090161562 0.000000000 0.000000000
1609059630.091220140 0.000000000 0.000000000
1609059630.140319109 0.000000000 0.000000000
1609059630.141118765 0.000000000 0.000000000
1609059630.165344477 0.000000000 0.000000000
1609059630.165672779 0.000000000 0.000000000
1609059630.191100121 0.000000000 0.000000000
1609059630.215391636 0.000000000 0.000000000
1609059630.240361929 0.000000000 0.000000000
1609059630.241104603 0.000000000 0.000000000
1609059630.265275478 0.000000000 0.000000000
1609059630.266215563 0.000000000 0.000000000
1609059630.315358877 0.000000000 0.000000000
1609059630.316315651 0.000000000 0.000000000
1609059630.340334654 0.000000000 0.000000000
1609059630.340642929 0.000000000 0.000000000
1609059630.365347147 0.000000000 0.000000000
1609059630.366137981 0.000000000 0.000000000
1609059630.390343428 0.000000000 0.000000000
1609059630.415386200 0.000000000 0.000000000
1609059630.416121721 0.000000000 0.000000000
1609059630.440409184 0.000000000 0.000000000
1609059630.441240549 0.000000000 0.000000000
1609059630.490337133 0.000000000 0.000000000
1609059630.491106033 0.000000000 0.000000000
1609059630.515333414 0.000000000 0.000000000
1609059630.515625477 0.000000000 0.000000000
1609059630.541076899 0.000000000 0.000000000
1609059630.565375090 0.000000000 0.000000000
1609059630.590352535 0.000000000 0.000000000
1609059630.591148615 0.000000000 0.000000000
1609059630.615420341 0.000000000 0.000000000
1609059630.616178513 0.000000000 0.000000000
1609059630.665295124 0.000000000 0.000000000
1609059630.666096449 0.000000000 0.000000000
1609059630.690342426 0.000000000 0.000000000
1609059630.690633774 0.000000000 0.000000000
1609059630.716097832 0.000000000 0.000000000
1609059630.740357399 0.000000000 0.000000000
1609059630.765351295 0.000000000 0.000000000
1609059630.766686916 0.000000000 0.000000000
1609059630.790384531 0.000000000 0.000000000
1609059630.791121244 0.000000000 0.000000000
1609059630.840362549 0.000000000 0.000000000
1609059630.841093779 0.000000000 0.000000000
1609059630.865341425 0.000000000 0.000000000
1609059630.865676165 0.000000000 0.000000000
1609059630.891083002 0.000000000 0.000000000
1609059630.915350676 0.000000000 0.000000000
1609059630.940389395 0.000000000 0.000000000
1609059630.941106081 0.000000000 0.000000000
1609059630.965308666 0.000000000 0.000000000
1609059630.966212273 0.000000000 0.000000000
1609059631.015362263 0.000000000 0.000000000
1609059631.016090155 0.000000000 0.000000000
1609059631.040341616 0.000000000 0.000000000
1609059631.040630579 0.000000000 0.000000000
1609059631.066122532 0.000000000 0.000000000
1609059631.090385437 0.000000000 0.000000000
1609059631.091140985 0.000000000 0.000000000
1609059631.115380526 0.000000000 0.000000000
1609059631.116156101 0.000000000 0.000000000
1609059631.141081810 0.000000000 0.000000000
1609059631.190353394 0.000000000 0.000000000
1609059631.191070557 0.000000000 0.000000000
1609059631.215357780 0.000000000 0.000000000
1609059631.215622663 0.000000000 0.000000000
1609059631.241081238 0.000000000 0.000000000
1609059631.265323639 0.000000000 0.000000000
1609059631.290312290 0.000000000 0.000000000
1609059631.291105270 0.000000000 0.000000000
1609059631.315349579 0.000000000 0.000000000
1609059631.316186905 0.000000000 0.000000000
1609059631.365293264 0.000000000 0.000000000
1609059631.366089582 0.000000000 0.000000000
1609059631.390353680 0.000000000 0.000000000
1609059631.390621662 0.000000000 0.000000000
1609059631.416090012 0.000000000 0.000000000
1609059631.440379858 0.000000000 0.000000000
1609059631.465341330 0.000000000 0.000000000
1609059631.466102362 0.000000000 0.000000000
1609059631.490092516 0.000000000 0.000000000
1609059631.491143465 0.000000000 0.000000000
1609059631.540320635 0.000000000 0.000000000
1609059631.541050196 0.000000000 0.000000000
1609059631.565380812 0.000000000 0.000000000
1609059631.565651178 0.000000000 0.000000000
1609059631.591083050 0.000000000 0.000000000
1609059631.615296364 0.000000000 0.000000000
1609059631.640338898 0.000000000 0.000000000
1609059631.641153097 0.000000000 0.000000000
1609059631.665374994 0.000000000 0.000000000
1609059631.666143656 0.000000000 0.000000000
1609059631.715327501 0.000000000 0.000000000
1609059631.716071606 0.000000000 0.000000000
1609059631.740340471 0.000000000 0.000000000
1609059631.740593672 0.000000000 0.000000000
1609059631.766156912 0.000000000 0.000000000
1609059631.790355444 0.000000000 0.000000000
1609059631.815322638 0.000000000 0.000000000
1609059631.816110373 0.000000000 0.000000000
1609059631.841154814 0.000000000 0.000000000
1609059631.890271664 0.000000000 0.000000000
1609059631.891077518 0.000000000 0.000000000
1609059631.915326834 0.000000000 0.000000000
1609059631.915593863 0.000000000 0.000000000
1609059631.941069841 0.000000000 0.000000000
1609059631.965313196 0.000000000 0.000000000
1609059631.966176033 0.000000000 0.000000000
1609059631.990370512 0.000000000 0.000000000
1609059631.991112947 0.000000000 0.000000000
1609059632.015423536 0.000000000 0.000000000
1609059632.016171455 0.000000000 0.000000000
1609059632.065302372 0.000000000 0.000000000
1609059632.066148043 0.000000000 0.000000000
1609059632.090392351 0.000000000 0.000000000
1609059632.090618372 0.000000000 0.000000000
1609059632.116051912 0.000000000 0.000000000
1609059632.140359640 0.000000000 0.000000000
1609059632.165311098 0.000000000 0.000000000
1609059632.166226625 0.000000000 0.000000000
1609059632.190353394 0.000000000 0.000000000
1609059632.191123009 0.000000000 0.000000000
1609059632.240398407 0.000000000 0.000000000
1609059632.241075993 0.000000000 0.000000000
1609059632.265309334 0.000000000 0.000000000
1609059632.265622377 0.000000000 0.000000000
1609059632.290318251 0.000000000 0.000000000
1609059632.291106224 0.000000000 0.000000000
1609059632.315303087 0.000000000 0.000000000
1609059632.340306759 0.000000000 0.000000000
1609059632.341144800 0.000000000 0.000000000
1609059632.365355968 0.000000000 0.000000000
1609059632.415316105 0.000000000 0.000000000
1609059632.416089535 0.000000000 0.000000000
1609059632.440341949 0.000000000 0.000000000
1609059632.440593958 0.000000000 0.000000000
1609059632.466107130 0.000000000 0.000000000
1609059632.490299940 0.000000000 0.000000000
1609059632.515306234 0.000000000 0.000000000
1609059632.516120195 0.000000000 0.000000000
1609059632.540139198 0.000000000 0.000000000
1609059632.541091442 0.000000000 0.000000000
1609059632.590294838 0.000000000 0.000000000
1609059632.590993166 0.000000000 0.000000000
1609059632.615346670 0.000000000 0.000000000
1609059632.615594625 0.000000000 0.000000000
1609059632.641067982 0.000000000 0.000000000
1609059632.665313005 0.000000000 0.000000000
1609059632.666099548 0.000000000 0.000000000
1609059632.690322638 0.000000000 0.000000000
1609059632.691153765 0.000000000 0.000000000
1609059632.715388775 0.000000000 0.000000000
1609059632.716182709 0.000000000 0.000000000
1609059632.765286207 0.000000000 0.000000000
1609059632.766676188 0.000000000 0.000000000
1609059632.790319204 0.000000000 0.000000000
1609059632.790606022 0.000000000 0.000000000
1609059632.815304279 0.000000000 0.000000000
1609059632.816069841 0.000000000 0.000000000
1609059632.840305805 0.000000000 0.000000000
1609059632.865308523 0.000000000 0.000000000
1609059632.866113663 0.000000000 0.000000000
1609059632.890077353 0.000000000 0.000000000
1609059632.891064882 0.000000000 0.000000000
1609059632.940263271 0.000000000 0.000000000
1609059632.941063166 0.000000000 0.000000000
1609059632.965354443 0.000000000 0.000000000
1609059632.965633154 0.000000000 0.000000000
1609059632.990308762 0.000000000 0.000000000
1609059632.991275549 0.000000000 0.000000000
1609059633.015305281 0.000000000 0.000000000
1609059633.040332079 0.000000000 0.000000000
1609059633.041108847 0.000000000 0.000000000
1609059633.065373898 0.000000000 0.000000000
1609059633.068656445 0.000000000 0.000000000
1609059633.115284443 0.000000000 0.000000000
1609059633.140338659 0.000000000 0.000000000
1609059633.140606403 0.000000000 0.000000000
1609059633.165287733 0.000000000 0.000000000
1609059633.166086674 0.000000000 0.000000000
1609059633.190326929 0.000000000 0.000000000
1609059633.215328217 0.000000000 0.000000000
1609059633.216091633 0.000000000 0.000000000
1609059633.240381718 0.000000000 0.000000000
1609059633.241055965 0.000000000 0.000000000
1609059633.290247917 0.000000000 0.000000000
1609059633.291029453 0.000000000 0.000000000
1609059633.315338612 0.000000000 0.000000000
1609059633.315587759 0.000000000 0.000000000
1609059633.341091633 0.000000000 0.000000000
1609059633.365279198 0.000000000 0.000000000
1609059633.390286684 0.000000000 0.000000000
1609059633.391084194 0.000000000 0.000000000
1609059633.415058374 0.000000000 0.000000000
1609059633.416105032 0.000000000 0.000000000
1609059633.465227365 0.000000000 0.000000000
1609059633.466029406 0.000000000 0.000000000
1609059633.490263462 0.000000000 0.000000000
1609059633.490583897 0.000000000 0.000000000
1609059633.516012192 0.000000000 0.000000000
1609059633.540276766 0.000000000 0.000000000
1609059633.565365553 0.000000000 0.000000000
1609059633.566140652 0.000000000 0.000000000
1609059633.590108156 0.000000000 0.000000000
1609059633.591096640 0.000000000 0.000000000
1609059633.640251875 0.000000000 0.000000000
1609059633.640997648 0.000000000 0.000000000
1609059633.665304661 0.000000000 0.000000000
1609059633.665550709 0.000000000 0.000000000
1609059633.691064119 0.000000000 0.000000000
1609059633.715379953 0.000000000 0.000000000
1609059633.740417957 0.000000000 0.000000000
1609059633.741098642 0.000000000 0.000000000
1609059633.765103102 0.000000000 0.000000000
1609059633.766239405 0.000000000 0.000000000
1609059633.815354109 0.000000000 0.000000000
1609059633.816026926 0.000000000 0.000000000
1609059633.840356350 0.000000000 0.000000000
1609059633.840611696 0.000000000 0.000000000
1609059633.866036892 0.000000000 0.000000000
1609059633.890291452 0.000000000 0.000000000
1609059633.890999317 0.000000000 0.000000000
1609059633.915289402 0.000000000 0.000000000
1609059633.916072845 0.000000000 0.000000000
1609059633.940404892 0.000000000 0.000000000
1609059633.990281820 0.000000000 0.000000000
1609059633.990999460 0.000000000 0.000000000
1609059634.015332460 0.000000000 0.000000000
1609059634.015602827 0.000000000 0.000000000
1609059634.041040421 0.000000000 0.000000000
1609059634.065322161 0.000000000 0.000000000
1609059634.066031456 0.000000000 0.000000000
1609059634.090300322 0.000000000 0.000000000
1609059634.091088057 0.000000000 0.000000000
1609059634.115586281 0.000000000 0.000000000
1609059634.116084576 0.000000000 0.000000000
1609059634.165273428 0.000000000 0.000000000
1609059634.166076899 0.000000000 0.000000000
1609059634.190289259 0.000000000 0.000000000
1609059634.190570593 0.000000000 0.000000000
1609059634.216039896 0.000000000 0.000000000
1609059634.240336657 0.000000000 0.000000000
1609059634.241027117 0.000000000 0.000000000
1609059634.265305996 0.000000000 0.000000000
1609059634.266188622 0.000000000 0.000000000
1609059634.290402174 0.000000000 0.000000000
1609059634.291058064 0.000000000 0.000000000
1609059634.340332508 0.000000000 0.000000000
1609059634.341057062 0.000000000 0.000000000
1609059634.365293264 0.000000000 0.000000000
1609059634.365638971 0.000000000 0.000000000
1609059634.390329599 0.000000000 0.000000000
1609059634.391034842 0.000000000 0.000000000
1609059634.415322065 0.000000000 0.000000000
1609059634.416010141 0.000000000 0.000000000
1609059634.440295935 0.000000000 0.000000000
1609059634.441091299 0.000000000 0.000000000
1609059634.465379238 0.000000000 0.000000000
1609059634.466460943 0.000000000 0.000000000
1609059634.515277147 0.000000000 0.000000000
1609059634.516001225 0.000000000 0.000000000
1609059634.540266991 0.000000000 0.000000000
1609059634.540606499 0.000000000 0.000000000
1609059634.565246582 0.000000000 0.000000000
1609059634.566079855 0.000000000 0.000000000
1609059634.590277672 0.000000000 0.000000000
1609059634.615273476 0.000000000 0.000000000
1609059634.616060495 0.000000000 0.000000000
1609059634.640388966 0.000000000 0.000000000
1609059634.641105652 0.000000000 0.000000000
1609059634.690274715 0.000000000 0.000000000
1609059634.691022396 0.000000000 0.000000000
1609059634.715309381 0.000000000 0.000000000
1609059634.715578556 0.000000000 0.000000000
1609059634.741055727 0.000000000 0.000000000
1609059634.765275478 0.000000000 0.000000000
1609059634.790298223 0.000000000 0.000000000
1609059634.791087151 0.000000000 0.000000000
1609059634.815052032 0.000000000 0.000000000
1609059634.816075087 0.000000000 0.000000000
1609059634.866125107 0.000000000 0.000000000
1609059634.866461754 0.000000000 0.000000000
1609059634.890281200 0.000000000 0.000000000
1609059634.890608788 0.000000000 0.000000000
1609059634.916016817 0.000000000 0.000000000
1609059634.940295219 0.000000000 0.000000000
1609059634.965293646 0.000000000 0.000000000
1609059634.966106892 0.000000000 0.000000000
1609059634.990045309 0.000000000 0.000000000
1609059634.991025925 0.000000000 0.000000000
1609059635.040279627 0.000000000 0.000000000
1609059635.040982246 0.000000000 0.000000000
1609059635.065271854 0.000000000 0.000000000
1609059635.065575600 0.000000000 0.000000000
1609059635.090255022 0.000000000 0.000000000
1609059635.091036320 0.000000000 0.000000000
1609059635.115289211 0.000000000 0.000000000
1609059635.140339851 0.000000000 0.000000000
1609059635.141131163 0.000000000 0.000000000
1609059635.165320158 0.000000000 0.000000000
1609059635.166100502 0.000000000 0.000000000
1609059635.215284586 0.000000000 0.000000000
1609059635.215990305 0.000000000 0.000000000
1609059635.240307093 0.000000000 0.000000000
1609059635.240544319 0.000000000 0.000000000
1609059635.265286922 0.000000000 0.000000000
1609059635.266046524 0.000000000 0.000000000
1609059635.290274382 0.000000000 0.000000000
1609059635.315326691 0.000000000 0.000000000
1609059635.316073179 0.000000000 0.000000000
1609059635.341096401 0.000000000 0.000000000
1609059635.390241385 0.000000000 0.000000000
1609059635.390978575 0.000000000 0.000000000
1609059635.415265083 0.000000000 0.000000000
1609059635.415561199 0.000000000 0.000000000
1609059635.441083193 0.000000000 0.000000000
1609059635.465286493 0.000000000 0.000000000
1609059635.465991497 0.000000000 0.000000000
1609059635.490278482 0.000000000 0.000000000
1609059635.491041422 0.000000000 0.000000000
1609059635.515369177 0.000000000 0.000000000
1609059635.516022682 0.000000000 0.000000000
1609059635.565220356 0.000000000 0.000000000
1609059635.566023588 0.000000000 0.000000000
1609059635.590294361 0.000000000 0.000000000
1609059635.590539932 0.000000000 0.000000000
1609059635.615263462 0.000000000 0.000000000
1609059635.616026640 0.000000000 0.000000000
1609059635.640278816 0.000000000 0.000000000
1609059635.665249586 0.000000000 0.000000000
1609059635.666061401 0.000000000 0.000000000
1609059635.690374613 0.000000000 0.000000000
1609059635.691070795 0.000000000 0.000000000
1609059635.740290642 0.000000000 0.000000000
1609059635.740984201 0.000000000 0.000000000
1609059635.765326738 0.000000000 0.000000000
1609059635.765563250 0.000000000 0.000000000
1609059635.790967464 0.000000000 0.000000000
1609059635.815255880 0.000000000 0.000000000
1609059635.815998077 0.000000000 0.000000000
1609059635.840306759 0.000000000 0.000000000
1609059635.841056585 0.000000000 0.000000000
1609059635.865324736 0.000000000 0.000000000
1609059635.865972996 0.000000000 0.000000000
1609059635.915266991 0.000000000 0.000000000
1609059635.915962219 0.000000000 0.000000000
1609059635.940313101 0.000000000 0.000000000
1609059635.940647840 0.000000000 0.000000000
1609059635.966037989 0.000000000 0.000000000
1609059635.990280390 0.000000000 0.000000000
1609059636.015268803 0.000000000 0.000000000
1609059636.016054630 0.000000000 0.000000000
1609059636.040042400 0.000000000 0.000000000
1609059636.041098595 0.000000000 0.000000000
1609059636.090237379 0.000000000 0.000000000
1609059636.091078043 0.000000000 0.000000000
1609059636.115227699 0.000000000 0.000000000
1609059636.115542173 0.000000000 0.000000000
1609059636.140965939 0.000000000 0.000000000
1609059636.165294170 0.000000000 0.000000000
1609059636.166005850 0.000000000 0.000000000
1609059636.190274239 0.000000000 0.000000000
1609059636.191084385 0.000000000 0.000000000
1609059636.215106249 0.000000000 0.000000000
1609059636.216021538 0.000000000 0.000000000
1609059636.265252352 0.000000000 0.000000000
1609059636.266036272 0.000000000 0.000000000
1609059636.290252447 0.000000000 0.000000000
1609059636.290501356 0.000000000 0.000000000
1609059636.315282822 0.000000000 0.000000000
1609059636.315971851 0.000000000 0.000000000
1609059636.340357780 0.000000000 0.000000000
1609059636.340980291 0.000000000 0.000000000
1609059636.365247250 0.000000000 0.000000000
1609059636.366082430 0.000000000 0.000000000
1609059636.390301704 0.000000000 0.000000000
1609059636.391065598 0.000000000 0.000000000
1609059636.440282583 0.000000000 0.000000000
1609059636.440972805 0.000000000 0.000000000
1609059636.465249538 0.000000000 0.000000000
1609059636.465528488 0.000000000 0.000000000
1609059636.490220547 0.000000000 0.000000000
1609059636.490984678 0.000000000 0.000000000
1609059636.515256882 0.000000000 0.000000000
1609059636.541066885 0.000000000 0.000000000
1609059636.541297674 0.000000000 0.000000000
1609059636.565317154 0.000000000 0.000000000
1609059636.566047192 0.000000000 0.000000000
1609059636.615245104 0.000000000 0.000000000
1609059636.616020679 0.000000000 0.000000000
1609059636.640258074 0.000000000 0.000000000
1609059636.641204834 0.000000000 0.000000000
1609059636.665254593 0.000000000 0.000000000
1609059636.665950775 0.000000000 0.000000000
1609059636.690289736 0.000000000 0.000000000
1609059636.715245724 0.000000000 0.000000000
1609059636.716019630 0.000000000 0.000000000
1609059636.739984512 0.000000000 0.000000000
1609059636.741032600 0.000000000 0.000000000
1609059636.790252686 0.000000000 0.000000000
1609059636.790988684 0.000000000 0.000000000
1609059636.815278292 0.000000000 0.000000000
1609059636.815530300 0.000000000 0.000000000
1609059636.840248823 0.000000000 0.000000000
1609059636.841044426 0.000000000 0.000000000
1609059636.865225077 0.000000000 0.000000000
1609059636.890323400 0.000000000 0.000000000
1609059636.891010523 0.000000000 0.000000000
1609059636.915302992 0.000000000 0.000000000
1609059636.915951014 0.000000000 0.000000000
1609059636.965184927 0.000000000 0.000000000
1609059636.965982199 0.000000000 0.000000000
1609059636.990272284 0.000000000 0.000000000
1609059636.990512609 0.000000000 0.000000000
1609059637.015257120 0.000000000 0.000000000
1609059637.016037703 0.000000000 0.000000000
1609059637.040236235 0.000000000 0.000000000
1609059637.065246820 0.000000000 0.000000000
1609059637.065992355 0.000000000 0.000000000
1609059637.090315104 0.000000000 0.000000000
1609059637.090970039 0.000000000 0.000000000
1609059637.140216827 0.000000000 0.000000000
1609059637.141142607 0.000000000 0.000000000
1609059637.165234089 0.000000000 0.000000000
1609059637.165562153 0.000000000 0.000000000
1609059637.190992355 0.000000000 0.000000000
1609059637.215263128 0.000000000 0.000000000
1609059637.240218163 0.000000000 0.000000000
1609059637.241056442 0.000000000 0.000000000
1609059637.264986038 0.000000000 0.000000000
1609059637.266133308 0.000000000 0.000000000
1609059637.315190315 0.000000000 0.000000000
1609059637.315960407 0.000000000 0.000000000
1609059637.340255737 0.000000000 0.000000000
1609059637.340500116 0.000000000 0.000000000
1609059637.365995884 0.000000000 0.000000000
1609059637.390222788 0.000000000 0.000000000
1609059637.390950918 0.000000000 0.000000000
1609059637.415307522 0.000000000 0.000000000
1609059637.416048527 0.000000000 0.000000000
1609059637.440304995 0.000000000 0.000000000
1609059637.441004038 0.000000000 0.000000000
1609059637.491001129 0.000000000 0.000000000
1609059637.515206099 0.000000000 0.000000000
1609059637.515509129 0.000000000 0.000000000
1609059637.540947676 0.000000000 0.000000000
1609059637.565242290 0.000000000 0.000000000
1609059637.590202570 0.000000000 0.000000000
1609059637.590995550 0.000000000 0.000000000
1609059637.615337372 0.000000000 0.000000000
1609059637.616000175 0.000000000 0.000000000
1609059637.665239811 0.000000000 0.000000000
1609059637.665973186 0.000000000 0.000000000
1609059637.690220118 0.000000000 0.000000000
1609059637.690484524 0.000000000 0.000000000
1609059637.715238810 0.000000000 0.000000000
1609059637.715930223 0.000000000 0.000000000
1609059637.740295887 0.000000000 0.000000000
1609059637.765273571 0.000000000 0.000000000
1609059637.766075134 0.000000000 0.000000000
1609059637.790247917 0.000000000 0.000000000
1609059637.790929556 0.000000000 0.000000000
1609059637.840234756 0.000000000 0.000000000
1609059637.840952873 0.000000000 0.000000000
1609059637.865298748 0.000000000 0.000000000
1609059637.865493059 0.000000000 0.000000000
1609059637.890938997 0.000000000 0.000000000
1609059637.915231943 0.000000000 0.000000000
1609059637.940215111 0.000000000 0.000000000
1609059637.941009045 0.000000000 0.000000000
1609059637.965296984 0.000000000 0.000000000
1609059637.965976954 0.000000000 0.000000000
1609059638.015259504 0.000000000 0.000000000
1609059638.015938520 0.000000000 0.000000000
1609059638.040241480 0.000000000 0.000000000
1609059638.040514946 0.000000000 0.000000000
1609059638.065243721 0.000000000 0.000000000
1609059638.066002846 0.000000000 0.000000000
1609059638.090190411 0.000000000 0.000000000
1609059638.115228415 0.000000000 0.000000000
1609059638.115995169 0.000000000 0.000000000
1609059638.140291929 0.000000000 0.000000000
1609059638.141084671 0.000000000 0.000000000
1609059638.190189123 0.000000000 0.000000000
1609059638.190948963 0.000000000 0.000000000
1609059638.215247154 0.000000000 0.000000000
1609059638.215471745 0.000000000 0.000000000
1609059638.240258932 0.000000000 0.000000000
1609059638.241000652 0.000000000 0.000000000
1609059638.265234947 0.000000000 0.000000000
1609059638.290202618 0.000000000 0.000000000
1609059638.290927887 0.000000000 0.000000000
1609059638.315292358 0.000000000 0.000000000
1609059638.315978050 0.000000000 0.000000000
1609059638.365228653 0.000000000 0.000000000
1609059638.365965843 0.000000000 0.000000000
1609059638.390254498 0.000000000 0.000000000
1609059638.390493870 0.000000000 0.000000000
1609059638.415174007 0.000000000 0.000000000
1609059638.415987015 0.000000000 0.000000000
1609059638.440226316 0.000000000 0.000000000
1609059638.440953255 0.000000000 0.000000000
1609059638.465224028 0.000000000 0.000000000
1609059638.466026306 0.000000000 0.000000000
1609059638.489989996 0.000000000 0.000000000
1609059638.490926027 0.000000000 0.000000000
1609059638.540206432 0.000000000 0.000000000
1609059638.541018248 0.000000000 0.000000000
1609059638.565229416 0.000000000 0.000000000
1609059638.565583706 0.000000000 0.000000000
1609059638.590216160 0.000000000 0.000000000
1609059638.590988636 0.000000000 0.000000000
1609059638.615196705 0.000000000 0.000000000
1609059638.640175819 0.000000000 0.000000000
1609059638.640954733 0.000000000 0.000000000
1609059638.665238380 0.000000000 0.000000000
1609059638.665945768 0.000000000 0.000000000
1609059638.715187550 0.000000000 0.000000000
1609059638.715965748 0.000000000 0.000000000
1609059638.740246058 0.000000000 0.000000000
1609059638.740625143 0.000000000 0.000000000
1609059638.765230417 0.000000000 0.000000000
1609059638.766004562 0.000000000 0.000000000
1609059638.790268898 0.000000000 0.000000000
1609059638.815232992 0.000000000 0.000000000
1609059638.816012144 0.000000000 0.000000000
1609059638.840248585 0.000000000 0.000000000
1609059638.841015100 0.000000000 0.000000000
1609059638.890190125 0.000000000 0.000000000
1609059638.890933275 0.000000000 0.000000000
1609059638.915259838 0.000000000 0.000000000
1609059638.915526867 0.000000000 0.000000000
1609059638.940974712 0.000000000 0.000000000
1609059638.965210438 0.000000000 0.000000000
1609059638.990202904 0.000000000 0.000000000
1609059638.990973234 0.000000000 0.000000000
1609059639.015231609 0.000000000 0.000000000
1609059639.015954256 0.000000000 0.000000000
1609059639.065186262 0.000000000 0.000000000
1609059639.065918922 0.000000000 0.000000000
1609059639.090213537 0.000000000 0.000000000
1609059639.090595007 0.000000000 0.000000000
1609059639.115191460 0.000000000 0.000000000
1609059639.116184711 0.000000000 0.000000000
1609059639.140232086 0.000000000 0.000000000
1609059639.165212393 0.000000000 0.000000000
1609059639.166052103 0.000000000 0.000000000
1609059639.189951658 0.000000000 0.000000000
1609059639.191185951 0.000000000 0.000000000
1609059639.240151167 0.000000000 0.000000000
1609059639.241034508 0.000000000 0.000000000
1609059639.265229225 0.000000000 0.000000000
1609059639.265511513 0.000000000 0.000000000
1609059639.290923357 0.000000000 0.000000000
1609059639.315193176 0.000000000 0.000000000
1609059639.315896749 0.000000000 0.000000000
1609059639.340217829 0.000000000 0.000000000
1609059639.341018200 0.000000000 0.000000000
1609059639.365284920 0.000000000 0.000000000
1609059639.366007566 0.000000000 0.000000000
1609059639.415150881 0.000000000 0.000000000
1609059639.415904760 0.000000000 0.000000000
1609059639.440201283 0.000000000 0.000000000
1609059639.440544367 0.000000000 0.000000000
1609059639.465188026 0.000000000 0.000000000
1609059639.465951443 0.000000000 0.000000000
1609059639.490186691 0.000000000 0.000000000
1609059639.515160561 0.000000000 0.000000000
1609059639.515974522 0.000000000 0.000000000
1609059639.540229082 0.000000000 0.000000000
1609059639.541077375 0.000000000 0.000000000
1609059639.590179682 0.000000000 0.000000000
1609059639.590903282 0.000000000 0.000000000
1609059639.615491152 0.000000000 0.000000000
1609059639.640889168 0.000000000 0.000000000
1609059639.665242910 0.000000000 0.000000000
1609059639.690156460 0.000000000 0.000000000
1609059639.691032887 0.000000000 0.000000000
1609059639.714968204 0.000000000 0.000000000
1609059639.715945244 0.000000000 0.000000000
1609059639.765188456 0.000000000 0.000000000
1609059639.765980959 0.000000000 0.000000000
1609059639.790172815 0.000000000 0.000000000
1609059639.790442944 0.000000000 0.000000000
1609059639.815906525 0.000000000 0.000000000
1609059639.840206861 0.000000000 0.000000000
1609059639.840951681 0.000000000 0.000000000
1609059639.865197659 0.000000000 0.000000000
1609059639.865930319 0.000000000 0.000000000
1609059639.890305281 0.000000000 0.000000000
1609059639.890942574 0.000000000 0.000000000
1609059639.940145016 0.000000000 0.000000000
1609059639.940953970 0.000000000 0.000000000
1609059639.965200186 0.000000000 0.000000000
1609059639.965497732 0.000000000 0.000000000
1609059639.990883112 0.000000000 0.000000000
1609059640.015198946 0.000000000 0.000000000
1609059640.015897751 0.000000000 0.000000000
1609059640.040202856 0.000000000 0.000000000
1609059640.041013002 0.000000000 0.000000000
1609059640.065029383 0.000000000 0.000000000
1609059640.065997601 0.000000000 0.000000000
1609059640.115134001 0.000000000 0.000000000
1609059640.115926266 0.000000000 0.000000000
1609059640.140233040 0.000000000 0.000000000
1609059640.140467882 0.000000000 0.000000000
1609059640.165990114 0.000000000 0.000000000
1609059640.190139055 0.000000000 0.000000000
1609059640.215224504 0.000000000 0.000000000
1609059640.215934515 0.000000000 0.000000000
1609059640.240259647 0.000000000 0.000000000
1609059640.240957737 0.000000000 0.000000000
1609059640.290224791 0.000000000 0.000000000
1609059640.290868521 0.000000000 0.000000000
1609059640.315188408 0.000000000 0.000000000
1609059640.315455675 0.000000000 0.000000000
1609059640.340890646 0.000000000 0.000000000
1609059640.365164280 0.000000000 0.000000000
1609059640.390167952 0.000000000 0.000000000
1609059640.390962601 0.000000000 0.000000000
1609059640.415275335 0.000000000 0.000000000
1609059640.415919304 0.000000000 0.000000000
1609059640.465178013 0.000000000 0.000000000
1609059640.465941191 0.000000000 0.000000000
1609059640.490141630 0.000000000 0.000000000
1609059640.490453482 0.000000000 0.000000000
1609059640.515928507 0.000000000 0.000000000
1609059640.540261030 0.000000000 0.000000000
1609059640.540891171 0.000000000 0.000000000
1609059640.565195084 0.000000000 0.000000000
1609059640.566009045 0.000000000 0.000000000
1609059640.589956284 0.000000000 0.000000000
1609059640.590999365 0.000000000 0.000000000
1609059640.640182734 0.000000000 0.000000000
1609059640.640923500 0.000000000 0.000000000
1609059640.665176630 0.000000000 0.000000000
1609059640.665432215 0.000000000 0.000000000
1609059640.690879345 0.000000000 0.000000000
1609059640.715135813 0.000000000 0.000000000
1609059640.740231037 0.000000000 0.000000000
1609059640.740960121 0.000000000 0.000000000
1609059640.765250921 0.000000000 0.000000000
1609059640.766069889 0.000000000 0.000000000
1609059640.815110445 0.000000000 0.000000000
1609059640.815861940 0.000000000 0.000000000
1609059640.840171337 0.000000000 0.000000000
1609059640.840475321 0.000000000 0.000000000
1609059640.865907431 0.000000000 0.000000000
1609059640.890135765 0.000000000 0.000000000
1609059640.915184975 0.000000000 0.000000000
1609059640.915941477 0.000000000 0.000000000
1609059640.940283060 0.000000000 0.000000000
1609059640.941011906 0.000000000 0.000000000
1609059640.990189791 0.000000000 0.000000000
1609059640.990901709 0.000000000 0.000000000
1609059641.015202522 0.000000000 0.000000000
1609059641.015509605 0.000000000 0.000000000
1609059641.040139437 0.000000000 0.000000000
1609059641.040858269 0.000000000 0.000000000
1609059641.065172195 0.000000000 0.000000000
1609059641.090219021 0.000000000 0.000000000
1609059641.090945959 0.000000000 0.000000000
1609059641.115448713 0.000000000 0.000000000
1609059641.115951538 0.000000000 0.000000000
1609059641.165127754 0.000000000 0.000000000
1609059641.165930271 0.000000000 0.000000000
1609059641.190149069 0.000000000 0.000000000
1609059641.190471649 0.000000000 0.000000000
1609059641.215929270 0.000000000 0.000000000
1609059641.240112543 0.000000000 0.000000000
1609059641.241101742 0.000000000 0.000000000
1609059641.265145540 0.000000000 0.000000000
1609059641.266022921 0.000000000 0.000000000
1609059641.290210724 0.000000000 0.000000000
1609059641.290946007 0.000000000 0.000000000
1609059641.340113401 0.000000000 0.000000000
1609059641.340887547 0.000000000 0.000000000
1609059641.365195751 0.000000000 0.000000000
1609059641.365479708 0.000000000 0.000000000
1609059641.390176535 0.000000000 0.000000000
1609059641.390880823 0.000000000 0.000000000
1609059641.415182829 0.000000000 0.000000000
1609059641.415894985 0.000000000 0.000000000
1609059641.440198660 0.000000000 0.000000000
1609059641.440932989 0.000000000 0.000000000
1609059641.464950085 0.000000000 0.000000000
1609059641.465963364 0.000000000 0.000000000
1609059641.515120745 0.000000000 0.000000000
1609059641.515865088 0.000000000 0.000000000
1609059641.540278196 0.000000000 0.000000000
1609059641.540525913 0.000000000 0.000000000
1609059641.565908194 0.000000000 0.000000000
1609059641.590140104 0.000000000 0.000000000
1609059641.615122080 0.000000000 0.000000000
1609059641.615992785 0.000000000 0.000000000
1609059641.640233517 0.000000000 0.000000000
1609059641.640991211 0.000000000 0.000000000
1609059641.690117121 0.000000000 0.000000000
1609059641.690902710 0.000000000 0.000000000
1609059641.715175867 0.000000000 0.000000000
1609059641.715445518 0.000000000 0.000000000
1609059641.740137577 0.000000000 0.000000000
1609059641.740882397 0.000000000 0.000000000
1609059641.765137434 0.000000000 0.000000000
1609059641.790154219 0.000000000 0.000000000
1609059641.790890217 0.000000000 0.000000000
1609059641.815259933 0.000000000 0.000000000
1609059641.815874577 0.000000000 0.000000000
1609059641.865097284 0.000000000 0.000000000
1609059641.865840197 0.000000000 0.000000000
1609059641.890137672 0.000000000 0.000000000
1609059641.890421391 0.000000000 0.000000000
1609059641.915143013 0.000000000 0.000000000
1609059641.915908575 0.000000000 0.000000000
1609059641.940148592 0.000000000 0.000000000
1609059641.965170383 0.000000000 0.000000000
1609059641.965951443 0.000000000 0.000000000
1609059641.990219593 0.000000000 0.000000000
1609059641.990944386 0.000000000 0.000000000
1609059642.040105343 0.000000000 0.000000000
1609059642.040816307 0.000000000 0.000000000
1609059642.065119028 0.000000000 0.000000000
1609059642.066036701 0.000000000 0.000000000
1609059642.090902328 0.000000000 0.000000000
1609059642.115137815 0.000000000 0.000000000
1609059642.140194416 0.000000000 0.000000000
1609059642.140941381 0.000000000 0.000000000
1609059642.165218830 0.000000000 0.000000000
1609059642.165901899 0.000000000 0.000000000
1609059642.215162277 0.000000000 0.000000000
1609059642.215818644 0.000000000 0.000000000
1609059642.240179777 0.000000000 0.000000000
1609059642.240407705 0.000000000 0.000000000
1609059642.265099764 0.000000000 0.000000000
1609059642.265937090 0.000000000 0.000000000
1609059642.290135145 0.000000000 0.000000000
1609059642.315175533 0.000000000 0.000000000
1609059642.315924883 0.000000000 0.000000000
1609059642.340244770 0.000000000 0.000000000
1609059642.340881109 0.000000000 0.000000000
1609059642.390109539 0.000000000 0.000000000
1609059642.390859365 0.000000000 0.000000000
1609059642.415133953 0.000000000 0.000000000
1609059642.415391922 0.000000000 0.000000000
1609059642.440873623 0.000000000 0.000000000
1609059642.465135098 0.000000000 0.000000000
1609059642.465848923 0.000000000 0.000000000
1609059642.490151167 0.000000000 0.000000000
1609059642.490945101 0.000000000 0.000000000
1609059642.515213251 0.000000000 0.000000000
1609059642.515905857 0.000000000 0.000000000
1609059642.565155983 0.000000000 0.000000000
1609059642.565916300 0.000000000 0.000000000
1609059642.590179682 0.000000000 0.000000000
1609059642.590405941 0.000000000 0.000000000
1609059642.615099669 0.000000000 0.000000000
1609059642.615838289 0.000000000 0.000000000
1609059642.640130758 0.000000000 0.000000000
1609059642.665189266 0.000000000 0.000000000
1609059642.665908098 0.000000000 0.000000000
1609059642.690170288 0.000000000 0.000000000
1609059642.690902472 0.000000000 0.000000000
1609059642.740169525 0.000000000 0.000000000
1609059642.740949154 0.000000000 0.000000000
1609059642.765138865 0.000000000 0.000000000
1609059642.765443087 0.000000000 0.000000000
1609059642.790831089 0.000000000 0.000000000
1609059642.815128565 0.000000000 0.000000000
1609059642.840178967 0.000000000 0.000000000
1609059642.840960503 0.000000000 0.000000000
1609059642.865101576 0.000000000 0.000000000
1609059642.865964413 0.000000000 0.000000000
1609059642.915163517 0.000000000 0.000000000
1609059642.916029453 0.000000000 0.000000000
1609059642.940135717 0.000000000 0.000000000
1609059642.940376759 0.000000000 0.000000000
1609059642.965909958 0.000000000 0.000000000
1609059642.990075827 0.000000000 0.000000000
1609059642.990821838 0.000000000 0.000000000
1609059643.015142202 0.000000000 0.000000000
1609059643.015908241 0.000000000 0.000000000
1609059643.040210247 0.000000000 0.000000000
1609059643.040861607 0.000000000 0.000000000
1609059643.090155840 0.000000000 0.000000000
1609059643.090842009 0.000000000 0.000000000
1609059643.115107059 0.000000000 0.000000000
1609059643.115393639 0.000000000 0.000000000
1609059643.141270876 0.000000000 0.000000000
1609059643.165108919 0.000000000 0.000000000
1609059643.190123558 0.000000000 0.000000000
1609059643.190891266 0.000000000 0.000000000
1609059643.215915680 0.000000000 0.000000000
1609059643.265117407 0.000000000 0.000000000
1609059643.265955925 0.000000000 0.000000000
1609059643.290179253 0.000000000 0.000000000
1609059643.290423155 0.000000000 0.000000000
1609059643.315834522 0.000000000 0.000000000
1609059643.340114355 0.000000000 0.000000000
1609059643.340864420 0.000000000 0.000000000
1609059643.365108728 0.000000000 0.000000000
1609059643.365960836 0.000000000 0.000000000
1609059643.390203238 0.000000000 0.000000000
1609059643.390892506 0.000000000 0.000000000
1609059643.440138102 0.000000000 0.000000000
1609059643.440850019 0.000000000 0.000000000
1609059643.465156078 0.000000000 0.000000000
1609059643.465377331 0.000000000 0.000000000
1609059643.490846634 0.000000000 0.000000000
1609059643.515147924 0.000000000 0.000000000
1609059643.540176153 0.000000000 0.000000000
1609059643.540903091 0.000000000 0.000000000
1609059643.565160036 0.000000000 0.000000000
1609059643.565939188 0.000000000 0.000000000
1609059643.615090609 0.000000000 0.000000000
1609059643.615787268 0.000000000 0.000000000
1609059643.640145779 0.000000000 0.000000000
1609059643.640434027 0.000000000 0.000000000
1609059643.665122032 0.000000000 0.000000000
1609059643.665858030 0.000000000 0.000000000
1609059643.690112829 0.000000000 0.000000000
1609059643.715163946 0.000000000 0.000000000
1609059643.715912580 0.000000000 0.000000000
1609059643.739908934 0.000000000 0.000000000
1609059643.740942955 0.000000000 0.000000000
1609059643.790106058 0.000000000 0.000000000
1609059643.790807486 0.000000000 0.000000000
1609059643.815081120 0.000000000 0.000000000
1609059643.815435886 0.000000000 0.000000000
1609059643.840782166 0.000000000 0.000000000
1609059643.865085125 0.000000000 0.000000000
1609059643.890121460 0.000000000 0.000000000
1609059643.890883684 0.000000000 0.000000000
1609059643.915155172 0.000000000 0.000000000
1609059643.915910482 0.000000000 0.000000000
1609059643.965121984 0.000000000 0.000000000
1609059643.967103004 0.000000000 0.000000000
1609059643.990128517 0.000000000 0.000000000
1609059643.990615845 0.000000000 0.000000000
1609059644.015797853 0.000000000 0.000000000
1609059644.040166140 0.000000000 0.000000000
1609059644.040826797 0.000000000 0.000000000
1609059644.065142870 0.000000000 0.000000000
1609059644.065894127 0.000000000 0.000000000
1609059644.090832949 0.000000000 0.000000000
1609059644.140060902 0.000000000 0.000000000
1609059644.140784025 0.000000000 0.000000000
1609059644.165154219 0.000000000 0.000000000
1609059644.165410519 0.000000000 0.000000000
1609059644.190107822 0.000000000 0.000000000
1609059644.190932274 0.000000000 0.000000000
1609059644.215104818 0.000000000 0.000000000
1609059644.240107536 0.000000000 0.000000000
1609059644.241215467 0.000000000 0.000000000
1609059644.265146971 0.000000000 0.000000000
1609059644.265943050 0.000000000 0.000000000
1609059644.315086126 0.000000000 0.000000000
1609059644.315876484 0.000000000 0.000000000
1609059644.340158939 0.000000000 0.000000000
1609059644.340412855 0.000000000 0.000000000
1609059644.365887642 0.000000000 0.000000000
1609059644.390096903 0.000000000 0.000000000
1609059644.415132999 0.000000000 0.000000000
1609059644.415896416 0.000000000 0.000000000
1609059644.440202713 0.000000000 0.000000000
1609059644.440949440 0.000000000 0.000000000
1609059644.490165710 0.000000000 0.000000000
1609059644.490819931 0.000000000 0.000000000
1609059644.515149117 0.000000000 0.000000000
1609059644.515384674 0.000000000 0.000000000
1609059644.540864944 0.000000000 0.000000000
1609059644.565055847 0.000000000 0.000000000
1609059644.590094090 0.000000000 0.000000000
1609059644.590878487 0.000000000 0.000000000
1609059644.615165949 0.000000000 0.000000000
1609059644.615843534 0.000000000 0.000000000
1609059644.665064096 0.000000000 0.000000000
1609059644.665833473 0.000000000 0.000000000
1609059644.690137148 0.000000000 0.000000000
1609059644.690354586 0.000000000 0.000000000
1609059644.715852022 0.000000000 0.000000000
1609059644.740132093 0.000000000 0.000000000
1609059644.740852118 0.000000000 0.000000000
1609059644.765127182 0.000000000 0.000000000
1609059644.765934706 0.000000000 0.000000000
1609059644.790873289 0.000000000 0.000000000
1609059644.840145588 0.000000000 0.000000000
1609059644.840781927 0.000000000 0.000000000
1609059644.865323067 0.000000000 0.000000000
1609059644.865575314 0.000000000 0.000000000
1609059644.890127182 0.000000000 0.000000000
1609059644.890846014 0.000000000 0.000000000
1609059644.915097713 0.000000000 0.000000000
1609059644.940124035 0.000000000 0.000000000
1609059644.940881014 0.000000000 0.000000000
1609059644.964890480 0.000000000 0.000000000
1609059644.965876579 0.000000000 0.000000000
1609059645.015058041 0.000000000 0.000000000
1609059645.015791416 0.000000000 0.000000000
1609059645.040063381 0.000000000 0.000000000
1609059645.040353060 0.000000000 0.000000000
1609059645.065899849 0.000000000 0.000000000
1609059645.090054512 0.000000000 0.000000000
1609059645.115090847 0.000000000 0.000000000
1609059645.115833521 0.000000000 0.000000000
1609059645.140208721 0.000000000 0.000000000
1609059645.140851974 0.000000000 0.000000000
1609059645.190093279 0.000000000 0.000000000
1609059645.190829277 0.000000000 0.000000000
1609059645.215072870 0.000000000 0.000000000
1609059645.215345860 0.000000000 0.000000000
1609059645.240831137 0.000000000 0.000000000
1609059645.265103102 0.000000000 0.000000000
1609059645.265880108 0.000000000 0.000000000
1609059645.290153265 0.000000000 0.000000000
1609059645.290921211 0.000000000 0.000000000
1609059645.314911127 0.000000000 0.000000000
1609059645.315860987 0.000000000 0.000000000
1609059645.365105629 0.000000000 0.000000000
1609059645.365847826 0.000000000 0.000000000
1609059645.390105724 0.000000000 0.000000000
1609059645.390403509 0.000000000 0.000000000
1609059645.415146112 0.000000000 0.000000000
1609059645.415834427 0.000000000 0.000000000
1609059645.440144062 0.000000000 0.000000000
1609059645.465100527 0.000000000 0.000000000
1609059645.465897799 0.000000000 0.000000000
1609059645.490149021 0.000000000 0.000000000
1609059645.490922928 0.000000000 0.000000000
1609059645.540051937 0.000000000 0.000000000
1609059645.540856361 0.000000000 0.000000000
1609059645.565051079 0.000000000 0.000000000
1609059645.565362215 0.000000000 0.000000000
1609059645.590093374 0.000000000 0.000000000
1609059645.590804100 0.000000000 0.000000000
1609059645.615057707 0.000000000 0.000000000
1609059645.640116215 0.000000000 0.000000000
1609059645.640869141 0.000000000 0.000000000
1609059645.665136099 0.000000000 0.000000000
1609059645.665802717 0.000000000 0.000000000
1609059645.715070009 0.000000000 0.000000000
1609059645.715796232 0.000000000 0.000000000
1609059645.740079165 0.000000000 0.000000000
1609059645.740310669 0.000000000 0.000000000
1609059645.765081882 0.000000000 0.000000000
1609059645.765828371 0.000000000 0.000000000
1609059645.790079355 0.000000000 0.000000000
1609059645.790795326 0.000000000 0.000000000
1609059645.815122604 0.000000000 0.000000000
1609059645.815884590 0.000000000 0.000000000
1609059645.839837790 0.000000000 0.000000000
1609059645.840885639 0.000000000 0.000000000
1609059645.890047073 0.000000000 0.000000000
1609059645.890788794 0.000000000 0.000000000
1609059645.915097952 0.000000000 0.000000000
1609059645.915369272 0.000000000 0.000000000
1609059645.940804005 0.000000000 0.000000000
1609059645.965100527 0.000000000 0.000000000
1609059645.965820789 0.000000000 0.000000000
1609059645.990085840 0.000000000 0.000000000
1609059645.990832567 0.000000000 0.000000000
1609059646.015168667 0.000000000 0.000000000
1609059646.015881538 0.000000000 0.000000000
1609059646.065052509 0.000000000 0.000000000
1609059646.065770864 0.000000000 0.000000000
1609059646.090082884 0.000000000 0.000000000
1609059646.090356350 0.000000000 0.000000000
1609059646.115085840 0.000000000 0.000000000
1609059646.115815401 0.000000000 0.000000000
1609059646.140122414 0.000000000 0.000000000
1609059646.165077448 0.000000000 0.000000000
1609059646.165850401 0.000000000 0.000000000
1609059646.190100670 0.000000000 0.000000000
1609059646.190876007 0.000000000 0.000000000
1609059646.240119219 0.000000000 0.000000000
1609059646.240822315 0.000000000 0.000000000
1609059646.265040636 0.000000000 0.000000000
1609059646.265390873 0.000000000 0.000000000
1609059646.290782452 0.000000000 0.000000000
1609059646.315049887 0.000000000 0.000000000
1609059646.340042114 0.000000000 0.000000000
1609059646.340858459 0.000000000 0.000000000
1609059646.365697622 0.000000000 0.000000000
1609059646.365941525 0.000000000 0.000000000
1609059646.415029764 0.000000000 0.000000000
1609059646.415827990 0.000000000 0.000000000
1609059646.440043926 0.000000000 0.000000000
1609059646.440316200 0.000000000 0.000000000
1609059646.465772152 0.000000000 0.000000000
1609059646.490071058 0.000000000 0.000000000
1609059646.515078068 0.000000000 0.000000000
1609059646.515853405 0.000000000 0.000000000
1609059646.540121555 0.000000000 0.000000000
1609059646.540824175 0.000000000 0.000000000
1609059646.590064049 0.000000000 0.000000000
1609059646.590767860 0.000000000 0.000000000
1609059646.615139723 0.000000000 0.000000000
1609059646.615375519 0.000000000 0.000000000
1609059646.640038490 0.000000000 0.000000000
1609059646.640784264 0.000000000 0.000000000
1609059646.665132046 0.000000000 0.000000000
1609059646.690084696 0.000000000 0.000000000
1609059646.690809011 0.000000000 0.000000000
1609059646.715804100 0.000000000 0.000000000
1609059646.765109777 0.000000000 0.000000000
1609059646.765872955 0.000000000 0.000000000
1609059646.790102005 0.000000000 0.000000000
1609059646.790406227 0.000000000 0.000000000
1609059646.815769672 0.000000000 0.000000000
1609059646.840071440 0.000000000 0.000000000
1609059646.840802431 0.000000000 0.000000000
1609059646.865083218 0.000000000 0.000000000
1609059646.865883589 0.000000000 0.000000000
1609059646.890155554 0.000000000 0.000000000
1609059646.890853167 0.000000000 0.000000000
1609059646.940060139 0.000000000 0.000000000
1609059646.940756798 0.000000000 0.000000000
1609059646.965083122 0.000000000 0.000000000
1609059646.965364933 0.000000000 0.000000000
1609059646.990793228 0.000000000 0.000000000
1609059647.015059710 0.000000000 0.000000000
1609059647.015802383 0.000000000 0.000000000
1609059647.040162802 0.000000000 0.000000000
1609059647.040802717 0.000000000 0.000000000
1609059647.064843655 0.000000000 0.000000000
1609059647.065851927 0.000000000 0.000000000
1609059647.115003586 0.000000000 0.000000000
1609059647.115760565 0.000000000 0.000000000
1609059647.140153885 0.000000000 0.000000000
1609059647.140378237 0.000000000 0.000000000
1609059647.165806532 0.000000000 0.000000000
1609059647.190021515 0.000000000 0.000000000
1609059647.190784693 0.000000000 0.000000000
1609059647.215101480 0.000000000 0.000000000
1609059647.215795279 0.000000000 0.000000000
1609059647.240113735 0.000000000 0.000000000
1609059647.240760803 0.000000000 0.000000000
1609059647.290752649 0.000000000 0.000000000
1609059647.315013170 0.000000000 0.000000000
1609059647.315306664 0.000000000 0.000000000
1609059647.340792894 0.000000000 0.000000000
1609059647.365017891 0.000000000 0.000000000
1609059647.390044928 0.000000000 0.000000000
1609059647.390805483 0.000000000 0.000000000
1609059647.415086985 0.000000000 0.000000000
1609059647.415856838 0.000000000 0.000000000
1609059647.465024471 0.000000000 0.000000000
1609059647.465769529 0.000000000 0.000000000
1609059647.490037203 0.000000000 0.000000000
1609059647.490379810 0.000000000 0.000000000
1609059647.515841246 0.000000000 0.000000000
1609059647.540062189 0.000000000 0.000000000
1609059647.540863276 0.000000000 0.000000000
1609059647.565058708 0.000000000 0.000000000
1609059647.565907001 0.000000000 0.000000000
1609059647.589812517 0.000000000 0.000000000
1609059647.590837002 0.000000000 0.000000000
1609059647.640037775 0.000000000 0.000000000
1609059647.640786648 0.000000000 0.000000000
1609059647.665043354 0.000000000 0.000000000
1609059647.665349483 0.000000000 0.000000000
1609059647.690057755 0.000000000 0.000000000
1609059647.690780401 0.000000000 0.000000000
1609059647.715043783 0.000000000 0.000000000
1609059647.740077019 0.000000000 0.000000000
1609059647.740856647 0.000000000 0.000000000
1609059647.764817715 0.000000000 0.000000000
1609059647.765850306 0.000000000 0.000000000
1609059647.815015316 0.000000000 0.000000000
1609059647.815911055 0.000000000 0.000000000
1609059647.840067625 0.000000000 0.000000000
1609059647.840268373 0.000000000 0.000000000
1609059647.865046740 0.000000000 0.000000000
1609059647.865815878 0.000000000 0.000000000
1609059647.890076637 0.000000000 0.000000000
1609059647.915035725 0.000000000 0.000000000
1609059647.915771008 0.000000000 0.000000000
1609059647.940069437 0.000000000 0.000000000
1609059647.940838575 0.000000000 0.000000000
1609059647.989995003 0.000000000 0.000000000
1609059647.990754366 0.000000000 0.000000000
1609059648.015057564 0.000000000 0.000000000
1609059648.015300512 0.000000000 0.000000000
1609059648.040091991 0.000000000 0.000000000
1609059648.040799618 0.000000000 0.000000000
1609059648.065029621 0.000000000 0.000000000
1609059648.090035439 0.000000000 0.000000000
1609059648.090785742 0.000000000 0.000000000
1609059648.115078449 0.000000000 0.000000000
1609059648.115765572 0.000000000 0.000000000
1609059648.165055275 0.000000000 0.000000000
1609059648.165814638 0.000000000 0.000000000
1609059648.190032005 0.000000000 0.000000000
1609059648.190366507 0.000000000 0.000000000
1609059648.215826750 0.000000000 0.000000000
1609059648.240076065 0.000000000 0.000000000
1609059648.265059233 0.000000000 0.000000000
1609059648.265838623 0.000000000 0.000000000
1609059648.290068865 0.000000000 0.000000000
1609059648.290734529 0.000000000 0.000000000
1609059648.340049744 0.000000000 0.000000000
1609059648.340741396 0.000000000 0.000000000
1609059648.365060568 0.000000000 0.000000000
1609059648.365370035 0.000000000 0.000000000
1609059648.390775442 0.000000000 0.000000000
1609059648.414995193 0.000000000 0.000000000
1609059648.440114498 0.000000000 0.000000000
1609059648.440784693 0.000000000 0.000000000
1609059648.465112925 0.000000000 0.000000000
1609059648.465823650 0.000000000 0.000000000
1609059648.514994144 0.000000000 0.000000000
1609059648.515720367 0.000000000 0.000000000
1609059648.540035963 0.000000000 0.000000000
1609059648.540297985 0.000000000 0.000000000
1609059648.565043926 0.000000000 0.000000000
1609059648.565791845 0.000000000 0.000000000
1609059648.590033770 0.000000000 0.000000000
1609059648.590824604 0.000000000 0.000000000
1609059648.615028620 0.000000000 0.000000000
1609059648.615846634 0.000000000 0.000000000
1609059648.640184402 0.000000000 0.000000000
1609059648.640757084 0.000000000 0.000000000
1609059648.690022230 0.000000000 0.000000000
1609059648.690777302 0.000000000 0.000000000
1609059648.715030670 0.000000000 0.000000000
1609059648.715493679 0.000000000 0.000000000
1609059648.740824461 0.000000000 0.000000000
1609059648.765025377 0.000000000 0.000000000
1609059648.790001392 0.000000000 0.000000000
1609059648.790784121 0.000000000 0.000000000
1609059648.815067053 0.000000000 0.000000000
1609059648.815743923 0.000000000 0.000000000
1609059648.864970684 0.000000000 0.000000000
1609059648.865759134 0.000000000 0.000000000
1609059648.890004635 0.000000000 0.000000000
1609059648.890277624 0.000000000 0.000000000
1609059648.915756226 0.000000000 0.000000000
1609059648.940028667 0.000000000 0.000000000
1609059648.965014219 0.000000000 0.000000000
1609059648.965833664 0.000000000 0.000000000
1609059648.990082502 0.000000000 0.000000000
1609059648.990738630 0.000000000 0.000000000
1609059649.039981842 0.000000000 0.000000000
1609059649.040723085 0.000000000 0.000000000
1609059649.065012693 0.000000000 0.000000000
1609059649.065299034 0.000000000 0.000000000
1609059649.090745687 0.000000000 0.000000000
1609059649.115000486 0.000000000 0.000000000
1609059649.140002251 0.000000000 0.000000000
1609059649.140773296 0.000000000 0.000000000
1609059649.165049314 0.000000000 0.000000000
1609059649.165821075 0.000000000 0.000000000
1609059649.240010977 0.000000000 0.000000000
1609059649.240251780 0.000000000 0.000000000
1609059649.265788555 0.000000000 0.000000000
1609059649.290009022 0.000000000 0.000000000
1609059649.290773869 0.000000000 0.000000000
1609059649.315005541 0.000000000 0.000000000
1609059649.315830708 0.000000000 0.000000000
1609059649.340086222 0.000000000 0.000000000
1609059649.340782642 0.000000000 0.000000000
1609059649.390037775 0.000000000 0.000000000
1609059649.390855551 0.000000000 0.000000000
1609059649.415019512 0.000000000 0.000000000
1609059649.415263176 0.000000000 0.000000000
1609059649.440028191 0.000000000 0.000000000
1609059649.440734148 0.000000000 0.000000000
1609059649.464991093 0.000000000 0.000000000
1609059649.489987850 0.000000000 0.000000000
1609059649.490804195 0.000000000 0.000000000
1609059649.515038252 0.000000000 0.000000000
1609059649.515782118 0.000000000 0.000000000
1609059649.564993858 0.000000000 0.000000000
1609059649.565820932 0.000000000 0.000000000
1609059649.590003014 0.000000000 0.000000000
1609059649.590250492 0.000000000 0.000000000
1609059649.615707397 0.000000000 0.000000000
1609059649.639990330 0.000000000 0.000000000
1609059649.665011406 0.000000000 0.000000000
1609059649.665738821 0.000000000 0.000000000
1609059649.690094233 0.000000000 0.000000000
1609059649.690838814 0.000000000 0.000000000
1609059649.740000963 0.000000000 0.000000000
1609059649.740741730 0.000000000 0.000000000
1609059649.764999866 0.000000000 0.000000000
1609059649.765291929 0.000000000 0.000000000
1609059649.790726185 0.000000000 0.000000000
1609059649.814990282 0.000000000 0.000000000
1609059649.840025663 0.000000000 0.000000000
1609059649.840791702 0.000000000 0.000000000
1609059649.865060091 0.000000000 0.000000000
1609059649.865762711 0.000000000 0.000000000
1609059649.914964437 0.000000000 0.000000000
1609059649.915748119 0.000000000 0.000000000
1609059649.940006971 0.000000000 0.000000000
1609059649.940270662 0.000000000 0.000000000
1609059649.965746164 0.000000000 0.000000000
1609059649.989981174 0.000000000 0.000000000
1609059650.014979124 0.000000000 0.000000000
1609059650.015769958 0.000000000 0.000000000
1609059650.040101290 0.000000000 0.000000000
1609059650.040822506 0.000000000 0.000000000
1609059650.090008259 0.000000000 0.000000000
1609059650.090736628 0.000000000 0.000000000
1609059650.115021467 0.000000000 0.000000000
1609059650.115380287 0.000000000 0.000000000
1609059650.139979124 0.000000000 0.000000000
1609059650.140719175 0.000000000 0.000000000
1609059650.165013075 0.000000000 0.000000000
1609059650.190031528 0.000000000 0.000000000
1609059650.190778732 0.000000000 0.000000000
1609059650.214843512 0.000000000 0.000000000
1609059650.215720177 0.000000000 0.000000000
1609059650.264984369 0.000000000 0.000000000
1609059650.265793800 0.000000000 0.000000000
1609059650.290004730 0.000000000 0.000000000
1609059650.290449619 0.000000000 0.000000000
1609059650.315008640 0.000000000 0.000000000
1609059650.315779448 0.000000000 0.000000000
1609059650.340054035 0.000000000 0.000000000
1609059650.340754509 0.000000000 0.000000000
1609059650.365013838 0.000000000 0.000000000
1609059650.365762472 0.000000000 0.000000000
1609059650.390039682 0.000000000 0.000000000
1609059650.390980959 0.000000000 0.000000000
1609059650.440078259 0.000000000 0.000000000
1609059650.440752983 0.000000000 0.000000000
1609059650.465091467 0.000000000 0.000000000
1609059650.465610027 0.000000000 0.000000000
1609059650.490748644 0.000000000 0.000000000
1609059650.515011311 0.000000000 0.000000000
1609059650.540010214 0.000000000 0.000000000
1609059650.540788651 0.000000000 0.000000000
1609059650.564744473 0.000000000 0.000000000
1609059650.565825462 0.000000000 0.000000000
1609059650.614963770 0.000000000 0.000000000
1609059650.615757704 0.000000000 0.000000000
1609059650.640008688 0.000000000 0.000000000
1609059650.640227079 0.000000000 0.000000000
1609059650.665730238 0.000000000 0.000000000
1609059650.689973831 0.000000000 0.000000000
1609059650.714994669 0.000000000 0.000000000
1609059650.715774536 0.000000000 0.000000000
1609059650.739788532 0.000000000 0.000000000
1609059650.740753651 0.000000000 0.000000000
1609059650.789956808 0.000000000 0.000000000
1609059650.790690660 0.000000000 0.000000000
1609059650.815003395 0.000000000 0.000000000
1609059650.815254211 0.000000000 0.000000000
1609059650.840004206 0.000000000 0.000000000
1609059650.840709448 0.000000000 0.000000000
1609059650.865013838 0.000000000 0.000000000
1609059650.890005827 0.000000000 0.000000000
1609059650.890771866 0.000000000 0.000000000
1609059650.914752960 0.000000000 0.000000000
1609059650.915751696 0.000000000 0.000000000
1609059650.964956999 0.000000000 0.000000000
1609059650.965698957 0.000000000 0.000000000
1609059650.989964962 0.000000000 0.000000000
1609059650.990257263 0.000000000 0.000000000
1609059651.014929056 0.000000000 0.000000000
1609059651.015815973 0.000000000 0.000000000
1609059651.039972067 0.000000000 0.000000000
1609059651.065008640 0.000000000 0.000000000
1609059651.065766096 0.000000000 0.000000000
1609059651.090050697 0.000000000 0.000000000
1609059651.090789795 0.000000000 0.000000000
1609059651.139956474 0.000000000 0.000000000
1609059651.140781164 0.000000000 0.000000000
1609059651.164992332 0.000000000 0.000000000
1609059651.165298939 0.000000000 0.000000000
1609059651.189971924 0.000000000 0.000000000
1609059651.190723181 0.000000000 0.000000000
1609059651.215003490 0.000000000 0.000000000
1609059651.239984989 0.000000000 0.000000000
1609059651.240802050 0.000000000 0.000000000
1609059651.265014648 0.000000000 0.000000000
1609059651.265779972 0.000000000 0.000000000
1609059651.315000296 0.000000000 0.000000000
1609059651.315687180 0.000000000 0.000000000
1609059651.340005875 0.000000000 0.000000000
1609059651.340264797 0.000000000 0.000000000
1609059651.365772486 0.000000000 0.000000000
1609059651.389980555 0.000000000 0.000000000
1609059651.415041447 0.000000000 0.000000000
1609059651.415791035 0.000000000 0.000000000
1609059651.440023661 0.000000000 0.000000000
1609059651.440795183 0.000000000 0.000000000
1609059651.489964485 0.000000000 0.000000000
1609059651.490742683 0.000000000 0.000000000
1609059651.514999628 0.000000000 0.000000000
1609059651.515255928 0.000000000 0.000000000
1609059651.540768385 0.000000000 0.000000000
1609059651.564979076 0.000000000 0.000000000
1609059651.589988470 0.000000000 0.000000000
1609059651.590739012 0.000000000 0.000000000
1609059651.615019321 0.000000000 0.000000000
1609059651.615700960 0.000000000 0.000000000
1609059651.664960623 0.000000000 0.000000000
1609059651.665687323 0.000000000 0.000000000
1609059651.689940691 0.000000000 0.000000000
1609059651.690235138 0.000000000 0.000000000
1609059651.714984417 0.000000000 0.000000000
1609059651.715751410 0.000000000 0.000000000
1609059651.739944458 0.000000000 0.000000000
1609059651.764940023 0.000000000 0.000000000
1609059651.765807629 0.000000000 0.000000000
1609059651.790041924 0.000000000 0.000000000
1609059651.790759563 0.000000000 0.000000000
1609059651.839988470 0.000000000 0.000000000
1609059651.840729713 0.000000000 0.000000000
1609059651.865059137 0.000000000 0.000000000
1609059651.865609646 0.000000000 0.000000000
1609059651.890657902 0.000000000 0.000000000
1609059651.914935827 0.000000000 0.000000000
1609059651.939944983 0.000000000 0.000000000
1609059651.940743446 0.000000000 0.000000000
1609059651.965021372 0.000000000 0.000000000
1609059651.965834141 0.000000000 0.000000000
1609059652.014919043 0.000000000 0.000000000
1609059652.015735865 0.000000000 0.000000000
1609059652.039945126 0.000000000 0.000000000
1609059652.040460348 0.000000000 0.000000000
1609059652.064948797 0.000000000 0.000000000
1609059652.065648556 0.000000000 0.000000000
1609059652.089982033 0.000000000 0.000000000
1609059652.114956617 0.000000000 0.000000000
1609059652.115735054 0.000000000 0.000000000
1609059652.139732122 0.000000000 0.000000000
1609059652.140733719 0.000000000 0.000000000
1609059652.189909458 0.000000000 0.000000000
1609059652.190774441 0.000000000 0.000000000
1609059652.214945078 0.000000000 0.000000000
1609059652.215220213 0.000000000 0.000000000
1609059652.240723610 0.000000000 0.000000000
1609059652.264932632 0.000000000 0.000000000
1609059652.265710115 0.000000000 0.000000000
1609059652.289951086 0.000000000 0.000000000
1609059652.290734291 0.000000000 0.000000000
1609059652.315061092 0.000000000 0.000000000
1609059652.315741301 0.000000000 0.000000000
1609059652.364900589 0.000000000 0.000000000
1609059652.365706682 0.000000000 0.000000000
1609059652.389923334 0.000000000 0.000000000
1609059652.390241146 0.000000000 0.000000000
1609059652.415711880 0.000000000 0.000000000
1609059652.439949751 0.000000000 0.000000000
1609059652.464934111 0.000000000 0.000000000
1609059652.465718269 0.000000000 0.000000000
1609059652.489991903 0.000000000 0.000000000
1609059652.490719318 0.000000000 0.000000000
1609059652.539921999 0.000000000 0.000000000
1609059652.540693045 0.000000000 0.000000000
1609059652.564959764 0.000000000 0.000000000
1609059652.565233469 0.000000000 0.000000000
1609059652.590661526 0.000000000 0.000000000
1609059652.614942312 0.000000000 0.000000000
1609059652.639968634 0.000000000 0.000000000
1609059652.640933275 0.000000000 0.000000000
1609059652.664974928 0.000000000 0.000000000
1609059652.665716171 0.000000000 0.000000000
1609059652.714947939 0.000000000 0.000000000
1609059652.717170954 0.000000000 0.000000000
1609059652.739985704 0.000000000 0.000000000
1609059652.740373850 0.000000000 0.000000000
1609059652.764953613 0.000000000 0.000000000
1609059652.766006231 0.000000000 0.000000000
1609059652.789930582 0.000000000 0.000000000
1609059652.814930201 0.000000000 0.000000000
1609059652.815724850 0.000000000 0.000000000
1609059652.839965105 0.000000000 0.000000000
1609059652.840687275 0.000000000 0.000000000
1609059652.889953136 0.000000000 0.000000000
1609059652.890693665 0.000000000 0.000000000
1609059652.914989471 0.000000000 0.000000000
1609059652.915488482 0.000000000 0.000000000
1609059652.939971447 0.000000000 0.000000000
1609059652.940695524 0.000000000 0.000000000
1609059652.964967251 0.000000000 0.000000000
1609059652.989983320 0.000000000 0.000000000
1609059652.991148472 0.000000000 0.000000000
1609059653.015012980 0.000000000 0.000000000
1609059653.015667200 0.000000000 0.000000000
1609059653.064892769 0.000000000 0.000000000
1609059653.065717459 0.000000000 0.000000000
1609059653.089923859 0.000000000 0.000000000
1609059653.090227604 0.000000000 0.000000000
1609059653.115669727 0.000000000 0.000000000
1609059653.139971018 0.000000000 0.000000000
1609059653.165016651 0.000000000 0.000000000
1609059653.165886164 0.000000000 0.000000000
1609059653.189738035 0.000000000 0.000000000
1609059653.190705061 0.000000000 0.000000000
1609059653.239907742 0.000000000 0.000000000
1609059653.240636349 0.000000000 0.000000000
1609059653.264933348 0.000000000 0.000000000
1609059653.265257597 0.000000000 0.000000000
1609059653.289958954 0.000000000 0.000000000
1609059653.290719271 0.000000000 0.000000000
1609059653.314951420 0.000000000 0.000000000
1609059653.340027571 0.000000000 0.000000000
1609059653.340779305 0.000000000 0.000000000
1609059653.365067005 0.000000000 0.000000000
1609059653.365828276 0.000000000 0.000000000
1609059653.414951563 0.000000000 0.000000000
1609059653.415716171 0.000000000 0.000000000
1609059653.439948797 0.000000000 0.000000000
1609059653.440202713 0.000000000 0.000000000
1609059653.465677023 0.000000000 0.000000000
1609059653.489887476 0.000000000 0.000000000
1609059653.514916658 0.000000000 0.000000000
1609059653.515706539 0.000000000 0.000000000
1609059653.540013075 0.000000000 0.000000000
1609059653.540649414 0.000000000 0.000000000
1609059653.589887857 0.000000000 0.000000000
1609059653.590659380 0.000000000 0.000000000
1609059653.614935160 0.000000000 0.000000000
1609059653.615233183 0.000000000 0.000000000
1609059653.640631199 0.000000000 0.000000000
1609059653.664940834 0.000000000 0.000000000
1609059653.665637493 0.000000000 0.000000000
1609059653.689919949 0.000000000 0.000000000
1609059653.690679789 0.000000000 0.000000000
1609059653.715004444 0.000000000 0.000000000
1609059653.715760231 0.000000000 0.000000000
1609059653.764927864 0.000000000 0.000000000
1609059653.765679359 0.000000000 0.000000000
1609059653.789956093 0.000000000 0.000000000
1609059653.790192127 0.000000000 0.000000000
1609059653.815630198 0.000000000 0.000000000
1609059653.839901209 0.000000000 0.000000000
1609059653.864979982 0.000000000 0.000000000
1609059653.865726948 0.000000000 0.000000000
1609059653.889950514 0.000000000 0.000000000
1609059653.890693665 0.000000000 0.000000000
1609059653.939903975 0.000000000 0.000000000
1609059653.940667868 0.000000000 0.000000000
1609059653.964968920 0.000000000 0.000000000
1609059653.965204477 0.000000000 0.000000000
1609059653.990643263 0.000000000 0.000000000
1609059654.014871120 0.000000000 0.000000000
1609059654.039914131 0.000000000 0.000000000
1609059654.040730238 0.000000000 0.000000000
1609059654.064996719 0.000000000 0.000000000
1609059654.065641403 0.000000000 0.000000000
1609059654.114889383 0.000000000 0.000000000
1609059654.115681648 0.000000000 0.000000000
1609059654.139940739 0.000000000 0.000000000
1609059654.140201330 0.000000000 0.000000000
1609059654.165711641 0.000000000 0.000000000
1609059654.189909458 0.000000000 0.000000000
1609059654.214938402 0.000000000 0.000000000
1609059654.215704918 0.000000000 0.000000000
1609059654.239994764 0.000000000 0.000000000
1609059654.240704060 0.000000000 0.000000000
1609059654.289939642 0.000000000 0.000000000
1609059654.290635586 0.000000000 0.000000000
1609059654.314934254 0.000000000 0.000000000
1609059654.315181017 0.000000000 0.000000000
1609059654.340706110 0.000000000 0.000000000
1609059654.364932537 0.000000000 0.000000000
1609059654.389913559 0.000000000 0.000000000
1609059654.390698910 0.000000000 0.000000000
1609059654.414940119 0.000000000 0.000000000
1609059654.415725708 0.000000000 0.000000000
1609059654.464874983 0.000000000 0.000000000
1609059654.465638638 0.000000000 0.000000000
1609059654.489921570 0.000000000 0.000000000
1609059654.490147591 0.000000000 0.000000000
1609059654.515625954 0.000000000 0.000000000
1609059654.539888144 0.000000000 0.000000000
1609059654.564951658 0.000000000 0.000000000
1609059654.565722942 0.000000000 0.000000000
1609059654.589953661 0.000000000 0.000000000
1609059654.590679646 0.000000000 0.000000000
1609059654.639931679 0.000000000 0.000000000
1609059654.640637636 0.000000000 0.000000000
1609059654.664926291 0.000000000 0.000000000
1609059654.665177345 0.000000000 0.000000000
1609059654.690625906 0.000000000 0.000000000
1609059654.714933157 0.000000000 0.000000000
1609059654.739916801 0.000000000 0.000000000
1609059654.740679741 0.000000000 0.000000000
1609059654.764973640 0.000000000 0.000000000
1609059654.765845537 0.000000000 0.000000000
1609059654.814860106 0.000000000 0.000000000
1609059654.815653086 0.000000000 0.000000000
1609059654.839937687 0.000000000 0.000000000
1609059654.840206385 0.000000000 0.000000000
1609059654.865627766 0.000000000 0.000000000
1609059654.889897346 0.000000000 0.000000000
1609059654.890626907 0.000000000 0.000000000
1609059654.914877176 0.000000000 0.000000000
1609059654.915691376 0.000000000 0.000000000
1609059654.939976931 0.000000000 0.000000000
1609059654.940685272 0.000000000 0.000000000
1609059654.989894867 0.000000000 0.000000000
1609059654.990586996 0.000000000 0.000000000
1609059655.014881134 0.000000000 0.000000000
1609059655.015188456 0.000000000 0.000000000
1609059655.040651321 0.000000000 0.000000000
1609059655.064926147 0.000000000 0.000000000
1609059655.089891672 0.000000000 0.000000000
1609059655.090667486 0.000000000 0.000000000
1609059655.114943266 0.000000000 0.000000000
1609059655.115709782 0.000000000 0.000000000
1609059655.164869785 0.000000000 0.000000000
1609059655.165651083 0.000000000 0.000000000
1609059655.189899683 0.000000000 0.000000000
1609059655.190193892 0.000000000 0.000000000
1609059655.215661764 0.000000000 0.000000000
1609059655.239891768 0.000000000 0.000000000
1609059655.240644693 0.000000000 0.000000000
1609059655.264936686 0.000000000 0.000000000
1609059655.265915394 0.000000000 0.000000000
1609059655.289921284 0.000000000 0.000000000
1609059655.290613174 0.000000000 0.000000000
1609059655.339920044 0.000000000 0.000000000
1609059655.364882708 0.000000000 0.000000000
1609059655.365187407 0.000000000 0.000000000
1609059655.389890909 0.000000000 0.000000000
1609059655.390647888 0.000000000 0.000000000
1609059655.414888144 0.000000000 0.000000000
1609059655.415618896 0.000000000 0.000000000
1609059655.439910650 0.000000000 0.000000000
1609059655.440659285 0.000000000 0.000000000
1609059655.464959621 0.000000000 0.000000000
1609059655.465739965 0.000000000 0.000000000
1609059655.514981985 0.000000000 0.000000000
1609059655.515627623 0.000000000 0.000000000
1609059655.539894104 0.000000000 0.000000000
1609059655.540766716 0.000000000 0.000000000
1609059655.565645456 0.000000000 0.000000000
1609059655.589886904 0.000000000 0.000000000
1609059655.614877939 0.000000000 0.000000000
1609059655.615575552 0.000000000 0.000000000
1609059655.639918804 0.000000000 0.000000000
1609059655.640723705 0.000000000 0.000000000
1609059655.689866066 0.000000000 0.000000000
1609059655.690631628 0.000000000 0.000000000
1609059655.714897156 0.000000000 0.000000000
1609059655.715155602 0.000000000 0.000000000
1609059655.740679264 0.000000000 0.000000000
1609059655.764880896 0.000000000 0.000000000
1609059655.789900541 0.000000000 0.000000000
1609059655.790599823 0.000000000 0.000000000
1609059655.814980507 0.000000000 0.000000000
1609059655.815634966 0.000000000 0.000000000
1609059655.864901781 0.000000000 0.000000000
1609059655.865607500 0.000000000 0.000000000
1609059655.889873981 0.000000000 0.000000000
1609059655.890167475 0.000000000 0.000000000
1609059655.915638208 0.000000000 0.000000000
1609059655.939828396 0.000000000 0.000000000
1609059655.940598965 0.000000000 0.000000000
1609059655.964877844 0.000000000 0.000000000
1609059655.965619564 0.000000000 0.000000000
1609059655.989646196 0.000000000 0.000000000
1609059655.990722656 0.000000000 0.000000000
1609059656.039927721 0.000000000 0.000000000
1609059656.040681601 0.000000000 0.000000000
1609059656.064860821 0.000000000 0.000000000
1609059656.065163612 0.000000000 0.000000000
1609059656.090621471 0.000000000 0.000000000
1609059656.115279436 0.000000000 0.000000000
1609059656.139849663 0.000000000 0.000000000
1609059656.140650511 0.000000000 0.000000000
1609059656.164969206 0.000000000 0.000000000
1609059656.165713549 0.000000000 0.000000000
1609059656.214884043 0.000000000 0.000000000
1609059656.215581894 0.000000000 0.000000000
1609059656.239930868 0.000000000 0.000000000
1609059656.240199804 0.000000000 0.000000000
1609059656.265731812 0.000000000 0.000000000
1609059656.289888859 0.000000000 0.000000000
1609059656.290619850 0.000000000 0.000000000
1609059656.314922333 0.000000000 0.000000000
1609059656.315722227 0.000000000 0.000000000
1609059656.339915037 0.000000000 0.000000000
1609059656.340678453 0.000000000 0.000000000
1609059656.389851093 0.000000000 0.000000000
1609059656.390590191 0.000000000 0.000000000
1609059656.414891005 0.000000000 0.000000000
1609059656.415175438 0.000000000 0.000000000
1609059656.440622807 0.000000000 0.000000000
1609059656.464864016 0.000000000 0.000000000
1609059656.489874363 0.000000000 0.000000000
1609059656.490654945 0.000000000 0.000000000
1609059656.514983892 0.000000000 0.000000000
1609059656.515711546 0.000000000 0.000000000
1609059656.564824343 0.000000000 0.000000000
1609059656.565884352 0.000000000 0.000000000
1609059656.589854479 0.000000000 0.000000000
1609059656.590294123 0.000000000 0.000000000
1609059656.615603447 0.000000000 0.000000000
1609059656.639843702 0.000000000 0.000000000
1609059656.664926767 0.000000000 0.000000000
1609059656.665699720 0.000000000 0.000000000
1609059656.689686537 0.000000000 0.000000000
1609059656.690681458 0.000000000 0.000000000
1609059656.739888430 0.000000000 0.000000000
1609059656.740598202 0.000000000 0.000000000
1609059656.764894962 0.000000000 0.000000000
1609059656.765213251 0.000000000 0.000000000
1609059656.789849520 0.000000000 0.000000000
1609059656.790602207 0.000000000 0.000000000
1609059656.814903498 0.000000000 0.000000000
1609059656.815613747 0.000000000 0.000000000
1609059656.839907885 0.000000000 0.000000000
1609059656.840696812 0.000000000 0.000000000
1609059656.864917755 0.000000000 0.000000000
1609059656.865655422 0.000000000 0.000000000
1609059656.914863348 0.000000000 0.000000000
1609059656.939866304 0.000000000 0.000000000
1609059656.940138578 0.000000000 0.000000000
1609059656.965694427 0.000000000 0.000000000
1609059656.989855289 0.000000000 0.000000000
1609059657.014853716 0.000000000 0.000000000
1609059657.015697002 0.000000000 0.000000000
1609059657.039890766 0.000000000 0.000000000
1609059657.040682793 0.000000000 0.000000000
1609059657.089870691 0.000000000 0.000000000
1609059657.114950418 0.000000000 0.000000000
1609059657.115655184 0.000000000 0.000000000
1609059657.140714169 0.000000000 0.000000000
1609059657.190648079 0.000000000 0.000000000
1609059657.215860367 0.000000000 0.000000000
1609059657.264388084 0.000000000 0.000000000
1609059657.289857864 0.000000000 0.000000000
1609059657.290659428 0.000000000 0.000000000
1609059657.315565825 0.000000000 0.000000000
1609059657.365985394 0.000000000 0.000000000
1609059657.366267920 0.000000000 0.000000000
1609059657.439888954 0.000000000 0.000000000
1609059657.440603256 0.000000000 0.000000000
1609059657.464938402 0.000000000 0.000000000
1609059657.465658426 0.000000000 0.000000000
1609059657.490668058 0.000000000 0.000000000
1609059657.514899254 0.000000000 0.000000000
1609059657.539943457 0.000000000 0.000000000
1609059657.540643930 0.000000000 0.000000000
1609059657.564865351 0.000000000 0.000000000
1609059657.565667868 0.000000000 0.000000000
1609059657.614810228 0.000000000 0.000000000
1609059657.615596771 0.000000000 0.000000000
1609059657.639940739 0.000000000 0.000000000
1609059657.641112328 0.000000000 0.000000000
1609059657.665647507 0.000000000 0.000000000
1609059657.689881563 0.000000000 0.000000000
1609059657.714878559 0.000000000 0.000000000
1609059657.715590715 0.000000000 0.000000000
1609059657.740671873 0.000000000 0.000000000
1609059657.789904833 0.000000000 0.000000000
1609059657.790573359 0.000000000 0.000000000
1609059657.814847946 0.000000000 0.000000000
1609059657.815123081 0.000000000 0.000000000
1609059657.840623140 0.000000000 0.000000000
1609059657.864979029 0.000000000 0.000000000
1609059657.890626431 0.000000000 0.000000000
1609059657.965674877 0.000000000 0.000000000
1609059657.989614487 0.000000000 0.000000000
1609059657.990143299 0.000000000 0.000000000
1609059658.014819622 0.000000000 0.000000000
1609059658.015574932 0.000000000 0.000000000
1609059658.064856768 0.000000000 0.000000000
1609059658.065622807 0.000000000 0.000000000
1609059658.140105486 0.000000000 0.000000000
1609059658.140623569 0.000000000 0.000000000
1609059658.164842129 0.000000000 0.000000000
1609059658.165156126 0.000000000 0.000000000
1609059658.190563917 0.000000000 0.000000000
1609059658.214360476 0.000000000 0.000000000
1609059658.239882469 0.000000000 0.000000000
1609059658.240660906 0.000000000 0.000000000
1609059658.265642881 0.000000000 0.000000000
1609059658.314878702 0.000000000 0.000000000
1609059658.315610170 0.000000000 0.000000000
1609059658.339889765 0.000000000 0.000000000
1609059658.340156317 0.000000000 0.000000000
1609059658.365660429 0.000000000 0.000000000
1609059658.389843464 0.000000000 0.000000000
1609059658.414917469 0.000000000 0.000000000
1609059658.415646076 0.000000000 0.000000000
1609059658.440600395 0.000000000 0.000000000
1609059658.490578413 0.000000000 0.000000000
1609059658.514852524 0.000000000 0.000000000
1609059658.515190601 0.000000000 0.000000000
1609059658.540563583 0.000000000 0.000000000
1609059658.564844131 0.000000000 0.000000000
1609059658.589855909 0.000000000 0.000000000
1609059658.590632677 0.000000000 0.000000000
1609059658.615600586 0.000000000 0.000000000
1609059658.664844513 0.000000000 0.000000000
1609059658.665594816 0.000000000 0.000000000
1609059658.689831018 0.000000000 0.000000000
1609059658.690167189 0.000000000 0.000000000
1609059658.715558767 0.000000000 0.000000000
1609059658.739848852 0.000000000 0.000000000
1609059658.764847040 0.000000000 0.000000000
1609059658.765653849 0.000000000 0.000000000
1609059658.790607214 0.000000000 0.000000000
1609059658.839823484 0.000000000 0.000000000
1609059658.840563774 0.000000000 0.000000000
1609059658.864825726 0.000000000 0.000000000
1609059658.865129948 0.000000000 0.000000000
1609059658.889332294 0.000000000 0.000000000
1609059658.890551329 0.000000000 0.000000000
1609059658.914857149 0.000000000 0.000000000
1609059658.939833403 0.000000000 0.000000000
1609059658.940631390 0.000000000 0.000000000
1609059658.964812756 0.000000000 0.000000000
1609059659.014807940 0.000000000 0.000000000
1609059659.015545845 0.000000000 0.000000000
1609059659.039885759 0.000000000 0.000000000
1609059659.040153503 0.000000000 0.000000000
1609059659.065550327 0.000000000 0.000000000
1609059659.089324713 0.000000000 0.000000000
1609059659.115688086 0.000000000 0.000000000
1609059659.115972996 0.000000000 0.000000000
1609059659.140658140 0.000000000 0.000000000
1609059659.189795494 0.000000000 0.000000000
1609059659.190566301 0.000000000 0.000000000
1609059659.214837551 0.000000000 0.000000000
1609059659.215120316 0.000000000 0.000000000
1609059659.240559816 0.000000000 0.000000000
1609059659.289786100 0.000000000 0.000000000
1609059659.290507317 0.000000000 0.000000000
1609059659.315635920 0.000000000 0.000000000
1609059659.364820004 0.000000000 0.000000000
1609059659.365611076 0.000000000 0.000000000
1609059659.389814615 0.000000000 0.000000000
1609059659.390108347 0.000000000 0.000000000
1609059659.415588617 0.000000000 0.000000000
1609059659.464775801 0.000000000 0.000000000
1609059659.465601683 0.000000000 0.000000000
1609059659.490506649 0.000000000 0.000000000
1609059659.539887905 0.000000000 0.000000000
1609059659.540558338 0.000000000 0.000000000
1609059659.564808846 0.000000000 0.000000000
1609059659.565304756 0.000000000 0.000000000
1609059659.590544701 0.000000000 0.000000000
1609059659.614826918 0.000000000 0.000000000
1609059659.639818430 0.000000000 0.000000000
1609059659.640594244 0.000000000 0.000000000
1609059659.664836884 0.000000000 0.000000000
1609059659.665582895 0.000000000 0.000000000
1609059659.714791536 0.000000000 0.000000000
1609059659.715550900 0.000000000 0.000000000
1609059659.739914656 0.000000000 0.000000000
1609059659.740196943 0.000000000 0.000000000
1609059659.765639782 0.000000000 0.000000000
1609059659.814828873 0.000000000 0.000000000
1609059659.815588713 0.000000000 0.000000000
1609059659.840648890 0.000000000 0.000000000
1609059659.889877558 0.000000000 0.000000000
1609059659.890567303 0.000000000 0.000000000
1609059659.914848566 0.000000000 0.000000000
1609059659.915133476 0.000000000 0.000000000
1609059659.964868307 0.000000000 0.000000000
1609059659.989791870 0.000000000 0.000000000
1609059659.990687370 0.000000000 0.000000000
1609059660.015657425 0.000000000 0.000000000
1609059660.064809084 0.000000000 0.000000000
1609059660.065605879 0.000000000 0.000000000
1609059660.089802027 0.000000000 0.000000000
1609059660.090095043 0.000000000 0.000000000
1609059660.115542650 0.000000000 0.000000000
1609059660.139884233 0.000000000 0.000000000
1609059660.165608644 0.000000000 0.000000000
1609059660.189800501 0.000000000 0.000000000
1609059660.190617323 0.000000000 0.000000000
1609059660.239810705 0.000000000 0.000000000
1609059660.240517855 0.000000000 0.000000000
1609059660.264769554 0.000000000 0.000000000
1609059660.265097141 0.000000000 0.000000000
1609059660.290538311 0.000000000 0.000000000
1609059660.314858437 0.000000000 0.000000000
1609059660.339769602 0.000000000 0.000000000
1609059660.340772152 0.000000000 0.000000000
1609059660.365670681 0.000000000 0.000000000
1609059660.414809704 0.000000000 0.000000000
1609059660.415558100 0.000000000 0.000000000
1609059660.439819813 0.000000000 0.000000000
1609059660.440628052 0.000000000 0.000000000
1609059660.465540409 0.000000000 0.000000000
1609059660.489855766 0.000000000 0.000000000
1609059660.514819860 0.000000000 0.000000000
1609059660.515499830 0.000000000 0.000000000
1609059660.540579319 0.000000000 0.000000000
1609059660.589796782 0.000000000 0.000000000
1609059660.590570211 0.000000000 0.000000000
1609059660.614793539 0.000000000 0.000000000
1609059660.615060806 0.000000000 0.000000000
1609059660.640499115 0.000000000 0.000000000
1609059660.664881229 0.000000000 0.000000000
1609059660.689844131 0.000000000 0.000000000
1609059660.690579653 0.000000000 0.000000000
1609059660.764781713 0.000000000 0.000000000
1609059660.765583277 0.000000000 0.000000000
1609059660.789804459 0.000000000 0.000000000
1609059660.790048361 0.000000000 0.000000000
1609059660.839783430 0.000000000 0.000000000
1609059660.864797115 0.000000000 0.000000000
1609059660.865589142 0.000000000 0.000000000
1609059660.890543222 0.000000000 0.000000000
1609059660.939822674 0.000000000 0.000000000
1609059660.940566063 0.000000000 0.000000000
1609059660.965603590 0.000000000 0.000000000
1609059660.990513563 0.000000000 0.000000000
1609059661.014904261 0.000000000 0.000000000
1609059661.039824009 0.000000000 0.000000000
1609059661.040585279 0.000000000 0.000000000
1609059661.114779472 0.000000000 0.000000000
1609059661.115530252 0.000000000 0.000000000
1609059661.142203093 0.000000000 0.000000000
1609059661.142428637 0.000000000 0.000000000
1609059661.165565968 0.000000000 0.000000000
1609059661.190058470 0.000000000 0.000000000
1609059661.214793921 0.000000000 0.000000000
1609059661.215598345 0.000000000 0.000000000
1609059661.240613461 0.000000000 0.000000000
1609059661.289786577 0.000000000 0.000000000
1609059661.290566444 0.000000000 0.000000000
1609059661.314861298 0.000000000 0.000000000
1609059661.315050125 0.000000000 0.000000000
1609059661.339817286 0.000000000 0.000000000
1609059661.340507984 0.000000000 0.000000000
1609059661.365477800 0.000000000 0.000000000
1609059661.389743805 0.000000000 0.000000000
1609059661.390569687 0.000000000 0.000000000
1609059661.414796114 0.000000000 0.000000000
1609059661.415504217 0.000000000 0.000000000
1609059661.464740276 0.000000000 0.000000000
1609059661.465522289 0.000000000 0.000000000
1609059661.489561558 0.000000000 0.000000000
1609059661.490033150 0.000000000 0.000000000
1609059661.515503407 0.000000000 0.000000000
1609059661.565085411 0.000000000 0.000000000
1609059661.565576077 0.000000000 0.000000000
1609059661.639779091 0.000000000 0.000000000
1609059661.640523434 0.000000000 0.000000000
1609059661.664731979 0.000000000 0.000000000
1609059661.667663574 0.000000000 0.000000000
1609059661.689809561 0.000000000 0.000000000
1609059661.690533638 0.000000000 0.000000000
1609059661.714881897 0.000000000 0.000000000
1609059661.739807844 0.000000000 0.000000000
1609059661.740495443 0.000000000 0.000000000
1609059661.765670538 0.000000000 0.000000000
1609059661.814789057 0.000000000 0.000000000
1609059661.815536976 0.000000000 0.000000000
1609059661.839759588 0.000000000 0.000000000
1609059661.840556145 0.000000000 0.000000000
1609059661.865536928 0.000000000 0.000000000
1609059661.914762735 0.000000000 0.000000000
1609059661.915576696 0.000000000 0.000000000
1609059661.989881039 0.000000000 0.000000000
1609059661.990493059 0.000000000 0.000000000
1609059662.014799356 0.000000000 0.000000000
1609059662.015029669 0.000000000 0.000000000
1609059662.040549755 0.000000000 0.000000000
1609059662.064726591 0.000000000 0.000000000
1609059662.089792490 0.000000000 0.000000000
1609059662.090557098 0.000000000 0.000000000
1609059662.115053892 0.000000000 0.000000000
1609059662.165524721 0.000000000 0.000000000
1609059662.190070391 0.000000000 0.000000000
1609059662.215492249 0.000000000 0.000000000
1609059662.239878178 0.000000000 0.000000000
1609059662.264725447 0.000000000 0.000000000
1609059662.265578508 0.000000000 0.000000000
1609059662.339804173 0.000000000 0.000000000
1609059662.340537548 0.000000000 0.000000000
1609059662.364759445 0.000000000 0.000000000
1609059662.365052223 0.000000000 0.000000000
1609059662.390476227 0.000000000 0.000000000
1609059662.414765596 0.000000000 0.000000000
1609059662.439806223 0.000000000 0.000000000
1609059662.440468311 0.000000000 0.000000000
1609059662.514786005 0.000000000 0.000000000
1609059662.515512943 0.000000000 0.000000000
1609059662.539767504 0.000000000 0.000000000
1609059662.540549278 0.000000000 0.000000000
1609059662.565506458 0.000000000 0.000000000
1609059662.589240789 0.000000000 0.000000000
1609059662.614745617 0.000000000 0.000000000
1609059662.615525007 0.000000000 0.000000000
1609059662.640495300 0.000000000 0.000000000
1609059662.689747572 0.000000000 0.000000000
1609059662.690507889 0.000000000 0.000000000
1609059662.714615583 0.000000000 0.000000000
1609059662.715607643 0.000000000 0.000000000
1609059662.740526199 0.000000000 0.000000000
1609059662.764297247 0.000000000 0.000000000
1609059662.789743185 0.000000000 0.000000000
1609059662.790518522 0.000000000 0.000000000
1609059662.815610647 0.000000000 0.000000000
1609059662.865619898 0.000000000 0.000000000
1609059662.865958214 0.000000000 0.000000000
1609059662.889562845 0.000000000 0.000000000
1609059662.890035629 0.000000000 0.000000000
1609059662.915506840 0.000000000 0.000000000
1609059662.939244747 0.000000000 0.000000000
1609059662.940559864 0.000000000 0.000000000
1609059662.964724779 0.000000000 0.000000000
1609059662.965586662 0.000000000 0.000000000
1609059663.039688826 0.000000000 0.000000000
1609059663.040687323 0.000000000 0.000000000
1609059663.064576149 0.000000000 0.000000000
1609059663.065505505 0.000000000 0.000000000
1609059663.090488911 0.000000000 0.000000000
1609059663.114721298 0.000000000 0.000000000
1609059663.139718056 0.000000000 0.000000000
1609059663.140543461 0.000000000 0.000000000
1609059663.214698553 0.000000000 0.000000000
1609059663.215519905 0.000000000 0.000000000
1609059663.239542007 0.000000000 0.000000000
1609059663.240587950 0.000000000 0.000000000
1609059663.265563488 0.000000000 0.000000000
1609059663.289833307 0.000000000 0.000000000
1609059663.314774752 0.000000000 0.000000000
1609059663.315540552 0.000000000 0.000000000
1609059663.340575695 0.000000000 0.000000000
1609059663.389740467 0.000000000 0.000000000
1609059663.390522480 0.000000000 0.000000000
1609059663.414820671 0.000000000 0.000000000
1609059663.415566921 0.000000000 0.000000000
1609059663.440481663 0.000000000 0.000000000
1609059663.464771986 0.000000000 0.000000000
1609059663.489784956 0.000000000 0.000000000
1609059663.490568399 0.000000000 0.000000000
1609059663.564719200 0.000000000 0.000000000
1609059663.565486193 0.000000000 0.000000000
1609059663.589783192 0.000000000 0.000000000
1609059663.590520382 0.000000000 0.000000000
1609059663.615527153 0.000000000 0.000000000
1609059663.639848948 0.000000000 0.000000000
1609059663.664712429 0.000000000 0.000000000
1609059663.665528774 0.000000000 0.000000000
1609059663.690023899 0.000000000 0.000000000
1609059663.739745617 0.000000000 0.000000000
1609059663.740498781 0.000000000 0.000000000
1609059663.764930964 0.000000000 0.000000000
1609059663.765734911 0.000000000 0.000000000
1609059663.790479422 0.000000000 0.000000000
1609059663.814788342 0.000000000 0.000000000
1609059663.839771271 0.000000000 0.000000000
1609059663.840476751 0.000000000 0.000000000
1609059663.914712667 0.000000000 0.000000000
1609059663.939574957 0.000000000 0.000000000
1609059663.939983130 0.000000000 0.000000000
1609059663.965552092 0.000000000 0.000000000
1609059663.989772797 0.000000000 0.000000000
1609059664.014759779 0.000000000 0.000000000
1609059664.015573263 0.000000000 0.000000000
1609059664.089728832 0.000000000 0.000000000
1609059664.090532541 0.000000000 0.000000000
1609059664.114751339 0.000000000 0.000000000
1609059664.115542889 0.000000000 0.000000000
1609059664.140469790 0.000000000 0.000000000
1609059664.164229155 0.000000000 0.000000000
1609059664.189723015 0.000000000 0.000000000
1609059664.190477133 0.000000000 0.000000000
1609059664.214675665 0.000000000 0.000000000
1609059664.215599298 0.000000000 0.000000000
1609059664.264790058 0.000000000 0.000000000
1609059664.265514612 0.000000000 0.000000000
1609059664.289556026 0.000000000 0.000000000
1609059664.290002823 0.000000000 0.000000000
1609059664.315484047 0.000000000 0.000000000
1609059664.339775801 0.000000000 0.000000000
1609059664.364719629 0.000000000 0.000000000
1609059664.365597248 0.000000000 0.000000000
1609059664.390530109 0.000000000 0.000000000
1609059664.439663649 0.000000000 0.000000000
1609059664.440450907 0.000000000 0.000000000
1609059664.464515448 0.000000000 0.000000000
1609059664.489661455 0.000000000 0.000000000
1609059664.490453959 0.000000000 0.000000000
1609059664.514772415 0.000000000 0.000000000
1609059664.515561104 0.000000000 0.000000000
1609059664.539715528 0.000000000 0.000000000
1609059664.540505171 0.000000000 0.000000000
1609059664.614727259 0.000000000 0.000000000
1609059664.615431547 0.000000000 0.000000000
1609059664.639706612 0.000000000 0.000000000
1609059664.640011787 0.000000000 0.000000000
1609059664.664729834 0.000000000 0.000000000
1609059664.689924240 0.000000000 0.000000000
1609059664.714707136 0.000000000 0.000000000
1609059664.715575933 0.000000000 0.000000000
1609059664.740516901 0.000000000 0.000000000
1609059664.789715767 0.000000000 0.000000000
1609059664.790438175 0.000000000 0.000000000
1609059664.814755917 0.000000000 0.000000000
1609059664.814991236 0.000000000 0.000000000
1609059664.864723206 0.000000000 0.000000000
1609059664.889740944 0.000000000 0.000000000
1609059664.890556335 0.000000000 0.000000000
1609059664.915559769 0.000000000 0.000000000
1609059664.964692116 0.000000000 0.000000000
1609059664.989550591 0.000000000 0.000000000
1609059664.989970922 0.000000000 0.000000000
1609059665.015457392 0.000000000 0.000000000
1609059665.039730787 0.000000000 0.000000000
1609059665.064727068 0.000000000 0.000000000
1609059665.065494061 0.000000000 0.000000000
1609059665.089970827 0.000000000 0.000000000
1609059665.139721394 0.000000000 0.000000000
1609059665.140500069 0.000000000 0.000000000
1609059665.164693832 0.000000000 0.000000000
1609059665.165034056 0.000000000 0.000000000
1609059665.189703226 0.000000000 0.000000000
1609059665.190438271 0.000000000 0.000000000
1609059665.214698792 0.000000000 0.000000000
1609059665.239687443 0.000000000 0.000000000
1609059665.240435600 0.000000000 0.000000000
1609059665.314730167 0.000000000 0.000000000
1609059665.339471340 0.000000000 0.000000000
1609059665.339962721 0.000000000 0.000000000
1609059665.365501404 0.000000000 0.000000000
1609059665.389227867 0.000000000 0.000000000
1609059665.414733887 0.000000000 0.000000000
1609059665.415504456 0.000000000 0.000000000
1609059665.439674616 0.000000000 0.000000000
1609059665.440453053 0.000000000 0.000000000
1609059665.489687920 0.000000000 0.000000000
1609059665.490452766 0.000000000 0.000000000
1609059665.514773846 0.000000000 0.000000000
1609059665.515517235 0.000000000 0.000000000
1609059665.540534496 0.000000000 0.000000000
1609059665.564727306 0.000000000 0.000000000
1609059665.589699507 0.000000000 0.000000000
1609059665.590490341 0.000000000 0.000000000
1609059665.615061045 0.000000000 0.000000000
1609059665.615437508 0.000000000 0.000000000
1609059665.664718866 0.000000000 0.000000000
1609059665.665407658 0.000000000 0.000000000
1609059665.689679146 0.000000000 0.000000000
1609059665.690490723 0.000000000 0.000000000
1609059665.715425491 0.000000000 0.000000000
1609059665.739752769 0.000000000 0.000000000
1609059665.789724350 0.000000000 0.000000000
1609059665.790525436 0.000000000 0.000000000
1609059665.839693546 0.000000000 0.000000000
1609059665.840478420 0.000000000 0.000000000
1609059665.864793062 0.000000000 0.000000000
1609059665.865546465 0.000000000 0.000000000
1609059665.890469074 0.000000000 0.000000000
1609059665.914730549 0.000000000 0.000000000
1609059665.939733982 0.000000000 0.000000000
1609059665.940505981 0.000000000 0.000000000
1609059665.966052771 0.000000000 0.000000000
1609059666.014750242 0.000000000 0.000000000
1609059666.015429974 0.000000000 0.000000000
1609059666.039778709 0.000000000 0.000000000
1609059666.040571213 0.000000000 0.000000000
1609059666.064679384 0.000000000 0.000000000
1609059666.065453768 0.000000000 0.000000000
1609059666.115681410 0.000000000 0.000000000
1609059666.115938902 0.000000000 0.000000000
1609059666.140416145 0.000000000 0.000000000
1609059666.189706087 0.000000000 0.000000000
1609059666.190425158 0.000000000 0.000000000
1609059666.214692593 0.000000000 0.000000000
1609059666.214914799 0.000000000 0.000000000
1609059666.240414143 0.000000000 0.000000000
1609059666.264696360 0.000000000 0.000000000
1609059666.265426636 0.000000000 0.000000000
1609059666.289691687 0.000000000 0.000000000
1609059666.290613174 0.000000000 0.000000000
1609059666.315533876 0.000000000 0.000000000
1609059666.364718199 0.000000000 0.000000000
1609059666.365482330 0.000000000 0.000000000
1609059666.389718056 0.000000000 0.000000000
1609059666.390476942 0.000000000 0.000000000
1609059666.415447235 0.000000000 0.000000000
1609059666.439765692 0.000000000 0.000000000
1609059666.464656115 0.000000000 0.000000000
1609059666.465432882 0.000000000 0.000000000
1609059666.489655733 0.000000000 0.000000000
1609059666.489920378 0.000000000 0.000000000
1609059666.539708376 0.000000000 0.000000000
1609059666.540446043 0.000000000 0.000000000
1609059666.564496756 0.000000000 0.000000000
1609059666.564987183 0.000000000 0.000000000
1609059666.590379715 0.000000000 0.000000000
1609059666.614779472 0.000000000 0.000000000
1609059666.615515709 0.000000000 0.000000000
1609059666.639729261 0.000000000 0.000000000
1609059666.640517473 0.000000000 0.000000000
1609059666.664967537 0.000000000 0.000000000
1609059666.714679480 0.000000000 0.000000000
1609059666.715399504 0.000000000 0.000000000
1609059666.739552736 0.000000000 0.000000000
1609059666.740606785 0.000000000 0.000000000
1609059666.765547276 0.000000000 0.000000000
1609059666.789723158 0.000000000 0.000000000
1609059666.814985752 0.000000000 0.000000000
1609059666.815474272 0.000000000 0.000000000
1609059666.889670134 0.000000000 0.000000000
1609059666.890452385 0.000000000 0.000000000
1609059666.914478540 0.000000000 0.000000000
1609059666.914970398 0.000000000 0.000000000
1609059666.940389156 0.000000000 0.000000000
1609059666.964694023 0.000000000 0.000000000
1609059666.989732504 0.000000000 0.000000000
1609059666.990432978 0.000000000 0.000000000
1609059667.015435696 0.000000000 0.000000000
1609059667.064725876 0.000000000 0.000000000
1609059667.065409660 0.000000000 0.000000000
1609059667.089457273 0.000000000 0.000000000
1609059667.090464830 0.000000000 0.000000000
1609059667.115390539 0.000000000 0.000000000
1609059667.139203072 0.000000000 0.000000000
1609059667.164702177 0.000000000 0.000000000
1609059667.165504932 0.000000000 0.000000000
1609059667.189962387 0.000000000 0.000000000
1609059667.239632368 0.000000000 0.000000000
1609059667.240375996 0.000000000 0.000000000
1609059667.264672279 0.000000000 0.000000000
1609059667.265491247 0.000000000 0.000000000
1609059667.290391207 0.000000000 0.000000000
1609059667.339687586 0.000000000 0.000000000
1609059667.340473890 0.000000000 0.000000000
1609059667.364692926 0.000000000 0.000000000
1609059667.365549803 0.000000000 0.000000000
1609059667.415384054 0.000000000 0.000000000
1609059667.439686298 0.000000000 0.000000000
1609059667.439964294 0.000000000 0.000000000
1609059667.465432882 0.000000000 0.000000000
1609059667.489687204 0.000000000 0.000000000
1609059667.514643669 0.000000000 0.000000000
1609059667.515478373 0.000000000 0.000000000
1609059667.540405273 0.000000000 0.000000000
1609059667.615514278 0.000000000 0.000000000
1609059667.615754604 0.000000000 0.000000000
1609059667.640409708 0.000000000 0.000000000
1609059667.664704800 0.000000000 0.000000000
1609059667.689633608 0.000000000 0.000000000
1609059667.690452814 0.000000000 0.000000000
1609059667.714654684 0.000000000 0.000000000
1609059667.715399981 0.000000000 0.000000000
1609059667.764649391 0.000000000 0.000000000
1609059667.765446424 0.000000000 0.000000000
1609059667.789495945 0.000000000 0.000000000
1609059667.789940357 0.000000000 0.000000000
1609059667.815445662 0.000000000 0.000000000
1609059667.839134932 0.000000000 0.000000000
1609059667.865446806 0.000000000 0.000000000
1609059667.890399456 0.000000000 0.000000000
1609059667.939683676 0.000000000 0.000000000
1609059667.940402031 0.000000000 0.000000000
1609059667.964474440 0.000000000 0.000000000
1609059667.965027332 0.000000000 0.000000000
1609059667.990403414 0.000000000 0.000000000
1609059668.014658689 0.000000000 0.000000000
1609059668.039676189 0.000000000 0.000000000
1609059668.040474415 0.000000000 0.000000000
1609059668.114746809 0.000000000 0.000000000
1609059668.115412951 0.000000000 0.000000000
1609059668.139457941 0.000000000 0.000000000
1609059668.139923334 0.000000000 0.000000000
1609059668.165445328 0.000000000 0.000000000
1609059668.189739227 0.000000000 0.000000000
1609059668.214673042 0.000000000 0.000000000
1609059668.215464592 0.000000000 0.000000000
1609059668.290388107 0.000000000 0.000000000
1609059668.314492941 0.000000000 0.000000000
1609059668.315498590 0.000000000 0.000000000
1609059668.340448141 0.000000000 0.000000000
1609059668.364176273 0.000000000 0.000000000
1609059668.389665604 0.000000000 0.000000000
1609059668.390439034 0.000000000 0.000000000
1609059668.415418625 0.000000000 0.000000000
1609059668.464631319 0.000000000 0.000000000
1609059668.465668440 0.000000000 0.000000000
1609059668.489614487 0.000000000 0.000000000
1609059668.490421772 0.000000000 0.000000000
1609059668.515470505 0.000000000 0.000000000
1609059668.539103508 0.000000000 0.000000000
1609059668.564649582 0.000000000 0.000000000
1609059668.565494537 0.000000000 0.000000000
1609059668.590504169 0.000000000 0.000000000
1609059668.639668703 0.000000000 0.000000000
1609059668.640350342 0.000000000 0.000000000
1609059668.664421558 0.000000000 0.000000000
1609059668.665422678 0.000000000 0.000000000
1609059668.690423727 0.000000000 0.000000000
1609059668.714640379 0.000000000 0.000000000
1609059668.739732981 0.000000000 0.000000000
1609059668.740411758 0.000000000 0.000000000
1609059668.814642429 0.000000000 0.000000000
1609059668.815385342 0.000000000 0.000000000
1609059668.839472055 0.000000000 0.000000000
1609059668.840452909 0.000000000 0.000000000
1609059668.865409136 0.000000000 0.000000000
1609059668.889661312 0.000000000 0.000000000
1609059668.914614201 0.000000000 0.000000000
1609059668.915430307 0.000000000 0.000000000
1609059668.940475702 0.000000000 0.000000000
1609059668.989654303 0.000000000 0.000000000
1609059668.990370274 0.000000000 0.000000000
1609059669.014449120 0.000000000 0.000000000
1609059669.014907122 0.000000000 0.000000000
1609059669.040358782 0.000000000 0.000000000
1609059669.064696789 0.000000000 0.000000000
1609059669.089613199 0.000000000 0.000000000
1609059669.090424538 0.000000000 0.000000000
1609059669.164648771 0.000000000 0.000000000
1609059669.165377855 0.000000000 0.000000000
1609059669.189717770 0.000000000 0.000000000
1609059669.189930916 0.000000000 0.000000000
1609059669.215351343 0.000000000 0.000000000
1609059669.239680767 0.000000000 0.000000000
1609059669.264724731 0.000000000 0.000000000
1609059669.265501976 0.000000000 0.000000000
1609059669.290402651 0.000000000 0.000000000
1609059669.339610577 0.000000000 0.000000000
1609059669.340350628 0.000000000 0.000000000
1609059669.364498377 0.000000000 0.000000000
1609059669.365471601 0.000000000 0.000000000
1609059669.390401840 0.000000000 0.000000000
1609059669.414632320 0.000000000 0.000000000
1609059669.439647198 0.000000000 0.000000000
1609059669.440412045 0.000000000 0.000000000
1609059669.464618683 0.000000000 0.000000000
1609059669.514628649 0.000000000 0.000000000
1609059669.515341759 0.000000000 0.000000000
1609059669.539636612 0.000000000 0.000000000
1609059669.540468216 0.000000000 0.000000000
1609059669.565409899 0.000000000 0.000000000
1609059669.589651108 0.000000000 0.000000000
1609059669.614610434 0.000000000 0.000000000
1609059669.615436792 0.000000000 0.000000000
1609059669.640381813 0.000000000 0.000000000
1609059669.689586878 0.000000000 0.000000000
1609059669.690355301 0.000000000 0.000000000
1609059669.714720249 0.000000000 0.000000000
1609059669.715412855 0.000000000 0.000000000
1609059669.740399122 0.000000000 0.000000000
1609059669.764605999 0.000000000 0.000000000
1609059669.789615154 0.000000000 0.000000000
1609059669.790409327 0.000000000 0.000000000
1609059669.814921379 0.000000000 0.000000000
1609059669.864593983 0.000000000 0.000000000
1609059669.889721394 0.000000000 0.000000000
1609059669.890414476 0.000000000 0.000000000
1609059669.915587902 0.000000000 0.000000000
1609059669.939676523 0.000000000 0.000000000
1609059669.989933252 0.000000000 0.000000000
1609059670.064448595 0.000000000 0.000000000
1609059670.065401316 0.000000000 0.000000000
1609059670.090360165 0.000000000 0.000000000
1609059670.114673853 0.000000000 0.000000000
1609059670.139662743 0.000000000 0.000000000
1609059670.140489340 0.000000000 0.000000000
1609059670.164988756 0.000000000 0.000000000
1609059670.214642048 0.000000000 0.000000000
1609059670.215384245 0.000000000 0.000000000
1609059670.239753246 0.000000000 0.000000000
1609059670.240406036 0.000000000 0.000000000
1609059670.265383959 0.000000000 0.000000000
1609059670.289704084 0.000000000 0.000000000
1609059670.314648151 0.000000000 0.000000000
1609059670.315397978 0.000000000 0.000000000
1609059670.339613914 0.000000000 0.000000000
1609059670.339866161 0.000000000 0.000000000
1609059670.389621496 0.000000000 0.000000000
1609059670.390141726 0.000000000 0.000000000
1609059670.414728880 0.000000000 0.000000000
1609059670.415446758 0.000000000 0.000000000
1609059670.440363407 0.000000000 0.000000000
1609059670.464615822 0.000000000 0.000000000
1609059670.489607573 0.000000000 0.000000000
1609059670.490441561 0.000000000 0.000000000
1609059670.564610004 0.000000000 0.000000000
1609059670.565371037 0.000000000 0.000000000
1609059670.589723587 0.000000000 0.000000000
1609059670.590451717 0.000000000 0.000000000
1609059670.639636755 0.000000000 0.000000000
1609059670.664618492 0.000000000 0.000000000
1609059670.665139675 0.000000000 0.000000000
1609059670.690376282 0.000000000 0.000000000
1609059670.739689589 0.000000000 0.000000000
1609059670.740441322 0.000000000 0.000000000
1609059670.764493704 0.000000000 0.000000000
1609059670.765526772 0.000000000 0.000000000
1609059670.790426493 0.000000000 0.000000000
1609059670.814671755 0.000000000 0.000000000
1609059670.839644670 0.000000000 0.000000000
1609059670.840120554 0.000000000 0.000000000
1609059670.864932060 0.000000000 0.000000000
1609059670.914593220 0.000000000 0.000000000
1609059670.915317535 0.000000000 0.000000000
1609059670.939390659 0.000000000 0.000000000
1609059670.940371990 0.000000000 0.000000000
1609059670.965350628 0.000000000 0.000000000
1609059670.989635229 0.000000000 0.000000000
1609059671.014595270 0.000000000 0.000000000
1609059671.015130758 0.000000000 0.000000000
1609059671.039879799 0.000000000 0.000000000
1609059671.089629650 0.000000000 0.000000000
1609059671.090108395 0.000000000 0.000000000
1609059671.114402056 0.000000000 0.000000000
1609059671.115408897 0.000000000 0.000000000
1609059671.140330315 0.000000000 0.000000000
1609059671.164619446 0.000000000 0.000000000
1609059671.189594269 0.000000000 0.000000000
1609059671.190341234 0.000000000 0.000000000
1609059671.264570475 0.000000000 0.000000000
1609059671.265151024 0.000000000 0.000000000
1609059671.289721489 0.000000000 0.000000000
1609059671.290723562 0.000000000 0.000000000
1609059671.339618444 0.000000000 0.000000000
1609059671.364634991 0.000000000 0.000000000
1609059671.365436077 0.000000000 0.000000000
1609059671.390383005 0.000000000 0.000000000
1609059671.439606667 0.000000000 0.000000000
1609059671.440160513 0.000000000 0.000000000
1609059671.465387106 0.000000000 0.000000000
1609059671.465672493 0.000000000 0.000000000
1609059671.489546776 0.000000000 0.000000000
1609059671.490335226 0.000000000 0.000000000
1609059671.514612675 0.000000000 0.000000000
1609059671.539566040 0.000000000 0.000000000
1609059671.540337324 0.000000000 0.000000000
1609059671.565396786 0.000000000 0.000000000
1609059671.614768028 0.000000000 0.000000000
1609059671.615055561 0.000000000 0.000000000
1609059671.639398575 0.000000000 0.000000000
1609059671.640362740 0.000000000 0.000000000
1609059671.665334463 0.000000000 0.000000000
1609059671.689573050 0.000000000 0.000000000
1609059671.714611530 0.000000000 0.000000000
1609059671.716167688 0.000000000 0.000000000
1609059671.740377426 0.000000000 0.000000000
1609059671.789649963 0.000000000 0.000000000
1609059671.814728975 0.000000000 0.000000000
1609059671.815467358 0.000000000 0.000000000
1609059671.840371847 0.000000000 0.000000000
1609059671.864741564 0.000000000 0.000000000
1609059671.889591932 0.000000000 0.000000000
1609059671.890299320 0.000000000 0.000000000
1609059671.915381670 0.000000000 0.000000000
1609059671.964606524 0.000000000 0.000000000
1609059671.989391565 0.000000000 0.000000000
1609059671.990353823 0.000000000 0.000000000
1609059672.015338182 0.000000000 0.000000000
1609059672.039654732 0.000000000 0.000000000
1609059672.064579487 0.000000000 0.000000000
1609059672.065304756 0.000000000 0.000000000
1609059672.090371609 0.000000000 0.000000000
1609059672.139647245 0.000000000 0.000000000
1609059672.140317202 0.000000000 0.000000000
1609059672.164618731 0.000000000 0.000000000
1609059672.165158033 0.000000000 0.000000000
1609059672.190347910 0.000000000 0.000000000
1609059672.214626551 0.000000000 0.000000000
1609059672.239616632 0.000000000 0.000000000
1609059672.240509033 0.000000000 0.000000000
1609059672.265473604 0.000000000 0.000000000
1609059672.314597368 0.000000000 0.000000000
1609059672.339550257 0.000000000 0.000000000
1609059672.340359926 0.000000000 0.000000000
1609059672.365559578 0.000000000 0.000000000
1609059672.389571428 0.000000000 0.000000000
1609059672.414592981 0.000000000 0.000000000
1609059672.415314198 0.000000000 0.000000000
1609059672.440415859 0.000000000 0.000000000
1609059672.489635706 0.000000000 0.000000000
1609059672.514585495 0.000000000 0.000000000
1609059672.515376568 0.000000000 0.000000000
1609059672.540327072 0.000000000 0.000000000
1609059672.564600229 0.000000000 0.000000000
1609059672.589561462 0.000000000 0.000000000
1609059672.590298176 0.000000000 0.000000000
1609059672.615380049 0.000000000 0.000000000
1609059672.664598227 0.000000000 0.000000000
1609059672.689430475 0.000000000 0.000000000
1609059672.690412521 0.000000000 0.000000000
1609059672.715375423 0.000000000 0.000000000
1609059672.739558220 0.000000000 0.000000000
1609059672.764562368 0.000000000 0.000000000
1609059672.765354633 0.000000000 0.000000000
1609059672.790400743 0.000000000 0.000000000
1609059672.839630127 0.000000000 0.000000000
1609059672.864641666 0.000000000 0.000000000
1609059672.865342855 0.000000000 0.000000000
1609059672.890311241 0.000000000 0.000000000
1609059672.914555550 0.000000000 0.000000000
1609059672.939589262 0.000000000 0.000000000
1609059672.940346241 0.000000000 0.000000000
1609059672.964935780 0.000000000 0.000000000
1609059673.014662504 0.000000000 0.000000000
1609059673.039337873 0.000000000 0.000000000
1609059673.040099621 0.000000000 0.000000000
1609059673.065296888 0.000000000 0.000000000
1609059673.089531183 0.000000000 0.000000000
1609059673.114599705 0.000000000 0.000000000
1609059673.115306616 0.000000000 0.000000000
1609059673.189590216 0.000000000 0.000000000
1609059673.214356899 0.000000000 0.000000000
1609059673.215166569 0.000000000 0.000000000
1609059673.239598274 0.000000000 0.000000000
1609059673.240314722 0.000000000 0.000000000
1609059673.264620304 0.000000000 0.000000000
1609059673.289615393 0.000000000 0.000000000
1609059673.290308952 0.000000000 0.000000000
1609059673.364589453 0.000000000 0.000000000
1609059673.389587402 0.000000000 0.000000000
1609059673.390109062 0.000000000 0.000000000
1609059673.415341854 0.000000000 0.000000000
1609059673.439548969 0.000000000 0.000000000
1609059673.464612484 0.000000000 0.000000000
1609059673.465320110 0.000000000 0.000000000
1609059673.539633274 0.000000000 0.000000000
1609059673.540317059 0.000000000 0.000000000
1609059673.564383745 0.000000000 0.000000000
1609059673.565180779 0.000000000 0.000000000
1609059673.590301514 0.000000000 0.000000000
1609059673.614602089 0.000000000 0.000000000
1609059673.639622688 0.000000000 0.000000000
1609059673.640281916 0.000000000 0.000000000
1609059673.665393353 0.000000000 0.000000000
1609059673.714591265 0.000000000 0.000000000
1609059673.739366055 0.000000000 0.000000000
1609059673.740079165 0.000000000 0.000000000
1609059673.764542580 0.000000000 0.000000000
1609059673.765361547 0.000000000 0.000000000
1609059673.789529800 0.000000000 0.000000000
1609059673.814574480 0.000000000 0.000000000
1609059673.815078735 0.000000000 0.000000000
1609059673.889527798 0.000000000 0.000000000
1609059673.890259504 0.000000000 0.000000000
1609059673.914305687 0.000000000 0.000000000
1609059673.915428400 0.000000000 0.000000000
1609059673.940327644 0.000000000 0.000000000
1609059673.964649200 0.000000000 0.000000000
1609059673.989556551 0.000000000 0.000000000
1609059673.990082741 0.000000000 0.000000000
1609059674.014765501 0.000000000 0.000000000
1609059674.064557076 0.000000000 0.000000000
1609059674.089417696 0.000000000 0.000000000
1609059674.090345860 0.000000000 0.000000000
1609059674.114526510 0.000000000 0.000000000
1609059674.115319252 0.000000000 0.000000000
1609059674.139613390 0.000000000 0.000000000
1609059674.164593935 0.000000000 0.000000000
1609059674.165141106 0.000000000 0.000000000
1609059674.190256596 0.000000000 0.000000000
1609059674.239598274 0.000000000 0.000000000
1609059674.264544964 0.000000000 0.000000000
1609059674.265432358 0.000000000 0.000000000
1609059674.290339231 0.000000000 0.000000000
1609059674.314610720 0.000000000 0.000000000
1609059674.339542627 0.000000000 0.000000000
1609059674.340057611 0.000000000 0.000000000
1609059674.365537405 0.000000000 0.000000000
1609059674.414573431 0.000000000 0.000000000
1609059674.415305853 0.000000000 0.000000000
1609059674.439590693 0.000000000 0.000000000
1609059674.440348625 0.000000000 0.000000000
1609059674.465291977 0.000000000 0.000000000
1609059674.489559174 0.000000000 0.000000000
1609059674.514563799 0.000000000 0.000000000
1609059674.515421629 0.000000000 0.000000000
1609059674.540304422 0.000000000 0.000000000
1609059674.589570999 0.000000000 0.000000000
1609059674.590314150 0.000000000 0.000000000
1609059674.614303350 0.000000000 0.000000000
1609059674.615377665 0.000000000 0.000000000
1609059674.640343904 0.000000000 0.000000000
1609059674.664511442 0.000000000 0.000000000
1609059674.689529896 0.000000000 0.000000000
1609059674.690064669 0.000000000 0.000000000
1609059674.715339422 0.000000000 0.000000000
1609059674.764621258 0.000000000 0.000000000
1609059674.765428305 0.000000000 0.000000000
1609059674.789527655 0.000000000 0.000000000
1609059674.790361166 0.000000000 0.000000000
1609059674.814497232 0.000000000 0.000000000
1609059674.815279245 0.000000000 0.000000000
1609059674.839571953 0.000000000 0.000000000
1609059674.864537716 0.000000000 0.000000000
1609059674.865335464 0.000000000 0.000000000
1609059674.890267372 0.000000000 0.000000000
1609059674.939590454 0.000000000 0.000000000
1609059674.940261602 0.000000000 0.000000000
1609059674.964517593 0.000000000 0.000000000
1609059674.965354919 0.000000000 0.000000000
1609059674.989489794 0.000000000 0.000000000
1609059674.990243435 0.000000000 0.000000000
1609059675.014535427 0.000000000 0.000000000
1609059675.040329218 0.000000000 0.000000000
1609059675.040598154 0.000000000 0.000000000
1609059675.114519835 0.000000000 0.000000000
1609059675.115244389 0.000000000 0.000000000
1609059675.139544725 0.000000000 0.000000000
1609059675.140357256 0.000000000 0.000000000
1609059675.165280342 0.000000000 0.000000000
1609059675.189558268 0.000000000 0.000000000
1609059675.214602470 0.000000000 0.000000000
1609059675.215283632 0.000000000 0.000000000
1609059675.240329266 0.000000000 0.000000000
1609059675.289550543 0.000000000 0.000000000
1609059675.290225983 0.000000000 0.000000000
1609059675.314275026 0.000000000 0.000000000
1609059675.315284491 0.000000000 0.000000000
1609059675.340254784 0.000000000 0.000000000
1609059675.364563465 0.000000000 0.000000000
1609059675.389562845 0.000000000 0.000000000
1609059675.390249491 0.000000000 0.000000000
1609059675.415343523 0.000000000 0.000000000
1609059675.464528084 0.000000000 0.000000000
1609059675.465231419 0.000000000 0.000000000
1609059675.489514351 0.000000000 0.000000000
1609059675.490295172 0.000000000 0.000000000
1609059675.514571428 0.000000000 0.000000000
1609059675.515283823 0.000000000 0.000000000
1609059675.539588451 0.000000000 0.000000000
1609059675.564509630 0.000000000 0.000000000
1609059675.565328121 0.000000000 0.000000000
1609059675.590247869 0.000000000 0.000000000
1609059675.639544249 0.000000000 0.000000000
1609059675.640276909 0.000000000 0.000000000
1609059675.664484501 0.000000000 0.000000000
1609059675.664767265 0.000000000 0.000000000
1609059675.689483404 0.000000000 0.000000000
1609059675.690219641 0.000000000 0.000000000
1609059675.714542627 0.000000000 0.000000000
1609059675.739575863 0.000000000 0.000000000
1609059675.740304708 0.000000000 0.000000000
1609059675.765346050 0.000000000 0.000000000
1609059675.814507008 0.000000000 0.000000000
1609059675.815244436 0.000000000 0.000000000
1609059675.839541197 0.000000000 0.000000000
1609059675.840315104 0.000000000 0.000000000
1609059675.864492655 0.000000000 0.000000000
1609059675.865231276 0.000000000 0.000000000
1609059675.889528275 0.000000000 0.000000000
1609059675.914556980 0.000000000 0.000000000
1609059675.915290833 0.000000000 0.000000000
1609059675.940336227 0.000000000 0.000000000
1609059675.989524126 0.000000000 0.000000000
1609059675.990222931 0.000000000 0.000000000
1609059676.014493942 0.000000000 0.000000000
1609059676.015282869 0.000000000 0.000000000
1609059676.040277481 0.000000000 0.000000000
1609059676.064516068 0.000000000 0.000000000
1609059676.089529276 0.000000000 0.000000000
1609059676.090215206 0.000000000 0.000000000
1609059676.115295172 0.000000000 0.000000000
1609059676.164501190 0.000000000 0.000000000
1609059676.189494848 0.000000000 0.000000000
1609059676.190297127 0.000000000 0.000000000
1609059676.215235472 0.000000000 0.000000000
1609059676.239503145 0.000000000 0.000000000
1609059676.264463186 0.000000000 0.000000000
1609059676.265404224 0.000000000 0.000000000
1609059676.339558125 0.000000000 0.000000000
1609059676.340267658 0.000000000 0.000000000
1609059676.364509821 0.000000000 0.000000000
1609059676.364807129 0.000000000 0.000000000
1609059676.390244961 0.000000000 0.000000000
1609059676.414587259 0.000000000 0.000000000
1609059676.439552546 0.000000000 0.000000000
1609059676.440294266 0.000000000 0.000000000
1609059676.514500141 0.000000000 0.000000000
1609059676.515207291 0.000000000 0.000000000
1609059676.539589643 0.000000000 0.000000000
1609059676.539789915 0.000000000 0.000000000
1609059676.564451694 0.000000000 0.000000000
1609059676.565273523 0.000000000 0.000000000
1609059676.589535475 0.000000000 0.000000000
1609059676.614520788 0.000000000 0.000000000
1609059676.615269661 0.000000000 0.000000000
1609059676.639516830 0.000000000 0.000000000
1609059676.639697075 0.000000000 0.000000000
1609059676.689474106 0.000000000 0.000000000
1609059676.690224886 0.000000000 0.000000000
1609059676.714501143 0.000000000 0.000000000
1609059676.715291023 0.000000000 0.000000000
1609059676.739499807 0.000000000 0.000000000
1609059676.740224123 0.000000000 0.000000000
1609059676.764499664 0.000000000 0.000000000
1609059676.789560556 0.000000000 0.000000000
1609059676.790260792 0.000000000 0.000000000
1609059676.815307379 0.000000000 0.000000000
1609059676.864506483 0.000000000 0.000000000
1609059676.865220785 0.000000000 0.000000000
1609059676.889538288 0.000000000 0.000000000
1609059676.889760494 0.000000000 0.000000000
1609059676.915282726 0.000000000 0.000000000
1609059676.939561844 0.000000000 0.000000000
1609059676.964488029 0.000000000 0.000000000
1609059676.965407133 0.000000000 0.000000000
1609059676.989523888 0.000000000 0.000000000
1609059676.990279198 0.000000000 0.000000000
1609059677.039538145 0.000000000 0.000000000
1609059677.040307045 0.000000000 0.000000000
1609059677.064497948 0.000000000 0.000000000
1609059677.067326784 0.000000000 0.000000000
1609059677.090226412 0.000000000 0.000000000
1609059677.114539385 0.000000000 0.000000000
1609059677.139487028 0.000000000 0.000000000
1609059677.140247107 0.000000000 0.000000000
1609059677.165309668 0.000000000 0.000000000
1609059677.214459658 0.000000000 0.000000000
1609059677.215246677 0.000000000 0.000000000
1609059677.240158796 0.000000000 0.000000000
1609059677.240423203 0.000000000 0.000000000
1609059677.265254974 0.000000000 0.000000000
1609059677.289479017 0.000000000 0.000000000
1609059677.314517498 0.000000000 0.000000000
1609059677.315262079 0.000000000 0.000000000
1609059677.414480448 0.000000000 0.000000000
1609059677.414770365 0.000000000 0.000000000
1609059677.440218210 0.000000000 0.000000000
1609059677.464500904 0.000000000 0.000000000
1609059677.489480019 0.000000000 0.000000000
1609059677.490309477 0.000000000 0.000000000
1609059677.564451218 0.000000000 0.000000000
1609059677.565267563 0.000000000 0.000000000
1609059677.589487076 0.000000000 0.000000000
1609059677.589742184 0.000000000 0.000000000
1609059677.615593195 0.000000000 0.000000000
1609059677.639441729 0.000000000 0.000000000
1609059677.664455414 0.000000000 0.000000000
1609059677.665285826 0.000000000 0.000000000
1609059677.739531994 0.000000000 0.000000000
1609059677.740462542 0.000000000 0.000000000
1609059677.764500618 0.000000000 0.000000000
1609059677.764813662 0.000000000 0.000000000
1609059677.790235758 0.000000000 0.000000000
1609059677.814474583 0.000000000 0.000000000
1609059677.839536667 0.000000000 0.000000000
1609059677.840275526 0.000000000 0.000000000
1609059677.864581347 0.000000000 0.000000000
1609059677.865322590 0.000000000 0.000000000
1609059677.914470911 0.000000000 0.000000000
1609059677.915219545 0.000000000 0.000000000
1609059677.939472914 0.000000000 0.000000000
1609059677.940280437 0.000000000 0.000000000
1609059677.965229273 0.000000000 0.000000000
1609059677.989531279 0.000000000 0.000000000
1609059678.014486074 0.000000000 0.000000000
1609059678.015285015 0.000000000 0.000000000
1609059678.039585829 0.000000000 0.000000000
1609059678.040276766 0.000000000 0.000000000
1609059678.089489222 0.000000000 0.000000000
1609059678.090249300 0.000000000 0.000000000
1609059678.114599466 0.000000000 0.000000000
1609059678.115276814 0.000000000 0.000000000
1609059678.140225649 0.000000000 0.000000000
1609059678.164484024 0.000000000 0.000000000
1609059678.189446211 0.000000000 0.000000000
1609059678.190234423 0.000000000 0.000000000
1609059678.214479923 0.000000000 0.000000000
1609059678.215272665 0.000000000 0.000000000
1609059678.264453888 0.000000000 0.000000000
1609059678.265248299 0.000000000 0.000000000
1609059678.289449453 0.000000000 0.000000000
1609059678.289720297 0.000000000 0.000000000
1609059678.315176010 0.000000000 0.000000000
1609059678.339686632 0.000000000 0.000000000
1609059678.364498615 0.000000000 0.000000000
1609059678.365220547 0.000000000 0.000000000
1609059678.389485359 0.000000000 0.000000000
1609059678.390222788 0.000000000 0.000000000
1609059678.439448833 0.000000000 0.000000000
1609059678.464463472 0.000000000 0.000000000
1609059678.465291023 0.000000000 0.000000000
1609059678.490235806 0.000000000 0.000000000
1609059678.514474869 0.000000000 0.000000000
1609059678.539479971 0.000000000 0.000000000
1609059678.540268183 0.000000000 0.000000000
1609059678.564561367 0.000000000 0.000000000
1609059678.565258026 0.000000000 0.000000000
1609059678.614511013 0.000000000 0.000000000
1609059678.615195751 0.000000000 0.000000000
1609059678.639472961 0.000000000 0.000000000
1609059678.639734983 0.000000000 0.000000000
1609059678.664452076 0.000000000 0.000000000
1609059678.665185928 0.000000000 0.000000000
1609059678.689494133 0.000000000 0.000000000
1609059678.714473486 0.000000000 0.000000000
1609059678.715315580 0.000000000 0.000000000
1609059678.739488602 0.000000000 0.000000000
1609059678.740250111 0.000000000 0.000000000
1609059678.789484501 0.000000000 0.000000000
1609059678.790204048 0.000000000 0.000000000
1609059678.814500093 0.000000000 0.000000000
1609059678.815247774 0.000000000 0.000000000
1609059678.839498043 0.000000000 0.000000000
1609059678.840257645 0.000000000 0.000000000
1609059678.864515305 0.000000000 0.000000000
1609059678.889453888 0.000000000 0.000000000
1609059678.890232801 0.000000000 0.000000000
1609059678.914480209 0.000000000 0.000000000
1609059678.915232420 0.000000000 0.000000000
1609059678.964429140 0.000000000 0.000000000
1609059678.965228796 0.000000000 0.000000000
1609059678.989463806 0.000000000 0.000000000
1609059678.989701033 0.000000000 0.000000000
1609059679.013954401 0.000000000 0.000000000
1609059679.039428234 0.000000000 0.000000000
1609059679.064482212 0.000000000 0.000000000
1609059679.065203428 0.000000000 0.000000000
1609059679.089490652 0.000000000 0.000000000
1609059679.090231180 0.000000000 0.000000000
1609059679.139526844 0.000000000 0.000000000
1609059679.140223742 0.000000000 0.000000000
1609059679.164476871 0.000000000 0.000000000
1609059679.164743423 0.000000000 0.000000000
1609059679.190183401 0.000000000 0.000000000
1609059679.214507341 0.000000000 0.000000000
1609059679.239480972 0.000000000 0.000000000
1609059679.240195274 0.000000000 0.000000000
1609059679.264498472 0.000000000 0.000000000
1609059679.265335560 0.000000000 0.000000000
1609059679.314415932 0.000000000 0.000000000
1609059679.315191031 0.000000000 0.000000000
1609059679.339483738 0.000000000 0.000000000
1609059679.339738607 0.000000000 0.000000000
1609059679.365208864 0.000000000 0.000000000
1609059679.389439821 0.000000000 0.000000000
1609059679.414498329 0.000000000 0.000000000
1609059679.415213346 0.000000000 0.000000000
1609059679.439515352 0.000000000 0.000000000
1609059679.440220118 0.000000000 0.000000000
1609059679.489453793 0.000000000 0.000000000
1609059679.490195513 0.000000000 0.000000000
1609059679.514507294 0.000000000 0.000000000
1609059679.514733791 0.000000000 0.000000000
1609059679.564502954 0.000000000 0.000000000
1609059679.589411020 0.000000000 0.000000000
1609059679.590274811 0.000000000 0.000000000
1609059679.614506006 0.000000000 0.000000000
1609059679.615165710 0.000000000 0.000000000
1609059679.664421797 0.000000000 0.000000000
1609059679.665189743 0.000000000 0.000000000
1609059679.689468145 0.000000000 0.000000000
1609059679.689698458 0.000000000 0.000000000
1609059679.715166330 0.000000000 0.000000000
1609059679.739454985 0.000000000 0.000000000
1609059679.764499903 0.000000000 0.000000000
1609059679.765259266 0.000000000 0.000000000
1609059679.789261341 0.000000000 0.000000000
1609059679.790223122 0.000000000 0.000000000
1609059679.839403629 0.000000000 0.000000000
1609059679.840178251 0.000000000 0.000000000
1609059679.864442587 0.000000000 0.000000000
1609059679.864727736 0.000000000 0.000000000
1609059679.890230894 0.000000000 0.000000000
1609059679.914450169 0.000000000 0.000000000
1609059679.939455509 0.000000000 0.000000000
1609059679.940248489 0.000000000 0.000000000
1609059679.964523554 0.000000000 0.000000000
1609059679.965238571 0.000000000 0.000000000
1609059680.014471769 0.000000000 0.000000000
1609059680.015203714 0.000000000 0.000000000
1609059680.039491653 0.000000000 0.000000000
1609059680.040463448 0.000000000 0.000000000
1609059680.064489126 0.000000000 0.000000000
1609059680.065226555 0.000000000 0.000000000
1609059680.089482546 0.000000000 0.000000000
1609059680.114457607 0.000000000 0.000000000
1609059680.115229607 0.000000000 0.000000000
1609059680.139539480 0.000000000 0.000000000
1609059680.140154600 0.000000000 0.000000000
1609059680.189389944 0.000000000 0.000000000
1609059680.214496136 0.000000000 0.000000000
1609059680.214715958 0.000000000 0.000000000
1609059680.240225554 0.000000000 0.000000000
1609059680.264480352 0.000000000 0.000000000
1609059680.289448261 0.000000000 0.000000000
1609059680.290195465 0.000000000 0.000000000
1609059680.314463615 0.000000000 0.000000000
1609059680.315365553 0.000000000 0.000000000
1609059680.364452600 0.000000000 0.000000000
1609059680.365176916 0.000000000 0.000000000
1609059680.389433384 0.000000000 0.000000000
1609059680.390322447 0.000000000 0.000000000
1609059680.415200710 0.000000000 0.000000000
1609059680.439478397 0.000000000 0.000000000
1609059680.464502096 0.000000000 0.000000000
1609059680.465238810 0.000000000 0.000000000
1609059680.489452362 0.000000000 0.000000000
1609059680.490140676 0.000000000 0.000000000
1609059680.539434195 0.000000000 0.000000000
1609059680.540165663 0.000000000 0.000000000
1609059680.564715385 0.000000000 0.000000000
1609059680.590173960 0.000000000 0.000000000
1609059680.614388704 0.000000000 0.000000000
1609059680.639428854 0.000000000 0.000000000
1609059680.640210867 0.000000000 0.000000000
1609059680.664201736 0.000000000 0.000000000
1609059680.665259600 0.000000000 0.000000000
1609059680.714394331 0.000000000 0.000000000
1609059680.715141296 0.000000000 0.000000000
1609059680.739470959 0.000000000 0.000000000
1609059680.739706516 0.000000000 0.000000000
1609059680.763914824 0.000000000 0.000000000
1609059680.765203476 0.000000000 0.000000000
1609059680.789451122 0.000000000 0.000000000
1609059680.814487219 0.000000000 0.000000000
1609059680.815245152 0.000000000 0.000000000
1609059680.839533329 0.000000000 0.000000000
1609059680.840169430 0.000000000 0.000000000
1609059680.889443636 0.000000000 0.000000000
1609059680.890149593 0.000000000 0.000000000
1609059680.914422750 0.000000000 0.000000000
1609059680.914823294 0.000000000 0.000000000
1609059680.939415216 0.000000000 0.000000000
1609059680.940206766 0.000000000 0.000000000
1609059680.964452267 0.000000000 0.000000000
1609059680.989463329 0.000000000 0.000000000
1609059680.990151882 0.000000000 0.000000000
1609059681.014179468 0.000000000 0.000000000
1609059681.015298843 0.000000000 0.000000000
1609059681.064432144 0.000000000 0.000000000
1609059681.065145493 0.000000000 0.000000000
1609059681.089400053 0.000000000 0.000000000
1609059681.114397526 0.000000000 0.000000000
1609059681.115100145 0.000000000 0.000000000
1609059681.139465570 0.000000000 0.000000000
1609059681.164444685 0.000000000 0.000000000
1609059681.165237665 0.000000000 0.000000000
1609059681.189489365 0.000000000 0.000000000
1609059681.190171480 0.000000000 0.000000000
1609059681.239393950 0.000000000 0.000000000
1609059681.240154982 0.000000000 0.000000000
1609059681.264402151 0.000000000 0.000000000
1609059681.289452314 0.000000000 0.000000000
1609059681.290146351 0.000000000 0.000000000
1609059681.314392090 0.000000000 0.000000000
1609059681.339379549 0.000000000 0.000000000
1609059681.340245247 0.000000000 0.000000000
1609059681.365167379 0.000000000 0.000000000
1609059681.414457321 0.000000000 0.000000000
1609059681.415171862 0.000000000 0.000000000
1609059681.439436674 0.000000000 0.000000000
1609059681.464404106 0.000000000 0.000000000
1609059681.465152025 0.000000000 0.000000000
1609059681.491184950 0.000000000 0.000000000
1609059681.514405012 0.000000000 0.000000000
1609059681.515163660 0.000000000 0.000000000
1609059681.539480925 0.000000000 0.000000000
1609059681.540199757 0.000000000 0.000000000
1609059681.589391470 0.000000000 0.000000000
1609059681.590136766 0.000000000 0.000000000
1609059681.614479780 0.000000000 0.000000000
1609059681.615239620 0.000000000 0.000000000
1609059681.640173435 0.000000000 0.000000000
1609059681.664421320 0.000000000 0.000000000
1609059681.689387798 0.000000000 0.000000000
1609059681.690142393 0.000000000 0.000000000
1609059681.714433193 0.000000000 0.000000000
1609059681.764374971 0.000000000 0.000000000
1609059681.765197039 0.000000000 0.000000000
1609059681.789391279 0.000000000 0.000000000
1609059681.790177584 0.000000000 0.000000000
1609059681.814468622 0.000000000 0.000000000
1609059681.815152645 0.000000000 0.000000000
1609059681.839446783 0.000000000 0.000000000
1609059681.864556313 0.000000000 0.000000000
1609059681.865180731 0.000000000 0.000000000
1609059681.889194012 0.000000000 0.000000000
1609059681.890172243 0.000000000 0.000000000
1609059681.939370632 0.000000000 0.000000000
1609059681.940285921 0.000000000 0.000000000
1609059681.964436769 0.000000000 0.000000000
1609059681.990113497 0.000000000 0.000000000
1609059682.014411449 0.000000000 0.000000000
1609059682.039413214 0.000000000 0.000000000
1609059682.040122032 0.000000000 0.000000000
1609059682.064452171 0.000000000 0.000000000
1609059682.065152407 0.000000000 0.000000000
1609059682.114481926 0.000000000 0.000000000
1609059682.115151167 0.000000000 0.000000000
1609059682.139422417 0.000000000 0.000000000
1609059682.165142775 0.000000000 0.000000000
1609059682.189374685 0.000000000 0.000000000
1609059682.214371920 0.000000000 0.000000000
1609059682.239484549 0.000000000 0.000000000
1609059682.240213633 0.000000000 0.000000000
1609059682.289376736 0.000000000 0.000000000
1609059682.290117025 0.000000000 0.000000000
1609059682.314434290 0.000000000 0.000000000
1609059682.315434456 0.000000000 0.000000000
1609059682.340145111 0.000000000 0.000000000
1609059682.364372253 0.000000000 0.000000000
1609059682.389381170 0.000000000 0.000000000
1609059682.390189171 0.000000000 0.000000000
1609059682.414191484 0.000000000 0.000000000
1609059682.415204763 0.000000000 0.000000000
1609059682.464365959 0.000000000 0.000000000
1609059682.465167046 0.000000000 0.000000000
1609059682.489385843 0.000000000 0.000000000
1609059682.514351845 0.000000000 0.000000000
1609059682.520047903 0.000000000 0.000000000
1609059682.539394617 0.000000000 0.000000000
1609059682.564356804 0.000000000 0.000000000
1609059682.565142870 0.000000000 0.000000000
1609059682.589178085 0.000000000 0.000000000
1609059682.590163231 0.000000000 0.000000000
1609059682.639349222 0.000000000 0.000000000
1609059682.640174389 0.000000000 0.000000000
1609059682.664369822 0.000000000 0.000000000
1609059682.664661407 0.000000000 0.000000000
1609059682.690124035 0.000000000 0.000000000
1609059682.714350462 0.000000000 0.000000000
1609059682.739383698 0.000000000 0.000000000
1609059682.740295172 0.000000000 0.000000000
1609059682.764425516 0.000000000 0.000000000
1609059682.814409971 0.000000000 0.000000000
1609059682.815165758 0.000000000 0.000000000
1609059682.839424133 0.000000000 0.000000000
1609059682.839732409 0.000000000 0.000000000
1609059682.864364624 0.000000000 0.000000000
1609059682.865118980 0.000000000 0.000000000
1609059682.889371157 0.000000000 0.000000000
1609059682.914408922 0.000000000 0.000000000
1609059682.915172577 0.000000000 0.000000000
1609059682.939188242 0.000000000 0.000000000
1609059682.989359617 0.000000000 0.000000000
1609059682.990135431 0.000000000 0.000000000
1609059683.014410973 0.000000000 0.000000000
1609059683.015211344 0.000000000 0.000000000
1609059683.040165663 0.000000000 0.000000000
1609059683.064358234 0.000000000 0.000000000
1609059683.089371204 0.000000000 0.000000000
1609059683.090146542 0.000000000 0.000000000
1609059683.114605904 0.000000000 0.000000000
1609059683.115235329 0.000000000 0.000000000
1609059683.164378881 0.000000000 0.000000000
1609059683.165186167 0.000000000 0.000000000
1609059683.189391613 0.000000000 0.000000000
1609059683.215087414 0.000000000 0.000000000
1609059683.239346981 0.000000000 0.000000000
1609059683.289365053 0.000000000 0.000000000
1609059683.290164471 0.000000000 0.000000000
1609059683.339388847 0.000000000 0.000000000
1609059683.340148449 0.000000000 0.000000000
1609059683.364567280 0.000000000 0.000000000
1609059683.390362263 0.000000000 0.000000000
1609059683.414376736 0.000000000 0.000000000
1609059683.415103197 0.000000000 0.000000000
1609059683.439350128 0.000000000 0.000000000
1609059683.440135717 0.000000000 0.000000000
1609059683.464415073 0.000000000 0.000000000
1609059683.465276480 0.000000000 0.000000000
1609059683.514389038 0.000000000 0.000000000
1609059683.515131950 0.000000000 0.000000000
1609059683.539410353 0.000000000 0.000000000
1609059683.565160275 0.000000000 0.000000000
1609059683.589370012 0.000000000 0.000000000
1609059683.614359379 0.000000000 0.000000000
1609059683.639363766 0.000000000 0.000000000
1609059683.689430237 0.000000000 0.000000000
1609059683.690199614 0.000000000 0.000000000
1609059683.714360714 0.000000000 0.000000000
1609059683.740108013 0.000000000 0.000000000
1609059683.764370203 0.000000000 0.000000000
1609059683.789370060 0.000000000 0.000000000
1609059683.790274382 0.000000000 0.000000000
1609059683.814411402 0.000000000 0.000000000
1609059683.864336014 0.000000000 0.000000000
1609059683.865098238 0.000000000 0.000000000
1609059683.889376640 0.000000000 0.000000000
1609059683.915093899 0.000000000 0.000000000
1609059683.939364195 0.000000000 0.000000000
1609059683.940122128 0.000000000 0.000000000
1609059683.964394808 0.000000000 0.000000000
1609059683.965375423 0.000000000 0.000000000
1609059683.989170790 0.000000000 0.000000000
1609059683.989585161 0.000000000 0.000000000
1609059684.039363623 0.000000000 0.000000000
1609059684.040145397 0.000000000 0.000000000
1609059684.064381361 0.000000000 0.000000000
1609059684.090071678 0.000000000 0.000000000
1609059684.114325047 0.000000000 0.000000000
1609059684.139380217 0.000000000 0.000000000
1609059684.140161276 0.000000000 0.000000000
1609059684.164435387 0.000000000 0.000000000
1609059684.165156841 0.000000000 0.000000000
1609059684.214343548 0.000000000 0.000000000
1609059684.215076208 0.000000000 0.000000000
1609059684.239397764 0.000000000 0.000000000
1609059684.265170813 0.000000000 0.000000000
1609059684.289345503 0.000000000 0.000000000
1609059684.290077686 0.000000000 0.000000000
1609059684.314364672 0.000000000 0.000000000
1609059684.315223694 0.000000000 0.000000000
1609059684.339166164 0.000000000 0.000000000
1609059684.389354706 0.000000000 0.000000000
1609059684.390073061 0.000000000 0.000000000
1609059684.414327145 0.000000000 0.000000000
1609059684.440121412 0.000000000 0.000000000
1609059684.464344978 0.000000000 0.000000000
1609059684.465102673 0.000000000 0.000000000
1609059684.489328146 0.000000000 0.000000000
1609059684.490308762 0.000000000 0.000000000
1609059684.514101028 0.000000000 0.000000000
1609059684.564306974 0.000000000 0.000000000
1609059684.565141916 0.000000000 0.000000000
1609059684.589355707 0.000000000 0.000000000
1609059684.615077496 0.000000000 0.000000000
1609059684.615321636 0.000000000 0.000000000
1609059684.639372587 0.000000000 0.000000000
1609059684.739375114 0.000000000 0.000000000
1609059684.740174532 0.000000000 0.000000000
1609059684.764410973 0.000000000 0.000000000
1609059684.790085316 0.000000000 0.000000000
1609059684.814331770 0.000000000 0.000000000
1609059684.839344263 0.000000000 0.000000000
1609059684.840183258 0.000000000 0.000000000
1609059684.864174843 0.000000000 0.000000000
1609059684.865139961 0.000000000 0.000000000
1609059684.914324999 0.000000000 0.000000000
1609059684.915096283 0.000000000 0.000000000
1609059684.939360380 0.000000000 0.000000000
1609059684.964357138 0.000000000 0.000000000
1609059684.965116501 0.000000000 0.000000000
1609059684.989417076 0.000000000 0.000000000
1609059685.014336109 0.000000000 0.000000000
1609059685.015224934 0.000000000 0.000000000
1609059685.039139032 0.000000000 0.000000000
1609059685.039622068 0.000000000 0.000000000
1609059685.089303017 0.000000000 0.000000000
1609059685.090057373 0.000000000 0.000000000
1609059685.114364147 0.000000000 0.000000000
1609059685.139348507 0.000000000 0.000000000
1609059685.140069008 0.000000000 0.000000000
1609059685.164357662 0.000000000 0.000000000
1609059685.189412594 0.000000000 0.000000000
1609059685.190108776 0.000000000 0.000000000
1609059685.214125156 0.000000000 0.000000000
1609059685.215114355 0.000000000 0.000000000
1609059685.264323711 0.000000000 0.000000000
1609059685.265122890 0.000000000 0.000000000
1609059685.289400101 0.000000000 0.000000000
1609059685.314301491 0.000000000 0.000000000
1609059685.315215111 0.000000000 0.000000000
1609059685.339428186 0.000000000 0.000000000
1609059685.365115643 0.000000000 0.000000000
1609059685.389386654 0.000000000 0.000000000
1609059685.389612675 0.000000000 0.000000000
1609059685.439289808 0.000000000 0.000000000
1609059685.440078020 0.000000000 0.000000000
1609059685.464364290 0.000000000 0.000000000
1609059685.489321709 0.000000000 0.000000000
1609059685.514298916 0.000000000 0.000000000
1609059685.539345980 0.000000000 0.000000000
1609059685.540155411 0.000000000 0.000000000
1609059685.564341545 0.000000000 0.000000000
1609059685.614290237 0.000000000 0.000000000
1609059685.615078926 0.000000000 0.000000000
1609059685.639331102 0.000000000 0.000000000
1609059685.665047407 0.000000000 0.000000000
1609059685.689357758 0.000000000 0.000000000
1609059685.714380264 0.000000000 0.000000000
1609059685.715104342 0.000000000 0.000000000
1609059685.739134789 0.000000000 0.000000000
1609059685.789276361 0.000000000 0.000000000
1609059685.790053606 0.000000000 0.000000000
1609059685.814328432 0.000000000 0.000000000
1609059685.840110779 0.000000000 0.000000000
1609059685.864322901 0.000000000 0.000000000
1609059685.889336348 0.000000000 0.000000000
1609059685.890179873 0.000000000 0.000000000
1609059685.914133310 0.000000000 0.000000000
1609059685.964290380 0.000000000 0.000000000
1609059685.989377737 0.000000000 0.000000000
1609059686.015096188 0.000000000 0.000000000
1609059686.039294243 0.000000000 0.000000000
1609059686.039608240 0.000000000 0.000000000
1609059686.064342260 0.000000000 0.000000000
1609059686.065138578 0.000000000 0.000000000
1609059686.089585781 0.000000000 0.000000000
1609059686.139313221 0.000000000 0.000000000
1609059686.140067816 0.000000000 0.000000000
1609059686.190021038 0.000000000 0.000000000
1609059686.214353085 0.000000000 0.000000000
1609059686.239313841 0.000000000 0.000000000
1609059686.240110874 0.000000000 0.000000000
1609059686.265197992 0.000000000 0.000000000
1609059686.314356089 0.000000000 0.000000000
1609059686.315053225 0.000000000 0.000000000
1609059686.339324236 0.000000000 0.000000000
1609059686.340099335 0.000000000 0.000000000
1609059686.364109516 0.000000000 0.000000000
1609059686.365157127 0.000000000 0.000000000
1609059686.389359713 0.000000000 0.000000000
1609059686.415126324 0.000000000 0.000000000
1609059686.439119339 0.000000000 0.000000000
1609059686.440096378 0.000000000 0.000000000
1609059686.489278316 0.000000000 0.000000000
1609059686.490174532 0.000000000 0.000000000
1609059686.514362574 0.000000000 0.000000000
1609059686.539352179 0.000000000 0.000000000
1609059686.540036917 0.000000000 0.000000000
1609059686.564327717 0.000000000 0.000000000
1609059686.589374542 0.000000000 0.000000000
1609059686.590103865 0.000000000 0.000000000
1609059686.664366007 0.000000000 0.000000000
1609059686.665055990 0.000000000 0.000000000
1609059686.689354181 0.000000000 0.000000000
1609059686.714306831 0.000000000 0.000000000
1609059686.715055227 0.000000000 0.000000000
1609059686.739454985 0.000000000 0.000000000
1609059686.765125275 0.000000000 0.000000000
1609059686.839343786 0.000000000 0.000000000
1609059686.840083361 0.000000000 0.000000000
1609059686.865518093 0.000000000 0.000000000
1609059686.889282227 0.000000000 0.000000000
1609059686.889998436 0.000000000 0.000000000
1609059686.914356947 0.000000000 0.000000000
1609059686.939404726 0.000000000 0.000000000
1609059686.939992189 0.000000000 0.000000000
1609059686.965093374 0.000000000 0.000000000
1609059687.014375687 0.000000000 0.000000000
1609059687.015073061 0.000000000 0.000000000
1609059687.039380312 0.000000000 0.000000000
1609059687.064333916 0.000000000 0.000000000
1609059687.065141678 0.000000000 0.000000000
1609059687.089563131 0.000000000 0.000000000
1609059687.115218639 0.000000000 0.000000000
1609059687.189278364 0.000000000 0.000000000
1609059687.190027952 0.000000000 0.000000000
1609059687.214321375 0.000000000 0.000000000
1609059687.214569569 0.000000000 0.000000000
1609059687.240031481 0.000000000 0.000000000
1609059687.264333725 0.000000000 0.000000000
1609059687.265112400 0.000000000 0.000000000
1609059687.289424181 0.000000000 0.000000000
1609059687.290082455 0.000000000 0.000000000
1609059687.364771366 0.000000000 0.000000000
1609059687.365130424 0.000000000 0.000000000
1609059687.389354944 0.000000000 0.000000000
1609059687.415049076 0.000000000 0.000000000
1609059687.439404011 0.000000000 0.000000000
1609059687.440087795 0.000000000 0.000000000
1609059687.464390993 0.000000000 0.000000000
1609059687.465077162 0.000000000 0.000000000
1609059687.489277601 0.000000000 0.000000000
1609059687.539312840 0.000000000 0.000000000
1609059687.540107727 0.000000000 0.000000000
1609059687.564323425 0.000000000 0.000000000
1609059687.589959860 0.000000000 0.000000000
1609059687.615093470 0.000000000 0.000000000
1609059687.639356136 0.000000000 0.000000000
1609059687.640044451 0.000000000 0.000000000
1609059687.664299011 0.000000000 0.000000000
1609059687.665088654 0.000000000 0.000000000
1609059687.714321613 0.000000000 0.000000000
1609059687.715061665 0.000000000 0.000000000
1609059687.739310741 0.000000000 0.000000000
1609059687.765084267 0.000000000 0.000000000
1609059687.789331436 0.000000000 0.000000000
1609059687.814427614 0.000000000 0.000000000
1609059687.815081120 0.000000000 0.000000000
1609059687.889275789 0.000000000 0.000000000
1609059687.890016079 0.000000000 0.000000000
1609059687.914317846 0.000000000 0.000000000
1609059687.940043926 0.000000000 0.000000000
1609059687.964362144 0.000000000 0.000000000
1609059687.965106487 0.000000000 0.000000000
1609059687.989354134 0.000000000 0.000000000
1609059687.990110159 0.000000000 0.000000000
1609059688.014389277 0.000000000 0.000000000
1609059688.015120983 0.000000000 0.000000000
1609059688.064299583 0.000000000 0.000000000
1609059688.065069675 0.000000000 0.000000000
1609059688.089320183 0.000000000 0.000000000
1609059688.114997387 0.000000000 0.000000000
1609059688.139500856 0.000000000 0.000000000
1609059688.140106201 0.000000000 0.000000000
1609059688.164307356 0.000000000 0.000000000
1609059688.165069103 0.000000000 0.000000000
1609059688.189325333 0.000000000 0.000000000
1609059688.190046787 0.000000000 0.000000000
1609059688.241033316 0.000000000 0.000000000
1609059688.241330147 0.000000000 0.000000000
1609059688.264333487 0.000000000 0.000000000
1609059688.290038109 0.000000000 0.000000000
1609059688.314327717 0.000000000 0.000000000
1609059688.340048313 0.000000000 0.000000000
1609059688.365063429 0.000000000 0.000000000
1609059688.414271116 0.000000000 0.000000000
1609059688.415054083 0.000000000 0.000000000
1609059688.439318657 0.000000000 0.000000000
1609059688.465048313 0.000000000 0.000000000
1609059688.489340067 0.000000000 0.000000000
1609059688.490044832 0.000000000 0.000000000
1609059688.514345407 0.000000000 0.000000000
1609059688.515063524 0.000000000 0.000000000
1609059688.539280653 0.000000000 0.000000000
1609059688.540026188 0.000000000 0.000000000
1609059688.589298964 0.000000000 0.000000000
1609059688.590011120 0.000000000 0.000000000
1609059688.614291191 0.000000000 0.000000000
1609059688.639299154 0.000000000 0.000000000
1609059688.640012503 0.000000000 0.000000000
1609059688.664336920 0.000000000 0.000000000
1609059688.690032959 0.000000000 0.000000000
1609059688.715082884 0.000000000 0.000000000
1609059688.764262438 0.000000000 0.000000000
1609059688.765083551 0.000000000 0.000000000
1609059688.789342403 0.000000000 0.000000000
1609059688.815028667 0.000000000 0.000000000
1609059688.839460373 0.000000000 0.000000000
1609059688.865086555 0.000000000 0.000000000
1609059688.889345646 0.000000000 0.000000000
1609059688.891337156 0.000000000 0.000000000
1609059688.939273119 0.000000000 0.000000000
1609059688.940032959 0.000000000 0.000000000
1609059688.964377642 0.000000000 0.000000000
1609059688.989377260 0.000000000 0.000000000
1609059688.990481615 0.000000000 0.000000000
1609059689.014378786 0.000000000 0.000000000
1609059689.039325237 0.000000000 0.000000000
1609059689.040119648 0.000000000 0.000000000
1609059689.064330816 0.000000000 0.000000000
1609059689.114306927 0.000000000 0.000000000
1609059689.115118980 0.000000000 0.000000000
1609059689.139358997 0.000000000 0.000000000
1609059689.164325476 0.000000000 0.000000000
1609059689.165056229 0.000000000 0.000000000
1609059689.189379692 0.000000000 0.000000000
1609059689.214300156 0.000000000 0.000000000
1609059689.215192080 0.000000000 0.000000000
1609059689.289294004 0.000000000 0.000000000
1609059689.290039539 0.000000000 0.000000000
1609059689.314358950 0.000000000 0.000000000
1609059689.339370251 0.000000000 0.000000000
1609059689.339992523 0.000000000 0.000000000
1609059689.364408016 0.000000000 0.000000000
1609059689.389346361 0.000000000 0.000000000
1609059689.390133858 0.000000000 0.000000000
1609059689.415108919 0.000000000 0.000000000
1609059689.464285135 0.000000000 0.000000000
1609059689.465056896 0.000000000 0.000000000
1609059689.489325523 0.000000000 0.000000000
1609059689.515015602 0.000000000 0.000000000
1609059689.539310217 0.000000000 0.000000000
1609059689.564321280 0.000000000 0.000000000
1609059689.565102577 0.000000000 0.000000000
1609059689.589306355 0.000000000 0.000000000
1609059689.590053797 0.000000000 0.000000000
1609059689.639263868 0.000000000 0.000000000
1609059689.664294958 0.000000000 0.000000000
1609059689.689277887 0.000000000 0.000000000
1609059689.690100431 0.000000000 0.000000000
1609059689.713863134 0.000000000 0.000000000
1609059689.739324331 0.000000000 0.000000000
1609059689.740090609 0.000000000 0.000000000
1609059689.814283609 0.000000000 0.000000000
1609059689.815042257 0.000000000 0.000000000
1609059689.839299679 0.000000000 0.000000000
1609059689.865018845 0.000000000 0.000000000
1609059689.888982534 0.000000000 0.000000000
1609059689.914282799 0.000000000 0.000000000
1609059689.915064335 0.000000000 0.000000000
1609059689.939263821 0.000000000 0.000000000
1609059689.940049410 0.000000000 0.000000000
1609059689.989260435 0.000000000 0.000000000
1609059689.990084648 0.000000000 0.000000000
1609059690.014333487 0.000000000 0.000000000
1609059690.040056229 0.000000000 0.000000000
1609059690.063868523 0.000000000 0.000000000
1609059690.089327574 0.000000000 0.000000000
1609059690.090096712 0.000000000 0.000000000
1609059690.114276171 0.000000000 0.000000000
1609059690.115104437 0.000000000 0.000000000
1609059690.164285660 0.000000000 0.000000000
1609059690.166270018 0.000000000 0.000000000
1609059690.189247608 0.000000000 0.000000000
1609059690.215119600 0.000000000 0.000000000
1609059690.238888264 0.000000000 0.000000000
1609059690.264336109 0.000000000 0.000000000
1609059690.265146255 0.000000000 0.000000000
1609059690.290119648 0.000000000 0.000000000
1609059690.339277506 0.000000000 0.000000000
1609059690.340011597 0.000000000 0.000000000
1609059690.364311218 0.000000000 0.000000000
1609059690.365214586 0.000000000 0.000000000
1609059690.390001059 0.000000000 0.000000000
1609059690.414303541 0.000000000 0.000000000
1609059690.439327240 0.000000000 0.000000000
1609059690.440026760 0.000000000 0.000000000
1609059690.464294910 0.000000000 0.000000000
1609059690.514250278 0.000000000 0.000000000
1609059690.515020847 0.000000000 0.000000000
1609059690.539366961 0.000000000 0.000000000
1609059690.564305067 0.000000000 0.000000000
1609059690.565048218 0.000000000 0.000000000
1609059690.588945389 0.000000000 0.000000000
1609059690.614295244 0.000000000 0.000000000
1609059690.615045309 0.000000000 0.000000000
1609059690.640061617 0.000000000 0.000000000
1609059690.689344883 0.000000000 0.000000000
1609059690.714281797 0.000000000 0.000000000
1609059690.740027905 0.000000000 0.000000000
1609059690.763833523 0.000000000 0.000000000
1609059690.789307833 0.000000000 0.000000000
1609059690.790061235 0.000000000 0.000000000
1609059690.814247847 0.000000000 0.000000000
1609059690.815064192 0.000000000 0.000000000
1609059690.864262581 0.000000000 0.000000000
1609059690.889291048 0.000000000 0.000000000
1609059690.915041447 0.000000000 0.000000000
1609059690.939331770 0.000000000 0.000000000
1609059690.964282751 0.000000000 0.000000000
1609059690.965101480 0.000000000 0.000000000
1609059691.039335489 0.000000000 0.000000000
1609059691.040060759 0.000000000 0.000000000
1609059691.064316511 0.000000000 0.000000000
1609059691.089276075 0.000000000 0.000000000
1609059691.089987516 0.000000000 0.000000000
1609059691.114450693 0.000000000 0.000000000
1609059691.139388084 0.000000000 0.000000000
1609059691.140042782 0.000000000 0.000000000
1609059691.165233374 0.000000000 0.000000000
1609059691.239348650 0.000000000 0.000000000
1609059691.265068293 0.000000000 0.000000000
1609059691.289304018 0.000000000 0.000000000
1609059691.314293861 0.000000000 0.000000000
1609059691.315074205 0.000000000 0.000000000
1609059691.339267492 0.000000000 0.000000000
1609059691.340221167 0.000000000 0.000000000
1609059691.389305353 0.000000000 0.000000000
1609059691.390010834 0.000000000 0.000000000
1609059691.414271832 0.000000000 0.000000000
1609059691.440043449 0.000000000 0.000000000
1609059691.464349270 0.000000000 0.000000000
1609059691.465038776 0.000000000 0.000000000
1609059691.489311218 0.000000000 0.000000000
1609059691.490115643 0.000000000 0.000000000
1609059691.564220428 0.000000000 0.000000000
1609059691.565051556 0.000000000 0.000000000
1609059691.589324951 0.000000000 0.000000000
1609059691.590042353 0.000000000 0.000000000
1609059691.614806414 0.000000000 0.000000000
1609059691.615212202 0.000000000 0.000000000
1609059691.639347553 0.000000000 0.000000000
1609059691.664277554 0.000000000 0.000000000
1609059691.665042162 0.000000000 0.000000000
1609059691.764347553 0.000000000 0.000000000
1609059691.765053034 0.000000000 0.000000000
1609059691.789485931 0.000000000 0.000000000
1609059691.814275742 0.000000000 0.000000000
1609059691.814926147 0.000000000 0.000000000
1609059691.839233875 0.000000000 0.000000000
1609059691.840038061 0.000000000 0.000000000
1609059691.914244890 0.000000000 0.000000000
1609059691.914910555 0.000000000 0.000000000
1609059691.939227343 0.000000000 0.000000000
1609059691.940020800 0.000000000 0.000000000
1609059691.964981079 0.000000000 0.000000000
1609059691.989232063 0.000000000 0.000000000
1609059691.989931822 0.000000000 0.000000000
1609059692.014189243 0.000000000 0.000000000
1609059692.014975786 0.000000000 0.000000000
1609059692.040013790 0.000000000 0.000000000
1609059692.089179516 0.000000000 0.000000000
1609059692.089937687 0.000000000 0.000000000
1609059692.114416361 0.000000000 0.000000000
1609059692.114998102 0.000000000 0.000000000
1609059692.140035391 0.000000000 0.000000000
1609059692.164308786 0.000000000 0.000000000
1609059692.164976597 0.000000000 0.000000000
1609059692.189187050 0.000000000 0.000000000
1609059692.190160990 0.000000000 0.000000000
1609059692.215009928 0.000000000 0.000000000
1609059692.264239550 0.000000000 0.000000000
1609059692.264976978 0.000000000 0.000000000
1609059692.289192677 0.000000000 0.000000000
1609059692.289450884 0.000000000 0.000000000
1609059692.314941406 0.000000000 0.000000000
1609059692.339200735 0.000000000 0.000000000
1609059692.364264965 0.000000000 0.000000000
1609059692.364819050 0.000000000 0.000000000
1609059692.390636206 0.000000000 0.000000000
1609059692.439200163 0.000000000 0.000000000
1609059692.440029621 0.000000000 0.000000000
1609059692.464250803 0.000000000 0.000000000
1609059692.465003490 0.000000000 0.000000000
1609059692.514271259 0.000000000 0.000000000
1609059692.539214373 0.000000000 0.000000000
1609059692.540024757 0.000000000 0.000000000
1609059692.614644527 0.000000000 0.000000000
1609059692.614952326 0.000000000 0.000000000
1609059692.639238596 0.000000000 0.000000000
1609059692.639990568 0.000000000 0.000000000
1609059692.689327240 0.000000000 0.000000000
1609059692.714266539 0.000000000 0.000000000
1609059692.715063095 0.000000000 0.000000000
1609059692.739174604 0.000000000 0.000000000
1609059692.740125656 0.000000000 0.000000000
1609059692.789202929 0.000000000 0.000000000
1609059692.790359497 0.000000000 0.000000000
1609059692.814242363 0.000000000 0.000000000
1609059692.815021992 0.000000000 0.000000000
1609059692.840009451 0.000000000 0.000000000
1609059692.864254475 0.000000000 0.000000000
1609059692.889252901 0.000000000 0.000000000
1609059692.890930653 0.000000000 0.000000000
1609059692.915133238 0.000000000 0.000000000
1609059692.964201689 0.000000000 0.000000000
1609059692.964967728 0.000000000 0.000000000
1609059692.989219904 0.000000000 0.000000000
1609059692.989509821 0.000000000 0.000000000
1609059693.014958143 0.000000000 0.000000000
1609059693.064256668 0.000000000 0.000000000
1609059693.065024614 0.000000000 0.000000000
1609059693.090013027 0.000000000 0.000000000
1609059693.139248371 0.000000000 0.000000000
1609059693.140008211 0.000000000 0.000000000
1609059693.164215565 0.000000000 0.000000000
1609059693.165026665 0.000000000 0.000000000
1609059693.189929724 0.000000000 0.000000000
1609059693.239206076 0.000000000 0.000000000
1609059693.239974260 0.000000000 0.000000000
1609059693.265091419 0.000000000 0.000000000
1609059693.314192295 0.000000000 0.000000000
1609059693.314917088 0.000000000 0.000000000
1609059693.339290857 0.000000000 0.000000000
1609059693.340083361 0.000000000 0.000000000
1609059693.365008354 0.000000000 0.000000000
1609059693.389261961 0.000000000 0.000000000
1609059693.414195299 0.000000000 0.000000000
1609059693.414935827 0.000000000 0.000000000
1609059693.440082788 0.000000000 0.000000000
1609059693.489174128 0.000000000 0.000000000
1609059693.489932775 0.000000000 0.000000000
1609059693.514240503 0.000000000 0.000000000
1609059693.514810085 0.000000000 0.000000000
1609059693.540019751 0.000000000 0.000000000
1609059693.564275742 0.000000000 0.000000000
1609059693.589216709 0.000000000 0.000000000
1609059693.589982986 0.000000000 0.000000000
1609059693.664148569 0.000000000 0.000000000
1609059693.664941311 0.000000000 0.000000000
1609059693.689163923 0.000000000 0.000000000
1609059693.689932108 0.000000000 0.000000000
1609059693.714904070 0.000000000 0.000000000
1609059693.764220953 0.000000000 0.000000000
1609059693.765073776 0.000000000 0.000000000
1609059693.790014505 0.000000000 0.000000000
1609059693.839213848 0.000000000 0.000000000
1609059693.839912891 0.000000000 0.000000000
1609059693.864153624 0.000000000 0.000000000
1609059693.864945412 0.000000000 0.000000000
1609059693.889896393 0.000000000 0.000000000
1609059693.914267540 0.000000000 0.000000000
1609059693.939189911 0.000000000 0.000000000
1609059693.939973354 0.000000000 0.000000000
1609059693.964961529 0.000000000 0.000000000
1609059694.014156342 0.000000000 0.000000000
1609059694.014928102 0.000000000 0.000000000
1609059694.039171696 0.000000000 0.000000000
1609059694.039485216 0.000000000 0.000000000
1609059694.064944983 0.000000000 0.000000000
1609059694.089188576 0.000000000 0.000000000
1609059694.114924192 0.000000000 0.000000000
1609059694.139968157 0.000000000 0.000000000
1609059694.189144611 0.000000000 0.000000000
1609059694.189893484 0.000000000 0.000000000
1609059694.214155674 0.000000000 0.000000000
1609059694.214987755 0.000000000 0.000000000
1609059694.239206314 0.000000000 0.000000000
1609059694.239908695 0.000000000 0.000000000
1609059694.264203548 0.000000000 0.000000000
1609059694.289202690 0.000000000 0.000000000
1609059694.289664745 0.000000000 0.000000000
1609059694.315003872 0.000000000 0.000000000
1609059694.364165545 0.000000000 0.000000000
1609059694.364938498 0.000000000 0.000000000
1609059694.389225960 0.000000000 0.000000000
1609059694.389944792 0.000000000 0.000000000
1609059694.414950132 0.000000000 0.000000000
1609059694.438674688 0.000000000 0.000000000
1609059694.439922571 0.000000000 0.000000000
1609059694.464185953 0.000000000 0.000000000
1609059694.464986086 0.000000000 0.000000000
1609059694.490002871 0.000000000 0.000000000
1609059694.539160967 0.000000000 0.000000000
1609059694.564015865 0.000000000 0.000000000
1609059694.565042496 0.000000000 0.000000000
1609059694.589925528 0.000000000 0.000000000
1609059694.639164209 0.000000000 0.000000000
1609059694.639930248 0.000000000 0.000000000
1609059694.714145422 0.000000000 0.000000000
1609059694.714860201 0.000000000 0.000000000
1609059694.738950968 0.000000000 0.000000000
1609059694.764945507 0.000000000 0.000000000
1609059694.788719654 0.000000000 0.000000000
1609059694.814126015 0.000000000 0.000000000
1609059694.814938068 0.000000000 0.000000000
1609059694.839118242 0.000000000 0.000000000
1609059694.839932203 0.000000000 0.000000000
1609059694.889145374 0.000000000 0.000000000
1609059694.889839649 0.000000000 0.000000000
1609059694.913912296 0.000000000 0.000000000
1609059694.914925814 0.000000000 0.000000000
1609059694.939902544 0.000000000 0.000000000
1609059694.964164495 0.000000000 0.000000000
1609059694.989196062 0.000000000 0.000000000
1609059694.989929914 0.000000000 0.000000000
1609059695.064176798 0.000000000 0.000000000
1609059695.065206528 0.000000000 0.000000000
1609059695.089199543 0.000000000 0.000000000
1609059695.089658022 0.000000000 0.000000000
1609059695.115463495 0.000000000 0.000000000
1609059695.139221907 0.000000000 0.000000000
1609059695.164251566 0.000000000 0.000000000
1609059695.165038109 0.000000000 0.000000000
1609059695.189214945 0.000000000 0.000000000
1609059695.190027237 0.000000000 0.000000000
1609059695.263909340 0.000000000 0.000000000
1609059695.264978170 0.000000000 0.000000000
1609059695.314250469 0.000000000 0.000000000
1609059695.339183569 0.000000000 0.000000000
1609059695.339971781 0.000000000 0.000000000
1609059695.365012646 0.000000000 0.000000000
1609059695.414129019 0.000000000 0.000000000
1609059695.414908409 0.000000000 0.000000000
1609059695.439146996 0.000000000 0.000000000
1609059695.439960241 0.000000000 0.000000000
1609059695.464940548 0.000000000 0.000000000
1609059695.489190817 0.000000000 0.000000000
1609059695.514156580 0.000000000 0.000000000
1609059695.514996767 0.000000000 0.000000000
1609059695.589110851 0.000000000 0.000000000
1609059695.589862585 0.000000000 0.000000000
1609059695.613945961 0.000000000 0.000000000
1609059695.614840984 0.000000000 0.000000000
1609059695.639865160 0.000000000 0.000000000
1609059695.689160347 0.000000000 0.000000000
1609059695.689952850 0.000000000 0.000000000
1609059695.764169455 0.000000000 0.000000000
1609059695.765216112 0.000000000 0.000000000
1609059695.789190769 0.000000000 0.000000000
1609059695.789946318 0.000000000 0.000000000
1609059695.814897299 0.000000000 0.000000000
1609059695.839194536 0.000000000 0.000000000
1609059695.864165545 0.000000000 0.000000000
1609059695.864970922 0.000000000 0.000000000
1609059695.939148664 0.000000000 0.000000000
1609059695.939879894 0.000000000 0.000000000
1609059695.964262962 0.000000000 0.000000000
1609059695.964993954 0.000000000 0.000000000
1609059695.989899397 0.000000000 0.000000000
1609059696.014159918 0.000000000 0.000000000
1609059696.039177179 0.000000000 0.000000000
1609059696.039655209 0.000000000 0.000000000
1609059696.064980030 0.000000000 0.000000000
1609059696.114553213 0.000000000 0.000000000
1609059696.114876509 0.000000000 0.000000000
1609059696.139252663 0.000000000 0.000000000
1609059696.139973164 0.000000000 0.000000000
1609059696.164957285 0.000000000 0.000000000
1609059696.189202785 0.000000000 0.000000000
1609059696.214200497 0.000000000 0.000000000
1609059696.214675903 0.000000000 0.000000000
1609059696.239902258 0.000000000 0.000000000
1609059696.289147615 0.000000000 0.000000000
1609059696.290305853 0.000000000 0.000000000
1609059696.314202785 0.000000000 0.000000000
1609059696.314937115 0.000000000 0.000000000
1609059696.339953184 0.000000000 0.000000000
1609059696.364203215 0.000000000 0.000000000
1609059696.389188290 0.000000000 0.000000000
1609059696.389989614 0.000000000 0.000000000
1609059696.414934158 0.000000000 0.000000000
1609059696.464199305 0.000000000 0.000000000
1609059696.489249945 0.000000000 0.000000000
1609059696.489957809 0.000000000 0.000000000
1609059696.514878988 0.000000000 0.000000000
1609059696.539261341 0.000000000 0.000000000
1609059696.564191818 0.000000000 0.000000000
1609059696.564992666 0.000000000 0.000000000
1609059696.590889454 0.000000000 0.000000000
1609059696.639179468 0.000000000 0.000000000
1609059696.639899969 0.000000000 0.000000000
1609059696.664031744 0.000000000 0.000000000
1609059696.665049076 0.000000000 0.000000000
1609059696.689951658 0.000000000 0.000000000
1609059696.714153290 0.000000000 0.000000000
1609059696.739215612 0.000000000 0.000000000
1609059696.739968538 0.000000000 0.000000000
1609059696.765079021 0.000000000 0.000000000
1609059696.814165354 0.000000000 0.000000000
1609059696.814686060 0.000000000 0.000000000
1609059696.839238167 0.000000000 0.000000000
1609059696.840388060 0.000000000 0.000000000
1609059696.864948511 0.000000000 0.000000000
1609059696.889296293 0.000000000 0.000000000
1609059696.914185286 0.000000000 0.000000000
1609059696.914913893 0.000000000 0.000000000
1609059696.939431667 0.000000000 0.000000000
1609059696.989170074 0.000000000 0.000000000
1609059696.989959717 0.000000000 0.000000000
1609059697.014031887 0.000000000 0.000000000
1609059697.014955759 0.000000000 0.000000000
1609059697.039180279 0.000000000 0.000000000
1609059697.040010929 0.000000000 0.000000000
1609059697.064334393 0.000000000 0.000000000
1609059697.089189291 0.000000000 0.000000000
1609059697.089937210 0.000000000 0.000000000
1609059697.115009785 0.000000000 0.000000000
1609059697.164186954 0.000000000 0.000000000
1609059697.164707184 0.000000000 0.000000000
1609059697.189047337 0.000000000 0.000000000
1609059697.189944983 0.000000000 0.000000000
1609059697.214168787 0.000000000 0.000000000
1609059697.214902163 0.000000000 0.000000000
1609059697.239277840 0.000000000 0.000000000
1609059697.264179707 0.000000000 0.000000000
1609059697.264950991 0.000000000 0.000000000
1609059697.339170456 0.000000000 0.000000000
1609059697.339985132 0.000000000 0.000000000
1609059697.363947868 0.000000000 0.000000000
1609059697.364783049 0.000000000 0.000000000
1609059697.389894962 0.000000000 0.000000000
1609059697.414189339 0.000000000 0.000000000
1609059697.439184189 0.000000000 0.000000000
1609059697.439872503 0.000000000 0.000000000
1609059697.464164972 0.000000000 0.000000000
1609059697.465018749 0.000000000 0.000000000
1609059697.514153719 0.000000000 0.000000000
1609059697.514935017 0.000000000 0.000000000
1609059697.539178848 0.000000000 0.000000000
1609059697.539893150 0.000000000 0.000000000
1609059697.565040588 0.000000000 0.000000000
1609059697.589205027 0.000000000 0.000000000
1609059697.614201307 0.000000000 0.000000000
1609059697.614866018 0.000000000 0.000000000
1609059697.689120293 0.000000000 0.000000000
1609059697.689962149 0.000000000 0.000000000
1609059697.713942051 0.000000000 0.000000000
1609059697.714731693 0.000000000 0.000000000
1609059697.739942312 0.000000000 0.000000000
1609059697.764709949 0.000000000 0.000000000
1609059697.789183378 0.000000000 0.000000000
1609059697.790612936 0.000000000 0.000000000
1609059697.865091562 0.000000000 0.000000000
1609059697.888981819 0.000000000 0.000000000
1609059697.889832020 0.000000000 0.000000000
1609059697.914900303 0.000000000 0.000000000
1609059697.939746618 0.000000000 0.000000000
1609059697.964178562 0.000000000 0.000000000
1609059697.967178345 0.000000000 0.000000000
1609059697.989914417 0.000000000 0.000000000
1609059698.039226294 0.000000000 0.000000000
1609059698.039690018 0.000000000 0.000000000
1609059698.063941002 0.000000000 0.000000000
1609059698.064884424 0.000000000 0.000000000
1609059698.089842081 0.000000000 0.000000000
1609059698.114175558 0.000000000 0.000000000
1609059698.142363071 0.000000000 0.000000000
1609059698.142836571 0.000000000 0.000000000
1609059698.214202404 0.000000000 0.000000000
1609059698.214657068 0.000000000 0.000000000
1609059698.239150286 0.000000000 0.000000000
1609059698.239897490 0.000000000 0.000000000
1609059698.264963150 0.000000000 0.000000000
1609059698.289165497 0.000000000 0.000000000
1609059698.314139605 0.000000000 0.000000000
1609059698.314828634 0.000000000 0.000000000
1609059698.389195204 0.000000000 0.000000000
1609059698.389696836 0.000000000 0.000000000
1609059698.413966417 0.000000000 0.000000000
1609059698.414896250 0.000000000 0.000000000
1609059698.439893723 0.000000000 0.000000000
1609059698.464159250 0.000000000 0.000000000
1609059698.489179134 0.000000000 0.000000000
1609059698.489855051 0.000000000 0.000000000
1609059698.514985561 0.000000000 0.000000000
1609059698.564157486 0.000000000 0.000000000
1609059698.564682007 0.000000000 0.000000000
1609059698.588973522 0.000000000 0.000000000
1609059698.589849949 0.000000000 0.000000000
1609059698.614836693 0.000000000 0.000000000
1609059698.639220715 0.000000000 0.000000000
1609059698.664181948 0.000000000 0.000000000
1609059698.665936470 0.000000000 0.000000000
1609059698.689949274 0.000000000 0.000000000
1609059698.739291668 0.000000000 0.000000000
1609059698.764165640 0.000000000 0.000000000
1609059698.764778137 0.000000000 0.000000000
1609059698.789885521 0.000000000 0.000000000
1609059698.814215899 0.000000000 0.000000000
1609059698.839160442 0.000000000 0.000000000
1609059698.839845896 0.000000000 0.000000000
1609059698.864979029 0.000000000 0.000000000
1609059698.914206743 0.000000000 0.000000000
1609059698.938932419 0.000000000 0.000000000
1609059698.939630985 0.000000000 0.000000000
1609059698.964891672 0.000000000 0.000000000
1609059698.989237785 0.000000000 0.000000000
1609059699.014207363 0.000000000 0.000000000
1609059699.014891148 0.000000000 0.000000000
1609059699.039968252 0.000000000 0.000000000
1609059699.089205265 0.000000000 0.000000000
1609059699.089863539 0.000000000 0.000000000
1609059699.114122152 0.000000000 0.000000000
1609059699.118138552 0.000000000 0.000000000
1609059699.139902830 0.000000000 0.000000000
1609059699.164182186 0.000000000 0.000000000
1609059699.189252615 0.000000000 0.000000000
1609059699.189913988 0.000000000 0.000000000
1609059699.214916706 0.000000000 0.000000000
1609059699.264207125 0.000000000 0.000000000
1609059699.264996290 0.000000000 0.000000000
1609059699.289757729 0.000000000 0.000000000
1609059699.290224075 0.000000000 0.000000000
1609059699.314850569 0.000000000 0.000000000
1609059699.339197636 0.000000000 0.000000000
1609059699.364463091 0.000000000 0.000000000
1609059699.365019798 0.000000000 0.000000000
1609059699.390440702 0.000000000 0.000000000
1609059699.439173222 0.000000000 0.000000000
1609059699.463947296 0.000000000 0.000000000
1609059699.464949369 0.000000000 0.000000000
1609059699.489849567 0.000000000 0.000000000
1609059699.514157295 0.000000000 0.000000000
1609059699.539149523 0.000000000 0.000000000
1609059699.539856195 0.000000000 0.000000000
1609059699.564394712 0.000000000 0.000000000
1609059699.614608765 0.000000000 0.000000000
1609059699.615107775 0.000000000 0.000000000
1609059699.639190197 0.000000000 0.000000000
1609059699.639959812 0.000000000 0.000000000
1609059699.664134264 0.000000000 0.000000000
1609059699.664940119 0.000000000 0.000000000
1609059699.689169884 0.000000000 0.000000000
1609059699.714098930 0.000000000 0.000000000
1609059699.714797020 0.000000000 0.000000000
1609059699.789153576 0.000000000 0.000000000
1609059699.789813042 0.000000000 0.000000000
1609059699.814124823 0.000000000 0.000000000
1609059699.814937592 0.000000000 0.000000000
1609059699.839130402 0.000000000 0.000000000
1609059699.839857817 0.000000000 0.000000000
1609059699.864290476 0.000000000 0.000000000
1609059699.889101744 0.000000000 0.000000000
1609059699.889827490 0.000000000 0.000000000
1609059699.914912224 0.000000000 0.000000000
1609059699.964142561 0.000000000 0.000000000
1609059699.964848757 0.000000000 0.000000000
1609059699.988929749 0.000000000 0.000000000
1609059699.990035534 0.000000000 0.000000000
1609059700.014124155 0.000000000 0.000000000
1609059700.014867783 0.000000000 0.000000000
1609059700.039119720 0.000000000 0.000000000
1609059700.064198256 0.000000000 0.000000000
1609059700.065234423 0.000000000 0.000000000
1609059700.091996670 0.000000000 0.000000000
1609059700.139182568 0.000000000 0.000000000
1609059700.139854908 0.000000000 0.000000000
1609059700.164113998 0.000000000 0.000000000
1609059700.164989471 0.000000000 0.000000000
1609059700.189159632 0.000000000 0.000000000
1609059700.189862251 0.000000000 0.000000000
1609059700.214219093 0.000000000 0.000000000
1609059700.239100218 0.000000000 0.000000000
1609059700.239948034 0.000000000 0.000000000
1609059700.264991045 0.000000000 0.000000000
1609059700.314172506 0.000000000 0.000000000
1609059700.314830780 0.000000000 0.000000000
1609059700.341197968 0.000000000 0.000000000
1609059700.341656446 0.000000000 0.000000000
1609059700.364109755 0.000000000 0.000000000
1609059700.365468740 0.000000000 0.000000000
1609059700.389145374 0.000000000 0.000000000
1609059700.414117098 0.000000000 0.000000000
1609059700.414894342 0.000000000 0.000000000
1609059700.489103079 0.000000000 0.000000000
1609059700.489802837 0.000000000 0.000000000
1609059700.514135599 0.000000000 0.000000000
1609059700.516267538 0.000000000 0.000000000
1609059700.539134264 0.000000000 0.000000000
1609059700.539882183 0.000000000 0.000000000
1609059700.564247370 0.000000000 0.000000000
1609059700.589126587 0.000000000 0.000000000
1609059700.589903355 0.000000000 0.000000000
1609059700.614401817 0.000000000 0.000000000
1609059700.664112329 0.000000000 0.000000000
1609059700.664849043 0.000000000 0.000000000
1609059700.689146280 0.000000000 0.000000000
1609059700.692409515 0.000000000 0.000000000
1609059700.714112759 0.000000000 0.000000000
1609059700.714800358 0.000000000 0.000000000
1609059700.739244699 0.000000000 0.000000000
1609059700.764121056 0.000000000 0.000000000
1609059700.765894890 0.000000000 0.000000000
1609059700.839123249 0.000000000 0.000000000
1609059700.839827776 0.000000000 0.000000000
1609059700.864137650 0.000000000 0.000000000
1609059700.864966631 0.000000000 0.000000000
1609059700.889084339 0.000000000 0.000000000
1609059700.889808655 0.000000000 0.000000000
1609059700.914123297 0.000000000 0.000000000
1609059700.939081669 0.000000000 0.000000000
1609059700.939801216 0.000000000 0.000000000
1609059701.014194250 0.000000000 0.000000000
1609059701.014821291 0.000000000 0.000000000
1609059701.039158583 0.000000000 0.000000000
1609059701.039869785 0.000000000 0.000000000
1609059701.064097881 0.000000000 0.000000000
1609059701.064867735 0.000000000 0.000000000
1609059701.089152098 0.000000000 0.000000000
1609059701.114127874 0.000000000 0.000000000
1609059701.114836454 0.000000000 0.000000000
1609059701.139869928 0.000000000 0.000000000
1609059701.189115524 0.000000000 0.000000000
1609059701.189809561 0.000000000 0.000000000
1609059701.214143515 0.000000000 0.000000000
1609059701.215020657 0.000000000 0.000000000
1609059701.239071131 0.000000000 0.000000000
1609059701.239914179 0.000000000 0.000000000
1609059701.264189243 0.000000000 0.000000000
1609059701.289090633 0.000000000 0.000000000
1609059701.289885521 0.000000000 0.000000000
1609059701.314915180 0.000000000 0.000000000
1609059701.364100456 0.000000000 0.000000000
1609059701.365238905 0.000000000 0.000000000
1609059701.389130116 0.000000000 0.000000000
1609059701.389600277 0.000000000 0.000000000
1609059701.414888382 0.000000000 0.000000000
1609059701.439115524 0.000000000 0.000000000
1609059701.464088440 0.000000000 0.000000000
1609059701.465039253 0.000000000 0.000000000
1609059701.539127111 0.000000000 0.000000000
1609059701.539846897 0.000000000 0.000000000
1609059701.564105511 0.000000000 0.000000000
1609059701.565067053 0.000000000 0.000000000
1609059701.589797497 0.000000000 0.000000000
1609059701.614092112 0.000000000 0.000000000
1609059701.639156818 0.000000000 0.000000000
1609059701.639874458 0.000000000 0.000000000
1609059701.664967775 0.000000000 0.000000000
1609059701.714075804 0.000000000 0.000000000
1609059701.714812756 0.000000000 0.000000000
1609059701.739067078 0.000000000 0.000000000
1609059701.739875555 0.000000000 0.000000000
1609059701.764825821 0.000000000 0.000000000
1609059701.789084673 0.000000000 0.000000000
1609059701.814173222 0.000000000 0.000000000
1609059701.814845324 0.000000000 0.000000000
1609059701.888985395 0.000000000 0.000000000
1609059701.889766455 0.000000000 0.000000000
1609059701.914040327 0.000000000 0.000000000
1609059701.914810419 0.000000000 0.000000000
1609059701.939792871 0.000000000 0.000000000
1609059701.964080095 0.000000000 0.000000000
1609059701.989081144 0.000000000 0.000000000
1609059701.991267681 0.000000000 0.000000000
1609059702.014852762 0.000000000 0.000000000
1609059702.064077139 0.000000000 0.000000000
1609059702.065150023 0.000000000 0.000000000
1609059702.089093924 0.000000000 0.000000000
1609059702.089944363 0.000000000 0.000000000
1609059702.114801884 0.000000000 0.000000000
1609059702.139136076 0.000000000 0.000000000
1609059702.164113522 0.000000000 0.000000000
1609059702.165118694 0.000000000 0.000000000
1609059702.190306664 0.000000000 0.000000000
1609059702.239093542 0.000000000 0.000000000
1609059702.239850760 0.000000000 0.000000000
1609059702.264095068 0.000000000 0.000000000
1609059702.266479254 0.000000000 0.000000000
1609059702.290101051 0.000000000 0.000000000
1609059702.314070702 0.000000000 0.000000000
1609059702.339113474 0.000000000 0.000000000
1609059702.339847803 0.000000000 0.000000000
1609059702.363880157 0.000000000 0.000000000
1609059702.364961863 0.000000000 0.000000000
1609059702.414196730 0.000000000 0.000000000
1609059702.414855480 0.000000000 0.000000000
1609059702.439088821 0.000000000 0.000000000
1609059702.439988136 0.000000000 0.000000000
1609059702.464812517 0.000000000 0.000000000
1609059702.489130259 0.000000000 0.000000000
1609059702.514068127 0.000000000 0.000000000
1609059702.514820099 0.000000000 0.000000000
1609059702.589063883 0.000000000 0.000000000
1609059702.614108801 0.000000000 0.000000000
1609059702.615550518 0.000000000 0.000000000
1609059702.639875650 0.000000000 0.000000000
1609059702.664154768 0.000000000 0.000000000
1609059702.689156532 0.000000000 0.000000000
1609059702.689837456 0.000000000 0.000000000
1609059702.713862419 0.000000000 0.000000000
1609059702.764086008 0.000000000 0.000000000
1609059702.789084673 0.000000000 0.000000000
1609059702.789861441 0.000000000 0.000000000
1609059702.814854622 0.000000000 0.000000000
1609059702.839162111 0.000000000 0.000000000
1609059702.864052296 0.000000000 0.000000000
1609059702.864894867 0.000000000 0.000000000
1609059702.889196634 0.000000000 0.000000000
1609059702.939118385 0.000000000 0.000000000
1609059702.939782858 0.000000000 0.000000000
1609059702.964234114 0.000000000 0.000000000
1609059702.964780569 0.000000000 0.000000000
1609059702.991863251 0.000000000 0.000000000
1609059703.014236927 0.000000000 0.000000000
1609059703.039059401 0.000000000 0.000000000
1609059703.039830208 0.000000000 0.000000000
1609059703.064163208 0.000000000 0.000000000
1609059703.064785242 0.000000000 0.000000000
1609059703.114060402 0.000000000 0.000000000
1609059703.114886522 0.000000000 0.000000000
1609059703.139077425 0.000000000 0.000000000
1609059703.139844418 0.000000000 0.000000000
1609059703.164845228 0.000000000 0.000000000
1609059703.189216137 0.000000000 0.000000000
1609059703.214059830 0.000000000 0.000000000
1609059703.214924574 0.000000000 0.000000000
1609059703.238873005 0.000000000 0.000000000
1609059703.239818096 0.000000000 0.000000000
1609059703.289069891 0.000000000 0.000000000
1609059703.289776087 0.000000000 0.000000000
1609059703.314045429 0.000000000 0.000000000
1609059703.314609289 0.000000000 0.000000000
1609059703.339751959 0.000000000 0.000000000
1609059703.364099264 0.000000000 0.000000000
1609059703.414150715 0.000000000 0.000000000
1609059703.414777994 0.000000000 0.000000000
1609059703.464065313 0.000000000 0.000000000
1609059703.464746714 0.000000000 0.000000000
1609059703.489078760 0.000000000 0.000000000
1609059703.490051746 0.000000000 0.000000000
1609059703.514072895 0.000000000 0.000000000
1609059703.514767647 0.000000000 0.000000000
1609059703.539060831 0.000000000 0.000000000
1609059703.564086437 0.000000000 0.000000000
1609059703.564843416 0.000000000 0.000000000
1609059703.589104891 0.000000000 0.000000000
1609059703.591651201 0.000000000 0.000000000
1609059703.639107943 0.000000000 0.000000000
1609059703.639764309 0.000000000 0.000000000
1609059703.664235353 0.000000000 0.000000000
1609059703.664682388 0.000000000 0.000000000
1609059703.689072132 0.000000000 0.000000000
1609059703.690433979 0.000000000 0.000000000
1609059703.714124203 0.000000000 0.000000000
1609059703.739834547 0.000000000 0.000000000
1609059703.764250278 0.000000000 0.000000000
1609059703.764892817 0.000000000 0.000000000
1609059703.814078569 0.000000000 0.000000000
1609059703.814794540 0.000000000 0.000000000
1609059703.839040518 0.000000000 0.000000000
1609059703.839590549 0.000000000 0.000000000
1609059703.864072561 0.000000000 0.000000000
1609059703.864810944 0.000000000 0.000000000
1609059703.889205217 0.000000000 0.000000000
1609059703.914071798 0.000000000 0.000000000
1609059703.914776564 0.000000000 0.000000000
1609059703.939138412 0.000000000 0.000000000
1609059703.939779520 0.000000000 0.000000000
1609059703.989052773 0.000000000 0.000000000
1609059703.989717007 0.000000000 0.000000000
1609059704.014065027 0.000000000 0.000000000
1609059704.014547348 0.000000000 0.000000000
1609059704.039754152 0.000000000 0.000000000
1609059704.064080477 0.000000000 0.000000000
1609059704.089056253 0.000000000 0.000000000
1609059704.090108395 0.000000000 0.000000000
1609059704.114084244 0.000000000 0.000000000
1609059704.114895582 0.000000000 0.000000000
1609059704.164093494 0.000000000 0.000000000
1609059704.164787054 0.000000000 0.000000000
1609059704.189043999 0.000000000 0.000000000
1609059704.189530373 0.000000000 0.000000000
1609059704.214787960 0.000000000 0.000000000
1609059704.239043713 0.000000000 0.000000000
1609059704.264041185 0.000000000 0.000000000
1609059704.264821768 0.000000000 0.000000000
1609059704.289834023 0.000000000 0.000000000
1609059704.339115381 0.000000000 0.000000000
1609059704.364110947 0.000000000 0.000000000
1609059704.339752674 0.000000000 0.000000000
1609059704.364881516 0.000000000 0.000000000
1609059704.389730930 0.000000000 0.000000000
1609059704.414014578 0.000000000 0.000000000
1609059704.439002752 0.000000000 0.000000000
1609059704.439795971 0.000000000 0.000000000
1609059704.463800907 0.000000000 0.000000000
1609059704.514026403 0.000000000 0.000000000
1609059704.514739037 0.000000000 0.000000000
1609059704.539066792 0.000000000 0.000000000
1609059704.539352417 0.000000000 0.000000000
1609059704.564741850 0.000000000 0.000000000
1609059704.589110613 0.000000000 0.000000000
1609059704.613981009 0.000000000 0.000000000
1609059704.614700556 0.000000000 0.000000000
1609059704.639113188 0.000000000 0.000000000
1609059704.639714718 0.000000000 0.000000000
1609059704.689000845 0.000000000 0.000000000
1609059704.690278530 0.000000000 0.000000000
1609059704.714033604 0.000000000 0.000000000
1609059704.714339733 0.000000000 0.000000000
1609059704.738547087 0.000000000 0.000000000
1609059704.741223335 0.000000000 0.000000000
1609059704.763996363 0.000000000 0.000000000
1609059704.789033890 0.000000000 0.000000000
1609059704.789808750 0.000000000 0.000000000
1609059704.814079285 0.000000000 0.000000000
1609059704.863970995 0.000000000 0.000000000
1609059704.864717484 0.000000000 0.000000000
1609059704.889003277 0.000000000 0.000000000
1609059704.889308691 0.000000000 0.000000000
1609059704.914711714 0.000000000 0.000000000
1609059704.939007759 0.000000000 0.000000000
1609059704.963987350 0.000000000 0.000000000
1609059704.964777231 0.000000000 0.000000000
1609059704.989051104 0.000000000 0.000000000
1609059704.989756823 0.000000000 0.000000000
1609059705.038954496 0.000000000 0.000000000
1609059705.039687872 0.000000000 0.000000000
1609059705.064056396 0.000000000 0.000000000
1609059705.089716196 0.000000000 0.000000000
1609059705.114291668 0.000000000 0.000000000
1609059705.139042377 0.000000000 0.000000000
1609059705.139774561 0.000000000 0.000000000
1609059705.164066315 0.000000000 0.000000000
1609059705.164785862 0.000000000 0.000000000
1609059705.213998795 0.000000000 0.000000000
1609059705.214709997 0.000000000 0.000000000
1609059705.239312410 0.000000000 0.000000000
1609059705.264723539 0.000000000 0.000000000
1609059705.289090157 0.000000000 0.000000000
1609059705.289698601 0.000000000 0.000000000
1609059705.313981056 0.000000000 0.000000000
1609059705.314774275 0.000000000 0.000000000
1609059705.339150667 0.000000000 0.000000000
1609059705.388996601 0.000000000 0.000000000
1609059705.390259266 0.000000000 0.000000000
1609059705.414023876 0.000000000 0.000000000
1609059705.438785553 0.000000000 0.000000000
1609059705.439699411 0.000000000 0.000000000
1609059705.464072227 0.000000000 0.000000000
1609059705.489834785 0.000000000 0.000000000
1609059705.514117956 0.000000000 0.000000000
1609059705.514812231 0.000000000 0.000000000
1609059705.564007282 0.000000000 0.000000000
1609059705.564738274 0.000000000 0.000000000
1609059705.588997364 0.000000000 0.000000000
1609059705.614662170 0.000000000 0.000000000
1609059705.638998747 0.000000000 0.000000000
1609059705.639702797 0.000000000 0.000000000
1609059705.663985014 0.000000000 0.000000000
1609059705.664742470 0.000000000 0.000000000
1609059705.689060688 0.000000000 0.000000000
1609059705.689683676 0.000000000 0.000000000
1609059705.739001989 0.000000000 0.000000000
1609059705.739670515 0.000000000 0.000000000
1609059705.764046907 0.000000000 0.000000000
1609059705.764368534 0.000000000 0.000000000
1609059705.789034367 0.000000000 0.000000000
1609059705.789742231 0.000000000 0.000000000
1609059705.814057589 0.000000000 0.000000000
1609059705.839031935 0.000000000 0.000000000
1609059705.839744806 0.000000000 0.000000000
1609059705.864035845 0.000000000 0.000000000
1609059705.913967133 0.000000000 0.000000000
1609059705.914689541 0.000000000 0.000000000
1609059705.939043522 0.000000000 0.000000000
1609059705.939322948 0.000000000 0.000000000
1609059705.964043379 0.000000000 0.000000000
1609059705.964824915 0.000000000 0.000000000
1609059705.988993645 0.000000000 0.000000000
1609059705.989677906 0.000000000 0.000000000
1609059706.013971806 0.000000000 0.000000000
1609059706.014782190 0.000000000 0.000000000
1609059706.038777590 0.000000000 0.000000000
1609059706.088984489 0.000000000 0.000000000
1609059706.090505123 0.000000000 0.000000000
1609059706.138820171 0.000000000 0.000000000
1609059706.139700651 0.000000000 0.000000000
1609059706.164012671 0.000000000 0.000000000
1609059706.164746046 0.000000000 0.000000000
1609059706.189036608 0.000000000 0.000000000
1609059706.189774513 0.000000000 0.000000000
1609059706.213982105 0.000000000 0.000000000
1609059706.214718580 0.000000000 0.000000000
1609059706.263992071 0.000000000 0.000000000
1609059706.264733315 0.000000000 0.000000000
1609059706.289344072 0.000000000 0.000000000
1609059706.314044476 0.000000000 0.000000000
1609059706.314684868 0.000000000 0.000000000
1609059706.338959932 0.000000000 0.000000000
1609059706.364006996 0.000000000 0.000000000
1609059706.364691734 0.000000000 0.000000000
1609059706.389963627 0.000000000 0.000000000
1609059706.439012527 0.000000000 0.000000000
1609059706.439682484 0.000000000 0.000000000
1609059706.463980198 0.000000000 0.000000000
1609059706.488557816 0.000000000 0.000000000
1609059706.491176844 0.000000000 0.000000000
1609059706.514005184 0.000000000 0.000000000
1609059706.514674902 0.000000000 0.000000000
1609059706.538988590 0.000000000 0.000000000
1609059706.539786100 0.000000000 0.000000000
1609059706.564003468 0.000000000 0.000000000
1609059706.564249277 0.000000000 0.000000000
1609059706.613938808 0.000000000 0.000000000
1609059706.639001131 0.000000000 0.000000000
1609059706.639223814 0.000000000 0.000000000
1609059706.664001465 0.000000000 0.000000000
1609059706.664664984 0.000000000 0.000000000
1609059706.689152002 0.000000000 0.000000000
1609059706.713992119 0.000000000 0.000000000
1609059706.714722633 0.000000000 0.000000000
1609059706.738760233 0.000000000 0.000000000
1609059706.739780188 0.000000000 0.000000000
1609059706.788976192 0.000000000 0.000000000
1609059706.789689064 0.000000000 0.000000000
1609059706.838980198 0.000000000 0.000000000
1609059706.840025425 0.000000000 0.000000000
1609059706.888985157 0.000000000 0.000000000
1609059706.889671803 0.000000000 0.000000000
1609059706.914056540 0.000000000 0.000000000
1609059706.914748669 0.000000000 0.000000000
1609059706.963978529 0.000000000 0.000000000
1609059706.988975048 0.000000000 0.000000000
1609059706.989197493 0.000000000 0.000000000
1609059707.013983965 0.000000000 0.000000000
1609059707.014730930 0.000000000 0.000000000
1609059707.038981915 0.000000000 0.000000000
1609059707.065686703 0.000000000 0.000000000
1609059707.065979958 0.000000000 0.000000000
1609059707.089004517 0.000000000 0.000000000
1609059707.089977026 0.000000000 0.000000000
1609059707.139029980 0.000000000 0.000000000
1609059707.139670610 0.000000000 0.000000000
1609059707.163971186 0.000000000 0.000000000
1609059707.164218187 0.000000000 0.000000000
1609059707.189003468 0.000000000 0.000000000
1609059707.190346241 0.000000000 0.000000000
1609059707.213989973 0.000000000 0.000000000
1609059707.239048719 0.000000000 0.000000000
1609059707.239794731 0.000000000 0.000000000
1609059707.263732433 0.000000000 0.000000000
1609059707.314005375 0.000000000 0.000000000
1609059707.314709425 0.000000000 0.000000000
1609059707.338944674 0.000000000 0.000000000
1609059707.339239359 0.000000000 0.000000000
1609059707.363950014 0.000000000 0.000000000
1609059707.364722967 0.000000000 0.000000000
1609059707.389006853 0.000000000 0.000000000
1609059707.413941383 0.000000000 0.000000000
1609059707.414700508 0.000000000 0.000000000
1609059707.439027309 0.000000000 0.000000000
1609059707.439707279 0.000000000 0.000000000
1609059707.488982201 0.000000000 0.000000000
1609059707.513965607 0.000000000 0.000000000
1609059707.514172316 0.000000000 0.000000000
1609059707.538738966 0.000000000 0.000000000
1609059707.539690733 0.000000000 0.000000000
1609059707.588962793 0.000000000 0.000000000
1609059707.589922190 0.000000000 0.000000000
1609059707.613982201 0.000000000 0.000000000
1609059707.614750385 0.000000000 0.000000000
1609059707.688898087 0.000000000 0.000000000
1609059707.689192295 0.000000000 0.000000000
1609059707.713794708 0.000000000 0.000000000
1609059707.739032507 0.000000000 0.000000000
1609059707.764024258 0.000000000 0.000000000
1609059707.764842510 0.000000000 0.000000000
1609059707.788983345 0.000000000 0.000000000
1609059707.789761543 0.000000000 0.000000000
1609059707.838973284 0.000000000 0.000000000
1609059707.863954067 0.000000000 0.000000000
1609059707.864684820 0.000000000 0.000000000
1609059707.888770819 0.000000000 0.000000000
1609059707.889726877 0.000000000 0.000000000
1609059707.913994074 0.000000000 0.000000000
1609059707.938930988 0.000000000 0.000000000
1609059707.939674377 0.000000000 0.000000000
1609059707.963724852 0.000000000 0.000000000
1609059707.964701176 0.000000000 0.000000000
1609059708.013927460 0.000000000 0.000000000
1609059708.040301085 0.000000000 0.000000000
1609059708.040614128 0.000000000 0.000000000
1609059708.063711643 0.000000000 0.000000000
1609059708.064702511 0.000000000 0.000000000
1609059708.088955402 0.000000000 0.000000000
1609059708.113945007 0.000000000 0.000000000
1609059708.114730120 0.000000000 0.000000000
1609059708.138969421 0.000000000 0.000000000
1609059708.139636278 0.000000000 0.000000000
1609059708.188951015 0.000000000 0.000000000
1609059708.213763475 0.000000000 0.000000000
1609059708.214208603 0.000000000 0.000000000
1609059708.239019394 0.000000000 0.000000000
1609059708.239690542 0.000000000 0.000000000
1609059708.263961792 0.000000000 0.000000000
1609059708.288977861 0.000000000 0.000000000
1609059708.289644241 0.000000000 0.000000000
1609059708.313905001 0.000000000 0.000000000
1609059708.314639807 0.000000000 0.000000000
1609059708.363995314 0.000000000 0.000000000
1609059708.388747454 0.000000000 0.000000000
1609059708.389756441 0.000000000 0.000000000
1609059708.413734436 0.000000000 0.000000000
1609059708.414616346 0.000000000 0.000000000
1609059708.438908339 0.000000000 0.000000000
1609059708.463940382 0.000000000 0.000000000
1609059708.464706659 0.000000000 0.000000000
1609059708.488952398 0.000000000 0.000000000
1609059708.489632368 0.000000000 0.000000000
1609059708.538905621 0.000000000 0.000000000
1609059708.563721657 0.000000000 0.000000000
1609059708.564539194 0.000000000 0.000000000
1609059708.588729143 0.000000000 0.000000000
1609059708.589661360 0.000000000 0.000000000
1609059708.613910913 0.000000000 0.000000000
1609059708.638948202 0.000000000 0.000000000
1609059708.639699221 0.000000000 0.000000000
1609059708.663952112 0.000000000 0.000000000
1609059708.664645910 0.000000000 0.000000000
1609059708.713885546 0.000000000 0.000000000
1609059708.739060163 0.000000000 0.000000000
1609059708.739733458 0.000000000 0.000000000
1609059708.764029741 0.000000000 0.000000000
1609059708.764680862 0.000000000 0.000000000
1609059708.788966656 0.000000000 0.000000000
1609059708.789653540 0.000000000 0.000000000
1609059708.814017534 0.000000000 0.000000000
1609059708.814826488 0.000000000 0.000000000
1609059708.838946819 0.000000000 0.000000000
1609059708.839718342 0.000000000 0.000000000
1609059708.888967991 0.000000000 0.000000000
1609059708.913973093 0.000000000 0.000000000
1609059708.914457798 0.000000000 0.000000000
1609059708.939034224 0.000000000 0.000000000
1609059708.939664602 0.000000000 0.000000000
1609059708.963991880 0.000000000 0.000000000
1609059708.988955259 0.000000000 0.000000000
1609059708.989745617 0.000000000 0.000000000
1609059709.013926268 0.000000000 0.000000000
1609059709.014641047 0.000000000 0.000000000
1609059709.063891172 0.000000000 0.000000000
1609059709.088710308 0.000000000 0.000000000
1609059709.089415312 0.000000000 0.000000000
1609059709.113997459 0.000000000 0.000000000
1609059709.114654779 0.000000000 0.000000000
1609059709.138898373 0.000000000 0.000000000
1609059709.163967371 0.000000000 0.000000000
1609059709.164714575 0.000000000 0.000000000
1609059709.188949108 0.000000000 0.000000000
1609059709.190124750 0.000000000 0.000000000
1609059709.238899708 0.000000000 0.000000000
1609059709.263993979 0.000000000 0.000000000
1609059709.264231682 0.000000000 0.000000000
1609059709.288954258 0.000000000 0.000000000
1609059709.289752245 0.000000000 0.000000000
1609059709.313923359 0.000000000 0.000000000
1609059709.338915110 0.000000000 0.000000000
1609059709.339684963 0.000000000 0.000000000
1609059709.363984346 0.000000000 0.000000000
1609059709.364678621 0.000000000 0.000000000
1609059709.413873911 0.000000000 0.000000000
1609059709.438994408 0.000000000 0.000000000
1609059709.439169168 0.000000000 0.000000000
1609059709.463970661 0.000000000 0.000000000
1609059709.464669466 0.000000000 0.000000000
1609059709.488984108 0.000000000 0.000000000
1609059709.513927937 0.000000000 0.000000000
1609059709.514803648 0.000000000 0.000000000
1609059709.538967371 0.000000000 0.000000000
1609059709.539673805 0.000000000 0.000000000
1609059709.588951349 0.000000000 0.000000000
1609059709.613980293 0.000000000 0.000000000
1609059709.614194155 0.000000000 0.000000000
1609059709.638963699 0.000000000 0.000000000
1609059709.639583349 0.000000000 0.000000000
1609059709.663917780 0.000000000 0.000000000
1609059709.664708138 0.000000000 0.000000000
1609059709.689043999 0.000000000 0.000000000
1609059709.689659119 0.000000000 0.000000000
1609059709.713985920 0.000000000 0.000000000
1609059709.714659929 0.000000000 0.000000000
1609059709.764034510 0.000000000 0.000000000
1609059709.764713049 0.000000000 0.000000000
1609059709.789000988 0.000000000 0.000000000
1609059709.789268494 0.000000000 0.000000000
1609059709.813998699 0.000000000 0.000000000
1609059709.814617872 0.000000000 0.000000000
1609059709.838900089 0.000000000 0.000000000
1609059709.863939047 0.000000000 0.000000000
1609059709.864639997 0.000000000 0.000000000
1609059709.888895750 0.000000000 0.000000000
1609059709.889598370 0.000000000 0.000000000
1609059709.938914537 0.000000000 0.000000000
1609059709.965955496 0.000000000 0.000000000
1609059709.966414452 0.000000000 0.000000000
1609059709.989147902 0.000000000 0.000000000
1609059709.989714146 0.000000000 0.000000000
1609059710.013894320 0.000000000 0.000000000
1609059710.014404058 0.000000000 0.000000000
1609059710.038932800 0.000000000 0.000000000
1609059710.039729118 0.000000000 0.000000000
1609059710.063925505 0.000000000 0.000000000
1609059710.064622402 0.000000000 0.000000000
1609059710.113927841 0.000000000 0.000000000
1609059710.138686419 0.000000000 0.000000000
1609059710.139178514 0.000000000 0.000000000
1609059710.163948536 0.000000000 0.000000000
1609059710.164680004 0.000000000 0.000000000
1609059710.188857794 0.000000000 0.000000000
1609059710.213894844 0.000000000 0.000000000
1609059710.214656591 0.000000000 0.000000000
1609059710.238903522 0.000000000 0.000000000
1609059710.239589214 0.000000000 0.000000000
1609059710.288957357 0.000000000 0.000000000
1609059710.313667774 0.000000000 0.000000000
1609059710.314701319 0.000000000 0.000000000
1609059710.338962793 0.000000000 0.000000000
1609059710.339618444 0.000000000 0.000000000
1609059710.363955736 0.000000000 0.000000000
1609059710.388942719 0.000000000 0.000000000
1609059710.389588118 0.000000000 0.000000000
1609059710.413869143 0.000000000 0.000000000
1609059710.414613485 0.000000000 0.000000000
1609059710.463947296 0.000000000 0.000000000
1609059710.488952160 0.000000000 0.000000000
1609059710.489611149 0.000000000 0.000000000
1609059710.513954878 0.000000000 0.000000000
1609059710.514584303 0.000000000 0.000000000
1609059710.538914680 0.000000000 0.000000000
1609059710.563952208 0.000000000 0.000000000
1609059710.564630747 0.000000000 0.000000000
1609059710.588939190 0.000000000 0.000000000
1609059710.589630365 0.000000000 0.000000000
1609059710.638894320 0.000000000 0.000000000
1609059710.639599323 0.000000000 0.000000000
1609059710.663670301 0.000000000 0.000000000
1609059710.664562941 0.000000000 0.000000000
1609059710.688935518 0.000000000 0.000000000
1609059710.689598560 0.000000000 0.000000000
1609059710.713856459 0.000000000 0.000000000
1609059710.738962889 0.000000000 0.000000000
1609059710.739667416 0.000000000 0.000000000
1609059710.763893604 0.000000000 0.000000000
1609059710.764672041 0.000000000 0.000000000
1609059710.813903809 0.000000000 0.000000000
1609059710.838978767 0.000000000 0.000000000
1609059710.839586735 0.000000000 0.000000000
1609059710.864017725 0.000000000 0.000000000
1609059710.864686489 0.000000000 0.000000000
1609059710.888889074 0.000000000 0.000000000
1609059710.890009165 0.000000000 0.000000000
1609059710.913962603 0.000000000 0.000000000
1609059710.914794922 0.000000000 0.000000000
1609059710.938992500 0.000000000 0.000000000
1609059710.939611197 0.000000000 0.000000000
1609059710.989006042 0.000000000 0.000000000
1609059711.013704777 0.000000000 0.000000000
1609059711.014205933 0.000000000 0.000000000
1609059711.038943291 0.000000000 0.000000000
1609059711.039579868 0.000000000 0.000000000
1609059711.063934565 0.000000000 0.000000000
1609059711.088869095 0.000000000 0.000000000
1609059711.089651823 0.000000000 0.000000000
1609059711.113945484 0.000000000 0.000000000
1609059711.114571571 0.000000000 0.000000000
1609059711.163815975 0.000000000 0.000000000
1609059711.188682318 0.000000000 0.000000000
1609059711.189608574 0.000000000 0.000000000
1609059711.213689327 0.000000000 0.000000000
1609059711.214663982 0.000000000 0.000000000
1609059711.238861084 0.000000000 0.000000000
1609059711.263880968 0.000000000 0.000000000
1609059711.264678240 0.000000000 0.000000000
1609059711.288877964 0.000000000 0.000000000
1609059711.289709568 0.000000000 0.000000000
1609059711.338901758 0.000000000 0.000000000
1609059711.339627028 0.000000000 0.000000000
1609059711.364076138 0.000000000 0.000000000
1609059711.365118980 0.000000000 0.000000000
1609059711.389046192 0.000000000 0.000000000
1609059711.389841795 0.000000000 0.000000000
1609059711.413888216 0.000000000 0.000000000
1609059711.438845396 0.000000000 0.000000000
1609059711.439612150 0.000000000 0.000000000
1609059711.463915586 0.000000000 0.000000000
1609059711.464555740 0.000000000 0.000000000
1609059711.513897657 0.000000000 0.000000000
1609059711.538952112 0.000000000 0.000000000
1609059711.539584637 0.000000000 0.000000000
1609059711.563864231 0.000000000 0.000000000
1609059711.564657450 0.000000000 0.000000000
1609059711.588864565 0.000000000 0.000000000
1609059711.613857031 0.000000000 0.000000000
1609059711.614584923 0.000000000 0.000000000
1609059711.638883352 0.000000000 0.000000000
1609059711.639557123 0.000000000 0.000000000
1609059711.688837290 0.000000000 0.000000000
1609059711.713991404 0.000000000 0.000000000
1609059711.714400768 0.000000000 0.000000000
1609059711.738968134 0.000000000 0.000000000
1609059711.739584446 0.000000000 0.000000000
1609059711.763909817 0.000000000 0.000000000
1609059711.764687300 0.000000000 0.000000000
1609059711.789715528 0.000000000 0.000000000
1609059711.813849211 0.000000000 0.000000000
1609059711.814584970 0.000000000 0.000000000
1609059711.863889217 0.000000000 0.000000000
1609059711.888630152 0.000000000 0.000000000
1609059711.889355421 0.000000000 0.000000000
1609059711.913686752 0.000000000 0.000000000
1609059711.914563656 0.000000000 0.000000000
1609059711.938884020 0.000000000 0.000000000
1609059711.939573288 0.000000000 0.000000000
1609059711.963856936 0.000000000 0.000000000
1609059711.964683771 0.000000000 0.000000000
1609059711.988834858 0.000000000 0.000000000
1609059711.989557743 0.000000000 0.000000000
1609059712.038819313 0.000000000 0.000000000
1609059712.063610792 0.000000000 0.000000000
1609059712.064581394 0.000000000 0.000000000
1609059712.088945389 0.000000000 0.000000000
1609059712.089572906 0.000000000 0.000000000
1609059712.113892317 0.000000000 0.000000000
1609059712.138880491 0.000000000 0.000000000
1609059712.139626503 0.000000000 0.000000000
1609059712.163977861 0.000000000 0.000000000
1609059712.164600611 0.000000000 0.000000000
1609059712.213823318 0.000000000 0.000000000
1609059712.214599133 0.000000000 0.000000000
1609059712.238882780 0.000000000 0.000000000
1609059712.239568233 0.000000000 0.000000000
1609059712.263796568 0.000000000 0.000000000
1609059712.264629364 0.000000000 0.000000000
1609059712.288800955 0.000000000 0.000000000
1609059712.313808680 0.000000000 0.000000000
1609059712.314593077 0.000000000 0.000000000
1609059712.338874102 0.000000000 0.000000000
1609059712.339574099 0.000000000 0.000000000
1609059712.388869524 0.000000000 0.000000000
1609059712.389184952 0.000000000 0.000000000
1609059712.413907528 0.000000000 0.000000000
1609059712.414616108 0.000000000 0.000000000
1609059712.440144300 0.000000000 0.000000000
1609059712.440456629 0.000000000 0.000000000
1609059712.463873863 0.000000000 0.000000000
1609059712.464370251 0.000000000 0.000000000
1609059712.488832235 0.000000000 0.000000000
1609059712.489654303 0.000000000 0.000000000
1609059712.513844967 0.000000000 0.000000000
1609059712.514570951 0.000000000 0.000000000
1609059712.563812733 0.000000000 0.000000000
1609059712.588959217 0.000000000 0.000000000
1609059712.589183807 0.000000000 0.000000000
1609059712.613910437 0.000000000 0.000000000
1609059712.614552975 0.000000000 0.000000000
1609059712.638823509 0.000000000 0.000000000
1609059712.663844824 0.000000000 0.000000000
1609059712.664645910 0.000000000 0.000000000
1609059712.688881159 0.000000000 0.000000000
1609059712.689573526 0.000000000 0.000000000
1609059712.738816261 0.000000000 0.000000000
1609059712.763679266 0.000000000 0.000000000
1609059712.764642954 0.000000000 0.000000000
1609059712.788597584 0.000000000 0.000000000
1609059712.789561987 0.000000000 0.000000000
1609059712.813864470 0.000000000 0.000000000
1609059712.814404011 0.000000000 0.000000000
1609059712.838850260 0.000000000 0.000000000
1609059712.839603662 0.000000000 0.000000000
1609059712.863793135 0.000000000 0.000000000
1609059712.864553213 0.000000000 0.000000000
1609059712.913830757 0.000000000 0.000000000
1609059712.938938618 0.000000000 0.000000000
1609059712.939638376 0.000000000 0.000000000
1609059712.963954210 0.000000000 0.000000000
1609059712.964678526 0.000000000 0.000000000
1609059712.988860130 0.000000000 0.000000000
1609059713.013869286 0.000000000 0.000000000
1609059713.014661789 0.000000000 0.000000000
1609059713.038830996 0.000000000 0.000000000
1609059713.039545298 0.000000000 0.000000000
1609059713.088858366 0.000000000 0.000000000
1609059713.113891125 0.000000000 0.000000000
1609059713.114877224 0.000000000 0.000000000
1609059713.138604641 0.000000000 0.000000000
1609059713.139567375 0.000000000 0.000000000
1609059713.163843870 0.000000000 0.000000000
1609059713.188794851 0.000000000 0.000000000
1609059713.189561844 0.000000000 0.000000000
1609059713.213836432 0.000000000 0.000000000
1609059713.214531660 0.000000000 0.000000000
1609059713.263813972 0.000000000 0.000000000
1609059713.288893461 0.000000000 0.000000000
1609059713.289581299 0.000000000 0.000000000
1609059713.313888073 0.000000000 0.000000000
1609059713.314568043 0.000000000 0.000000000
1609059713.338813543 0.000000000 0.000000000
1609059713.363824129 0.000000000 0.000000000
1609059713.364632368 0.000000000 0.000000000
1609059713.388878822 0.000000000 0.000000000
1609059713.389600277 0.000000000 0.000000000
1609059713.438810825 0.000000000 0.000000000
1609059713.463917017 0.000000000 0.000000000
1609059713.464643002 0.000000000 0.000000000
1609059713.488635540 0.000000000 0.000000000
1609059713.489524603 0.000000000 0.000000000
1609059713.513800383 0.000000000 0.000000000
1609059713.514610767 0.000000000 0.000000000
1609059713.538832188 0.000000000 0.000000000
1609059713.539614201 0.000000000 0.000000000
1609059713.563842773 0.000000000 0.000000000
1609059713.564611435 0.000000000 0.000000000
1609059713.613797665 0.000000000 0.000000000
1609059713.638650894 0.000000000 0.000000000
1609059713.639093161 0.000000000 0.000000000
1609059713.663934231 0.000000000 0.000000000
1609059713.664586306 0.000000000 0.000000000
1609059713.688834667 0.000000000 0.000000000
1609059713.713870764 0.000000000 0.000000000
1609059713.714622259 0.000000000 0.000000000
1609059713.738877296 0.000000000 0.000000000
1609059713.739596367 0.000000000 0.000000000
1609059713.788832903 0.000000000 0.000000000
1609059713.789323807 0.000000000 0.000000000
1609059713.813909292 0.000000000 0.000000000
1609059713.814588547 0.000000000 0.000000000
1609059713.838844061 0.000000000 0.000000000
1609059713.839518785 0.000000000 0.000000000
1609059713.863831997 0.000000000 0.000000000
1609059713.888835907 0.000000000 0.000000000
1609059713.889559031 0.000000000 0.000000000
1609059713.913806438 0.000000000 0.000000000
1609059713.914520741 0.000000000 0.000000000
1609059713.963818550 0.000000000 0.000000000
1609059713.964715719 0.000000000 0.000000000
1609059713.988924980 0.000000000 0.000000000
1609059713.989841223 0.000000000 0.000000000
1609059714.013900995 0.000000000 0.000000000
1609059714.014576435 0.000000000 0.000000000
1609059714.038804770 0.000000000 0.000000000
1609059714.039350748 0.000000000 0.000000000
1609059714.063878059 0.000000000 0.000000000
1609059714.064604044 0.000000000 0.000000000
1609059714.088798046 0.000000000 0.000000000
1609059714.089535475 0.000000000 0.000000000
1609059714.138821840 0.000000000 0.000000000
1609059714.139599562 0.000000000 0.000000000
1609059714.163641214 0.000000000 0.000000000
1609059714.164646626 0.000000000 0.000000000
1609059714.188895226 0.000000000 0.000000000
1609059714.189516068 0.000000000 0.000000000
1609059714.213779926 0.000000000 0.000000000
1609059714.214655399 0.000000000 0.000000000
1609059714.238811731 0.000000000 0.000000000
1609059714.239593029 0.000000000 0.000000000
1609059714.263808489 0.000000000 0.000000000
1609059714.264575958 0.000000000 0.000000000
1609059714.313859224 0.000000000 0.000000000
1609059714.314504862 0.000000000 0.000000000
1609059714.338913441 0.000000000 0.000000000
1609059714.339657068 0.000000000 0.000000000
1609059714.363643646 0.000000000 0.000000000
1609059714.364689589 0.000000000 0.000000000
1609059714.388802528 0.000000000 0.000000000
1609059714.413796663 0.000000000 0.000000000
1609059714.414577961 0.000000000 0.000000000
1609059714.438835144 0.000000000 0.000000000
1609059714.439516068 0.000000000 0.000000000
1609059714.488770247 0.000000000 0.000000000
1609059714.513603210 0.000000000 0.000000000
1609059714.514662743 0.000000000 0.000000000
1609059714.538795710 0.000000000 0.000000000
1609059714.539512396 0.000000000 0.000000000
1609059714.563836336 0.000000000 0.000000000
1609059714.564324856 0.000000000 0.000000000
1609059714.588796854 0.000000000 0.000000000
1609059714.589301348 0.000000000 0.000000000
1609059714.613783598 0.000000000 0.000000000
1609059714.614494801 0.000000000 0.000000000
1609059714.663853168 0.000000000 0.000000000
1609059714.664522886 0.000000000 0.000000000
1609059714.688650370 0.000000000 0.000000000
1609059714.689595699 0.000000000 0.000000000
1609059714.713584185 0.000000000 0.000000000
1609059714.714524746 0.000000000 0.000000000
1609059714.738856316 0.000000000 0.000000000
1609059714.739852905 0.000000000 0.000000000
1609059714.763803482 0.000000000 0.000000000
1609059714.764722824 0.000000000 0.000000000
1609059714.788839102 0.000000000 0.000000000
1609059714.789533615 0.000000000 0.000000000
1609059714.838763475 0.000000000 0.000000000
1609059714.863900423 0.000000000 0.000000000
1609059714.864575863 0.000000000 0.000000000
1609059714.888787270 0.000000000 0.000000000
1609059714.889510632 0.000000000 0.000000000
1609059714.913848400 0.000000000 0.000000000
1609059714.938833237 0.000000000 0.000000000
1609059714.939302206 0.000000000 0.000000000
1609059714.963813782 0.000000000 0.000000000
1609059714.964532137 0.000000000 0.000000000
1609059715.013789177 0.000000000 0.000000000
1609059715.014492035 0.000000000 0.000000000
1609059715.038880825 0.000000000 0.000000000
1609059715.039695263 0.000000000 0.000000000
1609059715.063615084 0.000000000 0.000000000
1609059715.064602852 0.000000000 0.000000000
1609059715.088787079 0.000000000 0.000000000
1609059715.113821507 0.000000000 0.000000000
1609059715.114291668 0.000000000 0.000000000
1609059715.138792515 0.000000000 0.000000000
1609059715.139497280 0.000000000 0.000000000
1609059715.188805580 0.000000000 0.000000000
1609059715.213845253 0.000000000 0.000000000
1609059715.214554548 0.000000000 0.000000000
1609059715.238785505 0.000000000 0.000000000
1609059715.239533901 0.000000000 0.000000000
1609059715.263812780 0.000000000 0.000000000
1609059715.264382124 0.000000000 0.000000000
1609059715.288802385 0.000000000 0.000000000
1609059715.289273977 0.000000000 0.000000000
1609059715.313800812 0.000000000 0.000000000
1609059715.314488173 0.000000000 0.000000000
1609059715.363757610 0.000000000 0.000000000
1609059715.388856888 0.000000000 0.000000000
1609059715.389575481 0.000000000 0.000000000
1609059715.413590670 0.000000000 0.000000000
1609059715.414515972 0.000000000 0.000000000
1609059715.438805580 0.000000000 0.000000000
1609059715.464034319 0.000000000 0.000000000
1609059715.464600801 0.000000000 0.000000000
1609059715.488805294 0.000000000 0.000000000
1609059715.489473820 0.000000000 0.000000000
1609059715.538807154 0.000000000 0.000000000
1609059715.539025307 0.000000000 0.000000000
1609059715.563795090 0.000000000 0.000000000
1609059715.564619780 0.000000000 0.000000000
1609059715.588768721 0.000000000 0.000000000
1609059715.589528799 0.000000000 0.000000000
1609059715.613878965 0.000000000 0.000000000
1609059715.638789177 0.000000000 0.000000000
1609059715.639278412 0.000000000 0.000000000
1609059715.663826942 0.000000000 0.000000000
1609059715.664508104 0.000000000 0.000000000
1609059715.713778019 0.000000000 0.000000000
1609059715.738910675 0.000000000 0.000000000
1609059715.739299297 0.000000000 0.000000000
1609059715.763773203 0.000000000 0.000000000
1609059715.764575481 0.000000000 0.000000000
1609059715.788838625 0.000000000 0.000000000
1609059715.813761950 0.000000000 0.000000000
1609059715.814291239 0.000000000 0.000000000
1609059715.838792562 0.000000000 0.000000000
1609059715.841458559 0.000000000 0.000000000
1609059715.888764143 0.000000000 0.000000000
1609059715.913881779 0.000000000 0.000000000
1609059715.914270401 0.000000000 0.000000000
1609059715.938749790 0.000000000 0.000000000
1609059715.939470768 0.000000000 0.000000000
1609059715.963814497 0.000000000 0.000000000
1609059715.988785267 0.000000000 0.000000000
1609059715.989461422 0.000000000 0.000000000
1609059716.013783693 0.000000000 0.000000000
1609059716.014484882 0.000000000 0.000000000
1609059716.063807964 0.000000000 0.000000000
1609059716.088836908 0.000000000 0.000000000
1609059716.089526176 0.000000000 0.000000000
1609059716.113762140 0.000000000 0.000000000
1609059716.114629984 0.000000000 0.000000000
1609059716.138809681 0.000000000 0.000000000
1609059716.139272451 0.000000000 0.000000000
1609059716.163778543 0.000000000 0.000000000
1609059716.164312124 0.000000000 0.000000000
1609059716.188818455 0.000000000 0.000000000
1609059716.189534664 0.000000000 0.000000000
1609059716.238769054 0.000000000 0.000000000
1609059716.263566256 0.000000000 0.000000000
1609059716.264604092 0.000000000 0.000000000
1609059716.288804770 0.000000000 0.000000000
1609059716.289498568 0.000000000 0.000000000
1609059716.313824654 0.000000000 0.000000000
1609059716.338831425 0.000000000 0.000000000
1609059716.339262247 0.000000000 0.000000000
1609059716.363765955 0.000000000 0.000000000
1609059716.364540577 0.000000000 0.000000000
1609059716.413765669 0.000000000 0.000000000
1609059716.438813925 0.000000000 0.000000000
1609059716.439253569 0.000000000 0.000000000
1609059716.463767052 0.000000000 0.000000000
1609059716.464712381 0.000000000 0.000000000
1609059716.488814592 0.000000000 0.000000000
1609059716.489581585 0.000000000 0.000000000
1609059716.513807058 0.000000000 0.000000000
1609059716.514308214 0.000000000 0.000000000
1609059716.538768053 0.000000000 0.000000000
1609059716.539491653 0.000000000 0.000000000
1609059716.588777304 0.000000000 0.000000000
1609059716.589246750 0.000000000 0.000000000
1609059716.613811493 0.000000000 0.000000000
1609059716.614604235 0.000000000 0.000000000
1609059716.638623714 0.000000000 0.000000000
1609059716.639459372 0.000000000 0.000000000
1609059716.663764954 0.000000000 0.000000000
1609059716.666369677 0.000000000 0.000000000
1609059716.688770771 0.000000000 0.000000000
1609059716.689501047 0.000000000 0.000000000
1609059716.713778734 0.000000000 0.000000000
1609059716.714565039 0.000000000 0.000000000
1609059716.763800383 0.000000000 0.000000000
1609059716.764083147 0.000000000 0.000000000
1609059716.788854837 0.000000000 0.000000000
1609059716.789565086 0.000000000 0.000000000
1609059716.813789845 0.000000000 0.000000000
1609059716.814511061 0.000000000 0.000000000
1609059716.838810444 0.000000000 0.000000000
1609059716.839536905 0.000000000 0.000000000
1609059716.863798618 0.000000000 0.000000000
1609059716.864506245 0.000000000 0.000000000
1609059716.888774157 0.000000000 0.000000000
1609059716.889464617 0.000000000 0.000000000
1609059716.938757896 0.000000000 0.000000000
1609059716.938986778 0.000000000 0.000000000
1609059716.963574409 0.000000000 0.000000000
1609059716.964612961 0.000000000 0.000000000
1609059716.988770247 0.000000000 0.000000000
1609059716.989518166 0.000000000 0.000000000
1609059717.013781309 0.000000000 0.000000000
1609059717.014305115 0.000000000 0.000000000
1609059717.038761377 0.000000000 0.000000000
1609059717.039476395 0.000000000 0.000000000
1609059717.063813925 0.000000000 0.000000000
1609059717.064512253 0.000000000 0.000000000
1609059717.113774061 0.000000000 0.000000000
1609059717.114442348 0.000000000 0.000000000
1609059717.138809443 0.000000000 0.000000000
1609059717.139630556 0.000000000 0.000000000
1609059717.163754225 0.000000000 0.000000000
1609059717.164476871 0.000000000 0.000000000
1609059717.188789606 0.000000000 0.000000000
1609059717.189468145 0.000000000 0.000000000
1609059717.213733673 0.000000000 0.000000000
1609059717.214480162 0.000000000 0.000000000
1609059717.238735914 0.000000000 0.000000000
1609059717.239449739 0.000000000 0.000000000
1609059717.288790703 0.000000000 0.000000000
1609059717.289069653 0.000000000 0.000000000
1609059717.313586235 0.000000000 0.000000000
1609059717.314579964 0.000000000 0.000000000
1609059717.338783979 0.000000000 0.000000000
1609059717.339504719 0.000000000 0.000000000
1609059717.363775492 0.000000000 0.000000000
1609059717.388781786 0.000000000 0.000000000
1609059717.389278650 0.000000000 0.000000000
1609059717.413797617 0.000000000 0.000000000
1609059717.414543629 0.000000000 0.000000000
1609059717.463728428 0.000000000 0.000000000
1609059717.488819838 0.000000000 0.000000000
1609059717.489795208 0.000000000 0.000000000
1609059717.513773918 0.000000000 0.000000000
1609059717.514448166 0.000000000 0.000000000
1609059717.538722277 0.000000000 0.000000000
1609059717.539489031 0.000000000 0.000000000
1609059717.563753605 0.000000000 0.000000000
1609059717.564500809 0.000000000 0.000000000
1609059717.588746309 0.000000000 0.000000000
1609059717.589443445 0.000000000 0.000000000
1609059717.638728857 0.000000000 0.000000000
1609059717.638974905 0.000000000 0.000000000
1609059717.663611650 0.000000000 0.000000000
1609059717.664270163 0.000000000 0.000000000
1609059717.688742638 0.000000000 0.000000000
1609059717.689471960 0.000000000 0.000000000
1609059717.713750601 0.000000000 0.000000000
1609059717.738746643 0.000000000 0.000000000
1609059717.739782095 0.000000000 0.000000000
1609059717.763746500 0.000000000 0.000000000
1609059717.764521122 0.000000000 0.000000000
1609059717.813740492 0.000000000 0.000000000
1609059717.814477205 0.000000000 0.000000000
1609059717.838848829 0.000000000 0.000000000
1609059717.839529753 0.000000000 0.000000000
1609059717.863747358 0.000000000 0.000000000
1609059717.864451408 0.000000000 0.000000000
1609059717.888720989 0.000000000 0.000000000
1609059717.889476776 0.000000000 0.000000000
1609059717.913758755 0.000000000 0.000000000
1609059717.914273739 0.000000000 0.000000000
1609059717.938787699 0.000000000 0.000000000
1609059717.939511061 0.000000000 0.000000000
1609059717.988771915 0.000000000 0.000000000
1609059718.013799667 0.000000000 0.000000000
1609059718.014469385 0.000000000 0.000000000
1609059718.038739681 0.000000000 0.000000000
1609059718.039482594 0.000000000 0.000000000
1609059718.063782692 0.000000000 0.000000000
1609059718.064252377 0.000000000 0.000000000
1609059718.088759899 0.000000000 0.000000000
1609059718.089511156 0.000000000 0.000000000
1609059718.113758326 0.000000000 0.000000000
1609059718.114493132 0.000000000 0.000000000
1609059718.163776159 0.000000000 0.000000000
1609059718.164061785 0.000000000 0.000000000
1609059718.188837290 0.000000000 0.000000000
1609059718.189104319 0.000000000 0.000000000
1609059718.213753939 0.000000000 0.000000000
1609059718.214464188 0.000000000 0.000000000
1609059718.238764286 0.000000000 0.000000000
1609059718.239247322 0.000000000 0.000000000
1609059718.263786793 0.000000000 0.000000000
1609059718.264292479 0.000000000 0.000000000
1609059718.288758516 0.000000000 0.000000000
1609059718.289446831 0.000000000 0.000000000
1609059718.338738203 0.000000000 0.000000000
1609059718.339008093 0.000000000 0.000000000
1609059718.363854885 0.000000000 0.000000000
1609059718.364133358 0.000000000 0.000000000
1609059718.388787031 0.000000000 0.000000000
1609059718.389483452 0.000000000 0.000000000
1609059718.413774252 0.000000000 0.000000000
1609059718.438716412 0.000000000 0.000000000
1609059718.439225435 0.000000000 0.000000000
1609059718.463782787 0.000000000 0.000000000
1609059718.464423418 0.000000000 0.000000000
1609059718.513756990 0.000000000 0.000000000
1609059718.514018536 0.000000000 0.000000000
1609059718.538777351 0.000000000 0.000000000
1609059718.539467812 0.000000000 0.000000000
1609059718.563721895 0.000000000 0.000000000
1609059718.564531803 0.000000000 0.000000000
1609059718.588734627 0.000000000 0.000000000
1609059718.589237928 0.000000000 0.000000000
1609059718.613798380 0.000000000 0.000000000
1609059718.614665031 0.000000000 0.000000000
1609059718.638751030 0.000000000 0.000000000
1609059718.639404297 0.000000000 0.000000000
1609059718.688688755 0.000000000 0.000000000
1609059718.713647366 0.000000000 0.000000000
1609059718.713952541 0.000000000 0.000000000
1609059718.738777876 0.000000000 0.000000000
1609059718.739447594 0.000000000 0.000000000
1609059718.763753891 0.000000000 0.000000000
1609059718.764585018 0.000000000 0.000000000
1609059718.788726807 0.000000000 0.000000000
1609059718.789304256 0.000000000 0.000000000
1609059718.813770533 0.000000000 0.000000000
1609059718.814818144 0.000000000 0.000000000
1609059718.863718748 0.000000000 0.000000000
1609059718.864882708 0.000000000 0.000000000
1609059718.888808489 0.000000000 0.000000000
1609059718.889449596 0.000000000 0.000000000
1609059718.913710833 0.000000000 0.000000000
1609059718.914450169 0.000000000 0.000000000
1609059718.938807487 0.000000000 0.000000000
1609059718.939321041 0.000000000 0.000000000
1609059718.963546753 0.000000000 0.000000000
1609059718.964541435 0.000000000 0.000000000
1609059718.988772631 0.000000000 0.000000000
1609059718.989466906 0.000000000 0.000000000
1609059719.038740158 0.000000000 0.000000000
1609059719.039471149 0.000000000 0.000000000
1609059719.063798189 0.000000000 0.000000000
1609059719.064461708 0.000000000 0.000000000
1609059719.088774443 0.000000000 0.000000000
1609059719.090032339 0.000000000 0.000000000
1609059719.113744736 0.000000000 0.000000000
1609059719.138781786 0.000000000 0.000000000
1609059719.139266491 0.000000000 0.000000000
1609059719.163789988 0.000000000 0.000000000
1609059719.164487362 0.000000000 0.000000000
1609059719.238804102 0.000000000 0.000000000
1609059719.239088297 0.000000000 0.000000000
1609059719.263738394 0.000000000 0.000000000
1609059719.264515877 0.000000000 0.000000000
1609059719.288754225 0.000000000 0.000000000
1609059719.289522171 0.000000000 0.000000000
1609059719.313575506 0.000000000 0.000000000
1609059719.314471960 0.000000000 0.000000000
1609059719.338767529 0.000000000 0.000000000
1609059719.339470387 0.000000000 0.000000000
1609059719.388756990 0.000000000 0.000000000
1609059719.413810015 0.000000000 0.000000000
1609059719.414141417 0.000000000 0.000000000
1609059719.438756466 0.000000000 0.000000000
1609059719.439471006 0.000000000 0.000000000
1609059719.463726759 0.000000000 0.000000000
1609059719.464427233 0.000000000 0.000000000
1609059719.488730907 0.000000000 0.000000000
1609059719.489277840 0.000000000 0.000000000
1609059719.514222622 0.000000000 0.000000000
1609059719.514512300 0.000000000 0.000000000
1609059719.563717604 0.000000000 0.000000000
1609059719.588770151 0.000000000 0.000000000
1609059719.589097261 0.000000000 0.000000000
1609059719.613714457 0.000000000 0.000000000
1609059719.614439964 0.000000000 0.000000000
1609059719.638729811 0.000000000 0.000000000
1609059719.639515162 0.000000000 0.000000000
1609059719.663514137 0.000000000 0.000000000
1609059719.664477587 0.000000000 0.000000000
1609059719.688669443 0.000000000 0.000000000
1609059719.689401627 0.000000000 0.000000000
1609059719.738707066 0.000000000 0.000000000
1609059719.739215612 0.000000000 0.000000000
1609059719.763821363 0.000000000 0.000000000
1609059719.764185905 0.000000000 0.000000000
1609059719.788695574 0.000000000 0.000000000
1609059719.789426565 0.000000000 0.000000000
1609059719.813692331 0.000000000 0.000000000
1609059719.814518452 0.000000000 0.000000000
1609059719.838684082 0.000000000 0.000000000
1609059719.839439392 0.000000000 0.000000000
1609059719.863711596 0.000000000 0.000000000
1609059719.864428997 0.000000000 0.000000000
1609059719.913721323 0.000000000 0.000000000
1609059719.938760281 0.000000000 0.000000000
1609059719.938951731 0.000000000 0.000000000
1609059719.963693619 0.000000000 0.000000000
1609059719.964466095 0.000000000 0.000000000
1609059719.988681555 0.000000000 0.000000000
1609059719.989522934 0.000000000 0.000000000
1609059720.013684988 0.000000000 0.000000000
1609059720.014528990 0.000000000 0.000000000
1609059720.038671494 0.000000000 0.000000000
1609059720.039402723 0.000000000 0.000000000
1609059720.088708639 0.000000000 0.000000000
1609059720.089524031 0.000000000 0.000000000
1609059720.113794088 0.000000000 0.000000000
1609059720.113987923 0.000000000 0.000000000
1609059720.138707399 0.000000000 0.000000000
1609059720.139718056 0.000000000 0.000000000
1609059720.163676023 0.000000000 0.000000000
1609059720.164559126 0.000000000 0.000000000
1609059720.188716888 0.000000000 0.000000000
1609059720.189470768 0.000000000 0.000000000
1609059720.213721514 0.000000000 0.000000000
1609059720.214492559 0.000000000 0.000000000
1609059720.263709784 0.000000000 0.000000000
1609059720.288754940 0.000000000 0.000000000
1609059720.288933992 0.000000000 0.000000000
1609059720.313752651 0.000000000 0.000000000
1609059720.314767361 0.000000000 0.000000000
1609059720.338696480 0.000000000 0.000000000
1609059720.339519978 0.000000000 0.000000000
1609059720.363704205 0.000000000 0.000000000
1609059720.364706039 0.000000000 0.000000000
1609059720.388692856 0.000000000 0.000000000
1609059720.389402628 0.000000000 0.000000000
1609059720.438700676 0.000000000 0.000000000
1609059720.463764668 0.000000000 0.000000000
1609059720.464449644 0.000000000 0.000000000
1609059720.488519669 0.000000000 0.000000000
1609059720.489394665 0.000000000 0.000000000
1609059720.513682365 0.000000000 0.000000000
1609059720.514509439 0.000000000 0.000000000
1609059720.538483143 0.000000000 0.000000000
1609059720.539472342 0.000000000 0.000000000
1609059720.563706636 0.000000000 0.000000000
1609059720.564434052 0.000000000 0.000000000
1609059720.613688231 0.000000000 0.000000000
1609059720.638799429 0.000000000 0.000000000
1609059720.639413595 0.000000000 0.000000000
1609059720.663474083 0.000000000 0.000000000
1609059720.664389133 0.000000000 0.000000000
1609059720.688705444 0.000000000 0.000000000
1609059720.689481735 0.000000000 0.000000000
1609059720.713508129 0.000000000 0.000000000
1609059720.714406729 0.000000000 0.000000000
1609059720.738699436 0.000000000 0.000000000
1609059720.739427805 0.000000000 0.000000000
1609059720.788637877 0.000000000 0.000000000
1609059720.788970232 0.000000000 0.000000000
1609059720.813761234 0.000000000 0.000000000
1609059720.814184904 0.000000000 0.000000000
1609059720.838749409 0.000000000 0.000000000
1609059720.839430809 0.000000000 0.000000000
1609059720.863714457 0.000000000 0.000000000
1609059720.864385128 0.000000000 0.000000000
1609059720.888653278 0.000000000 0.000000000
1609059720.889527559 0.000000000 0.000000000
1609059720.913737297 0.000000000 0.000000000
1609059720.914449692 0.000000000 0.000000000
1609059720.963675976 0.000000000 0.000000000
1609059720.988734722 0.000000000 0.000000000
1609059720.989148855 0.000000000 0.000000000
1609059721.013507366 0.000000000 0.000000000
1609059721.014408827 0.000000000 0.000000000
1609059721.038710594 0.000000000 0.000000000
1609059721.039538383 0.000000000 0.000000000
1609059721.063473701 0.000000000 0.000000000
1609059721.065662622 0.000000000 0.000000000
1609059721.088663578 0.000000000 0.000000000
1609059721.089425087 0.000000000 0.000000000
1609059721.138665676 0.000000000 0.000000000
1609059721.163770437 0.000000000 0.000000000
1609059721.164467812 0.000000000 0.000000000
1609059721.188453913 0.000000000 0.000000000
1609059721.189371824 0.000000000 0.000000000
1609059721.213687658 0.000000000 0.000000000
1609059721.214505434 0.000000000 0.000000000
1609059721.238460302 0.000000000 0.000000000
1609059721.239449978 0.000000000 0.000000000
1609059721.263680935 0.000000000 0.000000000
1609059721.264429331 0.000000000 0.000000000
1609059721.313668966 0.000000000 0.000000000
1609059721.313893318 0.000000000 0.000000000
1609059721.338752747 0.000000000 0.000000000
1609059721.338977337 0.000000000 0.000000000
1609059721.363472462 0.000000000 0.000000000
1609059721.364435434 0.000000000 0.000000000
1609059721.388741493 0.000000000 0.000000000
1609059721.389431238 0.000000000 0.000000000
1609059721.413536072 0.000000000 0.000000000
1609059721.414477348 0.000000000 0.000000000
1609059721.438503742 0.000000000 0.000000000
1609059721.439424276 0.000000000 0.000000000
1609059721.488674402 0.000000000 0.000000000
1609059721.488963604 0.000000000 0.000000000
1609059721.513777971 0.000000000 0.000000000
1609059721.514011860 0.000000000 0.000000000
1609059721.538482189 0.000000000 0.000000000
1609059721.539401054 0.000000000 0.000000000
1609059721.563691139 0.000000000 0.000000000
1609059721.564502001 0.000000000 0.000000000
1609059721.588763952 0.000000000 0.000000000
1609059721.589513779 0.000000000 0.000000000
1609059721.613469601 0.000000000 0.000000000
1609059721.614405394 0.000000000 0.000000000
1609059721.663753033 0.000000000 0.000000000
1609059721.688745499 0.000000000 0.000000000
1609059721.689063311 0.000000000 0.000000000
1609059721.713428736 0.000000000 0.000000000
1609059721.714369059 0.000000000 0.000000000
1609059721.738691330 0.000000000 0.000000000
1609059721.739461899 0.000000000 0.000000000
1609059721.763765335 0.000000000 0.000000000
1609059721.764584303 0.000000000 0.000000000
1609059721.788465023 0.000000000 0.000000000
1609059721.789381027 0.000000000 0.000000000
1609059721.838657379 0.000000000 0.000000000
1609059721.863737822 0.000000000 0.000000000
1609059721.864439726 0.000000000 0.000000000
1609059721.888725281 0.000000000 0.000000000
1609059721.889412880 0.000000000 0.000000000
1609059721.913682222 0.000000000 0.000000000
1609059721.914430380 0.000000000 0.000000000
1609059721.938751698 0.000000000 0.000000000
1609059721.939477205 0.000000000 0.000000000
1609059721.963453054 0.000000000 0.000000000
1609059721.964413166 0.000000000 0.000000000
1609059722.013633490 0.000000000 0.000000000
1609059722.038667917 0.000000000 0.000000000
1609059722.038896799 0.000000000 0.000000000
1609059722.063417912 0.000000000 0.000000000
1609059722.064362526 0.000000000 0.000000000
1609059722.088671923 0.000000000 0.000000000
1609059722.089451790 0.000000000 0.000000000
1609059722.113713980 0.000000000 0.000000000
1609059722.114445210 0.000000000 0.000000000
1609059722.138466120 0.000000000 0.000000000
1609059722.139379740 0.000000000 0.000000000
1609059722.188650608 0.000000000 0.000000000
1609059722.213731050 0.000000000 0.000000000
1609059722.213932037 0.000000000 0.000000000
1609059722.238470554 0.000000000 0.000000000
1609059722.239388227 0.000000000 0.000000000
1609059722.263659954 0.000000000 0.000000000
1609059722.264394522 0.000000000 0.000000000
1609059722.288704872 0.000000000 0.000000000
1609059722.289423943 0.000000000 0.000000000
1609059722.313664675 0.000000000 0.000000000
1609059722.314457655 0.000000000 0.000000000
1609059722.363704681 0.000000000 0.000000000
1609059722.388660908 0.000000000 0.000000000
1609059722.389446735 0.000000000 0.000000000
1609059722.413475037 0.000000000 0.000000000
1609059722.414345741 0.000000000 0.000000000
1609059722.438699961 0.000000000 0.000000000
1609059722.439519882 0.000000000 0.000000000
1609059722.463453054 0.000000000 0.000000000
1609059722.464472294 0.000000000 0.000000000
1609059722.488464832 0.000000000 0.000000000
1609059722.489469290 0.000000000 0.000000000
1609059722.538637638 0.000000000 0.000000000
1609059722.563781261 0.000000000 0.000000000
1609059722.564019203 0.000000000 0.000000000
1609059722.588439941 0.000000000 0.000000000
1609059722.589355707 0.000000000 0.000000000
1609059722.613661766 0.000000000 0.000000000
1609059722.614451885 0.000000000 0.000000000
1609059722.638747215 0.000000000 0.000000000
1609059722.639471769 0.000000000 0.000000000
1609059722.663446665 0.000000000 0.000000000
1609059722.664374352 0.000000000 0.000000000
1609059722.713639259 0.000000000 0.000000000
1609059722.738416195 0.000000000 0.000000000
1609059722.738927603 0.000000000 0.000000000
1609059722.763449907 0.000000000 0.000000000
1609059722.764410257 0.000000000 0.000000000
1609059722.788671970 0.000000000 0.000000000
1609059722.789388180 0.000000000 0.000000000
1609059722.813695908 0.000000000 0.000000000
1609059722.814456224 0.000000000 0.000000000
1609059722.838642597 0.000000000 0.000000000
1609059722.839383602 0.000000000 0.000000000
1609059722.888611555 0.000000000 0.000000000
1609059722.913417339 0.000000000 0.000000000
1609059722.913918495 0.000000000 0.000000000
1609059722.938651562 0.000000000 0.000000000
1609059722.939375639 0.000000000 0.000000000
1609059722.963637829 0.000000000 0.000000000
1609059722.964457273 0.000000000 0.000000000
1609059722.988745213 0.000000000 0.000000000
1609059722.989437580 0.000000000 0.000000000
1609059723.013437986 0.000000000 0.000000000
1609059723.014336348 0.000000000 0.000000000
1609059723.063630342 0.000000000 0.000000000
1609059723.088724852 0.000000000 0.000000000
1609059723.088966131 0.000000000 0.000000000
1609059723.113631487 0.000000000 0.000000000
1609059723.114462852 0.000000000 0.000000000
1609059723.138600826 0.000000000 0.000000000
1609059723.139493704 0.000000000 0.000000000
1609059723.163455248 0.000000000 0.000000000
1609059723.164490223 0.000000000 0.000000000
1609059723.188514233 0.000000000 0.000000000
1609059723.189432383 0.000000000 0.000000000
1609059723.238694906 0.000000000 0.000000000
1609059723.263232470 0.000000000 0.000000000
1609059723.264453173 0.000000000 0.000000000
1609059723.288678646 0.000000000 0.000000000
1609059723.313641310 0.000000000 0.000000000
1609059723.314386129 0.000000000 0.000000000
1609059723.338474274 0.000000000 0.000000000
1609059723.339470387 0.000000000 0.000000000
1609059723.363613605 0.000000000 0.000000000
1609059723.364429235 0.000000000 0.000000000
1609059723.413689375 0.000000000 0.000000000
1609059723.438622952 0.000000000 0.000000000
1609059723.439442396 0.000000000 0.000000000
1609059723.463688135 0.000000000 0.000000000
1609059723.464364290 0.000000000 0.000000000
1609059723.488631487 0.000000000 0.000000000
1609059723.489417791 0.000000000 0.000000000
1609059723.513657570 0.000000000 0.000000000
1609059723.514458895 0.000000000 0.000000000
1609059723.538464308 0.000000000 0.000000000
1609059723.539412737 0.000000000 0.000000000
1609059723.588645458 0.000000000 0.000000000
1609059723.613209724 0.000000000 0.000000000
1609059723.614430428 0.000000000 0.000000000
1609059723.638632298 0.000000000 0.000000000
1609059723.639402628 0.000000000 0.000000000
1609059723.663616657 0.000000000 0.000000000
1609059723.664358854 0.000000000 0.000000000
1609059723.688709497 0.000000000 0.000000000
1609059723.689418077 0.000000000 0.000000000
1609059723.713634729 0.000000000 0.000000000
1609059723.714370012 0.000000000 0.000000000
1609059723.763621569 0.000000000 0.000000000
1609059723.788171291 0.000000000 0.000000000
1609059723.789360523 0.000000000 0.000000000
1609059723.813566923 0.000000000 0.000000000
1609059723.814328432 0.000000000 0.000000000
1609059723.838617325 0.000000000 0.000000000
1609059723.839464188 0.000000000 0.000000000
1609059723.863697529 0.000000000 0.000000000
1609059723.864409447 0.000000000 0.000000000
1609059723.888631344 0.000000000 0.000000000
1609059723.889329672 0.000000000 0.000000000
1609059723.938639402 0.000000000 0.000000000
1609059723.963586092 0.000000000 0.000000000
1609059723.964344978 0.000000000 0.000000000
1609059723.988385916 0.000000000 0.000000000
1609059723.989402771 0.000000000 0.000000000
1609059724.013679266 0.000000000 0.000000000
1609059724.014410973 0.000000000 0.000000000
1609059724.038676500 0.000000000 0.000000000
1609059724.039399862 0.000000000 0.000000000
1609059724.063447952 0.000000000 0.000000000
1609059724.064391851 0.000000000 0.000000000
1609059724.113642931 0.000000000 0.000000000
1609059724.138433218 0.000000000 0.000000000
1609059724.139392376 0.000000000 0.000000000
1609059724.163385391 0.000000000 0.000000000
1609059724.164426565 0.000000000 0.000000000
1609059724.188608646 0.000000000 0.000000000
1609059724.189394712 0.000000000 0.000000000
1609059724.213418484 0.000000000 0.000000000
1609059724.214402199 0.000000000 0.000000000
1609059724.238678694 0.000000000 0.000000000
1609059724.239365101 0.000000000 0.000000000
1609059724.288706779 0.000000000 0.000000000
1609059724.313638687 0.000000000 0.000000000
1609059724.314357519 0.000000000 0.000000000
1609059724.338639021 0.000000000 0.000000000
1609059724.339362383 0.000000000 0.000000000
1609059724.363626003 0.000000000 0.000000000
1609059724.364489555 0.000000000 0.000000000
1609059724.388663292 0.000000000 0.000000000
1609059724.389413118 0.000000000 0.000000000
1609059724.413633585 0.000000000 0.000000000
1609059724.414363861 0.000000000 0.000000000
1609059724.463679314 0.000000000 0.000000000
1609059724.488430262 0.000000000 0.000000000
1609059724.489384890 0.000000000 0.000000000
1609059724.513599873 0.000000000 0.000000000
1609059724.514391422 0.000000000 0.000000000
1609059724.538670778 0.000000000 0.000000000
1609059724.539538145 0.000000000 0.000000000
1609059724.563713074 0.000000000 0.000000000
1609059724.564389944 0.000000000 0.000000000
1609059724.588616610 0.000000000 0.000000000
1609059724.589334488 0.000000000 0.000000000
1609059724.638571501 0.000000000 0.000000000
1609059724.663140059 0.000000000 0.000000000
1609059724.664120197 0.000000000 0.000000000
1609059724.689353943 0.000000000 0.000000000
1609059724.713575363 0.000000000 0.000000000
1609059724.714384079 0.000000000 0.000000000
1609059724.738407135 0.000000000 0.000000000
1609059724.739391565 0.000000000 0.000000000
1609059724.763720512 0.000000000 0.000000000
1609059724.764584541 0.000000000 0.000000000
1609059724.813600779 0.000000000 0.000000000
1609059724.838601828 0.000000000 0.000000000
1609059724.838846207 0.000000000 0.000000000
1609059724.863577127 0.000000000 0.000000000
1609059724.864310980 0.000000000 0.000000000
1609059724.888643503 0.000000000 0.000000000
1609059724.889402628 0.000000000 0.000000000
1609059724.913803339 0.000000000 0.000000000
1609059724.914426088 0.000000000 0.000000000
1609059724.938417673 0.000000000 0.000000000
1609059724.939322948 0.000000000 0.000000000
1609059724.988596439 0.000000000 0.000000000
1609059725.013714552 0.000000000 0.000000000
1609059725.013909340 0.000000000 0.000000000
1609059725.063573599 0.000000000 0.000000000
1609059725.064375401 0.000000000 0.000000000
1609059725.088577032 0.000000000 0.000000000
1609059725.089378357 0.000000000 0.000000000
1609059725.113422632 0.000000000 0.000000000
1609059725.114380598 0.000000000 0.000000000
1609059725.163690805 0.000000000 0.000000000
1609059725.188395262 0.000000000 0.000000000
1609059725.188845158 0.000000000 0.000000000
1609059725.213565588 0.000000000 0.000000000
1609059725.214311361 0.000000000 0.000000000
1609059725.238603354 0.000000000 0.000000000
1609059725.239438057 0.000000000 0.000000000
1609059725.263436556 0.000000000 0.000000000
1609059725.264430761 0.000000000 0.000000000
1609059725.288388968 0.000000000 0.000000000
1609059725.289323330 0.000000000 0.000000000
1609059725.338654518 0.000000000 0.000000000
1609059725.363601446 0.000000000 0.000000000
1609059725.363870621 0.000000000 0.000000000
1609059725.388587236 0.000000000 0.000000000
1609059725.389293671 0.000000000 0.000000000
1609059725.413572311 0.000000000 0.000000000
1609059725.414378881 0.000000000 0.000000000
1609059725.438625097 0.000000000 0.000000000
1609059725.439431906 0.000000000 0.000000000
1609059725.463439941 0.000000000 0.000000000
1609059725.464315891 0.000000000 0.000000000
1609059725.513572216 0.000000000 0.000000000
1609059725.538413048 0.000000000 0.000000000
1609059725.538831949 0.000000000 0.000000000
1609059725.588600636 0.000000000 0.000000000
1609059725.589328766 0.000000000 0.000000000
1609059725.613357782 0.000000000 0.000000000
1609059725.614300013 0.000000000 0.000000000
1609059725.639037132 0.000000000 0.000000000
1609059725.639309406 0.000000000 0.000000000
1609059725.688527822 0.000000000 0.000000000
1609059725.713604450 0.000000000 0.000000000
1609059725.713869333 0.000000000 0.000000000
1609059725.738613605 0.000000000 0.000000000
1609059725.739334106 0.000000000 0.000000000
1609059725.763617992 0.000000000 0.000000000
1609059725.764463186 0.000000000 0.000000000
1609059725.788373232 0.000000000 0.000000000
1609059725.789401054 0.000000000 0.000000000
1609059725.813374043 0.000000000 0.000000000
1609059725.814302921 0.000000000 0.000000000
1609059725.863556623 0.000000000 0.000000000
1609059725.888342857 0.000000000 0.000000000
1609059725.888829947 0.000000000 0.000000000
1609059725.913546085 0.000000000 0.000000000
1609059725.914276838 0.000000000 0.000000000
1609059725.938621759 0.000000000 0.000000000
1609059725.939292669 0.000000000 0.000000000
1609059725.963600159 0.000000000 0.000000000
1609059725.964570522 0.000000000 0.000000000
1609059725.988433123 0.000000000 0.000000000
1609059725.989304066 0.000000000 0.000000000
1609059726.038547516 0.000000000 0.000000000
1609059726.063343048 0.000000000 0.000000000
1609059726.063834190 0.000000000 0.000000000
1609059726.089327574 0.000000000 0.000000000
1609059726.113564253 0.000000000 0.000000000
1609059726.114385366 0.000000000 0.000000000
1609059726.138569832 0.000000000 0.000000000
1609059726.139328241 0.000000000 0.000000000
1609059726.163376093 0.000000000 0.000000000
1609059726.164332151 0.000000000 0.000000000
1609059726.213531256 0.000000000 0.000000000
1609059726.238410711 0.000000000 0.000000000
1609059726.238854170 0.000000000 0.000000000
1609059726.263368607 0.000000000 0.000000000
1609059726.264475822 0.000000000 0.000000000
1609059726.288551331 0.000000000 0.000000000
1609059726.289373398 0.000000000 0.000000000
1609059726.313368320 0.000000000 0.000000000
1609059726.314332247 0.000000000 0.000000000
1609059726.338674307 0.000000000 0.000000000
1609059726.339332581 0.000000000 0.000000000
1609059726.388579369 0.000000000 0.000000000
1609059726.388885736 0.000000000 0.000000000
1609059726.413582563 0.000000000 0.000000000
1609059726.413836241 0.000000000 0.000000000
1609059726.438540459 0.000000000 0.000000000
1609059726.439322948 0.000000000 0.000000000
1609059726.463584661 0.000000000 0.000000000
1609059726.464345217 0.000000000 0.000000000
1609059726.488582611 0.000000000 0.000000000
1609059726.489284992 0.000000000 0.000000000
1609059726.513663292 0.000000000 0.000000000
1609059726.514365673 0.000000000 0.000000000
1609059726.563570499 0.000000000 0.000000000
1609059726.588643312 0.000000000 0.000000000
1609059726.588860035 0.000000000 0.000000000
1609059726.613412619 0.000000000 0.000000000
1609059726.614417076 0.000000000 0.000000000
1609059726.638611555 0.000000000 0.000000000
1609059726.639365196 0.000000000 0.000000000
1609059726.663370371 0.000000000 0.000000000
1609059726.664384604 0.000000000 0.000000000
1609059726.688323975 0.000000000 0.000000000
1609059726.689312458 0.000000000 0.000000000
1609059726.738523722 0.000000000 0.000000000
1609059726.763592482 0.000000000 0.000000000
1609059726.763929844 0.000000000 0.000000000
1609059726.788368702 0.000000000 0.000000000
1609059726.789370298 0.000000000 0.000000000
1609059726.813574553 0.000000000 0.000000000
1609059726.814389467 0.000000000 0.000000000
1609059726.838543415 0.000000000 0.000000000
1609059726.839279890 0.000000000 0.000000000
1609059726.863585711 0.000000000 0.000000000
1609059726.864261627 0.000000000 0.000000000
1609059726.913572073 0.000000000 0.000000000
1609059726.938801527 0.000000000 0.000000000
1609059726.963633299 0.000000000 0.000000000
1609059726.964313269 0.000000000 0.000000000
1609059726.988550663 0.000000000 0.000000000
1609059726.989384174 0.000000000 0.000000000
1609059727.013336658 0.000000000 0.000000000
1609059727.014351130 0.000000000 0.000000000
1609059727.038639307 0.000000000 0.000000000
1609059727.039314270 0.000000000 0.000000000
1609059727.088500738 0.000000000 0.000000000
1609059727.113566637 0.000000000 0.000000000
1609059727.113818645 0.000000000 0.000000000
1609059727.138608217 0.000000000 0.000000000
1609059727.163551807 0.000000000 0.000000000
1609059727.164386511 0.000000000 0.000000000
1609059727.188569546 0.000000000 0.000000000
1609059727.189352989 0.000000000 0.000000000
1609059727.213664532 0.000000000 0.000000000
1609059727.214342356 0.000000000 0.000000000
1609059727.263559818 0.000000000 0.000000000
1609059727.288568497 0.000000000 0.000000000
1609059727.288851023 0.000000000 0.000000000
1609059727.313656807 0.000000000 0.000000000
1609059727.314366102 0.000000000 0.000000000
1609059727.338539600 0.000000000 0.000000000
1609059727.339348793 0.000000000 0.000000000
1609059727.363586664 0.000000000 0.000000000
1609059727.365378857 0.000000000 0.000000000
1609059727.388384819 0.000000000 0.000000000
1609059727.389297009 0.000000000 0.000000000
1609059727.438575029 0.000000000 0.000000000
1609059727.463388443 0.000000000 0.000000000
1609059727.463843822 0.000000000 0.000000000
1609059727.488065720 0.000000000 0.000000000
1609059727.489362001 0.000000000 0.000000000
1609059727.513556957 0.000000000 0.000000000
1609059727.514437914 0.000000000 0.000000000
1609059727.538560152 0.000000000 0.000000000
1609059727.539348364 0.000000000 0.000000000
1609059727.563675404 0.000000000 0.000000000
1609059727.564317226 0.000000000 0.000000000
1609059727.638536453 0.000000000 0.000000000
1609059727.638791800 0.000000000 0.000000000
1609059727.665537357 0.000000000 0.000000000
1609059727.665775061 0.000000000 0.000000000
1609059727.688525438 0.000000000 0.000000000
1609059727.689357758 0.000000000 0.000000000
1609059727.713543892 0.000000000 0.000000000
1609059727.714310884 0.000000000 0.000000000
1609059727.738694429 0.000000000 0.000000000
1609059727.739264727 0.000000000 0.000000000
1609059727.788568497 0.000000000 0.000000000
1609059727.813553095 0.000000000 0.000000000
1609059727.814338684 0.000000000 0.000000000
1609059727.838591576 0.000000000 0.000000000
1609059727.839673996 0.000000000 0.000000000
1609059727.863591909 0.000000000 0.000000000
1609059727.864354610 0.000000000 0.000000000
1609059727.888360023 0.000000000 0.000000000
1609059727.889307022 0.000000000 0.000000000
1609059727.913602114 0.000000000 0.000000000
1609059727.914276600 0.000000000 0.000000000
1609059727.963592052 0.000000000 0.000000000
1609059727.988568544 0.000000000 0.000000000
1609059727.989379406 0.000000000 0.000000000
1609059728.013324022 0.000000000 0.000000000
1609059728.014340162 0.000000000 0.000000000
1609059728.038597107 0.000000000 0.000000000
1609059728.039373398 0.000000000 0.000000000
1609059728.063325644 0.000000000 0.000000000
1609059728.064306021 0.000000000 0.000000000
1609059728.088598013 0.000000000 0.000000000
1609059728.089253902 0.000000000 0.000000000
1609059728.138618946 0.000000000 0.000000000
1609059728.163614035 0.000000000 0.000000000
1609059728.164415359 0.000000000 0.000000000
1609059728.188593388 0.000000000 0.000000000
1609059728.189276218 0.000000000 0.000000000
1609059728.213559866 0.000000000 0.000000000
1609059728.214386702 0.000000000 0.000000000
1609059728.238573313 0.000000000 0.000000000
1609059728.239274502 0.000000000 0.000000000
1609059728.263608932 0.000000000 0.000000000
1609059728.264350653 0.000000000 0.000000000
1609059728.313555002 0.000000000 0.000000000
1609059728.338361740 0.000000000 0.000000000
1609059728.338829041 0.000000000 0.000000000
1609059728.363057375 0.000000000 0.000000000
1609059728.364322424 0.000000000 0.000000000
1609059728.388598680 0.000000000 0.000000000
1609059728.389355421 0.000000000 0.000000000
1609059728.413543463 0.000000000 0.000000000
1609059728.414468050 0.000000000 0.000000000
1609059728.438642502 0.000000000 0.000000000
1609059728.439243793 0.000000000 0.000000000
1609059728.488563299 0.000000000 0.000000000
1609059728.513575077 0.000000000 0.000000000
1609059728.513803244 0.000000000 0.000000000
1609059728.538608313 0.000000000 0.000000000
1609059728.563611984 0.000000000 0.000000000
1609059728.588582516 0.000000000 0.000000000
1609059728.613608360 0.000000000 0.000000000
1609059728.589307785 0.000000000 0.000000000
1609059728.614220619 0.000000000 0.000000000
1609059728.663544893 0.000000000 0.000000000
1609059728.688574791 0.000000000 0.000000000
1609059728.689291477 0.000000000 0.000000000
1609059728.713051796 0.000000000 0.000000000
1609059728.714313984 0.000000000 0.000000000
1609059728.738543272 0.000000000 0.000000000
1609059728.739315510 0.000000000 0.000000000
1609059728.763343096 0.000000000 0.000000000
1609059728.764332771 0.000000000 0.000000000
1609059728.788371801 0.000000000 0.000000000
1609059728.789266109 0.000000000 0.000000000
1609059728.838520050 0.000000000 0.000000000
1609059728.863568306 0.000000000 0.000000000
1609059728.864636183 0.000000000 0.000000000
1609059728.888607025 0.000000000 0.000000000
1609059728.889276743 0.000000000 0.000000000
1609059728.913548470 0.000000000 0.000000000
1609059728.914298534 0.000000000 0.000000000
1609059728.938560247 0.000000000 0.000000000
1609059728.939312696 0.000000000 0.000000000
1609059728.963653326 0.000000000 0.000000000
1609059728.964356184 0.000000000 0.000000000
1609059729.013510942 0.000000000 0.000000000
1609059729.038555384 0.000000000 0.000000000
1609059729.039075613 0.000000000 0.000000000
1609059729.063613415 0.000000000 0.000000000
1609059729.064285755 0.000000000 0.000000000
1609059729.088522911 0.000000000 0.000000000
1609059729.089327335 0.000000000 0.000000000
1609059729.113611698 0.000000000 0.000000000
1609059729.114707708 0.000000000 0.000000000
1609059729.138652086 0.000000000 0.000000000
1609059729.139223337 0.000000000 0.000000000
1609059729.188547850 0.000000000 0.000000000
1609059729.213620424 0.000000000 0.000000000
1609059729.214309931 0.000000000 0.000000000
1609059729.238043070 0.000000000 0.000000000
1609059729.239264965 0.000000000 0.000000000
1609059729.263557911 0.000000000 0.000000000
1609059729.264399529 0.000000000 0.000000000
1609059729.288582802 0.000000000 0.000000000
1609059729.289335251 0.000000000 0.000000000
1609059729.313627243 0.000000000 0.000000000
1609059729.314282417 0.000000000 0.000000000
1609059729.363568544 0.000000000 0.000000000
1609059729.388345480 0.000000000 0.000000000
1609059729.389383793 0.000000000 0.000000000
1609059729.413598061 0.000000000 0.000000000
1609059729.414257050 0.000000000 0.000000000
1609059729.438602448 0.000000000 0.000000000
1609059729.439339638 0.000000000 0.000000000
1609059729.463569641 0.000000000 0.000000000
1609059729.464284420 0.000000000 0.000000000
1609059729.488592148 0.000000000 0.000000000
1609059729.489237785 0.000000000 0.000000000
1609059729.538567543 0.000000000 0.000000000
1609059729.563354254 0.000000000 0.000000000
1609059729.564346790 0.000000000 0.000000000
1609059729.588611603 0.000000000 0.000000000
1609059729.589287758 0.000000000 0.000000000
1609059729.613572598 0.000000000 0.000000000
1609059729.614045620 0.000000000 0.000000000
1609059729.638528585 0.000000000 0.000000000
1609059729.639317513 0.000000000 0.000000000
1609059729.663610697 0.000000000 0.000000000
1609059729.664257765 0.000000000 0.000000000
1609059729.713480949 0.000000000 0.000000000
1609059729.738394260 0.000000000 0.000000000
1609059729.739416838 0.000000000 0.000000000
1609059729.763607740 0.000000000 0.000000000
1609059729.764376163 0.000000000 0.000000000
1609059729.788537502 0.000000000 0.000000000
1609059729.789122343 0.000000000 0.000000000
1609059729.813549757 0.000000000 0.000000000
1609059729.814399242 0.000000000 0.000000000
1609059729.838336706 0.000000000 0.000000000
1609059729.839233160 0.000000000 0.000000000
1609059729.888518572 0.000000000 0.000000000
1609059729.913301945 0.000000000 0.000000000
1609059729.914291382 0.000000000 0.000000000
1609059729.938594341 0.000000000 0.000000000
1609059729.939311028 0.000000000 0.000000000
1609059729.963487625 0.000000000 0.000000000
1609059729.964370489 0.000000000 0.000000000
1609059729.988548517 0.000000000 0.000000000
1609059729.989285469 0.000000000 0.000000000
1609059730.013582945 0.000000000 0.000000000
1609059730.014328718 0.000000000 0.000000000
1609059730.063465118 0.000000000 0.000000000
1609059730.088568211 0.000000000 0.000000000
1609059730.089303017 0.000000000 0.000000000
1609059730.113683224 0.000000000 0.000000000
1609059730.114381790 0.000000000 0.000000000
1609059730.138527870 0.000000000 0.000000000
1609059730.139292955 0.000000000 0.000000000
1609059730.163551807 0.000000000 0.000000000
1609059730.164357424 0.000000000 0.000000000
1609059730.188581705 0.000000000 0.000000000
1609059730.189227819 0.000000000 0.000000000
1609059730.238503218 0.000000000 0.000000000
1609059730.263546705 0.000000000 0.000000000
1609059730.264338017 0.000000000 0.000000000
1609059730.288564920 0.000000000 0.000000000
1609059730.289317131 0.000000000 0.000000000
1609059730.313525438 0.000000000 0.000000000
1609059730.338525772 0.000000000 0.000000000
1609059730.339293957 0.000000000 0.000000000
1609059730.363595724 0.000000000 0.000000000
1609059730.364963770 0.000000000 0.000000000
1609059730.413494349 0.000000000 0.000000000
1609059730.438510418 0.000000000 0.000000000
1609059730.439296007 0.000000000 0.000000000
1609059730.463341951 0.000000000 0.000000000
1609059730.464336157 0.000000000 0.000000000
1609059730.488543749 0.000000000 0.000000000
1609059730.489319563 0.000000000 0.000000000
1609059730.513559818 0.000000000 0.000000000
1609059730.514297962 0.000000000 0.000000000
1609059730.538573503 0.000000000 0.000000000
1609059730.539236784 0.000000000 0.000000000
1609059730.588463545 0.000000000 0.000000000
1609059730.589256525 0.000000000 0.000000000
1609059730.613554001 0.000000000 0.000000000
1609059730.614294291 0.000000000 0.000000000
1609059730.638568401 0.000000000 0.000000000
1609059730.639267683 0.000000000 0.000000000
1609059730.663576126 0.000000000 0.000000000
1609059730.664375067 0.000000000 0.000000000
1609059730.688531876 0.000000000 0.000000000
1609059730.689328194 0.000000000 0.000000000
1609059730.714257717 0.000000000 0.000000000
1609059730.763497353 0.000000000 0.000000000
1609059730.788531303 0.000000000 0.000000000
1609059730.789274693 0.000000000 0.000000000
1609059730.813575029 0.000000000 0.000000000
1609059730.814322710 0.000000000 0.000000000
1609059730.838588953 0.000000000 0.000000000
1609059730.863313437 0.000000000 0.000000000
1609059730.864284992 0.000000000 0.000000000
1609059730.888310432 0.000000000 0.000000000
1609059730.889233828 0.000000000 0.000000000
1609059730.938508511 0.000000000 0.000000000
1609059730.963318825 0.000000000 0.000000000
1609059730.964371204 0.000000000 0.000000000
1609059730.988592863 0.000000000 0.000000000
1609059731.038353682 0.000000000 0.000000000
1609059731.039295435 0.000000000 0.000000000
1609059731.063284636 0.000000000 0.000000000
1609059731.064249277 0.000000000 0.000000000
1609059731.113489866 0.000000000 0.000000000
1609059731.138942719 0.000000000 0.000000000
1609059731.139451981 0.000000000 0.000000000
1609059731.163581371 0.000000000 0.000000000
1609059731.164311409 0.000000000 0.000000000
1609059731.213507891 0.000000000 0.000000000
1609059731.214306355 0.000000000 0.000000000
1609059731.238278627 0.000000000 0.000000000
1609059731.241257668 0.000000000 0.000000000
1609059731.288491249 0.000000000 0.000000000
1609059731.313315392 0.000000000 0.000000000
1609059731.314288139 0.000000000 0.000000000
1609059731.338605642 0.000000000 0.000000000
1609059731.339287043 0.000000000 0.000000000
1609059731.363508224 0.000000000 0.000000000
1609059731.388540030 0.000000000 0.000000000
1609059731.389216661 0.000000000 0.000000000
1609059731.413274765 0.000000000 0.000000000
1609059731.414264679 0.000000000 0.000000000
1609059731.463523865 0.000000000 0.000000000
1609059731.488507032 0.000000000 0.000000000
1609059731.489266634 0.000000000 0.000000000
1609059731.513611555 0.000000000 0.000000000
1609059731.514300585 0.000000000 0.000000000
1609059731.538538694 0.000000000 0.000000000
1609059731.564291716 0.000000000 0.000000000
1609059731.588482618 0.000000000 0.000000000
1609059731.589233160 0.000000000 0.000000000
1609059731.638477325 0.000000000 0.000000000
1609059731.663504601 0.000000000 0.000000000
1609059731.664190054 0.000000000 0.000000000
1609059731.688253403 0.000000000 0.000000000
1609059731.689269543 0.000000000 0.000000000
1609059731.713596582 0.000000000 0.000000000
1609059731.739237785 0.000000000 0.000000000
1609059731.763485193 0.000000000 0.000000000
1609059731.764231205 0.000000000 0.000000000
1609059731.813480377 0.000000000 0.000000000
1609059731.838525772 0.000000000 0.000000000
1609059731.839274645 0.000000000 0.000000000
1609059731.863289595 0.000000000 0.000000000
1609059731.864561558 0.000000000 0.000000000
1609059731.888506889 0.000000000 0.000000000
1609059731.889277935 0.000000000 0.000000000
1609059731.913482666 0.000000000 0.000000000
1609059731.914305925 0.000000000 0.000000000
1609059731.938509703 0.000000000 0.000000000
1609059731.939234495 0.000000000 0.000000000
1609059731.988545656 0.000000000 0.000000000
1609059732.013312578 0.000000000 0.000000000
1609059732.014252186 0.000000000 0.000000000
1609059732.038486958 0.000000000 0.000000000
1609059732.039237738 0.000000000 0.000000000
1609059732.063440561 0.000000000 0.000000000
1609059732.088479996 0.000000000 0.000000000
1609059732.089319229 0.000000000 0.000000000
1609059732.113476992 0.000000000 0.000000000
1609059732.114192724 0.000000000 0.000000000
1609059732.163465500 0.000000000 0.000000000
1609059732.188590765 0.000000000 0.000000000
1609059732.189256668 0.000000000 0.000000000
1609059732.213558435 0.000000000 0.000000000
1609059732.214205503 0.000000000 0.000000000
1609059732.238504887 0.000000000 0.000000000
1609059732.263486385 0.000000000 0.000000000
1609059732.264271259 0.000000000 0.000000000
1609059732.288541794 0.000000000 0.000000000
1609059732.289561272 0.000000000 0.000000000
1609059732.338464499 0.000000000 0.000000000
1609059732.363516808 0.000000000 0.000000000
1609059732.364297867 0.000000000 0.000000000
1609059732.388520956 0.000000000 0.000000000
1609059732.389245510 0.000000000 0.000000000
1609059732.413558722 0.000000000 0.000000000
1609059732.438522816 0.000000000 0.000000000
1609059732.439213514 0.000000000 0.000000000
1609059732.463542938 0.000000000 0.000000000
1609059732.464199781 0.000000000 0.000000000
1609059732.513485670 0.000000000 0.000000000
1609059732.514183998 0.000000000 0.000000000
1609059732.538455725 0.000000000 0.000000000
1609059732.539246798 0.000000000 0.000000000
1609059732.563543081 0.000000000 0.000000000
1609059732.564277172 0.000000000 0.000000000
1609059732.588525772 0.000000000 0.000000000
1609059732.613466978 0.000000000 0.000000000
1609059732.614357710 0.000000000 0.000000000
1609059732.638493299 0.000000000 0.000000000
1609059732.639242411 0.000000000 0.000000000
1609059732.688472986 0.000000000 0.000000000
1609059732.713464975 0.000000000 0.000000000
1609059732.714214087 0.000000000 0.000000000
1609059732.738332748 0.000000000 0.000000000
1609059732.739264011 0.000000000 0.000000000
1609059732.763499260 0.000000000 0.000000000
1609059732.764305592 0.000000000 0.000000000
1609059732.788498163 0.000000000 0.000000000
1609059732.789237738 0.000000000 0.000000000
1609059732.814160347 0.000000000 0.000000000
1609059732.863442898 0.000000000 0.000000000
1609059732.864178896 0.000000000 0.000000000
1609059732.888493776 0.000000000 0.000000000
1609059732.889433861 0.000000000 0.000000000
1609059732.913304329 0.000000000 0.000000000
1609059732.914229870 0.000000000 0.000000000
1609059732.938538074 0.000000000 0.000000000
1609059732.963551521 0.000000000 0.000000000
1609059732.964197636 0.000000000 0.000000000
1609059732.988455296 0.000000000 0.000000000
1609059732.989144564 0.000000000 0.000000000
1609059733.038461924 0.000000000 0.000000000
1609059733.063505650 0.000000000 0.000000000
1609059733.064179182 0.000000000 0.000000000
1609059733.088568687 0.000000000 0.000000000
1609059733.089157820 0.000000000 0.000000000
1609059733.113513470 0.000000000 0.000000000
1609059733.138497829 0.000000000 0.000000000
1609059733.139218569 0.000000000 0.000000000
1609059733.163457155 0.000000000 0.000000000
1609059733.164217949 0.000000000 0.000000000
1609059733.213437319 0.000000000 0.000000000
1609059733.238296270 0.000000000 0.000000000
1609059733.239179134 0.000000000 0.000000000
1609059733.263523817 0.000000000 0.000000000
1609059733.264240265 0.000000000 0.000000000
1609059733.288502216 0.000000000 0.000000000
1609059733.288974285 0.000000000 0.000000000
1609059733.313479662 0.000000000 0.000000000
1609059733.314217567 0.000000000 0.000000000
1609059733.338470459 0.000000000 0.000000000
1609059733.339184999 0.000000000 0.000000000
1609059733.388413906 0.000000000 0.000000000
1609059733.413278818 0.000000000 0.000000000
1609059733.414221048 0.000000000 0.000000000
1609059733.438571930 0.000000000 0.000000000
1609059733.439196587 0.000000000 0.000000000
1609059733.463540792 0.000000000 0.000000000
1609059733.463960409 0.000000000 0.000000000
1609059733.488488197 0.000000000 0.000000000
1609059733.513466120 0.000000000 0.000000000
1609059733.514164209 0.000000000 0.000000000
1609059733.563424587 0.000000000 0.000000000
1609059733.588446379 0.000000000 0.000000000
1609059733.589193106 0.000000000 0.000000000
1609059733.613539934 0.000000000 0.000000000
1609059733.614175320 0.000000000 0.000000000
1609059733.638484001 0.000000000 0.000000000
1609059733.639165163 0.000000000 0.000000000
1609059733.663450003 0.000000000 0.000000000
1609059733.688446522 0.000000000 0.000000000
1609059733.689154625 0.000000000 0.000000000
1609059733.738461494 0.000000000 0.000000000
1609059733.763478994 0.000000000 0.000000000
1609059733.764305592 0.000000000 0.000000000
1609059733.788519144 0.000000000 0.000000000
1609059733.789183855 0.000000000 0.000000000
1609059733.813458681 0.000000000 0.000000000
1609059733.838486195 0.000000000 0.000000000
1609059733.863449574 0.000000000 0.000000000
1609059733.864135265 0.000000000 0.000000000
1609059733.913382292 0.000000000 0.000000000
1609059733.938478470 0.000000000 0.000000000
1609059733.939282656 0.000000000 0.000000000
1609059733.963579178 0.000000000 0.000000000
1609059733.964209557 0.000000000 0.000000000
1609059733.988435268 0.000000000 0.000000000
1609059734.013430834 0.000000000 0.000000000
1609059734.038444519 0.000000000 0.000000000
1609059734.039117098 0.000000000 0.000000000
1609059734.088398933 0.000000000 0.000000000
1609059734.113543987 0.000000000 0.000000000
1609059734.114204884 0.000000000 0.000000000
1609059734.138277769 0.000000000 0.000000000
1609059734.139179945 0.000000000 0.000000000
1609059734.163559198 0.000000000 0.000000000
1609059734.188466311 0.000000000 0.000000000
1609059734.214164019 0.000000000 0.000000000
1609059734.263412952 0.000000000 0.000000000
1609059734.288476229 0.000000000 0.000000000
1609059734.289218426 0.000000000 0.000000000
1609059734.313528538 0.000000000 0.000000000
1609059734.314181328 0.000000000 0.000000000
1609059734.338524818 0.000000000 0.000000000
1609059734.363493919 0.000000000 0.000000000
1609059734.364650726 0.000000000 0.000000000
1609059734.388475657 0.000000000 0.000000000
1609059734.389149427 0.000000000 0.000000000
1609059734.438464642 0.000000000 0.000000000
1609059734.463528395 0.000000000 0.000000000
1609059734.464195251 0.000000000 0.000000000
1609059734.488471985 0.000000000 0.000000000
1609059734.489148617 0.000000000 0.000000000
1609059734.513465166 0.000000000 0.000000000
1609059734.538538218 0.000000000 0.000000000
1609059734.541536570 0.000000000 0.000000000
1609059734.564168930 0.000000000 0.000000000
1609059734.613439560 0.000000000 0.000000000
1609059734.638266802 0.000000000 0.000000000
1609059734.639208078 0.000000000 0.000000000
1609059734.663568974 0.000000000 0.000000000
1609059734.664165974 0.000000000 0.000000000
1609059734.688468695 0.000000000 0.000000000
1609059734.689136982 0.000000000 0.000000000
1609059734.713445902 0.000000000 0.000000000
1609059734.739170551 0.000000000 0.000000000
1609059734.788441658 0.000000000 0.000000000
1609059734.788687944 0.000000000 0.000000000
1609059734.813222170 0.000000000 0.000000000
1609059734.814244747 0.000000000 0.000000000
1609059734.838425398 0.000000000 0.000000000
1609059734.839148045 0.000000000 0.000000000
1609059734.863455772 0.000000000 0.000000000
1609059734.864111185 0.000000000 0.000000000
1609059734.888409376 0.000000000 0.000000000
1609059734.914124489 0.000000000 0.000000000
1609059734.963402271 0.000000000 0.000000000
1609059734.988450527 0.000000000 0.000000000
1609059734.989218950 0.000000000 0.000000000
1609059735.013505459 0.000000000 0.000000000
1609059735.014429808 0.000000000 0.000000000
1609059735.038435936 0.000000000 0.000000000
1609059735.039148569 0.000000000 0.000000000
1609059735.063458920 0.000000000 0.000000000
1609059735.064227581 0.000000000 0.000000000
1609059735.089142084 0.000000000 0.000000000
1609059735.138415575 0.000000000 0.000000000
1609059735.139122009 0.000000000 0.000000000
1609059735.163483381 0.000000000 0.000000000
1609059735.164284468 0.000000000 0.000000000
1609059735.188208818 0.000000000 0.000000000
1609059735.189094782 0.000000000 0.000000000
1609059735.213411570 0.000000000 0.000000000
1609059735.238396883 0.000000000 0.000000000
1609059735.238897085 0.000000000 0.000000000
1609059735.263422728 0.000000000 0.000000000
1609059735.264178514 0.000000000 0.000000000
1609059735.313486338 0.000000000 0.000000000
1609059735.338198662 0.000000000 0.000000000
1609059735.339175224 0.000000000 0.000000000
1609059735.363501310 0.000000000 0.000000000
1609059735.364187002 0.000000000 0.000000000
1609059735.388412714 0.000000000 0.000000000
1609059735.389145851 0.000000000 0.000000000
1609059735.413427353 0.000000000 0.000000000
1609059735.438412905 0.000000000 0.000000000
1609059735.439134359 0.000000000 0.000000000
1609059735.488392830 0.000000000 0.000000000
1609059735.513467550 0.000000000 0.000000000
1609059735.514202595 0.000000000 0.000000000
1609059735.539141417 0.000000000 0.000000000
1609059735.539347410 0.000000000 0.000000000
1609059735.563407660 0.000000000 0.000000000
1609059735.564154148 0.000000000 0.000000000
1609059735.588413715 0.000000000 0.000000000
1609059735.588961601 0.000000000 0.000000000
1609059735.614116907 0.000000000 0.000000000
1609059735.663382769 0.000000000 0.000000000
1609059735.664158583 0.000000000 0.000000000
1609059735.688515663 0.000000000 0.000000000
1609059735.689213991 0.000000000 0.000000000
1609059735.713499069 0.000000000 0.000000000
1609059735.714130163 0.000000000 0.000000000
1609059735.738437653 0.000000000 0.000000000
1609059735.739242554 0.000000000 0.000000000
1609059735.763414383 0.000000000 0.000000000
1609059735.764244795 0.000000000 0.000000000
1609059735.788421631 0.000000000 0.000000000
1609059735.789120436 0.000000000 0.000000000
1609059735.838393688 0.000000000 0.000000000
1609059735.839211226 0.000000000 0.000000000
1609059735.863519669 0.000000000 0.000000000
1609059735.864400864 0.000000000 0.000000000
1609059735.888527393 0.000000000 0.000000000
1609059735.889402866 0.000000000 0.000000000
1609059735.913462877 0.000000000 0.000000000
1609059735.914133787 0.000000000 0.000000000
1609059735.938416719 0.000000000 0.000000000
1609059735.964141607 0.000000000 0.000000000
1609059736.013397455 0.000000000 0.000000000
1609059736.038230658 0.000000000 0.000000000
1609059736.039189577 0.000000000 0.000000000
1609059736.063178301 0.000000000 0.000000000
1609059736.064144373 0.000000000 0.000000000
1609059736.088442326 0.000000000 0.000000000
1609059736.113503933 0.000000000 0.000000000
1609059736.113868475 0.000000000 0.000000000
1609059736.138403654 0.000000000 0.000000000
1609059736.139110088 0.000000000 0.000000000
1609059736.188421726 0.000000000 0.000000000
1609059736.213428497 0.000000000 0.000000000
1609059736.214117289 0.000000000 0.000000000
1609059736.238244772 0.000000000 0.000000000
1609059736.239121199 0.000000000 0.000000000
1609059736.263411999 0.000000000 0.000000000
1609059736.264158010 0.000000000 0.000000000
1609059736.288445950 0.000000000 0.000000000
1609059736.313448906 0.000000000 0.000000000
1609059736.314092875 0.000000000 0.000000000
1609059736.363445282 0.000000000 0.000000000
1609059736.388435364 0.000000000 0.000000000
1609059736.389164209 0.000000000 0.000000000
1609059736.413423538 0.000000000 0.000000000
1609059736.414288282 0.000000000 0.000000000
1609059736.438428164 0.000000000 0.000000000
1609059736.439110279 0.000000000 0.000000000
1609059736.463376999 0.000000000 0.000000000
1609059736.463920832 0.000000000 0.000000000
1609059736.489110708 0.000000000 0.000000000
1609059736.538426161 0.000000000 0.000000000
1609059736.563192844 0.000000000 0.000000000
1609059736.564163208 0.000000000 0.000000000
1609059736.588206291 0.000000000 0.000000000
1609059736.589142799 0.000000000 0.000000000
1609059736.613397360 0.000000000 0.000000000
1609059736.614122152 0.000000000 0.000000000
1609059736.638411522 0.000000000 0.000000000
1609059736.638907194 0.000000000 0.000000000
1609059736.663430929 0.000000000 0.000000000
1609059736.664093256 0.000000000 0.000000000
1609059736.713351011 0.000000000 0.000000000
1609059736.738202095 0.000000000 0.000000000
1609059736.739146948 0.000000000 0.000000000
1609059736.763208389 0.000000000 0.000000000
1609059736.764152765 0.000000000 0.000000000
1609059736.788477659 0.000000000 0.000000000
1609059736.789149761 0.000000000 0.000000000
1609059736.813433647 0.000000000 0.000000000
1609059736.813897371 0.000000000 0.000000000
1609059736.838402748 0.000000000 0.000000000
1609059736.839097977 0.000000000 0.000000000
1609059736.888392210 0.000000000 0.000000000
1609059736.889069796 0.000000000 0.000000000
1609059736.913187742 0.000000000 0.000000000
1609059736.914126635 0.000000000 0.000000000
1609059736.938375473 0.000000000 0.000000000
1609059736.939076424 0.000000000 0.000000000
1609059736.963340998 0.000000000 0.000000000
1609059736.964118481 0.000000000 0.000000000
1609059736.988448620 0.000000000 0.000000000
1609059736.988864660 0.000000000 0.000000000
1609059737.013470173 0.000000000 0.000000000
1609059737.014089823 0.000000000 0.000000000
1609059737.063378572 0.000000000 0.000000000
1609059737.063654423 0.000000000 0.000000000
1609059737.088188887 0.000000000 0.000000000
1609059737.089222670 0.000000000 0.000000000
1609059737.113350391 0.000000000 0.000000000
1609059737.115379095 0.000000000 0.000000000
1609059737.138353586 0.000000000 0.000000000
1609059737.139059782 0.000000000 0.000000000
1609059737.163386822 0.000000000 0.000000000
1609059737.163980246 0.000000000 0.000000000
1609059737.189114094 0.000000000 0.000000000
1609059737.238398314 0.000000000 0.000000000
1609059737.239173412 0.000000000 0.000000000
1609059737.263224125 0.000000000 0.000000000
1609059737.264267445 0.000000000 0.000000000
1609059737.288434982 0.000000000 0.000000000
1609059737.289189816 0.000000000 0.000000000
1609059737.313373566 0.000000000 0.000000000
1609059737.314114809 0.000000000 0.000000000
1609059737.338405371 0.000000000 0.000000000
1609059737.339157820 0.000000000 0.000000000
1609059737.363454580 0.000000000 0.000000000
1609059737.364143133 0.000000000 0.000000000
1609059737.413341522 0.000000000 0.000000000
1609059737.414063215 0.000000000 0.000000000
1609059737.438195229 0.000000000 0.000000000
1609059737.439151287 0.000000000 0.000000000
1609059737.463379383 0.000000000 0.000000000
1609059737.464125395 0.000000000 0.000000000
1609059737.488403559 0.000000000 0.000000000
1609059737.488898277 0.000000000 0.000000000
1609059737.513370752 0.000000000 0.000000000
1609059737.514178038 0.000000000 0.000000000
1609059737.538425446 0.000000000 0.000000000
1609059737.539130211 0.000000000 0.000000000
1609059737.588405371 0.000000000 0.000000000
1609059737.589071274 0.000000000 0.000000000
1609059737.613434315 0.000000000 0.000000000
1609059737.614158154 0.000000000 0.000000000
1609059737.638380766 0.000000000 0.000000000
1609059737.639079094 0.000000000 0.000000000
1609059737.663379192 0.000000000 0.000000000
1609059737.688454628 0.000000000 0.000000000
1609059737.689144135 0.000000000 0.000000000
1609059737.713443518 0.000000000 0.000000000
1609059737.714161396 0.000000000 0.000000000
1609059737.763376236 0.000000000 0.000000000
1609059737.788240194 0.000000000 0.000000000
1609059737.789203167 0.000000000 0.000000000
1609059737.813441038 0.000000000 0.000000000
1609059737.814089298 0.000000000 0.000000000
1609059737.840824604 0.000000000 0.000000000
1609059737.841188431 0.000000000 0.000000000
1609059737.863427639 0.000000000 0.000000000
1609059737.864167929 0.000000000 0.000000000
1609059737.888428926 0.000000000 0.000000000
1609059737.889100075 0.000000000 0.000000000
1609059737.938350439 0.000000000 0.000000000
1609059737.938650131 0.000000000 0.000000000
1609059737.963392735 0.000000000 0.000000000
1609059737.964139700 0.000000000 0.000000000
1609059737.988390446 0.000000000 0.000000000
1609059737.989127159 0.000000000 0.000000000
1609059738.013426542 0.000000000 0.000000000
1609059738.014104843 0.000000000 0.000000000
1609059738.038437128 0.000000000 0.000000000
1609059738.039126158 0.000000000 0.000000000
1609059738.063372135 0.000000000 0.000000000
1609059738.064105511 0.000000000 0.000000000
1609059738.113468885 0.000000000 0.000000000
1609059738.139782429 0.000000000 0.000000000
1609059738.139918566 0.000000000 0.000000000
1609059738.163338423 0.000000000 0.000000000
1609059738.164047956 0.000000000 0.000000000
1609059738.188340187 0.000000000 0.000000000
1609059738.189071417 0.000000000 0.000000000
1609059738.213369846 0.000000000 0.000000000
1609059738.214146614 0.000000000 0.000000000
1609059738.238373995 0.000000000 0.000000000
1609059738.239069223 0.000000000 0.000000000
1609059738.288374186 0.000000000 0.000000000
1609059738.289070368 0.000000000 0.000000000
1609059738.313369513 0.000000000 0.000000000
1609059738.314165831 0.000000000 0.000000000
1609059738.338353157 0.000000000 0.000000000
1609059738.339083195 0.000000000 0.000000000
1609059738.363367319 0.000000000 0.000000000
1609059738.364124775 0.000000000 0.000000000
1609059738.388393641 0.000000000 0.000000000
1609059738.413397074 0.000000000 0.000000000
1609059738.414073706 0.000000000 0.000000000
1609059738.463350773 0.000000000 0.000000000
1609059738.488366604 0.000000000 0.000000000
1609059738.489150286 0.000000000 0.000000000
1609059738.513386965 0.000000000 0.000000000
1609059738.514094830 0.000000000 0.000000000
1609059738.538341999 0.000000000 0.000000000
1609059738.539118767 0.000000000 0.000000000
1609059738.563384295 0.000000000 0.000000000
1609059738.564177990 0.000000000 0.000000000
1609059738.588408947 0.000000000 0.000000000
1609059738.589398384 0.000000000 0.000000000
1609059738.638358593 0.000000000 0.000000000
1609059738.639056444 0.000000000 0.000000000
1609059738.663405657 0.000000000 0.000000000
1609059738.664151192 0.000000000 0.000000000
1609059738.688396692 0.000000000 0.000000000
1609059738.689057589 0.000000000 0.000000000
1609059738.713355303 0.000000000 0.000000000
1609059738.714059114 0.000000000 0.000000000
1609059738.738373041 0.000000000 0.000000000
1609059738.738869667 0.000000000 0.000000000
1609059738.763354301 0.000000000 0.000000000
1609059738.764133930 0.000000000 0.000000000
1609059738.813366890 0.000000000 0.000000000
1609059738.814084530 0.000000000 0.000000000
1609059738.838362455 0.000000000 0.000000000
1609059738.839133263 0.000000000 0.000000000
1609059738.863405704 0.000000000 0.000000000
1609059738.864048481 0.000000000 0.000000000
1609059738.888350010 0.000000000 0.000000000
1609059738.889074802 0.000000000 0.000000000
1609059738.913352728 0.000000000 0.000000000
1609059738.914094925 0.000000000 0.000000000
1609059738.938362598 0.000000000 0.000000000
1609059738.939068556 0.000000000 0.000000000
1609059738.988320589 0.000000000 0.000000000
1609059738.989081621 0.000000000 0.000000000
1609059739.013149738 0.000000000 0.000000000
1609059739.014078617 0.000000000 0.000000000
1609059739.038352728 0.000000000 0.000000000
1609059739.039147139 0.000000000 0.000000000
1609059739.063333988 0.000000000 0.000000000
1609059739.064048767 0.000000000 0.000000000
1609059739.088314772 0.000000000 0.000000000
1609059739.089003086 0.000000000 0.000000000
1609059739.113395452 0.000000000 0.000000000
1609059739.114053011 0.000000000 0.000000000
1609059739.163318157 0.000000000 0.000000000
1609059739.164093256 0.000000000 0.000000000
1609059739.188189507 0.000000000 0.000000000
1609059739.189009428 0.000000000 0.000000000
1609059739.213305950 0.000000000 0.000000000
1609059739.214027643 0.000000000 0.000000000
1609059739.238383532 0.000000000 0.000000000
1609059739.239064693 0.000000000 0.000000000
1609059739.263406754 0.000000000 0.000000000
1609059739.264279127 0.000000000 0.000000000
1609059739.288394213 0.000000000 0.000000000
1609059739.289145470 0.000000000 0.000000000
1609059739.338394880 0.000000000 0.000000000
1609059739.339079142 0.000000000 0.000000000
1609059739.363153934 0.000000000 0.000000000
1609059739.364361763 0.000000000 0.000000000
1609059739.388345480 0.000000000 0.000000000
1609059739.389110327 0.000000000 0.000000000
1609059739.413366318 0.000000000 0.000000000
1609059739.414070606 0.000000000 0.000000000
1609059739.438416958 0.000000000 0.000000000
1609059739.439033747 0.000000000 0.000000000
1609059739.463394403 0.000000000 0.000000000
1609059739.464059114 0.000000000 0.000000000
1609059739.513384581 0.000000000 0.000000000
1609059739.514032602 0.000000000 0.000000000
1609059739.538401127 0.000000000 0.000000000
1609059739.539092064 0.000000000 0.000000000
1609059739.563398838 0.000000000 0.000000000
1609059739.564158916 0.000000000 0.000000000
1609059739.588362932 0.000000000 0.000000000
1609059739.589018822 0.000000000 0.000000000
1609059739.613344431 0.000000000 0.000000000
1609059739.614219189 0.000000000 0.000000000
1609059739.638357878 0.000000000 0.000000000
1609059739.639045715 0.000000000 0.000000000
1609059739.688317060 0.000000000 0.000000000
1609059739.689045429 0.000000000 0.000000000
1609059739.713449240 0.000000000 0.000000000
1609059739.714121103 0.000000000 0.000000000
1609059739.738375425 0.000000000 0.000000000
1609059739.739067078 0.000000000 0.000000000
1609059739.763492346 0.000000000 0.000000000
1609059739.764153004 0.000000000 0.000000000
1609059739.788360596 0.000000000 0.000000000
1609059739.813326597 0.000000000 0.000000000
1609059739.814062119 0.000000000 0.000000000
1609059739.863361835 0.000000000 0.000000000
1609059739.863648891 0.000000000 0.000000000
1609059739.888178587 0.000000000 0.000000000
1609059739.888883352 0.000000000 0.000000000
1609059739.913309336 0.000000000 0.000000000
1609059739.914034843 0.000000000 0.000000000
1609059739.938342094 0.000000000 0.000000000
1609059739.939100266 0.000000000 0.000000000
1609059739.963393211 0.000000000 0.000000000
1609059739.964136124 0.000000000 0.000000000
1609059739.988337278 0.000000000 0.000000000
1609059739.989067078 0.000000000 0.000000000
1609059740.038365602 0.000000000 0.000000000
1609059740.039066315 0.000000000 0.000000000
1609059740.063357353 0.000000000 0.000000000
1609059740.063878059 0.000000000 0.000000000
1609059740.088365078 0.000000000 0.000000000
1609059740.089034796 0.000000000 0.000000000
1609059740.113328457 0.000000000 0.000000000
1609059740.114303112 0.000000000 0.000000000
1609059740.138368845 0.000000000 0.000000000
1609059740.139084816 0.000000000 0.000000000
1609059740.163333178 0.000000000 0.000000000
1609059740.164112329 0.000000000 0.000000000
1609059740.213329077 0.000000000 0.000000000
1609059740.214098692 0.000000000 0.000000000
1609059740.238319397 0.000000000 0.000000000
1609059740.239015579 0.000000000 0.000000000
1609059740.263348579 0.000000000 0.000000000
1609059740.264176607 0.000000000 0.000000000
1609059740.288349390 0.000000000 0.000000000
1609059740.313405275 0.000000000 0.000000000
1609059740.313991070 0.000000000 0.000000000
1609059740.338356972 0.000000000 0.000000000
1609059740.339122295 0.000000000 0.000000000
1609059740.388290644 0.000000000 0.000000000
1609059740.413114071 0.000000000 0.000000000
1609059740.413809061 0.000000000 0.000000000
1609059740.438346148 0.000000000 0.000000000
1609059740.439000368 0.000000000 0.000000000
1609059740.463324785 0.000000000 0.000000000
1609059740.464060307 0.000000000 0.000000000
1609059740.488382578 0.000000000 0.000000000
1609059740.489072800 0.000000000 0.000000000
1609059740.513375282 0.000000000 0.000000000
1609059740.514060497 0.000000000 0.000000000
1609059740.563355446 0.000000000 0.000000000
1609059740.563631296 0.000000000 0.000000000
1609059740.588165283 0.000000000 0.000000000
1609059740.589037657 0.000000000 0.000000000
1609059740.613348484 0.000000000 0.000000000
1609059740.614037037 0.000000000 0.000000000
1609059740.638336420 0.000000000 0.000000000
1609059740.663305998 0.000000000 0.000000000
1609059740.664031267 0.000000000 0.000000000
1609059740.688307762 0.000000000 0.000000000
1609059740.689073086 0.000000000 0.000000000
1609059740.738317490 0.000000000 0.000000000
1609059740.763437986 0.000000000 0.000000000
1609059740.764069319 0.000000000 0.000000000
1609059740.788373470 0.000000000 0.000000000
1609059740.789052725 0.000000000 0.000000000
1609059740.813323498 0.000000000 0.000000000
1609059740.814039946 0.000000000 0.000000000
1609059740.838375807 0.000000000 0.000000000
1609059740.863361835 0.000000000 0.000000000
1609059740.864038467 0.000000000 0.000000000
1609059740.913284779 0.000000000 0.000000000
1609059740.938116312 0.000000000 0.000000000
1609059740.938557625 0.000000000 0.000000000
1609059740.963350296 0.000000000 0.000000000
1609059740.964054823 0.000000000 0.000000000
1609059740.988329649 0.000000000 0.000000000
1609059740.989088774 0.000000000 0.000000000
1609059741.013318062 0.000000000 0.000000000
1609059741.014078140 0.000000000 0.000000000
1609059741.038334608 0.000000000 0.000000000
1609059741.039032936 0.000000000 0.000000000
1609059741.088314056 0.000000000 0.000000000
1609059741.113292694 0.000000000 0.000000000
1609059741.114087105 0.000000000 0.000000000
1609059741.138306141 0.000000000 0.000000000
1609059741.139052629 0.000000000 0.000000000
1609059741.163321972 0.000000000 0.000000000
1609059741.164086580 0.000000000 0.000000000
1609059741.188319206 0.000000000 0.000000000
1609059741.189062357 0.000000000 0.000000000
1609059741.213299990 0.000000000 0.000000000
1609059741.214015484 0.000000000 0.000000000
1609059741.263297558 0.000000000 0.000000000
1609059741.264153004 0.000000000 0.000000000
1609059741.288138151 0.000000000 0.000000000
1609059741.289021730 0.000000000 0.000000000
1609059741.313349247 0.000000000 0.000000000
1609059741.314051390 0.000000000 0.000000000
1609059741.338311434 0.000000000 0.000000000
1609059741.338990927 0.000000000 0.000000000
1609059741.363340378 0.000000000 0.000000000
1609059741.364100933 0.000000000 0.000000000
1609059741.388292074 0.000000000 0.000000000
1609059741.389050722 0.000000000 0.000000000
1609059741.438317776 0.000000000 0.000000000
1609059741.439024925 0.000000000 0.000000000
1609059741.463120699 0.000000000 0.000000000
1609059741.463576078 0.000000000 0.000000000
1609059741.488319635 0.000000000 0.000000000
1609059741.489036322 0.000000000 0.000000000
1609059741.513365507 0.000000000 0.000000000
1609059741.514059544 0.000000000 0.000000000
1609059741.538316250 0.000000000 0.000000000
1609059741.539035559 0.000000000 0.000000000
1609059741.563330889 0.000000000 0.000000000
1609059741.563864946 0.000000000 0.000000000
1609059741.613281012 0.000000000 0.000000000
1609059741.614048004 0.000000000 0.000000000
1609059741.638142347 0.000000000 0.000000000
1609059741.638568401 0.000000000 0.000000000
1609059741.663314342 0.000000000 0.000000000
1609059741.664046288 0.000000000 0.000000000
1609059741.688537121 0.000000000 0.000000000
1609059741.689037561 0.000000000 0.000000000
1609059741.713320732 0.000000000 0.000000000
1609059741.738309860 0.000000000 0.000000000
1609059741.739001751 0.000000000 0.000000000
1609059741.788292885 0.000000000 0.000000000
1609059741.789011478 0.000000000 0.000000000
1609059741.813392639 0.000000000 0.000000000
1609059741.814034700 0.000000000 0.000000000
1609059741.838295221 0.000000000 0.000000000
1609059741.839011431 0.000000000 0.000000000
1609059741.863309860 0.000000000 0.000000000
1609059741.864023447 0.000000000 0.000000000
1609059741.888349533 0.000000000 0.000000000
1609059741.889040470 0.000000000 0.000000000
1609059741.913380861 0.000000000 0.000000000
1609059741.914084435 0.000000000 0.000000000
1609059741.963290453 0.000000000 0.000000000
1609059741.964065552 0.000000000 0.000000000
1609059741.988136768 0.000000000 0.000000000
1609059741.988595724 0.000000000 0.000000000
1609059742.013276100 0.000000000 0.000000000
1609059742.014036179 0.000000000 0.000000000
1609059742.038274050 0.000000000 0.000000000
1609059742.038979292 0.000000000 0.000000000
1609059742.063280821 0.000000000 0.000000000
1609059742.063990593 0.000000000 0.000000000
1609059742.088260889 0.000000000 0.000000000
1609059742.089004278 0.000000000 0.000000000
1609059742.138278246 0.000000000 0.000000000
1609059742.138524532 0.000000000 0.000000000
1609059742.163390636 0.000000000 0.000000000
1609059742.163629055 0.000000000 0.000000000
1609059742.188273907 0.000000000 0.000000000
1609059742.189016581 0.000000000 0.000000000
1609059742.213281870 0.000000000 0.000000000
1609059742.214001656 0.000000000 0.000000000
1609059742.238275051 0.000000000 0.000000000
1609059742.263292789 0.000000000 0.000000000
1609059742.264038801 0.000000000 0.000000000
1609059742.313242197 0.000000000 0.000000000
1609059742.338209391 0.000000000 0.000000000
1609059742.339024544 0.000000000 0.000000000
1609059742.363348722 0.000000000 0.000000000
1609059742.364137173 0.000000000 0.000000000
1609059742.388346672 0.000000000 0.000000000
1609059742.389040709 0.000000000 0.000000000
1609059742.413317919 0.000000000 0.000000000
1609059742.414028406 0.000000000 0.000000000
1609059742.438313007 0.000000000 0.000000000
1609059742.439030886 0.000000000 0.000000000
1609059742.488275766 0.000000000 0.000000000
1609059742.513108492 0.000000000 0.000000000
1609059742.513993263 0.000000000 0.000000000
1609059742.538264751 0.000000000 0.000000000
1609059742.539032459 0.000000000 0.000000000
1609059742.563276052 0.000000000 0.000000000
1609059742.564096212 0.000000000 0.000000000
1609059742.588277102 0.000000000 0.000000000
1609059742.588997364 0.000000000 0.000000000
1609059742.613308907 0.000000000 0.000000000
1609059742.614490032 0.000000000 0.000000000
1609059742.663296700 0.000000000 0.000000000
1609059742.663984776 0.000000000 0.000000000
1609059742.688381910 0.000000000 0.000000000
1609059742.689036369 0.000000000 0.000000000
1609059742.713273048 0.000000000 0.000000000
1609059742.714180708 0.000000000 0.000000000
1609059742.738310814 0.000000000 0.000000000
1609059742.739004135 0.000000000 0.000000000
1609059742.763330221 0.000000000 0.000000000
1609059742.764100790 0.000000000 0.000000000
1609059742.788271904 0.000000000 0.000000000
1609059742.789004326 0.000000000 0.000000000
1609059742.838307381 0.000000000 0.000000000
1609059742.838999271 0.000000000 0.000000000
1609059742.863119125 0.000000000 0.000000000
1609059742.863987207 0.000000000 0.000000000
1609059742.888270378 0.000000000 0.000000000
1609059742.888972998 0.000000000 0.000000000
1609059742.913274050 0.000000000 0.000000000
1609059742.913811684 0.000000000 0.000000000
1609059742.938271046 0.000000000 0.000000000
1609059742.938997507 0.000000000 0.000000000
1609059742.963280916 0.000000000 0.000000000
1609059742.964018822 0.000000000 0.000000000
1609059743.013294458 0.000000000 0.000000000
1609059743.013551474 0.000000000 0.000000000
1609059743.038328648 0.000000000 0.000000000
1609059743.038977146 0.000000000 0.000000000
1609059743.063323975 0.000000000 0.000000000
1609059743.064002514 0.000000000 0.000000000
1609059743.088270664 0.000000000 0.000000000
1609059743.089059830 0.000000000 0.000000000
1609059743.113281250 0.000000000 0.000000000
1609059743.114047050 0.000000000 0.000000000
1609059743.138331652 0.000000000 0.000000000
1609059743.139079094 0.000000000 0.000000000
1609059743.188279867 0.000000000 0.000000000
1609059743.188577175 0.000000000 0.000000000
1609059743.213364840 0.000000000 0.000000000
1609059743.213619232 0.000000000 0.000000000
1609059743.239009857 0.000000000 0.000000000
1609059743.263276577 0.000000000 0.000000000
1609059743.264053345 0.000000000 0.000000000
1609059743.288279295 0.000000000 0.000000000
1609059743.313254118 0.000000000 0.000000000
1609059743.313962698 0.000000000 0.000000000
1609059743.363259077 0.000000000 0.000000000
1609059743.363565922 0.000000000 0.000000000
1609059743.388092756 0.000000000 0.000000000
1609059743.389017582 0.000000000 0.000000000
1609059743.413280725 0.000000000 0.000000000
1609059743.414029837 0.000000000 0.000000000
1609059743.438257933 0.000000000 0.000000000
1609059743.439067125 0.000000000 0.000000000
1609059743.463294029 0.000000000 0.000000000
1609059743.464012384 0.000000000 0.000000000
1609059743.488279343 0.000000000 0.000000000
1609059743.488993645 0.000000000 0.000000000
1609059743.538270950 0.000000000 0.000000000
1609059743.538591385 0.000000000 0.000000000
1609059743.563373804 0.000000000 0.000000000
1609059743.563641071 0.000000000 0.000000000
1609059743.588264704 0.000000000 0.000000000
1609059743.588982582 0.000000000 0.000000000
1609059743.613283157 0.000000000 0.000000000
1609059743.614048004 0.000000000 0.000000000
1609059743.638368607 0.000000000 0.000000000
1609059743.639021873 0.000000000 0.000000000
1609059743.663319588 0.000000000 0.000000000
1609059743.664035797 0.000000000 0.000000000
1609059743.713279724 0.000000000 0.000000000
1609059743.713583708 0.000000000 0.000000000
1609059743.738385201 0.000000000 0.000000000
1609059743.738640308 0.000000000 0.000000000
1609059743.763225794 0.000000000 0.000000000
1609059743.764044285 0.000000000 0.000000000
1609059743.788292170 0.000000000 0.000000000
1609059743.788966417 0.000000000 0.000000000
1609059743.813262463 0.000000000 0.000000000
1609059743.814000130 0.000000000 0.000000000
1609059743.838309050 0.000000000 0.000000000
1609059743.839015245 0.000000000 0.000000000
1609059743.888267994 0.000000000 0.000000000
1609059743.888980150 0.000000000 0.000000000
1609059743.913060427 0.000000000 0.000000000
1609059743.913496971 0.000000000 0.000000000
1609059743.938268661 0.000000000 0.000000000
1609059743.938985586 0.000000000 0.000000000
1609059743.963304996 0.000000000 0.000000000
1609059743.963847399 0.000000000 0.000000000
1609059743.988293171 0.000000000 0.000000000
1609059743.989028692 0.000000000 0.000000000
1609059744.013304710 0.000000000 0.000000000
1609059744.014003754 0.000000000 0.000000000
1609059744.063283443 0.000000000 0.000000000
1609059744.063590765 0.000000000 0.000000000
1609059744.088070869 0.000000000 0.000000000
1609059744.088498354 0.000000000 0.000000000
1609059744.113311052 0.000000000 0.000000000
1609059744.113971472 0.000000000 0.000000000
1609059744.138298035 0.000000000 0.000000000
1609059744.138780832 0.000000000 0.000000000
1609059744.163295269 0.000000000 0.000000000
1609059744.164069414 0.000000000 0.000000000
1609059744.188305140 0.000000000 0.000000000
1609059744.188985586 0.000000000 0.000000000
1609059744.238266945 0.000000000 0.000000000
1609059744.238965273 0.000000000 0.000000000
1609059744.263339758 0.000000000 0.000000000
1609059744.263609409 0.000000000 0.000000000
1609059744.288267374 0.000000000 0.000000000
1609059744.296958208 0.000000000 0.000000000
1609059744.313249350 0.000000000 0.000000000
1609059744.313994169 0.000000000 0.000000000
1609059744.338238001 0.000000000 0.000000000
1609059744.363265514 0.000000000 0.000000000
1609059744.364040136 0.000000000 0.000000000
1609059744.413247347 0.000000000 0.000000000
1609059744.413590908 0.000000000 0.000000000
1609059744.438377857 0.000000000 0.000000000
1609059744.438618422 0.000000000 0.000000000
1609059744.463279486 0.000000000 0.000000000
1609059744.464019775 0.000000000 0.000000000
1609059744.488271952 0.000000000 0.000000000
1609059744.489286661 0.000000000 0.000000000
1609059744.513274193 0.000000000 0.000000000
1609059744.513758421 0.000000000 0.000000000
1609059744.538279057 0.000000000 0.000000000
1609059744.538980722 0.000000000 0.000000000
1609059744.588284731 0.000000000 0.000000000
1609059744.588538647 0.000000000 0.000000000
1609059744.613016844 0.000000000 0.000000000
1609059744.613516331 0.000000000 0.000000000
1609059744.638272524 0.000000000 0.000000000
1609059744.638972282 0.000000000 0.000000000
1609059744.663282156 0.000000000 0.000000000
1609059744.664050817 0.000000000 0.000000000
1609059744.688094378 0.000000000 0.000000000
1609059744.713273287 0.000000000 0.000000000
1609059744.713930368 0.000000000 0.000000000
1609059744.763253212 0.000000000 0.000000000
1609059744.763532400 0.000000000 0.000000000
1609059744.788028479 0.000000000 0.000000000
1609059744.788439035 0.000000000 0.000000000
1609059744.813181400 0.000000000 0.000000000
1609059744.813998222 0.000000000 0.000000000
1609059744.838241100 0.000000000 0.000000000
1609059744.838999987 0.000000000 0.000000000
1609059744.863037825 0.000000000 0.000000000
1609059744.863940954 0.000000000 0.000000000
1609059744.888198376 0.000000000 0.000000000
1609059744.888962746 0.000000000 0.000000000
1609059744.938245058 0.000000000 0.000000000
1609059744.938497782 0.000000000 0.000000000
1609059744.963072777 0.000000000 0.000000000
1609059744.963526964 0.000000000 0.000000000
1609059744.988030434 0.000000000 0.000000000
1609059744.988986969 0.000000000 0.000000000
1609059745.013326883 0.000000000 0.000000000
1609059745.014040947 0.000000000 0.000000000
1609059745.038302422 0.000000000 0.000000000
1609059745.038818836 0.000000000 0.000000000
1609059745.063227892 0.000000000 0.000000000
1609059745.063995123 0.000000000 0.000000000
1609059745.113256216 0.000000000 0.000000000
1609059745.113580942 0.000000000 0.000000000
1609059745.138055086 0.000000000 0.000000000
1609059745.138986111 0.000000000 0.000000000
1609059745.163260221 0.000000000 0.000000000
1609059745.164399624 0.000000000 0.000000000
1609059745.188256502 0.000000000 0.000000000
1609059745.189049721 0.000000000 0.000000000
1609059745.213318348 0.000000000 0.000000000
1609059745.213955879 0.000000000 0.000000000
1609059745.238223553 0.000000000 0.000000000
1609059745.238981724 0.000000000 0.000000000
1609059745.288229704 0.000000000 0.000000000
1609059745.313339472 0.000000000 0.000000000
1609059745.313595057 0.000000000 0.000000000
1609059745.338204861 0.000000000 0.000000000
1609059745.338940859 0.000000000 0.000000000
1609059745.363243341 0.000000000 0.000000000
1609059745.388034582 0.000000000 0.000000000
1609059745.388988018 0.000000000 0.000000000
1609059745.413222313 0.000000000 0.000000000
1609059745.413924694 0.000000000 0.000000000
1609059745.463248014 0.000000000 0.000000000
1609059745.463469267 0.000000000 0.000000000
1609059745.488295317 0.000000000 0.000000000
1609059745.488954782 0.000000000 0.000000000
1609059745.513215780 0.000000000 0.000000000
1609059745.513956070 0.000000000 0.000000000
1609059745.538235903 0.000000000 0.000000000
1609059745.539000511 0.000000000 0.000000000
1609059745.563033581 0.000000000 0.000000000
1609059745.564026833 0.000000000 0.000000000
1609059745.588202477 0.000000000 0.000000000
1609059745.588961840 0.000000000 0.000000000
1609059745.638214111 0.000000000 0.000000000
1609059745.638450623 0.000000000 0.000000000
1609059745.663314819 0.000000000 0.000000000
1609059745.663964033 0.000000000 0.000000000
1609059745.688076019 0.000000000 0.000000000
1609059745.689008474 0.000000000 0.000000000
1609059745.713273048 0.000000000 0.000000000
1609059745.713963747 0.000000000 0.000000000
1609059745.738086462 0.000000000 0.000000000
1609059745.738759041 0.000000000 0.000000000
1609059745.763233662 0.000000000 0.000000000
1609059745.764009476 0.000000000 0.000000000
1609059745.813634396 0.000000000 0.000000000
1609059745.813866854 0.000000000 0.000000000
1609059745.838300705 0.000000000 0.000000000
1609059745.838949680 0.000000000 0.000000000
1609059745.863207579 0.000000000 0.000000000
1609059745.863945961 0.000000000 0.000000000
1609059745.888205767 0.000000000 0.000000000
1609059745.889009714 0.000000000 0.000000000
1609059745.913059235 0.000000000 0.000000000
1609059745.913994789 0.000000000 0.000000000
1609059745.938225985 0.000000000 0.000000000
1609059745.938914537 0.000000000 0.000000000
1609059745.988254070 0.000000000 0.000000000
1609059745.988591433 0.000000000 0.000000000
1609059746.013320446 0.000000000 0.000000000
1609059746.013965607 0.000000000 0.000000000
1609059746.038287640 0.000000000 0.000000000
1609059746.038905859 0.000000000 0.000000000
1609059746.063212156 0.000000000 0.000000000
1609059746.064032793 0.000000000 0.000000000
1609059746.088015556 0.000000000 0.000000000
1609059746.088979959 0.000000000 0.000000000
1609059746.113204479 0.000000000 0.000000000
1609059746.113914967 0.000000000 0.000000000
1609059746.163208246 0.000000000 0.000000000
1609059746.188324928 0.000000000 0.000000000
1609059746.188934803 0.000000000 0.000000000
1609059746.213215113 0.000000000 0.000000000
1609059746.213939667 0.000000000 0.000000000
1609059746.238201141 0.000000000 0.000000000
1609059746.238979340 0.000000000 0.000000000
1609059746.263105154 0.000000000 0.000000000
1609059746.264102221 0.000000000 0.000000000
1609059746.288269043 0.000000000 0.000000000
1609059746.289161682 0.000000000 0.000000000
1609059746.338194370 0.000000000 0.000000000
1609059746.338452578 0.000000000 0.000000000
1609059746.362999916 0.000000000 0.000000000
1609059746.364512444 0.000000000 0.000000000
1609059746.388288498 0.000000000 0.000000000
1609059746.388921976 0.000000000 0.000000000
1609059746.413170099 0.000000000 0.000000000
1609059746.413998365 0.000000000 0.000000000
1609059746.437985659 0.000000000 0.000000000
1609059746.439033508 0.000000000 0.000000000
1609059746.463223696 0.000000000 0.000000000
1609059746.463924170 0.000000000 0.000000000
1609059746.513212681 0.000000000 0.000000000
1609059746.514025927 0.000000000 0.000000000
1609059746.538357019 0.000000000 0.000000000
1609059746.538708925 0.000000000 0.000000000
1609059746.562992334 0.000000000 0.000000000
1609059746.563983440 0.000000000 0.000000000
1609059746.588242769 0.000000000 0.000000000
1609059746.589034081 0.000000000 0.000000000
1609059746.613009214 0.000000000 0.000000000
1609059746.614497900 0.000000000 0.000000000
1609059746.638224363 0.000000000 0.000000000
1609059746.638951302 0.000000000 0.000000000
1609059746.688222408 0.000000000 0.000000000
1609059746.688493967 0.000000000 0.000000000
1609059746.713306427 0.000000000 0.000000000
1609059746.713937521 0.000000000 0.000000000
1609059746.738029718 0.000000000 0.000000000
1609059746.738960981 0.000000000 0.000000000
1609059746.763204813 0.000000000 0.000000000
1609059746.764038563 0.000000000 0.000000000
1609059746.788244963 0.000000000 0.000000000
1609059746.788990498 0.000000000 0.000000000
1609059746.813215494 0.000000000 0.000000000
1609059746.813953876 0.000000000 0.000000000
1609059746.863225937 0.000000000 0.000000000
1609059746.888285637 0.000000000 0.000000000
1609059746.888529778 0.000000000 0.000000000
1609059746.913462877 0.000000000 0.000000000
1609059746.913961172 0.000000000 0.000000000
1609059746.938225031 0.000000000 0.000000000
1609059746.938955307 0.000000000 0.000000000
1609059746.963063955 0.000000000 0.000000000
1609059746.964039087 0.000000000 0.000000000
1609059746.988214016 0.000000000 0.000000000
1609059746.988963127 0.000000000 0.000000000
1609059747.038209200 0.000000000 0.000000000
1609059747.063258410 0.000000000 0.000000000
1609059747.063713551 0.000000000 0.000000000
1609059747.088263035 0.000000000 0.000000000
1609059747.088973761 0.000000000 0.000000000
1609059747.113217831 0.000000000 0.000000000
1609059747.113704443 0.000000000 0.000000000
1609059747.137983322 0.000000000 0.000000000
1609059747.138993979 0.000000000 0.000000000
1609059747.163242102 0.000000000 0.000000000
1609059747.163925171 0.000000000 0.000000000
1609059747.213178873 0.000000000 0.000000000
1609059747.213507175 0.000000000 0.000000000
1609059747.238258362 0.000000000 0.000000000
1609059747.238964796 0.000000000 0.000000000
1609059747.263292313 0.000000000 0.000000000
1609059747.263960838 0.000000000 0.000000000
1609059747.288269043 0.000000000 0.000000000
1609059747.288946867 0.000000000 0.000000000
1609059747.313201427 0.000000000 0.000000000
1609059747.314012051 0.000000000 0.000000000
1609059747.338252068 0.000000000 0.000000000
1609059747.338989019 0.000000000 0.000000000
1609059747.388219118 0.000000000 0.000000000
1609059747.413233042 0.000000000 0.000000000
1609059747.413842678 0.000000000 0.000000000
1609059747.438291073 0.000000000 0.000000000
1609059747.438901663 0.000000000 0.000000000
1609059747.463193417 0.000000000 0.000000000
1609059747.464769125 0.000000000 0.000000000
1609059747.488172531 0.000000000 0.000000000
1609059747.488924026 0.000000000 0.000000000
1609059747.513242245 0.000000000 0.000000000
1609059747.513994455 0.000000000 0.000000000
1609059747.563263655 0.000000000 0.000000000
1609059747.588373184 0.000000000 0.000000000
1609059747.588813066 0.000000000 0.000000000
1609059747.613300323 0.000000000 0.000000000
1609059747.613929987 0.000000000 0.000000000
1609059747.638212204 0.000000000 0.000000000
1609059747.639038324 0.000000000 0.000000000
1609059747.662992954 0.000000000 0.000000000
1609059747.663984299 0.000000000 0.000000000
1609059747.688175440 0.000000000 0.000000000
1609059747.688896656 0.000000000 0.000000000
1609059747.738216639 0.000000000 0.000000000
1609059747.763267756 0.000000000 0.000000000
1609059747.763461828 0.000000000 0.000000000
1609059747.788262606 0.000000000 0.000000000
1609059747.788894176 0.000000000 0.000000000
1609059747.813163757 0.000000000 0.000000000
1609059747.813682795 0.000000000 0.000000000
1609059747.837968111 0.000000000 0.000000000
1609059747.838979959 0.000000000 0.000000000
1609059747.862984419 0.000000000 0.000000000
1609059747.863944054 0.000000000 0.000000000
1609059747.913224936 0.000000000 0.000000000
1609059747.938305378 0.000000000 0.000000000
1609059747.938961506 0.000000000 0.000000000
1609059747.962946653 0.000000000 0.000000000
1609059747.963927984 0.000000000 0.000000000
1609059747.988208294 0.000000000 0.000000000
1609059747.988968372 0.000000000 0.000000000
1609059748.013034821 0.000000000 0.000000000
1609059748.013922691 0.000000000 0.000000000
1609059748.038013458 0.000000000 0.000000000
1609059748.038961172 0.000000000 0.000000000
1609059748.088147640 0.000000000 0.000000000
1609059748.113273144 0.000000000 0.000000000
1609059748.113977909 0.000000000 0.000000000
1609059748.137969255 0.000000000 0.000000000
1609059748.138905048 0.000000000 0.000000000
1609059748.163211823 0.000000000 0.000000000
1609059748.187999487 0.000000000 0.000000000
1609059748.188978672 0.000000000 0.000000000
1609059748.212981462 0.000000000 0.000000000
1609059748.213883638 0.000000000 0.000000000
1609059748.263170004 0.000000000 0.000000000
1609059748.288279533 0.000000000 0.000000000
1609059748.288977861 0.000000000 0.000000000
1609059748.312993050 0.000000000 0.000000000
1609059748.313903093 0.000000000 0.000000000
1609059748.338153362 0.000000000 0.000000000
1609059748.338958025 0.000000000 0.000000000
1609059748.363226414 0.000000000 0.000000000
1609059748.364110231 0.000000000 0.000000000
1609059748.387974262 0.000000000 0.000000000
1609059748.388898611 0.000000000 0.000000000
1609059748.438136578 0.000000000 0.000000000
1609059748.462997437 0.000000000 0.000000000
1609059748.463886023 0.000000000 0.000000000
1609059748.488183498 0.000000000 0.000000000
1609059748.488893270 0.000000000 0.000000000
1609059748.513190508 0.000000000 0.000000000
1609059748.514001608 0.000000000 0.000000000
1609059748.538146257 0.000000000 0.000000000
1609059748.538929224 0.000000000 0.000000000
1609059748.562958479 0.000000000 0.000000000
1609059748.564462662 0.000000000 0.000000000
1609059748.613145590 0.000000000 0.000000000
1609059748.638207197 0.000000000 0.000000000
1609059748.638918638 0.000000000 0.000000000
1609059748.663205624 0.000000000 0.000000000
1609059748.663876534 0.000000000 0.000000000
1609059748.688167572 0.000000000 0.000000000
1609059748.688949585 0.000000000 0.000000000
1609059748.713160753 0.000000000 0.000000000
1609059748.713925123 0.000000000 0.000000000
1609059748.738043308 0.000000000 0.000000000
1609059748.738960028 0.000000000 0.000000000
1609059748.788205147 0.000000000 0.000000000
1609059748.813249588 0.000000000 0.000000000
1609059748.813967705 0.000000000 0.000000000
1609059748.838143349 0.000000000 0.000000000
1609059748.838886738 0.000000000 0.000000000
1609059748.863220453 0.000000000 0.000000000
1609059748.863995552 0.000000000 0.000000000
1609059748.888191223 0.000000000 0.000000000
1609059748.888946533 0.000000000 0.000000000
1609059748.912987232 0.000000000 0.000000000
1609059748.913882732 0.000000000 0.000000000
1609059748.963131189 0.000000000 0.000000000
1609059748.987983942 0.000000000 0.000000000
1609059748.988938570 0.000000000 0.000000000
1609059749.012972116 0.000000000 0.000000000
1609059749.013873339 0.000000000 0.000000000
1609059749.038138628 0.000000000 0.000000000
1609059749.038922310 0.000000000 0.000000000
1609059749.062946796 0.000000000 0.000000000
1609059749.063927412 0.000000000 0.000000000
1609059749.088006973 0.000000000 0.000000000
1609059749.088864326 0.000000000 0.000000000
1609059749.138151407 0.000000000 0.000000000
1609059749.163258076 0.000000000 0.000000000
1609059749.163996696 0.000000000 0.000000000
1609059749.188258648 0.000000000 0.000000000
1609059749.188884020 0.000000000 0.000000000
1609059749.213177204 0.000000000 0.000000000
1609059749.213900089 0.000000000 0.000000000
1609059749.237974882 0.000000000 0.000000000
1609059749.238868952 0.000000000 0.000000000
1609059749.262993336 0.000000000 0.000000000
1609059749.263924599 0.000000000 0.000000000
1609059749.313136101 0.000000000 0.000000000
1609059749.338282824 0.000000000 0.000000000
1609059749.338545084 0.000000000 0.000000000
1609059749.362946272 0.000000000 0.000000000
1609059749.363941669 0.000000000 0.000000000
1609059749.388168812 0.000000000 0.000000000
1609059749.388956308 0.000000000 0.000000000
1609059749.413002729 0.000000000 0.000000000
1609059749.413892508 0.000000000 0.000000000
1609059749.437980890 0.000000000 0.000000000
1609059749.439006329 0.000000000 0.000000000
1609059749.488103151 0.000000000 0.000000000
1609059749.513188601 0.000000000 0.000000000
1609059749.513374090 0.000000000 0.000000000
1609059749.537960768 0.000000000 0.000000000
1609059749.538887501 0.000000000 0.000000000
1609059749.563329697 0.000000000 0.000000000
1609059749.563986778 0.000000000 0.000000000
1609059749.588047504 0.000000000 0.000000000
1609059749.588949919 0.000000000 0.000000000
1609059749.613207340 0.000000000 0.000000000
1609059749.613907337 0.000000000 0.000000000
1609059749.663183928 0.000000000 0.000000000
1609059749.687947512 0.000000000 0.000000000
1609059749.688939095 0.000000000 0.000000000
1609059749.713235855 0.000000000 0.000000000
1609059749.713895559 0.000000000 0.000000000
1609059749.738190651 0.000000000 0.000000000
1609059749.763227701 0.000000000 0.000000000
1609059749.763970137 0.000000000 0.000000000
1609059749.788271189 0.000000000 0.000000000
1609059749.788873196 0.000000000 0.000000000
1609059749.839708805 0.000000000 0.000000000
1609059749.840021610 0.000000000 0.000000000
1609059749.863047838 0.000000000 0.000000000
1609059749.864001989 0.000000000 0.000000000
1609059749.887928724 0.000000000 0.000000000
1609059749.888893843 0.000000000 0.000000000
1609059749.913157225 0.000000000 0.000000000
1609059749.938239098 0.000000000 0.000000000
1609059749.938927889 0.000000000 0.000000000
1609059749.963004827 0.000000000 0.000000000
1609059749.964312792 0.000000000 0.000000000
1609059750.013137102 0.000000000 0.000000000
1609059750.037933350 0.000000000 0.000000000
1609059750.038666487 0.000000000 0.000000000
1609059750.063203812 0.000000000 0.000000000
1609059750.063924313 0.000000000 0.000000000
1609059750.088152409 0.000000000 0.000000000
1609059750.112943172 0.000000000 0.000000000
1609059750.114421129 0.000000000 0.000000000
1609059750.138216019 0.000000000 0.000000000
1609059750.138895512 0.000000000 0.000000000
1609059750.188192606 0.000000000 0.000000000
1609059750.213169575 0.000000000 0.000000000
1609059750.213813066 0.000000000 0.000000000
1609059750.238230944 0.000000000 0.000000000
1609059750.238884687 0.000000000 0.000000000
1609059750.263131380 0.000000000 0.000000000
1609059750.263931990 0.000000000 0.000000000
1609059750.287940741 0.000000000 0.000000000
1609059750.288956642 0.000000000 0.000000000
1609059750.312938213 0.000000000 0.000000000
1609059750.313903570 0.000000000 0.000000000
1609059750.363160610 0.000000000 0.000000000
1609059750.387958765 0.000000000 0.000000000
1609059750.388959169 0.000000000 0.000000000
1609059750.413202047 0.000000000 0.000000000
1609059750.413861513 0.000000000 0.000000000
1609059750.438177586 0.000000000 0.000000000
1609059750.438900232 0.000000000 0.000000000
1609059750.463153362 0.000000000 0.000000000
1609059750.463901043 0.000000000 0.000000000
1609059750.488161087 0.000000000 0.000000000
1609059750.488842249 0.000000000 0.000000000
1609059750.538140774 0.000000000 0.000000000
1609059750.563141823 0.000000000 0.000000000
1609059750.563444138 0.000000000 0.000000000
1609059750.587946415 0.000000000 0.000000000
1609059750.588822365 0.000000000 0.000000000
1609059750.613140345 0.000000000 0.000000000
1609059750.613697052 0.000000000 0.000000000
1609059750.637905359 0.000000000 0.000000000
1609059750.638922453 0.000000000 0.000000000
1609059750.662950993 0.000000000 0.000000000
1609059750.663841009 0.000000000 0.000000000
1609059750.713140965 0.000000000 0.000000000
1609059750.738177061 0.000000000 0.000000000
1609059750.738896132 0.000000000 0.000000000
1609059750.763217211 0.000000000 0.000000000
1609059750.763944864 0.000000000 0.000000000
1609059750.788112879 0.000000000 0.000000000
1609059750.812960386 0.000000000 0.000000000
1609059750.813921452 0.000000000 0.000000000
1609059750.838180542 0.000000000 0.000000000
1609059750.838907719 0.000000000 0.000000000
1609059750.888184309 0.000000000 0.000000000
1609059750.913217783 0.000000000 0.000000000
1609059750.913900614 0.000000000 0.000000000
1609059750.938199043 0.000000000 0.000000000
1609059750.938857555 0.000000000 0.000000000
1609059750.963114500 0.000000000 0.000000000
1609059750.987920761 0.000000000 0.000000000
1609059750.988872290 0.000000000 0.000000000
1609059751.012886763 0.000000000 0.000000000
1609059751.013795376 0.000000000 0.000000000
1609059751.063070297 0.000000000 0.000000000
1609059751.088211775 0.000000000 0.000000000
1609059751.088829756 0.000000000 0.000000000
1609059751.113462210 0.000000000 0.000000000
1609059751.113865614 0.000000000 0.000000000
1609059751.138174772 0.000000000 0.000000000
1609059751.163198709 0.000000000 0.000000000
1609059751.163939714 0.000000000 0.000000000
1609059751.188106537 0.000000000 0.000000000
1609059751.188836336 0.000000000 0.000000000
1609059751.238175631 0.000000000 0.000000000
1609059751.263218641 0.000000000 0.000000000
1609059751.263952017 0.000000000 0.000000000
1609059751.288176298 0.000000000 0.000000000
1609059751.288840532 0.000000000 0.000000000
1609059751.313171387 0.000000000 0.000000000
1609059751.337925196 0.000000000 0.000000000
1609059751.338872910 0.000000000 0.000000000
1609059751.363108158 0.000000000 0.000000000
1609059751.363903522 0.000000000 0.000000000
1609059751.413125038 0.000000000 0.000000000
1609059751.438154697 0.000000000 0.000000000
1609059751.438928366 0.000000000 0.000000000
1609059751.463214159 0.000000000 0.000000000
1609059751.463838339 0.000000000 0.000000000
1609059751.488129377 0.000000000 0.000000000
1609059751.513126135 0.000000000 0.000000000
1609059751.513843060 0.000000000 0.000000000
1609059751.538106203 0.000000000 0.000000000
1609059751.538872719 0.000000000 0.000000000
1609059751.588107347 0.000000000 0.000000000
1609059751.588876486 0.000000000 0.000000000
1609059751.613098621 0.000000000 0.000000000
1609059751.613900900 0.000000000 0.000000000
1609059751.637916088 0.000000000 0.000000000
1609059751.638853550 0.000000000 0.000000000
1609059751.663139105 0.000000000 0.000000000
1609059751.663898706 0.000000000 0.000000000
1609059751.688102007 0.000000000 0.000000000
1609059751.688842773 0.000000000 0.000000000
1609059751.713099718 0.000000000 0.000000000
1609059751.713820219 0.000000000 0.000000000
1609059751.763105392 0.000000000 0.000000000
1609059751.787911892 0.000000000 0.000000000
1609059751.788865805 0.000000000 0.000000000
1609059751.813195467 0.000000000 0.000000000
1609059751.813877344 0.000000000 0.000000000
1609059751.838107824 0.000000000 0.000000000
1609059751.838639498 0.000000000 0.000000000
1609059751.863114834 0.000000000 0.000000000
1609059751.866235018 0.000000000 0.000000000
1609059751.888104916 0.000000000 0.000000000
1609059751.888846397 0.000000000 0.000000000
1609059751.938068390 0.000000000 0.000000000
1609059751.938583612 0.000000000 0.000000000
1609059751.963076591 0.000000000 0.000000000
1609059751.964032650 0.000000000 0.000000000
1609059751.987903595 0.000000000 0.000000000
1609059751.988810539 0.000000000 0.000000000
1609059752.013127327 0.000000000 0.000000000
1609059752.038094997 0.000000000 0.000000000
1609059752.039474487 0.000000000 0.000000000
1609059752.063134909 0.000000000 0.000000000
1609059752.063847542 0.000000000 0.000000000
1609059752.113107681 0.000000000 0.000000000
1609059752.113778591 0.000000000 0.000000000
1609059752.138134718 0.000000000 0.000000000
1609059752.138918638 0.000000000 0.000000000
1609059752.162871838 0.000000000 0.000000000
1609059752.163839102 0.000000000 0.000000000
1609059752.188100100 0.000000000 0.000000000
1609059752.213082552 0.000000000 0.000000000
1609059752.213797569 0.000000000 0.000000000
1609059752.238101721 0.000000000 0.000000000
1609059752.238836288 0.000000000 0.000000000
1609059752.288099289 0.000000000 0.000000000
1609059752.312998772 0.000000000 0.000000000
1609059752.313362598 0.000000000 0.000000000
1609059752.337882042 0.000000000 0.000000000
1609059752.338873148 0.000000000 0.000000000
1609059752.363109827 0.000000000 0.000000000
1609059752.388084412 0.000000000 0.000000000
1609059752.388815880 0.000000000 0.000000000
1609059752.413064003 0.000000000 0.000000000
1609059752.413806677 0.000000000 0.000000000
1609059752.463078499 0.000000000 0.000000000
1609059752.487893343 0.000000000 0.000000000
1609059752.488584280 0.000000000 0.000000000
1609059752.512901068 0.000000000 0.000000000
1609059752.513856888 0.000000000 0.000000000
1609059752.538113117 0.000000000 0.000000000
1609059752.563110352 0.000000000 0.000000000
1609059752.563888311 0.000000000 0.000000000
1609059752.588078022 0.000000000 0.000000000
1609059752.588815212 0.000000000 0.000000000
1609059752.638070345 0.000000000 0.000000000
1609059752.663149118 0.000000000 0.000000000
1609059752.663932085 0.000000000 0.000000000
1609059752.687871218 0.000000000 0.000000000
1609059752.688805342 0.000000000 0.000000000
1609059752.713056803 0.000000000 0.000000000
1609059752.738072872 0.000000000 0.000000000
1609059752.738870859 0.000000000 0.000000000
1609059752.763067007 0.000000000 0.000000000
1609059752.763849974 0.000000000 0.000000000
1609059752.813080788 0.000000000 0.000000000
1609059752.837844372 0.000000000 0.000000000
1609059752.838863850 0.000000000 0.000000000
1609059752.864118814 0.000000000 0.000000000
1609059752.864480972 0.000000000 0.000000000
1609059752.888122797 0.000000000 0.000000000
1609059752.913163185 0.000000000 0.000000000
1609059752.913888454 0.000000000 0.000000000
1609059752.938112497 0.000000000 0.000000000
1609059752.938822746 0.000000000 0.000000000
1609059752.988199472 0.000000000 0.000000000
1609059752.988862753 0.000000000 0.000000000
1609059753.012939215 0.000000000 0.000000000
1609059753.013908625 0.000000000 0.000000000
1609059753.038094521 0.000000000 0.000000000
1609059753.038862467 0.000000000 0.000000000
1609059753.063162327 0.000000000 0.000000000
1609059753.088111401 0.000000000 0.000000000
1609059753.088953972 0.000000000 0.000000000
1609059753.113156319 0.000000000 0.000000000
1609059753.113868475 0.000000000 0.000000000
1609059753.163052797 0.000000000 0.000000000
1609059753.188151121 0.000000000 0.000000000
1609059753.188842773 0.000000000 0.000000000
1609059753.213105440 0.000000000 0.000000000
1609059753.213884592 0.000000000 0.000000000
1609059753.238084078 0.000000000 0.000000000
1609059753.238767862 0.000000000 0.000000000
1609059753.263128757 0.000000000 0.000000000
1609059753.263900995 0.000000000 0.000000000
1609059753.288122654 0.000000000 0.000000000
1609059753.288859129 0.000000000 0.000000000
1609059753.338065863 0.000000000 0.000000000
1609059753.362896204 0.000000000 0.000000000
1609059753.363944769 0.000000000 0.000000000
1609059753.387936831 0.000000000 0.000000000
1609059753.388976097 0.000000000 0.000000000
1609059753.413062572 0.000000000 0.000000000
1609059753.413622379 0.000000000 0.000000000
1609059753.438073874 0.000000000 0.000000000
1609059753.438823223 0.000000000 0.000000000
1609059753.463094711 0.000000000 0.000000000
1609059753.463840008 0.000000000 0.000000000
1609059753.513360023 0.000000000 0.000000000
1609059753.538080931 0.000000000 0.000000000
1609059753.538916588 0.000000000 0.000000000
1609059753.563046694 0.000000000 0.000000000
1609059753.563884258 0.000000000 0.000000000
1609059753.588054895 0.000000000 0.000000000
1609059753.588844776 0.000000000 0.000000000
1609059753.613093138 0.000000000 0.000000000
1609059753.638086557 0.000000000 0.000000000
1609059753.638759136 0.000000000 0.000000000
1609059753.688048124 0.000000000 0.000000000
1609059753.712638855 0.000000000 0.000000000
1609059753.713852406 0.000000000 0.000000000
1609059753.737911940 0.000000000 0.000000000
1609059753.738815069 0.000000000 0.000000000
1609059753.763102055 0.000000000 0.000000000
1609059753.764444113 0.000000000 0.000000000
1609059753.788081408 0.000000000 0.000000000
1609059753.789160967 0.000000000 0.000000000
1609059753.813106775 0.000000000 0.000000000
1609059753.813802242 0.000000000 0.000000000
1609059753.863028288 0.000000000 0.000000000
1609059753.887831211 0.000000000 0.000000000
1609059753.888834715 0.000000000 0.000000000
1609059753.913077593 0.000000000 0.000000000
1609059753.913811684 0.000000000 0.000000000
1609059753.938041449 0.000000000 0.000000000
1609059753.963160753 0.000000000 0.000000000
1609059753.963884830 0.000000000 0.000000000
1609059753.988105059 0.000000000 0.000000000
1609059753.988851547 0.000000000 0.000000000
1609059754.038027048 0.000000000 0.000000000
1609059754.038307667 0.000000000 0.000000000
1609059754.063156128 0.000000000 0.000000000
1609059754.063837051 0.000000000 0.000000000
1609059754.087870121 0.000000000 0.000000000
1609059754.088851452 0.000000000 0.000000000
1609059754.113023758 0.000000000 0.000000000
1609059754.113792658 0.000000000 0.000000000
1609059754.138041735 0.000000000 0.000000000
1609059754.138901949 0.000000000 0.000000000
1609059754.163817406 0.000000000 0.000000000
1609059754.213007212 0.000000000 0.000000000
1609059754.237867832 0.000000000 0.000000000
1609059754.239551544 0.000000000 0.000000000
1609059754.263151407 0.000000000 0.000000000
1609059754.263823748 0.000000000 0.000000000
1609059754.288062572 0.000000000 0.000000000
1609059754.288806915 0.000000000 0.000000000
1609059754.313060284 0.000000000 0.000000000
1609059754.313811779 0.000000000 0.000000000
1609059754.338810444 0.000000000 0.000000000
1609059754.388076305 0.000000000 0.000000000
1609059754.388348579 0.000000000 0.000000000
1609059754.412845850 0.000000000 0.000000000
1609059754.413811922 0.000000000 0.000000000
1609059754.438126564 0.000000000 0.000000000
1609059754.438827991 0.000000000 0.000000000
1609059754.463053226 0.000000000 0.000000000
1609059754.463766575 0.000000000 0.000000000
1609059754.488106251 0.000000000 0.000000000
1609059754.513759851 0.000000000 0.000000000
1609059754.563050032 0.000000000 0.000000000
1609059754.563822508 0.000000000 0.000000000
1609059754.588049889 0.000000000 0.000000000
1609059754.588816881 0.000000000 0.000000000
1609059754.613122702 0.000000000 0.000000000
1609059754.613808393 0.000000000 0.000000000
1609059754.638070822 0.000000000 0.000000000
1609059754.638764858 0.000000000 0.000000000
1609059754.663019896 0.000000000 0.000000000
1609059754.663854837 0.000000000 0.000000000
1609059754.688064814 0.000000000 0.000000000
1609059754.688889503 0.000000000 0.000000000
1609059754.738079071 0.000000000 0.000000000
1609059754.738811731 0.000000000 0.000000000
1609059754.762959719 0.000000000 0.000000000
1609059754.763818264 0.000000000 0.000000000
1609059754.788055897 0.000000000 0.000000000
1609059754.788802624 0.000000000 0.000000000
1609059754.813034773 0.000000000 0.000000000
1609059754.813741922 0.000000000 0.000000000
1609059754.838062525 0.000000000 0.000000000
1609059754.838827133 0.000000000 0.000000000
1609059754.863765478 0.000000000 0.000000000
1609059754.913050652 0.000000000 0.000000000
1609059754.913793087 0.000000000 0.000000000
1609059754.937877655 0.000000000 0.000000000
1609059754.938869476 0.000000000 0.000000000
1609059754.962855816 0.000000000 0.000000000
1609059754.963797808 0.000000000 0.000000000
1609059754.988118172 0.000000000 0.000000000
1609059754.988779783 0.000000000 0.000000000
1609059755.013066769 0.000000000 0.000000000
1609059755.013572931 0.000000000 0.000000000
1609059755.038085461 0.000000000 0.000000000
1609059755.038795471 0.000000000 0.000000000
1609059755.088111401 0.000000000 0.000000000
1609059755.113078117 0.000000000 0.000000000
1609059755.113839626 0.000000000 0.000000000
1609059755.137845516 0.000000000 0.000000000
1609059755.138766527 0.000000000 0.000000000
1609059755.163062811 0.000000000 0.000000000
1609059755.164008141 0.000000000 0.000000000
1609059755.188183546 0.000000000 0.000000000
1609059755.188594580 0.000000000 0.000000000
1609059755.213055134 0.000000000 0.000000000
1609059755.213778019 0.000000000 0.000000000
1609059755.263073683 0.000000000 0.000000000
1609059755.288165092 0.000000000 0.000000000
1609059755.288987398 0.000000000 0.000000000
1609059755.313070536 0.000000000 0.000000000
1609059755.315386295 0.000000000 0.000000000
1609059755.338034153 0.000000000 0.000000000
1609059755.338870049 0.000000000 0.000000000
1609059755.363006592 0.000000000 0.000000000
1609059755.363596916 0.000000000 0.000000000
1609059755.388806343 0.000000000 0.000000000
1609059755.438039303 0.000000000 0.000000000
1609059755.438794136 0.000000000 0.000000000
1609059755.463058233 0.000000000 0.000000000
1609059755.463894606 0.000000000 0.000000000
1609059755.487843275 0.000000000 0.000000000
1609059755.488814592 0.000000000 0.000000000
1609059755.513037920 0.000000000 0.000000000
1609059755.513765574 0.000000000 0.000000000
1609059755.538054943 0.000000000 0.000000000
1609059755.538557291 0.000000000 0.000000000
1609059755.563757420 0.000000000 0.000000000
1609059755.613052845 0.000000000 0.000000000
1609059755.637814522 0.000000000 0.000000000
1609059755.638770580 0.000000000 0.000000000
1609059755.662804365 0.000000000 0.000000000
1609059755.663734198 0.000000000 0.000000000
1609059755.688072681 0.000000000 0.000000000
1609059755.689909935 0.000000000 0.000000000
1609059755.713045835 0.000000000 0.000000000
1609059755.713748693 0.000000000 0.000000000
1609059755.788053274 0.000000000 0.000000000
1609059755.813053608 0.000000000 0.000000000
1609059755.813792467 0.000000000 0.000000000
1609059755.838096619 0.000000000 0.000000000
1609059755.838803291 0.000000000 0.000000000
1609059755.863085270 0.000000000 0.000000000
1609059755.863795042 0.000000000 0.000000000
1609059755.888077259 0.000000000 0.000000000
1609059755.888988733 0.000000000 0.000000000
1609059755.913048506 0.000000000 0.000000000
1609059755.913795710 0.000000000 0.000000000
1609059755.963082552 0.000000000 0.000000000
1609059755.987893581 0.000000000 0.000000000
1609059755.988950491 0.000000000 0.000000000
1609059756.012820482 0.000000000 0.000000000
1609059756.013783693 0.000000000 0.000000000
1609059756.038073301 0.000000000 0.000000000
1609059756.063033581 0.000000000 0.000000000
1609059756.063890934 0.000000000 0.000000000
1609059756.088812351 0.000000000 0.000000000
1609059756.138051987 0.000000000 0.000000000
1609059756.163059473 0.000000000 0.000000000
1609059756.163860083 0.000000000 0.000000000
1609059756.187864065 0.000000000 0.000000000
1609059756.188822746 0.000000000 0.000000000
1609059756.213088989 0.000000000 0.000000000
1609059756.213606596 0.000000000 0.000000000
1609059756.238065481 0.000000000 0.000000000
1609059756.313028812 0.000000000 0.000000000
1609059756.314813852 0.000000000 0.000000000
1609059756.338012934 0.000000000 0.000000000
1609059756.338859081 0.000000000 0.000000000
1609059756.363041401 0.000000000 0.000000000
1609059756.363804817 0.000000000 0.000000000
1609059756.388041496 0.000000000 0.000000000
1609059756.413036585 0.000000000 0.000000000
1609059756.413781404 0.000000000 0.000000000
1609059756.438822031 0.000000000 0.000000000
1609059756.488097191 0.000000000 0.000000000
1609059756.512853622 0.000000000 0.000000000
1609059756.513823271 0.000000000 0.000000000
1609059756.537927866 0.000000000 0.000000000
1609059756.538806915 0.000000000 0.000000000
1609059756.563024759 0.000000000 0.000000000
1609059756.588042021 0.000000000 0.000000000
1609059756.588781595 0.000000000 0.000000000
1609059756.613804102 0.000000000 0.000000000
1609059756.663068771 0.000000000 0.000000000
1609059756.663795471 0.000000000 0.000000000
1609059756.688363552 0.000000000 0.000000000
1609059756.688824892 0.000000000 0.000000000
1609059756.713049650 0.000000000 0.000000000
1609059756.713801861 0.000000000 0.000000000
1609059756.738047838 0.000000000 0.000000000
1609059756.738831043 0.000000000 0.000000000
1609059756.763015032 0.000000000 0.000000000
1609059756.763838053 0.000000000 0.000000000
1609059756.788786411 0.000000000 0.000000000
1609059756.838044643 0.000000000 0.000000000
1609059756.838528156 0.000000000 0.000000000
1609059756.863077879 0.000000000 0.000000000
1609059756.863856077 0.000000000 0.000000000
1609059756.887854815 0.000000000 0.000000000
1609059756.888788462 0.000000000 0.000000000
1609059756.913057089 0.000000000 0.000000000
1609059756.913759470 0.000000000 0.000000000
1609059756.938010931 0.000000000 0.000000000
1609059756.938580036 0.000000000 0.000000000
1609059756.963840246 0.000000000 0.000000000
1609059757.013013124 0.000000000 0.000000000
1609059757.014080286 0.000000000 0.000000000
1609059757.038050413 0.000000000 0.000000000
1609059757.038857698 0.000000000 0.000000000
1609059757.063001156 0.000000000 0.000000000
1609059757.063778639 0.000000000 0.000000000
1609059757.088044882 0.000000000 0.000000000
1609059757.088782549 0.000000000 0.000000000
1609059757.113062382 0.000000000 0.000000000
1609059757.138726711 0.000000000 0.000000000
1609059757.188037395 0.000000000 0.000000000
1609059757.188877821 0.000000000 0.000000000
1609059757.212831020 0.000000000 0.000000000
1609059757.213815451 0.000000000 0.000000000
1609059757.238021851 0.000000000 0.000000000
1609059757.239040136 0.000000000 0.000000000
1609059757.263020515 0.000000000 0.000000000
1609059757.263797998 0.000000000 0.000000000
1609059757.288054466 0.000000000 0.000000000
1609059757.288747787 0.000000000 0.000000000
1609059757.313854694 0.000000000 0.000000000
1609059757.363006115 0.000000000 0.000000000
1609059757.387836456 0.000000000 0.000000000
1609059757.388862848 0.000000000 0.000000000
1609059757.413058996 0.000000000 0.000000000
1609059757.414964199 0.000000000 0.000000000
1609059757.438100338 0.000000000 0.000000000
1609059757.438830614 0.000000000 0.000000000
1609059757.463047028 0.000000000 0.000000000
1609059757.488741398 0.000000000 0.000000000
1609059757.538028955 0.000000000 0.000000000
1609059757.540075779 0.000000000 0.000000000
1609059757.562834740 0.000000000 0.000000000
1609059757.563864946 0.000000000 0.000000000
1609059757.588078737 0.000000000 0.000000000
1609059757.588790178 0.000000000 0.000000000
1609059757.613042831 0.000000000 0.000000000
1609059757.613800287 0.000000000 0.000000000
1609059757.637997389 0.000000000 0.000000000
1609059757.638842106 0.000000000 0.000000000
1609059757.663796902 0.000000000 0.000000000
1609059757.737855673 0.000000000 0.000000000
1609059757.738830090 0.000000000 0.000000000
1609059757.763032913 0.000000000 0.000000000
1609059757.763771057 0.000000000 0.000000000
1609059757.788047075 0.000000000 0.000000000
1609059757.788731813 0.000000000 0.000000000
1609059757.813042641 0.000000000 0.000000000
1609059757.813852310 0.000000000 0.000000000
1609059757.837671757 0.000000000 0.000000000
1609059757.838794947 0.000000000 0.000000000
1609059757.888039827 0.000000000 0.000000000
1609059757.913021803 0.000000000 0.000000000
1609059757.913805962 0.000000000 0.000000000
1609059757.938047409 0.000000000 0.000000000
1609059757.938789606 0.000000000 0.000000000
1609059757.963112354 0.000000000 0.000000000
1609059757.963768244 0.000000000 0.000000000
1609059757.988054514 0.000000000 0.000000000
1609059757.988740921 0.000000000 0.000000000
1609059758.012590647 0.000000000 0.000000000
1609059758.013757706 0.000000000 0.000000000
1609059758.062999249 0.000000000 0.000000000
1609059758.088011503 0.000000000 0.000000000
1609059758.089842319 0.000000000 0.000000000
1609059758.113042593 0.000000000 0.000000000
1609059758.113806009 0.000000000 0.000000000
1609059758.138017654 0.000000000 0.000000000
1609059758.138756752 0.000000000 0.000000000
1609059758.163028955 0.000000000 0.000000000
1609059758.163860321 0.000000000 0.000000000
1609059758.188731909 0.000000000 0.000000000
1609059758.238001108 0.000000000 0.000000000
1609059758.238730192 0.000000000 0.000000000
1609059758.263113976 0.000000000 0.000000000
1609059758.263835430 0.000000000 0.000000000
1609059758.288076401 0.000000000 0.000000000
1609059758.288811684 0.000000000 0.000000000
1609059758.313195229 0.000000000 0.000000000
1609059758.313783646 0.000000000 0.000000000
1609059758.338021755 0.000000000 0.000000000
1609059758.363025427 0.000000000 0.000000000
1609059758.363798380 0.000000000 0.000000000
1609059758.412997484 0.000000000 0.000000000
1609059758.438004494 0.000000000 0.000000000
1609059758.438824177 0.000000000 0.000000000
1609059758.488018036 0.000000000 0.000000000
1609059758.488721848 0.000000000 0.000000000
1609059758.513061762 0.000000000 0.000000000
1609059758.538054705 0.000000000 0.000000000
1609059758.538715601 0.000000000 0.000000000
1609059758.588048220 0.000000000 0.000000000
1609059758.613023520 0.000000000 0.000000000
1609059758.613823652 0.000000000 0.000000000
1609059758.638035536 0.000000000 0.000000000
1609059758.638752937 0.000000000 0.000000000
1609059758.662999868 0.000000000 0.000000000
1609059758.663765430 0.000000000 0.000000000
1609059758.688476562 0.000000000 0.000000000
1609059758.688951492 0.000000000 0.000000000
1609059758.713090420 0.000000000 0.000000000
1609059758.713752747 0.000000000 0.000000000
1609059758.763092041 0.000000000 0.000000000
1609059758.788028240 0.000000000 0.000000000
1609059758.788508177 0.000000000 0.000000000
1609059758.813037157 0.000000000 0.000000000
1609059758.813786030 0.000000000 0.000000000
1609059758.838049889 0.000000000 0.000000000
1609059758.863065004 0.000000000 0.000000000
1609059758.863756180 0.000000000 0.000000000
1609059758.888074160 0.000000000 0.000000000
1609059758.888789415 0.000000000 0.000000000
1609059758.937999249 0.000000000 0.000000000
1609059758.963039637 0.000000000 0.000000000
1609059758.963762522 0.000000000 0.000000000
1609059759.013027668 0.000000000 0.000000000
1609059759.038010597 0.000000000 0.000000000
1609059759.038760900 0.000000000 0.000000000
1609059759.063051939 0.000000000 0.000000000
1609059759.063734770 0.000000000 0.000000000
1609059759.113029957 0.000000000 0.000000000
1609059759.138004541 0.000000000 0.000000000
1609059759.138507366 0.000000000 0.000000000
1609059759.163014650 0.000000000 0.000000000
1609059759.163790464 0.000000000 0.000000000
1609059759.188084602 0.000000000 0.000000000
1609059759.213124037 0.000000000 0.000000000
1609059759.213737726 0.000000000 0.000000000
1609059759.238034487 0.000000000 0.000000000
1609059759.238808155 0.000000000 0.000000000
1609059759.287985086 0.000000000 0.000000000
1609059759.313004732 0.000000000 0.000000000
1609059759.313756704 0.000000000 0.000000000
1609059759.337997198 0.000000000 0.000000000
1609059759.338961363 0.000000000 0.000000000
1609059759.363022566 0.000000000 0.000000000
1609059759.365069628 0.000000000 0.000000000
1609059759.387986422 0.000000000 0.000000000
1609059759.388728857 0.000000000 0.000000000
1609059759.413052559 0.000000000 0.000000000
1609059759.413740873 0.000000000 0.000000000
1609059759.462997913 0.000000000 0.000000000
1609059759.464092731 0.000000000 0.000000000
1609059759.488052607 0.000000000 0.000000000
1609059759.488741398 0.000000000 0.000000000
1609059759.513066530 0.000000000 0.000000000
1609059759.513751030 0.000000000 0.000000000
1609059759.538030386 0.000000000 0.000000000
1609059759.538536310 0.000000000 0.000000000
1609059759.563064814 0.000000000 0.000000000
1609059759.565120697 0.000000000 0.000000000
1609059759.588006496 0.000000000 0.000000000
1609059759.588720560 0.000000000 0.000000000
1609059759.637996197 0.000000000 0.000000000
1609059759.663049221 0.000000000 0.000000000
1609059759.663694382 0.000000000 0.000000000
1609059759.688018322 0.000000000 0.000000000
1609059759.688727856 0.000000000 0.000000000
1609059759.713376045 0.000000000 0.000000000
1609059759.739996672 0.000000000 0.000000000
1609059759.740439892 0.000000000 0.000000000
1609059759.763036728 0.000000000 0.000000000
1609059759.763782978 0.000000000 0.000000000
1609059759.813020468 0.000000000 0.000000000
1609059759.837989807 0.000000000 0.000000000
1609059759.838539839 0.000000000 0.000000000
1609059759.862996578 0.000000000 0.000000000
1609059759.863973856 0.000000000 0.000000000
1609059759.888021708 0.000000000 0.000000000
1609059759.913135767 0.000000000 0.000000000
1609059759.913786888 0.000000000 0.000000000
1609059759.938759327 0.000000000 0.000000000
1609059759.987974167 0.000000000 0.000000000
1609059760.013016462 0.000000000 0.000000000
1609059760.013687372 0.000000000 0.000000000
1609059760.037987709 0.000000000 0.000000000
1609059760.038777351 0.000000000 0.000000000
1609059760.063097954 0.000000000 0.000000000
1609059760.087995291 0.000000000 0.000000000
1609059760.113715649 0.000000000 0.000000000
1609059760.163019180 0.000000000 0.000000000
1609059760.188052416 0.000000000 0.000000000
1609059760.188506842 0.000000000 0.000000000
1609059760.213034868 0.000000000 0.000000000
1609059760.215049267 0.000000000 0.000000000
1609059760.238075018 0.000000000 0.000000000
1609059760.238785028 0.000000000 0.000000000
1609059760.263019085 0.000000000 0.000000000
1609059760.263777018 0.000000000 0.000000000
1609059760.288020611 0.000000000 0.000000000
1609059760.288717508 0.000000000 0.000000000
1609059760.338061333 0.000000000 0.000000000
1609059760.363000154 0.000000000 0.000000000
1609059760.363558769 0.000000000 0.000000000
1609059760.388694048 0.000000000 0.000000000
1609059760.437991858 0.000000000 0.000000000
1609059760.438675165 0.000000000 0.000000000
1609059760.463059187 0.000000000 0.000000000
1609059760.463721275 0.000000000 0.000000000
1609059760.513052225 0.000000000 0.000000000
1609059760.538008213 0.000000000 0.000000000
1609059760.538743973 0.000000000 0.000000000
1609059760.563167334 0.000000000 0.000000000
1609059760.564019680 0.000000000 0.000000000
1609059760.588001251 0.000000000 0.000000000
1609059760.588713646 0.000000000 0.000000000
1609059760.613080025 0.000000000 0.000000000
1609059760.613752842 0.000000000 0.000000000
1609059760.638034582 0.000000000 0.000000000
1609059760.638719559 0.000000000 0.000000000
1609059760.687979460 0.000000000 0.000000000
1609059760.688789368 0.000000000 0.000000000
1609059760.713145494 0.000000000 0.000000000
1609059760.713732958 0.000000000 0.000000000
1609059760.738035202 0.000000000 0.000000000
1609059760.738715410 0.000000000 0.000000000
1609059760.763093233 0.000000000 0.000000000
1609059760.787992239 0.000000000 0.000000000
1609059760.788731337 0.000000000 0.000000000
1609059760.813112736 0.000000000 0.000000000
1609059760.813669205 0.000000000 0.000000000
1609059760.863033056 0.000000000 0.000000000
1609059760.863722801 0.000000000 0.000000000
1609059760.888026714 0.000000000 0.000000000
1609059760.889213085 0.000000000 0.000000000
1609059760.913073301 0.000000000 0.000000000
1609059760.913700819 0.000000000 0.000000000
1609059760.938095331 0.000000000 0.000000000
1609059760.938646317 0.000000000 0.000000000
1609059760.963756561 0.000000000 0.000000000
1609059760.964164972 0.000000000 0.000000000
1609059760.988072157 0.000000000 0.000000000
1609059760.988739252 0.000000000 0.000000000
1609059761.037965775 0.000000000 0.000000000
1609059761.038667202 0.000000000 0.000000000
1609059761.063116789 0.000000000 0.000000000
1609059761.063682079 0.000000000 0.000000000
1609059761.087965965 0.000000000 0.000000000
1609059761.088686228 0.000000000 0.000000000
1609059761.112990379 0.000000000 0.000000000
1609059761.137980223 0.000000000 0.000000000
1609059761.138722181 0.000000000 0.000000000
1609059761.163020372 0.000000000 0.000000000
1609059761.163707256 0.000000000 0.000000000
1609059761.212977409 0.000000000 0.000000000
1609059761.214226246 0.000000000 0.000000000
1609059761.237957239 0.000000000 0.000000000
1609059761.238705873 0.000000000 0.000000000
1609059761.262956381 0.000000000 0.000000000
1609059761.263733387 0.000000000 0.000000000
1609059761.288030863 0.000000000 0.000000000
1609059761.288536549 0.000000000 0.000000000
1609059761.313031435 0.000000000 0.000000000
1609059761.315197945 0.000000000 0.000000000
1609059761.337976456 0.000000000 0.000000000
1609059761.338710308 0.000000000 0.000000000
1609059761.388094425 0.000000000 0.000000000
1609059761.388699770 0.000000000 0.000000000
1609059761.413033485 0.000000000 0.000000000
1609059761.413719416 0.000000000 0.000000000
1609059761.437986374 0.000000000 0.000000000
1609059761.438669682 0.000000000 0.000000000
1609059761.463013649 0.000000000 0.000000000
1609059761.463706970 0.000000000 0.000000000
1609059761.487960339 0.000000000 0.000000000
1609059761.488692760 0.000000000 0.000000000
1609059761.513047695 0.000000000 0.000000000
1609059761.513691187 0.000000000 0.000000000
1609059761.562964916 0.000000000 0.000000000
1609059761.563721418 0.000000000 0.000000000
1609059761.588028669 0.000000000 0.000000000
1609059761.588695765 0.000000000 0.000000000
1609059761.612989664 0.000000000 0.000000000
1609059761.613940239 0.000000000 0.000000000
1609059761.637973547 0.000000000 0.000000000
1609059761.638679028 0.000000000 0.000000000
1609059761.662988424 0.000000000 0.000000000
1609059761.663673162 0.000000000 0.000000000
1609059761.687969208 0.000000000 0.000000000
1609059761.688652992 0.000000000 0.000000000
1609059761.737962008 0.000000000 0.000000000
1609059761.738698721 0.000000000 0.000000000
1609059761.763035774 0.000000000 0.000000000
1609059761.763988972 0.000000000 0.000000000
1609059761.788661003 0.000000000 0.000000000
1609059761.812981367 0.000000000 0.000000000
1609059761.814911127 0.000000000 0.000000000
1609059761.838067770 0.000000000 0.000000000
1609059761.838695526 0.000000000 0.000000000
1609059761.862959385 0.000000000 0.000000000
1609059761.863693237 0.000000000 0.000000000
1609059761.913010359 0.000000000 0.000000000
1609059761.937974691 0.000000000 0.000000000
1609059761.939923763 0.000000000 0.000000000
1609059761.963704348 0.000000000 0.000000000
1609059761.987956285 0.000000000 0.000000000
1609059762.012991905 0.000000000 0.000000000
1609059762.013660431 0.000000000 0.000000000
1609059762.037947655 0.000000000 0.000000000
1609059762.038786411 0.000000000 0.000000000
1609059762.087918282 0.000000000 0.000000000
1609059762.113007307 0.000000000 0.000000000
1609059762.113640547 0.000000000 0.000000000
1609059762.138606071 0.000000000 0.000000000
1609059762.163158655 0.000000000 0.000000000
1609059762.163691282 0.000000000 0.000000000
1609059762.187915564 0.000000000 0.000000000
1609059762.188641787 0.000000000 0.000000000
1609059762.213002682 0.000000000 0.000000000
1609059762.213657141 0.000000000 0.000000000
1609059762.262957335 0.000000000 0.000000000
1609059762.264253616 0.000000000 0.000000000
1609059762.287934780 0.000000000 0.000000000
1609059762.288630962 0.000000000 0.000000000
1609059762.313587189 0.000000000 0.000000000
1609059762.337917566 0.000000000 0.000000000
1609059762.338644505 0.000000000 0.000000000
1609059762.362940073 0.000000000 0.000000000
1609059762.363697290 0.000000000 0.000000000
1609059762.387928486 0.000000000 0.000000000
1609059762.388657808 0.000000000 0.000000000
1609059762.437919855 0.000000000 0.000000000
1609059762.462952614 0.000000000 0.000000000
1609059762.463679790 0.000000000 0.000000000
1609059762.488666534 0.000000000 0.000000000
1609059762.512977362 0.000000000 0.000000000
1609059762.513737202 0.000000000 0.000000000
1609059762.538048744 0.000000000 0.000000000
1609059762.538666964 0.000000000 0.000000000
1609059762.562959194 0.000000000 0.000000000
1609059762.563733578 0.000000000 0.000000000
1609059762.613008261 0.000000000 0.000000000
1609059762.613635063 0.000000000 0.000000000
1609059762.637976885 0.000000000 0.000000000
1609059762.638666630 0.000000000 0.000000000
1609059762.663648367 0.000000000 0.000000000
1609059762.687980890 0.000000000 0.000000000
1609059762.688638926 0.000000000 0.000000000
1609059762.713049889 0.000000000 0.000000000
1609059762.713646889 0.000000000 0.000000000
1609059762.737942219 0.000000000 0.000000000
1609059762.738661766 0.000000000 0.000000000
1609059762.787932873 0.000000000 0.000000000
1609059762.788642645 0.000000000 0.000000000
1609059762.813068628 0.000000000 0.000000000
1609059762.813767195 0.000000000 0.000000000
1609059762.837953091 0.000000000 0.000000000
1609059762.838636637 0.000000000 0.000000000
1609059762.862957239 0.000000000 0.000000000
1609059762.864888191 0.000000000 0.000000000
1609059762.887946844 0.000000000 0.000000000
1609059762.888651609 0.000000000 0.000000000
1609059762.912978888 0.000000000 0.000000000
1609059762.913640738 0.000000000 0.000000000
1609059762.963016033 0.000000000 0.000000000
1609059762.988041162 0.000000000 0.000000000
1609059762.988707542 0.000000000 0.000000000
1609059763.012954712 0.000000000 0.000000000
1609059763.014485598 0.000000000 0.000000000
1609059763.037986755 0.000000000 0.000000000
1609059763.038647890 0.000000000 0.000000000
1609059763.062977076 0.000000000 0.000000000
1609059763.063648224 0.000000000 0.000000000
1609059763.087900162 0.000000000 0.000000000
1609059763.088667154 0.000000000 0.000000000
1609059763.137931824 0.000000000 0.000000000
1609059763.162948608 0.000000000 0.000000000
1609059763.163661003 0.000000000 0.000000000
1609059763.187995672 0.000000000 0.000000000
1609059763.188730001 0.000000000 0.000000000
1609059763.212994814 0.000000000 0.000000000
1609059763.213639498 0.000000000 0.000000000
1609059763.237977743 0.000000000 0.000000000
1609059763.238679647 0.000000000 0.000000000
1609059763.262964964 0.000000000 0.000000000
1609059763.263807058 0.000000000 0.000000000
1609059763.312958956 0.000000000 0.000000000
1609059763.338078976 0.000000000 0.000000000
1609059763.338612080 0.000000000 0.000000000
1609059763.362975597 0.000000000 0.000000000
1609059763.363712072 0.000000000 0.000000000
1609059763.387978792 0.000000000 0.000000000
1609059763.388626337 0.000000000 0.000000000
1609059763.415196419 0.000000000 0.000000000
1609059763.487975836 0.000000000 0.000000000
1609059763.512945890 0.000000000 0.000000000
1609059763.513582230 0.000000000 0.000000000
1609059763.537911177 0.000000000 0.000000000
1609059763.538558483 0.000000000 0.000000000
1609059763.562867165 0.000000000 0.000000000
1609059763.563614845 0.000000000 0.000000000
1609059763.587912321 0.000000000 0.000000000
1609059763.588563442 0.000000000 0.000000000
1609059763.612896919 0.000000000 0.000000000
1609059763.613595724 0.000000000 0.000000000
1609059763.662892103 0.000000000 0.000000000
1609059763.687933683 0.000000000 0.000000000
1609059763.688594818 0.000000000 0.000000000
1609059763.712855101 0.000000000 0.000000000
1609059763.713549614 0.000000000 0.000000000
1609059763.737918854 0.000000000 0.000000000
1609059763.738609791 0.000000000 0.000000000
1609059763.762898922 0.000000000 0.000000000
1609059763.763623476 0.000000000 0.000000000
1609059763.787863016 0.000000000 0.000000000
1609059763.788570642 0.000000000 0.000000000
1609059763.837865353 0.000000000 0.000000000
1609059763.862873077 0.000000000 0.000000000
1609059763.863585949 0.000000000 0.000000000
1609059763.887864590 0.000000000 0.000000000
1609059763.888563156 0.000000000 0.000000000
1609059763.912878990 0.000000000 0.000000000
1609059763.913554430 0.000000000 0.000000000
1609059763.937882662 0.000000000 0.000000000
1609059763.938568830 0.000000000 0.000000000
1609059763.962868214 0.000000000 0.000000000
1609059763.963678122 0.000000000 0.000000000
1609059764.012885571 0.000000000 0.000000000
1609059764.013597012 0.000000000 0.000000000
1609059764.037923098 0.000000000 0.000000000
1609059764.038637638 0.000000000 0.000000000
1609059764.063582897 0.000000000 0.000000000
1609059764.087921858 0.000000000 0.000000000
1609059764.088588715 0.000000000 0.000000000
1609059764.112898827 0.000000000 0.000000000
1609059764.113588810 0.000000000 0.000000000
1609059764.138764858 0.000000000 0.000000000
1609059764.139019012 0.000000000 0.000000000
1609059764.187890291 0.000000000 0.000000000
1609059764.212924719 0.000000000 0.000000000
1609059764.213571072 0.000000000 0.000000000
1609059764.238588095 0.000000000 0.000000000
1609059764.262860537 0.000000000 0.000000000
1609059764.263616562 0.000000000 0.000000000
1609059764.287903547 0.000000000 0.000000000
1609059764.288623095 0.000000000 0.000000000
1609059764.312864065 0.000000000 0.000000000
1609059764.313892841 0.000000000 0.000000000
1609059764.362854719 0.000000000 0.000000000
1609059764.387900352 0.000000000 0.000000000
1609059764.388580561 0.000000000 0.000000000
1609059764.413603067 0.000000000 0.000000000
1609059764.437879801 0.000000000 0.000000000
1609059764.438605547 0.000000000 0.000000000
1609059764.462880611 0.000000000 0.000000000
1609059764.463843822 0.000000000 0.000000000
1609059764.487889290 0.000000000 0.000000000
1609059764.488584518 0.000000000 0.000000000
1609059764.537883997 0.000000000 0.000000000
1609059764.562916994 0.000000000 0.000000000
1609059764.563611269 0.000000000 0.000000000
1609059764.588566780 0.000000000 0.000000000
1609059764.612869501 0.000000000 0.000000000
1609059764.613598585 0.000000000 0.000000000
1609059764.637924194 0.000000000 0.000000000
1609059764.638946295 0.000000000 0.000000000
1609059764.662912130 0.000000000 0.000000000
1609059764.663611412 0.000000000 0.000000000
1609059764.737846136 0.000000000 0.000000000
1609059764.738575459 0.000000000 0.000000000
1609059764.762873173 0.000000000 0.000000000
1609059764.763616562 0.000000000 0.000000000
1609059764.787916422 0.000000000 0.000000000
1609059764.788605690 0.000000000 0.000000000
1609059764.812900782 0.000000000 0.000000000
1609059764.813573837 0.000000000 0.000000000
1609059764.837912560 0.000000000 0.000000000
1609059764.838619947 0.000000000 0.000000000
1609059764.887916327 0.000000000 0.000000000
1609059764.912880421 0.000000000 0.000000000
1609059764.913969755 0.000000000 0.000000000
1609059764.938575983 0.000000000 0.000000000
1609059764.987961292 0.000000000 0.000000000
1609059764.988586426 0.000000000 0.000000000
1609059765.012878895 0.000000000 0.000000000
1609059765.013865948 0.000000000 0.000000000
1609059765.062884569 0.000000000 0.000000000
1609059765.063613176 0.000000000 0.000000000
1609059765.087905884 0.000000000 0.000000000
1609059765.088610888 0.000000000 0.000000000
1609059765.112864971 0.000000000 0.000000000
1609059765.113599300 0.000000000 0.000000000
1609059765.137897730 0.000000000 0.000000000
1609059765.138622522 0.000000000 0.000000000
1609059765.162882328 0.000000000 0.000000000
1609059765.163601160 0.000000000 0.000000000
1609059765.187857389 0.000000000 0.000000000
1609059765.188601255 0.000000000 0.000000000
1609059765.237879753 0.000000000 0.000000000
1609059765.238565922 0.000000000 0.000000000
1609059765.262876749 0.000000000 0.000000000
1609059765.263617277 0.000000000 0.000000000
1609059765.287863016 0.000000000 0.000000000
1609059765.288554192 0.000000000 0.000000000
1609059765.312892437 0.000000000 0.000000000
1609059765.313617706 0.000000000 0.000000000
1609059765.337891817 0.000000000 0.000000000
1609059765.338567734 0.000000000 0.000000000
1609059765.362946033 0.000000000 0.000000000
1609059765.363584280 0.000000000 0.000000000
1609059765.412875414 0.000000000 0.000000000
1609059765.437896729 0.000000000 0.000000000
1609059765.438580513 0.000000000 0.000000000
1609059765.463678837 0.000000000 0.000000000
1609059765.487883806 0.000000000 0.000000000
1609059765.488615274 0.000000000 0.000000000
1609059765.512900114 0.000000000 0.000000000
1609059765.513613224 0.000000000 0.000000000
1609059765.537872314 0.000000000 0.000000000
1609059765.538617611 0.000000000 0.000000000
1609059765.587934732 0.000000000 0.000000000
1609059765.588800192 0.000000000 0.000000000
1609059765.612895489 0.000000000 0.000000000
1609059765.613590956 0.000000000 0.000000000
1609059765.638574600 0.000000000 0.000000000
1609059765.662863016 0.000000000 0.000000000
1609059765.663584709 0.000000000 0.000000000
1609059765.687911034 0.000000000 0.000000000
1609059765.689048767 0.000000000 0.000000000
1609059765.712988377 0.000000000 0.000000000
1609059765.714400291 0.000000000 0.000000000
1609059765.762909174 0.000000000 0.000000000
1609059765.787877798 0.000000000 0.000000000
1609059765.788578510 0.000000000 0.000000000
1609059765.812869072 0.000000000 0.000000000
1609059765.813590288 0.000000000 0.000000000
1609059765.837888002 0.000000000 0.000000000
1609059765.838626385 0.000000000 0.000000000
1609059765.862905741 0.000000000 0.000000000
1609059765.864190102 0.000000000 0.000000000
1609059765.887904167 0.000000000 0.000000000
1609059765.888577938 0.000000000 0.000000000
1609059765.937857389 0.000000000 0.000000000
1609059765.962876558 0.000000000 0.000000000
1609059765.963675737 0.000000000 0.000000000
1609059765.987874269 0.000000000 0.000000000
1609059765.989161491 0.000000000 0.000000000
1609059766.012880564 0.000000000 0.000000000
1609059766.013748407 0.000000000 0.000000000
1609059766.037943602 0.000000000 0.000000000
1609059766.038606882 0.000000000 0.000000000
1609059766.062888384 0.000000000 0.000000000
1609059766.063550472 0.000000000 0.000000000
1609059766.113428116 0.000000000 0.000000000
1609059766.137845278 0.000000000 0.000000000
1609059766.138578653 0.000000000 0.000000000
1609059766.162927628 0.000000000 0.000000000
1609059766.163788557 0.000000000 0.000000000
1609059766.187853575 0.000000000 0.000000000
1609059766.212932110 0.000000000 0.000000000
1609059766.213605165 0.000000000 0.000000000
1609059766.237837315 0.000000000 0.000000000
1609059766.238590240 0.000000000 0.000000000
1609059766.287868977 0.000000000 0.000000000
1609059766.312828541 0.000000000 0.000000000
1609059766.313557863 0.000000000 0.000000000
1609059766.337846041 0.000000000 0.000000000
1609059766.338565826 0.000000000 0.000000000
1609059766.362912178 0.000000000 0.000000000
1609059766.363586664 0.000000000 0.000000000
1609059766.387904406 0.000000000 0.000000000
1609059766.412864685 0.000000000 0.000000000
1609059766.413603067 0.000000000 0.000000000
1609059766.462835312 0.000000000 0.000000000
1609059766.487856865 0.000000000 0.000000000
1609059766.488614798 0.000000000 0.000000000
1609059766.512875319 0.000000000 0.000000000
1609059766.513838291 0.000000000 0.000000000
1609059766.537830591 0.000000000 0.000000000
1609059766.538581133 0.000000000 0.000000000
1609059766.562863111 0.000000000 0.000000000
1609059766.563601971 0.000000000 0.000000000
1609059766.587861538 0.000000000 0.000000000
1609059766.588539124 0.000000000 0.000000000
1609059766.637861252 0.000000000 0.000000000
1609059766.638543367 0.000000000 0.000000000
1609059766.662860632 0.000000000 0.000000000
1609059766.663663149 0.000000000 0.000000000
1609059766.687857151 0.000000000 0.000000000
1609059766.688571215 0.000000000 0.000000000
1609059766.713585615 0.000000000 0.000000000
1609059766.713818073 0.000000000 0.000000000
1609059766.737868547 0.000000000 0.000000000
1609059766.812813997 0.000000000 0.000000000
1609059766.813549995 0.000000000 0.000000000
1609059766.837836981 0.000000000 0.000000000
1609059766.838556767 0.000000000 0.000000000
1609059766.863596916 0.000000000 0.000000000
1609059766.887838125 0.000000000 0.000000000
1609059766.888744593 0.000000000 0.000000000
1609059766.912868261 0.000000000 0.000000000
1609059766.913559437 0.000000000 0.000000000
1609059766.937862635 0.000000000 0.000000000
1609059766.938550711 0.000000000 0.000000000
1609059766.987868071 0.000000000 0.000000000
1609059767.012839079 0.000000000 0.000000000
1609059767.013546467 0.000000000 0.000000000
1609059767.037875652 0.000000000 0.000000000
1609059767.062875271 0.000000000 0.000000000
1609059767.063565254 0.000000000 0.000000000
1609059767.087851524 0.000000000 0.000000000
1609059767.112821579 0.000000000 0.000000000
1609059767.113831997 0.000000000 0.000000000
1609059767.162840128 0.000000000 0.000000000
1609059767.187856913 0.000000000 0.000000000
1609059767.188542604 0.000000000 0.000000000
1609059767.212815046 0.000000000 0.000000000
1609059767.213557959 0.000000000 0.000000000
1609059767.237835169 0.000000000 0.000000000
1609059767.238832712 0.000000000 0.000000000
1609059767.262847900 0.000000000 0.000000000
1609059767.263595104 0.000000000 0.000000000
1609059767.287845850 0.000000000 0.000000000
1609059767.288540602 0.000000000 0.000000000
1609059767.337827921 0.000000000 0.000000000
1609059767.362859726 0.000000000 0.000000000
1609059767.363584518 0.000000000 0.000000000
1609059767.387833357 0.000000000 0.000000000
1609059767.388573885 0.000000000 0.000000000
1609059767.412827253 0.000000000 0.000000000
1609059767.413558722 0.000000000 0.000000000
1609059767.437814474 0.000000000 0.000000000
1609059767.438560486 0.000000000 0.000000000
1609059767.462873459 0.000000000 0.000000000
1609059767.463549852 0.000000000 0.000000000
1609059767.512799263 0.000000000 0.000000000
1609059767.513524771 0.000000000 0.000000000
1609059767.537830591 0.000000000 0.000000000
1609059767.538545132 0.000000000 0.000000000
1609059767.563585281 0.000000000 0.000000000
1609059767.587823391 0.000000000 0.000000000
1609059767.612824678 0.000000000 0.000000000
1609059767.613521814 0.000000000 0.000000000
1609059767.637794971 0.000000000 0.000000000
1609059767.638527155 0.000000000 0.000000000
1609059767.687848568 0.000000000 0.000000000
1609059767.712831497 0.000000000 0.000000000
1609059767.713541508 0.000000000 0.000000000
1609059767.762854815 0.000000000 0.000000000
1609059767.763581276 0.000000000 0.000000000
1609059767.787845135 0.000000000 0.000000000
1609059767.788763046 0.000000000 0.000000000
1609059767.812863111 0.000000000 0.000000000
1609059767.813538790 0.000000000 0.000000000
1609059767.862792969 0.000000000 0.000000000
1609059767.887842178 0.000000000 0.000000000
1609059767.888510466 0.000000000 0.000000000
1609059767.913562536 0.000000000 0.000000000
1609059767.937789679 0.000000000 0.000000000
1609059767.938525915 0.000000000 0.000000000
1609059767.962853670 0.000000000 0.000000000
1609059767.963612318 0.000000000 0.000000000
1609059767.987857580 0.000000000 0.000000000
1609059767.988529921 0.000000000 0.000000000
1609059768.037857294 0.000000000 0.000000000
1609059768.062820673 0.000000000 0.000000000
1609059768.063541412 0.000000000 0.000000000
1609059768.087804317 0.000000000 0.000000000
1609059768.088577509 0.000000000 0.000000000
1609059768.112864017 0.000000000 0.000000000
1609059768.113523960 0.000000000 0.000000000
1609059768.137830973 0.000000000 0.000000000
1609059768.138571024 0.000000000 0.000000000
1609059768.162839413 0.000000000 0.000000000
1609059768.163595915 0.000000000 0.000000000
1609059768.212857008 0.000000000 0.000000000
1609059768.213505268 0.000000000 0.000000000
1609059768.237832785 0.000000000 0.000000000
1609059768.238554001 0.000000000 0.000000000
1609059768.287786245 0.000000000 0.000000000
1609059768.288547993 0.000000000 0.000000000
1609059768.312822580 0.000000000 0.000000000
1609059768.313531876 0.000000000 0.000000000
1609059768.337810755 0.000000000 0.000000000
1609059768.338625193 0.000000000 0.000000000
1609059768.387823343 0.000000000 0.000000000
1609059768.388544083 0.000000000 0.000000000
1609059768.412805557 0.000000000 0.000000000
1609059768.413522959 0.000000000 0.000000000
1609059768.437795639 0.000000000 0.000000000
1609059768.438554287 0.000000000 0.000000000
1609059768.462853193 0.000000000 0.000000000
1609059768.463553905 0.000000000 0.000000000
1609059768.487801552 0.000000000 0.000000000
1609059768.488573074 0.000000000 0.000000000
1609059768.512838840 0.000000000 0.000000000
1609059768.513298273 0.000000000 0.000000000
1609059768.562832117 0.000000000 0.000000000
1609059768.587800026 0.000000000 0.000000000
1609059768.588527441 0.000000000 0.000000000
1609059768.612807989 0.000000000 0.000000000
1609059768.613504648 0.000000000 0.000000000
1609059768.637823820 0.000000000 0.000000000
1609059768.638518095 0.000000000 0.000000000
1609059768.662821770 0.000000000 0.000000000
1609059768.663560152 0.000000000 0.000000000
1609059768.687787294 0.000000000 0.000000000
1609059768.688492298 0.000000000 0.000000000
1609059768.737799644 0.000000000 0.000000000
1609059768.738493204 0.000000000 0.000000000
1609059768.762847424 0.000000000 0.000000000
1609059768.763625145 0.000000000 0.000000000
1609059768.787829638 0.000000000 0.000000000
1609059768.788535833 0.000000000 0.000000000
1609059768.812795162 0.000000000 0.000000000
1609059768.813734770 0.000000000 0.000000000
1609059768.837780237 0.000000000 0.000000000
1609059768.838494539 0.000000000 0.000000000
1609059768.862832069 0.000000000 0.000000000
1609059768.863533020 0.000000000 0.000000000
1609059768.912822485 0.000000000 0.000000000
1609059768.913490534 0.000000000 0.000000000
1609059768.937781572 0.000000000 0.000000000
1609059768.938506603 0.000000000 0.000000000
1609059768.963591814 0.000000000 0.000000000
1609059768.987787247 0.000000000 0.000000000
1609059768.988580227 0.000000000 0.000000000
1609059769.012834549 0.000000000 0.000000000
1609059769.037800312 0.000000000 0.000000000
1609059769.038502216 0.000000000 0.000000000
1609059769.087800264 0.000000000 0.000000000
1609059769.088034153 0.000000000 0.000000000
1609059769.112782955 0.000000000 0.000000000
1609059769.113779068 0.000000000 0.000000000
1609059769.137786627 0.000000000 0.000000000
1609059769.138541937 0.000000000 0.000000000
1609059769.162817717 0.000000000 0.000000000
1609059769.163583517 0.000000000 0.000000000
1609059769.187823296 0.000000000 0.000000000
1609059769.188487768 0.000000000 0.000000000
1609059769.212810755 0.000000000 0.000000000
1609059769.213306189 0.000000000 0.000000000
1609059769.262794495 0.000000000 0.000000000
1609059769.263776302 0.000000000 0.000000000
1609059769.287805080 0.000000000 0.000000000
1609059769.288518667 0.000000000 0.000000000
1609059769.312755346 0.000000000 0.000000000
1609059769.313500404 0.000000000 0.000000000
1609059769.337809324 0.000000000 0.000000000
1609059769.338531733 0.000000000 0.000000000
1609059769.362786531 0.000000000 0.000000000
1609059769.363536835 0.000000000 0.000000000
1609059769.387834072 0.000000000 0.000000000
1609059769.388580084 0.000000000 0.000000000
1609059769.437818766 0.000000000 0.000000000
1609059769.438490152 0.000000000 0.000000000
1609059769.462836504 0.000000000 0.000000000
1609059769.463472843 0.000000000 0.000000000
1609059769.487782955 0.000000000 0.000000000
1609059769.488510609 0.000000000 0.000000000
1609059769.512796164 0.000000000 0.000000000
1609059769.513463974 0.000000000 0.000000000
1609059769.537814856 0.000000000 0.000000000
1609059769.538551092 0.000000000 0.000000000
1609059769.562770128 0.000000000 0.000000000
1609059769.563539743 0.000000000 0.000000000
1609059769.612736225 0.000000000 0.000000000
1609059769.613479137 0.000000000 0.000000000
1609059769.637813091 0.000000000 0.000000000
1609059769.638476372 0.000000000 0.000000000
1609059769.662742853 0.000000000 0.000000000
1609059769.663542032 0.000000000 0.000000000
1609059769.687843561 0.000000000 0.000000000
1609059769.688519955 0.000000000 0.000000000
1609059769.712846756 0.000000000 0.000000000
1609059769.713488579 0.000000000 0.000000000
1609059769.737791538 0.000000000 0.000000000
1609059769.738497496 0.000000000 0.000000000
1609059769.787791014 0.000000000 0.000000000
1609059769.788501740 0.000000000 0.000000000
1609059769.812816620 0.000000000 0.000000000
1609059769.813475847 0.000000000 0.000000000
1609059769.837859392 0.000000000 0.000000000
1609059769.838518620 0.000000000 0.000000000
1609059769.862818718 0.000000000 0.000000000
1609059769.863497496 0.000000000 0.000000000
1609059769.887763023 0.000000000 0.000000000
1609059769.888482809 0.000000000 0.000000000
1609059769.912797928 0.000000000 0.000000000
1609059769.913471222 0.000000000 0.000000000
1609059769.962811232 0.000000000 0.000000000
1609059769.963562727 0.000000000 0.000000000
1609059769.987750292 0.000000000 0.000000000
1609059769.988511324 0.000000000 0.000000000
1609059770.013502836 0.000000000 0.000000000
1609059770.037760496 0.000000000 0.000000000
1609059770.038468599 0.000000000 0.000000000
1609059770.062762976 0.000000000 0.000000000
1609059770.063791275 0.000000000 0.000000000
1609059770.087842226 0.000000000 0.000000000
1609059770.088510752 0.000000000 0.000000000
1609059770.137758493 0.000000000 0.000000000
1609059770.138519287 0.000000000 0.000000000
1609059770.162835836 0.000000000 0.000000000
1609059770.163553238 0.000000000 0.000000000
1609059770.187794924 0.000000000 0.000000000
1609059770.188814640 0.000000000 0.000000000
1609059770.212829113 0.000000000 0.000000000
1609059770.213502407 0.000000000 0.000000000
1609059770.237830400 0.000000000 0.000000000
1609059770.238533974 0.000000000 0.000000000
1609059770.262801647 0.000000000 0.000000000
1609059770.263540745 0.000000000 0.000000000
1609059770.312955141 0.000000000 0.000000000
1609059770.313662291 0.000000000 0.000000000
1609059770.337764978 0.000000000 0.000000000
1609059770.338556767 0.000000000 0.000000000
1609059770.362797976 0.000000000 0.000000000
1609059770.363538265 0.000000000 0.000000000
1609059770.387779236 0.000000000 0.000000000
1609059770.388490200 0.000000000 0.000000000
1609059770.412808418 0.000000000 0.000000000
1609059770.413488388 0.000000000 0.000000000
1609059770.437852383 0.000000000 0.000000000
1609059770.438488007 0.000000000 0.000000000
1609059770.487752914 0.000000000 0.000000000
1609059770.488486052 0.000000000 0.000000000
1609059770.512758970 0.000000000 0.000000000
1609059770.513539553 0.000000000 0.000000000
1609059770.538503885 0.000000000 0.000000000
1609059770.562758207 0.000000000 0.000000000
1609059770.563546181 0.000000000 0.000000000
1609059770.587764740 0.000000000 0.000000000
1609059770.588480711 0.000000000 0.000000000
1609059770.612762213 0.000000000 0.000000000
1609059770.613269806 0.000000000 0.000000000
1609059770.662756443 0.000000000 0.000000000
1609059770.687767267 0.000000000 0.000000000
1609059770.688523293 0.000000000 0.000000000
1609059770.712761164 0.000000000 0.000000000
1609059770.713468790 0.000000000 0.000000000
1609059770.737809658 0.000000000 0.000000000
1609059770.738596201 0.000000000 0.000000000
1609059770.762754917 0.000000000 0.000000000
1609059770.763526917 0.000000000 0.000000000
1609059770.787808895 0.000000000 0.000000000
1609059770.788490295 0.000000000 0.000000000
1609059770.837764502 0.000000000 0.000000000
1609059770.838485956 0.000000000 0.000000000
1609059770.862775326 0.000000000 0.000000000
1609059770.863493919 0.000000000 0.000000000
1609059770.887788773 0.000000000 0.000000000
1609059770.888504505 0.000000000 0.000000000
1609059770.912818432 0.000000000 0.000000000
1609059770.913489103 0.000000000 0.000000000
1609059770.937766790 0.000000000 0.000000000
1609059770.938471556 0.000000000 0.000000000
1609059770.962765694 0.000000000 0.000000000
1609059770.963531733 0.000000000 0.000000000
1609059771.012777567 0.000000000 0.000000000
1609059771.037762165 0.000000000 0.000000000
1609059771.038456917 0.000000000 0.000000000
1609059771.062768221 0.000000000 0.000000000
1609059771.063461781 0.000000000 0.000000000
1609059771.087800264 0.000000000 0.000000000
1609059771.088459969 0.000000000 0.000000000
1609059771.112739086 0.000000000 0.000000000
1609059771.113447905 0.000000000 0.000000000
1609059771.137773037 0.000000000 0.000000000
1609059771.138447046 0.000000000 0.000000000
1609059771.187781811 0.000000000 0.000000000
1609059771.212775946 0.000000000 0.000000000
1609059771.213876247 0.000000000 0.000000000
1609059771.237783670 0.000000000 0.000000000
1609059771.238447666 0.000000000 0.000000000
1609059771.262770414 0.000000000 0.000000000
1609059771.263535023 0.000000000 0.000000000
1609059771.287761450 0.000000000 0.000000000
1609059771.288471460 0.000000000 0.000000000
1609059771.312781572 0.000000000 0.000000000
1609059771.313476086 0.000000000 0.000000000
1609059771.362722874 0.000000000 0.000000000
1609059771.387793541 0.000000000 0.000000000
1609059771.388445139 0.000000000 0.000000000
1609059771.437780857 0.000000000 0.000000000
1609059771.438502550 0.000000000 0.000000000
1609059771.462796450 0.000000000 0.000000000
1609059771.463506937 0.000000000 0.000000000
1609059771.487846375 0.000000000 0.000000000
1609059771.488487482 0.000000000 0.000000000
1609059771.537760019 0.000000000 0.000000000
1609059771.562780619 0.000000000 0.000000000
1609059771.563524246 0.000000000 0.000000000
1609059771.587759018 0.000000000 0.000000000
1609059771.588461161 0.000000000 0.000000000
1609059771.612745047 0.000000000 0.000000000
1609059771.613463402 0.000000000 0.000000000
1609059771.637725353 0.000000000 0.000000000
1609059771.638441086 0.000000000 0.000000000
1609059771.662722349 0.000000000 0.000000000
1609059771.663466930 0.000000000 0.000000000
1609059771.712741613 0.000000000 0.000000000
1609059771.737801313 0.000000000 0.000000000
1609059771.738417864 0.000000000 0.000000000
1609059771.762720346 0.000000000 0.000000000
1609059771.763499975 0.000000000 0.000000000
1609059771.787727118 0.000000000 0.000000000
1609059771.788450956 0.000000000 0.000000000
1609059771.812724590 0.000000000 0.000000000
1609059771.813600302 0.000000000 0.000000000
1609059771.837717295 0.000000000 0.000000000
1609059771.838467360 0.000000000 0.000000000
1609059771.887718439 0.000000000 0.000000000
1609059771.912742615 0.000000000 0.000000000
1609059771.914002180 0.000000000 0.000000000
1609059771.962728024 0.000000000 0.000000000
1609059771.963489771 0.000000000 0.000000000
1609059771.987715721 0.000000000 0.000000000
1609059771.988455772 0.000000000 0.000000000
1609059772.012735367 0.000000000 0.000000000
1609059772.013460398 0.000000000 0.000000000
1609059772.062723398 0.000000000 0.000000000
1609059772.087738037 0.000000000 0.000000000
1609059772.088418007 0.000000000 0.000000000
1609059772.112753153 0.000000000 0.000000000
1609059772.113507271 0.000000000 0.000000000
1609059772.137756109 0.000000000 0.000000000
1609059772.138461590 0.000000000 0.000000000
1609059772.162759781 0.000000000 0.000000000
1609059772.163499355 0.000000000 0.000000000
1609059772.187731266 0.000000000 0.000000000
1609059772.188464880 0.000000000 0.000000000
1609059772.237715483 0.000000000 0.000000000
1609059772.238421202 0.000000000 0.000000000
1609059772.262742519 0.000000000 0.000000000
1609059772.263535023 0.000000000 0.000000000
1609059772.287729263 0.000000000 0.000000000
1609059772.288544416 0.000000000 0.000000000
1609059772.312746048 0.000000000 0.000000000
1609059772.313467979 0.000000000 0.000000000
1609059772.337753296 0.000000000 0.000000000
1609059772.338543892 0.000000000 0.000000000
1609059772.362721205 0.000000000 0.000000000
1609059772.363270521 0.000000000 0.000000000
1609059772.412773848 0.000000000 0.000000000
1609059772.413056374 0.000000000 0.000000000
1609059772.437724829 0.000000000 0.000000000
1609059772.438439846 0.000000000 0.000000000
1609059772.462726593 0.000000000 0.000000000
1609059772.463421822 0.000000000 0.000000000
1609059772.488039732 0.000000000 0.000000000
1609059772.488456726 0.000000000 0.000000000
1609059772.512768745 0.000000000 0.000000000
1609059772.513470411 0.000000000 0.000000000
1609059772.537746668 0.000000000 0.000000000
1609059772.538461685 0.000000000 0.000000000
1609059772.587736130 0.000000000 0.000000000
1609059772.588452816 0.000000000 0.000000000
1609059772.612725735 0.000000000 0.000000000
1609059772.613536835 0.000000000 0.000000000
1609059772.638426065 0.000000000 0.000000000
1609059772.662731886 0.000000000 0.000000000
1609059772.663487911 0.000000000 0.000000000
1609059772.687726021 0.000000000 0.000000000
1609059772.688459873 0.000000000 0.000000000
1609059772.712722540 0.000000000 0.000000000
1609059772.713539124 0.000000000 0.000000000
1609059772.762753725 0.000000000 0.000000000
1609059772.763494730 0.000000000 0.000000000
1609059772.787760973 0.000000000 0.000000000
1609059772.812737703 0.000000000 0.000000000
1609059772.813447475 0.000000000 0.000000000
1609059772.837726116 0.000000000 0.000000000
1609059772.838483810 0.000000000 0.000000000
1609059772.862746477 0.000000000 0.000000000
1609059772.863442183 0.000000000 0.000000000
1609059772.887729645 0.000000000 0.000000000
1609059772.888236523 0.000000000 0.000000000
1609059772.937731504 0.000000000 0.000000000
1609059772.938018322 0.000000000 0.000000000
1609059772.962768793 0.000000000 0.000000000
1609059772.963508129 0.000000000 0.000000000
1609059772.987735987 0.000000000 0.000000000
1609059772.988451242 0.000000000 0.000000000
1609059773.012742996 0.000000000 0.000000000
1609059773.014041424 0.000000000 0.000000000
1609059773.037737370 0.000000000 0.000000000
1609059773.038427591 0.000000000 0.000000000
1609059773.062799692 0.000000000 0.000000000
1609059773.063549757 0.000000000 0.000000000
1609059773.112745047 0.000000000 0.000000000
1609059773.113083124 0.000000000 0.000000000
1609059773.137720823 0.000000000 0.000000000
1609059773.162741661 0.000000000 0.000000000
1609059773.163479090 0.000000000 0.000000000
1609059773.187735558 0.000000000 0.000000000
1609059773.188409805 0.000000000 0.000000000
1609059773.212718964 0.000000000 0.000000000
1609059773.213494539 0.000000000 0.000000000
1609059773.237737417 0.000000000 0.000000000
1609059773.238478899 0.000000000 0.000000000
1609059773.287747383 0.000000000 0.000000000
1609059773.288496017 0.000000000 0.000000000
1609059773.312761545 0.000000000 0.000000000
1609059773.313057899 0.000000000 0.000000000
1609059773.337746143 0.000000000 0.000000000
1609059773.338495255 0.000000000 0.000000000
1609059773.362718821 0.000000000 0.000000000
1609059773.363476753 0.000000000 0.000000000
1609059773.387743711 0.000000000 0.000000000
1609059773.388457775 0.000000000 0.000000000
1609059773.412690639 0.000000000 0.000000000
1609059773.413495541 0.000000000 0.000000000
1609059773.462672472 0.000000000 0.000000000
1609059773.463420630 0.000000000 0.000000000
1609059773.487729073 0.000000000 0.000000000
1609059773.512693882 0.000000000 0.000000000
1609059773.513412237 0.000000000 0.000000000
1609059773.537699223 0.000000000 0.000000000
1609059773.538205624 0.000000000 0.000000000
1609059773.562716722 0.000000000 0.000000000
1609059773.587717056 0.000000000 0.000000000
1609059773.588466883 0.000000000 0.000000000
1609059773.637664795 0.000000000 0.000000000
1609059773.637956619 0.000000000 0.000000000
1609059773.662690163 0.000000000 0.000000000
1609059773.662921906 0.000000000 0.000000000
1609059773.687690020 0.000000000 0.000000000
1609059773.688210249 0.000000000 0.000000000
1609059773.712689161 0.000000000 0.000000000
1609059773.713198185 0.000000000 0.000000000
1609059773.737758398 0.000000000 0.000000000
1609059773.738501310 0.000000000 0.000000000
1609059773.762741566 0.000000000 0.000000000
1609059773.763567448 0.000000000 0.000000000
1609059773.812695026 0.000000000 0.000000000
1609059773.812985897 0.000000000 0.000000000
1609059773.837764740 0.000000000 0.000000000
1609059773.838566065 0.000000000 0.000000000
1609059773.862706423 0.000000000 0.000000000
1609059773.863414049 0.000000000 0.000000000
1609059773.887728453 0.000000000 0.000000000
1609059773.888191462 0.000000000 0.000000000
1609059773.912715673 0.000000000 0.000000000
1609059773.937747478 0.000000000 0.000000000
1609059773.938503742 0.000000000 0.000000000
1609059773.987694025 0.000000000 0.000000000
1609059773.987964630 0.000000000 0.000000000
1609059774.012686014 0.000000000 0.000000000
1609059774.012967348 0.000000000 0.000000000
1609059774.037779808 0.000000000 0.000000000
1609059774.038446188 0.000000000 0.000000000
1609059774.062740326 0.000000000 0.000000000
1609059774.063218355 0.000000000 0.000000000
1609059774.087716341 0.000000000 0.000000000
1609059774.088396549 0.000000000 0.000000000
1609059774.112707853 0.000000000 0.000000000
1609059774.113526583 0.000000000 0.000000000
1609059774.162693262 0.000000000 0.000000000
1609059774.163024902 0.000000000 0.000000000
1609059774.187749147 0.000000000 0.000000000
1609059774.188457727 0.000000000 0.000000000
1609059774.212849855 0.000000000 0.000000000
1609059774.213475704 0.000000000 0.000000000
1609059774.237721205 0.000000000 0.000000000
1609059774.238478661 0.000000000 0.000000000
1609059774.262725115 0.000000000 0.000000000
1609059774.263452053 0.000000000 0.000000000
1609059774.287701845 0.000000000 0.000000000
1609059774.288472652 0.000000000 0.000000000
1609059774.337679386 0.000000000 0.000000000
1609059774.338384628 0.000000000 0.000000000
1609059774.362679720 0.000000000 0.000000000
1609059774.363430977 0.000000000 0.000000000
1609059774.387708902 0.000000000 0.000000000
1609059774.388448477 0.000000000 0.000000000
1609059774.412745237 0.000000000 0.000000000
1609059774.413180590 0.000000000 0.000000000
1609059774.437685966 0.000000000 0.000000000
1609059774.438534498 0.000000000 0.000000000
1609059774.462691784 0.000000000 0.000000000
1609059774.463459253 0.000000000 0.000000000
1609059774.512706518 0.000000000 0.000000000
1609059774.513393164 0.000000000 0.000000000
1609059774.537702084 0.000000000 0.000000000
1609059774.538414001 0.000000000 0.000000000
1609059774.562700987 0.000000000 0.000000000
1609059774.563557625 0.000000000 0.000000000
1609059774.587699890 0.000000000 0.000000000
1609059774.588458776 0.000000000 0.000000000
1609059774.612740993 0.000000000 0.000000000
1609059774.613382578 0.000000000 0.000000000
1609059774.637732029 0.000000000 0.000000000
1609059774.638653040 0.000000000 0.000000000
1609059774.687707186 0.000000000 0.000000000
1609059774.688367844 0.000000000 0.000000000
1609059774.712731361 0.000000000 0.000000000
1609059774.713036776 0.000000000 0.000000000
1609059774.737743855 0.000000000 0.000000000
1609059774.738496065 0.000000000 0.000000000
1609059774.762723684 0.000000000 0.000000000
1609059774.763556719 0.000000000 0.000000000
1609059774.787686586 0.000000000 0.000000000
1609059774.788419485 0.000000000 0.000000000
1609059774.812725306 0.000000000 0.000000000
1609059774.813476801 0.000000000 0.000000000
1609059774.862686157 0.000000000 0.000000000
1609059774.863397121 0.000000000 0.000000000
1609059774.887712002 0.000000000 0.000000000
1609059774.888406515 0.000000000 0.000000000
1609059774.912697315 0.000000000 0.000000000
1609059774.913512945 0.000000000 0.000000000
1609059774.937688112 0.000000000 0.000000000
1609059774.938463449 0.000000000 0.000000000
1609059774.962692976 0.000000000 0.000000000
1609059774.963496923 0.000000000 0.000000000
1609059774.987724781 0.000000000 0.000000000
1609059774.988504410 0.000000000 0.000000000
1609059775.037694693 0.000000000 0.000000000
1609059775.038393021 0.000000000 0.000000000
1609059775.062711000 0.000000000 0.000000000
1609059775.063447237 0.000000000 0.000000000
1609059775.087691545 0.000000000 0.000000000
1609059775.088217258 0.000000000 0.000000000
1609059775.112711191 0.000000000 0.000000000
1609059775.113956690 0.000000000 0.000000000
1609059775.137708664 0.000000000 0.000000000
1609059775.138409376 0.000000000 0.000000000
1609059775.162715912 0.000000000 0.000000000
1609059775.163527012 0.000000000 0.000000000
1609059775.212658167 0.000000000 0.000000000
1609059775.213398933 0.000000000 0.000000000
1609059775.237706900 0.000000000 0.000000000
1609059775.238389015 0.000000000 0.000000000
1609059775.262709379 0.000000000 0.000000000
1609059775.263533115 0.000000000 0.000000000
1609059775.287658930 0.000000000 0.000000000
1609059775.288182259 0.000000000 0.000000000
1609059775.312689781 0.000000000 0.000000000
1609059775.313695192 0.000000000 0.000000000
1609059775.337687969 0.000000000 0.000000000
1609059775.338494062 0.000000000 0.000000000
1609059775.387666941 0.000000000 0.000000000
1609059775.388406992 0.000000000 0.000000000
1609059775.412239790 0.000000000 0.000000000
1609059775.413387775 0.000000000 0.000000000
1609059775.437690735 0.000000000 0.000000000
1609059775.438470602 0.000000000 0.000000000
1609059775.462685823 0.000000000 0.000000000
1609059775.463455439 0.000000000 0.000000000
1609059775.487675667 0.000000000 0.000000000
1609059775.488382816 0.000000000 0.000000000
1609059775.512918234 0.000000000 0.000000000
1609059775.513446331 0.000000000 0.000000000
1609059775.562645435 0.000000000 0.000000000
1609059775.563199520 0.000000000 0.000000000
1609059775.587230682 0.000000000 0.000000000
1609059775.588391066 0.000000000 0.000000000
1609059775.612650156 0.000000000 0.000000000
1609059775.613406658 0.000000000 0.000000000
1609059775.637675285 0.000000000 0.000000000
1609059775.638379574 0.000000000 0.000000000
1609059775.662727594 0.000000000 0.000000000
1609059775.663450480 0.000000000 0.000000000
1609059775.687661648 0.000000000 0.000000000
1609059775.688415289 0.000000000 0.000000000
1609059775.737642765 0.000000000 0.000000000
1609059775.738408089 0.000000000 0.000000000
1609059775.762700558 0.000000000 0.000000000
1609059775.763449907 0.000000000 0.000000000
1609059775.787655115 0.000000000 0.000000000
1609059775.788393974 0.000000000 0.000000000
1609059775.812674761 0.000000000 0.000000000
1609059775.813405275 0.000000000 0.000000000
1609059775.837704420 0.000000000 0.000000000
1609059775.838389874 0.000000000 0.000000000
1609059775.862458229 0.000000000 0.000000000
1609059775.863453150 0.000000000 0.000000000
1609059775.912250519 0.000000000 0.000000000
1609059775.913215876 0.000000000 0.000000000
1609059775.937203169 0.000000000 0.000000000
1609059775.938421249 0.000000000 0.000000000
1609059775.962681532 0.000000000 0.000000000
1609059775.963541746 0.000000000 0.000000000
1609059775.987745762 0.000000000 0.000000000
1609059775.988439322 0.000000000 0.000000000
1609059776.012679338 0.000000000 0.000000000
1609059776.013403654 0.000000000 0.000000000
1609059776.037688017 0.000000000 0.000000000
1609059776.038464546 0.000000000 0.000000000
1609059776.087696314 0.000000000 0.000000000
1609059776.088358879 0.000000000 0.000000000
1609059776.112293005 0.000000000 0.000000000
1609059776.113452673 0.000000000 0.000000000
1609059776.137664795 0.000000000 0.000000000
1609059776.138557673 0.000000000 0.000000000
1609059776.162683010 0.000000000 0.000000000
1609059776.163517714 0.000000000 0.000000000
1609059776.187673807 0.000000000 0.000000000
1609059776.188020706 0.000000000 0.000000000
1609059776.212644577 0.000000000 0.000000000
1609059776.213456392 0.000000000 0.000000000
1609059776.262638569 0.000000000 0.000000000
1609059776.263454676 0.000000000 0.000000000
1609059776.287230492 0.000000000 0.000000000
1609059776.288438082 0.000000000 0.000000000
1609059776.312687159 0.000000000 0.000000000
1609059776.313418388 0.000000000 0.000000000
1609059776.337694168 0.000000000 0.000000000
1609059776.338433504 0.000000000 0.000000000
1609059776.362705946 0.000000000 0.000000000
1609059776.363427639 0.000000000 0.000000000
1609059776.387665749 0.000000000 0.000000000
1609059776.387934685 0.000000000 0.000000000
1609059776.437628031 0.000000000 0.000000000
1609059776.438412428 0.000000000 0.000000000
1609059776.462285757 0.000000000 0.000000000
1609059776.463471889 0.000000000 0.000000000
1609059776.487643719 0.000000000 0.000000000
1609059776.488359213 0.000000000 0.000000000
1609059776.512676239 0.000000000 0.000000000
1609059776.513684750 0.000000000 0.000000000
1609059776.537662506 0.000000000 0.000000000
1609059776.537914515 0.000000000 0.000000000
1609059776.562223673 0.000000000 0.000000000
1609059776.563196659 0.000000000 0.000000000
1609059776.612648726 0.000000000 0.000000000
1609059776.613425732 0.000000000 0.000000000
1609059776.637232780 0.000000000 0.000000000
1609059776.638469934 0.000000000 0.000000000
1609059776.662485123 0.000000000 0.000000000
1609059776.663453817 0.000000000 0.000000000
1609059776.687663794 0.000000000 0.000000000
1609059776.688431978 0.000000000 0.000000000
1609059776.712655544 0.000000000 0.000000000
1609059776.712944031 0.000000000 0.000000000
1609059776.737707376 0.000000000 0.000000000
1609059776.738645077 0.000000000 0.000000000
1609059776.787656784 0.000000000 0.000000000
1609059776.788447857 0.000000000 0.000000000
1609059776.812203407 0.000000000 0.000000000
1609059776.813433409 0.000000000 0.000000000
1609059776.837678909 0.000000000 0.000000000
1609059776.838494539 0.000000000 0.000000000
1609059776.862674475 0.000000000 0.000000000
1609059776.863579512 0.000000000 0.000000000
1609059776.887670040 0.000000000 0.000000000
1609059776.887924433 0.000000000 0.000000000
1609059776.912931442 0.000000000 0.000000000
1609059776.913433552 0.000000000 0.000000000
1609059776.962641001 0.000000000 0.000000000
1609059776.963463068 0.000000000 0.000000000
1609059776.987674713 0.000000000 0.000000000
1609059776.988451004 0.000000000 0.000000000
1609059777.012483597 0.000000000 0.000000000
1609059777.013389111 0.000000000 0.000000000
1609059777.037714720 0.000000000 0.000000000
1609059777.038164139 0.000000000 0.000000000
1609059777.062646151 0.000000000 0.000000000
1609059777.063434362 0.000000000 0.000000000
1609059777.087652922 0.000000000 0.000000000
1609059777.088341951 0.000000000 0.000000000
1609059777.137656450 0.000000000 0.000000000
1609059777.138444901 0.000000000 0.000000000
1609059777.162640572 0.000000000 0.000000000
1609059777.163473368 0.000000000 0.000000000
1609059777.187632799 0.000000000 0.000000000
1609059777.188469172 0.000000000 0.000000000
1609059777.212663651 0.000000000 0.000000000
1609059777.213363171 0.000000000 0.000000000
1609059777.237656593 0.000000000 0.000000000
1609059777.237892151 0.000000000 0.000000000
1609059777.262620926 0.000000000 0.000000000
1609059777.262938976 0.000000000 0.000000000
1609059777.312625885 0.000000000 0.000000000
1609059777.313405991 0.000000000 0.000000000
1609059777.337198496 0.000000000 0.000000000
1609059777.338413954 0.000000000 0.000000000
1609059777.362728596 0.000000000 0.000000000
1609059777.363499880 0.000000000 0.000000000
1609059777.387667656 0.000000000 0.000000000
1609059777.388372660 0.000000000 0.000000000
1609059777.412674427 0.000000000 0.000000000
1609059777.413044214 0.000000000 0.000000000
1609059777.437632799 0.000000000 0.000000000
1609059777.438527584 0.000000000 0.000000000
1609059777.487623453 0.000000000 0.000000000
1609059777.488314629 0.000000000 0.000000000
1609059777.512658119 0.000000000 0.000000000
1609059777.513694763 0.000000000 0.000000000
1609059777.537670374 0.000000000 0.000000000
1609059777.538481951 0.000000000 0.000000000
1609059777.562653065 0.000000000 0.000000000
1609059777.563365698 0.000000000 0.000000000
1609059777.587646961 0.000000000 0.000000000
1609059777.587989330 0.000000000 0.000000000
1609059777.612217188 0.000000000 0.000000000
1609059777.613339901 0.000000000 0.000000000
1609059777.662713051 0.000000000 0.000000000
1609059777.663397312 0.000000000 0.000000000
1609059777.687173605 0.000000000 0.000000000
1609059777.688438177 0.000000000 0.000000000
1609059777.712612152 0.000000000 0.000000000
1609059777.713762760 0.000000000 0.000000000
1609059777.737587929 0.000000000 0.000000000
1609059777.738367796 0.000000000 0.000000000
1609059777.762653112 0.000000000 0.000000000
1609059777.762938261 0.000000000 0.000000000
1609059777.787636757 0.000000000 0.000000000
1609059777.788346529 0.000000000 0.000000000
1609059777.837688208 0.000000000 0.000000000
1609059777.838403225 0.000000000 0.000000000
1609059777.862657309 0.000000000 0.000000000
1609059777.863549709 0.000000000 0.000000000
1609059777.887650967 0.000000000 0.000000000
1609059777.888124228 0.000000000 0.000000000
1609059777.912636042 0.000000000 0.000000000
1609059777.913391590 0.000000000 0.000000000
1609059777.937671900 0.000000000 0.000000000
1609059777.937937737 0.000000000 0.000000000
1609059777.962629318 0.000000000 0.000000000
1609059777.963369846 0.000000000 0.000000000
1609059778.012628317 0.000000000 0.000000000
1609059778.013347149 0.000000000 0.000000000
1609059778.037671804 0.000000000 0.000000000
1609059778.038597584 0.000000000 0.000000000
1609059778.062661171 0.000000000 0.000000000
1609059778.063143969 0.000000000 0.000000000
1609059778.087604523 0.000000000 0.000000000
1609059778.088342905 0.000000000 0.000000000
1609059778.112620592 0.000000000 0.000000000
1609059778.113395452 0.000000000 0.000000000
1609059778.137635469 0.000000000 0.000000000
1609059778.138353348 0.000000000 0.000000000
1609059778.187616587 0.000000000 0.000000000
1609059778.188355684 0.000000000 0.000000000
1609059778.212649107 0.000000000 0.000000000
1609059778.213371277 0.000000000 0.000000000
1609059778.237662315 0.000000000 0.000000000
1609059778.238336563 0.000000000 0.000000000
1609059778.262608767 0.000000000 0.000000000
1609059778.287677765 0.000000000 0.000000000
1609059778.287906170 0.000000000 0.000000000
1609059778.312206268 0.000000000 0.000000000
1609059778.313359261 0.000000000 0.000000000
1609059778.362369537 0.000000000 0.000000000
1609059778.363394260 0.000000000 0.000000000
1609059778.387623310 0.000000000 0.000000000
1609059778.388405800 0.000000000 0.000000000
1609059778.412741661 0.000000000 0.000000000
1609059778.413558960 0.000000000 0.000000000
1609059778.437606812 0.000000000 0.000000000
1609059778.438338280 0.000000000 0.000000000
1609059778.462669849 0.000000000 0.000000000
1609059778.463394165 0.000000000 0.000000000
1609059778.487160921 0.000000000 0.000000000
1609059778.487870455 0.000000000 0.000000000
1609059778.537580729 0.000000000 0.000000000
1609059778.538314819 0.000000000 0.000000000
1609059778.562635422 0.000000000 0.000000000
1609059778.563512564 0.000000000 0.000000000
1609059778.587594271 0.000000000 0.000000000
1609059778.588289261 0.000000000 0.000000000
1609059778.612560272 0.000000000 0.000000000
1609059778.613327980 0.000000000 0.000000000
1609059778.637645006 0.000000000 0.000000000
1609059778.638432741 0.000000000 0.000000000
1609059778.662230492 0.000000000 0.000000000
1609059778.663356304 0.000000000 0.000000000
1609059778.712586880 0.000000000 0.000000000
1609059778.713340759 0.000000000 0.000000000
1609059778.737663269 0.000000000 0.000000000
1609059778.738388300 0.000000000 0.000000000
1609059778.762635708 0.000000000 0.000000000
1609059778.763413191 0.000000000 0.000000000
1609059778.787561655 0.000000000 0.000000000
1609059778.812622547 0.000000000 0.000000000
1609059778.813364744 0.000000000 0.000000000
1609059778.837636232 0.000000000 0.000000000
1609059778.838330269 0.000000000 0.000000000
1609059778.887583017 0.000000000 0.000000000
1609059778.888357639 0.000000000 0.000000000
1609059778.912606478 0.000000000 0.000000000
1609059778.913389444 0.000000000 0.000000000
1609059778.937601089 0.000000000 0.000000000
1609059778.938440323 0.000000000 0.000000000
1609059778.962587118 0.000000000 0.000000000
1609059778.963372231 0.000000000 0.000000000
1609059778.987602234 0.000000000 0.000000000
1609059778.988382339 0.000000000 0.000000000
1609059779.012615204 0.000000000 0.000000000
1609059779.012924671 0.000000000 0.000000000
1609059779.062615156 0.000000000 0.000000000
1609059779.063327789 0.000000000 0.000000000
1609059779.087625265 0.000000000 0.000000000
1609059779.088370562 0.000000000 0.000000000
1609059779.117193699 0.000000000 0.000000000
1609059779.117410660 0.000000000 0.000000000
1609059779.137643099 0.000000000 0.000000000
1609059779.137858152 0.000000000 0.000000000
1609059779.162655354 0.000000000 0.000000000
1609059779.163400888 0.000000000 0.000000000
1609059779.187590122 0.000000000 0.000000000
1609059779.188310385 0.000000000 0.000000000
1609059779.237603903 0.000000000 0.000000000
1609059779.238316298 0.000000000 0.000000000
1609059779.262620926 0.000000000 0.000000000
1609059779.263361931 0.000000000 0.000000000
1609059779.287656784 0.000000000 0.000000000
1609059779.288404942 0.000000000 0.000000000
1609059779.337632895 0.000000000 0.000000000
1609059779.338437080 0.000000000 0.000000000
1609059779.362172365 0.000000000 0.000000000
1609059779.363346815 0.000000000 0.000000000
1609059779.412567377 0.000000000 0.000000000
1609059779.413325071 0.000000000 0.000000000
1609059779.437646151 0.000000000 0.000000000
1609059779.438433886 0.000000000 0.000000000
1609059779.462612629 0.000000000 0.000000000
1609059779.463278770 0.000000000 0.000000000
1609059779.487596750 0.000000000 0.000000000
1609059779.512583971 0.000000000 0.000000000
1609059779.537612677 0.000000000 0.000000000
1609059779.538729906 0.000000000 0.000000000
1609059779.587542534 0.000000000 0.000000000
1609059779.588304758 0.000000000 0.000000000
1609059779.613114357 0.000000000 0.000000000
1609059779.637616158 0.000000000 0.000000000
1609059779.638339281 0.000000000 0.000000000
1609059779.663316965 0.000000000 0.000000000
1609059779.687151432 0.000000000 0.000000000
1609059779.688369036 0.000000000 0.000000000
1609059779.712322235 0.000000000 0.000000000
1609059779.713284016 0.000000000 0.000000000
1609059779.762598515 0.000000000 0.000000000
1609059779.763368130 0.000000000 0.000000000
1609059779.787728548 0.000000000 0.000000000
1609059779.788362265 0.000000000 0.000000000
1609059779.812603474 0.000000000 0.000000000
1609059779.813355923 0.000000000 0.000000000
1609059779.837568521 0.000000000 0.000000000
1609059779.862602949 0.000000000 0.000000000
1609059779.863363981 0.000000000 0.000000000
1609059779.887591124 0.000000000 0.000000000
1609059779.888341427 0.000000000 0.000000000
1609059779.937585831 0.000000000 0.000000000
1609059779.938345194 0.000000000 0.000000000
1609059779.962654352 0.000000000 0.000000000
1609059779.963389874 0.000000000 0.000000000
1609059779.987611771 0.000000000 0.000000000
1609059779.988294363 0.000000000 0.000000000
1609059780.012588501 0.000000000 0.000000000
1609059780.038388729 0.000000000 0.000000000
1609059780.062573910 0.000000000 0.000000000
1609059780.063329220 0.000000000 0.000000000
1609059780.112551451 0.000000000 0.000000000
1609059780.137640238 0.000000000 0.000000000
1609059780.138350248 0.000000000 0.000000000
1609059780.162618876 0.000000000 0.000000000
1609059780.163353205 0.000000000 0.000000000
1609059780.187582731 0.000000000 0.000000000
1609059780.212609768 0.000000000 0.000000000
1609059780.237609863 0.000000000 0.000000000
1609059780.238339663 0.000000000 0.000000000
1609059780.287530899 0.000000000 0.000000000
1609059780.288317442 0.000000000 0.000000000
1609059780.312609673 0.000000000 0.000000000
1609059780.313380718 0.000000000 0.000000000
1609059780.337576151 0.000000000 0.000000000
1609059780.338343143 0.000000000 0.000000000
1609059780.363389254 0.000000000 0.000000000
1609059780.387176037 0.000000000 0.000000000
1609059780.388575315 0.000000000 0.000000000
1609059780.412625313 0.000000000 0.000000000
1609059780.413278341 0.000000000 0.000000000
1609059780.463369846 0.000000000 0.000000000
1609059780.463557720 0.000000000 0.000000000
1609059780.487594366 0.000000000 0.000000000
1609059780.488096952 0.000000000 0.000000000
1609059780.513030529 0.000000000 0.000000000
1609059780.513414145 0.000000000 0.000000000
1609059780.537667990 0.000000000 0.000000000
1609059780.538301468 0.000000000 0.000000000
1609059780.562092066 0.000000000 0.000000000
1609059780.563405991 0.000000000 0.000000000
1609059780.588288069 0.000000000 0.000000000
1609059780.637561321 0.000000000 0.000000000
1609059780.638215065 0.000000000 0.000000000
1609059780.662616491 0.000000000 0.000000000
1609059780.663062811 0.000000000 0.000000000
1609059780.687576771 0.000000000 0.000000000
1609059780.688324451 0.000000000 0.000000000
1609059780.712632179 0.000000000 0.000000000
1609059780.737650871 0.000000000 0.000000000
1609059780.738342047 0.000000000 0.000000000
1609059780.762579918 0.000000000 0.000000000
1609059780.763342381 0.000000000 0.000000000
1609059780.812612772 0.000000000 0.000000000
1609059780.837575436 0.000000000 0.000000000
1609059780.838305950 0.000000000 0.000000000
1609059780.862586260 0.000000000 0.000000000
1609059780.863312721 0.000000000 0.000000000
1609059780.887546778 0.000000000 0.000000000
1609059780.888323069 0.000000000 0.000000000
1609059780.912652016 0.000000000 0.000000000
1609059780.913363695 0.000000000 0.000000000
1609059780.937136412 0.000000000 0.000000000
1609059780.938316822 0.000000000 0.000000000
1609059780.987546921 0.000000000 0.000000000
1609059781.012617111 0.000000000 0.000000000
1609059781.013310194 0.000000000 0.000000000
1609059781.037606239 0.000000000 0.000000000
1609059781.038320065 0.000000000 0.000000000
1609059781.063286543 0.000000000 0.000000000
1609059781.087599277 0.000000000 0.000000000
1609059781.088319063 0.000000000 0.000000000
1609059781.112555981 0.000000000 0.000000000
1609059781.113281965 0.000000000 0.000000000
1609059781.162508965 0.000000000 0.000000000
1609059781.187555313 0.000000000 0.000000000
1609059781.188087702 0.000000000 0.000000000
1609059781.212579727 0.000000000 0.000000000
1609059781.213843107 0.000000000 0.000000000
1609059781.262596369 0.000000000 0.000000000
1609059781.263353109 0.000000000 0.000000000
1609059781.288291693 0.000000000 0.000000000
1609059781.337548256 0.000000000 0.000000000
1609059781.362537622 0.000000000 0.000000000
1609059781.363163710 0.000000000 0.000000000
1609059781.387611151 0.000000000 0.000000000
1609059781.388300180 0.000000000 0.000000000
1609059781.437583685 0.000000000 0.000000000
1609059781.462636948 0.000000000 0.000000000
1609059781.463755608 0.000000000 0.000000000
1609059781.512597322 0.000000000 0.000000000
1609059781.513507843 0.000000000 0.000000000
1609059781.537604332 0.000000000 0.000000000
1609059781.538264275 0.000000000 0.000000000
1609059781.562594891 0.000000000 0.000000000
1609059781.563338280 0.000000000 0.000000000
1609059781.587618113 0.000000000 0.000000000
1609059781.588299274 0.000000000 0.000000000
1609059781.612643242 0.000000000 0.000000000
1609059781.613318205 0.000000000 0.000000000
1609059781.637581348 0.000000000 0.000000000
1609059781.638298750 0.000000000 0.000000000
1609059781.687528133 0.000000000 0.000000000
1609059781.712568760 0.000000000 0.000000000
1609059781.713027954 0.000000000 0.000000000
1609059781.737554789 0.000000000 0.000000000
1609059781.738765478 0.000000000 0.000000000
1609059781.762557983 0.000000000 0.000000000
1609059781.787616491 0.000000000 0.000000000
1609059781.788309097 0.000000000 0.000000000
1609059781.812117815 0.000000000 0.000000000
1609059781.813292503 0.000000000 0.000000000
1609059781.862510443 0.000000000 0.000000000
1609059781.887530088 0.000000000 0.000000000
1609059781.912552118 0.000000000 0.000000000
1609059781.913270950 0.000000000 0.000000000
1609059781.938254356 0.000000000 0.000000000
1609059781.962619781 0.000000000 0.000000000
1609059781.963348389 0.000000000 0.000000000
1609059781.988305807 0.000000000 0.000000000
1609059782.037543058 0.000000000 0.000000000
1609059782.037838697 0.000000000 0.000000000
1609059782.062561274 0.000000000 0.000000000
1609059782.063224554 0.000000000 0.000000000
1609059782.087542057 0.000000000 0.000000000
1609059782.088294983 0.000000000 0.000000000
1609059782.112547874 0.000000000 0.000000000
1609059782.113928556 0.000000000 0.000000000
1609059782.137591124 0.000000000 0.000000000
1609059782.138295889 0.000000000 0.000000000
1609059782.163299561 0.000000000 0.000000000
1609059782.212554693 0.000000000 0.000000000
1609059782.237568140 0.000000000 0.000000000
1609059782.238047838 0.000000000 0.000000000
1609059782.262578011 0.000000000 0.000000000
1609059782.263320446 0.000000000 0.000000000
1609059782.287545919 0.000000000 0.000000000
1609059782.288263559 0.000000000 0.000000000
1609059782.313324213 0.000000000 0.000000000
1609059782.337549448 0.000000000 0.000000000
1609059782.338292360 0.000000000 0.000000000
1609059782.387524843 0.000000000 0.000000000
1609059782.388274670 0.000000000 0.000000000
1609059782.412530661 0.000000000 0.000000000
1609059782.413251877 0.000000000 0.000000000
1609059782.462079763 0.000000000 0.000000000
1609059782.463215351 0.000000000 0.000000000
1609059782.487557411 0.000000000 0.000000000
1609059782.488304615 0.000000000 0.000000000
1609059782.513271809 0.000000000 0.000000000
1609059782.562571526 0.000000000 0.000000000
1609059782.587556601 0.000000000 0.000000000
1609059782.612565994 0.000000000 0.000000000
1609059782.613297462 0.000000000 0.000000000
1609059782.637548208 0.000000000 0.000000000
1609059782.638251543 0.000000000 0.000000000
1609059782.662555218 0.000000000 0.000000000
1609059782.663284302 0.000000000 0.000000000
1609059782.687054873 0.000000000 0.000000000
1609059782.688238621 0.000000000 0.000000000
1609059782.737490416 0.000000000 0.000000000
1609059782.762534618 0.000000000 0.000000000
1609059782.787552118 0.000000000 0.000000000
1609059782.788265705 0.000000000 0.000000000
1609059782.813238621 0.000000000 0.000000000
1609059782.863215446 0.000000000 0.000000000
1609059782.912536383 0.000000000 0.000000000
1609059782.913271427 0.000000000 0.000000000
1609059782.937495708 0.000000000 0.000000000
1609059782.938264847 0.000000000 0.000000000
1609059782.962506294 0.000000000 0.000000000
1609059782.963290691 0.000000000 0.000000000
1609059782.987510681 0.000000000 0.000000000
1609059782.988245964 0.000000000 0.000000000
1609059783.012563705 0.000000000 0.000000000
1609059783.013559103 0.000000000 0.000000000
1609059783.038312912 0.000000000 0.000000000
1609059783.087522030 0.000000000 0.000000000
1609059783.112532377 0.000000000 0.000000000
1609059783.113233805 0.000000000 0.000000000
1609059783.137556314 0.000000000 0.000000000
1609059783.138290405 0.000000000 0.000000000
1609059783.162108898 0.000000000 0.000000000
1609059783.163313150 0.000000000 0.000000000
1609059783.187090397 0.000000000 0.000000000
1609059783.188294172 0.000000000 0.000000000
1609059783.212943316 0.000000000 0.000000000
1609059783.213276625 0.000000000 0.000000000
1609059783.262499809 0.000000000 0.000000000
1609059783.263319016 0.000000000 0.000000000
1609059783.287550926 0.000000000 0.000000000
1609059783.288259745 0.000000000 0.000000000
1609059783.312553406 0.000000000 0.000000000
1609059783.313284874 0.000000000 0.000000000
1609059783.337105274 0.000000000 0.000000000
1609059783.362550497 0.000000000 0.000000000
1609059783.363310575 0.000000000 0.000000000
1609059783.388236523 0.000000000 0.000000000
1609059783.437509775 0.000000000 0.000000000
1609059783.437857389 0.000000000 0.000000000
1609059783.462581635 0.000000000 0.000000000
1609059783.463220358 0.000000000 0.000000000
1609059783.487534285 0.000000000 0.000000000
1609059783.488237381 0.000000000 0.000000000
1609059783.513252258 0.000000000 0.000000000
1609059783.538287401 0.000000000 0.000000000
1609059783.563271523 0.000000000 0.000000000
1609059783.612492800 0.000000000 0.000000000
1609059783.613262415 0.000000000 0.000000000
1609059783.637560129 0.000000000 0.000000000
1609059783.638275385 0.000000000 0.000000000
1609059783.662536383 0.000000000 0.000000000
1609059783.663280964 0.000000000 0.000000000
1609059783.712529659 0.000000000 0.000000000
1609059783.713246107 0.000000000 0.000000000
1609059783.738270283 0.000000000 0.000000000
1609059783.787471056 0.000000000 0.000000000
1609059783.788247108 0.000000000 0.000000000
1609059783.812532663 0.000000000 0.000000000
1609059783.813239336 0.000000000 0.000000000
1609059783.837564468 0.000000000 0.000000000
1609059783.838247061 0.000000000 0.000000000
1609059783.862510920 0.000000000 0.000000000
1609059783.863277912 0.000000000 0.000000000
1609059783.887555361 0.000000000 0.000000000
1609059783.888295174 0.000000000 0.000000000
1609059783.912513971 0.000000000 0.000000000
1609059783.913245678 0.000000000 0.000000000
1609059783.962467194 0.000000000 0.000000000
1609059783.962832451 0.000000000 0.000000000
1609059783.987578154 0.000000000 0.000000000
1609059783.988239288 0.000000000 0.000000000
1609059784.012526512 0.000000000 0.000000000
1609059784.013226271 0.000000000 0.000000000
1609059784.037039280 0.000000000 0.000000000
1609059784.038239002 0.000000000 0.000000000
1609059784.062058926 0.000000000 0.000000000
1609059784.063290358 0.000000000 0.000000000
1609059784.087493896 0.000000000 0.000000000
1609059784.088261127 0.000000000 0.000000000
1609059784.137490988 0.000000000 0.000000000
1609059784.162491322 0.000000000 0.000000000
1609059784.163203955 0.000000000 0.000000000
1609059784.187496185 0.000000000 0.000000000
1609059784.188266993 0.000000000 0.000000000
1609059784.213229656 0.000000000 0.000000000
1609059784.237580061 0.000000000 0.000000000
1609059784.238241196 0.000000000 0.000000000
1609059784.262521267 0.000000000 0.000000000
1609059784.263254642 0.000000000 0.000000000
1609059784.312520504 0.000000000 0.000000000
1609059784.362472773 0.000000000 0.000000000
1609059784.363237143 0.000000000 0.000000000
1609059784.387537479 0.000000000 0.000000000
1609059784.388226509 0.000000000 0.000000000
1609059784.412563801 0.000000000 0.000000000
1609059784.437491655 0.000000000 0.000000000
1609059784.438236475 0.000000000 0.000000000
1609059784.487462997 0.000000000 0.000000000
1609059784.512528419 0.000000000 0.000000000
1609059784.513249636 0.000000000 0.000000000
1609059784.537469625 0.000000000 0.000000000
1609059784.538263083 0.000000000 0.000000000
1609059784.587047815 0.000000000 0.000000000
1609059784.613239288 0.000000000 0.000000000
1609059784.662487030 0.000000000 0.000000000
1609059784.687495470 0.000000000 0.000000000
1609059784.712522268 0.000000000 0.000000000
1609059784.713211060 0.000000000 0.000000000
1609059784.762532473 0.000000000 0.000000000
1609059784.787464142 0.000000000 0.000000000
1609059784.788232327 0.000000000 0.000000000
1609059784.837458134 0.000000000 0.000000000
1609059784.838305950 0.000000000 0.000000000
1609059784.862490654 0.000000000 0.000000000
1609059784.863204479 0.000000000 0.000000000
1609059784.887519598 0.000000000 0.000000000
1609059784.888210058 0.000000000 0.000000000
1609059784.937100649 0.000000000 0.000000000
1609059784.938274145 0.000000000 0.000000000
1609059784.962483168 0.000000000 0.000000000
1609059784.963234425 0.000000000 0.000000000
1609059785.012488127 0.000000000 0.000000000
1609059785.012866974 0.000000000 0.000000000
1609059785.037599087 0.000000000 0.000000000
1609059785.038782597 0.000000000 0.000000000
1609059785.062512875 0.000000000 0.000000000
1609059785.063179255 0.000000000 0.000000000
1609059785.088307858 0.000000000 0.000000000
1609059785.138257027 0.000000000 0.000000000
1609059785.187529087 0.000000000 0.000000000
1609059785.212544918 0.000000000 0.000000000
1609059785.213237762 0.000000000 0.000000000
1609059785.237498760 0.000000000 0.000000000
1609059785.238216639 0.000000000 0.000000000
1609059785.312506914 0.000000000 0.000000000
1609059785.313300848 0.000000000 0.000000000
1609059785.362487793 0.000000000 0.000000000
1609059785.387533426 0.000000000 0.000000000
1609059785.388207912 0.000000000 0.000000000
1609059785.412507057 0.000000000 0.000000000
1609059785.413361549 0.000000000 0.000000000
1609059785.437474966 0.000000000 0.000000000
1609059785.462545156 0.000000000 0.000000000
1609059785.487491369 0.000000000 0.000000000
1609059785.488428116 0.000000000 0.000000000
1609059785.537450314 0.000000000 0.000000000
1609059785.538218737 0.000000000 0.000000000
1609059785.562532187 0.000000000 0.000000000
1609059785.563209534 0.000000000 0.000000000
1609059785.587479115 0.000000000 0.000000000
1609059785.588215828 0.000000000 0.000000000
1609059785.612568378 0.000000000 0.000000000
1609059785.613207340 0.000000000 0.000000000
1609059785.637531757 0.000000000 0.000000000
1609059785.638338327 0.000000000 0.000000000
1609059785.662505150 0.000000000 0.000000000
1609059785.663019419 0.000000000 0.000000000
1609059785.712465763 0.000000000 0.000000000
1609059785.712796450 0.000000000 0.000000000
1609059785.737449169 0.000000000 0.000000000
1609059785.762454987 0.000000000 0.000000000
1609059785.763213634 0.000000000 0.000000000
1609059785.787483215 0.000000000 0.000000000
1609059785.787736893 0.000000000 0.000000000
1609059785.812524080 0.000000000 0.000000000
1609059785.837448120 0.000000000 0.000000000
1609059785.838217020 0.000000000 0.000000000
1609059785.887392998 0.000000000 0.000000000
1609059785.887672424 0.000000000 0.000000000
1609059785.912456989 0.000000000 0.000000000
1609059785.913187265 0.000000000 0.000000000
1609059785.937473297 0.000000000 0.000000000
1609059785.938201427 0.000000000 0.000000000
1609059785.962469339 0.000000000 0.000000000
1609059785.963219166 0.000000000 0.000000000
1609059785.987604856 0.000000000 0.000000000
1609059786.012474537 0.000000000 0.000000000
1609059786.013243675 0.000000000 0.000000000
1609059786.062483788 0.000000000 0.000000000
1609059786.062776327 0.000000000 0.000000000
1609059786.087503433 0.000000000 0.000000000
1609059786.088169575 0.000000000 0.000000000
1609059786.112500668 0.000000000 0.000000000
1609059786.113210201 0.000000000 0.000000000
1609059786.138218164 0.000000000 0.000000000
1609059786.187452555 0.000000000 0.000000000
1609059786.188306570 0.000000000 0.000000000
1609059786.237431049 0.000000000 0.000000000
1609059786.238264322 0.000000000 0.000000000
1609059786.262510061 0.000000000 0.000000000
1609059786.287453413 0.000000000 0.000000000
1609059786.288197279 0.000000000 0.000000000
1609059786.312479019 0.000000000 0.000000000
1609059786.313734531 0.000000000 0.000000000
1609059786.337579489 0.000000000 0.000000000
1609059786.363304138 0.000000000 0.000000000
1609059786.412404776 0.000000000 0.000000000
1609059786.437434435 0.000000000 0.000000000
1609059786.462500095 0.000000000 0.000000000
1609059786.463201046 0.000000000 0.000000000
1609059786.487428665 0.000000000 0.000000000
1609059786.488181829 0.000000000 0.000000000
1609059786.512496233 0.000000000 0.000000000
1609059786.537437201 0.000000000 0.000000000
1609059786.538272142 0.000000000 0.000000000
1609059786.587449789 0.000000000 0.000000000
1609059786.588243008 0.000000000 0.000000000
1609059786.612439632 0.000000000 0.000000000
1609059786.637459517 0.000000000 0.000000000
1609059786.638191938 0.000000000 0.000000000
1609059786.662468910 0.000000000 0.000000000
1609059786.663182497 0.000000000 0.000000000
1609059786.712546349 0.000000000 0.000000000
1609059786.712968826 0.000000000 0.000000000
1609059786.762402773 0.000000000 0.000000000
1609059786.787506342 0.000000000 0.000000000
1609059786.812452555 0.000000000 0.000000000
1609059786.813749790 0.000000000 0.000000000
1609059786.837465286 0.000000000 0.000000000
1609059786.838144541 0.000000000 0.000000000
1609059786.888258696 0.000000000 0.000000000
1609059786.937398911 0.000000000 0.000000000
1609059786.938290596 0.000000000 0.000000000
1609059786.962503195 0.000000000 0.000000000
1609059786.987426519 0.000000000 0.000000000
1609059786.988198996 0.000000000 0.000000000
1609059787.012430668 0.000000000 0.000000000
1609059787.013226271 0.000000000 0.000000000
1609059787.037539959 0.000000000 0.000000000
1609059787.062453985 0.000000000 0.000000000
1609059787.063177824 0.000000000 0.000000000
1609059787.112457991 0.000000000 0.000000000
1609059787.113242149 0.000000000 0.000000000
1609059787.137526512 0.000000000 0.000000000
1609059787.162459612 0.000000000 0.000000000
1609059787.163204193 0.000000000 0.000000000
1609059787.188150644 0.000000000 0.000000000
1609059787.238068581 0.000000000 0.000000000
1609059787.238309145 0.000000000 0.000000000
1609059787.287380219 0.000000000 0.000000000
1609059787.288245678 0.000000000 0.000000000
1609059787.312424660 0.000000000 0.000000000
1609059787.337432623 0.000000000 0.000000000
1609059787.338409901 0.000000000 0.000000000
1609059787.362445116 0.000000000 0.000000000
1609059787.363173246 0.000000000 0.000000000
1609059787.387613297 0.000000000 0.000000000
1609059787.412439108 0.000000000 0.000000000
1609059787.413196325 0.000000000 0.000000000
1609059787.462419748 0.000000000 0.000000000
1609059787.487492085 0.000000000 0.000000000
1609059787.512484789 0.000000000 0.000000000
1609059787.513140202 0.000000000 0.000000000
1609059787.537454128 0.000000000 0.000000000
1609059787.538191557 0.000000000 0.000000000
1609059787.561994076 0.000000000 0.000000000
1609059787.587372780 0.000000000 0.000000000
1609059787.588227272 0.000000000 0.000000000
1609059787.637434006 0.000000000 0.000000000
1609059787.662464857 0.000000000 0.000000000
1609059787.663144112 0.000000000 0.000000000
1609059787.687406540 0.000000000 0.000000000
1609059787.688163757 0.000000000 0.000000000
1609059787.713172674 0.000000000 0.000000000
1609059787.736983776 0.000000000 0.000000000
1609059787.762427330 0.000000000 0.000000000
1609059787.762970686 0.000000000 0.000000000
1609059787.812406540 0.000000000 0.000000000
1609059787.813239813 0.000000000 0.000000000
1609059787.837411404 0.000000000 0.000000000
1609059787.862464666 0.000000000 0.000000000
1609059787.863154888 0.000000000 0.000000000
1609059787.887367964 0.000000000 0.000000000
1609059787.888160467 0.000000000 0.000000000
1609059787.912582636 0.000000000 0.000000000
1609059787.938197136 0.000000000 0.000000000
1609059787.987400770 0.000000000 0.000000000
1609059788.012408733 0.000000000 0.000000000
1609059788.013115168 0.000000000 0.000000000
1609059788.037450075 0.000000000 0.000000000
1609059788.038138866 0.000000000 0.000000000
1609059788.062440157 0.000000000 0.000000000
1609059788.063186646 0.000000000 0.000000000
1609059788.087596416 0.000000000 0.000000000
1609059788.113247633 0.000000000 0.000000000
1609059788.162398815 0.000000000 0.000000000
1609059788.163245440 0.000000000 0.000000000
1609059788.187450886 0.000000000 0.000000000
1609059788.212445736 0.000000000 0.000000000
1609059788.213142872 0.000000000 0.000000000
1609059788.237394810 0.000000000 0.000000000
1609059788.238182068 0.000000000 0.000000000
1609059788.262509346 0.000000000 0.000000000
1609059788.287432194 0.000000000 0.000000000
1609059788.288232088 0.000000000 0.000000000
1609059788.337414742 0.000000000 0.000000000
1609059788.387404919 0.000000000 0.000000000
1609059788.388202429 0.000000000 0.000000000
1609059788.412401199 0.000000000 0.000000000
1609059788.413216829 0.000000000 0.000000000
1609059788.463188887 0.000000000 0.000000000
1609059788.512441635 0.000000000 0.000000000
1609059788.562455416 0.000000000 0.000000000
1609059788.563178301 0.000000000 0.000000000
1609059788.588138819 0.000000000 0.000000000
1609059788.637415886 0.000000000 0.000000000
1609059788.638218641 0.000000000 0.000000000
1609059788.687390566 0.000000000 0.000000000
1609059788.712482929 0.000000000 0.000000000
1609059788.713465452 0.000000000 0.000000000
1609059788.737451553 0.000000000 0.000000000
1609059788.738160133 0.000000000 0.000000000
1609059788.762401342 0.000000000 0.000000000
1609059788.763208628 0.000000000 0.000000000
1609059788.787727594 0.000000000 0.000000000
1609059788.812979221 0.000000000 0.000000000
1609059788.862392187 0.000000000 0.000000000
1609059788.887377024 0.000000000 0.000000000
1609059788.888193846 0.000000000 0.000000000
1609059788.912416220 0.000000000 0.000000000
1609059788.913248301 0.000000000 0.000000000
1609059788.937349796 0.000000000 0.000000000
1609059788.938146591 0.000000000 0.000000000
1609059788.962488651 0.000000000 0.000000000
1609059788.987451792 0.000000000 0.000000000
1609059788.987931728 0.000000000 0.000000000
1609059789.037403107 0.000000000 0.000000000
1609059789.062403917 0.000000000 0.000000000
1609059789.087402105 0.000000000 0.000000000
1609059789.088131428 0.000000000 0.000000000
1609059789.112396955 0.000000000 0.000000000
1609059789.113205910 0.000000000 0.000000000
1609059789.136947393 0.000000000 0.000000000
1609059789.162438631 0.000000000 0.000000000
1609059789.163296223 0.000000000 0.000000000
1609059789.212408781 0.000000000 0.000000000
1609059789.213266850 0.000000000 0.000000000
1609059789.236944914 0.000000000 0.000000000
1609059789.238113880 0.000000000 0.000000000
1609059789.262468338 0.000000000 0.000000000
1609059789.265278339 0.000000000 0.000000000
1609059789.287397385 0.000000000 0.000000000
1609059789.288145542 0.000000000 0.000000000
1609059789.337444782 0.000000000 0.000000000
1609059789.338123560 0.000000000 0.000000000
1609059789.387397051 0.000000000 0.000000000
1609059789.412456989 0.000000000 0.000000000
1609059789.413078070 0.000000000 0.000000000
1609059789.437430382 0.000000000 0.000000000
1609059789.438118696 0.000000000 0.000000000
1609059789.462376595 0.000000000 0.000000000
1609059789.463125944 0.000000000 0.000000000
1609059789.486945391 0.000000000 0.000000000
1609059789.488181353 0.000000000 0.000000000
1609059789.512901783 0.000000000 0.000000000
1609059789.562398672 0.000000000 0.000000000
1609059789.587418318 0.000000000 0.000000000
1609059789.612411737 0.000000000 0.000000000
1609059789.613122702 0.000000000 0.000000000
1609059789.637421131 0.000000000 0.000000000
1609059789.638119698 0.000000000 0.000000000
1609059789.662564278 0.000000000 0.000000000
1609059789.687404394 0.000000000 0.000000000
1609059789.687937021 0.000000000 0.000000000
1609059789.737371683 0.000000000 0.000000000
1609059789.762444973 0.000000000 0.000000000
1609059789.763217926 0.000000000 0.000000000
1609059789.787411213 0.000000000 0.000000000
1609059789.788182259 0.000000000 0.000000000
1609059789.837464571 0.000000000 0.000000000
1609059789.862383604 0.000000000 0.000000000
1609059789.863123655 0.000000000 0.000000000
1609059789.912389994 0.000000000 0.000000000
1609059789.937418222 0.000000000 0.000000000
1609059789.938119650 0.000000000 0.000000000
1609059789.962397814 0.000000000 0.000000000
1609059789.963150501 0.000000000 0.000000000
1609059789.987385750 0.000000000 0.000000000
1609059789.988091469 0.000000000 0.000000000
1609059790.011923790 0.000000000 0.000000000
1609059790.038199425 0.000000000 0.000000000
1609059790.087401628 0.000000000 0.000000000
1609059790.088240147 0.000000000 0.000000000
1609059790.112412453 0.000000000 0.000000000
1609059790.137481928 0.000000000 0.000000000
1609059790.138133526 0.000000000 0.000000000
1609059790.162389040 0.000000000 0.000000000
1609059790.163141251 0.000000000 0.000000000
1609059790.187526226 0.000000000 0.000000000
1609059790.212410450 0.000000000 0.000000000
1609059790.213084459 0.000000000 0.000000000
1609059790.262395620 0.000000000 0.000000000
1609059790.287408352 0.000000000 0.000000000
1609059790.312414885 0.000000000 0.000000000
1609059790.313087702 0.000000000 0.000000000
1609059790.337423563 0.000000000 0.000000000
1609059790.338083744 0.000000000 0.000000000
1609059790.362450123 0.000000000 0.000000000
1609059790.387388468 0.000000000 0.000000000
1609059790.387966633 0.000000000 0.000000000
1609059790.437348366 0.000000000 0.000000000
1609059790.437628031 0.000000000 0.000000000
1609059790.462447882 0.000000000 0.000000000
1609059790.487424374 0.000000000 0.000000000
1609059790.488099813 0.000000000 0.000000000
1609059790.512416363 0.000000000 0.000000000
1609059790.513141394 0.000000000 0.000000000
1609059790.537466288 0.000000000 0.000000000
1609059790.538075924 0.000000000 0.000000000
1609059790.562355280 0.000000000 0.000000000
1609059790.563210964 0.000000000 0.000000000
1609059790.612346172 0.000000000 0.000000000
1609059790.613219261 0.000000000 0.000000000
1609059790.637415648 0.000000000 0.000000000
1609059790.662411928 0.000000000 0.000000000
1609059790.663124800 0.000000000 0.000000000
1609059790.688171625 0.000000000 0.000000000
1609059790.711931467 0.000000000 0.000000000
1609059790.737409592 0.000000000 0.000000000
1609059790.738161087 0.000000000 0.000000000
1609059790.787359476 0.000000000 0.000000000
1609059790.812447071 0.000000000 0.000000000
1609059790.837398291 0.000000000 0.000000000
1609059790.838096619 0.000000000 0.000000000
1609059790.862401485 0.000000000 0.000000000
1609059790.863113403 0.000000000 0.000000000
1609059790.887537241 0.000000000 0.000000000
1609059790.888062954 0.000000000 0.000000000
1609059790.912424803 0.000000000 0.000000000
1609059790.913212299 0.000000000 0.000000000
1609059790.962388039 0.000000000 0.000000000
1609059790.962631464 0.000000000 0.000000000
1609059790.987362862 0.000000000 0.000000000
1609059791.012525320 0.000000000 0.000000000
1609059791.013069868 0.000000000 0.000000000
1609059791.037372351 0.000000000 0.000000000
1609059791.038098097 0.000000000 0.000000000
1609059791.062502146 0.000000000 0.000000000
1609059791.088182688 0.000000000 0.000000000
1609059791.137353182 0.000000000 0.000000000
1609059791.162431002 0.000000000 0.000000000
1609059791.163185596 0.000000000 0.000000000
1609059791.187418222 0.000000000 0.000000000
1609059791.188126087 0.000000000 0.000000000
1609059791.212431192 0.000000000 0.000000000
1609059791.213120222 0.000000000 0.000000000
1609059791.262439013 0.000000000 0.000000000
1609059791.263202190 0.000000000 0.000000000
1609059791.312348366 0.000000000 0.000000000
1609059791.337419033 0.000000000 0.000000000
1609059791.338109732 0.000000000 0.000000000
1609059791.362420321 0.000000000 0.000000000
1609059791.363141298 0.000000000 0.000000000
1609059791.388105154 0.000000000 0.000000000
1609059791.411955118 0.000000000 0.000000000
1609059791.413106441 0.000000000 0.000000000
1609059791.437455893 0.000000000 0.000000000
1609059791.438211918 0.000000000 0.000000000
1609059791.487372637 0.000000000 0.000000000
1609059791.487678051 0.000000000 0.000000000
1609059791.512467623 0.000000000 0.000000000
1609059791.513117075 0.000000000 0.000000000
1609059791.537414312 0.000000000 0.000000000
1609059791.538146496 0.000000000 0.000000000
1609059791.562425613 0.000000000 0.000000000
1609059791.563183546 0.000000000 0.000000000
1609059791.586935997 0.000000000 0.000000000
1609059791.613195658 0.000000000 0.000000000
1609059791.662387133 0.000000000 0.000000000
1609059791.687387466 0.000000000 0.000000000
1609059791.712349892 0.000000000 0.000000000
1609059791.713080883 0.000000000 0.000000000
1609059791.737354755 0.000000000 0.000000000
1609059791.738213062 0.000000000 0.000000000
1609059791.761890173 0.000000000 0.000000000
1609059791.787400484 0.000000000 0.000000000
1609059791.788204670 0.000000000 0.000000000
1609059791.837353468 0.000000000 0.000000000
1609059791.837597132 0.000000000 0.000000000
1609059791.862481117 0.000000000 0.000000000
1609059791.887602091 0.000000000 0.000000000
1609059791.888076305 0.000000000 0.000000000
1609059791.916417599 0.000000000 0.000000000
1609059791.916749716 0.000000000 0.000000000
1609059791.936974049 0.000000000 0.000000000
1609059791.962432623 0.000000000 0.000000000
1609059791.963255882 0.000000000 0.000000000
1609059792.012336493 0.000000000 0.000000000
1609059792.012728930 0.000000000 0.000000000
1609059792.037363291 0.000000000 0.000000000
1609059792.063076019 0.000000000 0.000000000
1609059792.087372303 0.000000000 0.000000000
1609059792.088094234 0.000000000 0.000000000
1609059792.112510681 0.000000000 0.000000000
1609059792.113075495 0.000000000 0.000000000
1609059792.137478828 0.000000000 0.000000000
1609059792.138180494 0.000000000 0.000000000
1609059792.187362671 0.000000000 0.000000000
1609059792.188137054 0.000000000 0.000000000
1609059792.212423563 0.000000000 0.000000000
1609059792.238069057 0.000000000 0.000000000
1609059792.262352467 0.000000000 0.000000000
1609059792.263125658 0.000000000 0.000000000
1609059792.287489176 0.000000000 0.000000000
1609059792.312330723 0.000000000 0.000000000
1609059792.312863350 0.000000000 0.000000000
1609059792.362303257 0.000000000 0.000000000
1609059792.363138437 0.000000000 0.000000000
1609059792.387376308 0.000000000 0.000000000
1609059792.388099432 0.000000000 0.000000000
1609059792.413060665 0.000000000 0.000000000
1609059792.437351465 0.000000000 0.000000000
1609059792.438065529 0.000000000 0.000000000
1609059792.463137627 0.000000000 0.000000000
1609059792.487385988 0.000000000 0.000000000
1609059792.487869024 0.000000000 0.000000000
1609059792.537308693 0.000000000 0.000000000
1609059792.562380075 0.000000000 0.000000000
1609059792.563110352 0.000000000 0.000000000
1609059792.588095665 0.000000000 0.000000000
1609059792.612378836 0.000000000 0.000000000
1609059792.613044024 0.000000000 0.000000000
1609059792.636873484 0.000000000 0.000000000
1609059792.662355185 0.000000000 0.000000000
1609059792.663038969 0.000000000 0.000000000
1609059792.712392092 0.000000000 0.000000000
1609059792.712692976 0.000000000 0.000000000
1609059792.737385988 0.000000000 0.000000000
1609059792.763169765 0.000000000 0.000000000
1609059792.787376165 0.000000000 0.000000000
1609059792.812463045 0.000000000 0.000000000
1609059792.837330341 0.000000000 0.000000000
1609059792.838050365 0.000000000 0.000000000
1609059792.887316942 0.000000000 0.000000000
1609059792.888132811 0.000000000 0.000000000
1609059792.912349701 0.000000000 0.000000000
1609059792.938085318 0.000000000 0.000000000
1609059792.962371111 0.000000000 0.000000000
1609059792.986876488 0.000000000 0.000000000
1609059793.012357473 0.000000000 0.000000000
1609059793.013092041 0.000000000 0.000000000
1609059793.062282562 0.000000000 0.000000000
1609059793.087334871 0.000000000 0.000000000
1609059793.113437891 0.000000000 0.000000000
1609059793.137359142 0.000000000 0.000000000
1609059793.138096094 0.000000000 0.000000000
1609059793.162422419 0.000000000 0.000000000
1609059793.163110495 0.000000000 0.000000000
1609059793.187347889 0.000000000 0.000000000
1609059793.188034296 0.000000000 0.000000000
1609059793.237342596 0.000000000 0.000000000
1609059793.238160133 0.000000000 0.000000000
1609059793.262387037 0.000000000 0.000000000
1609059793.287358761 0.000000000 0.000000000
1609059793.288058996 0.000000000 0.000000000
1609059793.312340260 0.000000000 0.000000000
1609059793.313033342 0.000000000 0.000000000
1609059793.336932659 0.000000000 0.000000000
1609059793.362403870 0.000000000 0.000000000
1609059793.363107204 0.000000000 0.000000000
1609059793.412397861 0.000000000 0.000000000
1609059793.437416315 0.000000000 0.000000000
1609059793.462418556 0.000000000 0.000000000
1609059793.463046074 0.000000000 0.000000000
1609059793.487345457 0.000000000 0.000000000
1609059793.488044739 0.000000000 0.000000000
1609059793.512430191 0.000000000 0.000000000
1609059793.537334681 0.000000000 0.000000000
1609059793.538048506 0.000000000 0.000000000
1609059793.587285280 0.000000000 0.000000000
1609059793.588080883 0.000000000 0.000000000
1609059793.612353802 0.000000000 0.000000000
1609059793.637325048 0.000000000 0.000000000
1609059793.638041496 0.000000000 0.000000000
1609059793.662328959 0.000000000 0.000000000
1609059793.663135529 0.000000000 0.000000000
1609059793.712355375 0.000000000 0.000000000
1609059793.713045835 0.000000000 0.000000000
1609059793.762281179 0.000000000 0.000000000
1609059793.787387371 0.000000000 0.000000000
1609059793.787845612 0.000000000 0.000000000
1609059793.812357664 0.000000000 0.000000000
1609059793.813015223 0.000000000 0.000000000
1609059793.837355852 0.000000000 0.000000000
1609059793.838063002 0.000000000 0.000000000
1609059793.888031483 0.000000000 0.000000000
1609059793.937302828 0.000000000 0.000000000
1609059793.938088179 0.000000000 0.000000000
1609059793.962373257 0.000000000 0.000000000
1609059793.962947130 0.000000000 0.000000000
1609059793.987354517 0.000000000 0.000000000
1609059793.988032579 0.000000000 0.000000000
1609059794.012347698 0.000000000 0.000000000
1609059794.013046026 0.000000000 0.000000000
1609059794.062337160 0.000000000 0.000000000
1609059794.063009024 0.000000000 0.000000000
1609059794.112281084 0.000000000 0.000000000
1609059794.113137007 0.000000000 0.000000000
1609059794.137327433 0.000000000 0.000000000
1609059794.138210297 0.000000000 0.000000000
1609059794.162333727 0.000000000 0.000000000
1609059794.163074493 0.000000000 0.000000000
1609059794.187333822 0.000000000 0.000000000
1609059794.188091278 0.000000000 0.000000000
1609059794.237369299 0.000000000 0.000000000
1609059794.238023996 0.000000000 0.000000000
1609059794.287286282 0.000000000 0.000000000
1609059794.312324524 0.000000000 0.000000000
1609059794.313270569 0.000000000 0.000000000
1609059794.337356091 0.000000000 0.000000000
1609059794.338021755 0.000000000 0.000000000
1609059794.362303019 0.000000000 0.000000000
1609059794.363119841 0.000000000 0.000000000
1609059794.412351847 0.000000000 0.000000000
1609059794.413034678 0.000000000 0.000000000
1609059794.462322712 0.000000000 0.000000000
1609059794.487357140 0.000000000 0.000000000
1609059794.512303829 0.000000000 0.000000000
1609059794.513016939 0.000000000 0.000000000
1609059794.537311077 0.000000000 0.000000000
1609059794.538096666 0.000000000 0.000000000
1609059794.587356806 0.000000000 0.000000000
1609059794.588080168 0.000000000 0.000000000
1609059794.637256622 0.000000000 0.000000000
1609059794.662383080 0.000000000 0.000000000
1609059794.687337160 0.000000000 0.000000000
1609059794.688075066 0.000000000 0.000000000
1609059794.712320805 0.000000000 0.000000000
1609059794.763087749 0.000000000 0.000000000
1609059794.812327147 0.000000000 0.000000000
1609059794.837308884 0.000000000 0.000000000
1609059794.838009596 0.000000000 0.000000000
1609059794.862310410 0.000000000 0.000000000
1609059794.863019943 0.000000000 0.000000000
1609059794.887315512 0.000000000 0.000000000
1609059794.888017178 0.000000000 0.000000000
1609059794.912551165 0.000000000 0.000000000
1609059794.938303709 0.000000000 0.000000000
1609059794.938633919 0.000000000 0.000000000
1609059794.987277746 0.000000000 0.000000000
1609059794.988391161 0.000000000 0.000000000
1609059795.012351751 0.000000000 0.000000000
1609059795.013026714 0.000000000 0.000000000
1609059795.037331820 0.000000000 0.000000000
1609059795.038042545 0.000000000 0.000000000
1609059795.062317610 0.000000000 0.000000000
1609059795.063029528 0.000000000 0.000000000
1609059795.087350607 0.000000000 0.000000000
1609059795.112303019 0.000000000 0.000000000
1609059795.113051176 0.000000000 0.000000000
1609059795.162257910 0.000000000 0.000000000
1609059795.187371731 0.000000000 0.000000000
1609059795.188016415 0.000000000 0.000000000
1609059795.212361336 0.000000000 0.000000000
1609059795.213129997 0.000000000 0.000000000
1609059795.237399101 0.000000000 0.000000000
1609059795.238029480 0.000000000 0.000000000
1609059795.262398005 0.000000000 0.000000000
1609059795.287364244 0.000000000 0.000000000
1609059795.288050890 0.000000000 0.000000000
1609059795.337300777 0.000000000 0.000000000
1609059795.387360811 0.000000000 0.000000000
1609059795.388052225 0.000000000 0.000000000
1609059795.412301302 0.000000000 0.000000000
1609059795.413057327 0.000000000 0.000000000
1609059795.436850071 0.000000000 0.000000000
1609059795.437875509 0.000000000 0.000000000
1609059795.462343216 0.000000000 0.000000000
1609059795.463020802 0.000000000 0.000000000
1609059795.512333870 0.000000000 0.000000000
1609059795.513092279 0.000000000 0.000000000
1609059795.537369490 0.000000000 0.000000000
1609059795.562331676 0.000000000 0.000000000
1609059795.563068390 0.000000000 0.000000000
1609059795.587362051 0.000000000 0.000000000
1609059795.588083267 0.000000000 0.000000000
1609059795.612387419 0.000000000 0.000000000
1609059795.638110876 0.000000000 0.000000000
1609059795.687264442 0.000000000 0.000000000
1609059795.688289881 0.000000000 0.000000000
1609059795.712302208 0.000000000 0.000000000
1609059795.737317324 0.000000000 0.000000000
1609059795.738020897 0.000000000 0.000000000
1609059795.762320757 0.000000000 0.000000000
1609059795.763055086 0.000000000 0.000000000
1609059795.812350035 0.000000000 0.000000000
1609059795.813001156 0.000000000 0.000000000
1609059795.862257957 0.000000000 0.000000000
1609059795.863043547 0.000000000 0.000000000
1609059795.912319660 0.000000000 0.000000000
1609059795.913675070 0.000000000 0.000000000
1609059795.937359095 0.000000000 0.000000000
1609059795.938284874 0.000000000 0.000000000
1609059795.961778164 0.000000000 0.000000000
1609059795.987318754 0.000000000 0.000000000
1609059795.988007545 0.000000000 0.000000000
1609059796.037927866 0.000000000 0.000000000
1609059796.062285185 0.000000000 0.000000000
1609059796.063138247 0.000000000 0.000000000
1609059796.087314129 0.000000000 0.000000000
1609059796.088046789 0.000000000 0.000000000
1609059796.112304926 0.000000000 0.000000000
1609059796.112989187 0.000000000 0.000000000
1609059796.137387991 0.000000000 0.000000000
1609059796.163038969 0.000000000 0.000000000
1609059796.212276936 0.000000000 0.000000000
1609059796.237309456 0.000000000 0.000000000
1609059796.262316465 0.000000000 0.000000000
1609059796.263073206 0.000000000 0.000000000
1609059796.287314653 0.000000000 0.000000000
1609059796.288012743 0.000000000 0.000000000
1609059796.312388420 0.000000000 0.000000000
1609059796.337274551 0.000000000 0.000000000
1609059796.338016987 0.000000000 0.000000000
1609059796.387252092 0.000000000 0.000000000
1609059796.412326336 0.000000000 0.000000000
1609059796.413208246 0.000000000 0.000000000
1609059796.437317610 0.000000000 0.000000000
1609059796.438015938 0.000000000 0.000000000
1609059796.462256193 0.000000000 0.000000000
1609059796.463021040 0.000000000 0.000000000
1609059796.487370491 0.000000000 0.000000000
1609059796.512300491 0.000000000 0.000000000
1609059796.512992144 0.000000000 0.000000000
1609059796.562247992 0.000000000 0.000000000
1609059796.587279558 0.000000000 0.000000000
1609059796.612321615 0.000000000 0.000000000
1609059796.613026142 0.000000000 0.000000000
1609059796.637326956 0.000000000 0.000000000
1609059796.687284946 0.000000000 0.000000000
1609059796.688042641 0.000000000 0.000000000
1609059796.737219572 0.000000000 0.000000000
1609059796.737585306 0.000000000 0.000000000
1609059796.763511181 0.000000000 0.000000000
1609059796.787290096 0.000000000 0.000000000
1609059796.787992954 0.000000000 0.000000000
1609059796.812296391 0.000000000 0.000000000
1609059796.813038826 0.000000000 0.000000000
1609059796.836822748 0.000000000 0.000000000
1609059796.837972403 0.000000000 0.000000000
1609059796.862315178 0.000000000 0.000000000
1609059796.863035679 0.000000000 0.000000000
1609059796.912298918 0.000000000 0.000000000
1609059796.912997961 0.000000000 0.000000000
1609059796.937293291 0.000000000 0.000000000
1609059796.962534666 0.000000000 0.000000000
1609059796.963056087 0.000000000 0.000000000
1609059796.987320185 0.000000000 0.000000000
1609059797.012305021 0.000000000 0.000000000
1609059797.037324429 0.000000000 0.000000000
1609059797.037980556 0.000000000 0.000000000
1609059797.087236643 0.000000000 0.000000000
1609059797.088002205 0.000000000 0.000000000
1609059797.112305880 0.000000000 0.000000000
1609059797.113003016 0.000000000 0.000000000
1609059797.137297392 0.000000000 0.000000000
1609059797.138043404 0.000000000 0.000000000
1609059797.162276745 0.000000000 0.000000000
1609059797.163059235 0.000000000 0.000000000
1609059797.187324524 0.000000000 0.000000000
1609059797.212255239 0.000000000 0.000000000
1609059797.213056564 0.000000000 0.000000000
1609059797.262271404 0.000000000 0.000000000
1609059797.287273407 0.000000000 0.000000000
1609059797.288016796 0.000000000 0.000000000
1609059797.312281132 0.000000000 0.000000000
1609059797.312984467 0.000000000 0.000000000
1609059797.337264538 0.000000000 0.000000000
1609059797.362335443 0.000000000 0.000000000
1609059797.387243509 0.000000000 0.000000000
1609059797.387964249 0.000000000 0.000000000
1609059797.437219143 0.000000000 0.000000000
1609059797.462259293 0.000000000 0.000000000
1609059797.487242937 0.000000000 0.000000000
1609059797.487990141 0.000000000 0.000000000
1609059797.512303591 0.000000000 0.000000000
1609059797.512995481 0.000000000 0.000000000
1609059797.537343264 0.000000000 0.000000000
1609059797.562241077 0.000000000 0.000000000
1609059797.563001156 0.000000000 0.000000000
1609059797.612319469 0.000000000 0.000000000
1609059797.613085270 0.000000000 0.000000000
1609059797.637324095 0.000000000 0.000000000
1609059797.662253380 0.000000000 0.000000000
1609059797.662965298 0.000000000 0.000000000
1609059797.687213182 0.000000000 0.000000000
1609059797.712285042 0.000000000 0.000000000
1609059797.737962246 0.000000000 0.000000000
1609059797.787232876 0.000000000 0.000000000
1609059797.788020134 0.000000000 0.000000000
1609059797.812292099 0.000000000 0.000000000
1609059797.837285042 0.000000000 0.000000000
1609059797.838882685 0.000000000 0.000000000
1609059797.862257481 0.000000000 0.000000000
1609059797.887276173 0.000000000 0.000000000
1609059797.887972116 0.000000000 0.000000000
1609059797.912306786 0.000000000 0.000000000
1609059797.912985086 0.000000000 0.000000000
1609059797.962266445 0.000000000 0.000000000
1609059797.987235785 0.000000000 0.000000000
1609059798.012301683 0.000000000 0.000000000
1609059798.012963057 0.000000000 0.000000000
1609059798.087226391 0.000000000 0.000000000
1609059798.087958574 0.000000000 0.000000000
1609059798.137241840 0.000000000 0.000000000
1609059798.162320137 0.000000000 0.000000000
1609059798.187256336 0.000000000 0.000000000
1609059798.187968969 0.000000000 0.000000000
1609059798.212304115 0.000000000 0.000000000
1609059798.212978840 0.000000000 0.000000000
1609059798.262286901 0.000000000 0.000000000
1609059798.263041973 0.000000000 0.000000000
1609059798.312287569 0.000000000 0.000000000
1609059798.337290525 0.000000000 0.000000000
1609059798.362275839 0.000000000 0.000000000
1609059798.362963200 0.000000000 0.000000000
1609059798.387253284 0.000000000 0.000000000
1609059798.411737204 0.000000000 0.000000000
1609059798.413044691 0.000000000 0.000000000
1609059798.437292099 0.000000000 0.000000000
1609059798.437948942 0.000000000 0.000000000
1609059798.487224579 0.000000000 0.000000000
1609059798.487996340 0.000000000 0.000000000
1609059798.512249231 0.000000000 0.000000000
1609059798.537247658 0.000000000 0.000000000
1609059798.537959576 0.000000000 0.000000000
1609059798.562277317 0.000000000 0.000000000
1609059798.562988758 0.000000000 0.000000000
1609059798.587255001 0.000000000 0.000000000
1609059798.612290859 0.000000000 0.000000000
1609059798.612963438 0.000000000 0.000000000
1609059798.662227869 0.000000000 0.000000000
1609059798.663036585 0.000000000 0.000000000
1609059798.687234879 0.000000000 0.000000000
1609059798.712295294 0.000000000 0.000000000
1609059798.712979317 0.000000000 0.000000000
1609059798.737245560 0.000000000 0.000000000
1609059798.737967730 0.000000000 0.000000000
1609059798.762235165 0.000000000 0.000000000
1609059798.788015842 0.000000000 0.000000000
1609059798.837260008 0.000000000 0.000000000
1609059798.838021994 0.000000000 0.000000000
1609059798.862228155 0.000000000 0.000000000
1609059798.887255430 0.000000000 0.000000000
1609059798.887944460 0.000000000 0.000000000
1609059798.912206888 0.000000000 0.000000000
1609059798.936677933 0.000000000 0.000000000
1609059798.937798023 0.000000000 0.000000000
1609059798.962971210 0.000000000 0.000000000
1609059799.012261629 0.000000000 0.000000000
1609059799.037275076 0.000000000 0.000000000
1609059799.087265253 0.000000000 0.000000000
1609059799.088519335 0.000000000 0.000000000
1609059799.112457037 0.000000000 0.000000000
1609059799.137214422 0.000000000 0.000000000
1609059799.138719559 0.000000000 0.000000000
1609059799.187192678 0.000000000 0.000000000
1609059799.188010693 0.000000000 0.000000000
1609059799.212255955 0.000000000 0.000000000
1609059799.237195969 0.000000000 0.000000000
1609059799.237929821 0.000000000 0.000000000
1609059799.262229681 0.000000000 0.000000000
1609059799.286718845 0.000000000 0.000000000
1609059799.313050985 0.000000000 0.000000000
1609059799.362279177 0.000000000 0.000000000
1609059799.363139868 0.000000000 0.000000000
1609059799.412636280 0.000000000 0.000000000
1609059799.413063526 0.000000000 0.000000000
1609059799.462976694 0.000000000 0.000000000
1609059799.487928152 0.000000000 0.000000000
1609059799.537165880 0.000000000 0.000000000
1609059799.537987232 0.000000000 0.000000000
1609059799.562281609 0.000000000 0.000000000
1609059799.562489748 0.000000000 0.000000000
1609059799.587201595 0.000000000 0.000000000
1609059799.587922096 0.000000000 0.000000000
1609059799.637729168 0.000000000 0.000000000
1609059799.662236214 0.000000000 0.000000000
1609059799.662932158 0.000000000 0.000000000
1609059799.712190151 0.000000000 0.000000000
1609059799.737264633 0.000000000 0.000000000
1609059799.762285471 0.000000000 0.000000000
1609059799.763069153 0.000000000 0.000000000
1609059799.812374830 0.000000000 0.000000000
1609059799.837230206 0.000000000 0.000000000
1609059799.837955475 0.000000000 0.000000000
1609059799.887192726 0.000000000 0.000000000
1609059799.888072014 0.000000000 0.000000000
1609059799.912194252 0.000000000 0.000000000
1609059799.912382126 0.000000000 0.000000000
1609059799.937243462 0.000000000 0.000000000
1609059799.937941790 0.000000000 0.000000000
1609059799.962961674 0.000000000 0.000000000
1609059800.012252331 0.000000000 0.000000000
1609059800.013448238 0.000000000 0.000000000
1609059800.062243223 0.000000000 0.000000000
1609059800.087207556 0.000000000 0.000000000
1609059800.087455034 0.000000000 0.000000000
1609059800.112272978 0.000000000 0.000000000
1609059800.112957954 0.000000000 0.000000000
1609059800.137916565 0.000000000 0.000000000
1609059800.187306166 0.000000000 0.000000000
1609059800.187949896 0.000000000 0.000000000
1609059800.237191677 0.000000000 0.000000000
1609059800.262212753 0.000000000 0.000000000
1609059800.262794495 0.000000000 0.000000000
1609059800.287208319 0.000000000 0.000000000
1609059800.287868977 0.000000000 0.000000000
1609059800.312935114 0.000000000 0.000000000
1609059800.337271452 0.000000000 0.000000000
1609059800.362320900 0.000000000 0.000000000
1609059800.363018036 0.000000000 0.000000000
1609059800.412204742 0.000000000 0.000000000
1609059800.437243938 0.000000000 0.000000000
1609059800.437731743 0.000000000 0.000000000
1609059800.461765528 0.000000000 0.000000000
1609059800.462915421 0.000000000 0.000000000
1609059800.487232208 0.000000000 0.000000000
1609059800.512318134 0.000000000 0.000000000
1609059800.537237883 0.000000000 0.000000000
1609059800.537888527 0.000000000 0.000000000
1609059800.587158680 0.000000000 0.000000000
1609059800.612255335 0.000000000 0.000000000
1609059800.637214899 0.000000000 0.000000000
1609059800.637926579 0.000000000 0.000000000
1609059800.662215710 0.000000000 0.000000000
1609059800.687238216 0.000000000 0.000000000
1609059800.712212563 0.000000000 0.000000000
1609059800.712925434 0.000000000 0.000000000
1609059800.762203693 0.000000000 0.000000000
1609059800.787214518 0.000000000 0.000000000
1609059800.812286139 0.000000000 0.000000000
1609059800.812917948 0.000000000 0.000000000
1609059800.837203979 0.000000000 0.000000000
1609059800.837949753 0.000000000 0.000000000
1609059800.862237930 0.000000000 0.000000000
1609059800.887906313 0.000000000 0.000000000
1609059800.937260151 0.000000000 0.000000000
1609059800.937947035 0.000000000 0.000000000
1609059800.962250710 0.000000000 0.000000000
1609059800.987229586 0.000000000 0.000000000
1609059800.987964630 0.000000000 0.000000000
1609059801.012266874 0.000000000 0.000000000
1609059801.014232159 0.000000000 0.000000000
1609059801.037309647 0.000000000 0.000000000
1609059801.062214613 0.000000000 0.000000000
1609059801.062884092 0.000000000 0.000000000
1609059801.112205982 0.000000000 0.000000000
1609059801.112942219 0.000000000 0.000000000
1609059801.137240171 0.000000000 0.000000000
1609059801.162093163 0.000000000 0.000000000
1609059801.162901640 0.000000000 0.000000000
1609059801.187904835 0.000000000 0.000000000
1609059801.237200022 0.000000000 0.000000000
1609059801.237921715 0.000000000 0.000000000
1609059801.287171364 0.000000000 0.000000000
1609059801.287943840 0.000000000 0.000000000
1609059801.312251091 0.000000000 0.000000000
1609059801.337228298 0.000000000 0.000000000
1609059801.337888241 0.000000000 0.000000000
1609059801.362204313 0.000000000 0.000000000
1609059801.362960577 0.000000000 0.000000000
1609059801.387279272 0.000000000 0.000000000
1609059801.412196398 0.000000000 0.000000000
1609059801.412949324 0.000000000 0.000000000
1609059801.462224245 0.000000000 0.000000000
1609059801.462924719 0.000000000 0.000000000
1609059801.487266541 0.000000000 0.000000000
1609059801.512278318 0.000000000 0.000000000
1609059801.512965441 0.000000000 0.000000000
1609059801.537169933 0.000000000 0.000000000
1609059801.562261581 0.000000000 0.000000000
1609059801.587198257 0.000000000 0.000000000
1609059801.587890148 0.000000000 0.000000000
1609059801.637171984 0.000000000 0.000000000
1609059801.662221909 0.000000000 0.000000000
1609059801.662861824 0.000000000 0.000000000
1609059801.687175274 0.000000000 0.000000000
1609059801.687976122 0.000000000 0.000000000
1609059801.712219715 0.000000000 0.000000000
1609059801.762208223 0.000000000 0.000000000
1609059801.763196468 0.000000000 0.000000000
1609059801.812167406 0.000000000 0.000000000
1609059801.812955618 0.000000000 0.000000000
1609059801.837145329 0.000000000 0.000000000
1609059801.862197876 0.000000000 0.000000000
1609059801.887201309 0.000000000 0.000000000
1609059801.912330151 0.000000000 0.000000000
1609059801.937245607 0.000000000 0.000000000
1609059801.937947989 0.000000000 0.000000000
1609059801.987133265 0.000000000 0.000000000
1609059801.987895727 0.000000000 0.000000000
1609059802.012239218 0.000000000 0.000000000
1609059802.062137127 0.000000000 0.000000000
1609059802.062916517 0.000000000 0.000000000
1609059802.087305307 0.000000000 0.000000000
1609059802.112232924 0.000000000 0.000000000
1609059802.112869978 0.000000000 0.000000000
1609059802.162170172 0.000000000 0.000000000
1609059802.187209368 0.000000000 0.000000000
1609059802.212292433 0.000000000 0.000000000
1609059802.213091612 0.000000000 0.000000000
1609059802.237183332 0.000000000 0.000000000
1609059802.262303352 0.000000000 0.000000000
1609059802.287162781 0.000000000 0.000000000
1609059802.287871122 0.000000000 0.000000000
1609059802.337142706 0.000000000 0.000000000
1609059802.337878227 0.000000000 0.000000000
1609059802.362176657 0.000000000 0.000000000
1609059802.387187958 0.000000000 0.000000000
1609059802.412229061 0.000000000 0.000000000
1609059802.462208748 0.000000000 0.000000000
1609059802.463007689 0.000000000 0.000000000
1609059802.512172461 0.000000000 0.000000000
1609059802.512990952 0.000000000 0.000000000
1609059802.537208557 0.000000000 0.000000000
1609059802.587136745 0.000000000 0.000000000
1609059802.587861061 0.000000000 0.000000000
1609059802.611791611 0.000000000 0.000000000
1609059802.637183666 0.000000000 0.000000000
1609059802.637886286 0.000000000 0.000000000
1609059802.687179565 0.000000000 0.000000000
1609059802.687830925 0.000000000 0.000000000
1609059802.712196827 0.000000000 0.000000000
1609059802.737196922 0.000000000 0.000000000
1609059802.737880230 0.000000000 0.000000000
1609059802.762134314 0.000000000 0.000000000
1609059802.812189341 0.000000000 0.000000000
1609059802.812955141 0.000000000 0.000000000
1609059802.862181664 0.000000000 0.000000000
1609059802.887170315 0.000000000 0.000000000
1609059802.937188864 0.000000000 0.000000000
1609059802.937955379 0.000000000 0.000000000
1609059802.962348461 0.000000000 0.000000000
1609059802.987193584 0.000000000 0.000000000
1609059802.987937450 0.000000000 0.000000000
1609059803.037138939 0.000000000 0.000000000
1609059803.062195063 0.000000000 0.000000000
1609059803.062882662 0.000000000 0.000000000
1609059803.087214947 0.000000000 0.000000000
1609059803.087875128 0.000000000 0.000000000
1609059803.112229824 0.000000000 0.000000000
1609059803.136753082 0.000000000 0.000000000
1609059803.162196875 0.000000000 0.000000000
1609059803.162941217 0.000000000 0.000000000
1609059803.212172031 0.000000000 0.000000000
1609059803.237181425 0.000000000 0.000000000
1609059803.262150049 0.000000000 0.000000000
1609059803.262888193 0.000000000 0.000000000
1609059803.287155390 0.000000000 0.000000000
1609059803.312220097 0.000000000 0.000000000
1609059803.337151527 0.000000000 0.000000000
1609059803.337838173 0.000000000 0.000000000
1609059803.387168169 0.000000000 0.000000000
1609059803.412214756 0.000000000 0.000000000
1609059803.437219143 0.000000000 0.000000000
1609059803.437900782 0.000000000 0.000000000
1609059803.462202787 0.000000000 0.000000000
1609059803.462934732 0.000000000 0.000000000
1609059803.487741232 0.000000000 0.000000000
1609059803.512281418 0.000000000 0.000000000
1609059803.513194561 0.000000000 0.000000000
1609059803.562119484 0.000000000 0.000000000
1609059803.587132931 0.000000000 0.000000000
1609059803.612166882 0.000000000 0.000000000
1609059803.612842560 0.000000000 0.000000000
1609059803.637175798 0.000000000 0.000000000
1609059803.637934923 0.000000000 0.000000000
1609059803.661827803 0.000000000 0.000000000
1609059803.687209129 0.000000000 0.000000000
1609059803.687907219 0.000000000 0.000000000
1609059803.737163305 0.000000000 0.000000000
1609059803.738009930 0.000000000 0.000000000
1609059803.762182236 0.000000000 0.000000000
1609059803.762927055 0.000000000 0.000000000
1609059803.787230968 0.000000000 0.000000000
1609059803.787924528 0.000000000 0.000000000
1609059803.812224150 0.000000000 0.000000000
1609059803.912181377 0.000000000 0.000000000
1609059803.913017511 0.000000000 0.000000000
1609059803.937218666 0.000000000 0.000000000
1609059803.937993526 0.000000000 0.000000000
1609059803.962302446 0.000000000 0.000000000
1609059803.962940454 0.000000000 0.000000000
1609059803.987178326 0.000000000 0.000000000
1609059804.012314796 0.000000000 0.000000000
1609059804.087936640 0.000000000 0.000000000
1609059804.112186432 0.000000000 0.000000000
1609059804.137269497 0.000000000 0.000000000
1609059804.137902498 0.000000000 0.000000000
1609059804.162217855 0.000000000 0.000000000
1609059804.187193632 0.000000000 0.000000000
1609059804.187803984 0.000000000 0.000000000
1609059804.212234735 0.000000000 0.000000000
1609059804.212893248 0.000000000 0.000000000
1609059804.262995243 0.000000000 0.000000000
1609059804.287189007 0.000000000 0.000000000
1609059804.312209129 0.000000000 0.000000000
1609059804.312857151 0.000000000 0.000000000
1609059804.337182522 0.000000000 0.000000000
1609059804.387195349 0.000000000 0.000000000
1609059804.387898207 0.000000000 0.000000000
1609059804.437190056 0.000000000 0.000000000
1609059804.439153671 0.000000000 0.000000000
1609059804.462239027 0.000000000 0.000000000
1609059804.487182617 0.000000000 0.000000000
1609059804.487894297 0.000000000 0.000000000
1609059804.512229204 0.000000000 0.000000000
1609059804.612257242 0.000000000 0.000000000
1609059804.612990856 0.000000000 0.000000000
1609059804.637177944 0.000000000 0.000000000
1609059804.662230015 0.000000000 0.000000000
1609059804.662890434 0.000000000 0.000000000
1609059804.686952114 0.000000000 0.000000000
1609059804.687865734 0.000000000 0.000000000
1609059804.737188816 0.000000000 0.000000000
1609059804.787195444 0.000000000 0.000000000
1609059804.812179565 0.000000000 0.000000000
1609059804.837152958 0.000000000 0.000000000
1609059804.837872028 0.000000000 0.000000000
1609059804.861948729 0.000000000 0.000000000
1609059804.887233496 0.000000000 0.000000000
1609059804.962152481 0.000000000 0.000000000
1609059804.962958097 0.000000000 0.000000000
1609059804.987172604 0.000000000 0.000000000
1609059804.987868071 0.000000000 0.000000000
1609059805.012168646 0.000000000 0.000000000
1609059805.012895107 0.000000000 0.000000000
1609059805.037006378 0.000000000 0.000000000
1609059805.087230921 0.000000000 0.000000000
1609059805.087869644 0.000000000 0.000000000
1609059805.137117624 0.000000000 0.000000000
1609059805.162153006 0.000000000 0.000000000
1609059805.187232971 0.000000000 0.000000000
1609059805.187893391 0.000000000 0.000000000
1609059805.212334394 0.000000000 0.000000000
1609059805.213130713 0.000000000 0.000000000
1609059805.262233257 0.000000000 0.000000000
1609059805.312114954 0.000000000 0.000000000
1609059805.337166071 0.000000000 0.000000000
1609059805.362201691 0.000000000 0.000000000
1609059805.362890959 0.000000000 0.000000000
1609059805.387201309 0.000000000 0.000000000
1609059805.387830257 0.000000000 0.000000000
1609059805.437206030 0.000000000 0.000000000
1609059805.487612486 0.000000000 0.000000000
1609059805.512211800 0.000000000 0.000000000
1609059805.537187338 0.000000000 0.000000000
1609059805.537904501 0.000000000 0.000000000
1609059805.562237740 0.000000000 0.000000000
1609059805.587253571 0.000000000 0.000000000
1609059805.662202358 0.000000000 0.000000000
1609059805.662981510 0.000000000 0.000000000
1609059805.687171936 0.000000000 0.000000000
1609059805.712141275 0.000000000 0.000000000
1609059805.714035273 0.000000000 0.000000000
1609059805.737256289 0.000000000 0.000000000
1609059805.737875462 0.000000000 0.000000000
1609059805.787137032 0.000000000 0.000000000
1609059805.787862539 0.000000000 0.000000000
1609059805.837124586 0.000000000 0.000000000
1609059805.838814259 0.000000000 0.000000000
1609059805.862160444 0.000000000 0.000000000
1609059805.887203932 0.000000000 0.000000000
1609059805.887887716 0.000000000 0.000000000
1609059805.912214994 0.000000000 0.000000000
1609059805.912889004 0.000000000 0.000000000
1609059805.962105274 0.000000000 0.000000000
1609059805.962879896 0.000000000 0.000000000
1609059806.012122869 0.000000000 0.000000000
1609059806.037102461 0.000000000 0.000000000
1609059806.040818453 0.000000000 0.000000000
1609059806.062123537 0.000000000 0.000000000
1609059806.063240767 0.000000000 0.000000000
1609059806.087187290 0.000000000 0.000000000
1609059806.087857962 0.000000000 0.000000000
1609059806.137158394 0.000000000 0.000000000
1609059806.137828827 0.000000000 0.000000000
1609059806.187424660 0.000000000 0.000000000
1609059806.212188005 0.000000000 0.000000000
1609059806.212840080 0.000000000 0.000000000
1609059806.237171888 0.000000000 0.000000000
1609059806.237667561 0.000000000 0.000000000
1609059806.262226582 0.000000000 0.000000000
1609059806.262885571 0.000000000 0.000000000
1609059806.312173367 0.000000000 0.000000000
1609059806.312894583 0.000000000 0.000000000
1609059806.362118483 0.000000000 0.000000000
1609059806.362969875 0.000000000 0.000000000
1609059806.387224913 0.000000000 0.000000000
1609059806.412253618 0.000000000 0.000000000
1609059806.412817717 0.000000000 0.000000000
1609059806.437176943 0.000000000 0.000000000
1609059806.437917948 0.000000000 0.000000000
1609059806.487110853 0.000000000 0.000000000
1609059806.489029884 0.000000000 0.000000000
1609059806.537133694 0.000000000 0.000000000
1609059806.562161446 0.000000000 0.000000000
1609059806.587146521 0.000000000 0.000000000
1609059806.587886810 0.000000000 0.000000000
1609059806.612274647 0.000000000 0.000000000
1609059806.612867117 0.000000000 0.000000000
1609059806.637163877 0.000000000 0.000000000
1609059806.662169695 0.000000000 0.000000000
1609059806.712139845 0.000000000 0.000000000
1609059806.737204552 0.000000000 0.000000000
1609059806.762149572 0.000000000 0.000000000
1609059806.763018608 0.000000000 0.000000000
1609059806.787588120 0.000000000 0.000000000
1609059806.787967205 0.000000000 0.000000000
1609059806.812112570 0.000000000 0.000000000
1609059806.837182522 0.000000000 0.000000000
1609059806.912113190 0.000000000 0.000000000
1609059806.937128544 0.000000000 0.000000000
1609059806.938106060 0.000000000 0.000000000
1609059806.962242603 0.000000000 0.000000000
1609059806.962857008 0.000000000 0.000000000
1609059806.987177610 0.000000000 0.000000000
1609059807.012136221 0.000000000 0.000000000
1609059807.012811899 0.000000000 0.000000000
1609059807.062081099 0.000000000 0.000000000
1609059807.062911749 0.000000000 0.000000000
1609059807.087112904 0.000000000 0.000000000
1609059807.112109184 0.000000000 0.000000000
1609059807.112679005 0.000000000 0.000000000
1609059807.137224674 0.000000000 0.000000000
1609059807.137876034 0.000000000 0.000000000
1609059807.187193394 0.000000000 0.000000000
1609059807.237079620 0.000000000 0.000000000
1609059807.262125015 0.000000000 0.000000000
1609059807.262872219 0.000000000 0.000000000
1609059807.287121296 0.000000000 0.000000000
1609059807.287959576 0.000000000 0.000000000
1609059807.312180758 0.000000000 0.000000000
1609059807.312822342 0.000000000 0.000000000
1609059807.337265968 0.000000000 0.000000000
1609059807.362146378 0.000000000 0.000000000
1609059807.412097692 0.000000000 0.000000000
1609059807.437184572 0.000000000 0.000000000
1609059807.462157249 0.000000000 0.000000000
1609059807.462913036 0.000000000 0.000000000
1609059807.487199068 0.000000000 0.000000000
1609059807.487840891 0.000000000 0.000000000
1609059807.537143230 0.000000000 0.000000000
1609059807.587136507 0.000000000 0.000000000
1609059807.612062454 0.000000000 0.000000000
1609059807.637114048 0.000000000 0.000000000
1609059807.637894154 0.000000000 0.000000000
1609059807.662127733 0.000000000 0.000000000
1609059807.662774801 0.000000000 0.000000000
1609059807.687180519 0.000000000 0.000000000
1609059807.712114334 0.000000000 0.000000000
1609059807.787122965 0.000000000 0.000000000
1609059807.812116623 0.000000000 0.000000000
1609059807.812631607 0.000000000 0.000000000
1609059807.837203741 0.000000000 0.000000000
1609059807.837849617 0.000000000 0.000000000
1609059807.887119055 0.000000000 0.000000000
1609059807.937119246 0.000000000 0.000000000
1609059807.938329220 0.000000000 0.000000000
1609059807.962096691 0.000000000 0.000000000
1609059807.987079859 0.000000000 0.000000000
1609059807.987804174 0.000000000 0.000000000
1609059808.012119770 0.000000000 0.000000000
1609059808.012811661 0.000000000 0.000000000
1609059808.037817717 0.000000000 0.000000000
1609059808.062114239 0.000000000 0.000000000
1609059808.112060547 0.000000000 0.000000000
1609059808.137196779 0.000000000 0.000000000
1609059808.137875795 0.000000000 0.000000000
1609059808.162127018 0.000000000 0.000000000
1609059808.163782120 0.000000000 0.000000000
1609059808.187172413 0.000000000 0.000000000
1609059808.187794447 0.000000000 0.000000000
1609059808.212235928 0.000000000 0.000000000
1609059808.237100601 0.000000000 0.000000000
1609059808.237785578 0.000000000 0.000000000
1609059808.287078142 0.000000000 0.000000000
1609059808.312092066 0.000000000 0.000000000
1609059808.337102175 0.000000000 0.000000000
1609059808.337862730 0.000000000 0.000000000
1609059808.362169266 0.000000000 0.000000000
1609059808.362865448 0.000000000 0.000000000
1609059808.387077332 0.000000000 0.000000000
1609059808.412120581 0.000000000 0.000000000
1609059808.462104559 0.000000000 0.000000000
1609059808.512057543 0.000000000 0.000000000
1609059808.514179707 0.000000000 0.000000000
1609059808.537063360 0.000000000 0.000000000
1609059808.537766457 0.000000000 0.000000000
1609059808.562165976 0.000000000 0.000000000
1609059808.586691856 0.000000000 0.000000000
1609059808.662093878 0.000000000 0.000000000
1609059808.687105179 0.000000000 0.000000000
1609059808.687801361 0.000000000 0.000000000
1609059808.712197542 0.000000000 0.000000000
1609059808.712831020 0.000000000 0.000000000
1609059808.737087965 0.000000000 0.000000000
1609059808.762216091 0.000000000 0.000000000
1609059808.812049150 0.000000000 0.000000000
1609059808.837059498 0.000000000 0.000000000
1609059808.837764740 0.000000000 0.000000000
1609059808.862146616 0.000000000 0.000000000
1609059808.862804174 0.000000000 0.000000000
1609059808.887139797 0.000000000 0.000000000
1609059808.887796164 0.000000000 0.000000000
1609059808.912112713 0.000000000 0.000000000
1609059808.937073469 0.000000000 0.000000000
1609059808.987076998 0.000000000 0.000000000
1609059809.012119532 0.000000000 0.000000000
1609059809.037079811 0.000000000 0.000000000
1609059809.037826300 0.000000000 0.000000000
1609059809.062107563 0.000000000 0.000000000
1609059809.064133644 0.000000000 0.000000000
1609059809.087138653 0.000000000 0.000000000
1609059809.112108707 0.000000000 0.000000000
1609059809.112825632 0.000000000 0.000000000
1609059809.187085390 0.000000000 0.000000000
1609059809.212135315 0.000000000 0.000000000
1609059809.212857723 0.000000000 0.000000000
1609059809.237137079 0.000000000 0.000000000
1609059809.240530491 0.000000000 0.000000000
1609059809.262109995 0.000000000 0.000000000
1609059809.287113905 0.000000000 0.000000000
1609059809.287785530 0.000000000 0.000000000
1609059809.337075949 0.000000000 0.000000000
1609059809.337843657 0.000000000 0.000000000
1609059809.362070799 0.000000000 0.000000000
1609059809.362842321 0.000000000 0.000000000
1609059809.387060642 0.000000000 0.000000000
1609059809.387857676 0.000000000 0.000000000
1609059809.412078381 0.000000000 0.000000000
1609059809.412770748 0.000000000 0.000000000
1609059809.437055349 0.000000000 0.000000000
1609059809.462124825 0.000000000 0.000000000
1609059809.512050867 0.000000000 0.000000000
1609059809.513961554 0.000000000 0.000000000
1609059809.537194014 0.000000000 0.000000000
1609059809.537773609 0.000000000 0.000000000
1609059809.562128544 0.000000000 0.000000000
1609059809.562823057 0.000000000 0.000000000
1609059809.587134600 0.000000000 0.000000000
1609059809.587822199 0.000000000 0.000000000
1609059809.612107038 0.000000000 0.000000000
1609059809.637137413 0.000000000 0.000000000
1609059809.687085629 0.000000000 0.000000000
1609059809.712092876 0.000000000 0.000000000
1609059809.737150669 0.000000000 0.000000000
1609059809.737785816 0.000000000 0.000000000
1609059809.762141943 0.000000000 0.000000000
1609059809.763965607 0.000000000 0.000000000
1609059809.787090063 0.000000000 0.000000000
1609059809.812182426 0.000000000 0.000000000
1609059809.862098455 0.000000000 0.000000000
1609059809.887869596 0.000000000 0.000000000
1609059809.912436485 0.000000000 0.000000000
1609059809.912876368 0.000000000 0.000000000
1609059809.936983824 0.000000000 0.000000000
1609059809.937767029 0.000000000 0.000000000
1609059809.962108612 0.000000000 0.000000000
1609059809.962781668 0.000000000 0.000000000
1609059809.987162590 0.000000000 0.000000000
1609059810.037079573 0.000000000 0.000000000
1609059810.062142134 0.000000000 0.000000000
1609059810.062753201 0.000000000 0.000000000
1609059810.087060213 0.000000000 0.000000000
1609059810.087781429 0.000000000 0.000000000
1609059810.112125874 0.000000000 0.000000000
1609059810.112760067 0.000000000 0.000000000
1609059810.137070417 0.000000000 0.000000000
1609059810.162130117 0.000000000 0.000000000
1609059810.212099552 0.000000000 0.000000000
1609059810.237045050 0.000000000 0.000000000
1609059810.262063503 0.000000000 0.000000000
1609059810.262900829 0.000000000 0.000000000
1609059810.287126303 0.000000000 0.000000000
1609059810.287829638 0.000000000 0.000000000
1609059810.312103033 0.000000000 0.000000000
1609059810.338158131 0.000000000 0.000000000
1609059810.387059450 0.000000000 0.000000000
1609059810.412104130 0.000000000 0.000000000
1609059810.412768602 0.000000000 0.000000000
1609059810.437109232 0.000000000 0.000000000
1609059810.437821388 0.000000000 0.000000000
1609059810.461872101 0.000000000 0.000000000
1609059810.462768316 0.000000000 0.000000000
1609059810.487168550 0.000000000 0.000000000
1609059810.512069702 0.000000000 0.000000000
1609059810.562064409 0.000000000 0.000000000
1609059810.587054729 0.000000000 0.000000000
1609059810.587733269 0.000000000 0.000000000
1609059810.612145901 0.000000000 0.000000000
1609059810.612751961 0.000000000 0.000000000
1609059810.637095928 0.000000000 0.000000000
1609059810.637805939 0.000000000 0.000000000
1609059810.662170410 0.000000000 0.000000000
1609059810.687099934 0.000000000 0.000000000
1609059810.737072945 0.000000000 0.000000000
1609059810.762036562 0.000000000 0.000000000
1609059810.762770653 0.000000000 0.000000000
1609059810.787079096 0.000000000 0.000000000
1609059810.787589788 0.000000000 0.000000000
1609059810.813240767 0.000000000 0.000000000
1609059810.813733339 0.000000000 0.000000000
1609059810.837154388 0.000000000 0.000000000
1609059810.862193346 0.000000000 0.000000000
1609059810.937024117 0.000000000 0.000000000
1609059810.937745094 0.000000000 0.000000000
1609059810.962092400 0.000000000 0.000000000
1609059810.962644339 0.000000000 0.000000000
1609059810.987089872 0.000000000 0.000000000
1609059810.987761497 0.000000000 0.000000000
1609059811.012165308 0.000000000 0.000000000
1609059811.037097216 0.000000000 0.000000000
1609059811.087046385 0.000000000 0.000000000
1609059811.112050772 0.000000000 0.000000000
1609059811.137066841 0.000000000 0.000000000
1609059811.137535572 0.000000000 0.000000000
1609059811.162117720 0.000000000 0.000000000
1609059811.162784576 0.000000000 0.000000000
1609059811.187169552 0.000000000 0.000000000
1609059811.188761234 0.000000000 0.000000000
1609059811.212050200 0.000000000 0.000000000
1609059811.262012005 0.000000000 0.000000000
1609059811.287214518 0.000000000 0.000000000
1609059811.312075615 0.000000000 0.000000000
1609059811.312543631 0.000000000 0.000000000
1609059811.337038994 0.000000000 0.000000000
1609059811.337812901 0.000000000 0.000000000
1609059811.362096786 0.000000000 0.000000000
1609059811.387159348 0.000000000 0.000000000
1609059811.438947916 0.000000000 0.000000000
1609059811.439396381 0.000000000 0.000000000
1609059811.462085247 0.000000000 0.000000000
1609059811.462736607 0.000000000 0.000000000
1609059811.487057686 0.000000000 0.000000000
1609059811.487548828 0.000000000 0.000000000
1609059811.512095928 0.000000000 0.000000000
1609059811.514027596 0.000000000 0.000000000
1609059811.562105894 0.000000000 0.000000000
1609059811.612003088 0.000000000 0.000000000
1609059811.637144804 0.000000000 0.000000000
1609059811.662057877 0.000000000 0.000000000
1609059811.662740231 0.000000000 0.000000000
1609059811.687096834 0.000000000 0.000000000
1609059811.687747717 0.000000000 0.000000000
1609059811.712088585 0.000000000 0.000000000
1609059811.737036228 0.000000000 0.000000000
1609059811.787042379 0.000000000 0.000000000
1609059811.787992716 0.000000000 0.000000000
1609059811.812035561 0.000000000 0.000000000
1609059811.812756062 0.000000000 0.000000000
1609059811.837030411 0.000000000 0.000000000
1609059811.837733746 0.000000000 0.000000000
1609059811.862030983 0.000000000 0.000000000
1609059811.862769127 0.000000000 0.000000000
1609059811.887087345 0.000000000 0.000000000
1609059811.912107944 0.000000000 0.000000000
1609059811.961973667 0.000000000 0.000000000
1609059811.962799072 0.000000000 0.000000000
1609059811.987017870 0.000000000 0.000000000
1609059811.987765789 0.000000000 0.000000000
1609059812.012060404 0.000000000 0.000000000
1609059812.012772083 0.000000000 0.000000000
1609059812.037088633 0.000000000 0.000000000
1609059812.037758589 0.000000000 0.000000000
1609059812.062019587 0.000000000 0.000000000
1609059812.087027311 0.000000000 0.000000000
1609059812.137011051 0.000000000 0.000000000
1609059812.162034750 0.000000000 0.000000000
1609059812.162998199 0.000000000 0.000000000
1609059812.187011719 0.000000000 0.000000000
1609059812.187709570 0.000000000 0.000000000
1609059812.212142944 0.000000000 0.000000000
1609059812.212743998 0.000000000 0.000000000
1609059812.237019539 0.000000000 0.000000000
1609059812.312071800 0.000000000 0.000000000
1609059812.362082958 0.000000000 0.000000000
1609059812.362782955 0.000000000 0.000000000
1609059812.387107611 0.000000000 0.000000000
1609059812.412032127 0.000000000 0.000000000
1609059812.437057972 0.000000000 0.000000000
1609059812.486993551 0.000000000 0.000000000
1609059812.487813473 0.000000000 0.000000000
1609059812.512023211 0.000000000 0.000000000
1609059812.512736559 0.000000000 0.000000000
1609059812.537031174 0.000000000 0.000000000
1609059812.537825346 0.000000000 0.000000000
1609059812.561818838 0.000000000 0.000000000
1609059812.562764645 0.000000000 0.000000000
1609059812.587000370 0.000000000 0.000000000
1609059812.612061501 0.000000000 0.000000000
1609059812.612944365 0.000000000 0.000000000
1609059812.661984682 0.000000000 0.000000000
1609059812.687038422 0.000000000 0.000000000
1609059812.687773228 0.000000000 0.000000000
1609059812.712017536 0.000000000 0.000000000
1609059812.712999344 0.000000000 0.000000000
1609059812.737032890 0.000000000 0.000000000
1609059812.762015104 0.000000000 0.000000000
1609059812.837038994 0.000000000 0.000000000
1609059812.862008810 0.000000000 0.000000000
1609059812.862728834 0.000000000 0.000000000
1609059812.887015820 0.000000000 0.000000000
1609059812.887513399 0.000000000 0.000000000
1609059812.912116528 0.000000000 0.000000000
1609059812.912759781 0.000000000 0.000000000
1609059812.962004662 0.000000000 0.000000000
1609059813.011958838 0.000000000 0.000000000
1609059813.037043095 0.000000000 0.000000000
1609059813.037917376 0.000000000 0.000000000
1609059813.062072515 0.000000000 0.000000000
1609059813.062801361 0.000000000 0.000000000
1609059813.087047100 0.000000000 0.000000000
1609059813.087720633 0.000000000 0.000000000
1609059813.112078190 0.000000000 0.000000000
1609059813.137033463 0.000000000 0.000000000
1609059813.186977863 0.000000000 0.000000000
1609059813.187705517 0.000000000 0.000000000
1609059813.211997986 0.000000000 0.000000000
1609059813.212758303 0.000000000 0.000000000
1609059813.237039328 0.000000000 0.000000000
1609059813.237490654 0.000000000 0.000000000
1609059813.262091875 0.000000000 0.000000000
1609059813.287087202 0.000000000 0.000000000
1609059813.311556339 0.000000000 0.000000000
1609059813.362008572 0.000000000 0.000000000
1609059813.386981726 0.000000000 0.000000000
1609059813.387703896 0.000000000 0.000000000
1609059813.411991358 0.000000000 0.000000000
1609059813.412752151 0.000000000 0.000000000
1609059813.437044859 0.000000000 0.000000000
1609059813.438903093 0.000000000 0.000000000
1609059813.462041378 0.000000000 0.000000000
1609059813.486999750 0.000000000 0.000000000
1609059813.537028551 0.000000000 0.000000000
1609059813.562074661 0.000000000 0.000000000
1609059813.562762737 0.000000000 0.000000000
1609059813.587025642 0.000000000 0.000000000
1609059813.587784529 0.000000000 0.000000000
1609059813.612075567 0.000000000 0.000000000
1609059813.612732649 0.000000000 0.000000000
1609059813.637051344 0.000000000 0.000000000
1609059813.637763977 0.000000000 0.000000000
1609059813.661987305 0.000000000 0.000000000
1609059813.711936474 0.000000000 0.000000000
1609059813.737015963 0.000000000 0.000000000
1609059813.737791300 0.000000000 0.000000000
1609059813.761972427 0.000000000 0.000000000
1609059813.762805700 0.000000000 0.000000000
1609059813.787044287 0.000000000 0.000000000
1609059813.787721872 0.000000000 0.000000000
1609059813.812046766 0.000000000 0.000000000
1609059813.837011814 0.000000000 0.000000000
1609059813.886975765 0.000000000 0.000000000
1609059813.911957264 0.000000000 0.000000000
1609059813.912694454 0.000000000 0.000000000
1609059813.937004328 0.000000000 0.000000000
1609059813.937713623 0.000000000 0.000000000
1609059813.962023020 0.000000000 0.000000000
1609059813.962771893 0.000000000 0.000000000
1609059814.012015343 0.000000000 0.000000000
1609059814.061948538 0.000000000 0.000000000
1609059814.086991310 0.000000000 0.000000000
1609059814.087760210 0.000000000 0.000000000
1609059814.112042665 0.000000000 0.000000000
1609059814.112741232 0.000000000 0.000000000
1609059814.137036324 0.000000000 0.000000000
1609059814.137711525 0.000000000 0.000000000
1609059814.162034512 0.000000000 0.000000000
1609059814.187101126 0.000000000 0.000000000
1609059814.236982584 0.000000000 0.000000000
1609059814.261968136 0.000000000 0.000000000
1609059814.262847185 0.000000000 0.000000000
1609059814.286978483 0.000000000 0.000000000
1609059814.287705898 0.000000000 0.000000000
1609059814.312004328 0.000000000 0.000000000
1609059814.312683105 0.000000000 0.000000000
1609059814.336992025 0.000000000 0.000000000
1609059814.361958981 0.000000000 0.000000000
1609059814.411938906 0.000000000 0.000000000
1609059814.413269997 0.000000000 0.000000000
1609059814.436988592 0.000000000 0.000000000
1609059814.437672138 0.000000000 0.000000000
1609059814.461956739 0.000000000 0.000000000
1609059814.462721348 0.000000000 0.000000000
1609059814.487020969 0.000000000 0.000000000
1609059814.488075256 0.000000000 0.000000000
1609059814.511930227 0.000000000 0.000000000
1609059814.536988258 0.000000000 0.000000000
1609059814.586902618 0.000000000 0.000000000
1609059814.587718964 0.000000000 0.000000000
1609059814.611928940 0.000000000 0.000000000
1609059814.637014389 0.000000000 0.000000000
1609059814.637701511 0.000000000 0.000000000
1609059814.661944151 0.000000000 0.000000000
1609059814.686945438 0.000000000 0.000000000
1609059814.711954117 0.000000000 0.000000000
1609059814.761984348 0.000000000 0.000000000
1609059814.762807846 0.000000000 0.000000000
1609059814.786923647 0.000000000 0.000000000
1609059814.787685156 0.000000000 0.000000000
1609059814.811989307 0.000000000 0.000000000
1609059814.812699080 0.000000000 0.000000000
1609059814.836871386 0.000000000 0.000000000
1609059814.837737083 0.000000000 0.000000000
1609059814.862059355 0.000000000 0.000000000
1609059814.886983156 0.000000000 0.000000000
1609059814.937724590 0.000000000 0.000000000
1609059814.986954927 0.000000000 0.000000000
1609059814.987697840 0.000000000 0.000000000
1609059815.012019634 0.000000000 0.000000000
1609059815.012740374 0.000000000 0.000000000
1609059815.036982298 0.000000000 0.000000000
1609059815.061937332 0.000000000 0.000000000
1609059815.062701702 0.000000000 0.000000000
1609059815.111939430 0.000000000 0.000000000
1609059815.136990547 0.000000000 0.000000000
1609059815.162031889 0.000000000 0.000000000
1609059815.162702322 0.000000000 0.000000000
1609059815.187084913 0.000000000 0.000000000
1609059815.211971045 0.000000000 0.000000000
1609059815.236977100 0.000000000 0.000000000
1609059815.237667561 0.000000000 0.000000000
1609059815.286933661 0.000000000 0.000000000
1609059815.312672615 0.000000000 0.000000000
1609059815.313203096 0.000000000 0.000000000
1609059815.336999655 0.000000000 0.000000000
1609059815.337809086 0.000000000 0.000000000
1609059815.362030268 0.000000000 0.000000000
1609059815.362790108 0.000000000 0.000000000
1609059815.386981964 0.000000000 0.000000000
1609059815.411957741 0.000000000 0.000000000
1609059815.461924076 0.000000000 0.000000000
1609059815.486955404 0.000000000 0.000000000
1609059815.487774372 0.000000000 0.000000000
1609059815.512026310 0.000000000 0.000000000
1609059815.512839079 0.000000000 0.000000000
1609059815.536746264 0.000000000 0.000000000
1609059815.561991215 0.000000000 0.000000000
1609059815.586953402 0.000000000 0.000000000
1609059815.636964560 0.000000000 0.000000000
1609059815.637737036 0.000000000 0.000000000
1609059815.662013292 0.000000000 0.000000000
1609059815.662764072 0.000000000 0.000000000
1609059815.686950207 0.000000000 0.000000000
1609059815.687832355 0.000000000 0.000000000
1609059815.711988449 0.000000000 0.000000000
1609059815.736974955 0.000000000 0.000000000
1609059815.761974812 0.000000000 0.000000000
1609059815.811972380 0.000000000 0.000000000
1609059815.836994648 0.000000000 0.000000000
1609059815.837771177 0.000000000 0.000000000
1609059815.861995220 0.000000000 0.000000000
1609059815.862712622 0.000000000 0.000000000
1609059815.886959076 0.000000000 0.000000000
1609059815.887691259 0.000000000 0.000000000
1609059815.937000275 0.000000000 0.000000000
1609059816.012372255 0.000000000 0.000000000
1609059816.012826681 0.000000000 0.000000000
1609059816.037006855 0.000000000 0.000000000
1609059816.037742376 0.000000000 0.000000000
1609059816.062031746 0.000000000 0.000000000
1609059816.062676191 0.000000000 0.000000000
1609059816.086940050 0.000000000 0.000000000
1609059816.111981630 0.000000000 0.000000000
1609059816.112689495 0.000000000 0.000000000
1609059816.162672520 0.000000000 0.000000000
1609059816.186937571 0.000000000 0.000000000
1609059816.187808514 0.000000000 0.000000000
1609059816.212846041 0.000000000 0.000000000
1609059816.237009764 0.000000000 0.000000000
1609059816.237721205 0.000000000 0.000000000
1609059816.262042761 0.000000000 0.000000000
1609059816.286953211 0.000000000 0.000000000
1609059816.287736654 0.000000000 0.000000000
1609059816.337021828 0.000000000 0.000000000
1609059816.361968517 0.000000000 0.000000000
1609059816.386937857 0.000000000 0.000000000
1609059816.388505220 0.000000000 0.000000000
1609059816.411993742 0.000000000 0.000000000
1609059816.412657738 0.000000000 0.000000000
1609059816.436992645 0.000000000 0.000000000
1609059816.461937904 0.000000000 0.000000000
1609059816.462632895 0.000000000 0.000000000
1609059816.511940956 0.000000000 0.000000000
1609059816.537717581 0.000000000 0.000000000
1609059816.561921597 0.000000000 0.000000000
1609059816.562693119 0.000000000 0.000000000
1609059816.586991310 0.000000000 0.000000000
1609059816.611941099 0.000000000 0.000000000
1609059816.637042522 0.000000000 0.000000000
1609059816.637637138 0.000000000 0.000000000
1609059816.686959028 0.000000000 0.000000000
1609059816.711953163 0.000000000 0.000000000
1609059816.712657690 0.000000000 0.000000000
1609059816.736937046 0.000000000 0.000000000
1609059816.737647295 0.000000000 0.000000000
1609059816.761958599 0.000000000 0.000000000
1609059816.762769699 0.000000000 0.000000000
1609059816.811979055 0.000000000 0.000000000
1609059816.813925266 0.000000000 0.000000000
1609059816.861906052 0.000000000 0.000000000
1609059816.886940241 0.000000000 0.000000000
1609059816.887625456 0.000000000 0.000000000
1609059816.911932707 0.000000000 0.000000000
1609059816.912655115 0.000000000 0.000000000
1609059816.936969519 0.000000000 0.000000000
1609059816.937627554 0.000000000 0.000000000
1609059816.961971760 0.000000000 0.000000000
1609059816.986952305 0.000000000 0.000000000
1609059816.987642527 0.000000000 0.000000000
1609059817.061976671 0.000000000 0.000000000
1609059817.086949110 0.000000000 0.000000000
1609059817.087630987 0.000000000 0.000000000
1609059817.111717701 0.000000000 0.000000000
1609059817.112722635 0.000000000 0.000000000
1609059817.136989355 0.000000000 0.000000000
1609059817.161970377 0.000000000 0.000000000
1609059817.261910200 0.000000000 0.000000000
1609059817.262808561 0.000000000 0.000000000
1609059817.286822081 0.000000000 0.000000000
1609059817.336881399 0.000000000 0.000000000
1609059817.386892080 0.000000000 0.000000000
1609059817.413991213 0.000000000 0.000000000
1609059817.414466858 0.000000000 0.000000000
1609059817.437057972 0.000000000 0.000000000
1609059817.437778234 0.000000000 0.000000000
1609059817.461948633 0.000000000 0.000000000
1609059817.462637663 0.000000000 0.000000000
1609059817.486896753 0.000000000 0.000000000
1609059817.511958361 0.000000000 0.000000000
1609059817.512638807 0.000000000 0.000000000
1609059817.586904764 0.000000000 0.000000000
1609059817.611918688 0.000000000 0.000000000
1609059817.612621546 0.000000000 0.000000000
1609059817.636946917 0.000000000 0.000000000
1609059817.661954165 0.000000000 0.000000000
1609059817.686908007 0.000000000 0.000000000
1609059817.687632561 0.000000000 0.000000000
1609059817.736895800 0.000000000 0.000000000
1609059817.762713432 0.000000000 0.000000000
1609059817.786907196 0.000000000 0.000000000
1609059817.787621260 0.000000000 0.000000000
1609059817.812043905 0.000000000 0.000000000
1609059817.836977959 0.000000000 0.000000000
1609059817.861924410 0.000000000 0.000000000
1609059817.862936974 0.000000000 0.000000000
1609059817.911947966 0.000000000 0.000000000
1609059817.936958790 0.000000000 0.000000000
1609059817.961893559 0.000000000 0.000000000
1609059817.962667227 0.000000000 0.000000000
1609059817.986906767 0.000000000 0.000000000
1609059817.987747908 0.000000000 0.000000000
1609059818.011922359 0.000000000 0.000000000
1609059818.036986351 0.000000000 0.000000000
1609059818.037899971 0.000000000 0.000000000
1609059818.086966276 0.000000000 0.000000000
1609059818.087938786 0.000000000 0.000000000
1609059818.111897945 0.000000000 0.000000000
1609059818.136962652 0.000000000 0.000000000
1609059818.137670755 0.000000000 0.000000000
1609059818.162658930 0.000000000 0.000000000
1609059818.186953545 0.000000000 0.000000000
1609059818.187621117 0.000000000 0.000000000
1609059818.211967468 0.000000000 0.000000000
1609059818.212646961 0.000000000 0.000000000
1609059818.261904716 0.000000000 0.000000000
1609059818.262784481 0.000000000 0.000000000
1609059818.286855936 0.000000000 0.000000000
1609059818.311890602 0.000000000 0.000000000
1609059818.312942266 0.000000000 0.000000000
1609059818.336850405 0.000000000 0.000000000
1609059818.337624550 0.000000000 0.000000000
1609059818.361906767 0.000000000 0.000000000
1609059818.386917353 0.000000000 0.000000000
1609059818.387603045 0.000000000 0.000000000
1609059818.436866999 0.000000000 0.000000000
1609059818.461933851 0.000000000 0.000000000
1609059818.462611437 0.000000000 0.000000000
1609059818.486925840 0.000000000 0.000000000
1609059818.487639427 0.000000000 0.000000000
1609059818.511923075 0.000000000 0.000000000
1609059818.561898232 0.000000000 0.000000000
1609059818.562653303 0.000000000 0.000000000
1609059818.611846209 0.000000000 0.000000000
1609059818.636886358 0.000000000 0.000000000
1609059818.637633324 0.000000000 0.000000000
1609059818.661936998 0.000000000 0.000000000
1609059818.686876297 0.000000000 0.000000000
1609059818.711879015 0.000000000 0.000000000
1609059818.736958504 0.000000000 0.000000000
1609059818.737635612 0.000000000 0.000000000
1609059818.786861181 0.000000000 0.000000000
1609059818.811880589 0.000000000 0.000000000
1609059818.812712908 0.000000000 0.000000000
1609059818.836870670 0.000000000 0.000000000
1609059818.837642193 0.000000000 0.000000000
1609059818.861918449 0.000000000 0.000000000
1609059818.886843920 0.000000000 0.000000000
1609059818.911900759 0.000000000 0.000000000
1609059818.912695885 0.000000000 0.000000000
1609059818.961869240 0.000000000 0.000000000
1609059818.986850023 0.000000000 0.000000000
1609059818.987631559 0.000000000 0.000000000
1609059819.012065411 0.000000000 0.000000000
1609059819.012658358 0.000000000 0.000000000
1609059819.036838531 0.000000000 0.000000000
1609059819.037606001 0.000000000 0.000000000
1609059819.061874866 0.000000000 0.000000000
1609059819.086867094 0.000000000 0.000000000
1609059819.087628841 0.000000000 0.000000000
1609059819.136896610 0.000000000 0.000000000
1609059819.137709618 0.000000000 0.000000000
1609059819.161859751 0.000000000 0.000000000
1609059819.162674665 0.000000000 0.000000000
1609059819.186944723 0.000000000 0.000000000
1609059819.188870430 0.000000000 0.000000000
1609059819.211874247 0.000000000 0.000000000
1609059819.212708950 0.000000000 0.000000000
1609059819.236986160 0.000000000 0.000000000
1609059819.237689257 0.000000000 0.000000000
1609059819.261914253 0.000000000 0.000000000
1609059819.264174461 0.000000000 0.000000000
1609059819.311856508 0.000000000 0.000000000
1609059819.312873125 0.000000000 0.000000000
1609059819.336836576 0.000000000 0.000000000
1609059819.361922264 0.000000000 0.000000000
1609059819.362954855 0.000000000 0.000000000
1609059819.386940718 0.000000000 0.000000000
1609059819.387591839 0.000000000 0.000000000
1609059819.411868811 0.000000000 0.000000000
1609059819.436869383 0.000000000 0.000000000
1609059819.437760115 0.000000000 0.000000000
1609059819.486862183 0.000000000 0.000000000
1609059819.487669945 0.000000000 0.000000000
1609059819.511880875 0.000000000 0.000000000
1609059819.536875963 0.000000000 0.000000000
1609059819.537632227 0.000000000 0.000000000
1609059819.562651396 0.000000000 0.000000000
1609059819.586854458 0.000000000 0.000000000
1609059819.611853838 0.000000000 0.000000000
1609059819.612594604 0.000000000 0.000000000
1609059819.661867857 0.000000000 0.000000000
1609059819.686919451 0.000000000 0.000000000
1609059819.711875677 0.000000000 0.000000000
1609059819.736855745 0.000000000 0.000000000
1609059819.761862755 0.000000000 0.000000000
1609059819.786833763 0.000000000 0.000000000
1609059819.787389755 0.000000000 0.000000000
1609059819.836822748 0.000000000 0.000000000
1609059819.837726831 0.000000000 0.000000000
1609059819.861918926 0.000000000 0.000000000
1609059819.887579441 0.000000000 0.000000000
1609059819.911843300 0.000000000 0.000000000
1609059819.912630558 0.000000000 0.000000000
1609059819.936853647 0.000000000 0.000000000
1609059819.937593937 0.000000000 0.000000000
1609059819.961887598 0.000000000 0.000000000
1609059819.962648153 0.000000000 0.000000000
1609059820.011841774 0.000000000 0.000000000
1609059820.012653351 0.000000000 0.000000000
1609059820.037193775 0.000000000 0.000000000
1609059820.037709951 0.000000000 0.000000000
1609059820.062591553 0.000000000 0.000000000
1609059820.086915016 0.000000000 0.000000000
1609059820.087592840 0.000000000 0.000000000
1609059820.111882925 0.000000000 0.000000000
1609059820.136878490 0.000000000 0.000000000
1609059820.137705326 0.000000000 0.000000000
1609059820.186851263 0.000000000 0.000000000
1609059820.211853266 0.000000000 0.000000000
1609059820.261827469 0.000000000 0.000000000
1609059820.262654305 0.000000000 0.000000000
1609059820.286860228 0.000000000 0.000000000
1609059820.312653065 0.000000000 0.000000000
1609059820.361896753 0.000000000 0.000000000
1609059820.362335682 0.000000000 0.000000000
1609059820.386873960 0.000000000 0.000000000
1609059820.412602901 0.000000000 0.000000000
1609059820.436807156 0.000000000 0.000000000
1609059820.461871386 0.000000000 0.000000000
1609059820.486855030 0.000000000 0.000000000
1609059820.487689734 0.000000000 0.000000000
1609059820.536830664 0.000000000 0.000000000
1609059820.561836720 0.000000000 0.000000000
1609059820.562432766 0.000000000 0.000000000
1609059820.587656021 0.000000000 0.000000000
1609059820.611874819 0.000000000 0.000000000
1609059820.612619877 0.000000000 0.000000000
1609059820.636865854 0.000000000 0.000000000
1609059820.637644529 0.000000000 0.000000000
1609059820.661930084 0.000000000 0.000000000
1609059820.662610769 0.000000000 0.000000000
1609059820.711799860 0.000000000 0.000000000
1609059820.736843109 0.000000000 0.000000000
1609059820.737600803 0.000000000 0.000000000
1609059820.787564516 0.000000000 0.000000000
1609059820.837601662 0.000000000 0.000000000
1609059820.886827230 0.000000000 0.000000000
1609059820.887889385 0.000000000 0.000000000
1609059820.911880732 0.000000000 0.000000000
1609059820.912671804 0.000000000 0.000000000
1609059820.936878920 0.000000000 0.000000000
1609059820.938961029 0.000000000 0.000000000
1609059820.962643385 0.000000000 0.000000000
1609059820.986834049 0.000000000 0.000000000
1609059821.011978626 0.000000000 0.000000000
1609059821.012545586 0.000000000 0.000000000
1609059821.061914682 0.000000000 0.000000000
1609059821.087569237 0.000000000 0.000000000
1609059821.111876726 0.000000000 0.000000000
1609059821.112577438 0.000000000 0.000000000
1609059821.161849976 0.000000000 0.000000000
1609059821.162630796 0.000000000 0.000000000
1609059821.186850548 0.000000000 0.000000000
1609059821.187591791 0.000000000 0.000000000
1609059821.286868334 0.000000000 0.000000000
1609059821.287255287 0.000000000 0.000000000
1609059821.336847067 0.000000000 0.000000000
1609059821.361829519 0.000000000 0.000000000
1609059821.362616777 0.000000000 0.000000000
1609059821.411837816 0.000000000 0.000000000
1609059821.412345171 0.000000000 0.000000000
1609059821.461861849 0.000000000 0.000000000
1609059821.463712454 0.000000000 0.000000000
1609059821.486820459 0.000000000 0.000000000
1609059821.511846304 0.000000000 0.000000000
1609059821.512736559 0.000000000 0.000000000
1609059821.536854267 0.000000000 0.000000000
1609059821.537571669 0.000000000 0.000000000
1609059821.586857080 0.000000000 0.000000000
1609059821.611842394 0.000000000 0.000000000
1609059821.636961937 0.000000000 0.000000000
1609059821.637755871 0.000000000 0.000000000
1609059821.662513733 0.000000000 0.000000000
1609059821.686878681 0.000000000 0.000000000
1609059821.712535381 0.000000000 0.000000000
1609059821.761891603 0.000000000 0.000000000
1609059821.786894560 0.000000000 0.000000000
1609059821.811829329 0.000000000 0.000000000
1609059821.812649727 0.000000000 0.000000000
1609059821.836964607 0.000000000 0.000000000
1609059821.837688446 0.000000000 0.000000000
1609059821.861893654 0.000000000 0.000000000
1609059821.886852026 0.000000000 0.000000000
1609059821.887612581 0.000000000 0.000000000
1609059821.936844826 0.000000000 0.000000000
1609059821.961823702 0.000000000 0.000000000
1609059821.962404013 0.000000000 0.000000000
1609059821.986825228 0.000000000 0.000000000
1609059821.987571478 0.000000000 0.000000000
1609059822.012521744 0.000000000 0.000000000
1609059822.061805964 0.000000000 0.000000000
1609059822.062587261 0.000000000 0.000000000
1609059822.111829042 0.000000000 0.000000000
1609059822.136849403 0.000000000 0.000000000
1609059822.161884308 0.000000000 0.000000000
1609059822.162891150 0.000000000 0.000000000
1609059822.187624931 0.000000000 0.000000000
1609059822.237533092 0.000000000 0.000000000
1609059822.286815643 0.000000000 0.000000000
1609059822.287565708 0.000000000 0.000000000
1609059822.311937094 0.000000000 0.000000000
1609059822.336894274 0.000000000 0.000000000
1609059822.337597609 0.000000000 0.000000000
1609059822.362115383 0.000000000 0.000000000
1609059822.362573385 0.000000000 0.000000000
1609059822.386879921 0.000000000 0.000000000
1609059822.387561798 0.000000000 0.000000000
1609059822.411828995 0.000000000 0.000000000
1609059822.412532091 0.000000000 0.000000000
1609059822.461781979 0.000000000 0.000000000
1609059822.486835718 0.000000000 0.000000000
1609059822.511848927 0.000000000 0.000000000
1609059822.512525320 0.000000000 0.000000000
1609059822.536416054 0.000000000 0.000000000
1609059822.541214705 0.000000000 0.000000000
1609059822.561855316 0.000000000 0.000000000
1609059822.562568426 0.000000000 0.000000000
1609059822.586841583 0.000000000 0.000000000
1609059822.587552309 0.000000000 0.000000000
1609059822.637329340 0.000000000 0.000000000
1609059822.661865711 0.000000000 0.000000000
1609059822.662603855 0.000000000 0.000000000
1609059822.686893702 0.000000000 0.000000000
1609059822.687597275 0.000000000 0.000000000
1609059822.711813927 0.000000000 0.000000000
1609059822.712600231 0.000000000 0.000000000
1609059822.736859083 0.000000000 0.000000000
1609059822.761870146 0.000000000 0.000000000
1609059822.762594938 0.000000000 0.000000000
1609059822.811915636 0.000000000 0.000000000
1609059822.812538862 0.000000000 0.000000000
1609059822.836815834 0.000000000 0.000000000
1609059822.862510204 0.000000000 0.000000000
1609059822.911837101 0.000000000 0.000000000
1609059822.936838150 0.000000000 0.000000000
1609059822.937541723 0.000000000 0.000000000
1609059822.986870527 0.000000000 0.000000000
1609059823.012506962 0.000000000 0.000000000
1609059823.036832571 0.000000000 0.000000000
1609059823.037637472 0.000000000 0.000000000
1609059823.061979771 0.000000000 0.000000000
1609059823.062552929 0.000000000 0.000000000
1609059823.086880922 0.000000000 0.000000000
1609059823.111820698 0.000000000 0.000000000
1609059823.112531424 0.000000000 0.000000000
1609059823.161788940 0.000000000 0.000000000
1609059823.162572145 0.000000000 0.000000000
1609059823.186821461 0.000000000 0.000000000
1609059823.211855888 0.000000000 0.000000000
1609059823.213777542 0.000000000 0.000000000
1609059823.237525463 0.000000000 0.000000000
1609059823.286854267 0.000000000 0.000000000
1609059823.287559748 0.000000000 0.000000000
1609059823.336770296 0.000000000 0.000000000
1609059823.437508106 0.000000000 0.000000000
1609059823.461794376 0.000000000 0.000000000
1609059823.462532282 0.000000000 0.000000000
1609059823.511779070 0.000000000 0.000000000
1609059823.536845207 0.000000000 0.000000000
1609059823.537628889 0.000000000 0.000000000
1609059823.561865807 0.000000000 0.000000000
1609059823.562756538 0.000000000 0.000000000
1609059823.586824179 0.000000000 0.000000000
1609059823.587565184 0.000000000 0.000000000
1609059823.611896276 0.000000000 0.000000000
1609059823.612578154 0.000000000 0.000000000
1609059823.636824846 0.000000000 0.000000000
1609059823.637576103 0.000000000 0.000000000
1609059823.686784744 0.000000000 0.000000000
1609059823.711876154 0.000000000 0.000000000
1609059823.736853123 0.000000000 0.000000000
1609059823.737550020 0.000000000 0.000000000
1609059823.761904478 0.000000000 0.000000000
1609059823.762605190 0.000000000 0.000000000
1609059823.786836386 0.000000000 0.000000000
1609059823.787528992 0.000000000 0.000000000
1609059823.811822414 0.000000000 0.000000000
1609059823.812546492 0.000000000 0.000000000
1609059823.861839533 0.000000000 0.000000000
1609059823.886835337 0.000000000 0.000000000
1609059823.911830425 0.000000000 0.000000000
1609059823.912516832 0.000000000 0.000000000
1609059823.937531233 0.000000000 0.000000000
1609059823.986838341 0.000000000 0.000000000
1609059823.987522364 0.000000000 0.000000000
1609059824.036758184 0.000000000 0.000000000
1609059824.037615299 0.000000000 0.000000000
1609059824.061835289 0.000000000 0.000000000
1609059824.086797476 0.000000000 0.000000000
1609059824.088540077 0.000000000 0.000000000
1609059824.112504005 0.000000000 0.000000000
1609059824.136873007 0.000000000 0.000000000
1609059824.161839485 0.000000000 0.000000000
1609059824.162585497 0.000000000 0.000000000
1609059824.211751223 0.000000000 0.000000000
1609059824.237116814 0.000000000 0.000000000
1609059824.261821985 0.000000000 0.000000000
1609059824.262618303 0.000000000 0.000000000
1609059824.286488056 0.000000000 0.000000000
1609059824.287563562 0.000000000 0.000000000
1609059824.311837435 0.000000000 0.000000000
1609059824.312516212 0.000000000 0.000000000
1609059824.336794615 0.000000000 0.000000000
1609059824.337525129 0.000000000 0.000000000
1609059824.386930704 0.000000000 0.000000000
1609059824.411851883 0.000000000 0.000000000
1609059824.436812162 0.000000000 0.000000000
1609059824.437556744 0.000000000 0.000000000
1609059824.466326475 0.000000000 0.000000000
1609059824.466942072 0.000000000 0.000000000
1609059824.487481594 0.000000000 0.000000000
1609059824.511800051 0.000000000 0.000000000
1609059824.512605429 0.000000000 0.000000000
1609059824.561832666 0.000000000 0.000000000
1609059824.586816311 0.000000000 0.000000000
1609059824.611791372 0.000000000 0.000000000
1609059824.616801500 0.000000000 0.000000000
1609059824.636358976 0.000000000 0.000000000
1609059824.637533903 0.000000000 0.000000000
1609059824.687492371 0.000000000 0.000000000
1609059824.736717463 0.000000000 0.000000000
1609059824.761822462 0.000000000 0.000000000
1609059824.786817312 0.000000000 0.000000000
1609059824.787494898 0.000000000 0.000000000
1609059824.812535763 0.000000000 0.000000000
1609059824.836858511 0.000000000 0.000000000
1609059824.837492228 0.000000000 0.000000000
1609059824.861852169 0.000000000 0.000000000
1609059824.864728928 0.000000000 0.000000000
1609059824.911730051 0.000000000 0.000000000
1609059824.936832905 0.000000000 0.000000000
1609059824.937513351 0.000000000 0.000000000
1609059824.961887360 0.000000000 0.000000000
1609059824.962575197 0.000000000 0.000000000
1609059824.986318350 0.000000000 0.000000000
1609059824.987510920 0.000000000 0.000000000
1609059825.011804819 0.000000000 0.000000000
1609059825.012692690 0.000000000 0.000000000
1609059825.036957264 0.000000000 0.000000000
1609059825.037971497 0.000000000 0.000000000
1609059825.086849451 0.000000000 0.000000000
1609059825.111844301 0.000000000 0.000000000
1609059825.137134075 0.000000000 0.000000000
1609059825.137543678 0.000000000 0.000000000
1609059825.161381721 0.000000000 0.000000000
1609059825.162555695 0.000000000 0.000000000
1609059825.186807394 0.000000000 0.000000000
1609059825.215563059 0.000000000 0.000000000
1609059825.215986013 0.000000000 0.000000000
1609059825.261789799 0.000000000 0.000000000
1609059825.262619734 0.000000000 0.000000000
1609059825.286795139 0.000000000 0.000000000
1609059825.287541628 0.000000000 0.000000000
1609059825.311841488 0.000000000 0.000000000
1609059825.312566280 0.000000000 0.000000000
1609059825.336427450 0.000000000 0.000000000
1609059825.337586403 0.000000000 0.000000000
1609059825.361970425 0.000000000 0.000000000
1609059825.386792183 0.000000000 0.000000000
1609059825.387615919 0.000000000 0.000000000
1609059825.436785698 0.000000000 0.000000000
1609059825.437772989 0.000000000 0.000000000
1609059825.461808681 0.000000000 0.000000000
1609059825.486783743 0.000000000 0.000000000
1609059825.487511396 0.000000000 0.000000000
1609059825.511878252 0.000000000 0.000000000
1609059825.512797356 0.000000000 0.000000000
1609059825.536773443 0.000000000 0.000000000
1609059825.561782598 0.000000000 0.000000000
1609059825.562493324 0.000000000 0.000000000
1609059825.611763239 0.000000000 0.000000000
1609059825.637047052 0.000000000 0.000000000
1609059825.661852360 0.000000000 0.000000000
1609059825.662499905 0.000000000 0.000000000
1609059825.686291218 0.000000000 0.000000000
1609059825.687513113 0.000000000 0.000000000
1609059825.711783886 0.000000000 0.000000000
1609059825.736775637 0.000000000 0.000000000
1609059825.737535477 0.000000000 0.000000000
1609059825.786750317 0.000000000 0.000000000
1609059825.787577629 0.000000000 0.000000000
1609059825.811793089 0.000000000 0.000000000
1609059825.836789131 0.000000000 0.000000000
1609059825.837511539 0.000000000 0.000000000
1609059825.861771345 0.000000000 0.000000000
1609059825.862468958 0.000000000 0.000000000
1609059825.886827707 0.000000000 0.000000000
1609059825.911808252 0.000000000 0.000000000
1609059825.912466764 0.000000000 0.000000000
1609059825.961771011 0.000000000 0.000000000
1609059825.986776352 0.000000000 0.000000000
1609059826.011818171 0.000000000 0.000000000
1609059826.012507677 0.000000000 0.000000000
1609059826.036880016 0.000000000 0.000000000
1609059826.037499428 0.000000000 0.000000000
1609059826.061825037 0.000000000 0.000000000
1609059826.086796761 0.000000000 0.000000000
1609059826.087489367 0.000000000 0.000000000
1609059826.136743546 0.000000000 0.000000000
1609059826.161767721 0.000000000 0.000000000
1609059826.162512541 0.000000000 0.000000000
1609059826.186853647 0.000000000 0.000000000
1609059826.188482523 0.000000000 0.000000000
1609059826.212496042 0.000000000 0.000000000
1609059826.236756563 0.000000000 0.000000000
1609059826.261806965 0.000000000 0.000000000
1609059826.262521267 0.000000000 0.000000000
1609059826.311759472 0.000000000 0.000000000
1609059826.336763382 0.000000000 0.000000000
1609059826.361785173 0.000000000 0.000000000
1609059826.362555504 0.000000000 0.000000000
1609059826.386771202 0.000000000 0.000000000
1609059826.387522697 0.000000000 0.000000000
1609059826.411767244 0.000000000 0.000000000
1609059826.436839819 0.000000000 0.000000000
1609059826.437504530 0.000000000 0.000000000
1609059826.486692429 0.000000000 0.000000000
1609059826.511774540 0.000000000 0.000000000
1609059826.536822796 0.000000000 0.000000000
1609059826.537493706 0.000000000 0.000000000
1609059826.563271761 0.000000000 0.000000000
1609059826.563739777 0.000000000 0.000000000
1609059826.586825371 0.000000000 0.000000000
1609059826.611747265 0.000000000 0.000000000
1609059826.612476826 0.000000000 0.000000000
1609059826.661650658 0.000000000 0.000000000
1609059826.662409544 0.000000000 0.000000000
1609059826.686707973 0.000000000 0.000000000
1609059826.711748123 0.000000000 0.000000000
1609059826.712405920 0.000000000 0.000000000
1609059826.737440586 0.000000000 0.000000000
1609059826.761716366 0.000000000 0.000000000
1609059826.786717653 0.000000000 0.000000000
1609059826.787460089 0.000000000 0.000000000
1609059826.836670160 0.000000000 0.000000000
1609059826.837532997 0.000000000 0.000000000
1609059826.861751318 0.000000000 0.000000000
1609059826.862425327 0.000000000 0.000000000
1609059826.886671305 0.000000000 0.000000000
1609059826.887429953 0.000000000 0.000000000
1609059826.911722183 0.000000000 0.000000000
1609059826.912457228 0.000000000 0.000000000
1609059826.936779499 0.000000000 0.000000000
1609059826.961737871 0.000000000 0.000000000
1609059826.962522745 0.000000000 0.000000000
1609059827.011736155 0.000000000 0.000000000
1609059827.013255835 0.000000000 0.000000000
1609059827.036808252 0.000000000 0.000000000
1609059827.086743355 0.000000000 0.000000000
1609059827.087459803 0.000000000 0.000000000
1609059827.111791611 0.000000000 0.000000000
1609059827.136783600 0.000000000 0.000000000
1609059827.137462854 0.000000000 0.000000000
1609059827.186700106 0.000000000 0.000000000
1609059827.187459707 0.000000000 0.000000000
1609059827.211839914 0.000000000 0.000000000
1609059827.212852001 0.000000000 0.000000000
1609059827.236723661 0.000000000 0.000000000
1609059827.237476110 0.000000000 0.000000000
1609059827.261334181 0.000000000 0.000000000
1609059827.262757778 0.000000000 0.000000000
1609059827.286738157 0.000000000 0.000000000
1609059827.312496901 0.000000000 0.000000000
1609059827.361786366 0.000000000 0.000000000
1609059827.362526655 0.000000000 0.000000000
1609059827.386748552 0.000000000 0.000000000
1609059827.387447357 0.000000000 0.000000000
1609059827.411724806 0.000000000 0.000000000
1609059827.412417412 0.000000000 0.000000000
1609059827.461771488 0.000000000 0.000000000
1609059827.462452888 0.000000000 0.000000000
1609059827.486765146 0.000000000 0.000000000
1609059827.487487555 0.000000000 0.000000000
1609059827.536684990 0.000000000 0.000000000
1609059827.537616253 0.000000000 0.000000000
1609059827.561776638 0.000000000 0.000000000
1609059827.562533379 0.000000000 0.000000000
1609059827.586788416 0.000000000 0.000000000
1609059827.587523937 0.000000000 0.000000000
1609059827.611269236 0.000000000 0.000000000
1609059827.615698576 0.000000000 0.000000000
1609059827.636729002 0.000000000 0.000000000
1609059827.661761284 0.000000000 0.000000000
1609059827.663258076 0.000000000 0.000000000
1609059827.711711407 0.000000000 0.000000000
1609059827.712473631 0.000000000 0.000000000
1609059827.736733675 0.000000000 0.000000000
1609059827.737447262 0.000000000 0.000000000
1609059827.761779070 0.000000000 0.000000000
1609059827.811755180 0.000000000 0.000000000
1609059827.836755037 0.000000000 0.000000000
1609059827.838495493 0.000000000 0.000000000
1609059827.886707783 0.000000000 0.000000000
1609059827.915056229 0.000000000 0.000000000
1609059827.915490866 0.000000000 0.000000000
1609059827.936785221 0.000000000 0.000000000
1609059827.937545538 0.000000000 0.000000000
1609059827.961291075 0.000000000 0.000000000
1609059827.962448835 0.000000000 0.000000000
1609059827.986763477 0.000000000 0.000000000
1609059828.011725903 0.000000000 0.000000000
1609059828.012451410 0.000000000 0.000000000
1609059828.061741352 0.000000000 0.000000000
1609059828.062464952 0.000000000 0.000000000
1609059828.086882353 0.000000000 0.000000000
1609059828.087588549 0.000000000 0.000000000
1609059828.111731529 0.000000000 0.000000000
1609059828.112497807 0.000000000 0.000000000
1609059828.136762381 0.000000000 0.000000000
1609059828.137500525 0.000000000 0.000000000
1609059828.161779165 0.000000000 0.000000000
1609059828.186754227 0.000000000 0.000000000
1609059828.188350677 0.000000000 0.000000000
1609059828.236701488 0.000000000 0.000000000
1609059828.237143993 0.000000000 0.000000000
1609059828.261809826 0.000000000 0.000000000
1609059828.286725998 0.000000000 0.000000000
1609059828.288825750 0.000000000 0.000000000
1609059828.312536240 0.000000000 0.000000000
1609059828.336805820 0.000000000 0.000000000
1609059828.362490177 0.000000000 0.000000000
1609059828.411695957 0.000000000 0.000000000
1609059828.436744213 0.000000000 0.000000000
1609059828.437492132 0.000000000 0.000000000
1609059828.461756945 0.000000000 0.000000000
1609059828.462503910 0.000000000 0.000000000
1609059828.486748695 0.000000000 0.000000000
1609059828.487442732 0.000000000 0.000000000
1609059828.511734009 0.000000000 0.000000000
1609059828.537439585 0.000000000 0.000000000
1609059828.586717606 0.000000000 0.000000000
1609059828.611741543 0.000000000 0.000000000
1609059828.612413883 0.000000000 0.000000000
1609059828.636787653 0.000000000 0.000000000
1609059828.637469292 0.000000000 0.000000000
1609059828.662160397 0.000000000 0.000000000
1609059828.662587881 0.000000000 0.000000000
1609059828.686794043 0.000000000 0.000000000
1609059828.712481022 0.000000000 0.000000000
1609059828.761696100 0.000000000 0.000000000
1609059828.786697865 0.000000000 0.000000000
1609059828.811707497 0.000000000 0.000000000
1609059828.812430382 0.000000000 0.000000000
1609059828.837417841 0.000000000 0.000000000
1609059828.886756897 0.000000000 0.000000000
1609059828.887447834 0.000000000 0.000000000
1609059828.936693192 0.000000000 0.000000000
1609059828.961721420 0.000000000 0.000000000
1609059828.962454081 0.000000000 0.000000000
1609059828.986765146 0.000000000 0.000000000
1609059828.987440586 0.000000000 0.000000000
1609059829.011698723 0.000000000 0.000000000
1609059829.012419939 0.000000000 0.000000000
1609059829.036732674 0.000000000 0.000000000
1609059829.061686516 0.000000000 0.000000000
1609059829.062430143 0.000000000 0.000000000
1609059829.111761093 0.000000000 0.000000000
1609059829.112480879 0.000000000 0.000000000
1609059829.136733055 0.000000000 0.000000000
1609059829.161726952 0.000000000 0.000000000
1609059829.162458897 0.000000000 0.000000000
1609059829.187462807 0.000000000 0.000000000
1609059829.236704350 0.000000000 0.000000000
1609059829.238837957 0.000000000 0.000000000
1609059829.286700726 0.000000000 0.000000000
1609059829.287415028 0.000000000 0.000000000
1609059829.311734200 0.000000000 0.000000000
1609059829.312441111 0.000000000 0.000000000
1609059829.336729527 0.000000000 0.000000000
1609059829.337451935 0.000000000 0.000000000
1609059829.387423754 0.000000000 0.000000000
1609059829.411712646 0.000000000 0.000000000
1609059829.412414074 0.000000000 0.000000000
1609059829.461743593 0.000000000 0.000000000
1609059829.486687422 0.000000000 0.000000000
1609059829.511687517 0.000000000 0.000000000
1609059829.512454271 0.000000000 0.000000000
1609059829.536818027 0.000000000 0.000000000
1609059829.537593842 0.000000000 0.000000000
1609059829.561802387 0.000000000 0.000000000
1609059829.562472343 0.000000000 0.000000000
1609059829.586711407 0.000000000 0.000000000
1609059829.587526798 0.000000000 0.000000000
1609059829.636804342 0.000000000 0.000000000
1609059829.637601614 0.000000000 0.000000000
1609059829.662441730 0.000000000 0.000000000
1609059829.686706781 0.000000000 0.000000000
1609059829.688256502 0.000000000 0.000000000
1609059829.711711407 0.000000000 0.000000000
1609059829.712564468 0.000000000 0.000000000
1609059829.736715317 0.000000000 0.000000000
1609059829.737490416 0.000000000 0.000000000
1609059829.761745691 0.000000000 0.000000000
1609059829.762475014 0.000000000 0.000000000
1609059829.811705828 0.000000000 0.000000000
1609059829.812426329 0.000000000 0.000000000
1609059829.836725473 0.000000000 0.000000000
1609059829.837584734 0.000000000 0.000000000
1609059829.861802340 0.000000000 0.000000000
1609059829.862406492 0.000000000 0.000000000
1609059829.886755466 0.000000000 0.000000000
1609059829.887423992 0.000000000 0.000000000
1609059829.911715508 0.000000000 0.000000000
1609059829.913804054 0.000000000 0.000000000
1609059829.936705351 0.000000000 0.000000000
1609059829.937499523 0.000000000 0.000000000
1609059829.986691713 0.000000000 0.000000000
1609059830.036697149 0.000000000 0.000000000
1609059830.061794043 0.000000000 0.000000000
1609059830.062516212 0.000000000 0.000000000
1609059830.086716890 0.000000000 0.000000000
1609059830.111668825 0.000000000 0.000000000
1609059830.112378836 0.000000000 0.000000000
1609059830.161773443 0.000000000 0.000000000
1609059830.162513733 0.000000000 0.000000000
1609059830.186700344 0.000000000 0.000000000
1609059830.187670946 0.000000000 0.000000000
1609059830.211755276 0.000000000 0.000000000
1609059830.212379694 0.000000000 0.000000000
1609059830.236703396 0.000000000 0.000000000
1609059830.241934538 0.000000000 0.000000000
1609059830.261734009 0.000000000 0.000000000
1609059830.262518644 0.000000000 0.000000000
1609059830.286691189 0.000000000 0.000000000
1609059830.288128138 0.000000000 0.000000000
1609059830.336664200 0.000000000 0.000000000
1609059830.361773014 0.000000000 0.000000000
1609059830.386739731 0.000000000 0.000000000
1609059830.387332201 0.000000000 0.000000000
1609059830.411691666 0.000000000 0.000000000
1609059830.412390471 0.000000000 0.000000000
1609059830.436773062 0.000000000 0.000000000
1609059830.437378883 0.000000000 0.000000000
1609059830.461684227 0.000000000 0.000000000
1609059830.462414265 0.000000000 0.000000000
1609059830.511678696 0.000000000 0.000000000
1609059830.512403250 0.000000000 0.000000000
1609059830.536699533 0.000000000 0.000000000
1609059830.561687946 0.000000000 0.000000000
1609059830.562432289 0.000000000 0.000000000
1609059830.586692810 0.000000000 0.000000000
1609059830.587387323 0.000000000 0.000000000
1609059830.611699104 0.000000000 0.000000000
1609059830.612410307 0.000000000 0.000000000
1609059830.636726379 0.000000000 0.000000000
1609059830.687377214 0.000000000 0.000000000
1609059830.711681604 0.000000000 0.000000000
1609059830.736660957 0.000000000 0.000000000
1609059830.737345219 0.000000000 0.000000000
1609059830.761662722 0.000000000 0.000000000
1609059830.763380766 0.000000000 0.000000000
1609059830.786678553 0.000000000 0.000000000
1609059830.787375689 0.000000000 0.000000000
1609059830.811681509 0.000000000 0.000000000
1609059830.812361717 0.000000000 0.000000000
1609059830.862370014 0.000000000 0.000000000
1609059830.886635303 0.000000000 0.000000000
1609059830.887424946 0.000000000 0.000000000
1609059830.911683798 0.000000000 0.000000000
1609059830.912377119 0.000000000 0.000000000
1609059830.936653376 0.000000000 0.000000000
1609059830.937366486 0.000000000 0.000000000
1609059830.961644411 0.000000000 0.000000000
1609059830.986679554 0.000000000 0.000000000
1609059830.986977339 0.000000000 0.000000000
1609059831.036625862 0.000000000 0.000000000
1609059831.037393570 0.000000000 0.000000000
1609059831.086602926 0.000000000 0.000000000
1609059831.087375879 0.000000000 0.000000000
1609059831.111629725 0.000000000 0.000000000
1609059831.136629581 0.000000000 0.000000000
1609059831.137361765 0.000000000 0.000000000
1609059831.161692858 0.000000000 0.000000000
1609059831.211658001 0.000000000 0.000000000
1609059831.212704420 0.000000000 0.000000000
1609059831.236712933 0.000000000 0.000000000
1609059831.237304449 0.000000000 0.000000000
1609059831.286651611 0.000000000 0.000000000
1609059831.287385941 0.000000000 0.000000000
1609059831.336713076 0.000000000 0.000000000
1609059831.386642456 0.000000000 0.000000000
1609059831.387396812 0.000000000 0.000000000
1609059831.412348032 0.000000000 0.000000000
1609059831.436664820 0.000000000 0.000000000
1609059831.437402964 0.000000000 0.000000000
1609059831.461668968 0.000000000 0.000000000
1609059831.462327242 0.000000000 0.000000000
1609059831.487438202 0.000000000 0.000000000
1609059831.511651754 0.000000000 0.000000000
1609059831.561669588 0.000000000 0.000000000
1609059831.562592983 0.000000000 0.000000000
1609059831.586773157 0.000000000 0.000000000
1609059831.587442160 0.000000000 0.000000000
1609059831.611662388 0.000000000 0.000000000
1609059831.612339258 0.000000000 0.000000000
1609059831.636602163 0.000000000 0.000000000
1609059831.637436390 0.000000000 0.000000000
1609059831.661649227 0.000000000 0.000000000
1609059831.662385941 0.000000000 0.000000000
1609059831.686623812 0.000000000 0.000000000
1609059831.736660004 0.000000000 0.000000000
1609059831.737344265 0.000000000 0.000000000
1609059831.762386560 0.000000000 0.000000000
1609059831.786641598 0.000000000 0.000000000
1609059831.787334204 0.000000000 0.000000000
1609059831.811466932 0.000000000 0.000000000
1609059831.812453270 0.000000000 0.000000000
1609059831.836611509 0.000000000 0.000000000
1609059831.837363958 0.000000000 0.000000000
1609059831.861662149 0.000000000 0.000000000
1609059831.862572193 0.000000000 0.000000000
1609059831.911643744 0.000000000 0.000000000
1609059831.912383795 0.000000000 0.000000000
1609059831.936671257 0.000000000 0.000000000
1609059831.937369108 0.000000000 0.000000000
1609059831.961698055 0.000000000 0.000000000
1609059831.962461233 0.000000000 0.000000000
1609059831.986463308 0.000000000 0.000000000
1609059831.987426043 0.000000000 0.000000000
1609059832.012395620 0.000000000 0.000000000
1609059832.036621809 0.000000000 0.000000000
1609059832.037349463 0.000000000 0.000000000
1609059832.086619377 0.000000000 0.000000000
1609059832.087344646 0.000000000 0.000000000
1609059832.112954378 0.000000000 0.000000000
1609059832.113234758 0.000000000 0.000000000
1609059832.136629820 0.000000000 0.000000000
1609059832.137471914 0.000000000 0.000000000
1609059832.161475658 0.000000000 0.000000000
1609059832.162146330 0.000000000 0.000000000
1609059832.186148167 0.000000000 0.000000000
1609059832.187340260 0.000000000 0.000000000
1609059832.211643934 0.000000000 0.000000000
1609059832.212337494 0.000000000 0.000000000
1609059832.261585712 0.000000000 0.000000000
1609059832.262458801 0.000000000 0.000000000
1609059832.286611319 0.000000000 0.000000000
1609059832.287314415 0.000000000 0.000000000
1609059832.311627626 0.000000000 0.000000000
1609059832.312122583 0.000000000 0.000000000
1609059832.336159706 0.000000000 0.000000000
1609059832.337387800 0.000000000 0.000000000
1609059832.361659527 0.000000000 0.000000000
1609059832.362412453 0.000000000 0.000000000
1609059832.386662483 0.000000000 0.000000000
1609059832.387572765 0.000000000 0.000000000
1609059832.436625481 0.000000000 0.000000000
1609059832.437305450 0.000000000 0.000000000
1609059832.461647749 0.000000000 0.000000000
1609059832.462307453 0.000000000 0.000000000
1609059832.486625671 0.000000000 0.000000000
1609059832.487351656 0.000000000 0.000000000
1609059832.511431694 0.000000000 0.000000000
1609059832.512345314 0.000000000 0.000000000
1609059832.536614895 0.000000000 0.000000000
1609059832.537346125 0.000000000 0.000000000
1609059832.561617613 0.000000000 0.000000000
1609059832.562166214 0.000000000 0.000000000
1609059832.611409664 0.000000000 0.000000000
1609059832.612313986 0.000000000 0.000000000
1609059832.636643887 0.000000000 0.000000000
1609059832.637119532 0.000000000 0.000000000
1609059832.661670446 0.000000000 0.000000000
1609059832.662273407 0.000000000 0.000000000
1609059832.686704397 0.000000000 0.000000000
1609059832.687348604 0.000000000 0.000000000
1609059832.712664366 0.000000000 0.000000000
1609059832.712877750 0.000000000 0.000000000
1609059832.736661434 0.000000000 0.000000000
1609059832.737135649 0.000000000 0.000000000
1609059832.786626816 0.000000000 0.000000000
1609059832.787321806 0.000000000 0.000000000
1609059832.811586618 0.000000000 0.000000000
1609059832.812168598 0.000000000 0.000000000
1609059832.836655140 0.000000000 0.000000000
1609059832.837418318 0.000000000 0.000000000
1609059832.861733198 0.000000000 0.000000000
1609059832.862316132 0.000000000 0.000000000
1609059832.886612415 0.000000000 0.000000000
1609059832.887306690 0.000000000 0.000000000
1609059832.911658525 0.000000000 0.000000000
1609059832.912430286 0.000000000 0.000000000
1609059832.961709738 0.000000000 0.000000000
1609059832.962455511 0.000000000 0.000000000
1609059832.986604214 0.000000000 0.000000000
1609059832.987665653 0.000000000 0.000000000
1609059833.011137724 0.000000000 0.000000000
1609059833.012372494 0.000000000 0.000000000
1609059833.036194801 0.000000000 0.000000000
1609059833.037354946 0.000000000 0.000000000
1609059833.061638355 0.000000000 0.000000000
1609059833.062298298 0.000000000 0.000000000
1609059833.086648941 0.000000000 0.000000000
1609059833.087404966 0.000000000 0.000000000
1609059833.136689425 0.000000000 0.000000000
1609059833.137318373 0.000000000 0.000000000
1609059833.161605120 0.000000000 0.000000000
1609059833.162446022 0.000000000 0.000000000
1609059833.186597109 0.000000000 0.000000000
1609059833.186842203 0.000000000 0.000000000
1609059833.211613178 0.000000000 0.000000000
1609059833.212322950 0.000000000 0.000000000
1609059833.236626387 0.000000000 0.000000000
1609059833.237134218 0.000000000 0.000000000
1609059833.261654139 0.000000000 0.000000000
1609059833.262469769 0.000000000 0.000000000
1609059833.311712980 0.000000000 0.000000000
1609059833.312296391 0.000000000 0.000000000
1609059833.336590528 0.000000000 0.000000000
1609059833.337304115 0.000000000 0.000000000
1609059833.361608744 0.000000000 0.000000000
1609059833.361856699 0.000000000 0.000000000
1609059833.386600733 0.000000000 0.000000000
1609059833.387279749 0.000000000 0.000000000
1609059833.411609173 0.000000000 0.000000000
1609059833.412113667 0.000000000 0.000000000
1609059833.436622620 0.000000000 0.000000000
1609059833.437386751 0.000000000 0.000000000
1609059833.486640930 0.000000000 0.000000000
1609059833.487331390 0.000000000 0.000000000
1609059833.511617661 0.000000000 0.000000000
1609059833.536587238 0.000000000 0.000000000
1609059833.537341833 0.000000000 0.000000000
1609059833.561111212 0.000000000 0.000000000
1609059833.586627007 0.000000000 0.000000000
1609059833.587114573 0.000000000 0.000000000
1609059833.611617088 0.000000000 0.000000000
1609059833.612416983 0.000000000 0.000000000
1609059833.661637783 0.000000000 0.000000000
1609059833.662283897 0.000000000 0.000000000
1609059833.686569929 0.000000000 0.000000000
1609059833.687298536 0.000000000 0.000000000
1609059833.711614847 0.000000000 0.000000000
1609059833.712388992 0.000000000 0.000000000
1609059833.736144304 0.000000000 0.000000000
1609059833.737287045 0.000000000 0.000000000
1609059833.761624575 0.000000000 0.000000000
1609059833.762370825 0.000000000 0.000000000
1609059833.786578417 0.000000000 0.000000000
1609059833.787376165 0.000000000 0.000000000
1609059833.836676598 0.000000000 0.000000000
1609059833.837278128 0.000000000 0.000000000
1609059833.861624479 0.000000000 0.000000000
1609059833.862311125 0.000000000 0.000000000
1609059833.886630297 0.000000000 0.000000000
1609059833.886858225 0.000000000 0.000000000
1609059833.911109924 0.000000000 0.000000000
1609059833.912305832 0.000000000 0.000000000
1609059833.936651468 0.000000000 0.000000000
1609059833.937296629 0.000000000 0.000000000
1609059833.961568356 0.000000000 0.000000000
1609059833.962341070 0.000000000 0.000000000
1609059834.011678457 0.000000000 0.000000000
1609059834.012308121 0.000000000 0.000000000
1609059834.036606312 0.000000000 0.000000000
1609059834.037286282 0.000000000 0.000000000
1609059834.061632395 0.000000000 0.000000000
1609059834.061892033 0.000000000 0.000000000
1609059834.086154461 0.000000000 0.000000000
1609059834.087543011 0.000000000 0.000000000
1609059834.111648321 0.000000000 0.000000000
1609059834.136586428 0.000000000 0.000000000
1609059834.137363195 0.000000000 0.000000000
1609059834.186567783 0.000000000 0.000000000
1609059834.187282562 0.000000000 0.000000000
1609059834.211576462 0.000000000 0.000000000
1609059834.236584902 0.000000000 0.000000000
1609059834.236894369 0.000000000 0.000000000
1609059834.261133909 0.000000000 0.000000000
1609059834.262348652 0.000000000 0.000000000
1609059834.286576033 0.000000000 0.000000000
1609059834.311622620 0.000000000 0.000000000
1609059834.312268019 0.000000000 0.000000000
1609059834.361601591 0.000000000 0.000000000
1609059834.362391949 0.000000000 0.000000000
1609059834.412331343 0.000000000 0.000000000
1609059834.437325716 0.000000000 0.000000000
1609059834.461602926 0.000000000 0.000000000
1609059834.486582518 0.000000000 0.000000000
1609059834.487372875 0.000000000 0.000000000
1609059834.537321806 0.000000000 0.000000000
1609059834.561645508 0.000000000 0.000000000
1609059834.586605787 0.000000000 0.000000000
1609059834.587353230 0.000000000 0.000000000
1609059834.611571074 0.000000000 0.000000000
1609059834.612319708 0.000000000 0.000000000
1609059834.636574507 0.000000000 0.000000000
1609059834.661601782 0.000000000 0.000000000
1609059834.662049055 0.000000000 0.000000000
1609059834.736554146 0.000000000 0.000000000
1609059834.761602402 0.000000000 0.000000000
1609059834.762422562 0.000000000 0.000000000
1609059834.786588669 0.000000000 0.000000000
1609059834.787327528 0.000000000 0.000000000
1609059834.811585665 0.000000000 0.000000000
1609059834.836597204 0.000000000 0.000000000
1609059834.837270737 0.000000000 0.000000000
1609059834.886537313 0.000000000 0.000000000
1609059834.911564112 0.000000000 0.000000000
1609059834.936605215 0.000000000 0.000000000
1609059834.937342882 0.000000000 0.000000000
1609059834.961659670 0.000000000 0.000000000
1609059834.962391853 0.000000000 0.000000000
1609059834.986658335 0.000000000 0.000000000
1609059835.011553288 0.000000000 0.000000000
1609059835.012293816 0.000000000 0.000000000
1609059835.062206745 0.000000000 0.000000000
1609059835.086587667 0.000000000 0.000000000
1609059835.111660957 0.000000000 0.000000000
1609059835.112303257 0.000000000 0.000000000
1609059835.136618853 0.000000000 0.000000000
1609059835.137327671 0.000000000 0.000000000
1609059835.161628962 0.000000000 0.000000000
1609059835.162282467 0.000000000 0.000000000
1609059835.186582565 0.000000000 0.000000000
1609059835.187235832 0.000000000 0.000000000
1609059835.236570120 0.000000000 0.000000000
1609059835.237262011 0.000000000 0.000000000
1609059835.263871908 0.000000000 0.000000000
1609059835.264100790 0.000000000 0.000000000
1609059835.286554575 0.000000000 0.000000000
1609059835.287262917 0.000000000 0.000000000
1609059835.311581612 0.000000000 0.000000000
1609059835.312293053 0.000000000 0.000000000
1609059835.336601257 0.000000000 0.000000000
1609059835.337337017 0.000000000 0.000000000
1609059835.362157106 0.000000000 0.000000000
1609059835.412952900 0.000000000 0.000000000
1609059835.413339376 0.000000000 0.000000000
1609059835.436546564 0.000000000 0.000000000
1609059835.461582661 0.000000000 0.000000000
1609059835.462674141 0.000000000 0.000000000
1609059835.511546850 0.000000000 0.000000000
1609059835.512278795 0.000000000 0.000000000
1609059835.537298918 0.000000000 0.000000000
1609059835.586588621 0.000000000 0.000000000
1609059835.587246418 0.000000000 0.000000000
1609059835.611615896 0.000000000 0.000000000
1609059835.612303019 0.000000000 0.000000000
1609059835.636561632 0.000000000 0.000000000
1609059835.637113810 0.000000000 0.000000000
1609059835.661591768 0.000000000 0.000000000
1609059835.662286282 0.000000000 0.000000000
1609059835.686588287 0.000000000 0.000000000
1609059835.687292099 0.000000000 0.000000000
1609059835.711571455 0.000000000 0.000000000
1609059835.712340593 0.000000000 0.000000000
1609059835.761591196 0.000000000 0.000000000
1609059835.762337446 0.000000000 0.000000000
1609059835.786952496 0.000000000 0.000000000
1609059835.788480997 0.000000000 0.000000000
1609059835.811690092 0.000000000 0.000000000
1609059835.812326670 0.000000000 0.000000000
1609059835.836571693 0.000000000 0.000000000
1609059835.837311029 0.000000000 0.000000000
1609059835.861616850 0.000000000 0.000000000
1609059835.886561632 0.000000000 0.000000000
1609059835.887310028 0.000000000 0.000000000
1609059835.936546326 0.000000000 0.000000000
1609059835.937228441 0.000000000 0.000000000
1609059835.961582184 0.000000000 0.000000000
1609059835.962274551 0.000000000 0.000000000
1609059835.986558676 0.000000000 0.000000000
1609059835.987282515 0.000000000 0.000000000
1609059836.011380434 0.000000000 0.000000000
1609059836.012299538 0.000000000 0.000000000
1609059836.036596537 0.000000000 0.000000000
1609059836.037263393 0.000000000 0.000000000
1609059836.061586618 0.000000000 0.000000000
1609059836.062312603 0.000000000 0.000000000
1609059836.111051083 0.000000000 0.000000000
1609059836.136519670 0.000000000 0.000000000
1609059836.161587715 0.000000000 0.000000000
1609059836.162306309 0.000000000 0.000000000
1609059836.186645269 0.000000000 0.000000000
1609059836.187296629 0.000000000 0.000000000
1609059836.211640120 0.000000000 0.000000000
1609059836.212321281 0.000000000 0.000000000
1609059836.236593246 0.000000000 0.000000000
1609059836.237363815 0.000000000 0.000000000
1609059836.286530018 0.000000000 0.000000000
1609059836.288135052 0.000000000 0.000000000
1609059836.311584473 0.000000000 0.000000000
1609059836.312284470 0.000000000 0.000000000
1609059836.336582661 0.000000000 0.000000000
1609059836.337329388 0.000000000 0.000000000
1609059836.361611843 0.000000000 0.000000000
1609059836.362276316 0.000000000 0.000000000
1609059836.386560202 0.000000000 0.000000000
1609059836.387246370 0.000000000 0.000000000
1609059836.411560297 0.000000000 0.000000000
1609059836.411786079 0.000000000 0.000000000
1609059836.461593151 0.000000000 0.000000000
1609059836.462124109 0.000000000 0.000000000
1609059836.486594915 0.000000000 0.000000000
1609059836.487600088 0.000000000 0.000000000
1609059836.511637211 0.000000000 0.000000000
1609059836.512345314 0.000000000 0.000000000
1609059836.536673546 0.000000000 0.000000000
1609059836.537296057 0.000000000 0.000000000
1609059836.561598778 0.000000000 0.000000000
1609059836.586567879 0.000000000 0.000000000
1609059836.586792231 0.000000000 0.000000000
1609059836.636532068 0.000000000 0.000000000
1609059836.636748791 0.000000000 0.000000000
1609059836.661614180 0.000000000 0.000000000
1609059836.662299395 0.000000000 0.000000000
1609059836.686525345 0.000000000 0.000000000
1609059836.711563587 0.000000000 0.000000000
1609059836.687322140 0.000000000 0.000000000
1609059836.712219238 0.000000000 0.000000000
1609059836.736510277 0.000000000 0.000000000
1609059836.737283707 0.000000000 0.000000000
1609059836.761584282 0.000000000 0.000000000
1609059836.762340546 0.000000000 0.000000000
1609059836.811523199 0.000000000 0.000000000
1609059836.811791658 0.000000000 0.000000000
1609059836.836569071 0.000000000 0.000000000
1609059836.838119984 0.000000000 0.000000000
1609059836.861636400 0.000000000 0.000000000
1609059836.862848520 0.000000000 0.000000000
1609059836.886606216 0.000000000 0.000000000
1609059836.887264729 0.000000000 0.000000000
1609059836.911620378 0.000000000 0.000000000
1609059836.912255764 0.000000000 0.000000000
1609059836.936547756 0.000000000 0.000000000
1609059836.936841726 0.000000000 0.000000000
1609059836.986529827 0.000000000 0.000000000
1609059836.987254858 0.000000000 0.000000000
1609059837.011594534 0.000000000 0.000000000
1609059837.012274504 0.000000000 0.000000000
1609059837.036572456 0.000000000 0.000000000
1609059837.037297487 0.000000000 0.000000000
1609059837.061412096 0.000000000 0.000000000
1609059837.062281609 0.000000000 0.000000000
1609059837.086519480 0.000000000 0.000000000
1609059837.087231636 0.000000000 0.000000000
1609059837.111563444 0.000000000 0.000000000
1609059837.112369061 0.000000000 0.000000000
1609059837.161556721 0.000000000 0.000000000
1609059837.162296772 0.000000000 0.000000000
1609059837.186592579 0.000000000 0.000000000
1609059837.187378407 0.000000000 0.000000000
1609059837.211577892 0.000000000 0.000000000
1609059837.212302446 0.000000000 0.000000000
1609059837.236562490 0.000000000 0.000000000
1609059837.237259865 0.000000000 0.000000000
1609059837.261537313 0.000000000 0.000000000
1609059837.262426138 0.000000000 0.000000000
1609059837.286546946 0.000000000 0.000000000
1609059837.286786079 0.000000000 0.000000000
1609059837.336513042 0.000000000 0.000000000
1609059837.336790800 0.000000000 0.000000000
1609059837.361572266 0.000000000 0.000000000
1609059837.362284899 0.000000000 0.000000000
1609059837.386530638 0.000000000 0.000000000
1609059837.387265205 0.000000000 0.000000000
1609059837.411549091 0.000000000 0.000000000
1609059837.412231922 0.000000000 0.000000000
1609059837.436546087 0.000000000 0.000000000
1609059837.437234402 0.000000000 0.000000000
1609059837.461611032 0.000000000 0.000000000
1609059837.462373018 0.000000000 0.000000000
1609059837.511678457 0.000000000 0.000000000
1609059837.511937618 0.000000000 0.000000000
1609059837.536554813 0.000000000 0.000000000
1609059837.537248611 0.000000000 0.000000000
1609059837.562337160 0.000000000 0.000000000
1609059837.586593151 0.000000000 0.000000000
1609059837.587526798 0.000000000 0.000000000
1609059837.611553192 0.000000000 0.000000000
1609059837.612259388 0.000000000 0.000000000
1609059837.636587858 0.000000000 0.000000000
1609059837.636864662 0.000000000 0.000000000
1609059837.686558247 0.000000000 0.000000000
1609059837.686824322 0.000000000 0.000000000
1609059837.711503029 0.000000000 0.000000000
1609059837.712263346 0.000000000 0.000000000
1609059837.736515760 0.000000000 0.000000000
1609059837.737307549 0.000000000 0.000000000
1609059837.761594772 0.000000000 0.000000000
1609059837.762315750 0.000000000 0.000000000
1609059837.786535978 0.000000000 0.000000000
1609059837.786801577 0.000000000 0.000000000
1609059837.811603546 0.000000000 0.000000000
1609059837.812157393 0.000000000 0.000000000
1609059837.861506462 0.000000000 0.000000000
1609059837.862341404 0.000000000 0.000000000
1609059837.886511326 0.000000000 0.000000000
1609059837.887268543 0.000000000 0.000000000
1609059837.911527634 0.000000000 0.000000000
1609059837.912295818 0.000000000 0.000000000
1609059837.936499119 0.000000000 0.000000000
1609059837.937222958 0.000000000 0.000000000
1609059837.961540937 0.000000000 0.000000000
1609059837.962237597 0.000000000 0.000000000
1609059837.986539841 0.000000000 0.000000000
1609059837.986788273 0.000000000 0.000000000
1609059838.036547899 0.000000000 0.000000000
1609059838.036805153 0.000000000 0.000000000
1609059838.061511755 0.000000000 0.000000000
1609059838.062205315 0.000000000 0.000000000
1609059838.086529255 0.000000000 0.000000000
1609059838.087339401 0.000000000 0.000000000
1609059838.111366510 0.000000000 0.000000000
1609059838.112256050 0.000000000 0.000000000
1609059838.136543274 0.000000000 0.000000000
1609059838.137227535 0.000000000 0.000000000
1609059838.161517620 0.000000000 0.000000000
1609059838.161770344 0.000000000 0.000000000
1609059838.211568832 0.000000000 0.000000000
1609059838.212057352 0.000000000 0.000000000
1609059838.236549616 0.000000000 0.000000000
1609059838.237309456 0.000000000 0.000000000
1609059838.261536121 0.000000000 0.000000000
1609059838.262327909 0.000000000 0.000000000
1609059838.286300898 0.000000000 0.000000000
1609059838.287218809 0.000000000 0.000000000
1609059838.311492443 0.000000000 0.000000000
1609059838.312240362 0.000000000 0.000000000
1609059838.336563826 0.000000000 0.000000000
1609059838.336891413 0.000000000 0.000000000
1609059838.386008024 0.000000000 0.000000000
1609059838.386724949 0.000000000 0.000000000
1609059838.411566019 0.000000000 0.000000000
1609059838.412249565 0.000000000 0.000000000
1609059838.436594963 0.000000000 0.000000000
1609059838.437435865 0.000000000 0.000000000
1609059838.461607218 0.000000000 0.000000000
1609059838.462331057 0.000000000 0.000000000
1609059838.486598969 0.000000000 0.000000000
1609059838.487373590 0.000000000 0.000000000
1609059838.511687756 0.000000000 0.000000000
1609059838.512367964 0.000000000 0.000000000
1609059838.561576605 0.000000000 0.000000000
1609059838.561977863 0.000000000 0.000000000
1609059838.586588621 0.000000000 0.000000000
1609059838.587239742 0.000000000 0.000000000
1609059838.611489773 0.000000000 0.000000000
1609059838.612308264 0.000000000 0.000000000
1609059838.636577368 0.000000000 0.000000000
1609059838.637446165 0.000000000 0.000000000
1609059838.661536694 0.000000000 0.000000000
1609059838.662223577 0.000000000 0.000000000
1609059838.686529398 0.000000000 0.000000000
1609059838.687282801 0.000000000 0.000000000
1609059838.736465693 0.000000000 0.000000000
1609059838.737222433 0.000000000 0.000000000
1609059838.761566877 0.000000000 0.000000000
1609059838.762800932 0.000000000 0.000000000
1609059838.786559582 0.000000000 0.000000000
1609059838.787317038 0.000000000 0.000000000
1609059838.811449289 0.000000000 0.000000000
1609059838.812480450 0.000000000 0.000000000
1609059838.836529970 0.000000000 0.000000000
1609059838.837279081 0.000000000 0.000000000
1609059838.861628532 0.000000000 0.000000000
1609059838.862256527 0.000000000 0.000000000
1609059838.911556959 0.000000000 0.000000000
1609059838.912285566 0.000000000 0.000000000
1609059838.936533451 0.000000000 0.000000000
1609059838.937434912 0.000000000 0.000000000
1609059838.961568594 0.000000000 0.000000000
1609059838.962338209 0.000000000 0.000000000
1609059838.986536741 0.000000000 0.000000000
1609059838.987300158 0.000000000 0.000000000
1609059839.011526823 0.000000000 0.000000000
1609059839.036508322 0.000000000 0.000000000
1609059839.037338734 0.000000000 0.000000000
1609059839.086658239 0.000000000 0.000000000
1609059839.087080240 0.000000000 0.000000000
1609059839.111607552 0.000000000 0.000000000
1609059839.112376213 0.000000000 0.000000000
1609059839.136557817 0.000000000 0.000000000
1609059839.137359381 0.000000000 0.000000000
1609059839.161556005 0.000000000 0.000000000
1609059839.162296057 0.000000000 0.000000000
1609059839.186527252 0.000000000 0.000000000
1609059839.187257290 0.000000000 0.000000000
1609059839.211606979 0.000000000 0.000000000
1609059839.212349892 0.000000000 0.000000000
1609059839.261569023 0.000000000 0.000000000
1609059839.262066603 0.000000000 0.000000000
1609059839.286557198 0.000000000 0.000000000
1609059839.287251472 0.000000000 0.000000000
1609059839.311569691 0.000000000 0.000000000
1609059839.312357664 0.000000000 0.000000000
1609059839.336344004 0.000000000 0.000000000
1609059839.337278843 0.000000000 0.000000000
1609059839.361601591 0.000000000 0.000000000
1609059839.362350941 0.000000000 0.000000000
1609059839.386532307 0.000000000 0.000000000
1609059839.387274027 0.000000000 0.000000000
1609059839.436518669 0.000000000 0.000000000
1609059839.437046289 0.000000000 0.000000000
1609059839.461529970 0.000000000 0.000000000
1609059839.463995457 0.000000000 0.000000000
1609059839.486507893 0.000000000 0.000000000
1609059839.487310886 0.000000000 0.000000000
1609059839.511374712 0.000000000 0.000000000
1609059839.512278318 0.000000000 0.000000000
1609059839.536590576 0.000000000 0.000000000
1609059839.537301540 0.000000000 0.000000000
1609059839.561587572 0.000000000 0.000000000
1609059839.562356710 0.000000000 0.000000000
1609059839.611492634 0.000000000 0.000000000
1609059839.611916780 0.000000000 0.000000000
1609059839.636617184 0.000000000 0.000000000
1609059839.637422562 0.000000000 0.000000000
1609059839.661581278 0.000000000 0.000000000
1609059839.663516760 0.000000000 0.000000000
1609059839.686626911 0.000000000 0.000000000
1609059839.687744856 0.000000000 0.000000000
1609059839.711587667 0.000000000 0.000000000
1609059839.712232828 0.000000000 0.000000000
1609059839.736546755 0.000000000 0.000000000
1609059839.737054110 0.000000000 0.000000000
1609059839.786484241 0.000000000 0.000000000
1609059839.786784649 0.000000000 0.000000000
1609059839.811455727 0.000000000 0.000000000
1609059839.812197685 0.000000000 0.000000000
1609059839.836526394 0.000000000 0.000000000
1609059839.837305784 0.000000000 0.000000000
1609059839.861311674 0.000000000 0.000000000
1609059839.862194777 0.000000000 0.000000000
1609059839.886528492 0.000000000 0.000000000
1609059839.887207747 0.000000000 0.000000000
1609059839.911485195 0.000000000 0.000000000
1609059839.911800385 0.000000000 0.000000000
1609059839.961458683 0.000000000 0.000000000
1609059839.962236881 0.000000000 0.000000000
1609059839.986465931 0.000000000 0.000000000
1609059839.987239361 0.000000000 0.000000000
1609059840.011515141 0.000000000 0.000000000
1609059840.012232780 0.000000000 0.000000000
1609059840.036306381 0.000000000 0.000000000
1609059840.037207842 0.000000000 0.000000000
1609059840.061580896 0.000000000 0.000000000
1609059840.062193632 0.000000000 0.000000000
1609059840.086487293 0.000000000 0.000000000
1609059840.086749554 0.000000000 0.000000000
1609059840.136479855 0.000000000 0.000000000
1609059840.137199163 0.000000000 0.000000000
1609059840.161582470 0.000000000 0.000000000
1609059840.162265539 0.000000000 0.000000000
1609059840.186498165 0.000000000 0.000000000
1609059840.187270641 0.000000000 0.000000000
1609059840.211273909 0.000000000 0.000000000
1609059840.212201595 0.000000000 0.000000000
1609059840.236533642 0.000000000 0.000000000
1609059840.237213612 0.000000000 0.000000000
1609059840.261566877 0.000000000 0.000000000
1609059840.261780739 0.000000000 0.000000000
1609059840.311521530 0.000000000 0.000000000
1609059840.312202215 0.000000000 0.000000000
1609059840.336061001 0.000000000 0.000000000
1609059840.337261438 0.000000000 0.000000000
1609059840.361557245 0.000000000 0.000000000
1609059840.362433434 0.000000000 0.000000000
1609059840.386616707 0.000000000 0.000000000
1609059840.387232542 0.000000000 0.000000000
1609059840.411450148 0.000000000 0.000000000
1609059840.412153721 0.000000000 0.000000000
1609059840.436518192 0.000000000 0.000000000
1609059840.437076569 0.000000000 0.000000000
1609059840.486474514 0.000000000 0.000000000
1609059840.487208366 0.000000000 0.000000000
1609059840.511488676 0.000000000 0.000000000
1609059840.512174606 0.000000000 0.000000000
1609059840.536460400 0.000000000 0.000000000
1609059840.537248135 0.000000000 0.000000000
1609059840.561533213 0.000000000 0.000000000
1609059840.562294722 0.000000000 0.000000000
1609059840.586575270 0.000000000 0.000000000
1609059840.587291479 0.000000000 0.000000000
1609059840.611533165 0.000000000 0.000000000
1609059840.611989021 0.000000000 0.000000000
1609059840.661254168 0.000000000 0.000000000
1609059840.662234545 0.000000000 0.000000000
1609059840.686511278 0.000000000 0.000000000
1609059840.687202692 0.000000000 0.000000000
1609059840.711535931 0.000000000 0.000000000
1609059840.712227106 0.000000000 0.000000000
1609059840.736590862 0.000000000 0.000000000
1609059840.737173557 0.000000000 0.000000000
1609059840.761459827 0.000000000 0.000000000
1609059840.762243986 0.000000000 0.000000000
1609059840.786288261 0.000000000 0.000000000
1609059840.787316084 0.000000000 0.000000000
1609059840.836467505 0.000000000 0.000000000
1609059840.837178946 0.000000000 0.000000000
1609059840.861513853 0.000000000 0.000000000
1609059840.862162828 0.000000000 0.000000000
1609059840.886504412 0.000000000 0.000000000
1609059840.887217283 0.000000000 0.000000000
1609059840.911531210 0.000000000 0.000000000
1609059840.912198544 0.000000000 0.000000000
1609059840.936464071 0.000000000 0.000000000
1609059840.936741829 0.000000000 0.000000000
1609059840.961468220 0.000000000 0.000000000
1609059840.962620735 0.000000000 0.000000000
1609059841.011504650 0.000000000 0.000000000
1609059841.012180567 0.000000000 0.000000000
1609059841.036484003 0.000000000 0.000000000
1609059841.037184715 0.000000000 0.000000000
1609059841.061477661 0.000000000 0.000000000
1609059841.062232971 0.000000000 0.000000000
1609059841.086265326 0.000000000 0.000000000
1609059841.087160826 0.000000000 0.000000000
1609059841.111468792 0.000000000 0.000000000
1609059841.112191916 0.000000000 0.000000000
1609059841.136765242 0.000000000 0.000000000
1609059841.137100935 0.000000000 0.000000000
1609059841.186481714 0.000000000 0.000000000
1609059841.187173128 0.000000000 0.000000000
1609059841.211520672 0.000000000 0.000000000
1609059841.212716103 0.000000000 0.000000000
1609059841.236462355 0.000000000 0.000000000
1609059841.237235308 0.000000000 0.000000000
1609059841.261425018 0.000000000 0.000000000
1609059841.262290239 0.000000000 0.000000000
1609059841.286501646 0.000000000 0.000000000
1609059841.311452389 0.000000000 0.000000000
1609059841.311752319 0.000000000 0.000000000
1609059841.361476421 0.000000000 0.000000000
1609059841.362173557 0.000000000 0.000000000
1609059841.386507750 0.000000000 0.000000000
1609059841.387272358 0.000000000 0.000000000
1609059841.411494017 0.000000000 0.000000000
1609059841.412456512 0.000000000 0.000000000
1609059841.436535597 0.000000000 0.000000000
1609059841.437188387 0.000000000 0.000000000
1609059841.461500168 0.000000000 0.000000000
1609059841.462226868 0.000000000 0.000000000
1609059841.486533642 0.000000000 0.000000000
1609059841.487436295 0.000000000 0.000000000
1609059841.536522388 0.000000000 0.000000000
1609059841.538447857 0.000000000 0.000000000
1609059841.561478138 0.000000000 0.000000000
1609059841.562187672 0.000000000 0.000000000
1609059841.586479902 0.000000000 0.000000000
1609059841.587255239 0.000000000 0.000000000
1609059841.611466885 0.000000000 0.000000000
1609059841.612186193 0.000000000 0.000000000
1609059841.636472464 0.000000000 0.000000000
1609059841.636986017 0.000000000 0.000000000
1609059841.661503077 0.000000000 0.000000000
1609059841.662321329 0.000000000 0.000000000
1609059841.711434841 0.000000000 0.000000000
1609059841.712355852 0.000000000 0.000000000
1609059841.736011744 0.000000000 0.000000000
1609059841.736984253 0.000000000 0.000000000
1609059841.761458635 0.000000000 0.000000000
1609059841.762271643 0.000000000 0.000000000
1609059841.786257029 0.000000000 0.000000000
1609059841.787122726 0.000000000 0.000000000
1609059841.811508179 0.000000000 0.000000000
1609059841.812232494 0.000000000 0.000000000
1609059841.835987568 0.000000000 0.000000000
1609059841.836722136 0.000000000 0.000000000
1609059841.886407614 0.000000000 0.000000000
1609059841.887226105 0.000000000 0.000000000
1609059841.911497116 0.000000000 0.000000000
1609059841.912224054 0.000000000 0.000000000
1609059841.936431885 0.000000000 0.000000000
1609059841.937259197 0.000000000 0.000000000
1609059841.961440325 0.000000000 0.000000000
1609059841.962166548 0.000000000 0.000000000
1609059841.986464024 0.000000000 0.000000000
1609059841.986926079 0.000000000 0.000000000
1609059842.011470795 0.000000000 0.000000000
1609059842.012219906 0.000000000 0.000000000
1609059842.061286211 0.000000000 0.000000000
1609059842.061905384 0.000000000 0.000000000
1609059842.086429596 0.000000000 0.000000000
1609059842.087125540 0.000000000 0.000000000
1609059842.111457825 0.000000000 0.000000000
1609059842.112246990 0.000000000 0.000000000
1609059842.136480808 0.000000000 0.000000000
1609059842.137134790 0.000000000 0.000000000
1609059842.161466599 0.000000000 0.000000000
1609059842.162172079 0.000000000 0.000000000
1609059842.186431408 0.000000000 0.000000000
1609059842.187201977 0.000000000 0.000000000
1609059842.236483335 0.000000000 0.000000000
1609059842.236944437 0.000000000 0.000000000
1609059842.261493444 0.000000000 0.000000000
1609059842.262238264 0.000000000 0.000000000
1609059842.286250353 0.000000000 0.000000000
1609059842.287201166 0.000000000 0.000000000
1609059842.312583685 0.000000000 0.000000000
1609059842.312786579 0.000000000 0.000000000
1609059842.336448908 0.000000000 0.000000000
1609059842.337121010 0.000000000 0.000000000
1609059842.361448288 0.000000000 0.000000000
1609059842.362182856 0.000000000 0.000000000
1609059842.411263704 0.000000000 0.000000000
1609059842.411911488 0.000000000 0.000000000
1609059842.436451435 0.000000000 0.000000000
1609059842.437191725 0.000000000 0.000000000
1609059842.461255789 0.000000000 0.000000000
1609059842.462201595 0.000000000 0.000000000
1609059842.486234188 0.000000000 0.000000000
1609059842.487173796 0.000000000 0.000000000
1609059842.511467218 0.000000000 0.000000000
1609059842.512139797 0.000000000 0.000000000
1609059842.536440611 0.000000000 0.000000000
1609059842.536935806 0.000000000 0.000000000
1609059842.586201191 0.000000000 0.000000000
1609059842.587236404 0.000000000 0.000000000
1609059842.611384630 0.000000000 0.000000000
1609059842.612246037 0.000000000 0.000000000
1609059842.636457682 0.000000000 0.000000000
1609059842.637189388 0.000000000 0.000000000
1609059842.661420107 0.000000000 0.000000000
1609059842.662132740 0.000000000 0.000000000
1609059842.686453342 0.000000000 0.000000000
1609059842.687118769 0.000000000 0.000000000
1609059842.711414576 0.000000000 0.000000000
1609059842.712154627 0.000000000 0.000000000
1609059842.761220932 0.000000000 0.000000000
1609059842.762309790 0.000000000 0.000000000
1609059842.786460400 0.000000000 0.000000000
1609059842.787209034 0.000000000 0.000000000
1609059842.811455011 0.000000000 0.000000000
1609059842.812198877 0.000000000 0.000000000
1609059842.836240292 0.000000000 0.000000000
1609059842.837199450 0.000000000 0.000000000
1609059842.861445427 0.000000000 0.000000000
1609059842.861688852 0.000000000 0.000000000
1609059842.886458158 0.000000000 0.000000000
1609059842.887240887 0.000000000 0.000000000
1609059842.936485052 0.000000000 0.000000000
1609059842.936896086 0.000000000 0.000000000
1609059842.961387634 0.000000000 0.000000000
1609059842.962182045 0.000000000 0.000000000
1609059842.986417055 0.000000000 0.000000000
1609059842.987150431 0.000000000 0.000000000
1609059843.011412382 0.000000000 0.000000000
1609059843.012161732 0.000000000 0.000000000
1609059843.036420345 0.000000000 0.000000000
1609059843.036655188 0.000000000 0.000000000
1609059843.061063051 0.000000000 0.000000000
1609059843.062192440 0.000000000 0.000000000
1609059843.111493349 0.000000000 0.000000000
1609059843.112181664 0.000000000 0.000000000
1609059843.137089491 0.000000000 0.000000000
1609059843.137287617 0.000000000 0.000000000
1609059843.161441088 0.000000000 0.000000000
1609059843.162222147 0.000000000 0.000000000
1609059843.186225653 0.000000000 0.000000000
1609059843.187189579 0.000000000 0.000000000
1609059843.211443901 0.000000000 0.000000000
1609059843.212127686 0.000000000 0.000000000
1609059843.236385584 0.000000000 0.000000000
1609059843.237177849 0.000000000 0.000000000
1609059843.286213875 0.000000000 0.000000000
1609059843.287230492 0.000000000 0.000000000
1609059843.310978413 0.000000000 0.000000000
1609059843.312214613 0.000000000 0.000000000
1609059843.336527824 0.000000000 0.000000000
1609059843.337185383 0.000000000 0.000000000
1609059843.361199617 0.000000000 0.000000000
1609059843.362170219 0.000000000 0.000000000
1609059843.386457205 0.000000000 0.000000000
1609059843.386799812 0.000000000 0.000000000
1609059843.410969496 0.000000000 0.000000000
1609059843.411961079 0.000000000 0.000000000
1609059843.461482763 0.000000000 0.000000000
1609059843.462227106 0.000000000 0.000000000
1609059843.486414194 0.000000000 0.000000000
1609059843.487267256 0.000000000 0.000000000
1609059843.511248827 0.000000000 0.000000000
1609059843.512238979 0.000000000 0.000000000
1609059843.536400318 0.000000000 0.000000000
1609059843.537160158 0.000000000 0.000000000
1609059843.561427355 0.000000000 0.000000000
1609059843.561691761 0.000000000 0.000000000
1609059843.586413383 0.000000000 0.000000000
1609059843.587167740 0.000000000 0.000000000
1609059843.636247635 0.000000000 0.000000000
1609059843.637197256 0.000000000 0.000000000
1609059843.660991669 0.000000000 0.000000000
1609059843.662193298 0.000000000 0.000000000
1609059843.686202765 0.000000000 0.000000000
1609059843.687183142 0.000000000 0.000000000
1609059843.711405754 0.000000000 0.000000000
1609059843.712099075 0.000000000 0.000000000
1609059843.736566067 0.000000000 0.000000000
1609059843.736764193 0.000000000 0.000000000
1609059843.760980129 0.000000000 0.000000000
1609059843.762246609 0.000000000 0.000000000
1609059843.811157703 0.000000000 0.000000000
1609059843.812195539 0.000000000 0.000000000
1609059843.836379528 0.000000000 0.000000000
1609059843.837189198 0.000000000 0.000000000
1609059843.861450911 0.000000000 0.000000000
1609059843.862273932 0.000000000 0.000000000
1609059843.886394024 0.000000000 0.000000000
1609059843.887145281 0.000000000 0.000000000
1609059843.911410570 0.000000000 0.000000000
1609059843.911629438 0.000000000 0.000000000
1609059843.936388731 0.000000000 0.000000000
1609059843.937153339 0.000000000 0.000000000
1609059843.986158371 0.000000000 0.000000000
1609059843.987169027 0.000000000 0.000000000
1609059844.011384964 0.000000000 0.000000000
1609059844.012156487 0.000000000 0.000000000
1609059844.036421061 0.000000000 0.000000000
1609059844.037153244 0.000000000 0.000000000
1609059844.061389685 0.000000000 0.000000000
1609059844.062097549 0.000000000 0.000000000
1609059844.086413622 0.000000000 0.000000000
1609059844.086626053 0.000000000 0.000000000
1609059844.161174297 0.000000000 0.000000000
1609059844.162213087 0.000000000 0.000000000
1609059844.186440945 0.000000000 0.000000000
1609059844.187182426 0.000000000 0.000000000
1609059844.211205006 0.000000000 0.000000000
1609059844.212215662 0.000000000 0.000000000
1609059844.236173153 0.000000000 0.000000000
1609059844.237104654 0.000000000 0.000000000
1609059844.261490107 0.000000000 0.000000000
1609059844.261686563 0.000000000 0.000000000
1609059844.285944939 0.000000000 0.000000000
1609059844.287108660 0.000000000 0.000000000
1609059844.336159468 0.000000000 0.000000000
1609059844.337161779 0.000000000 0.000000000
1609059844.361468315 0.000000000 0.000000000
1609059844.362141371 0.000000000 0.000000000
1609059844.386401415 0.000000000 0.000000000
1609059844.387187243 0.000000000 0.000000000
1609059844.411388397 0.000000000 0.000000000
1609059844.412106991 0.000000000 0.000000000
1609059844.436434031 0.000000000 0.000000000
1609059844.437087059 0.000000000 0.000000000
1609059844.461398363 0.000000000 0.000000000
1609059844.461682320 0.000000000 0.000000000
1609059844.511436462 0.000000000 0.000000000
1609059844.511863947 0.000000000 0.000000000
1609059844.536406517 0.000000000 0.000000000
1609059844.537208319 0.000000000 0.000000000
1609059844.561476707 0.000000000 0.000000000
1609059844.562197447 0.000000000 0.000000000
1609059844.586373091 0.000000000 0.000000000
1609059844.587103605 0.000000000 0.000000000
1609059844.611383200 0.000000000 0.000000000
1609059844.612342358 0.000000000 0.000000000
1609059844.636379242 0.000000000 0.000000000
1609059844.637162924 0.000000000 0.000000000
1609059844.686138391 0.000000000 0.000000000
1609059844.687208652 0.000000000 0.000000000
1609059844.711354017 0.000000000 0.000000000
1609059844.712237835 0.000000000 0.000000000
1609059844.736165047 0.000000000 0.000000000
1609059844.737162113 0.000000000 0.000000000
1609059844.761152983 0.000000000 0.000000000
1609059844.762163639 0.000000000 0.000000000
1609059844.786378145 0.000000000 0.000000000
1609059844.786626577 0.000000000 0.000000000
1609059844.811371803 0.000000000 0.000000000
1609059844.812149286 0.000000000 0.000000000
1609059844.861165047 0.000000000 0.000000000
1609059844.862178802 0.000000000 0.000000000
1609059844.885932684 0.000000000 0.000000000
1609059844.887221098 0.000000000 0.000000000
1609059844.911254883 0.000000000 0.000000000
1609059844.912192822 0.000000000 0.000000000
1609059844.936440706 0.000000000 0.000000000
1609059844.937085152 0.000000000 0.000000000
1609059844.961454391 0.000000000 0.000000000
1609059844.962130070 0.000000000 0.000000000
1609059844.985954762 0.000000000 0.000000000
1609059844.987156630 0.000000000 0.000000000
1609059845.036358833 0.000000000 0.000000000
1609059845.037253380 0.000000000 0.000000000
1609059845.061405897 0.000000000 0.000000000
1609059845.062201500 0.000000000 0.000000000
1609059845.086377144 0.000000000 0.000000000
1609059845.087198496 0.000000000 0.000000000
1609059845.111355543 0.000000000 0.000000000
1609059845.112109423 0.000000000 0.000000000
1609059845.136416435 0.000000000 0.000000000
1609059845.136667252 0.000000000 0.000000000
1609059845.160938025 0.000000000 0.000000000
1609059845.162227154 0.000000000 0.000000000
1609059845.211384535 0.000000000 0.000000000
1609059845.212188244 0.000000000 0.000000000
1609059845.235910177 0.000000000 0.000000000
1609059845.237160444 0.000000000 0.000000000
1609059845.261407375 0.000000000 0.000000000
1609059845.262616158 0.000000000 0.000000000
1609059845.286426067 0.000000000 0.000000000
1609059845.287485123 0.000000000 0.000000000
1609059845.311382055 0.000000000 0.000000000
1609059845.312093258 0.000000000 0.000000000
1609059845.335923433 0.000000000 0.000000000
1609059845.337175369 0.000000000 0.000000000
1609059845.386475801 0.000000000 0.000000000
1609059845.387535810 0.000000000 0.000000000
1609059845.410959005 0.000000000 0.000000000
1609059845.412137508 0.000000000 0.000000000
1609059845.436386347 0.000000000 0.000000000
1609059845.437132835 0.000000000 0.000000000
1609059845.461197615 0.000000000 0.000000000
1609059845.462123871 0.000000000 0.000000000
1609059845.486393452 0.000000000 0.000000000
1609059845.486894369 0.000000000 0.000000000
1609059845.510946035 0.000000000 0.000000000
1609059845.511957407 0.000000000 0.000000000
1609059845.561171055 0.000000000 0.000000000
1609059845.562182426 0.000000000 0.000000000
1609059845.586409807 0.000000000 0.000000000
1609059845.587156534 0.000000000 0.000000000
1609059845.611313581 0.000000000 0.000000000
1609059845.612220764 0.000000000 0.000000000
1609059845.636347771 0.000000000 0.000000000
1609059845.637205362 0.000000000 0.000000000
1609059845.661388397 0.000000000 0.000000000
1609059845.662081957 0.000000000 0.000000000
1609059845.686390638 0.000000000 0.000000000
1609059845.687135220 0.000000000 0.000000000
1609059845.736355543 0.000000000 0.000000000
1609059845.737180710 0.000000000 0.000000000
1609059845.761435986 0.000000000 0.000000000
1609059845.762207270 0.000000000 0.000000000
1609059845.786395550 0.000000000 0.000000000
1609059845.787139654 0.000000000 0.000000000
1609059845.811343908 0.000000000 0.000000000
1609059845.812073469 0.000000000 0.000000000
1609059845.836346388 0.000000000 0.000000000
1609059845.836637497 0.000000000 0.000000000
1609059845.911371469 0.000000000 0.000000000
1609059845.912152767 0.000000000 0.000000000
1609059845.936372042 0.000000000 0.000000000
1609059845.937119961 0.000000000 0.000000000
1609059845.961349010 0.000000000 0.000000000
1609059845.962157488 0.000000000 0.000000000
1609059845.986166716 0.000000000 0.000000000
1609059845.986893415 0.000000000 0.000000000
1609059846.011394739 0.000000000 0.000000000
1609059846.011669874 0.000000000 0.000000000
1609059846.036380291 0.000000000 0.000000000
1609059846.037178516 0.000000000 0.000000000
1609059846.086364269 0.000000000 0.000000000
1609059846.087147713 0.000000000 0.000000000
1609059846.111374378 0.000000000 0.000000000
1609059846.112144232 0.000000000 0.000000000
1609059846.136388540 0.000000000 0.000000000
1609059846.137118340 0.000000000 0.000000000
1609059846.161155224 0.000000000 0.000000000
1609059846.161900759 0.000000000 0.000000000
1609059846.186363459 0.000000000 0.000000000
1609059846.211341143 0.000000000 0.000000000
1609059846.212324381 0.000000000 0.000000000
1609059846.261422873 0.000000000 0.000000000
1609059846.262236595 0.000000000 0.000000000
1609059846.286376238 0.000000000 0.000000000
1609059846.287157059 0.000000000 0.000000000
1609059846.311333895 0.000000000 0.000000000
1609059846.312363148 0.000000000 0.000000000
1609059846.336359739 0.000000000 0.000000000
1609059846.336863279 0.000000000 0.000000000
1609059846.361409903 0.000000000 0.000000000
1609059846.361695290 0.000000000 0.000000000
1609059846.386193037 0.000000000 0.000000000
1609059846.386641502 0.000000000 0.000000000
1609059846.436346769 0.000000000 0.000000000
1609059846.437127113 0.000000000 0.000000000
1609059846.461359024 0.000000000 0.000000000
1609059846.462156296 0.000000000 0.000000000
1609059846.486357212 0.000000000 0.000000000
1609059846.487107038 0.000000000 0.000000000
1609059846.511186123 0.000000000 0.000000000
1609059846.512177467 0.000000000 0.000000000
1609059846.536332607 0.000000000 0.000000000
1609059846.537073612 0.000000000 0.000000000
1609059846.561196804 0.000000000 0.000000000
1609059846.561897516 0.000000000 0.000000000
1609059846.611333132 0.000000000 0.000000000
1609059846.612118483 0.000000000 0.000000000
1609059846.637223482 0.000000000 0.000000000
1609059846.637483835 0.000000000 0.000000000
1609059846.661349773 0.000000000 0.000000000
1609059846.662160873 0.000000000 0.000000000
1609059846.686126232 0.000000000 0.000000000
1609059846.687126160 0.000000000 0.000000000
1609059846.711325645 0.000000000 0.000000000
1609059846.711608887 0.000000000 0.000000000
1609059846.736363411 0.000000000 0.000000000
1609059846.737085581 0.000000000 0.000000000
1609059846.786323547 0.000000000 0.000000000
1609059846.787107229 0.000000000 0.000000000
1609059846.810889244 0.000000000 0.000000000
1609059846.811857462 0.000000000 0.000000000
1609059846.836370230 0.000000000 0.000000000
1609059846.837124348 0.000000000 0.000000000
1609059846.861158133 0.000000000 0.000000000
1609059846.861849308 0.000000000 0.000000000
1609059846.886348963 0.000000000 0.000000000
1609059846.886616707 0.000000000 0.000000000
1609059846.911461115 0.000000000 0.000000000
1609059846.912157774 0.000000000 0.000000000
1609059846.961364269 0.000000000 0.000000000
1609059846.961908340 0.000000000 0.000000000
1609059846.985865355 0.000000000 0.000000000
1609059846.987049103 0.000000000 0.000000000
1609059847.011402130 0.000000000 0.000000000
1609059847.012171030 0.000000000 0.000000000
1609059847.036373854 0.000000000 0.000000000
1609059847.036855459 0.000000000 0.000000000
1609059847.061399460 0.000000000 0.000000000
1609059847.061665297 0.000000000 0.000000000
1609059847.086350918 0.000000000 0.000000000
1609059847.087168217 0.000000000 0.000000000
1609059847.136347532 0.000000000 0.000000000
1609059847.137047768 0.000000000 0.000000000
1609059847.161346674 0.000000000 0.000000000
1609059847.162102461 0.000000000 0.000000000
1609059847.186345816 0.000000000 0.000000000
1609059847.187148094 0.000000000 0.000000000
1609059847.211372614 0.000000000 0.000000000
1609059847.212159634 0.000000000 0.000000000
1609059847.236397028 0.000000000 0.000000000
1609059847.236690760 0.000000000 0.000000000
1609059847.261358976 0.000000000 0.000000000
1609059847.262209415 0.000000000 0.000000000
1609059847.311376572 0.000000000 0.000000000
1609059847.311670303 0.000000000 0.000000000
1609059847.335881710 0.000000000 0.000000000
1609059847.337128639 0.000000000 0.000000000
1609059847.361391783 0.000000000 0.000000000
1609059847.362179756 0.000000000 0.000000000
1609059847.386312723 0.000000000 0.000000000
1609059847.386898756 0.000000000 0.000000000
1609059847.411350965 0.000000000 0.000000000
1609059847.412045717 0.000000000 0.000000000
1609059847.436353683 0.000000000 0.000000000
1609059847.436633110 0.000000000 0.000000000
1609059847.486361027 0.000000000 0.000000000
1609059847.486850023 0.000000000 0.000000000
1609059847.511280298 0.000000000 0.000000000
1609059847.512068510 0.000000000 0.000000000
1609059847.536364794 0.000000000 0.000000000
1609059847.537148237 0.000000000 0.000000000
1609059847.561368227 0.000000000 0.000000000
1609059847.565093040 0.000000000 0.000000000
1609059847.586355209 0.000000000 0.000000000
1609059847.587350607 0.000000000 0.000000000
1609059847.611343145 0.000000000 0.000000000
1609059847.612055302 0.000000000 0.000000000
1609059847.661360502 0.000000000 0.000000000
1609059847.662164211 0.000000000 0.000000000
1609059847.686326504 0.000000000 0.000000000
1609059847.687044859 0.000000000 0.000000000
1609059847.711377144 0.000000000 0.000000000
1609059847.712155104 0.000000000 0.000000000
1609059847.736329317 0.000000000 0.000000000
1609059847.737158298 0.000000000 0.000000000
1609059847.761353493 0.000000000 0.000000000
1609059847.762113094 0.000000000 0.000000000
1609059847.786317110 0.000000000 0.000000000
1609059847.787032843 0.000000000 0.000000000
1609059847.836363316 0.000000000 0.000000000
1609059847.838411808 0.000000000 0.000000000
1609059847.861409903 0.000000000 0.000000000
1609059847.862131834 0.000000000 0.000000000
1609059847.886363268 0.000000000 0.000000000
1609059847.887156487 0.000000000 0.000000000
1609059847.911338329 0.000000000 0.000000000
1609059847.911869287 0.000000000 0.000000000
1609059847.936372995 0.000000000 0.000000000
1609059847.938164711 0.000000000 0.000000000
1609059847.961469650 0.000000000 0.000000000
1609059847.962080240 0.000000000 0.000000000
1609059848.011283875 0.000000000 0.000000000
1609059848.012070656 0.000000000 0.000000000
1609059848.035936117 0.000000000 0.000000000
1609059848.037071228 0.000000000 0.000000000
1609059848.061371326 0.000000000 0.000000000
1609059848.062177896 0.000000000 0.000000000
1609059848.086333513 0.000000000 0.000000000
1609059848.087095976 0.000000000 0.000000000
1609059848.111314297 0.000000000 0.000000000
1609059848.112031937 0.000000000 0.000000000
1609059848.136336088 0.000000000 0.000000000
1609059848.137054920 0.000000000 0.000000000
1609059848.186325312 0.000000000 0.000000000
1609059848.187191248 0.000000000 0.000000000
1609059848.210911036 0.000000000 0.000000000
1609059848.212168455 0.000000000 0.000000000
1609059848.236358643 0.000000000 0.000000000
1609059848.238325596 0.000000000 0.000000000
1609059848.261405706 0.000000000 0.000000000
1609059848.261927128 0.000000000 0.000000000
1609059848.286558390 0.000000000 0.000000000
1609059848.287121773 0.000000000 0.000000000
1609059848.311344385 0.000000000 0.000000000
1609059848.312200546 0.000000000 0.000000000
1609059848.361328125 0.000000000 0.000000000
1609059848.362120390 0.000000000 0.000000000
1609059848.386341333 0.000000000 0.000000000
1609059848.387336016 0.000000000 0.000000000
1609059848.411344051 0.000000000 0.000000000
1609059848.412585735 0.000000000 0.000000000
1609059848.436471224 0.000000000 0.000000000
1609059848.437241554 0.000000000 0.000000000
1609059848.461334944 0.000000000 0.000000000
1609059848.462079287 0.000000000 0.000000000
1609059848.486432552 0.000000000 0.000000000
1609059848.487207174 0.000000000 0.000000000
1609059848.536420822 0.000000000 0.000000000
1609059848.537068605 0.000000000 0.000000000
1609059848.560841799 0.000000000 0.000000000
1609059848.562085390 0.000000000 0.000000000
1609059848.586360455 0.000000000 0.000000000
1609059848.587095976 0.000000000 0.000000000
1609059848.611288548 0.000000000 0.000000000
1609059848.612080336 0.000000000 0.000000000
1609059848.636268377 0.000000000 0.000000000
1609059848.637147903 0.000000000 0.000000000
1609059848.661321640 0.000000000 0.000000000
1609059848.662091970 0.000000000 0.000000000
1609059848.711302042 0.000000000 0.000000000
1609059848.712036848 0.000000000 0.000000000
1609059848.736285925 0.000000000 0.000000000
1609059848.737074852 0.000000000 0.000000000
1609059848.761283159 0.000000000 0.000000000
1609059848.762135029 0.000000000 0.000000000
1609059848.786288261 0.000000000 0.000000000
1609059848.786835432 0.000000000 0.000000000
1609059848.811306715 0.000000000 0.000000000
1609059848.812053442 0.000000000 0.000000000
1609059848.836306334 0.000000000 0.000000000
1609059848.837089300 0.000000000 0.000000000
1609059848.886282444 0.000000000 0.000000000
1609059848.887029171 0.000000000 0.000000000
1609059848.911309242 0.000000000 0.000000000
1609059848.912055254 0.000000000 0.000000000
1609059848.936320066 0.000000000 0.000000000
1609059848.939312458 0.000000000 0.000000000
1609059848.961359262 0.000000000 0.000000000
1609059848.961870670 0.000000000 0.000000000
1609059848.986290455 0.000000000 0.000000000
1609059848.987046480 0.000000000 0.000000000
1609059849.011287689 0.000000000 0.000000000
1609059849.012099981 0.000000000 0.000000000
1609059849.061280489 0.000000000 0.000000000
1609059849.062012434 0.000000000 0.000000000
1609059849.086323977 0.000000000 0.000000000
1609059849.087058783 0.000000000 0.000000000
1609059849.111322165 0.000000000 0.000000000
1609059849.112103939 0.000000000 0.000000000
1609059849.136283636 0.000000000 0.000000000
1609059849.136814833 0.000000000 0.000000000
1609059849.161334038 0.000000000 0.000000000
1609059849.162082672 0.000000000 0.000000000
1609059849.186275005 0.000000000 0.000000000
1609059849.187103748 0.000000000 0.000000000
1609059849.236312389 0.000000000 0.000000000
1609059849.237020969 0.000000000 0.000000000
1609059849.261341333 0.000000000 0.000000000
1609059849.262117624 0.000000000 0.000000000
1609059849.286362648 0.000000000 0.000000000
1609059849.286833286 0.000000000 0.000000000
1609059849.311310768 0.000000000 0.000000000
1609059849.312038660 0.000000000 0.000000000
1609059849.336365223 0.000000000 0.000000000
1609059849.337048769 0.000000000 0.000000000
1609059849.361265182 0.000000000 0.000000000
1609059849.362159252 0.000000000 0.000000000
1609059849.411301613 0.000000000 0.000000000
1609059849.411548615 0.000000000 0.000000000
1609059849.436431885 0.000000000 0.000000000
1609059849.437126875 0.000000000 0.000000000
1609059849.461312056 0.000000000 0.000000000
1609059849.462011337 0.000000000 0.000000000
1609059849.486290216 0.000000000 0.000000000
1609059849.487019300 0.000000000 0.000000000
1609059849.514841318 0.000000000 0.000000000
1609059849.515289783 0.000000000 0.000000000
1609059849.536335707 0.000000000 0.000000000
1609059849.538302898 0.000000000 0.000000000
1609059849.586292028 0.000000000 0.000000000
1609059849.611314774 0.000000000 0.000000000
1609059849.612090111 0.000000000 0.000000000
1609059849.636554718 0.000000000 0.000000000
1609059849.637224436 0.000000000 0.000000000
1609059849.662817001 0.000000000 0.000000000
1609059849.663450956 0.000000000 0.000000000
1609059849.686317205 0.000000000 0.000000000
1609059849.711294174 0.000000000 0.000000000
1609059849.711844683 0.000000000 0.000000000
1609059849.786324024 0.000000000 0.000000000
1609059849.786769867 0.000000000 0.000000000
1609059849.811825275 0.000000000 0.000000000
1609059849.812217236 0.000000000 0.000000000
1609059849.836296558 0.000000000 0.000000000
1609059849.836847544 0.000000000 0.000000000
1609059849.861274004 0.000000000 0.000000000
1609059849.862032413 0.000000000 0.000000000
1609059849.886317015 0.000000000 0.000000000
1609059849.887107611 0.000000000 0.000000000
1609059849.936288834 0.000000000 0.000000000
1609059849.936551332 0.000000000 0.000000000
1609059849.961252451 0.000000000 0.000000000
1609059849.986268759 0.000000000 0.000000000
1609059849.986983538 0.000000000 0.000000000
1609059850.011340618 0.000000000 0.000000000
1609059850.011880636 0.000000000 0.000000000
1609059850.036297560 0.000000000 0.000000000
1609059850.037694216 0.000000000 0.000000000
1609059850.061320066 0.000000000 0.000000000
1609059850.061824560 0.000000000 0.000000000
1609059850.111369133 0.000000000 0.000000000
1609059850.112066507 0.000000000 0.000000000
1609059850.136312962 0.000000000 0.000000000
1609059850.137045860 0.000000000 0.000000000
1609059850.161404371 0.000000000 0.000000000
1609059850.162131786 0.000000000 0.000000000
1609059850.186355829 0.000000000 0.000000000
1609059850.187399626 0.000000000 0.000000000
1609059850.211324692 0.000000000 0.000000000
1609059850.212052107 0.000000000 0.000000000
1609059850.236383200 0.000000000 0.000000000
1609059850.237041950 0.000000000 0.000000000
1609059850.286265135 0.000000000 0.000000000
1609059850.286517382 0.000000000 0.000000000
1609059850.311362982 0.000000000 0.000000000
1609059850.312179565 0.000000000 0.000000000
1609059850.336353064 0.000000000 0.000000000
1609059850.337824583 0.000000000 0.000000000
1609059850.361338854 0.000000000 0.000000000
1609059850.362065315 0.000000000 0.000000000
1609059850.386363506 0.000000000 0.000000000
1609059850.387352705 0.000000000 0.000000000
1609059850.411294460 0.000000000 0.000000000
1609059850.412012815 0.000000000 0.000000000
1609059850.461312294 0.000000000 0.000000000
1609059850.461756945 0.000000000 0.000000000
1609059850.486331224 0.000000000 0.000000000
1609059850.486861467 0.000000000 0.000000000
1609059850.511277199 0.000000000 0.000000000
1609059850.511999607 0.000000000 0.000000000
1609059850.536315441 0.000000000 0.000000000
1609059850.537107706 0.000000000 0.000000000
1609059850.561320782 0.000000000 0.000000000
1609059850.562044621 0.000000000 0.000000000
1609059850.586295605 0.000000000 0.000000000
1609059850.587080479 0.000000000 0.000000000
1609059850.636299133 0.000000000 0.000000000
1609059850.636888027 0.000000000 0.000000000
1609059850.661349773 0.000000000 0.000000000
1609059850.662098646 0.000000000 0.000000000
1609059850.686308622 0.000000000 0.000000000
1609059850.687083960 0.000000000 0.000000000
1609059850.711285830 0.000000000 0.000000000
1609059850.712178469 0.000000000 0.000000000
1609059850.736308575 0.000000000 0.000000000
1609059850.737335205 0.000000000 0.000000000
1609059850.761378050 0.000000000 0.000000000
1609059850.762078047 0.000000000 0.000000000
1609059850.811262846 0.000000000 0.000000000
1609059850.811717033 0.000000000 0.000000000
1609059850.836318493 0.000000000 0.000000000
1609059850.837053776 0.000000000 0.000000000
1609059850.862029314 0.000000000 0.000000000
1609059850.886326313 0.000000000 0.000000000
1609059850.887031794 0.000000000 0.000000000
1609059850.911293745 0.000000000 0.000000000
1609059850.912034750 0.000000000 0.000000000
1609059850.936375618 0.000000000 0.000000000
1609059850.938480377 0.000000000 0.000000000
1609059850.986316204 0.000000000 0.000000000
1609059850.987047672 0.000000000 0.000000000
1609059851.011279106 0.000000000 0.000000000
1609059851.012003422 0.000000000 0.000000000
1609059851.036293507 0.000000000 0.000000000
1609059851.037091255 0.000000000 0.000000000
1609059851.061395407 0.000000000 0.000000000
1609059851.062054873 0.000000000 0.000000000
1609059851.086264372 0.000000000 0.000000000
1609059851.087005854 0.000000000 0.000000000
1609059851.111294508 0.000000000 0.000000000
1609059851.112054586 0.000000000 0.000000000
1609059851.161366224 0.000000000 0.000000000
1609059851.186334610 0.000000000 0.000000000
1609059851.187027931 0.000000000 0.000000000
1609059851.211294413 0.000000000 0.000000000
1609059851.212037325 0.000000000 0.000000000
1609059851.236278534 0.000000000 0.000000000
1609059851.237071991 0.000000000 0.000000000
1609059851.261281252 0.000000000 0.000000000
1609059851.262048721 0.000000000 0.000000000
1609059851.286269903 0.000000000 0.000000000
1609059851.287015676 0.000000000 0.000000000
1609059851.336263657 0.000000000 0.000000000
1609059851.337027788 0.000000000 0.000000000
1609059851.361311436 0.000000000 0.000000000
1609059851.362049341 0.000000000 0.000000000
1609059851.386988401 0.000000000 0.000000000
1609059851.411318541 0.000000000 0.000000000
1609059851.412841320 0.000000000 0.000000000
1609059851.436386108 0.000000000 0.000000000
1609059851.437081099 0.000000000 0.000000000
1609059851.461283207 0.000000000 0.000000000
1609059851.462031603 0.000000000 0.000000000
1609059851.511283398 0.000000000 0.000000000
1609059851.512603045 0.000000000 0.000000000
1609059851.536283493 0.000000000 0.000000000
1609059851.537057638 0.000000000 0.000000000
1609059851.562086344 0.000000000 0.000000000
1609059851.586312532 0.000000000 0.000000000
1609059851.588189125 0.000000000 0.000000000
1609059851.611323118 0.000000000 0.000000000
1609059851.612046719 0.000000000 0.000000000
1609059851.636302471 0.000000000 0.000000000
1609059851.638528347 0.000000000 0.000000000
1609059851.686851978 0.000000000 0.000000000
1609059851.711324453 0.000000000 0.000000000
1609059851.711998940 0.000000000 0.000000000
1609059851.737123013 0.000000000 0.000000000
1609059851.761268616 0.000000000 0.000000000
1609059851.762430191 0.000000000 0.000000000
1609059851.786350965 0.000000000 0.000000000
1609059851.787052631 0.000000000 0.000000000
1609059851.811327219 0.000000000 0.000000000
1609059851.812027931 0.000000000 0.000000000
1609059851.861259460 0.000000000 0.000000000
1609059851.863430023 0.000000000 0.000000000
1609059851.886282444 0.000000000 0.000000000
1609059851.886996984 0.000000000 0.000000000
1609059851.911329985 0.000000000 0.000000000
1609059851.911986589 0.000000000 0.000000000
1609059851.936332226 0.000000000 0.000000000
1609059851.937030315 0.000000000 0.000000000
1609059851.961656570 0.000000000 0.000000000
1609059851.962089777 0.000000000 0.000000000
1609059851.986249924 0.000000000 0.000000000
1609059851.987855434 0.000000000 0.000000000
1609059852.036279917 0.000000000 0.000000000
1609059852.061270952 0.000000000 0.000000000
1609059852.062004805 0.000000000 0.000000000
1609059852.086274862 0.000000000 0.000000000
1609059852.111448050 0.000000000 0.000000000
1609059852.136337280 0.000000000 0.000000000
1609059852.137131453 0.000000000 0.000000000
1609059852.161299706 0.000000000 0.000000000
1609059852.162054777 0.000000000 0.000000000
1609059852.211286783 0.000000000 0.000000000
1609059852.212599516 0.000000000 0.000000000
1609059852.236368656 0.000000000 0.000000000
1609059852.239382982 0.000000000 0.000000000
1609059852.261320591 0.000000000 0.000000000
1609059852.262066603 0.000000000 0.000000000
1609059852.286299706 0.000000000 0.000000000
1609059852.286996841 0.000000000 0.000000000
1609059852.311275721 0.000000000 0.000000000
1609059852.312010765 0.000000000 0.000000000
1609059852.336447239 0.000000000 0.000000000
1609059852.337609291 0.000000000 0.000000000
1609059852.386261940 0.000000000 0.000000000
1609059852.386998892 0.000000000 0.000000000
1609059852.411258221 0.000000000 0.000000000
1609059852.412058353 0.000000000 0.000000000
1609059852.436258554 0.000000000 0.000000000
1609059852.437089682 0.000000000 0.000000000
1609059852.461377859 0.000000000 0.000000000
1609059852.462006330 0.000000000 0.000000000
1609059852.486273289 0.000000000 0.000000000
1609059852.487002611 0.000000000 0.000000000
1609059852.511348009 0.000000000 0.000000000
1609059852.511968374 0.000000000 0.000000000
1609059852.561233997 0.000000000 0.000000000
1609059852.562037230 0.000000000 0.000000000
1609059852.586251259 0.000000000 0.000000000
1609059852.587023973 0.000000000 0.000000000
1609059852.611232758 0.000000000 0.000000000
1609059852.611992836 0.000000000 0.000000000
1609059852.636338234 0.000000000 0.000000000
1609059852.661266088 0.000000000 0.000000000
1609059852.662053347 0.000000000 0.000000000
1609059852.686267376 0.000000000 0.000000000
1609059852.687051296 0.000000000 0.000000000
1609059852.736248255 0.000000000 0.000000000
1609059852.761309147 0.000000000 0.000000000
1609059852.762067556 0.000000000 0.000000000
1609059852.786974192 0.000000000 0.000000000
1609059852.811272621 0.000000000 0.000000000
1609059852.811963081 0.000000000 0.000000000
1609059852.836296797 0.000000000 0.000000000
1609059852.838869333 0.000000000 0.000000000
1609059852.861320972 0.000000000 0.000000000
1609059852.861974478 0.000000000 0.000000000
1609059852.911277056 0.000000000 0.000000000
1609059852.912097454 0.000000000 0.000000000
1609059852.936301470 0.000000000 0.000000000
1609059852.937041998 0.000000000 0.000000000
1609059852.961316347 0.000000000 0.000000000
1609059852.961998940 0.000000000 0.000000000
1609059852.986274719 0.000000000 0.000000000
1609059852.986982346 0.000000000 0.000000000
1609059853.011272907 0.000000000 0.000000000
1609059853.011970758 0.000000000 0.000000000
1609059853.036305428 0.000000000 0.000000000
1609059853.037060261 0.000000000 0.000000000
1609059853.086245060 0.000000000 0.000000000
1609059853.086992264 0.000000000 0.000000000
1609059853.112630844 0.000000000 0.000000000
1609059853.113100052 0.000000000 0.000000000
1609059853.136242867 0.000000000 0.000000000
1609059853.137028456 0.000000000 0.000000000
1609059853.161322355 0.000000000 0.000000000
1609059853.162241936 0.000000000 0.000000000
1609059853.186324596 0.000000000 0.000000000
1609059853.187023878 0.000000000 0.000000000
1609059853.211234093 0.000000000 0.000000000
1609059853.211964607 0.000000000 0.000000000
1609059853.261265516 0.000000000 0.000000000
1609059853.286254883 0.000000000 0.000000000
1609059853.287020683 0.000000000 0.000000000
1609059853.336282969 0.000000000 0.000000000
1609059853.337016106 0.000000000 0.000000000
1609059853.361391068 0.000000000 0.000000000
1609059853.362076044 0.000000000 0.000000000
1609059853.386247396 0.000000000 0.000000000
1609059853.386996269 0.000000000 0.000000000
1609059853.436263800 0.000000000 0.000000000
1609059853.437297821 0.000000000 0.000000000
1609059853.461277008 0.000000000 0.000000000
1609059853.461986542 0.000000000 0.000000000
1609059853.486517429 0.000000000 0.000000000
1609059853.511300325 0.000000000 0.000000000
1609059853.536346197 0.000000000 0.000000000
1609059853.537089586 0.000000000 0.000000000
1609059853.561321735 0.000000000 0.000000000
1609059853.562005758 0.000000000 0.000000000
1609059853.611262560 0.000000000 0.000000000
1609059853.636290312 0.000000000 0.000000000
1609059853.637031317 0.000000000 0.000000000
1609059853.661353350 0.000000000 0.000000000
1609059853.662049770 0.000000000 0.000000000
1609059853.686295271 0.000000000 0.000000000
1609059853.687026024 0.000000000 0.000000000
1609059853.711265802 0.000000000 0.000000000
1609059853.713128090 0.000000000 0.000000000
1609059853.737016439 0.000000000 0.000000000
1609059853.786223650 0.000000000 0.000000000
1609059853.811301470 0.000000000 0.000000000
1609059853.812996864 0.000000000 0.000000000
1609059853.836258650 0.000000000 0.000000000
1609059853.836765289 0.000000000 0.000000000
1609059853.861274242 0.000000000 0.000000000
1609059853.886311054 0.000000000 0.000000000
1609059853.887422323 0.000000000 0.000000000
1609059853.912005424 0.000000000 0.000000000
1609059853.961284876 0.000000000 0.000000000
1609059853.986268759 0.000000000 0.000000000
1609059853.987124681 0.000000000 0.000000000
1609059854.011253119 0.000000000 0.000000000
1609059854.036267757 0.000000000 0.000000000
1609059854.061346531 0.000000000 0.000000000
1609059854.062912941 0.000000000 0.000000000
1609059854.136277199 0.000000000 0.000000000
1609059854.161312103 0.000000000 0.000000000
1609059854.161999464 0.000000000 0.000000000
1609059854.211300373 0.000000000 0.000000000
1609059854.212316275 0.000000000 0.000000000
1609059854.236266613 0.000000000 0.000000000
1609059854.237044573 0.000000000 0.000000000
1609059854.261986971 0.000000000 0.000000000
1609059854.310829878 0.000000000 0.000000000
1609059854.336302757 0.000000000 0.000000000
1609059854.337015152 0.000000000 0.000000000
1609059854.361236572 0.000000000 0.000000000
1609059854.386237144 0.000000000 0.000000000
1609059854.411259890 0.000000000 0.000000000
1609059854.411965847 0.000000000 0.000000000
1609059854.437068939 0.000000000 0.000000000
1609059854.486301661 0.000000000 0.000000000
1609059854.511247635 0.000000000 0.000000000
1609059854.511997461 0.000000000 0.000000000
1609059854.536309242 0.000000000 0.000000000
1609059854.538770199 0.000000000 0.000000000
1609059854.561251402 0.000000000 0.000000000
1609059854.561972141 0.000000000 0.000000000
1609059854.586257696 0.000000000 0.000000000
1609059854.586992741 0.000000000 0.000000000
1609059854.612174749 0.000000000 0.000000000
1609059854.660746574 0.000000000 0.000000000
1609059854.686232567 0.000000000 0.000000000
1609059854.687024832 0.000000000 0.000000000
1609059854.711236954 0.000000000 0.000000000
1609059854.712351084 0.000000000 0.000000000
1609059854.736301899 0.000000000 0.000000000
1609059854.761291981 0.000000000 0.000000000
1609059854.762079954 0.000000000 0.000000000
1609059854.787006140 0.000000000 0.000000000
1609059854.836348057 0.000000000 0.000000000
1609059854.861288309 0.000000000 0.000000000
1609059854.861977100 0.000000000 0.000000000
1609059854.886337042 0.000000000 0.000000000
1609059854.887810230 0.000000000 0.000000000
1609059854.911258221 0.000000000 0.000000000
1609059854.936296940 0.000000000 0.000000000
1609059854.937026501 0.000000000 0.000000000
1609059854.961995363 0.000000000 0.000000000
1609059855.011342049 0.000000000 0.000000000
1609059855.011912346 0.000000000 0.000000000
1609059855.036346436 0.000000000 0.000000000
1609059855.037157774 0.000000000 0.000000000
1609059855.061266184 0.000000000 0.000000000
1609059855.061974764 0.000000000 0.000000000
1609059855.086268425 0.000000000 0.000000000
1609059855.111217260 0.000000000 0.000000000
1609059855.111978769 0.000000000 0.000000000
1609059855.137045622 0.000000000 0.000000000
1609059855.186308861 0.000000000 0.000000000
1609059855.211270809 0.000000000 0.000000000
1609059855.212002516 0.000000000 0.000000000
1609059855.236223459 0.000000000 0.000000000
1609059855.261299849 0.000000000 0.000000000
1609059855.286297321 0.000000000 0.000000000
1609059855.311974525 0.000000000 0.000000000
1609059855.361262798 0.000000000 0.000000000
1609059855.386296749 0.000000000 0.000000000
1609059855.386796474 0.000000000 0.000000000
1609059855.436300993 0.000000000 0.000000000
1609059855.461292744 0.000000000 0.000000000
1609059855.461962223 0.000000000 0.000000000
1609059855.486953497 0.000000000 0.000000000
1609059855.536304474 0.000000000 0.000000000
1609059855.561286926 0.000000000 0.000000000
1609059855.562046766 0.000000000 0.000000000
1609059855.586216450 0.000000000 0.000000000
1609059855.586980820 0.000000000 0.000000000
1609059855.611233950 0.000000000 0.000000000
1609059855.636248112 0.000000000 0.000000000
1609059855.637044191 0.000000000 0.000000000
1609059855.661913872 0.000000000 0.000000000
1609059855.711265087 0.000000000 0.000000000
1609059855.736265898 0.000000000 0.000000000
1609059855.737030745 0.000000000 0.000000000
1609059855.761266232 0.000000000 0.000000000
1609059855.762060165 0.000000000 0.000000000
1609059855.786247969 0.000000000 0.000000000
1609059855.811224222 0.000000000 0.000000000
1609059855.836968899 0.000000000 0.000000000
1609059855.886268616 0.000000000 0.000000000
1609059855.911274433 0.000000000 0.000000000
1609059855.911823034 0.000000000 0.000000000
1609059855.936333179 0.000000000 0.000000000
1609059855.961287260 0.000000000 0.000000000
1609059855.986253023 0.000000000 0.000000000
1609059856.011241436 0.000000000 0.000000000
1609059856.012078047 0.000000000 0.000000000
1609059856.061292410 0.000000000 0.000000000
1609059856.061994076 0.000000000 0.000000000
1609059856.086233616 0.000000000 0.000000000
1609059856.086758614 0.000000000 0.000000000
1609059856.111238718 0.000000000 0.000000000
1609059856.112071514 0.000000000 0.000000000
1609059856.136314631 0.000000000 0.000000000
1609059856.161246538 0.000000000 0.000000000
1609059856.186904192 0.000000000 0.000000000
1609059856.236169100 0.000000000 0.000000000
1609059856.261250257 0.000000000 0.000000000
1609059856.262025356 0.000000000 0.000000000
1609059856.286247730 0.000000000 0.000000000
1609059856.311207533 0.000000000 0.000000000
1609059856.336302757 0.000000000 0.000000000
1609059856.337052584 0.000000000 0.000000000
1609059856.361986160 0.000000000 0.000000000
1609059856.411181688 0.000000000 0.000000000
1609059856.413104773 0.000000000 0.000000000
1609059856.436223269 0.000000000 0.000000000
1609059856.437016726 0.000000000 0.000000000
1609059856.460995913 0.000000000 0.000000000
1609059856.462033033 0.000000000 0.000000000
1609059856.486220121 0.000000000 0.000000000
1609059856.511189461 0.000000000 0.000000000
1609059856.512217760 0.000000000 0.000000000
1609059856.586181879 0.000000000 0.000000000
1609059856.586933374 0.000000000 0.000000000
1609059856.611292839 0.000000000 0.000000000
1609059856.611945152 0.000000000 0.000000000
1609059856.636263132 0.000000000 0.000000000
1609059856.637033463 0.000000000 0.000000000
1609059856.661239147 0.000000000 0.000000000
1609059856.686271191 0.000000000 0.000000000
1609059856.687013626 0.000000000 0.000000000
1609059856.711963654 0.000000000 0.000000000
1609059856.786230564 0.000000000 0.000000000
1609059856.787143707 0.000000000 0.000000000
1609059856.811207294 0.000000000 0.000000000
1609059856.811970234 0.000000000 0.000000000
1609059856.836225510 0.000000000 0.000000000
1609059856.861331224 0.000000000 0.000000000
1609059856.861999989 0.000000000 0.000000000
1609059856.886902809 0.000000000 0.000000000
1609059856.936170578 0.000000000 0.000000000
1609059856.961254597 0.000000000 0.000000000
1609059856.962003231 0.000000000 0.000000000
1609059856.986184120 0.000000000 0.000000000
1609059856.987011194 0.000000000 0.000000000
1609059857.011306524 0.000000000 0.000000000
1609059857.011950254 0.000000000 0.000000000
1609059857.036280632 0.000000000 0.000000000
1609059857.061935186 0.000000000 0.000000000
1609059857.111141682 0.000000000 0.000000000
1609059857.112814426 0.000000000 0.000000000
1609059857.136229038 0.000000000 0.000000000
1609059857.137044430 0.000000000 0.000000000
1609059857.161024332 0.000000000 0.000000000
1609059857.161926508 0.000000000 0.000000000
1609059857.186208963 0.000000000 0.000000000
1609059857.211135149 0.000000000 0.000000000
1609059857.213276148 0.000000000 0.000000000
1609059857.286231995 0.000000000 0.000000000
1609059857.286985636 0.000000000 0.000000000
1609059857.311230421 0.000000000 0.000000000
1609059857.313240528 0.000000000 0.000000000
1609059857.335971355 0.000000000 0.000000000
1609059857.361151218 0.000000000 0.000000000
1609059857.386238813 0.000000000 0.000000000
1609059857.387025595 0.000000000 0.000000000
1609059857.411215067 0.000000000 0.000000000
1609059857.461153269 0.000000000 0.000000000
1609059857.461944103 0.000000000 0.000000000
1609059857.486254215 0.000000000 0.000000000
1609059857.511315584 0.000000000 0.000000000
1609059857.512044191 0.000000000 0.000000000
1609059857.536292315 0.000000000 0.000000000
1609059857.561218977 0.000000000 0.000000000
1609059857.585988998 0.000000000 0.000000000
1609059857.586923361 0.000000000 0.000000000
1609059857.636793852 0.000000000 0.000000000
1609059857.661220789 0.000000000 0.000000000
1609059857.661918640 0.000000000 0.000000000
1609059857.686339855 0.000000000 0.000000000
1609059857.686912060 0.000000000 0.000000000
1609059857.710713148 0.000000000 0.000000000
1609059857.711911201 0.000000000 0.000000000
1609059857.736202955 0.000000000 0.000000000
1609059857.761231422 0.000000000 0.000000000
1609059857.761936188 0.000000000 0.000000000
1609059857.811210871 0.000000000 0.000000000
1609059857.811886787 0.000000000 0.000000000
1609059857.836226463 0.000000000 0.000000000
1609059857.861294270 0.000000000 0.000000000
1609059857.861891031 0.000000000 0.000000000
1609059857.886270285 0.000000000 0.000000000
1609059857.887269258 0.000000000 0.000000000
1609059857.911175013 0.000000000 0.000000000
1609059857.913118601 0.000000000 0.000000000
1609059857.936019659 0.000000000 0.000000000
1609059858.011226416 0.000000000 0.000000000
1609059858.036173820 0.000000000 0.000000000
1609059858.036956072 0.000000000 0.000000000
1609059858.061243296 0.000000000 0.000000000
1609059858.061879158 0.000000000 0.000000000
1609059858.086218119 0.000000000 0.000000000
1609059858.087001324 0.000000000 0.000000000
1609059858.111275911 0.000000000 0.000000000
1609059858.161169529 0.000000000 0.000000000
1609059858.161909342 0.000000000 0.000000000
1609059858.186175585 0.000000000 0.000000000
1609059858.187108517 0.000000000 0.000000000
1609059858.211232185 0.000000000 0.000000000
1609059858.212123632 0.000000000 0.000000000
1609059858.236241102 0.000000000 0.000000000
1609059858.261348248 0.000000000 0.000000000
1609059858.262026072 0.000000000 0.000000000
1609059858.286298513 0.000000000 0.000000000
1609059858.336146116 0.000000000 0.000000000
1609059858.337093830 0.000000000 0.000000000
1609059858.361233711 0.000000000 0.000000000
1609059858.362386465 0.000000000 0.000000000
1609059858.386230469 0.000000000 0.000000000
1609059858.386896849 0.000000000 0.000000000
1609059858.411208153 0.000000000 0.000000000
1609059858.436211348 0.000000000 0.000000000
1609059858.436994791 0.000000000 0.000000000
1609059858.461213350 0.000000000 0.000000000
1609059858.511158466 0.000000000 0.000000000
1609059858.512009382 0.000000000 0.000000000
1609059858.536202431 0.000000000 0.000000000
1609059858.536980391 0.000000000 0.000000000
1609059858.561003447 0.000000000 0.000000000
1609059858.561977625 0.000000000 0.000000000
1609059858.586184740 0.000000000 0.000000000
1609059858.611238241 0.000000000 0.000000000
1609059858.611942291 0.000000000 0.000000000
1609059858.636193514 0.000000000 0.000000000
1609059858.686137199 0.000000000 0.000000000
1609059858.686885357 0.000000000 0.000000000
1609059858.711142778 0.000000000 0.000000000
1609059858.736232042 0.000000000 0.000000000
1609059858.736882925 0.000000000 0.000000000
1609059858.761231422 0.000000000 0.000000000
1609059858.786204338 0.000000000 0.000000000
1609059858.786933899 0.000000000 0.000000000
1609059858.811190367 0.000000000 0.000000000
1609059858.861113071 0.000000000 0.000000000
1609059858.861877203 0.000000000 0.000000000
1609059858.886652231 0.000000000 0.000000000
1609059858.911211252 0.000000000 0.000000000
1609059858.911828279 0.000000000 0.000000000
1609059858.936318398 0.000000000 0.000000000
1609059858.937232494 0.000000000 0.000000000
1609059858.961176157 0.000000000 0.000000000
1609059858.961954355 0.000000000 0.000000000
1609059858.985986710 0.000000000 0.000000000
1609059859.036186457 0.000000000 0.000000000
1609059859.036827326 0.000000000 0.000000000
1609059859.061173677 0.000000000 0.000000000
1609059859.086170912 0.000000000 0.000000000
1609059859.086805105 0.000000000 0.000000000
1609059859.111128092 0.000000000 0.000000000
1609059859.136131048 0.000000000 0.000000000
1609059859.136899710 0.000000000 0.000000000
1609059859.161153793 0.000000000 0.000000000
1609059859.211123466 0.000000000 0.000000000
1609059859.211802721 0.000000000 0.000000000
1609059859.236179829 0.000000000 0.000000000
1609059859.261205435 0.000000000 0.000000000
1609059859.261920929 0.000000000 0.000000000
1609059859.286251307 0.000000000 0.000000000
1609059859.311179161 0.000000000 0.000000000
1609059859.312021017 0.000000000 0.000000000
1609059859.336185932 0.000000000 0.000000000
1609059859.386158228 0.000000000 0.000000000
1609059859.387376070 0.000000000 0.000000000
1609059859.436237335 0.000000000 0.000000000
1609059859.436796188 0.000000000 0.000000000
1609059859.461123943 0.000000000 0.000000000
1609059859.486891985 0.000000000 0.000000000
1609059859.511166334 0.000000000 0.000000000
1609059859.511854172 0.000000000 0.000000000
1609059859.561087608 0.000000000 0.000000000
1609059859.561889410 0.000000000 0.000000000
1609059859.586123943 0.000000000 0.000000000
1609059859.611226797 0.000000000 0.000000000
1609059859.615153551 0.000000000 0.000000000
1609059859.636171818 0.000000000 0.000000000
1609059859.636526108 0.000000000 0.000000000
1609059859.661219120 0.000000000 0.000000000
1609059859.662515640 0.000000000 0.000000000
1609059859.686195850 0.000000000 0.000000000
1609059859.686927557 0.000000000 0.000000000
1609059859.736129045 0.000000000 0.000000000
1609059859.737662077 0.000000000 0.000000000
1609059859.761149406 0.000000000 0.000000000
1609059859.761474609 0.000000000 0.000000000
1609059859.786198854 0.000000000 0.000000000
1609059859.786814451 0.000000000 0.000000000
1609059859.811175346 0.000000000 0.000000000
1609059859.836146355 0.000000000 0.000000000
1609059859.836933136 0.000000000 0.000000000
1609059859.861239195 0.000000000 0.000000000
1609059859.861941338 0.000000000 0.000000000
1609059859.911148310 0.000000000 0.000000000
1609059859.912219286 0.000000000 0.000000000
1609059859.936131477 0.000000000 0.000000000
1609059859.936633110 0.000000000 0.000000000
1609059859.961140871 0.000000000 0.000000000
1609059859.961871862 0.000000000 0.000000000
1609059859.986101866 0.000000000 0.000000000
1609059860.011163950 0.000000000 0.000000000
1609059860.011867762 0.000000000 0.000000000
1609059860.035932302 0.000000000 0.000000000
1609059860.036827326 0.000000000 0.000000000
1609059860.086109638 0.000000000 0.000000000
1609059860.086831331 0.000000000 0.000000000
1609059860.111125946 0.000000000 0.000000000
1609059860.111358881 0.000000000 0.000000000
1609059860.136173248 0.000000000 0.000000000
1609059860.137319088 0.000000000 0.000000000
1609059860.161121130 0.000000000 0.000000000
1609059860.186866522 0.000000000 0.000000000
1609059860.211789370 0.000000000 0.000000000
1609059860.261067867 0.000000000 0.000000000
1609059860.261838198 0.000000000 0.000000000
1609059860.286119938 0.000000000 0.000000000
1609059860.310876369 0.000000000 0.000000000
1609059860.311813831 0.000000000 0.000000000
1609059860.336084604 0.000000000 0.000000000
1609059860.337121964 0.000000000 0.000000000
1609059860.361163378 0.000000000 0.000000000
1609059860.362146139 0.000000000 0.000000000
1609059860.386153460 0.000000000 0.000000000
1609059860.386825323 0.000000000 0.000000000
1609059860.436074972 0.000000000 0.000000000
1609059860.436820269 0.000000000 0.000000000
1609059860.486104965 0.000000000 0.000000000
1609059860.486818552 0.000000000 0.000000000
1609059860.511108637 0.000000000 0.000000000
1609059860.536209106 0.000000000 0.000000000
1609059860.536857605 0.000000000 0.000000000
1609059860.561129570 0.000000000 0.000000000
1609059860.561926365 0.000000000 0.000000000
1609059860.611089706 0.000000000 0.000000000
1609059860.611852646 0.000000000 0.000000000
1609059860.661167860 0.000000000 0.000000000
1609059860.661800385 0.000000000 0.000000000
1609059860.686112404 0.000000000 0.000000000
1609059860.686789989 0.000000000 0.000000000
1609059860.711098909 0.000000000 0.000000000
1609059860.711862326 0.000000000 0.000000000
1609059860.736135960 0.000000000 0.000000000
1609059860.736854553 0.000000000 0.000000000
1609059860.786078930 0.000000000 0.000000000
1609059860.786822796 0.000000000 0.000000000
1609059860.836133957 0.000000000 0.000000000
1609059860.837296724 0.000000000 0.000000000
1609059860.861113071 0.000000000 0.000000000
1609059860.886118889 0.000000000 0.000000000
1609059860.886793137 0.000000000 0.000000000
1609059860.911211729 0.000000000 0.000000000
1609059860.911890507 0.000000000 0.000000000
1609059860.961109400 0.000000000 0.000000000
1609059860.961893320 0.000000000 0.000000000
1609059860.986114502 0.000000000 0.000000000
1609059861.011159182 0.000000000 0.000000000
1609059861.011813879 0.000000000 0.000000000
1609059861.036042929 0.000000000 0.000000000
1609059861.036892176 0.000000000 0.000000000
1609059861.086796045 0.000000000 0.000000000
1609059861.136057138 0.000000000 0.000000000
1609059861.136775732 0.000000000 0.000000000
1609059861.161134720 0.000000000 0.000000000
1609059861.186135530 0.000000000 0.000000000
1609059861.186800480 0.000000000 0.000000000
1609059861.211060047 0.000000000 0.000000000
1609059861.211828947 0.000000000 0.000000000
1609059861.236096859 0.000000000 0.000000000
1609059861.236809492 0.000000000 0.000000000
1609059861.261078358 0.000000000 0.000000000
1609059861.311059713 0.000000000 0.000000000
1609059861.311753035 0.000000000 0.000000000
1609059861.336088657 0.000000000 0.000000000
1609059861.362072945 0.000000000 0.000000000
1609059861.386050940 0.000000000 0.000000000
1609059861.411157370 0.000000000 0.000000000
1609059861.411860466 0.000000000 0.000000000
1609059861.436146498 0.000000000 0.000000000
1609059861.486104012 0.000000000 0.000000000
1609059861.486782074 0.000000000 0.000000000
1609059861.511061192 0.000000000 0.000000000
1609059861.536780357 0.000000000 0.000000000
1609059861.564987421 0.000000000 0.000000000
1609059861.565242052 0.000000000 0.000000000
1609059861.585661650 0.000000000 0.000000000
1609059861.586868525 0.000000000 0.000000000
1609059861.611170053 0.000000000 0.000000000
1609059861.661068201 0.000000000 0.000000000
1609059861.661802530 0.000000000 0.000000000
1609059861.686059713 0.000000000 0.000000000
1609059861.711105824 0.000000000 0.000000000
1609059861.711745501 0.000000000 0.000000000
1609059861.736131668 0.000000000 0.000000000
1609059861.736834526 0.000000000 0.000000000
1609059861.761198282 0.000000000 0.000000000
1609059861.761937857 0.000000000 0.000000000
1609059861.786773443 0.000000000 0.000000000
1609059861.836075068 0.000000000 0.000000000
1609059861.836756945 0.000000000 0.000000000
1609059861.861131668 0.000000000 0.000000000
1609059861.886763573 0.000000000 0.000000000
1609059861.911204338 0.000000000 0.000000000
1609059861.911432743 0.000000000 0.000000000
1609059861.936152935 0.000000000 0.000000000
1609059861.937168121 0.000000000 0.000000000
1609059861.961100817 0.000000000 0.000000000
1609059861.961935043 0.000000000 0.000000000
1609059862.011061192 0.000000000 0.000000000
1609059862.036074638 0.000000000 0.000000000
1609059862.061762333 0.000000000 0.000000000
1609059862.086045504 0.000000000 0.000000000
1609059862.086777449 0.000000000 0.000000000
1609059862.110611916 0.000000000 0.000000000
1609059862.111792803 0.000000000 0.000000000
1609059862.136111498 0.000000000 0.000000000
1609059862.136957407 0.000000000 0.000000000
1609059862.186040163 0.000000000 0.000000000
1609059862.186818123 0.000000000 0.000000000
1609059862.211097479 0.000000000 0.000000000
1609059862.236815453 0.000000000 0.000000000
1609059862.261094570 0.000000000 0.000000000
1609059862.286852121 0.000000000 0.000000000
1609059862.361027718 0.000000000 0.000000000
1609059862.361815453 0.000000000 0.000000000
1609059862.386052132 0.000000000 0.000000000
1609059862.411768675 0.000000000 0.000000000
1609059862.436045408 0.000000000 0.000000000
1609059862.461166143 0.000000000 0.000000000
1609059862.461832047 0.000000000 0.000000000
1609059862.486081123 0.000000000 0.000000000
1609059862.486809015 0.000000000 0.000000000
1609059862.536035061 0.000000000 0.000000000
1609059862.561067104 0.000000000 0.000000000
1609059862.586049318 0.000000000 0.000000000
1609059862.586715937 0.000000000 0.000000000
1609059862.611079454 0.000000000 0.000000000
1609059862.611750841 0.000000000 0.000000000
1609059862.711056948 0.000000000 0.000000000
1609059862.711818457 0.000000000 0.000000000
1609059862.736081600 0.000000000 0.000000000
1609059862.761834621 0.000000000 0.000000000
1609059862.786074162 0.000000000 0.000000000
1609059862.836145401 0.000000000 0.000000000
1609059862.886032581 0.000000000 0.000000000
1609059862.886784077 0.000000000 0.000000000
1609059862.911064863 0.000000000 0.000000000
1609059862.936079264 0.000000000 0.000000000
1609059862.936751604 0.000000000 0.000000000
1609059862.961039543 0.000000000 0.000000000
1609059862.985572100 0.000000000 0.000000000
1609059862.986812830 0.000000000 0.000000000
1609059863.011039734 0.000000000 0.000000000
1609059863.011786938 0.000000000 0.000000000
1609059863.061778307 0.000000000 0.000000000
1609059863.086017847 0.000000000 0.000000000
1609059863.111022949 0.000000000 0.000000000
1609059863.111764193 0.000000000 0.000000000
1609059863.136041641 0.000000000 0.000000000
1609059863.136737823 0.000000000 0.000000000
1609059863.161089897 0.000000000 0.000000000
1609059863.161911488 0.000000000 0.000000000
1609059863.236031532 0.000000000 0.000000000
1609059863.236781597 0.000000000 0.000000000
1609059863.261062622 0.000000000 0.000000000
1609059863.286749840 0.000000000 0.000000000
1609059863.311071873 0.000000000 0.000000000
1609059863.311742067 0.000000000 0.000000000
1609059863.336096525 0.000000000 0.000000000
1609059863.336778879 0.000000000 0.000000000
1609059863.411029339 0.000000000 0.000000000
1609059863.411769152 0.000000000 0.000000000
1609059863.436118603 0.000000000 0.000000000
1609059863.461758614 0.000000000 0.000000000
1609059863.486015081 0.000000000 0.000000000
1609059863.486748219 0.000000000 0.000000000
1609059863.511087894 0.000000000 0.000000000
1609059863.511998177 0.000000000 0.000000000
1609059863.586030960 0.000000000 0.000000000
1609059863.586770058 0.000000000 0.000000000
1609059863.611057758 0.000000000 0.000000000
1609059863.636710644 0.000000000 0.000000000
1609059863.661107540 0.000000000 0.000000000
1609059863.686801910 0.000000000 0.000000000
1609059863.711769819 0.000000000 0.000000000
1609059863.761046648 0.000000000 0.000000000
1609059863.762113094 0.000000000 0.000000000
1609059863.786067724 0.000000000 0.000000000
1609059863.811015368 0.000000000 0.000000000
1609059863.813079357 0.000000000 0.000000000
1609059863.836106062 0.000000000 0.000000000
1609059863.861055374 0.000000000 0.000000000
1609059863.861756802 0.000000000 0.000000000
1609059863.886727095 0.000000000 0.000000000
1609059863.936724901 0.000000000 0.000000000
1609059863.961049318 0.000000000 0.000000000
1609059863.986720324 0.000000000 0.000000000
1609059864.011013746 0.000000000 0.000000000
1609059864.036075115 0.000000000 0.000000000
1609059864.036824703 0.000000000 0.000000000
1609059864.061026335 0.000000000 0.000000000
1609059864.111098051 0.000000000 0.000000000
1609059864.111746073 0.000000000 0.000000000
1609059864.136100054 0.000000000 0.000000000
1609059864.161061049 0.000000000 0.000000000
1609059864.161773682 0.000000000 0.000000000
1609059864.186057568 0.000000000 0.000000000
1609059864.186717749 0.000000000 0.000000000
1609059864.211041927 0.000000000 0.000000000
1609059864.211816549 0.000000000 0.000000000
1609059864.236868620 0.000000000 0.000000000
1609059864.286053896 0.000000000 0.000000000
1609059864.286792994 0.000000000 0.000000000
1609059864.311033010 0.000000000 0.000000000
1609059864.336079597 0.000000000 0.000000000
1609059864.336754084 0.000000000 0.000000000
1609059864.361089945 0.000000000 0.000000000
1609059864.361834049 0.000000000 0.000000000
1609059864.386046648 0.000000000 0.000000000
1609059864.386797190 0.000000000 0.000000000
1609059864.411055803 0.000000000 0.000000000
1609059864.411830902 0.000000000 0.000000000
1609059864.461024761 0.000000000 0.000000000
1609059864.461773396 0.000000000 0.000000000
1609059864.486041546 0.000000000 0.000000000
1609059864.511036634 0.000000000 0.000000000
1609059864.511735439 0.000000000 0.000000000
1609059864.536070108 0.000000000 0.000000000
1609059864.561060429 0.000000000 0.000000000
1609059864.585998774 0.000000000 0.000000000
1609059864.586861372 0.000000000 0.000000000
1609059864.661034346 0.000000000 0.000000000
1609059864.686691999 0.000000000 0.000000000
1609059864.711004496 0.000000000 0.000000000
1609059864.711685896 0.000000000 0.000000000
1609059864.736053705 0.000000000 0.000000000
1609059864.811046839 0.000000000 0.000000000
1609059864.811725855 0.000000000 0.000000000
1609059864.836051702 0.000000000 0.000000000
1609059864.886034489 0.000000000 0.000000000
1609059864.911079645 0.000000000 0.000000000
1609059864.911783457 0.000000000 0.000000000
1609059864.986011982 0.000000000 0.000000000
1609059865.011029243 0.000000000 0.000000000
1609059865.011806965 0.000000000 0.000000000
1609059865.036813021 0.000000000 0.000000000
1609059865.061007261 0.000000000 0.000000000
1609059865.086075544 0.000000000 0.000000000
1609059865.161033869 0.000000000 0.000000000
1609059865.161790609 0.000000000 0.000000000
1609059865.185994625 0.000000000 0.000000000
1609059865.211747169 0.000000000 0.000000000
1609059865.236024857 0.000000000 0.000000000
1609059865.236719370 0.000000000 0.000000000
1609059865.261094332 0.000000000 0.000000000
1609059865.261903524 0.000000000 0.000000000
1609059865.337456465 0.000000000 0.000000000
1609059865.337764263 0.000000000 0.000000000
1609059865.361086130 0.000000000 0.000000000
1609059865.386728525 0.000000000 0.000000000
1609059865.411051035 0.000000000 0.000000000
1609059865.436801672 0.000000000 0.000000000
1609059865.511017084 0.000000000 0.000000000
1609059865.511751652 0.000000000 0.000000000
1609059865.535987139 0.000000000 0.000000000
1609059865.561057806 0.000000000 0.000000000
1609059865.561764479 0.000000000 0.000000000
1609059865.585990191 0.000000000 0.000000000
1609059865.586702347 0.000000000 0.000000000
1609059865.611132860 0.000000000 0.000000000
1609059865.611756325 0.000000000 0.000000000
1609059865.685956478 0.000000000 0.000000000
1609059865.686722994 0.000000000 0.000000000
1609059865.711019754 0.000000000 0.000000000
1609059865.736686230 0.000000000 0.000000000
1609059865.761007786 0.000000000 0.000000000
1609059865.761736870 0.000000000 0.000000000
1609059865.860979319 0.000000000 0.000000000
1609059865.861742020 0.000000000 0.000000000
1609059865.886005640 0.000000000 0.000000000
1609059865.886771441 0.000000000 0.000000000
1609059865.911712885 0.000000000 0.000000000
1609059865.936002016 0.000000000 0.000000000
1609059865.961082220 0.000000000 0.000000000
1609059865.962129831 0.000000000 0.000000000
1609059866.035986185 0.000000000 0.000000000
1609059866.036713123 0.000000000 0.000000000
1609059866.061034203 0.000000000 0.000000000
1609059866.086694956 0.000000000 0.000000000
1609059866.111039877 0.000000000 0.000000000
1609059866.111693382 0.000000000 0.000000000
1609059866.136085987 0.000000000 0.000000000
1609059866.136779785 0.000000000 0.000000000
1609059866.210952997 0.000000000 0.000000000
1609059866.213714361 0.000000000 0.000000000
1609059866.236011505 0.000000000 0.000000000
1609059866.261796236 0.000000000 0.000000000
1609059866.285984039 0.000000000 0.000000000
1609059866.336261034 0.000000000 0.000000000
1609059866.385993004 0.000000000 0.000000000
1609059866.386699915 0.000000000 0.000000000
1609059866.411015511 0.000000000 0.000000000
1609059866.411750793 0.000000000 0.000000000
1609059866.437246323 0.000000000 0.000000000
1609059866.461026192 0.000000000 0.000000000
1609059866.461692572 0.000000000 0.000000000
1609059866.560952663 0.000000000 0.000000000
1609059866.561704874 0.000000000 0.000000000
1609059866.586223364 0.000000000 0.000000000
1609059866.611057520 0.000000000 0.000000000
1609059866.611691236 0.000000000 0.000000000
1609059866.636043310 0.000000000 0.000000000
1609059866.661738157 0.000000000 0.000000000
1609059866.735949516 0.000000000 0.000000000
1609059866.736674786 0.000000000 0.000000000
1609059866.760981321 0.000000000 0.000000000
1609059866.761776686 0.000000000 0.000000000
1609059866.786671162 0.000000000 0.000000000
1609059866.810976267 0.000000000 0.000000000
1609059866.811669827 0.000000000 0.000000000
1609059866.836765528 0.000000000 0.000000000
1609059866.861777067 0.000000000 0.000000000
1609059866.910999537 0.000000000 0.000000000
1609059866.911655188 0.000000000 0.000000000
1609059866.936022043 0.000000000 0.000000000
1609059866.961724043 0.000000000 0.000000000
1609059866.985987902 0.000000000 0.000000000
1609059867.011764526 0.000000000 0.000000000
1609059867.085968256 0.000000000 0.000000000
1609059867.086680889 0.000000000 0.000000000
1609059867.111000299 0.000000000 0.000000000
1609059867.136625290 0.000000000 0.000000000
1609059867.160937786 0.000000000 0.000000000
1609059867.186049223 0.000000000 0.000000000
1609059867.186654329 0.000000000 0.000000000
1609059867.263266563 0.000000000 0.000000000
1609059867.263753891 0.000000000 0.000000000
1609059867.286065340 0.000000000 0.000000000
1609059867.286733150 0.000000000 0.000000000
1609059867.311729193 0.000000000 0.000000000
1609059867.336009264 0.000000000 0.000000000
1609059867.360540152 0.000000000 0.000000000
1609059867.361781120 0.000000000 0.000000000
1609059867.386723995 0.000000000 0.000000000
1609059867.435960531 0.000000000 0.000000000
1609059867.436671972 0.000000000 0.000000000
1609059867.460982561 0.000000000 0.000000000
1609059867.486701012 0.000000000 0.000000000
1609059867.511050463 0.000000000 0.000000000
1609059867.511682749 0.000000000 0.000000000
1609059867.535576582 0.000000000 0.000000000
1609059867.536737204 0.000000000 0.000000000
1609059867.561796904 0.000000000 0.000000000
1609059867.610927820 0.000000000 0.000000000
1609059867.611670017 0.000000000 0.000000000
1609059867.636041880 0.000000000 0.000000000
1609059867.636731386 0.000000000 0.000000000
1609059867.661703587 0.000000000 0.000000000
1609059867.685949326 0.000000000 0.000000000
1609059867.686661959 0.000000000 0.000000000
1609059867.711056232 0.000000000 0.000000000
1609059867.712009907 0.000000000 0.000000000
1609059867.736777067 0.000000000 0.000000000
1609059867.785915136 0.000000000 0.000000000
1609059867.786629915 0.000000000 0.000000000
1609059867.810928106 0.000000000 0.000000000
1609059867.811743021 0.000000000 0.000000000
1609059867.836666822 0.000000000 0.000000000
1609059867.861026525 0.000000000 0.000000000
1609059867.861742735 0.000000000 0.000000000
1609059867.886068344 0.000000000 0.000000000
1609059867.886718750 0.000000000 0.000000000
1609059867.960938692 0.000000000 0.000000000
1609059867.961693525 0.000000000 0.000000000
1609059867.985954046 0.000000000 0.000000000
1609059867.986677647 0.000000000 0.000000000
1609059868.011687279 0.000000000 0.000000000
1609059868.035991907 0.000000000 0.000000000
1609059868.060516834 0.000000000 0.000000000
1609059868.061732769 0.000000000 0.000000000
1609059868.086718559 0.000000000 0.000000000
1609059868.135935545 0.000000000 0.000000000
1609059868.136714935 0.000000000 0.000000000
1609059868.160959721 0.000000000 0.000000000
1609059868.161753178 0.000000000 0.000000000
1609059868.186656475 0.000000000 0.000000000
1609059868.210922480 0.000000000 0.000000000
1609059868.211678028 0.000000000 0.000000000
1609059868.235947132 0.000000000 0.000000000
1609059868.236717701 0.000000000 0.000000000
1609059868.261813641 0.000000000 0.000000000
1609059868.310927629 0.000000000 0.000000000
1609059868.311693430 0.000000000 0.000000000
1609059868.335995197 0.000000000 0.000000000
1609059868.336749077 0.000000000 0.000000000
1609059868.361747980 0.000000000 0.000000000
1609059868.386050940 0.000000000 0.000000000
1609059868.435908794 0.000000000 0.000000000
1609059868.485905170 0.000000000 0.000000000
1609059868.486652851 0.000000000 0.000000000
1609059868.510988474 0.000000000 0.000000000
1609059868.511751175 0.000000000 0.000000000
1609059868.536659718 0.000000000 0.000000000
1609059868.561036110 0.000000000 0.000000000
1609059868.585928440 0.000000000 0.000000000
1609059868.586740971 0.000000000 0.000000000
1609059868.660993576 0.000000000 0.000000000
1609059868.661638975 0.000000000 0.000000000
1609059868.685964823 0.000000000 0.000000000
1609059868.686747551 0.000000000 0.000000000
1609059868.711671829 0.000000000 0.000000000
1609059868.735994339 0.000000000 0.000000000
1609059868.760981083 0.000000000 0.000000000
1609059868.761489868 0.000000000 0.000000000
1609059868.835920095 0.000000000 0.000000000
1609059868.836653471 0.000000000 0.000000000
1609059868.860946655 0.000000000 0.000000000
1609059868.861714363 0.000000000 0.000000000
1609059868.886686325 0.000000000 0.000000000
1609059868.910954237 0.000000000 0.000000000
1609059868.936075926 0.000000000 0.000000000
1609059868.936470270 0.000000000 0.000000000
1609059869.010933638 0.000000000 0.000000000
1609059869.011633635 0.000000000 0.000000000
1609059869.035971642 0.000000000 0.000000000
1609059869.036636591 0.000000000 0.000000000
1609059869.061673641 0.000000000 0.000000000
1609059869.085974932 0.000000000 0.000000000
1609059869.110519886 0.000000000 0.000000000
1609059869.111679316 0.000000000 0.000000000
1609059869.135969162 0.000000000 0.000000000
1609059869.136797667 0.000000000 0.000000000
1609059869.185895920 0.000000000 0.000000000
1609059869.186656952 0.000000000 0.000000000
1609059869.211004496 0.000000000 0.000000000
1609059869.211696625 0.000000000 0.000000000
1609059869.236652613 0.000000000 0.000000000
1609059869.260987520 0.000000000 0.000000000
1609059869.285894632 0.000000000 0.000000000
1609059869.286732674 0.000000000 0.000000000
1609059869.360991240 0.000000000 0.000000000
1609059869.361714840 0.000000000 0.000000000
1609059869.385965109 0.000000000 0.000000000
1609059869.386810303 0.000000000 0.000000000
1609059869.411699295 0.000000000 0.000000000
1609059869.435946703 0.000000000 0.000000000
1609059869.460978270 0.000000000 0.000000000
1609059869.461450577 0.000000000 0.000000000
1609059869.535964012 0.000000000 0.000000000
1609059869.536627054 0.000000000 0.000000000
1609059869.560964584 0.000000000 0.000000000
1609059869.562120438 0.000000000 0.000000000
1609059869.586673021 0.000000000 0.000000000
1609059869.610958338 0.000000000 0.000000000
1609059869.636707067 0.000000000 0.000000000
1609059869.661651134 0.000000000 0.000000000
1609059869.710930109 0.000000000 0.000000000
1609059869.711674452 0.000000000 0.000000000
1609059869.737699270 0.000000000 0.000000000
1609059869.738040447 0.000000000 0.000000000
1609059869.761727571 0.000000000 0.000000000
1609059869.785971165 0.000000000 0.000000000
1609059869.810961962 0.000000000 0.000000000
1609059869.811728239 0.000000000 0.000000000
1609059869.836666107 0.000000000 0.000000000
1609059869.885936737 0.000000000 0.000000000
1609059869.886615992 0.000000000 0.000000000
1609059869.910920620 0.000000000 0.000000000
1609059869.911776066 0.000000000 0.000000000
1609059869.936654091 0.000000000 0.000000000
1609059869.960936785 0.000000000 0.000000000
1609059869.985924959 0.000000000 0.000000000
1609059869.986674786 0.000000000 0.000000000
1609059870.011677742 0.000000000 0.000000000
1609059870.060884476 0.000000000 0.000000000
1609059870.061641455 0.000000000 0.000000000
1609059870.085929632 0.000000000 0.000000000
1609059870.086758375 0.000000000 0.000000000
1609059870.111625433 0.000000000 0.000000000
1609059870.135974407 0.000000000 0.000000000
1609059870.160934925 0.000000000 0.000000000
1609059870.161725044 0.000000000 0.000000000
1609059870.186683893 0.000000000 0.000000000
1609059870.235921144 0.000000000 0.000000000
1609059870.236605644 0.000000000 0.000000000
1609059870.260901928 0.000000000 0.000000000
1609059870.261739492 0.000000000 0.000000000
1609059870.286649704 0.000000000 0.000000000
1609059870.310931683 0.000000000 0.000000000
1609059870.335936308 0.000000000 0.000000000
1609059870.336402893 0.000000000 0.000000000
1609059870.410869837 0.000000000 0.000000000
1609059870.413375854 0.000000000 0.000000000
1609059870.435936689 0.000000000 0.000000000
1609059870.436799049 0.000000000 0.000000000
1609059870.461609364 0.000000000 0.000000000
1609059870.485966921 0.000000000 0.000000000
1609059870.510938644 0.000000000 0.000000000
1609059870.511824369 0.000000000 0.000000000
1609059870.536742687 0.000000000 0.000000000
1609059870.585905313 0.000000000 0.000000000
1609059870.586610556 0.000000000 0.000000000
1609059870.610950232 0.000000000 0.000000000
1609059870.611637831 0.000000000 0.000000000
1609059870.636652231 0.000000000 0.000000000
1609059870.660974741 0.000000000 0.000000000
1609059870.685913086 0.000000000 0.000000000
1609059870.686388969 0.000000000 0.000000000
1609059870.760874510 0.000000000 0.000000000
1609059870.761662245 0.000000000 0.000000000
1609059870.786031485 0.000000000 0.000000000
1609059870.786766529 0.000000000 0.000000000
1609059870.811667681 0.000000000 0.000000000
1609059870.835931540 0.000000000 0.000000000
1609059870.860961914 0.000000000 0.000000000
1609059870.861443758 0.000000000 0.000000000
1609059870.886683226 0.000000000 0.000000000
1609059870.935881376 0.000000000 0.000000000
1609059870.936592579 0.000000000 0.000000000
1609059870.960696936 0.000000000 0.000000000
1609059870.961670399 0.000000000 0.000000000
1609059870.986579657 0.000000000 0.000000000
1609059871.010937214 0.000000000 0.000000000
1609059871.061627150 0.000000000 0.000000000
1609059871.110929489 0.000000000 0.000000000
1609059871.111370325 0.000000000 0.000000000
1609059871.135754824 0.000000000 0.000000000
1609059871.136747837 0.000000000 0.000000000
1609059871.161693811 0.000000000 0.000000000
1609059871.185928106 0.000000000 0.000000000
1609059871.210977077 0.000000000 0.000000000
1609059871.211409330 0.000000000 0.000000000
1609059871.236589909 0.000000000 0.000000000
1609059871.285874128 0.000000000 0.000000000
1609059871.286403418 0.000000000 0.000000000
1609059871.310760975 0.000000000 0.000000000
1609059871.311670303 0.000000000 0.000000000
1609059871.336647749 0.000000000 0.000000000
1609059871.360944033 0.000000000 0.000000000
1609059871.361676931 0.000000000 0.000000000
1609059871.385908842 0.000000000 0.000000000
1609059871.386727571 0.000000000 0.000000000
1609059871.410949230 0.000000000 0.000000000
1609059871.411595821 0.000000000 0.000000000
1609059871.460864305 0.000000000 0.000000000
1609059871.461625576 0.000000000 0.000000000
1609059871.485681295 0.000000000 0.000000000
1609059871.486402988 0.000000000 0.000000000
1609059871.511614084 0.000000000 0.000000000
1609059871.535912514 0.000000000 0.000000000
1609059871.560934305 0.000000000 0.000000000
1609059871.561662674 0.000000000 0.000000000
1609059871.586165428 0.000000000 0.000000000
1609059871.635887384 0.000000000 0.000000000
1609059871.636387110 0.000000000 0.000000000
1609059871.660735607 0.000000000 0.000000000
1609059871.661679506 0.000000000 0.000000000
1609059871.686602354 0.000000000 0.000000000
1609059871.710903168 0.000000000 0.000000000
1609059871.735925198 0.000000000 0.000000000
1609059871.736593008 0.000000000 0.000000000
1609059871.761665344 0.000000000 0.000000000
1609059871.810875177 0.000000000 0.000000000
1609059871.811372995 0.000000000 0.000000000
1609059871.835685968 0.000000000 0.000000000
1609059871.836673260 0.000000000 0.000000000
1609059871.861585379 0.000000000 0.000000000
1609059871.885907412 0.000000000 0.000000000
1609059871.910920858 0.000000000 0.000000000
1609059871.911705494 0.000000000 0.000000000
1609059871.936967373 0.000000000 0.000000000
1609059871.985903978 0.000000000 0.000000000
1609059871.986347675 0.000000000 0.000000000
1609059872.010920763 0.000000000 0.000000000
1609059872.011352301 0.000000000 0.000000000
1609059872.036600351 0.000000000 0.000000000
1609059872.060880661 0.000000000 0.000000000
1609059872.085860968 0.000000000 0.000000000
1609059872.086599112 0.000000000 0.000000000
1609059872.111632347 0.000000000 0.000000000
1609059872.160847664 0.000000000 0.000000000
1609059872.161743879 0.000000000 0.000000000
1609059872.185663939 0.000000000 0.000000000
1609059872.186389208 0.000000000 0.000000000
1609059872.211640596 0.000000000 0.000000000
1609059872.235895157 0.000000000 0.000000000
1609059872.260868311 0.000000000 0.000000000
1609059872.261642218 0.000000000 0.000000000
1609059872.286650181 0.000000000 0.000000000
1609059872.335848093 0.000000000 0.000000000
1609059872.336570740 0.000000000 0.000000000
1609059872.360690355 0.000000000 0.000000000
1609059872.361619473 0.000000000 0.000000000
1609059872.386662960 0.000000000 0.000000000
1609059872.410912991 0.000000000 0.000000000
1609059872.411157608 0.000000000 0.000000000
1609059872.435886860 0.000000000 0.000000000
1609059872.436603069 0.000000000 0.000000000
1609059872.510889053 0.000000000 0.000000000
1609059872.511368990 0.000000000 0.000000000
1609059872.535644054 0.000000000 0.000000000
1609059872.536370039 0.000000000 0.000000000
1609059872.561622143 0.000000000 0.000000000
1609059872.585891485 0.000000000 0.000000000
1609059872.610847950 0.000000000 0.000000000
1609059872.611582518 0.000000000 0.000000000
1609059872.685871840 0.000000000 0.000000000
1609059872.686590910 0.000000000 0.000000000
1609059872.710698128 0.000000000 0.000000000
1609059872.711411953 0.000000000 0.000000000
1609059872.736566305 0.000000000 0.000000000
1609059872.760989666 0.000000000 0.000000000
1609059872.761655331 0.000000000 0.000000000
1609059872.786566973 0.000000000 0.000000000
1609059872.811116695 0.000000000 0.000000000
1609059872.860873222 0.000000000 0.000000000
1609059872.861450195 0.000000000 0.000000000
1609059872.885766506 0.000000000 0.000000000
1609059872.886454105 0.000000000 0.000000000
1609059872.911743164 0.000000000 0.000000000
1609059872.935942173 0.000000000 0.000000000
1609059872.960983038 0.000000000 0.000000000
1609059872.961606026 0.000000000 0.000000000
1609059873.035854101 0.000000000 0.000000000
1609059873.036672592 0.000000000 0.000000000
1609059873.060649157 0.000000000 0.000000000
1609059873.061349392 0.000000000 0.000000000
1609059873.086585522 0.000000000 0.000000000
1609059873.112869024 0.000000000 0.000000000
1609059873.113148212 0.000000000 0.000000000
1609059873.135868549 0.000000000 0.000000000
1609059873.136644363 0.000000000 0.000000000
1609059873.210911274 0.000000000 0.000000000
1609059873.211362362 0.000000000 0.000000000
1609059873.235691786 0.000000000 0.000000000
1609059873.236636877 0.000000000 0.000000000
1609059873.261667013 0.000000000 0.000000000
1609059873.285967827 0.000000000 0.000000000
1609059873.286568403 0.000000000 0.000000000
1609059873.310905695 0.000000000 0.000000000
1609059873.311553001 0.000000000 0.000000000
1609059873.336570501 0.000000000 0.000000000
1609059873.385865211 0.000000000 0.000000000
1609059873.386330366 0.000000000 0.000000000
1609059873.412476540 0.000000000 0.000000000
1609059873.412731171 0.000000000 0.000000000
1609059873.436541796 0.000000000 0.000000000
1609059873.460974693 0.000000000 0.000000000
1609059873.461640120 0.000000000 0.000000000
1609059873.485857248 0.000000000 0.000000000
1609059873.486597776 0.000000000 0.000000000
1609059873.560825348 0.000000000 0.000000000
1609059873.561425686 0.000000000 0.000000000
1609059873.585662603 0.000000000 0.000000000
1609059873.586598396 0.000000000 0.000000000
1609059873.611555099 0.000000000 0.000000000
1609059873.635898113 0.000000000 0.000000000
1609059873.660960674 0.000000000 0.000000000
1609059873.661544323 0.000000000 0.000000000
1609059873.735881329 0.000000000 0.000000000
1609059873.736384630 0.000000000 0.000000000
1609059873.760694981 0.000000000 0.000000000
1609059873.761637688 0.000000000 0.000000000
1609059873.786570311 0.000000000 0.000000000
1609059873.810875177 0.000000000 0.000000000
1609059873.835829258 0.000000000 0.000000000
1609059873.836584568 0.000000000 0.000000000
1609059873.861656189 0.000000000 0.000000000
1609059873.910825014 0.000000000 0.000000000
1609059873.911391258 0.000000000 0.000000000
1609059873.935632467 0.000000000 0.000000000
1609059873.936575651 0.000000000 0.000000000
1609059873.961594582 0.000000000 0.000000000
1609059873.985826015 0.000000000 0.000000000
1609059874.010874748 0.000000000 0.000000000
1609059874.011533260 0.000000000 0.000000000
1609059874.085889816 0.000000000 0.000000000
1609059874.086364269 0.000000000 0.000000000
1609059874.110640287 0.000000000 0.000000000
1609059874.111519575 0.000000000 0.000000000
1609059874.136596203 0.000000000 0.000000000
1609059874.160943508 0.000000000 0.000000000
1609059874.185873270 0.000000000 0.000000000
1609059874.186521292 0.000000000 0.000000000
1609059874.211561441 0.000000000 0.000000000
1609059874.260813951 0.000000000 0.000000000
1609059874.261368990 0.000000000 0.000000000
1609059874.285665035 0.000000000 0.000000000
1609059874.311517954 0.000000000 0.000000000
1609059874.335855961 0.000000000 0.000000000
1609059874.360902548 0.000000000 0.000000000
1609059874.361553192 0.000000000 0.000000000
1609059874.435822010 0.000000000 0.000000000
1609059874.436654091 0.000000000 0.000000000
1609059874.460934401 0.000000000 0.000000000
1609059874.461518049 0.000000000 0.000000000
1609059874.486531734 0.000000000 0.000000000
1609059874.510332346 0.000000000 0.000000000
1609059874.536552191 0.000000000 0.000000000
1609059874.561654329 0.000000000 0.000000000
1609059874.610800028 0.000000000 0.000000000
1609059874.611375570 0.000000000 0.000000000
1609059874.635912180 0.000000000 0.000000000
1609059874.636585474 0.000000000 0.000000000
1609059874.661605358 0.000000000 0.000000000
1609059874.685803890 0.000000000 0.000000000
1609059874.711522341 0.000000000 0.000000000
1609059874.785881519 0.000000000 0.000000000
1609059874.786332846 0.000000000 0.000000000
1609059874.810850143 0.000000000 0.000000000
1609059874.811547279 0.000000000 0.000000000
1609059874.836557627 0.000000000 0.000000000
1609059874.860883713 0.000000000 0.000000000
1609059874.885823727 0.000000000 0.000000000
1609059874.886570930 0.000000000 0.000000000
1609059874.960826635 0.000000000 0.000000000
1609059874.961369038 0.000000000 0.000000000
1609059874.985613823 0.000000000 0.000000000
1609059874.986521721 0.000000000 0.000000000
1609059875.011541128 0.000000000 0.000000000
1609059875.035853148 0.000000000 0.000000000
1609059875.061498880 0.000000000 0.000000000
1609059875.085843325 0.000000000 0.000000000
1609059875.086601019 0.000000000 0.000000000
1609059875.135796785 0.000000000 0.000000000
1609059875.136306047 0.000000000 0.000000000
1609059875.160598755 0.000000000 0.000000000
1609059875.186523914 0.000000000 0.000000000
1609059875.261667490 0.000000000 0.000000000
1609059875.310801506 0.000000000 0.000000000
1609059875.311537504 0.000000000 0.000000000
1609059875.335647583 0.000000000 0.000000000
1609059875.336548567 0.000000000 0.000000000
1609059875.361604452 0.000000000 0.000000000
1609059875.385848045 0.000000000 0.000000000
1609059875.436594248 0.000000000 0.000000000
1609059875.485854387 0.000000000 0.000000000
1609059875.486337900 0.000000000 0.000000000
1609059875.512582302 0.000000000 0.000000000
1609059875.512963057 0.000000000 0.000000000
1609059875.560347795 0.000000000 0.000000000
1609059875.585849285 0.000000000 0.000000000
1609059875.586526632 0.000000000 0.000000000
1609059875.660815001 0.000000000 0.000000000
1609059875.661493063 0.000000000 0.000000000
1609059875.685627699 0.000000000 0.000000000
1609059875.686514854 0.000000000 0.000000000
1609059875.711541176 0.000000000 0.000000000
1609059875.735907793 0.000000000 0.000000000
1609059875.761543989 0.000000000 0.000000000
1609059875.835805893 0.000000000 0.000000000
1609059875.836549997 0.000000000 0.000000000
1609059875.860642195 0.000000000 0.000000000
1609059875.861548662 0.000000000 0.000000000
1609059875.910861492 0.000000000 0.000000000
1609059875.935892582 0.000000000 0.000000000
1609059875.936561346 0.000000000 0.000000000
1609059875.961575270 0.000000000 0.000000000
1609059876.010766268 0.000000000 0.000000000
1609059876.011514187 0.000000000 0.000000000
1609059876.035782099 0.000000000 0.000000000
1609059876.036531925 0.000000000 0.000000000
1609059876.061501026 0.000000000 0.000000000
1609059876.085842133 0.000000000 0.000000000
1609059876.110805035 0.000000000 0.000000000
1609059876.111843586 0.000000000 0.000000000
1609059876.186010361 0.000000000 0.000000000
1609059876.186604261 0.000000000 0.000000000
1609059876.210967541 0.000000000 0.000000000
1609059876.211582422 0.000000000 0.000000000
1609059876.236572266 0.000000000 0.000000000
1609059876.260864019 0.000000000 0.000000000
1609059876.285783529 0.000000000 0.000000000
1609059876.286524057 0.000000000 0.000000000
1609059876.311530828 0.000000000 0.000000000
1609059876.360789061 0.000000000 0.000000000
1609059876.361546040 0.000000000 0.000000000
1609059876.385612726 0.000000000 0.000000000
1609059876.386527061 0.000000000 0.000000000
1609059876.411486387 0.000000000 0.000000000
1609059876.435323477 0.000000000 0.000000000
1609059876.461495638 0.000000000 0.000000000
1609059876.535772562 0.000000000 0.000000000
1609059876.536554575 0.000000000 0.000000000
1609059876.560638428 0.000000000 0.000000000
1609059876.561583519 0.000000000 0.000000000
1609059876.586552620 0.000000000 0.000000000
1609059876.610842228 0.000000000 0.000000000
1609059876.611503124 0.000000000 0.000000000
1609059876.635806322 0.000000000 0.000000000
1609059876.636478186 0.000000000 0.000000000
1609059876.661551952 0.000000000 0.000000000
1609059876.712214947 0.000000000 0.000000000
1609059876.712462902 0.000000000 0.000000000
1609059876.735870838 0.000000000 0.000000000
1609059876.736531258 0.000000000 0.000000000
1609059876.760771275 0.000000000 0.000000000
1609059876.761592388 0.000000000 0.000000000
1609059876.785799503 0.000000000 0.000000000
1609059876.786522388 0.000000000 0.000000000
1609059876.810790062 0.000000000 0.000000000
1609059876.811519623 0.000000000 0.000000000
1609059876.836554766 0.000000000 0.000000000
1609059876.885770798 0.000000000 0.000000000
1609059876.886498451 0.000000000 0.000000000
1609059876.910815954 0.000000000 0.000000000
1609059876.911480188 0.000000000 0.000000000
1609059876.936561108 0.000000000 0.000000000
1609059876.960839510 0.000000000 0.000000000
1609059876.985800028 0.000000000 0.000000000
1609059876.986680031 0.000000000 0.000000000
1609059877.011484861 0.000000000 0.000000000
1609059877.060774088 0.000000000 0.000000000
1609059877.061483860 0.000000000 0.000000000
1609059877.085633278 0.000000000 0.000000000
1609059877.086497545 0.000000000 0.000000000
1609059877.111501932 0.000000000 0.000000000
1609059877.135277987 0.000000000 0.000000000
1609059877.160772085 0.000000000 0.000000000
1609059877.161509037 0.000000000 0.000000000
1609059877.186478853 0.000000000 0.000000000
1609059877.235796690 0.000000000 0.000000000
1609059877.236567497 0.000000000 0.000000000
1609059877.260609388 0.000000000 0.000000000
1609059877.261591911 0.000000000 0.000000000
1609059877.285750151 0.000000000 0.000000000
1609059877.286499500 0.000000000 0.000000000
1609059877.310286522 0.000000000 0.000000000
1609059877.335825682 0.000000000 0.000000000
1609059877.336491823 0.000000000 0.000000000
1609059877.361601830 0.000000000 0.000000000
1609059877.410773277 0.000000000 0.000000000
1609059877.411481142 0.000000000 0.000000000
1609059877.435599089 0.000000000 0.000000000
1609059877.436498642 0.000000000 0.000000000
1609059877.461004496 0.000000000 0.000000000
1609059877.485764503 0.000000000 0.000000000
1609059877.510792971 0.000000000 0.000000000
1609059877.511482716 0.000000000 0.000000000
1609059877.538542509 0.000000000 0.000000000
1609059877.585730553 0.000000000 0.000000000
1609059877.586510897 0.000000000 0.000000000
1609059877.610601187 0.000000000 0.000000000
1609059877.636459112 0.000000000 0.000000000
1609059877.660763741 0.000000000 0.000000000
1609059877.685936689 0.000000000 0.000000000
1609059877.686501026 0.000000000 0.000000000
1609059877.711511374 0.000000000 0.000000000
1609059877.760821104 0.000000000 0.000000000
1609059877.761508465 0.000000000 0.000000000
1609059877.785572529 0.000000000 0.000000000
1609059877.811486244 0.000000000 0.000000000
1609059877.835338116 0.000000000 0.000000000
1609059877.836526632 0.000000000 0.000000000
1609059877.860783100 0.000000000 0.000000000
1609059877.861454964 0.000000000 0.000000000
1609059877.886451721 0.000000000 0.000000000
1609059877.935780764 0.000000000 0.000000000
1609059877.936559916 0.000000000 0.000000000
1609059877.960550547 0.000000000 0.000000000
1609059877.961508274 0.000000000 0.000000000
1609059877.986498594 0.000000000 0.000000000
1609059878.061510801 0.000000000 0.000000000
1609059878.110690355 0.000000000 0.000000000
1609059878.135545492 0.000000000 0.000000000
1609059878.136433125 0.000000000 0.000000000
1609059878.161525726 0.000000000 0.000000000
1609059878.210749865 0.000000000 0.000000000
1609059878.211452484 0.000000000 0.000000000
1609059878.236503839 0.000000000 0.000000000
1609059878.285759687 0.000000000 0.000000000
1609059878.286491871 0.000000000 0.000000000
1609059878.310779333 0.000000000 0.000000000
1609059878.311460495 0.000000000 0.000000000
1609059878.336490870 0.000000000 0.000000000
1609059878.360790253 0.000000000 0.000000000
1609059878.361966372 0.000000000 0.000000000
1609059878.385781288 0.000000000 0.000000000
1609059878.386482239 0.000000000 0.000000000
1609059878.411484718 0.000000000 0.000000000
1609059878.485519648 0.000000000 0.000000000
1609059878.486464262 0.000000000 0.000000000
1609059878.512482882 0.000000000 0.000000000
1609059878.535794020 0.000000000 0.000000000
1609059878.560772657 0.000000000 0.000000000
1609059878.561541319 0.000000000 0.000000000
1609059878.586456537 0.000000000 0.000000000
1609059878.635711670 0.000000000 0.000000000
1609059878.636458635 0.000000000 0.000000000
1609059878.660784960 0.000000000 0.000000000
1609059878.661484480 0.000000000 0.000000000
1609059878.686563015 0.000000000 0.000000000
1609059878.710719585 0.000000000 0.000000000
1609059878.711438656 0.000000000 0.000000000
1609059878.735779762 0.000000000 0.000000000
1609059878.736511707 0.000000000 0.000000000
1609059878.761538506 0.000000000 0.000000000
1609059878.810748339 0.000000000 0.000000000
1609059878.811472654 0.000000000 0.000000000
1609059878.835881948 0.000000000 0.000000000
1609059878.836450338 0.000000000 0.000000000
1609059878.861492395 0.000000000 0.000000000
1609059878.885747433 0.000000000 0.000000000
1609059878.910804987 0.000000000 0.000000000
1609059878.911503792 0.000000000 0.000000000
1609059878.935713053 0.000000000 0.000000000
1609059878.936483622 0.000000000 0.000000000
1609059878.985745430 0.000000000 0.000000000
1609059878.986430645 0.000000000 0.000000000
1609059879.010732174 0.000000000 0.000000000
1609059879.011464357 0.000000000 0.000000000
1609059879.036528587 0.000000000 0.000000000
1609059879.060822010 0.000000000 0.000000000
1609059879.061515093 0.000000000 0.000000000
1609059879.085803270 0.000000000 0.000000000
1609059879.086480379 0.000000000 0.000000000
1609059879.111753941 0.000000000 0.000000000
1609059879.160699129 0.000000000 0.000000000
1609059879.161450148 0.000000000 0.000000000
1609059879.185534716 0.000000000 0.000000000
1609059879.186428547 0.000000000 0.000000000
1609059879.235243559 0.000000000 0.000000000
1609059879.236467361 0.000000000 0.000000000
1609059879.260730028 0.000000000 0.000000000
1609059879.261535168 0.000000000 0.000000000
1609059879.335699797 0.000000000 0.000000000
1609059879.336456537 0.000000000 0.000000000
1609059879.360532761 0.000000000 0.000000000
1609059879.362071753 0.000000000 0.000000000
1609059879.386454105 0.000000000 0.000000000
1609059879.435701609 0.000000000 0.000000000
1609059879.436447859 0.000000000 0.000000000
1609059879.461505413 0.000000000 0.000000000
1609059879.511111498 0.000000000 0.000000000
1609059879.511450052 0.000000000 0.000000000
1609059879.535509825 0.000000000 0.000000000
1609059879.536758661 0.000000000 0.000000000
1609059879.561478853 0.000000000 0.000000000
1609059879.611474991 0.000000000 0.000000000
1609059879.685758829 0.000000000 0.000000000
1609059879.686451912 0.000000000 0.000000000
1609059879.710536003 0.000000000 0.000000000
1609059879.711441278 0.000000000 0.000000000
1609059879.736470222 0.000000000 0.000000000
1609059879.760204315 0.000000000 0.000000000
1609059879.785740137 0.000000000 0.000000000
1609059879.786489725 0.000000000 0.000000000
1609059879.860713482 0.000000000 0.000000000
1609059879.861445904 0.000000000 0.000000000
1609059879.885823965 0.000000000 0.000000000
1609059879.886449814 0.000000000 0.000000000
1609059879.911531925 0.000000000 0.000000000
1609059879.961499691 0.000000000 0.000000000
1609059880.035732508 0.000000000 0.000000000
1609059880.036450624 0.000000000 0.000000000
1609059880.060783386 0.000000000 0.000000000
1609059880.061489105 0.000000000 0.000000000
1609059880.086430550 0.000000000 0.000000000
1609059880.110255957 0.000000000 0.000000000
1609059880.135751009 0.000000000 0.000000000
1609059880.136474609 0.000000000 0.000000000
1609059880.210789680 0.000000000 0.000000000
1609059880.211392641 0.000000000 0.000000000
1609059880.235476971 0.000000000 0.000000000
1609059880.236458540 0.000000000 0.000000000
1609059880.260699272 0.000000000 0.000000000
1609059880.261481524 0.000000000 0.000000000
1609059880.310771465 0.000000000 0.000000000
1609059880.336579800 0.000000000 0.000000000
1609059880.385732174 0.000000000 0.000000000
1609059880.386430502 0.000000000 0.000000000
1609059880.410474777 0.000000000 0.000000000
1609059880.411398172 0.000000000 0.000000000
1609059880.460705996 0.000000000 0.000000000
1609059880.485739470 0.000000000 0.000000000
1609059880.486405373 0.000000000 0.000000000
1609059880.560679674 0.000000000 0.000000000
1609059880.585498571 0.000000000 0.000000000
1609059880.612551451 0.000000000 0.000000000
1609059880.635209322 0.000000000 0.000000000
1609059880.636447668 0.000000000 0.000000000
1609059880.660676241 0.000000000 0.000000000
1609059880.661462307 0.000000000 0.000000000
1609059880.686401844 0.000000000 0.000000000
1609059880.736431837 0.000000000 0.000000000
1609059880.760723591 0.000000000 0.000000000
1609059880.761470318 0.000000000 0.000000000
1609059880.786411762 0.000000000 0.000000000
1609059880.810179710 0.000000000 0.000000000
1609059880.835717678 0.000000000 0.000000000
1609059880.836507082 0.000000000 0.000000000
1609059880.861429214 0.000000000 0.000000000
1609059880.910723925 0.000000000 0.000000000
1609059880.911457539 0.000000000 0.000000000
1609059880.935725451 0.000000000 0.000000000
1609059880.936399221 0.000000000 0.000000000
1609059880.961530447 0.000000000 0.000000000
1609059880.985697031 0.000000000 0.000000000
1609059881.011484385 0.000000000 0.000000000
1609059881.085702181 0.000000000 0.000000000
1609059881.086639166 0.000000000 0.000000000
1609059881.110823154 0.000000000 0.000000000
1609059881.111438990 0.000000000 0.000000000
1609059881.136404037 0.000000000 0.000000000
1609059881.186427355 0.000000000 0.000000000
1609059881.211455822 0.000000000 0.000000000
1609059881.260707855 0.000000000 0.000000000
1609059881.261455059 0.000000000 0.000000000
1609059881.285744667 0.000000000 0.000000000
1609059881.286452532 0.000000000 0.000000000
1609059881.311459303 0.000000000 0.000000000
1609059881.335770369 0.000000000 0.000000000
1609059881.361469030 0.000000000 0.000000000
1609059881.386448145 0.000000000 0.000000000
1609059881.435652256 0.000000000 0.000000000
1609059881.436415911 0.000000000 0.000000000
1609059881.460777044 0.000000000 0.000000000
1609059881.461424112 0.000000000 0.000000000
1609059881.486431360 0.000000000 0.000000000
1609059881.510716915 0.000000000 0.000000000
1609059881.535692215 0.000000000 0.000000000
1609059881.536372185 0.000000000 0.000000000
1609059881.560943127 0.000000000 0.000000000
1609059881.610693216 0.000000000 0.000000000
1609059881.611439228 0.000000000 0.000000000
1609059881.635508060 0.000000000 0.000000000
1609059881.636420965 0.000000000 0.000000000
1609059881.661461115 0.000000000 0.000000000
1609059881.685695171 0.000000000 0.000000000
1609059881.710764408 0.000000000 0.000000000
1609059881.711426020 0.000000000 0.000000000
1609059881.735976458 0.000000000 0.000000000
1609059881.785699368 0.000000000 0.000000000
1609059881.786403179 0.000000000 0.000000000
1609059881.810809135 0.000000000 0.000000000
1609059881.811482430 0.000000000 0.000000000
1609059881.836466551 0.000000000 0.000000000
1609059881.860752344 0.000000000 0.000000000
1609059881.885700941 0.000000000 0.000000000
1609059881.886398315 0.000000000 0.000000000
1609059881.911467075 0.000000000 0.000000000
1609059881.960637569 0.000000000 0.000000000
1609059881.961420536 0.000000000 0.000000000
1609059881.985447884 0.000000000 0.000000000
1609059881.986386299 0.000000000 0.000000000
1609059882.011468887 0.000000000 0.000000000
1609059882.035746574 0.000000000 0.000000000
1609059882.060653210 0.000000000 0.000000000
1609059882.061362028 0.000000000 0.000000000
1609059882.085636139 0.000000000 0.000000000
1609059882.086470604 0.000000000 0.000000000
1609059882.135635376 0.000000000 0.000000000
1609059882.136365175 0.000000000 0.000000000
1609059882.160679817 0.000000000 0.000000000
1609059882.161485434 0.000000000 0.000000000
1609059882.186392784 0.000000000 0.000000000
1609059882.210734129 0.000000000 0.000000000
1609059882.235673189 0.000000000 0.000000000
1609059882.236363888 0.000000000 0.000000000
1609059882.261430502 0.000000000 0.000000000
1609059882.310649633 0.000000000 0.000000000
1609059882.311440706 0.000000000 0.000000000
1609059882.335659504 0.000000000 0.000000000
1609059882.336409807 0.000000000 0.000000000
1609059882.361485958 0.000000000 0.000000000
1609059882.385174274 0.000000000 0.000000000
1609059882.410641193 0.000000000 0.000000000
1609059882.411371469 0.000000000 0.000000000
1609059882.436364412 0.000000000 0.000000000
1609059882.485680580 0.000000000 0.000000000
1609059882.486406565 0.000000000 0.000000000
1609059882.510663509 0.000000000 0.000000000
1609059882.511375427 0.000000000 0.000000000
1609059882.536380291 0.000000000 0.000000000
1609059882.560217381 0.000000000 0.000000000
1609059882.585676432 0.000000000 0.000000000
1609059882.586385965 0.000000000 0.000000000
1609059882.660631180 0.000000000 0.000000000
1609059882.661464453 0.000000000 0.000000000
1609059882.685712576 0.000000000 0.000000000
1609059882.686350346 0.000000000 0.000000000
1609059882.712002516 0.000000000 0.000000000
1609059882.735801220 0.000000000 0.000000000
1609059882.760731697 0.000000000 0.000000000
1609059882.761486053 0.000000000 0.000000000
1609059882.786503315 0.000000000 0.000000000
1609059882.835705757 0.000000000 0.000000000
1609059882.836370230 0.000000000 0.000000000
1609059882.860697269 0.000000000 0.000000000
1609059882.861430168 0.000000000 0.000000000
1609059882.886394978 0.000000000 0.000000000
1609059882.910665751 0.000000000 0.000000000
1609059882.936367035 0.000000000 0.000000000
1609059882.936567068 0.000000000 0.000000000
1609059883.010645866 0.000000000 0.000000000
1609059883.011352777 0.000000000 0.000000000
1609059883.035800457 0.000000000 0.000000000
1609059883.036414385 0.000000000 0.000000000
1609059883.061410189 0.000000000 0.000000000
1609059883.085735559 0.000000000 0.000000000
1609059883.111409426 0.000000000 0.000000000
1609059883.185650826 0.000000000 0.000000000
1609059883.186398745 0.000000000 0.000000000
1609059883.210453272 0.000000000 0.000000000
1609059883.211405039 0.000000000 0.000000000
1609059883.235655785 0.000000000 0.000000000
1609059883.236419916 0.000000000 0.000000000
1609059883.260749102 0.000000000 0.000000000
1609059883.285660744 0.000000000 0.000000000
1609059883.286363602 0.000000000 0.000000000
1609059883.311356306 0.000000000 0.000000000
1609059883.360653400 0.000000000 0.000000000
1609059883.361211300 0.000000000 0.000000000
1609059883.385722399 0.000000000 0.000000000
1609059883.386365891 0.000000000 0.000000000
1609059883.411360502 0.000000000 0.000000000
1609059883.435727358 0.000000000 0.000000000
1609059883.486405611 0.000000000 0.000000000
1609059883.535679102 0.000000000 0.000000000
1609059883.536146879 0.000000000 0.000000000
1609059883.560744047 0.000000000 0.000000000
1609059883.561455011 0.000000000 0.000000000
1609059883.586368084 0.000000000 0.000000000
1609059883.610737324 0.000000000 0.000000000
1609059883.635678291 0.000000000 0.000000000
1609059883.636341572 0.000000000 0.000000000
1609059883.661400557 0.000000000 0.000000000
1609059883.710690260 0.000000000 0.000000000
1609059883.711368084 0.000000000 0.000000000
1609059883.736394882 0.000000000 0.000000000
1609059883.761431217 0.000000000 0.000000000
1609059883.810705423 0.000000000 0.000000000
1609059883.811419249 0.000000000 0.000000000
1609059883.836451769 0.000000000 0.000000000
1609059883.885720968 0.000000000 0.000000000
1609059883.886448145 0.000000000 0.000000000
1609059883.910457373 0.000000000 0.000000000
1609059883.911415577 0.000000000 0.000000000
1609059883.936412573 0.000000000 0.000000000
1609059883.960685968 0.000000000 0.000000000
1609059883.985707998 0.000000000 0.000000000
1609059883.986348152 0.000000000 0.000000000
1609059884.011410236 0.000000000 0.000000000
1609059884.060688972 0.000000000 0.000000000
1609059884.061464548 0.000000000 0.000000000
1609059884.085713863 0.000000000 0.000000000
1609059884.086402893 0.000000000 0.000000000
1609059884.111327410 0.000000000 0.000000000
1609059884.135708094 0.000000000 0.000000000
1609059884.160632133 0.000000000 0.000000000
1609059884.161758423 0.000000000 0.000000000
1609059884.186447620 0.000000000 0.000000000
1609059884.235741854 0.000000000 0.000000000
1609059884.236467600 0.000000000 0.000000000
1609059884.260699272 0.000000000 0.000000000
1609059884.261445522 0.000000000 0.000000000
1609059884.286365986 0.000000000 0.000000000
1609059884.320953608 0.000000000 0.000000000
1609059884.335654736 0.000000000 0.000000000
1609059884.336373091 0.000000000 0.000000000
1609059884.410617828 0.000000000 0.000000000
1609059884.411195755 0.000000000 0.000000000
1609059884.435608864 0.000000000 0.000000000
1609059884.436334133 0.000000000 0.000000000
1609059884.461412668 0.000000000 0.000000000
1609059884.485718966 0.000000000 0.000000000
1609059884.510688782 0.000000000 0.000000000
1609059884.511385679 0.000000000 0.000000000
1609059884.535914183 0.000000000 0.000000000
1609059884.585621119 0.000000000 0.000000000
1609059884.586242676 0.000000000 0.000000000
1609059884.610730171 0.000000000 0.000000000
1609059884.611387014 0.000000000 0.000000000
1609059884.636393547 0.000000000 0.000000000
1609059884.660753250 0.000000000 0.000000000
1609059884.685665846 0.000000000 0.000000000
1609059884.686377525 0.000000000 0.000000000
1609059884.710924387 0.000000000 0.000000000
1609059884.760637045 0.000000000 0.000000000
1609059884.761427641 0.000000000 0.000000000
1609059884.785737753 0.000000000 0.000000000
1609059884.786428690 0.000000000 0.000000000
1609059884.811414003 0.000000000 0.000000000
1609059884.835729122 0.000000000 0.000000000
1609059884.861217737 0.000000000 0.000000000
1609059884.861580610 0.000000000 0.000000000
1609059884.886368752 0.000000000 0.000000000
1609059884.935652018 0.000000000 0.000000000
1609059884.936362028 0.000000000 0.000000000
1609059884.960789204 0.000000000 0.000000000
1609059884.961411476 0.000000000 0.000000000
1609059884.986366510 0.000000000 0.000000000
1609059885.010198832 0.000000000 0.000000000
1609059885.035647869 0.000000000 0.000000000
1609059885.036380529 0.000000000 0.000000000
1609059885.061401844 0.000000000 0.000000000
1609059885.135715246 0.000000000 0.000000000
1609059885.136344910 0.000000000 0.000000000
1609059885.161480665 0.000000000 0.000000000
1609059885.185697079 0.000000000 0.000000000
1609059885.210678339 0.000000000 0.000000000
1609059885.211376905 0.000000000 0.000000000
1609059885.236362934 0.000000000 0.000000000
1609059885.285723448 0.000000000 0.000000000
1609059885.286332607 0.000000000 0.000000000
1609059885.310713053 0.000000000 0.000000000
1609059885.311393023 0.000000000 0.000000000
1609059885.336396456 0.000000000 0.000000000
1609059885.360683441 0.000000000 0.000000000
1609059885.385615587 0.000000000 0.000000000
1609059885.386324406 0.000000000 0.000000000
1609059885.411323309 0.000000000 0.000000000
1609059885.460641146 0.000000000 0.000000000
1609059885.485763311 0.000000000 0.000000000
1609059885.486758232 0.000000000 0.000000000
1609059885.511379242 0.000000000 0.000000000
1609059885.535726786 0.000000000 0.000000000
1609059885.560651064 0.000000000 0.000000000
1609059885.561359644 0.000000000 0.000000000
1609059885.586354256 0.000000000 0.000000000
1609059885.635563850 0.000000000 0.000000000
1609059885.636101961 0.000000000 0.000000000
1609059885.660711288 0.000000000 0.000000000
1609059885.661377192 0.000000000 0.000000000
1609059885.686311722 0.000000000 0.000000000
1609059885.712214708 0.000000000 0.000000000
1609059885.735592604 0.000000000 0.000000000
1609059885.736380100 0.000000000 0.000000000
1609059885.761471033 0.000000000 0.000000000
1609059885.810703754 0.000000000 0.000000000
1609059885.811114788 0.000000000 0.000000000
1609059885.835662842 0.000000000 0.000000000
1609059885.836335897 0.000000000 0.000000000
1609059885.860622883 0.000000000 0.000000000
1609059885.861339808 0.000000000 0.000000000
1609059885.885629654 0.000000000 0.000000000
1609059885.910596848 0.000000000 0.000000000
1609059885.911335707 0.000000000 0.000000000
1609059885.985646963 0.000000000 0.000000000
1609059885.986121416 0.000000000 0.000000000
1609059886.010704756 0.000000000 0.000000000
1609059886.011336565 0.000000000 0.000000000
1609059886.036332846 0.000000000 0.000000000
1609059886.060639620 0.000000000 0.000000000
1609059886.085668802 0.000000000 0.000000000
1609059886.086368799 0.000000000 0.000000000
1609059886.160626888 0.000000000 0.000000000
1609059886.161360979 0.000000000 0.000000000
1609059886.185706615 0.000000000 0.000000000
1609059886.186317205 0.000000000 0.000000000
1609059886.211320639 0.000000000 0.000000000
1609059886.235685825 0.000000000 0.000000000
1609059886.260605335 0.000000000 0.000000000
1609059886.261348486 0.000000000 0.000000000
1609059886.335677147 0.000000000 0.000000000
1609059886.360404015 0.000000000 0.000000000
1609059886.361362457 0.000000000 0.000000000
1609059886.386393070 0.000000000 0.000000000
1609059886.410646200 0.000000000 0.000000000
1609059886.435627699 0.000000000 0.000000000
1609059886.436329603 0.000000000 0.000000000
1609059886.461452484 0.000000000 0.000000000
1609059886.510650635 0.000000000 0.000000000
1609059886.535674810 0.000000000 0.000000000
1609059886.536297798 0.000000000 0.000000000
1609059886.561365128 0.000000000 0.000000000
1609059886.585622311 0.000000000 0.000000000
1609059886.610646725 0.000000000 0.000000000
1609059886.611304283 0.000000000 0.000000000
1609059886.685587645 0.000000000 0.000000000
1609059886.686321735 0.000000000 0.000000000
1609059886.710676670 0.000000000 0.000000000
1609059886.711297989 0.000000000 0.000000000
1609059886.736302853 0.000000000 0.000000000
1609059886.760648251 0.000000000 0.000000000
1609059886.785579205 0.000000000 0.000000000
1609059886.786323309 0.000000000 0.000000000
1609059886.860594511 0.000000000 0.000000000
1609059886.861390114 0.000000000 0.000000000
1609059886.885608912 0.000000000 0.000000000
1609059886.886319160 0.000000000 0.000000000
1609059886.935664177 0.000000000 0.000000000
1609059886.960597515 0.000000000 0.000000000
1609059886.961354733 0.000000000 0.000000000
1609059886.986374617 0.000000000 0.000000000
1609059887.035672903 0.000000000 0.000000000
1609059887.036203384 0.000000000 0.000000000
1609059887.060471296 0.000000000 0.000000000
1609059887.061409712 0.000000000 0.000000000
1609059887.086307287 0.000000000 0.000000000
1609059887.110642672 0.000000000 0.000000000
1609059887.135598183 0.000000000 0.000000000
1609059887.136318922 0.000000000 0.000000000
1609059887.161476851 0.000000000 0.000000000
1609059887.235654354 0.000000000 0.000000000
1609059887.236291647 0.000000000 0.000000000
1609059887.261377335 0.000000000 0.000000000
1609059887.285680056 0.000000000 0.000000000
1609059887.310581446 0.000000000 0.000000000
1609059887.311286688 0.000000000 0.000000000
1609059887.336379766 0.000000000 0.000000000
1609059887.385645628 0.000000000 0.000000000
1609059887.386276960 0.000000000 0.000000000
1609059887.410647869 0.000000000 0.000000000
1609059887.411311150 0.000000000 0.000000000
1609059887.436336994 0.000000000 0.000000000
1609059887.460597277 0.000000000 0.000000000
1609059887.485547781 0.000000000 0.000000000
1609059887.486319780 0.000000000 0.000000000
1609059887.511330128 0.000000000 0.000000000
1609059887.585411549 0.000000000 0.000000000
1609059887.586366415 0.000000000 0.000000000
1609059887.611295223 0.000000000 0.000000000
1609059887.635574818 0.000000000 0.000000000
1609059887.660586834 0.000000000 0.000000000
1609059887.661284685 0.000000000 0.000000000
1609059887.686366081 0.000000000 0.000000000
1609059887.735572577 0.000000000 0.000000000
1609059887.736523151 0.000000000 0.000000000
1609059887.760372877 0.000000000 0.000000000
1609059887.761355400 0.000000000 0.000000000
1609059887.785575151 0.000000000 0.000000000
1609059887.786484003 0.000000000 0.000000000
1609059887.810627937 0.000000000 0.000000000
1609059887.835606813 0.000000000 0.000000000
1609059887.836326838 0.000000000 0.000000000
1609059887.910576105 0.000000000 0.000000000
1609059887.935381413 0.000000000 0.000000000
1609059887.936305523 0.000000000 0.000000000
1609059887.961348534 0.000000000 0.000000000
1609059887.985642672 0.000000000 0.000000000
1609059888.010590076 0.000000000 0.000000000
1609059888.011290312 0.000000000 0.000000000
1609059888.085604191 0.000000000 0.000000000
1609059888.086299419 0.000000000 0.000000000
1609059888.110364676 0.000000000 0.000000000
1609059888.111303568 0.000000000 0.000000000
1609059888.136275530 0.000000000 0.000000000
1609059888.160633564 0.000000000 0.000000000
1609059888.185635328 0.000000000 0.000000000
1609059888.186287165 0.000000000 0.000000000
1609059888.260620117 0.000000000 0.000000000
1609059888.261360407 0.000000000 0.000000000
1609059888.285366297 0.000000000 0.000000000
1609059888.286296368 0.000000000 0.000000000
1609059888.311301947 0.000000000 0.000000000
1609059888.335598707 0.000000000 0.000000000
1609059888.360563040 0.000000000 0.000000000
1609059888.361312389 0.000000000 0.000000000
1609059888.435655117 0.000000000 0.000000000
1609059888.436385632 0.000000000 0.000000000
1609059888.460349321 0.000000000 0.000000000
1609059888.461351633 0.000000000 0.000000000
1609059888.486274958 0.000000000 0.000000000
1609059888.510566950 0.000000000 0.000000000
1609059888.535613775 0.000000000 0.000000000
1609059888.536309958 0.000000000 0.000000000
1609059888.561420202 0.000000000 0.000000000
1609059888.610609531 0.000000000 0.000000000
1609059888.635698318 0.000000000 0.000000000
1609059888.636322260 0.000000000 0.000000000
1609059888.661323309 0.000000000 0.000000000
1609059888.685546875 0.000000000 0.000000000
1609059888.710638285 0.000000000 0.000000000
1609059888.711341858 0.000000000 0.000000000
1609059888.785598755 0.000000000 0.000000000
1609059888.810429335 0.000000000 0.000000000
1609059888.811327457 0.000000000 0.000000000
1609059888.836443663 0.000000000 0.000000000
1609059888.860582829 0.000000000 0.000000000
1609059888.885547876 0.000000000 0.000000000
1609059888.886241913 0.000000000 0.000000000
1609059888.911364317 0.000000000 0.000000000
1609059888.960525990 0.000000000 0.000000000
1609059888.961425066 0.000000000 0.000000000
1609059888.985635996 0.000000000 0.000000000
1609059888.986279726 0.000000000 0.000000000
1609059889.011336565 0.000000000 0.000000000
1609059889.035719872 0.000000000 0.000000000
1609059889.060563087 0.000000000 0.000000000
1609059889.061315536 0.000000000 0.000000000
1609059889.135652781 0.000000000 0.000000000
1609059889.136353254 0.000000000 0.000000000
1609059889.160654783 0.000000000 0.000000000
1609059889.161349535 0.000000000 0.000000000
1609059889.186261892 0.000000000 0.000000000
1609059889.210642099 0.000000000 0.000000000
1609059889.235599041 0.000000000 0.000000000
1609059889.236299515 0.000000000 0.000000000
1609059889.260555983 0.000000000 0.000000000
1609059889.310608625 0.000000000 0.000000000
1609059889.311323643 0.000000000 0.000000000
1609059889.335697651 0.000000000 0.000000000
1609059889.336279869 0.000000000 0.000000000
1609059889.361383438 0.000000000 0.000000000
1609059889.385631800 0.000000000 0.000000000
1609059889.410608768 0.000000000 0.000000000
1609059889.411291599 0.000000000 0.000000000
1609059889.436342478 0.000000000 0.000000000
1609059889.485545635 0.000000000 0.000000000
1609059889.486315966 0.000000000 0.000000000
1609059889.510334492 0.000000000 0.000000000
1609059889.511361122 0.000000000 0.000000000
1609059889.538449287 0.000000000 0.000000000
1609059889.560679674 0.000000000 0.000000000
1609059889.585596085 0.000000000 0.000000000
1609059889.586298227 0.000000000 0.000000000
1609059889.611400843 0.000000000 0.000000000
1609059889.660526752 0.000000000 0.000000000
1609059889.661304474 0.000000000 0.000000000
1609059889.685619593 0.000000000 0.000000000
1609059889.686268330 0.000000000 0.000000000
1609059889.710558653 0.000000000 0.000000000
1609059889.711221695 0.000000000 0.000000000
1609059889.735601664 0.000000000 0.000000000
1609059889.760530472 0.000000000 0.000000000
1609059889.761322498 0.000000000 0.000000000
1609059889.786303520 0.000000000 0.000000000
1609059889.835638046 0.000000000 0.000000000
1609059889.860609770 0.000000000 0.000000000
1609059889.861266136 0.000000000 0.000000000
1609059889.886249065 0.000000000 0.000000000
1609059889.910585642 0.000000000 0.000000000
1609059889.935572863 0.000000000 0.000000000
1609059889.936244011 0.000000000 0.000000000
1609059890.010504246 0.000000000 0.000000000
1609059890.011313915 0.000000000 0.000000000
1609059890.035367966 0.000000000 0.000000000
1609059890.036262274 0.000000000 0.000000000
1609059890.060516119 0.000000000 0.000000000
1609059890.061317682 0.000000000 0.000000000
1609059890.085600853 0.000000000 0.000000000
1609059890.110516071 0.000000000 0.000000000
1609059890.111307859 0.000000000 0.000000000
1609059890.136298895 0.000000000 0.000000000
1609059890.185524225 0.000000000 0.000000000
1609059890.186340332 0.000000000 0.000000000
1609059890.210401297 0.000000000 0.000000000
1609059890.214342833 0.000000000 0.000000000
1609059890.236264706 0.000000000 0.000000000
1609059890.260649681 0.000000000 0.000000000
1609059890.285529613 0.000000000 0.000000000
1609059890.286373377 0.000000000 0.000000000
1609059890.360548019 0.000000000 0.000000000
1609059890.385358334 0.000000000 0.000000000
1609059890.386231422 0.000000000 0.000000000
1609059890.411287069 0.000000000 0.000000000
1609059890.435542345 0.000000000 0.000000000
1609059890.460575819 0.000000000 0.000000000
1609059890.461237907 0.000000000 0.000000000
1609059890.535519838 0.000000000 0.000000000
1609059890.536327839 0.000000000 0.000000000
1609059890.560571909 0.000000000 0.000000000
1609059890.561279297 0.000000000 0.000000000
1609059890.586249590 0.000000000 0.000000000
1609059890.610527039 0.000000000 0.000000000
1609059890.635545731 0.000000000 0.000000000
1609059890.636229515 0.000000000 0.000000000
1609059890.661263227 0.000000000 0.000000000
1609059890.710591555 0.000000000 0.000000000
1609059890.711320639 0.000000000 0.000000000
1609059890.735732794 0.000000000 0.000000000
1609059890.736558437 0.000000000 0.000000000
1609059890.761345387 0.000000000 0.000000000
1609059890.785625696 0.000000000 0.000000000
1609059890.812727451 0.000000000 0.000000000
1609059890.813055754 0.000000000 0.000000000
1609059890.836315632 0.000000000 0.000000000
1609059890.885515451 0.000000000 0.000000000
1609059890.886300802 0.000000000 0.000000000
1609059890.910621166 0.000000000 0.000000000
1609059890.911267996 0.000000000 0.000000000
1609059890.936285019 0.000000000 0.000000000
1609059890.960617781 0.000000000 0.000000000
1609059890.985595703 0.000000000 0.000000000
1609059890.986225843 0.000000000 0.000000000
1609059891.010519505 0.000000000 0.000000000
1609059891.060546637 0.000000000 0.000000000
1609059891.061367273 0.000000000 0.000000000
1609059891.085648060 0.000000000 0.000000000
1609059891.086303234 0.000000000 0.000000000
1609059891.111243248 0.000000000 0.000000000
1609059891.135652304 0.000000000 0.000000000
1609059891.160516262 0.000000000 0.000000000
1609059891.161277056 0.000000000 0.000000000
1609059891.235534430 0.000000000 0.000000000
1609059891.236323595 0.000000000 0.000000000
1609059891.260592461 0.000000000 0.000000000
1609059891.261317968 0.000000000 0.000000000
1609059891.286282778 0.000000000 0.000000000
1609059891.310545444 0.000000000 0.000000000
1609059891.335497379 0.000000000 0.000000000
1609059891.336241007 0.000000000 0.000000000
1609059891.361256361 0.000000000 0.000000000
1609059891.410544872 0.000000000 0.000000000
1609059891.411244631 0.000000000 0.000000000
1609059891.435630083 0.000000000 0.000000000
1609059891.436229944 0.000000000 0.000000000
1609059891.461287022 0.000000000 0.000000000
1609059891.485611200 0.000000000 0.000000000
1609059891.510573149 0.000000000 0.000000000
1609059891.511230230 0.000000000 0.000000000
1609059891.536251783 0.000000000 0.000000000
1609059891.585565329 0.000000000 0.000000000
1609059891.586336136 0.000000000 0.000000000
1609059891.610603333 0.000000000 0.000000000
1609059891.611298084 0.000000000 0.000000000
1609059891.636273861 0.000000000 0.000000000
1609059891.660547733 0.000000000 0.000000000
1609059891.685493708 0.000000000 0.000000000
1609059891.686209679 0.000000000 0.000000000
1609059891.710510492 0.000000000 0.000000000
1609059891.711303949 0.000000000 0.000000000
1609059891.760633469 0.000000000 0.000000000
1609059891.761351824 0.000000000 0.000000000
1609059891.785335302 0.000000000 0.000000000
1609059891.786239862 0.000000000 0.000000000
1609059891.811216831 0.000000000 0.000000000
1609059891.835486412 0.000000000 0.000000000
1609059891.860499859 0.000000000 0.000000000
1609059891.861220121 0.000000000 0.000000000
1609059891.885490417 0.000000000 0.000000000
1609059891.935652256 0.000000000 0.000000000
1609059891.936377048 0.000000000 0.000000000
1609059891.960645199 0.000000000 0.000000000
1609059891.961352110 0.000000000 0.000000000
1609059891.986265421 0.000000000 0.000000000
1609059892.010626316 0.000000000 0.000000000
1609059892.035545588 0.000000000 0.000000000
1609059892.036220312 0.000000000 0.000000000
1609059892.061252356 0.000000000 0.000000000
1609059892.110508680 0.000000000 0.000000000
1609059892.111285686 0.000000000 0.000000000
1609059892.135609865 0.000000000 0.000000000
1609059892.136244774 0.000000000 0.000000000
1609059892.161283493 0.000000000 0.000000000
1609059892.185543299 0.000000000 0.000000000
1609059892.210494041 0.000000000 0.000000000
1609059892.211226225 0.000000000 0.000000000
1609059892.236276865 0.000000000 0.000000000
1609059892.285542011 0.000000000 0.000000000
1609059892.286265135 0.000000000 0.000000000
1609059892.310344934 0.000000000 0.000000000
1609059892.311227083 0.000000000 0.000000000
1609059892.336315632 0.000000000 0.000000000
1609059892.360482454 0.000000000 0.000000000
1609059892.385540247 0.000000000 0.000000000
1609059892.386198282 0.000000000 0.000000000
1609059892.410748720 0.000000000 0.000000000
1609059892.460484505 0.000000000 0.000000000
1609059892.461285114 0.000000000 0.000000000
1609059892.485559702 0.000000000 0.000000000
1609059892.486243248 0.000000000 0.000000000
1609059892.510493517 0.000000000 0.000000000
1609059892.511229038 0.000000000 0.000000000
1609059892.535515070 0.000000000 0.000000000
1609059892.561029673 0.000000000 0.000000000
1609059892.561320305 0.000000000 0.000000000
1609059892.585470915 0.000000000 0.000000000
1609059892.635532379 0.000000000 0.000000000
1609059892.636247396 0.000000000 0.000000000
1609059892.660606384 0.000000000 0.000000000
1609059892.661187649 0.000000000 0.000000000
1609059892.686225653 0.000000000 0.000000000
1609059892.710525274 0.000000000 0.000000000
1609059892.735488415 0.000000000 0.000000000
1609059892.736202717 0.000000000 0.000000000
1609059892.761342525 0.000000000 0.000000000
1609059892.810492516 0.000000000 0.000000000
1609059892.811325073 0.000000000 0.000000000
1609059892.835616827 0.000000000 0.000000000
1609059892.836234570 0.000000000 0.000000000
1609059892.861194611 0.000000000 0.000000000
1609059892.885486841 0.000000000 0.000000000
1609059892.910486460 0.000000000 0.000000000
1609059892.911188364 0.000000000 0.000000000
1609059892.935460806 0.000000000 0.000000000
1609059892.936253309 0.000000000 0.000000000
1609059892.985524654 0.000000000 0.000000000
1609059892.985985994 0.000000000 0.000000000
1609059893.010280848 0.000000000 0.000000000
1609059893.011250973 0.000000000 0.000000000
1609059893.036177874 0.000000000 0.000000000
1609059893.060434341 0.000000000 0.000000000
1609059893.085486412 0.000000000 0.000000000
1609059893.086176634 0.000000000 0.000000000
1609059893.110467196 0.000000000 0.000000000
1609059893.160565853 0.000000000 0.000000000
1609059893.161042690 0.000000000 0.000000000
1609059893.185336113 0.000000000 0.000000000
1609059893.186178446 0.000000000 0.000000000
1609059893.210470200 0.000000000 0.000000000
1609059893.211200714 0.000000000 0.000000000
1609059893.235525370 0.000000000 0.000000000
1609059893.260517120 0.000000000 0.000000000
1609059893.261255741 0.000000000 0.000000000
1609059893.285461187 0.000000000 0.000000000
1609059893.286271811 0.000000000 0.000000000
1609059893.335540295 0.000000000 0.000000000
1609059893.336239576 0.000000000 0.000000000
1609059893.360603809 0.000000000 0.000000000
1609059893.361297607 0.000000000 0.000000000
1609059893.386206627 0.000000000 0.000000000
1609059893.410476923 0.000000000 0.000000000
1609059893.435484171 0.000000000 0.000000000
1609059893.436165333 0.000000000 0.000000000
1609059893.461309433 0.000000000 0.000000000
1609059893.511774778 0.000000000 0.000000000
1609059893.512019873 0.000000000 0.000000000
1609059893.535618067 0.000000000 0.000000000
1609059893.536253452 0.000000000 0.000000000
1609059893.560524702 0.000000000 0.000000000
1609059893.561264992 0.000000000 0.000000000
1609059893.585528851 0.000000000 0.000000000
1609059893.610438585 0.000000000 0.000000000
1609059893.611183643 0.000000000 0.000000000
1609059893.636301517 0.000000000 0.000000000
1609059893.685507536 0.000000000 0.000000000
1609059893.710520506 0.000000000 0.000000000
1609059893.711210489 0.000000000 0.000000000
1609059893.736313820 0.000000000 0.000000000
1609059893.760569811 0.000000000 0.000000000
1609059893.785480499 0.000000000 0.000000000
1609059893.786214590 0.000000000 0.000000000
1609059893.860514641 0.000000000 0.000000000
1609059893.861014843 0.000000000 0.000000000
1609059893.885605812 0.000000000 0.000000000
1609059893.886204004 0.000000000 0.000000000
1609059893.910538197 0.000000000 0.000000000
1609059893.911272287 0.000000000 0.000000000
1609059893.935466766 0.000000000 0.000000000
1609059893.960648775 0.000000000 0.000000000
1609059893.961252213 0.000000000 0.000000000
1609059893.985520840 0.000000000 0.000000000
1609059893.986211300 0.000000000 0.000000000
1609059894.035536051 0.000000000 0.000000000
1609059894.036526918 0.000000000 0.000000000
1609059894.060579062 0.000000000 0.000000000
1609059894.061214924 0.000000000 0.000000000
1609059894.086199522 0.000000000 0.000000000
1609059894.135393143 0.000000000 0.000000000
1609059894.136186361 0.000000000 0.000000000
1609059894.160421610 0.000000000 0.000000000
1609059894.160720348 0.000000000 0.000000000
1609059894.210471630 0.000000000 0.000000000
1609059894.211233139 0.000000000 0.000000000
1609059894.235549212 0.000000000 0.000000000
1609059894.236169577 0.000000000 0.000000000
1609059894.261247158 0.000000000 0.000000000
1609059894.285468102 0.000000000 0.000000000
1609059894.310475349 0.000000000 0.000000000
1609059894.311194420 0.000000000 0.000000000
1609059894.336189032 0.000000000 0.000000000
1609059894.385426521 0.000000000 0.000000000
1609059894.386254311 0.000000000 0.000000000
1609059894.410258293 0.000000000 0.000000000
1609059894.411174059 0.000000000 0.000000000
1609059894.436201334 0.000000000 0.000000000
1609059894.460467339 0.000000000 0.000000000
1609059894.485524654 0.000000000 0.000000000
1609059894.486196280 0.000000000 0.000000000
1609059894.510742664 0.000000000 0.000000000
1609059894.560509682 0.000000000 0.000000000
1609059894.561223507 0.000000000 0.000000000
1609059894.585544109 0.000000000 0.000000000
1609059894.586189747 0.000000000 0.000000000
1609059894.611175060 0.000000000 0.000000000
1609059894.635474682 0.000000000 0.000000000
1609059894.660461187 0.000000000 0.000000000
1609059894.661186695 0.000000000 0.000000000
1609059894.686393976 0.000000000 0.000000000
1609059894.735425949 0.000000000 0.000000000
1609059894.736132860 0.000000000 0.000000000
1609059894.760536909 0.000000000 0.000000000
1609059894.761275530 0.000000000 0.000000000
1609059894.786198854 0.000000000 0.000000000
1609059894.810416937 0.000000000 0.000000000
1609059894.835426092 0.000000000 0.000000000
1609059894.836147547 0.000000000 0.000000000
1609059894.910426140 0.000000000 0.000000000
1609059894.911149025 0.000000000 0.000000000
1609059894.935555696 0.000000000 0.000000000
1609059894.936188459 0.000000000 0.000000000
1609059894.961241007 0.000000000 0.000000000
1609059894.985462427 0.000000000 0.000000000
1609059895.010435581 0.000000000 0.000000000
1609059895.011143684 0.000000000 0.000000000
1609059895.036954403 0.000000000 0.000000000
1609059895.085503578 0.000000000 0.000000000
1609059895.085956573 0.000000000 0.000000000
1609059895.110501289 0.000000000 0.000000000
1609059895.111179829 0.000000000 0.000000000
1609059895.136149883 0.000000000 0.000000000
1609059895.160492182 0.000000000 0.000000000
1609059895.185469151 0.000000000 0.000000000
1609059895.186167717 0.000000000 0.000000000
1609059895.211233616 0.000000000 0.000000000
1609059895.260448456 0.000000000 0.000000000
1609059895.261008263 0.000000000 0.000000000
1609059895.285543203 0.000000000 0.000000000
1609059895.286190748 0.000000000 0.000000000
1609059895.311159372 0.000000000 0.000000000
1609059895.335475445 0.000000000 0.000000000
1609059895.360488892 0.000000000 0.000000000
1609059895.361226797 0.000000000 0.000000000
1609059895.435490370 0.000000000 0.000000000
1609059895.436202526 0.000000000 0.000000000
1609059895.460495710 0.000000000 0.000000000
1609059895.461156130 0.000000000 0.000000000
1609059895.486182451 0.000000000 0.000000000
1609059895.510462284 0.000000000 0.000000000
1609059895.535444975 0.000000000 0.000000000
1609059895.536133289 0.000000000 0.000000000
1609059895.610429764 0.000000000 0.000000000
1609059895.635472059 0.000000000 0.000000000
1609059895.636121750 0.000000000 0.000000000
1609059895.661183119 0.000000000 0.000000000
1609059895.685439825 0.000000000 0.000000000
1609059895.710419655 0.000000000 0.000000000
1609059895.711192131 0.000000000 0.000000000
1609059895.785433054 0.000000000 0.000000000
1609059895.785917521 0.000000000 0.000000000
1609059895.810234785 0.000000000 0.000000000
1609059895.811209679 0.000000000 0.000000000
1609059895.836152792 0.000000000 0.000000000
1609059895.860460758 0.000000000 0.000000000
1609059895.885420561 0.000000000 0.000000000
1609059895.886136293 0.000000000 0.000000000
1609059895.960443020 0.000000000 0.000000000
1609059895.961297750 0.000000000 0.000000000
1609059895.985247135 0.000000000 0.000000000
1609059895.986122608 0.000000000 0.000000000
1609059896.011120319 0.000000000 0.000000000
1609059896.035418749 0.000000000 0.000000000
1609059896.060432673 0.000000000 0.000000000
1609059896.061156988 0.000000000 0.000000000
1609059896.136464834 0.000000000 0.000000000
1609059896.136684656 0.000000000 0.000000000
1609059896.160241604 0.000000000 0.000000000
1609059896.161219358 0.000000000 0.000000000
1609059896.186142206 0.000000000 0.000000000
1609059896.210467815 0.000000000 0.000000000
1609059896.235435963 0.000000000 0.000000000
1609059896.236194849 0.000000000 0.000000000
1609059896.261250496 0.000000000 0.000000000
1609059896.310469866 0.000000000 0.000000000
1609059896.335521936 0.000000000 0.000000000
1609059896.336206675 0.000000000 0.000000000
1609059896.361217260 0.000000000 0.000000000
1609059896.385499001 0.000000000 0.000000000
1609059896.410467863 0.000000000 0.000000000
1609059896.411152363 0.000000000 0.000000000
1609059896.435442209 0.000000000 0.000000000
1609059896.436205149 0.000000000 0.000000000
1609059896.485468626 0.000000000 0.000000000
1609059896.485928059 0.000000000 0.000000000
1609059896.510589838 0.000000000 0.000000000
1609059896.510933161 0.000000000 0.000000000
1609059896.536172152 0.000000000 0.000000000
1609059896.560482502 0.000000000 0.000000000
1609059896.585438013 0.000000000 0.000000000
1609059896.586107492 0.000000000 0.000000000
1609059896.660426378 0.000000000 0.000000000
1609059896.661139488 0.000000000 0.000000000
1609059896.685505152 0.000000000 0.000000000
1609059896.685917854 0.000000000 0.000000000
1609059896.711153269 0.000000000 0.000000000
1609059896.735509872 0.000000000 0.000000000
1609059896.760413647 0.000000000 0.000000000
1609059896.761192560 0.000000000 0.000000000
1609059896.786243677 0.000000000 0.000000000
1609059896.835382223 0.000000000 0.000000000
1609059896.835956573 0.000000000 0.000000000
1609059896.860506535 0.000000000 0.000000000
1609059896.861281633 0.000000000 0.000000000
1609059896.886119366 0.000000000 0.000000000
1609059896.910449743 0.000000000 0.000000000
1609059896.935499668 0.000000000 0.000000000
1609059896.936156750 0.000000000 0.000000000
1609059896.961366415 0.000000000 0.000000000
1609059897.010391235 0.000000000 0.000000000
1609059897.010954142 0.000000000 0.000000000
1609059897.035486460 0.000000000 0.000000000
1609059897.036184549 0.000000000 0.000000000
1609059897.063392878 0.000000000 0.000000000
1609059897.085462093 0.000000000 0.000000000
1609059897.110453844 0.000000000 0.000000000
1609059897.111141920 0.000000000 0.000000000
1609059897.136200190 0.000000000 0.000000000
1609059897.185454130 0.000000000 0.000000000
1609059897.186113596 0.000000000 0.000000000
1609059897.210468292 0.000000000 0.000000000
1609059897.211216688 0.000000000 0.000000000
1609059897.236120462 0.000000000 0.000000000
1609059897.260415792 0.000000000 0.000000000
1609059897.285388947 0.000000000 0.000000000
1609059897.286138535 0.000000000 0.000000000
1609059897.360381842 0.000000000 0.000000000
1609059897.360920668 0.000000000 0.000000000
1609059897.385498524 0.000000000 0.000000000
1609059897.386200666 0.000000000 0.000000000
1609059897.411159277 0.000000000 0.000000000
1609059897.435432196 0.000000000 0.000000000
1609059897.460505009 0.000000000 0.000000000
1609059897.461241484 0.000000000 0.000000000
1609059897.486236334 0.000000000 0.000000000
1609059897.535460711 0.000000000 0.000000000
1609059897.536004782 0.000000000 0.000000000
1609059897.560245037 0.000000000 0.000000000
1609059897.561289072 0.000000000 0.000000000
1609059897.586169004 0.000000000 0.000000000
1609059897.610407114 0.000000000 0.000000000
1609059897.635383844 0.000000000 0.000000000
1609059897.636131287 0.000000000 0.000000000
1609059897.661187410 0.000000000 0.000000000
1609059897.710427523 0.000000000 0.000000000
1609059897.710934162 0.000000000 0.000000000
1609059897.735475779 0.000000000 0.000000000
1609059897.736188173 0.000000000 0.000000000
1609059897.761160851 0.000000000 0.000000000
1609059897.785376787 0.000000000 0.000000000
1609059897.810394287 0.000000000 0.000000000
1609059897.811076164 0.000000000 0.000000000
1609059897.836110115 0.000000000 0.000000000
1609059897.885397911 0.000000000 0.000000000
1609059897.885869980 0.000000000 0.000000000
1609059897.910501242 0.000000000 0.000000000
1609059897.911201239 0.000000000 0.000000000
1609059897.935415745 0.000000000 0.000000000
1609059897.936125994 0.000000000 0.000000000
1609059897.960424900 0.000000000 0.000000000
1609059897.985407114 0.000000000 0.000000000
1609059897.986100435 0.000000000 0.000000000
1609059898.011098623 0.000000000 0.000000000
1609059898.060878515 0.000000000 0.000000000
1609059898.085217953 0.000000000 0.000000000
1609059898.085888863 0.000000000 0.000000000
1609059898.110411644 0.000000000 0.000000000
1609059898.111160040 0.000000000 0.000000000
1609059898.135434389 0.000000000 0.000000000
1609059898.160416842 0.000000000 0.000000000
1609059898.161157131 0.000000000 0.000000000
1609059898.186101198 0.000000000 0.000000000
1609059898.235411882 0.000000000 0.000000000
1609059898.235877275 0.000000000 0.000000000
1609059898.260192156 0.000000000 0.000000000
1609059898.260983229 0.000000000 0.000000000
1609059898.284923553 0.000000000 0.000000000
1609059898.286159277 0.000000000 0.000000000
1609059898.310463190 0.000000000 0.000000000
1609059898.335450649 0.000000000 0.000000000
1609059898.336163998 0.000000000 0.000000000
1609059898.410418987 0.000000000 0.000000000
1609059898.410915613 0.000000000 0.000000000
1609059898.435467482 0.000000000 0.000000000
1609059898.436180115 0.000000000 0.000000000
1609059898.461154461 0.000000000 0.000000000
1609059898.485382080 0.000000000 0.000000000
1609059898.511068106 0.000000000 0.000000000
1609059898.536109209 0.000000000 0.000000000
1609059898.585350990 0.000000000 0.000000000
1609059898.585886717 0.000000000 0.000000000
1609059898.610496998 0.000000000 0.000000000
1609059898.611209393 0.000000000 0.000000000
1609059898.636104345 0.000000000 0.000000000
1609059898.660418749 0.000000000 0.000000000
1609059898.685368538 0.000000000 0.000000000
1609059898.685879230 0.000000000 0.000000000
1609059898.711154222 0.000000000 0.000000000
1609059898.760407448 0.000000000 0.000000000
1609059898.761219025 0.000000000 0.000000000
1609059898.785222530 0.000000000 0.000000000
1609059898.786217928 0.000000000 0.000000000
1609059898.810336113 0.000000000 0.000000000
1609059898.811094999 0.000000000 0.000000000
1609059898.835410595 0.000000000 0.000000000
1609059898.861100197 0.000000000 0.000000000
1609059898.886077404 0.000000000 0.000000000
1609059898.935418606 0.000000000 0.000000000
1609059898.935889721 0.000000000 0.000000000
1609059898.960204124 0.000000000 0.000000000
1609059898.961151600 0.000000000 0.000000000
1609059898.986088991 0.000000000 0.000000000
1609059899.010365725 0.000000000 0.000000000
1609059899.036101580 0.000000000 0.000000000
1609059899.060628414 0.000000000 0.000000000
1609059899.110419512 0.000000000 0.000000000
1609059899.135144472 0.000000000 0.000000000
1609059899.135869980 0.000000000 0.000000000
1609059899.160423756 0.000000000 0.000000000
1609059899.161203861 0.000000000 0.000000000
1609059899.210426807 0.000000000 0.000000000
1609059899.211157084 0.000000000 0.000000000
1609059899.236164331 0.000000000 0.000000000
1609059899.285362482 0.000000000 0.000000000
1609059899.286078215 0.000000000 0.000000000
1609059899.310424566 0.000000000 0.000000000
1609059899.311175823 0.000000000 0.000000000
1609059899.335330248 0.000000000 0.000000000
1609059899.336198092 0.000000000 0.000000000
1609059899.360346556 0.000000000 0.000000000
1609059899.361110926 0.000000000 0.000000000
1609059899.385409594 0.000000000 0.000000000
1609059899.386103153 0.000000000 0.000000000
1609059899.411170721 0.000000000 0.000000000
1609059899.460479259 0.000000000 0.000000000
1609059899.461090803 0.000000000 0.000000000
1609059899.485482216 0.000000000 0.000000000
1609059899.486135960 0.000000000 0.000000000
1609059899.510373831 0.000000000 0.000000000
1609059899.511110544 0.000000000 0.000000000
1609059899.535410881 0.000000000 0.000000000
1609059899.560429096 0.000000000 0.000000000
1609059899.561148643 0.000000000 0.000000000
1609059899.585633278 0.000000000 0.000000000
1609059899.635381460 0.000000000 0.000000000
1609059899.636057138 0.000000000 0.000000000
1609059899.660456896 0.000000000 0.000000000
1609059899.661174059 0.000000000 0.000000000
1609059899.686104059 0.000000000 0.000000000
1609059899.710389376 0.000000000 0.000000000
1609059899.735425234 0.000000000 0.000000000
1609059899.736059189 0.000000000 0.000000000
1609059899.810358286 0.000000000 0.000000000
1609059899.811082602 0.000000000 0.000000000
1609059899.835194349 0.000000000 0.000000000
1609059899.836131573 0.000000000 0.000000000
1609059899.860338211 0.000000000 0.000000000
1609059899.861109734 0.000000000 0.000000000
1609059899.885367632 0.000000000 0.000000000
1609059899.910378218 0.000000000 0.000000000
1609059899.911080837 0.000000000 0.000000000
1609059899.935416222 0.000000000 0.000000000
1609059899.936176062 0.000000000 0.000000000
1609059899.985366583 0.000000000 0.000000000
1609059899.986107588 0.000000000 0.000000000
1609059900.010185957 0.000000000 0.000000000
1609059900.011083364 0.000000000 0.000000000
1609059900.036096096 0.000000000 0.000000000
1609059900.060375452 0.000000000 0.000000000
1609059900.085459232 0.000000000 0.000000000
1609059900.086275816 0.000000000 0.000000000
1609059900.160340071 0.000000000 0.000000000
1609059900.185456753 0.000000000 0.000000000
1609059900.186211109 0.000000000 0.000000000
1609059900.211071491 0.000000000 0.000000000
1609059900.235417843 0.000000000 0.000000000
1609059900.260382414 0.000000000 0.000000000
1609059900.261118650 0.000000000 0.000000000
1609059900.335345507 0.000000000 0.000000000
1609059900.335861206 0.000000000 0.000000000
1609059900.360120773 0.000000000 0.000000000
1609059900.362016916 0.000000000 0.000000000
1609059900.386040449 0.000000000 0.000000000
1609059900.410412550 0.000000000 0.000000000
1609059900.435425520 0.000000000 0.000000000
1609059900.436068773 0.000000000 0.000000000
1609059900.510341883 0.000000000 0.000000000
1609059900.511086702 0.000000000 0.000000000
1609059900.535451651 0.000000000 0.000000000
1609059900.536090136 0.000000000 0.000000000
1609059900.561131239 0.000000000 0.000000000
1609059900.585345268 0.000000000 0.000000000
1609059900.610361814 0.000000000 0.000000000
1609059900.611103296 0.000000000 0.000000000
1609059900.635336876 0.000000000 0.000000000
1609059900.636068821 0.000000000 0.000000000
1609059900.685349464 0.000000000 0.000000000
1609059900.686058283 0.000000000 0.000000000
1609059900.710456371 0.000000000 0.000000000
1609059900.711133718 0.000000000 0.000000000
1609059900.736083984 0.000000000 0.000000000
1609059900.760370016 0.000000000 0.000000000
1609059900.785359859 0.000000000 0.000000000
1609059900.786079645 0.000000000 0.000000000
1609059900.811157227 0.000000000 0.000000000
1609059900.860325813 0.000000000 0.000000000
1609059900.861090899 0.000000000 0.000000000
1609059900.885155916 0.000000000 0.000000000
1609059900.885835171 0.000000000 0.000000000
1609059900.911036491 0.000000000 0.000000000
1609059900.935352564 0.000000000 0.000000000
1609059900.960360765 0.000000000 0.000000000
1609059900.961095333 0.000000000 0.000000000
1609059900.986079454 0.000000000 0.000000000
1609059901.035337925 0.000000000 0.000000000
1609059901.036144733 0.000000000 0.000000000
1609059901.060447454 0.000000000 0.000000000
1609059901.060857534 0.000000000 0.000000000
1609059901.086045980 0.000000000 0.000000000
1609059901.110326290 0.000000000 0.000000000
1609059901.135326624 0.000000000 0.000000000
1609059901.136154413 0.000000000 0.000000000
1609059901.210376740 0.000000000 0.000000000
1609059901.210893869 0.000000000 0.000000000
1609059901.235160589 0.000000000 0.000000000
1609059901.235859871 0.000000000 0.000000000
1609059901.261111736 0.000000000 0.000000000
1609059901.285358667 0.000000000 0.000000000
1609059901.311537027 0.000000000 0.000000000
1609059901.311791658 0.000000000 0.000000000
1609059901.336022139 0.000000000 0.000000000
1609059901.385342121 0.000000000 0.000000000
1609059901.386123657 0.000000000 0.000000000
1609059901.410132885 0.000000000 0.000000000
1609059901.410885811 0.000000000 0.000000000
1609059901.436079502 0.000000000 0.000000000
1609059901.460341454 0.000000000 0.000000000
1609059901.485390425 0.000000000 0.000000000
1609059901.486046314 0.000000000 0.000000000
1609059901.560368299 0.000000000 0.000000000
1609059901.585412979 0.000000000 0.000000000
1609059901.586121082 0.000000000 0.000000000
1609059901.611078501 0.000000000 0.000000000
1609059901.635331631 0.000000000 0.000000000
1609059901.660360813 0.000000000 0.000000000
1609059901.661056280 0.000000000 0.000000000
1609059901.735306740 0.000000000 0.000000000
1609059901.736118555 0.000000000 0.000000000
1609059901.760388136 0.000000000 0.000000000
1609059901.761194706 0.000000000 0.000000000
1609059901.786080599 0.000000000 0.000000000
1609059901.810312748 0.000000000 0.000000000
1609059901.835313797 0.000000000 0.000000000
1609059901.836233616 0.000000000 0.000000000
1609059901.910349607 0.000000000 0.000000000
1609059901.911111832 0.000000000 0.000000000
1609059901.935111761 0.000000000 0.000000000
1609059901.936055660 0.000000000 0.000000000
1609059901.961086512 0.000000000 0.000000000
1609059901.985359907 0.000000000 0.000000000
1609059902.010381937 0.000000000 0.000000000
1609059902.011050463 0.000000000 0.000000000
1609059902.036086798 0.000000000 0.000000000
1609059902.085387707 0.000000000 0.000000000
1609059902.086116552 0.000000000 0.000000000
1609059902.110433102 0.000000000 0.000000000
1609059902.111091852 0.000000000 0.000000000
1609059902.136060953 0.000000000 0.000000000
1609059902.160369158 0.000000000 0.000000000
1609059902.185384989 0.000000000 0.000000000
1609059902.186697006 0.000000000 0.000000000
1609059902.211115599 0.000000000 0.000000000
1609059902.260315180 0.000000000 0.000000000
1609059902.261090755 0.000000000 0.000000000
1609059902.285117149 0.000000000 0.000000000
1609059902.286091089 0.000000000 0.000000000
1609059902.311065197 0.000000000 0.000000000
1609059902.335271358 0.000000000 0.000000000
1609059902.360313892 0.000000000 0.000000000
1609059902.361077785 0.000000000 0.000000000
1609059902.386019945 0.000000000 0.000000000
1609059902.435319662 0.000000000 0.000000000
1609059902.460373163 0.000000000 0.000000000
1609059902.461254358 0.000000000 0.000000000
1609059902.486016512 0.000000000 0.000000000
1609059902.510389805 0.000000000 0.000000000
1609059902.535368204 0.000000000 0.000000000
1609059902.536022902 0.000000000 0.000000000
1609059902.561051607 0.000000000 0.000000000
1609059902.610410213 0.000000000 0.000000000
1609059902.611100674 0.000000000 0.000000000
1609059902.635162592 0.000000000 0.000000000
1609059902.636110783 0.000000000 0.000000000
1609059902.661054373 0.000000000 0.000000000
1609059902.685317993 0.000000000 0.000000000
1609059902.710316420 0.000000000 0.000000000
1609059902.711086750 0.000000000 0.000000000
1609059902.736108065 0.000000000 0.000000000
1609059902.785360336 0.000000000 0.000000000
1609059902.786031246 0.000000000 0.000000000
1609059902.810369968 0.000000000 0.000000000
1609059902.811090946 0.000000000 0.000000000
1609059902.836055279 0.000000000 0.000000000
1609059902.860326767 0.000000000 0.000000000
1609059902.885383129 0.000000000 0.000000000
1609059902.886084795 0.000000000 0.000000000
1609059902.911079407 0.000000000 0.000000000
1609059902.960352182 0.000000000 0.000000000
1609059902.960816383 0.000000000 0.000000000
1609059902.985130787 0.000000000 0.000000000
1609059902.986127138 0.000000000 0.000000000
1609059903.010987043 0.000000000 0.000000000
1609059903.035348654 0.000000000 0.000000000
1609059903.060321569 0.000000000 0.000000000
1609059903.061155558 0.000000000 0.000000000
1609059903.086082697 0.000000000 0.000000000
1609059903.135284185 0.000000000 0.000000000
1609059903.160130501 0.000000000 0.000000000
1609059903.161154032 0.000000000 0.000000000
1609059903.186086893 0.000000000 0.000000000
1609059903.210327625 0.000000000 0.000000000
1609059903.235310555 0.000000000 0.000000000
1609059903.236339331 0.000000000 0.000000000
1609059903.261198759 0.000000000 0.000000000
1609059903.310341597 0.000000000 0.000000000
1609059903.310794115 0.000000000 0.000000000
1609059903.335147858 0.000000000 0.000000000
1609059903.336122274 0.000000000 0.000000000
1609059903.361112833 0.000000000 0.000000000
1609059903.384813309 0.000000000 0.000000000
1609059903.410353184 0.000000000 0.000000000
1609059903.411083698 0.000000000 0.000000000
1609059903.436059713 0.000000000 0.000000000
1609059903.485350132 0.000000000 0.000000000
1609059903.486055851 0.000000000 0.000000000
1609059903.510396242 0.000000000 0.000000000
1609059903.511113405 0.000000000 0.000000000
1609059903.536056280 0.000000000 0.000000000
1609059903.560465097 0.000000000 0.000000000
1609059903.585337877 0.000000000 0.000000000
1609059903.586457014 0.000000000 0.000000000
1609059903.611029863 0.000000000 0.000000000
1609059903.660315752 0.000000000 0.000000000
1609059903.685176134 0.000000000 0.000000000
1609059903.686068058 0.000000000 0.000000000
1609059903.711078167 0.000000000 0.000000000
1609059903.735338688 0.000000000 0.000000000
1609059903.760280371 0.000000000 0.000000000
1609059903.761158466 0.000000000 0.000000000
1609059903.785304070 0.000000000 0.000000000
1609059903.786093712 0.000000000 0.000000000
1609059903.835341692 0.000000000 0.000000000
1609059903.860422373 0.000000000 0.000000000
1609059903.860682726 0.000000000 0.000000000
1609059903.886016846 0.000000000 0.000000000
1609059903.910331726 0.000000000 0.000000000
1609059903.935328722 0.000000000 0.000000000
1609059903.938436747 0.000000000 0.000000000
1609059903.960326195 0.000000000 0.000000000
1609059903.961157322 0.000000000 0.000000000
1609059904.010339022 0.000000000 0.000000000
1609059904.035414696 0.000000000 0.000000000
1609059904.036027431 0.000000000 0.000000000
1609059904.084872723 0.000000000 0.000000000
1609059904.110281706 0.000000000 0.000000000
1609059904.111067295 0.000000000 0.000000000
1609059904.135945797 0.000000000 0.000000000
1609059904.185317516 0.000000000 0.000000000
1609059904.186000586 0.000000000 0.000000000
1609059904.210279942 0.000000000 0.000000000
1609059904.211092710 0.000000000 0.000000000
1609059904.236142397 0.000000000 0.000000000
1609059904.260327101 0.000000000 0.000000000
1609059904.285345554 0.000000000 0.000000000
1609059904.286065817 0.000000000 0.000000000
1609059904.311139107 0.000000000 0.000000000
1609059904.385333300 0.000000000 0.000000000
1609059904.386048317 0.000000000 0.000000000
1609059904.411020517 0.000000000 0.000000000
1609059904.435261965 0.000000000 0.000000000
1609059904.460343361 0.000000000 0.000000000
1609059904.461064816 0.000000000 0.000000000
1609059904.485984802 0.000000000 0.000000000
1609059904.535326242 0.000000000 0.000000000
1609059904.535995722 0.000000000 0.000000000
1609059904.560072184 0.000000000 0.000000000
1609059904.561079502 0.000000000 0.000000000
1609059904.586028576 0.000000000 0.000000000
1609059904.610289574 0.000000000 0.000000000
1609059904.635277033 0.000000000 0.000000000
1609059904.635999680 0.000000000 0.000000000
1609059904.661000729 0.000000000 0.000000000
1609059904.735321522 0.000000000 0.000000000
1609059904.735569000 0.000000000 0.000000000
1609059904.762363434 0.000000000 0.000000000
1609059904.785283804 0.000000000 0.000000000
1609059904.810312510 0.000000000 0.000000000
1609059904.811091423 0.000000000 0.000000000
1609059904.836084366 0.000000000 0.000000000
1609059904.910084486 0.000000000 0.000000000
1609059904.910511255 0.000000000 0.000000000
1609059904.936027527 0.000000000 0.000000000
1609059904.960244179 0.000000000 0.000000000
1609059904.985278845 0.000000000 0.000000000
1609059904.986068964 0.000000000 0.000000000
1609059905.010270834 0.000000000 0.000000000
1609059905.011050463 0.000000000 0.000000000
1609059905.059793949 0.000000000 0.000000000
1609059905.060939550 0.000000000 0.000000000
1609059905.085077286 0.000000000 0.000000000
1609059905.085645199 0.000000000 0.000000000
1609059905.135226488 0.000000000 0.000000000
1609059905.160250187 0.000000000 0.000000000
1609059905.161082983 0.000000000 0.000000000
1609059905.235334158 0.000000000 0.000000000
1609059905.235988140 0.000000000 0.000000000
1609059905.260041952 0.000000000 0.000000000
1609059905.260583639 0.000000000 0.000000000
1609059905.310286760 0.000000000 0.000000000
1609059905.335246563 0.000000000 0.000000000
1609059905.336042404 0.000000000 0.000000000
1609059905.360292912 0.000000000 0.000000000
1609059905.410264969 0.000000000 0.000000000
1609059905.410963535 0.000000000 0.000000000
1609059905.435289383 0.000000000 0.000000000
1609059905.435513020 0.000000000 0.000000000
1609059905.461051226 0.000000000 0.000000000
1609059905.485311508 0.000000000 0.000000000
1609059905.510237932 0.000000000 0.000000000
1609059905.511035919 0.000000000 0.000000000
1609059905.535335541 0.000000000 0.000000000
1609059905.585285902 0.000000000 0.000000000
1609059905.586019993 0.000000000 0.000000000
1609059905.610069990 0.000000000 0.000000000
1609059905.611179113 0.000000000 0.000000000
1609059905.635934353 0.000000000 0.000000000
1609059905.660276413 0.000000000 0.000000000
1609059905.685266256 0.000000000 0.000000000
1609059905.686026335 0.000000000 0.000000000
1609059905.711069584 0.000000000 0.000000000
1609059905.760295391 0.000000000 0.000000000
1609059905.785144091 0.000000000 0.000000000
1609059905.785493851 0.000000000 0.000000000
1609059905.835268021 0.000000000 0.000000000
1609059905.860253811 0.000000000 0.000000000
1609059905.860963583 0.000000000 0.000000000
1609059905.886012077 0.000000000 0.000000000
1609059905.935238361 0.000000000 0.000000000
1609059905.960284233 0.000000000 0.000000000
1609059905.960666656 0.000000000 0.000000000
1609059906.010305166 0.000000000 0.000000000
1609059906.035247087 0.000000000 0.000000000
1609059906.036060572 0.000000000 0.000000000
1609059906.060238361 0.000000000 0.000000000
1609059906.060532331 0.000000000 0.000000000
1609059906.110245228 0.000000000 0.000000000
1609059906.135050058 0.000000000 0.000000000
1609059906.135509491 0.000000000 0.000000000
1609059906.161045551 0.000000000 0.000000000
1609059906.185255527 0.000000000 0.000000000
1609059906.210267305 0.000000000 0.000000000
1609059906.211053371 0.000000000 0.000000000
1609059906.235343218 0.000000000 0.000000000
1609059906.285298347 0.000000000 0.000000000
1609059906.286605120 0.000000000 0.000000000
1609059906.310306072 0.000000000 0.000000000
1609059906.310636282 0.000000000 0.000000000
1609059906.359835148 0.000000000 0.000000000
1609059906.385285139 0.000000000 0.000000000
1609059906.385998011 0.000000000 0.000000000
1609059906.412969351 0.000000000 0.000000000
1609059906.413402796 0.000000000 0.000000000
1609059906.460340500 0.000000000 0.000000000
1609059906.460965157 0.000000000 0.000000000
1609059906.485035419 0.000000000 0.000000000
1609059906.485491276 0.000000000 0.000000000
1609059906.511052370 0.000000000 0.000000000
1609059906.535261154 0.000000000 0.000000000
1609059906.560282230 0.000000000 0.000000000
1609059906.561075926 0.000000000 0.000000000
1609059906.585230112 0.000000000 0.000000000
1609059906.586000204 0.000000000 0.000000000
1609059906.635357618 0.000000000 0.000000000
1609059906.660054207 0.000000000 0.000000000
1609059906.660482168 0.000000000 0.000000000
1609059906.685956478 0.000000000 0.000000000
1609059906.710239887 0.000000000 0.000000000
1609059906.735268593 0.000000000 0.000000000
1609059906.735997677 0.000000000 0.000000000
1609059906.760212660 0.000000000 0.000000000
1609059906.835008860 0.000000000 0.000000000
1609059906.835473299 0.000000000 0.000000000
1609059906.860970736 0.000000000 0.000000000
1609059906.885253906 0.000000000 0.000000000
1609059906.910235405 0.000000000 0.000000000
1609059906.910940409 0.000000000 0.000000000
1609059906.935202360 0.000000000 0.000000000
1609059906.936002016 0.000000000 0.000000000
1609059907.010042429 0.000000000 0.000000000
1609059907.010501862 0.000000000 0.000000000
1609059907.035915136 0.000000000 0.000000000
1609059907.060246944 0.000000000 0.000000000
1609059907.085223675 0.000000000 0.000000000
1609059907.085985899 0.000000000 0.000000000
1609059907.110199928 0.000000000 0.000000000
1609059907.110934734 0.000000000 0.000000000
1609059907.160171986 0.000000000 0.000000000
1609059907.185266495 0.000000000 0.000000000
1609059907.185491085 0.000000000 0.000000000
1609059907.210962534 0.000000000 0.000000000
1609059907.235241652 0.000000000 0.000000000
1609059907.260217428 0.000000000 0.000000000
1609059907.261064053 0.000000000 0.000000000
1609059907.285221815 0.000000000 0.000000000
1609059907.286016941 0.000000000 0.000000000
1609059907.360191822 0.000000000 0.000000000
1609059907.360477686 0.000000000 0.000000000
1609059907.385963678 0.000000000 0.000000000
1609059907.410203934 0.000000000 0.000000000
1609059907.435214996 0.000000000 0.000000000
1609059907.436030388 0.000000000 0.000000000
1609059907.510217190 0.000000000 0.000000000
1609059907.534994364 0.000000000 0.000000000
1609059907.535430193 0.000000000 0.000000000
1609059907.560992718 0.000000000 0.000000000
1609059907.585211515 0.000000000 0.000000000
1609059907.610233307 0.000000000 0.000000000
1609059907.611114502 0.000000000 0.000000000
1609059907.635210514 0.000000000 0.000000000
1609059907.685275078 0.000000000 0.000000000
1609059907.685883522 0.000000000 0.000000000
1609059907.710059881 0.000000000 0.000000000
1609059907.711071730 0.000000000 0.000000000
1609059907.760241985 0.000000000 0.000000000
1609059907.785219431 0.000000000 0.000000000
1609059907.785954714 0.000000000 0.000000000
1609059907.810175896 0.000000000 0.000000000
1609059907.810915470 0.000000000 0.000000000
1609059907.860212564 0.000000000 0.000000000
1609059907.860897779 0.000000000 0.000000000
1609059907.885201454 0.000000000 0.000000000
1609059907.885462999 0.000000000 0.000000000
1609059907.910900593 0.000000000 0.000000000
1609059907.935245991 0.000000000 0.000000000
1609059907.960226059 0.000000000 0.000000000
1609059907.961008310 0.000000000 0.000000000
1609059907.985040188 0.000000000 0.000000000
1609059907.986038208 0.000000000 0.000000000
1609059908.035202503 0.000000000 0.000000000
1609059908.035883427 0.000000000 0.000000000
1609059908.060436726 0.000000000 0.000000000
1609059908.110231876 0.000000000 0.000000000
1609059908.135173321 0.000000000 0.000000000
1609059908.135897636 0.000000000 0.000000000
1609059908.160172224 0.000000000 0.000000000
1609059908.160940647 0.000000000 0.000000000
1609059908.210181236 0.000000000 0.000000000
1609059908.235264301 0.000000000 0.000000000
1609059908.235506296 0.000000000 0.000000000
1609059908.260983944 0.000000000 0.000000000
1609059908.285214424 0.000000000 0.000000000
1609059908.310199738 0.000000000 0.000000000
1609059908.310962677 0.000000000 0.000000000
1609059908.335232258 0.000000000 0.000000000
1609059908.338227034 0.000000000 0.000000000
1609059908.385259867 0.000000000 0.000000000
1609059908.410266399 0.000000000 0.000000000
1609059908.410514355 0.000000000 0.000000000
1609059908.435930490 0.000000000 0.000000000
1609059908.460199118 0.000000000 0.000000000
1609059908.485220671 0.000000000 0.000000000
1609059908.485980272 0.000000000 0.000000000
1609059908.510051250 0.000000000 0.000000000
1609059908.560198784 0.000000000 0.000000000
1609059908.560960770 0.000000000 0.000000000
1609059908.585208654 0.000000000 0.000000000
1609059908.610990763 0.000000000 0.000000000
1609059908.635205746 0.000000000 0.000000000
1609059908.660207987 0.000000000 0.000000000
1609059908.660979033 0.000000000 0.000000000
1609059908.685186148 0.000000000 0.000000000
1609059908.735184908 0.000000000 0.000000000
1609059908.760202408 0.000000000 0.000000000
1609059908.760493755 0.000000000 0.000000000
1609059908.810288906 0.000000000 0.000000000
1609059908.835209131 0.000000000 0.000000000
1609059908.835984230 0.000000000 0.000000000
1609059908.860249758 0.000000000 0.000000000
1609059908.861033916 0.000000000 0.000000000
1609059908.910195589 0.000000000 0.000000000
1609059908.935476542 0.000000000 0.000000000
1609059908.985195875 0.000000000 0.000000000
1609059909.010182619 0.000000000 0.000000000
1609059909.010962963 0.000000000 0.000000000
1609059909.035155535 0.000000000 0.000000000
1609059909.085196018 0.000000000 0.000000000
1609059909.110261917 0.000000000 0.000000000
1609059909.110555887 0.000000000 0.000000000
1609059909.160146952 0.000000000 0.000000000
1609059909.185179949 0.000000000 0.000000000
1609059909.185912609 0.000000000 0.000000000
1609059909.260164976 0.000000000 0.000000000
1609059909.260965586 0.000000000 0.000000000
1609059909.285168886 0.000000000 0.000000000
1609059909.285966396 0.000000000 0.000000000
1609059909.310908079 0.000000000 0.000000000
1609059909.335201025 0.000000000 0.000000000
1609059909.360158443 0.000000000 0.000000000
1609059909.361040115 0.000000000 0.000000000
1609059909.385220528 0.000000000 0.000000000
1609059909.435189962 0.000000000 0.000000000
1609059909.435928583 0.000000000 0.000000000
1609059909.460014343 0.000000000 0.000000000
1609059909.461014748 0.000000000 0.000000000
1609059909.485900164 0.000000000 0.000000000
1609059909.510188818 0.000000000 0.000000000
1609059909.535169363 0.000000000 0.000000000
1609059909.535998583 0.000000000 0.000000000
1609059909.560232639 0.000000000 0.000000000
1609059909.560946703 0.000000000 0.000000000
1609059909.610166788 0.000000000 0.000000000
1609059909.635200262 0.000000000 0.000000000
1609059909.660901546 0.000000000 0.000000000
1609059909.685201168 0.000000000 0.000000000
1609059909.685916424 0.000000000 0.000000000
1609059909.710155010 0.000000000 0.000000000
1609059909.711295128 0.000000000 0.000000000
1609059909.735214472 0.000000000 0.000000000
1609059909.735916376 0.000000000 0.000000000
1609059909.785149336 0.000000000 0.000000000
1609059909.810181379 0.000000000 0.000000000
1609059909.810933590 0.000000000 0.000000000
1609059909.835135698 0.000000000 0.000000000
1609059909.835841179 0.000000000 0.000000000
1609059909.860143185 0.000000000 0.000000000
1609059909.885131598 0.000000000 0.000000000
1609059909.885918140 0.000000000 0.000000000
1609059909.910172462 0.000000000 0.000000000
1609059909.910877466 0.000000000 0.000000000
1609059909.960165501 0.000000000 0.000000000
1609059909.985212326 0.000000000 0.000000000
1609059909.985970736 0.000000000 0.000000000
1609059910.010968685 0.000000000 0.000000000
1609059910.035155535 0.000000000 0.000000000
1609059910.060158968 0.000000000 0.000000000
1609059910.060958147 0.000000000 0.000000000
1609059910.085130453 0.000000000 0.000000000
1609059910.085940838 0.000000000 0.000000000
1609059910.135154724 0.000000000 0.000000000
1609059910.160189629 0.000000000 0.000000000
1609059910.160999298 0.000000000 0.000000000
1609059910.185144186 0.000000000 0.000000000
1609059910.185854673 0.000000000 0.000000000
1609059910.210136890 0.000000000 0.000000000
1609059910.235935688 0.000000000 0.000000000
1609059910.260935068 0.000000000 0.000000000
1609059910.310144424 0.000000000 0.000000000
1609059910.335193157 0.000000000 0.000000000
1609059910.335977554 0.000000000 0.000000000
1609059910.360979319 0.000000000 0.000000000
1609059910.385167360 0.000000000 0.000000000
1609059910.410161972 0.000000000 0.000000000
1609059910.410996437 0.000000000 0.000000000
1609059910.435899258 0.000000000 0.000000000
1609059910.485165358 0.000000000 0.000000000
1609059910.510176659 0.000000000 0.000000000
1609059910.510912895 0.000000000 0.000000000
1609059910.535906315 0.000000000 0.000000000
1609059910.560117483 0.000000000 0.000000000
1609059910.585173130 0.000000000 0.000000000
1609059910.585900784 0.000000000 0.000000000
1609059910.610893488 0.000000000 0.000000000
1609059910.660161257 0.000000000 0.000000000
1609059910.660856962 0.000000000 0.000000000
1609059910.685141087 0.000000000 0.000000000
1609059910.685918331 0.000000000 0.000000000
1609059910.710171700 0.000000000 0.000000000
1609059910.710944176 0.000000000 0.000000000
1609059910.735184669 0.000000000 0.000000000
1609059910.760171175 0.000000000 0.000000000
1609059910.785848856 0.000000000 0.000000000
1609059910.835179329 0.000000000 0.000000000
1609059910.835873127 0.000000000 0.000000000
1609059910.860135317 0.000000000 0.000000000
1609059910.861036301 0.000000000 0.000000000
1609059910.885137320 0.000000000 0.000000000
1609059910.885884047 0.000000000 0.000000000
1609059910.910119295 0.000000000 0.000000000
1609059910.935171843 0.000000000 0.000000000
1609059910.936061859 0.000000000 0.000000000
1609059910.960135460 0.000000000 0.000000000
1609059910.960886717 0.000000000 0.000000000
1609059911.010117769 0.000000000 0.000000000
1609059911.035150290 0.000000000 0.000000000
1609059911.035995722 0.000000000 0.000000000
1609059911.060148954 0.000000000 0.000000000
1609059911.060940504 0.000000000 0.000000000
1609059911.085137129 0.000000000 0.000000000
1609059911.110146761 0.000000000 0.000000000
1609059911.110933304 0.000000000 0.000000000
1609059911.135902405 0.000000000 0.000000000
1609059911.210158110 0.000000000 0.000000000
1609059911.210899115 0.000000000 0.000000000
1609059911.235097885 0.000000000 0.000000000
1609059911.235850811 0.000000000 0.000000000
1609059911.260142803 0.000000000 0.000000000
1609059911.285132408 0.000000000 0.000000000
1609059911.285904169 0.000000000 0.000000000
1609059911.310131311 0.000000000 0.000000000
1609059911.310835123 0.000000000 0.000000000
1609059911.360131025 0.000000000 0.000000000
1609059911.360931873 0.000000000 0.000000000
1609059911.385144711 0.000000000 0.000000000
1609059911.385890484 0.000000000 0.000000000
1609059911.410132408 0.000000000 0.000000000
1609059911.410934687 0.000000000 0.000000000
1609059911.435181379 0.000000000 0.000000000
1609059911.460176468 0.000000000 0.000000000
1609059911.460996389 0.000000000 0.000000000
1609059911.485915661 0.000000000 0.000000000
1609059911.535126209 0.000000000 0.000000000
1609059911.535419464 0.000000000 0.000000000
1609059911.560163975 0.000000000 0.000000000
1609059911.561023235 0.000000000 0.000000000
1609059911.585152388 0.000000000 0.000000000
1609059911.585889816 0.000000000 0.000000000
1609059911.610176563 0.000000000 0.000000000
1609059911.635138988 0.000000000 0.000000000
1609059911.636109591 0.000000000 0.000000000
1609059911.660868645 0.000000000 0.000000000
1609059911.710120201 0.000000000 0.000000000
1609059911.710881233 0.000000000 0.000000000
1609059911.735139608 0.000000000 0.000000000
1609059911.735901594 0.000000000 0.000000000
1609059911.760123968 0.000000000 0.000000000
1609059911.760942936 0.000000000 0.000000000
1609059911.785112858 0.000000000 0.000000000
1609059911.810186625 0.000000000 0.000000000
1609059911.810877323 0.000000000 0.000000000
1609059911.835827351 0.000000000 0.000000000
1609059911.885143042 0.000000000 0.000000000
1609059911.910110950 0.000000000 0.000000000
1609059911.910917044 0.000000000 0.000000000
1609059911.935108423 0.000000000 0.000000000
1609059911.935864449 0.000000000 0.000000000
1609059911.960107088 0.000000000 0.000000000
1609059911.985137463 0.000000000 0.000000000
1609059911.985916138 0.000000000 0.000000000
1609059912.010916948 0.000000000 0.000000000
1609059912.060148239 0.000000000 0.000000000
1609059912.061023235 0.000000000 0.000000000
1609059912.085152149 0.000000000 0.000000000
1609059912.086027145 0.000000000 0.000000000
1609059912.110846996 0.000000000 0.000000000
1609059912.135079861 0.000000000 0.000000000
1609059912.160136223 0.000000000 0.000000000
1609059912.160952091 0.000000000 0.000000000
1609059912.185839891 0.000000000 0.000000000
1609059912.235130072 0.000000000 0.000000000
1609059912.260130644 0.000000000 0.000000000
1609059912.261043787 0.000000000 0.000000000
1609059912.285811186 0.000000000 0.000000000
1609059912.310082674 0.000000000 0.000000000
1609059912.360154152 0.000000000 0.000000000
1609059912.360946894 0.000000000 0.000000000
1609059912.410124779 0.000000000 0.000000000
1609059912.435184956 0.000000000 0.000000000
1609059912.435950994 0.000000000 0.000000000
1609059912.460119247 0.000000000 0.000000000
1609059912.460896969 0.000000000 0.000000000
1609059912.485119820 0.000000000 0.000000000
1609059912.510078430 0.000000000 0.000000000
1609059912.510882616 0.000000000 0.000000000
1609059912.585134745 0.000000000 0.000000000
1609059912.610098839 0.000000000 0.000000000
1609059912.635824203 0.000000000 0.000000000
1609059912.660129547 0.000000000 0.000000000
1609059912.685111046 0.000000000 0.000000000
1609059912.685878277 0.000000000 0.000000000
1609059912.710837126 0.000000000 0.000000000
1609059912.760072708 0.000000000 0.000000000
1609059912.785109758 0.000000000 0.000000000
1609059912.785878420 0.000000000 0.000000000
1609059912.810111523 0.000000000 0.000000000
1609059912.810828924 0.000000000 0.000000000
1609059912.835082293 0.000000000 0.000000000
1609059912.860110998 0.000000000 0.000000000
1609059912.860884428 0.000000000 0.000000000
1609059912.885107756 0.000000000 0.000000000
1609059912.885801315 0.000000000 0.000000000
1609059912.935066700 0.000000000 0.000000000
1609059912.935810566 0.000000000 0.000000000
1609059912.960113764 0.000000000 0.000000000
1609059912.960922241 0.000000000 0.000000000
1609059912.985811472 0.000000000 0.000000000
1609059913.010079145 0.000000000 0.000000000
1609059913.035140991 0.000000000 0.000000000
1609059913.060833693 0.000000000 0.000000000
1609059913.110087395 0.000000000 0.000000000
1609059913.135118008 0.000000000 0.000000000
1609059913.135833025 0.000000000 0.000000000
1609059913.160117626 0.000000000 0.000000000
1609059913.160880089 0.000000000 0.000000000
1609059913.185082674 0.000000000 0.000000000
1609059913.210119963 0.000000000 0.000000000
1609059913.210848570 0.000000000 0.000000000
1609059913.235848188 0.000000000 0.000000000
1609059913.285093546 0.000000000 0.000000000
1609059913.286064386 0.000000000 0.000000000
1609059913.310079575 0.000000000 0.000000000
1609059913.310867071 0.000000000 0.000000000
1609059913.335819006 0.000000000 0.000000000
1609059913.360062361 0.000000000 0.000000000
1609059913.385091305 0.000000000 0.000000000
1609059913.385869265 0.000000000 0.000000000
1609059913.410835028 0.000000000 0.000000000
1609059913.460126400 0.000000000 0.000000000
1609059913.460827112 0.000000000 0.000000000
1609059913.485127211 0.000000000 0.000000000
1609059913.485866308 0.000000000 0.000000000
1609059913.510057211 0.000000000 0.000000000
1609059913.510812283 0.000000000 0.000000000
1609059913.535108566 0.000000000 0.000000000
1609059913.535837650 0.000000000 0.000000000
1609059913.560095072 0.000000000 0.000000000
1609059913.585834026 0.000000000 0.000000000
1609059913.635092497 0.000000000 0.000000000
1609059913.660133839 0.000000000 0.000000000
1609059913.660948277 0.000000000 0.000000000
1609059913.685806036 0.000000000 0.000000000
1609059913.710149527 0.000000000 0.000000000
1609059913.735160828 0.000000000 0.000000000
1609059913.735901356 0.000000000 0.000000000
1609059913.760075092 0.000000000 0.000000000
1609059913.760874748 0.000000000 0.000000000
1609059913.810097218 0.000000000 0.000000000
1609059913.810845137 0.000000000 0.000000000
1609059913.835087538 0.000000000 0.000000000
1609059913.838265896 0.000000000 0.000000000
1609059913.860046148 0.000000000 0.000000000
1609059913.860819578 0.000000000 0.000000000
1609059913.885131836 0.000000000 0.000000000
1609059913.912164927 0.000000000 0.000000000
1609059913.912449598 0.000000000 0.000000000
1609059913.935885429 0.000000000 0.000000000
1609059913.985051870 0.000000000 0.000000000
1609059913.985802889 0.000000000 0.000000000
1609059914.010097504 0.000000000 0.000000000
1609059914.010899067 0.000000000 0.000000000
1609059914.035055161 0.000000000 0.000000000
1609059914.035810709 0.000000000 0.000000000
1609059914.060307980 0.000000000 0.000000000
1609059914.085117579 0.000000000 0.000000000
1609059914.110067368 0.000000000 0.000000000
1609059914.110854149 0.000000000 0.000000000
1609059914.160057306 0.000000000 0.000000000
1609059914.160849333 0.000000000 0.000000000
1609059914.185079336 0.000000000 0.000000000
1609059914.185883045 0.000000000 0.000000000
1609059914.210101843 0.000000000 0.000000000
1609059914.210839510 0.000000000 0.000000000
1609059914.235126495 0.000000000 0.000000000
1609059914.260098696 0.000000000 0.000000000
1609059914.260928869 0.000000000 0.000000000
1609059914.285068750 0.000000000 0.000000000
1609059914.285858393 0.000000000 0.000000000
1609059914.335037470 0.000000000 0.000000000
1609059914.335805178 0.000000000 0.000000000
1609059914.360326767 0.000000000 0.000000000
1609059914.360889435 0.000000000 0.000000000
1609059914.385017633 0.000000000 0.000000000
1609059914.385891676 0.000000000 0.000000000
1609059914.410065889 0.000000000 0.000000000
1609059914.435104609 0.000000000 0.000000000
1609059914.460069418 0.000000000 0.000000000
1609059914.460846186 0.000000000 0.000000000
1609059914.510064125 0.000000000 0.000000000
1609059914.510817051 0.000000000 0.000000000
1609059914.535135031 0.000000000 0.000000000
1609059914.535885334 0.000000000 0.000000000
1609059914.560071945 0.000000000 0.000000000
1609059914.560846329 0.000000000 0.000000000
1609059914.585124493 0.000000000 0.000000000
1609059914.610094786 0.000000000 0.000000000
1609059914.610897303 0.000000000 0.000000000
1609059914.635817528 0.000000000 0.000000000
1609059914.685139894 0.000000000 0.000000000
1609059914.686682940 0.000000000 0.000000000
1609059914.710176229 0.000000000 0.000000000
1609059914.710893869 0.000000000 0.000000000
1609059914.735843420 0.000000000 0.000000000
1609059914.760117531 0.000000000 0.000000000
1609059914.785130501 0.000000000 0.000000000
1609059914.785884142 0.000000000 0.000000000
1609059914.810823679 0.000000000 0.000000000
1609059914.860119343 0.000000000 0.000000000
1609059914.885129452 0.000000000 0.000000000
1609059914.885860205 0.000000000 0.000000000
1609059914.910043955 0.000000000 0.000000000
1609059914.910813093 0.000000000 0.000000000
1609059914.935123444 0.000000000 0.000000000
1609059914.960116863 0.000000000 0.000000000
1609059914.985786438 0.000000000 0.000000000
1609059915.035042048 0.000000000 0.000000000
1609059915.035794497 0.000000000 0.000000000
1609059915.060088396 0.000000000 0.000000000
1609059915.060871840 0.000000000 0.000000000
1609059915.085050344 0.000000000 0.000000000
1609059915.085798025 0.000000000 0.000000000
1609059915.110097408 0.000000000 0.000000000
1609059915.135065079 0.000000000 0.000000000
1609059915.135838509 0.000000000 0.000000000
1609059915.160082817 0.000000000 0.000000000
1609059915.160962105 0.000000000 0.000000000
1609059915.210102081 0.000000000 0.000000000
1609059915.210817099 0.000000000 0.000000000
1609059915.235063314 0.000000000 0.000000000
1609059915.235839605 0.000000000 0.000000000
1609059915.260843754 0.000000000 0.000000000
1609059915.285057545 0.000000000 0.000000000
1609059915.310120344 0.000000000 0.000000000
1609059915.310811758 0.000000000 0.000000000
1609059915.335800886 0.000000000 0.000000000
1609059915.385070086 0.000000000 0.000000000
1609059915.385786772 0.000000000 0.000000000
1609059915.410053492 0.000000000 0.000000000
1609059915.410839558 0.000000000 0.000000000
1609059915.435071945 0.000000000 0.000000000
1609059915.435813665 0.000000000 0.000000000
1609059915.460051298 0.000000000 0.000000000
1609059915.485067129 0.000000000 0.000000000
1609059915.485951662 0.000000000 0.000000000
1609059915.510038137 0.000000000 0.000000000
1609059915.510794640 0.000000000 0.000000000
1609059915.560047626 0.000000000 0.000000000
1609059915.585091829 0.000000000 0.000000000
1609059915.585828543 0.000000000 0.000000000
1609059915.610771656 0.000000000 0.000000000
1609059915.635043383 0.000000000 0.000000000
1609059915.660088778 0.000000000 0.000000000
1609059915.685026884 0.000000000 0.000000000
1609059915.685759783 0.000000000 0.000000000
1609059915.735045671 0.000000000 0.000000000
1609059915.760066271 0.000000000 0.000000000
1609059915.760927916 0.000000000 0.000000000
1609059915.785030127 0.000000000 0.000000000
1609059915.785760403 0.000000000 0.000000000
1609059915.810104132 0.000000000 0.000000000
1609059915.835086584 0.000000000 0.000000000
1609059915.860800266 0.000000000 0.000000000
1609059915.910080910 0.000000000 0.000000000
1609059915.910755396 0.000000000 0.000000000
1609059915.935052156 0.000000000 0.000000000
1609059915.935824633 0.000000000 0.000000000
1609059915.960118055 0.000000000 0.000000000
1609059915.960767508 0.000000000 0.000000000
1609059915.985114098 0.000000000 0.000000000
1609059916.010063887 0.000000000 0.000000000
1609059916.035032511 0.000000000 0.000000000
1609059916.035787344 0.000000000 0.000000000
1609059916.085014105 0.000000000 0.000000000
1609059916.110074043 0.000000000 0.000000000
1609059916.110830307 0.000000000 0.000000000
1609059916.135064840 0.000000000 0.000000000
1609059916.135746241 0.000000000 0.000000000
1609059916.160103559 0.000000000 0.000000000
1609059916.185076475 0.000000000 0.000000000
1609059916.185815811 0.000000000 0.000000000
1609059916.210798979 0.000000000 0.000000000
1609059916.260028362 0.000000000 0.000000000
1609059916.260829926 0.000000000 0.000000000
1609059916.285077572 0.000000000 0.000000000
1609059916.285873413 0.000000000 0.000000000
1609059916.310060263 0.000000000 0.000000000
1609059916.310733795 0.000000000 0.000000000
1609059916.335074663 0.000000000 0.000000000
1609059916.360107899 0.000000000 0.000000000
1609059916.385790586 0.000000000 0.000000000
1609059916.435078621 0.000000000 0.000000000
1609059916.435767412 0.000000000 0.000000000
1609059916.460133791 0.000000000 0.000000000
1609059916.460848331 0.000000000 0.000000000
1609059916.485057831 0.000000000 0.000000000
1609059916.485877991 0.000000000 0.000000000
1609059916.510099411 0.000000000 0.000000000
1609059916.535126686 0.000000000 0.000000000
1609059916.535787344 0.000000000 0.000000000
1609059916.560039282 0.000000000 0.000000000
1609059916.560786486 0.000000000 0.000000000
1609059916.610060215 0.000000000 0.000000000
1609059916.610780239 0.000000000 0.000000000
1609059916.635059834 0.000000000 0.000000000
1609059916.635843992 0.000000000 0.000000000
1609059916.660045147 0.000000000 0.000000000
1609059916.660791636 0.000000000 0.000000000
1609059916.685097933 0.000000000 0.000000000
1609059916.710129738 0.000000000 0.000000000
1609059916.710778713 0.000000000 0.000000000
1609059916.735815287 0.000000000 0.000000000
1609059916.785043716 0.000000000 0.000000000
1609059916.785738468 0.000000000 0.000000000
1609059916.810086727 0.000000000 0.000000000
1609059916.810853720 0.000000000 0.000000000
1609059916.835054398 0.000000000 0.000000000
1609059916.835809469 0.000000000 0.000000000
1609059916.860042334 0.000000000 0.000000000
1609059916.885069847 0.000000000 0.000000000
1609059916.885788441 0.000000000 0.000000000
1609059916.910051823 0.000000000 0.000000000
1609059916.910782814 0.000000000 0.000000000
1609059916.960029602 0.000000000 0.000000000
1609059916.960786343 0.000000000 0.000000000
1609059916.985167980 0.000000000 0.000000000
1609059916.985812187 0.000000000 0.000000000
1609059917.010037899 0.000000000 0.000000000
1609059917.010835648 0.000000000 0.000000000
1609059917.035087109 0.000000000 0.000000000
1609059917.060155869 0.000000000 0.000000000
1609059917.060846090 0.000000000 0.000000000
1609059917.085773706 0.000000000 0.000000000
1609059917.135031462 0.000000000 0.000000000
1609059917.135752201 0.000000000 0.000000000
1609059917.160069227 0.000000000 0.000000000
1609059917.160819530 0.000000000 0.000000000
1609059917.185049295 0.000000000 0.000000000
1609059917.185765266 0.000000000 0.000000000
1609059917.210028172 0.000000000 0.000000000
1609059917.235087872 0.000000000 0.000000000
1609059917.235833645 0.000000000 0.000000000
1609059917.260059595 0.000000000 0.000000000
1609059917.260864258 0.000000000 0.000000000
1609059917.310035944 0.000000000 0.000000000
1609059917.335094929 0.000000000 0.000000000
1609059917.335812569 0.000000000 0.000000000
1609059917.360067606 0.000000000 0.000000000
1609059917.360798120 0.000000000 0.000000000
1609059917.385097742 0.000000000 0.000000000
1609059917.410097599 0.000000000 0.000000000
1609059917.410778046 0.000000000 0.000000000
1609059917.435782194 0.000000000 0.000000000
1609059917.485053062 0.000000000 0.000000000
1609059917.485760927 0.000000000 0.000000000
1609059917.510705948 0.000000000 0.000000000
1609059917.510895729 0.000000000 0.000000000
1609059917.535025358 0.000000000 0.000000000
1609059917.535740137 0.000000000 0.000000000
1609059917.560019970 0.000000000 0.000000000
1609059917.585054874 0.000000000 0.000000000
1609059917.585709095 0.000000000 0.000000000
1609059917.610782385 0.000000000 0.000000000
1609059917.660015345 0.000000000 0.000000000
1609059917.660793304 0.000000000 0.000000000
1609059917.685019732 0.000000000 0.000000000
1609059917.685784101 0.000000000 0.000000000
1609059917.710709333 0.000000000 0.000000000
1609059917.735056877 0.000000000 0.000000000
1609059917.760057449 0.000000000 0.000000000
1609059917.785702944 0.000000000 0.000000000
1609059917.834985495 0.000000000 0.000000000
1609059917.835711956 0.000000000 0.000000000
1609059917.860085726 0.000000000 0.000000000
1609059917.860810518 0.000000000 0.000000000
1609059917.885731220 0.000000000 0.000000000
1609059917.910069704 0.000000000 0.000000000
1609059917.935068130 0.000000000 0.000000000
1609059917.935936451 0.000000000 0.000000000
1609059917.960057497 0.000000000 0.000000000
1609059917.960793018 0.000000000 0.000000000
1609059918.009997368 0.000000000 0.000000000
1609059918.010887623 0.000000000 0.000000000
1609059918.035026073 0.000000000 0.000000000
1609059918.035829067 0.000000000 0.000000000
1609059918.059989929 0.000000000 0.000000000
1609059918.060732365 0.000000000 0.000000000
1609059918.085087538 0.000000000 0.000000000
1609059918.110008478 0.000000000 0.000000000
1609059918.110868931 0.000000000 0.000000000
1609059918.135025978 0.000000000 0.000000000
1609059918.135718822 0.000000000 0.000000000
1609059918.185055733 0.000000000 0.000000000
1609059918.185781956 0.000000000 0.000000000
1609059918.210039854 0.000000000 0.000000000
1609059918.210824966 0.000000000 0.000000000
1609059918.235026598 0.000000000 0.000000000
1609059918.235763788 0.000000000 0.000000000
1609059918.260077477 0.000000000 0.000000000
1609059918.285051107 0.000000000 0.000000000
1609059918.285801649 0.000000000 0.000000000
1609059918.310700893 0.000000000 0.000000000
1609059918.360031128 0.000000000 0.000000000
1609059918.360781670 0.000000000 0.000000000
1609059918.385021448 0.000000000 0.000000000
1609059918.385799408 0.000000000 0.000000000
1609059918.410766602 0.000000000 0.000000000
1609059918.435037136 0.000000000 0.000000000
1609059918.460070133 0.000000000 0.000000000
1609059918.485021830 0.000000000 0.000000000
1609059918.485695124 0.000000000 0.000000000
1609059918.534978390 0.000000000 0.000000000
1609059918.560022593 0.000000000 0.000000000
1609059918.560822964 0.000000000 0.000000000
1609059918.585046053 0.000000000 0.000000000
1609059918.585729837 0.000000000 0.000000000
1609059918.610094786 0.000000000 0.000000000
1609059918.635068417 0.000000000 0.000000000
1609059918.635879278 0.000000000 0.000000000
1609059918.660033703 0.000000000 0.000000000
1609059918.660758257 0.000000000 0.000000000
1609059918.709994793 0.000000000 0.000000000
1609059918.735100508 0.000000000 0.000000000
1609059918.735907793 0.000000000 0.000000000
1609059918.760068893 0.000000000 0.000000000
1609059918.760819674 0.000000000 0.000000000
1609059918.785042524 0.000000000 0.000000000
1609059918.810026407 0.000000000 0.000000000
1609059918.810774088 0.000000000 0.000000000
1609059918.835718393 0.000000000 0.000000000
1609059918.884995937 0.000000000 0.000000000
1609059918.910010576 0.000000000 0.000000000
1609059918.910763264 0.000000000 0.000000000
1609059918.935019732 0.000000000 0.000000000
1609059918.935720682 0.000000000 0.000000000
1609059918.960042238 0.000000000 0.000000000
1609059918.985042334 0.000000000 0.000000000
1609059918.985810518 0.000000000 0.000000000
1609059919.010709047 0.000000000 0.000000000
1609059919.059996843 0.000000000 0.000000000
1609059919.085097075 0.000000000 0.000000000
1609059919.085729361 0.000000000 0.000000000
1609059919.110008478 0.000000000 0.000000000
1609059919.110775709 0.000000000 0.000000000
1609059919.135021925 0.000000000 0.000000000
1609059919.160008907 0.000000000 0.000000000
1609059919.160807133 0.000000000 0.000000000
1609059919.185669184 0.000000000 0.000000000
1609059919.235013723 0.000000000 0.000000000
1609059919.235689878 0.000000000 0.000000000
1609059919.260010719 0.000000000 0.000000000
1609059919.260830402 0.000000000 0.000000000
1609059919.285033703 0.000000000 0.000000000
1609059919.285711527 0.000000000 0.000000000
1609059919.310064793 0.000000000 0.000000000
1609059919.335046768 0.000000000 0.000000000
1609059919.335751772 0.000000000 0.000000000
1609059919.409964800 0.000000000 0.000000000
1609059919.410706997 0.000000000 0.000000000
1609059919.435018778 0.000000000 0.000000000
1609059919.435764074 0.000000000 0.000000000
1609059919.459968090 0.000000000 0.000000000
1609059919.460742712 0.000000000 0.000000000
1609059919.484986305 0.000000000 0.000000000
1609059919.510040283 0.000000000 0.000000000
1609059919.510729551 0.000000000 0.000000000
1609059919.534953117 0.000000000 0.000000000
1609059919.535678625 0.000000000 0.000000000
1609059919.584988594 0.000000000 0.000000000
1609059919.610024214 0.000000000 0.000000000
1609059919.610782385 0.000000000 0.000000000
1609059919.635001898 0.000000000 0.000000000
1609059919.635702133 0.000000000 0.000000000
1609059919.659971237 0.000000000 0.000000000
1609059919.685038805 0.000000000 0.000000000
1609059919.710014105 0.000000000 0.000000000
1609059919.710699797 0.000000000 0.000000000
1609059919.759960651 0.000000000 0.000000000
1609059919.760735273 0.000000000 0.000000000
1609059919.784995079 0.000000000 0.000000000
1609059919.785755873 0.000000000 0.000000000
1609059919.809956551 0.000000000 0.000000000
1609059919.810728073 0.000000000 0.000000000
1609059919.835028410 0.000000000 0.000000000
1609059919.860010386 0.000000000 0.000000000
1609059919.860782146 0.000000000 0.000000000
1609059919.885708809 0.000000000 0.000000000
1609059919.935011387 0.000000000 0.000000000
1609059919.935788393 0.000000000 0.000000000
1609059919.960014820 0.000000000 0.000000000
1609059919.960821629 0.000000000 0.000000000
1609059919.985000849 0.000000000 0.000000000
1609059919.985696316 0.000000000 0.000000000
1609059920.010021925 0.000000000 0.000000000
1609059920.035001755 0.000000000 0.000000000
1609059920.035780430 0.000000000 0.000000000
1609059920.060567379 0.000000000 0.000000000
1609059920.060860634 0.000000000 0.000000000
1609059920.109982252 0.000000000 0.000000000
1609059920.110696077 0.000000000 0.000000000
1609059920.134979010 0.000000000 0.000000000
1609059920.135823965 0.000000000 0.000000000
1609059920.160017252 0.000000000 0.000000000
1609059920.160794020 0.000000000 0.000000000
1609059920.184982538 0.000000000 0.000000000
1609059920.209990025 0.000000000 0.000000000
1609059920.234988689 0.000000000 0.000000000
1609059920.284947634 0.000000000 0.000000000
1609059920.309979439 0.000000000 0.000000000
1609059920.310740709 0.000000000 0.000000000
1609059920.334998369 0.000000000 0.000000000
1609059920.335712671 0.000000000 0.000000000
1609059920.359991312 0.000000000 0.000000000
1609059920.385013342 0.000000000 0.000000000
1609059920.385761976 0.000000000 0.000000000
1609059920.409984350 0.000000000 0.000000000
1609059920.410664320 0.000000000 0.000000000
1609059920.459939718 0.000000000 0.000000000
1609059920.460701942 0.000000000 0.000000000
1609059920.485015631 0.000000000 0.000000000
1609059920.485679626 0.000000000 0.000000000
1609059920.510578632 0.000000000 0.000000000
1609059920.510747433 0.000000000 0.000000000
1609059920.534973383 0.000000000 0.000000000
1609059920.559967041 0.000000000 0.000000000
1609059920.585696459 0.000000000 0.000000000
1609059920.634933710 0.000000000 0.000000000
1609059920.659977674 0.000000000 0.000000000
1609059920.660751820 0.000000000 0.000000000
1609059920.685709715 0.000000000 0.000000000
1609059920.709973574 0.000000000 0.000000000
1609059920.734981775 0.000000000 0.000000000
1609059920.735798359 0.000000000 0.000000000
1609059920.760713100 0.000000000 0.000000000
1609059920.811381817 0.000000000 0.000000000
1609059920.811585426 0.000000000 0.000000000
1609059920.834987640 0.000000000 0.000000000
1609059920.835740089 0.000000000 0.000000000
1609059920.859943628 0.000000000 0.000000000
1609059920.860710859 0.000000000 0.000000000
1609059920.884974003 0.000000000 0.000000000
1609059920.909970999 0.000000000 0.000000000
1609059920.910902739 0.000000000 0.000000000
1609059920.935693979 0.000000000 0.000000000
1609059920.984961271 0.000000000 0.000000000
1609059921.009968281 0.000000000 0.000000000
1609059921.010700941 0.000000000 0.000000000
1609059921.034926653 0.000000000 0.000000000
1609059921.035667181 0.000000000 0.000000000
1609059921.059964180 0.000000000 0.000000000
1609059921.084958553 0.000000000 0.000000000
1609059921.085705042 0.000000000 0.000000000
1609059921.109974623 0.000000000 0.000000000
1609059921.110694885 0.000000000 0.000000000
1609059921.159960508 0.000000000 0.000000000
1609059921.160753965 0.000000000 0.000000000
1609059921.184992075 0.000000000 0.000000000
1609059921.185760498 0.000000000 0.000000000
1609059921.209959030 0.000000000 0.000000000
1609059921.210691452 0.000000000 0.000000000
1609059921.235036135 0.000000000 0.000000000
1609059921.260030985 0.000000000 0.000000000
1609059921.264371634 0.000000000 0.000000000
1609059921.284982443 0.000000000 0.000000000
1609059921.285686731 0.000000000 0.000000000
1609059921.334974289 0.000000000 0.000000000
1609059921.335701466 0.000000000 0.000000000
1609059921.359959126 0.000000000 0.000000000
1609059921.360773802 0.000000000 0.000000000
1609059921.385683298 0.000000000 0.000000000
1609059921.409993887 0.000000000 0.000000000
1609059921.435011864 0.000000000 0.000000000
1609059921.435745955 0.000000000 0.000000000
1609059921.459955931 0.000000000 0.000000000
1609059921.460651636 0.000000000 0.000000000
1609059921.509916782 0.000000000 0.000000000
1609059921.534965277 0.000000000 0.000000000
1609059921.535838604 0.000000000 0.000000000
1609059921.559930086 0.000000000 0.000000000
1609059921.560735703 0.000000000 0.000000000
1609059921.585468531 0.000000000 0.000000000
1609059921.609976768 0.000000000 0.000000000
1609059921.610811472 0.000000000 0.000000000
1609059921.684963226 0.000000000 0.000000000
1609059921.685692310 0.000000000 0.000000000
1609059921.709984303 0.000000000 0.000000000
1609059921.710706472 0.000000000 0.000000000
1609059921.735027313 0.000000000 0.000000000
1609059921.735717773 0.000000000 0.000000000
1609059921.760066748 0.000000000 0.000000000
1609059921.784983397 0.000000000 0.000000000
1609059921.785726070 0.000000000 0.000000000
1609059921.810678720 0.000000000 0.000000000
1609059921.859912157 0.000000000 0.000000000
1609059921.884944916 0.000000000 0.000000000
1609059921.885718107 0.000000000 0.000000000
1609059921.909921408 0.000000000 0.000000000
1609059921.910665512 0.000000000 0.000000000
1609059921.935019970 0.000000000 0.000000000
1609059921.959969044 0.000000000 0.000000000
1609059921.960745573 0.000000000 0.000000000
1609059921.985681295 0.000000000 0.000000000
1609059922.034934521 0.000000000 0.000000000
1609059922.035711765 0.000000000 0.000000000
1609059922.059940577 0.000000000 0.000000000
1609059922.060806751 0.000000000 0.000000000
1609059922.084943056 0.000000000 0.000000000
1609059922.085687876 0.000000000 0.000000000
1609059922.109972000 0.000000000 0.000000000
1609059922.134967089 0.000000000 0.000000000
1609059922.135732651 0.000000000 0.000000000
1609059922.159961224 0.000000000 0.000000000
1609059922.160728216 0.000000000 0.000000000
1609059922.209939241 0.000000000 0.000000000
1609059922.234957933 0.000000000 0.000000000
1609059922.235689163 0.000000000 0.000000000
1609059922.260699987 0.000000000 0.000000000
1609059922.261152506 0.000000000 0.000000000
1609059922.284968853 0.000000000 0.000000000
1609059922.309952259 0.000000000 0.000000000
1609059922.310700655 0.000000000 0.000000000
1609059922.335628986 0.000000000 0.000000000
1609059922.385110140 0.000000000 0.000000000
1609059922.385635376 0.000000000 0.000000000
1609059922.409991503 0.000000000 0.000000000
1609059922.410736084 0.000000000 0.000000000
1609059922.434913158 0.000000000 0.000000000
1609059922.435694695 0.000000000 0.000000000
1609059922.459977865 0.000000000 0.000000000
1609059922.484972239 0.000000000 0.000000000
1609059922.485743761 0.000000000 0.000000000
1609059922.509983301 0.000000000 0.000000000
1609059922.510718584 0.000000000 0.000000000
1609059922.559982061 0.000000000 0.000000000
1609059922.560684204 0.000000000 0.000000000
1609059922.584974051 0.000000000 0.000000000
1609059922.585718393 0.000000000 0.000000000
1609059922.609954119 0.000000000 0.000000000
1609059922.610659122 0.000000000 0.000000000
1609059922.634950638 0.000000000 0.000000000
1609059922.659930468 0.000000000 0.000000000
1609059922.660710096 0.000000000 0.000000000
1609059922.684941292 0.000000000 0.000000000
1609059922.685640097 0.000000000 0.000000000
1609059922.734982491 0.000000000 0.000000000
1609059922.735665798 0.000000000 0.000000000
1609059922.759966850 0.000000000 0.000000000
1609059922.760743856 0.000000000 0.000000000
1609059922.785666227 0.000000000 0.000000000
1609059922.809972286 0.000000000 0.000000000
1609059922.834984064 0.000000000 0.000000000
1609059922.835735559 0.000000000 0.000000000
1609059922.860614777 0.000000000 0.000000000
1609059922.909920216 0.000000000 0.000000000
1609059922.910648108 0.000000000 0.000000000
1609059922.934952497 0.000000000 0.000000000
1609059922.935697794 0.000000000 0.000000000
1609059922.959905386 0.000000000 0.000000000
1609059922.960695982 0.000000000 0.000000000
1609059922.984953642 0.000000000 0.000000000
1609059923.009928703 0.000000000 0.000000000
1609059923.034934282 0.000000000 0.000000000
1609059923.035634041 0.000000000 0.000000000
1609059923.084936857 0.000000000 0.000000000
1609059923.085658550 0.000000000 0.000000000
1609059923.109939337 0.000000000 0.000000000
1609059923.110754013 0.000000000 0.000000000
1609059923.134968042 0.000000000 0.000000000
1609059923.135628462 0.000000000 0.000000000
1609059923.159951687 0.000000000 0.000000000
1609059923.184965849 0.000000000 0.000000000
1609059923.185740471 0.000000000 0.000000000
1609059923.209938049 0.000000000 0.000000000
1609059923.210639000 0.000000000 0.000000000
1609059923.259924173 0.000000000 0.000000000
1609059923.284966946 0.000000000 0.000000000
1609059923.285736799 0.000000000 0.000000000
1609059923.309957027 0.000000000 0.000000000
1609059923.310680389 0.000000000 0.000000000
1609059923.334950924 0.000000000 0.000000000
1609059923.359972477 0.000000000 0.000000000
1609059923.360728979 0.000000000 0.000000000
1609059923.384965658 0.000000000 0.000000000
1609059923.385664225 0.000000000 0.000000000
1609059923.434914589 0.000000000 0.000000000
1609059923.459915638 0.000000000 0.000000000
1609059923.460700035 0.000000000 0.000000000
1609059923.484986782 0.000000000 0.000000000
1609059923.485655069 0.000000000 0.000000000
1609059923.512159824 0.000000000 0.000000000
1609059923.534955502 0.000000000 0.000000000
1609059923.535629988 0.000000000 0.000000000
1609059923.560729980 0.000000000 0.000000000
1609059923.609940052 0.000000000 0.000000000
1609059923.610665798 0.000000000 0.000000000
1609059923.634972811 0.000000000 0.000000000
1609059923.635732889 0.000000000 0.000000000
1609059923.659897089 0.000000000 0.000000000
1609059923.660615206 0.000000000 0.000000000
1609059923.684885502 0.000000000 0.000000000
1609059923.709940195 0.000000000 0.000000000
1609059923.734943628 0.000000000 0.000000000
1609059923.735599995 0.000000000 0.000000000
1609059923.784995556 0.000000000 0.000000000
1609059923.785631180 0.000000000 0.000000000
1609059923.809956074 0.000000000 0.000000000
1609059923.811146021 0.000000000 0.000000000
1609059923.835736513 0.000000000 0.000000000
1609059923.859953880 0.000000000 0.000000000
1609059923.885029793 0.000000000 0.000000000
1609059923.885672808 0.000000000 0.000000000
1609059923.910648823 0.000000000 0.000000000
1609059923.959970236 0.000000000 0.000000000
1609059923.960721016 0.000000000 0.000000000
1609059923.984977484 0.000000000 0.000000000
1609059923.985754967 0.000000000 0.000000000
1609059924.009949684 0.000000000 0.000000000
1609059924.010665894 0.000000000 0.000000000
1609059924.034923077 0.000000000 0.000000000
1609059924.059990168 0.000000000 0.000000000
1609059924.060713291 0.000000000 0.000000000
1609059924.085696697 0.000000000 0.000000000
1609059924.134938002 0.000000000 0.000000000
1609059924.135653496 0.000000000 0.000000000
1609059924.159961224 0.000000000 0.000000000
1609059924.160756826 0.000000000 0.000000000
1609059924.184926987 0.000000000 0.000000000
1609059924.185687304 0.000000000 0.000000000
1609059924.209918261 0.000000000 0.000000000
1609059924.234901190 0.000000000 0.000000000
1609059924.235676289 0.000000000 0.000000000
1609059924.259885073 0.000000000 0.000000000
1609059924.260656357 0.000000000 0.000000000
1609059924.309900999 0.000000000 0.000000000
1609059924.334868908 0.000000000 0.000000000
1609059924.335630655 0.000000000 0.000000000
1609059924.359885931 0.000000000 0.000000000
1609059924.360677958 0.000000000 0.000000000
1609059924.384968996 0.000000000 0.000000000
1609059924.409937620 0.000000000 0.000000000
1609059924.434947729 0.000000000 0.000000000
1609059924.435726643 0.000000000 0.000000000
1609059924.484942675 0.000000000 0.000000000
1609059924.509916067 0.000000000 0.000000000
1609059924.510678053 0.000000000 0.000000000
1609059924.534916401 0.000000000 0.000000000
1609059924.535625935 0.000000000 0.000000000
1609059924.559881926 0.000000000 0.000000000
1609059924.584941387 0.000000000 0.000000000
1609059924.610594749 0.000000000 0.000000000
1609059924.659928322 0.000000000 0.000000000
1609059924.684965134 0.000000000 0.000000000
1609059924.685652733 0.000000000 0.000000000
1609059924.710993528 0.000000000 0.000000000
1609059924.711253166 0.000000000 0.000000000
1609059924.734889984 0.000000000 0.000000000
1609059924.759954691 0.000000000 0.000000000
1609059924.760709286 0.000000000 0.000000000
1609059924.784902096 0.000000000 0.000000000
1609059924.785620928 0.000000000 0.000000000
1609059924.834869623 0.000000000 0.000000000
1609059924.835634470 0.000000000 0.000000000
1609059924.859902382 0.000000000 0.000000000
1609059924.860735893 0.000000000 0.000000000
1609059924.884877205 0.000000000 0.000000000
1609059924.885623455 0.000000000 0.000000000
1609059924.909915686 0.000000000 0.000000000
1609059924.934947968 0.000000000 0.000000000
1609059924.935699224 0.000000000 0.000000000
1609059924.959882021 0.000000000 0.000000000
1609059924.960686922 0.000000000 0.000000000
1609059925.009886026 0.000000000 0.000000000
1609059925.034886360 0.000000000 0.000000000
1609059925.035629034 0.000000000 0.000000000
1609059925.059885502 0.000000000 0.000000000
1609059925.060599089 0.000000000 0.000000000
1609059925.084887981 0.000000000 0.000000000
1609059925.109956741 0.000000000 0.000000000
1609059925.110661983 0.000000000 0.000000000
1609059925.135605812 0.000000000 0.000000000
1609059925.209892035 0.000000000 0.000000000
1609059925.210732698 0.000000000 0.000000000
1609059925.234937668 0.000000000 0.000000000
1609059925.235594034 0.000000000 0.000000000
1609059925.259887695 0.000000000 0.000000000
1609059925.284929991 0.000000000 0.000000000
1609059925.285665274 0.000000000 0.000000000
1609059925.310595989 0.000000000 0.000000000
1609059925.359867096 0.000000000 0.000000000
1609059925.360688210 0.000000000 0.000000000
1609059925.384893894 0.000000000 0.000000000
1609059925.385652542 0.000000000 0.000000000
1609059925.409861565 0.000000000 0.000000000
1609059925.410691023 0.000000000 0.000000000
1609059925.434925795 0.000000000 0.000000000
1609059925.459908724 0.000000000 0.000000000
1609059925.460639954 0.000000000 0.000000000
1609059925.484931469 0.000000000 0.000000000
1609059925.485613585 0.000000000 0.000000000
1609059925.534910917 0.000000000 0.000000000
1609059925.559867382 0.000000000 0.000000000
1609059925.560781002 0.000000000 0.000000000
1609059925.584894180 0.000000000 0.000000000
1609059925.585598707 0.000000000 0.000000000
1609059925.609943867 0.000000000 0.000000000
1609059925.635024309 0.000000000 0.000000000
1609059925.635686636 0.000000000 0.000000000
1609059925.659872532 0.000000000 0.000000000
1609059925.660655499 0.000000000 0.000000000
1609059925.709862709 0.000000000 0.000000000
1609059925.734877348 0.000000000 0.000000000
1609059925.735635042 0.000000000 0.000000000
1609059925.759874582 0.000000000 0.000000000
1609059925.760675192 0.000000000 0.000000000
1609059925.784918308 0.000000000 0.000000000
1609059925.809933901 0.000000000 0.000000000
1609059925.810716152 0.000000000 0.000000000
1609059925.835590124 0.000000000 0.000000000
1609059925.884915829 0.000000000 0.000000000
1609059925.885552168 0.000000000 0.000000000
1609059925.909858227 0.000000000 0.000000000
1609059925.910682440 0.000000000 0.000000000
1609059925.934845209 0.000000000 0.000000000
1609059925.935584784 0.000000000 0.000000000
1609059925.959872246 0.000000000 0.000000000
1609059925.984883785 0.000000000 0.000000000
1609059925.985657930 0.000000000 0.000000000
1609059926.009838581 0.000000000 0.000000000
1609059926.010631800 0.000000000 0.000000000
1609059926.059849977 0.000000000 0.000000000
1609059926.060582399 0.000000000 0.000000000
1609059926.084869623 0.000000000 0.000000000
1609059926.085716724 0.000000000 0.000000000
1609059926.109881878 0.000000000 0.000000000
1609059926.110600233 0.000000000 0.000000000
1609059926.134857893 0.000000000 0.000000000
1609059926.159864187 0.000000000 0.000000000
1609059926.160763264 0.000000000 0.000000000
1609059926.185574770 0.000000000 0.000000000
1609059926.234849691 0.000000000 0.000000000
1609059926.235565186 0.000000000 0.000000000
1609059926.259883404 0.000000000 0.000000000
1609059926.260670900 0.000000000 0.000000000
1609059926.284860611 0.000000000 0.000000000
1609059926.285573721 0.000000000 0.000000000
1609059926.309867620 0.000000000 0.000000000
1609059926.334887743 0.000000000 0.000000000
1609059926.335642099 0.000000000 0.000000000
1609059926.360646248 0.000000000 0.000000000
1609059926.409869671 0.000000000 0.000000000
1609059926.434875250 0.000000000 0.000000000
1609059926.435645103 0.000000000 0.000000000
1609059926.459839344 0.000000000 0.000000000
1609059926.460576296 0.000000000 0.000000000
1609059926.484861374 0.000000000 0.000000000
1609059926.509999752 0.000000000 0.000000000
1609059926.534921169 0.000000000 0.000000000
1609059926.535600185 0.000000000 0.000000000
1609059926.585086823 0.000000000 0.000000000
1609059926.586067915 0.000000000 0.000000000
1609059926.609937191 0.000000000 0.000000000
1609059926.610952854 0.000000000 0.000000000
1609059926.634889841 0.000000000 0.000000000
1609059926.635576487 0.000000000 0.000000000
1609059926.659971476 0.000000000 0.000000000
1609059926.684839487 0.000000000 0.000000000
1609059926.709872246 0.000000000 0.000000000
1609059926.710736752 0.000000000 0.000000000
1609059926.759975433 0.000000000 0.000000000
1609059926.760581017 0.000000000 0.000000000
1609059926.784848690 0.000000000 0.000000000
1609059926.785701513 0.000000000 0.000000000
1609059926.809871912 0.000000000 0.000000000
1609059926.810551405 0.000000000 0.000000000
1609059926.834855795 0.000000000 0.000000000
1609059926.859864950 0.000000000 0.000000000
1609059926.885543823 0.000000000 0.000000000
1609059926.935428858 0.000000000 0.000000000
1609059926.935596943 0.000000000 0.000000000
1609059926.959849834 0.000000000 0.000000000
1609059926.960716009 0.000000000 0.000000000
1609059926.984841824 0.000000000 0.000000000
1609059926.985573292 0.000000000 0.000000000
1609059927.009868860 0.000000000 0.000000000
1609059927.034878731 0.000000000 0.000000000
1609059927.060606003 0.000000000 0.000000000
1609059927.109867334 0.000000000 0.000000000
1609059927.134902000 0.000000000 0.000000000
1609059927.135610104 0.000000000 0.000000000
1609059927.160666466 0.000000000 0.000000000
1609059927.184878111 0.000000000 0.000000000
1609059927.209895611 0.000000000 0.000000000
1609059927.210639000 0.000000000 0.000000000
1609059927.234940052 0.000000000 0.000000000
1609059927.235698938 0.000000000 0.000000000
1609059927.284937143 0.000000000 0.000000000
1609059927.285542965 0.000000000 0.000000000
1609059927.310004473 0.000000000 0.000000000
1609059927.310751200 0.000000000 0.000000000
1609059927.334856749 0.000000000 0.000000000
1609059927.335585117 0.000000000 0.000000000
1609059927.359889746 0.000000000 0.000000000
1609059927.384888887 0.000000000 0.000000000
1609059927.385653019 0.000000000 0.000000000
1609059927.410586596 0.000000000 0.000000000
1609059927.459900141 0.000000000 0.000000000
1609059927.460573673 0.000000000 0.000000000
1609059927.484859943 0.000000000 0.000000000
1609059927.485646009 0.000000000 0.000000000
1609059927.509884119 0.000000000 0.000000000
1609059927.510571718 0.000000000 0.000000000
1609059927.534873724 0.000000000 0.000000000
1609059927.559957027 0.000000000 0.000000000
1609059927.560683966 0.000000000 0.000000000
1609059927.584822416 0.000000000 0.000000000
1609059927.585527658 0.000000000 0.000000000
1609059927.634931326 0.000000000 0.000000000
1609059927.635563374 0.000000000 0.000000000
1609059927.659849882 0.000000000 0.000000000
1609059927.660635233 0.000000000 0.000000000
1609059927.684938431 0.000000000 0.000000000
1609059927.685561419 0.000000000 0.000000000
1609059927.712135792 0.000000000 0.000000000
1609059927.734881163 0.000000000 0.000000000
1609059927.735647917 0.000000000 0.000000000
1609059927.760616779 0.000000000 0.000000000
1609059927.809870720 0.000000000 0.000000000
1609059927.834873438 0.000000000 0.000000000
1609059927.835522890 0.000000000 0.000000000
1609059927.859882355 0.000000000 0.000000000
1609059927.860558987 0.000000000 0.000000000
1609059927.884865761 0.000000000 0.000000000
1609059927.909874201 0.000000000 0.000000000
1609059927.934880495 0.000000000 0.000000000
1609059927.935593128 0.000000000 0.000000000
1609059927.984825373 0.000000000 0.000000000
1609059928.009817362 0.000000000 0.000000000
1609059928.010597229 0.000000000 0.000000000
1609059928.035038710 0.000000000 0.000000000
1609059928.035522461 0.000000000 0.000000000
1609059928.059855700 0.000000000 0.000000000
1609059928.084834099 0.000000000 0.000000000
1609059928.085525513 0.000000000 0.000000000
1609059928.160198450 0.000000000 0.000000000
1609059928.160561562 0.000000000 0.000000000
1609059928.184833527 0.000000000 0.000000000
1609059928.185646296 0.000000000 0.000000000
1609059928.209794760 0.000000000 0.000000000
1609059928.210578918 0.000000000 0.000000000
1609059928.234798431 0.000000000 0.000000000
1609059928.259845972 0.000000000 0.000000000
1609059928.260610580 0.000000000 0.000000000
1609059928.284839153 0.000000000 0.000000000
1609059928.285518885 0.000000000 0.000000000
