timestamp,angular_velocity.x,angular_velocity.y,angular_velocity.z,linear_acceleration.x,linear_acceleration.y,linear_acceleration.z
1785985334.6922355,0.004218560643494129,0.0004920873325318096,-0.0014397609047591686,0.18725019693374634,-0.03956781327724337,9.785221099853516
1785985334.7124546,0.002714470960199833,0.0026148855686187744,-0.0008241140167228881,0.19130009412765503,-0.0361214280128467,9.829249382019043
1785985334.7312262,0.001739424653351307,-0.0017808916745707393,0.00035355420550331495,0.2015351951122284,-0.015104733407496206,9.805907249450684
1785985334.7539577,0.0032281489111483097,0.0021760426461696625,-0.0006528854719363155,0.17438966035842896,-0.029305383563040483,9.836984634399414
1785985334.7734907,-0.0016869413666427135,-0.0018022878793999553,-0.0002986770705319939,0.1916331946849823,-0.04693944752216219,9.814438819885254
1785985334.7922275,-0.003687674179673195,-5.344394594430974e-05,-0.004141015000641346,0.17974257469177246,-0.0521441251039493,9.796651840209961
1785985334.8187635,-0.000689149834215641,0.0009943556506186724,-0.00048597384011372935,0.19127804040908813,-0.04646678268909334,9.795697212219238
1785985334.83122,-0.0032497947104275227,0.001208486035466194,-0.0010290415957570078,0.17056027054786682,-0.07619456946849702,9.804197311401367
1785985334.8526816,0.005633029155433178,0.0005740126362070442,0.0009744816925376653,0.20041987299919128,-0.06340305507182956,9.796123504638672
1785985334.8723483,-0.0027658063918352127,0.0033481521531939507,0.00013173191109672148,0.182905375957489,-0.050172269344328634,9.81161880493164
1785985334.8905683,0.0015832651406526566,-0.001429079566150904,-0.002141757868230343,0.1790914535522461,-0.015411213040350666,9.8118314743042
1785985334.9127586,0.0027216263115406036,-7.511745207011697e-05,0.0002184240729548037,0.1916591227054596,-0.027095690369604814,9.831583976745605
1785985334.9304318,0.0009543774649500847,0.0004048540722578764,-0.00015858857659623032,0.19803836941719055,-0.010130673646925678,9.815239906311035
1785985334.9510248,-0.004176175221800804,-0.001116998959332705,-0.0034743286669254303,0.17064914107322693,-0.02174459397792696,9.8118257522583
1785985334.972313,0.004109582863748074,-0.0039664264768362045,0.00032183609437197496,0.18919014930725098,-0.033555060625075094,9.8230562210083
1785985334.991508,0.001026707235723734,0.00034645001869648695,-0.0001990576856769622,0.1959238350391388,-0.01851646602153658,9.804426193237305
1785985335.0111966,-0.002577261533588171,0.0002820946974679826,-0.0012819187249988317,0.1781948208808899,-0.037013620138167135,9.80161190032959
1785985335.030394,-0.0017027242574840784,0.000535238301381469,0.0014782487414777279,0.17706695199012756,-0.020763918757437463,9.783320426940918
1785985335.0510943,0.001297083217650652,0.0024371813051402564,-0.001966905547305942,0.18388506770133972,-0.003539867699145073,9.78271198272705
1785985335.0721884,-5.729799158871174e-05,0.0006920722080394627,0.0005229872767813503,0.2066228687763214,-0.013329029083250753,9.803053855895996
1785985335.0905035,-0.0014577885158360004,0.0014181094011291862,0.0007644126308150587,0.20511698722839355,-0.019768506288527242,9.803378105163574
1785985335.112307,-0.00026181619614362717,-0.003234386909753084,-0.00013883790234103758,0.17746597528457642,-0.025313951075075856,9.809684753417969
1785985335.1305053,-0.003578438889235258,-0.0016282874858006835,0.0006444967584684493,0.17693477869033813,0.015421345829964885,9.801775932312012
1785985335.1536062,-0.0015711216256022453,0.0008668123045936228,0.0006852303631603717,0.19470348954200745,0.00035403668880583036,9.830512046813965
1785985335.172293,0.003219280857592821,-0.00040768063627183416,0.0017198750283569098,0.1902226209640503,-0.026058197021483175,9.80105972290039
1785985335.19033,0.004186430014669895,-0.0010715585667639969,0.0010199809912592175,0.2096121907234192,0.006269343197346936,9.817042350769043
1785985335.2105744,-0.005064382217824459,0.003079914953559637,-0.0016758581623435025,0.178561270236969,-0.015458658337591876,9.818284034729004
1785985335.2305632,-0.0065480787307024,0.0018591400003060699,-9.280914673581742e-05,0.18483564257621765,-0.018157333135603658,9.814704895019531
1785985335.25397,-0.0015520027372986078,-0.0027657062746584415,0.0011121009010821585,0.1670636385679245,-0.02425100654363512,9.809927940368652
1785985335.2723436,-0.003123705042526126,-0.00037106618401594476,-0.0015126614598557353,0.1652737706899643,-0.015446834266184562,9.788734436035156
1785985335.2906473,0.004341517575085163,-0.0020479075610637665,-0.00020095256331842368,0.19076523184776306,-0.04848529398441195,9.77814769744873
1785985335.3122098,0.00035897339694201946,0.0010147375287488103,0.0008427934371866285,0.15328414738178253,-0.02231311798095583,9.801037788391113
1785985335.3316884,-0.0026743861380964518,0.0014722320483997466,0.0008914351346902547,0.16570129990577698,-0.038086533546446553,9.789090156555176
1785985335.3509088,-0.0015042778104543686,-0.0014073499478399751,0.0015009671915322544,0.21466298401355743,-0.007738821208475818,9.813323020935059
1785985335.3711011,-0.003032417269423604,-0.0014603640884160995,-0.000330003153067082,0.19256363809108734,-0.06124083697795748,9.806147575378418
1785985335.3922243,0.00011263159103691578,-0.0010435599833726883,0.0007430684636346997,0.19849516451358795,-0.0395115464925754,9.79089641571045
1785985335.4122384,-0.0067298514768481255,0.00012817789684049774,-0.0009599036420695484,0.1749623566865921,-0.043640315532683126,9.826985359191895
1785985335.4311585,0.00029521132819354534,-0.0008765123784542083,0.0004620287800207735,0.16760723292827606,-0.014365114271639579,9.788379669189453
1785985335.4529936,-0.006442352198064327,-0.001238551223650575,-0.002043663989752531,0.1692187339067459,-0.01975899189710497,9.803282737731934
1785985335.471594,-0.0061311740428209305,0.0006873138481751085,0.0008937672828324138,0.17470526695251465,-0.051412269473074666,9.80189037322998
1785985335.4910042,-0.0002890846226364374,0.001469608279876411,-0.0004052713629789652,0.15634989738464355,-0.016506873071192498,9.782933235168457
1785985335.5103848,0.0023713840637356043,0.00234765512868762,0.0001473454321967435,0.1672416776418686,-0.005753532052038901,9.787294387817383
1785985335.532605,-0.003044848097488284,-0.0001550023735035214,-0.002589921001344919,0.16778625547885895,-0.030000552535055864,9.836324691772461
1785985335.5525203,-0.006008417345583439,0.0011012266622856255,-0.0036362409591674805,0.21660394966602325,-0.041047438979147664,9.782732963562012
1785985335.5713124,0.004155810922384262,-0.0007928714621812103,0.0016270193737000227,0.18178826570510864,-0.037580832839010946,9.81136417388916
1785985335.5903811,-0.008288862183690071,-0.0005779389757663014,-0.0020794235169887543,0.16185279190540314,-0.09229087829589724,9.794485092163086
1785985335.6537669,-0.005269039422273636,0.003914529923349619,-0.0006174769368954007,0.1909460872411728,-0.02909637987613558,9.801487922668457
1785985335.6701648,-0.00025178492069244385,-0.0012089260853826997,0.0017793654697015884,0.18108902871608734,-0.01912175863981127,9.813653945922852
1785985335.689381,-0.004013489931821823,-0.004333038814365864,-2.7361369575373296e-05,0.1759483814239502,-0.04902306199073671,9.8394193649292
1785985335.7110872,-0.004679648205637932,1.6526522813365e-05,0.001109560951590538,0.18232695758342743,-0.038433775305746785,9.815133094787598
1785985335.7299912,-0.004254513420164585,-0.0006737995427101842,0.007415585219860077,0.03862888738512993,-0.07745441794395326,9.814282417297363
1785985335.7525911,-0.006947265937924385,0.0007160872919485001,0.023377692326903343,0.3581725060939789,0.19837093353271606,9.900229454040527
1785985335.7712636,0.006279532797634602,1.6112549928946616e-05,-0.013624816201627254,-0.11869370937347412,-0.2551571726798999,9.969587326049805
1785985335.7903457,-0.0055534932762384415,0.0002638079167809298,-0.032474976032972336,0.289999395608902,0.027908049523831593,9.638520240783691
1785985335.8122869,-0.017610786482691765,0.0018157480517402389,0.0791035071015358,0.22201086580753326,0.023336641490460636,9.742767333984375
1785985335.8307972,0.015012768097221851,-0.0016223572893068272,-0.06343545764684677,0.01305318996310234,-0.22080497443675876,9.794596672058105
1785985335.8532002,-0.0020412674639374018,0.0005284165963530556,0.01257559098303318,0.35679179430007935,0.07382740825414778,9.874515533447266
1785985335.8706057,-0.007928824983537197,0.0018123451154679086,0.02141323685646057,0.18779341876506805,-0.1226736456155765,9.725269317626953
1785985335.8898346,0.012125351466238499,-0.003887776285409931,-0.027217207476496696,0.27908918261528015,-0.046944931149481534,9.771595001220703
1785985335.9214551,-0.006706602871417999,0.0034487040247768164,0.0007990954909473653,0.1413613259792328,-0.13752998411655307,9.808367729187012
1785985335.9303522,-0.0016968038398772478,0.00033058758708648205,-0.014620628207921982,0.18153530359268188,0.028150826692582388,9.886059761047363
1785985335.953102,0.001025800360366702,5.2201998187229884e-05,0.006927706766873598,0.21910478174686432,0.02917015552520873,9.892343521118164
1785985335.9694328,0.0011706461664289236,0.0007658741669729347,-0.00466132303699851,0.1665973961353302,-0.010864265263079402,9.753504753112793
1785985335.9906106,-0.0026523813139647245,0.0012183027574792509,0.0036231314297765493,0.1462344080209732,0.008791863918305633,9.717628479003906
1785985336.0118089,-0.01236741617321968,0.0007777244318276642,-0.0018761692335829139,0.10460904240608215,0.05793467909097791,9.764893531799316
1785985336.0309498,-0.004333167336881161,-0.0035764421336352825,-0.00021703790116589473,0.15465250611305237,0.008903786540032628,9.754890441894531
1785985336.053122,-0.0024309258442372084,0.004387144464999438,0.0038810383994132276,0.2248823493719101,-0.030657701194285136,9.888348579406738
1785985336.069989,0.00043509178794920444,0.0012462993618100875,-0.005045554134994745,0.22064565122127533,-0.003777191042898883,9.818378448486328
1785985336.0906627,0.0015507827047258615,-0.0036972039379179478,5.957701068837241e-05,0.20110897719860077,-0.08168594539165375,9.96021842956543
1785985336.1096811,0.002940983744338155,-0.003493005875498057,-0.002784643322229385,0.21680347621440887,-0.03125115483999133,9.75318431854248
1785985336.1289911,-0.0006347778253257275,0.0017019070219248535,0.0018808813765645025,0.2783045470714569,0.010228380560876145,9.841890335083008
1785985336.1522076,0.0014510310720652342,0.0018717820057645436,-0.0040675802156329155,0.2669883072376251,0.019345439970494514,9.773277282714844
1785985336.170552,0.0028426845092326403,-0.0007866509258747099,0.001508404966443777,0.21374139189720154,0.03182368353009345,9.84112548828125
1785985336.1903942,-0.0008662512991577387,-0.0004131505556870255,-0.002542543690651655,0.1566174477338791,0.038467623293401004,9.763992309570312
1785985336.211463,-0.002717836992815137,0.001942782779224217,-0.0005094002117402854,0.17615649104118347,-0.013768061995505065,9.965544700622559
1785985336.2294655,0.0006721008103340864,-0.0009351915214210748,0.0008169276989065112,0.2764320373535156,-0.044145151972769484,9.870800018310547
1785985336.2524087,0.0030489631462842226,-0.0011377222836017609,0.000545359856914729,0.22353719174861908,-0.012890629470347153,9.848848342895508
1785985336.2709417,0.0004294558893889189,-0.0037280158139765263,-0.0006694227340631183,0.17918173968791962,0.003833979368211026,9.693264961242676
1785985336.290198,-0.00012887315824627876,-0.0005688865203410389,-0.0016499350313097239,0.12539874017238617,-0.015687361359595052,9.790929794311523
1785985336.309832,0.0032657186966389418,0.004586526192724706,0.003878201590850949,0.17280837893486023,0.06414492428302884,9.739356994628906
1785985336.3296504,0.0017551754135638475,0.002345320302993059,0.0011469789315015075,0.20260106027126312,-0.014836572110651723,9.80616283416748
1785985336.3525443,-0.0017562841530889273,-0.0022450545802712436,0.002101643010973931,0.15683695673942566,0.05274974554777267,9.942084312438965
1785985336.3703673,-0.009381001815199852,0.0010782581521198153,-0.0002752178697846831,0.1853792667388916,-0.0008238777518260445,9.761652946472168
1785985336.3901465,-0.004399488680064678,4.13483940064889e-06,-0.001471853582188487,0.16359184682369232,-0.01567871868610262,9.791345596313477
1785985336.4100811,-0.0005807711277157068,-0.002470275852829218,0.0004777404246851805,0.19157280027866364,-0.037120729684828505,9.847769737243652
1785985336.4305692,0.003084043739363551,-0.0011546190362423656,0.0011352834990248086,0.127828910946846,0.02065320312976957,9.78357219696045
1785985336.4529526,-0.009087399579584599,-0.0003176447935402392,0.0007691142382100224,0.18304169178009033,-0.013249963521956192,9.845037460327148
1785985336.470467,0.001393790589645505,0.002747113350778818,3.382314753252979e-05,0.21144074201583862,-0.052887141704558126,9.812524795532227
1785985336.48907,-0.00307938433252275,0.0012664459645748138,-0.0003104343195445837,0.27596819400787354,0.01366488635540129,9.823540687561035
1785985336.509274,-0.005126842297613621,0.0014081333065405488,0.00011387637641746533,0.17295290529727936,0.006152600049973739,9.836408615112305
1785985336.5300734,0.003342933254316449,-0.00010068342089652992,0.0018633927684277296,0.2701874375343323,0.04332257807254912,9.867115020751953
1785985336.5524507,-0.0024377054069191217,-0.0029340209439396863,-0.0018512527458369728,0.18254590034484863,0.03371275216341139,9.826249122619629
1785985336.571449,-0.00823157373815775,-0.0005406499840319156,0.0007694485248066486,0.12431603670120239,0.04313192144036413,9.807520866394043
1785985336.5903897,0.00595790334045887,0.003630219958722592,0.0021164359059184785,0.16142264008522034,-0.026110231876372094,9.765357971191406
1785985336.6110418,-0.0016391878016293049,-0.0007288346532732249,-0.0008048550807870923,0.22234255075454712,-0.023883864283560506,9.806953430175781
1785985336.6302762,0.0027298240456730127,-5.757994949817637e-05,0.0016478420002385974,0.19004680216312408,-0.029948003590105757,9.849480628967285
1785985336.6522808,0.0018427495379000902,-0.00037725153379142295,-0.0008330860291607678,0.18318495154380798,-0.006377995014189474,9.797200202941895
1785985336.6699517,-0.00047076656483113766,0.00017324648797512044,-0.0008330243290401995,0.27298808097839355,-0.023611634969710114,9.725546836853027
1785985336.6888726,0.0032050705049186945,-0.0015942436875775454,0.0017832473386079075,0.19162768125534058,0.027569815516473067,9.831611633300781
1785985336.7116148,-0.005024775862693787,0.0020111603662371635,0.0007751812809146939,0.1316295862197876,-0.030609309673308133,9.74283504486084
1785985336.730235,-0.00524780061095953,0.0008962826104834677,0.0010090233990922568,0.171202152967453,-0.010322518646715888,9.663533210754395
1785985336.7530313,-0.00129531673155725,0.0005506796296685935,0.0005424906848929821,0.1286003291606903,-0.07177865505218385,9.863163948059082
1785985336.7701292,0.0006920171435922384,0.001361777656711638,-5.224607593845593e-05,0.26111936569213867,-0.07734517753124116,9.883813858032227
1785985336.7896054,0.005300787277519703,0.0023620901629328723,-0.002044097520411015,0.1929960399866104,-0.012942515313624132,9.828024864196777
1785985336.8115544,0.000791710102930665,-0.00030009890906512737,-7.925466343294825e-05,0.1865749955177307,-0.02055326104164003,9.830260276794434
1785985336.829762,0.004843458533287048,0.0030977162532508373,0.0005411515012383458,0.1810055375099182,-0.08407948911189912,9.843728065490723
1785985336.852318,-0.0008256975561380386,-0.0034171598963439465,-0.0017603551968932147,0.2803358733654022,-0.08706866204738498,9.77784252166748
1785985336.8703067,0.0006914401892572641,-4.3661100789904533e-05,0.0004887536633759737,0.022383302450180054,0.095391593873502,9.670026779174805
1785985336.8902574,-0.0004280318971723318,0.00045726855751127026,0.0017418070929124951,0.14100705087184906,0.10667470097541931,9.953751564025879
1785985336.909513,-0.0025061217602342367,-0.0002603784669190646,-0.00042428373126313085,0.2293715476989746,-0.0029526874423015043,9.79616641998291
1785985336.92913,0.00536275003105402,0.0006425450555980208,0.0014306878438219428,0.07222019135951996,-0.12585702538490176,9.743228912353516
1785985336.9541686,-0.0011898558586835861,-0.0020045121200382714,-0.0018876341637223957,0.18570202589035034,0.09378036856651427,9.867294311523438
1785985336.970535,-0.0010718549601733685,0.0004589250311255453,-0.0016729456838220358,-0.2845573127269745,-0.21598236262798187,10.077627182006836
1785985336.9895835,9.91851557046175e-05,0.0006678719073534012,-0.00024312867026310422,0.09598669409751892,0.0677988529205334,9.686555862426758
1785985337.0095832,0.0030855436343699694,0.001507962238974869,-0.0013077547773718836,0.16493435204029083,-0.23271329700946686,9.905354499816895
1785985337.030215,-0.0003307489678263664,0.002227029064670205,-0.0014259754680097105,0.03899732977151871,0.03232421353459477,9.66487979888916
1785985337.0522187,-0.012848999351263046,-0.003781577572226525,-0.003158624749630689,-0.10116377472877502,-0.1058599054813373,9.812113761901855
1785985337.070261,0.0013013759162276983,-0.004223891068249941,0.0013197255320847039,0.13439802825450897,-0.03332194685935855,9.731597900390625
1785985337.0890021,-0.007995492778718472,0.0031135412864387035,0.0015805526636540885,-0.013586025685071945,-0.07366554439067721,9.713902473449707
1785985337.111237,-0.0023424711544066668,-0.002796076238155366,-0.005450937431305647,0.3179788887500763,0.1105671375989926,9.870841026306152
1785985337.130016,-0.002356114098802209,-0.0027185739018023014,-0.00126636354252696,0.17397081851959229,-0.2904124259948719,9.718537330627441
1785985337.1527798,0.0014727904926985502,-0.003768205642700195,0.0025493055582046513,0.03689463436603546,-0.3073356747627246,9.786994934082031
1785985337.1706767,0.0014264390338212252,-0.0009629535488784313,-4.388489469420153e-05,0.4444880187511444,0.04373066127300383,9.855443000793457
1785985337.1891298,-0.00411683414131403,-0.0011585308238863945,5.53832651348786e-05,0.38812217116355896,-0.04057282209396242,9.817304611206055
1785985337.2133238,0.004301990382373333,-0.003933920059353113,0.0001744771871017297,0.31053972244262695,0.07315032184124114,9.879185676574707
1785985337.2287896,0.0021441245917230844,-0.011985262855887413,-0.0026961611583828913,0.21825192868709564,0.06421471387148023,9.696577072143555
1785985337.254587,0.00369812804274261,-0.0071200295351445675,-0.00016470374248456123,0.1408793330192566,0.17005018889904144,10.00631046295166
1785985337.2695444,0.002178395865485072,-0.004650305025279522,0.00027356002829037666,0.12788791954517365,0.15648651123046997,9.954306602478027
1785985337.2909832,0.007366028614342213,-0.004054924473166466,0.0016183365369215612,0.22484464943408966,-0.0960589349269855,9.73918342590332
1785985337.310801,-0.0019472890999168158,-0.006769151426851749,-0.0021773718763142815,0.39583078026771545,-0.018685884773730038,9.737908363342285
1785985337.3303337,-0.0034252845216542482,-0.00819713156670332,0.0018191885901615034,0.09329329431056976,-0.025905199348925337,9.867683410644531
1785985337.354537,-0.009837498888373375,-0.012814413756132126,-0.0013649439206346854,0.2719632387161255,0.10537687689066053,9.736221313476562
1785985337.3707376,-0.0010750917717814445,-0.009169495664536953,0.0026257883291691555,0.3224697709083557,0.07484307885170102,9.802002906799316
1785985337.3902647,-0.003582712495699525,-0.012289779260754585,-0.0029361944179981934,0.1902645230293274,0.12330953776836519,10.055248260498047
1785985337.4104338,-0.0003124689683318138,-0.009416279383003712,-5.3702591685577075e-05,0.25512081384658813,0.07057997584343077,9.908675193786621
1785985337.430399,-0.0007033399306237698,-0.016310235485434532,0.0006721335230395217,0.21723392605781555,-0.01012443751096604,9.916305541992188
1785985337.4531054,-0.004296952858567238,-0.01935693435370922,-0.001603656564839182,0.2449042946100235,0.011535793542863156,9.945068359375
1785985337.4705713,-0.00999394990503788,-0.023054607212543488,-0.0007520740618929239,0.29996946454048157,-0.020607218146322933,10.011775016784668
1785985337.4894817,-0.0027583844494074583,-0.01575583964586258,0.0009512278484180589,0.33889880776405334,0.03614455461502195,9.788086891174316
1785985337.511788,-0.0023895108606666327,-0.0187832023948431,-0.0024349691811948993,0.3178591728210449,-0.027569912374018415,9.848570823669434
1785985337.530443,-0.0004940740764141083,-0.02056088112294674,-0.0004912954755127405,0.280763179063797,-0.03932109475135683,9.779394149780273
1785985337.5525851,-0.006745390594005585,-0.026229193434119225,0.005144711118191484,0.2845393717288971,-0.17600966989993927,10.038125991821289
1785985337.5696554,-0.006227204576134682,-0.03145238012075424,-9.03045001905373e-05,0.2727738320827484,0.02872715145349622,9.755043983459473
1785985337.5890322,-0.021074166521430016,-0.042375776916742325,0.005066960584372287,0.27535274624824524,0.05651973187923554,10.00059986114502
1785985337.6092906,-0.018161233514547348,-0.052153173834085464,-0.0012595298467203912,0.1711701899766922,0.08264537155628325,9.87166690826416
1785985337.6297045,-0.018901260569691658,-0.05880027264356613,-0.002062449464574449,0.42668426036834717,0.026122227311135567,10.01966667175293
1785985337.652179,-0.029577935114502907,-0.065400630235672,0.00045702795614489225,0.29145917296409607,0.007569640874863876,9.836348533630371
1785985337.6704068,-0.026524534448981285,-0.06326156854629517,0.005088765174150475,0.2695838510990143,-0.2855756282806385,9.391097068786621
1785985337.6912403,-0.027789441868662834,-0.06275740265846252,0.005735619924962528,-0.20053665339946747,-0.09095425903797025,10.151646614074707
1785985337.7086592,-0.02806367166340351,-0.07015392929315567,0.00831009168177844,0.3588973581790924,-0.23190064728259926,9.343661308288574
1785985337.7286932,-0.023059172555804253,-0.08296077698469162,0.008348622359335433,0.5584703087806702,-0.14777791500091436,9.580109596252441
1785985337.7542074,-0.005134841427206993,-0.09658631682395935,0.006560271605849278,-0.2624865770339966,0.2015573382377637,10.273392677307129
1785985337.7707264,-0.0024555327836424112,-0.12046415358781815,0.0028602529782802014,-0.5573774576187134,0.17691211402416357,10.35002326965332
1785985337.7903168,-0.0041365716606378555,-0.15524551272392273,0.0040985895320773316,1.0137298107147217,-0.00817603617906455,9.418091773986816
1785985337.8140423,-0.005850331857800484,-0.18158875405788422,0.005429227836430095,0.695368766784668,0.10567680746317025,9.352571487426758
1785985337.8293405,-0.021435270085930824,-0.213007852435112,0.0017405909020453952,0.8585020303726196,0.02916317433118939,9.680752754211426
1785985337.8535743,-0.013485394418239594,-0.24183228611946106,0.01161517109721902,0.8714293837547302,0.10372359305620307,9.30163860321045
1785985337.8699534,0.01812742091715336,-0.2369309812784195,0.0005128899356350593,-0.510925829410553,0.5660933256149304,10.261397361755371
1785985337.8887818,0.008135941810905933,-0.17457644641399384,0.004102145787328503,0.6945602297782898,0.27500608563423273,9.739518165588379
1785985337.911333,-0.0018862916622310877,-0.09704515337944031,0.003070655511692178,-1.5924395322799683,0.30148172378540167,10.354085922241211
1785985337.929416,0.009073090739548206,-0.05927734076976776,-0.0032628213521093056,-1.2457852363586426,0.0182214155793203,10.621747970581055
1785985337.9539876,0.02290586568415165,-0.044889308512210846,-0.00516450079157948,0.35291627049446106,0.2896713614463819,10.54760456085205
1785985337.9700427,0.0016027807723730803,-0.058366306126117706,0.003477227408438928,0.03796835616230965,0.187371909618379,10.661017417907715
1785985337.9885306,-0.012082046829164028,-0.06071975454688072,-0.000911609386093907,0.453301340341568,-0.3705484271049487,10.564441680908203
1785985338.0135438,-0.03148017078638077,-0.11764594912528992,-0.0011223551118746257,-0.56246417760849,-0.50168740749359,11.308956146240234
1785985338.0301096,-0.02500017173588276,-0.12448523193597794,-0.0036818247754126635,0.9392045736312866,-0.19193653762340415,10.548221588134766
1785985338.0514865,0.0016113983001559973,-0.10157345235347748,0.006426754407584679,0.2591000199317932,0.3269348144531263,10.260321617126465
1785985338.0702617,0.039210472255945206,-0.02666592411696911,-0.0037841245066374506,0.020395290106534958,0.9233865141868604,10.340513229370117
1785985338.0898528,0.06115148216485977,-0.011647653765976429,-0.00011772415018640316,-0.013838782906532288,0.6011440157890332,10.068692207336426
1785985338.109053,0.06213444471359253,-0.000859534135088326,-0.011263405904173851,0.375294029712677,-0.10350662469863767,10.207014083862305
1785985338.1305227,0.04076497256755829,0.050092995166778564,-0.02519774809479714,0.18610098958015442,-0.1095056533813464,10.277792930603027
1785985338.152747,0.030798310413956642,0.1184568852186203,-0.025817159563303008,0.18610098958015442,-0.1095056533813464,10.277792930603027
1785985338.170348,0.050971027463674545,0.15332283079624176,-0.024147739633917826,-0.23757368326187134,0.9249963760375988,9.405050277709961
1785985338.188663,0.05593056231737137,0.2285504937171936,-0.027234308421611814,0.6517243385314941,-0.6451056599616992,9.69427490234375
1785985338.2110226,0.01615832932293415,0.32000941038131714,-0.024849385023117104,0.2343955934047699,-0.03997939825057869,9.374323844909668
1785985338.2302272,0.015417822636663914,0.39350420236587524,-0.04231300950050359,-1.5053564310073853,0.7188900113105786,10.23393726348877
1785985338.2525911,0.023008430376648903,0.4236971139907837,-0.016803570091724448,0.633712112903595,-0.2469180673360812,10.102715492248535
1785985338.2707415,-0.03247300535440445,0.44543325901031494,-0.015960423275828417,-4.035845756530762,1.27345907688141,10.98425579071045
1785985338.2901635,0.08623617887496948,0.49719905853271484,-0.012642177753150524,-1.4673256874084473,0.6589330434799208,11.279659271240234
1785985338.310124,0.07886102795600891,0.5395268797874451,-0.018520662561059064,-0.5875343084335327,0.6930646896362317,9.80090045928955
1785985338.3301084,0.019411131739616394,0.5926464200019836,-0.008518511429429127,-0.5875343084335327,0.6930646896362317,9.80090045928955
1785985338.352423,0.12397206574678421,0.5992801189422607,-0.022000726312398983,-0.5875343084335327,0.6930646896362317,9.80090045928955
1785985338.3699472,0.07120659947395325,0.5290543437004089,-0.011256829835474555,2.285604238510132,-0.1455018073320376,10.48873519897461
1785985338.4101214,0.038459762930870056,0.2903416156768799,-0.020561387762427365,-0.2520529329776764,0.11765182763338218,10.500844955444336
1785985338.428294,0.06044577807188034,0.21125231683254242,-0.032204698771238355,1.5823335647583008,0.016832575201989473,10.241004943847656
1785985338.4905958,0.040479011833667755,0.05271419882774353,-0.005978718400001532,-0.7205057144165039,0.39013266563415655,10.370105743408203
1785985338.528546,0.08585726469755173,0.06041460484266281,-0.01562513783574105,-0.887861430644989,-0.3154598772525774,10.906327247619629
1785985338.5541186,0.09501400589942932,0.14667537808418274,-0.002663426101207751,2.0899741649627686,-0.6704559326171862,10.862354278564453
1785985338.589618,0.07120073586702347,0.2527114450931549,-0.003943292424082787,-0.10273618996143341,0.24840907752514013,10.392260551452637
1785985338.6103725,0.10159289091825485,0.2605712115764618,0.0025798920542001403,-1.5569589138031006,0.6491485238075269,9.784626007080078
1785985338.6283493,0.06750161945819855,0.24682380259037018,0.002384009305387705,0.12043553590774536,0.18965235352516302,10.455459594726562
1785985338.6540864,0.10693272203207016,0.19810444116592407,0.002740453928709006,0.12043553590774536,0.18965235352516302,10.455459594726562
1785985338.6699839,0.134207621216774,0.13110075891017914,0.017460873350501043,-1.5472326278686523,1.211314082145692,9.07404613494873
1785985338.689802,0.10190120339393616,0.09374463558197021,0.007208318449556816,-1.0883139371871948,0.5993652939796459,9.512558937072754
1785985338.7524679,0.08984216302633286,0.05105433240532875,0.004575672093778843,-0.046359430998563766,0.16840776801109433,9.812957763671875
1785985338.8126943,0.07555268704891205,-0.005337023176252841,0.006193154957145453,0.27048251032829285,0.17906528711319084,9.32094955444336
1785985338.8293223,0.03918931633234024,-0.0014581386931240548,0.008416595868766308,-0.39319729804992676,0.17148268222808954,9.519011497497559
1785985338.869958,0.07157446444034576,0.0030849927570670865,0.019370947033166885,0.23746438324451447,8.62032175183304e-06,9.734801292419434
1785985338.8888724,0.026690132915973663,-0.015462406910955904,0.01993859931826592,-0.4303017258644104,0.31847092509269825,9.01852798461914
1785985338.9101157,0.024925678968429565,0.0008921375265345,0.018559256568551064,-0.4303017258644104,0.31847092509269825,9.01852798461914
1785985338.9541142,-0.04075785353779793,-0.04033058509230614,0.008331135846674447,-1.4762738943099976,0.42127498984336964,9.275664329528809
1785985339.0704138,-0.07606232166290283,-0.12408611178398132,-0.003232563380151972,0.2122710943222046,0.05157649144530415,9.672863006591797
1785985339.0888176,-0.08622244745492935,-0.09027160704135895,-0.0031955488957464587,-0.29461395740509033,0.24112135171890378,9.733034133911133
1785985339.1113174,-0.06695373356342316,-0.07598331570625305,-0.018411742523312558,-3.010951042175293,0.5402962565422069,9.354981422424316
1785985339.1288402,-0.0413745753467083,-0.10278160125017166,-0.0032888217829167717,2.133157730102539,-0.19074833393096796,10.315703392028809
1785985339.154132,-0.04398758336901665,-0.1092304140329361,-0.008536209352314458,-1.4270285367965698,0.43570652604103205,9.636443138122559
1785985339.2516742,-0.01843210868537426,-0.05476711317896843,-0.009425667114555829,-2.130770444869995,0.6274722814559949,9.541643142700195
1785985339.269107,-0.005850217305123806,-0.05268057435750961,0.00046983442734927584,-0.3761811852455139,0.20651373267173886,9.852923393249512
1785985339.2901568,0.005770093761384487,-0.008352551609277727,-0.010820751078426836,-3.2393240928649902,0.7536941766738903,9.259946823120117
1785985339.309807,0.03623891621828079,0.007495378609746694,-0.008523463271558286,1.641883134841919,0.3038125634193432,9.717277526855469
1785985339.3284202,0.03127328306436539,0.00760630378499627,-0.00893908739089966,0.27524885535240173,-0.021794311702250234,9.793204307556152
1785985339.3512762,0.01680643856525421,0.01847393624484539,-0.008270676247775556,-0.7865433096885681,1.264641284942628,8.96750259399414
1785985339.3706012,0.043834708631038666,0.00219393940642476,-0.005811505485326052,-0.7783210277557373,0.3010376095771801,9.672011375427246
1785985339.3885145,0.05428308621048927,0.01155990269035101,-0.0052700350061059015,-0.17680776119232178,0.3118027448654187,9.853728294372559
1785985339.4895961,0.009904420003294945,-0.023165768012404442,-0.008669753558933731,0.00975310429930687,0.10871411859989288,9.996772766113281
1785985339.5083475,0.011643446050584316,-0.03002854809165001,0.0010163716506212987,-0.4929567575454712,0.5360649824142468,9.574095726013184
1785985339.5288692,0.01829938404262066,-0.005012023262679578,-0.006862136535346507,-0.4929567575454712,0.5360649824142468,9.574095726013184
1785985339.5541751,0.037317659705877304,-0.05001953989267349,-0.0006025700131431161,-0.4929567575454712,0.5360649824142468,9.574095726013184
1785985339.5698977,0.0623382143676281,-0.07295119017362595,0.003186733927577743,-3.292573928833008,1.2490727901458751,9.332674026489258
1785985339.6284478,0.05012480914592743,-0.06272677332162857,0.004864880815148361,-3.292573928833008,1.2490727901458751,9.332674026489258
1785985339.6896899,-0.03841064125299454,0.008723214268684387,-0.0029609124176204213,-0.43404456973075867,0.21231061220169184,9.50134563446045
1785985339.7285058,-0.06212513893842697,0.04259193316102028,0.00230869092047214,-0.4924028515815735,0.0624817758798611,9.556818008422852
1785985339.754309,-0.02673966996371746,0.009257505647838116,-0.0038101519457995905,-0.5501435995101929,0.1661294400691998,9.835187911987305
1785985339.7700074,-0.017834875732660294,-0.02388143166899681,0.005013098474591973,-0.5058083534240723,0.40265184640884516,9.646656036376953
1785985339.7887442,-0.04448799416422844,-0.0014427644200623053,-0.014837555587291718,-0.5058083534240723,0.40265184640884516,9.646656036376953
1785985339.8185363,-0.03243224322795868,-0.04496364668011665,0.001997308107092982,-0.6347659230232239,0.6374540328979503,9.089378356933594
1785985339.8283253,0.006453902460634708,-0.07661747932434082,0.0007957842317409908,-0.46168261766433716,0.42638093233108637,9.46750259399414
1785985339.8515663,-0.004710332490503788,-0.07289464771747589,0.005568786989897498,-0.46168261766433716,0.42638093233108637,9.46750259399414
1785985339.890598,0.0332937091588974,0.01942688412964344,0.01076048333197832,-0.11358952522277832,0.4026266336441052,9.858465194702148
1785985339.9092908,0.05580470710992813,0.013243368826806547,0.010078902356326578,-0.37064605951309204,0.47753471136093256,9.544702529907227
1785985339.9304426,0.020541489124298096,-0.0026419525966048215,0.02180621027946472,-2.731288194656372,0.321113318204881,9.827589988708496
1785985339.9526978,-0.006147198379039764,-0.006625664420425892,0.002689484041184188,-2.731288194656372,0.321113318204881,9.827589988708496
1785985339.9886394,-0.024980157613754272,-0.016553135588765144,0.006723383441567423,-0.06049589067697525,0.4916541278362286,9.717966079711914
1785985340.0104342,-0.06651469320058823,0.012577009387314321,0.007301265373826025,-0.2376977503299713,0.12893021106720093,9.989189147949219
1785985340.070055,-0.07452423125505447,0.004393163602799177,-0.0003514057607389992,-0.39232614636421204,0.21944636106491208,9.7366304397583
1785985340.0882921,-0.07273822277784348,-0.011035498231649399,-0.006089880131185053,-0.018721843138337135,0.3469775319099438,9.466763496398926
1785985340.1107821,-0.03607572242617607,-0.02341487817466259,-0.01039896439760923,-0.3247227966785431,0.30886712670326355,10.096101760864258
1785985340.1303802,-0.028389334678649902,-0.037597183138132095,0.0011242185719311283,-0.3247227966785431,0.30886712670326355,10.096101760864258
1785985340.1523201,-0.01421261578798294,-0.05033234506845474,0.008783327415585525,-1.8627376556396484,0.8725574612617504,9.353513717651367
1785985340.170644,0.009750394150614738,-0.03890956938266754,0.0061971810646355195,-0.2825462520122528,0.4922436475753796,9.660333633422852
1785985340.1903694,-0.0008821070659905672,-0.007090982049703596,0.013690083287656309,-0.017865534871816635,0.2286670506000531,9.902850151062012
1785985340.2103024,0.03547742962837219,0.007721882313489916,0.013404447585344313,-0.017865534871816635,0.2286670506000531,9.902850151062012
1785985340.2292278,0.09782213717699051,-0.005481309723109006,0.009661048650741577,-0.3879915773868561,0.5264662504196178,9.417311668395996
1785985340.2543168,0.10237782448530197,0.004787062760442495,-0.00025257421657443106,0.6429356932640076,-0.30624091625213506,9.684003829956055
1785985340.2701058,0.09964542835950851,0.013962682336568832,-0.002514457097277047,-1.791521668434143,1.6332249641418468,8.56106185913086
1785985340.2884688,0.131204292178154,-0.04318041726946831,0.0010137390345335059,1.8095327615737915,0.3409458100795758,9.822087287902832
1785985340.3093777,0.10948368161916733,-0.1144612729549408,0.01737567968666555,-0.2515069246292114,0.43727782368660095,9.819683074951172
1785985340.3283286,0.08263019472360611,-0.09749838709831238,0.012135195545852196,-0.46208858489990234,0.32395720481872675,9.637293815612793
1785985340.3688648,0.11341533809900284,-0.02776109054684639,0.013345160521566871,0.3920696973800659,0.46483889222145197,9.550512313842773
1785985340.4108236,0.06517674028873444,-0.031232830137014386,0.020615980029106144,-0.3920108377933502,0.22158545255661125,9.327630996704102
1785985340.429255,0.07589136064052582,-0.022411214187741276,0.02022049762308598,-0.17795248329639435,0.1397601217031491,9.866954803466797
1785985340.451561,0.08852134644985199,-0.040593504905700684,0.019189734011888507,-0.17795248329639435,0.1397601217031491,9.866954803466797
1785985340.5092318,0.04673980921506882,-0.09191159158945084,0.01144815143197776,-1.7468721866607666,0.5424904823303234,9.270699501037598
1785985340.5705736,0.03731585666537285,-0.04819084703922272,0.014598442241549497,-0.04666966199874878,0.12534861266613123,9.468214988708496
1785985340.5904865,-0.00944457110017538,-0.05908045172691345,0.018110828474164016,-0.3627043068408966,0.0027056112885487163,9.802206039428711
1785985340.611441,-0.06817404925823212,-0.034224733710289,0.004319086205214266,-2.317633867263794,0.2823492586612713,9.577353477478027
1785985340.6705446,-0.0794336199760437,-0.025378936901688576,-0.0011215433478355377,-2.317633867263794,0.2823492586612713,9.577353477478027
1785985340.710473,-0.09802787750959396,-0.008058263920247557,-0.010685259476304053,-0.33249443769454956,0.30142024159431574,9.329341888427734
1785985340.7303443,-0.09176889061927795,0.010376233607530592,-0.013486397452652456,-0.17245198786258698,0.16099444031715515,10.059070587158203
1785985340.7545426,-0.09115328639745712,0.004671153612434863,-0.010401139035820961,-2.1280388832092285,-0.040238410234450094,9.824889183044434
1785985340.7706883,-0.05024375393986702,0.053762298077344894,-0.009678368456661708,0.22336679697036743,0.692387342453004,9.413909912109375
1785985340.819781,-0.05002966523170471,0.04680199176073074,0.002044524066150183,0.9718871116638184,0.22695788741111877,9.915239334106445
1785985340.829164,-0.02276879921555519,0.044657059013843536,0.007102159783244128,1.1133508682250977,-0.11235633492469667,9.856144905090332
1785985340.868889,-0.029514215886592865,0.0526985302567482,0.004832144360989326,0.8367787003517151,0.09795055538416032,10.04065227508545
1785985340.890954,-0.04241663217544556,0.05582243949174881,-0.0027431496419012616,-0.08556467294692993,0.26639747619629023,9.605463027954102
1785985340.910972,-0.06638919562101364,0.05209656432271004,-0.004147215280681855,-0.23134088516235352,0.1470462530851376,9.85587215423584
1785985340.9298592,-0.08447447419166565,0.06629668921232224,-0.011516164056956777,-0.34006524085998535,0.39555972814560053,9.533866882324219
1785985340.9528017,-0.06207427754998207,0.08541227132081985,-0.01907869428396226,-3.272462844848633,1.231180787086488,8.92573356628418
1785985340.9694595,-0.06038355454802513,0.053267739713191986,-0.015920680016279228,-3.272462844848633,1.231180787086488,8.92573356628418
1785985340.9908376,-0.07372942566871643,0.04092817381024361,-0.025416458025574688,-0.0294584222137928,0.34394893050193903,9.570759773254395
1785985341.0119042,-0.07409081608057022,0.012689333409070967,-0.018572207540273666,-0.0294584222137928,0.34394893050193903,9.570759773254395
1785985341.052999,-0.10155010968446732,-0.019239289686083797,-0.015406306833028792,2.2519874572753906,0.04832314327359319,9.760498046875
1785985341.0689776,-0.08538621664047241,-0.02702171728014946,-0.009492292068898674,-2.708970785140991,0.4320677518844616,9.33724594116211
1785985341.0880353,-0.0821339413523674,-0.046419449150562286,-0.014149447903037066,-1.668424129486084,0.9134024381637584,9.000724792480469
1785985341.1109166,-0.09501028060913086,-0.03565864637494087,-0.008986442349851126,0.9586478471755981,0.2756454646587384,9.787105560302734
1785985341.130957,-0.10169226676225662,-0.040767647325992584,0.009680024348199373,0.9586478471755981,0.2756454646587384,9.787105560302734
1785985341.170962,-0.015791531652212143,-0.05563194304704666,0.012943192385137088,1.2821180820465088,-0.9856948256492603,9.888797760009766
1785985341.1904778,-0.011067151091992855,-0.03727983683347702,0.025856444612145427,-2.486304759979248,0.9596554040908825,9.307939529418945
1785985341.2094908,0.02236640825867653,-0.0003488287329673749,0.014723916538059711,2.932344913482666,-1.2896144390106188,10.569870948791504
1785985341.2282267,0.04379552602767944,-0.01034319121390581,0.019166413694620132,2.932344913482666,-1.2896144390106188,10.569870948791504
1785985341.253442,0.06052885577082634,-0.011085799895226954,0.015467924997210504,-0.21982187032699585,0.306096136569978,9.547307968139648
1785985341.2706962,0.051231738179922104,0.018046598881483078,0.006480089388787744,-0.21982187032699585,0.306096136569978,9.547307968139648
1785985341.2901003,0.0655253604054451,0.06293973326683044,0.00458502955734729,0.031925175338983536,0.139505058526994,9.643463134765625
1785985341.308732,0.08366531133651733,0.04104243218898773,0.006808659527450795,-0.08831906318664551,0.021819427609444872,9.866605758666992
1785985341.32935,0.08959934115409851,0.03396916389465332,0.009882230311632153,-0.04150998592376709,0.3354538679122936,9.16313362121582
1785985341.3516197,0.03319401293992996,0.024433432146906853,0.011353370733559128,-0.042957618832588196,-0.07919166237115738,9.956705093383789
1785985341.3694952,-0.0088876998052001,0.031106898561120033,0.006906869355589148,-0.042957618832588196,-0.07919166237115738,9.956705093383789
1785985341.3907855,-0.025081569328904152,-0.05257854238152504,0.00943980738520623,-0.42267680168151855,0.21971414983272672,9.769631385803223
1785985341.4113002,-0.0604497566819191,-0.06922522187232971,0.011482194066047677,1.7470250129699707,-0.43898493051528803,10.465726852416992
1785985341.4290857,-0.07677338272333145,-0.07716043293476105,0.012391838245093831,1.7470250129699707,-0.43898493051528803,10.465726852416992
1785985341.4703412,-0.03372881934046745,-0.11629285663366318,0.007814447395503535,-0.5973793268203735,-0.06860226392745851,9.853462219238281
1785985341.5112548,-0.011505751870572567,-0.06983765959739685,-0.009096703492104998,-0.3763963282108307,0.33367750048637507,9.459930419921875
1785985341.5303376,0.01801089011132717,-0.07154775410890579,-0.015379060991108409,-0.2595178186893463,0.912074923515321,9.571306228637695
1785985341.5522032,-0.017627647146582603,-0.07593334466218948,-0.00674207927659153,0.2658502161502838,-0.5737119317054736,9.716218948364258
1785985341.5703716,-0.043330591171979904,-0.06933584809303284,-0.00440993206575512,-2.2380266189575195,0.7925871610641492,9.550600051879883
1785985341.6098914,-0.009524817578494549,-0.040425628423690796,-0.0033166152425110292,-0.5978522896766663,0.3222715854644787,9.534494400024414
1785985341.6291687,-0.021658729761838913,-0.02912491001188755,0.003421168308705095,-0.20170436799526215,0.21142309904098633,9.88526439666748
1785985341.6540737,-0.007420575246214867,0.0023068299051374175,-0.01697542518377304,-1.0143431425094604,0.8648294210433972,9.599946975708008
1785985341.6706922,0.008611038327217102,0.003125024028122423,-0.01713075488805771,-0.05898558348417282,0.2151189744472516,10.048667907714844
1785985341.7094047,0.013462930917739868,0.008543546311557291,-0.019113149493932724,-0.20989437401294708,0.15906229615211606,9.644091606140137
1785985341.7891476,0.08512351661920547,-0.01848488673567772,-0.010397294536232947,-1.0896329879760742,0.008675746619702577,9.726363182067871
1785985341.8119864,0.052429940551519394,0.009768487885594366,-0.013688861392438413,0.253397673368454,0.12213542312383772,9.900496482849121
1785985341.8304598,0.020815391093492508,0.034257207065820694,-0.007006848230957989,-1.7313930988311768,1.0201760530471813,9.669258117675781
1785985341.851913,0.023472078144550323,0.05835127457976341,-0.008165533654391773,-1.7313930988311768,1.0201760530471813,9.669258117675781
1785985341.9111397,0.006807629484683275,0.04918534681200981,0.005608271807432169,0.0995270311832428,0.16651809215545774,9.718637466430664
1785985341.9540896,0.03923965245485306,0.046175114810466766,-0.00032982608536258904,0.023668330162763596,0.1492863595485699,9.541627883911133
1785985341.969874,0.0765712782740593,0.01449764333665371,-0.005294957198202612,0.023668330162763596,0.1492863595485699,9.541627883911133
1785985341.989013,0.05800962075591087,-0.011340577155351639,-0.005400981288403271,0.49243804812431335,1.456446409225465,9.596454620361328
1785985342.0105085,0.015146413818001747,0.02466274425387382,-0.015415789559483532,-0.49339237809181213,0.45916098356247065,9.539680480957031
1785985342.02916,0.018324658274650574,0.0669017881155014,-0.01700431108474732,-1.194162368774414,-0.017261639237402638,10.056356430053711
1785985342.0704176,0.0604228712618351,0.04228908196091652,-0.019561374559998516,0.19484615325927734,-0.06977079808711882,10.056227684020996
1785985342.0905297,0.04961840808391571,0.07242699712514877,-0.006781053729355344,-1.3050118684768677,1.632415771484376,9.61815071105957
1785985342.110319,0.07183770835399628,0.07620570808649063,-0.003071850864216695,1.4005860090255737,-0.3047504425048816,9.780486106872559
1785985342.1292486,0.09052286297082901,0.08340708166360855,-0.009531724266707908,-0.6715807914733887,0.5473141670227062,9.178609848022461
1785985342.1896663,0.13307969272136688,-0.026165949180722237,0.0037309068720787794,-0.5527229905128479,0.2973119020462048,9.516914367675781
1785985342.2101738,0.09447627514600754,-0.03354659676551819,0.009458050131797794,-0.21589992940425873,0.34378650784492615,9.754044532775879
1785985342.22917,0.06590136140584946,-0.02394107729196548,0.015056359581649307,2.6872048377990723,-0.7509369850158679,10.20332145690918
1785985342.2519658,0.06297589838504791,-0.039380673319101334,0.0019849268719553995,-3.3118467330932617,1.291558861732484,8.876472473144531
1785985342.2694592,0.033785380423069,-0.06930440664291382,0.01357908546924592,2.2463674545288086,0.2480324804782879,9.485321998596191
1785985342.2901723,-0.031922679394483566,-0.0498165525496006,0.005276813637465245,0.8665668964385986,-0.258950740098952,10.194689750671387
1785985342.3108077,-0.013486208394169807,-0.029554324224591255,-0.0024886301252990926,1.1685898303985596,0.11357647180557368,9.49502944946289
1785985342.353577,-0.05380788445472717,-0.027925213798880577,0.012143488973379139,1.1685898303985596,0.11357647180557368,9.49502944946289
1785985342.3705094,-0.07936416566371918,0.056440167129039764,0.012021055445075028,-0.3489846885204315,0.11570771783590438,9.903640747070312
1785985342.389614,-0.07586448639631271,0.07036007940769196,0.025508929044008248,-0.7483580708503723,-0.27026805281638977,10.097614288330078
1785985342.4100995,-0.08875386416912079,0.06776232272386551,0.031836926937103265,-0.34737902879714966,0.5773270726203931,9.573958396911621
1785985342.4529073,-0.04210610315203667,-0.004744775593280787,0.03951318934559822,-0.190884068608284,0.2668483853340161,9.832660675048828
1785985342.4698822,-0.05612859129905701,-0.005326691083610053,0.04527099058032036,-0.42145583033561707,0.4090747237205517,9.64327335357666
1785985342.4891331,-0.05726870894432068,0.01160264760255814,0.029584642499685287,-0.11541372537612915,-0.04124591499566907,10.206635475158691
1785985342.5112858,-0.00346352718770504,-0.013749855570495125,0.034253668040037155,-3.338646173477173,0.7390021681785596,9.53065299987793
1785985342.5292103,-0.004058083053678274,-0.008437621407210822,0.03648354858160019,-0.4395836889743805,0.4004511237144482,9.436480522155762
1785985342.5537605,-0.017375189810991287,0.02228488773107529,0.027869351208209988,-0.07203580439090729,0.1299634277820599,9.812100410461426
1785985342.5702384,-0.00841728039085865,0.04733866825699807,0.03422164916992187,-0.36285489797592163,0.4829282164573681,9.617130279541016
1785985342.589414,0.012812677770853043,0.046670824289321906,0.040532425045967095,-0.36285489797592163,0.4829282164573681,9.617130279541016
1785985342.6088622,-0.0024993382394313812,0.04997940361499787,0.04772892221808433,0.7587375044822693,0.14494994282722592,9.8521089553833
1785985342.628741,-0.00021198741160333157,0.07274486124515533,0.044371485710144036,-0.15886349976062775,0.2898913621902478,9.795559883117676
1785985342.6547422,0.014895576983690262,0.06600096821784973,0.051012646406888955,-0.15886349976062775,0.2898913621902478,9.795559883117676
1785985342.670024,0.020351175218820572,0.03031913377344609,0.05599128082394599,2.2462854385375977,-0.3880972564220417,9.696646690368652
1785985342.6892772,-0.0011483796406537294,0.003782433224841961,0.06999032944440842,-0.3918672502040863,0.5935100317001354,9.442172050476074
1785985342.7524786,-0.023616261780261993,-0.050943188369274126,0.09918349236249924,-0.36026787757873535,0.6858283281326305,9.342947006225586
1785985342.7697804,-0.04497947543859482,-0.030001357197761522,0.10011681169271469,-0.05119507387280464,0.38246205449104426,9.564952850341797
1785985342.830314,-0.09010723978281021,0.025239307433366793,0.13246002793312073,2.0213637351989746,-0.10777847468852876,9.913963317871094
1785985342.8516955,-0.06118977069854736,0.02147918939590456,0.1383088082075119,-1.504079818725586,0.18588626384735227,9.818795204162598
1785985342.8681974,-0.02220492623746395,0.03786515817046167,0.1330157369375229,-1.3600504398345947,1.1113283634185802,9.63958740234375
1785985342.8884616,0.020542794838547707,0.012436460703611391,0.1484881341457367,-0.11718150973320007,0.339072108268739,9.746054649353027
1785985342.9101658,0.04295596852898598,-0.012145518325269201,0.16416849195957184,2.115593671798706,-1.0974322557449327,10.095138549804688
1785985342.9286432,0.07789357006549835,-0.021781878545880297,0.16199707984924316,-0.5486096143722534,-0.11616404354572174,9.997847557067871
1785985342.9516618,0.08223579823970795,-0.030397161841392496,0.1631002575159073,-0.697634220123291,0.9533039927482617,9.721555709838867
1785985342.9692538,0.10392498970031738,-0.041757166385650614,0.17293168604373932,-0.6350961923599243,0.40448629856109736,9.412841796875
1785985342.9902089,0.10987070947885513,-0.04631815105676649,0.17708808183670044,1.0805277824401855,0.9354903101921094,9.657818794250488
1785985343.0096436,0.10705367475748062,-0.038623858243226984,0.18255114555358887,-2.339520215988159,-0.16267226636409632,10.322750091552734
1785985343.0286832,0.0806049332022667,-0.02063023857772348,0.18765321373939514,2.0898220539093018,0.5687996149063123,9.83503246307373
1785985343.0541217,0.06420954316854477,-0.03141639381647107,0.22059817612171173,-0.42202168703079224,0.5930063724517833,9.501651763916016
1785985343.0704331,0.021242516115307808,-0.02339293807744977,0.23183748126029968,0.12975597381591797,0.005876868963242796,9.953089714050293
1785985343.0890727,-0.015770047903060913,-0.031108591705560656,0.23470479249954224,-0.4350747764110565,0.6574221849441539,9.206722259521484
1785985343.1110938,-0.047377780079841614,0.028707388788461716,0.2579059302806854,-1.8721423149108887,-0.5495263338088977,9.665018081665039
1785985343.1523077,-0.06870173662900925,0.05884140729904178,0.2805752456188202,-2.9321863651275635,0.42796385288238636,9.093533515930176
1785985343.2089505,-0.03694618493318558,0.09463457763195042,0.31381988525390625,0.9492737054824829,-0.1495095193386066,9.813215255737305
1785985343.2301254,-0.06190197169780731,0.11019207537174229,0.32561835646629333,-0.6933572888374329,0.3786224722862256,9.859955787658691
1785985343.2531888,-0.03981278836727142,0.09929210692644123,0.33178600668907166,1.181105613708496,-0.19146758317947268,9.718768119812012
1785985343.2704809,-0.03541450947523117,0.10925024002790455,0.3433282673358917,-0.5795793533325195,0.4118126630783093,10.070513725280762
1785985343.2893343,-0.034126222133636475,0.0825467482209206,0.35113969445228577,-1.1001920700073242,0.622211813926698,9.875670433044434
1785985343.3286846,-0.042901478707790375,0.06416273862123494,0.37388211488723755,0.055459246039390564,0.3428940176963818,9.718280792236328
1785985343.3901107,-0.0340002067387104,0.0045034694485366865,0.42508870363235474,-0.37312051653862,0.6318838596344005,9.363263130187988
1785985343.410685,-0.0013834363780915737,0.03130046278238302,0.44036829471588135,-0.3907025158405304,0.3682883977890027,9.796545028686523
1785985343.4697568,0.012880086898803711,0.045791141688823755,0.45787253975868225,-0.22083769738674164,0.0852933153510106,10.060749053955078
1785985343.489306,0.021545063704252243,0.08467470854520803,0.46938595175743103,-0.8345812559127808,0.2607883512973797,9.489198684692383
1785985343.5113819,0.042779549956321716,0.06622862815856939,0.4634760916233063,-0.13985629379749298,0.12371945381164673,10.005413055419922
1785985343.5302045,0.0013355892151594162,0.043725557625293794,0.48527243733406067,-0.13985629379749298,0.12371945381164673,10.005413055419922
1785985343.5522878,-0.017028532922267914,0.046385988593101564,0.48877936601638794,-0.13985629379749298,0.12371945381164673,10.005413055419922
1785985343.5704288,-0.01083412580192089,0.04260828718543059,0.49434712529182434,-0.286871075630188,1.3036477565765392,9.405050277709961
1785985343.5891306,-0.020229574292898178,0.04792786017060286,0.5026751756668091,-1.4744459390640259,-0.22249558568000669,10.18997573852539
1785985343.612448,-0.06675397604703903,0.03081867843866355,0.5242710113525391,-0.9002628922462463,0.7410538196563732,9.392472267150879
1785985343.6542125,-0.042369626462459564,0.09040191024541862,0.5155696272850037,0.8578118681907654,-1.2493157386779772,10.009346008300781
1785985343.670344,-0.062226101756095886,0.09726202487945564,0.5521731376647949,-0.1907069832086563,1.0178290605545055,9.312383651733398
1785985343.6889622,-0.015635861083865166,0.14352078735828405,0.5487112402915955,-1.5001490116119385,-0.6693335771560658,9.436562538146973
1785985343.711225,0.02580150030553341,0.14871039986610418,0.5596388578414917,-0.06503137946128845,0.6473227739334118,9.374492645263672
1785985343.7307937,0.021617921069264412,0.11614660918712623,0.5689283013343811,-0.2183072865009308,0.4478136003017437,9.613865852355957
1785985343.7529364,0.029022017493844032,0.11647386848926551,0.5871559977531433,-0.3621160387992859,0.5056383013725292,9.513535499572754
1785985343.78911,0.041003692895174026,0.08955951035022743,0.5944004058837891,0.06285242736339569,0.24529357254505277,9.830244064331055
1785985343.8118222,0.013916464522480965,0.08668714016675956,0.6100069880485535,-0.6487317681312561,0.5225023031234752,9.385797500610352
1785985343.8289235,0.031078284606337547,0.0994131267070771,0.6118758320808411,-0.13721561431884766,0.16132435202598694,9.859565734863281
1785985343.8705115,0.005560265388339758,0.028565395623445587,0.6155794262886047,-0.46321770548820496,0.3402595520019543,9.67685604095459
1785985343.8903081,0.0014405450783669949,0.007499243132770138,0.6241740584373474,-0.46321770548820496,0.3402595520019543,9.67685604095459
1785985343.9107077,0.008443601429462433,-0.05030691251158707,0.6280665397644043,-0.46321770548820496,0.3402595520019543,9.67685604095459
1785985343.9301946,-0.01574338786303997,-0.07367987185716621,0.6392782330513,1.6192245483398438,-0.36950808763503906,9.860161781311035
1785985343.953654,-0.034736670553684235,-0.07391802221536628,0.6501935124397278,3.0840046405792236,-0.2797185182571399,10.133088111877441
1785985343.9693093,-0.030019862577319145,-0.06630442291498176,0.6631811261177063,-3.756751537322998,0.06217660754919174,9.994758605957031
1785985343.9911597,-0.05956245958805084,-0.05609289929270736,0.6649268269538879,-0.7567000389099121,0.4541165828704845,9.242300987243652
1785985344.0121188,-0.07953726500272751,-0.030913192778825677,0.6713046431541443,-0.7567000389099121,0.4541165828704845,9.242300987243652
1785985344.0521095,-0.019393814727663994,-0.04918572306632987,0.7064359188079834,1.4706305265426636,-0.2959909141063678,9.766597747802734
1785985344.1098204,0.03916488215327263,-0.05398486927151672,0.7067688703536987,1.9525891542434692,-0.9868595004081714,9.768572807312012
1785985344.155114,0.0059080361388623714,-0.009333213791251096,0.7100862860679626,1.9525891542434692,-0.9868595004081714,9.768572807312012
1785985344.1702383,0.002156984992325306,-0.002920910716056734,0.7317567467689514,-0.7882099747657776,0.7250798940658582,9.71316909790039
1785985344.1900208,-0.010871430858969688,0.027600573375821204,0.7348596453666687,-0.19843405485153198,0.4399456381797802,9.595890045166016
1785985344.210227,-0.04626498371362686,0.05749284103512773,0.7370888590812683,-1.1293784379959106,0.5506930947303784,9.619087219238281
1785985344.2300928,-0.04074358940124512,0.052331216633319945,0.7444872260093689,3.3026540279388428,0.026741124689580176,9.530686378479004
1785985344.2517767,-0.05547357723116875,0.07640022784471522,0.7698496580123901,-1.6701260805130005,1.2840368747711193,9.719561576843262
1785985344.2706518,-0.051645051687955856,0.11757678538560877,0.773083508014679,-0.5189913511276245,0.5632191300392162,9.50076675415039
1785985344.2900484,0.007393363397568464,0.08484487980604181,0.7789002656936646,-0.7154132127761841,-0.7649980187416066,9.444162368774414
1785985344.3092442,0.0011141698341816664,0.06528785824775706,0.8035696744918823,0.1406618356704712,0.6216583847999585,9.533082962036133
1785985344.328641,-0.028655484318733215,0.09639613330364237,0.8101924657821655,2.9672586917877197,0.45546054840088,9.078611373901367
1785985344.3526652,-0.027888868004083633,0.09077878296375284,0.8192557692527771,-1.1000417470932007,0.20296540856361509,9.661870956420898
1785985344.3688223,-0.005452806130051613,0.10078614205122004,0.8257664442062378,-1.056679129600525,0.24537996947765472,9.886414527893066
1785985344.390171,-0.027851462364196777,0.0895853489637376,0.8512108325958252,-0.44624853134155273,0.4245997071266186,9.58608341217041
1785985344.410963,0.004259794484823942,0.12235737591981898,0.8477031588554382,0.22039563953876495,0.07754655927419782,9.764277458190918
1785985344.430484,0.03651437535881996,0.15680654346942913,0.842909574508667,-1.328352451324463,0.670098364353181,9.353585243225098
1785985344.4528127,0.015066098421812057,0.1347176730632783,0.86799556016922,-2.2238717079162598,0.1345500946044934,9.947712898254395
1785985344.4694428,0.022064022719860077,0.1342463940382005,0.8653976917266846,2.6403539180755615,0.30266612768173334,9.40418815612793
1785985344.4921122,0.019733548164367676,0.14441221952438366,0.8589501976966858,-1.0306761264801025,0.5639981627464307,9.533994674682617
1785985344.5116718,0.030682019889354706,0.11065164208412182,0.8687354922294617,-1.0306761264801025,0.5639981627464307,9.533994674682617
1785985344.5286622,0.014001683332026005,0.09434070438146602,0.8774600028991699,-1.1118102073669434,0.36267811059951904,9.79417610168457
1785985344.552141,0.04295376315712929,0.08253082633018505,0.8757888674736023,-0.24437753856182098,0.008255623281003271,10.021305084228516
1785985344.589432,-0.03761187568306923,0.06945833563804638,0.8905042409896851,-1.7472995519638062,1.1481276750564589,9.98025894165039
1785985344.60996,0.010635923594236374,0.054358649998903386,0.8976368308067322,-0.21867793798446655,0.12359613180160642,9.770246505737305
1785985344.6299505,0.008120574057102203,0.09845788031816494,0.8897133469581604,0.1980133354663849,0.5440466403961193,9.404936790466309
1785985344.6530209,-0.013367731124162674,0.12617088854312908,0.8843882083892822,-0.6461634039878845,0.7666606307029736,9.61460018157959
1785985344.6695135,0.005823210813105106,0.11613287776708614,0.9004167914390564,-0.6461634039878845,0.7666606307029736,9.61460018157959
1785985344.6903107,0.009184085763990879,0.10069169104099285,0.9020664691925049,1.5792802572250366,0.5465471148490918,10.00961685180664
1785985344.7102697,-0.0013579053338617086,0.08370911329984676,0.8901699185371399,-0.2570955455303192,0.5278730392456067,10.039305686950684
1785985344.7289283,-0.00428963266313076,0.08205280452966701,0.9043929576873779,-0.7667264342308044,0.13274759054184077,9.56679916381836
1785985344.7541447,0.008011458441615105,0.054680496454239,0.9058025479316711,-0.7667264342308044,0.13274759054184077,9.56679916381836
1785985344.7701414,0.019101321697235107,0.04897598549723636,0.9049293994903564,-2.7232847213745117,0.8761383891105664,9.772942543029785
1785985344.7902653,-0.009640195406973362,0.05966899544000637,0.8885309100151062,0.15098442137241364,0.4338632822036755,9.706395149230957
1785985344.83013,-0.012025665491819382,0.06434062123298656,0.9070736169815063,-3.5571932792663574,0.459684491157533,10.215874671936035
1785985344.853923,-0.01770763099193573,0.06698188930749904,0.9128046035766602,-0.5788821578025818,0.28752645850181696,9.62453842163086
1785985344.8703141,-0.015047484077513218,0.0565619282424451,0.9069305658340454,-1.221701741218567,0.3899511992931378,10.05530071258545
1785985344.8893135,0.024211719632148743,0.05561381205916416,0.9085490107536316,-1.221701741218567,0.3899511992931378,10.05530071258545
1785985344.9289825,0.02427876926958561,0.019969070330262295,0.9105390310287476,-0.43771785497665405,0.7464359402656566,9.372133255004883
1785985344.9542174,0.05534785985946655,0.026086252182722206,0.9286302924156189,-0.43771785497665405,0.7464359402656566,9.372133255004883
1785985344.9902031,0.009799580089747906,0.012279314920306319,0.9239798188209534,1.1491870880126953,0.9177712202072156,9.851421356201172
1785985345.0104706,-0.007590112276375294,-0.002163587603717929,0.9250069260597229,-1.2984257936477661,0.6423140168190015,9.81009292602539
1785985345.0521321,-0.0225080419331789,0.022706089541316147,0.9427618980407715,-0.0007032677531242371,0.4974456429481518,9.549385070800781
1785985345.0693588,-0.0409824512898922,0.05949752777814877,0.94652259349823,-0.0007032677531242371,0.4974456429481518,9.549385070800781
1785985345.0908186,-0.04408809170126915,0.0949397310614587,0.9541934728622437,1.2691962718963623,-0.44359707832336315,9.29185962677002
1785985345.1096675,-0.041903942823410034,0.09975825995206845,0.9671341180801392,-0.2798018157482147,1.4336647987365734,9.73644733428955
1785985345.1300085,-0.06387555599212646,0.11737583577632917,0.981304407119751,-0.13772714138031006,0.30835980176925776,9.731544494628906
1785985345.152693,-0.03150511905550957,0.1214156970381738,0.9671120643615723,-0.038413625210523605,0.4733489453792584,10.10422134399414
1785985345.169578,-0.018757198005914688,0.11175770312547696,0.983648955821991,-0.541706919670105,0.5500400066375745,9.659464836120605
1785985345.188771,-0.06349565833806992,0.07061512023210538,0.9957164525985718,-0.541706919670105,0.5500400066375745,9.659464836120605
1785985345.2093017,-0.04838477820158005,0.04559776932001126,0.9781180620193481,-0.20008032023906708,0.3700931966304791,9.943559646606445
1785985345.2298627,-0.036695998162031174,0.03839287906885159,0.9896076917648315,-0.07716391235589981,0.139380753040315,10.314774513244629
1785985345.253082,-0.04857642203569412,0.013431802392006042,0.9877033829689026,-0.40589651465415955,0.4676856696605694,9.659867286682129
1785985345.2702007,-0.05459222197532654,-0.04492453858256328,0.978344738483429,-1.5997155904769897,1.1624045372009288,9.681461334228516
1785985345.2897003,-0.017554935067892075,-0.0696558579802512,0.9520715475082397,0.39115557074546814,0.7526055574417126,9.626253128051758
1785985345.3093593,-0.02107236348092556,-0.05857944488525379,0.9611873626708984,0.39115557074546814,0.7526055574417126,9.626253128051758
1785985345.3288035,-0.03320794552564621,-0.08426794409751881,0.9543658494949341,0.39115557074546814,0.7526055574417126,9.626253128051758
1785985345.352688,-0.007278743665665388,-0.09812480211257923,0.9456972479820251,0.7703491449356079,-0.8643261790275562,9.88807487487793
1785985345.3889222,-0.07197947800159454,-0.05726011842489231,0.9482564926147461,-0.09221938252449036,0.1822295039892209,10.023744583129883
1785985345.4122,-0.12414728105068207,-0.03320256993174541,0.9393519163131714,-1.199173927307129,1.292237401008607,9.480976104736328
1785985345.4303138,-0.1296927034854889,-0.04271758720278728,0.9353768229484558,1.7683169841766357,0.017395503818990025,9.999290466308594
1785985345.4695816,-0.16536717116832733,0.005445545073598738,0.9377491474151611,-1.304505467414856,0.8564971685409557,9.188994407653809
1785985345.4909096,-0.1470964252948761,0.01981860771775257,0.9311389327049255,-1.4514418840408325,1.2054363489151012,9.537908554077148
1785985345.510983,-0.11620283126831055,0.03183280304074299,0.9369504451751709,1.0576364994049072,-0.7576032280921924,10.346481323242188
1785985345.5299742,-0.1208638921380043,0.02612170390784752,0.9327456951141357,-0.24489319324493408,0.36710578203201416,9.969073295593262
1785985345.5527544,-0.10695397108793259,0.010277119465172405,0.9342502951622009,2.0499205589294434,-1.2515410184860216,10.468843460083008
1785985345.5693827,-0.08734720200300217,0.011648515239358061,0.9260089993476868,-2.736433982849121,0.9079318046569836,9.843074798583984
1785985345.590353,-0.09936121851205826,-0.0016406042268498578,0.9419571161270142,-1.246156096458435,0.7081661224365247,10.070770263671875
1785985345.6089156,-0.10811151564121246,-0.007725525647401695,0.9320895671844482,-2.959040641784668,0.9633322358131421,9.687400817871094
1785985345.6302207,-0.10471496731042862,-0.004912028554826863,0.9142237901687622,-1.303635597229004,0.5016802549362195,10.081700325012207
1785985345.651878,-0.12360194325447083,0.00020700201275769637,0.9139298796653748,-1.303635597229004,0.5016802549362195,10.081700325012207
1785985345.670463,-0.16475774347782135,0.01665833778679382,0.9188849329948425,-1.2202345132827759,0.7030730247497571,10.029987335205078
1785985345.6905665,-0.15658347308635712,0.03711726516485225,0.9057992100715637,-0.7597559690475464,0.757926106452943,9.486617088317871
1785985345.709682,-0.14760568737983704,0.027257537469267956,0.8985392451286316,-0.10822342336177826,0.6153615713119519,9.833728790283203
1785985345.7290068,-0.16723568737506866,0.07826755195856105,0.9040054082870483,-0.7520108819007874,0.33652403950691345,9.984456062316895
1785985345.75405,-0.17495019733905792,0.11749954521656047,0.903899610042572,-0.32792359590530396,0.44697529077530024,9.598458290100098
1785985345.7704701,-0.15125662088394165,0.13298733532428753,0.9059152603149414,-1.3098633289337158,1.5140221118927013,9.526508331298828
1785985345.7903135,-0.15240760147571564,0.13455218076705944,0.9156736135482788,-0.23036973178386688,0.3154890537261975,10.169848442077637
1785985345.8303719,-0.07747559994459152,0.12827722728252422,0.8984907269477844,-0.23036973178386688,0.3154890537261975,10.169848442077637
1785985345.8530521,-0.01743731088936329,0.13219407200813305,0.8907306790351868,0.023018863052129745,0.7137366533279431,9.807135581970215
1785985345.8699791,-0.018104342743754387,0.1555491089820863,0.9022446870803833,0.023018863052129745,0.7137366533279431,9.807135581970215
1785985345.8891027,0.00690919766202569,0.15808053314685833,0.8825953006744385,-1.6294792890548706,1.0728645324707042,9.673831939697266
1785985345.9111195,0.018600067123770714,0.17420780658721935,0.8708944916725159,0.03391227126121521,0.17691692709922918,10.435473442077637
1785985345.9296496,0.011829772964119911,0.20100802183151256,0.8613439798355103,-3.1656126976013184,0.5510466098785413,9.940083503723145
1785985345.952161,-0.022461935877799988,0.17858749628067028,0.8575987219810486,-1.2432241439819336,0.8995339870452893,9.979267120361328
1785985345.9692826,-0.011209357529878616,0.15150825679302227,0.8648008108139038,-1.2747514247894287,0.5726886391639722,9.73538875579834
1785985345.9902167,-0.023697756230831146,0.13018670678138744,0.8423213362693787,-0.18298053741455078,0.41576725244522217,9.969989776611328
1785985346.0117908,-0.04858837276697159,0.11146869510412226,0.8443199396133423,1.3940722942352295,0.2733886241912854,9.963644027709961
1785985346.0304587,-0.06440269201993942,0.10036864876747141,0.8420974016189575,-0.21379998326301575,0.5429225564003003,9.630254745483398
1785985346.0536957,-0.033468835055828094,0.07889366149902353,0.8088431358337402,2.1691157817840576,-0.6922476887702929,10.794878005981445
1785985346.070418,-0.03547368198633194,0.04775718227028857,0.8289570808410645,0.4078318774700165,0.6457296013832104,10.004510879516602
1785985346.0906088,-0.0487782247364521,0.04862743243575106,0.8181625008583069,0.47442948818206787,0.8398896455764783,9.824639320373535
1785985346.1098294,-0.03221302106976509,0.02116364240646372,0.7949855923652649,-0.43357619643211365,0.11117671430111054,9.971000671386719
1785985346.128611,-0.03922136127948761,0.03540490567684183,0.7911750078201294,-0.18257802724838257,0.704621732234956,9.700416564941406
1785985346.1545238,-0.05907203629612923,0.015893606469035246,0.8009352684020996,0.3642069399356842,0.5544348955154431,10.083090782165527
1785985346.1703448,-0.04165630042552948,0.0007124596158974827,0.7788482904434204,0.3642069399356842,0.5544348955154431,10.083090782165527
1785985346.212667,0.011858104728162289,-0.010189299471676258,0.7532349824905396,-1.3748328685760498,1.237158298492433,10.012701034545898
1785985346.2541678,-0.0008293739520013332,-0.019921649247407823,0.743386447429657,2.6178019046783447,-1.21193492412567,11.101638793945312
1785985346.2703946,0.02829691395163536,-0.03386951610445967,0.7303019165992737,2.315370559692383,0.4228189885616314,9.44958782196045
1785985346.2902157,0.013314752839505672,-0.02588978223502627,0.726111114025116,-2.6609671115875244,1.3089766502380382,8.99000072479248
1785985346.3293347,-0.0026505531277507544,-0.02812006697058669,0.7025389671325684,-0.2955932915210724,0.5381829142570508,9.679990768432617
1785985346.351933,-0.020905988290905952,-0.012301219627261077,0.6957974433898926,-0.24976927042007446,0.8550065159797681,10.02993106842041
1785985346.3702688,-0.02544342167675495,0.0113668469712139,0.6846243143081665,0.050108470022678375,0.2768037021160138,10.116565704345703
1785985346.3906016,-0.03704627975821495,0.013199510984122836,0.6749237179756165,-0.09149166196584702,0.4879691004753125,9.990392684936523
1785985346.4116037,-0.05189134553074837,0.036841858178377235,0.6624500751495361,-0.6159666776657104,0.5622116923332227,9.548685073852539
1785985346.4303174,-0.06333979964256287,0.0370550788939,0.6600212454795837,-0.6159666776657104,0.5622116923332227,9.548685073852539
1785985346.4529355,-0.07093801349401474,0.031130557879805645,0.6515960097312927,-0.6159666776657104,0.5622116923332227,9.548685073852539
1785985346.469415,-0.06541548669338226,0.05254670605063446,0.6453158259391785,-0.12152726948261261,0.4933968484401715,9.919750213623047
1785985346.5116167,-0.0688694566488266,0.044876515865326004,0.6307665109634399,-0.2637729346752167,0.7213642597198499,9.548357009887695
1785985346.5285578,-0.05458234250545502,0.06696933507919318,0.6201974153518677,-0.7013354897499084,1.0177438259124767,9.40678882598877
1785985346.571377,-0.05621134489774704,0.05661977827548988,0.6040492057800293,-0.7013354897499084,1.0177438259124767,9.40678882598877
1785985346.5903676,-0.038270898163318634,0.04055560752749451,0.5992899537086487,-0.7013354897499084,1.0177438259124767,9.40678882598877
1785985346.6308732,-0.05393582955002785,0.030599899590015484,0.5917205214500427,-1.1309279203414917,-0.17756623029708743,9.700543403625488
1785985346.6532185,-0.05120294168591499,0.022690068930387566,0.5762071013450623,0.07265030592679977,0.3421934545040143,10.049539566040039
1785985346.691157,-0.014920824207365513,0.035400785505771706,0.5493316650390625,-0.36379069089889526,0.4668593406677258,9.705381393432617
1785985346.7096925,-0.021079344674944878,0.025647826492786477,0.5544451475143433,-0.3223947584629059,0.5844967365264904,9.511610984802246
1785985346.7525883,-0.029949605464935303,0.050790324807167116,0.5291995406150818,0.4311995506286621,0.29797190427780273,10.06982421875
1785985346.7692783,-0.03581928461790085,0.050065726041793886,0.5246946215629578,-2.7210705280303955,0.7773633003234874,9.215085983276367
1785985346.7903814,-0.04096129536628723,0.0532845705747605,0.5081595778465271,-1.7512850761413574,0.4872734546661389,9.844762802124023
1785985346.8176913,-0.04539879038929939,0.0626924335956574,0.5050647258758545,-0.1824512928724289,0.273378908634187,9.897848129272461
1785985346.8315172,-0.05913817137479782,0.052489548921585145,0.49519458413124084,0.23070523142814636,0.36459270119667175,9.934096336364746
1785985346.853564,-0.06969931721687317,0.04281798750162131,0.4851708710193634,0.13709726929664612,0.2501921653747571,10.054168701171875
1785985346.8699777,-0.07520837336778641,0.03990716487169272,0.48656508326530457,0.10581479221582413,0.11350494623184328,10.124871253967285
1785985346.8900506,-0.06102416291832924,0.038835871964693125,0.4578852355480194,0.6760125756263733,0.37463611364364746,9.76530933380127
1785985346.9088392,-0.06912655383348465,0.033242654055357035,0.4557344317436218,-0.5434591770172119,0.5201302170753491,9.73094654083252
1785985346.9302163,-0.08322244137525558,0.02324118465185171,0.4537726044654846,-0.9955738186836243,1.4126381874084484,9.616498947143555
1785985346.9543328,-0.08519930392503738,0.021999483928084426,0.4312703609466553,-0.9955738186836243,1.4126381874084484,9.616498947143555
1785985346.9885423,-0.07888533920049667,0.0369186364114285,0.4219842255115509,0.3687303960323334,0.1455536931753171,10.141929626464844
1785985347.054129,-0.0632258877158165,0.03595222532749181,0.371601939201355,-1.238611102104187,1.014982581138612,9.631267547607422
1785985347.0881495,-0.07269611209630966,0.06407581269741063,0.35431355237960815,-0.5010411143302917,0.47694519162178156,9.68425464630127
1785985347.1103828,-0.08045610040426254,0.024618843570351642,0.34558531641960144,0.4119167923927307,0.26565095782280096,10.25507926940918
1785985347.1292288,-0.09742018580436707,0.022142546251416248,0.3399948179721832,-0.1965753585100174,0.5764244794845593,9.91769027709961
1785985347.1517737,-0.07993493229150772,0.033080123364925426,0.3194727301597595,1.399500846862793,-0.9231357574462877,11.116690635681152
1785985347.1689975,-0.055745575577020645,0.025261845439672508,0.31573501229286194,-1.4165217876434326,0.5592428445816052,9.822606086730957
1785985347.1908238,-0.06148923933506012,0.0185953509062529,0.30843856930732727,-0.15478616952896118,0.5993981361389172,9.841682434082031
1785985347.2123818,-0.0575370155274868,0.048401482403278386,0.29566076397895813,0.8483357429504395,-0.11435826867818705,10.374424934387207
1785985347.230404,-0.040447819977998734,0.03338090702891353,0.2813452184200287,1.1167194843292236,-0.2955761551856982,10.573506355285645
1785985347.2540603,-0.05523793026804924,0.01600440032780174,0.2732005715370178,-0.24471847712993622,0.40446886420250056,9.742212295532227
1785985347.2701452,-0.05064834654331207,0.017766352742910416,0.2477995604276657,-0.43252691626548767,0.6225097775459302,9.697936058044434
1785985347.288168,-0.052180539816617966,0.024813499301672013,0.24644039571285248,-1.4299311637878418,0.5459849834442151,9.950220108032227
1785985347.3092403,-0.04405011981725693,0.023163236677646665,0.23332802951335907,0.17530466616153717,0.2390152364969266,10.086308479309082
1785985347.330055,-0.06145770847797394,0.0301859509199858,0.21597790718078613,-0.5864397883415222,0.5996641516685498,9.672924041748047
1785985347.352678,-0.052557315677404404,0.026616757735610033,0.20366254448890686,-1.276473879814148,0.6567990779876721,9.89399528503418
1785985347.368839,-0.05619147792458534,0.015820171684026742,0.2000642865896225,-1.3109461069107056,1.4718234539031994,9.622783660888672
1785985347.3903818,-0.044327687472105026,0.000102399382740281,0.17833423614501953,-0.20619846880435944,0.3476863205432904,10.113216400146484
1785985347.4115264,-0.04112200811505318,0.06261268258094789,0.16586554050445557,-0.254942387342453,0.3995884954929364,9.953536033630371
1785985347.4303906,-0.04162523150444031,0.08578047901391984,0.15873564779758453,-0.254942387342453,0.3995884954929364,9.953536033630371
1785985347.4526186,-0.04880469664931297,0.14408838748931888,0.14259466528892514,-0.07116954028606415,0.13890406489372378,10.209677696228027
1785985347.4691577,-0.05384894832968712,0.23314657807350161,0.14039757847785947,-0.07116954028606415,0.13890406489372378,10.209677696228027
1785985347.4895403,-0.05386212468147278,0.3210541307926178,0.1231574639678001,-0.13555295765399933,0.34789377450943115,9.763373374938965
1785985347.510157,-0.06625184416770935,0.36468786001205444,0.12014814466238018,0.5685890316963196,0.8245406150817883,9.649842262268066
1785985347.5291834,-0.0939721167087555,0.4198708236217499,0.11325315386056894,0.13822202384471893,0.3562003672122968,10.248724937438965
1785985347.5541027,-0.06718651205301285,0.4757378399372101,0.09412834793329233,-0.19970282912254333,0.33575966954231384,10.014423370361328
1785985347.5881832,-0.08204285800457001,0.5033348202705383,0.08355524390935892,0.04444732144474983,0.5167874097824109,10.210857391357422
1785985347.6290462,-0.09217672795057297,0.5190876722335815,0.0787358954548835,0.04444732144474983,0.5167874097824109,10.210857391357422
1785985347.6540112,-0.09741944819688797,0.48948946595191956,0.07325588911771769,2.346269130706787,-0.4634185731410968,10.14857006072998
1785985347.670027,-0.0925508588552475,0.4900200068950653,0.06983526051044459,-0.2183779627084732,0.32660090923309454,10.294140815734863
1785985347.6882324,-0.07765866816043854,0.4692511260509491,0.061198014765977804,0.48821908235549927,0.04140721261501439,10.349275588989258
1785985347.7102427,-0.054336659610271454,0.4513327181339264,0.05058100819587702,-0.4636996388435364,0.6081125736236584,9.952170372009277
1785985347.7303689,-0.059355031698942184,0.4341917634010315,0.046504575759172384,-0.36803752183914185,0.8274026513099683,9.710856437683105
1785985347.752759,-0.043151430785655975,0.3976345956325531,0.04535328224301333,-0.36803752183914185,0.8274026513099683,9.710856437683105
1785985347.769933,-0.0330849215388298,0.3680281341075897,0.04913590848445888,-0.47959834337234497,0.4840605854988111,10.259367942810059
1785985347.7895586,-0.031217209994792938,0.3466331362724304,0.03035549074411388,-0.26654425263404846,0.6700397729873669,9.88680362701416
1785985347.818347,-0.01196554396301508,0.3118197023868561,0.029788708314299545,0.01548193022608757,0.5650840401649487,9.81497573852539
1785985347.8301167,-0.000992567976936698,0.2788836658000946,0.033150739967822994,-0.24826876819133759,0.6304246783256543,9.826227188110352
1785985347.8513396,0.023267216980457306,0.2875986695289612,0.016554186120629276,-0.34267497062683105,0.3098859190940869,9.934414863586426
1785985347.867677,-0.01467787753790617,0.2875059247016907,0.030073370784521068,-0.05984820798039436,0.07802347838878754,10.011967658996582
1785985347.8911805,-0.021359732374548912,0.26217201352119446,0.020009882748126952,1.2041696310043335,0.1170215010643018,10.342392921447754
1785985347.9100976,0.0030641010962426662,0.2509355843067169,0.015506747178733318,-0.47292497754096985,0.4161378741264356,10.350264549255371
1785985347.9301147,0.007637102156877518,0.2592659592628479,0.024144647642970054,-0.2543957233428955,0.053490921854974095,10.245184898376465
1785985347.9521563,-0.03366982564330101,0.21216490864753723,0.024889484047889685,-0.3298060894012451,0.7179710865020764,10.102797508239746
1785985347.9690552,-0.015546024776995182,0.23648479580879211,0.021947655826806994,-0.3298060894012451,0.7179710865020764,10.102797508239746
1785985347.9904623,-0.02240486443042755,0.23119127750396729,0.01808506250381467,-1.2862879037857056,0.29729795455932745,10.266334533691406
1785985348.0123143,-0.03692414239048958,0.20520754158496857,0.014932557940483069,-1.097987413406372,0.8071716427803052,9.899053573608398
1785985348.069876,-0.03450274467468262,0.1866687685251236,0.009835547767579533,-0.39533084630966187,0.3112912774086011,9.974675178527832
1785985348.1103125,0.009881464764475822,0.17285513877868652,0.005467311944812515,-2.8238332271575928,0.21705561876297133,10.996050834655762
1785985348.1301985,-0.0005114302039146423,0.15534013509750366,0.011151623912155609,-1.2664238214492798,0.08918888866901525,10.392599105834961
1785985348.1691856,-0.009524687193334103,0.15351824462413788,0.009690415114164333,-0.4242996275424957,0.3860414624214185,10.266900062561035
1785985348.1903646,-0.03395140916109085,0.12064610421657562,0.014313478022813781,-0.5638529062271118,0.0018074810504926336,10.620479583740234
1785985348.2106354,-0.04226016625761986,0.10481643676757812,0.008106201887130725,-0.6897546052932739,0.3589423894882215,10.41556167602539
1785985348.2298245,-0.02890649065375328,0.10257239639759064,0.01469664368778466,-1.511222243309021,1.3665384054183973,9.985211372375488
1785985348.2516315,-0.026813194155693054,0.09400826692581177,0.01718454062938689,1.9139738082885742,-0.06214182451367255,10.090121269226074
1785985348.269265,-0.04998624697327614,0.10980378836393356,0.0038482930976897344,-0.4537152349948883,0.288759380578996,10.5369234085083
1785985348.2901504,-0.04277642443776131,0.06537777185440063,0.02201529219746589,-0.9448716640472412,0.1115712225437177,10.275586128234863
1785985348.3090792,0.006543164141476154,0.06921876221895218,0.01056198962032794,-0.4027296006679535,0.21225719153881203,10.608626365661621
1785985348.3291948,0.004098165780305862,0.06984462589025497,0.014747342094779006,-0.4783187210559845,0.21207514405250677,10.447064399719238
1785985348.354021,0.001803151797503233,0.042791370302438736,0.015908183529973023,-0.838149905204773,0.4852665960788739,9.976210594177246
1785985348.3708827,0.00112940464168787,0.05870626866817475,0.031513098627328866,-0.7005627155303955,0.18282079696655407,10.938603401184082
1785985348.3892412,-0.019065529108047485,0.04587122425436975,0.13069142401218414,-0.3730906546115875,0.3905356228351606,10.353679656982422
1785985348.4106057,-0.10296333581209183,0.028054498136043583,0.28375205397605896,-2.72589111328125,1.098622798919679,10.635432243347168
1785985348.4301903,-0.19611474871635437,0.01763017848134046,0.4158532917499542,-0.09892907738685608,-0.6562795042991626,10.397818565368652
1785985348.4522872,-0.21980677545070648,-0.028667140752077037,0.5326424241065979,-1.8616867065429688,-0.16973376274108753,10.880661964416504
1785985348.4701169,-0.253643274307251,-0.0529722794890403,0.6320372223854065,-1.8616867065429688,-0.16973376274108753,10.880661964416504
1785985348.4884522,-0.2899490296840668,-0.10210961103439321,0.7766308188438416,0.9218135476112366,0.783483147621156,10.065174102783203
1785985348.510382,-0.2534855604171753,-0.1478457748889922,0.9085624814033508,-2.2014920711517334,0.7372142672538771,10.671605110168457
1785985348.551521,-0.2513338625431061,-0.26755288243293746,1.1623544692993164,-2.2014920711517334,0.7372142672538771,10.671605110168457
1785985348.5691268,-0.265245258808136,-0.3261639475822447,1.2513927221298218,-0.42408308386802673,-0.06742522865533701,10.446257591247559
1785985348.6099648,-0.3639383912086487,-0.3563676774501799,1.412715196609497,-0.6202991008758545,0.9383891820907604,9.512348175048828
1785985348.6301572,-0.4154514968395233,-0.3423649072647093,1.5383052825927734,-2.9847710132598877,1.1704639196395887,10.226303100585938
1785985348.6541889,-0.4179856777191162,-0.34845414757728554,1.636936068534851,-0.5598827600479126,0.11927719414234293,10.78769302368164
1785985348.6698391,-0.42513149976730347,-0.34515070915222146,1.6962138414382935,0.8322882056236267,-0.04184672236442443,10.04646110534668
1785985348.6894746,-0.4554603099822998,-0.3128436505794523,1.8100390434265137,-1.6956475973129272,1.5398187637329115,10.295633316040039
1785985348.708734,-0.41250157356262207,-0.32092124223709084,1.8819506168365479,0.7010211944580078,0.21716243028640878,10.616801261901855
1785985348.7290962,-0.4167541563510895,-0.3036700189113615,1.9353299140930176,-2.510035514831543,1.2348735332489025,9.79379940032959
1785985348.7508872,-0.4601903557777405,-0.2757088541984556,1.998099684715271,-2.510035514831543,1.2348735332489025,9.79379940032959
1785985348.7701044,-0.4354260265827179,-0.2650602161884305,2.0651180744171143,-2.510035514831543,1.2348735332489025,9.79379940032959
1785985348.7886999,-0.3961591422557831,-0.25265228748321505,2.112461805343628,-2.1021275520324707,1.4067201614379894,9.956927299499512
1785985348.8283937,-0.40277743339538574,-0.2338058650493619,2.2460708618164062,0.938334584236145,-0.08514292538165931,9.452674865722656
1785985348.851939,-0.37770822644233704,-0.2278288155794141,2.3121867179870605,-0.3670520782470703,0.07898651063442345,9.418563842773438
1785985348.86943,-0.3938039243221283,-0.17320388555526706,2.3463194370269775,0.2693077027797699,0.14178223907947657,9.467537879943848
1785985348.8902562,-0.41508030891418457,-0.11996047198772403,2.280658721923828,-0.8464809060096741,0.5181488990783704,9.928831100463867
1785985348.9101872,-0.3710266649723053,-0.019748592749237744,2.201908588409424,1.287950038909912,-0.01563663966953631,10.082418441772461
1785985348.9282637,-0.32445138692855835,0.06256584078073528,2.1207141876220703,-1.0526410341262817,0.9363091588020337,9.989419937133789
1785985348.9537046,-0.2531607449054718,0.1162067130208018,2.0169639587402344,-2.872328042984009,1.2941431999206554,9.621920585632324
1785985348.9688158,-0.16889376938343048,0.153592571616173,1.9243155717849731,-2.872328042984009,1.2941431999206554,9.621920585632324
1785985348.9903586,-0.041360992938280106,0.17218950390815757,1.8302024602890015,-1.4613016843795776,0.7732602357864392,9.547476768493652
1785985349.011333,0.007404451258480549,0.2158014476299288,1.7455108165740967,-0.667721152305603,0.6053031682968152,9.980053901672363
1785985349.0301244,-0.05989028513431549,0.2554135620594027,1.6636302471160889,-0.9453104734420776,0.44023782014846924,10.069724082946777
1785985349.0517287,-0.06857027858495712,0.2776674628257753,1.578264594078064,-1.5728615522384644,0.7077493667602551,9.590550422668457
1785985349.0703683,-0.12025534361600876,0.2875961661338808,1.4998061656951904,-0.9889233112335205,0.3221179842948926,10.18050765991211
1785985349.1095018,-0.31402936577796936,0.2579837143421175,1.3528441190719604,-1.0201261043548584,1.1565721035003673,9.490419387817383
1785985349.1294749,-0.3856778144836426,0.2374465614557268,1.2808245420455933,-0.44802528619766235,0.25598794221878174,10.046930313110352
1785985349.1515596,-0.4662991762161255,0.18933098018169417,1.2062602043151855,0.08717308938503265,0.44567301869392517,9.854045867919922
1785985349.1700568,-0.5114887952804565,0.14935421943664565,1.1427669525146484,-2.0536317825317383,0.6711335182189954,9.909567832946777
1785985349.1898458,-0.5384383201599121,0.11644335091114058,1.0803680419921875,0.050811126828193665,0.5277656316757215,10.547469139099121
1785985349.2101042,-0.5918300747871399,0.13524375855922713,1.0256154537200928,-1.3466607332229614,0.9497450590133679,9.986384391784668
1785985349.2301786,-0.647704541683197,0.16925112903118145,0.9698427319526672,-1.5001771450042725,0.8886188864707959,9.876703262329102
1785985349.2514896,-0.6437100768089294,0.1830759197473527,0.9239715933799744,-1.2303566932678223,0.7874143123626721,10.334373474121094
1785985349.2701912,-0.6298997402191162,0.2287660688161851,0.8470442891120911,-1.2303566932678223,0.7874143123626721,10.334373474121094
1785985349.3089886,-0.5512251257896423,0.22245110571384438,0.7436792254447937,-1.2303566932678223,0.7874143123626721,10.334373474121094
1785985349.3284419,-0.5065464377403259,0.2181994020938874,0.6867276430130005,-1.3441931009292603,0.6838033199310315,9.954333305358887
1785985349.3703299,-0.4157785475254059,0.18930201232433327,0.5818904638290405,-1.003410816192627,0.9357554316520703,10.219771385192871
1785985349.3886018,-0.34495246410369873,0.18072211742401129,0.539397656917572,-1.282755970954895,0.9292985796928419,10.622072219848633
1785985349.4114103,-0.29880470037460327,0.17846146225929266,0.4853171408176422,-1.4362232685089111,0.9087406992912306,10.662476539611816
1785985349.4525466,-0.20579738914966583,0.118614211678505,0.40797120332717896,-0.01573241502046585,0.2927865684032453,10.415037155151367
1785985349.488113,-0.23242460191249847,0.0504929423332215,0.49402013421058655,-1.7280288934707642,1.368480682373048,9.630431175231934
1785985349.5101311,-0.30333977937698364,0.0011870100861416004,0.602682888507843,-0.897811233997345,1.225882172584535,10.12015151977539
1785985349.5284667,-0.3817054331302643,0.025984263047576034,0.6872544884681702,-1.442131519317627,1.0488636493682875,10.418856620788574
1785985349.5541835,-0.4657498598098755,0.019681645557284456,0.8334797024726868,0.1850530207157135,1.1114547252655043,11.074042320251465
1785985349.5704987,-0.46858012676239014,-0.025609634816646465,0.9148120880126953,-0.1715417057275772,1.2114067077636732,10.73094367980957
1785985349.5886436,-0.45637205243110657,-0.0691551789641379,0.9997016191482544,-0.6290895938873291,1.0147635936737074,10.598702430725098
1785985349.6303658,-0.47316208481788635,-0.16678306460380538,1.256895661354065,-0.7863044738769531,0.4468545317649854,10.482739448547363
1785985349.6517076,-0.44890764355659485,-0.24020119011402113,1.3291021585464478,-0.47239238023757935,0.9033051729202282,9.44979476928711
1785985349.690197,-0.5317405462265015,-0.3396592140197752,1.544603943824768,-0.8315848708152771,0.9162087440490736,10.642374992370605
1785985349.7087379,-0.477456271648407,-0.39825910329818703,1.632418155670166,-2.5069334506988525,1.2376477718353285,10.144930839538574
1785985349.7312493,-0.48138806223869324,-0.4363439381122587,1.7202436923980713,0.8534308075904846,0.5401499271392834,10.282833099365234
1785985349.7538064,-0.5154725313186646,-0.3969910144805906,1.8445827960968018,-0.8798257112503052,1.0021762847900402,9.347871780395508
1785985349.770091,-0.4874597191810608,-0.37011212110519387,1.8975732326507568,-2.3835628032684326,1.645482897758485,9.779214859008789
1785985349.788435,-0.4478153884410858,-0.31086471676826455,1.948011875152588,-2.983583688735962,1.8970777988433851,10.393152236938477
1785985349.81303,-0.41719117760658264,-0.23346260190010046,2.015198230743408,-2.983583688735962,1.8970777988433851,10.393152236938477
1785985349.8282409,-0.4237018823623657,-0.1860771626234052,2.083721876144409,1.4589253664016724,0.6370820403099072,9.931132316589355
1785985349.852559,-0.3594648241996765,-0.09928909689187977,2.1445326805114746,-3.8427042961120605,1.0104793310165419,10.209969520568848
1785985349.8898022,-0.4054863154888153,0.010389940813184062,2.262402057647705,0.5895565748214722,1.0918694734573378,10.031200408935547
1785985349.9103534,-0.40305089950561523,0.019277242943644805,2.299211263656616,-0.0334174670279026,0.7192772030830396,10.098414421081543
1785985349.9305496,-0.4657895863056183,0.024524128064513494,2.3392627239227295,2.5645790100097656,0.3937995135784162,10.5193452835083
1785985349.9530888,-0.5305852293968201,-0.008267161436378666,2.36605167388916,1.8387117385864258,0.5571731328964247,10.707098960876465
1785985349.9699328,-0.49979251623153687,-0.030497707426547713,2.388869524002075,1.3264483213424683,0.6546279191970837,10.079485893249512
1785985349.9881577,-0.449110746383667,0.013723310083151148,2.3211913108825684,-0.030152682214975357,0.7740498781204236,10.220073699951172
1785985350.0295024,-0.3106493651866913,0.05319041013717678,2.1321234703063965,-2.5682132244110107,0.20554918050766124,10.817192077636719
1785985350.070159,-0.17358087003231049,0.13997012376785303,1.947135090827942,1.239500880241394,-0.0001964680850492163,11.159064292907715
1785985350.088741,-0.18314282596111298,0.17605820298194907,1.8703163862228394,0.3803745210170746,0.3682493567466749,10.9010591506958
1785985350.11037,-0.16957400739192963,0.20127846300601981,1.7606741189956665,-0.8067489862442017,1.3336160182952892,9.290843963623047
1785985350.1295125,-0.1850602775812149,0.17638315260410328,1.691615343093872,-1.2254873514175415,1.0696353912353527,9.370027542114258
1785985350.1522732,-0.24766501784324646,0.18114888668060322,1.590691089630127,-1.1004059314727783,1.1430708169937145,9.870924949645996
1785985350.168922,-0.27860039472579956,0.1968800127506258,1.5202568769454956,-0.48838838934898376,0.710811734199525,9.506571769714355
1785985350.1906974,-0.3006359934806824,0.17300593852996843,1.4294720888137817,-0.7708443999290466,0.6714138984680187,9.247495651245117
1785985350.212336,-0.3656606376171112,0.17184840142726915,1.3354347944259644,-2.8896586894989014,1.2214431762695326,10.004676818847656
1785985350.2291586,-0.4012288451194763,0.1659232825040819,1.2692811489105225,-0.8788207769393921,1.0760360956192028,9.836109161376953
1785985350.253604,-0.42407703399658203,0.1415585577487947,1.1878349781036377,-1.6707347631454468,0.9565377831459058,10.262328147888184
1785985350.2704651,-0.44586580991744995,0.12747283279895796,1.1252483129501343,0.057454343885183334,0.3920029699802411,10.149503707885742
1785985350.2900605,-0.4883441925048828,0.15829510986804976,1.0535211563110352,0.5410176515579224,0.24503459036350372,9.940431594848633
1785985350.3087995,-0.4766787588596344,0.1557825505733491,0.9924533367156982,-0.6606878042221069,0.9408662319183363,10.584769248962402
1785985350.330481,-0.4807870388031006,0.14965422451496135,0.9177088141441345,-0.8918896913528442,0.8520151972770703,10.264643669128418
1785985350.3522587,-0.49787452816963196,0.14631356298923504,0.8611347079277039,-0.8918896913528442,0.8520151972770703,10.264643669128418
1785985350.3904347,-0.4737679958343506,0.1365724205970765,0.751024603843689,-0.5366462469100952,0.8128038048744214,10.186711311340332
1785985350.4111054,-0.46080702543258667,0.16718585789203652,0.695997416973114,-0.5366462469100952,0.8128038048744214,10.186711311340332
1785985350.4299104,-0.46310093998908997,0.16425994038581856,0.6602581739425659,-0.7033246755599976,1.006596326828004,9.942061424255371
1785985350.4514744,-0.4489182233810425,0.18133702874183663,0.6109825968742371,-0.3742355704307556,0.827517390251161,10.676008224487305
1785985350.4690595,-0.4304341673851013,0.16877833008766183,0.5751166939735413,-0.4829140603542328,0.8178409934043896,10.350648880004883
1785985350.4910398,-0.40478622913360596,0.13849581778049475,0.5332908630371094,-0.9051222801208496,0.9062093496322645,10.818001747131348
1785985350.510355,-0.39828798174858093,0.10089927911758428,0.49776744842529297,-0.608586311340332,0.8781066536903394,9.775979995727539
1785985350.5699618,-0.3650034964084625,0.07019893079996115,0.4188331365585327,0.8515639305114746,0.5087441802024854,10.362540245056152
1785985350.5881774,-0.3828525245189667,0.05634138360619551,0.48741626739501953,0.09823663532733917,0.782324850559236,10.76569652557373
1785985350.6112208,-0.38450178503990173,0.014113332144916134,0.628680944442749,0.09823663532733917,0.782324850559236,10.76569652557373
1785985350.6280158,-0.38139355182647705,-0.007857639342546378,0.6932950019836426,-2.5532400608062744,0.6733214855194105,10.51357364654541
1785985350.6526716,-0.37432971596717834,0.010352621786296465,0.7944140434265137,0.9397631883621216,1.1954669952392591,10.184867858886719
1785985350.67009,-0.37300509214401245,0.022064952179789658,0.9244577884674072,-0.08861614018678665,1.3611485958099379,10.7513427734375
1785985350.6893125,-0.37731701135635376,0.012387336231768256,1.0237070322036743,-1.6191819906234741,1.2982231378555311,10.200000762939453
1785985350.7106133,-0.43619972467422485,0.007127570454031367,1.124449372291565,-1.517789363861084,0.8275039196014418,10.697588920593262
1785985350.7524827,-0.5684166550636292,-0.05149013549089415,1.3380075693130493,-1.517789363861084,0.8275039196014418,10.697588920593262
1785985350.7688642,-0.6241874098777771,-0.12652485072612746,1.4080865383148193,2.1413440704345703,0.89249885082245,10.355868339538574
1785985350.7876248,-0.6728894114494324,-0.18414826691150646,1.4807687997817993,0.7263107895851135,1.255048513412477,10.164337158203125
1785985350.8180428,-0.6934395432472229,-0.22525356709957103,1.631862759590149,0.7263107895851135,1.255048513412477,10.164337158203125
1785985350.852718,-0.6883400678634644,-0.31456804275512673,1.7392807006835938,-0.3212060332298279,0.9123879671096814,10.168329238891602
1785985350.8698525,-0.7005208134651184,-0.2994629442691801,1.7910150289535522,2.473133087158203,1.0766935348510753,9.848746299743652
1785985350.8891466,-0.6777012348175049,-0.29970911145210244,1.8698490858078003,0.4858088493347168,1.1996352672576918,10.257803916931152
1785985350.9105065,-0.65451979637146,-0.2928231358528135,1.9539668560028076,1.1262980699539185,1.0468220710754408,10.134620666503906
1785985350.9526486,-0.642306387424469,-0.2303981781005857,2.089817762374878,-0.4190570116043091,0.5034614801406873,9.92655086517334
1785985350.9691412,-0.616310179233551,-0.21616287529468511,2.124586582183838,0.3990309238433838,0.6193720698356641,9.70566463470459
1785985350.9903543,-0.5933712720870972,-0.17927899956703158,2.170071601867676,-0.5257088541984558,0.453638166189195,10.511396408081055
1785985351.0304112,-0.49281075596809387,-0.1347426772117612,2.268326759338379,-1.7559925317764282,0.9307554960250867,9.748997688293457
1785985351.0539923,-0.4402209222316742,-0.13469636440277072,2.314023017883301,0.9089668393135071,0.8523547649383557,10.213859558105469
1785985351.0707798,-0.4212159514427185,-0.10869283229112596,2.3275060653686523,1.2589002847671509,0.15889801084995395,10.209437370300293
1785985351.0898314,-0.38675662875175476,-0.03603714331984492,2.2406980991363525,0.15242990851402283,1.3353228569030773,9.652262687683105
1785985351.1109488,-0.2907216548919678,0.030901998281479142,2.135694980621338,-0.705399215221405,1.2192386388778698,9.846059799194336
1785985351.1291976,-0.25520217418670654,0.0677452608942988,2.0564677715301514,-0.434306800365448,0.9937913417816174,9.719305992126465
1785985351.1547258,-0.2479112446308136,0.10713352262973809,1.9629968404769897,0.06225838139653206,0.7670240998268141,10.529335975646973
1785985351.1697872,-0.22069276869297028,0.11273666471242928,1.8765510320663452,0.022983435541391373,0.9495602846145642,10.1974458694458
1785985351.1884246,-0.24747909605503082,0.13649435341358207,1.7851781845092773,-0.9572454690933228,0.7399201393127454,10.156255722045898
1785985351.2112906,-0.3018638491630554,0.13024428486824055,1.689337134361267,0.024707019329071045,0.5672599077224744,10.305624961853027
1785985351.2304215,-0.3462102711200714,0.13477693498134632,1.6061434745788574,-1.1817119121551514,0.7655779719352735,10.656547546386719
1785985351.2699103,-0.46201056241989136,0.13169640302658098,1.4485312700271606,-0.7553776502609253,0.6579602956771863,10.372939109802246
1785985351.2885964,-0.48358023166656494,0.1305882930755617,1.3727549314498901,-1.0206459760665894,0.9024168848991406,9.652722358703613
1785985351.3101408,-0.5117331147193909,0.11795771121978775,1.2929050922393799,0.20589768886566162,0.31143820285797247,10.403242111206055
1785985351.329324,-0.5491109490394592,0.12793603539466872,1.225840449333191,1.0797617435455322,-0.2085016071796403,11.615925788879395
1785985351.354032,-0.5860226154327393,0.1484814435243608,1.1492425203323364,-2.09377384185791,1.093738436698915,10.206756591796875
1785985351.3702142,-0.6063127517700195,0.11897325515747084,1.0866317749023438,0.2700880169868469,0.8540245294570936,10.576682090759277
1785985351.3894627,-0.6250923871994019,0.10615588724613202,1.0159664154052734,0.9502310156822205,0.3474381566047681,10.536675453186035
1785985351.4126241,-0.6175135374069214,0.08731547743082058,0.9437571167945862,-0.3891523778438568,0.7366266846656813,10.767075538635254
1785985351.4506664,-0.5766682624816895,0.11277085542678843,0.8354425430297852,-0.3891523778438568,0.7366266846656813,10.767075538635254
1785985351.4704053,-0.5516852140426636,0.07125446200370798,0.7758870720863342,1.9436829090118408,-0.3444163501262651,11.261494636535645
1785985351.4905488,-0.4733634293079376,0.08879297226667413,0.7207727432250977,-2.0607147216796875,1.321559786796571,9.624109268188477
1785985351.5103698,-0.38577842712402344,0.08792123943567284,0.6812534332275391,-1.0796080827713013,1.080949187278749,9.994696617126465
1785985351.5303051,-0.3561997413635254,0.1257391571998597,0.6369010210037231,-0.5338647961616516,0.8852058053016675,9.871878623962402
1785985351.553813,-0.29209721088409424,0.1747441142797471,0.597511887550354,-0.5338647961616516,0.8852058053016675,9.871878623962402
1785985351.5901577,-0.26786723732948303,0.20024561882019049,0.5255929827690125,-0.7693176865577698,0.9818546772003186,10.135293006896973
1785985351.6101465,-0.293098121881485,0.17890854179859167,0.49196067452430725,-0.5257902145385742,0.9278809428215039,10.053775787353516
1785985351.6296086,-0.276913046836853,0.12027817219495779,0.4559306204319,-0.5371951460838318,0.8248623609542859,10.27173137664795
1785985351.6514304,-0.28048765659332275,0.07277023047208792,0.4253133535385132,-0.6632857322692871,1.2385969161987316,9.681000709533691
1785985351.6698709,-0.3080171048641205,0.009228339418768937,0.4440092146396637,0.23489317297935486,0.922719478607179,10.176826477050781
1785985351.6880472,-0.32433241605758667,-0.03342229127883905,0.5134463906288147,0.9718515276908875,1.3540734052658094,10.379737854003906
1785985351.7114909,-0.39105933904647827,-0.026064155623316692,0.6087455749511719,0.8457500338554382,0.3949453830719007,10.618546485900879
1785985351.730263,-0.4236052632331848,-0.03910227492451659,0.7302373647689819,-2.495082139968872,1.2088606357574476,10.122564315795898
1785985351.7514696,-0.41832664608955383,-0.043785233050584696,0.8198707103729248,2.3469555377960205,1.057896971702577,10.128473281860352
1785985351.7703948,-0.4540077745914459,-0.04762832447886456,0.9083014726638794,-1.098514199256897,2.4516582489013685,10.036466598510742
1785985351.7885976,-0.4962518513202667,-0.039345104247331494,1.0466303825378418,-1.8124444484710693,0.516796946525575,10.242204666137695
1785985351.812397,-0.5739312767982483,-0.01920129172503934,1.1538934707641602,-1.787354826927185,1.0997252464294447,10.23978328704834
1785985351.8292713,-0.6449658870697021,-0.08409046381711945,1.242807149887085,-0.31585535407066345,0.9790067076683057,9.667765617370605
1785985351.8514166,-0.7339747548103333,-0.11790347844362242,1.3234282732009888,0.484909325838089,0.9360311627388013,10.258477210998535
1785985351.8701239,-0.784824550151825,-0.13634325563907607,1.4444677829742432,0.484909325838089,0.9360311627388013,10.258477210998535
1785985351.8881483,-0.7865632772445679,-0.1764650344848631,1.5260698795318604,0.6313454508781433,0.8767365217208876,10.493681907653809
1785985351.9105072,-0.7760794758796692,-0.2672697305679319,1.5968811511993408,1.2568227052688599,0.0749833956360829,9.877455711364746
1785985351.9290903,-0.761184811592102,-0.30655160546302773,1.710064172744751,2.3018546104431152,0.43063637614250305,9.857087135314941
1785985351.9513552,-0.6512296795845032,-0.39568272233009316,1.7803195714950562,1.2972471714019775,0.8357174992561353,9.817399024963379
1785985351.9698865,-0.5833441615104675,-0.4210117161273954,1.8420895338058472,0.1325833648443222,0.8181450366973889,9.605310440063477
1785985351.9885967,-0.5849753618240356,-0.3839345574378965,1.8815964460372925,1.0186265707015991,0.792389512062074,10.210636138916016
1785985352.0099404,-0.528515636920929,-0.3639496266841886,1.9769198894500732,0.03599798306822777,0.6377627253532422,9.530903816223145
1785985352.0292022,-0.4640294313430786,-0.3633407056331632,2.043013334274292,0.795737624168396,0.6572457551956189,9.929000854492188
1785985352.0540948,-0.4757556915283203,-0.27724796533584567,2.0701916217803955,0.520952045917511,1.055090665817262,10.002696990966797
1785985352.088064,-0.4741240441799164,-0.18738539516925784,2.181415557861328,0.3799644410610199,1.5159860849380504,9.8571138381958
1785985352.1105359,-0.49092623591423035,-0.1615334749221799,2.240204334259033,0.3799644410610199,1.5159860849380504,9.8571138381958
1785985352.1281116,-0.5901002883911133,-0.0908361002802846,2.2507951259613037,-2.9632833003997803,1.0397248268127453,9.432353973388672
1785985352.1530898,-0.6013805270195007,-0.03767522051930399,2.3222708702087402,-1.7644110918045044,0.5441867709159863,10.00612735748291
1785985352.1698167,-0.548971951007843,-0.0052950694225725676,2.314722776412964,0.573286235332489,0.8158735036849988,9.578548431396484
1785985352.1899228,-0.556758463382721,0.065041393041611,2.221137762069702,2.6050291061401367,1.2206062078475963,9.5491943359375
1785985352.2099426,-0.5075709223747253,0.12000580132007625,2.132422685623169,-4.004514694213867,1.434140205383302,9.525749206542969
1785985352.2301228,-0.40998804569244385,0.15133310854434992,2.0289933681488037,0.6798678636550903,0.6961106657981885,9.853694915771484
1785985352.2517598,-0.36784830689430237,0.1810747236013415,1.9526771306991577,1.9086432456970215,0.7962831258773816,10.094476699829102
1785985352.2699945,-0.36380627751350403,0.20925098657608054,1.8543766736984253,-0.3292955160140991,0.9969272017478955,9.757394790649414
1785985352.2897158,-0.35264578461647034,0.20682901144027732,1.7543741464614868,-1.1295579671859741,0.6949106454849255,10.043139457702637
1785985352.3090305,-0.3813892900943756,0.20007240772247334,1.6847203969955444,-1.1130982637405396,0.8137612938880933,9.966777801513672
1785985352.3538198,-0.4604795277118683,0.14405159652233143,1.4967694282531738,0.9733864068984985,0.20488092303276184,10.07591438293457
1785985352.3702528,-0.483477920293808,0.12341249734163302,1.4249768257141113,-1.4025218486785889,1.1800549030303966,9.097965240478516
1785985352.430136,-0.5970799326896667,0.12376297265291229,1.2078156471252441,-0.45549091696739197,1.148057579994203,10.180869102478027
1785985352.4516218,-0.6199257373809814,0.0914951935410501,1.1359232664108276,-0.6062464118003845,0.6930404305458081,9.878676414489746
1785985352.4687662,-0.6373680830001831,0.07210827618837369,1.0657237768173218,-0.6062464118003845,0.6930404305458081,9.878676414489746
1785985352.4901397,-0.610640287399292,0.05938280373811734,0.9969916939735413,-0.8326617479324341,1.1142692565917982,10.3729248046875
1785985352.510313,-0.6012464761734009,0.060096219182014576,0.9243946671485901,-0.3274783194065094,0.7261222004890454,10.005520820617676
1785985352.5304053,-0.5877352952957153,0.04204221069812785,0.8719467520713806,2.1406562328338623,0.4356912672519697,10.799586296081543
1785985352.5541794,-0.5558319687843323,0.024217523634433847,0.8274075984954834,-0.8594781756401062,0.7953929305076611,9.79064655303955
1785985352.5692804,-0.5235165953636169,0.04898552224040041,0.7759434580802917,-1.0196095705032349,0.9147242903709424,9.964012145996094
1785985352.588612,-0.5212044715881348,0.04683059826493272,0.7273159027099609,-1.329561710357666,0.8298437595367445,10.457035064697266
1785985352.6097596,-0.46665048599243164,0.047797694802284324,0.6862387657165527,1.4060527086257935,0.43600904941558966,10.320579528808594
1785985352.62991,-0.42406028509140015,0.061274021863937454,0.6295137405395508,1.6664856672286987,-0.09077683836221564,10.627819061279297
1785985352.65254,-0.4080546498298645,0.0722582936286927,0.5976949334144592,-1.8109060525894165,1.1805931329727184,9.428295135498047
1785985352.6700997,-0.3932172358036041,0.09371160715818412,0.5605781674385071,1.6186274290084839,0.0045440499670816835,10.850170135498047
1785985352.6880708,-0.3663746416568756,0.11253777891397483,0.5192500352859497,-0.4499683082103729,0.9720847606658949,10.655892372131348
1785985352.7102056,-0.3195924162864685,0.1238978579640389,0.48775598406791687,-0.9860334992408752,1.0775651931762706,9.493824005126953
1785985352.7290986,-0.3103596270084381,0.09893446415662771,0.460338294506073,2.0763099193573,-0.4144214987754808,11.408275604248047
1785985352.7513776,-0.2790178954601288,0.11118806153535848,0.43711981177330017,-1.144295334815979,1.1644313335418712,9.634499549865723
1785985352.7698045,-0.28089725971221924,0.06114204972982413,0.5144556164741516,-1.1794112920761108,1.015225648880006,9.396896362304688
1785985352.7898402,-0.32468244433403015,0.07305384427309045,0.6370469927787781,-1.1794112920761108,1.015225648880006,9.396896362304688
1785985352.8283217,-0.31824249029159546,0.028455687686801054,0.7877172231674194,-0.9417126178741455,0.2729677557945265,10.7330322265625
1785985352.8547676,-0.3245495557785034,0.031329240649938694,0.8964974880218506,1.4978346824645996,0.503291189670564,10.140629768371582
1785985352.8885427,-0.3887555003166199,-0.042534910142421584,1.1191335916519165,-2.04081392288208,1.692277550697328,10.218071937561035
1785985352.9101703,-0.5412118434906006,-0.06276377290487274,1.2211886644363403,-1.4991037845611572,1.0655640363693248,9.861268997192383
1785985352.9291315,-0.6429970264434814,-0.10092478990554793,1.3510334491729736,-2.612470865249634,0.7404579520225537,10.044939041137695
1785985352.953468,-0.726546049118042,-0.15207600593566878,1.4432679414749146,-2.6496222019195557,0.674426317214967,10.316240310668945
1785985352.9704711,-0.7871925234794617,-0.186338886618614,1.495057225227356,-0.3042392432689667,0.8557406663894667,10.58195972442627
1785985352.989899,-0.8000303506851196,-0.2263636440038679,1.5662180185317993,-0.6376040577888489,0.9545668959617627,10.071490287780762
1785985353.00961,-0.745232880115509,-0.3183375298976896,1.665877342224121,-0.7736471891403198,1.4009672403335585,9.984208106994629
1785985353.0303178,-0.6908379197120667,-0.3846156597137449,1.736472249031067,-0.8481181263923645,1.1785368919372572,10.081435203552246
1785985353.0521424,-0.6512274146080017,-0.38057169318199136,1.8034566640853882,-1.60994291305542,1.7561898231506359,9.914308547973633
1785985353.0689204,-0.6113361716270447,-0.4016410410404203,1.8996285200119019,2.4950058460235596,0.35019451379776123,10.067880630493164
1785985353.0903974,-0.5950353145599365,-0.34712857007980324,1.9677605628967285,-0.3850577473640442,1.1042780876159681,10.105513572692871
1785985353.1102705,-0.5882618427276611,-0.3233150243759153,2.0132904052734375,-1.8546977043151855,1.0549812316894542,9.768851280212402
1785985353.1282616,-0.5976423025131226,-0.2818615734577176,2.053062915802002,0.2659653425216675,0.707617521286012,9.55402660369873
1785985353.153831,-0.5645624995231628,-0.23246020078659033,2.1466305255889893,-1.476705551147461,0.8743452429771436,10.290495872497559
1785985353.1895025,-0.5361297130584717,-0.16811247169971438,2.2079355716705322,-2.934602975845337,1.2641929388046276,9.657510757446289
1785985353.2102804,-0.5636667609214783,-0.0875925198197362,2.2421069145202637,-1.7699490785598755,1.6602212190628063,9.755973815917969
1785985353.2701254,-0.5129189491271973,0.007798697333783186,2.2464759349823,-0.3583980202674866,1.0813437700271618,9.859479904174805
1785985353.2905595,-0.41724535822868347,0.11473957449197796,2.154564619064331,-0.34233102202415466,-0.25619125366210804,10.658119201660156
1785985353.3110876,-0.33959537744522095,0.1869401782751086,2.0592360496520996,-0.6610587239265442,1.2153452634811412,9.672712326049805
1785985353.3292942,-0.3119518458843231,0.21966791152954127,1.9816937446594238,-0.3532630205154419,1.1660215854644786,9.669581413269043
1785985353.351649,-0.3156796395778656,0.24178689718246482,1.8804967403411865,0.08809608221054077,0.6432059407234205,10.442890167236328
1785985353.3688154,-0.33630767464637756,0.2590954899787905,1.7781007289886475,0.08809608221054077,0.6432059407234205,10.442890167236328
1785985353.3902798,-0.3961738049983978,0.28540948033332847,1.6793782711029053,0.2950557768344879,0.94853574037552,10.228336334228516
1785985353.4111435,-0.45705804228782654,0.31137499213218706,1.5791932344436646,0.1972658485174179,0.8548523783683789,9.800785064697266
1785985353.4302278,-0.48486965894699097,0.29239889979362504,1.4927059412002563,0.3879033327102661,0.2665743231773389,10.61562442779541
1785985353.4526699,-0.48529133200645447,0.2507187128067018,1.4159629344940186,-0.7265023589134216,0.5113989114761365,9.656560897827148
1785985353.470489,-0.4960978627204895,0.20041041076183336,1.3414125442504883,0.6517534852027893,0.3942211866378797,10.28072452545166
1785985353.4900723,-0.5147616267204285,0.1405251026153566,1.2762062549591064,0.5743133425712585,0.6626730561256421,10.219714164733887
1785985353.5086758,-0.5143870115280151,0.10752039402723328,1.2008075714111328,0.40543997287750244,0.7393239140510571,10.212394714355469
1785985353.5301597,-0.4883441925048828,0.06060718372464194,1.1349447965621948,-0.7307288646697998,0.4684866368770612,10.312177658081055
1785985353.5516624,-0.4570305645465851,0.039937667548656595,1.0645577907562256,-0.8844814300537109,1.4646242856979383,9.991654396057129
1785985353.5700228,-0.47259804606437683,-0.02454176545143115,1.0057443380355835,-0.8844814300537109,1.4646242856979383,9.991654396057129
1785985353.6101708,-0.4956448972225189,-0.04603135958313931,0.9015693068504333,-1.0753229856491089,0.8097304701805127,10.065836906433105
1785985353.6700954,-0.3997558057308197,0.11858731508255015,0.7423194050788879,-0.01382061094045639,0.6042395234107983,10.23558521270752
1785985353.7100878,-0.42055824398994446,0.11083397269248971,0.638738751411438,0.5715285539627075,0.1000435650348676,10.339215278625488
1785985353.7291186,-0.4705384075641632,0.060226295143365936,0.6049139499664307,-2.2474703788757324,1.2253324985504161,9.957281112670898
1785985353.7538636,-0.5160907506942749,0.05867119878530509,0.5526655316352844,0.4608628451824188,0.8287399411201489,10.402024269104004
1785985353.769777,-0.5213868021965027,0.06190495938062674,0.5199671983718872,0.4608628451824188,0.8287399411201489,10.402024269104004
1785985353.78919,-0.53854900598526,0.05207570642232901,0.4941732585430145,0.2819737195968628,0.7939274311065686,10.29073429107666
1785985353.813166,-0.5417730212211609,0.11333087086677557,0.45507916808128357,-2.8928143978118896,1.1861091852188121,9.463905334472656
1785985353.8521338,-0.5375945568084717,0.0751513615250588,0.4558064043521881,-0.06092239171266556,0.735133528709413,10.585041999816895
1785985353.8687623,-0.4898994565010071,0.045726127922535005,0.5078778862953186,-0.48530128598213196,0.9754289388656628,10.357834815979004
1785985353.891335,-0.42335784435272217,0.03373283892869957,0.6094160079956055,-0.7165876626968384,1.3453719615936293,10.045628547668457
1785985353.9116845,-0.3806561827659607,-0.010878100991249,0.6902223229408264,1.1309962272644043,0.5177618861198439,10.46983814239502
1785985353.9284863,-0.35008683800697327,-0.02381711266934862,0.7939453721046448,-2.183171510696411,2.0123534202575697,10.264486312866211
1785985353.9543116,-0.33807024359703064,-0.039869774132966884,0.9182491898536682,-2.183171510696411,2.0123534202575697,10.264486312866211
1785985353.9700828,-0.3584553301334381,-0.059600517153739804,1.0156338214874268,-0.9678916931152344,0.767654895782472,10.478595733642578
1785985353.9889278,-0.412306010723114,-0.07493902742862688,1.105220913887024,0.21290910243988037,0.8158649802207959,10.164615631103516
1785985354.0094242,-0.4637722671031952,-0.1015856266021727,1.2168875932693481,-0.6627101898193359,0.6966972351074231,10.347051620483398
1785985354.0292244,-0.5363254547119141,-0.165597692131996,1.3280889987945557,0.11018490791320801,0.9547821283340466,9.736154556274414
1785985354.0552607,-0.6085878610610962,-0.24741609394550307,1.433705449104309,-0.6897481679916382,1.318339228630067,9.962976455688477
1785985354.070179,-0.6389118432998657,-0.2914040088653563,1.545432209968567,-1.171246886253357,1.0316715240478527,9.773229598999023
1785985354.088057,-0.6449127197265625,-0.31649082899093606,1.6126770973205566,-0.9093121290206909,0.6516076326370251,10.33366870880127
1785985354.1104066,-0.6672185659408569,-0.30681267380714394,1.675071120262146,-0.2242864966392517,1.423523545265199,10.31235122680664
1785985354.1300817,-0.6669518351554871,-0.30918869376182534,1.7269474267959595,0.26163002848625183,1.1905841827392591,10.77498722076416
1785985354.1515768,-0.6047252416610718,-0.33288270235061623,1.822577953338623,-2.6200878620147705,1.5865533351898207,10.060125350952148
1785985354.170057,-0.5412850379943848,-0.3571658432483671,1.8857146501541138,0.2589757740497589,0.7336608767509472,9.207368850708008
1785985354.1883264,-0.5468775033950806,-0.3417784571647642,1.9245014190673828,0.45315954089164734,0.6765224337577831,9.170801162719727
1785985354.2112656,-0.5241801738739014,-0.33043986558914157,2.043297052383423,-3.1081762313842773,1.647877335548402,9.866360664367676
1785985354.2292693,-0.4979582726955414,-0.25971493124961825,2.0862646102905273,-2.630502462387085,1.7101808786392225,10.181750297546387
1785985354.2539012,-0.5212138295173645,-0.18227995932102178,2.1158089637756348,1.6987789869308472,0.848986864089967,9.68613338470459
1785985354.2701185,-0.5151156783103943,-0.1597048342227933,2.1681432723999023,1.6620031595230103,0.7377937436103833,9.69492244720459
1785985354.288136,-0.4772634506225586,-0.11123868077993365,2.2220985889434814,0.923885703086853,0.7953449487686169,10.061236381530762
1785985354.31014,-0.4465489685535431,-0.07121879607439013,2.279262065887451,-2.1129348278045654,0.8382184505462659,9.9766263961792
1785985354.3300314,-0.4495399296283722,-0.043183486908673956,2.3145358562469482,-2.4643146991729736,0.7132819890975964,10.138188362121582
1785985354.3513384,-0.43367668986320496,0.0341186076402667,2.3388428688049316,-2.4643146991729736,0.7132819890975964,10.138188362121582
1785985354.3700058,-0.3790982961654663,0.10143703222274808,2.2649929523468018,-0.4594978392124176,0.801333010196687,9.850137710571289
1785985354.3897672,-0.35796746611595154,0.1709940731525424,2.194797992706299,-3.9198319911956787,0.709426283836366,9.847336769104004
1785985354.410488,-0.34402400255203247,0.2526925504207614,2.0971202850341797,1.7050457000732422,1.2887482643127453,9.357797622680664
1785985354.4302547,-0.29168251156806946,0.2767654657363894,1.994408369064331,-0.4847513735294342,0.6333805918693555,10.218948364257812
1785985354.451591,-0.2724224030971527,0.29015302658081077,1.9086599349975586,-0.11014500260353088,0.7672817111015332,10.287108421325684
1785985354.46838,-0.31019654870033264,0.3156899213790896,1.8235774040222168,0.1379328966140747,0.5131370425224316,9.941265106201172
1785985354.488436,-0.3212287724018097,0.35261362791061424,1.726784110069275,0.3401901423931122,0.4509044587612165,10.329668045043945
1785985354.5102828,-0.36645177006721497,0.3328466117382052,1.6349928379058838,-0.09266100823879242,0.4237439334392561,10.693572998046875
1785985354.5291567,-0.4421554505825043,0.3260693550109865,1.5595320463180542,0.5975939631462097,0.2640577256679548,10.660841941833496
1785985354.5512166,-0.48396629095077515,0.29865497350692766,1.4694489240646362,0.7735485434532166,0.2874372601509107,10.278009414672852
1785985354.5690727,-0.5155160427093506,0.2603579163551332,1.3924578428268433,-0.24569198489189148,0.8202731609344495,9.717668533325195
1785985354.590087,-0.5382950305938721,0.2611361443996431,1.2989729642868042,-0.71485835313797,0.8502889275550854,10.119568824768066
1785985354.6106608,-0.5761599540710449,0.2411674261093141,1.2193812131881714,-0.7742303609848022,0.8047413229942334,9.976523399353027
1785985354.6291473,-0.5770203471183777,0.23813353478908553,1.1392611265182495,-0.8107987642288208,1.023125529289247,10.307841300964355
1785985354.65427,-0.5913892388343811,0.21327257156372084,1.0551044940948486,0.17390677332878113,0.38498261570930614,11.007376670837402
1785985354.669777,-0.584149181842804,0.1728702187538148,1.0005179643630981,-1.531362533569336,0.9971097111701978,10.369329452514648
1785985354.6888378,-0.5734955668449402,0.16089972853660595,0.9388309717178345,-1.189855933189392,1.2073100805282606,10.017969131469727
1785985354.73018,-0.525671660900116,0.12789061665534984,0.8086879253387451,-1.1697384119033813,1.1701630353927623,9.473875999450684
1785985354.769037,-0.49253395199775696,0.07843805849552163,0.7018718719482422,-0.630664050579071,0.9989958405494703,10.604297637939453
1785985354.7882624,-0.4622260630130768,0.05568598210811623,0.6627457141876221,-0.5314249992370605,1.0309772491455091,10.153039932250977
1785985354.8107357,-0.4452027678489685,0.046904433518648224,0.6170840859413147,-0.6573690176010132,0.7399260401725781,10.383087158203125
1785985354.8295166,-0.43211355805397034,0.0152506614103914,0.5731039643287659,-0.7826971411705017,0.874916195869447,10.322405815124512
1785985354.852388,-0.42564505338668823,-0.014630843885242873,0.5327983498573303,-2.812991142272949,1.3297953605651867,9.929753303527832
1785985354.8897345,-0.4056931138038635,-0.046063136309385244,0.473748117685318,-2.812991142272949,1.3297953605651867,9.929753303527832
1785985354.9099672,-0.38986697793006897,-0.04759851843118662,0.439646452665329,-1.0606837272644043,0.8999589085578931,10.220874786376953
1785985354.930303,-0.37404200434684753,-0.04517100378870959,0.4137509763240814,-0.07982604205608368,0.6429097652435315,10.291433334350586
1785985354.9516053,-0.3676186501979828,-0.05387374386191363,0.39972206950187683,-0.15253610908985138,1.0942214727401747,10.89500617980957
1785985354.9690423,-0.35200586915016174,-0.0650371760129928,0.4723794758319855,-0.5255755186080933,0.628900229930879,10.739433288574219
1785985354.9896944,-0.4030503034591675,-0.05103220790624611,0.6125337481498718,0.1281728297472,1.999485254287721,10.190338134765625
1785985355.0104644,-0.40244758129119873,-0.030031746253371152,0.7033196687698364,-3.7475292682647705,0.5626392960548414,10.798356056213379
1785985355.0306115,-0.3812948167324066,-0.007813362404703999,0.7842625975608826,-3.7475292682647705,0.5626392960548414,10.798356056213379
1785985355.0524356,-0.4076252579689026,-0.010613457299768815,0.8959234356880188,2.2180633544921875,0.7473130822181715,10.583272933959961
1785985355.0701413,-0.4425745904445648,0.04320099204778684,1.0219608545303345,-0.852225661277771,1.2754311561584486,10.417718887329102
1785985355.0880575,-0.46739381551742554,0.04842541366815581,1.1272519826889038,-0.561047375202179,0.7978770136833204,10.51063346862793
1785985355.1111062,-0.5761212706565857,0.026302043348550946,1.2270982265472412,0.010945931077003479,0.8247985243797314,10.41153335571289
1785985355.1280718,-0.6609296798706055,0.0023306324146689624,1.337275505065918,-0.2679085433483124,1.0292145013809217,10.77346134185791
1785985355.1540713,-0.7157988548278809,-0.08847261965274793,1.4466413259506226,-1.0416851043701172,1.1048954725265516,10.56301498413086
1785985355.1702456,-0.7068312764167786,-0.1577853709459303,1.5095874071121216,2.394545078277588,0.8166462182998669,10.084200859069824
1785985355.1886215,-0.743249237537384,-0.21143831312656383,1.5579670667648315,2.5455567836761475,1.19765603542328,9.649439811706543
1785985355.2093368,-0.6904420256614685,-0.29694336652755715,1.6562674045562744,1.2121301889419556,1.1100462675094618,10.251273155212402
1785985355.230416,-0.6343179941177368,-0.37611931562423684,1.7403534650802612,-0.7157663106918335,0.8722794651985181,9.731427192687988
1785985355.2527034,-0.6488295793533325,-0.4187337756156919,1.7802578210830688,-1.084639310836792,1.0278377532958998,10.10447883605957
1785985355.2698803,-0.666212260723114,-0.443628132343292,1.8923496007919312,-2.6951379776000977,1.54487180709839,10.35342025756836
1785985355.2885509,-0.6284868121147156,-0.41673868894577004,1.9325755834579468,-2.494257688522339,1.603209733963014,10.679097175598145
1785985355.3102627,-0.6216408014297485,-0.39130362868309,1.990788459777832,-1.358957290649414,0.6319870352745068,9.955001831054688
1785985355.3301406,-0.6629735231399536,-0.3675684332847593,2.0306572914123535,-1.6369374990463257,0.8597477674484265,9.713820457458496
1785985355.3513978,-0.5861918330192566,-0.3307909965515134,2.1100683212280273,-3.0546071529388428,1.3785469532012953,10.654678344726562
1785985355.3687985,-0.511148989200592,-0.28318056464195224,2.164708375930786,0.9648944735527039,0.5465167164802565,10.44157600402832
1785985355.390505,-0.5116252899169922,-0.1803669184446332,2.207810163497925,-2.127955913543701,1.8726850748062147,10.426443099975586
1785985355.410087,-0.5199793577194214,-0.09630709141492816,2.2954113483428955,-3.4395060539245605,1.3247957229614271,10.681856155395508
1785985355.4539342,-0.5244565606117249,0.027193924412131597,2.343737840652466,-0.8093745708465576,1.0205029249191295,9.6753511428833
1785985355.4699273,-0.5821766257286072,0.07088594883680371,2.2796311378479004,-0.3892201781272888,0.6517444252967848,10.515328407287598
1785985355.4885798,-0.5058178901672363,0.08458019793033626,2.205869197845459,-0.9729234576225281,1.043565392494203,10.013083457946777
1785985355.510751,-0.38030195236206055,0.11136095970869091,2.1320455074310303,1.7107888460159302,1.5096050500869762,9.822907447814941
1785985355.5304444,-0.3276177644729614,0.15591698884964014,2.0644307136535645,0.4739674925804138,1.040198326110841,9.847132682800293
1785985355.5526428,-0.2651999294757843,0.1498259305953982,1.9679890871047974,-2.2193708419799805,1.2671303749084486,10.111207962036133
1785985355.5703874,-0.18598933517932892,0.14189822971820854,1.864171028137207,-1.1683826446533203,1.025578022003175,9.858983039855957
1785985355.612009,-0.2501850724220276,0.37520730495452903,1.6589778661727905,-0.6634865999221802,0.5472194552421582,10.030895233154297
1785985355.6289296,-0.21470284461975098,0.4185113906860353,1.582061529159546,-0.19052812457084656,0.5881630182266249,10.577927589416504
1785985355.6700032,-0.34967830777168274,0.45756679773330705,1.4048304557800293,1.8832695484161377,0.14589402079582342,10.367429733276367
1785985355.6881387,-0.37081629037857056,0.4233347177505495,1.3221675157546997,0.5535616874694824,0.6480139493942274,10.531607627868652
1785985355.710502,-0.4204050302505493,0.4315892159938814,1.2402771711349487,0.8411287069320679,0.6484279036521925,10.73586368560791
1785985355.7294228,-0.4689413607120514,0.3657923042774202,1.1765395402908325,0.09810800850391388,0.6936558485031141,10.51416301727295
1785985355.7514408,-0.4755452573299408,0.32910946011543285,1.1063826084136963,-0.38823023438453674,1.0393861532211317,10.577295303344727
1785985355.770692,-0.4539954960346222,0.300203174352646,1.0344942808151245,-1.0052158832550049,0.8995451927185071,10.238426208496094
1785985355.7902493,-0.47300878167152405,0.27532705664634716,0.9751436114311218,-0.26869702339172363,0.6609581112861647,10.460693359375
1785985355.8131726,-0.517601728439331,0.2565424740314485,0.905887246131897,-1.237486720085144,1.0779873132705702,10.296198844909668
1785985355.8286676,-0.5059454441070557,0.21979159116745006,0.8616700172424316,1.6348210573196411,-0.026885906234382223,11.116997718811035
1785985355.8542569,-0.5140344500541687,0.14092321693897258,0.799914538860321,1.6348210573196411,-0.026885906234382223,11.116997718811035
1785985355.869883,-0.5027461051940918,0.14583429694175729,0.7581928968429565,0.6364575624465942,0.8748492598533644,10.757166862487793
1785985355.888097,-0.491234689950943,0.1530262082815171,0.7205765843391418,0.10172067582607269,0.7922875285148633,10.152093887329102
1785985355.9100585,-0.47918373346328735,0.1338512897491456,0.6693586707115173,-0.9254804849624634,1.4502480030059828,10.34423828125
1785985355.928059,-0.45132121443748474,0.13039775192737588,0.6236289143562317,1.5556055307388306,0.3412082791328443,10.593449592590332
1785985355.9514058,-0.43857869505882263,0.13999845087528237,0.5711162090301514,1.2264231443405151,0.294482529163362,11.212272644042969
1785985355.970023,-0.4485611021518707,0.13083536922931677,0.5430247783660889,1.37210214138031,-0.3288567066192613,11.337389945983887
1785985355.988538,-0.45273077487945557,0.10305333882570272,0.49111875891685486,-0.004101116210222244,1.125142335891725,10.53402328491211
1785985356.0122597,-0.48105040192604065,0.05576917156577116,0.44349679350852966,-0.8389415144920349,1.2173162698745739,9.585479736328125
1785985356.0282059,-0.5211907625198364,0.016115557402372412,0.4247099757194519,0.3208311200141907,0.37046533823013433,10.293181419372559
1785985356.0533834,-0.5534634590148926,-0.006551031954586449,0.4704790413379669,-0.8685619831085205,1.1089600324630748,9.905132293701172
1785985356.0700424,-0.5154273509979248,-0.03662283346056932,0.5378538370132446,-0.5285971164703369,0.9482085704803479,10.235937118530273
1785985356.0880828,-0.47855144739151,-0.09062936156988137,0.5932851433753967,-0.8862753510475159,1.186268210411073,10.063804626464844
1785985356.1101127,-0.4127572178840637,-0.189707726240158,0.6783405542373657,0.64727783203125,1.0788629055023207,10.522087097167969
1785985356.1291945,-0.3460315763950348,-0.2595428228378295,0.7894773483276367,0.64727783203125,1.0788629055023207,10.522087097167969
1785985356.1512728,-0.2838037610054016,-0.3150590956211089,0.8802095651626587,-0.12964703142642975,1.303282737731935,10.838101387023926
1785985356.1694994,-0.30469927191734314,-0.3862795531749724,0.9892323613166809,0.3689860999584198,1.0151106119155897,10.70320987701416
1785985356.189328,-0.3589009642601013,-0.4362720549106597,1.1291179656982422,1.8127259016036987,0.9317440390586866,10.617864608764648
1785985356.211059,-0.46511757373809814,-0.48559150099754317,1.2565854787826538,-0.9679467678070068,1.7635686397552504,10.870646476745605
1785985356.2304106,-0.595463752746582,-0.4727442562580107,1.3399065732955933,-4.1753034591674805,0.7124580740928663,11.034618377685547
1785985356.2539728,-0.7000489234924316,-0.4391587078571318,1.4106059074401855,-0.162126824259758,0.5399790406227124,10.421520233154297
1785985356.2701046,-0.7488433122634888,-0.4279548227787016,1.5237027406692505,0.03236578032374382,1.0398224592208876,10.32780933380127
1785985356.308878,-0.812414824962616,-0.3966104686260221,1.6614646911621094,-1.3004159927368164,0.9902035593986526,11.3497314453125
1785985356.329117,-0.8247163891792297,-0.3704158067703245,1.7780232429504395,-3.5389516353607178,1.5158323049545301,11.151554107666016
1785985356.3699746,-0.7678182125091553,-0.37743470072746255,1.8685853481292725,-3.1979434490203857,1.1846030950546278,10.686753273010254
1785985356.3885531,-0.7312595844268799,-0.39888104796409585,1.9159468412399292,0.26515650749206543,1.4204101562500013,10.22799301147461
1785985356.4094377,-0.6365382075309753,-0.39283424615859963,1.9997857809066772,0.26515650749206543,1.4204101562500013,10.22799301147461
1785985356.4292758,-0.600739061832428,-0.3605553507804868,2.070385217666626,0.2788713872432709,0.6779534220695509,10.537376403808594
1785985356.468812,-0.566785454750061,-0.2391653656959531,2.208991765975952,-0.12679778039455414,0.6194331049919142,10.540088653564453
1785985356.490181,-0.5474472045898438,-0.12229283899068805,2.268040657043457,0.8060785531997681,0.9671536087989819,10.30888843536377
1785985356.510312,-0.5340895056724548,-0.014321273192763048,2.2913286685943604,-1.364477276802063,0.9769594669342053,9.989425659179688
1785985356.5301476,-0.4958670735359192,0.04649828001856832,2.308466672897339,1.6769342422485352,1.0438811779022228,9.799187660217285
1785985356.5515585,-0.382922887802124,0.06007119268178968,2.29628586769104,-0.08434237539768219,1.2048865556716932,10.217096328735352
1785985356.5691435,-0.28792545199394226,0.10565120726823835,2.2177023887634277,-0.8352246880531311,0.9770777225494398,10.67074966430664
1785985356.5906906,-0.22645273804664612,0.12123484164476421,2.1165475845336914,-1.228169560432434,0.060558408498765405,11.171460151672363
1785985356.6541371,-0.23250806331634521,0.19362542033195518,1.8485661745071411,1.7726391553878784,0.32483315467834606,10.93971061706543
1785985356.7099874,-0.35912883281707764,0.32188653945922874,1.6173474788665771,0.1622452735900879,0.4561059474945081,10.630512237548828
1785985356.730797,-0.4771321415901184,0.34841272234916704,1.5289771556854248,0.5505596399307251,0.7250019907951368,10.843609809875488
1785985356.7525382,-0.5129655599594116,0.3132086098194124,1.4337433576583862,0.6851335167884827,0.7507722377777113,11.058196067810059
1785985356.7692504,-0.4583245813846588,0.24453791975975053,1.3246632814407349,0.7218663096427917,0.714559614658357,10.911325454711914
1785985356.7907321,-0.4592839181423187,0.17736139893531813,1.2128194570541382,-1.1708014011383057,0.6950324773788464,9.848807334899902
1785985356.8190565,-0.5113404393196106,-0.009802373126149042,1.1066677570343018,-0.3273588716983795,0.7991546988487257,10.457104682922363
1785985356.8539495,-0.5641142129898071,-0.2515962719917296,0.9756532311439514,-0.09288860857486725,1.2073222398757948,10.555231094360352
1785985356.8697877,-0.6092492938041687,-0.26641273498535145,0.916015625,-1.9526571035385132,0.5355707406997693,10.272200584411621
1785985356.8895056,-0.5812404155731201,-0.23307952284812916,0.8671361804008484,-0.8824349045753479,0.6549476981163037,9.835250854492188
1785985356.9097662,-0.5817074775695801,-0.12840694189071644,0.8226818442344666,-0.9815688729286194,0.81255739927292,10.847846031188965
1785985356.929071,-0.5801715850830078,-0.004305271897464893,0.7986533045768738,-0.1856151819229126,0.0006198114715530163,11.10228443145752
1785985356.9508483,-0.5495514869689941,0.037964388728141875,0.7532719969749451,-2.9721670150756836,1.6238769292831432,9.889151573181152
1785985356.9699683,-0.5214437246322632,0.042104028165340514,0.7259874939918518,0.38522961735725403,0.7059300541877761,11.738362312316895
1785985356.9886305,-0.4782271087169647,0.06584262847900399,0.7049850821495056,-0.8631547689437866,0.5080618858337416,11.236759185791016
1785985357.010867,-0.3836583197116852,0.16296030580997475,0.6674792766571045,-1.144129753112793,0.9245865345001233,10.266822814941406
1785985357.0525446,-0.21231703460216522,0.3925995528697968,0.6031232476234436,1.6930042505264282,-0.18852044641971458,10.736827850341797
1785985357.0689845,-0.07818984985351562,0.4463042616844178,0.5636698603630066,-0.22084295749664307,0.9322464466094984,11.256082534790039
1785985357.0900428,0.001144480425864458,0.4942606985569001,0.5209116935729979,-0.5424801111221313,0.7134525775909436,9.539511680603027
1785985357.1086323,-0.0016701878048479557,0.4783033728599549,0.4865787327289581,-0.7439166307449341,1.1485192775726332,10.824164390563965
1785985357.1514752,-0.1468057632446289,0.4613905251026154,0.5339736938476561,-0.7439166307449341,1.1485192775726332,10.824164390563965
1785985357.2110353,-0.5891898274421692,0.06792109459638605,0.8125714063644409,-0.28260159492492676,0.558203518390657,11.375085830688477
1785985357.2290847,-0.560505211353302,0.08056227117776882,0.8994492888450623,-1.2915958166122437,1.0179793834686293,10.016653060913086
1785985357.2543612,-0.5370715260505676,0.03390586376190199,1.048490285873413,1.9984866380691528,0.5808727741241468,10.65487003326416
1785985357.2700574,-0.48029446601867676,0.013440133072435995,1.1388977766036987,1.077996015548706,1.9945428371429457,10.658422470092773
1785985357.2886984,-0.46371689438819885,-0.018711432814597934,1.2071188688278198,1.077996015548706,1.9945428371429457,10.658422470092773
1785985357.3088636,-0.4378109276294708,-0.07730509340763075,1.3048878908157349,-0.48271140456199646,1.147040963172914,10.265914916992188
1785985357.328238,-0.4307122826576233,-0.15186321735382063,1.3989884853363037,0.2088986039161682,1.2538851499557508,10.199191093444824
1785985357.3523197,-0.42079097032546997,-0.21097923815250377,1.5155847072601318,0.2088986039161682,1.2538851499557508,10.199191093444824
1785985357.3706734,-0.4212963879108429,-0.25905364751815774,1.5888991355895996,-2.5350863933563232,1.4968494176864637,10.948936462402344
1785985357.3891459,-0.48269975185394287,-0.28467872738838174,1.6907721757888794,-0.05534260347485542,0.8263323903083813,10.298430442810059
1785985357.4102576,-0.5221047401428223,-0.3191736340522764,1.7674819231033325,-0.01570190116763115,0.012423742562533709,10.476958274841309
1785985357.428044,-0.5820806622505188,-0.3175495862960813,1.8122279644012451,-0.3528621792793274,1.2745205163955702,10.44558048248291
1785985357.4523926,-0.6693384647369385,-0.33772069215774514,1.9170920848846436,-0.5443098545074463,1.2133083343505873,10.751386642456055
1785985357.4690897,-0.6760044693946838,-0.33315148949623086,1.9746813774108887,-1.519027590751648,1.2323275804519667,10.275426864624023
1785985357.4888353,-0.678040087223053,-0.311763674020767,2.0076348781585693,-1.4474061727523804,1.0304470062255873,10.882604598999023
1785985357.5118504,-0.6989796161651611,-0.24703733623027777,2.043177366256714,-3.5392630100250244,1.4410614967346205,10.111433982849121
1785985357.5282671,-0.6674367189407349,-0.2195166796445844,2.132694721221924,1.3992228507995605,1.6160897016525282,10.375117301940918
1785985357.5545623,-0.6505419015884399,-0.19333845376968356,2.1832664012908936,1.9968401193618774,1.1897529363632215,10.368997573852539
1785985357.5700798,-0.6554329991340637,-0.1667950749397275,2.21134877204895,0.16167408227920532,0.8760190606117262,10.526847839355469
1785985357.6095495,-0.5843334197998047,-0.05958437174558612,2.291846990585327,0.5302371382713318,0.7123447060585035,10.537376403808594
1785985357.6291914,-0.6069059371948242,-0.04766156151890726,2.3229947090148926,2.5008201599121094,0.22716431319713717,10.278226852416992
1785985357.6514618,-0.6490782499313354,-0.0377447344362733,2.2639713287353516,-1.5597156286239624,1.6074390411376966,10.283885955810547
1785985357.668811,-0.6215959787368774,-0.04886932671070072,2.18412446975708,-1.5597156286239624,1.6074390411376966,10.283885955810547
1785985357.6905162,-0.5425361394882202,-0.05716790258884404,2.0763235092163086,-0.3963862657546997,0.9713960886001599,10.208868026733398
1785985357.7100072,-0.45882052183151245,-0.026369975879788156,1.985933542251587,-0.3963862657546997,0.9713960886001599,10.208868026733398
1785985357.729083,-0.35334956645965576,0.010312072932720417,1.8964773416519165,0.46031665802001953,0.2678619921207441,10.432312965393066
1785985357.7544696,-0.30880072712898254,0.03883360698819183,1.801878571510315,-0.5128561854362488,0.7539359927177441,10.408616065979004
1785985357.8130288,-0.3943389058113098,0.05422719568014164,1.5603982210159302,-1.2414045333862305,0.8111553192138684,10.405860900878906
1785985357.8291903,-0.39283138513565063,0.08762169629335421,1.5003427267074585,0.014238782227039337,0.7316533327102674,10.954614639282227
1785985357.8535135,-0.37509194016456604,0.1305734962224962,1.40425443649292,-1.2343653440475464,0.5458574891090405,10.351004600524902
1785985357.8698409,-0.3901497721672058,0.1606340110301973,1.313979983329773,-1.2343653440475464,0.5458574891090405,10.351004600524902
1785985357.9089756,-0.43529531359672546,0.20235401391983046,1.1674821376800537,0.38439273834228516,-0.36158183217048506,11.271051406860352
1785985357.9281487,-0.43859973549842834,0.20544138550758376,1.0826442241668701,0.38439273834228516,-0.36158183217048506,11.271051406860352
1785985357.9513762,-0.46018916368484497,0.1904456764459611,1.0098683834075928,-1.3228172063827515,0.7845988273620618,10.183161735534668
1785985357.9698486,-0.467206746339798,0.19805388152599346,0.9607754945755005,0.6544151902198792,0.4892101585865034,11.087329864501953
1785985357.989739,-0.4699239730834961,0.205867499113083,0.8972561359405518,0.6066806316375732,0.15419992804527413,10.686505317687988
1785985358.0094547,-0.5017062425613403,0.18931186199188244,0.8476285338401794,-0.07085558772087097,0.5465351939201367,9.933327674865723
1785985358.028563,-0.5089412331581116,0.18458937108516701,0.7930569052696228,-0.7653622627258301,1.077694654464723,10.638514518737793
1785985358.0538325,-0.551545262336731,0.1744720786809922,0.7218082547187805,-0.4988251328468323,0.8405164480209364,10.690020561218262
1785985358.0700998,-0.53802490234375,0.11423142254352578,0.6685041785240173,-1.6262325048446655,1.3395725488662733,10.100794792175293
1785985358.0881264,-0.5422629117965698,0.05621877685189255,0.6121128797531128,-0.8141542673110962,1.169325947761537,10.325021743774414
1785985358.1089895,-0.5395453572273254,0.057799238711595605,0.5767406225204468,-0.6865383386611938,0.9239953160285963,10.972479820251465
1785985358.1292279,-0.5072346925735474,0.09827997535467155,0.530068039894104,-0.10322315990924835,0.6447458863258374,10.314739227294922
1785985358.1550615,-0.4745498299598694,0.09806090593338018,0.49091193079948425,0.6283632516860962,0.5042169690132154,11.20258617401123
1785985358.1701527,-0.4581519365310669,0.08817774802446371,0.44737160205841064,0.6283632516860962,0.5042169690132154,11.20258617401123
1785985358.190127,-0.45877805352211,0.09735400229692465,0.4113638997077942,0.6283632516860962,0.5042169690132154,11.20258617401123
1785985358.2107396,-0.40776917338371277,0.05943453311920171,0.3819767236709595,-1.48642897605896,1.0355668067932142,10.25112247467041
1785985358.2512991,-0.4337148666381836,0.042857680469751414,0.47520455718040466,-1.069583773612976,0.7262040376663221,11.066556930541992
1785985358.2696784,-0.4803987741470337,0.05393752455711372,0.5743004083633423,1.758992314338684,0.15443640947342058,11.320291519165039
1785985358.2892704,-0.4945245683193207,0.08916170895099648,0.6554771065711975,-2.0637223720550537,0.541902840137483,11.053487777709961
1785985358.3088148,-0.5069777965545654,0.11942818015813837,0.7822377681732178,-0.778799831867218,0.5185247659683242,11.685855865478516
1785985358.3302236,-0.5095307230949402,0.10461577028036129,0.8837199807167053,0.2916153073310852,0.832574009895326,11.129638671875
1785985358.3518977,-0.4740886092185974,0.07410581409931195,0.9697229862213135,-0.1173536628484726,0.7777606844902052,10.604809761047363
1785985358.3688695,-0.48534372448921204,-0.010190858505666128,1.0446943044662476,2.1079866886138916,1.6301215887069715,10.969059944152832
1785985358.4110835,-0.5944393873214722,-0.300613760948181,1.2750978469848633,-2.100031614303589,0.5796476602554335,10.737236022949219
1785985358.429066,-0.6595324873924255,-0.4682506024837492,1.3648706674575806,-1.529430866241455,0.8216501474380506,11.290731430053711
1785985358.4537728,-0.7465202212333679,-0.6111323833465574,1.4974192380905151,-1.8625580072402954,1.2908552885055555,11.287772178649902
1785985358.4700055,-0.7173803448677063,-0.7418229579925535,1.5794941186904907,-1.2715529203414917,1.4156979322433487,12.157574653625488
1785985358.489488,-0.7031034827232361,-0.8377977609634397,1.6335198879241943,-1.2715529203414917,1.4156979322433487,12.157574653625488
1785985358.5291696,-0.7408568859100342,-0.6498434543609617,1.794114589691162,-1.641754388809204,1.1720846891403212,10.840306282043457
1785985358.5517223,-0.6742269396781921,-0.4752291440963743,1.8695529699325562,0.8706425428390503,0.37644660472869995,10.161721229553223
1785985358.5689955,-0.6362904906272888,-0.3485576808452604,1.9391461610794067,-0.9424057006835938,0.9431350827217113,9.462343215942383
1785985358.5901926,-0.5653798580169678,-0.23407927155494665,2.047482967376709,-0.7331650853157043,1.4425477981567396,10.964702606201172
1785985358.61053,-0.4541417360305786,-0.16553919017314886,2.095947265625,1.533033847808838,0.3990475535392775,11.130992889404297
1785985358.6303794,-0.41899195313453674,-0.1302205324172971,2.1434664726257324,-2.4434385299682617,0.9831466078758252,10.297801971435547
1785985358.670112,-0.4042957127094269,-0.02511695399880382,2.2502338886260986,0.024234386160969734,0.5791727304458631,11.166960716247559
1785985358.688116,-0.3420737087726593,-0.022174468263983445,2.292402744293213,-1.2746628522872925,1.0319236516952528,10.653367042541504
1785985358.710074,-0.39301249384880066,-0.01044583879411192,2.3394522666931152,-0.9132264852523804,0.9133153557777418,11.26235294342041
1785985358.730084,-0.4682512581348419,0.03376416862010985,2.3703529834747314,2.4385268688201904,0.5550693869590771,9.831154823303223
1785985358.7527764,-0.48524928092956543,0.07126121968030957,2.2916507720947266,0.4523395299911499,1.2240772247314466,10.397082328796387
1785985358.7700655,-0.4295215606689453,0.08123026788234737,2.1878700256347656,-0.3605034351348877,1.6113630533218395,9.389403343200684
1785985358.7881286,-0.33337122201919556,0.08614162355661419,2.100020170211792,-0.9953184723854065,1.2236639261245739,9.937373161315918
1785985358.8186493,-0.17299172282218933,0.11772628128528619,1.9769517183303833,0.9718605875968933,-0.21124504506587855,10.533449172973633
1785985358.82807,-0.13586576282978058,0.14700961112976096,1.9261908531188965,-2.149237632751465,1.4523540735244762,9.457417488098145
1785985358.8525252,-0.08502843976020813,0.15875971317291282,1.8119186162948608,-2.7340328693389893,1.5207501649856578,8.834024429321289
1785985358.8691614,-0.050194114446640015,0.1422952711582186,1.7304556369781494,-1.0221846103668213,0.9268454909324657,9.10470199584961
1785985358.8906164,-0.08133380860090256,0.18882474303245564,1.6115930080413818,-0.4926448166370392,1.3455506563186657,9.711129188537598
1785985358.9111605,-0.14857986569404602,0.20159165561199208,1.5273891687393188,-1.0653624534606934,0.8911617398262037,10.47342586517334
1785985358.9301288,-0.22756561636924744,0.1632219552993776,1.4526845216751099,-1.2887895107269287,0.7300290465354933,10.707891464233398
1785985358.9688885,-0.31814607977867126,0.15225152671337144,1.3032344579696655,-0.06497977674007416,0.42063197493553284,9.896294593811035
1785985358.990095,-0.3748408555984497,0.14569497108459487,1.2321170568466187,-1.3743078708648682,1.1868778467178358,9.977392196655273
1785985359.0103211,-0.42045530676841736,0.166016921401024,1.1593421697616577,-0.8214802742004395,0.7483451366424573,9.847976684570312
1785985359.0290487,-0.446271151304245,0.17324650287628188,1.0984442234039307,-0.14220215380191803,0.9564427733421338,9.644387245178223
1785985359.055566,-0.49008315801620483,0.1768811643123628,1.0329374074935913,0.03725108131766319,0.3739300668239606,10.415413856506348
1785985359.089594,-0.49790117144584656,0.14055243134498607,0.9205446839332581,0.017091738060116768,0.9023770093917859,10.319527626037598
1785985359.108815,-0.515081524848938,0.12561389803886425,0.8748943209648132,-0.18933041393756866,-0.004218797199426772,10.69565200805664
1785985359.152581,-0.5715577602386475,0.05634363368153581,0.757765531539917,-0.9182814955711365,0.8018787503242505,10.180411338806152
1785985359.1701736,-0.6178084015846252,0.05531034246087083,0.7103496193885803,-0.831927478313446,0.9956622719764722,9.694710731506348
1785985359.188534,-0.6527180671691895,0.04768359661102303,0.6574823260307312,1.6124383211135864,0.061579830944539456,10.946228981018066
1785985359.212079,-0.6294831037521362,0.0033366405405104893,0.5998750925064087,-1.7637100219726562,0.6476222276687635,10.625228881835938
1785985359.229241,-0.6054346561431885,2.98350933008587e-05,0.5642830729484558,-0.45511600375175476,0.9672259092330945,9.933060646057129
1785985359.2517476,-0.6183335185050964,-0.034614086151122984,0.5152729153633118,-2.162727117538452,1.4308528900146495,9.676750183105469
1785985359.2689931,-0.6197835206985474,-0.049377277493476805,0.4951383173465729,-1.0938270092010498,1.458971977233888,10.164022445678711
1785985359.290099,-0.5673631429672241,-0.04041438922286028,0.4543447196483612,-0.5027574896812439,1.0781644582748426,10.514768600463867
1785985359.3087423,-0.5224882364273071,-0.04564280807971949,0.42944931983947754,1.0459352731704712,0.4759350419044508,10.852225303649902
1785985359.3282979,-0.43965789675712585,-0.05033802613615985,0.40832704305648804,-0.6308668255805969,0.7739004492759717,10.34496021270752
1785985359.3547447,-0.3490195870399475,-0.07045075297355646,0.5065504312515259,-3.4172592163085938,0.6999575495719923,10.594228744506836
1785985359.3703113,-0.3019987642765045,-0.07189984619617454,0.636461079120636,1.6270456314086914,-0.1286006569862353,10.485719680786133
1785985359.3896298,-0.2684766948223114,-0.021895887330174356,0.7419354319572449,1.8965791463851929,0.88924539089203,10.27464485168457
1785985359.4300878,-0.25331562757492065,0.13422985374927532,0.9274362325668335,-1.3102195262908936,0.5900477170944226,9.842215538024902
1785985359.4513023,-0.29799702763557434,0.1611387282609941,1.0733256340026855,-3.2261741161346436,0.9547441601753247,10.273869514465332
1785985359.4707189,-0.3325980007648468,0.12192083895206467,1.2130165100097656,-3.2261741161346436,0.9547441601753247,10.273869514465332
1785985359.490011,-0.375454306602478,0.07417888939380662,1.3091037273406982,0.06580321490764618,0.27501782774925354,9.991862297058105
1785985359.5086827,-0.4769628643989563,0.030368367210030722,1.3660756349563599,0.5366877913475037,0.8302495479583752,9.994678497314453
1785985359.5290976,-0.5392547249794006,-0.014682998880743803,1.4455944299697876,0.8196272253990173,0.6676644086837782,10.723698616027832
1785985359.553941,-0.5773330926895142,-0.10203947126865369,1.5128720998764038,-1.2435344457626343,1.4123033285141005,10.06342601776123
1785985359.5701878,-0.6200441718101501,-0.11933617293834667,1.6078442335128784,-1.5036956071853638,1.075510621070863,9.922796249389648
1785985359.588692,-0.6197858452796936,-0.16496817767620067,1.6735085248947144,-0.6154889464378357,1.0876315832138073,9.799393653869629
1785985359.6110795,-0.6022842526435852,-0.22163811326026894,1.733915090560913,0.42328473925590515,0.2271656990051282,10.270740509033203
1785985359.629382,-0.5970151424407959,-0.26679664850234963,1.8250805139541626,0.42328473925590515,0.2271656990051282,10.270740509033203
1785985359.6517887,-0.6126895546913147,-0.2949634194374082,1.8968580961227417,0.38404974341392517,1.0812590122222911,9.927477836608887
1785985359.6688025,-0.6200789213180542,-0.30329707264900185,1.9350656270980835,0.46562638878822327,0.799740254878999,10.334500312805176
1785985359.690164,-0.6141452193260193,-0.2917213737964628,2.017946720123291,-0.5087951421737671,1.3354578018188488,9.969576835632324
1785985359.710238,-0.6222400665283203,-0.3124192059040067,2.083933115005493,-1.2533683776855469,1.3379422426223768,10.38337516784668
1785985359.7292905,-0.6120016574859619,-0.28025931119918795,2.1391823291778564,-2.961259603500366,1.1311388015747084,10.253341674804688
1785985359.7515035,-0.5931751728057861,-0.2094552963972089,2.1952028274536133,-0.9841067790985107,0.6429877281188977,9.618488311767578
1785985359.7681308,-0.5456267595291138,-0.22512932121753665,2.2577927112579346,0.6863275766372681,0.7892776131629956,9.836691856384277
1785985359.7892466,-0.479533314704895,-0.16257266700267764,2.2775919437408447,0.015386361628770828,1.0135511159896862,9.745105743408203
1785985359.8104267,-0.48560965061187744,-0.11923667788505525,2.3262951374053955,-1.7415376901626587,1.1601411104202282,9.86569595336914
1785985359.8280962,-0.4762475788593292,-0.08049323409795732,2.3704402446746826,-0.15625084936618805,0.7607514262199414,9.926568031311035
1785985359.8542023,-0.44353020191192627,-0.006677227560430486,2.280198574066162,0.3168926239013672,0.9086051583290112,10.154258728027344
1785985359.8685842,-0.40164434909820557,0.05325756594538716,2.1864075660705566,0.3168926239013672,0.9086051583290112,10.154258728027344
1785985359.8881767,-0.35203203558921814,0.12478251755237604,2.091994047164917,-0.29626214504241943,0.7926502823829663,10.082365036010742
1785985359.9103086,-0.32434412837028503,0.17234702408313776,1.9856986999511719,1.639024019241333,0.8833004832267773,9.654389381408691
1785985359.9291415,-0.3161221742630005,0.2129318267107012,1.8892951011657715,1.639024019241333,0.8833004832267773,9.654389381408691
1785985359.9526722,-0.34825399518013,0.20564328134059928,1.798993706703186,-1.0943820476531982,0.7281164526939404,9.567389488220215
1785985359.970184,-0.428829163312912,0.19799152016639732,1.7043238878250122,-0.9104458689689636,0.5319206714630139,9.637853622436523
1785985360.0112312,-0.5395427942276001,0.2042860835790636,1.5455148220062256,0.21306000649929047,0.839515268802644,10.136679649353027
1785985360.0311024,-0.575005292892456,0.2129493802785875,1.4716156721115112,-0.021436575800180435,0.6402470469474805,9.629969596862793
1785985360.0541027,-0.6107933521270752,0.25521641969680803,1.3828279972076416,-1.0850645303726196,0.8212332725524915,10.06080436706543
1785985360.0696712,-0.6088787913322449,0.2392359226942064,1.3148378133773804,-2.8553102016448975,2.165352344512941,9.198286056518555
1785985360.0888023,-0.6045157313346863,0.2045874893665315,1.236242651939392,0.47668424248695374,0.6645398736000073,10.238245010375977
1785985360.1119912,-0.5878137350082397,0.19473777711391463,1.139565110206604,-1.0349180698394775,1.117681622505189,9.809544563293457
1785985360.1280367,-0.5685604214668274,0.17436861991882338,1.089611530303955,-1.3396291732788086,1.1061332225799572,9.770108222961426
1785985360.1516316,-0.5657004117965698,0.12337110191583646,1.0243624448776245,0.08545443415641785,0.6458162665367139,10.203980445861816
1785985360.1689403,-0.589608907699585,0.10881156474351895,0.9772952795028687,-1.6658244132995605,0.9618765115737927,10.410887718200684
1785985360.190194,-0.5926584005355835,0.06260672211647045,0.9100381731987,0.7269099354743958,0.22735334932804235,10.438430786132812
1785985360.2113733,-0.5637909770011902,0.022551860660314664,0.8540467023849487,0.21051576733589172,0.7271042466163649,10.547201156616211
1785985360.2300441,-0.5389844179153442,0.02878372743725786,0.7777578830718994,-1.2708954811096191,0.7252162694931042,10.298510551452637
1785985360.2514334,-0.4989604949951172,0.029631244018673987,0.7275550961494446,-1.116144061088562,1.3014473915100109,9.536147117614746
1785985360.2687547,-0.4464857280254364,0.011621047742664897,0.6821861267089844,-0.9448338747024536,1.063812613487245,10.14603328704834
1785985360.2880542,-0.4320268929004669,-0.001689103781245572,0.6262581944465637,0.6570954322814941,-0.4295704662799822,10.858963012695312
1785985360.3109498,-0.3996584415435791,0.016685022041201664,0.5861449241638184,0.6570954322814941,-0.4295704662799822,10.858963012695312
1785985360.3301187,-0.39778932929039,0.029657723382115433,0.5538694858551025,0.11632931977510452,1.046143651008607,9.764123916625977
1785985360.3523388,-0.38290178775787354,0.0242725312709809,0.5345364809036255,-0.24456995725631714,0.8011694550514233,10.18205451965332
1785985360.370103,-0.354702889919281,0.04518327116966254,0.5001460313796997,0.16740433871746063,0.8796388506889355,10.077962875366211
1785985360.3880732,-0.33300042152404785,0.039667982608079966,0.467021644115448,-0.5143718123435974,0.9269586801528943,10.363134384155273
1785985360.4102817,-0.28187528252601624,0.02916677668690687,0.45567113161087036,0.02219463884830475,0.9080390334129346,10.360152244567871
1785985360.429262,-0.2736988067626953,0.0376583635807038,0.4819621741771698,-0.2799976170063019,0.7117321491241468,10.55502986907959
1785985360.4557767,-0.2834835648536682,0.06348022073507316,0.5604244470596313,-0.36066511273384094,0.7722029685974133,9.93969440460205
1785985360.4688416,-0.31440287828445435,0.02154245413839825,0.6643483638763428,-0.42218101024627686,0.8706600069999707,10.07054328918457
1785985360.510737,-0.34000930190086365,0.018798151984810933,0.8523057699203491,-0.42218101024627686,0.8706600069999707,10.07054328918457
1785985360.529606,-0.40159350633621216,-0.01102839875966299,0.9403718709945679,-0.07110318541526794,0.9537417888641371,10.777350425720215
1785985360.5690598,-0.5559377074241638,-0.04454481229186044,1.1578264236450195,2.1797103881835938,0.821968197822572,10.403907775878906
1785985360.5902157,-0.643593966960907,-0.07913277298212036,1.2434942722320557,-0.55449378490448,1.1514241695404066,9.979598999023438
1785985360.6103954,-0.6923072934150696,-0.11355340480804427,1.373700737953186,-0.55449378490448,1.1514241695404066,9.979598999023438
1785985360.6293616,-0.7013552784919739,-0.15920795500278453,1.4777469635009766,-0.8731029629707336,0.5594004988670361,9.940195083618164
1785985360.6513336,-0.686496913433075,-0.19844238460063915,1.544150948524475,0.051942843943834305,0.4389628171920789,10.650651931762695
1785985360.6884437,-0.6731109023094177,-0.21354393661022164,1.716308355331421,-2.867648124694824,1.4484590291976942,10.290376663208008
1785985360.7112486,-0.5895401239395142,-0.2763627767562864,1.81443190574646,0.931198239326477,0.4475903511047376,10.227723121643066
1785985360.7282624,-0.5927671194076538,-0.2853390276432035,1.8636342287063599,0.06695422530174255,1.2283287048339855,9.962602615356445
1785985360.7539783,-0.5296990871429443,-0.3136102259159086,1.9746276140213013,-1.4573308229446411,1.0187084674835218,10.105347633361816
1785985360.7698734,-0.44864213466644287,-0.3408308923244474,2.0338869094848633,1.2346131801605225,0.33908724784851196,9.78453540802002
1785985360.7889242,-0.42591121792793274,-0.3330860435962674,2.065452814102173,-3.0543999671936035,1.4996358156204235,9.51169204711914
1785985360.8190136,-0.36973556876182556,-0.27870291471481295,2.13547945022583,-2.345428705215454,1.9029265642166149,9.326159477233887
1785985360.8284917,-0.3574720621109009,-0.24110881984233828,2.1970412731170654,0.5598742961883545,0.7936962246894849,9.571017265319824
1785985360.8513446,-0.36967071890830994,-0.1431367099285123,2.2375266551971436,0.5429231524467468,0.6037551164627087,9.776412010192871
1785985360.8697715,-0.4395102560520172,-0.06104040145873996,2.266178846359253,-1.8232718706130981,1.5537371635437023,9.671645164489746
1785985360.8880231,-0.4433034360408783,0.008016049861908243,2.3295135498046875,-1.2043015956878662,1.2776435613632213,9.837821960449219
1785985360.9115145,-0.4673704504966736,0.05444419756531744,2.339054822921753,-1.0417819023132324,0.3414896428585065,10.327513694763184
1785985360.9301243,-0.521838366985321,0.11406659334898023,2.295079469680786,-1.0988740921020508,-0.44725242257118103,9.92343807220459
1785985360.951507,-0.5684726238250732,0.1534181088209155,2.2110583782196045,-0.82933109998703,1.1621868610382091,9.54257583618164
1785985360.9689445,-0.5346742272377014,0.19949512183666254,2.1168901920318604,-0.9283452033996582,0.42249798774719366,10.620036125183105
1785985360.9885929,-0.5459575057029724,0.19597521424293543,2.0351529121398926,-0.015480082482099533,1.1040682792663585,9.856143951416016
1785985361.0122156,-0.5286673307418823,0.19737438857555414,1.9279273748397827,-0.4456351697444916,1.0842673778533949,10.032739639282227
1785985361.0290189,-0.47545889019966125,0.1818756312131884,1.8407028913497925,-0.04967254027724266,0.45286735892295965,10.618505477905273
1785985361.05161,-0.4451475739479065,0.16924825310707114,1.7536700963974,-0.3493903577327728,1.1825536489486705,9.9481201171875
1785985361.0700567,-0.4717218279838562,0.19396133720874806,1.679517388343811,-0.41726940870285034,0.5760340690612805,10.164617538452148
1785985361.1086135,-0.45325639843940735,0.17743584513664265,1.49796462059021,-0.9935814738273621,1.2697674036026012,9.939701080322266
1785985361.1279588,-0.49206215143203735,0.16354551911354082,1.417771339416504,-0.9935814738273621,1.2697674036026012,9.939701080322266
1785985361.1526728,-0.5406590104103088,0.14687651395797746,1.321624517440796,0.15128032863140106,0.5830766558647168,10.031877517700195
1785985361.168983,-0.5234747529029846,0.12087083607912079,1.2605096101760864,0.42425379157066345,0.6896058917045605,10.322579383850098
1785985361.1901662,-0.565983235836029,0.09714131057262435,1.1827155351638794,-1.7929189205169678,1.0367343425750744,9.831775665283203
1785985361.2104714,-0.5980387926101685,0.09125939011573805,1.119664192199707,-0.39749836921691895,0.9204241633415234,9.961116790771484
1785985361.2296948,-0.5921995043754578,0.08756966888904584,1.0465691089630127,-0.39749836921691895,0.9204241633415234,9.961116790771484
1785985361.2513523,-0.5766945481300354,0.07957559078931821,0.9817807078361511,-1.2341980934143066,0.9168204069137585,10.370672225952148
1785985361.2712786,-0.5803799629211426,0.11045723408460628,0.9100736379623413,-0.03721969202160835,0.6079452633857739,10.129606246948242
1785985361.2906077,-0.559572160243988,0.12831082940101635,0.8610590696334839,-0.3843945860862732,0.26906448602676525,10.652963638305664
1785985361.3100202,-0.5375389456748962,0.11246127635240565,0.804793119430542,-1.6295503377914429,1.6582131385803236,10.162055015563965
1785985361.330044,-0.5164419412612915,0.12611672282218941,0.7425320148468018,-1.2757359743118286,1.5453534126281752,10.027931213378906
1785985361.3523364,-0.47818493843078613,0.09159139543771752,0.6986558437347412,-0.3596130311489105,0.8074051141738904,9.834203720092773
1785985361.370089,-0.4557913541793823,0.09172834455966958,0.6483269929885864,0.2573631703853607,0.31332999467849865,10.833700180053711
1785985361.3901694,-0.44024863839149475,0.09404939413070686,0.5972211956977844,-0.8785666823387146,0.881919622421266,10.462380409240723
1785985361.4105499,-0.412130206823349,0.06266339123249061,0.5595318078994751,-0.41601383686065674,0.5250688791275037,9.939494132995605
1785985361.429041,-0.3801850974559784,0.045300021767616334,0.5263127684593201,-0.6854995489120483,0.8805885314941418,9.98366641998291
1785985361.4515674,-0.35884779691696167,0.01964174956083304,0.496638685464859,1.57469642162323,0.6467267870903027,10.134191513061523
1785985361.4689305,-0.33509907126426697,0.004075714852660949,0.44701123237609863,0.33782410621643066,0.41950148344040045,10.425607681274414
1785985361.4900334,-0.3191433250904083,-0.054947797209024374,0.4307856857776642,-1.1210715770721436,0.912755608558656,10.1421537399292
1785985361.5088243,-0.30661195516586304,-0.05090531334280963,0.39760249853134155,0.11335968971252441,0.07766879349947112,11.139236450195312
1785985361.529187,-0.315667986869812,-0.056432433426380095,0.5131623148918152,-0.409731388092041,1.0581616163253798,10.112457275390625
1785985361.5526218,-0.33626922965049744,-0.06732107698917382,0.6033710241317749,0.2988920509815216,0.9055934548378004,10.480191230773926
1785985361.588434,-0.3535518944263458,-0.08408500254154196,0.7539293169975281,-0.029860086739063263,1.32984495162964,10.092774391174316
1785985361.610345,-0.362709105014801,-0.1034405082464217,0.8824052214622498,-2.469712257385254,0.7815964818000806,10.321626663208008
1785985361.6524198,-0.5176787376403809,-0.05117324367165552,1.091090440750122,-0.34352755546569824,0.5734487175941481,10.429245948791504
1785985361.6700823,-0.6225875020027161,-0.02903193421661839,1.2100752592086792,-1.205364465713501,0.7042025923728955,10.264998435974121
1785985361.6894898,-0.6765097379684448,-0.05896383151411994,1.303092122077942,0.7686929702758789,0.5156522393226637,10.491109848022461
1785985361.7292228,-0.7449451684951782,-0.13148376345634444,1.4651135206222534,-2.7101728916168213,1.5856314897537243,9.952391624450684
1785985361.7514546,-0.717355489730835,-0.1902812570333479,1.559973955154419,-3.0510780811309814,0.9937098026275647,10.296615600585938
1785985361.788225,-0.584688663482666,-0.20317110419273354,1.7018848657608032,0.9486908912658691,0.9694158434867871,9.895068168640137
1785985361.8174152,-0.44732794165611267,-0.20961780846118905,1.8370609283447266,-1.523747444152832,1.4709582328796398,9.422990798950195
1785985361.8300076,-0.47529011964797974,-0.19576115906238534,1.8817451000213623,-1.523747444152832,1.4709582328796398,9.422990798950195
1785985361.8514307,-0.5494681596755981,-0.18448913097381567,1.9296714067459106,1.8562932014465332,0.4263323545455945,9.753152847290039
1785985361.8700106,-0.6619784235954285,-0.20344392955303167,1.984471082687378,0.010407160967588425,0.5983487367630017,9.821627616882324
1785985361.889784,-0.7516769170761108,-0.18667601048946356,2.0670320987701416,-3.5914196968078613,1.17191517353058,10.017898559570312
1785985361.9082167,-0.7651102542877197,-0.14683943986892675,2.12085223197937,-3.015552282333374,1.3236367702484142,9.835257530212402
1785985361.9284275,-0.7726170420646667,-0.12656472623348208,2.1569032669067383,-1.8063104152679443,1.0597759485244762,9.700111389160156
1785985361.9539506,-0.808096706867218,-0.1511410325765607,2.2415666580200195,0.0875648483633995,1.1987030506134044,9.887093544006348
1785985361.9705198,-0.7515752911567688,-0.25666415691375705,2.280649185180664,-2.9886772632598877,1.3949555158615123,9.814591407775879
1785985361.9888248,-0.6487557888031006,-0.3040244579315183,2.316371202468872,-1.2696806192398071,1.5469511747360243,10.40669059753418
1785985362.0088167,-0.6093214154243469,-0.31649678945541354,2.3280091285705566,-1.5005972385406494,1.5721336603164684,9.908825874328613
1785985362.0297015,-0.548382580280304,-0.3285600841045377,2.241232395172119,-1.40201735496521,0.7583429217338574,10.191990852355957
1785985362.0700321,-0.31022801995277405,-0.2149131298065183,2.0560030937194824,-0.4052541255950928,1.1168293952941908,10.270047187805176
1785985362.0888987,-0.22068355977535248,-0.18683855235576605,1.9785971641540527,-0.21851496398448944,0.808658301830293,10.191628456115723
1785985362.1085515,-0.18503877520561218,-0.05120457336306549,1.8816254138946533,-0.2927938401699066,0.6429516077041638,10.414996147155762
1785985362.1294503,-0.2078024297952652,0.030862897634506444,1.791480541229248,-1.1516802310943604,1.434821128845216,9.74213695526123
1785985362.1518044,-0.2558833956718445,0.0714499130845072,1.6972752809524536,-0.908251941204071,0.9335409402847302,10.002178192138672
1785985362.1890428,-0.29535844922065735,0.15328282117843647,1.5189149379730225,-0.908251941204071,0.9335409402847302,10.002178192138672
1785985362.212038,-0.3479684591293335,0.18650892376899736,1.4236046075820923,-1.1871742010116577,0.9500268101692212,9.694143295288086
1785985362.2301896,-0.3565220534801483,0.21703235805034654,1.3557382822036743,-1.6942545175552368,0.9857870340347302,9.58432674407959
1785985362.2522228,-0.3653700649738312,0.19793005287647264,1.2861933708190918,-1.1893218755722046,1.069264054298402,9.82437515258789
1785985362.2693162,-0.42942872643470764,0.21660816669464125,1.2182636260986328,0.06315965950489044,0.5320126414299025,10.570209503173828
1785985362.2906651,-0.45241260528564453,0.19030134379863753,1.151911735534668,0.6133161783218384,0.23542718589306005,10.532561302185059
1785985362.3096237,-0.4468737542629242,0.14589111506938948,1.1002002954483032,-2.199385166168213,1.3428217172622692,9.191798210144043
1785985362.32862,-0.4631560146808624,0.14626026153564467,1.0313208103179932,-2.199385166168213,1.3428217172622692,9.191798210144043
1785985362.352194,-0.4418454170227051,0.1883084774017335,0.9874891042709351,-0.46551379561424255,0.8736729025840771,9.816447257995605
1785985362.3700361,-0.3922762870788574,0.18389755487442028,0.9502120614051819,-0.46551379561424255,0.8736729025840771,9.816447257995605
1785985362.390028,-0.41262683272361755,0.20245033502578746,0.8952367901802063,-1.0550154447555542,0.8953921794891369,9.125205039978027
1785985362.4097335,-0.47041311860084534,0.23973460495471965,0.8422879576683044,-1.3530964851379395,0.7273223996162427,9.829584121704102
1785985362.4541373,-0.500582754611969,0.3092158138751985,0.7110443711280823,-1.3530964851379395,0.7273223996162427,9.829584121704102
1785985362.470484,-0.5277335047721863,0.2738689780235291,0.6481481194496155,0.35944899916648865,0.6889776587486279,10.127297401428223
1785985362.4903116,-0.5149135589599609,0.2335713505744935,0.5883759260177612,-0.7011444568634033,0.6011027693748487,10.938580513000488
1785985362.5096226,-0.5166358351707458,0.17308908700943,0.5534302592277527,-0.9330618381500244,1.2574524879455578,9.59722900390625
1785985362.528643,-0.5039723515510559,0.11010970175266271,0.509532630443573,-0.9149336218833923,0.9679957628250134,9.674976348876953
1785985362.5518117,-0.4566205143928528,0.0071374308317900285,0.47504621744155884,-1.2526886463165283,0.9407250881195081,9.960210800170898
1785985362.5693445,-0.40169498324394226,-0.08017081767320627,0.44055652618408203,-1.0330170392990112,0.8899583220481885,9.898277282714844
1785985362.589988,-0.3557634651660919,-0.13251817226409907,0.41745007038116455,-1.0330170392990112,0.8899583220481885,9.898277282714844
1785985362.61172,-0.32071971893310547,-0.15700979530811304,0.42741119861602783,-2.2274696826934814,0.7499755620956433,9.802260398864746
1785985362.6304426,-0.31360942125320435,-0.16146194934844965,0.5006768107414246,-1.258446216583252,0.7830957770347607,10.28996467590332
1785985362.6528316,-0.3084660470485687,-0.14200089871883387,0.5623660087585449,-0.18211135268211365,0.8144666552543653,10.433945655822754
1785985362.6692457,-0.2941319942474365,-0.15555354952812186,0.6967089772224426,-0.782646656036377,1.0712783336639418,10.233186721801758
1785985362.6902263,-0.30899930000305176,-0.1589931547641753,0.8163747787475586,-1.3442848920822144,0.6620014309883131,10.591346740722656
1785985362.7087476,-0.36820411682128906,-0.12907908856868733,0.9005236029624939,-0.22137074172496796,0.30231261253357067,10.709074020385742
1785985362.7289703,-0.43194374442100525,-0.08701729029417025,1.0593559741973877,-3.175471305847168,1.0198335647583021,10.407269477844238
1785985362.7519875,-0.49297887086868286,-0.06829216331243501,1.1641639471054077,0.4514670670032501,0.7260986566543591,10.004440307617188
1785985362.770391,-0.5497586131095886,-0.06614676117897018,1.2429088354110718,-2.730212450027466,1.428388357162477,10.428916931152344
1785985362.7901704,-0.5860494375228882,-0.08128670603036864,1.3245902061462402,-1.5678287744522095,1.195272445678712,9.86677074432373
1785985362.8182223,-0.5992822051048279,-0.13459257781505565,1.4882118701934814,-2.7742977142333984,1.3664499521255506,10.220178604125977
1785985362.8282697,-0.5779244303703308,-0.16390465199947338,1.5193508863449097,-2.7823269367218018,1.2244672775268568,10.08069133758545
1785985362.854492,-0.5754212737083435,-0.22428786754608135,1.5901068449020386,0.5337496995925903,1.335349798202516,10.027047157287598
1785985362.8698003,-0.5689953565597534,-0.2750575542449949,1.7007627487182617,0.7405019402503967,1.166180253028871,10.217623710632324
1785985362.8880208,-0.5247503519058228,-0.3163534104824064,1.7682983875274658,1.6847052574157715,0.5715543627738965,10.005034446716309
1785985362.930077,-0.5131506323814392,-0.328151613473892,1.8813565969467163,-1.0366405248641968,0.9894859194755565,9.351613998413086
1785985362.952499,-0.49610063433647156,-0.30250409245491006,1.97382390499115,-2.3008320331573486,1.6267426013946544,9.535197257995605
1785985362.9689143,-0.47299912571907043,-0.29226619005203225,2.029216766357422,0.8484218716621399,0.735610604286195,9.336115837097168
1785985362.9902282,-0.4853885769844055,-0.26845648884773227,2.0728061199188232,0.20956675708293915,0.8011574149131786,9.111246109008789
1785985363.010442,-0.5086413025856018,-0.22538803517818426,2.1072559356689453,0.7424032688140869,0.9727178215980541,8.818365097045898
1785985363.0302603,-0.4981905519962311,-0.17401285469531985,2.185731887817383,-2.42887282371521,1.2859309911727919,10.316121101379395
1785985363.0515852,-0.48312851786613464,-0.1264026314020154,2.248088836669922,-3.079761505126953,1.2281856536865248,10.127984046936035
1785985363.0705502,-0.5377829670906067,-0.038895130157470426,2.2727599143981934,-1.7178313732147217,1.1131888628005993,9.526209831237793
1785985363.0894601,-0.5427959561347961,0.010603068396449377,2.348782539367676,-1.991272211074829,1.3723948001861583,9.638547897338867
1785985363.1097105,-0.49690932035446167,0.054270293563604646,2.364797353744507,-3.4277687072753906,0.9101141691207899,10.51619815826416
1785985363.1301007,-0.48036906123161316,0.10680064558982877,2.280583620071411,-1.7531144618988037,1.4238520860672008,9.53320026397705
1785985363.1705832,-0.3478417992591858,0.2276202887296679,2.0970122814178467,-0.3368053436279297,0.7577371597290051,9.598519325256348
1785985363.1894164,-0.29924628138542175,0.2845978140830996,2.0024430751800537,-1.0380377769470215,1.4278409481048595,9.24319839477539
1785985363.2293866,-0.303470641374588,0.3311668634414675,1.821384310722351,-2.2406363487243652,1.7951989173889171,8.731257438659668
1785985363.2515101,-0.3142580986022949,0.33526316285133384,1.7214277982711792,-1.0799059867858887,1.0127191543579115,10.039782524108887
1785985363.2687278,-0.39416950941085815,0.320074260234833,1.6260048151016235,0.06505270302295685,0.41535010933876165,10.418448448181152
1785985363.28817,-0.40793079137802124,0.28688418865203874,1.5401712656021118,-2.026381492614746,0.945219159126283,9.986310005187988
1785985363.3101559,-0.4505921006202698,0.24659313261508958,1.452937126159668,1.3507462739944458,0.2641779780387892,10.6665620803833
1785985363.329156,-0.5162538290023804,0.24354289472103136,1.3697291612625122,-0.6459441781044006,0.8611118197441113,10.23387336730957
1785985363.3513045,-0.5507785677909851,0.23333063721656816,1.2833935022354126,-0.6459441781044006,0.8611118197441113,10.23387336730957
1785985363.3700638,-0.5372353196144104,0.20096646249294295,1.2063053846359253,-0.8712937235832214,0.9619576930999768,9.585405349731445
1785985363.3895073,-0.545396625995636,0.17927570641040816,1.1365556716918945,0.047137148678302765,0.8472227454185498,9.684735298156738
1785985363.430042,-0.5483540892601013,0.11281598359346402,0.9995549917221069,-0.9067550301551819,0.7632005214691174,10.102116584777832
1785985363.4526877,-0.5529090166091919,0.09510284662246715,0.9385448694229126,-0.3196566104888916,0.5263824462890637,10.29194450378418
1785985363.468761,-0.5736662149429321,0.12813304364681255,0.8868879079818726,-1.0067682266235352,1.4971936941146862,9.550984382629395
1785985363.4907923,-0.5465496778488159,0.1078273281455041,0.8250234127044678,-0.8017938137054443,1.0905601978302013,9.805892944335938
1785985363.5107305,-0.513220489025116,0.08755701780319224,0.7661103010177612,0.3636484742164612,0.2166260033845914,10.19077205657959
1785985363.5292776,-0.4880765974521637,0.052778564393520445,0.7279124855995178,-0.997933030128479,0.7417556047439587,10.138672828674316
1785985363.5509298,-0.4716319441795349,0.026404801756143653,0.67679762840271,-1.0547858476638794,1.3573180437088026,10.325676918029785
1785985363.5699575,-0.43691936135292053,0.01612867228686817,0.6315723061561584,-1.6614214181900024,1.0169552564620985,10.273426055908203
1785985363.610312,-0.37227827310562134,-0.025393037125468185,0.5592886805534363,-1.2046786546707153,0.9160170555114758,9.642117500305176
1785985363.6304288,-0.35544461011886597,-0.01812637224793428,0.5118696093559265,-0.8002833724021912,1.0820111036300673,10.179535865783691
1785985363.652387,-0.3386707603931427,-0.03903438523411745,0.4757567346096039,-0.2711395025253296,0.8351463675498975,10.370084762573242
1785985363.6698604,-0.3328523635864258,-0.06076771020889277,0.4530737102031708,-0.16969917714595795,1.0832558870315565,10.43441390991211
1785985363.6861362,-0.34557628631591797,-0.06214398145675654,0.42186668515205383,-0.1803276538848877,1.3933840990066542,10.217880249023438
1785985363.7041361,-0.32683756947517395,-0.015312458388507318,0.3963056802749634,0.6006250977516174,0.5752878785133374,10.00413703918457
1785985363.7271361,-0.33109772205352783,-0.02564274892210954,0.5135899186134338,-0.2010127305984497,0.797289848327638,10.464298248291016
1785985363.744136,-0.35071510076522827,-0.01379141770303242,0.5949234366416931,-0.577929675579071,0.7447223067283643,10.277156829833984
1785985363.767136,-0.36037588119506836,-0.010453815571963704,0.682154655456543,-1.0839685201644897,0.9825533628463757,10.238232612609863
1785985363.7851362,-0.3605372905731201,0.013704615645110708,0.8252568244934082,0.8418051600456238,0.6723868846893323,10.133418083190918
1785985363.802136,-0.37316522002220154,0.005750193260610217,0.924897313117981,2.1958110332489014,0.9094142913818372,9.692660331726074
1785985363.8261359,-0.42885082960128784,0.03473538532853139,1.0080596208572388,2.1674489974975586,0.7137731313705455,9.402745246887207
1785985363.8491359,-0.5102816820144653,0.006568655371666089,1.09821355342865,2.1268274784088135,0.9892840385437024,10.29146671295166
1785985363.8661358,-0.5655987858772278,-0.01876307837665066,1.2212889194488525,-0.7766039967536926,0.7699620127677931,10.49345874786377
1785985363.884136,-0.6188876032829285,-0.07074189931154234,1.3065727949142456,-0.5391980409622192,0.26704800128936895,10.57642936706543
1785985363.9011366,-0.656731128692627,-0.11031499505043013,1.3891323804855347,0.5814708471298218,0.5071086287498486,9.912419319152832
1785985363.9241366,-0.6724476218223572,-0.14780792593955977,1.4619276523590088,-1.8937360048294067,1.1817284822464003,10.069075584411621
1785985363.9421368,-0.6468881368637085,-0.22619161009788494,1.5641731023788452,-0.7717074155807495,1.1251997947692882,9.599478721618652
1785985363.9661367,-0.6661085486412048,-0.3011209666728971,1.6349736452102661,-0.09007322788238525,0.8784891366958631,10.587234497070312
1785985363.9831367,-0.7110817432403564,-0.3324078619480131,1.708954930305481,-0.09007322788238525,0.8784891366958631,10.587234497070312
1785985364.0061376,-0.7535755634307861,-0.41976624727249123,1.8385683298110962,-1.5835895538330078,0.720108747482301,10.197049140930176
1785985364.0241377,-0.7511051893234253,-0.4731636047363279,1.9006061553955078,-2.340261459350586,1.1663138866424574,10.860027313232422
1785985364.0471377,-0.754256546497345,-0.47996160387992837,1.9674723148345947,-0.5927299857139587,1.0134289264678968,10.579367637634277
1785985364.0651376,-0.7345731854438782,-0.45845860242843606,2.005769729614258,-0.299034059047699,0.5038570165634167,9.550091743469238
1785985364.0881383,-0.6447970271110535,-0.3782485425472257,2.086538314819336,-0.9304289221763611,1.3377074003219618,10.415508270263672
1785985364.1051383,-0.5787224769592285,-0.3266349732875821,2.1430578231811523,1.1366450786590576,-0.05730937421321749,9.804868698120117
1785985364.1281383,-0.5382096767425537,-0.25496393442153903,2.1865999698638916,-0.18546894192695618,0.18817636370658994,9.813069343566895
1785985364.1461382,-0.49286869168281555,-0.17872516810893985,2.259132146835327,0.06512574106454849,0.931563198566438,10.280739784240723
1785985364.1631382,-0.4527483880519867,-0.09918452054262133,2.310448408126831,-0.5161053538322449,0.816486716270448,9.895224571228027
1785985364.1871393,-0.37202370166778564,-0.07998557388782472,2.347053050994873,-0.5161053538322449,0.816486716270448,9.895224571228027
1785985364.2041392,-0.3342585861682892,-0.039238058030605025,2.354536771774292,-0.9186693429946899,0.7596279382705701,10.106470108032227
1785985364.2221394,-0.27198711037635803,-0.02728779800236197,2.301839828491211,-1.2394744157791138,0.7822704315185559,9.829835891723633
1785985364.2451394,-0.21231260895729065,0.04161810502409962,2.2120790481567383,-2.9951555728912354,0.5150012373924268,10.361845016479492
1785985364.2681394,-0.16632933914661407,0.13191784918308283,2.1098220348358154,-1.6244229078292847,1.3130277395248424,9.094976425170898
1785985364.2861392,-0.15444014966487885,0.19952414929866816,2.0221455097198486,-0.6747322678565979,1.0635341405868541,9.621012687683105
1785985364.3261387,-0.14019159972667694,0.28438502550125144,1.8257482051849365,-1.1724014282226562,0.7678081393241895,9.534427642822266
1785985364.3441389,-0.222108855843544,0.3065077066421511,1.7458144426345825,-1.2793340682983398,0.8731455206871045,10.065227508544922
1785985364.3611388,-0.2914503216743469,0.34602475166320823,1.6482093334197998,-0.5138588547706604,0.5941338539123547,10.34977912902832
1785985364.3841376,-0.34672603011131287,0.37968784570693986,1.545419454574585,-0.037104759365320206,0.5410583019256604,10.159174919128418
1785985364.4021378,-0.3808809816837311,0.3728171586990358,1.4708768129348755,-0.5201583504676819,0.6845433712005629,10.518532752990723
1785985364.4251378,-0.4474579989910126,0.3767708837985994,1.3908131122589111,1.0993077754974365,0.0463522747159017,10.411764144897461
1785985364.4661376,-0.4992460012435913,0.37581914663314836,1.2548054456710815,1.234823226928711,0.30607855319976934,10.389678001403809
1785985364.4841378,-0.5498323440551758,0.36330306529998796,1.1955424547195435,-0.023854803293943405,0.8728129267692577,9.464223861694336
1785985364.507137,-0.5757870674133301,0.35386139154434215,1.129178524017334,0.9630265831947327,0.1773259639740003,10.31675910949707
1785985364.525137,-0.5524834394454956,0.3166588842868806,1.0664969682693481,0.9326860308647156,0.26034384965896734,10.546727180480957
1785985364.547137,-0.5601187348365784,0.2988097667694093,0.9884282946586609,-0.8132173418998718,0.7414510250091565,9.814454078674316
1785985364.565137,-0.6036509871482849,0.24050770699977886,0.9346886277198792,0.10907632112503052,0.7101362943649304,10.339933395385742
1785985364.5821369,-0.6193411350250244,0.2027554512023927,0.8778106570243835,-0.019902754575014114,0.5710687637329115,10.731047630310059
1785985364.6061382,-0.6053488254547119,0.19772279262542736,0.8078621029853821,-1.0257811546325684,1.0337672233581556,10.042394638061523
1785985364.6231382,-0.5831713676452637,0.18758621811866769,0.7550163269042969,-0.983834445476532,0.9146316647529615,10.806615829467773
1785985364.6471384,-0.5574706196784973,0.12622205913066872,0.7082116007804871,-0.9949916005134583,0.8420921564102185,10.037946701049805
1785985364.6641383,-0.5357826948165894,0.12848761677742013,0.6582120060920715,-0.9786836504936218,1.2670801877975477,10.375666618347168
1785985364.6871371,-0.49720215797424316,0.08981299400329597,0.6058616638183594,-0.6994906067848206,0.8134434819221509,10.200119972229004
1785985364.7041373,-0.45433831214904785,0.03632241114974029,0.5733322501182556,-0.0027018003165721893,0.6968576908111584,9.998804092407227
1785985364.7281373,-0.4354616701602936,0.012860320508480136,0.5299869775772095,-0.5026680827140808,1.0157209634780897,10.003594398498535
1785985364.7451372,-0.40728557109832764,0.011039983481168806,0.48233383893966675,0.19843432307243347,0.9010403752326979,10.482656478881836
1785985364.763137,-0.3892224133014679,-0.0416684634983539,0.4563288688659668,0.1757555902004242,0.5780787467956556,11.301968574523926
1785985364.8091364,-0.3858499825000763,-0.04791847616434091,0.5078884959220886,-1.6409884691238403,2.173017263412477,9.408474922180176
1785985364.8271365,-0.3748213052749634,-0.04784505069255822,0.5478138327598572,1.147036075592041,0.5792969465255751,10.737061500549316
1785985364.8441365,-0.3793994188308716,-0.05371358990669243,0.6126589775085449,0.8533065915107727,0.46220529079437384,10.562284469604492
1785985364.8671365,-0.37106552720069885,-0.08151028305292121,0.7246640920639038,-0.5872854590415955,0.8391810059547438,10.577951431274414
1785985364.8841364,-0.3700953722000122,-0.10714361071586599,0.8124423623085022,-0.26185739040374756,0.9387912154197706,10.8049898147583
1785985364.9021356,-0.4047521650791168,-0.12104341387748707,0.9040379524230957,-0.8373457193374634,1.3913911581039442,10.909916877746582
1785985364.9251356,-0.4364188611507416,-0.12996304035186754,1.0449657440185547,-3.3334906101226807,0.342969119548799,11.128963470458984
1785985364.9491358,-0.525098443031311,-0.11879715323448167,1.1704039573669434,0.777068555355072,0.9950119853019728,10.772963523864746
1785985364.9661357,-0.609847903251648,-0.14608162641525255,1.2316123247146606,2.518540859222412,0.6692129373550428,10.77311897277832
1785985364.9841356,-0.6802157163619995,-0.21551917493343337,1.3149901628494263,1.659561038017273,1.1642410755157484,10.632612228393555
1785985365.0251353,-0.7315905690193176,-0.32831963896751387,1.504090666770935,-3.0315873622894287,1.195653080940248,10.798723220825195
1785985365.0481353,-0.7379430532455444,-0.3883568942546842,1.5978014469146729,-3.766721248626709,0.9205791354179396,10.659557342529297
1785985365.0661352,-0.7611632347106934,-0.4191886782646177,1.6955064535140991,-2.7517995834350586,1.7779002189636244,10.560211181640625
1785985365.084134,-0.7500993013381958,-0.45786300301551797,1.7855020761489868,-3.06217622756958,1.690493226051332,10.496224403381348
1785985365.147134,-0.6795560717582703,-0.4341127276420591,1.9851963520050049,1.8985477685928345,0.8410942554473889,10.226224899291992
1785985365.164134,-0.5948581099510193,-0.3872279822826383,2.0535011291503906,-0.522652268409729,0.9683207869529736,10.337705612182617
1785985365.1821342,-0.5810732841491699,-0.3102819025516507,2.098339319229126,0.2303963452577591,0.5656999945640577,10.439430236816406
1785985365.2051332,-0.5436123609542847,-0.27915218472480746,2.1891117095947266,-0.11497245728969574,0.5965446829795851,10.469050407409668
1785985365.223133,-0.5140113234519958,-0.2711209058761594,2.238499164581299,0.8014515042304993,0.6045849323272718,10.733263969421387
1785985365.246133,-0.5022565126419067,-0.21275304257869693,2.2601850032806396,-2.7369253635406494,1.0898600816726698,10.040233612060547
1785985365.2641332,-0.4906628727912903,-0.15005107223987552,2.2786760330200195,-2.7369253635406494,1.0898600816726698,10.040233612060547
1785985365.3051324,-0.36966192722320557,-0.03504147380590411,2.290972948074341,1.417673945426941,1.4433094263076793,9.802607536315918
1785985365.3271325,-0.3108269274234772,-0.01090427953749868,2.2046639919281006,-0.8753750324249268,1.0116492509841932,10.667637825012207
1785985365.3451324,-0.25819727778434753,0.03239060565829303,2.1074652671813965,0.23572289943695068,0.1368941366672529,10.651529312133789
1785985365.3621323,-0.21864667534828186,0.056360431015491735,2.015519142150879,-0.4159066677093506,0.8608442544937146,10.420053482055664
1785985365.3861315,-0.21792104840278625,0.03230328857898736,1.919710636138916,-0.008145499974489212,0.7073158621788038,10.967963218688965
1785985365.4031315,-0.25636526942253113,0.0540529750287535,1.820112705230713,-1.2531144618988037,0.7940493226051344,10.924534797668457
1785985365.4441316,-0.3231644332408905,0.031061626970768176,1.6336578130722046,-0.617864191532135,0.778069853782655,10.385009765625
1785985365.4621315,-0.40303468704223633,0.06091079488396664,1.5659123659133911,0.135878786444664,0.18602126836776867,10.917557716369629
1785985365.5031316,-0.4808982014656067,0.07591185718774812,1.4074530601501465,-0.17015066742897034,1.0139027833938612,10.553168296813965
1785985365.5261316,-0.5810884237289429,0.05716310441494004,1.3260540962219238,-1.583474040031433,1.1796977519989027,10.025590896606445
1785985365.5431316,-0.6283926963806152,0.11039209365844742,1.2643331289291382,-1.2852075099945068,1.0422166585922255,10.503050804138184
1785985365.5611315,-0.585975170135498,0.10250268876552597,1.1948046684265137,0.9013977646827698,0.39487290382385376,10.116357803344727
1785985365.583131,-0.5896807909011841,0.16493035852909102,1.0939134359359741,-0.7339495420455933,1.1996812820434584,10.343844413757324
1785985365.607131,-0.5775865912437439,0.29056987166404735,1.0433214902877808,0.6628984808921814,0.6248209476470961,10.68310546875
1785985365.665131,-0.4028322994709015,0.35008475184440624,0.8787139654159546,-0.5768745541572571,1.3680709600448622,9.98850154876709
1785985365.6831303,-0.360402375459671,0.3593907654285432,0.8155706524848938,-0.29544687271118164,0.48397564888000616,10.584064483642578
1785985365.7061303,-0.258122980594635,0.26221221685409557,0.7903080582618713,0.18012511730194092,0.3504235148429884,10.887133598327637
1785985365.7231302,-0.2366563081741333,0.22228388488292702,0.7501104474067688,-1.4078267812728882,1.3943200111389171,9.762280464172363
1785985365.7471304,-0.19464898109436035,0.16303704679012307,0.7005825638771057,-1.5512598752975464,1.0377465486526503,10.597521781921387
1785985365.7651303,-0.21230949461460114,0.1845022290945054,0.6694056987762451,-1.09163498878479,0.7068343758583081,10.289003372192383
1785985365.7821302,-0.28465303778648376,0.19438298046588906,0.6035241484642029,0.6429241299629211,0.060005649924279585,10.825739860534668
1785985365.8051298,-0.3672555685043335,0.18363039195537573,0.5530350208282471,-1.3862676620483398,1.0246264934539808,10.289200782775879
1785985365.82313,-0.4115995466709137,0.1152013763785363,0.5135033130645752,-1.281412959098816,1.2360616922378553,10.612247467041016
1785985365.84613,-0.4308789074420929,0.050474524497985895,0.46780434250831604,-0.015500973910093307,1.077521085739137,10.526992797851562
1785985365.8641298,-0.42505648732185364,0.017849767580628447,0.42838141322135925,-0.6581283211708069,0.9316852092742933,10.503183364868164
1785985365.8811297,-0.3657490313053131,0.08682872354984289,0.40020444989204407,-0.5926887392997742,1.0819393396377577,10.100573539733887
1785985365.9041293,-0.32182425260543823,0.12733919918537145,0.4650498628616333,-0.931160032749176,1.5016773939132704,10.558673858642578
1785985365.9211292,-0.31006720662117004,0.15530931949615487,0.577475905418396,-0.2266949564218521,0.6008701920509352,11.100688934326172
1785985365.9451294,-0.28070390224456787,0.13472329080104836,0.6818364858627319,-0.6761131286621094,2.0312697887420668,9.657784461975098
1785985365.9851305,-0.30051398277282715,0.18860125541687023,0.8658028244972229,-1.7475457191467285,0.6183196306228651,10.810328483581543
1785985366.0031307,-0.3644830882549286,0.2697129547595979,0.9784644246101379,0.32872438430786133,0.6534212231636061,11.002447128295898
1785985366.0261307,-0.4195019006729126,0.2725747525691987,1.0844775438308716,-0.24772906303405762,0.3480984866619123,10.483847618103027
1785985366.0441306,-0.5450354218482971,0.21862977743148818,1.1622912883758545,-0.3191320300102234,0.8642792105674757,10.777268409729004
1785985366.0671306,-0.6494476199150085,0.13646817207336442,1.2834876775741577,0.23308375477790833,1.805510759353639,10.155379295349121
1785985366.0851305,-0.6596488356590271,0.02083139121532457,1.3736777305603027,0.23308375477790833,1.805510759353639,10.155379295349121
1785985366.102129,-0.6718941330909729,-0.14075388014316542,1.4489541053771973,-0.8282240629196167,0.19191271066665777,10.440336227416992
1785985366.126129,-0.7412726879119873,-0.24379003047943096,1.5645203590393066,0.8409343361854553,1.0910593271255506,10.031310081481934
1785985366.143129,-0.7642589807510376,-0.3915000855922697,1.6542912721633911,-0.5584245324134827,0.6102285385131849,10.924501419067383
1785985366.166129,-0.7442091703414917,-0.5261331796646116,1.7199636697769165,2.3661208152770996,0.741616785526277,10.452913284301758
1785985366.184129,-0.7858672142028809,-0.683406352996826,1.7939499616622925,-0.7364180088043213,1.2017447948455824,11.00385570526123
1785985366.2071288,-0.8049139380455017,-0.7725648283958433,1.9185011386871338,0.1077750027179718,1.2242769002914442,10.15236759185791
1785985366.2241287,-0.7275518178939819,-0.7437878251075742,1.9892289638519287,-0.11648008227348328,1.1068830490112318,10.02177619934082
1785985366.2421288,-0.6576552987098694,-0.580195367336273,2.0302982330322266,-2.029465436935425,1.6431295871734632,10.242864608764648
1785985366.2651289,-0.6130290627479553,-0.4165211021900174,2.121053457260132,0.3543767035007477,0.7804462909698499,10.074206352233887
1785985366.2821288,-0.5025637149810791,-0.2912077605724332,2.154951572418213,-1.1454317569732666,0.9872005581855787,10.532936096191406
1785985366.3231258,-0.45096683502197266,-0.03637991473078701,2.2044520378112793,-1.2040791511535645,1.1252225637435924,9.662421226501465
1785985366.347126,-0.4092805087566376,0.0325815714895728,2.2794172763824463,-0.13343727588653564,0.5443751811981213,10.390143394470215
1785985366.364126,-0.3713063597679138,0.06453061103820829,2.299534797668457,3.026409387588501,0.9741984605789198,10.629969596862793
1785985366.387125,-0.45505592226982117,0.09909721463918715,2.327057361602783,-0.6483050584793091,0.9735584855079663,10.166397094726562
1785985366.405125,-0.5319274067878723,0.12574656307697324,2.2415380477905273,-1.0156136751174927,-0.2353835403919206,11.303996086120605
1785985366.446125,-0.5059800148010254,0.1481058299541476,2.043178081512451,-1.0156136751174927,-0.2353835403919206,11.303996086120605
1785985366.463125,-0.5024904012680054,0.10647254437208199,1.9603757858276367,-1.1771347522735596,0.5744122862815869,10.290475845336914
1785985366.4861252,-0.4146612584590912,0.09102559834718726,1.8553133010864258,-1.1771347522735596,0.5744122862815869,10.290475845336914
1785985366.504125,-0.32607129216194153,0.060383800417185045,1.7663068771362305,0.793199896812439,0.2469622790813459,10.61634349822998
1785985366.5271251,-0.37145811319351196,0.05144331976771375,1.668653130531311,0.8436450362205505,0.4125111699104322,10.612634658813477
1785985366.5451252,-0.3829311728477478,0.036866445094347194,1.5887211561203003,-0.3159777820110321,0.9495317339897169,10.52946949005127
1785985366.5621252,-0.36458566784858704,0.03213459625840206,1.5087436437606812,0.39311692118644714,0.19451425969600805,10.52270793914795
1785985366.5861251,-0.4249742925167084,0.018766030669212518,1.4397258758544922,0.09279301762580872,0.6648259758949293,10.675447463989258
1785985366.626125,-0.5121480822563171,0.005520222242921748,1.2799749374389648,-0.9313726425170898,1.0278445482254042,10.522149085998535
1785985366.6431253,-0.5540390014648438,0.05968254059553161,1.2074782848358154,1.0942590236663818,0.42776891589164867,11.073816299438477
1785985366.6671252,-0.6195372343063354,0.10237804055213942,1.1280111074447632,-1.0632671117782593,0.9591667652130139,10.396337509155273
1785985366.6841252,-0.6091477870941162,0.09722258150577559,1.0886286497116089,-1.2618659734725952,0.8963749408721936,10.075212478637695
1785985366.7081244,-0.6179522275924683,0.10997012257576001,1.0236684083938599,-1.2618659734725952,0.8963749408721936,10.075212478637695
1785985366.7481244,-0.6432826519012451,0.04283938929438602,0.9205345511436462,0.5228765606880188,0.618920445442201,10.660387992858887
1785985366.7661245,-0.6135808229446411,0.04679813608527194,0.8754669427871704,-1.160987138748169,0.8841670155525221,10.679408073425293
1785985366.7831254,-0.5578644871711731,0.017816780135035615,0.8183581829071045,-1.1118298768997192,0.7523517608642591,10.475367546081543
1785985366.8071253,-0.5012056231498718,0.0531330108642579,0.7640883326530457,-0.5879002809524536,0.6130630373954786,10.64580249786377
1785985366.8241255,-0.4284897744655609,0.06191818788647661,0.7189399600028992,-0.5879002809524536,0.6130630373954786,10.64580249786377
1785985366.8471255,-0.35941025614738464,0.0804779455065728,0.6663166880607605,-0.6282414793968201,0.8002519607543958,10.197489738464355
1785985366.8641255,-0.3194541037082672,0.13714131712913522,0.6375839710235596,-1.1787090301513672,0.8597657084465039,10.147150993347168
1785985366.8821266,-0.27458396553993225,0.20214399695396432,0.6000744700431824,-0.8063678741455078,0.5728632807731642,11.013092994689941
1785985366.9051266,-0.2260010540485382,0.21588701009750375,0.5676079988479614,-0.6044273376464844,0.5660808682441724,10.1362886428833
1785985366.9231265,-0.19397632777690887,0.24641659855842596,0.51766437292099,-0.22605901956558228,0.9072302579879773,10.250394821166992
1785985366.9461265,-0.20511272549629211,0.24937860667705541,0.47304832935333246,-1.7546577453613281,1.0077842473983778,10.038180351257324
1785985366.9641263,-0.20379647612571716,0.19340839982032781,0.437375009059906,-1.8653379678726196,0.5029351711273207,10.765539169311523
1785985366.9871256,-0.24818462133407593,0.2111335545778275,0.4351348578929901,0.8836139440536499,0.0012702122330679184,11.10117244720459
1785985367.0281258,-0.3864706754684448,0.12135227769613273,0.5819321274757385,-1.8922007083892822,0.7796173095703138,10.693846702575684
1785985367.0451257,-0.5002869963645935,0.08576982468366631,0.6716384887695312,-0.7019558548927307,0.750495016574861,11.136387825012207
1785985367.0631256,-0.6161326766014099,0.058854848146438696,0.7856353521347046,-0.4590120017528534,0.7521396279335035,10.443849563598633
1785985367.0861256,-0.6584169268608093,0.045364078134298436,0.8927763104438782,-0.1510428488254547,1.1193554401397718,11.094873428344727
1785985367.1271262,-0.6261796951293945,0.02872501872479929,1.1081894636154175,1.7316843271255493,1.095880985260011,11.042427062988281
1785985367.1441262,-0.6204291582107544,-0.04358549788594231,1.191739797592163,-0.8216037750244141,1.080528020858766,10.957374572753906
1785985367.185127,-0.6228726506233215,-0.25467371940612776,1.4047194719314575,2.275055408477783,0.3512374758720411,11.018555641174316
1785985367.202127,-0.6524963974952698,-0.37543475627899153,1.4881466627120972,2.0580735206604004,1.267591238021852,10.948921203613281
1785985367.226127,-0.6553669571876526,-0.4775689542293547,1.5479214191436768,-1.1743559837341309,1.1730489730834974,10.242621421813965
1785985367.2431269,-0.6963357925415039,-0.5575101375579832,1.6089359521865845,-1.9960800409317017,0.7559905648231519,10.14516830444336
1785985367.261127,-0.7083193063735962,-0.5485858917236326,1.704576849937439,-0.2537299692630768,0.7631411552429211,10.340384483337402
1785985367.2841263,-0.6626092195510864,-0.5419087409973142,1.7825796604156494,-2.2987191677093506,0.9363235235214247,10.500255584716797
1785985367.3071263,-0.674950897693634,-0.5352268218994138,1.8471007347106934,-0.06775379180908203,1.114933252334596,10.365593910217285
1785985367.3251262,-0.6685712337493896,-0.5151441693305967,1.9025156497955322,-0.06775379180908203,1.114933252334596,10.365593910217285
1785985367.3421261,-0.5938336849212646,-0.4769868254661558,1.9959732294082642,-1.863317847251892,0.6886749863624586,10.527907371520996
1785985367.3661263,-0.5779020190238953,-0.4321860969066617,2.0578455924987793,-2.1350765228271484,1.1934769153594984,10.327759742736816
1785985367.3831263,-0.6109529137611389,-0.37797462940216037,2.1031062602996826,-2.1350765228271484,1.1934769153594984,10.327759742736816
1785985367.4071262,-0.6372623443603516,-0.32108482718467685,2.190431833267212,-3.393068552017212,1.1996424198150648,10.845196723937988
1785985367.4241261,-0.6200109720230103,-0.2573780715465543,2.2356793880462646,-3.447205066680908,0.6483605504035963,10.88972282409668
1785985367.4471262,-0.5877822041511536,-0.21355849504470797,2.2614192962646484,-0.39411813020706177,1.2021718025207533,10.554888725280762
1785985367.4651263,-0.5777162313461304,-0.15581420063972445,2.2925286293029785,-1.8728461265563965,0.6421707272529615,10.844764709472656
1785985367.4821262,-0.5133037567138672,-0.11565212160348863,2.3321774005889893,-1.8728461265563965,0.6421707272529615,10.844764709472656
1785985367.506126,-0.4710761308670044,-0.0022363835014400095,2.2641820907592773,-0.8070530295372009,0.5742915868759167,10.324540138244629
1785985367.523126,-0.40070876479148865,0.03820445016026524,2.1828651428222656,-1.5139840841293335,0.6820369362831128,10.423900604248047
1785985367.546126,-0.2896336317062378,0.041868209838867444,2.095015287399292,-0.7373032569885254,0.6238264441490187,10.641216278076172
1785985367.564126,-0.1813540905714035,0.05247497558593774,1.991834282875061,-0.8548247218132019,0.5583835840225233,10.493426322937012
1785985367.5871253,-0.10598631948232651,0.06920275092124963,1.9112173318862915,1.3475704193115234,-0.24287728965282307,10.787371635437012
1785985367.6041253,-0.09535432606935501,0.11013826727867149,1.8128318786621094,-0.730739176273346,0.6835793852806104,10.36492919921875
1785985367.6281252,-0.10672825574874878,0.13261765241622947,1.7287793159484863,-1.0667102336883545,0.8913409113883984,9.890864372253418
1785985367.6451252,-0.11922512948513031,0.13702839612960835,1.6346266269683838,-0.801003098487854,1.361125230789186,10.444683074951172
1785985367.662125,-0.16495448350906372,0.16184337437152882,1.5574430227279663,1.6990238428115845,-0.6660075783729539,11.357818603515625
1785985367.685125,-0.21923665702342987,0.20231530070304887,1.4715279340744019,-1.0950185060501099,0.8830282688140881,9.774463653564453
1785985367.7031248,-0.31432244181632996,0.2495680600404741,1.3728095293045044,0.825234055519104,0.5840308070182813,10.286622047424316
1785985367.7261248,-0.383941650390625,0.2583178579807283,1.2917170524597168,-0.31448718905448914,-0.011158501729367807,11.084051132202148
1785985367.7441247,-0.4630233645439148,0.23757664859294905,1.2020760774612427,0.8122559189796448,0.7657148241996778,11.124801635742188
1785985367.7671247,-0.5371771454811096,0.20485505461692824,1.132185935974121,-1.716875433921814,1.5330177545547496,9.331941604614258
1785985367.7851248,-0.5383571982383728,0.17017255723476424,1.062653660774231,-0.743321418762207,1.0946238040924086,10.207464218139648
1785985367.8081236,-0.5362011790275574,0.13355675339698803,0.9920799136161804,-1.8072936534881592,0.38429069519043096,10.511337280273438
1785985367.8261237,-0.5412947535514832,0.10546977818012249,0.9327443242073059,-1.3033922910690308,1.1244915723800673,10.195419311523438
1785985367.8431237,-0.5178432464599609,0.08253426104784023,0.8802638649940491,-1.4789443016052246,0.69886749982834,10.566747665405273
1785985367.8661237,-0.5191804766654968,0.043192990124225714,0.8191759586334229,-0.7368102073669434,0.644963324069978,10.149091720581055
1785985367.8841236,-0.5045167207717896,0.04134147986769686,0.779774010181427,-0.7609460949897766,0.6657236218452466,9.925503730773926
1785985367.9071248,-0.5006532669067383,0.02269098348915586,0.7336958050727844,-1.1231350898742676,1.0455611944198622,10.030356407165527
1785985367.9241247,-0.47822335362434387,0.03781381249427804,0.6716102957725525,-1.158039927482605,1.1568993330001842,9.500490188598633
1785985367.9481246,-0.44296279549598694,0.01603376120328911,0.6341689229011536,0.08576692640781403,0.6618636846542371,10.279180526733398
1785985367.9651246,-0.43398797512054443,0.009426551871001793,0.5994115471839905,-0.7312396168708801,0.6040681600570691,9.707389831542969
1785985367.9821246,-0.42797964811325073,0.02482675388455398,0.573344886302948,-0.7312396168708801,0.6040681600570691,9.707389831542969
1785985368.0061247,-0.4276619553565979,0.0374970547854901,0.5376574397087097,0.10296835750341415,0.5982999801635756,10.532617568969727
1785985368.0231247,-0.39689433574676514,0.01299952156841761,0.4975900948047638,-1.1890815496444702,1.0078182220458995,9.638297080993652
1785985368.0471246,-0.37652966380119324,-0.0103978188708424,0.4654577374458313,-1.0103380680084229,0.761373043060304,10.067849159240723
1785985368.0641246,-0.3356959819793701,-0.03310363367199893,0.42392390966415405,-2.1281092166900635,1.1085572242736828,9.823884010314941
1785985368.0871255,-0.2800874412059784,-0.0614550150930881,0.3971617817878723,0.5080384016036987,0.6386888623237622,10.293615341186523
1785985368.1051254,-0.26188963651657104,-0.08209370821714396,0.4624400734901428,-0.21810458600521088,0.360070884227754,10.797221183776855
1785985368.1281254,-0.27443966269493103,-0.05726705491542809,0.5886970162391663,-0.19638781249523163,0.9171107411384596,10.656133651733398
1785985368.1461256,-0.3156471252441406,-0.023848067969083703,0.6934605240821838,-1.4455631971359253,1.0906260013580336,10.130805015563965
1785985368.1631255,-0.38449159264564514,0.016350358724594213,0.7892473340034485,-0.348311185836792,0.6549021005630505,10.026788711547852
1785985368.1861255,-0.4348219335079193,0.008541520684957619,0.9295970797538757,1.1673438549041748,0.05671222507953772,10.457311630249023
1785985368.2041254,-0.3970886468887329,-0.027337050065398088,1.0481879711151123,2.8093180656433105,1.2636206150054945,10.422168731689453
1785985368.2271254,-0.37139368057250977,-0.1279104501008986,1.1435967683792114,0.35473787784576416,0.7456832528114332,10.70151138305664
1785985368.2451255,-0.4131258726119995,-0.2134499847888945,1.2474744319915771,-3.5027425289154053,0.9188920855522169,10.547857284545898
1785985368.2621255,-0.4398089051246643,-0.3180992901325224,1.366534948348999,-2.112715482711792,0.04496897011995448,10.825140953063965
1785985368.3091254,-0.6509919166564941,-0.2659535706043242,1.5485261678695679,-1.9870891571044922,0.9420916438102734,9.712061882019043
1785985368.3261254,-0.7800305485725403,-0.18396033346652965,1.6551780700683594,-3.034513235092163,0.7852026820182813,10.319072723388672
1785985368.3501256,-0.8521603345870972,-0.1314730644226072,1.7538949251174927,-1.1898667812347412,0.27965107560157904,10.508964538574219
1785985368.3671255,-0.8482717871665955,-0.16552709043025948,1.7945502996444702,0.08491922914981842,1.1551491022109999,10.08096981048584
1785985368.3841238,-0.8402841091156006,-0.1729573309421537,1.8568344116210938,0.08491922914981842,1.1551491022109999,10.08096981048584
1785985368.425124,-0.6317508220672607,-0.19899430871009802,2.01391863822937,-1.219298005104065,1.4784804582595839,10.065837860107422
1785985368.448124,-0.568121612071991,-0.1817693561315534,2.063168525695801,-2.614044666290283,1.552822828292848,10.411707878112793
1785985368.465124,-0.4969257414340973,-0.16176596283912634,2.144357919692993,-1.4268559217453003,1.1111125946044935,10.333250045776367
1785985368.483124,-0.39657604694366455,-0.1279597431421277,2.187901258468628,-1.7797119617462158,1.3385688066482555,9.584295272827148
1785985368.5061247,-0.3842906653881073,-0.06882936507463427,2.2126803398132324,-1.3461024761199951,1.0058008432388317,9.878267288208008
1785985368.5241246,-0.3819785714149475,-0.04021794348955127,2.241513967514038,1.3367878198623657,0.5549489855766309,9.875837326049805
1785985368.5471246,-0.3636147677898407,-0.04969482123851748,2.308870553970337,-0.42178022861480713,1.1876896619796764,9.625171661376953
1785985368.5821247,-0.481136292219162,-0.038131810724734976,2.351374864578247,-0.13856688141822815,0.036225557327271736,10.022682189941406
1785985368.6061249,-0.5470844507217407,-0.007862298749386988,2.2502081394195557,1.4275383949279785,0.5752900838851941,10.034170150756836
1785985368.628125,-0.536673903465271,0.014148052781820563,2.1644375324249268,-0.22352662682533264,0.7349209785461438,10.243268013000488
1785985368.6461248,-0.47840288281440735,0.015060270205140367,2.074000835418701,-2.0861871242523193,1.279793143272401,9.360464096069336
1785985368.664125,-0.4433283507823944,-0.017504841089248414,1.9800143241882324,-0.30669283866882324,0.609344840049745,10.467782974243164
1785985368.6821249,-0.37753745913505554,0.006566570140421622,1.8941444158554077,-2.3119430541992188,0.35298553109169134,10.327345848083496
1785985368.7041245,-0.35655462741851807,0.0524571090936663,1.7867499589920044,0.6398006677627563,0.48876455426216253,10.487800598144531
1785985368.7281244,-0.3567304015159607,0.0389484427869322,1.7046499252319336,-1.3975876569747925,1.1503918170928966,9.710570335388184
1785985368.7451243,-0.33444568514823914,0.0420893095433714,1.6251935958862305,-1.5206218957901,0.30464604496956,10.41482925415039
1785985368.7621243,-0.3419301509857178,0.07622458040714283,1.5500643253326416,-0.18786242604255676,0.4961636960506452,10.331599235534668
1785985368.7861245,-0.43532055616378784,0.109875835478306,1.4719603061676025,-0.6145334839820862,0.8211901187896741,10.397839546203613
1785985368.8091252,-0.5556225776672363,0.13251963257789628,1.3654721975326538,0.584270715713501,0.4375801384449019,11.329437255859375
1785985368.827125,-0.5866062641143799,0.13883315026760118,1.3062100410461426,0.31151658296585083,0.12469804286956922,10.938783645629883
1785985368.850125,-0.6109962463378906,0.14835347235202803,1.2404758930206299,-0.8057360649108887,1.0294729471206678,10.137670516967773
1785985368.8671253,-0.6630203127861023,0.17585362493991866,1.181039571762085,0.36518439650535583,0.8564216494560255,10.82546615600586
1785985368.8851264,-0.6443626880645752,0.17597404122352614,1.1109707355499268,0.6855638027191162,0.425343990325929,10.421804428100586
1785985368.9021266,-0.6102268099784851,0.1557516604661943,1.0487885475158691,-0.034213386476039886,0.807501018047334,9.75550365447998
1785985368.9261265,-0.5939368009567261,0.12191073596477521,0.9777846336364746,0.8456344604492188,0.7565969824790967,10.009897232055664
1785985368.9431264,-0.555012047290802,0.14438751339912426,0.9162614345550537,0.7394084334373474,0.07080107182264456,10.480658531188965
1785985368.9661264,-0.4820256233215332,0.14113940298557293,0.860712468624115,1.385561227798462,0.4699429869651807,10.627296447753906
1785985368.9841278,-0.410664439201355,0.13437576591968547,0.7999472618103027,0.5319715738296509,0.7644412517547621,10.70947265625
1785985369.0071278,-0.3949407637119293,0.14459665119647988,0.7369896769523621,-0.3488330841064453,1.1193712949752819,9.79754638671875
1785985369.0251276,-0.30605173110961914,0.1090160161256791,0.682165801525116,-1.232891321182251,1.1758828163146986,10.430042266845703
1785985369.0481277,-0.2704019546508789,0.10950655490159997,0.6387788653373718,-0.8999431133270264,1.0129740238189708,9.663291931152344
1785985369.0661278,-0.2612787187099457,0.0793792828917504,0.5969264507293701,-0.8999431133270264,1.0129740238189708,9.663291931152344
1785985369.089127,-0.24931788444519043,0.002223744522780248,0.5561351180076599,-0.9611164331436157,1.0387246608734144,10.120259284973145
1785985369.106127,-0.2459421306848526,-0.0026387355756013952,0.5178141593933105,0.12792187929153442,0.5116112232208264,10.043429374694824
1785985369.124127,-0.24830427765846252,-0.012206023558974207,0.4846554398536682,-1.024187684059143,1.3458120822906505,9.964071273803711
1785985369.147127,-0.2500148415565491,-0.072526104748249,0.45270204544067383,-0.3949192762374878,0.825986981391908,10.29250431060791
1785985369.165127,-0.2431698590517044,-0.10602526366710657,0.4254920780658722,-1.0106414556503296,1.1067104339599623,10.067533493041992
1785985369.205127,-0.2815241515636444,-0.06285956501960747,0.5768961906433105,-0.5464092493057251,0.7018273472785962,10.081987380981445
1785985369.222127,-0.3115358352661133,-0.08986978977918617,0.6623510718345642,-0.715046763420105,0.8925538063049329,10.05763053894043
1785985369.246127,-0.35684892535209656,-0.05970420315861692,0.8029967546463013,-0.6451995968818665,0.8624659180641187,10.170450210571289
1785985369.263127,-0.38072705268859863,-0.04782653599977482,0.9056369662284851,0.19468377530574799,0.9190241098403943,10.408388137817383
1785985369.287128,-0.42331409454345703,-0.03530761599540698,0.9943857789039612,1.8454993963241577,1.3933504819870008,10.453082084655762
1785985369.304128,-0.5246585607528687,-0.00276364362798618,1.0767745971679688,-0.8586075305938721,1.0589121580123915,10.376028060913086
1785985369.321128,-0.5660932660102844,-0.061341393738984916,1.1962467432022095,-1.7683533430099487,0.9567735195159924,10.075918197631836
1785985369.345128,-0.6207104921340942,-0.12760362029075606,1.3050280809402466,-1.4528040885925293,1.4794721603393568,10.149188995361328
1785985369.362128,-0.665955126285553,-0.18862496316432936,1.3835041522979736,-2.172609806060791,0.9533789753913892,10.082433700561523
1785985369.386128,-0.719994306564331,-0.24641060829162578,1.50481379032135,-2.1036009788513184,1.2920345067977916,9.97181224822998
1785985369.4091291,-0.7358769178390503,-0.2847657799720762,1.5914872884750366,2.3091251850128174,0.3097625374794019,10.612936019897461
1785985369.426129,-0.7080855369567871,-0.31330105662345864,1.6466783285140991,2.3091251850128174,0.3097625374794019,10.612936019897461
1785985369.443129,-0.7193613648414612,-0.37880945205688454,1.7124369144439697,2.3091251850128174,0.3097625374794019,10.612936019897461
1785985369.467129,-0.7218697667121887,-0.3921898603439329,1.8051276206970215,0.6235329508781433,0.5097042918205273,10.029736518859863
1785985369.485129,-0.6473135948181152,-0.4391648173332212,1.8892021179199219,0.2528548538684845,0.9502667188644421,9.768601417541504
1785985369.508128,-0.627670168876648,-0.4310483336448667,1.943131923675537,-1.3967032432556152,1.8359254598617565,9.772404670715332
1785985369.525128,-0.6207902431488037,-0.4329246580600736,2.04355525970459,-1.1290746927261353,1.0844774246215831,9.767213821411133
1785985369.543128,-0.5454332828521729,-0.39556124806404086,2.1064531803131104,-0.3878876864910126,0.9363622665405287,10.475423812866211
1785985369.566128,-0.5282389521598816,-0.38311111927032443,2.14792537689209,0.6466484665870667,0.773866117000581,10.22964859008789
1785985369.584128,-0.5420666933059692,-0.3353528976440427,2.187377691268921,0.7274718284606934,0.7213172912597668,9.855982780456543
1785985369.6071274,-0.4700191020965576,-0.29220956563949557,2.277352809906006,-1.7275925874710083,0.6039497852325453,10.532041549682617
1785985369.6251276,-0.3898908495903015,-0.21945859491825076,2.3238134384155273,-1.9395549297332764,0.8711087107658398,9.832460403442383
1785985369.6481276,-0.4036692976951599,-0.11675318330526323,2.343996524810791,-1.7557984590530396,1.4703986644744886,9.981197357177734
1785985369.6651275,-0.38691452145576477,-0.05795536935329408,2.3736298084259033,-1.7062433958053589,0.7288271784782422,10.41970443725586
1785985369.6831274,-0.3283040225505829,-0.022018330171704008,2.3203630447387695,1.2366451025009155,0.7173551917076123,10.013874053955078
1785985369.7061272,-0.29371994733810425,0.01033965311944512,2.225835084915161,-0.046013422310352325,0.9621531367301954,10.506775856018066
1785985369.7231271,-0.29160720109939575,0.0972061380743983,2.1539018154144287,-2.126491069793701,1.12285876274109,9.829642295837402
1785985369.7471273,-0.24489226937294006,0.195483595132828,2.042201280593872,1.5913240909576416,0.435546010732652,10.024383544921875
1785985369.7641273,-0.21339978277683258,0.2570246756076815,1.9423078298568726,1.0457926988601685,0.3314108550548567,10.799087524414062
1785985369.7871277,-0.2420811653137207,0.2728087902069094,1.8564945459365845,-0.8255758285522461,0.7428134083747876,9.855311393737793
1785985369.8051279,-0.25637996196746826,0.2536359429359438,1.7577753067016602,-1.2978919744491577,1.1324762105941784,9.885915756225586
1785985369.8281279,-0.25992095470428467,0.24581626057624836,1.6662877798080444,0.46050429344177246,0.5600374937057507,10.289571762084961
1785985369.8451278,-0.32117959856987,0.26185745000839256,1.5880426168441772,0.35719797015190125,0.453406482934953,9.95585823059082
1785985369.8631277,-0.38573700189590454,0.27159747481346147,1.5017083883285522,-1.6167864799499512,0.5060079693794263,9.904696464538574
1785985369.8861277,-0.4087376892566681,0.26486814022064226,1.4118857383728027,-0.7718028426170349,0.6850975751876844,10.516548156738281
1785985369.9041278,-0.45329776406288147,0.3126018941402437,1.3342524766921997,0.3221989572048187,0.2729466557502759,10.14315414428711
1785985369.9271278,-0.49355605244636536,0.33049404621124284,1.2484933137893677,-1.2107195854187012,0.9720427989959729,9.55624771118164
1785985369.9451277,-0.5035781264305115,0.31741148233413713,1.177894115447998,-0.3119047284126282,0.49986585974693415,9.548232078552246
1785985369.9621277,-0.4916427433490753,0.31354328989982616,1.1049519777297974,0.11717655509710312,0.5157080292701733,9.892674446105957
1785985369.9851277,-0.5098245739936829,0.3079124689102174,1.0333638191223145,0.26650020480155945,0.7475557923316968,10.18251895904541
1785985370.0081275,-0.5462409853935242,0.3203093111515046,0.9723525643348694,0.4667331576347351,0.5769473910331738,10.074262619018555
1785985370.0261276,-0.5216742753982544,0.28433123230934154,0.913467526435852,0.3035750985145569,0.5509020686149609,9.718442916870117
1785985370.0441275,-0.5747656226158142,0.26100370287895214,0.8446464538574219,0.9146170616149902,0.1457413882017148,10.283679962158203
1785985370.0671275,-0.595682680606842,0.21419236063957225,0.7998680472373962,-0.7922316193580627,0.6516162157058728,10.350844383239746
1785985370.0851276,-0.5617217421531677,0.17813922464847573,0.7405986189842224,-3.11276912689209,1.7696679830551159,9.401999473571777
1785985370.1251268,-0.5897663235664368,0.09235653281211861,0.6418633460998535,-0.6068824529647827,1.043447256088258,9.365679740905762
1785985370.1491268,-0.5600903034210205,0.06197282671928413,0.5922316312789917,-0.8566890954971313,0.9524621367454541,10.040811538696289
1785985370.1661267,-0.5008800625801086,0.06012953072786338,0.5483769774436951,-0.11758485436439514,0.5956559777259839,10.408425331115723
1785985370.1841266,-0.4898597002029419,0.07995622605085378,0.5072128772735596,-0.02491268888115883,0.9555402994155897,10.549015998840332
1785985370.2061262,-0.4383546710014343,0.04868797585368162,0.475268691778183,-0.9448753595352173,1.239715099334718,9.891794204711914
1785985370.224126,-0.38918232917785645,0.03864529728889471,0.4312049448490143,-0.8636241555213928,1.2322264909744274,9.414728164672852
1785985370.2651262,-0.29453879594802856,-0.015472461469471406,0.4000672996044159,-0.17729398608207703,0.42491701245308044,10.130227088928223
1785985370.2821262,-0.28022143244743347,-0.03970983996987337,0.4661937355995178,0.6321099400520325,0.834456264972688,10.129145622253418
1785985370.3051262,-0.3120253384113312,-0.03959725052118294,0.6017650961875916,-0.30525609850883484,1.0337284803390516,10.33915901184082
1785985370.3231263,-0.29563796520233154,-0.03193410113453857,0.6709625124931335,-0.44312018156051636,0.9377942085266125,9.967007637023926
1785985370.3461263,-0.30040767788887024,-0.0450967550277709,0.7674009799957275,-2.882894277572632,1.4144268035888685,10.0282621383667
1785985370.3641262,-0.3282540440559387,-0.042113870382308856,0.8450801372528076,0.9306870102882385,-0.36049622297286854,10.771855354309082
1785985370.3811262,-0.3467492163181305,-0.057192645967006565,0.9620192050933838,0.522121250629425,1.4568847417831432,9.738322257995605
1785985370.404126,-0.39557531476020813,-0.08715208619832979,1.1046515703201294,0.15236753225326538,0.47212052345276007,10.582221984863281
1785985370.422126,-0.5037024021148682,-0.11156837642192827,1.1792588233947754,-1.5788440704345703,0.6629632711410536,10.47005844116211
1785985370.445126,-0.6658266186714172,-0.14324901998043044,1.3221989870071411,-0.9338369369506836,0.8052805066108717,10.574447631835938
1785985370.463126,-0.7540985941886902,-0.1596465110778807,1.3904949426651,-0.03660998120903969,1.1463800668716442,9.904107093811035
1785985370.486126,-0.800285816192627,-0.1823692321777342,1.4505631923675537,-0.03660998120903969,1.1463800668716442,9.904107093811035
1785985370.5041263,-0.7906532287597656,-0.2557057142257689,1.526987075805664,-0.03660998120903969,1.1463800668716442,9.904107093811035
1785985370.5271263,-0.6859182119369507,-0.29405486583709695,1.61912202835083,-0.03660998120903969,1.1463800668716442,9.904107093811035
1785985370.5451262,-0.535580039024353,-0.33928677439689614,1.6988999843597412,-1.8012043237686157,1.3339123725891124,9.397461891174316
1785985370.5621262,-0.4817046523094177,-0.3686788678169248,1.755483627319336,-1.5035479068756104,0.7293843626976024,9.461191177368164
1785985370.585127,-0.48648396134376526,-0.36821717023849465,1.8763985633850098,-1.2902295589447021,0.9709040522575391,9.565892219543457
1785985370.6031272,-0.4861615300178528,-0.28832116723060586,1.9430536031723022,-0.8767670392990112,0.7624003887176526,9.668418884277344
1785985370.6261272,-0.5924232006072998,-0.2135287374258039,1.9877985715866089,-0.8767670392990112,0.7624003887176526,9.668418884277344
1785985370.6441271,-0.7933039665222168,-0.12228727340698217,2.027852773666382,-0.8767670392990112,0.7624003887176526,9.668418884277344
1785985370.6611273,-0.9326110482215881,-0.08539779484271978,2.0949313640594482,1.6252893209457397,1.18432378768921,9.851284980773926
1785985370.6841264,-0.9833190441131592,-0.07654386758804295,2.156371593475342,0.6572281718254089,0.49757301807403687,10.064358711242676
1785985370.7011266,-0.9565317034721375,-0.10691878199577305,2.1682419776916504,-0.5704225897789001,1.208318352699281,9.921929359436035
1785985370.7251265,-0.873646080493927,-0.1564433276653287,2.2460291385650635,2.0778889656066895,0.8162898421287549,9.728178024291992
1785985370.7421265,-0.7047079205513,-0.2110783010721204,2.2778518199920654,2.9933300018310547,0.8256259560585034,10.097079277038574
1785985370.7651265,-0.5847697854042053,-0.25619545578956576,2.2867393493652344,-0.08550435304641724,1.4217867851257335,9.890132904052734
1785985370.7831259,-0.466253399848938,-0.3046875596046445,2.212143898010254,0.46252527832984924,0.9999794363975537,10.123067855834961
1785985370.812126,-0.30395740270614624,-0.3109751045703885,2.1049392223358154,0.46252527832984924,0.9999794363975537,10.123067855834961
1785985370.824126,-0.18893177807331085,-0.2574608922004697,2.0578770637512207,-3.1100730895996094,1.4776991605758678,9.861161231994629
1785985370.847126,-0.17082074284553528,-0.15652762353420233,1.9785692691802979,-1.4639478921890259,1.766228199005128,9.8076810836792
1785985370.865126,-0.159617081284523,-0.1321638375520704,1.8956202268600464,0.7713901996612549,0.18217486143112313,10.651686668395996
1785985370.8881254,-0.13241097331047058,-0.035774815827607886,1.796983003616333,-0.7559255361557007,0.665967106819154,10.384683609008789
1785985370.9051254,-0.12950585782527924,0.025699807330966207,1.7191745042800903,0.007112409919500351,0.3952987492084516,10.518882751464844
1785985370.9231255,-0.12433291971683502,0.09336072206497212,1.6309629678726196,-0.3809328079223633,1.091966271400453,10.226897239685059
1785985370.9461255,-0.14365100860595703,0.17286746203899403,1.5360486507415771,0.15562917292118073,0.3358297049999249,10.139684677124023
1785985370.9641254,-0.1984540820121765,0.22732990980148332,1.4619711637496948,0.11299338936805725,-0.05322042107581962,10.629851341247559
1785985370.9871254,-0.2961956858634949,0.29222163558006303,1.392822265625,-1.7147561311721802,0.876892685890199,9.915193557739258
1785985371.005125,-0.3553829789161682,0.29461020231246965,1.295289397239685,-1.6885924339294434,1.8273017406463634,9.271860122680664
1785985371.027125,-0.4059179723262787,0.24359604716300978,1.2051652669906616,-1.2976958751678467,0.8814326524734509,9.550132751464844
1785985371.045125,-0.4389078915119171,0.1775300800800325,1.1342447996139526,-0.37821874022483826,0.8237673044204724,10.152358055114746
1785985371.062125,-0.4409201443195343,0.12493330240249648,1.0793483257293701,0.5323020815849304,0.41516667604446533,10.021702766418457
1785985371.086125,-0.5283779501914978,0.09264903515577329,1.0287764072418213,-0.45092272758483887,0.7667108178138745,10.008563995361328
1785985371.103124,-0.6436324119567871,0.05225449800491345,0.9498634934425354,-1.2315579652786255,1.0798296928405773,9.865535736083984
1785985371.126124,-0.6948587894439697,0.03898401185870182,0.8920117616653442,-1.3232795000076294,0.7929053306579602,9.602850914001465
1785985371.1441238,-0.7218419313430786,-0.021585969254374403,0.8335038423538208,-1.3827582597732544,0.8455756306648267,9.90691089630127
1785985371.1671238,-0.7545813918113708,-0.016363523900508787,0.7642584443092346,-1.3020148277282715,0.8060050010681165,10.26295280456543
1785985371.185123,-0.7347341179847717,-0.004304515663534314,0.720206081867218,0.11591877043247223,0.4575141072273267,10.326952934265137
1785985371.2071228,-0.7004475593566895,0.03951133415102967,0.6643558740615845,2.088906764984131,-0.12918922305106983,10.986754417419434
1785985371.225123,-0.6820098757743835,0.08246643096208581,0.6261247992515564,-0.709002673625946,0.9030854701995862,10.02096176147461
1785985371.242123,-0.6380583047866821,0.09424578398466117,0.5840129852294922,0.8104848265647888,0.7819833159446729,10.243691444396973
1785985371.2661228,-0.5725244879722595,0.07118684053421027,0.5521109104156494,-0.1564914882183075,0.7996407747268689,10.261454582214355
1785985371.2831228,-0.5300136804580688,0.11549701541662223,0.5171549916267395,-0.16731896996498108,1.0103669166564955,10.199616432189941
1785985371.307123,-0.45520928502082825,0.11246227473020559,0.49429386854171753,1.8224512338638306,0.4904559552669538,10.340592384338379
1785985371.324123,-0.35275253653526306,0.11047129333019262,0.463238388299942,0.3351793885231018,0.8658050298690808,10.051630973815918
1785985371.347123,-0.2445921152830124,0.10107014328241354,0.43984735012054443,1.371109962463379,0.6265159845352185,10.277632713317871
1785985371.3651228,-0.2003890573978424,0.0773934349417687,0.45464566349983215,0.41025400161743164,0.8538493514060986,10.402992248535156
1785985371.382123,-0.16674919426441193,0.03722348064184195,0.5164878964424133,-0.14253364503383636,0.7436504960060132,10.271721839904785
1785985371.4061222,-0.14909791946411133,-0.009387242607772276,0.603962242603302,1.3423330783843994,0.11117974668741365,11.293546676635742
1785985371.424122,-0.18625624477863312,-0.019638480618595994,0.6745206713676453,-2.1711273193359375,1.5021114349365245,9.856148719787598
1785985371.447122,-0.2103230208158493,-0.07727546244859686,0.8171495199203491,-1.1177383661270142,0.913204073905946,10.183097839355469
1785985371.464122,-0.2115597277879715,-0.09210543334484089,0.9256402850151062,0.12522737681865692,0.17107349634170663,10.692991256713867
1785985371.5051224,-0.3775698244571686,-0.0964204519987105,1.1095514297485352,2.333500385284424,0.3830961287021649,10.04715633392334
1785985371.5221224,-0.4465787410736084,-0.10892136394977554,1.233432650566101,2.5088307857513428,0.34231793880462774,10.53615951538086
1785985371.5451224,-0.4949670135974884,-0.13068370521068556,1.3346185684204102,-0.8075675964355469,1.3422926664352428,9.657408714294434
1785985371.5631223,-0.5519535541534424,-0.18743190169334395,1.4199392795562744,-0.7480825185775757,1.1416778564453136,9.663283348083496
1785985371.5861237,-0.5723482966423035,-0.2663696408271788,1.538203477859497,-3.3113231658935547,1.6034146547317518,10.125213623046875
1785985371.6041236,-0.5730794072151184,-0.32725995779037453,1.617674708366394,-2.9644854068756104,1.9379634857177745,9.582246780395508
1785985371.6271236,-0.5825411677360535,-0.36542209982871987,1.6823097467422485,-0.048905327916145325,0.5713215470314038,10.03782844543457
1785985371.6441236,-0.5640014410018921,-0.39289736747741677,1.7472506761550903,0.4231608510017395,0.7796835303306592,9.707817077636719
1785985371.6681237,-0.49930986762046814,-0.39337682723999,1.836013913154602,-0.7510364651679993,0.6134518980979932,9.893335342407227
1785985371.6851249,-0.46414485573768616,-0.3972511589527128,1.905018925666809,-1.5605013370513916,1.0168482065200817,9.752484321594238
1785985371.703125,-0.46375152468681335,-0.37976083159446694,1.9445880651474,-2.4082868099212646,1.2577966451644909,9.440049171447754
1785985371.726125,-0.46390941739082336,-0.33553785085678073,2.0473990440368652,0.9004735946655273,0.8350197672843945,10.236628532409668
1785985371.744125,-0.47231578826904297,-0.26433736085891696,2.1008408069610596,0.9004735946655273,0.8350197672843945,10.236628532409668
1785985371.766125,-0.5108197927474976,-0.2011709958314893,2.1356828212738037,-1.307242751121521,0.9422515630722057,9.504924774169922
1785985371.7841249,-0.5344243049621582,-0.17163094878196689,2.1741251945495605,-1.6497166156768799,1.058555006980897,9.518310546875
1785985371.8071246,-0.5235963463783264,-0.08218308538198443,2.263056516647339,-2.9262571334838867,1.3201102018356334,9.615728378295898
1785985371.8251247,-0.5213191509246826,-0.05976230278611155,2.295661449432373,-2.2271697521209717,1.1968222856521618,9.606149673461914
1785985371.8481247,-0.5153400897979736,-0.023476568982004835,2.3333239555358887,0.49969282746315,1.350130319595338,9.428351402282715
1785985371.8661246,-0.4922720789909363,-0.0017055534990501502,2.3528695106506348,-2.0502071380615234,1.1491918563842785,9.906793594360352
1785985371.8831239,-0.4316055476665497,0.05261520296335248,2.28194522857666,-1.8478569984436035,1.20152246952057,9.52598762512207
1785985371.901124,-0.4003061056137085,0.12370406091213253,2.198310613632202,-0.4814971685409546,0.48947742581367615,9.920758247375488
1785985371.924124,-0.3546501398086548,0.22094319760799433,2.1037819385528564,-0.2168988436460495,0.7142004966735852,9.973198890686035
1785985371.948124,-0.30575135350227356,0.29024419188499473,1.993404746055603,-4.489727973937988,2.1147234439849862,8.865523338317871
1785985371.965124,-0.32312989234924316,0.3170687258243563,1.9131814241409302,-0.22102783620357513,1.5469301939010631,9.209636688232422
1785985371.983124,-0.32655760645866394,0.3035378158092501,1.8192529678344727,0.6534879207611084,0.18393747508525973,10.214136123657227
1785985372.0051236,-0.3175932466983795,0.3147081732749941,1.718368411064148,-0.9075263738632202,0.6241967082023633,9.694300651550293
1785985372.0231237,-0.33864566683769226,0.3345100283622744,1.6397476196289062,-1.1387618780136108,0.9013436436653149,9.573492050170898
1785985372.0461237,-0.40891119837760925,0.32336816191673295,1.5464982986450195,-0.2876390814781189,0.4364173710346234,10.064385414123535
1785985372.0641236,-0.4346448481082916,0.30621537566185014,1.4739158153533936,0.004769224673509598,0.6337536573410048,10.776080131530762
1785985372.0811236,-0.45719030499458313,0.25540262460708635,1.3944483995437622,1.3407330513000488,0.18114651739597454,10.90584659576416
1785985372.104123,-0.5159597992897034,0.23391914367675798,1.309694766998291,-1.3719121217727661,0.9864611029624951,10.161238670349121
1785985372.128123,-0.554488480091095,0.23022837936878218,1.2348918914794922,-0.6457500457763672,0.617895841598512,10.09062385559082
1785985372.1451232,-0.5691484808921814,0.197183132171631,1.1673052310943604,-0.14868634939193726,0.3877761960029615,10.291253089904785
1785985372.1631231,-0.6074939966201782,0.18285721540451064,1.1114866733551025,-2.15191388130188,1.546533226966859,9.454146385192871
1785985372.1861224,-0.6246052980422974,0.18564486503601088,1.0336971282958984,-3.3659770488739014,1.5022917985916149,9.511868476867676
1785985372.2031224,-0.5966647863388062,0.1751629561185838,0.96323561668396,0.32156604528427124,0.2562026977539076,10.713042259216309
1785985372.2261224,-0.5772420763969421,0.1450050324201585,0.9121517539024353,0.05268671363592148,0.9195874333381665,10.042701721191406
1785985372.2441223,-0.5618792176246643,0.11414679884910595,0.854568600654602,0.03880539909005165,0.6163667440414441,10.374458312988281
1785985372.2611225,-0.5207191109657288,0.1051170751452447,0.8037171959877014,0.036442991346120834,0.3448882997035993,10.300763130187988
1785985372.285122,-0.48375698924064636,0.06226075068116197,0.737886369228363,-2.4126229286193848,1.569502115249635,8.864495277404785
1785985372.308122,-0.45260855555534363,0.027428401634097186,0.7035301327705383,0.49144071340560913,0.32968708872795227,10.125321388244629
1785985372.3261218,-0.41425424814224243,0.01696447841823109,0.6529125571250916,-1.7510215044021606,0.47211432456970337,10.131117820739746
1785985372.3491218,-0.35135751962661743,0.002108833519741967,0.6043903827667236,-1.5434012413024902,0.9388858675956738,10.021263122558594
1785985372.3661218,-0.34745272994041443,-0.018855607137083938,0.5653286576271057,-0.06685341894626617,0.7385798096656812,10.209146499633789
1785985372.384122,-0.33403003215789795,-0.0038488570135086133,0.5253238081932068,-0.19140055775642395,0.5010442137718213,10.25564193725586
1785985372.4251213,-0.2802087664604187,-0.041906885802745764,0.45372262597084045,-0.5238710045814514,0.8174598813056958,9.870368957519531
1785985372.4481213,-0.3037916421890259,-0.02717451751232142,0.4325738847255707,-0.45613789558410645,0.8782405257225049,10.1561861038208
1785985372.4661214,-0.2898905277252197,-0.025830060243606515,0.4235789477825165,-0.003440041095018387,0.3635178506374372,10.414361000061035
1785985372.4831214,-0.31243693828582764,-0.04152189940214151,0.4882532060146332,-3.135741710662842,1.0936543941497814,9.292584419250488
1785985372.5241218,-0.36500805616378784,-0.027796123176813035,0.7273122072219849,-2.9059693813323975,0.7939187288284314,10.328495025634766
1785985372.5471218,-0.3511742055416107,-0.02548997849225988,0.8111313581466675,-0.057756565511226654,0.46826323866844305,10.605949401855469
1785985372.564122,-0.3425203859806061,-0.009292006492614639,0.8802884221076965,-0.24107778072357178,0.7643676996231091,9.82781982421875
1785985372.5821218,-0.33597424626350403,0.009073730558157089,0.9957524538040161,1.6383390426635742,0.7855554223060621,10.574763298034668
1785985372.6051219,-0.3559477627277374,-0.025058912113308768,1.1337562799453735,0.21884530782699585,0.7643845081329358,9.951566696166992
1785985372.6281219,-0.433521568775177,-0.022850293666124195,1.2100551128387451,0.3754682242870331,0.904972314834596,10.009574890136719
1785985372.6461217,-0.5377089381217957,-0.039920378476381135,1.340030550956726,0.3754682242870331,0.904972314834596,10.009574890136719
1785985372.663122,-0.6266697645187378,-0.08601750433444959,1.4251086711883545,1.6710478067398071,0.39562076330185064,10.348433494567871
1785985372.6871219,-0.6975131630897522,-0.101264640688896,1.4867446422576904,1.1717138290405273,0.7111610174179089,10.293298721313477
1785985372.704123,-0.7720483541488647,-0.1597747951745985,1.555681586265564,0.5991833209991455,0.1863503158092511,9.965540885925293
1785985372.727123,-0.7737494111061096,-0.25021663308143594,1.6598920822143555,-1.8481420278549194,1.244376301765443,9.777538299560547
1785985372.7451231,-0.751777708530426,-0.3509418964385984,1.7390679121017456,-0.5381841659545898,0.919454872608186,10.086956024169922
1785985372.7681231,-0.7515609860420227,-0.3809155523777006,1.785933494567871,-0.5381841659545898,0.919454872608186,10.086956024169922
1785985372.7851243,-0.7799555659294128,-0.3907612860202787,1.8891040086746216,0.007695306092500687,1.1508785486221325,9.957759857177734
1785985372.8091245,-0.7703527808189392,-0.3843272328376768,1.9854785203933716,-3.282789945602417,1.5443500280380262,10.201411247253418
1785985372.8261244,-0.7201974987983704,-0.3578475713729856,2.014533042907715,-1.2990715503692627,1.4050276279449474,9.469858169555664
1785985372.8431244,-0.7327819466590881,-0.28540366888046237,2.0548558235168457,-1.8000445365905762,1.5824629068374645,9.786857604980469
1785985372.8611245,-0.6297203302383423,-0.23664025962352728,2.1244759559631348,-0.5285482406616211,0.8960359096527112,10.203304290771484
1785985372.8851244,-0.5391140580177307,-0.23255425691604587,2.1731481552124023,2.435516119003296,-0.01693984493613119,10.154101371765137
1785985372.9021242,-0.5195887088775635,-0.20704352855682345,2.2142257690429688,1.5808875560760498,0.4297575652599346,9.23995590209961
1785985372.9251242,-0.4652097821235657,-0.14839988946914645,2.294454336166382,-1.3085802793502808,1.0242650508880629,10.251409530639648
1785985372.943124,-0.42148855328559875,-0.09515555948018999,2.3373308181762695,-2.0253560543060303,0.9128019809722913,9.612151145935059
1785985372.966124,-0.4294757544994354,-0.04315330088138552,2.329653024673462,-2.1297903060913086,0.9884294271469128,9.892555236816406
1785985372.9841242,-0.42092445492744446,0.0069270790554585805,2.2315096855163574,-1.6286320686340332,1.0440812110900892,10.089908599853516
1785985373.0071242,-0.34221336245536804,0.028324536979198716,2.135138511657715,-1.4245625734329224,0.5484811663627637,9.936860084533691
1785985373.0241241,-0.3145979046821594,0.07299666851758982,2.046598196029663,-0.21954147517681122,1.4007921218872081,9.611888885498047
1785985373.0471241,-0.32929274439811707,0.12920714914798762,1.9425030946731567,-2.282778739929199,0.8807281255722058,10.019013404846191
1785985373.0651243,-0.34483960270881653,0.1543996185064318,1.8568336963653564,-0.44190171360969543,0.36158403754234436,9.947792053222656
1785985373.0821242,-0.3462250232696533,0.1492554396390917,1.7782078981399536,-1.1396889686584473,0.646546542644502,10.043962478637695
1785985373.1061232,-0.3678778409957886,0.16156041622161885,1.6778709888458252,-1.0117151737213135,0.9751657247543347,10.036786079406738
1785985373.1231232,-0.38307490944862366,0.13739223778247853,1.5950311422348022,-0.584750235080719,0.7257362008094801,10.509316444396973
1785985373.147123,-0.41056832671165466,0.11710666865110415,1.5098111629486084,-1.0133575201034546,0.7820684313774121,10.349112510681152
1785985373.164123,-0.4436549246311188,0.16756935417652147,1.41630220413208,-1.0133575201034546,0.7820684313774121,10.349112510681152
1785985373.1821232,-0.4968198537826538,0.21217538416385667,1.3359909057617188,0.943997323513031,0.01787627115845819,11.319403648376465
1785985373.2051215,-0.5057185292243958,0.23694518208503737,1.2448710203170776,-1.2709920406341553,0.8551740646362317,9.819808006286621
1785985373.2281215,-0.5456181168556213,0.2632046341896059,1.1892644166946411,-0.9021342396736145,0.6738175153732312,9.915380477905273
1785985373.2451217,-0.5581940412521362,0.26245081424713146,1.1181718111038208,-0.3079228401184082,0.48656481504440435,10.464604377746582
1785985373.2631216,-0.5230399370193481,0.2603302896022798,1.0588512420654297,0.5303356051445007,0.4496705234050763,10.037817001342773
1785985373.2861226,-0.4855821132659912,0.25668448209762584,0.9906779527664185,-0.5270573496818542,0.6208252906799329,10.167884826660156
1785985373.3041227,-0.41080576181411743,0.29303887486457836,0.9356129765510559,-0.5270573496818542,0.6208252906799329,10.167884826660156
1785985373.3271227,-0.3341067135334015,0.291007161140442,0.8809543251991272,-0.9749029874801636,0.9933797121047986,9.864267349243164
1785985373.3441226,-0.2755194902420044,0.26523470878601085,0.8318399786949158,-1.372307538986206,1.1247589588165294,9.684184074401855
1785985373.3621225,-0.2739746570587158,0.26381611824035656,0.7908914685249329,-2.3405065536499023,1.2666141986846935,9.68505573272705
1785985373.3851225,-0.2993614673614502,0.2496274709701539,0.7493001222610474,1.3679414987564087,0.2227698266506208,10.695625305175781
1785985373.4081228,-0.3261038362979889,0.22606796026229867,0.7077661156654358,-1.9742202758789062,1.0392335653305065,9.455522537231445
1785985373.426123,-0.35316580533981323,0.22224709391593941,0.6774464845657349,0.3281719982624054,0.46875676512718323,10.118975639343262
1785985373.462123,-0.4211615324020386,0.18359231948852547,0.6229150295257568,-0.4066852033138275,0.7629485130310072,10.471314430236816
1785985373.4851243,-0.43004024028778076,0.15491801500320443,0.5809276700019836,-1.2154446840286255,0.9087786674499524,10.013547897338867
1785985373.5031245,-0.43642324209213257,0.13344758749008184,0.5384167432785034,-1.1465208530426025,1.032698392868043,9.835636138916016
1785985373.5261245,-0.4381970763206482,0.0898375883698464,0.5015859603881836,0.8711268901824951,0.3117939531803144,10.221183776855469
1785985373.5431244,-0.45652419328689575,0.049049720168113764,0.46736767888069153,-0.2795216143131256,0.6844954490661634,11.040595054626465
1785985373.5841243,-0.5003156661987305,-0.02577079273760311,0.630744993686676,-0.749538242816925,0.4261367321014417,10.551910400390625
1785985373.6251242,-0.5014975666999817,-0.08764228969812383,0.8318853378295898,-0.653675377368927,1.6049805879592909,10.086713790893555
1785985373.6421242,-0.5269214510917664,-0.12304650247097004,0.912661612033844,-0.653675377368927,1.6049805879592909,10.086713790893555
1785985373.6651242,-0.5464648008346558,-0.09908957779407489,1.0076267719268799,-0.653675377368927,1.6049805879592909,10.086713790893555
1785985373.683124,-0.6064826846122742,-0.12271128594875322,1.0855149030685425,-0.653675377368927,1.6049805879592909,10.086713790893555
1785985373.7061236,-0.6724913716316223,-0.136430189013481,1.229437232017517,-0.14576709270477295,1.5271042585372938,10.963292121887207
1785985373.7241237,-0.7271724343299866,-0.1831639111042021,1.3182083368301392,-0.8813626766204834,1.3268440961837782,10.621664047241211
1785985373.7471237,-0.7803693413734436,-0.25044831633567793,1.4004372358322144,-0.05294840782880783,1.2054544687271131,10.904797554016113
1785985373.7651236,-0.8138906955718994,-0.2901212871074675,1.4827139377593994,-1.6043874025344849,1.3894555568695082,10.944250106811523
1785985373.7821236,-0.7579765319824219,-0.2815387547016142,1.577038288116455,-2.822195291519165,1.8950219154357923,10.461688041687012
1785985373.8111231,-0.7076430916786194,-0.31361782550811745,1.6916977167129517,0.6619234085083008,1.3399217128753675,9.987330436706543
1785985373.8461232,-0.6027264595031738,-0.3745788037776945,1.8410143852233887,-0.7556774616241455,1.5059155225753795,9.91976547241211
1785985373.8631232,-0.5220591425895691,-0.40129294991493203,1.8973593711853027,-0.6364160776138306,1.37092161178589,10.71668815612793
1785985373.881123,-0.49214237928390503,-0.371128052473068,1.9330414533615112,-2.060540199279785,1.5658686161041273,10.123023986816406
1785985373.9041228,-0.44179314374923706,-0.3835147917270658,1.9772909879684448,-1.5999689102172852,1.1970835924148573,10.218610763549805
1785985373.945123,-0.45075637102127075,-0.401794224977493,2.131598949432373,-1.5999689102172852,1.1970835924148573,10.218610763549805
1785985373.9631228,-0.5073797106742859,-0.3762076199054715,2.174720048904419,-2.038224458694458,0.8393145203590405,10.30679702758789
1785985373.9861243,-0.5669549107551575,-0.2875905036926267,2.259859561920166,-2.909503221511841,1.2168226242065443,10.89468002319336
1785985374.0091243,-0.6102048754692078,-0.1758432835340497,2.3091964721679688,-1.1076581478118896,1.0130822658538832,10.556650161743164
1785985374.0271242,-0.6058903336524963,-0.10467153042554826,2.337089776992798,-1.2906004190444946,1.3018015623092665,10.489997863769531
1785985374.0441241,-0.5767745971679688,-0.05104900151491136,2.3520541191101074,-1.3639421463012695,0.9657890200614941,10.222488403320312
1785985374.061124,-0.5327466130256653,-0.028394000604748445,2.283877372741699,0.3255024552345276,0.8694696426391615,10.613428115844727
1785985374.0841236,-0.47113049030303955,-0.0012578375171867304,2.1950461864471436,-1.1447012424468994,1.0812283754348768,10.52266788482666
1785985374.1081235,-0.4282596707344055,0.06152743101120021,2.095228910446167,-1.3226776123046875,1.162643671035768,10.119098663330078
1785985374.1251237,-0.4230148494243622,0.08997822552919413,2.0038259029388428,0.4978345036506653,0.36607915163040294,10.749720573425293
1785985374.1431236,-0.40110328793525696,0.10424172878265404,1.9061498641967773,-0.794922411441803,0.5346860289573682,10.406421661376953
1785985374.1661236,-0.4131194055080414,0.10659899562597297,1.8047064542770386,0.027455125004053116,1.5589892864227308,10.184676170349121
1785985374.1841238,-0.42542392015457153,0.11208605021238348,1.7243365049362183,0.7339484095573425,1.173132658004762,10.662841796875
1785985374.2071226,-0.4111168086528778,0.14128370583057423,1.6211028099060059,0.8930045366287231,0.828089237213136,10.274085998535156
1785985374.2251227,-0.3969532251358032,0.17168307304382344,1.541884422302246,1.8612852096557617,-0.19752001762390003,10.915722846984863
1785985374.2471225,-0.44380971789360046,0.2238378822803499,1.4481029510498047,0.0659819170832634,0.7958806753158582,10.381914138793945
1785985374.2651227,-0.41800016164779663,0.22905409336090105,1.3791648149490356,0.16152451932430267,0.23658019304275646,10.846932411193848
1785985374.2821226,-0.35024505853652954,0.21377526223659532,1.3024775981903076,0.2148723304271698,0.7011407017707838,10.88716983795166
1785985374.3061223,-0.3386205732822418,0.23037190735340132,1.2017229795455933,-1.36820387840271,1.1276146173477186,10.823173522949219
1785985374.3231223,-0.3626273274421692,0.25332456827163713,1.159719467163086,-0.16365748643875122,1.0468295812606825,10.536470413208008
1785985374.3471224,-0.34963181614875793,0.18838590383529677,1.077345609664917,-0.1415673792362213,0.6081451177597059,10.533406257629395
1785985374.3641224,-0.3623543679714203,0.16694220900535595,0.995175838470459,-0.38037559390068054,0.7229909896850598,10.134647369384766
1785985374.3821223,-0.43783336877822876,0.16224686801433574,0.9434917569160461,-1.2565871477127075,0.7066792249679578,9.882871627807617
1785985374.4061224,-0.4581802487373352,0.11538343876600277,0.8824599981307983,1.0112248659133911,0.4209209680557263,9.981932640075684
1785985374.4231224,-0.5079553127288818,0.08398441970348368,0.8337742686271667,-1.3284518718719482,1.1160314083099379,10.336195945739746
1785985374.4461224,-0.5651055574417114,0.0938834547996522,0.7835565805435181,-3.1555449962615967,1.9826254844665538,9.265231132507324
1785985374.4641223,-0.5621899962425232,0.08147283643484124,0.7359752058982849,-0.47659769654273987,0.449822545051576,10.475774765014648
1785985374.4871218,-0.5493830442428589,0.05271894857287415,0.6868939399719238,0.42682749032974243,0.3502056598663343,10.370560646057129
1785985374.505122,-0.5345642566680908,0.04912099242210396,0.6422798037528992,-0.11028194427490234,0.277021169662477,11.171202659606934
1785985374.545122,-0.4311748147010803,0.039505284279584954,0.5563530921936035,0.09069838374853134,0.46583434939384594,10.9092435836792
1785985374.5631218,-0.42779311537742615,0.04851953312754637,0.5264803767204285,-0.10910139232873917,0.9133553504943861,11.249300003051758
1785985374.5861232,-0.38947880268096924,0.08193713426589971,0.4909372329711914,0.2959333658218384,0.7861632108688368,11.18539810180664
1785985374.604123,-0.3538018465042114,0.10845272243022924,0.4583079218864441,0.26490166783332825,0.4652822017669691,10.921991348266602
1785985374.627123,-0.34693604707717896,0.08602955937385565,0.4287802278995514,0.2318485975265503,0.8476008176803602,10.913450241088867
1785985374.6621232,-0.35060495138168335,0.05375792086124426,0.4674251675605774,-0.12454880028963089,0.7727811336517346,10.154546737670898
1785985374.6851232,-0.38248106837272644,0.05244810879230506,0.5897864699363708,-1.9874199628829956,1.088914513587953,10.535855293273926
1785985374.7091234,-0.39007148146629333,0.044574622064828956,0.6981826424598694,-0.21406766772270203,1.393946409225465,9.930953025817871
1785985374.7261233,-0.3782147467136383,-0.007883407175540829,0.7745437026023865,-1.3855122327804565,0.873899877071382,11.059577941894531
1785985374.7441235,-0.41710367798805237,-0.016710253432392966,0.8685562014579773,-0.25925305485725403,1.0056804418563856,10.989866256713867
1785985374.7851233,-0.5136380791664124,-0.023528115823864805,1.0883618593215942,-0.25925305485725403,1.0056804418563856,10.989866256713867
1785985374.8021238,-0.5537081360816956,-0.005441206041723348,1.1544405221939087,-0.18333353102207184,0.1188293844461454,10.567005157470703
1785985374.8251238,-0.5988857746124268,0.007721837144345202,1.2820608615875244,-1.061658263206482,0.9736875891685499,10.776995658874512
1785985374.8481238,-0.5377922058105469,-0.06411938369274123,1.3704266548156738,-1.061658263206482,0.9736875891685499,10.776995658874512
1785985374.865124,-0.4889914095401764,-0.13771662116050704,1.4313381910324097,0.23886963725090027,0.6719596385955824,10.542825698852539
1785985374.8831255,-0.5386850237846375,-0.194462865591049,1.4931052923202515,0.8630378842353821,1.1649007797241224,10.539011001586914
1785985374.9061255,-0.5558528900146484,-0.24433083832263927,1.6173090934753418,0.31537944078445435,0.564400672912599,10.513781547546387
1785985374.9241254,-0.5560708045959473,-0.31801301240921,1.6923373937606812,0.9101921319961548,0.997097194194795,11.056929588317871
1785985374.9651253,-0.6926297545433044,-0.42989200353622414,1.8607829809188843,0.562530517578125,1.2043887376785292,10.31383991241455
1785985374.9881248,-0.6878775954246521,-0.38676866888999917,1.9353872537612915,1.9773935079574585,0.6865446567535414,10.874645233154297
1785985375.006125,-0.6837003231048584,-0.3398395478725431,1.987640380859375,2.0005829334259033,0.7369013428688063,10.695474624633789
1785985375.023125,-0.730435848236084,-0.29203525185584994,2.0479557514190674,1.4329601526260376,0.9993481040000929,10.539894104003906
1785985375.046125,-0.7037292122840881,-0.2684438526630399,2.1247406005859375,1.4502582550048828,0.6214230060577405,10.283364295959473
1785985375.063125,-0.63438880443573,-0.27529123425483676,2.181734561920166,-0.3863079249858856,1.1789972782135023,10.549756050109863
1785985375.081125,-0.6580700874328613,-0.2303672879934308,2.223759651184082,-1.110917091369629,1.0753732919693006,10.104425430297852
1785985375.1041243,-0.647359311580658,-0.23572987318038913,2.2689168453216553,0.5777533650398254,1.0589359998703016,10.816946983337402
1785985375.1221244,-0.5924357771873474,-0.20859792828559848,2.330785036087036,-1.379885196685791,1.271790981292726,10.49973201751709
1785985375.1451244,-0.541364848613739,-0.12978889048099487,2.3827309608459473,-0.892815887928009,1.6527882814407362,10.469346046447754
1785985375.1631243,-0.4858163893222809,-0.04142728447914096,2.2935149669647217,-1.4401439428329468,1.0883940458297743,10.22188949584961
1785985375.1861262,-0.3415966033935547,-0.043277688324451176,2.202147960662842,0.712963879108429,0.001489467918874199,11.151969909667969
1785985375.2031262,-0.1999293863773346,-0.019611209630965926,2.115619659423828,0.006626620888710022,1.1048877239227308,10.278589248657227
1785985375.2271261,-0.1367870271205902,0.02844125591218496,2.022946357727051,-0.10703784227371216,0.9100114703178418,9.710348129272461
1785985375.2441263,-0.07705171406269073,0.05225383490324044,1.925663948059082,-0.7873175144195557,1.0595241785049452,10.231640815734863
1785985375.2611263,-0.03991662338376045,0.08022504299879096,1.8381427526474,-0.9094368815422058,0.7791458368301405,10.782041549682617
1785985375.2841263,-0.05914367735385895,0.07356896996498129,1.744666337966919,0.01135231927037239,0.5704908370971692,9.90424633026123
1785985375.3021262,-0.07580465078353882,0.08686585724353811,1.6534373760223389,-2.2126095294952393,1.1484645605087294,10.058929443359375
1785985375.3661263,-0.34464770555496216,0.17674189805984514,1.3821265697479248,0.8297534584999084,0.37639760971069475,11.236145973205566
1785985375.3841262,-0.4261605739593506,0.16695715487003343,1.297957420349121,-0.0732480138540268,0.10196056216955315,10.60806655883789
1785985375.407127,-0.4782092571258545,0.17931900918483748,1.2246648073196411,-0.978144645690918,0.5127535462379468,9.736330032348633
1785985375.4241269,-0.5355294942855835,0.18085885047912612,1.1604827642440796,0.7651059627532959,0.502970933914186,11.390628814697266
1785985375.448127,-0.5853545069694519,0.2050070315599443,1.0850448608398438,-1.4516571760177612,0.9675716757774365,9.712871551513672
1785985375.465127,-0.5916522145271301,0.16678902506828322,1.0321972370147705,0.22662290930747986,0.6963448524475111,10.992572784423828
1785985375.4831278,-0.6157079339027405,0.18912628293037426,0.9561821818351746,-1.3651385307312012,0.9808720946311963,9.581700325012207
1785985375.5061278,-0.6478255987167358,0.1962186247110368,0.8912987112998962,-0.7290650010108948,0.8686943054199231,10.173916816711426
1785985375.5241277,-0.6589577198028564,0.2103826701641084,0.8380095362663269,-1.403674602508545,0.46306097507476934,10.436396598815918
1785985375.5471277,-0.6693114638328552,0.196855515241623,0.7653714418411255,-1.3084460496902466,1.0365124940872206,10.124537467956543
1785985375.5641277,-0.6663795113563538,0.17787945270538338,0.7206054329872131,-0.4177137613296509,0.8821659088134779,10.74145793914795
1785985375.5821278,-0.626427412033081,0.16743738949298867,0.6658875346183777,0.5299070477485657,0.3889592587947858,10.53111457824707
1785985375.6051278,-0.5729208588600159,0.12406469881534583,0.6112134456634521,-1.4846923351287842,0.9287452697753918,9.91307544708252
1785985375.6231277,-0.5320602655410767,0.11333232372999198,0.5748082399368286,-1.3087557554244995,1.0671203136444103,9.860801696777344
1785985375.6461277,-0.4753473699092865,0.09118292480707176,0.5470461845397949,-2.1987311840057373,1.0885789394378673,9.557595252990723
1785985375.6811278,-0.40207862854003906,0.00839638616889721,0.46802040934562683,-0.05680357292294502,1.0761188268661512,10.749780654907227
1785985375.704128,-0.4271393418312073,-0.11053560674190516,0.41499435901641846,-2.3603310585021973,0.8689266443252577,10.774645805358887
1785985375.728128,-0.4395436942577362,-0.20538224279880518,0.3846231997013092,1.0977991819381714,0.1827463507652297,11.55605411529541
1785985375.745128,-0.3954293131828308,-0.24420019984245295,0.4075325429439545,-0.8701170682907104,0.9430375099182142,10.705452919006348
1785985375.762128,-0.4112973213195801,-0.22682791948318476,0.45037823915481573,-0.938583254814148,1.1966069936752333,10.703215599060059
1785985375.7861295,-0.4533083736896515,-0.23001870512962336,0.551802933216095,-0.9537478685379028,0.5937001109123243,10.488692283630371
1785985375.8031294,-0.4216051399707794,-0.18623711168766013,0.641792893409729,-0.2812003791332245,0.2803945839405073,10.9896879196167
1785985375.8261294,-0.3943106532096863,-0.11193196475505819,0.7860137224197388,1.546573281288147,0.6982767581939711,10.867847442626953
1785985375.8431296,-0.4173349440097809,-0.02786437235772599,0.8897666335105896,-0.524641215801239,0.73221790790558,11.004073143005371
1785985375.8611295,-0.3778850734233856,0.046680666506290554,0.9673911333084106,-0.3598048985004425,0.782921910285951,10.86757755279541
1785985375.8841293,-0.3511081337928772,0.13274057209491744,1.052944540977478,-2.0063390731811523,1.0515791177749647,10.293668746948242
1785985375.9081292,-0.3884732127189636,0.15898302197456374,1.179166316986084,-2.8715298175811768,0.5643153190612806,10.669400215148926
1785985375.9431293,-0.43797025084495544,-0.04075071588158591,1.3696047067642212,-0.7405744791030884,0.6290940046310438,10.925213813781738
1785985375.9661293,-0.5409833788871765,-0.11065324395894986,1.48527991771698,0.5930910110473633,1.0046844482421888,10.332780838012695
1785985375.9841292,-0.5786694884300232,-0.2141861766576765,1.5679248571395874,0.22818878293037415,0.7861471176147473,9.923615455627441
1785985376.007129,-0.6107348799705505,-0.33413726091384865,1.6395670175552368,1.2701696157455444,0.3884309530258191,9.990837097167969
1785985376.025129,-0.6475447416305542,-0.4503802955150602,1.697096824645996,1.736440658569336,0.4147157073020948,10.594780921936035
1785985376.042129,-0.6835374236106873,-0.4853149354457853,1.7774912118911743,0.38660719990730286,0.7948347330093396,10.279525756835938
1785985376.065129,-0.6555503606796265,-0.5305371284484861,1.8513506650924683,-2.2876081466674805,0.694903373718263,10.58165168762207
1785985376.0881286,-0.640596866607666,-0.5422111749649046,1.9219298362731934,-1.7627166509628296,0.949501991271974,10.856943130493164
1785985376.1061285,-0.6398285627365112,-0.5111433267593382,2.0245509147644043,-0.7891435623168945,1.1660237312316908,10.715557098388672
1785985376.1231284,-0.5880797505378723,-0.4510498046874997,2.0782113075256348,-0.7891435623168945,1.1660237312316908,10.715557098388672
1785985376.1471286,-0.5340898036956787,-0.3568839728832242,2.1182737350463867,1.1630393266677856,0.40092054009437683,10.045857429504395
1785985376.1641285,-0.5367328524589539,-0.24993570148944827,2.1646392345428467,-1.8943179845809937,0.6765770912170422,10.247764587402344
1785985376.1811285,-0.5119184851646423,-0.16583751142024966,2.2336184978485107,-0.9581068754196167,0.9118657112121594,10.331694602966309
1785985376.2051287,-0.4629601538181305,-0.12588414549827548,2.3048574924468994,-2.0061280727386475,1.0220474004745497,10.252982139587402
1785985376.2221289,-0.442058801651001,-0.044460941106080724,2.3326468467712402,-2.5779895782470703,1.2469967603683485,9.975563049316406
1785985376.2461288,-0.4259922504425049,0.007677734829485707,2.369877815246582,0.7552484273910522,1.0079703330993666,10.242230415344238
1785985376.2631288,-0.392980694770813,0.12835170328617124,2.2841367721557617,-2.691124200820923,1.0879374742507948,10.179182052612305
1785985376.2861288,-0.35134994983673096,0.1905260384082797,2.1962389945983887,0.2898782789707184,0.5589610338211073,10.697694778442383
1785985376.303129,-0.29728925228118896,0.19260349869728113,2.1024727821350098,-1.2473249435424805,0.8801481723785413,9.93010425567627
1785985376.3271291,-0.22324684262275696,0.221153259277344,1.9952282905578613,-2.0245883464813232,0.8918723464012159,10.468987464904785
1785985376.345129,-0.17944084107875824,0.19155627489089988,1.9066399335861206,0.07111554592847824,0.702159106731416,9.879663467407227
1785985376.362129,-0.17647990584373474,0.1886662840843203,1.8267186880111694,-1.0575050115585327,0.7275201678276074,9.907082557678223
1785985376.385129,-0.19342590868473053,0.18352460861206077,1.7198145389556885,0.17831014096736908,0.3754209876060499,10.832098007202148
1785985376.403129,-0.24768902361392975,0.1778944283723833,1.6244221925735474,-0.5995068550109863,0.32151198387146124,10.304558753967285
1785985376.426129,-0.33604896068573,0.20456764101982136,1.5246162414550781,0.3987662196159363,0.18073688447475564,10.650442123413086
1785985376.443129,-0.4004749059677124,0.19310662150383012,1.4519352912902832,0.3509034514427185,0.1532476395368589,10.740999221801758
1785985376.467129,-0.42083868384361267,0.20367826521396654,1.358076810836792,-0.3811325430870056,0.6345636844635023,10.446401596069336
1785985376.484129,-0.41904982924461365,0.19636610150337236,1.2726573944091797,-1.3436540365219116,0.8766077160835278,10.038567543029785
1785985376.5081291,-0.4377444386482239,0.16905415058136,1.1853044033050537,-0.1789158433675766,0.7443293929100049,10.29491901397705
1785985376.525129,-0.42942720651626587,0.13987171649932875,1.1202223300933838,-0.6058645844459534,0.9128658771514905,9.91916275024414
1785985376.543129,-0.41434818506240845,0.10610793530941022,1.036685585975647,-0.21317477524280548,0.7982249259948743,10.302369117736816
1785985376.566129,-0.43403977155685425,0.08640571683645261,0.9837045073509216,-0.4832276701927185,0.24244299530983093,10.003358840942383
1785985376.583129,-0.4297863245010376,0.0910150855779649,0.9227349162101746,-0.3648213744163513,0.6672035455703746,9.501896858215332
1785985376.6061292,-0.39140447974205017,0.05276265740394603,0.8693861365318298,-0.01320897787809372,0.3230195045471204,10.473289489746094
1785985376.6471293,-0.4364944100379944,0.028044311329722498,0.7646899223327637,-0.6919550895690918,0.9407275319099438,10.0023832321167
1785985376.6641293,-0.4221864342689514,0.013166747987270444,0.7231819033622742,0.22047767043113708,-0.012855421751736235,11.10705280303955
1785985376.7051284,-0.46168407797813416,-0.04303337261080734,0.6385016441345215,-0.8468232750892639,1.0402780771255506,10.076950073242188
1785985376.7231286,-0.4652417302131653,-0.06295060366392129,0.6090370416641235,0.7285053730010986,0.4725699126720442,10.933550834655762
1785985376.7461286,-0.4746320843696594,-0.03720708563923829,0.5829616189002991,-1.1016753911972046,0.34797164797783026,10.30003547668457
1785985376.7641284,-0.4911336600780487,-0.040013376623392036,0.5623000860214233,-1.0073485374450684,0.916660010814668,10.017965316772461
1785985376.7871299,-0.48531222343444824,-0.08532098680734627,0.5575147271156311,0.4761033356189728,0.6780104041099562,10.861944198608398
1785985376.8051298,-0.4791143834590912,-0.11956080794334405,0.5386888980865479,-2.3244545459747314,0.8204663991928113,9.75500202178955
1785985376.8271298,-0.4593629240989685,-0.14377756416797632,0.5180703997612,-2.857248544692993,1.8061621189117443,9.537294387817383
1785985376.8451297,-0.4890938997268677,-0.12278871238231652,0.5412039756774902,0.02131684124469757,0.7631648778915419,11.078485488891602
1785985376.8621297,-0.49422693252563477,-0.09227864444255822,0.6135074496269226,-0.22519263625144958,0.40916070342064037,10.719612121582031
1785985376.8861299,-0.4684953987598419,-0.10920583456754675,0.7381841540336609,2.058398723602295,-0.39846351742744307,11.518580436706543
1785985376.9031303,-0.4940202534198761,-0.06601557135581959,0.8517653942108154,-3.9290120601654053,1.2090486288070692,10.503504753112793
1785985376.9441304,-0.5626035332679749,0.10477618128061307,1.0062721967697144,-2.134620189666748,1.3208454847335829,10.547224044799805
1785985376.9671304,-0.6102835536003113,0.16265726089477553,1.1125140190124512,-0.9656797051429749,0.894442439079286,11.168890953063965
1785985376.9851303,-0.6291794776916504,0.13837398588657393,1.196141004562378,0.07809309661388397,0.6727614402771008,10.393054962158203
1785985377.00813,-0.6372419595718384,0.08247737586498276,1.2822638750076294,0.07809309661388397,0.6727614402771008,10.393054962158203
1785985377.02613,-0.6133111119270325,0.016925795003771952,1.3803480863571167,-1.2737408876419067,1.5191650390625013,10.182388305664062
1785985377.0431302,-0.5768515467643738,-0.07807087153196317,1.4786244630813599,-1.8737590312957764,0.8881341218948376,10.318840026855469
1785985377.06713,-0.5065329670906067,-0.14126503467559795,1.5474640130996704,-2.0771896839141846,1.1620926856994642,10.537257194519043
1785985377.10713,-0.47246092557907104,-0.23855251073837258,1.7268482446670532,-2.807481527328491,1.1577712297439589,10.128576278686523
1785985377.12513,-0.4562588930130005,-0.28262940049171426,1.7968660593032837,-3.8357765674591064,0.8276278376579298,10.719149589538574
1785985377.1421301,-0.49685290455818176,-0.3303338587284086,1.8606361150741577,-3.349759340286255,0.4818420112133039,10.599726676940918
1785985377.1651301,-0.5764177441596985,-0.3248956501483915,1.975288987159729,-0.5221986770629883,1.05577850341797,10.01184368133545
1785985377.18313,-0.5908141136169434,-0.31541299819946267,2.0314996242523193,-1.1443345546722412,0.3144856691360486,10.164880752563477
1785985377.20613,-0.5823904275894165,-0.3270380795001981,2.08227276802063,-3.9878132343292236,0.7812325358390821,10.503754615783691
1785985377.2241302,-0.5980536341667175,-0.2997570335865018,2.111520528793335,-1.8857054710388184,0.08585500717163214,10.37389850616455
1785985377.2471302,-0.5025408864021301,-0.28711482882499667,2.2056589126586914,-0.5874553918838501,0.6814974546432507,10.174381256103516
1785985377.26413,-0.43348339200019836,-0.24953910708427401,2.243739366531372,0.3781166076660156,1.0498358011245739,9.72945499420166
1785985377.28113,-0.41939979791641235,-0.20597448945045443,2.264662027359009,-0.1584061086177826,0.9974065423011792,10.21379280090332
1785985377.3051307,-0.3876892030239105,-0.13397063314914676,2.3631067276000977,-3.1450045108795166,1.7620321512222301,9.59603214263916
1785985377.3231308,-0.37252387404441833,-0.0338500700891015,2.3837599754333496,-1.9979714155197144,0.708037853240968,10.074681282043457
1785985377.345131,-0.3738570809364319,0.054286666214466386,2.3673672676086426,-0.7964133024215698,0.9380128979682933,9.325793266296387
1785985377.3631308,-0.4128277897834778,0.15805989503860501,2.2947564125061035,1.1452382802963257,0.3909371197223676,10.563023567199707
1785985377.3861306,-0.41484886407852173,0.19594016671180753,2.1935689449310303,0.05945609509944916,0.735401272773744,10.442438125610352
1785985377.4041305,-0.4177883565425873,0.24105711281299616,2.1088309288024902,-1.4473471641540527,0.9498126506805432,10.2985200881958
1785985377.4271305,-0.49912136793136597,0.27828392386436485,2.0158205032348633,-1.4473471641540527,0.9498126506805432,10.2985200881958
1785985377.4451306,-0.5044236183166504,0.2735849916934969,1.9172497987747192,0.6267809867858887,0.11813282221555838,10.465476036071777
1785985377.4621305,-0.5073670148849487,0.28685307502746604,1.8280764818191528,-0.9052731990814209,0.7161535024642957,9.66334342956543
1785985377.4851305,-0.532145619392395,0.2666909694671633,1.7344970703125,-1.082305669784546,0.9363249540328992,10.032687187194824
1785985377.503131,-0.518417477607727,0.2283404916524889,1.637009859085083,-1.4697777032852173,0.872771203517915,9.659441947937012
1785985377.5271308,-0.4934181869029999,0.15221361815929432,1.549420952796936,0.431572824716568,0.7677637338638318,10.35063648223877
1785985377.5441308,-0.5449501276016235,0.10564824193716067,1.4620907306671143,0.9949604272842407,0.4387144148349775,10.593571662902832
1785985377.5671308,-0.6246061325073242,0.07467613369226472,1.3789889812469482,-0.5676120519638062,0.7040458321571362,10.236663818359375
1785985377.5851305,-0.6707173585891724,0.03449818491935746,1.3055152893066406,-0.3581732511520386,0.7961712479591382,10.314981460571289
1785985377.6081305,-0.6923835873603821,0.029278097674250752,1.2250820398330688,-0.6669859886169434,0.8619985580444348,9.99857234954834
1785985377.6251307,-0.715592622756958,0.01152949966490283,1.159830927848816,-0.2632727026939392,0.905166804790498,10.342633247375488
1785985377.6431305,-0.699852705001831,-0.00777009641751634,1.0639936923980713,-0.33085817098617554,0.8473680615425122,9.785652160644531
1785985377.6661305,-0.6664083003997803,-0.0377744249999522,0.9846678972244263,0.3304072320461273,0.07079908996820569,9.694395065307617
1785985377.6831305,-0.5994580388069153,-0.05957619845867146,0.9295617341995239,1.1291117668151855,0.5364589691162123,10.616092681884766
1785985377.707131,-0.572181761264801,-0.0780082717537879,0.8455899357795715,-1.8393666744232178,1.1030743122100841,9.487825393676758
1785985377.7241309,-0.5290802121162415,-0.07723391056060781,0.7877677083015442,-1.3483847379684448,0.8318008780479443,9.830849647521973
1785985377.7821307,-0.4022887349128723,-0.10012206435203544,0.6593247056007385,0.38355907797813416,0.6103869676589978,10.277827262878418
1785985377.8061314,-0.339867502450943,-0.07394907623529427,0.6150644421577454,-0.3325217366218567,0.42690145969390997,10.310598373413086
1785985377.8231313,-0.30123254656791687,-0.0809506177902221,0.5887426733970642,-0.26328831911087036,1.2580790519714369,10.344677925109863
1785985377.8471313,-0.2903726398944855,-0.08237385749816888,0.5502390265464783,-0.09451109170913696,0.8419445753097546,9.937017440795898
1785985377.8641312,-0.2634011507034302,-0.08879535645246499,0.5157573819160461,-0.0673573762178421,1.175036191940309,10.223775863647461
1785985377.887131,-0.21864880621433258,-0.07208193838596338,0.4853878617286682,-1.4280494451522827,1.0967146158218397,10.29202938079834
1785985377.9041312,-0.19744658470153809,-0.018858039751648847,0.4431224465370178,-1.128627896308899,1.2194582223892225,10.635860443115234
1785985377.922131,-0.1779305785894394,0.025821927934885077,0.42661169171333313,-0.41351500153541565,0.8848474621772779,10.728093147277832
1785985377.945131,-0.15643364191055298,0.07828147709369666,0.5204676389694214,0.04467693716287613,0.6349436640739454,10.681443214416504
1785985377.9631312,-0.15669988095760345,0.08976066112518317,0.60151606798172,0.02786901593208313,0.5674417018890393,10.390905380249023
1785985377.986131,-0.158988818526268,0.1037819981575013,0.6626917123794556,0.02786901593208313,0.5674417018890393,10.390905380249023
1785985378.0091326,-0.15088632702827454,0.07097800821065912,0.7454500794410706,0.40838953852653503,0.6706562638282789,10.717754364013672
1785985378.0271325,-0.17893636226654053,0.02755235135555278,0.8653994798660278,-1.0561256408691406,1.3453469276428236,10.162286758422852
1785985378.0451326,-0.28319603204727173,-0.012566140852868437,0.9759330749511719,-1.3684512376785278,1.6958651542663588,10.002166748046875
1785985378.0861325,-0.5165859460830688,-0.016889052465557906,1.1884311437606812,-1.2932024002075195,0.43416473269462713,10.450251579284668
1785985378.1081328,-0.6154772043228149,-0.039712756872176964,1.3027877807617188,-0.5453883409500122,0.6435179710388197,10.621261596679688
1785985378.126133,-0.6600354909896851,-0.08772675693035109,1.376847743988037,0.7359968423843384,0.8187319636344922,10.421106338500977
1785985378.143133,-0.7019832730293274,-0.16081093251705153,1.4566795825958252,0.5673013925552368,0.8765077590942395,9.973984718322754
1785985378.1671329,-0.723397433757782,-0.21356047689914684,1.5640422105789185,0.7474961876869202,1.0916209220886242,9.800799369812012
1785985378.1841328,-0.709117591381073,-0.25654467940330483,1.641868233680725,0.46168968081474304,1.0724285840988173,10.117642402648926
1785985378.2251332,-0.7338210344314575,-0.3351907432079313,1.8145778179168701,2.1299753189086914,1.092321515083314,9.84121036529541
1785985378.2481332,-0.7028327584266663,-0.41969203948974587,1.8957833051681519,0.10447856038808823,0.3945952951908124,10.077863693237305
1785985378.266133,-0.670243501663208,-0.457704961299896,1.9411484003067017,0.8445979356765747,0.8659346699714673,10.189702033996582
1785985378.283133,-0.638782262802124,-0.4894745051860807,1.9883443117141724,0.2504172921180725,1.0543835163116466,9.5597505569458
1785985378.3071334,-0.5979459881782532,-0.41275572776794406,2.100466251373291,-0.7290418148040771,0.8635634183883679,9.533783912658691
1785985378.3241334,-0.5207698345184326,-0.32951787114143344,2.150784969329834,-0.1684507429599762,0.5729703307151807,10.123055458068848
1785985378.3471334,-0.46479088068008423,-0.27214697003364535,2.1793835163116455,-3.9782018661499023,0.9276843667030348,10.48287582397461
1785985378.3641334,-0.46250662207603455,-0.18294528126716586,2.2495412826538086,-2.0309576988220215,1.075482487678529,9.607571601867676
1785985378.405133,-0.3979298174381256,-0.040310550481080724,2.314258337020874,-0.9496573805809021,0.8951925635337842,9.813485145568848
1785985378.4231331,-0.4202103614807129,0.06535428762435942,2.3414535522460938,0.2288733869791031,0.9481717944145216,10.449094772338867
1785985378.4461331,-0.40448957681655884,0.08504988253116635,2.260338068008423,1.571842908859253,0.9434728622436536,10.25955867767334
1785985378.463133,-0.34358522295951843,0.11725841462612178,2.180331230163574,-1.0551179647445679,1.1581116914749157,9.794365882873535
1785985378.4811332,-0.3535391390323639,0.16040347516536738,2.097177505493164,-1.7008565664291382,1.275062680244447,9.881036758422852
1785985378.5041327,-0.32057252526283264,0.22200232744216944,1.9956504106521606,-0.41772106289863586,1.0050451755523693,9.5477933883667
1785985378.5221329,-0.28946995735168457,0.23707519471645377,1.8997514247894287,0.7248005867004395,0.9904266595840466,10.078429222106934
1785985378.5451329,-0.3224004805088043,0.20960757136344932,1.8135584592819214,-0.9027849435806274,0.8586457967758191,9.939390182495117
1785985378.5861328,-0.3517269790172577,0.15839378535747548,1.6183425188064575,-1.3774832487106323,1.593697786331178,9.99959945678711
1785985378.6091342,-0.38852521777153015,0.16126757860183735,1.5205590724945068,-1.6255558729171753,0.8974099755287183,9.847046852111816
1785985378.6261342,-0.45013293623924255,0.15002596378326433,1.4478986263275146,-2.083401679992676,1.0864923000335704,9.663248062133789
1785985378.644134,-0.4638371467590332,0.16319394111633317,1.3553798198699951,0.7414860129356384,0.15291677415371066,10.29843807220459
1785985378.6621342,-0.47071564197540283,0.17638760805130022,1.281736135482788,-1.1413534879684448,1.2817238569259655,9.621030807495117
1785985378.702134,-0.49982625246047974,0.22852794826030745,1.1229991912841797,0.10923244059085846,0.4084996879100812,10.02275276184082
1785985378.7261338,-0.49928486347198486,0.22942283749580397,1.0408730506896973,-0.4075334668159485,0.9054534435272229,9.870240211486816
1785985378.7431338,-0.5417173504829407,0.20915599167346965,0.9767733216285706,-0.18238019943237305,0.547828793525697,10.32194709777832
1785985378.7661338,-0.5622637867927551,0.19662198424339306,0.9074410796165466,-1.1997640132904053,0.7667903900146497,10.131739616394043
1785985378.784134,-0.5446728467941284,0.15370455384254467,0.8528364896774292,-1.2108099460601807,0.8383316397666943,10.264105796813965
1785985378.813134,-0.5395454168319702,0.11027048528194437,0.7719679474830627,-0.004830092191696167,0.7454864382743848,9.531648635864258
1785985378.8251338,-0.5700917840003967,0.09216885268688212,0.7482641935348511,0.19181698560714722,0.7639011740684521,10.23905086517334
1785985378.8481338,-0.5122280120849609,0.0689781531691552,0.6865411400794983,1.6285343170166016,0.06065040454268584,10.475920677185059
1785985378.865134,-0.5007051229476929,0.0012466629268602343,0.658624529838562,-1.7766281366348267,1.473487973213197,9.751044273376465
1785985378.9231355,-0.38557612895965576,-0.09657461196184151,0.5544247031211853,-1.0717802047729492,1.0491802692413341,9.474226951599121
1785985378.9471354,-0.37428390979766846,-0.0868451073765754,0.5220293998718262,-1.0717802047729492,1.0491802692413341,9.474226951599121
1785985378.9641354,-0.3471100926399231,-0.07634387910366053,0.4940204620361328,-0.7657232284545898,1.059941649436952,10.068403244018555
1785985378.9821355,-0.30376091599464417,-0.10315176099538798,0.45826128125190735,1.6993812322616577,-0.3978066444396959,11.153347969055176
1785985379.0051343,-0.2848969101905823,-0.08393839746713633,0.43856140971183777,-0.09504042565822601,0.9277571439743054,9.93981647491455
1785985379.0221343,-0.2880586087703705,-0.061121333390474264,0.434934139251709,0.10459323972463608,0.8041668534278882,10.400564193725586
1785985379.0461345,-0.28388258814811707,-0.02964411675930017,0.5085824728012085,-0.612446665763855,0.729921340942384,9.886910438537598
1785985379.0691345,-0.28976932168006897,0.002838067477569057,0.5952714085578918,-0.13806825876235962,0.9569913148880017,10.058481216430664
1785985379.0871341,-0.31298407912254333,0.023802224546671,0.7170454859733582,-0.428437739610672,0.5849777460098279,10.343420028686523
1785985379.104134,-0.30680233240127563,0.03625201806426058,0.7972222566604614,-0.3591453433036804,0.7924002408981335,10.245034217834473
1785985379.1281343,-0.29969409108161926,0.016106767579913247,0.8727887272834778,-1.4064021110534668,1.1490035057067882,9.795430183410645
1785985379.1451342,-0.36651405692100525,0.06950285285711301,1.017282485961914,-2.953289031982422,0.4562063217163098,9.918797492980957
1785985379.1621342,-0.4582424759864807,0.0988269075751306,1.0875757932662964,-0.02366063743829727,0.023855879902840903,10.147923469543457
1785985379.1861339,-0.6325083374977112,0.1017258316278459,1.1693394184112549,0.24940529465675354,0.6316724419593823,10.036134719848633
1785985379.2031338,-0.7757096290588379,0.02495098114013687,1.2521904706954956,1.9423191547393799,0.5296241044998182,10.483859062194824
1785985379.2261338,-0.8594597578048706,-0.08804552257060988,1.3697967529296875,-0.32390666007995605,0.48095405101776256,10.894220352172852
1785985379.244134,-0.8911660313606262,-0.19349640607833846,1.4514471292495728,-0.9322705268859863,1.1425007581710829,10.125919342041016
1785985379.261134,-0.887457549571991,-0.3054027855396269,1.5287108421325684,-1.8527804613113403,1.4154553413391124,9.834141731262207
1785985379.2851338,-0.8822715282440186,-0.3776636421680448,1.632378339767456,1.6366328001022339,0.8027581572532665,9.498376846313477
1785985379.3081336,-0.8053362965583801,-0.4747864007949827,1.7326655387878418,-2.4009218215942383,2.101169347763063,10.300782203674316
1785985379.3251336,-0.7304677963256836,-0.5107026696205137,1.7999522686004639,0.18080556392669678,0.9729339480400098,10.342625617980957
1785985379.3431337,-0.6816315650939941,-0.5103285908699033,1.8578728437423706,0.326044499874115,0.9940438866615308,10.236504554748535
1785985379.3661337,-0.626315176486969,-0.5190572738647459,1.9683506488800049,-2.8167214393615723,2.020356416702272,10.285102844238281
1785985379.4061337,-0.49684110283851624,-0.5353148579597471,2.0795137882232666,-0.3133389949798584,0.8452129364013684,9.644457817077637
1785985379.4241335,-0.4632672071456909,-0.45691880583763095,2.1102914810180664,-0.8865447640419006,1.0690507888793956,9.348562240600586
1785985379.4471335,-0.3608343005180359,-0.41840589046478244,2.1925179958343506,-1.551277756690979,1.3433210849761974,9.572948455810547
1785985379.4651337,-0.28596019744873047,-0.345920920372009,2.239149808883667,-1.0542995929718018,0.8498708009719861,10.233782768249512
1785985379.4881337,-0.30164864659309387,-0.2417501211166379,2.283996105194092,0.556027889251709,0.9368589520454419,9.583720207214355
1785985379.5061336,-0.27774155139923096,-0.10921425372362108,2.346118450164795,1.1506843566894531,0.7285015583038342,10.165239334106445
1785985379.5231335,-0.23188628256320953,-0.037445440888404555,2.355863332748413,1.9545148611068726,0.3886154592037213,9.802568435668945
1785985379.5471337,-0.2261931300163269,0.023704534396529475,2.263875722885132,0.5531010031700134,1.0698578357696544,9.891332626342773
1785985379.5641336,-0.1897018551826477,0.09822434186935451,2.1777427196502686,-0.9451411366462708,0.8594766855239879,9.417875289916992
1785985379.5821335,-0.1253797709941864,0.1678068637847903,2.08103084564209,1.0955703258514404,0.2138376981019986,9.990005493164062
1785985379.6051335,-0.12029018253087997,0.22449073195457483,1.975380539894104,-3.1384646892547607,1.9581115245819103,9.072633743286133
1785985379.6231337,-0.15213948488235474,0.23661805689334892,1.8926559686660767,2.1896579265594482,-0.1611621826887118,10.37032413482666
1785985379.6451337,-0.14500291645526886,0.1975713670253756,1.8017741441726685,-0.8608428835868835,0.644485414028169,9.652775764465332
1785985379.6631336,-0.1611001193523407,0.16822834312915824,1.7151604890823364,-1.8617726564407349,1.3725318908691417,8.883540153503418
1785985379.6871355,-0.21571491658687592,0.18647153675556202,1.6360573768615723,-1.0981515645980835,1.1321277618408214,9.321834564208984
1785985379.7051353,-0.2392028272151947,0.17094448208808918,1.55838143825531,-0.2930498421192169,0.6036648750305188,10.308060646057129
1785985379.7221353,-0.26958367228507996,0.11674477905035037,1.4890720844268799,-0.42097508907318115,0.10098175704479338,9.889080047607422
1785985379.7451353,-0.30808308720588684,0.1287744194269182,1.4101266860961914,0.5809582471847534,0.3588831722736371,9.907331466674805
1785985379.7631354,-0.36037418246269226,0.12359909713268297,1.3423681259155273,0.3907257914543152,-0.024219017475842226,9.843128204345703
1785985379.7861354,-0.38199031352996826,0.13076469302177446,1.2724578380584717,-0.6178457140922546,0.4511211812496197,9.654282569885254
1785985379.8041341,-0.4343007802963257,0.13652272522449507,1.205881953239441,0.5941378474235535,0.17180447280407077,10.160378456115723
1785985379.8271341,-0.46680793166160583,0.15187890827655806,1.1322687864303589,-1.0726970434188843,0.9939917325973523,9.52393913269043
1785985379.844134,-0.4821431040763855,0.1828851699829103,1.0673623085021973,-0.858181893825531,0.9246731400489818,9.228878021240234
1785985379.8681343,-0.5623584389686584,0.17743058502674114,1.0040771961212158,0.745405912399292,0.43145123124122736,9.450892448425293
1785985379.8851342,-0.6610650420188904,0.18019743263721477,0.9491594433784485,0.07360686361789703,0.12102629244327669,10.139418601989746
1785985379.9081347,-0.7190083265304565,0.18226388096809398,0.874820351600647,-1.0741839408874512,0.6030555963516248,9.747154235839844
1785985379.9251347,-0.7415820956230164,0.18344497680664074,0.8098018169403076,-0.613494336605072,0.7821696400642407,9.878201484680176
1785985379.9431345,-0.7752286195755005,0.1700228601694108,0.7434338927268982,0.314005583524704,0.6328837871551526,10.326767921447754
1785985379.9661345,-0.718502938747406,0.15579441189765939,0.6844879984855652,0.2631022036075592,-0.08339375257491938,10.368874549865723
1785985379.9841344,-0.6639705300331116,0.11847595125436791,0.6284493207931519,-0.9317058324813843,1.2089787721633922,9.622398376464844
1785985380.0071344,-0.651270866394043,0.05369514971971519,0.5906752943992615,-0.8696750402450562,0.907972037792207,10.264799118041992
1785985380.0251343,-0.609046995639801,-0.01870725303888314,0.5687533020973206,-0.9679625034332275,0.5377566814422621,10.60562515258789
1785985380.0481343,-0.5256192684173584,-0.0233543869107961,0.5281538367271423,-0.3769451975822449,1.0588356256484999,10.231337547302246
1785985380.0661345,-0.5100528597831726,-0.05178250372409814,0.5029374957084656,0.17122840881347656,0.7927330136299146,9.790453910827637
1785985380.0831344,-0.5032886862754822,-0.046518743038177435,0.4685264527797699,-0.016696300357580185,0.7891100645065321,10.76647663116455
1785985380.1071343,-0.4516099691390991,-0.03326026350259775,0.43940815329551697,-0.9319180250167847,1.5459969043731703,10.201464653015137
1785985380.1231344,-0.3765092194080353,-0.034109752625226926,0.4103381931781769,-1.0949207544326782,0.6646984815597548,10.493112564086914
1785985380.1471343,-0.37099066376686096,-0.011716609820723471,0.5080225467681885,-1.0206987857818604,1.1086897850036634,10.319174766540527
1785985380.1641345,-0.3087952435016632,-0.00913860276341431,0.5985735654830933,-0.5744234323501587,1.0750751495361341,10.019288063049316
1785985380.1821344,-0.27176493406295776,-0.03592388331890098,0.6719232201576233,-1.2958935499191284,1.411069989204408,10.059713363647461
1785985380.2051332,-0.2820458710193634,-0.06753183156251898,0.8115426898002625,-0.98824542760849,0.6354353427886976,10.514280319213867
1785985380.223133,-0.2855643630027771,-0.06891937553882588,0.9123985767364502,1.7576831579208374,0.7219242453575146,10.35789966583252
1785985380.246133,-0.29917019605636597,-0.02876778319478023,0.9948010444641113,1.7576831579208374,0.7219242453575146,10.35789966583252
1785985380.263133,-0.3793713450431824,-0.03922503069043146,1.0991650819778442,0.6410925388336182,1.1520929336547863,9.904294967651367
1785985380.2871332,-0.46248334646224976,-0.04227330908179268,1.2267844676971436,1.7608555555343628,1.0739367008209242,10.286951065063477
1785985380.3041332,-0.5011543035507202,-0.08103026449680312,1.3120485544204712,-0.14335963129997253,1.3294837474823011,10.090574264526367
1785985380.322133,-0.5592259168624878,-0.13081112504005415,1.4001319408416748,-0.5234918594360352,0.9946915507316602,10.26955795288086
1785985380.345133,-0.6027179956436157,-0.17441835999488814,1.4687007665634155,-0.5234918594360352,0.9946915507316602,10.26955795288086
1785985380.368133,-0.5579829216003418,-0.27157852053642256,1.5736424922943115,-0.07291355729103088,0.8598078489303601,9.870299339294434
1785985380.385133,-0.5132194757461548,-0.3456064760684965,1.6491557359695435,0.26655858755111694,0.7519475221633922,9.497279167175293
1785985380.4091337,-0.4826546907424927,-0.39338308572769143,1.7189481258392334,-3.1436736583709717,2.0659155845642103,9.538175582885742
1785985380.4261336,-0.4849223494529724,-0.41428437829017617,1.8184971809387207,-1.5736619234085083,1.0577371120452892,9.959297180175781
1785985380.4441335,-0.4893832504749298,-0.3834804892539976,1.8770718574523926,-2.321873426437378,1.1270153522491466,9.850279808044434
1785985380.4671335,-0.5279569029808044,-0.34591314196586587,1.9334131479263306,0.8521415591239929,0.2739608585834516,10.330276489257812
1785985380.4841337,-0.5840587019920349,-0.28516429662704446,1.9769145250320435,0.6823350191116333,0.827340900897981,9.629804611206055
1785985380.5081341,-0.5656313300132751,-0.23456980288028692,2.0576415061950684,-0.6183562874794006,0.7381404638290417,9.657649040222168
1785985380.525134,-0.5479164123535156,-0.24634400010108923,2.1024253368377686,-0.259273499250412,0.7816367745399486,9.364830017089844
1785985380.5431342,-0.5681948065757751,-0.20576880872249578,2.136878252029419,0.4810202419757843,0.5857043266296398,9.496676445007324
1785985380.5661342,-0.557845950126648,-0.1819981485605237,2.216413736343384,-3.7560927867889404,1.7591933012008678,9.624638557434082
1785985380.584134,-0.5372254252433777,-0.15644942224025699,2.2614669799804688,-3.0918221473693848,1.4954078197479261,10.179139137268066
1785985380.6071346,-0.5400769114494324,-0.11356404423713656,2.301162004470825,-0.23748691380023956,0.8037431836128247,9.767738342285156
1785985380.6251347,-0.5650192499160767,-0.0823425427079198,2.3175885677337646,1.1582111120224,0.860173285007478,9.93233585357666
1785985380.6471345,-0.496660441160202,-0.032929256558417996,2.2514610290527344,-1.0708045959472656,1.1044443845748912,9.495012283325195
1785985380.6651347,-0.4316525459289551,0.023144235834479596,2.164980888366699,-1.422870397567749,1.0782766342163097,9.20515251159668
1785985380.6831357,-0.42211267352104187,0.0816966593265536,2.087557554244995,-4.190696716308594,1.1462050676345836,9.505879402160645
1785985380.7061357,-0.36488109827041626,0.1924899965524676,1.9904357194900513,-0.30377286672592163,0.5042811036109937,9.931644439697266
1785985380.7231357,-0.27925851941108704,0.23578143119812034,1.8982857465744019,-0.3002449870109558,1.002952814102174,9.770915031433105
1785985380.7471356,-0.29129132628440857,0.2562185525894167,1.800536870956421,-0.38946831226348877,0.9574766159057629,9.944659233093262
1785985380.7641356,-0.31560999155044556,0.26139020919799827,1.733517050743103,-0.2434016615152359,0.21016070246696597,10.237107276916504
1785985380.7881358,-0.28265321254730225,0.2446395456790926,1.6411371231079102,1.638478398323059,0.05650141835212836,10.467530250549316
1785985380.8051357,-0.31504392623901367,0.2545260190963747,1.5381938219070435,0.20152242481708527,0.3619295358657849,9.925835609436035
1785985380.8231356,-0.3995895981788635,0.2366749197244646,1.4817196130752563,-0.0024474412202835083,0.9317814111709607,10.3843412399292
1785985380.8461356,-0.43551719188690186,0.2116725295782091,1.3931139707565308,-1.2475425004959106,0.8521121740341199,9.86278247833252
1785985380.8631356,-0.4537089467048645,0.18732634186744707,1.3018603324890137,-2.133626937866211,1.1592187881469738,9.259859085083008
1785985380.8871372,-0.4898889660835266,0.15751333534717574,1.234891414642334,-0.46734198927879333,0.7730321884155286,9.72391414642334
1785985380.9041371,-0.5079963803291321,0.130945920944214,1.1702882051467896,-0.46734198927879333,0.7730321884155286,9.72391414642334
1785985380.9211373,-0.4822216331958771,0.10485158860683455,1.0969897508621216,-0.5323026776313782,0.928589701652528,9.480293273925781
1785985380.9441373,-0.5031066536903381,0.1097354590892793,1.02488112449646,-1.5678305625915527,1.065737009048463,9.451973915100098
1785985380.9621372,-0.5253526568412781,0.09120812267065061,0.9641426205635071,-0.9561219215393066,0.6518159508705151,10.04114818572998
1785985380.9851372,-0.49642789363861084,0.05606968700885784,0.906757652759552,-0.8351085186004639,0.8188862204551708,9.35402774810791
1785985381.0091379,-0.49378952383995056,0.06052086502313624,0.8409668803215027,0.9763498902320862,0.12210819125175607,10.691269874572754
1785985381.026138,-0.46980175375938416,0.04559424892067919,0.7853779792785645,-0.046090878546237946,0.6908233761787427,9.846358299255371
1785985381.043138,-0.4597691297531128,-0.010764677077531723,0.7477768659591675,0.09997278451919556,0.17936795949936038,10.309222221374512
1785985381.067138,-0.42118698358535767,-0.011818428523838433,0.7088258862495422,0.26360222697257996,0.4730414450168622,10.086312294006348
1785985381.084138,-0.41974446177482605,0.004662171006202778,0.6612030267715454,-2.3895230293273926,1.2786799669265758,9.476839065551758
1785985381.1081374,-0.38955995440483093,0.03256491944193848,0.6139572262763977,-0.0016151107847690582,0.7516779303550732,9.976943016052246
1785985381.1261375,-0.37731122970581055,0.0645477399230004,0.582055926322937,-0.1974875032901764,0.6691210865974438,10.131830215454102
1785985381.1431375,-0.3517325520515442,0.05253615975379951,0.5448654890060425,1.985172986984253,-0.03411836549639579,10.03082275390625
1785985381.1661375,-0.3262382447719574,0.01710874028503901,0.5100182294845581,-0.5979664325714111,0.5876544713974011,10.037458419799805
1785985381.1831374,-0.32862234115600586,0.019779538735747396,0.4796609878540039,-1.0018922090530396,0.6195688247680676,10.20715045928955
1785985381.207138,-0.3137723505496979,0.02257750369608408,0.4702370762825012,-2.2965164184570312,1.032395362854005,9.790718078613281
1785985381.224138,-0.314676970243454,0.03081073425710207,0.4818269610404968,-0.29335030913352966,0.5117864012718213,10.258808135986328
1785985381.248138,-0.3234991133213043,0.0720572397112847,0.5549542307853699,0.554019570350647,-0.47433823347091547,10.54193115234375
1785985381.265138,-0.33675119280815125,0.10059999674558648,0.6840684413909912,-0.40173009037971497,1.8798868656158458,9.472631454467773
1785985381.283138,-0.3481029272079468,0.12883238494396218,0.7575286626815796,-2.930715322494507,0.022831663489343058,10.78369140625
1785985381.3061383,-0.34261053800582886,0.1515004038810731,0.8389469385147095,-0.2619001865386963,0.5293660759925854,10.212292671203613
1785985381.3231382,-0.35014283657073975,0.11973591148853313,0.9267594814300537,0.26614925265312195,0.6239632964134229,9.659012794494629
1785985381.3471382,-0.37574881315231323,0.05978383868932737,1.0531176328659058,-1.199879765510559,1.6048241853714003,10.055367469787598
1785985381.3641381,-0.43417859077453613,0.01642991602420821,1.1550222635269165,-1.199879765510559,1.6048241853714003,10.055367469787598
1785985381.388138,-0.5417769551277161,-0.02900450117886051,1.2509350776672363,0.9400652050971985,0.6341401934623729,9.481491088867188
1785985381.404138,-0.65012526512146,-0.07425010949373229,1.386160135269165,0.19642901420593262,0.5946838259696973,9.728782653808594
1785985381.428138,-0.7163354754447937,-0.12384226918220502,1.4551770687103271,-0.5251976251602173,0.5536426901817334,9.827852249145508
1785985381.445138,-0.7565456032752991,-0.1874413937330244,1.5217503309249878,-0.4462529420852661,0.9654563665390027,9.684676170349121
1785985381.4631379,-0.7820789217948914,-0.2517288923263548,1.5738990306854248,-0.4531829357147217,0.7394117116928113,10.065568923950195
1785985381.4861379,-0.7633386254310608,-0.3169801533222196,1.6926465034484863,-0.7663552165031433,0.997899413108827,10.631240844726562
1785985381.504138,-0.7009007930755615,-0.3438000679016111,1.7622015476226807,1.1098231077194214,0.5014652609825146,10.24880313873291
1785985381.527138,-0.6800022125244141,-0.40517511963844277,1.820283055305481,-0.26604247093200684,0.6535521149635327,10.004133224487305
1785985381.544138,-0.6679114103317261,-0.3986257016658781,1.8794585466384888,-1.958640456199646,1.4665728807449352,9.230674743652344
1785985381.562138,-0.6026145815849304,-0.37742674350738503,1.9479210376739502,-1.8803681135177612,1.1616611480712904,10.256465911865234
1785985381.585138,-0.5693888068199158,-0.3589600622653959,2.0218935012817383,1.9104018211364746,-0.09162601083516951,10.073049545288086
1785985381.608138,-0.576739490032196,-0.3041762113571164,2.0660810470581055,-1.7832752466201782,1.201883912086488,9.575600624084473
1785985381.626138,-0.5743401646614075,-0.260519206523895,2.1549625396728516,-2.344273328781128,1.2986390590667736,9.894838333129883
1785985381.643138,-0.5790683031082153,-0.2283625900745389,2.218172788619995,-1.8740160465240479,1.0295916795730604,10.322898864746094
1785985381.685138,-0.5834699869155884,-0.11038419604301425,2.2726943492889404,-1.505989670753479,1.0944954156875624,10.419663429260254
1785985381.7071388,-0.53919917345047,-0.0991296023130414,2.323259115219116,0.8364448547363281,0.3908991515636457,10.274015426635742
1785985381.7251387,-0.4674554765224457,-0.10798618942499133,2.306631088256836,0.536967396736145,1.016938328742982,9.708978652954102
1785985381.7421389,-0.40653476119041443,-0.08901929855346652,2.224604368209839,-0.738741397857666,0.864144027233125,10.241800308227539
1785985381.7661388,-0.36147427558898926,-0.04114391654729817,2.136551856994629,-2.1595687866210938,1.9535207748413097,8.761646270751953
1785985381.8061388,-0.280259907245636,0.0974356979131701,1.9505871534347534,-0.906006395816803,0.6126495599746716,9.828693389892578
1785985381.8241386,-0.2883612811565399,0.12371778488159202,1.866147756576538,-1.3004870414733887,1.1581237316131603,9.921661376953125
1785985381.8471386,-0.28976863622665405,0.14616693556308769,1.7655538320541382,-2.9851627349853516,1.4407308101654064,9.745031356811523
1785985381.8651388,-0.3177367150783539,0.17124582827091236,1.6701512336730957,-3.0497379302978516,1.870828151702882,8.830081939697266
1785985381.8811388,-0.3560156226158142,0.17534705996513386,1.5924992561340332,-3.0497379302978516,1.870828151702882,8.830081939697266
1785985381.90514,-0.3832989037036896,0.19756610691547413,1.4951626062393188,0.4239412844181061,0.6932989954948439,10.452001571655273
1785985381.9221401,-0.4038151800632477,0.19838801026344316,1.4010642766952515,-0.032530609518289566,0.6037965416908276,9.859301567077637
1785985381.94614,-0.45780959725379944,0.19703890383243577,1.3180785179138184,0.08802719414234161,0.720898747444154,9.706061363220215
1785985381.96314,-0.49536997079849243,0.2038073539733888,1.2457185983657837,0.8584575653076172,0.07743696868419771,10.067636489868164
1785985381.986142,-0.4819289743900299,0.1711816638708116,1.1691827774047852,-1.5192210674285889,0.7284017801284802,10.244525909423828
1785985382.0041418,-0.5190837383270264,0.1476058661937715,1.103176236152649,-2.5005667209625244,1.0565867424011242,9.820860862731934
1785985382.0211418,-0.5593306422233582,0.15990842878818526,1.0480690002441406,-2.1655757427215576,0.9553203582763683,9.449246406555176
1785985382.0461419,-0.5652044415473938,0.12411927431821836,0.980398952960968,1.5081980228424072,0.14112997055053847,11.173981666564941
1785985382.0631418,-0.5672788023948669,0.12515701353549968,0.9579456448554993,0.7126667499542236,0.5944954752922071,10.449201583862305
1785985382.0861416,-0.5622163414955139,0.10270672291517269,0.9038284420967102,-0.9688369631767273,0.8955790400505078,10.226747512817383
1785985382.1031415,-0.5012516975402832,0.07037331163883219,0.8443392515182495,-0.8701147437095642,0.6809801459312451,9.985361099243164
1785985382.1211417,-0.5010409355163574,0.05490368977189074,0.7887022495269775,-0.37721338868141174,0.7658576965332043,9.878941535949707
1785985382.1441417,-0.47380006313323975,0.08344142884016045,0.7157585024833679,-0.37721338868141174,0.7658576965332043,9.878941535949707
1785985382.1671417,-0.4455406069755554,0.10326544940471657,0.6674278378486633,-3.0978200435638428,0.9512193799018872,10.213809967041016
1785985382.1851416,-0.3950594365596771,0.132490560412407,0.6254854798316956,-1.0166860818862915,0.36376574635505804,10.235210418701172
1785985382.2021432,-0.3873957693576813,0.1570264548063279,0.5828309655189514,-2.6990342140197754,0.8762192130088818,9.694188117980957
1785985382.2251432,-0.35887953639030457,0.14044770598411566,0.5486437082290649,-0.6941632628440857,0.9211216568946851,10.22143840789795
1785985382.243143,-0.3238312900066376,0.13001014292240148,0.5131379961967468,-1.6042484045028687,1.2497080564498912,9.682585716247559
1785985382.266143,-0.32813575863838196,0.07911358773708349,0.49260637164115906,0.2757013738155365,0.7393960356712355,10.563243865966797
1785985382.2841432,-0.33506321907043457,0.046398639678955134,0.46219709515571594,0.5597399473190308,-0.40390947461128096,11.175750732421875
1785985382.307144,-0.3321187198162079,0.015318172983825262,0.44833388924598694,-0.13894955813884735,0.6141219139099133,10.318122863769531
1785985382.324144,-0.3437419831752777,-0.05032629519700998,0.5199310779571533,-0.1134742945432663,0.32753044366836676,10.632512092590332
1785985382.3481438,-0.35077109932899475,-0.0582375265657901,0.6233932971954346,-0.5314654111862183,0.43107509613037237,10.318100929260254
1785985382.3651438,-0.35596683621406555,-0.05040105059742919,0.7061407566070557,-1.1111057996749878,1.0020042657852184,9.739235877990723
1785985382.406144,-0.4292018711566925,0.006346389651298638,0.9450745582580566,-1.2917759418487549,0.34062173962593206,10.413653373718262
1785985382.4231439,-0.4960395097732544,0.06598913669586194,1.0489548444747925,0.006446558982133865,0.8183898329734814,9.848139762878418
1785985382.4461439,-0.5775268077850342,0.12343022972345366,1.145636796951294,-0.2537437975406647,0.963319242000581,9.811354637145996
1785985382.4641438,-0.6598485708236694,0.14579802751541152,1.2027076482772827,-0.2537437975406647,0.963319242000581,9.811354637145996
1785985382.481144,-0.6675845384597778,0.12544909119606035,1.3036432266235352,-0.4455626606941223,0.9741895794868481,10.376739501953125
1785985382.5221443,-0.7488117218017578,-0.02118927426636201,1.4761433601379395,0.8470327258110046,1.0657608509063734,10.552560806274414
1785985382.5461445,-0.7533232569694519,-0.08883254230022411,1.5882741212844849,1.8791899681091309,0.9917290806770337,10.192862510681152
1785985382.5631444,-0.7510654926300049,-0.1453193873167036,1.663857102394104,-0.9583986401557922,1.216021299362184,10.063480377197266
1785985382.5871446,-0.7684282660484314,-0.22310964763164498,1.7215508222579956,1.8563820123672485,0.24393996596336484,9.835967063903809
1785985382.6041446,-0.7405100464820862,-0.30849164724349953,1.7718055248260498,0.4267420470714569,0.8726025223732007,10.29549503326416
1785985382.6271446,-0.648833155632019,-0.452710837125778,1.8763697147369385,1.611504077911377,0.5942623019218457,9.95637321472168
1785985382.6451447,-0.6004689335823059,-0.515478730201721,1.941443681716919,-0.26172569394111633,0.8265491127967848,10.698219299316406
1785985382.6861446,-0.6288695335388184,-0.43732437491416903,2.0828726291656494,-0.4897797107696533,0.8817800879478467,10.374224662780762
1785985382.7271457,-0.6207053661346436,-0.3114508390426633,2.1851160526275635,-1.3834375143051147,0.8214488625526442,10.72712516784668
1785985382.7441456,-0.6177024245262146,-0.25266849994659396,2.278563976287842,-3.2628800868988037,1.5364565849304213,10.196410179138184
1785985382.7671456,-0.5811999440193176,-0.2258485108613965,2.3172402381896973,-1.9985946416854858,1.0150284767150892,10.735519409179688
1785985382.785148,-0.5097613334655762,-0.18933314085006686,2.3403401374816895,-1.9991265535354614,0.8575173616409315,10.539094924926758
1785985382.808148,-0.44235315918922424,-0.14047662913799258,2.3459951877593994,-1.9149636030197144,1.017214417457582,10.391525268554688
1785985382.826148,-0.4165385663509369,-0.1176351606845853,2.3007497787475586,-0.1549912989139557,0.4413124024868024,10.564668655395508
1785985382.843148,-0.36401399970054626,-0.07712425291538212,2.206214427947998,-1.2579296827316284,1.247479081153871,10.021421432495117
1785985382.867148,-0.3315623700618744,-0.04818508401513074,2.122863531112671,0.14252400398254395,-0.3063824176788316,11.39151382446289
1785985382.884148,-0.31043776869773865,0.03130257502198244,2.0285372734069824,-0.5074334740638733,1.0090696811676039,10.382684707641602
1785985382.9081488,-0.2809445858001709,0.0957773178815844,1.903760313987732,-1.6882455348968506,1.3221336603164684,9.874836921691895
1785985382.9251487,-0.26048266887664795,0.15656091272830985,1.8233911991119385,0.34843701124191284,0.6902558207511915,10.544508934020996
1785985382.9421487,-0.29895681142807007,0.23389178514480613,1.7068073749542236,0.43743693828582764,0.4596407115459455,10.639331817626953
1785985382.9661489,-0.3276994228363037,0.24475255608558674,1.6315447092056274,-1.9603673219680786,1.22895908355713,9.313094139099121
1785985382.9831488,-0.36190372705459595,0.26078027486801164,1.550067663192749,-1.7370150089263916,0.9215345382690442,10.156306266784668
1785985383.0061495,-0.42204180359840393,0.2983876764774324,1.440290927886963,-1.4135795831680298,0.9762430191040051,9.707741737365723
1785985383.0251496,-0.4899906516075134,0.30589610338211076,1.3595683574676514,-0.716210126876831,0.953571438789369,11.171324729919434
1785985383.0481496,-0.535148024559021,0.31330534815788286,1.281345009803772,0.17230384051799774,0.37787035107612743,10.72394847869873
1785985383.0651495,-0.5837215781211853,0.2943450808525087,1.1949188709259033,-0.6361427903175354,0.8804467916488661,10.565994262695312
1785985383.0831494,-0.6296212673187256,0.2442383319139482,1.136730670928955,-0.8793118000030518,0.7301691770553601,10.084497451782227
1785985383.1061497,-0.6360432505607605,0.19847522675991072,1.0632740259170532,2.2886602878570557,-0.13630673289298878,10.902907371520996
1785985383.1241498,-0.5958127379417419,0.16338479518890392,1.0050685405731201,0.05274965241551399,0.5980044603347792,10.5649995803833
1785985383.1471498,-0.5552342534065247,0.10797499120235454,0.9409276247024536,0.4824066460132599,0.6220522522926344,10.611152648925781
1785985383.1641498,-0.5292997360229492,0.05720858648419391,0.8949548006057739,0.2752216160297394,0.9634492397308363,10.452006340026855
1785985383.1811497,-0.4717174768447876,0.01711750589311133,0.8356480002403259,-0.30387765169143677,0.8114548921585096,10.757402420043945
1785985383.2051508,-0.4712689220905304,-0.003233410418033504,0.783934473991394,0.1904803216457367,0.41357442736625805,11.014790534973145
1785985383.2221508,-0.47908684611320496,-0.009922947734594257,0.7189463973045349,-1.1051769256591797,0.875599026679994,10.50542163848877
1785985383.2461507,-0.43311813473701477,-0.04958112537860862,0.6646388173103333,-0.6053358316421509,1.3660256862640394,10.46285629272461
1785985383.2631507,-0.44518208503723145,-0.032036114484071655,0.6230226755142212,-0.6651700735092163,0.3645857274532331,10.399229049682617
1785985383.2811508,-0.45262980461120605,-0.045520879328250816,0.5785887837409973,0.6007511019706726,0.33530491590500006,10.58908748626709
1785985383.3041513,-0.4163970351219177,-0.09828854352235787,0.551831841468811,-1.5423732995986938,0.8497288227081311,10.13891887664795
1785985383.3221512,-0.4071073532104492,-0.09446890652179711,0.5123926997184753,-1.1572425365447998,0.8020530939102185,9.703890800476074
1785985383.3451512,-0.4217037260532379,-0.07522125542163843,0.47779086232185364,-0.1741378754377365,0.2134975045919432,10.992504119873047
1785985383.3631513,-0.43329349160194397,-0.019743785262107794,0.45803403854370117,-1.325548768043518,1.1925926208496107,10.09929370880127
1785985383.3861535,-0.4367349147796631,0.008985610678792052,0.42011258006095886,-0.7166922092437744,1.0370600223541273,10.169212341308594
1785985383.4031534,-0.43065303564071655,0.01445992011576896,0.4125065505504608,-0.48912930488586426,0.9972103834152234,9.927597999572754
1785985383.4441533,-0.39497870206832886,0.07598719000816352,0.5373891592025757,-0.46829378604888916,0.363499999046327,10.797506332397461
1785985383.4611533,-0.40473148226737976,0.0755372643470765,0.6504198908805847,0.8523853421211243,0.938639044761659,10.577446937561035
1785985383.4851534,-0.3809017837047577,0.02405217476189146,0.7623112201690674,-2.468334436416626,2.300153970718385,10.300947189331055
1785985383.502155,-0.3950886130332947,-0.02392766438424577,0.8554193377494812,-0.8001627922058105,0.3234164118766798,10.731573104858398
1785985383.525155,-0.4609523415565491,-0.03237292170524585,0.9918385744094849,0.304904043674469,0.5103383064270033,11.319998741149902
1785985383.5431552,-0.4728023409843445,-0.07022280991077409,1.0940115451812744,1.5164599418640137,0.27551105618477,10.789703369140625
1785985383.5661552,-0.4618407189846039,-0.11157890409231172,1.1765419244766235,-0.5612309575080872,0.7884011268615736,10.858040809631348
1785985383.5831552,-0.5117335319519043,-0.14758315682411177,1.2557246685028076,-1.0025482177734375,1.0065703392028822,10.522393226623535
1785985383.607155,-0.5479168891906738,-0.1558472812175749,1.3707994222640991,0.6982208490371704,0.7594030499458326,10.759564399719238
1785985383.6251552,-0.5624436736106873,-0.18447007238864882,1.4369617700576782,2.2265377044677734,0.731889069080354,10.310667991638184
1785985383.6481552,-0.6107233762741089,-0.2044314891099928,1.5167356729507446,1.4654136896133423,0.9230749607086195,10.451613426208496
1785985383.6651552,-0.6587064266204834,-0.23912538588047008,1.6329606771469116,-0.3504379391670227,0.8151635527610791,10.330652236938477
1785985383.706155,-0.6556978821754456,-0.33326628804206826,1.7748383283615112,-1.373555302619934,0.8531729578971875,9.885687828063965
1785985383.723155,-0.6958848834037781,-0.34318980574607827,1.8225183486938477,-1.7652533054351807,0.8889256119728101,10.224283218383789
1785985383.7471552,-0.666195809841156,-0.2937507033348081,1.917739748954773,-1.3124024868011475,1.1164534091949476,10.826805114746094
1785985383.7641551,-0.624416708946228,-0.2503658831119535,1.9623407125473022,-0.772210419178009,1.1580523252487196,10.143704414367676
1785985383.781155,-0.5834946632385254,-0.21164424717426275,1.9969104528427124,-1.1349481344223022,0.8398253917694104,10.221261978149414
1785985383.8051546,-0.5693647265434265,-0.18826895952224706,2.0887176990509033,1.1322636604309082,1.1587632894516005,10.317352294921875
1785985383.8221545,-0.5182225108146667,-0.18542988598346685,2.143603563308716,-0.5689548254013062,1.1176686286926283,10.352231979370117
1785985383.8461547,-0.5122576355934143,-0.2334357947111127,2.1894116401672363,1.6759889125823975,0.587882757186891,10.794513702392578
1785985383.8631546,-0.5866792798042297,-0.2816058099269864,2.2297418117523193,0.20590190589427948,0.6583160161972059,10.65056324005127
1785985383.9041545,-0.5576921701431274,-0.26343858242034884,2.336491107940674,0.2751045823097229,0.43215209245681885,10.197736740112305
1785985383.9221547,-0.5456275939941406,-0.20999327301979037,2.288112163543701,1.722931146621704,0.7765322327613843,10.185447692871094
1785985383.9441547,-0.5093555450439453,-0.09326008707284901,2.1938579082489014,-0.23030421137809753,0.4975130259990706,11.109644889831543
1785985383.9621546,-0.41326072812080383,-0.0905295535922048,2.0959415435791016,-1.0998996496200562,0.9626570940017714,10.50119686126709
1785985383.9851546,-0.3207653760910034,-0.0498367846012113,2.0136005878448486,1.2073564529418945,-0.5406117439270005,11.692554473876953
1785985384.0081558,-0.26663893461227417,0.012040128931403396,1.9239968061447144,-0.16022281348705292,0.9079424738883984,10.192548751831055
1785985384.026156,-0.20338547229766846,0.04472016915679001,1.841684341430664,0.14080317318439484,0.7011761665344252,10.68401050567627
1785985384.043156,-0.21761108934879303,0.07588327676057836,1.7413337230682373,-1.1094343662261963,0.8605366945266736,10.40323543548584
1785985384.0671558,-0.24109596014022827,0.1010006144642832,1.6548830270767212,-1.031661033630371,0.74633824825287,10.997029304504395
1785985384.0841558,-0.2612287998199463,0.08205500990152378,1.5728075504302979,-1.4697036743164062,0.8903467655181898,10.636682510375977
1785985384.108156,-0.29545992612838745,0.04883682355284709,1.4707468748092651,-1.1923248767852783,0.5289255380630506,11.073775291442871
1785985384.125156,-0.3172535002231598,0.13456809520721452,1.4040733575820923,-1.0429489612579346,0.18101498484611647,11.118570327758789
1785985384.1431558,-0.34794914722442627,0.1958876401185991,1.3260934352874756,-1.0267266035079956,0.9209704399108901,11.509968757629395
1785985384.165156,-0.29354390501976013,0.23659327626228346,1.243175745010376,-1.6622666120529175,1.0394252538681041,9.428433418273926
1785985384.1831565,-0.3189336657524109,0.2573451995849611,1.161964774131775,-1.9474151134490967,1.6494085788726818,9.248537063598633
1785985384.2061565,-0.3755381405353546,0.3252471089363099,1.0734082460403442,-1.9474151134490967,1.6494085788726818,9.248537063598633
1785985384.2241564,-0.3705487847328186,0.38358649611473095,1.0106946229934692,0.32249873876571655,0.4138900935649885,10.743341445922852
1785985384.2471564,-0.37140953540802,0.407521814107895,0.9520578980445862,-0.45579832792282104,0.6277887821197522,9.734094619750977
1785985384.2651565,-0.4319644868373871,0.3474774658679963,0.89939945936203,-0.39394330978393555,0.7241003513336195,10.67553424835205
1785985384.2821565,-0.4547021985054016,0.26550960540771495,0.8539119362831116,-0.42849278450012207,0.19604435563087594,10.737164497375488
1785985384.3051577,-0.5189500451087952,0.18250586092472088,0.7959326505661011,-0.42849278450012207,0.19604435563087594,10.737164497375488
1785985384.3231578,-0.5473580956459045,0.1424688249826432,0.7461106181144714,0.41794973611831665,0.38354051113128795,10.972728729248047
1785985384.3461578,-0.5487938523292542,0.09120328724384316,0.7106638550758362,-0.45839613676071167,0.892933011054994,10.8900146484375
1785985384.3641577,-0.5193718075752258,0.042133726179599845,0.6759839653968811,-1.4230201244354248,0.7972980737686169,10.246356964111328
1785985384.387158,-0.5177772045135498,-0.0221295412629842,0.6266056895256042,1.0767841339111328,0.16313457489013813,11.614100456237793
1785985384.405158,-0.5392696857452393,-0.05287573114037507,0.5849927663803101,1.8368077278137207,-0.06528810411691528,11.18793773651123
1785985384.4271579,-0.4494219422340393,-0.016910921782255107,0.5441104173660278,1.8368077278137207,-0.06528810411691528,11.18793773651123
1785985384.445158,-0.35897746682167053,0.015700006857514444,0.5097445249557495,-2.118074655532837,1.246382474899293,9.61635971069336
1785985384.462158,-0.3091135323047638,0.02551463246345526,0.47134315967559814,-0.22531263530254364,0.8717115521430981,10.002960205078125
1785985384.486158,-0.2581102252006531,0.04696721956133848,0.44051510095596313,0.17146117985248566,0.5291296839714064,11.141639709472656
1785985384.5091586,-0.22299839556217194,0.039729926735162784,0.4034205973148346,0.17146117985248566,0.5291296839714064,11.141639709472656
1785985384.5441587,-0.2999979257583618,0.044482000172138284,0.5836833119392395,-0.7353785037994385,0.5686229467391981,10.726036071777344
1785985384.5671587,-0.3138318955898285,0.07203675806522378,0.6752718687057495,-1.2352137565612793,0.7344724535942091,10.457948684692383
1785985384.585161,-0.37128958106040955,0.093616545200348,0.7989614605903625,-0.5149710774421692,1.1514185667037977,10.23119068145752
1785985384.602161,-0.462747722864151,0.11036366224288952,0.8783463835716248,-1.0653237104415894,0.24130457639694342,10.51334285736084
1785985384.626161,-0.48894569277763367,0.16296811401844036,0.9543426036834717,1.6191906929016113,0.9382510185241713,10.68726921081543
1785985384.643161,-0.49597129225730896,0.11586796492338193,1.0569761991500854,-1.2183741331100464,0.7489526867866529,10.956808090209961
1785985384.667161,-0.56524658203125,0.08689197897911086,1.1686984300613403,-1.7455300092697144,0.3179520368576063,10.687090873718262
1785985384.684161,-0.6000502705574036,-0.011914652772247639,1.2512781620025635,0.5764963030815125,0.021444339305163717,10.501626968383789
1785985384.7071626,-0.662542462348938,-0.1463694125413893,1.3372167348861694,-0.03184621036052704,0.8261502385139479,10.977298736572266
1785985384.7251625,-0.7161964178085327,-0.22940859198570235,1.4639625549316406,2.248147964477539,1.3987131118774427,10.752445220947266
1785985384.7481625,-0.7389096617698669,-0.3447569310665129,1.5565396547317505,-0.6846792101860046,0.7671673297882093,10.441339492797852
1785985384.7651625,-0.7498937249183655,-0.4092919826507566,1.6140034198760986,0.46790266036987305,1.1240104436874403,10.320807456970215
1785985384.7831626,-0.7832518219947815,-0.49928385019302346,1.6889182329177856,-0.3065257668495178,1.066430687904359,9.807494163513184
1785985384.824164,-0.7992280721664429,-0.5924474596977232,1.876505970954895,0.9558752775192261,1.2249808311462416,10.654396057128906
1785985384.847164,-0.7936227917671204,-0.6324164867401121,1.9296660423278809,-0.16509170830249786,0.8809086680412305,9.984933853149414
1785985384.8641639,-0.7624664306640625,-0.5784792900085447,1.9784246683120728,-0.20600943267345428,0.9371319413185133,10.773407936096191
1785985384.888164,-0.6874492168426514,-0.5060000419616697,2.0860726833343506,-3.1735637187957764,1.1734240055084242,10.483936309814453
1785985384.905164,-0.6322627067565918,-0.3808400034904477,2.137465000152588,-2.43802547454834,1.2431359291076673,10.56436538696289
1785985384.9291642,-0.5740184187889099,-0.2870788574218747,2.178206205368042,-0.05780308321118355,0.7226207256317151,10.114445686340332
1785985384.9461641,-0.5236903429031372,-0.1998984068632123,2.2668802738189697,-0.6149590611457825,0.7895101308822644,9.944355964660645
1785985384.963164,-0.4848111867904663,-0.12420850247144671,2.301180124282837,0.2076781839132309,0.7397187948226941,10.377288818359375
1785985384.9871643,-0.46202948689460754,-0.04972550272941561,2.322411060333252,0.07680007070302963,0.8127133846282972,10.44922924041748
1785985385.0041645,-0.425814688205719,0.008739395998418617,2.337961196899414,2.2590737342834473,1.0570683479309095,10.427924156188965
1785985385.0271645,-0.4259434938430786,0.044672865420580195,2.296105146408081,-0.05048331990838051,0.8832291364669813,10.462111473083496
1785985385.0451643,-0.38812389969825745,0.0926766991615298,2.1812610626220703,-0.4516151249408722,0.3499076664447798,10.808939933776855
1785985385.0681643,-0.33894336223602295,0.10727003961801554,2.064603328704834,-0.7079027891159058,1.6402738094329845,9.421756744384766
1785985385.0861647,-0.2548137605190277,0.10682266205549265,1.9979418516159058,2.2335991859436035,-0.36287179589271407,11.26990795135498
1785985385.1031647,-0.1972498744726181,0.1351396143436434,1.8852601051330566,-1.2274537086486816,0.9109251499176038,9.553847312927246
1785985385.1261647,-0.1550522893667221,0.11097898334264777,1.788909912109375,-0.9867231249809265,0.8355661630630505,10.116255760192871
1785985385.1441646,-0.13387618958950043,0.08208169043064138,1.691297173500061,-0.296622633934021,0.9952696561813367,10.146366119384766
1785985385.1671646,-0.18509647250175476,0.046046614646911815,1.6107202768325806,-0.11368539929389954,0.1516842693090451,10.06992244720459
1785985385.1851647,-0.23772946000099182,0.007143301889300534,1.5278265476226807,-0.7789686918258667,0.7524087429046643,10.046449661254883
1785985385.2081668,-0.3092431426048279,-0.058652099221944635,1.438057541847229,-0.18880565464496613,0.2526349127292646,10.44025993347168
1785985385.2251668,-0.381897896528244,-0.05770741030573828,1.378589391708374,-0.7140739560127258,0.6509648561477673,10.177220344543457
1785985385.243167,-0.47693291306495667,-0.04520683363080009,1.2976402044296265,-1.4204418659210205,0.5371556282043469,10.137981414794922
1785985385.266167,-0.5423800349235535,-0.03247321024537071,1.2306852340698242,-0.9241014122962952,0.7977085113525403,9.892369270324707
1785985385.2841668,-0.6291614770889282,0.04076759889721884,1.1515285968780518,-1.4597506523132324,1.1622860431671156,10.198418617248535
1785985385.3071682,-0.6427579522132874,0.0849494040012361,1.085013747215271,0.8335285186767578,0.11230316758155967,11.8067626953125
1785985385.3241682,-0.6313902139663696,0.1297746747732164,1.0231050252914429,-2.233211040496826,1.3161716461181652,9.624162673950195
1785985385.3471682,-0.6258264780044556,0.16202589869499218,0.9529944658279419,-0.252888560295105,0.9755571484565747,10.1758394241333
1785985385.365168,-0.6117275953292847,0.13940900564193737,0.9004680514335632,-0.5215603113174438,0.7145239114761365,10.240939140319824
1785985385.3821683,-0.5825400352478027,0.13726480305194866,0.8454764485359192,-0.5215603113174438,0.7145239114761365,10.240939140319824
1785985385.4061692,-0.5454152822494507,0.12861719727516183,0.7916772961616516,-0.4478779435157776,0.9169215559959424,10.24267578125
1785985385.4461691,-0.47063228487968445,0.075976386666298,0.7175046801567078,-0.5973520278930664,0.6048476099967969,10.119922637939453
1785985385.4641693,-0.41547852754592896,0.04986900091171273,0.6903452277183533,0.43223753571510315,0.6062064766883863,10.947699546813965
1785985385.4871702,-0.3772701323032379,0.08179179579019555,0.6378981471061707,-0.6152897477149963,0.6674541234970105,9.956147193908691
1785985385.5051703,-0.35105302929878235,0.11563290655612952,0.6037152409553528,-2.3118653297424316,1.2337449789047255,10.129066467285156
1785985385.5221703,-0.3346867859363556,0.12591676414012917,0.5691467523574829,-1.8468786478042603,0.7205671072006238,9.810358047485352
1785985385.5451703,-0.3792393207550049,0.1583720445632935,0.5337329506874084,1.3709152936935425,0.22393286228180068,11.022748947143555
1785985385.5631702,-0.4301835596561432,0.1603620201349259,0.49298152327537537,1.3709152936935425,0.22393286228180068,11.022748947143555
1785985385.5861704,-0.4377395510673523,0.1039984747767449,0.48521214723587036,-0.8787918090820312,0.9196178913116468,10.486612319946289
1785985385.6041706,-0.4759785532951355,0.04691191762685782,0.5334418416023254,-1.747967004776001,0.5673142671585097,11.544936180114746
1785985385.6211705,-0.5204992294311523,0.03306439146399505,0.5721932649612427,-1.3269122838974,0.5271452665328993,10.82232666015625
1785985385.6451705,-0.5589953660964966,0.0026975050568581516,0.7252879738807678,0.03103739768266678,1.5036348104476942,10.65560531616211
1785985385.6621704,-0.5350582003593445,0.002425711601972678,0.8006013631820679,0.6354460120201111,0.3869615495204939,11.078084945678711
1785985385.6851704,-0.5324628949165344,-0.013180826790630708,0.8869720101356506,-0.38198769092559814,0.5110564231872572,10.895861625671387
1785985385.7081714,-0.47043073177337646,0.005985461641103149,0.9781398177146912,-0.10474234819412231,0.43533977866172924,10.702277183532715
1785985385.7201712,-0.4227299094200134,0.053760267794132365,1.090796709060669,-0.44218164682388306,1.6089618206024183,10.583291053771973
1785985385.7431712,-0.36713212728500366,0.05527466163039222,1.2096071243286133,-1.8870902061462402,1.2946768999099745,10.739718437194824
1785985385.7671714,-0.3372145891189575,0.022341586649418037,1.2901110649108887,-0.24271263182163239,1.2899477481842054,10.586177825927734
1785985385.8071713,-0.3393676280975342,-0.15464167296886425,1.522304654121399,-1.5011059045791626,0.6553679704666151,10.87830924987793
1785985385.8251712,-0.4275878667831421,-0.21910358965396862,1.6002979278564453,-1.1725579500198364,0.9176869392395033,10.592755317687988
1785985385.8481712,-0.48678651452064514,-0.28381574153900124,1.6717126369476318,-0.74156653881073,0.8895028233528149,9.8604154586792
1785985385.8661714,-0.5168271064758301,-0.3507800698280332,1.7843852043151855,-0.10351961851119995,0.9415905475616467,10.002821922302246
1785985385.9071736,-0.5423855781555176,-0.3849312365055082,1.9239671230316162,0.1265520453453064,0.6332759261131299,10.055096626281738
1785985385.9241736,-0.5266546607017517,-0.36124029755592324,1.9664291143417358,-0.003566563129425049,0.9272531270980848,10.558627128601074
1785985385.9471736,-0.4788902997970581,-0.3262472748756406,2.053762674331665,0.9634908437728882,1.8691103458404554,10.156070709228516
1785985385.9641736,-0.4186704158782959,-0.3026850223541257,2.1151883602142334,-1.0462150573730469,0.6162540316581738,9.989970207214355
1785985385.9831736,-0.41172364354133606,-0.2789024412631986,2.1476261615753174,2.705922842025757,0.7828503847122205,10.234825134277344
1785985386.0051746,-0.4431997239589691,-0.2355577349662778,2.229098320007324,0.43732336163520813,0.7555218935012831,10.443765640258789
1785985386.0231745,-0.46863457560539246,-0.16691683232784243,2.2417795658111572,-0.8440636992454529,1.1524066925048841,10.01495361328125
1785985386.0461745,-0.4879968762397766,-0.10743562132120105,2.2725489139556885,0.8500840067863464,1.2152658700943006,10.36209487915039
1785985386.0631745,-0.538838267326355,-0.05490936338901492,2.283370018005371,-1.3798197507858276,1.180095434188844,10.141355514526367
1785985386.1051748,-0.5244097709655762,0.04688667133450536,2.2714076042175293,2.0885653495788574,-0.6697427034378038,11.069947242736816
1785985386.1221747,-0.5487586259841919,0.07194174081087139,2.20453143119812,-1.8478370904922485,1.126648783683778,9.819137573242188
1785985386.1451747,-0.5138905644416809,0.09901946038007763,2.0969884395599365,-0.5072416663169861,0.7748384475708021,10.562886238098145
1785985386.1631749,-0.44659605622291565,0.0978847742080691,2.008784055709839,-0.4695877730846405,0.9886284470558179,10.232095718383789
1785985386.1861765,-0.42337244749069214,0.12864051759243034,1.9045006036758423,-0.882421612739563,0.632338345050813,10.168161392211914
1785985386.2041767,-0.4520147442817688,0.14837053418159507,1.8298907279968262,-0.120076984167099,0.8011516928672803,10.053939819335938
1785985386.2271767,-0.41884753108024597,0.14713317155838035,1.7382981777191162,0.8327155709266663,-0.012449335306881514,10.982917785644531
1785985386.2441766,-0.4078274071216583,0.17906266450881977,1.6671770811080933,0.8327155709266663,-0.012449335306881514,10.982917785644531
1785985386.2611766,-0.4788089692592621,0.17328512668609639,1.6030105352401733,-0.7220010757446289,1.1969300508499159,10.460531234741211
1785985386.2851768,-0.5259198546409607,0.15085576474666615,1.5222501754760742,0.1112099215388298,0.036173302680255315,10.868511199951172
1785985386.3021781,-0.5686241388320923,0.14312681555748002,1.4338679313659668,-0.7200892567634583,1.219216346740724,10.80375862121582
1785985386.326178,-0.6324915885925293,0.13917176425457017,1.3534188270568848,-1.5901095867156982,1.3356602191925062,10.097077369689941
1785985386.3431783,-0.6437113285064697,0.10976775735616699,1.2779687643051147,-0.81816565990448,0.5705834031105054,9.959568977355957
1785985386.3661783,-0.6363979578018188,0.06821697205305115,1.2042601108551025,0.6915585398674011,0.825202822685243,10.91702938079834
1785985386.3841782,-0.6618432998657227,0.047802310436964174,1.1433823108673096,0.7862513661384583,0.4408454298973096,10.526305198669434
1785985386.4071796,-0.6830214262008667,0.018179336562752852,1.056589126586914,0.18952077627182007,0.9678694009780897,10.702218055725098
1785985386.4251797,-0.6924517154693604,-0.04664006829261767,0.9984686374664307,1.0388193130493164,0.3305242061615003,10.48667049407959
1785985386.4481797,-0.7120029330253601,-0.06561104953289021,0.9190270304679871,-0.9350264072418213,0.7917678952217114,10.055915832519531
1785985386.4651797,-0.6843779683113098,-0.07947411388158787,0.8619571328163147,0.523646354675293,1.1111690998077406,10.12358570098877
1785985386.4821796,-0.6178240776062012,-0.057528849691152475,0.7909955978393555,0.16429460048675537,0.9580957889556898,10.650079727172852
1785985386.5061803,-0.5630940794944763,-0.02596487291157237,0.7129737138748169,0.46539586782455444,0.869275510311128,10.652555465698242
1785985386.5231802,-0.5316282510757446,-0.012565926648676316,0.651083767414093,0.34682315587997437,0.5261437296867384,10.466094017028809
1785985386.5471802,-0.44322699308395386,-0.060811989009380264,0.6057533025741577,-1.3951153755187988,0.6456260681152356,10.319253921508789
1785985386.5641801,-0.35653766989707947,-0.08587222546339028,0.5623043179512024,0.20265287160873413,0.6894899606704725,10.936821937561035
1785985386.5821803,-0.2984514534473419,-0.1204386800527572,0.5198529958724976,-1.4968421459197998,1.1842314004898082,9.621657371520996
1785985386.6051815,-0.23830664157867432,-0.17728583514690394,0.4920118749141693,1.1554367542266846,-0.28135803341865406,11.038500785827637
1785985386.6231816,-0.20923349261283875,-0.22036671638488764,0.4638367295265198,0.45287203788757324,0.7984405755996716,10.261846542358398
1785985386.6461816,-0.2300407588481903,-0.270590990781784,0.43302434682846075,-0.6116528511047363,0.8112919926643385,10.672784805297852
1785985386.6641815,-0.270365446805954,-0.2886528670787811,0.4215075373649598,-0.7453794479370117,0.7729930281639112,10.806191444396973
1785985386.6811814,-0.26977288722991943,-0.27653789520263666,0.4154952764511109,-1.036149263381958,1.1474405527114881,10.125531196594238
1785985386.7051814,-0.29927024245262146,-0.2541674673557281,0.4909574389457703,0.8918365240097046,-0.42113763093948225,11.175321578979492
1785985386.7281814,-0.370684951543808,-0.24189297854900352,0.6210597157478333,0.01221257820725441,0.33406689763069286,11.051227569580078
1785985386.7451813,-0.37258103489875793,-0.1362600326538085,0.7374984622001648,-0.22451835870742798,0.34692713618278637,11.054388999938965
1785985386.7621813,-0.36166882514953613,-0.06474868953227987,0.8137184977531433,-1.2934638261795044,1.1398712396621717,10.407570838928223
1785985386.7861817,-0.38859206438064575,0.031407054513692974,0.9503408670425415,-1.293616771697998,0.6252055764198317,11.203962326049805
1785985386.8091817,-0.3842777907848358,0.09953635185956967,1.068500280380249,-1.0777095556259155,0.3855373859405531,11.016617774963379
1785985386.8211818,-0.3447839915752411,0.12024211138486876,1.1180073022842407,-0.3039117753505707,1.1689630746841442,9.809231758117676
1785985386.8441818,-0.39406681060791016,0.12289552390575424,1.2014378309249878,-1.2352038621902466,1.2850151062011732,10.726350784301758
1785985386.8621817,-0.455752432346344,0.1286593675613405,1.3165096044540405,-1.015099048614502,0.6427890062332166,10.398289680480957
1785985386.9091833,-0.5307343006134033,-0.02734305895864945,1.4898557662963867,-1.1317083835601807,1.3862185478210463,10.50953197479248
1785985386.9261832,-0.5910724401473999,-0.09210966527461986,1.6040515899658203,-3.422518491744995,0.8658504486083997,10.212615013122559
1785985386.9441833,-0.5944898128509521,-0.17866480350494365,1.6891528367996216,-3.242156982421875,0.33143165707588323,10.44093132019043
1785985386.9671834,-0.6158304810523987,-0.2403050214052198,1.7498252391815186,-0.7494992017745972,1.1082229614257824,9.8323392868042
1785985386.9841838,-0.6733596324920654,-0.2787983417510984,1.8094068765640259,-0.7798293828964233,0.6195942163467419,9.890726089477539
1785985387.0071838,-0.6313961744308472,-0.31782048940658547,1.9026318788528442,-0.9431712031364441,0.6296342015266431,10.234702110290527
1785985387.025184,-0.5563176870346069,-0.324133902788162,1.967166781425476,-0.6797763109207153,0.8909567594528212,10.743965148925781
1785985387.048184,-0.5249567627906799,-0.30762794613838174,2.011277198791504,-0.6300590634346008,0.9356372952461256,10.651861190795898
1785985387.0661838,-0.5406507849693298,-0.25525236129760714,2.102911949157715,-1.3032920360565186,1.1752482652664198,10.479192733764648
1785985387.0831838,-0.506649374961853,-0.20525030791759466,2.1435017585754395,-1.8803678750991821,1.1945989131927504,9.984197616577148
1785985387.1071846,-0.54150390625,-0.08997961133718464,2.1652538776397705,-0.49392586946487427,1.2119617462158214,9.511624336242676
1785985387.1241846,-0.6009635925292969,-0.026510104537009922,2.2060251235961914,-0.8162580728530884,0.9733442068099989,10.542941093444824
1785985387.1481845,-0.5685486197471619,-0.02174879238009425,2.257488965988159,2.351383924484253,0.4983741044998181,9.968108177185059
1785985387.1651845,-0.48570922017097473,-0.035219606012105664,2.27274751663208,0.5171777606010437,0.9759584665298474,10.107490539550781
1785985387.1821845,-0.4753805696964264,-0.06185516715049715,2.3073835372924805,0.5667848587036133,1.2872194051742565,9.912691116333008
1785985387.2061844,-0.3887348771095276,-0.035024356096982685,2.2305185794830322,0.7448751926422119,1.1072535514831556,9.992547988891602
1785985387.2231843,-0.2623162567615509,-0.033151175826787685,2.147310972213745,-1.3044856786727905,0.9798582792282117,9.955954551696777
1785985387.2461843,-0.23705382645130157,-0.0015093230176714512,2.0660464763641357,-2.3286375999450684,0.7141734361648571,9.43205738067627
1785985387.2641842,-0.2186528742313385,0.03325483947992349,1.9711929559707642,-0.30028867721557617,1.7760850191116344,9.320452690124512
1785985387.2871842,-0.1546996831893921,0.07642160356044793,1.8960497379302979,-0.9798848032951355,0.8947892189025891,9.85402774810791
1785985387.3041847,-0.18241822719573975,0.14618149399757407,1.8111943006515503,-0.5971061587333679,0.9283846616745007,9.89441204071045
1785985387.3221846,-0.2179204523563385,0.19543063640594505,1.7279295921325684,-0.2869320809841156,0.6794137954711927,10.578810691833496
1785985387.3451846,-0.215737447142601,0.24814645946025868,1.6371108293533325,-2.3265492916107178,1.8780609369277965,9.244134902954102
1785985387.3631847,-0.24620796740055084,0.2818103134632112,1.5589933395385742,-0.2077307403087616,0.41312810778617975,9.702031135559082
1785985387.3861847,-0.32541874051094055,0.290263742208481,1.474717617034912,0.49716225266456604,0.17469450831413397,10.510457992553711
1785985387.4091854,-0.3946515917778015,0.28730103373527544,1.3861747980117798,-1.270550012588501,0.8868665695190442,10.068937301635742
1785985387.4271853,-0.4218449592590332,0.28908675909042375,1.3071988821029663,-0.821956992149353,1.0860520601272596,10.319665908813477
1785985387.4441853,-0.47285333275794983,0.30352920293808,1.2275853157043457,0.11661988496780396,0.6566617488861096,10.24267864227295
1785985387.4671853,-0.5270501971244812,0.3151426315307619,1.1574324369430542,0.14571212232112885,0.5131272673606885,10.107250213623047
1785985387.4851854,-0.5171075463294983,0.3032703697681428,1.0764002799987793,-0.639224112033844,0.6168754100799573,10.113058090209961
1785985387.5021863,-0.5509528517723083,0.2568338215351106,1.0084482431411743,-0.6068751215934753,0.9034033417701733,10.370534896850586
1785985387.5261865,-0.589863657951355,0.22969755530357372,0.9464467167854309,0.8445605039596558,0.47810083627700933,10.598511695861816
1785985387.5431864,-0.5749249458312988,0.16291385889053356,0.8836672306060791,-0.2748051881790161,0.9181038141250623,10.306991577148438
1785985387.5671864,-0.5451472401618958,0.11002989113330851,0.8316639065742493,0.3123668432235718,1.3290802240371717,10.274036407470703
1785985387.5841863,-0.5857052803039551,0.04193412512540827,0.7912057042121887,0.24887511134147644,0.4463253617286695,10.565826416015625
1785985387.6071875,-0.5729584097862244,-0.008374866098165422,0.7345148921012878,-0.41308286786079407,0.9954325556755078,10.270439147949219
1785985387.6251874,-0.4926796853542328,-0.035154003649949944,0.6906386017799377,-0.12380987405776978,0.8673957586288464,9.998930931091309
1785985387.6481874,-0.4524213969707489,-0.04479821771383278,0.6478759050369263,0.35352152585983276,0.8276224136352551,10.026407241821289
1785985387.6661873,-0.4313829243183136,-0.048000805079936905,0.6292836666107178,0.0810995101928711,0.7388002276420607,10.67247200012207
1785985387.6831875,-0.37298285961151123,-0.0481497906148433,0.5752280354499817,-0.9190496206283569,1.2164552211761488,10.01659107208252
1785985387.7071888,-0.34427669644355774,-0.08251163363456719,0.5444840788841248,-0.19210940599441528,0.38439944386482366,10.224895477294922
1785985387.7231889,-0.34068986773490906,-0.07845798879861826,0.5084428191184998,0.0037223845720291138,0.19010037183761727,10.65140151977539
1785985387.747189,-0.3511865437030792,-0.06578644365072245,0.4674772620201111,0.5522345900535583,0.32557418942451605,10.56607723236084
1785985387.764189,-0.3218218982219696,-0.05286364629864687,0.4384910762310028,-1.2504969835281372,0.6986181735992444,10.02879524230957
1785985387.782189,-0.32494932413101196,-0.019752848893403955,0.4202229380607605,-0.13202011585235596,0.46436837315559504,9.646088600158691
1785985387.8111897,-0.3280189335346222,-0.03493537381291383,0.5266924500465393,-1.4782356023788452,0.16373400390148293,10.698596954345703
1785985387.8461897,-0.35344046354293823,-0.06629207730293266,0.7050939202308655,-1.5516422986984253,1.0955146551132215,10.245614051818848
1785985387.8631897,-0.3339877426624298,-0.09864839166402807,0.8021005392074585,-0.8273593783378601,0.8821703195571912,10.331214904785156
1785985387.8811896,-0.3515359163284302,-0.053142715245485195,0.8803064823150635,-0.387917697429657,0.6861537694931042,10.336007118225098
1785985387.9041903,-0.4267609715461731,-0.03746587783098209,0.9868244528770447,-0.6057506203651428,1.0564305782318126,9.833831787109375
1785985387.9281902,-0.5203520059585571,-0.015542283654212815,1.1255677938461304,-1.3794530630111694,1.7788817882537855,10.110081672668457
1785985387.9451902,-0.5748124122619629,-0.03220452740788445,1.2087602615356445,-2.105992078781128,0.5080834627151503,10.785782814025879
1785985387.9631903,-0.6405962109565735,-0.07738099247217163,1.2991156578063965,2.753934860229492,0.6103110909461987,10.077223777770996
1785985387.9851913,-0.7181812524795532,-0.14626203477382643,1.4259865283966064,0.589552640914917,1.092021703720094,10.203119277954102
1785985388.0091913,-0.7608888149261475,-0.23898814618587474,1.5156053304672241,0.6385779976844788,0.5531682372093214,10.52181339263916
1785985388.0451913,-0.8005778193473816,-0.3552936315536497,1.677077054977417,-1.7059787511825562,1.1841511726379406,9.903776168823242
1785985388.0621912,-0.8208063244819641,-0.36829057335853554,1.7503702640533447,-1.7037209272384644,1.0387959480285656,9.864465713500977
1785985388.0861912,-0.7936701774597168,-0.39446282386779763,1.7919120788574219,-2.9822473526000977,1.4997309446334852,10.357277870178223
1785985388.103191,-0.7144867181777954,-0.39607560634613015,1.8336536884307861,-3.5469930171966553,1.9430910348892223,9.26431655883789
1785985388.126191,-0.6260257959365845,-0.36904409527778603,1.9163727760314941,-0.36954790353775024,1.2789331674575817,9.406828880310059
1785985388.144191,-0.5313129425048828,-0.3691190481185911,1.9763283729553223,-0.36954790353775024,1.2789331674575817,9.406828880310059
1785985388.168191,-0.5028179883956909,-0.3296752274036405,2.0243213176727295,1.081521987915039,1.332774043083192,9.642967224121094
1785985388.1851933,-0.5701780915260315,-0.27374625205993625,2.120570421218872,-0.4184751510620117,0.7428033947944653,10.209527015686035
1785985388.2021933,-0.6268383860588074,-0.24196411669254275,2.169569492340088,-0.4298059940338135,1.2248436212539684,9.567111015319824
1785985388.2261932,-0.6583377122879028,-0.26256418228149386,2.2236783504486084,0.14080481231212616,0.7086154222488417,10.575641632080078
1785985388.2431934,-0.6815723776817322,-0.2241855412721631,2.2437517642974854,-1.215013861656189,1.2736626863479625,9.924311637878418
1785985388.2611933,-0.7196730375289917,-0.20923620462417575,2.307547092437744,-1.3336257934570312,1.1807591915130629,10.364956855773926
1785985388.2841935,-0.6813687086105347,-0.19582864642143222,2.3231570720672607,1.5981730222702026,0.7886405587196362,10.142707824707031
1785985388.3011935,-0.630092978477478,-0.18688324093818637,2.250474214553833,-0.5289788246154785,1.5059207677841198,9.586698532104492
1785985388.3241935,-0.5042220950126648,-0.16342282295227026,2.152926206588745,-0.6886910200119019,0.8703659772872937,10.267790794372559
1785985388.3471935,-0.3625068664550781,-0.12445238977670645,2.078071117401123,-0.6886910200119019,0.8703659772872937,10.267790794372559
1785985388.3651936,-0.20968443155288696,-0.10580877959728216,1.9851936101913452,-0.610969603061676,0.7846819162368787,9.70930004119873
1785985388.3821952,-0.11252076923847198,-0.058614887297153244,1.882584571838379,-0.7737876176834106,0.8953197598457349,9.648530960083008
1785985388.4061954,-0.05636915937066078,0.012422839179635266,1.77890145778656,-1.125238060951233,1.120203018188478,10.177440643310547
1785985388.4231954,-0.029628634452819824,0.04669561609625837,1.6864246129989624,0.05244012549519539,0.4411305189132703,10.211629867553711
1785985388.4471953,-0.09151670336723328,0.04996561631560345,1.5945909023284912,-2.0155200958251953,0.6460286378860486,9.802600860595703
1785985388.4641953,-0.131682351231575,0.09785100817680377,1.5163010358810425,0.39111486077308655,0.5340268015861523,9.918492317199707
1785985388.4821954,-0.17474696040153503,0.18040128052234666,1.4521400928497314,0.4965033531188965,0.4652675986289991,10.370285987854004
1785985388.5051968,-0.17895181477069855,0.22097709774971025,1.3814336061477661,0.10330654680728912,0.4696020483970655,10.254798889160156
1785985388.5221968,-0.19277846813201904,0.18592807650566118,1.3093349933624268,-0.3203744888305664,0.3376740813255322,9.833695411682129
1785985388.546197,-0.24311918020248413,0.14318548142910018,1.227403163909912,0.9535350799560547,-0.368347883224486,10.979259490966797
1785985388.563197,-0.2833617627620697,0.15445242822170271,1.1685999631881714,0.4109317362308502,0.2225138396024717,10.735248565673828
1785985388.5861995,-0.3238641321659088,0.21510715782642378,1.0965689420700073,0.14897216856479645,0.356490492820741,10.4495267868042
1785985388.6041994,-0.36170485615730286,0.24677893519401564,1.0278228521347046,0.601952075958252,0.14772707223892334,10.018518447875977
1785985388.6211994,-0.4371013343334198,0.24487821757793438,0.9749664664268494,0.601952075958252,0.14772707223892334,10.018518447875977
1785985388.6451995,-0.5633803606033325,0.1788618415594102,0.9181193113327026,-0.31442224979400635,0.4653973579406751,10.267640113830566
1785985388.6621995,-0.6539747714996338,0.10786002129316341,0.8701743483543396,-0.5504962205886841,0.5037249326705945,9.9780912399292
1785985388.6852,-0.7518684267997742,0.09583695977926264,0.8162276148796082,0.28675979375839233,0.254199028015138,10.35844612121582
1785985388.7261999,-0.8057576417922974,0.11042908579111108,0.7247636914253235,-0.26790279150009155,0.7577386498451246,10.499676704406738
1785985388.7431998,-0.7921183705329895,0.05892257019877442,0.6829899549484253,-0.6754766702651978,0.5110253691673291,9.97792911529541
1785985388.7612,-0.7868608832359314,0.03694494441151627,0.6541562080383301,-0.9857210516929626,1.2427446842193615,9.766095161437988
1785985388.7842,-0.6595135927200317,0.035845588892698364,0.6113459467887878,-0.5773258209228516,0.8163211941719067,9.975237846374512
1785985388.8132,-0.49538758397102356,0.05210566148161895,0.565954327583313,-1.2390351295471191,1.0852131843566906,9.939107894897461
1785985388.8251998,-0.4841463267803192,0.06470441073179252,0.5453567504882812,-0.6845903396606445,1.04637372493744,9.372763633728027
1785985388.8422,-0.3828965425491333,0.06481081992387777,0.4969235956668854,-0.8025023341178894,0.6471469402313245,10.402993202209473
1785985388.8652,-0.28786876797676086,0.036098103970289286,0.4669570326805115,-0.0265648253262043,0.6599243283271802,10.367403984069824
1785985388.9062004,-0.21116608381271362,-0.043092623353004386,0.5452063083648682,-1.5567030906677246,1.1722328662872328,10.106423377990723
1785985388.9242005,-0.17269998788833618,-0.05339228734374039,0.5984715819358826,-0.7198981046676636,0.7735269069671644,10.457015991210938
1785985388.9472005,-0.19699306786060333,-0.03348440676927558,0.688339114189148,-0.8012592792510986,0.8506647944450391,9.814745903015137
1785985388.9652004,-0.2232694774866104,-0.02230701595544805,0.8308796882629395,-0.01907471939921379,1.3367583751678478,9.886897087097168
1785985388.9822004,-0.18885846436023712,-0.005411233287304528,0.910438597202301,-1.0023447275161743,0.8931303024292004,9.964404106140137
1785985389.0062022,-0.20614378154277802,-0.005717287305742376,1.0313670635223389,-3.261634349822998,0.850194036960603,10.03917407989502
1785985389.0232022,-0.2969026267528534,-0.021992756053805216,1.0927186012268066,0.35012897849082947,0.6172813773155226,10.526893615722656
1785985389.0472023,-0.3701564371585846,-0.07674064487218842,1.2336468696594238,1.2069957256317139,0.25691214203834656,10.023463249206543
1785985389.0642023,-0.42254018783569336,-0.14333251118659956,1.3276219367980957,0.479994535446167,1.053078055381776,9.754190444946289
1785985389.0812023,-0.5446245074272156,-0.14608632028102858,1.400675892829895,1.6801353693008423,0.9213641285896313,9.540523529052734
1785985389.1042016,-0.636085033416748,-0.16370223462581618,1.4695143699645996,0.8348645567893982,0.5492670536041272,9.993698120117188
1785985389.1222014,-0.6356905698776245,-0.19602149724960308,1.5587670803070068,0.27322083711624146,1.1428742408752453,9.6316499710083
1785985389.1452014,-0.6311239004135132,-0.2612432539463041,1.6366963386535645,0.7579177618026733,0.9049642086029064,9.391221046447754
1785985389.1682014,-0.6326468586921692,-0.3211776018142698,1.705596685409546,-1.0004431009292603,0.8238822221755994,9.988960266113281
1785985389.186204,-0.631880521774292,-0.32630687952041604,1.7955857515335083,-1.3241779804229736,1.1575399637222301,9.557446479797363
1785985389.203204,-0.6012172102928162,-0.3406032919883726,1.8724642992019653,-1.2208530902862549,0.9554601311683667,9.90185546875
1785985389.227204,-0.6296396255493164,-0.3218649625778196,1.922087550163269,-2.5897200107574463,1.5733656883239757,9.905913352966309
1785985389.244204,-0.6586630940437317,-0.29891973733901955,2.027862787246704,-2.7973504066467285,1.6684536933898937,9.834866523742676
1785985389.261204,-0.6394993662834167,-0.2607556283473966,2.0617661476135254,-1.7222574949264526,0.9967437386512769,10.417583465576172
1785985389.285204,-0.6603995561599731,-0.219915837049484,2.1025643348693848,2.0262155532836914,0.7088077664375317,9.58462905883789
1785985389.3082056,-0.6360470056533813,-0.2034804522991178,2.1502139568328857,-1.466032862663269,0.9156097173690808,9.521766662597656
1785985389.3252056,-0.5856448411941528,-0.2026719152927396,2.2263216972351074,0.261715292930603,0.6951538920402539,9.76175308227539
1785985389.3432055,-0.5197750329971313,-0.1853650510311124,2.271230459213257,-0.24003207683563232,0.6450005769729626,9.545487403869629
1785985389.3662055,-0.5362536907196045,-0.11481872946023913,2.2912237644195557,-1.5158164501190186,1.1292667388916027,9.833980560302734
1785985389.3842056,-0.5251219868659973,-0.07752887159585924,2.3372724056243896,-1.9490606784820557,1.0243004560470592,9.393871307373047
1785985389.4072056,-0.45625942945480347,-0.05048171803355189,2.249497175216675,-1.3232922554016113,0.9447596073150647,9.982050895690918
1785985389.4252055,-0.39945048093795776,0.01622792705893543,2.163403034210205,0.07429299503564835,0.7528942227363599,9.780394554138184
1785985389.4422057,-0.3564434349536896,0.12432696670293833,2.0784895420074463,-1.985947847366333,1.6494336128234874,9.249837875366211
1785985389.4662056,-0.29888302087783813,0.17681892216205622,1.9991674423217773,1.136953353881836,-0.3302453756332384,10.782776832580566
1785985389.489206,-0.27560654282569885,0.24151776731014274,1.8901280164718628,-2.677321195602417,0.9282987117767345,9.396766662597656
1785985389.507206,-0.28105035424232483,0.2548166811466219,1.8014811277389526,-2.500068187713623,1.6708469390869152,9.184829711914062
1785985389.5242062,-0.29982122778892517,0.29038125276565574,1.722104787826538,-0.23907093703746796,0.5287028551101697,9.619199752807617
1785985389.5472062,-0.34637749195098877,0.2886634171009066,1.6247413158416748,0.1628875583410263,0.25141960382461676,10.600960731506348
1785985389.565206,-0.3861978054046631,0.27449908852577226,1.5550167560577393,-0.9480509161949158,0.38439336419105646,9.497556686401367
1785985389.582206,-0.4317364990711212,0.28280496597290056,1.4633325338363647,-0.8619365096092224,0.3703269362449658,9.905557632446289
1785985389.6052077,-0.45795705914497375,0.22167006134986894,1.3738101720809937,1.242058277130127,0.31282749772071966,10.506759643554688
1785985389.6232076,-0.47614172101020813,0.1966013908386232,1.3068947792053223,0.1784086376428604,0.8057025074958813,9.872562408447266
1785985389.6462076,-0.5060443878173828,0.18181759119033827,1.22669517993927,0.7148474454879761,0.46523234248161444,10.274750709533691
1785985389.6632075,-0.528165340423584,0.17830249667167677,1.147628903388977,-0.19320596754550934,0.5354977846145642,10.030691146850586
1785985389.6872098,-0.5306566953659058,0.14525032043457045,1.088261365890503,-2.732759475708008,1.2926814556121837,9.761028289794922
1785985389.7042098,-0.5470905303955078,0.11878456175327314,1.020084023475647,0.3057144582271576,0.7057501673698438,9.951688766479492
1785985389.7272098,-0.5612411499023438,0.10761336982250225,0.9517266154289246,-0.3736357092857361,0.7253260612487805,9.83171558380127
1785985389.74421,-0.5491479635238647,0.0669614076614381,0.8921359181404114,-0.5683677196502686,0.5345394611358655,10.008746147155762
1785985389.76221,-0.5358785390853882,0.04599602520465861,0.8468779921531677,-0.6796416640281677,0.6821383237838757,10.15039348602295
1785985389.7852104,-0.5063917636871338,0.02124834433197985,0.7895362377166748,0.7099985480308533,0.13137872517109056,11.296391487121582
1785985389.8082104,-0.47112491726875305,0.021296897903084845,0.7273168563842773,0.14494869112968445,0.5464833974838269,9.949468612670898
1785985389.8262105,-0.45581647753715515,0.014586661010980691,0.689009964466095,0.44098183512687683,0.5332335829734814,10.019879341125488
1785985389.8432105,-0.43022119998931885,0.007746737916022617,0.6378722786903381,0.7392780184745789,0.5667781233787549,9.965341567993164
1785985389.8672104,-0.3932766318321228,-0.02678457088768475,0.5984385013580322,-0.3496132493019104,0.6050926446914685,10.184552192687988
1785985389.8842103,-0.34113115072250366,-0.03230483829975121,0.5538523197174072,-0.24136827886104584,0.7477159500122083,10.147730827331543
1785985389.9022114,-0.31726136803627014,-0.05239918828010553,0.521507740020752,-0.1766173094511032,0.2956228852272046,10.09550666809082
1785985389.9252114,-0.3045440912246704,-0.0402498692274093,0.48705998063087463,-0.6292840242385864,0.75057750940323,10.28388500213623
1785985389.9432116,-0.28970858454704285,-0.05376788973808283,0.4489876329898834,-0.455813467502594,0.966463088989259,9.869550704956055
1785985389.9672115,-0.29343855381011963,-0.028461012989282553,0.44646573066711426,-0.7489904165267944,0.7405078411102307,10.115153312683105
1785985389.9842117,-0.2838016748428345,-0.009782005101442276,0.4936886131763458,-1.1610705852508545,0.7172134518623364,9.927823066711426
1785985390.0082116,-0.2836564779281616,0.014495161361992429,0.5730263590812683,-2.6663591861724854,1.5687904357910167,8.931769371032715
1785985390.0262117,-0.3128960132598877,0.009266602806747046,0.7024294137954712,1.7802679538726807,0.120496787130834,10.84427261352539
1785985390.0482118,-0.3276347815990448,-0.0027591283433138344,0.8020563125610352,0.3563719391822815,1.7823654413223278,9.955240249633789
1785985390.0662117,-0.2998073101043701,-0.011865799315273656,0.8698821663856506,-0.5438752770423889,1.2595063447952282,9.64577865600586
1785985390.0832117,-0.3489159941673279,-0.04239773005247104,0.9706386923789978,-1.8340356349945068,0.7699392437934889,10.434703826904297
1785985390.1072125,-0.3898274004459381,-0.05457400903105722,1.121758222579956,-2.712414264678955,1.0949172973632826,10.552919387817383
1785985390.1242125,-0.4806409180164337,-0.07257653027772888,1.2139323949813843,-1.7402547597885132,1.1395729780197155,9.800378799438477
1785985390.1472125,-0.575000524520874,-0.08569194376468643,1.2965989112854004,-0.7651712894439697,1.4013819694519054,9.451183319091797
1785985390.188213,-0.7040184140205383,-0.14599204063415508,1.5094146728515625,0.7220585942268372,0.8409284949302686,9.958919525146484
1785985390.206213,-0.6895769238471985,-0.1940940022468565,1.5758426189422607,0.04882360249757767,0.6098312139511122,10.648930549621582
1785985390.223213,-0.7014186382293701,-0.24631579220294933,1.6336606740951538,-0.4631040096282959,1.120951533317567,9.87896728515625
1785985390.247213,-0.6683672666549683,-0.32204967737197854,1.7451051473617554,0.16564597189426422,1.055194139480592,9.219271659851074
1785985390.264213,-0.6148967146873474,-0.3510789871215818,1.8041833639144897,-1.0871326923370361,0.94932121038437,9.005234718322754
1785985390.281213,-0.585705578327179,-0.3865216076374052,1.846153736114502,-2.6183812618255615,1.455811381340028,9.266885757446289
1785985390.3042135,-0.571567952632904,-0.3758377432823179,1.9655853509902954,-2.6183812618255615,1.455811381340028,9.266885757446289
1785985390.3282135,-0.5448057651519775,-0.3820547759532926,2.0250911712646484,0.6621649265289307,0.08203355967998625,9.82918643951416
1785985390.3452134,-0.5905534029006958,-0.3266834020614621,2.058472156524658,0.5080204010009766,0.4639799296855938,9.697608947753906
1785985390.3632135,-0.6270537376403809,-0.2838535308837888,2.0896458625793457,0.9093693494796753,0.37225797772407654,9.898833274841309
1785985390.3872159,-0.6227123141288757,-0.24817268550395938,2.1663296222686768,0.4826850891113281,0.3667646050453199,10.428976058959961
1785985390.4102159,-0.6181554794311523,-0.20713637769222232,2.221139669418335,-1.547428846359253,1.2760305404663097,9.826263427734375
1785985390.4272158,-0.6390949487686157,-0.17341263592243167,2.246100664138794,-0.7211475372314453,1.1926226615905775,10.196484565734863
1785985390.4452157,-0.6213569045066833,-0.16460081934928866,2.3122212886810303,-0.7789372801780701,1.2919427156448375,9.686668395996094
1785985390.4682157,-0.5642847418785095,-0.15645754337310763,2.336276054382324,0.14918279647827148,0.7732113003730786,9.654607772827148
1785985390.4862173,-0.536338210105896,-0.11646720021963092,2.2860028743743896,0.3874274492263794,0.7433629035949719,9.992572784423828
1785985390.5032175,-0.46811336278915405,-0.08971430361270878,2.208503007888794,0.34685707092285156,0.4857146143913282,10.209118843078613
1785985390.5262175,-0.3796445429325104,0.0024865122977646785,2.1066017150878906,1.8824995756149292,0.8414255976676953,10.114424705505371
1785985390.5492175,-0.2996402084827423,0.09992999583482767,2.0074949264526367,-3.5881333351135254,0.8823724985122693,10.152050971984863
1785985390.5612173,-0.3163897395133972,0.13144673407077814,1.927331805229187,3.0191845893859863,0.3449026346206678,10.551563262939453
1785985390.5842173,-0.30731403827667236,0.18235343694686912,1.8217047452926636,0.47178617119789124,0.5400803685188306,9.992491722106934
1785985390.6022174,-0.2906501293182373,0.210391163825989,1.743111491203308,-0.3287729322910309,0.708608150482179,9.83798885345459
1785985390.6252174,-0.3243045210838318,0.22105076909065266,1.6555814743041992,-0.7701239585876465,0.47739088535308966,10.435253143310547
1785985390.6432173,-0.34050804376602173,0.23675477504730244,1.5624616146087646,-0.7594912052154541,0.5266641378402722,9.737963676452637
1785985390.6662173,-0.34899893403053284,0.21770401298999806,1.482560396194458,-1.3143528699874878,0.38994795083999756,10.012089729309082
1785985390.6842175,-0.3903883695602417,0.23423531651496904,1.4155932664871216,-0.9465173482894897,0.276789724826814,10.314990997314453
1785985390.7242186,-0.4439537227153778,0.24887242913246171,1.2716509103775024,0.4995948374271393,0.5210511088371289,9.990195274353027
1785985390.7472186,-0.4682728052139282,0.2701516449451448,1.198011040687561,0.12256807088851929,0.6477180719375623,9.80493450164795
1785985390.7652187,-0.4999750554561615,0.3007920980453493,1.1427059173583984,-0.08489377051591873,0.6443517804145825,10.134880065917969
1785985390.7822187,-0.5175391435623169,0.3198992908000947,1.0748924016952515,0.6355529427528381,0.190200209617616,10.249863624572754
1785985390.8112187,-0.5023690462112427,0.3423080146312715,0.9777902364730835,0.008222367614507675,0.5078843832016005,10.857562065124512
1785985390.8242185,-0.5010531544685364,0.3182711899280549,0.9420316815376282,0.03594721853733063,0.5969678759574903,10.529180526733398
1785985390.8462186,-0.49082282185554504,0.2634289264678956,0.8686433434486389,1.3055081367492676,0.21847061812877785,10.545936584472656
1785985390.8642187,-0.4703384339809418,0.21900041401386272,0.8123772740364075,-0.6108129620552063,0.8983753919601453,9.687641143798828
1785985390.8822186,-0.451712429523468,0.1939735561609269,0.7516298890113831,-1.0831505060195923,0.8433468937873853,10.177545547485352
1785985390.9052198,-0.42900550365448,0.1397534906864167,0.7075238227844238,-0.5073624849319458,0.42340046167373785,10.270066261291504
1785985390.92222,-0.40617120265960693,0.09407685697078713,0.652694582939148,-0.5505963563919067,0.7049583792686475,10.322063446044922
1785985390.94622,-0.37421464920043945,0.036659147590398865,0.6147311925888062,-0.43115320801734924,0.9029070138931287,9.986687660217285
1785985390.96322,-0.3434584140777588,0.02044118009507663,0.5745121836662292,0.09890429675579071,0.5740254521369947,10.50978946685791
1785985390.9872198,-0.30626723170280457,-0.025244750082492762,0.5243508815765381,0.5248115658760071,0.5716327428817761,10.047836303710938
1785985391.00922,-0.265332967042923,-0.04102599248290056,0.4819045960903168,0.11123421788215637,0.805626690387727,10.076044082641602
1785985391.02222,-0.25799888372421265,-0.08126011490821833,0.461376816034317,-1.5517001152038574,1.0640906095504774,10.256260871887207
1785985391.04422,-0.2377890795469284,-0.13165283203124994,0.42406487464904785,-1.238634705543518,1.053061842918397,9.80451488494873
1785985391.06822,-0.234837144613266,-0.13482858240604395,0.3946115970611572,-2.2602767944335938,1.2320193052291881,9.24991512298584
1785985391.0852199,-0.2611391842365265,-0.15621794760227198,0.5023359656333923,-0.16618704795837402,0.24871508777141701,10.64277172088623
1785985391.1032207,-0.3105162978172302,-0.1261674612760543,0.601306140422821,0.29618072509765625,0.9733545780181897,9.87802505493164
1785985391.1262207,-0.35509559512138367,-0.11859178543090812,0.6828926801681519,-0.09996715933084488,0.4247401058673871,10.179036140441895
1785985391.1672206,-0.43026241660118103,-0.07209962606430043,0.906485915184021,0.4956067204475403,0.7398079037666334,10.56343936920166
1785985391.1842208,-0.4696222245693207,-0.023366529494523877,1.0129755735397339,-0.31557267904281616,1.1627937555313121,9.611539840698242
1785985391.2082217,-0.5222241878509521,0.03841350972652449,1.1172595024108887,2.333275556564331,0.6112709045410168,10.071228981018066
1785985391.2252216,-0.6248784065246582,0.04642206057906166,1.25588059425354,0.6825032830238342,0.9330806732177747,10.418607711791992
1785985391.2432218,-0.7065469622612,0.03141740337014215,1.3377468585968018,-2.5274486541748047,0.8151735663414015,10.779319763183594
1785985391.2662218,-0.7842285633087158,-0.035509552806615656,1.4044873714447021,2.3591201305389404,0.6195460557937634,9.606538772583008
1785985391.2842216,-0.8154757618904114,-0.1083088815212248,1.4661093950271606,-2.5596296787261963,1.3017264604568495,10.437368392944336
1785985391.3072233,-0.7471864223480225,-0.22109517455100994,1.5730974674224854,1.6422994136810303,0.649326562881471,10.206117630004883
1785985391.3242233,-0.6598998308181763,-0.3474854230880735,1.6511805057525635,0.5208616256713867,0.7919903397560132,9.586625099182129
1785985391.3472233,-0.6283183693885803,-0.43072101473808266,1.7037391662597656,-0.3431386649608612,0.9931775331497205,10.319854736328125
1785985391.3652232,-0.6290896534919739,-0.4506348371505735,1.8246304988861084,-0.6289445161819458,0.6809481978416455,9.959247589111328
1785985391.3822255,-0.6374585628509521,-0.45355010032653786,1.8961467742919922,-1.2706735134124756,1.0980017185211195,10.136229515075684
1785985391.4062254,-0.6881119608879089,-0.3831146657466886,1.9553242921829224,1.8052345514297485,0.5556044578552258,9.708730697631836
1785985391.4232256,-0.7394902110099792,-0.34103760123252846,1.9986451864242554,1.7131797075271606,0.593536972999574,9.85079574584961
1785985391.4462256,-0.7163019776344299,-0.2726382613182065,2.081847906112671,1.7131797075271606,0.593536972999574,9.85079574584961
1785985391.4642255,-0.6562690138816833,-0.2009610533714292,2.1336512565612793,-1.7418307065963745,1.0081332921981825,10.432132720947266
1785985391.487227,-0.6213712692260742,-0.10969007015228245,2.168682813644409,-0.6893478631973267,1.041206002235414,10.431679725646973
1785985391.505227,-0.5989754796028137,-0.09952146559953662,2.2479214668273926,-1.262935996055603,1.4079531431198131,9.909918785095215
1785985391.522227,-0.5069618821144104,-0.07505007833242389,2.286942958831787,-0.4690624475479126,1.2421826124191298,10.47242259979248
1785985391.545227,-0.45273157954216003,-0.06587792932987185,2.314908027648926,-0.4690624475479126,1.2421826124191298,10.47242259979248
1785985391.5632272,-0.4310872256755829,-0.06819152086973161,2.355721950531006,0.9584718942642212,1.5037280321121227,9.690774917602539
1785985391.587229,-0.3858058452606201,-0.02748599462211104,2.280841588973999,1.0368715524673462,1.5579067468643202,10.220800399780273
1785985391.6042292,-0.3205966651439667,0.007900048978627,2.2169461250305176,-3.5335865020751953,0.3543463647365583,10.375090599060059
1785985391.6212292,-0.3245617151260376,0.10463397204875972,2.1285531520843506,1.7716381549835205,0.4379442334175123,10.864643096923828
1785985391.6442292,-0.29593366384506226,0.13100025057792689,2.031245470046997,1.264344573020935,0.5456838607788099,10.686861038208008
1785985391.662229,-0.2932029068470001,0.14935466647148157,1.9545143842697144,-0.6060938239097595,0.815345883369447,10.306302070617676
1785985391.685229,-0.3186517655849457,0.20570351183414481,1.8578811883926392,1.1935169696807861,0.644257485866548,10.56808090209961
1785985391.7082303,-0.37367314100265503,0.2665182352066042,1.7600501775741577,-0.8650020956993103,0.5672081708908094,10.774415016174316
1785985391.7262301,-0.38820987939834595,0.32125294208526634,1.6763224601745605,-1.1171722412109375,1.1267046928405773,9.914915084838867
1785985391.74423,-0.45310425758361816,0.3688547611236574,1.560597538948059,-0.9401536583900452,0.8365441560745251,9.716032028198242
1785985391.76623,-0.46765443682670593,0.41577515006065385,1.4761813879013062,-0.9401536583900452,0.8365441560745251,9.716032028198242
1785985391.8082306,-0.44935446977615356,0.3142696917057039,1.2671281099319458,0.09811082482337952,0.7662302255630506,10.855827331542969
1785985391.8252306,-0.4774092137813568,0.2358576357364656,1.1840314865112305,0.6413850784301758,0.6353822350502027,10.47710132598877
1785985391.8432307,-0.47672268748283386,0.15604382753372206,1.1180864572525024,0.214614599943161,0.3907910585403455,10.627976417541504
1785985391.8662307,-0.4736022651195526,0.07122115045785916,1.070832371711731,0.214614599943161,0.3907910585403455,10.627976417541504
1785985391.8832307,-0.5103165507316589,0.01958311535418046,1.016370177268982,0.18125395476818085,0.488165616989137,10.416534423828125
1785985391.9072316,-0.5288750529289246,-0.0107350656762718,0.9506778717041016,-0.6423903107643127,0.6609770059585582,9.509827613830566
1785985391.9242318,-0.4729842245578766,0.002247917698696365,0.8929346203804016,-2.173562526702881,1.2438623905181896,9.788430213928223
1785985391.9472318,-0.47304031252861023,-0.0064369784668086944,0.8316601514816284,0.6628492474555969,0.2584077715873731,10.286569595336914
1785985391.9652317,-0.501478910446167,0.0306232925504447,0.7830424308776855,-0.5795532464981079,1.1407421827316295,9.422294616699219
1785985391.982232,-0.4928143322467804,0.0014736237935722765,0.7277429699897766,-1.0170058012008667,1.0072896480560314,9.665639877319336
1785985392.0062323,-0.4687430262565613,0.014671584591269576,0.6777228116989136,0.07808268815279007,1.0407228469848646,10.252701759338379
1785985392.028232,-0.48100194334983826,0.04125176742672928,0.6343904137611389,-1.0192809104919434,0.7757954597473157,9.74181842803955
1785985392.0462322,-0.4834264814853668,0.07488019019365318,0.5817193984985352,-1.1569751501083374,1.0182242393493666,10.206852912902832
1785985392.0632322,-0.4652533531188965,0.09077185392379768,0.5297430157661438,-0.1335931271314621,0.9613127112388624,11.080370903015137
1785985392.0872343,-0.45392122864723206,0.023876093327999174,0.49139687418937683,-0.9775161743164062,1.2001529932022108,10.423192024230957
1785985392.1042342,-0.4308953881263733,-0.015385027974843923,0.4494917392730713,-0.46561676263809204,0.7567934989929213,10.711057662963867
1785985392.1262343,-0.42055994272232056,-0.06062462180852885,0.4201858341693878,-0.28462690114974976,1.1518954038620008,10.347061157226562
1785985392.1462343,-0.3942551612854004,-0.09844053536653515,0.39501088857650757,-0.6084091067314148,0.5107588768005384,10.76096248626709
1785985392.1662343,-0.35654187202453613,-0.09510215371847149,0.36986440420150757,1.0194824934005737,0.10656538605690138,11.120207786560059
1785985392.1862366,-0.3277631998062134,-0.09134444594383234,0.44667285680770874,-0.6897951364517212,1.142867445945741,9.989679336547852
1785985392.2032366,-0.31682804226875305,-0.08875834941864007,0.5204620957374573,-1.15470290184021,1.0786026716232313,10.76296615600586
1785985392.2212365,-0.28500744700431824,-0.04359722882509224,0.6409543752670288,-0.4106360077857971,0.6925117969512953,10.792344093322754
1785985392.2452366,-0.2782219350337982,0.006248278543353173,0.7476209998130798,-1.119187593460083,1.1203057765960707,10.621935844421387
1785985392.2642365,-0.29318857192993164,0.06540089100599299,0.8349979519844055,-0.0472690612077713,0.8511500358581556,10.700522422790527
1785985392.282237,-0.387151300907135,0.12069578468799602,0.9458971619606018,-1.0489448308944702,0.6653373837471022,10.738058090209961
1785985392.306237,-0.45518603920936584,0.13892705738544478,1.057239294052124,0.5423058271408081,0.8377324938774122,10.90601921081543
1785985392.324237,-0.48289310932159424,0.11408097296953215,1.133528232574463,-2.5767669677734375,1.0257061719894423,10.910967826843262
1785985392.342237,-0.552906334400177,0.030989602208137665,1.2490211725234985,0.5331615209579468,0.7660301923751844,10.427632331848145
1785985392.3662372,-0.5873145461082458,-0.09457063674926741,1.3224796056747437,1.055813193321228,1.3820033073425306,10.17133617401123
1785985392.384237,-0.5920512676239014,-0.23668827116489394,1.39988112449646,-1.3175722360610962,1.3485070466995253,10.543020248413086
1785985392.426238,-0.6970945596694946,-0.48816582560539223,1.6017870903015137,1.3871800899505615,1.1159199476242079,10.579314231872559
1785985392.445238,-0.7556265592575073,-0.6135188341140745,1.6726311445236206,-0.7151807546615601,0.7151269316673292,10.962800025939941
1785985392.463238,-0.8331766724586487,-0.6238274574279783,1.768111228942871,-3.1463756561279297,1.2667944431304945,10.295238494873047
1785985392.48724,-0.8746252059936523,-0.5981921553611753,1.8355646133422852,-0.9319103360176086,1.4629822969436659,10.75147533416748
1785985392.5052402,-0.8679955005645752,-0.5463013648986814,1.8834093809127808,-3.5080008506774902,1.377946257591249,10.428755760192871
1785985392.52324,-0.8809208273887634,-0.47013399004936196,1.9739924669265747,-1.0818921327590942,1.3993574380874645,9.833904266357422
1785985392.5642402,-0.7204040884971619,-0.35552388429641696,2.070603609085083,1.3608431816101074,1.0182352066040052,10.209757804870605
1785985392.5812402,-0.6612040400505066,-0.303267031908035,2.154482126235962,1.6249024868011475,0.6811667084693921,10.370041847229004
1785985392.6052418,-0.6058562397956848,-0.2481804043054578,2.22082781791687,-2.639733076095581,1.241805434226991,10.85799503326416
1785985392.6222417,-0.53780198097229,-0.18705792725086184,2.249678611755371,-2.5634231567382812,1.5077278614044203,10.988056182861328
1785985392.6462417,-0.5039027333259583,-0.19261556863784762,2.3468189239501953,-3.1689579486846924,1.2832720279693617,10.495696067810059
1785985392.6632416,-0.47656285762786865,-0.176152095198631,2.3689725399017334,-1.6893483400344849,1.2394983768463148,11.21816635131836
1785985392.6812418,-0.41610848903656006,-0.1478679031133649,2.3100483417510986,-2.764045476913452,1.1913743019104017,10.667495727539062
1785985392.7052429,-0.34208357334136963,-0.09308937191963168,2.2121293544769287,-3.3389265537261963,0.826632082462312,10.338846206665039
1785985392.7222428,-0.21587397158145905,-0.05990654602646801,2.1332473754882812,0.7749224305152893,1.2942373752594007,10.496710777282715
1785985392.7452428,-0.052667006850242615,0.006811597850173962,2.041822910308838,-0.7321978807449341,1.2205032110214247,10.214119911193848
1785985392.763243,0.028712019324302673,0.08356250077486062,1.9462509155273438,-1.7355502843856812,0.7832527756690991,10.239008903503418
1785985392.7862453,0.028516318649053574,0.10768605768680596,1.877777338027954,-0.9158549308776855,0.7844827175140393,10.165523529052734
1785985392.8092453,0.010500037111341953,0.18009303510189079,1.7490977048873901,-0.3018571734428406,0.3821668624877943,10.946154594421387
1785985392.8272452,0.04034024849534035,0.18520766496658345,1.6907250881195068,0.513013482093811,0.43805140256881847,10.760811805725098
1785985392.8442452,-0.039317864924669266,0.2111755758523943,1.593762993812561,0.46758517622947693,0.38887238502502575,10.724129676818848
1785985392.8622453,-0.09736824035644531,0.2268584519624712,1.5294952392578125,-1.7105772495269775,0.4993055462837232,10.282907485961914
1785985392.8852453,-0.16932213306427002,0.24841091036796586,1.4369722604751587,0.5225016474723816,0.2106520086526884,10.837940216064453
1785985392.903246,-0.31996390223503113,0.298332065343857,1.3362709283828735,-0.16583873331546783,0.09905636310577517,10.231346130371094
1785985392.926246,-0.42094236612319946,0.31758147478103654,1.2666395902633667,0.5124772191047668,0.5867123007774366,10.599072456359863
1785985392.944246,-0.4746414124965668,0.3376178145408632,1.1718931198120117,0.31721267104148865,-0.27299520373344294,10.6284761428833
1785985392.961246,-0.5268447995185852,0.30182066559791576,1.0975393056869507,-0.5908337831497192,0.6962549090385449,10.407020568847656
1785985392.9842455,-0.5846089720726013,0.22084766626358046,1.0434503555297852,-0.5908337831497192,0.6962549090385449,10.407020568847656
1785985393.0022454,-0.5866246223449707,0.16208669543266307,0.9858199954032898,0.05826740339398384,0.5778561234474195,10.468313217163086
1785985393.0252454,-0.5799538493156433,0.11633173376321804,0.935257077217102,-0.6888294219970703,0.2627630233764661,10.363807678222656
1785985393.0432456,-0.6294559240341187,0.10787300765514385,0.8708239793777466,-0.4648965001106262,1.0626552104949964,10.379570007324219
1785985393.0662456,-0.681545615196228,0.10665062814950953,0.8203892707824707,-0.9290428757667542,0.8080747723579419,9.530598640441895
1785985393.0842454,-0.6692034006118774,0.09213760495185862,0.7636492848396301,-2.159088611602783,1.193569064140321,9.886476516723633
1785985393.1072462,-0.6447315216064453,0.07257856428623208,0.7229960560798645,-0.0808970034122467,0.952311456203462,10.83912181854248
1785985393.1252463,-0.6522254347801208,0.09701211005449303,0.6679959893226624,-0.3164592385292053,0.6863205432891858,10.396183013916016
1785985393.1422462,-0.6197654604911804,0.09584606438875207,0.6299209594726562,-0.17881321907043457,0.6496205925941481,10.569568634033203
1785985393.1662462,-0.556541383266449,0.1366266757249833,0.5856801867485046,-1.71427583694458,1.4794248342514051,10.33874797821045
1785985393.1832485,-0.5005652904510498,0.09117510914802558,0.5358988046646118,-0.17961952090263367,0.76943475008011,10.632555961608887
1785985393.2062485,-0.43997955322265625,0.06397167593240743,0.4986742436885834,-0.8400357365608215,1.1568379402160658,10.127252578735352
1785985393.2472486,-0.26285624504089355,0.0635348334908486,0.4278424084186554,-0.2675909698009491,0.6647112369537367,10.491515159606934
1785985393.2652485,-0.23688597977161407,0.028248524293303545,0.4501107633113861,0.5609522461891174,0.4757933616638197,10.794071197509766
1785985393.287249,-0.21393990516662598,0.054371576756239,0.5187481045722961,-0.6394909620285034,0.8444287180900587,10.790435791015625
1785985393.305249,-0.19123226404190063,0.03706873580813415,0.5885583162307739,0.5811605453491211,0.8008489012718213,10.112221717834473
1785985393.3222492,-0.2066621482372284,0.03757150098681458,0.6635259985923767,0.250102162361145,0.6904774904251112,10.492998123168945
1785985393.346249,-0.2363712191581726,0.01136855501681576,0.797911524772644,-0.10329984128475189,0.789189159870149,10.744965553283691
1785985393.363249,-0.26983436942100525,0.010120338760316483,0.8999098539352417,-0.4303392171859741,0.926246762275697,10.376660346984863
1785985393.3862493,-0.3388742506504059,0.007106865756213786,0.9845303297042847,-0.4303392171859741,0.926246762275697,10.376660346984863
1785985393.4042494,-0.45964735746383667,-0.037626776844262945,1.0617408752441406,-0.1625717580318451,0.8230369687080397,10.610384941101074
1785985393.4272494,-0.5547024011611938,-0.0955879911780356,1.1864150762557983,-0.1625717580318451,0.8230369687080397,10.610384941101074
1785985393.4452493,-0.581815242767334,-0.19429618120193465,1.2895302772521973,-0.6440640091896057,0.9596139788627639,11.343061447143555
1785985393.4622493,-0.639999508857727,-0.2561566531658171,1.3653992414474487,-0.04666551575064659,0.7843301296234144,10.635937690734863
1785985393.4862516,-0.70699143409729,-0.3238722085952757,1.4880754947662354,0.9929807782173157,1.1640565395355238,10.905517578125
1785985393.5032516,-0.7039322257041931,-0.36225137114524825,1.5684870481491089,-0.7191211581230164,0.6127903461456312,10.537094116210938
1785985393.5272517,-0.6936301589012146,-0.38619419932365395,1.6257243156433105,-1.5979641675949097,0.5976983904838574,10.293903350830078
1785985393.5442517,-0.756110429763794,-0.37841075658798196,1.7603590488433838,-1.3484547138214111,0.798582196235658,10.3467435836792
1785985393.5672517,-0.7551051378250122,-0.3745768070220945,1.8109546899795532,-3.049241065979004,1.3792841434478773,10.3845853805542
1785985393.5852516,-0.7132505774497986,-0.4008330404758451,1.8733102083206177,-2.652770519256592,0.830323934555055,10.486359596252441
1785985393.6022525,-0.7272281050682068,-0.39084017276763894,1.9260567426681519,1.0608103275299072,0.640872418880464,10.54886531829834
1785985393.6252525,-0.6836642622947693,-0.37856194376945473,2.025003671646118,-0.16736871004104614,0.38088369369506964,10.524863243103027
1785985393.6662524,-0.6463587880134583,-0.36863097548484774,2.1136014461517334,-0.4647863507270813,1.099424481391908,10.0995512008667
1785985393.6842525,-0.6298519968986511,-0.35668498277664157,2.1577224731445312,-2.973846197128296,0.9675395488739026,10.031319618225098
1785985393.707254,-0.5772187113761902,-0.3174116313457486,2.2338314056396484,-2.719087839126587,1.1149863004684462,10.245461463928223
1785985393.724254,-0.5452636480331421,-0.2653913199901578,2.2793023586273193,-1.5540764331817627,0.8529964089393629,10.703570365905762
1785985393.748254,-0.5589147806167603,-0.184863209724426,2.3065361976623535,-1.6520088911056519,0.8248779177665723,10.16861343383789
1785985393.765254,-0.5361504554748535,-0.11910756677389116,2.32873272895813,-1.1822717189788818,0.966379761695863,10.286137580871582
1785985393.782254,-0.5254040956497192,-0.012807636521756373,2.2553322315216064,0.3195757269859314,0.7478302717208876,10.82811164855957
1785985393.8122542,-0.4525647759437561,0.05964858829975154,2.11822509765625,0.9308169484138489,-0.09812703728675704,11.346726417541504
1785985393.823254,-0.4090028703212738,0.035476718097925436,2.057392120361328,-0.447945773601532,1.2080355882644664,9.88978099822998
1785985393.8472543,-0.27533718943595886,0.03244666010141397,1.9721548557281494,-1.993704080581665,1.0816890001297008,9.486068725585938
1785985393.8632543,-0.18223178386688232,0.02593240514397644,1.8819878101348877,-0.14910854399204254,1.0331852436065685,9.908319473266602
1785985393.8872545,-0.14588138461112976,0.01749916188418887,1.7988358736038208,-0.1982552856206894,0.819498419761659,10.5045747756958
1785985393.9052544,-0.1477518230676651,0.04759841412305853,1.707937240600586,1.1220524311065674,0.48663944005966314,10.387289047241211
1785985393.9222546,-0.17695531249046326,0.07822271436452885,1.6240166425704956,0.1873963177204132,0.6897160410881056,10.975802421569824
1785985393.9452546,-0.2559308409690857,0.13815577328205128,1.5359363555908203,0.8222335577011108,0.2143656611442579,10.645963668823242
1785985393.9632545,-0.29469946026802063,0.11625672131776828,1.4434090852737427,-1.2826786041259766,0.9601525068283093,10.21517562866211
1785985393.9862545,-0.32121554017066956,0.09538023173809068,1.3699560165405273,-0.7120991349220276,0.28099620342254766,10.308414459228516
1785985394.0272553,-0.5005060434341431,0.098822094500065,1.2051374912261963,-0.7792439460754395,0.49470052123069885,10.098421096801758
1785985394.0442553,-0.5285789370536804,0.11538809537887587,1.132073163986206,0.04979140684008598,0.5202670097351088,10.51224422454834
1785985394.0682552,-0.5320889949798584,0.13881692290306105,1.0523579120635986,-0.34163549542427063,0.43082553148269787,11.025938034057617
1785985394.0852551,-0.5726377964019775,0.14971482753753673,1.0045816898345947,-0.8369518518447876,0.7665428519248976,10.50932502746582
1785985394.109256,-0.5633450746536255,0.14699889719486248,0.9320394992828369,-0.27450424432754517,0.4675785601139082,10.823540687561035
1785985394.126256,-0.5227352380752563,0.1630128175020219,0.877993106842041,-0.8154049515724182,0.5203245282173169,9.778282165527344
1785985394.144256,-0.48567891120910645,0.18614041805267345,0.8107835650444031,-0.1767278015613556,0.4448439776897443,10.400392532348633
1785985394.167256,-0.4893278181552887,0.22039493918418893,0.7541670799255371,-0.8232581615447998,0.4975852668285384,11.147080421447754
1785985394.184256,-0.44835564494132996,0.22931544482707986,0.7031348347663879,0.9910496473312378,-0.02067246288061009,10.848867416381836
1785985394.2072577,-0.41781699657440186,0.21872884035110482,0.6487991809844971,-0.4497756063938141,0.9439507126808179,10.257708549499512
1785985394.2262578,-0.4194739758968353,0.2053873538970948,0.6091951131820679,-0.20537206530570984,0.7112063765525831,10.46937084197998
1785985394.2432578,-0.4182251989841461,0.1645606309175492,0.5604463815689087,-0.3552156686782837,0.7683649063110365,10.699214935302734
1785985394.2662578,-0.3623432219028473,0.0959278196096421,0.5291896462440491,0.8692729473114014,0.14462351799011372,11.449691772460938
1785985394.2842586,-0.3261244595050812,0.08670262247323995,0.4863240122795105,0.8798108100891113,0.18156293034553664,11.089951515197754
1785985394.3072586,-0.3158020079135895,0.04451893270015722,0.4561613202095032,-1.8079774379730225,1.5607336759567272,9.3649320602417
1785985394.3242586,-0.2592524588108063,0.012573041021823933,0.4082794189453125,-1.8079774379730225,1.5607336759567272,9.3649320602417
1785985394.3472586,-0.1936345398426056,-0.011304688639938781,0.4039614200592041,-0.6212818026542664,0.5883209705352795,10.232942581176758
1785985394.3652585,-0.26689088344573975,0.003354106564074815,0.49363189935684204,-0.7145995497703552,0.28027218580246105,10.831180572509766
1785985394.3822587,-0.3410019874572754,0.05972180142998702,0.5800882577896118,-0.5920590758323669,0.72382688522339,10.83561897277832
1785985394.40626,-0.45755648612976074,0.05693782866001138,0.7396844029426575,-3.5159475803375244,0.9620369076728834,10.616728782653809
1785985394.4462602,-0.504937469959259,-0.07361017912626255,0.9511076807975769,-0.8327831625938416,1.10722577571869,9.903871536254883
1785985394.46426,-0.5575428009033203,-0.16707430779933916,1.0275877714157104,-1.0565760135650635,-0.31514349579810963,11.075435638427734
1785985394.487263,-0.7481649518013,-0.2565245330333708,1.163993000984192,1.1985421180725098,1.1510940790176405,11.249768257141113
1785985394.504263,-0.8390105962753296,-0.2914080321788786,1.278455138206482,0.025568218901753426,1.1469126939773573,10.862142562866211
1785985394.5282629,-0.7855917811393738,-0.32272732257843,1.3649170398712158,-2.5781233310699463,1.2672995328903212,10.654763221740723
1785985394.546263,-0.7755111455917358,-0.3349472582340239,1.5146604776382446,-1.5714384317398071,0.6805040836334242,10.957249641418457
1785985394.563263,-0.739250659942627,-0.3735114037990568,1.603097915649414,1.282913088798523,0.5082732439041151,11.164407730102539
1785985394.5862653,-0.7264916896820068,-0.39015200734138467,1.6535944938659668,-0.9028192162513733,0.5512307882308972,10.412132263183594
1785985394.6032653,-0.7535183429718018,-0.394556403160095,1.717997431755066,-1.305769920349121,0.4971517920494093,10.784187316894531
1785985394.6272652,-0.7171201109886169,-0.3933713138103483,1.8172551393508911,-0.08014998584985733,1.2452086210250868,10.385095596313477
1785985394.6432652,-0.6282476186752319,-0.40370061993598916,1.8788189888000488,0.32586485147476196,1.3678071498870863,10.47217845916748
1785985394.6612651,-0.5501121282577515,-0.4142816364765165,1.9413704872131348,-2.2248523235321045,1.4865095615386976,10.469958305358887
1785985394.6862652,-0.5176298022270203,-0.41282537579536416,2.029360771179199,-1.1945598125457764,1.6597275733947767,10.67894172668457
1785985394.7032669,-0.5388531684875488,-0.42931643128395053,2.1037449836730957,-1.1026982069015503,0.7797118425369276,10.646624565124512
1785985394.7262669,-0.4875316619873047,-0.36124739050865146,2.1177828311920166,-1.1070995330810547,0.8141051530838026,10.591314315795898
1785985394.7442667,-0.46286439895629883,-0.31111550331115695,2.1392788887023926,0.11572906374931335,0.6771380901336682,10.361239433288574
1785985394.7672668,-0.3932192325592041,-0.31519222259521457,2.2307121753692627,1.1861480474472046,0.7411845326423657,10.077594757080078
1785985394.7842667,-0.3308905363082886,-0.28933292627334567,2.2575862407684326,1.255609154701233,1.3034502267837538,10.369462013244629
1785985394.8142688,-0.3329443633556366,-0.20773267745971652,2.3077118396759033,-0.546393871307373,1.2408722639083876,10.284993171691895
1785985394.8252687,-0.38021120429039,-0.17860913276672336,2.3773937225341797,-1.3121123313903809,1.2961612939834608,10.498963356018066
1785985394.8432689,-0.33127737045288086,-0.1572015732526776,2.389235734939575,-0.3943813741207123,0.7250442504882825,10.417323112487793
1785985394.8652687,-0.30300188064575195,-0.10074769705533952,2.335768699645996,-0.5121078491210938,0.4400927722454084,10.446188926696777
1785985394.8832688,-0.2782308757305145,-0.03316531702876063,2.269442319869995,-0.483629047870636,0.8645669221878064,10.177484512329102
1785985394.9072695,-0.18616053462028503,0.05824477225542095,2.1725006103515625,-0.13647660613059998,1.0306226015090953,9.783247947692871
1785985394.9252696,-0.1665138304233551,0.12218081951141384,2.096522092819214,1.7446218729019165,-0.051298439502714795,10.34428882598877
1785985394.9482696,-0.19832289218902588,0.16247968375682856,1.9872510433197021,1.3513165712356567,0.6551404595375073,10.147132873535156
1785985394.9652696,-0.24577973783016205,0.14792083203792594,1.872308611869812,0.27477216720581055,0.012289479374886893,10.894278526306152
1785985394.9832723,-0.30516383051872253,0.14717869460582755,1.7815412282943726,-1.5625884532928467,0.8974594473838818,10.0769624710083
1785985395.0062723,-0.4310813248157501,0.16754361987113972,1.6831790208816528,-0.5615087151527405,0.9110664129257214,9.782720565795898
1785985395.0242724,-0.5039926171302795,0.188897952437401,1.6113849878311157,0.2739097476005554,0.2134966701269163,10.790173530578613
1785985395.0462723,-0.5263144969940186,0.21530669927597065,1.5163211822509766,-0.4874267280101776,0.5510813593864453,10.21120834350586
1785985395.0642724,-0.564917802810669,0.21207007765769975,1.4314725399017334,0.12106573581695557,0.21783034503460055,10.211601257324219
1785985395.0812724,-0.5768346786499023,0.17981486022472398,1.3391423225402832,0.4051860272884369,0.9617075324058545,10.320282936096191
1785985395.1042724,-0.5748966932296753,0.11278864741325394,1.2456132173538208,-0.6807349920272827,0.7946211695671094,10.407283782958984
1785985395.1272724,-0.5686232447624207,0.07557350397109999,1.1635613441467285,-0.5308199524879456,0.7697716355323804,10.238677978515625
1785985395.1452725,-0.5761238932609558,0.03668408840894712,1.0663121938705444,-0.46905478835105896,0.40894955396652344,10.050310134887695
1785985395.1632724,-0.5748580098152161,0.000543062109500293,1.0065277814865112,-0.385456919670105,1.1241391897201551,10.163284301757812
1785985395.1862724,-0.5360660552978516,-0.06046906858682621,0.924320638179779,-1.1340299844741821,0.6018086671829236,9.927400588989258
1785985395.2042737,-0.5039345026016235,-0.10999596863985052,0.8451858758926392,-0.35456255078315735,0.9435432553291333,10.254096984863281
1785985395.2212737,-0.5160049796104431,-0.1827104091644286,0.7992129921913147,-0.5386757254600525,1.2207239866256727,10.422731399536133
1785985395.2452736,-0.4752739667892456,-0.2611330747604369,0.745552659034729,0.7128913998603821,0.8313601613044752,10.807663917541504
1785985395.2682736,-0.4185481667518616,-0.2445906996726989,0.7069595456123352,-1.209094762802124,0.9694589972496045,9.895783424377441
1785985395.2862737,-0.3850252330303192,-0.20789463818073264,0.6886705756187439,-0.11750838160514832,1.1293718814849867,10.428766250610352
1785985395.3032753,-0.341734915971756,-0.18807782232761375,0.6525346040725708,-0.12356655299663544,0.8163825273513807,10.613259315490723
1785985395.3272755,-0.28699350357055664,-0.1867586374282836,0.6007350087165833,-1.790208101272583,1.3660954236984264,9.855670928955078
1785985395.3442755,-0.26693007349967957,-0.17144465446472162,0.5582854151725769,-0.1192949116230011,0.448337018489839,10.972155570983887
1785985395.3672755,-0.2647969126701355,-0.14263093471527094,0.5280852317810059,-0.3110044598579407,0.9704448580741896,10.64815616607666
1785985395.3842754,-0.26610368490219116,-0.12616816163063044,0.48986420035362244,-0.07916903495788574,0.863525211811067,10.804898262023926
1785985395.4022772,-0.2554926574230194,-0.10959602892398829,0.45421019196510315,0.3108762204647064,0.11799451708793775,10.951166152954102
1785985395.4252772,-0.27048954367637634,-0.07648067176342005,0.42851099371910095,0.24443575739860535,0.30747807025909557,10.690523147583008
1785985395.4482772,-0.23539389669895172,-0.01818443275988097,0.39529407024383545,-0.2387782782316208,0.872122406959535,10.723172187805176
1785985395.4662774,-0.2502817213535309,0.05373027920722968,0.5169721841812134,-0.0775490254163742,0.9161924719810498,10.174169540405273
1785985395.4832773,-0.23773722350597382,0.1126144006848336,0.6009384989738464,-0.4447212219238281,0.5510401129722607,10.367475509643555
1785985395.5072763,-0.22061190009117126,0.17455048859119424,0.6848081350326538,-0.7675103545188904,0.89814329147339,10.444900512695312
1785985395.5252762,-0.23343192040920258,0.21893034875392925,0.8128666877746582,1.441817283630371,0.6012004017829908,10.858397483825684
1785985395.5482762,-0.24961096048355103,0.23741996288299572,0.9301003217697144,0.24915054440498352,0.6492124199867262,10.763111114501953
1785985395.5662763,-0.27643609046936035,0.23492982983589183,0.997319757938385,-0.9482927918434143,0.5820220708847059,10.476717948913574
1785985395.5832763,-0.3328492045402527,0.20747995376586928,1.0800015926361084,-0.10530507564544678,0.8627688288688672,10.353020668029785
1785985395.6242764,-0.48003247380256653,0.033961229026317756,1.3026856184005737,-0.10796679556369781,0.8155611157417311,10.681693077087402
1785985395.6472764,-0.590073823928833,-0.07109524309635146,1.3939955234527588,-1.410818338394165,0.6916586160659803,10.432119369506836
1785985395.6652765,-0.660053551197052,-0.14498816430568676,1.521938443183899,-1.685874581336975,0.56045037508011,10.650862693786621
1785985395.6822765,-0.6627076268196106,-0.20144480466842632,1.5937997102737427,-1.6203595399856567,1.0011444091796888,10.109006881713867
1785985395.7062778,-0.6459457874298096,-0.2923932075500486,1.656505823135376,-1.5156718492507935,1.3442203998565687,10.28314208984375
1785985395.7232778,-0.6357709765434265,-0.3529543578624723,1.7316601276397705,-1.4931765794754028,0.968759119510652,10.433747291564941
1785985395.7462778,-0.6118815541267395,-0.3601112365722654,1.827535629272461,0.05827730894088745,0.8435062170028699,10.107454299926758
1785985395.7642777,-0.5994129180908203,-0.32619887590408303,1.8966853618621826,-1.1734583377838135,1.1241873502731337,10.0491943359375
1785985395.7872791,-0.6834079027175903,-0.2901279330253599,1.944602608680725,-0.0337701290845871,0.9802356958389294,10.080751419067383
1785985395.811279,-0.8007868528366089,-0.22071893513202642,2.0563554763793945,1.8160326480865479,0.5213989019393933,9.967564582824707
1785985395.828279,-0.8039253354072571,-0.1826258003711698,2.0667738914489746,0.9251532554626465,0.5765438079833998,10.554328918457031
1785985395.845279,-0.8067797422409058,-0.15882056951522802,2.0922513008117676,0.8861871361732483,0.8696449995040906,9.716268539428711
1785985395.862279,-0.791735053062439,-0.1488517671823499,2.130120277404785,-0.3686996102333069,1.3248966932296764,9.510005950927734
1785985395.886279,-0.6963986158370972,-0.20542243123054477,2.222322702407837,1.6414587497711182,1.0266796350479137,9.379546165466309
1785985395.9032805,-0.5717213749885559,-0.19833397865295382,2.2738029956817627,2.1050057411193848,0.7365170717239392,9.772147178649902
1785985395.9262805,-0.47140011191368103,-0.14839938282966586,2.3080501556396484,-0.5705520510673523,0.9489465951919569,10.542363166809082
1785985395.9442806,-0.404644638299942,-0.12704202532768222,2.328556537628174,0.7611008882522583,1.1280999183654796,9.969493865966797
1785985395.9622805,-0.2798965275287628,-0.07434181869029971,2.2651419639587402,-0.41456013917922974,1.2839280366897594,9.765822410583496
1785985395.9842808,-0.1938682198524475,0.023601476103067665,2.1672701835632324,-0.4171755909919739,1.8517476320266735,9.329625129699707
1785985396.0082808,-0.15290644764900208,0.07688025385141398,2.082608938217163,-0.6248718500137329,0.7909681200981152,9.665045738220215
1785985396.0262809,-0.1338975876569748,0.13075202703475977,2.002328634262085,-0.2683272957801819,0.6912878751754773,9.991523742675781
1785985396.0432808,-0.12559498846530914,0.17942713201046012,1.9058197736740112,0.32438284158706665,0.6961323618888867,10.18332576751709
1785985396.0662808,-0.16768595576286316,0.21122837066650413,1.8155356645584106,0.5977320075035095,0.6773179173469556,10.299245834350586
1785985396.0842807,-0.20213699340820312,0.21815635263919853,1.7297996282577515,-0.8471696972846985,1.0377613306045546,10.332513809204102
1785985396.107282,-0.2767943739891052,0.21531708538532277,1.631035327911377,0.5953404903411865,0.7129932045936598,10.469648361206055
1785985396.1252818,-0.3195313513278961,0.22077131271362324,1.5553529262542725,1.2097941637039185,-0.4700042903423296,10.734844207763672
1785985396.1482818,-0.3701567053794861,0.21697984635829942,1.4648184776306152,0.4204038381576538,0.4887275695800795,11.181729316711426
1785985396.1652818,-0.44097116589546204,0.17593488097190874,1.3838608264923096,0.7094542384147644,-0.05176850780844563,10.270840644836426
1785985396.183282,-0.49465039372444153,0.16023977100849168,1.3109177350997925,-1.3474600315093994,0.588846027851106,10.298447608947754
1785985396.2062836,-0.5229586958885193,0.11458353698253647,1.222367763519287,0.5548160672187805,0.24477033317089217,11.05416488647461
1785985396.2242837,-0.5405218601226807,0.09837643057107939,1.145127296447754,0.16422130167484283,0.5460827946662915,10.166863441467285
1785985396.2472837,-0.5455689430236816,0.11035232990980162,1.0768227577209473,-0.7373541593551636,1.1599887609481825,10.329171180725098
1785985396.2652836,-0.5465788841247559,0.07567140460014356,1.0109155178070068,-0.23122112452983856,0.4530414938926709,9.956391334533691
1785985396.2822835,-0.5351057052612305,0.08054912835359584,0.9439606070518494,-1.6864434480667114,1.328207015991212,9.722798347473145
1785985396.3052857,-0.5310053825378418,0.08419130742549907,0.8819271326065063,0.09916704148054123,0.6906707882881178,10.966107368469238
1785985396.3222857,-0.5057783126831055,0.11007069051265726,0.8174492120742798,0.3655768632888794,0.41799494624138006,10.348572731018066
1785985396.3462856,-0.468482106924057,0.08362267166376124,0.7674777507781982,-0.1636747270822525,0.8781173825263989,9.931020736694336
1785985396.4042869,-0.4234029948711395,0.050389550626278,0.6171294450759888,1.1073987483978271,1.0141036510467543,10.420686721801758
1785985396.4272869,-0.4116588532924652,0.024697847664356305,0.5870037078857422,-1.2609461545944214,0.6462788581848158,10.812325477600098
1785985396.445287,-0.39894601702690125,-0.01779192499816411,0.5396018028259277,-0.8219569325447083,0.22288718819618356,10.75709056854248
1785985396.462287,-0.40807732939720154,0.0006631971336901811,0.5088467001914978,-1.0368505716323853,0.6896788477897656,10.352608680725098
1785985396.4862878,-0.4003738462924957,-0.034987851977348265,0.4844572842121124,-0.1323339194059372,0.5025768876075758,10.920431137084961
1785985396.5032878,-0.36312782764434814,-0.06239664554595942,0.44091105461120605,-0.06125763803720474,0.423402935266496,10.277569770812988
1785985396.5212877,-0.33752912282943726,-0.07611165195703501,0.4197121560573578,-0.591313362121582,0.5585826039314282,9.852547645568848
1785985396.5502877,-0.3364032506942749,-0.07779144495725626,0.42878279089927673,-0.803619384765625,0.7923898696899426,10.067988395690918
1785985396.5672877,-0.31598156690597534,-0.08077357709407801,0.4835834801197052,-0.9436811804771423,0.7274401187896741,10.162687301635742
1785985396.5852878,-0.3390728235244751,-0.05505562573671334,0.5937989950180054,-0.3912397623062134,0.6715063452720655,10.566287994384766
1785985396.6022894,-0.35591521859169006,-0.06618496775627128,0.688919723033905,-0.5865063667297363,0.9725967049598706,10.082228660583496
1785985396.6252894,-0.350947767496109,-0.05296793580055227,0.7851259112358093,-1.0983693599700928,0.8022823333740247,10.363971710205078
1785985396.6432896,-0.38826099038124084,-0.016587201505899322,0.8758631944656372,0.9939975738525391,1.1717563867568983,10.314924240112305
1785985396.6662896,-0.43999093770980835,0.013494629412889602,0.9952508211135864,0.4252786636352539,0.9777204990386976,10.536433219909668
1785985396.6832922,-0.4727017283439636,0.02907350473105921,1.0914514064788818,-1.1878347396850586,0.8148307800292982,10.53125
1785985396.701292,-0.5561882257461548,0.05117267370224013,1.161520004272461,-1.8523238897323608,0.48541179299354675,10.17239761352539
1785985396.724292,-0.663108766078949,-0.014852022752165635,1.3054966926574707,0.20320914685726166,1.2716962099075328,9.730204582214355
1785985396.747292,-0.7342202067375183,-0.11273549497127516,1.388337254524231,-0.47268056869506836,0.7555110454559338,10.273539543151855
1785985396.7652922,-0.7138680815696716,-0.1742208302021025,1.4536842107772827,-1.6041285991668701,1.4796178340911876,9.63206672668457
1785985396.782295,-0.7250251770019531,-0.2191700041294096,1.528342366218567,-2.0186471939086914,0.7094863653182996,9.795055389404297
1785985396.806295,-0.7436193823814392,-0.2197963297367094,1.66204035282135,-1.6503163576126099,1.339316487312318,9.621004104614258
1785985396.8232949,-0.7365801334381104,-0.26134097576141335,1.7085065841674805,-2.5969886779785156,0.8963779211044324,9.705584526062012
1785985396.8462949,-0.8069019913673401,-0.33826413750648476,1.7771203517913818,-1.3651220798492432,1.0460740327835096,9.995741844177246
1785985396.864295,-0.8375033736228943,-0.4064236581325529,1.827676773071289,-2.742201566696167,1.4858357906341566,10.452895164489746
1785985396.8872955,-0.8040556907653809,-0.4479093849658964,1.9237176179885864,-2.3439173698425293,1.2339075803756725,9.471586227416992
1785985396.9062955,-0.7458686828613281,-0.5030019283294676,1.9850537776947021,-3.0149765014648438,1.613969206809999,10.297531127929688
1785985396.9232955,-0.7198017835617065,-0.49905639886856057,2.0350890159606934,-2.7481067180633545,1.3967903852462782,10.389443397521973
1785985396.9462955,-0.6681239008903503,-0.4941401779651639,2.1535775661468506,-2.7481067180633545,1.3967903852462782,10.389443397521973
1785985396.9642954,-0.6098729372024536,-0.47227782011032077,2.190546989440918,1.2805802822113037,0.9007344245910657,10.18288516998291
1785985396.9812953,-0.6310791373252869,-0.4355614781379697,2.2322349548339844,1.4982043504714966,1.3772603273391735,9.909334182739258
1785985397.0222957,-0.4506663680076599,-0.3603920638561246,2.3110129833221436,-0.340421587228775,1.0032507181167616,10.566200256347656
1785985397.0462956,-0.3732905983924866,-0.3043318092823026,2.358696699142456,1.8024706840515137,1.1842039823532118,10.291744232177734
1785985397.0632956,-0.32279515266418457,-0.25375574827194186,2.290205240249634,-0.8942685127258301,1.3276300430297863,9.881962776184082
1785985397.087296,-0.14759981632232666,-0.1808094531297681,2.197251558303833,-0.5199220776557922,0.9277785420417798,10.204272270202637
1785985397.103296,-0.03674620762467384,-0.10513190925121281,2.1040680408477783,-0.5615503787994385,1.2599055767059337,9.529988288879395
1785985397.127296,-0.017915017902851105,-0.06812826544046377,2.031529188156128,-3.111823320388794,2.4509224891662607,8.64423942565918
1785985397.1452959,0.0009364085271954536,-0.007821558974683047,1.93392813205719,-1.8280446529388428,0.9689676761627208,9.381999015808105
1785985397.1622958,0.0058520399034023285,0.026197545230388867,1.8434884548187256,-0.7996827960014343,1.7985148429870617,9.410030364990234
1785985397.1852958,-0.06834018230438232,0.05006489530205748,1.7625927925109863,-0.2885228991508484,0.4970358610153211,10.61113166809082
1785985397.2092974,-0.11233554780483246,0.11599981039762518,1.6548054218292236,-1.2192697525024414,0.769606113433839,9.296819686889648
1785985397.2262974,-0.10690580308437347,0.15263615548610707,1.566230297088623,0.5235752463340759,0.2801497578620924,10.8978271484375
1785985397.2432976,-0.1588250994682312,0.18247652053833024,1.4695185422897339,0.43669989705085754,0.3887472450733197,10.134015083312988
1785985397.2672975,-0.22120055556297302,0.1842415928840639,1.3757164478302002,-1.0132948160171509,0.7801377773284924,9.645739555358887
1785985397.2842975,-0.2418811321258545,0.19246160984039323,1.3112152814865112,-0.1786750853061676,0.18485170602798587,10.303495407104492
1785985397.3082979,-0.2940433919429779,0.2167347371578218,1.2190383672714233,-0.061128899455070496,-0.11011342704295989,10.133981704711914
1785985397.325298,-0.35775434970855713,0.20679298043251051,1.145655870437622,-1.4906055927276611,0.9512139558792126,9.91450023651123
1785985397.342298,-0.40474092960357666,0.19952806830406203,1.0807451009750366,0.9169232249259949,0.06449311971664559,10.620433807373047
1785985397.365298,-0.45594218373298645,0.19576144218444835,1.0184251070022583,1.4527984857559204,0.21051412820816173,10.856669425964355
1785985397.3882983,-0.5437976717948914,0.1741020679473878,0.9465232491493225,-1.8125905990600586,0.8953844904899608,9.234167098999023
1785985397.4062982,-0.6060096621513367,0.16408418118953716,0.885188639163971,-0.885914146900177,0.4361112117767346,10.056309700012207
1785985397.4232984,-0.6310088038444519,0.17070971429348003,0.8483436703681946,0.299935519695282,0.2761148214340222,10.049247741699219
1785985397.4472983,-0.6692504286766052,0.18315741419792186,0.7978057265281677,0.3467806279659271,0.025690458714963282,10.417645454406738
1785985397.4642982,-0.6536865830421448,0.1696975380182267,0.7546525597572327,-0.05193331092596054,0.7657191753387462,9.284161567687988
1785985397.488299,-0.6366561055183411,0.1347958743572236,0.7106568813323975,-0.9619513154029846,1.6007978916168224,9.825318336486816
1785985397.505299,-0.6364955306053162,0.12115753442049035,0.6740214228630066,-0.21218988299369812,0.3670921325683606,10.001908302307129
1785985397.528299,-0.654088020324707,0.10927091538906106,0.6287062764167786,-1.1071672439575195,0.9052485823631299,9.875417709350586
1785985397.546299,-0.6606757044792175,0.057628266513347695,0.5857558846473694,-0.8125215768814087,0.699884891510011,10.12743854522705
1785985397.5873015,-0.6046440005302429,0.03995076194405562,0.5291149616241455,-1.8658716678619385,1.2675582170486461,9.690027236938477
1785985397.6053016,-0.572034478187561,0.00952332653105265,0.502656102180481,-1.3057351112365723,1.5392861366271984,8.994571685791016
1785985397.6223016,-0.5136483907699585,0.024228725582361277,0.4650922119617462,0.4776419401168823,0.7699284553527844,10.38866901397705
1785985397.6463015,-0.44396311044692993,-0.025174420326948103,0.49956241250038147,0.24866458773612976,0.6600848436355603,10.37396240234375
1785985397.6633015,-0.3819219768047333,-0.028239138424396446,0.560042142868042,0.491613507270813,1.7243802547454845,9.730408668518066
1785985397.6863036,-0.34528034925460815,-0.008475633338093681,0.6227196455001831,-0.948712944984436,0.7887879014015211,10.606830596923828
1785985397.7043035,-0.28791749477386475,-0.03011955320835105,0.7042602896690369,-0.8540017008781433,1.379850983619691,9.968621253967285
1785985397.7273035,-0.23901955783367157,-0.048060804605483905,0.8222785592079163,-3.918576240539551,1.4786713123321547,10.08022403717041
1785985397.7453036,-0.18695645034313202,-0.07170439511537541,0.9191141724586487,0.4079495966434479,0.7128450870513928,10.160661697387695
1785985397.7623036,-0.1660187989473343,-0.07328154146671283,1.021720290184021,2.092472553253174,1.1283333301544203,10.036288261413574
1785985397.8093052,-0.33518120646476746,-0.10912283509969696,1.2832119464874268,0.6946544051170349,0.5272389054298414,10.787313461303711
1785985397.8263052,-0.4012201428413391,-0.11201927810907347,1.33704674243927,0.148312509059906,1.2341982126235975,10.085040092468262
1785985397.844305,-0.4951780140399933,-0.13910806179046614,1.405746579170227,-2.3966779708862305,1.1450898647308363,10.610201835632324
1785985397.867305,-0.5609298348426819,-0.2053719460964201,1.511616587638855,-1.1132436990737915,1.0252993106842052,9.863249778747559
1785985397.8843052,-0.5623335242271423,-0.2812460660934446,1.5868948698043823,-1.3976937532424927,0.6190592646598829,10.445508003234863
1785985397.9023063,-0.5993101000785828,-0.30223673582077004,1.6537352800369263,-1.9026745557785034,1.2266495227813732,9.814519882202148
1785985397.9253063,-0.6436914205551147,-0.358491390943527,1.751165509223938,-1.7521060705184937,1.3539861440658583,9.98865795135498
1785985397.9493065,-0.6679997444152832,-0.37614369392395,1.8319628238677979,-1.2558319568634033,1.020142197608949,10.24713134765625
1785985397.9663064,-0.6590620875358582,-0.38036996126174905,1.8754324913024902,1.6922467947006226,0.11333097517490505,9.682950019836426
1785985397.984309,-0.6931699514389038,-0.3740413188934324,1.9248278141021729,0.9608316421508789,0.2491440176963818,9.833745002746582
1785985398.007309,-0.6737256050109863,-0.35071724653243996,2.007150411605835,-0.8176565766334534,1.252542257308961,9.357015609741211
1785985398.024309,-0.5913827419281006,-0.36675050854682895,2.0635294914245605,-0.5122047066688538,0.935840964317323,10.108685493469238
1785985398.048309,-0.5654314160346985,-0.3238639235496518,2.109625816345215,-1.844907283782959,1.4788613319396984,9.61599063873291
1785985398.065309,-0.5441275238990784,-0.29495766758918734,2.2045440673828125,1.4314621686935425,0.3426753282547009,9.623933792114258
1785985398.082309,-0.5195341110229492,-0.25589364767074557,2.243698835372925,0.3893038034439087,0.8166928887367261,9.634074211120605
1785985398.1063094,-0.5079371929168701,-0.1527857929468152,2.2811172008514404,-1.92961585521698,1.3046808242797863,9.653797149658203
1785985398.1233096,-0.5178605914115906,-0.12218095362186404,2.3060574531555176,-2.011171579360962,1.3235260248184215,9.91385269165039
1785985398.1463096,-0.4734574854373932,-0.0935904458165166,2.3039424419403076,-1.0019866228103638,1.205302476882936,10.037278175354004
1785985398.1643095,-0.4381314218044281,-0.055489644408225736,2.2409939765930176,-1.8817328214645386,0.9147123694419873,9.855947494506836
1785985398.1813095,-0.3718339204788208,-0.001146091846748922,2.159916639328003,-0.9305733442306519,0.8001542091369641,9.598511695861816
1785985398.2053094,-0.29855287075042725,0.10529054701328303,2.0543243885040283,0.6051993370056152,1.346461057662965,9.013162612915039
1785985398.2223096,-0.25168848037719727,0.15266294777393366,1.9830915927886963,-0.8883708715438843,0.16674801707267886,10.102526664733887
1785985398.2453096,-0.22273777425289154,0.1837853640317919,1.898673176765442,-0.7953386902809143,1.2309434413909923,9.255752563476562
1785985398.2633095,-0.22271503508090973,0.1952035427093508,1.8128987550735474,-1.4839820861816406,0.9369673728942883,9.7734956741333
1785985398.28631,-0.22283625602722168,0.23117390275001548,1.7083674669265747,-0.35100114345550537,0.5583117008209241,9.902796745300293
1785985398.30431,-0.24821877479553223,0.24177783727645893,1.6280474662780762,-2.2092840671539307,1.467681407928468,9.400041580200195
1785985398.32731,-0.3287056088447571,0.2501127719879152,1.5309990644454956,0.9510407447814941,0.250053793191911,9.954447746276855
1785985398.34431,-0.37107613682746887,0.22732886672019975,1.449600338935852,0.402072936296463,0.6792963743209851,9.718178749084473
1785985398.36131,-0.3866478204727173,0.20811107754707353,1.3698692321777344,-0.4700467884540558,0.7669745683670056,9.689629554748535
1785985398.38531,-0.4180687665939331,0.177147224545479,1.2923948764801025,-1.3251373767852783,0.5812631249427808,9.891186714172363
1785985398.4083114,-0.457928866147995,0.12434126436710373,1.2132112979888916,0.971832275390625,0.4100793004035962,9.795238494873047
1785985398.4263113,-0.48111405968666077,0.08867316693067565,1.1478761434555054,-0.24128605425357819,0.4518390297889722,10.231139183044434
1785985398.4433112,-0.4894936680793762,0.07239938527345671,1.0832499265670776,0.2569246292114258,0.57972687482834,10.507373809814453
1785985398.4663112,-0.49773651361465454,0.08764055371284497,1.0177273750305176,-1.4345046281814575,0.7679427266120923,9.583145141601562
1785985398.4843113,-0.497650146484375,0.1057945489883424,0.9605257511138916,-1.3044612407684326,0.9624968171119701,9.448442459106445
1785985398.507313,-0.504249095916748,0.11842722445726406,0.9023037552833557,-0.7694225311279297,0.6913313865661633,9.853604316711426
1785985398.5253131,-0.5088053345680237,0.09900423884391794,0.8412202000617981,-0.3779315948486328,0.8293586969375623,9.843003273010254
1785985398.542313,-0.4785509407520294,0.08890827745199213,0.7946337461471558,-0.6239283084869385,0.7122866511344922,9.565999031066895
1785985398.566313,-0.4647789001464844,0.09069399535655984,0.735765814781189,0.6186177730560303,0.2388939112424863,10.142199516296387
1785985398.583314,-0.4370666742324829,0.10159488022327431,0.6857472062110901,-1.8930504322052002,1.0844445228576671,9.552933692932129
1785985398.6073139,-0.42043009400367737,0.13008564710617074,0.6333196759223938,-0.05363874509930611,0.1934703290462506,9.894145011901855
1785985398.6243138,-0.3968367874622345,0.13413350284099587,0.5958993434906006,-0.9434422850608826,1.0397492647171032,9.775614738464355
1785985398.6483138,-0.39121776819229126,0.11413457989692695,0.5489859580993652,0.11030816286802292,0.7748390436172498,9.917067527770996
1785985398.665314,-0.38980039954185486,0.11075422912836082,0.5291473865509033,-2.916964292526245,1.9132504463195812,8.574111938476562
1785985398.682314,-0.3664664924144745,0.0947310552001,0.4915328323841095,-0.8955814838409424,0.46897771954536555,9.5195951461792
1785985398.7053149,-0.3419797718524933,0.06353180855512625,0.4449021816253662,-0.7443094253540039,0.7259267568588269,10.369813919067383
1785985398.7233148,-0.32641810178756714,0.023204736411571558,0.4536859393119812,-0.7437974214553833,1.1255916357040419,10.138293266296387
1785985398.7463148,-0.33516520261764526,0.010704967193305557,0.5207965970039368,-1.878971815109253,0.8489091396331799,9.655614852905273
1785985398.763315,-0.36369064450263977,0.019392881542444302,0.5991359949111938,-0.24142062664031982,0.7854112386703503,10.217876434326172
1785985398.7873156,-0.408263623714447,0.040139369666576476,0.7288007140159607,-2.5779614448547363,1.0297092199325575,9.980806350708008
1785985398.8103156,-0.4120524227619171,0.009111592546105489,0.8491513133049011,-2.6744394302368164,1.1809917688369762,9.770669937133789
1785985398.8283157,-0.3937264382839203,-0.02737656235694874,0.8978009819984436,1.3040074110031128,0.48574072122573975,10.113370895385742
1785985398.8453157,-0.42936408519744873,-0.062309194356202954,1.036655068397522,2.350592851638794,1.047772526741029,9.326837539672852
1785985398.8683157,-0.4629734754562378,-0.08809308707714067,1.127758264541626,2.226837635040283,0.8303076028823865,9.818790435791016
1785985398.8863163,-0.5120691061019897,-0.10678043216466888,1.2081665992736816,1.7435861825942993,0.3010993003845227,9.870811462402344
1785985398.9033165,-0.5814238786697388,-0.1306741833686827,1.2887629270553589,0.6527634263038635,0.28844508528709534,10.134264945983887
1785985398.9263165,-0.6409248113632202,-0.1555120944976805,1.4053184986114502,0.6527634263038635,0.28844508528709534,10.134264945983887
1785985398.9443164,-0.6413102746009827,-0.19490373134613018,1.4964395761489868,-2.0086119174957275,1.3295650482177745,9.53344440460205
1785985398.9673164,-0.6551317572593689,-0.231373608112335,1.5660125017166138,-0.8125208616256714,1.4090003967285167,9.671634674072266
1785985398.9853165,-0.6817278861999512,-0.2424275130033491,1.6690354347229004,0.4537162482738495,0.7619112730026257,10.084813117980957
1785985399.0083182,-0.6637611389160156,-0.3108360171318052,1.7635324001312256,0.3855397403240204,0.4176515042781842,9.877532958984375
1785985399.0263183,-0.6004777550697327,-0.34901294112205483,1.8149772882461548,-1.0234771966934204,0.9044799208641063,9.46065902709961
1785985399.0433183,-0.5778802037239075,-0.40741696953773476,1.8682328462600708,-0.6411324739456177,0.778369426727296,9.510643005371094
1785985399.0673182,-0.5794581770896912,-0.43815499544143655,1.9622714519500732,-1.2645224332809448,1.3247717618942272,9.955358505249023
1785985399.0843182,-0.5342804789543152,-0.43126383423805215,2.0139858722686768,-1.3025768995285034,1.6219274997711193,9.860166549682617
1785985399.1073189,-0.5645037889480591,-0.4071822464466092,2.0660617351531982,-0.6985083222389221,0.9365569949150098,9.56074047088623
1785985399.124319,-0.5983595848083496,-0.374639421701431,2.1043717861175537,-1.6704533100128174,1.20580554008484,9.701760292053223
1785985399.148319,-0.5581685304641724,-0.31482264399528476,2.184208393096924,-2.87907075881958,1.3729597330093397,10.456042289733887
1785985399.165319,-0.5133332014083862,-0.2576377093791959,2.232342481613159,-1.9909636974334717,1.2863764762878431,10.078461647033691
1785985399.183319,-0.5060391426086426,-0.23414483666419955,2.2724578380584717,-0.05534210428595543,1.318847656250001,9.535337448120117
1785985399.2063205,-0.4642843008041382,-0.12795773148536654,2.3579564094543457,-0.10756736993789673,0.6375314593315137,10.16993522644043
1785985399.2233205,-0.41242629289627075,-0.06816755235195131,2.3575010299682617,0.3169156014919281,0.8252081871032726,9.450018882751465
1785985399.2473204,-0.4136272966861725,-0.0001451463322152382,2.282883405685425,-2.890824794769287,0.8939492702484142,9.468876838684082
1785985399.2643206,-0.3747972846031189,0.05076026916503933,2.19718599319458,0.6248944401741028,0.8704982995986951,10.335424423217773
1785985399.2823205,-0.3065948486328125,0.08865174651145961,2.1054680347442627,-2.694671392440796,0.500551760196687,9.736010551452637
1785985399.3053207,-0.2951478064060211,0.16559617221355463,1.9845311641693115,-0.8769152760505676,0.7731296420097363,10.036703109741211
1785985399.3223207,-0.30000755190849304,0.2029622644186022,1.9204270839691162,-0.8719232678413391,0.7389001250267041,10.23457145690918
1785985399.3453207,-0.29910892248153687,0.19974675774574302,1.8245335817337036,-0.6122571229934692,0.8503271341323865,9.840370178222656
1785985399.3633208,-0.30507081747055054,0.23858347535133384,1.740612268447876,0.0677233561873436,0.5548900961875928,9.998048782348633
1785985399.3873208,-0.34280669689178467,0.28591692447662376,1.6419018507003784,-1.2443313598632812,0.7249829173088086,10.369482040405273
1785985399.4043207,-0.34795981645584106,0.33289372920990007,1.551273226737976,-1.7521154880523682,0.5426285862922681,9.872090339660645
1785985399.4273207,-0.35423925518989563,0.3677151203155519,1.4503158330917358,0.043715350329875946,0.14344325661659368,10.326349258422852
1785985399.4443207,-0.40786871314048767,0.37514361739158647,1.3741121292114258,-0.06776908040046692,0.40293088555336126,10.29405403137207
1785985399.4683208,-0.47904884815216064,0.3819205760955812,1.2982815504074097,-1.5117601156234741,0.5474150180816663,9.78333854675293
1785985399.4853208,-0.4966724216938019,0.3578505218029024,1.217162013053894,-1.384172797203064,0.526857376098634,10.177194595336914
1785985399.5033224,-0.5518090128898621,0.338284343481064,1.1336984634399414,-1.595123052597046,0.7818866372108472,10.276865005493164
1785985399.5263224,-0.5960240960121155,0.30740642547607433,1.0604031085968018,-0.2076960802078247,0.5870345234870923,10.374371528625488
1785985399.5443223,-0.6155225038528442,0.26512408256530773,0.9832387566566467,-0.24384185671806335,0.6762412786483778,10.434712409973145
1785985399.5673223,-0.6000179648399353,0.2008292078971864,0.9144684672355652,0.3563132584095001,0.6243147253990186,10.208731651306152
1785985399.5853224,-0.5928511619567871,0.1565433442592622,0.8633071184158325,0.3563132584095001,0.6243147253990186,10.208731651306152
1785985399.6083245,-0.5736516714096069,0.0870986282825471,0.8002820014953613,-0.6757514476776123,0.7416521310806287,10.202528953552246
1785985399.6253247,-0.557305097579956,0.059465862810611815,0.7494082450866699,-0.851242184638977,1.3188358545303358,9.993029594421387
1785985399.6483245,-0.5332646369934082,0.006426634266972628,0.7004862427711487,1.152750015258789,0.4080493152141584,10.41592788696289
1785985399.6663246,-0.4883192181587219,-0.012143346481025141,0.6430786848068237,1.152750015258789,0.4080493152141584,10.41592788696289
1785985399.6833246,-0.47956642508506775,-0.049789495766162796,0.6089835166931152,-0.6152319312095642,0.6855446696281445,9.844100952148438
1785985399.7073267,-0.4845427870750427,-0.08513354510068886,0.5803505778312683,-1.4041624069213867,1.2359110116958631,10.058631896972656
1785985399.7243266,-0.4541342854499817,-0.09280785918235772,0.5367676019668579,-0.34137028455734253,0.5363231897354139,10.867050170898438
1785985399.7483265,-0.4387049376964569,-0.10407464951276772,0.5099434852600098,-0.9320118427276611,0.8489784598350537,10.38273811340332
1785985399.7653267,-0.4194881319999695,-0.06897602975368494,0.47664743661880493,-0.6475037336349487,0.49840751290321483,10.710010528564453
1785985399.7883275,-0.39437606930732727,-0.06947562098503107,0.4405262768268585,0.24703094363212585,0.7545908689498915,10.67033863067627
1785985399.8063273,-0.381832480430603,-0.019315309822559305,0.4182038903236389,-0.7427684664726257,0.9649994373321545,10.30928897857666
1785985399.8233275,-0.38131219148635864,0.026471132412552882,0.3906877636909485,-0.8203781843185425,0.8619944453239454,10.467784881591797
1785985399.8473275,-0.3735038936138153,0.0575197339057923,0.5192787051200867,-2.8912956714630127,1.2435436248779308,9.485455513000488
1785985399.8643274,-0.36444297432899475,0.06792110949754722,0.5759024620056152,-0.36821961402893066,0.6668882966041578,10.560354232788086
1785985399.8873281,-0.3617285192012787,0.04798970371484765,0.6621422171592712,0.9745489358901978,1.9679392576217662,9.695916175842285
1785985399.904328,-0.35527941584587097,0.01600420847535143,0.803791880607605,-1.4040788412094116,0.8908080458641066,10.520243644714355
1785985399.9283283,-0.35715252161026,-0.028235694393515476,0.9074212908744812,-2.516732931137085,1.2532563209533705,10.395364761352539
1785985399.9453282,-0.37223899364471436,-0.0630087926983832,0.996705949306488,-2.264193296432495,0.7097578644752515,10.3631010055542
1785985399.9633281,-0.44765937328338623,-0.08778902888298021,1.0831246376037598,-1.2875862121582031,0.46525952219963196,10.116580963134766
1785985399.986329,-0.5522174835205078,-0.14730866253375993,1.2412676811218262,-1.504359483718872,0.8721418976783766,10.942827224731445
1785985400.003329,-0.5986946821212769,-0.18797391653060896,1.3178515434265137,-0.6347498893737793,0.9531329274177565,10.469093322753906
1785985400.027329,-0.6305269002914429,-0.2245128005743025,1.3908309936523438,-1.8526043891906738,1.6013519763946547,10.302877426147461
1785985400.0453289,-0.6687421798706055,-0.2652181684970854,1.5295974016189575,-1.5637047290802002,1.3561924695968641,10.351591110229492
1785985400.062329,-0.6430113911628723,-0.3172760009765623,1.5947767496109009,-0.0859563797712326,0.6562073230743422,10.527765274047852
1785985400.085329,-0.657802164554596,-0.39216843247413613,1.6637545824050903,0.8214306831359863,0.6620280146598828,10.186931610107422
1785985400.1093304,-0.6531667709350586,-0.42981910705566384,1.733339786529541,-0.04636738821864128,0.7655285596847546,9.732844352722168
1785985400.1263306,-0.6168562769889832,-0.42984470725059487,1.8379515409469604,-2.2907536029815674,1.4372993707656874,10.144810676574707
1785985400.1433306,-0.5997610092163086,-0.43667778372764565,1.9207110404968262,-2.1126983165740967,1.388460993766786,10.000225067138672
1785985400.1673305,-0.6098271608352661,-0.4275262653827665,1.970743179321289,-2.1126983165740967,1.388460993766786,10.000225067138672
1785985400.1843305,-0.6170490980148315,-0.39025753736495944,2.0673203468322754,1.34780752658844,0.1738507747650159,10.266286849975586
1785985400.2073326,-0.5989342927932739,-0.3030737638473508,2.1321730613708496,-2.377048969268799,1.2734668254852308,10.513835906982422
1785985400.2253325,-0.5831928849220276,-0.24648557603359195,2.1601274013519287,-2.0093395709991455,1.202466726303102,10.345183372497559
1785985400.2483325,-0.5534535050392151,-0.2133939564228055,2.1836607456207275,-1.024713158607483,1.1230096817016615,10.322381019592285
1785985400.2663326,-0.47054043412208557,-0.2045240402221677,2.2518506050109863,-2.590327024459839,1.3769648075103773,10.15661334991455
1785985400.2833352,-0.40527454018592834,-0.1788885593414304,2.3044533729553223,-2.4611687660217285,1.772739648818971,9.989298820495605
1785985400.3063352,-0.4084233045578003,-0.1287888288497922,2.342832326889038,-0.13843537867069244,1.248064398765565,9.88563060760498
1785985400.3233352,-0.3781347870826721,-0.09586777538061113,2.3618500232696533,-0.13843537867069244,1.248064398765565,9.88563060760498
1785985400.347335,-0.35039469599723816,-0.03639193251728984,2.285691738128662,1.6964246034622192,1.3450902700424208,10.04340648651123
1785985400.365335,-0.35265249013900757,0.03925926238298443,2.2109367847442627,-3.8847241401672363,0.7392282485961926,10.188819885253906
1785985400.3873358,-0.3473762571811676,0.09950758516788509,2.127042531967163,-1.1573947668075562,1.2399829626083385,9.884750366210938
1785985400.405336,-0.33484384417533875,0.13986673951149012,2.027834177017212,-0.09629400074481964,0.795064449310304,9.93430233001709
1785985400.4223359,-0.33952945470809937,0.14848150312900568,1.9382357597351074,-0.22872304916381836,0.6550799608230604,10.56234073638916
1785985400.4463358,-0.38652461767196655,0.22255517542362235,1.845245361328125,-0.4384077489376068,0.7413412332534803,10.441091537475586
1785985400.463336,-0.4091843366622925,0.21509057283401511,1.7614158391952515,-1.0819998979568481,0.9243072271347058,10.299661636352539
1785985400.4873364,-0.4251754581928253,0.23233932256698628,1.6672455072402954,0.57307368516922,0.5475614070892346,10.076666831970215
1785985400.5223365,-0.44723260402679443,0.2642581462860109,1.5124294757843018,-1.4201414585113525,0.9776962995529187,9.940462112426758
1785985400.5453365,-0.41556286811828613,0.3006535470485689,1.4254381656646729,-0.30443137884140015,0.2694145143032087,10.340388298034668
1785985400.5633364,-0.4245755672454834,0.33167138695716875,1.336944580078125,-1.3289316892623901,1.0880692005157482,9.831607818603516
1785985400.586339,-0.4559724032878876,0.3247255682945253,1.2653324604034424,1.3834697008132935,0.2832090258598341,10.964311599731445
1785985400.609339,-0.48549884557724,0.31236049532890336,1.1788978576660156,-0.24274057149887085,0.8962513208389296,10.840084075927734
1785985400.627339,-0.47442159056663513,0.32121264934539806,1.1260827779769897,0.6133487820625305,0.2668634653091444,10.671453475952148
1785985400.6443388,-0.496172159910202,0.3117040991783143,1.0410670042037964,-1.1274522542953491,0.9837936758995068,10.105782508850098
1785985400.6673388,-0.5228085517883301,0.3213758170604707,0.9686595797538757,0.4502811133861542,0.8869009017944348,10.282913208007812
1785985400.685339,-0.5169768929481506,0.3199064135551454,0.9073081016540527,0.7549846172332764,0.5483073592185987,10.905826568603516
1785985400.708341,-0.5444269180297852,0.2918253839015962,0.8333420157432556,-0.8432868123054504,1.0472860336303724,9.992676734924316
1785985400.726341,-0.5889449119567871,0.23064894974231728,0.7713104486465454,2.8484230041503906,-0.3947294354438768,11.389041900634766
1785985400.743341,-0.5763775110244751,0.2080971598625184,0.7114417552947998,-0.8734742403030396,0.6911491751670851,10.47594165802002
1785985400.766341,-0.49297085404396057,0.1473434567451478,0.6455082893371582,0.6427713632583618,0.9471867680549635,10.527162551879883
1785985400.784341,-0.4547973573207855,0.08582082390785224,0.5999475717544556,0.6007283926010132,0.7870326042175306,10.754650115966797
1785985400.8133426,-0.3966892957687378,0.027278909459710184,0.51935875415802,-0.888599157333374,0.9615516662597668,9.869110107421875
1785985400.8253424,-0.3651491701602936,-0.009773849509656369,0.5016162395477295,0.08295611292123795,1.1484969854354872,10.68521785736084
1785985400.8483424,-0.3200794756412506,-0.09579562395811075,0.46615222096443176,-1.2659238576889038,0.809281647205354,10.274870872497559
1785985400.8663425,-0.315304696559906,-0.14818127453327173,0.43105369806289673,0.42176491022109985,0.9542982578277601,10.558524131774902
1785985400.8833425,-0.3025122284889221,-0.18635888397693628,0.4104461967945099,-0.8736737966537476,0.9838736057281506,10.129773139953613
1785985400.9063425,-0.2718368470668793,-0.20333744585514063,0.3787361979484558,0.26967859268188477,0.6879731416702283,10.200753211975098
1785985400.9243426,-0.2522260844707489,-0.21879155933856959,0.38349202275276184,-1.8823140859603882,1.1375570297241224,10.122879981994629
1785985400.9473426,-0.25758323073387146,-0.24088278412818903,0.44844514131546026,-0.04487605392932892,0.5658279657363905,10.760223388671875
1785985400.9653425,-0.2873740792274475,-0.23725226521491996,0.5729417204856873,-2.307584524154663,1.3534210920333876,10.233916282653809
1785985400.9823425,-0.31656375527381897,-0.20872472226619712,0.6707389950752258,-1.5462366342544556,1.0724440813064586,9.940749168395996
1785985401.0063438,-0.36402279138565063,-0.12363076210021963,0.778539776802063,-1.3693337440490723,0.8247556686401379,10.387042045593262
1785985401.0233438,-0.41416728496551514,-0.05589950084686269,0.8604660630226135,-1.0929120779037476,0.5678184032440198,10.25518798828125
1785985401.0463438,-0.4689939618110657,-0.00661373510956752,0.9956740140914917,-0.6376333236694336,0.25711676478386053,10.414732933044434
1785985401.0643437,-0.5233209133148193,0.017644600942731035,1.0867708921432495,0.023799750953912735,0.612028539180757,10.967687606811523
1785985401.0873435,-0.6195746064186096,-0.03995558246970163,1.160937786102295,0.13918554782867432,1.289188623428346,10.222536087036133
1785985401.1053436,-0.725192129611969,-0.0692045241594313,1.2994568347930908,-1.508514165878296,1.3050169944763197,10.527921676635742
1785985401.1233435,-0.7616919279098511,-0.13979662954807265,1.3896812200546265,-2.108273983001709,0.7764188647270216,10.450753211975098
1785985401.1463435,-0.7935000658035278,-0.2312572002410887,1.4632576704025269,-1.598527193069458,1.4123201370239271,10.423829078674316
1785985401.1633437,-0.8137232065200806,-0.28562533855438216,1.538673996925354,-3.061692953109741,1.515863418579103,10.11606502532959
1785985401.1873457,-0.8064526319503784,-0.3288105726242063,1.6408042907714844,2.2296395301818848,1.0955140590667736,9.81395149230957
1785985401.204346,-0.7868714332580566,-0.3640072643756864,1.718668818473816,0.31726428866386414,1.0100538730621351,10.55970573425293
1785985401.2453458,-0.7500529289245605,-0.3920895457267759,1.881990909576416,-1.216903567314148,1.1329278945922865,10.222670555114746
1785985401.2623458,-0.6811178922653198,-0.4012556970119474,1.9382643699645996,-0.6367986798286438,1.3408234119415297,9.976838111877441
1785985401.2863467,-0.6441913843154907,-0.36167722940444924,1.9877806901931763,-2.631155490875244,1.800451993942262,10.36892318725586
1785985401.3033466,-0.5999043583869934,-0.3197214305400846,2.0314958095550537,-1.2708745002746582,1.8691357374191298,10.207781791687012
1785985401.3263466,-0.5190366506576538,-0.28407114744186374,2.118898391723633,-0.21378739178180695,0.8921195268630995,10.76295280456543
1785985401.3443465,-0.4253934323787689,-0.2534238398075101,2.17085337638855,1.6938914060592651,0.6671712994575514,10.493712425231934
1785985401.3673465,-0.4156033992767334,-0.1969902664422986,2.2071096897125244,-0.5049448013305664,1.0946272611618055,10.228696823120117
1785985401.3843467,-0.4014742076396942,-0.13683101534843417,2.2830429077148438,0.528092622756958,1.0828323364257826,10.16185188293457
1785985401.4083476,-0.378318190574646,-0.08439769595861406,2.336911201477051,-1.0229053497314453,0.6418209671974195,10.56921100616455
1785985401.4253476,-0.40059036016464233,-0.04195095971226664,2.337714195251465,0.3263138234615326,0.8118504881858839,10.539448738098145
1785985401.4483476,-0.4081893861293793,-0.06462883204221698,2.2326905727386475,-0.29256194829940796,1.5136829614639293,9.893851280212402
1785985401.4663477,-0.347592830657959,-0.09588691592216465,2.1524057388305664,-0.31424349546432495,1.1250694990158094,10.197391510009766
1785985401.4833477,-0.24246518313884735,-0.07882189005613302,2.057948350906372,-0.31424349546432495,1.1250694990158094,10.197391510009766
1785985401.5063477,-0.19399791955947876,-0.03272707387804961,1.9684514999389648,-0.6455892324447632,1.0915656089782726,9.656500816345215
1785985401.5243475,-0.18001766502857208,0.01948375254869484,1.8603309392929077,-2.064987897872925,1.3952068090438854,9.10594367980957
1785985401.5473475,-0.16886694729328156,0.044418338686228014,1.7610902786254883,-0.6632946133613586,0.7132289409637463,10.32578182220459
1785985401.5653477,-0.19831760227680206,0.07570733129978201,1.6890654563903809,0.91806560754776,0.31749501824379095,10.644603729248047
1785985401.5823476,-0.25445953011512756,0.05459130927920361,1.5943671464920044,0.07781268656253815,0.6175372004508985,10.574708938598633
1785985401.606349,-0.30171582102775574,0.019622672349214734,1.4863317012786865,-2.623304843902588,1.1216561794281017,9.60327434539795
1785985401.6283488,-0.3569752275943756,0.011837144382298164,1.4074878692626953,0.19959010183811188,0.9295412302017225,10.547222137451172
1785985401.646349,-0.46054452657699585,0.011911413632333442,1.3313153982162476,0.13413681089878082,1.0197108983993544,10.409433364868164
1785985401.6643488,-0.4702049195766449,0.004170965868979847,1.2622402906417847,-1.3185889720916748,0.9561670422554028,10.371537208557129
1785985401.681349,-0.49592721462249756,0.016765100881457475,1.1886317729949951,-3.2281181812286377,1.0852155685424816,9.463289260864258
1785985401.704351,-0.4982576072216034,0.05294757708907141,1.1123690605163574,-0.25105300545692444,0.8708075284957898,10.390213012695312
1785985401.722351,-0.4481690526008606,0.10299661010503781,1.0582882165908813,1.105818510055542,0.47481048107147344,10.445555686950684
1785985401.745351,-0.4418182969093323,0.17008325457572948,0.9902752637863159,-0.6071752309799194,0.6952371597290051,10.080214500427246
1785985401.762351,-0.4362701177597046,0.21363453567028057,0.9278485774993896,-1.2087451219558716,0.8729114532470716,10.427312850952148
1785985401.7863538,-0.4197360873222351,0.26004669070243847,0.8724455833435059,-0.44466039538383484,0.2202790975570692,10.95789623260498
1785985401.8033538,-0.40148767828941345,0.2739112675189973,0.8282544612884521,-1.0034441947937012,1.2351504564285292,10.228706359863281
1785985401.8273537,-0.40366649627685547,0.24762378633022317,0.7646468877792358,-1.0545802116394043,0.592463552951814,10.388319969177246
1785985401.8443537,-0.40921470522880554,0.25144782662391674,0.7251808047294617,-1.0230183601379395,0.5567293763160719,10.844109535217285
1785985401.8613539,-0.39863988757133484,0.2465977519750596,0.6744202375411987,-3.0307023525238037,1.0006368160247814,9.963351249694824
1785985401.8853538,-0.42270615696907043,0.23885494470596322,0.6406307816505432,0.16164091229438782,0.8264903426170362,10.426397323608398
1785985401.9083555,-0.44465529918670654,0.20564937591552743,0.6030258536338806,-0.39680197834968567,0.5653399825096144,10.537800788879395
1785985401.9253557,-0.4300505220890045,0.20745645463466653,0.5681553483009338,0.216047003865242,0.5304504036903395,10.651192665100098
1785985401.9433556,-0.41623246669769287,0.14703811705112463,0.5376595258712769,0.483467161655426,0.7035161256790174,10.63376522064209
1785985401.9663556,-0.4265892505645752,0.1486076414585114,0.5041280388832092,-1.1061762571334839,0.9233147501945508,10.170258522033691
1785985401.9833555,-0.3777722418308258,0.12190075963735586,0.47100576758384705,-0.18475612998008728,0.6902741193771375,10.226365089416504
1785985402.0073557,-0.39543616771698,0.06349829584360128,0.4291705787181854,0.2613867223262787,1.2502100467681898,10.412734985351562
1785985402.0253556,-0.4176414906978607,-0.024664590135216654,0.4853033721446991,-0.439314603805542,1.5149527788162243,9.824691772460938
1785985402.0423555,-0.4363132119178772,-0.0736094266176223,0.5606006979942322,2.0486371517181396,0.4887688755989088,10.983147621154785
1785985402.0653555,-0.4039058983325958,-0.056331474334001465,0.6306495666503906,-0.569199800491333,1.265845894813539,10.047849655151367
1785985402.0833557,-0.41342076659202576,-0.036211200058460145,0.7229799032211304,-0.42078256607055664,0.7863723039627087,10.232320785522461
1785985402.1243558,-0.4586791396141052,0.009286579675972581,0.9791239500045776,-1.4829665422439575,0.7155346870422377,10.706196784973145
1785985402.1483557,-0.5091792345046997,-0.004576370120048394,1.0541396141052246,1.0080620050430298,1.2001012563705458,10.86288833618164
1785985402.165356,-0.5892738103866577,-0.02504865080118165,1.169493317604065,0.928367555141449,0.6072179675102246,10.212189674377441
1785985402.1833558,-0.5872181057929993,-0.09172187000513062,1.2586133480072021,1.856329321861267,0.31219232082367077,10.775861740112305
1785985402.2063568,-0.6018301844596863,-0.22016933560371382,1.3682711124420166,-0.8051563501358032,0.4414945244789137,11.061308860778809
1785985402.223357,-0.6569700837135315,-0.30794581770896895,1.4300216436386108,0.7934252619743347,0.7834045290946974,10.866783142089844
1785985402.247357,-0.6634830236434937,-0.39720782637596114,1.5491485595703125,-1.0186289548873901,0.5343616008758558,11.10661792755127
1785985402.2653568,-0.6425088047981262,-0.4453517496585844,1.6221082210540771,-1.432104229927063,0.5943543314933789,10.400432586669922
1785985402.282357,-0.6857003569602966,-0.4799488782882688,1.6921323537826538,-0.7416637539863586,0.363662123680116,10.485121726989746
1785985402.3063576,-0.7262945771217346,-0.463174909353256,1.808403491973877,-2.9275143146514893,1.1806334257125868,10.743549346923828
1785985402.3233576,-0.7106408476829529,-0.43823611736297585,1.878665566444397,-1.8887876272201538,1.229329347610475,10.722162246704102
1785985402.3473577,-0.7239517569541931,-0.3972631990909574,1.9325957298278809,-3.1647183895111084,1.4241931438446058,10.66140079498291
1785985402.3643577,-0.7109763026237488,-0.36281317472457864,2.0205252170562744,1.43570077419281,0.17302232980728277,10.471924781799316
1785985402.3823576,-0.6024577617645264,-0.3404289484024045,2.072225332260132,1.2415375709533691,0.4316881299018872,9.983305931091309
1785985402.4103587,-0.4664067327976227,-0.24277238547801946,2.1151211261749268,-2.1609182357788086,1.5443512201309215,9.672600746154785
1785985402.4223588,-0.47042492032051086,-0.15115098655223821,2.1403110027313232,-1.9281213283538818,0.7719694972038281,9.737665176391602
1785985402.4453588,-0.4342588782310486,-0.03892216458916637,2.2126305103302,-3.2470998764038086,1.357532620429994,10.443619728088379
1785985402.4633586,-0.4010049104690552,-0.0016456891316917758,2.254284143447876,-0.8061522841453552,1.1767120361328136,9.784571647644043
1785985402.504359,-0.4952920377254486,0.12116559594869641,2.322718381881714,-2.795523166656494,0.6724171042442335,10.5770845413208
1785985402.527359,-0.48680102825164795,0.13228149712085752,2.2960259914398193,-1.7750601768493652,0.22168621420860415,10.306139945983887
1785985402.544359,-0.4975937008857727,0.1443357169628146,2.2105042934417725,-1.2062716484069824,1.1441743373870863,10.276187896728516
1785985402.5623589,-0.44998568296432495,0.09901144355535534,2.1195452213287354,-0.5714623928070068,1.0419970750808727,9.702478408813477
1785985402.5853615,-0.3398951590061188,0.06405778229236628,2.019172430038452,-1.3996212482452393,1.003564834594728,10.292984008789062
1785985402.6033614,-0.2810027301311493,0.02532590180635476,1.9310634136199951,-0.6052029132843018,1.0407319068908703,9.877335548400879
1785985402.6203616,-0.26505735516548157,-0.01667688786983467,1.8599742650985718,-0.14132168889045715,0.9517587423324597,10.072086334228516
1785985402.6433616,-0.24224543571472168,-0.025465833023190283,1.7662934064865112,-0.14132168889045715,0.9517587423324597,10.072086334228516
1785985402.6663616,-0.251675009727478,-0.05459463596343973,1.6999458074569702,0.12374649941921234,0.12663459777832167,11.197977066040039
1785985402.6853614,-0.2951531708240509,-0.040425945073365964,1.6180164813995361,-2.0182833671569824,1.0970221757888805,9.297016143798828
1785985402.707364,-0.3535667657852173,-0.02717750892043095,1.523629903793335,-0.006733983755111694,0.5156339406967176,10.851040840148926
1785985402.725364,-0.3964162766933441,-0.01836354844272119,1.4435741901397705,-0.451736181974411,0.49496427178382996,10.16921329498291
1785985402.765364,-0.5005133748054504,0.02942445874214188,1.2775745391845703,-0.9434978365898132,1.0583813190460218,10.101194381713867
1785985402.7833648,-0.5093184113502502,0.042467366904020455,1.186787724494934,-1.7671478986740112,1.2855180501937877,9.759445190429688
1785985402.8123648,-0.4754212200641632,0.03021198324859156,1.0913972854614258,-0.7929683327674866,0.45356699824333324,10.681110382080078
1785985402.824365,-0.48885419964790344,0.05544938147068037,1.056901216506958,0.2326139211654663,0.25064408779144426,11.384452819824219
1785985402.847365,-0.47201400995254517,0.0690170228481294,0.9898661971092224,-1.7672948837280273,1.504460692405702,10.046865463256836
1785985402.8653648,-0.4452819526195526,0.06575803458690654,0.9294236898422241,-2.01633620262146,0.7318090200424207,10.109265327453613
1785985402.8823647,-0.47095680236816406,0.06715235114097606,0.8737005591392517,-1.7271499633789062,1.124481558799745,10.035840034484863
1785985402.9233665,-0.4245074689388275,0.07787586748600016,0.7747419476509094,-1.1543056964874268,0.6157463788986218,9.984703063964844
1785985402.9463665,-0.43762466311454773,0.09114883840084084,0.7251046895980835,-1.5138885974884033,0.6996693611145032,10.072487831115723
1785985402.9633665,-0.41334205865859985,0.10207657516002663,0.6741067171096802,-0.19081537425518036,0.8146451711654676,10.598543167114258
1785985402.9873686,-0.41018277406692505,0.07472811639308938,0.6320455074310303,0.29422032833099365,0.19551536440849437,10.77793025970459
1785985403.0043685,-0.45230337977409363,0.0801933482289315,0.5980796217918396,1.648095726966858,-0.0012392848730073628,11.148024559020996
1785985403.0273685,-0.48393604159355164,0.029440514743328164,0.5558468103408813,-1.2206312417984009,0.9434773325920118,10.625144004821777
1785985403.0453687,-0.48704174160957336,0.019833901897072855,0.5195854902267456,-0.7119615077972412,0.8305137157440199,10.69395923614502
1785985403.0623686,-0.48548853397369385,-0.01366313546895975,0.4797546863555908,-2.40399169921875,1.2921921014785778,9.82646369934082
1785985403.0863686,-0.5147644877433777,-0.03916327282786364,0.45427125692367554,-0.5117331147193909,0.71120721101761,10.853102684020996
1785985403.127367,-0.4378533959388733,-0.08611649274826044,0.49095049500465393,-0.6574235558509827,0.6963344216346754,11.312236785888672
1785985403.1443672,-0.4290221929550171,-0.061676964163780136,0.6437334418296814,-0.48518532514572144,1.0315307378768934,10.780558586120605
1785985403.1673672,-0.4263494312763214,0.0025590271688998648,0.734972357749939,-1.6032460927963257,0.4151707291603101,10.582915306091309
1785985403.185367,-0.3937811255455017,0.04598261043429385,0.8257231116294861,-3.401719093322754,0.8023521900177015,10.87981128692627
1785985403.2023664,-0.43448689579963684,0.044993121176958195,0.9317581653594971,-0.7158031463623047,0.023558288812638686,11.080117225646973
1785985403.2253664,-0.53470379114151,-0.008945406414568289,1.1010485887527466,-0.7158031463623047,0.023558288812638686,11.080117225646973
1785985403.2493663,-0.45712849497795105,-0.07995184510946259,1.1904444694519043,1.749356985092163,0.9634875655174269,10.551316261291504
1785985403.2663662,-0.3357223868370056,-0.09715466946363434,1.2708865404129028,0.15169531106948853,0.729334115982057,10.763162612915039
1785985403.2843664,-0.30398768186569214,-0.10439518839120848,1.3729416131973267,0.7075631618499756,0.8995415568351759,10.927326202392578
1785985403.3073673,-0.26835060119628906,-0.09429174661636334,1.5218865871429443,1.3488456010818481,0.5401106476783766,10.603920936584473
1785985403.3253675,-0.22743195295333862,-0.0656978115439413,1.5982273817062378,-0.6595528721809387,1.9636596441268934,10.137741088867188
1785985403.3483675,-0.30253422260284424,-0.025052748620509893,1.7080007791519165,-0.8258447051048279,0.6940156221389783,10.301040649414062
1785985403.3823683,-0.4616864025592804,-0.01542731095105386,1.9220302104949951,-1.1248223781585693,0.3525450229644788,10.505598068237305
1785985403.4063685,-0.5619192123413086,-0.028268842026591058,1.9910030364990234,-0.512147068977356,0.6302151679992689,10.426684379577637
1785985403.4233685,-0.6170700192451477,-0.09177865833044027,2.0163660049438477,1.1553794145584106,0.9561973214149487,10.160079002380371
1785985403.4463685,-0.6372461915016174,-0.19232180714607214,2.09504771232605,-0.6460692286491394,0.867549002170564,10.239517211914062
1785985403.4643683,-0.6309493184089661,-0.26569786667823764,2.135251760482788,-0.7100046873092651,1.2549614906311046,9.713457107543945
1785985403.4823685,-0.6993387937545776,-0.2703497707843778,2.1663477420806885,1.680050253868103,0.3789352774620069,10.645938873291016
1785985403.5053704,-0.7267565727233887,-0.24635817110538455,2.248389959335327,-2.428971290588379,1.9594959020614635,9.67259693145752
1785985403.5283704,-0.709525465965271,-0.19909909367561313,2.3050053119659424,-0.47149455547332764,0.8303542733192457,10.791051864624023
1785985403.5463705,-0.7166921496391296,-0.20086681842803927,2.3460617065429688,-0.47793006896972656,0.8351466655731214,10.608793258666992
1785985403.5633705,-0.7349819540977478,-0.1436864882707593,2.3648767471313477,-0.4488537311553955,0.7512381672859204,10.378680229187012
1785985403.5813704,-0.6678065657615662,-0.07715550810098619,2.4043936729431152,-1.110146403312683,1.8499304056167614,9.234825134277344
1785985403.6043725,-0.6524867415428162,-0.02423971518874139,2.416675329208374,-1.597736120223999,1.4165169000625621,9.938193321228027
1785985403.6283724,-0.6735983490943909,-0.024820160120725347,2.320439577102661,1.5715463161468506,1.527633070945741,10.350837707519531
1785985403.6453724,-0.5952361226081848,-0.024981899186968533,2.2076258659362793,0.7153377532958984,0.35132184624672075,11.118754386901855
1785985403.6633725,-0.5153220295906067,0.010236830450594682,2.0989606380462646,0.3715526759624481,1.272447466850282,10.213716506958008
1785985403.6853726,-0.4929136037826538,0.06479831784963633,1.9901561737060547,-1.620551586151123,1.4881105422973644,9.62348461151123
1785985403.7033744,-0.5101966261863708,0.16887106001377128,1.8812172412872314,-1.2494609355926514,1.244039058685304,10.47865104675293
1785985403.7263744,-0.5149134397506714,0.1833959370851519,1.7775511741638184,0.29761672019958496,0.7503290176391615,10.600199699401855
1785985403.7433743,-0.5021165609359741,0.1488119512796404,1.6958776712417603,0.4393492341041565,0.32726517319679393,10.920951843261719
1785985403.7673743,-0.5144026875495911,0.11051535606384297,1.6008881330490112,-0.6501733660697937,0.8122033476829541,9.961030960083008
1785985403.7843757,-0.5260820388793945,0.09784597158432025,1.5153707265853882,-1.0816346406936646,0.9877509474754346,9.957637786865234
1785985403.8083756,-0.5121080875396729,0.10228721797466296,1.4405546188354492,0.6307556629180908,0.28639772534370556,11.082140922546387
1785985403.8253756,-0.5227224826812744,0.13115651905536668,1.3605595827102661,-0.4377654790878296,0.7563546895980847,10.341763496398926
1785985403.8433754,-0.5526052117347717,0.13897024095058458,1.286855697631836,2.601322889328003,-0.44068804383277754,11.351256370544434
1785985403.8663754,-0.5354677438735962,0.10519849509000793,1.203507900238037,0.38844719529151917,0.694721877574922,10.71781063079834
1785985403.8833766,-0.504909098148346,0.0803017616271974,1.1249125003814697,-0.047909561544656754,0.6196980476379407,9.989768981933594
1785985403.9073765,-0.49975335597991943,0.03834552690386785,1.0531028509140015,0.42381784319877625,0.9911715388298048,11.018902778625488
1785985403.9243765,-0.4238027334213257,0.0038637258112431782,0.9871755838394165,0.40733110904693604,0.5554861426353468,10.498368263244629
1785985403.9473765,-0.35819512605667114,-0.01996648311614979,0.919615626335144,0.37558186054229736,0.9337176680564894,10.667709350585938
1785985403.9653766,-0.36351948976516724,-0.09466798603534687,0.8672763109207153,-1.1511143445968628,1.4031777381896984,9.695467948913574
1785985403.9823766,-0.33589595556259155,-0.1533086448907851,0.816291868686676,-1.8423185348510742,1.3625479936599745,10.416655540466309
1785985404.0053787,-0.30406349897384644,-0.20034195482730857,0.7598848342895508,0.3453587293624878,0.2505373358726514,10.488061904907227
1785985404.0293787,-0.3227841854095459,-0.22344835102558128,0.7085694074630737,-1.2224688529968262,0.6680719256401074,10.052718162536621
1785985404.0463786,-0.31352221965789795,-0.18936516344547263,0.6721948981285095,-1.3611886501312256,1.174410939216615,10.035314559936523
1785985404.0643787,-0.2868684232234955,-0.13379898667335502,0.6265569925308228,-0.8891687989234924,1.230592250823976,10.546948432922363
1785985404.0873795,-0.28347674012184143,-0.09412996470928185,0.5829384326934814,0.5201162695884705,0.9600083231925978,10.708417892456055
1785985404.1053793,-0.2803534269332886,-0.06682737916707986,0.541583776473999,0.18463978171348572,0.879728198051454,10.906021118164062
1785985404.1223793,-0.2526996433734894,-0.05069915950298303,0.49987149238586426,-0.19969682395458221,0.12201460450887809,10.497395515441895
1785985404.1633794,-0.25054800510406494,-0.09394001215696329,0.4294644594192505,0.13546472787857056,0.5344233512878431,10.480086326599121
1785985404.1863794,-0.2347029596567154,-0.09186009317636484,0.4036791920661926,-1.364197850227356,1.1214870214462294,10.502241134643555
1785985404.2033803,-0.2514668405056,-0.09112446010112758,0.3611361086368561,-1.7020008563995361,0.7615673542022717,9.815746307373047
1785985404.2273805,-0.2741146683692932,-0.07966747879981989,0.4595782160758972,1.1946394443511963,-0.23571915924548972,10.663663864135742
1785985404.2443805,-0.2928306460380554,-0.028150068596005374,0.5397189259529114,-2.921128511428833,1.564305067062379,9.60692024230957
1785985404.2673805,-0.2762681245803833,0.03312607109546669,0.622473418712616,-1.639661192893982,0.8559240102767958,10.552142143249512
1785985404.2853804,-0.2647935152053833,0.0985841304063798,0.7584291100502014,-3.429189920425415,2.319463968276979,9.739734649658203
1785985404.3083818,-0.2810506522655487,0.1570255309343339,0.8835818767547607,-1.1294262409210205,0.2486299276351942,10.93222713470459
1785985404.3263817,-0.34238243103027344,0.16793240606784832,0.9648565649986267,0.45110294222831726,1.0673896074295057,10.873302459716797
1785985404.3433816,-0.4558781385421753,0.1363352090120317,1.0727574825286865,-1.9659652709960938,1.2829879522323622,10.629874229431152
1785985404.3673818,-0.5217936635017395,0.048499792814254906,1.2006986141204834,-1.4440025091171265,1.3197287321090712,10.741827964782715
1785985404.3843818,-0.5866115093231201,-0.031058056280016743,1.2863500118255615,-0.3623938262462616,0.3402468860149397,10.803067207336426
1785985404.4243824,-0.74871826171875,-0.17469708621501903,1.490641474723816,-1.103806972503662,1.1613726615905775,9.978164672851562
1785985404.4423826,-0.7475255727767944,-0.25499543547630293,1.5754472017288208,-0.8311080932617188,0.8337520360946667,10.314547538757324
1785985404.4653826,-0.7757556438446045,-0.31849068403243996,1.636267066001892,0.18859612941741943,0.9800592660903943,10.317801475524902
1785985404.4833825,-0.7986364364624023,-0.3863692283630369,1.6953256130218506,-0.16832898557186127,0.9440281391143811,9.650850296020508
1785985404.5063837,-0.7744705080986023,-0.3971707224845884,1.8136353492736816,-3.11393404006958,1.6556618213653578,10.307960510253906
1785985404.5243838,-0.7273993492126465,-0.4053450822830198,1.8681741952896118,-1.9506549835205078,1.6192764043807997,10.340150833129883
1785985404.5473838,-0.7271409630775452,-0.4023839533329008,1.9272264242172241,-1.9506549835205078,1.6192764043807997,10.340150833129883
1785985404.5643837,-0.685546875,-0.40090146660804726,2.0346126556396484,0.8080806136131287,0.5965862870216383,10.477738380432129
1785985404.5833838,-0.6235015392303467,-0.3822009861469266,2.0928573608398438,-0.01956530287861824,0.9256351590156568,10.472692489624023
1785985404.606385,-0.5901361703872681,-0.31478968262672397,2.1342039108276367,-0.07823634147644043,0.951178312301637,10.213956832885742
1785985404.623385,-0.5373585820198059,-0.2557335495948789,2.18794584274292,-0.06506605446338654,0.6707813143730177,10.458123207092285
1785985404.646385,-0.4751588702201843,-0.15274795889854403,2.267561435699463,-0.06506605446338654,0.6707813143730177,10.458123207092285
1785985404.663385,-0.4189513921737671,-0.08628478646278354,2.3036208152770996,-2.31046199798584,1.3244267702102674,10.128738403320312
1785985404.681385,-0.3719277083873749,-0.03088150359690161,2.3371243476867676,-0.433533251285553,1.000920653343202,10.184322357177734
1785985404.7043855,-0.2678529918193817,0.027258377522230436,2.356254816055298,-0.8931297659873962,0.5606371760368359,10.092287063598633
1785985404.7223856,-0.16881680488586426,0.07918018847703961,2.295254707336426,-0.38147011399269104,1.2165138721466078,9.98199462890625
1785985404.7453856,-0.07700464129447937,0.16694983839988736,2.180704116821289,-1.387899398803711,1.3109380006790172,9.476400375366211
1785985404.7633855,-0.03968479856848717,0.22078789770603205,2.1073365211486816,2.2191078662872314,0.26269847154617443,10.916123390197754
1785985404.7863863,-0.03801005333662033,0.26846134662628196,2.00229549407959,-1.01633882522583,0.928232014179231,9.792055130004883
1785985404.8273864,-0.11878518015146255,0.2902569174766543,1.7955960035324097,1.7142518758773804,-0.15280048549175126,11.136628150939941
1785985404.8443863,-0.21852952241897583,0.2526971995830538,1.715505838394165,1.438198208808899,-0.061454497277735276,11.345398902893066
1785985404.8673863,-0.31816163659095764,0.22097113728523274,1.6260334253311157,-0.15392568707466125,0.47594249248504766,10.599201202392578
1785985404.8853862,-0.36969050765037537,0.17597106099128743,1.539891242980957,-0.15392568707466125,0.47594249248504766,10.599201202392578
1785985404.908388,-0.46679621934890747,0.15311278402805345,1.4573887586593628,-0.2976676821708679,0.6443583965301527,10.488693237304688
1785985404.9263878,-0.5461874008178711,0.12828303873538988,1.3878077268600464,-0.5713872909545898,1.1920351982116713,10.041121482849121
1785985404.9483879,-0.6008054614067078,0.11327108740806595,1.29576575756073,0.003185093402862549,0.8929767012596144,10.506376266479492
1785985404.967388,-0.632129967212677,0.10749334096908585,1.2284915447235107,-0.022173874080181122,0.15581797063350808,10.600571632385254
1785985404.983388,-0.6646984815597534,0.07952874898910536,1.1632319688796997,-1.0974018573760986,0.5601316690444959,10.33552360534668
1785985405.007389,-0.6459894776344299,0.08668604493141188,1.0790680646896362,-0.026282094419002533,0.5501710176467909,10.587864875793457
1785985405.024389,-0.6085191369056702,0.06987716257572187,1.0066969394683838,0.7837635278701782,0.46492832899093767,11.342826843261719
1785985405.0483892,-0.6078214049339294,0.06121170893311512,0.9353564381599426,-2.6807351112365723,1.9348273277282726,9.853483200073242
1785985405.0653892,-0.5428611040115356,0.0340697430074216,0.877540647983551,-1.1361156702041626,0.8595483899116528,10.175667762756348
1785985405.0833895,-0.5145053863525391,0.021704286336898904,0.822389543056488,-0.9837462902069092,1.0094075202941906,9.44275188446045
1785985405.1063895,-0.49432244896888733,0.04291754588484774,0.7653401494026184,-0.43779128789901733,0.6219378113746656,10.475594520568848
1785985405.1243896,-0.45869672298431396,0.03283297270536432,0.7137517333030701,-0.016538195312023163,0.5962905883789075,10.300531387329102
1785985405.1473897,-0.44259828329086304,0.03188012540340432,0.6647655367851257,-0.51079261302948,1.1167044639587416,10.152365684509277
1785985405.1653895,-0.4084571897983551,0.012975042685866432,0.6268907785415649,-0.7573618292808533,0.31525754928588995,10.651044845581055
1785985405.1823897,-0.3965338170528412,0.021739453077316357,0.588422954082489,-1.9887268543243408,1.2484771013259899,9.731544494628906
1785985405.2053914,-0.3869270980358124,-0.0024825111031531615,0.5492241978645325,0.6510724425315857,0.818213999271394,10.261308670043945
1785985405.2283914,-0.36356765031814575,-0.003489310387521918,0.5249117612838745,-1.4604122638702393,0.9599382281303418,9.906098365783691
1785985405.2453914,-0.354548841714859,0.004818873945623695,0.47887682914733887,1.2356733083724976,0.48650681972503795,10.844583511352539
1785985405.2643914,-0.3310515582561493,0.016955643892288264,0.4613909125328064,-3.1385457515716553,2.10491180419922,9.095355987548828
1785985405.2813914,-0.31883618235588074,0.01820301637053495,0.4235391616821289,-0.5258448719978333,0.3751394748687757,10.270689964294434
1785985405.304393,-0.2712641954421997,0.008093846030533366,0.42272210121154785,-1.710935115814209,1.426727056503297,9.49822998046875
1785985405.327393,-0.24640651047229767,0.010959153994917929,0.4758498966693878,0.41186416149139404,0.5806926488876355,10.153117179870605
1785985405.345393,-0.3181699216365814,0.036977618932724075,0.5979777574539185,-1.4642226696014404,0.952010512351991,10.23420524597168
1785985405.362393,-0.3106836676597595,0.038429133594036186,0.7006833553314209,-0.6139781475067139,1.0639244318008434,9.945538520812988
1785985405.386393,-0.3117515444755554,0.06614448130130778,0.776352047920227,2.4644341468811035,0.2857741713523877,10.1249361038208
1785985405.409395,-0.38692528009414673,0.07288300246000301,0.8809221982955933,-0.8762139678001404,0.9528079032897961,10.121268272399902
1785985405.426395,-0.48588964343070984,0.09834628552198423,1.0021392107009888,-0.40821322798728943,0.4259462356567396,10.855997085571289
1785985405.443395,-0.5546226501464844,0.08352022618055358,1.1134544610977173,0.4862636625766754,0.5265094041824353,10.38099193572998
1785985405.467395,-0.6399653553962708,0.014989629387855677,1.2043352127075195,2.0632848739624023,1.0557245016098036,10.373534202575684
1785985405.4843957,-0.7339945435523987,-0.08967964351177199,1.3462053537368774,-2.5826385021209717,1.3046243190765394,10.65720272064209
1785985405.5023959,-0.726806104183197,-0.19334165751934035,1.4202182292938232,-0.3983663320541382,1.093517065048219,10.155500411987305
1785985405.5433958,-0.750836968421936,-0.338306814432144,1.5798265933990479,-0.36571744084358215,1.0738861560821544,9.916437149047852
1785985405.5663958,-0.7199391722679138,-0.35979527235031106,1.6801409721374512,-3.0151309967041016,0.5711538791656507,10.595099449157715
1785985405.584396,-0.682731032371521,-0.37567043304443337,1.7470368146896362,-1.8929368257522583,0.8987437486648572,9.877503395080566
1785985405.6073945,-0.6428913474082947,-0.386321038007736,1.814807653427124,-0.4905703067779541,0.7496207952499402,10.375658988952637
1785985405.6243944,-0.6207966208457947,-0.38717636466026284,1.8555935621261597,-0.8353031277656555,1.0541893243789684,9.896652221679688
1785985405.6473944,-0.5366575121879578,-0.38949927687644936,1.9512853622436523,-0.8353031277656555,1.0541893243789684,9.896652221679688
1785985405.6643944,-0.5012503266334534,-0.39751064777374245,2.006575107574463,-0.9158273339271545,0.9060997962951672,10.145209312438965
1785985405.6823945,-0.48275065422058105,-0.3776236474514005,2.0499813556671143,-1.001901626586914,1.0524678230285656,9.395364761352539
1785985405.705396,-0.4610452950000763,-0.35799732804298373,2.1422107219696045,-1.2274481058120728,0.994620203971864,9.528059005737305
1785985405.723396,-0.457650750875473,-0.2600633502006528,2.196747303009033,1.3161901235580444,0.5995295643806469,9.279417991638184
1785985405.746396,-0.524556040763855,-0.052217260003089634,2.2040388584136963,-1.3714417219161987,0.3350131511688244,9.625418663024902
1785985405.763396,-0.5564398169517517,0.03514612466096905,2.236151933670044,0.030288346111774445,0.6748571395874036,10.06706714630127
1785985405.787397,-0.6074234247207642,0.10466688126325635,2.2978503704071045,1.256672978401184,1.0672321319580091,10.020684242248535
1785985405.810397,-0.6048762202262878,0.0514390431344512,2.314903736114502,1.3104959726333618,1.4752230644226085,9.863957405090332
1785985405.8223968,-0.5877507925033569,-0.009411578997969353,2.239415407180786,0.1541866511106491,0.6416776180267347,10.457967758178711
1785985405.8453968,-0.4986816644668579,-0.06341458857059452,2.1498870849609375,0.1541866511106491,0.6416776180267347,10.457967758178711
1785985405.863397,-0.4225938320159912,-0.06286346912384008,2.073216438293457,-1.473652720451355,0.4048806726932539,10.65609073638916
1785985405.886397,-0.38126975297927856,-0.05022969841957068,1.9933844804763794,-0.014248911291360855,0.8177056908607495,9.9119234085083
1785985405.9033978,-0.3220505714416504,-0.052331756800412896,1.8981740474700928,-0.21560057997703552,0.5031386613845837,10.03978157043457
1785985405.9273977,-0.2914354205131531,-0.06546770781278588,1.8097453117370605,-0.024146419018507004,0.37944486737251415,11.033413887023926
1785985405.961398,-0.3421916663646698,-0.01716138422489146,1.6457704305648804,-1.3176827430725098,0.8256585001945508,9.849570274353027
1785985405.9853976,-0.3656632602214813,0.010167000815272522,1.5538241863250732,-0.7772440314292908,1.1315076351165785,10.017905235290527
1785985406.0083976,-0.3981836438179016,0.06026356667280215,1.4587295055389404,0.34148433804512024,0.5757888555526746,10.141199111938477
1785985406.0253975,-0.4101316034793854,0.0688681527972223,1.392729640007019,-0.588221549987793,0.8740733265876783,10.523041725158691
1785985406.0493975,-0.37498876452445984,0.08907380700111404,1.288765788078308,-2.1752119064331055,1.312832832336427,9.23276138305664
1785985406.0663977,-0.33237424492836,0.09315353631973282,1.2203896045684814,-2.1752119064331055,1.312832832336427,9.23276138305664
1785985406.0843976,-0.301707923412323,0.13787409663200392,1.1421732902526855,-1.350462555885315,1.1419072151184093,9.941941261291504
1785985406.107399,-0.2277013659477234,0.15361915528774275,1.0667413473129272,-0.08820563554763794,0.6052282452583325,9.855295181274414
1785985406.125399,-0.2173933982849121,0.1645251363515855,1.0015844106674194,-0.9551436901092529,0.9580323696136487,9.755555152893066
1785985406.142399,-0.2955659329891205,0.17424610257148754,0.9399242997169495,0.3576863706111908,0.7567607164382947,9.843487739562988
1785985406.166399,-0.40854963660240173,0.18891587853431713,0.8810491561889648,-0.757588267326355,0.46228045225143555,10.185539245605469
1785985406.1833992,-0.4713192284107208,0.182454213500023,0.8353609442710876,0.3189605474472046,0.06695556640625133,10.839125633239746
1785985406.2064004,-0.5947265028953552,0.1796741485595704,0.7849104404449463,-0.8859171271324158,1.1181501150131237,9.63839340209961
1785985406.2244003,-0.6668466329574585,0.16062475740909585,0.7461299300193787,0.22273263335227966,-0.3466923832893358,10.698131561279297
1785985406.2474003,-0.7136596441268921,0.17113581299781808,0.7080708742141724,0.13783477246761322,0.4532886147499097,10.460395812988281
1785985406.2644005,-0.7453606724739075,0.13206337392330178,0.6547039151191711,-0.08507010340690613,0.7904500365257275,10.070903778076172
1785985406.288401,-0.7471060156822205,0.09057376533746726,0.6163552403450012,0.10460322350263596,0.3982838690280927,10.487178802490234
1785985406.3054008,-0.6756772398948669,-0.0115091344341635,0.5769748091697693,1.549352765083313,0.5286331772804274,10.679031372070312
1785985406.323401,-0.6064766049385071,-0.13357399404048914,0.5400912761688232,1.0475835800170898,0.8738129138946545,10.389904022216797
1785985406.346401,-0.5708934664726257,-0.16534399986267084,0.5126348733901978,-0.7878736257553101,0.8801034688949597,10.067774772644043
1785985406.363401,-0.499392032623291,-0.1895019263029098,0.471044659614563,-1.4658422470092773,0.7093200683593762,10.419981956481934
1785985406.3814008,-0.3972911834716797,-0.17576907575130457,0.4472275376319885,-0.7453799843788147,1.2333745956420912,9.983802795410156
1785985406.404401,-0.28903406858444214,-0.1491283923387527,0.47507816553115845,-0.9573915004730225,1.1405967473983778,10.456399917602539
1785985406.4224012,-0.2809462249279022,-0.13848027586936942,0.5752756595611572,-0.08769150078296661,1.032800674438478,10.328235626220703
1785985406.4454012,-0.21400071680545807,-0.12541037797927848,0.6735385656356812,-0.08516177535057068,0.6912353038787855,10.436260223388672
1785985406.4624012,-0.19240762293338776,-0.11022341996431341,0.7468587160110474,-0.7668010592460632,1.0701357126235975,10.347519874572754
1785985406.503401,-0.20962028205394745,-0.08883505314588534,0.9825084805488586,-0.09996265172958374,1.1489387750625624,10.401799201965332
1785985406.5274012,-0.28935474157333374,-0.04740576446056353,1.0614653825759888,0.8963105082511902,1.2932106256484999,10.59477424621582
1785985406.5444012,-0.3917233943939209,-0.03195896372199044,1.1957894563674927,-0.7637466788291931,0.911973834037782,10.354433059692383
1785985406.5614011,-0.46408239006996155,-0.09228324890136703,1.2681971788406372,-0.7741556763648987,0.5753856897354139,10.654214859008789
1785985406.5854023,-0.5117496848106384,-0.14154843986034377,1.3660461902618408,1.7793445587158203,0.6353067159652723,10.677691459655762
1785985406.6024022,-0.5635156631469727,-0.20039612054824812,1.4353150129318237,1.6836779117584229,1.1288193464279186,9.965367317199707
1785985406.6254022,-0.6042192578315735,-0.23014335334300975,1.549052357673645,-0.7625318765640259,0.5132033824920667,10.24476432800293
1785985406.643402,-0.6138571500778198,-0.28496789932250954,1.6453968286514282,-0.528500497341156,0.29033446311950806,9.924271583557129
1785985406.666402,-0.6181433200836182,-0.295960873365402,1.7008610963821411,0.05284753441810608,1.0801973342895521,10.454277992248535
1785985406.6834033,-0.6197437047958374,-0.3162627816200254,1.7638342380523682,-1.0350898504257202,0.9869230389595044,10.01745319366455
1785985406.7014031,-0.578709602355957,-0.3518157899379728,1.8549413681030273,-0.2508353292942047,1.017438054084779,9.927997589111328
1785985406.7244031,-0.5449844598770142,-0.3426375389099119,1.9319794178009033,-2.3964831829071045,1.452256202697755,9.48566722869873
1785985406.7474031,-0.49494221806526184,-0.31965792179107644,1.9795759916305542,-0.41035914421081543,0.7707781195640576,10.386470794677734
1785985406.7654033,-0.4681115746498108,-0.30750352144241305,2.0751051902770996,0.42099329829216003,1.1493248939514171,9.679098129272461
1785985406.7834032,-0.44665631651878357,-0.28076654672622653,2.121361017227173,0.573177695274353,0.7556266784667981,9.75013542175293
1785985406.8124046,-0.442268043756485,-0.24749407172203036,2.179687261581421,-2.5302345752716064,1.201414704322816,9.676078796386719
1785985406.8234048,-0.4458790719509125,-0.21865664422512027,2.1968729496002197,-1.2647724151611328,0.7985272407531749,9.321773529052734
1785985406.8474047,-0.41219058632850647,-0.17812974750995608,2.2706189155578613,0.7887832522392273,0.373993515968324,9.772252082824707
1785985406.8644047,-0.4128744602203369,-0.15829379856586429,2.3181707859039307,-2.140338897705078,1.2861062288284313,9.426719665527344
1785985406.8884056,-0.4050520360469818,-0.09165625274181337,2.3434603214263916,-1.0300729274749756,0.8494456410408032,10.396174430847168
1785985406.9054055,-0.40886229276657104,-0.04391541704535456,2.3143460750579834,-2.1523518562316895,0.954372286796571,9.896631240844727
1785985406.9224055,-0.3589443862438202,0.008249807171523845,2.2405354976654053,0.37526625394821167,0.5263845324516309,9.809223175048828
1785985406.9454055,-0.3123204708099365,0.12410251051187542,2.145453691482544,-0.5741811990737915,0.4698771238327038,9.67724895477295
1785985406.9634056,-0.2781846523284912,0.20611551403999354,2.0546796321868896,-0.7641822695732117,0.8332528471946727,9.127626419067383
1785985406.9864063,-0.2304145246744156,0.24865888059139277,1.960645318031311,-0.23867005109786987,0.8280831575393689,9.661145210266113
1785985407.0094063,-0.23321782052516937,0.28420606255531333,1.8558145761489868,1.3028275966644287,-0.07388783246278634,10.5894775390625
1785985407.0214062,-0.26641497015953064,0.3214254975318911,1.779870867729187,-1.2967787981033325,0.9122309088706981,9.409917831420898
1785985407.0444062,-0.2907233238220215,0.3243711888790133,1.6852127313613892,0.12082366645336151,0.3804798126220716,10.333139419555664
1785985407.0624063,-0.3230358064174652,0.3340788483619692,1.5893886089324951,-0.10456255078315735,0.4167333841323865,9.977426528930664
1785985407.0854063,-0.38521966338157654,0.3312011659145357,1.5190266370773315,-0.2691707909107208,0.7350521683692944,10.166219711303711
1785985407.109406,-0.4284035563468933,0.3136746585369112,1.4105690717697144,1.7127331495285034,0.19194488227367523,10.046549797058105
1785985407.126406,-0.49184122681617737,0.28016325831413286,1.3393027782440186,-1.296980857849121,0.728601098060609,9.457381248474121
1785985407.143406,-0.5519964098930359,0.23203009366989152,1.257469654083252,-1.1138708591461182,0.6414180994033825,9.236854553222656
1785985407.167406,-0.575952410697937,0.18649415671825423,1.187725305557251,0.5942328572273254,0.5028097033500684,9.631471633911133
1785985407.185406,-0.6248719096183777,0.16295057535171523,1.136311411857605,-0.9118130803108215,0.8501135110855114,9.119125366210938
1785985407.2074077,-0.6456639766693115,0.14449389278888716,1.052431344985962,-0.24365821480751038,0.47727674245834467,9.683627128601074
1785985407.2254078,-0.6220768690109253,0.09870666265487683,0.9936097860336304,0.28652292490005493,0.5125952363014233,9.924418449401855
1785985407.2484078,-0.6230804324150085,0.0839698538184167,0.9205816984176636,-0.11861986666917801,0.7830467820167554,9.947031021118164
1785985407.2664077,-0.6121509671211243,0.0514277033507825,0.8616157174110413,-1.7580857276916504,1.2781518697738659,9.738245964050293
1785985407.283408,-0.5817219614982605,0.05059265717864046,0.8142837882041931,-0.5284116864204407,0.6021178364753735,10.051996231079102
1785985407.307409,-0.5392289757728577,0.03832751139998445,0.7533739805221558,0.5359644293785095,0.5408247113227856,9.957624435424805
1785985407.324409,-0.493678480386734,0.009626872837543574,0.7031685709953308,-0.21298015117645264,0.5908083915710461,10.291118621826172
1785985407.347409,-0.4640001356601715,0.027771400287747463,0.6533124446868896,-0.8910399079322815,0.3070375025272382,10.38237190246582
1785985407.3654091,-0.4009943902492523,0.03665920346975334,0.6097590327262878,-1.4834535121917725,0.720596253871919,10.155071258544922
1785985407.382409,-0.382356196641922,0.026246121153235505,0.5800332427024841,0.8650681376457214,0.07101787626743444,10.455808639526367
1785985407.406411,-0.361045777797699,0.041123617440462175,0.5376631021499634,-0.025605402886867523,0.23219573497772342,10.29918098449707
1785985407.423411,-0.32373324036598206,0.036253761500120225,0.5108196139335632,-0.7617962956428528,0.7132543921470654,9.671852111816406
1785985407.4474108,-0.30793333053588867,0.028327347710728704,0.4791596829891205,0.0532173290848732,0.8991070389747632,10.335411071777344
1785985407.465411,-0.32530733942985535,0.013376333750784451,0.44122371077537537,-1.849031686782837,1.0008186101913465,10.049836158752441
1785985407.482411,-0.30220258235931396,-0.006771083455532735,0.443178653717041,-2.9486794471740723,1.3644367456436168,8.880130767822266
1785985407.505412,-0.3007011413574219,0.007484846748411718,0.5089703798294067,-0.594348132610321,0.7843775749206555,9.795307159423828
1785985407.5234122,-0.32950520515441895,0.02429248392581947,0.5817022919654846,0.08198624849319458,0.5903544425964368,10.284634590148926
1785985407.5464122,-0.31883561611175537,0.0259004309773446,0.7038968205451965,0.679229736328125,0.9929597377777112,9.91049575805664
1785985407.564412,-0.32777148485183716,-0.007715907413512372,0.7881411910057068,-0.9804072976112366,0.7100805640220654,10.270278930664062
1785985407.581412,-0.3382548987865448,-0.016968032345175636,0.8706125617027283,-0.15331622958183289,0.7430413365364087,9.744038581848145
1785985407.6044145,-0.3808465898036957,-0.07599163800477969,1.0198166370391846,-0.3874070346355438,0.9592075347900403,10.023283004760742
1785985407.6224144,-0.4388652443885803,-0.10172583162784563,1.1008710861206055,-0.949354350566864,1.0054789781570446,9.734557151794434
1785985407.6454144,-0.4971565902233124,-0.11846583336591705,1.192830204963684,-0.949354350566864,1.0054789781570446,9.734557151794434
1785985407.6634145,-0.6204937100410461,-0.14264400303363783,1.268964409828186,-2.207430362701416,1.0051691532135023,10.151300430297852
1785985407.6864178,-0.7251197099685669,-0.17659747600555403,1.3938559293746948,2.0800230503082275,0.32433533668518194,10.245240211486816
1785985407.7034178,-0.7698128819465637,-0.2048667073249815,1.4854121208190918,1.8478444814682007,0.18797922134399536,9.924934387207031
1785985407.7264178,-0.7873285412788391,-0.26603940129280074,1.5583618879318237,-2.0167102813720703,1.145252346992494,10.638790130615234
1785985407.744418,-0.7946116924285889,-0.3330794870853422,1.6670583486557007,-2.2679872512817383,1.6863448619842543,10.25521183013916
1785985407.7614179,-0.7656660676002502,-0.336681544780731,1.7326562404632568,-0.6658607125282288,1.4105058908462538,10.01203727722168
1785985407.7854187,-0.7414441108703613,-0.37672185897827126,1.803328037261963,-3.0608837604522705,1.6129524707794203,10.202207565307617
1785985407.8254187,-0.60273277759552,-0.385619133710861,1.9381566047668457,-1.062934398651123,1.4709650278091442,9.2742338180542
1785985407.8434188,-0.5314544439315796,-0.3956373035907743,1.9948419332504272,-0.888881266117096,1.1199254989624037,10.039112091064453
1785985407.8664188,-0.4709295630455017,-0.39005386829376193,2.0433027744293213,1.164270281791687,0.119331978261472,9.824919700622559
1785985407.8844187,-0.434526264667511,-0.38197925686836215,2.0960323810577393,-1.4338343143463135,1.2089681625366222,9.121357917785645
1785985407.9074183,-0.3963679373264313,-0.3634167611598966,2.1858103275299072,0.02259710431098938,0.8563860058784497,9.954341888427734
1785985407.9254184,-0.4032447934150696,-0.35119497776031466,2.227942705154419,1.1406049728393555,0.4222771227359784,9.866787910461426
1785985407.9484184,-0.43002355098724365,-0.21603526175022097,2.2724881172180176,-0.175692617893219,0.9194042086601268,9.30186653137207
1785985407.9654183,-0.46599194407463074,-0.14737024903297397,2.3529179096221924,-0.175692617893219,0.9194042086601268,9.30186653137207
1785985407.983421,-0.49309659004211426,-0.06615625321865053,2.3597006797790527,-0.19810593128204346,0.8141487836837781,10.304790496826172
1785985408.006421,-0.46087318658828735,0.011123745702207368,2.2872700691223145,0.7395000457763672,0.6872416734695446,9.311671257019043
1785985408.0244212,-0.3795737624168396,0.1041992679238322,2.208298444747925,1.5755332708358765,0.579615652561189,9.745401382446289
1785985408.0474212,-0.2505299150943756,0.19993101060390497,2.1191554069519043,-3.637963056564331,1.8562116622924816,8.77031135559082
1785985408.0644212,-0.2041483074426651,0.24438203871250178,2.021239757537842,-0.00813482329249382,-0.36415186524391047,10.27872085571289
1785985408.0824232,-0.19819986820220947,0.26641982793808006,1.9404889345169067,-0.3476766347885132,0.620258152484895,9.803006172180176
1785985408.1054232,-0.18459756672382355,0.2686477005481722,1.8423881530761719,-0.6983910202980042,0.8334041833877576,10.311284065246582
1785985408.123423,-0.23440960049629211,0.2507649660110476,1.7424445152282715,-1.2417491674423218,1.0910588502883922,9.85416316986084
1785985408.146423,-0.2967761158943176,0.2363152951002123,1.6565808057785034,-0.36668553948402405,0.92730748653412,10.502843856811523
1785985408.163423,-0.30192580819129944,0.221465587615967,1.5791072845458984,-1.205352544784546,1.0322551727294933,9.726811408996582
1785985408.1874244,-0.36171281337738037,0.24485707283020036,1.472444772720337,-1.0677047967910767,0.7385120391845715,10.019596099853516
1785985408.2044244,-0.424671471118927,0.2527741491794588,1.409054160118103,-1.3746397495269775,0.969932258129121,9.191130638122559
1785985408.2274244,-0.4891951084136963,0.25008675456047075,1.3306668996810913,-0.47687849402427673,0.6998206973075879,9.536409378051758
1785985408.2454245,-0.5291271209716797,0.2121181488037111,1.2532340288162231,0.8682514429092407,0.4719591736793531,10.497978210449219
1785985408.2624245,-0.5725482702255249,0.16872820258140578,1.187036395072937,-0.36890512704849243,0.18224084377288946,10.387158393859863
1785985408.2854245,-0.5818054676055908,0.1462434679269792,1.1189147233963013,-0.5656522512435913,0.709605932235719,10.273898124694824
1785985408.3034267,-0.5791400671005249,0.1150191128253938,1.0450857877731323,-0.842595100402832,0.8838743567466748,9.830118179321289
1785985408.3264267,-0.5552240610122681,0.08421013504266751,0.9810536503791809,0.7695375084877014,0.44660943746566895,9.99543571472168
1785985408.3444269,-0.5442895889282227,0.05116626247763645,0.9229363203048706,0.4712485373020172,0.5396008491516127,10.51102066040039
1785985408.3674266,-0.512231171131134,0.05178151652216922,0.8730588555335999,-0.7956538796424866,0.8251493573188793,9.466643333435059
1785985408.3854268,-0.4946451485157013,0.0610823780298234,0.8094443082809448,0.9834249019622803,0.6129567027091992,10.152132034301758
1785985408.4024282,-0.47829633951187134,0.056909386068582625,0.7629310488700867,0.6632109880447388,0.458195507526399,10.3258695602417
1785985408.426428,-0.4841674566268921,0.051840461790561766,0.7136070728302002,0.6408793926239014,0.6464747786521924,9.955303192138672
1785985408.444428,-0.47452422976493835,0.02185841277241715,0.6534560918807983,1.4378935098648071,0.28933736681938305,10.77889347076416
1785985408.467428,-0.4646815359592438,-0.002379728481173443,0.5928881764411926,-1.0777918100357056,0.5503348112106334,9.497784614562988
1785985408.4844275,-0.48425620794296265,-0.03552228212356561,0.5355995297431946,-0.3093605637550354,0.7489337325096143,9.755722999572754
1785985408.5074275,-0.500429093837738,-0.032963249832391676,0.5101572275161743,-0.5601859092712402,0.27496039867401245,10.039133071899414
1785985408.5254276,-0.48489198088645935,-0.002781301271170321,0.4627004861831665,-0.9525003433227539,0.49111032485962036,10.13226318359375
1785985408.5484276,-0.49989941716194153,-0.007926080375909752,0.433345764875412,-2.7853713035583496,1.4513585567474376,9.22486400604248
1785985408.5664275,-0.49670907855033875,-0.030299630016088437,0.39600661396980286,-0.4590151607990265,0.5165783762931837,10.495046615600586
1785985408.5834289,-0.3973570764064789,-0.07157068699598308,0.37035071849823,-0.6017928123474121,0.6585288643836988,10.751306533813477
1785985408.6074288,-0.3685939908027649,-0.04023574292659753,0.4972086250782013,0.4173060655593872,0.9712561964988721,10.163272857666016
1785985408.6244287,-0.3520672023296356,0.012949164956808161,0.5812488198280334,-1.6015039682388306,0.2119156122207654,10.1997709274292
1785985408.6474288,-0.28661540150642395,0.0320710353553296,0.6682022213935852,-1.1481221914291382,0.689224183559419,10.157533645629883
1785985408.6654289,-0.26709264516830444,0.041276093572378256,0.7757241725921631,0.7190093398094177,1.763447403907777,9.969841003417969
1785985408.6834302,-0.2685067355632782,0.051817700266838185,0.9008496999740601,-1.232835054397583,1.0180804729461683,10.195554733276367
1785985408.7064302,-0.2714792490005493,0.09141939133405698,0.9687389135360718,0.5739262700080872,0.7493394613266003,10.133563041687012
1785985408.7234302,-0.26579946279525757,0.11956579238176357,0.9539099931716919,-0.8407867550849915,0.8227615356445325,10.25458812713623
1785985408.7464302,-0.2781446576118469,0.10235604643821727,0.9286155104637146,0.4655953645706177,0.6765546202659619,10.158673286437988
1785985408.76443,-0.24046339094638824,0.07378170639276516,0.8996171355247498,0.26246407628059387,0.6062838435173047,10.040318489074707
1785985408.7874315,-0.17516067624092102,-0.008217346854507817,0.8634830713272095,1.2207273244857788,-0.0951552018523203,10.72197151184082
1785985408.8114314,-0.11172271519899368,-0.11745960265398016,0.8232667446136475,-2.0412986278533936,1.4660118818283092,9.384597778320312
1785985408.8224313,-0.12600265443325043,-0.1726699024438857,0.7974745631217957,-0.5478708148002625,0.6593055129051221,9.8373384475708
1785985408.8464313,-0.10342644900083542,-0.27333325147628773,0.7723137140274048,-2.1354358196258545,0.33329901099205145,10.309947967529297
1785985408.8634315,-0.08886808902025223,-0.36779749393463124,0.7439113855361938,-0.09721532464027405,1.2054119110107433,9.945114135742188
1785985408.887432,-0.10966614633798599,-0.46292361617088307,0.6997255682945253,1.9089093208312988,-0.21829405426978934,10.618764877319336
1785985408.904432,-0.12398889660835266,-0.5667097568511962,0.6667256951332093,-2.452863931655884,0.5228257775306715,10.56395149230957
1785985408.9284322,-0.12095325440168381,-0.6540532708168029,0.6369344592094422,-0.057165827602148056,0.5801078081130995,10.497252464294434
1785985408.9454322,-0.1771557629108429,-0.6582622528076171,0.6106839776039125,-0.6546732783317566,0.34261485934257635,10.292083740234375
1785985408.9624321,-0.2149430215358734,-0.6725087165832518,0.5755715370178224,1.0570050477981567,0.9183924198150648,10.44434642791748
1785985408.9864333,-0.21048547327518463,-0.6644795536994933,0.5316812992095948,-3.379969835281372,1.3002824783325206,9.461822509765625
1785985409.0274332,-0.2755580246448517,-0.6404854059219359,0.4618318676948548,0.5387458205223083,0.4855835735797895,10.21212387084961
1785985409.044433,-0.2837998569011688,-0.6097428202629089,0.43071690201759344,-0.8983359336853027,0.6941384077072156,10.160929679870605
1785985409.067433,-0.28877630829811096,-0.5563251972198486,0.39609661698341375,-4.088423252105713,1.2347029447555553,9.546673774719238
1785985409.0854332,-0.31406691670417786,-0.5073066353797913,0.3728840649127961,0.17388954758644104,0.9634882211685193,10.388941764831543
1785985409.1024342,-0.3046414852142334,-0.46618339419364924,0.3390136361122132,0.3911837935447693,-0.38549798727035395,10.211736679077148
1785985409.1254342,-0.30397069454193115,-0.43981587886810297,0.30623546242713934,0.24930492043495178,-0.17780528962612013,11.30158805847168
1785985409.149434,-0.29756584763526917,-0.41929823160171503,0.28033086657524114,-1.2789565324783325,0.7736021280288709,10.27080249786377
1785985409.1664343,-0.2721862196922302,-0.3952117264270782,0.2536930143833161,-1.4083982706069946,0.724493741989137,10.019673347473145
1785985409.1834342,-0.2572367787361145,-0.3754090964794159,0.225945994257927,-0.9751161932945251,0.5980768203735364,9.742507934570312
1785985409.2074342,-0.24428054690361023,-0.3688358962535858,0.21312105655670172,0.696681797504425,0.17518109083175792,10.859936714172363
1785985409.225434,-0.22504974901676178,-0.3400691747665405,0.18857394158840185,-0.8526500463485718,0.7256559729576124,10.511940956115723
1785985409.248434,-0.21925315260887146,-0.33640238642692566,0.16180366277694705,-0.46040230989456177,0.28074920177459844,10.46545124053955
1785985409.2654343,-0.20114555954933167,-0.3218306303024292,0.15285037457942965,-1.6033062934875488,-0.10683295130729548,10.384960174560547
1785985409.2884343,-0.16609002649784088,-0.32636621594429016,0.12171406298875813,-0.8042983412742615,0.6625775098800671,10.36712646484375
1785985409.3064342,-0.16792479157447815,-0.31662556529045105,0.10145344585180287,0.8746637105941772,0.18437600135803348,10.19462776184082
1785985409.323434,-0.17060716450214386,-0.31704026460647583,0.07566616684198384,-0.4259660840034485,0.6803810000419629,10.178858757019043
1785985409.3644342,-0.146902933716774,-0.3779825270175934,0.04669821262359624,-0.8247377872467041,0.29046452045440796,10.007718086242676
1785985409.3824341,-0.15932545065879822,-0.3667231500148773,0.03420825302600865,-0.19976061582565308,0.2541409432888044,10.450427055358887
1785985409.4054363,-0.13949204981327057,-0.3141895830631256,0.015079022385180035,-0.7095754742622375,0.5918218493461622,10.607032775878906
1785985409.4234362,-0.09664107114076614,-0.27918991446495056,0.009300387464463745,-0.7427673935890198,0.2925633192062391,10.67569351196289
1785985409.4464362,-0.09659599512815475,-0.27498868107795715,-0.013903578743338552,2.628664255142212,-0.2767010927200304,11.000011444091797
1785985409.4644363,-0.08550359308719635,-0.26054301857948303,-0.027305245399475066,-1.5975314378738403,0.6681870818138135,10.424872398376465
1785985409.4864383,-0.08046172559261322,-0.2304900884628296,-0.0500843599438667,-0.6086406111717224,0.5929624438285841,10.44394588470459
1785985409.5044382,-0.10505430400371552,-0.253495454788208,-0.057000581175088855,-0.4525587558746338,0.25100597739219793,10.611917495727539
1785985409.5214384,-0.08967217057943344,-0.23330286145210266,-0.07679248601198194,-2.4985551834106445,1.0968807935714733,9.745705604553223
1785985409.5454383,-0.07673783600330353,-0.22780682146549225,-0.0837738439440727,-1.0548663139343262,0.21015706658363467,10.265277862548828
1785985409.5624382,-0.08825825899839401,-0.2370682656764984,-0.093609444797039,-0.5757126212120056,0.28872355818748596,10.176454544067383
1785985409.5854394,-0.11253266781568527,-0.2505365014076233,-0.10638970881700513,-1.030394434928894,0.6821563839912428,10.658446311950684
1785985409.6094396,-0.09708522260189056,-0.2499172538518906,-0.1279952675104141,-0.9456079602241516,0.38426458835601923,9.549223899841309
1785985409.6264396,-0.06714814901351929,-0.27570074796676636,-0.123999647796154,-1.7236943244934082,-0.5901998281478869,10.83685302734375
1785985409.6444395,-0.09795824438333511,-0.2685506045818329,-0.14416697621345517,-0.5530942678451538,1.707662343978883,9.292426109313965
1785985409.6674395,-0.0923239216208458,-0.26514044404029846,-0.1494900584220886,-0.3393367528915405,0.7135686278343213,10.184242248535156
1785985409.6854396,-0.09219580143690109,-0.24093233048915866,-0.1627610921859741,0.5016603469848633,0.8944712877273573,10.451639175415039
1785985409.7074416,-0.0854366272687912,-0.22728970646858218,-0.17447897791862485,0.06315697729587555,-0.039264686405657445,10.440494537353516
1785985409.7254417,-0.08968937397003174,-0.21297588944435122,-0.17757172882556913,-1.9717655181884766,1.0351245403289806,9.451854705810547
1785985409.7484417,-0.07672324776649475,-0.21728731691837314,-0.18129837512969968,-1.0965605974197388,0.42828500270843634,10.53847885131836
1785985409.7664416,-0.06756206601858139,-0.1997494548559189,-0.1874776184558868,-2.772139549255371,0.11536571383476378,9.838285446166992
1785985409.7834415,-0.053053610026836395,-0.17153295874595645,-0.19436256587505338,-1.3092763423919678,1.8910324573516857,9.491619110107422
1785985409.8074439,-0.045032914727926254,-0.16481299698352816,-0.20775863528251645,-4.062201023101807,2.056875705718995,9.017460823059082
1785985409.8244438,-0.04365319386124611,-0.1639143526554108,-0.21032354235649106,2.119202136993408,0.011318713426591298,10.877243041992188
1785985409.8474438,-0.009400437586009502,-0.15262241661548617,-0.21150550246238706,-4.122556686401367,1.2104014158248912,9.125741958618164
1785985409.865444,-0.017890535295009613,-0.11582253128290179,-0.2298847138881683,-1.1201618909835815,0.22056236863136416,10.303046226501465
1785985409.8884451,-0.004396617412567139,-0.08813109248876574,-0.23191507160663605,0.5733646154403687,0.6066603660583508,9.87072467803955
1785985409.9064453,0.010652747005224228,-0.10213498771190646,-0.24084733426570892,-1.2240432500839233,0.12904079258442053,10.389506340026855
1785985409.9234452,0.036344777792692184,-0.05857397243380549,-0.24709832668304443,-1.9605677127838135,0.36251994967460754,9.80041790008545
1785985409.9474452,0.009951687417924404,-0.05587885901331904,-0.25438880920410156,-0.7982840538024902,0.46092543005943426,10.452859878540039
1785985409.964445,0.01978793740272522,-0.037714518606662785,-0.2565212845802307,-3.1810760498046875,-0.376553803682326,10.357076644897461
1785985409.981445,0.04966270923614502,-0.03327524289488796,-0.27172279357910156,2.3358373641967773,0.5399807691574109,9.860363960266113
1785985410.0044458,0.054422639310359955,-0.02412161417305473,-0.27591514587402344,-0.6131301522254944,0.0876729041337979,9.866172790527344
1785985410.0284457,0.05278974771499634,-0.01152401883155111,-0.280122309923172,-0.6491621136665344,0.1848515868186963,9.994751930236816
1785985410.0454457,0.05199422687292099,-0.03356888145208362,-0.2966919541358948,-0.900123655796051,0.3366092443466199,9.82689380645752
1785985410.0634458,0.06061466783285141,-0.06835482269525532,-0.2969634234905243,-0.8293801546096802,-0.2800241708755481,10.071992874145508
1785985410.086447,0.04097357764840126,-0.044332135468721424,-0.3102923035621643,-0.577060878276825,-0.1813651323318469,10.127102851867676
1785985410.103447,0.0493924580514431,-0.07601663470268254,-0.3089011609554291,-1.2506558895111084,0.6278465986251843,9.519563674926758
1785985410.127447,0.05817577615380287,-0.11309810727834706,-0.3155774772167206,-0.9856860041618347,-0.3710598349571215,10.523248672485352
1785985410.144447,0.032702747732400894,-0.11332957446575169,-0.3225148320198059,0.5395469069480896,0.40054607391357544,9.940279006958008
1785985410.162447,0.014382537454366684,-0.11380250006914143,-0.3275507092475891,0.5395469069480896,0.40054607391357544,9.940279006958008
1785985410.185447,0.04559313505887985,-0.10812175273895268,-0.32646381855010986,0.4092326760292053,-1.7268540859222399,11.136540412902832
1785985410.2084491,0.03978138417005539,-0.10564488917589192,-0.336530476808548,1.3416390419006348,0.8530970215797435,9.185670852661133
1785985410.226449,0.027771754190325737,-0.08961442857980732,-0.3394632637500763,-0.046640899032354355,-0.09996514022350186,10.220632553100586
1785985410.243449,0.0449170246720314,-0.09851055592298512,-0.3433554768562317,1.903804063796997,-1.3480927944183336,10.896561622619629
1785985410.284449,0.07888441532850266,-0.11186002939939503,-0.34782230854034424,-3.2175629138946533,-0.17666633427142966,10.597411155700684
1785985410.307451,0.0673159658908844,-0.10464640706777577,-0.34641358256340027,-0.19421513378620148,-0.27352321147918573,10.219392776489258
1785985410.3254511,0.083816297352314,-0.11387672275304798,-0.3485092222690582,-1.0006108283996582,0.5861495733261121,9.78320598602295
1785985410.3484511,0.0994856059551239,-0.10782275348901753,-0.35122811794281006,-0.34035471081733704,-0.2591810524463641,10.359102249145508
1785985410.366451,0.10195104777812958,-0.06492498517036442,-0.36249157786369324,-0.18854601681232452,0.2761963009834302,9.821993827819824
1785985410.3844512,0.11209262162446976,-0.057343099266290706,-0.35913264751434326,-3.1601128578186035,0.885233521461488,9.614675521850586
1785985410.4074528,0.09176883101463318,-0.04759220778942112,-0.35183948278427124,-1.1316536664962769,0.12004475295543791,9.881282806396484
1785985410.4244528,0.08051206171512604,-0.03094549290835862,-0.36205756664276123,-0.10277631878852844,-0.08023449033498639,10.200199127197266
1785985410.448453,0.09861867874860764,-0.03219472989439969,-0.3708552420139313,-1.3330345153808594,0.3458112180233014,10.045204162597656
1785985410.465453,0.07525088638067245,-0.025555783882737205,-0.3689176142215729,0.8428268432617188,-0.40388089418411127,10.366185188293457
1785985410.482454,0.06949165463447571,-0.041395187377929736,-0.3752453923225403,0.32999086380004883,0.6646728515625011,9.507624626159668
1785985410.505454,0.08208881318569183,-0.033329758793115664,-0.38259461522102356,0.015447203069925308,-0.5235510468482959,10.095989227294922
1785985410.5234542,0.06994709372520447,-0.018910501152277038,-0.3753834068775177,-0.6903274655342102,0.3357927799224866,9.96436595916748
1785985410.5464542,0.07008559256792068,-0.00047842864296403806,-0.38770589232444763,2.7856338024139404,-0.5007121562957751,10.327376365661621
1785985410.5634542,0.08728763461112976,0.0010872507700696117,-0.3839772045612335,-1.254050374031067,-0.06618884950876111,10.241595268249512
1785985410.5874555,0.08345665782690048,-0.024744937196373988,-0.38787680864334106,-0.7858378291130066,-0.1864970624446857,9.83259391784668
1785985410.6104555,0.06828714907169342,-0.013146017678082038,-0.3965907394886017,-0.20536552369594574,0.006581842899323703,9.748425483703613
1785985410.6284554,0.07634185999631882,-0.012177168391645003,-0.39928048849105835,-0.7606058120727539,0.7603775262832654,9.590996742248535
1785985410.6454554,0.08066988736391068,-0.02888323552906518,-0.39468058943748474,-0.08562341332435608,-0.611962556838988,10.189876556396484
1785985410.6624553,0.08133426308631897,-0.034970026463270236,-0.40904107689857483,-0.02032782882452011,-0.24704989790916318,10.152782440185547
1785985410.6864562,0.08175856620073318,-0.04403337091207509,-0.4132324159145355,-1.0840929746627808,-0.2505912184715258,10.322684288024902
1785985410.7034562,0.06995391845703125,-0.0365608967840672,-0.4023490846157074,0.10839179158210754,-0.009354040026663563,9.568192481994629
1785985410.727456,0.06780444830656052,-0.038220152258873034,-0.41383078694343567,0.6109524965286255,0.3008489906787884,9.742136001586914
1785985410.7444563,0.07863305509090424,-0.03215729445219045,-0.409883588552475,-0.35868319869041443,-0.11312431097030519,9.890034675598145
1785985410.7674563,0.07626420259475708,-0.020070537924766593,-0.41159558296203613,0.49392563104629517,-0.5957919955253589,10.319846153259277
1785985410.7854562,0.08086422085762024,0.006875103805214116,-0.4141314625740051,2.1314854621887207,0.36778572201728943,9.802035331726074
1785985410.814459,0.09170052409172058,0.020256455987691827,-0.41308024525642395,0.01783015951514244,-0.30422061681747314,10.073997497558594
1785985410.826459,0.08077585697174072,0.03287421911954875,-0.4106242060661316,0.024769503623247147,-1.7708660364150988,10.590238571166992
1785985410.843459,0.08333636075258255,0.054496128112077664,-0.41341736912727356,1.3144404888153076,0.224728122353555,9.86967658996582
1785985410.866459,0.09276367723941803,0.045765634626150076,-0.42548245191574097,1.3144404888153076,0.224728122353555,9.86967658996582
1785985410.884459,0.08411594480276108,0.047336798161268186,-0.4215019941329956,-0.02829981967806816,-0.20717783272266266,10.032455444335938
1785985410.9074595,0.07842706888914108,0.026198890060186334,-0.42382198572158813,1.2173891067504883,0.2279582619667065,9.53934383392334
1785985410.9254596,0.09352704137563705,0.03295003995299334,-0.4334653615951538,-2.792489767074585,-0.25243347883224365,9.79279899597168
1785985410.9474595,0.09084673970937729,0.029755514115095087,-0.4221748113632202,-0.38157176971435547,-0.4629608690738666,10.178030014038086
1785985410.9654596,0.08010049164295197,0.03305821865797038,-0.4204545021057129,-0.6844334602355957,0.8165082931518567,9.657594680786133
1785985410.9834595,0.12532338500022888,0.02664447762072081,-0.4224270284175873,-0.13908058404922485,-0.4308848679065692,10.182707786560059
1785985411.0064616,0.13130199909210205,0.044609792530536596,-0.43289822340011597,2.2618062496185303,-1.7746340036392199,10.723729133605957
1785985411.0234616,0.12038768082857132,0.03419595211744303,-0.43000268936157227,-1.5421113967895508,0.5705147385597241,9.539663314819336
1785985411.0474615,0.15430356562137604,0.013467776589095539,-0.43267372250556946,0.229808509349823,-0.1270819306373584,9.879056930541992
1785985411.0644615,0.15760110318660736,0.006233321037143415,-0.4386133849620819,2.323861837387085,-0.05242748558521148,10.046692848205566
1785985411.0874624,0.1327623873949051,0.0384139940142631,-0.4435637295246124,-0.9967474937438965,0.26062470674514887,9.429222106933594
1785985411.1054623,0.13076938688755035,0.036248583346605245,-0.4473552107810974,-0.1360495388507843,-0.35035127401351807,10.093417167663574
1785985411.1224623,0.14919118583202362,0.02129341103136534,-0.4484434723854065,1.0887389183044434,0.2091196626424801,9.620970726013184
1785985411.1464624,0.13405972719192505,0.03264090791344637,-0.45711854100227356,-0.4978649914264679,-0.3666489720344531,10.005866050720215
1785985411.1634624,0.1274864673614502,0.03979243710637087,-0.4529886543750763,0.025394417345523834,-0.1465983390808093,10.181089401245117
1785985411.187465,0.11598712205886841,0.04185669124126429,-0.45708850026130676,-1.1689887046813965,0.04282892122864841,9.637405395507812
1785985411.204465,0.0970737561583519,0.03256511688232416,-0.4461532533168793,1.6582187414169312,-0.8747185468673694,10.0452880859375
1785985411.227465,0.08538780361413956,0.035570584237575475,-0.4609140157699585,1.8841525316238403,-0.28533485531806824,9.871444702148438
1785985411.2444649,0.10101484507322311,0.051200553774833624,-0.4585112929344177,-0.4304267466068268,-0.25062164664268366,10.45278263092041
1785985411.262465,0.10663378238677979,0.044684417545795385,-0.45884770154953003,-1.1403180360794067,0.12109118700027582,9.533358573913574
1785985411.285465,0.08075747638940811,0.034711781889200155,-0.46726468205451965,0.12441734224557877,-0.44948640465736267,10.095218658447266
1785985411.3034651,0.07571092247962952,0.02095304429531092,-0.46020567417144775,0.43372857570648193,-0.08373699337243914,9.700735092163086
1785985411.3264651,0.08955555409193039,0.01643459498882288,-0.4569154977798462,0.43372857570648193,-0.08373699337243914,9.700735092163086
1785985411.3444653,0.08296870440244675,0.026716584339737837,-0.4610147476196289,-0.7567875385284424,0.09291458874940997,10.213384628295898
1785985411.3674653,0.0568804033100605,0.03907347843050951,-0.45889943838119507,-2.826723337173462,0.043032392859460096,9.549193382263184
1785985411.385466,0.05738042667508125,0.042586870491504614,-0.45775139331817627,3.048079490661621,-0.4715777039527881,10.16566276550293
1785985411.408466,0.05988842993974686,0.05720707774162287,-0.4547859728336334,-0.33875298500061035,-0.603564143180846,10.254059791564941
1785985411.425466,0.055038485676050186,0.07022361457347864,-0.4646633267402649,-0.5749035477638245,-0.2317108660936344,9.600385665893555
1785985411.4494662,0.0384652316570282,0.07175143063068384,-0.46091485023498535,0.39083313941955566,-0.5115534663200366,10.208930969238281
1785985411.4664662,0.051628004759550095,0.06522212922573084,-0.462887704372406,-0.7213469743728638,0.007062681019307362,9.628678321838379
1785985411.4894662,0.04623960703611374,0.07675895839929575,-0.4654827117919922,-0.3009222745895386,-0.11999952793121219,9.72769546508789
1785985411.5064662,0.04233116656541824,0.08738519251346583,-0.4657905399799347,-0.0738825798034668,-0.16649769246578094,9.893546104431152
1785985411.5244663,0.04872629791498184,0.0745700374245643,-0.4603867530822754,-0.6621748208999634,-0.11453829705715063,9.545501708984375
1785985411.5474663,0.06458649039268494,0.09016960114240641,-0.46370142698287964,2.346322774887085,0.1421855837106716,9.404613494873047
1785985411.5654662,0.04685745760798454,0.09795080870389933,-0.4596603810787201,-2.6837146282196045,0.11283542215824248,9.886465072631836
1785985411.5824661,0.05400274321436882,0.075836032629013,-0.46256858110427856,2.8225066661834717,-0.19740132987499118,9.769327163696289
1785985411.6054683,0.05730624496936798,0.06699237227439875,-0.45478323101997375,0.7380596995353699,-0.5469576716423022,10.355964660644531
1785985411.6294682,0.051170676946640015,0.047788735479116384,-0.44959965348243713,-1.437475323677063,0.48012635111808893,9.455511093139648
1785985411.6464682,0.027520008385181427,0.060637600719928686,-0.46074891090393066,-1.437475323677063,0.48012635111808893,9.455511093139648
1785985411.6644683,0.04980739578604698,0.04809787124395365,-0.4504886567592621,0.09082645177841187,0.09417229890823482,9.579345703125
1785985411.687469,0.05436486378312111,0.06009711697697634,-0.4540073573589325,-0.02880019322037697,-0.10129203647374985,9.97268009185791
1785985411.705469,0.0352146290242672,0.05828466638922686,-0.46437695622444153,0.06522853672504425,-0.06676615774631378,10.010019302368164
1785985411.722469,0.03133802115917206,0.04726871475577349,-0.4628707766532898,-0.3228035867214203,0.28102013468742487,9.491007804870605
1785985411.745469,0.03153283894062042,0.04156607016921038,-0.46099016070365906,0.38794073462486267,-0.2667782902717578,10.194588661193848
1785985411.763469,0.04385742172598839,0.03616445511579508,-0.45643624663352966,-0.3800064027309418,-0.40772822499275085,10.178306579589844
1785985411.7864704,0.022592419758439064,0.029380610212683622,-0.4589284658432007,0.13075542449951172,-0.10095377266406895,9.635875701904297
1785985411.8104706,0.024894708767533302,0.013577644713222925,-0.45958375930786133,-0.09998884052038193,-0.1680190712213504,9.910883903503418
1785985411.8214705,0.02397441305220127,0.00924301799386734,-0.465971440076828,0.010568652302026749,-0.04830726608633874,9.84339427947998
1785985411.8454704,0.011718068271875381,0.031578328460454885,-0.4761417806148529,1.160819172859192,-0.4114909470081317,10.084442138671875
1785985411.8624706,0.007696128915995359,0.03285782411694521,-0.4710666537284851,-1.7656888961791992,0.6819539666175853,9.46834945678711
1785985411.8854744,0.03167036548256874,0.010079250670969429,-0.4717411398887634,-0.10812845081090927,0.056845966726542733,9.936594009399414
1785985411.9034743,0.023348327726125717,0.029765048995613993,-0.4776064157485962,0.23467153310775757,-0.4943291544914234,9.637001991271973
1785985411.9264743,0.022048722952604294,0.021919079124927462,-0.48476937413215637,0.8179440498352051,-0.5806905031204211,9.834892272949219
1785985411.9444745,0.02855701744556427,0.004317431244999112,-0.47751808166503906,-1.6037193536758423,1.0953361988067638,9.029842376708984
1785985411.9674745,0.04748312011361122,0.01807175762951368,-0.4811493754386902,-1.6037193536758423,1.0953361988067638,9.029842376708984
1785985411.9844766,0.037292081862688065,0.03133766725659364,-0.4833180606365204,-3.17450213432312,1.1977704763412487,9.048093795776367
1785985412.0024767,0.03393546864390373,0.03742541372776025,-0.48424166440963745,0.9325153827667236,0.3214195668697369,9.71494197845459
1785985412.0254767,0.03637339174747467,0.03209004178643221,-0.4779576361179352,-0.054121412336826324,-0.024009149521588086,9.73646354675293
1785985412.0424767,0.023290205746889114,0.05113451555371279,-0.47227802872657776,0.24725988507270813,-0.07341282069682951,10.072367668151855
1785985412.0664766,0.010906103998422623,0.04820179194211954,-0.4809674918651581,-0.44136276841163635,0.13170658051967737,9.598590850830078
1785985412.0834775,0.020306594669818878,0.05726103484630579,-0.46569859981536865,-1.5204744338989258,0.4188878238201153,9.412035942077637
1785985412.1014774,0.014877448789775372,0.0646501556038856,-0.47370973229408264,0.032365016639232635,0.2593320906162274,10.066384315490723
1785985412.1244774,0.008897421881556511,0.028801420703530253,-0.4806521534919739,1.2811344861984253,-0.26960733532905456,10.162014961242676
1785985412.1474774,0.04195421561598778,0.010152682662010134,-0.4777076840400696,-1.4354068040847778,0.5945740342140209,9.280954360961914
1785985412.1654775,0.06275822222232819,-0.011994456872344076,-0.47823548316955566,0.476568341255188,-0.08038776367902634,9.95799732208252
1785985412.1884782,0.06830622255802155,-0.03648757934570319,-0.4823872745037079,-0.0655284970998764,0.036424715071917774,9.767903327941895
1785985412.206478,0.07079129666090012,-0.048457358032465044,-0.49438267946243286,0.05581264570355415,0.08734193444252134,9.768204689025879
1785985412.2244782,0.07126768678426743,-0.03542647883296019,-0.4932712912559509,-3.2654576301574707,0.7872595787048351,8.93851089477539
1785985412.2464783,0.028085848316550255,-0.01414088625460869,-0.4876515567302704,-1.2934787273406982,0.6768874526023876,9.155372619628906
1785985412.2654781,0.007202966138720512,0.030522240325808466,-0.47978371381759644,-2.8894848823547363,0.1655900776386273,9.714030265808105
1785985412.2874792,-0.0007243764121085405,0.04887015745043748,-0.48553267121315,-1.273026943206787,-0.04969627782702326,9.782594680786133
1785985412.3054793,-0.022613616660237312,0.049122616648673956,-0.47527027130126953,-0.07677790522575378,-0.2777639627456652,10.268034934997559
1785985412.3284793,-0.048056185245513916,0.040073838084936086,-0.4737159013748169,-0.03447125107049942,0.04385780915618064,9.932936668395996
1785985412.3464792,-0.04181322082877159,0.019146213307976667,-0.46616098284721375,-0.2027241736650467,-0.06264722347259401,9.910165786743164
1785985412.3634791,-0.03162175416946411,0.016214616596698705,-0.4642728269100189,-1.2427003383636475,0.221748471260072,9.756782531738281
1785985412.3814793,-0.07171650975942612,0.029594233259558622,-0.4564933180809021,0.7529979348182678,0.33726936578750727,9.36602783203125
1785985412.4044805,-0.05619374290108681,0.030829053372144644,-0.46218326687812805,-0.6627059578895569,-0.11057113111019014,9.853385925292969
1785985412.4224806,-0.015359027311205864,0.04184295609593386,-0.4557657241821289,-0.7314807176589966,0.932772994041444,9.479121208190918
1785985412.4444804,0.015390134416520596,0.029387095943093244,-0.465131551027298,-0.159753680229187,0.3064872920513165,9.410470008850098
1785985412.4624805,0.019204434007406235,0.02585717104375357,-0.45988956093788147,0.14448079466819763,-0.1754845082759845,9.979707717895508
1785985412.4864805,0.06059395894408226,0.021105218678712786,-0.4764062464237213,2.8710978031158447,-0.1874623894691455,9.97550106048584
1785985412.5084832,0.049418266862630844,0.025044828653335512,-0.46852245926856995,0.8934438228607178,-0.22800764441490054,9.648473739624023
1785985412.527483,0.011950130574405193,-0.0002412287867628605,-0.4630661904811859,-1.8428081274032593,1.5142556428909313,8.61266803741455
1785985412.5444832,0.007196626625955105,0.025733532384037913,-0.475532591342926,2.8190395832061768,-0.40070602297782776,10.049860000610352
1785985412.5674832,0.029827184975147247,0.012481699697673264,-0.4715801477432251,1.1254363059997559,-0.2791862487792957,9.61341667175293
1785985412.5844843,0.006372950039803982,-0.012786791659891661,-0.4573593735694885,0.4277593195438385,-0.30834117531776306,10.13589096069336
1785985412.6084843,-0.016316743567585945,-0.010618656873703058,-0.4524504840373993,0.8093574643135071,-0.8814620971679674,10.75413703918457
1785985412.6254845,-0.0326097197830677,-0.026860367506742533,-0.4594787061214447,-2.5328850746154785,0.6965905427932751,9.624541282653809
1785985412.6434844,-0.05178967863321304,-0.05006729811429983,-0.4543226361274719,-2.5328850746154785,0.6965905427932751,9.624541282653809
1785985412.6664844,-0.06560871005058289,-0.051366072148084696,-0.4522861838340759,-0.3192346394062042,0.12802052497863883,9.369138717651367
1785985412.6844842,-0.056289322674274445,-0.05017342418432241,-0.45293739438056946,-0.4847128987312317,-0.12010721117257951,9.84791374206543
1785985412.7074862,-0.06424201279878616,-0.05563763529062277,-0.455145001411438,0.26615655422210693,0.8641083240509044,9.28980541229248
1785985412.725486,-0.08042367547750473,-0.030220074579119738,-0.4545411169528961,1.1294047832489014,-0.23615291714668152,10.00309944152832
1785985412.748486,-0.08405937254428864,0.006166396662592832,-0.45084822177886963,-3.2196288108825684,0.6882882118225109,9.04299545288086
1785985412.7664862,-0.06409120559692383,0.026009548455476705,-0.458249568939209,0.20767062902450562,0.3760260641574871,9.708949089050293
1785985412.7884874,-0.031252238899469376,0.05513763800263399,-0.4619967043399811,-0.08567798882722855,0.3931612372398388,9.337615966796875
1785985412.8124874,-0.003878982737660408,0.05164321511983866,-0.4697415232658386,-0.19340720772743225,0.43459016084671137,9.527899742126465
1785985412.8234875,-0.010240495204925537,0.04149065166711802,-0.47034594416618347,-0.9526309370994568,0.6555784344673169,9.613851547241211
1785985412.8474874,-0.014063351787626743,0.02169940993189806,-0.4625861942768097,1.4844197034835815,0.1333509683609021,9.902924537658691
1785985412.8644874,-0.01886703260242939,0.03967414051294321,-0.46490707993507385,-0.25178053975105286,0.19166532158851743,9.781500816345215
1785985412.8824897,-0.04139005020260811,0.06401249766349787,-0.455194890499115,-0.21766698360443115,0.5218247771263134,9.395123481750488
1785985412.9054897,-0.05215081200003624,0.11234046518802637,-0.45431363582611084,1.1626032590866089,0.3786835074424755,9.028263092041016
1785985412.9234898,-0.06087280064821243,0.1242172941565513,-0.43956243991851807,1.210968255996704,-0.40424805879592773,9.989760398864746
1785985412.9464898,-0.08321495354175568,0.13441005349159235,-0.43889206647872925,0.255750447511673,0.3166954517364514,9.814764976501465
1785985412.9634898,-0.07831884175539017,0.11921764165163035,-0.4305393397808075,0.13236314058303833,0.2992966175079358,9.974522590637207
1785985412.9864907,-0.07417605072259903,0.08588584512472147,-0.42710375785827637,-0.19221913814544678,0.47755730152130244,9.571572303771973
1785985413.0044909,-0.09662167727947235,0.07509821653366083,-0.42813825607299805,0.5285446643829346,0.1842010319232953,9.8955717086792
1785985413.0274909,-0.07814999669790268,0.05410055816173548,-0.4293708801269531,1.2761670351028442,0.7904884815216077,9.674818992614746
1785985413.0454907,-0.05204509571194649,0.021600326523184724,-0.42230409383773804,1.7145107984542847,-0.521419525146483,10.802138328552246
1785985413.0624907,-0.03685647249221802,-0.009231151081621699,-0.4233209490776062,-0.017668046057224274,0.10978664457798129,10.17687702178955
1785985413.0864909,-0.058521099388599396,-0.06745895743370062,-0.42034339904785156,-0.6219143867492676,0.7979511618614208,9.408227920532227
1785985413.1034913,-0.04985605552792549,-0.09226587414741522,-0.41307780146598816,-0.6219143867492676,0.7979511618614208,9.408227920532227
1785985413.1214912,-0.04390484094619751,-0.12436976283788687,-0.40640559792518616,-0.2926151752471924,0.341346859931947,10.070369720458984
1785985413.1444912,-0.0642780214548111,-0.1432436108589173,-0.39477473497390747,-0.3826875686645508,0.3913868367671978,9.671656608581543
1785985413.1624913,-0.08537192642688751,-0.12427219003438955,-0.3968999683856964,0.16656182706356049,0.04061686247587326,9.982522964477539
1785985413.1854913,-0.06897001713514328,-0.11857632547616963,-0.390820175409317,0.5137549638748169,1.2534978389740001,8.986310005187988
1785985413.2084918,-0.04609740152955055,-0.07100141793489462,-0.39673808217048645,-0.13843759894371033,0.34611147642135737,9.511253356933594
1785985413.2254918,-0.05004902929067612,-0.02021185867488389,-0.3949348032474518,0.07427895069122314,0.07623256742954378,10.031586647033691
1785985413.243492,-0.03752974420785904,0.03561421483755107,-0.3867824077606201,-0.5435843467712402,0.11284358054399608,9.599244117736816
1785985413.266492,0.01118522696197033,0.10010982304811472,-0.3967577815055847,-0.15140464901924133,-0.06175229698419449,10.000097274780273
1785985413.2844918,0.010283492505550385,0.17086580395698542,-0.3928285539150238,-0.2767234742641449,-0.014908313751219463,10.125466346740723
1785985413.3074927,0.0004392247647047043,0.21782359480857844,-0.3808087110519409,-0.40531468391418457,0.11833945661783339,9.844215393066406
1785985413.3254929,-0.01288803294301033,0.18944899737834925,-0.3639208674430847,-1.1389442682266235,0.5690179467201245,9.93227767944336
1785985413.3424928,-0.01706825941801071,0.17172537744045252,-0.3469736576080322,-0.4603027403354645,0.5936816930770885,9.481881141662598
1785985413.3654928,-0.031552620232105255,0.11654481291770931,-0.33739161491394043,-0.07183001935482025,0.4233981668949139,9.709135055541992
1785985413.383494,0.005511107388883829,0.09176991134881969,-0.33596399426460266,1.146609902381897,-0.3361263573169696,10.148303031921387
1785985413.406494,0.02420019544661045,0.06552939116954799,-0.3411751687526703,-0.1313590109348297,0.11190381646156436,10.23366641998291
1785985413.4244938,0.033306680619716644,0.034151572734117466,-0.34290623664855957,-0.3655492663383484,0.5501912832260144,9.695202827453613
1785985413.4474938,0.047480739653110504,0.03310505673289295,-0.34211358428001404,-1.0777111053466797,0.49030381441116455,9.903730392456055
1785985413.4644938,0.06367413699626923,0.03291322663426395,-0.3437155783176422,0.1427863985300064,0.29581773281097534,9.949185371398926
1785985413.4884949,0.08624742925167084,0.03040647506713863,-0.33928847312927246,-0.24563080072402954,-0.075140446424483,10.223725318908691
1785985413.5054948,0.09249904751777649,0.0002695744624360987,-0.3339085280895233,-0.513326108455658,0.18513919413089872,9.815114974975586
1785985413.5224948,0.07604280114173889,-0.042981117963790935,-0.3203960061073303,-0.3441317677497864,0.3492645025253308,9.977823257446289
1785985413.546495,0.05899163708090782,-0.07017764449119572,-0.31579434871673584,0.5215350389480591,-0.2832762598991381,10.346038818359375
1785985413.563495,0.0554472915828228,-0.07514735311269764,-0.3130365014076233,1.04360830783844,-0.1884011179208743,10.285005569458008
1785985413.5864973,0.042239245027303696,-0.06618340313434605,-0.3068956136703491,-0.12284968793392181,0.5264273285865796,9.817584991455078
1785985413.6044974,0.03280925750732422,-0.039927985519170796,-0.3011634945869446,-0.7891499996185303,0.2552545368671429,9.611900329589844
1785985413.6274974,0.0281692948192358,-0.017190722748637234,-0.29729995131492615,0.5148078203201294,0.11345741152763486,9.745903015136719
1785985413.6454973,0.05446512997150421,-0.008294647559523619,-0.29713040590286255,-0.4025157392024994,0.31586340069770935,9.833013534545898
1785985413.6624975,0.05955496057868004,0.01975972391664978,-0.2975791394710541,1.1434918642044067,-0.15154026448726532,9.968452453613281
1785985413.6864982,0.08472054451704025,0.048138935118913616,-0.2929971516132355,0.07924961298704147,0.10561394691467405,9.785388946533203
1785985413.7034981,0.10648022592067719,0.07533663511276241,-0.3013252317905426,-0.1383974701166153,0.010915830731393118,9.892840385437012
1785985413.7274983,0.10187521576881409,0.1288771331310272,-0.29475533962249756,0.9559518694877625,-0.11762532591819642,9.91528034210205
1785985413.7444983,0.09573011845350266,0.16036136448383329,-0.2955343425273895,-1.685535192489624,0.9552887678146373,9.193235397338867
1785985413.7674983,0.07419080287218094,0.13920994102954862,-0.29650425910949707,1.0030180215835571,-0.28672435879707214,9.818058013916016
1785985413.7854981,0.037895478308200836,0.10588027536869045,-0.286895751953125,-2.1808624267578125,0.6087761521339428,9.351114273071289
1785985413.8085003,-0.036933500319719315,0.06358685344457622,-0.2962082624435425,0.3013056516647339,-0.13645698130130643,10.269784927368164
1785985413.8255002,-0.04778020828962326,0.05010302737355229,-0.29951056838035583,-0.2879254221916199,0.4388144910335553,9.787614822387695
1785985413.8435001,-0.04761956259608269,0.032309345901012386,-0.2992863357067108,0.958239734172821,-0.16456566751003143,9.972201347351074
1785985413.8665001,-0.06472157686948776,-0.0160316321998835,-0.3135891258716583,0.6489696502685547,-0.19825480878352997,9.97795581817627
1785985413.8845003,-0.052594538778066635,-0.05522338300943379,-0.31917330622673035,-1.1142321825027466,0.39987236261367914,9.656259536743164
1785985413.907502,-0.01538674347102642,-0.09395145624876027,-0.32276248931884766,0.42007794976234436,0.3915725946426403,9.446542739868164
1785985413.925502,0.002264841925352812,-0.11406363546848301,-0.3329942524433136,2.3081765174865723,-0.37570324540138117,10.269665718078613
1785985413.942502,0.0124307069927454,-0.08180043101310734,-0.34197568893432617,-2.106111526489258,0.5440679788589489,9.387683868408203
1785985413.965502,0.02382163144648075,-0.047397620975971264,-0.3393266201019287,-2.106111526489258,0.5440679788589489,9.387683868408203
1785985413.983503,0.040914930403232574,-0.008661750704050106,-0.3455037474632263,-0.07576724886894226,-0.021898785606025428,9.958298683166504
1785985414.006503,0.006486585829406977,0.009079201146960219,-0.3263488709926605,-1.5951642990112305,1.263423800468446,9.244304656982422
1785985414.023503,0.004261836875230074,0.024811480194330174,-0.33555281162261963,2.554230213165283,-0.40256765484809753,9.997047424316406
1785985414.046503,0.03719009831547737,-0.004108040127903262,-0.3216134309768677,1.0494329929351807,0.22886420786380887,9.754109382629395
1785985414.064503,0.04249582812190056,0.00450608227401968,-0.3135606348514557,-0.1786486953496933,0.10895860940218093,9.842925071716309
1785985414.0875041,0.02839766815304756,0.0429330579936504,-0.2968457341194153,-2.835299491882324,0.053280472755433336,9.839491844177246
1785985414.105504,-0.005084673874080181,0.029943384230136837,-0.2912214994430542,0.1639670878648758,0.3748496472835553,9.981410026550293
1785985414.122504,-0.020614128559827805,0.0077444487251341,-0.2805382311344147,0.8030176758766174,0.15228481590747953,9.840872764587402
1785985414.1465042,-0.04524966701865196,-0.022785432636737855,-0.25270575284957886,-1.3642313480377197,0.44361323118209955,9.627267837524414
1785985414.1635041,-0.04991266131401062,-0.05898398160934451,-0.24115698039531708,-0.5606772303581238,0.09850773215294006,9.999711036682129
1785985414.1865041,-0.04469162970781326,-0.10383798182010653,-0.22538724541664124,0.8791048526763916,-0.6203950047492969,10.129654884338379
1785985414.204504,-0.03691611438989639,-0.12283387780189517,-0.21936275064945218,-0.37315917015075684,0.19321671128273127,9.602642059326172
1785985414.227504,-0.05003759637475014,-0.0947225168347359,-0.21844562888145447,0.4815046489238739,0.2030930221080792,9.63949203491211
1785985414.2455041,-0.044337671250104904,-0.08740982413291934,-0.19776371121406555,-0.14531567692756653,0.30573540925979736,9.839957237243652
1785985414.262504,-0.039450906217098236,-0.07799885421991351,-0.19078107178211212,-0.35151273012161255,0.3148662447929394,9.622994422912598
1785985414.2855048,-0.03576796129345894,-0.05433286726474764,-0.18772085011005402,2.24357008934021,-0.3806493282318103,10.014827728271484
1785985414.3085048,-0.04205719754099846,-0.039120495319366476,-0.16996818780899048,0.29014453291893005,0.09637916088104367,9.706475257873535
1785985414.326505,-0.03051355853676796,-0.021408045664429685,-0.16884703934192657,0.05516307055950165,-0.051824096590279305,10.038225173950195
1785985414.3445048,-0.03817443922162056,-0.019027821719646475,-0.17140406370162964,2.8759055137634277,0.06287869811058164,9.746868133544922
1785985414.3845074,-0.07512674480676651,0.022696444764733294,-0.17615187168121338,-0.4855586290359497,0.030543217435480382,9.935193061828613
1785985414.4025073,-0.10251598060131073,0.05005284398794172,-0.17559871077537537,0.3272610604763031,0.32230192422866943,9.785045623779297
1785985414.4255073,-0.1346743255853653,0.08664835244417188,-0.1785230189561844,0.8161835670471191,-0.19347819685935852,10.075820922851562
1785985414.4435074,-0.16325736045837402,0.07834351062774655,-0.17008468508720398,-1.510413646697998,0.5116586685180676,9.703653335571289
1785985414.4665074,-0.1624349057674408,0.07641844451427457,-0.17090314626693726,-0.20337700843811035,0.47914409637451294,9.830841064453125
1785985414.4835083,-0.16889940202236176,0.07625590264797209,-0.15462081134319305,-0.15590526163578033,-0.23315760493278379,10.093793869018555
1785985414.5065084,-0.15200258791446686,0.04297117516398428,-0.1547289490699768,-0.07992614060640335,0.37442126870155457,10.191560745239258
1785985414.5245085,-0.15029411017894745,0.031106205657124502,-0.15337538719177246,0.537173867225647,0.952154576778413,9.278672218322754
1785985414.5475085,-0.12638525664806366,0.009615440852940065,-0.14109039306640625,0.5768842697143555,0.6844595074653638,9.89342212677002
1785985414.5655084,-0.09628856182098389,-0.017861519008874907,-0.1273735910654068,-2.61958646774292,0.43563243746757635,10.349889755249023
1785985414.5825098,-0.08040442317724228,-0.016622923314571394,-0.11525409668684006,2.809013843536377,0.18918821215629705,10.341156959533691
1785985414.6055098,-0.0707053691148758,-0.03951077908277513,-0.11328349262475967,-0.4857828617095947,0.3539994359016431,10.215970993041992
1785985414.6235096,-0.058125052601099014,0.0027675852179527144,-0.1116126999258995,-0.09755844622850418,0.24166952073574186,9.765765190124512
1785985414.6465096,-0.03190184384584427,0.011007818393409242,-0.09177060425281525,-0.5744067430496216,1.4685399532318126,9.5179443359375
1785985414.6645098,0.005706092342734337,0.024836057797074308,-0.09114095568656921,1.1605690717697144,-0.287720590829848,10.133825302124023
1785985414.6815097,0.039315540343523026,0.0227003339678049,-0.08420027792453766,-2.916858434677124,0.9002169966697704,9.488059043884277
1785985414.7045116,0.061064086854457855,0.04835269227623938,-0.09012539684772491,-0.5939782857894897,0.40662664175033686,9.52677059173584
1785985414.7455118,0.1397392451763153,-0.10848560184240358,-1.3417683839797974,0.2290862500667572,-0.5644783973693837,9.37510871887207
1785985414.7635117,0.2704164385795593,-0.2715089619159701,-2.3268542289733887,-0.49339231848716736,-0.6710576415061938,10.081612586975098
1785985414.7865117,0.2637188136577606,-0.3798163533210758,-2.7303028106689453,-0.4757262170314789,0.2611200213432325,10.569279670715332
1785985414.8045118,0.2541845440864563,-0.3879486918449405,-2.7565927505493164,0.02087547443807125,-0.15983130037784463,9.37950325012207
1785985414.8215117,0.22784066200256348,-0.3290643393993381,-2.7066705226898193,-0.9507745504379272,0.1570201367139828,9.579421043395996
1785985414.8455117,0.08163285255432129,-0.24223977327346835,-2.613456964492798,0.9835554957389832,0.1944318860769284,10.023828506469727
1785985414.8685117,-0.06398124992847443,-0.12271293997764618,-2.489652395248413,0.41546931862831116,-0.07604447752237202,9.644594192504883
1785985414.8855128,-0.10612452775239944,0.001717416569590275,-2.39791202545166,1.203191876411438,-0.4630267918109882,9.656407356262207
1785985414.9035127,-0.18997737765312195,0.10533616691827746,-2.279181480407715,-0.15902787446975708,0.33852225542068587,8.7354097366333
1785985414.9445128,-0.254736065864563,0.19544905424118017,-2.015235185623169,1.6598098278045654,0.2234128117561351,8.62299633026123
1785985414.9615128,-0.27253490686416626,0.17674049735069253,-1.8909237384796143,1.3627452850341797,0.11034424602985489,8.748307228088379
1785985414.984514,-0.2708825170993805,0.13577961921691872,-1.7370799779891968,-0.6788521409034729,0.6848673820495615,8.375442504882812
1785985415.007514,-0.21790577471256256,0.0677977055311201,-1.6001442670822144,-2.0846660137176514,1.3217040300369274,9.142720222473145
1785985415.024514,-0.17738798260688782,0.016292855143546874,-1.49048912525177,-1.7519993782043457,1.1226108074188244,8.66920280456543
1785985415.0485141,-0.13485145568847656,-0.01907489821314828,-1.3446258306503296,-0.3511382043361664,0.6906418800354014,7.850767612457275
1785985415.065514,-0.10752839595079422,-0.025997273623943478,-1.218419075012207,0.4899837076663971,0.09251980483532063,9.029054641723633
1785985415.083514,-0.06748190522193909,-0.016640515998006002,-1.101491928100586,-0.26388469338417053,1.163088321685792,8.12145709991455
1785985415.1065152,-0.01192625891417265,0.0005689847748725414,-0.9740373492240906,-0.12066254019737244,0.1744284480810176,8.718430519104004
1785985415.1235151,0.0012107519432902336,0.029309235513210193,-0.8597263097763062,0.36169329285621643,0.4244318902492533,8.132882118225098
1785985415.147515,0.04621344804763794,0.05894445255398741,-0.7522263526916504,-0.5978854298591614,-0.25838282704353227,8.529403686523438
1785985415.164515,0.08591314405202866,0.09040223062038413,-0.6637002825737,-0.5528455972671509,-0.0709154605865469,7.866150379180908
1785985415.1885164,0.12544623017311096,0.11439201235771172,-0.5575032830238342,-0.9768962860107422,0.7928630113601693,7.612083435058594
1785985415.2055163,0.15681461989879608,0.12875710427761072,-0.471945583820343,-0.8212644457817078,0.3665995001792917,7.894559860229492
1785985415.2235165,0.2064022421836853,0.11790878325700754,-0.40270471572875977,-0.01681128889322281,-0.2021910548210134,8.223339080810547
1785985415.2465165,0.23415572941303253,0.12354694306850429,-0.3218928277492523,-0.2389618307352066,0.9298468232154856,7.9481024742126465
1785985415.2635164,0.24818091094493866,0.10782824456691739,-0.24083665013313293,0.5014052987098694,-0.9199429154396047,8.551517486572266
1785985415.2865186,0.2757200598716736,0.0934946462512016,-0.17356781661510468,-0.5167065858840942,0.43791282176971535,7.95974063873291
1785985415.3045187,0.29730114340782166,0.10931086540222167,-0.12224795669317247,0.1664719134569168,-0.050214834511278984,8.785762786865234
1785985415.3275187,0.28401637077331543,0.1383669674396515,-0.05372208356857301,-0.827298104763031,0.24173110723495586,8.37380599975586
1785985415.3455186,0.28778645396232605,0.1378810703754425,0.013904891908168775,-0.9035611748695374,1.126291871070863,8.402959823608398
1785985415.3625185,0.3014848828315735,0.1548347920179367,0.05149944499135015,0.695948600769043,-0.3735626637935627,9.643272399902344
1785985415.38652,0.299884170293808,0.1866462677717209,0.10217887908220288,0.09009315073490143,0.5902688503265393,9.685466766357422
1785985415.4035199,0.26756590604782104,0.16054837405681613,0.16003137826919553,1.4294178485870361,-0.5270923376083364,8.283138275146484
1785985415.4265199,0.25762441754341125,0.14044252038002017,0.20408783853054044,-0.25232258439064026,0.5760897994041455,9.545530319213867
1785985415.44452,0.24200581014156342,0.1315831542015076,0.23515398800373075,1.8696188926696777,-0.4084832966327656,8.87486457824707
1785985415.46752,0.19019775092601776,0.1061796769499779,0.27581390738487244,-1.7157961130142212,0.425958961248399,9.702539443969727
1785985415.48452,0.17462968826293945,0.10215912759304051,0.30854374170303345,-1.468281626701355,0.6400578022003186,9.594962120056152
1785985415.502522,0.1136186346411705,0.08112908899784092,0.3435545265674591,0.1603199541568756,0.3701014518737805,10.081929206848145
1785985415.525522,0.06080055236816406,0.09654331207275395,0.38032084703445435,1.1340371370315552,-0.38030251860618475,9.526455879211426
1785985415.548522,-0.002160285133868456,0.11643665283918386,0.4144105017185211,-1.6825978755950928,0.7731243371963512,9.498943328857422
1785985415.566522,-0.03121800534427166,0.12555217742919927,0.4522823989391327,-1.4630006551742554,0.32870715856552246,10.039788246154785
1785985415.607524,-0.021665597334504128,0.00034305860754108535,0.4952433109283447,-3.0662851333618164,0.5379325151443494,10.329055786132812
1785985415.624524,0.014968601986765862,-0.04426035657525056,0.5032804012298584,-2.811501979827881,0.6558979749679578,10.058687210083008
1785985415.647524,0.06127432733774185,-0.12396763265132897,0.5224347114562988,-2.6114816665649414,0.36450043320655945,10.010251998901367
1785985415.682524,0.07850789278745651,-0.21339924633502952,0.5738512873649597,-0.14419803023338318,0.5436879992485059,9.709858894348145
1785985415.706526,0.06066536903381348,-0.2380344718694686,0.5835960507392883,-0.7679325938224792,0.47609260678291443,9.886900901794434
1785985415.723526,0.050482410937547684,-0.2309650629758834,0.5921878218650818,-0.02287040650844574,0.33735796809196594,9.87596321105957
1785985415.7475262,0.026874331757426262,-0.20401614904403678,0.6073532700538635,-2.6956229209899902,0.37442311644554266,10.303232192993164
1785985415.7645261,0.03023274429142475,-0.16836704313755027,0.6271678805351257,-0.8056769967079163,0.005025032907725551,9.5601806640625
1785985415.7825284,0.012825258076190948,-0.12353667616844169,0.6454626321792603,1.0805339813232422,-0.37391838431358215,9.983665466308594
1785985415.8055284,0.011966658756136894,-0.08478115499019614,0.6505724191665649,-1.2491545677185059,0.1581216156482709,10.209915161132812
1785985415.8285284,0.011268227361142635,-0.07556699216365806,0.6597192883491516,-1.2714686393737793,0.015780828893185883,9.967455863952637
1785985415.8465283,0.028958484530448914,-0.05780522525310508,0.6693874001502991,-1.3696547746658325,0.8453654646873486,9.595779418945312
1785985415.8635285,0.053958017379045486,-0.06665747612714759,0.6655688881874084,-2.1641416549682617,0.44174963235855225,9.851611137390137
1785985415.8815284,0.10233978182077408,-0.11635311692953101,0.684269905090332,-0.04498407617211342,-0.03034212067723151,10.052534103393555
1785985415.9045315,0.14956539869308472,-0.1353563666343688,0.699722170829773,-2.4423649311065674,0.6550292372703564,9.928067207336426
1785985415.9225314,0.19415581226348877,-0.14876033365726463,0.7077453136444092,-1.8653068542480469,0.48707652091980097,9.725738525390625
1785985415.9455314,0.19080519676208496,-0.12230421602725974,0.7191610336303711,-0.0030993353575468063,0.27973291277885554,9.693114280700684
1785985415.9625316,0.17779918015003204,-0.10764772444963447,0.7250197529792786,-0.3907303810119629,0.6742050647735607,9.324725151062012
1785985415.9865315,0.16846531629562378,-0.08391967415809623,0.7326987981796265,0.21916386485099792,0.13262106478214383,9.804466247558594
1785985416.0095346,0.14282822608947754,-0.07122348248958578,0.7391677498817444,1.0424152612686157,-0.02506175264716033,9.44399642944336
1785985416.0445344,0.09400724619626999,-0.0542983002960681,0.7532027363777161,2.2442193031311035,-0.25031259655952337,9.564233779907227
1785985416.0615346,0.09931301325559616,0.0031631661113352503,0.7495427131652832,0.5265028476715088,0.42609789967537043,9.434149742126465
1785985416.0845342,0.09546847641468048,-0.005164833273738529,0.7644698023796082,1.9815053939819336,-0.15637071430683017,9.7501802444458
1785985416.1025343,0.08108378946781158,0.0036215167492629043,0.7715900540351868,2.116302013397217,0.39240372180938843,9.799811363220215
1785985416.1255343,0.07910916954278946,0.022108202800154783,0.7794960737228394,0.6712505221366882,-0.31047520041465637,10.098012924194336
1785985416.1485343,0.07629399001598358,0.043687615543603994,0.7802939414978027,0.8346523642539978,0.31171917915344355,9.490702629089355
1785985416.1665342,0.08530201017856598,0.04736562445759783,0.7741323709487915,2.172436475753784,-0.13505345582961908,10.350765228271484
1785985416.1835356,0.05576999485492706,0.06158657371997843,0.7780176401138306,-1.423915147781372,0.7703525424003613,9.842148780822754
1785985416.2075355,0.04838566854596138,0.06381616741418848,0.7835333347320557,-1.8534722328186035,1.0897691249847423,9.903108596801758
1785985416.2245355,0.03750580921769142,0.06896068900823603,0.786499559879303,-1.0980594158172607,-0.1942860186099994,10.03919792175293
1785985416.2475355,0.015516315586864948,0.08012698590755472,0.7814927697181702,-0.08181695640087128,0.35005003213882563,9.540771484375
1785985416.2655356,-0.015821296721696854,0.07860199362039576,0.7966128587722778,1.7452374696731567,-0.32996699213981506,9.806055068969727
1785985416.2825356,-0.0447981059551239,0.11824014782905588,0.7888644337654114,2.6516284942626953,0.037419993430377246,9.769055366516113
1785985416.3055377,-0.054595451802015305,0.0953591912984849,0.785692036151886,0.27870887517929077,0.4062555134296429,9.699625015258789
1785985416.3235376,-0.08265621215105057,0.10279975086450586,0.786162793636322,-1.2444281578063965,0.33095261454582325,9.258360862731934
1785985416.3465376,-0.08867914974689484,0.10808519273996363,0.7904839515686035,-1.2444281578063965,0.33095261454582325,9.258360862731934
1785985416.3645377,-0.09183360636234283,0.11280577629804621,0.7792676091194153,1.2054346799850464,-0.2844586968421924,9.861842155456543
1785985416.3815377,-0.09354396164417267,0.09046779572963724,0.7802028059959412,1.8229519128799438,0.35968050360679743,9.733945846557617
1785985416.4045396,-0.10205136239528656,0.06177933886647234,0.7872720956802368,0.5349447131156921,0.4989410638809216,9.71076774597168
1785985416.4225397,-0.11141221225261688,0.06727249920368204,0.7849677205085754,0.34837040305137634,0.045773465186358706,9.83531665802002
1785985416.4455397,-0.0569622702896595,0.05846956372261057,0.7854138612747192,-1.370663046836853,0.755683481693269,9.876629829406738
1785985416.4635396,-0.05116330832242966,0.0407075434923173,0.8013719320297241,-0.43306630849838257,-0.12198945879936093,10.14393138885498
1785985416.486543,-0.03799593448638916,0.03950758650898943,0.7968765497207642,-2.5095560550689697,-0.5698936581611621,10.04707145690918
1785985416.509543,-0.029368508607149124,0.03642331063747416,0.7968412041664124,-0.7825890183448792,0.387090861797334,9.878682136535645
1785985416.526543,-0.03134232014417648,0.016803756356239416,0.8052108883857727,-0.4455086886882782,0.22098481655120975,10.090619087219238
1785985416.544543,-0.008740331046283245,0.008239530026912788,0.8087274432182312,-0.45128804445266724,0.36493864655494807,9.739632606506348
1785985416.5855443,-0.02139599435031414,-0.04171378538012495,0.8041492104530334,-0.9748738408088684,-0.050038225948809335,10.163298606872559
1785985416.6085443,-0.022522136569023132,-0.09445806592702856,0.8086264729499817,-1.7006912231445312,-0.1539030522108066,9.719948768615723
1785985416.6265442,-0.032030943781137466,-0.11670901626348486,0.8109829425811768,2.3438665866851807,0.10950439423322801,10.1400785446167
1785985416.6665442,-0.021521486341953278,-0.17669786512851707,0.7688136696815491,-1.1882380247116089,0.7298405170440687,10.524680137634277
1785985416.6845455,-0.048873428255319595,-0.2182145416736602,0.7009589672088623,-1.2221271991729736,0.17412415146827825,10.3964204788208
1785985416.7075455,-0.0511530376970768,-0.237161561846733,0.6111775040626526,-0.9307252764701843,-0.1932439059019075,11.296270370483398
1785985416.7255456,-0.03806770592927933,-0.2779871821403503,0.5496952533721924,2.0412042140960693,0.10149540007114546,11.102105140686035
1785985416.7485456,-0.07967846840620041,-0.25181043148040766,0.4596886336803437,-1.2206430435180664,0.4122728109359755,11.349414825439453
1785985416.7665455,-0.0648709312081337,-0.18777178227901453,0.42184320092201233,-2.1658902168273926,1.4588742256164564,10.471240997314453
1785985416.7835455,-0.05564367026090622,-0.10636340826749797,0.3586330711841583,-0.07470777630805969,-0.19395974278449868,11.754865646362305
1785985416.8125477,-0.03892179951071739,-0.09861007332801815,0.29934683442115784,-0.9610409736633301,0.310509860515596,12.268522262573242
1785985416.8245475,-0.06519480049610138,-0.1206792667508125,0.27360785007476807,0.38566505908966064,-0.09821154177188719,12.570902824401855
1785985416.8475475,-0.12375716865062714,-0.15624985098838803,0.23563052713871005,0.8834134936332703,0.4209532141685502,13.065326690673828
1785985416.8655477,-0.22909493744373322,-0.20338477194309232,0.19266496598720553,1.1779228448867798,0.11656165122985998,12.954416275024414
1785985416.8825476,-0.2381085902452469,-0.20966327190399167,0.14686526358127597,-1.1582454442977905,0.05364781618118441,12.635554313659668
1785985416.9065492,-0.21521002054214478,-0.1449046730995178,0.12173765152692796,-0.253050297498703,0.34646216034889366,11.5968656539917
1785985416.9235492,-0.21889981627464294,-0.01813047006726264,0.08604267984628677,-0.03619447723031044,0.4305709302425399,11.944005012512207
1785985416.9465492,-0.184284046292305,0.11241480708122255,0.06884170323610304,-0.2769404947757721,0.5397176742553725,11.588099479675293
1785985416.964549,-0.07563097774982452,0.21929143369197845,0.05657272413372991,-0.9159015417098999,-0.37154617905616627,10.935888290405273
1785985416.9875493,-0.019824223592877388,0.3277004063129425,0.02839738130569454,0.861308217048645,0.6674547195434583,10.080965042114258
1785985417.0045493,0.03685472160577774,0.35523533821105957,0.008907377719879107,-0.2597183585166931,-0.28919830918311945,10.31256103515625
1785985417.0225494,0.1870897263288498,0.3869900107383728,-0.036691993474960376,0.20540016889572144,-0.05062776058912156,9.919514656066895
1785985417.0455494,0.23166245222091675,0.3788045048713684,-0.06356517225503926,-0.693866491317749,0.30819097161293146,9.470296859741211
1785985417.0625494,0.20747177302837372,0.324825644493103,-0.0928420946002007,0.26794543862342834,-0.275173395872115,9.281789779663086
1785985417.0865493,0.23563918471336365,0.24090386927127838,-0.10169260948896411,0.20656922459602356,0.5990849137306224,9.147619247436523
1785985417.1035511,0.17003165185451508,0.14501899480819702,-0.09604648500680925,0.413322776556015,0.159170299768449,9.070154190063477
1785985417.1265512,0.054694484919309616,0.0536653660237789,-0.11002833396196365,-0.3507390320301056,-0.10672999918460739,8.776849746704102
1785985417.1445513,-0.01885709911584854,0.014683601446449741,-0.12129489332437515,-0.20263272523880005,0.30337825417518727,9.139671325683594
1785985417.1675513,-0.03184191510081291,0.020083785057067857,-0.11464080959558487,0.20306628942489624,0.198189675807954,8.987889289855957
1785985417.1845512,-0.06322935223579407,0.027045823633670793,-0.12625311315059662,0.8601058125495911,-0.07349517941474808,8.696335792541504
1785985417.2085526,-0.10430735349655151,0.00031687982846050105,-0.11012924462556839,-0.40727657079696655,0.21686094999313468,9.287200927734375
1785985417.2255528,-0.1336706131696701,0.04706843569874762,-0.11391177028417587,0.5491814613342285,-0.16190767288207894,9.314826965332031
1785985417.2435527,-0.13858193159103394,0.0955020785331726,-0.12497568875551225,-0.15997162461280823,-0.4649286568164814,9.489108085632324
1785985417.2665527,-0.1228562518954277,0.18208655714988706,-0.12123509496450427,1.0294294357299805,-0.2805553376674641,9.090435981750488
1785985417.2845538,-0.7975640296936035,-0.6221387982368469,0.1773729771375657,7.712350845336914,2.910303831100467,24.43504524230957
1785985417.3075538,-0.7792211174964905,-0.42570728063583374,0.08490871638059622,-0.12137976288795471,-1.5089344978332508,9.416475296020508
1785985417.3245537,-0.0031982155051082373,-0.007656460627913475,-0.0026393707375973454,-1.1129109859466553,0.9445143342018135,6.706151962280273
1785985417.3475537,-0.013536598533391953,0.4891839921474457,0.018664401024579943,-0.4715309739112854,-0.34265440702438255,8.269072532653809
1785985417.3655536,0.6178476214408875,-0.028878521174192418,0.09516821801662445,2.6344339847564697,0.19871251285076286,11.707146644592285
1785985417.3885548,0.386368066072464,-0.2796540558338165,0.24643272161483767,4.512636184692383,1.30435621738434,12.912688255310059
1785985417.4065547,0.17857134342193604,-0.4753055870532989,0.34528100490570074,1.8996697664260864,1.0391924381256112,7.437150001525879
1785985417.4235547,0.19487839937210083,-0.44988721609115595,0.32980883121490484,3.5696847438812256,2.656049251556398,10.965310096740723
1785985417.4465547,0.32143634557724,-0.24103154242038724,0.3113546967506409,2.0056731700897217,1.11997151374817,9.248764038085938
1785985417.4645548,0.1590929478406906,0.11119068413972857,0.24370889365673065,2.623204469680786,0.6249487996101392,9.78296947479248
1785985417.4825547,-0.2519405782222748,0.5278044939041138,0.10486400127410882,0.6164453625679016,0.2618085741996776,9.239831924438477
1785985417.504557,-0.7216309905052185,0.7674363255500793,0.02295092679560175,0.41409358382225037,0.7525438070297253,9.681276321411133
1785985417.5225568,-0.9199283123016357,0.8170663118362427,-0.012848874554038148,0.25156378746032715,0.1263521313667311,11.036417007446289
1785985417.5465567,-0.39855194091796875,0.5185142755508423,-0.02435537986457354,-0.2113020420074463,-0.7610046267509449,8.778074264526367
1785985417.563557,0.18591566383838654,0.11627934873104095,-0.015792964026331915,-0.9405487775802612,-1.6051400899887074,8.814462661743164
1785985417.5865579,0.49524861574172974,-0.46402087807655334,0.04286429286003118,-0.829982340335846,0.06451355665922288,10.111602783203125
1785985417.6035578,0.30750757455825806,-0.7501060962677002,0.004669046960771176,0.13565368950366974,0.07935845851898327,10.852954864501953
1785985417.6275578,0.017498377710580826,-0.4101850390434265,0.025596072897315074,1.4148284196853638,0.19616301357746238,9.340780258178711
1785985417.6445577,-0.0910634845495224,0.16228671371936798,0.031238136813044527,1.15298330783844,0.09548857063055154,9.365240097045898
1785985417.668558,-0.18613052368164062,0.5863150358200073,-0.01967103406786926,0.7648226022720337,0.5609174966812147,10.57678508758545
1785985417.6855578,-0.202188178896904,0.4892268180847168,-0.031975150108337465,-0.39588722586631775,-0.375055134296416,10.087039947509766
1785985417.7035575,-0.06733989715576172,0.047260310500860214,0.004670631606131786,-0.5736044049263,-0.24851427972316623,9.655492782592773
1785985417.7265575,0.15853382647037506,-0.37031230330467224,-0.008410246111452534,-0.32764148712158203,-0.14041703939437744,10.020587921142578
1785985417.7445576,0.17651134729385376,-0.37163498997688293,0.010731182992458389,0.6303762793540955,0.018505459651352238,10.312957763671875
1785985417.7675576,0.028181180357933044,-0.04347078502178192,0.006851028185337787,0.6893628239631653,0.18707937002182123,9.616703987121582
1785985417.7855575,-0.10186079144477844,0.24397653341293335,-0.012087738141417533,0.8004318475723267,0.30120813846588257,10.036837577819824
1785985417.8075593,-0.12259770184755325,0.24676884710788727,-0.01204150728881362,-0.11452731490135193,-0.2624598443508136,9.942778587341309
1785985417.8255594,-0.017510302364826202,0.051810652017593384,-0.0030840318650007313,-0.23354516923427582,-0.28253981471061584,9.777498245239258
1785985417.8485594,0.11269229650497437,-0.20995593070983887,-0.0027546437922864896,-0.1660780906677246,-0.18615017831325412,9.70366382598877
1785985417.8665593,0.06596923619508743,-0.1878235638141632,0.004010552074760222,0.3410736322402954,-0.010244885459541048,10.010703086853027
1785985417.8895605,-0.012005776166915894,0.011552699841558933,-0.0003201137296855464,0.43106117844581604,0.31790685653686646,9.851349830627441
1785985417.9065604,-0.056971196085214615,0.15672506392002106,-0.00902798119932415,0.36670488119125366,0.07551246136427046,9.837282180786133
1785985417.9245603,-0.04009219631552696,0.13433152437210083,-0.005858101882040517,-0.011959677562117577,-0.10269553214311482,9.643622398376465
1785985417.9475603,0.019902914762496948,-0.045961763709783554,-0.0005345070967450682,-0.17409056425094604,-0.26827621459960815,9.81136703491211
1785985417.9655604,0.036206718534231186,-0.11328163743019104,-0.0022868916857987504,0.18350811302661896,-0.13838888704776645,9.661230087280273
1785985417.9825604,0.022911354899406433,-0.05046379938721657,0.002635914133861667,0.2738955318927765,0.152711868286134,9.694907188415527
1785985418.0065622,-0.00716254161670804,0.05912389978766441,-0.0028655487112701013,0.2825169861316681,-0.0811811089515674,9.860145568847656
1785985418.028562,-0.034777943044900894,0.07231409847736359,-0.008505028672516355,0.1579928994178772,-0.2361243963241565,9.879644393920898
1785985418.0465622,-0.004118789918720722,0.009448223747313023,-0.0028531881980597986,-0.19796380400657654,-0.24373984336852905,9.941118240356445
1785985418.0635622,0.028697535395622253,-0.04902333766222,-0.0019853515550494133,0.2826654016971588,-0.1799337565898883,9.886781692504883
1785985418.0875638,0.01862460747361183,-0.043432969599962234,-0.0018561672186478918,0.36054354906082153,0.035252880305053025,9.951275825500488
1785985418.1105638,-0.011099647730588913,0.027001624926924706,-0.008902697823941711,0.23764517903327942,-0.0649822205305088,9.419103622436523
1785985418.1225636,-0.016363805159926414,0.043239764869213104,-0.006292876787483697,0.14723023772239685,0.06874327361583832,9.991827011108398
1785985418.1455636,-0.0017530634067952633,0.013511084020137787,0.0013796146959066374,-0.1300886571407318,0.011188987642527824,9.768619537353516
1785985418.1635637,0.018500104546546936,-0.02050148695707321,-0.004280366934835908,-0.09470707178115845,-0.17973834276199221,9.647439002990723
1785985418.186565,0.01183992251753807,-0.024591900408267975,-0.0025579966604709595,-0.08849941194057465,-0.2947113811969745,9.75162410736084
1785985418.209565,-0.0019113360904157162,0.009368615224957466,-0.004907834343612195,0.24537095427513123,0.01885171979665876,9.777755737304688
1785985418.227565,-0.008185390383005142,0.0288603063672781,-0.006807542406022552,-0.10441873967647552,-0.1275278925895679,9.824610710144043
1785985418.244565,0.002385384403169155,0.015302903950214386,-0.003618153044953944,-0.10063660144805908,-0.03496956080198167,9.863394737243652
1785985418.262565,0.013298221863806248,-0.012869932688772678,-0.0019114601891487822,0.12682117521762848,-0.17747116088867065,9.98348617553711
1785985418.2855663,0.005385645665228367,-0.017169008031487465,-0.0012254919856786706,0.008344721049070358,-0.18847256898879883,9.863383293151855
1785985418.3035662,0.0015426287427544594,0.0010715518146753307,-0.0038296100683510303,0.20180925726890564,0.004322910681368162,10.138093948364258
1785985418.3265662,0.0022874148562550545,0.014383817091584204,-0.008325535804033281,0.48930177092552185,0.11892981082201128,10.133644104003906
1785985418.3495662,-0.0024090087972581387,0.007909933105111122,-0.004756147041916848,0.01614510640501976,-0.09975401312112689,9.715088844299316
1785985418.3665662,0.003677976317703724,-0.007298846263438463,-0.0035131440963596097,0.1446041762828827,-0.05428581684827686,9.694966316223145
1785985418.384569,0.003191656433045864,-0.0030601192265748978,-0.00016670790500938854,0.1823389232158661,-0.14889636635780215,9.733296394348145
1785985418.407569,0.0014064721763134003,0.008708331733942032,-0.004408792592585088,0.08983463048934937,-0.14510656893253204,10.070204734802246
1785985418.4255688,-0.0026863873936235905,0.004099752288311719,-0.0065480051562190065,0.3073556125164032,-0.18453484773635745,9.749302864074707
1785985418.4485688,0.0011394289322197437,-9.311805479228539e-05,-0.003378276713192463,0.1061752513051033,-0.008742538280783899,9.681709289550781
1785985418.4655688,0.0034426883794367313,0.0005972804501652714,-0.002915875753387809,0.30020982027053833,-0.046445295214651794,9.962111473083496
1785985418.4835703,0.0009464886970818043,0.006848244462162256,-0.0017298273742198953,0.3120119869709015,-0.023947250097988825,9.894953727722168
1785985418.5065703,-0.0016979365609586239,0.005651189014315604,-0.00425106380134821,-0.054744042456150055,0.15607728064060333,9.925748825073242
1785985418.5245705,-0.0008515310473740101,-0.04811456426978111,-0.012397008016705508,0.24500910937786102,-0.08509299159049866,9.98218822479248
1785985418.5475705,0.012505393475294113,-0.12353166937828064,0.005312175955623403,0.17757336795330048,-0.1270802021026599,10.017475128173828
1785985418.5645704,0.026776082813739777,-0.0791609063744545,-0.0028605512343346977,0.18766534328460693,-0.22573167085647464,9.815291404724121
1785985418.581573,0.014599885791540146,-0.003024534787982703,-0.008325156755745411,0.21836845576763153,-0.11317026615142702,9.813910484313965
1785985418.605573,-0.018762489780783653,0.06251277774572372,-0.0016613145126029925,0.3580891191959381,-0.07238039374351381,9.900883674621582
1785985418.6235728,-0.02000671625137329,0.04193077236413956,-0.006776555441319948,-0.05157836526632309,-0.07826288044452548,9.786113739013672
1785985418.6465728,0.01650426909327507,-0.028302842751145363,-0.0015335425268858636,0.053765200078487396,-0.1992236226797092,9.814082145690918
1785985418.663573,0.02276257425546646,-0.05419585108757019,0.0038404706865549153,0.1604737788438797,-0.08626730740070222,9.893871307373047
1785985418.6875744,0.00969073548913002,-0.02638181857764721,-0.006286129821091887,0.23975753784179688,-0.08028246462345003,9.864115715026855
1785985418.7045743,-0.014095848426222801,0.02953394688665867,6.317393854260083e-05,0.2746164798736572,-0.04785154387354729,9.939496994018555
1785985418.7275743,-0.01284958515316248,0.03789304196834564,-0.006144709885120396,0.1482374668121338,-0.1136569678783405,9.663548469543457
1785985418.7455745,0.01049626525491476,-0.0007817434379830964,-0.0062380884774029255,0.07102511823177338,-0.07129140198230623,9.844613075256348
1785985418.7685745,0.00732986256480217,-0.03711478039622307,0.00043993536382914045,0.1836952567100525,-0.03565540537238001,9.775312423706055
1785985418.7865767,0.014569009654223919,-0.028105519711971283,-0.004599115345627066,0.2752891182899475,-0.15146005153655887,9.728499412536621
1785985418.8145769,-0.006878998130559921,0.019732197746634483,0.0009648944251239276,0.24260881543159485,-0.10611368715762971,9.851469039916992
1785985418.8265767,-0.0010219705291092396,0.028989149257540703,-0.002437676535919312,0.12255026400089264,-0.0974181741476047,9.789037704467773
1785985418.8435767,-0.004471973516047001,0.011925536207854748,-0.0043079610913991945,0.10173989832401276,-0.12234286963939547,9.76198959350586
1785985418.8615768,0.007678307592868805,-0.011575654149055481,-0.0006547588855028138,0.07552024722099304,-0.09723122417926669,9.753494262695312
1785985418.884578,0.013224148191511631,-0.017305422574281693,-0.002564227906987069,0.1963682472705841,-0.1509483456611621,9.883431434631348
1785985418.902578,0.0014267442747950554,-0.002596125472337008,-0.0031332676298916336,0.24359598755836487,-0.0800827071070659,9.855263710021973
1785985418.925578,-0.00158613920211792,0.013085718266665936,-0.0018737454665824786,0.18691614270210266,-0.11816787719726442,9.896912574768066
1785985418.943578,-0.005574103910475969,0.011831680312752724,-0.004438687115907671,0.16961774230003357,-0.14210638403892398,9.837607383728027
1785985418.966578,0.00346749322488904,-0.004572716541588306,0.0012515771668404347,0.16220399737358093,-0.10049018263816714,9.799399375915527
1785985418.983578,-0.0018369960598647594,-0.01487194374203682,-0.004655996803194283,0.18007734417915344,-0.14071576297283053,9.762019157409668
1785985419.0075796,0.0029035876505076885,-0.0033653981518000364,-0.0010402275947853919,0.28083476424217224,-0.0856853872537601,9.791253089904785
1785985419.0245795,0.0043126498349010944,0.006848984397947788,-0.0009097857400774964,0.2354140728712082,-0.11070522665977357,9.84149169921875
