timestamp,range
0.16103267669677734,0.2899999916553497
0.18903255462646484,0.2899999916553497
0.2180325984954834,0.2899999916553497
0.2590315341949463,0.2899999916553497
0.2870316505432129,0.2899999916553497
0.33103156089782715,0.2899999916553497
0.3600313663482666,0.2899999916553497
0.38703131675720215,0.2899999916553497
0.42803144454956055,0.2899999916553497
0.45603227615356445,0.2899999916553497
0.4920322895050049,0.2899999916553497
0.5270323753356934,0.2899999916553497
0.547032356262207,0.2899999916553497
0.5920324325561523,0.2899999916553497
0.6190323829650879,0.2899999916553497
0.6600322723388672,0.2899999916553497
0.6880323886871338,0.2899999916553497
0.7160322666168213,0.2899999916553497
0.761033296585083,0.2899999916553497
0.7870333194732666,0.2899999916553497
0.8170332908630371,0.2899999916553497
0.8590352535247803,0.2899999916553497
0.8890349864959717,0.2899999916553497
0.9170346260070801,0.2899999916553497
0.9610352516174316,0.2899999916553497
0.9880349636077881,0.2899999916553497
1.0160348415374756,0.2899999916553497
1.0590360164642334,0.2899999916553497
1.087035894393921,0.2899999916553497
1.1290359497070312,0.2899999916553497
1.156036138534546,0.2899999916553497
1.1930358409881592,0.2899999916553497
1.2260363101959229,0.2899999916553497
1.2610359191894531,0.2899999916553497
1.2910358905792236,0.2899999916553497
1.327035903930664,0.2899999916553497
1.3620355129241943,0.2899999916553497
1.390035629272461,0.2899999916553497
1.4180355072021484,0.2899999916553497
1.461035966873169,0.2899999916553497
1.4890358448028564,0.2899999916553497
1.5270359516143799,0.2899999916553497
1.5590364933013916,0.2899999916553497
1.587036371231079,0.2899999916553497
1.6290364265441895,0.2899999916553497
1.6570358276367188,0.2899999916553497
1.6870360374450684,0.2899999916553497
1.7220358848571777,0.2899999916553497
1.7590341567993164,0.2899999916553497
1.787034034729004,0.2899999916553497
1.8300342559814453,0.2899999916553497
1.858034372329712,0.2899999916553497
1.8870344161987305,0.2899999916553497
1.9280343055725098,0.2899999916553497
1.9480352401733398,0.2899999916553497
1.9910352230072021,0.2899999916553497
2.0190351009368896,0.2899999916553497
2.0600316524505615,0.2899999916553497
2.089031219482422,0.2899999916553497
2.1160316467285156,0.2899999916553497
2.1600301265716553,0.2899999916553497
2.1870298385620117,0.2899999916553497
2.2160301208496094,0.2899999916553497
2.2560298442840576,0.2899999916553497
2.291029691696167,0.2899999916553497
2.3280298709869385,0.2899999916553497
2.3470301628112793,0.2899999916553497
2.3870301246643066,0.2899999916553497
2.422029972076416,0.2899999916553497
2.4580283164978027,0.2899999916553497
2.490028142929077,0.2899999916553497
2.5160281658172607,0.2899999916553497
2.5610270500183105,0.2899999916553497
2.587027072906494,0.2899999916553497
2.6170270442962646,0.2899999916553497
2.659027576446533,0.2899999916553497
2.6880273818969727,0.2899999916553497
2.7180275917053223,0.2899999916553497
2.7610292434692383,0.2899999916553497
2.7930290699005127,0.2899999916553497
2.827029228210449,0.2899999916553497
2.8570284843444824,0.2899999916553497
2.892028570175171,0.2899999916553497
2.9280285835266113,0.2899999916553497
2.958026170730591,0.2899999916553497
2.9870264530181885,0.2899999916553497
3.022026300430298,0.2899999916553497
3.058025598526001,0.2899999916553497
3.0890257358551025,0.2899999916553497
3.11702561378479,0.2899999916553497
3.167025327682495,0.2899999916553497
3.18802547454834,0.2899999916553497
3.2170255184173584,0.2899999916553497
3.2580249309539795,0.2899999916553497
3.287024974822998,0.2899999916553497
3.3290250301361084,0.2899999916553497
3.360025644302368,0.2899999916553497
3.3920254707336426,0.2899999916553497
3.427025556564331,0.2899999916553497
3.4570248126983643,0.2899999916553497
3.4920248985290527,0.2899999916553497
3.5210249423980713,0.2899999916553497
3.5580246448516846,0.2899999916553497
3.5870249271392822,0.2899999916553497
3.6310248374938965,0.2899999916553497
3.657024383544922,0.2899999916553497
3.6940243244171143,0.2899999916553497
3.7270243167877197,0.2899999916553497
3.763023853302002,0.2899999916553497
3.7920238971710205,0.2899999916553497
3.819023847579956,0.2899999916553497
3.8600237369537354,0.2899999916553497
3.896023750305176,0.2899999916553497
3.9160237312316895,0.2899999916553497
3.9470231533050537,0.2899999916553497
3.992023229598999,0.2899999916553497
4.018023252487183,0.2899999916553497
4.057024717330933,0.2899999916553497
4.092024564743042,0.2899999916553497
4.128024578094482,0.2899999916553497
4.157021760940552,0.2899999916553497
4.19202184677124,0.2899999916553497
4.227021932601929,0.2899999916553497
4.264021873474121,0.2899999916553497
4.291021823883057,0.2899999916553497
4.327021837234497,0.2899999916553497
4.347024440765381,0.2899999916553497
4.389024496078491,0.2899999916553497
4.417024374008179,0.2899999916553497
4.4590253829956055,0.2899999916553497
4.488025426864624,0.2899999916553497
4.518025636672974,0.2899999916553497
4.561025142669678,0.2899999916553497
4.589025020599365,0.2899999916553497
4.618025302886963,0.2899999916553497
4.648025035858154,0.2899999916553497
4.688025236129761,0.2899999916553497
4.718024969100952,0.2899999916553497
4.761024475097656,0.2899999916553497
4.788024425506592,0.2899999916553497
4.81702446937561,0.2899999916553497
4.8580241203308105,0.2899999916553497
4.890024185180664,0.2899999916553497
4.916024446487427,0.2899999916553497
4.958023548126221,0.2899999916553497
4.987023591995239,0.2899999916553497
5.02902364730835,0.2899999916553497
5.059023857116699,0.2899999916553497
5.093024015426636,0.2899999916553497
5.128023862838745,0.2899999916553497
5.157024621963501,0.2899999916553497
5.1870245933532715,0.2899999916553497
5.221024751663208,0.2899999916553497
5.2560224533081055,0.2899999916553497
5.292022228240967,0.2899999916553497
5.327021837234497,0.2899999916553497
5.361022472381592,0.2899999916553497
5.390022277832031,0.2899999916553497
5.41902232170105,0.2899999916553497
5.46002197265625,0.2899999916553497
5.4870219230651855,0.2899999916553497
5.530021905899048,0.2899999916553497
5.557021856307983,0.2899999916553497
5.592021942138672,0.2899999916553497
5.62702202796936,0.2899999916553497
5.648022174835205,0.2899999916553497
5.69202184677124,0.2899999916553497
5.719022035598755,0.2899999916553497
5.7600250244140625,0.2899999916553497
5.789024829864502,0.2899999916553497
5.816025257110596,0.2899999916553497
5.860025644302368,0.2899999916553497
5.928025484085083,0.2899999916553497
5.9560253620147705,0.2899999916553497
5.991025447845459,0.2899999916553497
6.029025554656982,0.2899999916553497
6.061026573181152,0.2899999916553497
6.128026485443115,0.2899999916553497
6.160027980804443,0.2899999916553497
6.200027942657471,0.2899999916553497
6.230027914047241,0.2899999916553497
6.257027864456177,0.2899999916553497
6.300027847290039,0.2899999916553497
6.328027248382568,0.2899999916553497
6.357027053833008,0.2899999916553497
6.39902663230896,0.2899999916553497
6.428026437759399,0.2899999916553497
6.45802640914917,0.2899999916553497
6.50002646446228,0.2899999916553497
6.532026767730713,0.2899999916553497
6.5600266456604,0.2899999916553497
6.596026659011841,0.2899999916553497
6.631026744842529,0.2899999916553497
6.660027027130127,0.2899999916553497
6.690027236938477,0.2899999916553497
6.73102879524231,0.2899999916553497
6.759028673171997,0.2899999916553497
6.788028717041016,0.2899999916553497
6.830028772354126,0.2899999916553497
6.8580286502838135,0.2899999916553497
6.887028694152832,0.2899999916553497
6.929028749465942,0.2899999916553497
6.957027912139893,0.2899999916553497
6.999027967453003,0.2899999916553497
7.028027772903442,0.2899999916553497
7.058027744293213,0.2899999916553497
7.09802770614624,0.2899999916553497
7.127027750015259,0.2899999916553497
7.163027763366699,0.2899999916553497
7.207027435302734,0.2899999916553497
7.234025955200195,0.2899999916553497
7.261025905609131,0.2899999916553497
7.291025876998901,0.2899999916553497
7.3310253620147705,0.2899999916553497
7.359025478363037,0.2899999916553497
7.4010255336761475,0.2899999916553497
7.42802357673645,0.2899999916553497
7.458023548126221,0.2899999916553497
7.491023540496826,0.2899999916553497
7.527021646499634,0.2899999916553497
7.562021493911743,0.2899999916553497
7.59602165222168,0.2899999916553497
7.631023168563843,0.2899999916553497
7.664023160934448,0.2899999916553497
7.697023153305054,0.3400000035762787
7.727023124694824,0.3700000047683716
7.762021541595459,0.3899999856948852
7.798021554946899,0.4399999976158142
7.82702112197876,0.4699999988079071
7.856021165847778,0.4799999892711639
7.899021148681641,0.5199999809265137
7.927020788192749,0.550000011920929
7.962020635604858,0.5699999928474426
7.996020793914795,0.5899999737739563
8.031020641326904,0.6200000047683716
8.059020519256592,0.6399999856948853
8.087020635604858,0.6499999761581421
8.130020380020142,0.6600000262260437
8.160020351409912,0.6800000071525574
8.199020385742188,0.6899999976158142
8.227020263671875,0.7099999785423279
8.2570219039917,0.7200000286102295
8.29902195930481,0.7200000286102295
8.328021764755249,0.7400000095367432
8.362021923065186,0.75
8.398021936416626,0.7599999904632568
8.427021741867065,0.7699999809265137
8.457022428512573,0.7799999713897705
8.499022006988525,0.7900000214576721
8.528024435043335,0.7900000214576721
8.558024168014526,0.7900000214576721
8.600024223327637,0.8100000023841858
8.628023862838745,0.7400000095367432
8.664023876190186,0.699999988079071
8.699023962020874,0.6600000262260437
8.72102403640747,0.6399999856948853
8.762025833129883,0.6200000047683716
8.789026021957397,0.6200000047683716
8.834024906158447,0.6399999856948853
8.86002492904663,0.6800000071525574
8.890024900436401,0.7200000286102295
8.93102502822876,0.7400000095367432
8.959023714065552,0.7699999809265137
8.98802375793457,0.7900000214576721
9.030023574829102,0.8100000023841858
9.05802035331726,0.8199999928474426
9.08702039718628,0.8299999833106995
9.130020380020142,0.8500000238418579
9.157020330429077,0.8899999856948853
9.199020385742188,0.8999999761581421
9.228018760681152,0.8999999761581421
9.26301884651184,0.8899999856948853
9.29801869392395,0.9100000262260436
9.327018737792969,0.9399999976158142
9.362017154693604,0.9300000071525574
9.397017240524292,0.8799999952316284
9.43201732635498,0.8799999952316284
9.461015224456787,0.8700000047683716
9.489015102386475,0.8999999761581421
9.532015085220337,0.8999999761581421
9.567015171051025,0.8799999952316284
9.58801531791687,0.8700000047683716
9.630015134811401,0.8500000238418579
9.659011602401733,0.7900000214576721
9.688011646270752,0.7699999809265137
9.728011131286621,0.7200000286102295
9.76301121711731,0.7200000286102295
9.79901123046875,0.699999988079071
9.82901120185852,0.6899999976158142
9.858011245727539,0.6800000071525574
9.888011455535889,0.6800000071525574
9.93001103401184,0.6800000071525574
9.968011140823364,0.6600000262260437
9.98901104927063,0.6600000262260437
10.018011093139648,0.6600000262260437
10.064012289047241,0.6600000262260437
10.098012447357178,0.6600000262260437
10.120012283325195,0.6600000262260437
10.162012577056885,0.6600000262260437
10.198012590408325,0.6600000262260437
10.23301362991333,0.6600000262260437
10.261013746261597,0.6600000262260437
10.289013624191284,0.6600000262260437
10.318013429641724,0.6600000262260437
10.361013174057007,0.6600000262260437
10.388013124465942,0.6600000262260437
10.430013179779053,0.6600000262260437
10.459013223648071,0.6600000262260437
10.501013040542603,0.6600000262260437
10.529012680053711,0.6600000262260437
10.559012651443481,0.6600000262260437
10.599012613296509,0.6600000262260437
10.62901258468628,0.6600000262260437
10.663013935089111,0.6600000262260437
10.6980140209198,0.6800000071525574
10.734014987945557,0.6800000071525574
10.762014627456665,0.6800000071525574
10.79001498222351,0.6800000071525574
10.821014642715454,0.6800000071525574
10.863014698028564,0.6800000071525574
10.889014720916748,0.6800000071525574
10.931014776229858,0.6800000071525574
10.959014892578125,0.6800000071525574
10.991014957427979,0.6800000071525574
11.030015230178833,0.6800000071525574
11.05801510810852,0.6800000071525574
11.093015193939209,0.6800000071525574
11.129014015197754,0.6899999976158142
11.158013820648193,0.6899999976158142
11.19201397895813,0.6899999976158142
11.22801399230957,0.699999988079071
11.264013051986694,0.699999988079071
11.29801321029663,0.7099999785423279
11.319013118743896,0.7099999785423279
11.362011909484863,0.7099999785423279
11.391011953353882,0.7099999785423279
11.431011438369751,0.7099999785423279
11.459011554718018,0.7099999785423279
11.488011598587036,0.7099999785423279
11.529012441635132,0.7099999785423279
11.560012102127075,0.7099999785423279
11.600011825561523,0.7099999785423279
11.620012044906616,0.7099999785423279
11.664012908935547,0.7099999785423279
11.69001293182373,0.7099999785423279
11.73201298713684,0.7099999785423279
11.76701283454895,0.7099999785423279
11.802012920379639,0.7099999785423279
11.831012964248657,0.7200000286102295
11.859016418457031,0.7200000286102295
11.88801646232605,0.7099999785423279
11.928016424179077,0.7099999785423279
11.96401596069336,0.7099999785423279
12.0000159740448,0.699999988079071
12.028015851974487,0.699999988079071
12.065016984939575,0.699999988079071
12.099016904830933,0.699999988079071
12.128016948699951,0.699999988079071
12.162017822265625,0.699999988079071
12.198017835617065,0.699999988079071
12.21901798248291,0.699999988079071
12.261019229888916,0.6899999976158142
12.289019107818604,0.6899999976158142
12.332019090652466,0.6899999976158142
12.362021446228027,0.6899999976158142
12.389021635055542,0.699999988079071
12.433021545410156,0.6899999976158142
12.460021495819092,0.6899999976158142
12.490021705627441,0.6899999976158142
12.532021522521973,0.6899999976158142
12.562018156051636,0.6899999976158142
12.58901834487915,0.6800000071525574
12.633018016815186,0.6800000071525574
12.660017967224121,0.6800000071525574
12.68901801109314,0.6800000071525574
12.735014915466309,0.6800000071525574
12.76001524925232,0.6600000262260437
12.798014640808105,0.6800000071525574
12.819015502929688,0.6800000071525574
12.86301565170288,0.6800000071525574
12.89801549911499,0.6600000262260437
12.934015035629272,0.6600000262260437
12.96201491355896,0.6600000262260437
12.9980149269104,0.6600000262260437
13.032014608383179,0.6600000262260437
13.060014724731445,0.6600000262260437
13.088014602661133,0.6600000262260437
13.130014657974243,0.6600000262260437
13.160010814666748,0.6600000262260437
13.188010931015015,0.6600000262260437
13.231010675430298,0.6600000262260437
13.258010625839233,0.6600000262260437
13.288010597229004,0.6600000262260437
13.330008029937744,0.6600000262260437
13.360007762908936,0.6600000262260437
13.388007879257202,0.6600000262260437
13.429007768630981,0.6600000262260437
13.459009647369385,0.6600000262260437
13.488009214401245,0.6600000262260437
13.530009984970093,0.6600000262260437
13.560010433197021,0.6600000262260437
13.589010000228882,0.6600000262260437
13.632010221481323,0.6600000262260437
13.66001033782959,0.6600000262260437
13.688010454177856,0.6600000262260437
13.730010271072388,0.6600000262260437
13.760010480880737,0.6600000262260437
13.800010681152344,0.6600000262260437
13.828010559082031,0.6600000262260437
13.864010572433472,0.6600000262260437
13.898010492324829,0.6600000262260437
13.920010566711426,0.6600000262260437
13.962010383605957,0.6600000262260437
13.990010261535645,0.6600000262260437
14.032010316848755,0.6800000071525574
14.060009241104126,0.6800000071525574
14.089009046554565,0.6800000071525574
14.118009328842163,0.6800000071525574
14.168007850646973,0.6800000071525574
14.188007831573486,0.6800000071525574
14.230008125305176,0.6800000071525574
14.259007930755615,0.6800000071525574
14.289008140563965,0.6899999976158142
14.330008029937744,0.6899999976158142
14.359005212783813,0.699999988079071
14.388005256652832,0.699999988079071
14.430005073547363,0.699999988079071
14.459004640579224,0.699999988079071
14.490005254745483,0.699999988079071
14.530004978179932,0.7099999785423279
14.55900239944458,0.7200000286102295
14.593002319335938,0.7200000286102295
14.628002405166626,0.7200000286102295
14.663002490997314,0.7200000286102295
14.698002338409424,0.7200000286102295
14.719002485275269,0.7200000286102295
14.760998725891113,0.7400000095367432
14.789998769760132,0.7400000095367432
14.831998825073242,0.7400000095367432
14.85999870300293,0.7400000095367432
14.888998746871948,0.7400000095367432
14.930998802185059,0.7400000095367432
14.959996223449707,0.7400000095367432
14.993996143341064,0.75
15.029996633529663,0.75
15.0639967918396,0.7599999904632568
15.098996639251709,0.75
15.127994775772095,0.75
15.162994623184204,0.7599999904632568
15.191994667053223,0.7599999904632568
15.230994701385498,0.7599999904632568
15.257994890213013,0.7599999904632568
15.287994623184204,0.7599999904632568
15.329996109008789,0.75
15.358995914459229,0.75
15.388995885848999,0.7599999904632568
15.43099594116211,0.7599999904632568
15.458996057510376,0.7599999904632568
15.487996101379395,0.7599999904632568
15.528996229171753,0.7599999904632568
15.563996315002441,0.7599999904632568
15.59899616241455,0.7599999904632568
15.619996309280396,0.7599999904632568
15.663996696472168,0.7599999904632568
15.697996854782104,0.7599999904632568
15.719996690750122,0.7599999904632568
15.768992185592651,0.75
15.79799222946167,0.75
15.8329918384552,0.75
15.860991954803467,0.75
15.888991832733154,0.75
15.917991876602173,0.75
15.967991590499878,0.75
15.987991571426392,0.75
16.029991149902344,0.75
16.058991193771362,0.75
16.08799123764038,0.7400000095367432
16.129992485046387,0.7400000095367432
16.158992528915405,0.7400000095367432
16.189992427825928,0.7400000095367432
16.229992151260376,0.7400000095367432
16.258992433547974,0.7400000095367432
16.287992238998413,0.7400000095367432
16.329992055892944,0.7400000095367432
16.358992099761963,0.7400000095367432
16.389992237091064,0.7400000095367432
16.42999267578125,0.7400000095367432
16.457992792129517,0.7400000095367432
16.499992609024048,0.7400000095367432
16.52799129486084,0.7400000095367432
16.56299138069153,0.7400000095367432
16.597991466522217,0.7400000095367432
16.632992029190063,0.7400000095367432
16.661991834640503,0.7400000095367432
16.688992023468018,0.7400000095367432
16.73099184036255,0.7400000095367432
16.75899076461792,0.7400000095367432
16.79399085044861,0.7400000095367432
16.8309907913208,0.7400000095367432
16.86399269104004,0.7400000095367432
16.891992568969727,0.7400000095367432
16.919992685317993,0.7400000095367432
16.96199321746826,0.7400000095367432
16.98999309539795,0.7400000095367432
17.03199315071106,0.7400000095367432
17.05999183654785,0.7400000095367432
17.087992429733276,0.7400000095367432
17.129993200302124,0.75
17.159993171691895,0.75
17.199993133544922,0.75
17.22799563407898,0.75
17.26399564743042,0.7599999904632568
17.297996044158936,0.7599999904632568
17.327995777130127,0.7699999809265137
17.362996101379395,0.7699999809265137
17.398996114730835,0.7699999809265137
17.41899609565735,0.7699999809265137
17.462996006011963,0.7699999809265137
17.49799609184265,0.7799999713897705
17.51999592781067,0.7900000214576721
17.56099534034729,0.8100000023841858
17.588995218276978,0.8299999833106995
17.63199520111084,0.8700000047683716
17.659996271133423,0.8999999761581421
17.68899631500244,0.9300000071525574
17.731996297836304,0.9700000286102296
17.760995864868164,0.9800000190734864
17.78799605369568,1.0099999904632568
17.82999563217163,1.0399999618530271
17.858994007110596,1.059999942779541
17.889993906021118,1.0700000524520874
17.92999505996704,1.100000023841858
17.9589946269989,1.1100000143051147
18.00099492073059,1.1299999952316284
18.028995513916016,1.1399999856948853
18.057995557785034,1.149999976158142
18.098995447158813,1.159999966621399
18.12099599838257,1.159999966621399
18.161995887756348,1.1699999570846558
18.190995931625366,1.1799999475479126
18.219995737075806,1.190000057220459
18.261996030807495,1.2000000476837158
18.289995431900024,1.2000000476837158
18.331995964050293,1.2200000286102295
18.35999584197998,1.2200000286102295
18.387995958328247,1.2300000190734863
18.4299955368042,1.2300000190734863
18.457995653152466,1.2300000190734863
18.494995594024658,1.2400000095367432
18.527995347976685,1.25
18.562995195388794,1.25
18.597995042800903,1.25
18.63299584388733,1.2599999904632568
18.660995960235596,1.2599999904632568
18.688995838165283,1.2699999809265137
18.730995893478394,1.2799999713897705
18.767995595932007,1.2899999618530271
18.790995597839355,1.2899999618530271
18.831995487213135,1.2899999618530271
18.85999584197998,1.2599999904632568
18.896995782852173,1.2699999809265137
18.931996822357178,1.2799999713897705
18.960996627807617,1.2899999618530271
18.996996641159058,1.2999999523162842
19.017996788024902,1.2999999523162842
19.05999732017517,1.2999999523162842
19.08799719810486,1.309999942779541
19.13099718093872,1.309999942779541
19.16099786758423,1.3200000524520874
19.188997745513916,1.2999999523162842
19.230998039245605,1.2999999523162842
19.258997201919556,1.309999942779541
19.288997173309326,1.3200000524520874
19.328997373580933,1.3200000524520874
19.357996463775635,1.3200000524520874
19.399996519088745,1.3300000429153442
19.428995847702026,1.3300000429153442
19.464995861053467,1.3300000429153442
19.498995780944824,1.3300000429153442
19.527995824813843,1.350000023841858
19.561996698379517,1.350000023841858
19.597996711730957,1.3600000143051147
19.632996559143066,1.3700000047683716
19.660996437072754,1.3700000047683716
19.689996480941772,1.3700000047683716
19.731996536254883,1.3700000047683716
19.761998891830444,1.3700000047683716
19.787998914718628,1.3700000047683716
19.832998514175415,1.3799999952316284
19.85999846458435,1.3600000143051147
19.8899986743927,1.3700000047683716
19.929998636245728,1.3899999856948853
19.9589946269989,1.399999976158142
19.9879949092865,1.399999976158142
20.02999496459961,1.399999976158142
20.05899453163147,1.409999966621399
20.08799457550049,1.409999966621399
20.12999653816223,1.4199999570846558
20.15799641609192,1.4199999570846558
20.19499659538269,1.4199999570846558
20.227996587753296,1.4299999475479126
20.2629976272583,1.440000057220459
20.292997360229492,1.4500000476837158
20.33400058746338,1.4500000476837158
20.363000631332397,1.4500000476837158
20.398000717163086,1.4600000381469729
20.41900062561035,1.4600000381469729
20.461997032165527,1.4600000381469729
20.497997045516968,1.4800000190734863
20.531996965408325,1.4800000190734863
20.559997081756592,1.4900000095367432
20.58799695968628,1.5
20.62999725341797,1.4900000095367432
20.659995079040527,1.4900000095367432
20.687994956970215,1.4900000095367432
20.729995250701904,1.4900000095367432
20.76099705696106,1.5
20.787997245788574,1.5
20.830997228622437,1.5099999904632568
20.85999870300293,1.5099999904632568
20.887998819351196,1.5099999904632568
20.92899775505066,1.5199999809265137
20.95999789237976,1.5199999809265137
20.992997884750366,1.5199999809265137
21.027997732162476,1.5199999809265137
21.06399703025818,1.5299999713897705
21.098997354507446,1.5299999713897705
21.128997325897217,1.5299999713897705
21.16199803352356,1.5299999713897705
21.197998046875,1.5399999618530271
21.23299813270569,1.5399999618530271
21.260998010635376,1.5399999618530271
21.289998054504395,1.5399999618530271
21.317997932434082,1.5499999523162842
21.360999584197998,1.5499999523162842
21.388999700546265,1.559999942779541
21.429999589920044,1.559999942779541
21.458996295928955,1.559999942779541
21.489996433258057,1.559999942779541
21.529996156692505,1.5700000524520874
21.558995723724365,1.5700000524520874
21.593996047973633,1.5700000524520874
21.628995656967163,1.5800000429153442
21.657991647720337,1.5800000429153442
21.699991464614868,1.5499999523162842
21.731991291046143,1.5499999523162842
21.761993646621704,1.5499999523162842
21.78799343109131,1.559999942779541
21.829993724822998,1.559999942779541
21.859001874923706,1.559999942779541
21.887001991271973,1.5700000524520874
21.93100118637085,1.559999942779541
21.957001209259033,1.5700000524520874
21.999001026153564,1.559999942779541
22.02700114250183,1.559999942779541
22.06199812889099,1.559999942779541
22.0969979763031,1.559999942779541
22.131998777389526,1.5700000524520874
22.162998914718628,1.5700000524520874
22.189998626708984,1.5700000524520874
22.230998754501343,1.5800000429153442
22.25999665260315,1.5800000429153442
22.293996810913086,1.5700000524520874
22.33099675178528,1.5499999523162842
22.357997179031372,1.5499999523162842
22.39899730682373,1.559999942779541
22.419997215270996,1.5700000524520874
22.461993932724,1.5700000524520874
22.49899387359619,1.5800000429153442
22.532994031906128,1.5700000524520874
22.56398916244507,1.559999942779541
22.597989082336426,1.559999942779541
22.632985830307007,1.5499999523162842
22.662986040115356,1.5499999523162842
22.69998574256897,1.5499999523162842
22.732986450195312,1.5499999523162842
22.763986587524414,1.5499999523162842
22.79798650741577,1.5499999523162842
22.831987380981445,1.5499999523162842
22.860987186431885,1.5499999523162842
22.88898730278015,1.5399999618530271
22.91798734664917,1.5399999618530271
22.967987060546875,1.5399999618530271
22.98798704147339,1.5299999713897705
23.032987117767334,1.5299999713897705
23.05998969078064,1.5299999713897705
23.08898949623108,1.5199999809265137
23.129989624023438,1.5199999809265137
23.16099786758423,1.5199999809265137
23.187998056411743,1.5099999904632568
23.229997873306274,1.5099999904632568
23.259002685546875,1.5099999904632568
23.294002771377563,1.4900000095367432
23.329002618789673,1.440000057220459
23.36200523376465,1.4299999475479126
23.388005256652832,1.4199999570846558
23.433005332946777,1.440000057220459
23.460009574890137,1.4500000476837158
23.49100947380066,1.4500000476837158
23.532009840011597,1.4600000381469729
23.562010049819946,1.4500000476837158
23.58800983428955,1.4500000476837158
23.63000988960266,1.4500000476837158
23.65800976753235,1.4500000476837158
23.693009853363037,1.440000057220459
23.728009939193726,1.4299999475479126
23.763007879257202,1.4199999570846558
23.793007850646973,1.4199999570846558
23.82200789451599,1.409999966621399
23.86300778388977,1.399999976158142
23.89800786972046,1.3899999856948853
23.919007778167725,1.3300000429153442
23.96100616455078,1.25
23.992006301879883,1.2300000190734863
24.032006978988647,1.2200000286102295
24.060007095336914,1.2200000286102295
24.0880069732666,1.2599999904632568
24.131006956100464,1.2799999713897705
24.16000485420227,1.2899999618530271
24.188004970550537,1.2999999523162842
24.231008052825928,1.2999999523162842
24.263007879257202,1.2899999618530271
24.29700803756714,1.2899999618530271
24.332008361816406,1.2899999618530271
24.361008405685425,1.2699999809265137
24.389008283615112,1.25
24.431008338928223,1.2400000095367432
24.45900869369507,1.2300000190734863
24.488008737564087,1.2400000095367432
24.532009601593018,1.2400000095367432
24.561009645462036,1.25
24.58700942993164,1.25
24.62900948524475,1.2400000095367432
24.65801215171814,1.2400000095367432
24.690012454986572,1.2200000286102295
24.729013204574585,1.2000000476837158
24.758013248443604,1.2000000476837158
24.801013231277466,1.2000000476837158
24.83301281929016,1.2200000286102295
24.859012842178345,1.2200000286102295
24.890012979507446,1.2200000286102295
24.931012630462646,1.2200000286102295
24.96101474761963,1.2000000476837158
24.987014770507812,1.2000000476837158
25.029014587402344,1.190000057220459
25.058014631271362,1.1799999475479126
25.08701467514038,1.1799999475479126
25.12901473045349,1.1699999570846558
25.15701460838318,1.1699999570846558
25.19901466369629,1.159999966621399
25.228014707565308,1.159999966621399
25.258014678955078,1.159999966621399
25.298014640808105,1.149999976158142
25.31901478767395,1.149999976158142
25.36201524734497,1.149999976158142
25.389015197753906,1.149999976158142
25.431015253067017,1.149999976158142
25.459012031555176,1.149999976158142
25.487011909484863,1.149999976158142
25.531011819839478,1.1399999856948853
25.557011365890503,1.1399999856948853
25.599011421203613,1.1399999856948853
25.627010345458984,1.1399999856948853
25.662010431289673,1.1399999856948853
25.698010444641113,1.149999976158142
25.732011079788208,1.159999966621399
25.767011165618896,1.159999966621399
25.788011074066162,1.159999966621399
25.830011129379272,1.159999966621399
25.860010147094727,1.149999976158142
25.888010025024414,1.149999976158142
25.931009769439697,1.149999976158142
25.959009885787964,1.149999976158142
25.988009929656982,1.149999976158142
26.02900743484497,1.149999976158142
26.0590078830719,1.159999966621399
26.08800745010376,1.159999966621399
26.128007888793945,1.149999976158142
26.157008409500122,1.159999966621399
26.199008226394653,1.159999966621399
26.22800850868225,1.1699999570846558
26.26300859451294,1.1699999570846558
26.29800844192505,1.159999966621399
26.3280086517334,1.149999976158142
26.36100935935974,1.1299999952316284
26.39700937271118,1.1299999952316284
26.418009042739868,1.1299999952316284
26.461009979248047,1.149999976158142
26.497009992599487,1.159999966621399
26.518010139465332,1.159999966621399
26.56200933456421,1.1799999475479126
26.59800934791565,1.190000057220459
26.627009630203247,1.2000000476837158
26.662010669708252,1.2000000476837158
26.698010683059692,1.2200000286102295
26.728010654449463,1.2400000095367432
26.76201105117798,1.25
26.790011167526245,1.2599999904632568
26.833009481430054,1.2799999713897705
26.86000943183899,1.2899999618530271
26.89000964164734,1.2999999523162842
26.930009603500366,1.309999942779541
26.95801091194153,1.3200000524520874
27.00101089477539,1.3300000429153442
27.02800965309143,1.3300000429153442
27.0580096244812,1.350000023841858
27.09900951385498,1.3600000143051147
27.12900948524475,1.3600000143051147
27.160008430480957,1.3700000047683716
27.19300866127014,1.3700000047683716
27.230008602142334,1.3799999952316284
27.26300859451294,1.3799999952316284
27.29800844192505,1.3899999856948853
27.33300757408142,1.399999976158142
27.36200761795044,1.409999966621399
27.39100742340088,1.409999966621399
27.43300747871399,1.4199999570846558
27.46300745010376,1.4199999570846558
27.49800753593445,1.4299999475479126
27.519007444381714,1.440000057220459
27.562010049819946,1.4500000476837158
27.592010021209717,1.4500000476837158
27.632009506225586,1.4500000476837158
27.660009622573853,1.4500000476837158
27.689009428024292,1.4500000476837158
27.731009483337402,1.4600000381469729
27.759009838104248,1.4600000381469729
27.789010047912598,1.4600000381469729
27.83100962638855,1.4600000381469729
27.859009504318237,1.4600000381469729
27.895009517669678,1.4600000381469729
27.930009603500366,1.4600000381469729
27.957013607025146,1.4500000476837158
28.00001358985901,1.4600000381469729
28.028017044067383,1.4600000381469729
28.064017057418823,1.4600000381469729
28.09201693534851,1.4600000381469729
28.12801742553711,1.4800000190734863
28.163017749786377,1.4900000095367432
28.20001769065857,1.4900000095367432
28.220017433166504,1.4900000095367432
28.26201844215393,1.5
28.29801845550537,1.5099999904632568
28.32001829147339,1.5099999904632568
28.3620183467865,1.5199999809265137
28.39801836013794,1.5299999713897705
28.419018268585205,1.5399999618530271
28.46101999282837,1.5499999523162842
28.489020109176636,1.559999942779541
28.531020164489746,1.5700000524520874
28.559027910232544,1.5700000524520874
28.601027965545654,1.5800000429153442
28.629027843475342,1.5800000429153442
28.65802764892578,1.5800000429153442
28.69302773475647,1.5800000429153442
28.72902774810791,1.5800000429153442
28.762027978897095,1.5800000429153442
28.78802800178528,1.5800000429153442
28.830026388168335,1.590000033378601
28.860026359558105,1.590000033378601
28.890026569366455,1.590000033378601
28.929024934768677,1.590000033378601
28.959024906158447,1.590000033378601
28.993024826049805,1.6100000143051147
29.030025243759155,1.6100000143051147
29.06302809715271,1.6100000143051147
29.09802794456482,1.6100000143051147
29.135026931762695,1.6100000143051147
29.16202664375305,1.6100000143051147
29.19802689552307,1.6100000143051147
29.218026638031006,1.6100000143051147
29.260026454925537,1.590000033378601
29.288026571273804,1.590000033378601
29.330026388168335,1.590000033378601
29.360025644302368,1.5800000429153442
29.394026041030884,1.5800000429153442
29.431025505065918,1.5800000429153442
29.458025455474854,1.5800000429153442
29.488025426864624,1.5800000429153442
29.531025648117065,1.5800000429153442
29.559025764465332,1.5800000429153442
29.58802604675293,1.5800000429153442
29.62902569770813,1.5800000429153442
29.660027027130127,1.5800000429153442
29.69302725791931,1.5800000429153442
29.729027032852173,1.5800000429153442
29.75802731513977,1.5800000429153442
29.788027048110962,1.5700000524520874
29.828027725219727,1.5700000524520874
29.863028049468994,1.559999942779541
29.899027824401855,1.559999942779541
29.92002773284912,1.559999942779541
29.965028047561646,1.5499999523162842
29.999027967453003,1.5499999523162842
30.029027938842773,1.5399999618530271
30.062026739120483,1.5299999713897705
30.098026752471924,1.5199999809265137
30.13303279876709,1.5199999809265137
30.165032625198364,1.5099999904632568
30.1990327835083,1.4800000190734863
30.22803282737732,1.4600000381469729
30.263033628463745,1.4500000476837158
30.30003333091736,1.4600000381469729
30.328033447265625,1.4600000381469729
30.357033491134644,1.4600000381469729
30.400033473968506,1.4600000381469729
30.429033041000366,1.4500000476837158
30.462027549743652,1.440000057220459
30.499027490615845,1.4299999475479126
30.533027172088623,1.4299999475479126
30.56102705001831,1.4299999475479126
30.590027332305908,1.4299999475479126
30.63202714920044,1.440000057220459
30.662027835845947,1.440000057220459
30.689028024673462,1.440000057220459
30.7330265045166,1.4299999475479126
30.76102638244629,1.4199999570846558
30.79802656173706,1.4199999570846558
30.832026481628418,1.409999966621399
30.863027572631836,1.409999966621399
30.88902759552002,1.399999976158142
30.935025215148926,1.3899999856948853
30.96102523803711,1.3899999856948853
30.99102520942688,1.3799999952316284
31.019025087356567,1.3700000047683716
31.063024044036865,1.3700000047683716
31.098023891448975,1.3600000143051147
31.11902403831482,1.350000023841858
31.16202712059021,1.350000023841858
31.19802713394165,1.3300000429153442
31.232030630111694,1.3300000429153442
31.26003074645996,1.3300000429153442
31.29003071784973,1.3200000524520874
31.332030773162842,1.3200000524520874
31.36103081703186,1.309999942779541
31.389030933380127,1.2999999523162842
31.431030750274658,1.25
31.459033489227295,1.2300000190734863
31.488033294677734,1.2400000095367432
31.532033920288086,1.2400000095367432
31.561033964157104,1.2400000095367432
31.58803391456604,1.2400000095367432
31.63203525543213,1.25
31.659035205841064,1.2599999904632568
31.688035249710083,1.2599999904632568
31.729035139083862,1.2599999904632568
31.76403498649597,1.2599999904632568
31.80003523826599,1.2599999904632568
31.82803463935852,1.2599999904632568
31.865034580230713,1.25
31.89903473854065,1.2400000095367432
31.92903470993042,1.2300000190734863
31.96403455734253,1.2300000190734863
32.00003457069397,1.2300000190734863
32.02903604507446,1.2200000286102295
32.0580358505249,1.190000057220459
32.10003590583801,1.159999966621399
32.13003587722778,1.159999966621399
32.15703511238098,1.159999966621399
32.19903516769409,1.159999966621399
32.22703504562378,1.159999966621399
32.26203656196594,1.159999966621399
32.298036336898804,1.159999966621399
32.31903648376465,1.159999966621399
32.36203861236572,1.159999966621399
32.39703845977783,1.159999966621399
32.43203854560852,1.159999966621399
32.46203947067261,1.159999966621399
32.48903942108154,1.1399999856948853
32.5300395488739,1.1299999952316284
32.56003952026367,1.1299999952316284
32.59303951263428,1.1299999952316284
32.6310396194458,1.1200000047683716
32.663039445877075,1.1200000047683716
32.69403958320618,1.1399999856948853
32.728039503097534,1.159999966621399
32.7630341053009,1.159999966621399
32.793033838272095,1.159999966621399
32.8310341835022,1.1699999570846558
32.858033657073975,1.1699999570846558
32.89503335952759,1.1799999475479126
32.929033041000366,1.1799999475479126
32.9600350856781,1.1799999475479126
32.992035150527954,1.1799999475479126
33.028035163879395,1.1799999475479126
33.06303405761719,1.1799999475479126
33.098034143447876,1.190000057220459
33.1290340423584,1.190000057220459
33.164034605026245,1.2000000476837158
33.199034690856934,1.2000000476837158
33.23103475570679,1.2000000476837158
33.258034467697144,1.2000000476837158
33.289034366607666,1.2000000476837158
33.32803440093994,1.2000000476837158
33.36303663253784,1.2200000286102295
33.39903664588928,1.2200000286102295
33.4330370426178,1.2300000190734863
33.46503710746765,1.2300000190734863
33.49803709983826,1.2300000190734863
33.52003717422485,1.2300000190734863
33.56203746795654,1.2300000190734863
33.59803748130798,1.2300000190734863
33.61903762817383,1.2300000190734863
33.66503882408142,1.2300000190734863
33.69903874397278,1.190000057220459
33.7280387878418,1.1399999856948853
33.75704002380371,1.159999966621399
33.801039934158325,1.1799999475479126
33.82804012298584,1.190000057220459
33.85704183578491,1.190000057220459
33.89904189109802,1.190000057220459
33.92904186248779,1.2000000476837158
33.9620418548584,1.2200000286102295
33.99904203414917,1.2000000476837158
34.02804160118103,1.2000000476837158
34.05704164505005,1.2000000476837158
34.09804153442383,1.2200000286102295
34.12704157829285,1.2300000190734863
34.16204237937927,1.2400000095367432
34.19104242324829,1.25
34.230042457580566,1.2699999809265137
34.25704264640808,1.2599999904632568
34.295042753219604,1.25
34.32804274559021,1.2599999904632568
34.35904383659363,1.2599999904632568
34.39104390144348,1.2699999809265137
34.42704391479492,1.2699999809265137
34.46303725242615,1.2599999904632568
34.497036933898926,1.2699999809265137
34.52703356742859,1.2699999809265137
34.56203365325928,1.2999999523162842
34.59903359413147,1.3200000524520874
34.632033824920654,1.3300000429153442
34.663033962249756,1.350000023841858
34.69703388214111,1.3600000143051147
34.72703003883362,1.3600000143051147
34.76203012466431,1.3600000143051147
34.797029972076416,1.350000023841858
34.832030057907104,1.350000023841858
34.86002993583679,1.350000023841858
34.88902997970581,1.3600000143051147
34.931031942367554,1.3700000047683716
34.961031913757324,1.3600000143051147
34.98703193664551,1.3799999952316284
35.02903199195862,1.399999976158142
35.05803203582764,1.409999966621399
35.087031841278076,1.399999976158142
35.12803292274475,1.3899999856948853
35.15703296661377,1.399999976158142
35.20003294944763,1.4299999475479126
35.227033615112305,1.4299999475479126
35.257033586502075,1.4500000476837158
35.299033641815186,1.4500000476837158
35.328033447265625,1.4500000476837158
35.36203718185425,1.4600000381469729
35.39803719520569,1.4800000190734863
35.419037103652954,1.4800000190734863
35.4610378742218,1.5
35.49703788757324,1.5099999904632568
35.53203797340393,1.5199999809265137
35.56204009056091,1.5299999713897705
35.5880401134491,1.5399999618530271
35.63003993034363,1.5399999618530271
35.658040046691895,1.5299999713897705
35.69304013252258,1.5199999809265137
35.72904014587402,1.5099999904632568
35.75704050064087,1.5099999904632568
35.79304051399231,1.5099999904632568
35.828041076660156,1.5099999904632568
35.85804104804993,1.5199999809265137
35.888041257858276,1.5299999713897705
35.93004035949707,1.5399999618530271
35.95904040336609,1.5499999523162842
35.98804044723511,1.559999942779541
36.030041217803955,1.559999942779541
36.05804133415222,1.559999942779541
36.095041036605835,1.559999942779541
36.12904143333435,1.5700000524520874
36.15903997421265,1.5700000524520874
36.19203996658325,1.559999942779541
36.22803997993469,1.5499999523162842
36.26403784751892,1.5299999713897705
36.29903793334961,1.5299999713897705
36.32803797721863,1.5199999809265137
36.36303496360779,1.5099999904632568
36.392035245895386,1.5
36.42703437805176,1.5
36.4630343914032,1.5
36.497034311294556,1.5099999904632568
36.52703523635864,1.5299999713897705
36.56703519821167,1.5199999809265137
36.58903503417969,1.5199999809265137
36.6310350894928,1.5199999809265137
36.65903663635254,1.5
36.68903684616089,1.5
36.731036901474,1.5
36.76103854179382,1.5099999904632568
36.78703856468201,1.5099999904632568
36.82903838157654,1.5099999904632568
36.86004018783569,1.5099999904632568
36.9000403881073,1.5
36.928040742874146,1.4900000095367432
36.957040786743164,1.4900000095367432
37.000040769577026,1.4800000190734863
37.02704048156738,1.4800000190734863
37.06204056739807,1.4800000190734863
37.09704065322876,1.4900000095367432
37.13204050064087,1.4900000095367432
37.16104078292847,1.4800000190734863
37.1880407333374,1.4600000381469729
37.23204064369202,1.4500000476837158
37.25905108451843,1.4500000476837158
37.28705096244812,1.4500000476837158
37.32905125617981,1.4500000476837158
37.35805130004883,1.4500000476837158
37.39905118942261,1.4500000476837158
37.427051305770874,1.4500000476837158
37.46204972267151,1.440000057220459
37.497050046920776,1.4299999475479126
37.53304934501648,1.4199999570846558
37.560049295425415,1.409999966621399
37.590049028396606,1.409999966621399
37.631049156188965,1.409999966621399
37.660048723220825,1.409999966621399
37.689048767089844,1.409999966621399
37.73104643821716,1.399999976158142
37.75904583930969,1.399999976158142
37.78804612159729,1.399999976158142
37.8300461769104,1.399999976158142
37.858046770095825,1.409999966621399
37.893046617507935,1.4199999570846558
37.92804670333862,1.4299999475479126
37.95905017852783,1.4299999475479126
37.99905037879944,1.4199999570846558
38.0280499458313,1.4199999570846558
38.06404995918274,1.399999976158142
38.098050117492676,1.399999976158142
38.12704801559448,1.399999976158142
38.16204786300659,1.409999966621399
38.19104790687561,1.399999976158142
38.23204827308655,1.3899999856948853
38.26304817199707,1.3899999856948853
38.28904843330383,1.3799999952316284
38.332048177719116,1.3700000047683716
38.367048263549805,1.3600000143051147
38.38704824447632,1.3600000143051147
38.42904829978943,1.3600000143051147
38.457051038742065,1.350000023841858
38.49205136299133,1.350000023841858
38.527050733566284,1.3300000429153442
38.56205081939697,1.3200000524520874
38.599050760269165,1.3200000524520874
38.61905074119568,1.309999942779541
38.66405200958252,1.309999942779541
38.6900520324707,1.309999942779541
38.71805214881897,1.309999942779541
38.76105189323425,1.309999942779541
38.79005169868469,1.2999999523162842
38.833051443099976,1.2899999618530271
38.86505150794983,1.2899999618530271
38.89905142784119,1.2799999713897705
38.929051637649536,1.2699999809265137
38.963053703308105,1.2599999904632568
38.998053550720215,1.2599999904632568
39.03405213356018,1.25
39.06105184555054,1.25
39.090052127838135,1.25
39.132052183151245,1.25
39.16205143928528,1.25
39.18805146217346,1.2400000095367432
39.23005414009094,1.2300000190734863
39.26005411148071,1.2300000190734863
39.28905415534973,1.2200000286102295
39.33005404472351,1.2000000476837158
39.35905385017395,1.2000000476837158
39.39505410194397,1.2000000476837158
39.43005418777466,1.2000000476837158
39.45905661582947,1.2200000286102295
39.493056774139404,1.2300000190734863
39.53005647659302,1.2400000095367432
39.56305646896362,1.25
39.59905648231506,1.25
39.635056018829346,1.2400000095367432
39.66205596923828,1.2400000095367432
39.6910560131073,1.2400000095367432
39.72005605697632,1.2400000095367432
39.76305890083313,1.2300000190734863
39.79805898666382,1.2000000476837158
39.83305788040161,1.190000057220459
39.86105799674988,1.190000057220459
39.8900580406189,1.190000057220459
39.931057929992676,1.190000057220459
39.96005582809448,1.2000000476837158
39.98805594444275,1.2000000476837158
40.03105592727661,1.2000000476837158
40.059054374694824,1.2000000476837158
40.08805441856384,1.2000000476837158
40.13005447387695,1.1699999570846558
40.16005516052246,1.149999976158142
40.193055152893066,1.149999976158142
40.228055477142334,1.159999966621399
40.257055044174194,1.1699999570846558
40.29205536842346,1.1699999570846558
40.32705545425415,1.1799999475479126
40.36305546760559,1.1799999475479126
40.3980553150177,1.1799999475479126
40.43305492401123,1.190000057220459
40.46105480194092,1.190000057220459
40.49005484580994,1.190000057220459
40.531054973602295,1.2000000476837158
40.56105828285217,1.2000000476837158
40.587058305740356,1.2000000476837158
40.629061222076416,1.2000000476837158
40.65706133842468,1.2000000476837158
40.69906163215637,1.2200000286102295
40.72806119918823,1.2300000190734863
40.762062549591064,1.2400000095367432
40.80106258392334,1.2300000190734863
40.828062534332275,1.2000000476837158
40.86506247520447,1.2200000286102295
40.900062561035156,1.2300000190734863
40.929062604904175,1.25
40.96206283569336,1.2599999904632568
40.99006271362305,1.2699999809265137
41.03206253051758,1.2899999618530271
41.06206250190735,1.2999999523162842
41.089062452316284,1.309999942779541
41.13505983352661,1.3200000524520874
41.161059856414795,1.3300000429153442
41.191059827804565,1.3300000429153442
41.2180597782135,1.3300000429153442
41.262059926986694,1.350000023841858
41.28906011581421,1.3600000143051147
41.33305907249451,1.3600000143051147
41.36005902290344,1.3700000047683716
41.391058921813965,1.3799999952316284
41.43005895614624,1.3899999856948853
41.45805907249451,1.3899999856948853
41.50005888938904,1.399999976158142
41.52905893325806,1.409999966621399
41.560060262680054,1.4199999570846558
41.59206032752991,1.4299999475479126
41.62806034088135,1.4299999475479126
41.66306233406067,1.440000057220459
41.69806241989136,1.4500000476837158
41.73306202888489,1.4500000476837158
41.76306200027466,1.4500000476837158
41.7990620136261,1.4500000476837158
41.81906199455261,1.4500000476837158
41.86406373977661,1.4500000476837158
41.890063762664795,1.4500000476837158
41.932063579559326,1.4500000476837158
41.96006369590759,1.4500000476837158
41.98906350135803,1.4600000381469729
42.03106427192688,1.4800000190734863
42.0600643157959,1.4900000095367432
42.08906435966492,1.5
42.129064321517944,1.5099999904632568
42.164063930511475,1.5099999904632568
42.200063943862915,1.5199999809265137
42.22806358337402,1.5299999713897705
42.264063596725464,1.5399999618530271
42.29806351661682,1.5499999523162842
42.32006359100342,1.5499999523162842
42.362064599990845,1.5499999523162842
42.39006471633911,1.559999942779541
42.43206453323364,1.559999942779541
42.460065841674805,1.5700000524520874
42.490066051483154,1.5700000524520874
42.51906609535217,1.5800000429153442
42.56906533241272,1.5800000429153442
42.58906531333923,1.5800000429153442
42.63106369972229,1.5800000429153442
42.66006350517273,1.5800000429153442
42.68906354904175,1.590000033378601
42.730064153671265,1.6100000143051147
42.75906443595886,1.6100000143051147
42.801064014434814,1.6200000047683716
42.830063819885254,1.6200000047683716
42.85906505584717,1.6200000047683716
42.893065214157104,1.6299999952316284
42.930065631866455,1.6299999952316284
42.96306538581848,1.6299999952316284
42.9990656375885,1.6299999952316284
43.019065380096436,1.6299999952316284
43.06106352806091,1.590000033378601
43.091063499450684,1.5800000429153442
43.11706352233887,1.5800000429153442
43.16006255149841,1.590000033378601
43.18806266784668,1.6100000143051147
43.23106265068054,1.6100000143051147
43.26006245613098,1.6200000047683716
43.2890625,1.6200000047683716
43.33106303215027,1.6299999952316284
43.364063024520874,1.6299999952316284
43.39706325531006,1.6299999952316284
43.43206334114075,1.6299999952316284
43.4630606174469,1.6299999952316284
43.49806046485901,1.6299999952316284
43.52806043624878,1.6299999952316284
43.56306052207947,1.6200000047683716
43.59906053543091,1.6200000047683716
43.62806296348572,1.6200000047683716
43.66406297683716,1.6200000047683716
43.698063135147095,1.6100000143051147
43.73306322097778,1.6100000143051147
43.76206302642822,1.6200000047683716
43.79206323623657,1.6299999952316284
43.81806302070618,1.6299999952316284
43.86106276512146,1.6299999952316284
43.89006280899048,1.6299999952316284
43.93206262588501,1.6200000047683716
43.96406364440918,1.6100000143051147
43.99906349182129,1.5800000429153442
44.02906370162964,1.5800000429153442
44.0620653629303,1.5800000429153442
44.090065479278564,1.5700000524520874
44.132065296173096,1.559999942779541
44.16006636619568,1.559999942779541
44.19006633758545,1.559999942779541
44.21906638145447,1.559999942779541
44.26206398010254,1.559999942779541
44.289064168930054,1.559999942779541
44.33106231689453,1.559999942779541
44.36006236076355,1.5499999523162842
44.38906240463257,1.5499999523162842
44.43006443977356,1.5499999523162842
44.459064245224,1.5499999523162842
44.50106430053711,1.5399999618530271
44.52906274795532,1.5399999618530271
44.55906271934509,1.5399999618530271
44.5920627117157,1.5299999713897705
44.631062746047974,1.5299999713897705
44.66306281089783,1.5299999713897705
44.69906282424927,1.5199999809265137
44.734060764312744,1.5199999809265137
44.76106071472168,1.5099999904632568
44.79806065559387,1.5099999904632568
44.83106064796448,1.4800000190734863
44.85906648635864,1.440000057220459
44.88806629180908,1.440000057220459
44.93106651306152,1.4199999570846558
44.96006631851196,1.4199999570846558
44.98906636238098,1.4199999570846558
45.03106641769409,1.409999966621399
45.0590660572052,1.4299999475479126
45.09506583213806,1.4500000476837158
45.13006615638733,1.4500000476837158
45.16406750679016,1.4500000476837158
45.2000675201416,1.4500000476837158
45.220067501068115,1.4500000476837158
45.26407074928284,1.440000057220459
45.29107069969177,1.4299999475479126
45.32007074356079,1.4299999475479126
45.3600709438324,1.4199999570846558
45.388071060180664,1.4199999570846558
45.431071043014526,1.409999966621399
45.45907235145569,1.399999976158142
45.493072271347046,1.3899999856948853
45.529072284698486,1.3300000429153442
45.56307363510132,1.2699999809265137
45.60007357597351,1.2200000286102295
45.61907362937927,1.2000000476837158
45.661073446273804,1.2000000476837158
45.69007349014282,1.2000000476837158
45.73107361793518,1.25
45.768073081970215,1.2699999809265137
45.78707313537598,1.2699999809265137
45.82907295227051,1.2799999713897705
45.85707473754883,1.2799999713897705
45.90107464790344,1.2699999809265137
45.92807602882385,1.2699999809265137
45.9580762386322,1.2699999809265137
45.9970760345459,1.2699999809265137
46.03207612037659,1.2599999904632568
46.06207609176636,1.25
46.08807611465454,1.2300000190734863
46.13007426261902,1.2000000476837158
46.158074378967285,1.2000000476837158
46.200074434280396,1.190000057220459
46.230074405670166,1.190000057220459
46.25707459449768,1.1799999475479126
46.29107451438904,1.1799999475479126
46.32807469367981,1.1699999570846558
46.36307191848755,1.1699999570846558
46.391072034835815,1.1699999570846558
46.427072048187256,1.1699999570846558
46.46307182312012,1.1699999570846558
46.497071743011475,1.1799999475479126
46.51907205581665,1.1799999475479126
46.56106925010681,1.1799999475479126
46.598069190979004,1.159999966621399
46.61906933784485,1.159999966621399
46.66406774520874,1.159999966621399
46.697067737579346,1.149999976158142
46.728065967559814,1.149999976158142
46.7630660533905,1.149999976158142
46.79806590080261,1.149999976158142
46.81906604766846,1.149999976158142
46.864065647125244,1.149999976158142
46.8980655670166,1.149999976158142
46.92806553840637,1.149999976158142
46.96106743812561,1.1399999856948853
46.99706745147705,1.1399999856948853
47.01906752586365,1.1399999856948853
47.064067125320435,1.1399999856948853
47.09806704521179,1.1399999856948853
47.12806725502014,1.1399999856948853
47.16306519508362,1.1299999952316284
47.20006513595581,1.1299999952316284
47.22806525230408,1.1299999952316284
47.2650671005249,1.1399999856948853
47.29906702041626,1.149999976158142
47.32806706428528,1.1399999856948853
47.36206650733948,1.1399999856948853
47.39706635475159,1.149999976158142
47.432066440582275,1.159999966621399
47.46006417274475,1.149999976158142
47.48906445503235,1.1399999856948853
47.5310640335083,1.1399999856948853
47.55906558036804,1.1399999856948853
47.60106563568115,1.149999976158142
47.62806463241577,1.149999976158142
47.65806484222412,1.1399999856948853
47.69906497001648,1.1299999952316284
47.7210648059845,1.1299999952316284
47.762064933776855,1.1200000047683716
47.79906463623047,1.1200000047683716
47.828064918518066,1.1200000047683716
47.863062143325806,1.1200000047683716
47.899062156677246,1.1399999856948853
47.928061962127686,1.149999976158142
47.963061571121216,1.159999966621399
47.998061656951904,1.1699999570846558
48.01906156539917,1.190000057220459
48.062057971954346,1.2000000476837158
48.09905791282654,1.2200000286102295
48.132057428359985,1.2200000286102295
48.16005778312683,1.2300000190734863
48.18905758857727,1.2400000095367432
48.21705770492554,1.2400000095367432
48.260056257247925,1.2599999904632568
48.289055824279785,1.2699999809265137
48.331056118011475,1.2899999618530271
48.36005234718323,1.309999942779541
48.388052225112915,1.3200000524520874
48.431052446365356,1.3300000429153442
48.4590528011322,1.3300000429153442
48.48905277252197,1.350000023841858
48.53105282783508,1.3600000143051147
48.56105041503906,1.3600000143051147
48.593050479888916,1.3700000047683716
48.629050493240356,1.3799999952316284
48.664050817489624,1.3899999856948853
48.688050746917725,1.3899999856948853
48.729050636291504,1.399999976158142
48.764047384262085,1.409999966621399
48.79904747009277,1.409999966621399
48.82004737854004,1.4199999570846558
48.864049434661865,1.4299999475479126
48.89104962348938,1.440000057220459
48.932049036026,1.4500000476837158
48.96004915237427,1.4500000476837158
48.99004936218262,1.4600000381469729
49.033050298690796,1.4600000381469729
49.06505036354065,1.4800000190734863
49.09905028343201,1.4800000190734863
49.128050327301025,1.4900000095367432
49.163049936294556,1.5
49.20005011558533,1.5
49.228049993515015,1.5
49.26504969596863,1.4800000190734863
49.298049449920654,1.4800000190734863
49.32104969024658,1.4900000095367432
49.36205172538757,1.4900000095367432
49.40105175971985,1.4900000095367432
49.428051233291626,1.4900000095367432
49.463051319122314,1.5
49.499051332473755,1.5099999904632568
49.52105164527893,1.5099999904632568
49.56305265426636,1.5199999809265137
49.591052532196045,1.5199999809265137
49.62005257606506,1.5199999809265137
49.66305184364319,1.5199999809265137
49.691051959991455,1.5299999713897705
49.71905183792114,1.5299999713897705
49.760050535202026,1.5399999618530271
49.79105043411255,1.5399999618530271
49.831050634384155,1.5499999523162842
49.85905051231384,1.5499999523162842
49.89505052566528,1.5499999523162842
49.92905044555664,1.5700000524520874
49.9590482711792,1.5800000429153442
49.992048263549805,1.5800000429153442
50.03504800796509,1.590000033378601
50.063047885894775,1.590000033378601
50.09104800224304,1.590000033378601
50.13204789161682,1.6100000143051147
50.16004538536072,1.6100000143051147
50.188045501708984,1.6100000143051147
50.23104548454285,1.6200000047683716
50.25904417037964,1.6200000047683716
50.293044090270996,1.6200000047683716
50.33004403114319,1.6200000047683716
50.36004447937012,1.6200000047683716
50.400044441223145,1.6200000047683716
50.43104434013367,1.6200000047683716
50.45904564857483,1.6200000047683716
50.4890456199646,1.6200000047683716
50.529043197631836,1.6200000047683716
50.564043045043945,1.6200000047683716
50.600043058395386,1.6200000047683716
50.62804317474365,1.6100000143051147
50.665043592453,1.6100000143051147
50.69904351234436,1.590000033378601
50.72904372215271,1.590000033378601
50.76404309272766,1.590000033378601
50.8000431060791,1.590000033378601
50.821043252944946,1.590000033378601
50.86504244804382,1.5800000429153442
50.89904236793518,1.5800000429153442
50.92104244232178,1.5800000429153442
50.96304202079773,1.5800000429153442
50.99904203414917,1.5800000429153442
51.034040451049805,1.5800000429153442
51.06204056739807,1.5800000429153442
51.09004044532776,1.5800000429153442
51.13304042816162,1.5700000524520874
51.16904044151306,1.5800000429153442
51.189040660858154,1.5800000429153442
51.231041431427,1.5800000429153442
51.26004147529602,1.5800000429153442
51.29104161262512,1.5800000429153442
51.33104157447815,1.5700000524520874
51.35904121398926,1.559999942779541
51.3950412273407,1.559999942779541
51.42904043197632,1.559999942779541
51.45904064178467,1.5499999523162842
51.49104046821594,1.5499999523162842
51.52004051208496,1.5499999523162842
51.563039779663086,1.5499999523162842
51.59003973007202,1.5399999618530271
51.63203978538513,1.5099999904632568
51.660035848617554,1.4900000095367432
51.68903613090515,1.4900000095367432
51.73103618621826,1.4900000095367432
51.76003575325012,1.4900000095367432
51.78803563117981,1.4900000095367432
51.83103561401367,1.4900000095367432
51.86003589630127,1.4900000095367432
51.88903594017029,1.4800000190734863
51.93203520774841,1.4800000190734863
51.95903515815735,1.4800000190734863
51.98903512954712,1.4600000381469729
52.03103518486023,1.4600000381469729
52.060035943984985,1.4800000190734863
52.09303593635559,1.4800000190734863
52.1320366859436,1.4800000190734863
52.15903663635254,1.4800000190734863
52.19503664970398,1.4800000190734863
52.23003840446472,1.4800000190734863
52.26003861427307,1.4600000381469729
52.29303860664368,1.4500000476837158
52.32903838157654,1.4500000476837158
52.36303997039795,1.4500000476837158
52.40004014968872,1.440000057220459
52.420040130615234,1.440000057220459
52.465033292770386,1.4299999475479126
52.49903345108032,1.4199999570846558
52.52803349494934,1.409999966621399
52.56403374671936,1.399999976158142
52.59803342819214,1.3899999856948853
52.634034633636475,1.3899999856948853
52.66103458404541,1.3799999952316284
52.69003462791443,1.3700000047683716
52.73203468322754,1.3700000047683716
52.76203465461731,1.3600000143051147
52.78803467750549,1.350000023841858
52.8300347328186,1.350000023841858
52.85903477668762,1.3300000429153442
52.89303469657898,1.3300000429153442
52.931034564971924,1.2699999809265137
52.9630343914032,1.25
52.99503445625305,1.2400000095367432
53.02903342247009,1.25
53.05903363227844,1.2599999904632568
53.09203362464905,1.2599999904632568
53.11903357505798,1.2699999809265137
53.1630334854126,1.2799999713897705
53.19003343582153,1.2899999618530271
53.23403263092041,1.2999999523162842
53.261032581329346,1.2999999523162842
53.291032552719116,1.2999999523162842
53.33303236961365,1.2899999618530271
53.361032247543335,1.2899999618530271
53.39003229141235,1.2899999618530271
53.41903233528137,1.2799999713897705
53.46103000640869,1.25
53.499030113220215,1.2300000190734863
53.53302836418152,1.2000000476837158
53.561028242111206,1.190000057220459
53.59902834892273,1.1799999475479126
53.61902832984924,1.1799999475479126
53.66102862358093,1.190000057220459
53.6890287399292,1.190000057220459
53.73202896118164,1.1799999475479126
53.76102924346924,1.1699999570846558
53.789029121398926,1.1699999570846558
53.83202910423279,1.1699999570846558
53.86402702331543,1.1699999570846558
53.89002704620361,1.1699999570846558
53.92802810668945,1.1699999570846558
53.96302795410156,1.1699999570846558
54.000027894973755,1.159999966621399
54.02002811431885,1.1699999570846558
54.062028646469116,1.149999976158142
54.09002876281738,1.149999976158142
54.12002873420715,1.1399999856948853
54.161030530929565,1.1399999856948853
54.190030574798584,1.159999966621399
54.2190306186676,1.159999966621399
54.26503276824951,1.1799999475479126
54.29903292655945,1.190000057220459
54.321032762527466,1.190000057220459
54.363032817840576,1.190000057220459
54.39903283119202,1.2000000476837158
54.434032678604126,1.2000000476837158
54.46203255653381,1.2000000476837158
54.49003267288208,1.2200000286102295
54.5190327167511,1.2200000286102295
54.56202960014343,1.2200000286102295
54.59102964401245,1.2200000286102295
54.631030321121216,1.2200000286102295
54.66203022003174,1.2200000286102295
54.68903040885925,1.2200000286102295
54.73002862930298,1.2200000286102295
54.759028673172,1.2200000286102295
54.79502868652344,1.2200000286102295
54.83102869987488,1.2200000286102295
54.859028339385986,1.2200000286102295
54.89502835273743,1.2300000190734863
54.929028272628784,1.2400000095367432
54.96002459526062,1.2400000095367432
54.992024660110474,1.25
55.02002716064453,1.25
55.063027143478394,1.25
55.09102702140808,1.25
55.13202714920044,1.25
55.1600284576416,1.25
55.18802857398987,1.2400000095367432
55.23202848434448,1.1799999475479126
55.259028673172,1.159999966621399
55.28902864456177,1.1799999475479126
55.32802867889404,1.2200000286102295
55.36302661895752,1.2300000190734863
55.39902663230896,1.2200000286102295
55.42802691459656,1.2000000476837158
55.464026927948,1.2000000476837158
55.4970269203186,1.2000000476837158
55.51902723312378,1.2000000476837158
55.561025857925415,1.2000000476837158
55.58902597427368,1.2200000286102295
55.632025957107544,1.2200000286102295
55.65902400016785,1.2300000190734863
55.68902397155762,1.2400000095367432
55.729023933410645,1.2400000095367432
55.75802445411682,1.2400000095367432
55.80002450942993,1.2400000095367432
55.82702422142029,1.25
55.86402416229248,1.25
55.897024154663086,1.2599999904632568
55.91902422904968,1.2699999809265137
55.96202373504639,1.2799999713897705
55.98802375793457,1.2899999618530271
56.03302335739136,1.2799999713897705
56.06002330780029,1.2999999523162842
56.090023040771484,1.3200000524520874
56.11802363395691,1.3300000429153442
56.16202354431152,1.350000023841858
56.18902373313904,1.350000023841858
56.23402190208435,1.3300000429153442
56.260021924972534,1.350000023841858
56.28902196884155,1.350000023841858
56.33101987838745,1.350000023841858
56.35901975631714,1.3600000143051147
56.388020038604736,1.3799999952316284
56.43001985549927,1.3899999856948853
56.45802164077759,1.3899999856948853
56.49502158164978,1.3899999856948853
56.528021574020386,1.409999966621399
56.563018798828125,1.4199999570846558
56.598018646240234,1.440000057220459
56.61901879310608,1.440000057220459
56.661017656326294,1.440000057220459
56.68901753425598,1.4500000476837158
56.73101758956909,1.4500000476837158
56.76001763343811,1.4500000476837158
56.79401755332947,1.4500000476837158
56.829017639160156,1.4800000190734863
56.86401724815369,1.4600000381469729
56.89201736450195,1.4800000190734863
56.928017139434814,1.4900000095367432
56.963013887405396,1.4900000095367432
56.999013900756836,1.4800000190734863
57.02701544761658,1.4900000095367432
57.06401538848877,1.4900000095367432
57.098015546798706,1.5
57.13201594352722,1.5
57.16101598739624,1.5
57.19201588630676,1.5099999904632568
57.23201584815979,1.5
57.26001524925232,1.5099999904632568
57.28901505470276,1.5099999904632568
57.33001494407654,1.5099999904632568
57.35801458358765,1.5199999809265137
57.40001463890076,1.5299999713897705
57.428014516830444,1.5399999618530271
57.46501445770264,1.5499999523162842
57.49801445007324,1.5399999618530271
57.5320143699646,1.5299999713897705
57.56200456619263,1.5299999713897705
57.59800434112549,1.5499999523162842
57.634002923965454,1.5399999618530271
57.66200280189514,1.5299999713897705
57.69800281524658,1.5399999618530271
57.718002796173096,1.5499999523162842
57.76200294494629,1.559999942779541
57.78800296783447,1.559999942779541
57.83300423622131,1.559999942779541
57.86000418663025,1.559999942779541
57.88900423049927,1.559999942779541
57.918004274368286,1.5499999523162842
57.96000409126282,1.5399999618530271
57.99000430107117,1.5299999713897705
58.018004179000854,1.5299999713897705
58.06300401687622,1.5299999713897705
58.089004039764404,1.5399999618530271
58.13100337982178,1.5299999713897705
58.159003496170044,1.5299999713897705
58.18800354003906,1.5199999809265137
58.230003356933594,1.5099999904632568
58.25800013542175,1.5099999904632568
58.28800010681152,1.5099999904632568
58.330000162124634,1.5
58.35999870300293,1.5
58.392998933792114,1.5099999904632568
58.43099784851074,1.5199999809265137
58.45799803733826,1.5199999809265137
58.498998165130615,1.5199999809265137
58.527997970581055,1.5
58.56300210952759,1.5
58.59900212287903,1.5
58.61900210380554,1.4900000095367432
58.66100335121155,1.4800000190734863
58.689003467559814,1.4600000381469729
58.731003522872925,1.4600000381469729
58.768003940582275,1.4600000381469729
58.78900384902954,1.4600000381469729
58.8320038318634,1.4500000476837158
58.86000418663025,1.4500000476837158
58.88900423049927,1.4500000476837158
58.93000411987305,1.4500000476837158
58.95800423622131,1.4500000476837158
59.000004291534424,1.440000057220459
59.02800416946411,1.4299999475479126
59.06500506401062,1.4199999570846558
59.098005056381226,1.399999976158142
59.12000489234924,1.3899999856948853
59.16200494766235,1.3799999952316284
59.198004961013794,1.3700000047683716
59.21900463104248,1.3700000047683716
59.261000633239746,1.3600000143051147
59.290000677108765,1.3600000143051147
59.332000494003296,1.3300000429153442
59.362001180648804,1.3300000429153442
59.38900113105774,1.3300000429153442
59.43300104141235,1.3300000429153442
59.460001945495605,1.3300000429153442
59.489001989364624,1.3300000429153442
59.532002687454224,1.3300000429153442
59.56000256538391,1.2999999523162842
59.58900260925293,1.2899999618530271
59.63100218772888,1.2899999618530271
59.6600022315979,1.2999999523162842
59.687002182006836,1.2799999713897705
59.7300021648407,1.2999999523162842
59.75800275802612,1.2999999523162842
59.7990026473999,1.309999942779541
59.82700276374817,1.3200000524520874
59.8630006313324,1.309999942779541
59.891000509262085,1.309999942779541
59.931997537612915,1.309999942779541
59.95999765396118,1.309999942779541
59.98799753189087,1.309999942779541
60.03199744224548,1.3200000524520874
60.05999803543091,1.3200000524520874
60.08899784088135,1.3200000524520874
60.13099789619446,1.309999942779541
60.15999746322632,1.309999942779541
60.18899750709534,1.2999999523162842
60.23099756240845,1.2899999618530271
60.258997440338135,1.2899999618530271
60.288997650146484,1.2799999713897705
60.32899761199951,1.2699999809265137
60.36399435997009,1.2599999904632568
60.39299440383911,1.2599999904632568
60.428993701934814,1.2599999904632568
60.4639937877655,1.25
60.49199342727661,1.25
60.52899360656738,1.2400000095367432
60.56399464607239,1.2400000095367432
60.59999465942383,1.2400000095367432
60.62099480628967,1.2300000190734863
60.66399550437927,1.2000000476837158
60.69099545478821,1.2000000476837158
60.71999549865723,1.159999966621399
60.76099610328674,1.1299999952316284
60.78899598121643,1.1399999856948853
60.83199596405029,1.1799999475479126
60.858996629714966,1.2000000476837158
60.893996715545654,1.1699999570846558
60.92899680137634,1.1399999856948853
60.96399664878845,1.1399999856948853
60.99299669265747,1.149999976158142
61.02099657058716,1.159999966621399
61.0589964389801,1.1699999570846558
61.09399652481079,1.2000000476837158
61.12999653816223,1.2000000476837158
61.15899682044983,1.2000000476837158
61.20099663734436,1.190000057220459
61.22899675369263,1.1799999475479126
61.2589967250824,1.1799999475479126
61.292996644973755,1.1799999475479126
61.32199668884277,1.1799999475479126
61.36299705505371,1.190000057220459
61.394997119903564,1.190000057220459
61.42099714279175,1.1799999475479126
61.462997913360596,1.1799999475479126
61.49099802970886,1.159999966621399
61.5199978351593,1.1299999952316284
61.563000440597534,1.1299999952316284
61.599000453948975,1.149999976158142
61.631999254226685,1.149999976158142
61.65999937057495,1.149999976158142
61.68899965286255,1.159999966621399
61.7309992313385,1.159999966621399
61.75999975204468,1.159999966621399
61.793999910354614,1.159999966621399
61.828999519348145,1.159999966621399
61.86399960517883,1.1699999570846558
61.89899969100952,1.1699999570846558
61.92799949645996,1.1699999570846558
61.96299648284912,1.1699999570846558
61.99999642372131,1.1799999475479126
62.02799582481384,1.190000057220459
62.06399583816528,1.2000000476837158
62.0909960269928,1.2200000286102295
62.11999583244324,1.2200000286102295
62.160996437072754,1.2200000286102295
62.18899631500244,1.2000000476837158
62.231996297836304,1.2200000286102295
62.25999879837036,1.2300000190734863
62.28899884223938,1.2400000095367432
62.32999873161316,1.2599999904632568
62.351998805999756,1.2699999809265137
62.399998903274536,1.2899999618530271
62.4209988117218,1.2899999618530271
62.464998722076416,1.2999999523162842
62.4909987449646,1.309999942779541
62.51999878883362,1.3200000524520874
62.5609974861145,1.3300000429153442
62.58999752998352,1.3300000429153442
62.63099765777588,1.350000023841858
62.661001443862915,1.3600000143051147
62.68900156021118,1.3700000047683716
62.731001138687134,1.3700000047683716
62.76000118255615,1.3799999952316284
62.79000115394592,1.3899999856948853
62.83000111579895,1.3899999856948853
62.85900044441223,1.399999976158142
62.89400029182434,1.409999966621399
62.92899942398071,1.409999966621399
62.95899963378906,1.4199999570846558
62.99399924278259,1.4299999475479126
63.02999925613403,1.440000057220459
63.06199908256531,1.4500000476837158
63.08899903297424,1.4500000476837158
63.1299991607666,1.4500000476837158
63.159000396728516,1.4500000476837158
63.19300031661987,1.4500000476837158
63.23000121116638,1.4500000476837158
63.26300120353699,1.4500000476837158
63.29900121688843,1.4500000476837158
63.32000112533569,1.4500000476837158
63.3630006313324,1.4600000381469729
63.39900064468384,1.4800000190734863
63.42000079154968,1.4800000190734863
63.46400165557861,1.4900000095367432
63.49100160598755,1.5
63.52000164985657,1.5099999904632568
63.56200122833252,1.5199999809265137
63.59100103378296,1.5299999713897705
63.619001150131226,1.5299999713897705
63.662999868392944,1.5399999618530271
63.69099974632263,1.5399999618530271
63.728999853134155,1.5499999523162842
63.76400089263916,1.559999942779541
63.79300093650818,1.559999942779541
63.82900094985962,1.5700000524520874
63.86400055885315,1.5700000524520874
63.89900064468384,1.5700000524520874
63.9200005531311,1.5800000429153442
63.96300196647644,1.5800000429153442
64.00000190734863,1.5800000429153442
64.02000188827515,1.5800000429153442
64.06400394439697,1.5800000429153442
64.10000395774841,1.590000033378601
64.12900400161743,1.590000033378601
64.16400051116943,1.6100000143051147
64.20000052452087,1.6100000143051147
64.22000050544739,1.6100000143051147
64.26200079917908,1.6200000047683716
64.29000091552734,1.6200000047683716
64.31900095939636,1.6299999952316284
64.3620023727417,1.6299999952316284
64.38900232315063,1.6299999952316284
64.43100237846375,1.6399999856948853
64.46000504493713,1.6399999856948853
64.49000525474548,1.6100000143051147
64.53000497817993,1.590000033378601
64.55800604820251,1.590000033378601
64.59500575065613,1.6100000143051147
64.62800574302673,1.6200000047683716
64.66300344467163,1.6200000047683716
64.69800353050232,1.6200000047683716
64.73300337791443,1.6200000047683716
64.76800298690796,1.6299999952316284
64.78900289535522,1.6299999952316284
64.83100080490112,1.6299999952316284
64.85900092124939,1.6399999856948853
64.8940007686615,1.6399999856948853
64.92900085449219,1.6399999856948853
64.96400165557861,1.6399999856948853
64.9920015335083,1.6399999856948853
65.02000164985657,1.6399999856948853
65.0620002746582,1.6299999952316284
65.09100031852722,1.6200000047683716
65.13299989700317,1.6200000047683716
65.16299986839294,1.6100000143051147
65.18899989128113,1.6100000143051147
65.23099994659424,1.6299999952316284
65.25899934768677,1.6299999952316284
65.28899931907654,1.6299999952316284
65.32899904251099,1.6299999952316284
65.36399984359741,1.6299999952316284
65.39300012588501,1.6200000047683716
65.43199944496155,1.6100000143051147
65.45899963378906,1.590000033378601
65.48899936676025,1.590000033378601
65.53099942207336,1.5800000429153442
65.56100058555603,1.5800000429153442
65.5890007019043,1.5800000429153442
65.63200068473816,1.5800000429153442
65.65999984741211,1.5800000429153442
65.69000005722046,1.5800000429153442
65.73000001907349,1.5800000429153442
65.76099944114685,1.5800000429153442
65.79399943351746,1.5700000524520874
65.82899904251099,1.5700000524520874
65.86500644683838,1.5700000524520874
65.89900612831116,1.559999942779541
65.93400931358337,1.559999942779541
65.96200942993164,1.559999942779541
65.99100923538208,1.5499999523162842
66.01900935173035,1.559999942779541
66.06900691986084,1.5499999523162842
66.08900690078735,1.5399999618530271
66.1310064792633,1.5399999618530271
66.15900659561157,1.5299999713897705
66.19400644302368,1.5099999904632568
66.23000645637512,1.4800000190734863
66.2640061378479,1.4500000476837158
66.29400634765625,1.4500000476837158
66.33500623703003,1.4500000476837158
66.36301231384277,1.4500000476837158
66.39201235771179,1.4500000476837158
66.42001247406006,1.4500000476837158
66.46201252937317,1.440000057220459
66.49001264572144,1.440000057220459
66.51901268959045,1.4500000476837158
66.56101298332214,1.4500000476837158
66.59101295471191,1.4500000476837158
66.6320128440857,1.4500000476837158
66.6600124835968,1.4500000476837158
66.69501233100891,1.4500000476837158
66.7300124168396,1.440000057220459
66.75901222229004,1.4299999475479126
66.79401183128357,1.4199999570846558
66.82101202011108,1.4199999570846558
66.86401343345642,1.399999976158142
66.89901351928711,1.399999976158142
66.92001342773438,1.3899999856948853
66.96302103996277,1.3799999952316284
66.99102115631104,1.3700000047683716
67.03302216529846,1.3300000429153442
67.06302213668823,1.2799999713897705
67.09102201461792,1.25
67.12802243232727,1.25
67.1630175113678,1.2699999809265137
67.20001745223999,1.2799999713897705
67.22801756858826,1.2899999618530271
67.26501870155334,1.2899999618530271
67.29801869392395,1.2999999523162842
67.32001876831055,1.2999999523162842
67.36202144622803,1.2899999618530271
67.39802145957947,1.2699999809265137
67.43302369117737,1.25
67.46102356910706,1.2400000095367432
67.48902344703674,1.2400000095367432
67.53302359580994,1.2300000190734863
67.5610237121582,1.2200000286102295
67.59002375602722,1.2200000286102295
67.63202357292175,1.2200000286102295
67.66202569007874,1.2200000286102295
67.68902564048767,1.2200000286102295
67.7330276966095,1.2000000476837158
67.76002764701843,1.190000057220459
67.79802775382996,1.190000057220459
67.81902742385864,1.2000000476837158
67.86302876472473,1.1699999570846558
67.89802885055542,1.159999966621399
67.91902875900269,1.159999966621399
67.96202754974365,1.159999966621399
67.99102759361267,1.159999966621399
68.03302764892578,1.159999966621399
68.06302690505981,1.149999976158142
68.09002709388733,1.149999976158142
68.11902689933777,1.149999976158142
68.16202592849731,1.159999966621399
68.19802594184875,1.159999966621399
68.21802592277527,1.159999966621399
68.26002645492554,1.159999966621399
68.28902626037598,1.159999966621399
68.33102631568909,1.159999966621399
68.3600263595581,1.149999976158142
68.39202642440796,1.149999976158142
68.43102645874023,1.149999976158142
68.45903182029724,1.149999976158142
68.48803186416626,1.149999976158142
68.52903175354004,1.149999976158142
68.56003308296204,1.149999976158142
68.60003304481506,1.159999966621399
68.62803316116333,1.159999966621399
68.66403317451477,1.159999966621399
68.69803309440613,1.159999966621399
68.7280330657959,1.159999966621399
68.76303434371948,1.159999966621399
68.80003428459167,1.149999976158142
68.82903838157654,1.149999976158142
68.85803842544556,1.1399999856948853
68.89303851127625,1.1399999856948853
68.92903852462769,1.1399999856948853
68.95803880691528,1.1399999856948853
69.00103878974915,1.149999976158142
69.02803945541382,1.149999976158142
69.06503963470459,1.149999976158142
69.09903955459595,1.1399999856948853
69.12903952598572,1.1299999952316284
69.16204023361206,1.1200000047683716
69.1980402469635,1.1200000047683716
69.23304033279419,1.1200000047683716
69.26204204559326,1.1299999952316284
69.29904174804688,1.159999966621399
69.32804536819458,1.159999966621399
69.35804533958435,1.1799999475479126
69.39904546737671,1.190000057220459
69.42904543876648,1.2000000476837158
69.463045835495,1.2200000286102295
69.49504590034485,1.2200000286102295
69.5290458202362,1.2300000190734863
69.56004881858826,1.2400000095367432
69.59304881095886,1.25
69.62104868888855,1.2599999904632568
69.66304802894592,1.2799999713897705
69.69404768943787,1.2999999523162842
69.7210476398468,1.309999942779541
69.76304364204407,1.3200000524520874
69.79104351997375,1.3300000429153442
69.83304357528687,1.350000023841858
69.86304354667664,1.3600000143051147
69.88904356956482,1.3700000047683716
69.91904354095459,1.3700000047683716
69.96104073524475,1.3799999952316284
69.99204063415527,1.3899999856948853
70.02004361152649,1.3899999856948853
70.06304359436035,1.399999976158142
70.09904360771179,1.399999976158142
70.12004351615906,1.399999976158142
70.16204404830933,1.4199999570846558
70.19104409217834,1.4199999570846558
70.21904444694519,1.4299999475479126
70.26104378700256,1.440000057220459
70.29104375839233,1.440000057220459
70.33204388618469,1.4500000476837158
70.36104464530945,1.4500000476837158
70.38904523849487,1.4500000476837158
70.43104481697083,1.4600000381469729
70.45904660224915,1.4600000381469729
70.48904657363892,1.4600000381469729
70.52904677391052,1.4800000190734863
70.5640459060669,1.4900000095367432
70.60004591941833,1.4600000381469729
70.62904596328735,1.4500000476837158
70.66504907608032,1.4500000476837158
70.69304895401001,1.4500000476837158
70.72104907035828,1.4600000381469729
70.76304864883423,1.4600000381469729
70.79204869270325,1.4800000190734863
70.82104873657227,1.4800000190734863
70.8620491027832,1.4900000095367432
70.89004898071289,1.4900000095367432
70.91904902458191,1.5
70.96104788780212,1.5199999809265137
70.99004793167114,1.5199999809265137
71.03104782104492,1.5299999713897705
71.05904817581177,1.5299999713897705
71.09404826164246,1.5399999618530271
71.1290500164032,1.5499999523162842
71.16405010223389,1.5499999523162842
71.19204998016357,1.5499999523162842
71.22005009651184,1.5499999523162842
71.26205134391785,1.5700000524520874
71.29005122184753,1.5800000429153442
71.33204936981201,1.590000033378601
71.3600492477417,1.6100000143051147
71.39504933357239,1.6100000143051147
71.43104934692383,1.6200000047683716
71.4650490283966,1.6299999952316284
71.49404907226562,1.6299999952316284
71.52104902267456,1.6299999952316284
71.5630464553833,1.6299999952316284
71.59104633331299,1.6399999856948853
71.63404893875122,1.6399999856948853
71.66304898262024,1.6399999856948853
71.6910490989685,1.6399999856948853
71.7190489768982,1.6399999856948853
71.76104855537415,1.6399999856948853
71.79004859924316,1.6399999856948853
71.82004857063293,1.6399999856948853
71.86004853248596,1.6399999856948853
71.89504837989807,1.6399999856948853
71.93104839324951,1.6399999856948853
71.95904922485352,1.6399999856948853
71.98904919624329,1.6399999856948853
72.0240490436554,1.6299999952316284
72.06004881858826,1.6100000143051147
72.09504866600037,1.590000033378601
72.1290488243103,1.6100000143051147
72.16505122184753,1.590000033378601
72.19905138015747,1.590000033378601
72.22005105018616,1.590000033378601
72.26304745674133,1.590000033378601
72.30104756355286,1.590000033378601
72.32005667686462,1.590000033378601
72.36505675315857,1.590000033378601
72.39905667304993,1.590000033378601
72.4290566444397,1.6100000143051147
72.46305704116821,1.590000033378601
72.49105715751648,1.5800000429153442
72.53405547142029,1.5800000429153442
72.56205534934998,1.5800000429153442
72.59005546569824,1.5800000429153442
72.6320550441742,1.5800000429153442
72.66105628013611,1.5800000429153442
72.69505643844604,1.5800000429153442
72.73005437850952,1.5800000429153442
72.75905442237854,1.5700000524520874
72.79405426979065,1.5700000524520874
72.83105444908142,1.5700000524520874
72.86205410957336,1.559999942779541
72.88905382156372,1.559999942779541
72.93005418777466,1.559999942779541
72.95905113220215,1.559999942779541
72.9930510520935,1.5399999618530271
73.03005123138428,1.5099999904632568
73.06305074691772,1.5
73.09805083274841,1.5
73.11905074119568,1.5
73.16304683685303,1.5
73.19804692268372,1.5
73.21904683113098,1.5
73.26004433631897,1.4900000095367432
73.29004430770874,1.4900000095367432
73.33204436302185,1.4900000095367432
73.36104226112366,1.4900000095367432
73.38904237747192,1.4800000190734863
73.43204283714294,1.4600000381469729
73.45904278755188,1.4600000381469729
73.49004292488098,1.4500000476837158
73.53104281425476,1.4500000476837158
73.56104183197021,1.4500000476837158
73.59504175186157,1.440000057220459
73.63104176521301,1.4299999475479126
73.65904259681702,1.440000057220459
73.68904256820679,1.440000057220459
73.7310426235199,1.4500000476837158
73.76104211807251,1.4500000476837158
73.79504203796387,1.440000057220459
73.83004212379456,1.4299999475479126
73.86504244804382,1.4299999475479126
73.89304232597351,1.4199999570846558
73.92104244232178,1.409999966621399
73.96304225921631,1.399999976158142
73.99304223060608,1.3899999856948853
74.01904225349426,1.3799999952316284
74.06104254722595,1.3700000047683716
74.09004259109497,1.3700000047683716
74.11904263496399,1.3600000143051147
74.16204285621643,1.3600000143051147
74.18904280662537,1.350000023841858
74.2310426235199,1.3300000429153442
74.2600429058075,1.3300000429153442
74.29004263877869,1.3200000524520874
74.3300428390503,1.2599999904632568
74.35804295539856,1.2599999904632568
74.39504289627075,1.2699999809265137
74.42804265022278,1.2799999713897705
74.46304130554199,1.2599999904632568
74.49104142189026,1.2699999809265137
74.51904129981995,1.2799999713897705
74.56304144859314,1.2899999618530271
74.58904147148132,1.2999999523162842
74.63104009628296,1.2999999523162842
74.65903997421265,1.2899999618530271
74.69403982162476,1.2899999618530271
74.72904014587402,1.2799999713897705
74.75903868675232,1.2799999713897705
74.79403877258301,1.2699999809265137
74.8310387134552,1.2699999809265137
74.86504054069519,1.2599999904632568
74.89404058456421,1.2599999904632568
74.92104053497314,1.2300000190734863
74.96304202079773,1.1799999475479126
74.99904203414917,1.1799999475479126
75.03304243087769,1.1799999475479126
75.06304359436035,1.1799999475479126
75.09004354476929,1.1799999475479126
75.1190435886383,1.1799999475479126
75.16104054450989,1.1699999570846558
75.18804049491882,1.1799999475479126
75.23104047775269,1.1799999475479126
75.25803923606873,1.1799999475479126
75.2900390625,1.159999966621399
75.32403898239136,1.159999966621399
75.36003828048706,1.159999966621399
75.39503812789917,1.159999966621399
75.43003797531128,1.159999966621399
75.4590380191803,1.159999966621399
75.48903799057007,1.159999966621399
75.53103804588318,1.159999966621399
75.56103563308716,1.1699999570846558
75.60003542900085,1.1699999570846558
75.62903571128845,1.1699999570846558
75.66503524780273,1.1699999570846558
75.69303464889526,1.1799999475479126
75.73003482818604,1.1799999475479126
75.76403474807739,1.1799999475479126
75.79303455352783,1.1799999475479126
75.82003498077393,1.190000057220459
75.86203479766846,1.190000057220459
75.89003491401672,1.190000057220459
75.92103481292725,1.190000057220459
75.96203517913818,1.190000057220459
75.99003505706787,1.190000057220459
76.01903510093689,1.190000057220459
76.06203484535217,1.2000000476837158
76.08903479576111,1.2200000286102295
76.13103485107422,1.2200000286102295
76.16003370285034,1.2200000286102295
76.19303369522095,1.2200000286102295
76.23103356361389,1.2200000286102295
76.2630341053009,1.2200000286102295
76.29103422164917,1.2300000190734863
76.31903409957886,1.2300000190734863
76.3610327243805,1.2300000190734863
76.39903259277344,1.2400000095367432
76.42003583908081,1.2400000095367432
76.46303582191467,1.2400000095367432
76.49103593826294,1.2400000095367432
76.5190360546112,1.2400000095367432
76.56103706359863,1.25
76.5910370349884,1.25
76.63103723526001,1.25
76.65903615951538,1.25
76.69503617286682,1.2400000095367432
76.72903609275818,1.2400000095367432
76.76403450965881,1.2300000190734863
76.79303431510925,1.149999976158142
76.82803440093994,1.159999966621399
76.86403322219849,1.1799999475479126
76.89803314208984,1.2200000286102295
76.92803311347961,1.2200000286102295
76.96403217315674,1.2000000476837158
76.99203205108643,1.190000057220459
77.02903437614441,1.2000000476837158
77.06503438949585,1.2200000286102295
77.0990343093872,1.2200000286102295
77.12903547286987,1.2200000286102295
77.16203546524048,1.2300000190734863
77.19803547859192,1.2400000095367432
77.23303532600403,1.25
77.26103281974792,1.2699999809265137
77.28903293609619,1.2799999713897705
77.33203291893005,1.2799999713897705
77.36203289031982,1.2799999713897705
77.38903284072876,1.2799999713897705
77.4180326461792,1.2799999713897705
77.460031747818,1.2699999809265137
77.49003195762634,1.2699999809265137
77.53203177452087,1.2799999713897705
77.56103205680847,1.2899999618530271
77.58803176879883,1.309999942779541
77.63403177261353,1.3300000429153442
77.66103291511536,1.3300000429153442
77.69103264808655,1.350000023841858
77.73103284835815,1.350000023841858
77.75903272628784,1.3600000143051147
77.78903269767761,1.3700000047683716
77.81803250312805,1.3799999952316284
77.86103463172913,1.3799999952316284
77.89103484153748,1.3799999952316284
77.91903495788574,1.3799999952316284
77.96403479576111,1.3799999952316284
77.99803495407104,1.3799999952316284
78.01903462409973,1.3700000047683716
78.06303524971008,1.3799999952316284
78.09803462028503,1.3899999856948853
78.13203525543213,1.399999976158142
78.16003942489624,1.409999966621399
78.18903946876526,1.4199999570846558
78.23103952407837,1.4299999475479126
78.26004028320312,1.4299999475479126
78.28804039955139,1.4199999570846558
78.33104038238525,1.440000057220459
78.35904002189636,1.4500000476837158
78.38903999328613,1.440000057220459
78.43104004859924,1.440000057220459
78.46104025840759,1.440000057220459
78.48904037475586,1.4500000476837158
78.53204035758972,1.4500000476837158
78.55903959274292,1.4500000476837158
78.59603953361511,1.4500000476837158
78.62903952598572,1.4500000476837158
78.65803742408752,1.4500000476837158
78.70003771781921,1.4600000381469729
78.72803783416748,1.4600000381469729
78.76503777503967,1.4800000190734863
78.79903769493103,1.4900000095367432
78.82803773880005,1.5
78.8620331287384,1.5099999904632568
78.89003324508667,1.5199999809265137
78.9320330619812,1.5299999713897705
78.9610321521759,1.5399999618530271
78.98803210258484,1.5399999618530271
79.03303217887878,1.5199999809265137
79.06003332138062,1.5099999904632568
79.09003329277039,1.5099999904632568
79.13003349304199,1.5099999904632568
79.16203331947327,1.5099999904632568
79.18803334236145,1.5299999713897705
79.21803331375122,1.5299999713897705
79.26003193855286,1.5399999618530271
79.28803205490112,1.5399999618530271
79.33103203773499,1.5399999618530271
79.35803413391113,1.5399999618530271
79.39403414726257,1.5399999618530271
79.42803311347961,1.5399999618530271
79.4630331993103,1.5299999713897705
79.49203324317932,1.5199999809265137
79.52103304862976,1.5099999904632568
79.56303596496582,1.5399999618530271
79.59803605079651,1.5399999618530271
79.6320366859436,1.5399999618530271
79.66003680229187,1.5399999618530271
79.68803668022156,1.5399999618530271
79.73003673553467,1.5399999618530271
79.76003575325012,1.5399999618530271
79.7940354347229,1.5399999618530271
79.83103537559509,1.5199999809265137
79.85803532600403,1.5299999713897705
79.88803553581238,1.5299999713897705
79.9280354976654,1.5399999618530271
79.9630343914032,1.5399999618530271
79.99903440475464,1.5299999713897705
80.0330331325531,1.5199999809265137
80.06103324890137,1.5199999809265137
80.08903312683105,1.5099999904632568
80.12403321266174,1.5099999904632568
80.16103076934814,1.5299999713897705
80.19403076171875,1.5299999713897705
80.22903084754944,1.5199999809265137
80.25802874565125,1.5299999713897705
80.30002880096436,1.5399999618530271
80.32902884483337,1.5399999618530271
80.3650290966034,1.5199999809265137
80.39902925491333,1.5
80.42902898788452,1.4800000190734863
80.46203279495239,1.4600000381469729
80.49003291130066,1.4500000476837158
80.53203296661377,1.440000057220459
80.5600335597992,1.4500000476837158
80.59003353118896,1.440000057220459
80.63003373146057,1.4500000476837158
80.65803551673889,1.4500000476837158
80.69403553009033,1.440000057220459
80.72803521156311,1.440000057220459
80.75803518295288,1.4299999475479126
80.79803514480591,1.409999966621399
80.8330352306366,1.409999966621399
80.86203479766846,1.399999976158142
80.88903498649597,1.399999976158142
80.9310348033905,1.3799999952316284
80.95903182029724,1.3700000047683716
80.99403190612793,1.350000023841858
81.03003215789795,1.3300000429153442
81.05803203582764,1.3300000429153442
81.09403204917908,1.3200000524520874
81.12903070449829,1.3200000524520874
81.15903091430664,1.309999942779541
81.19903063774109,1.3200000524520874
81.23403072357178,1.309999942779541
81.2630307674408,1.2999999523162842
81.29803085327148,1.3200000524520874
81.31903076171875,1.3200000524520874
81.36103343963623,1.3300000429153442
81.39003372192383,1.3300000429153442
81.43103361129761,1.3300000429153442
81.45903325080872,1.3300000429153442
81.48903322219849,1.3300000429153442
81.53103303909302,1.3300000429153442
81.56103038787842,1.3200000524520874
81.59303045272827,1.3200000524520874
81.62903022766113,1.3200000524520874
81.6640317440033,1.3200000524520874
81.69203186035156,1.3200000524520874
81.72003173828125,1.309999942779541
81.76303124427795,1.2999999523162842
81.7920310497284,1.2899999618530271
81.81903123855591,1.2799999713897705
81.86103177070618,1.2699999809265137
81.89003205299377,1.2599999904632568
81.92503190040588,1.25
81.96103048324585,1.2400000095367432
81.98903059959412,1.2400000095367432
82.03303027153015,1.2400000095367432
82.05903029441833,1.2400000095367432
82.0890302658081,1.2400000095367432
82.13003039360046,1.2300000190734863
82.16502952575684,1.2300000190734863
82.1930296421051,1.2200000286102295
82.2290301322937,1.2200000286102295
82.26303005218506,1.2200000286102295
82.29103016853333,1.2000000476837158
82.31903004646301,1.2000000476837158
82.36102867126465,1.2000000476837158
82.39002871513367,1.2000000476837158
82.43202877044678,1.2200000286102295
82.46202945709229,1.2200000286102295
82.4890296459198,1.2300000190734863
82.53102946281433,1.159999966621399
82.5610294342041,1.1299999952316284
82.59002947807312,1.1299999952316284
82.63102960586548,1.1299999952316284
82.65902948379517,1.1200000047683716
82.69402956962585,1.1200000047683716
82.72902846336365,1.159999966621399
82.75902843475342,1.1799999475479126
82.7940285205841,1.190000057220459
82.8320300579071,1.1799999475479126
82.86403012275696,1.1799999475479126
82.89203000068665,1.1799999475479126
82.92003011703491,1.1799999475479126
82.9630331993103,1.1799999475479126
82.99903321266174,1.1799999475479126
83.03303384780884,1.1799999475479126
83.06303405761719,1.1799999475479126
83.09003400802612,1.159999966621399
83.13203382492065,1.1299999952316284
83.16003441810608,1.1399999856948853
83.1890344619751,1.1399999856948853
83.21803450584412,1.149999976158142
83.26003432273865,1.149999976158142
83.28803443908691,1.149999976158142
83.33003449440002,1.159999966621399
83.36003160476685,1.159999966621399
83.39303159713745,1.159999966621399
83.42803144454956,1.1699999570846558
83.46403121948242,1.1699999570846558
83.49803137779236,1.1699999570846558
83.52003121376038,1.1699999570846558
83.56102800369263,1.1699999570846558
83.5890281200409,1.1699999570846558
83.63202810287476,1.1699999570846558
83.66003036499023,1.1799999475479126
83.69003033638,1.190000057220459
83.73003029823303,1.190000057220459
83.76503014564514,1.190000057220459
83.80103015899658,1.190000057220459
83.82903003692627,1.2000000476837158
83.86503005027771,1.2000000476837158
83.89902973175049,1.2300000190734863
83.93403053283691,1.2400000095367432
83.9690306186676,1.2599999904632568
83.99003052711487,1.2699999809265137
84.03303027153015,1.2799999713897705
84.06003022193909,1.2799999713897705
84.09003043174744,1.2899999618530271
84.13003039360046,1.2999999523162842
84.16003274917603,1.309999942779541
84.19503283500671,1.3200000524520874
84.23103284835815,1.3300000429153442
84.25903344154358,1.350000023841858
84.29503345489502,1.350000023841858
84.33003163337708,1.3600000143051147
84.36003160476685,1.3700000047683716
84.39303159713745,1.3799999952316284
84.42103147506714,1.3799999952316284
84.46403241157532,1.3899999856948853
84.49103236198425,1.399999976158142
84.52003240585327,1.399999976158142
84.5620367527008,1.4199999570846558
84.5900366306305,1.4199999570846558
84.62503671646118,1.4199999570846558
84.66103553771973,1.4299999475479126
84.69003534317017,1.440000057220459
84.7240355014801,1.4500000476837158
84.76103520393372,1.4500000476837158
84.7890350818634,1.4500000476837158
84.83203554153442,1.4500000476837158
84.85903549194336,1.440000057220459
84.89003562927246,1.440000057220459
84.92403531074524,1.440000057220459
84.96103549003601,1.4500000476837158
84.99103546142578,1.4500000476837158
85.03203558921814,1.4600000381469729
85.05903577804565,1.4800000190734863
85.08903574943542,1.4800000190734863
85.1300356388092,1.4900000095367432
85.16103625297546,1.5
85.19403624534607,1.5099999904632568
85.22903609275818,1.5199999809265137
85.26503729820251,1.5199999809265137
85.29903721809387,1.5299999713897705
85.32103729248047,1.5399999618530271
85.36203670501709,1.5499999523162842
85.39003682136536,1.5499999523162842
85.42503666877747,1.559999942779541
85.46003746986389,1.559999942779541
85.49003744125366,1.559999942779541
85.53003692626953,1.559999942779541
85.5650372505188,1.559999942779541
85.59403705596924,1.5700000524520874
85.62103724479675,1.5700000524520874
85.66303491592407,1.5800000429153442
85.69103503227234,1.5800000429153442
85.73503303527832,1.5800000429153442
85.76103329658508,1.5800000429153442
85.79103302955627,1.590000033378601
85.82003331184387,1.590000033378601
85.86303305625916,1.590000033378601
85.89003324508667,1.6100000143051147
85.92503309249878,1.6200000047683716
85.96103572845459,1.6200000047683716
85.99103569984436,1.6200000047683716
86.03103542327881,1.590000033378601
86.05903577804565,1.5800000429153442
86.09503602981567,1.5800000429153442
86.1300356388092,1.5800000429153442
86.16003394126892,1.5800000429153442
86.20003390312195,1.590000033378601
86.22803378105164,1.590000033378601
86.26303362846375,1.6100000143051147
86.29103374481201,1.6100000143051147
86.3190336227417,1.6200000047683716
86.36303496360779,1.6200000047683716
86.39903497695923,1.6299999952316284
86.43303489685059,1.6299999952316284
86.46403431892395,1.6299999952316284
86.49803447723389,1.6200000047683716
86.5200343132019,1.6299999952316284
86.5620346069336,1.6299999952316284
86.59103465080261,1.6299999952316284
86.63203525543213,1.6100000143051147
86.66003489494324,1.6100000143051147
86.68903493881226,1.6200000047683716
86.73003482818604,1.6299999952316284
86.75203466415405,1.6399999856948853
86.80003476142883,1.649999976158142
86.8210346698761,1.6399999856948853
86.86503458023071,1.6299999952316284
86.8910346031189,1.6200000047683716
86.92003464698792,1.6100000143051147
86.96203589439392,1.6100000143051147
86.98903584480286,1.590000033378601
87.03403449058533,1.5800000429153442
87.06003451347351,1.5800000429153442
87.09003448486328,1.5800000429153442
87.13003468513489,1.5800000429153442
87.16403460502625,1.5800000429153442
87.20103454589844,1.5800000429153442
87.22103476524353,1.5800000429153442
87.26303362846375,1.5800000429153442
87.29103374481201,1.5700000524520874
87.3190336227417,1.5700000524520874
87.36303400993347,1.5700000524520874
87.38903403282166,1.5700000524520874
87.43103241920471,1.559999942779541
87.4590322971344,1.559999942779541
87.49403238296509,1.559999942779541
87.53103232383728,1.559999942779541
87.56003165245056,1.5499999523162842
87.59503149986267,1.5499999523162842
87.63003158569336,1.5499999523162842
87.66503262519836,1.5399999618530271
87.69503259658813,1.5299999713897705
87.73003268241882,1.5099999904632568
87.7600347995758,1.4800000190734863
87.79203462600708,1.4600000381469729
87.82103490829468,1.4800000190734863
87.86403489112854,1.4800000190734863
87.89503502845764,1.4800000190734863
87.929034948349,1.4500000476837158
87.96403121948242,1.440000057220459
87.99903130531311,1.4500000476837158
88.0340325832367,1.4600000381469729
88.06403255462646,1.4800000190734863
88.0910325050354,1.4800000190734863
88.12003254890442,1.4600000381469729
88.1610324382782,1.4600000381469729
88.18903231620789,1.4500000476837158
88.231032371521,1.4500000476837158
88.26003432273865,1.440000057220459
88.29603433609009,1.440000057220459
88.33103442192078,1.4299999475479126
88.36103439331055,1.4199999570846558
88.40003442764282,1.409999966621399
88.43203449249268,1.399999976158142
88.460036277771,1.3899999856948853
88.48903584480286,1.3799999952316284
88.52903628349304,1.3700000047683716
88.56403613090515,1.3600000143051147
88.60103631019592,1.350000023841858
88.62103629112244,1.350000023841858
88.66303491592407,1.3300000429153442
88.69103503227234,1.309999942779541
88.72103476524353,1.2300000190734863
88.76203465461731,1.159999966621399
88.79003477096558,1.149999976158142
88.81903457641602,1.1699999570846558
88.86103296279907,1.2000000476837158
88.89003276824951,1.2300000190734863
88.91903281211853,1.2400000095367432
88.96303272247314,1.25
88.99003267288208,1.25
89.03403115272522,1.2400000095367432
89.06103110313416,1.2300000190734863
89.09103107452393,1.2200000286102295
89.11903119087219,1.2000000476837158
89.16302990913391,1.2000000476837158
89.18902969360352,1.2200000286102295
89.21902990341187,1.2200000286102295
89.26102805137634,1.2300000190734863
89.29002785682678,1.2200000286102295
89.33202743530273,1.2000000476837158
89.36002492904663,1.190000057220459
89.38902497291565,1.1799999475479126
89.43102502822876,1.1799999475479126
89.45902442932129,1.1799999475479126
89.48802423477173,1.1699999570846558
89.53102445602417,1.1699999570846558
89.5610237121582,1.1699999570846558
89.58802342414856,1.159999966621399
89.631023645401,1.159999966621399
89.65902304649353,1.1699999570846558
89.68802332878113,1.1799999475479126
89.72902345657349,1.1799999475479126
89.76402401924133,1.1799999475479126
89.80002403259277,1.1699999570846558
89.82802391052246,1.159999966621399
89.86302709579468,1.159999966621399
89.89802694320679,1.149999976158142
89.92002725601196,1.159999966621399
89.96202754974365,1.159999966621399
89.99002742767334,1.149999976158142
90.03202748298645,1.149999976158142
90.06002902984619,1.149999976158142
90.09002923965454,1.159999966621399
90.12002921104431,1.159999966621399
90.16802835464478,1.159999966621399
90.18802833557129,1.159999966621399
90.23002815246582,1.159999966621399
90.26002717018127,1.159999966621399
90.2890272140503,1.159999966621399
90.33002734184265,1.159999966621399
90.36202812194824,1.159999966621399
90.38802790641785,1.159999966621399
90.43002796173096,1.159999966621399
90.46002721786499,1.159999966621399
90.48902702331543,1.159999966621399
90.52902722358704,1.159999966621399
90.5600266456604,1.159999966621399
90.5910267829895,1.159999966621399
90.63102674484253,1.159999966621399
90.65902638435364,1.1699999570846558
90.69402647018433,1.1699999570846558
90.72902464866638,1.1699999570846558
90.7580246925354,1.1699999570846558
90.80002474784851,1.1699999570846558
90.83002471923828,1.1799999475479126
90.85902571678162,1.190000057220459
90.89502573013306,1.2000000476837158
90.93002605438232,1.2200000286102295
90.96002578735352,1.2200000286102295
90.99302577972412,1.2300000190734863
91.02102518081665,1.2400000095367432
91.06402516365051,1.2599999904632568
91.0920250415802,1.2699999809265137
91.12102508544922,1.2799999713897705
91.16302442550659,1.2899999618530271
91.19902443885803,1.2999999523162842
91.23302602767944,1.309999942779541
91.26102542877197,1.3200000524520874
91.29102563858032,1.3200000524520874
91.32002544403076,1.3300000429153442
91.36102628707886,1.3300000429153442
91.3950264453888,1.3300000429153442
91.4310257434845,1.350000023841858
91.46002578735352,1.3600000143051147
91.49602603912354,1.3700000047683716
91.53102564811707,1.3700000047683716
91.56102561950684,1.3799999952316284
91.60002565383911,1.3899999856948853
91.62902569770813,1.3899999856948853
91.66502523422241,1.399999976158142
91.69902491569519,1.409999966621399
91.72002482414246,1.4199999570846558
91.76302242279053,1.4199999570846558
91.79102230072021,1.4299999475479126
91.82002234458923,1.440000057220459
91.86102104187012,1.4500000476837158
91.88902115821838,1.4500000476837158
91.93202114105225,1.4500000476837158
91.96202111244202,1.4600000381469729
91.99002122879028,1.4800000190734863
92.02002120018005,1.4800000190734863
92.06501984596252,1.4800000190734863
92.09202003479004,1.4800000190734863
92.12101984024048,1.4900000095367432
92.16402125358582,1.4900000095367432
92.19202136993408,1.4900000095367432
92.22102165222168,1.4900000095367432
92.26301956176758,1.4900000095367432
92.29101943969727,1.4900000095367432
92.32001948356628,1.4900000095367432
92.36301922798157,1.5
92.39001893997192,1.5
92.42501902580261,1.5099999904632568
92.46102023124695,1.5199999809265137
92.4910204410553,1.5199999809265137
92.53201913833618,1.5199999809265137
92.56101894378662,1.5199999809265137
92.58901906013489,1.5199999809265137
92.631019115448,1.5299999713897705
92.66101717948914,1.5299999713897705
92.6910171508789,1.5399999618530271
92.73101735115051,1.5399999618530271
92.76101732254028,1.5499999523162842
92.79101729393005,1.5499999523162842
92.82401704788208,1.559999942779541
92.86001753807068,1.5800000429153442
92.8910174369812,1.5800000429153442
92.93201756477356,1.5800000429153442
92.96101784706116,1.590000033378601
92.99201774597168,1.590000033378601
93.0320177078247,1.590000033378601
93.06001782417297,1.590000033378601
93.0950174331665,1.6100000143051147
93.13001775741577,1.6100000143051147
93.15101742744446,1.6100000143051147
93.18201756477356,1.6100000143051147
93.22901749610901,1.6100000143051147
93.26401615142822,1.6100000143051147
93.30001616477966,1.6100000143051147
93.32001614570618,1.6100000143051147
93.36201786994934,1.6100000143051147
93.39001774787903,1.6100000143051147
93.42501783370972,1.6100000143051147
93.46201825141907,1.6100000143051147
93.49101829528809,1.6100000143051147
93.5200183391571,1.6100000143051147
93.56201672554016,1.6100000143051147
93.59101676940918,1.590000033378601
93.62101650238037,1.590000033378601
93.66201639175415,1.590000033378601
93.69101643562317,1.590000033378601
93.72001647949219,1.590000033378601
93.7620141506195,1.5800000429153442
93.7910144329071,1.5800000429153442
93.83201384544373,1.5700000524520874
93.86301493644714,1.5700000524520874
93.8900146484375,1.5700000524520874
93.93501210212708,1.5700000524520874
93.96101212501526,1.5700000524520874
93.99101209640503,1.5499999523162842
94.0310115814209,1.5399999618530271
94.06001162528992,1.5499999523162842
94.09601163864136,1.559999942779541
94.13001155853271,1.559999942779541
94.16001224517822,1.559999942779541
94.19401216506958,1.559999942779541
94.23101210594177,1.559999942779541
94.25101256370544,1.5499999523162842
94.29501271247864,1.5499999523162842
94.33001255989075,1.5399999618530271
94.36101269721985,1.5499999523162842
94.39401268959045,1.5499999523162842
94.43101263046265,1.5399999618530271
94.46001267433167,1.5399999618530271
94.49501276016235,1.5299999713897705
94.53101253509521,1.5
94.56101059913635,1.4800000190734863
94.59401059150696,1.4800000190734863
94.63200902938843,1.4800000190734863
94.65900897979736,1.4900000095367432
94.68800902366638,1.4900000095367432
94.72900915145874,1.4800000190734863
94.76300930976868,1.4800000190734863
94.80000925064087,1.4800000190734863
94.81900930404663,1.4800000190734863
94.86500954627991,1.4800000190734863
94.9000096321106,1.4600000381469729
94.92900943756104,1.4600000381469729
94.96400809288025,1.440000057220459
95.00000810623169,1.4500000476837158
95.02000784873962,1.4500000476837158
95.0649983882904,1.4500000476837158
95.09199833869934,1.4500000476837158
95.12999844551086,1.4500000476837158
95.16499924659729,1.4500000476837158
95.20099902153015,1.440000057220459
95.22899866104126,1.440000057220459
95.2649986743927,1.4299999475479126
95.29999852180481,1.4199999570846558
95.3349962234497,1.4199999570846558
95.36299633979797,1.409999966621399
95.39099645614624,1.409999966621399
95.41999626159668,1.399999976158142
95.46299648284912,1.399999976158142
95.48999643325806,1.3899999856948853
95.52499651908875,1.3799999952316284
95.56099438667297,1.3799999952316284
95.59099435806274,1.3700000047683716
95.63099455833435,1.3600000143051147
95.6599931716919,1.350000023841858
95.69499325752258,1.350000023841858
95.73099303245544,1.3300000429153442
95.7599925994873,1.3300000429153442
95.79299259185791,1.2799999713897705
95.82799458503723,1.2599999904632568
95.86299443244934,1.2699999809265137
95.89899444580078,1.2699999809265137
95.9189944267273,1.2699999809265137
95.96299457550049,1.2699999809265137
95.99199438095093,1.2699999809265137
96.0199944972992,1.2699999809265137
96.06299448013306,1.2799999713897705
96.09099435806274,1.2799999713897705
96.11999440193176,1.2899999618530271
96.16099452972412,1.2899999618530271
96.18899440765381,1.2799999713897705
96.23099446296692,1.2699999809265137
96.25899505615234,1.2699999809265137
96.28999495506287,1.2599999904632568
96.33199524879456,1.2599999904632568
96.360995054245,1.2400000095367432
96.38999462127686,1.2300000190734863
96.43199491500854,1.2000000476837158
96.45999550819397,1.1799999475479126
96.48899555206299,1.1699999570846558
96.52999544143677,1.1699999570846558
96.55999684333801,1.1799999475479126
96.60099673271179,1.1799999475479126
96.62999725341797,1.1799999475479126
96.65899705886841,1.1799999475479126
96.6939971446991,1.1799999475479126
96.72999691963196,1.159999966621399
96.76499724388123,1.159999966621399
96.79399704933167,1.159999966621399
96.82999730110168,1.159999966621399
96.864994764328,1.159999966621399
96.89399480819702,1.159999966621399
96.92999482154846,1.159999966621399
96.96399784088135,1.159999966621399
96.99199771881104,1.159999966621399
97.03399562835693,1.1699999570846558
97.0619957447052,1.1699999570846558
97.09099578857422,1.1799999475479126
97.12499570846558,1.190000057220459
97.16099524497986,1.2000000476837158
97.18999528884888,1.2000000476837158
97.22499513626099,1.2000000476837158
97.26099634170532,1.2000000476837158
97.28999614715576,1.2000000476837158
97.33099627494812,1.2000000476837158
97.35999321937561,1.2000000476837158
97.39399313926697,1.2200000286102295
97.43099236488342,1.2200000286102295
97.44999241828918,1.2200000286102295
97.49499249458313,1.2200000286102295
97.52899241447449,1.2200000286102295
97.56399202346802,1.2200000286102295
97.59399199485779,1.2200000286102295
97.62899160385132,1.2300000190734863
97.65099143981934,1.2300000190734863
97.6919915676117,1.2300000190734863
97.71999144554138,1.2300000190734863
97.76298832893372,1.2400000095367432
97.79198837280273,1.2400000095367432
97.81998825073242,1.2400000095367432
97.8639886379242,1.2400000095367432
97.89098858833313,1.2400000095367432
97.91998863220215,1.2400000095367432
97.96098804473877,1.2400000095367432
97.98898792266846,1.2400000095367432
98.03198790550232,1.2300000190734863
98.059987783432,1.2400000095367432
98.08998775482178,1.2400000095367432
98.12898802757263,1.1799999475479126
98.16398882865906,1.1299999952316284
98.1999888420105,1.149999976158142
98.22798871994019,1.1699999570846558
98.2649884223938,1.190000057220459
98.29198837280273,1.190000057220459
98.32998776435852,1.190000057220459
98.36198782920837,1.2000000476837158
98.38998770713806,1.2000000476837158
98.41798782348633,1.2200000286102295
98.46198534965515,1.2400000095367432
98.48898530006409,1.25
98.52998518943787,1.2599999904632568
98.55898404121399,1.2699999809265137
98.5939838886261,1.2699999809265137
98.62998390197754,1.2599999904632568
98.66498303413391,1.2599999904632568
98.69498324394226,1.25
98.71998262405396,1.25
98.76198244094849,1.2599999904632568
98.79798245429993,1.2899999618530271
98.83298182487488,1.2999999523162842
98.86298203468323,1.2999999523162842
98.88998198509216,1.309999942779541
98.93198204040527,1.2999999523162842
98.95997786521912,1.2999999523162842
98.99097776412964,1.2999999523162842
99.031977891922,1.2999999523162842
99.05997800827026,1.309999942779541
99.08797812461853,1.3200000524520874
99.12997817993164,1.3300000429153442
99.16097331047058,1.3300000429153442
99.19997310638428,1.350000023841858
99.22897529602051,1.3300000429153442
99.2639753818512,1.350000023841858
99.2919750213623,1.350000023841858
99.31997537612915,1.3600000143051147
99.36197185516357,1.3700000047683716
99.39197182655334,1.3799999952316284
99.4319703578949,1.3799999952316284
99.45997047424316,1.3799999952316284
99.48797035217285,1.3899999856948853
99.52997040748596,1.4199999570846558
99.55996894836426,1.4199999570846558
99.59296894073486,1.4299999475479126
99.62796878814697,1.440000057220459
99.6629683971405,1.440000057220459
99.69796824455261,1.4500000476837158
99.71896839141846,1.4600000381469729
99.76496839523315,1.5
99.79896831512451,1.5
99.82096838951111,1.5
99.86296677589417,1.4900000095367432
99.89096689224243,1.5
99.93396735191345,1.5
99.96196722984314,1.5
99.9899673461914,1.5099999904632568
100.03296685218811,1.5299999713897705
100.06196689605713,1.5399999618530271
100.08896684646606,1.5399999618530271
100.11896681785583,1.5499999523162842
100.16896605491638,1.559999942779541
100.18996572494507,1.559999942779541
100.23296523094177,1.559999942779541
100.26196503639221,1.5499999523162842
100.28896522521973,1.5499999523162842
100.3189651966095,1.5499999523162842
100.36096382141113,1.5399999618530271
100.39096403121948,1.5299999713897705
100.41896390914917,1.5299999713897705
100.46096324920654,1.5199999809265137
100.49096322059631,1.5199999809265137
100.51896333694458,1.5199999809265137
100.5599615573883,1.5199999809265137
100.587961435318,1.5199999809265137
100.63096165657043,1.5299999713897705
100.65996026992798,1.5299999713897705
100.69296026229858,1.5299999713897705
100.7279601097107,1.5499999523162842
100.76396012306213,1.5499999523162842
100.79095983505249,1.5499999523162842
100.81996011734009,1.5399999618530271
100.86095714569092,1.5199999809265137
100.8889570236206,1.5099999904632568
100.9239571094513,1.5399999618530271
100.95895504951477,1.5299999713897705
100.98895502090454,1.5399999618530271
101.02895522117615,1.5299999713897705
101.05095267295837,1.5299999713897705
101.10095262527466,1.5399999618530271
101.11995267868042,1.5499999523162842
101.16495537757874,1.5499999523162842
101.1909556388855,1.5499999523162842
101.21995520591736,1.559999942779541
101.26095390319824,1.5399999618530271
101.28995394706726,1.5399999618530271
101.33295392990112,1.5299999713897705
101.35995483398438,1.5199999809265137
101.38995480537415,1.5099999904632568
101.43195462226868,1.5
101.46195435523987,1.5
101.48795437812805,1.5
101.52995443344116,1.4900000095367432
101.5589530467987,1.4800000190734863
101.59295320510864,1.4800000190734863
101.62995290756226,1.4800000190734863
101.66395306587219,1.4600000381469729
101.69295310974121,1.4500000476837158
101.7209529876709,1.4500000476837158
101.76294994354248,1.4500000476837158
101.79094982147217,1.440000057220459
101.81994962692261,1.440000057220459
101.86294960975647,1.4199999570846558
101.89894962310791,1.4199999570846558
101.91994976997375,1.4299999475479126
101.96294975280762,1.4299999475479126
101.9909496307373,1.4199999570846558
102.03394913673401,1.399999976158142
102.06294918060303,1.3899999856948853
102.09094905853271,1.3899999856948853
102.11994910240173,1.3899999856948853
102.16294598579407,1.399999976158142
102.19194602966309,1.399999976158142
102.2339448928833,1.3799999952316284
102.26294469833374,1.3700000047683716
102.290944814682,1.3600000143051147
102.31994462013245,1.350000023841858
102.36294150352478,1.3300000429153442
102.39894151687622,1.3300000429153442
102.43294143676758,1.3300000429153442
102.460942029953,1.3300000429153442
102.4909417629242,1.350000023841858
102.5239417552948,1.350000023841858
102.55993986129761,1.350000023841858
102.5949399471283,1.3300000429153442
102.62893986701965,1.309999942779541
102.65893840789795,1.2999999523162842
102.69993829727173,1.2999999523162842
102.72893834114075,1.2999999523162842
102.76293849945068,1.309999942779541
102.79293847084045,1.309999942779541
102.81893849372864,1.309999942779541
102.86493730545044,1.2899999618530271
102.89893746376038,1.2999999523162842
102.91993737220764,1.2999999523162842
102.96093654632568,1.2999999523162842
102.98893666267395,1.2999999523162842
103.03193664550781,1.2999999523162842
103.06093645095825,1.2899999618530271
103.10193610191345,1.2799999713897705
103.12993597984314,1.2699999809265137
103.15993642807007,1.2699999809265137
103.18993616104126,1.2599999904632568
103.23193645477295,1.25
103.26093029975891,1.2400000095367432
103.29493021965027,1.2400000095367432
103.32993030548096,1.2300000190734863
103.35993075370789,1.2400000095367432
103.39493083953857,1.2300000190734863
103.43093061447144,1.2300000190734863
103.46293091773987,1.2200000286102295
103.48893094062805,1.2200000286102295
103.52493095397949,1.2200000286102295
103.56092762947083,1.2000000476837158
103.5909276008606,1.2000000476837158
103.63092684745789,1.2000000476837158
103.6599268913269,1.2000000476837158
103.69492697715759,1.2200000286102295
103.7299268245697,1.2300000190734863
103.75992584228516,1.2300000190734863
103.79392600059509,1.2300000190734863
103.83192563056946,1.2400000095367432
103.86392569541931,1.2400000095367432
103.89592552185059,1.2400000095367432
103.92192554473877,1.2400000095367432
103.9639208316803,1.2300000190734863
103.99992084503174,1.2200000286102295
104.0339207649231,1.2000000476837158
104.06391835212708,1.2000000476837158
104.09091854095459,1.190000057220459
104.11991834640503,1.190000057220459
104.16091465950012,1.190000057220459
104.19191455841064,1.190000057220459
104.23191452026367,1.190000057220459
104.25991249084473,1.190000057220459
104.29591250419617,1.190000057220459
104.33091259002686,1.190000057220459
104.3609127998352,1.190000057220459
104.39991283416748,1.1399999856948853
104.42891263961792,1.159999966621399
104.45891237258911,1.159999966621399
104.48891234397888,1.159999966621399
104.52791237831116,1.1699999570846558
104.5639111995697,1.1699999570846558
104.59391117095947,1.1699999570846558
104.61991119384766,1.1699999570846558
104.66091084480286,1.1799999475479126
104.68891072273254,1.1799999475479126
104.73191046714783,1.190000057220459
104.7619104385376,1.190000057220459
104.78791046142578,1.2000000476837158
104.82991051673889,1.2000000476837158
104.8579089641571,1.2000000476837158
104.8929090499878,1.2000000476837158
104.9289083480835,1.2200000286102295
104.95890855789185,1.2300000190734863
104.99090838432312,1.2300000190734863
105.02190828323364,1.2200000286102295
105.06390810012817,1.2000000476837158
105.09190845489502,1.190000057220459
105.13490724563599,1.2000000476837158
105.16290664672852,1.2300000190734863
105.19090723991394,1.25
105.2199068069458,1.2599999904632568
105.26390671730042,1.2799999713897705
105.2899067401886,1.2899999618530271
105.32490658760071,1.2899999618530271
105.36090445518494,1.309999942779541
105.40290403366089,1.3200000524520874
105.4309024810791,1.3300000429153442
105.45990252494812,1.3300000429153442
105.49590253829956,1.350000023841858
105.5299003124237,1.3600000143051147
105.55990028381348,1.3600000143051147
105.59390044212341,1.3600000143051147
105.62290024757385,1.3700000047683716
105.66389846801758,1.3799999952316284
105.69989848136902,1.3899999856948853
105.72089838981628,1.3899999856948853
105.7628984451294,1.399999976158142
105.79189848899841,1.409999966621399
105.8348982334137,1.4199999570846558
105.86389827728271,1.4199999570846558
105.89989829063416,1.4299999475479126
105.91989827156067,1.4299999475479126
105.96189641952515,1.440000057220459
105.99289631843567,1.4500000476837158
106.01989650726318,1.4500000476837158
106.06189632415771,1.4500000476837158
106.09089636802673,1.4500000476837158
106.11989641189575,1.4500000476837158
106.16089463233948,1.4500000476837158
106.1898946762085,1.4500000476837158
106.22389459609985,1.4600000381469729
106.26089382171631,1.4800000190734863
106.29489374160767,1.4800000190734863
106.32989382743835,1.4900000095367432
106.36489129066467,1.5
106.39389133453369,1.5
106.42989134788513,1.5099999904632568
106.46489191055298,1.5199999809265137
106.49389171600342,1.5299999713897705
106.52988958358765,1.5399999618530271
106.55988955497742,1.5399999618530271
106.59388947486877,1.5399999618530271
106.62988948822021,1.5499999523162842
106.66388845443726,1.5499999523162842
106.69388842582703,1.5499999523162842
106.72988510131836,1.5499999523162842
106.75988507270813,1.5499999523162842
106.79488515853882,1.5499999523162842
106.83188509941101,1.559999942779541
106.85989165306091,1.559999942779541
106.89489150047302,1.5700000524520874
106.92989158630371,1.5800000429153442
106.95988965034485,1.5800000429153442
106.99488949775696,1.5800000429153442
107.03088879585266,1.5800000429153442
107.05088877677917,1.5800000429153442
107.09488868713379,1.5800000429153442
107.12988829612732,1.590000033378601
107.16088843345642,1.590000033378601
107.19388818740845,1.590000033378601
107.22888565063477,1.590000033378601
107.25088548660278,1.5800000429153442
107.29188537597656,1.559999942779541
107.31988549232483,1.5700000524520874
107.36288142204285,1.5800000429153442
107.39088153839111,1.5800000429153442
107.43187999725342,1.5800000429153442
107.46487998962402,1.5800000429153442
107.4908800125122,1.5800000429153442
107.52888011932373,1.590000033378601
107.56287956237793,1.6100000143051147
107.59987950325012,1.6100000143051147
107.61887955665588,1.6100000143051147
107.66487956047058,1.6100000143051147
107.69087958335876,1.6100000143051147
107.71987962722778,1.6100000143051147
107.76087737083435,1.6100000143051147
107.78987765312195,1.6100000143051147
107.82487750053406,1.590000033378601
107.85987758636475,1.5800000429153442
107.88987755775452,1.5800000429153442
107.92987751960754,1.6100000143051147
107.96487784385681,1.6100000143051147
107.99387788772583,1.6200000047683716
108.02087783813477,1.6100000143051147
108.06487703323364,1.6100000143051147
108.09287691116333,1.590000033378601
108.13487410545349,1.5800000429153442
108.16287422180176,1.5800000429153442
108.19087409973145,1.5700000524520874
108.21987414360046,1.5700000524520874
108.26187324523926,1.5700000524520874
108.28987312316895,1.559999942779541
108.33187174797058,1.559999942779541
108.36087203025818,1.559999942779541
108.38987183570862,1.559999942779541
108.43187046051025,1.559999942779541
108.46087050437927,1.559999942779541
108.49587059020996,1.559999942779541
108.53087067604065,1.559999942779541
108.55986952781677,1.559999942779541
108.59386944770813,1.559999942779541
108.62186908721924,1.559999942779541
108.66386914253235,1.5499999523162842
108.69186902046204,1.5499999523162842
108.7198691368103,1.5499999523162842
108.76186513900757,1.5399999618530271
108.79186511039734,1.5399999618530271
108.83186507225037,1.5399999618530271
108.85986256599426,1.5199999809265137
108.89486265182495,1.5
108.92986273765564,1.4500000476837158
108.95985960960388,1.440000057220459
108.99385952949524,1.4500000476837158
109.02285957336426,1.4500000476837158
109.06385850906372,1.4800000190734863
109.09185862541199,1.4600000381469729
109.12085843086243,1.4500000476837158
109.1638536453247,1.4299999475479126
109.19985342025757,1.440000057220459
109.21985363960266,1.4500000476837158
109.26185369491577,1.4600000381469729
109.29085373878479,1.4600000381469729
109.31985378265381,1.4600000381469729
109.36185359954834,1.4600000381469729
109.39085364341736,1.4600000381469729
109.4198534488678,1.4500000476837158
109.4648540019989,1.4500000476837158
109.49185395240784,1.440000057220459
109.52085399627686,1.440000057220459
109.56385064125061,1.4299999475479126
109.60085082054138,1.409999966621399
109.6208508014679,1.409999966621399
109.66584897041321,1.399999976158142
109.69184923171997,1.3899999856948853
109.73084902763367,1.3799999952316284
109.76385164260864,1.3799999952316284
109.79285144805908,1.3700000047683716
109.82085132598877,1.3600000143051147
109.86284828186035,1.350000023841858
109.89084839820862,1.309999942779541
109.91984844207764,1.25
109.96284365653992,1.1799999475479126
109.98984360694885,1.2000000476837158
110.01884365081787,1.2400000095367432
110.06084203720093,1.2599999904632568
110.09884190559387,1.2699999809265137
110.13384199142456,1.2799999713897705
110.16283893585205,1.2799999713897705
110.19083881378174,1.2799999713897705
110.21983885765076,1.2699999809265137
110.2628390789032,1.2699999809265137
110.29883909225464,1.2599999904632568
110.33283925056458,1.25
110.36083912849426,1.2400000095367432
110.38883924484253,1.2300000190734863
110.43083906173706,1.2300000190734863
110.46083903312683,1.2200000286102295
110.48883938789368,1.2200000286102295
110.53083944320679,1.190000057220459
110.558837890625,1.190000057220459
110.58883786201477,1.1799999475479126
110.63083744049072,1.1699999570846558
110.65983462333679,1.1699999570846558
110.68883490562439,1.1699999570846558
110.72983503341675,1.1699999570846558
110.76083183288574,1.159999966621399
110.79383182525635,1.159999966621399
110.82883214950562,1.1699999570846558
110.86483216285706,1.159999966621399
110.89283227920532,1.159999966621399
110.92883205413818,1.159999966621399
110.96382784843445,1.159999966621399
111.00082802772522,1.159999966621399
111.02882790565491,1.159999966621399
111.06482911109924,1.159999966621399
111.09982919692993,1.159999966621399
111.12882924079895,1.159999966621399
111.16283392906189,1.159999966621399
111.19083404541016,1.159999966621399
111.2198338508606,1.159999966621399
111.26183271408081,1.159999966621399
111.2898325920105,1.1699999570846558
111.31883263587952,1.1699999570846558
111.3608295917511,1.159999966621399
111.38982963562012,1.159999966621399
111.41882944107056,1.159999966621399
111.46182703971863,1.149999976158142
111.48882722854614,1.1399999856948853
111.51882719993591,1.1299999952316284
111.56082439422607,1.1299999952316284
111.5988245010376,1.1399999856948853
111.63282489776611,1.1399999856948853
111.66082525253296,1.149999976158142
111.6898250579834,1.159999966621399
111.73082494735718,1.149999976158142
111.75882244110107,1.1399999856948853
111.79482245445251,1.1399999856948853
111.82982182502747,1.159999966621399
111.85882067680359,1.1699999570846558
111.89582061767578,1.1799999475479126
111.92982053756714,1.2000000476837158
111.95881772041321,1.2000000476837158
111.99981784820557,1.2200000286102295
112.03081774711609,1.2200000286102295
112.05881404876709,1.2200000286102295
112.08881378173828,1.2200000286102295
112.12881374359131,1.2200000286102295
112.15081191062927,1.2200000286102295
112.1998119354248,1.190000057220459
112.23381018638611,1.190000057220459
112.26180982589722,1.190000057220459
112.29081010818481,1.2000000476837158
112.31981015205383,1.2200000286102295
112.36081004142761,1.2300000190734863
112.38980984687805,1.2300000190734863
112.43181014060974,1.2400000095367432
112.4598114490509,1.25
112.48981142044067,1.25
112.52481150627136,1.25
112.56081175804138,1.25
112.59481143951416,1.25
112.62381172180176,1.25
112.65981364250183,1.25
112.6898136138916,1.25
112.72981405258179,1.25
112.76481294631958,1.25
112.79281306266785,1.25
112.82081294059753,1.2599999904632568
112.86280941963196,1.2599999904632568
112.89380955696106,1.2599999904632568
112.9298095703125,1.2599999904632568
112.96481013298035,1.2599999904632568
112.99381017684937,1.2599999904632568
113.02981042861938,1.2599999904632568
113.06381177902222,1.2599999904632568
113.0918116569519,1.2599999904632568
113.12081170082092,1.2599999904632568
113.15981149673462,1.2599999904632568
113.19481134414673,1.25
113.23081135749817,1.2300000190734863
113.25980424880981,1.149999976158142
113.28880429267883,1.149999976158142
113.3188042640686,1.159999966621399
113.36180138587952,1.190000057220459
113.39180135726929,1.2000000476837158
113.43380165100098,1.2300000190734863
113.46279811859131,1.2400000095367432
113.49879813194275,1.25
113.51979804039001,1.2599999904632568
113.56279444694519,1.2699999809265137
113.59979438781738,1.2799999713897705
113.63279342651367,1.2899999618530271
113.66079378128052,1.2799999713897705
113.68979382514954,1.2699999809265137
113.71979403495789,1.2699999809265137
113.75979351997375,1.2899999618530271
113.79479360580444,1.309999942779541
113.82979345321655,1.3200000524520874
113.85079264640808,1.3300000429153442
113.89279294013977,1.3300000429153442
113.92079305648804,1.350000023841858
113.96278929710388,1.3600000143051147
113.9917893409729,1.3600000143051147
114.01978945732117,1.3700000047683716
114.06179022789001,1.3700000047683716
114.09079027175903,1.3700000047683716
114.1207902431488,1.3700000047683716
114.16178297996521,1.3799999952316284
114.19078302383423,1.3799999952316284
114.21978306770325,1.3799999952316284
114.26478362083435,1.3899999856948853
114.29178357124329,1.399999976158142
114.32978343963623,1.399999976158142
114.36378335952759,1.399999976158142
114.40078330039978,1.409999966621399
114.42078304290771,1.409999966621399
114.46378993988037,1.409999966621399
114.49179005622864,1.4199999570846558
114.53078985214233,1.4199999570846558
114.56379222869873,1.4199999570846558
114.59379243850708,1.4299999475479126
114.62179112434387,1.440000057220459
114.66379117965698,1.440000057220459
114.69179129600525,1.4500000476837158
114.72079110145569,1.4500000476837158
114.76379203796387,1.4500000476837158
114.80179142951965,1.4500000476837158
114.8297917842865,1.4600000381469729
114.85979104042053,1.4800000190734863
114.89379096031189,1.4800000190734863
114.93079090118408,1.4900000095367432
114.963791847229,1.4900000095367432
114.9947919845581,1.4900000095367432
115.0227906703949,1.4800000190734863
115.06379079818726,1.4600000381469729
115.09179067611694,1.4600000381469729
115.11979079246521,1.4600000381469729
115.16178560256958,1.4600000381469729
115.19178557395935,1.4800000190734863
115.23178553581238,1.4900000095367432
115.26078796386719,1.4900000095367432
115.29078793525696,1.5
115.31978797912598,1.5
115.36078476905823,1.5099999904632568
115.390784740448,1.5199999809265137
115.43178462982178,1.5299999713897705
115.45978331565857,1.5299999713897705
115.48978304862976,1.5299999713897705
115.53178334236145,1.5499999523162842
115.56078457832336,1.559999942779541
115.58978462219238,1.559999942779541
115.62478446960449,1.5700000524520874
115.65978336334229,1.5800000429153442
115.69078302383423,1.5800000429153442
115.73178315162659,1.5800000429153442
115.7617838382721,1.5800000429153442
115.79578399658203,1.590000033378601
115.82978343963623,1.590000033378601
115.86578369140625,1.590000033378601
115.89278388023376,1.590000033378601
115.92978382110596,1.590000033378601
115.9637861251831,1.590000033378601
116.00078582763672,1.6100000143051147
116.03378510475159,1.6100000143051147
116.06178498268127,1.6100000143051147
116.0907850265503,1.6100000143051147
116.1217851638794,1.6100000143051147
116.16278910636902,1.6100000143051147
116.18978905677795,1.6100000143051147
116.22478914260864,1.6100000143051147
116.26078724861145,1.6100000143051147
116.2907874584198,1.6100000143051147
116.33078742027283,1.6100000143051147
116.3597891330719,1.6100000143051147
116.39478921890259,1.590000033378601
116.4297890663147,1.590000033378601
116.45979404449463,1.590000033378601
116.49279403686523,1.590000033378601
116.52079391479492,1.590000033378601
116.56279277801514,1.5800000429153442
116.59079265594482,1.5800000429153442
116.62579274177551,1.5800000429153442
116.66079044342041,1.590000033378601
116.69579029083252,1.5800000429153442
116.73079013824463,1.5700000524520874
116.75978803634644,1.5700000524520874
116.79378843307495,1.5800000429153442
116.82278823852539,1.5800000429153442
116.84978556632996,1.5800000429153442
116.89178562164307,1.5800000429153442
116.9207854270935,1.5800000429153442
116.96278524398804,1.5800000429153442
116.99178504943848,1.5800000429153442
117.032785654068,1.5700000524520874
117.06378602981567,1.559999942779541
117.09978604316711,1.559999942779541
117.1207857131958,1.559999942779541
117.1617841720581,1.559999942779541
117.1927843093872,1.5299999713897705
117.21978425979614,1.5099999904632568
117.26478290557861,1.5199999809265137
117.29978322982788,1.5199999809265137
117.32078289985657,1.5199999809265137
117.3627827167511,1.5199999809265137
117.39078283309937,1.5099999904632568
117.43278312683105,1.5099999904632568
117.46078324317932,1.5099999904632568
117.48978304862976,1.5099999904632568
117.53078293800354,1.5099999904632568
117.56178402900696,1.5
117.58978414535522,1.5
117.6307852268219,1.4800000190734863
117.65978503227234,1.4500000476837158
117.68978524208069,1.4600000381469729
117.73078536987305,1.4600000381469729
117.75978422164917,1.4600000381469729
117.79478430747986,1.4800000190734863
117.82978439331055,1.4600000381469729
117.8647813796997,1.4500000476837158
117.89278149604797,1.4500000476837158
117.92078137397766,1.4500000476837158
117.96277952194214,1.4500000476837158
117.99177932739258,1.440000057220459
118.03277826309204,1.4299999475479126
118.06277823448181,1.4299999475479126
118.08977818489075,1.4199999570846558
118.13177824020386,1.409999966621399
118.16077613830566,1.409999966621399
118.19177603721619,1.399999976158142
118.23177599906921,1.399999976158142
118.26077508926392,1.3899999856948853
118.28977513313293,1.3799999952316284
118.32077503204346,1.3799999952316284
118.36277413368225,1.3600000143051147
118.39977383613586,1.3600000143051147
118.42477416992188,1.350000023841858
118.45977401733398,1.3300000429153442
118.49477410316467,1.3300000429153442
118.53077411651611,1.2999999523162842
118.56077241897583,1.2599999904632568
118.5997724533081,1.2699999809265137
118.62877249717712,1.2699999809265137
118.66477298736572,1.2699999809265137
118.69177293777466,1.2799999713897705
118.72077298164368,1.2799999713897705
118.76377177238464,1.2799999713897705
118.79477143287659,1.2899999618530271
118.83277177810669,1.2899999618530271
118.8597719669342,1.2899999618530271
118.88977193832397,1.2899999618530271
118.92377209663391,1.2799999713897705
118.96577787399292,1.2699999809265137
118.99377799034119,1.2699999809265137
119.02977800369263,1.2699999809265137
119.06477808952332,1.2599999904632568
119.09277844429016,1.25
119.12977814674377,1.2300000190734863
119.16377782821655,1.190000057220459
119.1937780380249,1.1799999475479126
119.22077822685242,1.1799999475479126
119.26177668571472,1.1799999475479126
119.28977656364441,1.1799999475479126
119.31877660751343,1.1799999475479126
119.36277747154236,1.1799999475479126
119.38877749443054,1.1799999475479126
119.43077731132507,1.159999966621399
119.4597749710083,1.159999966621399
119.49377512931824,1.159999966621399
119.52977514266968,1.159999966621399
119.55977582931519,1.159999966621399
119.59377574920654,1.159999966621399
119.63077592849731,1.159999966621399
119.66377592086792,1.149999976158142
119.69177603721619,1.159999966621399
119.71977591514587,1.159999966621399
119.76177382469177,1.1699999570846558
119.79177403450012,1.1799999475479126
119.83477401733398,1.1799999475479126
119.86377382278442,1.190000057220459
119.89177393913269,1.190000057220459
119.91977405548096,1.2000000476837158
119.96277022361755,1.2000000476837158
119.99177026748657,1.2000000476837158
120.02077031135559,1.2000000476837158
120.06277441978455,1.2000000476837158
120.09077429771423,1.2000000476837158
120.11977434158325,1.2000000476837158
120.16277360916138,1.2200000286102295
120.19277358055115,1.2200000286102295
120.21977353096008,1.2200000286102295
120.26377415657043,1.2200000286102295
120.29177403450012,1.2200000286102295
120.32077383995056,1.2200000286102295
120.36377382278442,1.2200000286102295
120.39977383613586,1.2200000286102295
120.4197735786438,1.2200000286102295
120.46477365493774,1.2300000190734863
120.49177360534668,1.2300000190734863
120.5207736492157,1.2400000095367432
120.56177234649658,1.2400000095367432
120.59077215194702,1.2400000095367432
120.62577223777771,1.2400000095367432
120.6607723236084,1.2400000095367432
120.68977236747742,1.2400000095367432
120.7247724533081,1.25
120.76277184486389,1.25
120.7897720336914,1.25
120.8317723274231,1.2400000095367432
120.85977244377136,1.2400000095367432
120.89477229118347,1.25
120.92377233505249,1.2300000190734863
120.95177245140076,1.159999966621399
120.99477243423462,1.1799999475479126
121.02877163887024,1.2000000476837158
121.06377148628235,1.2000000476837158
121.09377145767212,1.2000000476837158
121.12977147102356,1.2000000476837158
121.15977191925049,1.2000000476837158
121.1927719116211,1.2200000286102295
121.22177147865295,1.2300000190734863
121.26277160644531,1.2400000095367432
121.290771484375,1.25
121.31877160072327,1.2699999809265137
121.36076855659485,1.2999999523162842
121.38876867294312,1.2999999523162842
121.43176937103271,1.2899999618530271
121.45876955986023,1.2899999618530271
121.48876953125,1.2899999618530271
121.52376937866211,1.2999999523162842
121.55977082252502,1.2899999618530271
121.58877062797546,1.2899999618530271
121.63077068328857,1.2999999523162842
121.65876889228821,1.309999942779541
121.6887686252594,1.3200000524520874
121.73076891899109,1.3300000429153442
121.7607684135437,1.3300000429153442
121.79476833343506,1.3300000429153442
121.82876801490784,1.350000023841858
121.86376786231995,1.350000023841858
121.89876794815063,1.3700000047683716
121.9197678565979,1.3700000047683716
121.96276783943176,1.3899999856948853
121.99876809120178,1.3799999952316284
122.03376650810242,1.3899999856948853
122.06176662445068,1.3799999952316284
122.08976674079895,1.3700000047683716
122.11876654624939,1.3700000047683716
122.16176414489746,1.3700000047683716
122.1887640953064,1.3799999952316284
122.21976399421692,1.3799999952316284
122.26176428794861,1.3899999856948853
122.28976440429688,1.399999976158142
122.3207643032074,1.409999966621399
122.36076402664185,1.4199999570846558
122.39076399803162,1.4299999475479126
122.41876411437988,1.4500000476837158
122.46276378631592,1.4500000476837158
122.48876404762268,1.4500000476837158
122.53076386451721,1.4500000476837158
122.55876231193542,1.4500000476837158
122.59276223182678,1.440000057220459
122.6307623386383,1.4500000476837158
122.66276121139526,1.4500000476837158
122.6987612247467,1.4500000476837158
122.71976113319397,1.4500000476837158
122.76076054573059,1.4600000381469729
122.79876041412354,1.4900000095367432
122.81876039505005,1.4900000095367432
122.85976004600525,1.4900000095367432
122.88875961303711,1.5
122.91875982284546,1.5099999904632568
122.95975923538208,1.5299999713897705
122.99475884437561,1.5399999618530271
123.03075885772705,1.5399999618530271
123.05875992774963,1.5299999713897705
123.08975982666016,1.5199999809265137
123.13075995445251,1.5099999904632568
123.16075658798218,1.5099999904632568
123.19475674629211,1.5099999904632568
123.23075675964355,1.5099999904632568
123.25875639915466,1.5
123.29275631904602,1.5099999904632568
123.32875633239746,1.5199999809265137
123.36275696754456,1.5499999523162842
123.39975690841675,1.5700000524520874
123.41875696182251,1.5800000429153442
123.46075582504272,1.5800000429153442
123.48975586891174,1.590000033378601
123.51975584030151,1.5800000429153442
123.5607545375824,1.5800000429153442
123.58975458145142,1.5700000524520874
123.61875462532043,1.5499999523162842
123.66175603866577,1.5199999809265137
123.6887559890747,1.5
123.72375583648682,1.4800000190734863
123.75875449180603,1.440000057220459
123.79375457763672,1.399999976158142
123.82875466346741,1.3700000047683716
123.86375212669373,1.350000023841858
123.90075182914734,1.3200000524520874
123.92075204849243,1.309999942779541
123.96274852752686,1.2699999809265137
123.99074840545654,1.2400000095367432
124.01874852180481,1.2200000286102295
124.06174635887146,1.1799999475479126
124.0887463092804,1.1699999570846558
124.1307463645935,1.159999966621399
124.15874338150024,1.1399999856948853
124.19374322891235,1.1299999952316284
124.2307436466217,1.1100000143051147
124.26374387741089,1.100000023841858
124.29174375534058,1.100000023841858
124.31974387168884,1.100000023841858
124.36174082756042,1.090000033378601
124.39074063301086,1.100000023841858
124.4337408542633,1.100000023841858
124.46274161338806,1.090000033378601
124.4987416267395,1.0700000524520874
124.51974153518677,1.0700000524520874
124.56174063682556,1.059999942779541
124.59074068069458,1.0499999523162842
124.63173985481262,1.0399999618530271
124.65973973274231,1.0399999618530271
124.69474005699158,1.0399999618530271
124.72973942756653,1.0399999618530271
124.75973725318909,1.0299999713897705
124.79973697662354,1.0299999713897705
124.82073664665222,1.0199999809265137
124.86373400688171,1.0099999904632568
124.89073443412781,1.0099999904632568
124.91973400115967,1.0
124.96073460578918,0.9800000190734864
124.9897346496582,0.9700000286102296
125.03173470497131,0.9700000286102296
125.05973815917969,0.959999978542328
125.08973813056946,0.949999988079071
125.13173818588257,0.949999988079071
125.16074442863464,0.9399999976158142
125.18974447250366,0.9300000071525574
125.23374462127686,0.9100000262260436
125.25974464416504,0.9100000262260436
125.28974485397339,0.9100000262260436
125.32474493980408,0.9100000262260436
125.36174082756042,0.9300000071525574
125.39474081993103,0.9100000262260436
125.42974066734314,0.9100000262260436
125.465744972229,0.8799999952316284
125.49274492263794,0.8799999952316284
125.52074480056763,0.8999999761581421
125.56274199485779,0.9100000262260436
125.59074211120605,0.9100000262260436
125.62574195861816,0.9100000262260436
125.66174364089966,0.9100000262260436
125.68974351882935,0.9100000262260436
125.72474360466003,0.9100000262260436
125.75974369049072,0.8799999952316284
125.79074358940125,0.8500000238418579
125.83074355125427,0.8199999928474426
125.86574482917786,0.7900000214576721
125.89374494552612,0.7900000214576721
125.92974495887756,0.7799999713897705
125.95074343681335,0.7799999713897705
125.99374341964722,0.7799999713897705
126.03174304962158,0.7900000214576721
126.04974317550659,0.7900000214576721
126.0917432308197,0.7900000214576721
126.11974310874939,0.8100000023841858
126.16173791885376,0.8299999833106995
126.19173789024353,0.8399999737739563
126.22473788261414,0.8399999737739563
126.25972986221313,0.7900000214576721
126.29472970962524,0.7900000214576721
126.32972550392151,0.8399999737739563
126.36072564125061,0.8700000047683716
126.39272546768188,0.8799999952316284
126.42072534561157,0.8899999856948853
126.46472573280334,0.8999999761581421
126.49072575569153,0.8999999761581421
126.51972556114197,0.9100000262260436
126.56072545051575,0.9100000262260436
126.58872532844543,0.9100000262260436
126.6317253112793,0.9100000262260436
126.65873122215271,0.9100000262260436
126.6937313079834,0.9100000262260436
126.72973132133484,0.9100000262260436
126.75872755050659,0.9300000071525574
126.79272747039795,0.959999978542328
126.82972764968872,0.9300000071525574
126.85172605514526,0.8999999761581421
126.89272594451904,0.8500000238418579
126.92972588539124,0.8500000238418579
126.96372842788696,0.8500000238418579
126.99372839927673,0.8500000238418579
127.021728515625,0.8199999928474426
127.05972647666931,0.8299999833106995
127.09472632408142,0.8500000238418579
127.12972640991211,0.8500000238418579
127.16372609138489,0.8500000238418579
127.19472622871399,0.8500000238418579
127.2207260131836,0.8399999737739563
127.25972604751587,0.8299999833106995
127.29072594642639,0.8299999833106995
127.323725938797,0.8299999833106995
127.36672735214233,0.8299999833106995
127.39372754096985,0.8299999833106995
127.43072628974915,0.8299999833106995
127.46372628211975,0.8299999833106995
127.49172616004944,0.8299999833106995
127.5197262763977,0.8199999928474426
127.56172609329224,0.8199999928474426
127.59072613716125,0.8100000023841858
127.61972570419312,0.8100000023841858
127.6627254486084,0.7900000214576721
127.69072556495667,0.7900000214576721
127.71972560882568,0.7900000214576721
127.76272058486938,0.7900000214576721
127.7917206287384,0.7900000214576721
127.83172059059143,0.7900000214576721
127.86071801185608,0.7900000214576721
127.8897180557251,0.7900000214576721
127.93071794509888,0.7900000214576721
127.96071434020996,0.7900000214576721
127.9947144985199,0.7900000214576721
128.029714345932,0.7900000214576721
128.06471705436707,0.7900000214576721
128.09271693229675,0.7900000214576721
128.12071704864502,0.7900000214576721
128.163715839386,0.7900000214576721
128.19971585273743,0.7900000214576721
128.21971583366394,0.7900000214576721
128.26171708106995,0.7900000214576721
128.28971695899963,0.7900000214576721
128.33171725273132,0.7900000214576721
128.36171650886536,0.7799999713897705
128.39471650123596,0.7799999713897705
128.42971682548523,0.7799999713897705
128.4657166004181,0.7599999904632568
128.4927167892456,0.7599999904632568
128.5207166671753,0.7599999904632568
128.56271243095398,0.7699999809265137
128.59071230888367,0.7699999809265137
128.62571239471436,0.7799999713897705
128.66171097755432,0.7799999713897705
128.69571113586426,0.7699999809265137
128.72571110725403,0.7699999809265137
128.76570963859558,0.7699999809265137
128.8007094860077,0.7699999809265137
128.8297095298767,0.7699999809265137
128.86370825767517,0.7699999809265137
128.8947081565857,0.7699999809265137
128.93370723724365,0.7699999809265137
128.96170735359192,0.7599999904632568
128.9917073249817,0.7599999904632568
129.01970720291138,0.7599999904632568
129.06270599365234,0.7599999904632568
129.09070587158203,0.75
129.1317059993744,0.75
129.16170477867126,0.75
129.1907045841217,0.7400000095367432
129.231703042984,0.7400000095367432
129.25970363616943,0.7400000095367432
129.29470348358154,0.7400000095367432
129.32370328903198,0.7400000095367432
129.36069869995117,0.7400000095367432
129.39469861984253,0.7200000286102295
129.4316987991333,0.7200000286102295
129.45970010757446,0.7200000286102295
129.49469995498657,0.7200000286102295
129.5236999988556,0.7200000286102295
129.55969977378845,0.7200000286102295
129.59469985961914,0.7200000286102295
129.62969970703125,0.7200000286102295
129.66470050811768,0.7200000286102295
129.69270062446594,0.7200000286102295
129.72070050239563,0.7200000286102295
129.7636992931366,0.7200000286102295
129.79969930648804,0.7200000286102295
129.81969904899597,0.7200000286102295
129.86170196533203,0.7200000286102295
129.88970184326172,0.7200000286102295
129.9247019290924,0.7200000286102295
129.96170091629028,0.7099999785423279
129.9947009086609,0.7099999785423279
130.02970123291016,0.6899999976158142
130.06470131874084,0.6800000071525574
130.0927014350891,0.6600000262260437
130.1297013759613,0.6200000047683716
130.16370153427124,0.5899999737739563
130.19270157814026,0.5699999928474426
130.22070169448853,0.5299999713897705
130.26170229911804,0.5099999904632568
130.2897024154663,0.4699999988079071
130.32470226287842,0.449999988079071
130.3627016544342,0.4799999892711639
130.3887014389038,0.5299999713897705
130.43070125579834,0.5699999928474426
130.46070218086243,0.5799999833106995
130.48970222473145,0.5799999833106995
130.5237021446228,0.5799999833106995
130.55970573425293,0.5699999928474426
130.59470558166504,0.550000011920929
130.63070559501648,0.5199999809265137
130.6596987247467,0.5
130.6946988105774,0.4799999892711639
130.73069882392883,0.4699999988079071
130.7596995830536,0.4199999868869781
130.7926995754242,0.3899999856948852
130.82869958877563,0.3600000143051147
130.86370062828064,0.3400000035762787
130.8917007446289,0.3199999928474426
130.92870092391968,0.2899999916553497
130.95069932937622,0.2899999916553497
130.99269938468933,0.2899999916553497
131.02869963645935,0.2899999916553497
131.06369805335999,0.2899999916553497
131.09869742393494,0.2899999916553497
131.11969804763794,0.2899999916553497
131.16269659996033,0.2899999916553497
131.19169640541077,0.2899999916553497
131.23269629478455,0.2899999916553497
131.26069617271423,0.2899999916553497
131.28969645500183,0.2899999916553497
131.32469630241394,0.2899999916553497
131.36069512367249,0.2899999916553497
131.38869524002075,0.2899999916553497
131.43069529533386,0.2899999916553497
131.45870304107666,0.2899999916553497
131.49370312690735,0.2899999916553497
131.5297031402588,0.2899999916553497
131.56470203399658,0.2899999916553497
131.59270215034485,0.2899999916553497
131.62870073318481,0.2899999916553497
131.66470074653625,0.2899999916553497
131.69170093536377,0.2899999916553497
131.7207007408142,0.2899999916553497
131.7637002468109,0.2899999916553497
131.79070043563843,0.2899999916553497
131.81870031356812,0.2899999916553497
131.86169862747192,0.2899999916553497
131.88869881629944,0.2899999916553497
131.93069863319397,0.2899999916553497
131.95869898796082,0.2899999916553497
131.9936990737915,0.2899999916553497
132.03069925308228,0.2899999916553497
132.05869913101196,0.2899999916553497
132.0946991443634,0.2899999916553497
132.12869906425476,0.2899999916553497
132.15969824790955,0.2899999916553497
132.1936981678009,0.2899999916553497
132.23069763183594,0.2899999916553497
132.25969743728638,0.2899999916553497
132.29469752311707,0.2899999916553497
132.3306975364685,0.2899999916553497
132.35969519615173,0.2899999916553497
132.39269518852234,0.2899999916553497
132.42869520187378,0.2899999916553497
132.4636960029602,0.2899999916553497
132.4916958808899,0.2899999916553497
132.51969599723816,0.2899999916553497
132.56269335746765,0.2899999916553497
132.5986933708191,0.2899999916553497
132.6186933517456,0.2899999916553497
132.66069197654724,0.2899999916553497
132.690691947937,0.2899999916553497
132.71969199180603,0.2899999916553497
132.7606885433197,0.2899999916553497
132.78868865966797,0.2899999916553497
132.83168864250183,0.2899999916553497
132.85968494415283,0.2899999916553497
132.89568495750427,0.2899999916553497
132.92968463897705,0.2899999916553497
132.9516839981079,0.2899999916553497
132.9996838569641,0.2899999916553497
133.02868390083313,0.2899999916553497
133.06468319892883,0.2899999916553497
133.09168314933777,0.2899999916553497
133.1206831932068,0.2899999916553497
133.1636824607849,0.2899999916553497
133.19068241119385,0.2899999916553497
133.21868228912354,0.2899999916553497
133.26068353652954,0.2899999916553497
133.2906835079193,0.2899999916553497
133.32468342781067,0.2899999916553497
133.36168313026428,0.2899999916553497
133.3906831741333,0.2899999916553497
133.43068313598633,0.2899999916553497
133.4616825580597,0.2899999916553497
133.4886827468872,0.2899999916553497
133.54367518424988,0.2899999916553497
133.578675031662,0.2899999916553497
133.59967517852783,0.2899999916553497
133.64867401123047,0.2899999916553497
133.679673910141,0.2899999916553497
133.71467399597168,0.2899999916553497
133.75067138671875,0.2899999916553497
133.77967143058777,0.2899999916553497
133.8146710395813,0.2899999916553497
133.84267044067383,0.2899999916553497
133.87867045402527,0.2899999916553497
133.91267013549805,0.2899999916553497
133.94966864585876,0.2899999916553497
133.98366856575012,0.2899999916553497
134.0116686820984,0.2899999916553497
134.0396671295166,0.2899999916553497
134.06866693496704,0.2899999916553497
134.11066722869873,0.2899999916553497
134.13866782188416,0.2899999916553497
134.18066787719727,0.2899999916553497
134.20966792106628,0.2899999916553497
134.23866605758667,0.2899999916553497
134.27966594696045,0.2899999916553497
134.30866599082947,0.2899999916553497
134.34366583824158,0.2899999916553497
134.37866592407227,0.2899999916553497
134.40866613388062,0.2899999916553497
134.44266510009766,0.2899999916553497
134.4716649055481,0.2899999916553497
134.51266503334045,0.2899999916553497
134.54366397857666,0.2899999916553497
134.57866382598877,0.2899999916553497
134.60866403579712,0.2899999916553497
134.64866304397583,0.2899999916553497
134.66866302490234,0.2899999916553497
134.7136631011963,0.2899999916553497
134.73966360092163,0.2899999916553497
134.76866364479065,0.2899999916553497
134.8116636276245,0.2899999916553497
134.84866189956665,0.2899999916553497
134.88366198539734,0.2899999916553497
134.91266202926636,0.2899999916553497
134.93966054916382,0.2899999916553497
134.98266053199768,0.2899999916553497
135.01066064834595,0.2899999916553497
135.03965950012207,0.2899999916553497
135.07465958595276,0.2899999916553497
135.1106595993042,0.2899999916553497
135.13965702056885,0.2899999916553497
135.1826572418213,0.2899999916553497
135.20965695381165,0.2899999916553497
135.24465703964233,0.2899999916553497
135.27365708351135,0.2899999916553497
135.31065702438354,0.2899999916553497
