# time ess z_mean
1609060334.984543800 0.000000000 0.000000000
1609060334.985276461 0.000000000 0.000000000
1609060335.009541035 0.000000000 0.000000000
1609060335.010314226 0.000000000 0.000000000
1609060335.034309864 0.000000000 0.000000000
1609060335.035263062 0.000000000 0.000000000
1609060335.059491634 0.000000000 0.000000000
1609060335.060302973 0.000000000 0.000000000
1609060335.084662676 0.000000000 0.000000000
1609060335.134334564 0.000000000 0.000000000
1609060335.134765148 0.000000000 0.000000000
1609060335.160244703 0.000000000 0.000000000
1609060335.184501410 0.000000000 0.000000000
1609060335.185391903 0.000000000 0.000000000
1609060335.209653378 0.000000000 0.000000000
1609060335.210299253 0.000000000 0.000000000
1609060335.234525681 0.000000000 0.000000000
1609060335.235270023 0.000000000 0.000000000
1609060335.259555817 0.000000000 0.000000000
1609060335.259768009 0.000000000 0.000000000
1609060335.309292555 0.000000000 0.000000000
1609060335.309743166 0.000000000 0.000000000
1609060335.335212946 0.000000000 0.000000000
1609060335.359487057 0.000000000 0.000000000
1609060335.360263109 0.000000000 0.000000000
1609060335.384567976 0.000000000 0.000000000
1609060335.385275841 0.000000000 0.000000000
1609060335.409524202 0.000000000 0.000000000
1609060335.410343409 0.000000000 0.000000000
1609060335.434520721 0.000000000 0.000000000
1609060335.435257673 0.000000000 0.000000000
1609060335.484271049 0.000000000 0.000000000
1609060335.484766960 0.000000000 0.000000000
1609060335.509534121 0.000000000 0.000000000
1609060335.510228872 0.000000000 0.000000000
1609060335.534517050 0.000000000 0.000000000
1609060335.535279512 0.000000000 0.000000000
1609060335.559543848 0.000000000 0.000000000
1609060335.560288906 0.000000000 0.000000000
1609060335.584553242 0.000000000 0.000000000
1609060335.585319757 0.000000000 0.000000000
1609060335.609513044 0.000000000 0.000000000
1609060335.609725714 0.000000000 0.000000000
1609060335.659482956 0.000000000 0.000000000
1609060335.659716606 0.000000000 0.000000000
1609060335.684583902 0.000000000 0.000000000
1609060335.685230732 0.000000000 0.000000000
1609060335.709486008 0.000000000 0.000000000
1609060335.710251093 0.000000000 0.000000000
1609060335.734561682 0.000000000 0.000000000
1609060335.735289097 0.000000000 0.000000000
1609060335.759473085 0.000000000 0.000000000
1609060335.760180712 0.000000000 0.000000000
1609060335.784540415 0.000000000 0.000000000
1609060335.834474325 0.000000000 0.000000000
1609060335.834742546 0.000000000 0.000000000
1609060335.860176802 0.000000000 0.000000000
1609060335.884517193 0.000000000 0.000000000
1609060335.885298252 0.000000000 0.000000000
1609060335.909567833 0.000000000 0.000000000
1609060335.910239935 0.000000000 0.000000000
1609060335.934558392 0.000000000 0.000000000
1609060335.935245037 0.000000000 0.000000000
1609060335.959504128 0.000000000 0.000000000
1609060336.009263754 0.000000000 0.000000000
1609060336.009724617 0.000000000 0.000000000
1609060336.035189152 0.000000000 0.000000000
1609060336.059474945 0.000000000 0.000000000
1609060336.060239792 0.000000000 0.000000000
1609060336.084522486 0.000000000 0.000000000
1609060336.085274696 0.000000000 0.000000000
1609060336.109476089 0.000000000 0.000000000
1609060336.110227823 0.000000000 0.000000000
1609060336.134469509 0.000000000 0.000000000
1609060336.184304714 0.000000000 0.000000000
1609060336.184798479 0.000000000 0.000000000
1609060336.209475040 0.000000000 0.000000000
1609060336.210193396 0.000000000 0.000000000
1609060336.234522104 0.000000000 0.000000000
1609060336.235270739 0.000000000 0.000000000
1609060336.259274244 0.000000000 0.000000000
1609060336.260318995 0.000000000 0.000000000
1609060336.284510136 0.000000000 0.000000000
1609060336.285259485 0.000000000 0.000000000
1609060336.309500933 0.000000000 0.000000000
1609060336.309747696 0.000000000 0.000000000
1609060336.359470606 0.000000000 0.000000000
1609060336.359732866 0.000000000 0.000000000
1609060336.384512663 0.000000000 0.000000000
1609060336.385217905 0.000000000 0.000000000
1609060336.409466743 0.000000000 0.000000000
1609060336.410212517 0.000000000 0.000000000
1609060336.434548616 0.000000000 0.000000000
1609060336.435197115 0.000000000 0.000000000
1609060336.459498405 0.000000000 0.000000000
1609060336.460260868 0.000000000 0.000000000
1609060336.484573364 0.000000000 0.000000000
1609060336.534277916 0.000000000 0.000000000
1609060336.534723043 0.000000000 0.000000000
1609060336.560175419 0.000000000 0.000000000
1609060336.584530830 0.000000000 0.000000000
1609060336.585281610 0.000000000 0.000000000
1609060336.609578609 0.000000000 0.000000000
1609060336.610268116 0.000000000 0.000000000
1609060336.634471655 0.000000000 0.000000000
1609060336.635212421 0.000000000 0.000000000
1609060336.659500599 0.000000000 0.000000000
1609060336.659756899 0.000000000 0.000000000
1609060336.709268808 0.000000000 0.000000000
1609060336.709772825 0.000000000 0.000000000
1609060336.735168934 0.000000000 0.000000000
1609060336.759499073 0.000000000 0.000000000
1609060336.760179996 0.000000000 0.000000000
1609060336.784536123 0.000000000 0.000000000
1609060336.785312176 0.000000000 0.000000000
1609060336.809498787 0.000000000 0.000000000
1609060336.810202837 0.000000000 0.000000000
1609060336.834463596 0.000000000 0.000000000
1609060336.884246588 0.000000000 0.000000000
1609060336.884685278 0.000000000 0.000000000
1609060336.910194397 0.000000000 0.000000000
1609060336.934464693 0.000000000 0.000000000
1609060336.935131550 0.000000000 0.000000000
1609060336.959261656 0.000000000 0.000000000
1609060336.960238934 0.000000000 0.000000000
1609060336.984440088 0.000000000 0.000000000
1609060336.985346317 0.000000000 0.000000000
1609060337.009539843 0.000000000 0.000000000
1609060337.009703875 0.000000000 0.000000000
1609060337.059237242 0.000000000 0.000000000
1609060337.059683084 0.000000000 0.000000000
1609060337.085154057 0.000000000 0.000000000
1609060337.109439373 0.000000000 0.000000000
1609060337.110207796 0.000000000 0.000000000
1609060337.134256840 0.000000000 0.000000000
1609060337.135196686 0.000000000 0.000000000
1609060337.159444571 0.000000000 0.000000000
1609060337.160235167 0.000000000 0.000000000
1609060337.184464693 0.000000000 0.000000000
1609060337.234261990 0.000000000 0.000000000
1609060337.234667540 0.000000000 0.000000000
1609060337.259454727 0.000000000 0.000000000
1609060337.260128260 0.000000000 0.000000000
1609060337.284486055 0.000000000 0.000000000
1609060337.285266399 0.000000000 0.000000000
1609060337.309513807 0.000000000 0.000000000
1609060337.310201406 0.000000000 0.000000000
1609060337.334439039 0.000000000 0.000000000
1609060337.335238457 0.000000000 0.000000000
1609060337.359494209 0.000000000 0.000000000
1609060337.360145330 0.000000000 0.000000000
1609060337.409213066 0.000000000 0.000000000
1609060337.409714222 0.000000000 0.000000000
1609060337.435146093 0.000000000 0.000000000
1609060337.459420681 0.000000000 0.000000000
1609060337.460227013 0.000000000 0.000000000
1609060337.484513521 0.000000000 0.000000000
1609060337.485162973 0.000000000 0.000000000
1609060337.509439468 0.000000000 0.000000000
1609060337.510308266 0.000000000 0.000000000
1609060337.534416437 0.000000000 0.000000000
1609060337.534649849 0.000000000 0.000000000
1609060337.584248543 0.000000000 0.000000000
1609060337.584730148 0.000000000 0.000000000
1609060337.609415531 0.000000000 0.000000000
1609060337.610144615 0.000000000 0.000000000
1609060337.634433746 0.000000000 0.000000000
1609060337.635181665 0.000000000 0.000000000
1609060337.659427166 0.000000000 0.000000000
1609060337.660189390 0.000000000 0.000000000
1609060337.684417009 0.000000000 0.000000000
1609060337.685140371 0.000000000 0.000000000
1609060337.709443569 0.000000000 0.000000000
1609060337.710266590 0.000000000 0.000000000
1609060337.759251356 0.000000000 0.000000000
1609060337.759655476 0.000000000 0.000000000
1609060337.784461737 0.000000000 0.000000000
1609060337.785264254 0.000000000 0.000000000
1609060337.809454441 0.000000000 0.000000000
1609060337.810114861 0.000000000 0.000000000
1609060337.834451199 0.000000000 0.000000000
1609060337.835228682 0.000000000 0.000000000
1609060337.859375954 0.000000000 0.000000000
1609060337.860184193 0.000000000 0.000000000
1609060337.884466648 0.000000000 0.000000000
1609060337.934201241 0.000000000 0.000000000
1609060337.934645891 0.000000000 0.000000000
1609060337.959427357 0.000000000 0.000000000
1609060337.960105896 0.000000000 0.000000000
1609060337.984417439 0.000000000 0.000000000
1609060337.985122442 0.000000000 0.000000000
1609060338.009449482 0.000000000 0.000000000
1609060338.010176897 0.000000000 0.000000000
1609060338.034417629 0.000000000 0.000000000
1609060338.035181761 0.000000000 0.000000000
1609060338.059562683 0.000000000 0.000000000
1609060338.109379530 0.000000000 0.000000000
1609060338.109633684 0.000000000 0.000000000
1609060338.135071993 0.000000000 0.000000000
1609060338.159402132 0.000000000 0.000000000
1609060338.160167933 0.000000000 0.000000000
1609060338.184291840 0.000000000 0.000000000
1609060338.185255766 0.000000000 0.000000000
1609060338.209393024 0.000000000 0.000000000
1609060338.210170269 0.000000000 0.000000000
1609060338.234406710 0.000000000 0.000000000
1609060338.234648705 0.000000000 0.000000000
1609060338.284369230 0.000000000 0.000000000
1609060338.284781456 0.000000000 0.000000000
1609060338.310143232 0.000000000 0.000000000
1609060338.334394217 0.000000000 0.000000000
1609060338.335133553 0.000000000 0.000000000
1609060338.359168291 0.000000000 0.000000000
1609060338.360222340 0.000000000 0.000000000
1609060338.384424210 0.000000000 0.000000000
1609060338.385646582 0.000000000 0.000000000
1609060338.409376860 0.000000000 0.000000000
1609060338.459158182 0.000000000 0.000000000
1609060338.459601879 0.000000000 0.000000000
1609060338.484384775 0.000000000 0.000000000
1609060338.485100269 0.000000000 0.000000000
1609060338.509381533 0.000000000 0.000000000
1609060338.510104418 0.000000000 0.000000000
1609060338.534433126 0.000000000 0.000000000
1609060338.535170794 0.000000000 0.000000000
1609060338.559385538 0.000000000 0.000000000
1609060338.560165167 0.000000000 0.000000000
1609060338.584379435 0.000000000 0.000000000
1609060338.585197449 0.000000000 0.000000000
1609060338.634275913 0.000000000 0.000000000
1609060338.634598255 0.000000000 0.000000000
1609060338.659391403 0.000000000 0.000000000
1609060338.660104036 0.000000000 0.000000000
1609060338.684353590 12.000000000 -4.674067369
1609060338.709438801 16.059515836 -4.714867058
1609060338.710015297 404.201879867 -4.717279249
1609060338.734474182 90.205694653 -4.761096613
1609060338.735137463 355.282098563 -4.761783603
1609060338.759398937 88.253297403 -4.786859879
1609060338.809174776 7.407911032 -4.868343212
1609060338.809641361 623.777503016 -4.840256527
1609060338.835091352 56.105446702 -4.856511499
1609060338.859370470 61.888539017 -4.879607022
1609060338.860069036 447.420930790 -4.899511013
1609060338.884358168 78.735849588 -4.930955045
1609060338.885053158 351.805329023 -4.891162511
1609060338.909386396 38.416196300 -4.887733847
1609060338.910085440 297.126006821 -4.877311483
1609060338.934391975 69.565859304 -4.912158928
1609060338.984633446 41.695448836 -4.974449994
1609060338.984784365 482.362996367 -4.970870053
1609060339.010656834 102.837762572 -5.007531061
1609060339.034378529 62.334769962 -5.054091647
1609060339.035104036 414.337944026 -5.093779544
1609060339.059343815 52.850041567 -5.177614184
1609060339.060686827 364.522488101 -5.223564252
1609060339.084463358 57.993572966 -5.283697693
1609060339.085094213 434.431778983 -5.315538704
1609060339.109568357 91.841863453 -5.380132910
1609060339.161134005 24.792064501 -5.457405021
1609060339.161378860 495.601465377 -5.445488439
1609060339.184421062 144.995729833 -5.464116116
1609060339.185132027 376.705557448 -5.461034652
1609060339.209392309 103.850046240 -5.493662030
1609060339.210128546 445.866187242 -5.496258505
1609060339.234418631 97.388662390 -5.533069447
1609060339.235047102 450.631676728 -5.536569502
1609060339.259418726 135.947365580 -5.568433425
1609060339.260396004 318.994709444 -5.571661982
1609060339.287126303 90.303532023 -5.607277111
1609060339.287699699 440.471416075 -5.608293462
1609060339.334208250 35.923851593 -5.665736706
1609060339.334701300 290.883440581 -5.658496519
1609060339.359423399 100.930630554 -5.685249382
1609060339.360096693 400.016805523 -5.675625029
1609060339.384384871 126.793362447 -5.701776429
1609060339.385209322 355.671914093 -5.706504986
1609060339.409452677 111.746410227 -5.744519050
1609060339.434363365 37.934804032 -5.794499162
1609060339.435276270 287.734191090 -5.803187406
1609060339.459434748 47.443247751 -5.845120637
1609060339.460143566 343.539851851 -5.850935692
1609060339.509224892 28.343085253 -5.917339585
1609060339.509622097 288.706220155 -5.914213587
1609060339.535424232 158.350368647 -5.946271112
1609060339.559434652 83.417625223 -5.976719203
1609060339.560131550 338.162281759 -5.985498433
1609060339.584395170 85.732474638 -6.038887179
1609060339.585206032 319.257447400 -6.039683332
1609060339.609386921 123.027360664 -6.071947253
1609060339.610114336 411.802218030 -6.060050039
1609060339.634381056 167.903132069 -6.077511754
1609060339.635132313 352.080928843 -6.079633821
1609060339.684349775 43.663577574 -6.140439636
1609060339.684604168 387.241192957 -6.126657262
1609060339.709466219 181.077706401 -6.164557260
1609060339.710040331 326.800095629 -6.172903975
1609060339.734325647 121.457438950 -6.210389773
1609060339.735115051 314.114067046 -6.213949070
1609060339.759475470 173.870987193 -6.253019709
1609060339.760181665 390.182412771 -6.256382296
1609060339.784367323 122.560957187 -6.303515158
1609060339.785198450 360.607030410 -6.305502054
1609060339.809355736 270.394045051 -6.337412638
1609060339.810569048 252.946395207 -6.343529139
1609060339.859139919 70.942387029 -6.414686937
1609060339.859595299 351.109308872 -6.390381381
1609060339.884424686 234.286009599 -6.412032240
1609060339.885045767 476.582685427 -6.400153220
1609060339.909327745 196.159916583 -6.433749933
1609060339.910059690 393.273165639 -6.425745066
1609060339.934415817 178.842962173 -6.463449246
1609060339.935131073 451.879570040 -6.458481904
1609060339.959343672 267.760291249 -6.496032622
1609060339.960067034 484.578976790 -6.496297573
1609060339.984354258 185.689569430 -6.539101319
1609060340.034116745 60.639276568 -6.618558547
1609060340.034575462 419.757755246 -6.621670531
1609060340.059356451 186.255304509 -6.671919598
1609060340.060106277 291.746177260 -6.694902334
1609060340.084328413 156.853612047 -6.784718027
1609060340.085110426 369.504785333 -6.807649704
1609060340.109104395 223.014940970 -6.877475362
1609060340.110086918 397.792427597 -6.884343099
1609060340.134324074 251.184719764 -6.931272691
1609060340.135060072 514.292227941 -6.924826247
1609060340.159328461 82.853046734 -6.974921064
1609060340.209134817 71.692898036 -7.067604329
1609060340.209592104 281.481356309 -7.034996894
1609060340.234328747 200.155852147 -7.051130076
1609060340.235064030 375.593163132 -7.040828616
1609060340.259394646 286.223870716 -7.090737230
1609060340.260166407 488.897931161 -7.093015456
1609060340.284375429 201.537412127 -7.138500912
1609060340.285052538 220.843946805 -7.122500730
1609060340.309349060 255.962372673 -7.148606331
1609060340.310141802 536.868842649 -7.138754198
1609060340.334719896 88.358547670 -7.179668991
1609060340.384122372 181.668454428 -7.263484704
1609060340.384596109 425.202437379 -7.249828316
1609060340.409997702 240.393575062 -7.300585751
1609060340.434372663 146.629424120 -7.359002429
1609060340.435096025 323.148140838 -7.378283846
1609060340.459353924 397.365159031 -7.411645129
1609060340.460205555 566.003706901 -7.411214386
1609060340.484353781 108.239729754 -7.466696465
1609060340.485155582 558.850575722 -7.478385545
1609060340.509326458 153.125973325 -7.543789510
1609060340.559096813 118.435115875 -7.644941733
1609060340.559536934 222.277074454 -7.605409133
1609060340.585097075 362.303908572 -7.630751811
1609060340.609322309 281.785294741 -7.655162438
1609060340.610092402 304.874001542 -7.637745976
1609060340.634072781 341.012590095 -7.642016873
1609060340.636073351 542.763672820 -7.614694018
1609060340.659284115 144.192998027 -7.649698228
1609060340.660046577 642.126545172 -7.641951408
1609060340.684291124 205.387154444 -7.682507025
1609060340.684529066 542.100940723 -7.674102134
1609060340.734081030 135.883572589 -7.758660046
1609060340.734587908 548.341071755 -7.745589554
1609060340.759289026 161.246109435 -7.781560875
1609060340.759980917 602.288733078 -7.762377455
1609060340.785220385 230.498172860 -7.800978185
1609060340.785375357 686.264647653 -7.790978568
1609060340.809347391 179.729715949 -7.832190949
1609060340.810081482 551.092758116 -7.825634316
1609060340.834286451 166.665596780 -7.869695653
1609060340.835150480 538.463342988 -7.865523252
1609060340.859344244 134.228362348 -7.914683151
1609060340.859555960 642.333582801 -7.913353152
1609060340.909074068 125.489470202 -8.003708140
1609060340.909550190 403.812179793 -7.996905215
1609060340.935035706 444.181729164 -8.053908052
1609060340.959272146 420.308410932 -8.088713051
1609060340.960006475 511.802572038 -8.074331266
1609060340.984347343 165.630290376 -8.117364633
1609060340.985080242 674.900663733 -8.106352235
1609060341.009274483 243.724501777 -8.148862306
1609060341.010030508 690.930861067 -8.137108552
1609060341.034317732 324.371524899 -8.188149634
1609060341.084101677 455.579973598 -8.280039080
1609060341.084582567 549.193521046 -8.270936154
1609060341.110051870 193.038580672 -8.323915791
1609060341.134296894 584.468861127 -8.370758718
1609060341.135087490 193.271672675 -8.363829635
1609060341.159410954 620.087475107 -8.416265103
1609060341.160034418 245.683254779 -8.410926567
1609060341.184283018 640.171371681 -8.461175195
1609060341.185253620 216.986803148 -8.451512875
1609060341.209279299 623.550620644 -8.500727094
1609060341.209532022 225.871275117 -8.491510102
1609060341.263808727 523.563598708 -8.597275571
1609060341.264001608 113.973177877 -8.589622897
1609060341.284296274 594.069373129 -8.619518180
1609060341.285028696 255.092345995 -8.607935106
1609060341.309288502 731.343043924 -8.643321654
1609060341.310015440 391.912387388 -8.644206761
1609060341.334245682 742.469456427 -8.677694884
1609060341.335064888 354.672697624 -8.663439072
1609060341.359550476 711.002674606 -8.705913057
1609060341.360051394 314.959009568 -8.689683710
1609060341.384263277 697.296988181 -8.731950180
1609060341.385068178 291.124212105 -8.714926904
1609060341.434080601 627.836010468 -8.810562039
1609060341.434551954 231.065952503 -8.782803908
1609060341.459989786 677.084846741 -8.808724156
1609060341.484292984 264.300676823 -8.824786279
1609060341.485618353 738.995525194 -8.800598343
1609060341.509282351 389.283659679 -8.834956954
1609060341.510165453 809.947032008 -8.817185508
1609060341.534272671 484.912860887 -8.850890286
1609060341.535061598 830.475512651 -8.833178372
1609060341.559319973 511.171462282 -8.865881112
1609060341.560034752 247.624955658 -8.847969944
1609060341.609076738 666.071552396 -8.916239276
1609060341.609524965 221.653097142 -8.874383522
1609060341.634294748 644.430228860 -8.869448494
1609060341.635188818 265.823330499 -8.822118800
1609060341.659288406 701.145272929 -8.818226038
1609060341.660029411 310.489388530 -8.779710962
1609060341.684357882 746.298023263 -8.780047696
1609060341.685074568 390.455442961 -8.758433307
1609060341.709275246 777.628766361 -8.763455564
1609060341.710109949 433.930290217 -8.738001311
1609060341.734327316 785.848214062 -8.755321594
1609060341.784096003 342.034405609 -8.799385661
1609060341.784608603 707.843449199 -8.757888002
1609060341.809282780 313.212981503 -8.754814397
1609060341.809993505 758.936004463 -8.716641427
1609060341.834248304 420.860074964 -8.722363258
1609060341.835028648 831.941701715 -8.696683741
1609060341.859015942 544.694251198 -8.713428296
1609060341.859988451 301.824786962 -8.695570300
1609060341.884234190 806.278572205 -8.714616203
1609060341.885045528 461.858413178 -8.697500128
1609060341.909267426 778.937890805 -8.718757865
1609060341.910050154 432.181324529 -8.700681047
1609060341.959260464 739.033305115 -8.748598454
1609060341.959579229 351.218117164 -8.725788960
1609060341.984266520 726.628145947 -8.738268158
1609060341.985026836 360.085761747 -8.712982831
1609060342.009268045 734.805465315 -8.721530971
1609060342.010060072 376.086702252 -8.694301214
1609060342.034345150 764.886830350 -8.702097272
1609060342.035008669 409.559541963 -8.676074737
1609060342.059262276 757.521735575 -8.684514574
1609060342.060040474 381.448327607 -8.657273832
1609060342.084285975 758.729187113 -8.657686552
1609060342.134041071 318.954535110 -8.695756207
1609060342.134507895 717.659445165 -8.665058528
1609060342.159247637 330.798226546 -8.673372722
1609060342.159942150 774.100025121 -8.656579571
1609060342.184270144 418.929774350 -8.676943300
1609060342.184992075 805.618993312 -8.663076731
1609060342.209300995 464.488883953 -8.683012269
1609060342.210037708 780.620041189 -8.668917182
1609060342.234242678 342.392652791 -8.694695741
1609060342.235082388 743.305855069 -8.677041948
1609060342.259438038 368.431976547 -8.688852851
1609060342.259591103 783.240197842 -8.676056393
1609060342.309024572 334.861631632 -8.722176279
1609060342.309455633 627.074019312 -8.699273301
1609060342.334242344 187.250247123 -8.700483173
1609060342.334952354 726.916533479 -8.677198860
1609060342.359233618 409.022864632 -8.686303153
1609060342.360131025 798.226176849 -8.672504794
1609060342.384275675 372.801804171 -8.682778173
1609060342.385012150 677.385224094 -8.665228958
1609060342.409229279 230.636483845 -8.666811202
1609060342.410001755 723.929100904 -8.649858890
1609060342.434290886 353.325988668 -8.657766836
1609060342.434461117 756.030933419 -8.641202289
1609060342.484226942 344.774182275 -8.667229106
1609060342.484465361 726.599967294 -8.649339783
1609060342.509298086 308.765822385 -8.660794001
1609060342.509935856 685.327674524 -8.652774160
1609060342.534257412 240.621192317 -8.673186846
1609060342.534964085 712.731219735 -8.668774640
1609060342.559004307 305.073426744 -8.689235758
1609060342.559991598 712.781311222 -8.684094722
1609060342.584259272 306.039835528 -8.703746659
1609060342.585019827 731.471054350 -8.700266516
1609060342.609231710 351.418734029 -8.718281012
1609060342.659033775 528.687748002 -8.743642679
1609060342.659601450 147.926360749 -8.727346566
1609060342.684237242 590.815515511 -8.734185121
1609060342.684950829 223.730747300 -8.723728419
1609060342.709208965 600.166915686 -8.737874412
1609060342.710113049 184.839350041 -8.735448360
1609060342.734299421 531.228200032 -8.749653365
1609060342.735011578 142.863288514 -8.745647043
1609060342.759257078 522.101149393 -8.759487382
1609060342.759936571 98.574674977 -8.747393369
1609060342.784233093 468.303889876 -8.748520478
1609060342.785056591 571.294855118 -8.727670067
1609060342.834239960 157.066606039 -8.737451925
1609060342.834433794 646.508552026 -8.718242892
1609060342.859363079 277.729246552 -8.719907073
1609060342.860010624 692.742404746 -8.714442625
1609060342.884269476 265.610777829 -8.720111502
1609060342.884991646 666.697649002 -8.702242316
1609060342.909272909 240.498174315 -8.697911811
1609060342.910008192 662.892688786 -8.670251686
1609060342.934191227 224.795385262 -8.659244691
1609060342.934998274 580.087690095 -8.629262912
1609060342.959234476 132.889344598 -8.608796937
1609060342.960011244 644.953073221 -8.579263957
1609060343.008988380 235.867852574 -8.583808066
1609060343.009677410 561.943853534 -8.578255607
1609060343.034204960 132.118596948 -8.597095157
1609060343.034957886 607.038920546 -8.619613223
1609060343.059202433 219.647429004 -8.647402310
1609060343.060010195 667.560786995 -8.656251496
1609060343.084247828 230.660066301 -8.677197405
1609060343.085019350 668.908231736 -8.673078852
1609060343.109192371 260.892218019 -8.678548078
1609060343.110094786 645.848444868 -8.675403342
1609060343.134208441 208.890435384 -8.683238900
1609060343.134994030 613.641839528 -8.684891531
1609060343.184003592 115.532740549 -8.707634741
1609060343.184527874 478.750529407 -8.698639994
1609060343.209267378 513.999058655 -8.713770472
1609060343.210023642 153.001258831 -8.716105908
1609060343.234236717 477.356216363 -8.738611649
1609060343.234991074 504.709218245 -8.736038975
1609060343.258978605 101.358705538 -8.745675605
1609060343.260003328 657.066447033 -8.735846907
1609060343.284220219 269.009661575 -8.746394593
1609060343.284988880 635.425591173 -8.737383118
1609060343.309242725 179.162815241 -8.738429200
1609060343.359004021 327.134776166 -8.742568985
1609060343.359433174 529.482579499 -8.717253985
1609060343.384182215 158.306039857 -8.715883264
1609060343.384943247 639.805018006 -8.706026052
1609060343.409192324 195.103610723 -8.706702673
1609060343.409951448 599.779879181 -8.688214288
1609060343.433959723 195.288504994 -8.670954380
1609060343.434982300 698.717805715 -8.650874415
1609060343.459207535 231.813868874 -8.641530774
1609060343.459915638 595.101158199 -8.623924258
1609060343.484182835 160.299530016 -8.616472050
1609060343.484437227 574.283766564 -8.596124296
1609060343.534190178 35.305086240 -8.577102132
1609060343.534445286 251.004195822 -8.527086867
1609060343.559248686 525.652657352 -8.523669734
1609060343.561143637 143.523385308 -8.515756979
1609060343.584212780 452.034758162 -8.518651200
1609060343.609233141 286.417105792 -8.522711288
1609060343.610050678 403.589582924 -8.528515350
1609060343.634186745 413.986267415 -8.548534526
1609060343.634919167 553.069067696 -8.552538931
1609060343.659191370 146.955233621 -8.561992504
1609060343.659993410 665.435602671 -8.557437193
1609060343.709021568 161.507888835 -8.562553068
1609060343.709430695 469.181040258 -8.547121168
1609060343.734891176 426.557890773 -8.549388318
1609060343.759216309 348.631133021 -8.554638084
1609060343.784254074 258.387034067 -8.556622775
1609060343.784950018 440.837141938 -8.536551898
1609060343.809206724 438.892037572 -8.524867419
1609060343.809963703 640.011845785 -8.509240583
1609060343.834306479 232.476847893 -8.509752679
1609060343.884148598 174.373111843 -8.496321531
1609060343.884445667 377.818549124 -8.446177447
1609060343.909176111 395.043248096 -8.409432429
1609060343.910017252 548.420453887 -8.367797214
1609060343.934329033 100.357758357 -8.349722432
1609060343.934896708 467.743449990 -8.329143956
1609060343.959227324 356.171263141 -8.315870809
1609060343.959960938 432.459658700 -8.297857595
1609060343.984152794 366.809877809 -8.303608119
1609060343.984947681 513.535809541 -8.312412956
1609060344.009221554 82.060854827 -8.326698080
1609060344.009486198 413.698219085 -8.309138135
1609060344.058955431 182.583632336 -8.304416343
1609060344.059420347 430.972560332 -8.283693334
1609060344.084149599 404.581799993 -8.281509037
1609060344.084991455 475.181222161 -8.265906892
1609060344.109180689 254.464311671 -8.256878064
1609060344.134241343 257.431885782 -8.255283337
1609060344.134987354 497.324136325 -8.249109515
1609060344.159147501 390.200279413 -8.254192900
1609060344.159884691 512.958184082 -8.246344903
1609060344.184184790 125.653136309 -8.249828467
1609060344.233952284 168.633324013 -8.254962430
1609060344.234398603 410.645524339 -8.246237993
1609060344.259181499 318.214335329 -8.242361864
1609060344.259929657 518.061138340 -8.232575065
1609060344.284191132 117.794254904 -8.237491177
1609060344.284958839 573.366406593 -8.240288599
1609060344.309270859 197.906169767 -8.259018782
1609060344.309975147 655.299118317 -8.264526985
1609060344.334180832 156.624085246 -8.275722249
1609060344.334949255 538.084394996 -8.261302835
1609060344.359829903 129.654754921 -8.248646311
1609060344.360056400 536.927102062 -8.235462323
1609060344.409006119 118.976027321 -8.255613961
1609060344.409432650 492.400618430 -8.244483448
1609060344.434151173 383.799926322 -8.240360637
1609060344.434864044 481.269101972 -8.226092375
1609060344.459144354 332.694634603 -8.227853310
1609060344.459956646 524.165779026 -8.215970624
1609060344.484204531 54.810250609 -8.208699242
1609060344.484952927 341.360010301 -8.155902421
1609060344.509141445 289.895260523 -8.123813140
1609060344.510020494 437.472934227 -8.098588226
1609060344.534148455 330.662072260 -8.083163947
1609060344.534945250 522.102790775 -8.075045593
1609060344.584012747 66.183037559 -8.074114714
1609060344.584476471 515.611073319 -8.059114646
1609060344.609841824 132.763854029 -8.052918364
1609060344.634143353 195.114243474 -8.044719003
1609060344.634858370 365.242047775 -8.036900852
1609060344.659235716 256.937997534 -8.033215593
1609060344.663901091 314.077701759 -8.034259309
1609060344.684140205 265.799417746 -8.049172891
1609060344.685096502 399.854909381 -8.059144510
1609060344.709183931 269.668310549 -8.063024797
1609060344.709954262 359.649220154 -8.062535848
1609060344.758959532 120.573187248 -8.071821678
1609060344.759406090 329.610580875 -8.057570588
1609060344.784906149 243.936699963 -8.035461777
1609060344.809173346 118.467921574 -8.002502684
1609060344.809914589 295.564992102 -7.955814633
1609060344.834160805 328.474540050 -7.927704177
1609060344.834908247 506.172991896 -7.908121391
1609060344.859124660 77.723749630 -7.887330901
1609060344.859889507 462.144303045 -7.861661166
1609060344.884153605 245.268459446 -7.836307744
1609060344.884927273 428.372812061 -7.805167995
1609060344.933987856 63.211303407 -7.775433762
1609060344.934391737 192.730126637 -7.731884939
1609060344.959831715 319.884561429 -7.717837400
1609060344.984147549 200.890858351 -7.705724198
1609060344.984972239 417.829944393 -7.691794259
1609060345.009215832 300.583880308 -7.680292478
1609060345.009946585 509.794223700 -7.670512049
1609060345.034162283 89.653347783 -7.662883797
1609060345.034978628 449.077124048 -7.664862824
1609060345.059148788 233.343185773 -7.673812040
1609060345.108930111 75.583249168 -7.674212550
1609060345.109368801 311.902094387 -7.670270248
1609060345.134140730 270.828137425 -7.666010980
1609060345.134823561 352.221452695 -7.658197793
1609060345.159380674 274.496512684 -7.648990904
1609060345.159844875 403.706859863 -7.642604639
1609060345.184206009 256.579099116 -7.625882561
1609060345.184854746 530.131695450 -7.617776422
1609060345.209112883 92.442323059 -7.613016680
1609060345.210003376 427.718465356 -7.614747198
1609060345.234147310 220.182250912 -7.610506575
1609060345.283971548 45.795136586 -7.596229890
1609060345.284620285 327.417980261 -7.587726598
1609060345.309138536 251.579277557 -7.582089675
1609060345.309848547 344.888797516 -7.573714619
1609060345.334148407 150.262164295 -7.558560600
1609060345.334956884 393.495487185 -7.554608320
1609060345.358900070 334.377467223 -7.545044462
1609060345.359910965 532.128558699 -7.539699245
1609060345.384114981 24.163663790 -7.503400979
1609060345.384922028 292.617355514 -7.454221638
1609060345.409131289 279.608105029 -7.424437886
1609060345.458899260 60.895525899 -7.386099356
1609060345.459465027 290.914389887 -7.379814440
1609060345.485397339 108.763810633 -7.366972422
1609060345.509119272 93.425680288 -7.332997198
1609060345.510007858 487.500638031 -7.315795702
1609060345.534187794 286.414558882 -7.301358956
1609060345.534969091 267.971747934 -7.287354279
1609060345.559123278 203.886563013 -7.271852433
1609060345.559871912 497.230615925 -7.268763381
1609060345.584239483 57.099630773 -7.258137663
1609060345.633934259 35.373631756 -7.220450843
1609060345.634501457 478.528250861 -7.227152153
1609060345.659844160 242.665840959 -7.224372754
1609060345.684113503 102.855273356 -7.221890753
1609060345.684864283 318.963338375 -7.226890037
1609060345.708885908 234.822691885 -7.220036847
1609060345.734106779 155.022559434 -7.202730025
1609060345.734843254 411.766683477 -7.187138727
1609060345.762458324 237.397378247 -7.166362071
1609060345.762655020 514.699340151 -7.155207249
1609060345.809096575 21.198900911 -7.126058017
1609060345.809386492 312.198003978 -7.056813086
1609060345.834100723 208.396179167 -7.020897132
1609060345.834823132 337.097329628 -7.006437441
1609060345.859107971 148.049501122 -6.991098608
1609060345.859936237 422.066117086 -6.981350794
1609060345.884132385 247.853922744 -6.966433878
1609060345.884955168 413.478446182 -6.949847854
1609060345.909097910 60.655076933 -6.910995083
1609060345.909814119 209.728429632 -6.869416225
1609060345.934135199 139.943629692 -6.851291639
1609060345.983879328 78.369818627 -6.818691410
1609060345.984367371 536.199534542 -6.804249260
1609060346.009117842 52.437767430 -6.777011061
1609060346.009829998 396.142447986 -6.766906988
1609060346.034143448 254.954178787 -6.755773016
1609060346.035024643 295.863122682 -6.744119005
1609060346.059109926 171.845454266 -6.725571293
1609060346.059900999 190.580039009 -6.704064480
1609060346.084451914 100.737866720 -6.675909516
1609060346.085014820 237.265138343 -6.646861967
1609060346.109122515 102.446572106 -6.624312145
1609060346.109867334 225.702647920 -6.608324360
1609060346.158884287 21.396019923 -6.601376184
1609060346.159350634 276.644756587 -6.611025566
1609060346.184137821 180.962463534 -6.619356879
1609060346.184904575 397.518247566 -6.621770051
1609060346.209101915 99.059547935 -6.624314250
1609060346.209855080 231.716454631 -6.617283249
1609060346.234146357 154.067779897 -6.616625854
1609060346.234930992 322.949720346 -6.610760053
1609060346.259099007 138.794094005 -6.620175142
1609060346.259860277 386.107838443 -6.624338811
1609060346.284199953 233.430822327 -6.635251061
1609060346.334132910 19.688008753 -6.637492758
1609060346.334570169 296.035518334 -6.591701108
1609060346.359818697 169.348116550 -6.574165874
1609060346.384213209 124.292324703 -6.564119141
1609060346.384994030 406.742376153 -6.548223401
1609060346.409156799 109.423151232 -6.541070573
1609060346.409895182 297.185534283 -6.553208943
1609060346.434049606 200.373284293 -6.572359066
1609060346.434846878 502.215230082 -6.580093947
1609060346.459121704 77.397763843 -6.580454337
1609060346.459865093 416.172490536 -6.578695249
1609060346.508899212 18.455191913 -6.570941184
1609060346.509413481 390.630881785 -6.558183986
1609060346.534102440 127.680101221 -6.543210330
1609060346.534845352 439.231284679 -6.520163082
1609060346.559096575 123.745310054 -6.505042776
1609060346.559863329 409.621567219 -6.494817325
1609060346.584153891 78.228839683 -6.485752353
1609060346.584932804 292.481889350 -6.477652519
1609060346.609113216 179.432386568 -6.469996408
1609060346.609877586 502.337566902 -6.468928905
1609060346.634085417 30.644259103 -6.452546503
1609060346.634863377 416.257157445 -6.419791062
1609060346.683849335 15.515602773 -6.375262028
1609060346.684361219 366.470811870 -6.333694320
1609060346.709795475 189.821891044 -6.312437559
1609060346.734054804 145.324077581 -6.288989512
1609060346.734967709 435.976204344 -6.275421568
1609060346.759921074 82.674996279 -6.261198528
1609060346.760341167 287.624061133 -6.246670290
1609060346.784077168 106.728492997 -6.217566675
1609060346.784908772 390.006913153 -6.200101634
1609060346.809103251 139.766432131 -6.194214912
1609060346.809305668 346.133000673 -6.199474949
1609060346.858856440 20.479656928 -6.208473674
1609060346.864160538 212.795403700 -6.226418293
1609060346.884045839 119.691102880 -6.230322502
1609060346.884791136 365.619854383 -6.233660631
1609060346.909053087 114.829776933 -6.233994793
1609060346.909854412 224.916529484 -6.223876922
1609060346.934122562 162.650685731 -6.211998527
1609060346.934818745 473.147571608 -6.202855762
1609060346.959072351 116.716456653 -6.192091589
1609060346.959864378 390.192305063 -6.184997345
1609060346.984100819 92.491310564 -6.174550814
1609060346.984909534 438.278662056 -6.157618238
1609060347.033855915 21.267877828 -6.152739951
1609060347.034321785 400.439031735 -6.172379441
1609060347.059791803 111.413600143 -6.170911087
1609060347.084079266 63.125948556 -6.162444780
1609060347.084828377 187.613390858 -6.163501918
1609060347.109118462 20.863442531 -6.160174282
1609060347.109738111 280.577777977 -6.137520987
1609060347.134073496 104.059975276 -6.134294413
1609060347.134855747 377.760209447 -6.128564123
1609060347.159050703 101.494862763 -6.126777815
1609060347.159842730 365.138803674 -6.115460258
1609060347.209358931 29.982907297 -6.101964197
1609060347.209512472 340.190200399 -6.055778610
1609060347.234038115 103.051576091 -6.048419484
1609060347.235408068 405.690256070 -6.050305807
1609060347.259051323 91.126261595 -6.059405675
1609060347.259855986 273.576483284 -6.014588985
1609060347.284143209 74.283153342 -5.987138306
1609060347.284886122 179.876149829 -5.979122676
1609060347.309041023 58.981932505 -5.989195062
1609060347.310390234 152.672061489 -5.971978916
1609060347.334039927 115.812484168 -5.966101337
1609060347.334290981 441.835995954 -5.960076025
1609060347.383814573 28.462045641 -5.980156022
1609060347.384349108 494.845595257 -5.948941952
1609060347.409759045 96.218530559 -5.945380172
1609060347.434047461 21.892127657 -5.926384902
1609060347.434820414 311.475183190 -5.890873320
1609060347.459102154 62.104175938 -5.889742157
1609060347.459856510 395.904121983 -5.886886190
1609060347.484041929 94.099402369 -5.909608072
1609060347.484865427 319.275666016 -5.914056329
1609060347.509099245 44.621066313 -5.924431313
1609060347.510489225 301.113840537 -5.911517059
1609060347.558821917 15.830011961 -5.920601487
1609060347.559288263 473.015477053 -5.902310777
1609060347.584810257 132.157327889 -5.893167712
1609060347.609009027 9.909645646 -5.867976219
1609060347.609792233 345.471185679 -5.827369283
1609060347.634130478 117.535191368 -5.839411781
1609060347.634843826 458.479571398 -5.838125820
1609060347.659048080 74.719182884 -5.843362461
1609060347.659758329 378.747297897 -5.826993841
1609060347.684040546 89.362039907 -5.829522068
1609060347.684255838 350.834897258 -5.824237121
1609060347.733830690 18.044022902 -5.847068540
1609060347.734255552 374.489412085 -5.837544181
1609060347.759053469 75.743501589 -5.852752301
1609060347.759764910 391.196457223 -5.844424477
1609060347.784046173 86.392725810 -5.842158652
1609060347.790492296 112.756861064 -5.822450906
1609060347.809091806 93.437154515 -5.824327911
1609060347.809836149 201.279621176 -5.821077229
1609060347.834009409 61.861894390 -5.825128519
1609060347.834799528 321.723949781 -5.822255646
1609060347.859031200 48.123886380 -5.831713451
1609060347.859866858 325.989695099 -5.817047954
1609060347.909053802 6.370383536 -5.822769748
1609060347.909253120 594.020299138 -5.801793769
1609060347.934778452 17.350851653 -5.804619129
1609060347.959059715 26.867866579 -5.789150089
1609060347.960407734 161.403802441 -5.804002174
1609060347.984105110 57.833856880 -5.825521055
1609060347.984837770 152.467699034 -5.840131813
1609060348.009828091 26.784743794 -5.852839256
1609060348.009997129 328.094812584 -5.866433850
1609060348.034031153 37.980665359 -5.904800010
1609060348.034811497 291.594507166 -5.909163645
1609060348.083986044 10.357999756 -5.934550992
1609060348.084287643 589.050792339 -5.931326738
1609060348.109025955 52.426195359 -5.935387187
1609060348.109798193 503.227324364 -5.928618025
1609060348.134023905 36.550042578 -5.943466334
1609060348.159103155 21.616949809 -5.926115389
1609060348.159729481 378.115660893 -5.872615841
1609060348.184054375 74.661337779 -5.854316018
1609060348.184840918 154.113341723 -5.849130217
1609060348.209059954 83.245249133 -5.847684173
1609060348.258790970 2.047245449 -5.781588394
1609060348.259231567 733.733864330 -5.775552551
1609060348.284045935 56.017740144 -5.789388168
1609060348.284775257 417.562091500 -5.795411310
1609060348.309776545 10.666526600 -5.791467010
1609060348.333810091 32.059222845 -5.788891958
1609060348.334721327 394.789287812 -5.790635977
1609060348.358990908 17.886922861 -5.810721951
1609060348.359740496 333.635039431 -5.831374831
1609060348.384047985 25.066728770 -5.839143382
1609060348.433809996 17.905377303 -5.835495095
1609060348.434277534 231.426957465 -5.830356935
1609060348.459017515 65.386325003 -5.851841000
1609060348.459739923 485.843046478 -5.868448479
1609060348.484000683 28.662910563 -5.879668220
1609060348.484817266 379.687098167 -5.864075307
1609060348.508812666 0.000000000 0.000000000
1609060348.509777546 0.000000000 0.000000000
1609060348.534005642 0.000000000 0.000000000
1609060348.534818649 0.000000000 0.000000000
1609060348.559025049 0.000000000 0.000000000
1609060348.560259819 0.000000000 0.000000000
1609060348.608813286 0.000000000 0.000000000
1609060348.609211206 0.000000000 0.000000000
1609060348.634715796 0.000000000 0.000000000
1609060348.659004450 0.000000000 0.000000000
1609060348.659775734 0.000000000 0.000000000
1609060348.683817387 0.000000000 0.000000000
1609060348.684822798 0.000000000 0.000000000
1609060348.708998919 0.000000000 0.000000000
1609060348.709738970 0.000000000 0.000000000
1609060348.734020472 0.000000000 0.000000000
1609060348.783798933 0.000000000 0.000000000
1609060348.784315825 0.000000000 0.000000000
1609060348.809731007 0.000000000 0.000000000
1609060348.842568398 0.000000000 0.000000000
1609060348.842700481 0.000000000 0.000000000
1609060348.861383915 0.000000000 0.000000000
1609060348.861925364 0.000000000 0.000000000
1609060348.883962870 0.000000000 0.000000000
1609060348.884716988 0.000000000 0.000000000
1609060348.909007788 0.000000000 0.000000000
1609060348.909257889 0.000000000 0.000000000
1609060348.958826065 0.000000000 0.000000000
1609060348.959268332 0.000000000 0.000000000
1609060349.008985281 0.000000000 0.000000000
1609060349.009686470 0.000000000 0.000000000
1609060349.034357309 0.000000000 0.000000000
1609060349.035386562 0.000000000 0.000000000
1609060349.058997631 0.000000000 0.000000000
1609060349.059870005 0.000000000 0.000000000
1609060349.084003210 0.000000000 0.000000000
1609060349.133829355 0.000000000 0.000000000
1609060349.134236574 0.000000000 0.000000000
1609060349.158999681 0.000000000 0.000000000
1609060349.159890890 0.000000000 0.000000000
1609060349.184033155 0.000000000 0.000000000
1609060349.184830427 0.000000000 0.000000000
1609060349.208800077 0.000000000 0.000000000
1609060349.209660053 0.000000000 0.000000000
1609060349.233998060 0.000000000 0.000000000
1609060349.234768391 0.000000000 0.000000000
1609060349.258986473 0.000000000 0.000000000
1609060349.308791637 0.000000000 0.000000000
1609060349.309200287 0.000000000 0.000000000
1609060349.334147453 0.000000000 0.000000000
1609060349.334698200 0.000000000 0.000000000
1609060349.358955383 0.000000000 0.000000000
1609060349.359766722 0.000000000 0.000000000
1609060349.383762836 0.000000000 0.000000000
1609060349.385428667 0.000000000 0.000000000
1609060349.408962488 0.000000000 0.000000000
1609060349.409760237 0.000000000 0.000000000
1609060349.434061527 0.000000000 0.000000000
1609060349.435643435 0.000000000 0.000000000
1609060349.484080315 0.000000000 0.000000000
1609060349.484578609 0.000000000 0.000000000
1609060349.509684563 0.000000000 0.000000000
1609060349.533978939 0.000000000 0.000000000
1609060349.534850597 0.000000000 0.000000000
1609060349.559008837 0.000000000 0.000000000
1609060349.559768915 0.000000000 0.000000000
1609060349.584024191 0.000000000 0.000000000
1609060349.585091591 0.000000000 0.000000000
1609060349.608975410 0.000000000 0.000000000
1609060349.609737396 0.000000000 0.000000000
1609060349.658766270 0.000000000 0.000000000
1609060349.659222126 0.000000000 0.000000000
1609060349.684760332 0.000000000 0.000000000
1609060349.708964825 0.000000000 0.000000000
1609060349.709681273 0.000000000 0.000000000
1609060349.734104872 0.000000000 0.000000000
1609060349.734824419 0.000000000 0.000000000
1609060349.758963346 0.000000000 0.000000000
1609060349.759704828 0.000000000 0.000000000
1609060349.783945322 0.000000000 0.000000000
1609060349.784905434 0.000000000 0.000000000
1609060349.843799829 0.000000000 0.000000000
1609060349.843923092 0.000000000 0.000000000
1609060349.858986855 0.000000000 0.000000000
1609060349.859663725 0.000000000 0.000000000
1609060349.883997679 0.000000000 0.000000000
1609060349.884794950 0.000000000 0.000000000
1609060349.909016371 0.000000000 0.000000000
1609060349.909770250 0.000000000 0.000000000
1609060349.933927536 0.000000000 0.000000000
1609060349.934714079 0.000000000 0.000000000
1609060349.959737539 0.000000000 0.000000000
1609060349.959961414 0.000000000 0.000000000
1609060350.008770466 0.000000000 0.000000000
1609060350.009210348 0.000000000 0.000000000
1609060350.033959150 0.000000000 0.000000000
1609060350.034697294 0.000000000 0.000000000
1609060350.059695244 0.000000000 0.000000000
1609060350.083919287 0.000000000 0.000000000
1609060350.084713936 0.000000000 0.000000000
1609060350.108968019 0.000000000 0.000000000
1609060350.109723806 0.000000000 0.000000000
1609060350.134002924 0.000000000 0.000000000
1609060350.134228706 0.000000000 0.000000000
1609060350.183954239 0.000000000 0.000000000
1609060350.184364319 0.000000000 0.000000000
1609060350.209708929 0.000000000 0.000000000
1609060350.234487772 0.000000000 0.000000000
1609060350.234697580 0.000000000 0.000000000
1609060350.259004116 0.000000000 0.000000000
1609060350.259703875 0.000000000 0.000000000
1609060350.283921957 0.000000000 0.000000000
1609060350.284703016 0.000000000 0.000000000
1609060350.308962584 0.000000000 0.000000000
1609060350.309206724 0.000000000 0.000000000
1609060350.358740568 0.000000000 0.000000000
1609060350.359224319 0.000000000 0.000000000
1609060350.384776115 0.000000000 0.000000000
1609060350.408935785 0.000000000 0.000000000
1609060350.409642220 0.000000000 0.000000000
1609060350.433912277 0.000000000 0.000000000
1609060350.436099529 0.000000000 0.000000000
1609060350.458925486 0.000000000 0.000000000
1609060350.459687471 0.000000000 0.000000000
1609060350.483993053 0.000000000 0.000000000
1609060350.484394789 0.000000000 0.000000000
1609060350.533795357 0.000000000 0.000000000
1609060350.534406900 0.000000000 0.000000000
1609060350.558951378 0.000000000 0.000000000
1609060350.559667349 0.000000000 0.000000000
1609060350.584026098 0.000000000 0.000000000
1609060350.584839821 0.000000000 0.000000000
1609060350.609120846 0.000000000 0.000000000
1609060350.610039711 0.000000000 0.000000000
1609060350.634114504 0.000000000 0.000000000
1609060350.634789467 0.000000000 0.000000000
1609060350.658934593 0.000000000 0.000000000
1609060350.659757614 0.000000000 0.000000000
1609060350.708720446 0.000000000 0.000000000
1609060350.709180593 0.000000000 0.000000000
1609060350.733961105 0.000000000 0.000000000
1609060350.734717131 0.000000000 0.000000000
1609060350.758920670 0.000000000 0.000000000
1609060350.759711504 0.000000000 0.000000000
1609060350.783682108 0.000000000 0.000000000
1609060350.784739971 0.000000000 0.000000000
1609060350.808898449 0.000000000 0.000000000
1609060350.809726954 0.000000000 0.000000000
1609060350.833926916 0.000000000 0.000000000
1609060350.883702517 0.000000000 0.000000000
1609060350.884165764 0.000000000 0.000000000
1609060350.909655809 0.000000000 0.000000000
1609060350.933907270 0.000000000 0.000000000
1609060350.934681177 0.000000000 0.000000000
1609060350.958997965 0.000000000 0.000000000
1609060350.959681749 0.000000000 0.000000000
1609060350.983962059 0.000000000 0.000000000
1609060350.984744072 0.000000000 0.000000000
1609060351.008927107 0.000000000 0.000000000
1609060351.009687662 0.000000000 0.000000000
1609060351.058689833 0.000000000 0.000000000
1609060351.059182405 0.000000000 0.000000000
1609060351.084637880 0.000000000 0.000000000
1609060351.108919144 0.000000000 0.000000000
1609060351.109680891 0.000000000 0.000000000
1609060351.133969069 0.000000000 0.000000000
1609060351.134665251 0.000000000 0.000000000
1609060351.158979416 0.000000000 0.000000000
1609060351.159700632 0.000000000 0.000000000
1609060351.183933258 0.000000000 0.000000000
1609060351.184227705 0.000000000 0.000000000
1609060351.233675480 0.000000000 0.000000000
1609060351.234154940 0.000000000 0.000000000
1609060351.258898020 0.000000000 0.000000000
1609060351.259616375 0.000000000 0.000000000
1609060351.283908129 0.000000000 0.000000000
1609060351.284654379 0.000000000 0.000000000
1609060351.308907270 0.000000000 0.000000000
1609060351.309760571 0.000000000 0.000000000
1609060351.333872557 0.000000000 0.000000000
1609060351.334698200 0.000000000 0.000000000
1609060351.358928204 0.000000000 0.000000000
1609060351.359602928 0.000000000 0.000000000
1609060351.408897638 0.000000000 0.000000000
1609060351.409185171 0.000000000 0.000000000
1609060351.433915377 0.000000000 0.000000000
1609060351.434633017 0.000000000 0.000000000
1609060351.458921432 0.000000000 0.000000000
1609060351.459767103 0.000000000 0.000000000
1609060351.483988762 0.000000000 0.000000000
1609060351.484637260 0.000000000 0.000000000
1609060351.508868933 0.000000000 0.000000000
1609060351.509630919 0.000000000 0.000000000
1609060351.533950329 0.000000000 0.000000000
1609060351.534149885 0.000000000 0.000000000
1609060351.583675623 0.000000000 0.000000000
1609060351.584148169 0.000000000 0.000000000
1609060351.609598398 0.000000000 0.000000000
1609060351.633871794 0.000000000 0.000000000
1609060351.634594202 0.000000000 0.000000000
1609060351.658960104 0.000000000 0.000000000
1609060351.659651995 0.000000000 0.000000000
1609060351.683881760 0.000000000 0.000000000
1609060351.684653282 0.000000000 0.000000000
1609060351.708887100 0.000000000 0.000000000
1609060351.709141731 0.000000000 0.000000000
1609060351.758651733 0.000000000 0.000000000
1609060351.759118319 0.000000000 0.000000000
1609060351.783906221 0.000000000 0.000000000
1609060351.784745693 0.000000000 0.000000000
1609060351.808919907 0.000000000 0.000000000
1609060351.809602737 0.000000000 0.000000000
1609060351.833680630 0.000000000 0.000000000
1609060351.834661722 0.000000000 0.000000000
1609060351.858883142 0.000000000 0.000000000
1609060351.859609842 0.000000000 0.000000000
1609060351.883898020 0.000000000 0.000000000
1609060351.933747530 0.000000000 0.000000000
1609060351.934190273 0.000000000 0.000000000
1609060351.959605455 0.000000000 0.000000000
1609060351.983953714 0.000000000 0.000000000
1609060351.984819412 0.000000000 0.000000000
1609060352.008923054 0.000000000 0.000000000
1609060352.009682894 0.000000000 0.000000000
1609060352.033915520 0.000000000 0.000000000
1609060352.034721613 0.000000000 0.000000000
1609060352.058885098 0.000000000 0.000000000
1609060352.059116602 0.000000000 0.000000000
1609060352.108673334 0.000000000 0.000000000
1609060352.109136105 0.000000000 0.000000000
1609060352.133902788 0.000000000 0.000000000
1609060352.134608269 0.000000000 0.000000000
1609060352.164210796 0.000000000 0.000000000
1609060352.164400101 0.000000000 0.000000000
1609060352.183927536 0.000000000 0.000000000
1609060352.184716225 0.000000000 0.000000000
1609060352.208854437 0.000000000 0.000000000
1609060352.209692955 0.000000000 0.000000000
1609060352.234001637 0.000000000 0.000000000
1609060352.234559774 0.000000000 0.000000000
1609060352.283651352 0.000000000 0.000000000
1609060352.284156084 0.000000000 0.000000000
1609060352.309622526 0.000000000 0.000000000
1609060352.333889008 0.000000000 0.000000000
1609060352.334594488 0.000000000 0.000000000
1609060352.358935595 0.000000000 0.000000000
1609060352.359662056 0.000000000 0.000000000
1609060352.384677649 0.000000000 0.000000000
1609060352.408860922 0.000000000 0.000000000
1609060352.409673452 0.000000000 0.000000000
1609060352.458772659 0.000000000 0.000000000
1609060352.459221601 0.000000000 0.000000000
1609060352.483823538 0.000000000 0.000000000
1609060352.484695673 0.000000000 0.000000000
1609060352.508890390 0.000000000 0.000000000
1609060352.509600401 0.000000000 0.000000000
1609060352.533826351 0.000000000 0.000000000
1609060352.534631252 0.000000000 0.000000000
1609060352.558833122 0.000000000 0.000000000
1609060352.559634686 0.000000000 0.000000000
1609060352.583890915 0.000000000 0.000000000
1609060352.633707047 0.000000000 0.000000000
1609060352.634246826 0.000000000 0.000000000
1609060352.658854246 0.000000000 0.000000000
1609060352.659557581 0.000000000 0.000000000
1609060352.683881521 0.000000000 0.000000000
1609060352.684593201 0.000000000 0.000000000
1609060352.708897829 0.000000000 0.000000000
1609060352.709641695 0.000000000 0.000000000
1609060352.733878613 0.000000000 0.000000000
1609060352.734564543 0.000000000 0.000000000
1609060352.758838654 0.000000000 0.000000000
1609060352.759112597 0.000000000 0.000000000
1609060352.808744192 0.000000000 0.000000000
1609060352.809882402 0.000000000 0.000000000
1609060352.833864927 0.000000000 0.000000000
1609060352.834563255 0.000000000 0.000000000
1609060352.858834982 0.000000000 0.000000000
1609060352.859555006 0.000000000 0.000000000
1609060352.883658409 0.000000000 0.000000000
1609060352.884670019 0.000000000 0.000000000
1609060352.908843756 0.000000000 0.000000000
1609060352.909776449 0.000000000 0.000000000
1609060352.933867693 0.000000000 0.000000000
1609060352.934600592 0.000000000 0.000000000
1609060352.983639956 0.000000000 0.000000000
1609060352.984442949 0.000000000 0.000000000
1609060353.009557486 0.000000000 0.000000000
1609060353.033829212 0.000000000 0.000000000
1609060353.034611940 0.000000000 0.000000000
1609060353.058612823 0.000000000 0.000000000
1609060353.059692621 0.000000000 0.000000000
1609060353.083845854 0.000000000 0.000000000
1609060353.084706783 0.000000000 0.000000000
1609060353.108891010 0.000000000 0.000000000
1609060353.109624863 0.000000000 0.000000000
1609060353.158844948 0.000000000 0.000000000
1609060353.159310102 0.000000000 0.000000000
1609060353.184656858 0.000000000 0.000000000
1609060353.208854198 0.000000000 0.000000000
1609060353.209711790 0.000000000 0.000000000
1609060353.233924389 0.000000000 0.000000000
1609060353.234567404 0.000000000 0.000000000
1609060353.258882999 0.000000000 0.000000000
1609060353.259902239 0.000000000 0.000000000
1609060353.283864498 0.000000000 0.000000000
1609060353.284677267 0.000000000 0.000000000
1609060353.333603382 0.000000000 0.000000000
1609060353.334086418 0.000000000 0.000000000
1609060353.358837843 0.000000000 0.000000000
1609060353.359622955 0.000000000 0.000000000
1609060353.383842468 0.000000000 0.000000000
1609060353.384598255 0.000000000 0.000000000
1609060353.408883810 0.000000000 0.000000000
1609060353.409606695 0.000000000 0.000000000
1609060353.433817863 0.000000000 0.000000000
1609060353.438682318 0.000000000 0.000000000
1609060353.458927155 0.000000000 0.000000000
1609060353.459213257 0.000000000 0.000000000
1609060353.508825302 0.000000000 0.000000000
1609060353.509086132 0.000000000 0.000000000
1609060353.534556389 0.000000000 0.000000000
1609060353.558809042 0.000000000 0.000000000
1609060353.560743570 0.000000000 0.000000000
1609060353.583887100 0.000000000 0.000000000
1609060353.584690094 0.000000000 0.000000000
1609060353.608924150 0.000000000 0.000000000
1609060353.609562635 0.000000000 0.000000000
1609060353.633805513 0.000000000 0.000000000
1609060353.683587551 0.000000000 0.000000000
1609060353.684083700 0.000000000 0.000000000
1609060353.709561586 0.000000000 0.000000000
1609060353.733820438 0.000000000 0.000000000
1609060353.734581947 0.000000000 0.000000000
1609060353.758807898 0.000000000 0.000000000
1609060353.759531498 0.000000000 0.000000000
1609060353.784007311 0.000000000 0.000000000
1609060353.784686089 0.000000000 0.000000000
1609060353.808822870 0.000000000 0.000000000
1609060353.809242964 0.000000000 0.000000000
1609060353.858607054 0.000000000 0.000000000
1609060353.859072924 0.000000000 0.000000000
1609060353.885732412 0.000000000 0.000000000
1609060353.885910511 0.000000000 0.000000000
1609060353.908790827 0.000000000 0.000000000
1609060353.909543753 0.000000000 0.000000000
1609060353.933884859 0.000000000 0.000000000
1609060353.934512377 0.000000000 0.000000000
1609060353.958797455 0.000000000 0.000000000
1609060353.959606409 0.000000000 0.000000000
1609060353.983791351 0.000000000 0.000000000
1609060353.984634399 0.000000000 0.000000000
1609060354.033583403 0.000000000 0.000000000
1609060354.034097672 0.000000000 0.000000000
1609060354.059611559 0.000000000 0.000000000
1609060354.083771229 0.000000000 0.000000000
1609060354.084500551 0.000000000 0.000000000
1609060354.108793020 0.000000000 0.000000000
1609060354.109590054 0.000000000 0.000000000
1609060354.133787394 0.000000000 0.000000000
1609060354.134626627 0.000000000 0.000000000
1609060354.158789873 0.000000000 0.000000000
1609060354.208590746 0.000000000 0.000000000
1609060354.209238529 0.000000000 0.000000000
1609060354.233796835 0.000000000 0.000000000
1609060354.234609365 0.000000000 0.000000000
1609060354.258820772 0.000000000 0.000000000
1609060354.259515047 0.000000000 0.000000000
1609060354.283868790 0.000000000 0.000000000
1609060354.284702063 0.000000000 0.000000000
1609060354.308780909 0.000000000 0.000000000
1609060354.309555769 0.000000000 0.000000000
1609060354.333800554 0.000000000 0.000000000
1609060354.384118080 0.000000000 0.000000000
1609060354.384335518 0.000000000 0.000000000
1609060354.409629583 0.000000000 0.000000000
1609060354.433862686 0.000000000 0.000000000
1609060354.434534550 0.000000000 0.000000000
1609060354.458548307 0.000000000 0.000000000
1609060354.459557772 0.000000000 0.000000000
1609060354.483896732 0.000000000 0.000000000
1609060354.484577894 0.000000000 0.000000000
1609060354.508793354 0.000000000 0.000000000
1609060354.509633303 0.000000000 0.000000000
1609060354.558552265 0.000000000 0.000000000
1609060354.559272528 0.000000000 0.000000000
1609060354.584551334 0.000000000 0.000000000
1609060354.608778477 0.000000000 0.000000000
1609060354.609482765 0.000000000 0.000000000
1609060354.633757830 0.000000000 0.000000000
1609060354.658731222 0.000000000 0.000000000
1609060354.659642220 0.000000000 0.000000000
1609060354.683804512 0.000000000 0.000000000
1609060354.684026718 0.000000000 0.000000000
1609060354.734732389 0.000000000 0.000000000
1609060354.734878063 0.000000000 0.000000000
1609060354.759553194 0.000000000 0.000000000
1609060354.783771038 0.000000000 0.000000000
1609060354.784555197 0.000000000 0.000000000
1609060354.808581591 0.000000000 0.000000000
1609060354.809547186 0.000000000 0.000000000
1609060354.833743572 0.000000000 0.000000000
1609060354.834583998 0.000000000 0.000000000
1609060354.858789206 0.000000000 0.000000000
1609060354.909115791 0.000000000 0.000000000
1609060354.909548044 0.000000000 0.000000000
1609060354.934477568 0.000000000 0.000000000
1609060354.958741426 0.000000000 0.000000000
1609060354.959523201 0.000000000 0.000000000
1609060354.986834288 0.000000000 0.000000000
1609060354.987113953 0.000000000 0.000000000
1609060355.008759499 0.000000000 0.000000000
1609060355.009551287 0.000000000 0.000000000
1609060355.033787012 0.000000000 0.000000000
1609060355.033985376 0.000000000 0.000000000
1609060355.083526134 0.000000000 0.000000000
1609060355.084056616 0.000000000 0.000000000
1609060355.109464884 0.000000000 0.000000000
1609060355.133742809 0.000000000 0.000000000
1609060355.134496450 0.000000000 0.000000000
1609060355.158806801 0.000000000 0.000000000
1609060355.159471035 0.000000000 0.000000000
1609060355.183716536 0.000000000 0.000000000
1609060355.208817959 0.000000000 0.000000000
1609060355.209536314 0.000000000 0.000000000
1609060355.258767128 0.000000000 0.000000000
1609060355.258990526 0.000000000 0.000000000
1609060355.308806419 0.000000000 0.000000000
1609060355.309536695 0.000000000 0.000000000
1609060355.333752632 0.000000000 0.000000000
1609060355.334548235 0.000000000 0.000000000
1609060355.358732224 0.000000000 0.000000000
1609060355.359523058 0.000000000 0.000000000
1609060355.383739471 0.000000000 0.000000000
1609060355.433543921 0.000000000 0.000000000
1609060355.433996201 0.000000000 0.000000000
1609060355.459461212 0.000000000 0.000000000
1609060355.484540939 0.000000000 0.000000000
1609060355.508534431 0.000000000 0.000000000
1609060355.509537458 0.000000000 0.000000000
1609060355.533732176 0.000000000 0.000000000
1609060355.534754515 0.000000000 0.000000000
1609060355.560103893 0.000000000 0.000000000
1609060355.560327768 0.000000000 0.000000000
1609060355.608529568 0.000000000 0.000000000
1609060355.609019995 0.000000000 0.000000000
1609060355.634506464 0.000000000 0.000000000
1609060355.658709764 0.000000000 0.000000000
1609060355.659459114 0.000000000 0.000000000
1609060355.683798313 0.000000000 0.000000000
1609060355.684530973 0.000000000 0.000000000
1609060355.708745956 0.000000000 0.000000000
1609060355.709515333 0.000000000 0.000000000
1609060355.734512806 0.000000000 0.000000000
1609060355.734704018 0.000000000 0.000000000
1609060355.783571482 0.000000000 0.000000000
1609060355.784061432 0.000000000 0.000000000
1609060355.809460402 0.000000000 0.000000000
1609060355.833737850 0.000000000 0.000000000
1609060355.834488392 0.000000000 0.000000000
1609060355.858807564 0.000000000 0.000000000
1609060355.859569550 0.000000000 0.000000000
1609060355.883724451 0.000000000 0.000000000
1609060355.884729147 0.000000000 0.000000000
1609060355.908787966 0.000000000 0.000000000
1609060355.909612894 0.000000000 0.000000000
1609060355.958529949 0.000000000 0.000000000
1609060355.958983421 0.000000000 0.000000000
1609060356.008731127 0.000000000 0.000000000
1609060356.009869099 0.000000000 0.000000000
1609060356.033710241 0.000000000 0.000000000
1609060356.034525156 0.000000000 0.000000000
1609060356.058694839 0.000000000 0.000000000
1609060356.059505939 0.000000000 0.000000000
1609060356.083719969 0.000000000 0.000000000
1609060356.133520365 0.000000000 0.000000000
1609060356.134350538 0.000000000 0.000000000
1609060356.159427881 0.000000000 0.000000000
1609060356.183809996 0.000000000 0.000000000
1609060356.185421228 0.000000000 0.000000000
1609060356.208823919 0.000000000 0.000000000
1609060356.209674597 0.000000000 0.000000000
1609060356.233720779 0.000000000 0.000000000
1609060356.234577417 0.000000000 0.000000000
1609060356.258757591 0.000000000 0.000000000
1609060356.259475708 0.000000000 0.000000000
1609060356.308528900 0.000000000 0.000000000
1609060356.309045553 0.000000000 0.000000000
1609060356.334470272 0.000000000 0.000000000
1609060356.358694553 0.000000000 0.000000000
1609060356.359420300 0.000000000 0.000000000
1609060356.383796453 0.000000000 0.000000000
1609060356.384484053 0.000000000 0.000000000
1609060356.408718109 0.000000000 0.000000000
1609060356.409535170 0.000000000 0.000000000
1609060356.433715820 0.000000000 0.000000000
1609060356.483499289 0.000000000 0.000000000
1609060356.484037399 0.000000000 0.000000000
1609060356.508712769 0.000000000 0.000000000
1609060356.509437561 0.000000000 0.000000000
1609060356.533767462 0.000000000 0.000000000
1609060356.534773111 0.000000000 0.000000000
1609060356.558804274 0.000000000 0.000000000
1609060356.560162306 0.000000000 0.000000000
1609060356.583712578 0.000000000 0.000000000
1609060356.584566832 0.000000000 0.000000000
1609060356.608797550 0.000000000 0.000000000
1609060356.609062910 0.000000000 0.000000000
1609060356.658504248 0.000000000 0.000000000
1609060356.659115314 0.000000000 0.000000000
1609060356.683834553 0.000000000 0.000000000
1609060356.684456587 0.000000000 0.000000000
1609060356.708752871 0.000000000 0.000000000
1609060356.709467411 0.000000000 0.000000000
1609060356.733717918 0.000000000 0.000000000
1609060356.734525919 0.000000000 0.000000000
1609060356.758699417 0.000000000 0.000000000
1609060356.759503126 0.000000000 0.000000000
1609060356.783774137 0.000000000 0.000000000
1609060356.784538507 0.000000000 0.000000000
1609060356.833509922 0.000000000 0.000000000
1609060356.834082842 0.000000000 0.000000000
1609060356.859412909 0.000000000 0.000000000
1609060356.883686543 0.000000000 0.000000000
1609060356.884550095 0.000000000 0.000000000
1609060356.908502340 0.000000000 0.000000000
1609060356.909518003 0.000000000 0.000000000
1609060356.933691263 0.000000000 0.000000000
1609060356.934475899 0.000000000 0.000000000
1609060356.958723307 0.000000000 0.000000000
1609060357.008469820 0.000000000 0.000000000
1609060357.008973598 0.000000000 0.000000000
1609060357.033753395 0.000000000 0.000000000
1609060357.034399033 0.000000000 0.000000000
1609060357.058730841 0.000000000 0.000000000
1609060357.059483767 0.000000000 0.000000000
1609060357.083443642 0.000000000 0.000000000
1609060357.084482908 0.000000000 0.000000000
1609060357.108683109 0.000000000 0.000000000
1609060357.109463215 0.000000000 0.000000000
1609060357.133711100 0.000000000 0.000000000
1609060357.134473801 0.000000000 0.000000000
1609060357.183496714 0.000000000 0.000000000
1609060357.184040546 0.000000000 0.000000000
1609060357.208709955 0.000000000 0.000000000
1609060357.209423304 0.000000000 0.000000000
1609060357.233714342 0.000000000 0.000000000
1609060357.234415293 0.000000000 0.000000000
1609060357.258748055 0.000000000 0.000000000
1609060357.259466887 0.000000000 0.000000000
1609060357.283702850 0.000000000 0.000000000
1609060357.284538031 0.000000000 0.000000000
1609060357.308701754 0.000000000 0.000000000
1609060357.309463978 0.000000000 0.000000000
1609060357.358451128 0.000000000 0.000000000
1609060357.358965874 0.000000000 0.000000000
1609060357.384402514 0.000000000 0.000000000
1609060357.408725977 0.000000000 0.000000000
1609060357.433742762 0.000000000 0.000000000
1609060357.434475422 0.000000000 0.000000000
1609060357.459422112 0.000000000 0.000000000
1609060357.483639479 0.000000000 0.000000000
1609060357.533686161 0.000000000 0.000000000
1609060357.533972502 0.000000000 0.000000000
1609060357.558680773 0.000000000 0.000000000
1609060357.559479952 0.000000000 0.000000000
1609060357.583639383 0.000000000 0.000000000
1609060357.584453583 0.000000000 0.000000000
1609060357.608661652 0.000000000 0.000000000
1609060357.609433413 0.000000000 0.000000000
1609060357.633657932 0.000000000 0.000000000
1609060357.634479761 0.000000000 0.000000000
1609060357.658658981 0.000000000 0.000000000
1609060357.708464384 0.000000000 0.000000000
1609060357.708959341 0.000000000 0.000000000
1609060357.734560966 0.000000000 0.000000000
1609060357.758670807 0.000000000 0.000000000
1609060357.759419918 0.000000000 0.000000000
1609060357.783639669 0.000000000 0.000000000
1609060357.784425259 0.000000000 0.000000000
1609060357.808658838 0.000000000 0.000000000
1609060357.809430361 0.000000000 0.000000000
1609060357.833688498 0.000000000 0.000000000
1609060357.883476734 0.000000000 0.000000000
1609060357.883929729 0.000000000 0.000000000
1609060357.908642530 0.000000000 0.000000000
1609060357.909372568 0.000000000 0.000000000
1609060357.933689117 0.000000000 0.000000000
1609060357.958401442 0.000000000 0.000000000
1609060357.959359884 0.000000000 0.000000000
1609060357.983629942 0.000000000 0.000000000
1609060357.984493494 0.000000000 0.000000000
1609060358.008707285 0.000000000 0.000000000
1609060358.009417295 0.000000000 0.000000000
1609060358.058657885 0.000000000 0.000000000
1609060358.058907032 0.000000000 0.000000000
1609060358.083641768 0.000000000 0.000000000
1609060358.084362268 0.000000000 0.000000000
1609060358.108689070 0.000000000 0.000000000
1609060358.109395504 0.000000000 0.000000000
1609060358.133710384 0.000000000 0.000000000
1609060358.134355068 0.000000000 0.000000000
1609060358.158625603 0.000000000 0.000000000
1609060358.159473658 0.000000000 0.000000000
1609060358.183612585 0.000000000 0.000000000
1609060358.183953762 0.000000000 0.000000000
1609060358.233413458 0.000000000 0.000000000
1609060358.233893156 0.000000000 0.000000000
1609060358.259401560 0.000000000 0.000000000
1609060358.283639669 0.000000000 0.000000000
1609060358.284430981 0.000000000 0.000000000
1609060358.308729172 0.000000000 0.000000000
1609060358.309360266 0.000000000 0.000000000
1609060358.333642483 0.000000000 0.000000000
1609060358.334424973 0.000000000 0.000000000
1609060358.358638525 0.000000000 0.000000000
1609060358.408612967 0.000000000 0.000000000
1609060358.408886909 0.000000000 0.000000000
1609060358.434376717 0.000000000 0.000000000
1609060358.458640337 0.000000000 0.000000000
1609060358.459389210 0.000000000 0.000000000
1609060358.483424187 0.000000000 0.000000000
1609060358.484395981 0.000000000 0.000000000
1609060358.508617163 0.000000000 0.000000000
1609060358.509425163 0.000000000 0.000000000
1609060358.533636332 0.000000000 0.000000000
1609060358.583410740 0.000000000 0.000000000
1609060358.583926201 0.000000000 0.000000000
1609060358.608658314 0.000000000 0.000000000
1609060358.609396219 0.000000000 0.000000000
1609060358.633619785 0.000000000 0.000000000
1609060358.634370089 0.000000000 0.000000000
1609060358.658735752 0.000000000 0.000000000
1609060358.659418821 0.000000000 0.000000000
1609060358.683614731 0.000000000 0.000000000
1609060358.684394121 0.000000000 0.000000000
1609060358.708653450 0.000000000 0.000000000
1609060358.708882570 0.000000000 0.000000000
1609060358.758625746 0.000000000 0.000000000
1609060358.759378910 0.000000000 0.000000000
1609060358.783636570 0.000000000 0.000000000
1609060358.784390211 0.000000000 0.000000000
1609060358.808607578 0.000000000 0.000000000
1609060358.809354782 0.000000000 0.000000000
1609060358.834261417 0.000000000 0.000000000
1609060358.834406853 0.000000000 0.000000000
1609060358.858580351 0.000000000 0.000000000
1609060358.859394789 0.000000000 0.000000000
1609060358.883636951 0.000000000 0.000000000
1609060358.933387280 0.000000000 0.000000000
1609060358.933861494 0.000000000 0.000000000
1609060358.959365606 0.000000000 0.000000000
1609060358.983560562 0.000000000 0.000000000
1609060358.984488010 0.000000000 0.000000000
1609060359.008678675 0.000000000 0.000000000
1609060359.009388447 0.000000000 0.000000000
1609060359.033596992 0.000000000 0.000000000
1609060359.034399986 0.000000000 0.000000000
1609060359.058640242 0.000000000 0.000000000
1609060359.059401512 0.000000000 0.000000000
1609060359.108601093 0.000000000 0.000000000
1609060359.108904123 0.000000000 0.000000000
1609060359.133573771 0.000000000 0.000000000
1609060359.134412289 0.000000000 0.000000000
1609060359.158631325 0.000000000 0.000000000
1609060359.159466505 0.000000000 0.000000000
1609060359.183397770 0.000000000 0.000000000
1609060359.184427261 0.000000000 0.000000000
1609060359.209377289 0.000000000 0.000000000
1609060359.233609438 0.000000000 0.000000000
1609060359.234397888 0.000000000 0.000000000
1609060359.283384323 0.000000000 0.000000000
1609060359.283908367 0.000000000 0.000000000
1609060359.309374332 0.000000000 0.000000000
1609060359.333575964 0.000000000 0.000000000
1609060359.334414005 0.000000000 0.000000000
1609060359.358382940 0.000000000 0.000000000
1609060359.359384060 0.000000000 0.000000000
1609060359.383587360 0.000000000 0.000000000
1609060359.384413719 0.000000000 0.000000000
1609060359.408616543 0.000000000 0.000000000
1609060359.408867836 0.000000000 0.000000000
1609060359.458357334 0.000000000 0.000000000
1609060359.458837986 0.000000000 0.000000000
1609060359.483614683 0.000000000 0.000000000
1609060359.484370470 0.000000000 0.000000000
1609060359.508585215 0.000000000 0.000000000
1609060359.509361506 0.000000000 0.000000000
1609060359.533659935 0.000000000 0.000000000
1609060359.534368753 0.000000000 0.000000000
1609060359.558588505 0.000000000 0.000000000
1609060359.559356689 0.000000000 0.000000000
1609060359.583568573 0.000000000 0.000000000
1609060359.633394241 0.000000000 0.000000000
1609060359.633877754 0.000000000 0.000000000
1609060359.659326553 0.000000000 0.000000000
1609060359.683593988 0.000000000 0.000000000
1609060359.684322834 0.000000000 0.000000000
1609060359.708370924 0.000000000 0.000000000
1609060359.709389448 0.000000000 0.000000000
1609060359.733579636 0.000000000 0.000000000
1609060359.734381437 0.000000000 0.000000000
1609060359.758606434 0.000000000 0.000000000
1609060359.808576584 0.000000000 0.000000000
1609060359.808869123 0.000000000 0.000000000
1609060359.834320784 0.000000000 0.000000000
1609060359.858604431 0.000000000 0.000000000
1609060359.859329700 0.000000000 0.000000000
1609060359.883667707 0.000000000 0.000000000
1609060359.884366751 0.000000000 0.000000000
1609060359.908539057 0.000000000 0.000000000
1609060359.909354925 0.000000000 0.000000000
1609060359.933594227 0.000000000 0.000000000
1609060359.983358145 0.000000000 0.000000000
1609060359.983884811 0.000000000 0.000000000
1609060360.033593893 0.000000000 0.000000000
1609060360.034332991 0.000000000 0.000000000
1609060360.058667898 0.000000000 0.000000000
1609060360.059388161 0.000000000 0.000000000
1609060360.083540678 0.000000000 0.000000000
1609060360.084338188 0.000000000 0.000000000
1609060360.108565807 0.000000000 0.000000000
1609060360.109307766 0.000000000 0.000000000
1609060360.158566236 0.000000000 0.000000000
1609060360.158838749 0.000000000 0.000000000
1609060360.184386015 0.000000000 0.000000000
1609060360.208579302 0.000000000 0.000000000
1609060360.209304810 0.000000000 0.000000000
1609060360.233645916 0.000000000 0.000000000
1609060360.234360933 0.000000000 0.000000000
1609060360.258533478 0.000000000 0.000000000
1609060360.259322882 0.000000000 0.000000000
1609060360.283596039 0.000000000 0.000000000
1609060360.333339214 0.000000000 0.000000000
1609060360.333837986 0.000000000 0.000000000
1609060360.359299421 0.000000000 0.000000000
1609060360.383592129 0.000000000 0.000000000
1609060360.408370972 0.000000000 0.000000000
1609060360.409338713 0.000000000 0.000000000
1609060360.433617592 0.000000000 0.000000000
1609060360.434394360 0.000000000 0.000000000
1609060360.458577871 0.000000000 0.000000000
1609060360.508597374 0.000000000 0.000000000
1609060360.509322882 0.000000000 0.000000000
1609060360.533568859 0.000000000 0.000000000
1609060360.534304857 0.000000000 0.000000000
1609060360.558586359 0.000000000 0.000000000
1609060360.559368849 0.000000000 0.000000000
1609060360.583322525 0.000000000 0.000000000
1609060360.584316730 0.000000000 0.000000000
1609060360.608520746 0.000000000 0.000000000
1609060360.609392405 0.000000000 0.000000000
1609060360.633567572 0.000000000 0.000000000
1609060360.683323860 0.000000000 0.000000000
1609060360.683836460 0.000000000 0.000000000
1609060360.708540201 0.000000000 0.000000000
1609060360.709283829 0.000000000 0.000000000
1609060360.733535051 0.000000000 0.000000000
1609060360.734350920 0.000000000 0.000000000
1609060360.758635044 0.000000000 0.000000000
1609060360.759285212 0.000000000 0.000000000
1609060360.783559322 0.000000000 0.000000000
1609060360.784347057 0.000000000 0.000000000
1609060360.808565378 0.000000000 0.000000000
1609060360.809338331 0.000000000 0.000000000
1609060360.858514071 0.000000000 0.000000000
1609060360.859288692 0.000000000 0.000000000
1609060360.884269238 0.000000000 0.000000000
1609060360.908554316 0.000000000 0.000000000
1609060360.909293652 0.000000000 0.000000000
1609060360.933610916 0.000000000 0.000000000
1609060360.934296846 0.000000000 0.000000000
1609060360.958541155 0.000000000 0.000000000
1609060360.959381104 0.000000000 0.000000000
1609060360.983556986 0.000000000 0.000000000
1609060361.033326387 0.000000000 0.000000000
1609060361.034061909 0.000000000 0.000000000
1609060361.059265375 0.000000000 0.000000000
1609060361.083556890 0.000000000 0.000000000
1609060361.108521938 0.000000000 0.000000000
1609060361.109316111 0.000000000 0.000000000
1609060361.133571625 0.000000000 0.000000000
1609060361.134285927 0.000000000 0.000000000
1609060361.158539534 0.000000000 0.000000000
1609060361.159312963 0.000000000 0.000000000
1609060361.208380222 0.000000000 0.000000000
1609060361.208803654 0.000000000 0.000000000
1609060361.258526087 0.000000000 0.000000000
1609060361.259366751 0.000000000 0.000000000
1609060361.283508539 0.000000000 0.000000000
1609060361.284376860 0.000000000 0.000000000
1609060361.308532000 0.000000000 0.000000000
1609060361.309290886 0.000000000 0.000000000
1609060361.333533049 0.000000000 0.000000000
1609060361.334342718 0.000000000 0.000000000
1609060361.383310556 0.000000000 0.000000000
1609060361.383806467 0.000000000 0.000000000
1609060361.409216881 0.000000000 0.000000000
1609060361.433542490 0.000000000 0.000000000
1609060361.434427261 0.000000000 0.000000000
1609060361.458577633 0.000000000 0.000000000
1609060361.459333420 0.000000000 0.000000000
1609060361.483507872 0.000000000 0.000000000
1609060361.484322071 0.000000000 0.000000000
1609060361.508542061 0.000000000 0.000000000
1609060361.558277130 0.000000000 0.000000000
1609060361.558814764 0.000000000 0.000000000
1609060361.584278584 0.000000000 0.000000000
1609060361.608534813 0.000000000 0.000000000
1609060361.609288454 0.000000000 0.000000000
1609060361.633558750 0.000000000 0.000000000
1609060361.634309292 0.000000000 0.000000000
1609060361.658542871 0.000000000 0.000000000
1609060361.659271240 0.000000000 0.000000000
1609060361.683563232 0.000000000 0.000000000
1609060361.733319044 0.000000000 0.000000000
1609060361.733779669 0.000000000 0.000000000
1609060361.759247541 0.000000000 0.000000000
1609060361.783522606 0.000000000 0.000000000
1609060361.784440517 0.000000000 0.000000000
1609060361.808341980 0.000000000 0.000000000
1609060361.809312582 0.000000000 0.000000000
1609060361.833549500 0.000000000 0.000000000
1609060361.834280968 0.000000000 0.000000000
1609060361.858516455 0.000000000 0.000000000
1609060361.859315634 0.000000000 0.000000000
1609060361.908367395 0.000000000 0.000000000
1609060361.908777952 0.000000000 0.000000000
1609060361.933525324 0.000000000 0.000000000
1609060361.934255600 0.000000000 0.000000000
1609060361.958529234 0.000000000 0.000000000
1609060361.959298849 0.000000000 0.000000000
1609060361.983581066 0.000000000 0.000000000
1609060361.984408140 0.000000000 0.000000000
1609060362.008531094 0.000000000 0.000000000
1609060362.009296656 0.000000000 0.000000000
1609060362.033534527 0.000000000 0.000000000
1609060362.034298420 0.000000000 0.000000000
1609060362.083304644 0.000000000 0.000000000
1609060362.083750248 0.000000000 0.000000000
1609060362.109226704 0.000000000 0.000000000
1609060362.133517504 0.000000000 0.000000000
1609060362.134328365 0.000000000 0.000000000
1609060362.158601522 0.000000000 0.000000000
1609060362.159297228 0.000000000 0.000000000
1609060362.183483601 0.000000000 0.000000000
1609060362.184331894 0.000000000 0.000000000
1609060362.208572626 0.000000000 0.000000000
1609060362.209258795 0.000000000 0.000000000
1609060362.258274078 0.000000000 0.000000000
1609060362.258755684 0.000000000 0.000000000
1609060362.283544540 0.000000000 0.000000000
1609060362.284297228 0.000000000 0.000000000
1609060362.308532953 0.000000000 0.000000000
1609060362.309286833 0.000000000 0.000000000
1609060362.333595753 0.000000000 0.000000000
1609060362.334299564 0.000000000 0.000000000
1609060362.358498096 0.000000000 0.000000000
1609060362.359318495 0.000000000 0.000000000
1609060362.383509398 0.000000000 0.000000000
1609060362.433267593 0.000000000 0.000000000
1609060362.433747053 0.000000000 0.000000000
1609060362.458543301 0.000000000 0.000000000
1609060362.459265709 0.000000000 0.000000000
1609060362.483536482 0.000000000 0.000000000
1609060362.484222651 0.000000000 0.000000000
1609060362.508604527 0.000000000 0.000000000
1609060362.509271383 0.000000000 0.000000000
1609060362.533516884 0.000000000 0.000000000
1609060362.534258842 0.000000000 0.000000000
1609060362.558532476 0.000000000 0.000000000
1609060362.559308767 0.000000000 0.000000000
1609060362.608252764 0.000000000 0.000000000
1609060362.608747005 0.000000000 0.000000000
1609060362.634198904 0.000000000 0.000000000
1609060362.658504009 0.000000000 0.000000000
1609060362.659312487 0.000000000 0.000000000
1609060362.683263302 0.000000000 0.000000000
1609060362.684341669 0.000000000 0.000000000
1609060362.708530188 0.000000000 0.000000000
1609060362.709189653 0.000000000 0.000000000
1609060362.733559608 0.000000000 0.000000000
1609060362.783291340 0.000000000 0.000000000
1609060362.783775330 0.000000000 0.000000000
1609060362.809202194 0.000000000 0.000000000
1609060362.833482265 0.000000000 0.000000000
1609060362.834185839 0.000000000 0.000000000
1609060362.858476400 0.000000000 0.000000000
1609060362.859364748 0.000000000 0.000000000
1609060362.883461237 0.000000000 0.000000000
1609060362.884258747 0.000000000 0.000000000
1609060362.908532858 0.000000000 0.000000000
1609060362.909176826 0.000000000 0.000000000
1609060362.958265305 0.000000000 0.000000000
1609060362.958748579 0.000000000 0.000000000
1609060362.983502388 0.000000000 0.000000000
1609060362.984262466 0.000000000 0.000000000
1609060363.008497477 0.000000000 0.000000000
1609060363.009217262 0.000000000 0.000000000
1609060363.033530235 0.000000000 0.000000000
1609060363.034215450 0.000000000 0.000000000
1609060363.058472633 0.000000000 0.000000000
1609060363.059262991 0.000000000 0.000000000
1609060363.083492756 0.000000000 0.000000000
1609060363.084245205 0.000000000 0.000000000
1609060363.133296490 0.000000000 0.000000000
1609060363.133715153 0.000000000 0.000000000
1609060363.158545971 0.000000000 0.000000000
1609060363.159212828 0.000000000 0.000000000
1609060363.183460236 0.000000000 0.000000000
1609060363.208513021 0.000000000 0.000000000
1609060363.209217548 0.000000000 0.000000000
1609060363.233438969 0.000000000 0.000000000
1609060363.234244347 0.000000000 0.000000000
1609060363.258468866 0.000000000 0.000000000
1609060363.259220600 0.000000000 0.000000000
1609060363.308466911 0.000000000 0.000000000
1609060363.308743954 0.000000000 0.000000000
1609060363.333515406 0.000000000 0.000000000
1609060363.334264517 0.000000000 0.000000000
1609060363.358500719 0.000000000 0.000000000
1609060363.359216690 0.000000000 0.000000000
1609060363.383506060 0.000000000 0.000000000
1609060363.384340048 0.000000000 0.000000000
1609060363.408438683 0.000000000 0.000000000
1609060363.409248829 0.000000000 0.000000000
1609060363.433525562 0.000000000 0.000000000
1609060363.434258223 0.000000000 0.000000000
1609060363.483415842 0.000000000 0.000000000
1609060363.483701944 0.000000000 0.000000000
1609060363.508484125 0.000000000 0.000000000
1609060363.509166956 0.000000000 0.000000000
1609060363.533435583 0.000000000 0.000000000
1609060363.534153461 0.000000000 0.000000000
1609060363.558534622 0.000000000 0.000000000
1609060363.559270620 0.000000000 0.000000000
1609060363.583460331 0.000000000 0.000000000
1609060363.584270000 0.000000000 0.000000000
1609060363.608468294 0.000000000 0.000000000
1609060363.609248161 0.000000000 0.000000000
1609060363.658235788 0.000000000 0.000000000
1609060363.658707619 0.000000000 0.000000000
1609060363.684185266 0.000000000 0.000000000
1609060363.708430052 0.000000000 0.000000000
1609060363.709249735 0.000000000 0.000000000
1609060363.733513832 0.000000000 0.000000000
1609060363.734290361 0.000000000 0.000000000
1609060363.758439779 0.000000000 0.000000000
1609060363.759172440 0.000000000 0.000000000
1609060363.783469200 0.000000000 0.000000000
1609060363.784283638 0.000000000 0.000000000
1609060363.833214521 0.000000000 0.000000000
1609060363.833707571 0.000000000 0.000000000
1609060363.859156370 0.000000000 0.000000000
1609060363.883466959 0.000000000 0.000000000
1609060363.884198189 0.000000000 0.000000000
1609060363.908457994 0.000000000 0.000000000
1609060363.909242392 0.000000000 0.000000000
1609060363.933480263 0.000000000 0.000000000
1609060363.934249878 0.000000000 0.000000000
1609060363.958507299 0.000000000 0.000000000
1609060363.958684921 0.000000000 0.000000000
1609060364.008378983 0.000000000 0.000000000
1609060364.008729696 0.000000000 0.000000000
1609060364.034119129 0.000000000 0.000000000
1609060364.058441639 0.000000000 0.000000000
1609060364.059208632 0.000000000 0.000000000
1609060364.083488703 0.000000000 0.000000000
1609060364.084283829 0.000000000 0.000000000
1609060364.108476877 0.000000000 0.000000000
1609060364.109138012 0.000000000 0.000000000
1609060364.133439064 0.000000000 0.000000000
1609060364.134357691 0.000000000 0.000000000
1609060364.183210373 0.000000000 0.000000000
1609060364.183740616 0.000000000 0.000000000
1609060364.209198236 0.000000000 0.000000000
1609060364.233445644 0.000000000 0.000000000
1609060364.234163284 0.000000000 0.000000000
1609060364.258523703 0.000000000 0.000000000
1609060364.259173870 0.000000000 0.000000000
1609060364.283419371 0.000000000 0.000000000
1609060364.284257412 0.000000000 0.000000000
1609060364.308432817 0.000000000 0.000000000
1609060364.358200550 0.000000000 0.000000000
1609060364.358669519 0.000000000 0.000000000
1609060364.384172678 0.000000000 0.000000000
1609060364.408437729 0.000000000 0.000000000
1609060364.409235001 0.000000000 0.000000000
1609060364.433492661 0.000000000 0.000000000
1609060364.434221506 0.000000000 0.000000000
1609060364.459123611 0.000000000 0.000000000
1609060364.483409405 0.000000000 0.000000000
1609060364.533202171 0.000000000 0.000000000
1609060364.533918858 0.000000000 0.000000000
1609060364.559175014 0.000000000 0.000000000
1609060364.583436251 0.000000000 0.000000000
1609060364.584294558 0.000000000 0.000000000
1609060364.608500957 0.000000000 0.000000000
1609060364.609164953 0.000000000 0.000000000
1609060364.633376360 0.000000000 0.000000000
1609060364.634189606 0.000000000 0.000000000
1609060364.658421278 0.000000000 0.000000000
1609060364.658669233 0.000000000 0.000000000
1609060364.708273649 0.000000000 0.000000000
1609060364.708665133 0.000000000 0.000000000
1609060364.734148026 0.000000000 0.000000000
1609060364.758436441 0.000000000 0.000000000
1609060364.759204865 0.000000000 0.000000000
1609060364.783232212 0.000000000 0.000000000
1609060364.784279346 0.000000000 0.000000000
1609060364.808401585 0.000000000 0.000000000
1609060364.809236765 0.000000000 0.000000000
1609060364.833443403 0.000000000 0.000000000
1609060364.883169651 0.000000000 0.000000000
1609060364.883650303 0.000000000 0.000000000
1609060364.908396721 0.000000000 0.000000000
1609060364.909159899 0.000000000 0.000000000
1609060364.933394670 0.000000000 0.000000000
1609060364.934193134 0.000000000 0.000000000
1609060364.958518505 0.000000000 0.000000000
1609060364.959292650 0.000000000 0.000000000
1609060364.983381271 0.000000000 0.000000000
1609060364.984173536 0.000000000 0.000000000
1609060365.008443117 0.000000000 0.000000000
1609060365.009169340 0.000000000 0.000000000
1609060365.058180332 0.000000000 0.000000000
1609060365.058689117 0.000000000 0.000000000
1609060365.084146976 0.000000000 0.000000000
1609060365.108418226 0.000000000 0.000000000
1609060365.109157562 0.000000000 0.000000000
1609060365.133479118 0.000000000 0.000000000
1609060365.134140253 0.000000000 0.000000000
1609060365.158412457 0.000000000 0.000000000
1609060365.159209728 0.000000000 0.000000000
1609060365.183418989 0.000000000 0.000000000
1609060365.233224392 0.000000000 0.000000000
1609060365.233652353 0.000000000 0.000000000
1609060365.259185314 0.000000000 0.000000000
1609060365.283411741 0.000000000 0.000000000
1609060365.308212519 0.000000000 0.000000000
1609060365.309123039 0.000000000 0.000000000
1609060365.333368301 0.000000000 0.000000000
1609060365.334206820 0.000000000 0.000000000
1609060365.358409405 0.000000000 0.000000000
1609060365.359212875 0.000000000 0.000000000
1609060365.408396006 0.000000000 0.000000000
1609060365.408611774 0.000000000 0.000000000
1609060365.434112787 0.000000000 0.000000000
1609060365.458395481 0.000000000 0.000000000
1609060365.459155798 0.000000000 0.000000000
1609060365.483164787 0.000000000 0.000000000
1609060365.484200478 0.000000000 0.000000000
1609060365.508377075 0.000000000 0.000000000
1609060365.509210110 0.000000000 0.000000000
1609060365.533426285 0.000000000 0.000000000
1609060365.583442211 0.000000000 0.000000000
1609060365.583689451 0.000000000 0.000000000
1609060365.609122038 0.000000000 0.000000000
1609060365.633361578 0.000000000 0.000000000
1609060365.634070396 0.000000000 0.000000000
1609060365.658195972 0.000000000 0.000000000
1609060365.659152746 0.000000000 0.000000000
1609060365.683400631 0.000000000 0.000000000
1609060365.684191465 0.000000000 0.000000000
1609060365.708691120 0.000000000 0.000000000
1609060365.758224726 0.000000000 0.000000000
1609060365.758608580 0.000000000 0.000000000
1609060365.783383846 0.000000000 0.000000000
1609060365.784188271 0.000000000 0.000000000
1609060365.833422422 0.000000000 0.000000000
1609060365.834170818 0.000000000 0.000000000
1609060365.858384371 0.000000000 0.000000000
1609060365.859152794 0.000000000 0.000000000
1609060365.883351088 0.000000000 0.000000000
1609060365.884123087 0.000000000 0.000000000
1609060365.933191776 0.000000000 0.000000000
1609060365.933614969 0.000000000 0.000000000
1609060365.959135056 0.000000000 0.000000000
1609060365.983358860 0.000000000 0.000000000
1609060365.984233856 0.000000000 0.000000000
1609060366.008409739 0.000000000 0.000000000
1609060366.009219646 0.000000000 0.000000000
1609060366.033353806 0.000000000 0.000000000
1609060366.034109592 0.000000000 0.000000000
1609060366.058454752 0.000000000 0.000000000
1609060366.108458281 0.000000000 0.000000000
1609060366.108615398 0.000000000 0.000000000
1609060366.134088516 0.000000000 0.000000000
1609060366.158382177 0.000000000 0.000000000
1609060366.159102917 0.000000000 0.000000000
1609060366.183406830 0.000000000 0.000000000
1609060366.184079647 0.000000000 0.000000000
1609060366.208337307 0.000000000 0.000000000
1609060366.209104300 0.000000000 0.000000000
1609060366.233357191 0.000000000 0.000000000
1609060366.234097481 0.000000000 0.000000000
1609060366.283114910 0.000000000 0.000000000
1609060366.283670664 0.000000000 0.000000000
1609060366.309098244 0.000000000 0.000000000
1609060366.333379745 0.000000000 0.000000000
1609060366.334183455 0.000000000 0.000000000
1609060366.358111143 0.000000000 0.000000000
1609060366.359156132 0.000000000 0.000000000
1609060366.383332729 0.000000000 0.000000000
1609060366.384109974 0.000000000 0.000000000
1609060366.408372402 0.000000000 0.000000000
1609060366.408607721 0.000000000 0.000000000
1609060366.458110571 0.000000000 0.000000000
1609060366.460240841 0.000000000 0.000000000
1609060366.484106064 0.000000000 0.000000000
1609060366.508342266 0.000000000 0.000000000
1609060366.533174038 0.000000000 0.000000000
1609060366.534116030 0.000000000 0.000000000
1609060366.558317423 0.000000000 0.000000000
1609060366.559133053 0.000000000 0.000000000
1609060366.583332300 0.000000000 0.000000000
1609060366.584015846 0.000000000 0.000000000
1609060366.633126020 0.000000000 0.000000000
1609060366.633579969 0.000000000 0.000000000
1609060366.659087181 0.000000000 0.000000000
1609060366.683356524 0.000000000 0.000000000
1609060366.684137821 0.000000000 0.000000000
1609060366.708355188 0.000000000 0.000000000
1609060366.709083557 0.000000000 0.000000000
1609060366.733335495 0.000000000 0.000000000
1609060366.734133482 0.000000000 0.000000000
1609060366.758325815 0.000000000 0.000000000
1609060366.759077311 0.000000000 0.000000000
1609060366.808157444 0.000000000 0.000000000
1609060366.808594704 0.000000000 0.000000000
1609060366.834063768 0.000000000 0.000000000
1609060366.858321190 0.000000000 0.000000000
1609060366.859147549 0.000000000 0.000000000
1609060366.883128405 0.000000000 0.000000000
1609060366.884195089 0.000000000 0.000000000
1609060366.908324242 0.000000000 0.000000000
1609060366.909113169 0.000000000 0.000000000
1609060366.933437824 0.000000000 0.000000000
1609060366.983290434 0.000000000 0.000000000
1609060366.983579397 0.000000000 0.000000000
1609060367.009073734 0.000000000 0.000000000
1609060367.034030914 0.000000000 0.000000000
1609060367.058134079 0.000000000 0.000000000
1609060367.059172153 0.000000000 0.000000000
1609060367.083343744 0.000000000 0.000000000
1609060367.084291458 0.000000000 0.000000000
1609060367.109169960 0.000000000 0.000000000
1609060367.158343077 0.000000000 0.000000000
1609060367.158569574 0.000000000 0.000000000
1609060367.208308697 0.000000000 0.000000000
1609060367.209099293 0.000000000 0.000000000
1609060367.233358383 0.000000000 0.000000000
1609060367.234147549 0.000000000 0.000000000
1609060367.258333921 0.000000000 0.000000000
1609060367.259086609 0.000000000 0.000000000
1609060367.283337831 0.000000000 0.000000000
1609060367.333125830 0.000000000 0.000000000
1609060367.333574057 0.000000000 0.000000000
1609060367.358294249 0.000000000 0.000000000
1609060367.359004974 0.000000000 0.000000000
1609060367.383325338 0.000000000 0.000000000
1609060367.384161711 0.000000000 0.000000000
1609060367.408380508 0.000000000 0.000000000
1609060367.409115553 0.000000000 0.000000000
1609060367.433372259 0.000000000 0.000000000
1609060367.434134007 0.000000000 0.000000000
1609060367.458431721 0.000000000 0.000000000
1609060367.508088827 0.000000000 0.000000000
1609060367.508612633 0.000000000 0.000000000
1609060367.534041882 0.000000000 0.000000000
1609060367.558349133 0.000000000 0.000000000
1609060367.559126854 0.000000000 0.000000000
1609060367.583357811 0.000000000 0.000000000
1609060367.584117651 0.000000000 0.000000000
1609060367.608312368 0.000000000 0.000000000
1609060367.609109163 0.000000000 0.000000000
1609060367.633338213 0.000000000 0.000000000
1609060367.683078051 0.000000000 0.000000000
1609060367.683545113 0.000000000 0.000000000
1609060367.708340645 0.000000000 0.000000000
1609060367.709007263 0.000000000 0.000000000
1609060367.733369827 0.000000000 0.000000000
1609060367.734069347 0.000000000 0.000000000
1609060367.758389711 0.000000000 0.000000000
1609060367.759048462 0.000000000 0.000000000
1609060367.783290863 0.000000000 0.000000000
1609060367.784164429 0.000000000 0.000000000
1609060367.808365822 0.000000000 0.000000000
1609060367.809120417 0.000000000 0.000000000
1609060367.858280182 0.000000000 0.000000000
1609060367.858559132 0.000000000 0.000000000
1609060367.884065866 0.000000000 0.000000000
1609060367.908309221 0.000000000 0.000000000
1609060367.909064293 0.000000000 0.000000000
1609060367.933356047 0.000000000 0.000000000
1609060367.934079647 0.000000000 0.000000000
1609060367.958322763 0.000000000 0.000000000
1609060367.959139585 0.000000000 0.000000000
1609060367.983306408 0.000000000 0.000000000
1609060368.033105373 0.000000000 0.000000000
1609060368.033515453 0.000000000 0.000000000
1609060368.059017658 0.000000000 0.000000000
1609060368.083274126 0.000000000 0.000000000
1609060368.084098577 0.000000000 0.000000000
1609060368.108358860 0.000000000 0.000000000
1609060368.133274555 0.000000000 0.000000000
1609060368.134037733 0.000000000 0.000000000
1609060368.158322334 0.000000000 0.000000000
1609060368.158550501 0.000000000 0.000000000
1609060368.208276272 0.000000000 0.000000000
1609060368.208544970 0.000000000 0.000000000
1609060368.234031200 0.000000000 0.000000000
1609060368.258278131 0.000000000 0.000000000
1609060368.259021044 0.000000000 0.000000000
1609060368.283384323 0.000000000 0.000000000
1609060368.284130096 0.000000000 0.000000000
1609060368.308318377 0.000000000 0.000000000
1609060368.309044838 0.000000000 0.000000000
1609060368.333334684 0.000000000 0.000000000
1609060368.334128618 0.000000000 0.000000000
1609060368.383103371 0.000000000 0.000000000
1609060368.383590698 0.000000000 0.000000000
1609060368.408279181 0.000000000 0.000000000
1609060368.409026623 0.000000000 0.000000000
1609060368.433278084 0.000000000 0.000000000
1609060368.434093475 0.000000000 0.000000000
1609060368.458370686 0.000000000 0.000000000
1609060368.459054470 0.000000000 0.000000000
1609060368.483294964 0.000000000 0.000000000
1609060368.484003067 0.000000000 0.000000000
1609060368.508374453 0.000000000 0.000000000
1609060368.508518934 0.000000000 0.000000000
1609060368.558257103 0.000000000 0.000000000
1609060368.558498621 0.000000000 0.000000000
1609060368.583261967 0.000000000 0.000000000
1609060368.584027529 0.000000000 0.000000000
1609060368.608282566 0.000000000 0.000000000
1609060368.609072447 0.000000000 0.000000000
1609060368.633325100 0.000000000 0.000000000
1609060368.634016275 0.000000000 0.000000000
1609060368.658268929 0.000000000 0.000000000
1609060368.659068823 0.000000000 0.000000000
1609060368.683298111 0.000000000 0.000000000
1609060368.733105183 0.000000000 0.000000000
1609060368.733516693 0.000000000 0.000000000
1609060368.759056807 0.000000000 0.000000000
1609060368.784101725 0.000000000 0.000000000
1609060368.808324337 0.000000000 0.000000000
1609060368.809106350 0.000000000 0.000000000
1609060368.833317518 0.000000000 0.000000000
1609060368.833978415 0.000000000 0.000000000
1609060368.858263016 0.000000000 0.000000000
1609060368.908266544 0.000000000 0.000000000
1609060368.908480167 0.000000000 0.000000000
1609060368.933956623 0.000000000 0.000000000
1609060368.958260059 0.000000000 0.000000000
1609060368.959080696 0.000000000 0.000000000
1609060368.983286381 0.000000000 0.000000000
1609060368.984133720 0.000000000 0.000000000
1609060369.008326292 0.000000000 0.000000000
1609060369.008996248 0.000000000 0.000000000
1609060369.033265352 0.000000000 0.000000000
1609060369.033986568 0.000000000 0.000000000
1609060369.083236933 0.000000000 0.000000000
1609060369.108933210 0.000000000 0.000000000
1609060369.133240223 0.000000000 0.000000000
1609060369.133957386 0.000000000 0.000000000
1609060369.158268929 0.000000000 0.000000000
1609060369.159037352 0.000000000 0.000000000
1609060369.183043957 0.000000000 0.000000000
1609060369.184083223 0.000000000 0.000000000
1609060369.208300591 0.000000000 0.000000000
1609060369.209062338 0.000000000 0.000000000
1609060369.258226633 0.000000000 0.000000000
1609060369.258491755 0.000000000 0.000000000
1609060369.282767534 0.000000000 0.000000000
1609060369.284003258 0.000000000 0.000000000
1609060369.308269739 0.000000000 0.000000000
1609060369.309070587 0.000000000 0.000000000
1609060369.333351135 0.000000000 0.000000000
1609060369.334031343 0.000000000 0.000000000
1609060369.358228922 0.000000000 0.000000000
1609060369.359068394 0.000000000 0.000000000
1609060369.383271933 0.000000000 0.000000000
1609060369.384026527 0.000000000 0.000000000
1609060369.433315992 0.000000000 0.000000000
1609060369.433482647 0.000000000 0.000000000
1609060369.457753181 0.000000000 0.000000000
1609060369.459018469 0.000000000 0.000000000
1609060369.483259678 0.000000000 0.000000000
1609060369.508262157 0.000000000 0.000000000
1609060369.509003878 0.000000000 0.000000000
1609060369.533306837 0.000000000 0.000000000
1609060369.534000158 0.000000000 0.000000000
1609060369.558271885 0.000000000 0.000000000
1609060369.558988333 0.000000000 0.000000000
1609060369.608243942 0.000000000 0.000000000
1609060369.608478785 0.000000000 0.000000000
1609060369.633961439 0.000000000 0.000000000
1609060369.658240557 0.000000000 0.000000000
1609060369.659085989 0.000000000 0.000000000
1609060369.683267593 0.000000000 0.000000000
1609060369.684064150 0.000000000 0.000000000
1609060369.708350897 0.000000000 0.000000000
1609060369.708958387 0.000000000 0.000000000
1609060369.733253717 0.000000000 0.000000000
1609060369.733525515 0.000000000 0.000000000
1609060369.783235073 0.000000000 0.000000000
1609060369.783533335 0.000000000 0.000000000
1609060369.807764530 0.000000000 0.000000000
1609060369.809016705 0.000000000 0.000000000
1609060369.834442139 0.000000000 0.000000000
1609060369.834589720 0.000000000 0.000000000
1609060369.858262539 0.000000000 0.000000000
1609060369.859018087 0.000000000 0.000000000
1609060369.883241177 0.000000000 0.000000000
1609060369.884024143 0.000000000 0.000000000
1609060369.908252954 0.000000000 0.000000000
1609060369.908747196 0.000000000 0.000000000
1609060369.958226204 0.000000000 0.000000000
1609060369.958453178 0.000000000 0.000000000
1609060369.984000444 0.000000000 0.000000000
1609060370.008254766 0.000000000 0.000000000
1609060370.008759975 0.000000000 0.000000000
1609060370.033280849 0.000000000 0.000000000
1609060370.034027100 0.000000000 0.000000000
1609060370.058229923 0.000000000 0.000000000
1609060370.059054613 0.000000000 0.000000000
1609060370.083261728 0.000000000 0.000000000
1609060370.083482504 0.000000000 0.000000000
1609060370.133246899 0.000000000 0.000000000
1609060370.133498907 0.000000000 0.000000000
1609060370.158961773 0.000000000 0.000000000
1609060370.184108496 0.000000000 0.000000000
1609060370.208282471 0.000000000 0.000000000
1609060370.209005117 0.000000000 0.000000000
1609060370.233226061 0.000000000 0.000000000
1609060370.234034061 0.000000000 0.000000000
1609060370.258199453 0.000000000 0.000000000
1609060370.259006977 0.000000000 0.000000000
1609060370.308221340 0.000000000 0.000000000
1609060370.308455944 0.000000000 0.000000000
1609060370.333955050 0.000000000 0.000000000
1609060370.358200073 0.000000000 0.000000000
1609060370.358741760 0.000000000 0.000000000
1609060370.383200645 0.000000000 0.000000000
1609060370.384030581 0.000000000 0.000000000
1609060370.408258200 0.000000000 0.000000000
1609060370.409006596 0.000000000 0.000000000
1609060370.433227062 0.000000000 0.000000000
1609060370.433956623 0.000000000 0.000000000
1609060370.483189344 0.000000000 0.000000000
1609060370.483443975 0.000000000 0.000000000
1609060370.508892536 0.000000000 0.000000000
1609060370.533206463 0.000000000 0.000000000
1609060370.533704519 0.000000000 0.000000000
1609060370.558265686 0.000000000 0.000000000
1609060370.558977842 0.000000000 0.000000000
1609060370.582997561 0.000000000 0.000000000
1609060370.584066629 0.000000000 0.000000000
1609060370.608257532 0.000000000 0.000000000
1609060370.608916521 0.000000000 0.000000000
1609060370.658171415 0.000000000 0.000000000
1609060370.658940077 0.000000000 0.000000000
1609060370.683918238 0.000000000 0.000000000
1609060370.708193302 0.000000000 0.000000000
1609060370.708687782 0.000000000 0.000000000
1609060370.733209848 0.000000000 0.000000000
1609060370.734026670 0.000000000 0.000000000
1609060370.758023024 0.000000000 0.000000000
1609060370.783220530 0.000000000 0.000000000
1609060370.784054518 0.000000000 0.000000000
1609060370.833233833 0.000000000 0.000000000
1609060370.833979607 0.000000000 0.000000000
1609060370.857745171 0.000000000 0.000000000
1609060370.858929634 0.000000000 0.000000000
1609060370.883219719 0.000000000 0.000000000
1609060370.883729219 0.000000000 0.000000000
1609060370.908212662 0.000000000 0.000000000
1609060370.908944130 0.000000000 0.000000000
1609060370.933024883 0.000000000 0.000000000
1609060370.958215714 0.000000000 0.000000000
1609060370.958973169 0.000000000 0.000000000
1609060371.008172274 0.000000000 0.000000000
1609060371.008395910 0.000000000 0.000000000
1609060371.032736778 0.000000000 0.000000000
1609060371.033897161 0.000000000 0.000000000
1609060371.058194399 0.000000000 0.000000000
1609060371.058736324 0.000000000 0.000000000
1609060371.083206177 0.000000000 0.000000000
1609060371.084003448 0.000000000 0.000000000
1609060371.108280182 0.000000000 0.000000000
1609060371.108944416 0.000000000 0.000000000
1609060371.133190870 0.000000000 0.000000000
1609060371.133720636 0.000000000 0.000000000
1609060371.183184624 0.000000000 0.000000000
1609060371.183581829 0.000000000 0.000000000
1609060371.207702875 0.000000000 0.000000000
1609060371.208899736 0.000000000 0.000000000
1609060371.233183146 0.000000000 0.000000000
1609060371.258192062 0.000000000 0.000000000
1609060371.258963823 0.000000000 0.000000000
1609060371.283010483 0.000000000 0.000000000
1609060371.284075499 0.000000000 0.000000000
1609060371.308229446 0.000000000 0.000000000
1609060371.308697224 0.000000000 0.000000000
1609060371.358166218 0.000000000 0.000000000
1609060371.358386517 0.000000000 0.000000000
1609060371.383990049 0.000000000 0.000000000
1609060371.408187151 0.000000000 0.000000000
1609060371.409057379 0.000000000 0.000000000
1609060371.433163881 0.000000000 0.000000000
1609060371.434020042 0.000000000 0.000000000
1609060371.458002806 0.000000000 0.000000000
1609060371.458877087 0.000000000 0.000000000
1609060371.483196259 0.000000000 0.000000000
1609060371.483661652 0.000000000 0.000000000
1609060371.533183575 0.000000000 0.000000000
1609060371.533393621 0.000000000 0.000000000
1609060371.558963537 0.000000000 0.000000000
1609060371.583198309 0.000000000 0.000000000
1609060371.583688498 0.000000000 0.000000000
1609060371.608176947 0.000000000 0.000000000
1609060371.608964443 0.000000000 0.000000000
1609060371.633139133 0.000000000 0.000000000
1609060371.633945704 0.000000000 0.000000000
1609060371.658952713 0.000000000 0.000000000
1609060371.708145142 0.000000000 0.000000000
1609060371.708963871 0.000000000 0.000000000
1609060371.733891487 0.000000000 0.000000000
1609060371.758141756 0.000000000 0.000000000
1609060371.758672237 0.000000000 0.000000000
1609060371.783145428 0.000000000 0.000000000
1609060371.784054041 0.000000000 0.000000000
1609060371.808235168 0.000000000 0.000000000
1609060371.808957338 0.000000000 0.000000000
1609060371.833920956 0.000000000 0.000000000
1609060371.883138657 0.000000000 0.000000000
1609060371.883392572 0.000000000 0.000000000
1609060371.908903599 0.000000000 0.000000000
1609060371.933179379 0.000000000 0.000000000
1609060371.933954477 0.000000000 0.000000000
1609060371.958177328 0.000000000 0.000000000
1609060371.958887577 0.000000000 0.000000000
1609060371.983154774 0.000000000 0.000000000
1609060371.984118700 0.000000000 0.000000000
1609060372.058126926 0.000000000 0.000000000
1609060372.058379412 0.000000000 0.000000000
1609060372.083875179 0.000000000 0.000000000
1609060372.108132124 0.000000000 0.000000000
1609060372.108634949 0.000000000 0.000000000
1609060372.133144855 0.000000000 0.000000000
1609060372.133907557 0.000000000 0.000000000
1609060372.157949924 0.000000000 0.000000000
1609060372.158909082 0.000000000 0.000000000
1609060372.233141184 0.000000000 0.000000000
1609060372.233372211 0.000000000 0.000000000
1609060372.258893251 0.000000000 0.000000000
1609060372.283140182 0.000000000 0.000000000
1609060372.283945799 0.000000000 0.000000000
1609060372.308140993 0.000000000 0.000000000
1609060372.308911800 0.000000000 0.000000000
1609060372.333246469 0.000000000 0.000000000
1609060372.333859921 0.000000000 0.000000000
1609060372.408125401 0.000000000 0.000000000
1609060372.408863306 0.000000000 0.000000000
1609060372.433906078 0.000000000 0.000000000
1609060372.458150625 0.000000000 0.000000000
1609060372.458640575 0.000000000 0.000000000
1609060372.483109474 0.000000000 0.000000000
1609060372.483891487 0.000000000 0.000000000
1609060372.507935524 0.000000000 0.000000000
1609060372.508858204 0.000000000 0.000000000
1609060372.533144236 0.000000000 0.000000000
1609060372.533631802 0.000000000 0.000000000
1609060372.583119869 0.000000000 0.000000000
1609060372.583431959 0.000000000 0.000000000
1609060372.607654572 0.000000000 0.000000000
1609060372.608856201 0.000000000 0.000000000
1609060372.633139372 0.000000000 0.000000000
1609060372.633888006 0.000000000 0.000000000
1609060372.658174038 0.000000000 0.000000000
1609060372.658893108 0.000000000 0.000000000
1609060372.682970285 0.000000000 0.000000000
1609060372.683861494 0.000000000 0.000000000
1609060372.758126259 0.000000000 0.000000000
1609060372.758347988 0.000000000 0.000000000
1609060372.783925295 0.000000000 0.000000000
1609060372.808095455 0.000000000 0.000000000
1609060372.808768511 0.000000000 0.000000000
1609060372.833127737 0.000000000 0.000000000
1609060372.833909035 0.000000000 0.000000000
1609060372.857896328 0.000000000 0.000000000
1609060372.858827353 0.000000000 0.000000000
1609060372.883136749 0.000000000 0.000000000
1609060372.883691072 0.000000000 0.000000000
1609060372.933086634 0.000000000 0.000000000
1609060372.933874130 0.000000000 0.000000000
1609060372.958842993 0.000000000 0.000000000
1609060372.983091354 0.000000000 0.000000000
1609060372.983681679 0.000000000 0.000000000
1609060373.008129358 0.000000000 0.000000000
1609060373.008911371 0.000000000 0.000000000
1609060373.032926559 0.000000000 0.000000000
1609060373.033860445 0.000000000 0.000000000
1609060373.058190823 0.000000000 0.000000000
1609060373.058828354 0.000000000 0.000000000
1609060373.108115911 0.000000000 0.000000000
1609060373.108313084 0.000000000 0.000000000
1609060373.133814096 0.000000000 0.000000000
1609060373.158113480 0.000000000 0.000000000
1609060373.158594608 0.000000000 0.000000000
1609060373.183123350 0.000000000 0.000000000
1609060373.183924198 0.000000000 0.000000000
1609060373.207936525 0.000000000 0.000000000
1609060373.208825588 0.000000000 0.000000000
1609060373.283127785 0.000000000 0.000000000
1609060373.283399105 0.000000000 0.000000000
1609060373.308832884 0.000000000 0.000000000
1609060373.333329678 0.000000000 0.000000000
1609060373.333588600 0.000000000 0.000000000
1609060373.358131647 0.000000000 0.000000000
1609060373.358890533 0.000000000 0.000000000
1609060373.383148670 0.000000000 0.000000000
1609060373.384012222 0.000000000 0.000000000
1609060373.408190966 0.000000000 0.000000000
1609060373.408797503 0.000000000 0.000000000
1609060373.458087921 0.000000000 0.000000000
1609060373.458365440 0.000000000 0.000000000
1609060373.483854294 0.000000000 0.000000000
1609060373.508102179 0.000000000 0.000000000
1609060373.508648396 0.000000000 0.000000000
1609060373.533111811 0.000000000 0.000000000
1609060373.533852577 0.000000000 0.000000000
1609060373.558118582 0.000000000 0.000000000
1609060373.558864594 0.000000000 0.000000000
1609060373.583108425 0.000000000 0.000000000
1609060373.583624125 0.000000000 0.000000000
1609060373.633112907 0.000000000 0.000000000
1609060373.633344650 0.000000000 0.000000000
1609060373.657584667 0.000000000 0.000000000
1609060373.658850193 0.000000000 0.000000000
1609060373.683118105 0.000000000 0.000000000
1609060373.683900595 0.000000000 0.000000000
1609060373.708082199 0.000000000 0.000000000
1609060373.708793163 0.000000000 0.000000000
1609060373.733126163 0.000000000 0.000000000
1609060373.733886003 0.000000000 0.000000000
1609060373.757607698 0.000000000 0.000000000
1609060373.758817434 0.000000000 0.000000000
1609060373.808111191 0.000000000 0.000000000
1609060373.808332920 0.000000000 0.000000000
1609060373.832600594 0.000000000 0.000000000
1609060373.833785057 0.000000000 0.000000000
1609060373.858113766 0.000000000 0.000000000
1609060373.858557224 0.000000000 0.000000000
1609060373.883071899 0.000000000 0.000000000
1609060373.883751869 0.000000000 0.000000000
1609060373.907863617 0.000000000 0.000000000
1609060373.908879519 0.000000000 0.000000000
1609060373.933083534 0.000000000 0.000000000
1609060373.933598042 0.000000000 0.000000000
1609060373.983087063 0.000000000 0.000000000
1609060373.983381271 0.000000000 0.000000000
1609060374.008133650 0.000000000 0.000000000
1609060374.008803606 0.000000000 0.000000000
1609060374.033083439 0.000000000 0.000000000
1609060374.033567667 0.000000000 0.000000000
1609060374.058086634 0.000000000 0.000000000
1609060374.058903217 0.000000000 0.000000000
1609060374.083055735 0.000000000 0.000000000
1609060374.083803892 0.000000000 0.000000000
1609060374.108059168 0.000000000 0.000000000
1609060374.108773470 0.000000000 0.000000000
1609060374.158086777 0.000000000 0.000000000
1609060374.158320665 0.000000000 0.000000000
1609060374.183084249 0.000000000 0.000000000
1609060374.183855295 0.000000000 0.000000000
1609060374.208094597 0.000000000 0.000000000
1609060374.208574057 0.000000000 0.000000000
1609060374.233060837 0.000000000 0.000000000
1609060374.233840704 0.000000000 0.000000000
1609060374.257858038 0.000000000 0.000000000
1609060374.258768797 0.000000000 0.000000000
1609060374.283102751 0.000000000 0.000000000
1609060374.283817768 0.000000000 0.000000000
1609060374.333052397 0.000000000 0.000000000
1609060374.333340406 0.000000000 0.000000000
1609060374.358802557 0.000000000 0.000000000
1609060374.383046627 0.000000000 0.000000000
1609060374.383856535 0.000000000 0.000000000
1609060374.408090353 0.000000000 0.000000000
1609060374.408836126 0.000000000 0.000000000
1609060374.432854652 0.000000000 0.000000000
1609060374.433819532 0.000000000 0.000000000
1609060374.458081245 0.000000000 0.000000000
1609060374.458612442 0.000000000 0.000000000
1609060374.508080721 0.000000000 0.000000000
1609060374.508327961 0.000000000 0.000000000
1609060374.533056021 0.000000000 0.000000000
1609060374.533758163 0.000000000 0.000000000
1609060374.558056593 0.000000000 0.000000000
1609060374.558601141 0.000000000 0.000000000
1609060374.583044291 0.000000000 0.000000000
1609060374.583937407 0.000000000 0.000000000
1609060374.607873917 0.000000000 0.000000000
1609060374.608791351 0.000000000 0.000000000
1609060374.683079243 0.000000000 0.000000000
1609060374.683309078 0.000000000 0.000000000
1609060374.707642317 0.000000000 0.000000000
1609060374.708763123 0.000000000 0.000000000
1609060374.733073473 0.000000000 0.000000000
1609060374.733814955 0.000000000 0.000000000
1609060374.758076668 0.000000000 0.000000000
1609060374.758754730 0.000000000 0.000000000
1609060374.783078432 0.000000000 0.000000000
1609060374.783858061 0.000000000 0.000000000
1609060374.807590485 0.000000000 0.000000000
1609060374.808794022 0.000000000 0.000000000
1609060374.858004093 0.000000000 0.000000000
1609060374.858330011 0.000000000 0.000000000
1609060374.882575274 0.000000000 0.000000000
1609060374.883730888 0.000000000 0.000000000
1609060374.908036709 0.000000000 0.000000000
1609060374.908565760 0.000000000 0.000000000
1609060374.933057308 0.000000000 0.000000000
1609060374.933847666 0.000000000 0.000000000
1609060374.957839489 0.000000000 0.000000000
1609060374.958804369 0.000000000 0.000000000
1609060374.982577801 0.000000000 0.000000000
1609060374.983833075 0.000000000 0.000000000
1609060375.033027887 0.000000000 0.000000000
1609060375.033275366 0.000000000 0.000000000
1609060375.058073997 0.000000000 0.000000000
1609060375.058739185 0.000000000 0.000000000
1609060375.083021641 0.000000000 0.000000000
1609060375.083575726 0.000000000 0.000000000
1609060375.108036280 0.000000000 0.000000000
1609060375.108810425 0.000000000 0.000000000
1609060375.132824898 0.000000000 0.000000000
1609060375.133751154 0.000000000 0.000000000
1609060375.158079147 0.000000000 0.000000000
1609060375.158748627 0.000000000 0.000000000
1609060375.208004951 0.000000000 0.000000000
1609060375.208276033 0.000000000 0.000000000
1609060375.233747482 0.000000000 0.000000000
1609060375.258046389 0.000000000 0.000000000
1609060375.258525133 0.000000000 0.000000000
1609060375.283026218 0.000000000 0.000000000
1609060375.283858299 0.000000000 0.000000000
1609060375.308020115 0.000000000 0.000000000
1609060375.308731794 0.000000000 0.000000000
1609060375.333133459 0.000000000 0.000000000
1609060375.333776474 0.000000000 0.000000000
1609060375.383023500 0.000000000 0.000000000
1609060375.383308172 0.000000000 0.000000000
1609060375.407577276 0.000000000 0.000000000
1609060375.408717394 0.000000000 0.000000000
1609060375.433001041 0.000000000 0.000000000
1609060375.433760405 0.000000000 0.000000000
1609060375.458062172 0.000000000 0.000000000
1609060375.458745241 0.000000000 0.000000000
1609060375.483038902 0.000000000 0.000000000
1609060375.483794928 0.000000000 0.000000000
1609060375.558014870 0.000000000 0.000000000
1609060375.558282614 0.000000000 0.000000000
1609060375.582530737 0.000000000 0.000000000
1609060375.583766699 0.000000000 0.000000000
1609060375.608054638 0.000000000 0.000000000
1609060375.608516216 0.000000000 0.000000000
1609060375.633040190 0.000000000 0.000000000
1609060375.633748531 0.000000000 0.000000000
1609060375.658051491 0.000000000 0.000000000
1609060375.658781767 0.000000000 0.000000000
1609060375.733028173 0.000000000 0.000000000
1609060375.733271360 0.000000000 0.000000000
1609060375.757525206 0.000000000 0.000000000
1609060375.758728027 0.000000000 0.000000000
1609060375.782999516 0.000000000 0.000000000
1609060375.783602238 0.000000000 0.000000000
1609060375.808013439 0.000000000 0.000000000
1609060375.808773279 0.000000000 0.000000000
1609060375.832878113 0.000000000 0.000000000
1609060375.833733797 0.000000000 0.000000000
1609060375.858028412 0.000000000 0.000000000
1609060375.858729362 0.000000000 0.000000000
1609060375.908033848 0.000000000 0.000000000
1609060375.908249617 0.000000000 0.000000000
1609060375.933709621 0.000000000 0.000000000
1609060375.957976341 0.000000000 0.000000000
1609060375.958612680 0.000000000 0.000000000
1609060375.983020782 0.000000000 0.000000000
1609060375.983801603 0.000000000 0.000000000
1609060376.008038521 0.000000000 0.000000000
1609060376.008704185 0.000000000 0.000000000
1609060376.033013821 0.000000000 0.000000000
1609060376.033487797 0.000000000 0.000000000
1609060376.083034277 0.000000000 0.000000000
1609060376.083813429 0.000000000 0.000000000
1609060376.108736515 0.000000000 0.000000000
1609060376.132998705 0.000000000 0.000000000
1609060376.133511782 0.000000000 0.000000000
1609060376.157984495 0.000000000 0.000000000
1609060376.158780336 0.000000000 0.000000000
1609060376.183033705 0.000000000 0.000000000
1609060376.183792114 0.000000000 0.000000000
1609060376.208006382 0.000000000 0.000000000
1609060376.208734751 0.000000000 0.000000000
1609060376.258008242 0.000000000 0.000000000
1609060376.258269310 0.000000000 0.000000000
1609060376.283768177 0.000000000 0.000000000
1609060376.308003187 0.000000000 0.000000000
1609060376.308699131 0.000000000 0.000000000
1609060376.333021879 0.000000000 0.000000000
1609060376.333716393 0.000000000 0.000000000
1609060376.358012199 0.000000000 0.000000000
1609060376.358765364 0.000000000 0.000000000
1609060376.382997274 0.000000000 0.000000000
1609060376.383759260 0.000000000 0.000000000
1609060376.432984591 0.000000000 0.000000000
1609060376.457516432 0.000000000 0.000000000
1609060376.458681583 0.000000000 0.000000000
1609060376.483025074 0.000000000 0.000000000
1609060376.483808756 0.000000000 0.000000000
1609060376.507998228 0.000000000 0.000000000
1609060376.508756638 0.000000000 0.000000000
1609060376.532995701 0.000000000 0.000000000
1609060376.533696890 0.000000000 0.000000000
1609060376.557973385 0.000000000 0.000000000
1609060376.558753014 0.000000000 0.000000000
1609060376.607947111 0.000000000 0.000000000
1609060376.608188868 0.000000000 0.000000000
1609060376.633518457 0.000000000 0.000000000
1609060376.657956123 0.000000000 0.000000000
1609060376.658682346 0.000000000 0.000000000
1609060376.682990789 0.000000000 0.000000000
1609060376.683767319 0.000000000 0.000000000
1609060376.707968712 0.000000000 0.000000000
1609060376.708691835 0.000000000 0.000000000
1609060376.732989073 0.000000000 0.000000000
1609060376.733673811 0.000000000 0.000000000
1609060376.782991409 0.000000000 0.000000000
1609060376.783303261 0.000000000 0.000000000
1609060376.807505846 0.000000000 0.000000000
1609060376.808480978 0.000000000 0.000000000
1609060376.832966328 0.000000000 0.000000000
1609060376.833672047 0.000000000 0.000000000
1609060376.858017206 0.000000000 0.000000000
1609060376.858755827 0.000000000 0.000000000
1609060376.882778645 0.000000000 0.000000000
1609060376.883730412 0.000000000 0.000000000
1609060376.907997608 0.000000000 0.000000000
1609060376.908508539 0.000000000 0.000000000
1609060376.957976818 0.000000000 0.000000000
1609060376.958245993 0.000000000 0.000000000
1609060376.982946396 0.000000000 0.000000000
1609060376.983718157 0.000000000 0.000000000
1609060377.007950068 0.000000000 0.000000000
1609060377.008762121 0.000000000 0.000000000
1609060377.032952309 0.000000000 0.000000000
1609060377.033758640 0.000000000 0.000000000
1609060377.057983160 0.000000000 0.000000000
1609060377.058727741 0.000000000 0.000000000
1609060377.082973242 0.000000000 0.000000000
1609060377.083669186 0.000000000 0.000000000
1609060377.133000612 0.000000000 0.000000000
1609060377.133728504 0.000000000 0.000000000
1609060377.157498837 0.000000000 0.000000000
1609060377.158445358 0.000000000 0.000000000
1609060377.182981253 0.000000000 0.000000000
1609060377.183746576 0.000000000 0.000000000
1609060377.207966328 0.000000000 0.000000000
1609060377.208778381 0.000000000 0.000000000
1609060377.232948542 0.000000000 0.000000000
1609060377.233717918 0.000000000 0.000000000
1609060377.257975101 0.000000000 0.000000000
1609060377.258671999 0.000000000 0.000000000
1609060377.307938814 0.000000000 0.000000000
1609060377.308193922 0.000000000 0.000000000
1609060377.332508326 0.000000000 0.000000000
1609060377.333654881 0.000000000 0.000000000
1609060377.357960224 0.000000000 0.000000000
1609060377.358669043 0.000000000 0.000000000
1609060377.382996082 0.000000000 0.000000000
1609060377.383788586 0.000000000 0.000000000
1609060377.407971144 0.000000000 0.000000000
1609060377.408653021 0.000000000 0.000000000
1609060377.432990074 0.000000000 0.000000000
1609060377.433677435 0.000000000 0.000000000
1609060377.482922077 0.000000000 0.000000000
1609060377.483157873 0.000000000 0.000000000
1609060377.507510900 0.000000000 0.000000000
1609060377.508665085 0.000000000 0.000000000
1609060377.532985449 0.000000000 0.000000000
1609060377.533442974 0.000000000 0.000000000
1609060377.557983398 0.000000000 0.000000000
1609060377.558747053 0.000000000 0.000000000
1609060377.582976103 0.000000000 0.000000000
1609060377.583699703 0.000000000 0.000000000
1609060377.607945442 0.000000000 0.000000000
1609060377.608677149 0.000000000 0.000000000
1609060377.657973528 0.000000000 0.000000000
1609060377.658211946 0.000000000 0.000000000
1609060377.682500124 0.000000000 0.000000000
1609060377.683665752 0.000000000 0.000000000
1609060377.707935810 0.000000000 0.000000000
1609060377.708453894 0.000000000 0.000000000
1609060377.732965946 0.000000000 0.000000000
1609060377.733653069 0.000000000 0.000000000
1609060377.757933617 0.000000000 0.000000000
1609060377.758697271 0.000000000 0.000000000
1609060377.782953739 0.000000000 0.000000000
1609060377.783732414 0.000000000 0.000000000
1609060377.832921743 0.000000000 0.000000000
1609060377.833193779 0.000000000 0.000000000
1609060377.857446909 0.000000000 0.000000000
1609060377.858633280 0.000000000 0.000000000
1609060377.882946014 0.000000000 0.000000000
1609060377.883661747 0.000000000 0.000000000
1609060377.907938480 0.000000000 0.000000000
1609060377.908710003 0.000000000 0.000000000
1609060377.932949781 0.000000000 0.000000000
1609060377.933674574 0.000000000 0.000000000
1609060377.957911968 0.000000000 0.000000000
1609060377.958671570 0.000000000 0.000000000
1609060378.007952213 0.000000000 0.000000000
1609060378.008194208 0.000000000 0.000000000
1609060378.032461166 0.000000000 0.000000000
1609060378.033618927 0.000000000 0.000000000
1609060378.057922363 0.000000000 0.000000000
1609060378.058619022 0.000000000 0.000000000
1609060378.082940817 0.000000000 0.000000000
1609060378.083724260 0.000000000 0.000000000
1609060378.107885838 0.000000000 0.000000000
1609060378.108615637 0.000000000 0.000000000
1609060378.132949829 0.000000000 0.000000000
1609060378.133607864 0.000000000 0.000000000
1609060378.183195353 0.000000000 0.000000000
1609060378.207916021 0.000000000 0.000000000
1609060378.208629608 0.000000000 0.000000000
1609060378.232947826 0.000000000 0.000000000
1609060378.233651161 0.000000000 0.000000000
1609060378.257943392 0.000000000 0.000000000
1609060378.258713007 0.000000000 0.000000000
1609060378.282708645 0.000000000 0.000000000
1609060378.283689022 0.000000000 0.000000000
1609060378.308001041 0.000000000 0.000000000
1609060378.308627844 0.000000000 0.000000000
1609060378.357890844 0.000000000 0.000000000
1609060378.358187199 0.000000000 0.000000000
1609060378.382474422 0.000000000 0.000000000
1609060378.383658409 0.000000000 0.000000000
1609060378.407907724 0.000000000 0.000000000
1609060378.408434391 0.000000000 0.000000000
1609060378.432939291 0.000000000 0.000000000
1609060378.433738470 0.000000000 0.000000000
1609060378.457771540 0.000000000 0.000000000
1609060378.458633184 0.000000000 0.000000000
1609060378.482968569 0.000000000 0.000000000
1609060378.483610630 0.000000000 0.000000000
1609060378.532895088 0.000000000 0.000000000
1609060378.533140898 0.000000000 0.000000000
1609060378.558666229 0.000000000 0.000000000
1609060378.582890272 0.000000000 0.000000000
1609060378.583478451 0.000000000 0.000000000
1609060378.607964993 0.000000000 0.000000000
1609060378.608710289 0.000000000 0.000000000
1609060378.632909060 0.000000000 0.000000000
1609060378.633630276 0.000000000 0.000000000
1609060378.657967806 0.000000000 0.000000000
1609060378.658428669 0.000000000 0.000000000
1609060378.707890749 0.000000000 0.000000000
1609060378.708168030 0.000000000 0.000000000
1609060378.733615160 0.000000000 0.000000000
1609060378.757878780 0.000000000 0.000000000
1609060378.758634329 0.000000000 0.000000000
1609060378.782948732 0.000000000 0.000000000
1609060378.783682823 0.000000000 0.000000000
1609060378.807919502 0.000000000 0.000000000
1609060378.808631182 0.000000000 0.000000000
1609060378.832917452 0.000000000 0.000000000
1609060378.833675385 0.000000000 0.000000000
1609060378.882871151 0.000000000 0.000000000
1609060378.883152008 0.000000000 0.000000000
1609060378.907435656 0.000000000 0.000000000
1609060378.908646584 0.000000000 0.000000000
1609060378.932932854 0.000000000 0.000000000
1609060378.933592796 0.000000000 0.000000000
1609060378.957926035 0.000000000 0.000000000
1609060378.958714485 0.000000000 0.000000000
1609060378.982894182 0.000000000 0.000000000
1609060378.983655214 0.000000000 0.000000000
1609060379.007923365 0.000000000 0.000000000
1609060379.008728504 0.000000000 0.000000000
1609060379.082443953 0.000000000 0.000000000
1609060379.083611965 0.000000000 0.000000000
1609060379.107907534 0.000000000 0.000000000
1609060379.108611345 0.000000000 0.000000000
1609060379.132898569 0.000000000 0.000000000
1609060379.133772612 0.000000000 0.000000000
1609060379.157926083 0.000000000 0.000000000
1609060379.158652782 0.000000000 0.000000000
1609060379.182933569 0.000000000 0.000000000
1609060379.183420181 0.000000000 0.000000000
1609060379.232904673 0.000000000 0.000000000
1609060379.233148336 0.000000000 0.000000000
1609060379.257403374 0.000000000 0.000000000
1609060379.258595467 0.000000000 0.000000000
1609060379.282897711 0.000000000 0.000000000
1609060379.283657312 0.000000000 0.000000000
1609060379.307938576 0.000000000 0.000000000
1609060379.308820009 0.000000000 0.000000000
1609060379.332932234 0.000000000 0.000000000
1609060379.333604336 0.000000000 0.000000000
1609060379.357954979 0.000000000 0.000000000
1609060379.358378172 0.000000000 0.000000000
1609060379.408142328 0.000000000 0.000000000
1609060379.432463169 0.000000000 0.000000000
1609060379.433596849 0.000000000 0.000000000
1609060379.457869053 0.000000000 0.000000000
1609060379.458575487 0.000000000 0.000000000
1609060379.482877970 0.000000000 0.000000000
1609060379.483684540 0.000000000 0.000000000
1609060379.507696152 0.000000000 0.000000000
1609060379.508572817 0.000000000 0.000000000
1609060379.532867908 0.000000000 0.000000000
1609060379.533667326 0.000000000 0.000000000
1609060379.582407475 0.000000000 0.000000000
1609060379.583174229 0.000000000 0.000000000
1609060379.607879162 0.000000000 0.000000000
1609060379.608557940 0.000000000 0.000000000
1609060379.632896900 0.000000000 0.000000000
1609060379.633362770 0.000000000 0.000000000
1609060379.657898903 0.000000000 0.000000000
1609060379.658655882 0.000000000 0.000000000
1609060379.682876825 0.000000000 0.000000000
1609060379.683587074 0.000000000 0.000000000
1609060379.707860231 0.000000000 0.000000000
1609060379.708538294 0.000000000 0.000000000
1609060379.757405519 0.000000000 0.000000000
1609060379.758165121 0.000000000 0.000000000
1609060379.782450914 0.000000000 0.000000000
1609060379.783604860 0.000000000 0.000000000
1609060379.807889462 0.000000000 0.000000000
1609060379.808636665 0.000000000 0.000000000
1609060379.832866669 0.000000000 0.000000000
1609060379.833687067 0.000000000 0.000000000
1609060379.857679844 0.000000000 0.000000000
1609060379.858574629 0.000000000 0.000000000
1609060379.882849455 0.000000000 0.000000000
1609060379.883361578 0.000000000 0.000000000
1609060379.932863951 0.000000000 0.000000000
1609060379.933112144 0.000000000 0.000000000
1609060379.957394123 0.000000000 0.000000000
1609060379.958145857 0.000000000 0.000000000
1609060379.982901812 0.000000000 0.000000000
1609060379.983613729 0.000000000 0.000000000
1609060380.007857323 0.000000000 0.000000000
1609060380.008655071 0.000000000 0.000000000
1609060380.032847404 0.000000000 0.000000000
1609060380.033628225 0.000000000 0.000000000
1609060380.057855606 0.000000000 0.000000000
1609060380.058648109 0.000000000 0.000000000
1609060380.107892275 0.000000000 0.000000000
1609060380.108156681 0.000000000 0.000000000
1609060380.132386684 0.000000000 0.000000000
1609060380.133594513 0.000000000 0.000000000
1609060380.157832861 0.000000000 0.000000000
1609060380.158666372 0.000000000 0.000000000
1609060380.182914019 0.000000000 0.000000000
1609060380.183681965 0.000000000 0.000000000
1609060380.207655907 0.000000000 0.000000000
1609060380.208539963 0.000000000 0.000000000
1609060380.232849121 0.000000000 0.000000000
1609060380.233620882 0.000000000 0.000000000
1609060380.282826900 0.000000000 0.000000000
1609060380.283714533 0.000000000 0.000000000
1609060380.307395458 0.000000000 0.000000000
1609060380.308591843 0.000000000 0.000000000
1609060380.332883358 0.000000000 0.000000000
1609060380.333574533 0.000000000 0.000000000
1609060380.357885838 0.000000000 0.000000000
1609060380.358667850 0.000000000 0.000000000
1609060380.382635832 0.000000000 0.000000000
1609060380.383574486 0.000000000 0.000000000
1609060380.407835007 0.000000000 0.000000000
1609060380.408613682 0.000000000 0.000000000
1609060380.458185673 0.000000000 0.000000000
1609060380.482826233 0.000000000 0.000000000
1609060380.483116865 0.000000000 0.000000000
1609060380.507836580 0.000000000 0.000000000
1609060380.508558273 0.000000000 0.000000000
1609060380.532880068 0.000000000 0.000000000
1609060380.533612728 0.000000000 0.000000000
1609060380.557956696 0.000000000 0.000000000
1609060380.558578491 0.000000000 0.000000000
1609060380.582861662 0.000000000 0.000000000
1609060380.583639622 0.000000000 0.000000000
1609060380.632832766 0.000000000 0.000000000
1609060380.633712530 0.000000000 0.000000000
1609060380.657873392 0.000000000 0.000000000
1609060380.658103943 0.000000000 0.000000000
1609060380.682864666 0.000000000 0.000000000
1609060380.683663607 0.000000000 0.000000000
1609060380.707837582 0.000000000 0.000000000
1609060380.708664894 0.000000000 0.000000000
1609060380.732871056 0.000000000 0.000000000
1609060380.733520031 0.000000000 0.000000000
1609060380.757841825 0.000000000 0.000000000
1609060380.758647919 0.000000000 0.000000000
1609060380.808111429 0.000000000 0.000000000
1609060380.832341194 0.000000000 0.000000000
1609060380.833121538 0.000000000 0.000000000
1609060380.857837200 0.000000000 0.000000000
1609060380.858534575 0.000000000 0.000000000
1609060380.882802248 0.000000000 0.000000000
1609060380.883608341 0.000000000 0.000000000
1609060380.907626867 0.000000000 0.000000000
1609060380.908517838 0.000000000 0.000000000
1609060380.932838440 0.000000000 0.000000000
1609060380.933317661 0.000000000 0.000000000
1609060380.982815504 0.000000000 0.000000000
1609060380.983083725 0.000000000 0.000000000
1609060381.007889986 0.000000000 0.000000000
1609060381.008064508 0.000000000 0.000000000
1609060381.032830715 0.000000000 0.000000000
1609060381.033653975 0.000000000 0.000000000
1609060381.057824612 0.000000000 0.000000000
1609060381.058652163 0.000000000 0.000000000
1609060381.082882643 0.000000000 0.000000000
1609060381.083598614 0.000000000 0.000000000
1609060381.107824087 0.000000000 0.000000000
1609060381.108516216 0.000000000 0.000000000
1609060381.157829523 0.000000000 0.000000000
1609060381.158066988 0.000000000 0.000000000
1609060381.182816267 0.000000000 0.000000000
1609060381.183582544 0.000000000 0.000000000
1609060381.207804680 0.000000000 0.000000000
1609060381.208532333 0.000000000 0.000000000
1609060381.232829571 0.000000000 0.000000000
1609060381.233602524 0.000000000 0.000000000
1609060381.257585287 0.000000000 0.000000000
1609060381.258547544 0.000000000 0.000000000
1609060381.282850742 0.000000000 0.000000000
1609060381.283591747 0.000000000 0.000000000
1609060381.332798719 0.000000000 0.000000000
1609060381.333199978 0.000000000 0.000000000
1609060381.357821465 0.000000000 0.000000000
1609060381.358516216 0.000000000 0.000000000
1609060381.382812023 0.000000000 0.000000000
1609060381.383577824 0.000000000 0.000000000
1609060381.407827616 0.000000000 0.000000000
1609060381.408605814 0.000000000 0.000000000
1609060381.432876110 0.000000000 0.000000000
1609060381.433510303 0.000000000 0.000000000
1609060381.457805395 0.000000000 0.000000000
1609060381.458507061 0.000000000 0.000000000
1609060381.507808924 0.000000000 0.000000000
1609060381.532314539 0.000000000 0.000000000
1609060381.533510208 0.000000000 0.000000000
1609060381.557801247 0.000000000 0.000000000
1609060381.558535814 0.000000000 0.000000000
1609060381.582808018 0.000000000 0.000000000
1609060381.583610296 0.000000000 0.000000000
1609060381.607906342 0.000000000 0.000000000
1609060381.608528376 0.000000000 0.000000000
1609060381.632825851 0.000000000 0.000000000
1609060381.633560896 0.000000000 0.000000000
1609060381.682772636 0.000000000 0.000000000
1609060381.707765818 0.000000000 0.000000000
1609060381.708498478 0.000000000 0.000000000
1609060381.732774973 0.000000000 0.000000000
1609060381.733517885 0.000000000 0.000000000
1609060381.757820129 0.000000000 0.000000000
1609060381.758549929 0.000000000 0.000000000
1609060381.782855034 0.000000000 0.000000000
1609060381.783561230 0.000000000 0.000000000
1609060381.807764769 0.000000000 0.000000000
1609060381.808537960 0.000000000 0.000000000
1609060381.857758045 0.000000000 0.000000000
1609060381.858035088 0.000000000 0.000000000
1609060381.882339001 0.000000000 0.000000000
1609060381.883495569 0.000000000 0.000000000
1609060381.907794952 0.000000000 0.000000000
1609060381.908514977 0.000000000 0.000000000
1609060381.932843447 0.000000000 0.000000000
1609060381.933595896 0.000000000 0.000000000
1609060381.957854748 0.000000000 0.000000000
1609060381.958520412 0.000000000 0.000000000
1609060381.982771873 0.000000000 0.000000000
1609060381.983532190 0.000000000 0.000000000
1609060382.032770395 0.000000000 0.000000000
1609060382.033055067 0.000000000 0.000000000
1609060382.057304859 0.000000000 0.000000000
1609060382.058289528 0.000000000 0.000000000
1609060382.082803488 0.000000000 0.000000000
1609060382.083530188 0.000000000 0.000000000
1609060382.107836485 0.000000000 0.000000000
1609060382.108528614 0.000000000 0.000000000
1609060382.132825136 0.000000000 0.000000000
1609060382.133475542 0.000000000 0.000000000
1609060382.157793760 0.000000000 0.000000000
1609060382.158529758 0.000000000 0.000000000
1609060382.207796097 0.000000000 0.000000000
1609060382.207995415 0.000000000 0.000000000
1609060382.232812405 0.000000000 0.000000000
1609060382.233555079 0.000000000 0.000000000
1609060382.258488655 0.000000000 0.000000000
1609060382.282782555 0.000000000 0.000000000
1609060382.283594608 0.000000000 0.000000000
1609060382.307843208 0.000000000 0.000000000
1609060382.308514357 0.000000000 0.000000000
1609060382.332770109 0.000000000 0.000000000
1609060382.333486080 0.000000000 0.000000000
1609060382.382736206 0.000000000 0.000000000
1609060382.407320261 0.000000000 0.000000000
1609060382.408233643 0.000000000 0.000000000
1609060382.433462143 0.000000000 0.000000000
1609060382.457779169 0.000000000 0.000000000
1609060382.458566666 0.000000000 0.000000000
1609060382.482876778 0.000000000 0.000000000
1609060382.483490705 0.000000000 0.000000000
1609060382.507762909 0.000000000 0.000000000
1609060382.508624315 0.000000000 0.000000000
1609060382.557770252 0.000000000 0.000000000
1609060382.582300901 0.000000000 0.000000000
1609060382.583534718 0.000000000 0.000000000
1609060382.607760668 0.000000000 0.000000000
1609060382.608525038 0.000000000 0.000000000
1609060382.632725000 0.000000000 0.000000000
1609060382.633474827 0.000000000 0.000000000
1609060382.657811880 0.000000000 0.000000000
1609060382.658453703 0.000000000 0.000000000
1609060382.682734013 0.000000000 0.000000000
1609060382.683492899 0.000000000 0.000000000
1609060382.732780695 0.000000000 0.000000000
1609060382.757297993 0.000000000 0.000000000
1609060382.758457422 0.000000000 0.000000000
1609060382.782733202 0.000000000 0.000000000
1609060382.783509493 0.000000000 0.000000000
1609060382.807812691 0.000000000 0.000000000
1609060382.808572054 0.000000000 0.000000000
1609060382.832823992 0.000000000 0.000000000
1609060382.833428860 0.000000000 0.000000000
1609060382.857768059 0.000000000 0.000000000
1609060382.858447790 0.000000000 0.000000000
1609060382.907819986 0.000000000 0.000000000
1609060382.932319164 0.000000000 0.000000000
1609060382.933452368 0.000000000 0.000000000
1609060382.958434105 0.000000000 0.000000000
1609060382.982731819 0.000000000 0.000000000
1609060382.983553886 0.000000000 0.000000000
1609060383.007834196 0.000000000 0.000000000
1609060383.008586884 0.000000000 0.000000000
1609060383.032806635 0.000000000 0.000000000
1609060383.033454657 0.000000000 0.000000000
1609060383.082751989 0.000000000 0.000000000
1609060383.107816458 0.000000000 0.000000000
1609060383.108502388 0.000000000 0.000000000
1609060383.133449078 0.000000000 0.000000000
1609060383.157724380 0.000000000 0.000000000
1609060383.158495426 0.000000000 0.000000000
1609060383.182858467 0.000000000 0.000000000
1609060383.183256388 0.000000000 0.000000000
1609060383.208431244 0.000000000 0.000000000
1609060383.257687807 0.000000000 0.000000000
1609060383.282768965 0.000000000 0.000000000
1609060383.283272505 0.000000000 0.000000000
1609060383.307702541 0.000000000 0.000000000
1609060383.308464050 0.000000000 0.000000000
1609060383.332725763 0.000000000 0.000000000
1609060383.333515167 0.000000000 0.000000000
1609060383.357784033 0.000000000 0.000000000
1609060383.358436584 0.000000000 0.000000000
1609060383.383474350 0.000000000 0.000000000
1609060383.432695150 0.000000000 0.000000000
1609060383.457315922 0.000000000 0.000000000
1609060383.458456039 0.000000000 0.000000000
1609060383.483436584 0.000000000 0.000000000
1609060383.507739544 0.000000000 0.000000000
1609060383.532774925 0.000000000 0.000000000
1609060383.533431768 0.000000000 0.000000000
1609060383.557691336 0.000000000 0.000000000
1609060383.558434010 0.000000000 0.000000000
1609060383.607698441 0.000000000 0.000000000
1609060383.632240057 0.000000000 0.000000000
1609060383.633471966 0.000000000 0.000000000
1609060383.658503771 0.000000000 0.000000000
1609060383.682717085 0.000000000 0.000000000
1609060383.707762480 0.000000000 0.000000000
1609060383.708414793 0.000000000 0.000000000
1609060383.733427048 0.000000000 0.000000000
1609060383.782681942 0.000000000 0.000000000
1609060383.807264090 0.000000000 0.000000000
1609060383.808489323 0.000000000 0.000000000
1609060383.833418131 0.000000000 0.000000000
1609060383.857715130 0.000000000 0.000000000
1609060383.882758856 0.000000000 0.000000000
1609060383.883399010 0.000000000 0.000000000
1609060383.907694340 0.000000000 0.000000000
1609060383.908429146 0.000000000 0.000000000
1609060383.957708836 0.000000000 0.000000000
1609060383.982268810 0.000000000 0.000000000
1609060383.983499050 0.000000000 0.000000000
1609060384.008425951 0.000000000 0.000000000
1609060384.032735109 0.000000000 0.000000000
1609060384.057777882 0.000000000 0.000000000
1609060384.058428049 0.000000000 0.000000000
1609060384.083429575 0.000000000 0.000000000
1609060384.132682085 0.000000000 0.000000000
1609060384.157756805 0.000000000 0.000000000
1609060384.158454657 0.000000000 0.000000000
1609060384.183493614 0.000000000 0.000000000
1609060384.207765102 0.000000000 0.000000000
1609060384.232749224 0.000000000 0.000000000
1609060384.233425379 0.000000000 0.000000000
1609060384.257712126 0.000000000 0.000000000
1609060384.258411407 0.000000000 0.000000000
1609060384.307691097 0.000000000 0.000000000
1609060384.308416128 0.000000000 0.000000000
1609060384.332257509 0.000000000 0.000000000
1609060384.333510399 0.000000000 0.000000000
1609060384.358448267 0.000000000 0.000000000
1609060384.382712603 0.000000000 0.000000000
1609060384.407744646 0.000000000 0.000000000
1609060384.408398628 0.000000000 0.000000000
1609060384.432703495 0.000000000 0.000000000
1609060384.433437824 0.000000000 0.000000000
1609060384.482721806 0.000000000 0.000000000
1609060384.483461380 0.000000000 0.000000000
1609060384.507796288 0.000000000 0.000000000
1609060384.508475304 0.000000000 0.000000000
1609060384.533381462 0.000000000 0.000000000
1609060384.557670832 0.000000000 0.000000000
1609060384.582731009 0.000000000 0.000000000
1609060384.583441973 0.000000000 0.000000000
1609060384.608409405 0.000000000 0.000000000
1609060384.657672405 0.000000000 0.000000000
1609060384.682448387 0.000000000 0.000000000
1609060384.683399200 0.000000000 0.000000000
1609060384.708361626 0.000000000 0.000000000
1609060384.732681274 0.000000000 0.000000000
1609060384.757752657 0.000000000 0.000000000
1609060384.758460999 0.000000000 0.000000000
1609060384.782682419 0.000000000 0.000000000
1609060384.783440828 0.000000000 0.000000000
1609060384.833413363 0.000000000 0.000000000
1609060384.857746840 0.000000000 0.000000000
1609060384.858469009 0.000000000 0.000000000
1609060384.883365631 0.000000000 0.000000000
1609060384.907710314 0.000000000 0.000000000
1609060384.932452202 0.000000000 0.000000000
1609060384.933403730 0.000000000 0.000000000
1609060384.958389521 0.000000000 0.000000000
1609060385.007178307 0.000000000 0.000000000
1609060385.008432627 0.000000000 0.000000000
1609060385.032474279 0.000000000 0.000000000
1609060385.033410549 0.000000000 0.000000000
1609060385.058432341 0.000000000 0.000000000
1609060385.082653046 0.000000000 0.000000000
1609060385.107723713 0.000000000 0.000000000
1609060385.108392000 0.000000000 0.000000000
1609060385.182617903 0.000000000 0.000000000
1609060385.183452129 0.000000000 0.000000000
1609060385.207698584 0.000000000 0.000000000
1609060385.208431959 0.000000000 0.000000000
1609060385.234021187 0.000000000 0.000000000
1609060385.257690907 0.000000000 0.000000000
1609060385.282617092 0.000000000 0.000000000
1609060385.283396244 0.000000000 0.000000000
1609060385.357633829 0.000000000 0.000000000
1609060385.358424425 0.000000000 0.000000000
1609060385.382706881 0.000000000 0.000000000
1609060385.383449078 0.000000000 0.000000000
1609060385.432702065 0.000000000 0.000000000
1609060385.457660437 0.000000000 0.000000000
1609060385.458320856 0.000000000 0.000000000
1609060385.532692909 0.000000000 0.000000000
1609060385.533458233 0.000000000 0.000000000
1609060385.557433128 0.000000000 0.000000000
1609060385.558463097 0.000000000 0.000000000
1609060385.583382368 0.000000000 0.000000000
1609060385.607683420 0.000000000 0.000000000
1609060385.632629156 0.000000000 0.000000000
1609060385.633332491 0.000000000 0.000000000
1609060385.658483744 0.000000000 0.000000000
1609060385.707679987 0.000000000 0.000000000
1609060385.732692003 0.000000000 0.000000000
1609060385.733494520 0.000000000 0.000000000
1609060385.758376122 0.000000000 0.000000000
1609060385.782670736 0.000000000 0.000000000
1609060385.807701349 0.000000000 0.000000000
1609060385.808311462 0.000000000 0.000000000
1609060385.833393097 0.000000000 0.000000000
1609060385.882593870 0.000000000 0.000000000
1609060385.883133650 0.000000000 0.000000000
1609060385.907694578 0.000000000 0.000000000
1609060385.908474445 0.000000000 0.000000000
1609060385.933317900 0.000000000 0.000000000
1609060385.957634687 0.000000000 0.000000000
1609060385.982637644 0.000000000 0.000000000
1609060385.983315468 0.000000000 0.000000000
1609060386.008414984 0.000000000 0.000000000
1609060386.057616472 0.000000000 0.000000000
1609060386.058115721 0.000000000 0.000000000
1609060386.082396269 0.000000000 0.000000000
1609060386.083435059 0.000000000 0.000000000
1609060386.108352661 0.000000000 0.000000000
1609060386.132599592 0.000000000 0.000000000
1609060386.157629013 0.000000000 0.000000000
1609060386.158296108 0.000000000 0.000000000
1609060386.183379173 0.000000000 0.000000000
1609060386.232589006 0.000000000 0.000000000
1609060386.233130217 0.000000000 0.000000000
1609060386.257745981 0.000000000 0.000000000
1609060386.258488655 0.000000000 0.000000000
1609060386.283377647 0.000000000 0.000000000
1609060386.307583094 0.000000000 0.000000000
1609060386.333290577 0.000000000 0.000000000
1609060386.407578230 0.000000000 0.000000000
1609060386.408104420 0.000000000 0.000000000
1609060386.432416916 0.000000000 0.000000000
1609060386.433313131 0.000000000 0.000000000
1609060386.458331108 0.000000000 0.000000000
1609060386.482546806 0.000000000 0.000000000
1609060386.507586241 0.000000000 0.000000000
1609060386.508355141 0.000000000 0.000000000
1609060386.533341169 0.000000000 0.000000000
1609060386.582595587 0.000000000 0.000000000
1609060386.583323717 0.000000000 0.000000000
1609060386.607596636 0.000000000 0.000000000
1609060386.608291626 0.000000000 0.000000000
1609060386.633285999 0.000000000 0.000000000
1609060386.657545328 0.000000000 0.000000000
1609060386.682585716 0.000000000 0.000000000
1609060386.683291197 0.000000000 0.000000000
1609060386.707623482 0.000000000 0.000000000
1609060386.708393335 0.000000000 0.000000000
1609060386.757568121 0.000000000 0.000000000
1609060386.758309603 0.000000000 0.000000000
1609060386.782588959 0.000000000 0.000000000
1609060386.783377409 0.000000000 0.000000000
1609060386.808289289 0.000000000 0.000000000
1609060386.832576513 0.000000000 0.000000000
1609060386.857585669 0.000000000 0.000000000
1609060386.858290672 0.000000000 0.000000000
1609060386.883351088 0.000000000 0.000000000
1609060386.932615995 0.000000000 0.000000000
1609060386.933460951 0.000000000 0.000000000
1609060386.957573891 0.000000000 0.000000000
1609060386.958287954 0.000000000 0.000000000
1609060386.983349085 0.000000000 0.000000000
1609060387.007571697 0.000000000 0.000000000
1609060387.032608986 0.000000000 0.000000000
1609060387.033284903 0.000000000 0.000000000
1609060387.058307171 0.000000000 0.000000000
1609060387.107568979 0.000000000 0.000000000
1609060387.108262539 0.000000000 0.000000000
1609060387.132585049 0.000000000 0.000000000
1609060387.133292913 0.000000000 0.000000000
1609060387.158315182 0.000000000 0.000000000
1609060387.182572842 0.000000000 0.000000000
1609060387.183337688 0.000000000 0.000000000
1609060387.207613707 0.000000000 0.000000000
1609060387.208313704 0.000000000 0.000000000
1609060387.233272791 0.000000000 0.000000000
1609060387.282576084 0.000000000 0.000000000
1609060387.307589054 0.000000000 0.000000000
1609060387.333284140 0.000000000 0.000000000
1609060387.357545376 0.000000000 0.000000000
1609060387.358275414 0.000000000 0.000000000
1609060387.382538795 0.000000000 0.000000000
1609060387.383295774 0.000000000 0.000000000
1609060387.408346891 0.000000000 0.000000000
1609060387.457536697 0.000000000 0.000000000
1609060387.482537985 0.000000000 0.000000000
1609060387.483337641 0.000000000 0.000000000
1609060387.507545710 0.000000000 0.000000000
1609060387.508293629 0.000000000 0.000000000
1609060387.532557011 0.000000000 0.000000000
1609060387.533281565 0.000000000 0.000000000
1609060387.557595015 0.000000000 0.000000000
1609060387.558333635 0.000000000 0.000000000
1609060387.583285332 0.000000000 0.000000000
1609060387.632566929 0.000000000 0.000000000
1609060387.633283138 0.000000000 0.000000000
1609060387.657572985 0.000000000 0.000000000
1609060387.658301115 0.000000000 0.000000000
1609060387.683258057 0.000000000 0.000000000
1609060387.707561016 0.000000000 0.000000000
1609060387.708284140 0.000000000 0.000000000
1609060387.758255482 0.000000000 0.000000000
1609060387.807558298 0.000000000 0.000000000
1609060387.833267212 0.000000000 0.000000000
1609060387.858247042 0.000000000 0.000000000
1609060387.882555008 0.000000000 0.000000000
1609060387.883258820 0.000000000 0.000000000
1609060387.907505989 0.000000000 0.000000000
1609060387.908308744 0.000000000 0.000000000
1609060387.933271170 0.000000000 0.000000000
1609060387.982548237 0.000000000 0.000000000
1609060387.983359814 0.000000000 0.000000000
1609060388.007516623 0.000000000 0.000000000
1609060388.008266449 0.000000000 0.000000000
1609060388.033269167 0.000000000 0.000000000
1609060388.057538748 0.000000000 0.000000000
1609060388.058337450 0.000000000 0.000000000
1609060388.082512379 0.000000000 0.000000000
1609060388.083314657 0.000000000 0.000000000
1609060388.108259678 0.000000000 0.000000000
1609060388.157563210 0.000000000 0.000000000
1609060388.182533741 0.000000000 0.000000000
1609060388.183401823 0.000000000 0.000000000
1609060388.207588673 0.000000000 0.000000000
1609060388.208276749 0.000000000 0.000000000
1609060388.232069254 0.000000000 0.000000000
1609060388.233305931 0.000000000 0.000000000
1609060388.257481337 0.000000000 0.000000000
1609060388.258284569 0.000000000 0.000000000
1609060388.283336163 0.000000000 0.000000000
1609060388.332504749 0.000000000 0.000000000
1609060388.333261967 0.000000000 0.000000000
1609060388.358283758 0.000000000 0.000000000
1609060388.382536173 0.000000000 0.000000000
1609060388.383318186 0.000000000 0.000000000
1609060388.407543898 0.000000000 0.000000000
1609060388.408184290 0.000000000 0.000000000
1609060388.432553291 0.000000000 0.000000000
1609060388.433231592 0.000000000 0.000000000
1609060388.458227634 0.000000000 0.000000000
1609060388.507509470 0.000000000 0.000000000
1609060388.508235931 0.000000000 0.000000000
1609060388.533256769 0.000000000 0.000000000
1609060388.557549477 0.000000000 0.000000000
1609060388.558264494 0.000000000 0.000000000
1609060388.582535744 0.000000000 0.000000000
1609060388.583074570 0.000000000 0.000000000
1609060388.607518911 0.000000000 0.000000000
1609060388.608235359 0.000000000 0.000000000
1609060388.633245468 0.000000000 0.000000000
1609060388.682549477 0.000000000 0.000000000
1609060388.683291197 0.000000000 0.000000000
1609060388.707480431 0.000000000 0.000000000
1609060388.708267927 0.000000000 0.000000000
1609060388.733237743 0.000000000 0.000000000
1609060388.757088184 0.000000000 0.000000000
1609060388.758056879 0.000000000 0.000000000
1609060388.782475948 0.000000000 0.000000000
1609060388.783283710 0.000000000 0.000000000
1609060388.808203459 0.000000000 0.000000000
1609060388.857539415 0.000000000 0.000000000
1609060388.858277798 0.000000000 0.000000000
1609060388.882471323 0.000000000 0.000000000
1609060388.883223772 0.000000000 0.000000000
1609060388.907489777 0.000000000 0.000000000
1609060388.908260584 0.000000000 0.000000000
1609060388.932061434 0.000000000 0.000000000
1609060388.933028936 0.000000000 0.000000000
1609060388.957309961 0.000000000 0.000000000
1609060389.032492161 0.000000000 0.000000000
1609060389.033251762 0.000000000 0.000000000
1609060389.057459593 0.000000000 0.000000000
1609060389.058216810 0.000000000 0.000000000
1609060389.082521200 0.000000000 0.000000000
1609060389.083189726 0.000000000 0.000000000
1609060389.107035637 0.000000000 0.000000000
1609060389.108225822 0.000000000 0.000000000
1609060389.132273912 0.000000000 0.000000000
1609060389.207522392 0.000000000 0.000000000
1609060389.208205462 0.000000000 0.000000000
1609060389.232489109 0.000000000 0.000000000
1609060389.233220577 0.000000000 0.000000000
1609060389.257507801 0.000000000 0.000000000
1609060389.258263350 0.000000000 0.000000000
1609060389.282073259 0.000000000 0.000000000
1609060389.283278942 0.000000000 0.000000000
1609060389.307296515 0.000000000 0.000000000
1609060389.308276653 0.000000000 0.000000000
1609060389.332494497 0.000000000 0.000000000
1609060389.333265543 0.000000000 0.000000000
1609060389.382503271 0.000000000 0.000000000
1609060389.383088827 0.000000000 0.000000000
1609060389.407508612 0.000000000 0.000000000
1609060389.408243179 0.000000000 0.000000000
1609060389.432519436 0.000000000 0.000000000
1609060389.433396816 0.000000000 0.000000000
1609060389.457063675 0.000000000 0.000000000
1609060389.458322048 0.000000000 0.000000000
1609060389.482475758 0.000000000 0.000000000
1609060389.483281136 0.000000000 0.000000000
1609060389.508244991 0.000000000 0.000000000
1609060389.557475567 0.000000000 0.000000000
1609060389.558227777 0.000000000 0.000000000
1609060389.582431793 0.000000000 0.000000000
1609060389.583225965 0.000000000 0.000000000
1609060389.607490540 0.000000000 0.000000000
1609060389.607982159 0.000000000 0.000000000
1609060389.632000685 0.000000000 0.000000000
1609060389.633296251 0.000000000 0.000000000
1609060389.657310247 0.000000000 0.000000000
1609060389.657765150 0.000000000 0.000000000
1609060389.682500601 0.000000000 0.000000000
1609060389.683252335 0.000000000 0.000000000
1609060389.732489347 0.000000000 0.000000000
1609060389.732986212 0.000000000 0.000000000
1609060389.757457018 0.000000000 0.000000000
1609060389.758221626 0.000000000 0.000000000
1609060389.782525778 0.000000000 0.000000000
1609060389.783124685 0.000000000 0.000000000
1609060389.807064295 0.000000000 0.000000000
1609060389.808227777 0.000000000 0.000000000
1609060389.832386732 0.000000000 0.000000000
1609060389.857464552 0.000000000 0.000000000
1609060389.858193159 0.000000000 0.000000000
1609060389.907469511 0.000000000 0.000000000
1609060389.908289671 0.000000000 0.000000000
1609060389.932452917 0.000000000 0.000000000
1609060389.933197021 0.000000000 0.000000000
1609060389.957511902 0.000000000 0.000000000
1609060389.957737684 0.000000000 0.000000000
1609060389.982035875 0.000000000 0.000000000
1609060389.982771873 0.000000000 0.000000000
1609060390.007285357 0.000000000 0.000000000
1609060390.008327961 0.000000000 0.000000000
1609060390.032433748 0.000000000 0.000000000
1609060390.032968521 0.000000000 0.000000000
1609060390.082429886 0.000000000 0.000000000
1609060390.083214283 0.000000000 0.000000000
1609060390.107441664 0.000000000 0.000000000
1609060390.108223677 0.000000000 0.000000000
1609060390.132492304 0.000000000 0.000000000
1609060390.132747412 0.000000000 0.000000000
1609060390.157036543 0.000000000 0.000000000
1609060390.157737255 0.000000000 0.000000000
1609060390.182263374 0.000000000 0.000000000
1609060390.183392525 0.000000000 0.000000000
1609060390.207425356 0.000000000 0.000000000
1609060390.208226919 0.000000000 0.000000000
1609060390.257459641 0.000000000 0.000000000
1609060390.258022308 0.000000000 0.000000000
1609060390.282401800 0.000000000 0.000000000
1609060390.283242941 0.000000000 0.000000000
1609060390.307674885 0.000000000 0.000000000
1609060390.332018375 0.000000000 0.000000000
1609060390.332862616 0.000000000 0.000000000
1609060390.357255936 0.000000000 0.000000000
1609060390.358299255 0.000000000 0.000000000
1609060390.382416964 0.000000000 0.000000000
1609060390.383057833 0.000000000 0.000000000
1609060390.432497025 0.000000000 0.000000000
1609060390.433264732 0.000000000 0.000000000
1609060390.457445860 0.000000000 0.000000000
1609060390.458181620 0.000000000 0.000000000
1609060390.482501984 0.000000000 0.000000000
1609060390.483201265 0.000000000 0.000000000
1609060390.507041454 0.000000000 0.000000000
1609060390.508276224 0.000000000 0.000000000
1609060390.532424450 0.000000000 0.000000000
1609060390.533260584 0.000000000 0.000000000
1609060390.557443619 0.000000000 0.000000000
1609060390.558292866 0.000000000 0.000000000
1609060390.607407570 0.000000000 0.000000000
1609060390.608227730 0.000000000 0.000000000
1609060390.632441759 0.000000000 0.000000000
1609060390.657500267 0.000000000 0.000000000
1609060390.657714605 0.000000000 0.000000000
1609060390.682006121 0.000000000 0.000000000
1609060390.682720423 0.000000000 0.000000000
1609060390.707254410 0.000000000 0.000000000
1609060390.708151817 0.000000000 0.000000000
1609060390.732446671 0.000000000 0.000000000
1609060390.733227253 0.000000000 0.000000000
1609060390.782442570 0.000000000 0.000000000
1609060390.783307791 0.000000000 0.000000000
1609060390.807425976 0.000000000 0.000000000
1609060390.808210373 0.000000000 0.000000000
1609060390.832509756 0.000000000 0.000000000
1609060390.833127022 0.000000000 0.000000000
1609060390.857416630 0.000000000 0.000000000
1609060390.858172178 0.000000000 0.000000000
1609060390.882228374 0.000000000 0.000000000
1609060390.883156538 0.000000000 0.000000000
1609060390.907377005 0.000000000 0.000000000
1609060390.908311129 0.000000000 0.000000000
1609060390.957398891 0.000000000 0.000000000
1609060390.958216429 0.000000000 0.000000000
1609060390.982407331 0.000000000 0.000000000
1609060391.007507801 0.000000000 0.000000000
1609060391.008172035 0.000000000 0.000000000
1609060391.031975269 0.000000000 0.000000000
1609060391.032733440 0.000000000 0.000000000
1609060391.057224989 0.000000000 0.000000000
1609060391.058188200 0.000000000 0.000000000
1609060391.082432270 0.000000000 0.000000000
1609060391.083259821 0.000000000 0.000000000
1609060391.132412910 0.000000000 0.000000000
1609060391.133266926 0.000000000 0.000000000
1609060391.157408714 0.000000000 0.000000000
1609060391.158266306 0.000000000 0.000000000
1609060391.206960201 0.000000000 0.000000000
1609060391.208129168 0.000000000 0.000000000
1609060391.232390881 0.000000000 0.000000000
1609060391.233148098 0.000000000 0.000000000
1609060391.257381916 0.000000000 0.000000000
1609060391.258303881 0.000000000 0.000000000
1609060391.307451010 0.000000000 0.000000000
1609060391.308207512 0.000000000 0.000000000
1609060391.332393646 0.000000000 0.000000000
1609060391.333420515 0.000000000 0.000000000
1609060391.357431412 0.000000000 0.000000000
1609060391.357700825 0.000000000 0.000000000
1609060391.381960630 0.000000000 0.000000000
1609060391.383154869 0.000000000 0.000000000
1609060391.407460213 0.000000000 0.000000000
1609060391.408148527 0.000000000 0.000000000
1609060391.432430506 0.000000000 0.000000000
1609060391.433259010 0.000000000 0.000000000
1609060391.482372046 0.000000000 0.000000000
1609060391.483192682 0.000000000 0.000000000
1609060391.507439852 0.000000000 0.000000000
1609060391.532411575 0.000000000 0.000000000
1609060391.533420563 0.000000000 0.000000000
1609060391.557438612 0.000000000 0.000000000
1609060391.557683706 0.000000000 0.000000000
1609060391.582361698 0.000000000 0.000000000
1609060391.583186150 0.000000000 0.000000000
1609060391.607424974 0.000000000 0.000000000
1609060391.608232737 0.000000000 0.000000000
1609060391.657405853 0.000000000 0.000000000
1609060391.658114195 0.000000000 0.000000000
1609060391.682405233 0.000000000 0.000000000
1609060391.707370996 0.000000000 0.000000000
1609060391.708266735 0.000000000 0.000000000
1609060391.732403994 0.000000000 0.000000000
1609060391.732681513 0.000000000 0.000000000
1609060391.757396936 0.000000000 0.000000000
1609060391.758132458 0.000000000 0.000000000
1609060391.782394409 0.000000000 0.000000000
1609060391.783218145 0.000000000 0.000000000
1609060391.832426310 0.000000000 0.000000000
1609060391.833184719 0.000000000 0.000000000
1609060391.857373476 0.000000000 0.000000000
1609060391.858200312 0.000000000 0.000000000
1609060391.882427216 0.000000000 0.000000000
1609060391.883174181 0.000000000 0.000000000
1609060391.907456875 0.000000000 0.000000000
1609060391.908252239 0.000000000 0.000000000
1609060391.933140516 0.000000000 0.000000000
1609060391.957404137 0.000000000 0.000000000
1609060391.958220005 0.000000000 0.000000000
1609060392.007412672 0.000000000 0.000000000
1609060392.008219004 0.000000000 0.000000000
1609060392.032505274 0.000000000 0.000000000
1609060392.057428598 0.000000000 0.000000000
1609060392.057683229 0.000000000 0.000000000
1609060392.081905365 0.000000000 0.000000000
1609060392.082930803 0.000000000 0.000000000
1609060392.106940985 0.000000000 0.000000000
1609060392.108118296 0.000000000 0.000000000
1609060392.132436514 0.000000000 0.000000000
1609060392.133272171 0.000000000 0.000000000
1609060392.182358027 0.000000000 0.000000000
1609060392.183160543 0.000000000 0.000000000
1609060392.207389355 0.000000000 0.000000000
1609060392.208177567 0.000000000 0.000000000
1609060392.232435226 0.000000000 0.000000000
1609060392.233106613 0.000000000 0.000000000
1609060392.256892681 0.000000000 0.000000000
1609060392.257692814 0.000000000 0.000000000
1609060392.282357931 0.000000000 0.000000000
1609060392.283167601 0.000000000 0.000000000
1609060392.307360172 0.000000000 0.000000000
1609060392.308240414 0.000000000 0.000000000
1609060392.357399702 0.000000000 0.000000000
1609060392.358181953 0.000000000 0.000000000
1609060392.382152081 0.000000000 0.000000000
1609060392.383186102 0.000000000 0.000000000
1609060392.407407284 0.000000000 0.000000000
1609060392.407894373 0.000000000 0.000000000
1609060392.432357073 0.000000000 0.000000000
1609060392.433149099 0.000000000 0.000000000
1609060392.457364321 0.000000000 0.000000000
1609060392.458117723 0.000000000 0.000000000
1609060392.482373476 0.000000000 0.000000000
1609060392.483192921 0.000000000 0.000000000
1609060392.532433510 0.000000000 0.000000000
1609060392.533179283 0.000000000 0.000000000
1609060392.557385206 0.000000000 0.000000000
1609060392.558124304 0.000000000 0.000000000
1609060392.582400799 0.000000000 0.000000000
1609060392.583173752 0.000000000 0.000000000
1609060392.607416153 0.000000000 0.000000000
1609060392.607657194 0.000000000 0.000000000
1609060392.632416248 0.000000000 0.000000000
1609060392.633145332 0.000000000 0.000000000
1609060392.657371283 0.000000000 0.000000000
1609060392.658160925 0.000000000 0.000000000
1609060392.707342386 0.000000000 0.000000000
1609060392.708142281 0.000000000 0.000000000
1609060392.732381821 0.000000000 0.000000000
1609060392.733087540 0.000000000 0.000000000
1609060392.757373571 0.000000000 0.000000000
1609060392.757614374 0.000000000 0.000000000
1609060392.782369375 0.000000000 0.000000000
1609060392.782972097 0.000000000 0.000000000
1609060392.807403326 0.000000000 0.000000000
1609060392.808114529 0.000000000 0.000000000
1609060392.832472324 0.000000000 0.000000000
1609060392.833171368 0.000000000 0.000000000
1609060392.882397413 0.000000000 0.000000000
1609060392.883177996 0.000000000 0.000000000
1609060392.907351017 0.000000000 0.000000000
1609060392.908149004 0.000000000 0.000000000
1609060392.932413816 0.000000000 0.000000000
1609060392.933076382 0.000000000 0.000000000
1609060392.957408667 0.000000000 0.000000000
1609060392.958216667 0.000000000 0.000000000
1609060392.982371092 0.000000000 0.000000000
1609060392.983157635 0.000000000 0.000000000
1609060393.007414579 0.000000000 0.000000000
1609060393.008162737 0.000000000 0.000000000
1609060393.057360888 0.000000000 0.000000000
1609060393.058151007 0.000000000 0.000000000
1609060393.082144260 0.000000000 0.000000000
1609060393.083148956 0.000000000 0.000000000
1609060393.107430458 0.000000000 0.000000000
1609060393.108111382 0.000000000 0.000000000
1609060393.132405519 0.000000000 0.000000000
1609060393.133161068 0.000000000 0.000000000
1609060393.157407045 0.000000000 0.000000000
1609060393.158113718 0.000000000 0.000000000
1609060393.182359934 0.000000000 0.000000000
1609060393.182928562 0.000000000 0.000000000
1609060393.232347488 0.000000000 0.000000000
1609060393.233110666 0.000000000 0.000000000
1609060393.257143497 0.000000000 0.000000000
1609060393.258105040 0.000000000 0.000000000
1609060393.282367468 0.000000000 0.000000000
1609060393.283151150 0.000000000 0.000000000
1609060393.307373285 0.000000000 0.000000000
1609060393.308120489 0.000000000 0.000000000
1609060393.331914902 0.000000000 0.000000000
1609060393.333041668 0.000000000 0.000000000
1609060393.357380629 0.000000000 0.000000000
1609060393.357927561 0.000000000 0.000000000
1609060393.407356024 0.000000000 0.000000000
1609060393.408049107 0.000000000 0.000000000
1609060393.432336092 0.000000000 0.000000000
1609060393.433059454 0.000000000 0.000000000
1609060393.457395792 0.000000000 0.000000000
1609060393.457593441 0.000000000 0.000000000
1609060393.482364178 0.000000000 0.000000000
1609060393.483141899 0.000000000 0.000000000
1609060393.507377386 0.000000000 0.000000000
1609060393.508110762 0.000000000 0.000000000
1609060393.532414198 0.000000000 0.000000000
1609060393.533038616 0.000000000 0.000000000
1609060393.582341909 0.000000000 0.000000000
1609060393.583169699 0.000000000 0.000000000
1609060393.607333422 0.000000000 0.000000000
1609060393.608065367 0.000000000 0.000000000
1609060393.632389307 0.000000000 0.000000000
1609060393.633040428 0.000000000 0.000000000
1609060393.657399654 0.000000000 0.000000000
1609060393.657597780 0.000000000 0.000000000
1609060393.681921482 0.000000000 0.000000000
1609060393.683200598 0.000000000 0.000000000
1609060393.707372904 0.000000000 0.000000000
1609060393.708053112 0.000000000 0.000000000
1609060393.757294655 0.000000000 0.000000000
1609060393.758037806 0.000000000 0.000000000
1609060393.782349110 0.000000000 0.000000000
1609060393.783204317 0.000000000 0.000000000
1609060393.807320356 0.000000000 0.000000000
1609060393.807577848 0.000000000 0.000000000
1609060393.832129240 0.000000000 0.000000000
1609060393.833086252 0.000000000 0.000000000
1609060393.856879473 0.000000000 0.000000000
1609060393.858143806 0.000000000 0.000000000
1609060393.882331848 0.000000000 0.000000000
1609060393.883055687 0.000000000 0.000000000
1609060393.932327032 0.000000000 0.000000000
1609060393.933064461 0.000000000 0.000000000
1609060393.958392859 0.000000000 0.000000000
1609060393.958567142 0.000000000 0.000000000
1609060393.982328176 0.000000000 0.000000000
1609060393.983145475 0.000000000 0.000000000
1609060394.007355452 0.000000000 0.000000000
1609060394.008188486 0.000000000 0.000000000
1609060394.032319784 0.000000000 0.000000000
1609060394.033116817 0.000000000 0.000000000
1609060394.056898355 0.000000000 0.000000000
1609060394.058045626 0.000000000 0.000000000
1609060394.107316971 0.000000000 0.000000000
1609060394.108159065 0.000000000 0.000000000
1609060394.133066654 0.000000000 0.000000000
1609060394.157332659 0.000000000 0.000000000
1609060394.157553196 0.000000000 0.000000000
1609060394.182313919 0.000000000 0.000000000
1609060394.183158398 0.000000000 0.000000000
1609060394.207335472 0.000000000 0.000000000
1609060394.207865000 0.000000000 0.000000000
1609060394.231874466 0.000000000 0.000000000
1609060394.233008623 0.000000000 0.000000000
1609060394.282280207 0.000000000 0.000000000
1609060394.283164263 0.000000000 0.000000000
1609060394.307358265 0.000000000 0.000000000
1609060394.308073521 0.000000000 0.000000000
1609060394.332337141 0.000000000 0.000000000
1609060394.332547188 0.000000000 0.000000000
1609060394.357318401 0.000000000 0.000000000
1609060394.358117580 0.000000000 0.000000000
1609060394.382337332 0.000000000 0.000000000
1609060394.383186340 0.000000000 0.000000000
1609060394.407357454 0.000000000 0.000000000
1609060394.408068895 0.000000000 0.000000000
1609060394.457287550 0.000000000 0.000000000
1609060394.458079576 0.000000000 0.000000000
1609060394.482309103 0.000000000 0.000000000
1609060394.483026028 0.000000000 0.000000000
1609060394.507330894 0.000000000 0.000000000
1609060394.508023024 0.000000000 0.000000000
1609060394.532340050 0.000000000 0.000000000
1609060394.533099174 0.000000000 0.000000000
1609060394.557354212 0.000000000 0.000000000
1609060394.558123350 0.000000000 0.000000000
1609060394.582311392 0.000000000 0.000000000
1609060394.583069086 0.000000000 0.000000000
1609060394.632270575 0.000000000 0.000000000
1609060394.633117437 0.000000000 0.000000000
1609060394.657350302 0.000000000 0.000000000
1609060394.658066273 0.000000000 0.000000000
1609060394.682290792 0.000000000 0.000000000
1609060394.683083773 0.000000000 0.000000000
1609060394.707329512 0.000000000 0.000000000
1609060394.708020449 0.000000000 0.000000000
1609060394.732331514 0.000000000 0.000000000
1609060394.733125925 0.000000000 0.000000000
1609060394.757346392 0.000000000 0.000000000
1609060394.758038282 0.000000000 0.000000000
1609060394.807268620 0.000000000 0.000000000
1609060394.808041334 0.000000000 0.000000000
1609060394.832322598 0.000000000 0.000000000
1609060394.833008528 0.000000000 0.000000000
1609060394.857293606 0.000000000 0.000000000
1609060394.858018637 0.000000000 0.000000000
1609060394.882307529 0.000000000 0.000000000
1609060394.883089304 0.000000000 0.000000000
1609060394.907319307 0.000000000 0.000000000
1609060394.908093691 0.000000000 0.000000000
1609060394.931877375 0.000000000 0.000000000
1609060394.933264494 0.000000000 0.000000000
1609060394.982258797 0.000000000 0.000000000
1609060394.983058929 0.000000000 0.000000000
1609060395.007328987 0.000000000 0.000000000
1609060395.008036613 0.000000000 0.000000000
1609060395.032279968 0.000000000 0.000000000
1609060395.033069372 0.000000000 0.000000000
1609060395.057286024 0.000000000 0.000000000
1609060395.058095217 0.000000000 0.000000000
1609060395.082323074 0.000000000 0.000000000
1609060395.083090305 0.000000000 0.000000000
1609060395.106867552 0.000000000 0.000000000
1609060395.108015299 0.000000000 0.000000000
1609060395.157257557 0.000000000 0.000000000
1609060395.157816410 0.000000000 0.000000000
1609060395.182316065 0.000000000 0.000000000
1609060395.183095455 0.000000000 0.000000000
1609060395.207350016 0.000000000 0.000000000
1609060395.208110809 0.000000000 0.000000000
1609060395.232285023 0.000000000 0.000000000
1609060395.233080149 0.000000000 0.000000000
1609060395.257333040 0.000000000 0.000000000
1609060395.258085012 0.000000000 0.000000000
1609060395.282301188 0.000000000 0.000000000
1609060395.283069611 0.000000000 0.000000000
1609060395.332259417 0.000000000 0.000000000
1609060395.333051920 0.000000000 0.000000000
1609060395.357316017 0.000000000 0.000000000
1609060395.358108521 0.000000000 0.000000000
1609060395.383050442 0.000000000 0.000000000
1609060395.407264709 0.000000000 0.000000000
1609060395.407819986 0.000000000 0.000000000
1609060395.432261467 0.000000000 0.000000000
1609060395.433171034 0.000000000 0.000000000
1609060395.456862211 0.000000000 0.000000000
1609060395.458016396 0.000000000 0.000000000
1609060395.507246256 0.000000000 0.000000000
1609060395.507978439 0.000000000 0.000000000
1609060395.532283783 0.000000000 0.000000000
1609060395.533210754 0.000000000 0.000000000
1609060395.557305098 0.000000000 0.000000000
1609060395.557973623 0.000000000 0.000000000
1609060395.582275391 0.000000000 0.000000000
1609060395.583188295 0.000000000 0.000000000
1609060395.607293367 0.000000000 0.000000000
1609060395.608079910 0.000000000 0.000000000
1609060395.631834030 0.000000000 0.000000000
1609060395.633087158 0.000000000 0.000000000
1609060395.682284117 0.000000000 0.000000000
1609060395.682982683 0.000000000 0.000000000
1609060395.707257509 0.000000000 0.000000000
1609060395.707992554 0.000000000 0.000000000
1609060395.732257605 0.000000000 0.000000000
1609060395.732974529 0.000000000 0.000000000
1609060395.757290125 0.000000000 0.000000000
1609060395.758061171 0.000000000 0.000000000
1609060395.782249928 0.000000000 0.000000000
1609060395.783001661 0.000000000 0.000000000
1609060395.806778193 0.000000000 0.000000000
1609060395.808002472 0.000000000 0.000000000
1609060395.857260466 0.000000000 0.000000000
1609060395.857979774 0.000000000 0.000000000
1609060395.882249832 0.000000000 0.000000000
1609060395.883049011 0.000000000 0.000000000
1609060395.907252550 0.000000000 0.000000000
1609060395.907981873 0.000000000 0.000000000
1609060395.932258129 0.000000000 0.000000000
1609060395.933038712 0.000000000 0.000000000
1609060395.957260370 0.000000000 0.000000000
1609060395.957513809 0.000000000 0.000000000
1609060396.032219648 0.000000000 0.000000000
1609060396.033082247 0.000000000 0.000000000
1609060396.057234526 0.000000000 0.000000000
1609060396.058007002 0.000000000 0.000000000
1609060396.082250118 0.000000000 0.000000000
1609060396.082997322 0.000000000 0.000000000
1609060396.107261896 0.000000000 0.000000000
1609060396.108015537 0.000000000 0.000000000
1609060396.132283688 0.000000000 0.000000000
1609060396.133090496 0.000000000 0.000000000
1609060396.157289982 0.000000000 0.000000000
1609060396.157980442 0.000000000 0.000000000
1609060396.207219124 0.000000000 0.000000000
1609060396.207963467 0.000000000 0.000000000
1609060396.232257605 0.000000000 0.000000000
1609060396.232977867 0.000000000 0.000000000
1609060396.257283688 0.000000000 0.000000000
1609060396.257960081 0.000000000 0.000000000
1609060396.282274485 0.000000000 0.000000000
1609060396.307258606 0.000000000 0.000000000
1609060396.382204533 0.000000000 0.000000000
1609060396.382992268 0.000000000 0.000000000
1609060396.407258987 0.000000000 0.000000000
1609060396.407989502 0.000000000 0.000000000
1609060396.432244301 0.000000000 0.000000000
1609060396.432975292 0.000000000 0.000000000
1609060396.457234144 0.000000000 0.000000000
1609060396.457734585 0.000000000 0.000000000
1609060396.482234478 0.000000000 0.000000000
1609060396.507257223 0.000000000 0.000000000
1609060396.507941484 0.000000000 0.000000000
1609060396.557252407 0.000000000 0.000000000
1609060396.557943821 0.000000000 0.000000000
1609060396.582265615 0.000000000 0.000000000
1609060396.583042383 0.000000000 0.000000000
1609060396.607220888 0.000000000 0.000000000
1609060396.607922792 0.000000000 0.000000000
1609060396.632222176 0.000000000 0.000000000
1609060396.632917643 0.000000000 0.000000000
1609060396.657232761 0.000000000 0.000000000
1609060396.657752752 0.000000000 0.000000000
1609060396.682268143 0.000000000 0.000000000
1609060396.682535172 0.000000000 0.000000000
1609060396.732227564 0.000000000 0.000000000
1609060396.757237434 0.000000000 0.000000000
1609060396.758029938 0.000000000 0.000000000
1609060396.781981230 0.000000000 0.000000000
1609060396.783021212 0.000000000 0.000000000
1609060396.807261705 0.000000000 0.000000000
1609060396.807928324 0.000000000 0.000000000
1609060396.832242966 0.000000000 0.000000000
1609060396.832751036 0.000000000 0.000000000
1609060396.857261896 0.000000000 0.000000000
1609060396.858047962 0.000000000 0.000000000
1609060396.907156706 0.000000000 0.000000000
1609060396.932235956 0.000000000 0.000000000
1609060396.932708979 0.000000000 0.000000000
1609060396.957220316 0.000000000 0.000000000
1609060396.958006859 0.000000000 0.000000000
1609060396.982219458 0.000000000 0.000000000
1609060396.982986450 0.000000000 0.000000000
1609060397.007259607 0.000000000 0.000000000
1609060397.032289028 0.000000000 0.000000000
1609060397.033001661 0.000000000 0.000000000
1609060397.082201958 0.000000000 0.000000000
1609060397.083007097 0.000000000 0.000000000
1609060397.107213020 0.000000000 0.000000000
1609060397.108015537 0.000000000 0.000000000
1609060397.132184505 0.000000000 0.000000000
1609060397.132970572 0.000000000 0.000000000
1609060397.157219887 0.000000000 0.000000000
1609060397.157938480 0.000000000 0.000000000
1609060397.182256222 0.000000000 0.000000000
1609060397.207242727 0.000000000 0.000000000
1609060397.207983494 0.000000000 0.000000000
1609060397.257174253 0.000000000 0.000000000
1609060397.257918358 0.000000000 0.000000000
1609060397.282269001 0.000000000 0.000000000
1609060397.283036709 0.000000000 0.000000000
1609060397.307236195 0.000000000 0.000000000
1609060397.307908773 0.000000000 0.000000000
1609060397.332212687 0.000000000 0.000000000
1609060397.332965851 0.000000000 0.000000000
1609060397.357251167 0.000000000 0.000000000
1609060397.382186651 0.000000000 0.000000000
1609060397.382959127 0.000000000 0.000000000
1609060397.432179689 0.000000000 0.000000000
1609060397.457197666 0.000000000 0.000000000
1609060397.457978249 0.000000000 0.000000000
1609060397.482185364 0.000000000 0.000000000
1609060397.482965469 0.000000000 0.000000000
1609060397.507177114 0.000000000 0.000000000
1609060397.507882357 0.000000000 0.000000000
1609060397.532280445 0.000000000 0.000000000
1609060397.557170630 0.000000000 0.000000000
1609060397.557901859 0.000000000 0.000000000
1609060397.607144117 0.000000000 0.000000000
1609060397.632231712 0.000000000 0.000000000
1609060397.632997990 0.000000000 0.000000000
1609060397.657189369 0.000000000 0.000000000
1609060397.658067942 0.000000000 0.000000000
1609060397.682224274 0.000000000 0.000000000
1609060397.682987452 0.000000000 0.000000000
1609060397.707251310 0.000000000 0.000000000
1609060397.731724262 0.000000000 0.000000000
1609060397.732938290 0.000000000 0.000000000
1609060397.782166481 0.000000000 0.000000000
1609060397.807180405 0.000000000 0.000000000
1609060397.832278252 0.000000000 0.000000000
1609060397.832985163 0.000000000 0.000000000
1609060397.857206583 0.000000000 0.000000000
1609060397.857919455 0.000000000 0.000000000
1609060397.882209778 0.000000000 0.000000000
1609060397.907178164 0.000000000 0.000000000
1609060397.907881737 0.000000000 0.000000000
1609060397.957125425 0.000000000 0.000000000
1609060397.982181311 0.000000000 0.000000000
1609060397.983001709 0.000000000 0.000000000
1609060398.007215261 0.000000000 0.000000000
1609060398.007955551 0.000000000 0.000000000
1609060398.057261229 0.000000000 0.000000000
1609060398.082166910 0.000000000 0.000000000
1609060398.082925797 0.000000000 0.000000000
1609060398.132134676 0.000000000 0.000000000
1609060398.132904768 0.000000000 0.000000000
1609060398.157185555 0.000000000 0.000000000
1609060398.182206869 0.000000000 0.000000000
1609060398.183021307 0.000000000 0.000000000
1609060398.232187271 0.000000000 0.000000000
1609060398.256702185 0.000000000 0.000000000
1609060398.257898569 0.000000000 0.000000000
1609060398.307118416 0.000000000 0.000000000
1609060398.307929993 0.000000000 0.000000000
1609060398.332205534 0.000000000 0.000000000
1609060398.357281208 0.000000000 0.000000000
1609060398.357892752 0.000000000 0.000000000
1609060398.382183075 0.000000000 0.000000000
1609060398.407260418 0.000000000 0.000000000
1609060398.407984734 0.000000000 0.000000000
1609060398.432195425 0.000000000 0.000000000
1609060398.432909727 0.000000000 0.000000000
1609060398.482137918 0.000000000 0.000000000
1609060398.507236481 0.000000000 0.000000000
1609060398.532167435 0.000000000 0.000000000
1609060398.532893896 0.000000000 0.000000000
1609060398.557186365 0.000000000 0.000000000
1609060398.557912111 0.000000000 0.000000000
1609060398.582200050 0.000000000 0.000000000
1609060398.582904577 0.000000000 0.000000000
1609060398.607141018 0.000000000 0.000000000
1609060398.607918978 0.000000000 0.000000000
1609060398.657128572 0.000000000 0.000000000
1609060398.657872915 0.000000000 0.000000000
1609060398.681695700 0.000000000 0.000000000
1609060398.707200050 0.000000000 0.000000000
1609060398.707957029 0.000000000 0.000000000
1609060398.732138395 0.000000000 0.000000000
1609060398.757190943 0.000000000 0.000000000
1609060398.757903099 0.000000000 0.000000000
1609060398.782167673 0.000000000 0.000000000
1609060398.782945156 0.000000000 0.000000000
1609060398.832139254 0.000000000 0.000000000
1609060398.832839012 0.000000000 0.000000000
1609060398.857218266 0.000000000 0.000000000
1609060398.882155657 0.000000000 0.000000000
1609060398.882937670 0.000000000 0.000000000
1609060398.907129049 0.000000000 0.000000000
1609060398.932162762 0.000000000 0.000000000
1609060398.932864189 0.000000000 0.000000000
1609060398.957148552 0.000000000 0.000000000
1609060398.957902908 0.000000000 0.000000000
1609060399.007116079 0.000000000 0.000000000
1609060399.007900715 0.000000000 0.000000000
1609060399.032163858 0.000000000 0.000000000
1609060399.057185173 0.000000000 0.000000000
1609060399.057878256 0.000000000 0.000000000
1609060399.082118273 0.000000000 0.000000000
1609060399.107093096 0.000000000 0.000000000
1609060399.132149220 0.000000000 0.000000000
1609060399.132850170 0.000000000 0.000000000
1609060399.182121277 0.000000000 0.000000000
1609060399.182917118 0.000000000 0.000000000
1609060399.207179308 0.000000000 0.000000000
1609060399.232133150 0.000000000 0.000000000
1609060399.232849836 0.000000000 0.000000000
1609060399.257121086 0.000000000 0.000000000
1609060399.257871151 0.000000000 0.000000000
1609060399.282131672 0.000000000 0.000000000
1609060399.283015728 0.000000000 0.000000000
1609060399.307212591 0.000000000 0.000000000
1609060399.307851076 0.000000000 0.000000000
1609060399.357101917 0.000000000 0.000000000
1609060399.357863188 0.000000000 0.000000000
1609060399.382120609 0.000000000 0.000000000
1609060399.407155037 0.000000000 0.000000000
1609060399.407900095 0.000000000 0.000000000
1609060399.432133198 0.000000000 0.000000000
1609060399.433005333 0.000000000 0.000000000
1609060399.457165003 0.000000000 0.000000000
1609060399.457837582 0.000000000 0.000000000
1609060399.482131958 0.000000000 0.000000000
1609060399.482887268 0.000000000 0.000000000
1609060399.532154322 0.000000000 0.000000000
1609060399.532846212 0.000000000 0.000000000
1609060399.557192087 0.000000000 0.000000000
1609060399.557854176 0.000000000 0.000000000
1609060399.582120657 0.000000000 0.000000000
1609060399.582887173 0.000000000 0.000000000
1609060399.607080221 0.000000000 0.000000000
1609060399.632184267 0.000000000 0.000000000
1609060399.632861137 0.000000000 0.000000000
1609060399.657117367 0.000000000 0.000000000
1609060399.657379389 0.000000000 0.000000000
1609060399.707131863 0.000000000 0.000000000
1609060399.707833529 0.000000000 0.000000000
1609060399.757086754 0.000000000 0.000000000
1609060399.757905483 0.000000000 0.000000000
1609060399.782096148 0.000000000 0.000000000
1609060399.782865286 0.000000000 0.000000000
1609060399.807169437 0.000000000 0.000000000
1609060399.808014870 0.000000000 0.000000000
1609060399.832139969 0.000000000 0.000000000
1609060399.832417965 0.000000000 0.000000000
1609060399.882090569 0.000000000 0.000000000
1609060399.882882595 0.000000000 0.000000000
1609060399.907144308 0.000000000 0.000000000
1609060399.907912016 0.000000000 0.000000000
1609060399.932133198 0.000000000 0.000000000
1609060399.932855368 0.000000000 0.000000000
1609060399.957164288 0.000000000 0.000000000
1609060399.957865715 0.000000000 0.000000000
1609060399.982131481 0.000000000 0.000000000
1609060399.982837677 0.000000000 0.000000000
1609060400.007152319 0.000000000 0.000000000
1609060400.007820368 0.000000000 0.000000000
1609060400.057116270 0.000000000 0.000000000
1609060400.057865858 0.000000000 0.000000000
1609060400.082086325 0.000000000 0.000000000
1609060400.082825661 0.000000000 0.000000000
1609060400.107821226 0.000000000 0.000000000
1609060400.132823706 0.000000000 0.000000000
1609060400.157072306 0.000000000 0.000000000
1609060400.157856226 0.000000000 0.000000000
1609060400.182159662 0.000000000 0.000000000
1609060400.182893276 0.000000000 0.000000000
1609060400.232090950 0.000000000 0.000000000
1609060400.232935190 0.000000000 0.000000000
1609060400.257125616 0.000000000 0.000000000
1609060400.257841825 0.000000000 0.000000000
1609060400.282100677 0.000000000 0.000000000
1609060400.282848120 0.000000000 0.000000000
1609060400.307125807 0.000000000 0.000000000
1609060400.307604313 0.000000000 0.000000000
1609060400.332097769 0.000000000 0.000000000
1609060400.332808495 0.000000000 0.000000000
1609060400.357182264 0.000000000 0.000000000
1609060400.407094240 0.000000000 0.000000000
1609060400.407864809 0.000000000 0.000000000
1609060400.432081699 0.000000000 0.000000000
1609060400.432850599 0.000000000 0.000000000
1609060400.457155704 0.000000000 0.000000000
1609060400.457839489 0.000000000 0.000000000
1609060400.482074261 0.000000000 0.000000000
1609060400.482944250 0.000000000 0.000000000
1609060400.507118940 0.000000000 0.000000000
1609060400.507868052 0.000000000 0.000000000
1609060400.532129288 0.000000000 0.000000000
1609060400.532841444 0.000000000 0.000000000
1609060400.582063675 0.000000000 0.000000000
1609060400.582887173 0.000000000 0.000000000
1609060400.607103348 0.000000000 0.000000000
1609060400.607805967 0.000000000 0.000000000
1609060400.632097721 0.000000000 0.000000000
1609060400.632791281 0.000000000 0.000000000
1609060400.657082319 0.000000000 0.000000000
1609060400.657883167 0.000000000 0.000000000
1609060400.682132006 0.000000000 0.000000000
1609060400.682810545 0.000000000 0.000000000
1609060400.707146406 0.000000000 0.000000000
1609060400.707844257 0.000000000 0.000000000
1609060400.757109404 0.000000000 0.000000000
1609060400.757887363 0.000000000 0.000000000
1609060400.782106161 0.000000000 0.000000000
1609060400.782876253 0.000000000 0.000000000
1609060400.807083368 0.000000000 0.000000000
1609060400.807827950 0.000000000 0.000000000
1609060400.832094908 0.000000000 0.000000000
1609060400.832848549 0.000000000 0.000000000
1609060400.857097626 0.000000000 0.000000000
1609060400.857874632 0.000000000 0.000000000
1609060400.882128716 0.000000000 0.000000000
1609060400.882838488 0.000000000 0.000000000
1609060400.932065010 0.000000000 0.000000000
1609060400.932826281 0.000000000 0.000000000
1609060400.957101583 0.000000000 0.000000000
1609060400.957830191 0.000000000 0.000000000
1609060400.982120991 0.000000000 0.000000000
1609060400.982874155 0.000000000 0.000000000
1609060401.007195711 0.000000000 0.000000000
1609060401.007878780 0.000000000 0.000000000
1609060401.032070875 0.000000000 0.000000000
1609060401.057100296 0.000000000 0.000000000
1609060401.057809114 0.000000000 0.000000000
1609060401.107086658 0.000000000 0.000000000
1609060401.107801199 0.000000000 0.000000000
1609060401.131614447 0.000000000 0.000000000
1609060401.132794142 0.000000000 0.000000000
1609060401.157119989 0.000000000 0.000000000
1609060401.157829046 0.000000000 0.000000000
1609060401.182121754 0.000000000 0.000000000
1609060401.182909250 0.000000000 0.000000000
1609060401.207154036 0.000000000 0.000000000
1609060401.207775593 0.000000000 0.000000000
1609060401.232796431 0.000000000 0.000000000
1609060401.282062054 0.000000000 0.000000000
1609060401.282374859 0.000000000 0.000000000
1609060401.306645155 0.000000000 0.000000000
1609060401.307569504 0.000000000 0.000000000
1609060401.332071304 0.000000000 0.000000000
1609060401.332821131 0.000000000 0.000000000
1609060401.357075691 0.000000000 0.000000000
1609060401.357834578 0.000000000 0.000000000
1609060401.382051468 0.000000000 0.000000000
1609060401.383020639 0.000000000 0.000000000
1609060401.407077312 0.000000000 0.000000000
1609060401.407842875 0.000000000 0.000000000
1609060401.457073212 0.000000000 0.000000000
1609060401.457314968 0.000000000 0.000000000
1609060401.481579781 0.000000000 0.000000000
1609060401.482800961 0.000000000 0.000000000
1609060401.507058859 0.000000000 0.000000000
1609060401.507836103 0.000000000 0.000000000
1609060401.532084227 0.000000000 0.000000000
1609060401.532779455 0.000000000 0.000000000
1609060401.557028055 0.000000000 0.000000000
1609060401.557869434 0.000000000 0.000000000
1609060401.582127810 0.000000000 0.000000000
1609060401.582625866 0.000000000 0.000000000
1609060401.632080078 0.000000000 0.000000000
1609060401.632273912 0.000000000 0.000000000
1609060401.656576633 0.000000000 0.000000000
1609060401.657791853 0.000000000 0.000000000
1609060401.682046175 0.000000000 0.000000000
1609060401.682758808 0.000000000 0.000000000
1609060401.707114697 0.000000000 0.000000000
1609060401.707796574 0.000000000 0.000000000
1609060401.732035875 0.000000000 0.000000000
1609060401.732298613 0.000000000 0.000000000
1609060401.757783413 0.000000000 0.000000000
1609060401.807077646 0.000000000 0.000000000
1609060401.807914972 0.000000000 0.000000000
1609060401.831567526 0.000000000 0.000000000
1609060401.832744837 0.000000000 0.000000000
1609060401.857076883 0.000000000 0.000000000
1609060401.857579470 0.000000000 0.000000000
1609060401.882093668 0.000000000 0.000000000
1609060401.882842064 0.000000000 0.000000000
1609060401.907049179 0.000000000 0.000000000
1609060401.907835960 0.000000000 0.000000000
1609060401.982038260 0.000000000 0.000000000
1609060401.982862473 0.000000000 0.000000000
1609060402.007051468 0.000000000 0.000000000
1609060402.007761955 0.000000000 0.000000000
1609060402.032017708 0.000000000 0.000000000
1609060402.032728434 0.000000000 0.000000000
1609060402.057032824 0.000000000 0.000000000
1609060402.057820559 0.000000000 0.000000000
1609060402.082037926 0.000000000 0.000000000
1609060402.107025146 0.000000000 0.000000000
1609060402.107732058 0.000000000 0.000000000
1609060402.157055140 0.000000000 0.000000000
1609060402.157841921 0.000000000 0.000000000
1609060402.181530714 0.000000000 0.000000000
1609060402.182776928 0.000000000 0.000000000
1609060402.207011700 0.000000000 0.000000000
1609060402.207741737 0.000000000 0.000000000
1609060402.232038498 0.000000000 0.000000000
1609060402.232793808 0.000000000 0.000000000
1609060402.257056952 0.000000000 0.000000000
1609060402.257877111 0.000000000 0.000000000
1609060402.282016277 0.000000000 0.000000000
1609060402.282607317 0.000000000 0.000000000
1609060402.332061529 0.000000000 0.000000000
1609060402.332739830 0.000000000 0.000000000
1609060402.356564999 0.000000000 0.000000000
1609060402.357774258 0.000000000 0.000000000
1609060402.382001400 0.000000000 0.000000000
1609060402.382846117 0.000000000 0.000000000
1609060402.407064438 0.000000000 0.000000000
1609060402.407820225 0.000000000 0.000000000
1609060402.432041883 0.000000000 0.000000000
1609060402.432780743 0.000000000 0.000000000
1609060402.457035065 0.000000000 0.000000000
1609060402.457834482 0.000000000 0.000000000
1609060402.507050991 0.000000000 0.000000000
1609060402.507805824 0.000000000 0.000000000
1609060402.531536341 0.000000000 0.000000000
1609060402.532748699 0.000000000 0.000000000
1609060402.557027817 0.000000000 0.000000000
1609060402.557515860 0.000000000 0.000000000
1609060402.582037449 0.000000000 0.000000000
1609060402.582771778 0.000000000 0.000000000
1609060402.607041359 0.000000000 0.000000000
1609060402.607706070 0.000000000 0.000000000
1609060402.632029057 0.000000000 0.000000000
1609060402.632508516 0.000000000 0.000000000
1609060402.681983471 0.000000000 0.000000000
1609060402.682260036 0.000000000 0.000000000
1609060402.706989765 0.000000000 0.000000000
1609060402.707692862 0.000000000 0.000000000
1609060402.732042313 0.000000000 0.000000000
1609060402.732488871 0.000000000 0.000000000
1609060402.757030010 0.000000000 0.000000000
1609060402.757802725 0.000000000 0.000000000
1609060402.782019854 0.000000000 0.000000000
1609060402.782843828 0.000000000 0.000000000
1609060402.807003260 0.000000000 0.000000000
1609060402.807534456 0.000000000 0.000000000
1609060402.857014179 0.000000000 0.000000000
1609060402.857790709 0.000000000 0.000000000
1609060402.881526947 0.000000000 0.000000000
1609060402.882752419 0.000000000 0.000000000
1609060402.906981945 0.000000000 0.000000000
1609060402.907706499 0.000000000 0.000000000
1609060402.932000875 0.000000000 0.000000000
1609060402.932749271 0.000000000 0.000000000
1609060402.957015991 0.000000000 0.000000000
1609060402.957794666 0.000000000 0.000000000
1609060402.981981754 0.000000000 0.000000000
1609060402.982554197 0.000000000 0.000000000
1609060403.032011271 0.000000000 0.000000000
1609060403.032805681 0.000000000 0.000000000
1609060403.056563616 0.000000000 0.000000000
1609060403.057737589 0.000000000 0.000000000
1609060403.081981182 0.000000000 0.000000000
1609060403.082614899 0.000000000 0.000000000
1609060403.107028246 0.000000000 0.000000000
1609060403.107775211 0.000000000 0.000000000
1609060403.131982088 0.000000000 0.000000000
1609060403.132747173 0.000000000 0.000000000
1609060403.157021999 0.000000000 0.000000000
1609060403.157610655 0.000000000 0.000000000
1609060403.206994534 0.000000000 0.000000000
1609060403.207836151 0.000000000 0.000000000
1609060403.231988907 0.000000000 0.000000000
1609060403.232675314 0.000000000 0.000000000
1609060403.257005930 0.000000000 0.000000000
1609060403.257524967 0.000000000 0.000000000
1609060403.282041311 0.000000000 0.000000000
1609060403.282782316 0.000000000 0.000000000
1609060403.306970596 0.000000000 0.000000000
1609060403.332034588 0.000000000 0.000000000
1609060403.332498312 0.000000000 0.000000000
1609060403.381981134 0.000000000 0.000000000
1609060403.382289886 0.000000000 0.000000000
1609060403.406589270 0.000000000 0.000000000
1609060403.407661915 0.000000000 0.000000000
1609060403.432031393 0.000000000 0.000000000
1609060403.432510376 0.000000000 0.000000000
1609060403.457029819 0.000000000 0.000000000
1609060403.457712412 0.000000000 0.000000000
1609060403.482013702 0.000000000 0.000000000
1609060403.482728481 0.000000000 0.000000000
1609060403.506994009 0.000000000 0.000000000
1609060403.507622957 0.000000000 0.000000000
1609060403.557016373 0.000000000 0.000000000
1609060403.557265282 0.000000000 0.000000000
1609060403.582010269 0.000000000 0.000000000
1609060403.582752466 0.000000000 0.000000000
1609060403.606981516 0.000000000 0.000000000
1609060403.607459307 0.000000000 0.000000000
1609060403.631955862 0.000000000 0.000000000
1609060403.632793903 0.000000000 0.000000000
1609060403.656993628 0.000000000 0.000000000
1609060403.657739639 0.000000000 0.000000000
1609060403.682007551 0.000000000 0.000000000
1609060403.682571650 0.000000000 0.000000000
1609060403.732012749 0.000000000 0.000000000
1609060403.732722282 0.000000000 0.000000000
1609060403.756495953 0.000000000 0.000000000
1609060403.757660866 0.000000000 0.000000000
1609060403.781982899 0.000000000 0.000000000
1609060403.782774448 0.000000000 0.000000000
1609060403.806987047 0.000000000 0.000000000
1609060403.807729483 0.000000000 0.000000000
1609060403.831976414 0.000000000 0.000000000
1609060403.832645178 0.000000000 0.000000000
1609060403.906990528 0.000000000 0.000000000
1609060403.907226562 0.000000000 0.000000000
1609060403.931519508 0.000000000 0.000000000
1609060403.932698727 0.000000000 0.000000000
1609060403.956956625 0.000000000 0.000000000
1609060403.957483768 0.000000000 0.000000000
1609060403.981976748 0.000000000 0.000000000
1609060403.982864380 0.000000000 0.000000000
1609060404.006957531 0.000000000 0.000000000
1609060404.007698298 0.000000000 0.000000000
1609060404.031981468 0.000000000 0.000000000
1609060404.032771587 0.000000000 0.000000000
1609060404.081946611 0.000000000 0.000000000
1609060404.082204342 0.000000000 0.000000000
1609060404.106520176 0.000000000 0.000000000
1609060404.107682467 0.000000000 0.000000000
1609060404.131996632 0.000000000 0.000000000
1609060404.132705212 0.000000000 0.000000000
1609060404.156965733 0.000000000 0.000000000
1609060404.157754898 0.000000000 0.000000000
1609060404.181941748 0.000000000 0.000000000
1609060404.182682276 0.000000000 0.000000000
1609060404.206998110 0.000000000 0.000000000
1609060404.207461596 0.000000000 0.000000000
1609060404.256921291 0.000000000 0.000000000
1609060404.257731438 0.000000000 0.000000000
1609060404.281505108 0.000000000 0.000000000
1609060404.282727242 0.000000000 0.000000000
1609060404.306932926 0.000000000 0.000000000
1609060404.307700872 0.000000000 0.000000000
1609060404.332013130 0.000000000 0.000000000
1609060404.332808495 0.000000000 0.000000000
1609060404.356973886 0.000000000 0.000000000
1609060404.357668400 0.000000000 0.000000000
1609060404.381951332 0.000000000 0.000000000
1609060404.382716894 0.000000000 0.000000000
1609060404.431962967 0.000000000 0.000000000
1609060404.432206392 0.000000000 0.000000000
1609060404.456502199 0.000000000 0.000000000
1609060404.457697630 0.000000000 0.000000000
1609060404.481951714 0.000000000 0.000000000
1609060404.482457161 0.000000000 0.000000000
1609060404.506939650 0.000000000 0.000000000
1609060404.507692814 0.000000000 0.000000000
1609060404.531982660 0.000000000 0.000000000
1609060404.532640696 0.000000000 0.000000000
1609060404.556933403 0.000000000 0.000000000
1609060404.557781219 0.000000000 0.000000000
1609060404.606968403 0.000000000 0.000000000
1609060404.607724667 0.000000000 0.000000000
1609060404.631498098 0.000000000 0.000000000
1609060404.632643461 0.000000000 0.000000000
1609060404.656946659 0.000000000 0.000000000
1609060404.657577515 0.000000000 0.000000000
1609060404.681940556 0.000000000 0.000000000
1609060404.682777882 0.000000000 0.000000000
1609060404.706931114 0.000000000 0.000000000
1609060404.707651615 0.000000000 0.000000000
1609060404.731971264 0.000000000 0.000000000
1609060404.732632637 0.000000000 0.000000000
1609060404.781938314 0.000000000 0.000000000
1609060404.782190323 0.000000000 0.000000000
1609060404.806456327 0.000000000 0.000000000
1609060404.807672024 0.000000000 0.000000000
1609060404.831893206 0.000000000 0.000000000
1609060404.832474470 0.000000000 0.000000000
1609060404.856904030 0.000000000 0.000000000
1609060404.857701302 0.000000000 0.000000000
1609060404.881938934 0.000000000 0.000000000
1609060404.882671118 0.000000000 0.000000000
1609060404.906979084 0.000000000 0.000000000
1609060404.907424688 0.000000000 0.000000000
1609060404.956919909 0.000000000 0.000000000
1609060404.957188129 0.000000000 0.000000000
1609060404.981447220 0.000000000 0.000000000
1609060404.982676029 0.000000000 0.000000000
1609060405.006940365 0.000000000 0.000000000
1609060405.007892370 0.000000000 0.000000000
1609060405.031952381 0.000000000 0.000000000
1609060405.032726526 0.000000000 0.000000000
1609060405.056942225 0.000000000 0.000000000
1609060405.057750702 0.000000000 0.000000000
1609060405.081952572 0.000000000 0.000000000
1609060405.082717896 0.000000000 0.000000000
1609060405.131932020 0.000000000 0.000000000
1609060405.132719278 0.000000000 0.000000000
1609060405.156544685 0.000000000 0.000000000
1609060405.157654524 0.000000000 0.000000000
1609060405.181945801 0.000000000 0.000000000
1609060405.182767153 0.000000000 0.000000000
1609060405.206904411 0.000000000 0.000000000
1609060405.207701445 0.000000000 0.000000000
1609060405.231919289 0.000000000 0.000000000
1609060405.306893349 0.000000000 0.000000000
1609060405.307733536 0.000000000 0.000000000
1609060405.331476688 0.000000000 0.000000000
1609060405.332629919 0.000000000 0.000000000
1609060405.356896162 0.000000000 0.000000000
1609060405.357423067 0.000000000 0.000000000
1609060405.381928444 0.000000000 0.000000000
1609060405.382739544 0.000000000 0.000000000
1609060405.406907797 0.000000000 0.000000000
1609060405.407628059 0.000000000 0.000000000
1609060405.431897163 0.000000000 0.000000000
1609060405.432717323 0.000000000 0.000000000
1609060405.481882572 0.000000000 0.000000000
1609060405.482192278 0.000000000 0.000000000
1609060405.506493568 0.000000000 0.000000000
1609060405.507625818 0.000000000 0.000000000
1609060405.531894922 0.000000000 0.000000000
1609060405.532421350 0.000000000 0.000000000
1609060405.556928635 0.000000000 0.000000000
1609060405.557698965 0.000000000 0.000000000
1609060405.581932068 0.000000000 0.000000000
1609060405.582677841 0.000000000 0.000000000
1609060405.606916904 0.000000000 0.000000000
1609060405.607602596 0.000000000 0.000000000
1609060405.656909943 0.000000000 0.000000000
1609060405.657147884 0.000000000 0.000000000
1609060405.681407690 0.000000000 0.000000000
1609060405.682597637 0.000000000 0.000000000
1609060405.706891775 0.000000000 0.000000000
1609060405.707641363 0.000000000 0.000000000
1609060405.731890440 0.000000000 0.000000000
1609060405.732609034 0.000000000 0.000000000
1609060405.756931305 0.000000000 0.000000000
1609060405.757630825 0.000000000 0.000000000
1609060405.781887531 0.000000000 0.000000000
1609060405.782743931 0.000000000 0.000000000
1609060405.831867695 0.000000000 0.000000000
1609060405.832722902 0.000000000 0.000000000
1609060405.856877327 0.000000000 0.000000000
1609060405.857756853 0.000000000 0.000000000
1609060405.882396698 0.000000000 0.000000000
1609060405.906872988 0.000000000 0.000000000
1609060405.907582521 0.000000000 0.000000000
1609060405.931899786 0.000000000 0.000000000
1609060405.932621956 0.000000000 0.000000000
1609060405.956930161 0.000000000 0.000000000
1609060405.957715273 0.000000000 0.000000000
1609060406.006899595 0.000000000 0.000000000
1609060406.007142305 0.000000000 0.000000000
1609060406.031417608 0.000000000 0.000000000
1609060406.032628059 0.000000000 0.000000000
1609060406.056922674 0.000000000 0.000000000
1609060406.057697535 0.000000000 0.000000000
1609060406.081929684 0.000000000 0.000000000
1609060406.082648039 0.000000000 0.000000000
1609060406.106929779 0.000000000 0.000000000
1609060406.107613564 0.000000000 0.000000000
1609060406.131910801 0.000000000 0.000000000
1609060406.132694960 0.000000000 0.000000000
1609060406.181897640 0.000000000 0.000000000
1609060406.182211161 0.000000000 0.000000000
1609060406.206456184 0.000000000 0.000000000
1609060406.207604885 0.000000000 0.000000000
1609060406.231918812 0.000000000 0.000000000
1609060406.232392788 0.000000000 0.000000000
1609060406.256927252 0.000000000 0.000000000
1609060406.257644415 0.000000000 0.000000000
1609060406.281908512 0.000000000 0.000000000
1609060406.282649755 0.000000000 0.000000000
1609060406.306906700 0.000000000 0.000000000
1609060406.307379007 0.000000000 0.000000000
1609060406.356894732 0.000000000 0.000000000
1609060406.357113838 0.000000000 0.000000000
1609060406.381421566 0.000000000 0.000000000
1609060406.382657528 0.000000000 0.000000000
1609060406.406904221 0.000000000 0.000000000
1609060406.407619238 0.000000000 0.000000000
1609060406.431923389 0.000000000 0.000000000
1609060406.432660103 0.000000000 0.000000000
1609060406.456891298 0.000000000 0.000000000
1609060406.457599401 0.000000000 0.000000000
1609060406.481886148 0.000000000 0.000000000
1609060406.482356310 0.000000000 0.000000000
1609060406.531845570 0.000000000 0.000000000
1609060406.532151937 0.000000000 0.000000000
1609060406.556856632 0.000000000 0.000000000
1609060406.557605267 0.000000000 0.000000000
1609060406.581908941 0.000000000 0.000000000
1609060406.582655907 0.000000000 0.000000000
1609060406.606897593 0.000000000 0.000000000
1609060406.607619524 0.000000000 0.000000000
1609060406.631875277 0.000000000 0.000000000
1609060406.632627726 0.000000000 0.000000000
1609060406.656886578 0.000000000 0.000000000
1609060406.657666922 0.000000000 0.000000000
1609060406.706887007 0.000000000 0.000000000
1609060406.707602739 0.000000000 0.000000000
1609060406.731881857 0.000000000 0.000000000
1609060406.732603312 0.000000000 0.000000000
1609060406.756850481 0.000000000 0.000000000
1609060406.757372141 0.000000000 0.000000000
1609060406.781847000 0.000000000 0.000000000
1609060406.782687426 0.000000000 0.000000000
1609060406.806864023 0.000000000 0.000000000
1609060406.807624578 0.000000000 0.000000000
1609060406.831907272 0.000000000 0.000000000
1609060406.832595825 0.000000000 0.000000000
1609060406.882045507 0.000000000 0.000000000
1609060406.882207870 0.000000000 0.000000000
1609060406.906869888 0.000000000 0.000000000
1609060406.907605410 0.000000000 0.000000000
1609060406.931889534 0.000000000 0.000000000
1609060406.932552576 0.000000000 0.000000000
1609060406.956893444 0.000000000 0.000000000
1609060406.957699299 0.000000000 0.000000000
1609060406.981859207 0.000000000 0.000000000
1609060406.982621670 0.000000000 0.000000000
1609060407.006844521 0.000000000 0.000000000
1609060407.007348299 0.000000000 0.000000000
1609060407.056857824 0.000000000 0.000000000
1609060407.057103395 0.000000000 0.000000000
1609060407.081408262 0.000000000 0.000000000
1609060407.082565069 0.000000000 0.000000000
1609060407.106857300 0.000000000 0.000000000
1609060407.107339144 0.000000000 0.000000000
1609060407.131861210 0.000000000 0.000000000
1609060407.132675171 0.000000000 0.000000000
1609060407.156852961 0.000000000 0.000000000
1609060407.157553911 0.000000000 0.000000000
1609060407.181844950 0.000000000 0.000000000
1609060407.182612181 0.000000000 0.000000000
1609060407.231874466 0.000000000 0.000000000
1609060407.232598782 0.000000000 0.000000000
1609060407.256380320 0.000000000 0.000000000
1609060407.257542849 0.000000000 0.000000000
1609060407.281889915 0.000000000 0.000000000
1609060407.282625675 0.000000000 0.000000000
1609060407.306844711 0.000000000 0.000000000
1609060407.307662249 0.000000000 0.000000000
1609060407.331886530 0.000000000 0.000000000
1609060407.332581043 0.000000000 0.000000000
1609060407.356844664 0.000000000 0.000000000
1609060407.357648134 0.000000000 0.000000000
1609060407.406908751 0.000000000 0.000000000
1609060407.407080412 0.000000000 0.000000000
1609060407.431361914 0.000000000 0.000000000
1609060407.432546139 0.000000000 0.000000000
1609060407.456865549 0.000000000 0.000000000
1609060407.457334995 0.000000000 0.000000000
1609060407.481809139 0.000000000 0.000000000
1609060407.482613802 0.000000000 0.000000000
1609060407.506841183 0.000000000 0.000000000
1609060407.507561445 0.000000000 0.000000000
1609060407.531819582 0.000000000 0.000000000
1609060407.532571793 0.000000000 0.000000000
1609060407.581813335 0.000000000 0.000000000
1609060407.582102060 0.000000000 0.000000000
1609060407.606838703 0.000000000 0.000000000
1609060407.607545614 0.000000000 0.000000000
1609060407.632323503 0.000000000 0.000000000
1609060407.656850815 0.000000000 0.000000000
1609060407.657548666 0.000000000 0.000000000
1609060407.681846142 0.000000000 0.000000000
1609060407.682345390 0.000000000 0.000000000
1609060407.706715345 0.000000000 0.000000000
1609060407.707613945 0.000000000 0.000000000
1609060407.756808996 0.000000000 0.000000000
1609060407.757629871 0.000000000 0.000000000
1609060407.781876087 0.000000000 0.000000000
1609060407.782593489 0.000000000 0.000000000
1609060407.806916475 0.000000000 0.000000000
1609060407.807550192 0.000000000 0.000000000
1609060407.831862450 0.000000000 0.000000000
1609060407.832542658 0.000000000 0.000000000
1609060407.856839895 0.000000000 0.000000000
1609060407.857541561 0.000000000 0.000000000
1609060407.881829023 0.000000000 0.000000000
1609060407.882594109 0.000000000 0.000000000
1609060407.931828499 0.000000000 0.000000000
1609060407.932031393 0.000000000 0.000000000
1609060407.956361771 0.000000000 0.000000000
1609060407.957512379 0.000000000 0.000000000
1609060407.981825829 0.000000000 0.000000000
1609060407.982594967 0.000000000 0.000000000
1609060408.006797314 0.000000000 0.000000000
1609060408.007596493 0.000000000 0.000000000
1609060408.031854153 0.000000000 0.000000000
1609060408.032348633 0.000000000 0.000000000
1609060408.056639910 0.000000000 0.000000000
1609060408.057578802 0.000000000 0.000000000
1609060408.106827259 0.000000000 0.000000000
1609060408.107330084 0.000000000 0.000000000
1609060408.157363415 0.000000000 0.000000000
1609060408.181862116 0.000000000 0.000000000
1609060408.182608843 0.000000000 0.000000000
1609060408.206816673 0.000000000 0.000000000
1609060408.207343340 0.000000000 0.000000000
1609060408.231893301 0.000000000 0.000000000
1609060408.232575178 0.000000000 0.000000000
1609060408.281829357 0.000000000 0.000000000
1609060408.282138824 0.000000000 0.000000000
1609060408.306852818 0.000000000 0.000000000
1609060408.307590723 0.000000000 0.000000000
1609060408.332337618 0.000000000 0.000000000
1609060408.356806755 0.000000000 0.000000000
1609060408.357619524 0.000000000 0.000000000
1609060408.381818056 0.000000000 0.000000000
1609060408.382329941 0.000000000 0.000000000
1609060408.406891823 0.000000000 0.000000000
1609060408.407286406 0.000000000 0.000000000
1609060408.456777334 0.000000000 0.000000000
1609060408.457562208 0.000000000 0.000000000
1609060408.506843328 0.000000000 0.000000000
1609060408.507580757 0.000000000 0.000000000
1609060408.531805992 0.000000000 0.000000000
1609060408.532572508 0.000000000 0.000000000
1609060408.556813955 0.000000000 0.000000000
1609060408.557560444 0.000000000 0.000000000
1609060408.581873417 0.000000000 0.000000000
1609060408.582340002 0.000000000 0.000000000
1609060408.631829262 0.000000000 0.000000000
1609060408.632041693 0.000000000 0.000000000
1609060408.656311989 0.000000000 0.000000000
1609060408.681820869 0.000000000 0.000000000
1609060408.682496309 0.000000000 0.000000000
1609060408.706846714 0.000000000 0.000000000
1609060408.707580328 0.000000000 0.000000000
1609060408.731825352 0.000000000 0.000000000
1609060408.732568264 0.000000000 0.000000000
1609060408.756818771 0.000000000 0.000000000
1609060408.757527351 0.000000000 0.000000000
1609060408.806821108 0.000000000 0.000000000
1609060408.807062387 0.000000000 0.000000000
1609060408.831831694 0.000000000 0.000000000
1609060408.832520247 0.000000000 0.000000000
1609060408.856806517 0.000000000 0.000000000
1609060408.857311726 0.000000000 0.000000000
1609060408.881861210 0.000000000 0.000000000
1609060408.882555962 0.000000000 0.000000000
1609060408.906772375 0.000000000 0.000000000
1609060408.907524347 0.000000000 0.000000000
1609060408.931900024 0.000000000 0.000000000
1609060408.932549477 0.000000000 0.000000000
1609060408.981783867 0.000000000 0.000000000
1609060408.982558250 0.000000000 0.000000000
1609060409.006765842 0.000000000 0.000000000
1609060409.007498503 0.000000000 0.000000000
1609060409.031854391 0.000000000 0.000000000
1609060409.032313824 0.000000000 0.000000000
1609060409.056819916 0.000000000 0.000000000
1609060409.057593346 0.000000000 0.000000000
1609060409.081800938 0.000000000 0.000000000
1609060409.082566977 0.000000000 0.000000000
1609060409.106897831 0.000000000 0.000000000
1609060409.107552290 0.000000000 0.000000000
1609060409.156769514 0.000000000 0.000000000
1609060409.157574654 0.000000000 0.000000000
1609060409.181313753 0.000000000 0.000000000
1609060409.182522058 0.000000000 0.000000000
1609060409.206789017 0.000000000 0.000000000
1609060409.207509279 0.000000000 0.000000000
1609060409.231745720 0.000000000 0.000000000
1609060409.232573032 0.000000000 0.000000000
1609060409.256789446 0.000000000 0.000000000
1609060409.257556200 0.000000000 0.000000000
1609060409.281808376 0.000000000 0.000000000
1609060409.282605648 0.000000000 0.000000000
1609060409.331767082 0.000000000 0.000000000
1609060409.332006693 0.000000000 0.000000000
1609060409.356779814 0.000000000 0.000000000
1609060409.357494116 0.000000000 0.000000000
1609060409.382337332 0.000000000 0.000000000
1609060409.406761646 0.000000000 0.000000000
1609060409.407492638 0.000000000 0.000000000
1609060409.431828976 0.000000000 0.000000000
1609060409.432516575 0.000000000 0.000000000
1609060409.456827879 0.000000000 0.000000000
1609060409.457554340 0.000000000 0.000000000
1609060409.506754875 0.000000000 0.000000000
1609060409.507530928 0.000000000 0.000000000
1609060409.531301022 0.000000000 0.000000000
1609060409.557476521 0.000000000 0.000000000
1609060409.581755877 0.000000000 0.000000000
1609060409.582445383 0.000000000 0.000000000
1609060409.606786251 0.000000000 0.000000000
1609060409.607528210 0.000000000 0.000000000
1609060409.631820679 0.000000000 0.000000000
1609060409.632542372 0.000000000 0.000000000
1609060409.681715250 0.000000000 0.000000000
1609060409.682511806 0.000000000 0.000000000
1609060409.706294298 0.000000000 0.000000000
1609060409.731743336 0.000000000 0.000000000
1609060409.732431889 0.000000000 0.000000000
1609060409.756758451 0.000000000 0.000000000
1609060409.757464170 0.000000000 0.000000000
1609060409.781803846 0.000000000 0.000000000
1609060409.782538652 0.000000000 0.000000000
1609060409.806886435 0.000000000 0.000000000
1609060409.807548285 0.000000000 0.000000000
1609060409.856755733 0.000000000 0.000000000
1609060409.857555628 0.000000000 0.000000000
1609060409.881306887 0.000000000 0.000000000
1609060409.906777143 0.000000000 0.000000000
1609060409.907242537 0.000000000 0.000000000
1609060409.931759119 0.000000000 0.000000000
1609060409.932552814 0.000000000 0.000000000
1609060409.956773043 0.000000000 0.000000000
1609060409.957539797 0.000000000 0.000000000
1609060409.981844902 0.000000000 0.000000000
1609060409.982484579 0.000000000 0.000000000
1609060410.031333685 0.000000000 0.000000000
1609060410.032500744 0.000000000 0.000000000
1609060410.056796551 0.000000000 0.000000000
1609060410.057546616 0.000000000 0.000000000
1609060410.081719160 0.000000000 0.000000000
1609060410.082458735 0.000000000 0.000000000
1609060410.106768131 0.000000000 0.000000000
1609060410.107464075 0.000000000 0.000000000
1609060410.131717920 0.000000000 0.000000000
1609060410.132506847 0.000000000 0.000000000
1609060410.156817913 0.000000000 0.000000000
1609060410.157484770 0.000000000 0.000000000
1609060410.206738710 0.000000000 0.000000000
1609060410.207548141 0.000000000 0.000000000
1609060410.231741190 0.000000000 0.000000000
1609060410.256755829 0.000000000 0.000000000
1609060410.257447720 0.000000000 0.000000000
1609060410.281720400 0.000000000 0.000000000
1609060410.282567024 0.000000000 0.000000000
1609060410.306747675 0.000000000 0.000000000
1609060410.307496786 0.000000000 0.000000000
1609060410.331753969 0.000000000 0.000000000
1609060410.332502842 0.000000000 0.000000000
1609060410.381714344 0.000000000 0.000000000
1609060410.382506847 0.000000000 0.000000000
1609060410.406274557 0.000000000 0.000000000
1609060410.407213211 0.000000000 0.000000000
1609060410.431573153 0.000000000 0.000000000
1609060410.432225704 0.000000000 0.000000000
1609060410.456752300 0.000000000 0.000000000
1609060410.457470179 0.000000000 0.000000000
1609060410.481733799 0.000000000 0.000000000
1609060410.482510805 0.000000000 0.000000000
1609060410.506777287 0.000000000 0.000000000
1609060410.507463217 0.000000000 0.000000000
1609060410.556721687 0.000000000 0.000000000
1609060410.556968451 0.000000000 0.000000000
1609060410.581283092 0.000000000 0.000000000
1609060410.582278252 0.000000000 0.000000000
1609060410.606555939 0.000000000 0.000000000
1609060410.607518673 0.000000000 0.000000000
1609060410.631739378 0.000000000 0.000000000
1609060410.632508755 0.000000000 0.000000000
1609060410.656733751 0.000000000 0.000000000
1609060410.657435656 0.000000000 0.000000000
1609060410.681812286 0.000000000 0.000000000
1609060410.682190895 0.000000000 0.000000000
1609060410.731272936 0.000000000 0.000000000
1609060410.732483149 0.000000000 0.000000000
1609060410.756268263 0.000000000 0.000000000
1609060410.757577419 0.000000000 0.000000000
1609060410.781785965 0.000000000 0.000000000
1609060410.782262325 0.000000000 0.000000000
1609060410.806744337 0.000000000 0.000000000
1609060410.807478905 0.000000000 0.000000000
1609060410.831737757 0.000000000 0.000000000
1609060410.832511663 0.000000000 0.000000000
1609060410.856783152 0.000000000 0.000000000
1609060410.857429028 0.000000000 0.000000000
1609060410.906689644 0.000000000 0.000000000
1609060410.907481194 0.000000000 0.000000000
1609060410.931241274 0.000000000 0.000000000
1609060410.932212830 0.000000000 0.000000000
1609060410.956753254 0.000000000 0.000000000
1609060410.957390547 0.000000000 0.000000000
1609060410.981743336 0.000000000 0.000000000
1609060410.982520580 0.000000000 0.000000000
1609060411.006726980 0.000000000 0.000000000
1609060411.007405043 0.000000000 0.000000000
1609060411.031761408 0.000000000 0.000000000
1609060411.032178402 0.000000000 0.000000000
1609060411.081659079 0.000000000 0.000000000
1609060411.082482815 0.000000000 0.000000000
1609060411.106753349 0.000000000 0.000000000
1609060411.107475281 0.000000000 0.000000000
1609060411.131752014 0.000000000 0.000000000
1609060411.132168055 0.000000000 0.000000000
1609060411.156701326 0.000000000 0.000000000
1609060411.157472849 0.000000000 0.000000000
1609060411.181675196 0.000000000 0.000000000
1609060411.182517529 0.000000000 0.000000000
1609060411.206755161 0.000000000 0.000000000
1609060411.207400799 0.000000000 0.000000000
1609060411.256698847 0.000000000 0.000000000
1609060411.257483959 0.000000000 0.000000000
1609060411.281682491 0.000000000 0.000000000
1609060411.282503843 0.000000000 0.000000000
1609060411.306758404 0.000000000 0.000000000
1609060411.307198048 0.000000000 0.000000000
1609060411.331682682 0.000000000 0.000000000
1609060411.332484007 0.000000000 0.000000000
1609060411.356723309 0.000000000 0.000000000
1609060411.357464790 0.000000000 0.000000000
1609060411.381767750 0.000000000 0.000000000
1609060411.382205963 0.000000000 0.000000000
1609060411.431681633 0.000000000 0.000000000
1609060411.432528734 0.000000000 0.000000000
1609060411.456690073 0.000000000 0.000000000
1609060411.457461834 0.000000000 0.000000000
1609060411.481751442 0.000000000 0.000000000
1609060411.482185841 0.000000000 0.000000000
1609060411.506717205 0.000000000 0.000000000
1609060411.507397652 0.000000000 0.000000000
1609060411.531734943 0.000000000 0.000000000
1609060411.532473564 0.000000000 0.000000000
1609060411.557835817 0.000000000 0.000000000
1609060411.557984591 0.000000000 0.000000000
1609060411.606658220 0.000000000 0.000000000
1609060411.607481480 0.000000000 0.000000000
1609060411.631248713 0.000000000 0.000000000
1609060411.632453442 0.000000000 0.000000000
1609060411.656733036 0.000000000 0.000000000
1609060411.657405376 0.000000000 0.000000000
1609060411.681707382 0.000000000 0.000000000
1609060411.682333231 0.000000000 0.000000000
1609060411.706684113 0.000000000 0.000000000
1609060411.707443237 0.000000000 0.000000000
1609060411.731733322 0.000000000 0.000000000
1609060411.732162714 0.000000000 0.000000000
1609060411.781658411 0.000000000 0.000000000
1609060411.782546043 0.000000000 0.000000000
1609060411.806255102 0.000000000 0.000000000
1609060411.807470083 0.000000000 0.000000000
1609060411.831766605 0.000000000 0.000000000
1609060411.832411528 0.000000000 0.000000000
1609060411.856688976 0.000000000 0.000000000
1609060411.857506752 0.000000000 0.000000000
1609060411.881706953 0.000000000 0.000000000
1609060411.882442236 0.000000000 0.000000000
1609060411.906760693 0.000000000 0.000000000
1609060411.907360315 0.000000000 0.000000000
1609060411.956678152 0.000000000 0.000000000
1609060411.957366467 0.000000000 0.000000000
1609060411.981222868 0.000000000 0.000000000
1609060411.982448339 0.000000000 0.000000000
1609060412.006744146 0.000000000 0.000000000
1609060412.007203102 0.000000000 0.000000000
1609060412.031654596 0.000000000 0.000000000
1609060412.032427549 0.000000000 0.000000000
1609060412.056671858 0.000000000 0.000000000
1609060412.057514906 0.000000000 0.000000000
1609060412.081725836 0.000000000 0.000000000
1609060412.082176447 0.000000000 0.000000000
1609060412.131233931 0.000000000 0.000000000
1609060412.132445335 0.000000000 0.000000000
1609060412.156664610 0.000000000 0.000000000
1609060412.157436132 0.000000000 0.000000000
1609060412.181714296 0.000000000 0.000000000
1609060412.182184458 0.000000000 0.000000000
1609060412.206697226 0.000000000 0.000000000
1609060412.207480192 0.000000000 0.000000000
1609060412.231640339 0.000000000 0.000000000
1609060412.232422590 0.000000000 0.000000000
1609060412.256747484 0.000000000 0.000000000
1609060412.257382393 0.000000000 0.000000000
1609060412.306211710 0.000000000 0.000000000
1609060412.307432652 0.000000000 0.000000000
1609060412.331200600 0.000000000 0.000000000
1609060412.332392454 0.000000000 0.000000000
1609060412.356737137 0.000000000 0.000000000
1609060412.357155800 0.000000000 0.000000000
1609060412.381665707 0.000000000 0.000000000
1609060412.382198811 0.000000000 0.000000000
1609060412.406655788 0.000000000 0.000000000
1609060412.407485485 0.000000000 0.000000000
1609060412.431717396 0.000000000 0.000000000
1609060412.432393074 0.000000000 0.000000000
1609060412.481631041 0.000000000 0.000000000
1609060412.482401133 0.000000000 0.000000000
1609060412.506237268 0.000000000 0.000000000
1609060412.507433653 0.000000000 0.000000000
1609060412.531678438 0.000000000 0.000000000
1609060412.532119751 0.000000000 0.000000000
1609060412.556668997 0.000000000 0.000000000
1609060412.557389736 0.000000000 0.000000000
1609060412.581639767 0.000000000 0.000000000
1609060412.582479239 0.000000000 0.000000000
1609060412.606467485 0.000000000 0.000000000
1609060412.607489824 0.000000000 0.000000000
1609060412.656620502 0.000000000 0.000000000
1609060412.657393456 0.000000000 0.000000000
1609060412.681633949 0.000000000 0.000000000
1609060412.682399750 0.000000000 0.000000000
1609060412.706693411 0.000000000 0.000000000
1609060412.707162619 0.000000000 0.000000000
1609060412.731668472 0.000000000 0.000000000
1609060412.732153654 0.000000000 0.000000000
1609060412.756637573 0.000000000 0.000000000
1609060412.757427454 0.000000000 0.000000000
1609060412.781741858 0.000000000 0.000000000
1609060412.782498598 0.000000000 0.000000000
1609060412.831641197 0.000000000 0.000000000
1609060412.832436800 0.000000000 0.000000000
1609060412.856632710 0.000000000 0.000000000
1609060412.857345104 0.000000000 0.000000000
1609060412.881700754 0.000000000 0.000000000
1609060412.882355452 0.000000000 0.000000000
1609060412.906626940 0.000000000 0.000000000
1609060412.907457113 0.000000000 0.000000000
1609060412.931638718 0.000000000 0.000000000
1609060412.932378054 0.000000000 0.000000000
1609060412.956630707 0.000000000 0.000000000
1609060412.957379818 0.000000000 0.000000000
1609060413.006659985 0.000000000 0.000000000
1609060413.007490158 0.000000000 0.000000000
1609060413.031147003 0.000000000 0.000000000
1609060413.032457113 0.000000000 0.000000000
1609060413.056450367 0.000000000 0.000000000
1609060413.057122469 0.000000000 0.000000000
1609060413.081619740 0.000000000 0.000000000
1609060413.082409620 0.000000000 0.000000000
1609060413.106660604 0.000000000 0.000000000
1609060413.107414722 0.000000000 0.000000000
1609060413.131739855 0.000000000 0.000000000
1609060413.132163525 0.000000000 0.000000000
1609060413.181606770 0.000000000 0.000000000
1609060413.182431459 0.000000000 0.000000000
1609060413.206190348 0.000000000 0.000000000
1609060413.207348108 0.000000000 0.000000000
1609060413.231710911 0.000000000 0.000000000
1609060413.232156277 0.000000000 0.000000000
1609060413.256628752 0.000000000 0.000000000
1609060413.257436275 0.000000000 0.000000000
1609060413.281653881 0.000000000 0.000000000
1609060413.282480955 0.000000000 0.000000000
1609060413.306696892 0.000000000 0.000000000
1609060413.307157278 0.000000000 0.000000000
1609060413.356608868 0.000000000 0.000000000
1609060413.357390881 0.000000000 0.000000000
1609060413.381142378 0.000000000 0.000000000
1609060413.382495403 0.000000000 0.000000000
1609060413.406664848 0.000000000 0.000000000
1609060413.407187223 0.000000000 0.000000000
1609060413.431599140 0.000000000 0.000000000
1609060413.432396412 0.000000000 0.000000000
1609060413.456608772 0.000000000 0.000000000
1609060413.457401037 0.000000000 0.000000000
1609060413.481667995 0.000000000 0.000000000
1609060413.482378244 0.000000000 0.000000000
1609060413.531586885 0.000000000 0.000000000
1609060413.532396555 0.000000000 0.000000000
1609060413.556630135 0.000000000 0.000000000
1609060413.557342291 0.000000000 0.000000000
1609060413.581692696 0.000000000 0.000000000
1609060413.582258940 0.000000000 0.000000000
1609060413.606586456 0.000000000 0.000000000
1609060413.607428312 0.000000000 0.000000000
1609060413.631610394 0.000000000 0.000000000
1609060413.632401228 0.000000000 0.000000000
1609060413.656160831 0.000000000 0.000000000
1609060413.657425404 0.000000000 0.000000000
1609060413.706576109 0.000000000 0.000000000
1609060413.707395077 0.000000000 0.000000000
1609060413.731586933 0.000000000 0.000000000
1609060413.732326508 0.000000000 0.000000000
1609060413.756677866 0.000000000 0.000000000
1609060413.757310867 0.000000000 0.000000000
1609060413.781570673 0.000000000 0.000000000
1609060413.782464266 0.000000000 0.000000000
1609060413.806618690 0.000000000 0.000000000
1609060413.807371616 0.000000000 0.000000000
1609060413.831715822 0.000000000 0.000000000
1609060413.832581758 0.000000000 0.000000000
1609060413.881572008 0.000000000 0.000000000
1609060413.882378578 0.000000000 0.000000000
1609060413.906597376 0.000000000 0.000000000
1609060413.907347679 0.000000000 0.000000000
1609060413.931628942 0.000000000 0.000000000
1609060413.932322979 0.000000000 0.000000000
1609060413.956611156 0.000000000 0.000000000
1609060413.957404852 0.000000000 0.000000000
1609060413.981608152 0.000000000 0.000000000
1609060413.982457399 0.000000000 0.000000000
1609060414.006188393 0.000000000 0.000000000
1609060414.007386208 0.000000000 0.000000000
1609060414.056619883 0.000000000 0.000000000
1609060414.057379246 0.000000000 0.000000000
1609060414.081604004 0.000000000 0.000000000
1609060414.082430601 0.000000000 0.000000000
1609060414.106650352 0.000000000 0.000000000
1609060414.107327223 0.000000000 0.000000000
1609060414.131586313 0.000000000 0.000000000
1609060414.132061243 0.000000000 0.000000000
1609060414.156574488 0.000000000 0.000000000
1609060414.157404900 0.000000000 0.000000000
1609060414.181121111 0.000000000 0.000000000
1609060414.182400227 0.000000000 0.000000000
1609060414.231548786 0.000000000 0.000000000
1609060414.232377052 0.000000000 0.000000000
1609060414.256567955 0.000000000 0.000000000
1609060414.257345200 0.000000000 0.000000000
1609060414.281654835 0.000000000 0.000000000
1609060414.282354832 0.000000000 0.000000000
1609060414.306594372 0.000000000 0.000000000
1609060414.307381153 0.000000000 0.000000000
1609060414.331546545 0.000000000 0.000000000
1609060414.332351208 0.000000000 0.000000000
1609060414.356611729 0.000000000 0.000000000
1609060414.357344866 0.000000000 0.000000000
1609060414.406566381 0.000000000 0.000000000
1609060414.407335281 0.000000000 0.000000000
1609060414.432271719 0.000000000 0.000000000
1609060414.456665754 0.000000000 0.000000000
1609060414.457090378 0.000000000 0.000000000
1609060414.481616974 0.000000000 0.000000000
1609060414.482381105 0.000000000 0.000000000
1609060414.506610632 0.000000000 0.000000000
1609060414.507349014 0.000000000 0.000000000
1609060414.531106472 0.000000000 0.000000000
1609060414.532346964 0.000000000 0.000000000
1609060414.581560612 0.000000000 0.000000000
1609060414.582391024 0.000000000 0.000000000
1609060414.606121778 0.000000000 0.000000000
1609060414.607312679 0.000000000 0.000000000
1609060414.631656647 0.000000000 0.000000000
1609060414.632495403 0.000000000 0.000000000
1609060414.656552792 0.000000000 0.000000000
1609060414.657366276 0.000000000 0.000000000
1609060414.681576252 0.000000000 0.000000000
1609060414.682317734 0.000000000 0.000000000
1609060414.706651449 0.000000000 0.000000000
1609060414.707281351 0.000000000 0.000000000
1609060414.756574869 0.000000000 0.000000000
1609060414.757376671 0.000000000 0.000000000
1609060414.781570196 0.000000000 0.000000000
1609060414.782340288 0.000000000 0.000000000
1609060414.806344032 0.000000000 0.000000000
1609060414.807081223 0.000000000 0.000000000
1609060414.831593275 0.000000000 0.000000000
1609060414.832350254 0.000000000 0.000000000
1609060414.856544733 0.000000000 0.000000000
1609060414.857327938 0.000000000 0.000000000
1609060414.881133318 0.000000000 0.000000000
1609060414.882277489 0.000000000 0.000000000
1609060414.931531429 0.000000000 0.000000000
1609060414.932345152 0.000000000 0.000000000
1609060414.956538916 0.000000000 0.000000000
1609060414.957326412 0.000000000 0.000000000
1609060414.981612921 0.000000000 0.000000000
1609060414.982316017 0.000000000 0.000000000
1609060415.006555796 0.000000000 0.000000000
1609060415.007317781 0.000000000 0.000000000
1609060415.031536579 0.000000000 0.000000000
1609060415.032341003 0.000000000 0.000000000
1609060415.056644917 0.000000000 0.000000000
1609060415.057308674 0.000000000 0.000000000
1609060415.106569290 0.000000000 0.000000000
1609060415.107321262 0.000000000 0.000000000
1609060415.131564140 0.000000000 0.000000000
1609060415.132390499 0.000000000 0.000000000
1609060415.156621933 0.000000000 0.000000000
1609060415.157284021 0.000000000 0.000000000
1609060415.182375193 0.000000000 0.000000000
1609060415.206528425 0.000000000 0.000000000
1609060415.207350731 0.000000000 0.000000000
1609060415.231076241 0.000000000 0.000000000
1609060415.232347488 0.000000000 0.000000000
1609060415.281563282 0.000000000 0.000000000
1609060415.282356739 0.000000000 0.000000000
1609060415.306560755 0.000000000 0.000000000
1609060415.307364702 0.000000000 0.000000000
1609060415.331643820 0.000000000 0.000000000
1609060415.332266331 0.000000000 0.000000000
1609060415.356549740 0.000000000 0.000000000
1609060415.357230186 0.000000000 0.000000000
1609060415.381541491 0.000000000 0.000000000
1609060415.382335186 0.000000000 0.000000000
1609060415.406621456 0.000000000 0.000000000
1609060415.407270670 0.000000000 0.000000000
1609060415.456107378 0.000000000 0.000000000
1609060415.457318068 0.000000000 0.000000000
1609060415.481514692 0.000000000 0.000000000
1609060415.482279539 0.000000000 0.000000000
1609060415.506629467 0.000000000 0.000000000
1609060415.507070541 0.000000000 0.000000000
1609060415.531533718 0.000000000 0.000000000
1609060415.532332659 0.000000000 0.000000000
1609060415.556580067 0.000000000 0.000000000
1609060415.557289124 0.000000000 0.000000000
1609060415.581067801 0.000000000 0.000000000
1609060415.582284927 0.000000000 0.000000000
1609060415.631488562 0.000000000 0.000000000
1609060415.632035971 0.000000000 0.000000000
1609060415.656515360 0.000000000 0.000000000
1609060415.657283306 0.000000000 0.000000000
1609060415.681333542 0.000000000 0.000000000
1609060415.682053804 0.000000000 0.000000000
1609060415.706547022 0.000000000 0.000000000
1609060415.707323551 0.000000000 0.000000000
1609060415.731508493 0.000000000 0.000000000
1609060415.732309580 0.000000000 0.000000000
1609060415.756600380 0.000000000 0.000000000
1609060415.757284880 0.000000000 0.000000000
1609060415.806529522 0.000000000 0.000000000
1609060415.807426929 0.000000000 0.000000000
1609060415.831531763 0.000000000 0.000000000
1609060415.832256079 0.000000000 0.000000000
1609060415.856577158 0.000000000 0.000000000
1609060415.857051134 0.000000000 0.000000000
1609060415.881565809 0.000000000 0.000000000
1609060415.882059336 0.000000000 0.000000000
1609060415.906502724 0.000000000 0.000000000
1609060415.907306671 0.000000000 0.000000000
1609060415.931346178 0.000000000 0.000000000
1609060415.932316303 0.000000000 0.000000000
1609060415.981506586 0.000000000 0.000000000
1609060415.982329607 0.000000000 0.000000000
1609060416.006592989 0.000000000 0.000000000
1609060416.007293940 0.000000000 0.000000000
1609060416.031343937 0.000000000 0.000000000
1609060416.032009840 0.000000000 0.000000000
1609060416.056564093 0.000000000 0.000000000
1609060416.057315826 0.000000000 0.000000000
1609060416.081517220 0.000000000 0.000000000
1609060416.082288742 0.000000000 0.000000000
1609060416.106370211 0.000000000 0.000000000
1609060416.107290268 0.000000000 0.000000000
1609060416.156487465 0.000000000 0.000000000
1609060416.157289982 0.000000000 0.000000000
1609060416.181545734 0.000000000 0.000000000
1609060416.182335615 0.000000000 0.000000000
1609060416.206583023 0.000000000 0.000000000
1609060416.207231045 0.000000000 0.000000000
1609060416.231562614 0.000000000 0.000000000
1609060416.232276917 0.000000000 0.000000000
1609060416.256497383 0.000000000 0.000000000
1609060416.257297039 0.000000000 0.000000000
1609060416.281065226 0.000000000 0.000000000
1609060416.282328129 0.000000000 0.000000000
1609060416.331508636 0.000000000 0.000000000
1609060416.332365036 0.000000000 0.000000000
1609060416.356513739 0.000000000 0.000000000
1609060416.357290983 0.000000000 0.000000000
1609060416.381587029 0.000000000 0.000000000
1609060416.382271290 0.000000000 0.000000000
1609060416.406508684 0.000000000 0.000000000
1609060416.407276154 0.000000000 0.000000000
1609060416.431500912 0.000000000 0.000000000
1609060416.432267427 0.000000000 0.000000000
1609060416.456035376 0.000000000 0.000000000
1609060416.457279921 0.000000000 0.000000000
1609060416.506485462 0.000000000 0.000000000
1609060416.507277250 0.000000000 0.000000000
1609060416.531517982 0.000000000 0.000000000
1609060416.532272577 0.000000000 0.000000000
1609060416.556493044 0.000000000 0.000000000
1609060416.557201385 0.000000000 0.000000000
1609060416.581464529 0.000000000 0.000000000
1609060416.582293749 0.000000000 0.000000000
1609060416.606458426 0.000000000 0.000000000
1609060416.607263803 0.000000000 0.000000000
1609060416.631308794 0.000000000 0.000000000
1609060416.632259130 0.000000000 0.000000000
1609060416.681441307 0.000000000 0.000000000
1609060416.682270765 0.000000000 0.000000000
1609060416.706503153 0.000000000 0.000000000
1609060416.707216263 0.000000000 0.000000000
1609060416.731259108 0.000000000 0.000000000
1609060416.732261658 0.000000000 0.000000000
1609060416.756462812 0.000000000 0.000000000
1609060416.757352591 0.000000000 0.000000000
1609060416.781571388 0.000000000 0.000000000
1609060416.782354116 0.000000000 0.000000000
1609060416.806273222 0.000000000 0.000000000
1609060416.807255745 0.000000000 0.000000000
1609060416.855998755 0.000000000 0.000000000
1609060416.857245445 0.000000000 0.000000000
1609060416.880987644 0.000000000 0.000000000
1609060416.882210255 0.000000000 0.000000000
1609060416.906537771 0.000000000 0.000000000
1609060416.907348156 0.000000000 0.000000000
1609060416.931487799 0.000000000 0.000000000
1609060416.932249069 0.000000000 0.000000000
1609060416.956505299 0.000000000 0.000000000
1609060416.957262516 0.000000000 0.000000000
1609060416.981012344 0.000000000 0.000000000
1609060416.982308388 0.000000000 0.000000000
1609060417.031479120 0.000000000 0.000000000
1609060417.031987906 0.000000000 0.000000000
1609060417.056523800 0.000000000 0.000000000
1609060417.057275295 0.000000000 0.000000000
1609060417.081440210 0.000000000 0.000000000
1609060417.082172632 0.000000000 0.000000000
1609060417.106476068 0.000000000 0.000000000
1609060417.107262850 0.000000000 0.000000000
1609060417.131465673 0.000000000 0.000000000
1609060417.132159233 0.000000000 0.000000000
1609060417.156039476 0.000000000 0.000000000
1609060417.157199860 0.000000000 0.000000000
1609060417.206426859 0.000000000 0.000000000
1609060417.207280397 0.000000000 0.000000000
1609060417.231495142 0.000000000 0.000000000
1609060417.232208014 0.000000000 0.000000000
1609060417.256560326 0.000000000 0.000000000
1609060417.257308960 0.000000000 0.000000000
1609060417.281442404 0.000000000 0.000000000
1609060417.282300711 0.000000000 0.000000000
1609060417.306458473 0.000000000 0.000000000
1609060417.307273388 0.000000000 0.000000000
1609060417.331540823 0.000000000 0.000000000
1609060417.332247496 0.000000000 0.000000000
1609060417.381458044 0.000000000 0.000000000
1609060417.382184267 0.000000000 0.000000000
1609060417.406022549 0.000000000 0.000000000
1609060417.407278299 0.000000000 0.000000000
1609060417.431276798 0.000000000 0.000000000
1609060417.432187080 0.000000000 0.000000000
1609060417.456448078 0.000000000 0.000000000
1609060417.457311153 0.000000000 0.000000000
1609060417.481490612 0.000000000 0.000000000
1609060417.481720686 0.000000000 0.000000000
1609060417.506555319 0.000000000 0.000000000
1609060417.507236004 0.000000000 0.000000000
1609060417.556449890 0.000000000 0.000000000
1609060417.557299376 0.000000000 0.000000000
1609060417.581027031 0.000000000 0.000000000
1609060417.582279921 0.000000000 0.000000000
1609060417.606456518 0.000000000 0.000000000
1609060417.607187986 0.000000000 0.000000000
1609060417.631488800 0.000000000 0.000000000
1609060417.632261515 0.000000000 0.000000000
1609060417.656459093 0.000000000 0.000000000
1609060417.657209635 0.000000000 0.000000000
1609060417.681526661 0.000000000 0.000000000
1609060417.682273626 0.000000000 0.000000000
1609060417.731486797 0.000000000 0.000000000
1609060417.731992245 0.000000000 0.000000000
1609060417.756014824 0.000000000 0.000000000
1609060417.756953001 0.000000000 0.000000000
1609060417.781253099 0.000000000 0.000000000
1609060417.782341242 0.000000000 0.000000000
1609060417.806506634 0.000000000 0.000000000
1609060417.807382345 0.000000000 0.000000000
1609060417.831456661 0.000000000 0.000000000
1609060417.831957340 0.000000000 0.000000000
1609060417.856544733 0.000000000 0.000000000
1609060417.857319117 0.000000000 0.000000000
1609060417.906454325 0.000000000 0.000000000
1609060417.907180309 0.000000000 0.000000000
1609060417.931412220 0.000000000 0.000000000
1609060417.932270527 0.000000000 0.000000000
1609060417.956444979 0.000000000 0.000000000
1609060417.957262516 0.000000000 0.000000000
1609060417.981445312 0.000000000 0.000000000
1609060417.982300997 0.000000000 0.000000000
1609060418.006491661 0.000000000 0.000000000
1609060418.007215977 0.000000000 0.000000000
1609060418.031507492 0.000000000 0.000000000
1609060418.032196760 0.000000000 0.000000000
1609060418.081446409 0.000000000 0.000000000
1609060418.082254648 0.000000000 0.000000000
1609060418.105984926 0.000000000 0.000000000
1609060418.107126474 0.000000000 0.000000000
1609060418.131247282 0.000000000 0.000000000
1609060418.132131815 0.000000000 0.000000000
1609060418.156424761 0.000000000 0.000000000
1609060418.157246590 0.000000000 0.000000000
1609060418.181442261 0.000000000 0.000000000
1609060418.182228804 0.000000000 0.000000000
1609060418.206231594 0.000000000 0.000000000
1609060418.207065105 0.000000000 0.000000000
1609060418.256458998 0.000000000 0.000000000
1609060418.257247210 0.000000000 0.000000000
1609060418.281448364 0.000000000 0.000000000
1609060418.282013416 0.000000000 0.000000000
1609060418.306232929 0.000000000 0.000000000
1609060418.307154179 0.000000000 0.000000000
1609060418.331403494 0.000000000 0.000000000
1609060418.332200289 0.000000000 0.000000000
1609060418.356433630 0.000000000 0.000000000
1609060418.357174158 0.000000000 0.000000000
1609060418.381241322 0.000000000 0.000000000
1609060418.382244110 0.000000000 0.000000000
1609060418.431377411 0.000000000 0.000000000
1609060418.432182789 0.000000000 0.000000000
1609060418.456408739 0.000000000 0.000000000
1609060418.457115173 0.000000000 0.000000000
1609060418.481180191 0.000000000 0.000000000
1609060418.482130289 0.000000000 0.000000000
1609060418.506443501 0.000000000 0.000000000
1609060418.507180929 0.000000000 0.000000000
1609060418.531437159 0.000000000 0.000000000
1609060418.532190084 0.000000000 0.000000000
1609060418.556212425 0.000000000 0.000000000
1609060418.557241201 0.000000000 0.000000000
1609060418.606433868 0.000000000 0.000000000
1609060418.606686592 0.000000000 0.000000000
1609060418.631374121 0.000000000 0.000000000
1609060418.632203102 0.000000000 0.000000000
1609060418.656434774 0.000000000 0.000000000
1609060418.657107115 0.000000000 0.000000000
1609060418.681445122 0.000000000 0.000000000
1609060418.682210207 0.000000000 0.000000000
1609060418.706430435 0.000000000 0.000000000
1609060418.707170010 0.000000000 0.000000000
1609060418.731524706 0.000000000 0.000000000
1609060418.732220888 0.000000000 0.000000000
1609060418.781401157 0.000000000 0.000000000
1609060418.781942129 0.000000000 0.000000000
1609060418.806418896 0.000000000 0.000000000
1609060418.807179451 0.000000000 0.000000000
1609060418.831217766 0.000000000 0.000000000
1609060418.832174778 0.000000000 0.000000000
1609060418.856471300 0.000000000 0.000000000
1609060418.857284307 0.000000000 0.000000000
1609060418.881392002 0.000000000 0.000000000
1609060418.882180452 0.000000000 0.000000000
1609060418.906475306 0.000000000 0.000000000
1609060418.906896114 0.000000000 0.000000000
1609060418.956394672 0.000000000 0.000000000
1609060418.957193613 0.000000000 0.000000000
1609060418.981426239 0.000000000 0.000000000
1609060418.982340574 0.000000000 0.000000000
1609060419.006444216 0.000000000 0.000000000
1609060419.007159948 0.000000000 0.000000000
1609060419.031410694 0.000000000 0.000000000
1609060419.032201529 0.000000000 0.000000000
1609060419.056417465 0.000000000 0.000000000
1609060419.057166815 0.000000000 0.000000000
1609060419.081431866 0.000000000 0.000000000
1609060419.082235336 0.000000000 0.000000000
1609060419.131380320 0.000000000 0.000000000
1609060419.132216215 0.000000000 0.000000000
1609060419.156399488 0.000000000 0.000000000
1609060419.157225847 0.000000000 0.000000000
1609060419.181430101 0.000000000 0.000000000
1609060419.182169676 0.000000000 0.000000000
1609060419.206376553 0.000000000 0.000000000
1609060419.207196474 0.000000000 0.000000000
1609060419.231354713 0.000000000 0.000000000
1609060419.232286215 0.000000000 0.000000000
1609060419.256185770 0.000000000 0.000000000
1609060419.257162571 0.000000000 0.000000000
1609060419.306381702 0.000000000 0.000000000
1609060419.307179928 0.000000000 0.000000000
1609060419.331429482 0.000000000 0.000000000
1609060419.332156897 0.000000000 0.000000000
1609060419.356413364 0.000000000 0.000000000
1609060419.357126474 0.000000000 0.000000000
1609060419.381407261 0.000000000 0.000000000
1609060419.382188082 0.000000000 0.000000000
1609060419.406388521 0.000000000 0.000000000
1609060419.407156229 0.000000000 0.000000000
1609060419.431473017 0.000000000 0.000000000
1609060419.432123661 0.000000000 0.000000000
1609060419.481399775 0.000000000 0.000000000
1609060419.482078075 0.000000000 0.000000000
1609060419.505932570 0.000000000 0.000000000
1609060419.507097960 0.000000000 0.000000000
1609060419.531373501 0.000000000 0.000000000
1609060419.532094240 0.000000000 0.000000000
1609060419.556410551 0.000000000 0.000000000
1609060419.557189703 0.000000000 0.000000000
1609060419.581389904 0.000000000 0.000000000
1609060419.582219601 0.000000000 0.000000000
1609060419.606182337 0.000000000 0.000000000
1609060419.607111692 0.000000000 0.000000000
1609060419.655922651 0.000000000 0.000000000
1609060419.656895876 0.000000000 0.000000000
1609060419.681376457 0.000000000 0.000000000
1609060419.682086706 0.000000000 0.000000000
1609060419.706437111 0.000000000 0.000000000
1609060419.707108498 0.000000000 0.000000000
1609060419.731372595 0.000000000 0.000000000
1609060419.732164860 0.000000000 0.000000000
1609060419.756362915 0.000000000 0.000000000
1609060419.757150650 0.000000000 0.000000000
1609060419.781483650 0.000000000 0.000000000
1609060419.782210112 0.000000000 0.000000000
1609060419.831346750 0.000000000 0.000000000
1609060419.832165480 0.000000000 0.000000000
1609060419.856362820 0.000000000 0.000000000
1609060419.857151747 0.000000000 0.000000000
1609060419.881361723 0.000000000 0.000000000
1609060419.882136345 0.000000000 0.000000000
1609060419.906366587 0.000000000 0.000000000
1609060419.906906128 0.000000000 0.000000000
1609060419.931370735 0.000000000 0.000000000
1609060419.932151079 0.000000000 0.000000000
1609060419.956427574 0.000000000 0.000000000
1609060419.956889391 0.000000000 0.000000000
1609060420.006375313 0.000000000 0.000000000
1609060420.006865501 0.000000000 0.000000000
1609060420.031403780 0.000000000 0.000000000
1609060420.032092094 0.000000000 0.000000000
1609060420.056394815 0.000000000 0.000000000
1609060420.057113409 0.000000000 0.000000000
1609060420.081315279 0.000000000 0.000000000
1609060420.082324743 0.000000000 0.000000000
1609060420.106406212 0.000000000 0.000000000
1609060420.106868505 0.000000000 0.000000000
1609060420.131408930 0.000000000 0.000000000
1609060420.132107735 0.000000000 0.000000000
1609060420.181327581 0.000000000 0.000000000
1609060420.182069302 0.000000000 0.000000000
1609060420.231364489 0.000000000 0.000000000
1609060420.232071877 0.000000000 0.000000000
1609060420.256393194 0.000000000 0.000000000
1609060420.257189035 0.000000000 0.000000000
1609060420.281390905 0.000000000 0.000000000
1609060420.282148123 0.000000000 0.000000000
1609060420.306146860 0.000000000 0.000000000
1609060420.306839705 0.000000000 0.000000000
1609060420.357432842 0.000000000 0.000000000
1609060420.357622147 0.000000000 0.000000000
1609060420.381392002 0.000000000 0.000000000
1609060420.406325102 0.000000000 0.000000000
1609060420.407127857 0.000000000 0.000000000
1609060420.432254314 0.000000000 0.000000000
1609060420.432428360 0.000000000 0.000000000
1609060420.456359625 0.000000000 0.000000000
1609060420.457106590 0.000000000 0.000000000
1609060420.481401682 0.000000000 0.000000000
1609060420.482080936 0.000000000 0.000000000
1609060420.531313658 0.000000000 0.000000000
1609060420.556315184 0.000000000 0.000000000
1609060420.557024002 0.000000000 0.000000000
1609060420.581334352 0.000000000 0.000000000
1609060420.582106590 0.000000000 0.000000000
1609060420.606363297 0.000000000 0.000000000
1609060420.607125998 0.000000000 0.000000000
1609060420.631335974 0.000000000 0.000000000
1609060420.632077694 0.000000000 0.000000000
1609060420.656109571 0.000000000 0.000000000
1609060420.657066822 0.000000000 0.000000000
1609060420.706288099 0.000000000 0.000000000
1609060420.707039833 0.000000000 0.000000000
1609060420.731319189 0.000000000 0.000000000
1609060420.756307840 0.000000000 0.000000000
1609060420.757092237 0.000000000 0.000000000
1609060420.781315565 0.000000000 0.000000000
1609060420.781899691 0.000000000 0.000000000
1609060420.806330681 0.000000000 0.000000000
1609060420.807080030 0.000000000 0.000000000
1609060420.831109762 0.000000000 0.000000000
1609060420.832030773 0.000000000 0.000000000
1609060420.881270170 0.000000000 0.000000000
1609060420.881578922 0.000000000 0.000000000
1609060420.906362772 0.000000000 0.000000000
1609060420.907032967 0.000000000 0.000000000
1609060420.931328773 0.000000000 0.000000000
1609060420.932149172 0.000000000 0.000000000
1609060420.956340551 0.000000000 0.000000000
1609060420.957126617 0.000000000 0.000000000
1609060420.981306553 0.000000000 0.000000000
1609060421.006308317 0.000000000 0.000000000
1609060421.007022619 0.000000000 0.000000000
1609060421.056301117 0.000000000 0.000000000
1609060421.057012320 0.000000000 0.000000000
1609060421.081300497 0.000000000 0.000000000
1609060421.082074404 0.000000000 0.000000000
1609060421.106295109 0.000000000 0.000000000
1609060421.107032061 0.000000000 0.000000000
1609060421.131324768 0.000000000 0.000000000
1609060421.132092953 0.000000000 0.000000000
1609060421.156306028 0.000000000 0.000000000
1609060421.157061815 0.000000000 0.000000000
1609060421.181304216 0.000000000 0.000000000
1609060421.182052612 0.000000000 0.000000000
1609060421.231297493 0.000000000 0.000000000
1609060421.231587648 0.000000000 0.000000000
1609060421.256338835 0.000000000 0.000000000
1609060421.257078171 0.000000000 0.000000000
1609060421.281341791 0.000000000 0.000000000
1609060421.282076120 0.000000000 0.000000000
1609060421.306336164 0.000000000 0.000000000
1609060421.307120800 0.000000000 0.000000000
1609060421.331360579 0.000000000 0.000000000
1609060421.356272459 0.000000000 0.000000000
1609060421.357039213 0.000000000 0.000000000
1609060421.405867577 0.000000000 0.000000000
1609060421.407001972 0.000000000 0.000000000
1609060421.431347847 0.000000000 0.000000000
1609060421.432004690 0.000000000 0.000000000
1609060421.456307411 0.000000000 0.000000000
1609060421.457069159 0.000000000 0.000000000
1609060421.481290340 0.000000000 0.000000000
1609060421.481840372 0.000000000 0.000000000
1609060421.506274939 0.000000000 0.000000000
1609060421.507040739 0.000000000 0.000000000
1609060421.531346321 0.000000000 0.000000000
1609060421.532075882 0.000000000 0.000000000
1609060421.581291199 0.000000000 0.000000000
1609060421.582014561 0.000000000 0.000000000
1609060421.606343031 0.000000000 0.000000000
1609060421.607065201 0.000000000 0.000000000
1609060421.631061077 0.000000000 0.000000000
1609060421.632072687 0.000000000 0.000000000
1609060421.656271696 0.000000000 0.000000000
1609060421.656928778 0.000000000 0.000000000
1609060421.681300640 0.000000000 0.000000000
1609060421.681809664 0.000000000 0.000000000
1609060421.706290722 0.000000000 0.000000000
1609060421.707037449 0.000000000 0.000000000
1609060421.756304264 0.000000000 0.000000000
1609060421.781300306 0.000000000 0.000000000
1609060421.782141924 0.000000000 0.000000000
1609060421.806066275 0.000000000 0.000000000
1609060421.807027102 0.000000000 0.000000000
1609060421.831294775 0.000000000 0.000000000
1609060421.832098246 0.000000000 0.000000000
1609060421.856293678 0.000000000 0.000000000
1609060421.881980658 0.000000000 0.000000000
1609060421.931305647 0.000000000 0.000000000
1609060421.956264257 0.000000000 0.000000000
1609060421.957052946 0.000000000 0.000000000
1609060421.981110334 0.000000000 0.000000000
1609060421.982084036 0.000000000 0.000000000
1609060422.006263494 0.000000000 0.000000000
1609060422.007127523 0.000000000 0.000000000
1609060422.031351805 0.000000000 0.000000000
1609060422.032167673 0.000000000 0.000000000
1609060422.056972265 0.000000000 0.000000000
1609060422.106256962 0.000000000 0.000000000
1609060422.131223679 0.000000000 0.000000000
1609060422.132066250 0.000000000 0.000000000
1609060422.156344891 0.000000000 0.000000000
1609060422.157027006 0.000000000 0.000000000
1609060422.181268454 0.000000000 0.000000000
1609060422.182008266 0.000000000 0.000000000
1609060422.231239319 0.000000000 0.000000000
1609060422.232012510 0.000000000 0.000000000
1609060422.281262159 0.000000000 0.000000000
1609060422.306085110 0.000000000 0.000000000
1609060422.307059765 0.000000000 0.000000000
1609060422.331352711 0.000000000 0.000000000
1609060422.356274843 0.000000000 0.000000000
1609060422.356857538 0.000000000 0.000000000
1609060422.381282330 0.000000000 0.000000000
1609060422.382136583 0.000000000 0.000000000
1609060422.406962156 0.000000000 0.000000000
1609060422.456255436 0.000000000 0.000000000
1609060422.456999779 0.000000000 0.000000000
1609060422.481349468 0.000000000 0.000000000
1609060422.482020140 0.000000000 0.000000000
1609060422.506345510 0.000000000 0.000000000
1609060422.507048845 0.000000000 0.000000000
1609060422.531226873 0.000000000 0.000000000
1609060422.531965971 0.000000000 0.000000000
1609060422.556286097 0.000000000 0.000000000
1609060422.557085752 0.000000000 0.000000000
1609060422.582001686 0.000000000 0.000000000
1609060422.631218433 0.000000000 0.000000000
1609060422.631523609 0.000000000 0.000000000
1609060422.656331778 0.000000000 0.000000000
1609060422.657011986 0.000000000 0.000000000
1609060422.681293249 0.000000000 0.000000000
1609060422.681979895 0.000000000 0.000000000
1609060422.706236601 0.000000000 0.000000000
1609060422.731261730 0.000000000 0.000000000
1609060422.732037306 0.000000000 0.000000000
1609060422.756252289 0.000000000 0.000000000
1609060422.757023096 0.000000000 0.000000000
1609060422.806230545 0.000000000 0.000000000
1609060422.831338406 0.000000000 0.000000000
1609060422.832031012 0.000000000 0.000000000
1609060422.856331587 0.000000000 0.000000000
1609060422.856986761 0.000000000 0.000000000
1609060422.881263256 0.000000000 0.000000000
1609060422.906248093 0.000000000 0.000000000
1609060422.907019615 0.000000000 0.000000000
1609060422.931235552 0.000000000 0.000000000
1609060422.932016611 0.000000000 0.000000000
1609060422.981273890 0.000000000 0.000000000
1609060422.982114553 0.000000000 0.000000000
1609060423.006357670 0.000000000 0.000000000
1609060423.007034063 0.000000000 0.000000000
1609060423.031018019 0.000000000 0.000000000
1609060423.031940699 0.000000000 0.000000000
1609060423.056209564 0.000000000 0.000000000
1609060423.081257820 0.000000000 0.000000000
1609060423.082030296 0.000000000 0.000000000
1609060423.106967449 0.000000000 0.000000000
1609060423.156342030 0.000000000 0.000000000
1609060423.181299925 0.000000000 0.000000000
1609060423.182034969 0.000000000 0.000000000
1609060423.206342220 0.000000000 0.000000000
1609060423.231250286 0.000000000 0.000000000
1609060423.256212234 0.000000000 0.000000000
1609060423.257046938 0.000000000 0.000000000
1609060423.281216621 0.000000000 0.000000000
1609060423.282078505 0.000000000 0.000000000
1609060423.331184387 0.000000000 0.000000000
1609060423.356331110 0.000000000 0.000000000
1609060423.357008457 0.000000000 0.000000000
1609060423.406158209 0.000000000 0.000000000
1609060423.431269407 0.000000000 0.000000000
1609060423.432038069 0.000000000 0.000000000
1609060423.456219196 0.000000000 0.000000000
1609060423.456953526 0.000000000 0.000000000
1609060423.506223917 0.000000000 0.000000000
1609060423.531001806 0.000000000 0.000000000
1609060423.532016754 0.000000000 0.000000000
1609060423.556285858 0.000000000 0.000000000
1609060423.556945801 0.000000000 0.000000000
1609060423.581193447 0.000000000 0.000000000
1609060423.581953526 0.000000000 0.000000000
1609060423.606245279 0.000000000 0.000000000
1609060423.607000828 0.000000000 0.000000000
1609060423.631004572 0.000000000 0.000000000
1609060423.631915092 0.000000000 0.000000000
1609060423.681212187 0.000000000 0.000000000
1609060423.706320047 0.000000000 0.000000000
1609060423.707034826 0.000000000 0.000000000
1609060423.731294155 0.000000000 0.000000000
1609060423.732041836 0.000000000 0.000000000
1609060423.756224632 0.000000000 0.000000000
1609060423.781220436 0.000000000 0.000000000
1609060423.782049894 0.000000000 0.000000000
1609060423.805966616 0.000000000 0.000000000
1609060423.806978226 0.000000000 0.000000000
1609060423.856208324 0.000000000 0.000000000
1609060423.881217718 0.000000000 0.000000000
1609060423.881713629 0.000000000 0.000000000
1609060423.906255722 0.000000000 0.000000000
1609060423.906949759 0.000000000 0.000000000
1609060423.931293726 0.000000000 0.000000000
1609060423.956189156 0.000000000 0.000000000
1609060423.956924438 0.000000000 0.000000000
1609060423.981011391 0.000000000 0.000000000
1609060423.981973648 0.000000000 0.000000000
1609060424.031224489 0.000000000 0.000000000
1609060424.056184292 0.000000000 0.000000000
1609060424.057027102 0.000000000 0.000000000
1609060424.106156826 0.000000000 0.000000000
1609060424.131250143 0.000000000 0.000000000
1609060424.132026672 0.000000000 0.000000000
1609060424.156285524 0.000000000 0.000000000
1609060424.156948090 0.000000000 0.000000000
1609060424.206231356 0.000000000 0.000000000
1609060424.231198549 0.000000000 0.000000000
1609060424.231967211 0.000000000 0.000000000
1609060424.256215572 0.000000000 0.000000000
1609060424.256958008 0.000000000 0.000000000
1609060424.281279802 0.000000000 0.000000000
1609060424.306190491 0.000000000 0.000000000
1609060424.306979418 0.000000000 0.000000000
1609060424.330995560 0.000000000 0.000000000
1609060424.331899881 0.000000000 0.000000000
1609060424.381228924 0.000000000 0.000000000
1609060424.406176805 0.000000000 0.000000000
1609060424.406426668 0.000000000 0.000000000
1609060424.431257725 0.000000000 0.000000000
1609060424.431912661 0.000000000 0.000000000
1609060424.456189632 0.000000000 0.000000000
1609060424.481178522 0.000000000 0.000000000
1609060424.481950760 0.000000000 0.000000000
1609060424.506315231 0.000000000 0.000000000
1609060424.506942511 0.000000000 0.000000000
1609060424.556240797 0.000000000 0.000000000
1609060424.581198454 0.000000000 0.000000000
1609060424.581468821 0.000000000 0.000000000
1609060424.606232882 0.000000000 0.000000000
1609060424.607010365 0.000000000 0.000000000
1609060424.631270647 0.000000000 0.000000000
1609060424.656212091 0.000000000 0.000000000
1609060424.656858206 0.000000000 0.000000000
1609060424.730657101 0.000000000 0.000000000
1609060424.756157875 0.000000000 0.000000000
1609060424.756966114 0.000000000 0.000000000
1609060424.781253099 0.000000000 0.000000000
1609060424.781966925 0.000000000 0.000000000
1609060424.806229353 0.000000000 0.000000000
1609060424.831215620 0.000000000 0.000000000
1609060424.831974030 0.000000000 0.000000000
1609060424.856245041 0.000000000 0.000000000
1609060424.856873274 0.000000000 0.000000000
1609060424.906210661 0.000000000 0.000000000
1609060424.906901598 0.000000000 0.000000000
1609060424.931172609 0.000000000 0.000000000
1609060424.931437492 0.000000000 0.000000000
1609060424.956239462 0.000000000 0.000000000
1609060424.981209040 0.000000000 0.000000000
1609060425.006151438 0.000000000 0.000000000
1609060425.006982565 0.000000000 0.000000000
1609060425.031058311 0.000000000 0.000000000
1609060425.031911612 0.000000000 0.000000000
1609060425.080643177 0.000000000 0.000000000
1609060425.081875324 0.000000000 0.000000000
1609060425.106198072 0.000000000 0.000000000
1609060425.106438398 0.000000000 0.000000000
1609060425.131227255 0.000000000 0.000000000
1609060425.156185150 0.000000000 0.000000000
1609060425.181157351 0.000000000 0.000000000
1609060425.181969643 0.000000000 0.000000000
1609060425.206259251 0.000000000 0.000000000
1609060425.206871748 0.000000000 0.000000000
1609060425.256224155 0.000000000 0.000000000
1609060425.256888151 0.000000000 0.000000000
1609060425.281181812 0.000000000 0.000000000
1609060425.281485558 0.000000000 0.000000000
1609060425.306258440 0.000000000 0.000000000
1609060425.306957006 0.000000000 0.000000000
1609060425.331212997 0.000000000 0.000000000
1609060425.356146336 0.000000000 0.000000000
1609060425.356917620 0.000000000 0.000000000
1609060425.381365061 0.000000000 0.000000000
1609060425.381977081 0.000000000 0.000000000
1609060425.430587769 0.000000000 0.000000000
1609060425.431831598 0.000000000 0.000000000
1609060425.456183434 0.000000000 0.000000000
1609060425.456404686 0.000000000 0.000000000
1609060425.481887579 0.000000000 0.000000000
1609060425.506217003 0.000000000 0.000000000
1609060425.531164169 0.000000000 0.000000000
1609060425.531935930 0.000000000 0.000000000
1609060425.556152344 0.000000000 0.000000000
1609060425.556956053 0.000000000 0.000000000
1609060425.606219292 0.000000000 0.000000000
1609060425.631142139 0.000000000 0.000000000
1609060425.631702423 0.000000000 0.000000000
1609060425.655893326 0.000000000 0.000000000
1609060425.656865120 0.000000000 0.000000000
1609060425.681168318 0.000000000 0.000000000
1609060425.706144571 0.000000000 0.000000000
1609060425.706898451 0.000000000 0.000000000
1609060425.781232357 0.000000000 0.000000000
1609060425.781909704 0.000000000 0.000000000
1609060425.806148291 0.000000000 0.000000000
1609060425.806964397 0.000000000 0.000000000
1609060425.831238508 0.000000000 0.000000000
1609060425.831885338 0.000000000 0.000000000
1609060425.856235504 0.000000000 0.000000000
1609060425.881126404 0.000000000 0.000000000
1609060425.881916523 0.000000000 0.000000000
1609060425.906151772 0.000000000 0.000000000
1609060425.906944752 0.000000000 0.000000000
1609060425.956076384 0.000000000 0.000000000
1609060425.956830978 0.000000000 0.000000000
1609060425.981110573 0.000000000 0.000000000
1609060426.006203175 0.000000000 0.000000000
1609060426.006819725 0.000000000 0.000000000
1609060426.031146765 0.000000000 0.000000000
1609060426.031851530 0.000000000 0.000000000
1609060426.056141376 0.000000000 0.000000000
1609060426.056917906 0.000000000 0.000000000
1609060426.081232786 0.000000000 0.000000000
1609060426.081948519 0.000000000 0.000000000
1609060426.131117821 0.000000000 0.000000000
1609060426.131817579 0.000000000 0.000000000
1609060426.156116009 0.000000000 0.000000000
1609060426.181175709 0.000000000 0.000000000
1609060426.181983709 0.000000000 0.000000000
1609060426.206125498 0.000000000 0.000000000
1609060426.206843138 0.000000000 0.000000000
1609060426.256176949 0.000000000 0.000000000
1609060426.256812334 0.000000000 0.000000000
1609060426.306085110 0.000000000 0.000000000
1609060426.306843281 0.000000000 0.000000000
1609060426.331121922 0.000000000 0.000000000
1609060426.355924129 0.000000000 0.000000000
1609060426.356831789 0.000000000 0.000000000
1609060426.381153345 0.000000000 0.000000000
1609060426.406115055 0.000000000 0.000000000
1609060426.406846285 0.000000000 0.000000000
1609060426.430934191 0.000000000 0.000000000
1609060426.431876898 0.000000000 0.000000000
1609060426.481833220 0.000000000 0.000000000
1609060426.506109953 0.000000000 0.000000000
1609060426.531822920 0.000000000 0.000000000
1609060426.556134462 0.000000000 0.000000000
1609060426.581193924 0.000000000 0.000000000
1609060426.581897497 0.000000000 0.000000000
1609060426.606182814 0.000000000 0.000000000
1609060426.606925011 0.000000000 0.000000000
1609060426.656092644 0.000000000 0.000000000
1609060426.681126595 0.000000000 0.000000000
1609060426.705920935 0.000000000 0.000000000
1609060426.706830740 0.000000000 0.000000000
1609060426.731194973 0.000000000 0.000000000
1609060426.731375933 0.000000000 0.000000000
1609060426.756331682 0.000000000 0.000000000
1609060426.756992102 0.000000000 0.000000000
1609060426.781185389 0.000000000 0.000000000
1609060426.781903028 0.000000000 0.000000000
1609060426.831140518 0.000000000 0.000000000
1609060426.831846952 0.000000000 0.000000000
1609060426.856130600 0.000000000 0.000000000
1609060426.881786346 0.000000000 0.000000000
1609060426.906104565 0.000000000 0.000000000
1609060426.931178808 0.000000000 0.000000000
1609060426.931871653 0.000000000 0.000000000
1609060426.956182480 0.000000000 0.000000000
1609060426.956835270 0.000000000 0.000000000
1609060427.006073952 0.000000000 0.000000000
1609060427.006829262 0.000000000 0.000000000
1609060427.031138659 0.000000000 0.000000000
1609060427.031862736 0.000000000 0.000000000
1609060427.056069613 0.000000000 0.000000000
1609060427.056829453 0.000000000 0.000000000
1609060427.081116676 0.000000000 0.000000000
1609060427.081830263 0.000000000 0.000000000
1609060427.106179476 0.000000000 0.000000000
1609060427.106893778 0.000000000 0.000000000
1609060427.181087017 0.000000000 0.000000000
1609060427.181896210 0.000000000 0.000000000
1609060427.206117868 0.000000000 0.000000000
1609060427.230907440 0.000000000 0.000000000
1609060427.231808901 0.000000000 0.000000000
1609060427.256143570 0.000000000 0.000000000
1609060427.256829262 0.000000000 0.000000000
1609060427.281170130 0.000000000 0.000000000
1609060427.281924963 0.000000000 0.000000000
1609060427.305975676 0.000000000 0.000000000
1609060427.306869268 0.000000000 0.000000000
1609060427.356044292 0.000000000 0.000000000
1609060427.356768370 0.000000000 0.000000000
1609060427.381094456 0.000000000 0.000000000
1609060427.406137943 0.000000000 0.000000000
1609060427.406807661 0.000000000 0.000000000
1609060427.431086540 0.000000000 0.000000000
1609060427.431895971 0.000000000 0.000000000
1609060427.480871201 0.000000000 0.000000000
1609060427.481832504 0.000000000 0.000000000
1609060427.531029940 0.000000000 0.000000000
1609060427.531848431 0.000000000 0.000000000
1609060427.556107998 0.000000000 0.000000000
1609060427.581032276 0.000000000 0.000000000
1609060427.556905508 0.000000000 0.000000000
1609060427.581794739 0.000000000 0.000000000
1609060427.606104612 0.000000000 0.000000000
1609060427.606786013 0.000000000 0.000000000
1609060427.631100893 0.000000000 0.000000000
1609060427.631891012 0.000000000 0.000000000
1609060427.655871153 0.000000000 0.000000000
1609060427.656792164 0.000000000 0.000000000
1609060427.706095457 0.000000000 0.000000000
1609060427.706786633 0.000000000 0.000000000
1609060427.731076241 0.000000000 0.000000000
1609060427.756091595 0.000000000 0.000000000
1609060427.756778002 0.000000000 0.000000000
1609060427.781110287 0.000000000 0.000000000
1609060427.781821966 0.000000000 0.000000000
1609060427.806126356 0.000000000 0.000000000
1609060427.806838274 0.000000000 0.000000000
1609060427.831211090 0.000000000 0.000000000
1609060427.831815243 0.000000000 0.000000000
1609060427.881034851 0.000000000 0.000000000
1609060427.881782055 0.000000000 0.000000000
1609060427.906132698 0.000000000 0.000000000
1609060427.906796217 0.000000000 0.000000000
1609060427.931102753 0.000000000 0.000000000
1609060427.931774378 0.000000000 0.000000000
1609060427.956114054 0.000000000 0.000000000
1609060427.956810713 0.000000000 0.000000000
1609060427.981077909 0.000000000 0.000000000
1609060427.981756210 0.000000000 0.000000000
1609060428.006181479 0.000000000 0.000000000
1609060428.006776094 0.000000000 0.000000000
1609060428.057184219 0.000000000 0.000000000
1609060428.057338476 0.000000000 0.000000000
1609060428.081084728 0.000000000 0.000000000
1609060428.106090307 0.000000000 0.000000000
1609060428.106709242 0.000000000 0.000000000
1609060428.131061316 0.000000000 0.000000000
1609060428.131797791 0.000000000 0.000000000
1609060428.156103849 0.000000000 0.000000000
1609060428.156846523 0.000000000 0.000000000
1609060428.181780338 0.000000000 0.000000000
1609060428.231041193 0.000000000 0.000000000
1609060428.231816053 0.000000000 0.000000000
1609060428.256087065 0.000000000 0.000000000
1609060428.281045198 0.000000000 0.000000000
1609060428.281818628 0.000000000 0.000000000
1609060428.306061268 0.000000000 0.000000000
1609060428.306819201 0.000000000 0.000000000
1609060428.331065178 0.000000000 0.000000000
1609060428.331753969 0.000000000 0.000000000
1609060428.356803417 0.000000000 0.000000000
1609060428.406021833 0.000000000 0.000000000
1609060428.406777382 0.000000000 0.000000000
1609060428.431076050 0.000000000 0.000000000
1609060428.431913137 0.000000000 0.000000000
1609060428.456066370 0.000000000 0.000000000
1609060428.456761122 0.000000000 0.000000000
1609060428.481024981 0.000000000 0.000000000
1609060428.506062984 0.000000000 0.000000000
1609060428.506769896 0.000000000 0.000000000
1609060428.531761169 0.000000000 0.000000000
1609060428.581023216 0.000000000 0.000000000
1609060428.581806660 0.000000000 0.000000000
1609060428.606150389 0.000000000 0.000000000
1609060428.606910229 0.000000000 0.000000000
1609060428.631048441 0.000000000 0.000000000
1609060428.631708860 0.000000000 0.000000000
1609060428.656034946 0.000000000 0.000000000
1609060428.656841755 0.000000000 0.000000000
1609060428.681080103 0.000000000 0.000000000
1609060428.681945801 0.000000000 0.000000000
1609060428.705876589 0.000000000 0.000000000
1609060428.706762314 0.000000000 0.000000000
1609060428.756019592 0.000000000 0.000000000
1609060428.781361341 0.000000000 0.000000000
1609060428.806750059 0.000000000 0.000000000
1609060428.831045628 0.000000000 0.000000000
1609060428.831792116 0.000000000 0.000000000
1609060428.856093407 0.000000000 0.000000000
1609060428.856836319 0.000000000 0.000000000
1609060428.881094933 0.000000000 0.000000000
1609060428.881726503 0.000000000 0.000000000
1609060428.931049109 0.000000000 0.000000000
1609060428.931807995 0.000000000 0.000000000
1609060428.956100464 0.000000000 0.000000000
1609060428.956868172 0.000000000 0.000000000
1609060428.981019974 0.000000000 0.000000000
1609060428.981774569 0.000000000 0.000000000
1609060429.006736279 0.000000000 0.000000000
1609060429.031042576 0.000000000 0.000000000
1609060429.031811237 0.000000000 0.000000000
1609060429.056007385 0.000000000 0.000000000
1609060429.056723356 0.000000000 0.000000000
1609060429.106016397 0.000000000 0.000000000
1609060429.106804132 0.000000000 0.000000000
1609060429.131098747 0.000000000 0.000000000
1609060429.131795645 0.000000000 0.000000000
1609060429.156022072 0.000000000 0.000000000
1609060429.156741142 0.000000000 0.000000000
1609060429.181051970 0.000000000 0.000000000
1609060429.181806803 0.000000000 0.000000000
1609060429.206050873 0.000000000 0.000000000
1609060429.206794977 0.000000000 0.000000000
1609060429.232363224 0.000000000 0.000000000
1609060429.232566595 0.000000000 0.000000000
1609060429.280984163 0.000000000 0.000000000
1609060429.281763792 0.000000000 0.000000000
1609060429.306813717 0.000000000 0.000000000
1609060429.331706285 0.000000000 0.000000000
1609060429.356047392 0.000000000 0.000000000
1609060429.356760979 0.000000000 0.000000000
1609060429.381044626 0.000000000 0.000000000
1609060429.381838083 0.000000000 0.000000000
1609060429.406008482 0.000000000 0.000000000
1609060429.406699896 0.000000000 0.000000000
1609060429.455972672 0.000000000 0.000000000
1609060429.456685781 0.000000000 0.000000000
1609060429.481076241 0.000000000 0.000000000
1609060429.481770039 0.000000000 0.000000000
1609060429.506035566 0.000000000 0.000000000
1609060429.506564379 0.000000000 0.000000000
1609060429.530523062 0.000000000 0.000000000
1609060429.531747341 0.000000000 0.000000000
1609060429.555983782 0.000000000 0.000000000
1609060429.556764841 0.000000000 0.000000000
1609060429.581016541 0.000000000 0.000000000
1609060429.581787825 0.000000000 0.000000000
1609060429.631032944 0.000000000 0.000000000
1609060429.631721020 0.000000000 0.000000000
1609060429.656088114 0.000000000 0.000000000
1609060429.656792879 0.000000000 0.000000000
1609060429.680979490 0.000000000 0.000000000
1609060429.681762695 0.000000000 0.000000000
1609060429.705988169 0.000000000 0.000000000
1609060429.706698656 0.000000000 0.000000000
1609060429.731048584 0.000000000 0.000000000
1609060429.731768608 0.000000000 0.000000000
1609060429.755991459 0.000000000 0.000000000
1609060429.756736517 0.000000000 0.000000000
1609060429.805983543 0.000000000 0.000000000
1609060429.806727171 0.000000000 0.000000000
1609060429.831021309 0.000000000 0.000000000
1609060429.831809282 0.000000000 0.000000000
1609060429.856012583 0.000000000 0.000000000
1609060429.856478214 0.000000000 0.000000000
1609060429.880505085 0.000000000 0.000000000
1609060429.881747961 0.000000000 0.000000000
1609060429.905990124 0.000000000 0.000000000
1609060429.906739473 0.000000000 0.000000000
1609060429.931536674 0.000000000 0.000000000
1609060429.980941772 0.000000000 0.000000000
1609060429.981711149 0.000000000 0.000000000
1609060430.006024599 0.000000000 0.000000000
1609060430.006772757 0.000000000 0.000000000
1609060430.031012774 0.000000000 0.000000000
1609060430.031524658 0.000000000 0.000000000
1609060430.056737423 0.000000000 0.000000000
1609060430.081022501 0.000000000 0.000000000
1609060430.081743240 0.000000000 0.000000000
1609060430.105973721 0.000000000 0.000000000
1609060430.106706381 0.000000000 0.000000000
1609060430.155998230 0.000000000 0.000000000
1609060430.156725883 0.000000000 0.000000000
1609060430.180972815 0.000000000 0.000000000
1609060430.181801796 0.000000000 0.000000000
1609060430.206007719 0.000000000 0.000000000
1609060430.206759691 0.000000000 0.000000000
1609060430.231707335 0.000000000 0.000000000
1609060430.256801367 0.000000000 0.000000000
1609060430.256963015 0.000000000 0.000000000
1609060430.281508684 0.000000000 0.000000000
1609060430.330975771 0.000000000 0.000000000
1609060430.331694126 0.000000000 0.000000000
1609060430.355991125 0.000000000 0.000000000
1609060430.356246233 0.000000000 0.000000000
1609060430.380954981 0.000000000 0.000000000
1609060430.381769419 0.000000000 0.000000000
1609060430.405502558 0.000000000 0.000000000
1609060430.406658173 0.000000000 0.000000000
1609060430.430967569 0.000000000 0.000000000
1609060430.431769371 0.000000000 0.000000000
1609060430.456024170 0.000000000 0.000000000
1609060430.456752777 0.000000000 0.000000000
1609060430.505985498 0.000000000 0.000000000
1609060430.506702423 0.000000000 0.000000000
1609060430.531005144 0.000000000 0.000000000
1609060430.531746387 0.000000000 0.000000000
1609060430.555488586 0.000000000 0.000000000
1609060430.556692839 0.000000000 0.000000000
1609060430.580541849 0.000000000 0.000000000
1609060430.581719875 0.000000000 0.000000000
1609060430.606006861 0.000000000 0.000000000
1609060430.606708765 0.000000000 0.000000000
1609060430.630949497 0.000000000 0.000000000
1609060430.631654978 0.000000000 0.000000000
1609060430.680931091 0.000000000 0.000000000
1609060430.681657791 0.000000000 0.000000000
1609060430.705967426 0.000000000 0.000000000
1609060430.706741571 0.000000000 0.000000000
1609060430.730515003 0.000000000 0.000000000
1609060430.731803894 0.000000000 0.000000000
1609060430.755513191 0.000000000 0.000000000
1609060430.756717205 0.000000000 0.000000000
1609060430.780973196 0.000000000 0.000000000
1609060430.781818867 0.000000000 0.000000000
1609060430.806001902 0.000000000 0.000000000
1609060430.806468487 0.000000000 0.000000000
1609060430.855948448 0.000000000 0.000000000
1609060430.856669188 0.000000000 0.000000000
1609060430.880980492 0.000000000 0.000000000
1609060430.881762981 0.000000000 0.000000000
1609060430.906004190 0.000000000 0.000000000
1609060430.906626463 0.000000000 0.000000000
1609060430.930992603 0.000000000 0.000000000
1609060430.931672096 0.000000000 0.000000000
1609060430.955950022 0.000000000 0.000000000
1609060430.956649780 0.000000000 0.000000000
1609060430.981005907 0.000000000 0.000000000
1609060430.981739521 0.000000000 0.000000000
1609060431.030963898 0.000000000 0.000000000
1609060431.031660080 0.000000000 0.000000000
1609060431.055934906 0.000000000 0.000000000
1609060431.056193590 0.000000000 0.000000000
1609060431.080484867 0.000000000 0.000000000
1609060431.081733227 0.000000000 0.000000000
1609060431.105953693 0.000000000 0.000000000
1609060431.106684208 0.000000000 0.000000000
1609060431.130968571 0.000000000 0.000000000
1609060431.131722212 0.000000000 0.000000000
1609060431.155938625 0.000000000 0.000000000
1609060431.156474590 0.000000000 0.000000000
1609060431.205984354 0.000000000 0.000000000
1609060431.206662178 0.000000000 0.000000000
1609060431.230929136 0.000000000 0.000000000
1609060431.231856823 0.000000000 0.000000000
1609060431.255495310 0.000000000 0.000000000
1609060431.256748676 0.000000000 0.000000000
1609060431.280489683 0.000000000 0.000000000
1609060431.281734467 0.000000000 0.000000000
1609060431.305948257 0.000000000 0.000000000
1609060431.306699514 0.000000000 0.000000000
1609060431.330928802 0.000000000 0.000000000
1609060431.331488132 0.000000000 0.000000000
1609060431.380932331 0.000000000 0.000000000
1609060431.381672382 0.000000000 0.000000000
1609060431.405932426 0.000000000 0.000000000
1609060431.406715393 0.000000000 0.000000000
1609060431.430500984 0.000000000 0.000000000
1609060431.431803465 0.000000000 0.000000000
1609060431.455489874 0.000000000 0.000000000
1609060431.456640482 0.000000000 0.000000000
1609060431.480917454 0.000000000 0.000000000
1609060431.481656313 0.000000000 0.000000000
1609060431.506447315 0.000000000 0.000000000
1609060431.555913925 0.000000000 0.000000000
1609060431.556605101 0.000000000 0.000000000
1609060431.580931902 0.000000000 0.000000000
1609060431.581756353 0.000000000 0.000000000
1609060431.605530739 0.000000000 0.000000000
1609060431.606712341 0.000000000 0.000000000
1609060431.630621672 0.000000000 0.000000000
1609060431.631629229 0.000000000 0.000000000
1609060431.655973673 0.000000000 0.000000000
1609060431.656734705 0.000000000 0.000000000
1609060431.680910110 0.000000000 0.000000000
1609060431.681703806 0.000000000 0.000000000
1609060431.730886698 0.000000000 0.000000000
1609060431.731616735 0.000000000 0.000000000
1609060431.755963326 0.000000000 0.000000000
1609060431.756712437 0.000000000 0.000000000
1609060431.780927181 0.000000000 0.000000000
1609060431.781751156 0.000000000 0.000000000
1609060431.805512190 0.000000000 0.000000000
1609060431.806685448 0.000000000 0.000000000
1609060431.830945492 0.000000000 0.000000000
1609060431.831687689 0.000000000 0.000000000
1609060431.855962753 0.000000000 0.000000000
1609060431.856642962 0.000000000 0.000000000
1609060431.905987740 0.000000000 0.000000000
1609060431.906608343 0.000000000 0.000000000
1609060431.930930376 0.000000000 0.000000000
1609060431.931678057 0.000000000 0.000000000
1609060431.955962181 0.000000000 0.000000000
1609060431.956676960 0.000000000 0.000000000
1609060431.980928898 0.000000000 0.000000000
1609060431.981183052 0.000000000 0.000000000
1609060432.005975723 0.000000000 0.000000000
1609060432.006646395 0.000000000 0.000000000
1609060432.030931711 0.000000000 0.000000000
1609060432.031698942 0.000000000 0.000000000
1609060432.080916643 0.000000000 0.000000000
1609060432.081627607 0.000000000 0.000000000
1609060432.105887413 0.000000000 0.000000000
1609060432.106691122 0.000000000 0.000000000
1609060432.130930901 0.000000000 0.000000000
1609060432.131690741 0.000000000 0.000000000
1609060432.155459404 0.000000000 0.000000000
1609060432.156659126 0.000000000 0.000000000
1609060432.180889845 0.000000000 0.000000000
1609060432.181687117 0.000000000 0.000000000
1609060432.205931664 0.000000000 0.000000000
1609060432.255903721 0.000000000 0.000000000
1609060432.256578207 0.000000000 0.000000000
1609060432.280924320 0.000000000 0.000000000
1609060432.281837940 0.000000000 0.000000000
1609060432.305917501 0.000000000 0.000000000
1609060432.306662560 0.000000000 0.000000000
1609060432.330449104 0.000000000 0.000000000
1609060432.331149817 0.000000000 0.000000000
1609060432.355942965 0.000000000 0.000000000
1609060432.356684446 0.000000000 0.000000000
1609060432.380918026 0.000000000 0.000000000
1609060432.381448269 0.000000000 0.000000000
1609060432.430930138 0.000000000 0.000000000
1609060432.431572914 0.000000000 0.000000000
1609060432.455906630 0.000000000 0.000000000
1609060432.456720591 0.000000000 0.000000000
1609060432.480930567 0.000000000 0.000000000
1609060432.481656313 0.000000000 0.000000000
1609060432.505448103 0.000000000 0.000000000
1609060432.506613970 0.000000000 0.000000000
1609060432.530909061 0.000000000 0.000000000
1609060432.531683683 0.000000000 0.000000000
1609060432.555910826 0.000000000 0.000000000
1609060432.605876684 0.000000000 0.000000000
1609060432.606556892 0.000000000 0.000000000
1609060432.630906343 0.000000000 0.000000000
1609060432.631669044 0.000000000 0.000000000
1609060432.655876160 0.000000000 0.000000000
1609060432.656131983 0.000000000 0.000000000
1609060432.680404663 0.000000000 0.000000000
1609060432.705887079 0.000000000 0.000000000
1609060432.706679106 0.000000000 0.000000000
1609060432.730938673 0.000000000 0.000000000
1609060432.731739998 0.000000000 0.000000000
1609060432.780877113 0.000000000 0.000000000
1609060432.781670570 0.000000000 0.000000000
1609060432.805924416 0.000000000 0.000000000
1609060432.806672812 0.000000000 0.000000000
1609060432.830913544 0.000000000 0.000000000
1609060432.831660271 0.000000000 0.000000000
1609060432.855452299 0.000000000 0.000000000
1609060432.856136799 0.000000000 0.000000000
1609060432.880897522 0.000000000 0.000000000
1609060432.881683111 0.000000000 0.000000000
1609060432.905855894 0.000000000 0.000000000
1609060432.906551123 0.000000000 0.000000000
1609060432.955857515 0.000000000 0.000000000
1609060432.956556559 0.000000000 0.000000000
1609060432.980892658 0.000000000 0.000000000
1609060432.981714725 0.000000000 0.000000000
1609060433.005902290 0.000000000 0.000000000
1609060433.006105423 0.000000000 0.000000000
1609060433.030459642 0.000000000 0.000000000
1609060433.031145334 0.000000000 0.000000000
1609060433.055918217 0.000000000 0.000000000
1609060433.056634903 0.000000000 0.000000000
1609060433.080907583 0.000000000 0.000000000
1609060433.081645966 0.000000000 0.000000000
1609060433.130882502 0.000000000 0.000000000
1609060433.131567955 0.000000000 0.000000000
1609060433.155926704 0.000000000 0.000000000
1609060433.156711578 0.000000000 0.000000000
1609060433.180911303 0.000000000 0.000000000
1609060433.181134224 0.000000000 0.000000000
1609060433.205430269 0.000000000 0.000000000
1609060433.206583500 0.000000000 0.000000000
1609060433.230941534 0.000000000 0.000000000
1609060433.231630802 0.000000000 0.000000000
1609060433.255866766 0.000000000 0.000000000
1609060433.256646395 0.000000000 0.000000000
1609060433.305878401 0.000000000 0.000000000
1609060433.306545019 0.000000000 0.000000000
1609060433.330871582 0.000000000 0.000000000
1609060433.331645966 0.000000000 0.000000000
1609060433.355886221 0.000000000 0.000000000
1609060433.356600285 0.000000000 0.000000000
1609060433.380385876 0.000000000 0.000000000
1609060433.381592989 0.000000000 0.000000000
1609060433.405877590 0.000000000 0.000000000
1609060433.406608105 0.000000000 0.000000000
1609060433.430883884 0.000000000 0.000000000
1609060433.431628466 0.000000000 0.000000000
1609060433.480619431 0.000000000 0.000000000
1609060433.481535196 0.000000000 0.000000000
1609060433.505890131 0.000000000 0.000000000
1609060433.506630182 0.000000000 0.000000000
1609060433.530863047 0.000000000 0.000000000
1609060433.531102896 0.000000000 0.000000000
1609060433.555414677 0.000000000 0.000000000
1609060433.556547880 0.000000000 0.000000000
1609060433.580824375 0.000000000 0.000000000
1609060433.581691980 0.000000000 0.000000000
1609060433.605867624 0.000000000 0.000000000
1609060433.606594801 0.000000000 0.000000000
1609060433.655874491 0.000000000 0.000000000
1609060433.656555414 0.000000000 0.000000000
1609060433.680845976 0.000000000 0.000000000
1609060433.681660414 0.000000000 0.000000000
1609060433.705838203 0.000000000 0.000000000
1609060433.706082821 0.000000000 0.000000000
1609060433.730833054 0.000000000 0.000000000
1609060433.731552601 0.000000000 0.000000000
1609060433.755890369 0.000000000 0.000000000
1609060433.756311178 0.000000000 0.000000000
1609060433.780887365 0.000000000 0.000000000
1609060433.781717777 0.000000000 0.000000000
1609060433.830646038 0.000000000 0.000000000
1609060433.831615686 0.000000000 0.000000000
1609060433.855843067 0.000000000 0.000000000
1609060433.856575251 0.000000000 0.000000000
1609060433.880824089 0.000000000 0.000000000
1609060433.881062508 0.000000000 0.000000000
1609060433.905394316 0.000000000 0.000000000
1609060433.906502247 0.000000000 0.000000000
1609060433.930876732 0.000000000 0.000000000
1609060433.931566477 0.000000000 0.000000000
1609060433.955818653 0.000000000 0.000000000
1609060433.956614733 0.000000000 0.000000000
1609060434.005867720 0.000000000 0.000000000
1609060434.006546259 0.000000000 0.000000000
1609060434.030833483 0.000000000 0.000000000
1609060434.031685591 0.000000000 0.000000000
1609060434.055818558 0.000000000 0.000000000
1609060434.056046963 0.000000000 0.000000000
1609060434.080818892 0.000000000 0.000000000
1609060434.081568718 0.000000000 0.000000000
1609060434.105832577 0.000000000 0.000000000
1609060434.106569052 0.000000000 0.000000000
1609060434.130840063 0.000000000 0.000000000
1609060434.131564617 0.000000000 0.000000000
1609060434.180896044 0.000000000 0.000000000
1609060434.181565285 0.000000000 0.000000000
1609060434.205879211 0.000000000 0.000000000
1609060434.206605434 0.000000000 0.000000000
1609060434.230841160 0.000000000 0.000000000
1609060434.231688976 0.000000000 0.000000000
1609060434.255856514 0.000000000 0.000000000
1609060434.256521940 0.000000000 0.000000000
1609060434.280842781 0.000000000 0.000000000
1609060434.281605482 0.000000000 0.000000000
1609060434.305843830 0.000000000 0.000000000
1609060434.306554556 0.000000000 0.000000000
1609060434.355887175 0.000000000 0.000000000
1609060434.356508493 0.000000000 0.000000000
1609060434.380901337 0.000000000 0.000000000
1609060434.381656170 0.000000000 0.000000000
1609060434.405896902 0.000000000 0.000000000
1609060434.406696081 0.000000000 0.000000000
1609060434.430897236 0.000000000 0.000000000
1609060434.431520224 0.000000000 0.000000000
1609060434.455838203 0.000000000 0.000000000
1609060434.456684828 0.000000000 0.000000000
1609060434.480842829 0.000000000 0.000000000
1609060434.481597185 0.000000000 0.000000000
1609060434.530875683 0.000000000 0.000000000
1609060434.531502247 0.000000000 0.000000000
1609060434.555830240 0.000000000 0.000000000
1609060434.556633949 0.000000000 0.000000000
1609060434.580856562 0.000000000 0.000000000
1609060434.581090212 0.000000000 0.000000000
1609060434.605436802 0.000000000 0.000000000
1609060434.606575251 0.000000000 0.000000000
1609060434.630925655 0.000000000 0.000000000
1609060434.631562233 0.000000000 0.000000000
1609060434.655883074 0.000000000 0.000000000
1609060434.656664133 0.000000000 0.000000000
1609060434.705829620 0.000000000 0.000000000
1609060434.706564665 0.000000000 0.000000000
1609060434.730808496 0.000000000 0.000000000
1609060434.731611729 0.000000000 0.000000000
1609060434.755794525 0.000000000 0.000000000
1609060434.756678820 0.000000000 0.000000000
1609060434.780822754 0.000000000 0.000000000
1609060434.781586647 0.000000000 0.000000000
1609060434.805835724 0.000000000 0.000000000
1609060434.806528091 0.000000000 0.000000000
1609060434.830836773 0.000000000 0.000000000
1609060434.831567526 0.000000000 0.000000000
1609060434.880872726 0.000000000 0.000000000
1609060434.881513119 0.000000000 0.000000000
1609060434.905824423 0.000000000 0.000000000
1609060434.906323433 0.000000000 0.000000000
1609060434.930783272 0.000000000 0.000000000
1609060434.931031227 0.000000000 0.000000000
1609060434.955809832 0.000000000 0.000000000
1609060434.956549406 0.000000000 0.000000000
1609060434.980779171 0.000000000 0.000000000
1609060434.981589556 0.000000000 0.000000000
1609060435.005830288 0.000000000 0.000000000
1609060435.006565332 0.000000000 0.000000000
1609060435.055584908 0.000000000 0.000000000
1609060435.056493759 0.000000000 0.000000000
1609060435.080800295 0.000000000 0.000000000
1609060435.081647396 0.000000000 0.000000000
1609060435.105825901 0.000000000 0.000000000
1609060435.106596708 0.000000000 0.000000000
1609060435.130582094 0.000000000 0.000000000
1609060435.131515026 0.000000000 0.000000000
1609060435.155801535 0.000000000 0.000000000
1609060435.156559467 0.000000000 0.000000000
1609060435.180814028 0.000000000 0.000000000
1609060435.181529760 0.000000000 0.000000000
1609060435.230890512 0.000000000 0.000000000
1609060435.231364012 0.000000000 0.000000000
1609060435.255770683 0.000000000 0.000000000
1609060435.256494045 0.000000000 0.000000000
1609060435.280871391 0.000000000 0.000000000
1609060435.281612158 0.000000000 0.000000000
1609060435.305343151 0.000000000 0.000000000
1609060435.306508064 0.000000000 0.000000000
1609060435.330801249 0.000000000 0.000000000
1609060435.331574678 0.000000000 0.000000000
1609060435.355802059 0.000000000 0.000000000
1609060435.356577873 0.000000000 0.000000000
1609060435.405871153 0.000000000 0.000000000
1609060435.406281471 0.000000000 0.000000000
1609060435.430825233 0.000000000 0.000000000
1609060435.431520462 0.000000000 0.000000000
1609060435.455807447 0.000000000 0.000000000
1609060435.456566572 0.000000000 0.000000000
1609060435.480841398 0.000000000 0.000000000
1609060435.481505156 0.000000000 0.000000000
1609060435.505792856 0.000000000 0.000000000
1609060435.506479263 0.000000000 0.000000000
1609060435.530802488 0.000000000 0.000000000
1609060435.531546593 0.000000000 0.000000000
1609060435.580835819 0.000000000 0.000000000
1609060435.581538677 0.000000000 0.000000000
1609060435.605790854 0.000000000 0.000000000
1609060435.606477022 0.000000000 0.000000000
1609060435.630798817 0.000000000 0.000000000
1609060435.655899525 0.000000000 0.000000000
1609060435.656272411 0.000000000 0.000000000
1609060435.680752277 0.000000000 0.000000000
1609060435.681027412 0.000000000 0.000000000
1609060435.705784321 0.000000000 0.000000000
1609060435.706530571 0.000000000 0.000000000
1609060435.755848408 0.000000000 0.000000000
1609060435.756247044 0.000000000 0.000000000
1609060435.780773878 0.000000000 0.000000000
1609060435.781523943 0.000000000 0.000000000
1609060435.805786371 0.000000000 0.000000000
1609060435.830791950 0.000000000 0.000000000
1609060435.831680775 0.000000000 0.000000000
1609060435.855786324 0.000000000 0.000000000
1609060435.856520176 0.000000000 0.000000000
1609060435.880739450 0.000000000 0.000000000
1609060435.881556273 0.000000000 0.000000000
1609060435.930565357 0.000000000 0.000000000
1609060435.931262255 0.000000000 0.000000000
1609060435.955738783 0.000000000 0.000000000
1609060435.956538439 0.000000000 0.000000000
1609060435.980818987 0.000000000 0.000000000
1609060436.005862713 0.000000000 0.000000000
1609060436.006508112 0.000000000 0.000000000
1609060436.030786514 0.000000000 0.000000000
1609060436.055804491 0.000000000 0.000000000
1609060436.056626320 0.000000000 0.000000000
1609060436.105913877 0.000000000 0.000000000
1609060436.106493711 0.000000000 0.000000000
1609060436.130746365 0.000000000 0.000000000
1609060436.131476164 0.000000000 0.000000000
1609060436.180827618 0.000000000 0.000000000
1609060436.181589127 0.000000000 0.000000000
1609060436.205743074 0.000000000 0.000000000
1609060436.206562757 0.000000000 0.000000000
1609060436.230766773 0.000000000 0.000000000
1609060436.280586958 0.000000000 0.000000000
1609060436.281533957 0.000000000 0.000000000
1609060436.305751801 0.000000000 0.000000000
1609060436.306535721 0.000000000 0.000000000
1609060436.330746889 0.000000000 0.000000000
1609060436.355831623 0.000000000 0.000000000
1609060436.356497765 0.000000000 0.000000000
1609060436.381505728 0.000000000 0.000000000
1609060436.405742884 0.000000000 0.000000000
1609060436.455533266 0.000000000 0.000000000
1609060436.456484556 0.000000000 0.000000000
1609060436.480790138 0.000000000 0.000000000
1609060436.530322313 0.000000000 0.000000000
1609060436.531516552 0.000000000 0.000000000
1609060436.555744886 0.000000000 0.000000000
1609060436.556497812 0.000000000 0.000000000
1609060436.580765009 0.000000000 0.000000000
1609060436.630711794 0.000000000 0.000000000
1609060436.631528616 0.000000000 0.000000000
1609060436.656475306 0.000000000 0.000000000
1609060436.680714369 0.000000000 0.000000000
1609060436.681456804 0.000000000 0.000000000
1609060436.705855846 0.000000000 0.000000000
1609060436.706266642 0.000000000 0.000000000
1609060436.730750084 0.000000000 0.000000000
1609060436.731499672 0.000000000 0.000000000
1609060436.755765200 0.000000000 0.000000000
1609060436.756476641 0.000000000 0.000000000
1609060436.805764437 0.000000000 0.000000000
1609060436.806468010 0.000000000 0.000000000
1609060436.855745077 0.000000000 0.000000000
1609060436.856219769 0.000000000 0.000000000
1609060436.880828619 0.000000000 0.000000000
1609060436.881241560 0.000000000 0.000000000
1609060436.906508684 0.000000000 0.000000000
1609060436.930794716 0.000000000 0.000000000
1609060436.980764627 0.000000000 0.000000000
1609060436.981492043 0.000000000 0.000000000
1609060437.005745411 0.000000000 0.000000000
1609060437.006444454 0.000000000 0.000000000
1609060437.030731678 0.000000000 0.000000000
1609060437.031228304 0.000000000 0.000000000
1609060437.055847645 0.000000000 0.000000000
1609060437.056470633 0.000000000 0.000000000
1609060437.080768585 0.000000000 0.000000000
1609060437.081498146 0.000000000 0.000000000
1609060437.105821848 0.000000000 0.000000000
1609060437.155709267 0.000000000 0.000000000
1609060437.156445742 0.000000000 0.000000000
1609060437.180732727 0.000000000 0.000000000
1609060437.181524754 0.000000000 0.000000000
1609060437.205790520 0.000000000 0.000000000
1609060437.206233978 0.000000000 0.000000000
1609060437.230536699 0.000000000 0.000000000
1609060437.231460810 0.000000000 0.000000000
1609060437.255791187 0.000000000 0.000000000
1609060437.256457329 0.000000000 0.000000000
1609060437.280750275 0.000000000 0.000000000
1609060437.330728054 0.000000000 0.000000000
1609060437.331395149 0.000000000 0.000000000
1609060437.380693436 0.000000000 0.000000000
1609060437.381443977 0.000000000 0.000000000
1609060437.405816317 0.000000000 0.000000000
1609060437.406441450 0.000000000 0.000000000
1609060437.430751562 0.000000000 0.000000000
1609060437.431432724 0.000000000 0.000000000
1609060437.455718040 0.000000000 0.000000000
1609060437.505717516 0.000000000 0.000000000
1609060437.506446362 0.000000000 0.000000000
1609060437.530716658 0.000000000 0.000000000
1609060437.530963898 0.000000000 0.000000000
1609060437.555735588 0.000000000 0.000000000
1609060437.556408167 0.000000000 0.000000000
1609060437.580506802 0.000000000 0.000000000
1609060437.581512213 0.000000000 0.000000000
1609060437.605726480 0.000000000 0.000000000
1609060437.606435061 0.000000000 0.000000000
1609060437.630716324 0.000000000 0.000000000
1609060437.631436348 0.000000000 0.000000000
1609060437.680662394 0.000000000 0.000000000
1609060437.681392193 0.000000000 0.000000000
1609060437.705734968 0.000000000 0.000000000
1609060437.706431150 0.000000000 0.000000000
1609060437.730705738 0.000000000 0.000000000
1609060437.731412172 0.000000000 0.000000000
1609060437.755716085 0.000000000 0.000000000
1609060437.756513834 0.000000000 0.000000000
1609060437.780711174 0.000000000 0.000000000
1609060437.781512737 0.000000000 0.000000000
1609060437.805780172 0.000000000 0.000000000
1609060437.806446552 0.000000000 0.000000000
1609060437.855742216 0.000000000 0.000000000
1609060437.856408119 0.000000000 0.000000000
1609060437.880700350 0.000000000 0.000000000
1609060437.881432295 0.000000000 0.000000000
1609060437.905664682 0.000000000 0.000000000
1609060437.906410217 0.000000000 0.000000000
1609060437.930521250 0.000000000 0.000000000
1609060437.931438446 0.000000000 0.000000000
1609060437.955771208 0.000000000 0.000000000
1609060437.956450224 0.000000000 0.000000000
1609060437.980680704 0.000000000 0.000000000
1609060438.030696630 0.000000000 0.000000000
1609060438.031437397 0.000000000 0.000000000
1609060438.055689096 0.000000000 0.000000000
1609060438.056409836 0.000000000 0.000000000
1609060438.080736637 0.000000000 0.000000000
1609060438.081441402 0.000000000 0.000000000
1609060438.105718851 0.000000000 0.000000000
1609060438.106448650 0.000000000 0.000000000
1609060438.130691528 0.000000000 0.000000000
1609060438.131398201 0.000000000 0.000000000
1609060438.155701876 0.000000000 0.000000000
1609060438.156437874 0.000000000 0.000000000
1609060438.205696106 0.000000000 0.000000000
1609060438.206452370 0.000000000 0.000000000
1609060438.230665922 0.000000000 0.000000000
1609060438.255713701 0.000000000 0.000000000
1609060438.256398201 0.000000000 0.000000000
1609060438.280712605 0.000000000 0.000000000
1609060438.305683374 0.000000000 0.000000000
1609060438.306186914 0.000000000 0.000000000
1609060438.330707788 0.000000000 0.000000000
1609060438.331489801 0.000000000 0.000000000
1609060438.380676508 0.000000000 0.000000000
1609060438.381420374 0.000000000 0.000000000
1609060438.405700445 0.000000000 0.000000000
1609060438.406434298 0.000000000 0.000000000
1609060438.430696011 0.000000000 0.000000000
1609060438.431398630 0.000000000 0.000000000
1609060438.455683708 0.000000000 0.000000000
1609060438.480659723 0.000000000 0.000000000
1609060438.481168509 0.000000000 0.000000000
1609060438.505702257 0.000000000 0.000000000
1609060438.506529331 0.000000000 0.000000000
1609060438.555653811 0.000000000 0.000000000
1609060438.556398392 0.000000000 0.000000000
1609060438.580724716 0.000000000 0.000000000
1609060438.581407547 0.000000000 0.000000000
1609060438.606452703 0.000000000 0.000000000
1609060438.630730152 0.000000000 0.000000000
1609060438.631416798 0.000000000 0.000000000
1609060438.655731201 0.000000000 0.000000000
1609060438.656466007 0.000000000 0.000000000
1609060438.680670738 0.000000000 0.000000000
1609060438.681393623 0.000000000 0.000000000
1609060438.755662203 0.000000000 0.000000000
1609060438.756357431 0.000000000 0.000000000
1609060438.781448126 0.000000000 0.000000000
1609060438.805687904 0.000000000 0.000000000
1609060438.830692530 0.000000000 0.000000000
1609060438.831449270 0.000000000 0.000000000
1609060438.855693817 0.000000000 0.000000000
1609060438.856422663 0.000000000 0.000000000
1609060438.905653715 0.000000000 0.000000000
1609060438.906346083 0.000000000 0.000000000
1609060438.930648327 0.000000000 0.000000000
1609060438.955658674 0.000000000 0.000000000
1609060438.956367731 0.000000000 0.000000000
1609060438.980662346 0.000000000 0.000000000
1609060439.005669594 0.000000000 0.000000000
1609060439.006408691 0.000000000 0.000000000
1609060439.030685902 0.000000000 0.000000000
1609060439.031386137 0.000000000 0.000000000
1609060439.080633879 0.000000000 0.000000000
1609060439.105661631 0.000000000 0.000000000
1609060439.106389999 0.000000000 0.000000000
1609060439.130624533 0.000000000 0.000000000
1609060439.131356239 0.000000000 0.000000000
1609060439.155644178 0.000000000 0.000000000
1609060439.156363964 0.000000000 0.000000000
1609060439.180631638 0.000000000 0.000000000
1609060439.205685139 0.000000000 0.000000000
1609060439.206363678 0.000000000 0.000000000
1609060439.255612373 0.000000000 0.000000000
1609060439.256364346 0.000000000 0.000000000
1609060439.280665159 0.000000000 0.000000000
1609060439.281400204 0.000000000 0.000000000
1609060439.305676460 0.000000000 0.000000000
1609060439.330687284 0.000000000 0.000000000
1609060439.331350565 0.000000000 0.000000000
1609060439.355644226 0.000000000 0.000000000
1609060439.356431723 0.000000000 0.000000000
1609060439.380651236 0.000000000 0.000000000
1609060439.381393194 0.000000000 0.000000000
1609060439.430629253 0.000000000 0.000000000
1609060439.455688477 0.000000000 0.000000000
1609060439.456388235 0.000000000 0.000000000
1609060439.480659962 0.000000000 0.000000000
1609060439.481390238 0.000000000 0.000000000
1609060439.505622149 0.000000000 0.000000000
1609060439.530623913 0.000000000 0.000000000
1609060439.531374454 0.000000000 0.000000000
1609060439.555627346 0.000000000 0.000000000
1609060439.556395769 0.000000000 0.000000000
1609060439.605578899 0.000000000 0.000000000
1609060439.630618095 0.000000000 0.000000000
1609060439.631335735 0.000000000 0.000000000
1609060439.655628443 0.000000000 0.000000000
1609060439.656453371 0.000000000 0.000000000
1609060439.705671310 0.000000000 0.000000000
1609060439.706418753 0.000000000 0.000000000
1609060439.730616808 0.000000000 0.000000000
1609060439.731384039 0.000000000 0.000000000
1609060439.780604362 0.000000000 0.000000000
1609060439.805205345 0.000000000 0.000000000
1609060439.806106806 0.000000000 0.000000000
1609060439.830614567 0.000000000 0.000000000
1609060439.831449032 0.000000000 0.000000000
1609060439.855164766 0.000000000 0.000000000
1609060439.856352568 0.000000000 0.000000000
1609060439.880701303 0.000000000 0.000000000
1609060439.881418228 0.000000000 0.000000000
1609060439.905616999 0.000000000 0.000000000
1609060439.906387806 0.000000000 0.000000000
1609060439.955573797 0.000000000 0.000000000
1609060439.956341982 0.000000000 0.000000000
1609060439.980640888 0.000000000 0.000000000
1609060440.005664110 0.000000000 0.000000000
1609060440.006398678 0.000000000 0.000000000
1609060440.030152082 0.000000000 0.000000000
1609060440.031326771 0.000000000 0.000000000
1609060440.056385279 0.000000000 0.000000000
1609060440.080600262 0.000000000 0.000000000
1609060440.081361055 0.000000000 0.000000000
1609060440.130576849 0.000000000 0.000000000
1609060440.155623436 0.000000000 0.000000000
1609060440.156168222 0.000000000 0.000000000
1609060440.180658102 0.000000000 0.000000000
1609060440.181387186 0.000000000 0.000000000
1609060440.205633640 0.000000000 0.000000000
1609060440.230710268 0.000000000 0.000000000
1609060440.231363297 0.000000000 0.000000000
1609060440.255145311 0.000000000 0.000000000
1609060440.256341934 0.000000000 0.000000000
1609060440.305564165 0.000000000 0.000000000
1609060440.305865526 0.000000000 0.000000000
1609060440.330715418 0.000000000 0.000000000
1609060440.331366777 0.000000000 0.000000000
1609060440.355612755 0.000000000 0.000000000
1609060440.356379271 0.000000000 0.000000000
1609060440.380645752 0.000000000 0.000000000
1609060440.381385326 0.000000000 0.000000000
1609060440.405708313 0.000000000 0.000000000
1609060440.406425476 0.000000000 0.000000000
1609060440.430669785 0.000000000 0.000000000
1609060440.431393385 0.000000000 0.000000000
1609060440.480553627 0.000000000 0.000000000
1609060440.481345892 0.000000000 0.000000000
1609060440.505589247 0.000000000 0.000000000
1609060440.506375790 0.000000000 0.000000000
1609060440.530659914 0.000000000 0.000000000
1609060440.531305790 0.000000000 0.000000000
1609060440.555597544 0.000000000 0.000000000
1609060440.556429148 0.000000000 0.000000000
1609060440.580667019 0.000000000 0.000000000
1609060440.581430674 0.000000000 0.000000000
1609060440.605675936 0.000000000 0.000000000
1609060440.606323004 0.000000000 0.000000000
1609060440.655580997 0.000000000 0.000000000
1609060440.656312943 0.000000000 0.000000000
1609060440.680608273 0.000000000 0.000000000
1609060440.681344748 0.000000000 0.000000000
1609060440.705626726 0.000000000 0.000000000
1609060440.706311703 0.000000000 0.000000000
1609060440.730576754 0.000000000 0.000000000
1609060440.731310844 0.000000000 0.000000000
1609060440.755672932 0.000000000 0.000000000
1609060440.756429672 0.000000000 0.000000000
1609060440.780174494 0.000000000 0.000000000
1609060440.781370640 0.000000000 0.000000000
1609060440.830618382 0.000000000 0.000000000
1609060440.831337214 0.000000000 0.000000000
1609060440.855613470 0.000000000 0.000000000
1609060440.856402397 0.000000000 0.000000000
1609060440.880584002 0.000000000 0.000000000
1609060440.881307364 0.000000000 0.000000000
1609060440.905628920 0.000000000 0.000000000
1609060440.930678844 0.000000000 0.000000000
1609060440.931388617 0.000000000 0.000000000
1609060440.955156565 0.000000000 0.000000000
1609060440.956306934 0.000000000 0.000000000
1609060441.005603075 0.000000000 0.000000000
1609060441.006268024 0.000000000 0.000000000
1609060441.030628920 0.000000000 0.000000000
1609060441.031385660 0.000000000 0.000000000
1609060441.055578709 0.000000000 0.000000000
1609060441.056290388 0.000000000 0.000000000
1609060441.080564022 0.000000000 0.000000000
1609060441.081301451 0.000000000 0.000000000
1609060441.105598211 0.000000000 0.000000000
1609060441.106439590 0.000000000 0.000000000
1609060441.130582809 0.000000000 0.000000000
1609060441.131320238 0.000000000 0.000000000
1609060441.180563450 0.000000000 0.000000000
1609060441.181314230 0.000000000 0.000000000
1609060441.205586672 0.000000000 0.000000000
1609060441.206378698 0.000000000 0.000000000
1609060441.230756521 0.000000000 0.000000000
1609060441.231292248 0.000000000 0.000000000
1609060441.255610466 0.000000000 0.000000000
1609060441.256344557 0.000000000 0.000000000
1609060441.280620813 0.000000000 0.000000000
1609060441.281404495 0.000000000 0.000000000
1609060441.305144787 0.000000000 0.000000000
1609060441.306299686 0.000000000 0.000000000
1609060441.355522871 0.000000000 0.000000000
1609060441.356337547 0.000000000 0.000000000
1609060441.380545378 0.000000000 0.000000000
1609060441.381426811 0.000000000 0.000000000
1609060441.405584812 0.000000000 0.000000000
1609060441.406329632 0.000000000 0.000000000
1609060441.430571079 0.000000000 0.000000000
1609060441.455576420 0.000000000 0.000000000
1609060441.480140686 0.000000000 0.000000000
1609060441.481381655 0.000000000 0.000000000
1609060441.530568600 0.000000000 0.000000000
1609060441.531272650 0.000000000 0.000000000
1609060441.555567741 0.000000000 0.000000000
1609060441.556341410 0.000000000 0.000000000
1609060441.580551147 0.000000000 0.000000000
1609060441.581343889 0.000000000 0.000000000
1609060441.605588913 0.000000000 0.000000000
1609060441.606267929 0.000000000 0.000000000
1609060441.630582809 0.000000000 0.000000000
1609060441.630818844 0.000000000 0.000000000
1609060441.655104876 0.000000000 0.000000000
1609060441.656243801 0.000000000 0.000000000
1609060441.705570221 0.000000000 0.000000000
1609060441.706266165 0.000000000 0.000000000
1609060441.730570793 0.000000000 0.000000000
1609060441.731432915 0.000000000 0.000000000
1609060441.755560160 0.000000000 0.000000000
1609060441.756118298 0.000000000 0.000000000
1609060441.780539036 0.000000000 0.000000000
1609060441.781400204 0.000000000 0.000000000
1609060441.805604219 0.000000000 0.000000000
1609060441.805792570 0.000000000 0.000000000
1609060441.830094576 0.000000000 0.000000000
1609060441.831323147 0.000000000 0.000000000
1609060441.880528450 0.000000000 0.000000000
1609060441.881278515 0.000000000 0.000000000
1609060441.905575991 0.000000000 0.000000000
1609060441.906382799 0.000000000 0.000000000
1609060441.930558443 0.000000000 0.000000000
1609060441.931269646 0.000000000 0.000000000
1609060441.955562115 0.000000000 0.000000000
1609060441.956297398 0.000000000 0.000000000
1609060441.980581760 0.000000000 0.000000000
1609060441.981367588 0.000000000 0.000000000
1609060442.005567551 0.000000000 0.000000000
1609060442.006272078 0.000000000 0.000000000
1609060442.055564642 0.000000000 0.000000000
1609060442.056222439 0.000000000 0.000000000
1609060442.080560446 0.000000000 0.000000000
1609060442.081360340 0.000000000 0.000000000
1609060442.105554581 0.000000000 0.000000000
1609060442.106317997 0.000000000 0.000000000
1609060442.130552292 0.000000000 0.000000000
1609060442.131222963 0.000000000 0.000000000
1609060442.155570745 0.000000000 0.000000000
1609060442.156331539 0.000000000 0.000000000
1609060442.180553675 0.000000000 0.000000000
1609060442.180791855 0.000000000 0.000000000
1609060442.230588198 0.000000000 0.000000000
1609060442.231288433 0.000000000 0.000000000
1609060442.255597830 0.000000000 0.000000000
1609060442.256493807 0.000000000 0.000000000
1609060442.280575752 0.000000000 0.000000000
1609060442.281362057 0.000000000 0.000000000
1609060442.305549145 0.000000000 0.000000000
1609060442.306404352 0.000000000 0.000000000
1609060442.330531836 0.000000000 0.000000000
1609060442.331307650 0.000000000 0.000000000
1609060442.355555296 0.000000000 0.000000000
1609060442.356279373 0.000000000 0.000000000
1609060442.405575514 0.000000000 0.000000000
1609060442.406253099 0.000000000 0.000000000
1609060442.430550575 0.000000000 0.000000000
1609060442.431296587 0.000000000 0.000000000
1609060442.455545425 0.000000000 0.000000000
1609060442.456263304 0.000000000 0.000000000
1609060442.480520725 0.000000000 0.000000000
1609060442.481301785 0.000000000 0.000000000
1609060442.505583286 0.000000000 0.000000000
1609060442.506332397 0.000000000 0.000000000
1609060442.530531406 0.000000000 0.000000000
1609060442.531239748 0.000000000 0.000000000
1609060442.580317974 0.000000000 0.000000000
1609060442.581262589 0.000000000 0.000000000
1609060442.605072260 0.000000000 0.000000000
1609060442.606249094 0.000000000 0.000000000
1609060442.630617142 0.000000000 0.000000000
1609060442.631072283 0.000000000 0.000000000
1609060442.655496836 0.000000000 0.000000000
1609060442.656236172 0.000000000 0.000000000
1609060442.680498600 0.000000000 0.000000000
1609060442.705066442 0.000000000 0.000000000
1609060442.706066847 0.000000000 0.000000000
1609060442.755498171 0.000000000 0.000000000
1609060442.756068945 0.000000000 0.000000000
1609060442.780526400 0.000000000 0.000000000
1609060442.781344175 0.000000000 0.000000000
1609060442.805303574 0.000000000 0.000000000
1609060442.806288004 0.000000000 0.000000000
1609060442.830502272 0.000000000 0.000000000
1609060442.831228018 0.000000000 0.000000000
1609060442.855503798 0.000000000 0.000000000
1609060442.880050421 0.000000000 0.000000000
1609060442.881185055 0.000000000 0.000000000
1609060442.930481911 0.000000000 0.000000000
1609060442.931023836 0.000000000 0.000000000
1609060442.955528259 0.000000000 0.000000000
1609060442.956300735 0.000000000 0.000000000
1609060442.980289459 0.000000000 0.000000000
1609060442.981333017 0.000000000 0.000000000
1609060443.005493402 0.000000000 0.000000000
1609060443.006226540 0.000000000 0.000000000
1609060443.030524015 0.000000000 0.000000000
1609060443.031244993 0.000000000 0.000000000
1609060443.055498838 0.000000000 0.000000000
1609060443.056199551 0.000000000 0.000000000
1609060443.105526924 0.000000000 0.000000000
1609060443.106359482 0.000000000 0.000000000
1609060443.130531311 0.000000000 0.000000000
1609060443.131252527 0.000000000 0.000000000
1609060443.155532598 0.000000000 0.000000000
1609060443.156306505 0.000000000 0.000000000
1609060443.180469751 0.000000000 0.000000000
1609060443.181222677 0.000000000 0.000000000
1609060443.205492735 0.000000000 0.000000000
1609060443.206278324 0.000000000 0.000000000
1609060443.230493546 0.000000000 0.000000000
1609060443.231249571 0.000000000 0.000000000
1609060443.280492306 0.000000000 0.000000000
1609060443.281386375 0.000000000 0.000000000
1609060443.305503368 0.000000000 0.000000000
1609060443.306441784 0.000000000 0.000000000
1609060443.330294847 0.000000000 0.000000000
1609060443.331098795 0.000000000 0.000000000
1609060443.355515242 0.000000000 0.000000000
1609060443.356185675 0.000000000 0.000000000
1609060443.380498409 0.000000000 0.000000000
1609060443.381244421 0.000000000 0.000000000
1609060443.405518532 0.000000000 0.000000000
1609060443.406248808 0.000000000 0.000000000
1609060443.455472231 0.000000000 0.000000000
1609060443.456284523 0.000000000 0.000000000
1609060443.480468512 0.000000000 0.000000000
1609060443.481259823 0.000000000 0.000000000
1609060443.505290270 0.000000000 0.000000000
1609060443.506274700 0.000000000 0.000000000
1609060443.530465841 0.000000000 0.000000000
1609060443.531236649 0.000000000 0.000000000
1609060443.555466652 0.000000000 0.000000000
1609060443.556242466 0.000000000 0.000000000
1609060443.580477715 0.000000000 0.000000000
1609060443.581242085 0.000000000 0.000000000
1609060443.630478144 0.000000000 0.000000000
1609060443.631285191 0.000000000 0.000000000
1609060443.655003071 0.000000000 0.000000000
1609060443.656257391 0.000000000 0.000000000
1609060443.680505991 0.000000000 0.000000000
1609060443.681247950 0.000000000 0.000000000
1609060443.705514193 0.000000000 0.000000000
1609060443.706270933 0.000000000 0.000000000
1609060443.730516672 0.000000000 0.000000000
1609060443.730728388 0.000000000 0.000000000
1609060443.755036592 0.000000000 0.000000000
1609060443.756205559 0.000000000 0.000000000
1609060443.805485725 0.000000000 0.000000000
1609060443.806257248 0.000000000 0.000000000
1609060443.830500841 0.000000000 0.000000000
1609060443.831175566 0.000000000 0.000000000
1609060443.855271339 0.000000000 0.000000000
1609060443.856256485 0.000000000 0.000000000
1609060443.880473852 0.000000000 0.000000000
1609060443.880970955 0.000000000 0.000000000
1609060443.905462503 0.000000000 0.000000000
1609060443.905740499 0.000000000 0.000000000
1609060443.930523157 0.000000000 0.000000000
1609060443.930976868 0.000000000 0.000000000
1609060443.980488062 0.000000000 0.000000000
1609060443.981309175 0.000000000 0.000000000
1609060444.005462646 0.000000000 0.000000000
1609060444.006245375 0.000000000 0.000000000
1609060444.030272007 0.000000000 0.000000000
1609060444.030962229 0.000000000 0.000000000
1609060444.055514097 0.000000000 0.000000000
1609060444.055995703 0.000000000 0.000000000
1609060444.080465078 0.000000000 0.000000000
1609060444.080700159 0.000000000 0.000000000
1609060444.105033636 0.000000000 0.000000000
1609060444.106164455 0.000000000 0.000000000
1609060444.155489206 0.000000000 0.000000000
1609060444.156249523 0.000000000 0.000000000
1609060444.180506945 0.000000000 0.000000000
1609060444.181226730 0.000000000 0.000000000
1609060444.205289125 0.000000000 0.000000000
1609060444.206275225 0.000000000 0.000000000
1609060444.230477810 0.000000000 0.000000000
1609060444.231230259 0.000000000 0.000000000
1609060444.255486727 0.000000000 0.000000000
1609060444.256232500 0.000000000 0.000000000
1609060444.280316114 0.000000000 0.000000000
1609060444.281343699 0.000000000 0.000000000
1609060444.330453634 0.000000000 0.000000000
1609060444.331258297 0.000000000 0.000000000
1609060444.355469227 0.000000000 0.000000000
1609060444.356251240 0.000000000 0.000000000
1609060444.380243778 0.000000000 0.000000000
1609060444.381249666 0.000000000 0.000000000
1609060444.405536890 0.000000000 0.000000000
1609060444.406233788 0.000000000 0.000000000
1609060444.430465460 0.000000000 0.000000000
1609060444.431234837 0.000000000 0.000000000
1609060444.454993963 0.000000000 0.000000000
1609060444.456210375 0.000000000 0.000000000
1609060444.505474329 0.000000000 0.000000000
1609060444.506232262 0.000000000 0.000000000
1609060444.530493021 0.000000000 0.000000000
1609060444.531217813 0.000000000 0.000000000
1609060444.555462122 0.000000000 0.000000000
1609060444.555953026 0.000000000 0.000000000
1609060444.580466747 0.000000000 0.000000000
1609060444.581233740 0.000000000 0.000000000
1609060444.605474710 0.000000000 0.000000000
1609060444.606241226 0.000000000 0.000000000
1609060444.630484104 0.000000000 0.000000000
1609060444.631191254 0.000000000 0.000000000
1609060444.680437088 0.000000000 0.000000000
1609060444.681234837 0.000000000 0.000000000
1609060444.705475569 0.000000000 0.000000000
1609060444.706208467 0.000000000 0.000000000
1609060444.730433941 0.000000000 0.000000000
1609060444.731063843 0.000000000 0.000000000
1609060444.755433559 0.000000000 0.000000000
1609060444.756048203 0.000000000 0.000000000
1609060444.780412436 0.000000000 0.000000000
1609060444.781401873 0.000000000 0.000000000
1609060444.805229902 0.000000000 0.000000000
1609060444.806199312 0.000000000 0.000000000
1609060444.855416298 0.000000000 0.000000000
1609060444.856205463 0.000000000 0.000000000
1609060444.880463600 0.000000000 0.000000000
1609060444.881216764 0.000000000 0.000000000
1609060444.905642509 0.000000000 0.000000000
1609060444.905957937 0.000000000 0.000000000
1609060444.930415392 0.000000000 0.000000000
1609060444.930948257 0.000000000 0.000000000
1609060444.955446482 0.000000000 0.000000000
1609060444.956258535 0.000000000 0.000000000
1609060444.980245590 0.000000000 0.000000000
1609060444.981297493 0.000000000 0.000000000
1609060445.030452490 0.000000000 0.000000000
1609060445.030927658 0.000000000 0.000000000
1609060445.054960012 0.000000000 0.000000000
1609060445.056251764 0.000000000 0.000000000
1609060445.080468893 0.000000000 0.000000000
1609060445.080989838 0.000000000 0.000000000
1609060445.105440617 0.000000000 0.000000000
1609060445.105950594 0.000000000 0.000000000
1609060445.130401611 0.000000000 0.000000000
1609060445.131182909 0.000000000 0.000000000
1609060445.155260086 0.000000000 0.000000000
1609060445.156232357 0.000000000 0.000000000
1609060445.205390692 0.000000000 0.000000000
1609060445.206250906 0.000000000 0.000000000
1609060445.230492592 0.000000000 0.000000000
1609060445.231235743 0.000000000 0.000000000
1609060445.255424261 0.000000000 0.000000000
1609060445.256187677 0.000000000 0.000000000
1609060445.280463696 0.000000000 0.000000000
1609060445.280966997 0.000000000 0.000000000
1609060445.305413961 0.000000000 0.000000000
1609060445.305699110 0.000000000 0.000000000
1609060445.330497265 0.000000000 0.000000000
1609060445.331264019 0.000000000 0.000000000
1609060445.380386353 0.000000000 0.000000000
1609060445.381191969 0.000000000 0.000000000
1609060445.405432701 0.000000000 0.000000000
1609060445.406197071 0.000000000 0.000000000
1609060445.430388451 0.000000000 0.000000000
1609060445.431164980 0.000000000 0.000000000
1609060445.455409765 0.000000000 0.000000000
1609060445.456177711 0.000000000 0.000000000
1609060445.480381012 0.000000000 0.000000000
1609060445.481194496 0.000000000 0.000000000
1609060445.505221605 0.000000000 0.000000000
1609060445.506190062 0.000000000 0.000000000
1609060445.554963350 0.000000000 0.000000000
1609060445.556179047 0.000000000 0.000000000
1609060445.580406189 0.000000000 0.000000000
1609060445.581172705 0.000000000 0.000000000
1609060445.605375767 0.000000000 0.000000000
1609060445.606176615 0.000000000 0.000000000
1609060445.630409718 0.000000000 0.000000000
1609060445.631154537 0.000000000 0.000000000
1609060445.655397177 0.000000000 0.000000000
1609060445.656004667 0.000000000 0.000000000
1609060445.680491686 0.000000000 0.000000000
1609060445.680912256 0.000000000 0.000000000
1609060445.729904413 0.000000000 0.000000000
1609060445.731147528 0.000000000 0.000000000
1609060445.755391121 0.000000000 0.000000000
1609060445.756166220 0.000000000 0.000000000
1609060445.780380249 0.000000000 0.000000000
1609060445.781220436 0.000000000 0.000000000
1609060445.805403948 0.000000000 0.000000000
1609060445.806184292 0.000000000 0.000000000
1609060445.830409527 0.000000000 0.000000000
1609060445.831091166 0.000000000 0.000000000
1609060445.854918957 0.000000000 0.000000000
1609060445.856183052 0.000000000 0.000000000
1609060445.904954195 0.000000000 0.000000000
1609060445.906192541 0.000000000 0.000000000
1609060445.930433750 0.000000000 0.000000000
1609060445.931106091 0.000000000 0.000000000
1609060445.955365896 0.000000000 0.000000000
1609060445.955923080 0.000000000 0.000000000
1609060445.980377913 0.000000000 0.000000000
1609060445.981030226 0.000000000 0.000000000
1609060446.005391359 0.000000000 0.000000000
1609060446.006201029 0.000000000 0.000000000
1609060446.029989243 0.000000000 0.000000000
1609060446.031162262 0.000000000 0.000000000
1609060446.080407619 0.000000000 0.000000000
1609060446.081209660 0.000000000 0.000000000
1609060446.104970217 0.000000000 0.000000000
1609060446.106199980 0.000000000 0.000000000
1609060446.130386829 0.000000000 0.000000000
1609060446.131160975 0.000000000 0.000000000
1609060446.155395746 0.000000000 0.000000000
1609060446.156190157 0.000000000 0.000000000
1609060446.180401325 0.000000000 0.000000000
1609060446.180711031 0.000000000 0.000000000
1609060446.204963446 0.000000000 0.000000000
1609060446.206144571 0.000000000 0.000000000
1609060446.255374670 0.000000000 0.000000000
1609060446.256228685 0.000000000 0.000000000
1609060446.279991627 0.000000000 0.000000000
1609060446.281150341 0.000000000 0.000000000
1609060446.305360556 0.000000000 0.000000000
1609060446.306199551 0.000000000 0.000000000
1609060446.330394030 0.000000000 0.000000000
1609060446.331159115 0.000000000 0.000000000
1609060446.355396748 0.000000000 0.000000000
1609060446.355901718 0.000000000 0.000000000
1609060446.380383015 0.000000000 0.000000000
1609060446.381139040 0.000000000 0.000000000
1609060446.430390835 0.000000000 0.000000000
1609060446.431076765 0.000000000 0.000000000
1609060446.454886675 0.000000000 0.000000000
1609060446.456158161 0.000000000 0.000000000
1609060446.480378389 0.000000000 0.000000000
1609060446.481174231 0.000000000 0.000000000
1609060446.505364895 0.000000000 0.000000000
1609060446.506156683 0.000000000 0.000000000
1609060446.530387402 0.000000000 0.000000000
1609060446.530627966 0.000000000 0.000000000
1609060446.555400848 0.000000000 0.000000000
1609060446.556165457 0.000000000 0.000000000
1609060446.605411530 0.000000000 0.000000000
1609060446.606115103 0.000000000 0.000000000
1609060446.630379200 0.000000000 0.000000000
1609060446.631145954 0.000000000 0.000000000
1609060446.655405998 0.000000000 0.000000000
1609060446.655879259 0.000000000 0.000000000
1609060446.680414200 0.000000000 0.000000000
1609060446.681159496 0.000000000 0.000000000
1609060446.705353260 0.000000000 0.000000000
1609060446.706153154 0.000000000 0.000000000
1609060446.730396032 0.000000000 0.000000000
1609060446.731108665 0.000000000 0.000000000
1609060446.780377388 0.000000000 0.000000000
1609060446.781130075 0.000000000 0.000000000
1609060446.805328369 0.000000000 0.000000000
1609060446.806174517 0.000000000 0.000000000
1609060446.830349445 0.000000000 0.000000000
1609060446.831082582 0.000000000 0.000000000
1609060446.855395555 0.000000000 0.000000000
1609060446.856137991 0.000000000 0.000000000
1609060446.880409241 0.000000000 0.000000000
1609060446.880895138 0.000000000 0.000000000
1609060446.904946804 0.000000000 0.000000000
1609060446.906180143 0.000000000 0.000000000
1609060446.955353737 0.000000000 0.000000000
1609060446.956073046 0.000000000 0.000000000
1609060446.980369329 0.000000000 0.000000000
1609060446.981111288 0.000000000 0.000000000
1609060447.005333900 0.000000000 0.000000000
1609060447.006145716 0.000000000 0.000000000
1609060447.030333996 0.000000000 0.000000000
1609060447.031148434 0.000000000 0.000000000
1609060447.055327654 0.000000000 0.000000000
1609060447.055950880 0.000000000 0.000000000
1609060447.080384970 0.000000000 0.000000000
1609060447.081094980 0.000000000 0.000000000
1609060447.130323887 0.000000000 0.000000000
1609060447.130852699 0.000000000 0.000000000
1609060447.155325413 0.000000000 0.000000000
1609060447.155870676 0.000000000 0.000000000
1609060447.180330276 0.000000000 0.000000000
1609060447.180965900 0.000000000 0.000000000
1609060447.205392122 0.000000000 0.000000000
1609060447.206073046 0.000000000 0.000000000
1609060447.230404854 0.000000000 0.000000000
1609060447.230616093 0.000000000 0.000000000
1609060447.255352736 0.000000000 0.000000000
1609060447.256175518 0.000000000 0.000000000
1609060447.305304289 0.000000000 0.000000000
1609060447.306022167 0.000000000 0.000000000
1609060447.330316782 0.000000000 0.000000000
1609060447.331078768 0.000000000 0.000000000
1609060447.355324268 0.000000000 0.000000000
1609060447.356090307 0.000000000 0.000000000
1609060447.380323410 0.000000000 0.000000000
1609060447.380922556 0.000000000 0.000000000
1609060447.405347347 0.000000000 0.000000000
1609060447.406025887 0.000000000 0.000000000
1609060447.430365086 0.000000000 0.000000000
1609060447.431186199 0.000000000 0.000000000
1609060447.480328321 0.000000000 0.000000000
1609060447.480826616 0.000000000 0.000000000
1609060447.504911423 0.000000000 0.000000000
1609060447.506043673 0.000000000 0.000000000
1609060447.530338049 0.000000000 0.000000000
1609060447.530845881 0.000000000 0.000000000
1609060447.555325985 0.000000000 0.000000000
1609060447.555840254 0.000000000 0.000000000
1609060447.580331564 0.000000000 0.000000000
1609060447.580617189 0.000000000 0.000000000
1609060447.605299234 0.000000000 0.000000000
1609060447.606103420 0.000000000 0.000000000
1609060447.655337095 0.000000000 0.000000000
1609060447.655886173 0.000000000 0.000000000
1609060447.680325508 0.000000000 0.000000000
1609060447.681042910 0.000000000 0.000000000
1609060447.705306530 0.000000000 0.000000000
1609060447.706148386 0.000000000 0.000000000
1609060447.730343103 0.000000000 0.000000000
1609060447.730853558 0.000000000 0.000000000
1609060447.755372047 0.000000000 0.000000000
1609060447.756104946 0.000000000 0.000000000
1609060447.780286551 0.000000000 0.000000000
1609060447.781121254 0.000000000 0.000000000
1609060447.830338001 0.000000000 0.000000000
1609060447.831116676 0.000000000 0.000000000
1609060447.854896307 0.000000000 0.000000000
1609060447.856557846 0.000000000 0.000000000
1609060447.880362511 0.000000000 0.000000000
1609060447.881156445 0.000000000 0.000000000
1609060447.905283213 0.000000000 0.000000000
1609060447.905884504 0.000000000 0.000000000
1609060447.931416273 0.000000000 0.000000000
1609060447.931544542 0.000000000 0.000000000
1609060447.955312967 0.000000000 0.000000000
1609060447.956075430 0.000000000 0.000000000
1609060448.004864216 0.000000000 0.000000000
1609060448.006072998 0.000000000 0.000000000
1609060448.030300856 0.000000000 0.000000000
1609060448.030873775 0.000000000 0.000000000
1609060448.055331707 0.000000000 0.000000000
1609060448.056134462 0.000000000 0.000000000
1609060448.080280781 0.000000000 0.000000000
1609060448.080868721 0.000000000 0.000000000
1609060448.105395079 0.000000000 0.000000000
1609060448.106096506 0.000000000 0.000000000
1609060448.129825354 0.000000000 0.000000000
1609060448.131069422 0.000000000 0.000000000
1609060448.179828882 0.000000000 0.000000000
1609060448.181117535 0.000000000 0.000000000
1609060448.205381632 0.000000000 0.000000000
1609060448.205996275 0.000000000 0.000000000
1609060448.230280399 0.000000000 0.000000000
1609060448.231106520 0.000000000 0.000000000
1609060448.255283117 0.000000000 0.000000000
1609060448.255932331 0.000000000 0.000000000
1609060448.280300379 0.000000000 0.000000000
1609060448.281078577 0.000000000 0.000000000
1609060448.305319786 0.000000000 0.000000000
1609060448.306059122 0.000000000 0.000000000
1609060448.355287790 0.000000000 0.000000000
1609060448.356026173 0.000000000 0.000000000
1609060448.380304813 0.000000000 0.000000000
1609060448.381038666 0.000000000 0.000000000
1609060448.405305862 0.000000000 0.000000000
1609060448.406071186 0.000000000 0.000000000
1609060448.430370092 0.000000000 0.000000000
1609060448.431089401 0.000000000 0.000000000
1609060448.455300570 0.000000000 0.000000000
1609060448.455547333 0.000000000 0.000000000
1609060448.480311394 0.000000000 0.000000000
1609060448.481108665 0.000000000 0.000000000
1609060448.530282259 0.000000000 0.000000000
1609060448.530803680 0.000000000 0.000000000
1609060448.554878712 0.000000000 0.000000000
1609060448.556016922 0.000000000 0.000000000
1609060448.580303431 0.000000000 0.000000000
1609060448.581170082 0.000000000 0.000000000
1609060448.605259180 0.000000000 0.000000000
1609060448.606077194 0.000000000 0.000000000
1609060448.630296469 0.000000000 0.000000000
1609060448.631020069 0.000000000 0.000000000
1609060448.654848099 0.000000000 0.000000000
1609060448.656071186 0.000000000 0.000000000
1609060448.705285549 0.000000000 0.000000000
1609060448.705815077 0.000000000 0.000000000
1609060448.729841948 0.000000000 0.000000000
1609060448.730975389 0.000000000 0.000000000
1609060448.755345345 0.000000000 0.000000000
1609060448.755835056 0.000000000 0.000000000
1609060448.780309439 0.000000000 0.000000000
1609060448.780919790 0.000000000 0.000000000
1609060448.805295229 0.000000000 0.000000000
1609060448.805997849 0.000000000 0.000000000
1609060448.830258846 0.000000000 0.000000000
1609060448.831077814 0.000000000 0.000000000
1609060448.880245686 0.000000000 0.000000000
1609060448.880751610 0.000000000 0.000000000
1609060448.904829741 0.000000000 0.000000000
1609060448.905990362 0.000000000 0.000000000
1609060448.930335283 0.000000000 0.000000000
1609060448.930781841 0.000000000 0.000000000
1609060448.955307722 0.000000000 0.000000000
1609060448.956084967 0.000000000 0.000000000
1609060448.980306625 0.000000000 0.000000000
1609060448.980614185 0.000000000 0.000000000
1609060449.005258560 0.000000000 0.000000000
1609060449.006075859 0.000000000 0.000000000
1609060449.055309296 0.000000000 0.000000000
1609060449.056022644 0.000000000 0.000000000
1609060449.079836845 0.000000000 0.000000000
1609060449.081022501 0.000000000 0.000000000
1609060449.105264425 0.000000000 0.000000000
1609060449.106151342 0.000000000 0.000000000
1609060449.130243063 0.000000000 0.000000000
1609060449.131050825 0.000000000 0.000000000
1609060449.155252695 0.000000000 0.000000000
1609060449.155539513 0.000000000 0.000000000
1609060449.180304050 0.000000000 0.000000000
1609060449.181106806 0.000000000 0.000000000
1609060449.230257750 0.000000000 0.000000000
1609060449.230993748 0.000000000 0.000000000
1609060449.254826069 0.000000000 0.000000000
1609060449.255977154 0.000000000 0.000000000
1609060449.280253410 0.000000000 0.000000000
1609060449.281096935 0.000000000 0.000000000
1609060449.305269003 0.000000000 0.000000000
1609060449.306038618 0.000000000 0.000000000
1609060449.330238104 0.000000000 0.000000000
1609060449.330531120 0.000000000 0.000000000
1609060449.355248928 0.000000000 0.000000000
1609060449.356087685 0.000000000 0.000000000
1609060449.405279398 0.000000000 0.000000000
1609060449.405798674 0.000000000 0.000000000
1609060449.429771662 0.000000000 0.000000000
1609060449.430994511 0.000000000 0.000000000
1609060449.455276966 0.000000000 0.000000000
1609060449.456083536 0.000000000 0.000000000
1609060449.480229378 0.000000000 0.000000000
1609060449.481132030 0.000000000 0.000000000
1609060449.505310535 0.000000000 0.000000000
1609060449.505602837 0.000000000 0.000000000
1609060449.530225992 0.000000000 0.000000000
1609060449.531072617 0.000000000 0.000000000
1609060449.580240726 0.000000000 0.000000000
1609060449.580991507 0.000000000 0.000000000
1609060449.604812384 0.000000000 0.000000000
1609060449.606044769 0.000000000 0.000000000
1609060449.630217075 0.000000000 0.000000000
1609060449.630751848 0.000000000 0.000000000
1609060449.655247211 0.000000000 0.000000000
1609060449.656025648 0.000000000 0.000000000
1609060449.680218935 0.000000000 0.000000000
1609060449.680518389 0.000000000 0.000000000
1609060449.705267191 0.000000000 0.000000000
1609060449.706068993 0.000000000 0.000000000
1609060449.755223751 0.000000000 0.000000000
1609060449.755872250 0.000000000 0.000000000
1609060449.779764652 0.000000000 0.000000000
1609060449.781010151 0.000000000 0.000000000
1609060449.805225611 0.000000000 0.000000000
1609060449.806043863 0.000000000 0.000000000
1609060449.830262184 0.000000000 0.000000000
1609060449.831116915 0.000000000 0.000000000
1609060449.855223417 0.000000000 0.000000000
1609060449.855775118 0.000000000 0.000000000
1609060449.880242109 0.000000000 0.000000000
1609060449.881046057 0.000000000 0.000000000
1609060449.930225611 0.000000000 0.000000000
1609060449.930960655 0.000000000 0.000000000
1609060449.954804420 0.000000000 0.000000000
1609060449.955937147 0.000000000 0.000000000
1609060449.980206966 0.000000000 0.000000000
1609060449.980792046 0.000000000 0.000000000
1609060450.005246401 0.000000000 0.000000000
1609060450.005985975 0.000000000 0.000000000
1609060450.030260801 0.000000000 0.000000000
1609060450.030547619 0.000000000 0.000000000
1609060450.054760695 0.000000000 0.000000000
1609060450.056059122 0.000000000 0.000000000
1609060450.105223417 0.000000000 0.000000000
1609060450.105720043 0.000000000 0.000000000
1609060450.129776239 0.000000000 0.000000000
1609060450.130970001 0.000000000 0.000000000
1609060450.155279160 0.000000000 0.000000000
1609060450.156094074 0.000000000 0.000000000
1609060450.180224657 0.000000000 0.000000000
1609060450.181151867 0.000000000 0.000000000
1609060450.205204010 0.000000000 0.000000000
1609060450.205493927 0.000000000 0.000000000
1609060450.230221748 0.000000000 0.000000000
1609060450.231020212 0.000000000 0.000000000
1609060450.280198574 0.000000000 0.000000000
1609060450.280781507 0.000000000 0.000000000
1609060450.304773331 0.000000000 0.000000000
1609060450.305975437 0.000000000 0.000000000
1609060450.330223560 0.000000000 0.000000000
1609060450.331011772 0.000000000 0.000000000
1609060450.355234146 0.000000000 0.000000000
1609060450.356058121 0.000000000 0.000000000
1609060450.380293608 0.000000000 0.000000000
1609060450.380511522 0.000000000 0.000000000
1609060450.404804230 0.000000000 0.000000000
1609060450.406092644 0.000000000 0.000000000
1609060450.455212355 0.000000000 0.000000000
1609060450.455959320 0.000000000 0.000000000
1609060450.479747772 0.000000000 0.000000000
1609060450.480979919 0.000000000 0.000000000
1609060450.505187750 0.000000000 0.000000000
1609060450.505976677 0.000000000 0.000000000
1609060450.530202866 0.000000000 0.000000000
1609060450.531019449 0.000000000 0.000000000
1609060450.555256605 0.000000000 0.000000000
1609060450.555985451 0.000000000 0.000000000
1609060450.579792261 0.000000000 0.000000000
1609060450.581126451 0.000000000 0.000000000
1609060450.630221605 0.000000000 0.000000000
1609060450.631055117 0.000000000 0.000000000
1609060450.654754162 0.000000000 0.000000000
1609060450.655977249 0.000000000 0.000000000
1609060450.680231333 0.000000000 0.000000000
1609060450.681060553 0.000000000 0.000000000
1609060450.705250502 0.000000000 0.000000000
1609060450.706014156 0.000000000 0.000000000
1609060450.730194330 0.000000000 0.000000000
1609060450.730486870 0.000000000 0.000000000
1609060450.755224943 0.000000000 0.000000000
1609060450.756042004 0.000000000 0.000000000
1609060450.804709673 0.000000000 0.000000000
1609060450.806023598 0.000000000 0.000000000
1609060450.829741955 0.000000000 0.000000000
1609060450.830936432 0.000000000 0.000000000
1609060450.855217934 0.000000000 0.000000000
1609060450.856019974 0.000000000 0.000000000
1609060450.880203247 0.000000000 0.000000000
1609060450.880721569 0.000000000 0.000000000
1609060450.905183554 0.000000000 0.000000000
1609060450.905934811 0.000000000 0.000000000
1609060450.930220604 0.000000000 0.000000000
1609060450.930974007 0.000000000 0.000000000
1609060450.980219603 0.000000000 0.000000000
1609060450.980779171 0.000000000 0.000000000
1609060451.004730701 0.000000000 0.000000000
1609060451.005923033 0.000000000 0.000000000
1609060451.030189037 0.000000000 0.000000000
1609060451.031038046 0.000000000 0.000000000
1609060451.055220604 0.000000000 0.000000000
1609060451.055966854 0.000000000 0.000000000
1609060451.080190420 0.000000000 0.000000000
1609060451.080953836 0.000000000 0.000000000
1609060451.105194330 0.000000000 0.000000000
1609060451.105977774 0.000000000 0.000000000
1609060451.154715061 0.000000000 0.000000000
1609060451.156013250 0.000000000 0.000000000
1609060451.179757833 0.000000000 0.000000000
1609060451.180974960 0.000000000 0.000000000
1609060451.205210447 0.000000000 0.000000000
1609060451.205990553 0.000000000 0.000000000
1609060451.230194092 0.000000000 0.000000000
1609060451.230832338 0.000000000 0.000000000
1609060451.255241632 0.000000000 0.000000000
1609060451.255924940 0.000000000 0.000000000
1609060451.280214548 0.000000000 0.000000000
1609060451.281048059 0.000000000 0.000000000
1609060451.330224991 0.000000000 0.000000000
1609060451.330941677 0.000000000 0.000000000
1609060451.355202436 0.000000000 0.000000000
1609060451.355933428 0.000000000 0.000000000
1609060451.380241871 0.000000000 0.000000000
1609060451.380756855 0.000000000 0.000000000
1609060451.405185223 0.000000000 0.000000000
1609060451.405714989 0.000000000 0.000000000
1609060451.430154800 0.000000000 0.000000000
1609060451.430931568 0.000000000 0.000000000
1609060451.454738855 0.000000000 0.000000000
1609060451.456002951 0.000000000 0.000000000
1609060451.505195618 0.000000000 0.000000000
1609060451.505892992 0.000000000 0.000000000
1609060451.529697657 0.000000000 0.000000000
1609060451.530930996 0.000000000 0.000000000
1609060451.555143595 0.000000000 0.000000000
1609060451.555689812 0.000000000 0.000000000
1609060451.580175638 0.000000000 0.000000000
1609060451.580980301 0.000000000 0.000000000
1609060451.605202198 0.000000000 0.000000000
1609060451.605936527 0.000000000 0.000000000
1609060451.629745007 0.000000000 0.000000000
1609060451.630754471 0.000000000 0.000000000
1609060451.680185318 0.000000000 0.000000000
1609060451.680951834 0.000000000 0.000000000
1609060451.704704285 0.000000000 0.000000000
1609060451.705909014 0.000000000 0.000000000
1609060451.730139256 0.000000000 0.000000000
1609060451.730733395 0.000000000 0.000000000
1609060451.755159855 0.000000000 0.000000000
1609060451.755904913 0.000000000 0.000000000
1609060451.780149937 0.000000000 0.000000000
1609060451.780443907 0.000000000 0.000000000
1609060451.804646254 0.000000000 0.000000000
1609060451.805672884 0.000000000 0.000000000
1609060451.855163336 0.000000000 0.000000000
1609060451.855425835 0.000000000 0.000000000
1609060451.879724741 0.000000000 0.000000000
1609060451.880884171 0.000000000 0.000000000
1609060451.905164003 0.000000000 0.000000000
1609060451.905730486 0.000000000 0.000000000
1609060451.930126190 0.000000000 0.000000000
1609060451.930871964 0.000000000 0.000000000
1609060451.955148458 0.000000000 0.000000000
1609060451.955931664 0.000000000 0.000000000
1609060451.980389595 0.000000000 0.000000000
1609060451.980901718 0.000000000 0.000000000
1609060452.030141830 0.000000000 0.000000000
1609060452.030394316 0.000000000 0.000000000
1609060452.054706573 0.000000000 0.000000000
1609060452.055876255 0.000000000 0.000000000
1609060452.080124617 0.000000000 0.000000000
1609060452.080678701 0.000000000 0.000000000
1609060452.105138302 0.000000000 0.000000000
1609060452.105904102 0.000000000 0.000000000
1609060452.130133629 0.000000000 0.000000000
1609060452.130939484 0.000000000 0.000000000
1609060452.155410290 0.000000000 0.000000000
1609060452.155965090 0.000000000 0.000000000
1609060452.205157757 0.000000000 0.000000000
1609060452.205458164 0.000000000 0.000000000
1609060452.229675055 0.000000000 0.000000000
1609060452.230982065 0.000000000 0.000000000
1609060452.255124807 0.000000000 0.000000000
1609060452.255690336 0.000000000 0.000000000
1609060452.280173540 0.000000000 0.000000000
1609060452.280909300 0.000000000 0.000000000
1609060452.305169106 0.000000000 0.000000000
1609060452.305968285 0.000000000 0.000000000
1609060452.330406427 0.000000000 0.000000000
1609060452.331059933 0.000000000 0.000000000
1609060452.380132675 0.000000000 0.000000000
1609060452.380437136 0.000000000 0.000000000
1609060452.405120611 0.000000000 0.000000000
1609060452.405843019 0.000000000 0.000000000
1609060452.430135727 0.000000000 0.000000000
1609060452.430839777 0.000000000 0.000000000
1609060452.455154181 0.000000000 0.000000000
1609060452.455883980 0.000000000 0.000000000
1609060452.480136156 0.000000000 0.000000000
1609060452.505338430 0.000000000 0.000000000
1609060452.506028652 0.000000000 0.000000000
1609060452.555135727 0.000000000 0.000000000
1609060452.555404902 0.000000000 0.000000000
1609060452.579680920 0.000000000 0.000000000
1609060452.580918074 0.000000000 0.000000000
1609060452.605132103 0.000000000 0.000000000
1609060452.605693579 0.000000000 0.000000000
1609060452.630130291 0.000000000 0.000000000
1609060452.630984545 0.000000000 0.000000000
1609060452.655149221 0.000000000 0.000000000
1609060452.655888796 0.000000000 0.000000000
1609060452.679676771 0.000000000 0.000000000
1609060452.680930138 0.000000000 0.000000000
1609060452.730081320 0.000000000 0.000000000
1609060452.730879068 0.000000000 0.000000000
1609060452.754626751 0.000000000 0.000000000
1609060452.755864859 0.000000000 0.000000000
1609060452.780159235 0.000000000 0.000000000
1609060452.780777931 0.000000000 0.000000000
1609060452.805137396 0.000000000 0.000000000
1609060452.805861235 0.000000000 0.000000000
1609060452.830127954 0.000000000 0.000000000
1609060452.830834866 0.000000000 0.000000000
1609060452.854638577 0.000000000 0.000000000
1609060452.855954647 0.000000000 0.000000000
1609060452.905153275 0.000000000 0.000000000
1609060452.905879498 0.000000000 0.000000000
1609060452.930165529 0.000000000 0.000000000
1609060452.930944443 0.000000000 0.000000000
1609060452.955138922 0.000000000 0.000000000
1609060452.955651760 0.000000000 0.000000000
1609060452.980091095 0.000000000 0.000000000
1609060452.980906487 0.000000000 0.000000000
1609060453.005134106 0.000000000 0.000000000
1609060453.005834579 0.000000000 0.000000000
1609060453.029664040 0.000000000 0.000000000
1609060453.030960798 0.000000000 0.000000000
1609060453.080129147 0.000000000 0.000000000
1609060453.080814362 0.000000000 0.000000000
1609060453.105084419 0.000000000 0.000000000
1609060453.105837584 0.000000000 0.000000000
1609060453.130086660 0.000000000 0.000000000
1609060453.130656004 0.000000000 0.000000000
1609060453.155089140 0.000000000 0.000000000
1609060453.155627966 0.000000000 0.000000000
1609060453.180213451 0.000000000 0.000000000
1609060453.180438757 0.000000000 0.000000000
1609060453.205161095 0.000000000 0.000000000
1609060453.205959320 0.000000000 0.000000000
1609060453.255069017 0.000000000 0.000000000
1609060453.255637646 0.000000000 0.000000000
1609060453.280085564 0.000000000 0.000000000
1609060453.280876875 0.000000000 0.000000000
1609060453.305084944 0.000000000 0.000000000
1609060453.305622339 0.000000000 0.000000000
1609060453.330074072 0.000000000 0.000000000
1609060453.330984116 0.000000000 0.000000000
1609060453.355121613 0.000000000 0.000000000
1609060453.355507851 0.000000000 0.000000000
1609060453.379622221 0.000000000 0.000000000
1609060453.380965471 0.000000000 0.000000000
1609060453.430421352 0.000000000 0.000000000
1609060453.430604696 0.000000000 0.000000000
1609060453.455108643 0.000000000 0.000000000
1609060453.455818653 0.000000000 0.000000000
1609060453.480120659 0.000000000 0.000000000
1609060453.480831385 0.000000000 0.000000000
1609060453.505138159 0.000000000 0.000000000
1609060453.505844116 0.000000000 0.000000000
1609060453.530073643 0.000000000 0.000000000
1609060453.530813694 0.000000000 0.000000000
1609060453.555446863 0.000000000 0.000000000
1609060453.555924892 0.000000000 0.000000000
1609060453.605089903 0.000000000 0.000000000
1609060453.605362654 0.000000000 0.000000000
1609060453.629624128 0.000000000 0.000000000
1609060453.630836248 0.000000000 0.000000000
1609060453.655057907 0.000000000 0.000000000
1609060453.655856848 0.000000000 0.000000000
1609060453.680050373 0.000000000 0.000000000
1609060453.680835247 0.000000000 0.000000000
1609060453.705080986 0.000000000 0.000000000
1609060453.729566574 0.000000000 0.000000000
1609060453.730605602 0.000000000 0.000000000
1609060453.780045271 0.000000000 0.000000000
1609060453.780383110 0.000000000 0.000000000
1609060453.804641724 0.000000000 0.000000000
1609060453.805815935 0.000000000 0.000000000
1609060453.830050707 0.000000000 0.000000000
1609060453.830825567 0.000000000 0.000000000
1609060453.855052471 0.000000000 0.000000000
1609060453.855832100 0.000000000 0.000000000
1609060453.880083084 0.000000000 0.000000000
1609060453.880856276 0.000000000 0.000000000
1609060453.904609203 0.000000000 0.000000000
1609060453.905871153 0.000000000 0.000000000
1609060453.955065966 0.000000000 0.000000000
1609060453.955825806 0.000000000 0.000000000
1609060453.979672194 0.000000000 0.000000000
1609060453.980828524 0.000000000 0.000000000
1609060454.005121946 0.000000000 0.000000000
1609060454.005891085 0.000000000 0.000000000
1609060454.030058384 0.000000000 0.000000000
1609060454.030865908 0.000000000 0.000000000
1609060454.055078983 0.000000000 0.000000000
1609060454.055862665 0.000000000 0.000000000
1609060454.079557657 0.000000000 0.000000000
1609060454.080564737 0.000000000 0.000000000
1609060454.130041361 0.000000000 0.000000000
1609060454.130344391 0.000000000 0.000000000
1609060454.154599905 0.000000000 0.000000000
1609060454.155806780 0.000000000 0.000000000
1609060454.180058956 0.000000000 0.000000000
1609060454.180840254 0.000000000 0.000000000
1609060454.205042124 0.000000000 0.000000000
1609060454.205825567 0.000000000 0.000000000
1609060454.230065107 0.000000000 0.000000000
1609060454.230876923 0.000000000 0.000000000
1609060454.254573584 0.000000000 0.000000000
1609060454.255681038 0.000000000 0.000000000
1609060454.305018187 0.000000000 0.000000000
1609060454.305352449 0.000000000 0.000000000
1609060454.329615831 0.000000000 0.000000000
1609060454.330789566 0.000000000 0.000000000
1609060454.355062723 0.000000000 0.000000000
1609060454.355831146 0.000000000 0.000000000
1609060454.380066395 0.000000000 0.000000000
1609060454.380838394 0.000000000 0.000000000
1609060454.405056953 0.000000000 0.000000000
1609060454.405768394 0.000000000 0.000000000
1609060454.429536104 0.000000000 0.000000000
1609060454.430570841 0.000000000 0.000000000
1609060454.480022669 0.000000000 0.000000000
1609060454.480785131 0.000000000 0.000000000
1609060454.504618883 0.000000000 0.000000000
1609060454.505798101 0.000000000 0.000000000
1609060454.530090809 0.000000000 0.000000000
1609060454.530809164 0.000000000 0.000000000
1609060454.555053234 0.000000000 0.000000000
1609060454.555819988 0.000000000 0.000000000
1609060454.580053568 0.000000000 0.000000000
1609060454.604582787 0.000000000 0.000000000
1609060454.605569839 0.000000000 0.000000000
1609060454.655043364 0.000000000 0.000000000
1609060454.655808687 0.000000000 0.000000000
1609060454.679572105 0.000000000 0.000000000
1609060454.680822849 0.000000000 0.000000000
1609060454.705055952 0.000000000 0.000000000
1609060454.705781460 0.000000000 0.000000000
1609060454.730050325 0.000000000 0.000000000
1609060454.730550528 0.000000000 0.000000000
1609060454.755053997 0.000000000 0.000000000
1609060454.755749226 0.000000000 0.000000000
1609060454.780309677 0.000000000 0.000000000
1609060454.783896208 0.000000000 0.000000000
1609060454.830025434 0.000000000 0.000000000
1609060454.830771446 0.000000000 0.000000000
1609060454.854602575 0.000000000 0.000000000
1609060454.855768204 0.000000000 0.000000000
1609060454.880058289 0.000000000 0.000000000
1609060454.880743265 0.000000000 0.000000000
1609060454.905051708 0.000000000 0.000000000
1609060454.905608177 0.000000000 0.000000000
1609060454.930045605 0.000000000 0.000000000
1609060454.930780172 0.000000000 0.000000000
1609060454.955332756 0.000000000 0.000000000
1609060454.955816984 0.000000000 0.000000000
1609060455.005044937 0.000000000 0.000000000
1609060455.005744219 0.000000000 0.000000000
1609060455.029606581 0.000000000 0.000000000
1609060455.030798197 0.000000000 0.000000000
1609060455.055035353 0.000000000 0.000000000
1609060455.055802584 0.000000000 0.000000000
1609060455.080036640 0.000000000 0.000000000
1609060455.080620766 0.000000000 0.000000000
1609060455.105073452 0.000000000 0.000000000
1609060455.105786800 0.000000000 0.000000000
1609060455.130268335 0.000000000 0.000000000
1609060455.130780697 0.000000000 0.000000000
1609060455.180026293 0.000000000 0.000000000
1609060455.180812836 0.000000000 0.000000000
1609060455.204634905 0.000000000 0.000000000
1609060455.205790997 0.000000000 0.000000000
1609060455.230067253 0.000000000 0.000000000
1609060455.230795145 0.000000000 0.000000000
1609060455.255005598 0.000000000 0.000000000
1609060455.255621433 0.000000000 0.000000000
1609060455.280056238 0.000000000 0.000000000
1609060455.280799150 0.000000000 0.000000000
1609060455.305290699 0.000000000 0.000000000
1609060455.305783987 0.000000000 0.000000000
1609060455.355042934 0.000000000 0.000000000
1609060455.355768681 0.000000000 0.000000000
1609060455.379567862 0.000000000 0.000000000
1609060455.380777836 0.000000000 0.000000000
1609060455.405054569 0.000000000 0.000000000
1609060455.405787468 0.000000000 0.000000000
1609060455.430027485 0.000000000 0.000000000
1609060455.430754185 0.000000000 0.000000000
1609060455.455066442 0.000000000 0.000000000
1609060455.455797911 0.000000000 0.000000000
1609060455.479556799 0.000000000 0.000000000
1609060455.480552435 0.000000000 0.000000000
1609060455.529998064 0.000000000 0.000000000
1609060455.530833483 0.000000000 0.000000000
1609060455.554574966 0.000000000 0.000000000
1609060455.555773497 0.000000000 0.000000000
1609060455.580075026 0.000000000 0.000000000
1609060455.580787659 0.000000000 0.000000000
1609060455.605010271 0.000000000 0.000000000
1609060455.605822086 0.000000000 0.000000000
1609060455.630021572 0.000000000 0.000000000
1609060455.632277966 0.000000000 0.000000000
1609060455.655293226 0.000000000 0.000000000
1609060455.655725956 0.000000000 0.000000000
1609060455.705043316 0.000000000 0.000000000
1609060455.705850601 0.000000000 0.000000000
1609060455.729567289 0.000000000 0.000000000
1609060455.730744123 0.000000000 0.000000000
1609060455.755009651 0.000000000 0.000000000
1609060455.755743504 0.000000000 0.000000000
1609060455.779999256 0.000000000 0.000000000
1609060455.780918837 0.000000000 0.000000000
1609060455.805066347 0.000000000 0.000000000
1609060455.805305719 0.000000000 0.000000000
1609060455.829600573 0.000000000 0.000000000
1609060455.830522060 0.000000000 0.000000000
1609060455.880052090 0.000000000 0.000000000
1609060455.880719185 0.000000000 0.000000000
1609060455.905055523 0.000000000 0.000000000
1609060455.905706406 0.000000000 0.000000000
1609060455.930036783 0.000000000 0.000000000
1609060455.930719852 0.000000000 0.000000000
1609060455.955057621 0.000000000 0.000000000
1609060455.955551863 0.000000000 0.000000000
1609060455.980039120 0.000000000 0.000000000
1609060455.980301380 0.000000000 0.000000000
1609060456.004494429 0.000000000 0.000000000
1609060456.005730867 0.000000000 0.000000000
1609060456.054987669 0.000000000 0.000000000
1609060456.055532932 0.000000000 0.000000000
1609060456.079587936 0.000000000 0.000000000
1609060456.080727339 0.000000000 0.000000000
1609060456.105056286 0.000000000 0.000000000
1609060456.105806589 0.000000000 0.000000000
1609060456.130036831 0.000000000 0.000000000
1609060456.130794048 0.000000000 0.000000000
1609060456.155041218 0.000000000 0.000000000
1609060456.155298233 0.000000000 0.000000000
1609060456.180260181 0.000000000 0.000000000
1609060456.180780649 0.000000000 0.000000000
1609060456.229996920 0.000000000 0.000000000
1609060456.230540037 0.000000000 0.000000000
1609060456.255005360 0.000000000 0.000000000
1609060456.255728483 0.000000000 0.000000000
1609060456.280027151 0.000000000 0.000000000
1609060456.280761480 0.000000000 0.000000000
1609060456.305085897 0.000000000 0.000000000
1609060456.305534363 0.000000000 0.000000000
1609060456.330037355 0.000000000 0.000000000
1609060456.330253363 0.000000000 0.000000000
1609060456.355246305 0.000000000 0.000000000
1609060456.355747700 0.000000000 0.000000000
1609060456.404977798 0.000000000 0.000000000
1609060456.405518770 0.000000000 0.000000000
1609060456.430060863 0.000000000 0.000000000
1609060456.430729628 0.000000000 0.000000000
1609060456.455005884 0.000000000 0.000000000
1609060456.455707073 0.000000000 0.000000000
1609060456.480044365 0.000000000 0.000000000
1609060456.480798006 0.000000000 0.000000000
1609060456.505006790 0.000000000 0.000000000
1609060456.505718470 0.000000000 0.000000000
1609060456.530244350 0.000000000 0.000000000
1609060456.530680895 0.000000000 0.000000000
1609060456.580030441 0.000000000 0.000000000
1609060456.580765486 0.000000000 0.000000000
1609060456.605047464 0.000000000 0.000000000
1609060456.605772257 0.000000000 0.000000000
1609060456.629987955 0.000000000 0.000000000
1609060456.630696535 0.000000000 0.000000000
1609060456.655047655 0.000000000 0.000000000
1609060456.655718565 0.000000000 0.000000000
1609060456.680032492 0.000000000 0.000000000
1609060456.680709839 0.000000000 0.000000000
1609060456.705041409 0.000000000 0.000000000
1609060456.705733776 0.000000000 0.000000000
1609060456.754955053 0.000000000 0.000000000
1609060456.780019760 0.000000000 0.000000000
1609060456.780766249 0.000000000 0.000000000
1609060456.805012703 0.000000000 0.000000000
1609060456.805695772 0.000000000 0.000000000
1609060456.829976320 0.000000000 0.000000000
1609060456.830497742 0.000000000 0.000000000
1609060456.854990482 0.000000000 0.000000000
1609060456.855798721 0.000000000 0.000000000
1609060456.879960537 0.000000000 0.000000000
1609060456.880671263 0.000000000 0.000000000
1609060456.929967165 0.000000000 0.000000000
1609060456.955815077 0.000000000 0.000000000
1609060456.979979753 0.000000000 0.000000000
1609060456.980726242 0.000000000 0.000000000
1609060457.005044222 0.000000000 0.000000000
1609060457.005545855 0.000000000 0.000000000
1609060457.030014515 0.000000000 0.000000000
1609060457.030279398 0.000000000 0.000000000
1609060457.055004597 0.000000000 0.000000000
1609060457.055685043 0.000000000 0.000000000
1609060457.104948282 0.000000000 0.000000000
1609060457.129507065 0.000000000 0.000000000
1609060457.130750656 0.000000000 0.000000000
1609060457.155708075 0.000000000 0.000000000
1609060457.179959536 0.000000000 0.000000000
1609060457.180482864 0.000000000 0.000000000
1609060457.204969883 0.000000000 0.000000000
1609060457.230002165 0.000000000 0.000000000
1609060457.230669260 0.000000000 0.000000000
1609060457.279961109 0.000000000 0.000000000
1609060457.305717945 0.000000000 0.000000000
1609060457.330668211 0.000000000 0.000000000
1609060457.354988813 0.000000000 0.000000000
1609060457.380019665 0.000000000 0.000000000
1609060457.380712032 0.000000000 0.000000000
1609060457.405027628 0.000000000 0.000000000
1609060457.405775785 0.000000000 0.000000000
1609060457.454960108 0.000000000 0.000000000
1609060457.480735064 0.000000000 0.000000000
1609060457.504947901 0.000000000 0.000000000
1609060457.505702972 0.000000000 0.000000000
1609060457.529993534 0.000000000 0.000000000
1609060457.530658007 0.000000000 0.000000000
1609060457.554948568 0.000000000 0.000000000
1609060457.555698872 0.000000000 0.000000000
1609060457.579965115 0.000000000 0.000000000
1609060457.580759048 0.000000000 0.000000000
1609060457.629919529 0.000000000 0.000000000
1609060457.654959917 0.000000000 0.000000000
1609060457.680612087 0.000000000 0.000000000
1609060457.704979897 0.000000000 0.000000000
1609060457.705706835 0.000000000 0.000000000
1609060457.729972601 0.000000000 0.000000000
1609060457.730689764 0.000000000 0.000000000
1609060457.754966259 0.000000000 0.000000000
1609060457.755752325 0.000000000 0.000000000
1609060457.804943085 0.000000000 0.000000000
1609060457.829965353 0.000000000 0.000000000
1609060457.830198050 0.000000000 0.000000000
1609060457.854924202 0.000000000 0.000000000
1609060457.855645180 0.000000000 0.000000000
1609060457.879968643 0.000000000 0.000000000
1609060457.880454540 0.000000000 0.000000000
1609060457.904952526 0.000000000 0.000000000
1609060457.905669451 0.000000000 0.000000000
1609060457.930683136 0.000000000 0.000000000
1609060457.979958296 0.000000000 0.000000000
1609060458.004948378 0.000000000 0.000000000
1609060458.005187750 0.000000000 0.000000000
1609060458.029915333 0.000000000 0.000000000
1609060458.030632973 0.000000000 0.000000000
1609060458.054930925 0.000000000 0.000000000
1609060458.079941511 0.000000000 0.000000000
1609060458.080645084 0.000000000 0.000000000
1609060458.104989290 0.000000000 0.000000000
1609060458.105630398 0.000000000 0.000000000
1609060458.154986382 0.000000000 0.000000000
1609060458.179907322 0.000000000 0.000000000
1609060458.229911566 0.000000000 0.000000000
1609060458.230627298 0.000000000 0.000000000
1609060458.254921436 0.000000000 0.000000000
1609060458.279966354 0.000000000 0.000000000
1609060458.280674696 0.000000000 0.000000000
1609060458.354921341 0.000000000 0.000000000
1609060458.355726242 0.000000000 0.000000000
1609060458.404915810 0.000000000 0.000000000
1609060458.405413628 0.000000000 0.000000000
1609060458.429942846 0.000000000 0.000000000
1609060458.430662394 0.000000000 0.000000000
1609060458.455632925 0.000000000 0.000000000
1609060458.505000353 0.000000000 0.000000000
1609060458.529932261 0.000000000 0.000000000
1609060458.530679464 0.000000000 0.000000000
1609060458.555663824 0.000000000 0.000000000
1609060458.579930305 0.000000000 0.000000000
1609060458.604917765 0.000000000 0.000000000
1609060458.605655670 0.000000000 0.000000000
1609060458.629934311 0.000000000 0.000000000
1609060458.630659819 0.000000000 0.000000000
1609060458.680061102 0.000000000 0.000000000
1609060458.704905510 0.000000000 0.000000000
1609060458.705650091 0.000000000 0.000000000
1609060458.730661631 0.000000000 0.000000000
1609060458.754894257 0.000000000 0.000000000
1609060458.779910564 0.000000000 0.000000000
1609060458.780758381 0.000000000 0.000000000
1609060458.804911613 0.000000000 0.000000000
1609060458.805611610 0.000000000 0.000000000
1609060458.854454517 0.000000000 0.000000000
1609060458.879913092 0.000000000 0.000000000
1609060458.880637407 0.000000000 0.000000000
1609060458.904880762 0.000000000 0.000000000
1609060458.905592442 0.000000000 0.000000000
1609060458.929918766 0.000000000 0.000000000
1609060458.930645466 0.000000000 0.000000000
1609060458.954951286 0.000000000 0.000000000
1609060458.955670118 0.000000000 0.000000000
1609060458.980692387 0.000000000 0.000000000
1609060459.054952860 0.000000000 0.000000000
1609060459.055708408 0.000000000 0.000000000
1609060459.104926586 0.000000000 0.000000000
1609060459.130105495 0.000000000 0.000000000
1609060459.130585432 0.000000000 0.000000000
1609060459.154906273 0.000000000 0.000000000
1609060459.155614138 0.000000000 0.000000000
1609060459.229916334 0.000000000 0.000000000
1609060459.230602026 0.000000000 0.000000000
1609060459.279928207 0.000000000 0.000000000
1609060459.304936171 0.000000000 0.000000000
1609060459.305589199 0.000000000 0.000000000
1609060459.329925537 0.000000000 0.000000000
1609060459.330610991 0.000000000 0.000000000
1609060459.380042315 0.000000000 0.000000000
1609060459.405076981 0.000000000 0.000000000
1609060459.405592442 0.000000000 0.000000000
1609060459.429913044 0.000000000 0.000000000
1609060459.430571795 0.000000000 0.000000000
1609060459.454905033 0.000000000 0.000000000
1609060459.479940891 0.000000000 0.000000000
1609060459.480599403 0.000000000 0.000000000
1609060459.505589485 0.000000000 0.000000000
1609060459.555616856 0.000000000 0.000000000
1609060459.579916716 0.000000000 0.000000000
1609060459.580617189 0.000000000 0.000000000
1609060459.605587482 0.000000000 0.000000000
1609060459.629895210 0.000000000 0.000000000
1609060459.654852152 0.000000000 0.000000000
1609060459.655574083 0.000000000 0.000000000
1609060459.679907560 0.000000000 0.000000000
1609060459.680578470 0.000000000 0.000000000
1609060459.729394674 0.000000000 0.000000000
1609060459.754868984 0.000000000 0.000000000
1609060459.755568266 0.000000000 0.000000000
1609060459.779881716 0.000000000 0.000000000
1609060459.780657768 0.000000000 0.000000000
1609060459.804920435 0.000000000 0.000000000
1609060459.829875231 0.000000000 0.000000000
1609060459.830599785 0.000000000 0.000000000
1609060459.904909134 0.000000000 0.000000000
1609060459.929901123 0.000000000 0.000000000
1609060459.930601120 0.000000000 0.000000000
1609060459.955575228 0.000000000 0.000000000
1609060459.979951620 0.000000000 0.000000000
1609060460.004895926 0.000000000 0.000000000
1609060460.005586147 0.000000000 0.000000000
1609060460.079908848 0.000000000 0.000000000
1609060460.080553770 0.000000000 0.000000000
1609060460.104858875 0.000000000 0.000000000
1609060460.105610609 0.000000000 0.000000000
1609060460.130579472 0.000000000 0.000000000
1609060460.154919863 0.000000000 0.000000000
1609060460.179901838 0.000000000 0.000000000
1609060460.180633307 0.000000000 0.000000000
1609060460.204897642 0.000000000 0.000000000
1609060460.205606461 0.000000000 0.000000000
1609060460.255023718 0.000000000 0.000000000
1609060460.255580187 0.000000000 0.000000000
1609060460.279874563 0.000000000 0.000000000
1609060460.280716658 0.000000000 0.000000000
1609060460.305584192 0.000000000 0.000000000
1609060460.330023766 0.000000000 0.000000000
1609060460.354888678 0.000000000 0.000000000
1609060460.355584621 0.000000000 0.000000000
1609060460.380589008 0.000000000 0.000000000
1609060460.429821491 0.000000000 0.000000000
1609060460.454849243 0.000000000 0.000000000
1609060460.455567598 0.000000000 0.000000000
1609060460.480553865 0.000000000 0.000000000
1609060460.504938841 0.000000000 0.000000000
1609060460.529858351 0.000000000 0.000000000
1609060460.530547142 0.000000000 0.000000000
1609060460.555652618 0.000000000 0.000000000
1609060460.604875088 0.000000000 0.000000000
1609060460.605582952 0.000000000 0.000000000
1609060460.629836798 0.000000000 0.000000000
1609060460.630586863 0.000000000 0.000000000
1609060460.655578852 0.000000000 0.000000000
1609060460.679375410 0.000000000 0.000000000
1609060460.704830885 0.000000000 0.000000000
1609060460.705553770 0.000000000 0.000000000
1609060460.779830456 0.000000000 0.000000000
1609060460.780625582 0.000000000 0.000000000
1609060460.804857492 0.000000000 0.000000000
1609060460.805596113 0.000000000 0.000000000
1609060460.829838991 0.000000000 0.000000000
1609060460.830528736 0.000000000 0.000000000
1609060460.855055094 0.000000000 0.000000000
1609060460.879845858 0.000000000 0.000000000
1609060460.880521059 0.000000000 0.000000000
1609060460.905117273 0.000000000 0.000000000
1609060460.954836369 0.000000000 0.000000000
1609060460.955595016 0.000000000 0.000000000
1609060460.979865789 0.000000000 0.000000000
1609060460.980621815 0.000000000 0.000000000
1609060461.004855394 0.000000000 0.000000000
1609060461.005601406 0.000000000 0.000000000
1609060461.029916286 0.000000000 0.000000000
1609060461.054825306 0.000000000 0.000000000
1609060461.055522442 0.000000000 0.000000000
1609060461.080071926 0.000000000 0.000000000
1609060461.129805565 0.000000000 0.000000000
1609060461.130554914 0.000000000 0.000000000
1609060461.154846668 0.000000000 0.000000000
1609060461.155534744 0.000000000 0.000000000
1609060461.179842472 0.000000000 0.000000000
1609060461.180554390 0.000000000 0.000000000
1609060461.204867840 0.000000000 0.000000000
1609060461.229842663 0.000000000 0.000000000
1609060461.230548620 0.000000000 0.000000000
1609060461.304809809 0.000000000 0.000000000
1609060461.305558205 0.000000000 0.000000000
1609060461.329836845 0.000000000 0.000000000
1609060461.330342054 0.000000000 0.000000000
1609060461.355563164 0.000000000 0.000000000
1609060461.379855633 0.000000000 0.000000000
1609060461.404865742 0.000000000 0.000000000
1609060461.479772806 0.000000000 0.000000000
1609060461.480530024 0.000000000 0.000000000
1609060461.504837275 0.000000000 0.000000000
1609060461.505586386 0.000000000 0.000000000
1609060461.529807091 0.000000000 0.000000000
1609060461.530538797 0.000000000 0.000000000
1609060461.554804087 0.000000000 0.000000000
1609060461.579831600 0.000000000 0.000000000
1609060461.654779196 0.000000000 0.000000000
1609060461.655522108 0.000000000 0.000000000
1609060461.679870605 0.000000000 0.000000000
1609060461.680600405 0.000000000 0.000000000
1609060461.704797268 0.000000000 0.000000000
1609060461.705547333 0.000000000 0.000000000
1609060461.729875088 0.000000000 0.000000000
1609060461.754826307 0.000000000 0.000000000
1609060461.829797268 0.000000000 0.000000000
1609060461.830488443 0.000000000 0.000000000
1609060461.854850531 0.000000000 0.000000000
1609060461.855569839 0.000000000 0.000000000
1609060461.879793167 0.000000000 0.000000000
1609060461.880510330 0.000000000 0.000000000
1609060461.904874802 0.000000000 0.000000000
1609060461.905573368 0.000000000 0.000000000
1609060461.929793358 0.000000000 0.000000000
1609060461.954797268 0.000000000 0.000000000
1609060461.955530405 0.000000000 0.000000000
1609060462.004811764 0.000000000 0.000000000
1609060462.005481482 0.000000000 0.000000000
1609060462.029821634 0.000000000 0.000000000
1609060462.030590057 0.000000000 0.000000000
1609060462.054814577 0.000000000 0.000000000
1609060462.055493593 0.000000000 0.000000000
1609060462.079805136 0.000000000 0.000000000
1609060462.080492258 0.000000000 0.000000000
1609060462.104806900 0.000000000 0.000000000
1609060462.179794073 0.000000000 0.000000000
1609060462.180536509 0.000000000 0.000000000
1609060462.204830170 0.000000000 0.000000000
1609060462.205581903 0.000000000 0.000000000
1609060462.229779720 0.000000000 0.000000000
1609060462.230543137 0.000000000 0.000000000
1609060462.254821301 0.000000000 0.000000000
1609060462.255493164 0.000000000 0.000000000
1609060462.279797554 0.000000000 0.000000000
1609060462.305591583 0.000000000 0.000000000
1609060462.354816675 0.000000000 0.000000000
1609060462.355471849 0.000000000 0.000000000
1609060462.379810095 0.000000000 0.000000000
1609060462.380630255 0.000000000 0.000000000
1609060462.404827595 0.000000000 0.000000000
1609060462.405518055 0.000000000 0.000000000
1609060462.429803371 0.000000000 0.000000000
1609060462.430564642 0.000000000 0.000000000
1609060462.454749584 0.000000000 0.000000000
1609060462.479795456 0.000000000 0.000000000
1609060462.480469704 0.000000000 0.000000000
1609060462.529798746 0.000000000 0.000000000
1609060462.530496120 0.000000000 0.000000000
1609060462.554755211 0.000000000 0.000000000
1609060462.579599142 0.000000000 0.000000000
1609060462.580528021 0.000000000 0.000000000
1609060462.604811907 0.000000000 0.000000000
1609060462.605015755 0.000000000 0.000000000
1609060462.629843473 0.000000000 0.000000000
1609060462.654802561 0.000000000 0.000000000
1609060462.655494928 0.000000000 0.000000000
1609060462.704725266 0.000000000 0.000000000
1609060462.705501318 0.000000000 0.000000000
1609060462.729773283 0.000000000 0.000000000
1609060462.754609108 0.000000000 0.000000000
1609060462.755490065 0.000000000 0.000000000
1609060462.779824495 0.000000000 0.000000000
1609060462.780551672 0.000000000 0.000000000
1609060462.830429792 0.000000000 0.000000000
1609060462.879732370 0.000000000 0.000000000
1609060462.880519867 0.000000000 0.000000000
1609060462.904816151 0.000000000 0.000000000
1609060462.929534435 0.000000000 0.000000000
1609060462.930480480 0.000000000 0.000000000
1609060462.954773426 0.000000000 0.000000000
1609060462.955486059 0.000000000 0.000000000
1609060462.979789019 0.000000000 0.000000000
1609060463.004773617 0.000000000 0.000000000
1609060463.005573273 0.000000000 0.000000000
1609060463.054765224 0.000000000 0.000000000
1609060463.055649996 0.000000000 0.000000000
1609060463.079811811 0.000000000 0.000000000
1609060463.104612350 0.000000000 0.000000000
1609060463.105439186 0.000000000 0.000000000
1609060463.129795074 0.000000000 0.000000000
1609060463.130479336 0.000000000 0.000000000
1609060463.154876947 0.000000000 0.000000000
1609060463.180464983 0.000000000 0.000000000
1609060463.229803801 0.000000000 0.000000000
1609060463.230602503 0.000000000 0.000000000
1609060463.254767418 0.000000000 0.000000000
1609060463.279848337 0.000000000 0.000000000
1609060463.280516624 0.000000000 0.000000000
1609060463.304795265 0.000000000 0.000000000
1609060463.304998159 0.000000000 0.000000000
1609060463.329824924 0.000000000 0.000000000
1609060463.354806423 0.000000000 0.000000000
1609060463.355449200 0.000000000 0.000000000
1609060463.404790640 0.000000000 0.000000000
1609060463.405487299 0.000000000 0.000000000
1609060463.429811239 0.000000000 0.000000000
1609060463.454830408 0.000000000 0.000000000
1609060463.455271006 0.000000000 0.000000000
1609060463.479252577 0.000000000 0.000000000
1609060463.480020761 0.000000000 0.000000000
1609060463.504769325 0.000000000 0.000000000
1609060463.529750109 0.000000000 0.000000000
1609060463.530459166 0.000000000 0.000000000
1609060463.579734325 0.000000000 0.000000000
1609060463.580457449 0.000000000 0.000000000
1609060463.604792833 0.000000000 0.000000000
1609060463.629526377 0.000000000 0.000000000
1609060463.630460024 0.000000000 0.000000000
1609060463.654295206 0.000000000 0.000000000
1609060463.655458450 0.000000000 0.000000000
1609060463.679766655 0.000000000 0.000000000
1609060463.704719782 0.000000000 0.000000000
1609060463.705427647 0.000000000 0.000000000
1609060463.754720211 0.000000000 0.000000000
1609060463.755494356 0.000000000 0.000000000
1609060463.779732227 0.000000000 0.000000000
1609060463.804732323 0.000000000 0.000000000
1609060463.805425882 0.000000000 0.000000000
1609060463.829755783 0.000000000 0.000000000
1609060463.830512047 0.000000000 0.000000000
1609060463.854771376 0.000000000 0.000000000
1609060463.879734755 0.000000000 0.000000000
1609060463.880453825 0.000000000 0.000000000
1609060463.929732561 0.000000000 0.000000000
1609060463.954718113 0.000000000 0.000000000
1609060463.979703903 0.000000000 0.000000000
1609060463.980478525 0.000000000 0.000000000
1609060464.004788876 0.000000000 0.000000000
1609060464.005423784 0.000000000 0.000000000
1609060464.029725790 0.000000000 0.000000000
1609060464.054749012 0.000000000 0.000000000
1609060464.055472374 0.000000000 0.000000000
1609060464.104716301 0.000000000 0.000000000
1609060464.105586767 0.000000000 0.000000000
1609060464.129740477 0.000000000 0.000000000
1609060464.154752016 0.000000000 0.000000000
1609060464.155206680 0.000000000 0.000000000
1609060464.179737568 0.000000000 0.000000000
1609060464.180469275 0.000000000 0.000000000
1609060464.204709530 0.000000000 0.000000000
1609060464.229720116 0.000000000 0.000000000
1609060464.230220079 0.000000000 0.000000000
1609060464.279724598 0.000000000 0.000000000
1609060464.304798126 0.000000000 0.000000000
1609060464.329719305 0.000000000 0.000000000
1609060464.330489397 0.000000000 0.000000000
1609060464.354720592 0.000000000 0.000000000
1609060464.355454206 0.000000000 0.000000000
1609060464.379736423 0.000000000 0.000000000
1609060464.404753208 0.000000000 0.000000000
1609060464.405452013 0.000000000 0.000000000
1609060464.454709053 0.000000000 0.000000000
1609060464.454959154 0.000000000 0.000000000
1609060464.504693031 0.000000000 0.000000000
1609060464.505507708 0.000000000 0.000000000
1609060464.529741764 0.000000000 0.000000000
1609060464.530406713 0.000000000 0.000000000
1609060464.554763794 0.000000000 0.000000000
1609060464.579726934 0.000000000 0.000000000
1609060464.580243587 0.000000000 0.000000000
1609060464.629709244 0.000000000 0.000000000
1609060464.654761076 0.000000000 0.000000000
1609060464.679537296 0.000000000 0.000000000
1609060464.680466175 0.000000000 0.000000000
1609060464.704704285 0.000000000 0.000000000
1609060464.705407143 0.000000000 0.000000000
1609060464.729751110 0.000000000 0.000000000
1609060464.754828215 0.000000000 0.000000000
1609060464.755181551 0.000000000 0.000000000
1609060464.804685354 0.000000000 0.000000000
1609060464.805441141 0.000000000 0.000000000
1609060464.829786301 0.000000000 0.000000000
1609060464.854777098 0.000000000 0.000000000
1609060464.855482101 0.000000000 0.000000000
1609060464.879692554 0.000000000 0.000000000
1609060464.880498409 0.000000000 0.000000000
1609060464.904685974 0.000000000 0.000000000
1609060464.929542780 0.000000000 0.000000000
1609060464.930455923 0.000000000 0.000000000
1609060464.979701281 0.000000000 0.000000000
1609060464.980490685 0.000000000 0.000000000
1609060465.030390501 0.000000000 0.000000000
1609060465.054682016 0.000000000 0.000000000
1609060465.055524588 0.000000000 0.000000000
1609060465.079680920 0.000000000 0.000000000
1609060465.104496241 0.000000000 0.000000000
1609060465.105172634 0.000000000 0.000000000
1609060465.154700279 0.000000000 0.000000000
1609060465.155431271 0.000000000 0.000000000
1609060465.204775095 0.000000000 0.000000000
1609060465.205446720 0.000000000 0.000000000
1609060465.229653358 0.000000000 0.000000000
1609060465.230400562 0.000000000 0.000000000
1609060465.254694462 0.000000000 0.000000000
1609060465.279683590 0.000000000 0.000000000
1609060465.280333281 0.000000000 0.000000000
1609060465.329656601 0.000000000 0.000000000
1609060465.330580711 0.000000000 0.000000000
1609060465.354773760 0.000000000 0.000000000
1609060465.355454683 0.000000000 0.000000000
1609060465.379479170 0.000000000 0.000000000
1609060465.380466700 0.000000000 0.000000000
1609060465.404219627 0.000000000 0.000000000
1609060465.405430317 0.000000000 0.000000000
1609060465.429696560 0.000000000 0.000000000
1609060465.454485416 0.000000000 0.000000000
1609060465.455480576 0.000000000 0.000000000
1609060465.504663944 0.000000000 0.000000000
1609060465.505356550 0.000000000 0.000000000
1609060465.529718399 0.000000000 0.000000000
1609060465.529893637 0.000000000 0.000000000
1609060465.554484606 0.000000000 0.000000000
1609060465.555442572 0.000000000 0.000000000
1609060465.579224825 0.000000000 0.000000000
1609060465.580413818 0.000000000 0.000000000
1609060465.604689837 0.000000000 0.000000000
1609060465.629440069 0.000000000 0.000000000
1609060465.630417109 0.000000000 0.000000000
1609060465.679628134 0.000000000 0.000000000
1609060465.680400372 0.000000000 0.000000000
1609060465.704801083 0.000000000 0.000000000
1609060465.729666948 0.000000000 0.000000000
1609060465.730408192 0.000000000 0.000000000
1609060465.754270315 0.000000000 0.000000000
1609060465.755376101 0.000000000 0.000000000
1609060465.779646397 0.000000000 0.000000000
1609060465.780475616 0.000000000 0.000000000
1609060465.804658413 0.000000000 0.000000000
1609060465.805440187 0.000000000 0.000000000
1609060465.854643345 0.000000000 0.000000000
1609060465.855427265 0.000000000 0.000000000
1609060465.879728556 0.000000000 0.000000000
1609060465.880175114 0.000000000 0.000000000
1609060465.904732704 0.000000000 0.000000000
1609060465.905570745 0.000000000 0.000000000
1609060465.929659128 0.000000000 0.000000000
1609060465.930383444 0.000000000 0.000000000
1609060465.954666853 0.000000000 0.000000000
1609060465.979638338 0.000000000 0.000000000
1609060465.980459213 0.000000000 0.000000000
1609060466.029648066 0.000000000 0.000000000
1609060466.030368090 0.000000000 0.000000000
1609060466.054652452 0.000000000 0.000000000
1609060466.055169821 0.000000000 0.000000000
1609060466.079667807 0.000000000 0.000000000
1609060466.080439329 0.000000000 0.000000000
1609060466.104147911 0.000000000 0.000000000
1609060466.105364323 0.000000000 0.000000000
1609060466.129650593 0.000000000 0.000000000
1609060466.130473852 0.000000000 0.000000000
1609060466.154454947 0.000000000 0.000000000
1609060466.155469418 0.000000000 0.000000000
1609060466.204666376 0.000000000 0.000000000
1609060466.205348492 0.000000000 0.000000000
1609060466.229633570 0.000000000 0.000000000
1609060466.254663229 0.000000000 0.000000000
1609060466.255447626 0.000000000 0.000000000
1609060466.279172897 0.000000000 0.000000000
1609060466.280426979 0.000000000 0.000000000
1609060466.304650307 0.000000000 0.000000000
1609060466.305410624 0.000000000 0.000000000
1609060466.329649448 0.000000000 0.000000000
1609060466.330429077 0.000000000 0.000000000
1609060466.379669905 0.000000000 0.000000000
1609060466.380403519 0.000000000 0.000000000
1609060466.404648542 0.000000000 0.000000000
1609060466.429651022 0.000000000 0.000000000
1609060466.430334568 0.000000000 0.000000000
1609060466.454201698 0.000000000 0.000000000
1609060466.455384254 0.000000000 0.000000000
1609060466.479676247 0.000000000 0.000000000
1609060466.480420589 0.000000000 0.000000000
1609060466.504647493 0.000000000 0.000000000
1609060466.505403280 0.000000000 0.000000000
1609060466.554661989 0.000000000 0.000000000
1609060466.555372000 0.000000000 0.000000000
1609060466.579646349 0.000000000 0.000000000
1609060466.579881430 0.000000000 0.000000000
1609060466.604654551 0.000000000 0.000000000
1609060466.605411768 0.000000000 0.000000000
1609060466.629171371 0.000000000 0.000000000
1609060466.630364895 0.000000000 0.000000000
1609060466.654679298 0.000000000 0.000000000
1609060466.655418396 0.000000000 0.000000000
1609060466.679630280 0.000000000 0.000000000
1609060466.680398941 0.000000000 0.000000000
1609060466.729388475 0.000000000 0.000000000
1609060466.730322361 0.000000000 0.000000000
1609060466.754631996 0.000000000 0.000000000
1609060466.779638052 0.000000000 0.000000000
1609060466.779885292 0.000000000 0.000000000
1609060466.804148674 0.000000000 0.000000000
1609060466.805364370 0.000000000 0.000000000
1609060466.829601765 0.000000000 0.000000000
1609060466.830415726 0.000000000 0.000000000
1609060466.854616165 0.000000000 0.000000000
1609060466.855425596 0.000000000 0.000000000
1609060466.904727221 0.000000000 0.000000000
1609060466.905337572 0.000000000 0.000000000
1609060466.929641962 0.000000000 0.000000000
1609060466.929863691 0.000000000 0.000000000
1609060466.954612255 0.000000000 0.000000000
1609060466.955487728 0.000000000 0.000000000
1609060466.979597569 0.000000000 0.000000000
1609060466.980350971 0.000000000 0.000000000
1609060467.004648209 0.000000000 0.000000000
1609060467.005423546 0.000000000 0.000000000
1609060467.029651642 0.000000000 0.000000000
1609060467.030387878 0.000000000 0.000000000
1609060467.079654932 0.000000000 0.000000000
1609060467.080301523 0.000000000 0.000000000
1609060467.104630470 0.000000000 0.000000000
1609060467.129670858 0.000000000 0.000000000
1609060467.129888296 0.000000000 0.000000000
1609060467.154205084 0.000000000 0.000000000
1609060467.155398846 0.000000000 0.000000000
1609060467.179654360 0.000000000 0.000000000
1609060467.180375814 0.000000000 0.000000000
1609060467.204628229 0.000000000 0.000000000
1609060467.205354214 0.000000000 0.000000000
1609060467.254696369 0.000000000 0.000000000
1609060467.255344868 0.000000000 0.000000000
1609060467.279643536 0.000000000 0.000000000
1609060467.280137539 0.000000000 0.000000000
1609060467.304636955 0.000000000 0.000000000
1609060467.304853678 0.000000000 0.000000000
1609060467.329636812 0.000000000 0.000000000
1609060467.330319405 0.000000000 0.000000000
1609060467.354625940 0.000000000 0.000000000
1609060467.355404854 0.000000000 0.000000000
1609060467.379664421 0.000000000 0.000000000
1609060467.380421638 0.000000000 0.000000000
1609060467.429406643 0.000000000 0.000000000
1609060467.430270195 0.000000000 0.000000000
1609060467.454636574 0.000000000 0.000000000
1609060467.479649782 0.000000000 0.000000000
1609060467.479826450 0.000000000 0.000000000
1609060467.504197598 0.000000000 0.000000000
1609060467.505315304 0.000000000 0.000000000
1609060467.529596567 0.000000000 0.000000000
1609060467.530319691 0.000000000 0.000000000
1609060467.554601908 0.000000000 0.000000000
1609060467.555400848 0.000000000 0.000000000
1609060467.604625225 0.000000000 0.000000000
1609060467.605326176 0.000000000 0.000000000
1609060467.629601717 0.000000000 0.000000000
1609060467.629853964 0.000000000 0.000000000
1609060467.654610872 0.000000000 0.000000000
1609060467.655408144 0.000000000 0.000000000
1609060467.679118633 0.000000000 0.000000000
1609060467.679828644 0.000000000 0.000000000
1609060467.704596996 0.000000000 0.000000000
1609060467.705348969 0.000000000 0.000000000
1609060467.729608297 0.000000000 0.000000000
1609060467.730406761 0.000000000 0.000000000
1609060467.779638529 0.000000000 0.000000000
1609060467.780347586 0.000000000 0.000000000
1609060467.804645300 0.000000000 0.000000000
1609060467.829590559 0.000000000 0.000000000
1609060467.829791307 0.000000000 0.000000000
1609060467.854643583 0.000000000 0.000000000
1609060467.854859114 0.000000000 0.000000000
1609060467.879573107 0.000000000 0.000000000
1609060467.880383730 0.000000000 0.000000000
1609060467.904640675 0.000000000 0.000000000
1609060467.905280828 0.000000000 0.000000000
1609060467.954656839 0.000000000 0.000000000
1609060467.955267906 0.000000000 0.000000000
1609060467.979574680 0.000000000 0.000000000
1609060467.980412006 0.000000000 0.000000000
1609060468.004628897 0.000000000 0.000000000
1609060468.004817486 0.000000000 0.000000000
1609060468.029560328 0.000000000 0.000000000
1609060468.030282259 0.000000000 0.000000000
1609060468.054613352 0.000000000 0.000000000
1609060468.055541039 0.000000000 0.000000000
1609060468.079562426 0.000000000 0.000000000
1609060468.080321789 0.000000000 0.000000000
1609060468.129608870 0.000000000 0.000000000
1609060468.130335093 0.000000000 0.000000000
1609060468.154593945 0.000000000 0.000000000
1609060468.155388832 0.000000000 0.000000000
1609060468.179572582 0.000000000 0.000000000
1609060468.179855108 0.000000000 0.000000000
1609060468.204170704 0.000000000 0.000000000
1609060468.205290794 0.000000000 0.000000000
1609060468.229572773 0.000000000 0.000000000
1609060468.230115414 0.000000000 0.000000000
1609060468.254589558 0.000000000 0.000000000
1609060468.255361319 0.000000000 0.000000000
1609060468.304589510 0.000000000 0.000000000
1609060468.305310965 0.000000000 0.000000000
1609060468.329588175 0.000000000 0.000000000
1609060468.330307961 0.000000000 0.000000000
1609060468.354591131 0.000000000 0.000000000
1609060468.354800224 0.000000000 0.000000000
1609060468.379655838 0.000000000 0.000000000
1609060468.380335093 0.000000000 0.000000000
1609060468.404536486 0.000000000 0.000000000
1609060468.405367374 0.000000000 0.000000000
1609060468.429571390 0.000000000 0.000000000
1609060468.430307150 0.000000000 0.000000000
1609060468.479562759 0.000000000 0.000000000
1609060468.480261803 0.000000000 0.000000000
1609060468.504554033 0.000000000 0.000000000
1609060468.505363226 0.000000000 0.000000000
1609060468.529576778 0.000000000 0.000000000
1609060468.529782057 0.000000000 0.000000000
1609060468.554117203 0.000000000 0.000000000
1609060468.555492163 0.000000000 0.000000000
1609060468.579573393 0.000000000 0.000000000
1609060468.580300093 0.000000000 0.000000000
1609060468.604564190 0.000000000 0.000000000
1609060468.605316639 0.000000000 0.000000000
1609060468.654587030 0.000000000 0.000000000
1609060468.655514002 0.000000000 0.000000000
1609060468.679600954 0.000000000 0.000000000
1609060468.680228949 0.000000000 0.000000000
1609060468.704574347 0.000000000 0.000000000
1609060468.704831839 0.000000000 0.000000000
1609060468.729113340 0.000000000 0.000000000
1609060468.730263710 0.000000000 0.000000000
1609060468.754102945 0.000000000 0.000000000
1609060468.755264759 0.000000000 0.000000000
1609060468.779594421 0.000000000 0.000000000
1609060468.780416727 0.000000000 0.000000000
1609060468.829333067 0.000000000 0.000000000
1609060468.830254316 0.000000000 0.000000000
1609060468.854558468 0.000000000 0.000000000
1609060468.855261803 0.000000000 0.000000000
1609060468.879631281 0.000000000 0.000000000
1609060468.880327702 0.000000000 0.000000000
1609060468.904133320 0.000000000 0.000000000
1609060468.905293226 0.000000000 0.000000000
1609060468.930257320 0.000000000 0.000000000
1609060468.954546213 0.000000000 0.000000000
1609060468.955327511 0.000000000 0.000000000
1609060469.004545450 0.000000000 0.000000000
1609060469.005309343 0.000000000 0.000000000
1609060469.029513836 0.000000000 0.000000000
1609060469.030237198 0.000000000 0.000000000
1609060469.055324793 0.000000000 0.000000000
1609060469.079078436 0.000000000 0.000000000
1609060469.080276012 0.000000000 0.000000000
1609060469.104073524 0.000000000 0.000000000
1609060469.105250835 0.000000000 0.000000000
1609060469.129524231 0.000000000 0.000000000
1609060469.130319595 0.000000000 0.000000000
1609060469.179314375 0.000000000 0.000000000
1609060469.180268049 0.000000000 0.000000000
1609060469.204514503 0.000000000 0.000000000
1609060469.205218792 0.000000000 0.000000000
1609060469.229070902 0.000000000 0.000000000
1609060469.230314255 0.000000000 0.000000000
1609060469.254101276 0.000000000 0.000000000
1609060469.255300283 0.000000000 0.000000000
1609060469.279558420 0.000000000 0.000000000
1609060469.280321598 0.000000000 0.000000000
1609060469.304544449 0.000000000 0.000000000
1609060469.305273056 0.000000000 0.000000000
1609060469.354552031 0.000000000 0.000000000
1609060469.355233431 0.000000000 0.000000000
1609060469.379511833 0.000000000 0.000000000
1609060469.380293369 0.000000000 0.000000000
1609060469.404048681 0.000000000 0.000000000
1609060469.405274868 0.000000000 0.000000000
1609060469.429624557 0.000000000 0.000000000
1609060469.430229425 0.000000000 0.000000000
1609060469.454531670 0.000000000 0.000000000
1609060469.455250978 0.000000000 0.000000000
1609060469.479577541 0.000000000 0.000000000
1609060469.529513121 0.000000000 0.000000000
1609060469.530194044 0.000000000 0.000000000
1609060469.554497004 0.000000000 0.000000000
1609060469.555248737 0.000000000 0.000000000
1609060469.579605818 0.000000000 0.000000000
1609060469.580310345 0.000000000 0.000000000
1609060469.604619503 0.000000000 0.000000000
1609060469.605241060 0.000000000 0.000000000
1609060469.654500246 0.000000000 0.000000000
1609060469.704519272 0.000000000 0.000000000
1609060469.705252886 0.000000000 0.000000000
1609060469.729549646 0.000000000 0.000000000
1609060469.730235815 0.000000000 0.000000000
1609060469.754075289 0.000000000 0.000000000
1609060469.755307674 0.000000000 0.000000000
1609060469.779317617 0.000000000 0.000000000
1609060469.780256033 0.000000000 0.000000000
1609060469.829646111 0.000000000 0.000000000
1609060469.879481077 0.000000000 0.000000000
1609060469.880255699 0.000000000 0.000000000
1609060469.905240536 0.000000000 0.000000000
1609060469.929549456 0.000000000 0.000000000
1609060469.930003881 0.000000000 0.000000000
1609060469.954569817 0.000000000 0.000000000
1609060469.955243587 0.000000000 0.000000000
1609060470.004027843 0.000000000 0.000000000
1609060470.005188227 0.000000000 0.000000000
1609060470.054527521 0.000000000 0.000000000
1609060470.055215359 0.000000000 0.000000000
1609060470.080193758 0.000000000 0.000000000
1609060470.104497910 0.000000000 0.000000000
1609060470.105228424 0.000000000 0.000000000
1609060470.129338264 0.000000000 0.000000000
1609060470.130207777 0.000000000 0.000000000
1609060470.179588318 0.000000000 0.000000000
1609060470.230224133 0.000000000 0.000000000
1609060470.254516602 0.000000000 0.000000000
1609060470.255223036 0.000000000 0.000000000
1609060470.279514551 0.000000000 0.000000000
1609060470.280247211 0.000000000 0.000000000
1609060470.304519892 0.000000000 0.000000000
1609060470.305229187 0.000000000 0.000000000
1609060470.354543447 0.000000000 0.000000000
1609060470.355218649 0.000000000 0.000000000
1609060470.404461622 0.000000000 0.000000000
1609060470.405229092 0.000000000 0.000000000
1609060470.429499626 0.000000000 0.000000000
1609060470.454469204 0.000000000 0.000000000
1609060470.455247164 0.000000000 0.000000000
1609060470.479467869 0.000000000 0.000000000
1609060470.480216503 0.000000000 0.000000000
1609060470.504464626 0.000000000 0.000000000
1609060470.505188227 0.000000000 0.000000000
1609060470.529539585 0.000000000 0.000000000
1609060470.579465628 0.000000000 0.000000000
1609060470.580228567 0.000000000 0.000000000
1609060470.605191708 0.000000000 0.000000000
1609060470.629561424 0.000000000 0.000000000
1609060470.630317450 0.000000000 0.000000000
1609060470.654467583 0.000000000 0.000000000
1609060470.655272484 0.000000000 0.000000000
1609060470.679497719 0.000000000 0.000000000
1609060470.704471111 0.000000000 0.000000000
1609060470.705164671 0.000000000 0.000000000
1609060470.754477024 0.000000000 0.000000000
1609060470.755342245 0.000000000 0.000000000
1609060470.779454231 0.000000000 0.000000000
1609060470.780091524 0.000000000 0.000000000
1609060470.804462910 0.000000000 0.000000000
1609060470.829437017 0.000000000 0.000000000
1609060470.854429722 0.000000000 0.000000000
1609060470.879469156 0.000000000 0.000000000
1609060470.880157232 0.000000000 0.000000000
1609060470.929449320 0.000000000 0.000000000
1609060470.930179834 0.000000000 0.000000000
1609060470.954482079 0.000000000 0.000000000
1609060470.955099821 0.000000000 0.000000000
1609060470.979424953 0.000000000 0.000000000
1609060470.980257034 0.000000000 0.000000000
1609060471.004438639 0.000000000 0.000000000
1609060471.005148649 0.000000000 0.000000000
1609060471.029447317 0.000000000 0.000000000
1609060471.030180931 0.000000000 0.000000000
1609060471.054451704 0.000000000 0.000000000
1609060471.055253267 0.000000000 0.000000000
1609060471.104421377 0.000000000 0.000000000
1609060471.105169058 0.000000000 0.000000000
1609060471.129412889 0.000000000 0.000000000
1609060471.130088091 0.000000000 0.000000000
1609060471.180216074 0.000000000 0.000000000
1609060471.204452038 0.000000000 0.000000000
1609060471.229437351 0.000000000 0.000000000
1609060471.230268002 0.000000000 0.000000000
1609060471.279464722 0.000000000 0.000000000
1609060471.304474592 0.000000000 0.000000000
1609060471.305394173 0.000000000 0.000000000
1609060471.329442024 0.000000000 0.000000000
1609060471.330168247 0.000000000 0.000000000
1609060471.355169058 0.000000000 0.000000000
1609060471.379435778 0.000000000 0.000000000
1609060471.404494047 0.000000000 0.000000000
1609060471.405187607 0.000000000 0.000000000
1609060471.454201221 0.000000000 0.000000000
1609060471.479472399 0.000000000 0.000000000
1609060471.480408430 0.000000000 0.000000000
1609060471.504448891 0.000000000 0.000000000
1609060471.505182505 0.000000000 0.000000000
1609060471.530225039 0.000000000 0.000000000
1609060471.554493904 0.000000000 0.000000000
1609060471.579443693 0.000000000 0.000000000
1609060471.580147505 0.000000000 0.000000000
1609060471.629220247 0.000000000 0.000000000
1609060471.654428720 0.000000000 0.000000000
1609060471.679422140 0.000000000 0.000000000
1609060471.680133820 0.000000000 0.000000000
1609060471.704423428 0.000000000 0.000000000
1609060471.705175638 0.000000000 0.000000000
1609060471.729438782 0.000000000 0.000000000
1609060471.754485607 0.000000000 0.000000000
1609060471.755160093 0.000000000 0.000000000
1609060471.804511309 0.000000000 0.000000000
1609060471.854434967 0.000000000 0.000000000
1609060471.854950666 0.000000000 0.000000000
1609060471.879462481 0.000000000 0.000000000
1609060471.904397249 0.000000000 0.000000000
1609060471.929419041 0.000000000 0.000000000
1609060471.930210352 0.000000000 0.000000000
1609060471.979544401 0.000000000 0.000000000
1609060471.980250835 0.000000000 0.000000000
1609060472.004457712 0.000000000 0.000000000
1609060472.029451609 0.000000000 0.000000000
1609060472.030224562 0.000000000 0.000000000
1609060472.054433584 0.000000000 0.000000000
1609060472.104422569 0.000000000 0.000000000
1609060472.105388641 0.000000000 0.000000000
1609060472.154452085 0.000000000 0.000000000
1609060472.155131340 0.000000000 0.000000000
1609060472.179410219 0.000000000 0.000000000
1609060472.204442501 0.000000000 0.000000000
1609060472.205190420 0.000000000 0.000000000
1609060472.229395628 0.000000000 0.000000000
1609060472.278924465 0.000000000 0.000000000
1609060472.280203581 0.000000000 0.000000000
1609060472.329484701 0.000000000 0.000000000
1609060472.330127001 0.000000000 0.000000000
1609060472.354461193 0.000000000 0.000000000
1609060472.355147839 0.000000000 0.000000000
1609060472.379434109 0.000000000 0.000000000
1609060472.380196571 0.000000000 0.000000000
1609060472.404391050 0.000000000 0.000000000
1609060472.429458380 0.000000000 0.000000000
1609060472.453986883 0.000000000 0.000000000
1609060472.454800606 0.000000000 0.000000000
1609060472.504194736 0.000000000 0.000000000
1609060472.529412270 0.000000000 0.000000000
1609060472.530141592 0.000000000 0.000000000
1609060472.554427385 0.000000000 0.000000000
1609060472.555200338 0.000000000 0.000000000
1609060472.579199076 0.000000000 0.000000000
1609060472.604423761 0.000000000 0.000000000
1609060472.605140448 0.000000000 0.000000000
1609060472.629410744 0.000000000 0.000000000
1609060472.629689455 0.000000000 0.000000000
1609060472.679512978 0.000000000 0.000000000
1609060472.680092335 0.000000000 0.000000000
1609060472.704381704 0.000000000 0.000000000
1609060472.705139399 0.000000000 0.000000000
1609060472.729414701 0.000000000 0.000000000
1609060472.730173588 0.000000000 0.000000000
1609060472.754200697 0.000000000 0.000000000
1609060472.804431677 0.000000000 0.000000000
1609060472.804693937 0.000000000 0.000000000
1609060472.854423523 0.000000000 0.000000000
1609060472.855085611 0.000000000 0.000000000
1609060472.879390955 0.000000000 0.000000000
1609060472.880081654 0.000000000 0.000000000
1609060472.904433250 0.000000000 0.000000000
1609060472.905226946 0.000000000 0.000000000
1609060472.929449320 0.000000000 0.000000000
1609060472.930140018 0.000000000 0.000000000
1609060472.954387665 0.000000000 0.000000000
1609060472.955183983 0.000000000 0.000000000
1609060472.979407787 0.000000000 0.000000000
1609060472.980281115 0.000000000 0.000000000
1609060473.029404640 0.000000000 0.000000000
1609060473.030159235 0.000000000 0.000000000
1609060473.054380894 0.000000000 0.000000000
1609060473.055111647 0.000000000 0.000000000
1609060473.079388857 0.000000000 0.000000000
1609060473.080116749 0.000000000 0.000000000
1609060473.104446888 0.000000000 0.000000000
1609060473.105151892 0.000000000 0.000000000
1609060473.129379749 0.000000000 0.000000000
1609060473.130074501 0.000000000 0.000000000
1609060473.153930902 0.000000000 0.000000000
1609060473.154614925 0.000000000 0.000000000
1609060473.204424143 0.000000000 0.000000000
1609060473.205111980 0.000000000 0.000000000
1609060473.229359627 0.000000000 0.000000000
1609060473.231314898 0.000000000 0.000000000
1609060473.254398823 0.000000000 0.000000000
1609060473.255174875 0.000000000 0.000000000
1609060473.279439449 0.000000000 0.000000000
1609060473.280142307 0.000000000 0.000000000
1609060473.304412603 0.000000000 0.000000000
1609060473.305145502 0.000000000 0.000000000
1609060473.329350948 0.000000000 0.000000000
1609060473.329630852 0.000000000 0.000000000
1609060473.379407644 0.000000000 0.000000000
1609060473.380082369 0.000000000 0.000000000
1609060473.404353619 0.000000000 0.000000000
1609060473.405095577 0.000000000 0.000000000
1609060473.429424286 0.000000000 0.000000000
1609060473.430093765 0.000000000 0.000000000
1609060473.454419851 0.000000000 0.000000000
1609060473.455102444 0.000000000 0.000000000
1609060473.479399443 0.000000000 0.000000000
1609060473.480105639 0.000000000 0.000000000
1609060473.503923893 0.000000000 0.000000000
1609060473.504628181 0.000000000 0.000000000
1609060473.554320335 0.000000000 0.000000000
1609060473.555050373 0.000000000 0.000000000
1609060473.579418898 0.000000000 0.000000000
1609060473.580110550 0.000000000 0.000000000
1609060473.604392290 0.000000000 0.000000000
1609060473.605144978 0.000000000 0.000000000
1609060473.629409790 0.000000000 0.000000000
1609060473.630045652 0.000000000 0.000000000
1609060473.654358864 0.000000000 0.000000000
1609060473.655077696 0.000000000 0.000000000
1609060473.678920269 0.000000000 0.000000000
1609060473.679609537 0.000000000 0.000000000
1609060473.729373217 0.000000000 0.000000000
1609060473.730106115 0.000000000 0.000000000
1609060473.754358768 0.000000000 0.000000000
1609060473.755076647 0.000000000 0.000000000
1609060473.779368401 0.000000000 0.000000000
1609060473.780183315 0.000000000 0.000000000
1609060473.804401159 0.000000000 0.000000000
1609060473.805105448 0.000000000 0.000000000
1609060473.829330444 0.000000000 0.000000000
1609060473.830115080 0.000000000 0.000000000
1609060473.853860617 0.000000000 0.000000000
1609060473.855024576 0.000000000 0.000000000
1609060473.904362917 0.000000000 0.000000000
1609060473.905034542 0.000000000 0.000000000
1609060473.928904772 0.000000000 0.000000000
1609060473.930054903 0.000000000 0.000000000
1609060473.954334974 0.000000000 0.000000000
1609060473.955113649 0.000000000 0.000000000
1609060473.979107618 0.000000000 0.000000000
1609060473.980071306 0.000000000 0.000000000
1609060474.004382849 0.000000000 0.000000000
1609060474.005087137 0.000000000 0.000000000
1609060474.028899670 0.000000000 0.000000000
1609060474.029607534 0.000000000 0.000000000
1609060474.079333544 0.000000000 0.000000000
1609060474.080065012 0.000000000 0.000000000
1609060474.103884459 0.000000000 0.000000000
1609060474.105093002 0.000000000 0.000000000
1609060474.129342556 0.000000000 0.000000000
1609060474.130068064 0.000000000 0.000000000
1609060474.154167652 0.000000000 0.000000000
1609060474.155028820 0.000000000 0.000000000
1609060474.179356098 0.000000000 0.000000000
1609060474.180154085 0.000000000 0.000000000
1609060474.203891277 0.000000000 0.000000000
1609060474.204602957 0.000000000 0.000000000
1609060474.254367590 0.000000000 0.000000000
1609060474.255091190 0.000000000 0.000000000
1609060474.278873682 0.000000000 0.000000000
1609060474.280086040 0.000000000 0.000000000
1609060474.304382563 0.000000000 0.000000000
1609060474.305111170 0.000000000 0.000000000
1609060474.329154491 0.000000000 0.000000000
1609060474.330045462 0.000000000 0.000000000
1609060474.354373455 0.000000000 0.000000000
1609060474.355051517 0.000000000 0.000000000
1609060474.379370689 0.000000000 0.000000000
1609060474.379613876 0.000000000 0.000000000
1609060474.429349899 0.000000000 0.000000000
1609060474.430100441 0.000000000 0.000000000
1609060474.454356432 0.000000000 0.000000000
1609060474.455078840 0.000000000 0.000000000
1609060474.479294062 0.000000000 0.000000000
1609060474.480116129 0.000000000 0.000000000
1609060474.504300833 0.000000000 0.000000000
1609060474.505063057 0.000000000 0.000000000
1609060474.529399872 0.000000000 0.000000000
1609060474.530108929 0.000000000 0.000000000
1609060474.554340601 0.000000000 0.000000000
1609060474.555114031 0.000000000 0.000000000
1609060474.604337215 0.000000000 0.000000000
1609060474.604914665 0.000000000 0.000000000
1609060474.628895044 0.000000000 0.000000000
1609060474.630004168 0.000000000 0.000000000
1609060474.654335499 0.000000000 0.000000000
1609060474.655085802 0.000000000 0.000000000
1609060474.679292917 0.000000000 0.000000000
1609060474.680018902 0.000000000 0.000000000
1609060474.704316378 0.000000000 0.000000000
1609060474.704590321 0.000000000 0.000000000
1609060474.729317904 0.000000000 0.000000000
1609060474.730193853 0.000000000 0.000000000
1609060474.779345989 0.000000000 0.000000000
1609060474.780084610 0.000000000 0.000000000
1609060474.803855419 0.000000000 0.000000000
1609060474.805056810 0.000000000 0.000000000
1609060474.829318762 0.000000000 0.000000000
1609060474.830086470 0.000000000 0.000000000
1609060474.854397774 0.000000000 0.000000000
1609060474.855047941 0.000000000 0.000000000
1609060474.879344940 0.000000000 0.000000000
1609060474.880059719 0.000000000 0.000000000
1609060474.904335976 0.000000000 0.000000000
1609060474.905126095 0.000000000 0.000000000
1609060474.954298496 0.000000000 0.000000000
1609060474.955040693 0.000000000 0.000000000
1609060474.978871584 0.000000000 0.000000000
1609060474.980107546 0.000000000 0.000000000
1609060475.004300356 0.000000000 0.000000000
1609060475.005109072 0.000000000 0.000000000
1609060475.029293060 0.000000000 0.000000000
1609060475.030003786 0.000000000 0.000000000
1609060475.054359674 0.000000000 0.000000000
1609060475.079326391 0.000000000 0.000000000
1609060475.080075979 0.000000000 0.000000000
1609060475.129330873 0.000000000 0.000000000
1609060475.130024195 0.000000000 0.000000000
1609060475.153856993 0.000000000 0.000000000
1609060475.155098915 0.000000000 0.000000000
1609060475.179323196 0.000000000 0.000000000
1609060475.180084705 0.000000000 0.000000000
1609060475.204328775 0.000000000 0.000000000
1609060475.205028296 0.000000000 0.000000000
1609060475.229283333 0.000000000 0.000000000
1609060475.229579687 0.000000000 0.000000000
1609060475.253837347 0.000000000 0.000000000
1609060475.255071640 0.000000000 0.000000000
1609060475.304306746 0.000000000 0.000000000
1609060475.304553270 0.000000000 0.000000000
1609060475.328932524 0.000000000 0.000000000
1609060475.330048800 0.000000000 0.000000000
1609060475.354296923 0.000000000 0.000000000
1609060475.355090380 0.000000000 0.000000000
1609060475.379300356 0.000000000 0.000000000
1609060475.380076885 0.000000000 0.000000000
1609060475.404310465 0.000000000 0.000000000
1609060475.405004501 0.000000000 0.000000000
1609060475.429320812 0.000000000 0.000000000
1609060475.430054903 0.000000000 0.000000000
1609060475.479292870 0.000000000 0.000000000
1609060475.479547024 0.000000000 0.000000000
1609060475.503875732 0.000000000 0.000000000
1609060475.504979134 0.000000000 0.000000000
1609060475.529320478 0.000000000 0.000000000
1609060475.530057430 0.000000000 0.000000000
1609060475.554301262 0.000000000 0.000000000
1609060475.554981709 0.000000000 0.000000000
1609060475.579353571 0.000000000 0.000000000
1609060475.580037117 0.000000000 0.000000000
1609060475.604335785 0.000000000 0.000000000
1609060475.605082035 0.000000000 0.000000000
1609060475.654286623 0.000000000 0.000000000
1609060475.654554129 0.000000000 0.000000000
1609060475.679267883 0.000000000 0.000000000
1609060475.680015087 0.000000000 0.000000000
1609060475.704291105 0.000000000 0.000000000
1609060475.705038071 0.000000000 0.000000000
1609060475.729277611 0.000000000 0.000000000
1609060475.729980469 0.000000000 0.000000000
1609060475.754303217 0.000000000 0.000000000
1609060475.754524231 0.000000000 0.000000000
1609060475.779250145 0.000000000 0.000000000
1609060475.780144930 0.000000000 0.000000000
1609060475.829263926 0.000000000 0.000000000
1609060475.829539537 0.000000000 0.000000000
1609060475.853811741 0.000000000 0.000000000
1609060475.854974985 0.000000000 0.000000000
1609060475.879304886 0.000000000 0.000000000
1609060475.880086184 0.000000000 0.000000000
1609060475.904332399 0.000000000 0.000000000
1609060475.904977322 0.000000000 0.000000000
1609060475.929276705 0.000000000 0.000000000
1609060475.929978132 0.000000000 0.000000000
1609060475.954317808 0.000000000 0.000000000
1609060475.955060959 0.000000000 0.000000000
1609060476.004280329 0.000000000 0.000000000
1609060476.005027771 0.000000000 0.000000000
1609060476.028816462 0.000000000 0.000000000
1609060476.029996157 0.000000000 0.000000000
1609060476.054259300 0.000000000 0.000000000
1609060476.055168390 0.000000000 0.000000000
1609060476.079239845 0.000000000 0.000000000
1609060476.079971552 0.000000000 0.000000000
1609060476.104248762 0.000000000 0.000000000
1609060476.104530334 0.000000000 0.000000000
1609060476.129278898 0.000000000 0.000000000
1609060476.130079508 0.000000000 0.000000000
1609060476.179261923 0.000000000 0.000000000
1609060476.179543734 0.000000000 0.000000000
1609060476.205003023 0.000000000 0.000000000
1609060476.229298592 0.000000000 0.000000000
1609060476.230036497 0.000000000 0.000000000
1609060476.254243851 0.000000000 0.000000000
1609060476.254995584 0.000000000 0.000000000
1609060476.279247522 0.000000000 0.000000000
1609060476.280001640 0.000000000 0.000000000
1609060476.304261208 0.000000000 0.000000000
1609060476.305049658 0.000000000 0.000000000
1609060476.354249954 0.000000000 0.000000000
1609060476.354519129 0.000000000 0.000000000
1609060476.404257298 0.000000000 0.000000000
1609060476.404969454 0.000000000 0.000000000
1609060476.429266691 0.000000000 0.000000000
1609060476.430034876 0.000000000 0.000000000
1609060476.454282999 0.000000000 0.000000000
1609060476.454944611 0.000000000 0.000000000
1609060476.479232788 0.000000000 0.000000000
1609060476.480019331 0.000000000 0.000000000
1609060476.529252529 0.000000000 0.000000000
1609060476.529954910 0.000000000 0.000000000
1609060476.553777695 0.000000000 0.000000000
1609060476.554976225 0.000000000 0.000000000
1609060476.579282522 0.000000000 0.000000000
1609060476.580073833 0.000000000 0.000000000
1609060476.604294300 0.000000000 0.000000000
1609060476.604945898 0.000000000 0.000000000
1609060476.629227400 0.000000000 0.000000000
1609060476.629552603 0.000000000 0.000000000
1609060476.654272795 0.000000000 0.000000000
1609060476.655035257 0.000000000 0.000000000
1609060476.704245090 0.000000000 0.000000000
1609060476.704930544 0.000000000 0.000000000
1609060476.728772163 0.000000000 0.000000000
1609060476.729973555 0.000000000 0.000000000
1609060476.754226923 0.000000000 0.000000000
1609060476.755023003 0.000000000 0.000000000
1609060476.779216290 0.000000000 0.000000000
1609060476.779976368 0.000000000 0.000000000
1609060476.804304600 0.000000000 0.000000000
1609060476.804972410 0.000000000 0.000000000
1609060476.829248667 0.000000000 0.000000000
1609060476.829993963 0.000000000 0.000000000
1609060476.879247665 0.000000000 0.000000000
1609060476.879605532 0.000000000 0.000000000
1609060476.903769493 0.000000000 0.000000000
1609060476.904995680 0.000000000 0.000000000
1609060476.929251194 0.000000000 0.000000000
1609060476.930006266 0.000000000 0.000000000
1609060476.954215765 0.000000000 0.000000000
1609060476.954974890 0.000000000 0.000000000
1609060476.979211092 0.000000000 0.000000000
1609060476.980009317 0.000000000 0.000000000
1609060477.004374027 0.000000000 0.000000000
1609060477.005033493 0.000000000 0.000000000
1609060477.054262161 0.000000000 0.000000000
1609060477.054986238 0.000000000 0.000000000
1609060477.079249859 0.000000000 0.000000000
1609060477.080001354 0.000000000 0.000000000
1609060477.104249239 0.000000000 0.000000000
1609060477.105051994 0.000000000 0.000000000
1609060477.129247189 0.000000000 0.000000000
1609060477.129971266 0.000000000 0.000000000
1609060477.154245138 0.000000000 0.000000000
1609060477.154869080 0.000000000 0.000000000
1609060477.179244518 0.000000000 0.000000000
1609060477.179955006 0.000000000 0.000000000
1609060477.229226351 0.000000000 0.000000000
1609060477.229479790 0.000000000 0.000000000
1609060477.253755093 0.000000000 0.000000000
1609060477.254933596 0.000000000 0.000000000
1609060477.279249907 0.000000000 0.000000000
1609060477.280068398 0.000000000 0.000000000
1609060477.304253101 0.000000000 0.000000000
1609060477.304977894 0.000000000 0.000000000
1609060477.329241514 0.000000000 0.000000000
1609060477.329489708 0.000000000 0.000000000
1609060477.354238033 0.000000000 0.000000000
1609060477.354974747 0.000000000 0.000000000
1609060477.404248714 0.000000000 0.000000000
1609060477.404505253 0.000000000 0.000000000
1609060477.428802013 0.000000000 0.000000000
1609060477.429931879 0.000000000 0.000000000
1609060477.454205275 0.000000000 0.000000000
1609060477.454965591 0.000000000 0.000000000
1609060477.479241848 0.000000000 0.000000000
1609060477.479933977 0.000000000 0.000000000
1609060477.504204512 0.000000000 0.000000000
1609060477.504486322 0.000000000 0.000000000
1609060477.529231310 0.000000000 0.000000000
1609060477.529988050 0.000000000 0.000000000
1609060477.579236031 0.000000000 0.000000000
1609060477.579520941 0.000000000 0.000000000
1609060477.603796244 0.000000000 0.000000000
1609060477.604915857 0.000000000 0.000000000
1609060477.629213572 0.000000000 0.000000000
1609060477.630073071 0.000000000 0.000000000
1609060477.654195786 0.000000000 0.000000000
1609060477.654963493 0.000000000 0.000000000
1609060477.679204702 0.000000000 0.000000000
1609060477.679460287 0.000000000 0.000000000
1609060477.704182148 0.000000000 0.000000000
1609060477.704994202 0.000000000 0.000000000
1609060477.754235744 0.000000000 0.000000000
1609060477.754482508 0.000000000 0.000000000
1609060477.778759003 0.000000000 0.000000000
1609060477.779961348 0.000000000 0.000000000
1609060477.804209232 0.000000000 0.000000000
1609060477.804999113 0.000000000 0.000000000
1609060477.829208374 0.000000000 0.000000000
1609060477.830016851 0.000000000 0.000000000
1609060477.854203939 0.000000000 0.000000000
1609060477.854448557 0.000000000 0.000000000
1609060477.879172802 0.000000000 0.000000000
1609060477.879935265 0.000000000 0.000000000
1609060477.929169893 0.000000000 0.000000000
1609060477.929910183 0.000000000 0.000000000
1609060477.953780413 0.000000000 0.000000000
1609060477.954904795 0.000000000 0.000000000
1609060477.979200363 0.000000000 0.000000000
1609060477.980032206 0.000000000 0.000000000
1609060478.004224539 0.000000000 0.000000000
1609060478.004907846 0.000000000 0.000000000
1609060478.029203415 0.000000000 0.000000000
1609060478.029873848 0.000000000 0.000000000
1609060478.054204702 0.000000000 0.000000000
1609060478.054496527 0.000000000 0.000000000
1609060478.104179144 0.000000000 0.000000000
1609060478.104936600 0.000000000 0.000000000
1609060478.128756523 0.000000000 0.000000000
1609060478.129941702 0.000000000 0.000000000
1609060478.154229403 0.000000000 0.000000000
1609060478.155002594 0.000000000 0.000000000
1609060478.179222822 0.000000000 0.000000000
1609060478.180030346 0.000000000 0.000000000
1609060478.204221964 0.000000000 0.000000000
1609060478.229218721 0.000000000 0.000000000
1609060478.229998350 0.000000000 0.000000000
1609060478.279160976 0.000000000 0.000000000
1609060478.279949427 0.000000000 0.000000000
1609060478.303750277 0.000000000 0.000000000
1609060478.304912090 0.000000000 0.000000000
1609060478.329176426 0.000000000 0.000000000
1609060478.329970598 0.000000000 0.000000000
1609060478.354209900 0.000000000 0.000000000
1609060478.354892969 0.000000000 0.000000000
1609060478.379220724 0.000000000 0.000000000
1609060478.379492760 0.000000000 0.000000000
1609060478.404171228 0.000000000 0.000000000
1609060478.404941320 0.000000000 0.000000000
1609060478.454173565 0.000000000 0.000000000
1609060478.454433441 0.000000000 0.000000000
1609060478.478701830 0.000000000 0.000000000
1609060478.479914427 0.000000000 0.000000000
1609060478.504229069 0.000000000 0.000000000
1609060478.505005836 0.000000000 0.000000000
1609060478.529154301 0.000000000 0.000000000
1609060478.529701710 0.000000000 0.000000000
1609060478.554198980 0.000000000 0.000000000
1609060478.578714132 0.000000000 0.000000000
1609060478.580009222 0.000000000 0.000000000
1609060478.629145384 0.000000000 0.000000000
1609060478.629908562 0.000000000 0.000000000
1609060478.653781176 0.000000000 0.000000000
1609060478.654893875 0.000000000 0.000000000
1609060478.679147482 0.000000000 0.000000000
1609060478.679958582 0.000000000 0.000000000
1609060478.704170465 0.000000000 0.000000000
1609060478.704694033 0.000000000 0.000000000
1609060478.729161024 0.000000000 0.000000000
1609060478.729412079 0.000000000 0.000000000
1609060478.754195213 0.000000000 0.000000000
1609060478.754971981 0.000000000 0.000000000
1609060478.804158449 0.000000000 0.000000000
1609060478.804872751 0.000000000 0.000000000
1609060478.828713417 0.000000000 0.000000000
1609060478.829872370 0.000000000 0.000000000
1609060478.854216337 0.000000000 0.000000000
1609060478.854944468 0.000000000 0.000000000
1609060478.879125595 0.000000000 0.000000000
1609060478.879922867 0.000000000 0.000000000
1609060478.904214382 0.000000000 0.000000000
1609060478.904435396 0.000000000 0.000000000
1609060478.929142714 0.000000000 0.000000000
1609060478.929983139 0.000000000 0.000000000
1609060478.979149103 0.000000000 0.000000000
1609060478.979434729 0.000000000 0.000000000
1609060479.003701210 0.000000000 0.000000000
1609060479.004884720 0.000000000 0.000000000
1609060479.029138803 0.000000000 0.000000000
1609060479.029971361 0.000000000 0.000000000
1609060479.054172277 0.000000000 0.000000000
1609060479.054697990 0.000000000 0.000000000
1609060479.079177141 0.000000000 0.000000000
1609060479.079874754 0.000000000 0.000000000
1609060479.104175329 0.000000000 0.000000000
1609060479.104945660 0.000000000 0.000000000
1609060479.154170036 0.000000000 0.000000000
1609060479.154381275 0.000000000 0.000000000
1609060479.178731203 0.000000000 0.000000000
1609060479.179920197 0.000000000 0.000000000
1609060479.204191446 0.000000000 0.000000000
1609060479.204956293 0.000000000 0.000000000
1609060479.229193687 0.000000000 0.000000000
1609060479.229686975 0.000000000 0.000000000
1609060479.254220009 0.000000000 0.000000000
1609060479.254425526 0.000000000 0.000000000
1609060479.279141665 0.000000000 0.000000000
1609060479.279999018 0.000000000 0.000000000
1609060479.329117537 0.000000000 0.000000000
1609060479.329875469 0.000000000 0.000000000
1609060479.353713274 0.000000000 0.000000000
1609060479.354866266 0.000000000 0.000000000
1609060479.379119396 0.000000000 0.000000000
1609060479.379940510 0.000000000 0.000000000
1609060479.404163361 0.000000000 0.000000000
1609060479.404675722 0.000000000 0.000000000
1609060479.429117680 0.000000000 0.000000000
1609060479.429805279 0.000000000 0.000000000
1609060479.454199314 0.000000000 0.000000000
1609060479.454910517 0.000000000 0.000000000
1609060479.504138947 0.000000000 0.000000000
1609060479.504849911 0.000000000 0.000000000
1609060479.528688669 0.000000000 0.000000000
1609060479.529866219 0.000000000 0.000000000
1609060479.554190636 0.000000000 0.000000000
1609060479.554929256 0.000000000 0.000000000
1609060479.579151869 0.000000000 0.000000000
1609060479.579692602 0.000000000 0.000000000
1609060479.604168415 0.000000000 0.000000000
1609060479.604896307 0.000000000 0.000000000
1609060479.629120350 0.000000000 0.000000000
1609060479.629893303 0.000000000 0.000000000
1609060479.679109335 0.000000000 0.000000000
1609060479.679401636 0.000000000 0.000000000
1609060479.704144239 0.000000000 0.000000000
1609060479.704859495 0.000000000 0.000000000
1609060479.729135036 0.000000000 0.000000000
1609060479.729976654 0.000000000 0.000000000
1609060479.754183054 0.000000000 0.000000000
1609060479.754652977 0.000000000 0.000000000
1609060479.779130459 0.000000000 0.000000000
1609060479.779932499 0.000000000 0.000000000
1609060479.804163694 0.000000000 0.000000000
1609060479.804841280 0.000000000 0.000000000
1609060479.854115009 0.000000000 0.000000000
1609060479.854811430 0.000000000 0.000000000
1609060479.879116058 0.000000000 0.000000000
1609060479.879863024 0.000000000 0.000000000
1609060479.904164553 0.000000000 0.000000000
1609060479.904886723 0.000000000 0.000000000
1609060479.929116488 0.000000000 0.000000000
1609060479.929835320 0.000000000 0.000000000
1609060479.954111338 0.000000000 0.000000000
1609060479.954839230 0.000000000 0.000000000
1609060479.979158640 0.000000000 0.000000000
1609060479.979921103 0.000000000 0.000000000
1609060480.029102564 0.000000000 0.000000000
1609060480.054086685 0.000000000 0.000000000
1609060480.054819822 0.000000000 0.000000000
1609060480.079121828 0.000000000 0.000000000
1609060480.079838037 0.000000000 0.000000000
1609060480.104159355 0.000000000 0.000000000
1609060480.104860306 0.000000000 0.000000000
1609060480.129086733 0.000000000 0.000000000
1609060480.129841328 0.000000000 0.000000000
1609060480.154163599 0.000000000 0.000000000
1609060480.154836416 0.000000000 0.000000000
1609060480.204144001 0.000000000 0.000000000
1609060480.204375744 0.000000000 0.000000000
1609060480.229119539 0.000000000 0.000000000
1609060480.229809523 0.000000000 0.000000000
1609060480.254208088 0.000000000 0.000000000
1609060480.254869461 0.000000000 0.000000000
1609060480.279152870 0.000000000 0.000000000
1609060480.279931068 0.000000000 0.000000000
1609060480.304112673 0.000000000 0.000000000
1609060480.304927111 0.000000000 0.000000000
1609060480.329117537 0.000000000 0.000000000
1609060480.329835176 0.000000000 0.000000000
1609060480.379090786 0.000000000 0.000000000
1609060480.404114723 0.000000000 0.000000000
1609060480.404351950 0.000000000 0.000000000
1609060480.429142714 0.000000000 0.000000000
1609060480.429841042 0.000000000 0.000000000
1609060480.454105377 0.000000000 0.000000000
1609060480.454844475 0.000000000 0.000000000
1609060480.479111433 0.000000000 0.000000000
1609060480.479829788 0.000000000 0.000000000
1609060480.504100800 0.000000000 0.000000000
1609060480.504806995 0.000000000 0.000000000
1609060480.554138899 0.000000000 0.000000000
1609060480.579118967 0.000000000 0.000000000
1609060480.579361439 0.000000000 0.000000000
1609060480.604158163 0.000000000 0.000000000
1609060480.604840755 0.000000000 0.000000000
1609060480.629089594 0.000000000 0.000000000
1609060480.629814148 0.000000000 0.000000000
1609060480.654086828 0.000000000 0.000000000
1609060480.654333830 0.000000000 0.000000000
1609060480.679111958 0.000000000 0.000000000
1609060480.679836512 0.000000000 0.000000000
1609060480.729075670 0.000000000 0.000000000
1609060480.729314089 0.000000000 0.000000000
1609060480.754091263 0.000000000 0.000000000
1609060480.754361629 0.000000000 0.000000000
1609060480.779118061 0.000000000 0.000000000
1609060480.779861927 0.000000000 0.000000000
1609060480.804155827 0.000000000 0.000000000
1609060480.804783583 0.000000000 0.000000000
1609060480.829091311 0.000000000 0.000000000
1609060480.829856396 0.000000000 0.000000000
1609060480.854073524 0.000000000 0.000000000
1609060480.854843378 0.000000000 0.000000000
1609060480.904075623 0.000000000 0.000000000
1609060480.929075241 0.000000000 0.000000000
1609060480.929958105 0.000000000 0.000000000
1609060480.954070568 0.000000000 0.000000000
1609060480.954773426 0.000000000 0.000000000
1609060480.979107380 0.000000000 0.000000000
1609060480.979844570 0.000000000 0.000000000
1609060481.004141569 0.000000000 0.000000000
1609060481.004921198 0.000000000 0.000000000
1609060481.029083967 0.000000000 0.000000000
1609060481.029769182 0.000000000 0.000000000
1609060481.079058647 0.000000000 0.000000000
1609060481.079330206 0.000000000 0.000000000
1609060481.104093790 0.000000000 0.000000000
1609060481.104893208 0.000000000 0.000000000
1609060481.154095173 0.000000000 0.000000000
1609060481.154769421 0.000000000 0.000000000
1609060481.179085493 0.000000000 0.000000000
1609060481.179818869 0.000000000 0.000000000
1609060481.204041243 0.000000000 0.000000000
1609060481.204777956 0.000000000 0.000000000
1609060481.254055738 0.000000000 0.000000000
1609060481.254856110 0.000000000 0.000000000
1609060481.279086590 0.000000000 0.000000000
1609060481.279821396 0.000000000 0.000000000
1609060481.304077864 0.000000000 0.000000000
1609060481.304788113 0.000000000 0.000000000
1609060481.329123259 0.000000000 0.000000000
1609060481.329778194 0.000000000 0.000000000
1609060481.354050398 0.000000000 0.000000000
1609060481.354797363 0.000000000 0.000000000
1609060481.379091263 0.000000000 0.000000000
1609060481.379843473 0.000000000 0.000000000
1609060481.429030418 0.000000000 0.000000000
1609060481.454036474 0.000000000 0.000000000
1609060481.454763412 0.000000000 0.000000000
1609060481.479068041 0.000000000 0.000000000
1609060481.479796886 0.000000000 0.000000000
1609060481.504034519 0.000000000 0.000000000
1609060481.504763365 0.000000000 0.000000000
1609060481.529030800 0.000000000 0.000000000
1609060481.529759169 0.000000000 0.000000000
1609060481.554043293 0.000000000 0.000000000
1609060481.554760456 0.000000000 0.000000000
1609060481.604052782 0.000000000 0.000000000
1609060481.629052162 0.000000000 0.000000000
1609060481.629774809 0.000000000 0.000000000
1609060481.654781103 0.000000000 0.000000000
1609060481.679029942 0.000000000 0.000000000
1609060481.679739714 0.000000000 0.000000000
1609060481.704041719 0.000000000 0.000000000
1609060481.729788542 0.000000000 0.000000000
1609060481.779074430 0.000000000 0.000000000
1609060481.779807329 0.000000000 0.000000000
1609060481.804069996 0.000000000 0.000000000
1609060481.804786682 0.000000000 0.000000000
1609060481.829030275 0.000000000 0.000000000
1609060481.854087830 0.000000000 0.000000000
1609060481.854746819 0.000000000 0.000000000
1609060481.879076719 0.000000000 0.000000000
1609060481.879760027 0.000000000 0.000000000
1609060481.904048920 0.000000000 0.000000000
1609060481.904792070 0.000000000 0.000000000
1609060481.954132557 0.000000000 0.000000000
1609060481.979031563 0.000000000 0.000000000
1609060481.979912758 0.000000000 0.000000000
1609060482.004750013 0.000000000 0.000000000
1609060482.028982639 0.000000000 0.000000000
1609060482.054058075 0.000000000 0.000000000
1609060482.054734230 0.000000000 0.000000000
1609060482.079046249 0.000000000 0.000000000
1609060482.079740286 0.000000000 0.000000000
1609060482.129086494 0.000000000 0.000000000
1609060482.154073477 0.000000000 0.000000000
1609060482.154711723 0.000000000 0.000000000
1609060482.179327011 0.000000000 0.000000000
1609060482.204030037 0.000000000 0.000000000
1609060482.229002237 0.000000000 0.000000000
1609060482.229708672 0.000000000 0.000000000
1609060482.304030657 0.000000000 0.000000000
1609060482.304756641 0.000000000 0.000000000
1609060482.329044104 0.000000000 0.000000000
1609060482.329702616 0.000000000 0.000000000
1609060482.378995657 0.000000000 0.000000000
1609060482.404062986 0.000000000 0.000000000
1609060482.404756546 0.000000000 0.000000000
1609060482.429007769 0.000000000 0.000000000
1609060482.429803848 0.000000000 0.000000000
1609060482.478983164 0.000000000 0.000000000
1609060482.479712486 0.000000000 0.000000000
1609060482.504022121 0.000000000 0.000000000
1609060482.504786730 0.000000000 0.000000000
1609060482.553959608 0.000000000 0.000000000
1609060482.579025745 0.000000000 0.000000000
1609060482.579814196 0.000000000 0.000000000
1609060482.603500843 0.000000000 0.000000000
1609060482.653990030 0.000000000 0.000000000
1609060482.679000378 0.000000000 0.000000000
1609060482.679732800 0.000000000 0.000000000
1609060482.703954935 0.000000000 0.000000000
1609060482.704782486 0.000000000 0.000000000
1609060482.729059219 0.000000000 0.000000000
1609060482.753986359 0.000000000 0.000000000
1609060482.754704475 0.000000000 0.000000000
1609060482.779774904 0.000000000 0.000000000
1609060482.828978539 0.000000000 0.000000000
1609060482.829705477 0.000000000 0.000000000
1609060482.853976250 0.000000000 0.000000000
1609060482.854740858 0.000000000 0.000000000
1609060482.903989077 0.000000000 0.000000000
1609060482.929019928 0.000000000 0.000000000
1609060482.929763794 0.000000000 0.000000000
1609060482.954725266 0.000000000 0.000000000
1609060483.003951073 0.000000000 0.000000000
1609060483.004763365 0.000000000 0.000000000
1609060483.029012203 0.000000000 0.000000000
1609060483.029786110 0.000000000 0.000000000
1609060483.053953648 0.000000000 0.000000000
1609060483.054701567 0.000000000 0.000000000
1609060483.078980207 0.000000000 0.000000000
1609060483.103977680 0.000000000 0.000000000
1609060483.129704714 0.000000000 0.000000000
1609060483.178977489 0.000000000 0.000000000
1609060483.179709196 0.000000000 0.000000000
1609060483.204048395 0.000000000 0.000000000
1609060483.204816103 0.000000000 0.000000000
1609060483.228952885 0.000000000 0.000000000
1609060483.229697704 0.000000000 0.000000000
1609060483.254114628 0.000000000 0.000000000
1609060483.254718542 0.000000000 0.000000000
1609060483.279005527 0.000000000 0.000000000
1609060483.279775381 0.000000000 0.000000000
1609060483.304756880 0.000000000 0.000000000
1609060483.353959084 0.000000000 0.000000000
1609060483.354708672 0.000000000 0.000000000
1609060483.378983259 0.000000000 0.000000000
1609060483.379739523 0.000000000 0.000000000
1609060483.429029703 0.000000000 0.000000000
1609060483.453955889 0.000000000 0.000000000
1609060483.454740047 0.000000000 0.000000000
1609060483.479757071 0.000000000 0.000000000
1609060483.529698610 0.000000000 0.000000000
1609060483.578959465 0.000000000 0.000000000
1609060483.579728365 0.000000000 0.000000000
1609060483.603979826 0.000000000 0.000000000
1609060483.628951788 0.000000000 0.000000000
1609060483.629776716 0.000000000 0.000000000
1609060483.654698133 0.000000000 0.000000000
1609060483.703949451 0.000000000 0.000000000
1609060483.728950262 0.000000000 0.000000000
1609060483.729701519 0.000000000 0.000000000
1609060483.753921986 0.000000000 0.000000000
1609060483.754677057 0.000000000 0.000000000
1609060483.779072285 0.000000000 0.000000000
1609060483.803968191 0.000000000 0.000000000
1609060483.879003763 0.000000000 0.000000000
1609060483.903946400 0.000000000 0.000000000
1609060483.928950548 0.000000000 0.000000000
1609060483.929705858 0.000000000 0.000000000
1609060483.954027653 0.000000000 0.000000000
1609060483.978953123 0.000000000 0.000000000
1609060483.979714394 0.000000000 0.000000000
1609060484.004705191 0.000000000 0.000000000
1609060484.053993702 0.000000000 0.000000000
1609060484.054712296 0.000000000 0.000000000
1609060484.078954458 0.000000000 0.000000000
1609060484.079680920 0.000000000 0.000000000
1609060484.103919506 0.000000000 0.000000000
1609060484.104707003 0.000000000 0.000000000
1609060484.128982306 0.000000000 0.000000000
1609060484.153964043 0.000000000 0.000000000
1609060484.154670000 0.000000000 0.000000000
1609060484.179715157 0.000000000 0.000000000
1609060484.228969812 0.000000000 0.000000000
1609060484.229753971 0.000000000 0.000000000
1609060484.253950119 0.000000000 0.000000000
1609060484.254671812 0.000000000 0.000000000
1609060484.278917074 0.000000000 0.000000000
1609060484.279756784 0.000000000 0.000000000
1609060484.303947210 0.000000000 0.000000000
1609060484.304713964 0.000000000 0.000000000
1609060484.328946114 0.000000000 0.000000000
1609060484.329720259 0.000000000 0.000000000
1609060484.403938055 0.000000000 0.000000000
1609060484.428947210 0.000000000 0.000000000
1609060484.429749489 0.000000000 0.000000000
1609060484.453919888 0.000000000 0.000000000
1609060484.454726458 0.000000000 0.000000000
1609060484.478950500 0.000000000 0.000000000
1609060484.479702473 0.000000000 0.000000000
1609060484.503919840 0.000000000 0.000000000
1609060484.504684448 0.000000000 0.000000000
1609060484.529669285 0.000000000 0.000000000
1609060484.579019785 0.000000000 0.000000000
1609060484.579706192 0.000000000 0.000000000
1609060484.603957176 0.000000000 0.000000000
1609060484.604737282 0.000000000 0.000000000
1609060484.628937244 0.000000000 0.000000000
1609060484.629700899 0.000000000 0.000000000
1609060484.653943539 0.000000000 0.000000000
1609060484.654691696 0.000000000 0.000000000
1609060484.678945541 0.000000000 0.000000000
1609060484.679666519 0.000000000 0.000000000
1609060484.704637766 0.000000000 0.000000000
1609060484.778947592 0.000000000 0.000000000
1609060484.779499054 0.000000000 0.000000000
1609060484.803945541 0.000000000 0.000000000
1609060484.828909636 0.000000000 0.000000000
1609060484.829664469 0.000000000 0.000000000
1609060484.853964567 0.000000000 0.000000000
1609060484.854644299 0.000000000 0.000000000
1609060484.953948498 0.000000000 0.000000000
1609060484.954746008 0.000000000 0.000000000
1609060484.978948355 0.000000000 0.000000000
1609060484.979722023 0.000000000 0.000000000
1609060485.003951073 0.000000000 0.000000000
1609060485.004672050 0.000000000 0.000000000
1609060485.028908730 0.000000000 0.000000000
1609060485.029680014 0.000000000 0.000000000
1609060485.054766178 0.000000000 0.000000000
1609060485.103950262 0.000000000 0.000000000
1609060485.104658842 0.000000000 0.000000000
1609060485.128935814 0.000000000 0.000000000
1609060485.129685879 0.000000000 0.000000000
1609060485.153917789 0.000000000 0.000000000
1609060485.154691458 0.000000000 0.000000000
1609060485.178877592 0.000000000 0.000000000
1609060485.179663420 0.000000000 0.000000000
1609060485.203908920 0.000000000 0.000000000
1609060485.204635382 0.000000000 0.000000000
1609060485.278970003 0.000000000 0.000000000
1609060485.279732466 0.000000000 0.000000000
1609060485.303899765 0.000000000 0.000000000
1609060485.304702520 0.000000000 0.000000000
1609060485.328903675 0.000000000 0.000000000
1609060485.353900909 0.000000000 0.000000000
1609060485.354643345 0.000000000 0.000000000
1609060485.378908634 0.000000000 0.000000000
1609060485.379701138 0.000000000 0.000000000
1609060485.404649734 0.000000000 0.000000000
1609060485.478925228 0.000000000 0.000000000
1609060485.479656219 0.000000000 0.000000000
1609060485.503908157 0.000000000 0.000000000
1609060485.504703999 0.000000000 0.000000000
1609060485.528904438 0.000000000 0.000000000
1609060485.529663324 0.000000000 0.000000000
1609060485.553915024 0.000000000 0.000000000
1609060485.579648495 0.000000000 0.000000000
1609060485.628967762 0.000000000 0.000000000
1609060485.629649162 0.000000000 0.000000000
1609060485.653952599 0.000000000 0.000000000
1609060485.654689789 0.000000000 0.000000000
1609060485.678879499 0.000000000 0.000000000
1609060485.679673195 0.000000000 0.000000000
1609060485.703934669 0.000000000 0.000000000
1609060485.704636335 0.000000000 0.000000000
1609060485.728936195 0.000000000 0.000000000
1609060485.754590273 0.000000000 0.000000000
1609060485.803842306 0.000000000 0.000000000
1609060485.804675817 0.000000000 0.000000000
1609060485.828907728 0.000000000 0.000000000
1609060485.829678059 0.000000000 0.000000000
1609060485.853866339 0.000000000 0.000000000
1609060485.854669333 0.000000000 0.000000000
1609060485.878876925 0.000000000 0.000000000
1609060485.903883219 0.000000000 0.000000000
1609060485.928866625 0.000000000 0.000000000
1609060485.929678679 0.000000000 0.000000000
1609060485.978884220 0.000000000 0.000000000
1609060486.003862619 0.000000000 0.000000000
1609060486.004383564 0.000000000 0.000000000
1609060486.028863668 0.000000000 0.000000000
1609060486.029677153 0.000000000 0.000000000
1609060486.053912401 0.000000000 0.000000000
1609060486.078876019 0.000000000 0.000000000
1609060486.104609489 0.000000000 0.000000000
1609060486.153826475 0.000000000 0.000000000
1609060486.154628992 0.000000000 0.000000000
1609060486.178915739 0.000000000 0.000000000
1609060486.179697514 0.000000000 0.000000000
1609060486.203863621 0.000000000 0.000000000
1609060486.204599142 0.000000000 0.000000000
1609060486.228896141 0.000000000 0.000000000
1609060486.253886461 0.000000000 0.000000000
1609060486.279671431 0.000000000 0.000000000
1609060486.328882694 0.000000000 0.000000000
1609060486.329586506 0.000000000 0.000000000
1609060486.353911161 0.000000000 0.000000000
1609060486.354374409 0.000000000 0.000000000
1609060486.378900766 0.000000000 0.000000000
1609060486.379692078 0.000000000 0.000000000
1609060486.403853178 0.000000000 0.000000000
1609060486.428926706 0.000000000 0.000000000
1609060486.453865051 0.000000000 0.000000000
1609060486.454582214 0.000000000 0.000000000
1609060486.503882647 0.000000000 0.000000000
1609060486.504674911 0.000000000 0.000000000
1609060486.528936863 0.000000000 0.000000000
1609060486.578876972 0.000000000 0.000000000
1609060486.603866816 0.000000000 0.000000000
1609060486.629588366 0.000000000 0.000000000
1609060486.678882837 0.000000000 0.000000000
1609060486.679595947 0.000000000 0.000000000
1609060486.703901768 0.000000000 0.000000000
1609060486.728904486 0.000000000 0.000000000
1609060486.729637861 0.000000000 0.000000000
1609060486.753840923 0.000000000 0.000000000
1609060486.778894186 0.000000000 0.000000000
1609060486.804606438 0.000000000 0.000000000
1609060486.853877306 0.000000000 0.000000000
1609060486.878868103 0.000000000 0.000000000
1609060486.903923750 0.000000000 0.000000000
1609060486.928893566 0.000000000 0.000000000
1609060486.929538727 0.000000000 0.000000000
1609060486.953858137 0.000000000 0.000000000
1609060486.978893995 0.000000000 0.000000000
1609060486.979587793 0.000000000 0.000000000
1609060487.028845310 0.000000000 0.000000000
1609060487.053880930 0.000000000 0.000000000
1609060487.054585457 0.000000000 0.000000000
1609060487.078898430 0.000000000 0.000000000
1609060487.079572439 0.000000000 0.000000000
1609060487.103859186 0.000000000 0.000000000
1609060487.128895760 0.000000000 0.000000000
1609060487.153894186 0.000000000 0.000000000
1609060487.154639721 0.000000000 0.000000000
1609060487.203809023 0.000000000 0.000000000
1609060487.228881121 0.000000000 0.000000000
1609060487.253927231 0.000000000 0.000000000
1609060487.254672289 0.000000000 0.000000000
1609060487.278905869 0.000000000 0.000000000
1609060487.303917170 0.000000000 0.000000000
1609060487.329607487 0.000000000 0.000000000
1609060487.378817558 0.000000000 0.000000000
1609060487.379588366 0.000000000 0.000000000
1609060487.403877974 0.000000000 0.000000000
1609060487.428899050 0.000000000 0.000000000
1609060487.453897953 0.000000000 0.000000000
1609060487.478892326 0.000000000 0.000000000
1609060487.503879309 0.000000000 0.000000000
1609060487.504554987 0.000000000 0.000000000
1609060487.553858519 0.000000000 0.000000000
1609060487.554570436 0.000000000 0.000000000
1609060487.578879118 0.000000000 0.000000000
1609060487.603947639 0.000000000 0.000000000
1609060487.628857374 0.000000000 0.000000000
1609060487.629586935 0.000000000 0.000000000
1609060487.653875828 0.000000000 0.000000000
1609060487.678838968 0.000000000 0.000000000
1609060487.679633141 0.000000000 0.000000000
1609060487.728858709 0.000000000 0.000000000
1609060487.729532242 0.000000000 0.000000000
1609060487.753873110 0.000000000 0.000000000
1609060487.754651308 0.000000000 0.000000000
1609060487.778892517 0.000000000 0.000000000
1609060487.779706717 0.000000000 0.000000000
1609060487.803857088 0.000000000 0.000000000
1609060487.828880072 0.000000000 0.000000000
1609060487.854559183 0.000000000 0.000000000
1609060487.903811455 0.000000000 0.000000000
1609060487.928868532 0.000000000 0.000000000
1609060487.929750443 0.000000000 0.000000000
1609060487.953858137 0.000000000 0.000000000
1609060487.954640865 0.000000000 0.000000000
1609060487.978826046 0.000000000 0.000000000
1609060487.979592323 0.000000000 0.000000000
1609060488.003885269 0.000000000 0.000000000
1609060488.028822899 0.000000000 0.000000000
1609060488.029644251 0.000000000 0.000000000
1609060488.078786135 0.000000000 0.000000000
1609060488.103848219 0.000000000 0.000000000
1609060488.128864050 0.000000000 0.000000000
1609060488.129630089 0.000000000 0.000000000
1609060488.153889656 0.000000000 0.000000000
1609060488.154620171 0.000000000 0.000000000
1609060488.178860426 0.000000000 0.000000000
1609060488.203824043 0.000000000 0.000000000
1609060488.204507113 0.000000000 0.000000000
1609060488.253868818 0.000000000 0.000000000
1609060488.254756451 0.000000000 0.000000000
1609060488.278839350 0.000000000 0.000000000
1609060488.303870678 0.000000000 0.000000000
1609060488.304613590 0.000000000 0.000000000
1609060488.328816175 0.000000000 0.000000000
1609060488.329569101 0.000000000 0.000000000
1609060488.353820562 0.000000000 0.000000000
1609060488.378873825 0.000000000 0.000000000
1609060488.379631996 0.000000000 0.000000000
1609060488.428777456 0.000000000 0.000000000
1609060488.429509640 0.000000000 0.000000000
1609060488.453863382 0.000000000 0.000000000
1609060488.478875160 0.000000000 0.000000000
1609060488.479043484 0.000000000 0.000000000
1609060488.503851414 0.000000000 0.000000000
1609060488.528835058 0.000000000 0.000000000
1609060488.553885460 0.000000000 0.000000000
1609060488.554509163 0.000000000 0.000000000
1609060488.603761435 0.000000000 0.000000000
1609060488.604630470 0.000000000 0.000000000
1609060488.628826618 0.000000000 0.000000000
1609060488.653869629 0.000000000 0.000000000
1609060488.654562950 0.000000000 0.000000000
1609060488.678796530 0.000000000 0.000000000
1609060488.679519653 0.000000000 0.000000000
1609060488.703869104 0.000000000 0.000000000
1609060488.728881359 0.000000000 0.000000000
1609060488.729488850 0.000000000 0.000000000
1609060488.778838634 0.000000000 0.000000000
1609060488.803829432 0.000000000 0.000000000
1609060488.828626156 0.000000000 0.000000000
1609060488.853848934 0.000000000 0.000000000
1609060488.854599714 0.000000000 0.000000000
1609060488.878813744 0.000000000 0.000000000
1609060488.879569292 0.000000000 0.000000000
1609060488.903869629 0.000000000 0.000000000
1609060488.904575586 0.000000000 0.000000000
1609060488.953319550 0.000000000 0.000000000
1609060488.978805304 0.000000000 0.000000000
1609060489.003611565 0.000000000 0.000000000
1609060489.028838873 0.000000000 0.000000000
1609060489.029508352 0.000000000 0.000000000
1609060489.053862333 0.000000000 0.000000000
1609060489.078584433 0.000000000 0.000000000
1609060489.079531193 0.000000000 0.000000000
1609060489.153863668 0.000000000 0.000000000
1609060489.178565264 0.000000000 0.000000000
1609060489.203799248 0.000000000 0.000000000
1609060489.303736925 0.000000000 0.000000000
1609060489.304484606 0.000000000 0.000000000
1609060489.328814983 0.000000000 0.000000000
1609060489.353854418 0.000000000 0.000000000
1609060489.378829718 0.000000000 0.000000000
1609060489.379559517 0.000000000 0.000000000
1609060489.403825760 0.000000000 0.000000000
1609060489.404487610 0.000000000 0.000000000
1609060489.428534746 0.000000000 0.000000000
1609060489.429493189 0.000000000 0.000000000
1609060489.478747129 0.000000000 0.000000000
1609060489.479511976 0.000000000 0.000000000
1609060489.503770351 0.000000000 0.000000000
1609060489.528599501 0.000000000 0.000000000
1609060489.553758383 0.000000000 0.000000000
1609060489.578805447 0.000000000 0.000000000
1609060489.579591513 0.000000000 0.000000000
1609060489.603540897 0.000000000 0.000000000
1609060489.653805256 0.000000000 0.000000000
1609060489.654495001 0.000000000 0.000000000
1609060489.678769827 0.000000000 0.000000000
1609060489.678986549 0.000000000 0.000000000
1609060489.703835964 0.000000000 0.000000000
1609060489.704566956 0.000000000 0.000000000
1609060489.728807449 0.000000000 0.000000000
1609060489.731059074 0.000000000 0.000000000
1609060489.753765583 0.000000000 0.000000000
1609060489.754572392 0.000000000 0.000000000
1609060489.778535128 0.000000000 0.000000000
1609060489.779565096 0.000000000 0.000000000
1609060489.853833914 0.000000000 0.000000000
1609060489.878838301 0.000000000 0.000000000
1609060489.903761387 0.000000000 0.000000000
1609060489.928775787 0.000000000 0.000000000
1609060489.929522514 0.000000000 0.000000000
1609060489.953578234 0.000000000 0.000000000
1609060489.954442739 0.000000000 0.000000000
1609060490.003851891 0.000000000 0.000000000
1609060490.028800964 0.000000000 0.000000000
1609060490.029542923 0.000000000 0.000000000
1609060490.053817749 0.000000000 0.000000000
1609060490.054571867 0.000000000 0.000000000
1609060490.078736305 0.000000000 0.000000000
1609060490.079481125 0.000000000 0.000000000
1609060490.103767395 0.000000000 0.000000000
1609060490.104526281 0.000000000 0.000000000
1609060490.128505230 0.000000000 0.000000000
1609060490.129504681 0.000000000 0.000000000
1609060490.178744078 0.000000000 0.000000000
1609060490.179494858 0.000000000 0.000000000
1609060490.203745604 0.000000000 0.000000000
1609060490.204002142 0.000000000 0.000000000
1609060490.228821754 0.000000000 0.000000000
1609060490.253740549 0.000000000 0.000000000
1609060490.278734922 0.000000000 0.000000000
1609060490.279530287 0.000000000 0.000000000
1609060490.303736448 0.000000000 0.000000000
1609060490.304513693 0.000000000 0.000000000
1609060490.353713751 0.000000000 0.000000000
1609060490.354424000 0.000000000 0.000000000
1609060490.378811836 0.000000000 0.000000000
1609060490.403814077 0.000000000 0.000000000
1609060490.404498100 0.000000000 0.000000000
1609060490.428730011 0.000000000 0.000000000
1609060490.453745365 0.000000000 0.000000000
1609060490.454493761 0.000000000 0.000000000
1609060490.478744745 0.000000000 0.000000000
1609060490.528691530 0.000000000 0.000000000
1609060490.553788900 0.000000000 0.000000000
1609060490.578719616 0.000000000 0.000000000
1609060490.579566479 0.000000000 0.000000000
1609060490.603707314 0.000000000 0.000000000
1609060490.628723860 0.000000000 0.000000000
1609060490.629490852 0.000000000 0.000000000
1609060490.653842211 0.000000000 0.000000000
1609060490.703682184 0.000000000 0.000000000
1609060490.704455853 0.000000000 0.000000000
1609060490.728754759 0.000000000 0.000000000
1609060490.753768206 0.000000000 0.000000000
1609060490.754484653 0.000000000 0.000000000
1609060490.778711796 0.000000000 0.000000000
1609060490.803738117 0.000000000 0.000000000
1609060490.828523874 0.000000000 0.000000000
1609060490.829430580 0.000000000 0.000000000
1609060490.878676891 0.000000000 0.000000000
1609060490.879428864 0.000000000 0.000000000
1609060490.903750181 0.000000000 0.000000000
1609060490.928478956 0.000000000 0.000000000
1609060490.929506779 0.000000000 0.000000000
1609060490.953710318 0.000000000 0.000000000
1609060490.954439163 0.000000000 0.000000000
1609060490.978779316 0.000000000 0.000000000
1609060490.979545355 0.000000000 0.000000000
1609060491.003534079 0.000000000 0.000000000
1609060491.004470110 0.000000000 0.000000000
1609060491.053693056 0.000000000 0.000000000
1609060491.078748703 0.000000000 0.000000000
1609060491.103786469 0.000000000 0.000000000
1609060491.104474306 0.000000000 0.000000000
1609060491.128737688 0.000000000 0.000000000
1609060491.129436493 0.000000000 0.000000000
1609060491.153727293 0.000000000 0.000000000
1609060491.178519487 0.000000000 0.000000000
1609060491.179410458 0.000000000 0.000000000
1609060491.228656054 0.000000000 0.000000000
1609060491.253718376 0.000000000 0.000000000
1609060491.278645277 0.000000000 0.000000000
1609060491.303745985 0.000000000 0.000000000
1609060491.328794718 0.000000000 0.000000000
1609060491.329469681 0.000000000 0.000000000
1609060491.353513002 0.000000000 0.000000000
1609060491.354400158 0.000000000 0.000000000
1609060491.403688908 0.000000000 0.000000000
1609060491.404412270 0.000000000 0.000000000
1609060491.453732014 0.000000000 0.000000000
1609060491.454476595 0.000000000 0.000000000
1609060491.478716850 0.000000000 0.000000000
1609060491.503705740 0.000000000 0.000000000
1609060491.528765917 0.000000000 0.000000000
1609060491.529473782 0.000000000 0.000000000
1609060491.578703165 0.000000000 0.000000000
1609060491.579498768 0.000000000 0.000000000
1609060491.603760958 0.000000000 0.000000000
1609060491.628745556 0.000000000 0.000000000
1609060491.629402161 0.000000000 0.000000000
1609060491.653665304 0.000000000 0.000000000
1609060491.654449463 0.000000000 0.000000000
1609060491.678690195 0.000000000 0.000000000
1609060491.679430485 0.000000000 0.000000000
1609060491.703485250 0.000000000 0.000000000
1609060491.704393387 0.000000000 0.000000000
1609060491.753659487 0.000000000 0.000000000
1609060491.754483700 0.000000000 0.000000000
1609060491.778687239 0.000000000 0.000000000
1609060491.803765774 0.000000000 0.000000000
1609060491.853734016 0.000000000 0.000000000
1609060491.854489565 0.000000000 0.000000000
1609060491.878686190 0.000000000 0.000000000
1609060491.879398346 0.000000000 0.000000000
1609060491.928751469 0.000000000 0.000000000
1609060491.929408550 0.000000000 0.000000000
1609060491.953694344 0.000000000 0.000000000
1609060491.978509665 0.000000000 0.000000000
1609060491.978935242 0.000000000 0.000000000
1609060492.003712893 0.000000000 0.000000000
1609060492.004384756 0.000000000 0.000000000
1609060492.028717279 0.000000000 0.000000000
1609060492.029495001 0.000000000 0.000000000
1609060492.053496599 0.000000000 0.000000000
1609060492.054483891 0.000000000 0.000000000
1609060492.103628397 0.000000000 0.000000000
1609060492.128695965 0.000000000 0.000000000
1609060492.153518200 0.000000000 0.000000000
1609060492.154448509 0.000000000 0.000000000
1609060492.178686619 0.000000000 0.000000000
1609060492.179389000 0.000000000 0.000000000
1609060492.203633547 0.000000000 0.000000000
1609060492.228647232 0.000000000 0.000000000
1609060492.229395151 0.000000000 0.000000000
1609060492.278660059 0.000000000 0.000000000
1609060492.279427052 0.000000000 0.000000000
1609060492.303684711 0.000000000 0.000000000
1609060492.328723431 0.000000000 0.000000000
1609060492.329429150 0.000000000 0.000000000
1609060492.353682518 0.000000000 0.000000000
1609060492.354433060 0.000000000 0.000000000
1609060492.378697157 0.000000000 0.000000000
1609060492.379427195 0.000000000 0.000000000
1609060492.403689384 0.000000000 0.000000000
1609060492.404465914 0.000000000 0.000000000
1609060492.453669548 0.000000000 0.000000000
1609060492.454339981 0.000000000 0.000000000
1609060492.478705168 0.000000000 0.000000000
1609060492.503727674 0.000000000 0.000000000
1609060492.528675318 0.000000000 0.000000000
1609060492.529448271 0.000000000 0.000000000
1609060492.553709745 0.000000000 0.000000000
1609060492.578434467 0.000000000 0.000000000
1609060492.579383850 0.000000000 0.000000000
1609060492.653703690 0.000000000 0.000000000
1609060492.678432465 0.000000000 0.000000000
1609060492.679494619 0.000000000 0.000000000
1609060492.703661203 0.000000000 0.000000000
1609060492.728662014 0.000000000 0.000000000
1609060492.729573727 0.000000000 0.000000000
1609060492.753434896 0.000000000 0.000000000
1609060492.754350424 0.000000000 0.000000000
1609060492.803652287 0.000000000 0.000000000
1609060492.828652620 0.000000000 0.000000000
1609060492.853448391 0.000000000 0.000000000
1609060492.854429960 0.000000000 0.000000000
1609060492.878646135 0.000000000 0.000000000
1609060492.903726816 0.000000000 0.000000000
1609060492.929348707 0.000000000 0.000000000
1609060492.979422092 0.000000000 0.000000000
1609060493.003641605 0.000000000 0.000000000
1609060493.028476954 0.000000000 0.000000000
1609060493.029450893 0.000000000 0.000000000
1609060493.053651094 0.000000000 0.000000000
1609060493.054363489 0.000000000 0.000000000
1609060493.078655481 0.000000000 0.000000000
1609060493.079499483 0.000000000 0.000000000
1609060493.103644848 0.000000000 0.000000000
1609060493.104374647 0.000000000 0.000000000
1609060493.178634882 0.000000000 0.000000000
1609060493.203647614 0.000000000 0.000000000
1609060493.204371929 0.000000000 0.000000000
1609060493.228652477 0.000000000 0.000000000
1609060493.229335785 0.000000000 0.000000000
1609060493.253631830 0.000000000 0.000000000
1609060493.254403830 0.000000000 0.000000000
1609060493.278438091 0.000000000 0.000000000
1609060493.279428482 0.000000000 0.000000000
1609060493.353617668 0.000000000 0.000000000
1609060493.378447533 0.000000000 0.000000000
1609060493.403670549 0.000000000 0.000000000
1609060493.404321909 0.000000000 0.000000000
1609060493.453697443 0.000000000 0.000000000
1609060493.454327106 0.000000000 0.000000000
1609060493.503704071 0.000000000 0.000000000
1609060493.504335880 0.000000000 0.000000000
1609060493.528617859 0.000000000 0.000000000
1609060493.554364204 0.000000000 0.000000000
1609060493.578630924 0.000000000 0.000000000
1609060493.603597641 0.000000000 0.000000000
1609060493.604393005 0.000000000 0.000000000
1609060493.628659248 0.000000000 0.000000000
1609060493.678704262 0.000000000 0.000000000
1609060493.679328203 0.000000000 0.000000000
1609060493.703588247 0.000000000 0.000000000
1609060493.728873014 0.000000000 0.000000000
1609060493.753572702 0.000000000 0.000000000
1609060493.778733492 0.000000000 0.000000000
1609060493.779445887 0.000000000 0.000000000
1609060493.804332972 0.000000000 0.000000000
1609060493.878605604 0.000000000 0.000000000
1609060493.903838396 0.000000000 0.000000000
1609060493.928600073 0.000000000 0.000000000
1609060493.929318190 0.000000000 0.000000000
1609060493.953640699 0.000000000 0.000000000
1609060493.954413891 0.000000000 0.000000000
1609060493.978648424 0.000000000 0.000000000
1609060493.979351044 0.000000000 0.000000000
1609060494.028584719 0.000000000 0.000000000
1609060494.029307842 0.000000000 0.000000000
1609060494.053585291 0.000000000 0.000000000
1609060494.079372883 0.000000000 0.000000000
1609060494.103608847 0.000000000 0.000000000
1609060494.128599167 0.000000000 0.000000000
1609060494.130588055 0.000000000 0.000000000
1609060494.153625250 0.000000000 0.000000000
1609060494.154334784 0.000000000 0.000000000
1609060494.204355240 0.000000000 0.000000000
1609060494.228605747 0.000000000 0.000000000
1609060494.253585577 0.000000000 0.000000000
1609060494.254350185 0.000000000 0.000000000
1609060494.278633356 0.000000000 0.000000000
1609060494.279361963 0.000000000 0.000000000
1609060494.303594351 0.000000000 0.000000000
1609060494.304367065 0.000000000 0.000000000
1609060494.328393459 0.000000000 0.000000000
1609060494.329315424 0.000000000 0.000000000
1609060494.378562689 0.000000000 0.000000000
1609060494.403578520 0.000000000 0.000000000
1609060494.453556776 0.000000000 0.000000000
1609060494.478670597 0.000000000 0.000000000
1609060494.479399443 0.000000000 0.000000000
1609060494.503605843 0.000000000 0.000000000
1609060494.504317760 0.000000000 0.000000000
1609060494.553569317 0.000000000 0.000000000
1609060494.554300547 0.000000000 0.000000000
1609060494.578599930 0.000000000 0.000000000
1609060494.604356289 0.000000000 0.000000000
1609060494.653620005 0.000000000 0.000000000
1609060494.654336214 0.000000000 0.000000000
1609060494.678581238 0.000000000 0.000000000
1609060494.679270744 0.000000000 0.000000000
1609060494.728584766 0.000000000 0.000000000
1609060494.729305983 0.000000000 0.000000000
1609060494.753611088 0.000000000 0.000000000
1609060494.778871298 0.000000000 0.000000000
1609060494.803580046 0.000000000 0.000000000
1609060494.828589439 0.000000000 0.000000000
1609060494.829373598 0.000000000 0.000000000
1609060494.853604555 0.000000000 0.000000000
1609060494.854604006 0.000000000 0.000000000
1609060494.903555155 0.000000000 0.000000000
1609060494.904338837 0.000000000 0.000000000
1609060494.928554058 0.000000000 0.000000000
1609060494.954337835 0.000000000 0.000000000
1609060494.978602648 0.000000000 0.000000000
1609060494.978837013 0.000000000 0.000000000
1609060495.003566742 0.000000000 0.000000000
1609060495.004354477 0.000000000 0.000000000
1609060495.028553009 0.000000000 0.000000000
1609060495.029275656 0.000000000 0.000000000
1609060495.078537703 0.000000000 0.000000000
1609060495.079266071 0.000000000 0.000000000
1609060495.103586435 0.000000000 0.000000000
1609060495.153548241 0.000000000 0.000000000
1609060495.154256821 0.000000000 0.000000000
1609060495.178604603 0.000000000 0.000000000
1609060495.179364204 0.000000000 0.000000000
1609060495.204309464 0.000000000 0.000000000
1609060495.253549576 0.000000000 0.000000000
1609060495.254266739 0.000000000 0.000000000
1609060495.278549910 0.000000000 0.000000000
1609060495.328557014 0.000000000 0.000000000
1609060495.329253674 0.000000000 0.000000000
1609060495.353533983 0.000000000 0.000000000
1609060495.354322672 0.000000000 0.000000000
1609060495.378542185 0.000000000 0.000000000
1609060495.379281044 0.000000000 0.000000000
1609060495.428731918 0.000000000 0.000000000
1609060495.429257870 0.000000000 0.000000000
1609060495.453585625 0.000000000 0.000000000
1609060495.479387999 0.000000000 0.000000000
1609060495.503514528 0.000000000 0.000000000
1609060495.528567076 0.000000000 0.000000000
1609060495.529313326 0.000000000 0.000000000
1609060495.553548574 0.000000000 0.000000000
1609060495.554418087 0.000000000 0.000000000
1609060495.603597879 0.000000000 0.000000000
1609060495.604244232 0.000000000 0.000000000
1609060495.628546715 0.000000000 0.000000000
1609060495.654274940 0.000000000 0.000000000
1609060495.678539753 0.000000000 0.000000000
1609060495.703524590 0.000000000 0.000000000
1609060495.704281330 0.000000000 0.000000000
1609060495.729287624 0.000000000 0.000000000
1609060495.779311657 0.000000000 0.000000000
1609060495.803515196 0.000000000 0.000000000
1609060495.829326630 0.000000000 0.000000000
1609060495.853548050 0.000000000 0.000000000
1609060495.879289389 0.000000000 0.000000000
1609060495.903536081 0.000000000 0.000000000
1609060495.904320955 0.000000000 0.000000000
1609060495.978721619 0.000000000 0.000000000
1609060496.028538704 0.000000000 0.000000000
1609060496.053572178 0.000000000 0.000000000
1609060496.054456711 0.000000000 0.000000000
1609060496.078538418 0.000000000 0.000000000
1609060496.129212856 0.000000000 0.000000000
1609060496.153521061 0.000000000 0.000000000
1609060496.154330015 0.000000000 0.000000000
1609060496.203514814 0.000000000 0.000000000
1609060496.228510141 0.000000000 0.000000000
1609060496.229353428 0.000000000 0.000000000
1609060496.254231215 0.000000000 0.000000000
1609060496.303539753 0.000000000 0.000000000
1609060496.304228067 0.000000000 0.000000000
1609060496.328600883 0.000000000 0.000000000
1609060496.354277611 0.000000000 0.000000000
1609060496.378528595 0.000000000 0.000000000
1609060496.379236937 0.000000000 0.000000000
1609060496.403528214 0.000000000 0.000000000
1609060496.404291630 0.000000000 0.000000000
1609060496.428530931 0.000000000 0.000000000
1609060496.429257154 0.000000000 0.000000000
1609060496.478480577 0.000000000 0.000000000
1609060496.479194403 0.000000000 0.000000000
1609060496.503512859 0.000000000 0.000000000
1609060496.529299974 0.000000000 0.000000000
1609060496.553527117 0.000000000 0.000000000
1609060496.578508139 0.000000000 0.000000000
1609060496.579408169 0.000000000 0.000000000
1609060496.603489399 0.000000000 0.000000000
1609060496.604216337 0.000000000 0.000000000
1609060496.653481007 0.000000000 0.000000000
1609060496.654366016 0.000000000 0.000000000
1609060496.678561211 0.000000000 0.000000000
1609060496.728489399 0.000000000 0.000000000
1609060496.753534079 0.000000000 0.000000000
1609060496.754220486 0.000000000 0.000000000
1609060496.778480053 0.000000000 0.000000000
1609060496.779303312 0.000000000 0.000000000
1609060496.828497410 0.000000000 0.000000000
1609060496.829221249 0.000000000 0.000000000
1609060496.853489399 0.000000000 0.000000000
1609060496.853792667 0.000000000 0.000000000
1609060496.878481627 0.000000000 0.000000000
1609060496.879289627 0.000000000 0.000000000
1609060496.903515577 0.000000000 0.000000000
1609060496.928508043 0.000000000 0.000000000
1609060496.929275751 0.000000000 0.000000000
1609060496.954213381 0.000000000 0.000000000
1609060497.003500462 0.000000000 0.000000000
1609060497.028539658 0.000000000 0.000000000
1609060497.029231310 0.000000000 0.000000000
1609060497.054297686 0.000000000 0.000000000
1609060497.078500032 0.000000000 0.000000000
1609060497.079210997 0.000000000 0.000000000
1609060497.103504181 0.000000000 0.000000000
1609060497.104237556 0.000000000 0.000000000
1609060497.128465414 0.000000000 0.000000000
1609060497.129257441 0.000000000 0.000000000
1609060497.178560734 0.000000000 0.000000000
1609060497.179313660 0.000000000 0.000000000
1609060497.203533888 0.000000000 0.000000000
1609060497.203740597 0.000000000 0.000000000
1609060497.229274511 0.000000000 0.000000000
1609060497.253654242 0.000000000 0.000000000
1609060497.254239082 0.000000000 0.000000000
1609060497.278480053 0.000000000 0.000000000
1609060497.279285431 0.000000000 0.000000000
1609060497.304243326 0.000000000 0.000000000
1609060497.378509283 0.000000000 0.000000000
1609060497.378802299 0.000000000 0.000000000
1609060497.428476095 0.000000000 0.000000000
1609060497.453458071 0.000000000 0.000000000
1609060497.454220295 0.000000000 0.000000000
1609060497.479194403 0.000000000 0.000000000
1609060497.528537989 0.000000000 0.000000000
1609060497.529175520 0.000000000 0.000000000
1609060497.553297758 0.000000000 0.000000000
1609060497.554213047 0.000000000 0.000000000
1609060497.579332352 0.000000000 0.000000000
1609060497.603472471 0.000000000 0.000000000
1609060497.628456354 0.000000000 0.000000000
1609060497.629143000 0.000000000 0.000000000
1609060497.654267073 0.000000000 0.000000000
1609060497.703531504 0.000000000 0.000000000
1609060497.704182386 0.000000000 0.000000000
1609060497.728472233 0.000000000 0.000000000
1609060497.729296207 0.000000000 0.000000000
1609060497.754204273 0.000000000 0.000000000
1609060497.778523922 0.000000000 0.000000000
1609060497.878497362 0.000000000 0.000000000
1609060497.879328489 0.000000000 0.000000000
1609060497.903509617 0.000000000 0.000000000
1609060497.904329538 0.000000000 0.000000000
1609060497.929217577 0.000000000 0.000000000
1609060497.953462362 0.000000000 0.000000000
1609060498.004220009 0.000000000 0.000000000
1609060498.053507328 0.000000000 0.000000000
1609060498.054201126 0.000000000 0.000000000
1609060498.078466415 0.000000000 0.000000000
1609060498.078762293 0.000000000 0.000000000
1609060498.128418207 0.000000000 0.000000000
1609060498.153480768 0.000000000 0.000000000
1609060498.154252768 0.000000000 0.000000000
1609060498.179183960 0.000000000 0.000000000
1609060498.228458405 0.000000000 0.000000000
1609060498.229179859 0.000000000 0.000000000
1609060498.253559113 0.000000000 0.000000000
1609060498.253769875 0.000000000 0.000000000
1609060498.278773546 0.000000000 0.000000000
1609060498.303522110 0.000000000 0.000000000
1609060498.328458548 0.000000000 0.000000000
1609060498.329245567 0.000000000 0.000000000
1609060498.354179144 0.000000000 0.000000000
1609060498.403434277 0.000000000 0.000000000
1609060498.428232908 0.000000000 0.000000000
1609060498.429202795 0.000000000 0.000000000
1609060498.454178333 0.000000000 0.000000000
1609060498.478429079 0.000000000 0.000000000
1609060498.503469229 0.000000000 0.000000000
1609060498.504307032 0.000000000 0.000000000
1609060498.578468323 0.000000000 0.000000000
1609060498.579150200 0.000000000 0.000000000
1609060498.603312492 0.000000000 0.000000000
1609060498.629179716 0.000000000 0.000000000
1609060498.653495312 0.000000000 0.000000000
1609060498.679196119 0.000000000 0.000000000
1609060498.704169273 0.000000000 0.000000000
1609060498.753418684 0.000000000 0.000000000
1609060498.754120827 0.000000000 0.000000000
1609060498.778511286 0.000000000 0.000000000
1609060498.779221535 0.000000000 0.000000000
1609060498.828418016 0.000000000 0.000000000
1609060498.853421211 0.000000000 0.000000000
1609060498.854186058 0.000000000 0.000000000
1609060498.879161835 0.000000000 0.000000000
1609060498.928380489 0.000000000 0.000000000
1609060498.929117680 0.000000000 0.000000000
1609060498.953509331 0.000000000 0.000000000
1609060498.953681707 0.000000000 0.000000000
1609060498.979262352 0.000000000 0.000000000
1609060499.028418541 0.000000000 0.000000000
1609060499.029326439 0.000000000 0.000000000
1609060499.054182529 0.000000000 0.000000000
1609060499.103397369 0.000000000 0.000000000
1609060499.104117393 0.000000000 0.000000000
1609060499.128509283 0.000000000 0.000000000
1609060499.129190922 0.000000000 0.000000000
1609060499.178497076 0.000000000 0.000000000
1609060499.179148436 0.000000000 0.000000000
1609060499.203453541 0.000000000 0.000000000
1609060499.204194307 0.000000000 0.000000000
1609060499.229175329 0.000000000 0.000000000
1609060499.303429365 0.000000000 0.000000000
1609060499.304208517 0.000000000 0.000000000
1609060499.353466511 0.000000000 0.000000000
1609060499.378412724 0.000000000 0.000000000
1609060499.404111385 0.000000000 0.000000000
1609060499.453407288 0.000000000 0.000000000
1609060499.478522539 0.000000000 0.000000000
1609060499.479228735 0.000000000 0.000000000
1609060499.528440475 0.000000000 0.000000000
1609060499.553439379 0.000000000 0.000000000
1609060499.554177761 0.000000000 0.000000000
1609060499.579163074 0.000000000 0.000000000
1609060499.628543139 0.000000000 0.000000000
1609060499.653453827 0.000000000 0.000000000
1609060499.654151917 0.000000000 0.000000000
1609060499.679196835 0.000000000 0.000000000
1609060499.703415632 0.000000000 0.000000000
1609060499.728389978 0.000000000 0.000000000
1609060499.728881359 0.000000000 0.000000000
1609060499.754176378 0.000000000 0.000000000
1609060499.803400993 0.000000000 0.000000000
1609060499.804115057 0.000000000 0.000000000
1609060499.828433752 0.000000000 0.000000000
1609060499.829151630 0.000000000 0.000000000
1609060499.854117632 0.000000000 0.000000000
1609060499.878418207 0.000000000 0.000000000
1609060499.903433084 0.000000000 0.000000000
1609060499.903857708 0.000000000 0.000000000
1609060499.929113865 0.000000000 0.000000000
1609060499.978401899 0.000000000 0.000000000
1609060499.979116201 0.000000000 0.000000000
1609060500.003401995 0.000000000 0.000000000
1609060500.004136324 0.000000000 0.000000000
1609060500.029228210 0.000000000 0.000000000
1609060500.053405762 0.000000000 0.000000000
1609060500.078392744 0.000000000 0.000000000
1609060500.078861237 0.000000000 0.000000000
1609060500.104180336 0.000000000 0.000000000
1609060500.153358698 0.000000000 0.000000000
1609060500.154117584 0.000000000 0.000000000
1609060500.178452730 0.000000000 0.000000000
1609060500.179154396 0.000000000 0.000000000
1609060500.203604460 0.000000000 0.000000000
1609060500.228385210 0.000000000 0.000000000
1609060500.253419161 0.000000000 0.000000000
1609060500.254166603 0.000000000 0.000000000
1609060500.279206514 0.000000000 0.000000000
1609060500.328372478 0.000000000 0.000000000
1609060500.328907967 0.000000000 0.000000000
1609060500.353496552 0.000000000 0.000000000
1609060500.354156256 0.000000000 0.000000000
1609060500.379146099 0.000000000 0.000000000
1609060500.403389215 0.000000000 0.000000000
1609060500.428371429 0.000000000 0.000000000
1609060500.428855658 0.000000000 0.000000000
1609060500.454099655 0.000000000 0.000000000
1609060500.503347158 0.000000000 0.000000000
1609060500.504140854 0.000000000 0.000000000
1609060500.528416872 0.000000000 0.000000000
1609060500.529104710 0.000000000 0.000000000
1609060500.554202318 0.000000000 0.000000000
1609060500.578372955 0.000000000 0.000000000
1609060500.603354692 0.000000000 0.000000000
1609060500.603878260 0.000000000 0.000000000
1609060500.628384590 0.000000000 0.000000000
1609060500.629097700 0.000000000 0.000000000
1609060500.678361654 0.000000000 0.000000000
1609060500.679117203 0.000000000 0.000000000
1609060500.703469515 0.000000000 0.000000000
1609060500.704170227 0.000000000 0.000000000
1609060500.729169369 0.000000000 0.000000000
1609060500.753357649 0.000000000 0.000000000
1609060500.778412342 0.000000000 0.000000000
1609060500.803394079 0.000000000 0.000000000
1609060500.804139137 0.000000000 0.000000000
1609060500.853316069 0.000000000 0.000000000
1609060500.878455639 0.000000000 0.000000000
1609060500.879217386 0.000000000 0.000000000
1609060500.903390169 0.000000000 0.000000000
1609060500.904138565 0.000000000 0.000000000
1609060500.928348303 0.000000000 0.000000000
1609060500.953347445 0.000000000 0.000000000
1609060500.954064131 0.000000000 0.000000000
1609060500.979132175 0.000000000 0.000000000
1609060501.029043913 0.000000000 0.000000000
1609060501.053149462 0.000000000 0.000000000
1609060501.054143667 0.000000000 0.000000000
1609060501.079089880 0.000000000 0.000000000
1609060501.103336811 0.000000000 0.000000000
1609060501.128341436 0.000000000 0.000000000
1609060501.129154205 0.000000000 0.000000000
1609060501.154059649 0.000000000 0.000000000
1609060501.203336239 0.000000000 0.000000000
1609060501.204098940 0.000000000 0.000000000
1609060501.228143930 0.000000000 0.000000000
1609060501.229049683 0.000000000 0.000000000
1609060501.278284311 0.000000000 0.000000000
1609060501.303348303 0.000000000 0.000000000
1609060501.304055691 0.000000000 0.000000000
1609060501.329127789 0.000000000 0.000000000
1609060501.378395557 0.000000000 0.000000000
1609060501.379059553 0.000000000 0.000000000
1609060501.403441668 0.000000000 0.000000000
1609060501.404135227 0.000000000 0.000000000
1609060501.428574085 0.000000000 0.000000000
1609060501.453413010 0.000000000 0.000000000
1609060501.478326559 0.000000000 0.000000000
1609060501.479030848 0.000000000 0.000000000
1609060501.504055262 0.000000000 0.000000000
1609060501.553311110 0.000000000 0.000000000
1609060501.553815842 0.000000000 0.000000000
1609060501.578372002 0.000000000 0.000000000
1609060501.579128027 0.000000000 0.000000000
1609060501.653329372 0.000000000 0.000000000
1609060501.654047966 0.000000000 0.000000000
1609060501.679035664 0.000000000 0.000000000
1609060501.728369951 0.000000000 0.000000000
1609060501.729217291 0.000000000 0.000000000
1609060501.753149033 0.000000000 0.000000000
1609060501.754107714 0.000000000 0.000000000
1609060501.779083967 0.000000000 0.000000000
1609060501.803303003 0.000000000 0.000000000
1609060501.828298330 0.000000000 0.000000000
1609060501.829004765 0.000000000 0.000000000
1609060501.854091644 0.000000000 0.000000000
1609060501.903427601 0.000000000 0.000000000
1609060501.903804302 0.000000000 0.000000000
1609060501.928368807 0.000000000 0.000000000
1609060501.929093122 0.000000000 0.000000000
1609060501.954082727 0.000000000 0.000000000
1609060501.978309631 0.000000000 0.000000000
1609060502.003299475 0.000000000 0.000000000
1609060502.004000902 0.000000000 0.000000000
1609060502.029024601 0.000000000 0.000000000
1609060502.078276634 0.000000000 0.000000000
1609060502.103368998 0.000000000 0.000000000
1609060502.103811502 0.000000000 0.000000000
1609060502.128292561 0.000000000 0.000000000
1609060502.129035473 0.000000000 0.000000000
1609060502.153308392 0.000000000 0.000000000
1609060502.178290606 0.000000000 0.000000000
1609060502.179071426 0.000000000 0.000000000
1609060502.204140186 0.000000000 0.000000000
1609060502.253286362 0.000000000 0.000000000
1609060502.254020214 0.000000000 0.000000000
1609060502.278359175 0.000000000 0.000000000
1609060502.279125690 0.000000000 0.000000000
1609060502.304022074 0.000000000 0.000000000
1609060502.328319788 0.000000000 0.000000000
1609060502.353341579 0.000000000 0.000000000
1609060502.354006767 0.000000000 0.000000000
1609060502.379121065 0.000000000 0.000000000
1609060502.428318024 0.000000000 0.000000000
1609060502.453408241 0.000000000 0.000000000
1609060502.453773022 0.000000000 0.000000000
1609060502.478985071 0.000000000 0.000000000
1609060502.503357410 0.000000000 0.000000000
1609060502.528289795 0.000000000 0.000000000
1609060502.529141188 0.000000000 0.000000000
1609060502.554014444 0.000000000 0.000000000
1609060502.603272915 0.000000000 0.000000000
1609060502.628390789 0.000000000 0.000000000
1609060502.628761292 0.000000000 0.000000000
1609060502.678261280 0.000000000 0.000000000
1609060502.703323364 0.000000000 0.000000000
1609060502.703976393 0.000000000 0.000000000
1609060502.729018688 0.000000000 0.000000000
1609060502.778275967 0.000000000 0.000000000
1609060502.778921843 0.000000000 0.000000000
1609060502.803352833 0.000000000 0.000000000
1609060502.804087162 0.000000000 0.000000000
1609060502.829111099 0.000000000 0.000000000
1609060502.853300571 0.000000000 0.000000000
1609060502.878266335 0.000000000 0.000000000
1609060502.878953457 0.000000000 0.000000000
1609060502.904047489 0.000000000 0.000000000
1609060502.953323126 0.000000000 0.000000000
1609060502.978311777 0.000000000 0.000000000
1609060502.979063034 0.000000000 0.000000000
1609060503.003542185 0.000000000 0.000000000
1609060503.028326988 0.000000000 0.000000000
1609060503.053270340 0.000000000 0.000000000
1609060503.054027557 0.000000000 0.000000000
1609060503.078980446 0.000000000 0.000000000
1609060503.128275871 0.000000000 0.000000000
1609060503.129013777 0.000000000 0.000000000
1609060503.153292656 0.000000000 0.000000000
1609060503.153776407 0.000000000 0.000000000
1609060503.178567410 0.000000000 0.000000000
1609060503.203259230 0.000000000 0.000000000
1609060503.228265285 0.000000000 0.000000000
1609060503.228989124 0.000000000 0.000000000
1609060503.253957987 0.000000000 0.000000000
1609060503.328297853 0.000000000 0.000000000
1609060503.329049349 0.000000000 0.000000000
1609060503.353972673 0.000000000 0.000000000
1609060503.378254890 0.000000000 0.000000000
1609060503.403283834 0.000000000 0.000000000
1609060503.403967857 0.000000000 0.000000000
1609060503.428994417 0.000000000 0.000000000
1609060503.479017973 0.000000000 0.000000000
1609060503.503265142 0.000000000 0.000000000
1609060503.503765821 0.000000000 0.000000000
1609060503.528970242 0.000000000 0.000000000
1609060503.553300381 0.000000000 0.000000000
1609060503.578238964 0.000000000 0.000000000
1609060503.579035044 0.000000000 0.000000000
1609060503.603955984 0.000000000 0.000000000
1609060503.653356314 0.000000000 0.000000000
1609060503.653811693 0.000000000 0.000000000
1609060503.678311825 0.000000000 0.000000000
1609060503.678956032 0.000000000 0.000000000
1609060503.703959942 0.000000000 0.000000000
1609060503.728235960 0.000000000 0.000000000
1609060503.753230810 0.000000000 0.000000000
1609060503.753998041 0.000000000 0.000000000
1609060503.779010296 0.000000000 0.000000000
1609060503.828294039 0.000000000 0.000000000
1609060503.829048157 0.000000000 0.000000000
1609060503.853335381 0.000000000 0.000000000
1609060503.853750706 0.000000000 0.000000000
1609060503.903273344 0.000000000 0.000000000
1609060503.928240538 0.000000000 0.000000000
1609060503.928932905 0.000000000 0.000000000
1609060503.953471184 0.000000000 0.000000000
1609060504.003263235 0.000000000 0.000000000
1609060504.004125834 0.000000000 0.000000000
1609060504.028345823 0.000000000 0.000000000
1609060504.028736115 0.000000000 0.000000000
1609060504.053945541 0.000000000 0.000000000
1609060504.078277826 0.000000000 0.000000000
1609060504.103911161 0.000000000 0.000000000
1609060504.128248453 0.000000000 0.000000000
1609060504.128951311 0.000000000 0.000000000
1609060504.178279400 0.000000000 0.000000000
1609060504.179040432 0.000000000 0.000000000
1609060504.203331947 0.000000000 0.000000000
1609060504.203903437 0.000000000 0.000000000
1609060504.228902817 0.000000000 0.000000000
1609060504.253219366 0.000000000 0.000000000
1609060504.278256655 0.000000000 0.000000000
1609060504.279000759 0.000000000 0.000000000
1609060504.303934336 0.000000000 0.000000000
1609060504.353276730 0.000000000 0.000000000
1609060504.378336430 0.000000000 0.000000000
1609060504.378990889 0.000000000 0.000000000
1609060504.403196335 0.000000000 0.000000000
1609060504.403907776 0.000000000 0.000000000
1609060504.428218365 0.000000000 0.000000000
1609060504.453175783 0.000000000 0.000000000
1609060504.453911781 0.000000000 0.000000000
1609060504.478909016 0.000000000 0.000000000
1609060504.528221607 0.000000000 0.000000000
1609060504.553340912 0.000000000 0.000000000
1609060504.553929806 0.000000000 0.000000000
1609060504.578963995 0.000000000 0.000000000
1609060504.603235245 0.000000000 0.000000000
1609060504.628232002 0.000000000 0.000000000
1609060504.628988743 0.000000000 0.000000000
1609060504.653212547 0.000000000 0.000000000
1609060504.653900623 0.000000000 0.000000000
1609060504.703267813 0.000000000 0.000000000
1609060504.703976631 0.000000000 0.000000000
1609060504.728212357 0.000000000 0.000000000
1609060504.728882551 0.000000000 0.000000000
1609060504.753878355 0.000000000 0.000000000
1609060504.778205633 0.000000000 0.000000000
1609060504.803256512 0.000000000 0.000000000
1609060504.803996325 0.000000000 0.000000000
1609060504.828245878 0.000000000 0.000000000
1609060504.828933477 0.000000000 0.000000000
1609060504.878189564 0.000000000 0.000000000
1609060504.878973961 0.000000000 0.000000000
1609060504.903303385 0.000000000 0.000000000
1609060504.903990746 0.000000000 0.000000000
1609060504.928881168 0.000000000 0.000000000
1609060504.953237295 0.000000000 0.000000000
1609060504.978199720 0.000000000 0.000000000
1609060504.978919268 0.000000000 0.000000000
1609060505.003871679 0.000000000 0.000000000
1609060505.053243399 0.000000000 0.000000000
1609060505.078292608 0.000000000 0.000000000
1609060505.078428030 0.000000000 0.000000000
1609060505.103873491 0.000000000 0.000000000
1609060505.128187656 0.000000000 0.000000000
1609060505.153179407 0.000000000 0.000000000
1609060505.153905869 0.000000000 0.000000000
1609060505.178894997 0.000000000 0.000000000
1609060505.228194952 0.000000000 0.000000000
1609060505.228952169 0.000000000 0.000000000
1609060505.253262758 0.000000000 0.000000000
1609060505.253786325 0.000000000 0.000000000
1609060505.278927565 0.000000000 0.000000000
1609060505.303189754 0.000000000 0.000000000
1609060505.328183651 0.000000000 0.000000000
1609060505.328896999 0.000000000 0.000000000
1609060505.353869200 0.000000000 0.000000000
1609060505.403258324 0.000000000 0.000000000
1609060505.403954744 0.000000000 0.000000000
1609060505.428282976 0.000000000 0.000000000
1609060505.428880453 0.000000000 0.000000000
1609060505.453918457 0.000000000 0.000000000
1609060505.478220940 0.000000000 0.000000000
1609060505.503171921 0.000000000 0.000000000
1609060505.503861666 0.000000000 0.000000000
1609060505.528884411 0.000000000 0.000000000
1609060505.578186750 0.000000000 0.000000000
1609060505.603257179 0.000000000 0.000000000
1609060505.603899002 0.000000000 0.000000000
1609060505.628870249 0.000000000 0.000000000
1609060505.653161287 0.000000000 0.000000000
1609060505.678201914 0.000000000 0.000000000
1609060505.678839922 0.000000000 0.000000000
1609060505.703401089 0.000000000 0.000000000
1609060505.753162146 0.000000000 0.000000000
1609060505.778210878 0.000000000 0.000000000
1609060505.778716087 0.000000000 0.000000000
1609060505.803874493 0.000000000 0.000000000
1609060505.828182459 0.000000000 0.000000000
1609060505.853199482 0.000000000 0.000000000
1609060505.853860378 0.000000000 0.000000000
1609060505.878150940 0.000000000 0.000000000
1609060505.878398895 0.000000000 0.000000000
1609060505.953193426 0.000000000 0.000000000
1609060505.953975677 0.000000000 0.000000000
1609060505.978924036 0.000000000 0.000000000
1609060506.003171921 0.000000000 0.000000000
1609060506.028131962 0.000000000 0.000000000
1609060506.028918982 0.000000000 0.000000000
1609060506.053164244 0.000000000 0.000000000
1609060506.103124380 0.000000000 0.000000000
1609060506.127951145 0.000000000 0.000000000
1609060506.128936052 0.000000000 0.000000000
1609060506.153876305 0.000000000 0.000000000
1609060506.178162336 0.000000000 0.000000000
1609060506.203123093 0.000000000 0.000000000
1609060506.203835011 0.000000000 0.000000000
1609060506.228881836 0.000000000 0.000000000
1609060506.303227663 0.000000000 0.000000000
1609060506.303901911 0.000000000 0.000000000
1609060506.328115940 0.000000000 0.000000000
1609060506.353201628 0.000000000 0.000000000
1609060506.378184319 0.000000000 0.000000000
1609060506.378889322 0.000000000 0.000000000
1609060506.403439999 0.000000000 0.000000000
1609060506.453145266 0.000000000 0.000000000
1609060506.453663826 0.000000000 0.000000000
1609060506.478212833 0.000000000 0.000000000
1609060506.478646994 0.000000000 0.000000000
1609060506.528145313 0.000000000 0.000000000
1609060506.553141832 0.000000000 0.000000000
1609060506.553859472 0.000000000 0.000000000
1609060506.578428030 0.000000000 0.000000000
1609060506.628122568 0.000000000 0.000000000
1609060506.653202057 0.000000000 0.000000000
1609060506.653616190 0.000000000 0.000000000
1609060506.678797960 0.000000000 0.000000000
1609060506.703194618 0.000000000 0.000000000
1609060506.728153706 0.000000000 0.000000000
1609060506.728832960 0.000000000 0.000000000
1609060506.753869534 0.000000000 0.000000000
1609060506.803127050 0.000000000 0.000000000
1609060506.828219652 0.000000000 0.000000000
1609060506.828876257 0.000000000 0.000000000
1609060506.853811741 0.000000000 0.000000000
1609060506.878207445 0.000000000 0.000000000
1609060506.903162956 0.000000000 0.000000000
1609060506.904120445 0.000000000 0.000000000
1609060506.928394556 0.000000000 0.000000000
1609060506.978137255 0.000000000 0.000000000
1609060506.978882790 0.000000000 0.000000000
1609060507.003253460 0.000000000 0.000000000
1609060507.003880024 0.000000000 0.000000000
1609060507.028846264 0.000000000 0.000000000
1609060507.053084135 0.000000000 0.000000000
1609060507.078104019 0.000000000 0.000000000
1609060507.078651905 0.000000000 0.000000000
1609060507.103130817 0.000000000 0.000000000
1609060507.103374481 0.000000000 0.000000000
1609060507.153135300 0.000000000 0.000000000
1609060507.178236723 0.000000000 0.000000000
1609060507.178973436 0.000000000 0.000000000
1609060507.203851700 0.000000000 0.000000000
1609060507.228110552 0.000000000 0.000000000
1609060507.253149748 0.000000000 0.000000000
1609060507.253984928 0.000000000 0.000000000
1609060507.278885126 0.000000000 0.000000000
1609060507.328106642 0.000000000 0.000000000
1609060507.328826666 0.000000000 0.000000000
1609060507.353210449 0.000000000 0.000000000
1609060507.353985310 0.000000000 0.000000000
1609060507.378870487 0.000000000 0.000000000
1609060507.403066635 0.000000000 0.000000000
1609060507.428074598 0.000000000 0.000000000
1609060507.428595543 0.000000000 0.000000000
1609060507.453802109 0.000000000 0.000000000
1609060507.503147364 0.000000000 0.000000000
1609060507.528108120 0.000000000 0.000000000
1609060507.528610468 0.000000000 0.000000000
1609060507.553860903 0.000000000 0.000000000
1609060507.578079224 0.000000000 0.000000000
1609060507.603827000 0.000000000 0.000000000
1609060507.628871918 0.000000000 0.000000000
1609060507.678118229 0.000000000 0.000000000
1609060507.703173876 0.000000000 0.000000000
1609060507.703790426 0.000000000 0.000000000
1609060507.728832722 0.000000000 0.000000000
1609060507.753116131 0.000000000 0.000000000
1609060507.778053522 0.000000000 0.000000000
1609060507.778815985 0.000000000 0.000000000
1609060507.803101063 0.000000000 0.000000000
1609060507.803843498 0.000000000 0.000000000
1609060507.853071928 0.000000000 0.000000000
1609060507.853580236 0.000000000 0.000000000
1609060507.878167629 0.000000000 0.000000000
1609060507.878624201 0.000000000 0.000000000
1609060507.903801203 0.000000000 0.000000000
1609060507.928069592 0.000000000 0.000000000
1609060507.953122377 0.000000000 0.000000000
1609060507.953827620 0.000000000 0.000000000
1609060507.978101015 0.000000000 0.000000000
1609060507.978858471 0.000000000 0.000000000
1609060508.028059483 0.000000000 0.000000000
1609060508.053109407 0.000000000 0.000000000
1609060508.053775787 0.000000000 0.000000000
1609060508.078834534 0.000000000 0.000000000
1609060508.103058338 0.000000000 0.000000000
1609060508.128060579 0.000000000 0.000000000
1609060508.128872395 0.000000000 0.000000000
1609060508.153069496 0.000000000 0.000000000
1609060508.153840780 0.000000000 0.000000000
1609060508.203052282 0.000000000 0.000000000
1609060508.228157997 0.000000000 0.000000000
1609060508.228761911 0.000000000 0.000000000
1609060508.278060436 0.000000000 0.000000000
1609060508.303048134 0.000000000 0.000000000
1609060508.303769827 0.000000000 0.000000000
1609060508.328891039 0.000000000 0.000000000
1609060508.378064156 0.000000000 0.000000000
1609060508.403188229 0.000000000 0.000000000
1609060508.403772354 0.000000000 0.000000000
1609060508.428026199 0.000000000 0.000000000
1609060508.453095675 0.000000000 0.000000000
1609060508.478054523 0.000000000 0.000000000
1609060508.478807926 0.000000000 0.000000000
1609060508.503818750 0.000000000 0.000000000
1609060508.553072691 0.000000000 0.000000000
1609060508.578226089 0.000000000 0.000000000
1609060508.578615665 0.000000000 0.000000000
1609060508.603811026 0.000000000 0.000000000
1609060508.628062725 0.000000000 0.000000000
1609060508.653069973 0.000000000 0.000000000
1609060508.653866768 0.000000000 0.000000000
1609060508.678824663 0.000000000 0.000000000
1609060508.728051186 0.000000000 0.000000000
1609060508.753132820 0.000000000 0.000000000
1609060508.753870010 0.000000000 0.000000000
1609060508.777585268 0.000000000 0.000000000
1609060508.802999973 0.000000000 0.000000000
1609060508.828070641 0.000000000 0.000000000
1609060508.828743458 0.000000000 0.000000000
1609060508.853766918 0.000000000 0.000000000
1609060508.928073645 0.000000000 0.000000000
1609060508.928731203 0.000000000 0.000000000
1609060508.952551126 0.000000000 0.000000000
1609060508.953772068 0.000000000 0.000000000
1609060508.978081703 0.000000000 0.000000000
1609060509.002996922 0.000000000 0.000000000
1609060509.003739595 0.000000000 0.000000000
1609060509.028777361 0.000000000 0.000000000
1609060509.103116274 0.000000000 0.000000000
1609060509.103771210 0.000000000 0.000000000
1609060509.127542019 0.000000000 0.000000000
1609060509.177992821 0.000000000 0.000000000
1609060509.178797007 0.000000000 0.000000000
1609060509.253056049 0.000000000 0.000000000
1609060509.278070450 0.000000000 0.000000000
1609060509.278822422 0.000000000 0.000000000
1609060509.353070974 0.000000000 0.000000000
1609060509.353759527 0.000000000 0.000000000
1609060509.453044176 0.000000000 0.000000000
1609060509.453759432 0.000000000 0.000000000
1609060509.503089428 0.000000000 0.000000000
1609060509.528018951 0.000000000 0.000000000
1609060509.528760433 0.000000000 0.000000000
1609060509.603039742 0.000000000 0.000000000
1609060509.628133535 0.000000000 0.000000000
1609060509.628531456 0.000000000 0.000000000
1609060509.653744221 0.000000000 0.000000000
1609060509.678019762 0.000000000 0.000000000
1609060509.703011513 0.000000000 0.000000000
1609060509.703770638 0.000000000 0.000000000
1609060509.728044033 0.000000000 0.000000000
1609060509.728913069 0.000000000 0.000000000
1609060509.778052330 0.000000000 0.000000000
1609060509.778830528 0.000000000 0.000000000
1609060509.803096294 0.000000000 0.000000000
1609060509.803803682 0.000000000 0.000000000
1609060509.828758001 0.000000000 0.000000000
1609060509.853020668 0.000000000 0.000000000
1609060509.878054619 0.000000000 0.000000000
1609060509.878768682 0.000000000 0.000000000
1609060509.903725863 0.000000000 0.000000000
1609060509.953023911 0.000000000 0.000000000
1609060509.953805685 0.000000000 0.000000000
1609060509.978149414 0.000000000 0.000000000
1609060509.978567600 0.000000000 0.000000000
1609060510.003279924 0.000000000 0.000000000
1609060510.028010368 0.000000000 0.000000000
1609060510.053047419 0.000000000 0.000000000
1609060510.053764582 0.000000000 0.000000000
1609060510.078762054 0.000000000 0.000000000
1609060510.127981186 0.000000000 0.000000000
1609060510.128786564 0.000000000 0.000000000
1609060510.153069496 0.000000000 0.000000000
1609060510.153874397 0.000000000 0.000000000
1609060510.178266764 0.000000000 0.000000000
1609060510.202982187 0.000000000 0.000000000
1609060510.227976322 0.000000000 0.000000000
1609060510.228725195 0.000000000 0.000000000
1609060510.253698826 0.000000000 0.000000000
1609060510.302982569 0.000000000 0.000000000
1609060510.303799868 0.000000000 0.000000000
1609060510.328013420 0.000000000 0.000000000
1609060510.328699112 0.000000000 0.000000000
1609060510.352947950 0.000000000 0.000000000
1609060510.353736401 0.000000000 0.000000000
1609060510.377995014 0.000000000 0.000000000
1609060510.402960300 0.000000000 0.000000000
1609060510.403788805 0.000000000 0.000000000
1609060510.428696632 0.000000000 0.000000000
1609060510.477940798 0.000000000 0.000000000
1609060510.478737354 0.000000000 0.000000000
1609060510.503039598 0.000000000 0.000000000
1609060510.503261805 0.000000000 0.000000000
1609060510.527989864 0.000000000 0.000000000
1609060510.528698206 0.000000000 0.000000000
1609060510.553050756 0.000000000 0.000000000
1609060510.577740908 0.000000000 0.000000000
1609060510.578691721 0.000000000 0.000000000
1609060510.603691578 0.000000000 0.000000000
1609060510.653022289 0.000000000 0.000000000
1609060510.677975893 0.000000000 0.000000000
1609060510.678657532 0.000000000 0.000000000
1609060510.702948570 0.000000000 0.000000000
1609060510.703707933 0.000000000 0.000000000
1609060510.728002310 0.000000000 0.000000000
1609060510.752942324 0.000000000 0.000000000
1609060510.753736734 0.000000000 0.000000000
1609060510.778733015 0.000000000 0.000000000
1609060510.827970505 0.000000000 0.000000000
1609060510.828731537 0.000000000 0.000000000
1609060510.853041172 0.000000000 0.000000000
1609060510.853711128 0.000000000 0.000000000
1609060510.877948284 0.000000000 0.000000000
1609060510.878655672 0.000000000 0.000000000
1609060510.903003931 0.000000000 0.000000000
1609060510.927946806 0.000000000 0.000000000
1609060510.928653479 0.000000000 0.000000000
1609060510.953697681 0.000000000 0.000000000
1609060511.003020525 0.000000000 0.000000000
1609060511.027768373 0.000000000 0.000000000
1609060511.028650284 0.000000000 0.000000000
1609060511.052931309 0.000000000 0.000000000
1609060511.053611517 0.000000000 0.000000000
1609060511.077943563 0.000000000 0.000000000
1609060511.102955580 0.000000000 0.000000000
1609060511.103663921 0.000000000 0.000000000
1609060511.128690481 0.000000000 0.000000000
1609060511.177959919 0.000000000 0.000000000
1609060511.178705692 0.000000000 0.000000000
1609060511.203024864 0.000000000 0.000000000
1609060511.203665972 0.000000000 0.000000000
1609060511.227964163 0.000000000 0.000000000
1609060511.228734493 0.000000000 0.000000000
1609060511.252981424 0.000000000 0.000000000
1609060511.277959585 0.000000000 0.000000000
1609060511.278760195 0.000000000 0.000000000
1609060511.303673506 0.000000000 0.000000000
1609060511.352972746 0.000000000 0.000000000
1609060511.378056526 0.000000000 0.000000000
1609060511.378664732 0.000000000 0.000000000
1609060511.402926207 0.000000000 0.000000000
1609060511.427971363 0.000000000 0.000000000
1609060511.453035593 0.000000000 0.000000000
1609060511.453666449 0.000000000 0.000000000
1609060511.478650570 0.000000000 0.000000000
1609060511.527961254 0.000000000 0.000000000
1609060511.553042173 0.000000000 0.000000000
1609060511.553655624 0.000000000 0.000000000
1609060511.578725815 0.000000000 0.000000000
1609060511.602938652 0.000000000 0.000000000
1609060511.627929211 0.000000000 0.000000000
1609060511.628817081 0.000000000 0.000000000
1609060511.652902603 0.000000000 0.000000000
1609060511.653702736 0.000000000 0.000000000
1609060511.702896833 0.000000000 0.000000000
1609060511.728003263 0.000000000 0.000000000
1609060511.728651762 0.000000000 0.000000000
1609060511.752900839 0.000000000 0.000000000
1609060511.753677607 0.000000000 0.000000000
1609060511.777974844 0.000000000 0.000000000
1609060511.802896023 0.000000000 0.000000000
1609060511.803658009 0.000000000 0.000000000
1609060511.828638077 0.000000000 0.000000000
1609060511.877922773 0.000000000 0.000000000
1609060511.878714323 0.000000000 0.000000000
1609060511.903020859 0.000000000 0.000000000
1609060511.903691769 0.000000000 0.000000000
1609060511.927877665 0.000000000 0.000000000
1609060511.928660154 0.000000000 0.000000000
1609060511.952901840 0.000000000 0.000000000
1609060511.977897644 0.000000000 0.000000000
1609060511.978672266 0.000000000 0.000000000
1609060512.003627539 0.000000000 0.000000000
1609060512.052932024 0.000000000 0.000000000
1609060512.053434134 0.000000000 0.000000000
1609060512.077743292 0.000000000 0.000000000
1609060512.078794956 0.000000000 0.000000000
1609060512.102985620 0.000000000 0.000000000
1609060512.103707552 0.000000000 0.000000000
1609060512.127928972 0.000000000 0.000000000
1609060512.177933455 0.000000000 0.000000000
1609060512.178759813 0.000000000 0.000000000
1609060512.227877378 0.000000000 0.000000000
1609060512.228640318 0.000000000 0.000000000
1609060512.252721786 0.000000000 0.000000000
1609060512.253689528 0.000000000 0.000000000
1609060512.302941561 0.000000000 0.000000000
1609060512.327878475 0.000000000 0.000000000
1609060512.328693867 0.000000000 0.000000000
1609060512.353664875 0.000000000 0.000000000
1609060512.402870893 0.000000000 0.000000000
1609060512.403683186 0.000000000 0.000000000
1609060512.427934885 0.000000000 0.000000000
1609060512.428654909 0.000000000 0.000000000
1609060512.452927351 0.000000000 0.000000000
1609060512.453701735 0.000000000 0.000000000
1609060512.477877378 0.000000000 0.000000000
1609060512.528623581 0.000000000 0.000000000
1609060512.577898264 0.000000000 0.000000000
1609060512.578443527 0.000000000 0.000000000
1609060512.602958202 0.000000000 0.000000000
1609060512.603723764 0.000000000 0.000000000
1609060512.627878666 0.000000000 0.000000000
1609060512.628615379 0.000000000 0.000000000
1609060512.652928352 0.000000000 0.000000000
1609060512.677910328 0.000000000 0.000000000
1609060512.678632498 0.000000000 0.000000000
1609060512.702877760 0.000000000 0.000000000
1609060512.703597069 0.000000000 0.000000000
1609060512.752891302 0.000000000 0.000000000
1609060512.778001070 0.000000000 0.000000000
1609060512.778682947 0.000000000 0.000000000
1609060512.802886248 0.000000000 0.000000000
1609060512.803181171 0.000000000 0.000000000
1609060512.827874422 0.000000000 0.000000000
1609060512.852888823 0.000000000 0.000000000
1609060512.853679419 0.000000000 0.000000000
1609060512.878629684 0.000000000 0.000000000
1609060512.927874088 0.000000000 0.000000000
1609060512.928368330 0.000000000 0.000000000
1609060512.952923536 0.000000000 0.000000000
1609060512.953634739 0.000000000 0.000000000
1609060512.977880239 0.000000000 0.000000000
1609060512.978641510 0.000000000 0.000000000
1609060513.002869844 0.000000000 0.000000000
1609060513.027854443 0.000000000 0.000000000
1609060513.028617144 0.000000000 0.000000000
1609060513.052851915 0.000000000 0.000000000
1609060513.053571939 0.000000000 0.000000000
1609060513.102883577 0.000000000 0.000000000
1609060513.103595972 0.000000000 0.000000000
1609060513.127924204 0.000000000 0.000000000
1609060513.128688335 0.000000000 0.000000000
1609060513.153646231 0.000000000 0.000000000
1609060513.177886963 0.000000000 0.000000000
1609060513.202858925 0.000000000 0.000000000
1609060513.203606606 0.000000000 0.000000000
1609060513.227846861 0.000000000 0.000000000
1609060513.228655338 0.000000000 0.000000000
1609060513.277848482 0.000000000 0.000000000
1609060513.278452158 0.000000000 0.000000000
1609060513.302990913 0.000000000 0.000000000
1609060513.303634167 0.000000000 0.000000000
1609060513.328571796 0.000000000 0.000000000
1609060513.352856874 0.000000000 0.000000000
1609060513.377851486 0.000000000 0.000000000
1609060513.378655434 0.000000000 0.000000000
1609060513.403605938 0.000000000 0.000000000
1609060513.452847719 0.000000000 0.000000000
1609060513.453620672 0.000000000 0.000000000
1609060513.477691650 0.000000000 0.000000000
1609060513.478564024 0.000000000 0.000000000
1609060513.503679037 0.000000000 0.000000000
1609060513.527841330 0.000000000 0.000000000
1609060513.552843571 0.000000000 0.000000000
1609060513.553582907 0.000000000 0.000000000
1609060513.578633070 0.000000000 0.000000000
1609060513.627818346 0.000000000 0.000000000
1609060513.628584623 0.000000000 0.000000000
1609060513.652972221 0.000000000 0.000000000
1609060513.653588772 0.000000000 0.000000000
1609060513.677835464 0.000000000 0.000000000
1609060513.678652763 0.000000000 0.000000000
1609060513.702826262 0.000000000 0.000000000
1609060513.727832317 0.000000000 0.000000000
1609060513.728669405 0.000000000 0.000000000
1609060513.752864122 0.000000000 0.000000000
1609060513.753599882 0.000000000 0.000000000
1609060513.802813292 0.000000000 0.000000000
1609060513.827937841 0.000000000 0.000000000
1609060513.828631878 0.000000000 0.000000000
1609060513.853579283 0.000000000 0.000000000
1609060513.902839899 0.000000000 0.000000000
1609060513.903666019 0.000000000 0.000000000
1609060513.928573132 0.000000000 0.000000000
1609060513.977847815 0.000000000 0.000000000
1609060514.002872467 0.000000000 0.000000000
1609060514.003616333 0.000000000 0.000000000
1609060514.027818441 0.000000000 0.000000000
1609060514.028571844 0.000000000 0.000000000
1609060514.052824020 0.000000000 0.000000000
1609060514.077820301 0.000000000 0.000000000
1609060514.078547478 0.000000000 0.000000000
1609060514.103585482 0.000000000 0.000000000
1609060514.152852058 0.000000000 0.000000000
1609060514.153527975 0.000000000 0.000000000
1609060514.177946806 0.000000000 0.000000000
1609060514.178621054 0.000000000 0.000000000
1609060514.203562498 0.000000000 0.000000000
1609060514.227806568 0.000000000 0.000000000
1609060514.252848625 0.000000000 0.000000000
1609060514.253559828 0.000000000 0.000000000
1609060514.277806282 0.000000000 0.000000000
1609060514.278620005 0.000000000 0.000000000
1609060514.327846050 0.000000000 0.000000000
1609060514.352894068 0.000000000 0.000000000
1609060514.353554487 0.000000000 0.000000000
1609060514.377842665 0.000000000 0.000000000
1609060514.378604650 0.000000000 0.000000000
1609060514.402848721 0.000000000 0.000000000
1609060514.427823067 0.000000000 0.000000000
1609060514.428520918 0.000000000 0.000000000
1609060514.452784300 0.000000000 0.000000000
1609060514.453557968 0.000000000 0.000000000
1609060514.502811432 0.000000000 0.000000000
1609060514.527605534 0.000000000 0.000000000
1609060514.528323889 0.000000000 0.000000000
1609060514.553564310 0.000000000 0.000000000
1609060514.577860117 0.000000000 0.000000000
1609060514.602798223 0.000000000 0.000000000
1609060514.603589773 0.000000000 0.000000000
1609060514.627842903 0.000000000 0.000000000
1609060514.628575325 0.000000000 0.000000000
1609060514.677835703 0.000000000 0.000000000
1609060514.702631712 0.000000000 0.000000000
1609060514.703356981 0.000000000 0.000000000
1609060514.728634119 0.000000000 0.000000000
1609060514.752804995 0.000000000 0.000000000
1609060514.777836800 0.000000000 0.000000000
1609060514.778654337 0.000000000 0.000000000
1609060514.803553820 0.000000000 0.000000000
1609060514.852783442 0.000000000 0.000000000
1609060514.877816677 0.000000000 0.000000000
1609060514.878566742 0.000000000 0.000000000
1609060514.902797461 0.000000000 0.000000000
1609060514.903598785 0.000000000 0.000000000
1609060514.927836895 0.000000000 0.000000000
1609060514.952783823 0.000000000 0.000000000
1609060514.953536987 0.000000000 0.000000000
1609060514.977807522 0.000000000 0.000000000
1609060514.978565931 0.000000000 0.000000000
1609060515.027809381 0.000000000 0.000000000
1609060515.052646875 0.000000000 0.000000000
1609060515.053514481 0.000000000 0.000000000
1609060515.078547716 0.000000000 0.000000000
1609060515.102787256 0.000000000 0.000000000
1609060515.127745390 0.000000000 0.000000000
1609060515.128568411 0.000000000 0.000000000
1609060515.152858257 0.000000000 0.000000000
1609060515.153592825 0.000000000 0.000000000
1609060515.202806711 0.000000000 0.000000000
1609060515.203626633 0.000000000 0.000000000
1609060515.227823496 0.000000000 0.000000000
1609060515.228325129 0.000000000 0.000000000
1609060515.252798557 0.000000000 0.000000000
1609060515.253545523 0.000000000 0.000000000
1609060515.277831316 0.000000000 0.000000000
1609060515.302770853 0.000000000 0.000000000
1609060515.303490400 0.000000000 0.000000000
1609060515.328541994 0.000000000 0.000000000
1609060515.377824545 0.000000000 0.000000000
1609060515.402804613 0.000000000 0.000000000
1609060515.403297901 0.000000000 0.000000000
1609060515.428508043 0.000000000 0.000000000
1609060515.452790022 0.000000000 0.000000000
1609060515.478527308 0.000000000 0.000000000
1609060515.502738953 0.000000000 0.000000000
1609060515.503499746 0.000000000 0.000000000
1609060515.552760839 0.000000000 0.000000000
1609060515.553323507 0.000000000 0.000000000
1609060515.577590942 0.000000000 0.000000000
1609060515.578388929 0.000000000 0.000000000
1609060515.603508234 0.000000000 0.000000000
1609060515.627825022 0.000000000 0.000000000
1609060515.652813673 0.000000000 0.000000000
1609060515.653501272 0.000000000 0.000000000
1609060515.678514957 0.000000000 0.000000000
1609060515.727762222 0.000000000 0.000000000
1609060515.728579998 0.000000000 0.000000000
1609060515.752742052 0.000000000 0.000000000
1609060515.753528118 0.000000000 0.000000000
1609060515.777806044 0.000000000 0.000000000
1609060515.778623343 0.000000000 0.000000000
1609060515.802755833 0.000000000 0.000000000
1609060515.827755690 0.000000000 0.000000000
1609060515.828474522 0.000000000 0.000000000
1609060515.852734327 0.000000000 0.000000000
1609060515.853508949 0.000000000 0.000000000
1609060515.902737141 0.000000000 0.000000000
1609060515.903563261 0.000000000 0.000000000
1609060515.927757740 0.000000000 0.000000000
1609060515.928523302 0.000000000 0.000000000
1609060515.953565598 0.000000000 0.000000000
1609060515.977753878 0.000000000 0.000000000
1609060516.002855301 0.000000000 0.000000000
1609060516.003474712 0.000000000 0.000000000
1609060516.027760267 0.000000000 0.000000000
1609060516.028846741 0.000000000 0.000000000
1609060516.081040382 0.000000000 0.000000000
1609060516.081177235 0.000000000 0.000000000
1609060516.102805376 0.000000000 0.000000000
1609060516.103461266 0.000000000 0.000000000
