timestamp,pose.position.x,pose.position.y,pose.position.z,pose.orientation.x,pose.orientation.y,pose.orientation.z,pose.orientation.w
1785983341.656004,0.168469970703125,-0.02777309799194336,0.09637798309326172,0.0004638775945607963,-0.00017421590409155317,-0.5036946484166738,0.8638816187164416
1785983341.656292,0.16848310852050782,-0.027756549835205077,0.09637425231933594,0.00038503277560644284,0.00012841344361704432,-0.5037090848468604,0.8638732485609222
1785983341.656584,0.16847486877441406,-0.02777512550354004,0.0963895263671875,0.0003915004718391801,9.663116434785243e-05,-0.503647979797545,0.86390888476578
1785983341.671728,0.16846505737304687,-0.0277703857421875,0.09638445281982422,0.00043041976063065696,-3.249811791829627e-05,-0.5036883984600884,0.8638852970744372
1785983341.690943,0.1684777374267578,-0.02773606491088867,0.09638925170898438,0.00039755261447515177,-1.9035081607870425e-05,-0.5037419345911361,0.8638540973745333
1785983341.710788,0.16847294616699218,-0.02776421546936035,0.09639366149902344,0.00035243012360132756,5.746612432689215e-05,-0.503764161049878,0.8638411557447344
1785983341.720702,0.16846585083007812,-0.02776359748840332,0.09638382720947265,0.0004217657916112595,8.562565552252255e-07,-0.5037265689497605,0.8638630541970582
1785983341.730985,0.1684768524169922,-0.027742668151855467,0.09638668060302734,0.00023103376100010685,-2.2084461861386783e-05,-0.50385269803578,0.8637895597957508
1785983341.750736,0.16845262145996093,-0.027784914016723634,0.09638459777832031,0.0005117857457498703,0.0001787454760986069,-0.503831172122578,0.8638019760533518
1785983341.760854,0.16845877075195312,-0.027784448623657226,0.09638618469238282,0.0005251394401907507,0.00010022015325608325,-0.5038105906359951,0.8638139867475161
1785983341.771609,0.16846633911132813,-0.027765613555908203,0.09638207244873047,0.00036649475840686485,4.789027073680669e-05,-0.5037911701793296,0.863825397830428
1785983341.790936,0.16846803283691406,-0.027757200241088867,0.09639435577392579,0.00025002153586104955,2.2030739834482527e-05,-0.5037766488887372,0.8638339107623615
1785983341.811158,0.168468017578125,-0.027761686325073243,0.09638744354248047,0.00034650544797325906,8.769652850726841e-05,-0.503822125981742,0.8638073409944708
1785983341.822201,0.16846687316894532,-0.027762815475463866,0.0963800048828125,0.000300102173706382,2.623186469505237e-05,-0.5037415023321064,0.8638543949305525
1785983341.840903,0.1684519348144531,-0.027783445358276367,0.09638511657714843,0.0007122909699762665,0.00020980024505114905,-0.5036564273343925,0.8639037145024427
1785983341.851087,0.16847914123535157,-0.02776549530029297,0.09639056396484375,0.0004896229463168296,7.638582104018078e-05,-0.5038230125459117,0.8638067674131285
1785983341.861045,0.1684796600341797,-0.027744714736938476,0.09639188385009766,0.00021380354153369174,9.619853626449977e-05,-0.5037866013858386,0.8638281147327131
1785983341.872704,0.16846929931640625,-0.02776375961303711,0.09638323974609375,0.00032239945388695326,1.4067711108561705e-05,-0.5038111724573292,0.8638137581793116
1785983341.890923,0.16845889282226562,-0.02779255485534668,0.09637882232666016,0.0006287753420550253,0.00010229689204580589,-0.5038186289416057,0.8638092256161998
1785983341.910806,0.168468994140625,-0.027778907775878905,0.09638116455078125,0.00041027064986892816,6.372689726385445e-05,-0.5037719425564834,0.8638365974504133
1785983341.920952,0.16845933532714844,-0.027774805068969725,0.09638822937011719,0.00038361772920470497,8.498312836089575e-05,-0.50376979117911,0.8638378610102838
1785983341.931220,0.16848544311523436,-0.027758007049560548,0.09639112091064453,0.00028180920290486576,1.954763005530617e-05,-0.5037990928924372,0.8638208049523707
1785983341.950717,0.1684619140625,-0.02775886154174805,0.09637478637695313,0.0004845596381148945,0.0002443658028096025,-0.5037972159557158,0.8638217752807554
1785983341.960860,0.1684778137207031,-0.027744110107421876,0.09640062713623047,0.0003965494754505033,7.285193548926218e-05,-0.5038591584286178,0.8637857300838946
1785983341.971490,0.16847142028808593,-0.027769281387329103,0.0963979263305664,0.000229170823173317,1.1000602436805194e-05,-0.5038069736575118,0.8638162249876808
1785983341.982147,0.16845755004882812,-0.027791452407836915,0.09637345886230468,0.0005798520562165726,1.4705680016059566e-05,-0.5036605141668243,0.8639014678646095
1785983342.001183,0.16846420288085937,-0.02777575874328613,0.09639369964599609,0.0004311563168049396,-3.917815738682937e-05,-0.503872164952685,0.8637781309882504
1785983342.011726,0.16847964477539062,-0.02776036834716797,0.09638378143310547,0.000403209817376554,9.980169289329812e-05,-0.5037619654941718,0.8638424063605419
1785983342.030658,0.16846873474121093,-0.027756010055541992,0.09638601684570312,0.00024898655796207344,9.391409909661377e-06,-0.5037524417198651,0.863848029796833
1785983342.040896,0.16846180725097656,-0.02776885795593262,0.09639627075195313,0.00040555443323282047,4.6690305902646186e-05,-0.5036843122152792,0.863887690370467
1785983342.051208,0.1684464111328125,-0.02776198959350586,0.09640179443359374,0.0006222772240395466,-5.3129212716219854e-05,-0.5038067202886363,0.863816186174317
1785983342.070864,0.16846844482421874,-0.027781267166137696,0.0963776092529297,0.0003563164163517317,0.00010296219566126376,-0.5037766840987139,0.8638338503872531
1785983342.080902,0.16846722412109374,-0.027769145965576173,0.09637339782714843,0.0004118541511830931,0.00011690151678258984,-0.5037050085258775,0.8638756246411341
1785983342.091782,0.16848626708984374,-0.027769582748413086,0.09637334442138672,0.0003947810431908309,0.00014836117643800343,-0.5038150837891644,0.8638114293677434
1785983342.110889,0.16845372009277343,-0.027789657592773437,0.09637096405029297,0.0007326116812552836,0.00010473924701348078,-0.5038987592662,0.8637624107399438
1785983342.120817,0.1684525146484375,-0.027779670715332033,0.09638035583496093,0.0005254524268881516,2.0825985082973886e-05,-0.5037495947223449,0.8638495693355083
1785983342.130989,0.16848228454589845,-0.027745574951171876,0.0963896255493164,0.00036644527648430693,0.00020700255082946293,-0.5038045228054086,0.863817587766906
1785983342.141144,0.16846699523925782,-0.027769351959228517,0.0963862075805664,0.0005766374112642095,0.00013628458752074806,-0.5038389447521546,0.8637974046142085
1785983342.161127,0.16846168518066407,-0.02777345657348633,0.09639036560058593,0.00037202181453718964,-6.325973087248166e-05,-0.5036756511710595,0.8638927529243665
1785983342.171100,0.16847480773925783,-0.027753950119018555,0.09639839935302734,0.0003357808265800955,0.0001237276318823991,-0.5037645778822238,0.8638409142463009
1785983342.181549,0.16847084045410157,-0.02775210952758789,0.09638697052001953,0.00015856010698420784,6.342393225136808e-05,-0.5036720629963052,0.8638949133408066
1785983342.202137,0.1684563446044922,-0.027779537200927733,0.09639411926269531,0.0005781729347468157,2.9767708666790822e-05,-0.5037798193750824,0.8638319054440037
1785983342.220878,0.16847923278808594,-0.027745153427124022,0.09639319610595704,0.0001388911765306647,1.2066929626355317e-05,-0.5037341229257016,0.8638587375118064
1785983342.241100,0.16847618103027343,-0.027771411895751955,0.09639985656738281,0.0004379849693233616,-1.840900433471094e-05,-0.5038913909471653,0.8637669090459774
1785983342.252241,0.16847117614746093,-0.027767824172973632,0.09639125823974609,0.00037017381267948036,0.00011140511921454763,-0.5037696348656627,0.8638379515725243
1785983342.271047,0.16848820495605468,-0.02776559829711914,0.0963782958984375,0.0002508951063805173,0.00010858771854771194,-0.5036434145628378,0.8639115970933885
1785983342.291156,0.1684824981689453,-0.027773038864135742,0.09637848663330079,0.00044391910771358694,0.00010796574447284531,-0.503748681312303,0.8638501299511511
1785983342.302334,0.16847471618652343,-0.0277789249420166,0.09639029693603515,0.0005169334995147448,5.876944336603087e-05,-0.5037960990785432,0.863822448041129
1785983342.320832,0.1684792022705078,-0.027757854461669923,0.09637682342529297,0.0003428784472340203,0.00012001570435490743,-0.5037282954743786,0.8638620752903059
1785983342.330896,0.16849024963378906,-0.027766973495483398,0.09639447784423828,0.00021365983901400126,0.00010421677013502546,-0.5037577490638789,0.863844933461441
1785983342.341014,0.16848028564453124,-0.02775782775878906,0.09639144134521484,0.00044775626528825973,0.0001528283056427734,-0.503832340457301,0.8638013334657261
1785983342.360888,0.16847727966308593,-0.027758737564086915,0.09640021514892579,0.000376445178699413,-0.00013721357158709654,-0.5037407089331404,0.8638548089213651
1785983342.370949,0.1684810791015625,-0.027756269454956056,0.09639859008789063,0.0002121990607723426,1.4457272215599192e-06,-0.5037994350040624,0.8638206324494325
1785983342.381064,0.16847080993652344,-0.0277746524810791,0.09638605499267579,0.0003544707737313768,2.1029214957854405e-05,-0.5037804680138466,0.8638316510054276
1785983342.402877,0.16847248840332033,-0.02779012107849121,0.09640430450439454,0.00043461332313928484,0.0001347655145455344,-0.5037163446737203,0.8638689922992673
1785983342.421419,0.16847299194335938,-0.027758195877075197,0.09639492797851562,0.00036646139277105353,3.844304181325639e-06,-0.5036851033842508,0.8638872505219642
1785983342.441122,0.16847238159179687,-0.02778532409667969,0.09640415191650391,0.00034388810552610563,0.00015600811818742953,-0.5037182199282008,0.863867935777168
1785983342.451271,0.1684894561767578,-0.027765771865844727,0.09638076019287109,0.0003230594020344455,0.0001106569639388525,-0.5036807293692858,0.8638898119895115
1785983342.471379,0.16847222900390624,-0.02777010726928711,0.09639283752441406,0.00029793609556429324,5.5673180210654634e-05,-0.5037888250472323,0.8638267864704413
1785983342.491042,0.16846931457519532,-0.027786218643188476,0.09639448547363282,0.0006346870119142208,6.106955189481358e-05,-0.5036495494072699,0.8639078196681902
1785983342.513735,0.16846263122558594,-0.027790409088134765,0.09637059783935546,0.0007592934955255073,1.3378469617318367e-05,-0.5036839650725267,0.8638876644970318
1785983342.530732,0.16847914123535157,-0.027769248962402345,0.09639508819580078,0.0004720157677112285,8.440403638714936e-06,-0.5037618566109959,0.8638424451727276
1785983342.541535,0.16846928405761719,-0.02776626205444336,0.09639786529541015,0.00034255943094595496,0.00011146314612881831,-0.5036180470478896,0.8639263530413064
1785983342.560667,0.1684640655517578,-0.02777655029296875,0.09637696075439453,0.0006388783983658867,8.914383795992315e-05,-0.5037865517679477,0.86382793360616
1785983342.571982,0.16846621704101564,-0.02778577423095703,0.09638287353515625,0.0004914857389253593,4.2685236804791497e-05,-0.503910424158859,0.8637557818416626
1785983342.592129,0.16847108459472657,-0.027768856048583986,0.09639907073974609,0.0005961344890860395,0.00011508774060194886,-0.5037434221766514,0.8638531141452196
1785983342.612402,0.16845404052734375,-0.02778466796875,0.09637425231933594,0.0005543227682151134,8.480318303978321e-05,-0.5037723554282908,0.8638362740132893
1785983342.630870,0.16846546936035156,-0.02776327133178711,0.09638090515136719,0.00048417254457048186,0.00011541137326298668,-0.5038292609660938,0.8638031232220188
1785983342.643298,0.16848428344726563,-0.027767738342285155,0.09638361358642578,0.0005720167508003798,0.00011406707261782967,-0.5036858068471011,0.8638867244283629
1785983342.660921,0.16847471618652343,-0.027756675720214844,0.09638195037841797,0.0004313167313350968,-7.53037306986707e-05,-0.503708333176021,0.8638736797919361
1785983342.671104,0.16846965026855468,-0.027758960723876954,0.0963796157836914,0.00038198480063356024,5.7594484325219264e-05,-0.5037161804778263,0.8638691259815633
1785983342.681024,0.1684736328125,-0.027760482788085936,0.09638912200927735,0.00027997973512306086,3.091210614577099e-06,-0.5037331060417234,0.8638592981214994
1785983342.691321,0.16847210693359374,-0.027774803161621092,0.09636933898925781,0.0003962302666863064,-4.4278153694381426e-05,-0.5037955895204751,0.8638228189216237
1785983342.710929,0.1684805145263672,-0.027767866134643555,0.09638671112060547,0.0003456747784113144,6.147644167840665e-05,-0.5037717089882834,0.8638367613251766
1785983342.721910,0.16848443603515625,-0.027761957168579102,0.09640347290039063,0.00020403641465487199,-7.102950960376411e-05,-0.5038212171376784,0.863807923200707
1785983342.740973,0.16845289611816405,-0.027777585983276367,0.09640180969238281,0.0004945861720566915,-6.703757437395087e-06,-0.503813262876593,0.863812451458038
1785983342.753491,0.1684441680908203,-0.02778968811035156,0.09639531707763672,0.0007859092903148019,-1.3893669982607202e-05,-0.503772521415923,0.86383598938852
1785983342.771001,0.16848446655273439,-0.027772335052490233,0.09639010620117187,0.00020467871003474505,-5.5551856867523574e-05,-0.5036833859806841,0.8638883027082058
1785983342.781961,0.16846548461914063,-0.027764692306518554,0.0963817138671875,0.00045054929727575237,0.00011841655276574355,-0.5038058481273956,0.8638167942501502
1785983342.800998,0.16846733093261718,-0.027768989562988282,0.096399169921875,0.0005061946881403413,0.0001628333736740309,-0.503758720682881,0.8638442434687551
1785983342.811590,0.16847537231445311,-0.027758146286010744,0.09638880157470703,0.0002652719278660541,0.00010576332563030085,-0.5038026933083635,0.8638187133519232
1785983342.825406,0.1684737548828125,-0.027749778747558594,0.0963903579711914,0.00038909373962356955,0.00013091256576850055,-0.5037535739610435,0.8638473009946545
1785983342.842847,0.1685010986328125,-0.027738550186157226,0.09639046478271485,0.00025929198523838456,1.0123497990631133e-05,-0.5037403136889393,0.8638551021647374
1785983342.853388,0.16848040771484374,-0.02774671173095703,0.0963945083618164,0.00040701840720104007,0.00012689230811911692,-0.5036851037348997,0.8638872203362744
1785983342.871259,0.1684723663330078,-0.027753040313720702,0.09638733673095704,0.00044950214825973604,9.78707769559426e-05,-0.5038903288914058,0.8637675171565008
1785983342.890875,0.16848843383789064,-0.027747537612915037,0.09638558959960937,0.0004507374610946532,0.00016482698704377107,-0.5037615044585665,0.8638426349211662
1785983342.901499,0.16848330688476562,-0.027751951217651366,0.09638660430908202,0.0003973207248499431,5.0077063598048345e-05,-0.5036556578471754,0.8639044130719409
1785983342.911416,0.16848553466796876,-0.027747304916381835,0.09639187622070312,0.00020100886142493767,0.00018813803700679777,-0.5038340913477666,0.8638004019284533
1785983342.932507,0.16846067810058593,-0.027754182815551757,0.09640135955810547,0.00046842846999257086,1.4485399153660336e-05,-0.5038244938769967,0.8638059135093719
1785983342.950562,0.16847445678710937,-0.027782896041870116,0.09638444519042969,0.0005061322082119536,5.6220013205970775e-05,-0.5038356808705965,0.8637993625731809
1785983342.960590,0.16849534606933594,-0.02775477409362793,0.09638977813720703,0.0003159544334392753,0.00023475703658115354,-0.503589562349955,0.863942937011599
1785983342.970804,0.16846818542480468,-0.027765085220336914,0.0964030532836914,0.00040631022123741213,0.00017399213638753824,-0.5038965927115557,0.8637638771126529
1785983342.981488,0.1684594268798828,-0.027752647399902342,0.09640553283691407,0.00010268761105541566,2.060824410898721e-05,-0.5041675842351723,0.8636058309381947
1785983343.001634,0.16847938537597656,-0.027756929397583008,0.09639936828613281,0.00041678829568603205,2.989835169449081e-05,-0.5034963226464233,0.8639972703535177
1785983343.021086,0.16848512268066407,-0.027763471603393555,0.09639595031738281,0.0004074493471516091,0.00017196425616410982,-0.5036959332760591,0.863880894254873
1785983343.031853,0.16846868896484374,-0.02777220344543457,0.0963968505859375,0.0004907116946050314,-4.522203060775052e-05,-0.5039722324917437,0.8637197166384187
1785983343.053319,0.16847796630859374,-0.027751182556152342,0.09640066528320312,0.00027314420558476846,0.00011721323525039131,-0.5036996042665106,0.8638788286736128
1785983343.072314,0.16849169921875,-0.027756919860839845,0.09638317108154297,0.0003486649582649326,2.8200736551885277e-05,-0.5038227437412633,0.8638069916705408
1785983343.092015,0.16846449279785156,-0.027755201339721678,0.09639899444580079,0.0004784682146148261,0.00020550342656305484,-0.5039348214089197,0.8637415232842799
1785983343.103096,0.16847459411621094,-0.027737798690795897,0.09641541290283204,0.0003420755753678431,0.00015099705280628315,-0.5037465544545772,0.8638514107409085
1785983343.115381,0.1684675750732422,-0.027751884460449218,0.09641087341308593,0.00021807906715049126,6.491160051671703e-05,-0.503573423414596,0.8639523974074366
1785983343.131293,0.16847720336914063,-0.027764043807983398,0.09638041687011718,0.00038864897686536926,0.00010676301239862627,-0.5038496091005308,0.8637913064492364
1785983343.141657,0.16849163818359375,-0.02773708152770996,0.0963871841430664,0.0002972910406731274,0.0002470601209100706,-0.5038635458993743,0.863783176933224
1785983343.152005,0.16846437072753906,-0.027760414123535155,0.09639268493652343,0.00033389669662590825,0.00012252074279771766,-0.503766205684691,0.8638399568768468
1785983343.170771,0.16845733642578126,-0.027741178512573243,0.09642277526855468,0.0002956777464242448,-0.00016568647027637366,-0.5037109453453688,0.8638721877317118
1785983343.180883,0.16848826599121094,-0.027740140914916993,0.09639892578125,0.00028044173115238,0.00014455358904545232,-0.5037715648944292,0.8638368605125183
1785983343.191048,0.16848236083984375,-0.027766347885131836,0.09637560272216797,0.0004109861200204699,0.0001403610564647345,-0.5038530265145013,0.8637892924065104
1785983343.201124,0.16848873901367187,-0.027745170593261717,0.09638117980957031,0.00024464422908462705,0.0002087255613142311,-0.5037772421645388,0.8638335441991385
1785983343.211211,0.1684839630126953,-0.027752552032470703,0.09640521240234375,0.00017463644199370155,-1.870438868123936e-06,-0.5037985937484188,0.8638211283952867
1785983343.221218,0.1684754180908203,-0.027748523712158205,0.09642314910888672,0.00023832794477838596,-2.6223972999341043e-05,-0.5037182292818199,0.8638679789005443
1785983343.231331,0.16846905517578126,-0.0277414493560791,0.0964027099609375,0.0004028761983648562,0.00015579217217488871,-0.5038220666839205,0.8638073539323914
1785983343.242010,0.16848309326171876,-0.02776647186279297,0.09639201354980469,0.0005312287147349083,0.00015224457926540228,-0.5037708120539259,0.8638371753244402
1785983343.260823,0.1684902038574219,-0.027745162963867188,0.09638118743896484,0.00013177547173421337,-5.1856048035015675e-05,-0.5037710111539646,0.863837218449352
1785983343.271115,0.16849481201171876,-0.027728361129760744,0.09639759826660156,0.00010266343911719614,0.00018478730544124695,-0.5038701562737111,0.8637793860080876
1785983343.281754,0.16844664001464843,-0.027752464294433593,0.09641581726074219,0.0004916966542716875,1.7610699777754127e-05,-0.5038404228889881,0.8637966153916056
1785983343.301014,0.16848757934570313,-0.02777143096923828,0.09636661529541016,0.00031424002374017164,-3.924524668980889e-05,-0.5036578555530705,0.8639031582337345
1785983343.310895,0.16850772094726563,-0.027739023208618162,0.09638059234619141,-3.906497035674382e-06,0.00015343563367167538,-0.5037643191681186,0.8638411212449623
1785983343.322745,0.16849317932128907,-0.027747455596923827,0.09637742614746093,0.00036208789359735115,0.00015316004637832827,-0.503934758500783,0.8637416311084949
1785983343.340729,0.16845494079589843,-0.027757505416870117,0.09640189361572266,0.000612629296362664,1.4181444281741183e-05,-0.5037621455024567,0.8638421864247897
1785983343.351654,0.16847471618652343,-0.02773262023925781,0.09640214538574218,0.0003732081984309678,0.00013176054917130863,-0.5036731753222099,0.8638941888903868
1785983343.371776,0.16848143005371094,-0.027751110076904298,0.09637787628173829,0.0003864867112976077,0.00013274153237436169,-0.5038347694903798,0.8637999490974718
1785983343.391049,0.16845986938476562,-0.02774256896972656,0.09640364074707031,0.00037286815100198847,3.97434699231434e-05,-0.5038483929386386,0.8637920309859421
1785983343.411624,0.16847418212890625,-0.027753196716308593,0.09640204620361328,0.00043041505549860416,9.789204135782609e-05,-0.5038185232968797,0.8638094067466757
1785983343.421588,0.16846607971191407,-0.027772192001342774,0.09638433074951172,0.0003304624964784311,0.00014292572839964072,-0.5039019009045128,0.8637608106657061
1785983343.440875,0.16848002624511718,-0.027756223678588866,0.09639170074462891,0.00035209148723914916,0.00016667129285868754,-0.5038222301993122,0.8638072806175053
1785983343.450847,0.1684805450439453,-0.02775996971130371,0.09640190887451172,0.00033745498211305543,5.584917978866412e-05,-0.5036400708407576,0.8639135159845659
1785983343.465122,0.1684665069580078,-0.027769315719604493,0.0964090805053711,0.0006094280592903355,-1.5088030809228992e-05,-0.5038621949358254,0.8637838367853874
1785983343.481477,0.16847315979003907,-0.02777305221557617,0.09637148284912109,0.00033101647034532053,-2.7553533647950054e-05,-0.503737907292778,0.8638564778198166
1785983343.500968,0.16848664855957032,-0.027760879516601562,0.09639373779296875,0.00029667870428876113,7.665473301399938e-05,-0.5037701778358278,0.8638376712607966
1785983343.520947,0.16851986694335938,-0.027802169799804686,0.09640892028808594,0.000363527712745411,0.00043777549674002455,-0.5034974719912293,0.8639965114953557
1785983343.531691,0.1685072784423828,-0.0277987060546875,0.09639811706542968,0.00020699175040892295,0.00032658213286269183,-0.5035696511328113,0.8639545490509181
1785983343.552315,0.16850337219238282,-0.027797399520874025,0.09639767456054688,0.0005110361104176005,0.00035465962811935097,-0.5037075430338837,0.8638740290888995
1785983343.573478,0.16847882080078125,-0.02778696823120117,0.09638795471191407,0.00031879919859318,0.00020649993834374165,-0.5038036714819588,0.8638181009648543
1785983343.591038,0.1684735565185547,-0.027769088745117188,0.09639541625976562,0.00046153509878751236,0.00017382835539913325,-0.5038442222782152,0.8637943900387438
1785983343.601475,0.16845713806152343,-0.027765687942504884,0.09639661407470704,0.0004960099911776747,0.0001404672641876895,-0.5037904514640346,0.8638257428343664
1785983343.621021,0.1684788818359375,-0.027749706268310546,0.09637638092041016,0.00019680567687576145,3.587977762637497e-05,-0.5037591483153041,0.8638441313448916
1785983343.631689,0.16847019958496093,-0.02775347900390625,0.09637557220458984,0.000380807755231927,0.00018568977091025076,-0.5037159896789167,0.8638692165405263
1785983343.651077,0.1684752197265625,-0.027742319107055664,0.09640381622314453,0.00025697243514138544,-0.00016390011580412185,-0.5038325801665445,0.8638012774010112
1785983343.661105,0.16847750854492188,-0.0277464485168457,0.09638958740234375,0.00032523146284999226,0.00021404314241594156,-0.5037628609654354,0.8638419061144361
1785983343.672242,0.16845722961425783,-0.027775453567504882,0.09637245941162109,0.0005556984355949418,0.00010749841519010092,-0.5038549506807861,0.8637880934666406
1785983343.691082,0.1684746856689453,-0.02775673484802246,0.09639408874511719,0.0003347928321811561,0.00019702844487077563,-0.5038489068597419,0.863791711844849
1785983343.701112,0.16847413635253905,-0.02773854637145996,0.09640262603759765,0.0002436476113341968,-0.00020279458677506458,-0.5037133890052797,0.8638707776030619
1785983343.711626,0.16846810913085938,-0.02774164390563965,0.09641706085205078,0.00018708068445744708,5.284861382203204e-05,-0.5037179511790487,0.8638681600187013
1785983343.730899,0.1684744873046875,-0.027776325225830078,0.09638434600830079,0.00043191056664932217,0.00012439294288359108,-0.5038827148457421,0.8637719636821407
1785983343.740865,0.16849880981445312,-0.027758562088012695,0.09639478302001953,0.00018359909668031005,5.62863228433336e-06,-0.5038590333618015,0.8637858853428135
1785983343.750988,0.1684817657470703,-0.027787649154663085,0.09639701080322266,0.0004251837820445403,-0.00013426440738230862,-0.5037814810070473,0.8638310084398765
1785983343.761060,0.16847467041015626,-0.0277664852142334,0.09641553497314453,0.0002679806146918693,-7.11351923523502e-05,-0.5038669601548875,0.8637812275631044
1785983343.775622,0.16847401428222655,-0.027758018493652344,0.09640170288085938,0.0003353289733164061,3.274624384308273e-05,-0.5037732002598065,0.8638358902010784
1785983343.791250,0.16846176147460937,-0.027776613235473632,0.09638154602050782,0.0004819172393356174,3.408808250709909e-05,-0.5038969255290431,0.8637636614697636
1785983343.802382,0.16846055603027343,-0.027801322937011718,0.0963697738647461,0.0005633533914627519,6.731216249016434e-05,-0.5037398763596884,0.8638552013499732
1785983343.821997,0.16845982360839845,-0.02772689437866211,0.09641941070556641,2.8669002143251796e-05,-6.070408199227358e-05,-0.5038536978549475,0.8637889991407967
1785983343.841010,0.1684729766845703,-0.027756561279296876,0.09640143585205078,0.00032103189068225933,-4.868525665373389e-05,-0.5037486209579775,0.8638502334493838
1785983343.851141,0.1684851837158203,-0.02775410270690918,0.09638610076904297,0.00021345071580920015,0.00011326844868426974,-0.5038024475076135,0.863818868604914
1785983343.861008,0.16848419189453126,-0.027747417449951173,0.09638319396972657,0.0001229521909174143,-7.874336084240537e-06,-0.5038207503178682,0.8638082207726318
1785983343.871545,0.16847645568847655,-0.027728729248046875,0.09640380859375,0.0002224227692184977,-2.7104996993232224e-05,-0.5037832317638563,0.8638300769346047
1785983343.891008,0.16847256469726563,-0.027724950790405274,0.09641120147705078,0.00033665221807276655,-0.00023957543351559545,-0.5038045228054086,0.863817587766906
1785983343.911611,0.1684822998046875,-0.02773830223083496,0.09636470031738281,0.0002483945356589761,0.00012762773280529117,-0.5038054700865273,0.8638170875064275
1785983343.930717,0.16847003173828126,-0.027763042449951172,0.09640826416015626,0.0001367825375731929,-1.772669901404859e-05,-0.5038239961554495,0.8638063232107746
1785983343.940597,0.16847523498535155,-0.027734708786010743,0.09640828704833984,0.0001630789522707632,-9.598815814657382e-05,-0.5037511513648107,0.8638487930978637
1785983343.950705,0.16847512817382812,-0.02772224235534668,0.09640975189208985,0.00024447968700867096,1.2135415818488428e-05,-0.5036566620407638,0.8639038740523162
1785983343.960878,0.1684853973388672,-0.027736120223999024,0.09639423370361327,0.00024309443391897786,0.00010294513581394635,-0.5037554813083631,0.8638462487584717
1785983343.971851,0.16849009704589843,-0.027754953384399414,0.09638277435302735,0.00017801919496269846,0.00019749152614650264,-0.5038765219638932,0.8637756597582922
1785983343.982805,0.16848432922363282,-0.02776505470275879,0.09639822387695313,0.0003277630548484194,-2.588416243680626e-05,-0.5038090881455306,0.8638149657087641
1785983344.002131,0.16849461364746093,-0.027722362518310548,0.09641584014892578,5.1729385240166094e-05,8.345703871246226e-05,-0.5038184004017041,0.8638095878771137
1785983344.020713,0.168478271484375,-0.027773860931396485,0.09638782501220704,0.00020919013034397815,0.00014547028956741567,-0.5038981701742957,0.86376303610508
1785983344.030892,0.16848255920410157,-0.027768449783325197,0.0963814926147461,0.00032100015478258166,0.00012508472471905202,-0.5038434273257218,0.8637949248139858
1785983344.041200,0.16849093627929687,-0.027730037689208984,0.09639301300048828,0.000249405765358569,0.0001615922482472597,-0.5037825719969231,0.8638304391867742
1785983344.051169,0.16847682189941407,-0.027750232696533202,0.09640872192382813,0.00037194962281334685,9.338202317380368e-05,-0.5037365379106319,0.863857258362947
1785983344.061339,0.1684795379638672,-0.027761886596679688,0.09640611267089844,0.00036952588921376176,1.5370854639017786e-05,-0.5037692130001182,0.8638382016967585
1785983344.072211,0.16847633361816405,-0.02776702880859375,0.09640969848632812,0.0002819719772834386,8.252098152979082e-05,-0.5037373737009226,0.8638568012493761
1785983344.083498,0.16849395751953125,-0.027765148162841796,0.09638317108154297,0.00023244773432012033,0.0001482188454258528,-0.503884952505076,0.8637707302156347
1785983344.101181,0.16845677185058594,-0.027782367706298827,0.09639366912841797,0.00022148016961869536,3.670400606127178e-05,-0.5037439137711759,0.8638530106473319
1785983344.111714,0.16846417236328126,-0.027760021209716795,0.09639724731445312,0.0004565371799426581,0.0003672774280159513,-0.5038514319076707,0.8637901333885195
1785983344.130927,0.16847993469238282,-0.027728715896606446,0.09639274597167968,0.0001636664896040556,6.0396697737398473e-05,-0.5038786237480801,0.8637744521738911
1785983344.141101,0.1684697265625,-0.027745119094848635,0.09639403533935546,0.0001378199316371331,2.9571045928822267e-05,-0.503789149548021,0.8638266441565053
1785983344.151499,0.16847128295898436,-0.027768796920776367,0.09640056610107423,0.00042003977810741393,7.616733007320108e-05,-0.5037717416827252,0.8638367052627611
1785983344.171329,0.16847491455078126,-0.027715314865112306,0.09641322326660157,7.75446186571097e-05,6.269213258736043e-05,-0.503726560348229,0.8638631576937426
1785983344.182316,0.1684730224609375,-0.027737220764160155,0.09640143585205078,0.00021082076238276655,0.0001320225741611238,-0.5038077825824343,0.8638157549146013
1785983344.201374,0.16845762634277345,-0.027765869140625,0.09637977600097657,0.000502848284078791,8.035625946411385e-05,-0.5037265969627276,0.8638629765745369
1785983344.211522,0.1684863739013672,-0.0277208251953125,0.09638410186767578,0.00013441649966707401,-6.566262376066883e-07,-0.5037591134615209,0.8638441615320871
1785983344.222035,0.16849165344238282,-0.027696760177612304,0.09641740417480468,0.0001157327852541513,8.940918183180055e-05,-0.5037781200517559,0.8638330741354835
1785983344.240972,0.16845393371582032,-0.02773396110534668,0.0964061508178711,0.0003155960399217211,8.644102753850747e-06,-0.5038720948697548,0.8637782215567532
1785983344.251197,0.16847225952148437,-0.027704320907592773,0.09641350555419922,3.5092877289989876e-05,-0.00015302499980311124,-0.5038431883388794,0.8637951275109669
1785983344.271019,0.16846714782714844,-0.027697420120239256,0.09643327331542968,8.827442321219316e-05,-0.0001784250484080431,-0.5038349100115351,0.8637999447847946
1785983344.281056,0.1684654998779297,-0.027694520950317384,0.09643710327148437,-4.820334671511862e-05,-0.00013898951623279737,-0.50378776496601,0.8638274506018325
1785983344.293141,0.16847125244140626,-0.02769325828552246,0.09640646362304688,5.4742013426709335e-05,-9.08383602711298e-05,-0.5038147650391237,0.8638117096879867
1785983344.311635,0.1684969482421875,-0.027673358917236327,0.09640532684326172,5.252181405038435e-05,2.478335286325782e-05,-0.5037811198784022,0.863831331878972
1785983344.330887,0.16846409606933593,-0.027700529098510743,0.09640541076660156,-0.00023077214578675758,-0.00015363443498164872,-0.5037819118754274,0.863830831626453
1785983344.340718,0.16846940612792968,-0.02768043899536133,0.09640090942382812,1.7844120431063539e-06,-0.0002998295002180273,-0.5036878049195543,0.8638856938014446
1785983344.351402,0.16848426818847656,-0.027642618179321288,0.09640774536132812,-0.00021364660935018599,-0.00032523075411488775,-0.5037317345080935,0.8638600527878194
1785983344.371545,0.16846931457519532,-0.027698143005371094,0.09639890289306641,3.1813542271608465e-05,-0.00033699773683805147,-0.5036611328874422,0.863901235007379
1785983344.391184,0.1684781036376953,-0.027639184951782227,0.09642407989501953,-0.0004336072266330834,-0.00036899772255469433,-0.5038639293720465,0.8637828448505721
1785983344.402496,0.16846754455566407,-0.027626869201660156,0.09642361450195312,-0.0001263542402489591,-0.00031914301813110434,-0.5038820219120878,0.8637724122149789
1785983344.422524,0.16846722412109374,-0.02763282775878906,0.09641475677490234,-0.00030886195893065,-0.00036295491353038455,-0.5038684203831417,0.8637802916913734
1785983344.441437,0.16849172973632812,-0.027561927795410158,0.09644017028808594,-0.0006371597798195643,-0.0004342741701742255,-0.5037693649602004,0.863837852385308
1785983344.462059,0.16846540832519533,-0.027597562789916992,0.09643711853027344,-0.00030299356872800213,-0.0005858354833380494,-0.5037113394614933,0.8638717780615461
1785983344.481216,0.1684755401611328,-0.02755058288574219,0.09644483184814454,-0.0008535740698900488,-0.000718551260144493,-0.5038300842580276,0.8638020666193545
1785983344.491209,0.16848304748535156,-0.02754268264770508,0.09644701385498047,-0.0006660277671241752,-0.000621008257019628,-0.503823160581375,0.8638063361487104
1785983344.513228,0.1684706573486328,-0.027543367385864256,0.09644319152832032,-0.0006793792023243964,-0.00044521621502508163,-0.503806022391979,0.8638164363048534
1785983344.530941,0.16848381042480468,-0.027512409210205077,0.09645052337646484,-0.000766929580255957,-0.0008246129798722822,-0.5038703162052557,0.8637785795178861
1785983344.550885,0.16846919250488282,-0.027510231018066406,0.09645642852783202,-0.0008508821805597939,-0.0006981514981937864,-0.5038492640690662,0.8637908924279888
1785983344.561125,0.1684737548828125,-0.0274676513671875,0.09645098876953125,-0.000977396169038096,-0.0007867977966181553,-0.5037732971539739,0.8638349845760845
1785983344.571186,0.1684817352294922,-0.027445579528808595,0.09646830749511719,-0.001206973209545392,-0.0010447954537273851,-0.5037165789786724,0.863867495918607
1785983344.591161,0.1684629364013672,-0.027431636810302733,0.09647821044921875,-0.0010495576094427014,-0.001046422776090759,-0.5037239751403642,0.863863390561237
1785983344.611963,0.1684918212890625,-0.027361066818237304,0.09648841857910156,-0.001550203854866233,-0.001095156589121462,-0.5037370603082013,0.863854942605856
1785983344.630892,0.16849891662597657,-0.027313375473022462,0.09649325561523438,-0.0018774393916368606,-0.001166421694874741,-0.5038257741351055,0.8638024763225819
1785983344.640953,0.16849163818359375,-0.027300683975219727,0.09649079132080078,-0.0018776643319284995,-0.0010851964344195857,-0.5038288227218152,0.8638007986944516
1785983344.651316,0.1685072021484375,-0.02726681709289551,0.09649778747558593,-0.002062649902424238,-0.0013159366484369471,-0.5038696243614079,0.8637762462986778
1785983344.661153,0.16852140808105467,-0.027212913513183595,0.09652149200439453,-0.002483190720921044,-0.00132003303305115,-0.503863798150999,0.8637785450156147
1785983344.671362,0.16851211547851563,-0.027197912216186525,0.09651248931884765,-0.0023857129003752304,-0.0012941197813043125,-0.5037263549464059,0.8638590135043162
1785983344.692491,0.16852613830566407,-0.02712318229675293,0.09651547241210938,-0.0029506010475408907,-0.0015864401236771076,-0.5037304949119692,0.8638543690561201
1785983344.710912,0.16855462646484376,-0.02699547004699707,0.09655809020996094,-0.0036836641072640263,-0.0018625894008234215,-0.5037021930126598,0.863867495918607
1785983344.722169,0.1685603790283203,-0.026942625045776367,0.09656436157226563,-0.0035967346165147606,-0.0019278708739893288,-0.5038576423487332,0.8637770614166407
1785983344.741114,0.16859033203125,-0.026811113357543947,0.09655736541748047,-0.004662338759813837,-0.002269458165032491,-0.5038354925075801,0.8637840696742658
1785983344.761080,0.16862892150878905,-0.026653316497802733,0.09662031555175782,-0.005406500225133438,-0.002321363319218328,-0.5038493415407203,0.8637715065234313
1785983344.772392,0.1686334228515625,-0.026584787368774412,0.09663004302978516,-0.005567652373177468,-0.0024038935074592533,-0.5039266455762883,0.8637251683514987
1785983344.791441,0.16865975952148438,-0.026459295272827147,0.0966546859741211,-0.006323765000143775,-0.00279231638973235,-0.5039962376396026,0.863678193640747
1785983344.811383,0.1686990966796875,-0.026299144744873045,0.09668949890136719,-0.007207196929385267,-0.0032282161247109177,-0.5038630941377178,0.8637474277184769
1785983344.821851,0.16869117736816405,-0.026243345260620117,0.09670479583740234,-0.007356927744557555,-0.003449095130846644,-0.5038817829596601,0.8637344068563342
1785983344.832822,0.16872325134277344,-0.026121057510375977,0.09673976135253906,-0.008070168097680781,-0.0035927602461094297,-0.5038902802492597,0.8637225028821559
1785983344.851532,0.1687742614746094,-0.02595063591003418,0.09681008911132813,-0.009148247542773184,-0.0039045613755021276,-0.503918565027893,0.8636938938558709
1785983344.861458,0.16878701782226563,-0.025872005462646484,0.09681755828857422,-0.00941148830441235,-0.004120764743445737,-0.5039575543739917,0.8636673154671758
1785983344.881216,0.16884712219238282,-0.025624942779541016,0.09689136505126954,-0.010611266944381817,-0.004364446029619313,-0.5040101918961686,0.8636214936467231
1785983344.891387,0.1688958740234375,-0.02550760841369629,0.09690016174316406,-0.01130036976497212,-0.0043685534005720806,-0.5040671229470977,0.8635795000383497
1785983344.911446,0.16899966430664062,-0.0252625732421875,0.09697779083251953,-0.012003490011954722,-0.0041792242979859714,-0.5044918500469384,0.8633228956508123
1785983344.922751,0.16901040649414062,-0.02513637161254883,0.09701143646240235,-0.012474943274192858,-0.004282951160324611,-0.5043899909823047,0.8633752271152925
1785983344.941528,0.1690438690185547,-0.024838050842285155,0.09706278991699219,-0.01359660303670451,-0.005080448576789223,-0.5045449398151288,0.8632634191268248
1785983344.953955,0.169116455078125,-0.024702381134033204,0.097140869140625,-0.014905523518694992,-0.005357858958043133,-0.5039569445226284,0.8635835290976569
1785983344.971319,0.1692454833984375,-0.024186800003051758,0.09714559173583984,-0.01576220861419968,-0.005770900298948854,-0.5060036341484258,0.8623680013739501
1785983344.981456,0.169315185546875,-0.02391201591491699,0.09719099426269531,-0.016475008972266978,-0.0060508279862229826,-0.5068464688679121,0.8618576515421331
1785983344.992049,0.16935195922851562,-0.02370100212097168,0.09726255035400391,-0.017199306801604888,-0.006531193657989088,-0.5071045089623468,0.8616882012728863
1785983345.002542,0.16936053466796874,-0.023490850448608398,0.09729182434082032,-0.018788230331627697,-0.006795936611249038,-0.5068158734949835,0.8618227690983243
1785983345.021188,0.1693028106689453,-0.023240453720092775,0.09741641998291016,-0.02139447292843153,-0.0075077940102183,-0.50489361165509,0.8628837438389304
1785983345.032424,0.169329833984375,-0.023045623779296875,0.09751153564453124,-0.021824570937384425,-0.0076964505773967455,-0.5050690409508565,0.8627686337901919
1785983345.042413,0.16926649475097658,-0.02296935272216797,0.09757080078125,-0.02104012425299902,-0.008082195762442061,-0.505181386322859,0.8627188218385108
1785983345.062464,0.16919609069824218,-0.022617223739624024,0.09758639526367187,-0.020228684385969024,-0.008904984167671723,-0.5053936850547779,0.8626057713724047
1785983345.072917,0.16911993408203124,-0.02238720703125,0.09758900451660156,-0.02015974633631587,-0.009698752315708662,-0.5051899379486525,0.8627181698079379
1785983345.091327,0.16874208068847657,-0.022163188934326172,0.09755351257324218,-0.01731236249665864,-0.011212976383339845,-0.5046907132574241,0.8630537881278213
1785983345.101236,0.16886758422851564,-0.021509187698364258,0.09778369140625,-0.02136568667705401,-0.011570284639898343,-0.5045307019192031,0.8630517982624953
1785983345.122818,0.16868061828613282,-0.020657100677490235,0.09796131134033204,-0.02255330576415892,-0.013129221006591384,-0.5037558902636385,0.8634517768800604
1785983345.142091,0.16852609252929687,-0.019722246170043947,0.09823514556884766,-0.024368159947112365,-0.016805984289620095,-0.5034500403867908,0.8635171162405954
1785983345.161937,0.1681673583984375,-0.018243282318115235,0.09835453033447265,-0.024806839336779817,-0.017668296915358355,-0.5033498039099591,0.8635458519139734
1785983345.181532,0.16782318115234374,-0.016395511627197264,0.09859811401367187,-0.025536189277601984,-0.01801144417765887,-0.5032485818040248,0.8635764976436022
1785983345.200980,0.167537353515625,-0.014242636680603027,0.09901943206787109,-0.025674710377794674,-0.01719595196290398,-0.5037246623826476,0.8633113959386918
1785983345.211442,0.16735501098632813,-0.013002028465270996,0.09929074096679688,-0.02497775934036892,-0.017535091584946066,-0.5040691847615155,0.8631239096063553
1785983345.221860,0.1671728057861328,-0.011611579895019531,0.09967089080810547,-0.02582832598846373,-0.01687354524101574,-0.504433412661054,0.862899246967114
1785983345.244036,0.166964111328125,-0.008570744514465331,0.10063043212890625,-0.026664611308320752,-0.016850175374012656,-0.5050145397307185,0.8625342818371687
1785983345.263442,0.16659710693359375,-0.0052024564743041995,0.10188539123535156,-0.02740072033399015,-0.01674298010639286,-0.505386981585863,0.8622951226227776
1785983345.282318,0.16635899353027345,-0.0013850505352020264,0.10354074096679687,-0.028163591030348403,-0.014823013725620497,-0.5065224408909608,0.8616391958829612
1785983345.301683,0.16627166748046876,0.0031744940280914306,0.10553476715087891,-0.026465287384486436,-0.010451435042909657,-0.5109202609342559,0.8591570534470471
1785983345.321887,0.1655676727294922,0.007169132232666016,0.10742752075195312,-0.03203307756675621,-0.01407637421703751,-0.5059287241538745,0.8618653324060793
1785983345.340807,0.16512924194335937,0.011902616500854493,0.10969242095947265,-0.03356757855713743,-0.014805607541580607,-0.5047953783466497,0.8624590630767729
1785983345.352120,0.16504043579101563,0.014548982620239258,0.11096802520751953,-0.03398996343348645,-0.013180883147129233,-0.5063250647189649,0.8615717424416515
1785983345.370972,0.16474934387207033,0.01945187759399414,0.11369331359863281,-0.03208197798480547,-0.011656308134854724,-0.5060996217142137,0.8617993058623473
1785983345.381152,0.1647340545654297,0.0224146671295166,0.11504843139648438,-0.034012613004959946,-0.011397161210181117,-0.5058102592882237,0.8618986182403465
1785983345.391109,0.1646881866455078,0.025315662384033204,0.11643610382080079,-0.034281634188704876,-0.01121558452661683,-0.5059316139915435,0.8618191165179032
1785983345.402172,0.16464532470703125,0.028363243103027343,0.11795513916015625,-0.034546657562571484,-0.010332417951034205,-0.5064340223268816,0.8615244341117856
1785983345.422613,0.1645028076171875,0.034486328125,0.12089352416992187,-0.03335154520888378,-0.00968813354777059,-0.5060731443210974,0.8617910408415269
1785983345.442125,0.1647647705078125,0.04110273742675781,0.12405172729492188,-0.03430927812595751,-0.006854828605430724,-0.5056918796054061,0.8620044103346978
1785983345.464579,0.1650701904296875,0.04805252456665039,0.1272211151123047,-0.03355948510498559,-0.005080966063774811,-0.5057706832732194,0.8619999719780721
1785983345.481133,0.1654752197265625,0.05541140365600586,0.1305214385986328,-0.03138843911655575,-0.002203835893426181,-0.5063570055666133,0.861749671319003
1785983345.491523,0.16569610595703124,0.059211090087890626,0.1322491912841797,-0.030853890964486003,-0.0015026810471137836,-0.5065155501400419,0.8616773066234238
1785983345.501628,0.16601054382324218,0.0630943489074707,0.13398686218261718,-0.02991394398493835,-0.00042251547050597206,-0.5066839160112222,0.8616126665267249
1785983345.511649,0.16623362731933594,0.06702523040771484,0.13576377868652345,-0.0281291038861494,0.0008796525343792269,-0.5069360868791106,0.8615241011584798
1785983345.531403,0.16682901000976563,0.07514236450195312,0.13927296447753906,-0.024676945556386946,0.0034432495686270506,-0.507391275938808,0.8613554935042981
1785983345.551359,0.16754122924804687,0.08353714752197265,0.14303054809570312,-0.020990385831286804,0.006072847787804751,-0.5078225975539189,0.861184499620897
1785983345.561853,0.1679251251220703,0.08783756256103516,0.14495286560058593,-0.019340636351819904,0.007073791950834555,-0.5078717210700125,0.8611865240811738
1785983345.573335,0.16832423400878907,0.092158447265625,0.14698225402832032,-0.016930481459701083,0.008187838467016916,-0.5082459228540075,0.8610066140363327
1785983345.591225,0.16912754821777343,0.10093779754638672,0.15113294982910155,-0.01234230221888647,0.010384341768485073,-0.5086782460811027,0.8608055951797017
1785983345.601843,0.16945785522460938,0.10544152069091797,0.1533399200439453,-0.009430067545016931,0.010735475332743402,-0.5084137570765958,0.8609943435166909
1785983345.612931,0.16993171691894532,0.10998272705078126,0.15561563110351562,-0.007238786539461123,0.011908730124778074,-0.50877667631214,0.8607857352316668
1785983345.633547,0.1708643341064453,0.11908495330810547,0.1604781951904297,-0.002339979710641101,0.013120824790639427,-0.5089718711368759,0.8606799664740045
1785983345.652878,0.1718690643310547,0.12827220153808594,0.16562448120117187,0.0019645268123862744,0.013893101287469645,-0.5092185717107223,0.860522847439722
1785983345.663393,0.17233830261230468,0.132843994140625,0.168293701171875,0.004637942877272788,0.013809753495791102,-0.50928143420342,0.8604767282911653
1785983345.677009,0.1728748321533203,0.13760552978515625,0.1711304473876953,0.005803485823688164,0.013907535391368077,-0.5095311226289643,0.8603202562990573
1785983345.691127,0.17397572326660157,0.14698472595214843,0.17689346313476562,0.008870590246990794,0.014308893129896975,-0.5095662337950101,0.8602667083636412
1785983345.701285,0.17455158996582032,0.15167649841308595,0.17988453674316407,0.010508224617118225,0.01468765443061506,-0.5097625744939235,0.8601255477221086
1785983345.711416,0.17513542175292968,0.15643511962890624,0.1829036102294922,0.012250979895613356,0.015332920497661301,-0.5096039020533201,0.8601852542030505
1785983345.731061,0.1762954864501953,0.16579714965820314,0.18917628479003906,0.015380633413009269,0.016026443048232832,-0.5096953255665134,0.8600681803812132
1785983345.741531,0.17692723083496092,0.17056396484375,0.19245431518554687,0.016480275098144932,0.01657474045362791,-0.5100121177142313,0.8598495863560962
1785983345.760741,0.1781511993408203,0.1799381103515625,0.19921426391601563,0.018673341533075406,0.017529995500894898,-0.5101244480480575,0.8597191641636248
1785983345.771062,0.1786683654785156,0.18451890563964843,0.20258303833007812,0.02105319917672955,0.01777495498929747,-0.5100971937590919,0.8596753289218455
1785983345.786309,0.17951112365722657,0.18940211486816405,0.20626470947265624,0.01897563002863025,0.01832143573051289,-0.5103619299962452,0.8595550911944049
1785983345.801832,0.18091934204101562,0.198856689453125,0.21364692687988282,0.0191308305329225,0.01945081880680972,-0.510673561388533,0.8593417291269629
1785983345.811882,0.18141972351074218,0.20325177001953126,0.2172767333984375,0.022629239255456565,0.020262895067432254,-0.5107478687321994,0.8591937741015628
1785983345.824324,0.18232003784179687,0.20819317626953124,0.22119996643066406,0.02024528335427527,0.020475317922040395,-0.5108746343111235,0.8591728536234762
1785983345.843182,0.18351356506347657,0.2170530242919922,0.2287744140625,0.024846544977053138,0.021781267287779807,-0.5110934619760488,0.8588898069359809
1785983345.853670,0.18420985412597657,0.22158505249023439,0.2326220703125,0.02602614103518453,0.022367767350195158,-0.5111409669864547,0.8588115275370342
1785983345.871160,0.18568508911132814,0.23056356811523437,0.24042437744140624,0.02708054989743219,0.02450760623135559,-0.5111676471658336,0.8587046392820908
1785983345.881168,0.18647755432128907,0.23501913452148437,0.24429840087890625,0.028070786585341765,0.02492932257918192,-0.5113204787693635,0.8585697042275838
1785983345.892262,0.18726242065429688,0.239402099609375,0.24813697814941407,0.028554770583783477,0.026040152786436337,-0.511289851573637,0.8585390056134419
1785983345.911187,0.18886767578125,0.248065185546875,0.2558078155517578,0.030544682509892812,0.028133296331639013,-0.5110343907519783,0.8585565744670263
1785983345.922019,0.18967453002929688,0.25234820556640625,0.25964639282226565,0.031498779777471356,0.02847375378554893,-0.511113791998024,0.8584636060260594
1785983345.932457,0.1905071563720703,0.2565753479003906,0.2634237060546875,0.03297261629588096,0.02971875535900746,-0.5110700347421201,0.8583921100266073
1785983345.951032,0.19222396850585938,0.26479095458984375,0.2708815307617187,0.034716563875602825,0.03083785600095993,-0.5111645064853054,0.8582276053880733
1785983345.960958,0.19312014770507813,0.2688746948242188,0.27456756591796877,0.03600780876028451,0.031528378116201364,-0.5109298354625236,0.8582890498364036
1785983345.971064,0.19395355224609376,0.2728791809082031,0.27823431396484377,0.03662167747816758,0.03195285426066698,-0.5109164904101788,0.8582553245147032
1785983345.980985,0.19485775756835938,0.27681985473632814,0.28188262939453124,0.037929114133101224,0.032447902389349116,-0.5105896569732973,0.858374468367859
1785983345.991229,0.19574642944335938,0.28070074462890626,0.28546676635742185,0.039123077025863984,0.03300652808678979,-0.5108122669914966,0.8581671072165182
1785983346.001744,0.19668112182617187,0.284540771484375,0.28906390380859376,0.0401504826977312,0.03295356626383839,-0.5106612672891546,0.8582115534080738
1785983346.022306,0.19855445861816406,0.29202688598632814,0.2960756530761719,0.04272708168560852,0.03304577558555407,-0.5108110846800006,0.8579944141504552
1785983346.041761,0.20046658325195313,0.2992678527832031,0.3030146484375,0.044687190854199046,0.033080524618214195,-0.5106102271017213,0.8580127756733738
1785983346.061118,0.20239942932128907,0.3062127685546875,0.30985647583007814,0.046329525380047754,0.032731635108210595,-0.5104832431688786,0.8580146078964734
1785983346.071518,0.20337147521972657,0.30961782836914065,0.3132074890136719,0.04707135803103884,0.03278317621218723,-0.5109266698767548,0.8577082683559193
1785983346.091346,0.20532997131347655,0.31613601684570314,0.3198559875488281,0.04814061697060245,0.03170949812462806,-0.5107436803718032,0.8577982699841611
1785983346.101842,0.20628981018066406,0.31933746337890623,0.32310726928710937,0.04860243102295997,0.03141929659078579,-0.5107326819986425,0.8577894626365896
1785983346.121984,0.2082354736328125,0.3254981384277344,0.3295460205078125,0.049243754539888634,0.0300719019533476,-0.5109762389250282,0.8576561210272232
1785983346.132348,0.209198974609375,0.32846139526367185,0.33275039672851564,0.04991498843257563,0.02977213904723873,-0.5111841973264071,0.8575038305925496
1785983346.142414,0.21013113403320313,0.3313648376464844,0.3359041748046875,0.05010271529690509,0.028417128364895152,-0.511059234866024,0.8576133488165427
1785983346.162773,0.21206289672851564,0.3370497741699219,0.3421266784667969,0.04985970253733868,0.027070654937006933,-0.5114268147769354,0.8574519184731838
1785983346.180972,0.2139567108154297,0.3424648132324219,0.34826126098632815,0.04897732474913301,0.02586766885081439,-0.5112185000804833,0.8576641175042488
1785983346.191417,0.21491403198242187,0.34505145263671877,0.3513003234863281,0.04887951613458953,0.025283615532675132,-0.5114257592418534,0.8575635328126071
1785983346.202726,0.2158475341796875,0.3476018676757813,0.354272705078125,0.04816111228120947,0.024600515622122995,-0.5112952371774062,0.8577018662975555
1785983346.221216,0.21773974609375,0.35247711181640623,0.36027001953125,0.047101484611319244,0.024160614971404617,-0.5117088915822703,0.8575265121045486
1785983346.231349,0.21866395568847657,0.354880126953125,0.3631953430175781,0.046184244143512,0.02383644801871302,-0.5116370429940288,0.8576283521279522
1785983346.241763,0.21961688232421875,0.35712603759765627,0.36615390014648436,0.045578229538443385,0.02328879493373358,-0.511568771289247,0.8577165336292554
1785983346.251632,0.2205753631591797,0.3593442077636719,0.369102294921875,0.04507194933358026,0.023092547413420882,-0.5117393031882367,0.8576468561401305
1785983346.262580,0.22146368408203124,0.3615295104980469,0.3720223693847656,0.04448614472790354,0.022935533379290385,-0.5118149807415843,0.8576365008923691
1785983346.282359,0.2232740936279297,0.365618896484375,0.3777917785644531,0.04394442251000254,0.022802761434620598,-0.5117858740011908,0.8576853353885432
1785983346.301294,0.2251466827392578,0.36947988891601563,0.3835286560058594,0.04323582210154054,0.02236692207621888,-0.5116266951871222,0.8578277878363099
1785983346.313277,0.2260389862060547,0.3713382263183594,0.3864097900390625,0.042653989504809094,0.022441823548170158,-0.5115405431358317,0.8579063393731012
1785983346.332222,0.2278369903564453,0.3747906799316406,0.39212545776367186,0.04247103296836023,0.022832471067597712,-0.5114198891032997,0.8579770378569778
1785983346.351327,0.22958580017089844,0.37798114013671874,0.39769287109375,0.042613535117132416,0.022382754460811494,-0.510948359299403,0.8582627164199753
1785983346.370989,0.23128086853027344,0.3809290771484375,0.40335568237304686,0.04346395008740204,0.021642703363639746,-0.5105762902425613,0.8584604468748638
1785983346.381028,0.23209037780761718,0.38228347778320315,0.4060942077636719,0.04422761963374813,0.021542799295372745,-0.5102692340245747,0.85860650640562
1785983346.391115,0.23293067932128905,0.3835861511230469,0.4088681640625,0.044567316247131096,0.02102040087909979,-0.5104106528977552,0.8585178261840717
1785983346.401098,0.23376638793945312,0.384805419921875,0.41166363525390626,0.04526461661134552,0.020729284442427495,-0.5102027455920604,0.8586119992622393
1785983346.411295,0.23460165405273437,0.38598175048828126,0.414433837890625,0.045219975447784826,0.020503651044400547,-0.5098955047754526,0.8588022577635426
1785983346.422550,0.23538754272460938,0.3870619506835937,0.4171993408203125,0.04647568777455857,0.02069988062063498,-0.5098316164144918,0.8587684441477839
1785983346.441083,0.23690940856933593,0.3890741882324219,0.42272927856445314,0.04725907667673655,0.01999456037378339,-0.5096904995790592,0.8588261759175542
1785983346.451965,0.23764523315429686,0.38997042846679686,0.4254446105957031,0.04816023536927563,0.01992832160147208,-0.5094846072069307,0.8588998087654829
1785983346.471143,0.2390934295654297,0.39156341552734375,0.4308387451171875,0.049213237581693055,0.01943543276148763,-0.5096954162957731,0.8587263260067143
1785983346.481246,0.23977798461914063,0.3922635192871094,0.43356277465820314,0.049584019207294994,0.018671329143881085,-0.509489618132106,0.8588440685515224
1785983346.502143,0.24110858154296874,0.39353045654296875,0.43900906372070314,0.05018928875816333,0.017859720847385095,-0.5093049225667822,0.8589357076946934
1785983346.522455,0.24233775329589843,0.3945205383300781,0.4443983459472656,0.05064847249285286,0.017175442894492805,-0.5092391425987856,0.8589617125543157
1785983346.540791,0.24346626281738282,0.3953101196289063,0.4497884521484375,0.0499301509898576,0.01588200465762922,-0.5091086901139873,0.8591059740499889
1785983346.550895,0.24400050354003905,0.3956212158203125,0.45251443481445314,0.049769864338322804,0.01593986070053875,-0.5089871782643457,0.8591862081014486
1785983346.560807,0.244511474609375,0.3958286743164062,0.45520217895507814,0.04971031602807604,0.015742221567683724,-0.509135542710715,0.85910538432105
1785983346.570870,0.24503199768066405,0.3960298767089844,0.45789471435546875,0.049267854122808874,0.015589830913758505,-0.5091523605436364,0.859123687410677
1785983346.581037,0.24551089477539062,0.39614703369140625,0.46053692626953124,0.04878977802841007,0.015349307437816822,-0.509018783288013,0.859234442920491
1785983346.591311,0.245923583984375,0.3962207641601562,0.4632308654785156,0.048602271361036065,0.015342063898686925,-0.5089747986353976,0.8592712513113391
1785983346.601447,0.24634271240234376,0.3963087158203125,0.4659429626464844,0.04802239789426307,0.015105133182745244,-0.5087727312050759,0.8594277148984895
1785983346.621093,0.24715823364257813,0.3962679748535156,0.4713250732421875,0.045868437033693886,0.014515070633349978,-0.5087707561617053,0.8595566990976354
1785983346.632642,0.24752333068847657,0.39612747192382813,0.4739670715332031,0.04534079749140689,0.014453058575010107,-0.5086712392845115,0.8596446264552312
1785983346.651106,0.24816804504394532,0.3957861022949219,0.47932568359375,0.043491344869351654,0.014610501594607528,-0.5087772504830934,0.8596748002506822
1785983346.661179,0.24842112731933594,0.39558078002929686,0.48204147338867187,0.043189835771794895,0.014935735409109637,-0.5088038592857709,0.859668646841097
1785983346.672082,0.2486792297363281,0.39531219482421875,0.484705322265625,0.04215325713141021,0.01427905619945547,-0.5087251464075372,0.8597778459830341
1785983346.691313,0.24914279174804688,0.3947176513671875,0.49006875610351563,0.040606677393381634,0.014029931111873105,-0.5086515702017372,0.8598998980981576
1785983346.711978,0.24952081298828124,0.39393829345703124,0.4954637451171875,0.03874576915131583,0.014230822594559744,-0.5087002839827208,0.8599536464849067
1785983346.733244,0.24983148193359375,0.393073486328125,0.500832763671875,0.037392037679441145,0.013975330682920504,-0.5086445950769851,0.8600506987154664
1785983346.751530,0.2500451965332031,0.39201504516601565,0.50620751953125,0.036556938154288496,0.014126928562433083,-0.5086529688559203,0.8600791647148796
1785983346.771068,0.25013124084472654,0.3909052734375,0.5115800170898438,0.0360866512549683,0.014189285105548396,-0.5086826236345372,0.8600804641141572
1785983346.791157,0.25017720031738283,0.3896375732421875,0.516931884765625,0.03559976555090001,0.014044723747970616,-0.5085730097042229,0.8601679481521625
1785983346.801518,0.2501473388671875,0.38900003051757814,0.5196115112304688,0.03533027868057151,0.014004092230254788,-0.5086169649718691,0.8601537297321924
1785983346.821231,0.2500677795410156,0.3876659851074219,0.524984130859375,0.035222822814030885,0.014465999581235277,-0.5089400893565321,0.8599593473337873
1785983346.842441,0.24993763732910157,0.38622369384765626,0.530344482421875,0.03440320177363617,0.014164161027066665,-0.5089842838739215,0.8599713943680879
1785983346.861063,0.24976528930664063,0.3847759704589844,0.5356952514648438,0.03352742967901702,0.014301708264954405,-0.5092013181517479,0.8598752213211762
1785983346.881140,0.24960987854003908,0.3832706909179687,0.5411301879882813,0.0319561537485927,0.013930729155315116,-0.5090570826010273,0.8600265330626792
1785983346.891194,0.24949972534179687,0.3825281982421875,0.5438272094726563,0.031743576131563075,0.014153254579663146,-0.5090691795982633,0.8600236005649773
1785983346.901355,0.24936563110351562,0.3817550964355469,0.5465311279296875,0.031624681962045056,0.014589516772284905,-0.5093785128007234,0.8598375116198561
1785983346.911633,0.24921954345703126,0.380935546875,0.549219970703125,0.03103086757489557,0.014477284102890117,-0.5094308536452535,0.8598300466012209
1785983346.921763,0.24912530517578124,0.3800777893066406,0.5519507446289063,0.03046963317114095,0.014612479301439087,-0.5093294629611318,0.8599078823741889
1785983346.940748,0.24885952758789062,0.37849911499023436,0.5574317016601562,0.029565734926899477,0.014643107311535534,-0.509192967416292,0.8600197540831126
1785983346.950944,0.24870164489746094,0.3776927185058594,0.5601944580078125,0.029366328900333468,0.015210606218551923,-0.5089791108044109,0.8601433223754208
1785983346.960889,0.2485680389404297,0.37680078125,0.5629164428710938,0.029110067848290334,0.014907548370155987,-0.509007462218116,0.8601405548548596
1785983346.971644,0.24841514587402344,0.37592169189453123,0.565610107421875,0.028599334878670484,0.014630282104371452,-0.5089869423919254,0.8601745873765141
1785983346.991262,0.24812234497070312,0.37425079345703127,0.5710841064453125,0.028705514525766716,0.015096577429147912,-0.5089173101245972,0.8602042055750825
1785983347.002149,0.24795985412597657,0.37342047119140626,0.5738236694335938,0.02874784494110802,0.01525132842352542,-0.5086594632536404,0.8603525497309621
1785983347.021830,0.24764247131347655,0.37164724731445314,0.5792691650390625,0.02877441584984418,0.015413617323471662,-0.5085932805921207,0.8603878901213101
1785983347.033145,0.24745362854003905,0.3707633666992188,0.5819928588867187,0.028778860998231497,0.01561243953595739,-0.5086046299543395,0.8603774509583456
1785983347.052032,0.24715792846679688,0.3689184875488281,0.5874651489257813,0.029432229532583145,0.015773648954240185,-0.5084505880477839,0.8604434567237876
1785983347.070997,0.2468336639404297,0.3670917358398437,0.5928301391601563,0.029753107891556132,0.015858254892124397,-0.508401757089303,0.8604597138442461
1785983347.081211,0.24668055725097657,0.3661342163085938,0.595501220703125,0.030378576591598757,0.015981803157088772,-0.5082662363084036,0.8605156394564093
1785983347.101223,0.24628605651855467,0.3642684326171875,0.6009481811523437,0.03121648231043721,0.016295296671438867,-0.5081988719143536,0.860519544329338
1785983347.121676,0.24593661499023436,0.3623015747070312,0.6062865600585937,0.03207858004951082,0.016139108349706645,-0.508315551609477,0.8604218652343417
1785983347.140862,0.24556639099121094,0.3603560791015625,0.6116409912109375,0.03240348416278455,0.015932534883723076,-0.5079746075590238,0.8606148792051282
1785983347.151080,0.24539083862304686,0.3593811340332031,0.6143424682617188,0.03236968518972766,0.01568097219003388,-0.508054338633783,0.8605737042151704
1785983347.163032,0.2451869354248047,0.358368896484375,0.6169569091796875,0.032619730266232605,0.016103478880703907,-0.507858140150217,0.8606722577181458
1785983347.180869,0.24479351806640626,0.356341796875,0.6222711181640626,0.03301929658214135,0.015918695570144376,-0.5077508182663855,0.8607237851759743
1785983347.191083,0.24455743408203126,0.35530441284179687,0.6249209594726562,0.033004675477500606,0.01589659377157666,-0.50781205947472,0.8606886187235815
1785983347.201213,0.2443276824951172,0.3542676696777344,0.627537841796875,0.03362500480140605,0.015708703245094234,-0.5077911494945477,0.8606803949766559
1785983347.211341,0.244103271484375,0.3532388916015625,0.6301578369140625,0.03353155494911191,0.015800226897102827,-0.5076287667133114,0.8607781486019116
1785983347.221430,0.2438306884765625,0.35216818237304687,0.6327952270507813,0.03365977993899812,0.015805974813976463,-0.5076361713925153,0.8607686749583816
1785983347.231449,0.24358152770996094,0.35109185791015624,0.6353836669921875,0.03366266343977642,0.015758542761870154,-0.5076921416961647,0.8607364144509273
1785983347.251523,0.24298748779296875,0.3488827819824219,0.6404688720703124,0.03410784781956902,0.015411451489961474,-0.5073588709058148,0.8609216730148058
1785983347.277770,0.242329833984375,0.34666690063476563,0.6456212158203125,0.034584613480427615,0.015114791909525225,-0.5072402650391976,0.8609777979411171
1785983347.291451,0.24158653259277343,0.3443966979980469,0.6506207885742188,0.034492918772314446,0.014217654653372458,-0.5074496607945772,0.8608733553105631
1785983347.311413,0.24071575927734376,0.34204611206054686,0.6556463623046875,0.03559827566980144,0.01380079378452776,-0.5071468412850907,0.8610135842712657
1785983347.332025,0.23980172729492188,0.3397010498046875,0.6606046752929687,0.03637753835603376,0.01286959482015133,-0.5071839350134895,0.8609735879413574
1785983347.351101,0.23879315185546876,0.3372493896484375,0.665516845703125,0.0363517927451006,0.012440170086226629,-0.5069856473900959,0.861097763466104
1785983347.361008,0.23825042724609374,0.3359632263183594,0.6679730224609375,0.03667851178137585,0.012163979803792952,-0.5072586063720249,0.8609270732130552
1785983347.371114,0.2376798858642578,0.3347324829101562,0.6704801025390625,0.03675848162070314,0.012379181801561903,-0.5069875155678617,0.8610802767451787
1785983347.381886,0.2370633544921875,0.33346047973632814,0.6728948974609374,0.03676177349164022,0.011626959595348194,-0.5069278558378169,0.8611257362896931
1785983347.400970,0.23582276916503905,0.33088690185546876,0.6778131713867187,0.036752594682304573,0.01111353421897202,-0.5071305390616581,0.86101355398483
1785983347.411280,0.2351357879638672,0.32954318237304686,0.6802880859375,0.03642638395599943,0.011197180612142517,-0.5071808421317959,0.8609967015814654
1785983347.431301,0.23369015502929688,0.326878662109375,0.68511328125,0.03596362696437094,0.011166945528971848,-0.5073451876636877,0.8609197214925228
1785983347.441462,0.23296958923339844,0.32555068969726564,0.6875780029296875,0.03577419779394649,0.010854497741493618,-0.5073363489383731,0.8609368350239313
1785983347.461135,0.2313667449951172,0.322800048828125,0.6923621215820313,0.03575963922178537,0.010966207253183008,-0.5070027573890397,0.8611325108888184
1785983347.471342,0.23055830383300782,0.3214490051269531,0.6947659301757813,0.03525034113757094,0.011176220809646144,-0.5072071139083747,0.8610304579769407
1785983347.492990,0.22887216186523437,0.3186513671875,0.6995579223632813,0.03446180160780114,0.011797299345170327,-0.5068966801381593,0.8612368745108179
1785983347.511521,0.2270692901611328,0.3157976684570313,0.7042896728515625,0.03395404394218932,0.011975959280670604,-0.5068723247123857,0.861268908655748
1785983347.521751,0.22611322021484376,0.31430865478515624,0.7066344604492187,0.03383154780370045,0.012361346493116154,-0.5067481351285534,0.8613413638872934
1785983347.542443,0.22418128967285156,0.3113581237792969,0.7113170776367187,0.032941400833380284,0.012986129394081334,-0.5067606035870783,0.8613593383461885
1785983347.560984,0.22212158203125,0.30836288452148436,0.7159353637695313,0.032825899879694975,0.01392478451600701,-0.5066587712357935,0.8614089953805901
1785983347.572057,0.22106999206542968,0.3068627014160156,0.718241455078125,0.03259739245419157,0.013974338484070653,-0.5064994181529029,0.8615105796862856
1785983347.582770,0.2199844055175781,0.30528610229492187,0.7204942626953125,0.032576157048986545,0.014109876128215383,-0.5064740915536046,0.8615240622418512
1785983347.602737,0.21778440856933592,0.30221221923828123,0.7249921875,0.03208977337081457,0.014977015693010626,-0.5062216903300456,0.8616760053088621
1785983347.612855,0.21663157653808593,0.30065789794921877,0.7272573852539063,0.03250123485272104,0.015607951701088738,-0.5063400641670883,0.8615798279670083
1785983347.631292,0.21432208251953125,0.297531494140625,0.731728271484375,0.03217780166737035,0.01655023722325457,-0.5060967395652095,0.8617173264907603
1785983347.641381,0.21313693237304687,0.29593850708007813,0.7338858032226563,0.03169388875044564,0.0166545153935692,-0.506298511868529,0.8616147202462808
1785983347.652214,0.21194879150390625,0.29436785888671874,0.7361403198242188,0.03149539768927092,0.0172104264079192,-0.5063234606478911,0.8615964268371655
1785983347.662121,0.21071875,0.29280206298828126,0.7383507080078126,0.030988907759240594,0.01741343201121953,-0.5060588724908338,0.8617661415549371
1785983347.672608,0.20950668334960937,0.2911693115234375,0.74055712890625,0.0309175943117434,0.017596239524876635,-0.5061316237221762,0.8617222634569826
1785983347.682947,0.2082324676513672,0.28955715942382815,0.7427200317382813,0.030675830182805848,0.017944410613218224,-0.5057673178449281,0.8619375905538991
1785983347.703112,0.2057462158203125,0.286377685546875,0.7471055908203125,0.02942522057806295,0.01806712163472993,-0.5056446518472583,0.8620505903604084
1785983347.722869,0.20318421936035155,0.28308978271484375,0.7514170532226563,0.029026101189898228,0.01808197646089041,-0.5055664876040934,0.8621096536266878
1785983347.741532,0.20066899108886718,0.27984042358398437,0.7556763305664063,0.028099433422915203,0.01774998327758736,-0.5056800541100588,0.8620806453741903
1785983347.752350,0.1993291778564453,0.27819439697265624,0.757749755859375,0.027849122477657168,0.01858831518183119,-0.5057806924547312,0.8620120509963682
1785983347.763354,0.19802565002441405,0.27654849243164065,0.7599010620117187,0.027991421098382128,0.01908516973206568,-0.5060535119172633,0.8618364585726541
1785983347.783587,0.1954201202392578,0.2733460693359375,0.7641015625,0.02704050584877361,0.019343005684618872,-0.5054949262427532,0.862188808824542
1785983347.804902,0.19283650207519532,0.27004852294921877,0.7682723388671875,0.026353874636802548,0.01973512736849099,-0.5055408567183028,0.8621742607834061
1785983347.820976,0.19021365356445313,0.2667662353515625,0.7724363403320312,0.025659220035131058,0.02015270992483197,-0.5054443755367076,0.8622421077774653
1785983347.831209,0.18893266296386718,0.26511013793945315,0.7744822387695313,0.025524897319380232,0.019478785510989378,-0.505442937478762,0.8622624267037695
1785983347.841129,0.18760304260253907,0.26348291015625,0.776538818359375,0.025422385825470736,0.01944097600465319,-0.5049781105258976,0.862538609469813
1785983347.860943,0.18498219299316407,0.26021197509765626,0.7806329956054687,0.025060579728663494,0.01985942022598821,-0.5053034479605751,0.8623491148342018
1785983347.871866,0.18365464782714844,0.25859732055664064,0.7826826782226562,0.024853675165320166,0.01953493857824032,-0.5050783274656989,0.8624943862607957
1785983347.891296,0.18106382751464845,0.2553358459472656,0.7867153930664063,0.025077162764772152,0.01937408227673291,-0.5050539386904627,0.8625058234405187
1785983347.901163,0.1797777099609375,0.25367417907714845,0.788712158203125,0.024781867104184882,0.019648056385837075,-0.5048369309271404,0.8626351894978592
1785983347.913278,0.17851467895507814,0.25202413940429685,0.790741943359375,0.024638153481622637,0.019934046135441752,-0.50487042189919,0.8626131475908774
1785983347.931584,0.17604008483886718,0.24874754333496094,0.7947027587890625,0.02530612710464169,0.02068653989620929,-0.5050489536449678,0.8624715848747804
1785983347.951069,0.17355876159667968,0.245467529296875,0.79866259765625,0.024622682027743304,0.02131607915479989,-0.5048313631421403,0.8626034090689618
1785983347.970787,0.17120651245117188,0.24221688842773437,0.8025792236328125,0.024709154962261216,0.021962595999272874,-0.5047203805443495,0.862649660670882
1785983347.980864,0.1700424346923828,0.24060841369628908,0.8045247802734375,0.024080264943163593,0.022664561381623163,-0.5045846550479343,0.8627286972346829
1785983347.990933,0.16886453247070313,0.23899668884277345,0.8064426879882812,0.024277779797460052,0.022700851989583735,-0.5046593558832609,0.8626785029681652
1785983348.001063,0.1677383575439453,0.2373763427734375,0.8083827514648437,0.023777781466605467,0.022914781055036772,-0.5046635086599492,0.862684336949374
1785983348.011121,0.16658792114257812,0.2357987060546875,0.8103191528320313,0.02336234275470638,0.023077028172762512,-0.50477021065364,0.8626289449238672
1785983348.021987,0.1655006103515625,0.23420736694335936,0.8122764892578125,0.02295052312374805,0.023107701036196762,-0.504459399734367,0.8628209729661132
1785983348.042323,0.1633155517578125,0.23103672790527344,0.816104248046875,0.022215613301319923,0.024156464895491857,-0.5043250110968357,0.8628900383756897
1785983348.064426,0.16121014404296874,0.2278766632080078,0.819862060546875,0.021901425367714885,0.024049440938230228,-0.5039265780440644,0.8631337933158026
1785983348.081096,0.15912387084960938,0.22469952392578124,0.8236788940429688,0.02156043653302401,0.024140083712557103,-0.5038893612704737,0.8631615836285755
1785983348.091251,0.15811703491210938,0.22312495422363282,0.825550537109375,0.02175258432782117,0.024104327961914435,-0.5035717010480311,0.8633431157862907
1785983348.101316,0.15708921813964843,0.22153861999511718,0.8274281005859375,0.021635559888770754,0.024120844433588147,-0.5035312816821236,0.8633691820611659
1785983348.111609,0.15606317138671874,0.2199592742919922,0.8292816162109375,0.022018498862227506,0.023965186920128854,-0.5032655711242804,0.8635187426508814
1785983348.122179,0.15507099914550782,0.2183554229736328,0.831106689453125,0.022463427500918377,0.023745669783391554,-0.5033132182344396,0.8634855796690009
1785983348.141558,0.15308140563964845,0.21515650939941405,0.8348118896484376,0.02312673239026858,0.023235343358520268,-0.5029951056240992,0.8636672939004784
1785983348.151527,0.152126708984375,0.21353285217285156,0.8366221313476563,0.0237790768455692,0.02319741395094761,-0.5026650010319169,0.8638427815449311
1785983348.172573,0.15016371154785157,0.21031492614746095,0.8402196655273437,0.024630998575425878,0.022925930838864756,-0.5024113392109254,0.8639737023224646
1785983348.191488,0.14827511596679688,0.2070220184326172,0.8438513793945313,0.026723633452501488,0.023815607406527724,-0.5018173333850933,0.8642326265102801
1785983348.201792,0.1473220520019531,0.2053563995361328,0.8456143798828125,0.02699111187315832,0.0231413996738791,-0.5017513824860358,0.8642809158944126
1785983348.211869,0.14637596130371094,0.2037044982910156,0.8473699951171875,0.02735386795646916,0.023045543653672184,-0.5012469121975892,0.8645647527620816
1785983348.233099,0.1444498596191406,0.2003091583251953,0.8508447875976562,0.028691534336281084,0.022526586301141564,-0.501063697402243,0.8646412747665708
1785983348.251520,0.14258447265625,0.1969730224609375,0.8543624267578125,0.029338192812431215,0.02317855776369689,-0.50069046440361,0.8648185290386771
1785983348.261239,0.14166847229003907,0.19518875122070312,0.8560762939453125,0.029879480436383447,0.0231931904782156,-0.5004495716958353,0.8649390213825708
1785983348.281749,0.13991412353515625,0.19177835083007813,0.8594808349609375,0.029856039798492454,0.023513679417372285,-0.5003066503497476,0.8650138651489078
1785983348.301518,0.13808627319335937,0.1882483673095703,0.8629048461914063,0.030167610110327297,0.02340117073552753,-0.5001032146542593,0.8651237374001494
1785983348.311499,0.13721096801757812,0.18645909118652343,0.8646082763671875,0.029647613549162056,0.02328180243091428,-0.49990137648604116,0.8652615768944395
1785983348.321639,0.13630393981933595,0.18468704223632812,0.866289306640625,0.02977191547917459,0.023631218822410573,-0.49993237500451654,0.8652299230732277
1785983348.331595,0.13543666076660157,0.18289016723632812,0.8679478759765625,0.029723345141769438,0.023579311286018655,-0.49991237318555914,0.8652445704287859
1785983348.342257,0.13453736877441405,0.18106784057617187,0.8695697021484375,0.029143389632472382,0.023405361557486473,-0.4998271586885001,0.86531823830374
1785983348.361089,0.13277207946777345,0.17744143676757812,0.8728477172851562,0.028842154461050727,0.023561099318523297,-0.4997454842746921,0.8653712799397856
1785983348.371340,0.13185505676269532,0.17559400939941405,0.8744711303710937,0.028444729976636017,0.023381937423630445,-0.4995501028481895,0.8655020986338184
1785983348.391481,0.1301437225341797,0.171892333984375,0.8776912231445313,0.02770171599466276,0.02337629696912096,-0.49942274678169823,0.8655998500034882
1785983348.411026,0.12841075134277344,0.16815365600585938,0.8808589477539063,0.02694879077412832,0.022881855591116163,-0.499896027165511,0.8653636000600198
1785983348.420956,0.12755786895751953,0.16628724670410155,0.88247314453125,0.025995331346388265,0.02300609507518734,-0.49973546938609614,0.86548219150037
1785983348.431432,0.12669410705566406,0.16438070678710937,0.8840428466796875,0.02601115081171554,0.023060867900439933,-0.4996148184041055,0.8655499126216785
1785983348.452502,0.12508978271484375,0.16054925537109374,0.887148681640625,0.024617272175523196,0.022646527263389588,-0.4997273261289895,0.8655366692422097
1785983348.471242,0.12345505523681641,0.15667855834960936,0.8901433715820313,0.024233962625663054,0.02382920958456279,-0.5002047363036961,0.8652399161960045
1785983348.481745,0.12265892791748047,0.15475399780273438,0.891690185546875,0.023565102387042344,0.024107550198282084,-0.5002873085629731,0.8652029354678138
1785983348.501010,0.1211353759765625,0.15080567932128905,0.8947127685546875,0.02257203021055074,0.024143592164711264,-0.50020323418854,0.8652770115872096
1785983348.511279,0.12038677215576171,0.14886198425292968,0.8961976318359375,0.021992329939867904,0.023673291255762834,-0.5003259977023669,0.8652339573637425
1785983348.521964,0.11962312316894531,0.14690388488769532,0.8976646118164062,0.021547246240026123,0.023872995765398496,-0.5001822338343608,0.8653227844880768
1785983348.540991,0.1181011962890625,0.14303182983398438,0.9006581420898437,0.020873492659139667,0.02361547033021685,-0.5002779142817531,0.8652910554115298
1785983348.551311,0.11739041900634765,0.141080810546875,0.9020983276367187,0.020957479833984122,0.023691672861887923,-0.5003304639549734,0.8652565524873507
1785983348.562184,0.11668089294433594,0.13912358093261717,0.903563720703125,0.020272404772922793,0.023196476657772386,-0.5005019441131823,0.8651871162407637
1785983348.581916,0.11527714538574219,0.13518319702148437,0.9064791870117187,0.019789385145092507,0.022715644956069272,-0.5001992454637223,0.8653860927889105
1785983348.601020,0.11396326446533203,0.13128718566894532,0.9093760375976563,0.019036195160847494,0.022572332357654913,-0.5004759571482608,0.8652467489972304
1785983348.611194,0.11329618072509766,0.1292925262451172,0.9107890625,0.01897611830384273,0.0225392800961612,-0.5004780242875941,0.8652477306428791
1785983348.621679,0.11266156005859375,0.1273183364868164,0.9122332153320313,0.019006535194775732,0.022232654456682863,-0.5003952433489585,0.8653028732293322
1785983348.641830,0.11146009063720703,0.1234295654296875,0.9151248779296876,0.018451103323065522,0.021888470425557492,-0.5004181367764329,0.8653104244936061
1785983348.664125,0.11025083923339844,0.11956672668457032,0.9179738159179688,0.018238399249548527,0.02129993655039672,-0.5004416114341729,0.8653160469999179
1785983348.681021,0.10912786865234375,0.11568099212646485,0.920807373046875,0.01835287071226794,0.021533227766093028,-0.5005869360461328,0.8652237962545378
1785983348.691142,0.10856832885742188,0.11377996826171875,0.9222335815429688,0.017850046125673893,0.021004824232309642,-0.500354991555422,0.8653814479268623
1785983348.701132,0.10797625732421876,0.1118421859741211,0.9236434326171875,0.017505733400011384,0.020777920119653105,-0.5004627115068933,0.8653316701430444
1785983348.711890,0.10745166778564454,0.10994087982177735,0.9250646362304688,0.01752458470279118,0.020690825808134278,-0.5005004531960442,0.8653115524419058
1785983348.731279,0.10636085510253906,0.10618639373779297,0.9277964477539062,0.017212454188424115,0.019529331816209625,-0.5009459335852642,0.8650869971624529
1785983348.742140,0.10585806274414063,0.1042950668334961,0.929166748046875,0.016912984185567605,0.018991663588505465,-0.5005397334359071,0.8653399530066892
1785983348.761789,0.10484854888916016,0.10061124420166015,0.9318840942382812,0.016437907689913975,0.01840038284366114,-0.5007485617319168,0.8652410657636912
1785983348.781067,0.10385228729248047,0.09700923919677734,0.934553955078125,0.015663212401916978,0.017332548241763685,-0.5009598945110703,0.8651551582807666
1785983348.791232,0.10334741973876953,0.0951822509765625,0.9358561401367187,0.015916717287251903,0.016752908523244334,-0.5008606759218096,0.86521937871815
1785983348.801899,0.10285293579101562,0.09340772247314454,0.9372011108398437,0.01571345038438187,0.01637338628227752,-0.5007464627185838,0.8652964713932387
1785983348.821154,0.1019283447265625,0.08985547637939453,0.9398084716796875,0.01574026195821377,0.015897761392925223,-0.5009092004617337,0.8652106469132075
1785983348.832481,0.10149632263183593,0.08812830352783203,0.941112060546875,0.015070710640034743,0.015390772674423596,-0.5009418403513675,0.8652128427896083
1785983348.851171,0.10060031127929688,0.08470471954345703,0.9436936645507813,0.015266667680366419,0.015360546487452373,-0.5009769318170846,0.8651896264966986
1785983348.861091,0.10015805053710937,0.08293749237060546,0.9449688720703125,0.015435932707446089,0.014751543884362657,-0.5012116327719308,0.8650612754837915
1785983348.872252,0.09973078918457032,0.0812449951171875,0.9462325439453125,0.01536402047545139,0.014663794398388453,-0.5011084617411697,0.8651238235217052
1785983348.891116,0.09883968353271484,0.07786753845214844,0.9487696533203125,0.016130707122924987,0.014827362218945742,-0.5010803873697384,0.8651233455469621
1785983348.901096,0.09845588684082031,0.07620938873291015,0.9500479125976562,0.01605506823933453,0.014812715254578076,-0.5011989795888734,0.8650562972838671
1785983348.911428,0.09796152496337891,0.07452655792236328,0.9513103637695313,0.016807034853258074,0.014798392021272744,-0.5013218710494042,0.8649710433170451
1785983348.921524,0.09754704284667969,0.07291221618652344,0.95251953125,0.016733692290191376,0.014607823745369222,-0.5011099292208506,0.8650985120274256
1785983348.941372,0.09663189697265626,0.06962868499755859,0.9549791870117188,0.017952388724898478,0.014820020499157854,-0.5009279256487936,0.8651758652100213
1785983348.961127,0.09574212646484374,0.06637960815429687,0.9573882446289063,0.018490283614411504,0.014754178758281765,-0.5008631464266387,0.8652031808917579
1785983348.972219,0.09531045532226562,0.06478123474121093,0.9585550537109375,0.018914649873632117,0.01490005939070302,-0.5009003315437178,0.8651699791360268
1785983348.991758,0.09447703552246094,0.061541244506835936,0.9608644409179687,0.019467048884761078,0.015399102188502219,-0.500702685445356,0.8652633808518202
1785983349.001768,0.09403118133544922,0.059992652893066406,0.9619680786132813,0.01926128387196716,0.015484250993521511,-0.5006117504051585,0.8653190821049106
1785983349.021153,0.0932012710571289,0.05683603286743164,0.9642388305664062,0.019327939721281502,0.016343585282084905,-0.5002643395862493,0.8655026969167958
1785983349.031185,0.0928144302368164,0.05527484893798828,0.9653110961914062,0.01916876042064824,0.01667962533145228,-0.5002009866400864,0.865536441128926
1785983349.041465,0.09243446350097656,0.053690670013427734,0.966418701171875,0.018929166025846513,0.017115120798224522,-0.49972129041091407,0.8658102457023633
1785983349.051828,0.09203399658203125,0.052137798309326175,0.9674740600585937,0.018585137095486568,0.016977427203679524,-0.49978003327977183,0.8657865075814207
1785983349.071433,0.09128019714355469,0.04905263519287109,0.969578369140625,0.01806745532625949,0.017794685960587274,-0.4993883263788201,0.8660070443835964
1785983349.082061,0.09086343383789063,0.04754026794433594,0.9706455688476563,0.018268376689406455,0.018324995718597647,-0.49963197990824276,0.8658512319064707
1785983349.095623,0.0904599609375,0.046013572692871096,0.9717105102539062,0.0179229977406671,0.018837027678217464,-0.49938345319809424,0.8659908182723421
1785983349.111718,0.08970436859130859,0.042954364776611326,0.97377685546875,0.017675091556640612,0.01882640478861416,-0.49880554895612694,0.866329146343396
1785983349.131023,0.08899769592285156,0.03994332885742188,0.9758275756835938,0.017393266294486606,0.019458719419916698,-0.49873466323595905,0.8663616887870993
1785983349.141264,0.08864834594726563,0.03848099136352539,0.97685107421875,0.01766380918920141,0.019365694221016937,-0.4989518261995962,0.8662332405048911
1785983349.151276,0.088296875,0.03695701217651367,0.9778806762695312,0.017695707259122603,0.020161354556590665,-0.49873080428005406,0.8663417111051397
1785983349.161688,0.0879585952758789,0.0354473876953125,0.9788851318359375,0.017546582469390084,0.020118450212582205,-0.49853784211890484,0.8664568065068217
1785983349.180971,0.08732872772216797,0.03243170166015625,0.9809046020507812,0.01769197789546397,0.020288347388859755,-0.49838595687925524,0.8665372541363293
1785983349.192719,0.08698697662353516,0.030937173843383788,0.9819215698242187,0.018082955167951654,0.020376293722626906,-0.4982109868753339,0.8666277273001207
1785983349.211712,0.08639181518554688,0.02794151496887207,0.983905517578125,0.017961058604873653,0.020588295584960222,-0.4980023574834058,0.8667451572332436
1785983349.231123,0.08585373687744141,0.024978004455566406,0.9858861083984375,0.01804007742767853,0.02112288508764366,-0.49781717843909584,0.866837026896129
1785983349.241328,0.0856279296875,0.023483266830444337,0.986898681640625,0.018034151262731113,0.02146532367573942,-0.4973616034476412,0.8670902197633261
1785983349.251285,0.0853765869140625,0.02198202133178711,0.9878536987304688,0.01776111907474566,0.021440594467429006,-0.4976488399954338,0.8669316369706103
1785983349.261457,0.08515836334228516,0.020510194778442382,0.988829833984375,0.01791290293407354,0.02176783278217584,-0.4975776129587454,0.8669612520649443
1785983349.271670,0.08495986938476563,0.019028362274169923,0.989794189453125,0.017937211911976454,0.02144241749509866,-0.49759134916366576,0.8669609770600161
1785983349.291879,0.08456571197509766,0.01603181838989258,0.9916679077148437,0.017120395503980635,0.02152971244664754,-0.4970473714518624,0.8672873035769859
1785983349.311436,0.08425146484375,0.013098115921020509,0.9936220703125,0.016986609012476204,0.021705046906245435,-0.49706039332649976,0.867278102918666
1785983349.331488,0.08402899169921875,0.010179206848144532,0.9954963989257812,0.016653865588009138,0.021751214747204158,-0.4969606305822558,0.8673405726970242
1785983349.341380,0.08393524169921875,0.008724611282348632,0.9964464111328125,0.016191992383941076,0.02183513532635841,-0.49668546043019435,0.8675048178833076
1785983349.351434,0.0838623046875,0.007264729976654053,0.9974138793945313,0.015816943650130005,0.021531251339301394,-0.49669213522366185,0.86751551052211
1785983349.361777,0.08375320434570313,0.0058575887680053715,0.9983594360351562,0.01541939317678783,0.02153262182308869,-0.4967267048031823,0.8675028339334201
1785983349.381088,0.08367979431152343,0.002966102838516235,1.000251220703125,0.014798861708447736,0.021094179101800684,-0.4967283052891234,0.8675234977084755
1785983349.392166,0.08362434387207031,0.0015208123922348022,1.0011898193359374,0.015138711189591442,0.020599696831982397,-0.4967718170215778,0.8675045945818153
1785983349.402123,0.08360313415527344,0.00015279310941696168,1.0020958251953125,0.014912417408494427,0.02026567300444506,-0.4968149060369519,0.867491711706094
1785983349.421132,0.08358689880371094,-0.0027037997245788576,1.0039816284179688,0.014180597225205774,0.019024789683869264,-0.4968261776892553,0.8675256276124201
1785983349.431218,0.08359859466552734,-0.004079096794128418,1.004933837890625,0.013997491585644565,0.01901849645456066,-0.49663262750637194,0.8676395612637094
1785983349.441178,0.08359940338134765,-0.005472150325775147,1.005844482421875,0.014297691556135236,0.018432445747948032,-0.49656966456477075,0.8676833462103613
1785983349.452094,0.08366696929931641,-0.00687489652633667,1.0067930908203124,0.01415070382657938,0.018177688874544736,-0.49691562201809114,0.867493051534083
1785983349.471093,0.08376533508300782,-0.009567185401916504,1.0086412963867188,0.013720873601120558,0.01707292339844671,-0.4965068220699645,0.8677564335543078
1785983349.481228,0.08383680725097656,-0.010935873985290527,1.009542236328125,0.013652254175170223,0.016645852917228268,-0.49672516407333206,0.86764084934036
1785983349.492710,0.08393021392822266,-0.012252532005310058,1.0104609375,0.013516928867806548,0.016278806354357526,-0.4968364566195401,0.8675861988610836
1785983349.511523,0.0841252670288086,-0.014888032913208008,1.01228173828125,0.01321161184026114,0.015852671150704108,-0.49662468672600807,0.8677200452068352
1785983349.521469,0.08422157287597656,-0.016192327499389647,1.0131787719726562,0.013121588917264474,0.015570675608408018,-0.49670737578207774,0.8676791816262682
1785983349.531740,0.08433252716064453,-0.01746065902709961,1.014089111328125,0.012666561052026671,0.015300865884426198,-0.49647915471728166,0.8678213586653878
1785983349.551658,0.08456131744384765,-0.02004079818725586,1.0159047241210937,0.013040992814822466,0.015121660479863297,-0.4967708500376884,0.8676520040041699
1785983349.561718,0.0846776351928711,-0.02127031898498535,1.0167824096679687,0.013199510773916333,0.014820207689262066,-0.49652900991913346,0.8677932239022192
1785983349.582136,0.08496477508544922,-0.023771299362182616,1.018575927734375,0.012690986674926333,0.014145259024579089,-0.4966122417593353,0.8677644442809843
1785983349.601697,0.08525084686279297,-0.02616595268249512,1.0203685913085938,0.012996082701120584,0.013864696452573098,-0.4963567855852566,0.8679105991554946
1785983349.621787,0.08553516387939453,-0.02855473518371582,1.0221697998046875,0.013616079184766655,0.01362055279388964,-0.496532411238435,0.8678045053907106
1785983349.641437,0.08587255096435546,-0.03087502670288086,1.0239207763671876,0.013398666900563525,0.013672876893874407,-0.4965832935546426,0.8677779412866418
1785983349.651310,0.08603223419189453,-0.03201167678833008,1.024784912109375,0.013982034167170525,0.013623468031894743,-0.4966240843664885,0.8677461817769215
1785983349.661362,0.0862204360961914,-0.033133010864257816,1.025666748046875,0.01409207431233418,0.013823513817470776,-0.49637941202434044,0.8678812139064211
1785983349.671273,0.08640345764160157,-0.03423325729370117,1.02658349609375,0.014729168347258337,0.013885086276098841,-0.4966479964222287,0.8677159838360173
1785983349.691220,0.08676293182373047,-0.03640877151489258,1.0282882080078124,0.014186783674837415,0.014159501720042222,-0.49678588182278677,0.867641647946923
1785983349.701789,0.08697403717041016,-0.037446208953857425,1.0291131591796876,0.014616575784223762,0.014192603583772985,-0.49683984140986726,0.8676030821390222
1785983349.721326,0.08736503601074219,-0.03956313705444336,1.0308505859375,0.014916283667428086,0.01433986584459658,-0.4966257580951983,0.8677181132674847
1785983349.731695,0.08758009338378907,-0.04054067993164062,1.031665771484375,0.014581262405997674,0.014872509493596706,-0.49663783753993923,0.8677079297294151
1785983349.751483,0.08801805114746093,-0.04252604675292969,1.033336181640625,0.014291749714697082,0.014685942846579321,-0.4968044646185982,0.8676205318551865
1785983349.761595,0.08821842193603516,-0.043471920013427735,1.0341285400390625,0.014417255448298794,0.014535101500009006,-0.4965662341665723,0.8677573694308
1785983349.781917,0.0886746597290039,-0.04536935043334961,1.0357652587890624,0.01414783538118312,0.014502562370965479,-0.496868185258762,0.867589487948627
1785983349.792102,0.08889703369140625,-0.04627779769897461,1.0365244140625,0.01393326350341497,0.014140471802431517,-0.49696659459205833,0.8675425721861486
1785983349.803113,0.08910799407958984,-0.04718910217285156,1.037323974609375,0.013470863420541856,0.01406392919012381,-0.4968367274913562,0.8676254953422281
1785983349.821177,0.0895403823852539,-0.04899900817871094,1.0388792724609375,0.01413267026354473,0.013928134877053178,-0.49707135996555274,0.8674827537004086
1785983349.831223,0.08975320434570312,-0.04987925720214844,1.0396326904296875,0.013591732906725239,0.013616186421982654,-0.49681507149566245,0.8676431592863638
1785983349.841331,0.08999615478515625,-0.05075529098510742,1.040384521484375,0.013599793739871158,0.013304102402921531,-0.496806055804202,0.8676530258638151
1785983349.851649,0.09024495697021484,-0.051616024017333985,1.0411622314453124,0.01365597385749283,0.013756029147635778,-0.49686204122883615,0.8676130522215977
1785983349.871224,0.09075300598144531,-0.05325828552246094,1.042628173828125,0.013635454770568085,0.014060089189549289,-0.4969477410939253,0.8675594133732053
1785983349.881437,0.09103466033935546,-0.05408143997192383,1.04337939453125,0.013105931043712292,0.01431094381971785,-0.49697757217285427,0.8675463767256294
1785983349.891578,0.09130405426025391,-0.05494762420654297,1.044123779296875,0.013312743812080008,0.014366615114499904,-0.4970029760036003,0.8675277575111355
1785983349.911927,0.0918369140625,-0.05653136444091797,1.045569091796875,0.013960965654803866,0.014666448397177487,-0.49696667392822613,0.867533348470384
1785983349.931433,0.09244373321533203,-0.058088390350341794,1.0470087890625,0.014324074185965253,0.015021621562138442,-0.49722684961296704,0.8673722611601353
1785983349.951250,0.09301659393310546,-0.05954860687255859,1.04843310546875,0.014405001399399155,0.014978051511163906,-0.4972463163247018,0.8673605101925801
1785983349.961776,0.09331252288818359,-0.06029706192016602,1.0491435546875,0.014378785891892796,0.014967015817778328,-0.49742696565184474,0.8672575449792659
1785983349.981207,0.09388981628417968,-0.06167528533935547,1.0505513916015625,0.01491584445846154,0.014927199373488347,-0.4972790970509224,0.8673339582607629
1785983349.991181,0.09419158172607422,-0.062349128723144534,1.0512462158203124,0.014947622191314014,0.015177864674646003,-0.497174643116208,0.8673889510399851
1785983350.001683,0.09449687957763672,-0.06302727127075196,1.0519461669921875,0.014969112728752926,0.01519001825514134,-0.49750084129551947,0.8672013066885269
1785983350.020894,0.09510315704345704,-0.06433115386962891,1.05328857421875,0.015102837748684617,0.01513021789237186,-0.49751517640710907,0.8671918044112318
1785983350.031020,0.09541020202636719,-0.0649395751953125,1.0539866943359375,0.015292677132026285,0.014641805654261935,-0.49751474209770424,0.867197114014816
1785983350.041209,0.09573419952392578,-0.06552645111083985,1.05464404296875,0.015338942130130472,0.014419949227125925,-0.49763528367214405,0.867130844739903
1785983350.051481,0.09604537200927735,-0.06615479278564453,1.055295166015625,0.015069103968541057,0.014559560276627772,-0.4976393562371479,0.867130904885454
1785983350.071126,0.09669599914550782,-0.06731954193115235,1.0565545654296875,0.014821400999428526,0.014021139123861106,-0.4978733024065055,0.8670097546947174
1785983350.081520,0.09700942230224609,-0.06788496398925781,1.0572093505859375,0.01512123893738964,0.014049909745608423,-0.49768124198680846,0.8671143647017779
1785983350.091640,0.09733607482910156,-0.06841315460205079,1.0578514404296875,0.01518810300464137,0.014224936703834628,-0.4977343539207518,0.8670798569963516
1785983350.111329,0.09803254699707031,-0.06948307037353516,1.059088623046875,0.014589986175043876,0.013609369249516027,-0.497784563483742,0.8670711868913468
1785983350.123433,0.09837223815917968,-0.06996904754638672,1.0596822509765624,0.01448500985289049,0.013917698310479882,-0.4980365618098425,0.8669233435315893
1785983350.141455,0.09905490112304688,-0.07091854858398437,1.060948974609375,0.014745145219509483,0.013983304535967429,-0.4981654925464999,0.866843808430505
1785983350.152345,0.09943571472167968,-0.07139954376220703,1.061576171875,0.01441724889208075,0.014026599104576532,-0.498247356726259,0.8668015712423435
1785983350.171549,0.10014911651611329,-0.07224534606933594,1.0627867431640625,0.01416351914680589,0.014176691428326465,-0.4986155763455106,0.8665915580827163
1785983350.191351,0.10089895629882813,-0.07301441192626953,1.06402783203125,0.013458269377834224,0.014307046206861462,-0.4988365260970001,0.8664734882237978
1785983350.201398,0.10130052185058594,-0.07337801361083984,1.0646490478515624,0.013428502602255688,0.01451925500235357,-0.49909958024789314,0.8663189206772629
1785983350.211535,0.10169569396972657,-0.0737257080078125,1.0652484130859374,0.01315758885600782,0.014499413730460473,-0.4992318498700261,0.866247200018691
1785983350.222224,0.1020805206298828,-0.07406864929199218,1.06585693359375,0.012802054394591311,0.014679410777499754,-0.4993616470222941,0.8661746734631738
1785983350.241281,0.10292050170898437,-0.07467488098144531,1.0670926513671875,0.012860658006243746,0.01470817460719893,-0.4995125484414755,0.8660862950185334
1785983350.251835,0.10337790679931641,-0.0749278793334961,1.0676854248046874,0.012470416315472304,0.015209111334354493,-0.49966919392055326,0.8659929949634597
1785983350.261844,0.10383708190917969,-0.07518570709228516,1.0682625732421875,0.01193541815967315,0.015282381203546453,-0.4996095553448572,0.8660336456006913
1785983350.273173,0.10432048034667969,-0.07537781524658203,1.068884033203125,0.011307003898792979,0.015531484239444823,-0.49999928411089056,0.8658127068224906
1785983350.291616,0.1052713623046875,-0.07574163818359375,1.0700665283203126,0.011158728675104524,0.015439614037577702,-0.5005299468812024,0.8655095965100236
1785983350.311248,0.10628652191162109,-0.07606328582763672,1.0712266845703124,0.010394640315226805,0.015145493173491453,-0.5004970664482452,0.865543323237203
1785983350.321317,0.106762451171875,-0.076219970703125,1.071795166015625,0.010630915824530147,0.014938310982072238,-0.5007326352694336,0.8654077971799344
1785983350.332019,0.10726549530029297,-0.07629145050048829,1.0723851318359374,0.010394211267429825,0.01480531643161672,-0.5009830316093062,0.8652680263476665
1785983350.351456,0.10829277038574218,-0.07634500885009765,1.073489501953125,0.010603618689501578,0.014679062092618394,-0.5012779857901996,0.8650967981567081
1785983350.361529,0.10881369018554687,-0.07637237548828125,1.0740335693359375,0.011040374191175824,0.01470835134259571,-0.5016012605019828,0.8649034362362932
1785983350.371771,0.1093431167602539,-0.07636174011230469,1.0745552978515625,0.011054282565629644,0.014521144292611076,-0.5019345593942809,0.864713033844398
1785983350.391267,0.11039350891113281,-0.07628974151611329,1.0756192626953125,0.010957262438356787,0.014140493160673694,-0.5021342360383356,0.8646046519044914
1785983350.401402,0.11092554473876953,-0.07623149871826172,1.07612060546875,0.01096144287310323,0.013467966049234507,-0.5021062823109397,0.8646315677049247
1785983350.411405,0.11144190216064453,-0.07613243103027344,1.076605224609375,0.011212872529360304,0.013277821183169216,-0.5026052551204242,0.8643413266279307
1785983350.421416,0.11200218200683594,-0.07602777099609374,1.0771002197265624,0.01158787072810057,0.01310676631468205,-0.5028411813292168,0.864201754028897
1785983350.433167,0.11254228210449219,-0.07587847137451172,1.0776004638671874,0.012076858943455056,0.012857782821698988,-0.5032675389185027,0.863950586400754
1785983350.451551,0.11361705780029296,-0.07560985565185546,1.07852880859375,0.012545580094075857,0.012050677278759806,-0.5032937667693738,0.863940263590173
1785983350.471266,0.11468888854980469,-0.07520909118652344,1.0794832763671875,0.01342242498618939,0.012126171241970473,-0.5040095260516657,0.8635086605833806
1785983350.481215,0.11521331024169922,-0.07501211547851562,1.07993359375,0.013888495213926775,0.012276115429120294,-0.5043752491550648,0.863285595464342
1785983350.491444,0.11574889373779297,-0.07481661987304687,1.0803685302734376,0.01469564447537829,0.012506800966874152,-0.504766009563448,0.8630405021287847
1785983350.511272,0.11684840393066406,-0.07433090209960938,1.0812684326171875,0.015585815715223945,0.012290480336670032,-0.5054212409864681,0.8626444180835712
1785983350.521476,0.11742118835449218,-0.07408551788330078,1.081740478515625,0.01525005578762291,0.012688644202634875,-0.5054932646651025,0.8626024546447122
1785983350.532071,0.11794747161865235,-0.07385884857177734,1.082158203125,0.015340670968256809,0.01237850915101616,-0.5055008011943114,0.8626009431109346
1785983350.551312,0.11907150268554688,-0.07327632141113281,1.08293017578125,0.016239203897932448,0.012988905768875424,-0.5063123842961272,0.8620993822328424
1785983350.561365,0.11962144470214844,-0.07296001434326171,1.0833433837890625,0.016366333773796905,0.01337244735771799,-0.5067382544302611,0.8618408588690268
1785983350.571490,0.12013311767578125,-0.0726669692993164,1.083742919921875,0.016610617253452288,0.013082487818915202,-0.5069964653657391,0.8616887546482306
1785983350.591609,0.12123330688476562,-0.07202317810058594,1.0845045166015626,0.017160718588452747,0.013562894061543948,-0.5078962836236095,0.8611404750843847
1785983350.611440,0.12233123016357422,-0.071396728515625,1.0852076416015626,0.017723723979144214,0.013855857675326502,-0.5086673397630709,0.8606691715994507
1785983350.631122,0.12343834686279297,-0.07072002410888673,1.0858707275390624,0.018120349843706928,0.01460435866065335,-0.5097560382863653,0.8600041557297545
1785983350.641884,0.12400234985351563,-0.07038994598388672,1.086193603515625,0.018318202957288265,0.014771005633761226,-0.5102993725583701,0.8596748305842824
1785983350.661493,0.12510595703125,-0.06970121002197266,1.0868302001953125,0.01862557532279734,0.014837270035444805,-0.5114063260693102,0.8590090319194182
1785983350.681622,0.12620741271972657,-0.06893974304199219,1.0874871826171875,0.018747733810929982,0.01453707907250838,-0.5128014994438358,0.8581793660698053
1785983350.701359,0.12733007049560546,-0.06821111297607421,1.088072509765625,0.018330178896410983,0.014925350073006905,-0.5138180921224904,0.8575734501986068
1785983350.721178,0.12848666381835938,-0.06744692993164063,1.0886978759765624,0.018090951315466737,0.014908849620883931,-0.5149894280026971,0.8568759083690879
1785983350.732511,0.12902841186523437,-0.06707865905761719,1.0889959716796875,0.017740511295979984,0.01499977274817315,-0.515628718675128,0.8564971073021618
1785983350.742769,0.12961863708496094,-0.06666873168945313,1.089309326171875,0.017493103958398024,0.01515582365110109,-0.5162181904638797,0.8561443073935037
1785983350.761665,0.1308147735595703,-0.06593785858154297,1.08988037109375,0.017069316035886985,0.015324520086539553,-0.5175826532615122,0.855325665113032
1785983350.772011,0.1314017791748047,-0.06556361389160156,1.09014599609375,0.017301596627584938,0.01521502673456784,-0.5181498187226702,0.8549794927446599
1785983350.782117,0.13205625915527344,-0.06513426208496094,1.09042041015625,0.017049847804492504,0.015049704761594118,-0.5188479186496807,0.8545640141408074
1785983350.801165,0.13327445983886718,-0.06435296630859375,1.0909840087890625,0.016514598731736076,0.015530237956481585,-0.5202557637457562,0.8537095589365898
1785983350.811028,0.13396675109863282,-0.06396797180175781,1.0912469482421876,0.01607075818894822,0.01591698868337377,-0.5209720759405867,0.8532739816610004
1785983350.821346,0.13463284301757814,-0.06357243347167969,1.091486572265625,0.015993989805063728,0.01609383921588634,-0.5217530628786025,0.8527947749137165
1785983350.831423,0.13527928161621094,-0.0631548728942871,1.091734375,0.015746397771394124,0.016316883618287384,-0.522687181948203,0.8522229258479852
1785983350.852954,0.13665449523925782,-0.06234896087646485,1.0922242431640625,0.015148842561823236,0.016370875576303127,-0.5239121804556418,0.85148019567896
1785983350.871247,0.13800523376464843,-0.06153936386108398,1.092693359375,0.015275309043418213,0.016797987420367158,-0.5255896065682788,0.8504352151362461
1785983350.881213,0.13869874572753907,-0.06112139892578125,1.0929310302734374,0.014896232809969844,0.016809843234372804,-0.5263343224393235,0.8499810118517798
1785983350.891457,0.13940495300292968,-0.06071524810791016,1.093140625,0.014828300689785504,0.017224343643309648,-0.5270905860668089,0.8495051265205993
1785983350.911154,0.1408354187011719,-0.059852523803710936,1.09355419921875,0.01440001133471303,0.017153409812517777,-0.5288458453883376,0.8484223459270885
1785983350.921278,0.14158493041992187,-0.0594203987121582,1.093774169921875,0.014417276081487568,0.016936889016785913,-0.5297685346718033,0.8478505707308565
1785983350.931529,0.14234274291992188,-0.05898746490478515,1.0939593505859375,0.014248660584351733,0.016773117014370748,-0.5306384570090685,0.8473124971698587
1785983350.941630,0.14308839416503907,-0.05852269744873047,1.0941375732421874,0.014149571595387232,0.017007008769703298,-0.531626707874356,0.8466897939675007
1785983350.952256,0.14383892822265626,-0.058050048828125,1.094292236328125,0.01435717520032921,0.01712359484676128,-0.5328597411715414,0.8459084814299341
1785983350.971373,0.14543063354492186,-0.05708995819091797,1.094678955078125,0.014000765660734906,0.016907672496040537,-0.5349654963798005,0.8445886708870204
1785983350.991701,0.14709828186035157,-0.056137115478515624,1.0949949951171876,0.014032259153753512,0.016881940863181115,-0.5370697315263665,0.8432521587596395
1785983351.011628,0.1487293243408203,-0.055117237091064454,1.095316162109375,0.013779672813114114,0.01683914438631413,-0.5386254931884382,0.8422642890446149
1785983351.031125,0.15041578674316405,-0.054048583984375,1.09555126953125,0.013429502313277705,0.016232035624193012,-0.541035501651684,0.8407358532531244
1785983351.041913,0.1513252868652344,-0.05353426742553711,1.0956783447265626,0.01324808382706909,0.01612515084551915,-0.5423779864407325,0.8398753448575892
1785983351.052534,0.15220620727539064,-0.05296318435668945,1.0957720947265626,0.013029328963913614,0.015952785953668783,-0.5434451010986455,0.8391919645311577
1785983351.071402,0.15404563903808594,-0.05184685516357422,1.095939208984375,0.012671875635172544,0.015369282840749583,-0.5462289878632679,0.8373990161707301
1785983351.093677,0.15591070556640624,-0.0506767692565918,1.0960538330078125,0.01232238639973206,0.014999216688874752,-0.5485242755286232,0.8359092636330739
1785983351.111468,0.15784202575683592,-0.04943037414550781,1.0961590576171876,0.01158149951223367,0.014152346159020161,-0.5506088372756126,0.8345630523130163
1785983351.122839,0.1588013458251953,-0.04875368118286133,1.0961783447265625,0.011249508061357405,0.014234067466123003,-0.5519741440430866,0.8336638341613685
1785983351.142728,0.16073956298828124,-0.04739689254760742,1.096234130859375,0.01073306148273627,0.014040240720619667,-0.5545622684496265,0.8319545495584102
1785983351.163135,0.16274603271484375,-0.04598211669921875,1.0962230224609375,0.010031278628099162,0.013520523424243938,-0.5569727710506484,0.830360099919792
1785983351.181926,0.16483413696289062,-0.044491878509521486,1.0961739501953125,0.009847092422274726,0.013413222997536054,-0.559489811068988,0.8286701828004353
1785983351.192048,0.16588101196289062,-0.04372545623779297,1.0961416015625,0.009777260375844626,0.013249601304582716,-0.5608074466724671,0.827782497114309
1785983351.211564,0.1679310760498047,-0.042085891723632814,1.096005126953125,0.008998591268334688,0.01286022459518403,-0.5635914132176874,0.8259045774961148
1785983351.232403,0.17005844116210939,-0.04040412521362305,1.095811767578125,0.00902023054756289,0.012275993887905795,-0.5664959659616192,0.823923686396635
1785983351.251802,0.17224607849121093,-0.03864730453491211,1.0955941162109375,0.009199982490144325,0.01203645309446617,-0.5691465977371459,0.8220964923803766
1785983351.272946,0.17448646545410157,-0.03683519744873047,1.0953131103515625,0.009081890143231483,0.011753047095585717,-0.5720408912052225,0.8200906044707422
1785983351.291483,0.17668148803710937,-0.03491592788696289,1.0949295654296876,0.009643844967803584,0.010836548188009297,-0.5749357058256749,0.8180699849628206
1785983351.311626,0.17894125366210936,-0.03289832305908203,1.094490966796875,0.00959566795580749,0.010909891275278503,-0.5781165932206905,0.8158247989807896
1785983351.332027,0.1812177734375,-0.03082342720031738,1.094011474609375,0.0096900241091923,0.010754038621363295,-0.5810480917660731,0.8137404802530246
1785983351.351990,0.18352911376953124,-0.028627092361450196,1.093423583984375,0.009438565766982182,0.011040547715455543,-0.5844092979349018,0.811329029911071
1785983351.371666,0.18591844177246095,-0.026309185028076172,1.092763916015625,0.009008308172622378,0.010260304420228496,-0.5877273334994734,0.8089438569639145
1785983351.382087,0.18712969970703125,-0.02515151596069336,1.0924549560546875,0.009034802790503364,0.010195682304772113,-0.589553921827448,0.8076141338913374
1785983351.401109,0.18957801818847655,-0.0227799129486084,1.0917462158203124,0.008688058161832303,0.010516138938394926,-0.5927016350735959,0.8053065853619634
1785983351.411416,0.19079934692382813,-0.021520395278930664,1.091365478515625,0.008306645252282086,0.01059572224024425,-0.5944514319073924,0.8040187983047061
1785983351.421477,0.19204006958007813,-0.02023412322998047,1.090930908203125,0.007958350800661814,0.010373095403111047,-0.5958492975529569,0.8029898494524863
1785983351.431561,0.19327090454101561,-0.01892677688598633,1.0904810791015624,0.007482841148186963,0.010276797590485989,-0.597487558522567,0.8017774014978108
1785983351.451175,0.19584530639648437,-0.016264394760131837,1.0895526123046875,0.006851302541275414,0.010327595860041405,-0.6009098766950468,0.7992206998560771
1785983351.461549,0.19715403747558594,-0.014902832984924317,1.0890423583984374,0.00660879151040794,0.010241248767281493,-0.6027557869716836,0.797832624194317
1785983351.471775,0.19852214050292968,-0.013602857589721679,1.0884794921875,0.005143728428619888,0.009535026699841891,-0.603930858735738,0.7969630697613573
1785983351.483006,0.19984596252441406,-0.012181446075439454,1.087942626953125,0.004779419047041219,0.009801060335539596,-0.6053879094765474,0.7958558755739469
1785983351.501244,0.20252096557617189,-0.009282926559448242,1.0867918701171875,0.004305085139060389,0.009859175200002655,-0.6090611595693046,0.7930502967057919
1785983351.511462,0.20391217041015625,-0.007826412200927734,1.0861566162109375,0.003599758008485847,0.009309749022000059,-0.6107207106661091,0.7917831558973653
1785983351.521469,0.2052826385498047,-0.006301230430603028,1.085494140625,0.004052057297429852,0.009731191590749273,-0.6123359900615689,0.7905273767368811
1785983351.531918,0.20669595336914062,-0.004796082496643066,1.084800048828125,0.0032274489600316062,0.009488517662604896,-0.6140278178021289,0.7892207492167894
1785983351.545006,0.20806576538085939,-0.0032579128742218017,1.0841463623046874,0.00355564365621486,0.009787414399808155,-0.6157431765801661,0.7878780989060183
1785983351.561263,0.21089582824707032,-9.651447087526321e-05,1.0827105712890626,0.00355092165208962,0.009696759580535622,-0.6191579846871926,0.785198542656253
1785983351.571551,0.21230699157714844,0.001485939621925354,1.081956787109375,0.004208652124352749,0.009579191348036645,-0.6210633664458718,0.7836905173418465
1785983351.581801,0.21371612548828126,0.0031148686408996582,1.081178955078125,0.004478051590753698,0.009456963057728623,-0.6228475705422477,0.7822732232853525
1785983351.602363,0.21660029602050782,0.006331265926361084,1.0795791015625,0.005780068173786509,0.009566480082202195,-0.626595718092858,0.779264308373256
1785983351.621275,0.2195317840576172,0.0096621675491333,1.0779197998046874,0.0071864442169203655,0.009487402974689137,-0.6298224134250302,0.776647972818153
1785983351.631710,0.22100067138671875,0.011344916343688964,1.0770731201171875,0.00766247743392279,0.009628408954256908,-0.6313731338592131,0.7753815446221056
1785983351.651195,0.22396588134765624,0.014721189498901367,1.075302978515625,0.008794120556698086,0.009854575694953007,-0.6349716139097185,0.7724225387963937
1785983351.661323,0.22546875,0.01641310119628906,1.074418701171875,0.009272787842583648,0.010245762071613056,-0.6365795074272425,0.7710872569675574
1785983351.671296,0.22698516845703126,0.018148319244384765,1.0734842529296875,0.010222945386153606,0.010455640461435553,-0.6386182806200641,0.7693847332810535
1785983351.681298,0.2284769744873047,0.01989129066467285,1.0725633544921875,0.010726851983171574,0.010384799906794097,-0.6400764772330111,0.7681661178557491
1785983351.691417,0.22996722412109374,0.02162151527404785,1.07167822265625,0.011783018118473394,0.011040547983269457,-0.6417797657771585,0.7667189830097896
1785983351.712463,0.23297787475585938,0.025096004486083984,1.0697701416015626,0.01320865664347778,0.011283720861679735,-0.6453798744075955,0.7636642260546448
1785983351.731369,0.2360325164794922,0.0285753231048584,1.067830810546875,0.014234393460173286,0.011951742931538245,-0.6489842416660054,0.7605747680173063
1785983351.741601,0.23753713989257813,0.030301889419555663,1.066894287109375,0.014894334582658507,0.012344045226828245,-0.6506431815145672,0.7591371633771281
1785983351.751598,0.23907232666015624,0.032026683807373044,1.0659617919921875,0.016383686804899707,0.013155606846337561,-0.6523066505712571,0.7576638719966355
1785983351.762035,0.2406217803955078,0.03378792572021484,1.065004638671875,0.016927196303150337,0.013555154017935679,-0.6540915916292238,0.7561044345021168
1785983351.781602,0.24369241333007813,0.03723028182983398,1.0630416259765625,0.017788945959467985,0.01459960682193695,-0.6579207261629989,0.7527354988204572
1785983351.801648,0.24687342834472656,0.04085237503051758,1.0610682373046876,0.017722432763726186,0.014302148476836942,-0.6615864424265128,0.749523001222467
1785983351.811529,0.2484273681640625,0.04261845016479492,1.06008984375,0.01773232639634855,0.01433288453422515,-0.6635323553977477,0.7478000592250219
1785983351.822091,0.24997219848632812,0.044360023498535156,1.059111328125,0.017537287266319847,0.014620782835188256,-0.6652641427793552,0.7462588596896346
1785983351.841353,0.2531181182861328,0.047844043731689455,1.0571051025390625,0.01743802226694144,0.01450569558027204,-0.6692463494329661,0.742694290201359
1785983351.851391,0.2546570892333984,0.04959579086303711,1.0561141357421875,0.017234293993629284,0.01500012509388412,-0.6711127034600204,0.7410031782642279
1785983351.861444,0.25619708251953127,0.051341976165771484,1.0551351318359374,0.01698754978388971,0.014783064725513441,-0.6728871116953485,0.7394023398720022
1785983351.871490,0.25775210571289064,0.05307963943481445,1.054162353515625,0.017001695243499777,0.014474073360547715,-0.6745736851031341,0.7378697636221568
1785983351.881850,0.2593067626953125,0.054807605743408205,1.053115966796875,0.016979865524502778,0.014823211246842495,-0.6766957472088638,0.7359176612314147
1785983351.891986,0.26085476684570313,0.056499366760253904,1.05208837890625,0.01667499297972001,0.014589621769631219,-0.6786963377728091,0.7340847149305474
1785983351.911528,0.26396029663085935,0.06000714874267578,1.0501015625,0.017273621032096644,0.014456450413474141,-0.6823022083540029,0.730723149322881
1785983351.921984,0.26552151489257814,0.06174759292602539,1.0490716552734376,0.01701518450570761,0.014366736479702148,-0.6842214345762203,0.7289342380661825
1785983351.941118,0.2686158752441406,0.06524082183837891,1.0469444580078124,0.01667647886525514,0.013288386066710699,-0.6880873626575373,0.7253144893686755
1785983351.951468,0.27011068725585935,0.0670132293701172,1.045817626953125,0.015929245403933673,0.013681703819985822,-0.6899793179920766,0.7235244394405348
1785983351.961693,0.2716236267089844,0.06872696685791016,1.04475830078125,0.01543601129204824,0.013000597896522496,-0.6918992196311,0.7217119910426844
1785983351.971511,0.27320257568359374,0.07050749969482421,1.0436719970703126,0.015403269933164012,0.012256946543607428,-0.6937955278473987,0.7199029764508836
1785983351.991173,0.27631451416015623,0.07409645843505859,1.0413857421875,0.014223538612750936,0.011718550108485487,-0.6976140414516683,0.716236703771736
1785983352.002055,0.2778555908203125,0.07585718536376954,1.0402886962890625,0.01407240159396467,0.011126334068397747,-0.6997079204301468,0.7142037408487206
1785983352.022566,0.2809713134765625,0.07951400756835937,1.037890869140625,0.013096306879717806,0.009738615635755739,-0.7038127315282728,0.7101980699447152
1785983352.041839,0.2840662231445312,0.08319573211669921,1.035511962890625,0.012709537667166822,0.009028750083462324,-0.7076401219791982,0.7064010231245431
1785983352.061121,0.2871485595703125,0.0869074478149414,1.03299169921875,0.011738303995296687,0.00821263100691874,-0.7117514950296489,0.7022852586933974
1785983352.071903,0.2886732788085937,0.08879730224609375,1.0316937255859375,0.01113223437213216,0.007428552481939423,-0.7135576405935531,0.7004686989700193
1785983352.082542,0.2902418212890625,0.09066959381103516,1.030440185546875,0.010793065892546288,0.00718262063566397,-0.7155725466430058,0.6984181069128829
1785983352.102048,0.2933692932128906,0.09456968688964844,1.02782763671875,0.009956633236878776,0.006346143567442634,-0.7194253708239704,0.6944693753697954
1785983352.112247,0.29491705322265627,0.09652262115478516,1.0265126953125,0.009471241564895642,0.0061461652212508894,-0.7214845783565681,0.6923384437011174
1785983352.132002,0.2980786743164062,0.10055082702636718,1.0238013916015625,0.00892877830072141,0.0056491663683212396,-0.7258346972201235,0.6877880292328091
1785983352.142122,0.2996661376953125,0.10256392669677734,1.0224366455078124,0.008224015127530782,0.005578256669835556,-0.727847811074061,0.68566669533693
1785983352.152546,0.30123703002929686,0.10457508087158203,1.0210711669921875,0.007589256668357021,0.005645417112306287,-0.7296725494516496,0.6837313077671239
1785983352.171634,0.30440133666992186,0.10870267486572266,1.0183348388671876,0.007071788598883652,0.005795977628547422,-0.7337587063957072,0.6793486213498022
1785983352.191503,0.307561767578125,0.11295398712158203,1.0154815673828126,0.006493927811067816,0.0061893388505971985,-0.737675157059002,0.6750961990704917
1785983352.201460,0.3091309204101563,0.11511202239990234,1.0140691528320311,0.006711906814437028,0.005911166146555791,-0.7396890755204131,0.6728893471504956
1785983352.221210,0.3122840881347656,0.11945272064208984,1.0111681518554687,0.006809307230799286,0.006224209275112754,-0.7438450650048687,0.6682884095584178
1785983352.232733,0.313813232421875,0.12168132781982421,1.0097196044921875,0.006893101013009827,0.00622369182573801,-0.7459787026478834,0.665905063715007
1785983352.252093,0.31696597290039064,0.1261165237426758,1.00678466796875,0.007161891452931331,0.006333967361255206,-0.7498469077953117,0.6615422881092691
1785983352.271529,0.32016693115234374,0.13063418579101563,1.0037523803710937,0.007854504012019215,0.006839367730324795,-0.7542821096860143,0.6564678443644221
1785983352.281540,0.3217947692871094,0.13294917297363282,1.00228125,0.007784807130359398,0.006900649004598102,-0.7561080831140496,0.6543640870830264
1785983352.292354,0.3234119873046875,0.13524911499023437,1.0007677001953126,0.007875681839205437,0.007330439159467803,-0.7582740049826077,0.6518472020914478
1785983352.311309,0.3266476745605469,0.1398781280517578,0.9976656494140625,0.008083833408873904,0.007762266258815527,-0.762287330374142,0.6471417188177635
1785983352.321707,0.32830352783203126,0.14219688415527343,0.9961138916015625,0.00802033299457619,0.008425960909452487,-0.76467636243884,0.6443095114782305
1785983352.342132,0.33161459350585937,0.14694851684570312,0.9929663696289063,0.007961280949623162,0.00868383799483903,-0.7687127817235017,0.6394856194761268
1785983352.361468,0.33493466186523435,0.15174327087402345,0.9897045288085937,0.007233902264875191,0.008788112827596029,-0.772647338116993,0.634733410531338
1785983352.371431,0.33669000244140623,0.15417204284667968,0.988037841796875,0.007063601785982449,0.009564598019595237,-0.7744839951337552,0.632481765267476
1785983352.391577,0.34014276123046877,0.15901531982421874,0.9847055053710938,0.006296764137717636,0.009933983151092462,-0.7787338111178481,0.6272442162723347
1785983352.411992,0.3436920776367188,0.16395414733886718,0.9813121337890625,0.005675258908540033,0.01037553231323804,-0.7830149318731806,0.6218904627502204
1785983352.431594,0.3473277282714844,0.16886024475097655,0.9777882080078125,0.005208584497471871,0.011073833559359501,-0.7872253881392246,0.6165439594514733
1785983352.443276,0.3491542053222656,0.17133688354492188,0.976013916015625,0.005264934298733189,0.01123282652651885,-0.7893519973716996,0.6138155699149075
1785983352.461343,0.35292562866210936,0.17632786560058594,0.9724047241210938,0.005008329338930533,0.011886898150997053,-0.7934872456115786,0.6084501816986054
1785983352.471459,0.3548596496582031,0.17880038452148436,0.9705596313476562,0.005157480716375244,0.01282262926167932,-0.795732548145373,0.6054904626214099
1785983352.481871,0.3567904052734375,0.1812873077392578,0.9687420654296875,0.005402857237688008,0.013208145973972057,-0.7978296494745958,0.6027140123805422
1785983352.501647,0.360743408203125,0.1862942199707031,0.964947265625,0.005343160651158395,0.013361317794548508,-0.8019283265983493,0.5972468962642618
1785983352.521600,0.36476510620117186,0.19129173278808595,0.9611658325195312,0.004951670762217738,0.013649554977744569,-0.8059227307181167,0.5918426558912825
1785983352.541453,0.36889627075195314,0.19622712707519532,0.9572704467773437,0.005613522372065444,0.01401380938616955,-0.8096504549621293,0.5867181917637431
1785983352.553472,0.370968017578125,0.1987179412841797,0.9553106689453125,0.006113055780982925,0.01341621760650676,-0.8114981099348968,0.5841690396658858
1785983352.572468,0.37527157592773436,0.20366014099121094,0.9513707885742188,0.006697504631547773,0.013408390551778403,-0.8155528993171944,0.5784884096759203
1785983352.591488,0.37962677001953127,0.20859463500976563,0.9474717407226563,0.007311141541311347,0.013433163134538696,-0.8192405298368439,0.5732460671704618
1785983352.611327,0.38410888671875,0.21350164794921875,0.94346923828125,0.007979948331324318,0.01306285226270919,-0.8231435054519451,0.5676270450058729
1785983352.621780,0.38634332275390626,0.21595924377441406,0.9414925537109375,0.007840859003172551,0.012533357505374921,-0.8253060707899552,0.5644921154032466
1785983352.631782,0.38864248657226563,0.21837246704101562,0.939544921875,0.008063570518160002,0.012639575178529884,-0.82751898758055,0.561237494599118
1785983352.642954,0.3909083557128906,0.2208189239501953,0.9375446166992187,0.008120148395166745,0.012547349893349453,-0.8295828329611771,0.5581836328646943
1785983352.653191,0.39324298095703125,0.22322264099121095,0.9355172119140625,0.008463201015961853,0.012256494157513105,-0.8317281238744961,0.554983322079835
1785983352.671276,0.39798272705078125,0.2280013427734375,0.9316054077148438,0.008707575264337668,0.012174651734960979,-0.8356081562782264,0.5491219748677012
1785983352.681548,0.40035784912109373,0.2303099670410156,0.9295980834960937,0.009006204465245932,0.011683781211285648,-0.8375680142632953,0.5461338606962755
1785983352.691435,0.4027941589355469,0.2326539611816406,0.9275394897460938,0.009119631242291508,0.012102719171643355,-0.8393933789189624,0.5433131024796031
1785983352.711321,0.40777438354492185,0.23728109741210937,0.9235640258789063,0.009068528522263843,0.012424068518225816,-0.8431188706822464,0.5375071769057783
1785983352.721444,0.4102684631347656,0.23951753234863282,0.9215873413085938,0.00882567961661721,0.012467422752029146,-0.8448425368432765,0.5347969491839145
1785983352.731632,0.4128188781738281,0.24174386596679687,0.9195761108398437,0.008773353835612518,0.012567252660838584,-0.8468274271393977,0.5316468677812896
1785983352.752226,0.41797653198242185,0.24614945983886719,0.9156133422851562,0.008663262381686906,0.013230829331867044,-0.8505575208494921,0.5256441277619462
1785983352.762637,0.4205867004394531,0.24833084106445313,0.9136527709960938,0.008554976383566781,0.0137477943610144,-0.8524559223647658,0.5225483045882109
1785983352.782396,0.4259241943359375,0.2526123657226563,0.9096969604492188,0.007706838004505103,0.014193193307835804,-0.8559611001773794,0.5167878865954655
1785983352.801984,0.43137225341796875,0.25683831787109374,0.9057286376953125,0.00717851141254061,0.014437074344779116,-0.8595437147266943,0.5108077917032535
1785983352.812626,0.43419747924804686,0.2588426818847656,0.903789794921875,0.006863941169461593,0.014666525572310227,-0.8611630428242445,0.5080708726743731
1785983352.831566,0.4398719482421875,0.26287982177734376,0.8998810424804687,0.006310277979260511,0.01514299354046485,-0.864609051478699,0.5021772663471908
1785983352.841841,0.44272747802734375,0.2649022216796875,0.8978885498046875,-0.005715968519506719,-0.014803742373261618,0.8663347450379757,-0.4992116566139151
1785983352.861358,0.44862066650390625,0.2688128967285156,0.8939498901367188,-0.0053551763869248365,-0.015649148997574767,0.8699851315833735,-0.4928004419244781
1785983352.873068,0.45159689331054687,0.27076568603515627,0.8920021362304688,-0.0053556560098359084,-0.015660163442013465,0.8717137084995665,-0.48973594422197625
1785983352.891887,0.45770867919921876,0.27445498657226564,0.888091552734375,-0.0048323971368929896,-0.015658371241343994,0.8748817534248056,-0.48405928613172317
1785983352.911332,0.46392446899414064,0.2780821533203125,0.8841634521484375,-0.0052529345539681135,-0.01546392779210157,0.8775496291393179,-0.4792075886123981
1785983352.921714,0.4671043701171875,0.27985528564453127,0.8822092895507813,-0.005189690095168983,-0.014809608153836779,0.8792655379999788,-0.47607337442871184
1785983352.941163,0.47354327392578127,0.2833843688964844,0.8783007202148437,-0.004665230378339805,-0.013714123551269615,0.8821572091350999,-0.4707322051010182
1785983352.951338,0.4767989807128906,0.2850912475585938,0.87637158203125,-0.004891202722417636,-0.013579540656912753,0.8838038912208799,-0.46763485462335347
1785983352.961668,0.48012713623046877,0.28682537841796873,0.8744314575195312,-0.00534421616922276,-0.012572190511599496,0.885101279953292,-0.46519790583011783
1785983352.982060,0.48684857177734375,0.29012704467773437,0.8705234985351562,-0.004338105705470924,-0.011326407267748508,0.8883018645592827,-0.45909987061659463
1785983352.992049,0.4902408447265625,0.2917486572265625,0.8686045532226563,-0.004782377840732014,-0.010460762389185245,0.8896463103117149,-0.45650536894307076
1785983353.002374,0.49367935180664063,0.29338381958007814,0.8666988525390625,-0.004672212699141831,-0.00977349675523322,0.8910313649608107,-0.45381246902123773
1785983353.021648,0.5006697998046875,0.2965673828125,0.8628429565429687,-0.00509675596374907,-0.008581707151636597,0.893776779507202,-0.4484009769351988
1785983353.032015,0.5042297058105468,0.2980869445800781,0.8609577026367188,-0.004832209159582535,-0.007938108727551086,0.8950989017370947,-0.44577077343645
1785983353.043006,0.5077861022949218,0.29962490844726564,0.8590503540039063,-0.005395140261561939,-0.007402621302305061,0.896474061129545,-0.44300155181664597
1785983353.053574,0.5113450317382813,0.30113400268554685,0.8571251220703126,-0.005496173145186978,-0.006109544676413162,0.8976459250258889,-0.44064073286673655
1785983353.072672,0.5185974731445312,0.304220703125,0.8532931518554687,-0.0064437207476604206,-0.005199272141259222,0.9007754713602641,-0.434206169112892
1785983353.091630,0.525996337890625,0.30712026977539064,0.8495342407226563,-0.006440624298534765,-0.003409056173039606,0.9034361728907853,-0.4286606915779834
1785983353.103056,0.5297186279296875,0.3085633544921875,0.8476386108398437,-0.006495034549001775,-0.0026812129672901756,0.9046412856399383,-0.4261159082024318
1785983353.121392,0.5372308959960937,0.311444091796875,0.8438424682617187,-0.006972999834173795,-0.0005243874319376276,0.9068966482274678,-0.4212951092871295
1785983353.132167,0.5410822143554688,0.3129614562988281,0.8419154663085937,-0.006135285278721791,0.0003368854323424649,0.9081333748890058,-0.41863589661522377
1785983353.151197,0.5487138061523438,0.31566766357421877,0.8380146484375,-0.00699829030783663,0.0012486269099123155,0.9107383372900149,-0.41292267356657064
1785983353.161345,0.5525656127929688,0.3170371704101563,0.836112060546875,-0.007499884089110159,0.0017840797286304121,0.9119189960201669,-0.41029784328416186
1785983353.172208,0.5563203125,0.31852618408203126,0.8345377807617187,-0.009051301923816165,0.004020284729109284,0.9131873497769952,-0.4074196431259656
1785983353.192269,0.5640489501953125,0.3212930297851562,0.8308204956054688,-0.009723572879029167,0.0051935580916323155,0.9158848341758393,-0.4012897094453375
1785983353.211962,0.571846435546875,0.32407540893554687,0.82712646484375,-0.010715758040630631,0.006325073578566547,0.918351681967916,-0.39556966902511326
1785983353.222735,0.5757846069335938,0.3254750366210937,0.8252703857421875,-0.010634475084002983,0.00714517728655285,0.9194976897747397,-0.39288655890585894
1785983353.241651,0.583708251953125,0.32826470947265624,0.8216143188476562,-0.011116472240735187,0.0084059668401315,0.9217806945668748,-0.3874611149314335
1785983353.251625,0.5876442260742187,0.32965664672851563,0.8197925415039062,-0.011856094983718176,0.008927148042965615,0.9229724946082496,-0.38457964376029813
1785983353.261517,0.5916336669921874,0.3310902709960937,0.8180341186523438,-0.011826396901527366,0.009889803121664487,0.9240879072631762,-0.3818689167224999
1785983353.271960,0.5956476440429688,0.332527587890625,0.816240234375,-0.012126922444823458,0.01043775205181858,0.9251945262065668,-0.3791557346963088
1785983353.281878,0.5997179565429688,0.3340048828125,0.8144822998046874,-0.012399090275200303,0.010928772799440522,0.9265445749308358,-0.375821756675752
1785983353.293864,0.603738525390625,0.33545492553710937,0.8127092895507813,-0.01247291721119912,0.011668432749581651,0.9276863969142097,-0.37296945463810344
1785983353.311271,0.611810791015625,0.33843710327148435,0.8091959228515625,-0.012553502121457994,0.013013586822607195,0.9297437650820747,-0.36776296421768095
1785983353.321936,0.61585400390625,0.33995126342773435,0.80740576171875,-0.012656991734895984,0.014158011462147116,0.9309326296727276,-0.3646968586454985
1785983353.332716,0.6198914794921875,0.34145159912109374,0.8056400146484375,-0.012699748580609384,0.014679936345079431,0.9318527364086123,-0.362317124480244
1785983353.351952,0.6279541015625,0.3445479431152344,0.8021435546875,-0.013383494362510231,0.015675450575566192,0.9338234335584357,-0.35713997230267397
1785983353.362051,0.6319856567382812,0.34615420532226565,0.80036328125,-0.013373396411799186,0.017010615544462596,0.9349394879292259,-0.3541467845340602
1785983353.372126,0.6360494384765625,0.34782296752929687,0.7986026000976563,-0.013177662824272553,0.017394945283166926,0.9358560453451698,-0.35170616477450783
1785983353.391483,0.6440122680664062,0.3511376953125,0.7949542846679688,-0.013440959133386304,0.01919260989061874,0.9376769852471102,-0.3467172613524594
1785983353.405758,0.6480468139648438,0.352822021484375,0.7931300659179688,-0.01396012390558982,0.020312227081366964,0.9386764615153614,-0.3439171853975912
1785983353.421407,0.6560101318359375,0.3563525390625,0.7895574340820313,-0.014652853399275268,0.02133868029846223,0.940581938242667,-0.33857876967119277
1785983353.431554,0.6599916381835937,0.3581274719238281,0.7877057495117188,-0.015318430115136271,0.021447055166176628,0.9414645212587317,-0.33608022273917854
1785983353.441827,0.6639754028320313,0.3599352111816406,0.78586767578125,-0.01585071662085207,0.02177839219559108,0.9424809380078455,-0.333172829211626
1785983353.451788,0.6679224243164062,0.36179605102539064,0.7839991455078125,-0.016596654148932133,0.022380105629515874,0.9434342206561223,-0.33038697378990717
1785983353.471273,0.6758842163085937,0.36558218383789065,0.780250244140625,-0.01651758551019282,0.02278154880770847,0.9453030814340041,-0.3249773137143294
1785983353.482139,0.679826171875,0.3675269775390625,0.778375732421875,-0.017385240483219714,0.022793324253695867,0.9461876388696858,-0.32234635999616396
1785983353.501374,0.6876915893554687,0.37155169677734373,0.7744776000976562,-0.018547522973228578,0.023037782640333453,0.9479601015193471,-0.31701245599145944
1785983353.512450,0.69160791015625,0.3735734252929688,0.772538330078125,-0.01885106636394121,0.023206550487374904,0.9488630373967938,-0.31426901582597544
1785983353.531499,0.6994525756835938,0.37774566650390623,0.7685964965820312,-0.019426072338365637,0.02336904871545086,0.9507431458334723,-0.3084866037035743
1785983353.541383,0.7033197631835938,0.3798948059082031,0.76657861328125,-0.01960278229045121,0.023352552877026846,0.951490149229498,-0.3061648080052006
1785983353.551645,0.7072092895507812,0.3820506591796875,0.7645750732421875,-0.01992877237680789,0.023222794628169938,0.9523608083347277,-0.3034344085425504
1785983353.562912,0.71109521484375,0.3842657775878906,0.762546875,-0.02029306530568624,0.023664801318659147,0.9532609123507785,-0.3005358717139168
1785983353.572848,0.714951416015625,0.38649462890625,0.7605106201171875,-0.020990692454665647,0.023364607750691595,0.9539868882295872,-0.2981987637710743
1785983353.592395,0.7226572875976562,0.39103390502929686,0.7564334106445313,-0.021492333604921105,0.022680150208469113,0.9557142888850543,-0.29263266436392965
1785983353.602693,0.72648046875,0.39332272338867186,0.75428369140625,-0.021640215185077517,0.02261142206731914,0.9565186587521319,-0.2899870640618476
1785983353.622383,0.7340911254882813,0.3980123596191406,0.7501334838867187,-0.022558685677384543,0.022390901002304953,0.958067655881578,-0.28477379012233023
1785983353.641320,0.7416838989257812,0.40278887939453123,0.7458818359375,-0.02266738754477221,0.021972329435100583,0.9596389665197228,-0.27945744568763226
1785983353.651639,0.7454603271484375,0.4051882934570312,0.743760498046875,-0.023346794991351907,0.02189424815907633,0.9603245105855074,-0.2770422290804962
1785983353.662295,0.7492453002929688,0.4076506042480469,0.7416193237304688,-0.023160756649878107,0.02165509067259507,0.9611571921450525,-0.27417421371923145
1785983353.681405,0.7567608032226563,0.412618896484375,0.7373694458007812,-0.023356644001801305,0.021334107033748672,0.9625545944484675,-0.2692359079196242
1785983353.691375,0.760485107421875,0.41513140869140625,0.7352137451171875,-0.02349864123711179,0.021638752026799355,0.9633358357503149,-0.2663899962872096
1785983353.703079,0.7642129516601562,0.4176353454589844,0.7330771484375,-0.0232177583530992,0.021035750175234177,0.9639833297247722,-0.26411089330467163
1785983353.723964,0.7716856079101563,0.42273779296875,0.7288243408203126,-0.02307888070417349,0.020843661417251826,0.9654261418238315,-0.25881515623488555
1785983353.741342,0.7790617065429688,0.4279067077636719,0.7246309204101562,-0.023018178308396718,0.02108504166153801,0.9667232678068751,-0.2539127812506879
1785983353.751765,0.7827817993164062,0.43051361083984374,0.7225130615234375,-0.02227851937189004,0.020927092136350373,0.9674960604052707,-0.2510320750363037
1785983353.761861,0.7864437866210937,0.43318096923828125,0.7204308471679688,-0.022236558448946297,0.020789623306965124,0.9682220820221953,-0.24823240113249218
1785983353.771775,0.7901390380859376,0.43585983276367185,0.7183436279296875,-0.02226593926936319,0.02071963902411108,0.9687740799772142,-0.24607257461027257
1785983353.781774,0.7938056030273437,0.438560546875,0.7162420654296875,-0.021818808324503704,0.02134927157442634,0.969508274245698,-0.24314985509058432
1785983353.792065,0.7974827880859375,0.4412663879394531,0.7141769409179688,-0.022098485243564298,0.02089391018668767,0.9701116897737503,-0.2407455493818214
1785983353.802259,0.8011261596679687,0.44405734252929685,0.7120798950195313,-0.02149767960413388,0.02095942120831956,0.9707863386319512,-0.23805972256078756
1785983353.813070,0.8047997436523437,0.4468119812011719,0.7099996337890625,-0.021519161794399708,0.02108022747294726,0.9714606876959684,-0.23527999754741474
1785983353.832453,0.8120870361328125,0.4523902282714844,0.7058326416015624,-0.02098497507222185,0.021529056348404785,0.9726536379246702,-0.23030637827172257
1785983353.851717,0.8193413696289062,0.4581335144042969,0.701707763671875,-0.020899016682930243,0.02155467244765385,0.9739270086231949,-0.22486618683536352
1785983353.861808,0.8229537963867187,0.4610647888183594,0.6996275024414063,-0.021059377505852687,0.02139811272472508,0.974429998919348,-0.22267646281979997
1785983353.872049,0.8265521240234375,0.4639216613769531,0.6975982055664063,-0.021610264703205845,0.02186321903751134,0.9749909535012785,-0.22010825578643176
1785983353.883065,0.8301207275390625,0.46689398193359377,0.695498779296875,-0.021573244770215907,0.021571809957036732,0.9755819433243164,-0.21750660422185414
1785983353.903126,0.8372493286132813,0.4727845458984375,0.6914290161132812,-0.02167163192907895,0.021117286960771784,0.9766736692095097,-0.2125863649340092
1785983353.921618,0.8443314208984375,0.47879022216796874,0.6874443359375,-0.021786579871051794,0.02098340048468848,0.9776366696706852,-0.20811434639696147
1785983353.932699,0.8478629760742188,0.4818129577636719,0.6853917846679688,-0.02217127716259441,0.020765901110968085,0.9782241189113062,-0.20531629656490827
1785983353.951692,0.854908447265625,0.48792739868164064,0.681331298828125,-0.02259222905055899,0.020821327787774062,0.9790602441878011,-0.20123890957665122
1785983353.972401,0.8619415283203125,0.49409686279296877,0.677372802734375,-0.022667419210058423,0.02064741664508368,0.9799963052227475,-0.19663954354713017
1785983353.991632,0.8689828491210938,0.5003163452148438,0.6733972778320313,-0.023203062852233766,0.020194894249124812,0.9809277056824545,-0.19192347975474452
1785983354.001697,0.87250732421875,0.5034682312011719,0.6714053344726563,-0.023648844197224596,0.02062251966077444,0.9814105582844914,-0.1893376986425474
1785983354.021336,0.8794713134765625,0.509806640625,0.667460693359375,-0.024347359317457292,0.020294036093398204,0.9822371974755418,-0.18494714304215001
1785983354.031460,0.8829861450195312,0.5130178833007812,0.66551171875,-0.02465293570333027,0.020137958475052623,0.9826986859500205,-0.18245544770533206
1785983354.041624,0.8864845581054688,0.5162290649414063,0.6635504150390625,-0.024389015214827017,0.01998939691277106,0.9831490754528089,-0.1800652464688231
1785983354.061581,0.8934043579101563,0.5227074584960938,0.6596404418945313,-0.02503085636242497,0.019865588702349137,0.9839760562292187,-0.17541365079430773
1785983354.081629,0.90028515625,0.529203369140625,0.6557456665039062,-0.0257200800258567,0.019272143037645587,0.9848368106399655,-0.17048024444881124
1785983354.102392,0.9070909423828125,0.5357649536132812,0.651902587890625,-0.026120532115399893,0.01890747997123122,0.9856063392411104,-0.1659529199042097
1785983354.114445,0.9104847412109375,0.53903955078125,0.6499560546875,-0.026323215310058466,0.01843612619219151,0.986013320691658,-0.1635387979145867
1785983354.132105,0.91721630859375,0.5456048583984375,0.6460978393554687,-0.026749978635393645,0.017278512479453847,0.9867724635831793,-0.15895279500916923
1785983354.142911,0.9205503540039063,0.5489459228515625,0.6441747436523437,-0.026824024784986356,0.01738163739141684,0.9871528954039394,-0.15654871907098428
1785983354.161515,0.92718896484375,0.5554959106445313,0.6403046875,-0.027578785112952937,0.016742112596533795,0.9879001742165794,-0.15169828913605843
1785983354.172634,0.9304722900390625,0.5587250366210937,0.6384133911132812,-0.028397705402970774,0.016230115893186046,0.9881794466198748,-0.14977158445975722
1785983354.191880,0.9369804077148437,0.5652215576171875,0.634662353515625,-0.029172328865798326,0.014873536105879999,0.9887786789459176,-0.1457548168396688
1785983354.211735,0.9433140258789062,0.5715814208984376,0.630940673828125,-0.030659318539313123,0.0133798468281325,0.9894374672983258,-0.14104777943197977
1785983354.231401,0.9495623779296875,0.5779208984375,0.627287841796875,-0.031715818967251834,0.01177208631444844,0.9899827836928708,-0.13707521545999768
1785983354.242900,0.9526489868164062,0.58102783203125,0.6255060424804687,-0.032385077417151784,0.01114466973232216,0.9902174382012232,-0.13526427052862883
1785983354.262095,0.9587406005859375,0.5872240600585937,0.6219732055664062,-0.032730236952992896,0.009955309202365203,0.9907668749180483,-0.1311892731852751
1785983354.274368,0.9617257080078125,0.5902754516601563,0.6202399291992188,-0.033645608399558095,0.009474527190888198,0.9910173649936147,-0.12908440744317312
1785983354.292560,0.9676271362304687,0.59641455078125,0.61678515625,-0.03370874674560149,0.008438930177091537,0.991516133945661,-0.12525277198128004
1785983354.311499,0.973414306640625,0.6024091796875,0.6134527587890625,-0.03417951796293295,0.008202875009793605,0.9920102959933027,-0.12116126330588313
1785983354.321537,0.9762557373046875,0.6053633422851562,0.6117871704101563,-0.03422965499448146,0.007873637445541521,0.9922421057385399,-0.11925578280645346
1785983354.331492,0.9791047973632813,0.6083076171875,0.6101575927734375,-0.0339717526240148,0.007804591544384557,0.9924829223446338,-0.11731439407849398
1785983354.351921,0.984660888671875,0.6140964965820312,0.607026611328125,-0.033275321721077805,0.007400635010073816,0.9929399115503801,-0.11361471232158996
1785983354.371605,0.99014892578125,0.619738037109375,0.6039660034179688,-0.03220198798038516,0.007169041801044728,0.993401370584012,-0.10984245167778635
1785983354.381722,0.9928494262695312,0.6225289916992187,0.60246826171875,-0.03137647169513708,0.0072207579502951225,0.9936431734378937,-0.10787317728551546
1785983354.392284,0.9955061645507812,0.625262939453125,0.60102783203125,-0.030969132956314444,0.007109054777034238,0.993836429424209,-0.10620510415054082
1785983354.411795,1.0007661743164062,0.63065234375,0.5981914672851563,-0.029601036829095366,0.007144198915852874,0.9942410011805091,-0.10275001544449995
1785983354.431359,1.0059498291015625,0.6359432983398438,0.5953922119140626,-0.028460946588038383,0.00790947402320016,0.9946193629065897,-0.09929617046688945
1785983354.441702,1.008475341796875,0.6385657348632813,0.5940490112304687,-0.02842114818769224,0.007665866085682293,0.9947876389240526,-0.0976268978760035
1785983354.464755,1.013459228515625,0.643651123046875,0.5913984985351562,-0.028010949414968768,0.00863943819308232,0.9951054550841932,-0.09437097660477525
1785983354.481930,1.018351806640625,0.6486680908203125,0.588808349609375,-0.027489558823340313,0.009407575555677736,0.9954349882609475,-0.09091203139728803
1785983354.492366,1.02075048828125,0.6510986938476563,0.587519287109375,-0.02755300118743516,0.010085283363773392,0.9955572216696992,-0.08947033903439326
1785983354.511610,1.025453369140625,0.6559839477539062,0.5849939575195312,-0.027685701868857913,0.011230512940627872,0.9958138465304816,-0.0863838477718992
1785983354.521590,1.0277645263671875,0.6583679809570312,0.5837734375,-0.027796172858054562,0.011598543245518504,0.9959494841578452,-0.08471991920201082
1785983354.541706,1.0323306884765624,0.6630808715820312,0.5813391723632813,-0.028118717308743053,0.012883774180909774,0.9961559725008098,-0.08195497149530195
1785983354.551653,1.0345645751953125,0.6653941040039062,0.5801204223632812,-0.0286872129653816,0.013333204989836056,0.9962772574339508,-0.08019283036272508
1785983354.562206,1.03679443359375,0.6677168579101562,0.5789325561523437,-0.02837570987431025,0.01416012537519351,0.9963764014042197,-0.07892007283729993
1785983354.581621,1.0411649169921875,0.6722446899414063,0.576606201171875,-0.028778875191195773,0.015372866006467437,0.9965569186002001,-0.0762217289262448
1785983354.592674,1.0433221435546876,0.6744699096679687,0.5754511108398438,-0.028957529602135407,0.015768440909684926,0.9966599893239948,-0.07471058821914543
1785983354.612069,1.047584228515625,0.6789440307617187,0.573156005859375,-0.02918043504433874,0.016923812268755868,0.9968023509875176,-0.07243728802458438
1785983354.631047,1.0517545166015625,0.6833209228515625,0.5709266967773438,-0.028768810867970326,0.017791131144493946,0.996986318370031,-0.06981489727632625
1785983354.641581,1.053816162109375,0.6854990844726563,0.569818115234375,-0.028722676722725635,0.018874293765290998,0.99705618942675,-0.06853990935514806
1785983354.651891,1.0558385009765625,0.6876898803710938,0.568754638671875,-0.028263516757641,0.019007535808599946,0.997155831281506,-0.06723198663393255
1785983354.672481,1.059794921875,0.6919464111328125,0.5666141357421876,-0.02841819376276827,0.020035025451123338,0.9972750297607966,-0.06506549574287512
1785983354.691713,1.0636915283203126,0.6962542724609375,0.5645103149414062,-0.027870722904875144,0.02113211101367754,0.9974232122914721,-0.06263855532876032
1785983354.701654,1.065603271484375,0.6983455810546875,0.563484375,-0.02805359159371776,0.021682348133725396,0.9974966529441074,-0.06118252451620561
1785983354.723107,1.0693592529296876,0.7025145874023437,0.5614443969726562,-0.028206169466952178,0.02256849914903711,0.9976060718771648,-0.05896770037644038
1785983354.741482,1.073040771484375,0.7067053833007813,0.5594681396484374,-0.028168813521210163,0.023402476700387337,0.9977087504434553,-0.05688657326960951
1785983354.751564,1.0748529052734375,0.708734130859375,0.55849609375,-0.02794839501691103,0.023770460758726474,0.9977573116558378,-0.05598401215251337
1785983354.761837,1.0766229248046875,0.710805419921875,0.5574827270507813,-0.02798763116008613,0.02386048931761526,0.997838239269123,-0.054462883406855775
1785983354.781851,1.0801737060546874,0.714935302734375,0.5555668334960937,-0.027730463330614283,0.024537119786499778,0.9979315017335488,-0.05255148241480752
1785983354.791810,1.0818936767578125,0.7169691162109375,0.5546468505859375,-0.027883356356321182,0.02476608924968132,0.9979770583724762,-0.05148730469076074
1785983354.801908,1.0835977783203126,0.7190046997070313,0.5537175903320313,-0.0274736254630546,0.024966949550982914,0.998043202134035,-0.050315263853426946
1785983354.821457,1.087015380859375,0.7231131591796875,0.5518787841796875,-0.02727272072989677,0.025427744077519035,0.9981415735396311,-0.04819787985999033
1785983354.831758,1.088653564453125,0.7251408081054688,0.5509822387695312,-0.027575926347110175,0.025678497076525933,0.9981646906820478,-0.04740718276021418
1785983354.841672,1.0903155517578125,0.7271929931640625,0.5501558227539063,-0.02733692305233046,0.026118294687268003,0.9982061464315168,-0.04642228373648542
1785983354.852481,1.091961669921875,0.7292520141601563,0.549256103515625,-0.027170390538740503,0.02624959336941288,0.9982457420063419,-0.045586912360012936
1785983354.871990,1.095194091796875,0.7333850708007813,0.547530029296875,-0.026840705467998632,0.02698379580911909,0.9983202266920703,-0.0436826459059495
1785983354.882247,1.0967943115234375,0.735439453125,0.546662841796875,-0.02699851779106572,0.02729304443352641,0.9983538922449555,-0.042610753591158214
1785983354.902077,1.0998797607421875,0.7395807495117187,0.5449815063476563,-0.02669791658318106,0.027412945387291686,0.9984313612437289,-0.04087257031643386
1785983354.912065,1.1014344482421874,0.741635009765625,0.5441588745117187,-0.026397013757941037,0.027800062028760328,0.9984762085767395,-0.03969408554838306
1785983354.931538,1.104470947265625,0.7457675170898438,0.5425087890625,-0.02669523227581926,0.02787042832921197,0.9985480496569782,-0.037581930844739764
1785983354.951303,1.1074237060546874,0.74991650390625,0.5408739624023438,-0.025785335315278626,0.02792739260943307,0.9986384853632397,-0.035726212611043
1785983354.961666,1.1088922119140625,0.7520128784179687,0.5401139526367188,-0.025796165256966132,0.028006168141929213,0.9986634785244651,-0.034949616958945
1785983354.981499,1.111801025390625,0.75618798828125,0.5385046997070313,-0.025442344296059297,0.02753135095706749,0.998745093626019,-0.033210466888545544
1785983354.992104,1.1132078857421874,0.7582855224609375,0.537678466796875,-0.025359290048166234,0.027429852659859734,0.9987821091729113,-0.032230393678010984
1785983355.002525,1.114603271484375,0.7604215698242187,0.5369267578125,-0.025327701257007416,0.027387516014154054,0.9988057858710665,-0.03155049448287505
1785983355.021689,1.11739111328125,0.7646378784179687,0.5353900146484375,-0.024699887657446316,0.027010580446237345,0.9988906115759699,-0.029629290396742246
1785983355.031797,1.118765869140625,0.7667455444335938,0.534655517578125,-0.02479784537232161,0.026772761614120587,0.9989162398742335,-0.028889899661063135
1785983355.052036,1.121438232421875,0.770989501953125,0.5331090698242188,-0.024943180415704584,0.026629536299789258,0.9989590591465153,-0.027376957491757118
1785983355.062225,1.122774169921875,0.77315771484375,0.5323466186523438,-0.024684679685527317,0.026342385169086373,0.9989978865323321,-0.026456856981768567
1785983355.081621,1.1253463134765624,0.7774210815429687,0.5308558349609375,-0.024818818807346727,0.025992769405520533,0.9990409856990881,-0.025010305415794427
1785983355.091741,1.1266185302734375,0.7796057739257812,0.5300983276367187,-0.02519295388631688,0.026108917299055498,0.9990460420290423,-0.024303166982763053
1785983355.102052,1.1278720703125,0.7817652587890624,0.5293338623046875,-0.02509723823868348,0.026172217797324353,0.9990664833617067,-0.02348008509803828
1785983355.121316,1.130271484375,0.786138916015625,0.527814697265625,-0.02543275191407723,0.026073914964709562,0.9990898550260175,-0.02219870120176924
1785983355.131379,1.1314393310546875,0.7883562622070313,0.5270374755859375,-0.02628458443026427,0.026116645227919663,0.9990830613407782,-0.021449309804986237
1785983355.141352,1.1325672607421875,0.7905679321289063,0.5262685546875,-0.026444804208987815,0.026408909849767195,0.9990847541733645,-0.02080633600361124
1785983355.151619,1.1336904296875,0.7927636108398437,0.5254715576171874,-0.02739392786283034,0.026467413750472648,0.9990732622446927,-0.020041589556792864
1785983355.161694,1.1347669677734376,0.7949889526367188,0.5246841430664062,-0.027709389521722545,0.02654456907300776,0.9990737842689779,-0.019471923961303216
1785983355.171875,1.1358446044921875,0.797242431640625,0.5239264526367188,-0.028510122675510813,0.026457611573741675,0.999064365417438,-0.018909472994075926
1785983355.192027,1.1379219970703125,0.8017206420898437,0.5224309692382813,-0.02948320281604878,0.026306821338976594,0.9990630305136381,-0.017656474869531247
1785983355.202772,1.1389222412109374,0.8040027465820313,0.5216319580078125,-0.030116880729406444,0.026726323828854943,0.9990425294485579,-0.017108529686725684
1785983355.222056,1.1408363037109375,0.8085187377929688,0.5201062622070313,-0.030934033739051563,0.026722344947369563,0.9990393300810637,-0.015793015413508787
1785983355.241560,1.142656005859375,0.8130767211914063,0.5186069946289062,-0.03181713162258968,0.026993404642876296,0.9990175756019601,-0.01493026967722858
1785983355.251598,1.1434853515625,0.8154016723632812,0.51784423828125,-0.0324849108044224,0.02701473503997545,0.9990035844696546,-0.014379824394246435
1785983355.261457,1.14432958984375,0.8177098999023438,0.5170751953125,-0.03258720933530095,0.027162567400496402,0.9990052774369159,-0.013737437889898497
1785983355.271572,1.1451171875,0.8200006713867187,0.5163145751953125,-0.03288210483643986,0.027184313044872014,0.9990014067278132,-0.013265627270181865
1785983355.281707,1.145864990234375,0.8223088989257813,0.51557177734375,-0.0332610040361256,0.027339111879255765,0.9989898243429789,-0.012868835508987398
1785983355.292217,1.1465643310546876,0.8246318359375,0.5148385620117187,-0.033941807721573715,0.02731990830134556,0.9989708656357607,-0.012600203542968652
1785983355.302196,1.147244873046875,0.8269905395507813,0.5140657348632812,-0.03419518843278378,0.02722360841019614,0.998973766893188,-0.011873353607994182
1785983355.312474,1.1479080810546876,0.82930419921875,0.5133270263671875,-0.03473711549664071,0.027115303199622513,0.9989627584784346,-0.01146704767873715
1785983355.331570,1.14909228515625,0.8339743041992187,0.5118338928222657,-0.03533740480895263,0.02712198369724395,0.9989487591199473,-0.010818833840032927
1785983355.351500,1.150162109375,0.838683349609375,0.5103323669433594,-0.03558463485322616,0.0268851859547921,0.9989534131639309,-0.010149258069169614
1785983355.361760,1.15064599609375,0.8410791625976562,0.5095907592773438,-0.036111229372243016,0.02648656404075152,0.9989492662924597,-0.009736995157612569
1785983355.371687,1.1511273193359375,0.8433782958984375,0.5088184814453125,-0.03602839721559152,0.02621684984652213,0.9989614905637956,-0.009516761689879354
1785983355.391662,1.1519822998046876,0.8481207885742188,0.5073343200683593,-0.036018950258759536,0.026027691630816863,0.9989729464870578,-0.00884647230054378
1785983355.402131,1.152423583984375,0.8505184936523438,0.5066138610839844,-0.035727583549528125,0.025960735130343256,0.9989866919299347,-0.008670526140781265
1785983355.414190,1.152804931640625,0.8529010009765625,0.5059278564453125,-0.03516876910903637,0.025280228877088796,0.9990276437262533,-0.008236096683703835
1785983355.431824,1.1535748291015624,0.8577024536132812,0.5045048522949219,-0.034720076420380684,0.02515485215836108,0.9990501661258233,-0.007779574444554807
1785983355.441896,1.1538973388671876,0.860067138671875,0.5038666381835938,-0.03436953119135394,0.024936646121064634,0.9990687429944793,-0.007651501067326318
1785983355.451943,1.1541929931640624,0.862522216796875,0.5031944580078125,-0.033675166450971676,0.02486974121935057,0.9990974540549913,-0.007193667481391047
1785983355.462405,1.1544854736328125,0.8648953857421875,0.5026037902832031,-0.03369385840557161,0.02452307613735403,0.9991067905649426,-0.006996894307154789
1785983355.481957,1.154908447265625,0.86965283203125,0.5013484191894532,-0.03303980601707837,0.023697769979701737,0.9991514435290623,-0.006570670976499998
1785983355.492261,1.1550718994140625,0.8720535888671875,0.5007705993652344,-0.032817694024820446,0.023129871676849847,0.9991735381037802,-0.006344763688586651
1785983355.511589,1.155313232421875,0.876798095703125,0.49960650634765624,-0.03311915578948084,0.022482893969313772,0.9991811141262624,-0.005893660132215187
1785983355.522295,1.1553760986328125,0.87916015625,0.49905865478515626,-0.033582827160335706,0.022010104041217685,0.9991769085460721,-0.005766364505639024
1785983355.541286,1.155431396484375,0.8838675537109375,0.49795977783203127,-0.0338179329078687,0.02155037690632327,0.9991800179927056,-0.005586485951986868
1785983355.551608,1.155418701171875,0.8861997680664062,0.4974320068359375,-0.03397829059867361,0.021357283063111115,0.9991793170631342,-0.005480904161446908
1785983355.561500,1.155380615234375,0.8885509033203125,0.496889404296875,-0.03420701863463858,0.021196012101044454,0.999173836373468,-0.005679738166468317
1785983355.572033,1.1552960205078124,0.8909065551757812,0.49636053466796876,-0.03493439133095124,0.02096801059071462,0.9991544486585494,-0.005505626629625207
1785983355.591644,1.1550723876953124,0.8955374755859375,0.4953492431640625,-0.035768270361220766,0.021051083497036743,0.9991231068760607,-0.0055230476550756115
1785983355.602105,1.154949462890625,0.8978348388671875,0.4948879699707031,-0.036117272567342346,0.021088098088489327,0.9991091395932459,-0.005635454894379751
1785983355.612286,1.1547528076171876,0.90020361328125,0.49441986083984374,-0.0365791384896107,0.021318260900648284,0.9990876774722227,-0.00559679312830833
1785983355.631724,1.1542962646484376,0.9048257446289063,0.49347027587890624,-0.03712107989214694,0.02169864307132542,0.9990605247676105,-0.005408123336019438
1785983355.642179,1.1540372314453125,0.9071100463867188,0.49302169799804685,-0.037098785318701574,0.022033921344647617,0.9990546034261318,-0.005298723510448795
1785983355.651835,1.153723388671875,0.909472900390625,0.49256613159179685,-0.0378180919332068,0.022457289323068803,0.99901826918711,-0.005287583709201531
1785983355.671634,1.15301025390625,0.9140429077148438,0.49168988037109373,-0.0379468089826778,0.02334438929894704,0.9989938442586617,-0.005135370190155488
1785983355.682053,1.1526123046875,0.9163222045898437,0.4912758483886719,-0.03829022802746983,0.02390064877411771,0.9989672260001318,-0.00520709932072846
1785983355.692145,1.1521551513671875,0.9186077270507812,0.49084933471679687,-0.038205792107730625,0.023962448254804744,0.9989686579895025,-0.005266322427798295
1785983355.711961,1.1511544189453125,0.923166748046875,0.49005191040039064,-0.038795293311178716,0.02460836833962636,0.9989317537748815,-0.004969297337031697
1785983355.721924,1.150595703125,0.9253958740234375,0.48970254516601563,-0.038886798655694256,0.02513822010474322,0.9989145542147474,-0.005058832710176595
1785983355.741363,1.1493831787109374,0.929928955078125,0.4889405822753906,-0.03961068103093413,0.02497420645912483,0.9988892764399673,-0.005243367421512985
1785983355.752720,1.148709228515625,0.9321932373046875,0.48859396362304686,-0.039862448910465725,0.02496654988008131,0.9988796171626566,-0.005212560268086868
1785983355.772025,1.147289794921875,0.9366738891601563,0.4879635009765625,-0.039636894525399445,0.02518167653611773,0.9988845475081515,-0.00494652543501183
1785983355.791886,1.1457083740234375,0.9411627807617188,0.48733624267578124,-0.03964050664412914,0.024534674124798903,0.9989010837540078,-0.004826330197586867
1785983355.802382,1.14487451171875,0.943379150390625,0.48703378295898436,-0.03933521441299412,0.024365065214791298,0.9989178658616621,-0.004709570392747066
1785983355.821610,1.143094482421875,0.9477373046875,0.48643557739257814,-0.039454417444064395,0.023921310127240112,0.9989247874666067,-0.004516493337759759
1785983355.831524,1.1421259765625,0.9499609375,0.48615570068359376,-0.03979856108005064,0.023282780622209048,0.9989277336093322,-0.0041679639669654185
1785983355.841698,1.1411307373046875,0.952156982421875,0.48593051147460936,-0.03990525401734656,0.02276027046298212,0.9989361393915741,-0.004016578602092969
1785983355.853173,1.1400950927734375,0.9543638916015625,0.485653564453125,-0.03968003605253675,0.022389274173915383,0.9989537114993443,-0.003961998114280886
1785983355.871892,1.1379312744140626,0.9587141723632813,0.48514208984375,-0.040018139038575304,0.02180986069722327,0.9989543752953192,-0.0036114062067317586
1785983355.882240,1.1367947998046875,0.960948974609375,0.48493246459960937,-0.04005799039514535,0.021495401373885326,0.9989599243140785,-0.0035153537535370554
1785983355.902268,1.1343975830078126,0.9652949829101563,0.4844912414550781,-0.039973142274226374,0.02103620262558752,0.9989740950554513,-0.0032224826267402812
1785983355.921828,1.13187744140625,0.9696272583007812,0.4840350952148437,-0.040437934099567086,0.020561473084783434,0.9989665771292724,-0.002788431011059439
1785983355.931946,1.1305537109375,0.9717955932617187,0.48381173706054686,-0.040483723045199815,0.020370936131825584,0.9989695977314115,-0.002415516582557067
1785983355.951494,1.127832763671875,0.9760632934570312,0.48340380859375,-0.040462159449879874,0.019854793046920113,0.9989809193144533,-0.002394161780903084
1785983355.962936,1.1264022216796874,0.9781986694335938,0.48320263671875,-0.04039268333135125,0.019729428892563936,0.9989871767087863,-0.0019534375838274895
1785983355.981655,1.123479736328125,0.9824185180664062,0.48278692626953124,-0.04020265713403962,0.019556327136870486,0.9989989082852643,-0.0015737694146535073
1785983355.991745,1.1219361572265625,0.9845731201171875,0.4825548400878906,-0.039915757407651145,0.019492394659592956,0.9990122506418656,-0.0011445392534284835
1785983356.002028,1.1204063720703126,0.9865928344726562,0.48231951904296877,-0.04060688738372769,0.01952899906088759,0.9989831194754506,-0.00155692377376595
1785983356.012088,1.1188173828125,0.9886984252929687,0.48211911010742187,-0.03988670503852767,0.019555054444288445,0.9990121089408591,-0.0012076946324122036
1785983356.022233,1.117183837890625,0.9908132934570313,0.4819241943359375,-0.0394513886348322,0.019559417575095907,0.9990293813996602,-0.0011494200120395414
1785983356.041728,1.113906982421875,0.9949310913085937,0.48152163696289063,-0.03875992301260825,0.01991110209415646,0.9990498752768796,-0.000746694353042548
1785983356.062684,1.1104761962890626,0.9990149536132813,0.48120339965820313,-0.03828243444339661,0.019173657000323387,0.9990828227033548,-0.0005893793767652
1785983356.082729,1.106947998046875,1.0030201416015625,0.48089373779296873,-0.03808897985768285,0.01928596177797564,0.9990881472873129,-0.00040206221513101084
1785983356.102113,1.1033388671875,1.0069518432617188,0.4806393737792969,-0.037378857647493845,0.01854213761485121,0.9991291247535303,-2.6058427393193953e-05
1785983356.113157,1.1014647216796876,1.0089022827148437,0.48057763671875,-0.03738229098356822,0.01859017100247254,0.9991280956766809,-0.00014290077027018648
1785983356.131623,1.0976953125,1.0127645263671874,0.48046096801757815,-0.037282564091084824,0.01812803505268789,0.9991403252170682,1.0192337891828132e-05
1785983356.141594,1.09577001953125,1.0146596069335938,0.4804111633300781,-0.03723384848531645,0.01809949415050302,0.9991426517956088,1.586203195216561e-05
1785983356.151510,1.09380615234375,1.016517578125,0.48040463256835936,-0.037034535282718065,0.01751213854763003,0.9991603917788382,0.0005269910220758655
1785983356.171617,1.0898409423828126,1.0202190551757813,0.480399658203125,-0.036610732518241096,0.017331580737943587,0.9991791828425219,0.00048012692568086854
1785983356.181699,1.0878179931640626,1.0220546264648438,0.48043560791015627,-0.03662912650354613,0.01694238712051643,0.9991849244859378,0.0008678165870265551
1785983356.191698,1.085778564453125,1.0238368530273438,0.48052349853515625,-0.03686518147414165,0.016945613968186505,0.9991762970949961,0.0007262792805937361
1785983356.202020,1.08370703125,1.0256590576171876,0.480551513671875,-0.036760259841924194,0.01740140317879358,0.9991722928268711,0.0007844939129860164
1785983356.212155,1.0815899658203125,1.0273944091796876,0.48057562255859376,-0.03709680407386967,0.01663358218618312,0.9991730832423347,0.0005466265605518943
1785983356.231465,1.0773448486328125,1.03089892578125,0.4807337646484375,-0.037578890849813626,0.01761799852233056,0.9991377749228284,0.0010667843706425072
1785983356.241472,1.0751768798828125,1.03262744140625,0.48083953857421874,-0.03749846109620326,0.017924528162739893,0.999135597473472,0.000795068795728122
1785983356.251855,1.0729656982421876,1.0343681640625,0.48094287109375,-0.03838469452618349,0.018130786555103806,0.999098005895865,0.0010318417955223573
1785983356.263193,1.07078759765625,1.0360401611328125,0.48102459716796875,-0.038308539681913535,0.018461475315645785,0.9990946724740554,0.0012078088501231328
1785983356.281642,1.06629345703125,1.03946533203125,0.48127783203125,-0.03828519775439062,0.0193809121269693,0.9990780946876506,0.0012648910699508532
1785983356.291781,1.064046875,1.04114208984375,0.4814356994628906,-0.03815663095918605,0.020191065027742826,0.9990670203046106,0.0012193183389224913
1785983356.301766,1.0617532958984375,1.04281640625,0.4816080017089844,-0.03764359573148339,0.02076058755879775,0.9990750222111923,0.0010285674485296717
1785983356.311651,1.0594241943359375,1.0445677490234375,0.4817172546386719,-0.03710981946621337,0.020351837500618003,0.9991020701199375,0.0019284812946261719
1785983356.322127,1.0571202392578125,1.0462208251953125,0.4818775634765625,-0.037114602818091966,0.020839098689370256,0.9990921966367887,0.0017388694575631327
1785983356.332135,1.0548079833984374,1.047873779296875,0.48207382202148436,-0.03682997283734961,0.021370501727126148,0.9990907722818461,0.002116186585568015
1785983356.343593,1.0524769287109375,1.049544189453125,0.48227529907226563,-0.03680941098205463,0.021942987984002335,0.9990787807733362,0.0022727975308364837
1785983356.361902,1.0477098388671875,1.052814453125,0.48271932983398436,-0.036565702367605195,0.022356353656462297,0.9990784004432861,0.002341867406652515
1785983356.372667,1.045320068359375,1.0544107666015625,0.4829023132324219,-0.03700505814270012,0.02244629395411058,0.9990595776536362,0.0025977107859335904
1785983356.391498,1.040432861328125,1.0576268310546875,0.4833788146972656,-0.036970564171590184,0.022439765122021924,0.999060353243099,0.0028383549994610187
1785983356.401511,1.0379840087890626,1.059229736328125,0.483627197265625,-0.037068596664436494,0.022533592595630182,0.9990539546120227,0.00305825376433359
1785983356.411589,1.035489501953125,1.060847412109375,0.4839138488769531,-0.037382989711168324,0.022135857522665853,0.9990516725728437,0.002876516816787005
1785983356.421581,1.032984619140625,1.0624349365234376,0.48419189453125,-0.03775643082349482,0.02222645885159251,0.9990345272817209,0.0032303535198197854
1785983356.431819,1.030441650390625,1.06398828125,0.48446389770507814,-0.03854329920622835,0.021285877962672974,0.9990242876960963,0.0034344013273453263
1785983356.441743,1.0278814697265626,1.0655672607421875,0.4847552185058594,-0.03921909480592206,0.021163210422037216,0.9990001612363385,0.0035592409219981965
1785983356.451704,1.02529296875,1.067131591796875,0.48509323120117187,-0.039316776541339075,0.020618183931581047,0.999007596871986,0.0035929902322401775
1785983356.471430,1.0201078491210938,1.07024462890625,0.4857373352050781,-0.039563471374824556,0.01938050766141248,0.9990220577942689,0.0037487175956655606
1785983356.482160,1.0174806518554687,1.071836669921875,0.4860937805175781,-0.03999986353938138,0.01880113666386441,0.9990153456851507,0.003855115735985608
1785983356.501876,1.0121589965820312,1.0749229736328125,0.4868026123046875,-0.04060758213889832,0.01841601925977145,0.9989967603654809,0.004166265237814585
1785983356.511889,1.0094671630859375,1.076485595703125,0.4871619567871094,-0.040833721309190225,0.018071061719172898,0.9989945826087634,0.003983026403766728
1785983356.522058,1.0067459716796876,1.0780416259765624,0.48753933715820313,-0.04065121902286364,0.017749807438472834,0.9990073507585524,0.004091509204379325
1785983356.532645,1.0040277099609376,1.0795897216796875,0.4878937072753906,-0.04106712859842844,0.01765652515013072,0.9989915620821699,0.004193615382532231
1785983356.551605,0.9984851684570313,1.0826710205078125,0.4886410522460938,-0.041181376936723295,0.017354221303302806,0.9989919349871818,0.004246276152278377
1785983356.571586,0.9928855590820312,1.0857861328125,0.48942864990234375,-0.04133792844597666,0.017826899846748064,0.998977145467696,0.004248540820178697
1785983356.581652,0.9900416870117188,1.087309326171875,0.4897752685546875,-0.04108052953688797,0.018025125607598984,0.9989835222162611,0.004405517326224075
1785983356.591913,0.9871707763671875,1.088832275390625,0.49016513061523437,-0.040913606513691775,0.018164306562267023,0.9989873929946597,0.004508020098599428
1785983356.611805,0.9813896484375,1.0918802490234376,0.4909721069335938,-0.040581710598579304,0.01860651870698309,0.9989927553777179,0.004515320679808742
1785983356.622217,0.9784896850585938,1.0934014892578126,0.4913780212402344,-0.040340806282521804,0.01908321314634003,0.9989914278363315,0.004957853898980578
1785983356.641829,0.9725905151367188,1.0964039306640625,0.4922749328613281,-0.03975905552776684,0.019146365093655193,0.9990149951626577,0.004654731983207794
1785983356.661586,0.96658154296875,1.0994320068359376,0.4930863952636719,-0.03982974838625163,0.019886363847931077,0.9989955148682134,0.005107694718479675
1785983356.672602,0.9635371704101563,1.1009722900390626,0.49352593994140626,-0.039457120721664435,0.020385390693841956,0.9990000941139994,0.005135423130955444
1785983356.692387,0.957363525390625,1.1039727783203126,0.4943952331542969,-0.03981959211507566,0.020939625584327576,0.9989735356878922,0.005273575719342739
1785983356.711637,0.95110595703125,1.1069879150390625,0.49527117919921876,-0.040279378570431686,0.02117705505147615,0.9989477969831498,0.0056924522394181136
1785983356.721908,0.9479229736328125,1.108519775390625,0.49569241333007813,-0.04088041283864682,0.021644129106011947,0.9989137934294459,0.005616733410063243
1785983356.743288,0.9414676513671875,1.1115386962890625,0.49660507202148435,-0.04158562282911651,0.021930527329759177,0.9988775808706538,0.005767132370567185
1785983356.762830,0.9348809204101562,1.11457763671875,0.49746954345703126,-0.04271839879330726,0.022033701549134255,0.9988247402523189,0.006229075724053056
1785983356.781850,0.9281470336914063,1.11762841796875,0.4983684997558594,-0.04427816932896625,0.02239967750060297,0.9987511958400361,0.005808739363627207
1785983356.802682,0.9213051147460938,1.1207215576171874,0.4993102416992187,-0.045920488730936126,0.022682412775791617,0.9986712300076864,0.005709903443710569
1785983356.822427,0.9143806762695312,1.1238521728515625,0.5002456359863281,-0.04698394696834088,0.023045022472373427,0.9986143346606843,0.005553760001628513
1785983356.842453,0.90728271484375,1.1270299072265626,0.5011903076171875,-0.04820723401729305,0.023323866050429035,0.9985485644944252,0.00573004161082227
1785983356.861581,0.900068115234375,1.130290283203125,0.5021341247558594,-0.04847258056413601,0.023604544215914874,0.9985299630251568,0.005580441460981318
1785983356.871602,0.8964114379882813,1.131918701171875,0.5025894470214843,-0.04847710031191929,0.023837368745551847,0.9985252771611699,0.005387725364467119
1785983356.881727,0.8927031860351563,1.13358203125,0.5030482788085937,-0.04829476202184088,0.024372552127390135,0.9985207554308061,0.005466693915655071
1785983356.891739,0.8889608764648438,1.135234130859375,0.5035187377929687,-0.048561558106499876,0.02434662025146089,0.9985084362232383,0.005469428922993402
1785983356.903473,0.8852098999023438,1.136910400390625,0.504004638671875,-0.048102313756802594,0.024734748763609152,0.9985215314387927,0.0053963017128903275
1785983356.921711,0.8775327758789062,1.140299072265625,0.5049291381835938,-0.04817500999372159,0.024885184614101455,0.9985149278900218,0.005274790895502961
1785983356.932034,0.8736358642578125,1.1420162353515626,0.5053942565917968,-0.04769940568127993,0.024992657989348823,0.9985375737764898,0.0047814492440793905
1785983356.944019,0.869721435546875,1.1437618408203125,0.5058847961425781,-0.047344948571972995,0.025173637356310646,0.9985485271873727,0.005057323374049783
1785983356.962372,0.861721435546875,1.147200439453125,0.506831298828125,-0.04673689034668668,0.0249802103398819,0.9985845129224212,0.004541107926660549
1785983356.972706,0.857687255859375,1.1489844970703125,0.5073132019042969,-0.046506736022011025,0.025170838588045422,0.998591772586952,0.004244916487682701
1785983356.992830,0.8495004272460938,1.1525400390625,0.5082933349609375,-0.04551085035957623,0.024736187222116266,0.9986505493045282,0.003736859948151377
1785983357.006200,0.8453857421875,1.15434423828125,0.5087667236328125,-0.04519713371009549,0.02421261171740932,0.9986783696748057,0.0035324525015042532
1785983357.021896,0.8370303955078126,1.1579541015625,0.5097267761230468,-0.04383638277870832,0.02413041773588087,0.9987416844266489,0.0033372252436789126
1785983357.042322,0.8285859375,1.1616173095703124,0.5106843566894531,-0.04230449456914853,0.023562679081560196,0.9988233304346904,0.002660040848623083
1785983357.061604,0.8200167236328125,1.165310302734375,0.5116119384765625,-0.04086794542501379,0.022862309904157142,0.9989011285066698,0.0019145267627430887
1785983357.071700,0.8157021484375,1.1671632080078125,0.5120667724609375,-0.04042916895010725,0.022703815784344373,0.9989233106626799,0.0014991051587701324
1785983357.082292,0.811346435546875,1.169035888671875,0.51252783203125,-0.03999608265239392,0.022106215467213225,0.9989548899233557,0.0008673255006189399
1785983357.101656,0.8025735473632812,1.172792724609375,0.5134163208007813,-0.03911752675953824,0.02143276788762059,0.9990045614687326,0.0005840852819754969
1785983357.113018,0.7981511840820312,1.174653564453125,0.51385693359375,-0.03910954902489291,0.02048073117990003,0.9990249812765862,0.00026860060441336996
1785983357.132099,0.7892354736328125,1.178406982421875,0.5147174072265625,-0.03879587106509969,0.019829121725747707,0.9990503973133849,1.670953352960969e-06
1785983357.153404,0.7802217407226563,1.182125732421875,0.515552734375,-0.038883803857152524,0.018463276538413422,0.9990730683498887,-0.0003897070515129354
1785983357.171791,0.7710994262695312,1.1858388671875,0.5164016723632813,-0.038599043823203276,0.01753574220282098,0.999100220713602,-0.001172053261270462
1785983357.192449,0.7618731079101563,1.189548095703125,0.5172557373046875,-0.03926073487767135,0.01625458857083793,0.9990956642987091,-0.0014956028455493271
1785983357.202640,0.7572221069335937,1.191383056640625,0.5176494140625,-0.04011696691629848,0.01532150139993081,0.9990761930346462,-0.001626405194765978
1785983357.213054,0.7525718994140626,1.1931878662109374,0.5180783081054687,-0.04000176416414806,0.014597508184921337,0.9990912271807657,-0.001869496347803254
1785983357.232660,0.7431617431640625,1.1967705078125,0.51894580078125,-0.04000582118933987,0.013122576826419695,0.9991108696677027,-0.0021913788878261432
1785983357.252488,0.7337063598632813,1.2002857666015625,0.519814697265625,-0.04016918416288282,0.011930188436277179,0.9991191769662531,-0.0022313575522088197
1785983357.273469,0.72415185546875,1.20375341796875,0.5207470092773437,-0.039875269639593126,0.010691167897734756,0.999144642805635,-0.0023752618169851337
1785983357.297179,0.7193286743164062,1.2054569091796874,0.521205810546875,-0.039232692541628034,0.010447725033196338,0.9991726954914307,-0.0023573377869580583
1785983357.308176,0.70967138671875,1.208765869140625,0.5221657104492188,-0.039321169715050355,0.009619254391082289,0.9991775498236279,-0.002353700623871985
1785983357.322732,0.6999015502929687,1.211993408203125,0.5231321411132812,-0.03892570679928753,0.008954051161610877,0.9991983612939127,-0.0026932601880319752
1785983357.341460,0.6900958251953125,1.215166748046875,0.5241537475585938,-0.03885849656905644,0.008140966717299204,0.9992076744915301,-0.0027882736243801166
1785983357.352691,0.685148681640625,1.21672216796875,0.5247020874023437,-0.038332966060232176,0.007749437603893891,0.9992317512030262,-0.0025382659563625764
1785983357.363408,0.6801796264648438,1.2182255859375,0.5251993408203125,-0.03795545816677889,0.007322970487380964,0.9992488931101456,-0.0027241420528136637
1785983357.381480,0.6702642211914063,1.2211796875,0.5263035888671875,-0.036601791126468226,0.006913801004698585,0.9993022555726148,-0.002740317758982402
1785983357.392385,0.6652440795898438,1.222595703125,0.526900634765625,-0.0361984860430034,0.006668635575650311,0.999319426092951,-0.002424031740105182
1785983357.402762,0.6602518310546875,1.2240037841796876,0.5274722290039062,-0.035407365605059075,0.0062731860874394975,0.9993509630147934,-0.002149272487996477
1785983357.422019,0.6502097778320313,1.2267080078125,0.5286549072265625,-0.03427304465561181,0.005592960237975221,0.9993945315362757,-0.002156627070640364
1785983357.443479,0.6401482543945313,1.229258544921875,0.5298995361328125,-0.033117462830680525,0.005386374011575059,0.9994352877064421,-0.0018228804697903226
1785983357.457199,0.6350709228515625,1.2304747314453126,0.5305454711914063,-0.032342839501561464,0.005203591723751636,0.9994613120409346,-0.001989346264244132
1785983357.472896,0.62493408203125,1.232873291015625,0.531848876953125,-0.03151360542147156,0.005375504197294012,0.9994868362527413,-0.0020145888433671915
1785983357.492343,0.614764404296875,1.235122314453125,0.5332401123046875,-0.030002039208711917,0.005143793488180806,0.9995348265659781,-0.0018817521192545821
1785983357.502519,0.6096719970703125,1.23620458984375,0.5339254150390625,-0.02954147432535229,0.004938201578737454,0.9995499507149918,-0.0016767598194528447
1785983357.522136,0.5995022583007813,1.2382470703125,0.535350341796875,-0.028133060178322806,0.004728119146709403,0.9995917142416255,-0.0016077033888617738
1785983357.541798,0.5893097534179688,1.24019140625,0.5368208618164062,-0.026974319820618178,0.005008761249956656,0.9996227879162862,-0.0012628784185402463
1785983357.551859,0.5842343139648437,1.2410882568359376,0.5375419921875,-0.026754289232233153,0.004923889196451032,0.9996290860127758,-0.0012816695451970939
1785983357.571491,0.574046142578125,1.242844482421875,0.5390917358398437,-0.02588495175891723,0.004968059897585666,0.9996515650489914,-0.0014267251519588392
1785983357.581535,0.5689720458984375,1.24361572265625,0.5398330688476562,-0.025487630789571548,0.005328825739809837,0.9996596219014493,-0.0016212258117199775
1785983357.591897,0.563937255859375,1.2444437255859375,0.5405922241210938,-0.024690803535280074,0.005265153518294677,0.9996802742766393,-0.001412251805993014
1785983357.602040,0.558839111328125,1.24520703125,0.5413671875,-0.024925487292454928,0.006229838591517931,0.9996690202384058,-0.0013255494020668513
1785983357.612017,0.5537749633789063,1.24596240234375,0.542173095703125,-0.024125527682104037,0.0067163219971062655,0.9996851485028861,-0.0015668949638116094
1785983357.632337,0.5436587524414063,1.2474410400390625,0.54379248046875,-0.024045057426413483,0.007753167572119482,0.9996799612521232,-0.0012979228789040554
1785983357.651642,0.5335679931640624,1.24885595703125,0.545457763671875,-0.023785572383467853,0.009162709332000278,0.9996738050833884,-0.0016020223679320753
1785983357.661715,0.5285162963867187,1.2495145263671874,0.5463129272460937,-0.0237582454155793,0.009806094517123576,0.9996684165413837,-0.0015620674479073164
1785983357.681868,0.5184473876953125,1.250847412109375,0.5480859985351563,-0.024189789612382,0.011606724257066993,0.9996382163188839,-0.0018919407833467717
1785983357.691889,0.5134189453125,1.2515157470703124,0.548963134765625,-0.024906213562392192,0.01248733552029447,0.9996101319763728,-0.0018225408370385152
1785983357.701723,0.5083757019042969,1.2521051025390626,0.54983251953125,-0.02443209016669864,0.013095654236515333,0.999613396598117,-0.002152363569444699
1785983357.711884,0.5033795166015625,1.2527322998046875,0.5507381591796875,-0.025074520172060966,0.014074037550881945,0.9995838208228498,-0.0023204300582722616
1785983357.722013,0.49836920166015625,1.2533492431640625,0.5516650390625,-0.025867562340133373,0.01477443822159413,0.9995537522147326,-0.002211363600314498
1785983357.733107,0.49336932373046877,1.253954833984375,0.5525662841796875,-0.026087242324677636,0.015960193978816633,0.999529571448308,-0.0023156712428715324
1785983357.752210,0.48339166259765626,1.25516748046875,0.5543980102539062,-0.027138107881457676,0.017273495186259816,0.9994792103663851,-0.0025399899772998035
1785983357.762254,0.47841461181640627,1.2557388916015626,0.5553333740234375,-0.027429989414307875,0.017713577776268516,0.9994632800524197,-0.0026411193642193395
1785983357.781579,0.4684937744140625,1.256895263671875,0.5571510620117187,-0.028294394154233196,0.018677483106272277,0.9994200499986872,-0.0031861943155551964
1785983357.793129,0.4635736389160156,1.2575029296875,0.55810595703125,-0.028352334623545073,0.01933270961675579,0.9994047747835169,-0.0035338604865477147
1785983357.813700,0.4536773376464844,1.2585902099609374,0.5599761962890625,-0.02955956267846387,0.019732488388068174,0.999361273806688,-0.0037289744303100215
1785983357.823656,0.44874432373046874,1.25913037109375,0.5608661499023437,-0.029761076650952754,0.020150766570339557,0.9993460722476732,-0.003955684469248162
1785983357.834791,0.44379803466796874,1.2596517333984374,0.5618163452148438,-0.030309714106375247,0.01995701988095926,0.9993334202588773,-0.003968787471114727
1785983357.852567,0.43396859741210936,1.2607286376953124,0.5636656494140625,-0.031101008817650006,0.019572834721499222,0.999316085954054,-0.004122021836083315
1785983357.871655,0.42414236450195314,1.2617601318359375,0.565487060546875,-0.031656348782290886,0.019363111806794616,0.9993009955445226,-0.004524571745439354
1785983357.881971,0.41917803955078126,1.2623148193359375,0.566405029296875,-0.03279484828303518,0.01974647844659318,0.9992576018915871,-0.004337705695658193
1785983357.892240,0.41425433349609375,1.262839599609375,0.5673350219726563,-0.033154308239583756,0.0192254439431487,0.9992542690021754,-0.004696833538434772
1785983357.902770,0.40930499267578124,1.263360107421875,0.5682827758789063,-0.033160913525340306,0.018762996941111932,0.9992627764226956,-0.004711029998789286
1785983357.912940,0.4043686828613281,1.2639007568359375,0.5691681518554688,-0.03351577703014613,0.01924940075303468,0.9992408553147155,-0.004885388495630631
1785983357.933145,0.39449612426757813,1.264941650390625,0.5709539794921875,-0.03387346116071417,0.01892282794996086,0.9992352780309106,-0.004834573702856393
1785983357.951823,0.38461416625976563,1.265962890625,0.5727064208984375,-0.03485911649489622,0.018383719786016457,0.999210217150895,-0.005081512256192801
1785983357.961739,0.379648681640625,1.266437744140625,0.5735787353515625,-0.03424956079304534,0.018264002290698817,0.9992330187747348,-0.0051744746844742074
1785983357.971743,0.3747174377441406,1.266964599609375,0.574446044921875,-0.03428845767677838,0.018179861523652655,0.9992319003291931,-0.0054224451178754764
1785983357.992417,0.36477658081054687,1.267930908203125,0.5761494750976562,-0.03447376178501089,0.017703488695761545,0.9992349275855679,-0.005262987448716306
1785983358.011670,0.35486392211914064,1.268909912109375,0.5779304809570313,-0.03453839433907908,0.017331214526400723,0.9992396846841987,-0.00517446253439834
1785983358.031687,0.3449285888671875,1.269867919921875,0.5796781005859375,-0.034203644016837426,0.016589678284652937,0.9992632685236824,-0.005274050018600147
1785983358.041778,0.33997512817382813,1.2702935791015626,0.580541748046875,-0.033909332794733106,0.015955680772037288,0.9992843466217851,-0.0051333036450050395
1785983358.052125,0.33500335693359373,1.2707957763671875,0.581470458984375,-0.033557223892725564,0.016209951654116192,0.9992919367159045,-0.005174687548321079
1785983358.071846,0.3250401916503906,1.271661376953125,0.5832783813476563,-0.032595900597503384,0.015126472325994598,0.9993414274878372,-0.005040046761551
1785983358.083332,0.3200447998046875,1.2720694580078125,0.58417236328125,-0.0330447835010176,0.014649333373370698,0.9993344118465773,-0.004915216012514058
1785983358.101825,0.31002490234375,1.272881591796875,0.5860581665039063,-0.03245339088946243,0.013913630298131918,0.9993647256243132,-0.004831028724587879
1785983358.112028,0.30501278686523436,1.2733013916015625,0.5869691162109375,-0.03221663122178965,0.013692092265755157,0.9993774815898953,-0.004390109288174777
1785983358.122081,0.2999974670410156,1.2737271728515625,0.58791943359375,-0.032538637235688644,0.01310523306723104,0.9993726133183268,-0.004886372211473009
1785983358.132323,0.2950058288574219,1.27409619140625,0.5888336791992187,-0.032142115113745706,0.013417758903060411,0.9993828493350388,-0.004557019105619741
1785983358.142685,0.28999020385742186,1.2745025634765625,0.5897849731445313,-0.032111466646044015,0.013464236457887337,0.9993825660380992,-0.004697415251606011
1785983358.162656,0.2799351501464844,1.275260986328125,0.5917338256835938,-0.031851320422012386,0.01332725247854905,0.9993940693203146,-0.004400820687085354
1785983358.181658,0.26994894409179687,1.275996337890625,0.5936846923828125,-0.031027592575996608,0.013527212603771351,0.9994186857503115,-0.004074684197250391
1785983358.201696,0.2599131469726563,1.2766561279296875,0.5956910400390625,-0.030804978595375183,0.013634251934557948,0.9994225250237733,-0.004445668381492973
1785983358.211998,0.2549257202148438,1.2769549560546876,0.5966744995117188,-0.031062051716780788,0.013501738614127201,0.9994171053072419,-0.004277448088313403
1785983358.232912,0.24491209411621093,1.277504638671875,0.5986979370117187,-0.03088253829363145,0.012960964888171151,0.9994298531494585,-0.0042725298341901
1785983358.243420,0.23992559814453124,1.27771044921875,0.5997470092773437,-0.030741888724013962,0.012452548971873843,0.9994394027422762,-0.0045555409951263245
1785983358.261824,0.2299453125,1.27814208984375,0.601789306640625,-0.030801832027463588,0.012240952583396468,0.9994400513061609,-0.004579470131678279
1785983358.281581,0.22001731872558594,1.2784864501953126,0.6039254150390625,-0.030129938137859642,0.011550798897605635,0.9994703618798687,-0.0042138006451328215
1785983358.293005,0.21506278991699218,1.2786572265625,0.6049976196289063,-0.029786861542535608,0.01134667331082724,0.9994815734283005,-0.004537338845637224
1785983358.311867,0.20516169738769532,1.278959716796875,0.6071210327148437,-0.02900124064365964,0.011142650824501577,0.999507350567328,-0.00445124331034823
1785983358.322728,0.20018647766113282,1.2790736083984375,0.6082103881835937,-0.02887007815625192,0.011234926852124053,0.9995101011828745,-0.0044565934491327544
1785983358.342796,0.19034552001953126,1.2793087158203125,0.610359130859375,-0.02881747285758506,0.01118280822509352,0.9995106453416928,-0.004793698949624626
1785983358.362677,0.18053013610839844,1.279463623046875,0.612498779296875,-0.028528887085518217,0.011241736096725833,0.999519687279793,-0.004487051037289863
1785983358.382349,0.17070089721679688,1.2795601806640624,0.6146956787109376,-0.02788245192978845,0.011449268348490254,0.9995352216304453,-0.004562695531372891
1785983358.401653,0.16096746826171876,1.2796165771484376,0.6168988647460938,-0.02752447400471586,0.012103355927972707,0.999538240514142,-0.004383624714837913
1785983358.413692,0.15610491943359375,1.279555908203125,0.6179560546875,-0.027439589078295485,0.012823376166314593,0.9995310249942576,-0.0045120973168434235
1785983358.431909,0.1464146270751953,1.279527099609375,0.6202401733398437,-0.027185555116627826,0.012485387363375611,0.9995398282196869,-0.005019460706114111
1785983358.441987,0.1415851593017578,1.279457763671875,0.6213961181640625,-0.027265025813933207,0.012938111723887504,0.9995331419497056,-0.004766164540183268
1785983358.451999,0.13679373168945314,1.279409912109375,0.6225751342773438,-0.027668023152523445,0.012771337773898704,0.9995242864865025,-0.004750903910786147
1785983358.462051,0.13197868347167968,1.2793050537109374,0.6237344360351562,-0.02717819780175605,0.012966247759954056,0.9995352439925802,-0.00474546232111396
1785983358.472001,0.1271641845703125,1.2792060546875,0.6248994140625,-0.02721852798232035,0.013289123137388672,0.9995283638854502,-0.005059203886306441
1785983358.491916,0.11763139343261719,1.279022705078125,0.6272826538085937,-0.027803559834255864,0.013911713204533074,0.9995043837702586,-0.004940247182810608
1785983358.511826,0.10817511749267578,1.2787392578125,0.6296837768554687,-0.02817528459957482,0.014660467778492224,0.999481886514949,-0.005213787811857844
1785983358.522041,0.10347764587402344,1.2785997314453126,0.6308740844726562,-0.028563907149989694,0.014806549402624337,0.9994674397003074,-0.005450609218542596
1785983358.542336,0.09411444091796875,1.278239501953125,0.6333394775390625,-0.028883245205819353,0.015534293192834635,0.9994467381989159,-0.005537343459308999
1785983358.552273,0.08947457122802735,1.278082763671875,0.6345770874023438,-0.02868544432408365,0.015291338181028756,0.9994563994499007,-0.0054977575481541955
1785983358.562289,0.08484735870361328,1.2779365234375,0.635807373046875,-0.02901769137608183,0.015518432201643397,0.9994425784648692,-0.005629524515367146
1785983358.581526,0.07560926818847656,1.2774874267578125,0.638299072265625,-0.02915928713698054,0.016274187962992126,0.999424739122346,-0.005922240726190289
1785983358.591604,0.07102073669433594,1.2772880859375,0.6395194091796875,-0.029653769683464195,0.01677996394617319,0.9994024040849774,-0.005824115009371298
1785983358.602044,0.0664090118408203,1.27707080078125,0.6407752685546875,-0.029796965222430482,0.016878294236911853,0.9993971482709918,-0.005711002296228652
1785983358.611848,0.061848251342773435,1.2768321533203124,0.6420791625976563,-0.030540931327968802,0.016900569866858298,0.999373791248385,-0.005799770995861155
1785983358.622012,0.05728222274780274,1.2766021728515624,0.6433373413085938,-0.0307705570680851,0.016967415676157217,0.9993664254350909,-0.005659176653681269
1785983358.641823,0.048162849426269534,1.27609765625,0.6459207763671875,-0.030203233113109164,0.01737704069159581,0.9993766167838144,-0.00567249828172159
1785983358.652173,0.04365731430053711,1.2758177490234375,0.6471741943359375,-0.031011493668312476,0.01765780089033096,0.9993485027233497,-0.005389877533774564
1785983358.673051,0.03458767700195312,1.275248046875,0.6497424926757812,-0.03230959697107238,0.01759523221095688,0.9993075789873747,-0.005555176101728637
1785983358.691598,0.025578441619873046,1.274648193359375,0.6523917846679688,-0.03263138799974614,0.01779184399974643,0.9992946431893531,-0.0053721104573940396
1785983358.701896,0.021073150634765624,1.2743631591796876,0.6537026977539062,-0.03309009699113895,0.017623003228695422,0.9992828330695998,-0.005317913667052634
1785983358.722128,0.01213666820526123,1.273741943359375,0.6563111572265625,-0.03354836794865378,0.01761075618151926,0.9992690693322003,-0.005068751855490736
1785983358.742191,0.0031907525062561037,1.27310107421875,0.6588985595703125,-0.03403745177842643,0.017729057773917974,0.9992512865413756,-0.004899655427101403
1785983358.761561,-0.005766607284545898,1.2724727783203125,0.6615845947265625,-0.03407871396821195,0.017881834928678217,0.9992485053886592,-0.004616264640927777
1785983358.771614,-0.010224998474121094,1.2721142578125,0.6629296264648438,-0.03403824202635444,0.017787048083291186,0.9992536426861459,-0.004144679080093948
1785983358.782006,-0.014693989753723144,1.2717703857421876,0.6642457885742188,-0.03437664013636881,0.01771563218491644,0.9992421825247254,-0.004412419173759917
1785983358.801502,-0.02366029930114746,1.2711212158203125,0.6668735961914063,-0.035119973917167785,0.017762617973087567,0.9992168384739515,-0.004098495332687793
1785983358.811773,-0.028106910705566406,1.270793212890625,0.6682247924804687,-0.035825447385139264,0.01777052624849628,0.9991921648749496,-0.003970165501170419
1785983358.822576,-0.03259368896484375,1.2704166259765626,0.6695034790039063,-0.03515985742821732,0.018133275525005602,0.9992096057202017,-0.0038905208277189257
1785983358.841758,-0.041597492218017576,1.2697344970703126,0.6721467895507812,-0.0347758333914231,0.01824081554293627,0.9992234448403904,-0.0032281472281796056
1785983358.852015,-0.046087455749511716,1.2693668212890625,0.6734832153320313,-0.03533685987009402,0.01774704140981853,0.9992130133230783,-0.0031138021514582285
1785983358.872113,-0.05511320877075195,1.2686339111328124,0.6760283203125,-0.03562992509944548,0.01783778513351173,0.9992017018263406,-0.0028772861112106806
1785983358.882116,-0.05963887023925781,1.2682532958984376,0.677372314453125,-0.03553833923029267,0.017680967732806127,0.9992075477312164,-0.0029483025927757316
1785983358.901748,-0.06868598937988281,1.2674708251953124,0.679974365234375,-0.03526089992032879,0.017410909121521965,0.9992229228942924,-0.002659870281879014
1785983358.911679,-0.07323470306396485,1.2670552978515626,0.6812844848632813,-0.03540824648894257,0.01716487972670337,0.999222259276717,-0.0025481938297623077
1785983358.922195,-0.07777907562255859,1.266639892578125,0.68257861328125,-0.03541222602784338,0.01695494056111707,0.9992260023723292,-0.0024272779087995662
1785983358.942546,-0.08696131134033203,1.2657989501953124,0.6851549072265625,-0.0360155756572285,0.016727096579708667,0.9992089793761766,-0.0021197701509701725
1785983358.961663,-0.09613836669921876,1.2649609375,0.687745361328125,-0.035949313495182295,0.01632167885038521,0.9992176885054902,-0.0022924008597911363
1785983358.971863,-0.10076834869384765,1.264499267578125,0.689050537109375,-0.035678330190504856,0.01634502125811166,0.999227881371215,-0.0018820373825786984
1785983358.981883,-0.10537937927246094,1.2640650634765624,0.6903601684570313,-0.035709553287248834,0.016125166489381466,0.9992301331826855,-0.001984413146705329
1785983359.002583,-0.11468209838867187,1.26310205078125,0.6929151611328125,-0.036044200887797896,0.01658684861205486,0.999211000079895,-0.0017520122566459706
1785983359.021822,-0.1240318832397461,1.262153076171875,0.6955342407226562,-0.036746001736723516,0.01697455546001834,0.9991793096064341,-0.0015152324513835673
1785983359.031794,-0.1287867889404297,1.261692626953125,0.6968501586914062,-0.037178632731215085,0.01671146704558697,0.9991676174320494,-0.001598293512049491
1785983359.041825,-0.13349348449707032,1.261270263671875,0.6981240234375,-0.03657747826014034,0.01618223340528739,0.9991983090980049,-0.0017170063355890783
1785983359.052468,-0.13822348022460937,1.2607791748046875,0.699425537109375,-0.036857797858075116,0.01641133990872081,0.9991850288791491,-0.001204130073441998
1785983359.071519,-0.147750732421875,1.2597928466796875,0.70202978515625,-0.03720879831563635,0.016938567630531524,0.9991636354995916,-0.0007948606470419746
1785983359.081596,-0.1526177215576172,1.25932421875,0.7033514404296874,-0.038011562655015325,0.017739897277464906,0.9991188786802476,-0.0013713191677296951
1785983359.091726,-0.15745657348632813,1.25883447265625,0.7046493530273438,-0.03773314386627115,0.0180851443047664,0.9991233827894512,-0.0012678929885548812
1785983359.113296,-0.1671486053466797,1.2578511962890624,0.7072213745117187,-0.038169232043733715,0.018941471075590483,0.9990909885452928,-0.0012318410613626353
1785983359.133476,-0.17693461608886718,1.2568819580078125,0.7097681274414063,-0.038279702160456154,0.01982281219930439,0.9990701002631929,-0.0008096335642744087
1785983359.151912,-0.18686180114746093,1.2559451904296874,0.71235791015625,-0.03847592118415956,0.02060107151043807,0.999046750509809,-0.0008875534264409618
1785983359.162318,-0.19183428955078125,1.255428955078125,0.7135938720703126,-0.03885564763629978,0.021227564893393964,0.999019246171827,-0.0004336940856961123
1785983359.173220,-0.1968594512939453,1.2549788818359375,0.7149141845703125,-0.03891766425900195,0.020997034999835785,0.999021722189884,-0.00038549501292730877
1785983359.192246,-0.20701609802246093,1.25402685546875,0.7173862915039062,-0.0393758588782183,0.022450744419104413,0.9989722081209647,-0.00021478161039874128
1785983359.202287,-0.21206491088867188,1.2536058349609376,0.7186609497070312,-0.039704196619350214,0.022521366177913338,0.9989576271433849,-0.00013106232169590067
1785983359.223357,-0.22238392639160157,1.252656494140625,0.7211211547851563,-0.03901581559415523,0.02236139545725495,0.9989882059307991,-0.0005442354547100312
1785983359.233413,-0.2275191650390625,1.252271240234375,0.7223668212890625,-0.03883351988014537,0.022785601947510985,0.998985819327409,-0.00033078435332846825
1785983359.255955,-0.23792706298828126,1.2514326171875,0.7248390502929688,-0.03846855197917269,0.02284271489587595,0.9989986472535927,-0.00028592477873834156
1785983359.272720,-0.2484141845703125,1.2507135009765624,0.7273040771484375,-0.03740860701919229,0.023240667202536636,0.9990296573389361,-0.0004514191718828801
1785983359.291586,-0.25897674560546874,1.2500308837890626,0.7297711181640625,-0.03652154846555795,0.02328363850382595,0.999061524083744,-0.00035119803672040487
1785983359.301687,-0.2642795104980469,1.2497003173828125,0.7310198364257813,-0.0362265434582198,0.023539705840768834,0.9990663043806746,-0.0001856481795833258
1785983359.312091,-0.26961770629882814,1.2494339599609374,0.7322903442382812,-0.035526762580144984,0.02347605788889062,0.9990929498288956,-0.00012386189426207635
1785983359.332273,-0.28037261962890625,1.248872314453125,0.7347774047851563,-0.034808203406437,0.023673600613220352,0.99911358408883,-2.7586012953978622e-05
1785983359.352860,-0.29117880249023437,1.24837744140625,0.7372881469726562,-0.03399458074406663,0.023576564041138254,0.9991438374537427,-0.00033503856696507484
1785983359.371504,-0.3020715026855469,1.2478958740234376,0.739793212890625,-0.033585095022440205,0.022655318131598805,0.9991790411651894,-0.0001684242714018483
1785983359.381845,-0.3075249633789062,1.247684326171875,0.7410497436523438,-0.033137164946154034,0.02204688269741663,0.9992076073831307,-0.0001366500361168679
1785983359.392014,-0.31302169799804686,1.247474365234375,0.7423131103515626,-0.03313016944412259,0.022072818901348372,0.9992071972761482,-0.00038908852624387844
1785983359.411687,-0.3239590148925781,1.2470743408203124,0.7448497314453125,-0.03231568566440767,0.020719186935551966,0.9992629330003086,-0.00010710257392669205
1785983359.421904,-0.3294547119140625,1.246906982421875,0.7461383056640625,-0.031598863097741355,0.020485810725488284,0.9992906692189317,-0.00010407365412727614
1785983359.431917,-0.3349703674316406,1.2466885986328125,0.7473749389648437,-0.031207081511576272,0.02028284701440159,0.9993071092754483,-0.0001878617484717729
1785983359.442188,-0.3404652404785156,1.2465416259765625,0.7486549072265625,-0.030807795707437673,0.019719851408828957,0.9993307735350103,-8.770729708276195e-05
1785983359.451994,-0.34594705200195314,1.2463760986328125,0.7499317626953125,-0.03010858593008876,0.019207833433923654,0.999362056617346,-0.00010657339714222991
1785983359.471857,-0.35697048950195315,1.2460692138671876,0.7525294189453124,-0.028814185017309108,0.01901952282009164,0.9994037758106041,-0.0002962719433352635
1785983359.492468,-0.3679306335449219,1.245774658203125,0.755205322265625,-0.0279197428500455,0.01816011142345935,0.9994451503454894,-0.00028473310641608386
1785983359.512733,-0.3788930969238281,1.2455101318359374,0.7578798828125,-0.026818046142808735,0.017640074850731484,0.999484652109418,-0.0002118860258545298
1785983359.531880,-0.3898338928222656,1.2452491455078125,0.760617431640625,-0.025715456331918025,0.01771191184017542,0.9995123821753913,-9.64415906637453e-05
1785983359.542320,-0.3953020935058594,1.2450919189453125,0.762023681640625,-0.024999568391821943,0.01781910153964745,0.9995285875083117,-0.00032987094515933763
1785983359.552151,-0.4007191162109375,1.2449951171875,0.7634352416992187,-0.02454961001510042,0.017728549541335247,0.9995413861067137,-0.0001705210028729162
1785983359.562303,-0.4061759948730469,1.24487353515625,0.7648557739257813,-0.024656790451426158,0.017648820242380767,0.9995400891100281,-0.0004181818231564144
1785983359.581735,-0.416998046875,1.244626220703125,0.7678323364257813,-0.023819592678896048,0.01776652373364289,0.9995582245488591,-0.0005882687474158246
1785983359.591799,-0.422393310546875,1.244489501953125,0.76931787109375,-0.023788278639440955,0.017828332172721104,0.9995576506004321,-0.0008792228856214526
1785983359.611514,-0.43311553955078125,1.2442197265625,0.7723701782226563,-0.023236700224432923,0.017820141531966944,0.9995703891964467,-0.0012341053230100615
1785983359.621652,-0.4384253234863281,1.2441138916015626,0.7738919677734375,-0.023426740760272003,0.018004637018253916,0.9995627639475345,-0.001142988431873287
1785983359.632011,-0.4437567138671875,1.2439835205078125,0.7754793701171875,-0.02303423256951093,0.018115607530031802,0.9995697258095553,-0.0012690567199717202
1785983359.642364,-0.44900509643554687,1.2438192138671875,0.7770335083007812,-0.023438681854273925,0.01786107711493494,0.9995641130916069,-0.0017883541326895464
1785983359.652556,-0.45429421997070313,1.2437191162109376,0.7786237182617187,-0.023599986572505387,0.01806892813411395,0.9995560181998576,-0.0020788841526520074
1785983359.662559,-0.4595367431640625,1.2436383056640625,0.7802719116210938,-0.023502830706923838,0.018193343807119396,0.9995560181998576,-0.002096225511243033
1785983359.681556,-0.46994866943359376,1.2434571533203125,0.7835394897460938,-0.023814774795642195,0.01906389039910372,0.9995318225801112,-0.0023567621230809587
1785983359.691505,-0.47509481811523435,1.2434071044921875,0.785227294921875,-0.023750629708401725,0.019595603171970215,0.9995221769664413,-0.00270940499237377
1785983359.701576,-0.4802348937988281,1.2433101806640625,0.7868820190429687,-0.024340498498583114,0.02013093366198197,0.9994964971161336,-0.0030054169007252686
1785983359.711763,-0.485345703125,1.24323681640625,0.7886102905273438,-0.024706678961756743,0.0208249390358005,0.9994722851464485,-0.0033256393208884174
1785983359.721780,-0.490451416015625,1.2432060546875,0.79032177734375,-0.02485681489302006,0.021153818252397885,0.9994619382268274,-0.003239577642399589
1785983359.732460,-0.49555279541015623,1.243154296875,0.7920397338867188,-0.025592814883588316,0.021735344721004544,0.9994306880901757,-0.00330038287609615
1785983359.751903,-0.5056270751953125,1.2430509033203125,0.7955037231445312,-0.026298362232900614,0.022371637723640262,0.9993967829722549,-0.0037384375544079885
1785983359.762398,-0.5106310119628906,1.2429859619140624,0.7972418212890625,-0.02670594515370155,0.023109456529951392,0.9993680879665195,-0.004020530820724282
1785983359.781912,-0.5206481323242188,1.242913818359375,0.8007518310546875,-0.027674652981422524,0.023781374147840706,0.9993260616036227,-0.003997958909129208
1785983359.791957,-0.5256238403320312,1.2428912353515624,0.8025198974609375,-0.02818615664456773,0.023923363397499817,0.9993079965089016,-0.00409084897130255
1785983359.811767,-0.5355194091796875,1.242791015625,0.806060302734375,-0.02903997905517469,0.023674751470431406,0.9992891258528,-0.004174409370932268
1785983359.821947,-0.5404219970703125,1.2428038330078126,0.8078477172851563,-0.029575553518015427,0.02347680299914605,0.9992780761763784,-0.004178393210711664
1785983359.831980,-0.5453018188476563,1.2427431640625,0.809607666015625,-0.03028113050063228,0.023344331369015685,0.9992587128522541,-0.004485730591055992
1785983359.851742,-0.5550784912109376,1.242647216796875,0.813142333984375,-0.030665682570440608,0.02320036984861875,0.9992521663682372,-0.004057689215328257
1785983359.861768,-0.5599591674804687,1.242618408203125,0.8149376220703125,-0.030923164249454602,0.02197815846667439,0.9992716192913567,-0.0041157996164378425
1785983359.872483,-0.5648126831054687,1.2425802001953126,0.8166776123046875,-0.030870321290430578,0.022191960961297073,0.999268703986642,-0.004072646667532307
1785983359.892050,-0.5744698486328125,1.242503662109375,0.8202425537109375,-0.031025421726191712,0.02155533275547825,0.9992780985442679,-0.004009876352415881
1785983359.902057,-0.5792831420898438,1.242472412109375,0.8220213623046875,-0.03102736476357201,0.021194313091212915,0.9992865386588168,-0.00381240943447423
1785983359.921962,-0.5889437255859375,1.242388427734375,0.8255552978515625,-0.031162100300015823,0.02053047077455751,0.9992966413523747,-0.003693541355408749
1785983359.932286,-0.5937325439453125,1.24233447265625,0.8273125,-0.03148739669041695,0.020084380690792544,0.9992951427304831,-0.003791996081668423
1785983359.952557,-0.6033156127929687,1.2422845458984375,0.8308352661132813,-0.03165293491838046,0.019220480760233416,0.9993076759120304,-0.0035824081450685154
1785983359.971679,-0.612869140625,1.2421573486328126,0.8343433227539062,-0.03178456940049742,0.017972694404856663,0.9993272023105696,-0.0034434483013987944
1785983359.982247,-0.6175680541992188,1.24219384765625,0.8360628051757812,-0.03206992120943548,0.017590331478927117,0.9993241231443866,-0.003660094406119453
1785983359.992286,-0.6223367309570312,1.2420782470703124,0.8378099365234375,-0.03223683112740913,0.016988992231910124,0.9993275601791474,-0.004072419736559337
1785983360.011726,-0.6318717651367187,1.2417843017578125,0.8412938842773438,-0.032802295660426764,0.015580515655037713,0.9993206711865138,-0.006280314885912087
1785983360.021747,-0.636631103515625,1.2415439453125,0.8430380249023437,-0.033327783602076215,0.014274506079610632,0.9993128725509622,-0.007699908430725231
1785983360.032311,-0.6414141845703125,1.241257568359375,0.844795654296875,-0.033976803288809365,0.01315815867512486,0.9992867026886054,-0.009925473380681234
1785983360.042245,-0.646203125,1.240912841796875,0.8465802612304687,-0.034645123120096266,0.011793795691745252,0.9992614045035135,-0.011716331135322288
1785983360.052201,-0.651000732421875,1.2405054931640624,0.8483344116210938,-0.03517891160953648,0.00989236686190004,0.9992263080827061,-0.014538690401002401
1785983360.062276,-0.655780029296875,1.240033447265625,0.8501337890625,-0.03600620655044349,0.007945041108678942,0.9991717857675654,-0.017209621439050013
1785983360.082385,-0.6653444213867188,1.238973876953125,0.8538348388671875,-0.03693962600961836,0.004166781758713847,0.9990086782787794,-0.02449007314784048
1785983360.101663,-0.6748602294921875,1.2377135009765625,0.8576083374023438,-0.03754496223393365,0.0011649660050974122,0.9987548064234384,-0.03283066967922324
1785983360.111932,-0.6795740966796875,1.23691064453125,0.859547607421875,-0.03827378656398175,0.00014896837146040096,0.9985866468066807,-0.03687541863543874
1785983360.122067,-0.684278076171875,1.236179443359375,0.8614920654296875,-0.037844029316346485,-0.0017129658310319122,0.9984046384391302,-0.041869756917393454
1785983360.141816,-0.6937158813476563,1.2344918212890625,0.8654979248046875,-0.03676958213748004,-0.0035911993170549463,0.9979298368087958,-0.052641817673409086
1785983360.155228,-0.69840966796875,1.2336181640625,0.867533203125,-0.03643920232491137,-0.004749318182418061,0.9976096492628761,-0.058520163405760814
1785983360.172020,-0.7077301635742187,1.2316181640625,0.87165625,-0.03440988073553184,-0.005447751192807258,0.9968515692322021,-0.07122651159107828
1785983360.181863,-0.71239306640625,1.230540771484375,0.8737337646484375,-0.03346772270242566,-0.005821278970616438,0.9963743674740825,-0.078000904056659
1785983360.192211,-0.7170072631835938,1.229444580078125,0.8757882080078125,-0.032144962775791215,-0.00599339985667635,0.9958483749049064,-0.08495172817522947
1785983360.211781,-0.7262162475585937,1.227027587890625,0.879983642578125,-0.03036450933110298,-0.005673898108525576,0.9945237521288234,-0.09984141883292501
1785983360.231878,-0.735344970703125,1.224354736328125,0.88420947265625,-0.028092910400768847,-0.004564692108162532,0.9928945740277481,-0.11554356222027223
1785983360.241824,-0.7398685913085937,1.2229395751953125,0.8863331298828125,-0.02757995921855371,-0.004221817762782743,0.9919198794147985,-0.12375976817775093
1785983360.251744,-0.7443495483398438,1.2215009765625,0.888444580078125,-0.026626476336343848,-0.0035399753439621416,0.9908781874297304,-0.13205646660237785
1785983360.261795,-0.7488087768554688,1.2199893798828125,0.8905958251953126,-0.02582119468349738,-0.0025768112343757432,0.9897344406939953,-0.14054311906451736
1785983360.271718,-0.7532283935546875,1.21846630859375,0.8927517700195312,-0.024877083569321515,-0.0020644871326706248,0.9884580672636171,-0.14942397519830153
1785983360.282426,-0.75762939453125,1.21687158203125,0.8948864135742187,-0.023867030792045784,-0.0013564714147582275,0.9870833574254516,-0.15841388728373965
1785983360.293703,-0.76198828125,1.2152276611328126,0.8970221557617187,-0.022969023485540897,-0.00035050806662362353,0.9855916134435486,-0.16757527948998968
1785983360.311970,-0.7707427368164063,1.21187939453125,0.9013128662109375,-0.02197011443973776,0.0010338103766535111,0.9822571997530356,-0.18624457357739366
1785983360.321996,-0.774976806640625,1.2100975341796876,0.9034830322265625,-0.021818349810978934,0.0019017347997912924,0.9804048175409169,-0.19577215502685869
1785983360.332144,-0.7792157592773438,1.2083128662109375,0.9056116943359375,-0.02135766880258748,0.003025792157411623,0.9784144503431856,-0.20552336253581452
1785983360.343020,-0.7834042358398438,1.206463623046875,0.90775048828125,-0.021415648090340845,0.0037944387207533687,0.9761915646842156,-0.21581706763535213
1785983360.362109,-0.7916873779296875,1.2027989501953125,0.9120914306640625,-0.019755595019080953,0.005988045446688953,0.9715634070361822,-0.23587794719642327
1785983360.381860,-0.7998037109375,1.198927734375,0.9163379516601563,-0.019956305319268463,0.007004664960016598,0.9664086535338331,-0.256138614004546
1785983360.391826,-0.8038329467773437,1.1969736328125,0.918531005859375,-0.01942564173843591,0.0074769384617341785,0.9637845669693619,-0.26586844688658834
1785983360.402110,-0.8077535400390625,1.19497998046875,0.9206664428710938,-0.019495408906253068,0.007888800858238723,0.9607571533427183,-0.2765924804171574
1785983360.421867,-0.8155030517578125,1.191011962890625,0.9249258422851563,-0.019242539052134217,0.008474499879379935,0.9544334576208708,-0.29768219608443935
1785983360.431914,-0.819379150390625,1.189037109375,0.927042724609375,-0.019013707222042715,0.009219479126692263,0.9508739529680766,-0.3088562674072894
1785983360.442081,-0.8231130981445313,1.1870506591796874,0.9291563110351563,-0.019206147999050318,0.009761131368236626,0.9471405103978455,-0.32009482805432515
1785983360.453003,-0.8268320922851562,1.18483740234375,0.9312290649414062,-0.01821939199534943,0.009675343828219756,0.9431745612720781,-0.33165675286220636
1785983360.472114,-0.8341690673828125,1.180736572265625,0.93537841796875,-0.01803472560786884,0.010553115885895857,0.9347865891805782,-0.3545947001477912
1785983360.491821,-0.8413865966796875,1.17666162109375,0.9394915771484375,-0.017415584566042135,0.01158077909642096,0.9261214842295168,-0.376645167251735
1785983360.511928,-0.8483981323242188,1.1729976806640625,0.943488037109375,-0.019031132327118866,0.014382580130242156,0.916224750649686,-0.39995395964966646
1785983360.526687,-0.8519934692382812,1.1710235595703125,0.94546337890625,-0.01829983536558858,0.015440194559728183,0.9122588221054672,-0.4089138661719231
1785983360.543456,-0.859063232421875,1.1673092041015625,0.9492334594726562,-0.018474632270797448,0.018580738862773526,0.9032126697636155,-0.4283927070481062
1785983360.562125,-0.86608349609375,1.163683349609375,0.9529412231445312,-0.018398227462416736,0.021609355063682976,0.8944309045072516,-0.4463047118886646
1785983360.581843,-0.8730326538085937,1.1602789306640624,0.9564426879882812,-0.01784591259572471,0.0245517390367234,0.8854659805402633,-0.463711896662314
1785983360.593520,-0.8765005493164062,1.158607177734375,0.9581223754882813,-0.019128317992208044,0.02567109675092437,0.881039916015952,-0.47195738748547383
1785983360.611872,-0.8834918823242187,1.1554580078125,0.96144384765625,-0.018774711022833106,0.02816731714909689,0.87244729227156,-0.48753444112245853
1785983360.632234,-0.89047314453125,1.1525068359375,0.9646727905273438,0.01983234361128309,-0.030273305304446094,-0.8638869004366482,0.5023839415375967
1785983360.651603,-0.8975144653320313,1.1496346435546876,0.9677946166992187,0.020449533672925607,-0.03173623193601477,-0.8555807532583337,0.5162907839222036
1785983360.661887,-0.901046630859375,1.1482921142578124,0.9693363647460937,0.021625144433501317,-0.03198228138209895,-0.851408218944277,0.5230808395172643
1785983360.671812,-0.9045662841796875,1.1469940185546874,0.9708246459960937,0.02203700781474287,-0.03247344965525368,-0.8473482225244872,0.52958553086652
1785983360.682137,-0.9081046142578125,1.1457486572265625,0.972337646484375,0.0227599417012226,-0.032240250968204494,-0.8435024918559436,0.5356735040832232
1785983360.701908,-0.9152079467773437,1.1433790283203125,0.9752697143554687,0.023460787927691146,-0.032327199081227456,-0.8357604716313709,0.5476394555513829
1785983360.712645,-0.9187916259765625,1.142236328125,0.9767298583984375,0.02387455390720362,-0.031805305687754276,-0.832162440931647,0.5531040680690881
1785983360.732434,-0.9260193481445312,1.1401068115234374,0.9795428466796875,0.0247942972560678,-0.030508349621862017,-0.8248691255120544,0.5639551467392115
1785983360.752052,-0.93325634765625,1.138127685546875,0.9823369750976563,0.025166021720003883,-0.029039979594290884,-0.8178428811888753,0.5741571146784578
1785983360.762168,-0.9368868408203125,1.13718701171875,0.9836996459960937,0.02573310543426605,-0.028396013992395226,-0.8144525062931902,0.578963374203671
1785983360.781809,-0.944222412109375,1.135446533203125,0.9863897094726563,0.026050970707005617,-0.025714441925783826,-0.8080919036545222,0.5879180116072568
1785983360.791943,-0.9479277954101563,1.1346563720703124,0.9877349853515625,0.025661024072093596,-0.023879004254105177,-0.8048408737513595,0.592454632871238
1785983360.802530,-0.9516369018554688,1.133845703125,0.9890889282226563,0.026173008740359476,-0.022494482479580823,-0.8016482706030209,0.5967989738338562
1785983360.821836,-0.9590252075195312,1.13250146484375,0.9917616577148437,0.026397704600399367,-0.019508782153163682,-0.7961431079206046,0.6042174360440027
1785983360.831794,-0.9627797241210938,1.1318726806640624,0.9931258544921875,0.027000494936213267,-0.018045846389704624,-0.7933727008886606,0.6078692931876714
1785983360.842357,-0.966538330078125,1.131234375,0.9944442749023438,0.026866750243676192,-0.01623013572676289,-0.7905846937275143,0.6115477109689066
1785983360.861871,-0.9740911254882813,1.130005615234375,0.9970676879882813,0.026591432019559935,-0.013741361198761418,-0.785270878436485,0.6184284283703697
1785983360.872037,-0.9778544311523437,1.129460205078125,0.998335693359375,0.026593611079196302,-0.01182736160161779,-0.7827401929266707,0.6216676717466466
1785983360.882012,-0.9816475219726563,1.1288699951171874,0.9996282958984375,0.02595171794512394,-0.010705182716218333,-0.7804444657730937,0.6245945479617464
1785983360.901832,-0.9892420654296875,1.1277080078125,1.002197265625,0.024574963855613773,-0.008385966859241705,-0.7756824389117851,0.630589002062909
1785983360.912031,-0.9930496826171875,1.127196044921875,1.0035084838867188,0.02459880714589162,-0.006921656845114684,-0.7733542030418369,0.6334589758404924
1785983360.921979,-0.99685400390625,1.1266695556640625,1.0047019653320313,0.024013470640137632,-0.006111838771419658,-0.7710256894541034,0.6363217543768417
1785983360.932013,-1.0006625366210937,1.1262071533203124,1.0059817504882813,0.023401172458623592,-0.004710146642662523,-0.7689308479413292,0.6388861795352994
1785983360.944177,-1.0045004272460938,1.1257142333984376,1.0072484741210936,0.023327469882075427,-0.003705612560360173,-0.7667946155197326,0.641457810112617
1785983360.962310,-1.01211279296875,1.124793701171875,1.0097570190429688,0.022917978223889773,-0.0010505909481130743,-0.7629580298387489,0.6460407930740565
1785983360.973469,-1.0159121704101564,1.1243326416015624,1.01096728515625,0.022535646430521854,-0.00029794477332715483,-0.7608632932299215,0.648520714234701
1785983360.991772,-1.0235216674804688,1.12343798828125,1.0134320678710937,0.0223668591817355,0.0012951166283957797,-0.75740303387626,0.6525631866745578
1785983361.001924,-1.0273157958984376,1.1229901123046875,1.0146531982421876,0.022488837582017262,0.002568767676613643,-0.7555260090733454,0.6547275008634187
1785983361.012466,-1.0310838623046874,1.12250244140625,1.01586279296875,0.021796078594286086,0.0035086029922051483,-0.7538785667711909,0.6566427735719584
1785983361.031769,-1.03856201171875,1.12159326171875,1.018284423828125,0.021829645379299836,0.0056153357683480995,-0.7507789170105972,0.660168876188622
1785983361.041874,-1.04234375,1.121175048828125,1.0194876708984375,0.02249042054783227,0.0066273309090610815,-0.7490625651631905,0.6620842385936051
1785983361.055463,-1.046051025390625,1.1207177734375,1.0207417602539062,0.021832816114926355,0.007296209862755163,-0.7478452423257713,0.6634738950139534
1785983361.072115,-1.053407470703125,1.119783935546875,1.0231364135742187,0.021948653453699344,0.008299295569164297,-0.744963760944045,0.6666921203132579
1785983361.082869,-1.05707421875,1.119360595703125,1.0243411865234375,0.022033626769067543,0.009559516593300933,-0.743384283591345,0.6684331980232885
1785983361.101900,-1.064307373046875,1.118365966796875,1.0267786865234374,0.021682699982171087,0.0103844053434581,-0.7409532122543695,0.6711262048394147
1785983361.111841,-1.06789111328125,1.1179029541015626,1.027982421875,0.02119571418532039,0.011437873242985152,-0.7396459413408032,0.6725650877879306
1785983361.122120,-1.0714317626953125,1.1173719482421876,1.02913037109375,0.02099559905204364,0.011470481344155594,-0.7386736495405135,0.6736385355170147
1785983361.132178,-1.0749759521484374,1.1168890380859375,1.0303631591796876,0.021317378333394078,0.01236923886311914,-0.7373637523174595,0.675046125410026
1785983361.142206,-1.0784407958984374,1.116373291015625,1.0314859619140626,0.021099249449533914,0.012526165077691402,-0.736303788944166,0.6762060748464175
1785983361.152159,-1.0819383544921874,1.1158359375,1.0326728515625,0.021327788016411352,0.012826238993122555,-0.7352487022450918,0.6773403531179641
1785983361.162488,-1.085384765625,1.1152574462890625,1.0338900146484375,0.021035218139174364,0.01333270200159163,-0.7343834356076656,0.6782777872328912
1785983361.172327,-1.0887781982421876,1.1147447509765624,1.035039794921875,0.021445667195447802,0.01422175693513634,-0.7333641832611885,0.6793487927129337
1785983361.191636,-1.0955277099609375,1.1135908203125,1.0374202880859376,0.02122041907892774,0.015077725884252494,-0.7312936707928671,0.6815657765848876
1785983361.201896,-1.0988692626953125,1.1129677734375,1.0385830078125,0.02087011686118573,0.015140025650833121,-0.730330692866308,0.6826069726029598
1785983361.213476,-1.102126953125,1.1123994140625,1.0397679443359376,0.02072686389822419,0.015488228854057458,-0.7294863200419225,0.6835058360107896
1785983361.223396,-1.1053809814453126,1.1117376708984374,1.0409063720703124,0.02033945865728704,0.016123124610693623,-0.7289701541838666,0.684053259767971
1785983361.242519,-1.111760009765625,1.110446533203125,1.0432889404296875,0.020411191454714244,0.017322073690656373,-0.7270809015044832,0.6860296697159616
1785983361.253885,-1.114909423828125,1.10976513671875,1.0444329833984376,0.020334547942515588,0.01716883806112987,-0.7263348258967454,0.6868256389431818
1785983361.271731,-1.121095703125,1.108346435546875,1.04678466796875,0.019946029662342313,0.01823544744851163,-0.7248496185119507,0.688376838820599
1785983361.281676,-1.124112548828125,1.107620361328125,1.0479365234375,0.019332894504242863,0.018612584450751025,-0.7241514682664362,0.689118610798507
1785983361.292039,-1.127121826171875,1.1068568115234374,1.0491051025390625,0.019386641504683604,0.018770185538182136,-0.7234910237732379,0.6898061919491613
1785983361.303357,-1.1300684814453126,1.1060977783203125,1.050302490234375,0.019038076136279822,0.01943105166610626,-0.7228209894053417,0.6904996758238565
1785983361.322114,-1.13586083984375,1.1045460205078126,1.0525916748046875,0.019101833470595315,0.019908639499429816,-0.7213345377873845,0.692037050836987
1785983361.332996,-1.1386690673828126,1.1037354736328124,1.053751220703125,0.018857217880827924,0.020538362469564607,-0.7211530170875133,0.6922145075351371
1785983361.352236,-1.144255615234375,1.1020604248046875,1.0560703125,0.0190531344154583,0.020960727987155058,-0.7197203714064857,0.6936859422935685
1785983361.373085,-1.1496563720703126,1.1003359375,1.05837060546875,0.01920561980773907,0.021409614949408795,-0.7188209419589892,0.6946000456663485
1785983361.391836,-1.1548876953125,1.0985093994140624,1.06068212890625,0.0185045899541528,0.021415158208892837,-0.7180061271420737,0.695461122696609
1785983361.401919,-1.15746484375,1.0976138916015625,1.061829833984375,0.01870818232702109,0.02163192589943231,-0.7172739603641747,0.6962040763046664
1785983361.412498,-1.159978759765625,1.09667431640625,1.062973876953125,0.018399305349811754,0.02144700630607359,-0.7169336429454467,0.6965684741423114
1785983361.422513,-1.16245751953125,1.09566357421875,1.0641083984375,0.0183540649802996,0.021485667598911958,-0.7164874953283655,0.697027383435301
1785983361.442369,-1.1672677001953125,1.09370654296875,1.066408447265625,0.018648789462565745,0.021595509581252382,-0.7156173661684755,0.6979094746323473
1785983361.453206,-1.1695709228515625,1.0927686767578124,1.067552001953125,0.018835903322802522,0.0223845154264766,-0.7145398191598693,0.6989828176546085
1785983361.472058,-1.174106201171875,1.0907081298828125,1.069826416015625,0.018725544172257587,0.022864319053897693,-0.713838710828887,0.6996862644007457
1785983361.484112,-1.1763026123046876,1.0896014404296874,1.0710101318359375,0.018621577911940093,0.022577853657486654,-0.7136806746468367,0.699859554600329
1785983361.502463,-1.18062744140625,1.0873695068359375,1.0732689208984374,0.018619569907990453,0.022959784421508558,-0.712824044137628,0.7007196699551392
1785983361.512351,-1.182707275390625,1.08626904296875,1.0743896484375,0.018828658229198016,0.023033340989368076,-0.7125387889847092,0.7010017201178534
1785983361.532499,-1.1867611083984375,1.0838916015625,1.076735107421875,0.01921679120571831,0.023406936694456332,-0.7122336567767844,0.7012888596950423
1785983361.542417,-1.1887327880859375,1.0827518310546875,1.0778651123046874,0.019031609474084648,0.023411846449346095,-0.711564220003038,0.7019729633744034
1785983361.561999,-1.192529541015625,1.0802572021484376,1.0801719970703125,0.019812065993271927,0.023714704401158977,-0.7112513331085526,0.7022582410632555
1785983361.582263,-1.1961494140625,1.077737548828125,1.0825128173828125,0.020636410318821418,0.024502456357662523,-0.7108732760461285,0.7025901702469008
1785983361.596779,-1.1979248046875,1.076413818359375,1.0836591796875,0.020997869384615564,0.024404661790429754,-0.710627057250525,0.702831905922051
1785983361.613586,-1.201307373046875,1.073771728515625,1.085966796875,0.02179230955680121,0.024619752453399677,-0.7103410558381928,0.7030892914406925
1785983361.625261,-1.202910400390625,1.0722347412109374,1.08717041015625,0.022082935924263605,0.024252914693605094,-0.710207024413998,0.7032283579504225
1785983361.641804,-1.2060135498046876,1.069400146484375,1.0895274658203125,0.02217183961312075,0.02480769901562872,-0.7105365666516152,0.7028732223201846
1785983361.651818,-1.2075841064453126,1.06795703125,1.0906856689453126,0.022377940504704777,0.02479012700275145,-0.7099117260196462,0.7034984168259997
1785983361.661885,-1.2090528564453125,1.066513916015625,1.0918402099609374,0.022737566994665122,0.02493890293065701,-0.7096780919470543,0.703717334248683
1785983361.672083,-1.210525146484375,1.0650621337890624,1.0930181884765624,0.022592399443125303,0.024974728545358205,-0.7099061387058234,0.703490666831589
1785983361.682145,-1.2119405517578126,1.063494873046875,1.0942030029296874,0.023490683774651112,0.024843364759870847,-0.7093919821752551,0.7039843929186999
1785983361.692053,-1.2133162841796874,1.061998291015625,1.09534765625,0.02362831422435792,0.025042195686825464,-0.7092508531768406,0.7041149145578551
1785983361.704151,-1.2146513671875,1.0604642333984375,1.0965291748046875,0.023748874718665526,0.025181535425738453,-0.7093234771379004,0.7040327402419213
1785983361.722432,-1.217278564453125,1.0572470703125,1.098926513671875,0.025012563498411505,0.025142104177308153,-0.7086478529643575,0.7046704674100781
1785983361.743550,-1.219693603515625,1.0539638671875,1.1012310791015625,0.02467448964906258,0.024373868053048888,-0.7085523929461466,0.7048053622504195
1785983361.756343,-1.2208668212890625,1.0523101806640625,1.10244287109375,0.024685376429777438,0.02463103666055075,-0.7085170826342446,0.7048315281721129
1785983361.776052,-1.223081787109375,1.04884326171875,1.1047591552734375,0.025170493967738374,0.024311478181377674,-0.7082256009030884,0.7051183728370364
1785983361.794452,-1.22517529296875,1.045400146484375,1.107165771484375,0.02553044864746066,0.024484290671661784,-0.7080562398403736,0.7052695005634343
1785983361.813579,-1.2271124267578124,1.0417806396484375,1.1095096435546874,0.025273704121484667,0.02459955536995381,-0.7078864438083643,0.7054451523525427
1785983361.833779,-1.2289521484375,1.0379937744140626,1.1118494873046876,0.025815439791968136,0.024401431217490766,-0.7075533731764416,0.7057665109669641
1785983361.852040,-1.2306837158203126,1.034088134765625,1.1142039794921874,0.025782370869908502,0.02459978542231596,-0.7074266982621766,0.7058878122023161
1785983361.862012,-1.2314464111328125,1.03212109375,1.1153763427734376,0.025762860363992,0.02486304906920677,-0.7074709802573206,0.7058349093943552
1785983361.872403,-1.2322376708984375,1.0301126708984376,1.1165809326171876,0.025752326054464245,0.02481099905564166,-0.7075546620972402,0.7057532421153021
1785983361.896086,-1.233731689453125,1.0260809326171876,1.1189713134765624,0.02632120482081518,0.02469279919671938,-0.7071408435602472,0.7061510343490698
1785983361.913730,-1.23509375,1.0218583374023438,1.1213438720703126,0.026776797619028982,0.02423230549811844,-0.7068998017833893,0.7063911673405125
1785983361.932680,-1.2363443603515625,1.0175284423828126,1.1237982177734376,0.027576428174767305,0.025286156470995247,-0.7066712411981569,0.7065521397347421
1785983361.952609,-1.2374591064453124,1.0130921630859375,1.1262381591796875,0.02811088482382067,0.024253531988283044,-0.7067358669208536,0.7065026062187029
1785983361.963152,-1.237994873046875,1.0108047485351563,1.1274476318359374,0.027902994610798815,0.024317363845735726,-0.7064724885261604,0.7067720493444106
1785983361.983313,-1.23898046875,1.0062092895507813,1.1298851318359375,0.028491795375348364,0.024423524904689475,-0.7066654035733815,0.7065519878332871
1785983362.002369,-1.2398997802734375,1.0014328002929687,1.1323863525390625,0.028751956639660854,0.023356280120500627,-0.7071701623793611,0.7060723450315574
1785983362.013263,-1.2402783203125,0.9990214233398438,1.1336170654296875,0.029214468166358393,0.023697554923872433,-0.7069915664934406,0.7062208217240484
1785983362.032982,-1.2409866943359376,0.9940665283203125,1.136102783203125,0.02969590219561471,0.023913213651658046,-0.7072267539254006,0.7059579459139721
1785983362.051992,-1.241577392578125,0.9889803466796875,1.1385196533203126,0.029696386074619004,0.0234846478326001,-0.7070252950642574,0.7061740645016849
1785983362.062694,-1.2418624267578124,0.986451416015625,1.1397867431640625,0.030016580542356015,0.023612436973492787,-0.7070561903653185,0.7061253362033032
1785983362.082684,-1.2423717041015625,0.9811353149414063,1.142240478515625,0.030040929988567562,0.023799185927353556,-0.7070200712113586,0.7061542016534311
1785983362.092722,-1.2425343017578125,0.978510009765625,1.14348974609375,0.030469845315861215,0.02364806637367336,-0.7069245587909183,0.7062365200213234
1785983362.111843,-1.2429049072265625,0.9730632934570312,1.145961181640625,0.030599866050670464,0.024033311255099075,-0.7068395405944125,0.7063029983878186
1785983362.122953,-1.2430352783203125,0.9703154907226562,1.1471990966796874,0.030295588250497465,0.023286068081340382,-0.7067551261833075,0.706425605009074
1785983362.142138,-1.2432344970703124,0.9646136474609375,1.1496900634765626,0.03057174833645854,0.02365847797734299,-0.706964414542402,0.7061918785195803
1785983362.162202,-1.2434136962890625,0.9588925170898438,1.152155517578125,0.03091511134421441,0.022575079442187434,-0.7069948905657164,0.7061818815678478
1785983362.172373,-1.2434305419921876,0.9559678955078125,1.1533975830078125,0.030542119930928938,0.022418895011781518,-0.70720875124415,0.7059889171827732
1785983362.182411,-1.243458251953125,0.9529463500976563,1.154681396484375,0.03081503840579626,0.022489322086850814,-0.7070292561948135,0.7061545753456931
1785983362.193253,-1.2434512939453124,0.9499996337890625,1.155950439453125,0.03058578778661705,0.02222326234925093,-0.7072822539650095,0.7059195939626789
1785983362.212116,-1.24336865234375,0.9438739624023438,1.158403564453125,0.03082774856269843,0.021834148044347107,-0.7070338384410472,0.7061699995407412
1785983362.224360,-1.24329736328125,0.9408016967773437,1.1596468505859374,0.030977775375425697,0.021946313060792276,-0.7068913926348436,0.706302561090374
1785983362.241948,-1.243096923828125,0.93453125,1.162146240234375,0.030438206228864523,0.021323388139202475,-0.7072129692300152,0.7060231175815711
1785983362.252126,-1.2430186767578124,0.9313124389648437,1.16340087890625,0.030275480268355495,0.021069839936570498,-0.707381756412068,0.7058686208312399
1785983362.262283,-1.2428870849609375,0.9281287231445312,1.16463671875,0.030140075112783323,0.02078306072889585,-0.707212191235745,0.7060528026963899
1785983362.273541,-1.242778076171875,0.9249146728515625,1.165894287109375,0.03004050932806361,0.020431176099474375,-0.7074661521694324,0.7058128503196442
1785983362.293095,-1.2424659423828126,0.918327880859375,1.168436279296875,0.030436111976606443,0.020249036550955214,-0.7072258137945557,0.7060419628860177
1785983362.305291,-1.242279541015625,0.9149771728515625,1.16967236328125,0.030451367416436566,0.019625794211205406,-0.7072111772735576,0.7060735789517945
1785983362.323145,-1.2418509521484375,0.9081709594726562,1.1722413330078125,0.03044687558875428,0.019546251974796567,-0.7075319384999704,0.705754531914086
1785983362.334093,-1.2415924072265625,0.904799560546875,1.17348974609375,0.030082855832560363,0.019351327458699982,-0.7074473409651908,0.7058603483758336
1785983362.352148,-1.241111572265625,0.8978888549804688,1.1760477294921876,0.029988114153350263,0.01837760391943735,-0.7077093594203224,0.7056276920540223
1785983362.374635,-1.240555419921875,0.8908701782226562,1.1785625,0.030098858294923772,0.0182000385764586,-0.7076644999884432,0.7056725697686917
1785983362.391781,-1.2399420166015624,0.8836500854492187,1.18119677734375,0.030877967827825918,0.016672796954189117,-0.7078901153891026,0.7054503344970428
1785983362.401768,-1.23960205078125,0.8800882568359375,1.1824705810546876,0.03034925419317663,0.016624074619607382,-0.7079883732578834,0.7053758122897511
1785983362.411862,-1.2392874755859375,0.8764688720703125,1.18369384765625,0.029867905029767983,0.016194257964928207,-0.7077150980290653,0.7056805251900419
1785983362.433409,-1.238595703125,0.869163818359375,1.1862802734375,0.030304342234333544,0.015898655350784385,-0.707769535194085,0.7056140165039316
1785983362.453149,-1.2378773193359376,0.8617818603515625,1.1888045654296875,0.030345186705356055,0.015621390833353106,-0.7079015795615116,0.7054859983436267
1785983362.472218,-1.2371390380859375,0.8541965942382812,1.191419921875,0.030898208966240567,0.014421802711922935,-0.7081530012424694,0.7052351658328213
1785983362.482150,-1.2367418212890624,0.8503986206054688,1.1927335205078125,0.03130303990520311,0.014213592398971681,-0.708010546929579,0.7053645600934337
1785983362.492242,-1.23635009765625,0.8466234741210937,1.1939998779296874,0.0316514600761202,0.014276301581140413,-0.7079650419907284,0.7053934173967579
1785983362.512009,-1.2355015869140624,0.838920654296875,1.1965518798828125,0.03133582244030131,0.013916519622466584,-0.7076623837151703,0.7057183310015888
1785983362.531905,-1.2346632080078126,0.8312133178710938,1.1992098388671875,0.031214190985817885,0.014002625041977143,-0.7080018610597595,0.7053814429004268
1785983362.542967,-1.2342220458984374,0.8272081909179687,1.200505859375,0.0309965671337384,0.013181831337842283,-0.7081413170363512,0.7052668557217139
1785983362.563017,-1.233295166015625,0.819340576171875,1.2030655517578126,0.030344019021770013,0.013236661394664409,-0.7080075126855307,0.7054285129598414
1785983362.581896,-1.232345703125,0.8113883056640625,1.205693603515625,0.030588291065750336,0.01300605092015376,-0.7080789143760293,0.7053506022056365
1785983362.591952,-1.2318433837890626,0.80738525390625,1.206990478515625,0.03019767910964524,0.013392665178078146,-0.7080199836866,0.7054193497724967
1785983362.601900,-1.231333251953125,0.8033345947265625,1.2082734375,0.030048599795275615,0.013067423571138876,-0.708006898042735,0.705444931385484
1785983362.612656,-1.230851318359375,0.7993048095703125,1.20956591796875,0.029978236455602346,0.012739281776380475,-0.7078676471346513,0.7055936416645993
1785983362.632130,-1.2297958984375,0.7911593627929687,1.2121409912109375,0.029847716742036193,0.012980128870754662,-0.7077020077071111,0.7057609353051905
1785983362.653460,-1.2287275390625,0.7828761596679688,1.2147506103515624,0.029709502661853446,0.012560482128941616,-0.7079021608885968,0.7055735963897241
1785983362.672093,-1.2275833740234374,0.7746223754882813,1.2173695068359376,0.029993819162849968,0.012716417273897872,-0.7078195349134428,0.7056416657430231
1785983362.692019,-1.2263958740234375,0.7662633666992188,1.219897705078125,0.029652927415186832,0.012628663407134151,-0.7078023957107746,0.7056748579503057
1785983362.701977,-1.2258143310546874,0.7620131225585938,1.221176513671875,0.029920849397156578,0.012449124442329025,-0.7077902821547896,0.7056788930273546
1785983362.711974,-1.2251929931640626,0.757782958984375,1.2225009765625,0.030001165429717886,0.01252108826510391,-0.7079091378407998,0.7055549599616642
1785983362.722122,-1.2245902099609376,0.7535437622070312,1.2238082275390625,0.03007793328693571,0.01260621600173259,-0.7076906978387276,0.7057692875442416
1785983362.732497,-1.2239307861328126,0.7492782592773437,1.2251129150390625,0.02995157995635248,0.012039323542592956,-0.7078686541991307,0.7056060682108181
1785983362.742747,-1.2233079833984375,0.7449564819335938,1.2263914794921875,0.03048854665340135,0.011782355753548128,-0.7078434500622688,0.7056126884193176
1785983362.753473,-1.2226395263671874,0.7406113891601562,1.227687744140625,0.03068237019118771,0.011445282425146742,-0.707686409683444,0.7057673525144967
1785983362.772017,-1.22134228515625,0.7319599609375,1.2303319091796876,0.031182920153704555,0.011361482180640665,-0.7077152539669779,0.7057178270897365
1785983362.781989,-1.220667724609375,0.7275890502929687,1.231691162109375,0.03144372309710025,0.011175359805069,-0.7078849023008926,0.7055390570877275
1785983362.792799,-1.2199786376953126,0.7231870727539063,1.233003173828125,0.03198780841823241,0.011101791568790516,-0.7078863221847344,0.7055143393210463
1785983362.812982,-1.218561279296875,0.7143800659179688,1.2355421142578125,0.03221516357149457,0.010778102936258024,-0.7077315018232953,0.7056643163170874
1785983362.831789,-1.2171441650390624,0.7054315795898437,1.2382440185546875,0.032858567090085035,0.010800222729190893,-0.7080028124930131,0.7053621001266368
1785983362.842298,-1.216443603515625,0.70094140625,1.2396041259765624,0.033189294941222816,0.010625592490203204,-0.7079011271590488,0.7054513171240502
1785983362.852028,-1.2156875,0.6964762573242187,1.2408638916015624,0.03355801086493912,0.010507035002522385,-0.7078574202973063,0.7054795081339061
1785983362.863289,-1.2149354248046875,0.6919217529296875,1.242148681640625,0.03363995014144392,0.010302487471158252,-0.7079309931838352,0.7054047797463798
1785983362.882189,-1.213429443359375,0.6828538818359375,1.2447724609375,0.03376608556961412,0.009977190931489768,-0.7078354368754066,0.7054993342657717
1785983362.901921,-1.2119307861328126,0.6736920166015625,1.24741455078125,0.03422064016306257,0.009438760716992753,-0.7075570180585425,0.7057640546692354
1785983362.912031,-1.2111640625,0.6691074829101562,1.2486881103515626,0.03441686350639447,0.009657620390992648,-0.7072110541962631,0.7060982276802781
1785983362.923396,-1.2103231201171876,0.6645845336914062,1.2499598388671875,0.03424077062721769,0.010184357206353972,-0.7069462186117251,0.7063645583172836
1785983362.942265,-1.2088018798828124,0.65530322265625,1.252594970703125,0.033950788764308765,0.009537773546890619,-0.706834715708831,0.7064991556606111
1785983362.952291,-1.2080428466796875,0.6506349487304688,1.253872802734375,0.033943771308083556,0.009589530348900534,-0.7066569262840801,0.7066766312625781
1785983362.963299,-1.2072633056640625,0.645947998046875,1.2551395263671874,0.03400490305268206,0.009160940398264891,-0.7064121221104189,0.7069240794925774
1785983362.982277,-1.2057373046875,0.6364630126953125,1.2577501220703124,0.03403099423108631,0.008665726224815616,-0.7063260963830993,0.7070150302949074
1785983362.994151,-1.2049671630859375,0.6317333984375,1.2590526123046875,0.03427273412696232,0.009039921744061662,-0.7058426636951032,0.7074813003368036
1785983363.012325,-1.203458984375,0.62220654296875,1.26157861328125,0.03403975073615452,0.008661722696411548,-0.705932953825148,0.7074071923393772
1785983363.022743,-1.2026995849609374,0.6174124755859375,1.262824951171875,0.0338538913267795,0.008439945008665715,-0.7057994519551977,0.7075519979037517
1785983363.043266,-1.201209228515625,0.607721923828125,1.265344482421875,0.03386071526172643,0.007560096257057454,-0.7061840692052436,0.707177734727286
1785983363.053937,-1.2004835205078126,0.6029031982421875,1.26660791015625,0.03419026490199931,0.00750250397762659,-0.7060333656512232,0.7073129589780124
1785983363.073181,-1.19898291015625,0.5931416015625,1.2690869140625,0.033956367074420075,0.007154150637923137,-0.7064150111834248,0.7069466910571043
1785983363.092551,-1.1975052490234375,0.583321533203125,1.271609130859375,0.03404891403980173,0.0077101863122240825,-0.7061376397060667,0.7072134493150154
1785983363.111938,-1.196074951171875,0.5734762573242187,1.2740670166015624,0.03393586102387611,0.007366406018586599,-0.7061304654343007,0.7072297086910901
1785983363.121986,-1.1953631591796876,0.5684837036132813,1.2753033447265625,0.03380985516280169,0.006916501135239291,-0.7064547675179076,0.7069163355537607
1785983363.132479,-1.1946729736328126,0.5635007934570313,1.2765357666015624,0.033972764686330065,0.006829759861144638,-0.7064388740542414,0.7069252789544315
1785983363.152009,-1.19332275390625,0.55353955078125,1.278991943359375,0.034470693573529554,0.006905592300764742,-0.7066177286048639,0.7067216314118
1785983363.163320,-1.1926519775390625,0.5484796142578126,1.280218994140625,0.034746216468971546,0.006779179479435374,-0.706739313532571,0.706587778416123
1785983363.173681,-1.1919930419921876,0.5434122314453125,1.281426025390625,0.034745351857305005,0.0070128947185107105,-0.7066477269749457,0.7066771430570172
1785983363.193129,-1.1906558837890624,0.5332221069335937,1.2838773193359374,0.03514300029062604,0.0070505845161003755,-0.7069393725460771,0.7063653282329724
1785983363.211982,-1.1893018798828126,0.5230398559570313,1.2861883544921875,0.03516817430721828,0.00785918466130159,-0.7070221708693132,0.7062726589850297
1785983363.222266,-1.188626220703125,0.51788916015625,1.2873758544921876,0.03512175310504431,0.008009251584289782,-0.706767738421262,0.7065279041333103
1785983363.234219,-1.1879603271484376,0.512748046875,1.28857861328125,0.034926497999599945,0.008195964730811429,-0.7068196655531589,0.7064834825404017
1785983363.253334,-1.1866492919921876,0.5023913879394531,1.2908890380859375,0.034256702575881266,0.008169332243341324,-0.7071435422442013,0.7061924227645803
1785983363.275440,-1.1853388671875,0.49199313354492186,1.2931844482421875,0.033702173006139896,0.008244507274998192,-0.707194225733313,0.7061674753300653
1785983363.292101,-1.184072509765625,0.48154507446289063,1.2954775390625,0.0336056953168961,0.008329600364045928,-0.7072144679761166,0.7061508028509956
1785983363.302093,-1.183423828125,0.4763322448730469,1.296567626953125,0.03285786703414646,0.008291542412312733,-0.7073204404941466,0.7060803139612765
1785983363.312098,-1.1828043212890624,0.47109332275390625,1.2976763916015626,0.03222340066188927,0.007907599864773613,-0.7073644451696138,0.7060698626444438
1785983363.323470,-1.1821788330078125,0.4658241882324219,1.2988096923828125,0.032252297250545306,0.007870886958681713,-0.7072815058133223,0.7061520278708652
1785983363.342202,-1.18093359375,0.45530325317382814,1.301083251953125,0.03206061316930079,0.007746471359517016,-0.7075254585540246,0.7059177102001327
1785983363.352710,-1.1803060302734374,0.44996444702148436,1.302145751953125,0.031440083496440493,0.0072948620359546135,-0.707333383600693,0.7061428967405021
1785983363.371940,-1.179106689453125,0.43936093139648436,1.304416748046875,0.031580911022530016,0.007109598426948008,-0.7077276747539935,0.7057433194066374
1785983363.383576,-1.178507568359375,0.4340516052246094,1.3055662841796876,0.03177426680264366,0.006753431007259209,-0.7076255860842292,0.7058405037687675
1785983363.402069,-1.1773505859375,0.4233738098144531,1.307732421875,0.031294618611205166,0.005678925732644391,-0.7075474000666634,0.7059497757163316
1785983363.421804,-1.1762093505859375,0.4126255798339844,1.3100087890625,0.031712672852062,0.005147222921084843,-0.7075884622647034,0.7058940251398897
1785983363.432367,-1.1756558837890625,0.4072305297851562,1.3111375732421875,0.03242360451064654,0.005369868559508697,-0.7074744468262848,0.7059743597359924
1785983363.442456,-1.1750792236328125,0.4018380432128906,1.3122606201171876,0.03238958891940829,0.004866595513876113,-0.7076867323137088,0.7057667570292571
1785983363.452492,-1.1744998779296876,0.3963710021972656,1.3133099365234375,0.0323949044586982,0.00447923559824369,-0.7076731454900319,0.7057827076993267
1785983363.462779,-1.17396533203125,0.39097415161132815,1.3144342041015624,0.03295488385114741,0.00468652454215828,-0.7074973550009404,0.7059316606678387
1785983363.482356,-1.17286083984375,0.38015972900390627,1.316725830078125,0.03349378007566584,0.004358925634498351,-0.7076580542881018,0.7057473063176736
1785983363.493430,-1.1723055419921875,0.37468902587890623,1.31782763671875,0.03336091373157505,0.003749205599071349,-0.7075265814577166,0.7058888947391914
1785983363.512274,-1.171279052734375,0.36379403686523437,1.320120849609375,0.03389126267127045,0.0041807417705394725,-0.7072743061734357,0.7061139821613823
1785983363.522423,-1.170735107421875,0.3582961120605469,1.3212059326171874,0.03487221324652147,0.004104323229430063,-0.7073615427384048,0.705979269602129
1785983363.542854,-1.1697288818359375,0.34733770751953125,1.3234515380859375,0.03461306983646678,0.003951114812137345,-0.707393488258481,0.7059608905375474
1785983363.562264,-1.16873095703125,0.33631646728515624,1.3257369384765625,0.0350766701865101,0.003906245593187918,-0.7073709619999712,0.7059608317494976
1785983363.572850,-1.1682210693359374,0.33083258056640624,1.326845947265625,0.03528703032570394,0.003892734621474288,-0.7073950508859369,0.7059262803494315
1785983363.593760,-1.1672969970703124,0.3197754211425781,1.3290733642578125,0.03529053898802231,0.003903176165365238,-0.7072911077732567,0.7060301914312819
1785983363.612713,-1.166351806640625,0.3086902770996094,1.331327880859375,0.0355175857890568,0.0036062561103784602,-0.7075688148171272,0.7057420740632167
1785983363.631837,-1.1654476318359375,0.29757205200195314,1.3335086669921874,0.03526390658421274,0.002943752854597368,-0.7076243605324847,0.7057021747956139
1785983363.642328,-1.16503369140625,0.2920776062011719,1.3346890869140624,0.035236289507388635,0.0033215978813379648,-0.7074654779512226,0.7058611458173053
1785983363.652431,-1.164617919921875,0.28648397827148436,1.335819580078125,0.034988409663934746,0.003314417346756629,-0.7077386717522814,0.7055996041011692
1785983363.662774,-1.164169677734375,0.2809650573730469,1.33695703125,0.03448595909924403,0.0032575415997504868,-0.7074690756697969,0.7058949003231385
1785983363.682576,-1.1633341064453124,0.2698171081542969,1.3391910400390625,0.03413623416867348,0.0028910796741695765,-0.7076157338054008,0.7057664983690012
1785983363.692631,-1.1629180908203125,0.2642347412109375,1.3403304443359374,0.03397452753506607,0.002489089098576261,-0.7074522613416284,0.7059396916039441
1785983363.703861,-1.1625306396484374,0.25863162231445314,1.34148388671875,0.03349681284710013,0.002862374627932063,-0.7075782469588431,0.7058348254641761
1785983363.721918,-1.16171484375,0.24742657470703125,1.3436895751953124,0.03358735760519289,0.0028910095240228537,-0.7076232979928269,0.7057852344664909
1785983363.732312,-1.161287109375,0.24184278869628906,1.344830810546875,0.0332818119798592,0.003180669441295478,-0.7074884882687721,0.7059335995348527
1785983363.752316,-1.160532470703125,0.23062318420410155,1.34708251953125,0.03305786564048654,0.0030703380713076735,-0.7072862978062168,0.7061471803586282
1785983363.762194,-1.1601707763671876,0.22501373291015625,1.3482161865234374,0.03316092319672834,0.0033679469664637503,-0.7075367826125412,0.7058900268946872
1785983363.772356,-1.1597779541015625,0.21943321228027343,1.3493349609375,0.033282973355726976,0.0034750482290729465,-0.7074919270727271,0.705928693968577
1785983363.782741,-1.15941064453125,0.2137920379638672,1.3504373779296874,0.0328791924335857,0.0031382704921642537,-0.7075815127537235,0.7058594081066355
1785983363.802055,-1.1586690673828124,0.202590087890625,1.3526544189453125,0.032924854052969035,0.0030432920690650566,-0.7075776244764708,0.7058616021898442
1785983363.813676,-1.158321533203125,0.1969942169189453,1.3537689208984376,0.0326724684038319,0.0027729051373171845,-0.7074759036655609,0.7059764023519678
1785983363.831845,-1.1576337890625,0.18572821044921875,1.3560108642578126,0.03291858608596711,0.0029709713979698916,-0.7074613056310296,0.7059787743482243
1785983363.841963,-1.1572911376953126,0.18009835815429687,1.3570548095703125,0.03332319319463925,0.0029610364435624877,-0.7077338533875966,0.7056866056897185
1785983363.852030,-1.1569361572265624,0.17448869323730468,1.358153564453125,0.03318341010509262,0.0024862802331132657,-0.7075424752456455,0.7058869169311918
1785983363.862552,-1.156586181640625,0.16884922790527343,1.3592911376953125,0.03339302395164175,0.002406615445637738,-0.7076540158665596,0.7057654631909452
1785983363.872587,-1.1562772216796875,0.1632239532470703,1.3603570556640625,0.032922748271204734,0.0026050152732624092,-0.7075838353546678,0.7058572175213179
1785983363.892150,-1.155634765625,0.15188470458984374,1.362506591796875,0.03366519287333801,0.0024193077098083678,-0.7075832370253282,0.7058234667799568
1785983363.902937,-1.1552908935546875,0.1462926788330078,1.3635963134765625,0.03383494617942682,0.0023806722336044673,-0.707732982405733,0.7056653245261788
1785983363.922640,-1.1546728515625,0.13503631591796875,1.3657738037109375,0.03399797137791084,0.0021485175349682797,-0.7079535386349763,0.7054369566396639
1785983363.943068,-1.154073974609375,0.12376339721679687,1.3678370361328125,0.03391721583347193,0.0020353475459031455,-0.7077007564473456,0.7056947626644894
1785983363.962017,-1.1534857177734374,0.11247203063964843,1.3699578857421875,0.03442023800372033,0.001907055275509245,-0.7075914239214067,0.7057804266507526
1785983363.972396,-1.153244873046875,0.10679501342773437,1.371053466796875,0.0346422396659195,0.002098175730463781,-0.7077013395024722,0.7056587865973338
1785983363.992094,-1.1527076416015625,0.09550263977050781,1.3731368408203124,0.034679539703954036,0.001793696061312529,-0.7077775668784115,0.7055813347250246
1785983364.002522,-1.1524344482421875,0.08990058135986329,1.3741810302734374,0.035491324677825176,0.0017573338540880696,-0.707667971608083,0.7056509991649741
1785983364.021723,-1.151966064453125,0.07860973358154297,1.3762650146484374,0.0351983114892673,0.0015335647171527452,-0.7074953740381272,0.7058392380421907
1785983364.033249,-1.1517401123046875,0.07290953063964843,1.377280517578125,0.03527164149232349,0.0016807047006270853,-0.7074354280968129,0.7058953204638987
1785983364.052272,-1.15129931640625,0.061605876922607425,1.3793909912109374,0.035627580666971796,0.0018856091426956284,-0.7075974957701292,0.7057144580798385
1785983364.071974,-1.1509063720703125,0.05029951095581055,1.3814310302734376,0.036069065201084674,0.0017952559657117156,-0.7076650934101741,0.7056244949374662
1785983364.082305,-1.1507374267578125,0.04459428405761719,1.382429931640625,0.03606263196315793,0.0014549782817371256,-0.7075587657681632,0.705732216705996
1785983364.102268,-1.1504288330078125,0.0332842903137207,1.384495361328125,0.036174194836361286,0.001678155313444605,-0.7075115057716684,0.705773397482891
1785983364.112644,-1.1502965087890624,0.027576446533203125,1.3854569091796876,0.03614760624051747,0.0014003369734465866,-0.7074107059945859,0.7058763863605784
1785983364.132137,-1.150010009765625,0.016276655197143556,1.387410400390625,0.035861990917056004,0.0014187723918980843,-0.7075468511028292,0.7057544624900883
1785983364.143064,-1.1499002685546875,0.010645401000976563,1.3884388427734375,0.03589945447048273,0.0014363888474415525,-0.7074632319778258,0.7058363420609766
1785983364.162242,-1.1496795654296874,-0.0007206656336784363,1.3903485107421876,0.03575629264384244,0.0011848244745020458,-0.7075375247729985,0.7057696201620606
1785983364.172552,-1.149603515625,-0.0063589844703674315,1.3912642822265624,0.0354979056050287,0.0013808553748827826,-0.7076241764154774,0.7056954092672714
1785983364.192310,-1.14952880859375,-0.01766485595703125,1.39319677734375,0.035589918208324973,0.0012105121241734536,-0.7076022195061973,0.70571309527432
1785983364.202541,-1.1494874267578126,-0.02333394241333008,1.3941287841796874,0.03572145498132329,0.0013559466492458374,-0.7074785581960423,0.7058301714160063
1785983364.212680,-1.1494710693359376,-0.028984657287597658,1.3950135498046874,0.0359645381002285,0.0012256889050696767,-0.7074083581131326,0.7058884188000136
1785983364.233107,-1.14948974609375,-0.04032283782958984,1.396788818359375,0.03612593267319052,0.0007450803865833739,-0.7074165931623105,0.7058725973658798
1785983364.254247,-1.1495791015625,-0.05162932205200195,1.3986168212890624,0.03635823559260004,0.0002743065947947179,-0.7072417364957965,0.7060362226485097
1785983364.272234,-1.1497449951171874,-0.06299869918823242,1.40035986328125,0.036161384343050315,-0.00015383660945161507,-0.7074489968412978,0.7058386861493149
1785983364.282917,-1.14985546875,-0.06860852813720703,1.401192138671875,0.036641493156059385,-0.00011164151490902942,-0.7075143693878411,0.7057484055035123
1785983364.293096,-1.149975830078125,-0.07432151794433593,1.40206787109375,0.036551217458229604,-0.00011482900944784287,-0.7074580014783239,0.7058095869942204
1785983364.303540,-1.15008984375,-0.07997646331787109,1.4029576416015626,0.03643148020559736,-0.00015908196972018278,-0.7076184994200031,0.705654869176759
1785983364.313816,-1.150276123046875,-0.08562000274658203,1.403820068359375,0.03689720368918824,0.0001716648924397472,-0.7073181440298028,0.7059317236429133
1785983364.332825,-1.150627685546875,-0.09690803527832031,1.4054222412109374,0.036375692412446155,-0.00021025433197000086,-0.7074881319241513,0.7057884372877233
1785983364.355555,-1.1510662841796875,-0.10819115447998047,1.4071246337890626,0.03691050435779427,-6.308935312425537e-05,-0.70743531366951,0.7058136445366421
1785983364.372331,-1.151586181640625,-0.11944623565673829,1.408661865234375,0.036885528978341936,-0.0003665670555885844,-0.7076901782058309,0.705559308414826
1785983364.382346,-1.1518780517578124,-0.12504736328125,1.4094334716796875,0.037152077384591406,-6.351620043552741e-05,-0.7075029752593738,0.7057331284215913
1785983364.392492,-1.152197021484375,-0.130673095703125,1.4101983642578124,0.03715058027011964,-0.00023860429426360077,-0.7075240866245257,0.7057120073127273
1785983364.412127,-1.152840087890625,-0.14186502075195312,1.411807861328125,0.037118712488242174,-0.00013025539881394486,-0.7076922945257279,0.7055450281118594
1785983364.422881,-1.153233154296875,-0.14750711059570312,1.41256103515625,0.037240923876976625,0.00015463831020279058,-0.707528769271768,0.7057025769360352
1785983364.441940,-1.15400048828125,-0.158754150390625,1.414099609375,0.036787018632508994,0.00015260590498833323,-0.7076861607346128,0.7055685567988056
1785983364.452180,-1.154473388671875,-0.16435362243652343,1.4148482666015625,0.03713344584689799,0.00031231777746932384,-0.7075593931772933,0.7056774879209405
1785983364.463089,-1.15495556640625,-0.16998672485351562,1.415554931640625,0.03732951511132603,0.00015850535821213205,-0.7075722902370487,0.7056542430349758
1785983364.481778,-1.1558758544921874,-0.18114283752441407,1.416970947265625,0.037264811415336156,0.0007708577509119918,-0.7075543273307525,0.7056752956573508
1785983364.494188,-1.156392333984375,-0.18672503662109374,1.4177379150390625,0.03722629899927665,0.000467544848596847,-0.7076357787140061,0.7055959230076577
1785983364.513134,-1.1574478759765625,-0.19796014404296874,1.4191431884765624,0.03741819103458553,0.0008706355034788366,-0.7076580156339247,0.7055630749818507
1785983364.532521,-1.158576904296875,-0.20911447143554687,1.4205189208984375,0.03753244814207334,0.0009644620116020448,-0.7078119003605352,0.7054025213437329
1785983364.552530,-1.159825439453125,-0.22027218627929687,1.421875244140625,0.037149631365662183,0.001346251064115833,-0.7075740312016475,0.7056607410617093
1785983364.564044,-1.16045849609375,-0.2258828887939453,1.422502197265625,0.03707134264348823,0.0010228890011713162,-0.7077469769225075,0.7054919475400776
1785983364.582885,-1.1617869873046875,-0.23709092712402344,1.4238316650390626,0.03702366071981019,0.0015470369394452739,-0.7077332396388625,0.7055072625370249
1785983364.603199,-1.1632115478515626,-0.24822760009765624,1.425082763671875,0.03646891537720568,0.0013863196032018322,-0.7078228946917651,0.7054465527028512
1785983364.613150,-1.16393505859375,-0.2538388977050781,1.42568701171875,0.036139676827568974,0.0015639210268153074,-0.7076454805765318,0.7056411037247595
1785983364.631892,-1.1654671630859375,-0.2650331115722656,1.426931396484375,0.03634872532432604,0.0026098844944859715,-0.7077201860894365,0.7055523212224851
1785983364.641920,-1.16621142578125,-0.27058920288085936,1.4275296630859375,0.036422799128544625,0.0028351236009758226,-0.707823532836383,0.7054439588573139
1785983364.651998,-1.167025390625,-0.2761834716796875,1.42810888671875,0.03635685562172264,0.0027496444727538464,-0.7078676173199577,0.7054034565901652
1785983364.664779,-1.16786474609375,-0.28178216552734375,1.428674072265625,0.0360119826671669,0.00272546339296594,-0.7077916166834497,0.7054975169327367
1785983364.675509,-1.1686898193359374,-0.28740545654296873,1.429235595703125,0.03598458824553715,0.003018231919593284,-0.7078304545448022,0.705458743921411
1785983364.693323,-1.170375244140625,-0.2985658569335938,1.4303812255859376,0.03604736740136692,0.0036599603547919357,-0.7076445776012541,0.7056389508192619
1785983364.712070,-1.1721708984375,-0.30977798461914063,1.4315108642578125,0.03582845740997839,0.004066762193106124,-0.7074047451701644,0.7058882955736248
1785983364.722374,-1.173122802734375,-0.315502197265625,1.4321580810546874,0.03649629900358546,0.002922785207757056,-0.708351106965827,0.704910051240217
1785983364.741965,-1.1749560546875,-0.32663473510742186,1.433252197265625,0.036808758803137165,0.0034111518344446,-0.7083410419043065,0.7049017235432746
1785983364.752097,-1.1759471435546875,-0.33223162841796877,1.4337750244140626,0.03662942180183296,0.003925514697803842,-0.7082962727261134,0.7049533890182497
1785983364.762248,-1.1768975830078126,-0.33780612182617187,1.4343226318359374,0.036379428685632556,0.003648319110661216,-0.7082097801736489,0.7050546962291021
1785983364.772931,-1.1778699951171876,-0.34339614868164064,1.434886962890625,0.036499847476686886,0.004114655471729682,-0.7082202801507231,0.7050353641814977
1785983364.792084,-1.1798736572265625,-0.354587646484375,1.4359493408203126,0.03623107227566979,0.004376349714013349,-0.7081622362962864,0.7051059452905929
1785983364.802057,-1.1809061279296875,-0.3602215881347656,1.43650732421875,0.03661112088368334,0.004330077894617408,-0.7080428437614509,0.7052064908637911
1785983364.812263,-1.1819578857421875,-0.3658425598144531,1.437058349609375,0.03618435188983844,0.004209299749546989,-0.7080967244963635,0.7051751576981391
1785983364.822230,-1.18298388671875,-0.3714435119628906,1.437578857421875,0.03610891655052767,0.004580804319006237,-0.7080892184737115,0.7051842321887405
1785983364.832374,-1.184051025390625,-0.3770587158203125,1.4380919189453125,0.036261171402248875,0.004243794695475889,-0.7082277956553038,0.7050393704313515
1785983364.842424,-1.1851129150390625,-0.38269155883789063,1.4386318359375,0.0360574240279714,0.0043921417378560675,-0.7082911410587767,0.7049852570764682
1785983364.853337,-1.1861727294921875,-0.3883031311035156,1.4391025390625,0.035768834394242985,0.004579943701258015,-0.7082185388194421,0.7050717090508944
1785983364.865010,-1.1872734375,-0.393901611328125,1.4396201171875,0.036381181752106154,0.004675453251462057,-0.708343333071873,0.7049143584830022
1785983364.882036,-1.1894521484375,-0.40513714599609374,1.4406771240234375,0.03585058705071147,0.0048311512211829605,-0.708223760335489,0.7050606405614493
1785983364.892205,-1.190585205078125,-0.4107517700195312,1.4411409912109374,0.03613425839944308,0.005249678441652604,-0.708062806061695,0.705204812991063
1785983364.902186,-1.1917091064453125,-0.4163481140136719,1.4416070556640626,0.035994898529368956,0.00527008114967239,-0.7080262880884913,0.7052484463301006
1785983364.912133,-1.1928402099609374,-0.42201861572265625,1.4420921630859376,0.03602556705703612,0.005263789658531675,-0.7081538667688877,0.7051188028821589
1785983364.922361,-1.1939859619140625,-0.427671630859375,1.4425859375,0.03641404143004587,0.005903883370489347,-0.7081641278842807,0.7050834828345576
1785983364.941907,-1.196306396484375,-0.43894290161132815,1.44349169921875,0.0360917225346513,0.006011453758417841,-0.7082109043761246,0.7050521673185419
1785983364.951937,-1.1974947509765625,-0.44462014770507813,1.4439505615234376,0.03602568735013656,0.006239304982516592,-0.7082766960216209,0.7049874746661072
1785983364.962073,-1.198680908203125,-0.4502662353515625,1.4443876953125,0.035907398220659956,0.0064918467069794445,-0.7082072767141876,0.70506097586645
1785983364.972146,-1.1998795166015626,-0.45593310546875,1.444867919921875,0.0359781277961322,0.006281274362900826,-0.7081251965060946,0.7051417118681109
1785983364.982772,-1.20106787109375,-0.46155609130859376,1.445354248046875,0.03572402477214662,0.006796179414846408,-0.7078889810478167,0.705386967305775
1785983365.002372,-1.203490966796875,-0.4729954833984375,1.4462186279296876,0.03581795165158513,0.008177389058413172,-0.7065075064931932,0.7067512548922884
1785983365.012917,-1.2046334228515625,-0.47873370361328127,1.4466871337890626,0.03576017174697341,0.008835588754945885,-0.7053476042669193,0.7079038741425294
1785983365.032217,-1.206845703125,-0.49014523315429687,1.4476064453125,0.034991117457648234,0.010332958022532182,-0.70290091104025,0.7103514463127236
1785983365.042131,-1.2079127197265624,-0.4958875427246094,1.4480943603515626,0.03459362243894785,0.011419084507134173,-0.7014093363688554,0.7118271106109267
1785983365.052186,-1.2089571533203125,-0.50158056640625,1.448563232421875,0.033706847896379864,0.012731630033077753,-0.699414242537174,0.7138077369336385
1785983365.062319,-1.209916748046875,-0.5073408813476562,1.4490482177734374,0.03261640158202822,0.013329519080265707,-0.6973136292327176,0.7158995710680228
1785983365.072428,-1.2109033203125,-0.513074951171875,1.4495965576171874,0.03182673789928319,0.014858412602000926,-0.6948163014464505,0.7183290303507345
1785983365.083209,-1.211871337890625,-0.5188433837890625,1.4501837158203126,0.0310294766050981,0.01677585196753447,-0.692201978133434,0.7208412898606237
1785983365.102180,-1.213673828125,-0.53035498046875,1.4513173828125,0.028819928485643322,0.019371227011112564,-0.6862444221202686,0.7265416425613224
1785983365.112110,-1.214529052734375,-0.5361341552734376,1.4519434814453125,0.02776572945952574,0.02055590196985184,-0.6827401858011243,0.7298440710110735
1785983365.131832,-1.216196533203125,-0.5476947631835938,1.453265869140625,0.025738746247981045,0.023412656845813007,-0.6752229583119325,0.7367925899188069
1785983365.141813,-1.2169765625,-0.55344287109375,1.4539625244140626,0.025118858551347063,0.023749060587882807,-0.6711523080237561,0.7405130734855184
1785983365.152058,-1.2177425537109374,-0.5591788330078125,1.4547193603515625,0.023789042591990543,0.024582637138854172,-0.6667614997730373,0.7444856462091695
1785983365.162246,-1.21847314453125,-0.5649124755859375,1.4554161376953125,0.022721365424471385,0.024994547322383053,-0.662155233709202,0.7486050169432686
1785983365.172492,-1.219162841796875,-0.570614501953125,1.4561363525390625,0.021518352514020577,0.025366235252380926,-0.6574010256409807,0.7528063503630191
1785983365.192739,-1.2204571533203126,-0.582056396484375,1.4577264404296875,0.01956531539760027,0.025048993919521523,-0.6468297495180618,0.7619717935703871
1785983365.212843,-1.221601806640625,-0.5933928833007812,1.4594105224609375,0.01772910121355362,0.02489567656872454,-0.6360448558098757,0.7710465746268739
1785983365.222915,-1.222105224609375,-0.599061767578125,1.4602000732421876,0.01707129401205976,0.02441210036235785,-0.630362890690571,0.7757288485805091
1785983365.241956,-1.2230196533203126,-0.6103482055664062,1.461903076171875,0.01521570259417764,0.023592975618682236,-0.6178848512164749,0.7857672368512705
1785983365.252151,-1.2235150146484375,-0.6158718872070312,1.4627720947265626,0.014515858295200598,0.02375724899691301,-0.6113121817376413,0.7908996779623858
1785983365.274272,-1.2241160888671876,-0.62705908203125,1.46447998046875,0.013197901749765054,0.023596410567960267,-0.597117804741117,0.8016977973063137
1785983365.292020,-1.2245301513671876,-0.6381046142578125,1.4661341552734375,0.011875432342979416,0.022077884659885666,-0.5823104827540079,0.8125798800522569
1785983365.303216,-1.224849365234375,-0.643458740234375,1.466944091796875,0.012349656087688102,0.02314078759881961,-0.5750849516415122,0.8176730881321675
1785983365.322042,-1.2252762451171875,-0.654178466796875,1.4686893310546876,0.010945907134829484,0.023111550785391198,-0.5596785647517171,0.8283151237399033
1785983365.332796,-1.2254407958984375,-0.659562255859375,1.4695302734375,0.010530736875893674,0.0217508712310542,-0.5521442840494086,0.8333982824804155
1785983365.352252,-1.225759521484375,-0.6702698364257812,1.4711552734375,0.009511361334641153,0.02248294979393451,-0.5350646593725298,0.8444583224375638
1785983365.362106,-1.225956787109375,-0.6756397705078125,1.4720435791015625,0.009019940494360496,0.02148984614849853,-0.5269687837448773,0.8495650137358479
1785983365.372486,-1.226025146484375,-0.6808762817382813,1.472892333984375,0.008616218291700988,0.021444979218435488,-0.5182155298182695,0.8549377326153497
1785983365.384179,-1.2261348876953124,-0.6861790771484375,1.4737322998046876,0.008025619076329135,0.02085920613742704,-0.5086224092698608,0.8606995561852435
1785983365.404760,-1.2260850830078125,-0.6965623168945313,1.475287841796875,0.008577717968538918,0.02008398133052744,-0.4893092191418801,0.8718368713354763
1785983365.421910,-1.225974609375,-0.7067201538085938,1.476947265625,0.007540675768759336,0.017073358364190716,-0.4691245204010168,0.8829347812731974
1785983365.432207,-1.2258597412109375,-0.71174169921875,1.477688720703125,0.007900292717980772,0.0168900426583566,-0.45859750893347545,0.8884484481807846
1785983365.452139,-1.225629150390625,-0.721772705078125,1.4791826171875,0.008583215249713855,0.016347721257547153,-0.4367725705248389,0.8993824591867463
1785983365.472186,-1.2254478759765626,-0.7315247802734375,1.4806185302734376,0.008609852684090053,0.014440329724656977,-0.41432217442475244,0.9099749929010306
1785983365.493330,-1.2252991943359375,-0.74101220703125,1.4819500732421875,0.009835713973789947,0.014318761184608439,-0.3922022021851289,0.9197149833749053
1785983365.503578,-1.2252972412109375,-0.7456714477539063,1.4826048583984375,0.009688697282168108,0.01297913052692667,-0.38087820202180506,0.9244833511830937
1785983365.521990,-1.225248291015625,-0.7548031616210937,1.483930908203125,0.010928331881681928,0.011316723217925095,-0.3611514939437473,0.9323744452966201
1785983365.532731,-1.2252850341796875,-0.7594049072265625,1.4844609375,0.011926663420187647,0.010995849968030186,-0.3496797688344607,0.936728827873276
1785983365.552185,-1.225310791015625,-0.7687244873046875,1.48552880859375,0.013404080366520563,0.008154189991319873,-0.33056619744807403,0.943652389859555
1785983365.562162,-1.225418701171875,-0.773354736328125,1.4859473876953124,0.014930237224121219,0.007512553271875686,-0.32100280572820633,0.9469307612376431
1785983365.572215,-1.22561572265625,-0.7778724975585938,1.4863431396484375,0.016023103063570562,0.007204572308793087,-0.31059315647565405,0.9503805875738122
1785983365.592275,-1.2262335205078125,-0.7868314819335938,1.4870914306640626,0.019369917604515955,0.0056784133881157325,-0.2903341343334913,0.956712420547135
1785983365.602543,-1.2262587890625,-0.7911669921875,1.48737255859375,0.021328677207720338,0.0039025283121740897,-0.28475395289687344,0.9583553885257807
1785983365.612875,-1.2264725341796876,-0.7957902221679688,1.4876739501953125,0.02177192909384864,0.003569184839470287,-0.2756960026649234,0.9609916563202768
1785983365.632529,-1.227224853515625,-0.8047755737304687,1.4880306396484375,0.023236257708669165,0.00469061596330263,-0.2572477753217652,0.9660546893016119
1785983365.652146,-1.2280009765625,-0.81383740234375,1.4885794677734374,0.02516628587285738,0.0056994602759519305,-0.24063454362044415,0.9702727440200711
1785983365.662178,-1.2285126953125,-0.8183906860351563,1.48873876953125,0.025338883457495135,0.006130859278545312,-0.23244814333588576,0.9722593332579811
1785983365.672442,-1.2289288330078125,-0.822884521484375,1.4888807373046875,0.02580262506193901,0.006078838947736999,-0.2253842196801464,0.9739092450682624
1785983365.692209,-1.229958251953125,-0.8317093505859375,1.4891337890625,0.02711188112058659,0.007552634207552735,-0.21389329638628052,0.9764515165206741
1785983365.713022,-1.231242431640625,-0.840794189453125,1.489411865234375,0.028190816682439664,0.00982402318168765,-0.1999491334954956,0.9793513720716768
1785983365.732140,-1.2328370361328125,-0.8501305541992188,1.4896146240234376,0.02699351617777346,0.014091004303974041,-0.18310904885039936,0.9826209243949027
1785983365.742161,-1.233568603515625,-0.8548110961914063,1.489765380859375,0.02641507116302577,0.014972375873614465,-0.17600700776713316,0.983920522255843
1785983365.752063,-1.23439697265625,-0.8594853515625,1.4899306640625,0.025594061031257397,0.01714978939784443,-0.16866590261649955,0.9851916725028225
1785983365.762009,-1.235162109375,-0.864045166015625,1.4899683837890625,0.02462471519007001,0.017993259033470814,-0.16268863345823184,0.9862059942491704
1785983365.772159,-1.2359542236328125,-0.8687045288085937,1.4900882568359375,0.023456508900600255,0.02031907627796297,-0.15586466896125384,0.9872908096017289
1785983365.783232,-1.2367239990234375,-0.8733517456054688,1.4901859130859374,0.02292693214759943,0.021764549143573352,-0.149800982611527,0.9882106755806814
1785983365.793159,-1.237513916015625,-0.8779947509765625,1.4902725830078125,0.021323956130265373,0.023050953487066577,-0.14384645279246108,0.989101680021775
1785983365.812078,-1.2392503662109375,-0.8872308349609375,1.4904022216796875,0.01834271428579956,0.026498063379075974,-0.13225919603948286,0.9906911229228663
1785983365.822700,-1.24007958984375,-0.8918796997070313,1.4905028076171876,0.017147772858740196,0.02807112058235185,-0.12741585271705994,0.9913037712333864
1785983365.842166,-1.2417508544921876,-0.9012047729492187,1.49055419921875,0.014080763674259079,0.030539515901815698,-0.1177779598101402,0.992470363035122
1785983365.861989,-1.2437088623046875,-0.9102763061523438,1.4906102294921875,0.011022117969583743,0.03038254748276515,-0.10829936721465752,0.9935928064453713
1785983365.872274,-1.2445906982421875,-0.9148436889648438,1.4905679931640625,0.009574959107770563,0.030459083105721832,-0.10413669201437853,0.9940503497252092
1785983365.882239,-1.2455223388671874,-0.9194227294921875,1.4905548095703125,0.007817079368105434,0.0315871133561315,-0.10039042369268028,0.9944158671437227
1785983365.893032,-1.2464359130859375,-0.9240220947265625,1.4905084228515626,0.006497888664231991,0.03187484242528235,-0.09657090821580626,0.9947943720689238
1785983365.912334,-1.2482513427734374,-0.9331659545898437,1.490465576171875,0.004433781609687771,0.03364808575769577,-0.08848187792733171,0.99549942237592
1785983365.925216,-1.248991455078125,-0.9377367553710938,1.4904410400390624,0.004020266137026148,0.033806508232998946,-0.08643410858347403,0.9956756986101004
1785983365.943973,-1.2507113037109374,-0.9469349365234375,1.4903265380859374,0.0026657655524079046,0.03514909162413546,-0.07996423762232051,0.9961742518189234
1785983365.954279,-1.251536865234375,-0.9514183349609375,1.4902359619140626,0.002407025351329391,0.035897838628579745,-0.07753680164754759,0.996340104100396
1785983365.973593,-1.2531103515625,-0.9605433959960937,1.49011376953125,0.00177302411428619,0.03801617166855624,-0.07214403833477592,0.9966678834724866
1785983365.994376,-1.2545086669921874,-0.9695181274414062,1.4898282470703126,0.0018461360074135357,0.038240626288614445,-0.06748471737514744,0.9969854813822391
1785983366.013074,-1.2559971923828126,-0.9784144897460938,1.4895546875,0.001193376775829011,0.03946282286360362,-0.06280603466721325,0.9972445254516283
1785983366.023844,-1.2566588134765626,-0.9828287963867187,1.4893717041015626,0.001407457778993792,0.03918973783631689,-0.06047552840524762,0.9973990620427209
1785983366.043605,-1.2579219970703126,-0.9915388793945312,1.4890174560546876,0.0016602079730446261,0.040061338730141796,-0.055930432677950497,0.9976292537062716
1785983366.063152,-1.2591640625,-1.0001132202148437,1.4886024169921874,0.0014269953328644297,0.03975710356487173,-0.051348686651735136,0.9978880933255967
1785983366.073995,-1.2597349853515625,-1.0043984375,1.48839404296875,0.0015834602234758284,0.040161331352904485,-0.049425120789985705,0.9979688012926559
1785983366.083970,-1.2602139892578126,-1.0085772705078124,1.4881793212890626,0.0014894381825412105,0.04096583163368448,-0.04760735278143105,0.9980246136416604
1785983366.096369,-1.2607049560546875,-1.0128180541992187,1.4879698486328126,0.0015945760722524771,0.04110946720996281,-0.04512944840239725,0.9981336537238609
1785983366.111944,-1.261635009765625,-1.0211482543945312,1.4875360107421876,0.0012528977287317752,0.04225308240219013,-0.041861419468790476,0.9982287918592214
1785983366.122539,-1.2620418701171876,-1.0252178955078124,1.4872425537109375,0.001631821398084562,0.041882877591976155,-0.04026510463278254,0.9983095170618146
1785983366.133537,-1.2623731689453126,-1.0293702392578126,1.487020751953125,0.001354282584167688,0.04191859489784017,-0.039829447128597366,0.9983259061079078
1785983366.151884,-1.2631448974609376,-1.03736767578125,1.486494384765625,0.0009749674444678186,0.04221013433692128,-0.03680869475214708,0.9984300031067116
1785983366.161919,-1.2634063720703126,-1.041376708984375,1.4862366943359375,0.00035497795379073023,0.04191512123397029,-0.03591526553371503,0.9984753877617861
1785983366.172858,-1.2637552490234376,-1.0452928466796876,1.4859599609375,-0.00017707601949562736,0.04240646650261062,-0.034704966284287,0.9984974898343537
1785983366.192339,-1.2641278076171876,-1.053253662109375,1.4855281982421875,-0.0023838732996058726,0.0420949947047135,-0.030990735494119744,0.9986300099283364
1785983366.202707,-1.2644002685546876,-1.0570892333984374,1.485245849609375,-0.0029742506513907273,0.04185497661729689,-0.029888350413360496,0.9986721178060632
1785983366.213461,-1.2646011962890624,-1.0608055419921876,1.4849346923828124,-0.0034912780343705563,0.04178967941618734,-0.028933602517567412,0.9987012953454484
1785983366.233677,-1.264988525390625,-1.0681763916015625,1.4843822021484374,-0.004921359133784793,0.04179977215404765,-0.026899049684433667,0.9987517180326578
1785983366.252379,-1.2652132568359375,-1.0753465576171874,1.4837239990234374,-0.005970066802111505,0.04286570507363136,-0.024447574901209763,0.9987638402846419
1785983366.262517,-1.2652947998046875,-1.0788846435546875,1.4834388427734375,-0.006489788707295026,0.04244377177961628,-0.0240189334548174,0.9987890167994214
1785983366.282536,-1.2654005126953125,-1.0858563232421874,1.4828785400390625,-0.007353466554940796,0.04326030533994228,-0.022513497458646843,0.9987830640096589
1785983366.292549,-1.2653427734375,-1.08924365234375,1.4825450439453125,-0.008233527307384176,0.04337812963778482,-0.021618782329736783,0.9987908593223958
1785983366.304921,-1.2653289794921876,-1.0925867919921874,1.482154541015625,-0.008580746726227969,0.04420227953232034,-0.020702187302182703,0.9987712180016736
1785983366.323584,-1.265174072265625,-1.0991778564453125,1.481544921875,-0.00885548750128973,0.04520805765376411,-0.018912760191827863,0.9987592897949923
1785983366.333692,-1.2651109619140626,-1.1024078369140624,1.481194580078125,-0.00887880008024477,0.04602297976562586,-0.01839783883856572,0.9987314791388459
1785983366.352174,-1.264794189453125,-1.108727294921875,1.4804945068359374,-0.008625024229483197,0.047058204187440035,-0.01734307027384894,0.998704331670431
1785983366.362047,-1.2645948486328125,-1.1118580322265625,1.480146728515625,-0.0086539985393729,0.04751709936026879,-0.017174260280614275,0.9986852705584638
1785983366.372511,-1.2643331298828124,-1.11491943359375,1.4798048095703125,-0.008761194971118665,0.04764282807058883,-0.016779235260690528,0.9986850616675502
1785983366.382449,-1.26410791015625,-1.11790771484375,1.479435302734375,-0.00883441375671725,0.04776255537334688,-0.016112955337793403,0.9986896796386241
1785983366.392674,-1.263859619140625,-1.1208507080078125,1.4790423583984376,-0.00879316378028299,0.04828751129191203,-0.016206290277072495,0.9986632845500999
1785983366.402745,-1.2635623779296874,-1.123767333984375,1.47864697265625,-0.008395421475250376,0.048714122550873755,-0.0155386529732889,0.998656592411427
1785983366.413175,-1.26326611328125,-1.12662841796875,1.4782364501953125,-0.008128586129016421,0.048882659793193645,-0.015194494813430577,0.998655861272043
1785983366.434030,-1.262566162109375,-1.1322322998046874,1.4775244140625,-0.007147512034537125,0.049611625456205746,-0.014201839775870204,0.9986420292077399
1785983366.452562,-1.26168359375,-1.1376470947265624,1.476746337890625,-0.005802502870976226,0.05029430048538628,-0.013875359909045405,0.9986211912216455
1785983366.472407,-1.2607415771484376,-1.142840576171875,1.4759627685546874,-0.0049818497142382415,0.05098195384575235,-0.01298997770455905,0.9986026657152953
1785983366.482496,-1.260261962890625,-1.1454146728515624,1.47559326171875,-0.004427571250010075,0.05104818976227536,-0.012597827198494473,0.9986069184797262
1785983366.492542,-1.2597269287109376,-1.147932861328125,1.475196533203125,-0.004077824404867899,0.051637632389946266,-0.012591679889192879,0.9985781783929867
1785983366.503724,-1.2591595458984375,-1.15037548828125,1.4748402099609375,-0.0035117438336038985,0.051609840551053894,-0.012127703095939328,0.9985875048357795
1785983366.522412,-1.2579793701171875,-1.1552235107421875,1.4740006103515626,-0.0026584926517457257,0.051930770099135805,-0.011280292239860627,0.9985834385174317
1785983366.543492,-1.2566693115234375,-1.1598621826171875,1.473224609375,-0.002048591484051042,0.05169441230766435,-0.011006580000552435,0.9986001886581924
1785983366.562354,-1.2552535400390625,-1.164370849609375,1.472462890625,-0.0012700171090088358,0.05151277084461526,-0.010227468309478464,0.9986191544026843
1785983366.572861,-1.2544814453125,-1.1665364990234375,1.472003173828125,-0.000678489513533865,0.05176696549110922,-0.009686762805903264,0.9986119844684546
1785983366.592244,-1.2528836669921875,-1.17087841796875,1.47120849609375,-0.0001607681256716448,0.051619051186228615,-0.009156275736409569,0.9986248545009704
1785983366.612558,-1.251195068359375,-1.1750955810546875,1.4704161376953124,0.0006105236785943265,0.05198505925387004,-0.00870438128794302,0.9986097387240451
1785983366.632031,-1.2493787841796875,-1.179171875,1.46960693359375,0.0012186091351749622,0.051588622959160564,-0.008031528143731283,0.9986353816912
1785983366.643462,-1.2484093017578124,-1.1811376953125,1.4691810302734376,0.0012923431725062576,0.05116340718062593,-0.00771261300599601,0.9986596810963869
1785983366.662282,-1.2464541015625,-1.185064208984375,1.46841943359375,0.0021159723423712236,0.051454170783483445,-0.007038769199438254,0.9986483036468428
1785983366.672365,-1.245414306640625,-1.1870362548828124,1.468022216796875,0.0023791544225403908,0.050628189463448936,-0.006720681003662607,0.998692119172074
1785983366.682332,-1.2443668212890624,-1.188908935546875,1.4676181640625,0.002363129019805667,0.05105200021527145,-0.006659855316541192,0.9986709912718538
1785983366.692537,-1.24331884765625,-1.190795654296875,1.467224365234375,0.002624742328005557,0.05081648342512569,-0.006371994608369686,0.9986842261034591
1785983366.712616,-1.24103955078125,-1.1944078369140625,1.4664635009765625,0.0027965601312586264,0.050923759142716546,-0.005779335696137276,0.9986819059173615
1785983366.722516,-1.239905029296875,-1.1962156982421874,1.4661026611328125,0.0029727285415753033,0.05094232345176659,-0.00581558154809237,0.998680242243626
1785983366.733238,-1.2387269287109375,-1.1979427490234376,1.4657366943359376,0.0030333470759284563,0.05092726051934695,-0.005032504521370424,0.9986850765883313
1785983366.743322,-1.2375023193359376,-1.199695068359375,1.4653359375,0.003223100157041448,0.05161900513669426,-0.005021311280847476,0.9986490198704404
1785983366.762908,-1.2349293212890624,-1.2030972900390624,1.4645518798828125,0.003655786745096994,0.05177959282995647,-0.004011664296178335,0.9986437899342259
1785983366.782188,-1.232333984375,-1.20641650390625,1.46384326171875,0.0036216473362529573,0.05233671697274882,-0.003594945230354282,0.9986164535594134
1785983366.792158,-1.2309547119140625,-1.20803466796875,1.463487548828125,0.0036303015438293768,0.05337641246770306,-0.003132025483118225,0.9985629574512667
1785983366.802595,-1.2295667724609376,-1.2096881103515624,1.4631424560546875,0.004267189449205167,0.05361855056550828,-0.0026785022206826867,0.998548780875302
1785983366.822236,-1.226624267578125,-1.21285791015625,1.4623721923828126,0.004431989875515996,0.054218219825519755,-0.0019034724234149594,0.998517457390135
1785983366.832283,-1.22514306640625,-1.214407470703125,1.4620411376953124,0.005245459776358488,0.05502129969855074,-0.0017918397376085178,0.9984697912782108
1785983366.842224,-1.22357666015625,-1.21600634765625,1.4616640625,0.005120299450541982,0.055024850063618305,-0.0013276659787223738,0.9984709702733587
1785983366.853948,-1.2220245361328126,-1.2175531005859375,1.461327880859375,0.00540374477154667,0.055857620401164355,-0.0010848913893211352,0.9984235332747887
1785983366.872218,-1.2187515869140626,-1.220528564453125,1.4605966796875,0.005383194589472444,0.05645265908149359,-0.00012536305339336875,0.9983907581187587
1785983366.882462,-1.2170728759765626,-1.221970947265625,1.4602642822265626,0.005881119173315559,0.05710037315313435,2.6567568171438973e-05,0.9983511160552123
1785983366.892361,-1.215337646484375,-1.22343701171875,1.45990087890625,0.005797306444615024,0.05825591262673899,0.0003578952726291051,0.998284783720556
1785983366.913073,-1.2117559814453125,-1.2263310546875,1.45924560546875,0.005427138447744864,0.05937768899820956,0.0009183528551100385,0.9982204099760233
1785983366.932013,-1.2080003662109375,-1.229071044921875,1.4585867919921875,0.005495773058708489,0.06035656814055518,0.0015491775239473069,0.99816055546244
1785983366.942448,-1.206045166015625,-1.2304873046875,1.45823779296875,0.005158927522308051,0.060678407967106274,0.0020938763406289735,0.9981418422598933
1785983366.952515,-1.20404248046875,-1.231865234375,1.4578763427734376,0.0049739679334059655,0.06126512560169934,0.002444294878891704,0.998106139153539
1785983366.963402,-1.2020223388671876,-1.233160888671875,1.4575740966796875,0.005197531448464885,0.06196886055210927,0.003038157369004368,0.998059931481168
1785983366.982216,-1.1978359375,-1.23584521484375,1.4568616943359376,0.004770139406523018,0.06277794635516892,0.003715575736567119,0.9980091976213046
1785983366.992386,-1.1957030029296876,-1.2371771240234375,1.4565025634765625,0.004682438287900787,0.06282613692119843,0.0036867792418450638,0.9980066892293654
1785983367.002653,-1.193462158203125,-1.2385181884765626,1.4561767578125,0.004761885187633768,0.06288685755344485,0.00415794889925505,0.9980006421871642
1785983367.013709,-1.191232666015625,-1.2398475341796875,1.455841796875,0.0047644386510242095,0.0634962735500664,0.004183757989956742,0.9979619327836118
1785983367.032192,-1.1866241455078126,-1.2424410400390624,1.45509716796875,0.0044854454100181984,0.0634949426136162,0.0042793991955434926,0.9979629033366707
1785983367.042874,-1.1842464599609375,-1.24371630859375,1.454693115234375,0.0039944571981346206,0.06315590745410198,0.004187272899290132,0.9979868906288665
1785983367.054178,-1.1818035888671874,-1.2450482177734374,1.45432177734375,0.004173309479704204,0.06297363585630218,0.004294403331352798,0.9979972229791851
1785983367.064154,-1.17928125,-1.246299072265625,1.4539591064453126,0.004022568212458718,0.06312384574398582,0.004287811714375945,0.9979883762840881
1785983367.082216,-1.1742239990234375,-1.2487904052734375,1.4530626220703124,0.00468989827875736,0.0625745649631829,0.0036513108372507714,0.9980225980011992
1785983367.092293,-1.1716026611328125,-1.249998779296875,1.4526378173828125,0.004582876231523273,0.062215651207970464,0.003854478985947925,0.998044762357204
1785983367.102227,-1.1689810791015625,-1.251230712890625,1.4522210693359374,0.00421601404313277,0.06199198856894645,0.0033989753653007044,0.9980619545112804
1785983367.112612,-1.1663128662109374,-1.2524642333984375,1.4517677001953124,0.004768196387282876,0.06155412100808563,0.0031753443945931117,0.9980873054930072
1785983367.132164,-1.1607757568359376,-1.2549483642578125,1.45077734375,0.0045275938914017076,0.060589167415641056,0.002238672626537835,0.9981500083355807
1785983367.142165,-1.1579527587890626,-1.25610888671875,1.4502838134765625,0.004651332519985697,0.06016979549194728,0.0020683807763183844,0.9981751779401576
1785983367.152880,-1.1550933837890625,-1.2572962646484376,1.4497894287109374,0.0040215864055296235,0.059622222954775775,0.0018647518051382276,0.9982111771345297
1785983367.163250,-1.1522252197265626,-1.25846533203125,1.4492598876953124,0.00380223203167065,0.059174995470355554,0.0013521215745564475,0.9982394725006567
1785983367.173229,-1.14926025390625,-1.25961083984375,1.448682861328125,0.004525958771219233,0.05883861995018799,0.001429788609681619,0.9982562284129608
1785983367.192554,-1.1432723388671875,-1.26186572265625,1.4475694580078124,0.003968465612252659,0.05892520558790241,0.0010671808983844496,0.9982539445501551
1785983367.202695,-1.1402171630859375,-1.2630042724609376,1.4469693603515625,0.003660086064264776,0.05873807966899871,0.001274212602317356,0.9982659011857395
1785983367.222663,-1.134041259765625,-1.2652220458984376,1.4457261962890624,0.003301408146784674,0.05776281404681871,0.0007157259483923906,0.9983246149951872
1785983367.232864,-1.1308917236328124,-1.266302978515625,1.4451099853515625,0.0029367784414381748,0.057328630361788924,0.00039494255421200275,0.9983509667974806
1785983367.243557,-1.12771337890625,-1.2673829345703125,1.4445067138671874,0.00209231322240462,0.05710370941852245,0.00014188576604185212,0.9983660491784749
1785983367.262809,-1.121224853515625,-1.2694691162109375,1.4431402587890625,0.0022026842659990625,0.05643783907040495,-0.00012495109201660957,0.9984036832404704
1785983367.274219,-1.1179306640625,-1.2704666748046876,1.4424300537109376,0.0014599559619965416,0.05600883965959432,-0.0008508446439749415,0.9984288464501029
1785983367.292537,-1.11125048828125,-1.2725472412109375,1.441135986328125,0.00033060951886579304,0.054992930634154065,-0.0013184180463246035,0.9984858195234413
1785983367.303885,-1.10785205078125,-1.273492919921875,1.440376953125,0.00013943607010167197,0.05529947050222285,-0.001844200332096393,0.998468097402998
1785983367.322629,-1.1010162353515625,-1.2753682861328124,1.4389049072265625,-0.0003809145171155068,0.05393759999668354,-0.0026551366013128287,0.9985407075984134
1785983367.333012,-1.097555908203125,-1.2762708740234374,1.4381998291015625,-0.0006289826866438763,0.05453345806395276,-0.0028966772101133263,0.9985075408176112
1785983367.352906,-1.0904371337890626,-1.2780582275390624,1.4367166748046876,-0.00172797494441506,0.054904632546912614,-0.0026741145589228026,0.9984865284017164
1785983367.363015,-1.0869041748046875,-1.2789134521484375,1.43596728515625,-0.0018114930772376071,0.05465150481814333,-0.0028199384637078713,0.9984998626813951
1785983367.374123,-1.0833218994140625,-1.2797275390625,1.43519384765625,-0.002566541313890055,0.05454111695578105,-0.0031090504977386046,0.9985033846326453
1785983367.393063,-1.0760672607421875,-1.2813077392578125,1.433652099609375,-0.0031817208704201204,0.05383867487345762,-0.003901100478278476,0.998536954472422
1785983367.412439,-1.0687100830078125,-1.282712646484375,1.43210546875,-0.004297938788832359,0.053673271320635596,-0.0044783611030344665,0.9985392600723662
1785983367.432286,-1.061258544921875,-1.284058837890625,1.4305186767578124,-0.00511904209536457,0.054133413939488506,-0.00471725202701422,0.9985094510153116
1785983367.442502,-1.057451416015625,-1.284709228515625,1.4296790771484376,-0.005141868517309781,0.053776099576439265,-0.005045629171880937,0.9985270380935275
1785983367.452476,-1.0536591796875,-1.28534033203125,1.428905517578125,-0.005204086235498307,0.05345457356900861,-0.005502948828577264,0.9985415582055241
1785983367.462575,-1.0498223876953126,-1.2858924560546876,1.4281322021484375,-0.005727614948462716,0.053766821342536464,-0.0052500809941325235,0.998523292377756
1785983367.482251,-1.0420582275390624,-1.286914794921875,1.426513916015625,-0.006403260219868268,0.053940480296491955,-0.0057483998158121075,0.9985070707293355
1785983367.492914,-1.0381644287109375,-1.2873565673828125,1.42570849609375,-0.0061461846180575945,0.05433470337253983,-0.005876368865209558,0.998486573172959
1785983367.512289,-1.030249267578125,-1.2881824951171874,1.4240531005859376,-0.006345727754557978,0.05447657194298389,-0.006425966508733361,0.9984742013098883
1785983367.522686,-1.0262274169921874,-1.28853076171875,1.423253662109375,-0.005817067898822117,0.05497228640730929,-0.0066123500040733895,0.9984490392433024
1785983367.533092,-1.0222261352539062,-1.288892822265625,1.422513916015625,-0.00587464592766424,0.0551515612278059,-0.006889835788701969,0.998436943018225
1785983367.552577,-1.0140400390625,-1.28952880859375,1.4209112548828124,-0.00549639595954824,0.05575599242751988,-0.007104655017934255,0.998404026515094
1785983367.572279,-1.0058297729492187,-1.2900404052734376,1.419346923828125,-0.004439240773607472,0.056837588721046384,-0.007313680829536356,0.9983467801090132
1785983367.582480,-1.0016276245117188,-1.290255859375,1.4185428466796874,-0.0038951545608702665,0.056823374116846764,-0.007336915992642898,0.9983496906429631
1785983367.592928,-0.9974024658203124,-1.290451171875,1.4177637939453125,-0.0036270910772607354,0.05698011924508367,-0.0077536632824193675,0.9983386081798736
1785983367.612628,-0.9888974609375,-1.290794921875,1.41624609375,-0.002036465753895556,0.05758206783694245,-0.007798111408246765,0.9983082408543111
1785983367.622653,-0.9845654907226562,-1.2909124755859376,1.415381591796875,-0.001221155952326518,0.0577624445890152,-0.008012295375110546,0.9982974639258909
1785983367.642036,-0.9758646850585937,-1.2911263427734374,1.413881103515625,1.0255426354563172e-05,0.058799305884802075,-0.007748445021942655,0.9982397486582837
1785983367.652283,-0.9714844970703125,-1.2911517333984375,1.4130347900390625,0.00036742426207345716,0.05843470068863565,-0.008172525508270094,0.9982577062037568
1785983367.672063,-0.9625580444335937,-1.2911937255859376,1.4114324951171875,0.0013550017402727856,0.058415864958395985,-0.008442099909113595,0.9982557208883445
1785983367.682605,-0.95804248046875,-1.2911650390625,1.410633544921875,0.0020467574788808605,0.058103799694810145,-0.008669462680855633,0.9982708047083623
1785983367.693060,-0.9535128173828125,-1.29113525390625,1.409820556640625,0.002159381617936662,0.058184667461052234,-0.008801497937688177,0.998264707021332
1785983367.713012,-0.9442332153320312,-1.2911561279296875,1.4082742919921876,0.0018207196772632706,0.05762134970961916,-0.00943270440923194,0.9982922843911982
1785983367.733558,-0.9349693603515625,-1.290964111328125,1.4066669921875,0.0024974767018455897,0.057662301334706866,-0.009129637290528937,0.998291276841702
1785983367.753749,-0.9256188354492187,-1.2907630615234376,1.4050386962890624,0.0028385633226700726,0.05726250354163518,-0.009166081969463679,0.9983130396845856
1785983367.772044,-0.9160175170898438,-1.2905645751953125,1.403465576171875,0.002812985706367164,0.05684883195616587,-0.009479419801635214,0.9983338318615488
1785983367.783291,-0.91121923828125,-1.290427001953125,1.4026783447265625,0.0029711368538106716,0.05629634043499521,-0.009747199441628373,0.9983621013630102
1785983367.793488,-0.9063605346679687,-1.2903199462890624,1.4018907470703126,0.003246538416639191,0.056689204328080764,-0.009798020299740993,0.9983385186241152
1785983367.812445,-0.8966140747070312,-1.2900003662109376,1.4003114013671876,0.0038109735907550036,0.05675043424624276,-0.009489379329572284,0.9983360259856168
1785983367.822732,-0.8916458740234375,-1.289887939453125,1.3995345458984374,0.0034418773648504934,0.05655631824621584,-0.009466251200517138,0.9983486010594524
1785983367.842355,-0.8817093505859375,-1.28950341796875,1.3978514404296876,0.003961288916843585,0.056102329311412735,-0.009751178999681583,0.9983695492135349
1785983367.852831,-0.8766768188476562,-1.2893792724609374,1.397129150390625,0.004148873929167773,0.05663843191363148,-0.00920397282899862,0.9983437128448217
1785983367.863145,-0.871612060546875,-1.2891474609375,1.396271728515625,0.004150944086883399,0.056587508469722866,-0.009229809897530077,0.9983463472596498
1785983367.882332,-0.8614130859375,-1.288737548828125,1.3946658935546874,0.00427944783280813,0.057362808031377915,-0.0088946497582503,0.9983046062661075
1785983367.892320,-0.85624755859375,-1.2884814453125,1.3938228759765625,0.0045176241768462785,0.056968484743666885,-0.008980238001648379,0.9983253613033218
1785983367.903161,-0.8510630493164062,-1.28824169921875,1.3930037841796874,0.00449471279991334,0.05731732327522789,-0.008939680878065742,0.9983058750150331
1785983367.913380,-0.8458646850585938,-1.2880291748046875,1.392208251953125,0.004259404303394216,0.05763715749994047,-0.008974402212257709,0.9982881720901932
1785983367.933026,-0.8353187255859374,-1.2876241455078126,1.3905159912109375,0.0037383162750151116,0.057165639580612125,-0.009629594114321783,0.99831127091157
1785983367.952189,-0.8247561645507813,-1.287110107421875,1.388821044921875,0.0031953746874956173,0.05679399928270999,-0.009634418143122873,0.9983343244204328
1785983367.972182,-0.8140484008789063,-1.2865631103515625,1.387086669921875,0.0039649194616163405,0.05733309449386284,-0.009730851585396523,0.9982998073952937
1785983367.982454,-0.8086541137695312,-1.286279541015625,1.3862442626953124,0.003822135201154309,0.05685498066064974,-0.009651455391657324,0.9983284734022294
1785983367.992366,-0.8032613525390625,-1.286003662109375,1.3854287109375,0.003816316429664755,0.05784276746849176,-0.009166907047057448,0.9982763202095917
1785983368.003203,-0.7979004516601562,-1.2857242431640625,1.38449951171875,0.0032346910032161466,0.05614596550973323,-0.009234224736725607,0.9983746313321518
1785983368.022543,-0.7869515380859375,-1.285128662109375,1.3827467041015624,0.004549819215025573,0.05651336011090809,-0.009232055989735442,0.9983487950949592
1785983368.032517,-0.7814476928710937,-1.284813720703125,1.381920166015625,0.004840946976907528,0.055847048134216426,-0.009297708959089641,0.9983843104204304
1785983368.052151,-0.7703309326171875,-1.28417822265625,1.380171630859375,0.006009205049920755,0.056061640635523505,-0.008682508834092323,0.9983714746007244
1785983368.062354,-0.7647244262695313,-1.2838756103515625,1.379267333984375,0.006460043312937305,0.05559931016696275,-0.008827835996040987,0.9983932356954679
1785983368.072400,-0.7590963745117187,-1.28353564453125,1.378420166015625,0.007388144098230524,0.05626748900356755,-0.008484326903160231,0.9983523399677711
1785983368.092464,-0.7478629150390625,-1.2829425048828125,1.3767767333984375,0.008584408921997752,0.05515047685551897,-0.008599019544232228,0.9984041235274662
1785983368.114343,-0.7364534301757812,-1.282338134765625,1.374922607421875,0.010010593033755056,0.0543759991570202,-0.008374523427827723,0.9984352267005125
1785983368.132174,-0.7249506225585938,-1.281683837890625,1.373176025390625,0.011118062886168737,0.054114169411650134,-0.008333156398677386,0.9984380772787463
1785983368.142329,-0.7191591796875,-1.28142041015625,1.3723297119140625,0.01161109830056361,0.05373124277943029,-0.008307117502268745,0.9984533672833029
1785983368.163101,-0.70749267578125,-1.28080322265625,1.3705050048828125,0.012451888697251874,0.05392533486014313,-0.008066704101196448,0.9984347416536677
1785983368.183016,-0.6957276611328125,-1.2802564697265626,1.368681396484375,0.013166666192185707,0.05360180378458049,-0.008127151410386528,0.9984425098371108
1785983368.193396,-0.6898252563476562,-1.2800106201171875,1.3678115234375,0.01381980680506029,0.05318540367563092,-0.008156793505695302,0.9984557103867858
1785983368.215587,-0.6779625244140625,-1.279510009765625,1.3659669189453125,0.014311358966201624,0.05247359512233413,-0.00820328113127148,0.9984860657654255
1785983368.233899,-0.6660184936523438,-1.2791104736328125,1.3641044921875,0.014589035810188904,0.052011544036300164,-0.00815263431942203,0.9985066304877338
1785983368.244843,-0.6600094604492187,-1.2789263916015625,1.3632037353515625,0.014686401010535264,0.05122361324809298,-0.007971276641270748,0.9985474079751507
1785983368.263823,-0.6479302978515625,-1.278549560546875,1.3613251953125,0.015022002645482336,0.05104522557077361,-0.007768487585379268,0.9985531383284963
1785983368.282837,-0.6357693481445312,-1.2782880859375,1.3593963623046874,0.014494621340802311,0.050868522490125315,-0.007921272716442366,0.9985687548667181
1785983368.302365,-0.6235855712890624,-1.2781024169921875,1.35749658203125,0.014610666636008702,0.05020578133127647,-0.007855880182834856,0.9986011138248172
1785983368.313699,-0.6174786376953125,-1.2780540771484374,1.3565732421875,0.014188586081471296,0.05057679091383721,-0.007792896206558642,0.998588974675218
1785983368.333189,-0.6052147827148437,-1.2778935546875,1.35458642578125,0.01345616167525907,0.05024680320308152,-0.007741039072099808,0.9986161775059604
1785983368.352849,-0.5928216552734376,-1.2778770751953126,1.3526192626953124,0.012964254905058134,0.04990514383014838,-0.008445817140779752,0.9986340984393651
1785983368.363350,-0.5866498413085938,-1.277853759765625,1.35162548828125,0.012729607096901775,0.05027486248192696,-0.007922419570902029,0.9986228699154686
1785983368.382190,-0.5742203369140625,-1.277829345703125,1.34959814453125,0.011737103975701732,0.049768144278340816,-0.008106117336792371,0.9986589350380929
1785983368.392466,-0.5680255126953125,-1.2778487548828126,1.348576416015625,0.011780278617911413,0.0499795001816027,-0.008040227956802622,0.998648400635485
1785983368.402355,-0.5618043212890625,-1.277846435546875,1.3475380859375,0.011197759958140279,0.05001369725562585,-0.008089019614247102,0.9986529963941968
1785983368.412591,-0.5555311889648438,-1.277903076171875,1.346502197265625,0.010864601892064129,0.04999290633656838,-0.0078871031245009,0.9986593304490582
1785983368.423057,-0.5492655639648437,-1.278009033203125,1.345495849609375,0.010650899816793416,0.05039882238385617,-0.008098314364177463,0.998639544787545
1785983368.442182,-0.5367341918945312,-1.2781787109375,1.3433399658203125,0.01005546158985803,0.049345386275193415,-0.007424506831610729,0.9987035558044831
1785983368.453125,-0.5304318237304687,-1.2782392578125,1.342275634765625,0.009634195675877501,0.04897838884480435,-0.007218577869410575,0.998727279125345
1785983368.472667,-0.5178159790039063,-1.278505615234375,1.3401690673828126,0.009443568077483084,0.04877165132509296,-0.007078633915410803,0.9987402297319095
1785983368.492971,-0.5052638244628906,-1.27871142578125,1.3379449462890625,0.008267622393567342,0.048579120809891116,-0.006693189252167108,0.9987626914744573
1785983368.512370,-0.49250323486328124,-1.2790162353515624,1.3357996826171874,0.008415383980387747,0.04856910922062941,-0.0060829617158021775,0.998765846969392
1785983368.522392,-0.48611175537109375,-1.279205078125,1.334751708984375,0.007539912248966115,0.048388328696526824,-0.006112473262080874,0.9987814378027767
1785983368.534171,-0.4797509155273437,-1.279351806640625,1.3336556396484376,0.007364251055091742,0.04825905288362171,-0.0059794848296615705,0.9987898075181992
1785983368.552733,-0.4670675659179688,-1.279671875,1.3314610595703125,0.006720997743497699,0.0476695257458304,-0.005217189165590941,0.998826925838677
1785983368.572190,-0.4542327880859375,-1.2801302490234374,1.3293182373046875,0.006919439331320455,0.047684061803141164,-0.0054459439069815775,0.9988236511870241
1785983368.582096,-0.447802734375,-1.2803294677734376,1.3281962890625,0.00669503049170528,0.04749659772092726,-0.00565879905401452,0.9988329305820384
1785983368.592353,-0.441394775390625,-1.280586669921875,1.3271317138671874,0.006895017746097557,0.04758089925854808,-0.00530925265408601,0.9988294769266025
1785983368.602373,-0.4349704895019531,-1.280800537109375,1.3260557861328126,0.006789095900630168,0.047815906981136407,-0.005357269992298398,0.9988187205409342
1785983368.612615,-0.428513427734375,-1.2810628662109376,1.3249906005859375,0.007112261698224766,0.04753008846563064,-0.0054903703261658995,0.9988293948741683
1785983368.622766,-0.4220484619140625,-1.28137060546875,1.323888671875,0.007202476605172687,0.04725984489477652,-0.005233038778705553,0.9988429558122476
1785983368.636899,-0.41557461547851565,-1.281647216796875,1.322782470703125,0.006896979405654179,0.04707796881744771,-0.005629558656006845,0.9988515413274797
1785983368.652287,-0.4026183166503906,-1.282275146484375,1.32059326171875,0.007267381108816839,0.047460803325841,-0.005616636526550237,0.9988308718169526
1785983368.662528,-0.3961268615722656,-1.2825916748046875,1.319547607421875,0.0076773579090622535,0.04769823986839957,-0.005336547504512185,0.9988180342766139
1785983368.672643,-0.3896134338378906,-1.2829234619140626,1.3183966064453125,0.008047617041742451,0.04779735369430157,-0.00532873525601943,0.9988104182028841
1785983368.692285,-0.3766175842285156,-1.283682861328125,1.3161988525390624,0.007836206489753255,0.04799989832507216,-0.00512065511762156,0.9988034734268542
1785983368.702401,-0.3701193542480469,-1.2840357666015625,1.315044677734375,0.0085414042722878,0.04758239373744447,-0.005846901337588276,0.9988136854384921
1785983368.712470,-0.36355593872070313,-1.284430908203125,1.3139300537109375,0.008849485111134701,0.048550251758646086,-0.005769259534386415,0.9987648697368017
1785983368.722732,-0.35704922485351565,-1.2848115234375,1.312770751953125,0.008959242185851531,0.04850497167149736,-0.005650904961257223,0.9987667719825659
1785983368.743909,-0.34393911743164063,-1.285677978515625,1.310515625,0.009026987188056017,0.04830897077119187,-0.005400651186199806,0.998777044047088
1785983368.762217,-0.3308571472167969,-1.2865736083984376,1.3082593994140626,0.008515840559203727,0.04858469108218711,-0.005388633194248544,0.9987682191788776
1785983368.772944,-0.3243038024902344,-1.287023681640625,1.3070958251953124,0.008643230395846553,0.04864593895320299,-0.005247343486774789,0.9987648995759789
1785983368.793461,-0.31120718383789064,-1.2880013427734376,1.304853515625,0.008141636061367431,0.04811853571216338,-0.005293347046028511,0.998794425004976
1785983368.803398,-0.3046341552734375,-1.2884893798828125,1.3036905517578126,0.006747526425168695,0.04755189676522724,-0.005403450949445393,0.9988313715900266
1785983368.814163,-0.2980269775390625,-1.28896923828125,1.3025263671875,0.007004150256040498,0.04778683452237687,-0.0055506319398077,0.998817579253272
1785983368.824973,-0.29142098999023436,-1.2894315185546874,1.3013575439453124,0.006492940980917175,0.04727593201249964,-0.00525460380993453,0.9988469464822859
1785983368.843639,-0.2782328186035156,-1.2905194091796874,1.2990548095703125,0.005512501665599132,0.04734343815839215,-0.005289299741056188,0.9988494527641028
1785983368.862251,-0.26497750854492186,-1.2915631103515626,1.2966556396484374,0.0043294915469234575,0.04713711094124879,-0.0052288951356200195,0.9988653630314618
1785983368.872258,-0.2583597412109375,-1.2920758056640624,1.29544091796875,0.004291840099952933,0.047116459803998124,-0.005245345235096817,0.9988664072970624
1785983368.882162,-0.25174786376953123,-1.292631591796875,1.2942320556640625,0.003612787087254533,0.046703552640105936,-0.005130940008121981,0.9988890825094499
1785983368.892545,-0.2451080322265625,-1.29315478515625,1.29297705078125,0.0033034446135570316,0.046776007481293895,-0.005196843820490302,0.9988864271493458
1785983368.902499,-0.23845173645019532,-1.2937252197265625,1.2917545166015625,0.002758419518053074,0.04621056561370481,-0.005092082250553518,0.9989149346071808
1785983368.912510,-0.23178962707519532,-1.294239013671875,1.2905252685546875,0.0021109303063622203,0.04611514071194312,-0.005146922817478761,0.9989206404763001
1785983368.922796,-0.2250904083251953,-1.2947789306640625,1.2892891845703125,0.0019409026312221527,0.04591188396794705,-0.005188383386572977,0.9989301278100586
1785983368.933359,-0.21843724060058595,-1.295275146484375,1.287938232421875,0.0014993271044213487,0.04507720970076829,-0.005523453322610919,0.9989671066675916
1785983368.952847,-0.20511759948730468,-1.296347900390625,1.285364013671875,-2.5861223977376453e-05,0.04440478287459953,-0.0050100127592030315,0.9990010636584602
1785983368.965333,-0.19842549133300783,-1.2968792724609375,1.28411474609375,0.0004980189297532285,0.04417715281176231,-0.0050964726673676675,0.9990105875182602
1785983368.982788,-0.1850599822998047,-1.2979183349609376,1.281510986328125,-0.0002523054035249017,0.04442865354146278,-0.005056770377405686,0.9989997361281144
1785983369.002251,-0.1715692138671875,-1.298919677734375,1.278994140625,-0.00041917231303854045,0.04396147360158425,-0.005707543378465366,0.999016829810939
1785983369.012278,-0.16485940551757813,-1.2994163818359374,1.2776646728515626,-0.001411108764892577,0.04348015848386191,-0.005800863110606204,0.9990364513873353
1785983369.022265,-0.15812010192871093,-1.29992724609375,1.2763564453125,-0.0015510047336613803,0.04382823997193098,-0.005902003215951023,0.9990204394343073
1785983369.032366,-0.1514008331298828,-1.30045458984375,1.275056884765625,-0.001993873707850962,0.043284850343900796,-0.005821706580820185,0.999043819633483
1785983369.042761,-0.14468455505371094,-1.300938720703125,1.2737491455078125,-0.002503815107002424,0.04376384830765907,-0.0057842638725006095,0.9990220205048984
1785983369.053977,-0.1379017333984375,-1.3014395751953125,1.272440185546875,-0.0021625743422956224,0.04328968945322484,-0.005786704297100921,0.999043454205552
1785983369.064560,-0.13116908264160157,-1.30190185546875,1.2711014404296874,-0.0024254763112725145,0.04376299563789721,-0.005673489483910592,0.9990228856179362
1785983369.082410,-0.11770401763916015,-1.3028609619140625,1.268427490234375,-0.0025039385365757264,0.04373661087901765,-0.005910477312501927,0.9990224754351237
1785983369.092304,-0.11092373657226562,-1.303280517578125,1.2670853271484375,-0.0021755021163285732,0.04399735544201453,-0.006345353643720624,0.9990091257571101
1785983369.102230,-0.10413848114013671,-1.303716064453125,1.26577197265625,-0.003056226037691542,0.04392984387827091,-0.006006408650951773,0.9990118852023869
1785983369.112605,-0.09736796569824219,-1.304147216796875,1.2643878173828125,-0.003350062919459546,0.04395451081832056,-0.006139469368216164,0.9990090511774022
1785983369.122527,-0.09061280822753906,-1.3045665283203125,1.2630286865234375,-0.0029789364767998255,0.04359061928150309,-0.0063478729849737745,0.9990248694087979
1785983369.142158,-0.0770303955078125,-1.3053507080078126,1.2603179931640625,-0.004374589905310167,0.04419492381023117,-0.006583715069077309,0.9989916515793854
1785983369.153958,-0.07026325988769531,-1.3057410888671874,1.2589141845703125,-0.0036159627388824846,0.0445741783016955,-0.006632100382801008,0.9989775109198828
1785983369.172691,-0.056664127349853516,-1.3064844970703124,1.2561982421875,-0.004601944278143557,0.043956171991651104,-0.006772801947267497,0.9989999002049943
1785983369.192288,-0.04308256912231445,-1.3071055908203124,1.25338623046875,-0.004878599105614454,0.0444490391499247,-0.006356615495540585,0.9989795171754253
1785983369.202388,-0.03627082061767578,-1.3074315185546874,1.252037841796875,-0.00445775888489956,0.044178838221160185,-0.006634767352083931,0.9989916590374863
1785983369.222222,-0.022670013427734375,-1.3080242919921874,1.2491922607421875,-0.00473253415378579,0.043809584737627735,-0.00642046394025089,0.9990080518087797
1785983369.232381,-0.015841386795043946,-1.3083033447265624,1.2478004150390625,-0.004440278338249266,0.0435235471723596,-0.006549835653985477,0.9990210584386575
1785983369.243877,-0.00907077693939209,-1.30855029296875,1.2463543701171875,-0.00463310625820903,0.04334885236642787,-0.00646291067575769,0.9990283522200675
1785983369.253831,-0.002208313226699829,-1.30877587890625,1.2449686279296874,-0.0047942486552917,0.04341677250203769,-0.006518375001118083,0.9990242802382389
1785983369.275639,0.011419514656066894,-1.3092122802734374,1.242128662109375,-0.0041742885986561845,0.04335731098844973,-0.006889619640641818,0.9990271589670383
1785983369.292128,0.025104177474975585,-1.3095897216796875,1.239285400390625,-0.004393570815004144,0.043329405035922273,-0.006743317991475323,0.999028419340508
1785983369.302496,0.03193339920043945,-1.3097900390625,1.237884765625,-0.003919908181367028,0.0430103665962236,-0.006906993443591779,0.9990430589466189
1785983369.322794,0.045572219848632814,-1.310066162109375,1.2350257568359375,-0.004266444223511979,0.04287146920899548,-0.007106709644473987,0.9990462135560109
1785983369.332935,0.05241148376464844,-1.310203369140625,1.2336005859375,-0.003561489616534609,0.04329940878196417,-0.007299057459088736,0.9990291278337721
1785983369.352456,0.06608329010009766,-1.310402099609375,1.2307943115234374,-0.0037860883355215333,0.0430567451406773,-0.0075939505495234575,0.9990365930848891
1785983369.364946,0.07292612457275391,-1.31045458984375,1.2293118896484374,-0.0032952314989421598,0.04341843043619908,-0.007223579825652282,0.9990254287476146
1785983369.382263,0.08668291473388672,-1.310502685546875,1.226490478515625,-0.0035723849697139073,0.0425883308064676,-0.006497934503757111,0.9990651857484973
1785983369.392392,0.09351312255859374,-1.3105377197265624,1.2250526123046874,-0.0034814212859477878,0.042797705519693585,-0.006463636831343373,0.9990567810520151
1785983369.402687,0.10038377380371094,-1.310573974609375,1.2236363525390626,-0.003354040004215484,0.04277294008665493,-0.0067795002293394475,0.9990561844426562
1785983369.423685,0.11407299041748047,-1.3105501708984375,1.2207259521484375,-0.00273294537826582,0.04239978217335621,-0.007069209026351093,0.9990719795552907
1785983369.443632,0.12780363464355468,-1.310544921875,1.2179156494140626,-0.0022493474349040707,0.04284060890764509,-0.007022595488278288,0.9990547003753303
1785983369.462072,0.14148992919921874,-1.3103817138671876,1.214959228515625,-0.0023944782671209957,0.04325380830291846,-0.006779090343754231,0.9990382487074493
1785983369.476216,0.1483542022705078,-1.31031640625,1.21355615234375,-0.0018111158254965698,0.04265252215324427,-0.006996405672880511,0.999063821015545
1785983369.492393,0.16210096740722657,-1.310121337890625,1.2106163330078126,-0.0018839352512649706,0.04288295946228939,-0.0071086881844896945,0.999053037322391
1785983369.502452,0.168973388671875,-1.310009521484375,1.209167236328125,-0.0014868042514358782,0.04270411621772419,-0.007309100659732061,0.999059920702896
1785983369.512546,0.17587767028808593,-1.3099215087890625,1.2077032470703124,-0.0017651229802419833,0.042874728332807824,-0.007384960439494575,0.9990515979963119
1785983369.523452,0.18275849914550782,-1.309797119140625,1.20625146484375,-0.0018948952390536466,0.04293626190514656,-0.00758722135576735,0.9990472054287731
1785983369.542805,0.19655528259277344,-1.30953857421875,1.20330029296875,-0.0016326336256605282,0.0434231797979874,-0.0076499630981375095,0.999026144700843
1785983369.562194,0.21034889221191405,-1.3091649169921875,1.200331298828125,-0.0013377428628469587,0.043525099679451854,-0.0079791227490515,0.9990195743191511
1785983369.573691,0.21725082397460938,-1.308988525390625,1.1988729248046874,-0.0011710223261445097,0.04332881073448387,-0.008089926847491732,0.9990274199912602
1785983369.593855,0.23110586547851564,-1.308626220703125,1.1959036865234376,-0.0008836960764747362,0.04372851252368353,-0.008225368428577993,0.9990092077947823
1785983369.613011,0.24497178649902343,-1.3082320556640625,1.192863525390625,-0.0007176320716714759,0.04398950950233862,-0.007862946599866538,0.9990007877112864
1785983369.633402,0.25889532470703125,-1.3076728515625,1.189841064453125,-0.00023040289524524192,0.041611697559215476,-0.00797326054902507,0.9991020179189991
1785983369.652725,0.27271978759765625,-1.3071475830078125,1.1868768310546876,-0.00014118739614112173,0.0420194512700001,-0.00804441342169089,0.9990843962178145
1785983369.672330,0.2865945434570312,-1.306589599609375,1.1838111572265626,-3.1024935311196894e-05,0.041804692737170995,-0.008013219308748152,0.9990936657337384
1785983369.682346,0.293527099609375,-1.3063089599609374,1.182353515625,-0.0003006108087613629,0.04145471158201005,-0.008147594327417174,0.9991071186835137
1785983369.693614,0.30048849487304685,-1.305998291015625,1.1808140869140624,0.0001671880525324336,0.040889709775155214,-0.007820029777302142,0.9991330471671646
1785983369.712317,0.3144152526855469,-1.3053441162109376,1.177752197265625,-0.0004380199962821559,0.040432259926251185,-0.007024851339888296,0.9991574910633143
1785983369.722347,0.32135546875,-1.3050177001953125,1.1762392578125,-0.00045214967582237793,0.03983058107257494,-0.006890296956616654,0.9991825905491526
1785983369.733091,0.32833547973632815,-1.3047010498046876,1.174697021484375,-0.0001918265728553286,0.039828465457277196,-0.006922202569611688,0.999182538352421
1785983369.752486,0.3422607116699219,-1.304069580078125,1.171685791015625,-0.00023038964084628037,0.03918658136846067,-0.006738671245621367,0.9992091657881299
1785983369.772354,0.35620477294921876,-1.303450439453125,1.1686282958984375,0.00024174005728843542,0.03926928201127165,-0.006787189923053896,0.9992055866725512
1785983369.782332,0.3631672668457031,-1.3031241455078124,1.1670750732421875,0.0003618091697365275,0.03905244376185151,-0.00705358300160259,0.9992122005698371
1785983369.803094,0.377072998046875,-1.3024248046875,1.1639771728515624,0.0005429864731845538,0.03808773231433647,-0.006795011375497283,0.9992511523304304
1785983369.822246,0.3909327087402344,-1.301728759765625,1.160928955078125,0.0009353768471056022,0.03781136324507248,-0.006675507114942296,0.9992621575680803
1785983369.832350,0.397881591796875,-1.3013929443359376,1.159459228515625,0.0008267953650113866,0.03807777596760286,-0.006968791342576329,0.9992501382915944
1785983369.842640,0.4048084411621094,-1.3009891357421874,1.15787451171875,0.0016101828331858247,0.037957517376479025,-0.006839338802131454,0.9992546492652875
1785983369.852570,0.41172195434570313,-1.300584228515625,1.156310302734375,0.0014194175362346774,0.037899628632900154,-0.00696671085092257,0.9992562523336792
1785983369.862990,0.4186391906738281,-1.300194580078125,1.1548128662109376,0.001380026784441716,0.037241961234478184,-0.006979327440618305,0.9992809541740425
1785983369.882564,0.43244845581054686,-1.29942578125,1.1516929931640625,0.0014727936817081756,0.03650963632415966,-0.00689783503983144,0.999308414030254
1785983369.902369,0.4462520751953125,-1.2986278076171875,1.1486539306640624,0.0013429194906898726,0.036996020511469926,-0.006884253698557198,0.9992907959687013
1785983369.912908,0.45318203735351564,-1.29821533203125,1.14717041015625,0.0016169975841993243,0.03711008802472214,-0.006882439509840079,0.9992861733196454
1785983369.932582,0.46697320556640626,-1.297429931640625,1.1440548095703125,0.001676445824156879,0.03677216559510928,-0.006662213703149173,0.9993000635700593
1785983369.952452,0.480718017578125,-1.29657666015625,1.141018310546875,0.001587490977614213,0.03656160303745306,-0.006582794680214097,0.9993084587646743
1785983369.962493,0.4875635986328125,-1.2961329345703125,1.13952880859375,0.0017718811595255617,0.03600313129193059,-0.0068686626491188335,0.9993265089398355
1785983369.983633,0.5012892456054687,-1.29524169921875,1.1364197998046874,0.0014500726616973928,0.03629246837482942,-0.006176737918216509,0.9993210663356435
1785983369.993826,0.5081447143554687,-1.2947899169921875,1.1349644775390626,0.0013396550849798848,0.036618664697107894,-0.00538199627607067,0.999313923804619
1785983370.013680,0.5219291381835938,-1.293751953125,1.1318953857421874,0.0002736607797384636,0.03684711503589318,-0.0030771354335276738,0.99931613814381
1785983370.033211,0.5356220092773437,-1.292592041015625,1.1288375244140625,-4.7254706047611745e-05,0.03640051286156146,0.00038106894424554355,0.9993372076712607
1785983370.043324,0.5425202026367187,-1.2919703369140625,1.127375732421875,-0.0013987171661812704,0.037503789561269756,0.0030535062351495406,0.9992908407039103
1785983370.063644,0.5561854248046875,-1.29056201171875,1.124463623046875,-0.00384794566032454,0.03773713214613593,0.009153498478770526,0.9992383723833902
1785983370.082365,0.5698870239257813,-1.2889007568359374,1.1216531982421876,-0.006410730890227211,0.03815267378550372,0.01567776315370577,0.9991283641316134
1785983370.092908,0.5766961669921875,-1.2880462646484374,1.1202733154296876,-0.007939287134278,0.03847675117669633,0.01963500534722908,0.999035026952915
1785983370.113365,0.5903475341796875,-1.28625048828125,1.1175704345703126,-0.010807976144324952,0.03960329612559797,0.028502438149795414,0.9987504050906891
1785983370.132693,0.6039292602539063,-1.284292724609375,1.1150079345703126,-0.013698861119980983,0.03986135299854877,0.03886218674464694,0.9983552206340911
1785983370.143281,0.610697998046875,-1.2832213134765624,1.11372119140625,-0.014845845128655359,0.039864845834167315,0.044458943956697,0.9981051015572346
1785983370.154117,0.6174414672851563,-1.2820965576171874,1.112482421875,-0.01610587068416817,0.03974226798468041,0.05020872887693954,0.9978177429071035
1785983370.172623,0.6309384155273438,-1.2797720947265625,1.11013330078125,-0.017777895604989415,0.03909539364318556,0.06272293960981644,0.9971064786115
1785983370.192186,0.6443478393554688,-1.2772025146484376,1.1077686767578125,-0.01912604114588167,0.03700140418555093,0.07660922681719277,0.9961908031379901
1785983370.202164,0.6509944458007813,-1.275868408203125,1.10664453125,-0.01966683225247059,0.03684065430653327,0.08381876769017785,0.9956055361012001
1785983370.214188,0.6576434936523438,-1.2744759521484375,1.105548583984375,-0.019486197191550522,0.03609372917292191,0.09128411891020885,0.994979774039493
1785983370.232447,0.670798095703125,-1.27143701171875,1.1033216552734375,-0.020373266582285523,0.0346305018565077,0.1067421961104874,0.9934745910766561
1785983370.242343,0.6773417358398437,-1.2698790283203125,1.102266845703125,-0.020196212185248332,0.03344798124461089,0.11532541331297759,0.9925590104953987
1785983370.252688,0.6838572387695312,-1.2682054443359374,1.1011998291015626,-0.02043428428262971,0.032795124256234064,0.12394794486032937,0.9915360993225824
1785983370.262825,0.6903619995117187,-1.2665001220703125,1.1001119384765625,-0.020603773326607573,0.03194630658937752,0.13248300896344598,0.9904560465493748
1785983370.282326,0.7032254028320313,-1.262980712890625,1.0979281005859376,-0.020581888396296058,0.029625782226595038,0.15048903648211734,0.9879533125603253
1785983370.292240,0.7096520385742188,-1.2611298828125,1.096904541015625,-0.0203082649829374,0.029002781663344135,0.15982066431412822,0.9865109038250645
1785983370.302294,0.7159765014648437,-1.259197265625,1.0958465576171874,-0.019435857259456155,0.027850671194490174,0.16891419262782195,0.9850454771852067
1785983370.314530,0.7223684692382812,-1.2572193603515625,1.0948028564453125,-0.019476722750382387,0.027383101275691733,0.17864104064697703,0.9833403251016835
1785983370.332575,0.7348348999023437,-1.25312109375,1.0926036376953125,-0.01904336139004123,0.026361907113195842,0.1985087089570436,0.9795594349194182
1785983370.342797,0.7410464477539063,-1.251017578125,1.0915570068359375,-0.01874995664999506,0.025660444296906153,0.2085706900322442,0.9774907926213618
1785983370.362688,0.7532999267578125,-1.246793212890625,1.08944384765625,-0.017812381472880136,0.02484759107268587,0.22913997988254733,0.9729132485108434
1785983370.373137,0.75935498046875,-1.244605712890625,1.08837060546875,-0.01704666696798397,0.023958135351149865,0.23944904220354066,0.9704635831136126
1785983370.383491,0.7653704833984375,-1.2424549560546876,1.087319580078125,-0.016794841185263455,0.02399577075781974,0.24959786940284776,0.9679065308729179
1785983370.402197,0.7772310791015625,-1.23798291015625,1.0852032470703126,-0.014810939098489009,0.02284749976589829,0.27104512232330813,0.9621814724001477
1785983370.412467,0.7830752563476563,-1.235706298828125,1.0840638427734375,-0.013519394962760473,0.022175876225642457,0.2817274128395811,0.9591429165623779
1785983370.423104,0.7889266967773437,-1.23337255859375,1.082919921875,-0.012947308883091936,0.02214991494416534,0.29243488047113353,0.9559412061850765
1785983370.442535,0.8003070068359375,-1.228805419921875,1.08077294921875,-0.011277313730438176,0.021497000111387148,0.3152787719316701,0.9486885709439244
1785983370.452506,0.8059141235351562,-1.2264093017578126,1.0796072998046875,-0.010553189840338865,0.020731665772071747,0.3258202595703521,0.9451454818977413
1785983370.472376,0.817004638671875,-1.22169140625,1.077273681640625,-0.008016456965964624,0.01937364981480977,0.3485368750126593,0.9370605312910144
1785983370.482439,0.8223837890625,-1.2194344482421875,1.07609375,-0.007050687953556386,0.01853244215772281,0.35989787461303807,0.9327809774162039
1785983370.492927,0.8278104248046875,-1.217095703125,1.0748907470703124,-0.005846628955576405,0.018276371309937638,0.37082457979443517,0.9285046722446567
1785983370.512316,0.8384674682617187,-1.21249267578125,1.07236669921875,-0.0028497737394051377,0.017937979808310002,0.39219562994591345,0.9197025078013346
1785983370.523278,0.8437389526367187,-1.210187744140625,1.0710638427734376,-0.0019800892318979123,0.017783022041349558,0.4020838059642458,0.9154280219562436
1785983370.542502,0.8543049926757813,-1.205935791015625,1.0683450927734375,0.0028852610269477002,0.018396219076770092,0.4224284762237968,0.9062049542116942
1785983370.552264,0.8594768676757812,-1.2036990966796874,1.066964111328125,0.004203046747317435,0.018459144177768366,0.43170659785835536,0.9018154001138438
1785983370.563071,0.8645979614257813,-1.2016622314453125,1.065552734375,0.006140842819014219,0.019315355377690118,0.44211810738006885,0.8967278260088938
1785983370.582522,0.8749017333984375,-1.19727978515625,1.062525390625,0.00976754978285529,0.018560867086768164,0.45741435226028876,0.8890062981458599
1785983370.602209,0.8851189575195313,-1.193122314453125,1.0594686279296874,0.012283497195277663,0.019990465744322956,0.47383828723351457,0.8802992484111279
1785983370.612621,0.8903673095703125,-1.1913740234375,1.058047607421875,0.015649491886418638,0.02140153406194829,0.48206240629529257,0.8757356293201864
1785983370.633413,0.9003970947265625,-1.187375,1.054906494140625,0.016408521885732358,0.023143877567395808,0.4967167316486292,0.8674489134194243
1785983370.653154,0.9104478149414063,-1.1835775146484375,1.0517637939453126,0.016665470938122904,0.024649421914280906,0.5109966911829321,0.8590675367524774
1785983370.672272,0.9204437255859375,-1.17989697265625,1.0485211181640626,0.016275081815120118,0.026172614147704054,0.5244166358468639,0.8509038162569298
1785983370.682536,0.925442138671875,-1.1781275634765624,1.0468863525390626,0.015806323745281937,0.02691538736262874,0.5307048859019067,0.8469817294894161
1785983370.692655,0.930412109375,-1.17636865234375,1.0452530517578125,0.014885269016347107,0.02778619380910019,0.5371163504200388,0.8429189624879251
1785983370.712491,0.9403500366210937,-1.173001708984375,1.0419248046875,0.013525291451871443,0.028722546670947993,0.5487795549116244,0.8353640425407377
1785983370.722459,0.94534423828125,-1.171375732421875,1.0402529296875,0.012596022925727412,0.029347052292314924,0.5543197881127203,0.8316908395209532
1785983370.733726,0.9503341674804687,-1.169763671875,1.03858203125,0.011825793683530502,0.02981873235707713,0.5597612064364216,0.8280328438422427
1785983370.753238,0.9602745971679687,-1.166634521484375,1.0352122802734376,0.009103373815146275,0.031011792544333422,0.5700215707447631,0.8209937899545758
1785983370.772420,0.9701885986328125,-1.163584716796875,1.031760498046875,0.005942545056531619,0.031629997562210334,0.5797902078524605,0.8141299276561544
1785983370.792158,0.9801719970703126,-1.160705810546875,1.028387451171875,0.003428161188342987,0.03170076714805807,0.5886143297103844,0.8077849152833927
1785983370.802166,0.985173095703125,-1.159279541015625,1.026665283203125,0.002238589212651761,0.03183230330611501,0.5928661775082388,0.804668495731565
1785983370.812372,0.9901273803710937,-1.1578349609375,1.0249315185546874,0.00095066963643458,0.03193708566855376,0.5969119240842051,0.8016703020072549
1785983370.823316,0.9950630493164062,-1.1563992919921875,1.0231550903320312,-0.0014853694344716779,0.031627174702833376,0.6009802203679285,0.7986365137459921
1785983370.843823,1.004980224609375,-1.153677978515625,1.0197237548828124,-0.004223748078790438,0.03160267355522063,0.6085624519517624,0.7928651732651162
1785983370.862663,1.0149044189453125,-1.1509874267578124,1.01624169921875,-0.007220309863515819,0.031061492359522814,0.6152912586522016,0.7876545790306669
1785983370.882412,1.0247093505859375,-1.1483194580078124,1.0129110107421875,-0.009568896406356395,0.03053800447409375,0.6213259122491162,0.7828984369478813
1785983370.892368,1.0296719970703125,-1.1469898681640625,1.01117724609375,-0.01110077165382312,0.03030828140983946,0.6246827898326848,0.780211254024429
1785983370.902321,1.0345654296875,-1.1456673583984376,1.0094109497070312,-0.012070233457283234,0.029975530104204083,0.6275103327059383,0.7779373725015409
1785983370.912313,1.0394232177734375,-1.14434619140625,1.0076674194335937,-0.013327477136453537,0.029899544971228674,0.6302994412448844,0.7756616613559623
1785983370.922231,1.0442989501953126,-1.1430494384765626,1.0059503784179689,-0.013881091684980223,0.029605501882111057,0.6331936032239968,0.7733024662319243
1785983370.932974,1.04914013671875,-1.14174560546875,1.0041917114257812,-0.015328072012968758,0.02910396340708816,0.6357594471227888,0.7711860611145733
1785983370.943580,1.053996826171875,-1.1403912353515624,1.0024151611328125,-0.016142038853308113,0.028922808965345874,0.6382718028538158,0.7690981720987161
1785983370.962416,1.0635634765625,-1.1376907958984375,0.9988941040039062,-0.01810764056462892,0.02870758983942163,0.6430479868185728,0.7650733829033081
1785983370.972450,1.0683277587890625,-1.1364052734375,0.9971512451171874,-0.019013600077220163,0.028409732072011352,0.6452446911133919,0.7632107549850805
1785983370.982465,1.0730208740234375,-1.135048828125,0.9953734741210938,-0.019498826967196615,0.02773468365911563,0.6473514902734712,0.7614372026526972
1785983370.993142,1.0777525634765626,-1.1337425537109376,0.99360302734375,-0.02006131942534557,0.027305168859934656,0.649584169392741,0.7595343200913475
1785983371.012307,1.087041748046875,-1.1310457763671875,0.9900293579101562,-0.021223109486421282,0.026581828743530742,0.6534279956013325,0.7562240612885975
1785983371.022269,1.0916309814453125,-1.1297247314453125,0.9882763061523437,-0.021381096827373745,0.0263199701167957,0.6555188473811331,0.754417098118299
1785983371.032666,1.0962147216796876,-1.1283768310546876,0.986533203125,-0.02198181894204194,0.02579832638667833,0.6570680797211541,0.7530689061315275
1785983371.044428,1.100769287109375,-1.126994384765625,0.9847576904296875,-0.022389303644450177,0.025612162762014397,0.6586595893915792,0.751671656654046
1785983371.062261,1.109738037109375,-1.1242255859375,0.981243896484375,-0.02301087569589725,0.0250228756154799,0.6618809118741967,0.7488377687890884
1785983371.074014,1.114133544921875,-1.1228065185546876,0.9794563598632813,-0.02328749955066137,0.02475476013848092,0.6633351857337582,0.7475502093422376
1785983371.092571,1.122921142578125,-1.11996435546875,0.9759218139648438,-0.02401238294700147,0.02457974846075181,0.6660425875778971,0.7451218133685307
1785983371.112540,1.131510498046875,-1.1171041259765624,0.9723638305664063,-0.02447358484366759,0.024045964055392787,0.668765723227897,0.7426811233117707
1785983371.122680,1.1357568359375,-1.115645751953125,0.9706198120117188,-0.024735351290271212,0.024236223011097915,0.6699447191444108,0.7416028857376313
1785983371.133373,1.139924072265625,-1.1141529541015625,0.9688419799804687,-0.02524935624986259,0.02440378672751484,0.6711893634209012,0.7404537416886344
1785983371.153961,1.14816748046875,-1.11116650390625,0.9652916870117187,-0.02547383169308681,0.024893424505298432,0.6733960494678083,0.7384234309157781
1785983371.172402,1.1562613525390626,-1.10815185546875,0.9617260131835937,-0.025383853817275138,0.02560382274924085,0.6754593083519528,0.7365153211330026
1785983371.182339,1.1602266845703124,-1.1066500244140625,0.9599468994140625,-0.025315853037053495,0.025044338854876995,0.676413454263721,0.7356607400153445
1785983371.192865,1.164157470703125,-1.1051204833984376,0.9581356201171874,-0.025880758674376298,0.02553446665779612,0.6775418967542008,0.7345850091309418
1785983371.212207,1.17194873046875,-1.102099609375,0.9545921020507813,-0.0262344525035417,0.025325078159541638,0.6792604548538359,0.7329908881811567
1785983371.222128,1.17569384765625,-1.100544921875,0.9527498168945312,-0.025056454349315492,0.02484003762476566,0.679546572775012,0.7327834660913327
1785983371.232775,1.179489501953125,-1.0989664306640625,0.9509898071289062,-0.02554438361234704,0.025095654662331674,0.6805672589387063,0.7318100153738077
1785983371.242806,1.1832125244140625,-1.0974066162109375,0.949208251953125,-0.025172737195724538,0.024831748949502595,0.6813075232609586,0.7311427823859629
1785983371.252761,1.1869036865234375,-1.0958065185546875,0.9474480590820312,-0.025401724581228424,0.025160009289745457,0.6821026153311057,0.7303819082015199
1785983371.264474,1.1905501708984374,-1.094182861328125,0.9456913452148438,-0.025227891354284587,0.025268045966873005,0.6829805254917182,0.7295633495811648
1785983371.282115,1.197690185546875,-1.0909794921875,0.9421306762695313,-0.02589402703284099,0.025272551067391128,0.6845589068096969,0.7280589991645894
1785983371.292271,1.2011953125,-1.0893897705078126,0.9403668212890625,-0.026463902651417296,0.025409605962236785,0.6852139315283672,0.7274172751369653
1785983371.302334,1.2046009521484375,-1.087698974609375,0.9386122436523437,-0.02594564221255586,0.024803215288410473,0.6856526353309521,0.7270433875144138
1785983371.322486,1.211357666015625,-1.084426513671875,0.93511865234375,-0.026779697948652696,0.02474876590782756,0.6871870619892639,0.725564794630263
1785983371.332416,1.2146512451171876,-1.08275634765625,0.9333245849609375,-0.026719908143992572,0.024084677602436842,0.6875466662141564,0.7252486126393998
1785983371.342441,1.21793310546875,-1.0811080322265625,0.9316072998046875,-0.026706311442342368,0.024532954673273762,0.6882571780805894,0.724559842007858
1785983371.354004,1.2211483154296876,-1.0793887939453124,0.9298040771484375,-0.027282129782714003,0.02427565328393906,0.6885120110591386,0.724304912203866
1785983371.373618,1.227479736328125,-1.0759263916015624,0.9263104248046875,-0.02789216573517828,0.024412145004508806,0.6895301556663317,0.7233078371035044
1785983371.392944,1.2335823974609375,-1.0724127197265625,0.922866455078125,-0.02827596676293945,0.024195422870431398,0.6906738993797638,0.7222081528497678
1785983371.403054,1.2365787353515625,-1.0706375732421876,0.9211238403320312,-0.0287780521759368,0.024415386134092287,0.6910147125218286,0.7218548229264906
1785983371.422395,1.2424820556640626,-1.067098876953125,0.9177003173828125,-0.02973545816034092,0.024141827465208616,0.6921380743603237,0.7207481188026365
1785983371.432528,1.2453155517578125,-1.0652647705078124,0.9159803466796875,-0.030167124493734696,0.024499387782880005,0.6924038553744177,0.720462784842767
1785983371.452642,1.250876953125,-1.0616064453125,0.9125773315429687,-0.03048613800100786,0.024935573262310256,0.6931943649493203,0.719673810213513
1785983371.472685,1.2562330322265625,-1.0578675537109374,0.9091595458984375,-0.03176018658945431,0.025091911914911932,0.6938915775546366,0.718941006858719
1785983371.483170,1.25883447265625,-1.055953125,0.9074533081054688,-0.03231644898506564,0.025257278166790388,0.6939209337575614,0.718882096373383
1785983371.502278,1.26392724609375,-1.05217041015625,0.9040967407226562,-0.03280340727506242,0.025685613978677163,0.6947414183262226,0.7180519121736504
1785983371.512304,1.2663876953125,-1.0502105712890626,0.9023602294921875,-0.03363590558494863,0.02561990550807078,0.6949843517366948,0.7177805893729845
1785983371.532549,1.2711202392578125,-1.0462230224609375,0.8989560546875,-0.03401438254136633,0.025725281484581527,0.6953255268537635,0.71742850339117
1785983371.543525,1.2734127197265626,-1.044224609375,0.8972569580078125,-0.03475802698775124,0.02551159852776478,0.6956183565074406,0.7171165529129371
1785983371.554016,1.2756573486328124,-1.0422039794921876,0.8955479125976562,-0.03492694400570656,0.02531021357099606,0.6957456112434321,0.7169920073643818
1785983371.573977,1.28002734375,-1.0381290283203124,0.8921417236328125,-0.03480166881558528,0.025349196255680138,0.6962797014496955,0.7164780689960697
1785983371.585673,1.28212353515625,-1.0360660400390624,0.8904526977539062,-0.03494846284137175,0.024883574610740658,0.6965708590798607,0.7162041968347547
1785983371.603340,1.2861552734375,-1.031848876953125,0.8869932250976562,-0.034938224704284496,0.025110031416789667,0.6971030263521169,0.7156788235989926
1785983371.623246,1.289967041015625,-1.0275428466796874,0.883519775390625,-0.03354838070489873,0.024716450107461832,0.6968206270654589,0.7160339599344034
1785983371.642852,1.293605712890625,-1.0232278442382812,0.8800634765625,-0.03338031848298886,0.02458710079098021,0.6972733347534532,0.7156054446201314
1785983371.662265,1.2971273193359374,-1.01879736328125,0.8766422729492187,-0.03358890321147761,0.025114440560058484,0.6976761608560903,0.7151845988386294
1785983371.672716,1.2987904052734376,-1.01655810546875,0.8749039916992187,-0.03302653699199695,0.025647924860106745,0.6978523675627037,0.715019945020899
1785983371.684263,1.300399169921875,-1.0143001708984376,0.8732212524414062,-0.03274708273859656,0.02618970524241033,0.6980422898338371,0.7148277516737529
1785983371.702356,1.3035831298828124,-1.0097662353515624,0.86976806640625,-0.03207761147213059,0.026197090448537692,0.6984920718249348,0.714418330591499
1785983371.712826,1.3050643310546874,-1.00743212890625,0.8680346069335938,-0.03150290675818718,0.026363519956750025,0.6983928427393844,0.7145347933996269
1785983371.723844,1.306522216796875,-1.005148681640625,0.8663551635742187,-0.03134865231356012,0.026874827824018246,0.6985399125963282,0.7143787457160586
1785983371.742847,1.3093031005859375,-1.00042919921875,0.8629464721679687,-0.03073997404842028,0.026937095277727818,0.6988452659458548,0.7141041541758084
1785983371.763839,1.311888427734375,-0.9956842651367187,0.8595748901367187,-0.030468690224962618,0.027619273431542125,0.6990116257646023,0.7139268692315549
1785983371.783408,1.3142989501953124,-0.9908427124023438,0.8562250366210937,-0.030030876376517645,0.028199133381847763,0.6994327478845481,0.7135101865984915
1785983371.793430,1.3154779052734376,-0.9884086303710937,0.85458154296875,-0.02988116561252973,0.028509163210434268,0.6994948486913131,0.7134432626556049
1785983371.812422,1.3176658935546874,-0.98345361328125,0.851228271484375,-0.029594280892046042,0.028356443521231747,0.6997818446338266,0.7131798366576687
1785983371.823024,1.31873095703125,-0.98099609375,0.8496160888671875,-0.029593429354682708,0.02886174753559615,0.6999240188587992,0.7130200670250151
1785983371.833324,1.3197388916015624,-0.9784607543945313,0.847938720703125,-0.028976356941819173,0.028881179744606637,0.7003064603653277,0.7126690043242945
1785983371.852450,1.321717041015625,-0.9734945678710938,0.8447199096679687,-0.028705464549030075,0.029717519538069753,0.7010678937787567,0.7118965437516667
1785983371.862424,1.322600830078125,-0.970884521484375,0.84309375,-0.02858771184703306,0.029833316950434282,0.7008469041064839,0.7121139799686889
1785983371.872516,1.3234730224609375,-0.9682965087890625,0.8414720458984375,-0.028661849503056426,0.029449356238205906,0.7007415780966386,0.7122306270344257
1785983371.882413,1.3243428955078125,-0.9656929931640625,0.8398294067382812,-0.028329183913315584,0.029914139424857607,0.7009574925932884,0.7120120904291313
1785983371.892437,1.3251461181640625,-0.9631427001953125,0.8382724609375,-0.02847039623638606,0.03015409226710545,0.7009509656597486,0.7120027339720533
1785983371.913144,1.32660986328125,-0.9579188842773437,0.8351029052734374,-0.027903776947279975,0.03089702196682622,0.7010475380001588,0.7118982333253672
1785983371.932425,1.3279981689453124,-0.9526200561523438,0.8319453735351563,-0.028171303791661516,0.030902743511435064,0.7011689746626696,0.7117678403150588
1785983371.942387,1.3286630859375,-0.949964111328125,0.8303988037109375,-0.027573481415055816,0.030788255419949243,0.7008670875846311,0.712093472604015
1785983371.952544,1.3292860107421876,-0.947294677734375,0.8288949584960937,-0.027481881894325343,0.030797337002312304,0.701192621118266,0.711776075248979
1785983371.972406,1.3304306640625,-0.9418486938476562,0.8258037109375,-0.02711652643480272,0.03124068058286297,0.7010557422471142,0.7119055886150212
1785983371.992225,1.331491943359375,-0.936397216796875,0.8228340454101563,-0.027830461895587945,0.03133792675367028,0.701538908202887,0.7113976106453183
1785983372.002379,1.3319407958984375,-0.9336566162109375,0.82132177734375,-0.02684548126843013,0.03168772818860001,0.7014423894965744,0.7115151282793118
1785983372.023713,1.332816162109375,-0.9281192626953125,0.8183696899414062,-0.027041153868136224,0.0314124163538456,0.7014645890734608,0.7114980275747597
1785983372.042224,1.3335877685546875,-0.9225511474609375,0.815474365234375,-0.027065177860323163,0.03145776365296218,0.7014252571385141,0.7115339091949514
1785983372.052465,1.3338919677734375,-0.9197408447265625,0.8140078125,-0.027229981604864985,0.031729226878242034,0.7014750650314265,0.7114664567186155
1785983372.062599,1.3342066650390625,-0.9168861694335938,0.8125533447265625,-0.026843012732099315,0.03194047372783458,0.7017236903104418,0.7112264835115593
1785983372.074043,1.3345032958984375,-0.9140505981445313,0.8111543579101562,-0.026533730181860754,0.03189220747030905,0.7017147024619189,0.7112491201123374
1785983372.084176,1.3347840576171874,-0.9112396850585938,0.8097500610351562,-0.027133532271968432,0.0320798803171729,0.7018280653133089,0.7111061881505089
1785983372.102512,1.3352261962890626,-0.9054896240234375,0.8068857421875,-0.026541949936922483,0.03200607103696458,0.70185604605727,0.7111042288643794
1785983372.112565,1.3354100341796875,-0.9025972290039063,0.8054953002929688,-0.026840764984996046,0.03207385302122061,0.7020578741873087,0.71089069456694
1785983372.133197,1.335738037109375,-0.8967528076171875,0.802704345703125,-0.026528825637883637,0.032768187676865554,0.7019259939195507,0.7110009497517111
1785983372.152300,1.3359530029296875,-0.8909205932617188,0.799925537109375,-0.026504071852254937,0.03298198295193895,0.7020490732884901,0.710870464047756
1785983372.162816,1.335995849609375,-0.8879579467773437,0.7985371704101563,-0.02601129894030272,0.032924171371178916,0.7019838017868243,0.710955814928686
1785983372.182373,1.3360928955078124,-0.882010986328125,0.79583740234375,-0.02626333115718043,0.03347767019927302,0.7023226900974302,0.7105859002316797
1785983372.192571,1.3361263427734376,-0.8790238647460937,0.794466552734375,-0.026207367043874472,0.03377931752531829,0.7019394095539108,0.7109523125824087
1785983372.212062,1.3360548095703124,-0.8730523071289062,0.7917828369140625,-0.02623025150698432,0.034398269438046546,0.7023318877853154,0.710534054977103
1785983372.222116,1.335987060546875,-0.8700200805664062,0.790450927734375,-0.0263865044378417,0.03473942182268406,0.7022739336723753,0.7105689685222021
1785983372.232256,1.335927734375,-0.8669627075195312,0.7891210327148438,-0.02662032160649689,0.03509988815503201,0.7021538844670956,0.7106611487946334
1785983372.243983,1.3358203125,-0.8639000854492187,0.7877725830078125,-0.02617120687520483,0.03472896615304474,0.7022010968196077,0.7106494215104656
1785983372.262528,1.3355535888671874,-0.8577749633789062,0.7851683349609375,-0.02625009982331512,0.03537320205638373,0.7023335636315163,0.7104837946654828
1785983372.272948,1.33537548828125,-0.8546655883789063,0.7838297119140625,-0.02637446856908244,0.03531291336159652,0.7023544159040154,0.710461576590274
1785983372.292243,1.3350086669921875,-0.8484310302734375,0.7812239379882813,-0.0259741664377571,0.035521622137863744,0.7024197251425965,0.7104013535017619
1785983372.303386,1.3347698974609374,-0.8453275756835937,0.7799073486328125,-0.026155231451349122,0.03626426096598938,0.7023785281766655,0.7103979385522964
1785983372.322443,1.334267333984375,-0.8390337524414062,0.7773344116210937,-0.02600353314380057,0.03622184738114029,0.7024400798495926,0.7103447901279957
1785983372.342355,1.333708740234375,-0.8326588134765625,0.7747797241210937,-0.026230647446575345,0.036734737861337324,0.7026878658211817,0.7100649763024268
1785983372.353605,1.3334251708984375,-0.8294671630859375,0.77352587890625,-0.02633022634612077,0.036763808446024254,0.7026863555355004,0.7100612857729798
1785983372.372311,1.33271435546875,-0.8229890747070312,0.7709175415039062,-0.026325662043467042,0.037510725112281054,0.7028002504445625,0.7099096397418867
1785983372.382168,1.3323876953125,-0.81974072265625,0.7696925659179688,-0.02595957261903682,0.037491338420281135,0.7029241190331953,0.7098014992269744
1785983372.392411,1.33202099609375,-0.8165018920898437,0.768472412109375,-0.02596147852660282,0.03789638271715331,0.7028652060001128,0.7098382666102302
1785983372.402559,1.3316253662109374,-0.8132339477539062,0.767205810546875,-0.026426180003119637,0.03794071300567574,0.7027379534433993,0.7099447310826695
1785983372.413091,1.33122119140625,-0.809939208984375,0.765912841796875,-0.026058228351898766,0.03790042624021906,0.7027133503434458,0.7099848338871273
1785983372.432416,1.330392333984375,-0.8033941040039062,0.76341162109375,-0.025218913071542722,0.0382212810936877,0.702838075803938,0.7098744868085355
1785983372.443274,1.32996044921875,-0.800017333984375,0.7621763305664062,-0.02589169907098117,0.03828136040866041,0.7026544259124363,0.710028807138994
1785983372.463463,1.329030029296875,-0.7933229370117187,0.7596944580078125,-0.024975265638192135,0.038905815277575216,0.7026922330934197,0.7099902871386893
1785983372.483659,1.328037109375,-0.7865377197265625,0.7572400512695312,-0.024784663102943017,0.03939421206122448,0.7026469938585445,0.710014791984388
1785983372.502315,1.3270501708984375,-0.7796809692382812,0.7548074951171875,-0.024564089291592758,0.040176434570249595,0.702809168210259,0.7098180913795847
1785983372.512440,1.32651904296875,-0.7762494506835937,0.7535741577148437,-0.024427155605603355,0.04052148162317838,0.7025545986123368,0.7100551646326477
1785983372.532396,1.325376220703125,-0.769378662109375,0.75116845703125,-0.024425628123942583,0.04058523705718213,0.7024477108182281,0.7101573339578332
1785983372.542446,1.324791259765625,-0.7658327026367188,0.7499202880859375,-0.024015259151224478,0.04079015261953007,0.7026885118693841,0.7099213107015416
1785983372.552564,1.324212646484375,-0.7623677978515625,0.7487423095703125,-0.024517912135302782,0.040843477529866994,0.7029416270135436,0.7096504407423853
1785983372.564718,1.323611328125,-0.7588448486328125,0.7475541381835937,-0.02391770303917611,0.04032221872434378,0.7027922888634216,0.7098486244469151
1785983372.582523,1.3223609619140626,-0.7518212280273437,0.74516748046875,-0.02465355828835945,0.040780884987116864,0.7028406687514686,0.7097493453906476
1785983372.592906,1.321750732421875,-0.7482407836914062,0.7439968872070313,-0.023746906832926244,0.04092767973131208,0.7026431295716746,0.7099673539479091
1785983372.612212,1.32050439453125,-0.7411656494140625,0.7416793823242187,-0.023821942057302037,0.04106100491497678,0.7028960023375803,0.7097067856845294
1785983372.622202,1.3198402099609374,-0.7375203247070312,0.7404619140625,-0.023783179803504428,0.040870840173740916,0.7028336897811028,0.7097807748103563
1785983372.632401,1.319164306640625,-0.7339166259765625,0.7392764892578125,-0.02390132289593586,0.04086346672787566,0.7027412796963628,0.709868724683787
1785983372.642378,1.3185086669921875,-0.7303414306640625,0.7381369018554688,-0.02375863580307798,0.04094248364247353,0.7028112456620473,0.7097996887061767
1785983372.652318,1.3178787841796875,-0.7267648315429688,0.7369912719726562,-0.02396499984732364,0.04130597665363831,0.7029587925561818,0.7096255441913636
1785983372.662329,1.3171866455078125,-0.7231036987304688,0.7358104248046875,-0.02393053333034192,0.04140051666121546,0.7027867901831577,0.709791544831724
1785983372.674634,1.316441650390625,-0.7193917846679687,0.7346219482421875,-0.023922733254925062,0.040873689563058,0.7027042827648078,0.7099040418898906
1785983372.692448,1.315017333984375,-0.71203466796875,0.732322021484375,-0.024673696195665326,0.04131265398875272,0.702534422040331,0.7100210248018869
1785983372.712460,1.31359912109375,-0.704647705078125,0.7300298461914062,-0.024331781851736775,0.04109105075847581,0.7025266446836229,0.7100533836143691
1785983372.722438,1.31288330078125,-0.7009671020507813,0.7289249267578125,-0.02478716808872305,0.041520203122305685,0.7024599982421331,0.7100786006004436
1785983372.732621,1.312127197265625,-0.6971976928710938,0.7278206176757812,-0.024132177548522826,0.041209728820184845,0.7024363585692022,0.7101426334801536
1785983372.742545,1.31138720703125,-0.6934657592773438,0.726690185546875,-0.024030981857922178,0.041476307335115516,0.7023306677625214,0.7102350724994917
1785983372.762645,1.3098905029296875,-0.6859149780273438,0.7244652709960937,-0.024240244270443034,0.04150969792485065,0.7023776185144364,0.7101795771240783
1785983372.773532,1.309103271484375,-0.6821075439453125,0.723349365234375,-0.024070026999684642,0.04160726073583675,0.702241724689021,0.7103140363189402
1785983372.793522,1.3075948486328124,-0.6744738159179687,0.7211637573242188,-0.023901670283936662,0.042478665277331885,0.7021240414100283,0.7103844704896803
1785983372.803635,1.306791259765625,-0.6705667114257813,0.72004931640625,-0.024094146265732128,0.0416248142253929,0.7018099851645253,0.7107387562297066
1785983372.813781,1.3060020751953125,-0.6667094116210938,0.7189185791015625,-0.023874232994040075,0.041875187154762794,0.7019236538811391,0.7106192231373342
1785983372.828753,1.3052061767578125,-0.662846435546875,0.7178396606445312,-0.024021070230118905,0.04246383971382787,0.7018286417172398,0.7106731738556039
1785983372.842291,1.3036258544921875,-0.6550717163085937,0.7156654663085937,-0.023799040333311067,0.042210001214348813,0.701894928584282,0.7106303025213386
1785983372.853366,1.302816162109375,-0.6511167602539063,0.7145450439453125,-0.023438022282706323,0.042104281059397924,0.7017573398350121,0.7107844310750845
1785983372.863274,1.30198388671875,-0.6472108154296875,0.7134557495117188,-0.02344837089149366,0.04246077640068301,0.7020696043242496,0.7104544519775717
1785983372.875465,1.3011883544921874,-0.6432915649414063,0.71237744140625,-0.02308303131579433,0.04238508069456317,0.702014839181821,0.7105250522936035
1785983372.893603,1.299532958984375,-0.635373779296875,0.710178955078125,-0.023225002095072233,0.04269851119653922,0.7020085744446701,0.7105078528810724
1785983372.913311,1.2978641357421874,-0.627390380859375,0.707961181640625,-0.022636762300683025,0.04306223567191644,0.7019745452041476,0.7105384960645214
1785983372.923725,1.2970137939453126,-0.6233762817382813,0.706876708984375,-0.0231481962838767,0.04281360715784555,0.7019052806140003,0.7106054706081748
1785983372.934987,1.2961868896484374,-0.6193728637695313,0.705792236328125,-0.02310518733421965,0.04330643783540664,0.701908972660392,0.7105733702353397
1785983372.952944,1.294496337890625,-0.611259521484375,0.70357080078125,-0.022550408273464894,0.04312627389890605,0.7018876821536036,0.7106231602693281
1785983372.972555,1.2928160400390625,-0.6031039428710937,0.70141796875,-0.022618717974349997,0.04311099992984376,0.7018829062780565,0.7106266368797942
1785983372.983357,1.2919617919921875,-0.5989963989257813,0.7003158569335938,-0.022427198710609653,0.04333326446670154,0.7019093849043444,0.7105930359774022
1785983373.002528,1.2903138427734375,-0.5907423706054687,0.698127685546875,-0.022123292207568295,0.043354781938171494,0.7017347038219505,0.7107737443975364
1785983373.012566,1.2894375,-0.5865821533203125,0.6970363159179688,-0.022385936532608123,0.043619433614749605,0.7017892797163973,0.7106954531309526
1785983373.022936,1.2885791015625,-0.5823990478515625,0.695978271484375,-0.022236009398128392,0.04381606713045541,0.7017932586179483,0.7106841408456994
1785983373.042185,1.2868876953125,-0.5740698852539062,0.6938244018554688,-0.02262281207483339,0.04394960766401834,0.7016290526448793,0.7108257875338039
1785983373.052458,1.28604296875,-0.5698799438476563,0.6927522583007812,-0.022291628092637152,0.044012888116334095,0.701727731982317,0.7107349173603018
1785983373.072317,1.28435205078125,-0.5614351806640625,0.6905728759765625,-0.0221854843708737,0.043771894722567796,0.7017136316431614,0.7107670579357894
1785983373.082499,1.2834921875,-0.5572454223632812,0.6895004272460937,-0.02211358987266438,0.044092646517004876,0.7016334796552263,0.710828587094016
1785983373.093415,1.2826722412109375,-0.5530064086914063,0.6884306640625,-0.02188277154012205,0.04399813005580622,0.7017406172318036,0.7107358180722739
1785983373.120596,1.2809810791015626,-0.54447021484375,0.6863377685546875,-0.022150759681191623,0.044335581262320026,0.7015234171099554,0.7109209500209972
1785983373.133609,1.2792755126953126,-0.5358572998046875,0.6841956787109374,-0.022086122011165697,0.04387449810176183,0.7015672003477653,0.7109083578076376
1785983373.152476,1.2775648193359375,-0.5271897583007813,0.6820894165039062,-0.02204496133514606,0.04477173576946059,0.7016208577916361,0.7108007459321056
1785983373.173429,1.27673095703125,-0.5228443603515625,0.6810047607421875,-0.022315017911075485,0.04511582639563678,0.7014899777493938,0.7108997155461052
1785983373.193740,1.2742188720703125,-0.5096669311523437,0.6778634033203125,-0.022765028398611654,0.04513702196914811,0.7013863269540899,0.7109863738012892
1785983373.212481,1.2725169677734376,-0.5007629699707031,0.6757022094726562,-0.022748705667674878,0.04562062352371388,0.7014791572112461,0.7108644365072722
1785983373.232086,1.270857421875,-0.49179443359375,0.6735526123046875,-0.023098787727574028,0.04613692837775502,0.701496147720737,0.7108030570353862
1785983373.242175,1.2700333251953124,-0.48728155517578126,0.6724979248046875,-0.02351374825540501,0.0462861151360827,0.7010768646465215,0.7111933205022269
1785983373.252516,1.269183837890625,-0.48273638916015627,0.6714078979492187,-0.023223183705173976,0.04643590918142726,0.7012844625428857,0.7109883989071181
1785983373.262425,1.26835791015625,-0.478207275390625,0.670330322265625,-0.023501309240073865,0.046983700618892725,0.7013502654352637,0.7108783490992908
1785983373.272463,1.2675098876953126,-0.47364324951171877,0.669212646484375,-0.023581911912075804,0.0471240940408575,0.7013556382470364,0.7108610904354594
1785983373.282876,1.2666734619140625,-0.46905313110351565,0.6680805053710938,-0.02389038823029483,0.04717700597843759,0.7012551948764181,0.7109463777616609
1785983373.304354,1.2650029296875,-0.4598488159179687,0.6659144897460938,-0.023825105238415717,0.047168021823424805,0.7011811044126397,0.7110222226268402
1785983373.322509,1.26330322265625,-0.45056317138671875,0.6637313232421875,-0.02343712376887472,0.04700977550288128,0.7011658405799371,0.711060653161792
1785983373.333026,1.2624730224609375,-0.4459103088378906,0.6626152954101563,-0.02333705970654703,0.04686740058219183,0.7013219037143249,0.710919399443701
1785983373.352374,1.260782958984375,-0.4365179748535156,0.6603936157226562,-0.023208607434050097,0.047085361568901085,0.7011825555119423,0.7110466567082493
1785983373.362552,1.259942138671875,-0.43176812744140625,0.6592770385742187,-0.022853717822912453,0.047084108431251534,0.7009849255062649,0.7112530755265026
1785983373.372482,1.2590858154296876,-0.4270325622558594,0.6581386108398437,-0.022971209602462704,0.04667781320393247,0.7008552956804889,0.7114037850369391
1785983373.393013,1.25740087890625,-0.4175304565429688,0.6560062866210937,-0.0228362554609585,0.04631281980756662,0.7008143970323647,0.7114722839531096
1785983373.404271,1.2565418701171875,-0.41271124267578124,0.654919677734375,-0.022891880405619316,0.04587716186637323,0.7007964061052167,0.7115164262445538
1785983373.423068,1.254826904296875,-0.403072509765625,0.6527154541015625,-0.022349913547829923,0.04556213627268024,0.7006252288441687,0.7117224647729136
1785983373.442212,1.2530928955078124,-0.3933776550292969,0.6505589599609375,-0.022409917844956048,0.0453426750618542,0.7005417785070004,0.7118167338080719
1785983373.452344,1.2522254638671875,-0.3884777221679688,0.6494766845703125,-0.022436925882177675,0.045238102087884396,0.7004702967714359,0.7118928834854804
1785983373.462464,1.25136865234375,-0.38356298828125,0.6484386596679688,-0.022418729029216426,0.04477540128557259,0.7004780873197045,0.7119150245134109
1785983373.472664,1.250460693359375,-0.3786217041015625,0.6473466186523438,-0.022815772650535276,0.04469594497503877,0.700319556082114,0.7120633501867315
1785983373.482785,1.24959716796875,-0.37369091796875,0.64627783203125,-0.022775203640088868,0.044172144372743465,0.7001373111900656,0.7122765378355576
1785983373.502677,1.2478515625,-0.3637307434082031,0.6441480102539062,-0.02271258008194628,0.04361606961096554,0.7002213121845361,0.7122302257603373
1785983373.513188,1.2469647216796875,-0.3587500610351563,0.64309130859375,-0.022397722528130604,0.04339212121248573,0.7002850904589447,0.7121911706574583
1785983373.532388,1.245167724609375,-0.34872439575195313,0.6410075073242187,-0.022471970909600906,0.043127149982881766,0.7000812830077324,0.7124052508492927
1785983373.542381,1.2442315673828126,-0.3436554260253906,0.6399922485351562,-0.022684707528397862,0.04294019829791225,0.7001020891800334,0.7123893788251527
1785983373.552344,1.2433592529296875,-0.3386024780273437,0.6389371948242187,-0.022577032953558028,0.042570948447316195,0.6999760244642173,0.7125387969664045
1785983373.562517,1.24241064453125,-0.33349435424804685,0.6378950805664062,-0.022484390523407536,0.04244940999407416,0.699989691665701,0.7125355711640667
1785983373.572584,1.2414794921875,-0.32845535278320315,0.63685498046875,-0.022581446545918794,0.04203978518968196,0.6997910054703566,0.7127519083929329
1785983373.582846,1.240528076171875,-0.3233328857421875,0.6358438110351563,-0.02243072596738755,0.04189562079715836,0.6996115147023217,0.7129413305827033
1785983373.602518,1.2386610107421876,-0.31303155517578124,0.633721435546875,-0.022167781121085875,0.04156752042211958,0.6997484275590431,0.7128343964963482
1785983373.614130,1.2377252197265625,-0.3078806457519531,0.6327135009765625,-0.02206975397718615,0.041426302861013654,0.6997906533227911,0.7128042024980732
1785983373.632063,1.2357833251953125,-0.2974901123046875,0.6306434936523437,-0.021761033041453198,0.04138709027777704,0.6995074875052794,0.7130938586471888
1785983373.642089,1.2348350830078125,-0.2923207092285156,0.6296065063476562,-0.021436167173751415,0.04176257278172111,0.6994235832035545,0.7131641059332637
1785983373.652299,1.23388671875,-0.2871109619140625,0.62860791015625,-0.021543964257843603,0.041448922978706906,0.699237388013329,0.7133617026978616
1785983373.662368,1.2329102783203125,-0.28183416748046874,0.6276158447265625,-0.021250854966888444,0.041666860624535264,0.6989663524748277,0.7136233757506378
1785983373.672909,1.2319874267578126,-0.2766279602050781,0.6265632934570312,-0.02107246080502527,0.04182623382182019,0.6989820564279811,0.7136039532310369
1785983373.692480,1.230057373046875,-0.2661458740234375,0.6245165405273437,-0.020643086377631646,0.04208240505254566,0.6987474075120146,0.713831201042899
1785983373.703204,1.229094482421875,-0.26083926391601564,0.6235059204101563,-0.02027064899022576,0.04231136386179331,0.6989820646360606,0.7135985726209624
1785983373.723749,1.227151123046875,-0.2501501922607422,0.6214322509765625,-0.019521415075719077,0.04276367183163137,0.6984993990678334,0.7140649627240323
1785983373.743456,1.2252164306640625,-0.2394788513183594,0.6193218383789062,-0.019637036238971995,0.043410608762166514,0.6982755147419598,0.7142417120298917
1785983373.753590,1.2242032470703126,-0.2340719757080078,0.6182756958007812,-0.01927275577357902,0.04378887268239514,0.6981109007058023,0.7143894250716835
1785983373.763689,1.223237548828125,-0.228709228515625,0.6171951904296875,-0.018986181619104307,0.044649590688499434,0.6978810006105973,0.7145684368709713
1785983373.774373,1.2223009033203125,-0.22326338195800782,0.6161178588867188,-0.019310064248381158,0.044941991796164905,0.6979559932085069,0.7144681746460468
1785983373.793254,1.22033740234375,-0.21237945556640625,0.61399658203125,-0.01919694520854287,0.04561026006965922,0.697724459169233,0.7146549910421832
1785983373.812318,1.218417724609375,-0.20145346069335937,0.6118037719726562,-0.018556926055163896,0.04634312197978408,0.6977635642437546,0.7145865790740129
1785983373.825892,1.2174990234375,-0.1959456787109375,0.6107135009765625,-0.018573775987949317,0.04680943254886527,0.6977901408305011,0.71452978638214
1785983373.842221,1.215607666015625,-0.18498622131347656,0.6085431518554687,-0.017954992020229568,0.047050454515075495,0.6975413226712892,0.7147726801422847
1785983373.852461,1.21470556640625,-0.1794512939453125,0.6074720458984375,-0.017743858559715876,0.04776609045724789,0.6975685965087717,0.7147038689665535
1785983373.862428,1.21377783203125,-0.1738777313232422,0.6063629760742187,-0.01763218446072398,0.047582494249110124,0.697519598658514,0.714766699515688
1785983373.873303,1.212878173828125,-0.16833662414550782,0.6052515869140624,-0.017299538053426527,0.04812946451141151,0.6972727671783423,0.7149790127126363
1785983373.883652,1.2119725341796874,-0.16275941467285157,0.6041722412109375,-0.017198503136256083,0.04791381653218448,0.6974563713755725,0.7148168182901976
1785983373.903883,1.2101982421875,-0.15153947448730468,0.6019454956054687,-0.016536857297585302,0.04836193323518285,0.6971263638401198,0.7151240993773552
1785983373.923220,1.208492431640625,-0.14029827880859375,0.5997630615234375,-0.015493609751794644,0.04846523421951763,0.6970201479144399,0.7152439984388264
1785983373.933087,1.2076573486328126,-0.13468496704101562,0.5986798095703125,-0.01517443229661687,0.04820401311786438,0.6970735313701875,0.7152164574175218
1785983373.952228,1.2059849853515625,-0.12333504486083985,0.596518798828125,-0.014398208231618035,0.04776477932980878,0.6968987757633829,0.7154322628846549
1785983373.962376,1.2051671142578124,-0.11765553283691406,0.59545361328125,-0.014397292130192177,0.04817940033987719,0.697003803793666,0.7153021597890858
1785983373.973372,1.2043970947265625,-0.11196097564697266,0.5943829345703125,-0.0144510819290474,0.04832543437679687,0.6970701554236014,0.7152265480697654
1785983373.983668,1.203592041015625,-0.10623842620849609,0.59330712890625,-0.013873396302772744,0.047871765424550884,0.6972622960719594,0.7150811748247886
1785983374.002470,1.2020496826171876,-0.0947657470703125,0.591139892578125,-0.013421764582290687,0.047543373750836386,0.6968294675739757,0.7155334875754937
1785983374.012652,1.2013480224609374,-0.08902975463867188,0.5900366821289063,-0.013100517200973749,0.04748736146964437,0.6970788303617131,0.7153002250162089
1785983374.023430,1.2005997314453125,-0.08324359893798829,0.5889651489257812,-0.01306878162363745,0.0473448475478138,0.6970739653267588,0.7153150077981473
1785983374.043754,1.19919384765625,-0.07160364532470703,0.5867798461914062,-0.01273563103594842,0.04719841889569309,0.6968495571669046,0.7155492970168124
1785983374.062286,1.19784912109375,-0.059940479278564454,0.5846013793945313,-0.013173939180167578,0.04671390874305192,0.6968134263816612,0.7156083400085356
1785983374.072901,1.197176025390625,-0.054066818237304685,0.5835236206054687,-0.01320064518474763,0.04634817671847047,0.6969435812570812,0.7155048890597405
1785983374.084933,1.1965462646484375,-0.04817966461181641,0.5824144897460938,-0.01315977147235458,0.04651570319315936,0.6967487475122136,0.7156845005569853
1785983374.102318,1.1953115234375,-0.036423229217529295,0.5802978515625,-0.012960955712703682,0.045832420976901427,0.6969339449529782,0.7155518568340115
1785983374.112700,1.19471630859375,-0.030575263977050782,0.5792230834960937,-0.012695503399464191,0.04563620929835278,0.6969821537936122,0.715522203782307
1785983374.132733,1.193544921875,-0.018719051361083986,0.5770952758789063,-0.013068657026489003,0.04540472030007624,0.6968789980777367,0.7156306850892594
1785983374.142931,1.1929693603515625,-0.012764874458312989,0.5760526733398438,-0.013406866676373384,0.04524692682062234,0.6967904617037437,0.7157206316313056
1785983374.162932,1.1918138427734375,-0.0008440665006637573,0.5738868408203125,-0.013622919012226951,0.044283154543645196,0.6969211976548453,0.7156495297800497
1785983374.173463,1.1912310791015626,0.005202790260314941,0.572832763671875,-0.013790714180832631,0.04347388999389028,0.6967056564238806,0.7159057728154361
1785983374.183504,1.1906724853515624,0.011192899703979492,0.5717633666992188,-0.014610680728845712,0.043417288926830395,0.6968954275874881,0.7157081949451894
1785983374.202580,1.189534912109375,0.023244035720825194,0.5696602783203125,-0.015202391635435523,0.042381591193751796,0.696791828560431,0.7158588100479205
1785983374.213034,1.188997802734375,0.029269313812255858,0.5686039428710937,-0.01521132447155641,0.0418697592348202,0.6968861150179378,0.7157969597836215
1785983374.232569,1.1879154052734375,0.041382228851318356,0.56652685546875,-0.015691410436849143,0.04163649179640715,0.6965985241771459,0.7160800697374375
1785983374.252959,1.1868232421875,0.05355072784423828,0.5644330444335938,-0.015272312202735379,0.04103873558665069,0.6968317120608729,0.7158967236905116
1785983374.272435,1.1858067626953126,0.065728759765625,0.5623777465820312,-0.015125874297646226,0.040750306918935386,0.6969807242355613,0.7157712470070562
1785983374.282559,1.185283203125,0.07182501220703125,0.5613634033203125,-0.015174827060725649,0.040430088781621965,0.6968736788421733,0.7158925922898463
1785983374.292617,1.1847646484375,0.07794468688964844,0.5603197631835938,-0.014958479176309407,0.04087506005935874,0.6969017700828678,0.7158445345070837
1785983374.302558,1.18424951171875,0.08409117126464843,0.5593034057617188,-0.014893463914312618,0.04089055295112557,0.6967747976152627,0.7159685876445778
1785983374.312608,1.1837425537109374,0.09017728424072266,0.5582840576171875,-0.014627597098090875,0.04092381373133875,0.6969632980968052,0.7157886730373147
1785983374.323946,1.1832242431640625,0.09634346771240235,0.5572973022460938,-0.014618321174597278,0.041235594298641036,0.6968649457161212,0.7158667307345373
1785983374.342997,1.1822064208984375,0.10868476104736328,0.5552059326171875,-0.014939712684687498,0.04126612894337267,0.696909884538669,0.7158145826248306
1785983374.353105,1.181719482421875,0.11485055541992187,0.55415234375,-0.014361389697910775,0.041753935032094944,0.6968922607418901,0.7158153011385997
1785983374.363161,1.18122802734375,0.12102423858642578,0.5531321411132812,-0.01407223780418602,0.04196370253270182,0.696837807092187,0.7158617860481195
1785983374.382739,1.1803065185546875,0.13335530090332032,0.5511189575195312,-0.01285426279591311,0.04242457852146505,0.6968787138444457,0.7158176908666214
1785983374.393312,1.17982470703125,0.13954580688476562,0.5501156616210937,-0.012803629623209054,0.04261329700805145,0.6966133470834439,0.7160656454607677
1785983374.412631,1.178976318359375,0.1518902130126953,0.5481126708984375,-0.012095815884918993,0.04340856827301125,0.6965440009497891,0.7160976361904449
1785983374.433118,1.1781170654296875,0.16429304504394532,0.5461650390625,-0.011732159949657123,0.04403699350104081,0.6967945845339957,0.7158215055676935
1785983374.442975,1.1777176513671874,0.17055702209472656,0.5451923828125,-0.011900794892893606,0.044339417403079326,0.6970236877026218,0.715576945616487
1785983374.462798,1.17691064453125,0.18296163940429688,0.5432249755859375,-0.011434864278533075,0.044874144369410215,0.6973182612014256,0.7152641452956332
1785983374.482661,1.17618017578125,0.19540170288085937,0.5412467651367188,-0.011612040730079957,0.04544421659080873,0.6972411457410728,0.7153004681651066
1785983374.502464,1.1755064697265625,0.20785081481933593,0.539261474609375,-0.011618961080127438,0.046198117471806806,0.6973447576197521,0.7151510455608084
1785983374.512549,1.1752078857421875,0.21408567810058593,0.5382606811523437,-0.011651968197710477,0.046534479288311136,0.6975294720319096,0.7149485266353969
1785983374.523096,1.17490380859375,0.22025558471679688,0.5372704467773437,-0.011183781304399884,0.046753337555579616,0.6972946019703359,0.7151707939469734
1785983374.542417,1.1744281005859376,0.23264373779296876,0.5352246704101562,-0.01047109118340962,0.047169438648796205,0.6972725345736696,0.7151757756410396
1785983374.552768,1.174196044921875,0.23884724426269532,0.5342241821289062,-0.009921291242477063,0.04698724958756536,0.6973537257708914,0.7151164631655749
1785983374.573011,1.1738231201171876,0.2512056884765625,0.5321879272460938,-0.009033295513290822,0.04706572916325152,0.6973892701206156,0.7150884125571855
1785983374.593400,1.173540283203125,0.2635823974609375,0.53019189453125,-0.008239583235140872,0.046813299068432054,0.6976330404292032,0.714876755228671
1785983374.612679,1.1733302001953125,0.2759009094238281,0.5282118530273437,-0.007606189374303617,0.0467803638500964,0.6977455860521143,0.7147760753308566
1785983374.632581,1.1732366943359376,0.2882335510253906,0.5262901000976562,-0.007179509816240633,0.0467706639197205,0.6980712370780068,0.7144630811288527
1785983374.652220,1.1732021484375,0.3005681457519531,0.52441650390625,-0.0075785376119534625,0.04642230230326666,0.6983861795602275,0.7141738323016927
1785983374.662226,1.173225341796875,0.30670736694335937,0.5234995727539062,-0.00794543763989799,0.04647624034398473,0.698375531247881,0.7141767628352227
1785983374.672563,1.173241455078125,0.3128824462890625,0.5226238403320312,-0.007685477527882557,0.046039882896707233,0.6984312426069212,0.7141533984320048
1785983374.682891,1.1732998046875,0.3189725036621094,0.5217451171875,-0.008083984710543696,0.04582202852309992,0.6985143117424318,0.7140817596965275
1785983374.702410,1.1734537353515626,0.33122332763671875,0.5199994506835938,-0.008520373867475978,0.04536862177706836,0.6988328819227807,0.7137938731206847
1785983374.712532,1.1735660400390624,0.337314697265625,0.5191455078125,-0.008981451437799359,0.045040718497003654,0.6987898351934014,0.7138511291268507
1785983374.732677,1.1738409423828124,0.3495291137695313,0.5174481201171875,-0.00889796850726411,0.04468785468047516,0.6991098233209755,0.7135609907456696
1785983374.752522,1.1742060546875,0.36164498901367187,0.5158228759765625,-0.00890152168501468,0.044575862364041624,0.699100507892343,0.7135770638052727
1785983374.762417,1.1744564208984376,0.3676847229003906,0.5150164184570313,-0.009138351168443623,0.04435795605332676,0.699310897456552,0.7133814745079354
1785983374.772863,1.17469287109375,0.37375555419921874,0.5142368774414062,-0.008839175976371677,0.044354208020332034,0.6992692536411258,0.7134263028112263
1785983374.782993,1.1749490966796876,0.3797862854003906,0.5134321899414063,-0.008482421915501654,0.04377500022566919,0.6993651120184764,0.7133724302432661
1785983374.802904,1.175525390625,0.39179019165039064,0.5119258728027344,-0.008332956296614841,0.043668860003219304,0.6992022311655174,0.7135403383229878
1785983374.812833,1.1758546142578126,0.39780831909179687,0.51117333984375,-0.008481831291236669,0.043648288255955084,0.6992675892772037,0.7134757984636604
1785983374.832557,1.176574462890625,0.40982354736328125,0.5097175598144531,-0.008101586989413422,0.04337034225369817,0.6993764202218737,0.7133904902635839
1785983374.852465,1.1772821044921875,0.4217989807128906,0.5083062744140625,-0.007825157534864315,0.04329737127432484,0.699789056258614,0.7129932359111298
1785983374.862503,1.17770166015625,0.42778414916992186,0.5076129150390625,-0.007747135982618717,0.04344152154689123,0.6996570286796616,0.7131148949022288
1785983374.872597,1.178157958984375,0.433769775390625,0.506919189453125,-0.00806071079340236,0.043491540213605386,0.6998668319232433,0.7129024615676854
1785983374.882621,1.1786207275390626,0.4397569580078125,0.5062293395996094,-0.007820778406045914,0.043333318268178496,0.6998624016729722,0.7129191105520806
1785983374.893712,1.1790897216796874,0.4456695861816406,0.5056164855957032,-0.00794401195925857,0.043086667672845795,0.699789788009923,0.7130039676941287
1785983374.912748,1.180136474609375,0.45757110595703127,0.5043496398925781,-0.008177543032792528,0.04336306043156298,0.6999272780132785,0.712849623663734
1785983374.932538,1.181260009765625,0.4693870544433594,0.5031073608398438,-0.0080879269531597,0.04283622904321274,0.7003241470739955,0.71249261598541
1785983374.952337,1.1824818115234375,0.48116598510742187,0.5019388122558593,-0.007653483178185922,0.04255836912876765,0.7005200050267636,0.7123215103633976
1785983374.962360,1.183135498046875,0.4870279235839844,0.5013835144042968,-0.007880746073267164,0.04251194973061099,0.7005814538474892,0.712261371476154
1785983374.972741,1.183785888671875,0.49285513305664064,0.5007779235839844,-0.007642177007143795,0.04209891494946432,0.7006694968317587,0.712201900959302
1785983374.993825,1.185093994140625,0.5045100402832031,0.49970938110351565,-0.00766652299659436,0.04211812723457657,0.7015857903237664,0.7112978667737131
1785983375.012534,1.1863551025390624,0.5161410522460937,0.49863018798828124,-0.008504462135026222,0.04102388135789017,0.7038299385983278,0.7091319539588918
1785983375.032638,1.1875386962890624,0.5277135009765626,0.4976308288574219,-0.010445495635553588,0.039903672548975845,0.706725263797221,0.7062846467643694
1785983375.042707,1.1880821533203125,0.5335093994140625,0.4971857299804687,-0.011707781302034793,0.03916601641599579,0.7084996355353751,0.7045262330983152
1785983375.052820,1.188642822265625,0.5392613525390625,0.49674652099609373,-0.013081194763125735,0.038034472163458455,0.7105909613631951,0.7024548113185693
1785983375.072619,1.1896297607421875,0.5507525024414063,0.4959841613769531,-0.016333070960393516,0.035803689679649676,0.7154003684476713,0.6976056461975136
1785983375.082937,1.1900838623046874,0.5564744262695313,0.49563616943359373,-0.01840254720286818,0.03504904055123163,0.7182107542206724,0.6946986628505126
1785983375.103026,1.1909595947265625,0.5678927612304687,0.49507290649414065,-0.02093784715100268,0.03289308768921688,0.724483877446932,0.6881880216427643
1785983375.122907,1.191700439453125,0.5792005615234375,0.494595947265625,-0.02382066247837726,0.030458591989900887,0.7311542191763489,0.6811155220388457
1785983375.134497,1.1920220947265625,0.5848363037109375,0.49438162231445315,-0.02499288059987144,0.029797396403369973,0.7348411549659781,0.6771232820915646
1785983375.152610,1.19258154296875,0.5960436401367187,0.4940982666015625,-0.02652380608639316,0.02706991613229688,0.7427126157495033,0.6685369553862597
1785983375.162804,1.19279736328125,0.6016599731445312,0.4939549560546875,-0.026964681332909166,0.02612937602361737,0.7469992251693401,0.6637637377900453
1785983375.182468,1.193090087890625,0.6127711791992188,0.4937806396484375,-0.027876308403361864,0.023776936991010824,0.7558246026895528,0.653748239547664
1785983375.192713,1.1931832275390626,0.6182742919921875,0.49375067138671874,-0.028424542037829608,0.022806021458355166,0.7604193005768896,0.6484091390589226
1785983375.203694,1.1932423095703124,0.6237879638671875,0.493680419921875,-0.02828333710379227,0.022206368134501234,0.7648885419707413,0.6431581870516444
1785983375.222527,1.19321435546875,0.6346696166992187,0.49364706420898435,-0.0276412766738488,0.02020774692987752,0.7745924947708999,0.6315331241942845
1785983375.233045,1.193181640625,0.6400624389648437,0.4936670227050781,-0.027312884450512886,0.019790982360537304,0.7796444738791494,0.6253133852388597
1785983375.252472,1.1929290771484375,0.65078076171875,0.49375946044921876,-0.02583698922629332,0.018407176595130605,0.7903707328650355,0.6118069074887386
1785983375.262453,1.1927930908203126,0.6561240234375,0.4938127746582031,-0.02444707503651421,0.01741195320546174,0.7951251145349431,0.6057022567362954
1785983375.272501,1.192573486328125,0.6613817138671875,0.4939056701660156,-0.024002592303106644,0.01746886406357254,0.8005679931132652,0.598506136212646
1785983375.282499,1.1923128662109375,0.666633056640625,0.49400067138671877,-0.02289523844346853,0.01676203315419186,0.8060432677393218,0.5911760315484922
1785983375.292701,1.192018310546875,0.6718265380859375,0.4941146545410156,-0.022115811382683728,0.016577397275502476,0.8115131620949809,0.5836800895667373
1785983375.312827,1.1913297119140625,0.68212744140625,0.4943544921875,-0.0203406157673926,0.015679377954939507,0.8226982492364938,0.567897864880858
1785983375.332397,1.190439453125,0.6922387084960937,0.4946347351074219,-0.018775462476178367,0.015956230358062318,0.8337698708876574,0.5515620534208829
1785983375.342372,1.189982177734375,0.6972150268554688,0.494787109375,-0.018459678306470596,0.015792482966525027,0.8394492546433293,0.5428948455022878
1785983375.352558,1.1895008544921875,0.7022373046875,0.4949366760253906,-0.018248719558973437,0.01627891950268972,0.8448708408010619,0.5344110855946463
1785983375.363195,1.18894873046875,0.70712353515625,0.4950944213867188,-0.01793980479627896,0.016775541461823466,0.8505885263878683,0.5252579163350133
1785983375.373713,1.1883935546875,0.7120181274414062,0.49528887939453126,-0.01764511837606459,0.016886515981554155,0.8560706389260133,0.5162814469954456
1785983375.383541,1.18776953125,0.716803955078125,0.49542779541015625,-0.01789304025379604,0.01687265994876215,0.8618413026946193,0.5065813987308231
1785983375.403716,1.18650341796875,0.7263094482421875,0.4957728881835938,-0.017568433246784,0.017719085728181476,0.8726021147955021,0.48779393065431503
1785983375.422374,1.185189697265625,0.7355026245117188,0.49606472778320315,-0.017679170402072196,0.018519221822090367,0.8837649263068381,0.46723017060909317
1785983375.432472,1.1844349365234375,0.740064697265625,0.49626544189453126,-0.017556156582543492,0.01864273125545111,0.8891050854826771,0.4569861842111154
1785983375.443189,1.18369384765625,0.744541748046875,0.4964050598144531,-0.017832567561814915,0.01929479987074362,0.894510727026446,0.4462737644146114
1785983375.463936,1.1822083740234375,0.7534671630859375,0.49678964233398437,-0.017812710152323493,0.01973503195469172,0.9048558808140835,0.42488713900449065
1785983375.473899,1.1814180908203125,0.7577687377929687,0.49693368530273435,-0.018434424833723585,0.019994703770474943,0.9100465913127036,0.4136128537078217
1785983375.493268,1.1791397705078126,0.7649562377929687,0.4966822509765625,-0.019951848141713118,0.005654668081699507,0.919839980900311,0.3917452731042399
1785983375.512524,1.1784390869140624,0.7749729614257812,0.4977262878417969,-0.01794112359144671,0.02354006055476372,0.9280412909138004,0.371299541684604
1785983375.523239,1.177736083984375,0.7791497192382812,0.4978552551269531,-0.01736517272116559,0.024332978158334535,0.931926763326235,0.36141232039966903
1785983375.533176,1.177085693359375,0.7833549194335937,0.4979616394042969,-0.01638882132164936,0.025187515878854226,0.9356860652584139,0.35155167216804756
1785983375.543096,1.17647314453125,0.7874547729492187,0.4980999755859375,-0.016034089816247907,0.02662906783032035,0.939427294148013,0.34133587079608263
1785983375.563236,1.1751480712890625,0.7961650390625,0.4980633544921875,-0.017388982074718548,0.03369094816844047,0.9461528495014093,0.3214923365522015
1785983375.582583,1.1740546875,0.8043114624023437,0.4980751953125,-0.015447270557839796,0.03542518666189299,0.9521680624479932,0.3031211154577999
1785983375.592790,1.173681640625,0.8081312866210938,0.4981151123046875,-0.01359511773703344,0.03628583476655414,0.9553534612088127,0.292913404788572
1785983375.602809,1.17343798828125,0.8116248779296875,0.4983775634765625,-0.009082262825370564,0.03325616194524393,0.9583924092176468,0.2833646628608789
1785983375.612758,1.17283154296875,0.8158644409179687,0.49821401977539065,-0.009566703191433797,0.03416614008182753,0.9604768346666854,0.276089462503835
1785983375.624064,1.1722919921875,0.8201073608398437,0.4981105041503906,-0.010384207000504584,0.03688439248891266,0.9628750333626296,0.2672140898483357
1785983375.642840,1.17150341796875,0.8280814819335938,0.4979619750976563,-0.008493001468026408,0.03910742208178628,0.967099290809533,0.251231843653884
1785983375.662559,1.1705238037109376,0.836583984375,0.49752297973632814,-0.010597603510630205,0.042760527672781,0.9707320686799358,0.23608999308525203
1785983375.672771,1.17027734375,0.8404820556640625,0.49747760009765624,-0.00950422425950008,0.04189345071411725,0.9726923280941849,0.22808824503770384
1785983375.682978,1.1698074951171875,0.8447841186523437,0.4972139587402344,-0.010887892819241312,0.043939427390525726,0.9741268071745629,0.22142209469632612
1785983375.702482,1.1692181396484376,0.8531220703125,0.496781982421875,-0.011511477155542592,0.044812737601532066,0.9771302137061323,0.20754722193704078
1785983375.712347,1.16906689453125,0.8571605224609375,0.4966455078125,-0.010393079615857854,0.04343824606739522,0.9784990107483071,0.20135735618171222
1785983375.722705,1.1687431640625,0.8615287475585938,0.4964012145996094,-0.011912630711587616,0.045012287185232244,0.9797395525037274,0.19478808665078864
1785983375.734231,1.16848388671875,0.8658345947265625,0.49616094970703123,-0.012717479656591537,0.045619158145217734,0.9808643348535024,0.1888446989103753
1785983375.752381,1.1680711669921875,0.8743828125,0.49566705322265625,-0.013607464112371813,0.04456163020603106,0.9830978221980553,0.17705300049661243
1785983375.762754,1.1679185791015625,0.8787037963867188,0.4954041442871094,-0.014652035926463225,0.04467979183666136,0.9840646133327475,0.17148138084324402
1785983375.772895,1.16777099609375,0.8830836181640624,0.4951611328125,-0.015231747432768866,0.04402905969176996,0.9850335642982686,0.1659467167560593
1785983375.782868,1.1676514892578125,0.8874110107421875,0.49491152954101564,-0.016225110508360684,0.043697600053657575,0.9859987294307864,0.16010546073144205
1785983375.803041,1.1674427490234376,0.89618017578125,0.49430279541015626,-0.018661607117309423,0.041431818576841535,0.9876283969581738,0.15008431880323458
1785983375.813244,1.1673919677734375,0.9005608520507813,0.4940542297363281,-0.01899183199181137,0.04047203945562091,0.988405204809785,0.14510849692353772
1785983375.832251,1.1671856689453124,0.909582763671875,0.49342141723632815,-0.020991100435230718,0.036590674632694255,0.9897111567544761,0.1367198724049517
1785983375.842775,1.167132080078125,0.91402294921875,0.4931351318359375,-0.022658480135052974,0.03568478147606872,0.9903484180999215,0.13199700932110436
1785983375.862406,1.167068603515625,0.9230587768554688,0.49256149291992185,-0.02436657365633236,0.03279202814384346,0.9915103478937729,0.12344302695855407
1785983375.872489,1.1670379638671875,0.927535400390625,0.492265625,-0.02529701526765475,0.03150009322313836,0.9920657300942775,0.11905210787528737
1785983375.882852,1.1670308837890624,0.9320717163085938,0.49199691772460935,-0.026370314433558483,0.030306825994787633,0.9925768606394793,0.11479232860305348
1785983375.902470,1.1670125732421874,0.9410899047851562,0.49147735595703124,-0.02755441114667763,0.02711007762004006,0.9934657416059803,0.10738532513428764
1785983375.913309,1.1670208740234376,0.9456091918945313,0.49119305419921877,-0.027991838227784338,0.0261828091372703,0.9938910570139367,0.10349628739284816
1785983375.932821,1.166999267578125,0.9546788940429688,0.49072857666015623,-0.02900797811581041,0.02323841392464338,0.9946359550814331,0.09652893243254752
1785983375.943463,1.1669700927734374,0.9591953125,0.4904813842773437,-0.029150058178091506,0.02245397297144645,0.9949906243428882,0.09295022717261084
1785983375.962836,1.1669134521484374,0.968308837890625,0.4899924011230469,-0.030153350043717837,0.02025235542900653,0.9955787299636135,0.08662334758711304
1785983375.972779,1.1669019775390626,0.9728589477539062,0.48980859375,-0.030421064307689864,0.019520282913151766,0.9958368680736955,0.08368064020338886
1785983375.992797,1.16676123046875,0.9819503173828125,0.48935470581054685,-0.030623708987996972,0.01866956299418142,0.9963107078487788,0.0779655020962964
1785983376.002934,1.166697021484375,0.9864339599609375,0.4891659240722656,-0.03077520077904501,0.01806357918473117,0.9965096521704435,0.07546593447319237
1785983376.012794,1.1666693115234374,0.99096142578125,0.4890433654785156,-0.031032118118765165,0.01755410645782644,0.996717721316926,0.07268177141749939
1785983376.032437,1.1664891357421876,0.999790283203125,0.4887474365234375,-0.030968925120503928,0.016742226689344726,0.9971196520158504,0.0671790054773827
1785983376.042386,1.16638232421875,1.0042443237304688,0.4886961059570312,-0.03020041626080153,0.016081915136103415,0.9973063549147191,0.06487942619904966
1785983376.055366,1.1662894287109375,1.0086444091796876,0.48859765625,-0.03126723424784731,0.015837679299638103,0.9974346560034838,0.062415055315742755
1785983376.072475,1.16606103515625,1.0174331665039062,0.48847341918945314,-0.03117456334831078,0.015096455157850327,0.9977145901606805,0.05801582463104813
1785983376.082837,1.16588427734375,1.0217943115234376,0.4884255065917969,-0.031781615165932725,0.014855675019660989,0.9978284279483597,0.0557464346223
1785983376.092967,1.16568896484375,1.02609130859375,0.48838421630859374,-0.03181431863736604,0.014414082281238074,0.9979557734825812,0.05351962339930207
1785983376.112612,1.165293212890625,1.0347369384765626,0.4883890686035156,-0.03282165257908363,0.0140332862878191,0.9981293019039007,0.049635684637736065
1785983376.133559,1.164795654296875,1.0432569580078126,0.4884264831542969,-0.033617354813569415,0.014048120785317992,0.998282932800126,0.04586616983168192
1785983376.153455,1.1642459716796876,1.0516241455078126,0.4885267333984375,-0.034234347273340245,0.0141658787110909,0.9984033101157457,0.04263985451429406
1785983376.173643,1.1636748046875,1.05993212890625,0.48869305419921877,-0.03438412463402053,0.013937331924701637,0.9985320373337216,0.03946218155329558
1785983376.192444,1.1629520263671875,1.068087890625,0.48890151977539065,-0.03529207469503333,0.013718467670149623,0.9986158268433561,0.036506266558451364
1785983376.202717,1.16258203125,1.0721705322265624,0.48902224731445315,-0.035471271132114235,0.013725393499670087,0.998660083967634,0.035091742247085174
1785983376.213682,1.1622025146484376,1.0762109375,0.48919097900390623,-0.03600046432511452,0.013637271189087105,0.9986814135299079,0.033962175600617456
1785983376.232822,1.1613536376953124,1.084155029296875,0.48950021362304685,-0.03661266051232666,0.013377990439637964,0.998766936097717,0.030743134835077124
1785983376.242884,1.160857421875,1.0881051025390625,0.489659912109375,-0.03717412445829052,0.013130302401292294,0.998763429995442,0.030286949786855488
1785983376.263402,1.159893310546875,1.0958798828125,0.4900372314453125,-0.038524170399860155,0.013214026237557602,0.9988070838212785,0.026938779700292043
1785983376.282471,1.158751220703125,1.103587158203125,0.4904732666015625,-0.03912168189312997,0.012956492151599946,0.9988348476167268,0.025111256177270405
1785983376.292894,1.15817333984375,1.1073499755859375,0.4906651611328125,-0.03945592632275292,0.013046727819346581,0.9988575533819645,0.023592138014589353
1785983376.313838,1.156869384765625,1.1148426513671874,0.49117205810546877,-0.04042974327071225,0.01244104965463092,0.998863878680622,0.021945569125221324
1785983376.334298,1.155514892578125,1.1222939453125,0.4917305603027344,-0.04148799835141081,0.013380898570598891,0.9988551739255211,0.01969843940818912
1785983376.352717,1.1539368896484374,1.1295438232421875,0.4921717224121094,-0.04201335740797529,0.012316973132567487,0.9988744108107396,0.018250760367537176
1785983376.363151,1.1530947265625,1.133133056640625,0.4924289245605469,-0.04226974229661202,0.011875176751232204,0.9988844729191423,0.017379487811943026
1785983376.382886,1.1513310546875,1.140260986328125,0.4930453796386719,-0.043277424546582274,0.01221391589427513,0.998857926337006,0.016147130729074324
1785983376.402878,1.1494310302734374,1.147281982421875,0.49366848754882814,-0.04348510388805486,0.012523512251839173,0.9988677499226591,0.014677238434951669
1785983376.413928,1.1484913330078126,1.1507425537109375,0.49396170043945314,-0.04387714220820147,0.012446775861444376,0.9988586797057651,0.014185451468794947
1785983376.432619,1.146400390625,1.1576171875,0.49460964965820314,-0.04397112339313277,0.012290773692185977,0.9988712109047643,0.013106386930450355
1785983376.442531,1.145302001953125,1.1610067138671876,0.4949451904296875,-0.043895725393589415,0.012292903927063442,0.9988762307993085,0.012974565945743427
1785983376.452762,1.1442127685546875,1.1643782958984374,0.49528704833984377,-0.04417945071415914,0.012507855250485362,0.9988695400873142,0.012303220033867369
1785983376.463718,1.143048828125,1.1676806640625,0.495610595703125,-0.04416097471909051,0.012596659639506028,0.9988721134433849,0.012068141466898283
1785983376.482706,1.14068408203125,1.17424853515625,0.49633084106445313,-0.044020809285060636,0.012658323762859634,0.9988841671041461,0.011504493861768158
1785983376.492720,1.139438232421875,1.1775189208984376,0.4966878662109375,-0.04335751619151947,0.012062345032470036,0.998923407624621,0.011254463307502486
1785983376.502725,1.1381915283203126,1.180739501953125,0.4970411682128906,-0.042856735374265494,0.01195682566098023,0.9989496242964311,0.010953743929481771
1785983376.513535,1.13693701171875,1.183954345703125,0.497441162109375,-0.043028361113940775,0.011655060611736457,0.9989506162650983,0.010506218823441302
1785983376.533553,1.13426416015625,1.1901998291015625,0.4982100830078125,-0.04224946578905127,0.010961291389050408,0.9989975434617702,0.0099368960329342
1785983376.553609,1.13149853515625,1.196404296875,0.49901193237304686,-0.04204232690817969,0.010089516276319195,0.9990177620496283,0.009703352893600237
1785983376.572833,1.1286383056640625,1.20241259765625,0.4997704467773437,-0.040953353282523704,0.00944046662742813,0.9990712039748534,0.009509551574918798
1785983376.582783,1.12717626953125,1.2053748779296876,0.5002098999023438,-0.041136672337857935,0.009142508668447737,0.9990696528121724,0.009166434718842806
1785983376.592747,1.1256575927734376,1.20832080078125,0.5006336059570312,-0.04100752917176985,0.008760998771059797,0.999079541433002,0.009038494023243806
1785983376.603722,1.124125244140625,1.2112149658203124,0.5010415649414063,-0.04074966144456433,0.007969116113935335,0.999098430962276,0.008848012275405473
1785983376.613897,1.12255908203125,1.214083740234375,0.5014888305664063,-0.040580358452202606,0.007475327361052292,0.9991086623307995,0.008901852336682867
1785983376.633399,1.11938134765625,1.21969189453125,0.5023711853027344,-0.04038271634962491,0.006461379898888397,0.9991257616071448,0.008671767770562921
1785983376.643787,1.117703369140625,1.222456787109375,0.5028475341796875,-0.04050667038055168,0.006157950895801404,0.9991254334946962,0.008346664726344407
1785983376.662534,1.1143629150390626,1.227854736328125,0.5037593078613282,-0.04047051274903127,0.005824525098347009,0.9991310486769709,0.008084259789332122
1785983376.673054,1.112613525390625,1.2304759521484374,0.5042414855957031,-0.040920715832250605,0.005244515023635211,0.999119445423582,0.007637803865612553
1785983376.692535,1.1090443115234374,1.235645751953125,0.5051825256347656,-0.041629164367270606,0.004918890026458498,0.9990935165869385,0.007414180494867242
1785983376.702707,1.10716064453125,1.238263671875,0.5056542053222656,-0.04189210237149911,0.005126268618748464,0.9990831210001252,0.007190035915019605
1785983376.712812,1.105289794921875,1.2407327880859376,0.5061485595703125,-0.04241298057659644,0.0050294839968680815,0.9990646338894953,0.006759438697476318
1785983376.722820,1.103406005859375,1.2432396240234376,0.5066146240234375,-0.04301350514246473,0.004838950157932335,0.999039188383898,0.006864074772417919
1785983376.733948,1.1014154052734375,1.24562060546875,0.5070805358886719,-0.043729755944749024,0.00448442102082917,0.9990095956091416,0.006886521953514904
1785983376.752261,1.097467529296875,1.25035693359375,0.5080267639160156,-0.04463864124434053,0.004671658780245953,0.9989695455235508,0.006739306405301508
1785983376.762256,1.0954217529296875,1.2526546630859374,0.508503173828125,-0.0449671977106688,0.004401508362356488,0.9989580448111767,0.006434244871498304
1785983376.773000,1.09337890625,1.2549195556640624,0.5089403076171874,-0.045960184566496046,0.00466993868914009,0.9989127641307628,0.006256923917180805
1785983376.792865,1.0891151123046876,1.259282958984375,0.5098550109863281,-0.04688529987769938,0.004403385803496398,0.9988714272157476,0.006184530106939207
1785983376.802884,1.0869639892578125,1.261411376953125,0.5103052978515625,-0.04686736649787612,0.004525647798413594,0.9988706738566029,0.006352285445919904
1785983376.813556,1.0847476806640626,1.2635179443359374,0.5107706909179688,-0.04705078342591632,0.004633764766493563,0.9988655271304142,0.005692981460148823
1785983376.832486,1.080276611328125,1.267603515625,0.511673583984375,-0.04733936897134544,0.004323250472643862,0.9988532345524406,0.005701376848377205
1785983376.842509,1.0779556884765624,1.2695458984375,0.5120631713867188,-0.04745963024485255,0.004457866799588422,0.9988494378457772,0.005244896123039726
1785983376.852561,1.075580078125,1.2715250244140626,0.5125341186523438,-0.04723578302409067,0.004369656879202335,0.998861417189443,0.005055664826760046
1785983376.873408,1.070802001953125,1.2753016357421876,0.513431640625,-0.04752544788179853,0.004677429172973507,0.9988478341244819,0.004740631460381981
1785983376.892711,1.065832763671875,1.2789202880859376,0.51425439453125,-0.047589671852694373,0.00562560910667874,0.9988431273740913,0.003998027909917832
1785983376.902736,1.0632789306640624,1.28065087890625,0.5147301635742187,-0.047773144531114656,0.006244201405500474,0.9988312671598526,0.0038499126183518372
1785983376.922454,1.0581051025390624,1.284112060546875,0.5156072998046874,-0.047519407089735496,0.006624112984122009,0.9988415385611077,0.0036902443995373135
1785983376.932789,1.05550341796875,1.28574951171875,0.5160162963867188,-0.04767179521084879,0.006775638037182227,0.9988346238385483,0.0032997903842650195
1785983376.942846,1.052770263671875,1.28732958984375,0.5164791259765625,-0.0469601938433709,0.007286139324613778,0.998866190984992,0.0028245917841159965
1785983376.962533,1.0473094482421874,1.2904813232421875,0.5173497924804688,-0.04716695223905335,0.007692512220763956,0.9988539207925765,0.00263559850821813
1785983376.972441,1.04453857421875,1.2920020751953125,0.5178170776367188,-0.04725726955764501,0.008196333081879701,0.9988459917066062,0.002500159633557968
1785983376.984189,1.0416715087890625,1.293488525390625,0.5182260131835937,-0.04768543573308238,0.008191287856383123,0.9988259262878303,0.002399421726275386
1785983377.003067,1.03595751953125,1.2963203125,0.5190881958007812,-0.04695171859168757,0.008636475893904861,0.9988566284528606,0.002528474360887243
1785983377.022388,1.0300797119140626,1.299035888671875,0.5200394287109374,-0.04597155595632461,0.00877637625857767,0.9989009196608967,0.002555936769486885
1785983377.032771,1.0271058349609374,1.3003936767578126,0.5205374145507813,-0.045415831774256746,0.008861820203879822,0.9989261523895067,0.0023296870276296594
1785983377.052638,1.02105859375,1.3029583740234374,0.5214677734375,-0.04569293354433667,0.009566797632968528,0.9989064988115545,0.002538934288665523
1785983377.062726,1.0179888916015625,1.3041697998046875,0.5219857788085938,-0.04535700787901002,0.009195904073067996,0.998925533326346,0.002437790486413273
1785983377.073403,1.0148645629882813,1.3053516845703126,0.5225003662109375,-0.044794992835545604,0.009158970559955393,0.998950288095122,0.002798387890468315
1785983377.083656,1.0117341918945313,1.3065482177734375,0.5230262451171875,-0.04432461558724839,0.008939837012133963,0.9989733492319696,0.002766515421721005
1785983377.103366,1.0053661499023439,1.3088294677734376,0.5240962524414062,-0.043523690020795446,0.008758879889139709,0.999010803799065,0.002526910217280285
1785983377.122360,0.9988890991210938,1.31098876953125,0.5252056274414062,-0.042856695118018366,0.008873032055617177,0.9990377042913247,0.002870500987085923
1785983377.132429,0.9956022338867188,1.312022216796875,0.5257613525390625,-0.04276227117845445,0.008363344732437423,0.9990456616865288,0.003033866726381465
1785983377.142468,0.9923204956054688,1.313056640625,0.5263435668945312,-0.04198237887921021,0.008475352185026593,0.9990766703126033,0.0033838585412700128
1785983377.153684,0.988981689453125,1.3140614013671874,0.526896240234375,-0.04214339010687314,0.008125227006921091,0.9990739110462631,0.0030405717996239414
1785983377.173312,0.982236328125,1.315935302734375,0.5280658569335938,-0.041464030209147906,0.007948978463243533,0.9991026070437161,0.0033946188141113693
1785983377.193917,0.9754037475585937,1.3177608642578125,0.5292427978515625,-0.041288289272929164,0.0074335803044356516,0.9991124655095884,0.0037822659917391864
1785983377.213330,0.9684296264648438,1.319454345703125,0.5304107666015625,-0.04059335867505239,0.00732107740796824,0.9991404967278507,0.004105502884306989
1785983377.223583,0.9649140014648437,1.320222900390625,0.5309931640625,-0.04031191680084451,0.007381563716735394,0.9991497880940694,0.00448933229571069
1785983377.234452,0.9613804931640625,1.32100048828125,0.5315936889648437,-0.040094418932382886,0.007170425265607867,0.9991596833786519,0.004576124446242416
1785983377.252684,0.9542254028320313,1.322421630859375,0.532764404296875,-0.04016689129402794,0.007063874453739114,0.9991566409805627,0.0047691158691128485
1785983377.263427,0.950603759765625,1.323110595703125,0.5333695678710938,-0.0402694001709534,0.0070314380262278525,0.9991511079681367,0.005097647625313287
1785983377.282588,0.9432783203125,1.32432666015625,0.5345863037109375,-0.03975680523505841,0.006790302929279792,0.9991722704566132,0.005297665153034509
1785983377.293655,0.9395985717773437,1.3249149169921874,0.5351653442382812,-0.03949677074543914,0.006537450745949932,0.9991820984084316,0.0056925637607637145
1785983377.312541,0.9321463012695312,1.325980712890625,0.5363666381835938,-0.03976861207570798,0.006197533579672383,0.9991721064080387,0.0059282338412092635
1785983377.323678,0.9283681030273437,1.32651953125,0.536972412109375,-0.039805620502528075,0.0063134893581342595,0.9991681617773884,0.0062169177209977266
1785983377.342623,0.92074072265625,1.3274053955078124,0.5381692504882812,-0.03981021667186574,0.0059572099869349025,0.9991688403444505,0.0064243834434887905
1785983377.353443,0.9169025268554688,1.327807861328125,0.5387828369140625,-0.03955502998971243,0.00627214461357329,0.9991733815121583,0.0069726118490718815
1785983377.372752,0.9091341552734375,1.32850830078125,0.5399905395507812,-0.03935051313561716,0.006580110603081497,0.9991805474179071,0.006817354548161757
1785983377.392739,0.901247802734375,1.3291513671875,0.5412000732421876,-0.03893409898569543,0.006403531180536555,0.9991984134898177,0.006757644036495461
1785983377.406196,0.8973212890625,1.32945361328125,0.5418157348632813,-0.039147350385493204,0.007184357753546163,0.9991832019963773,0.0069859212858514545
1785983377.422610,0.8893439331054688,1.3299385986328125,0.5430553588867187,-0.03935853112420791,0.0074834307874497635,0.9991732547474941,0.006907281157705734
1785983377.432936,0.885324951171875,1.33016259765625,0.5436630859375,-0.03915421072535463,0.008024196950464286,0.9991763940323868,0.007006676667987542
1785983377.443068,0.8812962036132812,1.3303505859375,0.5443076782226562,-0.03926795438466395,0.008165565098200503,0.9991695934787821,0.007174828909640316
1785983377.463504,0.873147705078125,1.330672119140625,0.5454847412109375,-0.0394405629740827,0.008617178300499939,0.9991576178299785,0.007365632776146822
1785983377.483577,0.8648819580078125,1.3308677978515624,0.5467164916992188,-0.03945772935606129,0.00973274968037133,0.999146507043636,0.007389429400482854
1785983377.493759,0.8607515258789062,1.3310028076171876,0.5473341064453126,-0.04003975347970236,0.009577850497950121,0.9991242179862773,0.007474887756334627
1785983377.505344,0.8565563354492187,1.331021728515625,0.5479371337890625,-0.039966496314139684,0.010000219826823784,0.9991208249948286,0.007762535137406601
1785983377.522484,0.8481051025390625,1.331127197265625,0.54918359375,-0.0400302087795843,0.010205693059502847,0.9991180658504305,0.007517734370918827
1785983377.532508,0.8438333129882812,1.3310982666015625,0.5497379760742187,-0.03999664242479399,0.010442092900350778,0.9991149412966283,0.007782706382603975
1785983377.542835,0.8395462646484375,1.3310926513671875,0.5503547973632813,-0.04018712400475178,0.010167646285591511,0.9991130173421708,0.007402594349927056
1785983377.553350,0.83525,1.331039794921875,0.5509663696289062,-0.03987095910198792,0.010328096416874254,0.9991212947943318,0.007763455472777019
1785983377.564538,0.8309065551757813,1.3309757080078124,0.5515651245117188,-0.039966380280643546,0.010038977237049197,0.9991211158231186,0.0076743016930553715
1785983377.583568,0.8221527709960937,1.3308162841796876,0.5527301635742188,-0.03984248144226172,0.010399764293475456,0.999122622163163,0.0076427010493424945
1785983377.593971,0.817767333984375,1.3306712646484375,0.5533565673828125,-0.04040850393035862,0.010270046814663546,0.9991008471258087,0.007692705825664146
1785983377.614678,0.8088727416992187,1.3304227294921875,0.554524169921875,-0.04036620169889298,0.010872047385807474,0.9990970364454789,0.007581202175983607
1785983377.632870,0.7999032592773437,1.3300802001953125,0.55579052734375,-0.04034585280568061,0.011211859722503032,0.9990948141633519,0.0074881119325247636
1785983377.652635,0.79075830078125,1.329684326171875,0.5570645141601562,-0.04089308342570316,0.01159654087034164,0.9990671992855145,0.007615683386611671
1785983377.662648,0.7861497802734375,1.3294600830078125,0.5576483764648438,-0.04075396007750115,0.0121237219323148,0.9990644847383613,0.007891331899536667
1785983377.672863,0.7815164184570312,1.3291976318359375,0.558269775390625,-0.041467677051379444,0.012480717663880316,0.9990323496073303,0.007682502429446833
1785983377.683008,0.7768484497070313,1.32895361328125,0.558895263671875,-0.04168030039282878,0.012863364235925217,0.9990210509807761,0.007364433761591134
1785983377.702568,0.7674486694335938,1.3284307861328124,0.5601193237304688,-0.04240343061462899,0.013715064092286948,0.9989803077434172,0.007225220365673435
1785983377.712598,0.7626889038085938,1.32816162109375,0.560743408203125,-0.04241236982789696,0.013933175713377922,0.9989752436225243,0.007450399083361138
1785983377.723031,0.757911865234375,1.3278450927734375,0.5613341064453125,-0.042599284343365476,0.014783652799121806,0.9989562175132983,0.007294916593477681
1785983377.744114,0.7482901611328125,1.327213134765625,0.56255712890625,-0.04220625510070503,0.015192496326675487,0.9989686505312299,0.0070327931425020074
1785983377.762830,0.738620361328125,1.32651318359375,0.56380908203125,-0.042315612955151856,0.015268523920468248,0.998965063095628,0.006713029591332357
1785983377.773617,0.7336842041015625,1.326146728515625,0.5644251708984375,-0.04170503531597309,0.015200699358110949,0.9989908386460499,0.006849966923348804
1785983377.792919,0.7238245239257812,1.3253714599609374,0.5656500854492188,-0.0415035031301026,0.015306701479806905,0.9989998405406775,0.006516896728790693
1785983377.803149,0.7188637084960937,1.3249697265625,0.566300537109375,-0.041381022670072175,0.015288062852924066,0.9990080070609075,0.006073420466145957
1785983377.814018,0.7138466796875,1.32459814453125,0.566924560546875,-0.04117356341819265,0.015649881550581977,0.9990113706037108,0.006008003784964889
1785983377.833453,0.7038251342773437,1.3237408447265624,0.5682251586914062,-0.04062000830413703,0.015114970217128201,0.9990413063815414,0.0061670115744298405
1785983377.844065,0.6987471313476562,1.3233377685546874,0.5688938598632812,-0.04045547145415927,0.015352309924948956,0.9990462955906375,0.005845550944142628
1785983377.862806,0.6885648803710938,1.3224591064453124,0.5702362060546875,-0.039287735840308445,0.01565251866982015,0.9990875134097583,0.005968099827974234
1785983377.882765,0.678342041015625,1.3215751953125,0.5716177978515625,-0.03859688290510659,0.015538114643396873,0.9991172604771155,0.005791739429860691
1785983377.892703,0.6732020874023438,1.32113134765625,0.5723143310546875,-0.03838120979801015,0.015377428963884804,0.9991286847860216,0.0056834623806048205
1785983377.903085,0.6679924926757812,1.3206650390625,0.5730477294921875,-0.03776980155110572,0.01521071607934102,0.9991539490470775,0.005783080433761638
1785983377.913079,0.6627879638671875,1.320200439453125,0.5737600708007813,-0.038196249429763796,0.015731916072627576,0.9991316750698498,0.005426621108372336
1785983377.924405,0.657546875,1.3197589111328125,0.5745227661132812,-0.038112775238648956,0.015669730433895655,0.9991351425947538,0.005553289988539307
1785983377.942530,0.6470542602539062,1.318857177734375,0.5759956665039062,-0.03791130405585563,0.015768837019317587,0.9991434198636171,0.005149170456928259
1785983377.952654,0.6417182006835938,1.3183707275390626,0.576718505859375,-0.03769032519475893,0.016177080491183236,0.9991446800904291,0.005259081397465117
1785983377.962805,0.6364044799804688,1.3179451904296875,0.57746484375,-0.038441650854562026,0.016803833634072847,0.9991079091505377,0.004822106777469933
1785983377.973816,0.6310616455078125,1.31750732421875,0.5782171630859375,-0.03830453524547232,0.01720308435291648,0.9991052692865234,0.00504820384909496
1785983377.993526,0.6203353881835938,1.316694580078125,0.5797161865234375,-0.03893894145131026,0.01783175430084131,0.999072143620306,0.0045428673827517165
1785983378.012894,0.6095263671875,1.3158837890625,0.5812997436523437,-0.03890227515304307,0.019004102500178602,0.9990515457927364,0.0046331640480750625
1785983378.033251,0.598729248046875,1.315181884765625,0.5828604125976562,-0.03861482979079041,0.019702180824066107,0.999049987141868,0.004454727985773793
1785983378.052912,0.5878134155273438,1.314456298828125,0.5844476928710938,-0.038476702614950196,0.02064369717641242,0.9990366751203058,0.004370223049620891
1785983378.062739,0.5823648681640625,1.3141136474609374,0.58526220703125,-0.03804218976875332,0.021007703527071302,0.9990446847276441,0.004603494973891637
1785983378.073452,0.5769039916992188,1.3137850341796875,0.5860975341796875,-0.03806036492889303,0.021129295242027592,0.9990415823175235,0.004569114343519259
1785983378.093608,0.5659373168945312,1.3131417236328125,0.587779541015625,-0.037779517648737646,0.021719472617657717,0.9990402622987573,0.004417434532859251
1785983378.103594,0.5604344482421875,1.3128404541015626,0.5886380004882813,-0.03726417555897312,0.021794423969213966,0.9990579891848759,0.004417015199251892
1785983378.122899,0.5494111938476562,1.3123153076171874,0.5903666381835937,-0.036882236093487064,0.02216094771687962,0.9990644549081318,0.004336419706764959
1785983378.142968,0.5383109741210937,1.31173291015625,0.5921392822265625,-0.0364013499644399,0.022337434052256484,0.9990769014940317,0.004617128271234987
1785983378.162748,0.5271664428710937,1.3112557373046876,0.5939468383789063,-0.03611431660912934,0.02188500666769279,0.9990985950229476,0.00433497174278136
1785983378.173236,0.5215382690429687,1.311045654296875,0.5948695068359375,-0.035973666707522556,0.02138220132183329,0.9991135990032115,0.004552405163317258
1785983378.192760,0.5103384704589844,1.3106234130859375,0.5967008666992187,-0.036120813888894834,0.0207987356167305,0.9991208175376918,0.004505001859966595
1785983378.204283,0.5046925659179687,1.3103939208984374,0.5976317749023438,-0.03619742458987604,0.020240517834276602,0.9991289532407958,0.004625877936412454
1785983378.223080,0.49341885375976563,1.3100391845703125,0.5995184936523438,-0.0357736199561413,0.019448793957227758,0.9991595789827926,0.004703972341532683
1785983378.233205,0.48774569702148435,1.3098538818359375,0.6004503784179688,-0.03590589822443911,0.018992337563618664,0.9991623454693808,0.0049665402891369715
1785983378.244472,0.48207223510742186,1.3096690673828124,0.6013877563476563,-0.035929984354580995,0.018567915040550498,0.999169742614226,0.004909227824426336
1785983378.262528,0.4706781005859375,1.3093265380859376,0.6033218994140624,-0.035909027582905796,0.017834316100387427,0.9991842011898173,0.004839519469458314
1785983378.272767,0.4649793701171875,1.309147216796875,0.604271240234375,-0.03616831777430256,0.017469520897011495,0.9991794736538259,0.005202220594871225
1785983378.292692,0.4535271911621094,1.308823974609375,0.6062185668945312,-0.03626063672976875,0.01684245226779712,0.9991874000934386,0.0051015906526335275
1785983378.302931,0.4477662353515625,1.30862255859375,0.6071991577148438,-0.035871567142336074,0.0160689114888159,0.999212968584385,0.0053344895218622075
1785983378.322826,0.436117431640625,1.30823876953125,0.6090684204101563,-0.03618155192447403,0.014756246374487208,0.9992221921692973,0.005306068520665915
1785983378.332875,0.43031643676757814,1.3080125732421874,0.6100067138671875,-0.03655284223592212,0.01483790272812452,0.9992088451595488,0.005040191927077447
1785983378.352781,0.41858489990234377,1.3075364990234375,0.6119542236328125,-0.036938976948542805,0.012985477815116588,0.9992189560950382,0.005325262411911511
1785983378.363499,0.4126784973144531,1.30731591796875,0.6128884887695313,-0.036301447668849275,0.012297239643210672,0.999250645311141,0.005397607560969606
1785983378.382581,0.40083688354492186,1.306795166015625,0.614822998046875,-0.03591856398182644,0.011522993712590952,0.9992743481878072,0.00527783160985397
1785983378.392783,0.39486117553710937,1.30651171875,0.6157536010742187,-0.036314938910533244,0.010902971406374909,0.9992670263777719,0.005268377803321139
1785983378.402980,0.3888685607910156,1.306236328125,0.616708740234375,-0.03519179509302901,0.010329018409937038,0.9993120300560985,0.005506452758078723
1785983378.413557,0.3828913879394531,1.3059649658203125,0.6176130981445312,-0.0354425052185162,0.010689056752611621,0.9992997653380475,0.005436066745092622
1785983378.433053,0.3709007568359375,1.3053646240234376,0.6195404663085937,-0.03465644709292283,0.010595438185388757,0.9993299832442712,0.005124781416672651
1785983378.443809,0.364896484375,1.3050693359375,0.6204624633789062,-0.03395328483979451,0.010783474249106908,0.9993532667367451,0.004893731630783319
1785983378.462879,0.3529029235839844,1.3044927978515626,0.62243359375,-0.03297801842892351,0.01122217195741697,0.9993818205194531,0.004741578404384173
1785983378.473242,0.34685256958007815,1.3041656494140625,0.62340185546875,-0.032673007151126914,0.012000346985276966,0.9993841838116485,0.004442181711215346
1785983378.492770,0.3348121337890625,1.303521484375,0.6253741455078125,-0.03196055006351905,0.01307160524438963,0.9993951950394588,0.00411155068690965
1785983378.502940,0.32880661010742185,1.303230224609375,0.626400634765625,-0.03087842364374843,0.013964489679272695,0.9994172022212757,0.004095198162801793
1785983378.522748,0.31674862670898435,1.3025726318359374,0.6284404907226563,-0.030170546281317788,0.0161929250525596,0.9994074958613868,0.003490338722420942
1785983378.533194,0.31074249267578125,1.3022705078125,0.629499267578125,-0.029424193015038118,0.01728535173469669,0.9994114171824914,0.003499997150299319
1785983378.543836,0.30472637939453123,1.3019774169921876,0.6305128784179688,-0.02926965073757125,0.0183399681422206,0.999398557279155,0.0030749113158378056
1785983378.562806,0.2927276611328125,1.3014300537109376,0.6326822509765625,-0.02826984572657716,0.02004993780424562,0.9993953217759719,0.0027957088687851064
1785983378.574711,0.28671865844726563,1.30113525390625,0.633792236328125,-0.027818162422257705,0.021046964063337385,0.9993879561213648,0.002623991507251757
1785983378.592901,0.27476312255859375,1.3005784912109375,0.6360320434570312,-0.027260523894615873,0.022636806141426213,0.9993695193814981,0.0022341817795823657
1785983378.603015,0.26881008911132814,1.300342529296875,0.6372139282226562,-0.027021489130392234,0.023159538509641697,0.9993645839732845,0.0019713916367105834
1785983378.613199,0.26284033203125,1.3000689697265626,0.638351318359375,-0.026817734230911473,0.023746028753828557,0.999356427822301,0.0019120843460239021
1785983378.633186,0.2509181976318359,1.2996436767578126,0.64071875,-0.026648020188633808,0.02486336245019745,0.9993348219013537,0.001272996153182517
1785983378.652955,0.23905477905273437,1.2991934814453125,0.6431578369140625,-0.025904782825530527,0.025438053574120982,0.9993400780431314,0.0011243878895636716
1785983378.663408,0.23314811706542968,1.2989554443359375,0.6443840942382812,-0.026079992191202796,0.025035228460826498,0.9993461318913189,0.0006191788303993567
1785983378.683408,0.221340576171875,1.298662353515625,0.6468826904296875,-0.02574778226908426,0.024962732952118503,0.9993566738497669,0.0004026089802947637
1785983378.702943,0.2095714569091797,1.2983402099609376,0.6493992919921875,-0.025394888323041376,0.02433624056011954,0.9993812166489421,-0.00018461380728303014
1785983378.713157,0.2037327880859375,1.298184326171875,0.6506210327148437,-0.025637724245174503,0.024072084296183495,0.9993812986560698,-0.0005101110372282379
1785983378.733045,0.19209751892089844,1.297913330078125,0.6532268676757812,-0.025517370273224232,0.022869880413479177,0.9994123266882301,-0.0009132488513106704
1785983378.744591,0.186281982421875,1.2977833251953126,0.6544886474609375,-0.025468451539904683,0.022690047035370798,0.9994173811394672,-0.0011916794404306724
1785983378.762563,0.17472903442382812,1.297584228515625,0.6570020751953125,-0.024653081308897946,0.021559587288891797,0.9994620351365139,-0.0017495603374572991
1785983378.772975,0.16899070739746094,1.29748193359375,0.6583221435546875,-0.024798551287441198,0.021063748347987382,0.9994688262457563,-0.0018499701338784548
1785983378.792881,0.1575902862548828,1.2972930908203124,0.660869140625,-0.023837027244394005,0.01997877483469621,0.9995133735855485,-0.0023794460921320675
1785983378.802931,0.15192214965820314,1.2972528076171874,0.6621719970703125,-0.02360209460817348,0.019855079285437335,0.999521275014809,-0.0024358020798584414
1785983378.822912,0.1406619873046875,1.2971484375,0.6648043823242188,-0.023296552593578664,0.019217829097738538,0.9995396716854494,-0.0028973522924105695
1785983378.832831,0.13506581115722657,1.29710595703125,0.6660947265625,-0.02298109138594086,0.01894155136034664,0.9995510986203587,-0.003268901956665608
1785983378.853241,0.1240012435913086,1.2970238037109374,0.668717529296875,-0.022000016954266722,0.017965318875875484,0.9995921092836091,-0.002977526924058424
1785983378.872704,0.11304995727539062,1.2969364013671876,0.6714228515625,-0.020919357218876437,0.017986617435537852,0.9996127779605687,-0.0036259874239156155
1785983378.882699,0.10767626953125,1.2969241943359375,0.6727608642578125,-0.020890626433176886,0.01786663361836957,0.9996151630670812,-0.0037257555313157907
1785983378.894327,0.10225767517089844,1.2968587646484375,0.6740928344726562,-0.020014735699523455,0.017993399192112007,0.9996311505872494,-0.0036364715509779925
1785983378.912992,0.09163220977783203,1.29680419921875,0.6769415893554688,-0.01971368677754312,0.016993298273227604,0.9996549413327175,-0.0035477567769614856
1785983378.923206,0.08639276123046875,1.2967608642578126,0.678307861328125,-0.01942859201158118,0.016361100374073408,0.9996693481724378,-0.004004873446215168
1785983378.933930,0.08114842224121094,1.296727783203125,0.679739990234375,-0.019330839262558398,0.016071917131088163,0.9996765030699944,-0.0038603557301616887
1785983378.952778,0.07079170227050781,1.296623046875,0.682646484375,-0.019418022923803378,0.015024844165929316,0.9996894786441893,-0.004258822394134717
1785983378.962963,0.06564901733398437,1.296559326171875,0.6841187744140625,-0.019306291704668837,0.014382885672431147,0.9997017907507135,-0.004090946325998088
1785983378.972845,0.06054555130004883,1.2964981689453126,0.6855740356445312,-0.01947896096426915,0.013850554234950865,0.9997057630868693,-0.0041376172713564795
1785983378.992730,0.05049623489379883,1.296259521484375,0.688570068359375,-0.02048628487336751,0.01293564395207312,0.9996968271715322,-0.004386014329619246
1785983379.003204,0.04547523498535156,1.296151123046875,0.6900662231445313,-0.021111661830774037,0.012567031885252416,0.9996876154187331,-0.004587210848976242
1785983379.013324,0.040511798858642575,1.29601513671875,0.6915875854492187,-0.021394263903705687,0.011654395644298104,0.9996949341483556,-0.004061402041305957
1785983379.032783,0.030692615509033204,1.2956942138671874,0.6946676025390625,-0.02295979618106022,0.01070079700835336,0.9996707717030116,-0.004082823804110373
1785983379.042748,0.02583946418762207,1.2955015869140625,0.6962454223632812,-0.023574723426152473,0.010564374493443536,0.9996569164161448,-0.004321829266161805
1785983379.053080,0.020977542877197265,1.295307861328125,0.6978089599609375,-0.024422568165667475,0.010146757214438999,0.9996418907777267,-0.004081289353337236
1785983379.072864,0.011431151390075684,1.29483544921875,0.700966796875,-0.025378529856449984,0.009389733250633494,0.9996253966001196,-0.004102374391751844
1785983379.082915,0.006685444355010986,1.2945791015625,0.7025548095703125,-0.026613678440207667,0.009574269776755427,0.9995921912734352,-0.003937354864563009
1785983379.094838,0.0019676257371902465,1.29427587890625,0.7041307373046874,-0.02745558968744947,0.009112985286493014,0.9995718501368123,-0.004388675626887046
1785983379.112710,-0.007438295841217041,1.2936658935546874,0.70735546875,-0.029199388919160015,0.008606067388233963,0.9995290943866126,-0.0038625861457523745
1785983379.123054,-0.01209917449951172,1.2933018798828124,0.708949951171875,-0.029564175007605303,0.008673085357948564,0.9995173243079866,-0.003981560487004345
1785983379.133001,-0.01674630355834961,1.292931396484375,0.7105455932617187,-0.0306050674019141,0.009035402160773611,0.9994832655859237,-0.003857474218585463
1785983379.152847,-0.025990659713745118,1.2921419677734376,0.7137776489257812,-0.032726838902917894,0.009103822138126156,0.9994160616170523,-0.003690541690389663
1785983379.162842,-0.030608993530273437,1.2917276611328126,0.7153599853515625,-0.033227667602624154,0.009310667210328088,0.9993976552159566,-0.0036841611408885483
1785983379.172928,-0.03521518325805664,1.2912886962890624,0.7170119018554687,-0.03367923801867451,0.009568013635592957,0.9993800685484455,-0.0036941434890468755
1785983379.192661,-0.044359519958496095,1.2903642578125,0.720212646484375,-0.03556300157618978,0.009914680771677595,0.9993120375118084,-0.003525465368718606
1785983379.203055,-0.048937061309814456,1.28984326171875,0.7218377685546875,-0.035965098175103946,0.010441678822720289,0.9992935248127837,-0.003150915443982882
1785983379.213596,-0.053489925384521485,1.289319091796875,0.7234271240234375,-0.036478182209498,0.011144291904746475,0.9992675706689584,-0.003076219243817167
1785983379.233561,-0.06260987854003906,1.288242919921875,0.7266815795898437,-0.03805531172665751,0.011830570374703944,0.999202335631456,-0.00255400871082006
1785983379.253068,-0.07170902252197266,1.28702783203125,0.7298916625976563,-0.03897726699170613,0.012575554432614391,0.9991581248964743,-0.002381388607185795
1785983379.273721,-0.08078785705566406,1.28584228515625,0.7331219482421875,-0.03994533598064952,0.012751616117217876,0.999118930880305,-0.0017674631366278054
1785983379.293388,-0.08986505889892578,1.2845078125,0.736275146484375,-0.04086818688073004,0.013799737692571099,0.9990677809732306,-0.0017078775763584996
1785983379.303824,-0.094486572265625,1.2838419189453125,0.7378663330078125,-0.04109975120785182,0.014613420502463639,0.9990469220366558,-0.0015819403519460502
1785983379.313941,-0.09902735137939453,1.2831832275390624,0.7395025634765625,-0.04197711307834233,0.01462555399400797,0.999010796341107,-0.0011999603065651404
1785983379.333280,-0.10812379455566407,1.2817147216796876,0.742647216796875,-0.042451709502408466,0.015560332201387977,0.9989767054332527,-0.0011298594766451628
1785983379.343218,-0.11273636627197266,1.280976806640625,0.744226806640625,-0.042440313549485416,0.015864462594888804,0.9989726630738744,-0.0008712115936923498
1785983379.363043,-0.12194461059570312,1.2795262451171876,0.7473677368164062,-0.04209622232712844,0.016219123449100977,0.9989816800486343,-0.0006704923465425882
1785983379.372985,-0.12652535247802735,1.27878955078125,0.7489429931640625,-0.042216293014265396,0.016170328214933444,0.9989775407527085,-0.0004218256461637969
1785983379.383763,-0.1310750274658203,1.2780323486328125,0.7504854736328125,-0.04239536585460669,0.016625429094851978,0.9989625720205004,-0.000106075025520406
1785983379.394196,-0.1357468719482422,1.277260009765625,0.7520780639648438,-0.04233294150107847,0.01721246580342117,0.9989552703004297,-0.00019253727634001584
1785983379.415290,-0.14495213317871095,1.275773681640625,0.7552061157226563,-0.04281495968913012,0.01754302081983011,0.9989289418982665,0.00030483545076581366
1785983379.432982,-0.1542303924560547,1.2742685546875,0.7583065185546874,-0.04316861429389927,0.017505447725947622,0.9989140768593318,0.0008386586978358579
1785983379.443413,-0.15889527893066407,1.273463134765625,0.7598597412109375,-0.043797100308197646,0.017930871757280573,0.9988788861865179,0.0011255660248110683
1785983379.462743,-0.1682674560546875,1.2719329833984374,0.7629092407226562,-0.04426287033197378,0.018760999945405307,0.9988426947398203,0.0014481112803113325
1785983379.472806,-0.17299911499023438,1.271162353515625,0.7644492797851562,-0.04495275433320009,0.01878254626504982,0.9988117832820749,0.001220406580668871
1785983379.483042,-0.17772523498535156,1.2703701171875,0.7659884033203125,-0.04532978036635136,0.018876891704679526,0.9987919857214064,0.0018567565273983145
1785983379.493526,-0.18251739501953124,1.269536376953125,0.7674547119140624,-0.04554822758916639,0.01830853321713148,0.9987929554678814,0.0016664825453871115
1785983379.513301,-0.19210816955566407,1.2679490966796876,0.7704852294921875,-0.04634301355846697,0.01836773785858597,0.9987546348464234,0.002032342448034957
1785983379.532722,-0.20178009033203126,1.2663287353515624,0.77346826171875,-0.04719179830675702,0.018637667094236424,0.9987089943136732,0.0024342603406293318
1785983379.552701,-0.21149945068359374,1.2646527099609375,0.7764688110351563,-0.047049145197802136,0.01826011089254007,0.998721363268198,0.0029300606163498925
1785983379.564335,-0.2164278564453125,1.263834716796875,0.7780011596679688,-0.04744469977938144,0.018205425182006532,0.9987037273902735,0.0029045860593204403
1785983379.583134,-0.22632086181640626,1.2621453857421876,0.7809871826171875,-0.04758432827245001,0.017612858807818717,0.9987057118150988,0.0035248943895672563
1785983379.593033,-0.23124232482910156,1.261350341796875,0.7824783325195312,-0.047716731770589556,0.01751441823066695,0.9987016683588429,0.0033658078702381135
1785983379.612943,-0.24125698852539063,1.259574951171875,0.7854445190429687,-0.04683367408208608,0.01627124455296342,0.998762139448314,0.004005291013138094
1785983379.623385,-0.24626373291015624,1.2586734619140625,0.7869072265625,-0.04655177970591984,0.01616574764940604,0.9987758057355418,0.004300402355182711
1785983379.644050,-0.2563946838378906,1.256855712890625,0.7898235473632812,-0.04654398042094013,0.015717280352402045,0.9987828924374981,0.004400069846001661
1785983379.654585,-0.26147650146484375,1.255963134765625,0.791303466796875,-0.046151532256589745,0.015972277235608272,0.9987951038259495,0.0048224574810855686
1785983379.673077,-0.2717216796875,1.254147705078125,0.7942153930664062,-0.04544962175704279,0.015309351556424164,0.9988370406402243,0.0049505782096056355
1785983379.692658,-0.28203631591796874,1.252293212890625,0.7970755615234375,-0.04491398806965488,0.015426862785501795,0.9988589258558306,0.0050576366136226795
1785983379.702643,-0.2872274169921875,1.2513297119140625,0.7985259399414063,-0.04479306950494591,0.015447625270930285,0.9988610293175525,0.005621573852872561
1785983379.713584,-0.2924925537109375,1.2503375244140624,0.7999188232421875,-0.04449879468027339,0.01570446585697659,0.9988694282021172,0.0057515472136609415
1785983379.725320,-0.29773883056640627,1.249390625,0.80134912109375,-0.044312070803284,0.01575310494804521,0.9988756191641758,0.005981655205416826
1785983379.743794,-0.308302734375,1.2474287109375,0.8043004150390625,-0.04366913331391552,0.016025057831337747,0.9988971305942863,0.006381742880512606
1785983379.764869,-0.31892974853515627,1.245409912109375,0.8071207885742188,-0.04323082014397942,0.016888155635977918,0.9988989430826668,0.00684111930355315
1785983379.783014,-0.32957388305664065,1.2435,0.8100345458984375,-0.04276198361659929,0.016669472374384833,0.9989237954722906,0.00669272279521005
1785983379.802803,-0.34037557983398437,1.2414005126953125,0.8128862915039062,-0.04268429730785824,0.01706453678236614,0.9989199393647268,0.006768674519214638
1785983379.813487,-0.3457986450195312,1.2404088134765625,0.8143383178710938,-0.04199853511268833,0.01763317844285266,0.9989362661863281,0.007179133668991475
1785983379.825410,-0.3512142639160156,1.239349365234375,0.8157890625,-0.042103288147894394,0.017757711559819946,0.9989283899639964,0.007352423097078826
1785983379.843719,-0.3621729431152344,1.2372821044921876,0.818648681640625,-0.04155121825956805,0.018712978623436433,0.9989332156492517,0.00746643234249521
1785983379.863147,-0.37317431640625,1.2352093505859374,0.8215089721679687,-0.041433108827889094,0.01966694231418912,0.9989180150346881,0.007701661977141959
1785983379.873186,-0.37869818115234377,1.23422314453125,0.8229268798828125,-0.04148493969952473,0.02015601966631618,0.9989072670611426,0.0075500873999132375
1785983379.883527,-0.38420758056640625,1.23318896484375,0.8243784790039063,-0.04136125014311437,0.021042333782664163,0.9988934310193187,0.007640084684642812
1785983379.903628,-0.3953568420410156,1.23113037109375,0.8272364501953124,-0.0413843521734896,0.021906888180428057,0.9988743436799503,0.007580589165232837
1785983379.923154,-0.4064880676269531,1.2290491943359374,0.8301115112304688,-0.0406952292527859,0.0232607292970085,0.998870800659667,0.007743222325684446
1785983379.934762,-0.4120988464355469,1.2280379638671874,0.831556884765625,-0.04065168805910873,0.02359688968709218,0.9988635430230912,0.00789010034388997
1785983379.952684,-0.4233124389648438,1.2260145263671876,0.8344896240234375,-0.04014644990216264,0.024938158720620312,0.998851220584102,0.007911318029740377
1785983379.962901,-0.42895004272460935,1.2250247802734375,0.835974853515625,-0.03986662601250009,0.02527170523954045,0.9988536373456209,0.007962455476409355
1785983379.973255,-0.4345879211425781,1.2240247802734374,0.8374276123046875,-0.039868938021647087,0.02567353395672129,0.9988463572067788,0.007569522342843117
1785983379.983673,-0.44028683471679686,1.2230084228515625,0.83890673828125,-0.03958113619447821,0.026538449312183406,0.9988382714166082,0.007151902894607084
1785983379.993640,-0.4459415283203125,1.22200341796875,0.840388916015625,-0.03938830276464531,0.026150288111337773,0.9988593808603374,0.006683238703865312
1785983380.003722,-0.45163995361328124,1.2209378662109376,0.8418818969726563,-0.039333976234470734,0.025888234863214333,0.9988756266231431,0.005489340944613196
1785983380.014227,-0.4573564147949219,1.2198631591796876,0.8434154663085938,-0.03946940629569804,0.025387728023066405,0.9988892316867743,0.0042355433255565735
1785983380.035344,-0.46881304931640627,1.217612548828125,0.8464791259765625,-0.0391485180679793,0.024159967624877765,0.9989410545411421,0.0006653042992134765
1785983380.054071,-0.48033493041992187,1.2152845458984376,0.8497222290039063,-0.039724525093879644,0.021618979543671885,0.998964876638124,-0.00487444640978859
1785983380.072822,-0.49187396240234377,1.2128011474609375,0.8530048217773437,-0.03979014921890875,0.018451343786306987,0.9989703435576941,-0.011599286924859103
1785983380.082954,-0.4976822814941406,1.2115140380859375,0.8547117919921875,-0.039899756285693304,0.017448117431742346,0.9989363929810662,-0.01515410662249985
1785983380.093726,-0.5034654541015625,1.2102174072265626,0.8564442749023438,-0.03963265497381273,0.015895815993430387,0.9989094823017928,-0.01887899829980396
1785983380.113058,-0.5150406494140625,1.2075880126953125,0.8599183959960938,-0.039447683505107585,0.013556835948803435,0.9987519865887571,-0.02746922613780021
1785983380.123831,-0.5208275756835937,1.2062257080078125,0.861740478515625,-0.039367856440804205,0.012495087947421789,0.9986183411661145,-0.03248786106690053
1785983380.134183,-0.5265588989257812,1.2048314208984374,0.8635869140625,-0.0386840002707904,0.012015110631290642,0.9984695674182154,-0.03765248500947466
1785983380.152965,-0.538030029296875,1.2019974365234376,0.8673268432617187,-0.03731043843709867,0.010088164791091888,0.9980457626903927,-0.049100066483460963
1785983380.173292,-0.549424072265625,1.1990106201171875,0.8712119750976562,-0.03546928365447755,0.009036999143328712,0.9974416252494087,-0.06140419973306318
1785983380.192623,-0.5607018432617188,1.195885986328125,0.8751873168945312,-0.032873149286309904,0.009578687589336997,0.9965698974109937,-0.0753395024205953
1785983380.202980,-0.5663572998046875,1.1942318115234376,0.8772197265625,-0.03151969362315074,0.009145133283068435,0.9960388467654762,-0.08264076740619097
1785983380.213773,-0.5719544067382812,1.192579833984375,0.8792315673828125,-0.03051854494252204,0.009239255705176202,0.9954315377858802,-0.08999615773363268
1785983380.233241,-0.58309716796875,1.1892119140625,0.883391357421875,-0.027523876485645842,0.009635468280246305,0.9939940069035208,-0.1054775235457782
1785983380.244089,-0.5886618041992188,1.18745703125,0.88547607421875,-0.026657072739887863,0.009729635123233075,0.9931170322081783,-0.11363673184089443
1785983380.263003,-0.5996319580078125,1.183865234375,0.8896163940429688,-0.02441743847041728,0.010298132678821265,0.9910863262453572,-0.13055897682860507
1785983380.282826,-0.6105728759765625,1.18018994140625,0.8937711791992188,-0.02295157985390351,0.011027383915254943,0.9885122383582439,-0.14898043243864173
1785983380.292860,-0.615931884765625,1.178347900390625,0.8958624267578125,-0.022104988863382507,0.011232246530351877,0.9870621697475953,-0.15840923372976307
1785983380.304574,-0.621320556640625,1.176451171875,0.8979583129882812,-0.02096237303270222,0.011096136304206769,0.9856768204534558,-0.16696901881666132
1785983380.323441,-0.6318899536132813,1.1725679931640625,0.9021589965820312,-0.019493680438105385,0.011356745238374745,0.982202676090843,-0.18646425166848477
1785983380.333554,-0.6370991821289063,1.1705703125,0.9042206420898438,-0.018826031769978047,0.01142429179870686,0.9801760764832759,-0.19690079443561714
1785983380.343745,-0.6423004760742187,1.16855859375,0.9063280639648438,-0.01832608244473253,0.011154854924239233,0.9780842026072354,-0.2071014915605499
1785983380.354745,-0.647430908203125,1.1665166015625,0.9083688354492188,-0.018076552586675693,0.01112255139468472,0.9758356822876277,-0.2174724031766509
1785983380.364726,-0.6525286865234375,1.164477294921875,0.9104502563476562,-0.01724758114524553,0.01149798849988786,0.9735072446180313,-0.22771465928545276
1785983380.382845,-0.6625133666992188,1.16042626953125,0.9145654296875,-0.01774968236173992,0.011920152606004663,0.9683772646723756,-0.2485726072945647
1785983380.393022,-0.6674549560546875,1.1583466796875,0.9166000366210938,-0.017510851170614405,0.012083892972786245,0.9658016052594356,-0.2584078305388248
1785983380.412887,-0.6772274169921875,1.15417041015625,0.9206800537109375,-0.017807951359462684,0.01243358708831452,0.9599224948267885,-0.2794227618285796
1785983380.423418,-0.6820419311523438,1.1520955810546876,0.9227152709960937,-0.017195984091153423,0.012780375069771316,0.9568442492835544,-0.28981033554796076
1785983380.443156,-0.691515869140625,1.1479759521484374,0.9266983642578125,-0.017575782611795206,0.013239401513331618,0.9495551451211967,-0.31282716754473305
1785983380.455115,-0.6962547607421875,1.1458055419921875,0.9286092529296875,-0.016866067450903553,0.013042502654195246,0.9463080531243134,-0.322562390556173
1785983380.473177,-0.7053186645507813,1.1415509033203124,0.93250244140625,-0.016805162656659534,0.014581998586488832,0.9374527760373779,-0.34740069649531424
1785983380.492915,-0.7142276000976563,1.13762841796875,0.936321044921875,-0.014115797985917573,0.017098432480172506,0.9289445713566881,-0.3695542937266676
1785983380.503205,-0.7188111572265625,1.1356884765625,0.9382052001953125,-0.01637878485455672,0.018908622391572243,0.9240097367410488,-0.3815497588146034
1785983380.513113,-0.7231611938476562,1.1338157958984374,0.9400925903320313,-0.016395098726836584,0.020273590795024204,0.9191630528117567,-0.39301333565111124
1785983380.533157,-0.7320436401367187,1.1300029296875,0.943615478515625,-0.01623498424269988,0.02313203585514166,0.9105611890848476,-0.4124071478936548
1785983380.552742,-0.74093505859375,1.12637548828125,0.9469849243164062,-0.01708347310062868,0.02709967413467697,0.9015553898919385,-0.4314761084018625
1785983380.563012,-0.7453654174804687,1.12460302734375,0.9486583251953125,-0.017227293768157837,0.028387125686065676,0.8972309884746041,-0.4403111988381491
1785983380.582920,-0.7541719970703125,1.1212232666015625,0.9518602294921875,-0.017658064506980122,0.03197805564270803,0.8883425511099025,-0.45772602790499295
1785983380.595026,-0.7585274658203125,1.119595458984375,0.9534032592773437,-0.018409976030531138,0.033203937780279004,0.8840050280657777,-0.46593312867251485
1785983380.613712,-0.7673746948242187,1.1165205078125,0.956459228515625,-0.019870438115206158,0.03598902210916394,0.8752067270622111,-0.4819991268582211
1785983380.633176,-0.776179443359375,1.113601806640625,0.959416748046875,-0.021734411951199,0.03714852337848449,0.8666980926076531,-0.49697285497175087
1785983380.643090,-0.7805829467773437,1.112232177734375,0.9608598022460938,0.022202014660934365,-0.037503923732273285,-0.8625053386171823,0.5041676737706974
1785983380.653456,-0.7850181884765625,1.1108834228515625,0.96229541015625,0.02304770986719602,-0.03801517762418852,-0.858324753004381,0.5111773444175643
1785983380.663776,-0.7894899291992188,1.1095894775390625,0.963680908203125,0.023719232013498102,-0.038042876443015836,-0.854328202683642,0.5177967401568401
1785983380.682772,-0.79846875,1.107169189453125,0.96646826171875,0.02498170727132178,-0.038200469794670705,-0.8463952038029857,0.5305957341632515
1785983380.692804,-0.8029219970703125,1.106018798828125,0.9677992553710938,0.02612266406231133,-0.037953081849319024,-0.8424347696471643,0.5368247578529718
1785983380.712748,-0.8119835205078125,1.10389697265625,0.9704600830078125,0.027003431532922534,-0.03654325821416318,-0.8348722093619656,0.548565234826016
1785983380.723018,-0.8165643310546875,1.1028614501953125,0.9717820434570312,0.02694635231030822,-0.0359334581949089,-0.8313012363642672,0.5540044164899
1785983380.733073,-0.8211141357421875,1.1019423828125,0.973066162109375,0.028018834511090506,-0.034512295944794054,-0.8276255135508485,0.5595175367036818
1785983380.743122,-0.8257249755859375,1.1010401611328124,0.9743587036132813,0.028548161328633942,-0.03358822686887505,-0.8243041371606997,0.5644285137262466
1785983380.753730,-0.8303387451171875,1.1001685791015625,0.975646240234375,0.02893228039580492,-0.03224787924504019,-0.8208197220365608,0.5695419004409921
1785983380.764149,-0.8349710693359375,1.09932666015625,0.9769151611328125,0.028730688137192414,-0.030833571355636913,-0.8174125245394352,0.5745090218052257
1785983380.782864,-0.844275390625,1.097775390625,0.9794678344726563,0.028805010823837577,-0.028628571284747502,-0.8107764500749961,0.5839453719264937
1785983380.802843,-0.8536912231445313,1.0964202880859375,0.981948974609375,0.028326043471653253,-0.025318207915510853,-0.8043698573138013,0.5929129686115164
1785983380.812948,-0.8584198608398438,1.095818359375,0.9832022094726562,0.028519189025376458,-0.023954601008315504,-0.8017273918929779,0.5965283041056022
1785983380.833156,-0.867899658203125,1.094636474609375,0.9857147827148437,0.02823473674258003,-0.02043392051946015,-0.7960689364796972,0.6042015165658616
1785983380.843063,-0.8727012329101562,1.0940712890625,0.9869414672851563,0.027763475705573762,-0.018995664778701054,-0.7932933936044475,0.6079094760385407
1785983380.862612,-0.8823013305664062,1.0930731201171875,0.9894224243164063,0.0279088432664311,-0.015524654622455569,-0.7879295389826436,0.6149366718150573
1785983380.873430,-0.8871672973632813,1.0925821533203126,0.99063671875,0.027104129040966422,-0.014544667136639034,-0.7852735117602081,0.6183844560656244
1785983380.893446,-0.8968348999023438,1.0916202392578125,0.993071044921875,0.026602214615034325,-0.011530247383979793,-0.7806381301181009,0.6243104050990957
1785983380.904091,-0.9016791381835938,1.0911859130859376,0.994275390625,0.026399412497781622,-0.010478121192740773,-0.7782969224237375,0.6272536980353471
1785983380.923926,-0.91138427734375,1.090172119140625,0.9966712646484375,0.02498337245259436,-0.00801680324891116,-0.773963558604506,0.6326862903999056
1785983380.943890,-0.9211433715820313,1.08942529296875,0.99906298828125,0.024352974731324188,-0.005584774783625149,-0.7698196683842575,0.6377722385619756
1785983380.962698,-0.930873779296875,1.0886380615234375,1.0013765258789062,0.02397927001145769,-0.0033455673861753367,-0.7659290448780587,0.6424690751182958
1785983380.972729,-0.9357833862304688,1.08826171875,1.0025592041015625,0.023403128958639243,-0.0022642098270878514,-0.7641183017771411,0.644647483748698
1785983380.983337,-0.9406751098632813,1.087883056640625,1.003705078125,0.02339562329237114,-0.0014198708220534715,-0.762500757854474,0.6465626176582329
1785983381.002862,-0.9504039306640625,1.087110595703125,1.006055419921875,0.023494416652223626,0.0004460645274701919,-0.7590626241099511,0.6505933909474529
1785983381.013039,-0.955215087890625,1.0867064208984376,1.007147705078125,0.02271152992253832,0.001462942395785882,-0.7578062462298044,0.6520826136846095
1785983381.023106,-0.9600674438476563,1.08632421875,1.0083187866210936,0.022834764279777736,0.002336441869343984,-0.7561724056858692,0.6539697370165813
1785983381.033216,-0.9648832397460938,1.0858902587890624,1.0094743041992187,0.022523848609701504,0.003061809342446252,-0.7547128743685961,0.655661350161681
1785983381.044821,-0.9697229614257813,1.08550439453125,1.0106400146484376,0.022559905082530467,0.004324535040611517,-0.7530973376958972,0.6575079792956349
1785983381.062863,-0.9792240600585937,1.084673095703125,1.012846435546875,0.021925737896700256,0.00603437944760906,-0.7505175641944304,0.6604591047378224
1785983381.073047,-0.9839760131835937,1.08421484375,1.0140018310546874,0.022120477993987232,0.006995017684363322,-0.7493381379373689,0.6617810369201128
1785983381.083526,-0.9886851196289063,1.083741943359375,1.0151411743164063,0.022220062229172607,0.00817505709691337,-0.7480690859082161,0.6631983758601543
1785983381.093618,-0.9933468627929688,1.083243896484375,1.0161965942382813,0.02143054835682649,0.008691544475807047,-0.7467473395993647,0.6647056242234345
1785983381.112756,-1.002660400390625,1.0822939453125,1.0184698486328125,0.021394381132588885,0.010553515801575254,-0.7445665460605565,0.6671218592427925
1785983381.123237,-1.0072692260742186,1.081812744140625,1.0195901489257813,0.021470728112068495,0.011298139659039625,-0.7431578436682604,0.6686761495554087
1785983381.145861,-1.0163948974609376,1.0807403564453124,1.0218734741210938,0.02102325205357991,0.0130932174695318,-0.7410319850536647,0.6710128159174967
1785983381.163373,-1.02540087890625,1.079645751953125,1.02415283203125,0.02060036699821071,0.013366097236633755,-0.7394495621910322,0.6727639364092056
1785983381.182870,-1.0342841796875,1.0784737548828125,1.026466552734375,0.019723541030790718,0.014334502576083511,-0.7373797499625627,0.6750382296676977
1785983381.195659,-1.0386229248046874,1.077873046875,1.027622802734375,0.01999327231214854,0.014492279985932745,-0.7363898628914786,0.6761066584922956
1785983381.213492,-1.04729443359375,1.0766669921875,1.0300008544921875,0.01938044055106762,0.01543944167328538,-0.7348161187260244,0.6778136050389851
1785983381.234906,-1.055786376953125,1.07535986328125,1.032418701171875,0.019455297147855814,0.015483106783126619,-0.7332188812042264,0.6795379457694278
1785983381.253311,-1.064050048828125,1.074072998046875,1.0348504638671876,0.018990128757526703,0.015692963106730164,-0.7311141534324178,0.6818102308621606
1785983381.272794,-1.0722760009765624,1.072596923828125,1.03734716796875,0.018684721199862968,0.016065796971653546,-0.7297201239086295,0.6833017870165194
1785983381.283984,-1.0763211669921875,1.0718751220703124,1.038564697265625,0.018866658246835602,0.01563332008725026,-0.7288879485092169,0.6841944180840386
1785983381.294505,-1.0803216552734376,1.0711309814453125,1.039871826171875,0.018886186515443715,0.015759928573020502,-0.7280191947482586,0.6851153034167117
1785983381.312734,-1.0881746826171874,1.0695440673828125,1.042435302734375,0.01838889739862954,0.01607531626087314,-0.7270795795001215,0.6861185722274118
1785983381.323329,-1.09205419921875,1.0687642822265624,1.0437232666015626,0.018447678874787755,0.016499240376567966,-0.7265289309356093,0.686690011849865
1785983381.333405,-1.0959002685546875,1.067934326171875,1.045010986328125,0.018252058611981738,0.016155448035393007,-0.7256889365648009,0.6875910448076952
1785983381.343418,-1.0997042236328125,1.0670770263671876,1.046312255859375,0.018451722466435783,0.016488643252829012,-0.7249454426112147,0.6883616547703184
1785983381.362839,-1.107166015625,1.065389892578125,1.0489510498046875,0.01845486020992218,0.01646376876446772,-0.724118528243678,0.6892319633877293
1785983381.373389,-1.1108199462890624,1.064533935546875,1.050241943359375,0.018779245653517403,0.01671607869842025,-0.7237021189435756,0.6896543796675476
1785983381.394478,-1.1180372314453124,1.06272509765625,1.0529859619140625,0.018943175733213132,0.017541303900051982,-0.7229237611919256,0.6904452941296104
1785983381.412938,-1.125094482421875,1.0608673095703125,1.0556605224609374,0.01929758339467233,0.017688680911999956,-0.7219115479376196,0.6914900079738444
1785983381.422993,-1.128550537109375,1.059900390625,1.0569866943359374,0.019224671435890236,0.01746432889652327,-0.721681092132591,0.6917382637915962
1785983381.432994,-1.1319705810546874,1.058937744140625,1.058378662109375,0.019758345663808425,0.018689980504610248,-0.7212465613825363,0.6921442526133157
1785983381.452922,-1.1387115478515626,1.0569144287109375,1.06111376953125,0.02045753484173771,0.01842884418830493,-0.7204531961754015,0.6929567450770492
1785983381.462879,-1.142029541015625,1.055923828125,1.062457275390625,0.020332740416258356,0.0189999098001551,-0.7203417645196228,0.6930608375328821
1785983381.472875,-1.1453013916015624,1.054887451171875,1.06384423828125,0.02097403938822549,0.01905768009654453,-0.7199010061232813,0.6934979756941297
1785983381.483227,-1.1486070556640624,1.053786376953125,1.06520263671875,0.02050202857686427,0.019210830908098043,-0.7195886177088808,0.6938319838684692
1785983381.493206,-1.151791015625,1.052648681640625,1.0666319580078125,0.02041438925379372,0.01961597653806744,-0.7195781818218931,0.693834053002844
1785983381.503444,-1.1549822998046875,1.0515191650390625,1.0679765625,0.020963343729356803,0.02006878102034061,-0.7189666012344346,0.6944384935077691
1785983381.514006,-1.1581494140625,1.0504102783203124,1.0693651123046874,0.02081119897660576,0.02010030648711793,-0.7187252958189718,0.6946919007618828
1785983381.533089,-1.16438916015625,1.048095458984375,1.07213623046875,0.022016390117855455,0.020692135717372374,-0.7177326701645896,0.6956629378991764
1785983381.543236,-1.16741796875,1.04688623046875,1.0734696044921874,0.02263985629787439,0.020690808083243414,-0.7176493215608769,0.695728969883735
1785983381.563865,-1.1733814697265625,1.0443702392578125,1.0763043212890624,0.0232713568944591,0.02064387431043085,-0.716742180346824,0.6966440274427258
1785983381.573862,-1.1763023681640625,1.0431103515625,1.0777017822265624,0.023663336702629073,0.02120248039297079,-0.7166452640813535,0.6967137447381854
1785983381.594167,-1.1820562744140626,1.04042236328125,1.0805146484375,0.023752503045855154,0.021809997442471807,-0.7160109606711553,0.6973438352644191
1785983381.606017,-1.18489892578125,1.0391021728515626,1.0819014892578125,0.024054717486409645,0.022005386430323303,-0.7156666105112525,0.6976807434480315
1785983381.623292,-1.1904591064453125,1.0363802490234375,1.084725341796875,0.024717857461196292,0.02306354714751196,-0.7148447624213486,0.6984655149812968
1785983381.633068,-1.193205078125,1.034941162109375,1.086134033203125,0.02439694229205055,0.02267337844787354,-0.7150283665839252,0.698301606217674
1785983381.643453,-1.195852294921875,1.0335208740234374,1.0875487060546876,0.025405503851101977,0.022734162268755635,-0.7147240894523299,0.6985751241931449
1785983381.653900,-1.1985821533203125,1.0320687255859375,1.0889857177734374,0.02559334785942587,0.023055365201812762,-0.7147506653582035,0.6985305324141693
1785983381.673167,-1.20385888671875,1.0289827880859375,1.0917950439453126,0.02591610611708473,0.02315552110848906,-0.7144121612045344,0.6988615323616637
1785983381.683146,-1.20640234375,1.0273790283203126,1.0932120361328126,0.026037318734081417,0.022923776098918328,-0.7144026892774374,0.6988743441315881
1785983381.693588,-1.208962646484375,1.025819580078125,1.094684814453125,0.02640341412889856,0.023218925498088943,-0.7142739578870148,0.698982442251667
1785983381.714899,-1.2139495849609374,1.0225056762695313,1.097526123046875,0.026228136188290136,0.023127600416675442,-0.7138840391468642,0.6993902717960675
1785983381.733237,-1.2187998046875,1.0190996704101563,1.10034326171875,0.026074087496523825,0.02306889050883776,-0.7134637271862208,0.6998267291002368
1785983381.743516,-1.2211644287109376,1.0173797607421875,1.1018038330078126,0.02619408216323644,0.023849079635187533,-0.7133703410345175,0.6998913126970796
1785983381.764175,-1.2258145751953125,1.0137359619140625,1.1046329345703125,0.025985324324641925,0.023652798411764413,-0.7133670367848669,0.6999091138069188
1785983381.783905,-1.2303341064453126,1.0100597534179687,1.1074873046875,0.026325392706622687,0.024253429077376067,-0.7130154893444212,0.7002339901077718
1785983381.794016,-1.2325191650390626,1.0081273193359375,1.1089420166015624,0.026499931016793866,0.023831321854208675,-0.713094741644491,0.700161203181401
1785983381.815408,-1.23686279296875,1.0042476806640626,1.1117933349609375,0.025870378138875185,0.02457625977621502,-0.7125711244065737,0.7006918870122757
1785983381.833065,-1.2410115966796875,1.000201171875,1.1146820068359375,0.026137088310388346,0.024958886200515992,-0.7123907688165478,0.7008518359269171
1785983381.852793,-1.2450574951171876,0.9959698486328125,1.1174976806640624,0.025938927057447787,0.02483111392988083,-0.7122032602404587,0.7010542865937374
1785983381.872728,-1.2489774169921875,0.991651611328125,1.1203988037109376,0.025897452055347204,0.025023006217359114,-0.7118233252663323,0.7014347746757431
1785983381.882933,-1.250887451171875,0.9894718017578125,1.1218504638671876,0.025661843514450725,0.02559414735712764,-0.711699098885106,0.7015488553884138
1785983381.894225,-1.2527777099609374,0.987232421875,1.1232861328125,0.02612916257746165,0.025854429926838944,-0.7112462404431137,0.7019812090655095
1785983381.912966,-1.2563887939453124,0.9827002563476562,1.12620458984375,0.02588578934068768,0.02595376258658033,-0.7113119375701182,0.7019199769300414
1785983381.924550,-1.2581534423828125,0.9804009399414062,1.1276767578125,0.02573172266566033,0.026476878825562242,-0.7115539731014688,0.7016607583520545
1785983381.942817,-1.2615631103515625,0.9756013793945313,1.13049609375,0.0258576829735162,0.025994048292914896,-0.7113700399968743,0.7018606563767582
1785983381.952940,-1.26323828125,0.9731697998046875,1.1319593505859376,0.02571001971575379,0.026037561805088313,-0.7113949732503714,0.7018391782988667
1785983381.963558,-1.2649022216796875,0.9706414794921875,1.1333994140625,0.02545311489463572,0.02525790996995595,-0.7117445426482651,0.7015225491878422
1785983381.983360,-1.268040283203125,0.9655882568359375,1.13622314453125,0.02524509865192841,0.0248889986003578,-0.7117552561983997,0.7015323811264763
1785983382.002831,-1.2710540771484375,0.960487548828125,1.1391534423828125,0.025412414790765753,0.02515928201519335,-0.7118646398914139,0.7014057038834163
1785983382.014890,-1.2725015869140626,0.957848388671875,1.1405738525390625,0.025222357529469226,0.025003213211909958,-0.7117045664433919,0.701580566718427
1785983382.035074,-1.2753037109375,0.9525345458984374,1.1434384765625,0.02566874126935516,0.02460057982789656,-0.7115875277185735,0.7016973206905349
1785983382.053580,-1.2779639892578125,0.9471309814453125,1.146316650390625,0.025339370858520453,0.02369770874831632,-0.711522318226701,0.7018064679510735
1785983382.072804,-1.2804776611328126,0.9416283569335937,1.1491859130859374,0.025797734514847386,0.024567264597567,-0.7117763153005736,0.7015022461502961
1785983382.083008,-1.2816881103515625,0.9388294677734375,1.1506309814453124,0.025402795403419397,0.023650389320692796,-0.7117517653206312,0.7015730668415923
1785983382.093491,-1.2828597412109375,0.9360049438476562,1.1521136474609375,0.024984974276129234,0.02366929632201877,-0.7119278435699169,0.7014087800443762
1785983382.112621,-1.285121826171875,0.9302552490234375,1.1549703369140625,0.025494207676112927,0.023613282704190938,-0.7117658557444382,0.7015567078117648
1785983382.122859,-1.2862818603515624,0.92725439453125,1.1564267578125,0.026691445031468614,0.023930149066214507,-0.7118135795661996,0.7014530240501897
1785983382.132906,-1.2873291015625,0.9242572021484375,1.157861083984375,0.02674822227523072,0.023086819680751217,-0.71182379683221,0.7014687460568156
1785983382.144776,-1.2883681640625,0.9213009033203124,1.1593331298828125,0.026461464294024264,0.02337857993198243,-0.7117676604545478,0.7015269173880937
1785983382.163859,-1.29031298828125,0.9152239379882813,1.1622076416015625,0.026702375778526296,0.022868078772624725,-0.7117423809560298,0.7015602713336571
1785983382.182652,-1.292128662109375,0.9090978393554687,1.1651107177734374,0.026905788173312774,0.022845471352367343,-0.7120279959978001,0.7012633477185263
1785983382.192656,-1.293029052734375,0.90600390625,1.1665704345703125,0.02676988204896131,0.022703264339946433,-0.7119761387367742,0.7013258311739411
1785983382.202773,-1.29387646484375,0.902890380859375,1.16799169921875,0.02692503180369134,0.0227669863376236,-0.711994910613812,0.7012987807317155
1785983382.212784,-1.2946829833984375,0.899749755859375,1.1694359130859375,0.027038010480409908,0.022239621458828403,-0.712167339879942,0.7011362434673912
1785983382.222855,-1.2954742431640625,0.8966151123046875,1.17088232421875,0.02695595947237722,0.02209524458095117,-0.7122733360045236,0.70103627709448
1785983382.232900,-1.2962236328125,0.89343408203125,1.17233447265625,0.027335380229537454,0.02202740965902097,-0.7121162236634163,0.7011833281298885
1785983382.243991,-1.296954833984375,0.8901807250976562,1.1737801513671875,0.02742657000779785,0.02135665921607986,-0.7121856866667259,0.7011299610560805
1785983382.263789,-1.298333740234375,0.8837048950195312,1.1766556396484376,0.026785533190939726,0.02107304843086178,-0.7122700585812848,0.7010776202731328
1785983382.283044,-1.2996192626953125,0.8771137084960937,1.1795360107421875,0.026534454654778175,0.02045374541038873,-0.712365486863685,0.7010085545273312
1785983382.293518,-1.3001939697265625,0.8738163452148437,1.1809759521484375,0.026788642521851393,0.02053786682285177,-0.7120996193620284,0.7012665144798752
1785983382.312701,-1.3012918701171876,0.8670671997070313,1.183890869140625,0.02656603648651048,0.01982009191858696,-0.712739987393982,0.700644796739502
1785983382.323039,-1.301812255859375,0.86371240234375,1.1853677978515624,0.026523170271243575,0.020109955998075118,-0.7126823981594428,0.7006967297429216
1785983382.334048,-1.3022969970703124,0.8602612915039063,1.1867513427734375,0.026667001666135608,0.01977433132123435,-0.7124798091017015,0.7009068229848472
1785983382.354683,-1.3032218017578125,0.8533801879882813,1.189681396484375,0.026987314139579378,0.01981855355549071,-0.7129634922255693,0.7004012855004634
1785983382.372921,-1.304030029296875,0.8464251098632812,1.192532470703125,0.026861086428088814,0.019288109888559595,-0.7129067880890587,0.7004786494055678
1785983382.392760,-1.30474609375,0.8393518676757813,1.19541552734375,0.027626142259422292,0.019528492497751824,-0.7130693675960312,0.7002767282102119
1785983382.402992,-1.3050755615234375,0.8357940673828125,1.1968544921875,0.027693376437168776,0.01963761127004843,-0.7129101973212492,0.7004330569294676
1785983382.413220,-1.305391357421875,0.8322532348632813,1.198271240234375,0.027305328453078346,0.01935545933617846,-0.7127597512537487,0.7006092500623153
1785983382.432981,-1.3059417724609375,0.82502880859375,1.2011473388671876,0.027978598916526397,0.018668681779339225,-0.7129286704722838,0.7004294339883128
1785983382.443150,-1.3061732177734375,0.8214193115234375,1.2025673828125,0.02754532936147752,0.0186656997330545,-0.7130854938242167,0.7002870334687049
1785983382.454217,-1.3064384765625,0.817781005859375,1.2040106201171874,0.028225594711725033,0.018967069682057067,-0.7128310877082407,0.7005108115198453
1785983382.474065,-1.3068394775390626,0.8102828979492187,1.20692431640625,0.02840714422603349,0.01636944129713986,-0.7133527127450585,0.700037827132264
1785983382.493050,-1.30713427734375,0.8028380126953125,1.2097899169921875,0.028752338707759777,0.016365972991211567,-0.7136600541567635,0.6997105028687929
1785983382.503110,-1.3072518310546875,0.7990484008789063,1.2111751708984375,0.02934916171156644,0.01635737234112144,-0.7134700883403141,0.6998796163653009
1785983382.522958,-1.30748291015625,0.79150146484375,1.2140093994140626,0.0297162249253083,0.016017425757772707,-0.7140845183707343,0.6992450851004348
1785983382.533183,-1.3075882568359376,0.787679443359375,1.21541796875,0.030414983756985252,0.01597872371269395,-0.7140022404192197,0.6992999507862833
1785983382.554203,-1.3076954345703125,0.7799925537109375,1.2182220458984374,0.030203524953303237,0.01584356200483774,-0.714060631301158,0.699252574984255
1785983382.572745,-1.30771240234375,0.7722981567382813,1.2210264892578124,0.03068559421849838,0.015817911714418556,-0.7136007579851179,0.6997014685713819
1785983382.592657,-1.3077403564453125,0.7645103149414062,1.2238096923828126,0.030936731270308188,0.016183304146591398,-0.7131428693362608,0.7001487418506211
1785983382.603530,-1.307684326171875,0.7605999755859375,1.2252452392578126,0.03141975972534076,0.016368507719078176,-0.7127095863842624,0.7005639974361326
1785983382.623018,-1.3075535888671874,0.7526388549804688,1.2280179443359376,0.031670369006166224,0.01616545059258195,-0.7125065851746911,0.7007638888590075
1785983382.632951,-1.307477783203125,0.7486326293945312,1.2294102783203125,0.031880123980939264,0.01644099792830576,-0.7123130336874314,0.7009447210984697
1785983382.643295,-1.307419921875,0.744646240234375,1.23082373046875,0.03232568348537647,0.016648083365964066,-0.7119261168154297,0.7013123997052155
1785983382.653233,-1.307329345703125,0.7405358276367188,1.2322349853515624,0.032479486832058556,0.016319985361344585,-0.7122263760247454,0.7010081008284995
1785983382.664652,-1.3072587890625,0.7364400024414063,1.2335927734375,0.03269087979632136,0.016322808673450897,-0.7119962643497182,0.7012318986249069
1785983382.683212,-1.3070147705078126,0.7282611083984375,1.236396484375,0.03359340715992768,0.017060553954307698,-0.7116249144271366,0.7015485751149642
1785983382.694073,-1.306916259765625,0.7241315307617188,1.2377896728515625,0.03328757521285432,0.01725436169648887,-0.7118195242771875,0.7013609600999035
1785983382.704063,-1.306765869140625,0.7199592895507813,1.2391483154296874,0.033582806665446885,0.017037048914420837,-0.7118255406166901,0.7013460935056668
1785983382.722892,-1.3064456787109375,0.711545166015625,1.24187548828125,0.03403625708858504,0.017142021591104496,-0.7114752198602539,0.7016770592102318
1785983382.733118,-1.3062724609375,0.7073273315429688,1.24330322265625,0.03406015653103953,0.01744667866289728,-0.7115368289480636,0.7016059164985018
1785983382.743082,-1.3060838623046875,0.7030480346679687,1.24468310546875,0.03378958514122321,0.017061685219788254,-0.7116168852422999,0.7015472562186248
1785983382.763230,-1.30565673828125,0.6944824829101562,1.247420654296875,0.03388548197212909,0.01756305635488673,-0.7113362867431102,0.7018147970442347
1785983382.773922,-1.30545166015625,0.6901640625,1.2488118896484375,0.03423794632329978,0.017508005059859246,-0.7115142700544287,0.7016186112877979
1785983382.793159,-1.3049913330078124,0.6814248046875,1.2515843505859374,0.03338656111988906,0.017723060313600367,-0.7112389725129482,0.7019333022385632
1785983382.803161,-1.3047412109375,0.6770335083007812,1.25292333984375,0.03354399211792856,0.01760518199997858,-0.7112771575310257,0.7018900461823453
1785983382.823002,-1.30426611328125,0.6681342163085937,1.25571826171875,0.03357051890730373,0.017870511487432766,-0.7112869090864496,0.7018722112205136
1785983382.833645,-1.303981689453125,0.6636515502929687,1.257102294921875,0.03349850190049693,0.018019275397451236,-0.7111290951448616,0.7020317426332112
1785983382.844126,-1.3037261962890625,0.659120361328125,1.2584244384765626,0.033750363661808794,0.017746882646850513,-0.7112016030399724,0.7019531506661509
1785983382.862852,-1.303148193359375,0.6498872680664063,1.2612314453125,0.03394292623185996,0.016528225281515124,-0.7125137855580342,0.7006416992795098
1785983382.873132,-1.302859619140625,0.6453057250976563,1.2626181640625,0.0341845641952098,0.016425353051954562,-0.7126800017776166,0.7004632992306872
1785983382.884185,-1.302560302734375,0.6406939086914063,1.26395166015625,0.033902147520182724,0.016497979050489237,-0.7127092326651144,0.7004455889901452
1785983382.903080,-1.30182861328125,0.6314327392578125,1.2666353759765625,0.033479787878888244,0.015957118304491903,-0.7124725060943901,0.7007192077624166
1785983382.923032,-1.3011573486328125,0.6220526733398437,1.2693226318359374,0.03317989291358035,0.015943682964435966,-0.7122928437826294,0.7009163896777959
1785983382.933931,-1.3007506103515625,0.6173164672851562,1.2706629638671876,0.03324592469095389,0.01617981031502182,-0.7123416424861746,0.7008582699926657
1785983382.952756,-1.2999935302734376,0.6077635498046875,1.273315673828125,0.03347093318928653,0.015803698763051606,-0.7123622553736733,0.7008351869781632
1785983382.963016,-1.2995780029296875,0.6029814453125,1.2745965576171876,0.03299497239490367,0.015672764043105573,-0.7123841904268723,0.7008383945435965
1785983382.982785,-1.2987406005859374,0.59329736328125,1.277275634765625,0.033187740564467334,0.015336416154183385,-0.7122923752095033,0.7009300512915319
1785983382.993379,-1.2983416748046874,0.5884035034179688,1.27857080078125,0.03307040988291117,0.015602464236506776,-0.7123059074262535,0.7009159611650281
1785983383.012639,-1.297435302734375,0.5785846557617188,1.28116259765625,0.03297546425248374,0.01514750471583277,-0.7125379451399815,0.7006945466305323
1785983383.022654,-1.296988525390625,0.5736251220703125,1.2824329833984376,0.03303639815116281,0.015038399633725939,-0.7125678287158461,0.7006636344246738
1785983383.033045,-1.296524169921875,0.5686723022460938,1.2836995849609374,0.03268355418272992,0.014620033900817812,-0.7127483353285112,0.7005054224087632
1785983383.042979,-1.296081298828125,0.5636322021484375,1.284989013671875,0.03268234243363298,0.014038343378559281,-0.7127016648338352,0.7005648635329982
1785983383.052937,-1.2956407470703124,0.5586244506835938,1.2862965087890625,0.03320787773205962,0.013913273690579387,-0.7123733856731977,0.7008764682704518
1785983383.062964,-1.295160400390625,0.55366845703125,1.2875687255859376,0.03308378911513956,0.013685157244731133,-0.7127369380366488,0.7005171049679425
1785983383.073106,-1.294683837890625,0.5486483154296875,1.2888585205078125,0.03334394230231154,0.0135470228382327,-0.7127951131206535,0.7004482668285232
1785983383.093547,-1.2937633056640625,0.5384732666015625,1.291372802734375,0.033195602145478724,0.012808753179860733,-0.7127626011085925,0.7005022940862105
1785983383.103825,-1.2932806396484375,0.5333623046875,1.2926397705078125,0.03345603677587477,0.012539375685648075,-0.7128201033175772,0.7004362739817929
1785983383.122696,-1.292291259765625,0.5230574951171875,1.2951143798828124,0.0332288372662685,0.01132004010006827,-0.7133094235558596,0.6999695302806356
1785983383.132881,-1.2918330078125,0.517869384765625,1.296362548828125,0.033460838514691366,0.011216949054254459,-0.7131339998380121,0.7001388948049018
1785983383.143044,-1.2913341064453125,0.5126575317382812,1.29759033203125,0.03415343891816271,0.01097358381472015,-0.7131342442285991,0.7001090462133646
1785983383.152971,-1.2908876953125,0.5074751281738281,1.29883740234375,0.0345432785516851,0.011128339896724253,-0.7132182805732326,0.7000018591435684
1785983383.162995,-1.2903948974609376,0.5022935180664062,1.3000384521484376,0.033978031368272675,0.011240662489165136,-0.7134543670304603,0.6997871000393932
1785983383.173362,-1.2899501953125,0.49701519775390623,1.301255615234375,0.034530447481934366,0.01049483535632272,-0.7136757555639675,0.6995458623596709
1785983383.192832,-1.288994140625,0.48646099853515623,1.303659912109375,0.03458540211082934,0.010187157833879332,-0.7137050412701427,0.6995178257671489
1785983383.203500,-1.28856689453125,0.4811291809082031,1.3048970947265626,0.03452935518560424,0.009666273402026393,-0.7140530805218781,0.6991727183816405
1785983383.222710,-1.287616943359375,0.4705284423828125,1.3072705078125,0.03498692676341456,0.009461493547628055,-0.7138023801120831,0.6994087194932683
1785983383.232839,-1.2871673583984375,0.4651136169433594,1.308488037109375,0.03506546586818749,0.008987753641585572,-0.7141921492072819,0.6990130184438437
1785983383.242975,-1.28670654296875,0.4597579345703125,1.30965478515625,0.03470254694381676,0.008967223356516875,-0.7140064545164954,0.6992210679175674
1785983383.253269,-1.28626708984375,0.45438644409179685,1.310849609375,0.03515147800307935,0.009263684025336585,-0.7139829244384607,0.6992187956191959
1785983383.272788,-1.2853834228515626,0.44361572265625,1.313183349609375,0.03457597838906847,0.008827244358488365,-0.7138490067338938,0.6993898596593343
1785983383.282847,-1.284907470703125,0.4381819152832031,1.3143277587890625,0.03435052563687018,0.008633335151717547,-0.7138896426896664,0.6993619050363039
1785983383.292908,-1.284479248046875,0.4327434692382813,1.3154505615234375,0.03384730995879123,0.008457968321765662,-0.7139703511388787,0.699306181550706
1785983383.303965,-1.284020751953125,0.42728195190429685,1.3165821533203126,0.03367147996067174,0.008951099651670149,-0.7139541971756286,0.6993250512988566
1785983383.322655,-1.283178466796875,0.4163808898925781,1.31881689453125,0.03274434272359051,0.008210703213271674,-0.7140681188425522,0.699261832841278
1785983383.332685,-1.28273046875,0.4109691162109375,1.3198792724609374,0.032088035745515775,0.00890805066331209,-0.7140785021255822,0.6992731169790315
1785983383.342903,-1.2823323974609375,0.4054400634765625,1.321018310546875,0.032257408097216465,0.00818250601176366,-0.7146047848419299,0.69873635571477
1785983383.352983,-1.2819263916015624,0.39996139526367186,1.3220826416015625,0.03190276710381602,0.007898987108343266,-0.7144295207010503,0.6989350932306979
1785983383.363115,-1.281544921875,0.39445742797851563,1.3231593017578125,0.031663273552713374,0.007866720308022957,-0.7143463166763375,0.6990313961586422
1785983383.373019,-1.2811317138671876,0.38900811767578125,1.3242103271484376,0.03098644856419828,0.007838861057064102,-0.7144491140095851,0.6989569716738164
1785983383.383876,-1.2807442626953125,0.3834783020019531,1.3252642822265626,0.0310050463320796,0.008067866658277224,-0.7141136515192414,0.6992962900114974
1785983383.402723,-1.2800130615234375,0.3723807983398438,1.3274107666015624,0.0314250674326735,0.007183769139584007,-0.7144945469235994,0.6988979904520181
1785983383.414727,-1.27963916015625,0.3667936401367187,1.32845947265625,0.031344761985273875,0.006912437595706848,-0.7143756726369394,0.6990258450904989
1785983383.432997,-1.2789029541015624,0.3557529296875,1.33054150390625,0.030649851211136885,0.007277778374847926,-0.7140581812647447,0.6993772414330699
1785983383.453120,-1.2781453857421874,0.34469937133789064,1.332591796875,0.030466571159894797,0.008271894166385017,-0.7136833781872111,0.6997566831106228
1785983383.463003,-1.2778243408203125,0.33914422607421874,1.3335909423828125,0.030502866414575135,0.007950359138476278,-0.7136025463294143,0.6998412505325794
1785983383.473168,-1.277462646484375,0.33361724853515623,1.33460205078125,0.03035045275781202,0.008248389087356974,-0.7133623254296123,0.7000892843521979
1785983383.493011,-1.2768319091796876,0.3223229675292969,1.33672900390625,0.030762423733404164,0.007323684719591099,-0.7143422778790581,0.6990816575320247
1785983383.502878,-1.2765272216796875,0.31669528198242186,1.337724365234375,0.0305283680323283,0.007377170420108509,-0.7140776389474424,0.699361648355953
1785983383.513252,-1.2762169189453125,0.31107061767578126,1.3387802734375,0.031216054997515674,0.00728324925132135,-0.7144465967287338,0.6989553464206504
1785983383.532835,-1.2755789794921875,0.29989013671875,1.3407576904296874,0.030888816427967175,0.007760794480621715,-0.7139237415165944,0.699498777151317
1785983383.542924,-1.2752928466796876,0.29422372436523436,1.3417333984375,0.031206590465607843,0.007630182058657027,-0.7134935217977543,0.6999249441756785
1785983383.553241,-1.274993896484375,0.2886353759765625,1.342779541015625,0.03122730546758083,0.00809810454959958,-0.7135378642654977,0.6998735537169131
1785983383.563831,-1.2747711181640624,0.28289202880859377,1.3438233642578126,0.0316907425063536,0.006912113921321882,-0.7141271070335253,0.6992641882411038
1785983383.573897,-1.27449072265625,0.2772880249023438,1.3448433837890625,0.03132714377908069,0.007238241000910564,-0.7139364627672358,0.6994718907228273
1785983383.592762,-1.273952880859375,0.2660521545410156,1.346875732421875,0.03149115203396144,0.007345067046274109,-0.7133995371712126,0.7000110335842857
1785983383.602703,-1.2736728515625,0.26044329833984375,1.3479146728515625,0.03166550367007136,0.007567176989796998,-0.7130400372973591,0.700366994727232
1785983383.612696,-1.2734593505859375,0.2546137542724609,1.349016357421875,0.03204910991011551,0.006680264694576135,-0.71395913129049,0.6994216104545977
1785983383.623590,-1.2732093505859374,0.2490002899169922,1.350004150390625,0.03184442576428087,0.006651326514405143,-0.7138586037883582,0.6995338400629213
1785983383.643894,-1.2727098388671876,0.23775216674804686,1.35199951171875,0.031864618380628436,0.007130481009701327,-0.7134390095434145,0.6999561171927453
1785983383.662926,-1.2722567138671874,0.22646949768066407,1.3540274658203124,0.03137440768937798,0.007032228340748096,-0.712947601063128,0.7004797665604875
1785983383.673132,-1.2720325927734375,0.22082398986816407,1.3550753173828125,0.03147255596376858,0.007246386291504567,-0.7129228796463696,0.7004983294856659
1785983383.683621,-1.271846435546875,0.21502427673339844,1.35616015625,0.03172352768826137,0.006372166426663537,-0.7136600456366765,0.6997445037241949
1785983383.703130,-1.2714866943359375,0.20367396545410157,1.3581959228515625,0.03177503034622955,0.006172777548193018,-0.7133991926000446,0.7000098677853963
1785983383.713574,-1.271281005859375,0.19806674194335938,1.359166015625,0.03145801901171805,0.006254591154640215,-0.7134473797948405,0.6999743470745161
1785983383.723698,-1.2711126708984375,0.19239344787597656,1.360206298828125,0.03132001442143349,0.0066202284124369445,-0.7130409616349002,0.7003911853698684
1785983383.743019,-1.2708104248046874,0.18095889282226563,1.3621998291015625,0.03134150316937066,0.006223329338165893,-0.7136123487069601,0.6998116956669186
1785983383.753047,-1.2706702880859375,0.17520082092285155,1.36320068359375,0.031649676225737285,0.006144183652484732,-0.7133580186372384,0.7000577703760115
1785983383.763369,-1.2705181884765624,0.16951045227050782,1.3642115478515624,0.03161729747122904,0.0062959893489342045,-0.7134111795066456,0.7000037038201666
1785983383.776053,-1.270386962890625,0.16381158447265626,1.3651953125,0.031582259232114544,0.0066775181707053695,-0.7131638046292043,0.7002537851246001
1785983383.792865,-1.2700943603515624,0.15245277404785157,1.3671214599609376,0.031454178967059036,0.006811559656329401,-0.7130209868053283,0.7004036799510366
1785983383.803463,-1.269998779296875,0.14665771484375,1.368155517578125,0.031779545582842156,0.006115729565721426,-0.7136532837718623,0.6997511338033192
1785983383.822987,-1.26980419921875,0.13526199340820313,1.37011767578125,0.03140587043923171,0.006810041498437201,-0.713110604140416,0.7003146147078979
1785983383.833359,-1.2697008056640624,0.12949388122558594,1.3711195068359374,0.03140076743309303,0.006470212667599308,-0.7135859835766712,0.6998336678061039
1785983383.852817,-1.2695064697265626,0.11809647369384765,1.3730880126953124,0.030929194487124466,0.007110519416042401,-0.713211650425845,0.700229937204073
1785983383.862868,-1.26947412109375,0.11235260772705079,1.374073974609375,0.03145106636066046,0.006834833433710033,-0.713464878950324,0.6999514143683576
1785983383.873043,-1.2693896484375,0.10662956237792968,1.3750904541015625,0.03152660004430957,0.007014540688327974,-0.7133808623630392,0.7000318649688922
1785983383.883074,-1.269343505859375,0.10086168670654297,1.37604736328125,0.03136143579785234,0.006875817987657229,-0.7132699330453824,0.7001536881006878
1785983383.902954,-1.26927392578125,0.08932892608642579,1.3780047607421875,0.03124706703701687,0.007296112853009572,-0.7135016358855627,0.6999184255188177
1785983383.913877,-1.26923681640625,0.08360948181152343,1.3789698486328126,0.03132356576382863,0.007213240799782395,-0.7132842517384528,0.7001373976667108
1785983383.933028,-1.269177978515625,0.07199163818359375,1.380851806640625,0.03141987235198745,0.0075826126187340396,-0.713444140594399,0.6999662465526929
1785983383.943383,-1.2691585693359375,0.06624398040771484,1.3818302001953124,0.03116847250612192,0.007754171482541788,-0.713225815565926,0.7001980834038892
1785983383.962859,-1.2691807861328126,0.05466978454589844,1.383713623046875,0.03131804664228692,0.007776788593465881,-0.7133600846123884,0.7000543433833748
1785983383.973239,-1.26919384765625,0.04888792037963867,1.384601806640625,0.03087976122623038,0.007628854070518894,-0.7132125520036007,0.7002257509412324
1785983383.993160,-1.2692750244140625,0.03729770660400391,1.3865233154296874,0.031361366475242125,0.00781851904313604,-0.7134851152074961,0.6999245237048489
1785983384.012763,-1.2693802490234376,0.025739927291870118,1.3883211669921875,0.03125589556031208,0.008333363347606166,-0.7135077076230462,0.6999002520637878
1785983384.032702,-1.2695528564453125,0.014101563453674316,1.390170166015625,0.030989556751481358,0.0077904833909114134,-0.7135481046101096,0.699877167226681
1785983384.043910,-1.2696251220703125,0.008321168899536133,1.3910596923828125,0.03105908152723697,0.007653560240083248,-0.7135035916185051,0.6999209763048195
1785983384.062985,-1.269830810546875,-0.0033389937877655027,1.3928997802734375,0.030922833469508654,0.007088167750609158,-0.713752572938716,0.6996790746573007
1785983384.073356,-1.2699200439453124,-0.009120160102844239,1.3938319091796876,0.030654648780410465,0.007356951205152782,-0.7136853722599714,0.6997566488393433
1785983384.083554,-1.2700379638671875,-0.014932476043701171,1.3947257080078126,0.03078986598026736,0.007185205847977099,-0.7138160862509021,0.699619157255229
1785983384.103165,-1.2702822265625,-0.02657956886291504,1.39655029296875,0.03063308962852048,0.007097229532522637,-0.7140456458535193,0.6993926287607636
1785983384.112955,-1.270420166015625,-0.032371505737304684,1.3974599609375,0.030601811744285706,0.006869441726205257,-0.7141636587034095,0.6992757839911815
1785983384.132699,-1.270691650390625,-0.04405442047119141,1.399295166015625,0.029915663925088227,0.006991013893902255,-0.7142909789735701,0.6991742129233817
1785983384.142639,-1.27085498046875,-0.049878536224365236,1.4001904296875,0.03010047157749977,0.006880416487412226,-0.7143049538266751,0.6991531075534346
1785983384.152527,-1.2709996337890626,-0.05567545318603516,1.40109814453125,0.030187230845530905,0.007171055836006503,-0.7141034784487755,0.6993522220294055
1785983384.164662,-1.271153564453125,-0.06153626251220703,1.40201904296875,0.02970170091001562,0.007063505544984173,-0.7143367227814561,0.6991358649953618
1785983384.182574,-1.2714852294921875,-0.07322786712646484,1.4038377685546874,0.02976347335297778,0.006922462802874015,-0.7143295200722426,0.6991419966490604
1785983384.192707,-1.271689208984375,-0.07905843353271484,1.4047342529296876,0.029612155475631237,0.007134738333884216,-0.7145258113165774,0.6989456980885467
1785983384.203171,-1.271857666015625,-0.08493138122558594,1.4056568603515625,0.029174770786773538,0.007137613682328461,-0.7144506985331927,0.6990408301421328
1785983384.214400,-1.2720789794921874,-0.09076396942138672,1.4065977783203125,0.02899141004165404,0.007304481844816141,-0.7143056297254977,0.6991949816611938
1785983384.232709,-1.2725029296875,-0.10243559265136719,1.4083724365234376,0.029013461162500788,0.007228051435282473,-0.7144405608388504,0.6990569855931225
1785983384.242746,-1.2727203369140625,-0.10828706359863281,1.409311767578125,0.029077048840326837,0.007460751310977849,-0.7144867617342029,0.6990046706215852
1785983384.253613,-1.2729801025390626,-0.11414164733886718,1.4102109375,0.02859553465221872,0.007258305687442042,-0.7145676918196542,0.6989439375633659
1785983384.263789,-1.273206787109375,-0.11997489929199219,1.41113232421875,0.028745287277232127,0.007132692805631854,-0.7147376712798893,0.6987652676658556
1785983384.283285,-1.27376123046875,-0.13163694763183595,1.41290087890625,0.0287772607503928,0.007224381105908224,-0.7145275867924841,0.6989778291426252
1785983384.293531,-1.274034912109375,-0.13745022583007813,1.4138076171875,0.028500192639158643,0.006943271407830218,-0.7146568670866131,0.6988598505828721
1785983384.312742,-1.2746025390625,-0.14910484313964845,1.41560498046875,0.028675050884223327,0.006839587425020575,-0.7147408170283709,0.6987678629787589
1785983384.322750,-1.2748837890625,-0.154896728515625,1.4164947509765624,0.02851849074130939,0.006851089025200451,-0.714838127973125,0.6986745949297349
1785983384.332687,-1.2752177734375,-0.16074458312988282,1.4174102783203124,0.028456133225478762,0.0069797927729116915,-0.7146679854624127,0.6988499164115636
1785983384.342610,-1.2755306396484376,-0.16652597045898437,1.4182996826171874,0.02867982496140668,0.007017920522097259,-0.7145252366435675,0.6989863428349508
1785983384.353039,-1.2758682861328126,-0.1723514862060547,1.4191986083984376,0.028573627520793943,0.006852750292875955,-0.7146062799234397,0.6989094690181159
1785983384.363624,-1.276189453125,-0.1781791229248047,1.4200804443359376,0.02866940498182144,0.006715326211380287,-0.7147509370569025,0.6987589491098797
1785983384.374445,-1.2765162353515624,-0.18396792602539064,1.4209327392578126,0.028565815710212064,0.00682105821295007,-0.7148276654641176,0.6986836744963083
1785983384.392682,-1.277234375,-0.19556681823730468,1.4226988525390625,0.028581306055366445,0.006901347133550307,-0.7146994479528839,0.6988133971734417
1785983384.402662,-1.277610595703125,-0.2013094940185547,1.423581298828125,0.028733019268483928,0.006936427063189145,-0.7146995572613257,0.6988067435372807
1785983384.424242,-1.2783736572265625,-0.21293807983398438,1.4253099365234374,0.02813087871897486,0.006417637217060716,-0.7146682050114641,0.6988682377813591
1785983384.442799,-1.279197509765625,-0.22447906494140624,1.4270487060546875,0.02857506375468494,0.0068202554099838315,-0.7144349236824932,0.6990849021184651
1785983384.453577,-1.2795869140625,-0.2302161407470703,1.4278868408203125,0.02820628399639003,0.006516528732295257,-0.7145405244622364,0.6989948487624297
1785983384.472526,-1.2804283447265625,-0.24171742248535155,1.429592529296875,0.028643803478128234,0.006812522258395322,-0.7145392767299248,0.6989755070874109
1785983384.483420,-1.2809090576171875,-0.24747280883789063,1.4304169921875,0.02859103966575038,0.006873901210181605,-0.7145336426266888,0.6989828119919215
1785983384.502741,-1.2818079833984375,-0.25897171020507814,1.4320279541015626,0.028598343773268527,0.006085727412188877,-0.7142036901241683,0.6993269513633198
1785983384.512657,-1.2822978515625,-0.26468701171875,1.432848876953125,0.028869385156180427,0.006062846150609169,-0.7144501835885128,0.6990641930586922
1785983384.522609,-1.282782470703125,-0.27039877319335937,1.433684814453125,0.02898668650665529,0.006166138797321015,-0.7142733661606929,0.6992391021925933
1785983384.533671,-1.2832596435546875,-0.2761600341796875,1.4344798583984375,0.029100227335552977,0.006381481085068536,-0.7142277548372855,0.6992790203518151
1785983384.544480,-1.2837789306640626,-0.281918701171875,1.4352877197265625,0.029371523903896805,0.006406388286542354,-0.7141881749408551,0.6993078842304383
1785983384.562654,-1.2848065185546875,-0.29338482666015625,1.4368343505859376,0.029202190602151647,0.006880660459929942,-0.7137267597559489,0.6997813985879622
1785983384.572634,-1.2853564453125,-0.299099853515625,1.437617431640625,0.02924264523144453,0.007016282146314234,-0.71372170314855,0.6997835170073247
1785983384.583379,-1.28589453125,-0.30481594848632815,1.438372314453125,0.02914779464672755,0.007196647323668103,-0.7137527158934704,0.6997540089475832
1785983384.602708,-1.28698193359375,-0.31623947143554687,1.4398714599609375,0.029271401898072636,0.007602641603392162,-0.7135491193041233,0.6999521657978581
1785983384.612706,-1.2875521240234375,-0.3219231872558594,1.4406341552734374,0.029422426528261224,0.008035871323929486,-0.7134688045226026,0.7000228554403597
1785983384.623283,-1.2881455078125,-0.327591552734375,1.441396728515625,0.029080871461631318,0.008196814224155448,-0.7133677329530557,0.7001382666191426
1785983384.643600,-1.289253173828125,-0.3389735717773438,1.4428546142578125,0.028602122516013156,0.00842845450074519,-0.7131290939245702,0.7003983016505585
1785983384.653595,-1.289852294921875,-0.3446296997070312,1.4436033935546875,0.02853403913721842,0.008707340550158297,-0.7129112417786038,0.7006193949035364
1785983384.663713,-1.2904471435546876,-0.35030426025390626,1.4442763671875,0.028409115706258804,0.00909034199427358,-0.7129231947027215,0.7006074601523926
1785983384.684517,-1.291618408203125,-0.36161849975585936,1.44573779296875,0.02820566833205647,0.009277258021647904,-0.7126117656337568,0.7009299951541466
1785983384.703515,-1.292869140625,-0.3730109558105469,1.4471571044921876,0.02778909073639204,0.010025741561567462,-0.7124073285002038,0.7011441069871788
1785983384.723567,-1.2941112060546875,-0.3843483276367187,1.448499267578125,0.027482735518197805,0.010913054583304724,-0.7122761742225622,0.7012761612605168
1785983384.734429,-1.29475146484375,-0.3900207824707031,1.4492132568359375,0.02742148423128233,0.01095539903695291,-0.7123152541006873,0.7012382100054669
1785983384.744767,-1.295391845703125,-0.3956600646972656,1.4499234619140624,0.027228805495898213,0.01075628398601528,-0.712272449391135,0.7012922763389602
1785983384.763813,-1.2967071533203125,-0.40696542358398435,1.4512615966796876,0.02676054329629929,0.011218035642562556,-0.7119224463783169,0.7016583817963272
1785983384.774364,-1.29733544921875,-0.4126207580566406,1.451904541015625,0.026448186222969735,0.011280935038511353,-0.7116920961040833,0.7019028418152696
1785983384.785068,-1.2979757080078125,-0.41827261352539064,1.4525772705078126,0.02640087035865156,0.011558945029387677,-0.7115910082261286,0.7020025743430142
1785983384.804083,-1.2992666015625,-0.4296170349121094,1.453905517578125,0.02633764326038776,0.012189607844202284,-0.7115049590475963,0.7020815055060305
1785983384.822747,-1.3005589599609375,-0.4409010009765625,1.45516357421875,0.025761745881667755,0.012238136002682098,-0.7110100996463501,0.7026031590838144
1785983384.833695,-1.3011573486328125,-0.4465203857421875,1.455757568359375,0.025423990372105375,0.01241607329425956,-0.7110152351785979,0.7026071379865368
1785983384.852923,-1.3024500732421875,-0.45779443359375,1.456957275390625,0.025966607713772145,0.013447439708169983,-0.710808774992058,0.702777191903157
1785983384.863782,-1.303080810546875,-0.46340838623046876,1.45755810546875,0.025761354637341687,0.013218513574008127,-0.710720817426928,0.7028780460466989
1785983384.882924,-1.30433740234375,-0.4747337951660156,1.4587353515625,0.025387028837509158,0.013392005624356286,-0.7102487292128109,0.7033653970874973
1785983384.892991,-1.3049617919921874,-0.4803892822265625,1.4592913818359374,0.02554042227328953,0.013512717873457387,-0.710380324583593,0.7032246340255144
1785983384.902948,-1.305671142578125,-0.4861741638183594,1.4599130859375,0.024232347614267118,0.014166530748356146,-0.7091807911017984,0.7044676731290004
1785983384.912990,-1.3062747802734376,-0.4918066101074219,1.4605042724609374,0.024473679440479772,0.014017239005239357,-0.7090179113763538,0.704626249970847
1785983384.923188,-1.306883544921875,-0.49744735717773436,1.4610438232421874,0.024151258007918504,0.01422484785955875,-0.7089357207913032,0.7047159071597227
1785983384.933383,-1.3074951171875,-0.5030789794921875,1.4615618896484375,0.024539037090595656,0.014409801752366662,-0.708834946021346,0.704800140594344
1785983384.943439,-1.3081082763671874,-0.5087122497558594,1.4620767822265626,0.024145571195244755,0.013578321518645806,-0.7086113617747732,0.7050549905883522
1785983384.954161,-1.308783935546875,-0.5144852294921874,1.4627174072265625,0.022426590582041786,0.012944305788813034,-0.7092099723722384,0.7045216171273037
1785983384.973363,-1.31000390625,-0.5257091674804687,1.463725830078125,0.023542935390030367,0.013009340342358082,-0.7088169146732061,0.7048794556984652
1785983384.983337,-1.3105626220703126,-0.5313864135742188,1.4642210693359374,0.022840387272519545,0.012766571519550187,-0.7084516935888305,0.7052740908828092
1785983385.002975,-1.3117484130859376,-0.542709716796875,1.465310791015625,0.024376645019459124,0.014246844500620063,-0.7066234736267539,0.7070262142128515
1785983385.013270,-1.3122271728515624,-0.5483038940429688,1.4657705078125,0.02433385306720786,0.013873496237398064,-0.7056241959100858,0.7080323978381248
1785983385.033266,-1.3131295166015624,-0.5595772094726562,1.466767822265625,0.023856848217697513,0.014816946339513219,-0.7031240853960411,0.710512364914177
1785983385.043348,-1.3135469970703124,-0.5652394409179687,1.4672799072265625,0.022714503137595772,0.015049093026609195,-0.7013389022303255,0.7123070452773744
1785983385.063145,-1.3141680908203126,-0.576410400390625,1.468308349609375,0.0220253550061146,0.017794645058792035,-0.697131931939346,0.7163834854479837
1785983385.073626,-1.31439404296875,-0.5819970703125,1.4688216552734374,0.02176387720047336,0.01929475442960548,-0.6947272960257453,0.7186849243309655
1785983385.084268,-1.3146002197265625,-0.5875946044921875,1.4693594970703125,0.02115605675024093,0.02010454650984671,-0.692044531691153,0.7212645771871173
1785983385.105675,-1.3150103759765626,-0.5989700317382812,1.4705965576171875,0.017912737291691575,0.023003591205680612,-0.6859131412176396,0.7270991249741228
1785983385.123021,-1.3151026611328125,-0.6100885620117188,1.471754150390625,0.01658029447647699,0.025527701525688236,-0.6786190729084084,0.7338593668862858
1785983385.133384,-1.3151058349609375,-0.6156085205078125,1.4723701171875,0.015992142710246925,0.026801184297769804,-0.6747569833029716,0.7373798028943411
1785983385.152874,-1.314933837890625,-0.6266522827148437,1.473699462890625,0.014624913685998626,0.028674728206446218,-0.6662945860071707,0.7449935545538501
1785983385.162874,-1.3147996826171875,-0.6321544799804687,1.47432177734375,0.01368122484513704,0.02889143889571266,-0.6617739338208847,0.749021620916081
1785983385.177154,-1.3145299072265626,-0.6376028442382813,1.4750325927734376,0.012677453290170199,0.030109305129070008,-0.656807387098037,0.7533503592929881
1785983385.192796,-1.314017578125,-0.648468994140625,1.476482421875,0.010342792829112704,0.03088651832323095,-0.6462329135930477,0.7624447981402799
1785983385.204043,-1.3136353759765624,-0.6538653564453125,1.4772159423828124,0.008807998163007914,0.03099047352392114,-0.640722723704354,0.7670960841905442
1785983385.222763,-1.312798583984375,-0.6646168823242188,1.478802978515625,0.006066267293867602,0.03131102062266925,-0.6286638816477631,0.7770228730046838
1785983385.232767,-1.3123365478515625,-0.669823974609375,1.4795450439453126,0.004439413734763981,0.03192554725289085,-0.6227200665570201,0.7817805134065726
1785983385.245396,-1.3117772216796875,-0.6751051635742188,1.4803509521484375,0.003431403992328811,0.03176573719195723,-0.6160945438045448,0.7870239277692733
1785983385.262971,-1.310399169921875,-0.685543701171875,1.481988525390625,0.00036564515654874077,0.03150657766918251,-0.6023245682615878,0.7976291958277525
1785983385.272943,-1.3096309814453124,-0.6907317504882813,1.4828099365234375,-0.00022501937755182037,0.030895257366528525,-0.5950101570979609,0.8031241173869229
1785983385.292549,-1.3079307861328124,-0.7007473754882813,1.48438427734375,-0.002145259547040393,0.030276128837788165,-0.5796564212554375,0.8142955179284602
1785983385.302745,-1.3071019287109376,-0.7057050170898438,1.4851295166015626,-0.001979662104647943,0.03144722782247792,-0.5726189556809416,0.8192158998712279
1785983385.312979,-1.306202392578125,-0.71061181640625,1.4859530029296875,-0.002493703860133245,0.031086808787602786,-0.5651230677001474,0.8244169548325546
1785983385.332747,-1.3042811279296875,-0.7203441772460938,1.48751416015625,-0.003686341041262498,0.030166854837473715,-0.5498446640034049,0.8347138602558527
1785983385.342728,-1.30335107421875,-0.7253170776367187,1.4884053955078125,-0.0034703197502804345,0.030497614644057466,-0.5417980564671321,0.8399480533148344
1785983385.353411,-1.30220263671875,-0.7301301879882812,1.4891763916015626,-0.0036469434263566086,0.02992877724569071,-0.5337461099409244,0.8451071394553776
1785983385.363775,-1.3011025390625,-0.7348673095703125,1.4899202880859375,-0.003528576563894958,0.029898779972363447,-0.5253574097586226,0.8503488720520935
1785983385.374248,-1.2998487548828126,-0.7395764770507812,1.4907081298828124,-0.0040159688083583256,0.029589883363989804,-0.5165500725069473,0.8557361376511926
1785983385.393073,-1.2971937255859376,-0.7488666381835938,1.4923245849609375,-0.004818792721698156,0.028140461475900404,-0.4967589022252943,0.8674188597382021
1785983385.414701,-1.2942899169921875,-0.7577902221679688,1.4937767333984375,-0.004578212285335302,0.027382521352031546,-0.47750713264246,0.8781891419276783
1785983385.432703,-1.291196533203125,-0.7667161865234375,1.4953272705078124,-0.003768018402430593,0.026192602910172964,-0.4568540947370035,0.8891479558385242
1785983385.442781,-1.289592529296875,-0.7710700073242187,1.4960426025390625,-0.00333089422695593,0.025637494243946766,-0.4463562573794883,0.894481815821248
1785983385.452994,-1.28796923828125,-0.77529931640625,1.496705078125,-0.002836270241895405,0.02473285511026864,-0.43564821097510914,0.899772680237874
1785983385.463590,-1.2863653564453126,-0.77948583984375,1.4974014892578125,-0.001879111596444192,0.023839199433599238,-0.42529559584693205,0.9047385387485263
1785983385.483059,-1.2832081298828124,-0.7876189575195313,1.4986973876953125,-0.0010105287766529938,0.021533627299069113,-0.40328597873300415,0.9148200392806277
1785983385.493189,-1.2815439453125,-0.791623779296875,1.49932666015625,-0.0006682375821086391,0.020496638290815796,-0.39223939127774127,0.9196345453574527
1785983385.512822,-1.2785595703125,-0.7992297973632813,1.5005902099609374,0.0013981651259048925,0.017720675775045686,-0.3723212138112393,0.9279336895913592
1785983385.523462,-1.2769925537109375,-0.8030630493164063,1.501164306640625,0.00299508348479634,0.016981746400885053,-0.3625299076175765,0.9318125983925231
1785983385.542979,-1.273856689453125,-0.8110197143554687,1.5022110595703124,0.006485953344507692,0.014722135697097181,-0.3419177340190886,0.9395921647882539
1785983385.562875,-1.2708941650390626,-0.8185146484375,1.5030809326171874,0.009493018092756203,0.01238036941013522,-0.3219726908948386,0.9466204146774463
1785983385.572840,-1.2694864501953125,-0.8222037963867187,1.5035155029296876,0.010807032473425156,0.011154202800472184,-0.31223280938082326,0.94987865162361
1785983385.582793,-1.268142333984375,-0.82586279296875,1.50383740234375,0.013195481884767485,0.010501151037332478,-0.301969170982239,0.95316851626004
1785983385.592834,-1.2669044189453125,-0.829505615234375,1.504198974609375,0.015132736629095858,0.009813867052008995,-0.29189163737493756,0.9562813136639681
1785983385.602789,-1.265108154296875,-0.8326937866210937,1.5044698486328125,0.017486540560178232,0.0062574001306004556,-0.28954113486543026,0.9569853713268804
1785983385.613611,-1.2636873779296875,-0.836362548828125,1.5047535400390626,0.019626517936396963,0.0047928639752602845,-0.2824289150817292,0.9590754572545256
1785983385.625316,-1.2625445556640624,-0.8400213623046875,1.5049755859375,0.020628832295145914,0.005369750638594738,-0.271609490752538,0.9621714446118063
1785983385.642656,-1.25988916015625,-0.8473536376953125,1.5054180908203125,0.023793849287636528,0.0027743605095262884,-0.2566747709195869,0.9662009203784644
1785983385.652782,-1.258762451171875,-0.8510277099609375,1.505686279296875,0.024826341565615785,0.002827752701143015,-0.24824696416510197,0.9683744717891105
1785983385.662960,-1.257633544921875,-0.8546199951171874,1.5058858642578126,0.026150804209572373,0.002186742913016466,-0.24043686061679223,0.9703099857365318
1785983385.682922,-1.255590087890625,-0.8619544067382813,1.5062213134765625,0.028341458608505673,0.0036390887973623953,-0.22496905138203077,0.9739468373250869
1785983385.693161,-1.254565185546875,-0.8654896850585938,1.506341064453125,0.02891733627687715,0.003792193654849843,-0.21836541646569027,0.9754311607777151
1785983385.703026,-1.2536348876953125,-0.8691575927734375,1.506465087890625,0.029743444568264315,0.0034700175268558902,-0.21177932173760522,0.9768586434516089
1785983385.712924,-1.2527845458984375,-0.872791015625,1.506577880859375,0.03129961849037782,0.004039922059694285,-0.2058428618089121,0.9780760289690523
1785983385.723316,-1.251978515625,-0.8764706420898437,1.5066767578125,0.03208781610161491,0.004457935247315814,-0.19969845966861888,0.9793217169308267
1785983385.733658,-1.251297607421875,-0.8801765747070313,1.506783935546875,0.032379515333310994,0.005679120625705053,-0.19189110186564554,0.980865497030692
1785983385.752918,-1.24994970703125,-0.887847412109375,1.50699560546875,0.032176099059184844,0.009020544619556748,-0.17581699178873822,0.9838555342888738
1785983385.763153,-1.24920263671875,-0.891695068359375,1.50708544921875,0.03131354575634448,0.010008295106096483,-0.1678995989091873,0.9852558161300825
1785983385.773169,-1.2485926513671874,-0.8954800415039063,1.507184814453125,0.030463025213347924,0.011445898406750948,-0.16155457149978422,0.986327082567325
1785983385.792947,-1.2472479248046875,-0.9030535278320313,1.507302490234375,0.029439013315007787,0.014058724298741967,-0.14914113855464728,0.9882776011524013
1785983385.803564,-1.2466812744140625,-0.906891845703125,1.5073885498046875,0.02862281001312329,0.01620101544413011,-0.1428685739721295,0.9891950431107587
1785983385.814552,-1.2461077880859375,-0.9107031860351562,1.5074857177734375,0.02800878940489216,0.01739430230498134,-0.13734003973759762,0.9899750770697326
1785983385.832996,-1.2449639892578126,-0.9183240356445312,1.507645751953125,0.0263243792290942,0.02038876688042352,-0.12678285043738405,0.9913714875483814
1785983385.843001,-1.244431884765625,-0.9222613525390625,1.50775390625,0.025083878567151816,0.022663874868850138,-0.12087300923639538,0.99209216553448
1785983385.863169,-1.2433946533203124,-0.9299545288085938,1.5078033447265624,0.02321763979197221,0.024471011019012025,-0.11248573798480561,0.9930806007687505
1785983385.882934,-1.242403564453125,-0.9376921997070312,1.507939208984375,0.021984485954427736,0.02511717057180665,-0.10523862852104551,0.9938866341425343
1785983385.892926,-1.241866943359375,-0.94161279296875,1.50795068359375,0.02112017388317271,0.026269298220185915,-0.10223401072741173,0.994189158156174
1785983385.912815,-1.241023193359375,-0.9494083862304687,1.50792626953125,0.01884522322711823,0.02608547984813978,-0.09468707075907262,0.9949868128971373
1785983385.922983,-1.2405045166015625,-0.9533707885742188,1.5080081787109374,0.018377058137612808,0.026381847691430774,-0.0912202491436254,0.9953115795616313
1785983385.933186,-1.240042236328125,-0.9573263549804687,1.508001220703125,0.017921493834694265,0.027118863581009678,-0.08784911861464659,0.9956032985422261
1785983385.943907,-1.2395859375,-0.9613464965820312,1.508044189453125,0.017488029315475155,0.027593448659638996,-0.0842494002534975,0.9959090416884787
1785983385.963684,-1.2385836181640626,-0.9693644409179687,1.5080308837890626,0.016236258760828067,0.027988088461884945,-0.07822024097153893,0.9964108803749022
1785983385.983129,-1.2375728759765625,-0.9774779663085937,1.5080516357421876,0.01533883942172996,0.02895009565180437,-0.07202660947028013,0.9968644769406148
1785983385.993665,-1.237014404296875,-0.9815328979492187,1.508016845703125,0.014943241086553668,0.02909024658347957,-0.06932705724208693,0.99705778108469
1785983386.013434,-1.2360662841796874,-0.9896133422851563,1.5079443359375,0.01489325624599615,0.02903470505370407,-0.0644302557454161,0.9973885442137074
1785983386.025124,-1.2354495849609375,-0.9936495971679687,1.50789306640625,0.014227734119270804,0.029960281179571637,-0.06172451285306984,0.9975419979050029
1785983386.044150,-1.2341854248046875,-1.0018734741210937,1.507764892578125,0.01387414465710628,0.03189332894800684,-0.056689296970842865,0.9977858737746547
1785983386.064227,-1.2328641357421875,-1.0099724731445312,1.507604736328125,0.014062932997419083,0.03353661805778911,-0.05184652541932467,0.9979927212529986
1785983386.082853,-1.2314403076171876,-1.018244384765625,1.50737255859375,0.014007893085118628,0.034737029971489995,-0.047956995961720615,0.9981469031446539
1785983386.092972,-1.230710205078125,-1.0223244018554687,1.50716748046875,0.014189679349893236,0.03540995306900679,-0.045632135683003255,0.9982296800510907
1785983386.103453,-1.2299027099609374,-1.0264332275390624,1.5069814453125,0.014391882457803871,0.0361704698146846,-0.043654876603730824,0.9982879481894706
1785983386.113832,-1.2291168212890624,-1.03050830078125,1.506804443359375,0.014672418662340828,0.036701813095688145,-0.04219085877471189,0.9983274136478154
1785983386.133044,-1.2273739013671876,-1.0388226318359375,1.5063497314453125,0.014260385925225954,0.0379354357503471,-0.03865180647865701,0.9984305553164909
1785983386.142919,-1.226375732421875,-1.042994140625,1.506134033203125,0.013195464100288929,0.037724997422526156,-0.03713532407211832,0.9985107344273393
1785983386.154672,-1.225457763671875,-1.0470472412109375,1.5058118896484376,0.012986620687759444,0.03917094005488808,-0.03595828010933423,0.9985008700204152
1785983386.172799,-1.2235206298828125,-1.05526123046875,1.505170166015625,0.013365855383122075,0.04058956332946896,-0.033673447271394236,0.9985188676396284
1785983386.182868,-1.222531982421875,-1.0593135986328126,1.504825439453125,0.01312854949123071,0.04089932166817645,-0.03240927762682012,0.9985512058301967
1785983386.192957,-1.221520263671875,-1.0633797607421875,1.5044500732421875,0.012698900623729128,0.0414861030878169,-0.03127488061304851,0.998568739944199
1785983386.202913,-1.220474365234375,-1.067407958984375,1.504015380859375,0.012382656899690161,0.04217205812833817,-0.03004431463716399,0.9985817597573213
1785983386.213003,-1.219332763671875,-1.0715330810546875,1.503616943359375,0.011964644539376611,0.043182517217772824,-0.028003249820693604,0.9986029939995105
1785983386.222963,-1.2182305908203126,-1.07557958984375,1.5031700439453124,0.011736416920979108,0.04304537594901043,-0.02719090369513377,0.998634076057051
1785983386.233897,-1.217111328125,-1.079625244140625,1.5026756591796875,0.011185592404558981,0.04329061777668617,-0.026103612834630845,0.9986588007475408
1785983386.252776,-1.214790771484375,-1.087712646484375,1.5015950927734374,0.011245332432118367,0.04344516348662727,-0.024611916284654447,0.998689291700034
1785983386.263322,-1.2135528564453124,-1.0917447509765625,1.500991943359375,0.011097222128464848,0.043339468669108365,-0.023661235655913444,0.9987185209586699
1785983386.283590,-1.2110091552734374,-1.09974072265625,1.4998017578125,0.01085523250863965,0.043194508181743745,-0.022087139456021136,0.9987635120532954
1785983386.302830,-1.208309326171875,-1.1077713623046874,1.4985013427734375,0.009809867056101002,0.043414268506269976,-0.020438907372746982,0.998799892857511
1785983386.313109,-1.206935302734375,-1.11174755859375,1.4978133544921874,0.009553743933741242,0.04312716002783619,-0.01986143449737586,0.9988264633600514
1785983386.332877,-1.2040919189453125,-1.1196495361328125,1.496439697265625,0.00886529423789416,0.043032991741181637,-0.01872654428536222,0.9988587915921661
1785983386.342919,-1.2026217041015625,-1.1235791015625,1.495675048828125,0.008609006164174126,0.043046881131164956,-0.018497328707083878,0.9988647066353826
1785983386.353846,-1.201133544921875,-1.127463134765625,1.4949373779296875,0.007921049266162113,0.0428435904427594,-0.017915352577048183,0.9988897463483729
1785983386.373542,-1.198021240234375,-1.135297119140625,1.4934078369140624,0.005992544508284504,0.043846924079481236,-0.016747173527987446,0.9988799080611753
1785983386.392962,-1.194912109375,-1.1429202880859375,1.4918455810546876,0.004480490878809515,0.04344986396003605,-0.015749197890945366,0.9989214161736376
1785983386.412922,-1.1916495361328125,-1.1504962158203125,1.4902396240234375,0.0024215017646298806,0.043090085603498106,-0.014507329730917813,0.998962922561388
1785983386.422877,-1.1899722900390626,-1.1542276611328126,1.48943359375,0.0018156975848962445,0.04301199509744667,-0.01437623261937744,0.9989694634826214
1785983386.433011,-1.1882752685546876,-1.157926513671875,1.4885838623046874,0.0008850290062378457,0.04301614883335673,-0.01414508778533026,0.9989738489337638
1785983386.453033,-1.1847822265625,-1.1653033447265626,1.4869041748046874,-0.00042790202264438,0.043794690891429885,-0.013210996874803815,0.9989531073700398
1785983386.472871,-1.1812232666015625,-1.1725238037109376,1.4851658935546874,-0.0018774095193885088,0.04414436109981775,-0.012461247471201177,0.9989456713288006
1785983386.483712,-1.179392578125,-1.17609716796875,1.48425146484375,-0.002782194330889208,0.04425480000451848,-0.011971521307075787,0.9989446644383196
1785983386.502921,-1.1756439208984375,-1.183239990234375,1.4826038818359375,-0.003122076789571196,0.04405504420623944,-0.011668851296024718,0.9989560758043436
1785983386.513041,-1.1737537841796875,-1.1867520751953125,1.481726318359375,-0.0035081285606857124,0.04377890507263836,-0.011835161060974589,0.9989649810543305
1785983386.523199,-1.1718575439453125,-1.1902216796875,1.4808134765625,-0.004001225991883338,0.04378975758443274,-0.01152828128434507,0.9989662415062487
1785983386.542883,-1.1679490966796875,-1.197019775390625,1.47904248046875,-0.004127576844147271,0.04402088761721766,-0.01052954254755004,0.9989665920458486
1785983386.553361,-1.1659454345703124,-1.2004169921875,1.4781602783203125,-0.0044817405864969835,0.04474597550281503,-0.010429099517123926,0.9989339018344429
1785983386.573057,-1.1618419189453124,-1.2070802001953125,1.4763389892578125,-0.004222623002616596,0.045564300216316155,-0.00950368281364477,0.9989072745198737
1785983386.583632,-1.159765380859375,-1.210368408203125,1.4754158935546875,-0.0038996289090156644,0.04578566072852155,-0.00921637991169265,0.9989011658005533
1785983386.603384,-1.1555662841796874,-1.2168577880859375,1.4735858154296875,-0.0038006834803235028,0.046465346304793174,-0.008618005221384508,0.9988754923617233
1785983386.623918,-1.151253173828125,-1.22320751953125,1.471729248046875,-0.0031655408556699465,0.046001867009955705,-0.007804934175385283,0.9989058499012478
1785983386.642938,-1.1468670654296875,-1.22941015625,1.4698824462890625,-0.0028347729329766666,0.045921279515466595,-0.00724596736677688,0.9989147630576699
1785983386.662865,-1.14242578125,-1.235446533203125,1.4681171875,-0.0028209136847012818,0.045969992085336336,-0.006194933678226602,0.9989196261019498
1785983386.672895,-1.1401927490234376,-1.2384044189453125,1.467251708984375,-0.0029898108534995188,0.04544461621249557,-0.00628936252870023,0.9989425909865767
1785983386.693195,-1.1357322998046875,-1.2442215576171876,1.4655394287109376,-0.0029113905152323137,0.044488274848423104,-0.00558904329979765,0.9989900257120529
1785983386.712995,-1.131064697265625,-1.249947021484375,1.4639014892578126,-0.0028355141273694534,0.04302048115492227,-0.005027313525972155,0.9990575193556036
1785983386.723604,-1.1287647705078125,-1.2526986083984375,1.4630828857421876,-0.002846918940259033,0.04248671707995703,-0.004665055450935982,0.999082084418465
1785983386.742857,-1.1240821533203125,-1.25813037109375,1.4614736328125,-0.0026631898425526837,0.041228759123092984,-0.00382254287380921,0.9991388785597312
1785983386.752916,-1.1216751708984376,-1.2608455810546875,1.4606722412109374,-0.00301132654063107,0.04109232039737594,-0.0037394257818564583,0.9991438150828476
1785983386.763203,-1.1192559814453125,-1.2635152587890626,1.4598814697265625,-0.0033799858147568165,0.039509629810379934,-0.002887193928237117,0.9992093000047146
1785983386.773356,-1.1168995361328125,-1.26610986328125,1.459140625,-0.0036087868288472266,0.039461329090484686,-0.0028983920723843243,0.999210373736744
1785983386.794771,-1.1120498046875,-1.2711719970703126,1.4576038818359376,-0.0038528596276618515,0.03895522843882802,-0.0017268758031013744,0.9992320419990309
1785983386.813240,-1.107166259765625,-1.2761141357421875,1.456232177734375,-0.004194216545164525,0.03801836258547444,-0.0013275370224733894,0.999267354443728
1785983386.823046,-1.1047115478515626,-1.2785772705078124,1.4555428466796876,-0.00423340873500689,0.03776555382002972,-0.0006819172189800633,0.9992774275073665
1785983386.833279,-1.1022369384765625,-1.2809466552734374,1.454877685546875,-0.004151805373163366,0.037774139104450044,-2.5200663294178872e-05,0.9992776810102488
1785983386.843188,-1.0997735595703124,-1.2832708740234375,1.4542061767578125,-0.0045395637604265715,0.037685227692556694,0.0005715076694438546,0.9992791871142828
1785983386.854792,-1.0973131103515625,-1.285615478515625,1.4535394287109376,-0.004535128327709163,0.03743260893580196,0.0011107133624095548,0.9992882386025922
1785983386.873084,-1.09234716796875,-1.2901263427734375,1.452300048828125,-0.005327402465938458,0.037218258845532794,0.0019719074747880597,0.9992910121888594
1785983386.884636,-1.089879150390625,-1.2923037109375,1.4516954345703126,-0.005715338640841624,0.036816991878890495,0.002315295537322005,0.9993029936948422
1785983386.904214,-1.0849046630859376,-1.2965877685546876,1.450514404296875,-0.0059559234073245804,0.036766724198121596,0.0031081571551397945,0.9993012937761672
1785983386.922991,-1.0798414306640625,-1.3007301025390625,1.44937841796875,-0.005852060486510629,0.037366847936230144,0.004287805508078354,0.9992752801862539
1785983386.933118,-1.077290771484375,-1.3027666015625,1.448833251953125,-0.005880974565890809,0.037470726372604984,0.004688216552904527,0.9992694197655695
1785983386.943413,-1.0747841796875,-1.3047279052734375,1.4482650146484375,-0.0059787014098391334,0.03822039428648602,0.0049549880826290065,0.9992391627465835
1785983386.954414,-1.0722159423828126,-1.3067242431640624,1.4476748046875,-0.00551395146415478,0.03844557597273791,0.0052892671856606495,0.9992314827758699
1785983386.973572,-1.06704638671875,-1.3105931396484376,1.446631103515625,-0.005647499558348191,0.04071207618170357,0.0068563908937339145,0.9991314289869799
1785983386.985537,-1.0644364013671874,-1.312482177734375,1.4461209716796875,-0.005578554941865496,0.04121085244610408,0.007438961133262708,0.9991072081703779
1785983387.006113,-1.0593427734375,-1.316010986328125,1.445039306640625,-0.005885296991686829,0.04103862045407678,0.007640657337223557,0.9991110113547021
1785983387.023575,-1.0541148681640624,-1.3193583984375,1.443998291015625,-0.005744806172650675,0.041714097013468066,0.00834010470286125,0.9990782662091161
1785983387.033974,-1.0515224609375,-1.3209862060546875,1.4434757080078124,-0.0054883959164906395,0.04271338441989409,0.008419938963360397,0.9990368019023002
1785983387.044416,-1.0488836669921875,-1.322547119140625,1.442976318359375,-0.00568706096773179,0.04299225091346754,0.009047118427727926,0.9990182542713054
1785983387.065365,-1.0435347900390626,-1.3256336669921875,1.442023193359375,-0.005671608277491033,0.04433579770656756,0.009929003190138974,0.9989512427711175
1785983387.083769,-1.03813232421875,-1.3285693359375,1.44108837890625,-0.005599359501669785,0.045403426566321306,0.010501480970907645,0.9988978391806702
1785983387.102950,-1.03264697265625,-1.3313612060546876,1.44017822265625,-0.006188534034227974,0.04600965434306918,0.010315555291650165,0.9988685554971509
1785983387.114272,-1.0298760986328126,-1.332626953125,1.4397039794921875,-0.006935455190106526,0.04618962059193553,0.010545954041571009,0.998852936187017
1785983387.133169,-1.024270263671875,-1.33515185546875,1.4387974853515626,-0.007184231220388521,0.0465966590954475,0.010484104005910159,0.9988329305820384
1785983387.143149,-1.0214660034179688,-1.33630078125,1.4383768310546876,-0.007522277137193058,0.04715172696710229,0.010899086957235604,0.9987999450742395
1785983387.163599,-1.0157433471679687,-1.3385225830078125,1.4375023193359375,-0.007594919199444258,0.04812199699511059,0.011600548805884965,0.9987452279049683
1785983387.183021,-1.00992431640625,-1.3406063232421874,1.4366385498046874,-0.00816842629314665,0.04910820040075251,0.011539756578520056,0.9986933948890281
1785983387.193245,-1.006990234375,-1.34159130859375,1.43622705078125,-0.00841937500341094,0.049248983418844955,0.01166347026021742,0.99868293545398
1785983387.203690,-1.00401611328125,-1.3425439453125,1.4358448486328126,-0.00884889429582646,0.05021455887221623,0.012208137453197451,0.9986246381365772
1785983387.223691,-0.9979468383789063,-1.344197265625,1.434841064453125,-0.009180198761361601,0.05144192761431724,0.012182180902643596,0.9985594879394342
1785983387.243139,-0.9917539672851563,-1.345830322265625,1.4338790283203124,-0.010266164984835376,0.05122843379478324,0.012411384729425221,0.9985570704659991
1785983387.263014,-0.9854230346679688,-1.347260498046875,1.43296044921875,-0.010479462119599544,0.05227410462479516,0.01274490836669997,0.998496452644725
1785983387.273081,-0.9821837768554688,-1.3478629150390624,1.432472900390625,-0.010035015976122417,0.05319159612822832,0.012890764576545272,0.9984506883779978
1785983387.283193,-0.9789419555664063,-1.3484110107421876,1.43196240234375,-0.010826225943084359,0.05361630869083466,0.012792785505729582,0.9984209662248997
1785983387.302994,-0.9723465576171875,-1.3493675537109375,1.4309071044921875,-0.010633832735630021,0.05454028138426742,0.012798100771941316,0.9983729223700413
1785983387.313127,-0.96897412109375,-1.3497618408203125,1.4303779296875,-0.010800037990146288,0.055160657633656004,0.01258251629141465,0.9983397947929137
1785983387.323151,-0.9656672973632813,-1.350140869140625,1.4298106689453125,-0.009946607126767166,0.05695945011961207,0.01267331041879875,0.9982464958371117
1785983387.333659,-0.96220556640625,-1.350470947265625,1.4292415771484375,-0.010606008319948632,0.05793744016327796,0.012417633172665216,0.9981866428877213
1785983387.354598,-0.9551528930664063,-1.3510025634765626,1.4281014404296875,-0.010131172002712963,0.058963574378792606,0.013225641133074012,0.9981211058003819
1785983387.372926,-0.9481495971679688,-1.3513963623046874,1.4268572998046876,-0.00889033249809646,0.060383216038315916,0.012228915536386584,0.9980607601028537
1785983387.383941,-0.9444547729492188,-1.3515458984375,1.426290283203125,-0.009475421227828514,0.06027907383481687,0.012266722412051043,0.9980612080061813
1785983387.393961,-0.9407827758789062,-1.3516070556640625,1.425669921875,-0.008394329255927252,0.06066543679667319,0.012288099228872053,0.998047210932188
1785983387.413294,-0.9332652587890625,-1.3516824951171875,1.4244339599609375,-0.008389200548752923,0.060129831377616044,0.012364430071640894,0.9980787283336319
1785983387.422956,-0.9294818725585937,-1.3516402587890626,1.4238084716796875,-0.007347125064662354,0.06092562499136477,0.0121192423705047,0.9980416866996268
1785983387.434027,-0.925624755859375,-1.35157763671875,1.423164794921875,-0.006455774836334065,0.0610576244787858,0.011523007758170285,0.9980468451393556
1785983387.452955,-0.91776416015625,-1.3513748779296875,1.4218909912109374,-0.005179025171683146,0.06091169964822314,0.011785405612430366,0.9980601405029194
1785983387.462879,-0.9137251586914062,-1.3512794189453126,1.4212261962890624,-0.005298382957306152,0.060566428625609355,0.011674776252627571,0.9980818337366613
1785983387.473050,-0.909719970703125,-1.351078125,1.4205955810546875,-0.00362122778849763,0.0605127512742463,0.011178993433340858,0.9980982563804842
1785983387.483110,-0.9056314697265625,-1.3508572998046875,1.4198922119140625,-0.003851083510153347,0.06057128308598638,0.01133369528044061,0.998092097920717
1785983387.494089,-0.9014725341796875,-1.350635986328125,1.4192047119140625,-0.002879846790841552,0.060369852654434536,0.010750674741768274,0.9981140293289968
1785983387.504123,-0.89729345703125,-1.350390869140625,1.418587158203125,-0.002216250859362294,0.06042606560315493,0.010993988906682631,0.9981096774234731
1785983387.523189,-0.88874267578125,-1.349841552734375,1.4172445068359374,-0.0011361405473247982,0.06028612213612698,0.01052927618199843,0.9981249575295437
1785983387.533653,-0.8844292602539062,-1.3495152587890624,1.4165782470703125,-0.0009170019161655024,0.060096598463887034,0.01054982845703085,0.9981363931959911
1785983387.554410,-0.8756757202148437,-1.3487777099609375,1.4152012939453125,0.0002820305764667204,0.059241683633934186,0.010146609689794379,0.9981920618210135
1785983387.573735,-0.86674169921875,-1.34801416015625,1.41377294921875,0.0011591180852125907,0.058604307317859226,0.010050571216478146,0.9982300159217598
1785983387.584147,-0.86221875,-1.34756884765625,1.413124755859375,0.0015923777028833976,0.05768697151478819,0.009808004636208742,0.9982852688402623
1785983387.603434,-0.853072265625,-1.346730712890625,1.411747314453125,0.00269511179582966,0.0563087268468544,0.008264361324789235,0.9983755641704974
1785983387.613392,-0.8484973754882813,-1.3462603759765626,1.4110394287109376,0.0027369455536047646,0.05564466110162129,0.007678322427187722,0.9984173544342289
1785983387.632880,-0.8391900634765626,-1.3452713623046875,1.4096212158203125,0.0036565612846333226,0.054831260510671234,0.007266352983024449,0.9984625008785595
1785983387.644319,-0.834506103515625,-1.3447498779296876,1.4089599609375,0.004039577805506238,0.05456272007056956,0.006815590256674606,0.998478917261298
1785983387.663768,-0.8249998779296875,-1.343650634765625,1.4075423583984374,0.00486214516707419,0.05304796899537071,0.006002814506716313,0.998562091939766
1785983387.683297,-0.8154338989257812,-1.3425394287109376,1.4061812744140625,0.00509184934056392,0.052444329787690626,0.0053475330563610935,0.9985965551325902
1785983387.693176,-0.8105838012695312,-1.3419229736328124,1.4054266357421874,0.005397326532044342,0.052286092833083934,0.005530805853566465,0.9986022404378562
1785983387.713349,-0.8008633422851562,-1.340743896484375,1.4040028076171875,0.0055788526574225075,0.05127424094676224,0.004531231884820167,0.9986587485234323
1785983387.723513,-0.7959637451171875,-1.3401021728515625,1.403261962890625,0.005818039749431456,0.05086394349800564,0.004653298791122437,0.9986778026811636
1785983387.733731,-0.79105419921875,-1.33948779296875,1.40260595703125,0.005328817963828241,0.050254334735219855,0.004236358303605282,0.9987132540855109
1785983387.744259,-0.7860922241210937,-1.33886328125,1.4018876953125,0.005262027020513591,0.050191611576386186,0.004189827361296723,0.9987169617880651
1785983387.763364,-0.7761615600585937,-1.3375281982421876,1.400418701171875,0.005053758152157068,0.04941130792460874,0.003947124931603961,0.9987579321039008
1785983387.782916,-0.7661541748046875,-1.3361768798828124,1.3989779052734375,0.005085892101331448,0.049178162230238534,0.0034856048914132334,0.9987709867494897
1785983387.793069,-0.7611146240234375,-1.3355107421875,1.3982874755859376,0.004816156371082351,0.04919543058498862,0.003566381335314412,0.9987711956224322
1785983387.803272,-0.75606591796875,-1.3347867431640625,1.397537353515625,0.004540929466318488,0.04941476544192056,0.0032646382563012327,0.9987626840146465
1785983387.814184,-0.7509540405273437,-1.334075439453125,1.3967823486328126,0.00482614239428128,0.04866015571924728,0.0032889540289928266,0.998798311435298
1785983387.833231,-0.7407655639648437,-1.332636962890625,1.395302734375,0.004223046693318248,0.0491221231721012,0.0025279371793338564,0.9987806470773728
1785983387.843751,-0.7356399536132813,-1.331916015625,1.3945760498046875,0.00478898402895456,0.04918966194540088,0.0027594052125423135,0.9987741571376668
1785983387.862830,-0.7252965698242188,-1.3305013427734376,1.3930283203125,0.004063285759672526,0.04919788822901669,0.002832901974679961,0.998776768038021
1785983387.872898,-0.7201220703125,-1.3297623291015626,1.39225146484375,0.003937662464758545,0.04901438364344274,0.0028976646360515737,0.9987861075456994
1785983387.883134,-0.7149100341796875,-1.3289796142578125,1.3914573974609374,0.0040169906512681946,0.04924259130965256,0.002451230808212553,0.9987757684369774
1785983387.893352,-0.7096569213867188,-1.3282635498046875,1.3906380615234375,0.004088619111173218,0.04939726689219357,0.0020452989069783423,0.9987687488223644
1785983387.904086,-0.704452392578125,-1.327575439453125,1.3898436279296875,0.004074492498392681,0.049187752564970134,0.0018485429703660433,0.9987795281252597
1785983387.923402,-0.6939096069335937,-1.3260521240234375,1.388113525390625,0.0045350770366917965,0.04924221503996783,0.001176231514736395,0.9987758728729541
1785983387.933337,-0.688645751953125,-1.3253369140625,1.3873145751953124,0.005486217096730193,0.04930357149066214,0.0011080583314076584,0.9987681595007206
1785983387.943964,-0.6833596801757813,-1.3246123046875,1.38645556640625,0.005825171797985018,0.049449209493232775,0.0007566178986850002,0.9987593643933504
1785983387.963925,-0.6727081909179687,-1.3231492919921874,1.384740478515625,0.0068169074781244685,0.04968375752101305,0.0003192429454814401,0.9987416769666814
1785983387.975245,-0.6673892211914062,-1.32240966796875,1.3839000244140625,0.007526023178351684,0.049724454617716,-8.188290337231518e-06,0.9987346123523347
1785983387.993339,-0.6566339111328126,-1.321032958984375,1.3821640625,0.008861018556923542,0.04986766972686289,-0.00021113860032166213,0.9987165067186737
1785983388.003368,-0.6512402954101563,-1.3203157958984375,1.3813106689453125,0.009504435782183001,0.0499376594348655,-0.00042028742604223,0.9987070248158233
1785983388.014261,-0.6458317260742188,-1.3196435546875,1.380392578125,0.010388404249026208,0.04983901580097034,-0.0010313182634891726,0.9987027053353477
1785983388.033984,-0.6349197387695312,-1.318307861328125,1.3787021484375,0.01061670673668871,0.05009397151301216,-0.0013969828500835701,0.9986870983520938
1785983388.053423,-0.6239537963867188,-1.3169833984375,1.3769647216796874,0.011494332289743912,0.04916271154414308,-0.001908935622596048,0.998722825450526
1785983388.074049,-0.612947021484375,-1.3156729736328125,1.3751173095703124,0.012042336026529786,0.04943401633028111,-0.002615736808718046,0.9987013624878697
1785983388.093088,-0.6018585205078125,-1.314434814453125,1.37332373046875,0.012396074538461905,0.04923459760808307,-0.0031267284083758536,0.9987054134056026
1785983388.103727,-0.5962654418945312,-1.3138360595703125,1.372414794921875,0.01258822990279834,0.04923595992851872,-0.0033185030283181434,0.9987023323223404
1785983388.123218,-0.5850853881835938,-1.31268505859375,1.370479248046875,0.012306887171647934,0.04774271698524969,-0.0033502846467347736,0.9987782301392379
1785983388.143042,-0.5737974243164062,-1.3115718994140626,1.3686201171875,0.012107824134753028,0.047053696750224534,-0.003949790768214286,0.9988111641480283
1785983388.153607,-0.5681227416992187,-1.311000244140625,1.3676580810546874,0.012213560835276435,0.04729392474614181,-0.004012324958638007,0.9987982815971189
1785983388.173140,-0.5567802124023438,-1.3099573974609375,1.365752685546875,0.011189593912109632,0.04692120943134075,-0.004321861091168961,0.9988265677907275
1785983388.183107,-0.55105810546875,-1.3094180908203126,1.364770751953125,0.010900672432090723,0.04702617593143525,-0.0042248692311114295,0.9988252474878043
1785983388.193465,-0.5453324584960938,-1.3089039306640624,1.3638082275390624,0.010212244729392713,0.046415724117416124,-0.004657496543913316,0.9988591496285648
1785983388.213335,-0.5338051147460937,-1.3078980712890624,1.361844970703125,0.009377244817529719,0.04616152898959566,-0.004722814671851288,0.9988788115970858
1785983388.232885,-0.52221533203125,-1.3069486083984374,1.3598668212890626,0.008891333709780241,0.04594414743739089,-0.0049376743009909635,0.9988922301462727
1785983388.243331,-0.5164037475585938,-1.30647265625,1.3588424072265626,0.00870277135293954,0.04583066783408274,-0.005082261805537575,0.9988983836730236
1785983388.253690,-0.5105955810546875,-1.3060223388671874,1.35785595703125,0.008805475231455575,0.046099119107602525,-0.0052991954021877384,0.998884003008256
1785983388.264015,-0.5047233581542969,-1.3055443115234375,1.3568822021484375,0.008265059029114456,0.04597769405717033,-0.005043614177619586,0.9988955418671986
1785983388.283098,-0.4929760437011719,-1.304647216796875,1.3548109130859376,0.007710533275885582,0.045966940576390905,-0.005042868308357066,0.9989004795928744
1785983388.293334,-0.48709490966796876,-1.304189208984375,1.3537618408203125,0.007889480803008716,0.04564979455333684,-0.005453100294067373,0.998911466317868
1785983388.314196,-0.4753099060058594,-1.303276123046875,1.3516751708984376,0.006795186986101367,0.04512477830285229,-0.005273520137780583,0.9989443288079337
1785983388.333220,-0.4634154052734375,-1.3024144287109376,1.3495997314453125,0.007103452446122501,0.04557503594963398,-0.0058080955825108825,0.9989187832754194
1785983388.352923,-0.45145474243164063,-1.3015830078125,1.3475189208984375,0.0066964708012996355,0.04535941816262554,-0.005670019103661306,0.998932201287671
1785983388.363556,-0.4454977111816406,-1.3011195068359376,1.3464141845703126,0.006665087395554242,0.044952177889660085,-0.0056638843128282955,0.9989508474756987
1785983388.382994,-0.43343798828125,-1.300272705078125,1.3442869873046874,0.006800356358880106,0.04479059626112283,-0.005575619494009696,0.9989576868102229
1785983388.393739,-0.42741506958007813,-1.299861572265625,1.3432193603515625,0.006645221920671386,0.044942246042326946,-0.005938470845816692,0.9989498331320219
1785983388.403773,-0.42140158081054685,-1.2994449462890625,1.342151123046875,0.006522384902911758,0.044377910277955346,-0.006113151774496979,0.9989748185036966
1785983388.423154,-0.40928778076171873,-1.2985428466796876,1.3399989013671876,0.006429187755014941,0.04435243470524965,-0.0059978511273867715,0.9989772573408287
1785983388.443342,-0.3971170654296875,-1.2976832275390624,1.3377783203125,0.0062676656503504865,0.04374888086675337,-0.00661220314447469,0.999001018910275
1785983388.464398,-0.3849005126953125,-1.29685009765625,1.335594970703125,0.006550950631119991,0.042853412509638415,-0.0067770690767440965,0.9990369063109893
1785983388.483629,-0.3726575012207031,-1.295978759765625,1.3334080810546876,0.006152895116460561,0.04216947981346023,-0.006573336166185673,0.9990698989102584
1785983388.503220,-0.3604024658203125,-1.2950531005859376,1.3312457275390626,0.006907614890072289,0.04189824805382143,-0.0068492374853578565,0.9990745225600012
1785983388.523056,-0.34806997680664065,-1.294160400390625,1.3290283203125,0.00559892487291957,0.041707238914621726,-0.00686909781697953,0.9990905709330778
1785983388.533053,-0.34188693237304685,-1.2937037353515626,1.3279427490234375,0.006003578863977041,0.04189858789966552,-0.006813165911005946,0.9990806003896119
1785983388.543173,-0.3357021484375,-1.2932547607421876,1.3268419189453124,0.006143582679105208,0.04148862357856883,-0.00703674396057344,0.9990953063470679
1785983388.554222,-0.329519287109375,-1.2927891845703126,1.3257333984375,0.0057135353637219645,0.041307627134511256,-0.006941186307510092,0.9991060299260226
1785983388.564736,-0.323366943359375,-1.292355712890625,1.3246422119140624,0.005462643350806816,0.04094613076866378,-0.007208119502035235,0.9991204223093643
1785983388.584359,-0.31093960571289064,-1.2913675537109375,1.3224537353515624,0.005352792809942717,0.04020582324054804,-0.007552562182654476,0.9991485427875599
1785983388.594466,-0.30474951171875,-1.2908763427734375,1.3213260498046875,0.004730320470634277,0.040715646828338524,-0.007323193311719914,0.9991327414282521
1785983388.613138,-0.2922833251953125,-1.28993017578125,1.3191737060546875,0.004895466837803881,0.040204839028279246,-0.007795706571074683,0.9991490498586613
1785983388.623347,-0.28606005859375,-1.2894443359375,1.3180933837890625,0.0050381847901044136,0.03990042385161265,-0.008035682517798152,0.9991586468764218
1785983388.643380,-0.27358804321289065,-1.288379150390625,1.3159019775390626,0.004712567213276277,0.04003763625584302,-0.008102933653335132,0.9991542100381761
1785983388.654960,-0.26736785888671877,-1.2878494873046875,1.3147564697265626,0.0048143173185131866,0.03960354976119309,-0.008264190307421433,0.9991696978735951
1785983388.673673,-0.2548912353515625,-1.2867823486328125,1.3125693359375,0.004478698631794185,0.03975422703863222,-0.008611983992255458,0.9991623380125539
1785983388.683650,-0.24866365051269532,-1.286215576171875,1.311483154296875,0.004605672142844628,0.038896379454794405,-0.008784934966588052,0.9991940215676962
1785983388.693594,-0.24243612670898437,-1.285668701171875,1.3103577880859374,0.004814287492632647,0.038829790344831826,-0.009035753769299248,0.9991933952139023
1785983388.712987,-0.22994784545898436,-1.28451416015625,1.30815478515625,0.004786250821006711,0.038650695504192555,-0.00935727396728656,0.9991975037893676
1785983388.723858,-0.2237146301269531,-1.2839813232421875,1.30706640625,0.004758622859624735,0.038280390120435,-0.009310947078750733,0.9992123273295604
1785983388.743469,-0.2112432861328125,-1.2827962646484374,1.3048299560546874,0.004971162662072432,0.03827385549789978,-0.00935451465688473,0.9992111342962335
1785983388.763688,-0.1987862548828125,-1.2815701904296875,1.3025552978515624,0.006040931866413607,0.03804688274829807,-0.010106601395291953,0.9992065783871101
1785983388.774918,-0.19249006652832032,-1.2809927978515625,1.301434326171875,0.006354267209782988,0.038194179218327705,-0.009967582934279863,0.9992004118452759
1785983388.794071,-0.1799883270263672,-1.2797427978515625,1.2991865234375,0.0067617469039726735,0.038142872600435515,-0.009950061210664385,0.9991998749740528
1785983388.813168,-0.1674746551513672,-1.278458740234375,1.29691015625,0.007472173324674966,0.038207274402353913,-0.010079437784995964,0.9991910612969032
1785983388.823455,-0.1612032470703125,-1.2778253173828125,1.2957479248046875,0.007472002589193657,0.03792853676903326,-0.010196761269156224,0.9992004938672429
1785983388.834244,-0.15492724609375,-1.2771903076171875,1.294604248046875,0.007672833519388411,0.038277325029222715,-0.00999855863443416,0.9991876685324377
1785983388.853405,-0.14239578247070311,-1.275903076171875,1.292312255859375,0.00861518114543939,0.03836393050645388,-0.009874132575821547,0.9991779002890949
1785983388.864094,-0.13610707092285157,-1.2752396240234376,1.29111865234375,0.008414860907733896,0.038353484336883424,-0.010130972870774056,0.9991774454296353
1785983388.885736,-0.12354727935791016,-1.273964111328125,1.2887760009765625,0.009593788608524001,0.03875837424498691,-0.010100452866804631,0.9991515031843261
1785983388.903167,-0.11108712005615234,-1.2726431884765625,1.28643896484375,0.009868259923628914,0.03796320712524522,-0.010221304800759305,0.9991781389038107
1785983388.913634,-0.10483287048339844,-1.27200048828125,1.285295654296875,0.010613927943564062,0.03765503559913968,-0.010316234189280175,0.9991811737797549
1785983388.933764,-0.09232818603515625,-1.270744140625,1.282915771484375,0.010347538554102954,0.03731500819165509,-0.010533111103528059,0.9991944689630229
1785983388.945258,-0.0860978012084961,-1.2701175537109375,1.28174609375,0.010769714618979008,0.03743393023838059,-0.010134149833023371,0.9991896743660083
1785983388.963088,-0.07361421966552735,-1.26885205078125,1.2793970947265625,0.01111102373997723,0.03685427000018532,-0.010277283018824152,0.9992060266061988
1785983388.983040,-0.06116196441650391,-1.26761083984375,1.2770518798828125,0.011852658956606062,0.0364578657974618,-0.01047844896160032,0.9992099561744253
1785983388.993281,-0.05494724655151367,-1.2670382080078124,1.2758226318359376,0.011630174527813297,0.03658704844149958,-0.010567050888745976,0.9992069213859014
1785983389.013444,-0.04247996520996094,-1.26580322265625,1.273468994140625,0.0123538692215951,0.03638048064140654,-0.010529674759355132,0.9992061682797051
1785983389.033072,-0.03003586769104004,-1.2646209716796875,1.27111767578125,0.012325652201227336,0.03640000368135403,-0.01067925896439977,0.9992042221313613
1785983389.043063,-0.023779075622558595,-1.2640555419921875,1.2699564208984375,0.012541163801154685,0.03634020357611213,-0.010411132023494127,0.9992065485611228
1785983389.053270,-0.01758531379699707,-1.2634727783203126,1.2687030029296875,0.012420599375202504,0.03640300742920681,-0.010780739745820377,0.9992018509569922
1785983389.063236,-0.011360880851745605,-1.26291455078125,1.2675521240234375,0.012512139571264628,0.03678965015987095,-0.01047174873556147,0.999189823498455
1785983389.074528,-0.005221271514892578,-1.262323974609375,1.266320556640625,0.012693527706419794,0.03607615318536522,-0.010653365954889428,0.9992116338791125
1785983389.096529,0.00723532772064209,-1.2612413330078125,1.2639173583984376,0.012594300388710894,0.03607162835995193,-0.010765236527728848,0.9992118575728579
1785983389.113188,0.019652589797973633,-1.260109130859375,1.2615072021484375,0.012498369524360273,0.035949803651257196,-0.010224767076741819,0.9992231316727643
1785983389.123191,0.025875022888183594,-1.2595274658203126,1.2602513427734374,0.011926014131564635,0.03616924673041743,-0.01016369976937109,0.9992228185050401
1785983389.133324,0.032114822387695315,-1.258953125,1.259136474609375,0.012332645559852364,0.036471058875405256,-0.01008779980688002,0.9992076894045071
1785983389.156655,0.04451121139526367,-1.2579483642578124,1.2566883544921874,0.011496178399346966,0.03616227101840419,-0.010243117747389797,0.9992273072330414
1785983389.173503,0.05686146545410156,-1.25695263671875,1.2542464599609375,0.010911579834965608,0.03658509053672361,-0.010180256268927674,0.9992191052231146
1785983389.195010,0.06917273712158203,-1.25597265625,1.2518197021484374,0.010595814703972728,0.03649063155555482,-0.010498919088464093,0.9992226619211412
1785983389.213174,0.08150039672851563,-1.2550911865234375,1.2493759765625,0.01046880277682665,0.03584536438323457,-0.010255530115653751,0.9992498847817246
1785983389.223140,0.08763896942138671,-1.254579345703125,1.248143798828125,0.010495338141002447,0.03531825960080011,-0.010487610873471723,0.9992659676187242
1785983389.233475,0.09379140472412109,-1.254154541015625,1.2469320068359375,0.010248585450172671,0.03579784385614046,-0.010462799060051625,0.9992517189987434
1785983389.254406,0.10599447631835937,-1.253291015625,1.24451025390625,0.010435756310076203,0.03535172643191471,-0.010565284449705944,0.9992645882478596
1785983389.273797,0.1181976318359375,-1.2524808349609375,1.2420091552734376,0.010592082581622055,0.0349746605297564,-0.01035431758942935,0.9992784266065889
1785983389.284134,0.12429508209228515,-1.2520980224609375,1.240756103515625,0.010666735961027893,0.03482340153583436,-0.010333279478204381,0.9992831313066649
1785983389.304460,0.13645872497558595,-1.251296142578125,1.2383182373046875,0.010566351555685081,0.03464666606037803,-0.010457100992312984,0.9992890512939894
1785983389.322920,0.1486427001953125,-1.2505394287109375,1.235829345703125,0.010978229215822711,0.03426139920974296,-0.010457987112800438,0.9992978864743265
1785983389.333041,0.1546947021484375,-1.250217529296875,1.2345731201171875,0.010936519098143093,0.03480557422083622,-0.010624425434269346,0.99927778539377
1785983389.343051,0.16076023864746095,-1.2498380126953126,1.23338623046875,0.01119744215093631,0.03419016862479579,-0.01044942635717469,0.9992979833999224
1785983389.353634,0.16680534362792968,-1.2495125732421875,1.23210595703125,0.010963278797625294,0.034376253859644726,-0.010546075031595539,0.9992931818437183
1785983389.372957,0.178885498046875,-1.248885498046875,1.2296551513671874,0.011087677278861586,0.03459875506928446,-0.01059087291133518,0.9992836532213147
1785983389.392958,0.19092588806152344,-1.2482684326171876,1.227182861328125,0.010989727332534985,0.03447349824252462,-0.010440578320698349,0.999290654307193
1785983389.413637,0.2029154052734375,-1.2476815185546875,1.2247286376953126,0.010838758121625543,0.034062741064288825,-0.010737241214593404,0.9993032397354634
1785983389.432833,0.21484744262695313,-1.2471746826171874,1.2222198486328124,0.010405486653527085,0.03413953894148138,-0.01014339452898867,0.9993114335991284
1785983389.442933,0.22083824157714843,-1.2468973388671876,1.2209918212890625,0.010329141067498543,0.034082864977453005,-0.010224347473023131,0.9993133273487792
1785983389.453291,0.22675804138183595,-1.2466424560546876,1.219750732421875,0.010164798654626267,0.03408229258213034,-0.010384507409496547,0.9993133869943792
1785983389.473109,0.23869270324707031,-1.2462332763671875,1.2172921142578126,0.00933139626358326,0.0341768555544816,-0.010145850921929631,0.9993207308316754
1785983389.492872,0.2505390625,-1.245759033203125,1.2147889404296874,0.009758165333644361,0.03358055486662449,-0.010123562374563801,0.9993370958384235
1785983389.503178,0.2564398803710938,-1.2455528564453124,1.2135723876953124,0.00975427321281959,0.034590348760735225,-0.009826228261025145,0.9993056703153157
1785983389.514538,0.26234304809570314,-1.245403564453125,1.2123553466796875,0.009420033338655159,0.03379416693419476,-0.009889614609705734,0.9993354928997157
1785983389.533163,0.27416567993164065,-1.2450447998046874,1.209867919921875,0.009757412129049908,0.03397991167058455,-0.010090259941587422,0.9993239442094983
1785983389.553340,0.28594134521484377,-1.2447640380859375,1.207322021484375,0.009556928852501867,0.03420360910505645,-0.009893558386611531,0.9993202163920389
1785983389.573141,0.2977070007324219,-1.2445068359375,1.2047943115234374,0.009670781970134669,0.03441243789029997,-0.009789719070525607,0.9993129694751045
1785983389.593558,0.3094325561523438,-1.244356689453125,1.202255859375,0.009760865084194286,0.03508745659273664,-0.00976363541060303,0.999288872352821
1785983389.613482,0.32116128540039063,-1.244240234375,1.199728515625,0.010078851275238894,0.03519320480103037,-0.009533778050278458,0.9992842273271147
1785983389.634001,0.3328126525878906,-1.2441318359375,1.1972022705078125,0.01004436162773423,0.03606529578339018,-0.009195448917114766,0.9992566400521598
1785983389.644308,0.3386744689941406,-1.2440828857421875,1.19587939453125,0.009622781270555133,0.03569429550863643,-0.009446178213244956,0.9992717833235942
1785983389.663290,0.350339111328125,-1.244134521484375,1.19329638671875,0.009365427365721976,0.036006130614355314,-0.009315670239502933,0.9992642676370616
1785983389.673371,0.3561475830078125,-1.2441326904296874,1.1919971923828125,0.010062819912694608,0.035579265340054754,-0.00958973157933456,0.999270180280118
1785983389.684244,0.3619683837890625,-1.2441209716796875,1.1907088623046875,0.010055388139923288,0.03559293506363175,-0.009355702770831855,0.9992719846358491
1785983389.702895,0.3735293273925781,-1.244169677734375,1.1880970458984375,0.00944544861044684,0.03587612821017146,-0.009108956902733263,0.9992700908078482
1785983389.713101,0.3793077392578125,-1.2442015380859375,1.186810546875,0.009547780191383453,0.03515986439846137,-0.009398985454309247,0.9992918919807446
1785983389.723737,0.38508535766601565,-1.2442919921875,1.185476318359375,0.009388107895053165,0.03603546927339985,-0.00887165604070708,0.9992670338338175
1785983389.743457,0.39658102416992186,-1.24443017578125,1.1828887939453125,0.008909831809771748,0.03538809545080817,-0.00877748982122941,0.9992953738613692
1785983389.753792,0.4022915649414063,-1.244509521484375,1.1816119384765624,0.009257620535045629,0.034896555235781876,-0.009186906415005979,0.9993058194304515
1785983389.764204,0.4080227355957031,-1.2445975341796875,1.1803193359375,0.009116487848701772,0.03524251742586563,-0.00919294280247134,0.9992949265112188
1785983389.774120,0.4137513427734375,-1.2447181396484375,1.179039794921875,0.008404488060090825,0.03473855860108054,-0.00921804187355869,0.9993185761479514
1785983389.793343,0.42524325561523435,-1.24494189453125,1.176506591796875,0.008538703600109636,0.03532563904082733,-0.00863277835334083,0.9993020915453791
1785983389.803843,0.4309310302734375,-1.24512548828125,1.1751871337890625,0.008428426438732548,0.03562582975721964,-0.008325647257264443,0.9992949712462428
1785983389.824996,0.4424054870605469,-1.245442138671875,1.172593505859375,0.008003021166831704,0.03528498684447344,-0.009018659075751802,0.9993045594068529
1785983389.843042,0.45386663818359374,-1.245750244140625,1.1700091552734375,0.007656820282670055,0.03556723066264219,-0.008478821492198613,0.999301987164397
1785983389.854020,0.4595501403808594,-1.245962646484375,1.16874755859375,0.007613344574726014,0.036044179962852474,-0.008295616592696382,0.999286769791693
1785983389.874624,0.4710049133300781,-1.246359375,1.166121337890625,0.00722213467757818,0.03691124986827074,-0.008349353357654042,0.9992575720671226
1785983389.893226,0.48239138793945313,-1.246817626953125,1.16351806640625,0.006975455897280487,0.03723088601091459,-0.007771764366515806,0.9992521216312968
1785983389.904559,0.48809759521484375,-1.2469927978515625,1.16217041015625,0.006705639495900617,0.03719450849425943,-0.008151773925848534,0.9992522931228908
1785983389.924400,0.49944940185546877,-1.247491455078125,1.159550537109375,0.006628173207680426,0.03779969392645845,-0.0077310202410124694,0.9992334437837124
1785983389.944470,0.5108730773925781,-1.2479525146484376,1.156920166015625,0.006465587509812873,0.03817190113606027,-0.008057747491024897,0.9992177779824523
1785983389.963404,0.5222722778320312,-1.2484404296875,1.15427978515625,0.005896434134192701,0.03835615275330398,-0.0077460946964429175,0.9992167117148004
1785983389.973276,0.5279991455078125,-1.248666748046875,1.15285205078125,0.005677981279462858,0.03886791163684305,-0.007696081023978322,0.9991985849906295
1785983389.993233,0.5393834838867188,-1.2491053466796875,1.15017578125,0.00509226028632292,0.039097676060267796,-0.006135580160861093,0.9992035883274426
1785983390.003316,0.5450810546875,-1.249334228515625,1.1488277587890625,0.004757316240605786,0.038736487957342594,-0.0050523908315681845,0.9992253685822255
1785983390.014473,0.550812255859375,-1.2494658203125,1.1474671630859374,0.004265812464375098,0.039238091865545464,-0.003596799665878146,0.9992143107443138
1785983390.033876,0.56225,-1.2497781982421876,1.14472509765625,0.0032022741099582055,0.038769764439047956,6.594882219721581e-05,0.9992430325347047
1785983390.053402,0.5737368774414062,-1.2499737548828125,1.14206689453125,0.0015054589994271679,0.03910960448376985,0.005032466949117508,0.9992211184499675
1785983390.073200,0.5852340698242188,-1.2499661865234375,1.1394034423828125,-0.0013608715085988775,0.03913273972780813,0.011847271289017795,0.9991628599903004
1785983390.093181,0.5967412719726563,-1.249864013671875,1.1368458251953124,-0.004673354218250068,0.03970783983144321,0.019238039787932565,0.9990151890687329
1785983390.113663,0.608203125,-1.2495557861328126,1.13433935546875,-0.007327516071704793,0.040346044186851726,0.02801311258459651,0.9987661229814772
1785983390.135497,0.6197369995117188,-1.2491881103515625,1.131949951171875,-0.009873982896402969,0.04064859078459378,0.03863964941091981,0.9983772656653953
1785983390.153215,0.6312022705078125,-1.2486695556640626,1.1296029052734375,-0.012190736698701615,0.039875211144461055,0.050356399285135064,0.997860504785305
1785983390.163198,0.6369400634765625,-1.2483629150390625,1.1284210205078125,-0.013188358981123775,0.03985204368028373,0.05615220434168175,0.9975393763038759
1785983390.183383,0.6483338623046875,-1.2477132568359375,1.126210693359375,-0.014935478063855877,0.04006602949672099,0.06885164565488933,0.9967101415204698
1785983390.193227,0.653988037109375,-1.247323974609375,1.1250745849609376,-0.015787841923603822,0.038781241025538746,0.07548758826188667,0.99626722882114
1785983390.203230,0.659656005859375,-1.246822021484375,1.1239678955078125,-0.016424899099317193,0.03867949595170163,0.082954790561548,0.9956669210838689
1785983390.213410,0.6653441772460937,-1.24630517578125,1.1228583984375,-0.0166562629798738,0.037773733936991225,0.09051464672582964,0.9950391085525134
1785983390.234896,0.676546875,-1.2451500244140625,1.1207069091796875,-0.017632813253042137,0.0374947126969678,0.1065684629840919,0.9934416901463174
1785983390.253146,0.687732177734375,-1.243713623046875,1.1184637451171875,-0.017182121152318715,0.03600682594905027,0.12274992323573598,0.9916353867243027
1785983390.263328,0.6932855224609376,-1.24305029296875,1.117403076171875,-0.017384054193150277,0.0351983330911842,0.13160660533996607,0.9905243924794708
1785983390.273454,0.698864501953125,-1.242293212890625,1.1163443603515626,-0.01739926126891895,0.034233336125700495,0.1405521838058923,0.9893282745663416
1785983390.293165,0.7098889770507812,-1.2406390380859376,1.1141932373046874,-0.016878633630569115,0.03320101840695772,0.15895655075304646,0.9865828005901537
1785983390.313140,0.7208179321289062,-1.2388446044921875,1.112055419921875,-0.016112961220792265,0.031829868618650926,0.17837963984004376,0.9833147681970295
1785983390.323468,0.7263101806640625,-1.2378856201171875,1.1109820556640626,-0.01566533044201418,0.0317170099463755,0.1879345955750507,0.9815442998511023
1785983390.344161,0.7370097045898437,-1.235828857421875,1.1088056640625,-0.015187428767691538,0.030903473827704885,0.20834972340319488,0.977448061919346
1785983390.363384,0.7475953369140625,-1.2337296142578125,1.1066632080078125,-0.013985990372109933,0.030246992173190063,0.22900675323865982,0.9728542647202648
1785983390.375156,0.7528794555664062,-1.2325994873046875,1.1055926513671874,-0.013276818090821109,0.029862383679586872,0.23972543696870996,0.9702905203991237
1785983390.394511,0.7632952880859375,-1.230490966796875,1.1034462890625,-0.011346096279969546,0.028553165646777033,0.2602803050010069,0.965044108912065
1785983390.412920,0.7735237426757813,-1.228173583984375,1.1013118896484375,-0.009847725689971705,0.02796464405583443,0.2818565630886932,0.9589983750698496
1785983390.422993,0.7785836791992188,-1.22697607421875,1.100240234375,-0.00961351829048353,0.027250787882973908,0.29300120053770334,0.9556752933767689
1785983390.433337,0.7835532836914062,-1.225758544921875,1.0991553955078126,-0.00919701951721356,0.027029955065615393,0.3043305921110571,0.952138476197392
1785983390.443483,0.7884567260742188,-1.2245869140625,1.0980323486328125,-0.008763160964223513,0.026945610236129545,0.3157417088308193,0.9484220151564129
1785983390.453724,0.79339697265625,-1.22340283203125,1.096974365234375,-0.007811771529311923,0.02618644372961302,0.327073886684765,0.9446035753424966
1785983390.474230,0.8030852661132812,-1.221013427734375,1.09474951171875,-0.006626510855217115,0.024614596014649076,0.34916363364611985,0.936714988109171
1785983390.492946,0.8125477294921875,-1.21876025390625,1.0924344482421875,-0.005057047890164011,0.023553874027447116,0.37161300956042864,0.9280751054370016
1785983390.502909,0.8172400512695313,-1.217642822265625,1.0912847900390625,-0.003941571360842,0.023016495531642055,0.3826060246475169,0.9236164455371311
1785983390.512997,0.8218847045898438,-1.216506103515625,1.0900296630859374,-0.0029248686272030557,0.022758476996780626,0.3928746600934641,0.9193057043721854
1785983390.523062,0.8265276489257812,-1.2154552001953125,1.088799072265625,-0.001817417041908243,0.022070579788762656,0.4031839317577656,0.9148509708578897
1785983390.533474,0.8310946044921875,-1.214460205078125,1.0875455322265626,-0.0008337302440289834,0.022042578454352466,0.4134264640931141,0.9102702826582081
1785983390.553452,0.8403834228515625,-1.212749267578125,1.0849625244140626,0.0034892297360597816,0.021964274673440407,0.43264448526798494,0.9012902703328997
1785983390.573623,0.8494443969726563,-1.2108563232421874,1.0821658935546874,0.0059609699341585465,0.021181264854427548,0.4504234811746243,0.8925438421497807
1785983390.593038,0.8583900756835937,-1.2092039794921876,1.0794085693359374,0.007787047951359933,0.02156659346774532,0.4670293953013691,0.8839444524403535
1785983390.603171,0.8628885498046875,-1.208409912109375,1.07795068359375,0.009404617917792624,0.022488334478811427,0.4751213106327629,0.8795826153200352
1785983390.613318,0.8675612182617187,-1.2078992919921876,1.0766353759765626,0.012159279062717871,0.024015541482604104,0.48303479406486105,0.8751872918089831
1785983390.633222,0.8763359375,-1.2064151611328124,1.0737049560546874,0.012270192913401468,0.02461242607492346,0.4978999910139118,0.866798287760549
1785983390.643820,0.8807357177734375,-1.2057406005859375,1.0722479248046874,0.012016903552943468,0.026059290012238927,0.5053523836897766,0.8624357769731419
1785983390.663133,0.8895317993164062,-1.204517822265625,1.0692540283203125,0.011717269703779745,0.02759230691618824,0.5188438571229346,0.8543432705407396
1785983390.673375,0.8939529418945312,-1.203988525390625,1.0677783203125,0.011775399928671288,0.028452471687914337,0.5253702522187367,0.8503163432742755
1785983390.683389,0.8983466186523438,-1.2034925537109376,1.06623095703125,0.011419862938068745,0.02952113155535156,0.531604899708904,0.8464008034792667
1785983390.702980,0.9071257934570313,-1.2025472412109375,1.0631646728515625,0.009732102275868227,0.03154229768614913,0.5438563884009596,0.838528836884689
1785983390.722937,0.915875244140625,-1.2017469482421874,1.0600565185546875,0.008140033221498656,0.03293594184840322,0.5552984700070257,0.8309588214524577
1785983390.733668,0.9202525634765625,-1.201436279296875,1.0585247802734374,0.00691079203957193,0.0337051779872295,0.5605969948559424,0.8273736811438764
1785983390.743945,0.924648681640625,-1.2010987548828125,1.0569217529296875,0.005693435726389588,0.03408557982491872,0.5658928139496254,0.823754261082524
1785983390.755037,0.9290447998046875,-1.200842529296875,1.0553487548828124,0.004570506701525467,0.03443889248012126,0.5709249708309729,0.8202668858516321
1785983390.773278,0.9377696533203125,-1.2002928466796876,1.0521383056640625,0.0016850708476460745,0.036055026011352014,0.5808159929903984,0.8132342633719253
1785983390.792958,0.946563232421875,-1.1998785400390626,1.048974609375,-0.0012492914695943415,0.03704027783684765,0.5903814003295506,0.8062730695321989
1785983390.803048,0.9509374389648437,-1.199646240234375,1.0472904052734375,-0.003691696565650263,0.037452224397914555,0.5945075109072401,0.8032088861183705
1785983390.814111,0.9553449096679687,-1.1994876708984374,1.0456722412109376,-0.005289177873367284,0.03805807356574807,0.5987249230234263,0.8000325401214989
1785983390.833092,0.964158935546875,-1.199165283203125,1.042460205078125,-0.008045939507753215,0.03892310570732912,0.6070051478654211,0.793703349687492
1785983390.843260,0.9685714721679688,-1.199017333984375,1.04084033203125,-0.009615745450639111,0.039293180152111286,0.6107043051397363,0.7908247917653288
1785983390.853782,0.9729848022460937,-1.198890380859375,1.03920654296875,-0.011181849085779492,0.039446412354551194,0.6142790404678038,0.7880229712081386
1785983390.864051,0.9773828125,-1.198751953125,1.0376219482421876,-0.012178964625985568,0.03872361009630639,0.6178223234059258,0.7852692119509559
1785983390.883286,0.9861346435546875,-1.1984222412109375,1.034407958984375,-0.014718913976223137,0.03936545742550998,0.6247763264437121,0.779671889494764
1785983390.893293,0.9904776000976563,-1.19820361328125,1.0327840576171874,-0.015161647456441807,0.03842270153424968,0.6278869685410314,0.7772076813539773
1785983390.913157,0.9991777954101563,-1.19786669921875,1.0295537109375,-0.017568519946896028,0.03783541703136804,0.6341842253340185,0.772055836779964
1785983390.923269,1.0035201416015624,-1.197665283203125,1.0279266357421875,-0.01920951487323843,0.03773266917130174,0.6371360648087807,0.7695874711620604
1785983390.933465,1.0078694458007813,-1.1974656982421874,1.02630322265625,-0.020538044077720388,0.03733268391378349,0.6402176434121933,0.7670109670043348
1785983390.953110,1.016490966796875,-1.1969552001953125,1.0230552368164063,-0.0225381859237402,0.037117543917639065,0.6453873678061522,0.7626201309290328
1785983390.963103,1.0208143310546876,-1.1966849365234375,1.0214606323242188,-0.023452480985159188,0.03691695393195751,0.6480263347554489,0.7603610973215967
1785983390.974081,1.0250732421875,-1.1963302001953124,1.0198007202148438,-0.024068176951532523,0.03688209596806181,0.6502531808549081,0.75844000369155
1785983390.993087,1.0337716064453124,-1.1957401123046876,1.01651171875,-0.02586042961848313,0.03552268157839594,0.6547832189501619,0.7545384735753828
1785983391.003188,1.038093994140625,-1.195480224609375,1.0149065551757812,-0.026598388121648067,0.03665020601235349,0.6572698776949789,0.7522935616854859
1785983391.013136,1.0423084716796875,-1.194996826171875,1.0132020263671875,-0.02612253751560239,0.035672478277472296,0.6588314197794372,0.750990171768036
1785983391.024547,1.046630615234375,-1.194636474609375,1.0115576782226563,-0.02660384157869317,0.03631264826345767,0.6613060170575579,0.7487643016188074
1785983391.043623,1.055087646484375,-1.1936785888671875,1.0081065063476562,-0.027016035796364666,0.036167908884873375,0.6645338258356231,0.7458932829461764
1785983391.053530,1.0592938232421876,-1.193184814453125,1.0064228515625,-0.026669157611457297,0.03616576437053411,0.6660868688542502,0.7445193513417805
1785983391.073250,1.0677154541015625,-1.1921842041015625,1.0030158081054688,-0.026770244013253813,0.03656021672411555,0.6696601435506951,0.7412840124905928
1785983391.084092,1.0718045654296875,-1.191520263671875,1.0012247314453124,-0.026042119340143728,0.036105526123167926,0.6708753981145642,0.7402326538549056
1785983391.093970,1.0760048828125,-1.1909813232421875,0.9995167846679688,-0.026181238309349097,0.03601574233682964,0.6722605415892559,0.7389744009995711
1785983391.113079,1.0841834716796874,-1.1896754150390625,0.9960153198242188,-0.02666042491197801,0.03606763606779222,0.6748068013715003,0.7366302424427492
1785983391.133153,1.09230908203125,-1.188267333984375,0.9924303588867187,-0.026289352555677225,0.03546947974217676,0.6773633208325232,0.7343226360867772
1785983391.143799,1.0962906494140625,-1.1874683837890625,0.990609375,-0.026627157726342505,0.03475875373679687,0.6781737383371753,0.7335960716194572
1785983391.163023,1.1042005615234376,-1.1858370361328125,0.9870272216796875,-0.027043943675781473,0.034012047640238886,0.6799981199496454,0.7319251041543489
1785983391.173230,1.1081749267578125,-1.18501171875,0.9852410888671875,-0.027141590544384968,0.0337740969345171,0.6812183514543467,0.7307969569756546
1785983391.193512,1.11597119140625,-1.183270263671875,0.9816608276367188,-0.02842390855062058,0.03370580219100205,0.6830455321539043,0.7290437474130259
1785983391.213646,1.123653076171875,-1.18137109375,0.9780194702148437,-0.02932099072784748,0.03351213068861391,0.6845392986917311,0.7276147118223875
1785983391.233405,1.13116357421875,-1.1793502197265624,0.9744212036132812,-0.030653114810831935,0.033529105564506306,0.6862068524781552,0.7259864657898841
1785983391.243838,1.1349222412109374,-1.1783480224609375,0.9726594848632812,-0.03156095230937554,0.03359051214418458,0.6867781230430675,0.7254043001345429
1785983391.263536,1.1422518310546874,-1.176103515625,0.96903173828125,-0.03239970492949005,0.03361042624259714,0.6878416779636779,0.7243579462994247
1785983391.285230,1.149436279296875,-1.1737373046875,0.9653862915039062,-0.03349888213456859,0.03371419381200224,0.6890104723944623,0.7231913679565679
1785983391.303593,1.156485107421875,-1.17126025390625,0.9617451171875,-0.03492196864309077,0.03375789730274756,0.6900428794511709,0.7221368772662983
1785983391.323486,1.163415771484375,-1.1686339111328126,0.9581299438476563,-0.03534890391494533,0.03393025673848953,0.6908461487163474,0.7213395876248965
1785983391.334422,1.1667738037109374,-1.167260498046875,0.95630224609375,-0.035787920576451505,0.03382029453423429,0.6914726043851469,0.7207225787889295
1785983391.345013,1.1701297607421874,-1.16586767578125,0.9545125732421875,-0.036000005860227106,0.03384032576813803,0.6917271964080973,0.7204667287763853
1785983391.363592,1.176837646484375,-1.16303271484375,0.9508654174804687,-0.03683439316380867,0.03505571990323016,0.6929113480150019,0.7192274864562446
1785983391.383612,1.18326416015625,-1.15996630859375,0.9472047729492188,-0.03766732133407992,0.03589435313626425,0.6936451324092624,0.7184352535459085
1785983391.403323,1.189553955078125,-1.156830322265625,0.9435700073242187,-0.037950070227438855,0.03648797581195974,0.6939332072895835,0.7181122051768325
1785983391.413332,1.19261767578125,-1.1551676025390625,0.941751708984375,-0.03823156383037523,0.03679854163994636,0.6942014831775151,0.7178220674039508
1785983391.432849,1.198587158203125,-1.15175390625,0.9380489501953125,-0.03725617756525588,0.036435566767414204,0.6945798148902995,0.7175258144464187
1785983391.443244,1.20153759765625,-1.15001318359375,0.9362368774414063,-0.037357696392480516,0.036169267495287524,0.6945618152009585,0.717551446178881
1785983391.453055,1.204458251953125,-1.148249755859375,0.9344522094726563,-0.0376681580909783,0.03628622378119944,0.6949114234623862,0.7171907265389029
1785983391.464530,1.2072857666015624,-1.1464615478515625,0.9326600952148437,-0.03731831989664199,0.03626168101923022,0.6953453685320728,0.7167895440784362
1785983391.483514,1.2128453369140626,-1.1427757568359376,0.9290628051757812,-0.036976123768564975,0.036350756342566445,0.695814419201746,0.7163474502113866
1785983391.504036,1.218314453125,-1.1389503173828126,0.9255342407226562,-0.03696572438546543,0.036881348503034456,0.6966651645474106,0.715493502635969
1785983391.522883,1.223613037109375,-1.1349920654296874,0.9218933715820312,-0.03636603637276316,0.03698936672725478,0.6975361698790199,0.7146695666123162
1785983391.533890,1.2262197265625,-1.1329591064453124,0.9201355590820313,-0.036344779892690374,0.037052079861445264,0.697805155114971,0.7144047791155632
1785983391.553371,1.231255126953125,-1.128752685546875,0.9165758056640625,-0.036295953817806946,0.03745483994602223,0.6984142872965939,0.7137907469327762
1785983391.573907,1.236086181640625,-1.1243369140625,0.912935546875,-0.036093908679652044,0.03788243605112763,0.6987327996290292,0.7134666287758984
1785983391.592998,1.2407825927734375,-1.1198336181640625,0.9093688354492188,-0.0352963374435684,0.037818080428636595,0.6988715661850387,0.7133740255879492
1785983391.603153,1.2430960693359374,-1.117525390625,0.9075606079101562,-0.03505536738827727,0.037680637479281506,0.6988795656827479,0.7133853267143152
1785983391.613704,1.245357177734375,-1.1151661376953126,0.9057411499023438,-0.03475396623934373,0.03815000463040695,0.6991699500288452,0.7130905302198131
1785983391.634211,1.2497633056640625,-1.110345458984375,0.9021956176757813,-0.03363364943969003,0.037796661537534124,0.6992447203943413,0.7130897606371304
1785983391.653580,1.2540762939453125,-1.10541455078125,0.8985863647460938,-0.033468782655410007,0.03807090468471691,0.6996720132846738,0.7126636868968904
1785983391.673449,1.258215576171875,-1.100337890625,0.8950985717773438,-0.03314468451626706,0.038332186350324204,0.6997292352095354,0.7126086441610666
1785983391.694511,1.2622474365234375,-1.095162109375,0.891533935546875,-0.03270543286934747,0.037711995509040856,0.6999319358940924,0.7124629472077479
1785983391.713403,1.2661014404296875,-1.0898399658203124,0.8879913330078125,-0.032514071614100595,0.038363930315231984,0.7000235569092237,0.7123468787948147
1785983391.723601,1.267995361328125,-1.08711669921875,0.8862453002929688,-0.03251356695146102,0.03808067879418054,0.7002088436485854,0.7121799803717018
1785983391.734271,1.2698870849609376,-1.0844090576171874,0.8845048217773438,-0.032234872019687326,0.037833355369619424,0.7002063499782512,0.7122082668148837
1785983391.753172,1.2735069580078124,-1.0788291015625,0.88092529296875,-0.03226609281718681,0.03841051802970481,0.7001937736006256,0.7121883280688808
1785983391.763184,1.275273193359375,-1.075997314453125,0.8792155151367187,-0.03203716603358158,0.03790951911062824,0.7004916198150535,0.7119325630834816
1785983391.773214,1.277005126953125,-1.0731712646484375,0.8775092163085938,-0.03222043996952486,0.037812448630239574,0.7005268441879066,0.7118947869636101
1785983391.783516,1.2787064208984376,-1.0702415771484375,0.8757215576171875,-0.03213452099589336,0.03783047677447078,0.7005084751058406,0.7119158158064864
1785983391.804523,1.282029296875,-1.064407470703125,0.8722771606445312,-0.03236872393389175,0.037793374530290684,0.7005954879314698,0.7118215266933379
1785983391.823271,1.285201416015625,-1.058482666015625,0.8688926391601562,-0.032312625933227535,0.037981588816821954,0.7006330037189651,0.711777137708638
1785983391.833530,1.2867613525390624,-1.0554151611328124,0.8671769409179687,-0.032282662995048325,0.03780804211317863,0.70062127195162,0.7117992864256935
1785983391.853324,1.2897840576171875,-1.04930126953125,0.8637862548828125,-0.032787331133307014,0.038167114043703966,0.7005633865500283,0.7118140282488491
1785983391.873845,1.2926549072265625,-1.0429923095703124,0.8603773193359375,-0.03280860130977661,0.038017124245511534,0.7005718385626277,0.7118127574845454
1785983391.893501,1.2954337158203124,-1.036607666015625,0.8570383911132813,-0.03292821555336198,0.038304849471568474,0.700523714588971,0.7118391730513884
1785983391.903617,1.296774658203125,-1.03334814453125,0.8553698120117188,-0.03271364582363705,0.038439301806963914,0.7004430182782241,0.7119212248328083
1785983391.923177,1.2994808349609375,-1.0268463134765624,0.8520525512695313,-0.033012848792481474,0.03840296326769196,0.7009606157334831,0.7113997218020272
1785983391.933591,1.300731201171875,-1.0235430297851562,0.8504375,-0.0332907652434679,0.0388428296923016,0.7008686973593078,0.7114534546124337
1785983391.953238,1.303146728515625,-1.016752197265625,0.8471455078125,-0.033738778145411874,0.038433200315917036,0.700890357880411,0.711433253514119
1785983391.963794,1.304317626953125,-1.0132962646484376,0.845460693359375,-0.03327604676643935,0.038582073406610407,0.7007292128725329,0.7116057277013513
1785983391.974166,1.305405517578125,-1.0098112182617187,0.8437341918945312,-0.032824282254793134,0.037800888260536326,0.7004492885516748,0.7119441457757962
1785983391.994651,1.30759765625,-1.00276708984375,0.8404791870117188,-0.03315899549416978,0.037612039978719376,0.7004161657968452,0.7119712185253254
1785983392.013179,1.3096844482421874,-0.9955990600585938,0.8371458129882813,-0.03304944660008531,0.038076081162767714,0.7001208633057834,0.7122420414304537
1785983392.023309,1.31078125,-0.9920982055664063,0.8355599975585938,-0.03369556053925165,0.0383053122423817,0.7009020645639933,0.7114306828049187
1785983392.033869,1.311706787109375,-0.9884265747070312,0.8339520874023437,-0.033178099358613954,0.03795060651177392,0.7006833914591442,0.7116893736207729
1785983392.053617,1.3134942626953126,-0.9809682006835938,0.83064453125,-0.03186231579906085,0.03769710221810973,0.7003927975154782,0.7120489063421891
1785983392.072996,1.3152818603515626,-0.9734634399414063,0.8273984985351562,-0.03240481820611599,0.038029758354645324,0.7005788116401377,0.7118237093703781
1785983392.083180,1.316105224609375,-0.9696749267578125,0.8257767944335938,-0.03167195812048998,0.03798642225755744,0.7002548065250706,0.7121777304586674
1785983392.093425,1.3169659423828124,-0.9658800048828124,0.8241968383789062,-0.031478084583974296,0.0379165064940526,0.7006668495413282,0.7117846939492576
1785983392.104533,1.3177200927734376,-0.9620140991210937,0.8225609741210937,-0.03115648426107204,0.03790879666699607,0.7005934994262775,0.7118714456204176
1785983392.123535,1.3191624755859375,-0.9541630859375,0.8193348999023438,-0.030303840916575155,0.038493679127479564,0.7004561476244519,0.7120119931455007
1785983392.134421,1.3198955078125,-0.9502597045898438,0.8177355346679688,-0.030350669849435834,0.038720416081966226,0.700299812688214,0.7121514731014951
1785983392.153063,1.321319091796875,-0.9423212890625,0.8145441284179687,-0.029791081177635955,0.03805538273562813,0.7008315894251338,0.7116876932022401
1785983392.163097,1.321954833984375,-0.938292724609375,0.8129515991210937,-0.029528463874180115,0.03806105440140566,0.7011672482645538,0.7113676337040733
1785983392.173225,1.3225445556640625,-0.9342415161132812,0.8113381958007813,-0.029159385726807714,0.038350820394165396,0.70095661878758,0.7115748440093654
1785983392.193197,1.323704345703125,-0.9261004638671875,0.808152099609375,-0.02835389864101959,0.03784768854831627,0.7005957604021926,0.7119895961379142
1785983392.213187,1.324778564453125,-0.9177822875976562,0.805023193359375,-0.027877688898136528,0.03777774429104133,0.7007288019008011,0.7118811895750404
1785983392.233293,1.3257757568359374,-0.9094381103515625,0.80187109375,-0.026733650667967974,0.037751082481138024,0.7003725286822082,0.7122769758578003
1785983392.243933,1.3262745361328125,-0.9052437133789063,0.8003191528320313,-0.026006893773319356,0.03782673156340558,0.7003348747121784,0.7123368895322295
1785983392.253890,1.3267567138671874,-0.9010279541015624,0.7987764892578125,-0.025690319406658984,0.03775977935633696,0.7005242071567073,0.7121657422450999
1785983392.273279,1.3276378173828125,-0.8925430908203125,0.7956817626953125,-0.02531362653628461,0.038040638635986807,0.700550262074582,0.7121386384744928
1785983392.283388,1.328070068359375,-0.8882952270507812,0.7941727294921875,-0.024559375516760337,0.037878155286613285,0.700486239140886,0.7122366776645372
1785983392.303268,1.328886962890625,-0.8795840454101562,0.791129150390625,-0.024483382201352613,0.03835488922551015,0.7003431215904153,0.7123545231237758
1785983392.323214,1.3297197265625,-0.8709656982421875,0.788102294921875,-0.02331592402235198,0.03863732178269927,0.7008396070820441,0.7118900014398348
1785983392.333365,1.33005615234375,-0.8665880737304688,0.7865984497070313,-0.023371209424784923,0.03853560272372874,0.7007220667970065,0.7120093937873683
1785983392.345109,1.33038134765625,-0.8621340942382812,0.7850911254882813,-0.022872559744687406,0.038705615525039455,0.7009638192742401,0.7117783723907537
1785983392.363564,1.331073974609375,-0.8533030395507812,0.782016357421875,-0.022197119935097525,0.03877173429399188,0.7008620153158353,0.711896389707872
1785983392.373570,1.331424072265625,-0.848912353515625,0.780553466796875,-0.02197171920040355,0.03896185492302882,0.7010715215676918,0.7116866880244568
1785983392.393350,1.331968017578125,-0.8399371948242188,0.7775661010742188,-0.021257846385386903,0.039404624690675676,0.7006229668891805,0.7121255664127747
1785983392.414526,1.33262744140625,-0.830956787109375,0.774571044921875,-0.02148155499170809,0.039875113834369764,0.7010490121842848,0.7116732345360005
1785983392.433307,1.333145263671875,-0.8219208984375,0.7716077270507813,-0.02160686014478358,0.04105194559998328,0.7017707785441903,0.7108907474613552
1785983392.444992,1.3333719482421875,-0.8173116455078125,0.7701038208007812,-0.02105765452197849,0.040224273375071735,0.7015289139021451,0.7111932116482871
1785983392.462846,1.333885009765625,-0.80821484375,0.7671879272460937,-0.020692074575604662,0.040135657685390014,0.701162312429951,0.7115703707796538
1785983392.473037,1.3341051025390624,-0.8036007080078125,0.7657350463867187,-0.020859288365860533,0.03964136270889672,0.7010109566491369,0.7117422871905988
1785983392.483381,1.3342962646484375,-0.7990004272460938,0.76423193359375,-0.02098583865570271,0.039470809750402396,0.7011977306523353,0.7115640312838213
1785983392.493631,1.3345506591796874,-0.7943792724609375,0.76279833984375,-0.021189324609740476,0.03983921721810674,0.7014552580458159,0.7112836100073778
1785983392.503571,1.3347696533203126,-0.7897109985351562,0.7613840942382812,-0.020979255506381248,0.03990989772583298,0.7013905326297054,0.7113497157658955
1785983392.514115,1.335011474609375,-0.785067138671875,0.7599774169921875,-0.02112819636631323,0.0397827592659484,0.7013649880051541,0.711377599919994
1785983392.533275,1.335451416015625,-0.7757638549804687,0.757124755859375,-0.021488778014406965,0.040257503987111136,0.7018155546632455,0.7108955642755951
1785983392.543514,1.3355975341796875,-0.7710099487304688,0.7556763305664063,-0.021794482181506463,0.040065438182383846,0.7018813547174053,0.7108321249336156
1785983392.553542,1.3357733154296876,-0.7662808837890625,0.7542598266601562,-0.021594958926685327,0.040049029434803325,0.7014525156389163,0.7112623221992652
1785983392.573168,1.3360374755859374,-0.7566979370117187,0.7513676147460937,-0.021965077287434385,0.039460438216201044,0.7013488636341139,0.7113860936768646
1785983392.583318,1.3361661376953125,-0.7519420776367187,0.7499483032226563,-0.021713771231129646,0.03960633331153705,0.7014200279116407,0.7113155328328924
1785983392.593229,1.3363546142578124,-0.747233154296875,0.748584716796875,-0.021831822485883317,0.03987578892223213,0.7016722644079766,0.7110480434482123
1785983392.613803,1.3366253662109375,-0.737578857421875,0.7457633056640625,-0.02213186457061679,0.039476457239787176,0.7016911882515453,0.711042394635273
1785983392.633589,1.3368218994140626,-0.7278895263671875,0.7429656982421875,-0.02179747504958272,0.039337415552530924,0.7017951665424176,0.7109577908345115
1785983392.656123,1.337071044921875,-0.718213623046875,0.740226806640625,-0.022552226021464096,0.03966419990100369,0.7019533555835904,0.7107598926532996
1785983392.673175,1.3372484130859374,-0.7083992919921875,0.737471923828125,-0.022449992344072408,0.039734002895327684,0.7019907310261364,0.7107223262734732
1785983392.683119,1.3373480224609375,-0.7035208740234375,0.7361420288085937,-0.022722601577941128,0.03957602158209147,0.7020939235454217,0.7106205397764628
1785983392.693433,1.33741455078125,-0.6986045532226562,0.7347693481445312,-0.02306943670696626,0.03951788831112896,0.7020147462727839,0.7106908174401824
1785983392.703442,1.337447021484375,-0.6936197509765625,0.7333712768554688,-0.023173094823191576,0.03941819587978312,0.7021081982533524,0.7106006375746134
1785983392.723285,1.3375260009765626,-0.6836282958984375,0.730653564453125,-0.022716711114164217,0.03898816667986434,0.7023325014544423,0.7104174213569139
1785983392.733466,1.3375931396484375,-0.6786492919921875,0.7293587036132813,-0.02272493501386912,0.03885677803233882,0.702381953165912,0.7103754868869344
1785983392.743304,1.337650146484375,-0.6736829223632812,0.7280192260742188,-0.02298625105143924,0.03900403887052498,0.7024476876776468,0.7102940127675845
1785983392.764457,1.3376854248046874,-0.6636494140625,0.7254097290039062,-0.02344563851634945,0.03916084228968414,0.7026485943586372,0.7100716003529937
1785983392.783256,1.3377230224609375,-0.6535819702148438,0.722806640625,-0.023670287201782686,0.03936222757212303,0.7029329182932684,0.7097715426241882
1785983392.793498,1.337715576171875,-0.6485001831054688,0.7214871215820312,-0.023944259489077923,0.03901582215300895,0.7029630125656208,0.7097516709070283
1785983392.804116,1.337676025390625,-0.6434006958007813,0.7201801147460938,-0.02395395045266373,0.03869879941428167,0.7028519596822908,0.7098786758648573
1785983392.823506,1.3376141357421876,-0.6331844482421874,0.7176315307617187,-0.024559743859765348,0.03887874926798089,0.7031257700163319,0.7095769316920789
1785983392.843301,1.337523193359375,-0.6229443969726562,0.7150848388671875,-0.0251951241812539,0.0391332527248165,0.7033161276683357,0.7093519549043963
1785983392.853394,1.3374384765625,-0.6177890625,0.713879150390625,-0.025520519719853717,0.03892144588722625,0.7035022620286557,0.7091674076647942
1785983392.863700,1.3373118896484375,-0.61259521484375,0.7125945434570312,-0.025259227280701627,0.03823288061583288,0.7034263316355418,0.7092895026913121
1785983392.883159,1.3371004638671875,-0.6022333984375,0.7101127319335937,-0.0254865524393267,0.03813465450704738,0.7037025585488976,0.7090126285164636
1785983392.893151,1.33698681640625,-0.5970665893554687,0.708891357421875,-0.02569935876084615,0.038054599016863526,0.703569647333821,0.7091411248662941
1785983392.903334,1.3368515625,-0.5918701171875,0.7076538696289062,-0.025440484695095723,0.037855235270815454,0.7037794143220331,0.7089529654478497
1785983392.914243,1.3366827392578124,-0.586636474609375,0.7064442749023437,-0.025824764726219803,0.03777802660590224,0.7038513609612016,0.7088717537518353
1785983392.924264,1.3365035400390626,-0.581398681640625,0.7052116088867187,-0.026119222125065098,0.037765997102311974,0.7038701638334193,0.708842930726902
1785983392.934224,1.336315185546875,-0.5761375732421875,0.7039580688476562,-0.02602600221833084,0.037529356057735684,0.7039286133179337,0.7088009022027111
1785983392.945358,1.3361290283203124,-0.5708699340820312,0.7027791137695313,-0.02631471797568708,0.03747793086543091,0.7040797039532313,0.708642872503626
1785983392.963146,1.3356912841796875,-0.5603844604492187,0.7003839111328125,-0.0265794564148454,0.03740924636676932,0.7045508343254869,0.7081682021063302
1785983392.973317,1.33544970703125,-0.55508349609375,0.699177734375,-0.027258697193907142,0.03719713099806329,0.7045422618126005,0.7081620770964513
1785983392.993054,1.33489599609375,-0.544478271484375,0.6967908325195312,-0.026729111910836684,0.036839803182862924,0.7043270016014898,0.7084150468437321
1785983393.002975,1.3346024169921875,-0.5391383666992188,0.6956193237304688,-0.026455141226378157,0.03653833599470087,0.7043948926994403,0.7083734230152027
1785983393.013077,1.3343358154296876,-0.533841064453125,0.6943872680664063,-0.02669900671577389,0.036578715047722574,0.7043816442262204,0.7083753652032387
1785983393.023153,1.33404736328125,-0.52847314453125,0.6932225952148438,-0.02631276231724267,0.03630475000711194,0.7044034203271597,0.7083822573147605
1785983393.033167,1.333682861328125,-0.523135986328125,0.6920213012695312,-0.02642589279227411,0.03629889495760406,0.7042866484331505,0.7084944611313017
1785983393.043163,1.3333427734375,-0.5177587890625,0.6908452758789062,-0.025820139975397578,0.03637773054434776,0.7043353032379557,0.7084643693199288
1785983393.053540,1.3330048828125,-0.5123898315429688,0.6896783447265625,-0.02612119190520939,0.036382712032899424,0.704321817431775,0.7084664886422724
1785983393.064045,1.3326444091796874,-0.5070030822753906,0.6885259399414062,-0.026135360759575434,0.036300556393051596,0.7045411173570537,0.7082520792789078
1785983393.074652,1.3322789306640626,-0.5016059265136719,0.6873359375,-0.025657936091692597,0.03626394830168846,0.704360015424014,0.7084515295170521
1785983393.093605,1.3314654541015625,-0.490760009765625,0.68500537109375,-0.025263673391325518,0.03651787977303652,0.7041978649064942,0.7086138342364474
1785983393.103701,1.331047119140625,-0.4853241577148438,0.683864990234375,-0.025451431887119493,0.0370065699426167,0.7040711815046237,0.7087076202954232
1785983393.123378,1.3301767578125,-0.474442626953125,0.6815770263671875,-0.025595874709782616,0.03730450050479719,0.7043397941295588,0.7084198457351957
1785983393.133794,1.329710693359375,-0.4690081787109375,0.6804308471679688,-0.025582442484748873,0.03754910746596322,0.704294895680742,0.7084520587210814
1785983393.155100,1.328657958984375,-0.457925048828125,0.678093017578125,-0.024301851602723714,0.03691282636578885,0.7035671659927295,0.7092531871279794
1785983393.173730,1.32765966796875,-0.4469740295410156,0.6757769165039063,-0.024154732012187492,0.037614808946255206,0.7034205731529697,0.7093667411868282
1785983393.192991,1.326535400390625,-0.4359461364746094,0.6734323120117187,-0.022862754350241113,0.03741708402838668,0.7032375698776819,0.7096014311254053
1785983393.202884,1.3259688720703124,-0.43041946411132814,0.6723317260742188,-0.022455183146970575,0.03725283392500812,0.7032322831241031,0.70962831551239
1785983393.214927,1.32540234375,-0.4249393310546875,0.6712341918945313,-0.022556331774316294,0.03736778372398161,0.7030132653370531,0.70983604059944
1785983393.233237,1.3242611083984375,-0.41394915771484375,0.6689702758789062,-0.021932542027155586,0.037840936883096456,0.7029344543317221,0.7099085662879847
1785983393.243940,1.3236134033203124,-0.40838095092773435,0.6678173217773438,-0.02118727278193681,0.0371493085779807,0.7027775002577381,0.7101230895291692
1785983393.254383,1.32297265625,-0.4028310241699219,0.6667301635742188,-0.020813817794126097,0.03729625433355095,0.7025258120952115,0.710375420843866
1785983393.273234,1.321726806640625,-0.3917383117675781,0.6645738525390625,-0.02077839912707477,0.03735242678719989,0.7024702543035635,0.7104284643962985
1785983393.283731,1.3211082763671875,-0.386213134765625,0.6634440307617188,-0.021109386215961628,0.03726413376262293,0.7025273853628562,0.7103668304401537
1785983393.303251,1.31970654296875,-0.3750918884277344,0.6612543334960937,-0.019790891402526663,0.03639050201846879,0.7022340574040893,0.7107400099141012
1785983393.323017,1.3183551025390625,-0.3640016174316406,0.6591289672851562,-0.020035290377207058,0.03632536170223398,0.7019102583863736,0.7110562696912397
1785983393.333162,1.3176571044921874,-0.3584468078613281,0.65806640625,-0.020063024566358754,0.03654966805187195,0.7019936509234307,0.710961675331131
1785983393.352989,1.3161392822265625,-0.3472386779785156,0.6559243774414063,-0.018918319138140603,0.035843029882661345,0.7013343881433702,0.7116793231114142
1785983393.362927,1.315404052734375,-0.341686767578125,0.654861083984375,-0.019273737717815157,0.036064120911080445,0.7013955054079953,0.7115983804368393
1785983393.372976,1.314656005859375,-0.3361077880859375,0.6538529663085938,-0.019406185144424843,0.03626894335654862,0.7016227752920782,0.711360297236202
1785983393.382897,1.3139002685546874,-0.33056112670898435,0.6527988891601563,-0.019041047160550967,0.0358908866911405,0.7015277837203769,0.7114830015351344
1785983393.393648,1.3131302490234376,-0.32495004272460937,0.651773681640625,-0.019034979280747568,0.03619564309529151,0.7012877214695594,0.7117043493394195
1785983393.413239,1.3115458984375,-0.3137566223144531,0.649723876953125,-0.01896552122238805,0.03599444369078857,0.7011584153095821,0.7118437824566398
1785983393.432863,1.30991748046875,-0.3025526428222656,0.64775146484375,-0.018869733950312655,0.036445012636700046,0.7009867447130876,0.7119924754913249
1785983393.442928,1.309111083984375,-0.29693453979492185,0.6467151489257813,-0.018706727533976984,0.03653801421209822,0.7010895680854884,0.7118907523688756
1785983393.452938,1.30827099609375,-0.29131585693359374,0.6457098388671875,-0.018504259615494262,0.03654388223188495,0.7008939655796175,0.7120883395399026
1785983393.463020,1.3074161376953124,-0.2856661071777344,0.6447098388671875,-0.018381073918424296,0.03732125460714061,0.7008088204716807,0.7121349872993731
1785983393.472994,1.3065643310546875,-0.2800584716796875,0.6437224731445312,-0.01853136664883816,0.037383900997226244,0.7010227548102896,0.7119172154070262
1785983393.482992,1.30572998046875,-0.2744329528808594,0.64269873046875,-0.018194290038594112,0.03731675526408274,0.7009086046355566,0.7120418324365841
1785983393.492991,1.3048924560546875,-0.26879364013671875,0.6416895751953124,-0.0184800911825448,0.03772697960312201,0.7007102379117476,0.7122080633110729
1785983393.502998,1.3040203857421875,-0.2631513977050781,0.6406676025390625,-0.018131626515900466,0.03809440687161125,0.700760364456464,0.712148123105193
1785983393.513359,1.303185302734375,-0.2575191345214844,0.6396941528320312,-0.017892823695425743,0.03821610468527082,0.7007777225458482,0.7121305684288168
1785983393.533265,1.3014385986328125,-0.24619699096679687,0.6376957397460937,-0.017630371122982918,0.03887842602565643,0.7005591491917539,0.7123162946116216
1785983393.543252,1.30057763671875,-0.24056388854980468,0.6366702880859375,-0.017719176938004476,0.03970948628037956,0.7005342639154948,0.7122927173485254
1785983393.553392,1.2996756591796874,-0.23491058349609376,0.635679443359375,-0.01736063067160005,0.03969296597038723,0.7004585886703542,0.7123769040824123
1785983393.563923,1.2987869873046876,-0.22923046875,0.6347338256835937,-0.01698663052537009,0.03994005156634154,0.7003506583691222,0.7124781983264945
1785983393.584091,1.2970086669921874,-0.21790371704101563,0.6327460327148438,-0.016912871634814624,0.04075436424315704,0.7003345746243287,0.7124496660601604
1785983393.603172,1.2952413330078125,-0.2065841522216797,0.6307986450195312,-0.016381230137751494,0.04100943680834874,0.700379164329601,0.7124036057822518
1785983393.613464,1.294296630859375,-0.2008988494873047,0.629829833984375,-0.01641907880249646,0.04114322176713095,0.7003751745115566,0.712398962250777
1785983393.623648,1.2934317626953125,-0.1952337646484375,0.62888232421875,-0.016378748591489203,0.041364735050241595,0.7003686244877965,0.7123934973689744
1785983393.643135,1.291562744140625,-0.18384524536132812,0.6269313354492188,-0.016002784895906143,0.04161300972862414,0.7002741603708316,0.7124804250690536
1785983393.653518,1.29069921875,-0.17815243530273436,0.6259646606445313,-0.016225316417529247,0.04148825173908632,0.7001785784129618,0.7125766222650103
1785983393.673364,1.2888544921875,-0.16674958801269532,0.6241166381835938,-0.0165684163195241,0.041808796564276635,0.699992483256841,0.7127327904317223
1785983393.693160,1.2870506591796875,-0.15531143188476562,0.6222269287109375,-0.015952862448329955,0.04154190886201061,0.6999260337523329,0.712827706499843
1785983393.712847,1.2852564697265625,-0.14394039916992188,0.6203577880859374,-0.01601234696184529,0.04149318694532629,0.7000605223480448,0.7126971295752534
1785983393.723425,1.2843492431640624,-0.13818353271484374,0.6194203491210938,-0.015660756323878686,0.041394631082986834,0.7001060380080117,0.7126659496507076
1785983393.743145,1.282535400390625,-0.12675058746337892,0.6176127319335938,-0.01580781231977636,0.0414726931064298,0.7000623708381526,0.7127010586586132
1785983393.753479,1.281623779296875,-0.12100380706787109,0.6166868286132813,-0.015785693051268552,0.04140647134806124,0.6999936369895651,0.7127729135815456
1785983393.763467,1.2807418212890624,-0.11523561096191406,0.6157632446289063,-0.01573769058452601,0.0415191761457815,0.7000234090109688,0.7127381716976966
1785983393.773560,1.2798536376953125,-0.10953667449951172,0.6148280639648438,-0.015393882467133522,0.04148760962978122,0.7001252314878736,0.7126474978370164
1785983393.792999,1.27805322265625,-0.09801377868652343,0.6130225219726563,-0.01588502466445954,0.041727173863923,0.700124780460368,0.7126231828456301
1785983393.804128,1.2771634521484374,-0.09227138519287109,0.6121213989257812,-0.01533383860888241,0.041617900152970524,0.700085351651516,0.7126803881770127
1785983393.814453,1.2762508544921876,-0.08650524139404298,0.6112506103515625,-0.015233352861594461,0.04176712580710217,0.7001839179899257,0.7125769555445391
1785983393.824972,1.2753551025390626,-0.08076564788818359,0.61031689453125,-0.015068967755748728,0.041981756259742334,0.7001976798842907,0.7125543313920637
1785983393.843169,1.2735511474609376,-0.06925450134277343,0.6084906616210938,-0.015320337439182586,0.04207314325116265,0.7004088136061564,0.7123360473906575
1785983393.853062,1.2726593017578125,-0.06348343658447266,0.6075651245117187,-0.014972656759741947,0.042176089168788185,0.7003161349778654,0.7124284655479696
1785983393.864074,1.2717728271484374,-0.057736167907714846,0.6066672973632813,-0.014620314988480078,0.0417083421823954,0.7004000507714772,0.7123808082949384
1785983393.883649,1.269969970703125,-0.04622066879272461,0.6048587646484375,-0.014659963158526364,0.041875764329127985,0.7004215593598982,0.7123490185157356
1785983393.903500,1.268192138671875,-0.03471563720703125,0.6030086669921875,-0.014362170153385164,0.041651106940573085,0.7005875351948592,0.7122050352655727
1785983393.914320,1.267313232421875,-0.02892578125,0.602137939453125,-0.014275579234662834,0.04234384410969791,0.7006134190549462,0.7121404607038482
1785983393.934433,1.2654796142578124,-0.017404033660888673,0.6002692260742187,-0.01440161257441766,0.041522940528183026,0.7008772096947612,0.7119266670129005
1785983393.953278,1.263708740234375,-0.005874610900878906,0.59838037109375,-0.013829320079727973,0.04166218896041287,0.7005701078223673,0.7122320683502442
1785983393.963333,1.26282421875,-0.00010589633882045745,0.5974692993164062,-0.013842152755706256,0.04172297488726072,0.7007384307314941,0.7120626645088425
1785983393.983974,1.2610216064453126,0.011424747467041016,0.5955927124023438,-0.014337443366820302,0.04174476649591498,0.7007547763813764,0.7120355079291061
1785983394.004000,1.259287109375,0.022949872970581056,0.59371142578125,-0.013830990214594864,0.04172266249843159,0.7010098162592237,0.7117957152856584
1785983394.026616,1.257541015625,0.0344974250793457,0.5918230590820313,-0.013664559230835387,0.04218237690108473,0.7007363169956066,0.7120411231946624
1785983394.043313,1.2558460693359375,0.04605224227905273,0.5899889526367188,-0.01374235080493923,0.04233179294918061,0.7004254290857058,0.7123365731368323
1785983394.055828,1.2550228271484376,0.05182712936401367,0.589055908203125,-0.013747654731986787,0.04288307531764745,0.7004908372635892,0.7122391712584457
1785983394.073922,1.25340380859375,0.06331199264526367,0.5872156372070313,-0.01340073441547643,0.04292592217373254,0.7005036088112077,0.7122306316110739
1785983394.084213,1.2525947265625,0.06908475494384765,0.586298095703125,-0.013257854486050715,0.04294583774588488,0.7004921233230207,0.712243394460832
1785983394.094923,1.251808349609375,0.07488822174072265,0.5854078369140625,-0.013286102175305223,0.04320772184268105,0.7004546818678605,0.7122638728289273
1785983394.106280,1.251036865234375,0.080611572265625,0.5845059204101563,-0.013006503611036111,0.043437031004236376,0.700377410695003,0.7123310728026561
1785983394.125228,1.2495479736328126,0.09216301727294922,0.5827173461914062,-0.012492641736843188,0.043415570758842524,0.7003015515835617,0.7124161504867826
1785983394.147723,1.2480648193359376,0.10366668701171874,0.5809653930664063,-0.011997030334357884,0.04319043329075253,0.7003844224116555,0.7123568762518826
1785983394.163803,1.2466478271484376,0.11518338775634765,0.5792247924804688,-0.011538499237967369,0.043826805969497305,0.7002516328692361,0.7124561262713386
1785983394.173895,1.245957763671875,0.1209551773071289,0.5783675537109375,-0.011414337825500893,0.043693311625380586,0.7004295880359164,0.7122913691515339
1785983394.184305,1.245255859375,0.12669077301025392,0.5774866943359375,-0.011080880102234965,0.04349768108106805,0.7002302908716065,0.7125045264812938
1785983394.195950,1.2445830078125,0.13242898559570312,0.5765984497070312,-0.011149422642203774,0.04315362004749379,0.7003228256334955,0.7124334257298871
1785983394.212959,1.2432757568359376,0.1439786376953125,0.5749014892578125,-0.011095399451967598,0.04303158870412013,0.7001928351545537,0.7125694129332019
1785983394.223017,1.2426260986328126,0.14974217224121095,0.5740327758789062,-0.01134533493355887,0.043107165303277024,0.7001072026718794,0.7126450550055863
1785983394.233245,1.2419969482421875,0.155479736328125,0.5731441650390625,-0.011278578959894398,0.043008670711334365,0.7001206099987862,0.7126388996997444
1785983394.244151,1.24138525390625,0.161236083984375,0.5722687377929687,-0.011216739402402913,0.04278595079756817,0.7001001602787347,0.7126733589267104
1785983394.264150,1.2402178955078125,0.1727454833984375,0.570564453125,-0.011599833394225422,0.04277277192407836,0.6998289159475352,0.7129343786921855
1785983394.283039,1.2391190185546874,0.18420930480957032,0.5688644409179687,-0.011023582384896157,0.04262059188249323,0.6996776220647746,0.7131011044695028
1785983394.293137,1.2385860595703124,0.18995875549316407,0.568009521484375,-0.011257716525148741,0.042445663208429435,0.69970910783893,0.7130770021608595
1785983394.303228,1.2380631103515625,0.19565359497070312,0.5671641235351562,-0.011015615217085412,0.04248223857443887,0.699650626225146,0.7131359671034416
1785983394.313317,1.237556884765625,0.20139894104003905,0.5663590087890625,-0.01105409871160128,0.042471976896028885,0.6995948736883184,0.7131906687952191
1785983394.334028,1.23657763671875,0.21279425048828124,0.5646831665039063,-0.010766913987628787,0.04256187892732867,0.6996413339729005,0.7131441393885556
1785983394.353904,1.23563671875,0.22416847229003906,0.5630643920898437,-0.010401285688701847,0.04254114897069401,0.6995157997109801,0.7132739300550709
1785983394.373793,1.234771484375,0.23552528381347657,0.561497802734375,-0.009883714489762448,0.04272528909837822,0.6993739786521037,0.7134093654090945
1785983394.384076,1.2343587646484375,0.24116798400878905,0.5606736450195312,-0.009855601491975178,0.042590984982933434,0.6993045520423861,0.7134858177930812
1785983394.403877,1.233613037109375,0.25250131225585937,0.5591138305664063,-0.009405395564804497,0.04238099836231721,0.6992042151647341,0.7136027173028474
1785983394.414257,1.233262939453125,0.2581310729980469,0.5583375854492187,-0.009316740301752509,0.04253406504498681,0.6992437884013212,0.7135560235553792
1785983394.433960,1.23258984375,0.26944039916992185,0.5568171997070313,-0.008733419899075834,0.04254071976974428,0.6991546299508871,0.7136503433634437
1785983394.455314,1.2320223388671876,0.280679931640625,0.5553264770507812,-0.009188571454930228,0.04262538824931609,0.6990142693203195,0.7137770579566616
1785983394.473136,1.231530029296875,0.291908447265625,0.5538576049804688,-0.009167819034184677,0.04275875479972842,0.6986550853720249,0.7141209176226626
1785983394.483543,1.23128662109375,0.2975155334472656,0.5531549682617187,-0.009161522085982145,0.04252158582766217,0.6984905511749653,0.7142961096725611
1785983394.503219,1.2309212646484375,0.3087164306640625,0.551743896484375,-0.009341773569261292,0.042695649442338404,0.6982590246542694,0.714509713970125
1785983394.513468,1.230752685546875,0.3142958984375,0.5510208740234375,-0.00970774259664847,0.04205589305565734,0.6982371246702147,0.7145642000397896
1785983394.533147,1.2305201416015625,0.32549472045898437,0.5496619262695313,-0.010006470016075074,0.042042789898965656,0.6979505690138986,0.7148407316535013
1785983394.543125,1.2304461669921876,0.3311150512695312,0.549001220703125,-0.010183210229922295,0.04213606372121965,0.6977253750719928,0.7150525702664875
1785983394.553741,1.23036181640625,0.33668521118164063,0.5483443603515625,-0.010449661214341339,0.04226085501046559,0.6975126135745964,0.7152488914060402
1785983394.564179,1.230331298828125,0.3422929077148438,0.5476707763671875,-0.010597099728160118,0.04212442931743854,0.697452476805529,0.7153134255707395
1785983394.583291,1.23032568359375,0.35349533081054685,0.54633837890625,-0.011468898085275969,0.042086351488545753,0.6971488719033266,0.7155981161344269
1785983394.603904,1.2303660888671875,0.364721923828125,0.5450408935546875,-0.011844072701271639,0.04228187612452935,0.6971985461994137,0.7155320629970633
1785983394.623016,1.230554443359375,0.3758903198242188,0.5437845458984375,-0.011806928177721578,0.04288037284408387,0.6968720305624111,0.7158150832100995
1785983394.643079,1.2308109130859375,0.387068603515625,0.5424952392578125,-0.012300510971395052,0.042889642552995724,0.6967324782423105,0.7159420537012877
1785983394.653054,1.2309788818359375,0.3926694030761719,0.5418303833007813,-0.012285142343636271,0.04258339482274193,0.6966844366184579,0.7160073578498265
1785983394.662940,1.2311767578125,0.3982374572753906,0.5411946411132813,-0.01227912708535911,0.042869853740296844,0.6965092789319735,0.7161607619015616
1785983394.673915,1.231445068359375,0.40384100341796875,0.54057568359375,-0.012534056674957649,0.04293841815198076,0.6965547184204899,0.7161080320814334
1785983394.693112,1.2319722900390624,0.4150276794433594,0.5393253784179688,-0.012459254563673696,0.043443056691432634,0.6963476874141991,0.7162802156887174
1785983394.703162,1.23228369140625,0.42063433837890624,0.5386814575195312,-0.012199163564969431,0.0432282677322427,0.696105497691583,0.7165330637192813
1785983394.713475,1.2326358642578126,0.42619613647460936,0.53808544921875,-0.012281752231019212,0.04311527370267691,0.6960689279690896,0.7165739839382649
1785983394.723465,1.2330023193359374,0.4318068542480469,0.5374407348632813,-0.012832994503764067,0.04321994743686586,0.6961797289946954,0.716450369377524
1785983394.743209,1.2337803955078126,0.44301901245117187,0.53623046875,-0.013454056807485591,0.043378208934365385,0.6961782861456425,0.7164308138814858
1785983394.753484,1.234182373046875,0.44865765380859374,0.5356223754882813,-0.01392508677407365,0.04339518935221911,0.6960717614750385,0.7165242915706539
1785983394.774776,1.2351392822265626,0.4599387512207031,0.5344212646484375,-0.01467216995978016,0.04304657699169357,0.6961359761582699,0.7164680213177659
1785983394.793427,1.2360966796875,0.47117584228515624,0.5332197265625,-0.015398670477596703,0.04276698164282063,0.6963064039820177,0.7163038724940026
1785983394.803537,1.2366370849609376,0.4767882690429687,0.53265576171875,-0.015440474349966253,0.042316334410130246,0.696205137379797,0.7164281603583693
1785983394.813629,1.237208740234375,0.4824355163574219,0.5320892333984375,-0.016005902043023077,0.041914087442637124,0.6961507502288098,0.7164922656225924
1785983394.833313,1.238373291015625,0.4936933288574219,0.5309387817382812,-0.01601362090809193,0.04080825458397221,0.6963762894088417,0.7163367311402934
1785983394.843327,1.2389847412109376,0.49929342651367187,0.530358642578125,-0.0161045275803065,0.04074908438312016,0.696454272819507,0.716262255510947
1785983394.853904,1.2396246337890624,0.50493310546875,0.5298231201171875,-0.016845022511523602,0.04059821278593917,0.6964062893461248,0.716300437740395
1785983394.873417,1.2409072265625,0.5162208862304688,0.52873779296875,-0.017338137078529037,0.03931303719112337,0.6963386299338552,0.7164261243048806
1785983394.883960,1.2415635986328124,0.521901123046875,0.5281689453125,-0.01764603227896497,0.03897759859708105,0.6962519030617057,0.7165212068656636
1785983394.903404,1.2429136962890626,0.5332410278320312,0.5270414428710938,-0.01826779979628734,0.03869734571609083,0.696293118483258,0.7164807629548812
1785983394.913464,1.243607666015625,0.5389172973632812,0.526472412109375,-0.018689291033285305,0.03840857985355728,0.6961472816442272,0.716627134980363
1785983394.923332,1.24432763671875,0.5446260986328125,0.5259161987304688,-0.019595486932806747,0.03851376803951933,0.6962868100826752,0.7164617230456805
1785983394.933250,1.24506005859375,0.5503782958984375,0.5253309326171876,-0.01931468849313183,0.03760269219807823,0.6959591326602428,0.7168360090097198
1785983394.943861,1.24578466796875,0.5560824584960937,0.5247642822265625,-0.019888869593506085,0.03726833467782201,0.6961960083983065,0.7166077139458622
1785983394.962964,1.24728076171875,0.567599853515625,0.5235391235351563,-0.020568861930255793,0.037710004765668825,0.6959911261038244,0.7167644337477129
1785983394.973568,1.24807373046875,0.5734114379882812,0.5229638671875,-0.021037658639970543,0.037851876554751133,0.6960466674683886,0.716689406103107
1785983394.984090,1.2488172607421875,0.5791490478515625,0.5223524169921875,-0.021375023842275905,0.037955496617543945,0.6960164241281261,0.7167033133134468
1785983395.003309,1.250316162109375,0.5907412109375,0.5210878295898438,-0.021566693249832944,0.03745608304097149,0.6970916168761125,0.7156781391077204
1785983395.013561,1.2510821533203125,0.5965286254882812,0.5204680786132813,-0.021973864702398017,0.03733216659261041,0.6977825482415894,0.7149985733983965
1785983395.032983,1.2524501953125,0.6081660766601562,0.5193125,-0.022502586172461148,0.03639810889078851,0.7004667563062823,0.7124009540902507
1785983395.043168,1.2531044921875,0.6140046997070312,0.5187840576171875,-0.02349186738114079,0.03584251617122064,0.7022360232580599,0.7106532267682888
1785983395.053477,1.2537452392578126,0.6198153076171875,0.518216796875,-0.023267332903726744,0.034628758716422216,0.7042227277897035,0.7087522963799351
1785983395.063548,1.2543455810546875,0.6256729736328125,0.5176881713867187,-0.024746207510256704,0.03408368009314598,0.7062169446518269,0.7067415095967009
1785983395.074715,1.25489501953125,0.6314818115234375,0.5172091674804687,-0.025253265402418047,0.03272665049453936,0.708799067532049,0.7041982067415908
1785983395.094280,1.255947265625,0.6431244506835937,0.516309814453125,-0.02620407879790875,0.030373733685642196,0.71420335297392,0.698787758502557
1785983395.113335,1.256880859375,0.654793701171875,0.5154955444335938,-0.026758752770831114,0.02773474255640707,0.7205905995936949,0.6922889189820363
1785983395.123592,1.2572967529296875,0.6605674438476562,0.5151044921875,-0.02659382775436997,0.026172793903108994,0.724249499602752,0.6885277167721172
1785983395.143210,1.2579876708984374,0.6720870971679688,0.5144471435546875,-0.02706227099560986,0.02336933989170032,0.7317976939696815,0.6805833196707352
1785983395.163220,1.2585953369140626,0.6835405883789063,0.51397607421875,-0.026141801083015944,0.02000953973912132,0.7398509917003593,0.6719648334417597
1785983395.173318,1.258803955078125,0.6892109375,0.5137388916015625,-0.026032386343915463,0.018080499751650967,0.744210348281889,0.6671928980651394
1785983395.183395,1.2590333251953125,0.6948544921875,0.5135325927734375,-0.024969203370527427,0.016260545276756314,0.7485670605288997,0.6623892445810727
1785983395.194258,1.2591607666015625,0.7005194091796875,0.5134043579101563,-0.02460133887919343,0.014911069908108796,0.7532042913012854,0.6571573274826626
1785983395.213536,1.2593701171875,0.7116270751953125,0.513132080078125,-0.02364010152248432,0.012750789006357245,0.7628916750848852,0.6459681677170463
1785983395.233090,1.2593917236328125,0.7225941162109375,0.5128906860351562,-0.021791220039523652,0.009648971790041205,0.7729221594471057,0.6340531444094363
1785983395.243201,1.2593013916015625,0.7280519409179688,0.5128523559570313,-0.021126213682050553,0.008321438088568809,0.7779246951015811,0.6279471411289042
1785983395.253205,1.259142333984375,0.733427978515625,0.5127684936523438,-0.02083789659091498,0.007284230466787628,0.7834689269207196,0.6210387673422818
1785983395.264096,1.2590048828125,0.7388526000976563,0.5127927856445312,-0.020745081988391954,0.006366428868892528,0.788593259246013,0.6145321638147546
1785983395.283834,1.2584580078125,0.7493547973632813,0.5127561645507812,-0.020032193337277352,0.004101688700742421,0.7996275947540503,0.6001479684148578
1785983395.294865,1.2580767822265626,0.7544503784179688,0.5127831420898438,-0.020710870831549193,0.003242790528024656,0.8051552946010729,0.5926934302947583
1785983395.313462,1.257234130859375,0.7645874633789063,0.5128971557617188,-0.020043253381619483,0.0016105236677300169,0.8162543054436312,0.5773426961824661
1785983395.323714,1.2567835693359375,0.769562255859375,0.5129802856445312,-0.02016078349650588,0.0015622948734001674,0.8220493656814811,0.5690570691418828
1785983395.343130,1.255663330078125,0.7792747802734376,0.5132249145507812,-0.019908352819134237,0.0007003413328627534,0.8333340319237373,0.5524107116835832
1785983395.353624,1.25504443359375,0.7840338745117188,0.513268310546875,-0.020548236513194634,0.0010668307998831059,0.8390708425072307,0.5436329449796478
1785983395.373593,1.25371240234375,0.7934317016601562,0.5135499877929688,-0.020696040250551946,0.0008476844284280256,0.8504368830347323,0.5256691233545895
1785983395.383727,1.2529796142578125,0.797986083984375,0.5136406860351562,-0.020625483038900397,0.0003873809927372994,0.8561208966060113,0.5163636480005654
1785983395.394228,1.2522279052734375,0.802539794921875,0.513833740234375,-0.020994902247343,0.0008429401157897387,0.861708568565102,0.5069682586169981
1785983395.413356,1.2505782470703124,0.8113191528320313,0.5140985717773437,-0.02211118396573155,0.002196917087874152,0.8730278951813456,0.48716378277881367
1785983395.423477,1.24970751953125,0.8155929565429687,0.5142584228515625,-0.021434683705422106,0.0018095937173093336,0.878543473714433,0.47717780446952524
1785983395.433364,1.24882421875,0.819843505859375,0.5143699951171875,-0.021700211394495503,0.002702724724690965,0.8841517004762216,0.46668786452878297
1785983395.443463,1.2479378662109375,0.8239367065429688,0.5145160522460938,-0.021230855788908008,0.0035532915267361396,0.88955271736694,0.45632507929619975
1785983395.453564,1.2470047607421875,0.8280034790039063,0.5146787719726562,-0.02103981561677698,0.0041924516828526675,0.8949262837867918,0.4456979747745833
1785983395.464033,1.2460545654296875,0.8320375366210937,0.5148534545898438,-0.020875779952941535,0.00513670508247847,0.9003795532075421,0.4345739020408889
1785983395.484484,1.2440733642578126,0.8397799682617187,0.5151491088867187,-0.021430140809991578,0.006682009421938924,0.9105831258489103,0.41271597509746627
1785983395.495836,1.2430318603515624,0.8435573120117188,0.5153135375976563,-0.0216816387890956,0.007624193242374473,0.9153869602657108,0.4019185134233597
1785983395.513441,1.240177978515625,0.8495031127929688,0.51506298828125,-0.02307274309536082,-0.007021429709844842,0.9243189050446199,0.380858119691245
1785983395.524077,1.240007568359375,0.8548896484375,0.515910888671875,-0.022007322052698477,0.013062965996723096,0.928476233764164,0.3705090026623063
1785983395.534383,1.238998779296875,0.8585055541992187,0.5160272216796875,-0.021205804873493477,0.01428759363838833,0.9322795156756144,0.36083386444773624
1785983395.544522,1.2379847412109375,0.8622887573242187,0.5160659790039063,-0.02219449678362437,0.017712659844701613,0.9360058640108878,0.3508371091819764
1785983395.564502,1.2359940185546876,0.869533203125,0.5162387084960938,-0.02220043150402265,0.022225539896741968,0.9430661979960266,0.3311182764944402
1785983395.584548,1.234091064453125,0.8765496826171875,0.5162745361328125,-0.02162076095205184,0.026805819408660128,0.9492618802165832,0.31259538654769464
1785983395.594618,1.23321484375,0.879845703125,0.5162982788085938,-0.020110635568253685,0.027619524673944133,0.952297969716027,0.303251231547837
1785983395.613236,1.2316383056640625,0.8861770629882812,0.5164888305664063,-0.01698528336537415,0.02958627909939284,0.9582856890334412,0.28376874679135
1785983395.623280,1.230599365234375,0.8897164306640625,0.5163110961914062,-0.01745605892898332,0.03062199558234076,0.9604188946279527,0.2763206791047817
1785983395.643084,1.228918701171875,0.8963966064453125,0.5162490844726563,-0.01634582129605712,0.03408915441398392,0.9650096287395219,0.25947477431813953
1785983395.653998,1.228003662109375,0.8997002563476563,0.5161857299804687,-0.015335776027868366,0.03428018065313128,0.9670607312741669,0.25176024862587704
1785983395.664744,1.2271651611328125,0.903074462890625,0.5160482788085937,-0.01525882449863029,0.03592549486944179,0.9690010760638912,0.24395378201956625
1785983395.684972,1.2255057373046876,0.9097705688476563,0.5158074340820312,-0.014496388398815063,0.03585110526473563,0.9723874835306447,0.23014588799819666
1785983395.697909,1.2247049560546874,0.9131775512695313,0.51567236328125,-0.015296358960790563,0.03774219129287703,0.9740626343894379,0.2225837761456849
1785983395.715016,1.2232552490234374,0.9198561401367188,0.5154437866210938,-0.01488661636110255,0.03784150088061295,0.9771471714741269,0.20863800424289383
1785983395.733204,1.2217669677734375,0.926819580078125,0.515123046875,-0.016003786673570906,0.039545684876660624,0.9797042358526473,0.19585617085541057
1785983395.753218,1.2202781982421875,0.93373291015625,0.5147012939453125,-0.017157231616514602,0.040627279187097735,0.9819721914299728,0.18380874474524544
1785983395.763241,1.2196116943359374,0.9371455688476562,0.5145598754882813,-0.017113577647091816,0.04018126563912373,0.9829814977854648,0.17843756342299152
1785983395.783361,1.2183720703125,0.944056396484375,0.5141837768554688,-0.01836609007629376,0.03934541939480237,0.9850288293584325,0.16683173254859057
1785983395.793289,1.2177435302734374,0.9475514526367188,0.51398974609375,-0.01898446444396209,0.03831387551206658,0.9859534354516593,0.16145421796268783
1785983395.805363,1.21714990234375,0.9509903564453125,0.5138148193359375,-0.019413685149613637,0.037437073497539275,0.986827731362448,0.156181328650793
1785983395.823181,1.2159490966796875,0.95805859375,0.5134475708007813,-0.02094937179851967,0.03682655006329931,0.9883276359317229,0.146333241793673
1785983395.833176,1.2154063720703125,0.9616197509765625,0.513240478515625,-0.021706116135714517,0.03508318713727182,0.9890882868365671,0.14142975426369434
1785983395.843363,1.2148665771484375,0.965159912109375,0.513042724609375,-0.022841017227096642,0.0343909936654364,0.9897419835792417,0.13677114667072687
1785983395.853412,1.2143052978515625,0.9686785888671875,0.5128402709960938,-0.022881734719099687,0.03347438937222104,0.9903970919514764,0.13217222093241696
1785983395.863452,1.2137054443359374,0.9722051391601563,0.5126143188476563,-0.023978668615207133,0.032294546276441655,0.9909204066644967,0.12829194968949886
1785983395.873632,1.2131959228515625,0.9757921142578125,0.5124293212890625,-0.024374038784754273,0.031556198951224225,0.991516133945661,0.12371684268888317
1785983395.894554,1.21213818359375,0.9829639282226562,0.512006103515625,-0.025934961412185733,0.029602140109134586,0.9924893032837981,0.1158277641063413
1785983395.915082,1.2110059814453125,0.9900877075195312,0.511563720703125,-0.027357047997469148,0.027480240115665213,0.9933432658363497,0.10846935310785455
1785983395.933354,1.209935791015625,0.997295654296875,0.5111112365722656,-0.028328041149749742,0.02608304951271344,0.9941525936343059,0.10088514719819998
1785983395.953382,1.2087830810546876,1.0044434814453125,0.5107130126953126,-0.029263758897151996,0.024202709840600595,0.9947641362213784,0.0948798238640902
1785983395.963829,1.208230712890625,1.0080408935546874,0.5105062866210938,-0.029700525004671494,0.02419631651110241,0.9950754009004983,0.09141859645242148
1785983395.973828,1.207623779296875,1.0116256103515624,0.510301513671875,-0.03036657469213821,0.02342776335858761,0.9953362894733471,0.08851369380587146
1785983395.984142,1.20702294921875,1.0151969604492188,0.5100771789550781,-0.03077280326266549,0.02305491739222896,0.9955810573816142,0.08567299837541344
1785983395.994618,1.20641943359375,1.0188422241210937,0.5099243469238282,-0.03153910664017428,0.022840429802316955,0.9958140709874858,0.08269185142465073
1785983396.013326,1.205130859375,1.0259771728515625,0.5094148254394532,-0.03278545301645035,0.022521409705908015,0.9962087976175207,0.07736892934392361
1785983396.025169,1.204473388671875,1.0295323486328125,0.5092056884765624,-0.03273960411333329,0.02185293164958759,0.9964005614847073,0.07507658850419636
1785983396.043673,1.203162353515625,1.0366016845703125,0.5088359069824219,-0.03348019839063823,0.020950398117342017,0.9967616067568887,0.07004600002425049
1785983396.064026,1.201794677734375,1.0435814208984375,0.5084645385742188,-0.034203851928435676,0.02027948956366653,0.9970731893978031,0.06529841324045962
1785983396.083588,1.200350830078125,1.050582763671875,0.5081340942382813,-0.03493671396904717,0.019761758875526593,0.9973086409475298,0.06135453082941076
1785983396.093719,1.1996182861328124,1.0540511474609375,0.5079461975097657,-0.035002723449529066,0.019806338567435793,0.9974294271696381,0.059304714962281596
1785983396.103778,1.1988741455078125,1.0575050048828125,0.5077909240722657,-0.03539653725355829,0.019516372395505917,0.997549369720819,0.05710921436685222
1785983396.113677,1.1980904541015625,1.060940673828125,0.5076625671386719,-0.03506417526273358,0.019422636753128334,0.9976538165965683,0.055499006839698155
1785983396.124950,1.1972823486328126,1.0644078369140626,0.5075354309082031,-0.03536915084028344,0.019015188277495505,0.9977464839722331,0.05375320495063651
1785983396.144356,1.1956710205078125,1.0712362060546874,0.5072490539550781,-0.0357497402764731,0.018943577129123108,0.9979317107822004,0.04995397685399635
1785983396.163453,1.1939581298828126,1.0779990234375,0.5070678100585938,-0.03592926677220922,0.018960509665318634,0.9980828713571546,0.046692338058907934
1785983396.173603,1.193094482421875,1.081373291015625,0.506992431640625,-0.036299937121625124,0.018454534322751064,0.9981561141876437,0.04501239594201539
1785983396.193340,1.1912340087890625,1.0880482177734374,0.5068428955078125,-0.03643555259598534,0.01848099014677783,0.9982743200042778,0.04218139814208262
1785983396.213287,1.1893365478515625,1.0946595458984374,0.5067571716308594,-0.03696807456872016,0.01809507500978978,0.9983836462454361,0.039191897367450095
1785983396.224591,1.1883653564453125,1.0978856201171876,0.5067344665527344,-0.03713569606155762,0.0178044701075313,0.998438636946292,0.037739041758886274
1785983396.243951,1.186325439453125,1.1043057861328125,0.5066618347167968,-0.03693497918714101,0.01758597393570478,0.9985322761027763,0.03549408646067138
1785983396.263477,1.1841424560546876,1.1107623291015625,0.5067264709472656,-0.037550901411186416,0.017414649142987314,0.9986253618379846,0.03215664384414227
1785983396.274368,1.1830535888671876,1.1139696044921874,0.5067037048339844,-0.037789141289146434,0.016605190803922046,0.9986635009061202,0.031104058058237738
1785983396.293328,1.1807921142578126,1.1202039794921874,0.5067891235351563,-0.037366480007386654,0.016026907839301517,0.9987473092263729,0.0291667358937397
1785983396.303311,1.179607177734375,1.1233328857421876,0.5068429870605469,-0.03717267872518164,0.015115998958383914,0.9988053308421446,0.027885741449637888
1785983396.313419,1.1784029541015626,1.126371337890625,0.50686474609375,-0.03742591129858107,0.014797558582751506,0.9988231588694463,0.027067172076416443
1785983396.323709,1.1771717529296875,1.1293973388671874,0.5068703918457031,-0.038198464788625965,0.014817791129285388,0.998836988425435,0.025416229973989738
1785983396.335379,1.175912353515625,1.132383056640625,0.5069207458496093,-0.0384045535821098,0.014048495146174303,0.9988616558797623,0.024558678055106326
1785983396.353476,1.1733275146484374,1.1383682861328126,0.5069817810058593,-0.03780998139497511,0.01155987992273365,0.9989331932736397,0.023859186192330763
1785983396.363516,1.1719503173828125,1.1413115234375,0.5070364685058594,-0.03800293619745673,0.011575144818788465,0.9989541067936296,0.02263811327298023
1785983396.383486,1.169191650390625,1.1470712890625,0.507178466796875,-0.03914286846171588,0.010689705799415665,0.998947140641237,0.021405117089124657
1785983396.393548,1.16778759765625,1.149855224609375,0.5072220458984374,-0.03952440445606023,0.010070358656075853,0.9989531297452058,0.020713520621419203
1785983396.403568,1.1663668212890625,1.152695556640625,0.5073126220703125,-0.03939063260709875,0.010713964951584342,0.998968120993729,0.01990734951460359
1785983396.413637,1.1648924560546876,1.155374267578125,0.5073200988769532,-0.0395729704710582,0.008822294207660484,0.9989872363738596,0.01951009331818468
1785983396.423756,1.1633909912109375,1.1580955810546876,0.5074443054199219,-0.04009133647845641,0.008653302470422466,0.9989806955689957,0.01885141274138646
1785983396.444465,1.160271240234375,1.1634989013671875,0.5075742797851562,-0.04033358092352207,0.008066442287596773,0.9989976702487307,0.017657796001033746
1785983396.463347,1.15706640625,1.1687239990234375,0.5077700500488281,-0.04067927931290009,0.00787202435421305,0.9990026895078287,0.01663909577023698
1785983396.473847,1.155401123046875,1.171237060546875,0.5078502807617188,-0.04110681297290221,0.007101720717629392,0.9989989977818217,0.01614884666188138
1785983396.483950,1.153700927734375,1.173741455078125,0.5079691772460937,-0.041923081452120155,0.007475905950661161,0.9989732224419222,0.01546168272621936
1785983396.503128,1.150240478515625,1.1787283935546875,0.5082064208984375,-0.04292168760642083,0.0073213641795807465,0.9989419719336033,0.014800885721308608
1785983396.513306,1.1484759521484376,1.1811070556640626,0.5083239440917968,-0.04323794371371286,0.006697891735119562,0.9989363258544421,0.014554734461384415
1785983396.523549,1.1466793212890625,1.183509033203125,0.5083863220214844,-0.043397453747575504,0.00708105061651172,0.9989334841565566,0.01408552165473357
1785983396.543080,1.14300341796875,1.188198486328125,0.5086076049804688,-0.04340694099347897,0.006899633306195025,0.9989427103220455,0.013479715147507475
1785983396.555573,1.1410584716796874,1.19047900390625,0.5087759704589844,-0.044038192164150204,0.00786491264380524,0.9989060363697699,0.01362006375270588
1785983396.573471,1.137162109375,1.194962890625,0.5090494995117187,-0.04440964643423095,0.0077522700897864755,0.9988989132474937,0.012986508409303885
1785983396.583426,1.1351702880859376,1.197142822265625,0.50919384765625,-0.044501682013078296,0.008216302982740847,0.9988923494877581,0.01289105762760323
1785983396.603249,1.1310693359375,1.20147314453125,0.5095968627929688,-0.044655676276303506,0.008418108702690963,0.9988912455784748,0.012299713217950523
1785983396.613411,1.12897705078125,1.2035831298828126,0.5097719421386718,-0.044346313254634534,0.008902508077145635,0.9989017401261829,0.012225612088317375
1785983396.623417,1.126825927734375,1.2056593017578126,0.5099906616210937,-0.044309433096588635,0.00904851514284621,0.9989073789421014,0.011782684700898651
1785983396.633580,1.1246546630859375,1.2076531982421874,0.5101819152832031,-0.044333801823738146,0.0090232430640466,0.9989083634939977,0.011626459461682974
1785983396.643594,1.122457763671875,1.2096322021484376,0.5103917846679688,-0.044598404776383646,0.008806901721259452,0.9989010315425663,0.011408341525853594
1785983396.654662,1.12015087890625,1.2115589599609375,0.5105780639648437,-0.04459376734898917,0.008779719697939168,0.998906961253125,0.010917801022036428
1785983396.674517,1.1155279541015626,1.21536279296875,0.511039794921875,-0.04450714726181429,0.008463475036992206,0.9989136144210554,0.010912797649044678
1785983396.693397,1.1107689208984375,1.21906005859375,0.5115156860351563,-0.04467045440748932,0.008896536240041417,0.9989066256100709,0.01053323833354493
1785983396.703470,1.108334716796875,1.220866943359375,0.5117413940429687,-0.04438071666031185,0.008595405280513613,0.9989248695112053,0.01027523853307932
1785983396.713463,1.1058548583984376,1.22261669921875,0.5119652709960938,-0.04406493004212232,0.008939136062837846,0.9989369747449516,0.010163335204089288
1785983396.724070,1.1033245849609374,1.224398193359375,0.5122216186523437,-0.04369038977869467,0.0092532018827339,0.9989515560239797,0.01006586918070779
1785983396.743569,1.09814794921875,1.2277562255859376,0.5126875610351562,-0.043547153439328884,0.009031032456609496,0.998961043064127,0.009945324361854527
1785983396.754329,1.09553564453125,1.229423828125,0.5129119262695313,-0.04352694283688815,0.009400131854979869,0.9989609237308482,0.009701056839624592
1785983396.774015,1.0901258544921875,1.23263671875,0.5134315185546875,-0.043403211911013366,0.009951321074961708,0.9989642501406555,0.009357397559379445
1785983396.784528,1.087390380859375,1.23418896484375,0.5136742553710938,-0.04332632180842584,0.009744695971924877,0.9989680464109599,0.00952390113390801
1785983396.795165,1.0845701904296876,1.235783447265625,0.5139356689453125,-0.043023271500922264,0.009990107688266369,0.9989806881108129,0.00931542648706022
1785983396.815282,1.0788798828125,1.2388140869140625,0.5144547119140624,-0.042470045500168405,0.010404087218976576,0.999000959246025,0.009226676603079874
1785983396.834236,1.0730128173828124,1.2417568359375,0.5149921875,-0.042995691545583664,0.011186358456159421,0.9989708880105288,0.009132377134704332
1785983396.853059,1.067005615234375,1.2446097412109376,0.5155810546875,-0.042905371968605714,0.011700077714665046,0.9989673304160928,0.009300548246845288
1785983396.863967,1.0639425048828124,1.2460390625,0.5158428344726562,-0.0428701481888477,0.0116434657302974,0.9989732000672064,0.008895030181087784
1785983396.883814,1.057691162109375,1.2487239990234376,0.5164385986328125,-0.04274636504452073,0.012538551875712397,0.9989662862559917,0.00904904903536442
1785983396.903509,1.0513211669921876,1.25135546875,0.5171424560546874,-0.04193907637045289,0.012427066949488204,0.9990005192220711,0.009200524873072442
1785983396.913545,1.0480850830078126,1.2526453857421875,0.5174653930664063,-0.04179018838846343,0.013304793340578427,0.9989956491135025,0.00917926994069376
1785983396.923708,1.044802734375,1.2539029541015625,0.5178056640625,-0.0417622399192189,0.01321212178742732,0.9989976851648427,0.009218495988841178
1785983396.933761,1.041485595703125,1.2551365966796875,0.5181643676757812,-0.041371464353740006,0.012975479667789131,0.9990178440865913,0.009131556818610607
1785983396.953950,1.0347801513671875,1.257522705078125,0.5189517211914062,-0.0404012373125252,0.013243327653829252,0.9990539471543869,0.009140854637174045
1785983396.964355,1.0313629150390624,1.2587003173828124,0.5193552856445313,-0.03978095084154639,0.013191847791910311,0.9990814654519249,0.00892642732542399
1785983396.983519,1.02446484375,1.26092578125,0.520168212890625,-0.039011613164861694,0.012739205528417258,0.9991175438492819,0.008941565549273287
1785983396.993564,1.0209539794921876,1.2620257568359374,0.5206162719726563,-0.03878027171816781,0.01291261561115486,0.9991246952412929,0.0088987914295347
1785983397.014902,1.0138177490234375,1.264107666015625,0.5214627075195313,-0.03818731637001343,0.012817018824232619,0.9991497582663867,0.008786380700172817
1785983397.035103,1.0065272827148437,1.2661217041015624,0.522345458984375,-0.03850621949023065,0.01286328559736574,0.999138475881543,0.008608259362051125
1785983397.054953,0.9990657958984375,1.268023193359375,0.5232083740234375,-0.039192111904615745,0.012662870003152521,0.9991160225872359,0.008413932936451651
1785983397.065189,0.9952747802734375,1.26894970703125,0.5236614990234375,-0.039626809673162525,0.013330932114107356,0.999089780452336,0.008462051682489527
1785983397.084618,0.9875570068359375,1.27074609375,0.5246061401367188,-0.03961609121456574,0.013996918352361587,0.9990868273300695,0.007756807040391967
1785983397.095740,0.9837119750976563,1.2716063232421875,0.5250918579101562,-0.03978349230213709,0.014184962613542528,0.9990796309223364,0.007480088960314276
1785983397.117884,0.9758385009765626,1.2732939453125,0.5260608520507812,-0.04042020949524487,0.015038058068745686,0.9990423355477893,0.007380903622017282
1785983397.135383,0.9678251342773437,1.27489404296875,0.5270205078125,-0.04089554639548015,0.01570162996455972,0.9990138615571575,0.007232640954096547
1785983397.154221,0.9596549072265625,1.2763935546875,0.527989990234375,-0.041144417412396314,0.01659759148771066,0.9989913234228892,0.006927587073462317
1785983397.165526,0.95554833984375,1.277129638671875,0.5284996948242188,-0.041748866169331635,0.017023644363439224,0.998959573772139,0.00685595499755501
1785983397.183987,0.9472047119140625,1.278515380859375,0.5294225463867187,-0.041903883730501544,0.018202045027481493,0.9989330888541105,0.006740619630579359
1785983397.204054,0.9386875,1.2798541259765626,0.530446533203125,-0.04190110664959119,0.01849100104748953,0.9989275918963367,0.006786900147613919
1785983397.224603,0.9300325927734375,1.2810924072265626,0.5313990478515624,-0.0422484909381812,0.018867321058638274,0.9989072446849494,0.006587538312190826
1785983397.243661,0.9212243041992187,1.282336669921875,0.5323444213867188,-0.04254913776042642,0.01884887804554551,0.9988958998904248,0.006425155224429894
1785983397.254268,0.9167753295898438,1.2829324951171874,0.5328255615234375,-0.04191099867068017,0.01887401906550829,0.9989219457358971,0.006495599629385223
1785983397.274524,0.9077534790039062,1.2841219482421875,0.5337572631835937,-0.04160288216874557,0.019247141822720054,0.9989261747652763,0.006726571415811726
1785983397.294399,0.8986634521484375,1.2852633056640625,0.5347529907226563,-0.04110865021522222,0.01908017419136927,0.9989509518933717,0.006559109758598956
1785983397.314636,0.8894632568359375,1.2863416748046874,0.5357110595703125,-0.0400493202120634,0.01935990713454043,0.9989897795942903,0.0063774907175360536
1785983397.324513,0.8848234252929688,1.2868515625,0.5361688842773438,-0.039407383963573774,0.019389738457357183,0.9990150548260694,0.006326718480195271
1785983397.343569,0.8754948120117187,1.2878974609375,0.5371776123046875,-0.03777013963042114,0.018979251051302857,0.9990869615630892,0.006201059620518879
1785983397.353744,0.870808349609375,1.28842431640625,0.5376839599609375,-0.03705001794636685,0.01932765737201034,0.9991086996169364,0.005962078102616188
1785983397.364183,0.8661194458007813,1.28892578125,0.538205810546875,-0.03605018689379011,0.01915978588834608,0.9991474391613321,0.006138825478422953
1785983397.374579,0.8613972778320312,1.289388916015625,0.5387278442382812,-0.03540184856540916,0.019246256777029947,0.999169444343316,0.006058449567794908
1785983397.394847,0.851923828125,1.290364501953125,0.53981591796875,-0.03390197453936287,0.019148382968947053,0.9992241084571784,0.0059304740006027555
1785983397.404999,0.8471189575195313,1.2908515625,0.5403583374023437,-0.0330305070702462,0.01904576594734684,0.9992572961907842,0.005576378439052823
1785983397.425783,0.8375353393554688,1.291792236328125,0.5414264526367187,-0.03194571750174258,0.019496714698408527,0.9992849580067469,0.0053784741869045746
1785983397.443371,0.82790625,1.2927271728515626,0.5424920043945313,-0.03100668085081664,0.020133446317460238,0.9993019573412572,0.005369292692616519
1785983397.453336,0.82307666015625,1.2931888427734375,0.543078857421875,-0.03140555786653297,0.01945674504865145,0.9993047458009765,0.0050141398546220215
1785983397.473174,0.8133887329101562,1.2940697021484375,0.5441822509765625,-0.030957692934736207,0.02003919637455706,0.9993065799172984,0.005139886563497213
1785983397.485941,0.80854736328125,1.2945057373046875,0.5447322387695313,-0.030867073948000565,0.020369689463975174,0.9993041940742698,0.004840359846053756
1785983397.503319,0.7988340454101562,1.2953946533203125,0.5458710327148437,-0.031258352797341855,0.020366932470091255,0.9992923616998237,0.0047836752945339105
1785983397.514714,0.793981689453125,1.295845703125,0.546450927734375,-0.03115535277792602,0.020629747283216416,0.9992902144108025,0.004778506072219421
1785983397.533487,0.784265869140625,1.2966905517578124,0.5475777587890625,-0.03131363793980491,0.020642391303826498,0.99928462994657,0.00485590536274162
1785983397.543365,0.779446533203125,1.2971336669921876,0.5481832885742187,-0.03163080948574053,0.02078514690794072,0.9992708289538345,0.005027582685345061
1785983397.563207,0.7697645263671875,1.2979755859375,0.549375244140625,-0.03118537684010411,0.020850104870388325,0.999283817251577,0.00495875814189677
1785983397.573256,0.7649292602539063,1.2983546142578124,0.54998291015625,-0.0311710726895462,0.0206588726003509,0.9992885070145029,0.004906071854340784
1785983397.583476,0.7600946655273437,1.2987581787109375,0.5505950927734375,-0.03112219435846497,0.020488929958671503,0.9992940840012249,0.004789899436211535
1785983397.594700,0.7552997436523438,1.2991484375,0.551206298828125,-0.03088993960124287,0.020076354218110944,0.9993096293146265,0.004797367557922948
1785983397.613582,0.7456658935546875,1.2999288330078125,0.5524887084960938,-0.030769629269823365,0.019356905568639476,0.9993272768665339,0.004852041164015597
1785983397.634956,0.7360017700195313,1.3006875,0.55373388671875,-0.030500007700350253,0.01893300095618216,0.9993413902103836,0.005299238254090757
1785983397.653414,0.726318359375,1.3014639892578126,0.5550455322265625,-0.030745182461959782,0.017643995746310853,0.9993587166209321,0.005057909282559234
1785983397.663558,0.721468994140625,1.301781982421875,0.5557110595703125,-0.030787936725310577,0.017526226787801608,0.9993568229572926,0.005556760619142803
1785983397.683402,0.7117520751953125,1.3025401611328125,0.5569971923828125,-0.03105814908008095,0.017019335152555083,0.999356532197597,0.005679794376556424
1785983397.693681,0.7069042358398437,1.30291455078125,0.557699462890625,-0.031525642597477005,0.017357910740346438,0.9993365814072114,0.00559008847479213
1785983397.708599,0.7020108032226563,1.3032647705078124,0.558363525390625,-0.03177383371467605,0.017273345068306245,0.9993316458363268,0.005321072986213065
1785983397.723611,0.6922329711914063,1.30398583984375,0.5597200927734375,-0.03216215538599497,0.01766195093469556,0.9993108967875509,0.005602184601587751
1785983397.733705,0.6873492431640625,1.3043468017578126,0.5603978881835937,-0.032720089265844646,0.018078420162743757,0.999284764153019,0.005703015759870279
1785983397.743983,0.6824485473632812,1.3047271728515626,0.5611060791015625,-0.03298609647995679,0.01831969198450301,0.9992720368279084,0.005631325948032248
1785983397.753987,0.6775220336914063,1.30504541015625,0.5618167724609375,-0.03292295383561018,0.018746624239630146,0.9992667057677561,0.005539015864623338
1785983397.764959,0.672631103515625,1.3054158935546876,0.562533935546875,-0.03305208752767068,0.0187019783675831,0.999262970280689,0.005596494956069144
1785983397.783777,0.6628045654296875,1.3060938720703126,0.5640039672851562,-0.03296206226083175,0.01922247359133665,0.9992562075969218,0.0055717246679821645
1785983397.794007,0.6579053344726562,1.306387939453125,0.5647560424804687,-0.033332845597710214,0.019417511034017138,0.9992415263761768,0.005315539195121356
1785983397.814021,0.6480838012695312,1.30705908203125,0.5662896118164062,-0.03319062403135706,0.02006420390100522,0.9992355613696084,0.004909286359332334
1785983397.833801,0.6382294311523438,1.307635498046875,0.5678997802734375,-0.03353471509295611,0.0203104163811874,0.9992197166479951,0.004783297941468248
1785983397.844037,0.6332683715820312,1.3079248046875,0.5687279663085938,-0.03343317275631497,0.02026286173957894,0.9992254878839228,0.004479087587378798
1785983397.863667,0.6234193115234375,1.308511962890625,0.5703690795898437,-0.03291109964142324,0.02040015120161411,0.9992405868900048,0.004354103370739357
1785983397.883145,0.613474609375,1.3090384521484375,0.5720555419921876,-0.0329413585685728,0.02057150422473887,0.999236866217838,0.004167028119717247
1785983397.893605,0.6085160522460937,1.309294677734375,0.5728837280273438,-0.032752714107188455,0.021026817758007382,0.9992349574107082,0.003825920828742887
1785983397.903598,0.6035779418945313,1.3095921630859375,0.5737498168945312,-0.03289340919523642,0.020743418983381005,0.9992372614001085,0.0035539460379017448
1785983397.914254,0.5985966796875,1.309867431640625,0.5746378784179688,-0.03302035026607056,0.021042762008373475,0.9992263751898495,0.003674078112136603
1785983397.933503,0.58863427734375,1.310368408203125,0.576453857421875,-0.03334918241758578,0.020690248895068566,0.9992245409263085,0.0031710421625083846
1785983397.944023,0.5836411743164063,1.3106256103515626,0.5773384399414062,-0.03352074758265237,0.020460988202364094,0.9992234895786146,0.003181670360972446
1785983397.963161,0.5736348266601563,1.3111348876953124,0.5791905517578125,-0.03351715014894438,0.020257230420733824,0.9992281497993388,0.003058422447342952
1785983397.973790,0.5685811767578125,1.3113509521484374,0.5801467895507812,-0.033768331359647505,0.020441928625760643,0.9992160257238215,0.0030258348960064308
1785983397.993462,0.5585232543945312,1.3118134765625,0.5819789428710938,-0.03417147084399347,0.019838130185133675,0.9992151980601657,0.0027810167450064136
1785983398.003577,0.5534723510742188,1.312048095703125,0.5829655151367188,-0.034177591108156664,0.01960632320678057,0.9992191648743389,0.0029223806166230916
1785983398.013977,0.54839501953125,1.312260498046875,0.5839393310546875,-0.03441764531928426,0.01979654190797006,0.9992077192304605,0.0027314890794582023
1785983398.033193,0.53822021484375,1.312645263671875,0.5858511962890625,-0.035045702106424194,0.018944261175125283,0.9992022834357558,0.002775579830348774
1785983398.043698,0.5331263427734375,1.3128529052734375,0.5868484497070312,-0.03552568052364726,0.018654711746447214,0.999191016557227,0.0026900184162599707
1785983398.053911,0.5280020141601562,1.3130166015625,0.5878400268554688,-0.03560980283178129,0.018114750406225486,0.9991980108356223,0.0026679880523176338
1785983398.064305,0.5228660888671876,1.313188720703125,0.5888305053710937,-0.036216687473915876,0.017909996689881476,0.999180554874598,0.0024083547015496063
1785983398.087068,0.512548095703125,1.31353857421875,0.5908294067382812,-0.03682471332237,0.016743211915710248,0.9991783849751765,0.0024825859752891474
1785983398.104184,0.5021967468261719,1.3138079833984375,0.5928499145507813,-0.036667711511328326,0.016465911561323595,0.9991879071448206,0.0028062205181768273
1785983398.124125,0.49176467895507814,1.314106201171875,0.5948311157226562,-0.03699647846553302,0.01565476795719244,0.9991882054102192,0.0030187494741157244
1785983398.134349,0.48653823852539063,1.3141910400390624,0.5958348388671875,-0.03729091212514018,0.015233046125492932,0.9991829335561784,0.0032892565711935533
1785983398.154169,0.47605563354492186,1.314385986328125,0.59788916015625,-0.036790353855586516,0.014932935955427268,0.9992051392822024,0.0035445934371854393
1785983398.173447,0.46548577880859376,1.3145501708984375,0.5999177856445312,-0.036879992374842296,0.01440854073265618,0.9992092776352851,0.003616105707625773
1785983398.193860,0.45488088989257813,1.314618896484375,0.601986328125,-0.03718933461144396,0.013670042905972079,0.9992088004206687,0.003444291607050878
1785983398.203912,0.4495223388671875,1.314646484375,0.6030003662109376,-0.03681882154836811,0.013403480277822056,0.9992255102529896,0.003620608155713648
1785983398.224028,0.43879721069335936,1.314618408203125,0.6050510864257812,-0.036653260689087086,0.012964870120782044,0.9992367394612276,0.0037936039998114836
1785983398.243129,0.4279865417480469,1.3145355224609374,0.6071759643554687,-0.03656419895087712,0.012315958730218103,0.9992480058242144,0.00384620086350334
1785983398.253502,0.42253564453125,1.31447998046875,0.608216064453125,-0.03641015246844765,0.012062061961547164,0.9992565431225537,0.003895867146293374
1785983398.263482,0.41707000732421873,1.3144093017578125,0.6092714233398437,-0.036127557052490274,0.012197199571883144,0.9992645584236036,0.004045957922295221
1785983398.283645,0.4061050720214844,1.3142086181640624,0.6114413452148437,-0.03598043258207395,0.012196495569821561,0.9992684803056221,0.004376134875510713
1785983398.294546,0.4006144409179688,1.314089599609375,0.6124750366210937,-0.035438522831840145,0.012172702713360784,0.9992883877203292,0.004317973448077562
1785983398.315607,0.3895609130859375,1.313856689453125,0.6146155395507813,-0.03479139359349586,0.012946312728618086,0.9993004139925594,0.004542139070300731
1785983398.326716,0.384051025390625,1.313767822265625,0.6157001342773437,-0.0346881077665202,0.013376047498354538,0.999300003923664,0.004162508276220029
1785983398.343499,0.3729362487792969,1.313511962890625,0.6178618774414063,-0.03379801347420507,0.014754943482520686,0.9993100468352968,0.004406038445771903
1785983398.353538,0.367404296875,1.3134088134765625,0.6189478149414063,-0.033474198930384946,0.01605508879498569,0.9993016814771721,0.004225492321395421
1785983398.363931,0.36180670166015627,1.313296630859375,0.620056396484375,-0.032887059901165916,0.016661004354008305,0.9993089732103636,0.00473712489251778
1785983398.385102,0.35066690063476563,1.3130869140625,0.6222060546875,-0.032216696887022556,0.017867572220945458,0.9993095920359868,0.004813304122688798
1785983398.403744,0.3394823303222656,1.3128607177734375,0.6243892211914063,-0.03187533517828015,0.020297815989365885,0.9992740424921274,0.004833251914075794
1785983398.414021,0.33386318969726564,1.312756591796875,0.6254739379882812,-0.03190630789996213,0.020797298182078844,0.9992626422132935,0.004860932990617441
1785983398.435387,0.3226073913574219,1.3125968017578125,0.6276260375976562,-0.03174929332596936,0.022139215922327832,0.9992377907949807,0.005065833179682
1785983398.453786,0.3113439636230469,1.3124288330078124,0.62981494140625,-0.03166787274763447,0.02303683517622697,0.999220499569552,0.004983666576710719
1785983398.464039,0.305684326171875,1.3123773193359376,0.630884033203125,-0.03184024914654332,0.023172111199892258,0.9992122080262918,0.004921287152843714
1785983398.485027,0.29437893676757815,1.312286376953125,0.6330961303710938,-0.03237242326660246,0.02351150917440513,0.9991862741401851,0.005100795976876956
1785983398.503433,0.28307748413085937,1.3122147216796876,0.6352875366210937,-0.03200831470994192,0.023323292894373217,0.9992034541100906,0.004894505902848296
1785983398.513596,0.27739208984375,1.3121883544921875,0.636359130859375,-0.03192279269978218,0.02347687612614544,0.9992013364561503,0.0051446192075267185
1785983398.524044,0.2717330017089844,1.312187744140625,0.6374663696289062,-0.03173565350100391,0.023667843871107944,0.9992035286752884,0.004999039882577945
1785983398.534003,0.26611398315429685,1.3121773681640625,0.6386234130859375,-0.03191014659038599,0.023501654336311174,0.9992024400228482,0.00488739105146674
1785983398.553430,0.2547729797363281,1.31226416015625,0.6408731079101563,-0.03131176109904565,0.023294532281787652,0.9992249584825326,0.005140736319546818
1785983398.574017,0.24341114807128905,1.312341064453125,0.643197265625,-0.030757550157630736,0.023308619979642526,0.9992413474264978,0.005235395848510622
1785983398.583927,0.23777342224121092,1.3123853759765625,0.6443221435546875,-0.03078970424261774,0.022857318804052004,0.9992519948766216,0.00499764008123892
1785983398.594334,0.23207089233398437,1.312465576171875,0.6454765625,-0.030693307684982386,0.02243228855337274,0.9992631790507938,0.005272220956579453
1785983398.614775,0.22068545532226563,1.312605224609375,0.6478079833984375,-0.030971221902241435,0.021750637596917755,0.9992713508749098,0.0049462419430898906
1785983398.634659,0.2093438415527344,1.3127408447265625,0.6500919189453125,-0.030762093509250518,0.02072067352096974,0.9992997877054515,0.004928208897067293
1785983398.654172,0.19793466186523437,1.3129149169921874,0.652435791015625,-0.03104300337848708,0.019396901971818255,0.9993184941356763,0.0047587344962902985
1785983398.664489,0.19221429443359375,1.313009521484375,0.6536079711914062,-0.030986525896337512,0.019324570554380603,0.9993207755655443,0.0049387131456256565
1785983398.684372,0.18080682373046875,1.3131708984375,0.6559580688476563,-0.031373287156503914,0.01842504179173607,0.9993277316577955,0.004508213811499287
1785983398.703781,0.16936959838867188,1.3133739013671875,0.6582835083007812,-0.03195527333066802,0.018157752069600547,0.9993151763607238,0.004281091958970778
1785983398.723981,0.1579248504638672,1.313548095703125,0.6605762329101562,-0.03202204131836288,0.01793393529541577,0.9993181288081875,0.004031419631527545
1785983398.734309,0.15221017456054686,1.3136517333984374,0.6617171630859375,-0.031813911669106174,0.017472199484965135,0.9993338526807021,0.00380154525132426
1785983398.754650,0.14071310424804687,1.3138497314453126,0.6639779052734375,-0.03190309077716252,0.01792448665647107,0.999323765274578,0.0035921155852653756
1785983398.773782,0.12922978210449218,1.3140211181640624,0.6663151245117187,-0.03193472521892387,0.018292778629722405,0.9993161754222056,0.0035684370702726478
1785983398.793504,0.11778262329101563,1.3142359619140624,0.6686856689453125,-0.03147231337556187,0.01867367177487534,0.999325390598928,0.0030882703216304087
1785983398.803546,0.11203780364990235,1.31432568359375,0.6698477783203125,-0.03189782266302246,0.018859940382974803,0.9993077877481599,0.003282958252829832
1785983398.814669,0.1062851791381836,1.3143951416015625,0.6710549926757813,-0.031453204135271536,0.019059392693615042,0.9993193664477115,0.002868650230092907
1785983398.833210,0.09482433319091797,1.3145697021484375,0.6733932495117188,-0.03132652373119523,0.01965185741729772,0.9993119182204437,0.0028547577404897605
1785983398.844036,0.0891139144897461,1.3146861572265625,0.6745713500976562,-0.031036449619707977,0.020094943539407297,0.9993124401200589,0.002755161985611244
1785983398.854234,0.08336564636230469,1.3147789306640625,0.6757632446289062,-0.031660337323389534,0.020158102503485802,0.9992914744524889,0.0027977842652855203
1785983398.873466,0.07196856689453125,1.3149246826171874,0.6782025756835938,-0.03126760103844797,0.020380616476776744,0.9992995043849642,0.0027346386223808324
1785983398.883843,0.06623655700683594,1.314996826171875,0.6794134521484375,-0.030868458958431978,0.02072681436653603,0.9993038287415532,0.003063779510834928
1785983398.903661,0.054866111755371094,1.3152059326171874,0.681937744140625,-0.0311583542962323,0.02062833863944904,0.9992978193719855,0.0027405680442450456
1785983398.913862,0.049190567016601565,1.3153245849609374,0.6831571655273437,-0.030190385591081635,0.021030036169605033,0.9993180766185353,0.00310768499221408
1785983398.924669,0.04357265853881836,1.3154072265625,0.6843944702148438,-0.029908138276353902,0.020899814058120355,0.9993305349567398,0.002680266660728551
1785983398.946384,0.032300178527832034,1.31559228515625,0.6869198608398438,-0.028899538792275112,0.020909487905750423,0.999358940281755,0.0030524248337533695
1785983398.963648,0.021067228317260742,1.3158271484375,0.6894901123046875,-0.028387775915313603,0.020821457790185495,0.9993751779237628,0.003139410724963668
1785983398.973602,0.01551321029663086,1.316008544921875,0.6907781982421874,-0.028386396214507042,0.02098932468144374,0.9993719796212022,0.003052706165874407
1785983398.983524,0.009932283401489259,1.31608447265625,0.69207080078125,-0.028261678659841284,0.021189485651841783,0.999371398110546,0.0030167292896237175
1785983398.993570,0.004396635532379151,1.31621875,0.6933954467773438,-0.027782506086057507,0.021112996498076676,0.9993851157076655,0.003428953711650418
1785983399.004477,-0.0012008877992630005,1.3163431396484375,0.6947346801757812,-0.02788377227379935,0.021105902909203157,0.9993834830252712,0.0031121431866068614
1785983399.023619,-0.012224993705749511,1.316606201171875,0.6974395141601563,-0.0264384857526012,0.02051006148519135,0.9994341322132607,0.003431691049080349
1785983399.033677,-0.01774198341369629,1.31670849609375,0.69886376953125,-0.026738812077746383,0.02018537704462651,0.9994329319898966,0.003376793304993006
1785983399.055257,-0.02874199104309082,1.316947998046875,0.701685302734375,-0.026422161045228446,0.018947402573347844,0.9994651362415193,0.003505569433899305
1785983399.073901,-0.039667911529541015,1.3171231689453125,0.7045397338867188,-0.02610578036053013,0.017530208896874382,0.9994988303199134,0.0036415360945600325
1785983399.083984,-0.04506010437011719,1.3172093505859375,0.7060067749023438,-0.02626190267649878,0.01706325034565792,0.999502304025354,0.0037818621058965424
1785983399.094268,-0.05050690841674805,1.3173355712890624,0.7075054321289063,-0.026865006823505615,0.01666275974322475,0.9994930532079499,0.003777771703312075
1785983399.113981,-0.061287822723388674,1.3175059814453125,0.7104488525390625,-0.02669635645744913,0.01571629900924609,0.9995122107284222,0.003954910019088526
1785983399.133224,-0.07205915832519531,1.3176793212890625,0.713449462890625,-0.026952733250101467,0.014936472718397382,0.9995178013752998,0.0038209764395393036
1785983399.143117,-0.0773993911743164,1.3177906494140625,0.714990966796875,-0.027461314167368852,0.014814485001691205,0.9995060237094257,0.003759244144320593
1785983399.154166,-0.08273471069335937,1.3178682861328126,0.71650537109375,-0.028019477025962546,0.014904930133169248,0.9994895123808867,0.003668058272243258
1785983399.173887,-0.09338565063476563,1.3180458984375,0.7195711059570312,-0.02840402724940538,0.01452662269541378,0.9994840408466091,0.003720411107417148
1785983399.193209,-0.10396312713623047,1.31821142578125,0.722734375,-0.029701404098591015,0.014844695857003338,0.9994418031720216,0.0036806643850697054
1785983399.203187,-0.10923363494873047,1.31826513671875,0.724305419921875,-0.02975933000291519,0.014843514082806937,0.9994395891112516,0.003816665851110844
1785983399.214123,-0.11450002288818359,1.3183023681640624,0.7258935546875,-0.03032273846595247,0.014850751757795757,0.9994229052228669,0.003721422382957862
1785983399.233270,-0.12497467803955079,1.3183994140625,0.7291776733398437,-0.030903641404094122,0.015431294544853952,0.9993968426128741,0.0035758948659438666
1785983399.243201,-0.13015547180175782,1.3183997802734375,0.730771484375,-0.03156213048466678,0.015234190218399352,0.9993791142820941,0.0036248962749645813
1785983399.253227,-0.13537100219726564,1.31841748046875,0.7323936157226563,-0.031728428941686294,0.015196730302471756,0.9993739850848438,0.003741881774824679
1785983399.265974,-0.14057801818847657,1.3184036865234374,0.734035400390625,-0.03105273322239625,0.015520567923032011,0.9993906474245343,0.0036293400975871827
1785983399.283222,-0.15087265014648438,1.3183795166015626,0.7372822875976562,-0.03155634374894055,0.015695612260120444,0.9993715472158746,0.0037892402282877127
1785983399.293307,-0.156062255859375,1.318375,0.7389002685546875,-0.031216949564555643,0.01619797075612477,0.9993744025786274,0.003730595301106138
1785983399.303427,-0.16114851379394532,1.318380615234375,0.7405742797851562,-0.03139742646985169,0.01637243765120317,0.99936676837902,0.003495162312117495
1785983399.313514,-0.16622982788085938,1.3183736572265625,0.7422229614257813,-0.03158226596500753,0.01574083789168725,0.9993714801184795,0.003381328145458283
1785983399.323753,-0.17130633544921875,1.3183336181640626,0.7438857421875,-0.03128519959483072,0.015454941833398803,0.9993860699682865,0.0031400216134573446
1785983399.344007,-0.18151214599609375,1.3181888427734374,0.7471351318359375,-0.03045637069640217,0.01581317084236911,0.9994063403360731,0.003054156278127799
1785983399.364914,-0.19155465698242188,1.318031005859375,0.7504567260742188,-0.02951778296424248,0.01577796391456344,0.9994341247584617,0.0033451196577370715
1785983399.375004,-0.1965380859375,1.317967041015625,0.7521242065429687,-0.029909168210900283,0.015516785184204941,0.9994263120984864,0.0034247197698396236
1785983399.393478,-0.20657850646972656,1.3177686767578125,0.7553604736328124,-0.029163757991773783,0.016453129776947094,0.9994349969695738,0.0029074252490618713
1785983399.404485,-0.21153408813476562,1.3176729736328125,0.7570301513671875,-0.02934653403353517,0.01615222189374565,0.9994346987778262,0.00285783542372862
1785983399.414696,-0.21649661254882813,1.3175433349609376,0.7586649780273438,-0.028921878978686137,0.016296779100668755,0.9994446210604534,0.002898451820197977
1785983399.425760,-0.221443115234375,1.3174090576171875,0.76027392578125,-0.02890750228494655,0.0168708220328381,0.9994350938818726,0.003036469976722606
1785983399.440663,-0.22636793518066406,1.3172694091796875,0.7618728637695312,-0.029221894731543366,0.016324785548033873,0.9994352653420706,0.002954413877043208
1785983399.454739,-0.23619102478027343,1.31701025390625,0.7651609497070313,-0.02950568797882829,0.01669833432724973,0.9994194014218227,0.0033808345031926053
1785983399.473504,-0.2459503936767578,1.3166873779296875,0.7683983154296875,-0.029310115876467476,0.01683342427841879,0.9994230245009841,0.0033431450410978717
1785983399.493546,-0.2556632537841797,1.3163116455078125,0.7716126098632813,-0.02999895698331771,0.016966345328065763,0.9994009279868196,0.0031619275973560745
1785983399.514360,-0.26540789794921876,1.315942626953125,0.7747813720703125,-0.03026648312908757,0.017468033337109425,0.9993846833080217,0.003010393763771751
1785983399.524689,-0.27024859619140623,1.3157425537109375,0.7763829345703125,-0.030761235360491457,0.017714971065932124,0.9993649045518996,0.003115337633210192
1785983399.536035,-0.27507366943359374,1.315568359375,0.777991455078125,-0.031357137016198876,0.017981560455811313,0.9993417331629041,0.0030830358074313757
1785983399.553610,-0.28472650146484374,1.3151287841796875,0.7811510620117188,-0.03193668530788698,0.01804190557343338,0.9993234894165131,0.0026664351041874495
1785983399.563623,-0.28951803588867187,1.3148800048828124,0.78276806640625,-0.03298841679814699,0.018231128374980102,0.9992859943779617,0.0026246968135419497
1785983399.574742,-0.2943561096191406,1.3146221923828125,0.7843326416015625,-0.033542652367157866,0.018029114228502386,0.9992724170842593,0.002114961363276021
1785983399.596032,-0.30397476196289064,1.3141075439453125,0.7874947509765625,-0.03425092505338069,0.018266840343252436,0.9992443373731781,0.0019865617454194002
1785983399.614938,-0.3135571594238281,1.313597900390625,0.7906865844726563,-0.035785216562958966,0.01849570604141117,0.9991872882438345,0.0014461230997710446
1785983399.634672,-0.32316384887695315,1.313046630859375,0.7938868408203125,-0.036625267107535886,0.01846397804100335,0.9991575283476289,0.0013756552139730831
1785983399.644335,-0.3279469604492187,1.31276806640625,0.7954601440429687,-0.0372133878038653,0.018423394848896546,0.999136962108384,0.001039065571883122
1785983399.663234,-0.337562255859375,1.3121871337890625,0.7986474609375,-0.03865382744950711,0.018446815486438374,0.9990822335669716,0.0005470946037850655
1785983399.684028,-0.34718368530273436,1.311592529296875,0.8018735961914063,-0.040020769270763146,0.018400225661814075,0.999029418688756,-2.521296337644357e-05
1785983399.704004,-0.3568080749511719,1.311010986328125,0.8050905151367187,-0.04118867512247969,0.01853394011342466,0.9989793978443533,-0.0003761262299041243
1785983399.723131,-0.3664605407714844,1.310465576171875,0.80830517578125,-0.041982807893752035,0.018402065613833205,0.9989483563651216,-0.0009979457819317456
1785983399.733238,-0.37133041381835935,1.3101480712890625,0.8099273681640625,-0.042577826543013605,0.018765128297973672,0.9989160161142885,-0.001341194884839817
1785983399.743396,-0.37618179321289064,1.309897216796875,0.8115498046875,-0.04299751537479899,0.0188954466115592,0.9988952882673358,-0.0015461180283197018
1785983399.753326,-0.3810502319335938,1.3095830078125,0.8131753540039063,-0.043625749172340536,0.018937325407870784,0.9988669443475178,-0.0017348387880759969
1785983399.763769,-0.38594989013671877,1.309279541015625,0.8147808227539063,-0.04386753066579924,0.0186258936779743,0.9988616633388339,-0.002018429651441325
1785983399.773910,-0.39086160278320314,1.3089691162109376,0.8163997192382813,-0.04408371939406692,0.018933904286403375,0.9988458052268747,-0.002276477350176187
1785983399.785544,-0.39578182983398436,1.308672119140625,0.8180308837890625,-0.0445436600277143,0.018708706858139034,0.9988286713205932,-0.0026699932644061756
1785983399.803696,-0.40562326049804687,1.3080489501953125,0.8212820434570313,-0.0444077338656901,0.01920588050137847,0.9988249938700938,-0.0027762074475920786
1785983399.814092,-0.41054257202148436,1.3077779541015624,0.8229029541015624,-0.04463330647003676,0.019141824620270864,0.9988156845636852,-0.002945963509008009
1785983399.834501,-0.42048101806640625,1.307167724609375,0.8261646118164062,-0.044439655950934145,0.019504225954083167,0.9988149386219168,-0.0036630587969351115
1785983399.853527,-0.430438232421875,1.306552490234375,0.8294654541015625,-0.04352707317178881,0.019707492974864765,0.9988494527641028,-0.004096699552123321
1785983399.864179,-0.43540841674804687,1.30626513671875,0.8311470336914063,-0.04326615950132621,0.01961626631797638,0.9988612829261133,-0.004401181845813788
1785983399.884281,-0.4454691467285156,1.30567138671875,0.8343998413085938,-0.0425935069713546,0.02000078386159216,0.9988826827812494,-0.004376322444341577
1785983399.903265,-0.45555398559570315,1.3050484619140625,0.8376907958984375,-0.04201857077026658,0.019813347200251397,0.9989098850722923,-0.004571356957237531
1785983399.913421,-0.46060235595703125,1.3047440185546875,0.83934912109375,-0.04160196841935261,0.020006317061637153,0.9989225498840474,-0.004770020211020408
1785983399.924322,-0.46566598510742185,1.3044447021484376,0.8410211791992187,-0.04138514880662242,0.020088799329390027,0.9989286584725984,-0.005023940010257887
1785983399.944300,-0.47584912109375,1.3038050537109376,0.8442749633789063,-0.04056996824691643,0.020155522479006076,0.9989613413972617,-0.0049061154024718934
1785983399.963410,-0.48602740478515627,1.303184326171875,0.8475603637695313,-0.040344632040996906,0.020091989649148677,0.9989706120550196,-0.005130952434396991
1785983399.983365,-0.4962966003417969,1.302489990234375,0.8508703002929687,-0.040083190530605994,0.019757950766923982,0.9989822692443177,-0.0061138296231740795
1785983399.994860,-0.5014208679199219,1.3021173095703125,0.8525050048828124,-0.039621233010516003,0.01929857859253466,0.999004136362381,-0.006961400927105365
1785983400.014479,-0.5117088928222656,1.301323486328125,0.8558031005859374,-0.0389406898517455,0.018954070730148483,0.9990201112872673,-0.00912030404903667
1785983400.034348,-0.5220547485351562,1.3004072265625,0.8591188354492187,-0.038830698452110214,0.017949339695228002,0.9990046807967988,-0.012635239381977184
1785983400.053359,-0.5323900146484375,1.2993448486328125,0.8624440307617187,-0.0382929523998663,0.01634619861534138,0.9989779211211579,-0.017594716792486333
1785983400.064274,-0.5376109008789063,1.298782958984375,0.8641028442382812,-0.03800045171480513,0.01551098895596239,0.9989439335097791,-0.020648871211336395
1785983400.083282,-0.5480115966796875,1.29744580078125,0.8675087280273438,-0.03799982718847183,0.013088564440131246,0.9988096722571828,-0.027639603527886948
1785983400.094212,-0.5532200317382813,1.2967247314453125,0.8692140502929687,-0.03755351606844183,0.01178448504590326,0.9987300766496233,-0.03144957189160647
1785983400.113411,-0.56366357421875,1.295152099609375,0.872741455078125,-0.037431270190021196,0.008410910238821314,0.9984452857727324,-0.04043720133114654
1785983400.123610,-0.5688961791992188,1.2942576904296874,0.8744968872070312,-0.0376629721311275,0.007034418588712454,0.9982402114087308,-0.04526042213703013
1785983400.144111,-0.5793544921875,1.29238720703125,0.8781489868164063,-0.03717302620152328,0.004146281445011418,0.9977252987093425,-0.05608197017994215
1785983400.156418,-0.5845493774414062,1.2914114990234375,0.8799598999023438,-0.0375753501008313,0.002858492317423864,0.9973897693074529,-0.0615920040418334
1785983400.173011,-0.5949786987304687,1.289316650390625,0.8836069946289062,-0.03677552640793094,0.00047780269639945876,0.9965745849929282,-0.07407041249650342
1785983400.184265,-0.6001884155273437,1.2881982421875,0.8854305419921875,-0.03708443069047921,-0.00039048013858261225,0.9960676601209469,-0.0804599331762456
1785983400.195312,-0.6053834838867187,1.28704638671875,0.8873395385742188,-0.03658273359389026,-0.000774215733138412,0.9955203855789666,-0.08717951649755028
1785983400.213415,-0.6157429809570313,1.284604736328125,0.8911312866210938,-0.035710713266002586,-0.0014601216916613835,0.9941873071048871,-0.1015589339384878
1785983400.223397,-0.6209458618164062,1.283336669921875,0.8930379028320312,-0.03501643365514275,-0.001503894037503884,0.9934290829590228,-0.10895063145338607
1785983400.233734,-0.6260997314453125,1.28196533203125,0.8949683227539063,-0.035075349827512044,-0.001873885868547118,0.9925317542523817,-0.11682008627009867
1785983400.253500,-0.6364030151367187,1.2791837158203125,0.8988291015625,-0.033146248310033974,-0.001282461558731527,0.9905346371926479,-0.13319461069616984
1785983400.264988,-0.6415244750976562,1.277710205078125,0.9007659301757812,-0.03220999948129379,-0.001269956589777886,0.9893804476040375,-0.14172947092265742
1785983400.283795,-0.6516715698242187,1.2746304931640624,0.9046961669921875,-0.03064212971547769,-0.00014466780203214292,0.9867955828040539,-0.1590456541218529
1785983400.306374,-0.6618717651367187,1.271416259765625,0.9086444702148437,-0.028581361995494173,-2.0366114139055782e-05,0.9837456841113604,-0.17727814674751255
1785983400.323457,-0.67185791015625,1.2680155029296876,0.9126099853515625,-0.02712214073931904,0.001590952875035872,0.9801825299381755,-0.1962245175416955
1785983400.333462,-0.6768133544921875,1.2662147216796875,0.9146472778320313,-0.026369125206570605,0.0017704602916403139,0.9781125013022105,-0.20639156176646425
1785983400.353238,-0.6866072998046875,1.262576416015625,0.9186699829101562,-0.024616260236093347,0.00294783866988381,0.9737838582039788,-0.2261202159818544
1785983400.364128,-0.691451171875,1.2607340087890626,0.9206965942382812,-0.02417634421344234,0.0033113904063935607,0.9712457119050482,-0.2368254881119443
1785983400.375243,-0.69622021484375,1.258916748046875,0.9227415771484375,-0.023033997290238768,0.0037062481161065294,0.9689853751434132,-0.2460143030456485
1785983400.393797,-0.7057322998046875,1.2550140380859376,0.9267496337890625,-0.02193058968852821,0.005119319418253016,0.9636367012102262,-0.26626519668738996
1785983400.414734,-0.7151620483398438,1.2511693115234375,0.9308226928710938,-0.02028682569465153,0.005609339248240838,0.9577176182410007,-0.28693891554636214
1785983400.433737,-0.7243892211914063,1.247190185546875,0.9348488159179688,-0.019261736894188752,0.00666351688072508,0.9510620335754948,-0.30832707809092547
1785983400.444941,-0.7289738159179687,1.245126220703125,0.9367875366210937,-0.0186195162862566,0.006406321264944811,0.9475581553132923,-0.3189761927984456
1785983400.463488,-0.7378412475585937,1.2409765625,0.9407276000976562,-0.017281863485193952,0.007589249564829284,0.9390971486813116,-0.3431330526209495
1785983400.473601,-0.7423211059570313,1.238864501953125,0.942706298828125,-0.016547321437978033,0.007783258369070932,0.9351066955464787,-0.3538941801694617
1785983400.483738,-0.7467182006835937,1.23681298828125,0.9446654663085937,-0.016017114729407176,0.00820671781593641,0.9309306608462986,-0.36475226093284135
1785983400.494075,-0.7511104125976562,1.2348731689453125,0.946561279296875,-0.016753393108413506,0.010118822883252882,0.9263269932468036,-0.37621168216432543
1785983400.515329,-0.7596926879882813,1.230981201171875,0.9503411865234375,-0.016165528276474102,0.011924352623114214,0.9170436580622529,-0.3982805617584127
1785983400.533722,-0.7683489379882813,1.2270684814453126,0.9539725341796875,-0.015763187958640335,0.014227439900340309,0.9084362018078588,-0.4174838473106474
1785983400.553759,-0.7769068603515625,1.223271728515625,0.957454345703125,-0.01590876339549452,0.017332166756219878,0.8994970459404488,-0.4362929869964423
1785983400.563878,-0.7811865844726562,1.2214251708984376,0.959130126953125,-0.015601180323713038,0.019339008678121043,0.8953268852209991,-0.44471607044895844
1785983400.573967,-0.7854488525390625,1.21964794921875,0.9608067626953125,-0.016176066228787846,0.02085591781305152,0.8907800840575265,-0.4536674976139327
1785983400.593470,-0.7939009399414062,1.2161939697265625,0.9639447021484375,-0.017277872493389346,0.024120154846353423,0.8819842884411648,-0.47034393368403027
1785983400.604318,-0.7981827392578125,1.2144947509765625,0.965537353515625,-0.017375878935255554,0.026193094913490613,0.8776923804090069,-0.478192515669778
1785983400.624353,-0.8066007690429687,1.2112574462890624,0.9685840454101563,-0.019015113703079976,0.02842473861734139,0.8691908575393477,-0.4932927350023402
1785983400.643530,-0.8151231079101563,1.2081263427734374,0.9715326538085938,0.020116599491002952,-0.029820204244745224,-0.8608687602436653,0.5075540104792416
1785983400.654014,-0.8193522338867187,1.206642578125,0.9730303344726563,0.021075592646723266,-0.030586454234042926,-0.8568848910704974,0.514167850795456
1785983400.673724,-0.8278797607421875,1.2037398681640625,0.9758822631835937,0.02314981052791811,-0.031201269774566186,-0.8488377178964688,0.5272239125039545
1785983400.693381,-0.8364081420898437,1.2010115966796875,0.9786624145507813,0.024297839020273885,-0.03098409353297419,-0.840984207125083,0.5396250332794108
1785983400.703535,-0.8407355346679688,1.1996826171875,0.9800460205078125,0.024680603622213797,-0.030968872813080247,-0.8370608705718243,0.5456746825094719
1785983400.713500,-0.8450235595703125,1.1984166259765625,0.9814158935546875,0.025102153974649075,-0.03024199638512159,-0.8335585966480545,0.5510311777117741
1785983400.723881,-0.8493353881835938,1.1971845703125,0.9827418212890625,0.02567706850907524,-0.030104274962471717,-0.8298254719219722,0.556618465852539
1785983400.743295,-0.8580631713867187,1.1948485107421876,0.9854237060546875,0.02683365410120667,-0.02800618755479168,-0.8229917932409954,0.5667275734091766
1785983400.753605,-0.8623994750976562,1.193712646484375,0.9867359619140625,0.026963205253980046,-0.026843195411656817,-0.8196993149904049,0.5715290706571486
1785983400.763718,-0.86681005859375,1.192641357421875,0.9880684204101563,0.027090120770767438,-0.026014691743338432,-0.8163679570416467,0.5763095691181516
1785983400.784250,-0.875611328125,1.19054638671875,0.9906380615234375,0.027992661063167956,-0.022888528237478,-0.8097919806298494,0.5856018185683874
1785983400.803396,-0.8844262084960938,1.188560791015625,0.9932210693359375,0.028029412604718425,-0.02033416591682956,-0.8039392065776735,0.5937024649615308
1785983400.813794,-0.8888760375976562,1.1876785888671875,0.994535888671875,0.028253946973592372,-0.018568291479932733,-0.8011535115007979,0.5975031438449525
1785983400.835038,-0.8978325805664062,1.1858629150390625,0.9970091552734375,0.028392891612460242,-0.015499577661390682,-0.7952789912053677,0.6053799841016148
1785983400.853508,-0.9068427124023437,1.1841337890625,0.9995186767578125,0.028331027563318224,-0.011855082006417899,-0.7898809203691587,0.612490758047639
1785983400.863527,-0.9113154296875,1.1832763671875,1.0007508544921875,0.027825839762079356,-0.010230144829702466,-0.7874479675195986,0.6156677445468036
1785983400.883310,-0.9203956909179688,1.1816463623046876,1.0031403198242188,0.027827776717462834,-0.007201755212272948,-0.7825191267339368,0.6219626742289841
1785983400.903410,-0.9293883056640625,1.17991064453125,1.00553271484375,0.026354822379187744,-0.004821266652614122,-0.7781804268774868,0.6274690406740128
1785983400.913346,-0.9339339599609375,1.1791474609375,1.0067320556640624,0.025841018603460227,-0.00356670443433302,-0.7757440505738892,0.630508280865525
1785983400.923669,-0.9384439697265625,1.1783326416015625,1.0078895874023437,0.025733665326046054,-0.0026518644230129336,-0.7734663076010249,0.6333092517624545
1785983400.933622,-0.9429637451171875,1.177563720703125,1.0090541381835938,0.0251540814723592,-0.0015751106543963763,-0.7716203222773416,0.6355838900843709
1785983400.944175,-0.9474649658203125,1.1767537841796876,1.0102140502929688,0.024240860242319216,-0.0003871960985743859,-0.7694524347473898,0.6382438117572259
1785983400.954096,-0.9519917602539063,1.175976318359375,1.011428955078125,0.02450057784846532,0.0009218037679285505,-0.7674196272431921,0.6406761852610915
1785983400.973869,-0.9609979858398437,1.174431640625,1.013748779296875,0.02372247263596678,0.0030653540192954205,-0.763628042105736,0.6452132114016192
1785983400.993975,-0.9698952026367188,1.1728538818359375,1.0160259399414062,0.02310277368079431,0.00448880397159665,-0.7599644504995201,0.6495384125937471
1785983401.013684,-0.9787664794921875,1.1712496337890625,1.0182891845703126,0.02200966493965376,0.006190237144973749,-0.7565129978566119,0.6535788738610594
1785983401.023673,-0.9831603393554688,1.1704354248046875,1.0194591674804687,0.021976873573414334,0.006860924514207668,-0.754921441809862,0.6554109824121654
1785983401.033715,-0.98753515625,1.1696566162109374,1.0206051635742188,0.021682918691712693,0.0071614218687750825,-0.7533852036648541,0.6571828535716552
1785983401.044115,-0.9919158325195313,1.1688907470703125,1.0217806396484375,0.021416083609071143,0.008180448398276372,-0.751695152246202,0.6591121469440342
1785983401.065169,-1.0005623168945312,1.167275146484375,1.0240560302734374,0.02079372760860948,0.009116858086217152,-0.7488538017943328,0.6623461983399924
1785983401.083298,-1.0090919799804687,1.1656038818359375,1.0263265380859374,0.019966323307791644,0.009598358453678778,-0.7463483219623297,0.665186715784805
1785983401.093234,-1.01334716796875,1.16483056640625,1.0275194091796875,0.01942273998844073,0.010254474114643057,-0.7450857421211862,0.6666069524006705
1785983401.103480,-1.0175275268554687,1.163964599609375,1.0286444091796876,0.018802274720553753,0.010392895979214008,-0.7438255434796194,0.6680284495752052
1785983401.113553,-1.0216952514648439,1.1631104736328124,1.029835205078125,0.019276871350669165,0.010889948107935955,-0.7425348037027675,0.6694414484744372
1785983401.123793,-1.02582763671875,1.1622166748046876,1.03101025390625,0.019016641164281093,0.011020069951425477,-0.7414491953303651,0.6706489462790057
1785983401.135478,-1.0299556884765626,1.161361572265625,1.032177001953125,0.018597965407744117,0.011317548266570793,-0.7404778276654107,0.6717280973031212
1785983401.155029,-1.0380869140625,1.1596109619140624,1.0345350341796875,0.018544410595586876,0.012189351008126363,-0.7380324420129807,0.6744002207957651
1785983401.173404,-1.04611181640625,1.157680419921875,1.03692431640625,0.018274686834960266,0.012115498176399528,-0.7360460635126507,0.6765762611271513
1785983401.183416,-1.050068115234375,1.156780029296875,1.0381129150390624,0.018836630795248444,0.013229774515062886,-0.735018626201304,0.6776560922314208
1785983401.194184,-1.053966552734375,1.1558662109375,1.039287109375,0.01806604532215996,0.012684824713240598,-0.7342772244795506,0.678490719642858
1785983401.204210,-1.0578197021484375,1.1549014892578124,1.0404996337890624,0.018711299505042273,0.013857533040736614,-0.7333303275817612,0.6794736884883787
1785983401.223680,-1.0654547119140625,1.153004150390625,1.04286865234375,0.019326054316747127,0.013587665739674955,-0.731771200251969,0.6811408024839016
1785983401.233576,-1.0692276611328124,1.1520745849609375,1.04408349609375,0.019315456701806132,0.01420436661312508,-0.7308240705508106,0.6821446577368381
1785983401.243686,-1.0729534912109375,1.151123046875,1.0452911376953125,0.01920781457745424,0.014411408921813357,-0.7302714978315297,0.6827348640419191
1785983401.253884,-1.07663232421875,1.150142578125,1.04650048828125,0.019383590260262457,0.015299146180874903,-0.7295877658534355,0.6834412295628264
1785983401.273405,-1.0838760986328124,1.148153076171875,1.0488970947265626,0.019617151392971165,0.015403541351677682,-0.7280214860112911,0.685100436547152
1785983401.283555,-1.0874705810546874,1.1471795654296875,1.0501043701171875,0.019900498463848455,0.016312796032949942,-0.7273733594239924,0.6857593253375499
1785983401.294170,-1.090981201171875,1.14611083984375,1.0512911376953125,0.019826182669819902,0.01608276968096393,-0.7266823384200976,0.6864991346537085
1785983401.313396,-1.0979573974609376,1.14400244140625,1.0537147216796876,0.020226530228506765,0.01706269855035632,-0.7257714622824208,0.6874267514720578
1785983401.323679,-1.10139404296875,1.1429298095703124,1.0548741455078126,0.020186035929825284,0.016799681073885655,-0.7252176437491942,0.6880186533129333
1785983401.333743,-1.1047691650390625,1.1418546142578125,1.056105224609375,0.02048174819985169,0.0182291888960007,-0.7243938132499869,0.688840898872568
1785983401.353902,-1.11145361328125,1.1396513671875,1.0585191650390624,0.02100944611700802,0.01848727337899903,-0.723283003045721,0.6899844356652509
1785983401.364349,-1.1146878662109374,1.1384771728515626,1.059645751953125,0.021254664327972003,0.01864500464675744,-0.722917229647079,0.6903559107123594
1785983401.374335,-1.117925048828125,1.137348876953125,1.06084814453125,0.021314777640854782,0.018588107599112606,-0.7226551081252476,0.6906299678269965
1785983401.384401,-1.121100341796875,1.1361732177734376,1.0620491943359376,0.02178964988662894,0.019413112396012927,-0.7217043354774318,0.6915859908780511
1785983401.403815,-1.127331787109375,1.1337796630859376,1.064428466796875,0.022191625531457974,0.01989455886113559,-0.7209061928966551,0.6923915031221277
1785983401.413756,-1.13038232421875,1.1325599365234376,1.0656163330078126,0.021651342355366133,0.020092993029597953,-0.7206821100353829,0.692636129448242
1785983401.423702,-1.133439208984375,1.1313416748046874,1.0668153076171876,0.021623286598899998,0.020201006228950144,-0.7202057624057779,0.6931291466606972
1785983401.433677,-1.136354736328125,1.1301634521484376,1.0680018310546875,0.021862929645081304,0.020966274337841064,-0.7188899327408924,0.6944635947222849
1785983401.443600,-1.1393094482421875,1.1288973388671875,1.069169921875,0.02252065681120201,0.020943388523506926,-0.7182917689894339,0.6950619552901478
1785983401.454079,-1.1422705078125,1.1275986328125,1.0703641357421876,0.022597912382144147,0.02051047613594525,-0.718000088566821,0.6953736630605967
1785983401.473751,-1.147987548828125,1.124988037109375,1.072743896484375,0.023024731442354097,0.021236668568072263,-0.7173022966377229,0.6960576637303342
1785983401.483729,-1.1507783203125,1.123637451171875,1.07393994140625,0.02333617489900804,0.021570506449130555,-0.71707810373002,0.6962679907270686
1785983401.503491,-1.1562802734375,1.12077197265625,1.076342041015625,0.02332061844661647,0.021183481845518798,-0.716314855112411,0.6970655881620614
1785983401.513659,-1.15894970703125,1.1193475341796875,1.0775582275390625,0.02369478070961537,0.020610080951198623,-0.7160271595287184,0.6973656851702087
1785983401.523829,-1.1615999755859374,1.1179591064453125,1.0787735595703125,0.024347393320794927,0.021860847214469525,-0.7155959999323779,0.6977475872114042
1785983401.543369,-1.166841796875,1.1150242919921876,1.081161376953125,0.02409760523734967,0.02112386029919035,-0.715014437678635,0.6983748546690531
1785983401.553251,-1.1693397216796875,1.1134952392578126,1.0824229736328126,0.023788786489123706,0.0223904187524792,-0.7152211379941334,0.6981342919223507
1785983401.563790,-1.171849365234375,1.11199658203125,1.083614990234375,0.023736057623402595,0.022375013939343553,-0.7147067578632605,0.698663160826303
1785983401.583557,-1.1767403564453125,1.1088489990234376,1.08609521484375,0.02454245907968634,0.022300509383046164,-0.714878348841045,0.6984620901767128
1785983401.593533,-1.179135986328125,1.1072630615234376,1.087305419921875,0.024810486729569526,0.022412450148531902,-0.7146294715652958,0.6987036897151487
1785983401.613508,-1.18380224609375,1.1039921875,1.0897735595703124,0.025067939974714147,0.022658992790557598,-0.7142496927702697,0.6990747643178514
1785983401.623631,-1.1860660400390626,1.1022445068359374,1.090989990234375,0.025663942569850447,0.02268319077618774,-0.7144072522960611,0.6988913432846364
1785983401.633668,-1.1883017578125,1.100547119140625,1.09221728515625,0.02531328723078928,0.022373470666849075,-0.7147200789079762,0.698594201327131
1785983401.643602,-1.1905570068359375,1.0988948974609376,1.093492919921875,0.026325970235062765,0.023087219622324833,-0.7144912635073813,0.6987676010821693
1785983401.653560,-1.1927908935546876,1.0972037353515625,1.0947108154296874,0.026380281626053066,0.023004315668471026,-0.7143111410731067,0.6989523987034311
1785983401.673612,-1.197029541015625,1.0936243896484374,1.097156494140625,0.026717542750621485,0.02259159049653173,-0.714279098457624,0.6989857982202318
1785983401.684183,-1.199128662109375,1.091832275390625,1.0984189453125,0.02691356401388521,0.023197190239652866,-0.7141124195420873,0.6991287475206412
1785983401.703454,-1.203224365234375,1.088111328125,1.10094775390625,0.0264622935288696,0.023155054499115743,-0.7139149835815446,0.6993489780173295
1785983401.724121,-1.2072041015625,1.084343505859375,1.103433837890625,0.026862006310911634,0.02331021485358081,-0.7136083265544924,0.6996415098249971
1785983401.743232,-1.2110362548828124,1.08054638671875,1.1060267333984375,0.027269304736467086,0.023192559002166668,-0.7134896334436043,0.6997506939294944
1785983401.753517,-1.2129017333984375,1.078630615234375,1.1073309326171874,0.027721743681384275,0.023708253334471286,-0.7132138326544002,0.6999967601474436
1785983401.763541,-1.2147269287109375,1.0766126708984376,1.108572265625,0.02789267067985925,0.02335212163335866,-0.7130458106773102,0.7001730757072624
1785983401.773708,-1.2165321044921875,1.07461328125,1.109897216796875,0.027684924303244547,0.02330397614872871,-0.7130575701911336,0.7001709534785289
1785983401.783749,-1.2183428955078126,1.072570556640625,1.111212890625,0.028040918531118546,0.02337359582012888,-0.7127506342020323,0.7004669319684893
1785983401.795529,-1.22008740234375,1.07055419921875,1.1125172119140625,0.027779301976422192,0.023436255018554404,-0.7128303889637552,0.7003941001050598
1785983401.813613,-1.2234818115234376,1.06640380859375,1.11511376953125,0.02770888073601267,0.023147187511016916,-0.7125462446771159,0.7006955657494455
1785983401.824263,-1.225170166015625,1.064312255859375,1.1164688720703124,0.02790696286240842,0.023364460681775823,-0.7122546569120908,0.7009768981991249
1785983401.843542,-1.2283583984375,1.0599749755859376,1.119155029296875,0.02844695379555256,0.023604376008204666,-0.7123452587284164,0.700855088596633
1785983401.854466,-1.2299371337890626,1.0577613525390626,1.12048046875,0.02872514096594677,0.023582499597234022,-0.7121068446065388,0.7010867223529276
1785983401.873780,-1.2329942626953125,1.053322265625,1.123201904296875,0.028563631531955475,0.023434383956633414,-0.7119484728920072,0.7012591080275439
1785983401.893415,-1.23594140625,1.0488179931640624,1.125909912109375,0.02894747475027161,0.02374354000078418,-0.7116337815211079,0.7015523344869351
1785983401.904037,-1.2373665771484375,1.046493408203125,1.1272708740234374,0.028612163113521535,0.023245858542978805,-0.7114365627361038,0.7017827132696619
1785983401.923175,-1.2400994873046876,1.0417620849609375,1.1300638427734375,0.02919596674971876,0.02358148059717059,-0.7116525167199952,0.7015284839130321
1785983401.935295,-1.24144580078125,1.0393349609375,1.1314239501953125,0.028897178551983062,0.023314942196754503,-0.7116219553733798,0.7015807660038523
1785983401.954674,-1.2440587158203125,1.034565673828125,1.1342005615234374,0.029413420933224455,0.0232901271094173,-0.7113150374448085,0.7018713125688683
1785983401.975728,-1.24656640625,1.0296497802734375,1.1369952392578124,0.029457003447169162,0.023501557354126252,-0.7111871093080177,0.7019920544703538
1785983401.994279,-1.248955322265625,1.0245968017578124,1.1398472900390626,0.03029842594333842,0.02369043061180251,-0.7110811687043325,0.7020572233707082
1785983402.006888,-1.25010107421875,1.0220182495117187,1.14123046875,0.03040705414290953,0.02324822350710405,-0.7112437883799345,0.7019025494097643
1785983402.023316,-1.2523983154296876,1.0168222045898438,1.1441280517578125,0.030102964186704037,0.02285517631206731,-0.7116401141939691,0.7015267647181034
1785983402.033501,-1.2534459228515624,1.0141964721679688,1.1455440673828126,0.03037748772065869,0.023122868748929663,-0.7114807029824035,0.7016678398563758
1785983402.043485,-1.25452685546875,1.0115321655273437,1.1469718017578125,0.030845799329633813,0.02351244988304923,-0.7114274892571935,0.7016884027249468
1785983402.053714,-1.2555567626953126,1.0088030395507812,1.1484193115234376,0.030752410167160914,0.023176673683452054,-0.7113047098436075,0.7018281250132593
1785983402.074904,-1.2575057373046874,1.0033500366210937,1.1512919921875,0.030954312891252857,0.023951240094896756,-0.7113426876618674,0.7017547713526234
1785983402.093468,-1.2593358154296874,0.997795654296875,1.1541492919921874,0.031056319586324533,0.024264096215487602,-0.7115437596166042,0.7015356283176348
1785983402.114965,-1.2611424560546876,0.9921084594726562,1.1570482177734376,0.03134976442426286,0.02454497789075682,-0.7112763443775904,0.7017839413162598
1785983402.133848,-1.262765380859375,0.9863006591796875,1.1598662109375,0.031129915729931866,0.024389381298882247,-0.7113587379311013,0.7017156441966896
1785983402.154763,-1.264405029296875,0.9804031372070312,1.1627835693359374,0.031752026278043514,0.024488902114594823,-0.7113511271278529,0.7016920236453347
1785983402.164982,-1.265124267578125,0.9773740234375,1.1642022705078126,0.0316601673833985,0.024421388291725504,-0.7116689833862024,0.7013761317846805
1785983402.176218,-1.2659539794921875,0.9742977905273438,1.1656549072265625,0.03232616441441136,0.025112611287107945,-0.7115224324272363,0.7014700373856032
1785983402.195131,-1.26731396484375,0.9681956787109375,1.168490234375,0.032235379551333695,0.02461460257059262,-0.711212234477058,0.7018063453660955
1785983402.215358,-1.268584716796875,0.9618304443359375,1.1714722900390624,0.03248699275764036,0.02323257257753911,-0.711928327122492,0.7011154830857236
1785983402.235390,-1.2698060302734375,0.95552490234375,1.174387939453125,0.03265392221421893,0.023072348743395213,-0.7118871336879432,0.7011548182344123
1785983402.254372,-1.27091162109375,0.9490806884765625,1.1773160400390625,0.03326269411005687,0.022692788964660263,-0.712309536049312,0.7007094714074785
1785983402.273983,-1.2719678955078124,0.9425430297851562,1.180260009765625,0.032401591246852754,0.021870907730743693,-0.7120886298945291,0.7010004232764008
1785983402.283996,-1.272468994140625,0.9392882690429688,1.18170849609375,0.032702862585847446,0.022198640822241274,-0.7118612599066558,0.7012070129669981
1785983402.303852,-1.2733973388671875,0.9326141967773437,1.1846395263671874,0.033164740255999116,0.022064508577118898,-0.7118605065132,0.701190339080429
1785983402.315400,-1.2738096923828126,0.9292379760742188,1.186116455078125,0.03345983870534867,0.021682092851282773,-0.7120751196544358,0.7009703011377931
1785983402.333878,-1.2745830078125,0.922433837890625,1.1890408935546875,0.033816779797130214,0.021762048147795702,-0.7120478456969999,0.7009783790957577
1785983402.344942,-1.2749547119140625,0.9189837646484375,1.1904781494140626,0.0337669451454248,0.02172655944363684,-0.712058031236103,0.7009715538584669
1785983402.364247,-1.27564013671875,0.9120234375,1.1934581298828124,0.03398236181399485,0.02135581645095873,-0.7121850877852047,0.7008434430657096
1785983402.374896,-1.275886474609375,0.9083301391601563,1.1949715576171875,0.033592440344913606,0.019762937071187453,-0.7126724576711867,0.7004134029385407
1785983402.393951,-1.2764342041015626,0.9012365112304688,1.197947021484375,0.03448799734699415,0.01964983371481938,-0.7126289783484686,0.7004173068550668
1785983402.404397,-1.2766639404296876,0.8976361694335937,1.199398681640625,0.03383568616611897,0.019391930899779797,-0.7124874257307038,0.7006002768715277
1785983402.425160,-1.2770828857421874,0.8904036254882812,1.20237890625,0.034122199964278926,0.019196000823954566,-0.71277254653906,0.7003017115921616
1785983402.435387,-1.27727294921875,0.8867805786132813,1.2038310546875,0.03389574634294582,0.01923035769851082,-0.7126385892744381,0.7004480703787122
1785983402.453630,-1.2775869140625,0.8794557495117188,1.20679541015625,0.0341175326506276,0.01920779021852017,-0.7127545457843485,0.7003199205091597
1785983402.463591,-1.2777261962890625,0.8757205810546875,1.208283203125,0.034462073792205845,0.019087319492984218,-0.712832137786974,0.7002273852160025
1785983402.473868,-1.277827392578125,0.8719969482421875,1.209724365234375,0.03417772843784534,0.018422450661682438,-0.7130823402128352,0.7000043454312086
1785983402.493840,-1.2780177001953126,0.864501708984375,1.212700927734375,0.033864217959443506,0.01871340631051951,-0.7128693143998435,0.7002287860674133
1785983402.513716,-1.2781400146484374,0.8569034423828125,1.21563720703125,0.03444659437641065,0.018370431325414816,-0.7128064175170686,0.7002734938006693
1785983402.524705,-1.27820751953125,0.8531346435546875,1.2171248779296875,0.03485132738340328,0.01820344421428915,-0.7129953366657076,0.70006545776722
1785983402.543527,-1.278221435546875,0.8453814697265625,1.2200052490234374,0.034617669615076355,0.01807660791014683,-0.7128575088188966,0.7002206914816679
1785983402.553721,-1.2782181396484376,0.8415088500976563,1.2214566650390626,0.03540451834855698,0.017506964071373973,-0.7130969149870479,0.6999520067969067
1785983402.563762,-1.2781942138671876,0.837633056640625,1.2229259033203126,0.035323302055420766,0.01779265539252195,-0.7133303784663672,0.6997109730483708
1785983402.574157,-1.2781536865234375,0.83374365234375,1.224392578125,0.035240026664911855,0.01744039453164074,-0.7132183806498273,0.6998382117295442
1785983402.594544,-1.2780675048828125,0.82582568359375,1.2272811279296876,0.03624738120442068,0.017586274509386005,-0.7134013348596786,0.6995965746672902
1785983402.605306,-1.2779737548828125,0.8219117431640625,1.228690673828125,0.036067693853972065,0.01798409746224713,-0.7132004905103699,0.699800503723857
1785983402.625577,-1.2777333984375,0.8138382568359375,1.2315313720703125,0.03612012783762027,0.017411507910759013,-0.7130884112998689,0.6999264803557239
1785983402.645211,-1.27752685546875,0.8058477783203125,1.23443701171875,0.03666542474434585,0.017566631380008496,-0.713362748850825,0.6996146345393458
1785983402.664221,-1.277206787109375,0.7977554931640625,1.2371785888671876,0.036791238053390234,0.017898623777652212,-0.7127830018848081,0.7001902770948044
1785983402.674966,-1.2770367431640626,0.793655517578125,1.2385753173828125,0.037085646180268196,0.01810596990474945,-0.7127510585393853,0.7002019426332523
1785983402.694516,-1.276669921875,0.7854691162109375,1.241361328125,0.03653878704302892,0.01857066524662085,-0.7122376666872954,0.7007407193373458
1785983402.713624,-1.27620654296875,0.7771163940429687,1.244100830078125,0.03709843777540394,0.018300469715276133,-0.7121135500177362,0.7008445651206809
1785983402.723584,-1.2760042724609375,0.772939697265625,1.24550732421875,0.03728492457890428,0.01882493537124953,-0.7120148196244719,0.7009210695848728
1785983402.735294,-1.275787109375,0.768803466796875,1.2468861083984375,0.03700898136849702,0.019363954354961483,-0.7116029935618057,0.7013391103385587
1785983402.754603,-1.2752664794921875,0.7603558349609375,1.24962451171875,0.037334510461086816,0.01870684921660612,-0.7116217411017011,0.7013206755720652
1785983402.773806,-1.27475537109375,0.7518081665039062,1.2523902587890625,0.03763912453739817,0.0194249598767956,-0.7113047122863224,0.7016064187591652
1785983402.794405,-1.274196533203125,0.7431423950195313,1.2550184326171876,0.03753489972380713,0.018795559704666537,-0.711421432871116,0.7015108088614614
1785983402.813430,-1.2735965576171875,0.7344815063476563,1.2577166748046875,0.0380519741258634,0.01891490252017954,-0.711380341774241,0.7015213968533097
1785983402.823500,-1.273281982421875,0.7300665893554688,1.2590433349609376,0.038037619361813095,0.01864178980051895,-0.7114615407412406,0.7014471549063934
1785983402.833661,-1.272994873046875,0.7256676635742187,1.260339111328125,0.03795611705685413,0.019025770765634917,-0.7116062927867897,0.7012943971663995
1785983402.844156,-1.272649169921875,0.7212481689453125,1.26165234375,0.038154308633011495,0.018960580162086578,-0.7115336621454466,0.7013590926014195
1785983402.863982,-1.27201220703125,0.7123206176757813,1.2642601318359374,0.038878459036761515,0.018559702518996954,-0.7113985218064621,0.7014671483639949
1785983402.874381,-1.2716392822265625,0.707818359375,1.2656019287109375,0.03948160006863801,0.019039417267413566,-0.7114586292189082,0.7013596288998222
1785983402.893746,-1.27092041015625,0.6987884521484375,1.2681292724609374,0.03848598145837615,0.018526739840379468,-0.7115304064364031,0.7013558933928343
1785983402.913467,-1.2701842041015625,0.6896375732421876,1.2707513427734376,0.03948184050363294,0.01859274301853196,-0.7114011309626418,0.7014299096558066
1785983402.923824,-1.2698125,0.685050048828125,1.2720281982421875,0.03951403217175561,0.018344515313845886,-0.7111918507190274,0.701646835377234
1785983402.933774,-1.2694287109375,0.6804256591796874,1.27328955078125,0.03950267720346715,0.017595416506065498,-0.7114220207957779,0.7014332749925074
1785983402.953880,-1.26864404296875,0.6711568603515625,1.2758607177734376,0.039574151399967665,0.01764181420808762,-0.7115294167712011,0.7013191515755994
1785983402.963746,-1.268246826171875,0.666509521484375,1.2771231689453124,0.03949348064597957,0.017618169868719922,-0.711631833201381,0.7012203551443562
1785983402.983510,-1.2674073486328126,0.6570911254882813,1.27966650390625,0.03990249533896649,0.017032436259555042,-0.7114525434803912,0.7013935894805006
1785983402.993698,-1.2669693603515626,0.6523890380859375,1.2809493408203125,0.03984726311633673,0.01671687150930269,-0.7115560481975288,0.7012993114322575
1785983403.003732,-1.266566650390625,0.6476246948242188,1.282217529296875,0.039633883145102064,0.01680461599046899,-0.711449038507171,0.7014178640511864
1785983403.023659,-1.2656533203125,0.63806396484375,1.284753173828125,0.03935680708736475,0.01608585862446512,-0.7117610074184045,0.7011337718200454
1785983403.033719,-1.2652537841796876,0.6331058349609375,1.2861102294921876,0.039681607360155295,0.014459874468341495,-0.7129980229404627,0.6998929297888062
1785983403.043778,-1.2648428955078126,0.6283174438476562,1.287366943359375,0.03949502215590578,0.01417328821618135,-0.7127705164914195,0.700141036751154
1785983403.055518,-1.2643641357421875,0.6234789428710937,1.2886248779296876,0.03956125474240907,0.014019759243471524,-0.7130746103927206,0.6998306515934505
1785983403.073571,-1.2634456787109376,0.6137179565429688,1.2911954345703125,0.039579463191850954,0.013187699826717589,-0.7130506973808731,0.6998701707336227
1785983403.084309,-1.2630133056640624,0.6088305053710937,1.29245751953125,0.039318976449389434,0.013397631723086006,-0.7128575087029072,0.7000776285767432
1785983403.103438,-1.262059326171875,0.599002197265625,1.2949501953125,0.03918343569519039,0.012799446568594918,-0.7129571673685753,0.6999949231027522
1785983403.124004,-1.261613525390625,0.5940706176757813,1.29619287109375,0.038877822910377446,0.012947386313354924,-0.7129849087401525,0.6999810002560526
1785983403.143521,-1.2602254638671875,0.5791395263671875,1.300016357421875,0.03947278704670002,0.01239196393678572,-0.7130898199525413,0.6998508938374506
1785983403.153730,-1.259769775390625,0.5741514282226563,1.301234619140625,0.0394547324564798,0.011690142266698586,-0.713034835461376,0.6999199919846143
1785983403.178630,-1.2592996826171876,0.5691505737304687,1.302469482421875,0.03966748973180113,0.011626505475954273,-0.7131356854003158,0.699806258918218
1785983403.194088,-1.25793701171875,0.5540969848632813,1.30620751953125,0.038904161060859525,0.011313837823840583,-0.7136027901095359,0.6993779621858396
1785983403.213669,-1.257026123046875,0.5440887451171875,1.3086915283203124,0.0391928434739393,0.011028198318292142,-0.7134482242044292,0.6995240912034921
1785983403.223773,-1.25660400390625,0.5390364379882813,1.309997802734375,0.039091555085705734,0.01061615292030091,-0.7134970365605238,0.6994863429639919
1785983403.233990,-1.2561947021484374,0.5339232177734375,1.3112784423828125,0.0391333573654633,0.010233356138996534,-0.7133919744420777,0.6995968558891564
1785983403.254092,-1.255321533203125,0.5238126220703125,1.313734375,0.03892865635129353,0.010250481681924025,-0.713301365444081,0.6997003891064607
1785983403.264042,-1.2548736572265624,0.5186942749023438,1.3149927978515625,0.03917032211732376,0.009971026882535056,-0.7135905077673179,0.6993960556667322
1785983403.273955,-1.2544818115234375,0.5135458374023437,1.3162359619140624,0.03882039863472498,0.009683246590625406,-0.7134575946410605,0.6995551925526696
1785983403.294138,-1.25368896484375,0.5034202880859375,1.3187000732421874,0.03900128935863472,0.009434168323941594,-0.713192335253661,0.699818973544493
1785983403.304301,-1.2532789306640626,0.49831707763671873,1.3199666748046874,0.03911071850769919,0.00956488822953164,-0.7131438112316066,0.6998605313538623
1785983403.323901,-1.2525400390625,0.48801828002929687,1.3224774169921876,0.03951507007444719,0.00922827331638969,-0.713153795906942,0.6998321573725373
1785983403.333747,-1.252166259765625,0.4829466552734375,1.3236634521484374,0.03922537744383103,0.009039243902398145,-0.7129520481574759,0.7000564646352596
1785983403.353688,-1.2514486083984375,0.472640625,1.32614453125,0.03902993154597758,0.00889758773764213,-0.7127282649477518,0.7002970090937584
1785983403.363803,-1.251146484375,0.46758108520507813,1.32741943359375,0.03915238270220692,0.00893847239026267,-0.7123966427020442,0.7006270149860876
1785983403.373837,-1.250804931640625,0.4624819030761719,1.3286678466796875,0.03891186982193628,0.00872744172503548,-0.7124275824454716,0.7006116263550832
1785983403.394417,-1.2501778564453125,0.4521684265136719,1.33114111328125,0.03931221253205349,0.009040967467562697,-0.7117437647926382,0.7012799752141254
1785983403.414057,-1.2496011962890625,0.44186288452148437,1.33367529296875,0.03953197988403727,0.009285858220302532,-0.7117955655150344,0.701211857120671
1785983403.433586,-1.2490487060546875,0.4315414123535156,1.3361776123046876,0.03933713423570697,0.009723075582434612,-0.7114581147774802,0.7015592767021732
1785983403.443851,-1.2488052978515625,0.4263160400390625,1.3374278564453126,0.039430419799921027,0.009303943331199107,-0.7117983707874893,0.7012144946783802
1785983403.463354,-1.2483765869140624,0.41600497436523437,1.3399403076171874,0.04000530576988188,0.00981881598106585,-0.7114004166329968,0.7015786619716927
1785983403.473499,-1.248160400390625,0.4107929992675781,1.3411661376953126,0.0397654029530747,0.009919278557151266,-0.7115493789093152,0.70143980778575
1785983403.483563,-1.247962890625,0.4055638427734375,1.342392822265625,0.040117025098534785,0.010048605490765446,-0.7116183207963114,0.7013480015398263
1785983403.495858,-1.2477393798828125,0.40034423828125,1.3436226806640625,0.03981275150001612,0.009715924135938104,-0.7116851452951446,0.7013022061252356
1785983403.513658,-1.2474481201171874,0.38999090576171874,1.346124755859375,0.03971217499727236,0.010830325140283212,-0.7114360274272635,0.7015443195579164
1785983403.534328,-1.24720068359375,0.3795602722167969,1.3485743408203126,0.0402111470728693,0.010906784769899537,-0.7116016439026028,0.7013467016869316
1785983403.553360,-1.246979736328125,0.3691756286621094,1.3510081787109376,0.03957027168594952,0.011189321925398578,-0.7113893944994679,0.7015939937170236
1785983403.563388,-1.24691845703125,0.3638996887207031,1.3522449951171875,0.03965581476996847,0.0111713819051634,-0.7113583736266171,0.701620902029924
1785983403.573527,-1.2469176025390625,0.3585545654296875,1.3535390625,0.04038383119489596,0.010421971880587109,-0.7127513045309835,0.7001757768674982
1785983403.593480,-1.2468580322265626,0.3480799560546875,1.355965576171875,0.04012235524804034,0.010043185666747646,-0.7125474927006454,0.7004037590678255
1785983403.603941,-1.24684228515625,0.34286959838867187,1.35716357421875,0.04007105499873323,0.010340300466727544,-0.7126132112174084,0.7003354862659948
1785983403.623662,-1.246879638671875,0.33238037109375,1.3595572509765625,0.039482420963711316,0.010299404701891383,-0.7122561779594032,0.7007326122244071
1785983403.633735,-1.2469163818359374,0.3271531677246094,1.3607591552734375,0.03985420444330612,0.010748451830402895,-0.7123069793846689,0.7006531815126078
1785983403.643819,-1.2469805908203124,0.32191143798828126,1.361907470703125,0.039890295443377015,0.010716354880216132,-0.7121909320234765,0.7007695667011647
1785983403.654025,-1.2470179443359375,0.31671435546875,1.3630218505859375,0.039170401052122945,0.01087105533016353,-0.7126631070033193,0.7003276236405234
1785983403.673471,-1.2471787109375,0.30616983032226563,1.3653995361328124,0.03892118970136604,0.01023671042969917,-0.7126905587639548,0.7003231663404429
1785983403.683662,-1.2473125,0.300930419921875,1.3665677490234376,0.03844578802727002,0.010711390946478718,-0.7123524899350991,0.7006861924246206
1785983403.694018,-1.2474217529296876,0.2956611022949219,1.3677344970703125,0.03832242244253339,0.01089436079921034,-0.7128493033494251,0.700184686665266
1785983403.713593,-1.247700439453125,0.28510342407226563,1.37003173828125,0.03861163579035419,0.010700539512092577,-0.7127711806827385,0.7002512904127282
1785983403.723594,-1.247867919921875,0.27985543823242187,1.37117236328125,0.038495562257753815,0.010791223312589193,-0.7125675623514044,0.7004634973382028
1785983403.733737,-1.2480592041015626,0.2745533142089844,1.3723145751953125,0.03840424896072363,0.010902918339717167,-0.712440183263436,0.7005963483849912
1785983403.743746,-1.2482491455078124,0.26924337768554685,1.3734405517578125,0.03837562830918679,0.010873094333156294,-0.712362612854783,0.7006772394922276
1785983403.764380,-1.24872802734375,0.25870346069335937,1.3757464599609375,0.03765359321523814,0.010755127480482204,-0.7121239219969813,0.7009608278530718
1785983403.783830,-1.2491900634765625,0.248156494140625,1.377966552734375,0.037338668481480285,0.011107383151334572,-0.712166311436839,0.7009290859936179
1785983403.793823,-1.249475830078125,0.2428589630126953,1.379050537109375,0.037519567618405116,0.0112100945466628,-0.7119868411522698,0.7011001181278728
1785983403.803844,-1.249718505859375,0.23756846618652344,1.3800992431640624,0.03716020764369358,0.011343588275931354,-0.7125339156403934,0.700561111325111
1785983403.814432,-1.2500208740234375,0.23228794860839844,1.3812197265625,0.03741940102380459,0.011068834629586468,-0.7127686548275193,0.7003128732499844
1785983403.834820,-1.2506571044921875,0.22168972778320312,1.3833857421875,0.03779223116284131,0.01133711062846528,-0.7124706876904631,0.7005917219747914
1785983403.853935,-1.2513446044921874,0.2110568389892578,1.385581787109375,0.037989982215469405,0.0117927772608494,-0.7122872540993664,0.7007599890329353
1785983403.873767,-1.25205419921875,0.20046202087402343,1.38773779296875,0.03772650427893397,0.011666073239123376,-0.7121218356489072,0.700944446562463
1785983403.884011,-1.2524429931640626,0.195169677734375,1.3888048095703125,0.037646169053976906,0.011925155106435843,-0.7118173646756826,0.7012535823962773
1785983403.893914,-1.252826904296875,0.1898357391357422,1.3898746337890624,0.03786541686593481,0.011930372609244672,-0.7117924788154445,0.7012669625332854
1785983403.903844,-1.2532578125,0.18453575134277345,1.3909659423828125,0.03808084224601388,0.011986191651032204,-0.7115370263284884,0.7015135342437254
1785983403.926974,-1.254111572265625,0.17388531494140624,1.393078857421875,0.0378311224832776,0.011835193631219269,-0.711647707149879,0.7014173279632815
1785983403.943341,-1.2550064697265626,0.16315005493164061,1.3951849365234374,0.03805379342691317,0.012711830694913953,-0.7113466766025006,0.7016952616365292
1785983403.953503,-1.2554720458984374,0.15780142211914064,1.3962496337890624,0.03841440067610863,0.013402147424938284,-0.7113433363027747,0.7016661502035264
1785983403.963581,-1.25592822265625,0.152446044921875,1.3972965087890625,0.03848735864619464,0.013431402866047654,-0.7110609945073371,0.7019477164065964
1785983403.973938,-1.2564285888671876,0.14702444458007813,1.3983194580078124,0.0384430767437422,0.013705747310276288,-0.7113539396219472,0.7016479616227047
1785983403.993581,-1.2574281005859376,0.1362379608154297,1.4003707275390624,0.03884550879425287,0.0142183144520662,-0.7110600741793359,0.7019134184203185
1785983404.003642,-1.258032470703125,0.13062240600585937,1.4014776611328126,0.04017662612743138,0.015681141075176323,-0.7104323353186857,0.7024427672133937
1785983404.013687,-1.25857861328125,0.12523522186279296,1.402489501953125,0.04020945592743445,0.016193599717519155,-0.7103340459259759,0.702528636736765
1785983404.024238,-1.2591226806640625,0.11980277252197266,1.40351904296875,0.04017777171938162,0.016263729419200023,-0.7103439978424393,0.702518773336091
1785983404.043807,-1.2602264404296875,0.10896222686767579,1.4055089111328125,0.04077710396529873,0.016774075842847357,-0.7100199255535932,0.7027997985120292
1785983404.053873,-1.2607916259765626,0.10349694061279296,1.4064833984375,0.040811526377729494,0.016850193353507254,-0.7103685310136537,0.7024436218786809
1785983404.063813,-1.261399658203125,0.09802232360839844,1.4074884033203126,0.04097049432510909,0.017466416827491105,-0.7099943917533974,0.7027974957104932
1785983404.083457,-1.2625726318359376,0.08702389526367188,1.40943310546875,0.04110389648889814,0.018136443570052056,-0.7099277088452669,0.702840084391808
1785983404.093643,-1.26319091796875,0.08150275421142578,1.410398681640625,0.04161020377115847,0.01791018541588991,-0.7098635430412302,0.70288090243775
1785983404.103574,-1.2637919921875,0.07600281524658203,1.411368896484375,0.04168095390958694,0.018299976905271107,-0.709726894335003,0.7030046434509086
1785983404.113633,-1.264411376953125,0.07045832061767578,1.4123287353515626,0.04156948226459063,0.01859066947168157,-0.7096291913373969,0.7031022323127635
1785983404.123896,-1.2650455322265626,0.06488926696777343,1.4132945556640626,0.04157197901197846,0.01864471191632229,-0.7096645237432638,0.7030650008947615
1785983404.133845,-1.2656943359375,0.059342796325683594,1.4142099609375,0.04163676106037344,0.018468919010627412,-0.7094913968427764,0.703240529145655
1785983404.143886,-1.266370361328125,0.05376042556762695,1.4151298828125,0.04141868336210478,0.018929115824575155,-0.7093335023427505,0.7034004285401765
1785983404.163695,-1.26769921875,0.04248948287963867,1.4170115966796875,0.04180455523246865,0.01931567310311874,-0.7094977488680789,0.7032014273789983
1785983404.174076,-1.268374267578125,0.036856121063232425,1.4179063720703124,0.0417288625759688,0.018988024179342238,-0.7093803684825783,0.7033332456720094
1785983404.193743,-1.2697669677734376,0.025541318893432616,1.4197314453125,0.04175456765250677,0.01929600291538564,-0.7088423594507228,0.7038655597330119
1785983404.203733,-1.2704725341796874,0.01982377815246582,1.4206165771484376,0.041702190221339405,0.018847164907672933,-0.7091129136031039,0.7036082710502028
1785983404.213840,-1.271179443359375,0.014090851783752441,1.4215230712890625,0.04184580321856384,0.019129406680049792,-0.7088785983601925,0.7038281897277698
1785983404.223880,-1.2718709716796874,0.008370242118835448,1.4224244384765625,0.04201415353066777,0.01909933895645344,-0.708426260382473,0.7042742683871975
1785983404.243543,-1.2732825927734375,-0.003130776882171631,1.4241497802734375,0.04141848312642192,0.019768478055264598,-0.7081866187606555,0.7045320703539526
1785983404.253852,-1.2740142822265625,-0.008916270256042481,1.425031005859375,0.04181233190231932,0.020042287755853646,-0.7083111306381923,0.7043758880057804
1785983404.273709,-1.275517578125,-0.020552261352539063,1.4267022705078125,0.04192547714683583,0.020128700910605708,-0.7079254102188661,0.7047543490205078
1785983404.283880,-1.2762347412109376,-0.026413280487060545,1.4275628662109374,0.04146637514032249,0.02007447452644543,-0.7076137432997346,0.7050959860238071
1785983404.293767,-1.276969482421875,-0.03225774765014648,1.4283900146484374,0.0407401656780219,0.020375734781828348,-0.7073656682070065,0.7053785291340207
1785983404.303798,-1.2776971435546876,-0.03812495040893555,1.4292247314453126,0.040717917518112226,0.020693921084773272,-0.7071513780372216,0.7055853914970219
1785983404.313881,-1.2784278564453124,-0.044035720825195315,1.43005419921875,0.04071457131649315,0.02093736827186367,-0.7071859529470793,0.7055437517489049
1785983404.324098,-1.2792073974609375,-0.049925487518310545,1.43084130859375,0.04055978440327429,0.02115240623069685,-0.7069557382152437,0.7057769213022587
1785983404.343470,-1.28068896484375,-0.06173480224609375,1.4324525146484375,0.040335040155752254,0.021010754199211494,-0.7067930782197737,0.7059569093949786
1785983404.353393,-1.2814591064453125,-0.06767714691162109,1.43326171875,0.04003053895478251,0.020728148494989725,-0.7065819279070815,0.7061939390312977
1785983404.363436,-1.2822265625,-0.07363820648193359,1.4340576171875,0.03981099906018075,0.020740556284944846,-0.7064227639446962,0.7063651803890362
1785983404.373508,-1.282962890625,-0.0795934066772461,1.434839111328125,0.03963261228178254,0.020526183152969443,-0.7064196442603996,0.7063846054348644
1785983404.393706,-1.28446728515625,-0.09158346557617188,1.4363953857421874,0.03937734446309693,0.02069189658542861,-0.7060455531603359,0.7067679724759542
1785983404.403736,-1.28523095703125,-0.09760631561279297,1.437218017578125,0.039184185447292096,0.02075392927916454,-0.7056916903650378,0.7071301877655761
1785983404.414780,-1.2859979248046876,-0.10363291931152344,1.4380196533203125,0.03888156638495602,0.020312706433585365,-0.7056952936638579,0.7071560967125988
1785983404.433725,-1.2874390869140624,-0.11564041900634765,1.4395289306640624,0.03821521972588314,0.020412367963654292,-0.7056436093224897,0.7072411512999153
1785983404.443799,-1.288186279296875,-0.12168937683105469,1.4402801513671875,0.03776059209362146,0.020395099300178073,-0.70551948590363,0.70738986657586
1785983404.453877,-1.2889276123046876,-0.1277581787109375,1.44107470703125,0.037248516133687896,0.019912224873275756,-0.705523493215241,0.7074267806106417
1785983404.463802,-1.2896171875,-0.1337834930419922,1.4418487548828125,0.036476761760259255,0.01985250217021734,-0.7055553233407499,0.707436936624842
1785983404.473937,-1.29034228515625,-0.139907958984375,1.442647705078125,0.036525577894031575,0.020298694571947065,-0.705439685763196,0.7075370803016366
1785983404.484117,-1.2910452880859375,-0.1459846649169922,1.44336669921875,0.035663463902230914,0.020063819119613552,-0.7053413981896419,0.7076857217311058
1785983404.503480,-1.2924034423828126,-0.15818357849121092,1.444837890625,0.03410746484786988,0.019505164064586522,-0.7053509940270115,0.707768477609102
1785983404.513631,-1.293086669921875,-0.16427684020996094,1.445639404296875,0.033752664969489365,0.019177934821836405,-0.705304485854674,0.7078407545146386
1785983404.523757,-1.293747802734375,-0.1703761749267578,1.4463809814453126,0.03295716568130763,0.019109909145031995,-0.7053729163075386,0.7078118845719068
1785983404.534721,-1.294374755859375,-0.17647813415527344,1.4470657958984374,0.03216800657983285,0.018919640491128396,-0.7055196024715575,0.707707111324757
1785983404.553699,-1.2956395263671876,-0.18869892883300782,1.4485184326171876,0.03110181298336476,0.018403482424986198,-0.7054089869003077,0.7078786290635797
1785983404.573481,-1.2968338623046876,-0.2009313507080078,1.4499981689453125,0.03015728107596737,0.018763428841135323,-0.7055317692997034,0.7077876891992019
1785983404.583472,-1.297411865234375,-0.20703343200683594,1.450741455078125,0.029867681304847928,0.018885491332898668,-0.7055807572973879,0.7077478825744584
1785983404.593518,-1.2979647216796875,-0.21321456909179687,1.4514747314453125,0.028907948633945513,0.01900020398491421,-0.7056588424507703,0.7077068160535313
1785983404.603541,-1.2985333251953124,-0.21936203002929688,1.4521854248046875,0.028442121040617746,0.018774730771529156,-0.7055906869932593,0.7077996313750788
1785983404.613848,-1.2990694580078126,-0.22552975463867186,1.452917724609375,0.028799118839157534,0.018987744477669828,-0.7057594522803678,0.7076112281439532
1785983404.634112,-1.30014111328125,-0.23797610473632813,1.454481689453125,0.028730853568151506,0.020128412036200208,-0.7051969796142047,0.7081430643479405
1785983404.644535,-1.3006444091796876,-0.24407095336914061,1.455166015625,0.028440186295978557,0.020091885099615854,-0.7054803901175152,0.7078734963129619
1785983404.663866,-1.301511962890625,-0.25630435180664063,1.45657666015625,0.02799223632256663,0.020134739568967695,-0.7056773997572433,0.7076937377998577
1785983404.673979,-1.3020015869140624,-0.262544677734375,1.457410888671875,0.02822927269039748,0.020646848008429895,-0.7054640053266796,0.7078822907217144
1785983404.694662,-1.30276318359375,-0.27471820068359376,1.458819580078125,0.027875278671192844,0.020799448828413617,-0.7057145328472096,0.7076421212547649
1785983404.714039,-1.303468505859375,-0.287037109375,1.460239990234375,0.027658561639635152,0.02125453773072355,-0.705736508205456,0.7076151669177542
1785983404.733502,-1.3040875244140624,-0.2992070617675781,1.4616923828125,0.027752127213469722,0.021584179727175832,-0.705942082610133,0.7073964403859331
1785983404.744273,-1.3043310546875,-0.30530429077148435,1.4623150634765625,0.027871987105426977,0.02178254890787769,-0.7058445829533678,0.7074829444053946
1785983404.764191,-1.304834716796875,-0.31756719970703123,1.4636802978515624,0.027881135016154183,0.021651974365052756,-0.7059462486951465,0.7073851312158551
1785983404.783562,-1.3052139892578125,-0.3297715148925781,1.465053955078125,0.028116718325178577,0.021691640040030432,-0.7062109059715396,0.707110370018634
1785983404.793577,-1.3053511962890625,-0.33584027099609376,1.4656964111328126,0.028136880942608702,0.021921611488807745,-0.7064131213455325,0.706900466641034
1785983404.803581,-1.305495849609375,-0.34191796875,1.466353271484375,0.027879691121911476,0.02126252514035908,-0.7066327894604685,0.7067112079258104
1785983404.813616,-1.3056593017578124,-0.3481045837402344,1.4671229248046875,0.02868474861359437,0.022311517663134113,-0.7065417120664389,0.7067377076470482
1785983404.833703,-1.30590771484375,-0.3603686828613281,1.4685037841796875,0.027447483016552008,0.022520290977750438,-0.7057103979351376,0.7076102662021095
1785983404.843788,-1.305975341796875,-0.36642807006835937,1.469150390625,0.027441431389912483,0.02217874954739878,-0.7057977627785641,0.7075341622085055
1785983404.854333,-1.3059803466796875,-0.37243463134765625,1.4697841796875,0.027089976298710714,0.02200654986251804,-0.7058724048256729,0.7074786181217433
1785983404.874076,-1.3059805908203126,-0.3845588073730469,1.4711077880859376,0.02692414209662798,0.021496672450276276,-0.7062359243666824,0.7071377526796582
1785983404.893836,-1.30584228515625,-0.3965955810546875,1.472334228515625,0.027062839544902174,0.020650082551857026,-0.7070258818883653,0.7063678818913971
1785983404.904845,-1.305785400390625,-0.4027113037109375,1.4730048828125,0.026583565112481958,0.020472988099454772,-0.7068032213021173,0.7066140177068301
1785983404.923727,-1.305586669921875,-0.41481173706054686,1.474334228515625,0.026046643178174154,0.019995330579620368,-0.707228496420522,0.706222086323718
1785983404.933824,-1.3054625244140625,-0.4207957763671875,1.474993408203125,0.026140462344043946,0.019620632624008816,-0.7071990058143145,0.7062586370096673
1785983404.943710,-1.305282470703125,-0.4268037109375,1.475619873046875,0.026173057861156288,0.01959683755746226,-0.7075676046201836,0.7058888036620176
1785983404.953731,-1.3051181640625,-0.432826171875,1.476271240234375,0.026251697830825982,0.019511297900499748,-0.707732834818164,0.7057225933086272
1785983404.964940,-1.304945556640625,-0.43889584350585936,1.4768958740234375,0.026093311499530963,0.01912957023976502,-0.7077949125022551,0.7056766555045484
1785983404.983621,-1.304517333984375,-0.4509851379394531,1.4781651611328126,0.026076843774154937,0.01862615790827765,-0.707579459311322,0.705906776271562
1785983404.993752,-1.3042430419921875,-0.4569576416015625,1.4787806396484375,0.026168028900937598,0.018487259987644295,-0.7074521156280863,0.7060346843141846
1785983405.004431,-1.303946533203125,-0.46298965454101565,1.4793768310546875,0.026364975969355144,0.018886848984918266,-0.706997082040882,0.7064724268232434
1785983405.023482,-1.30322607421875,-0.47507730102539064,1.48061669921875,0.027080533202781087,0.019673411235094196,-0.7052962368082585,0.7081220431502954
1785983405.034881,-1.3028843994140624,-0.48134243774414065,1.4813526611328125,0.027194165879557582,0.021609384185750462,-0.7033295649401726,0.7100148059211431
1785983405.053812,-1.3018768310546875,-0.4933966369628906,1.4825333251953126,0.026816606773867255,0.02309719123721128,-0.7000436827887494,0.7132224352608771
1785983405.064408,-1.3012861328125,-0.49948858642578126,1.483217041015625,0.02649376301898628,0.02440057400943566,-0.6978851696849567,0.7153034129618613
1785983405.083711,-1.3000965576171875,-0.5117928466796875,1.484700439453125,0.024346974335049506,0.026296551903169686,-0.6940456132754226,0.7190385276940163
1785983405.093808,-1.2993902587890624,-0.5178758544921875,1.485365478515625,0.02360893103998187,0.02760346406695605,-0.6913555814347725,0.7216011018771715
1785983405.103867,-1.2986258544921876,-0.5239041137695313,1.485978271484375,0.02412122484553578,0.02864109361869714,-0.6883433744573623,0.7244178700134893
1785983405.114040,-1.29783056640625,-0.5300189208984375,1.486740478515625,0.023380395337699603,0.029747896513140575,-0.6853887439249434,0.7271937177916429
1785983405.133406,-1.296138671875,-0.542135498046875,1.48828369140625,0.021776494754785183,0.03139260033758718,-0.6778454729529274,0.7342110004328618
1785983405.143656,-1.2952347412109375,-0.54814111328125,1.4890064697265626,0.02083269801027639,0.03193429034669135,-0.6738276096028427,0.7379041483211882
1785983405.153863,-1.29421533203125,-0.5541260986328125,1.4898065185546876,0.020281932096305483,0.03219874568737158,-0.6697697258587603,0.7415931429923787
1785983405.163780,-1.29323486328125,-0.560181884765625,1.4906744384765624,0.018618141317309385,0.03173358014785619,-0.6653794996042762,0.7455980479152796
1785983405.174901,-1.292178466796875,-0.5661451416015625,1.4915677490234376,0.017432265189414556,0.032028585512960235,-0.6604633801229217,0.7499722634590874
1785983405.193634,-1.2898609619140624,-0.5779998168945313,1.49322265625,0.01611564058232199,0.03113823258676386,-0.6505140889733876,0.7586844481395743
1785983405.203841,-1.288647705078125,-0.5838355712890625,1.4941041259765624,0.015465940219608823,0.03065212571842637,-0.6450657700691758,0.7633553627095331
1785983405.214469,-1.2873944091796874,-0.5897384643554687,1.4950174560546876,0.014429309910440464,0.029731423735108124,-0.6397708854103625,0.7678548396589265
1785983405.233761,-1.2847496337890625,-0.6014627075195312,1.4968492431640625,0.01310914081724684,0.028140015321985984,-0.6278430124120052,0.777720681055084
1785983405.243999,-1.283353759765625,-0.6073142700195312,1.497756591796875,0.01270937882358455,0.02732949225034071,-0.6221069911242932,0.782351873125951
1785983405.263863,-1.28052587890625,-0.6188379516601562,1.4995968017578125,0.011226324473505744,0.026166931578202365,-0.6086345153935938,0.7929396412585159
1785983405.273763,-1.278965576171875,-0.6245801391601562,1.5004727783203125,0.010968199641121012,0.02546146237379927,-0.601483817204486,0.7984037974461519
1785983405.284550,-1.277355712890625,-0.6303364868164063,1.501395751953125,0.009887752761009531,0.024374626802978135,-0.5940516673036854,0.8039967247827444
1785983405.303867,-1.2740753173828125,-0.6416149291992187,1.5031510009765625,0.009603643487487719,0.023227220214744177,-0.5787020530115695,0.8151516514597793
1785983405.314838,-1.2724339599609376,-0.6471216430664063,1.5038983154296874,0.010083577457324073,0.02394127704389273,-0.5713744025705335,0.8202782578360523
1785983405.334315,-1.269168701171875,-0.6581384887695313,1.5055667724609374,0.009639509751389526,0.023731040372084792,-0.5561356647762132,0.8306967236672147
1785983405.354445,-1.2661138916015624,-0.6692839965820313,1.5072081298828126,0.010480205262493656,0.024360170549730227,-0.5425004455794212,0.8396368392849621
1785983405.364459,-1.2642845458984375,-0.6746959228515625,1.5079998779296875,0.010437535525240236,0.02378128401089563,-0.5336933149879881,0.8452792217522658
1785983405.383544,-1.260631591796875,-0.6854140014648438,1.5095269775390625,0.010360517165946506,0.021944257081447354,-0.5153167086677072,0.8566561736206092
1785983405.395517,-1.258846435546875,-0.6908461303710938,1.5103642578125,0.010357201328747534,0.02157740744770425,-0.505412455269886,0.8625458739700066
1785983405.413565,-1.2550164794921874,-0.7014195556640626,1.51180029296875,0.011277867429455494,0.020394829001854978,-0.4858615257000537,0.8737250303485254
1785983405.423674,-1.2531668701171874,-0.7066199951171875,1.5125755615234375,0.01118035975649167,0.0189015635112654,-0.47554291734871484,0.879418372255212
1785983405.433642,-1.251215576171875,-0.71187060546875,1.5132979736328125,0.01120020022822272,0.017313907673826404,-0.46584278815589775,0.8846271987651619
1785983405.443829,-1.249241943359375,-0.71707958984375,1.5139114990234375,0.01200725848982987,0.017193719191546875,-0.45515109803994563,0.8901672274351422
1785983405.454091,-1.247314208984375,-0.7222557983398438,1.514597412109375,0.013609044428738072,0.018305163493482157,-0.44448595074738195,0.895495365767679
1785983405.473902,-1.2436187744140625,-0.7322489624023437,1.51580712890625,0.014690866487403293,0.016756308749578678,-0.4222456249284801,0.9062074947254783
1785983405.484133,-1.241723388671875,-0.7372627563476563,1.5163614501953124,0.01595196066905422,0.015844323278167666,-0.41121088571847336,0.9112629117822778
1785983405.503706,-1.23793505859375,-0.7472915649414062,1.5174898681640625,0.016696305788968687,0.015024727400450102,-0.3893337842904826,0.9208228362392769
1785983405.513775,-1.236169677734375,-0.7521415405273437,1.518024169921875,0.017746233139610747,0.013503643234007507,-0.379050825745901,0.9251071229972002
1785983405.524065,-1.2343531494140625,-0.7570755615234375,1.518506103515625,0.01769198641303012,0.013536947660412104,-0.3679838242787929,0.929565293430411
1785983405.543794,-1.2309700927734375,-0.7667178344726563,1.51951611328125,0.020080449737218304,0.013171065353040586,-0.3471803178516953,0.9374908605765856
1785983405.553817,-1.229229248046875,-0.771721435546875,1.5199132080078126,0.021078611941888634,0.011939748410433094,-0.3390944181903497,0.9404403749296381
1785983405.564451,-1.2276514892578125,-0.7765374755859376,1.520236572265625,0.022184476680299138,0.010668031497475104,-0.3290834503885244,0.9439799319201149
1785983405.583442,-1.2246307373046874,-0.78621484375,1.5208367919921875,0.024020383132158433,0.008628551403002824,-0.31074454570592774,0.9501507269346398
1785983405.593578,-1.223287841796875,-0.7909815063476563,1.5210838623046874,0.025310603545561066,0.009022455235067107,-0.2994882687863501,0.9537215242222083
1785983405.604014,-1.22191015625,-0.7957147216796875,1.52133544921875,0.026174941705525756,0.008002278538292076,-0.29000883830142893,0.956632484348438
1785983405.623873,-1.2188424072265625,-0.8049864501953125,1.521523681640625,0.02873852831636015,0.004012716297709137,-0.27975055153843476,0.9596341140441473
1785983405.643578,-1.216477783203125,-0.8144539794921875,1.5216407470703126,0.029294535719302604,0.003334086881441866,-0.2629431970544753,0.9643607223947085
1785983405.653581,-1.215330078125,-0.8193009643554687,1.5216470947265626,0.029898038869560602,0.0029095798321541657,-0.25529133103815543,0.9663974283566663
1785983405.663503,-1.21419775390625,-0.8240860595703124,1.5215860595703126,0.030727361843300646,0.001878308049853717,-0.2493638999441013,0.9679204249846171
1785983405.674028,-1.2131983642578126,-0.82904541015625,1.5215880126953125,0.03072280310325502,0.0016725018388266508,-0.24161173323043988,0.96988508421263
1785983405.684018,-1.212279541015625,-0.8338555908203125,1.521572509765625,0.030676986729461165,0.0016880911994432049,-0.23415065195299192,0.9717147437437985
1785983405.704038,-1.2106373291015624,-0.8436498413085938,1.521345703125,0.030509909977719577,0.0014291590027816685,-0.22024602175912913,0.9749660489088846
1785983405.725111,-1.209217529296875,-0.8534080200195312,1.5210377197265625,0.031385143853503064,0.0021620399567631437,-0.20794455401050124,0.9776345738901935
1785983405.743632,-1.20812890625,-0.8633898315429688,1.52071826171875,0.03029912578263981,0.004128521624939369,-0.19359794894251262,0.9806042763712669
1785983405.753788,-1.2077464599609375,-0.86848681640625,1.5204769287109374,0.02998527543818949,0.005291355297122898,-0.18638569053645773,0.982004710334253
1785983405.763785,-1.2072911376953126,-0.8735964965820312,1.5202149658203126,0.02928810967642449,0.0066874749362391475,-0.17889037149074877,0.9834102489743244
1785983405.775575,-1.2069420166015625,-0.8786024780273437,1.519969482421875,0.02890599502010018,0.008342093502959811,-0.17247544871006995,0.9845542441768839
1785983405.794626,-1.2062686767578126,-0.8887096557617188,1.5194271240234376,0.0268289784297331,0.00967758093907384,-0.16103351642841798,0.9865367479923649
1785983405.806775,-1.206005615234375,-0.8938236694335937,1.51914599609375,0.025843314804921413,0.011323675393298448,-0.15539600840354778,0.987449227911056
1785983405.825038,-1.2056820068359375,-0.9039032592773437,1.5184757080078124,0.02404456473871418,0.014253886219882493,-0.14523210039533252,0.9890026881978884
1785983405.843547,-1.2055491943359375,-0.9140010986328125,1.5177760009765624,0.021377386481749132,0.017715060440061766,-0.1356255215619224,0.9903710927389062
1785983405.853579,-1.2055245361328124,-0.919047119140625,1.5174119873046874,0.01998710217092519,0.019449643855807025,-0.13055213427284754,0.9910491285122708
1785983405.864793,-1.205351318359375,-0.9243173828125,1.517067626953125,0.019027277834189962,0.019928424564295416,-0.12887119037633932,0.9912784797694928
1785983405.875300,-1.20547314453125,-0.9293760986328125,1.5166627197265625,0.01731165771107099,0.021709712422624382,-0.12349926989819399,0.9919561056209626
1785983405.895302,-1.2056748046875,-0.9395296630859375,1.515829345703125,0.015365696104969084,0.02291879832382983,-0.11623912309752558,0.9928378954609086
1785983405.906958,-1.205800537109375,-0.9445785522460938,1.515366943359375,0.014377507311461202,0.023354933973517338,-0.1125903044758314,0.9932629396324016
1785983405.925182,-1.2062215576171875,-0.9547494506835937,1.51446484375,0.011534652560407518,0.024760805409245856,-0.10502288284330599,0.9940945927543002
1785983405.935865,-1.20646337890625,-0.9597847290039062,1.5139901123046875,0.0099176446567268,0.02565577437760316,-0.1013305489727244,0.9944724932362408
1785983405.955096,-1.20701708984375,-0.96990576171875,1.5130133056640624,0.007833749035634805,0.026909923186949413,-0.09436002383070288,0.9951435418799202
1785983405.973669,-1.2076591796875,-0.9800239868164062,1.5120928955078126,0.005930438484524467,0.029126634446326103,-0.08813506071012828,0.9956649455685762
1785983405.993579,-1.2083148193359374,-0.9901356201171875,1.5111158447265625,0.004796281860898932,0.029779496517088326,-0.08232586541205546,0.9961488970282227
1785983406.014695,-1.2089954833984375,-1.0001321411132813,1.51011669921875,0.00325049777591125,0.031126949746700286,-0.07691998809401875,0.9965459657280124
1785983406.033695,-1.2097362060546875,-1.0101004028320313,1.509026123046875,0.0021027812928781395,0.03308507214094221,-0.0719204090472006,0.9968592750122228
1785983406.043607,-1.210113037109375,-1.0150256958007813,1.50846044921875,0.00202420662918841,0.03397277244633399,-0.06920069705798937,0.9970220765225519
1785983406.053731,-1.2104490966796875,-1.0199082641601562,1.50791259765625,0.0018249041459586365,0.034880791863182097,-0.06658497337751684,0.9971692207141025
1785983406.064353,-1.2108306884765625,-1.024861083984375,1.5073526611328125,0.0011575770408904092,0.03596581322022268,-0.0644313202244343,0.9972731396115188
1785983406.084386,-1.211502685546875,-1.0345401611328124,1.506222412109375,0.0009744374742657495,0.03786401473263736,-0.05981351761194711,0.9974907073804681
1785983406.095271,-1.211797119140625,-1.039347412109375,1.5056348876953125,0.0007647778965388809,0.03899524078844646,-0.057913597176846354,0.9975594227881215
1785983406.105169,-1.2121785888671874,-1.044164306640625,1.505013427734375,0.0009241921816570343,0.039505479890972646,-0.055907107365332415,0.9976536747026177
1785983406.115784,-1.212477294921875,-1.0489581298828126,1.5043978271484375,0.0010181915300032551,0.040267434410864715,-0.053741149149619125,0.9977421453984491
1785983406.139912,-1.2129686279296874,-1.058418701171875,1.5031776123046876,0.0013260078645307663,0.0421806546594913,-0.05032072643797658,0.9978410990194986
1785983406.155925,-1.2134278564453125,-1.0678455810546874,1.5019139404296875,0.0016778730133949864,0.04477155200250052,-0.045856071130409196,0.9979428425596475
1785983406.174578,-1.2138587646484376,-1.0771004638671875,1.5006212158203125,0.0018994470734290051,0.04586515710227177,-0.04283672718046971,0.9980269502864335
1785983406.185089,-1.2139903564453125,-1.081719482421875,1.4999990234375,0.00262390862098872,0.04780403742378388,-0.04165528956362499,0.9979843373870878
1785983406.204177,-1.2142861328125,-1.0907679443359375,1.498632080078125,0.003324651365544124,0.049125681436507466,-0.03868220989887389,0.9980377226706624
1785983406.214945,-1.2144246826171874,-1.0953018798828125,1.49794677734375,0.0032115913589425547,0.04978316008723779,-0.037212881451185106,0.998061387167456
1785983406.233748,-1.21459375,-1.104168212890625,1.496575439453125,0.0035116138788474057,0.05114638561113237,-0.03447687584864127,0.9980897091745791
1785983406.244993,-1.214625,-1.108604248046875,1.4958797607421874,0.0038952063830791097,0.05183906799639558,-0.03309523332097372,0.9980993163782111
1785983406.265622,-1.21459765625,-1.1173570556640624,1.4944901123046874,0.004114469429880114,0.053335642153739954,-0.030695418529315954,0.9980962782127015
1785983406.284566,-1.214396728515625,-1.125989501953125,1.4930174560546876,0.004017835966645722,0.05471292637686353,-0.029095907999396195,0.9980700241957614
1785983406.294931,-1.2141929931640625,-1.1303729248046874,1.4922872314453124,0.002992725216262319,0.05540674889292099,-0.02680903643745705,0.9980993984906641
1785983406.304733,-1.2140445556640624,-1.1346549072265626,1.4915897216796874,0.003249798922343233,0.05555754968058361,-0.025660650383924122,0.9981203966625789
1785983406.324782,-1.213656005859375,-1.1430657958984376,1.4901126708984376,0.0033713935160576526,0.056550482601253595,-0.023569979424293175,0.9981157909869011
1785983406.343897,-1.213011474609375,-1.15149365234375,1.4886470947265624,0.0028274469328886586,0.05820110742455314,-0.021900567657470064,0.9980606257318163
1785983406.353638,-1.2126746826171875,-1.1556212158203125,1.4879014892578124,0.002644061813740575,0.05830303718584386,-0.02104756467685916,0.9980735327338807
1785983406.363792,-1.212291748046875,-1.159736083984375,1.4871409912109375,0.002571364955023311,0.05827530346249581,-0.019930680211418857,0.9980982638452609
1785983406.373994,-1.2118350830078124,-1.163816650390625,1.4863662109375,0.0023724334725973646,0.058678385905848375,-0.01928668061856583,0.9980877981735526
1785983406.393570,-1.2109307861328125,-1.1719017333984374,1.4848515625,0.0021829986623156153,0.059345914021985455,-0.0169898201958115,0.9980904929825357
1785983406.404650,-1.2103802490234374,-1.17586865234375,1.4840673828125,0.0019005045521341823,0.05996975917822396,-0.0163880433008204,0.9980638506317221
1785983406.423944,-1.2091790771484374,-1.1837684326171876,1.4825467529296874,0.0016050679984382663,0.06036328150479929,-0.014570547425878124,0.9980688297969919
1785983406.436413,-1.208465087890625,-1.1876854248046875,1.4817801513671875,0.0014411875933042335,0.06070552408418529,-0.013793344758212447,0.998059371601261
1785983406.453605,-1.20696240234375,-1.195410888671875,1.480299072265625,0.0009560163134655972,0.061124729764117834,-0.012237269997642162,0.9980546611325408
1785983406.463618,-1.2061640625,-1.1992496337890626,1.4795472412109374,0.0009587063947526916,0.06086595029237192,-0.011187753248624479,0.9980827817784494
1785983406.473802,-1.2052930908203126,-1.203030029296875,1.4787633056640626,0.0006713516195429068,0.0611002823375738,-0.010304250148214714,0.9980782132538298
1785983406.483889,-1.2043634033203126,-1.2067784423828125,1.478021240234375,0.0004125316000012873,0.061444053519390356,-0.009741356094179551,0.9980629025719515
1785983406.503775,-1.2023870849609375,-1.2142305908203126,1.4765660400390626,-0.0005759185325332125,0.061314844535398656,-0.008324628962613153,0.9980835954513921
1785983406.514137,-1.201313720703125,-1.2179169921875,1.47582080078125,-0.0004311040714399169,0.060907719225206935,-0.00787863922177502,0.9981122154152785
1785983406.524432,-1.2002109375,-1.2215738525390625,1.475077880859375,-0.0007418356848665064,0.060677445346939494,-0.007173410544152389,0.9981313695805872
1785983406.534714,-1.1990570068359374,-1.22517138671875,1.4743193359375,-0.0006209207768191802,0.06103221123605297,-0.006583075250729921,0.9981138949651307
1785983406.553490,-1.1965919189453125,-1.2323341064453126,1.4728779296875,-0.000987145521642956,0.06066274484696395,-0.005542966230381875,0.9981424394157726
1785983406.564225,-1.1952967529296874,-1.235843994140625,1.4721334228515626,-0.0012344506137964405,0.061121047671183565,-0.0045883694261933,0.9981190530316757
1785983406.583698,-1.1925496826171875,-1.242806640625,1.470710693359375,-0.0015220579713082927,0.060334203839754665,-0.0035230758791194926,0.99817085615817
1785983406.604132,-1.189603515625,-1.249632080078125,1.4693057861328125,-0.0019662549930608625,0.06049155879973627,-0.002134484150090687,0.9981644891464713
1785983406.614299,-1.188052490234375,-1.2530054931640624,1.4686087646484376,-0.002288116295507194,0.06044910370339709,-0.0020326708131064033,0.9981665866073315
1785983406.633676,-1.1848106689453124,-1.2596522216796875,1.4671917724609376,-0.001975840761957292,0.0604521395889296,-0.0012133051922716257,0.9981684078864962
1785983406.644448,-1.1831217041015625,-1.2629608154296874,1.4665015869140625,-0.0022225868379808045,0.06049126702000582,-0.0005528940706647725,0.9981661014299442
1785983406.663531,-1.1795777587890626,-1.269422607421875,1.465132568359375,-0.002144518956376366,0.060441387444992695,0.00018824481594222764,0.9981694230242605
1785983406.673783,-1.177767578125,-1.2726180419921875,1.46445361328125,-0.0021793684388940002,0.060884480596797394,0.0006210023945468882,0.9981422453401511
1785983406.683782,-1.1758828125,-1.27576318359375,1.4637584228515625,-0.002261875928924986,0.06089305436484749,0.0009864462029546006,0.9981412525681119
1785983406.694311,-1.173926513671875,-1.2788836669921875,1.4630804443359375,-0.0020065419039398216,0.06035648708956998,0.0016686860268116735,0.9981734686365652
1785983406.713726,-1.1699293212890625,-1.2850074462890626,1.461736328125,-0.0020827940065676386,0.06054196776263866,0.0023846512951929666,0.998160630105545
1785983406.724095,-1.167871337890625,-1.2879862060546876,1.461085205078125,-0.0023164795788368996,0.060168812455908764,0.0030701652552963406,0.9981808059321746
1785983406.735074,-1.165777099609375,-1.2909520263671874,1.460403076171875,-0.0025886025866734106,0.060539475479061015,0.003366871901143235,0.9981567710496991
1785983406.755504,-1.1614515380859376,-1.29677880859375,1.459103515625,-0.002741430782890514,0.0598486486626723,0.004344230354075281,0.9981942487926464
1785983406.774105,-1.156927490234375,-1.302532470703125,1.457822509765625,-0.0030674907671061854,0.06009750387068681,0.005009548419148486,0.9981752227253653
1785983406.785031,-1.1545704345703125,-1.3052969970703125,1.4571800537109374,-0.0033124728852261406,0.0600426520654133,0.005394195512185037,0.9981757377551085
1785983406.804182,-1.14974462890625,-1.3107406005859374,1.45587939453125,-0.0034533439207594533,0.0603607292416564,0.005687714581338089,0.9981544496375448
1785983406.825544,-1.1447823486328126,-1.31610205078125,1.454636474609375,-0.003921904332428158,0.060830013577468325,0.006458729755048672,0.9981195382319327
1785983406.843569,-1.139588134765625,-1.3212840576171876,1.453334716796875,-0.00393650089157307,0.061561345762286265,0.006996268759973898,0.9980710170386506
1785983406.855078,-1.1369249267578125,-1.3238433837890624,1.4526837158203125,-0.004375093399566021,0.06237222848392416,0.007637413233147556,0.9980141397322138
1785983406.873886,-1.131400390625,-1.3288077392578126,1.4513946533203126,-0.004729852164397912,0.0626967102669388,0.008424268923328534,0.997985860374198
1785983406.883940,-1.12857421875,-1.3312415771484376,1.4507208251953125,-0.004691107218286833,0.06294445475293975,0.0086871428896967,0.9979681965671269
1785983406.894120,-1.12569384765625,-1.3336275634765624,1.45006005859375,-0.004998457844137864,0.0630194803184024,0.008783955634119432,0.9979611264772758
1785983406.913577,-1.1198345947265624,-1.338360595703125,1.4488133544921875,-0.004797395414367088,0.06311316897778577,0.009973258997469127,0.9979450076796694
1785983406.923677,-1.11683837890625,-1.340714111328125,1.4480838623046874,-0.0059593842199691495,0.06249638909844569,0.010286585136618542,0.997974385654298
1785983406.933825,-1.1137659912109374,-1.3429876708984374,1.4474822998046875,-0.00553385304532708,0.0617301697970583,0.010549436386760924,0.9980217768131775
1785983406.944276,-1.110636962890625,-1.3452196044921876,1.4469029541015626,-0.0052740550377056265,0.06186205267796723,0.010843347484862386,0.9980118702462549
1785983406.965027,-1.1042662353515624,-1.349569091796875,1.44567724609375,-0.00579925103785611,0.062037761813165455,0.011661442642623494,0.9979888242199019
1785983406.984277,-1.0977030029296875,-1.35378369140625,1.4444609375,-0.00624629888646407,0.06142132607247117,0.012227736323920373,0.9980174767630496
1785983407.003561,-1.09089599609375,-1.35782421875,1.4432713623046876,-0.005914729643348946,0.06105945613763021,0.01264419907956388,0.9980365207679976
1785983407.013570,-1.087462158203125,-1.3597554931640625,1.4427191162109374,-0.005735098820729372,0.0603630246286367,0.012889696528825857,0.9980767799868947
1785983407.023659,-1.0839197998046874,-1.3616951904296875,1.442074462890625,-0.0061589225040965725,0.06044619612268079,0.013033157444478215,0.9980673666565513
1785983407.033625,-1.0804031982421876,-1.363585205078125,1.441505615234375,-0.006659820983287827,0.05936090811417869,0.013308294884361896,0.9981256517349628
1785983407.043855,-1.076818115234375,-1.365445556640625,1.440974609375,-0.006505741998912985,0.05889908699755129,0.013603352688460163,0.9981500531219176
1785983407.063600,-1.069481201171875,-1.36900927734375,1.4397191162109375,-0.007284749572856426,0.059248574942837445,0.014255581121900144,0.9981148802997286
1785983407.074924,-1.0657186279296875,-1.37075244140625,1.4391552734375,-0.007360844100553576,0.05875735318469424,0.014163823323093752,0.9981446638182789
1785983407.093583,-1.0581163330078125,-1.3740980224609376,1.4380849609375,-0.007191985401184582,0.05809961789552896,0.014223521206770336,0.9981835452748977
1785983407.103773,-1.054223388671875,-1.3757322998046875,1.43747802734375,-0.007395879512672622,0.05784806065591795,0.014378674764810324,0.9981944428581572
1785983407.114246,-1.0502857666015626,-1.3772520751953126,1.4368756103515625,-0.00782624642828101,0.05813300858846329,0.01454253997363011,0.9981722370404594
1785983407.125699,-1.04628662109375,-1.378796142578125,1.436331298828125,-0.007768293788376178,0.0580556576662596,0.014750242474219528,0.9981741478798279
1785983407.145757,-1.0382073974609376,-1.3816968994140626,1.435173583984375,-0.00782324251171165,0.05783166293962483,0.01485212657124278,0.9981852172406037
1785983407.164447,-1.029890380859375,-1.3844666748046874,1.4339486083984374,-0.00808015240925397,0.05769130994319725,0.014697178484860103,0.9981935695630618
1785983407.175065,-1.0256513671875,-1.38580908203125,1.4333607177734375,-0.00760774112420697,0.05742168278329982,0.014744243608413142,0.9982121399813255
1785983407.194779,-1.0170690307617187,-1.3883643798828125,1.432164794921875,-0.008048452612659107,0.05793547814666182,0.01481964339678522,0.9981778799774205
1785983407.205709,-1.012720703125,-1.3895518798828126,1.4315472412109376,-0.007864132136887697,0.058217285958783366,0.01507606590733393,0.9981591073850977
1785983407.223480,-1.0037772827148437,-1.391771484375,1.43022412109375,-0.006311654879090908,0.05848073172135662,0.015644700665525868,0.9981459850214478
1785983407.233523,-0.999290283203125,-1.3928812255859375,1.4296055908203125,-0.006283791594164824,0.05840008605347095,0.015882028529471744,0.9981471345414263
1785983407.243708,-0.994715087890625,-1.393986083984375,1.4290179443359374,-0.005885464132496075,0.058669067898390964,0.016067464573891802,0.9981308172052852
1785983407.263624,-0.985468994140625,-1.3960050048828125,1.427684814453125,-0.004899553267612324,0.058748783760045734,0.015959855231170328,0.998133190924012
1785983407.274198,-0.9807499389648437,-1.396967041015625,1.4270546875,-0.004324149723434451,0.05852847069761651,0.015520144966661351,0.9981557185773335
1785983407.294034,-0.971222412109375,-1.39880615234375,1.425725830078125,-0.003548880650033149,0.058889553127411086,0.015243715807415549,0.998141797473188
1785983407.313776,-0.961507568359375,-1.4005281982421875,1.4243511962890625,-0.0028342421506251433,0.05859653897574394,0.01541737519840767,0.9981586595257006
1785983407.323774,-0.9565723266601562,-1.4013709716796876,1.423673583984375,-0.002578768819438078,0.05819695732081892,0.015043223876756932,0.9981884492020874
1785983407.334865,-0.951613525390625,-1.402142578125,1.4229647216796875,-0.0017754227500660948,0.05836528322055532,0.014989036721750578,0.9981811866042289
1785983407.354244,-0.9415310668945313,-1.403745361328125,1.4215308837890626,-0.0019812226365405515,0.0575131665736017,0.01362262575545227,0.9982498320912087
1785983407.364192,-0.9365158081054688,-1.4044385986328125,1.4208287353515625,-0.002054115775749063,0.05628245142427973,0.013327346459590859,0.9983238239079553
1785983407.384955,-0.92629296875,-1.40577001953125,1.4194615478515624,-0.001084771312834774,0.0560144135856648,0.013231551691096062,0.998341697848618
1785983407.403591,-0.9159598388671875,-1.407047607421875,1.4180107421875,-0.0017060464773143906,0.053656382625180216,0.011912937928719513,0.9984869388046983
1785983407.413587,-0.9107569580078125,-1.4075794677734375,1.4172740478515624,-0.0015599743031669128,0.05320680649251148,0.011675469249918339,0.9985140399518844
1785983407.436023,-0.9003233032226563,-1.4086187744140626,1.4158111572265626,-0.0015320739187708922,0.0511284936819829,0.011060485907072575,0.9986296592705892
1785983407.454007,-0.8897550048828125,-1.409559814453125,1.41429150390625,-0.0020808050708323277,0.050507530782468966,0.010756309480819615,0.9986635904327357
1785983407.473700,-0.879150146484375,-1.410397216796875,1.41274951171875,-0.0027896306284498733,0.048781376374333,0.010155383672569055,0.9987539559979444
1785983407.484275,-0.8737794189453125,-1.4108173828125,1.4119761962890625,-0.0033379539704213165,0.047241154165611046,0.009522822977176555,0.9988325426990858
1785983407.504801,-0.8630385131835937,-1.411461181640625,1.4103385009765625,-0.0037150638935980105,0.046130732320540456,0.009076806159830128,0.9988872625442969
1785983407.523912,-0.8522216796875,-1.4120439453125,1.4087772216796874,-0.004256500888337376,0.04488616018051776,0.008370555376295906,0.9989479759854148
1785983407.534137,-0.846775634765625,-1.41228662109375,1.4079427490234375,-0.004070405896234313,0.04432125080473062,0.008691571643534145,0.9989712310902449
1785983407.553631,-0.8358671875,-1.412642578125,1.406253173828125,-0.004522715777824016,0.04337040435534122,0.007622961393424548,0.9990197458506641
1785983407.563714,-0.830385009765625,-1.41281396484375,1.405465576171875,-0.004607902372252027,0.04365484065753928,0.007414937319039526,0.9990085291192913
1785983407.573860,-0.8248823852539062,-1.4129853515625,1.4046307373046876,-0.004916429024482572,0.043165738366140065,0.007093988088818602,0.9990306417703261
1785983407.584884,-0.8193980102539062,-1.4130877685546874,1.4037757568359375,-0.004560221216846604,0.04266438270846831,0.006454154827244738,0.999058205455419
1785983407.604709,-0.8083839721679688,-1.4131922607421874,1.4021400146484375,-0.0044137990942054155,0.04257503488138427,0.006099058576644446,0.9990649023614803
1785983407.623429,-0.7973488159179688,-1.4132220458984375,1.400406982421875,-0.003836968421286128,0.042786100816748274,0.005851132495606732,0.9990597566358733
1785983407.633562,-0.7918348999023438,-1.413145751953125,1.3995914306640624,-0.003513743075363855,0.042097550481000084,0.005448988037727241,0.9990924576440188
1785983407.644348,-0.78631103515625,-1.4130980224609375,1.3987728271484374,-0.0027883547867809215,0.04182776532636274,0.005030375633762066,0.9991082820121244
1785983407.663627,-0.7751736450195312,-1.4130145263671876,1.3971998291015626,-0.0031375190463867283,0.04112339264055925,0.0049093749846980395,0.9991370888776527
1785983407.673725,-0.7696087646484375,-1.41283447265625,1.3963773193359375,-0.0022834477442415816,0.04100892106002031,0.004768742988330737,0.9991447844878453
1785983407.683655,-0.764044189453125,-1.4126815185546875,1.3955755615234375,-0.00227439251692933,0.040997202646023766,0.004384821582466618,0.9991470514004761
1785983407.695559,-0.7585181884765625,-1.4124908447265625,1.3947613525390625,-0.002193180600726445,0.040396354921531576,0.0033618548523379017,0.9991756632733638
1785983407.714102,-0.7473560791015625,-1.4120540771484376,1.3931705322265624,-0.0016344986448692963,0.04074379087508239,0.0028870382085076467,0.9991641201925929
1785983407.734010,-0.7361983642578125,-1.4115093994140624,1.39156005859375,-0.0008998554989068763,0.04045973966453276,0.0020617734084068086,0.9991786385031871
1785983407.754357,-0.7250228881835937,-1.4108206787109374,1.389913330078125,-0.0009697217738980663,0.040200888518171725,0.0012698829481673397,0.999190338005225
1785983407.773722,-0.7138233032226563,-1.4101031494140626,1.38831640625,-0.0012210113221420029,0.04013709727663468,0.0007866325545298924,0.9991931193198446
1785983407.783904,-0.7082503662109375,-1.4096820068359375,1.387494384765625,-0.0006797597615817283,0.040236751097537944,0.00036931586948543016,0.999189875694806
1785983407.793861,-0.7026539306640625,-1.4092777099609375,1.386701416015625,-0.0003185159259942891,0.040337470811184495,-5.905181547973242e-05,0.9991860578973621
1785983407.805524,-0.6970687255859375,-1.4087928466796875,1.385846435546875,-0.000324731075242551,0.0397625955663285,-0.000377770156473017,0.9992090390280054
1785983407.823518,-0.6859017944335938,-1.4078428955078126,1.3842630615234375,-0.00015841007465750725,0.03962214534912523,-0.0007473502214364605,0.9992144449602075
1785983407.834522,-0.680362548828125,-1.407345703125,1.383448486328125,5.829276884547604e-05,0.03964196946411683,-0.0009774082350348966,0.9992134756227923
1785983407.853464,-0.6691800537109375,-1.4062647705078124,1.3817557373046876,0.0007300953113781097,0.04011063305463344,-0.0012070498049293766,0.9991942527219733
1785983407.863606,-0.6635950927734375,-1.405695068359375,1.3809345703125,0.001017281962153169,0.03927440150303249,-0.0016198137030821467,0.9992266287056838
1785983407.874457,-0.6580075073242188,-1.4051209716796875,1.38011767578125,0.0009751332965178099,0.039394105162837804,-0.0017871958812596337,0.9992216776789291
1785983407.894335,-0.6468071899414063,-1.4039207763671875,1.378442138671875,0.001836705113946755,0.039185160030112506,-0.0020383893160869494,0.9992282019936879
1785983407.905324,-0.6411993408203125,-1.4033057861328124,1.3776083984375,0.0017838789891947238,0.03960675743232593,-0.0021784727450864043,0.9992113803594738
1785983407.923728,-0.6300115356445313,-1.4020196533203124,1.376026123046875,0.002566159209643362,0.039536546283522774,-0.0024858063185461336,0.9992117382695332
1785983407.933736,-0.6243700561523438,-1.4013797607421874,1.37513134765625,0.0027673036559894165,0.0393866268798361,-0.0028736545406418553,0.9992160853752297
1785983407.953456,-0.6131631469726563,-1.4000150146484376,1.37341845703125,0.0037499075436256625,0.039983956371517054,-0.0031401666794880446,0.9991883470862524
1785983407.973614,-0.6018968505859374,-1.3987237548828124,1.3717061767578125,0.0044796419713487474,0.03865438859686863,-0.003355725655703104,0.9992369631493528
1785983407.983789,-0.596328369140625,-1.3980252685546875,1.370850341796875,0.004730596740740043,0.03858782215598226,-0.003468546051036437,0.9992379921140838
1785983407.994860,-0.5907391357421875,-1.397281005859375,1.369960205078125,0.0055186559699981425,0.03823393564121457,-0.00368183986049761,0.9992467904648954
1785983408.014705,-0.579478759765625,-1.3958260498046875,1.3682581787109376,0.0063011518121303765,0.03809433846962078,-0.003494070179904554,0.9992481698603283
1785983408.033573,-0.5682876586914063,-1.394374755859375,1.366470947265625,0.0073526830554121545,0.0383233079895405,-0.0032439435225573424,0.9992330709688295
1785983408.043528,-0.56271142578125,-1.3936317138671874,1.36558251953125,0.008198832981266833,0.03827279034789619,-0.0038342200105387276,0.9992263379081037
1785983408.054461,-0.5571062622070313,-1.3929053955078126,1.3647452392578125,0.008635047195811667,0.03859749660642431,-0.0034718964868642125,0.9992114996628412
1785983408.064832,-0.5514929809570313,-1.3921502685546876,1.3638284912109375,0.008774409745162652,0.03796866873931441,-0.0033296738141153667,0.9992348604789989
1785983408.084731,-0.5402939453125,-1.390638916015625,1.3620313720703126,0.00942602766059248,0.037912711884556555,-0.0028139081894678997,0.9992326310470888
1785983408.103775,-0.5291569213867188,-1.389131103515625,1.3602286376953125,0.009697787159425257,0.03761459773192233,-0.002651265089020982,0.9992417426069962
1785983408.114344,-0.5235519409179688,-1.388403076171875,1.35934765625,0.009543873373443243,0.037263745186034265,-0.0027615591113667186,0.9992560733866374
1785983408.124684,-0.517982177734375,-1.3876278076171875,1.3584339599609374,0.009762577326282142,0.037720388918816135,-0.0025910278113690515,0.9992372912251792
1785983408.144014,-0.5068025207519531,-1.3861319580078124,1.3566192626953124,0.009714987636998943,0.03783676512032362,-0.0020945377201934505,0.999234517489798
1785983408.163488,-0.4956002197265625,-1.3846710205078125,1.3548028564453125,0.009684107908616731,0.037751515288257396,-0.002121967300367675,0.999237977201559
1785983408.173828,-0.4899811096191406,-1.3839385986328125,1.3538726806640624,0.009809126630901268,0.03785133295887723,-0.0021182883066195564,0.9992329889495366
1785983408.193918,-0.4787904052734375,-1.3824954833984375,1.3520772705078126,0.010116763964137802,0.03842862484297173,-0.0018655625279975782,0.9992083903141757
1785983408.204295,-0.4731702880859375,-1.381827880859375,1.3511488037109376,0.010520408936106406,0.03869235624399714,-0.0018820609777596223,0.9991940141111056
1785983408.223900,-0.4619841003417969,-1.38044970703125,1.3493719482421875,0.010698880458090679,0.03979760816256406,-0.0017095344911424342,0.9991490200309565
1785983408.233881,-0.45639599609375,-1.3797626953125,1.34850146484375,0.011075697858612198,0.03999666753580142,-0.0018229502583145167,0.999136760768924
1785983408.243855,-0.4507213134765625,-1.3791326904296874,1.34758349609375,0.011408689751029828,0.040982847467268206,-0.0012877898025559665,0.9990938894538964
1785983408.253885,-0.445142333984375,-1.3784803466796876,1.3466859130859374,0.012017021488818188,0.0410645721888493,-0.0011637873929974019,0.9990835535302841
1785983408.273908,-0.43395745849609374,-1.377203857421875,1.3449080810546874,0.011674145678131662,0.04171519385382197,-0.0010431085844546737,0.9990607932406999
1785983408.284611,-0.4283680419921875,-1.3765274658203126,1.3440546875,0.01212946669165273,0.0419513336645398,-0.0011893223525199284,0.9990453186323728
1785983408.295421,-0.42272003173828127,-1.375888427734375,1.3431112060546875,0.011967934900415977,0.042398369696626644,-0.001200803854809257,0.9990283820513749
1785983408.314039,-0.41151583862304686,-1.374665283203125,1.3413079833984376,0.011791198665013549,0.04330745449087138,-0.0008174362097848458,0.99899186786429
1785983408.324126,-0.405893798828125,-1.3740362548828124,1.340433837890625,0.011980609477031246,0.043243800324100475,-0.0010134924114296544,0.9989921960206073
1785983408.344862,-0.3945985107421875,-1.372808349609375,1.3386134033203125,0.011587112434632325,0.04339959161948838,-0.0011775845254551418,0.998989898924122
1785983408.355585,-0.388920654296875,-1.372200439453125,1.337656005859375,0.01166667519639662,0.04408675088663036,-0.0011812120511037263,0.9989588801462362
1785983408.365565,-0.38330712890625,-1.3716483154296875,1.336770751953125,0.011306849912286268,0.044344228211714985,-0.0011181238930703672,0.9989516902751762
1785983408.384002,-0.37197567749023436,-1.3704617919921875,1.3349173583984375,0.010923459947275482,0.04417468264946562,-0.0009906552547296011,0.9989636087261734
1785983408.395186,-0.36627423095703127,-1.36987353515625,1.333966796875,0.010968506833757451,0.044407317268911596,-0.0010984068069123077,0.9989526897001837
1785983408.405140,-0.3605963745117188,-1.369280029296875,1.33301123046875,0.010271862956721929,0.045119775336992074,-0.0010427639770875328,0.9989282333339452
1785983408.415472,-0.3549039306640625,-1.3687501220703124,1.3320548095703124,0.010257654011391287,0.04508710005355248,-0.0008929243191644583,0.9989299935559642
1785983408.434516,-0.34347579956054686,-1.367658203125,1.33018310546875,0.010014292889596222,0.04508359203731827,-0.0007006980532088198,0.9989327755954571
1785983408.453681,-0.33204293823242187,-1.366495361328125,1.3281671142578124,0.00910796029031259,0.04502549936520253,-0.0008111024900115871,0.9989439857189784
1785983408.463609,-0.32630630493164064,-1.3659677734375,1.327187744140625,0.008480950671198436,0.045142489033244235,-0.0009096572238104254,0.9989441498050152
1785983408.473680,-0.32056015014648437,-1.3654365234375,1.3262186279296875,0.008511112826984047,0.04486050181943643,-0.0003717000862219885,0.9989569335161306
1785983408.484241,-0.3148072814941406,-1.36487060546875,1.325245361328125,0.008516355915924912,0.04475626226729834,-0.0007250995098629535,0.9989613786888972
1785983408.504821,-0.3032353210449219,-1.3637833251953124,1.323232177734375,0.008623751334635865,0.04435934629537477,-0.000983693468151601,0.9989779360375647
1785983408.524108,-0.29166796875,-1.3627376708984376,1.32120947265625,0.007979099807531684,0.04414619833315231,-0.0012386070898289829,0.9989924495958695
1785983408.535059,-0.2858297119140625,-1.3621883544921876,1.32019970703125,0.007791126923961504,0.044261354726661865,-0.0011705012193279128,0.9989889219107043
1785983408.553845,-0.27417282104492186,-1.36111181640625,1.3181759033203124,0.007355643837936569,0.043842185370945946,-0.0015542938958952607,0.9990101773303982
1785983408.564371,-0.26831277465820313,-1.36059521484375,1.3171658935546875,0.007399899441912434,0.043824251781633516,-0.0016729627876378942,0.9990104532749785
1785983408.584956,-0.2566004638671875,-1.3595738525390626,1.3151650390625,0.007647725130405511,0.043570799234343704,-0.0014477440421269755,0.9990200143347121
1785983408.604087,-0.24489161682128907,-1.358561767578125,1.3130982666015625,0.007875439462928705,0.042911513245252886,-0.0014886575332830887,0.9990467355944296
1785983408.623527,-0.2331178741455078,-1.3575009765625,1.3110504150390625,0.007615047273752149,0.04249884574657474,-0.0017679418362265816,0.9990659315034214
1785983408.633585,-0.22721315002441406,-1.3570040283203124,1.310042724609375,0.007661075422699125,0.04225957885780544,-0.0018384873416005276,0.9990756038943536
1785983408.645010,-0.22131219482421874,-1.3564627685546875,1.308990234375,0.007649317789128674,0.0418317687300663,-0.00170956875217482,0.9990939267405846
1785983408.664125,-0.20951200866699218,-1.355440185546875,1.30694775390625,0.008169569941700627,0.0415012822289598,-0.0016173980474427192,0.9991037480057879
1785983408.674907,-0.20362960815429687,-1.354958984375,1.30598681640625,0.00796072733070175,0.04101007122800999,-0.0019276353118279502,0.9991251650389763
1785983408.694440,-0.19175566101074218,-1.3539234619140625,1.30389013671875,0.007782504830148863,0.04072463042888156,-0.0017294600110678434,0.9991386026506197
1785983408.713950,-0.17991220092773438,-1.35287646484375,1.301756591796875,0.008078662045037446,0.03954569112178806,-0.001771279915942326,0.9991835375465246
1785983408.733779,-0.16805848693847655,-1.351898681640625,1.2997047119140626,0.008150658608077871,0.03930264733797562,-0.0018547035064358022,0.999192381116451
1785983408.745376,-0.16210762023925782,-1.3513466796875,1.298619384765625,0.007758368354300241,0.0392534246021832,-0.0021375478611725435,0.9991968848943256
1785983408.764031,-0.15023121643066406,-1.3503612060546875,1.2964935302734375,0.008303021311991683,0.039047078785794075,-0.001988582385228917,0.9992008965204376
1785983408.783556,-0.13829852294921874,-1.3493175048828125,1.29440673828125,0.00869641550290118,0.0386880680515824,-0.0026729834332429197,0.9992099188920669
1785983408.793710,-0.13234886169433593,-1.34884375,1.2932760009765625,0.008739679759228092,0.03848899930917122,-0.0025075538522084067,0.9992176512234204
1785983408.803866,-0.1264036407470703,-1.34840185546875,1.2921988525390624,0.008939671166551776,0.038227072532114596,-0.002753950846881281,0.9992252940186576
1785983408.813921,-0.12043563842773437,-1.347908935546875,1.29110986328125,0.0091867069400644,0.038601230775225114,-0.002447338661352056,0.9992094640471827
1785983408.826875,-0.1145153579711914,-1.347465576171875,1.2900889892578125,0.009150244523223208,0.0380027669941554,-0.0025882216815256687,0.9992323924453856
1785983408.843713,-0.10263967132568359,-1.34655419921875,1.287881591796875,0.009146877244017805,0.03728490061491836,-0.002612207894771557,0.9992594062700308
1785983408.854518,-0.09669019317626953,-1.346102783203125,1.286760986328125,0.00883000708128704,0.037666829856496935,-0.0025861714867546587,0.999247990911839
1785983408.873723,-0.08473284912109375,-1.3450980224609375,1.28461376953125,0.008961196747431932,0.03719780254940393,-0.00277162542030728,0.9992639022897477
1785983408.883838,-0.07880399322509765,-1.3446107177734374,1.2835355224609375,0.008943782730197879,0.03707658353870324,-0.002768183726442823,0.9992685772340703
1785983408.894001,-0.07289125061035157,-1.3441585693359375,1.2823616943359375,0.009054139155304956,0.03674031829257503,-0.0027003281916643143,0.999280186211746
1785983408.904051,-0.06695966339111328,-1.3437271728515625,1.2813204345703124,0.009075765093459646,0.03670571446820593,-0.0025190807023915754,0.9992817295916847
1785983408.913984,-0.06099945068359375,-1.3432835693359375,1.280207275390625,0.008832834118878927,0.037276050562980695,-0.002415273179899479,0.9992630448414457
1785983408.925903,-0.05504563903808594,-1.3428369140625,1.2791334228515625,0.009054958768765919,0.03670247992645906,-0.0024330404934628973,0.9992822515070667
1785983408.944592,-0.043195682525634764,-1.341923583984375,1.2768731689453126,0.008959794042634023,0.0371779471521683,-0.0019936878334947832,0.9992665044544379
1785983408.964988,-0.03132101631164551,-1.34093994140625,1.274619384765625,0.008537611441339622,0.036679331000553456,-0.002033019948573879,0.9992885517498142
1785983408.983897,-0.0194803524017334,-1.34000830078125,1.2723787841796874,0.008538618148966462,0.0371314950272319,-0.0016821941060965167,0.9992724991003159
1785983408.994170,-0.013550080299377442,-1.339543701171875,1.2712109375,0.008270812586480802,0.03731449795182385,-0.0016195161486238423,0.9992680329434319
1785983409.014266,-0.0017712336778640746,-1.3386348876953125,1.2689208984375,0.00828317149061003,0.03762098959868876,-0.0009571205040923977,0.9992572887346659
1785983409.033647,0.0100577392578125,-1.337718017578125,1.2666917724609374,0.008660021084337912,0.03805399190650731,-0.0006089060067755064,0.9992379697452966
1785983409.043615,0.015963805198669433,-1.3372501220703126,1.2655687255859376,0.00876119360155136,0.03800690415739497,-0.0005075559679207044,0.9992389390589507
1785983409.054210,0.02184646797180176,-1.33678857421875,1.264453125,0.008845485617581913,0.03817976586417156,0.00014528126706810516,0.9992317288340993
1785983409.074013,0.03362853240966797,-1.3358353271484376,1.262209228515625,0.008600032285129237,0.038444738825277144,0.0012306324647131926,0.9992229601761656
1785983409.095001,0.04536872863769531,-1.33487353515625,1.2600157470703126,0.008584218898571994,0.03898743739793521,0.0015532050668993409,0.9992016198044728
1785983409.113971,0.05718744659423828,-1.3337642822265625,1.2577928466796875,0.008681395537666307,0.03915680768524351,0.0031580642269820637,0.999190375288314
1785983409.133764,0.0688742904663086,-1.3327265625,1.2556007080078124,0.00855765660459555,0.03914971467353746,0.0033678993666979924,0.9991910389270653
1785983409.153897,0.08053158569335937,-1.33161669921875,1.2534268798828125,0.008081239667716704,0.03856056866202388,0.003970298604388568,0.9992156976410129
1785983409.163918,0.08639582061767578,-1.331061279296875,1.25233935546875,0.007628371685985904,0.03870028075882234,0.004288605761702994,0.9992125435666984
1785983409.186358,0.09799385833740235,-1.329955078125,1.250187744140625,0.006933860084583047,0.038094043505059925,0.004379452160201082,0.9992405048713289
1785983409.204358,0.10964936828613281,-1.3287891845703126,1.2480587158203125,0.006775763021318703,0.03770735997095694,0.00484340734764848,0.9992541124232048
1785983409.215076,0.11551679229736328,-1.3282279052734376,1.246997802734375,0.0072082923701598635,0.038016003870913036,0.00524090557010703,0.9992373881566528
1785983409.233805,0.12712586212158203,-1.327036865234375,1.2448140869140625,0.0070219905105753525,0.03784411091243947,0.005670643035030597,0.9992428983226508
1785983409.243947,0.13293748474121095,-1.326414794921875,1.2437451171875,0.0069398112821807915,0.03798943135945859,0.005751055522854821,0.999237492544383
1785983409.253909,0.1387613525390625,-1.3257906494140625,1.2426959228515626,0.007049339694929966,0.03856589367654868,0.005906683328900473,0.9992137365983427
1785983409.264307,0.14459649658203125,-1.3251890869140626,1.2415926513671875,0.0070041361730813715,0.03863352854723287,0.005922390765470124,0.9992113430771685
1785983409.274667,0.15041729736328124,-1.3245421142578124,1.2404588623046875,0.007277669094485848,0.03823921733498971,0.006426869138913374,0.9992214390746105
1785983409.285339,0.15625263977050782,-1.32391259765625,1.239369384765625,0.007083104792987561,0.038357266340548715,0.006378212214045219,0.9992186354695985
1785983409.303804,0.16797273254394532,-1.322592529296875,1.2371820068359376,0.007026772953263086,0.03908112617301821,0.006505002540311925,0.9991901515897592
1785983409.314068,0.1737875213623047,-1.3218900146484376,1.236022705078125,0.007565677421218064,0.038839776101487554,0.006768751413817676,0.9991938873490591
1785983409.324110,0.17963218688964844,-1.321253662109375,1.2349481201171875,0.007446249581023682,0.03917308678573615,0.006666766336580021,0.9991824488723032
1785983409.343927,0.19127488708496093,-1.3198062744140624,1.2327574462890625,0.006581257907113874,0.039441975635860244,0.007053930249666948,0.9991752904369217
1785983409.353775,0.19710870361328126,-1.3190653076171874,1.2316099853515625,0.006497325142897974,0.038015537212995935,0.007018260125357633,0.9992313783875119
1785983409.364264,0.20291278076171876,-1.3183314208984376,1.23051416015625,0.006045911646940092,0.039234607065701047,0.006834308877184987,0.9991883619995179
1785983409.383639,0.21453117370605468,-1.3168314208984375,1.2283963623046874,0.00547620831936309,0.03789192336253435,0.006998653050150386,0.9992423241931055
1785983409.394745,0.22036264038085937,-1.3160350341796876,1.22727978515625,0.004973310771732247,0.037075400341430136,0.007167211575107014,0.9992743929237525
1785983409.414309,0.23198654174804687,-1.3144324951171875,1.2251064453125,0.0036769992209087624,0.03648799456721015,0.00678810333522789,0.9993042686319507
1785983409.434929,0.2436225128173828,-1.3127923583984376,1.222989501953125,0.002739912192134785,0.036085026556918476,0.006708338984091239,0.9993224530841833
1785983409.453685,0.2552974700927734,-1.3110169677734376,1.22083251953125,0.0022827022799211468,0.036012138682965655,0.0065216967074710865,0.9993274632564203
1785983409.473489,0.2669840393066406,-1.309269775390625,1.2186776123046874,0.0019006915900684047,0.03576346000302848,0.006379117800729717,0.999338117244538
1785983409.483588,0.2727973937988281,-1.3083160400390625,1.21760498046875,0.0016764171574289543,0.03560898540085605,0.005858136868462247,0.9993472203872265
1785983409.493607,0.2786575927734375,-1.307375244140625,1.2165452880859375,0.0010336641131073183,0.03591711864185639,0.005832228824809083,0.9993372225823046
1785983409.506314,0.2845276184082031,-1.306392578125,1.215419189453125,0.0011724951823181573,0.03554371646845946,0.00570349634530967,0.99935115685568
1785983409.524339,0.2962476806640625,-1.30446484375,1.213280517578125,0.0007532798914581714,0.03625144406303824,0.0050948636052196945,0.9993294315314981
1785983409.544913,0.30805593872070314,-1.3023017578125,1.21103759765625,0.0005718271295148765,0.035616338530693466,0.004894087275046247,0.9993533860231739
1785983409.564119,0.31981085205078125,-1.300156005859375,1.208841064453125,0.00096187828246295,0.03681917946006015,0.0044402624683716994,0.9993116125362568
1785983409.583565,0.33155868530273436,-1.2980211181640624,1.206665771484375,0.0010564203850097554,0.037810956917698216,0.0038510929370195544,0.9992769354133524
1785983409.593666,0.3374613037109375,-1.2968856201171874,1.2055029296875,0.0008097316466852361,0.03776818501334895,0.003939550735515152,0.9992784340625496
1785983409.604816,0.34342294311523436,-1.29563525390625,1.2043726806640624,0.001314316859351265,0.03770493118325127,0.0039251815434782344,0.999280342786631
1785983409.623677,0.3552985534667969,-1.2932525634765626,1.2020750732421874,0.0018082795942537,0.03940865095516553,0.0037037555703168575,0.99921467610976
1785983409.633895,0.36123382568359375,-1.2920318603515626,1.2009381103515624,0.002441941817620203,0.03913247211559134,0.0030536394821318075,0.9992263826461985
1785983409.644170,0.3672076416015625,-1.290738525390625,1.199743896484375,0.0018663449636774157,0.03968957293743314,0.00315987634836691,0.999205318238366
1785983409.663547,0.37921044921875,-1.2882569580078125,1.1974365234375,0.00271201012567398,0.04028670845084892,0.00245493884217092,0.9991814645904793
1785983409.673888,0.3852086181640625,-1.2869586181640624,1.1962607421875,0.0030570813660634826,0.040717556016186804,0.0022364253336404944,0.9991635236473271
1785983409.693776,0.3971534729003906,-1.284253662109375,1.193888671875,0.0044419901859751535,0.041680622704645225,0.0015484250024819573,0.9991199077665903
1785983409.714122,0.4092388000488281,-1.2815533447265626,1.19147119140625,0.0048480707946390485,0.04127747882787089,0.001083830831497231,0.9991353737626528
1785983409.734011,0.4213655700683594,-1.278728515625,1.189090576171875,0.005414466313405882,0.04124272940962068,0.001142347663133334,0.9991338301566357
1785983409.753891,0.4335788269042969,-1.2759222412109374,1.18662646484375,0.005413584610182797,0.041670886010073516,0.001200952550472569,0.9991160076728907
1785983409.764066,0.4396349792480469,-1.2744674072265625,1.1854298095703124,0.005785603627540152,0.04096980262759019,0.001002536549427205,0.9991431290418193
1785983409.774539,0.44578887939453127,-1.27298486328125,1.184205078125,0.005905965363237488,0.04151027172763106,0.0011158497822218757,0.9991199972523092
1785983409.793833,0.4580831604003906,-1.270032958984375,1.181645751953125,0.006868191492174692,0.04121849129464626,0.0004518223672525357,0.9991264402030035
1785983409.803851,0.46425466918945313,-1.2685447998046875,1.1803455810546875,0.006839938492468991,0.041761329152094684,0.0009733957545528459,0.9991037256339951
1785983409.815954,0.47044766235351565,-1.267026123046875,1.17910009765625,0.007629621416337193,0.04121888982977226,0.0004954104902051766,0.9991208921090569
1785983409.833875,0.4827877502441406,-1.2639532470703125,1.1764613037109375,0.008450905271606357,0.040531598371384855,-8.122145775180747e-05,0.9991425101130962
1785983409.854377,0.4952873840332031,-1.2609339599609375,1.173772705078125,0.010388921502964355,0.03982240827393797,-0.0001537051145719703,0.9991527559440443
1785983409.873736,0.5078947143554687,-1.2579149169921875,1.171030517578125,0.011184050166762351,0.04041402001095725,-0.0002145521174459355,0.9991203999379448
1785983409.883836,0.5141893310546874,-1.256384765625,1.169606201171875,0.012168428356677733,0.03992005197585904,-0.0005964256981865906,0.9991286027581595
1785983409.894154,0.5204891357421875,-1.25487109375,1.1681527099609375,0.01296351752741354,0.039598714067673874,-0.0008352084506393114,0.9991312201893459
1785983409.914381,0.533232421875,-1.25192333984375,1.1652904052734374,0.014924213906141319,0.03979564666701414,-0.0008077252475738308,0.9990960446221873
1785983409.924747,0.5395617065429688,-1.2504014892578126,1.1637601318359374,0.015775023407384736,0.039376436174797684,-0.0011671387750236514,0.9990992363507695
1785983409.944835,0.5523587036132812,-1.247518798828125,1.160813720703125,0.018064381322584738,0.03954461089778137,-0.0013469021199621388,0.9990536041030759
1785983409.963966,0.5651470336914063,-1.2446275634765624,1.1577447509765626,0.01986914415449851,0.038960052292804616,-0.0015745918288513152,0.9990419626615901
1785983409.974213,0.5715731201171875,-1.2432408447265626,1.1561424560546876,0.0211717320681644,0.03808514555873059,-0.0022813197432763263,0.999047585770699
1785983409.994026,0.5844475708007812,-1.240492431640625,1.1530323486328125,0.02318602051087004,0.03829484549699396,-0.0009305847619897647,0.9989970213976455
1785983410.004045,0.5908646850585938,-1.2390955810546875,1.151446533203125,0.024036354068148864,0.03750051230039649,-0.0001250290897293667,0.999007485002251
1785983410.025378,0.6037943725585937,-1.2363519287109375,1.148169921875,0.025482585615569094,0.036646399873151506,0.0025620199937235236,0.9990000642818472
1785983410.043718,0.6166879272460938,-1.2336041259765624,1.1448851318359374,0.026738593694954956,0.03655301892614212,0.006442612998887653,0.9989531521203713
1785983410.053667,0.6232000122070313,-1.2322567138671876,1.1432806396484374,0.026432901724367616,0.03591652590680958,0.008907777020057716,0.9989654360105318
1785983410.073660,0.63617041015625,-1.2294644775390624,1.1400482177734375,0.025326122717964993,0.03495920630270997,0.01451309101566729,0.9989623631875727
1785983410.083639,0.6426605834960938,-1.2280732421875,1.1384779052734375,0.02445240967082956,0.03465123624328649,0.01829721054891326,0.9989327233856721
1785983410.093714,0.649188232421875,-1.2267269287109375,1.13698291015625,0.023166798412760644,0.03464546235413424,0.021870045227566203,0.998891730403648
1785983410.103653,0.6557162475585937,-1.225312255859375,1.13541357421875,0.021790250862804634,0.03444606313064187,0.02634109777569018,0.998821704293367
1785983410.114793,0.6622559814453125,-1.2239150390625,1.1338946533203125,0.02067717349658548,0.033891502011746094,0.030501120734698014,0.9987459664388664
1785983410.134671,0.675230712890625,-1.2212109375,1.130962646484375,0.017630115102772036,0.033868873964180056,0.04022385823108278,0.9984608741495719
1785983410.144950,0.6817273559570313,-1.219847900390625,1.1294451904296876,0.016580865433664427,0.03279381146830935,0.04556706381342885,0.9982851643529609
1785983410.163916,0.694636962890625,-1.2170936279296876,1.1265653076171875,0.0142030086475286,0.030898442271553767,0.057081497290906745,0.9977901897570557
1785983410.174052,0.7010612182617187,-1.2157509765625,1.125158203125,0.012742844373577476,0.030081450730067592,0.06383505493073102,0.9974255876941892
1785983410.194682,0.7138088989257813,-1.2130574951171875,1.1224261474609376,0.010361956625389373,0.027902468565336767,0.07690719899608504,0.9965938808516076
1785983410.204942,0.720068115234375,-1.2116256103515626,1.1210338134765625,0.009017410632693464,0.026835003576894192,0.08385825565562571,0.996075476684506
1785983410.223814,0.7327282104492188,-1.2088966064453126,1.1183349609375,0.0075903378917330285,0.02412142945723774,0.09867353527454759,0.9947985063021474
1785983410.243933,0.7451119384765625,-1.2061904296875,1.115647216796875,0.005928894178228346,0.02109181116561794,0.11464996544245197,0.9931643175633046
1785983410.263839,0.7575321044921876,-1.2035560302734376,1.113084228515625,0.004826866567468517,0.01771821048162278,0.13135898567432133,0.9911647541580834
1785983410.274522,0.7636036376953125,-1.20217529296875,1.1117406005859376,0.004246890187565182,0.01678903908979271,0.13993894937721574,0.9900086802164684
1785983410.293889,0.7757020263671875,-1.199519287109375,1.1091986083984375,0.003268678831158943,0.014649886656293153,0.1580772896809055,0.9873126489033411
1785983410.313885,0.7875985107421875,-1.196787841796875,1.1066541748046874,0.002780730579313598,0.012427227838159574,0.1770228370747283,0.9841243561037957
1785983410.323954,0.7934189453125,-1.195350830078125,1.1052576904296876,0.0017100804490180446,0.012477043662166492,0.187003010654871,0.9822786124337255
1785983410.334005,0.79928173828125,-1.1939608154296875,1.103935302734375,0.0010226174019755518,0.011997698145440749,0.1969714325152691,0.9803352873041326
1785983410.344709,0.8050671997070312,-1.19259716796875,1.1027196044921874,0.000649166927025073,0.011699422473685765,0.2067224209021,0.9783294637704798
1785983410.363929,0.8164741821289062,-1.18991650390625,1.100127685546875,6.498085703191107e-05,0.011228759326130253,0.22697477146394912,0.9738359000350456
1785983410.374248,0.8221668090820312,-1.188669189453125,1.0988587646484376,-0.0003164607876846667,0.010236179086802797,0.23642961161019033,0.9715946486176517
1785983410.393568,0.8332233276367188,-1.1859482421875,1.0963001708984375,0.0002343876781621687,0.009260404618865292,0.2574608757452504,0.9662443258185539
1785983410.403756,0.8386195678710937,-1.1845667724609374,1.0950435791015625,0.0004201257977463163,0.009735152494499851,0.26879113291171086,0.9631492004473198
1785983410.413931,0.8440202026367187,-1.183239501953125,1.093796630859375,0.00016495740495500616,0.00919490593711712,0.2794622044369227,0.9601126441334351
1785983410.424095,0.8492730712890625,-1.1818126220703125,1.0924825439453125,0.0003268942279747712,0.009341651855895946,0.29090884427118474,0.9567051156651971
1785983410.435095,0.8545543212890625,-1.1805145263671875,1.0912386474609375,0.0005398747734070855,0.008930666147311443,0.3010845519025004,0.9535554711104741
1785983410.454891,0.8649628295898437,-1.1777598876953126,1.088746826171875,0.0006857615679189933,0.008616839180578898,0.3221336100802477,0.9466547539892192
1785983410.484471,0.8798778686523437,-1.173946533203125,1.0849881591796875,-0.00034611159123949765,0.010021468531133428,0.3572588428128075,0.9339515925979698
1785983410.503756,0.889576416015625,-1.1715499267578124,1.0824285888671874,-0.00012370358140319237,0.010473038225548995,0.37935542834720937,0.9251917479214683
1785983410.514217,0.894367919921875,-1.17044140625,1.081181640625,0.00023401688729451854,0.01082986087802456,0.38957046841988885,0.920932959256403
1785983410.533796,0.90383642578125,-1.168240234375,1.078512939453125,0.0016741898546217132,0.011608662912903417,0.4097632084169275,0.9121165142555934
1785983410.543743,0.9084967041015625,-1.1672567138671874,1.077162109375,0.002934915076587056,0.01250672737568444,0.4194250215634357,0.9076990759240826
1785983410.554822,0.9133134765625,-1.166516357421875,1.0757996826171874,0.00571902690964465,0.013067188604582837,0.4291876526884508,0.9031026959552512
1785983410.576632,0.9225596313476563,-1.164715576171875,1.0730274658203125,0.008350244410432991,0.014166090278059523,0.4467347188750393,0.8945153330756948
1785983410.594317,0.9316564331054688,-1.1630111083984376,1.0701116943359374,0.01092736074388374,0.015200091087805184,0.46334157105585755,0.8859820141113067
1785983410.613616,0.9407694702148437,-1.1616083984375,1.0673016357421874,0.014444889225707412,0.01799323047356828,0.4790043136844048,0.8775092232999222
1785983410.623694,0.9451869506835937,-1.1608367919921876,1.06576611328125,0.01457878044663559,0.01892565942883702,0.4868978477374033,0.873132151080852
1785983410.633835,0.94963720703125,-1.16020361328125,1.06430078125,0.015306718514718758,0.020029591497273923,0.4943095276915137,0.8689203647591415
1785983410.644137,0.9541426391601563,-1.1595953369140626,1.0628148193359375,0.015520458643696625,0.021710289925411685,0.5013862211773898,0.8648119125433138
1785983410.654329,0.9585618896484375,-1.158963134765625,1.0612869873046875,0.015962340155972254,0.02278927220874931,0.5084052226668646,0.8606683362246049
1785983410.673851,0.9674537963867188,-1.157958984375,1.0583109130859376,0.016393538526254917,0.024858265445415924,0.5216745051168364,0.8526247861920916
1785983410.693564,0.9764143676757813,-1.157103271484375,1.0552784423828125,0.016553860277292096,0.02702486259399117,0.5339353568136496,0.8449311510300835
1785983410.703585,0.9808406372070313,-1.15674169921875,1.0537357177734374,0.015949725055313058,0.02814467326868332,0.5400141708367112,0.8410339881462042
1785983410.713751,0.9853106689453125,-1.156384033203125,1.0521925048828125,0.015545248624418712,0.028943029292992334,0.5455610996190088,0.8374268553235454
1785983410.723697,0.9897598266601563,-1.1560732421875,1.0506658935546875,0.014771142507552031,0.03003169489801457,0.5513341348492918,0.8336129712764069
1785983410.734843,0.9941870727539063,-1.155799072265625,1.049141845703125,0.013836224298241809,0.03061615316385953,0.5570922868741346,0.8297706797583839
1785983410.754648,1.0031199951171874,-1.1553831787109374,1.0460621337890625,0.011632662762372379,0.03192446478590811,0.5677012520440835,0.8225331494208087
1785983410.774424,1.012125732421875,-1.155101318359375,1.04301708984375,0.009305051865337893,0.03334900154489178,0.5777361710910844,0.8154889250841779
1785983410.784361,1.0166400146484376,-1.1549974365234374,1.0414517822265625,0.00800574021704606,0.03334016236156303,0.582336415663929,0.8122245018893968
1785983410.804037,1.0256552734375,-1.1548641357421876,1.0383934326171875,0.005064730167755163,0.033992251717532784,0.5911788323429743,0.805807958526051
1785983410.814403,1.0301634521484375,-1.154780517578125,1.036818359375,0.0034339242837411635,0.03415810141775384,0.5956535481879874,0.8025074937506202
1785983410.834192,1.0392562255859374,-1.154766845703125,1.0336759033203125,-0.00032182551689919535,0.034095861625556625,0.6038197236154214,0.796391298244648
1785983410.844344,1.043819580078125,-1.1547559814453126,1.0321044921875,-0.001326381982526916,0.03391043529886478,0.6075978071157411,0.7935195193993709
1785983410.854611,1.0483897705078125,-1.154799560546875,1.0305780029296876,-0.003166312452168648,0.03384129518322403,0.6112278022014476,0.7907245524307022
1785983410.873618,1.0575535888671874,-1.1548380126953126,1.0274976806640626,-0.006191424007090837,0.03363221231589959,0.6179508591394023,0.7854726448061168
1785983410.883591,1.0621334228515624,-1.1549407958984375,1.0259754638671874,-0.007510369498583505,0.03375105300988059,0.6216752434006654,0.7825115556214068
1785983410.893836,1.066730712890625,-1.154953857421875,1.0244024658203126,-0.008487658018607002,0.033912513307186525,0.6250211517330835,0.7798246398751905
1785983410.914069,1.0759930419921875,-1.1551068115234375,1.0212553100585937,-0.011689229651952302,0.033236253896952436,0.631068647157905,0.7749265055263779
1785983410.933839,1.0851951904296875,-1.155248779296875,1.0180851440429688,-0.013961452222278008,0.03349375717789373,0.6369112048520059,0.7700826973366716
1785983410.953861,1.094440673828125,-1.1553389892578125,1.0149074096679687,-0.0161333308063662,0.033384811777351864,0.6422567806150814,0.7655921875481388
1785983410.964431,1.099048095703125,-1.1553829345703126,1.0133157348632813,-0.017134879041104546,0.033295372942534145,0.644782162389935,0.763448604521718
1785983410.983958,1.1082259521484374,-1.1554556884765625,1.0101549682617188,-0.018648047367435215,0.033201503633973124,0.6495740362566715,0.7593441139619701
1785983410.993846,1.1127982177734375,-1.1554493408203126,1.0085822143554688,-0.019350123191163603,0.033065442998076004,0.6518628448093194,0.7573685230353413
1785983411.003808,1.11735009765625,-1.1554722900390626,1.006916748046875,-0.0209601541058552,0.031231440181934602,0.6543988617481784,0.7552134763060215
1785983411.014308,1.121814697265625,-1.1553616943359375,1.005229736328125,-0.02028804584502762,0.030321529887268904,0.6555242503635565,0.7542923571087322
1785983411.024866,1.1263966064453126,-1.1553753662109374,1.0036669311523438,-0.021751201289094732,0.030913227130960175,0.6577302317874211,0.7523045895090786
1785983411.044024,1.1354063720703125,-1.15528369140625,1.0004961547851563,-0.022592468003429973,0.030583998520044165,0.6617768898694856,0.7487359583215466
1785983411.054180,1.139947998046875,-1.1552254638671875,0.9989484252929688,-0.024026937186059312,0.03098606792365758,0.6645256251426919,0.7462360635810747
1785983411.065722,1.14433935546875,-1.1550576171875,0.9972910766601563,-0.023515540570996207,0.029905303230362053,0.6655295848159052,0.7454012695466445
1785983411.084902,1.1532900390625,-1.154953369140625,0.994144287109375,-0.02561387277185338,0.030382997685356294,0.6692452961067088,0.7419781276618934
1785983411.103837,1.1620592041015625,-1.1546517333984374,0.9908839721679688,-0.026718185144036722,0.029994581824360343,0.6719939180714855,0.7394664613576056
1785983411.114334,1.166421630859375,-1.1544891357421876,0.9892885131835938,-0.027000702278639797,0.02984279343825602,0.6734998485499296,0.7380910090918024
1785983411.125535,1.1707520751953124,-1.154285888671875,0.9876596069335938,-0.027185943134935383,0.02953967343483339,0.6748203615812987,0.7368892749931659
1785983411.144271,1.1793782958984376,-1.1538673095703125,0.9844131469726562,-0.02779558863967401,0.029759371907690933,0.6776169622878037,0.7342867620700971
1785983411.163719,1.187844970703125,-1.1533145751953124,0.9811871948242188,-0.028405491409050874,0.02967425550916332,0.6800507538496007,0.7320133583117459
1785983411.175065,1.192059814453125,-1.153010986328125,0.9795231323242187,-0.028584768287495326,0.029715881425094768,0.6811725662726142,0.7309608816123161
1785983411.193908,1.200414794921875,-1.15238818359375,0.976213134765625,-0.028936603084953307,0.02957004762840249,0.6833051362139523,0.7289598059425859
1785983411.203784,1.2045645751953125,-1.1520228271484374,0.9746138916015625,-0.029537911689573593,0.03014170388950938,0.6843545817653338,0.7279270520071718
1785983411.213993,1.2086392822265626,-1.15159521484375,0.9729185180664063,-0.029269588827430613,0.029608108530744522,0.6852058157427288,0.7271586204315823
1785983411.234018,1.2167747802734374,-1.1507440185546876,0.969605712890625,-0.02976022478395174,0.030006134973508583,0.6870774345899368,0.7253540972755192
1785983411.253835,1.224769287109375,-1.1497890625,0.9662761840820312,-0.030667082925989558,0.03047598000362356,0.6889703209695126,0.7234988912349076
1785983411.263856,1.2287379150390625,-1.149274169921875,0.9646223754882812,-0.031096154340848947,0.03071042542620176,0.6896599726224234,0.7228132773245505
1785983411.273871,1.2326658935546875,-1.1487052001953124,0.9629405517578125,-0.0316167708135282,0.030694258862690733,0.6902914287527155,0.7221883154498853
1785983411.284505,1.2365885009765625,-1.1481505126953124,0.9612195434570312,-0.031427366001764226,0.03054564172818084,0.6911688562587153,0.7213632227860526
1785983411.303618,1.2443214111328125,-1.1469283447265626,0.9578287353515625,-0.03205377938536103,0.03074536034224788,0.6926367481668555,0.7199177953787682
1785983411.313763,1.2481339111328125,-1.1462850341796875,0.9561510620117187,-0.032323067279916184,0.03101398716962004,0.6933983863085742,0.7191606383877485
1785983411.323672,1.251920654296875,-1.14556982421875,0.9543975219726563,-0.0324046619880906,0.03142319061654291,0.6938272663350559,0.7187254197903686
1785983411.333979,1.255694091796875,-1.1448701171875,0.952701171875,-0.032704967750461625,0.03171356365937993,0.6943839094974252,0.718161280940201
1785983411.344660,1.2593880615234374,-1.144097900390625,0.9509489135742187,-0.033193426182394445,0.031515586925049945,0.6949626888217184,0.7175875176441641
1785983411.363996,1.2667159423828125,-1.1425030517578125,0.94746728515625,-0.03393347953355935,0.03191648777195243,0.6960149942992901,0.716514457382144
1785983411.374474,1.2703780517578125,-1.141675048828125,0.9457894897460938,-0.03453129809343625,0.0319816345428307,0.696441739796361,0.716068201806355
1785983411.385340,1.27394482421875,-1.1407813720703126,0.944037109375,-0.03479562697192885,0.03191334905224413,0.6968052336164104,0.7157047316328408
1785983411.403706,1.2810301513671876,-1.1389439697265624,0.940519775390625,-0.03499627138871111,0.03223205721717047,0.6975107954523957,0.7149930284145027
1785983411.413979,1.28454443359375,-1.1379759521484376,0.93880419921875,-0.0358954310676405,0.03258641610520697,0.697892118101783,0.7145601710679702
1785983411.434007,1.2914697265625,-1.135874267578125,0.9352664794921876,-0.03674966666201267,0.032743402953467275,0.6986155353733015,0.7138022622878667
1785983411.444177,1.2948909912109374,-1.13478466796875,0.9334869995117188,-0.03670555378377172,0.03275392056109942,0.6990895334215771,0.713339816934421
1785983411.454333,1.2982158203125,-1.1336488037109376,0.9316671142578125,-0.036498944375490824,0.032183832697576985,0.6991515322318556,0.7133156270546507
1785983411.473736,1.304895263671875,-1.131313720703125,0.928228515625,-0.03705735643894194,0.03243498632215799,0.6998892232047365,0.7125516274898532
1785983411.485401,1.3081397705078126,-1.1300753173828124,0.92646337890625,-0.03705620063044919,0.032002275286978805,0.6999784435126489,0.712483604063688
1785983411.504523,1.314590087890625,-1.1275682373046876,0.9229251098632812,-0.03797341098322265,0.03239578882872869,0.7007229499931225,0.7116852408603934
1785983411.524317,1.320899169921875,-1.124901123046875,0.9194534912109374,-0.03803864043525709,0.03171939919942842,0.7011661815783307,0.7112755472824578
1785983411.543955,1.3270418701171875,-1.1220677490234374,0.9159496459960937,-0.03866376826232344,0.031434845677455206,0.7015199150867973,0.7109055942604544
1785983411.564016,1.33303515625,-1.11911962890625,0.9124771118164062,-0.039080650634025625,0.031110589936483118,0.7020019333776573,0.7104210921746731
1785983411.574418,1.3359805908203124,-1.1175780029296876,0.91073974609375,-0.039306819178206956,0.030422930921787338,0.7020049966550194,0.7104353767370569
1785983411.585899,1.3388917236328124,-1.1160047607421875,0.9089771118164063,-0.039250455593296506,0.030668623949780163,0.7020990120305955,0.7103350028092008
1785983411.603781,1.34455419921875,-1.1127852783203125,0.9055150756835938,-0.0397288758395792,0.030717862681609337,0.7024802360859344,0.7099292584412906
1785983411.614564,1.347363525390625,-1.1111478271484374,0.9038339233398438,-0.040255893039415964,0.030553235043936592,0.7028046279093384,0.7095855278850818
1785983411.633742,1.3528006591796875,-1.1076512451171876,0.9003353881835937,-0.040278346660449264,0.029496198611562136,0.7029843224316976,0.7094509701653564
1785983411.643802,1.3554345703125,-1.105849365234375,0.8986234130859375,-0.04086786554693526,0.029630233761690165,0.7033340153177653,0.7090649732215966
1785983411.653882,1.3580428466796874,-1.1040440673828125,0.8969002685546875,-0.04077498360418071,0.0288941768128733,0.7030826267142767,0.7093499527801854
1785983411.674579,1.3631324462890626,-1.1002564697265624,0.8934398193359375,-0.041103784646812316,0.028751993940730827,0.7032966205923568,0.709124582623117
1785983411.686514,1.36562353515625,-1.098340087890625,0.8917503662109375,-0.0415392241925235,0.02823289877094298,0.7035272111015047,0.7088912890936337
1785983411.703767,1.370414794921875,-1.0943951416015625,0.8883508911132812,-0.041806761507906354,0.028152528097110628,0.7038906645605763,0.7085178653367673
1785983411.713850,1.3727474365234376,-1.0923909912109375,0.8866695556640625,-0.04171172945477268,0.02775722694981159,0.7039643394319698,0.7084658551056391
1785983411.723902,1.3750255126953126,-1.0903089599609375,0.8849813232421875,-0.042159899201644535,0.028180094003557157,0.7040226858317308,0.7083646608345612
1785983411.733908,1.3772626953125,-1.0882061767578124,0.883290771484375,-0.04221691605096714,0.027629419829577295,0.7039426691793846,0.7084624533386222
1785983411.744087,1.3794185791015625,-1.0860570068359374,0.8816098022460938,-0.04249544504474448,0.027678131860019908,0.7039707929329514,0.7084159674314752
1785983411.754173,1.381565673828125,-1.0838485107421876,0.8799033203125,-0.041932513464575064,0.027069557620098838,0.7040027143616392,0.7084412913419242
1785983411.774276,1.38568896484375,-1.079396240234375,0.8765895385742187,-0.04254617834914232,0.027086795345760698,0.704112000258834,0.7082954409495418
1785983411.795048,1.3895833740234376,-1.0747816162109376,0.8733053588867188,-0.0430373927823175,0.026613480868638024,0.7043199318780713,0.7080769420450813
1785983411.814112,1.3932998046875,-1.0700296630859376,0.8700274047851563,-0.04349424361445392,0.02617694324537716,0.7041106397521706,0.7082734031578408
1785983411.833957,1.396779296875,-1.0651927490234374,0.8667908935546875,-0.043254494688547196,0.026294021366549795,0.7042005511320569,0.7081943560537127
1785983411.844853,1.39845849609375,-1.0626729736328124,0.8651436767578125,-0.043410519153945684,0.02633408693773892,0.7042080150095023,0.708175910117368
1785983411.864405,1.401617431640625,-1.0575794677734376,0.8619618530273437,-0.04373165175323461,0.025644580628106862,0.7042900881575084,0.7080998372419688
1785983411.883929,1.404587646484375,-1.0523392333984376,0.85873193359375,-0.04412843306886719,0.025617352196749363,0.7039842431785966,0.7083802707737807
1785983411.895263,1.40598974609375,-1.049667236328125,0.8571715087890625,-0.04423336980375814,0.02549526782915468,0.7040933483111517,0.7082696971294562
1785983411.913792,1.4085994873046874,-1.044166259765625,0.8539505615234375,-0.04434679036246697,0.02620255542035223,0.7038102991631358,0.7085180601241563
1785983411.924027,1.4098077392578126,-1.0413741455078125,0.8523516845703125,-0.04434623739376576,0.026238554804610154,0.7037635424822503,0.7085632058943651
1785983411.943754,1.4121507568359375,-1.03571533203125,0.849130615234375,-0.04404424487261997,0.02604994862785815,0.7037527480990742,0.7085997156046633
1785983411.953989,1.4132320556640625,-1.032842529296875,0.8475941162109375,-0.04379918509608895,0.0260167968482233,0.7038375767317032,0.7085318852092092
1785983411.963958,1.414237060546875,-1.029940673828125,0.8460302734375,-0.044142416701159266,0.02648672951080612,0.7038065882201355,0.7085239554775773
1785983411.983936,1.4161068115234374,-1.0239287719726562,0.842821044921875,-0.043687541044233655,0.026650936544263742,0.703545783983805,0.7088049470764533
1785983412.005225,1.41786083984375,-1.0179102783203124,0.8396778564453125,-0.04375763573266374,0.026983570006440045,0.7038449647872845,0.7084909341296947
1785983412.023947,1.4192806396484374,-1.0116602172851563,0.8365509643554687,-0.043296742261104824,0.027693390311890737,0.7039336372011183,0.7084037621517285
1785983412.034214,1.4198953857421874,-1.0084652709960937,0.8349717407226562,-0.04261869222853691,0.02769130741293751,0.7036721192827119,0.7087047323598564
1785983412.044164,1.420466796875,-1.0052086181640625,0.8333571166992187,-0.042164035074373996,0.02776691175949526,0.7033807769399144,0.7090181091127922
1785983412.063815,1.4215653076171875,-0.9987245483398437,0.8302247924804688,-0.04284336519359276,0.028298036619473495,0.7030506510754558,0.7092837641267982
1785983412.073744,1.4219693603515624,-0.995388916015625,0.8286550903320312,-0.04239645609616877,0.02858090124042044,0.7029094579691276,0.7094391903857225
1785983412.083889,1.42236083984375,-0.9919964599609375,0.8271083374023438,-0.04200031515468642,0.028386515258143157,0.7030421497669115,0.7093390552631951
1785983412.093935,1.4226964111328124,-0.9886201171875,0.825544189453125,-0.04202153655221649,0.028814509663930527,0.7032354105640186,0.7091289454472862
1785983412.115585,1.4233031005859376,-0.9817667846679687,0.8223795166015625,-0.04159436259989939,0.029321174048634182,0.7031154626800419,0.7092522928221202
1785983412.134073,1.4237274169921874,-0.9748917236328125,0.8193082885742188,-0.04106899451957033,0.030135334801286523,0.7036314549948117,0.7087368799991578
1785983412.144168,1.423834716796875,-0.9713157958984375,0.8177256469726563,-0.041297852370310584,0.030532131077704097,0.703608784937624,0.7087291127960734
1785983412.164181,1.42400390625,-0.9641744995117187,0.8146326904296874,-0.04045673888642996,0.03118675502280127,0.7036128017669789,0.7087451223907217
1785983412.184366,1.423894775390625,-0.9568885498046875,0.8115294799804688,-0.04006161792878132,0.03211010652278576,0.7033366685073457,0.7090003706208751
1785983412.205446,1.423705078125,-0.949451171875,0.8084589233398437,-0.03963848046463809,0.032786212929533744,0.7031950930440722,0.7091336426499393
1785983412.225318,1.4233533935546876,-0.9418812866210937,0.8054172973632813,-0.038565651222588176,0.03266537936468489,0.7031063086048539,0.7092863866861672
1785983412.243947,1.4228984375,-0.9342330932617188,0.8023252563476563,-0.037925195804222864,0.03313072562542329,0.7035419973779373,0.7088671981842318
1785983412.253893,1.422584716796875,-0.9303709106445313,0.8008350219726562,-0.037709357385429645,0.03402255042616869,0.7036979199503399,0.7086816703405706
1785983412.264063,1.42230126953125,-0.9264736938476562,0.79933251953125,-0.03755729130794888,0.034399471124030155,0.7037248029206802,0.7086448576513402
1785983412.283798,1.4214842529296876,-0.9185578002929687,0.7962633666992187,-0.03621978802991858,0.034217702591393576,0.7035350854821397,0.7089116094294471
1785983412.304038,1.420572509765625,-0.9105167236328126,0.7932431030273438,-0.035784365205796,0.03463344372718397,0.7036284304829935,0.7088208672552041
1785983412.324324,1.4195252685546875,-0.9023568725585938,0.7901336669921875,-0.034758238534303924,0.03430126737729329,0.7036120503636125,0.7089043549431298
1785983412.334320,1.418955078125,-0.8982611694335938,0.78864599609375,-0.03468708158299411,0.03462266135683589,0.7034605717361307,0.7090425168648509
1785983412.354488,1.4176845703125,-0.8898887939453125,0.7856809692382812,-0.03366651157134508,0.03433625590824941,0.7034301216782137,0.7091358496882985
1785983412.374176,1.4163599853515625,-0.8814957885742187,0.7826365356445313,-0.03264871962620409,0.0341393034093916,0.703432028629076,0.7091910380245963
1785983412.393836,1.4149127197265625,-0.8730369262695312,0.7797135009765624,-0.032409976279674325,0.03475622841144105,0.7034601150959997,0.7091441879104683
1785983412.403869,1.414151611328125,-0.868715576171875,0.7782324829101562,-0.032608196928164496,0.03498650022907416,0.703503428665796,0.7090807860183185
1785983412.414031,1.413378173828125,-0.8643947143554688,0.7767598876953125,-0.03247361560910319,0.035570413222961984,0.7033508386856604,0.7092092806888219
1785983412.434322,1.4117103271484375,-0.8556502075195312,0.773791748046875,-0.03140485316535427,0.035365924923794,0.7032586951060619,0.7093589897426015
1785983412.454316,1.4099908447265626,-0.8468470458984375,0.7708480224609375,-0.0306271429525975,0.035443251902832165,0.7033402705377851,0.7093082626076543
1785983412.473898,1.4081644287109376,-0.8379583740234375,0.7679097290039063,-0.030024498910209058,0.0361232956779243,0.7031906345429082,0.7094480752460677
1785983412.493888,1.406194580078125,-0.8289744873046875,0.7649962768554688,-0.029741944182301496,0.03641755241153512,0.7030749088637691,0.7095596149590032
1785983412.513630,1.404184326171875,-0.8198587036132813,0.7620902099609375,-0.029373077504635123,0.03690407106358657,0.7029772001289609,0.7096466437233278
1785983412.523932,1.40311181640625,-0.8152618408203125,0.7606373291015625,-0.02904593997185974,0.03716725515525357,0.7029883457058722,0.7096353289913275
1785983412.535075,1.4020595703125,-0.8106690063476563,0.7592169799804688,-0.02895434693568148,0.036830336757867566,0.7028783749486486,0.7097655643062639
1785983412.554420,1.3998031005859375,-0.8013975830078125,0.7563292846679688,-0.027829563710986598,0.036878943380324755,0.7029532169192844,0.7097339191739948
1785983412.565136,1.3986961669921876,-0.7967694702148438,0.7548546142578125,-0.027394110469141086,0.03660295501184216,0.703135188615754,0.7095848681954344
1785983412.585173,1.3963538818359376,-0.7874110107421874,0.751979736328125,-0.026975084822793562,0.03621025126172021,0.7030994247583401,0.7096565246906019
1785983412.603932,1.39397265625,-0.77800830078125,0.7491631469726563,-0.026754266111661037,0.036403223664791956,0.7031952352049964,0.7095600457988309
1785983412.613959,1.39274169921875,-0.7732767944335938,0.7477048950195313,-0.026279457283686837,0.03596154590621901,0.7033094948899846,0.7094870814939523
1785983412.633917,1.3902559814453126,-0.7637357177734375,0.74489892578125,-0.02547734561903316,0.03611057414926708,0.7032803202552063,0.7095376805019017
1785983412.646679,1.388997802734375,-0.7589404296875,0.7434973754882812,-0.025267786527727886,0.03630253360069907,0.7032050470531171,0.7096099868280608
1785983412.663855,1.386404541015625,-0.7492943725585938,0.740686279296875,-0.024620127153424713,0.0365134991213756,0.7032929581901044,0.7095348038203225
1785983412.673802,1.385110107421875,-0.7444762573242187,0.7392962646484375,-0.024200071131111514,0.036686085104380914,0.703224726709296,0.7096079702567106
1785983412.683810,1.3837637939453125,-0.7395734252929688,0.737931396484375,-0.02391677982426718,0.03720593279799586,0.7033737108688128,0.7094428359076782
1785983412.694268,1.38237353515625,-0.7346851196289063,0.7364805908203125,-0.022836945396601728,0.036497592021290395,0.7030183817373857,0.7098672680736937
1785983412.714023,1.3796875,-0.7248863525390625,0.7337103271484375,-0.0224784019094784,0.037210625448548494,0.7030733368088576,0.7097872601328306
1785983412.723856,1.3783424072265624,-0.7199895629882812,0.7323582763671875,-0.022367454856531896,0.037397826929400343,0.7032821355558527,0.7095740510680362
1785983412.734439,1.37695068359375,-0.7150886840820313,0.731033447265625,-0.02229032643751695,0.03764283275914416,0.7033092419673715,0.7095366604650581
1785983412.755330,1.3741761474609375,-0.705196044921875,0.7283900146484374,-0.02203914887460063,0.03881226022888903,0.7034412666270274,0.7093505972614592
1785983412.773712,1.37137841796875,-0.6952574462890625,0.7257166137695312,-0.021933350723112473,0.03935808559927055,0.7035273772640032,0.7092383994630074
1785983412.783900,1.369953857421875,-0.6902310180664063,0.7244376831054687,-0.022221017848080407,0.039435616336276624,0.7036571097811832,0.709096414259011
1785983412.794029,1.368541748046875,-0.6852133178710937,0.7231337280273438,-0.021716823025444507,0.03992078674348616,0.703752505813423,0.708990215081734
1785983412.813865,1.365722412109375,-0.6751914672851562,0.7205319213867187,-0.021189016721364112,0.04031654432109043,0.7044055425473524,0.7083349799736456
1785983412.823859,1.3643270263671874,-0.6702098999023437,0.7192516479492187,-0.020968066457221112,0.04022026465888083,0.7044978883349895,0.7082551816717474
1785983412.834042,1.3629141845703125,-0.665162353515625,0.717994384765625,-0.02125910663175103,0.040853503970302546,0.7047501295099462,0.7079592501905355
1785983412.846220,1.3614140625,-0.6600176391601562,0.7166650390625,-0.020674555622181345,0.04046265718982824,0.7046747591825032,0.7080740287662889
1785983412.863988,1.3585174560546875,-0.6498797607421875,0.7141578979492188,-0.021069691066086586,0.041065492421610256,0.7045965339793491,0.7081055000344231
1785983412.884394,1.3556068115234374,-0.6397023315429687,0.7116505737304688,-0.020883498332523096,0.04115595287489445,0.7044280275768353,0.7082734053767676
1785983412.904383,1.3527108154296874,-0.6293995971679688,0.7091776123046875,-0.02065675198959466,0.04079301622278941,0.704675033433475,0.70805531375309
1785983412.923787,1.349817626953125,-0.6191243896484375,0.706759521484375,-0.020867082755842117,0.041032050752985924,0.7050543187419266,0.7076576330459271
1785983412.934124,1.3483060302734375,-0.6139259033203125,0.7054614868164063,-0.02026852429488849,0.04078689695835849,0.7046917975368023,0.708050205466047
1785983412.954762,1.345420654296875,-0.6036199951171874,0.703045166015625,-0.02059544225737163,0.04059677946125412,0.7050658550635872,0.7076792142297605
1785983412.964640,1.3439295654296874,-0.5983945922851562,0.70181298828125,-0.020314401847102655,0.04010705103652723,0.7051234757438914,0.7076578597378758
1785983412.983726,1.3410352783203126,-0.5880408325195312,0.6993829956054688,-0.019820669151540658,0.03958420216672907,0.7054928613586814,0.7073330477754763
1785983412.996053,1.3395621337890624,-0.5828137817382812,0.6981881103515625,-0.01950817819060141,0.039747688463920426,0.7054683347855111,0.7073570477516677
1785983413.006199,1.3381363525390626,-0.5776448364257812,0.6969883422851563,-0.019610741750818388,0.03981753991497983,0.7056300530643183,0.7071889574154252
1785983413.026871,1.3352305908203126,-0.567207275390625,0.6945869750976562,-0.019041618178665128,0.03968509039807797,0.7056919834925157,0.7071501650868258
1785983413.045081,1.3323887939453125,-0.556810791015625,0.6922745361328125,-0.018744311420350542,0.03896286281453319,0.7058860931395413,0.707004513847542
1785983413.055359,1.330969482421875,-0.5516237182617187,0.6910903930664063,-0.018830597337678334,0.03903307572383378,0.7061128493945862,0.7067718578282126
1785983413.065269,1.3295516357421875,-0.5464039306640625,0.6899473876953125,-0.018829351447469393,0.03895324142200861,0.7064368836581866,0.7064524370260505
1785983413.084524,1.3266993408203125,-0.53599560546875,0.6876377563476562,-0.018884303438100318,0.03879336202779149,0.7064419193889031,0.7064547205806543
1785983413.104203,1.3238848876953124,-0.52549462890625,0.6853195190429687,-0.018741388618864936,0.03902256657164018,0.7067626896479714,0.70612498194449
1785983413.123906,1.32097412109375,-0.5149427490234375,0.6829632568359375,-0.01728702180899162,0.038288499575750354,0.7064856451141365,0.7064794190611283
1785983413.133962,1.3195592041015625,-0.5097076110839843,0.6818359375,-0.017531890233185795,0.03832206824386931,0.7064922445824664,0.7064649735798165
1785983413.154475,1.316766845703125,-0.4992003173828125,0.6795186157226563,-0.016769207292913542,0.0384024084272312,0.7064084423451747,0.7065629156756449
1785983413.174815,1.3140548095703124,-0.4887225341796875,0.6773018798828125,-0.016867052278609306,0.03922788099677274,0.7068168341449763,0.7061066877986262
1785983413.194526,1.31124462890625,-0.47817169189453124,0.6750082397460937,-0.016208592698238603,0.03918446560182224,0.7065878326113064,0.7063536698509808
1785983413.213847,1.308514892578125,-0.46760665893554687,0.6727494506835937,-0.015695463078794894,0.03943969367192877,0.7063629287434107,0.7065759338188562
1785983413.224008,1.3071630859375,-0.4623719787597656,0.6716541748046875,-0.01595572996146138,0.039961915819448274,0.7064918101182333,0.7064118982127016
1785983413.234083,1.3058221435546875,-0.4571121826171875,0.67053173828125,-0.015923364769542887,0.04029395340569668,0.7064154871242606,0.706470101032902
1785983413.244264,1.3044656982421876,-0.4518333129882813,0.6694047241210938,-0.01579728970367856,0.04024426508201501,0.7063546689342783,0.7065365617571314
1785983413.254317,1.3031351318359374,-0.44655044555664064,0.6683056640625,-0.015656509144509043,0.040588535971672564,0.7063607051369508,0.706513985036566
1785983413.274031,1.3004974365234374,-0.4360603637695312,0.6661141967773437,-0.016637452215180207,0.04117325033191494,0.706467605853392,0.7063508236302608
1785983413.284506,1.2991212158203125,-0.43080532836914065,0.6650054321289063,-0.016505105990273966,0.040819722951478676,0.7061276480684189,0.7067142916942594
1785983413.304233,1.2964810791015624,-0.42029034423828127,0.6628172607421875,-0.016779921644224465,0.04097160728106061,0.7060321461246521,0.706794436683211
1785983413.323950,1.2938326416015624,-0.40970089721679687,0.6605939331054688,-0.01648917131575437,0.04063063669935784,0.7057812839661752,0.7070714590432627
1785983413.334032,1.292522705078125,-0.4044345703125,0.6595115966796875,-0.016760658138775947,0.04049717204423267,0.7059836166198536,0.7068706931360016
1785983413.344009,1.29119140625,-0.3991731872558594,0.6584314575195312,-0.01740525676098532,0.040764721153097296,0.7058350758630115,0.7069880803062446
1785983413.354033,1.2898616943359376,-0.3938687133789063,0.6573450927734374,-0.01727908681997157,0.040567244732326424,0.7057744122756064,0.7070630785137851
1785983413.363963,1.28857080078125,-0.3886092224121094,0.6562454833984375,-0.017757157046589377,0.040489231852374526,0.7057528615825582,0.7070772160256714
1785983413.374001,1.2872373046875,-0.38330581665039065,0.6551375732421875,-0.018042275807952143,0.040334683546843095,0.7057332457754015,0.7070984105423973
1785983413.394338,1.2846373291015625,-0.3727743835449219,0.6529627075195312,-0.018717700658883587,0.0401233249429939,0.7056274219152862,0.7071984787263627
1785983413.404276,1.28330322265625,-0.36741754150390626,0.6518961181640625,-0.018753770444960963,0.03980218624589886,0.7055161797429029,0.7073266505725342
1785983413.423990,1.28069921875,-0.3568119506835937,0.6497023315429687,-0.01888871391949968,0.040050398708604044,0.7054190657908456,0.7074059240058753
1785983413.434115,1.2793643798828125,-0.35149288940429685,0.6486232299804687,-0.018760365034907543,0.03998115307342676,0.7053613887664466,0.7074707396488363
1785983413.444089,1.2780474853515624,-0.34620022583007815,0.6475339965820313,-0.018879424809294037,0.03980992121725262,0.7052118503081143,0.7076262931720891
1785983413.454564,1.2767491455078126,-0.3409135437011719,0.6464813842773437,-0.019058867304110407,0.03981291114360015,0.705291264537632,0.707542179212804
1785983413.473747,1.27411279296875,-0.3302513427734375,0.644319091796875,-0.018662867399598396,0.039640544879663106,0.7049889371121761,0.7078636312016389
1785983413.484140,1.272802734375,-0.3249901123046875,0.6432775268554688,-0.018349402344396575,0.03982125837629922,0.704999665243794,0.7078509994844522
1785983413.495685,1.27148046875,-0.3196812744140625,0.6422220458984375,-0.018428189699359093,0.03945128131881066,0.7048214823127124,0.7080470731142892
1785983413.514065,1.2688551025390624,-0.3090482482910156,0.6400855712890625,-0.01783496388997753,0.039559472965384895,0.7043852164341237,0.7084902399006623
1785983413.524844,1.26751220703125,-0.30368460083007814,0.6390403442382813,-0.01747582937335657,0.039419132856298195,0.7041889202516463,0.7087021244031527
1785983413.544421,1.2648717041015625,-0.29310223388671874,0.636962890625,-0.01715307348710943,0.0396228216154224,0.7040235892346711,0.7088628817037471
1785983413.564216,1.2622088623046874,-0.28241802978515623,0.634960693359375,-0.016899853118257542,0.03993219823637411,0.7037455789406963,0.7091276258745435
1785983413.583883,1.2595733642578124,-0.271749267578125,0.6329360961914062,-0.016405717388033116,0.039620495191303805,0.7035468331516589,0.7093538937567854
1785983413.594862,1.2582581787109375,-0.2664524230957031,0.6319299926757812,-0.016572085018179205,0.03947702517936,0.7032041685614094,0.7096977114858763
1785983413.613997,1.2555867919921875,-0.25579225158691404,0.6299656982421875,-0.016203310657099675,0.039669702534684305,0.7032017923679716,0.7096978210613023
1785983413.633807,1.252907470703125,-0.24510940551757812,0.6280314331054687,-0.016711184816431284,0.03939359108586362,0.7029459543263439,0.7099548233653104
1785983413.643884,1.2515545654296876,-0.23981594848632812,0.6270567626953125,-0.016593989744740877,0.03986267215240538,0.7026881285646885,0.7101866025347567
1785983413.654051,1.2502022705078124,-0.23446881103515624,0.62609423828125,-0.01702967549394006,0.03949308613553095,0.7026907932670434,0.7101943002776681
1785983413.673699,1.2474881591796876,-0.22383091735839844,0.6241861572265625,-0.017334365344019782,0.03958542660744607,0.7021999343133899,0.7106671289159119
1785983413.683891,1.246128173828125,-0.2185037078857422,0.6232451171875,-0.017336543590810743,0.03886193362922775,0.7021727153897812,0.7107338944554321
1785983413.693785,1.244759765625,-0.21317767333984375,0.622256591796875,-0.01743298639702411,0.03856315270201562,0.7019275955366683,0.7109898805644154
1785983413.704331,1.2433822021484375,-0.2078824462890625,0.6213465576171875,-0.017459361669823707,0.03838865056282653,0.7014559114271338,0.7114640456665449
1785983413.723872,1.2406776123046874,-0.19726568603515626,0.6194957885742187,-0.017234292150953096,0.038349506370687264,0.700777620364851,0.7121397518870985
1785983413.734586,1.2393272705078124,-0.19191122436523436,0.6185802001953125,-0.017407204662556894,0.03822844067756241,0.7008883400431231,0.7120330801652635
1785983413.744689,1.23798193359375,-0.18660345458984376,0.6176417236328124,-0.016819611899684693,0.03831847790166473,0.7003880866435022,0.7125344386007465
1785983413.764292,1.2352783203125,-0.17588331604003907,0.6158211059570312,-0.016948868224861666,0.03860921727241322,0.6998110073419193,0.7130824898845673
1785983413.774242,1.233947021484375,-0.17057781982421874,0.6148619384765625,-0.01660383418733975,0.03897490885893308,0.6993484691671442,0.7135243453611589
1785983413.784544,1.2326175537109374,-0.16519898986816406,0.6139602661132812,-0.016350481420258706,0.03903111880166637,0.6991659585744883,0.7137059578902712
1785983413.796091,1.231268798828125,-0.1598772888183594,0.6130648803710937,-0.016314008541026846,0.03941174297536089,0.6988511688116738,0.7139941332907093
1785983413.814454,1.228623291015625,-0.1491552734375,0.6112830200195313,-0.01586869027225115,0.03994209310695126,0.6981688051785859,0.7146419568639821
1785983413.824466,1.2272823486328126,-0.1437786865234375,0.6103524169921875,-0.01571259857273904,0.04066398199684725,0.6981177771690559,0.7146545554548448
1785983413.834378,1.2260142822265625,-0.13841015625,0.60948046875,-0.015070194448865513,0.04119496545271904,0.6978790626238777,0.714871079672888
1785983413.844913,1.224697998046875,-0.13299569702148437,0.60854443359375,-0.01482443226877717,0.041805918496344754,0.6977485038769192,0.7149681952946539
1785983413.855354,1.2234393310546876,-0.1276293716430664,0.607621826171875,-0.015125525126323938,0.04228232254479973,0.6975886521842171,0.7150898416010015
1785983413.875304,1.2209478759765624,-0.11681240844726562,0.6058176879882813,-0.014665682391856366,0.04376098803917412,0.6972174372037236,0.7153724519031052
1785983413.885318,1.219692138671875,-0.11137531280517578,0.6049055786132812,-0.014658760091625856,0.04439028811148489,0.6969974835526109,0.7155481344070955
1785983413.895655,1.218467529296875,-0.10597852325439452,0.603956787109375,-0.014480125338923431,0.04521057675411631,0.696756119292708,0.7157354633087474
1785983413.908577,1.217279052734375,-0.1005637435913086,0.6030388793945313,-0.014068549562355766,0.045779793351850284,0.6966594038224155,0.7158016092451289
1785983413.925528,1.2149188232421875,-0.08971263885498047,0.6012108764648437,-0.013247471661496518,0.04719609000204117,0.6963379029904028,0.7160381106796448
1785983413.944740,1.21262548828125,-0.07885018920898437,0.5993253173828125,-0.012313872822447135,0.04830511188095777,0.6960498970144909,0.7162607858978105
1785983413.954829,1.2115006103515624,-0.07339315032958985,0.5983562622070312,-0.011449329779576184,0.04881844240296819,0.6959517410218906,0.7163357059961906
1785983413.973973,1.209322998046875,-0.06248238754272461,0.5964485473632812,-0.010913205771826626,0.04920985249261134,0.6958566372500031,0.7164096890952494
1785983413.984066,1.2082685546875,-0.057033679962158204,0.5954861450195312,-0.010760331524710665,0.04984568272370519,0.6956101694537332,0.7166073588227571
1785983413.995411,1.2072071533203126,-0.05158366012573242,0.594532958984375,-0.010281574017174104,0.04997052163445264,0.6955040739686275,0.716708681985161
1785983414.006999,1.2062393798828126,-0.046175254821777346,0.5935452270507813,-0.010355964150527565,0.050250006482041296,0.6953504269620546,0.7168371325031759
1785983414.024385,1.2042523193359376,-0.035218441009521484,0.5915906372070312,-0.010437586678804511,0.05041504042531336,0.6953297744562615,0.7168443869350083
1785983414.035135,1.20328271484375,-0.02973212432861328,0.5906405029296875,-0.010321543979419262,0.05045658611421946,0.6953254539875633,0.7168473409796788
1785983414.054078,1.2014693603515625,-0.01886846923828125,0.5886396484375,-0.010463830133295252,0.05005201241387321,0.6953066871548009,0.716891849277927
1785983414.063939,1.200578369140625,-0.013386727333068848,0.5876387939453125,-0.00996407659511133,0.05024270941085742,0.6952039174448693,0.7169852860185355
1785983414.084285,1.198889892578125,-0.0024723844528198244,0.5857027587890625,-0.010487274576228984,0.0501400043892169,0.6950356808114163,0.7171480945075398
1785983414.103712,1.19736572265625,0.008484530448913574,0.583751708984375,-0.010400651699831577,0.04974486832540649,0.6949217321334059,0.7172872807527765
1785983414.115771,1.1966356201171875,0.013954387664794923,0.5827586059570312,-0.010075164627224256,0.04926336938651855,0.6947431381451197,0.7174981374292755
1785983414.134242,1.195207275390625,0.024842061996459962,0.5808641967773438,-0.010118126057125894,0.04893455218510828,0.6945661463961591,0.7176913564811019
1785983414.144814,1.1945301513671875,0.030354440689086912,0.5799733276367187,-0.010087405519387272,0.048614332400210014,0.6943982901059845,0.7178759806558379
1785983414.164322,1.193355224609375,0.04130324554443359,0.5780770263671875,-0.010137379739428945,0.04855185520532419,0.694103843797748,0.7181641955267913
1785983414.174246,1.192785400390625,0.04683141708374024,0.5771494750976562,-0.01021841511507277,0.04797600852261055,0.6942588703547794,0.7180518875304054
1785983414.184735,1.1921898193359375,0.05235845184326172,0.5762484130859375,-0.010148176006424996,0.04843555341360529,0.6937990950752226,0.7184662874441423
1785983414.205148,1.1911834716796874,0.06351245880126953,0.574560302734375,-0.011416070878824057,0.04834102461697771,0.6940419670517681,0.7182190121908439
1785983414.217041,1.190725830078125,0.06908805084228516,0.5736766967773438,-0.01182093618418026,0.0482185114630931,0.6940066797889102,0.718254800525907
1785983414.233917,1.18986474609375,0.08018470764160156,0.5718701171875,-0.012783009559131982,0.0492920627890503,0.6936496690196102,0.7185102754924461
1785983414.244046,1.18943896484375,0.0858335952758789,0.5710374755859375,-0.01351307087182743,0.049652674406064815,0.6935033908892211,0.7186132895765386
1785983414.264073,1.188753173828125,0.09712796783447265,0.56941650390625,-0.01477317659066338,0.04979841090778695,0.6934083790267491,0.718670086460851
1785983414.274117,1.1884625244140625,0.10271226501464843,0.5685523681640625,-0.015439160472970278,0.050349102659691204,0.6934650759142227,0.7185630023824643
1785983414.284134,1.1881904296875,0.10831621551513672,0.5676572265625,-0.01550888734821517,0.05064272004211839,0.6933676282403459,0.7186348922700642
1785983414.294187,1.1879227294921875,0.11398338317871094,0.566862548828125,-0.015861536100644887,0.0502942178753615,0.6934251063966317,0.7185962119861771
1785983414.304077,1.187663818359375,0.11962946319580078,0.5660999145507812,-0.016367099459479378,0.049823519137485166,0.6935074772288896,0.7185381708064018
1785983414.324842,1.187291015625,0.13097079467773437,0.5645887451171875,-0.016223382968031063,0.04971852521987487,0.6935828259065789,0.7184759879764551
1785983414.343867,1.186962158203125,0.14221694946289062,0.5629617309570313,-0.015573559567838863,0.04888968241291268,0.6936916100801712,0.7184422166994315
1785983414.354345,1.1868143310546875,0.14786585998535157,0.5622186279296875,-0.015645463083123968,0.048230320400393836,0.6940611782205127,0.7181282185201424
1785983414.374395,1.1866429443359374,0.15923031616210936,0.5608621215820313,-0.015063552531225433,0.04699253535354712,0.6943218218174161,0.7179707528429872
1785983414.394837,1.1865516357421875,0.17047943115234376,0.5593297119140626,-0.013981823684081967,0.046039994086861345,0.6946447930837423,0.717741898408185
1785983414.405067,1.186490478515625,0.17608465576171875,0.5585961303710938,-0.01404389265240652,0.04564525601851861,0.6948599972737305,0.7175575648603381
1785983414.415370,1.1864560546875,0.18178793334960938,0.5579151611328125,-0.013431131958207066,0.04524177281821513,0.6949093442189311,0.7175470731570399
1785983414.434198,1.186468505859375,0.1931284637451172,0.5565099487304688,-0.012569722620782951,0.04421849965654319,0.6951929838209118,0.7173516688660708
1785983414.444013,1.18649658203125,0.19872724914550782,0.5557892456054687,-0.011987004265416514,0.04347336354674275,0.6953220093143195,0.7172821400619879
1785983414.454189,1.186556884765625,0.20437181091308593,0.5550324096679687,-0.011696909579340583,0.04316655055626322,0.6953405895392353,0.7172874680463023
1785983414.464548,1.186609130859375,0.21001495361328126,0.554301513671875,-0.011273052591197279,0.04330828316102886,0.6955195660638414,0.7171121454206156
1785983414.474780,1.1866947021484375,0.2157196502685547,0.553637451171875,-0.010449811710209497,0.04287551063915982,0.6956394496427677,0.7170343376007154
1785983414.494506,1.1869654541015624,0.22699771118164064,0.5522371826171875,-0.009779283052584482,0.0425442567069354,0.6958307262289035,0.7168779207167414
1785983414.514057,1.187303466796875,0.23825407409667967,0.55074267578125,-0.00948130005620239,0.04284100442296565,0.6960137215436302,0.7166865709599769
1785983414.534817,1.18770849609375,0.249533447265625,0.549422119140625,-0.009292288625029373,0.04243795228354506,0.696299593328369,0.7164353227358268
1785983414.554003,1.1882552490234375,0.26079827880859374,0.5480009765625,-0.008967867969735309,0.04255727181329283,0.6964731352102712,0.7162636532822007
1785983414.574446,1.1888231201171875,0.2719811096191406,0.5466096801757813,-0.009113995749763298,0.042698910018957724,0.6965282794612393,0.7161997583706381
1785983414.593942,1.1894378662109375,0.28316421508789064,0.5452173461914063,-0.009215347805374249,0.04234473903656677,0.696870655938385,0.7158863533515649
1785983414.603899,1.1898138427734375,0.2887899169921875,0.5445350341796875,-0.009475006488515724,0.04230683095944313,0.6966471514250092,0.7161027258845859
1785983414.613982,1.1901634521484374,0.2943287048339844,0.5438126220703124,-0.009809455615649306,0.04250090328376527,0.6968714070228638,0.7158684968018529
1785983414.634161,1.1908988037109376,0.30554196166992187,0.542412353515625,-0.010668367079283602,0.042041492529927456,0.6969686898542721,0.7157886089574536
1785983414.644237,1.191298583984375,0.31114944458007815,0.5417271728515625,-0.011514162227011782,0.04241562511876268,0.696817624699604,0.7159005044720067
1785983414.663994,1.1921795654296874,0.32235595703125,0.5403224487304688,-0.012555833957484913,0.04211051944598317,0.6970201831318565,0.7157037898406085
1785983414.674504,1.1926328125,0.32793975830078126,0.5396222534179688,-0.013203160040041404,0.042489198042531276,0.6970316662238755,0.7156585852839866
1785983414.684935,1.193099853515625,0.3335390014648438,0.5389331665039062,-0.013121399257752263,0.04215887871676049,0.6971999499095501,0.7155156827444746
1785983414.703927,1.194077880859375,0.34478610229492185,0.5375848999023437,-0.014040374764313633,0.041956646816722884,0.6971280529885954,0.7155801778815907
1785983414.713986,1.194606689453125,0.35041094970703124,0.5368455810546875,-0.014614440701905951,0.0416790910978034,0.6970862244432269,0.7156256385632752
1785983414.724205,1.1951448974609375,0.3560265197753906,0.5361163330078125,-0.015223167889071304,0.04176837364767711,0.697055170436999,0.7156379810320933
1785983414.744981,1.196237548828125,0.36738302612304685,0.534760009765625,-0.015722573800047473,0.042575519362039876,0.6970679241754848,0.7155672126164904
1785983414.764010,1.1974129638671875,0.3787684326171875,0.53338330078125,-0.016331949350716347,0.04250474407220131,0.696992225870117,0.7156315235164394
1785983414.773915,1.198019287109375,0.3844396057128906,0.532603515625,-0.016578012213336654,0.04242291469199737,0.6970384140760718,0.7155857066023907
1785983414.793909,1.1992503662109375,0.395901611328125,0.5312156372070312,-0.01723996404237622,0.04266455972621953,0.6968754681426864,0.7157144100621388
1785983414.813849,1.200557861328125,0.40745892333984374,0.529869140625,-0.018001602664898017,0.04267067625633757,0.6969344827975488,0.7156378121769996
1785983414.833817,1.2019036865234376,0.4190795288085937,0.5283497314453125,-0.0185707925446686,0.043182751736763385,0.696852113229459,0.715672749692067
1785983414.854554,1.203281494140625,0.43082891845703125,0.5269802856445313,-0.019350601589032,0.04345558901544918,0.6969197919713459,0.7155696809383828
1785983414.874319,1.2047679443359376,0.4426290283203125,0.5254763793945313,-0.020096940913123213,0.04284652830174747,0.6969957480993927,0.7155118612064607
1785983414.893805,1.2062501220703126,0.45443417358398436,0.523943115234375,-0.020427944748211514,0.04336899245191235,0.6971102058618888,0.7153594757127334
1785983414.903990,1.206999267578125,0.46041998291015623,0.5232118530273437,-0.02097030918620993,0.04303913410314147,0.697288020377741,0.7151903878024244
1785983414.914562,1.2077528076171875,0.4664241638183594,0.5224944458007813,-0.020804585668824344,0.0431016168049764,0.6972580133897278,0.7152207177299443
1785983414.934045,1.2093515625,0.4784307250976563,0.520927978515625,-0.02140497893202279,0.0435440482724998,0.6975477408083607,0.7148936145489135
1785983414.953684,1.2109959716796874,0.49051495361328123,0.5192786865234374,-0.02131896489871811,0.043869552383518834,0.6976495260774291,0.7147769678559247
1785983414.964417,1.2118160400390625,0.4966387634277344,0.518557373046875,-0.021008254394769086,0.043971280292412256,0.6977050561593108,0.7147256960214405
1785983414.983866,1.213533447265625,0.5089019165039063,0.5169681396484375,-0.020820062005707896,0.04444485520053755,0.6979637069973604,0.7144493261698263
1785983414.993852,1.2143941650390624,0.5150154418945313,0.5160585327148437,-0.020514714414351244,0.04395184505460209,0.6987287362282469,0.7137405104380014
1785983415.004060,1.215242919921875,0.5211502685546875,0.5152760009765625,-0.020267658999228454,0.04382772400959783,0.6995014807673167,0.71299792161607
1785983415.014103,1.21607568359375,0.5273402709960937,0.5145125122070312,-0.02021494514618885,0.04331299439493343,0.7004680399652647,0.712081359703507
1785983415.034018,1.2176656494140625,0.5398745727539063,0.5129793090820313,-0.02077031687955865,0.04259143996179305,0.7033312708184393,0.7092810886253469
1785983415.053993,1.21918310546875,0.5523715209960938,0.5114755554199218,-0.021644865539565357,0.04143322319318314,0.7069181582122234,0.7057488848000859
1785983415.064484,1.2199468994140625,0.5586904296875,0.5107659606933593,-0.022268940076880635,0.040436569513914083,0.7093048310463718,0.7033886726365942
1785983415.083922,1.2213299560546875,0.5714620361328125,0.5095369873046875,-0.02324277893768634,0.038604742497548895,0.7146257297584334,0.6980540852502521
1785983415.094466,1.2219835205078124,0.577876953125,0.5089388427734375,-0.024359683052195127,0.03772314926053699,0.7174518444418078,0.6951592633476162
1785983415.105752,1.2226741943359376,0.5842405395507813,0.5083721923828125,-0.025034951049035758,0.036321688917619215,0.7201882383375403,0.6923748097945901
1785983415.123954,1.223926025390625,0.5970839233398437,0.5072543640136719,-0.0258903927945728,0.03423767464271992,0.7258688103178281,0.6864924912240444
1785983415.134230,1.224555908203125,0.6035726928710937,0.5068085021972656,-0.026143855149280124,0.03333630470563867,0.7286557245328652,0.6835686147700933
1785983415.154248,1.22574462890625,0.6165224609375,0.5059356384277344,-0.026618012071833477,0.031452335038157656,0.734196046610838,0.677686073934632
1785983415.165927,1.226346923828125,0.6230416870117188,0.5055050354003906,-0.026863098736787966,0.030527878122749104,0.7368503898396923,0.6748317666147954
1785983415.184236,1.2274942626953125,0.6360735473632813,0.5047061767578125,-0.02695785314101526,0.029037395454586442,0.7420142384697193,0.6692122045335367
1785983415.204353,1.228609130859375,0.6491482543945313,0.5039551696777343,-0.026877451557399016,0.027684350099268156,0.7470619197489332,0.6636336737152319
1785983415.224158,1.22970703125,0.662192138671875,0.5031450805664063,-0.025780080311768618,0.026519545122564808,0.7516803921658528,0.6584896969304199
1785983415.237653,1.2302374267578124,0.6686728515625,0.5027042846679688,-0.024752743492372678,0.026010343026091363,0.7539750192273341,0.6559210645462148
1785983415.254293,1.231267822265625,0.6816936645507813,0.5019588012695313,-0.022598472643686782,0.025486603719661157,0.7584051730767899,0.6508927225762762
1785983415.264742,1.2318023681640624,0.6881527709960937,0.5015375061035157,-0.021092478926534923,0.02513986138979209,0.7604697064900341,0.6485437082152723
1785983415.275076,1.23231982421875,0.69456787109375,0.5011295776367187,-0.019564011666152764,0.024749025603782664,0.7623984655466435,0.6463383858409304
1785983415.294635,1.2333331298828125,0.70740283203125,0.50031787109375,-0.016088543138353555,0.024364111256398497,0.7661661701446376,0.6419789265608402
1785983415.304893,1.2338487548828125,0.7137938842773438,0.49991024780273435,-0.014597549867878326,0.024380013738137796,0.768017073400387,0.639798622845561
1785983415.323869,1.2347974853515624,0.7265687255859375,0.4991288146972656,-0.011441760825262272,0.02424900745459232,0.7716289220674186,0.6355075754864767
1785983415.333728,1.2352974853515626,0.7328449096679688,0.49872030639648435,-0.010056627957425492,0.02435538260388421,0.7731514279202495,0.6336738558129096
1785983415.343736,1.235791259765625,0.7391621704101563,0.49830050659179687,-0.008231062089734622,0.02470062847981979,0.7747677153172396,0.6317096625294097
1785983415.354310,1.2362735595703125,0.7454440307617187,0.497923583984375,-0.006694077635037431,0.02419798903955789,0.7763678371350049,0.6297798309124683
1785983415.364283,1.2368421630859374,0.7517592163085938,0.49758880615234374,-0.005392097958182157,0.02498372689124583,0.7775416669114733,0.6283117855206082
1785983415.375243,1.237330810546875,0.75798388671875,0.49722793579101565,-0.0039733352159972155,0.025072433771670677,0.7789132094941235,0.6266177519316884
1785983415.394363,1.238345703125,0.77035986328125,0.49644644165039065,-0.0023233984742065607,0.02554807364602872,0.7817655467513984,0.6230445491065735
1785983415.415882,1.239421630859375,0.7826310424804688,0.49572885131835936,-0.0008638250531734622,0.025995212410589493,0.7845169545452085,0.6195616779575919
1785983415.433601,1.2405262451171875,0.79478076171875,0.49495309448242186,4.2738984526664576e-05,0.02720605428860065,0.7869116455063982,0.6164656443681785
1785983415.443886,1.24105224609375,0.8007545776367188,0.4946261291503906,-0.0002069798547175138,0.027089720148394673,0.7882560770418127,0.6147507234842915
1785983415.454152,1.2416568603515625,0.8067706298828125,0.49429739379882814,0.0006955200778244758,0.027240599153052904,0.7893964607756059,0.6132786319458108
1785983415.464106,1.2422557373046874,0.812651123046875,0.4938824462890625,0.0006887778765212427,0.02749096657984561,0.790419915442079,0.6119478028288915
1785983415.474645,1.2428759765625,0.818575439453125,0.4936106262207031,0.0005968528474593127,0.027495204172452326,0.7913804548595768,0.6107050185060128
1785983415.494000,1.244169921875,0.8302733764648438,0.4929444580078125,0.0007927366833346891,0.027590822091385532,0.7932474923853109,0.608273409124872
1785983415.504335,1.2448409423828124,0.8360560302734374,0.49261846923828123,0.0005202611125341371,0.027537802473137866,0.7942874036326171,0.6069175613753246
1785983415.514189,1.245508544921875,0.8418161010742188,0.4923437194824219,0.0007209531401965886,0.027138495887946708,0.7951924596116213,0.6057490961093275
1785983415.524421,1.2462130126953126,0.8475296020507812,0.49204202270507813,0.0002668756768569614,0.027308066953689543,0.7958846326397242,0.6048320622104495
1785983415.543984,1.247654296875,0.8588336181640625,0.4914767456054687,-0.0006407644327989549,0.027169834181817083,0.7975982532631344,0.6025764787578017
1785983415.554994,1.248411376953125,0.8644229736328125,0.49121780395507814,-0.00039825731228290364,0.02665439108930219,0.7985296446668247,0.6013649331199561
1785983415.573858,1.2499881591796875,0.87548095703125,0.4906455078125,-0.001041226454957946,0.02614427143603954,0.7999637548694963,0.5994776105708638
1785983415.586136,1.250798583984375,0.880984130859375,0.4904156188964844,-0.0014665046437468642,0.025585901766227638,0.800714401822405,0.5984978080221779
1785983415.604594,1.2524259033203125,0.8917960815429687,0.48992343139648437,-0.002148957484412473,0.024786234799159465,0.8019089226069092,0.5969280406592636
1785983415.623800,1.254084228515625,0.902513916015625,0.48945245361328127,-0.0028516437863446925,0.023874532898614468,0.8030888446444149,0.5953739882926506
1785983415.633814,1.2549654541015625,0.907802734375,0.4892412109375,-0.0035688174690438243,0.02386212991437702,0.8036812508160719,0.5945706656444733
1785983415.644103,1.255825927734375,0.913037841796875,0.48901983642578123,-0.00405199312098129,0.023219542501521855,0.8040024909314655,0.5941586092321884
1785983415.663921,1.257593017578125,0.9234198608398437,0.488617919921875,-0.005099574447437592,0.021956410987543796,0.8049761385920071,0.5928788382071994
1785983415.674097,1.2584547119140626,0.928498779296875,0.48839324951171875,-0.005579745830235303,0.021670530589702013,0.8055009142972753,0.592171880672071
1785983415.684573,1.2593468017578124,0.9335712890625,0.48819488525390625,-0.006161386927400433,0.021070369839907895,0.8060269431493564,0.5914715795073905
1785983415.703950,1.26112841796875,0.943576171875,0.48788134765625,-0.006825246203867521,0.02025183412538161,0.8067551241950276,0.5904992989084538
1785983415.724697,1.2629300537109376,0.9533754272460937,0.487649658203125,-0.007555223296368197,0.018648130612438862,0.8073212449563171,0.5897690618356509
1785983415.743805,1.2647340087890624,0.962968505859375,0.4874136962890625,-0.007383319243482422,0.017508225848873463,0.8075385994419588,0.5895085740347571
1785983415.754109,1.2656287841796876,0.9677349853515625,0.487352294921875,-0.007681523201626631,0.016853296780379817,0.8076826105938514,0.5893265117367602
1785983415.764128,1.266524169921875,0.9723895263671875,0.48727581787109375,-0.007708848020505117,0.016312575663534085,0.8080114439424229,0.588890473773636
1785983415.774284,1.2674169921875,0.9770382690429688,0.48723095703125,-0.008349423783780037,0.015912188931859923,0.8078864991530229,0.5890640891177652
1785983415.795526,1.26921875,0.9861939086914062,0.4871884460449219,-0.008590525529253813,0.015121041393239072,0.8082813866120578,0.5885395321483783
1785983415.815719,1.2709359130859375,0.9951776123046875,0.48719430541992187,-0.00862038721451468,0.014927333166562202,0.8082803566547652,0.588545444076929
1785983415.825662,1.27179931640625,0.9995906982421875,0.48722149658203123,-0.008794133672798955,0.01407146367141211,0.8083332272945107,0.5884913166980675
1785983415.843731,1.2734840087890624,1.0082646484375,0.48730093383789064,-0.008861140862077947,0.01380281537567192,0.8081911097918586,0.5886918751154806
1785983415.854054,1.2742855224609375,1.0125350341796875,0.48738497924804686,-0.009202138912032736,0.013562482351791161,0.8083782602630512,0.5884351964592478
1785983415.864355,1.2751046142578124,1.0167684936523438,0.48745245361328127,-0.009405243427494986,0.013670994214504571,0.8084359933353006,0.5883501354480288
1785983415.884258,1.2767108154296876,1.025076171875,0.4876405029296875,-0.009400015158649844,0.013421623251570595,0.8082736124935724,0.5885790409329218
1785983415.895270,1.277462890625,1.0291446533203126,0.48773333740234376,-0.009023558033845417,0.012471758888176795,0.8081028426150242,0.5888402246277474
1785983415.914123,1.278951171875,1.03716357421875,0.4879765930175781,-0.009459166826340279,0.012498548956425586,0.8078437811096305,0.5891881672102854
1785983415.924075,1.279684814453125,1.0410626220703125,0.4880926818847656,-0.009709455829917727,0.012357409332007076,0.8077732786540955,0.589283791065174
1785983415.943878,1.2810389404296876,1.048763916015625,0.488413818359375,-0.009841389396435266,0.011642007368793842,0.8074286642963551,0.5897682217373911
1785983415.954205,1.281709228515625,1.052542236328125,0.4885670166015625,-0.010065213687772074,0.012025402940625842,0.8074350636070352,0.5897480084861452
1785983415.964836,1.2823665771484376,1.0562098388671874,0.4886734313964844,-0.0101504454331925,0.011121444454617997,0.8072779157468699,0.5899793582675591
1785983415.983732,1.2836060791015624,1.0635357666015626,0.4890639953613281,-0.010132251553702837,0.01085160725495283,0.8068260898603796,0.5906024436579278
1785983415.993873,1.2841785888671875,1.0670875244140625,0.4892223205566406,-0.010333394815216333,0.010162593192873107,0.8066268749120291,0.5908832548047852
1785983416.005753,1.284751953125,1.070640869140625,0.48939718627929685,-0.010981892942156403,0.010491927831482213,0.8063204301393706,0.5912839221296187
1785983416.024745,1.2858167724609375,1.07756640625,0.48976080322265625,-0.011054336873914179,0.009998297821659697,0.8057544740727524,0.5920621321540205
1785983416.035205,1.2863031005859376,1.0809334716796875,0.4899680480957031,-0.011673914740545967,0.009894808753385073,0.8055944517459612,0.5922697085687744
1785983416.054404,1.2872850341796875,1.0875634765625,0.4903751220703125,-0.012136953568100167,0.010147795832056323,0.8048967515115016,0.593203958595923
1785983416.064647,1.287716552734375,1.0907930908203125,0.490551025390625,-0.01205907782497974,0.009893548761422696,0.8046838982597333,0.5934985531883312
1785983416.084196,1.2885728759765624,1.0970850830078125,0.49101641845703126,-0.012450111588083741,0.010277671336770612,0.8041193976617942,0.5942485874257132
1785983416.094172,1.288996826171875,1.1002054443359375,0.49122381591796876,-0.012316386541573982,0.010061213428948066,0.8037369816936646,0.5947721805208729
1785983416.115474,1.2897034912109375,1.1062265625,0.4917162475585938,-0.012527263680927943,0.010346500870451693,0.8029096491123713,0.5958792879371655
1785983416.134195,1.29031005859375,1.112037353515625,0.4922298278808594,-0.012626081666000544,0.011096363905926488,0.8020813000959192,0.5969782517787313
1785983416.153845,1.2908336181640625,1.117748046875,0.49273577880859376,-0.012347219154359294,0.010936644487621437,0.8009087234928252,0.5985592272588254
1785983416.164004,1.2910360107421874,1.120486328125,0.49298495483398436,-0.012217792944360267,0.011080762736962407,0.8005563487927244,0.5990304544123074
1785983416.174429,1.2912308349609376,1.123196044921875,0.4932830200195312,-0.01321290256776473,0.01166542215582205,0.800305428593378,0.5993334480138965
1785983416.194587,1.2915848388671876,1.1285626220703124,0.49386489868164063,-0.0127781080380528,0.012257938107297344,0.7990603555844695,0.6009900106140975
1785983416.214912,1.2918624267578125,1.1337125244140625,0.4945086975097656,-0.013281311475553267,0.0129927413462175,0.7981714941889724,0.6021437314097382
1785983416.233954,1.292030517578125,1.1387081298828126,0.4951642150878906,-0.012942856745263989,0.013450222338621743,0.7969952464238224,0.6036970551004439
1785983416.243877,1.2920899658203124,1.141167724609375,0.49551953125,-0.012910972712696155,0.014134648253188654,0.7963657974568508,0.6045122220319915
1785983416.254294,1.2920655517578126,1.143571044921875,0.4958636169433594,-0.013483748629960067,0.014409491144276356,0.7962863814140598,0.604597849693522
1785983416.264633,1.292076171875,1.1458919677734376,0.4962091674804687,-0.013432176186325685,0.015147446886809537,0.7956539193096461,0.6054130774713423
1785983416.284513,1.2919967041015625,1.1504935302734376,0.4969957275390625,-0.013127666680335756,0.014686506185686286,0.7941630139373775,0.6073854318952742
1785983416.295512,1.2919381103515626,1.1527303466796874,0.49738018798828126,-0.013454387564204815,0.015254162728444072,0.7938059899527914,0.6078308421409809
1785983416.314073,1.2918143310546875,1.15711865234375,0.4982276611328125,-0.013404438048386518,0.01620655930282882,0.792408287740874,0.6096283923796424
1785983416.325041,1.2916739501953125,1.1592540283203125,0.4986046142578125,-0.012860058347457706,0.015707628193330308,0.7917324146358568,0.6105306683010531
1785983416.344425,1.2913179931640626,1.163392333984375,0.49952569580078127,-0.012906607026067706,0.016107278795796195,0.7903066606034084,0.6123637242428598
1785983416.364116,1.290963623046875,1.1674315185546875,0.5003990783691407,-0.013009051163648578,0.01585846512794318,0.7889156909264308,0.6141590045002847
1785983416.374368,1.29077099609375,1.169350830078125,0.50090087890625,-0.013056406075107935,0.016158562305330415,0.7881699166266878,0.6151069993662606
1785983416.393875,1.2902274169921875,1.1731163330078125,0.5018672485351563,-0.013095594340089651,0.015976006465878597,0.7869453515202031,0.6166768043534274
1785983416.404104,1.28995068359375,1.174962646484375,0.5023609313964844,-0.013573109249993305,0.016326170817996526,0.7860225482830903,0.6178331227495354
1785983416.414199,1.2896719970703125,1.1767403564453125,0.5028658447265625,-0.013054810355968834,0.016019135854532254,0.7851419604099839,0.6189709861199985
1785983416.425935,1.289339599609375,1.178481689453125,0.5033511962890626,-0.013191099863881109,0.015458675829360308,0.7843620178006949,0.6199703583390034
1785983416.443820,1.288617919921875,1.181848876953125,0.5044265441894531,-0.01325906436194666,0.01562785234585699,0.7828429982351306,0.6218816599896607
1785983416.454056,1.2881798095703125,1.1834322509765625,0.5049625244140625,-0.013136618076510488,0.014893761600867415,0.7816896421365483,0.6233513396104151
1785983416.464018,1.287789794921875,1.1850419921875,0.5055062255859375,-0.013598101804849822,0.014648807815809156,0.7813246437465652,0.6238047256810829
1785983416.474082,1.2873919677734376,1.186592041015625,0.5060350646972657,-0.013596806528180082,0.014855210398680145,0.7802751425847331,0.6251120913840786
1785983416.485520,1.286969482421875,1.1881060791015625,0.5065984191894531,-0.013242383813390404,0.014477956121099972,0.7796787406402045,0.6258722566539158
1785983416.504574,1.28605908203125,1.191071533203125,0.5077388305664062,-0.013492671454017245,0.014296294913236402,0.7780598549909478,0.6278824706887166
1785983416.524390,1.285088134765625,1.19389599609375,0.5089605712890625,-0.01384683368665775,0.014796119329263231,0.7764370916602933,0.6298688428645604
1785983416.534431,1.2845660400390626,1.195225830078125,0.5094882507324219,-0.014023881684404821,0.014933719510972469,0.7754166416121128,0.6311175464715852
1785983416.553859,1.283504638671875,1.19788720703125,0.5108044128417969,-0.013642254013862475,0.015085758582459943,0.7739245628502059,0.6329510854922551
1785983416.564063,1.282935791015625,1.19911962890625,0.5114411315917968,-0.013883565598050528,0.015359407587586887,0.7730699981127322,0.6339827390027988
1785983416.574321,1.28234521484375,1.2003558349609376,0.5120855102539063,-0.0144850422874424,0.015335345363668521,0.7723543945892172,0.6348414771902874
1785983416.585275,1.281744384765625,1.201536376953125,0.5127267456054687,-0.014175349036835578,0.015226961701470103,0.7714165780956361,0.6359902994980072
1785983416.604069,1.2804647216796874,1.20378955078125,0.5140480346679688,-0.014083260874835234,0.014803189676786548,0.7695884274562595,0.6382132613065549
1785983416.613942,1.2797850341796875,1.2048741455078125,0.5147636108398438,-0.014391980604576858,0.014875477153705081,0.7686278598693608,0.639361242801667
1785983416.634630,1.2784190673828124,1.2069996337890625,0.5161840209960937,-0.014576957868379281,0.014869667261196557,0.7668333807951744,0.6415083772524113
1785983416.653982,1.2769344482421876,1.2089075927734374,0.5175601196289062,-0.015062496197004362,0.01484888290953787,0.7651215956366827,0.6435383112998899
1785983416.663980,1.2761627197265626,1.209832763671875,0.5182763671875,-0.014925154021483842,0.015359421210478742,0.7642401335497606,0.6445761087008
1785983416.674020,1.2753590087890625,1.210768310546875,0.519021240234375,-0.01504283590990037,0.015361311533781924,0.7631636987221132,0.6458474360869467
1785983416.684611,1.2745479736328125,1.2116490478515625,0.5198001098632813,-0.015109677312139264,0.014893744520147646,0.7625076761941892,0.6466312270468422
1785983416.704049,1.2728671875,1.2133040771484376,0.5213028564453125,-0.015245966391070004,0.01488066575527869,0.7606929355572697,0.6487622108716004
1785983416.723656,1.2710748291015626,1.214800537109375,0.5228761596679687,-0.015304245895406953,0.014599786751162218,0.7585107865033804,0.6513171341179089
1785983416.734873,1.27016552734375,1.215537109375,0.5237025756835938,-0.014759968319467376,0.014355078185533965,0.757676148601206,0.6523058360611834
1785983416.753641,1.268222900390625,1.216806640625,0.5253306274414062,-0.014931653245318127,0.014691018576763946,0.7555161475978275,0.6547950584578857
1785983416.763873,1.2672576904296875,1.2174183349609375,0.5261500244140624,-0.014921858289709022,0.014631434085234858,0.7546107380994259,0.6558398429593185
1785983416.774271,1.266296875,1.217993896484375,0.52699609375,-0.014571765339320229,0.01484767227652448,0.7535088686007924,0.6571085173433807
1785983416.786320,1.2652659912109374,1.21851806640625,0.5279210815429688,-0.014285975092818988,0.014741901650592727,0.7525285290751473,0.658239612643355
1785983416.804254,1.263164794921875,1.2195166015625,0.52971533203125,-0.01345898392592063,0.014401838736261573,0.750375339151026,0.6607180326840667
1785983416.814210,1.2621112060546875,1.2199210205078126,0.5305756225585937,-0.013306259423799698,0.014340028430053562,0.7492927228642908,0.6619499557569622
1785983416.824324,1.261021240234375,1.2203177490234376,0.5315001220703125,-0.012940362478932346,0.014515293853745895,0.7484098973063271,0.6629513209221152
1785983416.845173,1.2587581787109374,1.22100732421875,0.5333756103515624,-0.012595040365953743,0.014290361661893227,0.74609232690788,0.6655699757546513
1785983416.855191,1.257612060546875,1.2212760009765624,0.5342809448242187,-0.012294633088168836,0.014192724311298564,0.7450345579221918,0.6667615120197519
1785983416.874077,1.2552249755859375,1.221756591796875,0.5361497802734375,-0.0117496759091052,0.014340109805941898,0.7428608656638728,0.6691890745777728
1785983416.884306,1.2540015869140626,1.221926025390625,0.5371395263671875,-0.011553878294391686,0.014284268768707071,0.741678125856538,0.6705043029248833
1785983416.904735,1.2515238037109375,1.22219189453125,0.5391011962890625,-0.011489205179275928,0.014561967812792202,0.7395607183625241,0.6728342245052285
1785983416.914858,1.250254638671875,1.2222447509765626,0.5400597534179687,-0.010860983859446352,0.015146700835001838,0.7384096180077586,0.6740948494703323
1785983416.924783,1.2489486083984376,1.22226513671875,0.5410194091796875,-0.01097564536079511,0.014788442536588113,0.7372831272801912,0.6753328260573792
1785983416.944498,1.2462750244140626,1.222175537109375,0.543041015625,-0.010472546996559116,0.01507034269704936,0.7350235203117015,0.6777932075557448
1785983416.955230,1.244927490234375,1.222107421875,0.544056396484375,-0.010795154086032321,0.014920656368435427,0.7338473986444094,0.6790646584977253
1785983416.974395,1.2421883544921875,1.2218189697265625,0.54606103515625,-0.009783651177844195,0.015163930132255135,0.7313765396327543,0.6817350581756454
1785983416.993877,1.2393389892578126,1.2213839111328124,0.5481173095703125,-0.01008067576385612,0.01538499158618238,0.729118676496189,0.6841400552084905
1785983417.004238,1.2379283447265625,1.2211524658203126,0.5491846923828125,-0.00992472219273889,0.015728603956795744,0.727784171095633,0.6855540302370533
1785983417.024636,1.23497412109375,1.220489990234375,0.551220703125,-0.009527240275342887,0.016116508659352356,0.7252340030059096,0.6882478652038767
1785983417.043877,1.2319488525390625,1.219713134765625,0.553381591796875,-0.009073092407646881,0.015690229582049468,0.7225260379919013,0.6911060879181922
1785983417.054768,1.230446533203125,1.219284423828125,0.5544642333984375,-0.009148164010046412,0.016202610840263067,0.7211359452782043,0.6925436567495922
1785983417.075197,1.227323486328125,1.2183037109375,0.5566325073242188,-0.009458757594677498,0.016268697266463777,0.7186544986688842,0.695112642352129
1785983417.095086,1.2241378173828126,1.2171402587890625,0.5587927856445313,-0.0093120530375471,0.016035044874761123,0.7157184787536737,0.6981426841688995
1785983417.106260,1.222504638671875,1.216535888671875,0.5599417114257812,-0.009392316569143338,0.01659413352736525,0.7144159293086026,0.6994614299872095
1785983417.125207,1.2192135009765626,1.2152308349609375,0.5621836547851562,-0.009193815900952206,0.016740609721175758,0.7116954670011292,0.7022284462498684
1785983417.145365,1.2158660888671875,1.21372314453125,0.5644140625,-0.009738382915361714,0.016970259332058483,0.70897552740238,0.7049616153712408
1785983417.157657,1.214122314453125,1.2129547119140625,0.56556884765625,-0.009965830322801383,0.016648686279705022,0.7074084564434743,0.7065385798655415
1785983417.174039,1.210671875,1.2112974853515626,0.5679163818359375,-0.009921372852755374,0.01676123818074072,0.7047305341265844,0.7092076622692575
1785983417.184347,1.2089041748046876,1.2103734130859376,0.569008544921875,-0.010239083116418727,0.01724778869456527,0.7035012414613155,0.7104109178620865
1785983417.195329,1.2070897216796874,1.209473388671875,0.5701439208984375,-0.009631765458732315,0.016664453749987405,0.7015981974175666,0.712312782774786
1785983417.214173,1.203434326171875,1.20755078125,0.572509521484375,-0.010243626571927,0.01722690450121539,0.698723604844966,0.7151109099793714
1785983417.225196,1.2016131591796875,1.206573974609375,0.5737039184570313,-0.010729304921083462,0.017511736851134285,0.6971769992486135,0.7166048164221019
1785983417.243857,1.1978067626953126,1.2044991455078125,0.5759812622070313,-0.01159568249439361,0.017604410118015727,0.6942092645221015,0.7194644607305821
1785983417.253874,1.195861328125,1.2034228515625,0.5771172485351562,-0.011774703415011729,0.01756378238881363,0.6924960907737421,0.7211116715701487
1785983417.264390,1.1938607177734375,1.2022957763671875,0.5783098754882813,-0.012093627549779454,0.0180699762645848,0.6910448399907692,0.7224847828574678
1785983417.285154,1.189873779296875,1.200121826171875,0.5806350708007812,-0.012507784965522342,0.01911058333703095,0.687935841879972,0.7254120334656314
1785983417.305682,1.1858267822265625,1.1977989501953126,0.5828759765625,-0.01319497697379001,0.01950374506795918,0.6846813034602807,0.7284620792050265
1785983417.324477,1.18166552734375,1.1954991455078126,0.5851141967773438,-0.014357096897011925,0.01952924618605914,0.681184550373113,0.7317103782922687
1785983417.335307,1.1796033935546875,1.1943939208984375,0.5862891235351563,-0.014264621315022968,0.020123299154340968,0.6792694159527674,0.7334743630617565
1785983417.345924,1.1775008544921874,1.1932230224609375,0.5874343872070312,-0.014579467424097933,0.02017895942767763,0.6776762313720941,0.7349388869417101
1785983417.356345,1.17535888671875,1.1920810546875,0.5885376586914063,-0.01508224702121954,0.020576759406839184,0.6761775575179307,0.7362968276275833
1785983417.368183,1.17323095703125,1.190900390625,0.589646484375,-0.01497482609501801,0.02078739841255433,0.6744768323918443,0.7378513583210724
1785983417.384070,1.1689031982421876,1.188602783203125,0.5919043579101563,-0.01540670623712466,0.021238017912079767,0.6711361298926601,0.7408696734706124
1785983417.395066,1.16671923828125,1.187420166015625,0.5930435180664062,-0.015032571808184693,0.020803879349022607,0.6695053534064421,0.7423636603851864
1785983417.415787,1.1622286376953126,1.1850859375,0.5952648315429687,-0.014807275426671332,0.021080441137653415,0.6659214523789884,0.7455769404141627
1785983417.434202,1.1576470947265625,1.1827060546875,0.5974892578125,-0.014498523722841742,0.02070122005170299,0.6625768027704296,0.7485674411308505
1785983417.444515,1.1553184814453126,1.181560791015625,0.59858935546875,-0.014268304185483749,0.020321692871894535,0.6608035853322931,0.7501480309112206
1785983417.454908,1.1529403076171876,1.180411865234375,0.5996951904296876,-0.014073121691960238,0.019902551203484165,0.6589305520659814,0.7518087347538732
1785983417.465957,1.1505423583984375,1.1792083740234376,0.6007611694335937,-0.014019919431396284,0.019679781648779805,0.6576412678377919,0.7529436374861272
1785983417.484315,1.145732666015625,1.1768564453125,0.6029689331054687,-0.013565668913626606,0.01913253153989356,0.6540297505602435,0.756105161227196
1785983417.494344,1.1432564697265626,1.17566064453125,0.6040100708007813,-0.013539219770048128,0.018494820489018123,0.6520387739919076,0.7578390746028849
1785983417.505612,1.1408182373046876,1.1745137939453125,0.6051072387695312,-0.013093071634631243,0.018270309236370318,0.6503147652244989,0.759332253779659
1785983417.524768,1.13583251953125,1.1721451416015625,0.6072904663085937,-0.013028424068537768,0.017433283199364744,0.6471553807622494,0.7620474057443376
1785983417.544307,1.1308154296875,1.16981005859375,0.609437744140625,-0.012662240060614616,0.017439575598443766,0.6437452122485121,0.7649363539631285
1785983417.554326,1.128244873046875,1.1686146240234374,0.6105753173828125,-0.01261287087982379,0.017028420909591425,0.6421085144943737,0.7663208198374178
1785983417.564317,1.12564501953125,1.1674071044921874,0.6116732788085938,-0.01207711902230718,0.017322053906561826,0.6402776789146075,0.7678532337924079
1785983417.576180,1.1230728759765625,1.1662103271484374,0.6127877197265625,-0.011913304120654047,0.01672257646441233,0.6385044015983792,0.7693442393366091
1785983417.595350,1.1178572998046874,1.1638140869140625,0.6150692749023438,-0.01116048932933808,0.017433996880661582,0.6349866031825037,0.7722457629453717
1785983417.614023,1.1125147705078124,1.161302978515625,0.6173546752929687,-0.0109632132648668,0.017346068516796605,0.631339301677578,0.7752351965415021
1785983417.624003,1.1098306884765625,1.1600364990234375,0.6185371704101562,-0.010428059593451021,0.017505213696816783,0.6296153152121561,0.7766398065184917
1785983417.635864,1.107140380859375,1.1588062744140626,0.619698486328125,-0.009898004654848386,0.018000459083990998,0.6278612521200662,0.7780541571575014
1785983417.646386,1.1044375,1.157535888671875,0.6209222412109375,-0.0095494352869643,0.0183400407267861,0.6261719926783488,0.7794107315718036
1785983417.663835,1.0989915771484375,1.1549990234375,0.6233496704101562,-0.008479457419746046,0.0186858308502952,0.6224821901865513,0.7823649199539303
1785983417.673883,1.096250732421875,1.1537579345703124,0.6246182250976563,-0.008354993184627894,0.01888751646658566,0.6207563718055106,0.7837314369697056
1785983417.683946,1.0937169189453124,1.1520911865234376,0.6259867553710937,-0.004817227458301003,0.018544158479803785,0.6197150523988707,0.7845929886815036
1785983417.694256,1.090890380859375,1.150858642578125,0.6272315063476562,-0.0054354144717798005,0.01864563404656592,0.6178821807394784,0.7860308018242803
1785983417.705741,1.088031494140625,1.149523193359375,0.6285770874023437,-0.005770409181130529,0.018849658716115655,0.6162003442886639,0.7873426995532521
1785983417.724194,1.08240234375,1.1467352294921875,0.631272216796875,-0.0047833695995942145,0.018580129559302057,0.6126329492178522,0.7901346528419132
1785983417.734379,1.07951025390625,1.1454112548828126,0.6326130981445313,-0.004854949324646363,0.01852131767705392,0.6110569782335307,0.7913550178612299
1785983417.744405,1.07660693359375,1.1440013427734375,0.6339522094726563,-0.0045963651937164585,0.018625420835600866,0.6092632259367724,0.7927359394265946
1785983417.763498,1.070671142578125,1.1411697998046875,0.6367596435546875,-0.004111984818976102,0.01852546852473448,0.6056388613657089,0.7955133360650598
1785983417.773711,1.06768505859375,1.1396949462890624,0.63817236328125,-0.0038397454161675153,0.018127723058598093,0.6039509185766261,0.7968060800256485
1785983417.784616,1.064703125,1.138238037109375,0.6395956420898438,-0.003831626725077942,0.017981061435428273,0.6022444158502124,0.7981000347609203
1785983417.794562,1.061669921875,1.1367396240234375,0.6409784545898437,-0.0038707937778112837,0.017120024863291592,0.600444416396176,0.7994738536165287
1785983417.805687,1.0586175537109375,1.135214111328125,0.642426513671875,-0.003660219851018029,0.017047064630412737,0.5985401578236348,0.8009030458821665
1785983417.823891,1.0524521484375,1.1321412353515625,0.6452872314453125,-0.003091516264709631,0.016077324251975007,0.594714539164961,0.8037702323019342
1785983417.834347,1.0492962646484374,1.1305992431640626,0.6467197875976562,-0.0036396738254124337,0.01595217060021248,0.5929845672160744,0.8050475657519915
1785983417.845055,1.04614501953125,1.1290045166015625,0.64814501953125,-0.003026088762260886,0.015280550347540927,0.5908037819720796,0.8066648844472321
1785983417.863805,1.0397867431640626,1.1256856689453125,0.6510728759765625,-0.0027599722977576153,0.015407188394382659,0.5869696593172631,0.8094576077299839
1785983417.873742,1.0365660400390626,1.1239273681640625,0.6525706176757813,-0.0021198830803932983,0.01489879870544599,0.5852235310615694,0.8107323491789121
1785983417.884154,1.033280517578125,1.122344970703125,0.654030517578125,-0.0027987149135551945,0.015223464401761254,0.5831960636251469,0.8121839467976701
1785983417.894169,1.0300958251953125,1.1205382080078126,0.65550146484375,-0.001376399499225553,0.015096672135692652,0.5814863793291674,0.813414888459707
1785983417.915581,1.0235975341796875,1.1169197998046876,0.6585733642578125,0.0002965484976136111,0.014908107082938403,0.5779344253790065,0.8159469745440927
1785983417.933852,1.0170262451171874,1.1131507568359376,0.6616923828125,0.0020293276731561745,0.01474107727084117,0.573788858297202,0.8188680783877326
1785983417.944928,1.0135912475585938,1.1113680419921874,0.6631871337890625,0.0010445292257590772,0.01588043849006828,0.5718192519144748,0.8202252523254832
1785983417.963670,1.0069132690429687,1.10721240234375,0.66636767578125,0.004772190717879026,0.015759785821054747,0.5677051833202162,0.8230672449054394
1785983417.974067,1.0034423828125,1.10540673828125,0.6678819580078125,0.0035034407588263477,0.015976997369165944,0.5658931134815346,0.8243163579844296
1785983417.995135,0.9965900268554687,1.1012025146484374,0.6710454711914062,0.005552968382197139,0.016418254388298564,0.5618628774148652,0.8270487989923728
1785983418.006129,0.993007080078125,1.099251220703125,0.6726026611328125,0.004621549789438919,0.01689646445814957,0.5595590636554699,0.8286053326146268
1785983418.023785,0.9859518432617187,1.0950228271484375,0.6757818603515625,0.005251727425901771,0.0175250719497328,0.5558054506717925,0.831111058834684
1785983418.034089,0.9824140625,1.09283251953125,0.6773436279296875,0.005099506234651882,0.017369835121369356,0.5536840403921721,0.8325300467713598
1785983418.043981,0.9788885498046875,1.0905794677734375,0.678988037109375,0.006305421279143373,0.017925066402895113,0.5514890006728006,0.8339657256567253
1785983418.054013,0.97526171875,1.0883985595703125,0.6805599975585938,0.005900260620600155,0.01816283640701401,0.5495924698215663,0.8352145874945073
1785983418.074248,0.9680015869140625,1.0838753662109375,0.68373876953125,0.005265508510196641,0.019036226769696823,0.5456096525669397,0.8378066529920475
1785983418.084816,0.9644100952148438,1.0814803466796874,0.6854182739257813,0.006729806783378062,0.019035854381322572,0.5431745388579697,0.8393770118598375
1785983418.094871,0.9607600708007813,1.07913037109375,0.6870225830078125,0.006604115191356614,0.019684228934836553,0.5412578562330949,0.8406002806818927
1785983418.106575,0.9571009521484375,1.0767418212890625,0.6886611328125,0.00748476362169944,0.01982003528618951,0.5391977362136519,0.8419126754025067
1785983418.118443,0.95344921875,1.07433203125,0.6903202514648438,0.006977603295522241,0.02061012441360911,0.5373109299724702,0.8431035011002194
1785983418.134128,0.9460385131835938,1.069498291015625,0.6936421508789062,0.006875302139765189,0.0207607707020186,0.5332303366069581,0.8456873815185563
1785983418.146137,0.9423590698242188,1.0669140625,0.6953468627929688,0.00798053178005131,0.02096590673682684,0.5312027871671664,0.8469476550773359
1785983418.164237,0.9349360961914063,1.06175439453125,0.6986651000976563,0.008190441480936539,0.022010205793442882,0.527072674750877,0.8494956587183189
1785983418.186227,0.927470458984375,1.056466064453125,0.7020670166015625,0.008464837799454632,0.022472003068162508,0.5229768282578674,0.8520085627635977
1785983418.206289,0.9200175170898437,1.0509730224609375,0.7054790649414062,0.010466028437516919,0.022713690362440985,0.5185680630542723,0.8546705179776443
1785983418.223755,0.9124288940429688,1.0456204833984375,0.70882177734375,0.009518423277812924,0.023822577447004667,0.5148195236436051,0.8569146700342757
1785983418.234374,0.9087462768554687,1.042636474609375,0.7105692749023438,0.011203851619906703,0.02420569060148324,0.5128459270673957,0.8580662037765809
1785983418.253887,0.9011801147460937,1.0370767822265625,0.7139102783203125,0.010267630305201498,0.02526669035075556,0.5084763744771901,0.8606439065622555
1785983418.264395,0.8975028076171875,1.0339913330078125,0.715673828125,0.01249852400485906,0.025688025264030023,0.5064604409739215,0.8617898391216482
1785983418.274430,0.8936884765625,1.031102294921875,0.7173049926757813,0.01222303508936735,0.026427967785736927,0.5042163458161313,0.8630863461619729
1785983418.294008,0.886169921875,1.0251318359375,0.7207337646484375,0.013051153107394275,0.02709577646619732,0.49983367446430427,0.8655990882465714
1785983418.304223,0.8824019775390625,1.0221161499023437,0.7224754638671875,0.013318736132169367,0.026953566388036622,0.49781645696656884,0.866761145729953
1785983418.313995,0.8785946655273438,1.01907470703125,0.7241560668945313,0.012973446783956963,0.02703743507164724,0.49571433548728294,0.8679677185546899
1785983418.334905,0.8710293579101562,1.0128534545898438,0.7275880737304687,0.013643516808813979,0.02741914873614988,0.4912002781872372,0.870508082618526
1785983418.353858,0.863443359375,1.0065661010742188,0.7309994506835937,0.01362954481559512,0.027343521421923922,0.4867724283766503,0.8729943637289074
1785983418.365516,0.8596246337890625,1.0033602905273438,0.7326305541992187,0.014457579237731494,0.026078869735880788,0.48398002376049276,0.8745708690513583
1785983418.384286,0.8517966918945312,0.9974677734375,0.73576708984375,0.008770293998902601,0.027276986296722663,0.47929492366279297,0.8771860879493277
1785983418.394631,0.8480165405273438,0.9941823120117188,0.7374456787109375,0.008465750956924763,0.02670467489845997,0.4774194108753128,0.8782288377939419
1785983418.405010,0.844201416015625,0.990859375,0.739089111328125,0.008644745723991378,0.026828856579088633,0.47470164752726585,0.8796953007841727
1785983418.424773,0.83664404296875,0.9841806640625,0.7422655029296875,0.007728758311596062,0.027044925038728008,0.47087159845171034,0.8817532438283966
1785983418.434653,0.8327803955078125,0.9809606323242187,0.7438456420898437,0.005769160278100386,0.027523573937942837,0.46862189789250336,0.882951117916513
1785983418.446166,0.8289885864257812,0.9775508422851562,0.74543896484375,0.0063424406493470895,0.027503995346634797,0.4661953053431206,0.8842314398071195
1785983418.465188,0.8214238891601563,0.9707467651367188,0.748603759765625,0.005184644975538797,0.028008727383956777,0.4617727752393808,0.886540768948319
1785983418.484370,0.813941650390625,0.9637461547851562,0.7518005981445313,0.005009884682197293,0.02909531623447472,0.4580404896209382,0.8884409342406588
1785983418.504897,0.8063298950195312,0.9568472290039063,0.7549249267578125,0.0036372146242927405,0.030070898795526744,0.45354259793862384,0.8907197098818667
1785983418.524801,0.7989365234375,0.9496299438476562,0.7581009521484375,0.004421208035858725,0.03176216813193505,0.4495617258030514,0.8926734456055861
1785983418.535727,0.7949253540039063,0.9464603271484375,0.7595386352539063,0.0005512426538364253,0.03152886506825396,0.44760826999296144,0.893673573073908
1785983418.554397,0.78761376953125,0.9390380249023438,0.7627208862304687,0.0035026799398988765,0.032811453301791124,0.443588442399645,0.8956229282549517
1785983418.564347,0.783775390625,0.9356340942382813,0.7642103881835938,0.0021530170608508787,0.03360844789524565,0.44106050674796443,0.8968452857408548
1785983418.583918,0.7763204956054688,0.9285303344726562,0.7673532104492188,0.001510270027897879,0.03417946122677686,0.43701751555184076,0.8988020862055378
1785983418.594027,0.7725564575195313,0.9250220947265625,0.7689205322265625,0.0012755167042844838,0.03481195362702994,0.43508815449101007,0.899713729325005
1785983418.604240,0.7688296508789062,0.921463623046875,0.7704458618164063,0.0010330253562623798,0.03545918080520404,0.43241598238944495,0.900976127196049
1785983418.614290,0.765156982421875,0.9178668212890625,0.7720451049804687,0.001290057105961113,0.03670452841514907,0.43000344031832455,0.9020799028156647
1785983418.634079,0.7578042602539062,0.9107952270507812,0.7751530151367187,0.00042061398396405105,0.037581040022386464,0.4262496703764931,0.9038244871517558
1785983418.644219,0.75423681640625,0.9070989379882812,0.7768055419921875,0.0021245160372772793,0.03827345469912728,0.4238602599630193,0.9049160693302766
1785983418.654349,0.75075537109375,0.9031844482421875,0.7784326782226563,0.004343601347890212,0.039559262096578805,0.42198058182787995,0.9057309703286134
1785983418.674172,0.7435525512695312,0.8960819091796876,0.7816168823242188,0.0038749082000381838,0.04022839905110795,0.4179874206151331,0.9075534096283527
1785983418.684075,0.7400023193359375,0.8925458374023437,0.7832542724609375,0.0037432298525648276,0.040881159176083044,0.4159085806388465,0.9084793655149532
1785983418.694221,0.73642822265625,0.8890109252929688,0.784852783203125,0.00393305224692796,0.04173589415725904,0.4134429990530333,0.9095644766579589
1785983418.704165,0.73299609375,0.8853501586914062,0.7864598388671875,0.003847757674263432,0.041005312474682164,0.4123904433808575,0.9100757612403512
1785983418.724519,0.7260698852539063,0.8782750854492187,0.78969482421875,0.0036000251889567454,0.0411289991303902,0.4084173550509032,0.9118611245018032
1785983418.734406,0.7226806640625,0.874714111328125,0.7914274291992187,0.003920212052817206,0.041884180878962285,0.40636425988869224,0.9127422563140264
1785983418.754060,0.7157915649414063,0.8677308959960938,0.7947804565429688,0.0035534571480726604,0.04189201381221315,0.40163269711304095,0.9148352934514088
1785983418.764228,0.7124133911132813,0.864299072265625,0.7964484252929688,0.0033702456636936127,0.041820890454177785,0.3993658235429113,0.9158310938172268
1785983418.783957,0.705846435546875,0.8570548706054687,0.7996409301757812,0.00492704743937555,0.04258717772391988,0.39561311634560087,0.9174161099715105
1785983418.794110,0.7025593872070313,0.8536113891601562,0.8012869873046875,0.005534261821396079,0.042158851515381124,0.3931776565104964,0.9184788199907117
1785983418.804481,0.699273681640625,0.8501162719726563,0.8029443359375,0.005947053959861629,0.042296767005695374,0.39064984051709806,0.9195478857540151
1785983418.814940,0.6960462036132813,0.8466168212890625,0.8046119384765625,0.006755910204055852,0.04226793211014197,0.38842465265464626,0.9204857833107384
1785983418.835777,0.6896951904296875,0.8396951293945313,0.8079879150390625,0.006604822147499961,0.04237354725274824,0.3849471255170644,0.9219417467038251
1785983418.854352,0.6829598999023437,0.8336289672851562,0.8116949462890625,-0.00045525320964080995,0.04140025233075261,0.38020539766850264,0.9239749267590481
1785983418.864253,0.6798114624023438,0.830233154296875,0.8134283447265624,-0.0005662893849934161,0.04138171025636609,0.3777627318745561,0.9249770538602768
1785983418.884352,0.673630615234375,0.8234998779296875,0.8169149780273437,0.00016262182279611488,0.04050362950980853,0.3733024078608558,0.9268250918311483
1785983418.904105,0.6674544677734375,0.8166882934570312,0.8204173583984375,0.0004906914843301725,0.039008024249887835,0.368794367406724,0.9286920042143743
1785983418.914178,0.6644253540039062,0.8132920532226563,0.8221923828125,0.0007555074110889567,0.038921931067808856,0.3662503627309117,0.9297016687675895
1785983418.934222,0.658351806640625,0.8065277709960937,0.8257021484375,0.0011790467046362031,0.03731880262063411,0.3616924593023984,0.9315495076596354
1785983418.945270,0.65535205078125,0.8032001953125,0.827464599609375,0.0012740233846569174,0.036645640588677746,0.3590600383547175,0.9325938836027222
1785983418.964516,0.6494468383789063,0.7964324340820312,0.8310159912109375,0.0018151503262147822,0.0358651732642856,0.3549936152982101,0.9341787396872193
1785983418.985724,0.6435656127929688,0.7897250366210937,0.8346099853515625,0.0019908822505379687,0.03483395364157114,0.35038792067720814,0.9359545526240647
1785983419.006486,0.6378533935546875,0.7831401977539062,0.8381569213867187,0.0026094842151658097,0.03341203066347283,0.34499803197335693,0.9380048981703383
1785983419.025967,0.6321064453125,0.7764448852539062,0.8417216796875,0.0033690244911049015,0.03297993363939922,0.3399280290230447,0.939866964191452
1785983419.045713,0.62635302734375,0.76976953125,0.8452816772460937,0.002927583866554213,0.032529534737775076,0.335474196933334,0.9414830473286747
1785983419.065274,0.6207059326171875,0.763097412109375,0.8487810668945313,0.0026698140188819355,0.03219669938727064,0.3307353731262673,0.9431703745428734
1785983419.075371,0.61785888671875,0.759773681640625,0.8505335693359375,0.002251466355693242,0.03240939077647627,0.32842116365360546,0.9439725127228983
1785983419.094706,0.6121942138671875,0.7531959838867187,0.8540584716796875,0.0015349999773377548,0.03155263309585047,0.3234643803409628,0.9457128874862976
1785983419.114239,0.6065486450195312,0.7466788940429687,0.8575508422851562,0.00022405312171216047,0.03120735639823765,0.3189091731342842,0.9472713430959624
1785983419.124591,0.6036835327148438,0.7434232177734375,0.8593085327148438,-0.0005361829396464848,0.031059862950293237,0.3164203883596156,0.9481102943034352
1785983419.135022,0.6008649291992187,0.7401947631835938,0.861069091796875,-0.0009797974642458815,0.030780286926592994,0.3141633849214805,0.9488693112150183
1785983419.145503,0.5980379638671875,0.7369977416992187,0.862795166015625,-0.0020548454898847938,0.030282962378303694,0.31179610727659535,0.949664101696824
1785983419.163968,0.5923294677734375,0.7306215209960938,0.8663365478515626,-0.003696553422275456,0.029546339777612275,0.3072891128444524,0.9511502320257494
1785983419.174607,0.5894893188476562,0.7274583129882812,0.8681082763671875,-0.004501152374914939,0.02909838011643664,0.30531650126328,0.951795588917299
1785983419.193864,0.583758544921875,0.7212239990234375,0.8716046142578125,-0.005722135700851797,0.02825147842044505,0.30092789858928176,0.9532111551087087
1785983419.204177,0.5808836059570313,0.7181487426757812,0.8733506469726563,-0.006132123904852727,0.028491421122848,0.2988356902992103,0.953859452732913
1785983419.214491,0.577999267578125,0.7150308837890625,0.87504150390625,-0.006191510320365528,0.02827741646693907,0.29643625797498985,0.9546138438454161
1785983419.234236,0.5722211303710938,0.7088994750976563,0.8785791015625,-0.006731436578554009,0.028644419822671883,0.29171420107637663,0.9560528249595821
1785983419.244593,0.5693179931640625,0.7058704833984375,0.8803057250976563,-0.006831770978758639,0.02822379157104481,0.2894773340306246,0.9567442794600876
1785983419.255670,0.566421142578125,0.7028461303710938,0.8820333862304688,-0.007141366836404598,0.028560923434230494,0.2871871293976045,0.9574219665153768
1785983419.274110,0.56056494140625,0.6968961791992188,0.8854696044921875,-0.006365264250993025,0.02791794384074241,0.282712934342446,0.958777069246803
1785983419.284565,0.5576441040039063,0.6939542846679687,0.8871993408203125,-0.0064184537415794204,0.028554531352820264,0.2801839572951528,0.9595000750868163
1785983419.304116,0.5517232666015625,0.6881056518554688,0.8906552734375,-0.005532006531265854,0.028472216163136298,0.2756033084856369,0.9608337765050519
1785983419.314002,0.5487765502929688,0.685259033203125,0.89238916015625,-0.0055561151018557655,0.02879601805560616,0.27322445656831146,0.9615031492644901
1785983419.324200,0.5457804565429687,0.6824345703125,0.8941167602539063,-0.005238940750834842,0.029396553712295295,0.27087502332675173,0.9621512957975704
1785983419.334147,0.542803955078125,0.6795784912109375,0.8958308715820312,-0.004847411937264819,0.029687809026975466,0.26886113281098795,0.9627091118691709
1785983419.354322,0.5368182373046875,0.6740337524414063,0.8992725830078125,-0.00444189222418486,0.02915592014946802,0.264392574496191,0.9639640844429248
1785983419.364592,0.533814453125,0.6713231201171875,0.9009915161132812,-0.0043817170838668,0.02876596493341813,0.2618144762616828,0.9646794800939368
1785983419.384365,0.5276707153320312,0.6659903564453125,0.904371826171875,-0.0026136204327573452,0.02878489609603036,0.2571661627527689,0.9659348623387223
1785983419.404185,0.52169287109375,0.660648681640625,0.9077993774414063,-0.0021178635218797397,0.028930802946058935,0.25298366498218744,0.9670355685185873
1785983419.414345,0.5187041625976563,0.6580261840820313,0.90952880859375,-0.0016792310966838382,0.029134954748133858,0.25089055783757674,0.9675754610224409
1785983419.434461,0.5126859741210937,0.6528916015625,0.9129446411132812,-0.0012817290082182775,0.029135859458395388,0.24633185026059576,0.9687466544431937
1785983419.454767,0.5066959533691406,0.6477574462890625,0.9163579711914063,0.00021144598230514206,0.02940726126969432,0.24198687951528308,0.9698337599404365
1785983419.474323,0.5007410888671875,0.6427283935546875,0.9197913208007813,0.0008997854739205695,0.028997401843166,0.23735220326397422,0.9709903591415977
1785983419.484565,0.49774151611328127,0.6402631225585937,0.92149462890625,0.001089736443262517,0.02881532876313996,0.2352521563740389,0.9715065193183308
1785983419.494657,0.49476138305664064,0.6377978515625,0.9231748046875,0.001938074681733717,0.02883209425211307,0.23307418704536143,0.97202951852693
1785983419.514332,0.48875091552734373,0.632901611328125,0.9264244995117188,0.0022379210168065006,0.030608030326631248,0.22960140933760906,0.9728007611388402
1785983419.524694,0.4857694396972656,0.6304672241210938,0.9281181030273438,0.002858377788809826,0.030533646445575165,0.22735996725259647,0.9733277879000684
1785983419.544374,0.4797929992675781,0.6256644287109375,0.9313900756835938,0.003766077342163251,0.031109641576083744,0.2236220222273172,0.9741720621260354
1785983419.554294,0.476817626953125,0.6232872314453125,0.9330382690429687,0.0045641133598538376,0.030935535281751973,0.22165630787111398,0.9746233340928333
1785983419.564142,0.4738250732421875,0.6208970947265625,0.9346883544921875,0.005316687478426085,0.031233753308232227,0.21979733480062208,0.9750309340142489
1785983419.574322,0.47086593627929685,0.6185752563476562,0.9362955932617187,0.005717164009939179,0.0315545373385544,0.2178759437413398,0.9754494847514477
1785983419.593905,0.4649603271484375,0.6138942260742187,0.93960107421875,0.006437387543696543,0.03131288768654412,0.21404862228729118,0.9762997693454728
1785983419.604455,0.4619093322753906,0.6116255493164062,0.94117236328125,0.008434861199861018,0.03143381512172945,0.2115978563436853,0.9768147791204286
1785983419.624200,0.45599868774414065,0.6069998168945312,0.9444518432617187,0.009400450596488745,0.031124633471237888,0.20735636839832128,0.9777250236890074
1785983419.634347,0.453048583984375,0.6046547241210938,0.9460632934570312,0.010000976449235248,0.03102761389464879,0.2057401324565851,0.9780635284266311
1785983419.654636,0.4470902709960938,0.600032470703125,0.9493783569335937,0.01083945050354791,0.03113419343537004,0.2019468993771055,0.9788414646761745
1785983419.674150,0.4411263427734375,0.5953850708007813,0.9526329956054688,0.011892919697108286,0.030046936643285522,0.1981177445381737,0.9796453947543788
1785983419.684232,0.4381615905761719,0.5930938110351562,0.95427099609375,0.012589325458025692,0.029311999493671703,0.19634538517888167,0.9800157146264362
1785983419.694927,0.4351522521972656,0.5907855834960938,0.9559385986328125,0.012153620796072224,0.029244753349345398,0.19422768893197842,0.9804451244289049
1785983419.714430,0.4292099914550781,0.5861754760742187,0.9592161865234375,0.012677963595654644,0.02945122123765514,0.19041639906570704,0.981179652152474
1785983419.724412,0.4262259216308594,0.58386181640625,0.9608590698242188,0.012705085447701166,0.029413258578527786,0.1890830755663778,0.9814382448463842
1785983419.744009,0.42031039428710937,0.57918359375,0.9641068115234375,0.013770903475045388,0.02914324472852935,0.1852402768036937,0.9821644819343665
1785983419.754025,0.41729629516601563,0.5768923950195313,0.9657542724609375,0.014149939539193397,0.029117996105841024,0.18334618651531925,0.9825151903492413
1785983419.764179,0.41434149169921874,0.5745670776367188,0.9673695068359375,0.014369087318345767,0.028567637347015427,0.18154308173898645,0.9828629309446775
1785983419.774331,0.4113959045410156,0.5722259521484375,0.9690142822265625,0.014289849442368661,0.02900015985598787,0.17962005849626134,0.9832046681552276
1785983419.793847,0.40547067260742187,0.56757080078125,0.9722001342773438,0.015491300132396723,0.029414387057477724,0.1758268745858872,0.9838596008955782
1785983419.803957,0.40254458618164063,0.5652530517578125,0.9738546142578125,0.01531381400620205,0.030407243672173546,0.17404418647392708,0.9841491349268656
1785983419.815014,0.3996411743164062,0.5628701782226563,0.9754932861328125,0.015929613144443983,0.030422921189326196,0.17217674010255085,0.9844672977228645
1785983419.834533,0.3938314514160156,0.5581810302734375,0.9786853637695313,0.016316473043432856,0.0318386025045503,0.16850440089513768,0.9850514373564725
1785983419.854306,0.38804226684570314,0.553486572265625,0.9818610229492187,0.016393719168756954,0.03300004269032798,0.16494943268681275,0.9856134828367513
1785983419.864330,0.38518731689453123,0.5511206665039062,0.9834653930664062,0.01655520045955086,0.033376567866292686,0.16370263566772394,0.9858059473431219
1785983419.884587,0.3794725036621094,0.5464519653320312,0.9865646362304688,0.016907120432345647,0.03469061765103034,0.1593129385607801,0.9864735637739124
1785983419.904309,0.373822509765625,0.5417206420898437,0.9896821899414062,0.01605233222368581,0.034820083651668866,0.15548776123515537,0.9870934265080152
1785983419.924682,0.36821072387695314,0.5369673461914063,0.9927171020507812,0.01523125945671527,0.035526932867567265,0.1523805119924385,0.9875657126135013
1785983419.944617,0.362689697265625,0.5321691284179687,0.995694580078125,0.014580119727809922,0.03599013532597193,0.14913677643917203,0.9880538196248781
1785983419.955641,0.35993212890625,0.5297860717773437,0.9971976928710937,0.014371784902542024,0.03590468983293589,0.14759488418530264,0.9882914802715353
1785983419.973774,0.35436904907226563,0.5249992065429687,1.0001071166992188,0.01418856345312496,0.03538432692510238,0.14382091523497748,0.9888691416357006
1785983419.983987,0.35164761352539065,0.5225662231445313,1.0015745239257812,0.013709395340042197,0.03501990534863788,0.14217079541091612,0.9891274564966354
1785983419.994490,0.3489195251464844,0.5200877685546875,1.0029910278320313,0.014056526960160205,0.0346795119298544,0.1405459713545488,0.9893667569663513
1785983420.014053,0.34350701904296876,0.5151862182617187,1.0058363647460937,0.014043056506465947,0.034049595718364106,0.13749761286392626,0.9898170630177676
1785983420.024162,0.3408237609863281,0.5126857299804688,1.0072783203125,0.014150016676441765,0.03374825959444548,0.13594154101132663,0.9900407695924871
1785983420.034383,0.3381890563964844,0.5102166748046875,1.0087127685546875,0.014438653404063232,0.03372261829887144,0.1343012727426834,0.9902613182841566
1785983420.054436,0.3329256591796875,0.5051930236816407,1.0115294799804688,0.014433340995140544,0.033855025194886486,0.13128317196191114,0.9906615139221618
1785983420.064591,0.3303420715332031,0.5027099609375,1.0129236450195314,0.014449180466040377,0.03413655155233298,0.12983377600725807,0.9908426211218314
1785983420.084100,0.3251976623535156,0.4976429748535156,1.015749267578125,0.015125018873295244,0.03475105306279804,0.12699381496723539,0.991179179166706
1785983420.094002,0.3226708068847656,0.4951193542480469,1.01710400390625,0.014593169026841567,0.03534222006842154,0.1251528902739701,0.9914003839462041
1785983420.104203,0.3201632080078125,0.4925508422851563,1.0184472045898438,0.015534321345849565,0.035203114391131954,0.1238070986030219,0.9915599941266481
1785983420.114153,0.3177276306152344,0.4900116271972656,1.0198460693359375,0.015349995847860703,0.035900911384469304,0.12219675707231893,0.9917375866122939
1785983420.124331,0.315277587890625,0.4873980712890625,1.0211947631835938,0.015664653478354454,0.03620223165982513,0.12074536018186711,0.9918994785886652
1785983420.144512,0.3104206848144531,0.48230322265625,1.0239688720703124,0.015813474773965674,0.03697844083638559,0.117302248318632,0.9922815713816752
1785983420.164078,0.30555459594726564,0.47706228637695314,1.0266593017578125,0.015570904527869862,0.03763172824622234,0.11395243943659907,0.992651117696754
1785983420.174630,0.3031805725097656,0.474467529296875,1.0280322265625,0.01582786997769392,0.03690348674503533,0.11266722609118944,0.9928210856252863
1785983420.194905,0.29848065185546874,0.4692716674804687,1.03068603515625,0.015743041723972964,0.037925176141767686,0.10924329295661732,0.9931665231079708
1785983420.213884,0.2939151306152344,0.46401980590820313,1.0332908935546874,0.016134195990892466,0.03722908023306439,0.10624506485845002,0.9935117879896799
1785983420.224052,0.2916279296875,0.4613274841308594,1.034523193359375,0.015448853689041484,0.037108813658881884,0.10476450539752344,0.993684390439344
1785983420.244158,0.28712078857421874,0.45603878784179686,1.037119140625,0.014451448092278467,0.036919766503260475,0.10172231110022034,0.9940224597905263
1785983420.254878,0.28488018798828124,0.4533788146972656,1.0383779296875,0.01464539207293259,0.03671086775097005,0.10005467313756444,0.9941966072912886
1785983420.266224,0.28264288330078124,0.4507192687988281,1.0396304931640625,0.014274783845242993,0.036387086928683546,0.09889116608147486,0.9943303000343338
1785983420.283996,0.2783121337890625,0.4454078674316406,1.04204541015625,0.013367096436345868,0.03550756855197988,0.09601752104562555,0.9946563072718728
1785983420.294396,0.2761513671875,0.44271551513671875,1.0432540283203124,0.013067566698535309,0.03515702594819012,0.09452822924312258,0.9948153800867543
1785983420.314251,0.27185052490234374,0.4374185791015625,1.045735107421875,0.012029951737075498,0.03467095171721541,0.09221311744453477,0.995062784461702
1785983420.325474,0.2697152099609375,0.4347447204589844,1.04694677734375,0.011441481895872286,0.03416520120406882,0.09048903865504455,0.9952454863285184
1785983420.344289,0.26546090698242186,0.42937655639648437,1.0493489990234375,0.010549508282197095,0.033757352436055765,0.08870498344783262,0.9954298387406172
1785983420.354352,0.2633252258300781,0.42672509765625,1.0505635986328126,0.010174089609883917,0.03312530009556204,0.08757674330520902,0.9955548792282808
1785983420.365920,0.26121527099609376,0.424034912109375,1.051760986328125,0.009879617680055916,0.03260238262548912,0.08637646479822093,0.9956799563933336
1785983420.384195,0.2570586853027344,0.41863681030273436,1.0541405029296875,0.009668030085187324,0.032176086001107475,0.08362094180004358,0.9959311109421102
1785983420.394257,0.2549949951171875,0.4159078369140625,1.055304443359375,0.00968528713085178,0.031530314607811874,0.08226208919066619,0.9960647503988452
1785983420.405592,0.2529087677001953,0.4132037048339844,1.0564556884765626,0.009394385390074393,0.03161983615171431,0.08079561700385057,0.9961847226356482
1785983420.424175,0.24870823669433595,0.4077514953613281,1.0588233642578124,0.009880367984826013,0.03160165916573356,0.0778544858388354,0.9964147686246468
1785983420.434293,0.24656031799316405,0.40513702392578127,1.05996435546875,0.010427433824551123,0.030930774902314703,0.07611867213814005,0.9965643500367413
1785983420.444594,0.24450698852539063,0.4023810729980469,1.061111328125,0.010078392743939455,0.030624091556174238,0.0748939628956745,0.996670193396158
1785983420.455195,0.24247593688964844,0.39968463134765625,1.0622802734375,0.010599112729800641,0.030649816872665693,0.07354472906483596,0.9967644695961588
1785983420.465035,0.2403995361328125,0.39699609375,1.0634466552734374,0.010801222477849613,0.02982737939729453,0.0723438516367628,0.996875134829808
1785983420.484074,0.2362476043701172,0.39163641357421874,1.0657392578125,0.011252279897605136,0.029273450858150463,0.07021134344122527,0.9970390322390043
1785983420.494416,0.2341712646484375,0.38896749877929687,1.066889892578125,0.01109653960350844,0.029048489869109913,0.06864250019089661,0.997156593408053
1785983420.504449,0.23211093139648437,0.38629180908203126,1.0680592041015624,0.011062785151404944,0.028868385719923076,0.06730118844541609,0.9972536178206707
1785983420.514326,0.23003921508789063,0.3836268310546875,1.06922509765625,0.011308151583934084,0.028971369158242347,0.066264946149212,0.9973172695535698
1785983420.534414,0.225869384765625,0.37834228515625,1.0714837646484374,0.011311097801770666,0.028279200544333985,0.06379018484748976,0.9974984530386725
1785983420.545257,0.22380130004882812,0.3756835327148437,1.072642822265625,0.01069603465439103,0.02889327654838491,0.0628365200446062,0.9975481672297588
1785983420.565500,0.21963772583007812,0.37045974731445314,1.0749241943359376,0.010237446480228002,0.029088242992994187,0.060646472077563504,0.997682852155143
1785983420.584425,0.21551707458496094,0.3652304077148438,1.0771834716796875,0.009408469285982778,0.02950418849588309,0.05877924968039373,0.9977905481768999
1785983420.594319,0.21347671508789062,0.36259710693359376,1.078312255859375,0.008882992299837588,0.02936600789807351,0.05796435961219574,0.9978471096952688
1785983420.604650,0.21142861938476562,0.3599817199707031,1.0794224853515626,0.008927866160986325,0.030013551796185055,0.05686047920178439,0.9978909529331008
1785983420.614779,0.2093634490966797,0.3573592224121094,1.0805185546875,0.008365588228206294,0.0304137354513973,0.05625979153132452,0.997917756688605
1785983420.634195,0.20528353881835937,0.35225616455078124,1.0827362060546875,0.007791166146127614,0.03100726763739394,0.05438958650860683,0.9980078239788808
1785983420.654280,0.20130307006835937,0.3471014404296875,1.084843994140625,0.006963379751912711,0.032373207346950095,0.052459663287232575,0.9980738835870143
1785983420.664193,0.1993480224609375,0.3445457763671875,1.0858673095703124,0.006367931553875603,0.03283819390333286,0.051832375475004126,0.9980954421557052
1785983420.675900,0.1973527069091797,0.3420022277832031,1.0869375,0.005987641121571377,0.03423908564356137,0.050795963898669014,0.9981040042419839
1785983420.693951,0.19349226379394532,0.3370065612792969,1.0890501708984375,0.005124656908523427,0.035505933765808205,0.04942322407091874,0.9981334671110443
1785983420.704125,0.19155018615722658,0.33448904418945313,1.0900247802734375,0.005026879503508618,0.035952779638670114,0.04831058837031765,0.9981724385744716
1785983420.714165,0.18966493225097655,0.33200222778320315,1.091054443359375,0.005047794791240994,0.03662975149377213,0.047318202040340825,0.9981952564400799
1785983420.734526,0.185960693359375,0.3270572204589844,1.0931475830078126,0.004715060702740929,0.03814144768601844,0.04550840975979801,0.998224410598689
1785983420.755339,0.18235000610351562,0.32211712646484375,1.09519580078125,0.003064448323573686,0.038554227683867986,0.04402171688771241,0.9982816565586372
1785983420.774551,0.17885630798339844,0.317317138671875,1.09731591796875,0.004004995924031814,0.04013476035480975,0.042259336181688784,0.9982921948312842
1785983420.784932,0.17715707397460936,0.31491192626953124,1.0982701416015626,0.003576431100661384,0.0401142997885444,0.04122849561238164,0.9983377424738727
1785983420.803933,0.17382247924804686,0.3101873779296875,1.100287353515625,0.004216492097976457,0.04055353952680631,0.03914420716906548,0.9984013997149704
1785983420.814644,0.17219717407226562,0.30782192993164065,1.1012998046875,0.004438325216260496,0.040744119272491615,0.038293665864673795,0.9984256675031019
1785983420.825303,0.17060191345214842,0.3054891357421875,1.1022525634765625,0.00478955857549574,0.040102301078015525,0.03771703541009892,0.9984719776415278
1785983420.845125,0.16750442504882812,0.30084320068359377,1.104283447265625,0.004609544758715592,0.04046545932009436,0.0361187680019625,0.9985172633874033
1785983420.865396,0.1645719757080078,0.2963305969238281,1.1061988525390625,0.004774876026018726,0.0403317057115152,0.03424351531500455,0.9985879674250746
1785983420.885596,0.1617904052734375,0.2918751831054687,1.108095947265625,0.005034944846692202,0.03967857562922566,0.03241467394720085,0.9986738934004491
1785983420.904286,0.15913906860351562,0.28753134155273435,1.1100360107421876,0.005100613163649754,0.040123855937309945,0.030602725477342014,0.9987129332977214
1785983420.924120,0.15660693359375,0.2832677917480469,1.11184619140625,0.004944550618796715,0.0392153348299026,0.02899263863836745,0.9987978489434228
1785983420.934897,0.15542250061035157,0.28115530395507815,1.1128021240234376,0.004947946970929646,0.0385938071911617,0.027835903810533087,0.9988549426927746
1785983420.954126,0.1531282196044922,0.2770603942871094,1.1146697998046875,0.005188903875988486,0.037625982239638436,0.025894071020648828,0.9989428669498267
1785983420.964060,0.15201307678222656,0.27502944946289065,1.11559521484375,0.005241083733476644,0.03716680258590674,0.024763428217878282,0.9989884520489494
1785983420.974919,0.1509310302734375,0.2730258483886719,1.116541748046875,0.004791916328828937,0.03695844076533786,0.024197793125825456,0.9990123028474944
1785983420.985180,0.14988398742675782,0.27102667236328126,1.1174217529296875,0.004632816820393383,0.035182389201350306,0.0235702922797464,0.9990921742647373
1785983421.005333,0.14789694213867188,0.26709487915039065,1.1191812744140626,0.004296237408736271,0.03447191267499886,0.021758702253221934,0.9991595491554022
1785983421.024127,0.14599473571777344,0.2632747802734375,1.1209722900390624,0.0038575958194466712,0.032852144025263964,0.020284761446294833,0.9992469097640351
1785983421.034430,0.14510153198242187,0.2614137268066406,1.1218896484375,0.0037872674183345935,0.03246547141788529,0.01976095753604568,0.9992703144885077
1785983421.058373,0.14336854553222655,0.25763223266601565,1.12354248046875,0.0035924553251676363,0.030649917913451685,0.01811121236538752,0.999359626174633
1785983421.074045,0.14168989562988282,0.25396688842773435,1.125253662109375,0.002880262865939209,0.02901692781271042,0.01696210352797195,0.9994308446414825
1785983421.086182,0.14088360595703125,0.2522119598388672,1.1261253662109374,0.002911593577507081,0.02896479165581515,0.016641623689824844,0.9994376583269805
1785983421.105241,0.13930104064941407,0.24868197631835937,1.12774755859375,0.0024866716649018144,0.02803953791210317,0.015858637295101247,0.9994779132890156
1785983421.124971,0.13778257751464842,0.24525848388671875,1.1294263916015626,0.0026968564893114343,0.026501257534761947,0.01451749207292843,0.9995397164095198
1785983421.147684,0.13625985717773437,0.24190415954589845,1.13103955078125,0.0025556301799586375,0.025036381546686897,0.014388040441829808,0.9995797287426911
1785983421.165637,0.13477888488769532,0.23866960144042967,1.1326500244140625,0.0019443184531588748,0.023481706276099787,0.014181930950790962,0.9996217817078454
1785983421.175799,0.1339768524169922,0.2371288299560547,1.1334281005859375,0.0021120233832523003,0.023643282093323833,0.014147894262922357,0.9996181146285116
1785983421.195821,0.1324768524169922,0.2340976867675781,1.135013916015625,0.0018613067301030196,0.022848209193822182,0.013624928252546185,0.9996443652535559
1785983421.214003,0.13097145080566405,0.23110768127441406,1.1365938720703126,0.0016927508119512135,0.022853108603171975,0.013269040248914376,0.9996493439996158
1785983421.224413,0.13026017761230468,0.22963473510742188,1.137338134765625,0.0017302532444998893,0.022409395861412718,0.012936746961641859,0.9996636763891334
1785983421.244323,0.12882479858398438,0.22677685546875,1.1387388916015626,0.001464555890441518,0.022309976397900194,0.012582366202726361,0.999670853686386
1785983421.264883,0.1272972412109375,0.22411672973632812,1.1399912109375,0.0012492297842552572,0.02317256228336434,0.012283711535362517,0.9996552320056178
1785983421.275225,0.12655521392822267,0.22275347900390624,1.140560546875,0.0016302245260461264,0.02368589634732028,0.012612577032418882,0.9996385517162959
1785983421.294672,0.12506431579589844,0.22022042846679687,1.141533935546875,0.001235097731464895,0.02408424895195594,0.012761658360251515,0.9996277145963279
1785983421.313997,0.12355384826660157,0.21772813415527345,1.142234619140625,0.0014259746274009459,0.025623472237583177,0.012959937739333703,0.9995866383109262
1785983421.324147,0.12279414367675781,0.21653146362304687,1.142470947265625,0.0015952958766511888,0.02549099242705706,0.012753321581277836,0.9995924223356362
1785983421.334206,0.12205107879638671,0.21533091735839843,1.1426746826171874,0.0012446455125602913,0.025418774693866192,0.012902551049875482,0.9995928471918019
1785983421.357420,0.1205233154296875,0.21300888061523438,1.1427730712890625,0.00175876541169996,0.025947686394801446,0.013008815179453468,0.9995771124859416
1785983421.376120,0.11896328735351562,0.2107921142578125,1.1424366455078125,0.002015446323323392,0.026166406814509137,0.013610109199713675,0.9995629130243171
1785983421.399503,0.11744326782226562,0.2086298828125,1.14171044921875,0.0023802748288355717,0.026379609542956012,0.013896033926046157,0.9995525819506664
1785983421.414649,0.1159033432006836,0.20653170776367188,1.1405218505859376,0.0029436304682474777,0.027072917656412718,0.01443788537753239,0.9995248604540878
1785983421.425692,0.11512825775146485,0.20550076293945313,1.13980029296875,0.0028631356808769283,0.02762770136533739,0.014560825415055892,0.9995081258093321
1785983421.435599,0.11437296295166016,0.20451271057128906,1.13892529296875,0.0036992731208282136,0.027937147777086526,0.01500868742281121,0.9994901534578744
1785983421.445559,0.1136285171508789,0.20349703979492187,1.13789453125,0.004090537326567838,0.02768911063602938,0.015235272704137175,0.9994921065038374
1785983421.456542,0.11285692596435547,0.2025369873046875,1.1367705078125,0.00448974312730481,0.028233308886399917,0.01492753131507294,0.9994798141776898
1785983421.475886,0.1113487319946289,0.20058251953125,1.1341575927734375,0.0051810887483242345,0.02902125018374454,0.015677912544390604,0.9994424144606631
1785983421.498458,0.10986301422119141,0.19868405151367188,1.130966064453125,0.0057747158442229135,0.029653196817841856,0.015923267842748303,0.999416717651013
1785983421.514131,0.10838084411621093,0.19677035522460937,1.127213134765625,0.006480581242875628,0.03012457568993946,0.016203934840100263,0.9993937785714554
1785983421.524363,0.10764694213867188,0.19584245300292968,1.1250853271484376,0.006853681105746411,0.02982917525499876,0.01605472146077189,0.9994025680957492
1785983421.544110,0.10623788452148437,0.19396791076660155,1.1203568115234375,0.00822975113114824,0.030482844487342703,0.016486735583440455,0.9993654264238437
1785983421.554129,0.10553238677978516,0.19305213928222656,1.1177779541015624,0.008434983577954693,0.03127212145844715,0.016446273815268152,0.9993399960326209
1785983421.565398,0.10481853485107422,0.19211801147460938,1.11499560546875,0.00886787647569186,0.03139161814262784,0.016653178114425415,0.9993290811191732
1785983421.584146,0.10347714996337891,0.1902797546386719,1.10892041015625,0.01006829043214373,0.031858146979461856,0.016765119375439872,0.9993010626466503
1785983421.594486,0.10279893493652344,0.1893225402832031,1.105564697265625,0.010750778692047942,0.032045557111891235,0.01719720441268834,0.9992806186566069
1785983421.605551,0.10211476135253907,0.18838671875,1.1020836181640625,0.011694618699543814,0.032625201983248045,0.017221631642446975,0.9992508391714879
1785983421.624143,0.10077583312988281,0.18648487854003906,1.0945455322265625,0.01239421766854618,0.0323898622905842,0.017000404400033645,0.9992538514581993
1785983421.634312,0.10009777069091796,0.18553125,1.0904547119140624,0.013473200305105475,0.033161124988242134,0.017413142051812637,0.9992074806228086
1785983421.645111,0.09948777770996094,0.1845776824951172,1.086263916015625,0.013813485797311538,0.032704460098308234,0.017155959684293186,0.9992223338405115
1785983421.666198,0.09816008758544922,0.1825608367919922,1.0772996826171874,0.013509669070189885,0.03257249646502209,0.017993966441749477,0.999216063005952
1785983421.685622,0.09693132781982422,0.18070762634277343,1.06774951171875,0.013978922327839817,0.03273358856702744,0.017665275092087516,0.9992102096944254
1785983421.706110,0.09571065521240234,0.1787959442138672,1.0574945068359376,0.013674138376517021,0.032516089749900244,0.01842672520036848,0.9992077788823646
1785983421.724396,0.09453104400634765,0.1768443145751953,1.0467232666015625,0.013488116152592879,0.032129839288157463,0.01816606129687843,0.9992275682049794
1785983421.736036,0.09393065643310547,0.17591062927246093,1.0411484375,0.013263991758843274,0.031723007765050326,0.017821365838546547,0.999249780395289
1785983421.746089,0.09336475372314453,0.17487034606933594,1.0354761962890624,0.012930687201367759,0.031146105589756102,0.01780724920731019,0.999272543836344
1785983421.764459,0.09217176818847657,0.17291517639160156,1.0236464233398437,0.011987469189459282,0.03018286635612126,0.018250663423287152,0.999305864164988
1785983421.784254,0.09100601959228516,0.17098292541503907,1.0114552612304688,0.011054501835336933,0.030407853661763972,0.018688208496449716,0.9993017113003202
1785983421.804388,0.08987911224365235,0.1690084991455078,0.9988404541015625,0.010350899252573749,0.029626938167224472,0.018552900300689634,0.999335224500425
1785983421.815057,0.08930314636230469,0.16799232482910156,0.9923682250976562,0.009661373205801932,0.029221148718091318,0.019005928515150285,0.9993455652765417
1785983421.834213,0.08827313995361329,0.1660165557861328,0.9791968994140625,0.008213640744773536,0.028409341187659896,0.018666460037735075,0.9993883214233281
1785983421.844596,0.08773798370361328,0.16504054260253906,0.9724901123046875,0.0071564609527991225,0.02837642252096791,0.01880232480967149,0.9993948371951001
1785983421.864547,0.08669953155517578,0.16315904235839843,0.9588189697265626,0.005839699028548314,0.028056287404647887,0.01873098159037057,0.9994137729497493
1785983421.885335,0.08564665222167969,0.16130799865722656,0.9449014892578125,0.003807847550844954,0.027625331519166022,0.01883463743118916,0.9994336327416011
1785983421.904124,0.08459938049316407,0.15952935791015624,0.9308256225585938,0.001959668491116941,0.027274711551786318,0.019029776851634136,0.9994449043398034
1785983421.914722,0.08406946563720703,0.15866964721679688,0.9236796875,0.0012888252660802789,0.026678620127543975,0.018762322989146603,0.9994671415182391
1785983421.924668,0.08356889343261718,0.15779966735839843,0.9165144653320313,0.0002766496542921878,0.02664065231455997,0.018741560891403445,0.9994693406089014
1785983421.944529,0.08257140350341798,0.15614193725585937,0.9020677490234374,-0.0010910812566308457,0.026131821136282988,0.018743178999643943,0.9994821846926183
1785983421.964314,0.08151200866699218,0.15460011291503906,0.887616943359375,-0.002754899541631313,0.02608746418309823,0.018874699282590113,0.9994776598369193
1785983421.984063,0.08046485137939453,0.1530714111328125,0.8730297241210937,-0.004140581641481711,0.025523375730681204,0.018488510405690002,0.999494663348318
1785983421.994390,0.07996346282958984,0.15238853454589843,0.8657449951171875,-0.004879931494110607,0.026070762740330128,0.01865509333380365,0.9994741115008213
1785983422.014335,0.0789552993774414,0.15107562255859375,0.8511985473632813,-0.005876180489075701,0.026373210540710526,0.018505572027706016,0.9994635856902193
1785983422.035681,0.07794483947753907,0.14990272521972656,0.8366223754882812,-0.007049213111242041,0.02684201921577772,0.018152430651540537,0.9994500033543725
1785983422.054639,0.07694020080566406,0.1487933349609375,0.8221357421875,-0.006998197835954868,0.027529208174257382,0.018453207794005177,0.9994261630013281
1785983422.064691,0.07642407989501954,0.1483037567138672,0.8149861450195313,-0.006841700494256509,0.027207303878502346,0.018197909850810667,0.9994407371433742
1785983422.084337,0.07539405822753906,0.14739425659179686,0.8007067260742188,-0.006575297691772889,0.02742768895374161,0.018135640688799762,0.9994376359626621
1785983422.094953,0.07487991333007812,0.14696405029296875,0.7936026000976563,-0.006228071314670566,0.02780242084926715,0.018012456201892738,0.999431739219908
1785983422.114298,0.07385063171386719,0.14625474548339842,0.7795394287109375,-0.004781665191730588,0.027644145065277577,0.017909244976501097,0.9994459479998735
1785983422.124498,0.07335807037353516,0.14592601013183593,0.7725873413085937,-0.003979058963464891,0.02768820392984818,0.01782631752059628,0.9994497275311506
1785983422.135759,0.07280850982666015,0.14564694213867188,0.7655977783203125,-0.0030527555052186134,0.027651197741682423,0.017172188531589933,0.9994654642424475
1785983422.154339,0.0718217544555664,0.14513973999023438,0.7517933349609375,-0.0015062966407938087,0.027482327422022786,0.016978277065791435,0.9994769591160829
1785983422.164294,0.07133808135986328,0.14489837646484374,0.7449130859375,-0.000687906535938743,0.02761463793566677,0.016723509190726234,0.999478509646636
1785983422.174713,0.07083397674560547,0.14473326110839843,0.7381034545898437,0.0003652606260328215,0.027450610957391423,0.01652822657795685,0.999486441169149
1785983422.195117,0.06986761474609375,0.14447744750976563,0.72455419921875,0.0012577756852715017,0.027237383565861147,0.01637671494117981,0.9994940520916319
1785983422.214267,0.06890364074707031,0.14427645874023437,0.7110536499023438,0.0022717208763462548,0.027047034181384665,0.016381388862986165,0.9994973469098342
1785983422.234056,0.06793539428710937,0.14417385864257812,0.6976796875,0.003074086208691984,0.027675989922171577,0.01616261577163624,0.9994815436105193
1785983422.244858,0.06743697357177734,0.14418339538574218,0.6909832153320312,0.003626031621812022,0.026989251942884523,0.016151268411856233,0.9994986588706197
1785983422.264757,0.06643521118164063,0.14425344848632812,0.6777210083007813,0.004313377360742918,0.02700823375017107,0.015750434416298597,0.9995018194963498
1785983422.284544,0.06547379302978516,0.14439393615722657,0.6644456176757813,0.004661357723163132,0.026983404919194917,0.015559604139714136,0.9995039066965411
1785983422.304096,0.06449282836914062,0.14461224365234376,0.6512328491210938,0.005047476679377265,0.02703301697798128,0.015706908634482424,0.9994983905151446
1785983422.314315,0.06400395202636719,0.14473995971679687,0.64460888671875,0.0054204916607931055,0.027160523928631324,0.015582084531214868,0.9994949317047939
1785983422.324227,0.06352596664428711,0.14494180297851564,0.6380487060546876,0.005209463075389297,0.027268073248709515,0.01573502711536062,0.9994907348994378
1785983422.334836,0.06303840637207031,0.145095947265625,0.6314814453125,0.0048573384897614225,0.027412942887265437,0.01568249900692433,0.9994893632931562
1785983422.354929,0.06204926681518555,0.1455145263671875,0.6183568725585937,0.005514947178346577,0.02736582729763725,0.015718905109338002,0.9994866797102046
1785983422.364783,0.06157999801635742,0.145742431640625,0.6117963256835938,0.005107579371756684,0.02752072432195825,0.015954214402510682,0.999480857801307
1785983422.383938,0.06063507461547851,0.14623565673828126,0.598676025390625,0.005192953651155411,0.02821900698126219,0.01580799406281501,0.9994632651432563
1785983422.394116,0.06017382049560547,0.14651979064941406,0.5921383666992187,0.005579676227926358,0.028586146339844073,0.015927442959475506,0.9994488553328936
1785983422.405475,0.05972129440307617,0.1467980651855469,0.5856318359375,0.0055317440486212476,0.028725720887095522,0.01596812718998441,0.9994444645113045
1785983422.424238,0.05881486511230469,0.14742402648925781,0.5724803466796875,0.005747997622066613,0.029559310960892766,0.016058948257137176,0.9994174855083974
1785983422.443840,0.0579555549621582,0.14811312866210938,0.5593861694335938,0.00567441656930636,0.030044084356269565,0.015953553793226466,0.9994051400793327
1785983422.455633,0.05748479461669922,0.14849797058105468,0.5528433837890625,0.005908054336188109,0.030797303244499027,0.016043339262675583,0.999379419945634
1785983422.474752,0.05664879608154297,0.14924728393554687,0.539704833984375,0.006189084531995058,0.03137176255013947,0.016336769314670745,0.9993551007640165
1785983422.485051,0.05622596740722656,0.1496873321533203,0.53317041015625,0.006423516283790843,0.03183550465067713,0.016469087484170405,0.9993367827064129
1785983422.495282,0.055800342559814455,0.15010247802734375,0.5265848999023437,0.006634325967264085,0.03196978927234186,0.016459832854169527,0.9993312656025132
1785983422.514908,0.054984066009521486,0.15102392578125,0.5134671630859375,0.006714896759780259,0.032471740890454556,0.016717460758734863,0.9993102705070127
1785983422.535150,0.05423524856567383,0.15203318786621095,0.5003190307617188,0.006325429225845355,0.033068551996034805,0.01699206451823672,0.9992886113968931
1785983422.546763,0.053837757110595706,0.1525437469482422,0.4937614440917969,0.006763414145657776,0.033146947903708424,0.01697960744373702,0.9992833549844053
1785983422.564287,0.05309476089477539,0.15363722229003907,0.4806309814453125,0.006727727379978631,0.03351005009562451,0.01695611828157956,0.9992718877077315
1785983422.575305,0.052757713317871095,0.15420802307128906,0.4740234680175781,0.006832124872362813,0.033200372813699516,0.017123727064559936,0.9992786577413415
1785983422.585609,0.05241813659667969,0.1548040008544922,0.4674918212890625,0.006851711377325695,0.03377193191733983,0.01738392868223098,0.9992548804055399
1785983422.596076,0.052057731628417966,0.15536917114257812,0.46088818359375,0.006813729480778116,0.0335791185263507,0.017441508882434717,0.9992606365261926
1785983422.607140,0.051683109283447264,0.15598262023925782,0.45429660034179686,0.006844557743521317,0.0332391838396347,0.01763584304971686,0.9992683759211289
1785983422.617469,0.05136225509643555,0.1565750732421875,0.44773065185546873,0.006731328276420175,0.03367417593490151,0.01778070386595894,0.9992520172450949
1785983422.627658,0.05101631927490234,0.15723390197753906,0.44108148193359376,0.0068100509516560975,0.033169963095418364,0.01779009523445056,0.9992681746081472
1785983422.645399,0.05042794036865234,0.158509033203125,0.4278443603515625,0.007685274258471597,0.03300068147169819,0.0180420252517423,0.999262918088156
1785983422.664705,0.0497722282409668,0.15987586975097656,0.4146212158203125,0.008307063887868272,0.03207486473031997,0.017325606233479406,0.9993007644149366
1785983422.686431,0.049285213470458986,0.16115792846679688,0.4013772888183594,0.009049897479269011,0.032540609176534896,0.018503588162894435,0.9992581312756831
1785983422.704039,0.04867485427856445,0.1625514678955078,0.38800616455078124,0.010109673365715822,0.031166002772394074,0.018403390365214656,0.9992936441063441
1785983422.714257,0.04839241409301758,0.16322789001464844,0.3813570861816406,0.010123457144926743,0.03098237619187037,0.01845264231546905,0.9992983114557155
1785983422.725073,0.048152793884277345,0.1639576721191406,0.3747362060546875,0.010816875220172955,0.03131467006227715,0.018349078901102656,0.9992825944798835
1785983422.735382,0.047865749359130856,0.16469351196289062,0.36806634521484377,0.01137687555403943,0.030287543961777463,0.018536053471591325,0.9993045817741496
1785983422.745396,0.04775647354125977,0.16531788635253905,0.36151278686523436,0.011493562445455102,0.03183715014870809,0.019651176215258383,0.9992337644044005
1785983422.763927,0.04723220825195312,0.16682302856445314,0.34822210693359373,0.01239099424179541,0.03105794295667557,0.01915716758758642,0.9992571619806461
1785983422.775044,0.04698947906494141,0.16752247619628907,0.34157131958007814,0.0125177761044031,0.03106937697026764,0.01987438041223755,0.9992412132142177
1785983422.794466,0.04653707504272461,0.1689829559326172,0.3282965087890625,0.013270798090150495,0.030600665033240243,0.019961715885587886,0.9992442180737313
1785983422.804636,0.04632634735107422,0.169717529296875,0.32161163330078124,0.013271082091433224,0.030350427994760003,0.02004548547661266,0.9992501681162808
1785983422.815373,0.04612116241455078,0.17040301513671874,0.3149720764160156,0.01406398578271209,0.030387483620557147,0.020094187584936026,0.9992372241187689
1785983422.834150,0.04566232299804687,0.17184532165527344,0.3016459350585938,0.014308709229670865,0.030892409975230982,0.02053637526284039,0.9992092776352851
1785983422.844122,0.04545167922973633,0.17257014465332032,0.2950108642578125,0.015065314921093816,0.030878994640242532,0.020632961951889628,0.9991965866315179
1785983422.854142,0.04523540496826172,0.17327546691894533,0.288356201171875,0.014596218660189578,0.031094110703302598,0.020545376231960694,0.9991986670127465
1785983422.864234,0.045028812408447264,0.17396955871582032,0.28168832397460936,0.015246139670304663,0.031222677312021798,0.02046129169367162,0.9991866842557555
1785983422.874146,0.04479264450073242,0.1746883544921875,0.27503500366210937,0.015324530175692118,0.0314257245863918,0.020884868478526816,0.9991703540693131
1785983422.884648,0.0445843276977539,0.17540739440917968,0.26844970703125,0.01518707954713714,0.031098589925185344,0.020942785797100932,0.9991814869605316
1785983422.904188,0.04413792419433594,0.17680766296386718,0.2552191619873047,0.015604839093669361,0.030917223891425018,0.020961660704226018,0.9991802789769949
1785983422.914206,0.043874275207519534,0.17751820373535157,0.24863967895507813,0.015735616782931738,0.030667222449039855,0.02104838441764473,0.999184104253184
1785983422.924477,0.043633861541748045,0.17822879028320313,0.2420784912109375,0.015498374118069244,0.030602007813134803,0.020698912746578372,0.9991971160479404
1785983422.934663,0.04341477966308594,0.17887449645996092,0.23557861328125,0.015374392498751164,0.03053363800617293,0.02044079754268966,0.999206436713662
1785983422.954273,0.04291240692138672,0.1802196502685547,0.22259454345703125,0.016120012605382397,0.02958697563889549,0.020274177342767416,0.9992265615985574
1785983422.964333,0.042653656005859374,0.1809011993408203,0.21617498779296876,0.016456986686964117,0.029258534709120043,0.020211526196144417,0.9992320047174966
1785983422.974406,0.042358509063720705,0.18151016235351564,0.20984184265136718,0.016203763849052345,0.028923839730969143,0.019900575807236313,0.9992521290874538
1785983422.984320,0.042073070526123045,0.1821147003173828,0.20351971435546876,0.01611239215779533,0.028271473012305978,0.01971805723390818,0.9992758990327423
1785983422.994612,0.041738044738769534,0.1827768096923828,0.1972667236328125,0.01607512784671401,0.026819057157833222,0.019274350874228248,0.9993251892974317
1785983423.014224,0.04109296417236328,0.1840010528564453,0.18508901977539063,0.01601816211622725,0.02530456355054403,0.01871702711250959,0.9993761918357246
1785983423.035707,0.04028083801269531,0.18513934326171874,0.17317446899414063,0.015753901087241135,0.022653157300838417,0.018786019068073735,0.9994427051953736
1785983423.054380,0.03940624237060547,0.18628468322753905,0.16181275939941406,0.014879467984181742,0.019872672198421634,0.018479411197225497,0.9995209843029526
1785983423.064580,0.03888015365600586,0.18683161926269531,0.1563026885986328,0.014438155988034539,0.01784440768281683,0.01864242606201244,0.999562696862975
1785983423.084245,0.037807239532470706,0.18783512878417968,0.14572761535644532,0.014479673296329647,0.014738121523882325,0.018584108269474525,0.9996138065384501
1785983423.096053,0.037225284576416016,0.18828900146484376,0.14068461608886718,0.014199775569306178,0.013350009135494577,0.01880916092648456,0.9996331108110525
1785983423.113997,0.03591659164428711,0.18921646118164062,0.13130012512207032,0.013818736040183256,0.00987240000821211,0.01809564066019227,0.999692012625237
1785983423.124258,0.035214046478271484,0.18963795471191405,0.12694073486328125,0.013873096271655536,0.008565322494530285,0.01778598116086923,0.9997088708885791
1785983423.134926,0.03444234466552734,0.19004640197753905,0.12277788543701172,0.013331201995490751,0.006350546738255463,0.018039272164601355,0.9997282329463839
1785983423.154367,0.03259354019165039,0.19078546142578126,0.11539139556884766,0.012375534419054453,0.0022942191512290394,0.018274850759825222,0.9997537727008138
1785983423.164633,0.03156652069091797,0.19116819763183593,0.11216938018798828,0.011771890547013913,-8.696797727106093e-05,0.018119822873322523,0.9997665162502453
1785983423.174586,0.03046533203125,0.19156594848632813,0.10922636413574219,0.010219039373096843,-0.00259043029118926,0.018205988698626014,0.9997786783634768
1785983423.184610,0.029278631210327147,0.19199612426757812,0.10657040405273438,0.00890884851402913,-0.004898880313454247,0.01823956917574341,0.9997819573392719
1785983423.197674,0.028043609619140625,0.1923431854248047,0.10426213073730468,0.007461426655986828,-0.007279984545171794,0.018305827687308523,0.9997780896371384
1785983423.215415,0.025405916213989257,0.19307247924804688,0.1005484848022461,0.004609777707278346,-0.01182508836438348,0.018355183352665918,0.9997509705886269
1785983423.226178,0.02403738784790039,0.19342579650878905,0.09915616607666015,0.003384350124906577,-0.01390814600978416,0.01877515410115059,0.9997212647355176
1785983423.238465,0.022698068618774415,0.1937674102783203,0.09805888366699218,0.002054157658980167,-0.01529320134662531,0.018752717819266244,0.9997050774314742
1785983423.248845,0.02134756851196289,0.19405244445800782,0.09724906158447266,0.0015684799109117842,-0.01599377379493823,0.019087592266145557,0.9996886513725154
1785983423.265467,0.01863796615600586,0.1945347137451172,0.09627226257324219,0.0010189838775783672,-0.014663419644860783,0.019281633364094768,0.9997060313866786
1785983423.277331,0.01728046226501465,0.19474505615234375,0.09608344268798828,0.000939154352824823,-0.014115786950486176,0.019278523409934634,0.9997140654420491
1785983423.287338,0.01593120765686035,0.1948980712890625,0.09604983520507812,0.0014714839796156655,-0.01238525433039261,0.01949747873664276,0.999732108293977
1785983423.307946,0.01308856201171875,0.19515016174316407,0.0963515396118164,0.0021416273418136847,-0.008274698961777014,0.019501986426933956,0.9997732829344441
1785983423.324620,0.010181139945983887,0.19527618408203126,0.09702156066894531,0.004266636220143467,-0.0037140083261782684,0.019968464192710953,0.9997846103209084
1785983423.334524,0.00870581340789795,0.19528938293457032,0.09742453765869141,0.005883132615897515,-0.0012179384242457928,0.02035506231163783,0.9997747659351048
1785983423.354548,0.005714874267578125,0.19528019714355468,0.09829358673095703,0.007961244697712167,0.002619741639853939,0.020736318834436756,0.9997498452700863
1785983423.374243,0.0026842422485351563,0.1952269744873047,0.09909128570556641,0.011890222176294728,0.006540799907042324,0.020475226293837974,0.9996982581158064
1785983423.384207,0.001103598952293396,0.1951344451904297,0.09945437622070312,0.013174562407285548,0.00807119622469726,0.020623723814323654,0.9996679171867813
1785983423.406006,-0.002008129119873047,0.194947265625,0.10001820373535156,0.014766434368764098,0.010918247976744,0.020878749304626836,0.9996133369704182
1785983423.424465,-0.005140451908111572,0.19464749145507812,0.10023721313476562,0.016330493257289976,0.012429640538201718,0.021250961995106038,0.9995635167850591
1785983423.435177,-0.006740653038024903,0.19449284362792968,0.100206298828125,0.016971248894568487,0.013453607135692687,0.021437549844913358,0.9995355943326295
1785983423.445623,-0.008297293663024903,0.19430131530761718,0.10009422302246093,0.017080014727259396,0.013872621550505499,0.02146113461939742,0.9995275141181201
1785983423.464664,-0.011389695167541503,0.19383924865722657,0.09947038269042968,0.018129355965248586,0.015045735110758508,0.02160658027827261,0.9994889234842217
1785983423.484459,-0.01446558666229248,0.19329391479492186,0.09843647766113281,0.018122500291337235,0.01579341747050034,0.022054697274559925,0.9994677229731899
1785983423.494949,-0.016025407791137695,0.19298072814941405,0.09779698181152344,0.017871473658796093,0.015614419800779692,0.022062559465626172,0.9994748793141122
1785983423.516512,-0.018986072540283203,0.1922886962890625,0.09615342712402344,0.017775804077684327,0.015677003907055027,0.02278994807040735,0.9994592918432961
1785983423.526838,-0.02044817924499512,0.19190847778320314,0.09519400024414063,0.017596875063622376,0.015745730498508848,0.023221701200904676,0.9994514421067017
1785983423.544881,-0.023253671646118163,0.19101029968261718,0.09310520935058594,0.016021591760847012,0.014933083025302031,0.023830327269853194,0.9994760720326176
1785983423.554958,-0.024725610733032227,0.19112483215332032,0.09299950408935546,0.013075463547758567,0.010006823517620968,0.024982020489108754,0.999552298701833
1785983423.574350,-0.027351980209350587,0.19162698364257813,0.09344231414794922,0.007535587030607734,-0.002537762933001384,0.029065872493442328,0.9995458734041021
1785983423.584435,-0.028421586990356445,0.19192881774902343,0.09355271911621094,0.0035211636454020507,-0.005423365735182077,0.03002300697977,0.999528296798582
1785983423.604306,-0.030302206039428712,0.19176962280273438,0.0932160873413086,0.002866374061429867,-0.007439280342191462,0.03231944568035373,0.9994457914509324
1785983423.614130,-0.03097183036804199,0.1917890625,0.09289195251464843,0.0018126102291864806,-0.006407028371173005,0.032723052521841586,0.9994422802753836
1785983423.625748,-0.0314124584197998,0.19170857238769531,0.09296198272705078,0.0019168176927837571,-0.005597031762411935,0.03364228104610743,0.9994164343636737
1785983423.645310,-0.031918415069580076,0.1914606170654297,0.0932030029296875,0.003522403939868405,-0.0035464688365955976,0.03563701922296755,0.9993523049893915
1785983423.658069,-0.0320428352355957,0.19128208923339843,0.09298373413085938,0.0042612502803217565,-0.001084113789698412,0.036426731060282574,0.9993266505962611
1785983423.674249,-0.032048927307128904,0.1912366943359375,0.09277633666992187,0.004517294509607014,0.0013959346926409946,0.03947985708556301,0.9992091807010847
1785983423.684234,-0.031955396652221676,0.1914624481201172,0.09270209503173828,0.0034433722921747224,0.002595815915565305,0.04138733104971106,0.9991338674418333
1785983423.694442,-0.03179709815979004,0.1918655242919922,0.09253844451904297,0.0010764824701889153,0.004341020988080604,0.04257380839601225,0.9990833148929782
1785983423.704574,-0.03154003524780274,0.19238497924804687,0.0924113540649414,-0.0015038966328151816,0.005969219151808133,0.04362618224656342,0.9990289637616925
1785983423.724021,-0.03087384033203125,0.19320895385742187,0.09239761352539062,-0.0058192343262063635,0.00934086536261034,0.04415122621317709,0.9989642426823498
1785983423.734540,-0.030702531814575194,0.19336701965332032,0.0924400863647461,-0.006761264226119294,0.010358728120385574,0.04424724843391204,0.9989440304697184
1785983423.744654,-0.030660486221313475,0.1933052520751953,0.09243316650390625,-0.00635104708041828,0.010417349103716927,0.04429688975368882,0.9989439111344072
1785983423.764037,-0.030989965438842772,0.1926488037109375,0.09236367034912109,-0.0031446363033703958,0.008696669158524965,0.04426106124375014,0.9989771976751595
1785983423.775893,-0.031240545272827148,0.19243002319335936,0.09237592315673829,-0.0019961291844248223,0.0076101235737384134,0.044565010303329836,0.9989755046603113
1785983423.794551,-0.03145630073547363,0.19246876525878906,0.09238417816162109,-0.00213632799707088,0.006492610394157607,0.044994965845533925,0.9989638250171494
1785983423.815023,-0.031216232299804688,0.1929028778076172,0.09233619689941407,-0.004426457703754967,0.007876648806719488,0.0446075613811893,0.9989637280591315
1785983423.835499,-0.030919858932495117,0.19303297424316407,0.09235142517089844,-0.005153174627369252,0.0093020959818074,0.04439619055845274,0.9989574033927102
1785983423.854647,-0.03095366096496582,0.19276943969726562,0.09235350036621094,-0.003756684578997545,0.009107487133993971,0.044606619381808266,0.9989560534292437
1785983423.874244,-0.031182504653930663,0.19262368774414063,0.09234900665283204,-0.0028597935939041804,0.007972288036539732,0.04482504950838666,0.9989589472713447
1785983423.889121,-0.03125263786315918,0.19267253112792967,0.09234270477294922,-0.003203815845500222,0.0074665431261061585,0.04474318868312332,0.9989654807603109
1785983423.905348,-0.031186721801757813,0.19287187194824218,0.09235601043701172,-0.004371891445666765,0.007871290904053647,0.044639627499817924,0.9989625794788184
1785983423.926508,-0.031028974533081056,0.1928734130859375,0.09233995819091798,-0.004408016190376669,0.008562563218850652,0.04451651001971491,0.9989622289378105
1785983423.944970,-0.031047277450561524,0.19272019958496095,0.0923521728515625,-0.003560189027260743,0.008791338916630328,0.04469249531149029,0.9989557550945298
1785983423.964359,-0.031143354415893554,0.192737060546875,0.09235531616210937,-0.003589666240956771,0.008113324349240388,0.04468805178517063,0.9989615949803561
1785983423.974460,-0.03114015197753906,0.19276577758789062,0.09233191680908204,-0.0038616455160709407,0.008015500008364653,0.04460761610622828,0.9989649661377303
1785983423.994637,-0.03113547706604004,0.19285801696777344,0.0923379898071289,-0.004334585979840162,0.00817245760872582,0.044617333081936696,0.9989613190222797
1785983424.006367,-0.031109937667846678,0.19282244873046875,0.09235173034667969,-0.004071763378542989,0.008372279674427932,0.044555075918424385,0.9989635490596891
1785983424.024377,-0.031047214508056642,0.19273075866699219,0.09234126281738281,-0.0037427935248434676,0.00846754094656093,0.04463857310934018,0.9989603046892356
1785983424.034619,-0.031042373657226563,0.19273234558105468,0.09231690979003906,-0.0036378254679772966,0.008382311984724838,0.04463162948277604,0.9989617217718791
1785983424.046250,-0.03108911323547363,0.192757568359375,0.09231201171875,-0.00371441335343181,0.008559123702095653,0.04465266990212599,0.9989589994797592
1785983424.064079,-0.031136869430541992,0.19282664489746093,0.09236611938476562,-0.0040614987528772165,0.008244215492817187,0.04456623270400464,0.9989641531826787
1785983424.074173,-0.03111171531677246,0.19282798767089843,0.092343994140625,-0.004086608373551473,0.008348650119613183,0.04457750996797929,0.9989626838952651
1785983424.085449,-0.031081693649291992,0.19280987548828124,0.09231219482421875,-0.0038738070053000164,0.008216246954883075,0.04459100739870366,0.9989640263914643
